condition,realization,channel,frequency_ghz,gain_error_db,phase_error_deg
cal_0p5db_5deg,draw0,theta,0.10000000149011612,-0.49648187273899075,-5.0
cal_0p5db_5deg,draw0,theta,0.10999999940395355,-0.5,-4.183547617392697
cal_0p5db_5deg,draw0,theta,0.11999999731779099,-0.4998164344885902,-3.3450512125676917
cal_0p5db_5deg,draw0,theta,0.12999999523162842,-0.4951437681394575,-2.5004502498139507
cal_0p5db_5deg,draw0,theta,0.14000000059604645,-0.48528197922235417,-1.6656802773268593
cal_0p5db_5deg,draw0,theta,0.15000000596046448,-0.4696511871103939,-0.8561539838175108
cal_0p5db_5deg,draw0,theta,0.1599999964237213,-0.4478209074711484,-0.08627404469157275
cal_0p5db_5deg,draw0,theta,0.17000000178813934,-0.4195345125745746,0.6310039188263326
cal_0p5db_5deg,draw0,theta,0.18000000715255737,-0.3847277785041279,1.2845422885632778
cal_0p5db_5deg,draw0,theta,0.1899999976158142,-0.34354062768249216,1.8653133121596537
cal_0p5db_5deg,draw0,theta,0.20000000298023224,-0.2963214419908009,2.3666023786788273
cal_0p5db_5deg,draw0,theta,0.20999999344348907,-0.24362361779748198,2.7841170535992408
cal_0p5db_5deg,draw0,theta,0.2199999988079071,-0.18619434703767843,3.1160002539021923
cal_0p5db_5deg,draw0,theta,0.23000000417232513,-0.1249559249349674,3.362749989844377
cal_0p5db_5deg,draw0,theta,0.23999999463558197,-0.06098019165815456,3.527051983300735
cal_0p5db_5deg,draw0,theta,0.25,0.004543000856795484,3.6135350272004487
cal_0p5db_5deg,draw0,theta,0.25999999046325684,0.07034215660722036,3.628462025861761
cal_0p5db_5deg,draw0,theta,0.27000001072883606,0.13510399385284688,3.579372123147806
cal_0p5db_5deg,draw0,theta,0.2800000011920929,0.197515300839938,3.4746910829065114
cal_0p5db_5deg,draw0,theta,0.28999999165534973,0.25630520704461224,3.323328064427696
cal_0p5db_5deg,draw0,theta,0.30000001192092896,0.31028626400524023,3.1342770995751397
cal_0p5db_5deg,draw0,theta,0.3100000023841858,0.3583927715027232,2.9162409287632625
cal_0p5db_5deg,draw0,theta,0.3199999928474426,0.3997148906464688,2.6772934267884034
cal_0p5db_5deg,draw0,theta,0.33000001311302185,0.43352725097968586,2.4245947174780094
cal_0p5db_5deg,draw0,theta,0.3400000035762787,0.4593109771416265,2.1641703397568905
cal_0p5db_5deg,draw0,theta,0.3499999940395355,0.47676832278722125,1.900762614802578
cal_0p5db_5deg,draw0,theta,0.36000001430511475,0.4858293943868412,1.637758822669927
cal_0p5db_5deg,draw0,theta,0.3700000047683716,0.48665076285209863,1.3771970891229859
cal_0p5db_5deg,draw0,theta,0.3799999952316284,0.47960608344964534,1.1198471780308665
cal_0p5db_5deg,draw0,theta,0.38999998569488525,0.4652691606826693,0.8653598492750819
cal_0p5db_5deg,draw0,theta,0.4000000059604645,0.44439019154274323,0.6124752360493764
cal_0p5db_5deg,draw0,theta,0.4099999964237213,0.4178661854258507,0.3592779626812293
cal_0p5db_5deg,draw0,theta,0.41999998688697815,0.3867067811152636,0.10348458687350581
cal_0p5db_5deg,draw0,theta,0.4300000071525574,0.35199685146285153,-0.15725249639747152
cal_0p5db_5deg,draw0,theta,0.4399999976158142,0.3148573978905822,-0.4250412444816446
cal_0p5db_5deg,draw0,theta,0.44999998807907104,0.27640628525395844,-0.7014627138590224
cal_0p5db_5deg,draw0,theta,0.46000000834465027,0.23772035133373678,-0.987315958415522
cal_0p5db_5deg,draw0,theta,0.4699999988079071,0.19980034539402336,-1.2824090670002866
cal_0p5db_5deg,draw0,theta,0.47999998927116394,0.16354001071596977,-1.5854080588382249
cal_0p5db_5deg,draw0,theta,0.49000000953674316,0.12970043317316657,-1.8937525275513827
cal_0p5db_5deg,draw0,theta,0.5,0.09889054039352595,-2.2036436676279836
cal_0p5db_5deg,draw0,theta,0.5099999904632568,0.07155436435723667,-2.5101067801814017
cal_0p5db_5deg,draw0,theta,0.5199999809265137,0.04796538632240777,-2.8071266996559983
cal_0p5db_5deg,draw0,theta,0.5299999713897705,0.02822797954608028,-3.0878509773178573
cal_0p5db_5deg,draw0,theta,0.5400000214576721,0.012285665502617924,-3.3448522666586005
cal_0p5db_5deg,draw0,theta,0.550000011920929,-6.438392505122034e-05,-3.5704383367668386
cal_0p5db_5deg,draw0,theta,0.5600000023841858,-0.009151420414421576,-3.7569956325935827
cal_0p5db_5deg,draw0,theta,0.5699999928474426,-0.015406806701349224,-3.897350423651049
cal_0p5db_5deg,draw0,theta,0.5799999833106995,-0.019336521870206697,-3.98513042501381
cal_0p5db_5deg,draw0,theta,0.5899999737739563,-0.021491800454740938,-4.01510939460475
cal_0p5db_5deg,draw0,theta,0.6000000238418579,-0.022439273643306123,-3.983517632123834
cal_0p5db_5deg,draw0,theta,0.6100000143051147,-0.022731971973016796,-3.8883025153435176
cal_0p5db_5deg,draw0,theta,0.6200000047683716,-0.022882479799340223,-3.729325161247221
cal_0p5db_5deg,draw0,theta,0.6299999952316284,-0.023339406180416054,-3.5084819116696115
cal_0p5db_5deg,draw0,theta,0.6399999856948853,-0.02446816073177713,-3.229742504852565
cal_0p5db_5deg,draw0,theta,0.6499999761581421,-0.02653680479380992,-2.899100369684694
cal_0p5db_5deg,draw0,theta,0.6600000262260437,-0.02970749803679834,-2.524434313153451
cal_0p5db_5deg,draw0,theta,0.6700000166893005,-0.034033789897140954,-2.115284796061489
cal_0p5db_5deg,draw0,theta,0.6800000071525574,-0.039463726335664535,-1.682551834573238
cal_0p5db_5deg,draw0,theta,0.6899999976158142,-0.04584846797967646,-1.2381251553449049
cal_0p5db_5deg,draw0,theta,0.699999988079071,-0.05295585814043171,-0.7944604094767425
cal_0p5db_5deg,draw0,theta,0.7099999785423279,-0.060488150064971616,-0.36411787195653916
cal_0p5db_5deg,draw0,theta,0.7200000286102295,-0.06810291234368936,0.04071800134151446
cal_0p5db_5deg,draw0,theta,0.7300000190734863,-0.07543598813711375,0.4087186089312399
cal_0p5db_5deg,draw0,theta,0.7400000095367432,-0.08212529414485854,0.7298709286900658
cal_0p5db_5deg,draw0,theta,0.75,-0.08783421292844369,0.9958975261613909
cal_0p5db_5deg,draw0,theta,0.7599999904632568,-0.09227335863351258,1.2006187708244778
cal_0p5db_5deg,draw0,theta,0.7699999809265137,-0.09521957999974438,1.340241300799088
cal_0p5db_5deg,draw0,theta,0.7799999713897705,-0.09653120187252044,1.4135595928814013
cal_0p5db_5deg,draw0,theta,0.7900000214576721,-0.0961586909000537,1.4220608969498774
cal_0p5db_5deg,draw0,theta,0.800000011920929,-0.09415015424468628,1.3699276409215049
cal_0p5db_5deg,draw0,theta,0.8100000023841858,-0.09065133173753516,1.2639355440378286
cal_0p5db_5deg,draw0,theta,0.8199999928474426,-0.08590001044620263,1.1132499188120264
cal_0p5db_5deg,draw0,theta,0.8299999833106995,-0.08021506380848197,0.929126816450684
cal_0p5db_5deg,draw0,theta,0.8399999737739563,-0.07398058277983871,0.7245296001351675
cal_0p5db_5deg,draw0,theta,0.8500000238418579,-0.0676258116436694,0.5136750481647406
cal_0p5db_5deg,draw0,theta,0.8600000143051147,-0.0616018149067148,0.311526044591111
cal_0p5db_5deg,draw0,theta,0.8700000047683716,-0.056355974091951457,0.1332501820674837
cal_0p5db_5deg,draw0,theta,0.8799999952316284,-0.05230553611791454,-0.006334917380656287
cal_0p5db_5deg,draw0,theta,0.8899999856948853,-0.04981150237957635,-0.09330812745234744
cal_0p5db_5deg,draw0,theta,0.8999999761581421,-0.04915415614782353,-0.11516200066370902
cal_0p5db_5deg,draw0,theta,0.9100000262260437,-0.05051147463398396,-0.06127053984438309
cal_0p5db_5deg,draw0,theta,0.9200000166893005,-0.05394156284646757,0.07671056914672356
cal_0p5db_5deg,draw0,theta,0.9300000071525574,-0.05937008362265838,0.30452670491848083
cal_0p5db_5deg,draw0,theta,0.9399999976158142,-0.0665834487889705,0.6251021628911523
cal_0p5db_5deg,draw0,theta,0.949999988079071,-0.07522828924438311,1.0384214282836937
cal_0p5db_5deg,draw0,theta,0.9599999785423279,-0.08481744756962838,1.5415180444220744
cal_0p5db_5deg,draw0,theta,0.9700000286102295,-0.0947424474952833,2.1285709512947872
cal_0p5db_5deg,draw0,theta,0.9800000190734863,-0.10429210292284323,2.791103890999978
cal_0p5db_5deg,draw0,theta,0.9900000095367432,-0.11267664807828227,3.5182793987476177
cal_0p5db_5deg,draw0,theta,1.0,-0.11905651230548418,4.297275190304405
cal_0p5db_5deg,draw0,phi,0.10000000149011612,0.060539492532977,-4.269288295261292
cal_0p5db_5deg,draw0,phi,0.10999999940395355,0.06902630075563759,-4.177811834690404
cal_0p5db_5deg,draw0,phi,0.11999999731779099,0.07611507418056677,-4.068093953440831
cal_0p5db_5deg,draw0,phi,0.12999999523162842,0.08184166280304005,-3.943381530787258
cal_0p5db_5deg,draw0,phi,0.14000000059604645,0.0863253068022222,-3.806571966807177
cal_0p5db_5deg,draw0,phi,0.15000000596046448,0.08976201084684844,-3.660036081183795
cal_0p5db_5deg,draw0,phi,0.1599999964237213,0.09241335881893199,-3.505478284123421
cal_0p5db_5deg,draw0,phi,0.17000000178813934,0.09459129459157554,-3.3438412606377668
cal_0p5db_5deg,draw0,phi,0.18000000715255737,0.09663959733981749,-3.1752601930157143
cal_0p5db_5deg,draw0,phi,0.1899999976158142,0.09891294968625877,-2.999069091342818
cal_0p5db_5deg,draw0,phi,0.20000000298023224,0.10175462585156352,-2.8138592212285705
cal_0p5db_5deg,draw0,phi,0.20999999344348907,0.10547390878209208,-2.617587030047121
cal_0p5db_5deg,draw0,phi,0.2199999988079071,0.1103243759504581,-2.407726497035962
cal_0p5db_5deg,draw0,phi,0.23000000417232513,0.11648417144049393,-2.1814585827331276
cal_0p5db_5deg,draw0,phi,0.23999999463558197,0.1240393076731878,-1.9358885337184149
cal_0p5db_5deg,draw0,phi,0.25,0.13297091668686423,-1.6682802990859096
cal_0p5db_5deg,draw0,phi,0.25999999046325684,0.14314720345544196,-1.3762963064894405
cal_0p5db_5deg,draw0,phi,0.27000001072883606,0.1543206495115703,-1.0582303770856512
cal_0p5db_5deg,draw0,phi,0.2800000011920929,0.16613078301965514,-0.7132216552627378
cal_0p5db_5deg,draw0,phi,0.28999999165534973,0.1781125815968541,-0.3414380904132872
cal_0p5db_5deg,draw0,phi,0.30000001192092896,0.18971031763916454,0.05578079143741639
cal_0p5db_5deg,draw0,phi,0.3100000023841858,0.20029640407294994,0.4758303985184238
cal_0p5db_5deg,draw0,phi,0.3199999928474426,0.20919456258339827,0.9148033320846396
cal_0p5db_5deg,draw0,phi,0.33000001311302185,0.21570642710247517,1.367511425383654
cal_0p5db_5deg,draw0,phi,0.3400000035762787,0.2191405221992693,1.827568942224026
cal_0p5db_5deg,draw0,phi,0.3499999940395355,0.2188424270081024,2.2875355584543224
cal_0p5db_5deg,draw0,phi,0.36000001430511475,0.21422485657253956,2.739115012359141
cal_0p5db_5deg,draw0,phi,0.3700000047683716,0.20479636793327197,3.1734027134266367
cal_0p5db_5deg,draw0,phi,0.3799999952316284,0.19018742955726686,3.5811732596950763
cal_0p5db_5deg,draw0,phi,0.38999998569488525,0.17017267898187502,3.953196837940742
cal_0p5db_5deg,draw0,phi,0.4000000059604645,0.14468833161761613,4.280571959060894
cal_0p5db_5deg,draw0,phi,0.4099999964237213,0.11384388803314786,4.5550609845560945
cal_0p5db_5deg,draw0,phi,0.41999998688697815,0.07792751020965005,4.769414477920418
cal_0p5db_5deg,draw0,phi,0.4300000071525574,0.0374046899504331,4.917670591131606
cal_0p5db_5deg,draw0,phi,0.4399999976158142,-0.00708989571295375,4.995416469488983
cal_0p5db_5deg,draw0,phi,0.44999998807907104,-0.054767168118005576,5.0
cal_0p5db_5deg,draw0,phi,0.46000000834465027,-0.1047046207464042,4.930682086721852
cal_0p5db_5deg,draw0,phi,0.4699999988079071,-0.15587277556918822,4.788721935592423
cal_0p5db_5deg,draw0,phi,0.47999998927116394,-0.2071661826917059,4.577390476498446
cal_0p5db_5deg,draw0,phi,0.49000000953674316,-0.2574378294499323,4.301909931320866
cal_0p5db_5deg,draw0,phi,0.5,-0.30553567603527615,3.9693205324091414
cal_0p5db_5deg,draw0,phi,0.5099999904632568,-0.35033993766268323,3.588278379753814
cal_0p5db_5deg,draw0,phi,0.5199999809265137,-0.39079969255967467,3.1687912703329584
cal_0p5db_5deg,draw0,phi,0.5299999713897705,-0.42596741256974274,2.7219019183490847
cal_0p5db_5deg,draw0,phi,0.5400000214576721,-0.4550300883878062,2.2593301996046917
cal_0p5db_5deg,draw0,phi,0.550000011920929,-0.4773357513809433,1.7930878017504672
cal_0p5db_5deg,draw0,phi,0.5600000023841858,-0.4924143732698669,1.3350798687899097
cal_0p5db_5deg,draw0,phi,0.5699999928474426,-0.4999923462295263,0.8967088400961876
cal_0p5db_5deg,draw0,phi,0.5799999833106995,-0.5,0.4884956735154283
cal_0p5db_5deg,draw0,phi,0.5899999737739563,-0.4925718887794448,0.11973300752220724
cal_0p5db_5deg,draw0,phi,0.6000000238418579,-0.4780398674598178,-0.2018164160184599
cal_0p5db_5deg,draw0,phi,0.6100000143051147,-0.45691926218051526,-0.47016452856579893
cal_0p5db_5deg,draw0,phi,0.6200000047683716,-0.42988871230177167,-0.6812766271578502
cal_0p5db_5deg,draw0,phi,0.6299999952316284,-0.3977645084049605,-0.8331773345519853
cal_0p5db_5deg,draw0,phi,0.6399999856948853,-0.3614704635411683,-0.9259800860070017
cal_0p5db_5deg,draw0,phi,0.6499999761581421,-0.3220045239052819,-0.9618394564036932
cal_0p5db_5deg,draw0,phi,0.6600000262260437,-0.2804034435183231,-0.9448287170673799
cal_0p5db_5deg,draw0,phi,0.6700000166893005,-0.2377069106310207,-0.880747979503498
cal_0p5db_5deg,draw0,phi,0.6800000071525574,-0.19492251905666985,-0.7768710195083222
cal_0p5db_5deg,draw0,phi,0.6899999976158142,-0.15299292560156988,-0.6416412660521754
cal_0p5db_5deg,draw0,phi,0.699999988079071,-0.11276642773666236,-0.48432938614885446
cal_0p5db_5deg,draw0,phi,0.7099999785423279,-0.07497203852702988,-0.3146663199406423
cal_0p5db_5deg,draw0,phi,0.7200000286102295,-0.04019993560469301,-0.1424664622609288
cal_0p5db_5deg,draw0,phi,0.7300000190734863,-0.008887926439925354,0.02274408429583926
cal_0p5db_5deg,draw0,phi,0.7400000095367432,0.01868568643640782,0.17207965032290762
cal_0p5db_5deg,draw0,phi,0.75,0.04240272808068986,0.297613989621134
cal_0p5db_5deg,draw0,phi,0.7599999904632568,0.06229942213156226,0.3926541160286429
cal_0p5db_5deg,draw0,phi,0.7699999809265137,0.07855473279806156,0.4519590114279188
cal_0p5db_5deg,draw0,phi,0.7799999713897705,0.09147344102504995,0.4718956503070523
cal_0p5db_5deg,draw0,phi,0.7900000214576721,0.10146482678959581,0.4505274956649029
cal_0p5db_5deg,draw0,phi,0.800000011920929,0.10901799778637883,0.38763350111333855
cal_0p5db_5deg,draw0,phi,0.8100000023841858,0.11467502571651428,0.28465858034405056
cal_0p5db_5deg,draw0,phi,0.8199999928474426,0.11900312022425419,0.1445993520570431
cal_0p5db_5deg,draw0,phi,0.8299999833106995,0.1225670847554993,-0.02816838543483732
cal_0p5db_5deg,draw0,phi,0.8399999737739563,0.12590325816802533,-0.22811166237511415
cal_0p5db_5deg,draw0,phi,0.8500000238418579,0.12949605312689733,-0.4488011180936588
cal_0p5db_5deg,draw0,phi,0.8600000143051147,0.13375806177246685,-0.6831984103210685
cal_0p5db_5deg,draw0,phi,0.8700000047683716,0.13901451752527766,-0.9239572236419448
cal_0p5db_5deg,draw0,phi,0.8799999952316284,0.14549268763269085,-1.1637245416228197
cal_0p5db_5deg,draw0,phi,0.8899999856948853,0.15331653399585662,-1.3954291291607699
cal_0p5db_5deg,draw0,phi,0.8999999761581421,0.16250673072311078,-1.6125450232206264
cal_0p5db_5deg,draw0,phi,0.9100000262260437,0.17298587698851356,-1.8093192082612208
cal_0p5db_5deg,draw0,phi,0.9200000166893005,0.18458850435601107,-1.9809544913080843
cal_0p5db_5deg,draw0,phi,0.9300000071525574,0.19707525946045854,-2.1237408049373636
cal_0p5db_5deg,draw0,phi,0.9399999976158142,0.2101504555201598,-2.2351306524930847
cal_0p5db_5deg,draw0,phi,0.949999988079071,0.22348203787174475,-2.3137570552948405
cal_0p5db_5deg,draw0,phi,0.9599999785423279,0.23672290606014004,-2.3593950466100018
cal_0p5db_5deg,draw0,phi,0.9700000286102295,0.24953248240603879,-2.372870360861869
cal_0p5db_5deg,draw0,phi,0.9800000190734863,0.26159741656952873,-2.3559213722697607
cal_0p5db_5deg,draw0,phi,0.9900000095367432,0.27265036723571223,-2.3110224376188095
cal_0p5db_5deg,draw0,phi,1.0,0.28248590312870037,-2.241178500019213
cal_0p5db_5deg,draw1,theta,0.10000000149011612,-0.5,-3.8893403344513597
cal_0p5db_5deg,draw1,theta,0.10999999940395355,-0.4561351061592458,-3.528136639977653
cal_0p5db_5deg,draw1,theta,0.11999999731779099,-0.41160864138361314,-3.160298264832144
cal_0p5db_5deg,draw1,theta,0.12999999523162842,-0.3669999177149846,-2.792678495868532
cal_0p5db_5deg,draw1,theta,0.14000000059604645,-0.3228024730742222,-2.4325111491999545
cal_0p5db_5deg,draw1,theta,0.15000000596046448,-0.27940942544243813,-2.087133115757311
cal_0p5db_5deg,draw1,theta,0.1599999964237213,-0.23710501517609303,-1.7636880863667483
cal_0p5db_5deg,draw1,theta,0.17000000178813934,-0.19606260632225975,-1.4688244066967548
cal_0p5db_5deg,draw1,theta,0.18000000715255737,-0.15634910111823463,-1.2084005743463528
cal_0p5db_5deg,draw1,theta,0.1899999976158142,-0.11793540943215976,-0.987211853287665
cal_0p5db_5deg,draw1,theta,0.20000000298023224,-0.08071232101658926,-0.8087508405607386
cal_0p5db_5deg,draw1,theta,0.20999999344348907,-0.04451086652811639,-0.6750135989238024
cal_0p5db_5deg,draw1,theta,0.2199999988079071,-0.00912603527352617,-0.5863612152545523
cal_0p5db_5deg,draw1,theta,0.23000000417232513,0.02565744645902392,-0.5414444298289005
cal_0p5db_5deg,draw1,theta,0.23999999463558197,0.06003867531180462,-0.5371963988563034
cal_0p5db_5deg,draw1,theta,0.25,0.09417490436215836,-0.568895811270437
cal_0p5db_5deg,draw1,theta,0.25999999046325684,0.12815805416612358,-0.6302996022515112
cal_0p5db_5deg,draw1,theta,0.27000001072883606,0.1619947072655223,-0.7138415185709246
cal_0p5db_5deg,draw1,theta,0.2800000011920929,0.1955907317637633,-0.8108899240984864
cal_0p5db_5deg,draw1,theta,0.28999999165534973,0.2287414641024707,-0.912055612775239
cal_0p5db_5deg,draw1,theta,0.30000001192092896,0.26112812019622755,-1.0075381362269134
cal_0p5db_5deg,draw1,theta,0.3100000023841858,0.2923208093405794,-1.087497354240474
cal_0p5db_5deg,draw1,theta,0.3199999928474426,0.3217882100964961,-1.142435659474494
cal_0p5db_5deg,draw1,theta,0.33000001311302185,0.3489136459441154,-1.1635756710259297
cal_0p5db_5deg,draw1,theta,0.3400000035762787,0.3730169855018546,-1.1432181673160176
cal_0p5db_5deg,draw1,theta,0.3499999940395355,0.39338150182714327,-1.0750656426597387
cal_0p5db_5deg,draw1,theta,0.36000001430511475,0.40928457110935446,-0.954498101982584
cal_0p5db_5deg,draw1,theta,0.3700000047683716,0.42003088474861167,-0.7787895061023131
cal_0p5db_5deg,draw1,theta,0.3799999952316284,0.42498670012797884,-0.5472555729871686
cal_0p5db_5deg,draw1,theta,0.38999998569488525,0.42361357156069945,-0.2613263342180638
cal_0p5db_5deg,draw1,theta,0.4000000059604645,0.4154999883157358,0.07546017109903712
cal_0p5db_5deg,draw1,theta,0.4099999964237213,0.4003894026328419,0.45754353476623594
cal_0p5db_5deg,draw1,theta,0.41999998688697815,0.37820325545146105,0.8775032387662853
cal_0p5db_5deg,draw1,theta,0.4300000071525574,0.34905779635939804,1.3262917425171719
cal_0p5db_5deg,draw1,theta,0.4399999976158142,0.3132737393251209,1.7935297531298053
cal_0p5db_5deg,draw1,theta,0.44999998807907104,0.2713780868890863,2.2678525305189003
cal_0p5db_5deg,draw1,theta,0.46000000834465027,0.2240977803390351,2.737294030023069
cal_0p5db_5deg,draw1,theta,0.4699999988079071,0.17234517810360678,3.189694175800986
cal_0p5db_5deg,draw1,theta,0.47999998927116394,0.11719571432768269,3.613113651638284
cal_0p5db_5deg,draw1,theta,0.49000000953674316,0.05985842918346608,3.996240329309517
cal_0p5db_5deg,draw1,theta,0.5,0.0016403771077251148,4.328771838518849
cal_0p5db_5deg,draw1,theta,0.5099999904632568,-0.05609380498856009,4.60175979934531
cal_0p5db_5deg,draw1,theta,0.5199999809265137,-0.11196566264786442,4.807902843891244
cal_0p5db_5deg,draw1,theta,0.5299999713897705,-0.16462835130650763,4.9417776794444865
cal_0p5db_5deg,draw1,theta,0.5400000214576721,-0.21281196051667609,5.0
cal_0p5db_5deg,draw1,theta,0.550000011920929,-0.2553669473427434,4.981309927580794
cal_0p5db_5deg,draw1,theta,0.5600000023841858,-0.29130394415564875,4.8865797373436335
cal_0p5db_5deg,draw1,theta,0.5699999928474426,-0.3198283318643479,4.718744760869929
cal_0p5db_5deg,draw1,theta,0.5799999833106995,-0.3403681635633799,4.482661437874068
cal_0p5db_5deg,draw1,theta,0.5899999737739563,-0.3525942778445192,4.184899368684237
cal_0p5db_5deg,draw1,theta,0.6000000238418579,-0.35643174521366083,3.833476788005509
cal_0p5db_5deg,draw1,theta,0.6100000143051147,-0.3520621325987578,3.437551028415731
cal_0p5db_5deg,draw1,theta,0.6200000047683716,-0.3399164356256128,3.007077182066447
cal_0p5db_5deg,draw1,theta,0.6299999952316284,-0.3206589009446852,2.552449235712152
cal_0p5db_5deg,draw1,theta,0.6399999856948853,-0.29516232580903645,2.084138407015475
cal_0p5db_5deg,draw1,theta,0.6499999761581421,-0.2644757640213522,1.6123432352597378
cal_0p5db_5deg,draw1,theta,0.6600000262260437,-0.2297858719285712,1.1466651904613423
cal_0p5db_5deg,draw1,theta,0.6700000166893005,-0.1923733825558071,0.6958222011697863
cal_0p5db_5deg,draw1,theta,0.6800000071525574,-0.15356638956359533,0.2674106273290396
cal_0p5db_5deg,draw1,theta,0.6899999976158142,-0.11469224738520732,-0.13227609349845526
cal_0p5db_5deg,draw1,theta,0.699999988079071,-0.07702994447676366,-0.49836651657051667
cal_0p5db_5deg,draw1,theta,0.7099999785423279,-0.041764781057668225,-0.8274651885230866
cal_0p5db_5deg,draw1,theta,0.7200000286102295,-0.009947082226247921,-1.1176416848184019
cal_0p5db_5deg,draw1,theta,0.7300000190734863,0.017543493726067644,-1.3683576462681715
cal_0p5db_5deg,draw1,theta,0.7400000095367432,0.04002672625645468,-1.5803374495889049
cal_0p5db_5deg,draw1,theta,0.75,0.057042644698443855,-1.75539053083553
cal_0p5db_5deg,draw1,theta,0.7599999904632568,0.06836367192934091,-1.8961953708899824
cal_0p5db_5deg,draw1,theta,0.7699999809265137,0.07399774534916004,-2.00605666430346
cal_0p5db_5deg,draw1,theta,0.7799999713897705,0.0741824283018615,-2.088648163732762
cal_0p5db_5deg,draw1,theta,0.7900000214576721,0.0693703888629726,-2.1477540833729285
cal_0p5db_5deg,draw1,theta,0.800000011920929,0.060206967853372304,-2.187021743553228
cal_0p5db_5deg,draw1,theta,0.8100000023841858,0.047500869596018146,-2.20973735886382
cal_0p5db_5deg,draw1,theta,0.8199999928474426,0.03218927437788179,-2.2186355533939532
cal_0p5db_5deg,draw1,theta,0.8299999833106995,0.015298879920494482,-2.215751392378315
cal_0p5db_5deg,draw1,theta,0.8399999737739563,-0.002095477991422652,-2.2023215342762854
cal_0p5db_5deg,draw1,theta,0.8500000238418579,-0.018912903758620606,-2.1787386327712372
cal_0p5db_5deg,draw1,theta,0.8600000143051147,-0.034107498797440496,-2.144560468739613
cal_0p5db_5deg,draw1,theta,0.8700000047683716,-0.04670675108461664,-2.0985725897950114
cal_0p5db_5deg,draw1,theta,0.8799999952316284,-0.055845754883510554,-2.0389006035345907
cal_0p5db_5deg,draw1,theta,0.8899999856948853,-0.060795963548754724,-1.9631658306267619
cal_0p5db_5deg,draw1,theta,0.8999999761581421,-0.06098743638191329,-1.8686758870797435
cal_0p5db_5deg,draw1,theta,0.9100000262260437,-0.05602383955916301,-1.7526400293149562
cal_0p5db_5deg,draw1,theta,0.9200000166893005,-0.04568978779725296,-1.6123978407643604
cal_0p5db_5deg,draw1,theta,0.9300000071525574,-0.02995045317740634,-1.4456491226152999
cal_0p5db_5deg,draw1,theta,0.9399999976158142,-0.008943705444568097,-1.2506727077165625
cal_0p5db_5deg,draw1,theta,0.949999988079071,0.017034630641426057,-1.0265223533713368
cal_0p5db_5deg,draw1,theta,0.9599999785423279,0.04755152466079624,-0.7731888674011776
cal_0p5db_5deg,draw1,theta,0.9700000286102295,0.0820623728008209,-0.4917191386732153
cal_0p5db_5deg,draw1,theta,0.9800000190734863,0.1199401953419188,-0.18428471094042015
cal_0p5db_5deg,draw1,theta,0.9900000095367432,0.16050694952931036,0.14580513048955768
cal_0p5db_5deg,draw1,theta,1.0,0.20306544293793793,0.49414820057453246
cal_0p5db_5deg,draw1,phi,0.10000000149011612,-0.5,-2.645380287832959
cal_0p5db_5deg,draw1,phi,0.10999999940395355,-0.47278702318372506,-2.3054277427087633
cal_0p5db_5deg,draw1,phi,0.11999999731779099,-0.4444529089189039,-1.9735146326899704
cal_0p5db_5deg,draw1,phi,0.12999999523162842,-0.41468511047340245,-1.6476021321323833
cal_0p5db_5deg,draw1,phi,0.14000000059604645,-0.3831518463756312,-1.3264375106661856
cal_0p5db_5deg,draw1,phi,0.15000000596046448,-0.3495282277809368,-1.009688358102274
cal_0p5db_5deg,draw1,phi,0.1599999964237213,-0.3135234974723997,-0.6980167025895524
cal_0p5db_5deg,draw1,phi,0.17000000178813934,-0.27490800413106864,-0.39308934301301124
cal_0p5db_5deg,draw1,phi,0.18000000715255737,-0.23353852264762567,-0.09752388636920505
cal_0p5db_5deg,draw1,phi,0.1899999976158142,-0.18938058286588758,0.18522682945996938
cal_0p5db_5deg,draw1,phi,0.20000000298023224,-0.14252658339897045,0.45104618420378373
cal_0p5db_5deg,draw1,phi,0.20999999344348907,-0.09320863937502993,0.6953725564690351
cal_0p5db_5deg,draw1,phi,0.2199999988079071,-0.04180533586546306,0.9134545007722259
cal_0p5db_5deg,draw1,phi,0.23000000417232513,0.011158177267134337,1.1006294926109539
cal_0p5db_5deg,draw1,phi,0.23999999463558197,0.06501701977202254,1.2526121192348985
cal_0p5db_5deg,draw1,phi,0.25,0.11898030500553604,1.3657769568448388
cal_0p5db_5deg,draw1,phi,0.25999999046325684,0.17215140048766067,1.4374214277235482
cal_0p5db_5deg,draw1,phi,0.27000001072883606,0.22355406949511436,1.4659946742872183
cal_0p5db_5deg,draw1,phi,0.2800000011920929,0.2721635600818036,1.4512798911090168
cal_0p5db_5deg,draw1,phi,0.28999999165534973,0.3169414667897127,1.3945195606165253
cal_0p5db_5deg,draw1,phi,0.30000001192092896,0.3568729971470778,1.2984755561462744
cal_0p5db_5deg,draw1,phi,0.3100000023841858,0.3910051388199734,1.1674189966391788
cal_0p5db_5deg,draw1,phi,0.3199999928474426,0.4184841505282473,1.0070479311637823
cal_0p5db_5deg,draw1,phi,0.33000001311302185,0.43859079436621184,0.8243342564249394
cal_0p5db_5deg,draw1,phi,0.3400000035762787,0.4507717898821402,0.6273045775691265
cal_0p5db_5deg,draw1,phi,0.3499999940395355,0.4546660991063739,0.4247628629773658
cal_0p5db_5deg,draw1,phi,0.36000001430511475,0.45012484172897604,0.22596557491140362
cal_0p5db_5deg,draw1,phi,0.3700000047683716,0.43722388318604793,0.040262350269216284
cal_0p5db_5deg,draw1,phi,0.3799999952316284,0.4162684255294184,-0.12328285163633573
cal_0p5db_5deg,draw1,phi,0.38999998569488525,0.38778924970050166,-0.25627401178035175
cal_0p5db_5deg,draw1,phi,0.4000000059604645,0.35253059485068067,-0.3513520933968564
cal_0p5db_5deg,draw1,phi,0.4099999964237213,0.3114300014371884,-0.4025344496286839
cal_0p5db_5deg,draw1,phi,0.41999998688697815,0.2655907755202953,-0.40550912497318836
cal_0p5db_5deg,draw1,phi,0.4300000071525574,0.2162480379185043,-0.35787021038569156
cal_0p5db_5deg,draw1,phi,0.4399999976158142,0.16472959055389927,-0.2592826692091675
cal_0p5db_5deg,draw1,phi,0.44999998807907104,0.11241305190336699,-0.11156784173882854
cal_0p5db_5deg,draw1,phi,0.46000000834465027,0.06068087448009221,0.08129595586990729
cal_0p5db_5deg,draw1,phi,0.4699999988079071,0.010874952686196428,0.3132598324447825
cal_0p5db_5deg,draw1,phi,0.47999998927116394,-0.03574744504347692,0.5763761920479467
cal_0p5db_5deg,draw1,phi,0.49000000953674316,-0.07805473143059673,0.861050939378402
cal_0p5db_5deg,draw1,phi,0.5,-0.11507746943434952,1.1563674574648974
cal_0p5db_5deg,draw1,phi,0.5099999904632568,-0.14603886142698166,1.4504706895854078
cal_0p5db_5deg,draw1,phi,0.5199999809265137,-0.17037810158873357,1.730997010508148
cal_0p5db_5deg,draw1,phi,0.5299999713897705,-0.18776571898210212,1.9855334996179819
cal_0p5db_5deg,draw1,phi,0.5400000214576721,-0.1981103586361111,2.2020888221333026
cal_0p5db_5deg,draw1,phi,0.550000011920929,-0.2015567899964548,2.3695572481694422
cal_0p5db_5deg,draw1,phi,0.5600000023841858,-0.1984752819650451,2.4781574256488668
cal_0p5db_5deg,draw1,phi,0.5699999928474426,-0.18944282683295888,2.5198283723295765
cal_0p5db_5deg,draw1,phi,0.5799999833106995,-0.1752170173831608,2.4885667323117646
cal_0p5db_5deg,draw1,phi,0.5899999737739563,-0.1567036689042978,2.3806915898480696
cal_0p5db_5deg,draw1,phi,0.6000000238418579,-0.13491951890901266,2.1950259561162717
cal_0p5db_5deg,draw1,phi,0.6100000143051147,-0.11095152208578866,1.932987326138973
cal_0p5db_5deg,draw1,phi,0.6200000047683716,-0.08591437895059358,1.5985833068783255
cal_0p5db_5deg,draw1,phi,0.6299999952316284,-0.06090798905932277,1.1983120934449134
cal_0p5db_5deg,draw1,phi,0.6399999856948853,-0.03697650168439678,0.740971360637983
cal_0p5db_5deg,draw1,phi,0.6499999761581421,-0.015070549743090642,0.23738278327801007
cal_0p5db_5deg,draw1,phi,0.6600000262260437,0.00398589937051232,-0.2999572513195786
cal_0p5db_5deg,draw1,phi,0.6700000166893005,0.01952285265874333,-0.8572872615696119
cal_0p5db_5deg,draw1,phi,0.6800000071525574,0.03104479574768129,-1.4200347867925147
cal_0p5db_5deg,draw1,phi,0.6899999976158142,0.03824372455246827,-1.9732974636205833
cal_0p5db_5deg,draw1,phi,0.699999988079071,0.04100435736905101,-2.502332550064194
cal_0p5db_5deg,draw1,phi,0.7099999785423279,0.03940151185373574,-2.993036168595486
cal_0p5db_5deg,draw1,phi,0.7200000286102295,0.03368995912085301,-3.4323940935318333
cal_0p5db_5deg,draw1,phi,0.7300000190734863,0.024287377229723114,-3.8088872044800555
cal_0p5db_5deg,draw1,phi,0.7400000095367432,0.0117513054764381,-4.112836708738459
cal_0p5db_5deg,draw1,phi,0.75,-0.003248762591449742,-4.3366768145490315
cal_0p5db_5deg,draw1,phi,0.7599999904632568,-0.019962825475723703,-4.475145602046378
cal_0p5db_5deg,draw1,phi,0.7699999809265137,-0.0375939132684442,-4.525388257537658
cal_0p5db_5deg,draw1,phi,0.7799999713897705,-0.055332214982455045,-4.486970462756193
cal_0p5db_5deg,draw1,phi,0.7900000214576721,-0.07238829553288612,-4.361803409216735
cal_0p5db_5deg,draw1,phi,0.800000011920929,-0.08802397724657138,-4.153985482578581
cal_0p5db_5deg,draw1,phi,0.8100000023841858,-0.10157959563504343,-3.86956898210687
cal_0p5db_5deg,draw1,phi,0.8199999928474426,-0.11249652931387433,-3.5162631668161777
cal_0p5db_5deg,draw1,phi,0.8299999833106995,-0.12033414043661028,-3.1030873313387315
cal_0p5db_5deg,draw1,phi,0.8399999737739563,-0.12478053389386828,-2.6399894125687946
cal_0p5db_5deg,draw1,phi,0.8500000238418579,-0.12565683836451835,-2.1374467413756553
cal_0p5db_5deg,draw1,phi,0.8600000143051147,-0.12291501670689033,-1.6060659409060027
cal_0p5db_5deg,draw1,phi,0.8700000047683716,-0.11662951340284569,-1.0561986246994517
cal_0p5db_5deg,draw1,phi,0.8799999952316284,-0.10698332933328404,-0.4975884865114434
cal_0p5db_5deg,draw1,phi,0.8899999856948853,-0.09424936644130691,0.06093634724928819
cal_0p5db_5deg,draw1,phi,0.8999999761581421,-0.07876809561160181,0.6117141304165287
cal_0p5db_5deg,draw1,phi,0.9100000262260437,-0.060922761050079925,1.1484346734656743
cal_0p5db_5deg,draw1,phi,0.9200000166893005,-0.04111343658963392,1.6662531967304455
cal_0p5db_5deg,draw1,phi,0.9300000071525574,-0.01973128929999768,2.161830493063128
cal_0p5db_5deg,draw1,phi,0.9399999976158142,0.0028656180235900426,2.6333004072156543
cal_0p5db_5deg,draw1,phi,0.949999988079071,0.026373740167201388,3.080168918887784
cal_0p5db_5deg,draw1,phi,0.9599999785423279,0.050561577846789885,3.5031521558827277
cal_0p5db_5deg,draw1,phi,0.9700000286102295,0.07528241649113235,3.903963329447186
cal_0p5db_5deg,draw1,phi,0.9800000190734863,0.10048160950096173,4.285060759338499
cal_0p5db_5deg,draw1,phi,0.9900000095367432,0.12619801019009932,4.649370747590244
cal_0p5db_5deg,draw1,phi,1.0,0.15255944587944784,5.0
cal_0p5db_5deg,draw2,theta,0.10000000149011612,-0.26259600804250355,2.2121519474840716
cal_0p5db_5deg,draw2,theta,0.10999999940395355,-0.26322645233090713,1.9770111296314543
cal_0p5db_5deg,draw2,theta,0.11999999731779099,-0.2661710388048719,1.7915708420812002
cal_0p5db_5deg,draw2,theta,0.12999999523162842,-0.2705577544930247,1.6493373066358568
cal_0p5db_5deg,draw2,theta,0.14000000059604645,-0.27549590344765745,1.5427944008941286
cal_0p5db_5deg,draw2,theta,0.15000000596046448,-0.28011413930943035,1.463782799796306
cal_0p5db_5deg,draw2,theta,0.1599999964237213,-0.28359613123088695,1.4038881652911261
cal_0p5db_5deg,draw2,theta,0.17000000178813934,-0.2852124083549342,1.3548215457187374
cal_0p5db_5deg,draw2,theta,0.18000000715255737,-0.28434712565270137,1.3087758578712916
cal_0p5db_5deg,draw2,theta,0.1899999976158142,-0.28051874356777745,1.2587437275637865
cal_0p5db_5deg,draw2,theta,0.20000000298023224,-0.27339390412810527,1.198783990657404
cal_0p5db_5deg,draw2,theta,0.20999999344348907,-0.26279410380586204,1.1242267107339954
cal_0p5db_5deg,draw2,theta,0.2199999988079071,-0.248695094143238,1.0318095343888
cal_0p5db_5deg,draw2,theta,0.23000000417232513,-0.23121927024477867,0.9197414454689413
cal_0p5db_5deg,draw2,theta,0.23999999463558197,-0.2106216200564395,0.7876933493329418
cal_0p5db_5deg,draw2,theta,0.25,-0.18727009010693277,0.6367182663305676
cal_0p5db_5deg,draw2,theta,0.25999999046325684,-0.1616214636910933,0.469107091058124
cal_0p5db_5deg,draw2,theta,0.27000001072883606,-0.13419403489589327,0.2881887398256297
cal_0p5db_5deg,draw2,theta,0.2800000011920929,-0.10553848838556287,0.09808593709691493
cal_0p5db_5deg,draw2,theta,0.28999999165534973,-0.07620845520833912,-0.09656022350194368
cal_0p5db_5deg,draw2,theta,0.30000001192092896,-0.0467322067812636,-0.2908825478246422
cal_0p5db_5deg,draw2,theta,0.3100000023841858,-0.017586873443798213,-0.48008186104039885
cal_0p5db_5deg,draw2,theta,0.3199999928474426,0.010823565629755111,-0.6597081173395105
cal_0p5db_5deg,draw2,theta,0.33000001311302185,0.03818547112582389,-0.8259144459488589
cal_0p5db_5deg,draw2,theta,0.3400000035762787,0.06428710554410881,-0.9756715381211496
cal_0p5db_5deg,draw2,theta,0.3499999940395355,0.08902404429740045,-1.1069318191308606
cal_0p5db_5deg,draw2,theta,0.36000001430511475,0.11239821665727326,-1.2187353745064213
cal_0p5db_5deg,draw2,theta,0.3700000047683716,0.13451067158318408,-1.3112524937180496
cal_0p5db_5deg,draw2,theta,0.3799999952316284,0.15554847288875678,-1.3857608238192
cal_0p5db_5deg,draw2,theta,0.38999998569488525,0.1757664184682212,-1.444558346104636
cal_0p5db_5deg,draw2,theta,0.4000000059604645,0.19546453606787634,-1.4908165526355908
cal_0p5db_5deg,draw2,theta,0.4099999964237213,0.2149625214432185,-1.5283811609806928
cal_0p5db_5deg,draw2,theta,0.41999998688697815,0.23457244378697553,-1.5615303282731814
cal_0p5db_5deg,draw2,theta,0.4300000071525574,0.25457114057976626,-1.594702488389271
cal_0p5db_5deg,draw2,theta,0.4399999976158142,0.27517375481111245,-1.6322075379970091
cal_0p5db_5deg,draw2,theta,0.44999998807907104,0.29650983014006754,-1.6779360628091935
cal_0p5db_5deg,draw2,theta,0.46000000834465027,0.3186032753777205,-1.7350815775237505
cal_0p5db_5deg,draw2,theta,0.4699999988079071,0.3413573430597578,-1.805890335255722
cal_0p5db_5deg,draw2,theta,0.47999998927116394,0.36454554504509684,-1.8914521598382579
cal_0p5db_5deg,draw2,theta,0.49000000953674316,0.3878091607493234,-1.9915440131575934
cal_0p5db_5deg,draw2,theta,0.5,0.4106616926108666,-2.1045357045661044
cal_0p5db_5deg,draw2,theta,0.5099999904632568,0.43250030207514845,-2.2273643809335115
cal_0p5db_5deg,draw2,theta,0.5199999809265137,0.45262393212988955,-2.3555813258730596
cal_0p5db_5deg,draw2,theta,0.5299999713897705,0.47025750394294913,-2.483471282879634
cal_0p5db_5deg,draw2,theta,0.5400000214576721,0.48458127984858496,-2.604241147186955
cal_0p5db_5deg,draw2,theta,0.550000011920929,0.49476422626227184,-2.7102715961132295
cal_0p5db_5deg,draw2,theta,0.5600000023841858,0.5,-2.7934221952460287
cal_0p5db_5deg,draw2,theta,0.5699999928474426,0.4995440297823862,-2.845377865902905
cal_0p5db_5deg,draw2,theta,0.5799999833106995,0.4927500787462483,-2.8580224498091233
cal_0p5db_5deg,draw2,theta,0.5899999737739563,0.47910465804411245,-2.823823560356785
cal_0p5db_5deg,draw2,theta,0.6000000238418579,0.4582577175017762,-2.7362120407145274
cal_0p5db_5deg,draw2,theta,0.6100000143051147,0.4300481651045459,-2.589939202678613
cal_0p5db_5deg,draw2,theta,0.6200000047683716,0.39452295799715986,-2.381395610282488
cal_0p5db_5deg,draw2,theta,0.6299999952316284,0.3519487560337659,-2.1088764804072757
cal_0p5db_5deg,draw2,theta,0.6399999856948853,0.3028154244684445,-1.7727807490226408
cal_0p5db_5deg,draw2,theta,0.6499999761581421,0.24783100277742354,-1.3757334168075286
cal_0p5db_5deg,draw2,theta,0.6600000262260437,0.18790810790220103,-0.9226238361703453
cal_0p5db_5deg,draw2,theta,0.6700000166893005,0.12414209745651776,-0.42055600585818315
cal_0p5db_5deg,draw2,theta,0.6800000071525574,0.05778166636005066,0.12128944405776224
cal_0p5db_5deg,draw2,theta,0.6899999976158142,-0.009807126027285756,0.6918782185363527
cal_0p5db_5deg,draw2,theta,0.699999988079071,-0.077182115905243,1.2786233395411941
cal_0p5db_5deg,draw2,theta,0.7099999785423279,-0.14287006526715584,1.8677538821520092
cal_0p5db_5deg,draw2,theta,0.7200000286102295,-0.20541377200869637,2.44473827282939
cal_0p5db_5deg,draw2,theta,0.7300000190734863,-0.2634194649193181,2.994746549954839
cal_0p5db_5deg,draw2,theta,0.7400000095367432,-0.31560265759613226,3.5031342070142246
cal_0p5db_5deg,draw2,theta,0.75,-0.3608306797272567,3.9559291662929876
cal_0p5db_5deg,draw2,theta,0.7599999904632568,-0.3981602224751913,4.340303114913866
cal_0p5db_5deg,draw2,theta,0.7699999809265137,-0.4268684221985937,4.645008892581527
cal_0p5db_5deg,draw2,theta,0.7799999713897705,-0.4464762558712745,4.860766835699944
cal_0p5db_5deg,draw2,theta,0.7900000214576721,-0.45676332204058545,4.980584907494208
cal_0p5db_5deg,draw2,theta,0.800000011920929,-0.4577734205612121,5.0
cal_0p5db_5deg,draw2,theta,0.8100000023841858,-0.44981070852071214,4.917230875902637
cal_0p5db_5deg,draw2,theta,0.8199999928474426,-0.4334265835479521,4.733236698339819
cal_0p5db_5deg,draw2,theta,0.8299999833106995,-0.4093978134548074,4.451678830014453
cal_0p5db_5deg,draw2,theta,0.8399999737739563,-0.3786967775450526,4.0787874135390485
cal_0p5db_5deg,draw2,theta,0.8500000238418579,-0.34245499547992664,3.623138012913618
cal_0p5db_5deg,draw2,theta,0.8600000143051147,-0.30192138139094205,3.095347144153322
cal_0p5db_5deg,draw2,theta,0.8700000047683716,-0.25841686312920137,2.5076987034556004
cal_0p5db_5deg,draw2,theta,0.8799999952316284,-0.21328714082983247,1.8737159817740776
cal_0p5db_5deg,draw2,theta,0.8899999856948853,-0.16785541993724154,1.2076960244582344
cal_0p5db_5deg,draw2,theta,0.8999999761581421,-0.12337693919046021,0.524224469017467
cal_0p5db_5deg,draw2,theta,0.9100000262260437,-0.0809970247313792,-0.16231038195627234
cal_0p5db_5deg,draw2,theta,0.9200000166893005,-0.04171424156455595,-0.8381856451690333
cal_0p5db_5deg,draw2,theta,0.9300000071525574,-0.006349990144543508,-1.4907764038757838
cal_0p5db_5deg,draw2,theta,0.9399999976158142,0.024474381350231247,-2.108936658007996
cal_0p5db_5deg,draw2,theta,0.949999988079071,0.050352197474949935,-2.683314900156742
cal_0p5db_5deg,draw2,theta,0.9599999785423279,0.07109740413085254,-3.206593371782634
cal_0p5db_5deg,draw2,theta,0.9700000286102295,0.08674180092807807,-3.673643310788051
cal_0p5db_5deg,draw2,theta,0.9800000190734863,0.09752387088188672,-4.081592043103492
cal_0p5db_5deg,draw2,theta,0.9900000095367432,0.10386986165360734,-4.429801445130371
cal_0p5db_5deg,draw2,theta,1.0,0.10636808147116712,-4.719760953802618
cal_0p5db_5deg,draw2,phi,0.10000000149011612,0.48789407634673143,-0.42896183145269945
cal_0p5db_5deg,draw2,phi,0.10999999940395355,0.4287155226170659,-0.797760604356179
cal_0p5db_5deg,draw2,phi,0.11999999731779099,0.36891044998511846,-1.117389667351517
cal_0p5db_5deg,draw2,phi,0.12999999523162842,0.30913708963194064,-1.3828259124365894
cal_0p5db_5deg,draw2,phi,0.14000000059604645,0.25016667926357267,-1.5905448999265386
cal_0p5db_5deg,draw2,phi,0.15000000596046448,0.1928571564418955,-1.7386266769722913
cal_0p5db_5deg,draw2,phi,0.1599999964237213,0.13812061735847214,-1.826804590026134
cal_0p5db_5deg,draw2,phi,0.17000000178813934,0.08688596105367594,-1.8564553437585505
cal_0p5db_5deg,draw2,phi,0.18000000715255737,0.04005839704691859,-1.8305308885047256
cal_0p5db_5deg,draw2,phi,0.1899999976158142,-0.0015223223689876221,-1.7534350209094771
cal_0p5db_5deg,draw2,phi,0.20000000298023224,-0.037122984212437794,-1.6308497619523
cal_0p5db_5deg,draw2,phi,0.20999999344348907,-0.06615533940761996,-1.4695185421912305
cal_0p5db_5deg,draw2,phi,0.2199999988079071,-0.08820997716517964,-1.2769948942825464
cal_0p5db_5deg,draw2,phi,0.23000000417232513,-0.10308392287916386,-1.0613666587082684
cal_0p5db_5deg,draw2,phi,0.23999999463558197,-0.11080048037822929,-0.8309665968804443
cal_0p5db_5deg,draw2,phi,0.25,-0.11162015684682008,-0.5940807409626893
cal_0p5db_5deg,draw2,phi,0.25999999046325684,-0.1060418831069685,-0.358665775777918
cal_0p5db_5deg,draw2,phi,0.27000001072883606,-0.09479415714317416,-0.1320862489743538
cal_0p5db_5deg,draw2,phi,0.2800000011920929,-0.0788161767704231,0.0791185351033223
cal_0p5db_5deg,draw2,phi,0.28999999165534973,-0.059229469070912776,0.2694294222417509
cal_0p5db_5deg,draw2,phi,0.30000001192092896,-0.03730095024845445,0.4344972800340182
cal_0p5db_5deg,draw2,phi,0.3100000023841858,-0.01439874101949198,0.5712429447280907
cal_0p5db_5deg,draw2,phi,0.3199999928474426,0.008057597888167824,0.6779044817078832
cal_0p5db_5deg,draw2,phi,0.33000001311302185,0.028650473430419855,0.7540312163407898
cal_0p5db_5deg,draw2,phi,0.3400000035762787,0.046019182105864226,0.8004262051779474
cal_0p5db_5deg,draw2,phi,0.3499999940395355,0.058914113492787114,0.8190409313360302
cal_0p5db_5deg,draw2,phi,0.36000001430511475,0.06624799367429635,0.8128279327880406
cal_0p5db_5deg,draw2,phi,0.3700000047683716,0.06714201283958961,0.7855587274225985
cal_0p5db_5deg,draw2,phi,0.3799999952316284,0.06096485992062075,0.741615715452169
cal_0p5db_5deg,draw2,phi,0.38999998569488525,0.047362951291601375,0.6857676645221598
cal_0p5db_5deg,draw2,phi,0.4000000059604645,0.02628047970231931,0.6229388795237585
cal_0p5db_5deg,draw2,phi,0.4099999964237213,-0.0020316901651176466,0.5579822103377308
cal_0p5db_5deg,draw2,phi,0.41999998688697815,-0.03701880842251239,0.4954656587633228
cal_0p5db_5deg,draw2,phi,0.4300000071525574,-0.0778367672735588,0.43948153229543174
cal_0p5db_5deg,draw2,phi,0.4399999976158142,-0.12337795040021465,0.3934858971041561
cal_0p5db_5deg,draw2,phi,0.44999998807907104,-0.17230752312624753,0.36017456193511166
cal_0p5db_5deg,draw2,phi,0.46000000834465027,-0.22310885273772163,0.3414000490237639
cal_0p5db_5deg,draw2,phi,0.4699999988079071,-0.274136370757789,0.33813205863583173
cal_0p5db_5deg,draw2,phi,0.47999998927116394,-0.3236738791734029,0.3504618988231538
cal_0p5db_5deg,draw2,phi,0.49000000953674316,-0.36999607380600924,0.3776493229955217
cal_0p5db_5deg,draw2,phi,0.5,-0.4114309200029408,0.41820828573615904
cal_0p5db_5deg,draw2,phi,0.5099999904632568,-0.44642047455770867,0.47002637791236446
cal_0p5db_5deg,draw2,phi,0.5199999809265137,-0.4735778051039816,0.5305112129446563
cal_0p5db_5deg,draw2,phi,0.5299999713897705,-0.491737811847695,0.5967558724989412
cal_0p5db_5deg,draw2,phi,0.5400000214576721,-0.5,0.6657147324039793
cal_0p5db_5deg,draw2,phi,0.550000011920929,-0.49776157443776164,0.7343806117605245
cal_0p5db_5deg,draw2,phi,0.5600000023841858,-0.4847396173648911,0.7999542349860778
cal_0p5db_5deg,draw2,phi,0.5699999928474426,-0.4609815487066373,0.8599974637894912
cal_0p5db_5deg,draw2,phi,0.5799999833106995,-0.4268635391857391,0.9125626207461826
cal_0p5db_5deg,draw2,phi,0.5899999737739563,-0.3830770277579895,0.9562914473539585
cal_0p5db_5deg,draw2,phi,0.6000000238418579,-0.33060396813499504,0.9904787602987839
cal_0p5db_5deg,draw2,phi,0.6100000143051147,-0.27068187372472596,1.0150976198131514
cal_0p5db_5deg,draw2,phi,0.6200000047683716,-0.20476012797468598,1.0307847228368505
cal_0p5db_5deg,draw2,phi,0.6299999952316284,-0.13444936136519764,1.0387866938722077
cal_0p5db_5deg,draw2,phi,0.6399999856948853,-0.06146595348716218,1.0408698778565721
cal_0p5db_5deg,draw2,phi,0.6499999761581421,0.012426111595753712,1.039198053184792
cal_0p5db_5deg,draw2,phi,0.6600000262260437,0.08547373272833171,1.0361840955430417
cal_0p5db_5deg,draw2,phi,0.6700000166893005,0.15599123856519495,1.034322959753176
cal_0p5db_5deg,draw2,phi,0.6800000071525574,0.22241282642774665,1.0360143449637338
cal_0p5db_5deg,draw2,phi,0.6899999976158142,0.28333893045362074,1.0433840209550955
cal_0p5db_5deg,draw2,phi,0.699999988079071,0.33757484105790436,1.0581129899928126
cal_0p5db_5deg,draw2,phi,0.7099999785423279,0.3841602493540687,1.0812834281291757
cal_0p5db_5deg,draw2,phi,0.7200000286102295,0.4223887931199162,1.1132496998628088
cal_0p5db_5deg,draw2,phi,0.7300000190734863,0.4518171173873944,1.1535416972508687
cal_0p5db_5deg,draw2,phi,0.7400000095367432,0.4722634136966086,1.2008063633183441
cal_0p5db_5deg,draw2,phi,0.75,0.48379584789403274,1.252791580156696
cal_0p5db_5deg,draw2,phi,0.7599999904632568,0.4867117078356739,1.306374707903999
cal_0p5db_5deg,draw2,phi,0.7699999809265137,0.48150848142937624,1.3576360353167727
cal_0p5db_5deg,draw2,phi,0.7799999713897705,0.46884839603835565,1.4019753356963278
cal_0p5db_5deg,draw2,phi,0.7900000214576721,0.4495181989559581,1.4342677057376105
cal_0p5db_5deg,draw2,phi,0.800000011920929,0.42438612527340425,1.4490529899784312
cal_0p5db_5deg,draw2,phi,0.8100000023841858,0.3943580774916522,1.440751444824837
cal_0p5db_5deg,draw2,phi,0.8199999928474426,0.36033502810843576,1.403896949060821
cal_0p5db_5deg,draw2,phi,0.8299999833106995,0.3231735536101041,1.3333780849662902
cal_0p5db_5deg,draw2,phi,0.8399999737739563,0.2836512212369902,1.2246768427044947
cal_0p5db_5deg,draw2,phi,0.8500000238418579,0.2424382876913101,1.074094569793698
cal_0p5db_5deg,draw2,phi,0.8600000143051147,0.20007684402075956,0.8789551074333662
cal_0p5db_5deg,draw2,phi,0.8700000047683716,0.1569681683634392,0.6377758167593482
cal_0p5db_5deg,draw2,phi,0.8799999952316284,0.11336864524776952,0.35039837198673046
cal_0p5db_5deg,draw2,phi,0.8899999856948853,0.06939419514755311,0.0180727369511238
cal_0p5db_5deg,draw2,phi,0.8999999761581421,0.025032749893619043,-0.35651041631268066
cal_0p5db_5deg,draw2,phi,0.9100000262260437,-0.019836073151122492,-0.7692415202063839
cal_0p5db_5deg,draw2,phi,0.9200000166893005,-0.0654152852364274,-1.2146686214054534
cal_0p5db_5deg,draw2,phi,0.9300000071525574,-0.11196029773354255,-1.686126800797575
cal_0p5db_5deg,draw2,phi,0.9399999976158142,-0.159745831314879,-2.1759165133311487
cal_0p5db_5deg,draw2,phi,0.949999988079071,-0.2090317742205485,-2.675524798659241
cal_0p5db_5deg,draw2,phi,0.9599999785423279,-0.2600298461617007,-3.1758814871563343
cal_0p5db_5deg,draw2,phi,0.9700000286102295,-0.312872881635574,-3.66764101108114
cal_0p5db_5deg,draw2,phi,0.9800000190734863,-0.3675884177818943,-4.141479293258453
cal_0p5db_5deg,draw2,phi,0.9900000095367432,-0.4240780633130314,-4.588394475694029
cal_0p5db_5deg,draw2,phi,1.0,-0.48210384603476597,-5.0
cal_1db_10deg,draw0,theta,0.10000000149011612,-0.22302031097844957,10.0
cal_1db_10deg,draw0,theta,0.10999999940395355,-0.2673374359585439,9.005985830511982
cal_1db_10deg,draw0,theta,0.11999999731779099,-0.3133592875705517,7.957211923448155
cal_1db_10deg,draw0,theta,0.12999999523162842,-0.35938817814635676,6.864572908550936
cal_1db_10deg,draw0,theta,0.14000000059604645,-0.40375415194362463,5.7414324964965555
cal_1db_10deg,draw0,theta,0.15000000596046448,-0.44487782505541823,4.60332207350592
cal_1db_10deg,draw0,theta,0.1599999964237213,-0.4813272230499342,3.4675259775804124
cal_1db_10deg,draw0,theta,0.17000000178813934,-0.5118664010575313,2.352567684396669
cal_1db_10deg,draw0,theta,0.18000000715255737,-0.5354940328249103,1.2776159044516802
cal_1db_10deg,draw0,theta,0.1899999976158142,-0.551470630061551,0.2618335973047231
cal_1db_10deg,draw0,theta,0.20000000298023224,-0.5593335797129567,-0.6763040410935393
cal_1db_10deg,draw0,theta,0.20999999344348907,-0.5588997409970529,-1.519694610045013
cal_1db_10deg,draw0,theta,0.2199999988079071,-0.5502559014527557,-2.2532677898717988
cal_1db_10deg,draw0,theta,0.23000000417232513,-0.5337379272101238,-2.864590600241338
cal_1db_10deg,draw0,theta,0.23999999463558197,-0.5098999336386294,-3.344392064210952
cal_1db_10deg,draw0,theta,0.25,-0.47947522703776113,-3.6869835948209406
cal_1db_10deg,draw0,theta,0.25999999046325684,-0.4433311077469256,-3.8905553598955267
cal_1db_10deg,draw0,theta,0.27000001072883606,-0.40241986548324565,-3.9573337143980076
cal_1db_10deg,draw0,theta,0.2800000011920929,-0.3577284288756703,-3.8935903181637337
cal_1db_10deg,draw0,theta,0.28999999165534973,-0.3102291479832833,-3.7094995488094
cal_1db_10deg,draw0,theta,0.30000001192092896,-0.26083409112718825,-3.4188470224740386
cal_1db_10deg,draw0,theta,0.3100000023841858,-0.21035503080397486,-3.038598185712649
cal_1db_10deg,draw0,theta,0.3199999928474426,-0.15947098782847016,-2.588341778147269
cal_1db_10deg,draw0,theta,0.33000001311302185,-0.10870481262831648,-2.0896282374085042
cal_1db_10deg,draw0,theta,0.3400000035762787,-0.05840982599415208,-1.5652275985408797
cal_1db_10deg,draw0,theta,0.3499999940395355,-0.008767039726764554,-1.0383349353615752
cal_1db_10deg,draw0,theta,0.36000001430511475,0.04020704634224357,-0.5317537485598895
cal_1db_10deg,draw0,theta,0.3700000047683716,0.08864259644948663,-0.06708881992546331
cal_1db_10deg,draw0,theta,0.3799999952316284,0.1367895616089752,0.3360201280549721
cal_1db_10deg,draw0,theta,0.38999998569488525,0.18498324166003668,0.6605940999760557
cal_1db_10deg,draw0,theta,0.4000000059604645,0.23360413328321403,0.8929126613766172
cal_1db_10deg,draw0,theta,0.4099999964237213,0.2830342017259115,1.0229906069523098
cal_1db_10deg,draw0,theta,0.41999998688697815,0.33361190476202407,1.0449149262711108
cal_1db_10deg,draw0,theta,0.4300000071525574,0.38558837883675523,0.957029090972063
cal_1db_10deg,draw0,theta,0.4399999976158142,0.4390871653183296,0.761957782186623
cal_1db_10deg,draw0,theta,0.44999998807907104,0.49406971030562347,0.46647155091008285
cal_1db_10deg,draw0,theta,0.46000000834465027,0.5503086206158856,0.0811972907744564
cal_1db_10deg,draw0,theta,0.4699999988079071,0.6073703123065668,-0.37981346474115163
cal_1db_10deg,draw0,theta,0.47999998927116394,0.6646082616171327,-0.8996407860143696
cal_1db_10deg,draw0,theta,0.49000000953674316,0.7211675804699086,-1.4591546184587034
cal_1db_10deg,draw0,theta,0.5,0.7760011114025527,-2.0377486346485636
cal_1db_10deg,draw0,theta,0.5099999904632568,0.8278966936581771,-2.6141203947776273
cal_1db_10deg,draw0,theta,0.5199999809265137,0.8755147176076254,-3.167066937655526
cal_1db_10deg,draw0,theta,0.5299999713897705,0.9174345829491837,-3.6762646018578824
cal_1db_10deg,draw0,theta,0.5400000214576721,0.9522082301276458,-4.123002843606132
cal_1db_10deg,draw0,theta,0.550000011920929,0.9784185446973913,-4.490844026529654
cal_1db_10deg,draw0,theta,0.5600000023841858,0.9947401582206934,-4.766184508027458
cal_1db_10deg,draw0,theta,0.5699999928474426,1.0,-4.938696688663759
cal_1db_10deg,draw0,theta,0.5799999833106995,0.9932349001057861,-5.001636834408384
cal_1db_10deg,draw0,theta,0.5899999737739563,0.9737436093512399,-4.952009202759586
cal_1db_10deg,draw0,theta,0.6000000238418579,0.9411307844306626,-4.790583055502514
cal_1db_10deg,draw0,theta,0.6100000143051147,0.8953407795557246,-4.521765262905402
cal_1db_10deg,draw0,theta,0.6200000047683716,0.8366794778710012,-4.153337134875948
cal_1db_10deg,draw0,theta,0.6299999952316284,0.7658228705796616,-3.6960696021440236
cal_1db_10deg,draw0,theta,0.6399999856948853,0.6838116292135317,-3.163235683734439
cal_1db_10deg,draw0,theta,0.6499999761581421,0.592031494120301,-2.5700431152888603
cal_1db_10deg,draw0,theta,0.6600000262260437,0.4921798954034185,-1.9330129148200998
cal_1db_10deg,draw0,theta,0.6700000166893005,0.38621980579749143,-1.2693314128970914
cal_1db_10deg,draw0,theta,0.6800000071525574,0.2763223731277307,-0.5962038085747473
cal_1db_10deg,draw0,theta,0.6899999976158142,0.16480036928763292,0.06976338045975738
cal_1db_10deg,draw0,theta,0.699999988079071,0.054034901680777105,0.7131254824365711
cal_1db_10deg,draw0,theta,0.7099999785423279,-0.05360185624340972,1.320085927397585
cal_1db_10deg,draw0,theta,0.7200000286102295,-0.1558249602951809,1.8788869877678025
cal_1db_10deg,draw0,theta,0.7300000190734863,-0.2505129846137946,2.380091080348271
cal_1db_10deg,draw0,theta,0.7400000095367432,-0.3357793208473473,2.8167439417720037
cal_1db_10deg,draw0,theta,0.75,-0.41003567631861243,3.1844165387582404
cal_1db_10deg,draw0,theta,0.7599999904632568,-0.47204525004946557,3.4811281874381144
cal_1db_10deg,draw0,theta,0.7699999809265137,-0.5209634613140668,3.707158780883559
cal_1db_10deg,draw0,theta,0.7799999713897705,-0.5563645907796277,3.864763018783445
cal_1db_10deg,draw0,theta,0.7900000214576721,-0.5782532492099576,3.9578038764393635
cal_1db_10deg,draw0,theta,0.800000011920929,-0.5870601900877369,3.991326050535836
cal_1db_10deg,draw0,theta,0.8100000023841858,-0.58362260527849,3.97109262368489
cal_1db_10deg,draw0,theta,0.8199999928474426,-0.5691496609917859,3.9031095910089624
cal_1db_10deg,draw0,theta,0.8299999833106995,-0.5451746189443643,3.7931631323768036
cal_1db_10deg,draw0,theta,0.8399999737739563,-0.5134954202249693,3.6463935880738614
cal_1db_10deg,draw0,theta,0.8500000238418579,-0.4761060646620611,3.4669280508951346
cal_1db_10deg,draw0,theta,0.8600000143051147,-0.43512147754601693,3.257590421415782
cal_1db_10deg,draw0,theta,0.8700000047683716,-0.3926988034927378,3.0197038289263283
cal_1db_10deg,draw0,theta,0.8799999952316284,-0.35095819391781424,2.7529956810494287
cal_1db_10deg,draw0,theta,0.8899999856948853,-0.31190615503781094,2.4556104844593367
cal_1db_10deg,draw0,theta,0.8999999761581421,-0.27736439790896533,2.124230213144789
cal_1db_10deg,draw0,theta,0.9100000262260437,-0.2489068864735352,1.7542966361645052
cal_1db_10deg,draw0,theta,0.9200000166893005,-0.22780742471420157,1.3403249008205276
cal_1db_10deg,draw0,theta,0.9300000071525574,-0.2149996752320429,0.8762930356651077
cal_1db_10deg,draw0,theta,0.9399999976158142,-0.2110509782172851,0.3560881053202125
cal_1db_10deg,draw0,theta,0.949999988079071,-0.2161507643263025,-0.22601330081606674
cal_1db_10deg,draw0,theta,0.9599999785423279,-0.23011375199060538,-0.8748545871580814
cal_1db_10deg,draw0,theta,0.9700000286102295,-0.25239751480377187,-1.593923917337949
cal_1db_10deg,draw0,theta,0.9800000190734863,-0.2821334234565142,-2.38491919143973
cal_1db_10deg,draw0,theta,0.9900000095367432,-0.3181694336682303,-3.2473767573775563
cal_1db_10deg,draw0,theta,1.0,-0.3591227289494761,-4.1783848250457325
cal_1db_10deg,draw0,phi,0.10000000149011612,0.2869696901423412,8.405257464562922
cal_1db_10deg,draw0,phi,0.10999999940395355,0.22225630129004756,8.119227230908248
cal_1db_10deg,draw0,phi,0.11999999731779099,0.17083183749555902,7.834218685827442
cal_1db_10deg,draw0,phi,0.12999999523162842,0.13308532144633609,7.546970164024046
cal_1db_10deg,draw0,phi,0.14000000059604645,0.10895094132408914,7.252420732469716
cal_1db_10deg,draw0,phi,0.15000000596046448,0.09790265076014042,6.943935222783009
cal_1db_10deg,draw0,phi,0.1599999964237213,0.09896626880051936,6.61363119843696
cal_1db_10deg,draw0,phi,0.17000000178813934,0.11074890673118923,6.2527940925306424
cal_1db_10deg,draw0,phi,0.18000000715255737,0.13148483457726953,5.852362255296036
cal_1db_10deg,draw0,phi,0.1899999976158142,0.15909621636706814,5.403459948190315
cal_1db_10deg,draw0,phi,0.20000000298023224,0.19126651905439543,4.897953587717139
cal_1db_10deg,draw0,phi,0.20999999344348907,0.2255238621126827,4.329004908927867
cal_1db_10deg,draw0,phi,0.2199999988079071,0.2593311464616607,3.6915942692950363
cal_1db_10deg,draw0,phi,0.23000000417232513,0.2901795011809512,2.982988079386055
cal_1db_10deg,draw0,phi,0.23999999463558197,0.31568142762157353,2.2031263046157363
cal_1db_10deg,draw0,phi,0.25,0.333660010280893,1.3549090562955046
cal_1db_10deg,draw0,phi,0.25999999046325684,0.3422307030894135,0.4443653541900932
cal_1db_10deg,draw0,phi,0.27000001072883606,0.3398724831456938,-0.5193079738620842
cal_1db_10deg,draw0,phi,0.2800000011920929,0.32548557987448135,-1.5238437950487107
cal_1db_10deg,draw0,phi,0.28999999165534973,0.29843351887762176,-2.554139247605261
cal_1db_10deg,draw0,phi,0.30000001192092896,0.25856784429237145,-3.5926220699433458
cal_1db_10deg,draw0,phi,0.3100000023841858,0.20623457519739444,-4.619737514119114
cal_1db_10deg,draw0,phi,0.3199999928474426,0.1422621815929512,-5.614539224083294
cal_1db_10deg,draw0,phi,0.33000001311302185,0.06793160319694623,-6.555362647944195
cal_1db_10deg,draw0,phi,0.3400000035762787,-0.01507045109318155,-7.420555596985343
cal_1db_10deg,draw0,phi,0.3499999940395355,-0.1047130235412389,-8.189237641770822
cal_1db_10deg,draw0,phi,0.36000001430511475,-0.198694766957928,-8.842058282963066
cal_1db_10deg,draw0,phi,0.3700000047683716,-0.29452718566362557,-9.361923337268411
cal_1db_10deg,draw0,phi,0.3799999952316284,-0.3896239479354927,-9.734659769266234
cal_1db_10deg,draw0,phi,0.38999998569488525,-0.48139274555159,-9.949591254472914
cal_1db_10deg,draw0,phi,0.4000000059604645,-0.5673261084037304,-10.0
cal_1db_10deg,draw0,phi,0.4099999964237213,-0.6450876632205789,-9.883454647371213
cal_1db_10deg,draw0,phi,0.41999998688697815,-0.7125905509422775,-9.601989262282354
cal_1db_10deg,draw0,phi,0.4300000071525574,-0.7680650768004533,-9.16212426458365
cal_1db_10deg,draw0,phi,0.4399999976158142,-0.8101131445959378,-8.574726425339303
cal_1db_10deg,draw0,phi,0.44999998807907104,-0.8377476009845676,-7.8547114942093845
cal_1db_10deg,draw0,phi,0.46000000834465027,-0.8504152616971364,-7.020599349502765
cal_1db_10deg,draw0,phi,0.4699999988079071,-0.8480030815112654,-6.093937518718081
cal_1db_10deg,draw0,phi,0.47999998927116394,-0.8308276337200549,-5.098614248068354
cal_1db_10deg,draw0,phi,0.49000000953674316,-0.7996087526373001,-4.060086780216954
cal_1db_10deg,draw0,phi,0.5,-0.7554288350543008,-3.0045539407667947
cal_1db_10deg,draw0,phi,0.5099999904632568,-0.6996798663765759,-1.9581043903153748
cal_1db_10deg,draw0,phi,0.5199999809265137,-0.6340007105913512,-0.9458728746089922
cal_1db_10deg,draw0,phi,0.5299999713897705,-0.560207560753914,0.008763540772516365
cal_1db_10deg,draw0,phi,0.5400000214576721,-0.48022067400126095,0.8849189179538004
cal_1db_10deg,draw0,phi,0.550000011920929,-0.3959906036377434,1.6648341334262784
cal_1db_10deg,draw0,phi,0.5600000023841858,-0.309427088134698,2.334391365374315
cal_1db_10deg,draw0,phi,0.5699999928474426,-0.22233356668160356,2.8834888927780753
cal_1db_10deg,draw0,phi,0.5799999833106995,-0.13634997295834492,3.3062634025834954
cal_1db_10deg,draw0,phi,0.5899999737739563,-0.052906028352744314,3.6011531819146
cal_1db_10deg,draw0,phi,0.6000000238418579,0.02681326693678433,3.7708019879641155
cal_1db_10deg,draw0,phi,0.6100000143051147,0.10188883751128822,3.82180976906451
cal_1db_10deg,draw0,phi,0.6200000047683716,0.1716749560274081,3.764342489090337
cal_1db_10deg,draw0,phi,0.6299999952316284,0.23579305604082107,3.6116188301602126
cal_1db_10deg,draw0,phi,0.6399999856948853,0.29411273303290963,3.3792962866383744
cal_1db_10deg,draw0,phi,0.6499999761581421,0.34672131637775405,3.0847829221504623
cal_1db_10deg,draw0,phi,0.6600000262260437,0.3938839086618089,2.746503688876155
cal_1db_10deg,draw0,phi,0.6700000166893005,0.4359962091796568,2.3831516019883994
cal_1db_10deg,draw0,phi,0.6800000071525574,0.4735327471314423,2.0129541723343793
cal_1db_10deg,draw0,phi,0.6899999976158142,0.5069933336589122,1.652984333126792
cal_1db_10deg,draw0,phi,0.699999988079071,0.536850592660593,1.3185427121746445
cal_1db_10deg,draw0,phi,0.7099999785423279,0.5635013466024599,1.0226346126426924
cal_1db_10deg,draw0,phi,0.7200000286102295,0.5872244196307104,0.7755606319864294
cal_1db_10deg,draw0,phi,0.7300000190734863,0.608147086399415,0.584634669846503
cal_1db_10deg,draw0,phi,0.7400000095367432,0.6262219567465187,0.4540373815468386
cal_1db_10deg,draw0,phi,0.75,0.6412155639813095,0.38480717549751353
cal_1db_10deg,draw0,phi,0.7599999904632568,0.6527093421664913,0.3749648911409549
cal_1db_10deg,draw0,phi,0.7699999809265137,0.6601130621800797,0.4197625883854544
cal_1db_10deg,draw0,phi,0.7799999713897705,0.662690175831652,0.5120416761269885
cal_1db_10deg,draw0,phi,0.7900000214576721,0.6595939204386132,0.642681129240389
cal_1db_10deg,draw0,phi,0.800000011920929,0.6499124905693255,0.8011129798393566
cal_1db_10deg,draw0,phi,0.8100000023841858,0.6327211144021689,0.9758797677604909
cal_1db_10deg,draw0,phi,0.8199999928474426,0.6071385012146207,1.1552072974794594
cal_1db_10deg,draw0,phi,0.8299999833106995,0.5723848714140396,1.327565922429642
cal_1db_10deg,draw0,phi,0.8399999737739563,0.5278386535994942,1.4821946575088458
cal_1db_10deg,draw0,phi,0.8500000238418579,0.47308894102407245,1.6095646475600969
cal_1db_10deg,draw0,phi,0.8600000143051147,0.40798094309695965,1.701761784318193
cal_1db_10deg,draw0,phi,0.8700000047683716,0.33265194073269844,1.7527724116577001
cal_1db_10deg,draw0,phi,0.8799999952316284,0.24755564607652375,1.7586608953263985
cal_1db_10deg,draw0,phi,0.8899999856948853,0.1534733606955883,1.7176331352043714
cal_1db_10deg,draw0,phi,0.8999999761581421,0.05151090036627401,1.6299856221419329
cal_1db_10deg,draw0,phi,0.9100000262260437,-0.0569191159690675,1.497945135256174
cal_1db_10deg,draw0,phi,0.9200000166893005,-0.17012935835369578,1.3254093891145355
cal_1db_10deg,draw0,phi,0.9300000071525574,-0.2862033486027904,1.1176036367917779
cal_1db_10deg,draw0,phi,0.9399999976158142,-0.40305295812708836,0.8806722015385711
cal_1db_10deg,draw0,phi,0.949999988079071,-0.5184857387677372,0.6212269672788848
cal_1db_10deg,draw0,phi,0.9599999785423279,-0.6302795025467817,0.3458768682050298
cal_1db_10deg,draw0,phi,0.9700000286102295,-0.7362611906484089,0.06076328964849207
cal_1db_10deg,draw0,phi,0.9800000190734863,-0.8343868204272964,-0.22887401307950894
cal_1db_10deg,draw0,phi,0.9900000095367432,-0.922819184060222,-0.5190773401125236
cal_1db_10deg,draw0,phi,1.0,-1.0,-0.8074772447939151
cal_1db_10deg,draw1,theta,0.10000000149011612,1.0,0.14149300504225593
cal_1db_10deg,draw1,theta,0.10999999940395355,0.9827425112286114,0.41521313364398005
cal_1db_10deg,draw1,theta,0.11999999731779099,0.9545852590451189,0.6851717080671438
cal_1db_10deg,draw1,theta,0.12999999523162842,0.9151419432502865,0.9500301326427845
cal_1db_10deg,draw1,theta,0.14000000059604645,0.8643394479644061,1.2067643660004521
cal_1db_10deg,draw1,theta,0.15000000596046448,0.8024333833007283,1.4509171215481969
cal_1db_10deg,draw1,theta,0.1599999964237213,0.7300118020822685,1.676935487354906
cal_1db_10deg,draw1,theta,0.17000000178813934,0.6479867244066037,1.8785755063197571
cal_1db_10deg,draw1,theta,0.18000000715255737,0.5575735933344157,2.0493520228289883
cal_1db_10deg,draw1,theta,0.1899999976158142,0.46025927444188464,2.1830098978162042
cal_1db_10deg,draw1,theta,0.20000000298023224,0.3577596797693431,2.273991620664531
cal_1db_10deg,draw1,theta,0.20999999344348907,0.25196852300346634,2.3178764530043843
cal_1db_10deg,draw1,theta,0.2199999988079071,0.1448990794360618,2.3117675221353635
cal_1db_10deg,draw1,theta,0.23000000417232513,0.0386211157228463,2.254605683347812
cal_1db_10deg,draw1,theta,0.23999999463558197,-0.06480464174549495,2.1473923830210255
cal_1db_10deg,draw1,theta,0.25,-0.16339202371633404,1.9933080243522179
cal_1db_10deg,draw1,theta,0.25999999046325684,-0.25529243786029215,1.7977172721903325
cal_1db_10deg,draw1,theta,0.27000001072883606,-0.33885300449239486,1.5680581094687385
cal_1db_10deg,draw1,theta,0.2800000011920929,-0.41266761424807746,1.3136170313046844
cal_1db_10deg,draw1,theta,0.28999999165534973,-0.4756189963236641,1.0451982803434492
cal_1db_10deg,draw1,theta,0.30000001192092896,-0.5269102462378561,0.7747002362643953
cal_1db_10deg,draw1,theta,0.3100000023841858,-0.5660846850464296,0.5146167341715888
cal_1db_10deg,draw1,theta,0.3199999928474426,-0.5930333897805049,0.27748498493547014
cal_1db_10deg,draw1,theta,0.33000001311302185,-0.6079902279367267,0.07530472261766478
cal_1db_10deg,draw1,theta,0.3400000035762787,-0.6115147264493838,-0.08104493157217542
cal_1db_10deg,draw1,theta,0.3499999940395355,-0.6044635868970833,-0.18236371646886973
cal_1db_10deg,draw1,theta,0.36000001430511475,-0.5879521036627027,-0.22163695714200657
cal_1db_10deg,draw1,theta,0.3700000047683716,-0.5633071319019431,-0.1944658885710011
cal_1db_10deg,draw1,theta,0.3799999952316284,-0.532013571402799,-0.09939959001182971
cal_1db_10deg,draw1,theta,0.38999998569488525,-0.4956565677323588,0.061849535446114726
cal_1db_10deg,draw1,theta,0.4000000059604645,-0.4558617740921887,0.28432001744430796
cal_1db_10deg,draw1,theta,0.4099999964237213,-0.4142360606818419,0.5598531480952365
cal_1db_10deg,draw1,theta,0.41999998688697815,-0.37231100198133255,0.8772843508823935
cal_1db_10deg,draw1,theta,0.4300000071525574,-0.33149131935819054,1.222770010388365
cal_1db_10deg,draw1,theta,0.4399999976158142,-0.293010214053344,1.5802397298234205
cal_1db_10deg,draw1,theta,0.44999998807907104,-0.25789320496405876,1.9319583789491275
cal_1db_10deg,draw1,theta,0.46000000834465027,-0.22693170108152008,2.2591772880622303
cal_1db_10deg,draw1,theta,0.4699999988079071,-0.2006671069798534,2.5428497569430992
cal_1db_10deg,draw1,theta,0.47999998927116394,-0.17938580033322504,2.764382869581124
cal_1db_10deg,draw1,theta,0.49000000953674316,-0.16312485308591626,2.906395582002758
cal_1db_10deg,draw1,theta,0.5,-0.15168791285757482,2.9534522785034256
cal_1db_10deg,draw1,theta,0.5099999904632568,-0.14467023800490755,2.892741514404045
cal_1db_10deg,draw1,theta,0.5199999809265137,-0.14149150653739445,2.7146714689383944
cal_1db_10deg,draw1,theta,0.5299999713897705,-0.14143471155621412,2.4133566526175003
cal_1db_10deg,draw1,theta,0.5400000214576721,-0.14368922683513688,1.9869745294872099
cal_1db_10deg,draw1,theta,0.550000011920929,-0.14739598485134517,1.4379757586648942
cal_1db_10deg,draw1,theta,0.5600000023841858,-0.15169266135354806,0.7731375235484241
cal_1db_10deg,draw1,theta,0.5699999928474426,-0.15575680664622926,0.0034556616805030173
cal_1db_10deg,draw1,theta,0.5799999833106995,-0.15884500122949344,-0.8561222274017037
cal_1db_10deg,draw1,theta,0.5899999737739563,-0.16032633530291704,-1.7871141059296234
cal_1db_10deg,draw1,theta,0.6000000238418579,-0.1597088072631639,-2.7680565706998292
cal_1db_10deg,draw1,theta,0.6100000143051147,-0.15665759183245956,-3.7751734776721975
cal_1db_10deg,draw1,theta,0.6200000047683716,-0.15100452739586243,-4.783135216623634
cal_1db_10deg,draw1,theta,0.6299999952316284,-0.14274859619815147,-5.765880038333291
cal_1db_10deg,draw1,theta,0.6399999856948853,-0.13204760092229711,-6.697466305769412
cal_1db_10deg,draw1,theta,0.6499999761581421,-0.11920165733554673,-7.552923281281307
cal_1db_10deg,draw1,theta,0.6600000262260437,-0.1046295063356259,-8.309068126779094
cal_1db_10deg,draw1,theta,0.6700000166893005,-0.08883898257710532,-8.945258180085116
cal_1db_10deg,draw1,theta,0.6800000071525574,-0.07239324591977486,-9.444050218862124
cal_1db_10deg,draw1,theta,0.6899999976158142,-0.0558745741872356,-9.791742221145872
cal_1db_10deg,draw1,theta,0.699999988079071,-0.03984762261353276,-9.978777917360484
cal_1db_10deg,draw1,theta,0.7099999785423279,-0.02482407221138018,-10.0
cal_1db_10deg,draw1,theta,0.7200000286102295,-0.01123051550907202,-9.85474397828443
cal_1db_10deg,draw1,theta,0.7300000190734863,0.0006187328408979063,-9.546771077693592
cal_1db_10deg,draw1,theta,0.7400000095367432,0.010542453760144154,-9.084045018399857
cal_1db_10deg,draw1,theta,0.75,0.018505832323788003,-8.478363692313094
cal_1db_10deg,draw1,theta,0.7599999904632568,0.024625483768802494,-7.744862437351414
cal_1db_10deg,draw1,theta,0.7699999809265137,0.029165825413158528,-6.901410543935245
cal_1db_10deg,draw1,theta,0.7799999713897705,0.03252684450198896,-5.967926619548836
cal_1db_10deg,draw1,theta,0.7900000214576721,0.035223733847762555,-4.965641320833506
cal_1db_10deg,draw1,theta,0.800000011920929,0.037859269950210786,-3.9163376255327105
cal_1db_10deg,draw1,theta,0.8100000023841858,0.041090173519103546,-2.841599198036107
cal_1db_10deg,draw1,theta,0.8199999928474426,0.04558900305773037,-1.7620964968967296
cal_1db_10deg,draw1,theta,0.8299999833106995,0.052003373862457826,-0.6969381304583464
cal_1db_10deg,draw1,theta,0.8399999737739563,0.06091445595976272,0.33688830950516474
cal_1db_10deg,draw1,theta,0.8500000238418579,0.07279677720350848,1.3249659653545787
cal_1db_10deg,draw1,theta,0.8600000143051147,0.08798133798396152,2.2557740609572137
cal_1db_10deg,draw1,theta,0.8700000047683716,0.10662393186482401,3.120879571558273
cal_1db_10deg,draw1,theta,0.8799999952316284,0.12868036620089446,3.9149918390695166
cal_1db_10deg,draw1,theta,0.8899999856948853,0.153889996587095,4.635882741409624
cal_1db_10deg,draw1,theta,0.8999999761581421,0.18176864064768627,5.284180804436111
cal_1db_10deg,draw1,theta,0.9100000262260437,0.21161153509186553,5.863052968557221
cal_1db_10deg,draw1,theta,0.9200000166893005,0.2425065624943889,6.377792360420308
cal_1db_10deg,draw1,theta,0.9300000071525574,0.27335751996503194,6.835334175851528
cal_1db_10deg,draw1,theta,0.9399999976158142,0.30291675067668616,7.243724496290747
cal_1db_10deg,draw1,theta,0.949999988079071,0.32982603105479064,7.611568426986965
cal_1db_10deg,draw1,theta,0.9599999785423279,0.3526642203402089,7.947484302358249
cal_1db_10deg,draw1,theta,0.9700000286102295,0.3699998525575972,8.259589847225984
cal_1db_10deg,draw1,theta,0.9800000190734863,0.38044659850383267,8.555044161051304
cal_1db_10deg,draw1,theta,0.9900000095367432,0.38271935892621617,8.83966630630811
cal_1db_10deg,draw1,theta,1.0,0.3756886776310482,9.117647279103661
cal_1db_10deg,draw1,phi,0.10000000149011612,-0.8389345144179146,10.0
cal_1db_10deg,draw1,phi,0.10999999940395355,-0.7581037006901677,8.525233171536197
cal_1db_10deg,draw1,phi,0.11999999731779099,-0.6666260419025303,7.056281715718277
cal_1db_10deg,draw1,phi,0.12999999523162842,-0.5647162231847366,5.618001184747385
cal_1db_10deg,draw1,phi,0.14000000059604645,-0.4530206017542041,4.233431219789207
cal_1db_10deg,draw1,phi,0.15000000596046448,-0.3326233557430746,2.9231258731610463
cal_1db_10deg,draw1,phi,0.1599999964237213,-0.2050347527300822,1.7046005285673353
cal_1db_10deg,draw1,phi,0.17000000178813934,-0.07216147370468429,0.5919141924310523
cal_1db_10deg,draw1,phi,0.18000000715255737,0.06374030837676134,-0.4046000690939472
cal_1db_10deg,draw1,phi,0.1899999976158142,0.20012765230371515,-1.278450229207506
cal_1db_10deg,draw1,phi,0.20000000298023224,0.33424723921415406,-2.0269462496794515
cal_1db_10deg,draw1,phi,0.20999999344348907,0.4632226844511083,-2.651013714614101
cal_1db_10deg,draw1,phi,0.2199999988079071,0.584149523641081,-3.154873110685628
cal_1db_10deg,draw1,phi,0.23000000417232513,0.6941942557637335,-3.545603188374683
cal_1db_10deg,draw1,phi,0.23999999463558197,0.7906936037893635,-3.8326114247395204
cal_1db_10deg,draw1,phi,0.25,0.8712500898084872,-4.027038116245571
cal_1db_10deg,draw1,phi,0.25999999046325684,0.9338201202509625,-4.141122917239929
cal_1db_10deg,draw1,phi,0.27000001072883606,0.9767910346408201,-4.187563617411243
cal_1db_10deg,draw1,phi,0.2800000011920929,0.9990439783878423,-4.17889658981642
cal_1db_10deg,draw1,phi,0.28999999165534973,1.0,-4.126926668831839
cal_1db_10deg,draw1,phi,0.30000001192092896,0.9796474237138512,-4.042231321475444
cal_1db_10deg,draw1,phi,0.3100000023841858,0.9385492830014406,-3.9337599963949526
cal_1db_10deg,draw1,phi,0.3199999928474426,0.8778303882022644,-3.8085446601395163
cal_1db_10deg,draw1,phi,0.33000001311302185,0.7991444097925773,-3.6715319866345126
cal_1db_10deg,draw1,phi,0.3400000035762787,0.7046221537573948,-3.525541708204058
cal_1db_10deg,draw1,phi,0.3499999940395355,0.5968029539058797,-3.371349537411935
cal_1db_10deg,draw1,phi,0.36000001430511475,0.4785517764441444,-3.2078871058978073
cal_1db_10deg,draw1,phi,0.3700000047683716,0.3529651966515878,-3.0325458095142728
cal_1db_10deg,draw1,phi,0.3799999952316284,0.2232698425447864,-2.841566549430943
cal_1db_10deg,draw1,phi,0.38999998569488525,0.0927171878975512,-2.630493337114264
cal_1db_10deg,draw1,phi,0.4000000059604645,-0.03552129487702375,-2.3946657677390095
cal_1db_10deg,draw1,phi,0.4099999964237213,-0.15845464771540704,-2.1297235940545924
cal_1db_10deg,draw1,phi,0.41999998688697815,-0.2733648301650705,-1.8320961294829783
cal_1db_10deg,draw1,phi,0.4300000071525574,-0.37788758959070784,-1.499449996336151
cal_1db_10deg,draw1,phi,0.4399999976158142,-0.47007886554730005,-1.1310707752841584
cal_1db_10deg,draw1,phi,0.44999998807907104,-0.5484644032229827,-0.7281573117422433
cal_1db_10deg,draw1,phi,0.46000000834465027,-0.612070949610934,-0.29401164742082114
cal_1db_10deg,draw1,phi,0.4699999988079071,-0.6604381660667845,0.16588742126077718
cal_1db_10deg,draw1,phi,0.47999998927116394,-0.6936111798235095,0.6439335313556762
cal_1db_10deg,draw1,phi,0.49000000953674316,-0.7121144814532965,1.1305651020270986
cal_1db_10deg,draw1,phi,0.5,-0.7169086221156933,1.6145552354719086
cal_1db_10deg,draw1,phi,0.5099999904632568,-0.7093318424116737,2.0834077533834785
cal_1db_10deg,draw1,phi,0.5199999809265137,-0.6910293455822987,2.523842624233554
cal_1db_10deg,draw1,phi,0.5299999713897705,-0.6638733877706086,2.922349435752703
cal_1db_10deg,draw1,phi,0.5400000214576721,-0.6298776785566867,3.26578390791889
cal_1db_10deg,draw1,phi,0.550000011920929,-0.5911097535375445,3.541979897912655
cal_1db_10deg,draw1,phi,0.5600000023841858,-0.5496049915366722,3.7403480440466197
cal_1db_10deg,draw1,phi,0.5699999928474426,-0.5072858031200121,3.8524321999184234
cal_1db_10deg,draw1,phi,0.5799999833106995,-0.4658892222651498,3.8723961341050908
cal_1db_10deg,draw1,phi,0.5899999737739563,-0.426905703481879,3.797415566884561
cal_1db_10deg,draw1,phi,0.6000000238418579,-0.3915313823754866,3.6279543790326856
cal_1db_10deg,draw1,phi,0.6100000143051147,-0.36063542340179405,3.3679086014276347
cal_1db_10deg,draw1,phi,0.6200000047683716,-0.33474338296504164,3.0246073748887077
cal_1db_10deg,draw1,phi,0.6299999952316284,-0.3140367901274747,2.608666217206652
cal_1db_10deg,draw1,phi,0.6399999856948853,-0.298368423225112,2.133694381870367
cal_1db_10deg,draw1,phi,0.6499999761581421,-0.28729207051455957,1.6158645587272509
cal_1db_10deg,draw1,phi,0.6600000262260437,-0.2801049368137839,1.0733593662017251
cal_1db_10deg,draw1,phi,0.6700000166893005,-0.27590032313381846,0.5257147429871074
cal_1db_10deg,draw1,phi,0.6800000071525574,-0.2736277855176638,-0.006914788570222588
cal_1db_10deg,draw1,phi,0.6899999976158142,-0.27215769050023014,-0.5045401647255853
cal_1db_10deg,draw1,phi,0.699999988079071,-0.2703469396104217,-0.9481396460549356
cal_1db_10deg,draw1,phi,0.7099999785423279,-0.2671026395213311,-1.3204456823025226
cal_1db_10deg,draw1,phi,0.7200000286102295,-0.2614406465062403,-1.6066839971957436
cal_1db_10deg,draw1,phi,0.7300000190734863,-0.25253620586660164,-1.7952335568678124
cal_1db_10deg,draw1,phi,0.7400000095367432,-0.23976432482461835,-1.8781788758703861
cal_1db_10deg,draw1,phi,0.75,-0.22272804129489915,-1.8517301440986713
cal_1db_10deg,draw1,phi,0.7599999904632568,-0.2012733565513579,-1.716491763782245
cal_1db_10deg,draw1,phi,0.7699999809265137,-0.17549025907530205,-1.4775658583733995
cal_1db_10deg,draw1,phi,0.7799999713897705,-0.1456999494551169,-1.144483906812814
cal_1db_10deg,draw1,phi,0.7900000214576721,-0.11242905076897425,-0.7309665917301261
cal_1db_10deg,draw1,phi,0.800000011920929,-0.07637222449577186,-0.25451893724042823
cal_1db_10deg,draw1,phi,0.8100000023841858,-0.03834517953655427,0.2641254436374464
cal_1db_10deg,draw1,phi,0.8199999928474426,0.000769464646697261,0.8016909557362794
cal_1db_10deg,draw1,phi,0.8299999833106995,0.040080642235526626,1.3331520223164925
cal_1db_10deg,draw1,phi,0.8399999737739563,0.07874858897342336,1.8326006178481358
cal_1db_10deg,draw1,phi,0.8500000238418579,0.11604274810129639,2.274156280921205
cal_1db_10deg,draw1,phi,0.8600000143051147,0.15139477369961798,2.6328837123759383
cal_1db_10deg,draw1,phi,0.8700000047683716,0.1844437805601582,2.8856826483823643
cal_1db_10deg,draw1,phi,0.8799999952316284,0.21507133504660025,3.0121157296643766
cal_1db_10deg,draw1,phi,0.8899999856948853,0.24342414715537244,2.995142524376455
cal_1db_10deg,draw1,phi,0.8999999761581421,0.26992298949008514,2.8217316017538367
cal_1db_10deg,draw1,phi,0.9100000262260437,0.2952570088803428,2.4833274398016396
cal_1db_10deg,draw1,phi,0.9200000166893005,0.3203632822172856,1.9761547776983406
cal_1db_10deg,draw1,phi,0.9300000071525574,0.34639216886462276,1.301349547312272
cal_1db_10deg,draw1,phi,0.9399999976158142,0.37465969603425675,0.4649124641449314
cal_1db_10deg,draw1,phi,0.949999988079071,0.4065888496740979,-0.5225115653992772
cal_1db_10deg,draw1,phi,0.9599999785423279,0.4436422025549887,-1.6460181526752922
cal_1db_10deg,draw1,phi,0.9700000286102295,0.4872487674851031,-2.8869757271542182
cal_1db_10deg,draw1,phi,0.9800000190734863,0.5387282954727014,-4.223683170523162
cal_1db_10deg,draw1,phi,0.9900000095367432,0.5992164301451768,-5.63212575245009
cal_1db_10deg,draw1,phi,1.0,0.6695941708839264,-7.086798716489402
cal_1db_10deg,draw2,theta,0.10000000149011612,0.5139309324751936,7.626282112391685
cal_1db_10deg,draw2,theta,0.10999999940395355,0.5040244569490546,7.806261925947196
cal_1db_10deg,draw2,theta,0.11999999731779099,0.4966352938379916,7.933623431389989
cal_1db_10deg,draw2,theta,0.12999999523162842,0.49061982823473343,7.98870151378693
cal_1db_10deg,draw2,theta,0.14000000059604645,0.48465688781003496,7.9534383634651284
cal_1db_10deg,draw2,theta,0.15000000596046448,0.47729992762840995,7.81213133951598
cal_1db_10deg,draw2,theta,0.1599999964237213,0.4670375604889028,7.552108216263173
cal_1db_10deg,draw2,theta,0.17000000178813934,0.4523599692049148,7.164301818133302
cal_1db_10deg,draw2,theta,0.18000000715255737,0.43182841791825294,6.643699823039907
cal_1db_10deg,draw2,theta,0.1899999976158142,0.4041448789048479,5.989650323851191
cal_1db_10deg,draw2,theta,0.20000000298023224,0.3682187194279871,5.206009384185699
cal_1db_10deg,draw2,theta,0.20999999344348907,0.32322745449329043,4.301123074753793
cal_1db_10deg,draw2,theta,0.2199999988079071,0.268668764509798,3.2876430694489307
cal_1db_10deg,draw2,theta,0.23000000417232513,0.20440129473600666,2.182181540858929
cal_1db_10deg,draw2,theta,0.23999999463558197,0.13067218336773553,1.0048175438306879
cal_1db_10deg,draw2,theta,0.25,0.048129789618789554,-0.22152695729545502
cal_1db_10deg,draw2,theta,0.25999999046325684,-0.04217930965346416,-1.4718180275337758
cal_1db_10deg,draw2,theta,0.27000001072883606,-0.1388293414168184,-2.7197199931857523
cal_1db_10deg,draw2,theta,0.2800000011920929,-0.24004999756250175,-3.938454142260164
cal_1db_10deg,draw2,theta,0.28999999165534973,-0.34377570011790454,-5.1016731796721775
cal_1db_10deg,draw2,theta,0.30000001192092896,-0.4477078142222752,-6.184318174672749
cal_1db_10deg,draw2,theta,0.3100000023841858,-0.5493875946437807,-7.16342555031959
cal_1db_10deg,draw2,theta,0.3199999928474426,-0.6462771808950895,-8.018853801581185
cal_1db_10deg,draw2,theta,0.33000001311302185,-0.7358455929923906,-8.73390299701105
cal_1db_10deg,draw2,theta,0.3400000035762787,-0.8156564406389775,-9.29580457395917
cal_1db_10deg,draw2,theta,0.3499999940395355,-0.883453953913918,-9.696064288385628
cal_1db_10deg,draw2,theta,0.36000001430511475,-0.9372439785194115,-9.930647199405486
cal_1db_10deg,draw2,theta,0.3700000047683716,-0.9753667524600077,-10.0
cal_1db_10deg,draw2,theta,0.3799999952316284,-0.9965585869506872,-9.908912576561287
cal_1db_10deg,draw2,theta,0.38999998569488525,-1.0,-9.666227113926453
cal_1db_10deg,draw2,theta,0.4000000059604645,-0.9853483789952472,-9.284409089196046
cal_1db_10deg,draw2,theta,0.4099999964237213,-0.952753856863749,-8.778999865471315
cal_1db_10deg,draw2,theta,0.41999998688697815,-0.9028577496929892,-8.16797508364973
cal_1db_10deg,draw2,theta,0.4300000071525574,-0.8367735944003253,-7.471036473431295
cal_1db_10deg,draw2,theta,0.4399999976158142,-0.7560515143127782,-6.70886692718211
cal_1db_10deg,draw2,theta,0.44999998807907104,-0.662627299571638,-5.902379618097347
cal_1db_10deg,draw2,theta,0.46000000834465027,-0.5587581906289738,-5.071991568797928
cal_1db_10deg,draw2,theta,0.4699999988079071,-0.4469478717344502,-4.236950416452797
cal_1db_10deg,draw2,theta,0.47999998927116394,-0.3298635957382355,-3.4147402594143514
cal_1db_10deg,draw2,theta,0.49000000953674316,-0.21024865472840845,-2.6205885432912446
cal_1db_10deg,draw2,theta,0.5,-0.0908335711240613,-1.867091131797913
cal_1db_10deg,draw2,theta,0.5099999904632568,0.02575059532172288,-1.1639672273270318
cal_1db_10deg,draw2,theta,0.5199999809265137,0.1370535478419695,-0.517949903324709
cal_1db_10deg,draw2,theta,0.5299999713897705,0.24087863606188306,0.06718805267132805
cal_1db_10deg,draw2,theta,0.5400000214576721,0.3353446732790022,0.5904792426709858
cal_1db_10deg,draw2,theta,0.550000011920929,0.41893451941022086,1.053489554177632
cal_1db_10deg,draw2,theta,0.5600000023841858,0.4905288274227774,1.4599456714454482
cal_1db_10deg,draw2,theta,0.5699999928474426,0.5494239776210889,1.81528317700096
cal_1db_10deg,draw2,theta,0.5799999833106995,0.5953338842935705,2.1261393681890066
cal_1db_10deg,draw2,theta,0.5899999737739563,0.6283760246859127,2.399816929889997
cal_1db_10deg,draw2,theta,0.6000000238418579,0.6490426827409693,2.643745407286201
cal_1db_10deg,draw2,theta,0.6100000143051147,0.6581589923627502,2.8649669857915425
cal_1db_10deg,draw2,theta,0.6200000047683716,0.6568298822764198,3.0696714385106323
cal_1db_10deg,draw2,theta,0.6299999952316284,0.6463784454075954,3.2628023282207512
cal_1db_10deg,draw2,theta,0.6399999856948853,0.6282785629347701,3.4477527842259157
cal_1db_10deg,draw2,theta,0.6499999761581421,0.6040847946486201,3.6261645917896823
cal_1db_10deg,draw2,theta,0.6600000262260437,0.5753625963846324,3.7978391464189025
cal_1db_10deg,draw2,theta,0.6700000166893005,0.543621841279712,3.960763276610138
cal_1db_10deg,draw2,theta,0.6800000071525574,0.5102564094424468,4.111247281990462
cal_1db_10deg,draw2,theta,0.6899999976158142,0.47649228088370366,4.244167028530233
cal_1db_10deg,draw2,theta,0.699999988079071,0.4433461348657108,4.353296840785913
cal_1db_10deg,draw2,theta,0.7099999785423279,0.41159594519650633,4.431715466476564
cal_1db_10deg,draw2,theta,0.7200000286102295,0.3817644888953493,4.472263765650428
cal_1db_10deg,draw2,theta,0.7300000190734863,0.3541160809806863,4.4680301616886196
cal_1db_10deg,draw2,theta,0.7400000095367432,0.32866623805806033,4.412838405312749
cal_1db_10deg,draw2,theta,0.75,0.305203385157048,4.30171191555191
cal_1db_10deg,draw2,theta,0.7599999904632568,0.28332118000155243,4.131289889118529
cal_1db_10deg,draw2,theta,0.7699999809265137,0.26245956043642743,3.900172472821075
cal_1db_10deg,draw2,theta,0.7799999713897705,0.24195224459167175,3.609175480303503
cal_1db_10deg,draw2,theta,0.7900000214576721,0.22107814583829025,3.2614792632024066
cal_1db_10deg,draw2,theta,0.800000011920929,0.19911401704220097,2.8626612334856683
cal_1db_10deg,draw2,theta,0.8100000023841858,0.1753856169987651,2.420606959219422
cal_1db_10deg,draw2,theta,0.8199999928474426,0.14931479650502796,1.9453004761319233
cal_1db_10deg,draw2,theta,0.8299999833106995,0.1204601269051057,1.4485002136301885
cal_1db_10deg,draw2,theta,0.8399999737739563,0.08854902931522125,0.9433124650709566
cal_1db_10deg,draw2,theta,0.8500000238418579,0.05349979236198821,0.4436793855571714
cal_1db_10deg,draw2,theta,0.8600000143051147,0.015432370197822566,-0.03619715618242389
cal_1db_10deg,draw2,theta,0.8700000047683716,-0.025332592483383223,-0.48247111426341405
cal_1db_10deg,draw2,theta,0.8799999952316284,-0.06828648127263315,-0.8822800767698218
cal_1db_10deg,draw2,theta,0.8899999856948853,-0.11275657233750401,-1.224357072349525
cal_1db_10deg,draw2,theta,0.8999999761581421,-0.15793987443440125,-1.4995981818591344
cal_1db_10deg,draw2,theta,0.9100000262260437,-0.20294529677004633,-1.7015591160700871
cal_1db_10deg,draw2,theta,0.9200000166893005,-0.24684206496552655,-1.826856487184592
cal_1db_10deg,draw2,theta,0.9300000071525574,-0.28871198135190757,-1.8754531826315388
cal_1db_10deg,draw2,theta,0.9399999976158142,-0.32770291096324383,-1.850811893261085
cal_1db_10deg,draw2,theta,0.949999988079071,-0.3630807812212592,-1.7599062602487066
cal_1db_10deg,draw2,theta,0.9599999785423279,-0.39427741630713914,-1.613085056370012
cal_1db_10deg,draw2,theta,0.9700000286102295,-0.4209316857923469,-1.4237910533158984
cal_1db_10deg,draw2,theta,0.9800000190734863,-0.4429217247983114,-1.2081424787784558
cal_1db_10deg,draw2,theta,0.9900000095367432,-0.46038636793692755,-0.9843909641044499
cal_1db_10deg,draw2,theta,1.0,-0.473734414840436,-0.7722753636964691
cal_1db_10deg,draw2,phi,0.10000000149011612,-1.0,-0.11741246293928649
cal_1db_10deg,draw2,phi,0.10999999940395355,-0.9795339673588637,-0.17376321273262882
cal_1db_10deg,draw2,phi,0.11999999731779099,-0.9489737090710969,-0.18471423336315163
cal_1db_10deg,draw2,phi,0.12999999523162842,-0.9091788059960625,-0.16555907722379903
cal_1db_10deg,draw2,phi,0.14000000059604645,-0.8611950562281727,-0.13088535280233168
cal_1db_10deg,draw2,phi,0.15000000596046448,-0.806204024961767,-0.09399691649090361
cal_1db_10deg,draw2,phi,0.1599999964237213,-0.7454697749817139,-0.06642135625616909
cal_1db_10deg,draw2,phi,0.17000000178813934,-0.6802852148270583,-0.05752146563961799
cal_1db_10deg,draw2,phi,0.18000000715255737,-0.6119204611629223,-0.07422439783307029
cal_1db_10deg,draw2,phi,0.1899999976158142,-0.5415754652345356,-0.1208766516916495
cal_1db_10deg,draw2,phi,0.20000000298023224,-0.47033890799285594,-0.1992272239561909
cal_1db_10deg,draw2,phi,0.20999999344348907,-0.3991550364178519,-0.30853542481932444
cal_1db_10deg,draw2,phi,0.2199999988079071,-0.32879971034603755,-0.44579425667214223
cal_1db_10deg,draw2,phi,0.23000000417232513,-0.2598664734304797,-0.6060551456073453
cal_1db_10deg,draw2,phi,0.23999999463558197,-0.19276297465785505,-0.7828354161835033
cal_1db_10deg,draw2,phi,0.25,-0.12771757035352266,-0.9685864033720266
cal_1db_10deg,draw2,phi,0.25999999046325684,-0.06479545336914445,-1.15519765161919
cal_1db_10deg,draw2,phi,0.27000001072883606,-0.003923208024840327,-1.334511361964672
cal_1db_10deg,draw2,phi,0.2800000011920929,0.055079703433534494,-1.4988211644838296
cal_1db_10deg,draw2,phi,0.28999999165534973,0.11246433695894446,-1.6413304111126301
cal_1db_10deg,draw2,phi,0.30000001192092896,0.16851259210203884,-1.7565474454712766
cal_1db_10deg,draw2,phi,0.3100000023841858,0.22349664836848224,-1.8405986027683503
cal_1db_10deg,draw2,phi,0.3199999928474426,0.2776397256868075,-1.8914438691851827
cal_1db_10deg,draw2,phi,0.33000001311302185,0.3310803088438936,-1.9089849920456081
cal_1db_10deg,draw2,phi,0.3400000035762787,0.3838418011808217,-1.8950611548175513
cal_1db_10deg,draw2,phi,0.3499999940395355,0.4358093050757649,-1.853332869395353
cal_1db_10deg,draw2,phi,0.36000001430511475,0.4867148780534891,-1.7890602375384295
cal_1db_10deg,draw2,phi,0.3700000047683716,0.536132199699055,-1.7087869410703491
cal_1db_10deg,draw2,phi,0.3799999952316284,0.583481124817003,-1.619945996951975
cal_1db_10deg,draw2,phi,0.38999998569488525,0.6280421134801156,-1.530407243016719
cal_1db_10deg,draw2,phi,0.4000000059604645,0.6689800409435938,-1.447989520926987
cal_1db_10deg,draw2,phi,0.4099999964237213,0.7053764222383776,-1.3799624544191458
cal_1db_10deg,draw2,phi,0.41999998688697815,0.7362686591672847,-1.3325634908132813
cal_1db_10deg,draw2,phi,0.4300000071525574,0.760694551200435,-1.3105554419536478
cal_1db_10deg,draw2,phi,0.4399999976158142,0.7777400235309819,-1.3168481411908846
cal_1db_10deg,draw2,phi,0.44999998807907104,0.7865878290052172,-1.3522050932763687
cal_1db_10deg,draw2,phi,0.46000000834465027,0.7865648854273701,-1.4150522523638527
cal_1db_10deg,draw2,phi,0.4699999988079071,0.7771859210096829,-1.5014014835121823
cal_1db_10deg,draw2,phi,0.47999998927116394,0.7581912189052754,-1.604896047355651
cal_1db_10deg,draw2,phi,0.49000000953674316,0.7295764724640283,-1.716979827673183
cal_1db_10deg,draw2,phi,0.5,0.6916130771308169,-1.827186248478692
cal_1db_10deg,draw2,phi,0.5099999904632568,0.6448575795814785,-1.9235371602489957
cal_1db_10deg,draw2,phi,0.5199999809265137,0.5901494629307652,-1.9930366700534472
cal_1db_10deg,draw2,phi,0.5299999713897705,0.5285969488871858,-2.0222401891239246
cal_1db_10deg,draw2,phi,0.5400000214576721,0.46155102174286655,-1.9978750899588875
cal_1db_10deg,draw2,phi,0.550000011920929,0.39056840212699084,-1.9074864845714208
cal_1db_10deg,draw2,phi,0.5600000023841858,0.3173646974612729,-1.7400798940326068
cal_1db_10deg,draw2,phi,0.5699999928474426,0.24375940887709233,-1.486732065704493
cal_1db_10deg,draw2,phi,0.5799999833106995,0.17161486070290657,-1.1411419436699497
cal_1db_10deg,draw2,phi,0.5899999737739563,0.1027714209951766,-0.7000957897255358
cal_1db_10deg,draw2,phi,0.6000000238418579,0.03898158600274762,-0.16382361212442648
cal_1db_10deg,draw2,phi,0.6100000143051147,-0.018154401866105688,0.4637717393744919
cal_1db_10deg,draw2,phi,0.6200000047683716,-0.0672487492339992,1.175026383425419
cal_1db_10deg,draw2,phi,0.6299999952316284,-0.1071795962079881,1.9585759660302289
cal_1db_10deg,draw2,phi,0.6399999856948853,-0.13713550427610668,2.799566669932661
cal_1db_10deg,draw2,phi,0.6499999761581421,-0.15664899922331924,3.680012079153776
cal_1db_10deg,draw2,phi,0.6600000262260437,-0.1656176437257371,4.579285121917921
cal_1db_10deg,draw2,phi,0.6700000166893005,-0.16431160565567154,5.474728515203999
cal_1db_10deg,draw2,phi,0.6800000071525574,-0.15336722738211164,6.342361966702316
cal_1db_10deg,draw2,phi,0.6899999976158142,-0.133766665921227,7.157660080329222
cal_1db_10deg,draw2,phi,0.699999988079071,-0.106804239938325,7.896371649208177
cal_1db_10deg,draw2,phi,0.7099999785423279,-0.07404066342355838,8.5353489507099
cal_1db_10deg,draw2,phi,0.7200000286102295,-0.03724684432253468,9.053354876869966
cal_1db_10deg,draw2,phi,0.7300000190734863,0.001660641677047125,9.431816280703325
cal_1db_10deg,draw2,phi,0.7400000095367432,0.04068994502449966,9.655493778483912
cal_1db_10deg,draw2,phi,0.75,0.07784749947454224,9.713041347814519
cal_1db_10deg,draw2,phi,0.7599999904632568,0.11121190137518844,9.597433276106182
cal_1db_10deg,draw2,phi,0.7699999809265137,0.13900524947193468,9.306241170987544
cal_1db_10deg,draw2,phi,0.7799999713897705,0.15965918057587195,8.841749629821361
cal_1db_10deg,draw2,phi,0.7900000214576721,0.17187304682445873,8.210905535240533
cal_1db_10deg,draw2,phi,0.800000011920929,0.17466199531040244,7.4251025318761235
cal_1db_10deg,draw2,phi,0.8100000023841858,0.16739311736525425,6.499808771163559
cal_1db_10deg,draw2,phi,0.8199999928474426,0.14980831568852115,5.454052213466306
cal_1db_10deg,draw2,phi,0.8299999833106995,0.12203307260079432,4.309783390867853
cal_1db_10deg,draw2,phi,0.8399999737739563,0.0845708694906778,3.091140325988519
cal_1db_10deg,draw2,phi,0.8500000238418579,0.038283582234301276,1.823644073229878
cal_1db_10deg,draw2,phi,0.8600000143051147,-0.015641264078342345,0.5333559435846299
cal_1db_10deg,draw2,phi,0.8700000047683716,-0.0757349786994608,-0.7539712126708059
cal_1db_10deg,draw2,phi,0.8799999952316284,-0.14030206663471181,-2.013715310155909
cal_1db_10deg,draw2,phi,0.8899999856948853,-0.20748222944157724,-3.223149909573713
cal_1db_10deg,draw2,phi,0.8999999761581421,-0.27531748432622305,-4.36212327551012
cal_1db_10deg,draw2,phi,0.9100000262260437,-0.3418217045699613,-5.413626968288254
cal_1db_10deg,draw2,phi,0.9200000166893005,-0.40504982189740424,-6.364234069409308
cal_1db_10deg,draw2,phi,0.9300000071525574,-0.46316398428746325,-7.204392661087972
cal_1db_10deg,draw2,phi,0.9399999976158142,-0.5144941278352964,-7.9285662425989125
cal_1db_10deg,draw2,phi,0.949999988079071,-0.5575906907207351,-8.535219109945139
cal_1db_10deg,draw2,phi,0.9599999785423279,-0.5912675588198555,-9.02665108035759
cal_1db_10deg,draw2,phi,0.9700000286102295,-0.6146337698231513,-9.408692039894614
cal_1db_10deg,draw2,phi,0.9800000190734863,-0.6271129965422072,-9.690272374044543
cal_1db_10deg,draw2,phi,0.9900000095367432,-0.6284503587276901,-9.882890174453644
cal_1db_10deg,draw2,phi,1.0,-0.6187066531494463,-10.0
cal_2db_20deg,draw0,theta,0.10000000149011612,2.0,20.0
cal_2db_20deg,draw0,theta,0.10999999940395355,1.7579818831535692,17.65211325962596
cal_2db_20deg,draw0,theta,0.11999999731779099,1.514266591036475,15.357168197294815
cal_2db_20deg,draw0,theta,0.12999999523162842,1.2733849972782045,13.170433201097019
cal_2db_20deg,draw0,theta,0.14000000059604645,1.039901095324278,11.141948118164454
cal_2db_20deg,draw0,theta,0.15000000596046448,0.8182550522181619,9.314858813739736
cal_2db_20deg,draw0,theta,0.1599999964237213,0.6126060223188057,7.724012061079183
cal_2db_20deg,draw0,theta,0.17000000178813934,0.42668111598836195,6.3948640847336975
cal_2db_20deg,draw0,theta,0.18000000715255737,0.26363677596632873,5.342743517742278
cal_2db_20deg,draw0,theta,0.1899999976158142,0.12593840410963678,4.5724953178376335
cal_2db_20deg,draw0,theta,0.20000000298023224,0.015263418739659293,4.07851691448677
cal_2db_20deg,draw0,theta,0.20999999344348907,-0.06756796570708379,3.8451821673374513
cal_2db_20deg,draw0,theta,0.2199999988079071,-0.12263102349902268,3.847633264137321
cal_2db_20deg,draw0,theta,0.23000000417232513,-0.15090187754175455,4.052906117884987
cal_2db_20deg,draw0,theta,0.23999999463558197,-0.1542292633371048,4.421341745411392
cal_2db_20deg,draw0,theta,0.25,-0.13527338329721889,4.90822506450841
cal_2db_20deg,draw0,theta,0.25999999046325684,-0.09741387712082304,5.465583987943915
cal_2db_20deg,draw0,theta,0.27000001072883606,-0.04463019865781778,6.044075966872348
cal_2db_20deg,draw0,theta,0.2800000011920929,0.01864117389131147,6.5948864681207064
cal_2db_20deg,draw0,theta,0.28999999165534973,0.08766730781268905,7.071564353330487
cal_2db_20deg,draw0,theta,0.30000001192092896,0.15759103693374235,7.4317227219252135
cal_2db_20deg,draw0,theta,0.3100000023841858,0.22360821227374797,7.638540310717908
cal_2db_20deg,draw0,theta,0.3199999928474426,0.28114313851628625,7.662007712366546
cal_2db_20deg,draw0,theta,0.33000001311302185,0.3260154108314801,7.479874073130546
cal_2db_20deg,draw0,theta,0.3400000035762787,0.35459170324674716,7.078263054476043
cal_2db_20deg,draw0,theta,0.3499999940395355,0.3639166609126359,6.451941118788913
cal_2db_20deg,draw0,theta,0.36000001430511475,0.3518178891268386,5.6042360064310905
cal_2db_20deg,draw0,theta,0.3700000047683716,0.31698107661449565,4.54661797018915
cal_2db_20deg,draw0,theta,0.3799999952316284,0.2589924954359363,3.297970293103157
cal_2db_20deg,draw0,theta,0.38999998569488525,0.1783474343757911,1.8835882420733008
cal_2db_20deg,draw0,theta,0.4000000059604645,0.07642449155710551,0.3339563696068207
cal_2db_20deg,draw0,theta,0.4099999964237213,-0.04457298208852554,-1.3166374786635981
cal_2db_20deg,draw0,theta,0.41999998688697815,-0.18170569113250154,-3.031587306915759
cal_2db_20deg,draw0,theta,0.4300000071525574,-0.3314136672554269,-4.7734862177726685
cal_2db_20deg,draw0,theta,0.4399999976158142,-0.4896531885616138,-6.505608804350551
cal_2db_20deg,draw0,theta,0.44999998807907104,-0.6520497102203412,-8.193294756159041
cal_2db_20deg,draw0,theta,0.46000000834465027,-0.8140605889040319,-9.805175569621888
cal_2db_20deg,draw0,theta,0.4699999988079071,-0.9711410649908345,-11.314194577512783
cal_2db_20deg,draw0,theta,0.47999998927116394,-1.118906922338792,-12.698380945178469
cal_2db_20deg,draw0,theta,0.49000000953674316,-1.2532874755484795,-13.941350340923567
cal_2db_20deg,draw0,theta,0.5,-1.3706630272113351,-15.032518119962791
cal_2db_20deg,draw0,theta,0.5099999904632568,-1.4679816697159678,-15.967024467942446
cal_2db_20deg,draw0,theta,0.5199999809265137,-1.542851244634432,-16.74538441527052
cal_2db_20deg,draw0,theta,0.5299999713897705,-1.5936033757408183,-17.37288835082549
cal_2db_20deg,draw0,theta,0.5400000214576721,-1.6193277106993536,-17.858790062732368
cal_2db_20deg,draw0,theta,0.550000011920929,-1.6198757880742696,-18.2153289059475
cal_2db_20deg,draw0,theta,0.5600000023841858,-1.5958352348683038,-18.456640016435795
cal_2db_20deg,draw0,theta,0.5699999928474426,-1.54847623966185,-18.59761123741831
cal_2db_20deg,draw0,theta,0.5799999833106995,-1.4796733844513732,-18.652747388932077
cal_2db_20deg,draw0,theta,0.5899999737739563,-1.3918069061075797,-18.635101617896968
cal_2db_20deg,draw0,theta,0.6000000238418579,-1.2876482544950931,-18.555329861232835
cal_2db_20deg,draw0,theta,0.6100000143051147,-1.170235385871724,-18.42091811526066
cal_2db_20deg,draw0,theta,0.6200000047683716,-1.0427435544218935,-18.235623525383957
cal_2db_20deg,draw0,theta,0.6299999952316284,-0.9083574298835477,-17.999159691175613
cal_2db_20deg,draw0,theta,0.6399999856948853,-0.7701501748818237,-17.70714451144802
cal_2db_20deg,draw0,theta,0.6499999761581421,-0.6309746729040252,-17.351315925500014
cal_2db_20deg,draw0,theta,0.6600000262260437,-0.49337142885794866,-16.92000763551422
cal_2db_20deg,draw0,theta,0.6700000166893005,-0.35949680075455676,-16.39886393064558
cal_2db_20deg,draw0,theta,0.6800000071525574,-0.23107420359189162,-15.77176067271447
cal_2db_20deg,draw0,theta,0.6899999976158142,-0.10936980196140009,-15.021888904339413
cal_2db_20deg,draw0,theta,0.699999988079071,0.004806972253334515,-14.132948896305233
cal_2db_20deg,draw0,theta,0.7099999785423279,0.1110789227377601,-13.090396169054134
cal_2db_20deg,draw0,theta,0.7200000286102295,0.20945458815061582,-11.882677405736198
cal_2db_20deg,draw0,theta,0.7300000190734863,0.30026274167069134,-10.502393405079147
cal_2db_20deg,draw0,theta,0.7400000095367432,0.38407177296542555,-8.947328358204219
cal_2db_20deg,draw0,theta,0.75,0.46159852522952416,-7.221289701222153
cal_2db_20deg,draw0,theta,0.7599999904632568,0.5336116312116264,-5.3347103946224355
cal_2db_20deg,draw0,theta,0.7699999809265137,0.6008346234749736,-3.304975392015735
cal_2db_20deg,draw0,theta,0.7799999713897705,0.663854075541395,-1.1564458605647285
cal_2db_20deg,draw0,theta,0.7900000214576721,0.723037763359044,1.0798321073771426
cal_2db_20deg,draw0,theta,0.800000011920929,0.7784673332532731,3.366733572571257
cal_2db_20deg,draw0,theta,0.8100000023841858,0.8298892463702583,5.661960731407552
cal_2db_20deg,draw0,theta,0.8199999928474426,0.8766868734338962,7.91922018940907
cal_2db_20deg,draw0,theta,0.8299999833106995,0.9178755783994824,10.08963023624557
cal_2db_20deg,draw0,theta,0.8399999737739563,0.9521215026289366,12.12330577739129
cal_2db_20deg,draw0,theta,0.8500000238418579,0.9777835940850255,13.97105964540221
cal_2db_20deg,draw0,theta,0.8600000143051147,0.9929772722281357,15.586152617523602
cal_2db_20deg,draw0,theta,0.8700000047683716,0.9956570318247281,16.926020910518304
cal_2db_20deg,draw0,theta,0.8799999952316284,0.9837143179440783,17.953909390856623
cal_2db_20deg,draw0,theta,0.8899999856948853,0.9550861951621245,18.64034128092247
cal_2db_20deg,draw0,theta,0.8999999761581421,0.9078697244471636,18.964360678590012
cal_2db_20deg,draw0,theta,0.9100000262260437,0.8404365806025694,18.914492527024066
cal_2db_20deg,draw0,theta,0.9200000166893005,0.7515423105819363,18.489375440803652
cal_2db_20deg,draw0,theta,0.9300000071525574,0.6404247565498021,17.698035572712637
cal_2db_20deg,draw0,theta,0.9399999976158142,0.5068865438993778,16.55978396302268
cal_2db_20deg,draw0,theta,0.949999988079071,0.3513571489121304,15.103734953633001
cal_2db_20deg,draw0,theta,0.9599999785423279,0.17493088800407774,13.36795863597297
cal_2db_20deg,draw0,theta,0.9700000286102295,-0.020621824422369654,11.398295283548212
cal_2db_20deg,draw0,theta,0.9800000190734863,-0.2328714627051086,9.246873661349127
cal_2db_20deg,draw0,theta,0.9900000095367432,-0.45877490923318615,6.970387410913926
cal_2db_20deg,draw0,theta,1.0,-0.6947485372324568,4.628193855128684
cal_2db_20deg,draw0,phi,0.10000000149011612,0.3631033525740354,-20.0
cal_2db_20deg,draw0,phi,0.10999999940395355,0.454064688371917,-19.13467848998329
cal_2db_20deg,draw0,phi,0.11999999731779099,0.5377050374345557,-18.048914414751366
cal_2db_20deg,draw0,phi,0.12999999523162842,0.6149321269612006,-16.75815711693125
cal_2db_20deg,draw0,phi,0.14000000059604645,0.6866823841647224,-15.283593553472734
cal_2db_20deg,draw0,phi,0.15000000596046448,0.7538259051791667,-13.651430702475864
cal_2db_20deg,draw0,phi,0.1599999964237213,0.817076623723762,-11.892007082892848
cal_2db_20deg,draw0,phi,0.17000000178813934,0.8769125591756483,-10.038768930537966
cal_2db_20deg,draw0,phi,0.18000000715255737,0.9335105378879266,-8.12715164980559
cal_2db_20deg,draw0,phi,0.1899999976158142,0.9866990862418755,-6.193410532975536
cal_2db_20deg,draw0,phi,0.20000000298023224,1.0359323205659199,-4.273446275363669
cal_2db_20deg,draw0,phi,0.20999999344348907,1.0802866473107247,-2.4016704608417276
cal_2db_20deg,draw0,phi,0.2199999988079071,1.1184809826994477,-0.6099539751036221
cal_2db_20deg,draw0,phi,0.23000000417232513,1.1489200547311373,1.0733026704811963
cal_2db_20deg,draw0,phi,0.23999999463558197,1.1697592142211408,2.623943672976595
cal_2db_20deg,draw0,phi,0.25,1.1789881075651694,4.022650379718458
cal_2db_20deg,draw0,phi,0.25999999046325684,1.174529601574322,5.255333196061166
cal_2db_20deg,draw0,phi,0.27000001072883606,1.1543495447089163,6.313312907838403
cal_2db_20deg,draw0,phi,0.2800000011920929,1.1165723371998417,7.1932902679318325
cal_2db_20deg,draw0,phi,0.28999999165534973,1.059596894240944,7.897111523562486
cal_2db_20deg,draw0,phi,0.30000001192092896,0.9822074411779754,8.431345937020762
cal_2db_20deg,draw0,phi,0.3100000023841858,0.8836736861798251,8.806698921705987
cal_2db_20deg,draw0,phi,0.3199999928474426,0.7638352718547676,9.037290859011598
cal_2db_20deg,draw0,phi,0.33000001311302185,0.6231659991558111,9.139836712188032
cal_2db_20deg,draw0,phi,0.3400000035762787,0.462814120632478,9.132765005652905
cal_2db_20deg,draw0,phi,0.3499999940395355,0.2846159820165276,9.035316458163607
cal_2db_20deg,draw0,phi,0.36000001430511475,0.09108140955859456,8.866662488281804
cal_2db_20deg,draw0,phi,0.3700000047683716,-0.11464955255860926,8.645081971872736
cal_2db_20deg,draw0,phi,0.3799999952316284,-0.3288777072571411,8.387231122712581
cal_2db_20deg,draw0,phi,0.38999998569488525,-0.5474414993777745,8.10753636016439
cal_2db_20deg,draw0,phi,0.4000000059604645,-0.7658363141149398,7.817733758837159
cal_2db_20deg,draw0,phi,0.4099999964237213,-0.9793520221450099,7.526571434967756
cal_2db_20deg,draw0,phi,0.41999998688697815,-1.1832236524422806,7.239683345025591
cal_2db_20deg,draw0,phi,0.4300000071525574,-1.372789419333256,6.959634812244038
cal_2db_20deg,draw0,phi,0.4399999976158142,-1.543649913703606,6.686132025444534
cal_2db_20deg,draw0,phi,0.44999998807907104,-1.6918221094994423,6.416380134791089
cal_2db_20deg,draw0,phi,0.46000000834465027,-1.8138819447822752,6.145567742214851
cal_2db_20deg,draw0,phi,0.4699999988079071,-1.9070896091673897,5.867449854398302
cal_2db_20deg,draw0,phi,0.47999998927116394,-1.9694922926582599,5.574996987216773
cal_2db_20deg,draw0,phi,0.49000000953674316,-2.0,5.261075274646868
cal_2db_20deg,draw0,phi,0.5,-1.9984310752120513,4.919121264632953
cal_2db_20deg,draw0,phi,0.5099999904632568,-1.9655252700652996,4.543775626231988
cal_2db_20deg,draw0,phi,0.5199999809265137,-1.902923478546645,4.131442216254676
cal_2db_20deg,draw0,phi,0.5299999713897705,-1.813114592982668,3.68074275350567
cal_2db_20deg,draw0,phi,0.5400000214576721,-1.6993512605286474,3.1928425475254185
cal_2db_20deg,draw0,phi,0.550000011920929,-1.5655375755018444,2.6716290863448307
cal_2db_20deg,draw0,phi,0.5600000023841858,-1.4160928805491193,2.123732511786319
cal_2db_20deg,draw0,phi,0.5699999928474426,-1.2557968198363685,1.5583847696639277
cal_2db_20deg,draw0,phi,0.5799999833106995,-1.089621549294157,0.9871221598142932
cal_2db_20deg,draw0,phi,0.5899999737739563,-0.9225575301966004,0.42334376266769647
cal_2db_20deg,draw0,phi,0.6000000238418579,-0.7594395909073286,-0.11825457176650976
cal_2db_20deg,draw0,phi,0.6100000143051147,-0.6047799265404404,-0.6223446531835052
cal_2db_20deg,draw0,phi,0.6200000047683716,-0.462614418195649,-1.073697615999883
cal_2db_20deg,draw0,phi,0.6299999952316284,-0.33636810454491567,-1.4579478872460985
cal_2db_20deg,draw0,phi,0.6399999856948853,-0.22874485212665366,-1.7623523669589947
cal_2db_20deg,draw0,phi,0.6499999761581421,-0.1416452800391963,-1.9765072749524482
cal_2db_20deg,draw0,phi,0.6600000262260437,-0.07611584172233202,-2.0929863968469027
cal_2db_20deg,draw0,phi,0.6700000166893005,-0.03233069988380399,-2.1078674312812726
cal_2db_20deg,draw0,phi,0.6800000071525574,-0.009606703785204451,-2.0211176786565646
cal_2db_20deg,draw0,phi,0.6899999976158142,-0.006450446879536322,-1.8368162280566205
cal_2db_20deg,draw0,phi,0.699999988079071,-0.02063510303686013,-1.5631968390302293
cal_2db_20deg,draw0,phi,0.7099999785423279,-0.04930356477080025,-1.212503572974398
cal_2db_20deg,draw0,phi,0.7200000286102295,-0.08909338578486974,-0.8006595609343313
cal_2db_20deg,draw0,phi,0.7300000190734863,-0.13627820484035014,-0.3467577335072931
cal_2db_20deg,draw0,phi,0.7400000095367432,-0.18691973191547112,0.12760949013444167
cal_2db_20deg,draw0,phi,0.75,-0.23702403443535233,0.5991570182897498
cal_2db_20deg,draw0,phi,0.7599999904632568,-0.28269578362705033,1.043819305294583
cal_2db_20deg,draw0,phi,0.7699999809265137,-0.3202843099797051,1.4377315744143662
cal_2db_20deg,draw0,phi,0.7799999713897705,-0.34651576210511387,1.7582398675523851
cal_2db_20deg,draw0,phi,0.7900000214576721,-0.35860634377944317,1.9848976617187302
cal_2db_20deg,draw0,phi,0.800000011920929,-0.3543524883856893,2.100406513904539
cal_2db_20deg,draw0,phi,0.8100000023841858,-0.33219487854884494,2.0914597514292783
cal_2db_20deg,draw0,phi,0.8199999928474426,-0.29125438480119875,1.9494515638339842
cal_2db_20deg,draw0,phi,0.8299999833106995,-0.23133922918885058,1.6710188470586782
cal_2db_20deg,draw0,phi,0.8399999737739563,-0.15292392386083883,1.2583896005064934
cal_2db_20deg,draw0,phi,0.8500000238418579,-0.057101736732447055,0.7195193180674768
cal_2db_20deg,draw0,phi,0.8600000143051147,0.05448645565621596,0.06800532775460533
cal_2db_20deg,draw0,phi,0.8700000047683716,0.17974310144198427,-0.6772219355556259
cal_2db_20deg,draw0,phi,0.8799999952316284,0.31622008221306624,-1.4924225745905582
cal_2db_20deg,draw0,phi,0.8899999856948853,0.46123481770076885,-2.349768729700906
cal_2db_20deg,draw0,phi,0.8999999761581421,0.6119908561601485,-3.218238593549256
cal_2db_20deg,draw0,phi,0.9100000262260437,0.7656973601057544,-4.0646503071546425
cal_2db_20deg,draw0,phi,0.9200000166893005,0.9196820687563144,-4.854797111627535
cal_2db_20deg,draw0,phi,0.9300000071525574,1.0714927320929486,-5.554640696572157
cal_2db_20deg,draw0,phi,0.9399999976158142,1.2189826462445514,-6.131517005076184
cal_2db_20deg,draw0,phi,0.949999988079071,1.3603767456517084,-6.555307945702733
cal_2db_20deg,draw0,phi,0.9599999785423279,1.494315685448787,-6.799533563897735
cal_2db_20deg,draw0,phi,0.9700000286102295,1.6198764324568484,-6.842322197545348
cal_2db_20deg,draw0,phi,0.9800000190734863,1.7365690252331774,-6.667220863395938
cal_2db_20deg,draw0,phi,0.9900000095367432,1.8443103105605172,-6.263814397736212
cal_2db_20deg,draw0,phi,1.0,1.94337656334019,-5.628129444883172
cal_2db_20deg,draw1,theta,0.10000000149011612,0.4564241539900142,19.797518636983536
cal_2db_20deg,draw1,theta,0.10999999940395355,0.6459654203893691,19.661708797372345
cal_2db_20deg,draw1,theta,0.11999999731779099,0.8206920935306932,19.476737105880343
cal_2db_20deg,draw1,theta,0.12999999523162842,0.9766683380750266,19.23312944113426
cal_2db_20deg,draw1,theta,0.14000000059604645,1.1104620895901318,18.91826556270965
cal_2db_20deg,draw1,theta,0.15000000596046448,1.2192523974654834,18.51698506877653
cal_2db_20deg,draw1,theta,0.1599999964237213,1.3009137943100193,18.012384270332696
cal_2db_20deg,draw1,theta,0.17000000178813934,1.3540747357155425,17.38676824900107
cal_2db_20deg,draw1,theta,0.18000000715255737,1.3781482164999306,16.622714184182314
cal_2db_20deg,draw1,theta,0.1899999976158142,1.3733338017478607,15.704195809292724
cal_2db_20deg,draw1,theta,0.20000000298023224,1.340591465213351,14.617714883887325
cal_2db_20deg,draw1,theta,0.20999999344348907,1.2815887552647525,13.353384047049166
cal_2db_20deg,draw1,theta,0.2199999988079071,1.1986238622140868,11.905906437121278
cal_2db_20deg,draw1,theta,0.23000000417232513,1.0945280966336215,10.275401000130099
cal_2db_20deg,draw1,theta,0.23999999463558197,0.972552067437293,8.468028328043998
cal_2db_20deg,draw1,theta,0.25,0.8362404393145658,6.496379925340366
cal_2db_20deg,draw1,theta,0.25999999046325684,0.6893005280236699,4.37960365862086
cal_2db_20deg,draw1,theta,0.27000001072883606,0.5354701447898792,2.1432493775974653
cal_2db_20deg,draw1,theta,0.2800000011920929,0.37839002314006653,-0.1811691787062602
cal_2db_20deg,draw1,theta,0.28999999165534973,0.22148585843414273,-2.5568875872775587
cal_2db_20deg,draw1,theta,0.30000001192092896,0.06786447731352914,-4.9428581490463515
cal_2db_20deg,draw1,theta,0.3100000023841858,-0.0797720445490324,-7.294939011928844
cal_2db_20deg,draw1,theta,0.3199999928474426,-0.219191350573253,-9.567262185073723
cal_2db_20deg,draw1,theta,0.33000001311302185,-0.3486728591876655,-11.713728990370914
cal_2db_20deg,draw1,theta,0.3400000035762787,-0.4670259490904583,-13.689574966416423
cal_2db_20deg,draw1,theta,0.3499999940395355,-0.5735843807863444,-15.45294211231859
cal_2db_20deg,draw1,theta,0.36000001430511475,-0.6681781054995979,-16.966394835339543
cal_2db_20deg,draw1,theta,0.3700000047683716,-0.7510845898070481,-18.19831713701161
cal_2db_20deg,draw1,theta,0.3799999952316284,-0.82296265218284,-19.124132410569786
cal_2db_20deg,draw1,theta,0.38999998569488525,-0.8847725287233034,-19.727293586390793
cal_2db_20deg,draw1,theta,0.4000000059604645,-0.93768642896661,-20.0
cal_2db_20deg,draw1,theta,0.4099999964237213,-0.9829941863199887,-19.943607918230708
cal_2db_20deg,draw1,theta,0.41999998688697815,-1.022008737545647,-19.568713708011632
cal_2db_20deg,draw1,theta,0.4300000071525574,-1.0559760779982306,-18.8949016678257
cal_2db_20deg,draw1,theta,0.4399999976158142,-1.085994039533245,-17.95016201844734
cal_2db_20deg,draw1,theta,0.44999998807907104,-1.1129437413335945,-16.76999790033721
cal_2db_20deg,draw1,theta,0.46000000834465027,-1.1374368941812647,-15.396252886504252
cal_2db_20deg,draw1,theta,0.4699999988079071,-1.1597813274348139,-13.875701955664761
cal_2db_20deg,draw1,theta,0.47999998927116394,-1.1799661928930547,-12.258458595648051
cal_2db_20deg,draw1,theta,0.49000000953674316,-1.1976673231007047,-10.596258307249416
cal_2db_20deg,draw1,theta,0.5,-1.2122722283983454,-8.940683929548182
cal_2db_20deg,draw1,theta,0.5099999904632568,-1.2229232526917677,-7.34140068797093
cal_2db_20deg,draw1,theta,0.5199999809265137,-1.228576516676727,-5.844468568002031
cal_2db_20deg,draw1,theta,0.5299999713897705,-1.2280734999042673,-4.490796550096623
cal_2db_20deg,draw1,theta,0.5400000214576721,-1.2202214852281172,-3.314797532111177
cal_2db_20deg,draw1,theta,0.550000011920929,-1.2038786396887644,-2.343294653501187
cal_2db_20deg,draw1,theta,0.5600000023841858,-1.178039255550836,-1.5947195614612864
cal_2db_20deg,draw1,theta,0.5699999928474426,-1.1419146358252883,-1.0786313510449657
cal_2db_20deg,draw1,theta,0.5799999833106995,-1.0950052824589966,-0.7955719657948994
cal_2db_20deg,draw1,theta,0.5899999737739563,-1.0371604251140836,-0.7372603066651151
cal_2db_20deg,draw1,theta,0.6000000238418579,-0.9686214974257743,-0.8871137332154094
cal_2db_20deg,draw1,theta,0.6100000143051147,-0.8900469005742141,-1.2210726201014428
cal_2db_20deg,draw1,theta,0.6200000047683716,-0.8025162582127326,-1.7086916970332382
cal_2db_20deg,draw1,theta,0.6299999952316284,-0.7075133235129059,-2.3144515470244515
cal_2db_20deg,draw1,theta,0.6399999856948853,-0.6068877052493707,-2.999235292294368
cal_2db_20deg,draw1,theta,0.6499999761581421,-0.5027965899788432,-3.7219094988727686
cal_2db_20deg,draw1,theta,0.6600000262260437,-0.3976286055997152,-4.440944917596628
cal_2db_20deg,draw1,theta,0.6700000166893005,-0.29391285368855186,-5.116011977204671
cal_2db_20deg,draw1,theta,0.6800000071525574,-0.19421689339156586,-5.709487964604164
cal_2db_20deg,draw1,theta,0.6899999976158142,-0.10103805312752863,-6.187817461593563
cal_2db_20deg,draw1,theta,0.699999988079071,-0.016692849769631226,-6.522674638391469
cal_2db_20deg,draw1,theta,0.7099999785423279,0.056790511561034186,-6.691885112620267
cal_2db_20deg,draw1,theta,0.7200000286102295,0.11777161111860847,-6.680075860865279
cal_2db_20deg,draw1,theta,0.7300000190734863,0.16508456435850483,-6.479033642052383
cal_2db_20deg,draw1,theta,0.7400000095367432,0.1981078122856317,-6.087765032604385
cal_2db_20deg,draw1,theta,0.75,0.21681337268123793,-5.512263932044141
cal_2db_20deg,draw1,theta,0.7599999904632568,0.22179279614854525,-4.7650047222860605
cal_2db_20deg,draw1,theta,0.7699999809265137,0.21425802754750894,-3.8641906246754916
cal_2db_20deg,draw1,theta,0.7799999713897705,0.19601642250148385,-2.8327967117502224
cal_2db_20deg,draw1,theta,0.7900000214576721,0.1694202653735324,-1.6974550779553532
cal_2db_20deg,draw1,theta,0.800000011920929,0.1372922321745194,-0.4872355217347116
cal_2db_20deg,draw1,theta,0.8100000023841858,0.10282929170440637,0.7676214942963971
cal_2db_20deg,draw1,theta,0.8199999928474426,0.06948849501806083,2.0369619844440625
cal_2db_20deg,draw1,theta,0.8299999833106995,0.040858924974874054,3.29190978095263
cal_2db_20deg,draw1,theta,0.8399999737739563,0.020524727700496754,4.5059403655077706
cal_2db_20deg,draw1,theta,0.8500000238418579,0.011924596982433016,5.655791936932928
cal_2db_20deg,draw1,theta,0.8600000143051147,0.01821331015942509,6.722176870787838
cal_2db_20deg,draw1,theta,0.8700000047683716,0.04213090859509278,7.690266698017481
cal_2db_20deg,draw1,theta,0.8799999952316284,0.08588487594763326,8.549934801923012
cal_2db_20deg,draw1,theta,0.8899999856948853,0.1510502018020919,9.295752698067378
cal_2db_20deg,draw1,theta,0.8999999761581421,0.23849154516445456,9.926747488753831
cal_2db_20deg,draw1,theta,0.9100000262260437,0.3483108591119468,10.445939340479775
cal_2db_20deg,draw1,theta,0.9200000166893005,0.4798228396244147,10.859688110542635
cal_2db_20deg,draw1,theta,0.9300000071525574,0.6315594596595441,11.17688708481241
cal_2db_20deg,draw1,theta,0.9399999976158142,0.8013036897871394,11.408048785928544
cal_2db_20deg,draw1,theta,0.949999988079071,0.9861513376443283,11.564332656997244
cal_2db_20deg,draw1,theta,0.9599999785423279,1.1825988090912531,11.656566905076474
cal_2db_20deg,draw1,theta,0.9700000286102295,1.386653551610175,11.694316793272527
cal_2db_20deg,draw1,theta,0.9800000190734863,1.59396302894084,11.685049203911994
cal_2db_20deg,draw1,theta,0.9900000095367432,1.799957333412487,11.633438473372555
cal_2db_20deg,draw1,theta,1.0,2.0,11.540851543552751
cal_2db_20deg,draw1,phi,0.10000000149011612,2.0,1.739354537240565
cal_2db_20deg,draw1,phi,0.10999999940395355,1.7016332364848237,1.3699655006905513
cal_2db_20deg,draw1,phi,0.11999999731779099,1.3986613610813248,1.1432518287238977
cal_2db_20deg,draw1,phi,0.12999999523162842,1.0961468522044695,1.0681889296929796
cal_2db_20deg,draw1,phi,0.14000000059604645,0.7993644922594964,1.1468152888503027
cal_2db_20deg,draw1,phi,0.15000000596046448,0.5136325333061071,1.374433356241618
cal_2db_20deg,draw1,phi,0.1599999964237213,0.24413665161484963,1.7400731255231636
cal_2db_20deg,draw1,phi,0.17000000178813934,-0.004246426646360832,2.227192285390815
cal_2db_20deg,draw1,phi,0.18000000715255737,-0.227118616199921,2.8145773774136984
cal_2db_20deg,draw1,phi,0.1899999976158142,-0.42071663167108125,3.477402600510315
cal_2db_20deg,draw1,phi,0.20000000298023224,-0.5820482203193007,4.188397083616025
cal_2db_20deg,draw1,phi,0.20999999344348907,-0.7090028001417319,4.919067836910654
cal_2db_20deg,draw1,phi,0.2199999988079071,-0.8004318046212119,5.640924323331573
cal_2db_20deg,draw1,phi,0.23000000417232513,-0.8561952089502852,6.32665169794342
cal_2db_20deg,draw1,phi,0.23999999463558197,-0.877172041650799,6.951183171016652
cal_2db_20deg,draw1,phi,0.25,-0.8652341148824952,7.492627488936296
cal_2db_20deg,draw1,phi,0.25999999046325684,-0.8231836766785767,7.93301493047525
cal_2db_20deg,draw1,phi,0.27000001072883606,-0.75465713723024,8.258834139310288
cal_2db_20deg,draw1,phi,0.2800000011920929,-0.6639983882618223,8.461342146855866
cal_2db_20deg,draw1,phi,0.28999999165534973,-0.5561064619317388,8.536640625924859
cal_2db_20deg,draw1,phi,0.30000001192092896,-0.4362633118160697,8.4855222725473
cal_2db_20deg,draw1,phi,0.3100000023841858,-0.30994829967658577,8.313101752823748
cal_2db_20deg,draw1,phi,0.3199999928474426,-0.1826465040991237,8.028255403052773
cal_2db_20deg,draw1,phi,0.33000001311302185,-0.05965820830093243,7.642902401184307
cal_2db_20deg,draw1,phi,0.3400000035762787,0.05408313562649042,7.171167059172143
cal_2db_20deg,draw1,phi,0.3499999940395355,0.15417752735454604,6.6284669154564
cal_2db_20deg,draw1,phi,0.36000001430511475,0.2369033269373472,6.030574217480643
cal_2db_20deg,draw1,phi,0.3700000047683716,0.2993350521784845,5.392699054610547
cal_2db_20deg,draw1,phi,0.3799999952316284,0.3394297809084097,4.728640811917829
cal_2db_20deg,draw1,phi,0.38999998569488525,0.3560791601756102,4.050050846653489
cal_2db_20deg,draw1,phi,0.4000000059604645,0.3491254262140787,3.3658435214630296
cal_2db_20deg,draw1,phi,0.4099999964237213,0.31934129772937736,2.6817852309415184
cal_2db_20deg,draw1,phi,0.41999998688697815,0.26837505911367776,2.0002821781611533
cal_2db_20deg,draw1,phi,0.4300000071525574,0.1986635386311118,1.3203778046801304
cal_2db_20deg,draw1,phi,0.4399999976158142,0.11331695140722466,0.6379604044814878
cal_2db_20deg,draw1,phi,0.44999998807907104,0.015980665715416172,-0.05382896385614594
cal_2db_20deg,draw1,phi,0.46000000834465027,-0.08932018116972508,-0.7640081325114707
cal_2db_20deg,draw1,phi,0.4699999988079071,-0.19834667948975793,-1.5030139969245158
cal_2db_20deg,draw1,phi,0.47999998927116394,-0.3068158859971023,-2.2818479223235197
cal_2db_20deg,draw1,phi,0.49000000953674316,-0.4105673955230337,-3.1111491898093706
cal_2db_20deg,draw1,phi,0.5,-0.5057200862970013,-4.000243410402434
cal_2db_20deg,draw1,phi,0.5099999904632568,-0.5888129091384061,-4.956214793033082
cal_2db_20deg,draw1,phi,0.5199999809265137,-0.6569243723313699,-5.983050842042887
cal_2db_20deg,draw1,phi,0.5299999713897705,-0.7077663725685952,-7.080905480291177
cal_2db_20deg,draw1,phi,0.5400000214576721,-0.739749192806828,-8.245521846325332
cal_2db_20deg,draw1,phi,0.550000011920929,-0.7520157780569309,-9.467849296952892
cal_2db_20deg,draw1,phi,0.5600000023841858,-0.7444447530273297,-10.733880747904463
cal_2db_20deg,draw1,phi,0.5699999928474426,-0.7176230017933352,-12.024726769856247
cal_2db_20deg,draw1,phi,0.5799999833106995,-0.6727899301698506,-13.31693225055771
cal_2db_20deg,draw1,phi,0.5899999737739563,-0.6117567199450392,-14.583030404135204
cal_2db_20deg,draw1,phi,0.6000000238418579,-0.5368049095907652,-15.792317945525854
cal_2db_20deg,draw1,phi,0.6100000143051147,-0.45056945499473333,-16.9118248413476
cal_2db_20deg,draw1,phi,0.6200000047683716,-0.35591200201787737,-17.907442666829986
cal_2db_20deg,draw1,phi,0.6299999952316284,-0.2557904169527244,-18.745167668065214
cal_2db_20deg,draw1,phi,0.6399999856948853,-0.15313065973517764,-19.392408515037026
cal_2db_20deg,draw1,phi,0.6499999761581421,-0.050706848800385056,-19.819304721475703
cal_2db_20deg,draw1,phi,0.6600000262260437,0.04896513128461568,-20.0
cal_2db_20deg,draw1,phi,0.6700000166893005,0.1437158633222762,-19.913815513216505
cal_2db_20deg,draw1,phi,0.6800000071525574,0.23178879340585334,-19.546271067240887
cal_2db_20deg,draw1,phi,0.6899999976158142,0.31188220643914305,-18.889907662893055
cal_2db_20deg,draw1,phi,0.699999988079071,0.3831654021390489,-17.944872260991296
cal_2db_20deg,draw1,phi,0.7099999785423279,0.4452689486017747,-16.719234829849853
cal_2db_20deg,draw1,phi,0.7200000286102295,0.4982501417296043,-15.229018344857646
cal_2db_20deg,draw1,phi,0.7300000190734863,0.5425359879944992,-13.497933959140065
cal_2db_20deg,draw1,phi,0.7400000095367432,0.5788471010550836,-11.556825574656793
cal_2db_20deg,draw1,phi,0.75,0.6081068109034452,-9.442840006048666
cal_2db_20deg,draw1,phi,0.7599999904632568,0.6313404862833677,-7.198350335924653
cal_2db_20deg,draw1,phi,0.7699999809265137,0.6495705352364564,-4.86967042229279
cal_2db_20deg,draw1,phi,0.7799999713897705,0.663712753715413,-2.5056073912379517
cal_2db_20deg,draw1,phi,0.7900000214576721,0.6744796288842018,-0.1559059473233334
cal_2db_20deg,draw1,phi,0.800000011920929,0.682295874761936,2.1303568443515295
cal_2db_20deg,draw1,phi,0.8100000023841858,0.68723089802926,4.306365220033089
cal_2db_20deg,draw1,phi,0.8199999928474426,0.6889520872277358,6.3290858111284445
cal_2db_20deg,draw1,phi,0.8299999833106995,0.6867018255694244,8.160657738903193
cal_2db_20deg,draw1,phi,0.8399999737739563,0.6792999910509557,9.769598267612748
cal_2db_20deg,draw1,phi,0.8500000238418579,0.6651724790479518,11.131777766511572
cal_2db_20deg,draw1,phi,0.8600000143051147,0.6424050178772107,12.231126831184689
cal_2db_20deg,draw1,phi,0.8700000047683716,0.6088203046118776,13.060049043386663
cal_2db_20deg,draw1,phi,0.8799999952316284,0.5620753236401268,13.619524562667344
cal_2db_20deg,draw1,phi,0.8899999856948853,0.49977467771913553,13.918902053064297
cal_2db_20deg,draw1,phi,0.8999999761581421,0.41959490857165294,13.975388839501115
cal_2db_20deg,draw1,phi,0.9100000262260437,0.31941415155823993,13.813261143626619
cal_2db_20deg,draw1,phi,0.9200000166893005,0.19744108715770273,13.46282726912392
cal_2db_20deg,draw1,phi,0.9300000071525574,0.05233704040193316,12.959186233879308
cal_2db_20deg,draw1,phi,0.9399999976158142,-0.11667475438910736,12.340832182668326
cal_2db_20deg,draw1,phi,0.949999988079071,-0.3097182669818767,11.648160637965637
cal_2db_20deg,draw1,phi,0.9599999785423279,-0.5261970107275401,10.921936027450585
cal_2db_20deg,draw1,phi,0.9700000286102295,-0.7647535330067419,10.201780834361127
cal_2db_20deg,draw1,phi,0.9800000190734863,-1.023258869070009,9.524745126270343
cal_2db_20deg,draw1,phi,0.9900000095367432,-1.2988335173876575,8.924011210768638
cal_2db_20deg,draw1,phi,1.0,-1.5879001521156004,8.427781927196857
cal_2db_20deg,draw2,theta,0.10000000149011612,0.3303946183770856,-13.549226676991374
cal_2db_20deg,draw2,theta,0.10999999940395355,0.36942848874265855,-13.389315170066327
cal_2db_20deg,draw2,theta,0.11999999731779099,0.42544736778839815,-13.174157407494942
cal_2db_20deg,draw2,theta,0.12999999523162842,0.493614598793929,-12.893727357918088
cal_2db_20deg,draw2,theta,0.14000000059604645,0.5686342907090182,-12.537788344899903
cal_2db_20deg,draw2,theta,0.15000000596046448,0.6449438413102212,-12.096792993902332
cal_2db_20deg,draw2,theta,0.1599999964237213,0.716918769632055,-11.562768791460696
cal_2db_20deg,draw2,theta,0.17000000178813934,0.7790819557499876,-10.93014155871092
cal_2db_20deg,draw2,theta,0.18000000715255737,0.8263091524494863,-10.196451893921052
cal_2db_20deg,draw2,theta,0.1899999976158142,0.854022734237227,-9.362924528404333
cal_2db_20deg,draw2,theta,0.20000000298023224,0.8583660813784371,-8.43485734848681
cal_2db_20deg,draw2,theta,0.20999999344348907,0.8363517429329052,-7.421805257305839
cal_2db_20deg,draw2,theta,0.2199999988079071,0.7859775525007893,-6.337543704785348
cal_2db_20deg,draw2,theta,0.23000000417232513,0.7063061409007144,-5.199807166045823
cal_2db_20deg,draw2,theta,0.23999999463558197,0.5975047483624765,-4.029808624202188
cal_2db_20deg,draw2,theta,0.25,0.4608438241154017,-2.8515567230070142
cal_2db_20deg,draw2,theta,0.25999999046325684,0.2986545472033926,-1.690997213515587
cal_2db_20deg,draw2,theta,0.27000001072883606,0.11424704013078098,-0.5750141692502504
cal_2db_20deg,draw2,theta,0.2800000011920929,-0.08820739188128929,0.46966622399866875
cal_2db_20deg,draw2,theta,0.28999999165534973,-0.30382524375549774,1.4176210290126054
cal_2db_20deg,draw2,theta,0.30000001192092896,-0.52718504442056,2.245873451506313
cal_2db_20deg,draw2,theta,0.3100000023841858,-0.7525199026978547,2.9349806045125186
cal_2db_20deg,draw2,theta,0.3199999928474426,-0.9739207489092602,3.470014797580221
cal_2db_20deg,draw2,theta,0.33000001311302185,-1.1855422962148157,3.8413906525640753
cal_2db_20deg,draw2,theta,0.3400000035762787,-1.3818037171533228,4.045496184020164
cal_2db_20deg,draw2,theta,0.3499999940395355,-1.5575763328564596,4.0850937704962975
cal_2db_20deg,draw2,theta,0.36000001430511475,-1.7083512302469144,3.9694663583439076
cal_2db_20deg,draw2,theta,0.3700000047683716,-1.830380628124094,3.714294883265095
cal_2db_20deg,draw2,theta,0.3799999952316284,-1.920787966147759,3.34126431115572
cal_2db_20deg,draw2,theta,0.38999998569488525,-1.9776430407338423,2.877407396477036
cal_2db_20deg,draw2,theta,0.4000000059604645,-2.0,2.354206725392264
cal_2db_20deg,draw2,theta,0.4099999964237213,-1.9878975717680145,1.806486350832509
cal_2db_20deg,draw2,theta,0.41999998688697815,-1.942322467078199,1.271133864601396
cal_2db_20deg,draw2,theta,0.4300000071525574,-1.8651384096495427,0.7857016639210317
cal_2db_20deg,draw2,theta,0.4399999976158142,-1.7589846252025727,0.38694210068243273
cal_2db_20deg,draw2,theta,0.44999998807907104,-1.6271488253072999,0.10933487894369902
cal_2db_20deg,draw2,theta,0.46000000834465027,-1.4734206884704408,-0.016333686449459265
cal_2db_20deg,draw2,theta,0.4699999988079071,-1.3019325369994794,0.0357188075627704
cal_2db_20deg,draw2,theta,0.47999998927116394,-1.1169943043366135,0.2851251832027551
cal_2db_20deg,draw2,theta,0.49000000953674316,-0.9229299698408585,0.7444364512380895
cal_2db_20deg,draw2,theta,0.5,-0.7239224060068398,1.4184434684717062
cal_2db_20deg,draw2,theta,0.5099999904632568,-0.5238730501926928,2.3037830441005154
cal_2db_20deg,draw2,theta,0.5199999809265137,-0.32628200554376713,3.3888478212068005
cal_2db_20deg,draw2,theta,0.5299999713897705,-0.13415313229020773,4.654007146617431
cal_2db_20deg,draw2,theta,0.5400000214576721,0.05007254053323949,6.0721336568773
cal_2db_20deg,draw2,theta,0.550000011920929,0.22455311516680673,7.6094179735675125
cal_2db_20deg,draw2,theta,0.5600000023841858,0.3880513006971943,9.22644223600847
cal_2db_20deg,draw2,theta,0.5699999928474426,0.5399099638409175,10.879472694547573
cal_2db_20deg,draw2,theta,0.5799999833106995,0.6800000307599894,12.521922685748129
cal_2db_20deg,draw2,theta,0.5899999737739563,0.808644270432858,14.105930387037946
cal_2db_20deg,draw2,theta,0.6000000238418579,0.9265215676620476,15.583991094355367
cal_2db_20deg,draw2,theta,0.6100000143051147,1.0345571466474401,16.910581577568276
cal_2db_20deg,draw2,theta,0.6200000047683716,1.1338047968909046,18.04371443598796
cal_2db_20deg,draw2,theta,0.6299999952316284,1.225327456622454,18.946363282843897
cal_2db_20deg,draw2,theta,0.6399999856948853,1.310082512548758,19.587704908241378
cal_2db_20deg,draw2,theta,0.6499999761581421,1.3888178796458173,19.944132077850675
cal_2db_20deg,draw2,theta,0.6600000262260437,1.4619843455249826,20.0
cal_2db_20deg,draw2,theta,0.6700000166893005,1.5296688279534372,19.748080339046062
cal_2db_20deg,draw2,theta,0.6800000071525574,1.591552140312164,19.189708508578633
cal_2db_20deg,draw2,theta,0.6899999976158142,1.6468936368325893,18.33462234329744
cal_2db_20deg,draw2,theta,0.699999988079071,1.694543773694796,17.200502602366548
cal_2db_20deg,draw2,theta,0.7099999785423279,1.7329842349262097,15.81223758115505
cal_2db_20deg,draw2,theta,0.7200000286102295,1.7603938973006839,14.200944908573476
cal_2db_20deg,draw2,theta,0.7300000190734863,1.7747376094048726,12.402792935534709
cal_2db_20deg,draw2,theta,0.7400000095367432,1.7738735966948431,10.457671593110502
cal_2db_20deg,draw2,theta,0.75,1.755674330692125,8.407767914590377
cal_2db_20deg,draw2,theta,0.7599999904632568,1.7181549620245706,6.296104365646215
cal_2db_20deg,draw2,theta,0.7699999809265137,1.65960294889244,4.1650986054558
cal_2db_20deg,draw2,theta,0.7799999713897705,1.578702337764392,2.055201309941518
cal_2db_20deg,draw2,theta,0.7900000214576721,1.4746462815972643,0.0036643334620880125
cal_2db_20deg,draw2,theta,0.800000011920929,1.3472318089516826,-1.9565150242612195
cal_2db_20deg,draw2,theta,0.8100000023841858,1.1969315678979928,-3.7974362434182165
cal_2db_20deg,draw2,theta,0.8199999928474426,1.024938231680678,-5.496896739529827
cal_2db_20deg,draw2,theta,0.8299999833106995,0.8331784273758942,-7.038735263919904
cal_2db_20deg,draw2,theta,0.8399999737739563,0.6242943832077837,-8.412912295603896
cal_2db_20deg,draw2,theta,0.8500000238418579,0.4015929263099396,-9.615333654097922
cal_2db_20deg,draw2,theta,0.8600000143051147,0.16896293716811184,-10.647434595779568
cal_2db_20deg,draw2,theta,0.8700000047683716,-0.06923618570751085,-11.515551760938198
cal_2db_20deg,draw2,theta,0.8799999952316284,-0.3083111418473671,-12.230119079840907
cal_2db_20deg,draw2,theta,0.8899999856948853,-0.5433913139925343,-12.804730752095505
cal_2db_20deg,draw2,theta,0.8999999761581421,-0.7695992157449013,-13.25511939124085
cal_2db_20deg,draw2,theta,0.9100000262260437,-0.9822279536386175,-13.598100174159802
cal_2db_20deg,draw2,theta,0.9200000166893005,-1.1769184028219182,-13.850532250814258
cal_2db_20deg,draw2,theta,0.9300000071525574,-1.349828654176709,-14.0283467561651
cal_2db_20deg,draw2,theta,0.9399999976158142,-1.4977884699753536,-14.145686628686803
cal_2db_20deg,draw2,theta,0.949999988079071,-1.6184319803934022,-14.214197282795531
cal_2db_20deg,draw2,theta,0.9599999785423279,-1.7103026458915191,-14.24249929904077
cal_2db_20deg,draw2,theta,0.9700000286102295,-1.772925569136767,-14.235865055118655
cal_2db_20deg,draw2,theta,0.9800000190734863,-1.8068435215150098,-14.19611105089742
cal_2db_20deg,draw2,theta,0.9900000095367432,-1.8136145002609307,-14.121707049952558
cal_2db_20deg,draw2,theta,1.0,-1.7957701920401075,-14.00809255592376
cal_2db_20deg,draw2,phi,0.10000000149011612,-0.8652219509868526,11.091807100759484
cal_2db_20deg,draw2,phi,0.10999999940395355,-1.0247600861834678,11.782498470974826
cal_2db_20deg,draw2,phi,0.11999999731779099,-1.1748630613252868,12.247666509680739
cal_2db_20deg,draw2,phi,0.12999999523162842,-1.3114493125865974,12.475656639570012
cal_2db_20deg,draw2,phi,0.14000000059604645,-1.43053460613012,12.460958383634251
cal_2db_20deg,draw2,phi,0.15000000596046448,-1.5283791706381038,12.204547760790788
cal_2db_20deg,draw2,phi,0.1599999964237213,-1.6016307740883402,11.713999822622515
cal_2db_20deg,draw2,phi,0.17000000178813934,-1.6474579006838184,11.003363014654479
cal_2db_20deg,draw2,phi,0.18000000715255737,-1.6636674965332654,10.092796608501883
cal_2db_20deg,draw2,phi,0.1899999976158142,-1.648802301346758,9.007982043481425
cal_2db_20deg,draw2,phi,0.20000000298023224,-1.6022135464419822,7.7793282328543265
cal_2db_20deg,draw2,phi,0.20999999344348907,-1.5241057458374494,6.440999340244713
cal_2db_20deg,draw2,phi,0.2199999988079071,-1.4155513982265222,5.029800856771679
cal_2db_20deg,draw2,phi,0.23000000417232513,-1.2784746079242477,3.5839656967121813
cal_2db_20deg,draw2,phi,0.23999999463558197,-1.1156038727885436,2.1418862270843593
cal_2db_20deg,draw2,phi,0.25,-0.9303955246815265,0.7408404736745945
cal_2db_20deg,draw2,phi,0.25999999046325684,-0.7269304912395008,-0.58423889889545
cal_2db_20deg,draw2,phi,0.27000001072883606,-0.5097881267180382,-1.8019058705308235
cal_2db_20deg,draw2,phi,0.2800000011920929,-0.28390178894507456,-2.8852092088045342
cal_2db_20deg,draw2,phi,0.28999999165534973,-0.05440157969691895,-3.8125294030117676
cal_2db_20deg,draw2,phi,0.30000001192092896,0.17354981417963034,-4.5682132077558215
cal_2db_20deg,draw2,phi,0.3100000023841858,0.39492196381991657,-5.142982765945808
cal_2db_20deg,draw2,phi,0.3199999928474426,0.6049759867079159,-5.53410535386369
cal_2db_20deg,draw2,phi,0.33000001311302185,0.7994122726488224,-5.745319404339213
cal_2db_20deg,draw2,phi,0.3400000035762787,0.9745011158865537,-5.786522214833104
cal_2db_20deg,draw2,phi,0.3499999940395355,1.1271914230269084,-5.673234227130211
cal_2db_20deg,draw2,phi,0.36000001430511475,1.2551935627007547,-5.425863578616836
cal_2db_20deg,draw2,phi,0.3700000047683716,1.357033476379638,-5.068802405397898
cal_2db_20deg,draw2,phi,0.3799999952316284,1.4320763359013804,-4.629392803490236
cal_2db_20deg,draw2,phi,0.38999998569488525,1.4805192628663422,-4.136805163425297
cal_2db_20deg,draw2,phi,0.4000000059604645,1.5033538663605928,-3.6208745930733772
cal_2db_20deg,draw2,phi,0.4099999964237213,1.5023005563530223,-3.110942218558283
cal_2db_20deg,draw2,phi,0.41999998688697815,1.4797177004051743,-2.634747271592981
cal_2db_20deg,draw2,phi,0.4300000071525574,1.4384896648832757,-2.217413085007522
cal_2db_20deg,draw2,phi,0.4399999976158142,1.3818985785521138,-1.8805655594753234
cal_2db_20deg,draw2,phi,0.44999998807907104,1.3134852438694755,-1.6416165415075619
cal_2db_20deg,draw2,phi,0.46000000834465027,1.2369049761943975,-1.5132371396704731
cal_2db_20deg,draw2,phi,0.4699999988079071,1.1557842602483057,-1.5030376305381943
cal_2db_20deg,draw2,phi,0.47999998927116394,1.0735839739037853,-1.6134616354312448
cal_2db_20deg,draw2,phi,0.49000000953674316,0.9934745497755642,-1.841893074193636
cal_2db_20deg,draw2,phi,0.5,0.9182278434923029,-2.1809654201475994
cal_2db_20deg,draw2,phi,0.5099999904632568,0.8501296817262676,-2.619054377010132
cal_2db_20deg,draw2,phi,0.5199999809265137,0.7909161090481678,-3.1409276323495354
cal_2db_20deg,draw2,phi,0.5299999713897705,0.7417352830638001,-3.7285191283160724
cal_2db_20deg,draw2,phi,0.5400000214576721,0.7031358294157075,-4.3617905873783025
cal_2db_20deg,draw2,phi,0.550000011920929,0.6750813120856035,-5.019640029340431
cal_2db_20deg,draw2,phi,0.5600000023841858,0.6569893504615162,-5.6808158308934384
cal_2db_20deg,draw2,phi,0.5699999928474426,0.6477928715455554,-6.32479554473155
cal_2db_20deg,draw2,phi,0.5799999833106995,0.6460200683196151,-6.932591164533806
cal_2db_20deg,draw2,phi,0.5899999737739563,0.6498888826957405,-7.487446668300477
cal_2db_20deg,draw2,phi,0.6000000238418579,0.6574112752011889,-7.975399295721531
cal_2db_20deg,draw2,phi,0.6100000143051147,0.6665022062866534,-8.385682851261562
cal_2db_20deg,draw2,phi,0.6200000047683716,0.6750881487958384,-8.710959056948688
cal_2db_20deg,draw2,phi,0.6299999952316284,0.6812100802593125,-8.947371252768354
cal_2db_20deg,draw2,phi,0.6399999856948853,0.6831162594346946,-9.094423181066139
cal_2db_20deg,draw2,phi,0.6499999761581421,0.6793406560496921,-9.15469381188566
cal_2db_20deg,draw2,phi,0.6600000262260437,0.6687636489625404,-9.133406797575553
cal_2db_20deg,draw2,phi,0.6700000166893005,0.6506525009207441,-9.037879844054196
cal_2db_20deg,draw2,phi,0.6800000071525574,0.6246801163721738,-8.8768847526697
cal_2db_20deg,draw2,phi,0.6899999976158142,0.5909216464309541,-8.65995287683479
cal_2db_20deg,draw2,phi,0.699999988079071,0.5498295737150384,-8.396663074854875
cal_2db_20deg,draw2,phi,0.7099999785423279,0.5021889406248958,-8.095949822782698
cal_2db_20deg,draw2,phi,0.7200000286102295,0.44905533084569477,-7.765467956224363
cal_2db_20deg,draw2,phi,0.7300000190734863,0.3916790324863257,-7.411047595542102
cal_2db_20deg,draw2,phi,0.7400000095367432,0.3314194652180611,-7.036268310221466
cal_2db_20deg,draw2,phi,0.75,0.26965441343475455,-6.6421757022210945
cal_2db_20deg,draw2,phi,0.7599999904632568,0.20768885202120152,-6.227156604138612
cal_2db_20deg,draw2,phi,0.7699999809265137,0.14666816971071708,-5.786981315546979
cal_2db_20deg,draw2,phi,0.7799999713897705,0.08750038638149812,-5.31501309548589
cal_2db_20deg,draw2,phi,0.7900000214576721,0.0307915343867473,-4.80257686664959
cal_2db_20deg,draw2,phi,0.800000011920929,-0.02320225061880998,-4.239471146568661
cal_2db_20deg,draw2,phi,0.8100000023841858,-0.0746031786689511,-3.6145999688398085
cal_2db_20deg,draw2,phi,0.8199999928474426,-0.12391897255206757,-2.91669532919303
cal_2db_20deg,draw2,phi,0.8299999833106995,-0.17202795221768893,-2.1350957780005313
cal_2db_20deg,draw2,phi,0.8399999737739563,-0.2201423024659213,-1.2605434158660802
cal_2db_20deg,draw2,phi,0.8500000238418579,-0.26975085362005424,-0.28595989681097383
cal_2db_20deg,draw2,phi,0.8600000143051147,-0.32254371707787355,0.7928378071254938
cal_2db_20deg,draw2,phi,0.8700000047683716,-0.3803220317487161,1.976519166985472
cal_2db_20deg,draw2,phi,0.8799999952316284,-0.44489685108737154,3.2617529745204825
cal_2db_20deg,draw2,phi,0.8899999856948853,-0.5179817975029121,4.640879644193333
cal_2db_20deg,draw2,phi,0.8999999761581421,-0.6010845028451927,6.101764599849819
cal_2db_20deg,draw2,phi,0.9100000262260437,-0.6954020209662853,7.627846678444571
cal_2db_20deg,draw2,phi,0.9200000166893005,-0.8017253314456261,9.198387008909732
cal_2db_20deg,draw2,phi,0.9300000071525574,-0.9203577532610284,10.788914972805514
cal_2db_20deg,draw2,phi,0.9399999976158142,-1.051051564671889,12.371859013159781
cal_2db_20deg,draw2,phi,0.949999988079071,-1.1929664019774073,13.91734161939257
cal_2db_20deg,draw2,phi,0.9599999785423279,-1.3446521152866688,15.39411015492842
cal_2db_20deg,draw2,phi,0.9700000286102295,-1.5040577319076762,16.770568653969818
cal_2db_20deg,draw2,phi,0.9800000190734863,-1.6685670614673431,18.01587059212722
cal_2db_20deg,draw2,phi,0.9900000095367432,-1.8350603196646753,19.10102916939902
cal_2db_20deg,draw2,phi,1.0,-2.0,20.0
