object_code,sample_id,theta_deg,phi_deg,frequency_ghz,etheta_real,etheta_imag,ephi_real,ephi_imag
b7c1,b7c1_pec_ti090_pi000,90.0,0.0,0.1,-0.0864387304,-0.0181144625,-1.30108729e-05,-0.00018802422
b7c1,b7c1_pec_ti090_pi000,90.0,0.0,0.11,-0.16726622,0.0149138523,-0.000121478733,-0.000159616116
b7c1,b7c1_pec_ti090_pi000,90.0,0.0,0.12,-0.249351874,0.0929979905,-0.000166896745,-3.92148177e-05
b7c1,b7c1_pec_ti090_pi000,90.0,0.0,0.13,-0.28207466,0.210401088,-9.08841612e-05,0.000109421759
b7c1,b7c1_pec_ti090_pi000,90.0,0.0,0.14,-0.22439824,0.33885169,9.31128961e-05,0.000177603637
b7c1,b7c1_pec_ti090_pi000,90.0,0.0,0.15000001,-0.0750939846,0.426941872,0.000292884506,8.66750925e-05
b7c1,b7c1_pec_ti090_pi000,90.0,0.0,0.16,0.123931587,0.424094409,0.000381866528,-0.000147956322
b7c1,b7c1_pec_ti090_pi000,90.0,0.0,0.17,0.304263949,0.313420683,0.000277683779,-0.00041538768
b7c1,b7c1_pec_ti090_pi000,90.0,0.0,0.18000001,0.402267814,0.125129774,-2.98193186e-07,-0.000571857148
b7c1,b7c1_pec_ti090_pi000,90.0,0.0,0.19,0.389443755,-0.0779746398,-0.000338469428,-0.000525379321
b7c1,b7c1_pec_ti090_pi000,90.0,0.0,0.2,0.283267558,-0.232575983,-0.000595149992,-0.000284627458
b7c1,b7c1_pec_ti090_pi000,90.0,0.0,0.20999999,0.132850498,-0.304004103,-0.000676419411,5.70222546e-05
b7c1,b7c1_pec_ti090_pi000,90.0,0.0,0.22,-0.00948586222,-0.295750618,-0.000570806442,0.000382097205
b7c1,b7c1_pec_ti090_pi000,90.0,0.0,0.23,-0.111975051,-0.237149119,-0.000330429204,0.000605427835
b7c1,b7c1_pec_ti090_pi000,90.0,0.0,0.23999999,-0.169797644,-0.161114678,-2.73152964e-05,0.000692381698
b7c1,b7c1_pec_ti090_pi000,90.0,0.0,0.25,-0.194948494,-0.0875978991,0.00027650391,0.000643104198
b7c1,b7c1_pec_ti090_pi000,90.0,0.0,0.25999999,-0.200706884,-0.020953726,0.000531657541,0.000472668995
b7c1,b7c1_pec_ti090_pi000,90.0,0.0,0.27000001,-0.192261234,0.0418405794,0.000693859183,0.000208270038
b7c1,b7c1_pec_ti090_pi000,90.0,0.0,0.28,-0.167490333,0.101446889,0.000728237501,-0.000103140294
b7c1,b7c1_pec_ti090_pi000,90.0,0.0,0.28999999,-0.123723589,0.152318701,0.000626423745,-0.000397986209
b7c1,b7c1_pec_ti090_pi000,90.0,0.0,0.30000001,-0.0634869561,0.185649917,0.000416270253,-0.000618208724
b7c1,b7c1_pec_ti090_pi000,90.0,0.0,0.31,0.00478621246,0.194933757,0.000147684957,-0.000735141744
b7c1,b7c1_pec_ti090_pi000,90.0,0.0,0.31999999,0.0702863485,0.179462075,-0.000136007366,-0.000751481333
b7c1,b7c1_pec_ti090_pi000,90.0,0.0,0.33000001,0.127385125,0.157874703,-0.000417592004,-0.000737619644
b7c1,b7c1_pec_ti090_pi000,90.0,0.0,0.34,0.182947844,0.136753708,-0.000745476515,-0.000704399194
b7c1,b7c1_pec_ti090_pi000,90.0,0.0,0.34999999,0.236616686,0.105440103,-0.00112686178,-0.000553940888
b7c1,b7c1_pec_ti090_pi000,90.0,0.0,0.36000001,0.289495975,0.0651711002,-0.00151380419,-0.000233663304
b7c1,b7c1_pec_ti090_pi000,90.0,0.0,0.37,0.342585772,0.0143714864,-0.00181301311,0.000274029677
b7c1,b7c1_pec_ti090_pi000,90.0,0.0,0.38,0.393606305,-0.0512292199,-0.00191927061,0.00091957947
b7c1,b7c1_pec_ti090_pi000,90.0,0.0,0.38999999,0.434207797,-0.136370406,-0.00176538026,0.00159174565
b7c1,b7c1_pec_ti090_pi000,90.0,0.0,0.40000001,0.449741393,-0.242140278,-0.00135381974,0.0021618132
b7c1,b7c1_pec_ti090_pi000,90.0,0.0,0.41,0.42315644,-0.361492008,-0.000747436949,0.00253557065
b7c1,b7c1_pec_ti090_pi000,90.0,0.0,0.41999999,0.342260599,-0.477092594,-3.00408628e-05,0.00267427182
b7c1,b7c1_pec_ti090_pi000,90.0,0.0,0.43000001,0.207051754,-0.564105868,0.000727975159,0.00257349992
b7c1,b7c1_pec_ti090_pi000,90.0,0.0,0.44,0.0331552587,-0.598035038,0.00146911643,0.00222710194
b7c1,b7c1_pec_ti090_pi000,90.0,0.0,0.44999999,-0.151025593,-0.564274073,0.00211669062,0.00161720114
b7c1,b7c1_pec_ti090_pi000,90.0,0.0,0.46000001,-0.312757403,-0.464371711,0.00254867552,0.000748800172
b7c1,b7c1_pec_ti090_pi000,90.0,0.0,0.47,-0.425259769,-0.315676689,0.00261691143,-0.000294292724
b7c1,b7c1_pec_ti090_pi000,90.0,0.0,0.47999999,-0.475002319,-0.144791037,0.00221757987,-0.00132234243
b7c1,b7c1_pec_ti090_pi000,90.0,0.0,0.49000001,-0.463035583,0.0214450378,0.0013739022,-0.00207941001
b7c1,b7c1_pec_ti090_pi000,90.0,0.0,0.5,-0.400829822,0.162888259,0.000272635167,-0.00234381622
b7c1,b7c1_pec_ti090_pi000,90.0,0.0,0.50999999,-0.303893119,0.268328249,-0.000782795367,-0.00203823438
b7c1,b7c1_pec_ti090_pi000,90.0,0.0,0.51999998,-0.186893687,0.333541185,-0.00148986594,-0.00128394144
b7c1,b7c1_pec_ti090_pi000,90.0,0.0,0.52999997,-0.0621381775,0.357884824,-0.00167741743,-0.000361393089
b7c1,b7c1_pec_ti090_pi000,90.0,0.0,0.54000002,0.0593056716,0.342213362,-0.00137952715,0.000409376371
b7c1,b7c1_pec_ti090_pi000,90.0,0.0,0.55000001,0.166104585,0.289172292,-0.000811624748,0.000808996323
b7c1,b7c1_pec_ti090_pi000,90.0,0.0,0.56,0.275583893,0.230003953,-0.00029248136,0.000903268694
b7c1,b7c1_pec_ti090_pi000,90.0,0.0,0.56999999,0.364037603,0.129111737,7.06391656e-05,0.000698323129
b7c1,b7c1_pec_ti090_pi000,90.0,0.0,0.57999998,0.415000349,-0.00534554664,0.000134072892,0.00040854438
b7c1,b7c1_pec_ti090_pi000,90.0,0.0,0.58999997,0.416076332,-0.158317789,-4.84035845e-05,0.000288404699
b7c1,b7c1_pec_ti090_pi000,90.0,0.0,0.60000002,0.361838937,-0.310564071,-0.000249310426,0.00047744764
b7c1,b7c1_pec_ti090_pi000,90.0,0.0,0.61000001,0.254731894,-0.442275882,-0.00019942064,0.000903586741
b7c1,b7c1_pec_ti090_pi000,90.0,0.0,0.62,0.104137093,-0.536228359,0.00024446036,0.00131070812
b7c1,b7c1_pec_ti090_pi000,90.0,0.0,0.63,-0.0754337385,-0.579782903,0.000999578042,0.0014027399
b7c1,b7c1_pec_ti090_pi000,90.0,0.0,0.63999999,-0.266171336,-0.565981328,0.00179294345,0.0010195045
b7c1,b7c1_pec_ti090_pi000,90.0,0.0,0.64999998,-0.448661178,-0.494299412,0.00231542485,0.000232598744
b7c1,b7c1_pec_ti090_pi000,90.0,0.0,0.66000003,-0.603810966,-0.371234357,0.00239525829,-0.000701474608
b7c1,b7c1_pec_ti090_pi000,90.0,0.0,0.67000002,-0.715255678,-0.210198596,0.00207873411,-0.00149729324
b7c1,b7c1_pec_ti090_pi000,90.0,0.0,0.68000001,-0.771836281,-0.0299737062,0.00156850892,-0.00199808413
b7c1,b7c1_pec_ti090_pi000,90.0,0.0,0.69,-0.769291282,0.148503929,0.00107182702,-0.00222950336
b7c1,b7c1_pec_ti090_pi000,90.0,0.0,0.69999999,-0.710575163,0.306217462,0.000671335263,-0.00232468173
b7c1,b7c1_pec_ti090_pi000,90.0,0.0,0.70999998,-0.604940057,0.429346144,0.000308053393,-0.0023904813
b7c1,b7c1_pec_ti090_pi000,90.0,0.0,0.72000003,-0.466191679,0.51036495,-0.000124676342,-0.00242105708
b7c1,b7c1_pec_ti090_pi000,90.0,0.0,0.73000002,-0.310399115,0.547099948,-0.000662172388,-0.00231808354
b7c1,b7c1_pec_ti090_pi000,90.0,0.0,0.74000001,-0.153563663,0.541274369,-0.00122072757,-0.00198896904
b7c1,b7c1_pec_ti090_pi000,90.0,0.0,0.75,-0.00981612597,0.497649074,-0.00165212282,-0.00143640407
b7c1,b7c1_pec_ti090_pi000,90.0,0.0,0.75999999,0.109722808,0.423658431,-0.00184513174,-0.000767775404
b7c1,b7c1_pec_ti090_pi000,90.0,0.0,0.76999998,0.197661519,0.328897446,-0.00178931095,-0.000125725128
b7c1,b7c1_pec_ti090_pi000,90.0,0.0,0.77999997,0.274568468,0.231105924,-0.00164841826,0.00047152632
b7c1,b7c1_pec_ti090_pi000,90.0,0.0,0.79000002,0.338265449,0.11867176,-0.00141625863,0.00106617459
b7c1,b7c1_pec_ti090_pi000,90.0,0.0,0.80000001,0.358313829,-0.00876154657,-0.00099699467,0.00158753339
b7c1,b7c1_pec_ti090_pi000,90.0,0.0,0.81,0.332288355,-0.135089606,-0.000367011264,0.0019892049
b7c1,b7c1_pec_ti090_pi000,90.0,0.0,0.81999999,0.263406068,-0.244240463,0.000477600697,0.00214931252
b7c1,b7c1_pec_ti090_pi000,90.0,0.0,0.82999998,0.16045925,-0.32209608,0.00142988306,0.00191042619
b7c1,b7c1_pec_ti090_pi000,90.0,0.0,0.83999997,0.0369791389,-0.358660281,0.00225303532,0.00119634124
b7c1,b7c1_pec_ti090_pi000,90.0,0.0,0.85000002,-0.0907967463,-0.349907249,0.00267507881,0.00010960237
b7c1,b7c1_pec_ti090_pi000,90.0,0.0,0.86000001,-0.206883147,-0.298341095,0.00253661466,-0.00108237343
b7c1,b7c1_pec_ti090_pi000,90.0,0.0,0.87,-0.298327506,-0.211804315,0.00187800894,-0.0020744605
b7c1,b7c1_pec_ti090_pi000,90.0,0.0,0.88,-0.356640399,-0.101124384,0.000898850732,-0.00267056469
b7c1,b7c1_pec_ti090_pi000,90.0,0.0,0.88999999,-0.377642691,0.0220749732,-0.000173059016,-0.00284230965
b7c1,b7c1_pec_ti090_pi000,90.0,0.0,0.89999998,-0.360642433,0.146521971,-0.00119645079,-0.00266928226
b7c1,b7c1_pec_ti090_pi000,90.0,0.0,0.91000003,-0.308065325,0.261731565,-0.00213318202,-0.00222801371
b7c1,b7c1_pec_ti090_pi000,90.0,0.0,0.92000002,-0.225730971,0.358830482,-0.00297675258,-0.00153009943
b7c1,b7c1_pec_ti090_pi000,90.0,0.0,0.93000001,-0.122878164,0.43236202,-0.00367669249,-0.000552940415
b7c1,b7c1_pec_ti090_pi000,90.0,0.0,0.94,-0.0111692911,0.48227635,-0.00413572555,0.000679028104
b7c1,b7c1_pec_ti090_pi000,90.0,0.0,0.94999999,0.0964620262,0.514265478,-0.00428207871,0.00203911192
b7c1,b7c1_pec_ti090_pi000,90.0,0.0,0.95999998,0.184819177,0.535880029,-0.00414312445,0.00329961651
b7c1,b7c1_pec_ti090_pi000,90.0,0.0,0.97000003,0.235394865,0.544641972,-0.00380741758,0.0041656564
b7c1,b7c1_pec_ti090_pi000,90.0,0.0,0.98000002,0.241880491,0.51628834,-0.00324307242,0.00441106455
b7c1,b7c1_pec_ti090_pi000,90.0,0.0,0.99000001,0.231033027,0.433624595,-0.00233654957,0.00414393004
b7c1,b7c1_pec_ti090_pi000,90.0,0.0,1,0.226065978,0.320111513,-0.00121906272,0.00364607084
b7fd,b7fd_pec_ti090_pi000,90.0,0.0,0.1,-0.0422284678,-0.0161468983,0.000205692035,0.000214675136
b7fd,b7fd_pec_ti090_pi000,90.0,0.0,0.11,-0.108323179,-0.0175188538,0.000266037794,-3.91438516e-05
b7fd,b7fd_pec_ti090_pi000,90.0,0.0,0.12,-0.197616234,0.0213763434,7.98075598e-06,-0.000276093342
b7fd,b7fd_pec_ti090_pi000,90.0,0.0,0.13,-0.260979086,0.114335969,-0.000442329125,-0.00019520511
b7fd,b7fd_pec_ti090_pi000,90.0,0.0,0.14,-0.245279387,0.245032594,-0.000694633287,0.000294011988
b7fd,b7fd_pec_ti090_pi000,90.0,0.0,0.15000001,-0.130193636,0.36013937,-0.00041400778,0.000892310869
b7fd,b7fd_pec_ti090_pi000,90.0,0.0,0.16,0.0555440411,0.395660579,0.000334097218,0.00109534152
b7fd,b7fd_pec_ti090_pi000,90.0,0.0,0.17,0.243574232,0.318449974,0.00105928641,0.000633087708
b7fd,b7fd_pec_ti090_pi000,90.0,0.0,0.18000001,0.360083669,0.149232119,0.00122566801,-0.000248520693
b7fd,b7fd_pec_ti090_pi000,90.0,0.0,0.19,0.365045995,-0.0482865125,0.000711668516,-0.000963743019
b7fd,b7fd_pec_ti090_pi000,90.0,0.0,0.2,0.270511806,-0.203567311,-9.13368931e-05,-0.00107964932
b7fd,b7fd_pec_ti090_pi000,90.0,0.0,0.20999999,0.127317473,-0.275592834,-0.000642528001,-0.000658016361
b7fd,b7fd_pec_ti090_pi000,90.0,0.0,0.22,-0.00779669033,-0.266598642,-0.000716361799,-0.000125458595
b7fd,b7fd_pec_ti090_pi000,90.0,0.0,0.23,-0.100923076,-0.208590582,-0.000515717024,0.000167677776
b7fd,b7fd_pec_ti090_pi000,90.0,0.0,0.23999999,-0.148700699,-0.137109369,-0.000363192754,0.000234079023
b7fd,b7fd_pec_ti090_pi000,90.0,0.0,0.25,-0.165883407,-0.0721786469,-0.000340162922,0.00031500496
b7fd,b7fd_pec_ti090_pi000,90.0,0.0,0.25999999,-0.167186737,-0.0164491925,-0.000260165281,0.000529587909
b7fd,b7fd_pec_ti090_pi000,90.0,0.0,0.27000001,-0.157715574,0.0343680754,4.33763234e-05,0.000724995567
b7fd,b7fd_pec_ti090_pi000,90.0,0.0,0.28,-0.135547459,0.081081003,0.000485838391,0.00067279808
b7fd,b7fd_pec_ti090_pi000,90.0,0.0,0.28999999,-0.0995784998,0.118780151,0.000822925067,0.000339605962
b7fd,b7fd_pec_ti090_pi000,90.0,0.0,0.30000001,-0.0538809635,0.141563505,0.000918117817,-0.000102666912
b7fd,b7fd_pec_ti090_pi000,90.0,0.0,0.31,-0.00577539764,0.147502869,0.000832449994,-0.000508603756
b7fd,b7fd_pec_ti090_pi000,90.0,0.0,0.31999999,0.0386615619,0.139154986,0.000636435405,-0.000898996252
b7fd,b7fd_pec_ti090_pi000,90.0,0.0,0.33000001,0.0776798427,0.131210402,0.000293429592,-0.00138224056
b7fd,b7fd_pec_ti090_pi000,90.0,0.0,0.34,0.118318044,0.128098994,-0.000421000441,-0.00191101059
b7fd,b7fd_pec_ti090_pi000,90.0,0.0,0.34999999,0.163081095,0.119918637,-0.00163983367,-0.0020439676
b7fd,b7fd_pec_ti090_pi000,90.0,0.0,0.36000001,0.213136896,0.106076583,-0.00300626527,-0.00138387794
b7fd,b7fd_pec_ti090_pi000,90.0,0.0,0.37,0.270065546,0.084937498,-0.00388934533,1.92006937e-05
b7fd,b7fd_pec_ti090_pi000,90.0,0.0,0.38,0.334912568,0.051762294,-0.00393425301,0.00156703603
b7fd,b7fd_pec_ti090_pi000,90.0,0.0,0.38999999,0.404388905,-0.00281627709,-0.00348117459,0.00262707961
b7fd,b7fd_pec_ti090_pi000,90.0,0.0,0.40000001,0.46590507,-0.0901417732,-0.00327415392,0.00326244696
b7fd,b7fd_pec_ti090_pi000,90.0,0.0,0.41,0.496270478,-0.215400875,-0.00353975478,0.00435451232
b7fd,b7fd_pec_ti090_pi000,90.0,0.0,0.41999999,0.468080252,-0.367948323,-0.00331108086,0.00671361946
b7fd,b7fd_pec_ti090_pi000,90.0,0.0,0.43000001,0.362760097,-0.517727017,-0.000916813791,0.00981372222
b7fd,b7fd_pec_ti090_pi000,90.0,0.0,0.44,0.183524966,-0.62303406,0.00443070987,0.0114450166
b7fd,b7fd_pec_ti090_pi000,90.0,0.0,0.44999999,-0.0403018594,-0.647262514,0.0112257116,0.00902082212
b7fd,b7fd_pec_ti090_pi000,90.0,0.0,0.46000001,-0.261804372,-0.575443506,0.0159219652,0.00179525872
b7fd,b7fd_pec_ti090_pi000,90.0,0.0,0.47,-0.433908731,-0.420884579,0.0150967557,-0.00783633161
b7fd,b7fd_pec_ti090_pi000,90.0,0.0,0.47999999,-0.526078463,-0.218543857,0.0080500422,-0.0153188463
b7fd,b7fd_pec_ti090_pi000,90.0,0.0,0.49000001,-0.531630039,-0.0100932932,-0.00226699514,-0.0167640056
b7fd,b7fd_pec_ti090_pi000,90.0,0.0,0.5,-0.463793397,0.170161441,-0.01091938,-0.0115623269
b7fd,b7fd_pec_ti090_pi000,90.0,0.0,0.50999999,-0.345615268,0.301816821,-0.0141031872,-0.00276077469
b7fd,b7fd_pec_ti090_pi000,90.0,0.0,0.51999998,-0.200987786,0.37705642,-0.0113823954,0.00506717712
b7fd,b7fd_pec_ti090_pi000,90.0,0.0,0.52999997,-0.0507210791,0.396062821,-0.00546931755,0.00876879413
b7fd,b7fd_pec_ti090_pi000,90.0,0.0,0.54000002,0.0874420777,0.363853186,3.43774809e-05,0.00817870349
b7fd,b7fd_pec_ti090_pi000,90.0,0.0,0.55000001,0.198415458,0.289745778,0.00301692938,0.00539965695
b7fd,b7fd_pec_ti090_pi000,90.0,0.0,0.56,0.302855015,0.210564539,0.00405830937,0.00309897028
b7fd,b7fd_pec_ti090_pi000,90.0,0.0,0.56999999,0.375393689,0.0959907919,0.00410948461,0.0015926084
b7fd,b7fd_pec_ti090_pi000,90.0,0.0,0.57999998,0.405449092,-0.0406797715,0.00433058757,0.000663135725
b7fd,b7fd_pec_ti090_pi000,90.0,0.0,0.58999997,0.388224512,-0.184179336,0.00488804514,-0.000648180256
b7fd,b7fd_pec_ti090_pi000,90.0,0.0,0.60000002,0.323769003,-0.319607735,0.00493088877,-0.00280086091
b7fd,b7fd_pec_ti090_pi000,90.0,0.0,0.61000001,0.215703979,-0.432998478,0.00358298747,-0.00516164349
b7fd,b7fd_pec_ti090_pi000,90.0,0.0,0.62,0.071233362,-0.511157572,0.000899669947,-0.00653707283
b7fd,b7fd_pec_ti090_pi000,90.0,0.0,0.63,-0.0978493989,-0.542629361,-0.00210057618,-0.0062161875
b7fd,b7fd_pec_ti090_pi000,90.0,0.0,0.63999999,-0.275015563,-0.520340323,-0.00425820518,-0.00451606279
b7fd,b7fd_pec_ti090_pi000,90.0,0.0,0.64999998,-0.441158056,-0.444413632,-0.00510963146,-0.00241114781
b7fd,b7fd_pec_ti090_pi000,90.0,0.0,0.66000003,-0.578436017,-0.322999597,-0.0050138128,-0.000715658942
b7fd,b7fd_pec_ti090_pi000,90.0,0.0,0.67000002,-0.673623502,-0.170389354,-0.00460508233,0.000392254442
b7fd,b7fd_pec_ti090_pi000,90.0,0.0,0.68000001,-0.719236553,-0.00368955825,-0.00420710025,0.00118161214
b7fd,b7fd_pec_ti090_pi000,90.0,0.0,0.69,-0.712742269,0.160038859,-0.00373783847,0.0018692998
b7fd,b7fd_pec_ti090_pi000,90.0,0.0,0.69999999,-0.655721366,0.30539614,-0.00305201951,0.00237633265
b7fd,b7fd_pec_ti090_pi000,90.0,0.0,0.70999998,-0.554334462,0.419567525,-0.0022487035,0.00252129952
b7fd,b7fd_pec_ti090_pi000,90.0,0.0,0.72000003,-0.420264155,0.493377388,-0.00160636799,0.00233892351
b7fd,b7fd_pec_ti090_pi000,90.0,0.0,0.73000002,-0.269949764,0.522617877,-0.0012644052,0.00212439965
b7fd,b7fd_pec_ti090_pi000,90.0,0.0,0.74000001,-0.121271491,0.508973122,-0.0010417921,0.00215169881
b7fd,b7fd_pec_ti090_pi000,90.0,0.0,0.75,0.0106634349,0.459477216,-0.000607086637,0.00238145539
b7fd,b7fd_pec_ti090_pi000,90.0,0.0,0.75999999,0.116171576,0.38425076,0.000174517947,0.00247624726
b7fd,b7fd_pec_ti090_pi000,90.0,0.0,0.76999998,0.190998822,0.293762028,0.00107449666,0.002114109
b7fd,b7fd_pec_ti090_pi000,90.0,0.0,0.77999997,0.256514043,0.202948123,0.00183152803,0.00132670882
b7fd,b7fd_pec_ti090_pi000,90.0,0.0,0.79000002,0.310998112,0.0998947173,0.00213038758,0.000250044686
b7fd,b7fd_pec_ti090_pi000,90.0,0.0,0.80000001,0.326128572,-0.0160197541,0.00176420307,-0.000679840683
b7fd,b7fd_pec_ti090_pi000,90.0,0.0,0.81,0.299246281,-0.129904911,0.00110039045,-0.00109790114
b7fd,b7fd_pec_ti090_pi000,90.0,0.0,0.81999999,0.233988926,-0.226372942,0.000600354804,-0.00108827802
b7fd,b7fd_pec_ti090_pi000,90.0,0.0,0.82999998,0.140071318,-0.293045193,0.000409268978,-0.00103587389
b7fd,b7fd_pec_ti090_pi000,90.0,0.0,0.83999997,0.0306369178,-0.323118627,0.000274248538,-0.00120845123
b7fd,b7fd_pec_ti090_pi000,90.0,0.0,0.85000002,-0.0811615065,-0.31543681,-0.000143122423,-0.00147959287
b7fd,b7fd_pec_ti090_pi000,90.0,0.0,0.86000001,-0.184175789,-0.27258715,-0.000872638891,-0.00145818829
b7fd,b7fd_pec_ti090_pi000,90.0,0.0,0.87,-0.269190818,-0.199040666,-0.00154601573,-0.000897802238
b7fd,b7fd_pec_ti090_pi000,90.0,0.0,0.88,-0.328058243,-0.100834332,-0.00170815247,7.23308904e-06
b7fd,b7fd_pec_ti090_pi000,90.0,0.0,0.88999999,-0.353850871,0.0136022428,-0.00124824245,0.000731089152
b7fd,b7fd_pec_ti090_pi000,90.0,0.0,0.89999998,-0.342511863,0.133196518,-0.000550261524,0.00085334474
b7fd,b7fd_pec_ti090_pi000,90.0,0.0,0.91000003,-0.294733703,0.245808199,-0.000205178076,0.000442434131
b7fd,b7fd_pec_ti090_pi000,90.0,0.0,0.92000002,-0.216372192,0.341176093,-0.000516427273,3.70724883e-05
b7fd,b7fd_pec_ti090_pi000,90.0,0.0,0.93000001,-0.116936155,0.41358003,-0.00122386636,0.0002198203
b7fd,b7fd_pec_ti090_pi000,90.0,0.0,0.94,-0.00744621782,0.462848365,-0.00169762387,0.0011339956
b7fd,b7fd_pec_ti090_pi000,90.0,0.0,0.94999999,0.100147307,0.493462205,-0.00145572459,0.00235258648
b7fd,b7fd_pec_ti090_pi000,90.0,0.0,0.95999998,0.190539092,0.511174798,-0.000579118379,0.00320517691
b7fd,b7fd_pec_ti090_pi000,90.0,0.0,0.97000003,0.24346678,0.5135355,0.000336975965,0.00326202903
b7fd,b7fd_pec_ti090_pi000,90.0,0.0,0.98000002,0.249672323,0.479791522,0.000714276684,0.00258917827
b7fd,b7fd_pec_ti090_pi000,90.0,0.0,0.99000001,0.233546332,0.396835148,0.000504230266,0.00170827622
b7fd,b7fd_pec_ti090_pi000,90.0,0.0,1,0.220153511,0.289124727,8.67417839e-05,0.00120066758
b80b,b80b_pec_ti090_pi000,90.0,0.0,0.1,-0.100037664,-0.0231625065,-2.00497816e-05,-0.000101877973
b80b,b80b_pec_ti090_pi000,90.0,0.0,0.11,-0.18447113,0.0195470601,-0.000130321365,-9.79856704e-05
b80b,b80b_pec_ti090_pi000,90.0,0.0,0.12,-0.262394607,0.105256818,-0.000237352506,-1.09697539e-05
b80b,b80b_pec_ti090_pi000,90.0,0.0,0.13,-0.28730312,0.222408444,-0.000267645722,0.000143743731
b80b,b80b_pec_ti090_pi000,90.0,0.0,0.14,-0.225893274,0.343872637,-0.000174792935,0.000300259417
b80b,b80b_pec_ti090_pi000,90.0,0.0,0.15000001,-0.0812214687,0.425816864,2.11348288e-05,0.000370941241
b80b,b80b_pec_ti090_pi000,90.0,0.0,0.16,0.108720303,0.425568104,0.000236438049,0.000300611457
b80b,b80b_pec_ti090_pi000,90.0,0.0,0.17,0.285024047,0.327439815,0.000368294597,0.000107273343
b80b,b80b_pec_ti090_pi000,90.0,0.0,0.18000001,0.391341805,0.154174328,0.000355306664,-0.000124016427
b80b,b80b_pec_ti090_pi000,90.0,0.0,0.19,0.397902459,-0.0423805788,0.000212780666,-0.000292058656
b80b,b80b_pec_ti090_pi000,90.0,0.0,0.2,0.312778592,-0.205213398,1.75643199e-05,-0.00033941897
b80b,b80b_pec_ti090_pi000,90.0,0.0,0.20999999,0.174194366,-0.296865523,-0.000145927028,-0.000278743013
b80b,b80b_pec_ti090_pi000,90.0,0.0,0.22,0.0293349605,-0.311431259,-0.000237436994,-0.000168558705
b80b,b80b_pec_ti090_pi000,90.0,0.0,0.23,-0.0871625766,-0.268962055,-0.000272328471,-6.06484355e-05
b80b,b80b_pec_ti090_pi000,90.0,0.0,0.23999999,-0.163145438,-0.198466286,-0.000287117204,3.75798081e-05
b80b,b80b_pec_ti090_pi000,90.0,0.0,0.25,-0.204243436,-0.1216617,-0.000290514494,0.000155143702
b80b,b80b_pec_ti090_pi000,90.0,0.0,0.25999999,-0.221155196,-0.0469194129,-0.000243750503,0.000311038224
b80b,b80b_pec_ti090_pi000,90.0,0.0,0.27000001,-0.219352275,0.0257735252,-9.09275259e-05,0.000469466147
b80b,b80b_pec_ti090_pi000,90.0,0.0,0.28,-0.197595432,0.0957307667,0.000180751929,0.000539276574
b80b,b80b_pec_ti090_pi000,90.0,0.0,0.28999999,-0.153754562,0.156648174,0.000499619753,0.000427905819
b80b,b80b_pec_ti090_pi000,90.0,0.0,0.30000001,-0.0910802782,0.199069858,0.000727512059,0.000115768315
b80b,b80b_pec_ti090_pi000,90.0,0.0,0.31,-0.0189935695,0.216714591,0.000736300077,-0.00030549147
b80b,b80b_pec_ti090_pi000,90.0,0.0,0.31999999,0.0518732369,0.210265204,0.000494201202,-0.000669428846
b80b,b80b_pec_ti090_pi000,90.0,0.0,0.33000001,0.116551302,0.20144777,0.000132696456,-0.000882666034
b80b,b80b_pec_ti090_pi000,90.0,0.0,0.34,0.18706879,0.19792214,-0.000247823336,-0.00095258106
b80b,b80b_pec_ti090_pi000,90.0,0.0,0.34999999,0.270457804,0.181194246,-0.000575537386,-0.000885428803
b80b,b80b_pec_ti090_pi000,90.0,0.0,0.36000001,0.367687434,0.141049266,-0.000809621881,-0.000808340847
b80b,b80b_pec_ti090_pi000,90.0,0.0,0.37,0.470021874,0.0647987947,-0.00105192151,-0.000839632179
b80b,b80b_pec_ti090_pi000,90.0,0.0,0.38,0.55721277,-0.0545947962,-0.00150177069,-0.000954032876
b80b,b80b_pec_ti090_pi000,90.0,0.0,0.38999999,0.602563202,-0.211106017,-0.00229888246,-0.000914609351
b80b,b80b_pec_ti090_pi000,90.0,0.0,0.40000001,0.583129942,-0.383871675,-0.00333807804,-0.000356593227
b80b,b80b_pec_ti090_pi000,90.0,0.0,0.41,0.489903867,-0.542531073,-0.00419345126,0.000981944962
b80b,b80b_pec_ti090_pi000,90.0,0.0,0.41999999,0.332412422,-0.656879723,-0.00425160909,0.00300155627
b80b,b80b_pec_ti090_pi000,90.0,0.0,0.43000001,0.13543433,-0.706079304,-0.00303027732,0.00513446843
b80b,b80b_pec_ti090_pi000,90.0,0.0,0.44,-0.0696825236,-0.683478415,-0.000519670488,0.00651037507
b80b,b80b_pec_ti090_pi000,90.0,0.0,0.44999999,-0.254050374,-0.595844746,0.00267078006,0.00635545235
b80b,b80b_pec_ti090_pi000,90.0,0.0,0.46000001,-0.396711111,-0.45878461,0.00549376803,0.00442108791
b80b,b80b_pec_ti090_pi000,90.0,0.0,0.47,-0.485761911,-0.291609734,0.00691668643,0.00118724792
b80b,b80b_pec_ti090_pi000,90.0,0.0,0.47999999,-0.51693958,-0.113973893,0.00641124742,-0.00230277912
b80b,b80b_pec_ti090_pi000,90.0,0.0,0.49000001,-0.492043197,0.0555526428,0.00420540897,-0.00490475167
b80b,b80b_pec_ti090_pi000,90.0,0.0,0.5,-0.418249726,0.200330257,0.00115553651,-0.00588170625
b80b,b80b_pec_ti090_pi000,90.0,0.0,0.50999999,-0.30772081,0.307103872,-0.00167957472,-0.00518151699
b80b,b80b_pec_ti090_pi000,90.0,0.0,0.51999998,-0.176302448,0.367925704,-0.00351197855,-0.00335498317
b80b,b80b_pec_ti090_pi000,90.0,0.0,0.52999997,-0.0409182273,0.38135469,-0.00409020996,-0.00120301486
b80b,b80b_pec_ti090_pi000,90.0,0.0,0.54000002,0.0834174976,0.351910055,-0.00365357148,0.000614721503
b80b,b80b_pec_ti090_pi000,90.0,0.0,0.55000001,0.185529202,0.287965983,-0.00266808784,0.00179456291
b80b,b80b_pec_ti090_pi000,90.0,0.0,0.56,0.288446635,0.223887369,-0.00173467281,0.00263584498
b80b,b80b_pec_ti090_pi000,90.0,0.0,0.56999999,0.3711887,0.124416441,-0.000654987525,0.00309463823
b80b,b80b_pec_ti090_pi000,90.0,0.0,0.57999998,0.42179352,-0.00553303957,0.00050430675,0.00321528665
b80b,b80b_pec_ti090_pi000,90.0,0.0,0.58999997,0.428286403,-0.15649268,0.00171168847,0.00296235923
b80b,b80b_pec_ti090_pi000,90.0,0.0,0.60000002,0.381245822,-0.313186675,0.00285620079,0.00224883296
b80b,b80b_pec_ti090_pi000,90.0,0.0,0.61000001,0.277517855,-0.455416113,0.00371410511,0.00105046807
b80b,b80b_pec_ti090_pi000,90.0,0.0,0.62,0.123102829,-0.561632574,0.00402919762,-0.00049596501
b80b,b80b_pec_ti090_pi000,90.0,0.0,0.63,-0.0666341558,-0.614052832,0.00364761008,-0.00209249463
b80b,b80b_pec_ti090_pi000,90.0,0.0,0.63999999,-0.26987499,-0.603100479,0.00261298311,-0.00338110887
b80b,b80b_pec_ti090_pi000,90.0,0.0,0.64999998,-0.463110447,-0.529344678,0.00116466021,-0.00408034772
b80b,b80b_pec_ti090_pi000,90.0,0.0,0.66000003,-0.625669003,-0.402521342,-0.000347744412,-0.00408034865
b80b,b80b_pec_ti090_pi000,90.0,0.0,0.67000002,-0.742434025,-0.238685161,-0.00157752412,-0.00346202753
b80b,b80b_pec_ti090_pi000,90.0,0.0,0.68000001,-0.804510891,-0.0569308177,-0.00227218471,-0.00245620939
b80b,b80b_pec_ti090_pi000,90.0,0.0,0.69,-0.808750808,0.123455793,-0.00232817582,-0.00137608557
b80b,b80b_pec_ti090_pi000,90.0,0.0,0.69999999,-0.757303715,0.285361916,-0.00181676296,-0.000541861576
b80b,b80b_pec_ti090_pi000,90.0,0.0,0.70999998,-0.657621026,0.415726393,-0.000980294426,-0.000198489055
b80b,b80b_pec_ti090_pi000,90.0,0.0,0.72000003,-0.522102654,0.506544948,-0.000180190415,-0.000431246473
b80b,b80b_pec_ti090_pi000,90.0,0.0,0.73000002,-0.366315186,0.554793358,0.000215091015,-0.00110829331
b80b,b80b_pec_ti090_pi000,90.0,0.0,0.74000001,-0.206016555,0.561577499,-2.36328833e-05,-0.00189605507
b80b,b80b_pec_ti090_pi000,90.0,0.0,0.75,-0.0546125844,0.530893266,-0.000869966578,-0.00237068022
b80b,b80b_pec_ti090_pi000,90.0,0.0,0.75999999,0.077716656,0.468356282,-0.00202406663,-0.00219574128
b80b,b80b_pec_ti090_pi000,90.0,0.0,0.76999998,0.183421969,0.380483359,-0.00302085956,-0.00128285319
b80b,b80b_pec_ti090_pi000,90.0,0.0,0.77999997,0.282633364,0.285075098,-0.0036478173,0.000269687705
b80b,b80b_pec_ti090_pi000,90.0,0.0,0.79000002,0.371761709,0.166015834,-0.00348783331,0.00231256941
b80b,b80b_pec_ti090_pi000,90.0,0.0,0.80000001,0.411585271,0.0187924504,-0.00211357977,0.00412756205
b80b,b80b_pec_ti090_pi000,90.0,0.0,0.81,0.392503917,-0.135323003,0.000183164055,0.00499575911
b80b,b80b_pec_ti090_pi000,90.0,0.0,0.81999999,0.315351903,-0.271393448,0.00271278177,0.00450557051
b80b,b80b_pec_ti090_pi000,90.0,0.0,0.82999998,0.192681029,-0.36699453,0.00466718804,0.00273945951
b80b,b80b_pec_ti090_pi000,90.0,0.0,0.83999997,0.0458298884,-0.408316046,0.00545229437,0.000235437677
b80b,b80b_pec_ti090_pi000,90.0,0.0,0.85000002,-0.101220258,-0.393252969,0.00491242995,-0.00225303159
b80b,b80b_pec_ti090_pi000,90.0,0.0,0.86000001,-0.228367746,-0.330098629,0.0033437165,-0.00407483475
b80b,b80b_pec_ti090_pi000,90.0,0.0,0.87,-0.323351443,-0.232855827,0.00130440341,-0.00491791917
b80b,b80b_pec_ti090_pi000,90.0,0.0,0.88,-0.38184467,-0.115841419,-0.000666785403,-0.00485523511
b80b,b80b_pec_ti090_pi000,90.0,0.0,0.88999999,-0.404589593,0.0098164333,-0.0022703805,-0.00419743732
b80b,b80b_pec_ti090_pi000,90.0,0.0,0.89999998,-0.393852293,0.136699349,-0.00349476095,-0.0032546795
b80b,b80b_pec_ti090_pi000,90.0,0.0,0.91000003,-0.351310849,0.259436488,-0.00448956247,-0.00215501804
b80b,b80b_pec_ti090_pi000,90.0,0.0,0.92000002,-0.278248519,0.372701734,-0.00536521291,-0.000821514695
b80b,b80b_pec_ti090_pi000,90.0,0.0,0.93000001,-0.177486151,0.4705576,-0.00606006524,0.000895811885
b80b,b80b_pec_ti090_pi000,90.0,0.0,0.94,-0.0558901206,0.547756612,-0.00636531739,0.0030348876
b80b,b80b_pec_ti090_pi000,90.0,0.0,0.94999999,0.073213309,0.602058351,-0.00609122263,0.00540547771
b80b,b80b_pec_ti090_pi000,90.0,0.0,0.95999998,0.187633216,0.634197235,-0.00525610801,0.00758671993
b80b,b80b_pec_ti090_pi000,90.0,0.0,0.97000003,0.257948041,0.638840258,-0.00410075486,0.0089893546
b80b,b80b_pec_ti090_pi000,90.0,0.0,0.98000002,0.270640016,0.59329015,-0.00277474336,0.00908425078
b80b,b80b_pec_ti090_pi000,90.0,0.0,0.99000001,0.255166978,0.487829328,-0.00122079311,0.0079586003
b80b,b80b_pec_ti090_pi000,90.0,0.0,1,0.242095843,0.356577039,0.000337529986,0.00624928251
b812,b812_pec_ti090_pi000,90.0,0.0,0.1,-0.116431482,-0.0249251183,-6.90934612e-05,-0.000203987074
b812,b812_pec_ti090_pi000,90.0,0.0,0.11,-0.206097037,0.0306201298,-0.000250806479,-0.000208347905
b812,b812_pec_ti090_pi000,90.0,0.0,0.12,-0.278439403,0.1326226,-0.000429738371,-0.000101627804
b812,b812_pec_ti090_pi000,90.0,0.0,0.13,-0.285823375,0.261691481,-0.000511659251,0.000107410953
b812,b812_pec_ti090_pi000,90.0,0.0,0.14,-0.201015592,0.382386297,-0.000433757174,0.000350801536
b812,b812_pec_ti090_pi000,90.0,0.0,0.15000001,-0.0371491984,0.448043853,-0.000202870098,0.000522359391
b812,b812_pec_ti090_pi000,90.0,0.0,0.16,0.15843828,0.42156902,0.000101216399,0.000534415944
b812,b812_pec_ti090_pi000,90.0,0.0,0.17,0.323457539,0.298392594,0.000358686666,0.000370107009
b812,b812_pec_ti090_pi000,90.0,0.0,0.18000001,0.406395167,0.11186675,0.000468048995,9.61096375e-05
b812,b812_pec_ti090_pi000,90.0,0.0,0.19,0.387892872,-0.0816699564,0.000397543627,-0.000171266976
b812,b812_pec_ti090_pi000,90.0,0.0,0.2,0.286232442,-0.228730634,0.00019847347,-0.000326535112
b812,b812_pec_ti090_pi000,90.0,0.0,0.20999999,0.14443709,-0.300670207,-2.64790724e-05,-0.000326406589
b812,b812_pec_ti090_pi000,90.0,0.0,0.22,0.00751329958,-0.300377846,-0.000179214345,-0.000203618431
b812,b812_pec_ti090_pi000,90.0,0.0,0.23,-0.0965246558,-0.252262026,-0.000212554587,-3.9499304e-05
b812,b812_pec_ti090_pi000,90.0,0.0,0.23999999,-0.162126273,-0.184186712,-0.000143037905,8.366783e-05
b812,b812_pec_ti090_pi000,90.0,0.0,0.25,-0.198152393,-0.113485627,-2.93231788e-05,0.000121058394
b812,b812_pec_ti090_pi000,90.0,0.0,0.25999999,-0.214699998,-0.0443561487,6.44375541e-05,7.64234501e-05
b812,b812_pec_ti090_pi000,90.0,0.0,0.27000001,-0.214766309,0.0250119884,9.75575167e-05,-1.22991678e-05
b812,b812_pec_ti090_pi000,90.0,0.0,0.28,-0.195153132,0.0935125425,6.2357336e-05,-9.73426868e-05
b812,b812_pec_ti090_pi000,90.0,0.0,0.28999999,-0.153302535,0.153851241,-2.20610764e-05,-0.000140415781
b812,b812_pec_ti090_pi000,90.0,0.0,0.30000001,-0.0928557217,0.196410686,-0.000121831683,-0.00012156352
b812,b812_pec_ti090_pi000,90.0,0.0,0.31,-0.0231084637,0.21558395,-0.000198911046,-4.13331582e-05
b812,b812_pec_ti090_pi000,90.0,0.0,0.31999999,0.0464905277,0.212441787,-0.000220016096,7.98441615e-05
b812,b812_pec_ti090_pi000,90.0,0.0,0.33000001,0.111705959,0.207860067,-0.000184484699,0.00021201637
b812,b812_pec_ti090_pi000,90.0,0.0,0.34,0.18493557,0.208491296,-8.99611186e-05,0.000340065715
b812,b812_pec_ti090_pi000,90.0,0.0,0.34999999,0.273509234,0.193890601,7.77699097e-05,0.000423117337
b812,b812_pec_ti090_pi000,90.0,0.0,0.36000001,0.376461297,0.152195215,0.000291860546,0.000421894336
b812,b812_pec_ti090_pi000,90.0,0.0,0.37,0.482295185,0.0707048848,0.000504143711,0.00031526605
b812,b812_pec_ti090_pi000,90.0,0.0,0.38,0.568692267,-0.0558369756,0.000658104836,0.000110606175
b812,b812_pec_ti090_pi000,90.0,0.0,0.38999999,0.608804047,-0.218760177,0.000705945888,-0.000155347399
b812,b812_pec_ti090_pi000,90.0,0.0,0.40000001,0.581536829,-0.39505735,0.000623597356,-0.000425317528
b812,b812_pec_ti090_pi000,90.0,0.0,0.41,0.48063007,-0.553660572,0.000418693642,-0.000636450015
b812,b812_pec_ti090_pi000,90.0,0.0,0.41999999,0.317768782,-0.665150881,0.000129943655,-0.00073633017
b812,b812_pec_ti090_pi000,90.0,0.0,0.43000001,0.118457429,-0.710246205,-0.000181320022,-0.000696569507
b812,b812_pec_ti090_pi000,90.0,0.0,0.44,-0.0864919871,-0.683692753,-0.00044595587,-0.000521422771
b812,b812_pec_ti090_pi000,90.0,0.0,0.44999999,-0.26923582,-0.592962563,-0.000604823465,-0.000247784919
b812,b812_pec_ti090_pi000,90.0,0.0,0.46000001,-0.409694403,-0.45375815,-0.000624265114,6.40880535e-05
b812,b812_pec_ti090_pi000,90.0,0.0,0.47,-0.496483892,-0.285232961,-0.000503535557,0.000347251422
b812,b812_pec_ti090_pi000,90.0,0.0,0.47999999,-0.525657952,-0.106844127,-0.00027118146,0.000544754323
b812,b812_pec_ti090_pi000,90.0,0.0,0.49000001,-0.499249637,0.0631471351,2.6122354e-05,0.000619288534
b812,b812_pec_ti090_pi000,90.0,0.0,0.5,-0.424435824,0.208604321,0.0003342134,0.000553635473
b812,b812_pec_ti090_pi000,90.0,0.0,0.50999999,-0.312905461,0.316754133,0.000595181365,0.0003477633
b812,b812_pec_ti090_pi000,90.0,0.0,0.51999998,-0.179609805,0.379637003,0.000746731006,2.18503665e-05
b812,b812_pec_ti090_pi000,90.0,0.0,0.52999997,-0.0406820178,0.3949745,0.000727616658,-0.000373226445
b812,b812_pec_ti090_pi000,90.0,0.0,0.54000002,0.0888349116,0.365858942,0.000498015725,-0.000747170299
b812,b812_pec_ti090_pi000,90.0,0.0,0.55000001,0.196579129,0.299449742,7.12991168e-05,-0.000980284647
b812,b812_pec_ti090_pi000,90.0,0.0,0.56,0.305028558,0.230443537,-0.000514566666,-0.00107588037
b812,b812_pec_ti090_pi000,90.0,0.0,0.56999999,0.390442789,0.12312679,-0.00117530988,-0.000815158826
b812,b812_pec_ti090_pi000,90.0,0.0,0.57999998,0.439321697,-0.0155054508,-0.00168479583,-0.000152935216
b812,b812_pec_ti090_pi000,90.0,0.0,0.58999997,0.439821392,-0.173240513,-0.00179881533,0.000804512936
b812,b812_pec_ti090_pi000,90.0,0.0,0.60000002,0.384377211,-0.332721829,-0.00136096985,0.00180281221
b812,b812_pec_ti090_pi000,90.0,0.0,0.61000001,0.272500515,-0.473311216,-0.000389593566,0.00251767365
b812,b812_pec_ti090_pi000,90.0,0.0,0.62,0.112356178,-0.574691117,0.000904740416,0.00267877243
b812,b812_pec_ti090_pi000,90.0,0.0,0.63,-0.0799209103,-0.621101439,0.00218833308,0.00217996351
b812,b812_pec_ti090_pi000,90.0,0.0,0.63999999,-0.283132404,-0.604620218,0.00312915095,0.00111989153
b812,b812_pec_ti090_pi000,90.0,0.0,0.64999998,-0.47502616,-0.526359379,0.00351585704,-0.000246257259
b812,b812_pec_ti090_pi000,90.0,0.0,0.66000003,-0.635900319,-0.395520508,0.00331429066,-0.00161404302
b812,b812_pec_ti090_pi000,90.0,0.0,0.67000002,-0.750784755,-0.227142289,0.00264300662,-0.00273787626
b812,b812_pec_ti090_pi000,90.0,0.0,0.68000001,-0.810171545,-0.0395903029,0.00169343443,-0.00348880608
b812,b812_pec_ti090_pi000,90.0,0.0,0.69,-0.810006917,0.147726327,0.000645670749,-0.00384630612
b812,b812_pec_ti090_pi000,90.0,0.0,0.69999999,-0.751799285,0.316478133,-0.000377634802,-0.00384805794
b812,b812_pec_ti090_pi000,90.0,0.0,0.70999998,-0.643017948,0.451484114,-0.0013071103,-0.00353980833
b812,b812_pec_ti090_pi000,90.0,0.0,0.72000003,-0.49699831,0.542420805,-0.00209181919,-0.00295626954
b812,b812_pec_ti090_pi000,90.0,0.0,0.73000002,-0.331274271,0.584771812,-0.00266816537,-0.00213576411
b812,b812_pec_ti090_pi000,90.0,0.0,0.74000001,-0.164333329,0.579884112,-0.0029582954,-0.00114876591
b812,b812_pec_ti090_pi000,90.0,0.0,0.75,-0.0121524753,0.534046948,-0.00289974851,-0.000114149538
b812,b812_pec_ti090_pi000,90.0,0.0,0.75999999,0.113952868,0.456711978,-0.00248543662,0.000813427148
b812,b812_pec_ti090_pi000,90.0,0.0,0.76999998,0.207620159,0.358441263,-0.00178772165,0.00148356613
b812,b812_pec_ti090_pi000,90.0,0.0,0.77999997,0.291961759,0.257216692,-0.000953627401,0.00194763346
b812,b812_pec_ti090_pi000,90.0,0.0,0.79000002,0.364979327,0.139058888,1.61756054e-06,0.00212706532
b812,b812_pec_ti090_pi000,90.0,0.0,0.80000001,0.392633408,0.0013926425,0.000899941486,0.00184775365
b812,b812_pec_ti090_pi000,90.0,0.0,0.81,0.369476944,-0.138820022,0.00152998918,0.00121884223
b812,b812_pec_ti090_pi000,90.0,0.0,0.81999999,0.296785414,-0.262423396,0.0017829939,0.000436000293
b812,b812_pec_ti090_pi000,90.0,0.0,0.82999998,0.183921143,-0.351451099,0.00167555048,-0.000298486033
b812,b812_pec_ti090_pi000,90.0,0.0,0.83999997,0.0473097712,-0.393332452,0.00131716486,-0.000846377166
b812,b812_pec_ti090_pi000,90.0,0.0,0.85000002,-0.0931818038,-0.383918881,0.000846320239,-0.00116201094
b812,b812_pec_ti090_pi000,90.0,0.0,0.86000001,-0.219040006,-0.327709794,0.000373064016,-0.00127336814
b812,b812_pec_ti090_pi000,90.0,0.0,0.87,-0.316846341,-0.235231981,-4.39446303e-05,-0.00123854924
b812,b812_pec_ti090_pi000,90.0,0.0,0.88,-0.379421711,-0.119131483,-0.000386386615,-0.00111059984
b812,b812_pec_ti090_pi000,90.0,0.0,0.88999999,-0.404483855,0.00889473502,-0.000653777563,-0.000927956833
b812,b812_pec_ti090_pi000,90.0,0.0,0.89999998,-0.392394274,0.13909477,-0.000853589445,-0.000722048397
b812,b812_pec_ti090_pi000,90.0,0.0,0.91000003,-0.344792813,0.262982875,-0.00100763643,-0.000520289352
b812,b812_pec_ti090_pi000,90.0,0.0,0.92000002,-0.264923692,0.37250635,-0.0011572782,-0.000332546071
b812,b812_pec_ti090_pi000,90.0,0.0,0.93000001,-0.159034908,0.460517675,-0.00134936755,-0.000132991088
b812,b812_pec_ti090_pi000,90.0,0.0,0.94,-0.0376013331,0.522785306,-0.00160500454,0.000137160663
b812,b812_pec_ti090_pi000,90.0,0.0,0.94999999,0.0841723904,0.560189486,-0.00189638976,0.000531381695
b812,b812_pec_ti090_pi000,90.0,0.0,0.95999998,0.185954943,0.577834547,-0.00215399917,0.0010355321
b812,b812_pec_ti090_pi000,90.0,0.0,0.97000003,0.244245201,0.575852454,-0.00228469959,0.00152304501
b812,b812_pec_ti090_pi000,90.0,0.0,0.98000002,0.250008225,0.537547946,-0.00216792896,0.00181730173
b812,b812_pec_ti090_pi000,90.0,0.0,0.99000001,0.230823889,0.451420993,-0.00173591322,0.00187201973
b812,b812_pec_ti090_pi000,90.0,0.0,1,0.217416346,0.341048002,-0.00111740886,0.00176331424
b827,b827_pec_ti090_pi000,90.0,0.0,0.1,-0.164347962,0.00156989286,-5.45130533e-05,-0.000103568695
b827,b827_pec_ti090_pi000,90.0,0.0,0.11,-0.254430056,0.0992809013,-0.00014918494,-0.000113643269
b827,b827_pec_ti090_pi000,90.0,0.0,0.12,-0.305196255,0.239991546,-0.00025748054,-7.24808342e-05
b827,b827_pec_ti090_pi000,90.0,0.0,0.13,-0.271811694,0.383053809,-0.000331533229,3.43957872e-05
b827,b827_pec_ti090_pi000,90.0,0.0,0.14,-0.14161168,0.483829677,-0.000322935404,0.000191362604
b827,b827_pec_ti090_pi000,90.0,0.0,0.15000001,0.0511253551,0.503408134,-0.000206318218,0.000343525549
b827,b827_pec_ti090_pi000,90.0,0.0,0.16,0.245940536,0.424433291,1.54322129e-06,0.000417363219
b827,b827_pec_ti090_pi000,90.0,0.0,0.17,0.384248108,0.263702363,0.000235830754,0.000358409074
b827,b827_pec_ti090_pi000,90.0,0.0,0.18000001,0.431532681,0.0656824186,0.00040417831,0.000165395075
b827,b827_pec_ti090_pi000,90.0,0.0,0.19,0.38682732,-0.117695674,0.000428845378,-9.87132807e-05
b827,b827_pec_ti090_pi000,90.0,0.0,0.2,0.27675736,-0.247731373,0.000289327087,-0.000329253264
b827,b827_pec_ti090_pi000,90.0,0.0,0.20999999,0.139469534,-0.309639513,3.97252297e-05,-0.000428797066
b827,b827_pec_ti090_pi000,90.0,0.0,0.22,0.00824849308,-0.310391515,-0.000213167354,-0.000357502344
b827,b827_pec_ti090_pi000,90.0,0.0,0.23,-0.0974142104,-0.268380553,-0.000362580555,-0.000155503702
b827,b827_pec_ti090_pi000,90.0,0.0,0.23999999,-0.171595737,-0.202581078,-0.000356695527,7.82942079e-05
b827,b827_pec_ti090_pi000,90.0,0.0,0.25,-0.216306597,-0.126616552,-0.000223109033,0.000240873385
b827,b827_pec_ti090_pi000,90.0,0.0,0.25999999,-0.235720783,-0.04839807,-4.68026665e-05,0.00028088229
b827,b827_pec_ti090_pi000,90.0,0.0,0.27000001,-0.233320266,0.027488701,8.5258187e-05,0.000220663802
b827,b827_pec_ti090_pi000,90.0,0.0,0.28,-0.211649075,0.0977389887,0.000136660397,0.00013037317
b827,b827_pec_ti090_pi000,90.0,0.0,0.28999999,-0.172697082,0.159624442,0.000135984548,7.20550306e-05
b827,b827_pec_ti090_pi000,90.0,0.0,0.30000001,-0.117709003,0.210616484,0.000142970559,5.36605148e-05
b827,b827_pec_ti090_pi000,90.0,0.0,0.31,-0.0470485017,0.247183606,0.000191200117,2.72638317e-05
b827,b827_pec_ti090_pi000,90.0,0.0,0.31999999,0.0384461358,0.263168871,0.000250932644,-6.52323652e-05
b827,b827_pec_ti090_pi000,90.0,0.0,0.33000001,0.134351671,0.270810455,0.000267648458,-0.000238511973
b827,b827_pec_ti090_pi000,90.0,0.0,0.34,0.249927133,0.268530488,0.000175462337,-0.000471676525
b827,b827_pec_ti090_pi000,90.0,0.0,0.34999999,0.381004274,0.224231243,-9.68798777e-05,-0.000667165441
b827,b827_pec_ti090_pi000,90.0,0.0,0.36000001,0.509048879,0.128322631,-0.000517532637,-0.000691883033
b827,b827_pec_ti090_pi000,90.0,0.0,0.37,0.609247804,-0.0178294983,-0.000957495882,-0.000452476816
b827,b827_pec_ti090_pi000,90.0,0.0,0.38,0.657267034,-0.198976144,-0.00123695389,3.86780303e-05
b827,b827_pec_ti090_pi000,90.0,0.0,0.38999999,0.637073636,-0.388491809,-0.00121109001,0.000646737055
b827,b827_pec_ti090_pi000,90.0,0.0,0.40000001,0.546458185,-0.555810988,-0.000849095057,0.00116492331
b827,b827_pec_ti090_pi000,90.0,0.0,0.41,0.397863835,-0.675391853,-0.000258913205,0.00140843482
b827,b827_pec_ti090_pi000,90.0,0.0,0.41999999,0.214118198,-0.732940674,0.000358878809,0.00130128954
b827,b827_pec_ti090_pi000,90.0,0.0,0.43000001,0.0211257413,-0.72663486,0.000804176088,0.000907721347
b827,b827_pec_ti090_pi000,90.0,0.0,0.44,-0.158802196,-0.664038479,0.000965305255,0.000392978545
b827,b827_pec_ti090_pi000,90.0,0.0,0.44999999,-0.310098439,-0.557241917,0.000856000814,-6.05776841e-05
b827,b827_pec_ti090_pi000,90.0,0.0,0.46000001,-0.423339128,-0.419006586,0.000587316987,-0.000333950913
b827,b827_pec_ti090_pi000,90.0,0.0,0.47,-0.492959172,-0.261414945,0.000299134554,-0.000407558196
b827,b827_pec_ti090_pi000,90.0,0.0,0.47999999,-0.51574105,-0.0965765119,9.36406068e-05,-0.000343309075
b827,b827_pec_ti090_pi000,90.0,0.0,0.49000001,-0.491141498,0.0624008104,3.57291924e-06,-0.00023420935
b827,b827_pec_ti090_pi000,90.0,0.0,0.5,-0.422686189,0.201796576,1.41776138e-06,-0.000155238988
b827,b827_pec_ti090_pi000,90.0,0.0,0.50999999,-0.318761051,0.309239298,3.15303259e-05,-0.000138601637
b827,b827_pec_ti090_pi000,90.0,0.0,0.51999998,-0.191749007,0.376059204,4.21603072e-05,-0.000175760026
b827,b827_pec_ti090_pi000,90.0,0.0,0.52999997,-0.0558361784,0.398572326,3.32689524e-06,-0.000233685714
b827,b827_pec_ti090_pi000,90.0,0.0,0.54000002,0.0752002969,0.377768755,-8.88932846e-05,-0.000271960889
b827,b827_pec_ti090_pi000,90.0,0.0,0.55000001,0.189132199,0.318156123,-0.00021480782,-0.000255888503
b827,b827_pec_ti090_pi000,90.0,0.0,0.56,0.30749774,0.254697412,-0.000376573938,-0.000187903759
b827,b827_pec_ti090_pi000,90.0,0.0,0.56999999,0.405857414,0.147141367,-0.000514026789,-2.03705677e-05
b827,b827_pec_ti090_pi000,90.0,0.0,0.57999998,0.467021704,0.00122363563,-0.000566411531,0.000232695922
b827,b827_pec_ti090_pi000,90.0,0.0,0.58999997,0.475255758,-0.169567391,-0.000485955359,0.000519403198
b827,b827_pec_ti090_pi000,90.0,0.0,0.60000002,0.420708239,-0.344472408,-0.000262326503,0.000764044991
b827,b827_pec_ti090_pi000,90.0,0.0,0.61000001,0.303250313,-0.49897489,6.80851517e-05,0.000897030521
b827,b827_pec_ti090_pi000,90.0,0.0,0.62,0.133595288,-0.610361934,0.000437717536,0.000884556968
b827,b827_pec_ti090_pi000,90.0,0.0,0.63,-0.069134213,-0.662978411,0.000780889881,0.000738270814
b827,b827_pec_ti090_pi000,90.0,0.0,0.63999999,-0.282221466,-0.650928557,0.00106308679,0.000497051689
b827,b827_pec_ti090_pi000,90.0,0.0,0.64999998,-0.484190792,-0.577499151,0.00128560117,0.000193373431
b827,b827_pec_ti090_pi000,90.0,0.0,0.66000003,-0.657638729,-0.452451289,0.00146109262,-0.000170883475
b827,b827_pec_ti090_pi000,90.0,0.0,0.67000002,-0.789605439,-0.289138019,0.0015781346,-0.000618269143
b827,b827_pec_ti090_pi000,90.0,0.0,0.68000001,-0.870628357,-0.102769174,0.00158224464,-0.001160466
b827,b827_pec_ti090_pi000,90.0,0.0,0.69,-0.894149601,0.090354383,0.00139257405,-0.00175796275
b827,b827_pec_ti090_pi000,90.0,0.0,0.69999999,-0.857308507,0.273657084,0.000947261928,-0.00230408716
b827,b827_pec_ti090_pi000,90.0,0.0,0.70999998,-0.76276809,0.431733638,0.000253048085,-0.00265088328
b827,b827_pec_ti090_pi000,90.0,0.0,0.72000003,-0.620000362,0.55193913,-0.000591775519,-0.00266604056
b827,b827_pec_ti090_pi000,90.0,0.0,0.73000002,-0.444484115,0.625529587,-0.00141666783,-0.00229187054
b827,b827_pec_ti090_pi000,90.0,0.0,0.74000001,-0.254940867,0.648287117,-0.00203315192,-0.0015762957
b827,b827_pec_ti090_pi000,90.0,0.0,0.75,-0.0702225417,0.620782018,-0.00229904731,-0.0006627611
b827,b827_pec_ti090_pi000,90.0,0.0,0.75999999,0.0928895399,0.548271596,-0.0021646542,0.000253787468
b827,b827_pec_ti090_pi000,90.0,0.0,0.76999998,0.220976621,0.4403238,-0.00168454181,0.000985924387
b827,b827_pec_ti090_pi000,90.0,0.0,0.77999997,0.335199356,0.321017981,-0.00101657398,0.00153091236
b827,b827_pec_ti090_pi000,90.0,0.0,0.79000002,0.430509567,0.175982386,-0.000181572905,0.00181141414
b827,b827_pec_ti090_pi000,90.0,0.0,0.80000001,0.464418828,0.00586190633,0.000664513675,0.00164848939
b827,b827_pec_ti090_pi000,90.0,0.0,0.81,0.432446092,-0.163230479,0.00129581115,0.00111316307
b827,b827_pec_ti090_pi000,90.0,0.0,0.81999999,0.341576755,-0.306227773,0.00156785978,0.000383834413
b827,b827_pec_ti090_pi000,90.0,0.0,0.82999998,0.207967922,-0.404348999,0.00146261882,-0.000321949861
b827,b827_pec_ti090_pi000,90.0,0.0,0.83999997,0.0523225293,-0.447942376,0.00108257157,-0.000829353346
b827,b827_pec_ti090_pi000,90.0,0.0,0.85000002,-0.104926109,-0.436185807,0.000595455174,-0.0010659449
b827,b827_pec_ti090_pi000,90.0,0.0,0.86000001,-0.246688977,-0.374608755,0.000155416274,-0.00107117626
b827,b827_pec_ti090_pi000,90.0,0.0,0.87,-0.360054314,-0.272328407,-0.000159648698,-0.000953277515
b827,b827_pec_ti090_pi000,90.0,0.0,0.88,-0.435829073,-0.14032644,-0.000363672851,-0.00081924937
b827,b827_pec_ti090_pi000,90.0,0.0,0.88999999,-0.468129426,0.00917791482,-0.000527894299,-0.000718263618
b827,b827_pec_ti090_pi000,90.0,0.0,0.89999998,-0.454655349,0.163167551,-0.000721876917,-0.000627159316
b827,b827_pec_ti090_pi000,90.0,0.0,0.91000003,-0.39722231,0.308915049,-0.000967055559,-0.000479706359
b827,b827_pec_ti090_pi000,90.0,0.0,0.92000002,-0.301779747,0.435698658,-0.00122699712,-0.000214977277
b827,b827_pec_ti090_pi000,90.0,0.0,0.93000001,-0.177697062,0.536507368,-0.00143290521,0.000186034609
b827,b827_pec_ti090_pi000,90.0,0.0,0.94,-0.0370265506,0.609101593,-0.00152377808,0.000691814756
b827,b827_pec_ti090_pi000,90.0,0.0,0.94999999,0.104865953,0.656068921,-0.00147859135,0.00123384793
b827,b827_pec_ti090_pi000,90.0,0.0,0.95999998,0.22635445,0.682109773,-0.00132761546,0.00172039936
b827,b827_pec_ti090_pi000,90.0,0.0,0.97000003,0.299096912,0.683165908,-0.00112693768,0.00203509512
b827,b827_pec_ti090_pi000,90.0,0.0,0.98000002,0.309962571,0.634349585,-0.000882795895,0.00206891191
b827,b827_pec_ti090_pi000,90.0,0.0,0.99000001,0.28989616,0.522242904,-0.000551951467,0.0018438343
b827,b827_pec_ti090_pi000,90.0,0.0,1,0.271917939,0.380871058,-0.000181246462,0.00149887265
b871,b871_pec_ti090_pi000,90.0,0.0,0.1,-0.135237649,-0.0167290792,-0.000123359583,-0.000340871949
b871,b871_pec_ti090_pi000,90.0,0.0,0.11,-0.22638005,0.0547280684,-0.0004573185,-0.000341643346
b871,b871_pec_ti090_pi000,90.0,0.0,0.12,-0.293099016,0.170505553,-0.000803082425,-0.000127732943
b871,b871_pec_ti090_pi000,90.0,0.0,0.13,-0.289141178,0.302903444,-0.000971792731,0.000297180144
b871,b871_pec_ti090_pi000,90.0,0.0,0.14,-0.192502022,0.415282905,-0.000812537095,0.000808866753
b871,b871_pec_ti090_pi000,90.0,0.0,0.15000001,-0.0233764537,0.466846257,-0.000307448121,0.00118392298
b871,b871_pec_ti090_pi000,90.0,0.0,0.16,0.168699488,0.428954899,0.000394708564,0.00120687124
b871,b871_pec_ti090_pi000,90.0,0.0,0.17,0.326359332,0.303007871,0.00102339499,0.000797597575
b871,b871_pec_ti090_pi000,90.0,0.0,0.18000001,0.4060781,0.121711418,0.0013071443,7.54208668e-05
b871,b871_pec_ti090_pi000,90.0,0.0,0.19,0.393105924,-0.0655055195,0.00111191219,-0.000682971848
b871,b871_pec_ti090_pi000,90.0,0.0,0.2,0.303158522,-0.213178501,0.000515390362,-0.00117516262
b871,b871_pec_ti090_pi000,90.0,0.0,0.20999999,0.171302214,-0.295680165,-0.000230589954,-0.0012222525
b871,b871_pec_ti090_pi000,90.0,0.0,0.22,0.0351292007,-0.311600417,-0.000830248988,-0.000849273696
b871,b871_pec_ti090_pi000,90.0,0.0,0.23,-0.0788115263,-0.276978046,-0.0010890764,-0.000252001686
b871,b871_pec_ti090_pi000,90.0,0.0,0.23999999,-0.159780726,-0.213353261,-0.000988506479,0.000323641143
b871,b871_pec_ti090_pi000,90.0,0.0,0.25,-0.20907706,-0.137882859,-0.000652786461,0.000709170126
b871,b871_pec_ti090_pi000,90.0,0.0,0.25999999,-0.23242788,-0.0597895533,-0.000242854177,0.000868832169
b871,b871_pec_ti090_pi000,90.0,0.0,0.27000001,-0.233988523,0.0172999408,0.000141634722,0.000858653511
b871,b871_pec_ti090_pi000,90.0,0.0,0.28,-0.214782819,0.0907972977,0.00048468294,0.000735521724
b871,b871_pec_ti090_pi000,90.0,0.0,0.28999999,-0.174791604,0.156211227,0.000795396278,0.000496016233
b871,b871_pec_ti090_pi000,90.0,0.0,0.30000001,-0.115778141,0.207319409,0.00102779723,9.71014524e-05
b871,b871_pec_ti090_pi000,90.0,0.0,0.31,-0.0423712209,0.238262847,0.00105770526,-0.000457577349
b871,b871_pec_ti090_pi000,90.0,0.0,0.31999999,0.0389475226,0.245242119,0.000751222135,-0.00104093866
b871,b871_pec_ti090_pi000,90.0,0.0,0.33000001,0.121483751,0.245737702,0.000140645483,-0.00150236837
b871,b871_pec_ti090_pi000,90.0,0.0,0.34,0.215078428,0.244436368,-0.000751998799,-0.00170407258
b871,b871_pec_ti090_pi000,90.0,0.0,0.34999999,0.322134912,0.217758521,-0.0017993598,-0.0013598107
b871,b871_pec_ti090_pi000,90.0,0.0,0.36000001,0.436480463,0.157363072,-0.00264107645,-0.000389154098
b871,b871_pec_ti090_pi000,90.0,0.0,0.37,0.545299768,0.0565107688,-0.00289589888,0.0010342435
b871,b871_pec_ti090_pi000,90.0,0.0,0.38,0.628985345,-0.0852978155,-0.00234049512,0.00250452058
b871,b871_pec_ti090_pi000,90.0,0.0,0.38999999,0.664732993,-0.258335859,-0.00103935681,0.00352762407
b871,b871_pec_ti090_pi000,90.0,0.0,0.40000001,0.633481026,-0.441906333,0.0006495915,0.00372695737
b871,b871_pec_ti090_pi000,90.0,0.0,0.41,0.527634025,-0.607884526,0.00220622728,0.00300972816
b871,b871_pec_ti090_pi000,90.0,0.0,0.41999999,0.35571602,-0.727475226,0.00315654487,0.00160991005
b871,b871_pec_ti090_pi000,90.0,0.0,0.43000001,0.141278863,-0.778823018,0.0032587098,-1.38214127e-05
b871,b871_pec_ti090_pi000,90.0,0.0,0.44,-0.0834994838,-0.752735138,0.00257962919,-0.00137114618
b871,b871_pec_ti090_pi000,90.0,0.0,0.44999999,-0.286384404,-0.654353201,0.0014345597,-0.00212852401
b871,b871_pec_ti090_pi000,90.0,0.0,0.46000001,-0.44228521,-0.500430286,0.000230982681,-0.00220765197
b871,b871_pec_ti090_pi000,90.0,0.0,0.47,-0.536863685,-0.313948601,-0.000699159747,-0.00176230236
b871,b871_pec_ti090_pi000,90.0,0.0,0.47999999,-0.566407859,-0.11868006,-0.00120167329,-0.00106505095
b871,b871_pec_ti090_pi000,90.0,0.0,0.49000001,-0.535440266,0.0644588247,-0.00130379293,-0.000373052608
b871,b871_pec_ti090_pi000,90.0,0.0,0.5,-0.45392406,0.218945473,-0.00114104711,0.000161100368
b871,b871_pec_ti090_pi000,90.0,0.0,0.50999999,-0.335196853,0.332953393,-0.000861216802,0.000504342141
b871,b871_pec_ti090_pi000,90.0,0.0,0.51999998,-0.194625691,0.399430245,-0.000558051921,0.000697813695
b871,b871_pec_ti090_pi000,90.0,0.0,0.52999997,-0.0483843312,0.416326046,-0.000259007065,0.000792960578
b871,b871_pec_ti090_pi000,90.0,0.0,0.54000002,0.0880677328,0.386628598,4.36840382e-05,0.000808830897
b871,b871_pec_ti090_pi000,90.0,0.0,0.55000001,0.201603621,0.317754209,0.000349245558,0.000728834886
b871,b871_pec_ti090_pi000,90.0,0.0,0.56,0.315680742,0.247324377,0.000695259136,0.000593771867
b871,b871_pec_ti090_pi000,90.0,0.0,0.56999999,0.406326085,0.137494341,0.000998899806,0.000277309649
b871,b871_pec_ti090_pi000,90.0,0.0,0.57999998,0.460525155,-0.00462707086,0.00115169911,-0.000208365018
b871,b871_pec_ti090_pi000,90.0,0.0,0.58999997,0.466833472,-0.167686984,0.0010539043,-0.000780030619
b871,b871_pec_ti090_pi000,90.0,0.0,0.60000002,0.41697827,-0.335813701,0.000661481696,-0.00129598437
b871,b871_pec_ti090_pi000,90.0,0.0,0.61000001,0.308261096,-0.489275962,1.74469424e-05,-0.00159810588
b871,b871_pec_ti090_pi000,90.0,0.0,0.62,0.145920143,-0.606878281,-0.00074836472,-0.00156709284
b871,b871_pec_ti090_pi000,90.0,0.0,0.63,-0.0559739582,-0.669984281,-0.00145384134,-0.00116898806
b871,b871_pec_ti090_pi000,90.0,0.0,0.63999999,-0.276122481,-0.666897953,-0.00192170008,-0.000473558524
b871,b871_pec_ti090_pi000,90.0,0.0,0.64999998,-0.489925027,-0.595824838,-0.00203808141,0.000364859763
b871,b871_pec_ti090_pi000,90.0,0.0,0.66000003,-0.674286723,-0.465154052,-0.00178898277,0.00115719787
b871,b871_pec_ti090_pi000,90.0,0.0,0.67000002,-0.811394632,-0.291093588,-0.00126007106,0.00174172502
b871,b871_pec_ti090_pi000,90.0,0.0,0.68000001,-0.890265524,-0.0938851908,-0.000599758408,0.00203200569
b871,b871_pec_ti090_pi000,90.0,0.0,0.69,-0.906290889,0.105952807,3.83414117e-05,0.00203248067
b871,b871_pec_ti090_pi000,90.0,0.0,0.69999999,-0.860161245,0.290308475,0.000547104981,0.0018172469
b871,b871_pec_ti090_pi000,90.0,0.0,0.70999998,-0.757548392,0.444750607,0.00089034671,0.00148573902
b871,b871_pec_ti090_pi000,90.0,0.0,0.72000003,-0.609424114,0.558603048,0.00109065906,0.00111793587
b871,b871_pec_ti090_pi000,90.0,0.0,0.73000002,-0.431686819,0.624748349,0.00119239208,0.000751258514
b871,b871_pec_ti090_pi000,90.0,0.0,0.74000001,-0.243251279,0.640090704,0.00122372736,0.000387070933
b871,b871_pec_ti090_pi000,90.0,0.0,0.75,-0.0631380901,0.606473804,0.00118005462,1.9006362e-05
b871,b871_pec_ti090_pi000,90.0,0.0,0.75999999,0.0923859924,0.530940115,0.00103586528,-0.000337363133
b871,b871_pec_ti090_pi000,90.0,0.0,0.76999998,0.211813942,0.424690127,0.000775222492,-0.000634350639
b871,b871_pec_ti090_pi000,90.0,0.0,0.77999997,0.318093896,0.312035918,0.000422280224,-0.000876004458
b871,b871_pec_ti090_pi000,90.0,0.0,0.79000002,0.4094823,0.178614452,-3.67060748e-05,-0.000990836998
b871,b871_pec_ti090_pi000,90.0,0.0,0.80000001,0.447807312,0.021172367,-0.000505746924,-0.00085134519
b871,b871_pec_ti090_pi000,90.0,0.0,0.81,0.427899122,-0.140254438,-0.000833551923,-0.000485896278
b871,b871_pec_ti090_pi000,90.0,0.0,0.81999999,0.351757199,-0.284882128,-0.000913086755,-1.63065051e-05
b871,b871_pec_ti090_pi000,90.0,0.0,0.82999998,0.228682727,-0.393671483,-0.000737289665,0.000392053858
b871,b871_pec_ti090_pi000,90.0,0.0,0.83999997,0.0744226053,-0.452051848,-0.000405915955,0.000608726114
b871,b871_pec_ti090_pi000,90.0,0.0,0.85000002,-0.0909393132,-0.452262074,-7.50256077e-05,0.000602120708
b871,b871_pec_ti090_pi000,90.0,0.0,0.86000001,-0.246051431,-0.39456287,0.000125962179,0.000451373257
b871,b871_pec_ti090_pi000,90.0,0.0,0.87,-0.371588349,-0.286956191,0.00016325443,0.000296163169
b871,b871_pec_ti090_pi000,90.0,0.0,0.88,-0.453010529,-0.143558472,0.000113137867,0.000251496502
b871,b871_pec_ti090_pi000,90.0,0.0,0.88999999,-0.482371747,0.0178892687,0.000111662666,0.000335820805
b871,b871_pec_ti090_pi000,90.0,0.0,0.89999998,-0.459058017,0.178967163,0.000266724004,0.000455363654
b871,b871_pec_ti090_pi000,90.0,0.0,0.91000003,-0.389389515,0.323671371,0.000583550136,0.000455842324
b871,b871_pec_ti090_pi000,90.0,0.0,0.92000002,-0.284980893,0.441260517,0.000947714492,0.000213574618
b871,b871_pec_ti090_pi000,90.0,0.0,0.93000001,-0.160071686,0.528171957,0.00117848115,-0.000285680202
b871,b871_pec_ti090_pi000,90.0,0.0,0.94,-0.0288189929,0.588241518,0.00112484698,-0.000926745299
b871,b871_pec_ti090_pi000,90.0,0.0,0.94999999,0.0954215899,0.630618274,0.000752957829,-0.00151509535
b871,b871_pec_ti090_pi000,90.0,0.0,0.95999998,0.196886763,0.663891912,0.000178644332,-0.00186767883
b871,b871_pec_ti090_pi000,90.0,0.0,0.97000003,0.25486815,0.682161748,-0.000379253703,-0.00188268046
b871,b871_pec_ti090_pi000,90.0,0.0,0.98000002,0.263238311,0.652894974,-0.000728148327,-0.00156086567
b871,b871_pec_ti090_pi000,90.0,0.0,0.99000001,0.255671978,0.554718733,-0.000823058013,-0.00103286526
b871,b871_pec_ti090_pi000,90.0,0.0,1,0.259178251,0.41701442,-0.000722314988,-0.000522796938
b8ed,b8ed_pec_ti090_pi000,90.0,0.0,0.1,-0.0457354784,-0.0163723174,5.38000568e-05,-0.000119752964
b8ed,b8ed_pec_ti090_pi000,90.0,0.0,0.11,-0.097671099,-0.0126982108,-5.09265956e-05,-0.000205644465
b8ed,b8ed_pec_ti090_pi000,90.0,0.0,0.12,-0.163906753,0.0131148463,-0.000223839408,-0.000229486264
b8ed,b8ed_pec_ti090_pi000,90.0,0.0,0.13,-0.216853246,0.0706884116,-0.000405461964,-0.000138285919
b8ed,b8ed_pec_ti090_pi000,90.0,0.0,0.14,-0.225168005,0.160097793,-0.000508499797,7.82629722e-05
b8ed,b8ed_pec_ti090_pi000,90.0,0.0,0.15000001,-0.169329852,0.25931409,-0.000454570254,0.000360680278
b8ed,b8ed_pec_ti090_pi000,90.0,0.0,0.16,-0.0501516201,0.329047203,-0.00021735426,0.000594304467
b8ed,b8ed_pec_ti090_pi000,90.0,0.0,0.17,0.10622669,0.331854522,0.000147205312,0.000659584708
b8ed,b8ed_pec_ti090_pi000,90.0,0.0,0.18000001,0.254044473,0.251542509,0.000510237936,0.00049358909
b8ed,b8ed_pec_ti090_pi000,90.0,0.0,0.19,0.345221728,0.103196368,0.000722286757,0.000131505149
b8ed,b8ed_pec_ti090_pi000,90.0,0.0,0.2,0.349774539,-0.0714597106,0.000684968894,-0.000298354978
b8ed,b8ed_pec_ti090_pi000,90.0,0.0,0.20999999,0.268383205,-0.221351147,0.000403418439,-0.000629187271
b8ed,b8ed_pec_ti090_pi000,90.0,0.0,0.22,0.13056758,-0.307051688,-1.1602935e-05,-0.000733930559
b8ed,b8ed_pec_ti090_pi000,90.0,0.0,0.23,-0.0198785327,-0.314779818,-0.000395992072,-0.000585336296
b8ed,b8ed_pec_ti090_pi000,90.0,0.0,0.23999999,-0.143717304,-0.257208139,-0.000611475611,-0.000264067668
b8ed,b8ed_pec_ti090_pi000,90.0,0.0,0.25,-0.219513074,-0.162628531,-0.000607387396,8.88126306e-05
b8ed,b8ed_pec_ti090_pi000,90.0,0.0,0.25999999,-0.245863765,-0.0600450039,-0.000431482214,0.000346088404
b8ed,b8ed_pec_ti090_pi000,90.0,0.0,0.27000001,-0.2341149,0.0314256698,-0.00018784999,0.000450868392
b8ed,b8ed_pec_ti090_pi000,90.0,0.0,0.28,-0.197956935,0.104615629,2.7226135e-05,0.000424940692
b8ed,b8ed_pec_ti090_pi000,90.0,0.0,0.28999999,-0.14651072,0.159432769,0.000169659354,0.000331527408
b8ed,b8ed_pec_ti090_pi000,90.0,0.0,0.30000001,-0.0837267712,0.196302369,0.000248280267,0.000224681033
b8ed,b8ed_pec_ti090_pi000,90.0,0.0,0.31,-0.0122693991,0.212771654,0.000291122386,0.000122141253
b8ed,b8ed_pec_ti090_pi000,90.0,0.0,0.31999999,0.0623678565,0.204768583,0.000310536067,1.57651339e-05
b8ed,b8ed_pec_ti090_pi000,90.0,0.0,0.33000001,0.13355419,0.186341122,0.000318928331,-9.44113781e-05
b8ed,b8ed_pec_ti090_pi000,90.0,0.0,0.34,0.205322444,0.160627455,0.000310137519,-0.000212390732
b8ed,b8ed_pec_ti090_pi000,90.0,0.0,0.34999999,0.271346122,0.113658853,0.000260691391,-0.000321962114
b8ed,b8ed_pec_ti090_pi000,90.0,0.0,0.36000001,0.325121135,0.0501312539,0.000194392749,-0.000403261569
b8ed,b8ed_pec_ti090_pi000,90.0,0.0,0.37,0.363236934,-0.0233230628,0.000146663151,-0.000470410247
b8ed,b8ed_pec_ti090_pi000,90.0,0.0,0.38,0.384828269,-0.100674242,0.000123462945,-0.000573811936
b8ed,b8ed_pec_ti090_pi000,90.0,0.0,0.38999999,0.389587164,-0.178150401,6.79019504e-05,-0.000759687566
b8ed,b8ed_pec_ti090_pi000,90.0,0.0,0.40000001,0.375891507,-0.254217237,-0.000126424216,-0.00100655621
b8ed,b8ed_pec_ti090_pi000,90.0,0.0,0.41,0.340409249,-0.327890515,-0.000543771312,-0.00118778949
b8ed,b8ed_pec_ti090_pi000,90.0,0.0,0.41999999,0.279362828,-0.396231532,-0.00115197082,-0.00110663776
b8ed,b8ed_pec_ti090_pi000,90.0,0.0,0.43000001,0.190711498,-0.452587366,-0.00175457646,-0.000607150316
b8ed,b8ed_pec_ti090_pi000,90.0,0.0,0.44,0.0764114782,-0.48681885,-0.00204538438,0.000295471604
b8ed,b8ed_pec_ti090_pi000,90.0,0.0,0.44999999,-0.0559550934,-0.487626672,-0.00176047813,0.0013535266
b8ed,b8ed_pec_ti090_pi000,90.0,0.0,0.46000001,-0.192900822,-0.446083754,-0.000850040698,0.00215736846
b8ed,b8ed_pec_ti090_pi000,90.0,0.0,0.47,-0.316558152,-0.359168172,0.000438588671,0.00232334808
b8ed,b8ed_pec_ti090_pi000,90.0,0.0,0.47999999,-0.407914966,-0.232115701,0.00163659966,0.00170359272
b8ed,b8ed_pec_ti090_pi000,90.0,0.0,0.49000001,-0.451044798,-0.0787697509,0.00226528291,0.000492779422
b8ed,b8ed_pec_ti090_pi000,90.0,0.0,0.5,-0.437172234,0.0804294869,0.00207341858,-0.00084202725
b8ed,b8ed_pec_ti090_pi000,90.0,0.0,0.50999999,-0.367314726,0.222434953,0.00116547057,-0.00177926419
b8ed,b8ed_pec_ti090_pi000,90.0,0.0,0.51999998,-0.252571166,0.326544166,-5.37774395e-05,-0.00199063029
b8ed,b8ed_pec_ti090_pi000,90.0,0.0,0.52999997,-0.111864388,0.378879905,-0.00108530559,-0.00148173678
b8ed,b8ed_pec_ti090_pi000,90.0,0.0,0.54000002,0.0322376713,0.375092328,-0.00157368556,-0.00055498007
b8ed,b8ed_pec_ti090_pi000,90.0,0.0,0.55000001,0.158316389,0.320572138,-0.00144655514,0.000370084366
b8ed,b8ed_pec_ti090_pi000,90.0,0.0,0.56,0.279288083,0.256271541,-0.00100279017,0.00107905141
b8ed,b8ed_pec_ti090_pi000,90.0,0.0,0.56999999,0.372823983,0.148621708,-0.000291236036,0.00140408031
b8ed,b8ed_pec_ti090_pi000,90.0,0.0,0.57999998,0.424894899,0.00982039329,0.00041401817,0.00131955568
b8ed,b8ed_pec_ti090_pi000,90.0,0.0,0.58999997,0.426848561,-0.1443367,0.00092579698,0.000959238969
b8ed,b8ed_pec_ti090_pi000,90.0,0.0,0.60000002,0.375708073,-0.29654178,0.00120660081,0.000497117173
b8ed,b8ed_pec_ti090_pi000,90.0,0.0,0.61000001,0.274002105,-0.42958951,0.00132538204,3.44128457e-05
b8ed,b8ed_pec_ti090_pi000,90.0,0.0,0.62,0.129535377,-0.527769625,0.00135422149,-0.000435430062
b8ed,b8ed_pec_ti090_pi000,90.0,0.0,0.63,-0.0449396744,-0.578429043,0.00128389441,-0.000971758913
b8ed,b8ed_pec_ti090_pi000,90.0,0.0,0.63999999,-0.232590452,-0.57381171,0.00101605698,-0.00159078452
b8ed,b8ed_pec_ti090_pi000,90.0,0.0,0.64999998,-0.414317071,-0.512754858,0.00043258493,-0.00219914201
b8ed,b8ed_pec_ti090_pi000,90.0,0.0,0.66000003,-0.571425319,-0.40147838,-0.000506202457,-0.00260191434
b8ed,b8ed_pec_ti090_pi000,90.0,0.0,0.67000002,-0.688457966,-0.252837181,-0.00169607101,-0.00258061895
b8ed,b8ed_pec_ti090_pi000,90.0,0.0,0.68000001,-0.755226493,-0.0840154961,-0.00289294496,-0.00199688901
b8ed,b8ed_pec_ti090_pi000,90.0,0.0,0.69,-0.767466128,0.0867384747,-0.00378385768,-0.000869878393
b8ed,b8ed_pec_ti090_pi000,90.0,0.0,0.69999999,-0.726387799,0.243232042,-0.00409210287,0.000606331218
b8ed,b8ed_pec_ti090_pi000,90.0,0.0,0.70999998,-0.637922168,0.373192936,-0.00367575558,0.00210935879
b8ed,b8ed_pec_ti090_pi000,90.0,0.0,0.72000003,-0.512074411,0.468363196,-0.00258532795,0.00328015909
b8ed,b8ed_pec_ti090_pi000,90.0,0.0,0.73000002,-0.36207056,0.523609281,-0.00106116582,0.00383103755
b8ed,b8ed_pec_ti090_pi000,90.0,0.0,0.74000001,-0.203067392,0.53650254,0.000532317907,0.00363647379
b8ed,b8ed_pec_ti090_pi000,90.0,0.0,0.75,-0.0505844019,0.507926643,0.00181656634,0.00277709123
b8ed,b8ed_pec_ti090_pi000,90.0,0.0,0.75999999,0.0812436119,0.442949206,0.00251789624,0.00151494448
b8ed,b8ed_pec_ti090_pi000,90.0,0.0,0.76999998,0.181521758,0.350887895,0.00255071977,0.000203763775
b8ed,b8ed_pec_ti090_pi000,90.0,0.0,0.77999997,0.268259525,0.252640337,0.00213957112,-0.000953788054
b8ed,b8ed_pec_ti090_pi000,90.0,0.0,0.79000002,0.338939846,0.138036951,0.00132751232,-0.00182561751
b8ed,b8ed_pec_ti090_pi000,90.0,0.0,0.80000001,0.362842709,0.00771472743,0.000255602528,-0.00213265209
b8ed,b8ed_pec_ti090_pi000,90.0,0.0,0.81,0.339149594,-0.120075382,-0.000736008747,-0.00188556826
b8ed,b8ed_pec_ti090_pi000,90.0,0.0,0.81999999,0.273660272,-0.229283437,-0.00141542964,-0.0012664604
b8ed,b8ed_pec_ti090_pi000,90.0,0.0,0.82999998,0.1767243,-0.30804643,-0.0017168147,-0.00050654501
b8ed,b8ed_pec_ti090_pi000,90.0,0.0,0.83999997,0.0609568059,-0.349364758,-0.00169884576,0.000224829244
b8ed,b8ed_pec_ti090_pi000,90.0,0.0,0.85000002,-0.0606769435,-0.350802332,-0.00145064725,0.000856507919
b8ed,b8ed_pec_ti090_pi000,90.0,0.0,0.86000001,-0.176137552,-0.313650995,-0.00101943489,0.00137189846
b8ed,b8ed_pec_ti090_pi000,90.0,0.0,0.87,-0.274943769,-0.241972759,-0.000408135587,0.00173617341
b8ed,b8ed_pec_ti090_pi000,90.0,0.0,0.88,-0.348297745,-0.141839102,0.00036662881,0.00186062092
b8ed,b8ed_pec_ti090_pi000,90.0,0.0,0.88999999,-0.389014721,-0.0210050493,0.00121125195,0.00163488416
b8ed,b8ed_pec_ti090_pi000,90.0,0.0,0.89999998,-0.391728044,0.111007109,0.00194331398,0.00100419368
b8ed,b8ed_pec_ti090_pi000,90.0,0.0,0.91000003,-0.353779137,0.242873728,0.00234770682,3.44496184e-05
b8ed,b8ed_pec_ti090_pi000,90.0,0.0,0.92000002,-0.27674225,0.362260133,0.00226884987,-0.00108284748
b8ed,b8ed_pec_ti090_pi000,90.0,0.0,0.93000001,-0.167876065,0.458043009,0.00168435031,-0.0020928937
b8ed,b8ed_pec_ti090_pi000,90.0,0.0,0.94,-0.0405929014,0.523667216,0.00072075834,-0.00277357851
b8ed,b8ed_pec_ti090_pi000,90.0,0.0,0.94999999,0.0861995444,0.560031056,-0.000389555789,-0.00301609258
b8ed,b8ed_pec_ti090_pi000,90.0,0.0,0.95999998,0.188845724,0.574236929,-0.00137817988,-0.00285087642
b8ed,b8ed_pec_ti090_pi000,90.0,0.0,0.97000003,0.242146552,0.568358481,-0.0020067778,-0.00239682081
b8ed,b8ed_pec_ti090_pi000,90.0,0.0,0.98000002,0.239860475,0.525805056,-0.00215945276,-0.00175781152
b8ed,b8ed_pec_ti090_pi000,90.0,0.0,0.99000001,0.216159731,0.437175751,-0.00194041408,-0.00102964544
b8ed,b8ed_pec_ti090_pi000,90.0,0.0,1,0.203260228,0.328722775,-0.00155091553,-0.000377348711
b905,b905_pec_ti090_pi000,90.0,0.0,0.1,-0.0825512856,-0.0157749169,-9.29266898e-05,-0.000121149642
b905,b905_pec_ti090_pi000,90.0,0.0,0.11,-0.166793972,0.0125712408,-0.000233853658,-9.34787531e-05
b905,b905_pec_ti090_pi000,90.0,0.0,0.12,-0.257529438,0.0905488878,-0.00036428048,1.78005539e-05
b905,b905_pec_ti090_pi000,90.0,0.0,0.13,-0.297706336,0.215382352,-0.000408527907,0.000196925757
b905,b905_pec_ti090_pi000,90.0,0.0,0.14,-0.239075512,0.35570401,-0.000317620899,0.000388109591
b905,b905_pec_ti090_pi000,90.0,0.0,0.15000001,-0.0787437782,0.452260137,-0.000102376929,0.000508395722
b905,b905_pec_ti090_pi000,90.0,0.0,0.16,0.135641545,0.447776735,0.000167014485,0.000489431666
b905,b905_pec_ti090_pi000,90.0,0.0,0.17,0.326572865,0.325380355,0.000388877525,0.0003199926
b905,b905_pec_ti090_pi000,90.0,0.0,0.18000001,0.424713135,0.12214198,0.000477206981,5.78336803e-05
b905,b905_pec_ti090_pi000,90.0,0.0,0.19,0.403187275,-0.0907614008,0.000404277409,-0.000197049201
b905,b905_pec_ti090_pi000,90.0,0.0,0.2,0.28648439,-0.246287093,0.00021305753,-0.000352564151
b905,b905_pec_ti090_pi000,90.0,0.0,0.20999999,0.130297735,-0.312664717,-8.65633865e-06,-0.000368751062
b905,b905_pec_ti090_pi000,90.0,0.0,0.22,-0.0115907025,-0.299599558,-0.000176016125,-0.00027036338
b905,b905_pec_ti090_pi000,90.0,0.0,0.23,-0.111136556,-0.240654305,-0.00024707659,-0.00012289107
b905,b905_pec_ti090_pi000,90.0,0.0,0.23999999,-0.168528631,-0.168106735,-0.000231850572,9.26094799e-06
b905,b905_pec_ti090_pi000,90.0,0.0,0.25,-0.197851986,-0.0977319181,-0.000170066531,9.35712742e-05
b905,b905_pec_ti090_pi000,90.0,0.0,0.25999999,-0.210264593,-0.0299552735,-9.86789091e-05,0.000131860375
b905,b905_pec_ti090_pi000,90.0,0.0,0.27000001,-0.206644803,0.0389169008,-3.39455255e-05,0.00014014334
b905,b905_pec_ti090_pi000,90.0,0.0,0.28,-0.181669772,0.106693111,2.26623342e-05,0.000128030544
b905,b905_pec_ti090_pi000,90.0,0.0,0.28999999,-0.132715255,0.163619921,6.77884673e-05,9.60070101e-05
b905,b905_pec_ti090_pi000,90.0,0.0,0.30000001,-0.0654070899,0.198180825,8.98849321e-05,4.87061006e-05
b905,b905_pec_ti090_pi000,90.0,0.0,0.31,0.00781107321,0.204390377,8.14199302e-05,4.93381867e-06
b905,b905_pec_ti090_pi000,90.0,0.0,0.31999999,0.0739516094,0.184938326,5.57605599e-05,-1.22486326e-05
b905,b905_pec_ti090_pi000,90.0,0.0,0.33000001,0.12867558,0.162742823,4.8633101e-05,1.31758873e-06
b905,b905_pec_ti090_pi000,90.0,0.0,0.34,0.182358995,0.146420881,8.98033977e-05,2.05737324e-05
b905,b905_pec_ti090_pi000,90.0,0.0,0.34999999,0.239704117,0.124180384,0.000182370117,-9.32191324e-06
b905,b905_pec_ti090_pi000,90.0,0.0,0.36000001,0.305734843,0.092087701,0.000279259752,-0.000145684928
b905,b905_pec_ti090_pi000,90.0,0.0,0.37,0.380448997,0.0406535119,0.000284397742,-0.000398351782
b905,b905_pec_ti090_pi000,90.0,0.0,0.38,0.45409748,-0.0404752418,0.000101886013,-0.00069369335
b905,b905_pec_ti090_pi000,90.0,0.0,0.38999999,0.507009089,-0.155378014,-0.000294509926,-0.000887755596
b905,b905_pec_ti090_pi000,90.0,0.0,0.40000001,0.515466154,-0.29608947,-0.000819098961,-0.000833523867
b905,b905_pec_ti090_pi000,90.0,0.0,0.41,0.461655527,-0.441739738,-0.00129514025,-0.000465136021
b905,b905_pec_ti090_pi000,90.0,0.0,0.41999999,0.342614532,-0.563774049,-0.00153326965,0.00015534171
b905,b905_pec_ti090_pi000,90.0,0.0,0.43000001,0.17310372,-0.635298431,-0.00141961616,0.000860486529
b905,b905_pec_ti090_pi000,90.0,0.0,0.44,-0.0191111043,-0.640201211,-0.00095962215,0.00145262654
b905,b905_pec_ti090_pi000,90.0,0.0,0.44999999,-0.202710465,-0.577583969,-0.000257873035,0.00177983951
b905,b905_pec_ti090_pi000,90.0,0.0,0.46000001,-0.351958871,-0.459804684,0.000537275802,0.00176818052
b905,b905_pec_ti090_pi000,90.0,0.0,0.47,-0.451455593,-0.306262374,0.0012771152,0.00140930421
b905,b905_pec_ti090_pi000,90.0,0.0,0.47999999,-0.495644569,-0.137096256,0.00182093272,0.000740198418
b905,b905_pec_ti090_pi000,90.0,0.0,0.49000001,-0.485421449,0.0300336536,0.00203149905,-0.00015093165
b905,b905_pec_ti090_pi000,90.0,0.0,0.5,-0.42526257,0.179847598,0.00179838587,-0.00109948195
b905,b905_pec_ti090_pi000,90.0,0.0,0.50999999,-0.322806448,0.298290163,0.00110094342,-0.00186541444
b905,b905_pec_ti090_pi000,90.0,0.0,0.51999998,-0.190179005,0.372900963,7.0766524e-05,-0.00219861348
b905,b905_pec_ti090_pi000,90.0,0.0,0.52999997,-0.0446260124,0.395469844,-0.00101044297,-0.00195347657
b905,b905_pec_ti090_pi000,90.0,0.0,0.54000002,0.0935114548,0.365375727,-0.00180656172,-0.00118297385
b905,b905_pec_ti090_pi000,90.0,0.0,0.55000001,0.205297396,0.291001797,-0.00207500462,-0.000138663236
b905,b905_pec_ti090_pi000,90.0,0.0,0.56,0.310537755,0.210911766,-0.00199123076,0.000932912866
b905,b905_pec_ti090_pi000,90.0,0.0,0.56999999,0.383804709,0.095965527,-0.00137145643,0.00182832812
b905,b905_pec_ti090_pi000,90.0,0.0,0.57999998,0.416088551,-0.0409565307,-0.000408558961,0.0023085298
b905,b905_pec_ti090_pi000,90.0,0.0,0.58999997,0.403018743,-0.18676202,0.000634431082,0.00230193557
b905,b905_pec_ti090_pi000,90.0,0.0,0.60000002,0.342717171,-0.328756124,0.00154489768,0.00188025844
b905,b905_pec_ti090_pi000,90.0,0.0,0.61000001,0.23516497,-0.453146935,0.00221068133,0.00116842019
b905,b905_pec_ti090_pi000,90.0,0.0,0.62,0.084261246,-0.543961823,0.00258651492,0.000271550729
b905,b905_pec_ti090_pi000,90.0,0.0,0.63,-0.0989663452,-0.584898353,0.00263442867,-0.00072762178
b905,b905_pec_ti090_pi000,90.0,0.0,0.63999999,-0.295200884,-0.564267695,0.00230967416,-0.00172137993
b905,b905_pec_ti090_pi000,90.0,0.0,0.64999998,-0.479897141,-0.480324954,0.001609653,-0.00254863012
b905,b905_pec_ti090_pi000,90.0,0.0,0.66000003,-0.629656434,-0.343363464,0.000634490396,-0.00303476327
b905,b905_pec_ti090_pi000,90.0,0.0,0.67000002,-0.728386402,-0.172903389,-0.000410565437,-0.00308008329
b905,b905_pec_ti090_pi000,90.0,0.0,0.68000001,-0.76977247,0.00837818068,-0.00129256246,-0.00272440189
b905,b905_pec_ti090_pi000,90.0,0.0,0.69,-0.755402982,0.180447072,-0.00185800111,-0.00212909351
b905,b905_pec_ti090_pi000,90.0,0.0,0.69999999,-0.691110194,0.328699231,-0.00209183944,-0.00148499256
b905,b905_pec_ti090_pi000,90.0,0.0,0.70999998,-0.584868968,0.443558276,-0.00208797958,-0.00091588113
b905,b905_pec_ti090_pi000,90.0,0.0,0.72000003,-0.447233737,0.518770933,-0.00196172646,-0.000445309415
b905,b905_pec_ti090_pi000,90.0,0.0,0.73000002,-0.292280525,0.550697744,-0.00177554309,-3.93527662e-05
b905,b905_pec_ti090_pi000,90.0,0.0,0.74000001,-0.136622354,0.539361954,-0.00152948021,0.000324530207
b905,b905_pec_ti090_pi000,90.0,0.0,0.75,0.00374041474,0.489799142,-0.00120784785,0.00062225794
b905,b905_pec_ti090_pi000,90.0,0.0,0.75999999,0.116974667,0.411628813,-0.000828940247,0.00080384512
b905,b905_pec_ti090_pi000,90.0,0.0,0.76999998,0.197250679,0.316587269,-0.000453159213,0.000841296511
b905,b905_pec_ti090_pi000,90.0,0.0,0.77999997,0.267259896,0.222295403,-0.000134292088,0.000812861137
b905,b905_pec_ti090_pi000,90.0,0.0,0.79000002,0.326918215,0.116763078,0.000122136087,0.000738245551
b905,b905_pec_ti090_pi000,90.0,0.0,0.80000001,0.348093092,-0.00264467625,0.000295931444,0.000618049817
b905,b905_pec_ti090_pi000,90.0,0.0,0.81,0.327865154,-0.12310911,0.000414237002,0.00050067628
b905,b905_pec_ti090_pi000,90.0,0.0,0.81999999,0.26739189,-0.230687127,0.000516731001,0.000390595203
b905,b905_pec_ti090_pi000,90.0,0.0,0.82999998,0.172896147,-0.312055945,0.000619613798,0.000263003021
b905,b905_pec_ti090_pi000,90.0,0.0,0.83999997,0.0551872179,-0.356901914,0.00070917909,9.53563285e-05
b905,b905_pec_ti090_pi000,90.0,0.0,0.85000002,-0.0721826851,-0.359464467,0.000759875868,-0.000115314651
b905,b905_pec_ti090_pi000,90.0,0.0,0.86000001,-0.194859818,-0.318717301,0.000751779531,-0.000357493787
b905,b905_pec_ti090_pi000,90.0,0.0,0.87,-0.298904121,-0.238029137,0.000671316637,-0.000617428857
b905,b905_pec_ti090_pi000,90.0,0.0,0.88,-0.371793896,-0.125150517,0.000502383627,-0.0008796904
b905,b905_pec_ti090_pi000,90.0,0.0,0.88999999,-0.404165924,0.00787477754,0.000225158496,-0.00111611304
b905,b905_pec_ti090_pi000,90.0,0.0,0.89999998,-0.392076403,0.146179006,-0.000170096362,-0.00127806235
b905,b905_pec_ti090_pi000,90.0,0.0,0.91000003,-0.338133007,0.275327832,-0.000664860418,-0.00130510947
b905,b905_pec_ti090_pi000,90.0,0.0,0.92000002,-0.25014922,0.384872347,-0.00120608544,-0.00114794774
b905,b905_pec_ti090_pi000,90.0,0.0,0.93000001,-0.138053998,0.469967008,-0.00171877141,-0.000792296196
b905,b905_pec_ti090_pi000,90.0,0.0,0.94,-0.0118169207,0.530383348,-0.00213255617,-0.000272009929
b905,b905_pec_ti090_pi000,90.0,0.0,0.94999999,0.117028661,0.568452418,-0.00240977993,0.000330483366
b905,b905_pec_ti090_pi000,90.0,0.0,0.95999998,0.23017019,0.586686373,-0.00255666254,0.00089002162
b905,b905_pec_ti090_pi000,90.0,0.0,0.97000003,0.300110698,0.580458939,-0.00258485693,0.00125766883
b905,b905_pec_ti090_pi000,90.0,0.0,0.98000002,0.310340583,0.529086173,-0.00243612309,0.00135840557
b905,b905_pec_ti090_pi000,90.0,0.0,0.99000001,0.285109788,0.423829049,-0.00206128112,0.00131808058
b905,b905_pec_ti090_pi000,90.0,0.0,1,0.255657941,0.298085034,-0.00155638473,0.00129756541
b943,b943_pec_ti090_pi000,90.0,0.0,0.1,-0.111989819,-0.0133534996,-0.000105533392,-4.44818943e-05
b943,b943_pec_ti090_pi000,90.0,0.0,0.11,-0.201488122,0.0419856198,-0.000226992081,-4.42444471e-05
b943,b943_pec_ti090_pi000,90.0,0.0,0.12,-0.278829753,0.148638383,-0.000391123845,1.34225511e-05
b943,b943_pec_ti090_pi000,90.0,0.0,0.13,-0.288079351,0.287332922,-0.00052426476,0.000164570141
b943,b943_pec_ti090_pi000,90.0,0.0,0.14,-0.193246618,0.416255414,-0.000531241705,0.000405968749
b943,b943_pec_ti090_pi000,90.0,0.0,0.15000001,-0.00921135116,0.47864154,-0.000351663708,0.000656857505
b943,b943_pec_ti090_pi000,90.0,0.0,0.16,0.203981504,0.431657642,-5.63247931e-06,0.000786392426
b943,b943_pec_ti090_pi000,90.0,0.0,0.17,0.369475573,0.277042419,0.000391879323,0.000694367511
b943,b943_pec_ti090_pi000,90.0,0.0,0.18000001,0.430842996,0.0643624291,0.000678198645,0.000384367246
b943,b943_pec_ti090_pi000,90.0,0.0,0.19,0.378270328,-0.135125503,0.000733888242,-2.47622684e-05
b943,b943_pec_ti090_pi000,90.0,0.0,0.2,0.247676373,-0.265226305,0.000555395673,-0.00036380731
b943,b943_pec_ti090_pi000,90.0,0.0,0.20999999,0.0953034684,-0.308237016,0.000254532555,-0.000513135514
b943,b943_pec_ti090_pi000,90.0,0.0,0.22,-0.0333586894,-0.282728583,-1.66283298e-05,-0.000467505684
b943,b943_pec_ti090_pi000,90.0,0.0,0.23,-0.120347396,-0.222239703,-0.000160604352,-0.000321483327
b943,b943_pec_ti090_pi000,90.0,0.0,0.23999999,-0.171037599,-0.152881429,-0.000181395691,-0.00019181642
b943,b943_pec_ti090_pi000,90.0,0.0,0.25,-0.197992191,-0.0843725801,-0.000156149181,-0.000138429168
b943,b943_pec_ti090_pi000,90.0,0.0,0.25999999,-0.207680181,-0.0158486348,-0.000163012024,-0.000140085001
b943,b943_pec_ti090_pi000,90.0,0.0,0.27000001,-0.198404819,0.0531648472,-0.000224645992,-0.00013220172
b943,b943_pec_ti090_pi000,90.0,0.0,0.28,-0.166778326,0.116968647,-0.000305331778,-6.6564935e-05
b943,b943_pec_ti090_pi000,90.0,0.0,0.28999999,-0.114352837,0.165975496,-0.000351445749,5.66384588e-05
b943,b943_pec_ti090_pi000,90.0,0.0,0.30000001,-0.048758503,0.192483425,-0.000333322474,0.000201881674
b943,b943_pec_ti090_pi000,90.0,0.0,0.31,0.0198240671,0.194107264,-0.000254415878,0.000333556498
b943,b943_pec_ti090_pi000,90.0,0.0,0.31999999,0.0824810117,0.173152536,-0.000129091393,0.000436134316
b943,b943_pec_ti090_pi000,90.0,0.0,0.33000001,0.137020692,0.14787063,2.55039122e-05,0.000537116139
b943,b943_pec_ti090_pi000,90.0,0.0,0.34,0.190636113,0.122424856,0.000245896896,0.000646240602
b943,b943_pec_ti090_pi000,90.0,0.0,0.34999999,0.240187421,0.0855169371,0.000574905309,0.000682649785
b943,b943_pec_ti090_pi000,90.0,0.0,0.36000001,0.284524918,0.040259175,0.000987710548,0.000559741224
b943,b943_pec_ti090_pi000,90.0,0.0,0.37,0.324709356,-0.0109192031,0.00138598005,0.000206912548
b943,b943_pec_ti090_pi000,90.0,0.0,0.38,0.36214909,-0.0688918531,0.00161721942,-0.000369066431
b943,b943_pec_ti090_pi000,90.0,0.0,0.38999999,0.394307733,-0.138508588,0.00154343096,-0.00105171266
b943,b943_pec_ti090_pi000,90.0,0.0,0.40000001,0.411127508,-0.225156441,0.00112297852,-0.00164688879
b943,b943_pec_ti090_pi000,90.0,0.0,0.41,0.396243602,-0.328166187,0.000447867787,-0.00197258312
b943,b943_pec_ti090_pi000,90.0,0.0,0.41999999,0.33409664,-0.435435861,-0.000299461099,-0.00195017562
b943,b943_pec_ti090_pi000,90.0,0.0,0.43000001,0.219364882,-0.524204373,-0.000946947897,-0.00162948912
b943,b943_pec_ti090_pi000,90.0,0.0,0.44,0.062793456,-0.569107831,-0.00141483604,-0.00112431799
b943,b943_pec_ti090_pi000,90.0,0.0,0.44999999,-0.110693626,-0.553141594,-0.00170834386,-0.000511200342
b943,b943_pec_ti090_pi000,90.0,0.0,0.46000001,-0.270846874,-0.474765241,-0.00182385964,0.000212285202
b943,b943_pec_ti090_pi000,90.0,0.0,0.47,-0.392626256,-0.347155958,-0.00166043651,0.00105414249
b943,b943_pec_ti090_pi000,90.0,0.0,0.47999999,-0.46240887,-0.191164911,-0.00104725966,0.00188965059
b943,b943_pec_ti090_pi000,90.0,0.0,0.49000001,-0.477444381,-0.0274225175,8.92162207e-05,0.00239560194
b943,b943_pec_ti090_pi000,90.0,0.0,0.5,-0.441131204,0.127505377,0.00153224147,0.00217143749
b943,b943_pec_ti090_pi000,90.0,0.0,0.50999999,-0.359022617,0.260103375,0.00273976871,0.00101772312
b943,b943_pec_ti090_pi000,90.0,0.0,0.51999998,-0.238692746,0.357296914,0.00306761451,-0.000814015919
b943,b943_pec_ti090_pi000,90.0,0.0,0.52999997,-0.0925157443,0.406324327,0.00215621199,-0.00261874241
b943,b943_pec_ti090_pi000,90.0,0.0,0.54000002,0.0604366809,0.398427248,0.000227129887,-0.00355304056
b943,b943_pec_ti090_pi000,90.0,0.0,0.55000001,0.196545392,0.333964378,-0.0019448126,-0.0031040099
b943,b943_pec_ti090_pi000,90.0,0.0,0.56,0.328125179,0.25260067,-0.00381214009,-0.00158728554
b943,b943_pec_ti090_pi000,90.0,0.0,0.56999999,0.422641575,0.120455809,-0.00445549143,0.000948382192
b943,b943_pec_ti090_pi000,90.0,0.0,0.57999998,0.461864203,-0.0433010906,-0.00342964428,0.00352325547
b943,b943_pec_ti090_pi000,90.0,0.0,0.58999997,0.438450724,-0.214576259,-0.00103786425,0.00509018358
b943,b943_pec_ti090_pi000,90.0,0.0,0.60000002,0.355414569,-0.370472133,0.00183215539,0.00505660428
b943,b943_pec_ti090_pi000,90.0,0.0,0.61000001,0.222745433,-0.49284789,0.00417910097,0.00352479005
b943,b943_pec_ti090_pi000,90.0,0.0,0.62,0.0540570766,-0.568837762,0.00535584986,0.0011350757
b943,b943_pec_ti090_pi000,90.0,0.0,0.63,-0.134946287,-0.59004283,0.00526127359,-0.00133437081
b943,b943_pec_ti090_pi000,90.0,0.0,0.63999999,-0.326565206,-0.552518845,0.00420557009,-0.00332463207
b943,b943_pec_ti090_pi000,90.0,0.0,0.64999998,-0.501551986,-0.458178252,0.00262117945,-0.00461377157
b943,b943_pec_ti090_pi000,90.0,0.0,0.66000003,-0.641269445,-0.316366047,0.000849233475,-0.00520877074
b943,b943_pec_ti090_pi000,90.0,0.0,0.67000002,-0.731152058,-0.143710718,-0.000892704527,-0.00517860753
b943,b943_pec_ti090_pi000,90.0,0.0,0.68000001,-0.763683736,0.0386344716,-0.00242738309,-0.00458115712
b943,b943_pec_ti090_pi000,90.0,0.0,0.69,-0.739254773,0.209530875,-0.00355897122,-0.00350544718
b943,b943_pec_ti090_pi000,90.0,0.0,0.69999999,-0.664785028,0.352202415,-0.00411242293,-0.00213731173
b943,b943_pec_ti090_pi000,90.0,0.0,0.70999998,-0.55146277,0.456517577,-0.00402897038,-0.00075195625
b943,b943_pec_ti090_pi000,90.0,0.0,0.72000003,-0.412825614,0.518594801,-0.00341930753,0.000375598465
b943,b943_pec_ti090_pi000,90.0,0.0,0.73000002,-0.263345093,0.53887552,-0.00252182106,0.00107538456
b943,b943_pec_ti090_pi000,90.0,0.0,0.74000001,-0.117114991,0.520567775,-0.00159934128,0.00132799358
b943,b943_pec_ti090_pi000,90.0,0.0,0.75,0.0134787895,0.469232857,-0.000848546275,0.00123457273
b943,b943_pec_ti090_pi000,90.0,0.0,0.75999999,0.119011782,0.39275679,-0.000364711683,0.000951009744
b943,b943_pec_ti090_pi000,90.0,0.0,0.76999998,0.193973839,0.300741792,-0.000151948436,0.000632975774
b943,b943_pec_ti090_pi000,90.0,0.0,0.77999997,0.259317249,0.209192723,-0.000143222584,0.000436428265
b943,b943_pec_ti090_pi000,90.0,0.0,0.79000002,0.314045727,0.107251629,-0.000254078681,0.00043243877
b943,b943_pec_ti090_pi000,90.0,0.0,0.80000001,0.331625283,-0.00631543994,-0.000334444339,0.000641289866
b943,b943_pec_ti090_pi000,90.0,0.0,0.81,0.310708076,-0.119310856,-0.000202821291,0.000996486167
b943,b943_pec_ti090_pi000,90.0,0.0,0.81999999,0.2532233,-0.219727084,0.000240043242,0.00130298547
b943,b943_pec_ti090_pi000,90.0,0.0,0.82999998,0.164512426,-0.296210915,0.000928035995,0.00132440811
b943,b943_pec_ti090_pi000,90.0,0.0,0.83999997,0.053606797,-0.339099377,0.00163490325,0.00091596361
b943,b943_pec_ti090_pi000,90.0,0.0,0.85000002,-0.0671271607,-0.342035055,0.00207943283,0.000117680895
b943,b943_pec_ti090_pi000,90.0,0.0,0.86000001,-0.183410674,-0.303465366,0.00206765439,-0.000856991217
b943,b943_pec_ti090_pi000,90.0,0.0,0.87,-0.281294525,-0.227219418,0.00158133951,-0.00172862911
b943,b943_pec_ti090_pi000,90.0,0.0,0.88,-0.349415988,-0.121801071,0.000764246099,-0.00228182878
b943,b943_pec_ti090_pi000,90.0,0.0,0.88999999,-0.380511016,0.0012857588,-0.000169817751,-0.00243986119
b943,b943_pec_ti090_pi000,90.0,0.0,0.89999998,-0.371921897,0.12950778,-0.00104074494,-0.00225534779
b943,b943_pec_ti090_pi000,90.0,0.0,0.91000003,-0.325333118,0.251045287,-0.00176125392,-0.00184354547
b943,b943_pec_ti090_pi000,90.0,0.0,0.92000002,-0.246179074,0.356182635,-0.00233570673,-0.00130734127
b943,b943_pec_ti090_pi000,90.0,0.0,0.93000001,-0.14302282,0.438535422,-0.00281634741,-0.000692571921
b943,b943_pec_ti090_pi000,90.0,0.0,0.94,-0.0270802863,0.496197194,-0.00324868457,8.80146763e-06
b943,b943_pec_ti090_pi000,90.0,0.0,0.94999999,0.0876173303,0.532284439,-0.0036364689,0.000807604287
b943,b943_pec_ti090_pi000,90.0,0.0,0.95999998,0.18267177,0.552613378,-0.00393764349,0.00163463003
b943,b943_pec_ti090_pi000,90.0,0.0,0.97000003,0.235767543,0.555416882,-0.00405264786,0.00228481065
b943,b943_pec_ti090_pi000,90.0,0.0,0.98000002,0.239226133,0.519878626,-0.00379131292,0.00254798867
b943,b943_pec_ti090_pi000,90.0,0.0,0.99000001,0.222297028,0.433569282,-0.00306592602,0.0024875775
b943,b943_pec_ti090_pi000,90.0,0.0,1,0.212580025,0.322501183,-0.00212666159,0.00229879841
b974,b974_pec_ti090_pi000,90.0,0.0,0.1,-0.136728138,-0.0194070041,-8.07320339e-06,-4.80279268e-05
b974,b974_pec_ti090_pi000,90.0,0.0,0.11,-0.22682181,0.0547040701,-5.36177176e-05,-4.82628748e-05
b974,b974_pec_ti090_pi000,90.0,0.0,0.12,-0.285240859,0.175526738,-9.66744992e-05,-1.58315106e-05
b974,b974_pec_ti090_pi000,90.0,0.0,0.13,-0.266151369,0.312662601,-0.000109661065,4.28242238e-05
b974,b974_pec_ti090_pi000,90.0,0.0,0.14,-0.152530387,0.422341257,-7.68704194e-05,0.000102346945
b974,b974_pec_ti090_pi000,90.0,0.0,0.15000001,0.0288611986,0.458754331,-7.23300582e-06,0.000130487344
b974,b974_pec_ti090_pi000,90.0,0.0,0.16,0.220851287,0.395840615,6.81350793e-05,0.000108559179
b974,b974_pec_ti090_pi000,90.0,0.0,0.17,0.361103863,0.244530454,0.000113083304,4.50191728e-05
b974,b974_pec_ti090_pi000,90.0,0.0,0.18000001,0.408327818,0.0497150496,0.000108194123,-2.854991e-05
b974,b974_pec_ti090_pi000,90.0,0.0,0.19,0.357982427,-0.130632117,6.22478256e-05,-7.70170882e-05
b974,b974_pec_ti090_pi000,90.0,0.0,0.2,0.239716411,-0.251241803,5.18018305e-06,-8.32621226e-05
b974,b974_pec_ti090_pi000,90.0,0.0,0.20999999,0.0992184579,-0.295944303,-3.2545413e-05,-5.69278091e-05
b974,b974_pec_ti090_pi000,90.0,0.0,0.22,-0.024101112,-0.277266234,-3.93984192e-05,-2.46523614e-05
b974,b974_pec_ti090_pi000,90.0,0.0,0.23,-0.111088701,-0.222362027,-2.77063482e-05,-9.58388318e-06
b974,b974_pec_ti090_pi000,90.0,0.0,0.23999999,-0.162713453,-0.155870244,-2.14394113e-05,-1.50398873e-05
b974,b974_pec_ti090_pi000,90.0,0.0,0.25,-0.189471662,-0.0901253447,-3.64807092e-05,-2.35007701e-05
b974,b974_pec_ti090_pi000,90.0,0.0,0.25999999,-0.199642181,-0.02646867,-6.72288734e-05,-1.08439071e-05
b974,b974_pec_ti090_pi000,90.0,0.0,0.27000001,-0.194318146,0.0366160311,-8.88557624e-05,3.43635293e-05
b974,b974_pec_ti090_pi000,90.0,0.0,0.28,-0.170654684,0.0964622796,-7.31571781e-05,9.951846e-05
b974,b974_pec_ti090_pi000,90.0,0.0,0.28999999,-0.128440395,0.14559035,-8.08106051e-06,0.000151929358
b974,b974_pec_ti090_pi000,90.0,0.0,0.30000001,-0.0734959692,0.176711351,9.12299147e-05,0.000155893722
b974,b974_pec_ti090_pi000,90.0,0.0,0.31,-0.0150648328,0.188019395,0.000186573961,9.30677634e-05
b974,b974_pec_ti090_pi000,90.0,0.0,0.31999999,0.0401230641,0.183713108,0.000233943094,-2.54019214e-05
b974,b974_pec_ti090_pi000,90.0,0.0,0.33000001,0.0913459361,0.183203414,0.000223530471,-0.00016464798
b974,b974_pec_ti090_pi000,90.0,0.0,0.34,0.151736513,0.192116559,0.000153971763,-0.000306591246
b974,b974_pec_ti090_pi000,90.0,0.0,0.34999999,0.231046647,0.191198543,9.76010597e-06,-0.000417762058
b974,b974_pec_ti090_pi000,90.0,0.0,0.36000001,0.330328763,0.166535571,-0.000190247127,-0.000464767043
b974,b974_pec_ti090_pi000,90.0,0.0,0.37,0.439144641,0.102575965,-0.000415208895,-0.000426968734
b974,b974_pec_ti090_pi000,90.0,0.0,0.38,0.535055161,-0.00929095969,-0.000629675051,-0.000296613114
b974,b974_pec_ti090_pi000,90.0,0.0,0.38999999,0.589619458,-0.163647845,-0.000795728061,-7.59062459e-05
b974,b974_pec_ti090_pi000,90.0,0.0,0.40000001,0.578662574,-0.339553118,-0.000870999589,0.000221159295
b974,b974_pec_ti090_pi000,90.0,0.0,0.41,0.492021859,-0.50568527,-0.000811375328,0.000559512002
b974,b974_pec_ti090_pi000,90.0,0.0,0.41999999,0.338104397,-0.62976408,-0.000586439448,0.000873588317
b974,b974_pec_ti090_pi000,90.0,0.0,0.43000001,0.141331807,-0.688133061,-0.000205896125,0.00107258721
b974,b974_pec_ti090_pi000,90.0,0.0,0.44,-0.0657859892,-0.671725094,0.00025963207,0.00107057975
b974,b974_pec_ti090_pi000,90.0,0.0,0.44999999,-0.251962066,-0.586655736,0.000685266044,0.000832681777
b974,b974_pec_ti090_pi000,90.0,0.0,0.46000001,-0.394135028,-0.450188309,0.000936002063,0.00041068517
b974,b974_pec_ti090_pi000,90.0,0.0,0.47,-0.48031801,-0.284595013,0.000932022813,-6.2182422e-05
b974,b974_pec_ti090_pi000,90.0,0.0,0.47999999,-0.508645296,-0.111620009,0.000697190349,-0.000426581653
b974,b974_pec_ti090_pi000,90.0,0.0,0.49000001,-0.48431775,0.0508087836,0.000354440766,-0.000576891471
b974,b974_pec_ti090_pi000,90.0,0.0,0.5,-0.416361541,0.189476579,6.2123414e-05,-0.00051810802
b974,b974_pec_ti090_pi000,90.0,0.0,0.50999999,-0.31542474,0.295265615,-7.50068866e-05,-0.000359450292
b974,b974_pec_ti090_pi000,90.0,0.0,0.51999998,-0.192869529,0.362188637,-6.42347222e-05,-0.000243672679
b974,b974_pec_ti090_pi000,90.0,0.0,0.52999997,-0.0607062429,0.386904806,-1.27128005e-05,-0.000254493265
b974,b974_pec_ti090_pi000,90.0,0.0,0.54000002,0.0683727264,0.368958592,-5.03143165e-05,-0.000362289866
b974,b974_pec_ti090_pi000,90.0,0.0,0.55000001,0.181454808,0.311465949,-0.000236671345,-0.000445050013
b974,b974_pec_ti090_pi000,90.0,0.0,0.56,0.297019511,0.248252839,-0.000573001045,-0.000416316383
b974,b974_pec_ti090_pi000,90.0,0.0,0.56999999,0.390773863,0.142330617,-0.000918569684,-0.000125182778
b974,b974_pec_ti090_pi000,90.0,0.0,0.57999998,0.446678519,0.00152210356,-0.00107135274,0.000417966687
b974,b974_pec_ti090_pi000,90.0,0.0,0.58999997,0.451875836,-0.15999867,-0.000869287353,0.00105548487
b974,b974_pec_ti090_pi000,90.0,0.0,0.60000002,0.399417162,-0.323273301,-0.000287319563,0.00154337566
b974,b974_pec_ti090_pi000,90.0,0.0,0.61000001,0.290070802,-0.467362821,0.000534285209,0.00166560651
b974,b974_pec_ti090_pi000,90.0,0.0,0.62,0.132666677,-0.572786808,0.00134771271,0.00133666792
b974,b974_pec_ti090_pi000,90.0,0.0,0.63,-0.0571713448,-0.6247769,0.00190785748,0.000637357298
b974,b974_pec_ti090_pi000,90.0,0.0,0.63999999,-0.259552687,-0.615563512,0.00207320484,-0.000231130369
b974,b974_pec_ti090_pi000,90.0,0.0,0.64999998,-0.453407645,-0.545270324,0.00184768229,-0.00104189455
b974,b974_pec_ti090_pi000,90.0,0.0,0.66000003,-0.619338214,-0.421416491,0.00135157583,-0.00163205492
b974,b974_pec_ti090_pi000,90.0,0.0,0.67000002,-0.741689384,-0.257436663,0.000749611878,-0.00194534136
b974,b974_pec_ti090_pi000,90.0,0.0,0.68000001,-0.809696555,-0.0706967339,0.000179306386,-0.00201872806
b974,b974_pec_ti090_pi000,90.0,0.0,0.69,-0.818012953,0.119673647,-0.000287952542,-0.00193402811
b974,b974_pec_ti090_pi000,90.0,0.0,0.69999999,-0.767051041,0.295028001,-0.000645580876,-0.00176751369
b974,b974_pec_ti090_pi000,90.0,0.0,0.70999998,-0.66330868,0.439353079,-0.000924004591,-0.00156099396
b974,b974_pec_ti090_pi000,90.0,0.0,0.72000003,-0.519196033,0.540989876,-0.00115720916,-0.00131950376
b974,b974_pec_ti090_pi000,90.0,0.0,0.73000002,-0.351617277,0.593682408,-0.00135936739,-0.0010269793
b974,b974_pec_ti090_pi000,90.0,0.0,0.74000001,-0.17918618,0.596915424,-0.00151692214,-0.000666295586
b974,b974_pec_ti090_pi000,90.0,0.0,0.75,-0.01902318,0.555496216,-0.00159444741,-0.000235735439
b974,b974_pec_ti090_pi000,90.0,0.0,0.75999999,0.115651503,0.478286535,-0.00154829083,0.000241316084
b974,b974_pec_ti090_pi000,90.0,0.0,0.76999998,0.216483608,0.376399547,-0.00134321221,0.000713944843
b974,b974_pec_ti090_pi000,90.0,0.0,0.77999997,0.306305289,0.26925531,-0.000995625509,0.00121239014
b974,b974_pec_ti090_pi000,90.0,0.0,0.79000002,0.382305086,0.143541902,-0.000412637281,0.00166705751
b974,b974_pec_ti090_pi000,90.0,0.0,0.80000001,0.409153044,-0.00160374097,0.000404042396,0.00182561413
b974,b974_pec_ti090_pi000,90.0,0.0,0.81,0.382284731,-0.147505134,0.00129038421,0.00155463745
b974,b974_pec_ti090_pi000,90.0,0.0,0.81999999,0.304458916,-0.274159551,0.00200012117,0.000821516442
b974,b974_pec_ti090_pi000,90.0,0.0,0.82999998,0.186530516,-0.363668084,0.00227374048,-0.000252146943
b974,b974_pec_ti090_pi000,90.0,0.0,0.83999997,0.0460058562,-0.40421316,0.00194283214,-0.0013894639
b974,b974_pec_ti090_pi000,90.0,0.0,0.85000002,-0.0968167856,-0.392749608,0.00102704973,-0.00223216321
b974,b974_pec_ti090_pi000,90.0,0.0,0.86000001,-0.223716274,-0.334841907,-0.000232553954,-0.00247550569
b974,b974_pec_ti090_pi000,90.0,0.0,0.87,-0.32217437,-0.241622373,-0.00144015939,-0.00200788165
b974,b974_pec_ti090_pi000,90.0,0.0,0.88,-0.386134297,-0.125530854,-0.00219873479,-0.000980351819
b974,b974_pec_ti090_pi000,90.0,0.0,0.88999999,-0.41404283,0.00279507204,-0.0022814679,0.000243958319
b974,b974_pec_ti090_pi000,90.0,0.0,0.89999998,-0.406017482,0.135100022,-0.00173135044,0.00124671322
b974,b974_pec_ti090_pi000,90.0,0.0,0.91000003,-0.362307101,0.264047474,-0.000830063713,0.00174027309
b974,b974_pec_ti090_pi000,90.0,0.0,0.92000002,-0.284040302,0.381617546,4.88377373e-05,0.00168353587
b974,b974_pec_ti090_pi000,90.0,0.0,0.93000001,-0.175487652,0.479265898,0.000620351115,0.00126701279
b974,b974_pec_ti090_pi000,90.0,0.0,0.94,-0.046148181,0.550265789,0.000801761926,0.000785219076
b974,b974_pec_ti090_pi000,90.0,0.0,0.94999999,0.0883390754,0.59276098,0.000703903846,0.000477291906
b974,b974_pec_ti090_pi000,90.0,0.0,0.95999998,0.206012487,0.610040128,0.000520213449,0.000426150917
b974,b974_pec_ti090_pi000,90.0,0.0,0.97000003,0.280769795,0.602740467,0.000393664552,0.000553366786
b974,b974_pec_ti090_pi000,90.0,0.0,0.98000002,0.298775434,0.556964457,0.000360372011,0.000686849526
b974,b974_pec_ti090_pi000,90.0,0.0,0.99000001,0.281963855,0.461892754,0.000396262709,0.000683356484
b974,b974_pec_ti090_pi000,90.0,0.0,1,0.261465698,0.340496331,0.000452024309,0.000531526573
b979,b979_pec_ti090_pi000,90.0,0.0,0.1,-0.0175949465,0.0185998268,3.7795824e-05,0.000331724965
b979,b979_pec_ti090_pi000,90.0,0.0,0.11,-0.020555716,0.0146249812,0.000507468474,0.000399327226
b979,b979_pec_ti090_pi000,90.0,0.0,0.12,-0.0367894098,0.00272620167,0.0010966172,5.83508918e-05
b979,b979_pec_ti090_pi000,90.0,0.0,0.13,-0.0670386329,-0.00512827188,0.00138635258,-0.00075113686
b979,b979_pec_ti090_pi000,90.0,0.0,0.14,-0.102657311,0.00879217777,0.000960686419,-0.00173523359
b979,b979_pec_ti090_pi000,90.0,0.0,0.15000001,-0.126330838,0.0538126044,-0.000246306474,-0.00229662959
b979,b979_pec_ti090_pi000,90.0,0.0,0.16,-0.116726384,0.121746965,-0.00177137612,-0.00187519286
b979,b979_pec_ti090_pi000,90.0,0.0,0.17,-0.0602066964,0.18757911,-0.00278178207,-0.000385525142
b979,b979_pec_ti090_pi000,90.0,0.0,0.18000001,0.0380860381,0.218917012,-0.0025499356,0.001582689
b979,b979_pec_ti090_pi000,90.0,0.0,0.19,0.151767761,0.190951899,-0.00096616568,0.00300580403
b979,b979_pec_ti090_pi000,90.0,0.0,0.2,0.241898313,0.0998396203,0.00127680693,0.00301467953
b979,b979_pec_ti090_pi000,90.0,0.0,0.20999999,0.273135215,-0.0327816866,0.00300970487,0.00146752154
b979,b979_pec_ti090_pi000,90.0,0.0,0.22,0.229421154,-0.167079985,0.003260192,-0.000888425508
b979,b979_pec_ti090_pi000,90.0,0.0,0.23,0.121353649,-0.260868877,0.00185269513,-0.00280963979
b979,b979_pec_ti090_pi000,90.0,0.0,0.23999999,-0.0182580017,-0.286317974,-0.000461836607,-0.00327640027
b979,b979_pec_ti090_pi000,90.0,0.0,0.25,-0.148056999,-0.239689901,-0.00244117877,-0.00208649551
b979,b979_pec_ti090_pi000,90.0,0.0,0.25999999,-0.234037489,-0.140227869,-0.00307631097,5.03495285e-05
b979,b979_pec_ti090_pi000,90.0,0.0,0.27000001,-0.260308951,-0.0199906733,-0.00214897934,0.001960936
b979,b979_pec_ti090_pi000,90.0,0.0,0.28,-0.230802715,0.0894552842,-0.000292866374,0.00269776932
b979,b979_pec_ti090_pi000,90.0,0.0,0.28999999,-0.162984267,0.167055771,0.00143936579,0.0020382402
b979,b979_pec_ti090_pi000,90.0,0.0,0.30000001,-0.078260839,0.205430716,0.0021989767,0.000519364956
b979,b979_pec_ti090_pi000,90.0,0.0,0.31,0.00572527479,0.207781479,0.00177046668,-0.000955964439
b979,b979_pec_ti090_pi000,90.0,0.0,0.31999999,0.0780632496,0.182089359,0.000589873409,-0.00165729935
b979,b979_pec_ti090_pi000,90.0,0.0,0.33000001,0.137306735,0.150206834,-0.000584764755,-0.00149842398
b979,b979_pec_ti090_pi000,90.0,0.0,0.34,0.192791879,0.11593017,-0.0013457,-0.000741721888
b979,b979_pec_ti090_pi000,90.0,0.0,0.34999999,0.240745753,0.0659886673,-0.00140835065,0.000310486968
b979,b979_pec_ti090_pi000,90.0,0.0,0.36000001,0.276033938,0.00241620024,-0.000749354775,0.00112594373
b979,b979_pec_ti090_pi000,90.0,0.0,0.37,0.293448418,-0.069859691,0.000306467089,0.0012864467
b979,b979_pec_ti090_pi000,90.0,0.0,0.38,0.289481491,-0.143167302,0.00124299072,0.000680655299
b979,b979_pec_ti090_pi000,90.0,0.0,0.38999999,0.263640255,-0.208815545,0.00159004098,-0.000447288912
b979,b979_pec_ti090_pi000,90.0,0.0,0.40000001,0.218672022,-0.259492755,0.00113499479,-0.00160757499
b979,b979_pec_ti090_pi000,90.0,0.0,0.41,0.159825787,-0.290977269,1.79716044e-05,-0.00228222506
b979,b979_pec_ti090_pi000,90.0,0.0,0.41999999,0.0936183706,-0.302342921,-0.00132988626,-0.00215408322
b979,b979_pec_ti090_pi000,90.0,0.0,0.43000001,0.0265750121,-0.295052797,-0.00237871381,-0.00124423625
b979,b979_pec_ti090_pi000,90.0,0.0,0.44,-0.0356734544,-0.271941602,-0.00273428182,0.000107933454
b979,b979_pec_ti090_pi000,90.0,0.0,0.44999999,-0.0888810754,-0.236637339,-0.00230063568,0.00141079142
b979,b979_pec_ti090_pi000,90.0,0.0,0.46000001,-0.130516142,-0.193252906,-0.00129122741,0.00224607647
b979,b979_pec_ti090_pi000,90.0,0.0,0.47,-0.160002559,-0.145869449,-9.23564367e-05,0.00243385672
b979,b979_pec_ti090_pi000,90.0,0.0,0.47999999,-0.178561658,-0.0976274163,0.000933773525,0.00205611275
b979,b979_pec_ti090_pi000,90.0,0.0,0.49000001,-0.188267082,-0.0498262718,0.00158941699,0.00134773215
b979,b979_pec_ti090_pi000,90.0,0.0,0.5,-0.190428883,-0.00181750278,0.00185724534,0.000543725386
b979,b979_pec_ti090_pi000,90.0,0.0,0.50999999,-0.184121206,0.0477854684,0.00181442115,-0.000213970881
b979,b979_pec_ti090_pi000,90.0,0.0,0.51999998,-0.165954679,0.0989089683,0.001533148,-0.000867525523
b979,b979_pec_ti090_pi000,90.0,0.0,0.52999997,-0.131676078,0.148017794,0.00104732288,-0.00137438311
b979,b979_pec_ti090_pi000,90.0,0.0,0.54000002,-0.0790717974,0.18770352,0.000394411647,-0.00166111602
b979,b979_pec_ti090_pi000,90.0,0.0,0.55000001,-0.0107037621,0.208520651,-0.000328927301,-0.00164847996
b979,b979_pec_ti090_pi000,90.0,0.0,0.56,0.0723263323,0.226776332,-0.00107868435,-0.00148106879
b979,b979_pec_ti090_pi000,90.0,0.0,0.56999999,0.1682107,0.21024996,-0.00171220466,-0.000978485798
b979,b979_pec_ti090_pi000,90.0,0.0,0.57999998,0.261092663,0.152194828,-0.00209174096,-0.000249156205
b979,b979_pec_ti090_pi000,90.0,0.0,0.58999997,0.332518667,0.0538367815,-0.00218998315,0.000565345923
b979,b979_pec_ti090_pi000,90.0,0.0,0.60000002,0.365664542,-0.0753135383,-0.00205765315,0.00139576953
b979,b979_pec_ti090_pi000,90.0,0.0,0.61000001,0.348844022,-0.219260842,-0.00170436362,0.00227222964
b979,b979_pec_ti090_pi000,90.0,0.0,0.62,0.277501583,-0.358425051,-0.00100126525,0.00321873697
b979,b979_pec_ti090_pi000,90.0,0.0,0.63,0.154808909,-0.472641528,0.000273333077,0.00408184389
b979,b979_pec_ti090_pi000,90.0,0.0,0.63999999,-0.00859200489,-0.543880761,0.00222635525,0.00445101969
b979,b979_pec_ti090_pi000,90.0,0.0,0.64999998,-0.195408538,-0.558857739,0.00461121742,0.00379629969
b979,b979_pec_ti090_pi000,90.0,0.0,0.66000003,-0.383350551,-0.511636496,0.00676127849,0.00179432204
b979,b979_pec_ti090_pi000,90.0,0.0,0.67000002,-0.548058331,-0.405715555,0.00781434029,-0.00135461334
b979,b979_pec_ti090_pi000,90.0,0.0,0.68000001,-0.667258561,-0.254496843,0.00714505045,-0.00485914014
b979,b979_pec_ti090_pi000,90.0,0.0,0.69,-0.72526598,-0.0791408494,0.00475005992,-0.00762194116
b979,b979_pec_ti090_pi000,90.0,0.0,0.69999999,-0.716413319,0.0960561186,0.00132594211,-0.00874658022
b979,b979_pec_ti090_pi000,90.0,0.0,0.70999998,-0.64614743,0.24914971,-0.00203488139,-0.00797022413
b979,b979_pec_ti090_pi000,90.0,0.0,0.72000003,-0.529148996,0.364645034,-0.00435720664,-0.00576028926
b979,b979_pec_ti090_pi000,90.0,0.0,0.73000002,-0.385019183,0.434964657,-0.00520091457,-0.00302654435
b979,b979_pec_ti090_pi000,90.0,0.0,0.74000001,-0.233375773,0.459641159,-0.00475380663,-0.00064628775
b979,b979_pec_ti090_pi000,90.0,0.0,0.75,-0.0904414877,0.443345249,-0.00359177566,0.000902011117
b979,b979_pec_ti090_pi000,90.0,0.0,0.75999999,0.0321282707,0.393779814,-0.00230447156,0.00160962297
b979,b979_pec_ti090_pi000,90.0,0.0,0.76999998,0.126907095,0.320166379,-0.00123458996,0.00174510863
b979,b979_pec_ti090_pi000,90.0,0.0,0.77999997,0.210118577,0.241905913,-0.00043205556,0.00171159254
b979,b979_pec_ti090_pi000,90.0,0.0,0.79000002,0.28147459,0.14862299,0.000248240802,0.00156356278
b979,b979_pec_ti090_pi000,90.0,0.0,0.80000001,0.314061046,0.0369799472,0.000781238021,0.00117981213
b979,b979_pec_ti090_pi000,90.0,0.0,0.81,0.304458559,-0.0775691792,0.00104889343,0.000616464647
b979,b979_pec_ti090_pi000,90.0,0.0,0.81999999,0.255383551,-0.179782867,0.000956362579,5.98424522e-05
b979,b979_pec_ti090_pi000,90.0,0.0,0.82999998,0.174771518,-0.257167488,0.000587680843,-0.000232247156
b979,b979_pec_ti090_pi000,90.0,0.0,0.83999997,0.0738110319,-0.301515579,0.000234878418,-0.000131938694
b979,b979_pec_ti090_pi000,90.0,0.0,0.85000002,-0.0351485424,-0.309160918,0.000217413763,0.000200307768
b979,b979_pec_ti090_pi000,90.0,0.0,0.86000001,-0.140076637,-0.280406624,0.000616237405,0.00038018715
b979,b979_pec_ti090_pi000,90.0,0.0,0.87,-0.23006469,-0.218850985,0.0011581399,7.89610785e-05
b979,b979_pec_ti090_pi000,90.0,0.0,0.88,-0.295909733,-0.130951241,0.00138268236,-0.000696497096
b979,b979_pec_ti090_pi000,90.0,0.0,0.88999999,-0.330897212,-0.0255968366,0.000984775252,-0.00156671833
b979,b979_pec_ti090_pi000,90.0,0.0,0.89999998,-0.331703007,0.0867840648,5.96245372e-05,-0.00204020413
b979,b979_pec_ti090_pi000,90.0,0.0,0.91000003,-0.298913091,0.195732519,-0.000959194324,-0.00187410228
b979,b979_pec_ti090_pi000,90.0,0.0,0.92000002,-0.236744344,0.292489469,-0.00162831903,-0.00124272215
b979,b979_pec_ti090_pi000,90.0,0.0,0.93000001,-0.152112216,0.371328324,-0.00182485871,-0.00057578343
b979,b979_pec_ti090_pi000,90.0,0.0,0.94,-0.0538401417,0.430130154,-0.0018093565,-0.000204197408
b979,b979_pec_ti090_pi000,90.0,0.0,0.94999999,0.0469105542,0.470117062,-0.00197627442,-0.000114519054
b979,b979_pec_ti090_pi000,90.0,0.0,0.95999998,0.134412348,0.493644536,-0.00250086701,-2.24355244e-05
b979,b979_pec_ti090_pi000,90.0,0.0,0.97000003,0.188230932,0.496391296,-0.00315078232,0.000311745884
b979,b979_pec_ti090_pi000,90.0,0.0,0.98000002,0.199562579,0.459834307,-0.00340805459,0.000872980861
b979,b979_pec_ti090_pi000,90.0,0.0,0.99000001,0.190631837,0.376328915,-0.0029327448,0.00147248991
b979,b979_pec_ti090_pi000,90.0,0.0,1,0.182776898,0.272669196,-0.00192023604,0.00182949228
b97b,b97b_pec_ti090_pi000,90.0,0.0,0.1,-0.15020588,0.00922725815,-0.000129581298,5.79629996e-05
b97b,b97b_pec_ti090_pi000,90.0,0.0,0.11,-0.243183434,0.101381049,-7.38730087e-05,0.000167533653
b97b,b97b_pec_ti090_pi000,90.0,0.0,0.12,-0.302181453,0.247744724,5.04911077e-05,0.000199976494
b97b,b97b_pec_ti090_pi000,90.0,0.0,0.13,-0.268659145,0.406535208,0.000156364011,0.0001189057
b97b,b97b_pec_ti090_pi000,90.0,0.0,0.14,-0.120449528,0.518573165,0.000161851902,-2.01044113e-05
b97b,b97b_pec_ti090_pi000,90.0,0.0,0.15000001,0.100439869,0.527916431,6.20065766e-05,-0.000111226815
b97b,b97b_pec_ti090_pi000,90.0,0.0,0.16,0.311488062,0.413529992,-6.14335877e-05,-8.76647828e-05
b97b,b97b_pec_ti090_pi000,90.0,0.0,0.17,0.435246468,0.209123656,-0.000107491964,2.19136418e-05
b97b,b97b_pec_ti090_pi000,90.0,0.0,0.18000001,0.438450933,-0.0135920066,-4.14935639e-05,0.000119101118
b97b,b97b_pec_ti090_pi000,90.0,0.0,0.19,0.342777014,-0.185503289,7.76242523e-05,0.000120455225
b97b,b97b_pec_ti090_pi000,90.0,0.0,0.2,0.202793598,-0.274010062,0.000151186221,2.59086428e-05
b97b,b97b_pec_ti090_pi000,90.0,0.0,0.20999999,0.0698880404,-0.288624108,0.000125003702,-8.73078388e-05
b97b,b97b_pec_ti090_pi000,90.0,0.0,0.22,-0.0316356905,-0.26036647,3.00028569e-05,-0.000135540817
b97b,b97b_pec_ti090_pi000,90.0,0.0,0.23,-0.103697024,-0.215455368,-5.28122328e-05,-9.90126791e-05
b97b,b97b_pec_ti090_pi000,90.0,0.0,0.23999999,-0.1570867,-0.163094297,-6.70015579e-05,-3.09904754e-05
b97b,b97b_pec_ti090_pi000,90.0,0.0,0.25,-0.19588919,-0.101281367,-2.75279344e-05,-2.62923459e-06
b97b,b97b_pec_ti090_pi000,90.0,0.0,0.25999999,-0.215109229,-0.0294782743,-7.47468562e-07,-3.60011982e-05
b97b,b97b_pec_ti090_pi000,90.0,0.0,0.27000001,-0.20865491,0.0450412966,-3.89919114e-05,-8.48233612e-05
b97b,b97b_pec_ti090_pi000,90.0,0.0,0.28,-0.176988229,0.110772207,-0.000129731125,-7.7837416e-05
b97b,b97b_pec_ti090_pi000,90.0,0.0,0.28999999,-0.127409756,0.159202054,-0.000203554591,1.55797115e-05
b97b,b97b_pec_ti090_pi000,90.0,0.0,0.30000001,-0.0688110217,0.188030466,-0.00019251903,0.000156251117
b97b,b97b_pec_ti090_pi000,90.0,0.0,0.31,-0.00723660877,0.198783696,-8.55308754e-05,0.000266970514
b97b,b97b_pec_ti090_pi000,90.0,0.0,0.31999999,0.0541946851,0.192934036,6.83728213e-05,0.000294006779
b97b,b97b_pec_ti090_pi000,90.0,0.0,0.33000001,0.114289284,0.185845196,0.000213390769,0.000263408816
b97b,b97b_pec_ti090_pi000,90.0,0.0,0.34,0.181452334,0.180538848,0.000353898155,0.000209845937
b97b,b97b_pec_ti090_pi000,90.0,0.0,0.34999999,0.256623954,0.160388544,0.000509890087,0.000116389696
b97b,b97b_pec_ti090_pi000,90.0,0.0,0.36000001,0.338290036,0.122010536,0.000695120543,-6.07375696e-05
b97b,b97b_pec_ti090_pi000,90.0,0.0,0.37,0.422974139,0.0604785793,0.000859130465,-0.000393975264
b97b,b97b_pec_ti090_pi000,90.0,0.0,0.38,0.501858294,-0.0299810674,0.00086434785,-0.000903267763
b97b,b97b_pec_ti090_pi000,90.0,0.0,0.38999999,0.558480203,-0.151999727,0.00055317342,-0.00147245079
b97b,b97b_pec_ti090_pi000,90.0,0.0,0.40000001,0.571337998,-0.299461424,-0.000119787284,-0.00185349665
b97b,b97b_pec_ti090_pi000,90.0,0.0,0.41,0.522121906,-0.454405636,-0.000992000685,-0.00179420365
b97b,b97b_pec_ti090_pi000,90.0,0.0,0.41999999,0.405304134,-0.589827478,-0.00173590181,-0.00121673418
b97b,b97b_pec_ti090_pi000,90.0,0.0,0.43000001,0.232769802,-0.678155661,-0.00204149075,-0.000306184549
b97b,b97b_pec_ti090_pi000,90.0,0.0,0.44,0.0303131342,-0.70096755,-0.00181513652,0.00058273779
b97b,b97b_pec_ti090_pi000,90.0,0.0,0.44999999,-0.171596184,-0.654202342,-0.00123413361,0.00114861038
b97b,b97b_pec_ti090_pi000,90.0,0.0,0.46000001,-0.346920907,-0.546403944,-0.000602268439,0.00132527028
b97b,b97b_pec_ti090_pi000,90.0,0.0,0.47,-0.478119135,-0.3926346,-0.000120014003,0.00127268105
b97b,b97b_pec_ti090_pi000,90.0,0.0,0.47999999,-0.554669917,-0.209336549,0.000235632164,0.0011864407
b97b,b97b_pec_ti090_pi000,90.0,0.0,0.49000001,-0.569831789,-0.0134428609,0.000617604703,0.00109788764
b97b,b97b_pec_ti090_pi000,90.0,0.0,0.5,-0.520104647,0.175461382,0.00108957151,0.000850834535
b97b,b97b_pec_ti090_pi000,90.0,0.0,0.50999999,-0.40860638,0.33420977,0.00149049098,0.000283711561
b97b,b97b_pec_ti090_pi000,90.0,0.0,0.51999998,-0.249279574,0.439644039,0.00152467703,-0.000547789095
b97b,b97b_pec_ti090_pi000,90.0,0.0,0.52999997,-0.067300193,0.475916088,0.00101445196,-0.00132198224
b97b,b97b_pec_ti090_pi000,90.0,0.0,0.54000002,0.106454223,0.441033125,9.69654284e-05,-0.00164338294
b97b,b97b_pec_ti090_pi000,90.0,0.0,0.55000001,0.24452287,0.348089904,-0.000817174674,-0.00132940221
b97b,b97b_pec_ti090_pi000,90.0,0.0,0.56,0.369265288,0.24729304,-0.00145820901,-0.000624907261
b97b,b97b_pec_ti090_pi000,90.0,0.0,0.56999999,0.451387703,0.10710904,-0.00150993478,0.000314947974
b97b,b97b_pec_ti090_pi000,90.0,0.0,0.57999998,0.482596576,-0.0548505783,-0.000990479602,0.00102951261
b97b,b97b_pec_ti090_pi000,90.0,0.0,0.58999997,0.46047321,-0.222542629,-0.000234262203,0.00123052066
b97b,b97b_pec_ti090_pi000,90.0,0.0,0.60000002,0.385172606,-0.381491721,0.000355711963,0.000966345833
b97b,b97b_pec_ti090_pi000,90.0,0.0,0.61000001,0.258868396,-0.516658664,0.000576239312,0.000531956903
b97b,b97b_pec_ti090_pi000,90.0,0.0,0.62,0.0881597847,-0.611670256,0.000507685589,0.000219336696
b97b,b97b_pec_ti090_pi000,90.0,0.0,0.63,-0.113309711,-0.651394665,0.000376618322,0.000123371865
b97b,b97b_pec_ti090_pi000,90.0,0.0,0.63999999,-0.325082272,-0.626667023,0.000345259177,0.000143091675
b97b,b97b_pec_ti090_pi000,90.0,0.0,0.64999998,-0.523706377,-0.537971258,0.000412535679,0.000134972928
b97b,b97b_pec_ti090_pi000,90.0,0.0,0.66000003,-0.688031316,-0.39570713,0.000482173549,5.34487954e-05
b97b,b97b_pec_ti090_pi000,90.0,0.0,0.67000002,-0.80298847,-0.217164591,0.000496361405,-4.27446212e-05
b97b,b97b_pec_ti090_pi000,90.0,0.0,0.68000001,-0.860384822,-0.0223692376,0.000491599261,-9.26547364e-05
b97b,b97b_pec_ti090_pi000,90.0,0.0,0.69,-0.857661664,0.169197589,0.000534881663,-0.000118422904
b97b,b97b_pec_ti090_pi000,90.0,0.0,0.69999999,-0.796757221,0.340454191,0.000624958426,-0.000202836847
b97b,b97b_pec_ti090_pi000,90.0,0.0,0.70999998,-0.684347689,0.477701753,0.000671198417,-0.000391601934
b97b,b97b_pec_ti090_pi000,90.0,0.0,0.72000003,-0.532620907,0.571273983,0.000573934813,-0.00062701077
b97b,b97b_pec_ti090_pi000,90.0,0.0,0.73000002,-0.358592093,0.61608392,0.000323057669,-0.000785274489
b97b,b97b_pec_ti090_pi000,90.0,0.0,0.74000001,-0.181306615,0.612118006,1.55191465e-05,-0.000779829163
b97b,b97b_pec_ti090_pi000,90.0,0.0,0.75,-0.0182595775,0.56442821,-0.000223345181,-0.00063030934
b97b,b97b_pec_ti090_pi000,90.0,0.0,0.75999999,0.117258012,0.482145578,-0.000336937897,-0.000434895192
b97b,b97b_pec_ti090_pi000,90.0,0.0,0.76999998,0.217187375,0.376750648,-0.000363220926,-0.000279076252
b97b,b97b_pec_ti090_pi000,90.0,0.0,0.77999997,0.30530107,0.268835574,-0.000405125698,-0.000171271866
b97b,b97b_pec_ti090_pi000,90.0,0.0,0.79000002,0.380040318,0.144885376,-0.000489663624,-3.70396592e-05
b97b,b97b_pec_ti090_pi000,90.0,0.0,0.80000001,0.407329887,0.00289771962,-0.000533266459,0.000182086602
b97b,b97b_pec_ti090_pi000,90.0,0.0,0.81,0.383941948,-0.139959559,-0.000438757794,0.000452986802
b97b,b97b_pec_ti090_pi000,90.0,0.0,0.81999999,0.312576681,-0.266387761,-0.000171121632,0.000649674912
b97b,b97b_pec_ti090_pi000,90.0,0.0,0.82999998,0.201650396,-0.361009806,0.000178499919,0.000650962116
b97b,b97b_pec_ti090_pi000,90.0,0.0,0.83999997,0.0642780811,-0.41227001,0.000448140374,0.000452833658
b97b,b97b_pec_ti090_pi000,90.0,0.0,0.85000002,-0.0834042057,-0.413777739,0.000536094594,0.000180296542
b97b,b97b_pec_ti090_pi000,90.0,0.0,0.86000001,-0.224199325,-0.364906341,0.00048256226,-2.14914708e-05
b97b,b97b_pec_ti090_pi000,90.0,0.0,0.87,-0.341796041,-0.270734936,0.000418041804,-0.000116581898
b97b,b97b_pec_ti090_pi000,90.0,0.0,0.88,-0.42260164,-0.141443953,0.000422914076,-0.000200642913
b97b,b97b_pec_ti090_pi000,90.0,0.0,0.88999999,-0.45744285,0.00886127539,0.000433938636,-0.000388130517
b97b,b97b_pec_ti090_pi000,90.0,0.0,0.89999998,-0.442931712,0.164090365,0.000296023616,-0.000667754211
b97b,b97b_pec_ti090_pi000,90.0,0.0,0.91000003,-0.381936908,0.308850795,-7.78172907e-05,-0.000869497599
b97b,b97b_pec_ti090_pi000,90.0,0.0,0.92000002,-0.282692462,0.431268722,-0.000584134541,-0.000790167076
b97b,b97b_pec_ti090_pi000,90.0,0.0,0.93000001,-0.156757683,0.524968565,-0.000967859873,-0.000377927237
b97b,b97b_pec_ti090_pi000,90.0,0.0,0.94,-0.017149074,0.589514077,-0.00100681547,0.000187796424
b97b,b97b_pec_ti090_pi000,90.0,0.0,0.94999999,0.121384665,0.629338205,-0.000693650451,0.000603227003
b97b,b97b_pec_ti090_pi000,90.0,0.0,0.95999998,0.23873353,0.650203764,-0.000256485684,0.000656734861
b97b,b97b_pec_ti090_pi000,90.0,0.0,0.97000003,0.307684809,0.648391724,1.24676153e-05,0.000380860205
b97b,b97b_pec_ti090_pi000,90.0,0.0,0.98000002,0.315066546,0.599174261,-1.48187619e-05,2.47829867e-05
b97b,b97b_pec_ti090_pi000,90.0,0.0,0.99000001,0.291101247,0.489514828,-0.000224050731,-0.000133455382
b97b,b97b_pec_ti090_pi000,90.0,0.0,1,0.268559873,0.353366226,-0.000379744422,-1.25943425e-05
b9e6,b9e6_pec_ti090_pi000,90.0,0.0,0.1,-0.131054029,-0.0226308592,-0.000115782015,-0.000148893188
b9e6,b9e6_pec_ti090_pi000,90.0,0.0,0.11,-0.224375561,0.0481862351,-0.0002874278,-9.75235162e-05
b9e6,b9e6_pec_ti090_pi000,90.0,0.0,0.12,-0.291885316,0.167132005,-0.000429198233,6.45764158e-05
b9e6,b9e6_pec_ti090_pi000,90.0,0.0,0.13,-0.284845591,0.304937571,-0.000444808567,0.000300593529
b9e6,b9e6_pec_ti090_pi000,90.0,0.0,0.14,-0.18056199,0.420223743,-0.00028441177,0.000520633708
b9e6,b9e6_pec_ti090_pi000,90.0,0.0,0.15000001,-0.00195980538,0.467365324,1.46043521e-05,0.000614885415
b9e6,b9e6_pec_ti090_pi000,90.0,0.0,0.16,0.19533959,0.416493922,0.000339867402,0.00051465939
b9e6,b9e6_pec_ti090_pi000,90.0,0.0,0.17,0.347774535,0.273310304,0.000556862389,0.000239210276
b9e6,b9e6_pec_ti090_pi000,90.0,0.0,0.18000001,0.409981668,0.0790710971,0.000576232385,-0.000108356915
b9e6,b9e6_pec_ti090_pi000,90.0,0.0,0.19,0.372138381,-0.108450599,0.000397738739,-0.000393093884
b9e6,b9e6_pec_ti090_pi000,90.0,0.0,0.2,0.259914935,-0.240778938,0.000105338906,-0.000515380816
b9e6,b9e6_pec_ti090_pi000,90.0,0.0,0.20999999,0.118137397,-0.296948403,-0.000180678733,-0.000453522138
b9e6,b9e6_pec_ti090_pi000,90.0,0.0,0.22,-0.0114773624,-0.285603553,-0.00036290256,-0.000261455891
b9e6,b9e6_pec_ti090_pi000,90.0,0.0,0.23,-0.105939478,-0.23265028,-0.000403917948,-3.02632379e-05
b9e6,b9e6_pec_ti090_pi000,90.0,0.0,0.23999999,-0.163053483,-0.164130375,-0.000326768757,0.000158666051
b9e6,b9e6_pec_ti090_pi000,90.0,0.0,0.25,-0.192209795,-0.0949918702,-0.000188151491,0.000263402617
b9e6,b9e6_pec_ti090_pi000,90.0,0.0,0.25999999,-0.202513427,-0.0286147017,-4.50165135e-05,0.000284759037
b9e6,b9e6_pec_ti090_pi000,90.0,0.0,0.27000001,-0.196552992,0.035982769,6.79090226e-05,0.000250334735
b9e6,b9e6_pec_ti090_pi000,90.0,0.0,0.28,-0.17233485,0.0967454314,0.000143667552,0.000192224281
b9e6,b9e6_pec_ti090_pi000,90.0,0.0,0.28999999,-0.129438177,0.146837592,0.000194446329,0.000129542648
b9e6,b9e6_pec_ti090_pi000,90.0,0.0,0.30000001,-0.073043555,0.178786933,0.000235176019,6.1511797e-05
b9e6,b9e6_pec_ti090_pi000,90.0,0.0,0.31,-0.0123258382,0.189850897,0.00026727622,-2.64020327e-05
b9e6,b9e6_pec_ti090_pi000,90.0,0.0,0.31999999,0.0450054891,0.183420211,0.000271172234,-0.000145726197
b9e6,b9e6_pec_ti090_pi000,90.0,0.0,0.33000001,0.0975286812,0.179401934,0.000238380293,-0.000297672843
b9e6,b9e6_pec_ti090_pi000,90.0,0.0,0.34,0.157975212,0.184007257,0.000140671938,-0.000482231553
b9e6,b9e6_pec_ti090_pi000,90.0,0.0,0.34999999,0.235099316,0.179186419,-7.41839831e-05,-0.000649020541
b9e6,b9e6_pec_ti090_pi000,90.0,0.0,0.36000001,0.330882668,0.152797401,-0.00040474697,-0.000729121908
b9e6,b9e6_pec_ti090_pi000,90.0,0.0,0.37,0.436898619,0.0902277157,-0.00080680853,-0.00065717008
b9e6,b9e6_pec_ti090_pi000,90.0,0.0,0.38,0.53276825,-0.0175725538,-0.00120070972,-0.00039639388
b9e6,b9e6_pec_ti090_pi000,90.0,0.0,0.38999999,0.590969205,-0.166820765,-0.00149090646,4.74987646e-05
b9e6,b9e6_pec_ti090_pi000,90.0,0.0,0.40000001,0.586506069,-0.338662744,-0.00158752897,0.000626418041
b9e6,b9e6_pec_ti090_pi000,90.0,0.0,0.41,0.507089674,-0.503396451,-0.00142181024,0.00125602051
b9e6,b9e6_pec_ti090_pi000,90.0,0.0,0.41999999,0.358796626,-0.629195988,-0.00095977413,0.00182012899
b9e6,b9e6_pec_ti090_pi000,90.0,0.0,0.43000001,0.164532408,-0.691558182,-0.000221376977,0.0021769898
b9e6,b9e6_pec_ti090_pi000,90.0,0.0,0.44,-0.0434611589,-0.679815173,0.000694833056,0.00218227156
b9e6,b9e6_pec_ti090_pi000,90.0,0.0,0.44999999,-0.233090729,-0.598558247,0.00160053372,0.00173953478
b9e6,b9e6_pec_ti090_pi000,90.0,0.0,0.46000001,-0.379951924,-0.464214802,0.00224635215,0.000865073758
b9e6,b9e6_pec_ti090_pi000,90.0,0.0,0.47,-0.470788687,-0.299047887,0.00240207836,-0.000270703109
b9e6,b9e6_pec_ti090_pi000,90.0,0.0,0.47999999,-0.502948225,-0.1253611,0.00196219003,-0.00136702694
b9e6,b9e6_pec_ti090_pi000,90.0,0.0,0.49000001,-0.481444776,0.0382027477,0.00102024677,-0.00209263619
b9e6,b9e6_pec_ti090_pi000,90.0,0.0,0.5,-0.415578246,0.17790328,-0.000141177443,-0.00222327374
b9e6,b9e6_pec_ti090_pi000,90.0,0.0,0.50999999,-0.316462308,0.284460247,-0.0011556485,-0.00174527941
b9e6,b9e6_pec_ti090_pi000,90.0,0.0,0.51999998,-0.195850581,0.352079809,-0.00172550324,-0.000863535155
b9e6,b9e6_pec_ti090_pi000,90.0,0.0,0.52999997,-0.0658722073,0.377825141,-0.00174128928,9.43841078e-05
b9e6,b9e6_pec_ti090_pi000,90.0,0.0,0.54000002,0.0610051118,0.361633569,-0.00130565441,0.000825843948
b9e6,b9e6_pec_ti090_pi000,90.0,0.0,0.55000001,0.172363073,0.306773067,-0.000655966403,0.00117127795
b9e6,b9e6_pec_ti090_pi000,90.0,0.0,0.56,0.2868056,0.247255623,-4.63659635e-05,0.00128237566
b9e6,b9e6_pec_ti090_pi000,90.0,0.0,0.56999999,0.381297112,0.145340905,0.000480172865,0.00111224607
b9e6,b9e6_pec_ti090_pi000,90.0,0.0,0.57999998,0.439940393,0.00774915889,0.00082910998,0.000781333016
b9e6,b9e6_pec_ti090_pi000,90.0,0.0,0.58999997,0.449309349,-0.152514368,0.00100071565,0.000406940526
b9e6,b9e6_pec_ti090_pi000,90.0,0.0,0.60000002,0.401181757,-0.317244768,0.0010456111,5.16264918e-05
b9e6,b9e6_pec_ti090_pi000,90.0,0.0,0.61000001,0.294693679,-0.465428114,0.00100815541,-0.000276881183
b9e6,b9e6_pec_ti090_pi000,90.0,0.0,0.62,0.137255222,-0.576565087,0.000897618651,-0.000589367701
b9e6,b9e6_pec_ti090_pi000,90.0,0.0,0.63,-0.0561607331,-0.634215891,0.000698589196,-0.000878384337
b9e6,b9e6_pec_ti090_pi000,90.0,0.0,0.63999999,-0.265283644,-0.628894627,0.000401873491,-0.00110769458
b9e6,b9e6_pec_ti090_pi000,90.0,0.0,0.64999998,-0.467800081,-0.559605062,2.82186193e-05,-0.0012291508
b9e6,b9e6_pec_ti090_pi000,90.0,0.0,0.66000003,-0.642709911,-0.433738202,-0.000369956688,-0.0012090822
b9e6,b9e6_pec_ti090_pi000,90.0,0.0,0.67000002,-0.772938132,-0.265537381,-0.000724579615,-0.00104543346
b9e6,b9e6_pec_ti090_pi000,90.0,0.0,0.68000001,-0.846775532,-0.0736892447,-0.00097234128,-0.000770045037
b9e6,b9e6_pec_ti090_pi000,90.0,0.0,0.69,-0.858339667,0.121453114,-0.0010710163,-0.000440650299
b9e6,b9e6_pec_ti090_pi000,90.0,0.0,0.69999999,-0.807721078,0.300596088,-0.0010111708,-0.000128588727
b9e6,b9e6_pec_ti090_pi000,90.0,0.0,0.70999998,-0.701308787,0.44773671,-0.000823820359,9.74314826e-05
b9e6,b9e6_pec_ti090_pi000,90.0,0.0,0.72000003,-0.551817477,0.551463425,-0.000578459469,0.000192448482
b9e6,b9e6_pec_ti090_pi000,90.0,0.0,0.73000002,-0.376962632,0.605474174,-0.000364429085,0.000156344642
b9e6,b9e6_pec_ti090_pi000,90.0,0.0,0.74000001,-0.196534485,0.608846664,-0.000256250059,4.17365445e-05
b9e6,b9e6_pec_ti090_pi000,90.0,0.0,0.75,-0.0289438646,0.566025734,-0.000278049149,-6.35471515e-05
b9e6,b9e6_pec_ti090_pi000,90.0,0.0,0.75999999,0.111473531,0.486000717,-0.000388575427,-7.65291552e-05
b9e6,b9e6_pec_ti090_pi000,90.0,0.0,0.76999998,0.215736493,0.380577445,-0.000499506539,3.79609446e-05
b9e6,b9e6_pec_ti090_pi000,90.0,0.0,0.77999997,0.307162523,0.270994812,-0.000546946481,0.000280407636
b9e6,b9e6_pec_ti090_pi000,90.0,0.0,0.79000002,0.383845687,0.143644467,-0.000442785153,0.000606256886
b9e6,b9e6_pec_ti090_pi000,90.0,0.0,0.80000001,0.410510957,-0.00300104334,-0.000129477441,0.000860638858
b9e6,b9e6_pec_ti090_pi000,90.0,0.0,0.81,0.382949233,-0.150158241,0.000320297666,0.00091379974
b9e6,b9e6_pec_ti090_pi000,90.0,0.0,0.81999999,0.303938389,-0.277952701,0.000763235206,0.000708942011
b9e6,b9e6_pec_ti090_pi000,90.0,0.0,0.82999998,0.184017688,-0.368352979,0.00105001801,0.000289741816
b9e6,b9e6_pec_ti090_pi000,90.0,0.0,0.83999997,0.0405016765,-0.408880502,0.00108907162,-0.000221118084
b9e6,b9e6_pec_ti090_pi000,90.0,0.0,0.85000002,-0.105830245,-0.395564258,0.00087900128,-0.000676601601
b9e6,b9e6_pec_ti090_pi000,90.0,0.0,0.86000001,-0.235480219,-0.333479553,0.000499608228,-0.000963829632
b9e6,b9e6_pec_ti090_pi000,90.0,0.0,0.87,-0.334385008,-0.234307885,7.16304712e-05,-0.0010421261
b9e6,b9e6_pec_ti090_pi000,90.0,0.0,0.88,-0.395566374,-0.112072736,-0.000296020124,-0.00094865862
b9e6,b9e6_pec_ti090_pi000,90.0,0.0,0.88999999,-0.417813063,0.0206930395,-0.000550888362,-0.000771620485
b9e6,b9e6_pec_ti090_pi000,90.0,0.0,0.89999998,-0.402746618,0.154543832,-0.000716533745,-0.000600224477
b9e6,b9e6_pec_ti090_pi000,90.0,0.0,0.91000003,-0.352451652,0.282292575,-0.000874595542,-0.000470616651
b9e6,b9e6_pec_ti090_pi000,90.0,0.0,0.92000002,-0.269209087,0.397256732,-0.00111157936,-0.000334921642
b9e6,b9e6_pec_ti090_pi000,90.0,0.0,0.93000001,-0.157243893,0.492618173,-0.00145335181,-7.68050159e-05
b9e6,b9e6_pec_ti090_pi000,90.0,0.0,0.94,-0.0251736324,0.562943339,-0.00182691589,0.000423191959
b9e6,b9e6_pec_ti090_pi000,90.0,0.0,0.94999999,0.11190889,0.606948733,-0.00208412367,0.0012004684
b9e6,b9e6_pec_ti090_pi000,90.0,0.0,0.95999998,0.230635896,0.627714813,-0.00208576093,0.00213957229
b9e6,b9e6_pec_ti090_pi000,90.0,0.0,0.97000003,0.301118821,0.623214245,-0.00178245478,0.00296197156
b9e6,b9e6_pec_ti090_pi000,90.0,0.0,0.98000002,0.309383035,0.573066235,-0.00119333586,0.00333030382
b9e6,b9e6_pec_ti090_pi000,90.0,0.0,0.99000001,0.285328686,0.466578394,-0.000386625354,0.00311445165
b9e6,b9e6_pec_ti090_pi000,90.0,0.0,1,0.262158215,0.335761875,0.000413514907,0.00246835384
ba0f,ba0f_pec_ti090_pi000,90.0,0.0,0.1,-0.136308759,-0.00885376241,-0.000867726223,-0.000159324351
ba0f,ba0f_pec_ti090_pi000,90.0,0.0,0.11,-0.219379917,0.0567320772,-0.0014170825,0.000317186379
ba0f,ba0f_pec_ti090_pi000,90.0,0.0,0.12,-0.277402699,0.161946997,-0.00173311005,0.00109456771
ba0f,ba0f_pec_ti090_pi000,90.0,0.0,0.13,-0.27018103,0.286214054,-0.00153908145,0.00197394821
ba0f,ba0f_pec_ti090_pi000,90.0,0.0,0.14,-0.179236382,0.39681223,-0.000747955928,0.00265416875
ba0f,ba0f_pec_ti090_pi000,90.0,0.0,0.15000001,-0.019590212,0.454053283,0.00045522899,0.00282472675
ba0f,ba0f_pec_ti090_pi000,90.0,0.0,0.16,0.167578548,0.427894443,0.00168724218,0.0023185953
ba0f,ba0f_pec_ti090_pi000,90.0,0.0,0.17,0.330214649,0.314060897,0.00252590398,0.00122370245
ba0f,ba0f_pec_ti090_pi000,90.0,0.0,0.18000001,0.423860818,0.137457147,0.00268960092,-0.000134522707
ba0f,ba0f_pec_ti090_pi000,90.0,0.0,0.19,0.426777214,-0.0577070341,0.00215560617,-0.00133156974
ba0f,ba0f_pec_ti090_pi000,90.0,0.0,0.2,0.345288366,-0.224943191,0.0011577215,-0.0020276953
ba0f,ba0f_pec_ti090_pi000,90.0,0.0,0.20999999,0.207860619,-0.331295431,6.6841123e-05,-0.00210249936
ba0f,ba0f_pec_ti090_pi000,90.0,0.0,0.22,0.0519413315,-0.365371495,-0.000779724622,-0.00167643919
ba0f,ba0f_pec_ti090_pi000,90.0,0.0,0.23,-0.089658536,-0.335663736,-0.00121171656,-0.00101949798
ba0f,ba0f_pec_ti090_pi000,90.0,0.0,0.23999999,-0.197058856,-0.262003094,-0.00126126956,-0.000405457104
ba0f,ba0f_pec_ti090_pi000,90.0,0.0,0.25,-0.264130086,-0.165530071,-0.0010970158,7.9195288e-06
ba0f,ba0f_pec_ti090_pi000,90.0,0.0,0.25999999,-0.293646276,-0.0620117188,-0.000907325011,0.000217632944
ba0f,ba0f_pec_ti090_pi000,90.0,0.0,0.27000001,-0.290831625,0.0394423231,-0.000801399525,0.000329061731
ba0f,ba0f_pec_ti090_pi000,90.0,0.0,0.28,-0.259159178,0.133425444,-0.00077512837,0.000466679077
ba0f,ba0f_pec_ti090_pi000,90.0,0.0,0.28999999,-0.200119227,0.21415408,-0.000743849145,0.000698343327
ba0f,ba0f_pec_ti090_pi000,90.0,0.0,0.30000001,-0.116079479,0.273335874,-0.00060689752,0.00100910943
ba0f,ba0f_pec_ti090_pi000,90.0,0.0,0.31,-0.0136457151,0.301363766,-0.000300111336,0.00132255699
ba0f,ba0f_pec_ti090_pi000,90.0,0.0,0.31999999,0.0950633734,0.290971309,0.000186481993,0.00154014572
ba0f,ba0f_pec_ti090_pi000,90.0,0.0,0.33000001,0.19748874,0.262943923,0.000810177531,0.00169415167
ba0f,ba0f_pec_ti090_pi000,90.0,0.0,0.34,0.298434287,0.223779872,0.0016274096,0.00177515321
ba0f,ba0f_pec_ti090_pi000,90.0,0.0,0.34999999,0.390298963,0.154971123,0.00265210681,0.00155733142
ba0f,ba0f_pec_ti090_pi000,90.0,0.0,0.36000001,0.464743227,0.0621206164,0.00379044889,0.000887477188
ba0f,ba0f_pec_ti090_pi000,90.0,0.0,0.37,0.516521394,-0.0476442128,0.00483400235,-0.000365424406
ba0f,ba0f_pec_ti090_pi000,90.0,0.0,0.38,0.542286277,-0.167943954,0.00545406621,-0.00222296594
ba0f,ba0f_pec_ti090_pi000,90.0,0.0,0.38999999,0.538362563,-0.293798715,0.00526737981,-0.00450316072
ba0f,ba0f_pec_ti090_pi000,90.0,0.0,0.40000001,0.499400586,-0.420167238,0.00397747895,-0.00677844929
ba0f,ba0f_pec_ti090_pi000,90.0,0.0,0.41,0.419371873,-0.539246023,0.00154632644,-0.0084388433
ba0f,ba0f_pec_ti090_pi000,90.0,0.0,0.41999999,0.294919491,-0.638456583,-0.00168730121,-0.00887063984
ba0f,ba0f_pec_ti090_pi000,90.0,0.0,0.43000001,0.129498646,-0.701064646,-0.0050261924,-0.00769927958
ba0f,ba0f_pec_ti090_pi000,90.0,0.0,0.44,-0.0638729408,-0.710000575,-0.00759892259,-0.00499311835
ba0f,ba0f_pec_ti090_pi000,90.0,0.0,0.44999999,-0.262971312,-0.653550208,-0.00865956489,-0.00132060342
ba0f,ba0f_pec_ti090_pi000,90.0,0.0,0.46000001,-0.440228283,-0.530414224,-0.00788187142,0.00239488506
ba0f,ba0f_pec_ti090_pi000,90.0,0.0,0.47,-0.568897247,-0.351857007,-0.00551240984,0.00518465554
ba0f,ba0f_pec_ti090_pi000,90.0,0.0,0.47999999,-0.629339755,-0.140101999,-0.00229947316,0.00638571614
ba0f,ba0f_pec_ti090_pi000,90.0,0.0,0.49000001,-0.613330066,0.0763042942,0.000783824071,0.00587930856
ba0f,ba0f_pec_ti090_pi000,90.0,0.0,0.5,-0.525306225,0.268396199,0.00290588127,0.00410821289
ba0f,ba0f_pec_ti090_pi000,90.0,0.0,0.50999999,-0.380720347,0.412157238,0.00367133063,0.00186677813
ba0f,ba0f_pec_ti090_pi000,90.0,0.0,0.51999998,-0.2024699,0.492200851,0.00321776932,-3.73541443e-05
ba0f,ba0f_pec_ti090_pi000,90.0,0.0,0.52999997,-0.0165434368,0.503414631,0.00208471995,-0.00109366747
ba0f,ba0f_pec_ti090_pi000,90.0,0.0,0.54000002,0.152221248,0.450750798,0.000932023802,-0.00123807031
ba0f,ba0f_pec_ti090_pi000,90.0,0.0,0.55000001,0.283717483,0.347521007,0.000247789081,-0.00079281634
ba0f,ba0f_pec_ti090_pi000,90.0,0.0,0.56,0.406073928,0.23781921,0.00019760264,-0.000278704247
ba0f,ba0f_pec_ti090_pi000,90.0,0.0,0.56999999,0.485345691,0.08792115,0.000655019481,-2.03245054e-05
ba0f,ba0f_pec_ti090_pi000,90.0,0.0,0.57999998,0.509936213,-0.0849624723,0.0012910153,-0.00033317288
ba0f,ba0f_pec_ti090_pi000,90.0,0.0,0.58999997,0.475141555,-0.261198282,0.00164147012,-0.00124036812
ba0f,ba0f_pec_ti090_pi000,90.0,0.0,0.60000002,0.383022457,-0.421363145,0.00132270658,-0.0024564995
ba0f,ba0f_pec_ti090_pi000,90.0,0.0,0.61000001,0.2414428,-0.548235655,0.000202779862,-0.00350694195
ba0f,ba0f_pec_ti090_pi000,90.0,0.0,0.62,0.0628779754,-0.628092885,-0.00154025364,-0.0039194948
ba0f,ba0f_pec_ti090_pi000,90.0,0.0,0.63,-0.136698559,-0.651634455,-0.00348503212,-0.0034033244
ba0f,ba0f_pec_ti090_pi000,90.0,0.0,0.63999999,-0.338953346,-0.614896774,-0.00511838403,-0.00194859516
ba0f,ba0f_pec_ti090_pi000,90.0,0.0,0.64999998,-0.524726212,-0.520132363,-0.00600603735,0.000179567462
ba0f,ba0f_pec_ti090_pi000,90.0,0.0,0.66000003,-0.676153302,-0.376214117,-0.00592201483,0.00253592734
ba0f,ba0f_pec_ti090_pi000,90.0,0.0,0.67000002,-0.77908206,-0.197961465,-0.00490002334,0.00463650469
ba0f,ba0f_pec_ti090_pi000,90.0,0.0,0.68000001,-0.825045347,-0.00414488697,-0.00320063019,0.00609700521
ba0f,ba0f_pec_ti090_pi000,90.0,0.0,0.69,-0.812131226,0.185502768,-0.00121227663,0.00672639441
ba0f,ba0f_pec_ti090_pi000,90.0,0.0,0.69999999,-0.744577289,0.353391051,0.000676597992,0.00655096164
ba0f,ba0f_pec_ti090_pi000,90.0,0.0,0.70999998,-0.631531,0.486303717,0.00218968908,0.00576714473
ba0f,ba0f_pec_ti090_pi000,90.0,0.0,0.72000003,-0.485554844,0.57616961,0.00321897282,0.00464378903
ba0f,ba0f_pec_ti090_pi000,90.0,0.0,0.73000002,-0.321183711,0.619601905,0.00380698219,0.00341529842
ba0f,ba0f_pec_ti090_pi000,90.0,0.0,0.74000001,-0.153546467,0.617067337,0.00406983402,0.00221175747
ba0f,ba0f_pec_ti090_pi000,90.0,0.0,0.75,0.00294611719,0.572379827,0.00410378305,0.00105679757
ba0f,ba0f_pec_ti090_pi000,90.0,0.0,0.75999999,0.135856241,0.492538631,0.00392602524,-7.15704955e-05
ba0f,ba0f_pec_ti090_pi000,90.0,0.0,0.76999998,0.235911444,0.387396008,0.00348208612,-0.00115827576
ba0f,ba0f_pec_ti090_pi000,90.0,0.0,0.77999997,0.325608343,0.275624126,0.00281336857,-0.00232368335
ba0f,ba0f_pec_ti090_pi000,90.0,0.0,0.79000002,0.400653243,0.145149752,0.00168615032,-0.00344333146
ba0f,ba0f_pec_ti090_pi000,90.0,0.0,0.80000001,0.425617158,-0.00251999777,5.04561431e-05,-0.0039780247
ba0f,ba0f_pec_ti090_pi000,90.0,0.0,0.81,0.398409992,-0.148875952,-0.00173699844,-0.00366612338
ba0f,ba0f_pec_ti090_pi000,90.0,0.0,0.81999999,0.323469102,-0.276468724,-0.0031846338,-0.00250478508
ba0f,ba0f_pec_ti090_pi000,90.0,0.0,0.82999998,0.210534364,-0.370993793,-0.0038716062,-0.000802137598
ba0f,ba0f_pec_ti090_pi000,90.0,0.0,0.83999997,0.0729486048,-0.422554702,-0.0036467209,0.000933422416
ba0f,ba0f_pec_ti090_pi000,90.0,0.0,0.85000002,-0.074100703,-0.426168829,-0.00269973814,0.00222071353
ba0f,ba0f_pec_ti090_pi000,90.0,0.0,0.86000001,-0.215132788,-0.381709903,-0.00145251618,0.00282429182
ba0f,ba0f_pec_ti090_pi000,90.0,0.0,0.87,-0.335655361,-0.293538332,-0.000326812267,0.00283425441
ba0f,ba0f_pec_ti090_pi000,90.0,0.0,0.88,-0.423224717,-0.169969201,0.000473886583,0.00255744089
ba0f,ba0f_pec_ti090_pi000,90.0,0.0,0.88999999,-0.468430251,-0.0226432402,0.00103469135,0.00228793942
ba0f,ba0f_pec_ti090_pi000,90.0,0.0,0.89999998,-0.465934366,0.134337112,0.00160967512,0.00210287655
ba0f,ba0f_pec_ti090_pi000,90.0,0.0,0.91000003,-0.415506333,0.285789907,0.00239125057,0.00181628263
ba0f,ba0f_pec_ti090_pi000,90.0,0.0,0.92000002,-0.322701663,0.417570531,0.00332230958,0.00112311041
ba0f,ba0f_pec_ti090_pi000,90.0,0.0,0.93000001,-0.198674798,0.519278347,0.0040801526,-0.000158413881
ba0f,ba0f_pec_ti090_pi000,90.0,0.0,0.94,-0.0588837266,0.586822212,0.00425329665,-0.00190400332
ba0f,ba0f_pec_ti090_pi000,90.0,0.0,0.94999999,0.0786524862,0.623496115,0.00360811432,-0.00368207227
ba0f,ba0f_pec_ti090_pi000,90.0,0.0,0.95999998,0.194182083,0.637493193,0.00227889093,-0.00493727112
ba0f,ba0f_pec_ti090_pi000,90.0,0.0,0.97000003,0.267260611,0.632636368,0.000740653952,-0.00524172373
ba0f,ba0f_pec_ti090_pi000,90.0,0.0,0.98000002,0.288295299,0.596305966,-0.000468387094,-0.00449651154
ba0f,ba0f_pec_ti090_pi000,90.0,0.0,0.99000001,0.278071642,0.513034821,-0.00105930248,-0.00305812852
ba0f,ba0f_pec_ti090_pi000,90.0,0.0,1,0.267113268,0.396611333,-0.00102119101,-0.00159952778
baa9,baa9_pec_ti090_pi000,90.0,0.0,0.1,-0.100820936,-0.0204015747,4.95946479e-05,-2.98334562e-05
baa9,baa9_pec_ti090_pi000,90.0,0.0,0.11,-0.185117409,0.0230320301,7.36551328e-06,-7.57997041e-05
baa9,baa9_pec_ti090_pi000,90.0,0.0,0.12,-0.263290793,0.110118121,-7.27145525e-05,-7.53713612e-05
baa9,baa9_pec_ti090_pi000,90.0,0.0,0.13,-0.287614942,0.229349583,-0.000138285744,-5.02175044e-06
baa9,baa9_pec_ti090_pi000,90.0,0.0,0.14,-0.223487705,0.352461636,-0.000129577384,0.00010688504
baa9,baa9_pec_ti090_pi000,90.0,0.0,0.15000001,-0.074228853,0.433691412,-2.92284967e-05,0.000187947793
baa9,baa9_pec_ti090_pi000,90.0,0.0,0.16,0.11991515,0.429091185,0.000112996233,0.000171406078
baa9,baa9_pec_ti090_pi000,90.0,0.0,0.17,0.297052383,0.323884368,0.000207170102,5.14904859e-05
baa9,baa9_pec_ti090_pi000,90.0,0.0,0.18000001,0.399283946,0.143942803,0.000187740472,-0.000103165701
baa9,baa9_pec_ti090_pi000,90.0,0.0,0.19,0.398156136,-0.0553403385,6.62482271e-05,-0.000195653527
baa9,baa9_pec_ti090_pi000,90.0,0.0,0.2,0.30538094,-0.215385869,-7.44016797e-05,-0.00017392094
baa9,baa9_pec_ti090_pi000,90.0,0.0,0.20999999,0.162877008,-0.300281495,-0.000144163394,-7.10761451e-05
baa9,baa9_pec_ti090_pi000,90.0,0.0,0.22,0.0192457791,-0.307754278,-0.000118044984,2.40009413e-05
baa9,baa9_pec_ti090_pi000,90.0,0.0,0.23,-0.0924127102,-0.261170566,-5.39322027e-05,4.45028527e-05
baa9,baa9_pec_ti090_pi000,90.0,0.0,0.23999999,-0.163068905,-0.190581724,-3.69468289e-05,5.71086775e-06
baa9,baa9_pec_ti090_pi000,90.0,0.0,0.25,-0.200841025,-0.116326839,-9.57515294e-05,-8.07055767e-06
baa9,baa9_pec_ti090_pi000,90.0,0.0,0.25999999,-0.216923729,-0.0444837026,-0.000165415593,7.58779715e-05
baa9,baa9_pec_ti090_pi000,90.0,0.0,0.27000001,-0.215632707,0.0263930727,-0.000136341318,0.000238608074
baa9,baa9_pec_ti090_pi000,90.0,0.0,0.28,-0.194355607,0.0955158249,4.58202412e-05,0.000364207779
baa9,baa9_pec_ti090_pi000,90.0,0.0,0.28999999,-0.150558397,0.155645773,0.000314224308,0.000323851476
baa9,baa9_pec_ti090_pi000,90.0,0.0,0.30000001,-0.0881026015,0.19675535,0.000512349652,8.50518554e-05
baa9,baa9_pec_ti090_pi000,90.0,0.0,0.31,-0.0171574056,0.212939054,0.000506583194,-0.000247334043
baa9,baa9_pec_ti090_pi000,90.0,0.0,0.31999999,0.0516155846,0.205797955,0.000290165946,-0.000500155846
baa9,baa9_pec_ti090_pi000,90.0,0.0,0.33000001,0.113992371,0.19731693,7.86139481e-06,-0.000597928418
baa9,baa9_pec_ti090_pi000,90.0,0.0,0.34,0.182501301,0.195031241,-0.000231769445,-0.00058224349
baa9,baa9_pec_ti090_pi000,90.0,0.0,0.34999999,0.264697999,0.180353463,-0.000380117097,-0.000523650378
baa9,baa9_pec_ti090_pi000,90.0,0.0,0.36000001,0.361711472,0.142446533,-0.000485010853,-0.000554401719
baa9,baa9_pec_ti090_pi000,90.0,0.0,0.37,0.464568228,0.0681962594,-0.000718306343,-0.000710492779
baa9,baa9_pec_ti090_pi000,90.0,0.0,0.38,0.552746713,-0.0495174602,-0.00125025003,-0.000838327047
baa9,baa9_pec_ti090_pi000,90.0,0.0,0.38999999,0.599521995,-0.20462808,-0.00207240484,-0.000635423232
baa9,baa9_pec_ti090_pi000,90.0,0.0,0.40000001,0.582087934,-0.376430541,-0.00289953197,0.000165883786
baa9,baa9_pec_ti090_pi000,90.0,0.0,0.41,0.491391987,-0.534991145,-0.00325048645,0.0015735249
baa9,baa9_pec_ti090_pi000,90.0,0.0,0.41999999,0.336476445,-0.650506496,-0.00269509526,0.00322312419
baa9,baa9_pec_ti090_pi000,90.0,0.0,0.43000001,0.141320169,-0.702093899,-0.00113316905,0.00448170165
baa9,baa9_pec_ti090_pi000,90.0,0.0,0.44,-0.0633861572,-0.682453692,0.00107083446,0.00473952573
baa9,baa9_pec_ti090_pi000,90.0,0.0,0.44999999,-0.248810738,-0.597374916,0.00320060016,0.00373409945
baa9,baa9_pec_ti090_pi000,90.0,0.0,0.46000001,-0.393369406,-0.461719066,0.00450440682,0.00171641761
baa9,baa9_pec_ti090_pi000,90.0,0.0,0.47,-0.484238178,-0.294714391,0.00454586418,-0.0006445545
baa9,baa9_pec_ti090_pi000,90.0,0.0,0.47999999,-0.516525447,-0.116578482,0.00339600933,-0.00256902771
baa9,baa9_pec_ti090_pi000,90.0,0.0,0.49000001,-0.492057085,0.0533706844,0.00156832591,-0.00351478602
baa9,baa9_pec_ti090_pi000,90.0,0.0,0.5,-0.418569982,0.198132843,-0.000252326339,-0.0033813992
baa9,baa9_pec_ti090_pi000,90.0,0.0,0.50999999,-0.308790088,0.304734319,-0.00152705493,-0.00247983239
baa9,baa9_pec_ti090_pi000,90.0,0.0,0.51999998,-0.178603306,0.365892112,-0.00205847668,-0.00131376542
baa9,baa9_pec_ti090_pi000,90.0,0.0,0.52999997,-0.0443275496,0.380624026,-0.00198529474,-0.000314841978
baa9,baa9_pec_ti090_pi000,90.0,0.0,0.54000002,0.0798717663,0.353220582,-0.00161688507,0.000324663037
baa9,baa9_pec_ti090_pi000,90.0,0.0,0.55000001,0.183252409,0.291158885,-0.00122730166,0.000655725307
baa9,baa9_pec_ti090_pi000,90.0,0.0,0.56,0.288430363,0.228254959,-0.00103990734,0.000946610526
baa9,baa9_pec_ti090_pi000,90.0,0.0,0.56999999,0.373905271,0.128213465,-0.00084543688,0.00128936372
baa9,baa9_pec_ti090_pi000,90.0,0.0,0.57999998,0.426329166,-0.00402232818,-0.000496684341,0.00171077577
baa9,baa9_pec_ti090_pi000,90.0,0.0,0.58999997,0.432734847,-0.157895565,0.000140876771,0.00207995134
baa9,baa9_pec_ti090_pi000,90.0,0.0,0.60000002,0.383827478,-0.316611081,0.00106373942,0.00216256059
baa9,baa9_pec_ti090_pi000,90.0,0.0,0.61000001,0.277683139,-0.459046394,0.00208073063,0.00175369054
baa9,baa9_pec_ti090_pi000,90.0,0.0,0.62,0.121787332,-0.563997865,0.00287380209,0.000813064922
baa9,baa9_pec_ti090_pi000,90.0,0.0,0.63,-0.0678598955,-0.615040839,0.00314101274,-0.000476190762
baa9,baa9_pec_ti090_pi000,90.0,0.0,0.63999999,-0.270152539,-0.603903651,0.00274682813,-0.00176160329
baa9,baa9_pec_ti090_pi000,90.0,0.0,0.64999998,-0.463085294,-0.531321347,0.00180126051,-0.00266445288
baa9,baa9_pec_ti090_pi000,90.0,0.0,0.66000003,-0.627030432,-0.405839324,0.000626932248,-0.00294062635
baa9,baa9_pec_ti090_pi000,90.0,0.0,0.67000002,-0.746487081,-0.241849616,-0.000368453766,-0.00258310908
baa9,baa9_pec_ti090_pi000,90.0,0.0,0.68000001,-0.810867727,-0.0576901436,-0.000853740727,-0.00182213646
baa9,baa9_pec_ti090_pi000,90.0,0.0,0.69,-0.81523639,0.12644653,-0.000700114644,-0.00103157631
baa9,baa9_pec_ti090_pi000,90.0,0.0,0.69999999,-0.761253476,0.291381925,-2.79835767e-05,-0.000587785267
baa9,baa9_pec_ti090_pi000,90.0,0.0,0.70999998,-0.657652676,0.42227298,0.00083282683,-0.000735794718
baa9,baa9_pec_ti090_pi000,90.0,0.0,0.72000003,-0.519055426,0.510914385,0.00145052315,-0.00149864971
baa9,baa9_pec_ti090_pi000,90.0,0.0,0.73000002,-0.362635016,0.555811286,0.00143523049,-0.00264889793
baa9,baa9_pec_ti090_pi000,90.0,0.0,0.74000001,-0.204057828,0.560227394,0.00058530859,-0.00375309703
baa9,baa9_pec_ti090_pi000,90.0,0.0,0.75,-0.055104252,0.529427886,-0.00100465189,-0.00429681363
baa9,baa9_pec_ti090_pi000,90.0,0.0,0.75999999,0.0759518072,0.468610644,-0.00292189512,-0.00387258921
baa9,baa9_pec_ti090_pi000,90.0,0.0,0.76999998,0.182396546,0.38264972,-0.00453817239,-0.00237235054
baa9,baa9_pec_ti090_pi000,90.0,0.0,0.77999997,0.283803612,0.287905544,-0.00558400434,6.72265815e-05
baa9,baa9_pec_ti090_pi000,90.0,0.0,0.79000002,0.375262707,0.167418525,-0.00540618878,0.00327316136
baa9,baa9_pec_ti090_pi000,90.0,0.0,0.80000001,0.415562809,0.0171574317,-0.00328213698,0.00614798022
baa9,baa9_pec_ti090_pi000,90.0,0.0,0.81,0.39437288,-0.139542013,0.000352272356,0.00748925423
baa9,baa9_pec_ti090_pi000,90.0,0.0,0.81999999,0.313730091,-0.27580595,0.00433580158,0.00657274388
baa9,baa9_pec_ti090_pi000,90.0,0.0,0.82999998,0.188523456,-0.368906945,0.00725091482,0.00355480728
baa9,baa9_pec_ti090_pi000,90.0,0.0,0.83999997,0.041866418,-0.406681955,0.00807091966,-0.000548802665
baa9,baa9_pec_ti090_pi000,90.0,0.0,0.85000002,-0.102378972,-0.389505416,0.00662995363,-0.00432992307
baa9,baa9_pec_ti090_pi000,90.0,0.0,0.86000001,-0.22613439,-0.32722339,0.00364389666,-0.00664973911
baa9,baa9_pec_ti090_pi000,90.0,0.0,0.87,-0.319721937,-0.233295187,0.000276828883,-0.00711903069
baa9,baa9_pec_ti090_pi000,90.0,0.0,0.88,-0.38015601,-0.119615786,-0.0024768624,-0.00613421667
baa9,baa9_pec_ti090_pi000,90.0,0.0,0.88999999,-0.407186538,0.0054584546,-0.00422373461,-0.00448888633
baa9,baa9_pec_ti090_pi000,90.0,0.0,0.89999998,-0.400135398,0.135711446,-0.00518763065,-0.00283806375
baa9,baa9_pec_ti090_pi000,90.0,0.0,0.91000003,-0.357534707,0.264296621,-0.0058608586,-0.00135551591
baa9,baa9_pec_ti090_pi000,90.0,0.0,0.92000002,-0.279466182,0.382248491,-0.00656234007,0.000236675856
baa9,baa9_pec_ti090_pi000,90.0,0.0,0.93000001,-0.17071338,0.479878873,-0.00719770137,0.00234412262
baa9,baa9_pec_ti090_pi000,90.0,0.0,0.94,-0.0425931588,0.550574124,-0.00735162152,0.00513148075
baa9,baa9_pec_ti090_pi000,90.0,0.0,0.94999999,0.0871008411,0.594474494,-0.00662285462,0.00833947212
baa9,baa9_pec_ti090_pi000,90.0,0.0,0.95999998,0.194623351,0.617543101,-0.00497658178,0.0113340802
baa9,baa9_pec_ti090_pi000,90.0,0.0,0.97000003,0.253389299,0.6196329,-0.00283174729,0.0132472767
baa9,baa9_pec_ti090_pi000,90.0,0.0,0.98000002,0.255824268,0.57998997,-0.000630340772,0.0132481856
baa9,baa9_pec_ti090_pi000,90.0,0.0,0.99000001,0.236886889,0.486071467,0.00152581849,0.0112908967
baa9,baa9_pec_ti090_pi000,90.0,0.0,1,0.228846133,0.365762502,0.00333560538,0.0082632266
bb26,bb26_pec_ti090_pi000,90.0,0.0,0.1,-0.0757001415,-0.0235269181,1.94402564e-05,-0.000249449309
bb26,bb26_pec_ti090_pi000,90.0,0.0,0.11,-0.150332227,-7.14640773e-05,-0.000112223635,-0.000178511516
bb26,bb26_pec_ti090_pi000,90.0,0.0,0.12,-0.213576451,0.0802414566,-0.000105647356,8.10182701e-06
bb26,bb26_pec_ti090_pi000,90.0,0.0,0.13,-0.213086292,0.206982955,0.000104452323,0.000128758358
bb26,bb26_pec_ti090_pi000,90.0,0.0,0.14,-0.117209613,0.329049438,0.000386130152,-1.03511475e-05
bb26,bb26_pec_ti090_pi000,90.0,0.0,0.15000001,0.0570771322,0.378950894,0.000463927456,-0.000416540628
bb26,bb26_pec_ti090_pi000,90.0,0.0,0.16,0.245369121,0.315226078,0.000137940893,-0.000836035935
bb26,bb26_pec_ti090_pi000,90.0,0.0,0.17,0.36946696,0.151655033,-0.000505734002,-0.000908390444
bb26,bb26_pec_ti090_pi000,90.0,0.0,0.18000001,0.381823838,-0.0489319041,-0.00109662022,-0.000453169865
bb26,bb26_pec_ti090_pi000,90.0,0.0,0.19,0.289817125,-0.211836711,-0.0012289827,0.000349625887
bb26,bb26_pec_ti090_pi000,90.0,0.0,0.2,0.144337088,-0.291515738,-0.000769747945,0.0010568772
bb26,bb26_pec_ti090_pi000,90.0,0.0,0.20999999,0.00423299707,-0.28855291,3.24876091e-05,0.00127503159
bb26,bb26_pec_ti090_pi000,90.0,0.0,0.22,-0.0957959965,-0.235323146,0.000732688524,0.00093447644
bb26,bb26_pec_ti090_pi000,90.0,0.0,0.23,-0.153214142,-0.166800708,0.00101133378,0.000303594104
bb26,bb26_pec_ti090_pi000,90.0,0.0,0.23999999,-0.18260403,-0.100431949,0.000864521775,-0.000250302372
bb26,bb26_pec_ti090_pi000,90.0,0.0,0.25,-0.195502967,-0.0365515165,0.000524153409,-0.000531208119
bb26,bb26_pec_ti090_pi000,90.0,0.0,0.25999999,-0.192216739,0.0280861538,0.000215575899,-0.000589162577
bb26,bb26_pec_ti090_pi000,90.0,0.0,0.27000001,-0.168117538,0.0895876214,-1.05557283e-05,-0.000571917393
bb26,bb26_pec_ti090_pi000,90.0,0.0,0.28,-0.123773761,0.137900561,-0.000234465289,-0.000531779544
bb26,bb26_pec_ti090_pi000,90.0,0.0,0.28999999,-0.06772241,0.165211424,-0.000491797808,-0.000385371008
bb26,bb26_pec_ti090_pi000,90.0,0.0,0.30000001,-0.0106550418,0.171393186,-0.000669058296,-5.21931433e-05
bb26,bb26_pec_ti090_pi000,90.0,0.0,0.31,0.0412505157,0.161442041,-0.000587125367,0.00038753025
bb26,bb26_pec_ti090_pi000,90.0,0.0,0.31999999,0.0867359787,0.139241412,-0.000192463252,0.000693041715
bb26,bb26_pec_ti090_pi000,90.0,0.0,0.33000001,0.12637721,0.115072772,0.00032894098,0.000683512772
bb26,bb26_pec_ti090_pi000,90.0,0.0,0.34,0.162603453,0.0888779089,0.000756809895,0.00034053158
bb26,bb26_pec_ti090_pi000,90.0,0.0,0.34999999,0.1895594,0.0531737991,0.000868420582,-0.000242738257
bb26,bb26_pec_ti090_pi000,90.0,0.0,0.36000001,0.204113781,0.0154179279,0.000567524228,-0.000786820543
bb26,bb26_pec_ti090_pi000,90.0,0.0,0.37,0.211005196,-0.0166219622,-1.35325981e-05,-0.00102416927
bb26,bb26_pec_ti090_pi000,90.0,0.0,0.38,0.220769286,-0.0430428162,-0.00060039165,-0.000861744804
bb26,bb26_pec_ti090_pi000,90.0,0.0,0.38999999,0.240351066,-0.0753979236,-0.000950863818,-0.000417490897
bb26,bb26_pec_ti090_pi000,90.0,0.0,0.40000001,0.263089538,-0.13039498,-0.000985577703,8.36270628e-05
bb26,bb26_pec_ti090_pi000,90.0,0.0,0.41,0.26712665,-0.216284513,-0.000789755431,0.000461460033
bb26,bb26_pec_ti090_pi000,90.0,0.0,0.41999999,0.225923091,-0.321496725,-0.000508477213,0.000664833002
bb26,bb26_pec_ti090_pi000,90.0,0.0,0.43000001,0.125255778,-0.414945722,-0.000235123807,0.000742222532
bb26,bb26_pec_ti090_pi000,90.0,0.0,0.44,-0.0246542711,-0.459592551,2.07807516e-05,0.000749797502
bb26,bb26_pec_ti090_pi000,90.0,0.0,0.44999999,-0.190593332,-0.431302935,0.000280299311,0.000688538246
bb26,bb26_pec_ti090_pi000,90.0,0.0,0.46000001,-0.330880672,-0.331119031,0.000524182513,0.000520802743
bb26,bb26_pec_ti090_pi000,90.0,0.0,0.47,-0.413753539,-0.183754608,0.000677786011,0.000238142835
bb26,bb26_pec_ti090_pi000,90.0,0.0,0.47999999,-0.428613096,-0.0245265663,0.000665439118,-9.2887858e-05
bb26,bb26_pec_ti090_pi000,90.0,0.0,0.49000001,-0.384999514,0.116069876,0.000481414027,-0.00035534153
bb26,bb26_pec_ti090_pi000,90.0,0.0,0.5,-0.302687109,0.221141651,0.000209431382,-0.000458243507
bb26,bb26_pec_ti090_pi000,90.0,0.0,0.50999999,-0.200973257,0.286700279,-2.98733466e-05,-0.000397910539
bb26,bb26_pec_ti090_pi000,90.0,0.0,0.51999998,-0.0934848338,0.315385133,-0.000158598385,-0.000251020916
bb26,bb26_pec_ti090_pi000,90.0,0.0,0.52999997,0.0108138397,0.310852259,-0.000180169111,-0.000108279644
bb26,bb26_pec_ti090_pi000,90.0,0.0,0.54000002,0.104252622,0.276338309,-0.000147405866,-1.03861275e-05
bb26,bb26_pec_ti090_pi000,90.0,0.0,0.55000001,0.178854436,0.216436893,-9.73242131e-05,5.64499933e-05
bb26,bb26_pec_ti090_pi000,90.0,0.0,0.56,0.249467701,0.15292865,-2.24917931e-05,0.000118542019
bb26,bb26_pec_ti090_pi000,90.0,0.0,0.56999999,0.296841413,0.067476891,0.000124186205,0.000138084884
bb26,bb26_pec_ti090_pi000,90.0,0.0,0.57999998,0.314838797,-0.0308045596,0.000320057763,2.18881887e-05
bb26,bb26_pec_ti090_pi000,90.0,0.0,0.58999997,0.301138729,-0.131828561,0.000432122179,-0.000296573387
bb26,bb26_pec_ti090_pi000,90.0,0.0,0.60000002,0.25651592,-0.225894332,0.000266134593,-0.00074245705
bb26,bb26_pec_ti090_pi000,90.0,0.0,0.61000001,0.184249908,-0.304014385,-0.000281792629,-0.00106456398
bb26,bb26_pec_ti090_pi000,90.0,0.0,0.62,0.0902494639,-0.358261675,-0.00107965921,-0.000953884213
bb26,bb26_pec_ti090_pi000,90.0,0.0,0.63,-0.0169102587,-0.382946193,-0.00175974425,-0.000262633344
bb26,bb26_pec_ti090_pi000,90.0,0.0,0.63999999,-0.127131864,-0.376036793,-0.00190926739,0.000837120111
bb26,bb26_pec_ti090_pi000,90.0,0.0,0.64999998,-0.230974168,-0.33941555,-0.00133774895,0.00190090516
bb26,bb26_pec_ti090_pi000,90.0,0.0,0.66000003,-0.321348697,-0.277389437,-0.00022289675,0.00246052025
bb26,bb26_pec_ti090_pi000,90.0,0.0,0.67000002,-0.393352389,-0.194618225,0.000987560139,0.00230397703
bb26,bb26_pec_ti090_pi000,90.0,0.0,0.68000001,-0.442608565,-0.0953949317,0.00185209746,0.00157989154
bb26,bb26_pec_ti090_pi000,90.0,0.0,0.69,-0.464080483,0.0150491502,0.0021823768,0.00065529166
bb26,bb26_pec_ti090_pi000,90.0,0.0,0.69999999,-0.453062475,0.128632382,0.00208194717,-0.000147400409
bb26,bb26_pec_ti090_pi000,90.0,0.0,0.70999998,-0.407965899,0.23421976,0.00177671562,-0.00072077068
bb26,bb26_pec_ti090_pi000,90.0,0.0,0.72000003,-0.33262217,0.320053071,0.0014062681,-0.00113413145
bb26,bb26_pec_ti090_pi000,90.0,0.0,0.73000002,-0.235993803,0.377333075,0.000957359036,-0.00145986746
bb26,bb26_pec_ti090_pi000,90.0,0.0,0.74000001,-0.129387349,0.402383089,0.00037284664,-0.00164787145
bb26,bb26_pec_ti090_pi000,90.0,0.0,0.75,-0.0233036969,0.396104127,-0.000296979153,-0.0015654309
bb26,bb26_pec_ti090_pi000,90.0,0.0,0.75999999,0.0738877729,0.361825496,-0.000861720473,-0.00115072285
bb26,bb26_pec_ti090_pi000,90.0,0.0,0.76999998,0.155289754,0.303830981,-0.00111312047,-0.000520075089
bb26,bb26_pec_ti090_pi000,90.0,0.0,0.77999997,0.233394846,0.231178507,-0.00103157363,0.000119509263
bb26,bb26_pec_ti090_pi000,90.0,0.0,0.79000002,0.301158577,0.135789558,-0.000654502423,0.000570051663
bb26,bb26_pec_ti090_pi000,90.0,0.0,0.80000001,0.329711437,0.0218694061,-0.000164351877,0.000662154984
bb26,bb26_pec_ti090_pi000,90.0,0.0,0.81,0.31527102,-0.0934216902,0.000188883088,0.000469678664
bb26,bb26_pec_ti090_pi000,90.0,0.0,0.81999999,0.262437284,-0.193939969,0.000314491364,0.000182444113
bb26,bb26_pec_ti090_pi000,90.0,0.0,0.82999998,0.181216866,-0.26886794,0.000267995201,-6.05129899e-05
bb26,bb26_pec_ti090_pi000,90.0,0.0,0.83999997,0.082374163,-0.313173681,0.000124961793,-0.000224164571
bb26,bb26_pec_ti090_pi000,90.0,0.0,0.85000002,-0.0250050817,-0.324757934,-9.28325971e-05,-0.000298225932
bb26,bb26_pec_ti090_pi000,90.0,0.0,0.86000001,-0.132237107,-0.301903844,-0.000360497244,-0.00022255689
bb26,bb26_pec_ti090_pi000,90.0,0.0,0.87,-0.228501394,-0.244093373,-0.000560603163,6.01770371e-05
bb26,bb26_pec_ti090_pi000,90.0,0.0,0.88,-0.300926149,-0.155450329,-0.000516420405,0.000475262001
bb26,bb26_pec_ti090_pi000,90.0,0.0,0.88999999,-0.338571221,-0.0469446667,-0.000161059463,0.000786967052
bb26,bb26_pec_ti090_pi000,90.0,0.0,0.89999998,-0.337437987,0.0658242032,0.000332248746,0.000764705881
bb26,bb26_pec_ti090_pi000,90.0,0.0,0.91000003,-0.302136719,0.168405876,0.000641039398,0.000415082148
bb26,bb26_pec_ti090_pi000,90.0,0.0,0.92000002,-0.242573217,0.252575427,0.000573946687,3.20126564e-05
bb26,bb26_pec_ti090_pi000,90.0,0.0,0.93000001,-0.168348208,0.316986769,0.000283388479,-3.80691781e-05
bb26,bb26_pec_ti090_pi000,90.0,0.0,0.94,-0.0854395851,0.363581717,0.000173418244,0.000270962977
bb26,bb26_pec_ti090_pi000,90.0,0.0,0.94999999,0.00253545213,0.39344269,0.000544144772,0.000637159683
bb26,bb26_pec_ti090_pi000,90.0,0.0,0.95999998,0.0901954994,0.405575484,0.00129034393,0.00060795137
bb26,bb26_pec_ti090_pi000,90.0,0.0,0.97000003,0.167405024,0.39847213,0.00195141148,1.38037976e-05
bb26,bb26_pec_ti090_pi000,90.0,0.0,0.98000002,0.221029505,0.371128649,0.00208726223,-0.000845897535
bb26,bb26_pec_ti090_pi000,90.0,0.0,0.99000001,0.242894039,0.322671115,0.00164154673,-0.00144242321
bb26,bb26_pec_ti090_pi000,90.0,0.0,1,0.237594739,0.255984247,0.000971664675,-0.00147879473
bb7c,bb7c_pec_ti090_pi000,90.0,0.0,0.1,-0.0961405784,-0.0194872133,-2.70184864e-05,-0.000121583791
bb7c,bb7c_pec_ti090_pi000,90.0,0.0,0.11,-0.197862834,0.0221779514,-0.000173483946,-0.000141413737
bb7c,bb7c_pec_ti090_pi000,90.0,0.0,0.12,-0.296828419,0.130392179,-0.000336025609,-5.28960809e-05
bb7c,bb7c_pec_ti090_pi000,90.0,0.0,0.13,-0.319807231,0.288725585,-0.000408318418,0.000137346462
bb7c,bb7c_pec_ti090_pi000,90.0,0.0,0.14,-0.217641652,0.442210883,-0.000321193074,0.000348650559
bb7c,bb7c_pec_ti090_pi000,90.0,0.0,0.15000001,-0.00881918892,0.515013158,-9.77744276e-05,0.000469100516
bb7c,bb7c_pec_ti090_pi000,90.0,0.0,0.16,0.228412747,0.455909878,0.000161231801,0.000431940891
bb7c,bb7c_pec_ti090_pi000,90.0,0.0,0.17,0.399863601,0.276496649,0.000343767286,0.00025861754
bb7c,bb7c_pec_ti090_pi000,90.0,0.0,0.18000001,0.447272629,0.0456085727,0.000392566842,3.3604083e-05
bb7c,bb7c_pec_ti090_pi000,90.0,0.0,0.19,0.374938548,-0.153656781,0.000322076346,-0.000157908711
bb7c,bb7c_pec_ti090_pi000,90.0,0.0,0.2,0.235317498,-0.269850403,0.000184111021,-0.000273047714
bb7c,bb7c_pec_ti090_pi000,90.0,0.0,0.20999999,0.0893348232,-0.300381571,2.51998463e-05,-0.000307650596
bb7c,bb7c_pec_ti090_pi000,90.0,0.0,0.22,-0.0268383883,-0.274793267,-0.000125229868,-0.000268475298
bb7c,bb7c_pec_ti090_pi000,90.0,0.0,0.23,-0.108104542,-0.224686086,-0.00023885796,-0.000161574542
bb7c,bb7c_pec_ti090_pi000,90.0,0.0,0.23999999,-0.164362743,-0.165392861,-0.000280067325,-8.0253094e-06
bb7c,bb7c_pec_ti090_pi000,90.0,0.0,0.25,-0.202033788,-0.0982311964,-0.000226694348,0.000141766606
bb7c,bb7c_pec_ti090_pi000,90.0,0.0,0.25999999,-0.21850194,-0.0232112538,-0.000100000805,0.000226289922
bb7c,bb7c_pec_ti090_pi000,90.0,0.0,0.27000001,-0.208843157,0.0529866554,3.65296946e-05,0.000216667278
bb7c,bb7c_pec_ti090_pi000,90.0,0.0,0.28,-0.17373465,0.119418755,0.000120436962,0.00014220849
bb7c,bb7c_pec_ti090_pi000,90.0,0.0,0.28999999,-0.120221823,0.167731479,0.00013912638,6.52024173e-05
bb7c,bb7c_pec_ti090_pi000,90.0,0.0,0.30000001,-0.056783475,0.195151746,0.000133723181,2.31855356e-05
bb7c,bb7c_pec_ti090_pi000,90.0,0.0,0.31,0.0104650576,0.201864257,0.000149490807,-4.48415403e-06
bb7c,bb7c_pec_ti090_pi000,90.0,0.0,0.31999999,0.0767896101,0.187613204,0.000180666146,-6.86071144e-05
bb7c,bb7c_pec_ti090_pi000,90.0,0.0,0.33000001,0.139539614,0.166914538,0.000186194855,-0.000191988918
bb7c,bb7c_pec_ti090_pi000,90.0,0.0,0.34,0.203774661,0.141942218,0.000112146176,-0.000357061072
bb7c,bb7c_pec_ti090_pi000,90.0,0.0,0.34999999,0.26336965,0.0998607725,-8.37201442e-05,-0.000484354765
bb7c,bb7c_pec_ti090_pi000,90.0,0.0,0.36000001,0.314390212,0.0456514992,-0.000354738469,-0.000490756996
bb7c,bb7c_pec_ti090_pi000,90.0,0.0,0.37,0.357247502,-0.0156784058,-0.000602484681,-0.000356410979
bb7c,bb7c_pec_ti090_pi000,90.0,0.0,0.38,0.393965423,-0.0832838565,-0.000748852908,-0.000143439902
bb7c,bb7c_pec_ti090_pi000,90.0,0.0,0.38999999,0.422629684,-0.161081985,-0.000794428983,5.62609639e-05
bb7c,bb7c_pec_ti090_pi000,90.0,0.0,0.40000001,0.433782667,-0.253546149,-0.000807585428,0.000201564078
bb7c,bb7c_pec_ti090_pi000,90.0,0.0,0.41,0.412448108,-0.35934487,-0.000850305951,0.000337274221
bb7c,bb7c_pec_ti090_pi000,90.0,0.0,0.41999999,0.34504962,-0.467243999,-0.000907766283,0.000549063494
bb7c,bb7c_pec_ti090_pi000,90.0,0.0,0.43000001,0.226870641,-0.557299018,-0.000886410184,0.000877865823
bb7c,bb7c_pec_ti090_pi000,90.0,0.0,0.44,0.0659549981,-0.606775641,-0.000681636098,0.00127069396
bb7c,bb7c_pec_ti090_pi000,90.0,0.0,0.44999999,-0.117814735,-0.597493827,-0.000251246936,0.00160763331
bb7c,bb7c_pec_ti090_pi000,90.0,0.0,0.46000001,-0.297093928,-0.521394014,0.000367714849,0.00176776748
bb7c,bb7c_pec_ti090_pi000,90.0,0.0,0.47,-0.442857802,-0.383139163,0.0010937769,0.00166621455
bb7c,bb7c_pec_ti090_pi000,90.0,0.0,0.47999999,-0.53032738,-0.199966535,0.00182633975,0.00124058255
bb7c,bb7c_pec_ti090_pi000,90.0,0.0,0.49000001,-0.544462264,0.00101600972,0.00241918117,0.000439791038
bb7c,bb7c_pec_ti090_pi000,90.0,0.0,0.5,-0.483996809,0.188238025,0.00264378847,-0.000719835516
bb7c,bb7c_pec_ti090_pi000,90.0,0.0,0.50999999,-0.362247378,0.333055347,0.00223557581,-0.00204699277
bb7c,bb7c_pec_ti090_pi000,90.0,0.0,0.51999998,-0.203496277,0.416738123,0.00106016337,-0.00312893232
bb7c,bb7c_pec_ti090_pi000,90.0,0.0,0.52999997,-0.0359813087,0.434024304,-0.000695091556,-0.00345815532
bb7c,bb7c_pec_ti090_pi000,90.0,0.0,0.54000002,0.115308948,0.391810805,-0.00247929199,-0.00271370565
bb7c,bb7c_pec_ti090_pi000,90.0,0.0,0.55000001,0.232824117,0.304479897,-0.00358770159,-0.00102001254
bb7c,bb7c_pec_ti090_pi000,90.0,0.0,0.56,0.342847705,0.212507442,-0.00395786995,0.00114086003
bb7c,bb7c_pec_ti090_pi000,90.0,0.0,0.56999999,0.417249501,0.0829394311,-0.00296663051,0.00327721471
bb7c,bb7c_pec_ti090_pi000,90.0,0.0,0.57999998,0.443618029,-0.0710280314,-0.000868087634,0.00452658674
bb7c,bb7c_pec_ti090_pi000,90.0,0.0,0.58999997,0.414234161,-0.231461436,0.00156966853,0.00439712172
bb7c,bb7c_pec_ti090_pi000,90.0,0.0,0.60000002,0.32889533,-0.377718508,0.00346811977,0.00301792147
bb7c,bb7c_pec_ti090_pi000,90.0,0.0,0.61000001,0.195954278,-0.490712911,0.00428899517,0.00101734849
bb7c,bb7c_pec_ti090_pi000,90.0,0.0,0.62,0.0300808344,-0.55704093,0.00404000236,-0.000869834272
bb7c,bb7c_pec_ti090_pi000,90.0,0.0,0.63,-0.151869059,-0.570317447,0.00313449721,-0.00218483619
bb7c,bb7c_pec_ti090_pi000,90.0,0.0,0.63999999,-0.333768874,-0.529566765,0.00205520843,-0.00287564518
bb7c,bb7c_pec_ti090_pi000,90.0,0.0,0.64999998,-0.500293493,-0.437308908,0.00108263269,-0.00314977346
bb7c,bb7c_pec_ti090_pi000,90.0,0.0,0.66000003,-0.635755777,-0.299990922,0.000249832141,-0.00322222617
bb7c,bb7c_pec_ti090_pi000,90.0,0.0,0.67000002,-0.724900365,-0.130339831,-0.000516173081,-0.00316509651
bb7c,bb7c_pec_ti090_pi000,90.0,0.0,0.68000001,-0.756803989,0.0517505668,-0.00123350136,-0.00293408381
bb7c,bb7c_pec_ti090_pi000,90.0,0.0,0.69,-0.729384363,0.222784072,-0.00182002713,-0.00249098102
bb7c,bb7c_pec_ti090_pi000,90.0,0.0,0.69999999,-0.650643647,0.362734258,-0.00216775131,-0.00188726373
bb7c,bb7c_pec_ti090_pi000,90.0,0.0,0.70999998,-0.535291672,0.460946769,-0.00223933719,-0.00124646979
bb7c,bb7c_pec_ti090_pi000,90.0,0.0,0.72000003,-0.399163812,0.516543686,-0.00209529139,-0.000684989092
bb7c,bb7c_pec_ti090_pi000,90.0,0.0,0.73000002,-0.25534597,0.533713281,-0.00184209063,-0.000252241676
bb7c,bb7c_pec_ti090_pi000,90.0,0.0,0.74000001,-0.114044234,0.516645133,-0.00156217115,6.61510421e-05
bb7c,bb7c_pec_ti090_pi000,90.0,0.0,0.75,0.0152071565,0.46835044,-0.00128581712,0.000303134439
bb7c,bb7c_pec_ti090_pi000,90.0,0.0,0.75999999,0.122430243,0.393177003,-0.00101309724,0.000472807267
bb7c,bb7c_pec_ti090_pi000,90.0,0.0,0.76999998,0.199068099,0.299404144,-0.000749700179,0.000570495671
bb7c,bb7c_pec_ti090_pi000,90.0,0.0,0.77999997,0.263696522,0.204336196,-0.000534746854,0.00065446971
bb7c,bb7c_pec_ti090_pi000,90.0,0.0,0.79000002,0.31461823,0.0998315811,-0.000359866157,0.000738896022
bb7c,bb7c_pec_ti090_pi000,90.0,0.0,0.80000001,0.327352077,-0.012621942,-0.000210335769,0.000811665319
bb7c,bb7c_pec_ti090_pi000,90.0,0.0,0.81,0.303867429,-0.121420152,-4.65533267e-05,0.000916247198
bb7c,bb7c_pec_ti090_pi000,90.0,0.0,0.81999999,0.247412056,-0.217460394,0.000207403951,0.00104006391
bb7c,bb7c_pec_ti090_pi000,90.0,0.0,0.82999998,0.161891997,-0.291866541,0.000602455228,0.00109420705
bb7c,bb7c_pec_ti090_pi000,90.0,0.0,0.83999997,0.0539384112,-0.335223138,0.00110289583,0.000953131472
bb7c,bb7c_pec_ti090_pi000,90.0,0.0,0.85000002,-0.0653355867,-0.339780122,0.00157580385,0.000534935331
bb7c,bb7c_pec_ti090_pi000,90.0,0.0,0.86000001,-0.181379601,-0.302708656,0.00184891443,-0.000133910973
bb7c,bb7c_pec_ti090_pi000,90.0,0.0,0.87,-0.279548109,-0.227541715,0.00180015061,-0.000920655148
bb7c,bb7c_pec_ti090_pi000,90.0,0.0,0.88,-0.348248184,-0.122953042,0.00141220447,-0.00165483856
bb7c,bb7c_pec_ti090_pi000,90.0,0.0,0.88999999,-0.38027221,-0.000384937361,0.000753765577,-0.00220735744
bb7c,bb7c_pec_ti090_pi000,90.0,0.0,0.89999998,-0.372811735,0.127835095,-8.60103974e-05,-0.00251643034
bb7c,bb7c_pec_ti090_pi000,90.0,0.0,0.91000003,-0.327326447,0.249858335,-0.00104144379,-0.00255031465
bb7c,bb7c_pec_ti090_pi000,90.0,0.0,0.92000002,-0.249353737,0.355971277,-0.00205082051,-0.00226407289
bb7c,bb7c_pec_ti090_pi000,90.0,0.0,0.93000001,-0.147472724,0.440445632,-0.00300698355,-0.00161494082
bb7c,bb7c_pec_ti090_pi000,90.0,0.0,0.94,-0.0317183957,0.502321243,-0.00375475036,-0.000637597404
bb7c,bb7c_pec_ti090_pi000,90.0,0.0,0.94999999,0.08639016,0.544239104,-0.00417049974,0.000493022148
bb7c,bb7c_pec_ti090_pi000,90.0,0.0,0.95999998,0.190202877,0.568849385,-0.00425453531,0.00148141291
bb7c,bb7c_pec_ti090_pi000,90.0,0.0,0.97000003,0.255372584,0.569960177,-0.00409805402,0.00202612067
bb7c,bb7c_pec_ti090_pi000,90.0,0.0,0.98000002,0.267847866,0.524754345,-0.00371496053,0.00204715505
bb7c,bb7c_pec_ti090_pi000,90.0,0.0,0.99000001,0.250291169,0.424025357,-0.00309186452,0.00184964167
bb7c,bb7c_pec_ti090_pi000,90.0,0.0,1,0.229196385,0.301506817,-0.0023545709,0.00175691443
bb7d,bb7d_pec_ti090_pi000,90.0,0.0,0.1,-0.0450045168,0.00281094573,-0.000101339167,-1.41268029e-05
bb7d,bb7d_pec_ti090_pi000,90.0,0.0,0.11,-0.0760301575,0.0141894789,-0.000158988405,2.05673441e-05
bb7d,bb7d_pec_ti090_pi000,90.0,0.0,0.12,-0.110845208,0.0344517566,-0.000203862757,6.42555387e-05
bb7d,bb7d_pec_ti090_pi000,90.0,0.0,0.13,-0.134612963,0.0638450384,-0.000220369882,0.000103365761
bb7d,bb7d_pec_ti090_pi000,90.0,0.0,0.14,-0.136261284,0.102577299,-0.000211902166,0.000136778195
bb7d,bb7d_pec_ti090_pi000,90.0,0.0,0.15000001,-0.113208018,0.146037638,-0.000193200089,0.000172175787
bb7d,bb7d_pec_ti090_pi000,90.0,0.0,0.16,-0.0662889555,0.185334608,-0.000167149992,0.000220890899
bb7d,bb7d_pec_ti090_pi000,90.0,0.0,0.17,0.00229693507,0.209403664,-0.000117694319,0.000286331866
bb7d,bb7d_pec_ti090_pi000,90.0,0.0,0.18000001,0.0861807242,0.205509171,-2.35520492e-05,0.00035059682
bb7d,bb7d_pec_ti090_pi000,90.0,0.0,0.19,0.170604557,0.162841648,0.000118413998,0.00037682004
bb7d,bb7d_pec_ti090_pi000,90.0,0.0,0.2,0.232830673,0.0805450082,0.000280214183,0.000331430463
bb7d,bb7d_pec_ti090_pi000,90.0,0.0,0.20999999,0.251124889,-0.0259506665,0.000415071147,0.000209795893
bb7d,bb7d_pec_ti090_pi000,90.0,0.0,0.22,0.217981979,-0.128597081,0.000487827027,4.08179694e-05
bb7d,bb7d_pec_ti090_pi000,90.0,0.0,0.23,0.146423474,-0.201344222,0.000496678753,-0.000137747193
bb7d,bb7d_pec_ti090_pi000,90.0,0.0,0.23999999,0.0614487752,-0.235422105,0.000461969787,-0.000312726537
bb7d,bb7d_pec_ti090_pi000,90.0,0.0,0.25,-0.0184881203,-0.241428122,0.000387258478,-0.000502182171
bb7d,bb7d_pec_ti090_pi000,90.0,0.0,0.25999999,-0.0941200182,-0.234321371,0.000230203223,-0.000718644471
bb7d,bb7d_pec_ti090_pi000,90.0,0.0,0.27000001,-0.178980559,-0.213523746,-7.73382562e-05,-0.000914126053
bb7d,bb7d_pec_ti090_pi000,90.0,0.0,0.28,-0.277195513,-0.157400563,-0.000557801337,-0.00096129789
bb7d,bb7d_pec_ti090_pi000,90.0,0.0,0.28999999,-0.364716917,-0.0408525728,-0.00111485273,-0.000709404179
bb7d,bb7d_pec_ti090_pi000,90.0,0.0,0.30000001,-0.393464863,0.135796309,-0.0015280369,-9.5606214e-05
bb7d,bb7d_pec_ti090_pi000,90.0,0.0,0.31,-0.319986969,0.330844998,-0.00154626125,0.000763117976
bb7d,bb7d_pec_ti090_pi000,90.0,0.0,0.31999999,-0.138947681,0.474531025,-0.00103706424,0.00157658046
bb7d,bb7d_pec_ti090_pi000,90.0,0.0,0.33000001,0.0935087129,0.542455196,-0.000171907828,0.00213509193
bb7d,bb7d_pec_ti090_pi000,90.0,0.0,0.34,0.348314732,0.53157258,0.000928816327,0.00234427419
bb7d,bb7d_pec_ti090_pi000,90.0,0.0,0.34999999,0.586664319,0.406863153,0.00209650421,0.00197902042
bb7d,bb7d_pec_ti090_pi000,90.0,0.0,0.36000001,0.75604862,0.196516737,0.00300630019,0.00108510104
bb7d,bb7d_pec_ti090_pi000,90.0,0.0,0.37,0.831743181,-0.0504349396,0.00342592015,-0.000108998378
bb7d,bb7d_pec_ti090_pi000,90.0,0.0,0.38,0.81836766,-0.287297338,0.00330197508,-0.00130037789
bb7d,bb7d_pec_ti090_pi000,90.0,0.0,0.38999999,0.736535311,-0.485089391,0.00274651404,-0.0022446767
bb7d,bb7d_pec_ti090_pi000,90.0,0.0,0.40000001,0.607070923,-0.633461237,0.00194362469,-0.00283335173
bb7d,bb7d_pec_ti090_pi000,90.0,0.0,0.41,0.443943024,-0.73156029,0.00104776234,-0.00307675241
bb7d,bb7d_pec_ti090_pi000,90.0,0.0,0.41999999,0.257377386,-0.778763771,0.00014375661,-0.00302226888
bb7d,bb7d_pec_ti090_pi000,90.0,0.0,0.43000001,0.0602351166,-0.772396863,-0.000713487971,-0.0026845471
bb7d,bb7d_pec_ti090_pi000,90.0,0.0,0.44,-0.129714936,-0.711876988,-0.00142725732,-0.00205176487
bb7d,bb7d_pec_ti090_pi000,90.0,0.0,0.44999999,-0.293406337,-0.603315711,-0.00183441618,-0.00116575987
bb7d,bb7d_pec_ti090_pi000,90.0,0.0,0.46000001,-0.416248888,-0.459726393,-0.0017755474,-0.000203106654
bb7d,bb7d_pec_ti090_pi000,90.0,0.0,0.47,-0.491266936,-0.297080815,-0.00122894417,0.000533740676
bb7d,bb7d_pec_ti090_pi000,90.0,0.0,0.47999999,-0.517994225,-0.130051523,-0.000408595399,0.000749834406
bb7d,bb7d_pec_ti090_pi000,90.0,0.0,0.49000001,-0.49931258,0.0294800308,0.000275324797,0.000352334115
bb7d,bb7d_pec_ti090_pi000,90.0,0.0,0.5,-0.439424008,0.171312287,0.000412080408,-0.000427180959
bb7d,bb7d_pec_ti090_pi000,90.0,0.0,0.50999999,-0.344151616,0.285578191,-0.000156265523,-0.00109539728
bb7d,bb7d_pec_ti090_pi000,90.0,0.0,0.51999998,-0.222308114,0.363051623,-0.0011887406,-0.00114573527
bb7d,bb7d_pec_ti090_pi000,90.0,0.0,0.52999997,-0.0862168595,0.396990061,-0.00212590885,-0.000359938305
bb7d,bb7d_pec_ti090_pi000,90.0,0.0,0.54000002,0.0493950173,0.385086209,-0.00237752241,0.00102758815
bb7d,bb7d_pec_ti090_pi000,90.0,0.0,0.55000001,0.169495434,0.330387145,-0.00165475078,0.00242110388
bb7d,bb7d_pec_ti090_pi000,90.0,0.0,0.56,0.29131636,0.270539343,-0.000170140469,0.00354642142
bb7d,bb7d_pec_ti090_pi000,90.0,0.0,0.56999999,0.39176774,0.166230053,0.00194862683,0.00365658919
bb7d,bb7d_pec_ti090_pi000,90.0,0.0,0.57999998,0.454573244,0.0256138928,0.00397649501,0.00248761685
bb7d,bb7d_pec_ti090_pi000,90.0,0.0,0.58999997,0.467016727,-0.136904076,0.00517027359,0.000281839777
bb7d,bb7d_pec_ti090_pi000,90.0,0.0,0.60000002,0.422661185,-0.302549452,0.00509172073,-0.00233500847
bb7d,bb7d_pec_ti090_pi000,90.0,0.0,0.61000001,0.322787285,-0.451446861,0.00374806835,-0.00464474456
bb7d,bb7d_pec_ti090_pi000,90.0,0.0,0.62,0.175820023,-0.566133976,0.00150578225,-0.00611278228
bb7d,bb7d_pec_ti090_pi000,90.0,0.0,0.63,-0.00485605048,-0.633954644,-0.00112250808,-0.00651011057
bb7d,bb7d_pec_ti090_pi000,90.0,0.0,0.63999999,-0.203415006,-0.647745132,-0.00366728567,-0.00587034831
bb7d,bb7d_pec_ti090_pi000,90.0,0.0,0.64999998,-0.403254211,-0.605390966,-0.00578176929,-0.00437642075
bb7d,bb7d_pec_ti090_pi000,90.0,0.0,0.66000003,-0.587590039,-0.509402275,-0.00723250723,-0.00227782177
bb7d,bb7d_pec_ti090_pi000,90.0,0.0,0.67000002,-0.739771664,-0.367148638,-0.0078763999,0.000133032721
bb7d,bb7d_pec_ti090_pi000,90.0,0.0,0.68000001,-0.844328523,-0.191324353,-0.00766944652,0.00252851052
bb7d,bb7d_pec_ti090_pi000,90.0,0.0,0.69,-0.88918519,0.000571882585,-0.00668883557,0.00458568335
bb7d,bb7d_pec_ti090_pi000,90.0,0.0,0.69999999,-0.868540168,0.18855603,-0.00512366183,0.00605590036
bb7d,bb7d_pec_ti090_pi000,90.0,0.0,0.70999998,-0.785211802,0.353730232,-0.00322295283,0.00681624888
bb7d,bb7d_pec_ti090_pi000,90.0,0.0,0.72000003,-0.650873125,0.481472731,-0.00123504305,0.00686529977
bb7d,bb7d_pec_ti090_pi000,90.0,0.0,0.73000002,-0.483418167,0.563049912,0.000621948682,0.00627777865
bb7d,bb7d_pec_ti090_pi000,90.0,0.0,0.74000001,-0.302608192,0.59565413,0.00215732469,0.00516938744
bb7d,bb7d_pec_ti090_pi000,90.0,0.0,0.75,-0.126364201,0.581415355,0.00320662581,0.00369966775
bb7d,bb7d_pec_ti090_pi000,90.0,0.0,0.75999999,0.0309078395,0.526043534,0.00366287003,0.00208685268
bb7d,bb7d_pec_ti090_pi000,90.0,0.0,0.76999998,0.158372551,0.437834442,0.00352801429,0.000586236827
bb7d,bb7d_pec_ti090_pi000,90.0,0.0,0.77999997,0.275552183,0.341228038,0.00311303069,-0.000712533889
bb7d,bb7d_pec_ti090_pi000,90.0,0.0,0.79000002,0.381023347,0.221092179,0.00242443359,-0.0017853661
bb7d,bb7d_pec_ti090_pi000,90.0,0.0,0.80000001,0.436150581,0.0706065521,0.00146240648,-0.00241671712
bb7d,bb7d_pec_ti090_pi000,90.0,0.0,0.81,0.433513194,-0.0892041177,0.000453648798,-0.00262059062
bb7d,bb7d_pec_ti090_pi000,90.0,0.0,0.81999999,0.374844223,-0.236680239,-0.000469887658,-0.00248912536
bb7d,bb7d_pec_ti090_pi000,90.0,0.0,0.82999998,0.269593656,-0.353757948,-0.00125459582,-0.00210175733
bb7d,bb7d_pec_ti090_pi000,90.0,0.0,0.83999997,0.131648511,-0.428066313,-0.00185776746,-0.00150381634
bb7d,bb7d_pec_ti090_pi000,90.0,0.0,0.85000002,-0.023519665,-0.452591717,-0.00221648789,-0.000752437045
bb7d,bb7d_pec_ti090_pi000,90.0,0.0,0.86000001,-0.179909974,-0.424549729,-0.00228705793,4.6170906e-05
bb7d,bb7d_pec_ti090_pi000,90.0,0.0,0.87,-0.320969492,-0.345330983,-0.00210023508,0.000769439212
bb7d,bb7d_pec_ti090_pi000,90.0,0.0,0.88,-0.430409372,-0.221640885,-0.00175266154,0.0013548343
bb7d,bb7d_pec_ti090_pi000,90.0,0.0,0.88999999,-0.49479118,-0.0661112964,-0.0013252917,0.00183203712
bb7d,bb7d_pec_ti090_pi000,90.0,0.0,0.89999998,-0.506701291,0.104352102,-0.00080922537,0.0022619355
bb7d,bb7d_pec_ti090_pi000,90.0,0.0,0.91000003,-0.466292202,0.272304803,-0.000124698869,0.00263527967
bb7d,bb7d_pec_ti090_pi000,90.0,0.0,0.92000002,-0.380232185,0.423572421,0.000773787266,0.00283885025
bb7d,bb7d_pec_ti090_pi000,90.0,0.0,0.93000001,-0.259303927,0.549288809,0.00180919084,0.00273758336
bb7d,bb7d_pec_ti090_pi000,90.0,0.0,0.94,-0.116993092,0.646086037,0.00280614127,0.00230453722
bb7d,bb7d_pec_ti090_pi000,90.0,0.0,0.94999999,0.0293679833,0.71542275,0.00360925752,0.00167900592
bb7d,bb7d_pec_ti090_pi000,90.0,0.0,0.95999998,0.155272618,0.760494053,0.004165967,0.0011005603
bb7d,bb7d_pec_ti090_pi000,90.0,0.0,0.97000003,0.23044467,0.774264038,0.00445500761,0.000754129258
bb7d,bb7d_pec_ti090_pi000,90.0,0.0,0.98000002,0.245711416,0.727990091,0.00437489292,0.000569080294
bb7d,bb7d_pec_ti090_pi000,90.0,0.0,0.99000001,0.239907846,0.609974146,0.0039107129,0.000242755093
bb7d,bb7d_pec_ti090_pi000,90.0,0.0,1,0.245386481,0.458859384,0.00321741751,-0.000308032817
bbc6,bbc6_pec_ti090_pi000,90.0,0.0,0.1,-0.218419522,0.0747299641,8.04752999e-05,5.95230958e-05
bbc6,bbc6_pec_ti090_pi000,90.0,0.0,0.11,-0.270368755,0.228669062,9.79882388e-05,-9.83457994e-06
bbc6,bbc6_pec_ti090_pi000,90.0,0.0,0.12,-0.242217362,0.399137169,4.27205741e-05,-7.43098572e-05
bbc6,bbc6_pec_ti090_pi000,90.0,0.0,0.13,-0.114845157,0.51963371,-5.97603248e-05,-7.37434675e-05
bbc6,bbc6_pec_ti090_pi000,90.0,0.0,0.14,0.0820157602,0.539797187,-0.000136511459,1.38124187e-05
bbc6,bbc6_pec_ti090_pi000,90.0,0.0,0.15000001,0.279621124,0.445422918,-0.000119238568,0.000143754616
bbc6,bbc6_pec_ti090_pi000,90.0,0.0,0.16,0.409465849,0.264994144,3.43556565e-07,0.000229870275
bbc6,bbc6_pec_ti090_pi000,90.0,0.0,0.17,0.437011302,0.057036899,0.000159100513,0.000208159952
bbc6,bbc6_pec_ti090_pi000,90.0,0.0,0.18000001,0.371954799,-0.118550383,0.000268980279,8.51380028e-05
bbc6,bbc6_pec_ti090_pi000,90.0,0.0,0.19,0.254483938,-0.226665065,0.000282903842,-7.35199501e-05
bbc6,bbc6_pec_ti090_pi000,90.0,0.0,0.2,0.129627004,-0.265499741,0.000219424095,-0.000203583215
bbc6,bbc6_pec_ti090_pi000,90.0,0.0,0.20999999,0.0263449326,-0.256166548,0.000123201666,-0.000291955977
bbc6,bbc6_pec_ti090_pi000,90.0,0.0,0.22,-0.0483894907,-0.224106476,3.41461919e-06,-0.000362716382
bbc6,bbc6_pec_ti090_pi000,90.0,0.0,0.23,-0.101836123,-0.185228318,-0.000178418006,-0.000411332294
bbc6,bbc6_pec_ti090_pi000,90.0,0.0,0.23999999,-0.143216565,-0.143110797,-0.000444791949,-0.00036088968
bbc6,bbc6_pec_ti090_pi000,90.0,0.0,0.25,-0.175877199,-0.0947591588,-0.00071920862,-0.000106222193
bbc6,bbc6_pec_ti090_pi000,90.0,0.0,0.25999999,-0.196887359,-0.0379740559,-0.00081929157,0.000370834372
bbc6,bbc6_pec_ti090_pi000,90.0,0.0,0.27000001,-0.201205119,0.0249786284,-0.00056651741,0.00091617729
bbc6,bbc6_pec_ti090_pi000,90.0,0.0,0.28,-0.185770869,0.0881379694,5.75725826e-05,0.00124671636
bbc6,bbc6_pec_ti090_pi000,90.0,0.0,0.28999999,-0.150981724,0.144575089,0.000841496978,0.00111912284
bbc6,bbc6_pec_ti090_pi000,90.0,0.0,0.30000001,-0.0999153852,0.188490584,0.0014387992,0.000503602205
bbc6,bbc6_pec_ti090_pi000,90.0,0.0,0.31,-0.0369317457,0.2158456,0.00157092721,-0.000378167635
bbc6,bbc6_pec_ti090_pi000,90.0,0.0,0.31999999,0.0332768001,0.224050298,0.00118493184,-0.00118594838
bbc6,bbc6_pec_ti090_pi000,90.0,0.0,0.33000001,0.104826927,0.228275284,0.000536934589,-0.00174320803
bbc6,bbc6_pec_ti090_pi000,90.0,0.0,0.34,0.185917199,0.233283147,-0.000236239488,-0.00208845898
bbc6,bbc6_pec_ti090_pi000,90.0,0.0,0.34999999,0.280823469,0.219057143,-0.00113784138,-0.0021597317
bbc6,bbc6_pec_ti090_pi000,90.0,0.0,0.36000001,0.386520475,0.177738652,-0.00212310161,-0.00193785015
bbc6,bbc6_pec_ti090_pi000,90.0,0.0,0.37,0.494514793,0.100360893,-0.00313984556,-0.00133657258
bbc6,bbc6_pec_ti090_pi000,90.0,0.0,0.38,0.588588297,-0.0196870528,-0.00401319424,-0.000239808724
bbc6,bbc6_pec_ti090_pi000,90.0,0.0,0.38999999,0.645505965,-0.181346491,-0.00441463711,0.00134532666
bbc6,bbc6_pec_ti090_pi000,90.0,0.0,0.40000001,0.640304208,-0.371082604,-0.00400079042,0.00314461393
bbc6,bbc6_pec_ti090_pi000,90.0,0.0,0.41,0.555284142,-0.561762869,-0.00265879417,0.00463944115
bbc6,bbc6_pec_ti090_pi000,90.0,0.0,0.41999999,0.389015168,-0.717380464,-0.000670422276,0.00530058937
bbc6,bbc6_pec_ti090_pi000,90.0,0.0,0.43000001,0.160657719,-0.803045869,0.0013660359,0.00489683263
bbc6,bbc6_pec_ti090_pi000,90.0,0.0,0.44,-0.0933092907,-0.79651767,0.00284310896,0.00365027925
bbc6,bbc6_pec_ti090_pi000,90.0,0.0,0.44999999,-0.329212397,-0.696049154,0.00347648491,0.00210302835
bbc6,bbc6_pec_ti090_pi000,90.0,0.0,0.46000001,-0.508980095,-0.520770133,0.00342037529,0.000776402885
bbc6,bbc6_pec_ti090_pi000,90.0,0.0,0.47,-0.6100927,-0.303556234,0.00308163115,-0.000128834363
bbc6,bbc6_pec_ti090_pi000,90.0,0.0,0.47999999,-0.628773391,-0.0801042616,0.00278248428,-0.000771647959
bbc6,bbc6_pec_ti090_pi000,90.0,0.0,0.49000001,-0.576183021,0.120554321,0.00253709801,-0.00143749651
bbc6,bbc6_pec_ti090_pi000,90.0,0.0,0.5,-0.470843047,0.280360103,0.00210655201,-0.00223718327
bbc6,bbc6_pec_ti090_pi000,90.0,0.0,0.50999999,-0.33179602,0.391015291,0.00126460753,-0.0029856998
bbc6,bbc6_pec_ti090_pi000,90.0,0.0,0.51999998,-0.175504029,0.449978411,3.8402035e-05,-0.00334735983
bbc6,bbc6_pec_ti090_pi000,90.0,0.0,0.52999997,-0.0164655373,0.457250237,-0.00127558713,-0.00310672564
bbc6,bbc6_pec_ti090_pi000,90.0,0.0,0.54000002,0.130891234,0.41495052,-0.00231764792,-0.0023300068
bbc6,bbc6_pec_ti090_pi000,90.0,0.0,0.55000001,0.251753211,0.329076529,-0.00290285912,-0.00129009131
bbc6,bbc6_pec_ti090_pi000,90.0,0.0,0.56,0.370281041,0.236137524,-0.00343848672,-0.000277016661
bbc6,bbc6_pec_ti090_pi000,90.0,0.0,0.56999999,0.453499794,0.101039886,-0.00376102934,0.000890992815
bbc6,bbc6_pec_ti090_pi000,90.0,0.0,0.57999998,0.486643612,-0.0615430623,-0.00385899143,0.00234061223
bbc6,bbc6_pec_ti090_pi000,90.0,0.0,0.58999997,0.461986482,-0.232143655,-0.00346126175,0.00419172458
bbc6,bbc6_pec_ti090_pi000,90.0,0.0,0.60000002,0.379765004,-0.39023912,-0.00210655434,0.0062722899
bbc6,bbc6_pec_ti090_pi000,90.0,0.0,0.61000001,0.247247234,-0.517326057,0.000542451686,0.00798185356
bbc6,bbc6_pec_ti090_pi000,90.0,0.0,0.62,0.0771194324,-0.598790705,0.00435034977,0.00846525747
bbc6,bbc6_pec_ti090_pi000,90.0,0.0,0.63,-0.114027083,-0.62508148,0.0085935602,0.00702528423
bbc6,bbc6_pec_ti090_pi000,90.0,0.0,0.63999999,-0.30726853,-0.592788577,0.0121916039,0.0035108272
bbc6,bbc6_pec_ti090_pi000,90.0,0.0,0.64999998,-0.483555377,-0.505472541,0.01414927,-0.00157414458
bbc6,bbc6_pec_ti090_pi000,90.0,0.0,0.66000003,-0.626516104,-0.373370051,0.0139290597,-0.00729455426
bbc6,bbc6_pec_ti090_pi000,90.0,0.0,0.67000002,-0.724840522,-0.211436585,0.0115460632,-0.0126626128
bbc6,bbc6_pec_ti090_pi000,90.0,0.0,0.68000001,-0.773050547,-0.0362716354,0.00739431521,-0.0169134699
bbc6,bbc6_pec_ti090_pi000,90.0,0.0,0.69,-0.770447552,0.136637837,0.00200128322,-0.0195444971
bbc6,bbc6_pec_ti090_pi000,90.0,0.0,0.69999999,-0.719418049,0.29418394,-0.0040846765,-0.0201968364
bbc6,bbc6_pec_ti090_pi000,90.0,0.0,0.70999998,-0.624741256,0.425440103,-0.0102260457,-0.0185802728
bbc6,bbc6_pec_ti090_pi000,90.0,0.0,0.72000003,-0.494366676,0.521173298,-0.0155828213,-0.0145783052
bbc6,bbc6_pec_ti090_pi000,90.0,0.0,0.73000002,-0.340436906,0.574343801,-0.0191477314,-0.00848639105
bbc6,bbc6_pec_ti090_pi000,90.0,0.0,0.74000001,-0.178745508,0.58180666,-0.0200157147,-0.00118595688
bbc6,bbc6_pec_ti090_pi000,90.0,0.0,0.75,-0.0260477625,0.54598397,-0.01778147,0.00593748828
bbc6,bbc6_pec_ti090_pi000,90.0,0.0,0.75999999,0.103615053,0.474875987,-0.0128320139,0.0113710174
bbc6,bbc6_pec_ti090_pi000,90.0,0.0,0.76999998,0.20155485,0.379919648,-0.00633254042,0.0139943333
bbc6,bbc6_pec_ti090_pi000,90.0,0.0,0.77999997,0.290452033,0.281177163,0.000589244941,0.0143309599
bbc6,bbc6_pec_ti090_pi000,90.0,0.0,0.79000002,0.369555503,0.166083828,0.00718619581,0.0119869346
bbc6,bbc6_pec_ti090_pi000,90.0,0.0,0.80000001,0.406386644,0.0305677168,0.0114832697,0.00682888366
bbc6,bbc6_pec_ti090_pi000,90.0,0.0,0.81,0.395624191,-0.111247785,0.0125017054,0.00063743419
bbc6,bbc6_pec_ti090_pi000,90.0,0.0,0.81999999,0.336270988,-0.242846519,0.0104854563,-0.00469220243
bbc6,bbc6_pec_ti090_pi000,90.0,0.0,0.82999998,0.233822063,-0.3470034,0.00664539216,-0.00790354982
bbc6,bbc6_pec_ti090_pi000,90.0,0.0,0.83999997,0.100843333,-0.409476072,0.00250579184,-0.00876099151
bbc6,bbc6_pec_ti090_pi000,90.0,0.0,0.85000002,-0.0453784317,-0.422586054,-0.000789735292,-0.00791070331
bbc6,bbc6_pec_ti090_pi000,90.0,0.0,0.86000001,-0.18703571,-0.386318058,-0.00286152936,-0.00635569496
bbc6,bbc6_pec_ti090_pi000,90.0,0.0,0.87,-0.309245735,-0.306486428,-0.00401766691,-0.00487394631
bbc6,bbc6_pec_ti090_pi000,90.0,0.0,0.88,-0.400976419,-0.191851526,-0.00484216539,-0.00369963027
bbc6,bbc6_pec_ti090_pi000,90.0,0.0,0.88999999,-0.454088509,-0.0525505431,-0.00574526656,-0.00258916384
bbc6,bbc6_pec_ti090_pi000,90.0,0.0,0.89999998,-0.462749004,0.099598445,-0.00674327416,-0.00114412233
bbc6,bbc6_pec_ti090_pi000,90.0,0.0,0.91000003,-0.424701691,0.250631779,-0.00754191773,0.000867664407
bbc6,bbc6_pec_ti090_pi000,90.0,0.0,0.92000002,-0.343536288,0.385933518,-0.00778740365,0.00339221396
bbc6,bbc6_pec_ti090_pi000,90.0,0.0,0.93000001,-0.229623348,0.493951023,-0.00727688195,0.00618559914
bbc6,bbc6_pec_ti090_pi000,90.0,0.0,0.94,-0.0983625352,0.56995815,-0.00601260085,0.00898673013
bbc6,bbc6_pec_ti090_pi000,90.0,0.0,0.94999999,0.0328392647,0.616974235,-0.00414711982,0.0116093
bbc6,bbc6_pec_ti090_pi000,90.0,0.0,0.95999998,0.145803928,0.641778409,-0.00194758398,0.0138847437
bbc6,bbc6_pec_ti090_pi000,90.0,0.0,0.97000003,0.221594274,0.644814193,0.000201829564,0.015476808
bbc6,bbc6_pec_ti090_pi000,90.0,0.0,0.98000002,0.250558823,0.610117197,0.00200039707,0.0157579277
bbc6,bbc6_pec_ti090_pi000,90.0,0.0,0.99000001,0.250418842,0.522552729,0.00357809034,0.0142839476
bbc6,bbc6_pec_ti090_pi000,90.0,0.0,1,0.246438608,0.399883032,0.00509366579,0.0114539023
bc2c,bc2c_pec_ti090_pi000,90.0,0.0,0.1,-0.106133148,0.00731879659,-0.000368873501,-0.000309807656
bc2c,bc2c_pec_ti090_pi000,90.0,0.0,0.11,-0.161607862,0.043350257,-0.000593856326,7.81237832e-05
bc2c,bc2c_pec_ti090_pi000,90.0,0.0,0.12,-0.195928454,0.1306099,-0.000424411381,0.000486886478
bc2c,bc2c_pec_ti090_pi000,90.0,0.0,0.13,-0.161312908,0.252411962,-5.13837658e-05,0.000616527861
bc2c,bc2c_pec_ti090_pi000,90.0,0.0,0.14,-0.0350960046,0.349676102,0.000233970597,0.000513454317
bc2c,bc2c_pec_ti090_pi000,90.0,0.0,0.15000001,0.149706677,0.355785787,0.000416786905,0.000388373621
bc2c,bc2c_pec_ti090_pi000,90.0,0.0,0.16,0.315869153,0.246909574,0.00066656014,0.000209634833
bc2c,bc2c_pec_ti090_pi000,90.0,0.0,0.17,0.39165926,0.063002184,0.000885903428,-0.000284752925
bc2c,bc2c_pec_ti090_pi000,90.0,0.0,0.18000001,0.356940597,-0.120323025,0.00060256687,-0.00106476608
bc2c,bc2c_pec_ti090_pi000,90.0,0.0,0.19,0.247148484,-0.243170425,-0.000456066395,-0.00148600712
bc2c,bc2c_pec_ti090_pi000,90.0,0.0,0.2,0.117557205,-0.291325212,-0.00172987918,-0.000799639151
bc2c,bc2c_pec_ti090_pi000,90.0,0.0,0.20999999,0.00476937648,-0.285771966,-0.00206151837,0.000896636804
bc2c,bc2c_pec_ti090_pi000,90.0,0.0,0.22,-0.0833101645,-0.25210166,-0.000812436047,0.00239894539
bc2c,bc2c_pec_ti090_pi000,90.0,0.0,0.23,-0.151444152,-0.202078938,0.00127602811,0.00237356359
bc2c,bc2c_pec_ti090_pi000,90.0,0.0,0.23999999,-0.200092196,-0.138092205,0.00256401091,0.000715738861
bc2c,bc2c_pec_ti090_pi000,90.0,0.0,0.25,-0.22446467,-0.0656026453,0.00205299282,-0.00117909885
bc2c,bc2c_pec_ti090_pi000,90.0,0.0,0.25999999,-0.224069759,0.00409810897,0.000452670356,-0.00170268433
bc2c,bc2c_pec_ti090_pi000,90.0,0.0,0.27000001,-0.207366809,0.0622257106,-0.000444897916,-0.000694787654
bc2c,bc2c_pec_ti090_pi000,90.0,0.0,0.28,-0.185332954,0.110245012,0.000374597817,0.000258026907
bc2c,bc2c_pec_ti090_pi000,90.0,0.0,0.28999999,-0.160996467,0.157739341,0.00187882641,-0.000617924554
bc2c,bc2c_pec_ti090_pi000,90.0,0.0,0.30000001,-0.125262022,0.211968496,0.00174180081,-0.00325432606
bc2c,bc2c_pec_ti090_pi000,90.0,0.0,0.31,-0.0630203784,0.26767391,-0.00134996045,-0.00529756071
bc2c,bc2c_pec_ti090_pi000,90.0,0.0,0.31999999,0.0342534482,0.304984033,-0.00595200295,-0.00398038654
bc2c,bc2c_pec_ti090_pi000,90.0,0.0,0.33000001,0.151766941,0.313300788,-0.00885260943,0.00090156676
bc2c,bc2c_pec_ti090_pi000,90.0,0.0,0.34,0.276421785,0.283741891,-0.00776410801,0.0072331652
bc2c,bc2c_pec_ti090_pi000,90.0,0.0,0.34999999,0.388361514,0.197796956,-0.00210943469,0.0116293207
bc2c,bc2c_pec_ti090_pi000,90.0,0.0,0.36000001,0.459076822,0.0673959032,0.00541415717,0.0110624237
bc2c,bc2c_pec_ti090_pi000,90.0,0.0,0.37,0.472790271,-0.0817632452,0.0105782598,0.00562450103
bc2c,bc2c_pec_ti090_pi000,90.0,0.0,0.38,0.43080759,-0.222356543,0.0107222684,-0.00137131708
bc2c,bc2c_pec_ti090_pi000,90.0,0.0,0.38999999,0.346064717,-0.335358679,0.00670386245,-0.0059102294
bc2c,bc2c_pec_ti090_pi000,90.0,0.0,0.40000001,0.234351888,-0.411847591,0.00195450196,-0.00633665314
bc2c,bc2c_pec_ti090_pi000,90.0,0.0,0.41,0.10963808,-0.449104309,-0.000539150031,-0.00427544117
bc2c,bc2c_pec_ti090_pi000,90.0,0.0,0.41999999,-0.0155650945,-0.447509646,-0.000574801583,-0.00266149733
bc2c,bc2c_pec_ti090_pi000,90.0,0.0,0.43000001,-0.129408181,-0.41086638,-0.00030008849,-0.00283836783
bc2c,bc2c_pec_ti090_pi000,90.0,0.0,0.44,-0.2225115,-0.347110122,-0.00160591095,-0.00351553503
bc2c,bc2c_pec_ti090_pi000,90.0,0.0,0.44999999,-0.290301979,-0.26636982,-0.00401943037,-0.00246404065
bc2c,bc2c_pec_ti090_pi000,90.0,0.0,0.46000001,-0.332769603,-0.177753195,-0.00515036611,0.000886517111
bc2c,bc2c_pec_ti090_pi000,90.0,0.0,0.47,-0.352330208,-0.0879564211,-0.00313227624,0.00456835562
bc2c,bc2c_pec_ti090_pi000,90.0,0.0,0.47999999,-0.35263291,-0.00153105415,0.00139959226,0.00570583157
bc2c,bc2c_pec_ti090_pi000,90.0,0.0,0.49000001,-0.338191748,0.0798109844,0.00562707568,0.00300805527
bc2c,bc2c_pec_ti090_pi000,90.0,0.0,0.5,-0.311831951,0.158461317,0.00671325484,-0.0021453076
bc2c,bc2c_pec_ti090_pi000,90.0,0.0,0.50999999,-0.270098776,0.238448441,0.00381867867,-0.00675771991
bc2c,bc2c_pec_ti090_pi000,90.0,0.0,0.51999998,-0.202560097,0.317702055,-0.0015304531,-0.00825665332
bc2c,bc2c_pec_ti090_pi000,90.0,0.0,0.52999997,-0.0999274477,0.381535828,-0.00660759211,-0.00590582145
bc2c,bc2c_pec_ti090_pi000,90.0,0.0,0.54000002,0.0335564278,0.406386375,-0.00905547291,-0.000911192619
bc2c,bc2c_pec_ti090_pi000,90.0,0.0,0.55000001,0.175314218,0.374038607,-0.00793067645,0.00441928394
bc2c,bc2c_pec_ti090_pi000,90.0,0.0,0.56,0.316400141,0.308043271,-0.0042872089,0.00843567029
bc2c,bc2c_pec_ti090_pi000,90.0,0.0,0.56999999,0.423334241,0.18807213,0.00100373791,0.00945117977
bc2c,bc2c_pec_ti090_pi000,90.0,0.0,0.57999998,0.478684664,0.0365167521,0.00562599394,0.00720391795
bc2c,bc2c_pec_ti090_pi000,90.0,0.0,0.58999997,0.479376197,-0.124085724,0.00776612945,0.00308595947
bc2c,bc2c_pec_ti090_pi000,90.0,0.0,0.60000002,0.428927541,-0.277250707,0.00718311127,-0.000758433773
bc2c,bc2c_pec_ti090_pi000,90.0,0.0,0.61000001,0.331598431,-0.409403443,0.00517651346,-0.00289048115
bc2c,bc2c_pec_ti090_pi000,90.0,0.0,0.62,0.194404289,-0.505780101,0.00338920602,-0.00341537409
bc2c,bc2c_pec_ti090_pi000,90.0,0.0,0.63,0.0316289328,-0.552990973,0.00249013817,-0.00347199105
bc2c,bc2c_pec_ti090_pi000,90.0,0.0,0.63999999,-0.136516497,-0.545641243,0.00194003363,-0.00393008301
bc2c,bc2c_pec_ti090_pi000,90.0,0.0,0.64999998,-0.291155249,-0.488544911,0.000934701995,-0.00462606922
bc2c,bc2c_pec_ti090_pi000,90.0,0.0,0.66000003,-0.420125574,-0.391777813,-0.000592695724,-0.00482393289
bc2c,bc2c_pec_ti090_pi000,90.0,0.0,0.67000002,-0.516397417,-0.264794111,-0.0019830002,-0.00422294438
bc2c,bc2c_pec_ti090_pi000,90.0,0.0,0.68000001,-0.573471606,-0.11618688,-0.00272025564,-0.00330462027
bc2c,bc2c_pec_ti090_pi000,90.0,0.0,0.69,-0.584885299,0.0423687324,-0.00304039638,-0.00268672709
bc2c,bc2c_pec_ti090_pi000,90.0,0.0,0.69999999,-0.548683941,0.194870159,-0.00356418639,-0.00234714965
bc2c,bc2c_pec_ti090_pi000,90.0,0.0,0.70999998,-0.470868379,0.325334072,-0.00445499178,-0.00167669146
bc2c,bc2c_pec_ti090_pi000,90.0,0.0,0.72000003,-0.363260895,0.423246413,-0.00514857471,-0.000271964789
bc2c,bc2c_pec_ti090_pi000,90.0,0.0,0.73000002,-0.23827289,0.484572142,-0.0049713715,0.0015048862
bc2c,bc2c_pec_ti090_pi000,90.0,0.0,0.74000001,-0.106186643,0.508639216,-0.00389745575,0.00285617867
bc2c,bc2c_pec_ti090_pi000,90.0,0.0,0.75,0.023570165,0.4957349,-0.0025700808,0.00335559645
bc2c,bc2c_pec_ti090_pi000,90.0,0.0,0.75999999,0.140749156,0.448045522,-0.00161031028,0.0033004405
bc2c,bc2c_pec_ti090_pi000,90.0,0.0,0.76999998,0.235388771,0.371646404,-0.00103683223,0.00326485443
bc2c,bc2c_pec_ti090_pi000,90.0,0.0,0.77999997,0.320494235,0.275149673,-0.000308559946,0.0035663764
bc2c,bc2c_pec_ti090_pi000,90.0,0.0,0.79000002,0.388705283,0.15506281,0.000964122301,0.00379770505
bc2c,bc2c_pec_ti090_pi000,90.0,0.0,0.80000001,0.414010733,0.0213029757,0.00243012421,0.00331002544
bc2c,bc2c_pec_ti090_pi000,90.0,0.0,0.81,0.395254314,-0.111659855,0.00345287705,0.00212226179
bc2c,bc2c_pec_ti090_pi000,90.0,0.0,0.81999999,0.33585465,-0.230033547,0.00374230277,0.000796917884
bc2c,bc2c_pec_ti090_pi000,90.0,0.0,0.82999998,0.243337095,-0.322333395,0.00363279367,-0.000207938909
bc2c,bc2c_pec_ti090_pi000,90.0,0.0,0.83999997,0.127772957,-0.380450279,0.00358679378,-0.00103646331
bc2c,bc2c_pec_ti090_pi000,90.0,0.0,0.85000002,0.00053806731,-0.399289966,0.00354425656,-0.00215634773
bc2c,bc2c_pec_ti090_pi000,90.0,0.0,0.86000001,-0.125403076,-0.376716733,0.00293830084,-0.00363375177
bc2c,bc2c_pec_ti090_pi000,90.0,0.0,0.87,-0.235788852,-0.315544605,0.00139873323,-0.00485593267
bc2c,bc2c_pec_ti090_pi000,90.0,0.0,0.88,-0.318634897,-0.225183934,-0.00067993399,-0.00508926762
bc2c,bc2c_pec_ti090_pi000,90.0,0.0,0.88999999,-0.368907273,-0.118718088,-0.00241648708,-0.00427007303
bc2c,bc2c_pec_ti090_pi000,90.0,0.0,0.89999998,-0.388334334,-0.00646018982,-0.00331412232,-0.00310358172
bc2c,bc2c_pec_ti090_pi000,90.0,0.0,0.91000003,-0.379209429,0.106754191,-0.00375051051,-0.00229639141
bc2c,bc2c_pec_ti090_pi000,90.0,0.0,0.92000002,-0.339785576,0.216416657,-0.00448435871,-0.00175209984
bc2c,bc2c_pec_ti090_pi000,90.0,0.0,0.93000001,-0.268622965,0.312019885,-0.00567946211,-0.000671490852
bc2c,bc2c_pec_ti090_pi000,90.0,0.0,0.94,-0.173523843,0.379975319,-0.00655642105,0.00147859694
bc2c,bc2c_pec_ti090_pi000,90.0,0.0,0.94999999,-0.0722945854,0.415074378,-0.00615370926,0.00418450963
bc2c,bc2c_pec_ti090_pi000,90.0,0.0,0.95999998,0.0189254545,0.426711202,-0.00442894828,0.00623543886
bc2c,bc2c_pec_ti090_pi000,90.0,0.0,0.97000003,0.097129561,0.429633856,-0.00245637097,0.00691824174
bc2c,bc2c_pec_ti090_pi000,90.0,0.0,0.98000002,0.168460071,0.427705735,-0.0014017697,0.00675508846
bc2c,bc2c_pec_ti090_pi000,90.0,0.0,0.99000001,0.232068375,0.4093225,-0.00132951408,0.00689014746
bc2c,bc2c_pec_ti090_pi000,90.0,0.0,1,0.273305446,0.360966027,-0.00115470088,0.00773391314
