protocol,fold,seed,object_code,theta_true_deg,phi_true_deg,great_circle_err_frequency_deg,great_circle_err_rect_ifft_deg,great_circle_err_difference_deg,theta_err_difference_deg,phi_err_difference_deg,top1_frequency,top1_rect_ifft,top1_difference
id,0,70,b7c1,30.0,0.0,0.0,0.0,0.0,0.0,0.0,1.0,1.0,0.0
id,0,70,b7c1,30.0,180.0,0.0,0.0,0.0,0.0,0.0,1.0,1.0,0.0
id,0,70,b7c1,60.0,60.0,0.0,0.0,0.0,0.0,0.0,1.0,1.0,0.0
id,0,70,b7c1,60.0,240.0,0.0,0.0,0.0,0.0,0.0,1.0,1.0,0.0
id,0,70,b7c1,90.0,120.0,120.00000762939453,0.0,120.00000762939453,0.0,120.0,0.0,1.0,-1.0
id,0,70,b7c1,90.0,300.0,60.000003814697266,180.0,-119.99999618530273,0.0,-120.0,0.0,0.0,0.0
id,0,70,b7c1,120.0,0.0,0.0,0.0,0.0,0.0,0.0,1.0,1.0,0.0
id,0,70,b7c1,120.0,180.0,0.0,0.0,0.0,0.0,0.0,1.0,1.0,0.0
id,0,70,b7c1,150.0,60.0,0.0,0.0,0.0,0.0,0.0,1.0,1.0,0.0
id,0,70,b7c1,150.0,240.0,0.0,0.0,0.0,0.0,0.0,1.0,1.0,0.0
id,0,70,b7fd,30.0,30.0,0.0,0.0,0.0,0.0,0.0,1.0,1.0,0.0
id,0,70,b7fd,30.0,210.0,14.870942115783691,128.68218994140625,-113.81124782562256,-120.0,-30.0,0.0,0.0,0.0
id,0,70,b7fd,60.0,90.0,0.0,0.0,0.0,0.0,0.0,1.0,1.0,0.0
id,0,70,b7fd,60.0,270.0,0.0,154.0949249267578,-154.0949249267578,-60.0,-150.0,1.0,0.0,1.0
id,0,70,b7fd,90.0,150.0,0.0,180.0,-180.0,0.0,-180.0,1.0,0.0,1.0
id,0,70,b7fd,90.0,330.0,180.0,120.00000762939453,59.99999237060547,0.0,60.0,0.0,0.0,0.0
id,0,70,b7fd,120.0,30.0,82.81924438476562,0.0,82.81924438476562,60.0,60.0,0.0,1.0,-1.0
id,0,70,b7fd,120.0,210.0,0.0,0.0,0.0,0.0,0.0,1.0,1.0,0.0
id,0,70,b7fd,150.0,90.0,0.0,0.0,0.0,0.0,0.0,1.0,1.0,0.0
id,0,70,b7fd,150.0,270.0,0.0,0.0,0.0,0.0,0.0,1.0,1.0,0.0
id,0,70,b80b,30.0,60.0,0.0,0.0,0.0,0.0,0.0,1.0,1.0,0.0
id,0,70,b80b,30.0,240.0,0.0,0.0,0.0,0.0,0.0,1.0,1.0,0.0
id,0,70,b80b,60.0,120.0,0.0,0.0,0.0,0.0,0.0,1.0,1.0,0.0
id,0,70,b80b,60.0,300.0,0.0,97.18075561523438,-97.18075561523438,0.0,-120.0,1.0,0.0,1.0
id,0,70,b80b,90.0,0.0,180.0,180.0,0.0,0.0,0.0,0.0,0.0,0.0
id,0,70,b80b,90.0,180.0,0.0,0.0,0.0,0.0,0.0,1.0,1.0,0.0
id,0,70,b80b,120.0,60.0,0.0,0.0,0.0,0.0,0.0,1.0,1.0,0.0
id,0,70,b80b,120.0,240.0,0.0,0.0,0.0,0.0,0.0,1.0,1.0,0.0
id,0,70,b80b,150.0,120.0,0.0,0.0,0.0,0.0,0.0,1.0,1.0,0.0
id,0,70,b80b,150.0,300.0,0.0,0.0,0.0,0.0,0.0,1.0,1.0,0.0
id,0,70,b812,30.0,90.0,0.0,0.0,0.0,0.0,0.0,1.0,1.0,0.0
id,0,70,b812,30.0,270.0,0.0,0.0,0.0,0.0,0.0,1.0,1.0,0.0
id,0,70,b812,60.0,150.0,0.0,0.0,0.0,0.0,0.0,1.0,1.0,0.0
id,0,70,b812,60.0,330.0,0.0,0.0,0.0,0.0,0.0,1.0,1.0,0.0
id,0,70,b812,90.0,30.0,0.0,0.0,0.0,0.0,0.0,1.0,1.0,0.0
id,0,70,b812,90.0,210.0,0.0,0.0,0.0,0.0,0.0,1.0,1.0,0.0
id,0,70,b812,120.0,90.0,0.0,0.0,0.0,0.0,0.0,1.0,1.0,0.0
id,0,70,b812,120.0,270.0,0.0,0.0,0.0,0.0,0.0,1.0,1.0,0.0
id,0,70,b812,150.0,150.0,0.0,0.0,0.0,0.0,0.0,1.0,1.0,0.0
id,0,70,b812,150.0,330.0,0.0,0.0,0.0,0.0,0.0,1.0,1.0,0.0
id,0,70,b827,30.0,120.0,0.0,0.0,0.0,0.0,0.0,1.0,1.0,0.0
id,0,70,b827,30.0,300.0,0.0,0.0,0.0,0.0,0.0,1.0,1.0,0.0
id,0,70,b827,60.0,0.0,0.0,0.0,0.0,0.0,0.0,1.0,1.0,0.0
id,0,70,b827,60.0,180.0,0.0,0.0,0.0,0.0,0.0,1.0,1.0,0.0
id,0,70,b827,90.0,60.0,0.0,180.0,-180.0,0.0,-180.0,1.0,0.0,1.0
id,0,70,b827,90.0,240.0,0.0,0.0,0.0,0.0,0.0,1.0,1.0,0.0
id,0,70,b827,120.0,120.0,0.0,0.0,0.0,0.0,0.0,1.0,1.0,0.0
id,0,70,b827,120.0,300.0,0.0,0.0,0.0,0.0,0.0,1.0,1.0,0.0
id,0,70,b827,150.0,0.0,0.0,0.0,0.0,0.0,0.0,1.0,1.0,0.0
id,0,70,b827,150.0,180.0,0.0,0.0,0.0,0.0,0.0,1.0,1.0,0.0
id,0,70,b871,30.0,150.0,0.0,0.0,0.0,0.0,0.0,1.0,1.0,0.0
id,0,70,b871,30.0,330.0,0.0,0.0,0.0,0.0,0.0,1.0,1.0,0.0
id,0,70,b871,60.0,30.0,0.0,0.0,0.0,0.0,0.0,1.0,1.0,0.0
id,0,70,b871,60.0,210.0,0.0,0.0,0.0,0.0,0.0,1.0,1.0,0.0
id,0,70,b871,90.0,90.0,180.0,180.0,0.0,0.0,0.0,0.0,0.0,0.0
id,0,70,b871,90.0,270.0,0.0,0.0,0.0,0.0,0.0,1.0,1.0,0.0
id,0,70,b871,120.0,150.0,0.0,0.0,0.0,0.0,0.0,1.0,1.0,0.0
id,0,70,b871,120.0,330.0,0.0,0.0,0.0,0.0,0.0,1.0,1.0,0.0
id,0,70,b871,150.0,30.0,0.0,0.0,0.0,0.0,0.0,1.0,1.0,0.0
id,0,70,b871,150.0,210.0,0.0,0.0,0.0,0.0,0.0,1.0,1.0,0.0
id,0,70,b8ed,30.0,0.0,0.0,0.0,0.0,0.0,0.0,1.0,1.0,0.0
id,0,70,b8ed,30.0,180.0,0.0,0.0,0.0,0.0,0.0,1.0,1.0,0.0
id,0,70,b8ed,60.0,60.0,0.0,0.0,0.0,0.0,0.0,1.0,1.0,0.0
id,0,70,b8ed,60.0,240.0,97.1807632446289,0.0,97.1807632446289,0.0,120.0,0.0,1.0,-1.0
id,0,70,b8ed,90.0,120.0,120.00000762939453,120.00000762939453,0.0,0.0,0.0,0.0,0.0,0.0
id,0,70,b8ed,90.0,300.0,60.000003814697266,0.0,60.000003814697266,0.0,60.0,0.0,1.0,-1.0
id,0,70,b8ed,120.0,0.0,0.0,0.0,0.0,0.0,0.0,1.0,1.0,0.0
id,0,70,b8ed,120.0,180.0,0.0,0.0,0.0,0.0,0.0,1.0,1.0,0.0
id,0,70,b8ed,150.0,60.0,0.0,0.0,0.0,0.0,0.0,1.0,1.0,0.0
id,0,70,b8ed,150.0,240.0,60.000003814697266,14.870942115783691,45.129061698913574,0.0,150.0,0.0,0.0,0.0
id,0,70,b905,30.0,30.0,0.0,0.0,0.0,0.0,0.0,1.0,1.0,0.0
id,0,70,b905,30.0,210.0,0.0,0.0,0.0,0.0,0.0,1.0,1.0,0.0
id,0,70,b905,60.0,90.0,0.0,0.0,0.0,0.0,0.0,1.0,1.0,0.0
id,0,70,b905,60.0,270.0,0.0,0.0,0.0,0.0,0.0,1.0,1.0,0.0
id,0,70,b905,90.0,150.0,180.0,180.0,0.0,0.0,0.0,0.0,0.0,0.0
id,0,70,b905,90.0,330.0,0.0,0.0,0.0,0.0,0.0,1.0,1.0,0.0
id,0,70,b905,120.0,30.0,25.905075073242188,25.905075073242188,0.0,0.0,0.0,0.0,0.0,0.0
id,0,70,b905,120.0,210.0,0.0,0.0,0.0,0.0,0.0,1.0,1.0,0.0
id,0,70,b905,150.0,90.0,0.0,0.0,0.0,0.0,0.0,1.0,1.0,0.0
id,0,70,b905,150.0,270.0,0.0,0.0,0.0,0.0,0.0,1.0,1.0,0.0
id,0,70,b943,30.0,60.0,0.0,0.0,0.0,0.0,0.0,1.0,1.0,0.0
id,0,70,b943,30.0,240.0,0.0,0.0,0.0,0.0,0.0,1.0,1.0,0.0
id,0,70,b943,60.0,120.0,0.0,0.0,0.0,0.0,0.0,1.0,1.0,0.0
id,0,70,b943,60.0,300.0,0.0,0.0,0.0,0.0,0.0,1.0,1.0,0.0
id,0,70,b943,90.0,0.0,0.0,180.0,-180.0,0.0,-180.0,1.0,0.0,1.0
id,0,70,b943,90.0,180.0,180.0,0.0,180.0,0.0,180.0,0.0,1.0,-1.0
id,0,70,b943,120.0,60.0,0.0,0.0,0.0,0.0,0.0,1.0,1.0,0.0
id,0,70,b943,120.0,240.0,0.0,0.0,0.0,0.0,0.0,1.0,1.0,0.0
id,0,70,b943,150.0,120.0,0.0,0.0,0.0,0.0,0.0,1.0,1.0,0.0
id,0,70,b943,150.0,300.0,0.0,0.0,0.0,0.0,0.0,1.0,1.0,0.0
id,0,70,b974,30.0,90.0,0.0,0.0,0.0,0.0,0.0,1.0,1.0,0.0
id,0,70,b974,30.0,270.0,0.0,0.0,0.0,0.0,0.0,1.0,1.0,0.0
id,0,70,b974,60.0,150.0,51.31781005859375,25.905075073242188,25.412734985351562,0.0,30.0,0.0,0.0,0.0
id,0,70,b974,60.0,330.0,0.0,0.0,0.0,0.0,0.0,1.0,1.0,0.0
id,0,70,b974,90.0,30.0,0.0,0.0,0.0,0.0,0.0,1.0,1.0,0.0
id,0,70,b974,90.0,210.0,0.0,180.0,-180.0,0.0,-180.0,1.0,0.0,1.0
id,0,70,b974,120.0,90.0,0.0,0.0,0.0,0.0,0.0,1.0,1.0,0.0
id,0,70,b974,120.0,270.0,0.0,0.0,0.0,0.0,0.0,1.0,1.0,0.0
id,0,70,b974,150.0,150.0,0.0,0.0,0.0,0.0,0.0,1.0,1.0,0.0
id,0,70,b974,150.0,330.0,0.0,0.0,0.0,0.0,0.0,1.0,1.0,0.0
id,0,70,b979,30.0,120.0,128.68218994140625,128.68218994140625,0.0,0.0,0.0,0.0,0.0,0.0
id,0,70,b979,30.0,300.0,151.04498291015625,151.04498291015625,0.0,0.0,0.0,0.0,0.0,0.0
id,0,70,b979,60.0,0.0,30.000001907348633,30.000001907348633,0.0,0.0,0.0,0.0,0.0,0.0
id,0,70,b979,60.0,180.0,36.097782135009766,30.000001907348633,6.097780227661133,0.0,30.0,0.0,0.0,0.0
id,0,70,b979,90.0,60.0,119.99999237060547,90.0,29.99999237060547,0.0,30.0,0.0,0.0,0.0
id,0,70,b979,90.0,240.0,60.000003814697266,90.0,-29.999996185302734,0.0,-30.0,0.0,0.0,0.0
id,0,70,b979,120.0,120.0,128.6822052001953,51.31781005859375,77.36439514160156,60.0,60.0,0.0,0.0,0.0
id,0,70,b979,120.0,300.0,130.50535583496094,29.99998664855957,100.50536918640137,60.0,120.0,0.0,0.0,0.0
id,0,70,b979,150.0,0.0,60.000003814697266,180.0,-119.99999618530273,-120.0,0.0,0.0,0.0,0.0
id,0,70,b979,150.0,180.0,0.0,0.0,0.0,0.0,0.0,1.0,1.0,0.0
id,0,70,b97b,30.0,150.0,122.24180603027344,0.0,122.24180603027344,120.0,30.0,0.0,1.0,-1.0
id,0,70,b97b,30.0,330.0,0.0,0.0,0.0,0.0,0.0,1.0,1.0,0.0
id,0,70,b97b,60.0,30.0,0.0,0.0,0.0,0.0,0.0,1.0,1.0,0.0
id,0,70,b97b,60.0,210.0,51.31781005859375,0.0,51.31781005859375,0.0,60.0,0.0,1.0,-1.0
id,0,70,b97b,90.0,90.0,0.0,0.0,0.0,0.0,0.0,1.0,1.0,0.0
id,0,70,b97b,90.0,270.0,180.0,180.0,0.0,0.0,0.0,0.0,0.0,0.0
id,0,70,b97b,120.0,150.0,0.0,0.0,0.0,0.0,0.0,1.0,1.0,0.0
id,0,70,b97b,120.0,330.0,0.0,0.0,0.0,0.0,0.0,1.0,1.0,0.0
id,0,70,b97b,150.0,30.0,0.0,0.0,0.0,0.0,0.0,1.0,1.0,0.0
id,0,70,b97b,150.0,210.0,0.0,0.0,0.0,0.0,0.0,1.0,1.0,0.0
id,0,70,b9e6,30.0,0.0,0.0,0.0,0.0,0.0,0.0,1.0,1.0,0.0
id,0,70,b9e6,30.0,180.0,0.0,0.0,0.0,0.0,0.0,1.0,1.0,0.0
id,0,70,b9e6,60.0,60.0,0.0,0.0,0.0,0.0,0.0,1.0,1.0,0.0
id,0,70,b9e6,60.0,240.0,0.0,0.0,0.0,0.0,0.0,1.0,1.0,0.0
id,0,70,b9e6,90.0,120.0,60.000003814697266,120.00000762939453,-60.000003814697266,0.0,-60.0,0.0,0.0,0.0
id,0,70,b9e6,90.0,300.0,60.000003814697266,60.000003814697266,0.0,0.0,0.0,0.0,0.0,0.0
id,0,70,b9e6,120.0,0.0,0.0,0.0,0.0,0.0,0.0,1.0,1.0,0.0
id,0,70,b9e6,120.0,180.0,0.0,0.0,0.0,0.0,0.0,1.0,1.0,0.0
id,0,70,b9e6,150.0,60.0,0.0,0.0,0.0,0.0,0.0,1.0,1.0,0.0
id,0,70,b9e6,150.0,240.0,0.0,0.0,0.0,0.0,0.0,1.0,1.0,0.0
id,0,70,ba0f,30.0,30.0,165.12905883789062,151.04498291015625,14.084075927734375,0.0,30.0,0.0,0.0,0.0
id,0,70,ba0f,30.0,210.0,151.04498291015625,151.04498291015625,0.0,0.0,0.0,0.0,0.0,0.0
id,0,70,ba0f,60.0,90.0,25.905075073242188,0.0,25.905075073242188,0.0,30.0,0.0,1.0,-1.0
id,0,70,ba0f,60.0,270.0,138.59039306640625,150.0,-11.40960693359375,0.0,-30.0,0.0,0.0,0.0
id,0,70,ba0f,90.0,150.0,150.0,180.0,-30.0,0.0,-30.0,0.0,0.0,0.0
id,0,70,ba0f,90.0,330.0,150.0,150.0,0.0,0.0,0.0,0.0,0.0,0.0
id,0,70,ba0f,120.0,30.0,82.81924438476562,0.0,82.81924438476562,60.0,60.0,0.0,1.0,-1.0
id,0,70,ba0f,120.0,210.0,82.81924438476562,120.00000762939453,-37.180763244628906,60.0,-120.0,0.0,0.0,0.0
id,0,70,ba0f,150.0,90.0,0.0,0.0,0.0,0.0,0.0,1.0,1.0,0.0
id,0,70,ba0f,150.0,270.0,14.870942115783691,180.0,-165.1290578842163,-120.0,-150.0,0.0,0.0,0.0
id,0,70,baa9,30.0,60.0,0.0,0.0,0.0,0.0,0.0,1.0,1.0,0.0
id,0,70,baa9,30.0,240.0,0.0,0.0,0.0,0.0,0.0,1.0,1.0,0.0
id,0,70,baa9,60.0,120.0,0.0,0.0,0.0,0.0,0.0,1.0,1.0,0.0
id,0,70,baa9,60.0,300.0,0.0,0.0,0.0,0.0,0.0,1.0,1.0,0.0
id,0,70,baa9,90.0,0.0,0.0,0.0,0.0,0.0,0.0,1.0,1.0,0.0
id,0,70,baa9,90.0,180.0,0.0,0.0,0.0,0.0,0.0,1.0,1.0,0.0
id,0,70,baa9,120.0,60.0,0.0,0.0,0.0,0.0,0.0,1.0,1.0,0.0
id,0,70,baa9,120.0,240.0,0.0,0.0,0.0,0.0,0.0,1.0,1.0,0.0
id,0,70,baa9,150.0,120.0,0.0,0.0,0.0,0.0,0.0,1.0,1.0,0.0
id,0,70,baa9,150.0,300.0,0.0,0.0,0.0,0.0,0.0,1.0,1.0,0.0
id,0,70,bb26,30.0,90.0,60.000003814697266,180.0,-119.99999618530273,-120.0,0.0,0.0,0.0,0.0
id,0,70,bb26,30.0,270.0,0.0,0.0,0.0,0.0,0.0,1.0,1.0,0.0
id,0,70,bb26,60.0,150.0,82.81924438476562,82.81924438476562,0.0,0.0,0.0,0.0,0.0,0.0
id,0,70,bb26,60.0,330.0,0.0,51.31782150268555,-51.31782150268555,0.0,-60.0,1.0,0.0,1.0
id,0,70,bb26,90.0,30.0,60.00000762939453,120.00000762939453,-60.0,0.0,-60.0,0.0,0.0,0.0
id,0,70,bb26,90.0,210.0,60.000003814697266,60.000003814697266,0.0,0.0,0.0,0.0,0.0,0.0
id,0,70,bb26,120.0,90.0,180.0,180.0,0.0,0.0,0.0,0.0,0.0,0.0
id,0,70,bb26,120.0,270.0,0.0,60.000003814697266,-60.000003814697266,-60.0,0.0,1.0,0.0,1.0
id,0,70,bb26,150.0,150.0,151.04498291015625,60.000003814697266,91.04497909545898,120.0,-60.0,0.0,0.0,0.0
id,0,70,bb26,150.0,330.0,128.68218994140625,128.68218994140625,0.0,0.0,0.0,0.0,0.0,0.0
id,0,70,bb7c,30.0,120.0,0.0,0.0,0.0,0.0,0.0,1.0,1.0,0.0
id,0,70,bb7c,30.0,300.0,0.0,0.0,0.0,0.0,0.0,1.0,1.0,0.0
id,0,70,bb7c,60.0,0.0,0.0,0.0,0.0,0.0,0.0,1.0,1.0,0.0
id,0,70,bb7c,60.0,180.0,0.0,0.0,0.0,0.0,0.0,1.0,1.0,0.0
id,0,70,bb7c,90.0,60.0,0.0,30.000001907348633,-30.000001907348633,0.0,-30.0,1.0,0.0,1.0
id,0,70,bb7c,90.0,240.0,60.000003814697266,120.00000762939453,-60.000003814697266,0.0,-60.0,0.0,0.0,0.0
id,0,70,bb7c,120.0,120.0,0.0,0.0,0.0,0.0,0.0,1.0,1.0,0.0
id,0,70,bb7c,120.0,300.0,0.0,0.0,0.0,0.0,0.0,1.0,1.0,0.0
id,0,70,bb7c,150.0,0.0,0.0,0.0,0.0,0.0,0.0,1.0,1.0,0.0
id,0,70,bb7c,150.0,180.0,0.0,0.0,0.0,0.0,0.0,1.0,1.0,0.0
id,0,70,bb7d,30.0,150.0,151.04498291015625,128.68218994140625,22.36279296875,0.0,60.0,0.0,0.0,0.0
id,0,70,bb7d,30.0,330.0,128.68218994140625,151.04498291015625,-22.36279296875,0.0,-60.0,0.0,0.0,0.0
id,0,70,bb7d,60.0,30.0,82.81924438476562,82.81924438476562,0.0,0.0,0.0,0.0,0.0,0.0
id,0,70,bb7d,60.0,210.0,120.00000762939453,128.6822052001953,-8.682197570800781,-60.0,60.0,0.0,0.0,0.0
id,0,70,bb7d,90.0,90.0,180.0,0.0,180.0,0.0,180.0,0.0,1.0,-1.0
id,0,70,bb7d,90.0,270.0,0.0,180.0,-180.0,0.0,-180.0,1.0,0.0,1.0
id,0,70,bb7d,120.0,150.0,128.6822052001953,120.00000762939453,8.682197570800781,60.0,-60.0,0.0,0.0,0.0
id,0,70,bb7d,120.0,330.0,82.81924438476562,0.0,82.81924438476562,60.0,60.0,0.0,1.0,-1.0
id,0,70,bb7d,150.0,30.0,0.0,0.0,0.0,0.0,0.0,1.0,1.0,0.0
id,0,70,bb7d,150.0,210.0,60.000003814697266,60.000003814697266,0.0,0.0,0.0,0.0,0.0,0.0
id,0,70,bbc6,30.0,0.0,0.0,0.0,0.0,0.0,0.0,1.0,1.0,0.0
id,0,70,bbc6,30.0,180.0,0.0,60.000003814697266,-60.000003814697266,0.0,-180.0,1.0,0.0,1.0
id,0,70,bbc6,60.0,60.0,128.68218994140625,60.000003814697266,68.68218612670898,0.0,120.0,0.0,0.0,0.0
id,0,70,bbc6,60.0,240.0,0.0,51.31781005859375,-51.31781005859375,0.0,-60.0,1.0,0.0,1.0
id,0,70,bbc6,90.0,120.0,60.000003814697266,120.00000762939453,-60.000003814697266,0.0,-60.0,0.0,0.0,0.0
id,0,70,bbc6,90.0,300.0,119.99999237060547,60.000003814697266,59.9999885559082,0.0,60.0,0.0,0.0,0.0
id,0,70,bbc6,120.0,0.0,29.99998664855957,29.99998664855957,0.0,0.0,0.0,0.0,0.0,0.0
id,0,70,bbc6,120.0,180.0,60.000003814697266,90.0,-29.999996185302734,-30.0,0.0,0.0,0.0,0.0
id,0,70,bbc6,150.0,60.0,0.0,0.0,0.0,0.0,0.0,1.0,1.0,0.0
id,0,70,bbc6,150.0,240.0,0.0,0.0,0.0,0.0,0.0,1.0,1.0,0.0
id,0,70,bc2c,30.0,30.0,0.0,14.870942115783691,-14.870942115783691,0.0,-30.0,1.0,0.0,1.0
id,0,70,bc2c,30.0,210.0,57.7581901550293,57.7581901550293,0.0,0.0,0.0,0.0,0.0,0.0
id,0,70,bc2c,60.0,90.0,120.00000762939453,120.00000762939453,0.0,0.0,0.0,0.0,0.0,0.0
id,0,70,bc2c,60.0,270.0,0.0,0.0,0.0,0.0,0.0,1.0,1.0,0.0
id,0,70,bc2c,90.0,150.0,30.000001907348633,30.000001907348633,0.0,0.0,0.0,0.0,0.0,0.0
id,0,70,bc2c,90.0,330.0,30.00000762939453,60.00000762939453,-30.0,0.0,-30.0,0.0,0.0,0.0
id,0,70,bc2c,120.0,30.0,82.81924438476562,82.81924438476562,0.0,0.0,0.0,0.0,0.0,0.0
id,0,70,bc2c,120.0,210.0,82.81924438476562,120.00000762939453,-37.180763244628906,60.0,-120.0,0.0,0.0,0.0
id,0,70,bc2c,150.0,90.0,57.7581901550293,57.7581901550293,0.0,0.0,0.0,0.0,0.0,0.0
id,0,70,bc2c,150.0,270.0,165.12905883789062,165.12905883789062,0.0,0.0,0.0,0.0,0.0,0.0
id,0,71,b7c1,30.0,0.0,0.0,0.0,0.0,0.0,0.0,1.0,1.0,0.0
id,0,71,b7c1,30.0,180.0,0.0,0.0,0.0,0.0,0.0,1.0,1.0,0.0
id,0,71,b7c1,60.0,60.0,0.0,0.0,0.0,0.0,0.0,1.0,1.0,0.0
id,0,71,b7c1,60.0,240.0,0.0,0.0,0.0,0.0,0.0,1.0,1.0,0.0
id,0,71,b7c1,90.0,120.0,60.000003814697266,120.00000762939453,-60.000003814697266,0.0,-60.0,0.0,0.0,0.0
id,0,71,b7c1,90.0,300.0,0.0,0.0,0.0,0.0,0.0,1.0,1.0,0.0
id,0,71,b7c1,120.0,0.0,0.0,0.0,0.0,0.0,0.0,1.0,1.0,0.0
id,0,71,b7c1,120.0,180.0,0.0,0.0,0.0,0.0,0.0,1.0,1.0,0.0
id,0,71,b7c1,150.0,60.0,0.0,0.0,0.0,0.0,0.0,1.0,1.0,0.0
id,0,71,b7c1,150.0,240.0,0.0,0.0,0.0,0.0,0.0,1.0,1.0,0.0
id,0,71,b7fd,30.0,30.0,28.95502281188965,57.7581901550293,-28.80316734313965,0.0,-90.0,0.0,0.0,0.0
id,0,71,b7fd,30.0,210.0,120.00000762939453,28.95502281188965,91.04498481750488,120.0,-60.0,0.0,0.0,0.0
id,0,71,b7fd,60.0,90.0,0.0,0.0,0.0,0.0,0.0,1.0,1.0,0.0
id,0,71,b7fd,60.0,270.0,0.0,0.0,0.0,0.0,0.0,1.0,1.0,0.0
id,0,71,b7fd,90.0,150.0,30.000001907348633,180.0,-149.99999809265137,0.0,-150.0,0.0,0.0,0.0
id,0,71,b7fd,90.0,330.0,0.0,0.0,0.0,0.0,0.0,1.0,1.0,0.0
id,0,71,b7fd,120.0,30.0,82.81924438476562,82.81924438476562,0.0,0.0,0.0,0.0,0.0,0.0
id,0,71,b7fd,120.0,210.0,51.31781005859375,128.6822052001953,-77.36439514160156,-60.0,-60.0,0.0,0.0,0.0
id,0,71,b7fd,150.0,90.0,0.0,0.0,0.0,0.0,0.0,1.0,1.0,0.0
id,0,71,b7fd,150.0,270.0,0.0,0.0,0.0,0.0,0.0,1.0,1.0,0.0
id,0,71,b80b,30.0,60.0,0.0,0.0,0.0,0.0,0.0,1.0,1.0,0.0
id,0,71,b80b,30.0,240.0,0.0,0.0,0.0,0.0,0.0,1.0,1.0,0.0
id,0,71,b80b,60.0,120.0,0.0,0.0,0.0,0.0,0.0,1.0,1.0,0.0
id,0,71,b80b,60.0,300.0,0.0,128.68218994140625,-128.68218994140625,-60.0,-120.0,1.0,0.0,1.0
id,0,71,b80b,90.0,0.0,180.0,180.0,0.0,0.0,0.0,0.0,0.0,0.0
id,0,71,b80b,90.0,180.0,180.0,0.0,180.0,0.0,180.0,0.0,1.0,-1.0
id,0,71,b80b,120.0,60.0,0.0,0.0,0.0,0.0,0.0,1.0,1.0,0.0
id,0,71,b80b,120.0,240.0,0.0,0.0,0.0,0.0,0.0,1.0,1.0,0.0
id,0,71,b80b,150.0,120.0,0.0,0.0,0.0,0.0,0.0,1.0,1.0,0.0
id,0,71,b80b,150.0,300.0,0.0,0.0,0.0,0.0,0.0,1.0,1.0,0.0
id,0,71,b812,30.0,90.0,0.0,0.0,0.0,0.0,0.0,1.0,1.0,0.0
id,0,71,b812,30.0,270.0,0.0,0.0,0.0,0.0,0.0,1.0,1.0,0.0
id,0,71,b812,60.0,150.0,0.0,0.0,0.0,0.0,0.0,1.0,1.0,0.0
id,0,71,b812,60.0,330.0,0.0,0.0,0.0,0.0,0.0,1.0,1.0,0.0
id,0,71,b812,90.0,30.0,0.0,180.0,-180.0,0.0,-180.0,1.0,0.0,1.0
id,0,71,b812,90.0,210.0,180.0,0.0,180.0,0.0,180.0,0.0,1.0,-1.0
id,0,71,b812,120.0,90.0,0.0,0.0,0.0,0.0,0.0,1.0,1.0,0.0
id,0,71,b812,120.0,270.0,0.0,0.0,0.0,0.0,0.0,1.0,1.0,0.0
id,0,71,b812,150.0,150.0,0.0,0.0,0.0,0.0,0.0,1.0,1.0,0.0
id,0,71,b812,150.0,330.0,0.0,0.0,0.0,0.0,0.0,1.0,1.0,0.0
id,0,71,b827,30.0,120.0,0.0,57.7581901550293,-57.7581901550293,0.0,-150.0,1.0,0.0,1.0
id,0,71,b827,30.0,300.0,0.0,0.0,0.0,0.0,0.0,1.0,1.0,0.0
id,0,71,b827,60.0,0.0,0.0,0.0,0.0,0.0,0.0,1.0,1.0,0.0
id,0,71,b827,60.0,180.0,0.0,0.0,0.0,0.0,0.0,1.0,1.0,0.0
id,0,71,b827,90.0,60.0,180.0,119.99999237060547,60.00000762939453,0.0,60.0,0.0,0.0,0.0
id,0,71,b827,90.0,240.0,0.0,60.000003814697266,-60.000003814697266,0.0,-60.0,1.0,0.0,1.0
id,0,71,b827,120.0,120.0,0.0,0.0,0.0,0.0,0.0,1.0,1.0,0.0
id,0,71,b827,120.0,300.0,0.0,0.0,0.0,0.0,0.0,1.0,1.0,0.0
id,0,71,b827,150.0,0.0,0.0,0.0,0.0,0.0,0.0,1.0,1.0,0.0
id,0,71,b827,150.0,180.0,0.0,0.0,0.0,0.0,0.0,1.0,1.0,0.0
id,0,71,b871,30.0,150.0,0.0,0.0,0.0,0.0,0.0,1.0,1.0,0.0
id,0,71,b871,30.0,330.0,0.0,0.0,0.0,0.0,0.0,1.0,1.0,0.0
id,0,71,b871,60.0,30.0,0.0,0.0,0.0,0.0,0.0,1.0,1.0,0.0
id,0,71,b871,60.0,210.0,0.0,0.0,0.0,0.0,0.0,1.0,1.0,0.0
id,0,71,b871,90.0,90.0,0.0,0.0,0.0,0.0,0.0,1.0,1.0,0.0
id,0,71,b871,90.0,270.0,180.0,180.0,0.0,0.0,0.0,0.0,0.0,0.0
id,0,71,b871,120.0,150.0,0.0,0.0,0.0,0.0,0.0,1.0,1.0,0.0
id,0,71,b871,120.0,330.0,0.0,0.0,0.0,0.0,0.0,1.0,1.0,0.0
id,0,71,b871,150.0,30.0,0.0,0.0,0.0,0.0,0.0,1.0,1.0,0.0
id,0,71,b871,150.0,210.0,0.0,0.0,0.0,0.0,0.0,1.0,1.0,0.0
id,0,71,b8ed,30.0,0.0,0.0,0.0,0.0,0.0,0.0,1.0,1.0,0.0
id,0,71,b8ed,30.0,180.0,0.0,0.0,0.0,0.0,0.0,1.0,1.0,0.0
id,0,71,b8ed,60.0,60.0,0.0,0.0,0.0,0.0,0.0,1.0,1.0,0.0
id,0,71,b8ed,60.0,240.0,0.0,0.0,0.0,0.0,0.0,1.0,1.0,0.0
id,0,71,b8ed,90.0,120.0,120.00000762939453,120.00000762939453,0.0,0.0,0.0,0.0,0.0,0.0
id,0,71,b8ed,90.0,300.0,0.0,60.000003814697266,-60.000003814697266,0.0,-60.0,1.0,0.0,1.0
id,0,71,b8ed,120.0,0.0,0.0,0.0,0.0,0.0,0.0,1.0,1.0,0.0
id,0,71,b8ed,120.0,180.0,120.00000762939453,0.0,120.00000762939453,0.0,180.0,0.0,1.0,-1.0
id,0,71,b8ed,150.0,60.0,0.0,0.0,0.0,0.0,0.0,1.0,1.0,0.0
id,0,71,b8ed,150.0,240.0,60.000003814697266,60.000003814697266,0.0,0.0,0.0,0.0,0.0,0.0
id,0,71,b905,30.0,30.0,0.0,0.0,0.0,0.0,0.0,1.0,1.0,0.0
id,0,71,b905,30.0,210.0,0.0,0.0,0.0,0.0,0.0,1.0,1.0,0.0
id,0,71,b905,60.0,90.0,0.0,0.0,0.0,0.0,0.0,1.0,1.0,0.0
id,0,71,b905,60.0,270.0,0.0,0.0,0.0,0.0,0.0,1.0,1.0,0.0
id,0,71,b905,90.0,150.0,180.0,180.0,0.0,0.0,0.0,0.0,0.0,0.0
id,0,71,b905,90.0,330.0,0.0,0.0,0.0,0.0,0.0,1.0,1.0,0.0
id,0,71,b905,120.0,30.0,25.905075073242188,82.81924438476562,-56.91416931152344,-60.0,-30.0,0.0,0.0,0.0
id,0,71,b905,120.0,210.0,0.0,0.0,0.0,0.0,0.0,1.0,1.0,0.0
id,0,71,b905,150.0,90.0,0.0,0.0,0.0,0.0,0.0,1.0,1.0,0.0
id,0,71,b905,150.0,270.0,0.0,0.0,0.0,0.0,0.0,1.0,1.0,0.0
id,0,71,b943,30.0,60.0,0.0,0.0,0.0,0.0,0.0,1.0,1.0,0.0
id,0,71,b943,30.0,240.0,0.0,0.0,0.0,0.0,0.0,1.0,1.0,0.0
id,0,71,b943,60.0,120.0,0.0,0.0,0.0,0.0,0.0,1.0,1.0,0.0
id,0,71,b943,60.0,300.0,0.0,0.0,0.0,0.0,0.0,1.0,1.0,0.0
id,0,71,b943,90.0,0.0,0.0,180.0,-180.0,0.0,-180.0,1.0,0.0,1.0
id,0,71,b943,90.0,180.0,180.0,0.0,180.0,0.0,180.0,0.0,1.0,-1.0
id,0,71,b943,120.0,60.0,128.68218994140625,0.0,128.68218994140625,60.0,120.0,0.0,1.0,-1.0
id,0,71,b943,120.0,240.0,25.905075073242188,0.0,25.905075073242188,0.0,30.0,0.0,1.0,-1.0
id,0,71,b943,150.0,120.0,0.0,0.0,0.0,0.0,0.0,1.0,1.0,0.0
id,0,71,b943,150.0,300.0,0.0,0.0,0.0,0.0,0.0,1.0,1.0,0.0
id,0,71,b974,30.0,90.0,0.0,0.0,0.0,0.0,0.0,1.0,1.0,0.0
id,0,71,b974,30.0,270.0,0.0,0.0,0.0,0.0,0.0,1.0,1.0,0.0
id,0,71,b974,60.0,150.0,0.0,0.0,0.0,0.0,0.0,1.0,1.0,0.0
id,0,71,b974,60.0,330.0,0.0,0.0,0.0,0.0,0.0,1.0,1.0,0.0
id,0,71,b974,90.0,30.0,0.0,180.0,-180.0,0.0,-180.0,1.0,0.0,1.0
id,0,71,b974,90.0,210.0,0.0,0.0,0.0,0.0,0.0,1.0,1.0,0.0
id,0,71,b974,120.0,90.0,0.0,0.0,0.0,0.0,0.0,1.0,1.0,0.0
id,0,71,b974,120.0,270.0,0.0,0.0,0.0,0.0,0.0,1.0,1.0,0.0
id,0,71,b974,150.0,150.0,0.0,0.0,0.0,0.0,0.0,1.0,1.0,0.0
id,0,71,b974,150.0,330.0,0.0,0.0,0.0,0.0,0.0,1.0,1.0,0.0
id,0,71,b979,30.0,120.0,28.95502281188965,28.95502281188965,0.0,0.0,0.0,0.0,0.0,0.0
id,0,71,b979,30.0,300.0,41.40962219238281,14.870942115783691,26.53868007659912,0.0,60.0,0.0,0.0,0.0
id,0,71,b979,60.0,0.0,30.000001907348633,30.000001907348633,0.0,0.0,0.0,0.0,0.0,0.0
id,0,71,b979,60.0,180.0,30.000001907348633,90.0,-59.99999809265137,0.0,-180.0,0.0,0.0,0.0
id,0,71,b979,90.0,60.0,60.000003814697266,60.000003814697266,0.0,0.0,0.0,0.0,0.0,0.0
id,0,71,b979,90.0,240.0,120.00000762939453,120.00000762939453,0.0,0.0,0.0,0.0,0.0,0.0
id,0,71,b979,120.0,120.0,82.81924438476562,82.81924438476562,0.0,0.0,0.0,0.0,0.0,0.0
id,0,71,b979,120.0,300.0,130.50535583496094,130.50535583496094,0.0,0.0,0.0,0.0,0.0,0.0
id,0,71,b979,150.0,0.0,60.000003814697266,180.0,-119.99999618530273,-120.0,0.0,0.0,0.0,0.0
id,0,71,b979,150.0,180.0,0.0,0.0,0.0,0.0,0.0,1.0,1.0,0.0
id,0,71,b97b,30.0,150.0,0.0,165.12905883789062,-165.12905883789062,-120.0,-150.0,1.0,0.0,1.0
id,0,71,b97b,30.0,330.0,0.0,0.0,0.0,0.0,0.0,1.0,1.0,0.0
id,0,71,b97b,60.0,30.0,0.0,0.0,0.0,0.0,0.0,1.0,1.0,0.0
id,0,71,b97b,60.0,210.0,0.0,0.0,0.0,0.0,0.0,1.0,1.0,0.0
id,0,71,b97b,90.0,90.0,0.0,0.0,0.0,0.0,0.0,1.0,1.0,0.0
id,0,71,b97b,90.0,270.0,180.0,180.0,0.0,0.0,0.0,0.0,0.0,0.0
id,0,71,b97b,120.0,150.0,0.0,0.0,0.0,0.0,0.0,1.0,1.0,0.0
id,0,71,b97b,120.0,330.0,0.0,0.0,0.0,0.0,0.0,1.0,1.0,0.0
id,0,71,b97b,150.0,30.0,0.0,0.0,0.0,0.0,0.0,1.0,1.0,0.0
id,0,71,b97b,150.0,210.0,0.0,0.0,0.0,0.0,0.0,1.0,1.0,0.0
id,0,71,b9e6,30.0,0.0,0.0,0.0,0.0,0.0,0.0,1.0,1.0,0.0
id,0,71,b9e6,30.0,180.0,0.0,0.0,0.0,0.0,0.0,1.0,1.0,0.0
id,0,71,b9e6,60.0,60.0,0.0,0.0,0.0,0.0,0.0,1.0,1.0,0.0
id,0,71,b9e6,60.0,240.0,0.0,0.0,0.0,0.0,0.0,1.0,1.0,0.0
id,0,71,b9e6,90.0,120.0,60.000003814697266,120.00000762939453,-60.000003814697266,0.0,-60.0,0.0,0.0,0.0
id,0,71,b9e6,90.0,300.0,60.000003814697266,60.000003814697266,0.0,0.0,0.0,0.0,0.0,0.0
id,0,71,b9e6,120.0,0.0,0.0,0.0,0.0,0.0,0.0,1.0,1.0,0.0
id,0,71,b9e6,120.0,180.0,0.0,0.0,0.0,0.0,0.0,1.0,1.0,0.0
id,0,71,b9e6,150.0,60.0,0.0,0.0,0.0,0.0,0.0,1.0,1.0,0.0
id,0,71,b9e6,150.0,240.0,0.0,0.0,0.0,0.0,0.0,1.0,1.0,0.0
id,0,71,ba0f,30.0,30.0,151.04498291015625,0.0,151.04498291015625,120.0,120.0,0.0,1.0,-1.0
id,0,71,ba0f,30.0,210.0,151.04498291015625,151.04498291015625,0.0,0.0,0.0,0.0,0.0,0.0
id,0,71,ba0f,60.0,90.0,0.0,0.0,0.0,0.0,0.0,1.0,1.0,0.0
id,0,71,ba0f,60.0,270.0,150.0,138.59039306640625,11.40960693359375,0.0,30.0,0.0,0.0,0.0
id,0,71,ba0f,90.0,150.0,30.000001907348633,0.0,30.000001907348633,0.0,30.0,0.0,1.0,-1.0
id,0,71,ba0f,90.0,330.0,150.0,180.0,-30.0,0.0,-30.0,0.0,0.0,0.0
id,0,71,ba0f,120.0,30.0,25.905075073242188,82.81924438476562,-56.91416931152344,-60.0,-30.0,0.0,0.0,0.0
id,0,71,ba0f,120.0,210.0,60.000003814697266,60.000003814697266,0.0,0.0,0.0,0.0,0.0,0.0
id,0,71,ba0f,150.0,90.0,0.0,0.0,0.0,0.0,0.0,1.0,1.0,0.0
id,0,71,ba0f,150.0,270.0,120.00000762939453,120.00000762939453,0.0,0.0,0.0,0.0,0.0,0.0
id,0,71,baa9,30.0,60.0,0.0,0.0,0.0,0.0,0.0,1.0,1.0,0.0
id,0,71,baa9,30.0,240.0,0.0,0.0,0.0,0.0,0.0,1.0,1.0,0.0
id,0,71,baa9,60.0,120.0,0.0,0.0,0.0,0.0,0.0,1.0,1.0,0.0
id,0,71,baa9,60.0,300.0,0.0,128.68218994140625,-128.68218994140625,-60.0,-120.0,1.0,0.0,1.0
id,0,71,baa9,90.0,0.0,180.0,180.0,0.0,0.0,0.0,0.0,0.0,0.0
id,0,71,baa9,90.0,180.0,180.0,180.0,0.0,0.0,0.0,0.0,0.0,0.0
id,0,71,baa9,120.0,60.0,0.0,0.0,0.0,0.0,0.0,1.0,1.0,0.0
id,0,71,baa9,120.0,240.0,0.0,0.0,0.0,0.0,0.0,1.0,1.0,0.0
id,0,71,baa9,150.0,120.0,0.0,0.0,0.0,0.0,0.0,1.0,1.0,0.0
id,0,71,baa9,150.0,300.0,0.0,0.0,0.0,0.0,0.0,1.0,1.0,0.0
id,0,71,bb26,30.0,90.0,165.12905883789062,180.0,-14.870941162109375,0.0,-30.0,0.0,0.0,0.0
id,0,71,bb26,30.0,270.0,0.0,0.0,0.0,0.0,0.0,1.0,1.0,0.0
id,0,71,bb26,60.0,150.0,82.81924438476562,82.81924438476562,0.0,0.0,0.0,0.0,0.0,0.0
id,0,71,bb26,60.0,330.0,82.81924438476562,82.81924438476562,0.0,0.0,0.0,0.0,0.0,0.0
id,0,71,bb26,90.0,30.0,180.0,120.00000762939453,59.99999237060547,0.0,60.0,0.0,0.0,0.0
id,0,71,bb26,90.0,210.0,0.0,60.000003814697266,-60.000003814697266,0.0,-60.0,1.0,0.0,1.0
id,0,71,bb26,120.0,90.0,180.0,180.0,0.0,0.0,0.0,0.0,0.0,0.0
id,0,71,bb26,120.0,270.0,0.0,0.0,0.0,0.0,0.0,1.0,1.0,0.0
id,0,71,bb26,150.0,150.0,102.50391387939453,151.04498291015625,-48.54106903076172,-30.0,-60.0,0.0,0.0,0.0
id,0,71,bb26,150.0,330.0,128.68218994140625,128.68218994140625,0.0,0.0,0.0,0.0,0.0,0.0
id,0,71,bb7c,30.0,120.0,0.0,0.0,0.0,0.0,0.0,1.0,1.0,0.0
id,0,71,bb7c,30.0,300.0,0.0,0.0,0.0,0.0,0.0,1.0,1.0,0.0
id,0,71,bb7c,60.0,0.0,0.0,0.0,0.0,0.0,0.0,1.0,1.0,0.0
id,0,71,bb7c,60.0,180.0,0.0,120.00000762939453,-120.00000762939453,0.0,-180.0,1.0,0.0,1.0
id,0,71,bb7c,90.0,60.0,0.0,60.000003814697266,-60.000003814697266,0.0,-60.0,1.0,0.0,1.0
id,0,71,bb7c,90.0,240.0,120.00000762939453,60.000003814697266,60.000003814697266,0.0,60.0,0.0,0.0,0.0
id,0,71,bb7c,120.0,120.0,0.0,0.0,0.0,0.0,0.0,1.0,1.0,0.0
id,0,71,bb7c,120.0,300.0,0.0,0.0,0.0,0.0,0.0,1.0,1.0,0.0
id,0,71,bb7c,150.0,0.0,0.0,0.0,0.0,0.0,0.0,1.0,1.0,0.0
id,0,71,bb7c,150.0,180.0,0.0,0.0,0.0,0.0,0.0,1.0,1.0,0.0
id,0,71,bb7d,30.0,150.0,151.04498291015625,128.68218994140625,22.36279296875,0.0,60.0,0.0,0.0,0.0
id,0,71,bb7d,30.0,330.0,128.68218994140625,128.68218994140625,0.0,0.0,0.0,0.0,0.0,0.0
id,0,71,bb7d,60.0,30.0,25.905075073242188,82.81924438476562,-56.91416931152344,-60.0,-30.0,0.0,0.0,0.0
id,0,71,bb7d,60.0,210.0,120.00000762939453,128.6822052001953,-8.682197570800781,-60.0,60.0,0.0,0.0,0.0
id,0,71,bb7d,90.0,90.0,180.0,0.0,180.0,0.0,180.0,0.0,1.0,-1.0
id,0,71,bb7d,90.0,270.0,0.0,180.0,-180.0,0.0,-180.0,1.0,0.0,1.0
id,0,71,bb7d,120.0,150.0,128.6822052001953,120.00000762939453,8.682197570800781,60.0,-60.0,0.0,0.0,0.0
id,0,71,bb7d,120.0,330.0,82.81924438476562,0.0,82.81924438476562,60.0,60.0,0.0,1.0,-1.0
id,0,71,bb7d,150.0,30.0,0.0,0.0,0.0,0.0,0.0,1.0,1.0,0.0
id,0,71,bb7d,150.0,210.0,60.000003814697266,151.04498291015625,-91.04497909545898,-120.0,60.0,0.0,0.0,0.0
id,0,71,bbc6,30.0,0.0,0.0,0.0,0.0,0.0,0.0,1.0,1.0,0.0
id,0,71,bbc6,30.0,180.0,0.0,0.0,0.0,0.0,0.0,1.0,1.0,0.0
id,0,71,bbc6,60.0,60.0,0.0,60.000003814697266,-60.000003814697266,-60.0,0.0,1.0,0.0,1.0
id,0,71,bbc6,60.0,240.0,0.0,0.0,0.0,0.0,0.0,1.0,1.0,0.0
id,0,71,bbc6,90.0,120.0,150.0,180.0,-30.0,0.0,-30.0,0.0,0.0,0.0
id,0,71,bbc6,90.0,300.0,180.0,180.0,0.0,0.0,0.0,0.0,0.0,0.0
id,0,71,bbc6,120.0,0.0,29.99998664855957,29.99998664855957,0.0,0.0,0.0,0.0,0.0,0.0
id,0,71,bbc6,120.0,180.0,29.99998664855957,29.99998664855957,0.0,0.0,0.0,0.0,0.0,0.0
id,0,71,bbc6,150.0,60.0,0.0,0.0,0.0,0.0,0.0,1.0,1.0,0.0
id,0,71,bbc6,150.0,240.0,0.0,14.870942115783691,-14.870942115783691,0.0,-30.0,1.0,0.0,1.0
id,0,71,bc2c,30.0,30.0,0.0,14.870942115783691,-14.870942115783691,0.0,-30.0,1.0,0.0,1.0
id,0,71,bc2c,30.0,210.0,57.7581901550293,60.000003814697266,-2.2418136596679688,0.0,-30.0,0.0,0.0,0.0
id,0,71,bc2c,60.0,90.0,66.45188903808594,60.000003814697266,6.451885223388672,0.0,30.0,0.0,0.0,0.0
id,0,71,bc2c,60.0,270.0,0.0,0.0,0.0,0.0,0.0,1.0,1.0,0.0
id,0,71,bc2c,90.0,150.0,30.000001907348633,30.000001907348633,0.0,0.0,0.0,0.0,0.0,0.0
id,0,71,bc2c,90.0,330.0,30.00000762939453,60.00000762939453,-30.0,0.0,-30.0,0.0,0.0,0.0
id,0,71,bc2c,120.0,30.0,66.45188903808594,82.81924438476562,-16.367355346679688,0.0,-30.0,0.0,0.0,0.0
id,0,71,bc2c,120.0,210.0,82.81924438476562,60.000003814697266,22.81924057006836,0.0,60.0,0.0,0.0,0.0
id,0,71,bc2c,150.0,90.0,60.000003814697266,60.000003814697266,0.0,0.0,0.0,0.0,0.0,0.0
id,0,71,bc2c,150.0,270.0,165.12905883789062,165.12905883789062,0.0,0.0,0.0,0.0,0.0,0.0
id,0,72,b7c1,30.0,0.0,0.0,0.0,0.0,0.0,0.0,1.0,1.0,0.0
id,0,72,b7c1,30.0,180.0,0.0,0.0,0.0,0.0,0.0,1.0,1.0,0.0
id,0,72,b7c1,60.0,60.0,60.000003814697266,0.0,60.000003814697266,60.0,0.0,0.0,1.0,-1.0
id,0,72,b7c1,60.0,240.0,0.0,0.0,0.0,0.0,0.0,1.0,1.0,0.0
id,0,72,b7c1,90.0,120.0,120.00000762939453,0.0,120.00000762939453,0.0,120.0,0.0,1.0,-1.0
id,0,72,b7c1,90.0,300.0,60.000003814697266,60.000003814697266,0.0,0.0,0.0,0.0,0.0,0.0
id,0,72,b7c1,120.0,0.0,0.0,0.0,0.0,0.0,0.0,1.0,1.0,0.0
id,0,72,b7c1,120.0,180.0,0.0,0.0,0.0,0.0,0.0,1.0,1.0,0.0
id,0,72,b7c1,150.0,60.0,0.0,0.0,0.0,0.0,0.0,1.0,1.0,0.0
id,0,72,b7c1,150.0,240.0,0.0,0.0,0.0,0.0,0.0,1.0,1.0,0.0
id,0,72,b7fd,30.0,30.0,0.0,14.870942115783691,-14.870942115783691,0.0,-30.0,1.0,0.0,1.0
id,0,72,b7fd,30.0,210.0,0.0,122.24180603027344,-122.24180603027344,-120.0,-30.0,1.0,0.0,1.0
id,0,72,b7fd,60.0,90.0,0.0,0.0,0.0,0.0,0.0,1.0,1.0,0.0
id,0,72,b7fd,60.0,270.0,120.00000762939453,0.0,120.00000762939453,0.0,180.0,0.0,1.0,-1.0
id,0,72,b7fd,90.0,150.0,30.000001907348633,30.000001907348633,0.0,0.0,0.0,0.0,0.0,0.0
id,0,72,b7fd,90.0,330.0,60.00000762939453,60.00000762939453,0.0,0.0,0.0,0.0,0.0,0.0
id,0,72,b7fd,120.0,30.0,82.81924438476562,82.81924438476562,0.0,0.0,0.0,0.0,0.0,0.0
id,0,72,b7fd,120.0,210.0,82.81924438476562,51.31781005859375,31.501434326171875,60.0,0.0,0.0,0.0,0.0
id,0,72,b7fd,150.0,90.0,0.0,0.0,0.0,0.0,0.0,1.0,1.0,0.0
id,0,72,b7fd,150.0,270.0,0.0,0.0,0.0,0.0,0.0,1.0,1.0,0.0
id,0,72,b80b,30.0,60.0,0.0,0.0,0.0,0.0,0.0,1.0,1.0,0.0
id,0,72,b80b,30.0,240.0,0.0,0.0,0.0,0.0,0.0,1.0,1.0,0.0
id,0,72,b80b,60.0,120.0,0.0,0.0,0.0,0.0,0.0,1.0,1.0,0.0
id,0,72,b80b,60.0,300.0,0.0,0.0,0.0,0.0,0.0,1.0,1.0,0.0
id,0,72,b80b,90.0,0.0,180.0,180.0,0.0,0.0,0.0,0.0,0.0,0.0
id,0,72,b80b,90.0,180.0,0.0,0.0,0.0,0.0,0.0,1.0,1.0,0.0
id,0,72,b80b,120.0,60.0,0.0,0.0,0.0,0.0,0.0,1.0,1.0,0.0
id,0,72,b80b,120.0,240.0,0.0,0.0,0.0,0.0,0.0,1.0,1.0,0.0
id,0,72,b80b,150.0,120.0,0.0,0.0,0.0,0.0,0.0,1.0,1.0,0.0
id,0,72,b80b,150.0,300.0,0.0,0.0,0.0,0.0,0.0,1.0,1.0,0.0
id,0,72,b812,30.0,90.0,0.0,0.0,0.0,0.0,0.0,1.0,1.0,0.0
id,0,72,b812,30.0,270.0,0.0,0.0,0.0,0.0,0.0,1.0,1.0,0.0
id,0,72,b812,60.0,150.0,0.0,0.0,0.0,0.0,0.0,1.0,1.0,0.0
id,0,72,b812,60.0,330.0,0.0,0.0,0.0,0.0,0.0,1.0,1.0,0.0
id,0,72,b812,90.0,30.0,0.0,0.0,0.0,0.0,0.0,1.0,1.0,0.0
id,0,72,b812,90.0,210.0,0.0,0.0,0.0,0.0,0.0,1.0,1.0,0.0
id,0,72,b812,120.0,90.0,0.0,0.0,0.0,0.0,0.0,1.0,1.0,0.0
id,0,72,b812,120.0,270.0,0.0,0.0,0.0,0.0,0.0,1.0,1.0,0.0
id,0,72,b812,150.0,150.0,0.0,0.0,0.0,0.0,0.0,1.0,1.0,0.0
id,0,72,b812,150.0,330.0,0.0,0.0,0.0,0.0,0.0,1.0,1.0,0.0
id,0,72,b827,30.0,120.0,0.0,0.0,0.0,0.0,0.0,1.0,1.0,0.0
id,0,72,b827,30.0,300.0,0.0,0.0,0.0,0.0,0.0,1.0,1.0,0.0
id,0,72,b827,60.0,0.0,30.000001907348633,0.0,30.000001907348633,30.0,0.0,0.0,1.0,-1.0
id,0,72,b827,60.0,180.0,0.0,0.0,0.0,0.0,0.0,1.0,1.0,0.0
id,0,72,b827,90.0,60.0,0.0,0.0,0.0,0.0,0.0,1.0,1.0,0.0
id,0,72,b827,90.0,240.0,0.0,0.0,0.0,0.0,0.0,1.0,1.0,0.0
id,0,72,b827,120.0,120.0,0.0,0.0,0.0,0.0,0.0,1.0,1.0,0.0
id,0,72,b827,120.0,300.0,0.0,0.0,0.0,0.0,0.0,1.0,1.0,0.0
id,0,72,b827,150.0,0.0,0.0,0.0,0.0,0.0,0.0,1.0,1.0,0.0
id,0,72,b827,150.0,180.0,0.0,0.0,0.0,0.0,0.0,1.0,1.0,0.0
id,0,72,b871,30.0,150.0,0.0,0.0,0.0,0.0,0.0,1.0,1.0,0.0
id,0,72,b871,30.0,330.0,0.0,0.0,0.0,0.0,0.0,1.0,1.0,0.0
id,0,72,b871,60.0,30.0,0.0,0.0,0.0,0.0,0.0,1.0,1.0,0.0
id,0,72,b871,60.0,210.0,0.0,0.0,0.0,0.0,0.0,1.0,1.0,0.0
id,0,72,b871,90.0,90.0,0.0,0.0,0.0,0.0,0.0,1.0,1.0,0.0
id,0,72,b871,90.0,270.0,0.0,180.0,-180.0,0.0,-180.0,1.0,0.0,1.0
id,0,72,b871,120.0,150.0,0.0,0.0,0.0,0.0,0.0,1.0,1.0,0.0
id,0,72,b871,120.0,330.0,0.0,0.0,0.0,0.0,0.0,1.0,1.0,0.0
id,0,72,b871,150.0,30.0,0.0,0.0,0.0,0.0,0.0,1.0,1.0,0.0
id,0,72,b871,150.0,210.0,0.0,0.0,0.0,0.0,0.0,1.0,1.0,0.0
id,0,72,b8ed,30.0,0.0,0.0,0.0,0.0,0.0,0.0,1.0,1.0,0.0
id,0,72,b8ed,30.0,180.0,0.0,0.0,0.0,0.0,0.0,1.0,1.0,0.0
id,0,72,b8ed,60.0,60.0,0.0,0.0,0.0,0.0,0.0,1.0,1.0,0.0
id,0,72,b8ed,60.0,240.0,25.905075073242188,0.0,25.905075073242188,0.0,30.0,0.0,1.0,-1.0
id,0,72,b8ed,90.0,120.0,120.00000762939453,120.00000762939453,0.0,0.0,0.0,0.0,0.0,0.0
id,0,72,b8ed,90.0,300.0,60.000003814697266,0.0,60.000003814697266,0.0,60.0,0.0,1.0,-1.0
id,0,72,b8ed,120.0,0.0,0.0,29.99998664855957,-29.99998664855957,-30.0,0.0,1.0,0.0,1.0
id,0,72,b8ed,120.0,180.0,0.0,0.0,0.0,0.0,0.0,1.0,1.0,0.0
id,0,72,b8ed,150.0,60.0,0.0,0.0,0.0,0.0,0.0,1.0,1.0,0.0
id,0,72,b8ed,150.0,240.0,60.000003814697266,0.0,60.000003814697266,0.0,180.0,0.0,1.0,-1.0
id,0,72,b905,30.0,30.0,0.0,0.0,0.0,0.0,0.0,1.0,1.0,0.0
id,0,72,b905,30.0,210.0,0.0,0.0,0.0,0.0,0.0,1.0,1.0,0.0
id,0,72,b905,60.0,90.0,0.0,0.0,0.0,0.0,0.0,1.0,1.0,0.0
id,0,72,b905,60.0,270.0,25.905075073242188,0.0,25.905075073242188,0.0,30.0,0.0,1.0,-1.0
id,0,72,b905,90.0,150.0,180.0,0.0,180.0,0.0,180.0,0.0,1.0,-1.0
id,0,72,b905,90.0,330.0,0.0,0.0,0.0,0.0,0.0,1.0,1.0,0.0
id,0,72,b905,120.0,30.0,0.0,51.31781005859375,-51.31781005859375,0.0,-60.0,1.0,0.0,1.0
id,0,72,b905,120.0,210.0,0.0,0.0,0.0,0.0,0.0,1.0,1.0,0.0
id,0,72,b905,150.0,90.0,0.0,0.0,0.0,0.0,0.0,1.0,1.0,0.0
id,0,72,b905,150.0,270.0,0.0,0.0,0.0,0.0,0.0,1.0,1.0,0.0
id,0,72,b943,30.0,60.0,0.0,0.0,0.0,0.0,0.0,1.0,1.0,0.0
id,0,72,b943,30.0,240.0,0.0,0.0,0.0,0.0,0.0,1.0,1.0,0.0
id,0,72,b943,60.0,120.0,0.0,0.0,0.0,0.0,0.0,1.0,1.0,0.0
id,0,72,b943,60.0,300.0,0.0,0.0,0.0,0.0,0.0,1.0,1.0,0.0
id,0,72,b943,90.0,0.0,180.0,180.0,0.0,0.0,0.0,0.0,0.0,0.0
id,0,72,b943,90.0,180.0,0.0,180.0,-180.0,0.0,-180.0,1.0,0.0,1.0
id,0,72,b943,120.0,60.0,0.0,0.0,0.0,0.0,0.0,1.0,1.0,0.0
id,0,72,b943,120.0,240.0,0.0,0.0,0.0,0.0,0.0,1.0,1.0,0.0
id,0,72,b943,150.0,120.0,0.0,0.0,0.0,0.0,0.0,1.0,1.0,0.0
id,0,72,b943,150.0,300.0,0.0,0.0,0.0,0.0,0.0,1.0,1.0,0.0
id,0,72,b974,30.0,90.0,0.0,0.0,0.0,0.0,0.0,1.0,1.0,0.0
id,0,72,b974,30.0,270.0,0.0,0.0,0.0,0.0,0.0,1.0,1.0,0.0
id,0,72,b974,60.0,150.0,51.31781005859375,0.0,51.31781005859375,0.0,60.0,0.0,1.0,-1.0
id,0,72,b974,60.0,330.0,0.0,0.0,0.0,0.0,0.0,1.0,1.0,0.0
id,0,72,b974,90.0,30.0,0.0,0.0,0.0,0.0,0.0,1.0,1.0,0.0
id,0,72,b974,90.0,210.0,180.0,0.0,180.0,0.0,180.0,0.0,1.0,-1.0
id,0,72,b974,120.0,90.0,0.0,0.0,0.0,0.0,0.0,1.0,1.0,0.0
id,0,72,b974,120.0,270.0,0.0,0.0,0.0,0.0,0.0,1.0,1.0,0.0
id,0,72,b974,150.0,150.0,0.0,0.0,0.0,0.0,0.0,1.0,1.0,0.0
id,0,72,b974,150.0,330.0,0.0,0.0,0.0,0.0,0.0,1.0,1.0,0.0
id,0,72,b979,30.0,120.0,165.12905883789062,57.7581901550293,107.37086868286133,120.0,0.0,0.0,0.0,0.0
id,0,72,b979,30.0,300.0,51.31781005859375,0.0,51.31781005859375,0.0,120.0,0.0,1.0,-1.0
id,0,72,b979,60.0,0.0,30.000001907348633,30.000001907348633,0.0,0.0,0.0,0.0,0.0,0.0
id,0,72,b979,60.0,180.0,30.000001907348633,90.0,-59.99999809265137,0.0,-180.0,0.0,0.0,0.0
id,0,72,b979,90.0,60.0,60.000003814697266,60.000003814697266,0.0,0.0,0.0,0.0,0.0,0.0
id,0,72,b979,90.0,240.0,60.000003814697266,60.000003814697266,0.0,0.0,0.0,0.0,0.0,0.0
id,0,72,b979,120.0,120.0,104.47750854492188,82.81924438476562,21.65826416015625,0.0,30.0,0.0,0.0,0.0
id,0,72,b979,120.0,300.0,130.50535583496094,130.50535583496094,0.0,0.0,0.0,0.0,0.0,0.0
id,0,72,b979,150.0,0.0,60.000003814697266,60.000003814697266,0.0,0.0,0.0,0.0,0.0,0.0
id,0,72,b979,150.0,180.0,0.0,29.99998664855957,-29.99998664855957,-30.0,0.0,1.0,0.0,1.0
id,0,72,b97b,30.0,150.0,0.0,128.68218994140625,-128.68218994140625,-120.0,-60.0,1.0,0.0,1.0
id,0,72,b97b,30.0,330.0,0.0,0.0,0.0,0.0,0.0,1.0,1.0,0.0
id,0,72,b97b,60.0,30.0,0.0,0.0,0.0,0.0,0.0,1.0,1.0,0.0
id,0,72,b97b,60.0,210.0,82.81924438476562,0.0,82.81924438476562,60.0,60.0,0.0,1.0,-1.0
id,0,72,b97b,90.0,90.0,0.0,0.0,0.0,0.0,0.0,1.0,1.0,0.0
id,0,72,b97b,90.0,270.0,180.0,0.0,180.0,0.0,180.0,0.0,1.0,-1.0
id,0,72,b97b,120.0,150.0,0.0,0.0,0.0,0.0,0.0,1.0,1.0,0.0
id,0,72,b97b,120.0,330.0,0.0,0.0,0.0,0.0,0.0,1.0,1.0,0.0
id,0,72,b97b,150.0,30.0,0.0,0.0,0.0,0.0,0.0,1.0,1.0,0.0
id,0,72,b97b,150.0,210.0,0.0,0.0,0.0,0.0,0.0,1.0,1.0,0.0
id,0,72,b9e6,30.0,0.0,0.0,0.0,0.0,0.0,0.0,1.0,1.0,0.0
id,0,72,b9e6,30.0,180.0,0.0,0.0,0.0,0.0,0.0,1.0,1.0,0.0
id,0,72,b9e6,60.0,60.0,0.0,0.0,0.0,0.0,0.0,1.0,1.0,0.0
id,0,72,b9e6,60.0,240.0,0.0,0.0,0.0,0.0,0.0,1.0,1.0,0.0
id,0,72,b9e6,90.0,120.0,60.000003814697266,120.00000762939453,-60.000003814697266,0.0,-60.0,0.0,0.0,0.0
id,0,72,b9e6,90.0,300.0,60.000003814697266,60.000003814697266,0.0,0.0,0.0,0.0,0.0,0.0
id,0,72,b9e6,120.0,0.0,0.0,0.0,0.0,0.0,0.0,1.0,1.0,0.0
id,0,72,b9e6,120.0,180.0,0.0,0.0,0.0,0.0,0.0,1.0,1.0,0.0
id,0,72,b9e6,150.0,60.0,0.0,0.0,0.0,0.0,0.0,1.0,1.0,0.0
id,0,72,b9e6,150.0,240.0,0.0,0.0,0.0,0.0,0.0,1.0,1.0,0.0
id,0,72,ba0f,30.0,30.0,151.04498291015625,28.95502281188965,122.0899600982666,120.0,60.0,0.0,0.0,0.0
id,0,72,ba0f,30.0,210.0,151.04498291015625,151.04498291015625,0.0,0.0,0.0,0.0,0.0,0.0
id,0,72,ba0f,60.0,90.0,41.40962219238281,0.0,41.40962219238281,30.0,30.0,0.0,1.0,-1.0
id,0,72,ba0f,60.0,270.0,29.999998092651367,128.6822052001953,-98.68220710754395,-30.0,-120.0,0.0,0.0,0.0
id,0,72,ba0f,90.0,150.0,30.000001907348633,180.0,-149.99999809265137,0.0,-150.0,0.0,0.0,0.0
id,0,72,ba0f,90.0,330.0,150.0,0.0,150.0,0.0,150.0,0.0,1.0,-1.0
id,0,72,ba0f,120.0,30.0,0.0,0.0,0.0,0.0,0.0,1.0,1.0,0.0
id,0,72,ba0f,120.0,210.0,60.000003814697266,60.000003814697266,0.0,0.0,0.0,0.0,0.0,0.0
id,0,72,ba0f,150.0,90.0,0.0,0.0,0.0,0.0,0.0,1.0,1.0,0.0
id,0,72,ba0f,150.0,270.0,122.24180603027344,122.24180603027344,0.0,0.0,0.0,0.0,0.0,0.0
id,0,72,baa9,30.0,60.0,0.0,0.0,0.0,0.0,0.0,1.0,1.0,0.0
id,0,72,baa9,30.0,240.0,0.0,0.0,0.0,0.0,0.0,1.0,1.0,0.0
id,0,72,baa9,60.0,120.0,0.0,0.0,0.0,0.0,0.0,1.0,1.0,0.0
id,0,72,baa9,60.0,300.0,0.0,0.0,0.0,0.0,0.0,1.0,1.0,0.0
id,0,72,baa9,90.0,0.0,180.0,180.0,0.0,0.0,0.0,0.0,0.0,0.0
id,0,72,baa9,90.0,180.0,0.0,0.0,0.0,0.0,0.0,1.0,1.0,0.0
id,0,72,baa9,120.0,60.0,0.0,0.0,0.0,0.0,0.0,1.0,1.0,0.0
id,0,72,baa9,120.0,240.0,0.0,0.0,0.0,0.0,0.0,1.0,1.0,0.0
id,0,72,baa9,150.0,120.0,0.0,0.0,0.0,0.0,0.0,1.0,1.0,0.0
id,0,72,baa9,150.0,300.0,0.0,0.0,0.0,0.0,0.0,1.0,1.0,0.0
id,0,72,bb26,30.0,90.0,180.0,60.000003814697266,119.99999618530273,120.0,0.0,0.0,0.0,0.0
id,0,72,bb26,30.0,270.0,0.0,0.0,0.0,0.0,0.0,1.0,1.0,0.0
id,0,72,bb26,60.0,150.0,82.81924438476562,82.81924438476562,0.0,0.0,0.0,0.0,0.0,0.0
id,0,72,bb26,60.0,330.0,97.1807632446289,60.000003814697266,37.18075942993164,-60.0,120.0,0.0,0.0,0.0
id,0,72,bb26,90.0,30.0,60.00000762939453,120.00000762939453,-60.0,0.0,-60.0,0.0,0.0,0.0
id,0,72,bb26,90.0,210.0,120.00000762939453,60.000003814697266,60.000003814697266,0.0,60.0,0.0,0.0,0.0
id,0,72,bb26,120.0,90.0,180.0,180.0,0.0,0.0,0.0,0.0,0.0,0.0
id,0,72,bb26,120.0,270.0,0.0,0.0,0.0,0.0,0.0,1.0,1.0,0.0
id,0,72,bb26,150.0,150.0,0.0,165.12905883789062,-165.12905883789062,-120.0,-150.0,1.0,0.0,1.0
id,0,72,bb26,150.0,330.0,128.68218994140625,128.68218994140625,0.0,0.0,0.0,0.0,0.0,0.0
id,0,72,bb7c,30.0,120.0,0.0,0.0,0.0,0.0,0.0,1.0,1.0,0.0
id,0,72,bb7c,30.0,300.0,0.0,0.0,0.0,0.0,0.0,1.0,1.0,0.0
id,0,72,bb7c,60.0,0.0,0.0,0.0,0.0,0.0,0.0,1.0,1.0,0.0
id,0,72,bb7c,60.0,180.0,0.0,0.0,0.0,0.0,0.0,1.0,1.0,0.0
id,0,72,bb7c,90.0,60.0,60.000003814697266,0.0,60.000003814697266,0.0,60.0,0.0,1.0,-1.0
id,0,72,bb7c,90.0,240.0,120.00000762939453,0.0,120.00000762939453,0.0,120.0,0.0,1.0,-1.0
id,0,72,bb7c,120.0,120.0,0.0,0.0,0.0,0.0,0.0,1.0,1.0,0.0
id,0,72,bb7c,120.0,300.0,0.0,0.0,0.0,0.0,0.0,1.0,1.0,0.0
id,0,72,bb7c,150.0,0.0,0.0,0.0,0.0,0.0,0.0,1.0,1.0,0.0
id,0,72,bb7c,150.0,180.0,0.0,0.0,0.0,0.0,0.0,1.0,1.0,0.0
id,0,72,bb7d,30.0,150.0,151.04498291015625,128.68218994140625,22.36279296875,0.0,60.0,0.0,0.0,0.0
id,0,72,bb7d,30.0,330.0,128.68218994140625,151.04498291015625,-22.36279296875,0.0,-60.0,0.0,0.0,0.0
id,0,72,bb7d,60.0,30.0,0.0,82.81924438476562,-82.81924438476562,-60.0,-60.0,1.0,0.0,1.0
id,0,72,bb7d,60.0,210.0,120.00000762939453,25.905075073242188,94.09493255615234,0.0,150.0,0.0,0.0,0.0
id,0,72,bb7d,90.0,90.0,0.0,0.0,0.0,0.0,0.0,1.0,1.0,0.0
id,0,72,bb7d,90.0,270.0,180.0,180.0,0.0,0.0,0.0,0.0,0.0,0.0
id,0,72,bb7d,120.0,150.0,128.6822052001953,66.45188903808594,62.230316162109375,0.0,90.0,0.0,0.0,0.0
id,0,72,bb7d,120.0,330.0,82.81924438476562,25.905075073242188,56.91416931152344,60.0,30.0,0.0,0.0,0.0
id,0,72,bb7d,150.0,30.0,0.0,0.0,0.0,0.0,0.0,1.0,1.0,0.0
id,0,72,bb7d,150.0,210.0,60.000003814697266,60.000003814697266,0.0,0.0,0.0,0.0,0.0,0.0
id,0,72,bbc6,30.0,0.0,0.0,0.0,0.0,0.0,0.0,1.0,1.0,0.0
id,0,72,bbc6,30.0,180.0,0.0,14.870942115783691,-14.870942115783691,0.0,-30.0,1.0,0.0,1.0
id,0,72,bbc6,60.0,60.0,128.68218994140625,128.68218994140625,0.0,0.0,0.0,0.0,0.0,0.0
id,0,72,bbc6,60.0,240.0,25.905075073242188,25.905075073242188,0.0,0.0,0.0,0.0,0.0,0.0
id,0,72,bbc6,90.0,120.0,60.000003814697266,120.00000762939453,-60.000003814697266,0.0,-60.0,0.0,0.0,0.0
id,0,72,bbc6,90.0,300.0,119.99999237060547,119.99999237060547,0.0,0.0,0.0,0.0,0.0,0.0
id,0,72,bbc6,120.0,0.0,29.99998664855957,29.99998664855957,0.0,0.0,0.0,0.0,0.0,0.0
id,0,72,bbc6,120.0,180.0,29.99998664855957,90.0,-60.00001335144043,-60.0,0.0,0.0,0.0,0.0
id,0,72,bbc6,150.0,60.0,0.0,0.0,0.0,0.0,0.0,1.0,1.0,0.0
id,0,72,bbc6,150.0,240.0,14.870942115783691,0.0,14.870942115783691,0.0,30.0,0.0,1.0,-1.0
id,0,72,bc2c,30.0,30.0,14.870942115783691,120.00000762939453,-105.12906551361084,-120.0,30.0,0.0,0.0,0.0
id,0,72,bc2c,30.0,210.0,60.000003814697266,60.000003814697266,0.0,0.0,0.0,0.0,0.0,0.0
id,0,72,bc2c,60.0,90.0,0.0,120.00000762939453,-120.00000762939453,0.0,-180.0,1.0,0.0,1.0
id,0,72,bc2c,60.0,270.0,0.0,0.0,0.0,0.0,0.0,1.0,1.0,0.0
id,0,72,bc2c,90.0,150.0,30.000001907348633,30.000001907348633,0.0,0.0,0.0,0.0,0.0,0.0
id,0,72,bc2c,90.0,330.0,150.0,150.0,0.0,0.0,0.0,0.0,0.0,0.0
id,0,72,bc2c,120.0,30.0,180.0,82.81924438476562,97.18075561523438,0.0,120.0,0.0,0.0,0.0
id,0,72,bc2c,120.0,210.0,180.0,60.000003814697266,119.99999618530273,0.0,180.0,0.0,0.0,0.0
id,0,72,bc2c,150.0,90.0,60.000003814697266,57.7581901550293,2.2418136596679688,0.0,30.0,0.0,0.0,0.0
id,0,72,bc2c,150.0,270.0,165.12905883789062,165.12905883789062,0.0,0.0,0.0,0.0,0.0,0.0
id,0,73,b7c1,30.0,0.0,0.0,0.0,0.0,0.0,0.0,1.0,1.0,0.0
id,0,73,b7c1,30.0,180.0,0.0,0.0,0.0,0.0,0.0,1.0,1.0,0.0
id,0,73,b7c1,60.0,60.0,0.0,0.0,0.0,0.0,0.0,1.0,1.0,0.0
id,0,73,b7c1,60.0,240.0,0.0,0.0,0.0,0.0,0.0,1.0,1.0,0.0
id,0,73,b7c1,90.0,120.0,120.00000762939453,0.0,120.00000762939453,0.0,120.0,0.0,1.0,-1.0
id,0,73,b7c1,90.0,300.0,60.000003814697266,0.0,60.000003814697266,0.0,60.0,0.0,1.0,-1.0
id,0,73,b7c1,120.0,0.0,0.0,0.0,0.0,0.0,0.0,1.0,1.0,0.0
id,0,73,b7c1,120.0,180.0,0.0,0.0,0.0,0.0,0.0,1.0,1.0,0.0
id,0,73,b7c1,150.0,60.0,0.0,0.0,0.0,0.0,0.0,1.0,1.0,0.0
id,0,73,b7c1,150.0,240.0,0.0,0.0,0.0,0.0,0.0,1.0,1.0,0.0
id,0,73,b7fd,30.0,30.0,151.04498291015625,14.870942115783691,136.17404079437256,120.0,90.0,0.0,0.0,0.0
id,0,73,b7fd,30.0,210.0,128.68218994140625,122.24180603027344,6.4403839111328125,0.0,30.0,0.0,0.0,0.0
id,0,73,b7fd,60.0,90.0,0.0,0.0,0.0,0.0,0.0,1.0,1.0,0.0
id,0,73,b7fd,60.0,270.0,0.0,25.905075073242188,-25.905075073242188,0.0,-30.0,1.0,0.0,1.0
id,0,73,b7fd,90.0,150.0,30.000001907348633,180.0,-149.99999809265137,0.0,-150.0,0.0,0.0,0.0
id,0,73,b7fd,90.0,330.0,150.0,60.00000762939453,89.99999237060547,0.0,90.0,0.0,0.0,0.0
id,0,73,b7fd,120.0,30.0,82.81924438476562,120.00000762939453,-37.180763244628906,60.0,-120.0,0.0,0.0,0.0
id,0,73,b7fd,120.0,210.0,82.81924438476562,60.000003814697266,22.81924057006836,0.0,60.0,0.0,0.0,0.0
id,0,73,b7fd,150.0,90.0,0.0,0.0,0.0,0.0,0.0,1.0,1.0,0.0
id,0,73,b7fd,150.0,270.0,0.0,0.0,0.0,0.0,0.0,1.0,1.0,0.0
id,0,73,b80b,30.0,60.0,0.0,0.0,0.0,0.0,0.0,1.0,1.0,0.0
id,0,73,b80b,30.0,240.0,0.0,0.0,0.0,0.0,0.0,1.0,1.0,0.0
id,0,73,b80b,60.0,120.0,0.0,0.0,0.0,0.0,0.0,1.0,1.0,0.0
id,0,73,b80b,60.0,300.0,0.0,97.18075561523438,-97.18075561523438,0.0,-120.0,1.0,0.0,1.0
id,0,73,b80b,90.0,0.0,180.0,180.0,0.0,0.0,0.0,0.0,0.0,0.0
id,0,73,b80b,90.0,180.0,0.0,0.0,0.0,0.0,0.0,1.0,1.0,0.0
id,0,73,b80b,120.0,60.0,0.0,0.0,0.0,0.0,0.0,1.0,1.0,0.0
id,0,73,b80b,120.0,240.0,0.0,0.0,0.0,0.0,0.0,1.0,1.0,0.0
id,0,73,b80b,150.0,120.0,0.0,0.0,0.0,0.0,0.0,1.0,1.0,0.0
id,0,73,b80b,150.0,300.0,0.0,0.0,0.0,0.0,0.0,1.0,1.0,0.0
id,0,73,b812,30.0,90.0,0.0,0.0,0.0,0.0,0.0,1.0,1.0,0.0
id,0,73,b812,30.0,270.0,0.0,0.0,0.0,0.0,0.0,1.0,1.0,0.0
id,0,73,b812,60.0,150.0,0.0,0.0,0.0,0.0,0.0,1.0,1.0,0.0
id,0,73,b812,60.0,330.0,0.0,0.0,0.0,0.0,0.0,1.0,1.0,0.0
id,0,73,b812,90.0,30.0,0.0,180.0,-180.0,0.0,-180.0,1.0,0.0,1.0
id,0,73,b812,90.0,210.0,0.0,0.0,0.0,0.0,0.0,1.0,1.0,0.0
id,0,73,b812,120.0,90.0,0.0,0.0,0.0,0.0,0.0,1.0,1.0,0.0
id,0,73,b812,120.0,270.0,0.0,0.0,0.0,0.0,0.0,1.0,1.0,0.0
id,0,73,b812,150.0,150.0,0.0,0.0,0.0,0.0,0.0,1.0,1.0,0.0
id,0,73,b812,150.0,330.0,0.0,0.0,0.0,0.0,0.0,1.0,1.0,0.0
id,0,73,b827,30.0,120.0,0.0,0.0,0.0,0.0,0.0,1.0,1.0,0.0
id,0,73,b827,30.0,300.0,0.0,0.0,0.0,0.0,0.0,1.0,1.0,0.0
id,0,73,b827,60.0,0.0,0.0,0.0,0.0,0.0,0.0,1.0,1.0,0.0
id,0,73,b827,60.0,180.0,0.0,0.0,0.0,0.0,0.0,1.0,1.0,0.0
id,0,73,b827,90.0,60.0,180.0,180.0,0.0,0.0,0.0,0.0,0.0,0.0
id,0,73,b827,90.0,240.0,0.0,0.0,0.0,0.0,0.0,1.0,1.0,0.0
id,0,73,b827,120.0,120.0,0.0,0.0,0.0,0.0,0.0,1.0,1.0,0.0
id,0,73,b827,120.0,300.0,0.0,0.0,0.0,0.0,0.0,1.0,1.0,0.0
id,0,73,b827,150.0,0.0,0.0,0.0,0.0,0.0,0.0,1.0,1.0,0.0
id,0,73,b827,150.0,180.0,0.0,0.0,0.0,0.0,0.0,1.0,1.0,0.0
id,0,73,b871,30.0,150.0,0.0,0.0,0.0,0.0,0.0,1.0,1.0,0.0
id,0,73,b871,30.0,330.0,0.0,0.0,0.0,0.0,0.0,1.0,1.0,0.0
id,0,73,b871,60.0,30.0,0.0,0.0,0.0,0.0,0.0,1.0,1.0,0.0
id,0,73,b871,60.0,210.0,0.0,0.0,0.0,0.0,0.0,1.0,1.0,0.0
id,0,73,b871,90.0,90.0,0.0,180.0,-180.0,0.0,-180.0,1.0,0.0,1.0
id,0,73,b871,90.0,270.0,180.0,180.0,0.0,0.0,0.0,0.0,0.0,0.0
id,0,73,b871,120.0,150.0,0.0,0.0,0.0,0.0,0.0,1.0,1.0,0.0
id,0,73,b871,120.0,330.0,0.0,0.0,0.0,0.0,0.0,1.0,1.0,0.0
id,0,73,b871,150.0,30.0,0.0,0.0,0.0,0.0,0.0,1.0,1.0,0.0
id,0,73,b871,150.0,210.0,0.0,0.0,0.0,0.0,0.0,1.0,1.0,0.0
id,0,73,b8ed,30.0,0.0,0.0,0.0,0.0,0.0,0.0,1.0,1.0,0.0
id,0,73,b8ed,30.0,180.0,0.0,0.0,0.0,0.0,0.0,1.0,1.0,0.0
id,0,73,b8ed,60.0,60.0,0.0,0.0,0.0,0.0,0.0,1.0,1.0,0.0
id,0,73,b8ed,60.0,240.0,97.1807632446289,0.0,97.1807632446289,0.0,120.0,0.0,1.0,-1.0
id,0,73,b8ed,90.0,120.0,120.00000762939453,120.00000762939453,0.0,0.0,0.0,0.0,0.0,0.0
id,0,73,b8ed,90.0,300.0,0.0,0.0,0.0,0.0,0.0,1.0,1.0,0.0
id,0,73,b8ed,120.0,0.0,0.0,0.0,0.0,0.0,0.0,1.0,1.0,0.0
id,0,73,b8ed,120.0,180.0,60.000003814697266,0.0,60.000003814697266,60.0,0.0,0.0,1.0,-1.0
id,0,73,b8ed,150.0,60.0,0.0,0.0,0.0,0.0,0.0,1.0,1.0,0.0
id,0,73,b8ed,150.0,240.0,60.000003814697266,0.0,60.000003814697266,0.0,180.0,0.0,1.0,-1.0
id,0,73,b905,30.0,30.0,0.0,0.0,0.0,0.0,0.0,1.0,1.0,0.0
id,0,73,b905,30.0,210.0,0.0,0.0,0.0,0.0,0.0,1.0,1.0,0.0
id,0,73,b905,60.0,90.0,0.0,0.0,0.0,0.0,0.0,1.0,1.0,0.0
id,0,73,b905,60.0,270.0,0.0,0.0,0.0,0.0,0.0,1.0,1.0,0.0
id,0,73,b905,90.0,150.0,180.0,0.0,180.0,0.0,180.0,0.0,1.0,-1.0
id,0,73,b905,90.0,330.0,0.0,180.0,-180.0,0.0,-180.0,1.0,0.0,1.0
id,0,73,b905,120.0,30.0,51.31781005859375,25.905075073242188,25.412734985351562,0.0,30.0,0.0,0.0,0.0
id,0,73,b905,120.0,210.0,0.0,0.0,0.0,0.0,0.0,1.0,1.0,0.0
id,0,73,b905,150.0,90.0,0.0,0.0,0.0,0.0,0.0,1.0,1.0,0.0
id,0,73,b905,150.0,270.0,0.0,0.0,0.0,0.0,0.0,1.0,1.0,0.0
id,0,73,b943,30.0,60.0,0.0,0.0,0.0,0.0,0.0,1.0,1.0,0.0
id,0,73,b943,30.0,240.0,0.0,0.0,0.0,0.0,0.0,1.0,1.0,0.0
id,0,73,b943,60.0,120.0,0.0,0.0,0.0,0.0,0.0,1.0,1.0,0.0
id,0,73,b943,60.0,300.0,0.0,0.0,0.0,0.0,0.0,1.0,1.0,0.0
id,0,73,b943,90.0,0.0,0.0,0.0,0.0,0.0,0.0,1.0,1.0,0.0
id,0,73,b943,90.0,180.0,180.0,180.0,0.0,0.0,0.0,0.0,0.0,0.0
id,0,73,b943,120.0,60.0,0.0,0.0,0.0,0.0,0.0,1.0,1.0,0.0
id,0,73,b943,120.0,240.0,0.0,25.905075073242188,-25.905075073242188,0.0,-30.0,1.0,0.0,1.0
id,0,73,b943,150.0,120.0,0.0,0.0,0.0,0.0,0.0,1.0,1.0,0.0
id,0,73,b943,150.0,300.0,0.0,0.0,0.0,0.0,0.0,1.0,1.0,0.0
id,0,73,b974,30.0,90.0,0.0,0.0,0.0,0.0,0.0,1.0,1.0,0.0
id,0,73,b974,30.0,270.0,0.0,0.0,0.0,0.0,0.0,1.0,1.0,0.0
id,0,73,b974,60.0,150.0,0.0,66.45188903808594,-66.45188903808594,-60.0,-30.0,1.0,0.0,1.0
id,0,73,b974,60.0,330.0,0.0,0.0,0.0,0.0,0.0,1.0,1.0,0.0
id,0,73,b974,90.0,30.0,0.0,0.0,0.0,0.0,0.0,1.0,1.0,0.0
id,0,73,b974,90.0,210.0,0.0,0.0,0.0,0.0,0.0,1.0,1.0,0.0
id,0,73,b974,120.0,90.0,0.0,0.0,0.0,0.0,0.0,1.0,1.0,0.0
id,0,73,b974,120.0,270.0,0.0,0.0,0.0,0.0,0.0,1.0,1.0,0.0
id,0,73,b974,150.0,150.0,0.0,0.0,0.0,0.0,0.0,1.0,1.0,0.0
id,0,73,b974,150.0,330.0,0.0,0.0,0.0,0.0,0.0,1.0,1.0,0.0
id,0,73,b979,30.0,120.0,60.000003814697266,128.68218994140625,-68.68218612670898,-120.0,120.0,0.0,0.0,0.0
id,0,73,b979,30.0,300.0,0.0,115.6589126586914,-115.6589126586914,-90.0,-90.0,1.0,0.0,1.0
id,0,73,b979,60.0,0.0,30.000001907348633,30.000001907348633,0.0,0.0,0.0,0.0,0.0,0.0
id,0,73,b979,60.0,180.0,30.000001907348633,30.000001907348633,0.0,0.0,0.0,0.0,0.0,0.0
id,0,73,b979,90.0,60.0,60.000003814697266,60.000003814697266,0.0,0.0,0.0,0.0,0.0,0.0
id,0,73,b979,90.0,240.0,120.00000762939453,120.00000762939453,0.0,0.0,0.0,0.0,0.0,0.0
id,0,73,b979,120.0,120.0,82.81924438476562,82.81924438476562,0.0,0.0,0.0,0.0,0.0,0.0
id,0,73,b979,120.0,300.0,130.50535583496094,130.50535583496094,0.0,0.0,0.0,0.0,0.0,0.0
id,0,73,b979,150.0,0.0,60.000003814697266,180.0,-119.99999618530273,-120.0,0.0,0.0,0.0,0.0
id,0,73,b979,150.0,180.0,0.0,0.0,0.0,0.0,0.0,1.0,1.0,0.0
id,0,73,b97b,30.0,150.0,0.0,0.0,0.0,0.0,0.0,1.0,1.0,0.0
id,0,73,b97b,30.0,330.0,0.0,0.0,0.0,0.0,0.0,1.0,1.0,0.0
id,0,73,b97b,60.0,30.0,0.0,0.0,0.0,0.0,0.0,1.0,1.0,0.0
id,0,73,b97b,60.0,210.0,0.0,0.0,0.0,0.0,0.0,1.0,1.0,0.0
id,0,73,b97b,90.0,90.0,0.0,0.0,0.0,0.0,0.0,1.0,1.0,0.0
id,0,73,b97b,90.0,270.0,180.0,180.0,0.0,0.0,0.0,0.0,0.0,0.0
id,0,73,b97b,120.0,150.0,0.0,0.0,0.0,0.0,0.0,1.0,1.0,0.0
id,0,73,b97b,120.0,330.0,0.0,0.0,0.0,0.0,0.0,1.0,1.0,0.0
id,0,73,b97b,150.0,30.0,0.0,0.0,0.0,0.0,0.0,1.0,1.0,0.0
id,0,73,b97b,150.0,210.0,0.0,0.0,0.0,0.0,0.0,1.0,1.0,0.0
id,0,73,b9e6,30.0,0.0,0.0,0.0,0.0,0.0,0.0,1.0,1.0,0.0
id,0,73,b9e6,30.0,180.0,0.0,0.0,0.0,0.0,0.0,1.0,1.0,0.0
id,0,73,b9e6,60.0,60.0,0.0,0.0,0.0,0.0,0.0,1.0,1.0,0.0
id,0,73,b9e6,60.0,240.0,0.0,0.0,0.0,0.0,0.0,1.0,1.0,0.0
id,0,73,b9e6,90.0,120.0,120.00000762939453,120.00000762939453,0.0,0.0,0.0,0.0,0.0,0.0
id,0,73,b9e6,90.0,300.0,60.000003814697266,60.000003814697266,0.0,0.0,0.0,0.0,0.0,0.0
id,0,73,b9e6,120.0,0.0,0.0,0.0,0.0,0.0,0.0,1.0,1.0,0.0
id,0,73,b9e6,120.0,180.0,0.0,0.0,0.0,0.0,0.0,1.0,1.0,0.0
id,0,73,b9e6,150.0,60.0,0.0,0.0,0.0,0.0,0.0,1.0,1.0,0.0
id,0,73,b9e6,150.0,240.0,0.0,0.0,0.0,0.0,0.0,1.0,1.0,0.0
id,0,73,ba0f,30.0,30.0,128.68218994140625,128.68218994140625,0.0,0.0,0.0,0.0,0.0,0.0
id,0,73,ba0f,30.0,210.0,151.04498291015625,151.04498291015625,0.0,0.0,0.0,0.0,0.0,0.0
id,0,73,ba0f,60.0,90.0,0.0,0.0,0.0,0.0,0.0,1.0,1.0,0.0
id,0,73,ba0f,60.0,270.0,138.59039306640625,138.59039306640625,0.0,0.0,0.0,0.0,0.0,0.0
id,0,73,ba0f,90.0,150.0,30.000001907348633,150.0,-119.99999809265137,0.0,-120.0,0.0,0.0,0.0
id,0,73,ba0f,90.0,330.0,150.0,30.00000762939453,119.99999237060547,0.0,120.0,0.0,0.0,0.0
id,0,73,ba0f,120.0,30.0,82.81924438476562,0.0,82.81924438476562,60.0,60.0,0.0,1.0,-1.0
id,0,73,ba0f,120.0,210.0,82.81924438476562,154.0949249267578,-71.27568054199219,0.0,-90.0,0.0,0.0,0.0
id,0,73,ba0f,150.0,90.0,0.0,0.0,0.0,0.0,0.0,1.0,1.0,0.0
id,0,73,ba0f,150.0,270.0,14.870942115783691,120.00000762939453,-105.12906551361084,-120.0,30.0,0.0,0.0,0.0
id,0,73,baa9,30.0,60.0,0.0,0.0,0.0,0.0,0.0,1.0,1.0,0.0
id,0,73,baa9,30.0,240.0,0.0,0.0,0.0,0.0,0.0,1.0,1.0,0.0
id,0,73,baa9,60.0,120.0,0.0,0.0,0.0,0.0,0.0,1.0,1.0,0.0
id,0,73,baa9,60.0,300.0,0.0,0.0,0.0,0.0,0.0,1.0,1.0,0.0
id,0,73,baa9,90.0,0.0,180.0,180.0,0.0,0.0,0.0,0.0,0.0,0.0
id,0,73,baa9,90.0,180.0,0.0,0.0,0.0,0.0,0.0,1.0,1.0,0.0
id,0,73,baa9,120.0,60.0,0.0,0.0,0.0,0.0,0.0,1.0,1.0,0.0
id,0,73,baa9,120.0,240.0,0.0,0.0,0.0,0.0,0.0,1.0,1.0,0.0
id,0,73,baa9,150.0,120.0,0.0,0.0,0.0,0.0,0.0,1.0,1.0,0.0
id,0,73,baa9,150.0,300.0,0.0,0.0,0.0,0.0,0.0,1.0,1.0,0.0
id,0,73,bb26,30.0,90.0,14.870942115783691,122.24180603027344,-107.37086391448975,-120.0,0.0,0.0,0.0,0.0
id,0,73,bb26,30.0,270.0,0.0,0.0,0.0,0.0,0.0,1.0,1.0,0.0
id,0,73,bb26,60.0,150.0,51.31781005859375,66.45188903808594,-15.134078979492188,-60.0,30.0,0.0,0.0,0.0
id,0,73,bb26,60.0,330.0,82.81924438476562,154.09490966796875,-71.27566528320312,0.0,-90.0,0.0,0.0,0.0
id,0,73,bb26,90.0,30.0,120.00000762939453,60.00000762939453,60.0,0.0,60.0,0.0,0.0,0.0
id,0,73,bb26,90.0,210.0,60.000003814697266,120.00000762939453,-60.000003814697266,0.0,-60.0,0.0,0.0,0.0
id,0,73,bb26,120.0,90.0,180.0,180.0,0.0,0.0,0.0,0.0,0.0,0.0
id,0,73,bb26,120.0,270.0,0.0,60.000003814697266,-60.000003814697266,-60.0,0.0,1.0,0.0,1.0
id,0,73,bb26,150.0,150.0,151.04498291015625,28.95502281188965,122.0899600982666,120.0,60.0,0.0,0.0,0.0
id,0,73,bb26,150.0,330.0,128.68218994140625,128.68218994140625,0.0,0.0,0.0,0.0,0.0,0.0
id,0,73,bb7c,30.0,120.0,0.0,0.0,0.0,0.0,0.0,1.0,1.0,0.0
id,0,73,bb7c,30.0,300.0,0.0,0.0,0.0,0.0,0.0,1.0,1.0,0.0
id,0,73,bb7c,60.0,0.0,0.0,0.0,0.0,0.0,0.0,1.0,1.0,0.0
id,0,73,bb7c,60.0,180.0,0.0,120.00000762939453,-120.00000762939453,0.0,-180.0,1.0,0.0,1.0
id,0,73,bb7c,90.0,60.0,0.0,0.0,0.0,0.0,0.0,1.0,1.0,0.0
id,0,73,bb7c,90.0,240.0,0.0,120.00000762939453,-120.00000762939453,0.0,-120.0,1.0,0.0,1.0
id,0,73,bb7c,120.0,120.0,0.0,0.0,0.0,0.0,0.0,1.0,1.0,0.0
id,0,73,bb7c,120.0,300.0,0.0,0.0,0.0,0.0,0.0,1.0,1.0,0.0
id,0,73,bb7c,150.0,0.0,0.0,0.0,0.0,0.0,0.0,1.0,1.0,0.0
id,0,73,bb7c,150.0,180.0,0.0,0.0,0.0,0.0,0.0,1.0,1.0,0.0
id,0,73,bb7d,30.0,150.0,128.68218994140625,128.68218994140625,0.0,0.0,0.0,0.0,0.0,0.0
id,0,73,bb7d,30.0,330.0,151.04498291015625,151.04498291015625,0.0,0.0,0.0,0.0,0.0,0.0
id,0,73,bb7d,60.0,30.0,82.81924438476562,82.81924438476562,0.0,0.0,0.0,0.0,0.0,0.0
id,0,73,bb7d,60.0,210.0,120.00000762939453,128.6822052001953,-8.682197570800781,-60.0,60.0,0.0,0.0,0.0
id,0,73,bb7d,90.0,90.0,0.0,180.0,-180.0,0.0,-180.0,1.0,0.0,1.0
id,0,73,bb7d,90.0,270.0,180.0,0.0,180.0,0.0,180.0,0.0,1.0,-1.0
id,0,73,bb7d,120.0,150.0,128.6822052001953,120.00000762939453,8.682197570800781,60.0,-60.0,0.0,0.0,0.0
id,0,73,bb7d,120.0,330.0,82.81924438476562,0.0,82.81924438476562,60.0,60.0,0.0,1.0,-1.0
id,0,73,bb7d,150.0,30.0,0.0,60.000003814697266,-60.000003814697266,0.0,-180.0,1.0,0.0,1.0
id,0,73,bb7d,150.0,210.0,60.000003814697266,60.000003814697266,0.0,0.0,0.0,0.0,0.0,0.0
id,0,73,bbc6,30.0,0.0,0.0,0.0,0.0,0.0,0.0,1.0,1.0,0.0
id,0,73,bbc6,30.0,180.0,60.000003814697266,14.870942115783691,45.129061698913574,0.0,150.0,0.0,0.0,0.0
id,0,73,bbc6,60.0,60.0,128.68218994140625,60.000003814697266,68.68218612670898,0.0,120.0,0.0,0.0,0.0
id,0,73,bbc6,60.0,240.0,51.31781005859375,49.494651794433594,1.8231582641601562,-30.0,0.0,0.0,0.0,0.0
id,0,73,bbc6,90.0,120.0,60.000003814697266,60.000003814697266,0.0,0.0,0.0,0.0,0.0,0.0
id,0,73,bbc6,90.0,300.0,119.99999237060547,119.99999237060547,0.0,0.0,0.0,0.0,0.0,0.0
id,0,73,bbc6,120.0,0.0,0.0,29.99998664855957,-29.99998664855957,-30.0,0.0,1.0,0.0,1.0
id,0,73,bbc6,120.0,180.0,0.0,90.0,-90.0,-90.0,0.0,1.0,0.0,1.0
id,0,73,bbc6,150.0,60.0,0.0,0.0,0.0,0.0,0.0,1.0,1.0,0.0
id,0,73,bbc6,150.0,240.0,14.870942115783691,0.0,14.870942115783691,0.0,30.0,0.0,1.0,-1.0
id,0,73,bc2c,30.0,30.0,151.04498291015625,0.0,151.04498291015625,120.0,120.0,0.0,1.0,-1.0
id,0,73,bc2c,30.0,210.0,57.7581901550293,60.000003814697266,-2.2418136596679688,0.0,-30.0,0.0,0.0,0.0
id,0,73,bc2c,60.0,90.0,0.0,120.00000762939453,-120.00000762939453,0.0,-180.0,1.0,0.0,1.0
id,0,73,bc2c,60.0,270.0,0.0,0.0,0.0,0.0,0.0,1.0,1.0,0.0
id,0,73,bc2c,90.0,150.0,30.000001907348633,30.000001907348633,0.0,0.0,0.0,0.0,0.0,0.0
id,0,73,bc2c,90.0,330.0,120.00000762939453,60.00000762939453,60.0,0.0,60.0,0.0,0.0,0.0
id,0,73,bc2c,120.0,30.0,0.0,82.81924438476562,-82.81924438476562,-60.0,-60.0,1.0,0.0,1.0
id,0,73,bc2c,120.0,210.0,82.81924438476562,154.0949249267578,-71.27568054199219,0.0,-90.0,0.0,0.0,0.0
id,0,73,bc2c,150.0,90.0,14.870942115783691,57.7581901550293,-42.887248039245605,0.0,-120.0,0.0,0.0,0.0
id,0,73,bc2c,150.0,270.0,180.0,165.12905883789062,14.870941162109375,0.0,30.0,0.0,0.0,0.0
id,0,74,b7c1,30.0,0.0,0.0,0.0,0.0,0.0,0.0,1.0,1.0,0.0
id,0,74,b7c1,30.0,180.0,0.0,0.0,0.0,0.0,0.0,1.0,1.0,0.0
id,0,74,b7c1,60.0,60.0,0.0,0.0,0.0,0.0,0.0,1.0,1.0,0.0
id,0,74,b7c1,60.0,240.0,0.0,0.0,0.0,0.0,0.0,1.0,1.0,0.0
id,0,74,b7c1,90.0,120.0,120.00000762939453,60.000003814697266,60.000003814697266,0.0,60.0,0.0,0.0,0.0
id,0,74,b7c1,90.0,300.0,60.000003814697266,0.0,60.000003814697266,0.0,60.0,0.0,1.0,-1.0
id,0,74,b7c1,120.0,0.0,0.0,0.0,0.0,0.0,0.0,1.0,1.0,0.0
id,0,74,b7c1,120.0,180.0,0.0,0.0,0.0,0.0,0.0,1.0,1.0,0.0
id,0,74,b7c1,150.0,60.0,0.0,0.0,0.0,0.0,0.0,1.0,1.0,0.0
id,0,74,b7c1,150.0,240.0,0.0,0.0,0.0,0.0,0.0,1.0,1.0,0.0
id,0,74,b7fd,30.0,30.0,28.95502281188965,28.95502281188965,0.0,0.0,0.0,0.0,0.0,0.0
id,0,74,b7fd,30.0,210.0,14.870942115783691,14.870942115783691,0.0,0.0,0.0,0.0,0.0,0.0
id,0,74,b7fd,60.0,90.0,0.0,0.0,0.0,0.0,0.0,1.0,1.0,0.0
id,0,74,b7fd,60.0,270.0,0.0,0.0,0.0,0.0,0.0,1.0,1.0,0.0
id,0,74,b7fd,90.0,150.0,60.000003814697266,30.000001907348633,30.000001907348633,0.0,30.0,0.0,0.0,0.0
id,0,74,b7fd,90.0,330.0,120.00000762939453,120.00000762939453,0.0,0.0,0.0,0.0,0.0,0.0
id,0,74,b7fd,120.0,30.0,82.81924438476562,82.81924438476562,0.0,0.0,0.0,0.0,0.0,0.0
id,0,74,b7fd,120.0,210.0,82.81924438476562,82.81924438476562,0.0,0.0,0.0,0.0,0.0,0.0
id,0,74,b7fd,150.0,90.0,0.0,0.0,0.0,0.0,0.0,1.0,1.0,0.0
id,0,74,b7fd,150.0,270.0,0.0,0.0,0.0,0.0,0.0,1.0,1.0,0.0
id,0,74,b80b,30.0,60.0,0.0,0.0,0.0,0.0,0.0,1.0,1.0,0.0
id,0,74,b80b,30.0,240.0,0.0,0.0,0.0,0.0,0.0,1.0,1.0,0.0
id,0,74,b80b,60.0,120.0,0.0,0.0,0.0,0.0,0.0,1.0,1.0,0.0
id,0,74,b80b,60.0,300.0,0.0,0.0,0.0,0.0,0.0,1.0,1.0,0.0
id,0,74,b80b,90.0,0.0,0.0,180.0,-180.0,0.0,-180.0,1.0,0.0,1.0
id,0,74,b80b,90.0,180.0,180.0,0.0,180.0,0.0,180.0,0.0,1.0,-1.0
id,0,74,b80b,120.0,60.0,0.0,0.0,0.0,0.0,0.0,1.0,1.0,0.0
id,0,74,b80b,120.0,240.0,0.0,0.0,0.0,0.0,0.0,1.0,1.0,0.0
id,0,74,b80b,150.0,120.0,0.0,0.0,0.0,0.0,0.0,1.0,1.0,0.0
id,0,74,b80b,150.0,300.0,0.0,0.0,0.0,0.0,0.0,1.0,1.0,0.0
id,0,74,b812,30.0,90.0,0.0,0.0,0.0,0.0,0.0,1.0,1.0,0.0
id,0,74,b812,30.0,270.0,0.0,0.0,0.0,0.0,0.0,1.0,1.0,0.0
id,0,74,b812,60.0,150.0,0.0,0.0,0.0,0.0,0.0,1.0,1.0,0.0
id,0,74,b812,60.0,330.0,0.0,0.0,0.0,0.0,0.0,1.0,1.0,0.0
id,0,74,b812,90.0,30.0,180.0,180.0,0.0,0.0,0.0,0.0,0.0,0.0
id,0,74,b812,90.0,210.0,0.0,0.0,0.0,0.0,0.0,1.0,1.0,0.0
id,0,74,b812,120.0,90.0,0.0,0.0,0.0,0.0,0.0,1.0,1.0,0.0
id,0,74,b812,120.0,270.0,0.0,0.0,0.0,0.0,0.0,1.0,1.0,0.0
id,0,74,b812,150.0,150.0,0.0,0.0,0.0,0.0,0.0,1.0,1.0,0.0
id,0,74,b812,150.0,330.0,0.0,0.0,0.0,0.0,0.0,1.0,1.0,0.0
id,0,74,b827,30.0,120.0,0.0,0.0,0.0,0.0,0.0,1.0,1.0,0.0
id,0,74,b827,30.0,300.0,0.0,0.0,0.0,0.0,0.0,1.0,1.0,0.0
id,0,74,b827,60.0,0.0,0.0,0.0,0.0,0.0,0.0,1.0,1.0,0.0
id,0,74,b827,60.0,180.0,0.0,0.0,0.0,0.0,0.0,1.0,1.0,0.0
id,0,74,b827,90.0,60.0,180.0,60.000003814697266,119.99999618530273,0.0,120.0,0.0,0.0,0.0
id,0,74,b827,90.0,240.0,0.0,90.0,-90.0,0.0,-90.0,1.0,0.0,1.0
id,0,74,b827,120.0,120.0,0.0,0.0,0.0,0.0,0.0,1.0,1.0,0.0
id,0,74,b827,120.0,300.0,0.0,0.0,0.0,0.0,0.0,1.0,1.0,0.0
id,0,74,b827,150.0,0.0,0.0,0.0,0.0,0.0,0.0,1.0,1.0,0.0
id,0,74,b827,150.0,180.0,0.0,0.0,0.0,0.0,0.0,1.0,1.0,0.0
id,0,74,b871,30.0,150.0,0.0,0.0,0.0,0.0,0.0,1.0,1.0,0.0
id,0,74,b871,30.0,330.0,0.0,0.0,0.0,0.0,0.0,1.0,1.0,0.0
id,0,74,b871,60.0,30.0,0.0,0.0,0.0,0.0,0.0,1.0,1.0,0.0
id,0,74,b871,60.0,210.0,0.0,0.0,0.0,0.0,0.0,1.0,1.0,0.0
id,0,74,b871,90.0,90.0,180.0,180.0,0.0,0.0,0.0,0.0,0.0,0.0
id,0,74,b871,90.0,270.0,0.0,180.0,-180.0,0.0,-180.0,1.0,0.0,1.0
id,0,74,b871,120.0,150.0,0.0,0.0,0.0,0.0,0.0,1.0,1.0,0.0
id,0,74,b871,120.0,330.0,0.0,0.0,0.0,0.0,0.0,1.0,1.0,0.0
id,0,74,b871,150.0,30.0,0.0,0.0,0.0,0.0,0.0,1.0,1.0,0.0
id,0,74,b871,150.0,210.0,0.0,0.0,0.0,0.0,0.0,1.0,1.0,0.0
id,0,74,b8ed,30.0,0.0,0.0,0.0,0.0,0.0,0.0,1.0,1.0,0.0
id,0,74,b8ed,30.0,180.0,0.0,0.0,0.0,0.0,0.0,1.0,1.0,0.0
id,0,74,b8ed,60.0,60.0,0.0,0.0,0.0,0.0,0.0,1.0,1.0,0.0
id,0,74,b8ed,60.0,240.0,0.0,97.1807632446289,-97.1807632446289,0.0,-120.0,1.0,0.0,1.0
id,0,74,b8ed,90.0,120.0,0.0,120.00000762939453,-120.00000762939453,0.0,-120.0,1.0,0.0,1.0
id,0,74,b8ed,90.0,300.0,0.0,0.0,0.0,0.0,0.0,1.0,1.0,0.0
id,0,74,b8ed,120.0,0.0,0.0,29.99998664855957,-29.99998664855957,-30.0,0.0,1.0,0.0,1.0
id,0,74,b8ed,120.0,180.0,0.0,0.0,0.0,0.0,0.0,1.0,1.0,0.0
id,0,74,b8ed,150.0,60.0,0.0,0.0,0.0,0.0,0.0,1.0,1.0,0.0
id,0,74,b8ed,150.0,240.0,0.0,0.0,0.0,0.0,0.0,1.0,1.0,0.0
id,0,74,b905,30.0,30.0,0.0,0.0,0.0,0.0,0.0,1.0,1.0,0.0
id,0,74,b905,30.0,210.0,0.0,0.0,0.0,0.0,0.0,1.0,1.0,0.0
id,0,74,b905,60.0,90.0,0.0,0.0,0.0,0.0,0.0,1.0,1.0,0.0
id,0,74,b905,60.0,270.0,0.0,0.0,0.0,0.0,0.0,1.0,1.0,0.0
id,0,74,b905,90.0,150.0,180.0,180.0,0.0,0.0,0.0,0.0,0.0,0.0
id,0,74,b905,90.0,330.0,0.0,0.0,0.0,0.0,0.0,1.0,1.0,0.0
id,0,74,b905,120.0,30.0,0.0,0.0,0.0,0.0,0.0,1.0,1.0,0.0
id,0,74,b905,120.0,210.0,0.0,0.0,0.0,0.0,0.0,1.0,1.0,0.0
id,0,74,b905,150.0,90.0,0.0,0.0,0.0,0.0,0.0,1.0,1.0,0.0
id,0,74,b905,150.0,270.0,0.0,0.0,0.0,0.0,0.0,1.0,1.0,0.0
id,0,74,b943,30.0,60.0,0.0,0.0,0.0,0.0,0.0,1.0,1.0,0.0
id,0,74,b943,30.0,240.0,0.0,0.0,0.0,0.0,0.0,1.0,1.0,0.0
id,0,74,b943,60.0,120.0,0.0,0.0,0.0,0.0,0.0,1.0,1.0,0.0
id,0,74,b943,60.0,300.0,0.0,120.00000762939453,-120.00000762939453,0.0,-180.0,1.0,0.0,1.0
id,0,74,b943,90.0,0.0,0.0,0.0,0.0,0.0,0.0,1.0,1.0,0.0
id,0,74,b943,90.0,180.0,180.0,180.0,0.0,0.0,0.0,0.0,0.0,0.0
id,0,74,b943,120.0,60.0,0.0,0.0,0.0,0.0,0.0,1.0,1.0,0.0
id,0,74,b943,120.0,240.0,0.0,0.0,0.0,0.0,0.0,1.0,1.0,0.0
id,0,74,b943,150.0,120.0,0.0,0.0,0.0,0.0,0.0,1.0,1.0,0.0
id,0,74,b943,150.0,300.0,0.0,0.0,0.0,0.0,0.0,1.0,1.0,0.0
id,0,74,b974,30.0,90.0,0.0,0.0,0.0,0.0,0.0,1.0,1.0,0.0
id,0,74,b974,30.0,270.0,0.0,0.0,0.0,0.0,0.0,1.0,1.0,0.0
id,0,74,b974,60.0,150.0,0.0,51.31781005859375,-51.31781005859375,0.0,-60.0,1.0,0.0,1.0
id,0,74,b974,60.0,330.0,82.81924438476562,0.0,82.81924438476562,60.0,60.0,0.0,1.0,-1.0
id,0,74,b974,90.0,30.0,180.0,180.0,0.0,0.0,0.0,0.0,0.0,0.0
id,0,74,b974,90.0,210.0,0.0,0.0,0.0,0.0,0.0,1.0,1.0,0.0
id,0,74,b974,120.0,90.0,0.0,0.0,0.0,0.0,0.0,1.0,1.0,0.0
id,0,74,b974,120.0,270.0,0.0,0.0,0.0,0.0,0.0,1.0,1.0,0.0
id,0,74,b974,150.0,150.0,0.0,0.0,0.0,0.0,0.0,1.0,1.0,0.0
id,0,74,b974,150.0,330.0,0.0,0.0,0.0,0.0,0.0,1.0,1.0,0.0
id,0,74,b979,30.0,120.0,14.870942115783691,28.95502281188965,-14.084080696105957,0.0,-30.0,0.0,0.0,0.0
id,0,74,b979,30.0,300.0,0.0,41.40962219238281,-41.40962219238281,0.0,-90.0,1.0,0.0,1.0
id,0,74,b979,60.0,0.0,0.0,30.000001907348633,-30.000001907348633,-30.0,0.0,1.0,0.0,1.0
id,0,74,b979,60.0,180.0,36.097782135009766,30.000001907348633,6.097780227661133,0.0,30.0,0.0,0.0,0.0
id,0,74,b979,90.0,60.0,119.99999237060547,60.000003814697266,59.9999885559082,0.0,60.0,0.0,0.0,0.0
id,0,74,b979,90.0,240.0,60.000003814697266,120.00000762939453,-60.000003814697266,0.0,-60.0,0.0,0.0,0.0
id,0,74,b979,120.0,120.0,82.81924438476562,82.81924438476562,0.0,0.0,0.0,0.0,0.0,0.0
id,0,74,b979,120.0,300.0,130.50535583496094,130.50535583496094,0.0,0.0,0.0,0.0,0.0,0.0
id,0,74,b979,150.0,0.0,60.000003814697266,90.0,-29.999996185302734,-30.0,0.0,0.0,0.0,0.0
id,0,74,b979,150.0,180.0,0.0,0.0,0.0,0.0,0.0,1.0,1.0,0.0
id,0,74,b97b,30.0,150.0,14.870942115783691,120.00000762939453,-105.12906551361084,-120.0,30.0,0.0,0.0,0.0
id,0,74,b97b,30.0,330.0,0.0,0.0,0.0,0.0,0.0,1.0,1.0,0.0
id,0,74,b97b,60.0,30.0,0.0,0.0,0.0,0.0,0.0,1.0,1.0,0.0
id,0,74,b97b,60.0,210.0,0.0,0.0,0.0,0.0,0.0,1.0,1.0,0.0
id,0,74,b97b,90.0,90.0,0.0,0.0,0.0,0.0,0.0,1.0,1.0,0.0
id,0,74,b97b,90.0,270.0,180.0,180.0,0.0,0.0,0.0,0.0,0.0,0.0
id,0,74,b97b,120.0,150.0,0.0,0.0,0.0,0.0,0.0,1.0,1.0,0.0
id,0,74,b97b,120.0,330.0,0.0,0.0,0.0,0.0,0.0,1.0,1.0,0.0
id,0,74,b97b,150.0,30.0,0.0,0.0,0.0,0.0,0.0,1.0,1.0,0.0
id,0,74,b97b,150.0,210.0,0.0,0.0,0.0,0.0,0.0,1.0,1.0,0.0
id,0,74,b9e6,30.0,0.0,0.0,0.0,0.0,0.0,0.0,1.0,1.0,0.0
id,0,74,b9e6,30.0,180.0,0.0,0.0,0.0,0.0,0.0,1.0,1.0,0.0
id,0,74,b9e6,60.0,60.0,0.0,0.0,0.0,0.0,0.0,1.0,1.0,0.0
id,0,74,b9e6,60.0,240.0,0.0,0.0,0.0,0.0,0.0,1.0,1.0,0.0
id,0,74,b9e6,90.0,120.0,120.00000762939453,60.000003814697266,60.000003814697266,0.0,60.0,0.0,0.0,0.0
id,0,74,b9e6,90.0,300.0,60.000003814697266,60.000003814697266,0.0,0.0,0.0,0.0,0.0,0.0
id,0,74,b9e6,120.0,0.0,0.0,0.0,0.0,0.0,0.0,1.0,1.0,0.0
id,0,74,b9e6,120.0,180.0,0.0,0.0,0.0,0.0,0.0,1.0,1.0,0.0
id,0,74,b9e6,150.0,60.0,0.0,0.0,0.0,0.0,0.0,1.0,1.0,0.0
id,0,74,b9e6,150.0,240.0,0.0,0.0,0.0,0.0,0.0,1.0,1.0,0.0
id,0,74,ba0f,30.0,30.0,151.04498291015625,151.04498291015625,0.0,0.0,0.0,0.0,0.0,0.0
id,0,74,ba0f,30.0,210.0,151.04498291015625,151.04498291015625,0.0,0.0,0.0,0.0,0.0,0.0
id,0,74,ba0f,60.0,90.0,0.0,0.0,0.0,0.0,0.0,1.0,1.0,0.0
id,0,74,ba0f,60.0,270.0,150.0,138.59039306640625,11.40960693359375,0.0,30.0,0.0,0.0,0.0
id,0,74,ba0f,90.0,150.0,60.000003814697266,0.0,60.000003814697266,0.0,60.0,0.0,1.0,-1.0
id,0,74,ba0f,90.0,330.0,120.00000762939453,180.0,-59.99999237060547,0.0,-60.0,0.0,0.0,0.0
id,0,74,ba0f,120.0,30.0,82.81924438476562,0.0,82.81924438476562,60.0,60.0,0.0,1.0,-1.0
id,0,74,ba0f,120.0,210.0,60.000003814697266,180.0,-119.99999618530273,0.0,-180.0,0.0,0.0,0.0
id,0,74,ba0f,150.0,90.0,0.0,0.0,0.0,0.0,0.0,1.0,1.0,0.0
id,0,74,ba0f,150.0,270.0,120.00000762939453,180.0,-59.99999237060547,0.0,-180.0,0.0,0.0,0.0
id,0,74,baa9,30.0,60.0,0.0,0.0,0.0,0.0,0.0,1.0,1.0,0.0
id,0,74,baa9,30.0,240.0,0.0,0.0,0.0,0.0,0.0,1.0,1.0,0.0
id,0,74,baa9,60.0,120.0,0.0,0.0,0.0,0.0,0.0,1.0,1.0,0.0
id,0,74,baa9,60.0,300.0,0.0,0.0,0.0,0.0,0.0,1.0,1.0,0.0
id,0,74,baa9,90.0,0.0,0.0,180.0,-180.0,0.0,-180.0,1.0,0.0,1.0
id,0,74,baa9,90.0,180.0,180.0,0.0,180.0,0.0,180.0,0.0,1.0,-1.0
id,0,74,baa9,120.0,60.0,0.0,0.0,0.0,0.0,0.0,1.0,1.0,0.0
id,0,74,baa9,120.0,240.0,0.0,0.0,0.0,0.0,0.0,1.0,1.0,0.0
id,0,74,baa9,150.0,120.0,0.0,0.0,0.0,0.0,0.0,1.0,1.0,0.0
id,0,74,baa9,150.0,300.0,0.0,0.0,0.0,0.0,0.0,1.0,1.0,0.0
id,0,74,bb26,30.0,90.0,150.0,57.7581901550293,92.2418098449707,90.0,30.0,0.0,0.0,0.0
id,0,74,bb26,30.0,270.0,0.0,0.0,0.0,0.0,0.0,1.0,1.0,0.0
id,0,74,bb26,60.0,150.0,82.81924438476562,82.81924438476562,0.0,0.0,0.0,0.0,0.0,0.0
id,0,74,bb26,60.0,330.0,82.81924438476562,82.81924438476562,0.0,0.0,0.0,0.0,0.0,0.0
id,0,74,bb26,90.0,30.0,120.00000762939453,180.0,-59.99999237060547,0.0,-60.0,0.0,0.0,0.0
id,0,74,bb26,90.0,210.0,90.0,0.0,90.0,0.0,90.0,0.0,1.0,-1.0
id,0,74,bb26,120.0,90.0,180.0,154.09490966796875,25.90509033203125,0.0,30.0,0.0,0.0,0.0
id,0,74,bb26,120.0,270.0,0.0,0.0,0.0,0.0,0.0,1.0,1.0,0.0
id,0,74,bb26,150.0,150.0,128.68218994140625,60.000003814697266,68.68218612670898,120.0,-120.0,0.0,0.0,0.0
id,0,74,bb26,150.0,330.0,128.68218994140625,128.68218994140625,0.0,0.0,0.0,0.0,0.0,0.0
id,0,74,bb7c,30.0,120.0,0.0,0.0,0.0,0.0,0.0,1.0,1.0,0.0
id,0,74,bb7c,30.0,300.0,0.0,0.0,0.0,0.0,0.0,1.0,1.0,0.0
id,0,74,bb7c,60.0,0.0,0.0,0.0,0.0,0.0,0.0,1.0,1.0,0.0
id,0,74,bb7c,60.0,180.0,120.00000762939453,0.0,120.00000762939453,0.0,180.0,0.0,1.0,-1.0
id,0,74,bb7c,90.0,60.0,0.0,0.0,0.0,0.0,0.0,1.0,1.0,0.0
id,0,74,bb7c,90.0,240.0,0.0,120.00000762939453,-120.00000762939453,0.0,-120.0,1.0,0.0,1.0
id,0,74,bb7c,120.0,120.0,0.0,0.0,0.0,0.0,0.0,1.0,1.0,0.0
id,0,74,bb7c,120.0,300.0,0.0,0.0,0.0,0.0,0.0,1.0,1.0,0.0
id,0,74,bb7c,150.0,0.0,0.0,0.0,0.0,0.0,0.0,1.0,1.0,0.0
id,0,74,bb7c,150.0,180.0,0.0,0.0,0.0,0.0,0.0,1.0,1.0,0.0
id,0,74,bb7d,30.0,150.0,128.68218994140625,128.68218994140625,0.0,0.0,0.0,0.0,0.0,0.0
id,0,74,bb7d,30.0,330.0,128.68218994140625,151.04498291015625,-22.36279296875,0.0,-60.0,0.0,0.0,0.0
id,0,74,bb7d,60.0,30.0,82.81924438476562,82.81924438476562,0.0,0.0,0.0,0.0,0.0,0.0
id,0,74,bb7d,60.0,210.0,128.6822052001953,82.81924438476562,45.86296081542969,0.0,60.0,0.0,0.0,0.0
id,0,74,bb7d,90.0,90.0,180.0,180.0,0.0,0.0,0.0,0.0,0.0,0.0
id,0,74,bb7d,90.0,270.0,0.0,0.0,0.0,0.0,0.0,1.0,1.0,0.0
id,0,74,bb7d,120.0,150.0,120.00000762939453,120.00000762939453,0.0,0.0,0.0,0.0,0.0,0.0
id,0,74,bb7d,120.0,330.0,0.0,0.0,0.0,0.0,0.0,1.0,1.0,0.0
id,0,74,bb7d,150.0,30.0,0.0,60.000003814697266,-60.000003814697266,0.0,-180.0,1.0,0.0,1.0
id,0,74,bb7d,150.0,210.0,180.0,60.000003814697266,119.99999618530273,120.0,0.0,0.0,0.0,0.0
id,0,74,bbc6,30.0,0.0,0.0,0.0,0.0,0.0,0.0,1.0,1.0,0.0
id,0,74,bbc6,30.0,180.0,0.0,0.0,0.0,0.0,0.0,1.0,1.0,0.0
id,0,74,bbc6,60.0,60.0,128.68218994140625,128.68218994140625,0.0,0.0,0.0,0.0,0.0,0.0
id,0,74,bbc6,60.0,240.0,51.31781005859375,25.905075073242188,25.412734985351562,0.0,30.0,0.0,0.0,0.0
id,0,74,bbc6,90.0,120.0,0.0,0.0,0.0,0.0,0.0,1.0,1.0,0.0
id,0,74,bbc6,90.0,300.0,180.0,180.0,0.0,0.0,0.0,0.0,0.0,0.0
id,0,74,bbc6,120.0,0.0,29.99998664855957,29.99998664855957,0.0,0.0,0.0,0.0,0.0,0.0
id,0,74,bbc6,120.0,180.0,0.0,29.99998664855957,-29.99998664855957,-30.0,0.0,1.0,0.0,1.0
id,0,74,bbc6,150.0,60.0,0.0,0.0,0.0,0.0,0.0,1.0,1.0,0.0
id,0,74,bbc6,150.0,240.0,0.0,0.0,0.0,0.0,0.0,1.0,1.0,0.0
id,0,74,bc2c,30.0,30.0,36.097782135009766,60.000003814697266,-23.9022216796875,30.0,-150.0,0.0,0.0,0.0
id,0,74,bc2c,30.0,210.0,57.7581901550293,60.000003814697266,-2.2418136596679688,0.0,-30.0,0.0,0.0,0.0
id,0,74,bc2c,60.0,90.0,180.0,113.5481185913086,66.4518814086914,60.0,30.0,0.0,0.0,0.0
id,0,74,bc2c,60.0,270.0,0.0,0.0,0.0,0.0,0.0,1.0,1.0,0.0
id,0,74,bc2c,90.0,150.0,30.000001907348633,60.000003814697266,-30.000001907348633,0.0,-30.0,0.0,0.0,0.0
id,0,74,bc2c,90.0,330.0,120.00000762939453,120.00000762939453,0.0,0.0,0.0,0.0,0.0,0.0
id,0,74,bc2c,120.0,30.0,0.0,82.81924438476562,-82.81924438476562,-60.0,-60.0,1.0,0.0,1.0
id,0,74,bc2c,120.0,210.0,51.31781005859375,180.0,-128.68218994140625,-60.0,-120.0,0.0,0.0,0.0
id,0,74,bc2c,150.0,90.0,57.7581901550293,57.7581901550293,0.0,0.0,0.0,0.0,0.0,0.0
id,0,74,bc2c,150.0,270.0,165.12905883789062,165.12905883789062,0.0,0.0,0.0,0.0,0.0,0.0
id,0,75,b7c1,30.0,0.0,0.0,0.0,0.0,0.0,0.0,1.0,1.0,0.0
id,0,75,b7c1,30.0,180.0,0.0,0.0,0.0,0.0,0.0,1.0,1.0,0.0
id,0,75,b7c1,60.0,60.0,0.0,0.0,0.0,0.0,0.0,1.0,1.0,0.0
id,0,75,b7c1,60.0,240.0,0.0,0.0,0.0,0.0,0.0,1.0,1.0,0.0
id,0,75,b7c1,90.0,120.0,120.00000762939453,120.00000762939453,0.0,0.0,0.0,0.0,0.0,0.0
id,0,75,b7c1,90.0,300.0,60.000003814697266,0.0,60.000003814697266,0.0,60.0,0.0,1.0,-1.0
id,0,75,b7c1,120.0,0.0,0.0,0.0,0.0,0.0,0.0,1.0,1.0,0.0
id,0,75,b7c1,120.0,180.0,0.0,0.0,0.0,0.0,0.0,1.0,1.0,0.0
id,0,75,b7c1,150.0,60.0,0.0,0.0,0.0,0.0,0.0,1.0,1.0,0.0
id,0,75,b7c1,150.0,240.0,0.0,0.0,0.0,0.0,0.0,1.0,1.0,0.0
id,0,75,b7fd,30.0,30.0,28.95502281188965,28.95502281188965,0.0,0.0,0.0,0.0,0.0,0.0
id,0,75,b7fd,30.0,210.0,128.68218994140625,120.00000762939453,8.682182312011719,0.0,60.0,0.0,0.0,0.0
id,0,75,b7fd,60.0,90.0,0.0,0.0,0.0,0.0,0.0,1.0,1.0,0.0
id,0,75,b7fd,60.0,270.0,0.0,0.0,0.0,0.0,0.0,1.0,1.0,0.0
id,0,75,b7fd,90.0,150.0,180.0,60.000003814697266,119.99999618530273,0.0,120.0,0.0,0.0,0.0
id,0,75,b7fd,90.0,330.0,0.0,120.00000762939453,-120.00000762939453,0.0,-120.0,1.0,0.0,1.0
id,0,75,b7fd,120.0,30.0,66.45188903808594,25.905075073242188,40.54681396484375,60.0,0.0,0.0,0.0,0.0
id,0,75,b7fd,120.0,210.0,82.81924438476562,128.6822052001953,-45.86296081542969,0.0,-60.0,0.0,0.0,0.0
id,0,75,b7fd,150.0,90.0,0.0,0.0,0.0,0.0,0.0,1.0,1.0,0.0
id,0,75,b7fd,150.0,270.0,0.0,0.0,0.0,0.0,0.0,1.0,1.0,0.0
id,0,75,b80b,30.0,60.0,0.0,0.0,0.0,0.0,0.0,1.0,1.0,0.0
id,0,75,b80b,30.0,240.0,0.0,0.0,0.0,0.0,0.0,1.0,1.0,0.0
id,0,75,b80b,60.0,120.0,0.0,0.0,0.0,0.0,0.0,1.0,1.0,0.0
id,0,75,b80b,60.0,300.0,0.0,0.0,0.0,0.0,0.0,1.0,1.0,0.0
id,0,75,b80b,90.0,0.0,0.0,0.0,0.0,0.0,0.0,1.0,1.0,0.0
id,0,75,b80b,90.0,180.0,180.0,180.0,0.0,0.0,0.0,0.0,0.0,0.0
id,0,75,b80b,120.0,60.0,0.0,0.0,0.0,0.0,0.0,1.0,1.0,0.0
id,0,75,b80b,120.0,240.0,0.0,0.0,0.0,0.0,0.0,1.0,1.0,0.0
id,0,75,b80b,150.0,120.0,0.0,0.0,0.0,0.0,0.0,1.0,1.0,0.0
id,0,75,b80b,150.0,300.0,0.0,0.0,0.0,0.0,0.0,1.0,1.0,0.0
id,0,75,b812,30.0,90.0,0.0,0.0,0.0,0.0,0.0,1.0,1.0,0.0
id,0,75,b812,30.0,270.0,0.0,0.0,0.0,0.0,0.0,1.0,1.0,0.0
id,0,75,b812,60.0,150.0,0.0,0.0,0.0,0.0,0.0,1.0,1.0,0.0
id,0,75,b812,60.0,330.0,0.0,0.0,0.0,0.0,0.0,1.0,1.0,0.0
id,0,75,b812,90.0,30.0,180.0,180.0,0.0,0.0,0.0,0.0,0.0,0.0
id,0,75,b812,90.0,210.0,0.0,0.0,0.0,0.0,0.0,1.0,1.0,0.0
id,0,75,b812,120.0,90.0,0.0,0.0,0.0,0.0,0.0,1.0,1.0,0.0
id,0,75,b812,120.0,270.0,0.0,0.0,0.0,0.0,0.0,1.0,1.0,0.0
id,0,75,b812,150.0,150.0,0.0,0.0,0.0,0.0,0.0,1.0,1.0,0.0
id,0,75,b812,150.0,330.0,0.0,0.0,0.0,0.0,0.0,1.0,1.0,0.0
id,0,75,b827,30.0,120.0,0.0,0.0,0.0,0.0,0.0,1.0,1.0,0.0
id,0,75,b827,30.0,300.0,0.0,0.0,0.0,0.0,0.0,1.0,1.0,0.0
id,0,75,b827,60.0,0.0,0.0,0.0,0.0,0.0,0.0,1.0,1.0,0.0
id,0,75,b827,60.0,180.0,0.0,0.0,0.0,0.0,0.0,1.0,1.0,0.0
id,0,75,b827,90.0,60.0,180.0,180.0,0.0,0.0,0.0,0.0,0.0,0.0
id,0,75,b827,90.0,240.0,0.0,0.0,0.0,0.0,0.0,1.0,1.0,0.0
id,0,75,b827,120.0,120.0,0.0,0.0,0.0,0.0,0.0,1.0,1.0,0.0
id,0,75,b827,120.0,300.0,0.0,0.0,0.0,0.0,0.0,1.0,1.0,0.0
id,0,75,b827,150.0,0.0,0.0,0.0,0.0,0.0,0.0,1.0,1.0,0.0
id,0,75,b827,150.0,180.0,0.0,0.0,0.0,0.0,0.0,1.0,1.0,0.0
id,0,75,b871,30.0,150.0,0.0,0.0,0.0,0.0,0.0,1.0,1.0,0.0
id,0,75,b871,30.0,330.0,0.0,0.0,0.0,0.0,0.0,1.0,1.0,0.0
id,0,75,b871,60.0,30.0,0.0,0.0,0.0,0.0,0.0,1.0,1.0,0.0
id,0,75,b871,60.0,210.0,0.0,0.0,0.0,0.0,0.0,1.0,1.0,0.0
id,0,75,b871,90.0,90.0,0.0,180.0,-180.0,0.0,-180.0,1.0,0.0,1.0
id,0,75,b871,90.0,270.0,180.0,180.0,0.0,0.0,0.0,0.0,0.0,0.0
id,0,75,b871,120.0,150.0,0.0,0.0,0.0,0.0,0.0,1.0,1.0,0.0
id,0,75,b871,120.0,330.0,0.0,0.0,0.0,0.0,0.0,1.0,1.0,0.0
id,0,75,b871,150.0,30.0,0.0,0.0,0.0,0.0,0.0,1.0,1.0,0.0
id,0,75,b871,150.0,210.0,0.0,0.0,0.0,0.0,0.0,1.0,1.0,0.0
id,0,75,b8ed,30.0,0.0,0.0,0.0,0.0,0.0,0.0,1.0,1.0,0.0
id,0,75,b8ed,30.0,180.0,0.0,0.0,0.0,0.0,0.0,1.0,1.0,0.0
id,0,75,b8ed,60.0,60.0,0.0,0.0,0.0,0.0,0.0,1.0,1.0,0.0
id,0,75,b8ed,60.0,240.0,113.5481185913086,97.1807632446289,16.367355346679688,0.0,30.0,0.0,0.0,0.0
id,0,75,b8ed,90.0,120.0,120.00000762939453,120.00000762939453,0.0,0.0,0.0,0.0,0.0,0.0
id,0,75,b8ed,90.0,300.0,0.0,0.0,0.0,0.0,0.0,1.0,1.0,0.0
id,0,75,b8ed,120.0,0.0,0.0,0.0,0.0,0.0,0.0,1.0,1.0,0.0
id,0,75,b8ed,120.0,180.0,0.0,0.0,0.0,0.0,0.0,1.0,1.0,0.0
id,0,75,b8ed,150.0,60.0,0.0,0.0,0.0,0.0,0.0,1.0,1.0,0.0
id,0,75,b8ed,150.0,240.0,14.870942115783691,60.000003814697266,-45.129061698913574,0.0,-150.0,0.0,0.0,0.0
id,0,75,b905,30.0,30.0,0.0,0.0,0.0,0.0,0.0,1.0,1.0,0.0
id,0,75,b905,30.0,210.0,0.0,0.0,0.0,0.0,0.0,1.0,1.0,0.0
id,0,75,b905,60.0,90.0,0.0,0.0,0.0,0.0,0.0,1.0,1.0,0.0
id,0,75,b905,60.0,270.0,0.0,0.0,0.0,0.0,0.0,1.0,1.0,0.0
id,0,75,b905,90.0,150.0,180.0,180.0,0.0,0.0,0.0,0.0,0.0,0.0
id,0,75,b905,90.0,330.0,0.0,0.0,0.0,0.0,0.0,1.0,1.0,0.0
id,0,75,b905,120.0,30.0,0.0,82.81924438476562,-82.81924438476562,-60.0,-60.0,1.0,0.0,1.0
id,0,75,b905,120.0,210.0,0.0,0.0,0.0,0.0,0.0,1.0,1.0,0.0
id,0,75,b905,150.0,90.0,0.0,0.0,0.0,0.0,0.0,1.0,1.0,0.0
id,0,75,b905,150.0,270.0,0.0,0.0,0.0,0.0,0.0,1.0,1.0,0.0
id,0,75,b943,30.0,60.0,0.0,0.0,0.0,0.0,0.0,1.0,1.0,0.0
id,0,75,b943,30.0,240.0,0.0,0.0,0.0,0.0,0.0,1.0,1.0,0.0
id,0,75,b943,60.0,120.0,0.0,0.0,0.0,0.0,0.0,1.0,1.0,0.0
id,0,75,b943,60.0,300.0,0.0,0.0,0.0,0.0,0.0,1.0,1.0,0.0
id,0,75,b943,90.0,0.0,180.0,0.0,180.0,0.0,180.0,0.0,1.0,-1.0
id,0,75,b943,90.0,180.0,0.0,180.0,-180.0,0.0,-180.0,1.0,0.0,1.0
id,0,75,b943,120.0,60.0,0.0,0.0,0.0,0.0,0.0,1.0,1.0,0.0
id,0,75,b943,120.0,240.0,0.0,0.0,0.0,0.0,0.0,1.0,1.0,0.0
id,0,75,b943,150.0,120.0,0.0,0.0,0.0,0.0,0.0,1.0,1.0,0.0
id,0,75,b943,150.0,300.0,0.0,0.0,0.0,0.0,0.0,1.0,1.0,0.0
id,0,75,b974,30.0,90.0,0.0,0.0,0.0,0.0,0.0,1.0,1.0,0.0
id,0,75,b974,30.0,270.0,0.0,0.0,0.0,0.0,0.0,1.0,1.0,0.0
id,0,75,b974,60.0,150.0,0.0,82.81924438476562,-82.81924438476562,-60.0,-60.0,1.0,0.0,1.0
id,0,75,b974,60.0,330.0,0.0,0.0,0.0,0.0,0.0,1.0,1.0,0.0
id,0,75,b974,90.0,30.0,0.0,0.0,0.0,0.0,0.0,1.0,1.0,0.0
id,0,75,b974,90.0,210.0,0.0,0.0,0.0,0.0,0.0,1.0,1.0,0.0
id,0,75,b974,120.0,90.0,0.0,0.0,0.0,0.0,0.0,1.0,1.0,0.0
id,0,75,b974,120.0,270.0,0.0,0.0,0.0,0.0,0.0,1.0,1.0,0.0
id,0,75,b974,150.0,150.0,0.0,0.0,0.0,0.0,0.0,1.0,1.0,0.0
id,0,75,b974,150.0,330.0,0.0,0.0,0.0,0.0,0.0,1.0,1.0,0.0
id,0,75,b979,30.0,120.0,180.0,128.68218994140625,51.31781005859375,0.0,120.0,0.0,0.0,0.0
id,0,75,b979,30.0,300.0,122.24180603027344,41.40962219238281,80.83218383789062,120.0,-60.0,0.0,0.0,0.0
id,0,75,b979,60.0,0.0,30.000001907348633,30.000001907348633,0.0,0.0,0.0,0.0,0.0,0.0
id,0,75,b979,60.0,180.0,30.000001907348633,30.000001907348633,0.0,0.0,0.0,0.0,0.0,0.0
id,0,75,b979,90.0,60.0,119.99999237060547,119.99999237060547,0.0,0.0,0.0,0.0,0.0,0.0
id,0,75,b979,90.0,240.0,60.000003814697266,60.000003814697266,0.0,0.0,0.0,0.0,0.0,0.0
id,0,75,b979,120.0,120.0,104.47750854492188,128.6822052001953,-24.204696655273438,0.0,-30.0,0.0,0.0,0.0
id,0,75,b979,120.0,300.0,130.50535583496094,130.50535583496094,0.0,0.0,0.0,0.0,0.0,0.0
id,0,75,b979,150.0,0.0,60.000003814697266,60.000003814697266,0.0,0.0,0.0,0.0,0.0,0.0
id,0,75,b979,150.0,180.0,0.0,60.000003814697266,-60.000003814697266,0.0,-180.0,1.0,0.0,1.0
id,0,75,b97b,30.0,150.0,0.0,151.04498291015625,-151.04498291015625,-120.0,-120.0,1.0,0.0,1.0
id,0,75,b97b,30.0,330.0,0.0,0.0,0.0,0.0,0.0,1.0,1.0,0.0
id,0,75,b97b,60.0,30.0,0.0,0.0,0.0,0.0,0.0,1.0,1.0,0.0
id,0,75,b97b,60.0,210.0,0.0,0.0,0.0,0.0,0.0,1.0,1.0,0.0
id,0,75,b97b,90.0,90.0,0.0,180.0,-180.0,0.0,-180.0,1.0,0.0,1.0
id,0,75,b97b,90.0,270.0,180.0,0.0,180.0,0.0,180.0,0.0,1.0,-1.0
id,0,75,b97b,120.0,150.0,0.0,0.0,0.0,0.0,0.0,1.0,1.0,0.0
id,0,75,b97b,120.0,330.0,0.0,0.0,0.0,0.0,0.0,1.0,1.0,0.0
id,0,75,b97b,150.0,30.0,0.0,0.0,0.0,0.0,0.0,1.0,1.0,0.0
id,0,75,b97b,150.0,210.0,0.0,0.0,0.0,0.0,0.0,1.0,1.0,0.0
id,0,75,b9e6,30.0,0.0,0.0,0.0,0.0,0.0,0.0,1.0,1.0,0.0
id,0,75,b9e6,30.0,180.0,0.0,0.0,0.0,0.0,0.0,1.0,1.0,0.0
id,0,75,b9e6,60.0,60.0,0.0,0.0,0.0,0.0,0.0,1.0,1.0,0.0
id,0,75,b9e6,60.0,240.0,0.0,0.0,0.0,0.0,0.0,1.0,1.0,0.0
id,0,75,b9e6,90.0,120.0,120.00000762939453,120.00000762939453,0.0,0.0,0.0,0.0,0.0,0.0
id,0,75,b9e6,90.0,300.0,60.000003814697266,60.000003814697266,0.0,0.0,0.0,0.0,0.0,0.0
id,0,75,b9e6,120.0,0.0,0.0,0.0,0.0,0.0,0.0,1.0,1.0,0.0
id,0,75,b9e6,120.0,180.0,0.0,0.0,0.0,0.0,0.0,1.0,1.0,0.0
id,0,75,b9e6,150.0,60.0,0.0,0.0,0.0,0.0,0.0,1.0,1.0,0.0
id,0,75,b9e6,150.0,240.0,0.0,0.0,0.0,0.0,0.0,1.0,1.0,0.0
id,0,75,ba0f,30.0,30.0,165.12905883789062,128.68218994140625,36.446868896484375,0.0,90.0,0.0,0.0,0.0
id,0,75,ba0f,30.0,210.0,51.31781005859375,51.31781005859375,0.0,0.0,0.0,0.0,0.0,0.0
id,0,75,ba0f,60.0,90.0,0.0,25.905075073242188,-25.905075073242188,0.0,-30.0,1.0,0.0,1.0
id,0,75,ba0f,60.0,270.0,64.34110260009766,150.0,-85.65889739990234,0.0,-120.0,0.0,0.0,0.0
id,0,75,ba0f,90.0,150.0,180.0,150.0,30.0,0.0,30.0,0.0,0.0,0.0
id,0,75,ba0f,90.0,330.0,30.00000762939453,150.0,-119.99999237060547,0.0,-120.0,0.0,0.0,0.0
id,0,75,ba0f,120.0,30.0,0.0,0.0,0.0,0.0,0.0,1.0,1.0,0.0
id,0,75,ba0f,120.0,210.0,128.6822052001953,180.0,-51.31779479980469,0.0,-60.0,0.0,0.0,0.0
id,0,75,ba0f,150.0,90.0,0.0,0.0,0.0,0.0,0.0,1.0,1.0,0.0
id,0,75,ba0f,150.0,270.0,122.24180603027344,122.24180603027344,0.0,0.0,0.0,0.0,0.0,0.0
id,0,75,baa9,30.0,60.0,0.0,0.0,0.0,0.0,0.0,1.0,1.0,0.0
id,0,75,baa9,30.0,240.0,0.0,0.0,0.0,0.0,0.0,1.0,1.0,0.0
id,0,75,baa9,60.0,120.0,0.0,0.0,0.0,0.0,0.0,1.0,1.0,0.0
id,0,75,baa9,60.0,300.0,0.0,0.0,0.0,0.0,0.0,1.0,1.0,0.0
id,0,75,baa9,90.0,0.0,0.0,0.0,0.0,0.0,0.0,1.0,1.0,0.0
id,0,75,baa9,90.0,180.0,180.0,180.0,0.0,0.0,0.0,0.0,0.0,0.0
id,0,75,baa9,120.0,60.0,0.0,0.0,0.0,0.0,0.0,1.0,1.0,0.0
id,0,75,baa9,120.0,240.0,0.0,0.0,0.0,0.0,0.0,1.0,1.0,0.0
id,0,75,baa9,150.0,120.0,0.0,0.0,0.0,0.0,0.0,1.0,1.0,0.0
id,0,75,baa9,150.0,300.0,0.0,0.0,0.0,0.0,0.0,1.0,1.0,0.0
id,0,75,bb26,30.0,90.0,180.0,180.0,0.0,0.0,0.0,0.0,0.0,0.0
id,0,75,bb26,30.0,270.0,0.0,0.0,0.0,0.0,0.0,1.0,1.0,0.0
id,0,75,bb26,60.0,150.0,82.81924438476562,82.81924438476562,0.0,0.0,0.0,0.0,0.0,0.0
id,0,75,bb26,60.0,330.0,0.0,66.45188903808594,-66.45188903808594,-60.0,-30.0,1.0,0.0,1.0
id,0,75,bb26,90.0,30.0,0.0,120.00000762939453,-120.00000762939453,0.0,-120.0,1.0,0.0,1.0
id,0,75,bb26,90.0,210.0,180.0,60.000003814697266,119.99999618530273,0.0,120.0,0.0,0.0,0.0
id,0,75,bb26,120.0,90.0,180.0,60.000003814697266,119.99999618530273,0.0,180.0,0.0,0.0,0.0
id,0,75,bb26,120.0,270.0,0.0,0.0,0.0,0.0,0.0,1.0,1.0,0.0
id,0,75,bb26,150.0,150.0,151.04498291015625,60.000003814697266,91.04497909545898,120.0,-60.0,0.0,0.0,0.0
id,0,75,bb26,150.0,330.0,128.68218994140625,122.24180603027344,6.4403839111328125,0.0,30.0,0.0,0.0,0.0
id,0,75,bb7c,30.0,120.0,0.0,0.0,0.0,0.0,0.0,1.0,1.0,0.0
id,0,75,bb7c,30.0,300.0,0.0,0.0,0.0,0.0,0.0,1.0,1.0,0.0
id,0,75,bb7c,60.0,0.0,0.0,0.0,0.0,0.0,0.0,1.0,1.0,0.0
id,0,75,bb7c,60.0,180.0,25.905075073242188,0.0,25.905075073242188,0.0,30.0,0.0,1.0,-1.0
id,0,75,bb7c,90.0,60.0,0.0,0.0,0.0,0.0,0.0,1.0,1.0,0.0
id,0,75,bb7c,90.0,240.0,120.00000762939453,60.000003814697266,60.000003814697266,0.0,60.0,0.0,0.0,0.0
id,0,75,bb7c,120.0,120.0,0.0,0.0,0.0,0.0,0.0,1.0,1.0,0.0
id,0,75,bb7c,120.0,300.0,0.0,0.0,0.0,0.0,0.0,1.0,1.0,0.0
id,0,75,bb7c,150.0,0.0,0.0,0.0,0.0,0.0,0.0,1.0,1.0,0.0
id,0,75,bb7c,150.0,180.0,0.0,0.0,0.0,0.0,0.0,1.0,1.0,0.0
id,0,75,bb7d,30.0,150.0,151.04498291015625,151.04498291015625,0.0,0.0,0.0,0.0,0.0,0.0
id,0,75,bb7d,30.0,330.0,128.68218994140625,128.68218994140625,0.0,0.0,0.0,0.0,0.0,0.0
id,0,75,bb7d,60.0,30.0,51.31782150268555,0.0,51.31782150268555,0.0,60.0,0.0,1.0,-1.0
id,0,75,bb7d,60.0,210.0,120.00000762939453,113.54812622070312,6.451881408691406,0.0,30.0,0.0,0.0,0.0
id,0,75,bb7d,90.0,90.0,0.0,0.0,0.0,0.0,0.0,1.0,1.0,0.0
id,0,75,bb7d,90.0,270.0,180.0,180.0,0.0,0.0,0.0,0.0,0.0,0.0
id,0,75,bb7d,120.0,150.0,128.6822052001953,120.00000762939453,8.682197570800781,60.0,-60.0,0.0,0.0,0.0
id,0,75,bb7d,120.0,330.0,82.81924438476562,0.0,82.81924438476562,60.0,60.0,0.0,1.0,-1.0
id,0,75,bb7d,150.0,30.0,0.0,0.0,0.0,0.0,0.0,1.0,1.0,0.0
id,0,75,bb7d,150.0,210.0,60.000003814697266,60.000003814697266,0.0,0.0,0.0,0.0,0.0,0.0
id,0,75,bbc6,30.0,0.0,0.0,0.0,0.0,0.0,0.0,1.0,1.0,0.0
id,0,75,bbc6,30.0,180.0,0.0,0.0,0.0,0.0,0.0,1.0,1.0,0.0
id,0,75,bbc6,60.0,60.0,128.68218994140625,0.0,128.68218994140625,60.0,120.0,0.0,1.0,-1.0
id,0,75,bbc6,60.0,240.0,25.905075073242188,0.0,25.905075073242188,0.0,30.0,0.0,1.0,-1.0
id,0,75,bbc6,90.0,120.0,180.0,120.00000762939453,59.99999237060547,0.0,60.0,0.0,0.0,0.0
id,0,75,bbc6,90.0,300.0,119.99999237060547,60.000003814697266,59.9999885559082,0.0,60.0,0.0,0.0,0.0
id,0,75,bbc6,120.0,0.0,29.99998664855957,29.99998664855957,0.0,0.0,0.0,0.0,0.0,0.0
id,0,75,bbc6,120.0,180.0,29.99998664855957,29.99998664855957,0.0,0.0,0.0,0.0,0.0,0.0
id,0,75,bbc6,150.0,60.0,0.0,0.0,0.0,0.0,0.0,1.0,1.0,0.0
id,0,75,bbc6,150.0,240.0,60.000003814697266,60.000003814697266,0.0,0.0,0.0,0.0,0.0,0.0
id,0,75,bc2c,30.0,30.0,93.32575225830078,122.24180603027344,-28.916053771972656,-30.0,0.0,0.0,0.0,0.0
id,0,75,bc2c,30.0,210.0,60.000003814697266,57.7581901550293,2.2418136596679688,0.0,30.0,0.0,0.0,0.0
id,0,75,bc2c,60.0,90.0,120.00000762939453,120.00000762939453,0.0,0.0,0.0,0.0,0.0,0.0
id,0,75,bc2c,60.0,270.0,0.0,0.0,0.0,0.0,0.0,1.0,1.0,0.0
id,0,75,bc2c,90.0,150.0,120.00000762939453,30.000001907348633,90.0000057220459,0.0,90.0,0.0,0.0,0.0
id,0,75,bc2c,90.0,330.0,60.00000762939453,120.00000762939453,-60.0,0.0,-60.0,0.0,0.0,0.0
id,0,75,bc2c,120.0,30.0,82.81924438476562,82.81924438476562,0.0,0.0,0.0,0.0,0.0,0.0
id,0,75,bc2c,120.0,210.0,82.81924438476562,180.0,-97.18075561523438,0.0,-120.0,0.0,0.0,0.0
id,0,75,bc2c,150.0,90.0,57.7581901550293,122.24180603027344,-64.48361587524414,-120.0,120.0,0.0,0.0,0.0
id,0,75,bc2c,150.0,270.0,165.12905883789062,0.0,165.12905883789062,120.0,150.0,0.0,1.0,-1.0
id,0,76,b7c1,30.0,0.0,0.0,0.0,0.0,0.0,0.0,1.0,1.0,0.0
id,0,76,b7c1,30.0,180.0,0.0,0.0,0.0,0.0,0.0,1.0,1.0,0.0
id,0,76,b7c1,60.0,60.0,60.000003814697266,104.47750854492188,-44.47750473022461,0.0,-90.0,0.0,0.0,0.0
id,0,76,b7c1,60.0,240.0,0.0,0.0,0.0,0.0,0.0,1.0,1.0,0.0
id,0,76,b7c1,90.0,120.0,60.000003814697266,120.00000762939453,-60.000003814697266,0.0,-60.0,0.0,0.0,0.0
id,0,76,b7c1,90.0,300.0,60.000003814697266,0.0,60.000003814697266,0.0,60.0,0.0,1.0,-1.0
id,0,76,b7c1,120.0,0.0,0.0,0.0,0.0,0.0,0.0,1.0,1.0,0.0
id,0,76,b7c1,120.0,180.0,0.0,0.0,0.0,0.0,0.0,1.0,1.0,0.0
id,0,76,b7c1,150.0,60.0,0.0,0.0,0.0,0.0,0.0,1.0,1.0,0.0
id,0,76,b7c1,150.0,240.0,0.0,0.0,0.0,0.0,0.0,1.0,1.0,0.0
id,0,76,b7fd,30.0,30.0,0.0,122.24180603027344,-122.24180603027344,-120.0,-30.0,1.0,0.0,1.0
id,0,76,b7fd,30.0,210.0,122.24180603027344,128.68218994140625,-6.4403839111328125,0.0,-30.0,0.0,0.0,0.0
id,0,76,b7fd,60.0,90.0,0.0,0.0,0.0,0.0,0.0,1.0,1.0,0.0
id,0,76,b7fd,60.0,270.0,25.905075073242188,25.905075073242188,0.0,0.0,0.0,0.0,0.0,0.0
id,0,76,b7fd,90.0,150.0,0.0,30.000001907348633,-30.000001907348633,0.0,-30.0,1.0,0.0,1.0
id,0,76,b7fd,90.0,330.0,180.0,60.00000762939453,119.99999237060547,0.0,120.0,0.0,0.0,0.0
id,0,76,b7fd,120.0,30.0,82.81924438476562,82.81924438476562,0.0,0.0,0.0,0.0,0.0,0.0
id,0,76,b7fd,120.0,210.0,75.52249145507812,51.31781005859375,24.204681396484375,0.0,30.0,0.0,0.0,0.0
id,0,76,b7fd,150.0,90.0,0.0,0.0,0.0,0.0,0.0,1.0,1.0,0.0
id,0,76,b7fd,150.0,270.0,0.0,0.0,0.0,0.0,0.0,1.0,1.0,0.0
id,0,76,b80b,30.0,60.0,0.0,0.0,0.0,0.0,0.0,1.0,1.0,0.0
id,0,76,b80b,30.0,240.0,0.0,0.0,0.0,0.0,0.0,1.0,1.0,0.0
id,0,76,b80b,60.0,120.0,0.0,0.0,0.0,0.0,0.0,1.0,1.0,0.0
id,0,76,b80b,60.0,300.0,0.0,128.68218994140625,-128.68218994140625,-60.0,-120.0,1.0,0.0,1.0
id,0,76,b80b,90.0,0.0,180.0,180.0,0.0,0.0,0.0,0.0,0.0,0.0
id,0,76,b80b,90.0,180.0,0.0,180.0,-180.0,0.0,-180.0,1.0,0.0,1.0
id,0,76,b80b,120.0,60.0,0.0,0.0,0.0,0.0,0.0,1.0,1.0,0.0
id,0,76,b80b,120.0,240.0,0.0,0.0,0.0,0.0,0.0,1.0,1.0,0.0
id,0,76,b80b,150.0,120.0,0.0,0.0,0.0,0.0,0.0,1.0,1.0,0.0
id,0,76,b80b,150.0,300.0,0.0,0.0,0.0,0.0,0.0,1.0,1.0,0.0
id,0,76,b812,30.0,90.0,0.0,0.0,0.0,0.0,0.0,1.0,1.0,0.0
id,0,76,b812,30.0,270.0,0.0,0.0,0.0,0.0,0.0,1.0,1.0,0.0
id,0,76,b812,60.0,150.0,0.0,0.0,0.0,0.0,0.0,1.0,1.0,0.0
id,0,76,b812,60.0,330.0,0.0,0.0,0.0,0.0,0.0,1.0,1.0,0.0
id,0,76,b812,90.0,30.0,0.0,0.0,0.0,0.0,0.0,1.0,1.0,0.0
id,0,76,b812,90.0,210.0,0.0,0.0,0.0,0.0,0.0,1.0,1.0,0.0
id,0,76,b812,120.0,90.0,0.0,0.0,0.0,0.0,0.0,1.0,1.0,0.0
id,0,76,b812,120.0,270.0,0.0,0.0,0.0,0.0,0.0,1.0,1.0,0.0
id,0,76,b812,150.0,150.0,0.0,0.0,0.0,0.0,0.0,1.0,1.0,0.0
id,0,76,b812,150.0,330.0,0.0,0.0,0.0,0.0,0.0,1.0,1.0,0.0
id,0,76,b827,30.0,120.0,0.0,0.0,0.0,0.0,0.0,1.0,1.0,0.0
id,0,76,b827,30.0,300.0,0.0,0.0,0.0,0.0,0.0,1.0,1.0,0.0
id,0,76,b827,60.0,0.0,0.0,0.0,0.0,0.0,0.0,1.0,1.0,0.0
id,0,76,b827,60.0,180.0,0.0,0.0,0.0,0.0,0.0,1.0,1.0,0.0
id,0,76,b827,90.0,60.0,0.0,60.000003814697266,-60.000003814697266,0.0,-60.0,1.0,0.0,1.0
id,0,76,b827,90.0,240.0,0.0,120.00000762939453,-120.00000762939453,0.0,-120.0,1.0,0.0,1.0
id,0,76,b827,120.0,120.0,0.0,0.0,0.0,0.0,0.0,1.0,1.0,0.0
id,0,76,b827,120.0,300.0,0.0,0.0,0.0,0.0,0.0,1.0,1.0,0.0
id,0,76,b827,150.0,0.0,0.0,0.0,0.0,0.0,0.0,1.0,1.0,0.0
id,0,76,b827,150.0,180.0,0.0,0.0,0.0,0.0,0.0,1.0,1.0,0.0
id,0,76,b871,30.0,150.0,0.0,0.0,0.0,0.0,0.0,1.0,1.0,0.0
id,0,76,b871,30.0,330.0,0.0,0.0,0.0,0.0,0.0,1.0,1.0,0.0
id,0,76,b871,60.0,30.0,0.0,0.0,0.0,0.0,0.0,1.0,1.0,0.0
id,0,76,b871,60.0,210.0,0.0,25.905075073242188,-25.905075073242188,0.0,-30.0,1.0,0.0,1.0
id,0,76,b871,90.0,90.0,180.0,180.0,0.0,0.0,0.0,0.0,0.0,0.0
id,0,76,b871,90.0,270.0,0.0,180.0,-180.0,0.0,-180.0,1.0,0.0,1.0
id,0,76,b871,120.0,150.0,0.0,0.0,0.0,0.0,0.0,1.0,1.0,0.0
id,0,76,b871,120.0,330.0,0.0,0.0,0.0,0.0,0.0,1.0,1.0,0.0
id,0,76,b871,150.0,30.0,0.0,0.0,0.0,0.0,0.0,1.0,1.0,0.0
id,0,76,b871,150.0,210.0,0.0,0.0,0.0,0.0,0.0,1.0,1.0,0.0
id,0,76,b8ed,30.0,0.0,0.0,0.0,0.0,0.0,0.0,1.0,1.0,0.0
id,0,76,b8ed,30.0,180.0,0.0,0.0,0.0,0.0,0.0,1.0,1.0,0.0
id,0,76,b8ed,60.0,60.0,0.0,0.0,0.0,0.0,0.0,1.0,1.0,0.0
id,0,76,b8ed,60.0,240.0,0.0,0.0,0.0,0.0,0.0,1.0,1.0,0.0
id,0,76,b8ed,90.0,120.0,60.000003814697266,120.00000762939453,-60.000003814697266,0.0,-60.0,0.0,0.0,0.0
id,0,76,b8ed,90.0,300.0,60.000003814697266,60.000003814697266,0.0,0.0,0.0,0.0,0.0,0.0
id,0,76,b8ed,120.0,0.0,0.0,0.0,0.0,0.0,0.0,1.0,1.0,0.0
id,0,76,b8ed,120.0,180.0,0.0,0.0,0.0,0.0,0.0,1.0,1.0,0.0
id,0,76,b8ed,150.0,60.0,0.0,0.0,0.0,0.0,0.0,1.0,1.0,0.0
id,0,76,b8ed,150.0,240.0,0.0,0.0,0.0,0.0,0.0,1.0,1.0,0.0
id,0,76,b905,30.0,30.0,0.0,0.0,0.0,0.0,0.0,1.0,1.0,0.0
id,0,76,b905,30.0,210.0,0.0,0.0,0.0,0.0,0.0,1.0,1.0,0.0
id,0,76,b905,60.0,90.0,0.0,0.0,0.0,0.0,0.0,1.0,1.0,0.0
id,0,76,b905,60.0,270.0,113.54812622070312,0.0,113.54812622070312,0.0,150.0,0.0,1.0,-1.0
id,0,76,b905,90.0,150.0,0.0,180.0,-180.0,0.0,-180.0,1.0,0.0,1.0
id,0,76,b905,90.0,330.0,180.0,0.0,180.0,0.0,180.0,0.0,1.0,-1.0
id,0,76,b905,120.0,30.0,0.0,0.0,0.0,0.0,0.0,1.0,1.0,0.0
id,0,76,b905,120.0,210.0,0.0,0.0,0.0,0.0,0.0,1.0,1.0,0.0
id,0,76,b905,150.0,90.0,0.0,0.0,0.0,0.0,0.0,1.0,1.0,0.0
id,0,76,b905,150.0,270.0,0.0,0.0,0.0,0.0,0.0,1.0,1.0,0.0
id,0,76,b943,30.0,60.0,0.0,0.0,0.0,0.0,0.0,1.0,1.0,0.0
id,0,76,b943,30.0,240.0,0.0,0.0,0.0,0.0,0.0,1.0,1.0,0.0
id,0,76,b943,60.0,120.0,0.0,0.0,0.0,0.0,0.0,1.0,1.0,0.0
id,0,76,b943,60.0,300.0,0.0,0.0,0.0,0.0,0.0,1.0,1.0,0.0
id,0,76,b943,90.0,0.0,0.0,0.0,0.0,0.0,0.0,1.0,1.0,0.0
id,0,76,b943,90.0,180.0,180.0,180.0,0.0,0.0,0.0,0.0,0.0,0.0
id,0,76,b943,120.0,60.0,0.0,25.905075073242188,-25.905075073242188,0.0,-30.0,1.0,0.0,1.0
id,0,76,b943,120.0,240.0,25.905075073242188,120.00000762939453,-94.09493255615234,0.0,-150.0,0.0,0.0,0.0
id,0,76,b943,150.0,120.0,0.0,0.0,0.0,0.0,0.0,1.0,1.0,0.0
id,0,76,b943,150.0,300.0,0.0,0.0,0.0,0.0,0.0,1.0,1.0,0.0
id,0,76,b974,30.0,90.0,0.0,0.0,0.0,0.0,0.0,1.0,1.0,0.0
id,0,76,b974,30.0,270.0,0.0,0.0,0.0,0.0,0.0,1.0,1.0,0.0
id,0,76,b974,60.0,150.0,0.0,0.0,0.0,0.0,0.0,1.0,1.0,0.0
id,0,76,b974,60.0,330.0,0.0,25.90509033203125,-25.90509033203125,0.0,-30.0,1.0,0.0,1.0
id,0,76,b974,90.0,30.0,180.0,0.0,180.0,0.0,180.0,0.0,1.0,-1.0
id,0,76,b974,90.0,210.0,0.0,0.0,0.0,0.0,0.0,1.0,1.0,0.0
id,0,76,b974,120.0,90.0,0.0,0.0,0.0,0.0,0.0,1.0,1.0,0.0
id,0,76,b974,120.0,270.0,0.0,0.0,0.0,0.0,0.0,1.0,1.0,0.0
id,0,76,b974,150.0,150.0,0.0,0.0,0.0,0.0,0.0,1.0,1.0,0.0
id,0,76,b974,150.0,330.0,0.0,0.0,0.0,0.0,0.0,1.0,1.0,0.0
id,0,76,b979,30.0,120.0,28.95502281188965,28.95502281188965,0.0,0.0,0.0,0.0,0.0,0.0
id,0,76,b979,30.0,300.0,41.40962219238281,14.870942115783691,26.53868007659912,0.0,60.0,0.0,0.0,0.0
id,0,76,b979,60.0,0.0,30.000001907348633,30.000001907348633,0.0,0.0,0.0,0.0,0.0,0.0
id,0,76,b979,60.0,180.0,30.000001907348633,90.0,-59.99999809265137,0.0,-180.0,0.0,0.0,0.0
id,0,76,b979,90.0,60.0,119.99999237060547,60.000003814697266,59.9999885559082,0.0,60.0,0.0,0.0,0.0
id,0,76,b979,90.0,240.0,60.000003814697266,60.000003814697266,0.0,0.0,0.0,0.0,0.0,0.0
id,0,76,b979,120.0,120.0,128.6822052001953,82.81924438476562,45.86296081542969,0.0,60.0,0.0,0.0,0.0
id,0,76,b979,120.0,300.0,130.50535583496094,130.50535583496094,0.0,0.0,0.0,0.0,0.0,0.0
id,0,76,b979,150.0,0.0,0.0,60.000003814697266,-60.000003814697266,0.0,-180.0,1.0,0.0,1.0
id,0,76,b979,150.0,180.0,29.99998664855957,0.0,29.99998664855957,30.0,0.0,0.0,1.0,-1.0
id,0,76,b97b,30.0,150.0,0.0,122.24180603027344,-122.24180603027344,-120.0,-30.0,1.0,0.0,1.0
id,0,76,b97b,30.0,330.0,0.0,0.0,0.0,0.0,0.0,1.0,1.0,0.0
id,0,76,b97b,60.0,30.0,0.0,0.0,0.0,0.0,0.0,1.0,1.0,0.0
id,0,76,b97b,60.0,210.0,0.0,0.0,0.0,0.0,0.0,1.0,1.0,0.0
id,0,76,b97b,90.0,90.0,180.0,0.0,180.0,0.0,180.0,0.0,1.0,-1.0
id,0,76,b97b,90.0,270.0,0.0,180.0,-180.0,0.0,-180.0,1.0,0.0,1.0
id,0,76,b97b,120.0,150.0,0.0,0.0,0.0,0.0,0.0,1.0,1.0,0.0
id,0,76,b97b,120.0,330.0,0.0,0.0,0.0,0.0,0.0,1.0,1.0,0.0
id,0,76,b97b,150.0,30.0,0.0,0.0,0.0,0.0,0.0,1.0,1.0,0.0
id,0,76,b97b,150.0,210.0,0.0,0.0,0.0,0.0,0.0,1.0,1.0,0.0
id,0,76,b9e6,30.0,0.0,0.0,0.0,0.0,0.0,0.0,1.0,1.0,0.0
id,0,76,b9e6,30.0,180.0,0.0,0.0,0.0,0.0,0.0,1.0,1.0,0.0
id,0,76,b9e6,60.0,60.0,0.0,0.0,0.0,0.0,0.0,1.0,1.0,0.0
id,0,76,b9e6,60.0,240.0,0.0,0.0,0.0,0.0,0.0,1.0,1.0,0.0
id,0,76,b9e6,90.0,120.0,60.000003814697266,120.00000762939453,-60.000003814697266,0.0,-60.0,0.0,0.0,0.0
id,0,76,b9e6,90.0,300.0,119.99999237060547,60.000003814697266,59.9999885559082,0.0,60.0,0.0,0.0,0.0
id,0,76,b9e6,120.0,0.0,0.0,0.0,0.0,0.0,0.0,1.0,1.0,0.0
id,0,76,b9e6,120.0,180.0,0.0,0.0,0.0,0.0,0.0,1.0,1.0,0.0
id,0,76,b9e6,150.0,60.0,0.0,0.0,0.0,0.0,0.0,1.0,1.0,0.0
id,0,76,b9e6,150.0,240.0,0.0,0.0,0.0,0.0,0.0,1.0,1.0,0.0
id,0,76,ba0f,30.0,30.0,151.04498291015625,128.68218994140625,22.36279296875,0.0,60.0,0.0,0.0,0.0
id,0,76,ba0f,30.0,210.0,151.04498291015625,151.04498291015625,0.0,0.0,0.0,0.0,0.0,0.0
id,0,76,ba0f,60.0,90.0,0.0,29.999998092651367,-29.999998092651367,-30.0,0.0,1.0,0.0,1.0
id,0,76,ba0f,60.0,270.0,41.40962219238281,138.59039306640625,-97.18077087402344,0.0,-120.0,0.0,0.0,0.0
id,0,76,ba0f,90.0,150.0,150.0,30.000001907348633,119.99999809265137,0.0,120.0,0.0,0.0,0.0
id,0,76,ba0f,90.0,330.0,30.00000762939453,150.0,-119.99999237060547,0.0,-120.0,0.0,0.0,0.0
id,0,76,ba0f,120.0,30.0,66.45188903808594,0.0,66.45188903808594,60.0,30.0,0.0,1.0,-1.0
id,0,76,ba0f,120.0,210.0,82.81924438476562,97.18075561523438,-14.36151123046875,60.0,-60.0,0.0,0.0,0.0
id,0,76,ba0f,150.0,90.0,0.0,0.0,0.0,0.0,0.0,1.0,1.0,0.0
id,0,76,ba0f,150.0,270.0,122.24180603027344,120.00000762939453,2.2417984008789062,0.0,30.0,0.0,0.0,0.0
id,0,76,baa9,30.0,60.0,0.0,0.0,0.0,0.0,0.0,1.0,1.0,0.0
id,0,76,baa9,30.0,240.0,0.0,0.0,0.0,0.0,0.0,1.0,1.0,0.0
id,0,76,baa9,60.0,120.0,0.0,0.0,0.0,0.0,0.0,1.0,1.0,0.0
id,0,76,baa9,60.0,300.0,0.0,128.68218994140625,-128.68218994140625,-60.0,-120.0,1.0,0.0,1.0
id,0,76,baa9,90.0,0.0,180.0,180.0,0.0,0.0,0.0,0.0,0.0,0.0
id,0,76,baa9,90.0,180.0,0.0,180.0,-180.0,0.0,-180.0,1.0,0.0,1.0
id,0,76,baa9,120.0,60.0,0.0,0.0,0.0,0.0,0.0,1.0,1.0,0.0
id,0,76,baa9,120.0,240.0,0.0,0.0,0.0,0.0,0.0,1.0,1.0,0.0
id,0,76,baa9,150.0,120.0,0.0,0.0,0.0,0.0,0.0,1.0,1.0,0.0
id,0,76,baa9,150.0,300.0,0.0,0.0,0.0,0.0,0.0,1.0,1.0,0.0
id,0,76,bb26,30.0,90.0,57.7581901550293,180.0,-122.2418098449707,-120.0,-30.0,0.0,0.0,0.0
id,0,76,bb26,30.0,270.0,0.0,0.0,0.0,0.0,0.0,1.0,1.0,0.0
id,0,76,bb26,60.0,150.0,82.81924438476562,0.0,82.81924438476562,60.0,60.0,0.0,1.0,-1.0
id,0,76,bb26,60.0,330.0,128.6822052001953,82.81924438476562,45.86296081542969,0.0,60.0,0.0,0.0,0.0
id,0,76,bb26,90.0,30.0,60.00000762939453,60.00000762939453,0.0,0.0,0.0,0.0,0.0,0.0
id,0,76,bb26,90.0,210.0,120.00000762939453,60.000003814697266,60.000003814697266,0.0,60.0,0.0,0.0,0.0
id,0,76,bb26,120.0,90.0,180.0,154.09490966796875,25.90509033203125,0.0,30.0,0.0,0.0,0.0
id,0,76,bb26,120.0,270.0,0.0,0.0,0.0,0.0,0.0,1.0,1.0,0.0
id,0,76,bb26,150.0,150.0,128.68218994140625,14.870942115783691,113.81124782562256,120.0,30.0,0.0,0.0,0.0
id,0,76,bb26,150.0,330.0,128.68218994140625,128.68218994140625,0.0,0.0,0.0,0.0,0.0,0.0
id,0,76,bb7c,30.0,120.0,0.0,0.0,0.0,0.0,0.0,1.0,1.0,0.0
id,0,76,bb7c,30.0,300.0,0.0,0.0,0.0,0.0,0.0,1.0,1.0,0.0
id,0,76,bb7c,60.0,0.0,0.0,0.0,0.0,0.0,0.0,1.0,1.0,0.0
id,0,76,bb7c,60.0,180.0,0.0,120.00000762939453,-120.00000762939453,0.0,-180.0,1.0,0.0,1.0
id,0,76,bb7c,90.0,60.0,60.000003814697266,60.000003814697266,0.0,0.0,0.0,0.0,0.0,0.0
id,0,76,bb7c,90.0,240.0,120.00000762939453,120.00000762939453,0.0,0.0,0.0,0.0,0.0,0.0
id,0,76,bb7c,120.0,120.0,0.0,0.0,0.0,0.0,0.0,1.0,1.0,0.0
id,0,76,bb7c,120.0,300.0,0.0,0.0,0.0,0.0,0.0,1.0,1.0,0.0
id,0,76,bb7c,150.0,0.0,0.0,0.0,0.0,0.0,0.0,1.0,1.0,0.0
id,0,76,bb7c,150.0,180.0,0.0,0.0,0.0,0.0,0.0,1.0,1.0,0.0
id,0,76,bb7d,30.0,150.0,151.04498291015625,138.59039306640625,12.45458984375,0.0,30.0,0.0,0.0,0.0
id,0,76,bb7d,30.0,330.0,128.68218994140625,138.59039306640625,-9.908203125,0.0,-30.0,0.0,0.0,0.0
id,0,76,bb7d,60.0,30.0,0.0,0.0,0.0,0.0,0.0,1.0,1.0,0.0
id,0,76,bb7d,60.0,210.0,113.5481185913086,120.00000762939453,-6.4518890380859375,0.0,-30.0,0.0,0.0,0.0
id,0,76,bb7d,90.0,90.0,0.0,180.0,-180.0,0.0,-180.0,1.0,0.0,1.0
id,0,76,bb7d,90.0,270.0,180.0,180.0,0.0,0.0,0.0,0.0,0.0,0.0
id,0,76,bb7d,120.0,150.0,97.18075561523438,180.0,-82.81924438476562,-60.0,-60.0,0.0,0.0,0.0
id,0,76,bb7d,120.0,330.0,150.0,82.81924438476562,67.18075561523438,-30.0,120.0,0.0,0.0,0.0
id,0,76,bb7d,150.0,30.0,0.0,60.000003814697266,-60.000003814697266,0.0,-180.0,1.0,0.0,1.0
id,0,76,bb7d,150.0,210.0,128.68218994140625,0.0,128.68218994140625,120.0,60.0,0.0,1.0,-1.0
id,0,76,bbc6,30.0,0.0,0.0,0.0,0.0,0.0,0.0,1.0,1.0,0.0
id,0,76,bbc6,30.0,180.0,0.0,0.0,0.0,0.0,0.0,1.0,1.0,0.0
id,0,76,bbc6,60.0,60.0,128.68218994140625,97.18075561523438,31.501434326171875,60.0,0.0,0.0,0.0,0.0
id,0,76,bbc6,60.0,240.0,51.31781005859375,25.905075073242188,25.412734985351562,0.0,30.0,0.0,0.0,0.0
id,0,76,bbc6,90.0,120.0,60.000003814697266,60.000003814697266,0.0,0.0,0.0,0.0,0.0,0.0
id,0,76,bbc6,90.0,300.0,119.99999237060547,150.0,-30.00000762939453,0.0,-30.0,0.0,0.0,0.0
id,0,76,bbc6,120.0,0.0,29.99998664855957,29.99998664855957,0.0,0.0,0.0,0.0,0.0,0.0
id,0,76,bbc6,120.0,180.0,29.99998664855957,29.99998664855957,0.0,0.0,0.0,0.0,0.0,0.0
id,0,76,bbc6,150.0,60.0,0.0,0.0,0.0,0.0,0.0,1.0,1.0,0.0
id,0,76,bbc6,150.0,240.0,57.7581901550293,60.000003814697266,-2.2418136596679688,0.0,-30.0,0.0,0.0,0.0
id,0,76,bc2c,30.0,30.0,51.31781005859375,60.000003814697266,-8.682193756103516,0.0,-60.0,0.0,0.0,0.0
id,0,76,bc2c,30.0,210.0,60.000003814697266,60.000003814697266,0.0,0.0,0.0,0.0,0.0,0.0
id,0,76,bc2c,60.0,90.0,120.00000762939453,120.00000762939453,0.0,0.0,0.0,0.0,0.0,0.0
id,0,76,bc2c,60.0,270.0,0.0,0.0,0.0,0.0,0.0,1.0,1.0,0.0
id,0,76,bc2c,90.0,150.0,30.000001907348633,60.000003814697266,-30.000001907348633,0.0,-30.0,0.0,0.0,0.0
id,0,76,bc2c,90.0,330.0,30.00000762939453,30.00000762939453,0.0,0.0,0.0,0.0,0.0,0.0
id,0,76,bc2c,120.0,30.0,128.6822052001953,82.81924438476562,45.86296081542969,0.0,60.0,0.0,0.0,0.0
id,0,76,bc2c,120.0,210.0,60.000003814697266,60.000003814697266,0.0,0.0,0.0,0.0,0.0,0.0
id,0,76,bc2c,150.0,90.0,60.000003814697266,165.12905883789062,-105.12905502319336,-120.0,30.0,0.0,0.0,0.0
id,0,76,bc2c,150.0,270.0,165.12905883789062,165.12905883789062,0.0,0.0,0.0,0.0,0.0,0.0
outer1,1,70,b827,30.0,0.0,0.0,0.0,0.0,0.0,0.0,1.0,1.0,0.0
outer1,1,70,b827,30.0,30.0,0.0,0.0,0.0,0.0,0.0,1.0,1.0,0.0
outer1,1,70,b827,30.0,60.0,0.0,0.0,0.0,0.0,0.0,1.0,1.0,0.0
outer1,1,70,b827,30.0,90.0,0.0,0.0,0.0,0.0,0.0,1.0,1.0,0.0
outer1,1,70,b827,30.0,120.0,0.0,60.000003814697266,-60.000003814697266,0.0,-180.0,1.0,0.0,1.0
outer1,1,70,b827,30.0,150.0,0.0,0.0,0.0,0.0,0.0,1.0,1.0,0.0
outer1,1,70,b827,30.0,180.0,0.0,0.0,0.0,0.0,0.0,1.0,1.0,0.0
outer1,1,70,b827,30.0,210.0,0.0,0.0,0.0,0.0,0.0,1.0,1.0,0.0
outer1,1,70,b827,30.0,240.0,0.0,0.0,0.0,0.0,0.0,1.0,1.0,0.0
outer1,1,70,b827,30.0,270.0,0.0,0.0,0.0,0.0,0.0,1.0,1.0,0.0
outer1,1,70,b827,30.0,300.0,0.0,0.0,0.0,0.0,0.0,1.0,1.0,0.0
outer1,1,70,b827,30.0,330.0,0.0,0.0,0.0,0.0,0.0,1.0,1.0,0.0
outer1,1,70,b827,60.0,0.0,0.0,0.0,0.0,0.0,0.0,1.0,1.0,0.0
outer1,1,70,b827,60.0,30.0,82.81924438476562,82.81924438476562,0.0,0.0,0.0,0.0,0.0,0.0
outer1,1,70,b827,60.0,60.0,0.0,0.0,0.0,0.0,0.0,1.0,1.0,0.0
outer1,1,70,b827,60.0,90.0,0.0,0.0,0.0,0.0,0.0,1.0,1.0,0.0
outer1,1,70,b827,60.0,120.0,0.0,0.0,0.0,0.0,0.0,1.0,1.0,0.0
outer1,1,70,b827,60.0,150.0,25.905075073242188,0.0,25.905075073242188,0.0,30.0,0.0,1.0,-1.0
outer1,1,70,b827,60.0,180.0,0.0,0.0,0.0,0.0,0.0,1.0,1.0,0.0
outer1,1,70,b827,60.0,210.0,51.31781005859375,82.81924438476562,-31.501434326171875,-60.0,0.0,0.0,0.0,0.0
outer1,1,70,b827,60.0,240.0,25.905075073242188,0.0,25.905075073242188,0.0,30.0,0.0,1.0,-1.0
outer1,1,70,b827,60.0,270.0,0.0,0.0,0.0,0.0,0.0,1.0,1.0,0.0
outer1,1,70,b827,60.0,300.0,0.0,0.0,0.0,0.0,0.0,1.0,1.0,0.0
outer1,1,70,b827,60.0,330.0,0.0,0.0,0.0,0.0,0.0,1.0,1.0,0.0
outer1,1,70,b827,90.0,0.0,0.0,0.0,0.0,0.0,0.0,1.0,1.0,0.0
outer1,1,70,b827,90.0,30.0,0.0,180.0,-180.0,0.0,-180.0,1.0,0.0,1.0
outer1,1,70,b827,90.0,60.0,60.000003814697266,60.000003814697266,0.0,0.0,0.0,0.0,0.0,0.0
outer1,1,70,b827,90.0,90.0,180.0,0.0,180.0,0.0,180.0,0.0,1.0,-1.0
outer1,1,70,b827,90.0,120.0,0.0,0.0,0.0,0.0,0.0,1.0,1.0,0.0
outer1,1,70,b827,90.0,150.0,0.0,120.00000762939453,-120.00000762939453,0.0,-120.0,1.0,0.0,1.0
outer1,1,70,b827,90.0,180.0,180.0,180.0,0.0,0.0,0.0,0.0,0.0,0.0
outer1,1,70,b827,90.0,210.0,0.0,0.0,0.0,0.0,0.0,1.0,1.0,0.0
outer1,1,70,b827,90.0,240.0,0.0,120.00000762939453,-120.00000762939453,0.0,-120.0,1.0,0.0,1.0
outer1,1,70,b827,90.0,270.0,0.0,0.0,0.0,0.0,0.0,1.0,1.0,0.0
outer1,1,70,b827,90.0,300.0,180.0,150.0,30.0,-30.0,0.0,0.0,0.0,0.0
outer1,1,70,b827,90.0,330.0,180.0,60.00000762939453,119.99999237060547,0.0,120.0,0.0,0.0,0.0
outer1,1,70,b827,120.0,0.0,0.0,0.0,0.0,0.0,0.0,1.0,1.0,0.0
outer1,1,70,b827,120.0,30.0,93.32575225830078,120.00000762939453,-26.67425537109375,90.0,-150.0,0.0,0.0,0.0
outer1,1,70,b827,120.0,60.0,0.0,0.0,0.0,0.0,0.0,1.0,1.0,0.0
outer1,1,70,b827,120.0,90.0,0.0,0.0,0.0,0.0,0.0,1.0,1.0,0.0
outer1,1,70,b827,120.0,120.0,0.0,0.0,0.0,0.0,0.0,1.0,1.0,0.0
outer1,1,70,b827,120.0,150.0,60.000003814697266,0.0,60.000003814697266,60.0,0.0,0.0,1.0,-1.0
outer1,1,70,b827,120.0,180.0,0.0,0.0,0.0,0.0,0.0,1.0,1.0,0.0
outer1,1,70,b827,120.0,210.0,90.0,82.81924438476562,7.180755615234375,30.0,-60.0,0.0,0.0,0.0
outer1,1,70,b827,120.0,240.0,0.0,0.0,0.0,0.0,0.0,1.0,1.0,0.0
outer1,1,70,b827,120.0,270.0,0.0,0.0,0.0,0.0,0.0,1.0,1.0,0.0
outer1,1,70,b827,120.0,300.0,0.0,0.0,0.0,0.0,0.0,1.0,1.0,0.0
outer1,1,70,b827,120.0,330.0,0.0,0.0,0.0,0.0,0.0,1.0,1.0,0.0
outer1,1,70,b827,150.0,0.0,0.0,0.0,0.0,0.0,0.0,1.0,1.0,0.0
outer1,1,70,b827,150.0,30.0,0.0,0.0,0.0,0.0,0.0,1.0,1.0,0.0
outer1,1,70,b827,150.0,60.0,0.0,0.0,0.0,0.0,0.0,1.0,1.0,0.0
outer1,1,70,b827,150.0,90.0,0.0,0.0,0.0,0.0,0.0,1.0,1.0,0.0
outer1,1,70,b827,150.0,120.0,0.0,0.0,0.0,0.0,0.0,1.0,1.0,0.0
outer1,1,70,b827,150.0,150.0,0.0,0.0,0.0,0.0,0.0,1.0,1.0,0.0
outer1,1,70,b827,150.0,180.0,0.0,0.0,0.0,0.0,0.0,1.0,1.0,0.0
outer1,1,70,b827,150.0,210.0,0.0,0.0,0.0,0.0,0.0,1.0,1.0,0.0
outer1,1,70,b827,150.0,240.0,0.0,0.0,0.0,0.0,0.0,1.0,1.0,0.0
outer1,1,70,b827,150.0,270.0,0.0,0.0,0.0,0.0,0.0,1.0,1.0,0.0
outer1,1,70,b827,150.0,300.0,0.0,0.0,0.0,0.0,0.0,1.0,1.0,0.0
outer1,1,70,b827,150.0,330.0,0.0,0.0,0.0,0.0,0.0,1.0,1.0,0.0
outer1,1,70,b871,30.0,0.0,0.0,0.0,0.0,0.0,0.0,1.0,1.0,0.0
outer1,1,70,b871,30.0,30.0,0.0,0.0,0.0,0.0,0.0,1.0,1.0,0.0
outer1,1,70,b871,30.0,60.0,0.0,0.0,0.0,0.0,0.0,1.0,1.0,0.0
outer1,1,70,b871,30.0,90.0,0.0,0.0,0.0,0.0,0.0,1.0,1.0,0.0
outer1,1,70,b871,30.0,120.0,0.0,0.0,0.0,0.0,0.0,1.0,1.0,0.0
outer1,1,70,b871,30.0,150.0,0.0,0.0,0.0,0.0,0.0,1.0,1.0,0.0
outer1,1,70,b871,30.0,180.0,0.0,0.0,0.0,0.0,0.0,1.0,1.0,0.0
outer1,1,70,b871,30.0,210.0,0.0,0.0,0.0,0.0,0.0,1.0,1.0,0.0
outer1,1,70,b871,30.0,240.0,0.0,0.0,0.0,0.0,0.0,1.0,1.0,0.0
outer1,1,70,b871,30.0,270.0,0.0,0.0,0.0,0.0,0.0,1.0,1.0,0.0
outer1,1,70,b871,30.0,300.0,0.0,0.0,0.0,0.0,0.0,1.0,1.0,0.0
outer1,1,70,b871,30.0,330.0,0.0,0.0,0.0,0.0,0.0,1.0,1.0,0.0
outer1,1,70,b871,60.0,0.0,0.0,0.0,0.0,0.0,0.0,1.0,1.0,0.0
outer1,1,70,b871,60.0,30.0,0.0,0.0,0.0,0.0,0.0,1.0,1.0,0.0
outer1,1,70,b871,60.0,60.0,0.0,0.0,0.0,0.0,0.0,1.0,1.0,0.0
outer1,1,70,b871,60.0,90.0,0.0,0.0,0.0,0.0,0.0,1.0,1.0,0.0
outer1,1,70,b871,60.0,120.0,128.6822052001953,0.0,128.6822052001953,60.0,120.0,0.0,1.0,-1.0
outer1,1,70,b871,60.0,150.0,0.0,0.0,0.0,0.0,0.0,1.0,1.0,0.0
outer1,1,70,b871,60.0,180.0,0.0,0.0,0.0,0.0,0.0,1.0,1.0,0.0
outer1,1,70,b871,60.0,210.0,0.0,0.0,0.0,0.0,0.0,1.0,1.0,0.0
outer1,1,70,b871,60.0,240.0,0.0,0.0,0.0,0.0,0.0,1.0,1.0,0.0
outer1,1,70,b871,60.0,270.0,0.0,0.0,0.0,0.0,0.0,1.0,1.0,0.0
outer1,1,70,b871,60.0,300.0,0.0,0.0,0.0,0.0,0.0,1.0,1.0,0.0
outer1,1,70,b871,60.0,330.0,0.0,0.0,0.0,0.0,0.0,1.0,1.0,0.0
outer1,1,70,b871,90.0,0.0,0.0,0.0,0.0,0.0,0.0,1.0,1.0,0.0
outer1,1,70,b871,90.0,30.0,0.0,180.0,-180.0,0.0,-180.0,1.0,0.0,1.0
outer1,1,70,b871,90.0,60.0,60.000003814697266,60.000003814697266,0.0,0.0,0.0,0.0,0.0,0.0
outer1,1,70,b871,90.0,90.0,180.0,180.0,0.0,0.0,0.0,0.0,0.0,0.0
outer1,1,70,b871,90.0,120.0,0.0,0.0,0.0,0.0,0.0,1.0,1.0,0.0
outer1,1,70,b871,90.0,150.0,120.00000762939453,120.00000762939453,0.0,0.0,0.0,0.0,0.0,0.0
outer1,1,70,b871,90.0,180.0,180.0,180.0,0.0,0.0,0.0,0.0,0.0,0.0
outer1,1,70,b871,90.0,210.0,180.0,0.0,180.0,0.0,180.0,0.0,1.0,-1.0
outer1,1,70,b871,90.0,240.0,120.00000762939453,60.000003814697266,60.000003814697266,0.0,60.0,0.0,0.0,0.0
outer1,1,70,b871,90.0,270.0,0.0,180.0,-180.0,0.0,-180.0,1.0,0.0,1.0
outer1,1,70,b871,90.0,300.0,0.0,180.0,-180.0,0.0,-180.0,1.0,0.0,1.0
outer1,1,70,b871,90.0,330.0,120.00000762939453,120.00000762939453,0.0,0.0,0.0,0.0,0.0,0.0
outer1,1,70,b871,120.0,0.0,0.0,0.0,0.0,0.0,0.0,1.0,1.0,0.0
outer1,1,70,b871,120.0,30.0,0.0,0.0,0.0,0.0,0.0,1.0,1.0,0.0
outer1,1,70,b871,120.0,60.0,0.0,0.0,0.0,0.0,0.0,1.0,1.0,0.0
outer1,1,70,b871,120.0,90.0,0.0,0.0,0.0,0.0,0.0,1.0,1.0,0.0
outer1,1,70,b871,120.0,120.0,128.6822052001953,60.000003814697266,68.68220138549805,0.0,120.0,0.0,0.0,0.0
outer1,1,70,b871,120.0,150.0,0.0,0.0,0.0,0.0,0.0,1.0,1.0,0.0
outer1,1,70,b871,120.0,180.0,0.0,0.0,0.0,0.0,0.0,1.0,1.0,0.0
outer1,1,70,b871,120.0,210.0,0.0,25.905075073242188,-25.905075073242188,0.0,-30.0,1.0,0.0,1.0
outer1,1,70,b871,120.0,240.0,0.0,0.0,0.0,0.0,0.0,1.0,1.0,0.0
outer1,1,70,b871,120.0,270.0,0.0,0.0,0.0,0.0,0.0,1.0,1.0,0.0
outer1,1,70,b871,120.0,300.0,0.0,0.0,0.0,0.0,0.0,1.0,1.0,0.0
outer1,1,70,b871,120.0,330.0,0.0,0.0,0.0,0.0,0.0,1.0,1.0,0.0
outer1,1,70,b871,150.0,0.0,0.0,0.0,0.0,0.0,0.0,1.0,1.0,0.0
outer1,1,70,b871,150.0,30.0,0.0,0.0,0.0,0.0,0.0,1.0,1.0,0.0
outer1,1,70,b871,150.0,60.0,0.0,0.0,0.0,0.0,0.0,1.0,1.0,0.0
outer1,1,70,b871,150.0,90.0,0.0,0.0,0.0,0.0,0.0,1.0,1.0,0.0
outer1,1,70,b871,150.0,120.0,0.0,0.0,0.0,0.0,0.0,1.0,1.0,0.0
outer1,1,70,b871,150.0,150.0,0.0,0.0,0.0,0.0,0.0,1.0,1.0,0.0
outer1,1,70,b871,150.0,180.0,0.0,0.0,0.0,0.0,0.0,1.0,1.0,0.0
outer1,1,70,b871,150.0,210.0,0.0,0.0,0.0,0.0,0.0,1.0,1.0,0.0
outer1,1,70,b871,150.0,240.0,0.0,0.0,0.0,0.0,0.0,1.0,1.0,0.0
outer1,1,70,b871,150.0,270.0,0.0,0.0,0.0,0.0,0.0,1.0,1.0,0.0
outer1,1,70,b871,150.0,300.0,0.0,0.0,0.0,0.0,0.0,1.0,1.0,0.0
outer1,1,70,b871,150.0,330.0,0.0,0.0,0.0,0.0,0.0,1.0,1.0,0.0
outer1,1,70,b905,30.0,0.0,0.0,0.0,0.0,0.0,0.0,1.0,1.0,0.0
outer1,1,70,b905,30.0,30.0,0.0,0.0,0.0,0.0,0.0,1.0,1.0,0.0
outer1,1,70,b905,30.0,60.0,0.0,0.0,0.0,0.0,0.0,1.0,1.0,0.0
outer1,1,70,b905,30.0,90.0,0.0,0.0,0.0,0.0,0.0,1.0,1.0,0.0
outer1,1,70,b905,30.0,120.0,0.0,0.0,0.0,0.0,0.0,1.0,1.0,0.0
outer1,1,70,b905,30.0,150.0,0.0,0.0,0.0,0.0,0.0,1.0,1.0,0.0
outer1,1,70,b905,30.0,180.0,0.0,0.0,0.0,0.0,0.0,1.0,1.0,0.0
outer1,1,70,b905,30.0,210.0,0.0,0.0,0.0,0.0,0.0,1.0,1.0,0.0
outer1,1,70,b905,30.0,240.0,0.0,0.0,0.0,0.0,0.0,1.0,1.0,0.0
outer1,1,70,b905,30.0,270.0,0.0,0.0,0.0,0.0,0.0,1.0,1.0,0.0
outer1,1,70,b905,30.0,300.0,0.0,0.0,0.0,0.0,0.0,1.0,1.0,0.0
outer1,1,70,b905,30.0,330.0,0.0,0.0,0.0,0.0,0.0,1.0,1.0,0.0
outer1,1,70,b905,60.0,0.0,0.0,0.0,0.0,0.0,0.0,1.0,1.0,0.0
outer1,1,70,b905,60.0,30.0,0.0,0.0,0.0,0.0,0.0,1.0,1.0,0.0
outer1,1,70,b905,60.0,60.0,0.0,0.0,0.0,0.0,0.0,1.0,1.0,0.0
outer1,1,70,b905,60.0,90.0,0.0,0.0,0.0,0.0,0.0,1.0,1.0,0.0
outer1,1,70,b905,60.0,120.0,25.905075073242188,0.0,25.905075073242188,0.0,30.0,0.0,1.0,-1.0
outer1,1,70,b905,60.0,150.0,0.0,0.0,0.0,0.0,0.0,1.0,1.0,0.0
outer1,1,70,b905,60.0,180.0,0.0,0.0,0.0,0.0,0.0,1.0,1.0,0.0
outer1,1,70,b905,60.0,210.0,0.0,0.0,0.0,0.0,0.0,1.0,1.0,0.0
outer1,1,70,b905,60.0,240.0,128.6822052001953,128.6822052001953,0.0,0.0,0.0,0.0,0.0,0.0
outer1,1,70,b905,60.0,270.0,0.0,0.0,0.0,0.0,0.0,1.0,1.0,0.0
outer1,1,70,b905,60.0,300.0,0.0,0.0,0.0,0.0,0.0,1.0,1.0,0.0
outer1,1,70,b905,60.0,330.0,0.0,0.0,0.0,0.0,0.0,1.0,1.0,0.0
outer1,1,70,b905,90.0,0.0,0.0,0.0,0.0,0.0,0.0,1.0,1.0,0.0
outer1,1,70,b905,90.0,30.0,120.00000762939453,60.00000762939453,60.0,0.0,60.0,0.0,0.0,0.0
outer1,1,70,b905,90.0,60.0,0.0,0.0,0.0,0.0,0.0,1.0,1.0,0.0
outer1,1,70,b905,90.0,90.0,0.0,0.0,0.0,0.0,0.0,1.0,1.0,0.0
outer1,1,70,b905,90.0,120.0,60.000003814697266,60.000003814697266,0.0,0.0,0.0,0.0,0.0,0.0
outer1,1,70,b905,90.0,150.0,180.0,0.0,180.0,0.0,180.0,0.0,1.0,-1.0
outer1,1,70,b905,90.0,180.0,180.0,180.0,0.0,0.0,0.0,0.0,0.0,0.0
outer1,1,70,b905,90.0,210.0,120.00000762939453,120.00000762939453,0.0,0.0,0.0,0.0,0.0,0.0
outer1,1,70,b905,90.0,240.0,30.000001907348633,180.0,-149.99999809265137,0.0,-150.0,0.0,0.0,0.0
outer1,1,70,b905,90.0,270.0,0.0,180.0,-180.0,0.0,-180.0,1.0,0.0,1.0
outer1,1,70,b905,90.0,300.0,60.000003814697266,60.000003814697266,0.0,0.0,0.0,0.0,0.0,0.0
outer1,1,70,b905,90.0,330.0,0.0,0.0,0.0,0.0,0.0,1.0,1.0,0.0
outer1,1,70,b905,120.0,0.0,0.0,0.0,0.0,0.0,0.0,1.0,1.0,0.0
outer1,1,70,b905,120.0,30.0,0.0,0.0,0.0,0.0,0.0,1.0,1.0,0.0
outer1,1,70,b905,120.0,60.0,0.0,0.0,0.0,0.0,0.0,1.0,1.0,0.0
outer1,1,70,b905,120.0,90.0,0.0,0.0,0.0,0.0,0.0,1.0,1.0,0.0
outer1,1,70,b905,120.0,120.0,0.0,0.0,0.0,0.0,0.0,1.0,1.0,0.0
outer1,1,70,b905,120.0,150.0,0.0,0.0,0.0,0.0,0.0,1.0,1.0,0.0
outer1,1,70,b905,120.0,180.0,0.0,0.0,0.0,0.0,0.0,1.0,1.0,0.0
outer1,1,70,b905,120.0,210.0,0.0,0.0,0.0,0.0,0.0,1.0,1.0,0.0
outer1,1,70,b905,120.0,240.0,0.0,0.0,0.0,0.0,0.0,1.0,1.0,0.0
outer1,1,70,b905,120.0,270.0,0.0,120.00000762939453,-120.00000762939453,0.0,-180.0,1.0,0.0,1.0
outer1,1,70,b905,120.0,300.0,0.0,0.0,0.0,0.0,0.0,1.0,1.0,0.0
outer1,1,70,b905,120.0,330.0,0.0,0.0,0.0,0.0,0.0,1.0,1.0,0.0
outer1,1,70,b905,150.0,0.0,0.0,0.0,0.0,0.0,0.0,1.0,1.0,0.0
outer1,1,70,b905,150.0,30.0,0.0,0.0,0.0,0.0,0.0,1.0,1.0,0.0
outer1,1,70,b905,150.0,60.0,0.0,0.0,0.0,0.0,0.0,1.0,1.0,0.0
outer1,1,70,b905,150.0,90.0,0.0,0.0,0.0,0.0,0.0,1.0,1.0,0.0
outer1,1,70,b905,150.0,120.0,0.0,0.0,0.0,0.0,0.0,1.0,1.0,0.0
outer1,1,70,b905,150.0,150.0,0.0,0.0,0.0,0.0,0.0,1.0,1.0,0.0
outer1,1,70,b905,150.0,180.0,0.0,0.0,0.0,0.0,0.0,1.0,1.0,0.0
outer1,1,70,b905,150.0,210.0,0.0,0.0,0.0,0.0,0.0,1.0,1.0,0.0
outer1,1,70,b905,150.0,240.0,0.0,0.0,0.0,0.0,0.0,1.0,1.0,0.0
outer1,1,70,b905,150.0,270.0,0.0,0.0,0.0,0.0,0.0,1.0,1.0,0.0
outer1,1,70,b905,150.0,300.0,0.0,0.0,0.0,0.0,0.0,1.0,1.0,0.0
outer1,1,70,b905,150.0,330.0,0.0,0.0,0.0,0.0,0.0,1.0,1.0,0.0
outer1,1,70,bb7d,30.0,0.0,60.000003814697266,120.00000762939453,-60.000003814697266,-120.0,180.0,0.0,0.0,0.0
outer1,1,70,bb7d,30.0,30.0,0.0,60.000003814697266,-60.000003814697266,0.0,-180.0,1.0,0.0,1.0
outer1,1,70,bb7d,30.0,60.0,151.04498291015625,57.7581901550293,93.28679275512695,120.0,-30.0,0.0,0.0,0.0
outer1,1,70,bb7d,30.0,90.0,180.0,180.0,0.0,0.0,0.0,0.0,0.0,0.0
outer1,1,70,bb7d,30.0,120.0,128.68218994140625,128.68218994140625,0.0,0.0,0.0,0.0,0.0,0.0
outer1,1,70,bb7d,30.0,150.0,151.04498291015625,128.68218994140625,22.36279296875,0.0,60.0,0.0,0.0,0.0
outer1,1,70,bb7d,30.0,180.0,120.00000762939453,180.0,-59.99999237060547,0.0,-180.0,0.0,0.0,0.0
outer1,1,70,bb7d,30.0,210.0,57.7581901550293,0.0,57.7581901550293,0.0,150.0,0.0,1.0,-1.0
outer1,1,70,bb7d,30.0,240.0,60.000003814697266,60.000003814697266,0.0,0.0,0.0,0.0,0.0,0.0
outer1,1,70,bb7d,30.0,270.0,0.0,0.0,0.0,0.0,0.0,1.0,1.0,0.0
outer1,1,70,bb7d,30.0,300.0,0.0,0.0,0.0,0.0,0.0,1.0,1.0,0.0
outer1,1,70,bb7d,30.0,330.0,128.68218994140625,128.68218994140625,0.0,0.0,0.0,0.0,0.0,0.0
outer1,1,70,bb7d,60.0,0.0,180.0,180.0,0.0,0.0,0.0,0.0,0.0,0.0
outer1,1,70,bb7d,60.0,30.0,82.81924438476562,82.81924438476562,0.0,0.0,0.0,0.0,0.0,0.0
outer1,1,70,bb7d,60.0,60.0,30.000001907348633,0.0,30.000001907348633,30.0,0.0,0.0,1.0,-1.0
outer1,1,70,bb7d,60.0,90.0,180.0,180.0,0.0,0.0,0.0,0.0,0.0,0.0
outer1,1,70,bb7d,60.0,120.0,66.45188903808594,66.45188903808594,0.0,0.0,0.0,0.0,0.0,0.0
outer1,1,70,bb7d,60.0,150.0,128.6822052001953,120.00000762939453,8.682197570800781,60.0,-60.0,0.0,0.0,0.0
outer1,1,70,bb7d,60.0,180.0,60.000003814697266,60.000003814697266,0.0,0.0,0.0,0.0,0.0,0.0
outer1,1,70,bb7d,60.0,210.0,128.6822052001953,97.1807632446289,31.501441955566406,60.0,0.0,0.0,0.0,0.0
outer1,1,70,bb7d,60.0,240.0,113.5481185913086,113.5481185913086,0.0,0.0,0.0,0.0,0.0,0.0
outer1,1,70,bb7d,60.0,270.0,29.999998092651367,29.999998092651367,0.0,0.0,0.0,0.0,0.0,0.0
outer1,1,70,bb7d,60.0,300.0,130.50535583496094,25.905075073242188,104.60028076171875,90.0,90.0,0.0,0.0,0.0
outer1,1,70,bb7d,60.0,330.0,82.81924438476562,82.81924438476562,0.0,0.0,0.0,0.0,0.0,0.0
outer1,1,70,bb7d,90.0,0.0,64.34110260009766,115.65889739990234,-51.31779479980469,0.0,-60.0,0.0,0.0,0.0
outer1,1,70,bb7d,90.0,30.0,138.59039306640625,138.59039306640625,0.0,0.0,0.0,0.0,0.0,0.0
outer1,1,70,bb7d,90.0,60.0,138.59039306640625,138.59039306640625,0.0,0.0,0.0,0.0,0.0,0.0
outer1,1,70,bb7d,90.0,90.0,180.0,180.0,0.0,0.0,0.0,0.0,0.0,0.0
outer1,1,70,bb7d,90.0,120.0,138.59039306640625,138.59039306640625,0.0,0.0,0.0,0.0,0.0,0.0
outer1,1,70,bb7d,90.0,150.0,90.0,90.0,0.0,0.0,0.0,0.0,0.0,0.0
outer1,1,70,bb7d,90.0,180.0,115.6589126586914,64.34110260009766,51.31781005859375,0.0,60.0,0.0,0.0,0.0
outer1,1,70,bb7d,90.0,210.0,41.40962219238281,41.40962219238281,0.0,0.0,0.0,0.0,0.0,0.0
outer1,1,70,bb7d,90.0,240.0,41.40962219238281,41.40962219238281,0.0,0.0,0.0,0.0,0.0,0.0
outer1,1,70,bb7d,90.0,270.0,0.0,0.0,0.0,0.0,0.0,1.0,1.0,0.0
outer1,1,70,bb7d,90.0,300.0,41.40962219238281,41.40962219238281,0.0,0.0,0.0,0.0,0.0,0.0
outer1,1,70,bb7d,90.0,330.0,90.0,90.0,0.0,0.0,0.0,0.0,0.0,0.0
outer1,1,70,bb7d,120.0,0.0,120.00000762939453,120.00000762939453,0.0,0.0,0.0,0.0,0.0,0.0
outer1,1,70,bb7d,120.0,30.0,0.0,60.000003814697266,-60.000003814697266,-60.0,0.0,1.0,0.0,1.0
outer1,1,70,bb7d,120.0,60.0,29.99998664855957,25.905075073242188,4.094911575317383,30.0,-30.0,0.0,0.0,0.0
outer1,1,70,bb7d,120.0,90.0,60.000003814697266,60.000003814697266,0.0,0.0,0.0,0.0,0.0,0.0
outer1,1,70,bb7d,120.0,120.0,93.32575225830078,102.50392150878906,-9.178169250488281,0.0,-30.0,0.0,0.0,0.0
outer1,1,70,bb7d,120.0,150.0,120.00000762939453,120.00000762939453,0.0,0.0,0.0,0.0,0.0,0.0
outer1,1,70,bb7d,120.0,180.0,0.0,60.000003814697266,-60.000003814697266,-60.0,0.0,1.0,0.0,1.0
outer1,1,70,bb7d,120.0,210.0,120.00000762939453,128.6822052001953,-8.682197570800781,-60.0,60.0,0.0,0.0,0.0
outer1,1,70,bb7d,120.0,240.0,113.54811096191406,113.54811096191406,0.0,0.0,0.0,0.0,0.0,0.0
outer1,1,70,bb7d,120.0,270.0,30.000001907348633,0.0,30.000001907348633,30.0,0.0,0.0,1.0,-1.0
outer1,1,70,bb7d,120.0,300.0,130.50535583496094,130.50535583496094,0.0,0.0,0.0,0.0,0.0,0.0
outer1,1,70,bb7d,120.0,330.0,0.0,60.000003814697266,-60.000003814697266,-60.0,0.0,1.0,0.0,1.0
outer1,1,70,bb7d,150.0,0.0,150.0,150.0,0.0,0.0,0.0,0.0,0.0,0.0
outer1,1,70,bb7d,150.0,30.0,0.0,0.0,0.0,0.0,0.0,1.0,1.0,0.0
outer1,1,70,bb7d,150.0,60.0,151.04498291015625,151.04498291015625,0.0,0.0,0.0,0.0,0.0,0.0
outer1,1,70,bb7d,150.0,90.0,120.00000762939453,120.00000762939453,0.0,0.0,0.0,0.0,0.0,0.0
outer1,1,70,bb7d,150.0,120.0,128.68218994140625,128.68218994140625,0.0,0.0,0.0,0.0,0.0,0.0
outer1,1,70,bb7d,150.0,150.0,151.04498291015625,128.68218994140625,22.36279296875,0.0,60.0,0.0,0.0,0.0
outer1,1,70,bb7d,150.0,180.0,90.0,90.0,0.0,0.0,0.0,0.0,0.0,0.0
outer1,1,70,bb7d,150.0,210.0,60.000003814697266,0.0,60.000003814697266,0.0,180.0,0.0,1.0,-1.0
outer1,1,70,bb7d,150.0,240.0,60.000003814697266,165.12905883789062,-105.12905502319336,-120.0,30.0,0.0,0.0,0.0
outer1,1,70,bb7d,150.0,270.0,0.0,0.0,0.0,0.0,0.0,1.0,1.0,0.0
outer1,1,70,bb7d,150.0,300.0,0.0,151.04498291015625,-151.04498291015625,-120.0,-120.0,1.0,0.0,1.0
outer1,1,70,bb7d,150.0,330.0,128.68218994140625,151.04498291015625,-22.36279296875,0.0,-60.0,0.0,0.0,0.0
outer1,1,70,bbc6,30.0,0.0,0.0,0.0,0.0,0.0,0.0,1.0,1.0,0.0
outer1,1,70,bbc6,30.0,30.0,0.0,0.0,0.0,0.0,0.0,1.0,1.0,0.0
outer1,1,70,bbc6,30.0,60.0,0.0,0.0,0.0,0.0,0.0,1.0,1.0,0.0
outer1,1,70,bbc6,30.0,90.0,180.0,180.0,0.0,0.0,0.0,0.0,0.0,0.0
outer1,1,70,bbc6,30.0,120.0,151.04498291015625,151.04498291015625,0.0,0.0,0.0,0.0,0.0,0.0
outer1,1,70,bbc6,30.0,150.0,0.0,14.870942115783691,-14.870942115783691,0.0,-30.0,1.0,0.0,1.0
outer1,1,70,bbc6,30.0,180.0,0.0,0.0,0.0,0.0,0.0,1.0,1.0,0.0
outer1,1,70,bbc6,30.0,210.0,0.0,0.0,0.0,0.0,0.0,1.0,1.0,0.0
outer1,1,70,bbc6,30.0,240.0,0.0,0.0,0.0,0.0,0.0,1.0,1.0,0.0
outer1,1,70,bbc6,30.0,270.0,0.0,0.0,0.0,0.0,0.0,1.0,1.0,0.0
outer1,1,70,bbc6,30.0,300.0,120.00000762939453,14.870942115783691,105.12906551361084,120.0,-30.0,0.0,0.0,0.0
outer1,1,70,bbc6,30.0,330.0,0.0,0.0,0.0,0.0,0.0,1.0,1.0,0.0
outer1,1,70,bbc6,60.0,0.0,30.000001907348633,30.000001907348633,0.0,0.0,0.0,0.0,0.0,0.0
outer1,1,70,bbc6,60.0,30.0,0.0,0.0,0.0,0.0,0.0,1.0,1.0,0.0
outer1,1,70,bbc6,60.0,60.0,30.000001907348633,0.0,30.000001907348633,30.0,0.0,0.0,1.0,-1.0
outer1,1,70,bbc6,60.0,90.0,150.0,150.0,0.0,0.0,0.0,0.0,0.0,0.0
outer1,1,70,bbc6,60.0,120.0,130.50535583496094,130.50535583496094,0.0,0.0,0.0,0.0,0.0,0.0
outer1,1,70,bbc6,60.0,150.0,0.0,0.0,0.0,0.0,0.0,1.0,1.0,0.0
outer1,1,70,bbc6,60.0,180.0,90.0,90.0,0.0,-60.0,180.0,0.0,0.0,0.0
outer1,1,70,bbc6,60.0,210.0,82.81924438476562,82.81924438476562,0.0,0.0,0.0,0.0,0.0,0.0
outer1,1,70,bbc6,60.0,240.0,36.097782135009766,25.905075073242188,10.192707061767578,30.0,0.0,0.0,0.0,0.0
outer1,1,70,bbc6,60.0,270.0,30.000001907348633,0.0,30.000001907348633,30.0,0.0,0.0,1.0,-1.0
outer1,1,70,bbc6,60.0,300.0,0.0,97.18075561523438,-97.18075561523438,0.0,-120.0,1.0,0.0,1.0
outer1,1,70,bbc6,60.0,330.0,0.0,0.0,0.0,0.0,0.0,1.0,1.0,0.0
outer1,1,70,bbc6,90.0,0.0,0.0,0.0,0.0,0.0,0.0,1.0,1.0,0.0
outer1,1,70,bbc6,90.0,30.0,180.0,0.0,180.0,0.0,180.0,0.0,1.0,-1.0
outer1,1,70,bbc6,90.0,60.0,138.59039306640625,119.99999237060547,18.59040069580078,30.0,30.0,0.0,0.0,0.0
outer1,1,70,bbc6,90.0,90.0,180.0,0.0,180.0,0.0,180.0,0.0,1.0,-1.0
outer1,1,70,bbc6,90.0,120.0,138.59039306640625,150.0,-11.40960693359375,30.0,0.0,0.0,0.0,0.0
outer1,1,70,bbc6,90.0,150.0,0.0,0.0,0.0,0.0,0.0,1.0,1.0,0.0
outer1,1,70,bbc6,90.0,180.0,180.0,180.0,0.0,0.0,0.0,0.0,0.0,0.0
outer1,1,70,bbc6,90.0,210.0,0.0,180.0,-180.0,0.0,-180.0,1.0,0.0,1.0
outer1,1,70,bbc6,90.0,240.0,41.40962219238281,60.000003814697266,-18.590381622314453,30.0,-30.0,0.0,0.0,0.0
outer1,1,70,bbc6,90.0,270.0,0.0,180.0,-180.0,0.0,-180.0,1.0,0.0,1.0
outer1,1,70,bbc6,90.0,300.0,64.34110260009766,0.0,64.34110260009766,30.0,60.0,0.0,1.0,-1.0
outer1,1,70,bbc6,90.0,330.0,180.0,180.0,0.0,0.0,0.0,0.0,0.0,0.0
outer1,1,70,bbc6,120.0,0.0,29.99998664855957,29.99998664855957,0.0,0.0,0.0,0.0,0.0,0.0
outer1,1,70,bbc6,120.0,30.0,0.0,0.0,0.0,0.0,0.0,1.0,1.0,0.0
outer1,1,70,bbc6,120.0,60.0,0.0,0.0,0.0,0.0,0.0,1.0,1.0,0.0
outer1,1,70,bbc6,120.0,90.0,180.0,180.0,0.0,0.0,0.0,0.0,0.0,0.0
outer1,1,70,bbc6,120.0,120.0,128.6822052001953,128.6822052001953,0.0,0.0,0.0,0.0,0.0,0.0
outer1,1,70,bbc6,120.0,150.0,51.31781005859375,51.31781005859375,0.0,0.0,0.0,0.0,0.0,0.0
outer1,1,70,bbc6,120.0,180.0,29.99998664855957,90.0,-60.00001335144043,-60.0,0.0,0.0,0.0,0.0
outer1,1,70,bbc6,120.0,210.0,25.905075073242188,82.81924438476562,-56.91416931152344,-60.0,-30.0,0.0,0.0,0.0
outer1,1,70,bbc6,120.0,240.0,29.99998664855957,36.09777069091797,-6.097784042358398,0.0,-30.0,0.0,0.0,0.0
outer1,1,70,bbc6,120.0,270.0,29.99998664855957,0.0,29.99998664855957,30.0,0.0,0.0,1.0,-1.0
outer1,1,70,bbc6,120.0,300.0,29.99998664855957,97.18075561523438,-67.1807689666748,30.0,-120.0,0.0,0.0,0.0
outer1,1,70,bbc6,120.0,330.0,0.0,0.0,0.0,0.0,0.0,1.0,1.0,0.0
outer1,1,70,bbc6,150.0,0.0,0.0,0.0,0.0,0.0,0.0,1.0,1.0,0.0
outer1,1,70,bbc6,150.0,30.0,0.0,0.0,0.0,0.0,0.0,1.0,1.0,0.0
outer1,1,70,bbc6,150.0,60.0,0.0,0.0,0.0,0.0,0.0,1.0,1.0,0.0
outer1,1,70,bbc6,150.0,90.0,60.000003814697266,180.0,-119.99999618530273,-120.0,0.0,0.0,0.0,0.0
outer1,1,70,bbc6,150.0,120.0,151.04498291015625,151.04498291015625,0.0,0.0,0.0,0.0,0.0,0.0
outer1,1,70,bbc6,150.0,150.0,0.0,57.7581901550293,-57.7581901550293,0.0,-150.0,1.0,0.0,1.0
outer1,1,70,bbc6,150.0,180.0,120.00000762939453,120.00000762939453,0.0,0.0,0.0,0.0,0.0,0.0
outer1,1,70,bbc6,150.0,210.0,14.870942115783691,120.00000762939453,-105.12906551361084,-120.0,30.0,0.0,0.0,0.0
outer1,1,70,bbc6,150.0,240.0,0.0,0.0,0.0,0.0,0.0,1.0,1.0,0.0
outer1,1,70,bbc6,150.0,270.0,0.0,0.0,0.0,0.0,0.0,1.0,1.0,0.0
outer1,1,70,bbc6,150.0,300.0,0.0,122.24180603027344,-122.24180603027344,-120.0,-30.0,1.0,0.0,1.0
outer1,1,70,bbc6,150.0,330.0,0.0,14.870942115783691,-14.870942115783691,0.0,-30.0,1.0,0.0,1.0
outer1,1,71,b827,30.0,0.0,0.0,0.0,0.0,0.0,0.0,1.0,1.0,0.0
outer1,1,71,b827,30.0,30.0,0.0,0.0,0.0,0.0,0.0,1.0,1.0,0.0
outer1,1,71,b827,30.0,60.0,0.0,0.0,0.0,0.0,0.0,1.0,1.0,0.0
outer1,1,71,b827,30.0,90.0,120.00000762939453,0.0,120.00000762939453,120.0,0.0,0.0,1.0,-1.0
outer1,1,71,b827,30.0,120.0,0.0,60.000003814697266,-60.000003814697266,0.0,-180.0,1.0,0.0,1.0
outer1,1,71,b827,30.0,150.0,0.0,0.0,0.0,0.0,0.0,1.0,1.0,0.0
outer1,1,71,b827,30.0,180.0,0.0,0.0,0.0,0.0,0.0,1.0,1.0,0.0
outer1,1,71,b827,30.0,210.0,60.000003814697266,0.0,60.000003814697266,0.0,180.0,0.0,1.0,-1.0
outer1,1,71,b827,30.0,240.0,0.0,0.0,0.0,0.0,0.0,1.0,1.0,0.0
outer1,1,71,b827,30.0,270.0,0.0,0.0,0.0,0.0,0.0,1.0,1.0,0.0
outer1,1,71,b827,30.0,300.0,14.870942115783691,0.0,14.870942115783691,0.0,30.0,0.0,1.0,-1.0
outer1,1,71,b827,30.0,330.0,0.0,0.0,0.0,0.0,0.0,1.0,1.0,0.0
outer1,1,71,b827,60.0,0.0,0.0,30.000001907348633,-30.000001907348633,-30.0,0.0,1.0,0.0,1.0
outer1,1,71,b827,60.0,30.0,0.0,0.0,0.0,0.0,0.0,1.0,1.0,0.0
outer1,1,71,b827,60.0,60.0,0.0,0.0,0.0,0.0,0.0,1.0,1.0,0.0
outer1,1,71,b827,60.0,90.0,0.0,0.0,0.0,0.0,0.0,1.0,1.0,0.0
outer1,1,71,b827,60.0,120.0,0.0,0.0,0.0,0.0,0.0,1.0,1.0,0.0
outer1,1,71,b827,60.0,150.0,30.000001907348633,0.0,30.000001907348633,30.0,0.0,0.0,1.0,-1.0
outer1,1,71,b827,60.0,180.0,0.0,0.0,0.0,0.0,0.0,1.0,1.0,0.0
outer1,1,71,b827,60.0,210.0,0.0,0.0,0.0,0.0,0.0,1.0,1.0,0.0
outer1,1,71,b827,60.0,240.0,0.0,0.0,0.0,0.0,0.0,1.0,1.0,0.0
outer1,1,71,b827,60.0,270.0,0.0,0.0,0.0,0.0,0.0,1.0,1.0,0.0
outer1,1,71,b827,60.0,300.0,0.0,0.0,0.0,0.0,0.0,1.0,1.0,0.0
outer1,1,71,b827,60.0,330.0,30.000001907348633,0.0,30.000001907348633,30.0,0.0,0.0,1.0,-1.0
outer1,1,71,b827,90.0,0.0,0.0,0.0,0.0,0.0,0.0,1.0,1.0,0.0
outer1,1,71,b827,90.0,30.0,0.0,0.0,0.0,0.0,0.0,1.0,1.0,0.0
outer1,1,71,b827,90.0,60.0,60.000003814697266,60.000003814697266,0.0,0.0,0.0,0.0,0.0,0.0
outer1,1,71,b827,90.0,90.0,180.0,0.0,180.0,0.0,180.0,0.0,1.0,-1.0
outer1,1,71,b827,90.0,120.0,0.0,0.0,0.0,0.0,0.0,1.0,1.0,0.0
outer1,1,71,b827,90.0,150.0,120.00000762939453,0.0,120.00000762939453,0.0,120.0,0.0,1.0,-1.0
outer1,1,71,b827,90.0,180.0,180.0,180.0,0.0,0.0,0.0,0.0,0.0,0.0
outer1,1,71,b827,90.0,210.0,180.0,0.0,180.0,0.0,180.0,0.0,1.0,-1.0
outer1,1,71,b827,90.0,240.0,120.00000762939453,60.000003814697266,60.000003814697266,0.0,60.0,0.0,0.0,0.0
outer1,1,71,b827,90.0,270.0,0.0,0.0,0.0,0.0,0.0,1.0,1.0,0.0
outer1,1,71,b827,90.0,300.0,180.0,0.0,180.0,0.0,180.0,0.0,1.0,-1.0
outer1,1,71,b827,90.0,330.0,180.0,180.0,0.0,0.0,0.0,0.0,0.0,0.0
outer1,1,71,b827,120.0,0.0,0.0,0.0,0.0,0.0,0.0,1.0,1.0,0.0
outer1,1,71,b827,120.0,30.0,90.0,0.0,90.0,90.0,0.0,0.0,1.0,-1.0
outer1,1,71,b827,120.0,60.0,0.0,0.0,0.0,0.0,0.0,1.0,1.0,0.0
outer1,1,71,b827,120.0,90.0,0.0,0.0,0.0,0.0,0.0,1.0,1.0,0.0
outer1,1,71,b827,120.0,120.0,0.0,0.0,0.0,0.0,0.0,1.0,1.0,0.0
outer1,1,71,b827,120.0,150.0,90.0,0.0,90.0,90.0,0.0,0.0,1.0,-1.0
outer1,1,71,b827,120.0,180.0,0.0,29.99998664855957,-29.99998664855957,-30.0,0.0,1.0,0.0,1.0
outer1,1,71,b827,120.0,210.0,93.32575225830078,0.0,93.32575225830078,90.0,30.0,0.0,1.0,-1.0
outer1,1,71,b827,120.0,240.0,25.905075073242188,25.905075073242188,0.0,0.0,0.0,0.0,0.0,0.0
outer1,1,71,b827,120.0,270.0,0.0,0.0,0.0,0.0,0.0,1.0,1.0,0.0
outer1,1,71,b827,120.0,300.0,0.0,0.0,0.0,0.0,0.0,1.0,1.0,0.0
outer1,1,71,b827,120.0,330.0,29.99998664855957,0.0,29.99998664855957,30.0,0.0,0.0,1.0,-1.0
outer1,1,71,b827,150.0,0.0,0.0,0.0,0.0,0.0,0.0,1.0,1.0,0.0
outer1,1,71,b827,150.0,30.0,0.0,0.0,0.0,0.0,0.0,1.0,1.0,0.0
outer1,1,71,b827,150.0,60.0,0.0,0.0,0.0,0.0,0.0,1.0,1.0,0.0
outer1,1,71,b827,150.0,90.0,0.0,0.0,0.0,0.0,0.0,1.0,1.0,0.0
outer1,1,71,b827,150.0,120.0,0.0,0.0,0.0,0.0,0.0,1.0,1.0,0.0
outer1,1,71,b827,150.0,150.0,0.0,0.0,0.0,0.0,0.0,1.0,1.0,0.0
outer1,1,71,b827,150.0,180.0,0.0,0.0,0.0,0.0,0.0,1.0,1.0,0.0
outer1,1,71,b827,150.0,210.0,0.0,0.0,0.0,0.0,0.0,1.0,1.0,0.0
outer1,1,71,b827,150.0,240.0,0.0,0.0,0.0,0.0,0.0,1.0,1.0,0.0
outer1,1,71,b827,150.0,270.0,0.0,0.0,0.0,0.0,0.0,1.0,1.0,0.0
outer1,1,71,b827,150.0,300.0,0.0,0.0,0.0,0.0,0.0,1.0,1.0,0.0
outer1,1,71,b827,150.0,330.0,0.0,0.0,0.0,0.0,0.0,1.0,1.0,0.0
outer1,1,71,b871,30.0,0.0,0.0,0.0,0.0,0.0,0.0,1.0,1.0,0.0
outer1,1,71,b871,30.0,30.0,0.0,0.0,0.0,0.0,0.0,1.0,1.0,0.0
outer1,1,71,b871,30.0,60.0,0.0,0.0,0.0,0.0,0.0,1.0,1.0,0.0
outer1,1,71,b871,30.0,90.0,0.0,0.0,0.0,0.0,0.0,1.0,1.0,0.0
outer1,1,71,b871,30.0,120.0,0.0,0.0,0.0,0.0,0.0,1.0,1.0,0.0
outer1,1,71,b871,30.0,150.0,0.0,0.0,0.0,0.0,0.0,1.0,1.0,0.0
outer1,1,71,b871,30.0,180.0,0.0,0.0,0.0,0.0,0.0,1.0,1.0,0.0
outer1,1,71,b871,30.0,210.0,0.0,0.0,0.0,0.0,0.0,1.0,1.0,0.0
outer1,1,71,b871,30.0,240.0,0.0,0.0,0.0,0.0,0.0,1.0,1.0,0.0
outer1,1,71,b871,30.0,270.0,0.0,0.0,0.0,0.0,0.0,1.0,1.0,0.0
outer1,1,71,b871,30.0,300.0,0.0,0.0,0.0,0.0,0.0,1.0,1.0,0.0
outer1,1,71,b871,30.0,330.0,0.0,0.0,0.0,0.0,0.0,1.0,1.0,0.0
outer1,1,71,b871,60.0,0.0,0.0,0.0,0.0,0.0,0.0,1.0,1.0,0.0
outer1,1,71,b871,60.0,30.0,0.0,0.0,0.0,0.0,0.0,1.0,1.0,0.0
outer1,1,71,b871,60.0,60.0,0.0,0.0,0.0,0.0,0.0,1.0,1.0,0.0
outer1,1,71,b871,60.0,90.0,0.0,0.0,0.0,0.0,0.0,1.0,1.0,0.0
outer1,1,71,b871,60.0,120.0,60.000003814697266,0.0,60.000003814697266,60.0,0.0,0.0,1.0,-1.0
outer1,1,71,b871,60.0,150.0,0.0,0.0,0.0,0.0,0.0,1.0,1.0,0.0
outer1,1,71,b871,60.0,180.0,0.0,0.0,0.0,0.0,0.0,1.0,1.0,0.0
outer1,1,71,b871,60.0,210.0,0.0,0.0,0.0,0.0,0.0,1.0,1.0,0.0
outer1,1,71,b871,60.0,240.0,0.0,0.0,0.0,0.0,0.0,1.0,1.0,0.0
outer1,1,71,b871,60.0,270.0,0.0,0.0,0.0,0.0,0.0,1.0,1.0,0.0
outer1,1,71,b871,60.0,300.0,0.0,0.0,0.0,0.0,0.0,1.0,1.0,0.0
outer1,1,71,b871,60.0,330.0,0.0,0.0,0.0,0.0,0.0,1.0,1.0,0.0
outer1,1,71,b871,90.0,0.0,0.0,180.0,-180.0,0.0,-180.0,1.0,0.0,1.0
outer1,1,71,b871,90.0,30.0,0.0,0.0,0.0,0.0,0.0,1.0,1.0,0.0
outer1,1,71,b871,90.0,60.0,60.000003814697266,60.000003814697266,0.0,0.0,0.0,0.0,0.0,0.0
outer1,1,71,b871,90.0,90.0,180.0,180.0,0.0,0.0,0.0,0.0,0.0,0.0
outer1,1,71,b871,90.0,120.0,0.0,0.0,0.0,0.0,0.0,1.0,1.0,0.0
outer1,1,71,b871,90.0,150.0,120.00000762939453,0.0,120.00000762939453,0.0,120.0,0.0,1.0,-1.0
outer1,1,71,b871,90.0,180.0,180.0,180.0,0.0,0.0,0.0,0.0,0.0,0.0
outer1,1,71,b871,90.0,210.0,180.0,180.0,0.0,0.0,0.0,0.0,0.0,0.0
outer1,1,71,b871,90.0,240.0,120.00000762939453,60.000003814697266,60.000003814697266,0.0,60.0,0.0,0.0,0.0
outer1,1,71,b871,90.0,270.0,0.0,180.0,-180.0,0.0,-180.0,1.0,0.0,1.0
outer1,1,71,b871,90.0,300.0,150.0,180.0,-30.0,30.0,0.0,0.0,0.0,0.0
outer1,1,71,b871,90.0,330.0,180.0,180.0,0.0,0.0,0.0,0.0,0.0,0.0
outer1,1,71,b871,120.0,0.0,0.0,0.0,0.0,0.0,0.0,1.0,1.0,0.0
outer1,1,71,b871,120.0,30.0,0.0,0.0,0.0,0.0,0.0,1.0,1.0,0.0
outer1,1,71,b871,120.0,60.0,0.0,0.0,0.0,0.0,0.0,1.0,1.0,0.0
outer1,1,71,b871,120.0,90.0,0.0,0.0,0.0,0.0,0.0,1.0,1.0,0.0
outer1,1,71,b871,120.0,120.0,128.6822052001953,0.0,128.6822052001953,60.0,120.0,0.0,1.0,-1.0
outer1,1,71,b871,120.0,150.0,0.0,0.0,0.0,0.0,0.0,1.0,1.0,0.0
outer1,1,71,b871,120.0,180.0,0.0,0.0,0.0,0.0,0.0,1.0,1.0,0.0
outer1,1,71,b871,120.0,210.0,0.0,82.81924438476562,-82.81924438476562,-60.0,-60.0,1.0,0.0,1.0
outer1,1,71,b871,120.0,240.0,0.0,0.0,0.0,0.0,0.0,1.0,1.0,0.0
outer1,1,71,b871,120.0,270.0,0.0,0.0,0.0,0.0,0.0,1.0,1.0,0.0
outer1,1,71,b871,120.0,300.0,29.99998664855957,0.0,29.99998664855957,30.0,0.0,0.0,1.0,-1.0
outer1,1,71,b871,120.0,330.0,0.0,0.0,0.0,0.0,0.0,1.0,1.0,0.0
outer1,1,71,b871,150.0,0.0,0.0,0.0,0.0,0.0,0.0,1.0,1.0,0.0
outer1,1,71,b871,150.0,30.0,0.0,0.0,0.0,0.0,0.0,1.0,1.0,0.0
outer1,1,71,b871,150.0,60.0,0.0,0.0,0.0,0.0,0.0,1.0,1.0,0.0
outer1,1,71,b871,150.0,90.0,0.0,0.0,0.0,0.0,0.0,1.0,1.0,0.0
outer1,1,71,b871,150.0,120.0,151.04498291015625,0.0,151.04498291015625,120.0,120.0,0.0,1.0,-1.0
outer1,1,71,b871,150.0,150.0,0.0,0.0,0.0,0.0,0.0,1.0,1.0,0.0
outer1,1,71,b871,150.0,180.0,0.0,0.0,0.0,0.0,0.0,1.0,1.0,0.0
outer1,1,71,b871,150.0,210.0,0.0,0.0,0.0,0.0,0.0,1.0,1.0,0.0
outer1,1,71,b871,150.0,240.0,0.0,0.0,0.0,0.0,0.0,1.0,1.0,0.0
outer1,1,71,b871,150.0,270.0,0.0,0.0,0.0,0.0,0.0,1.0,1.0,0.0
outer1,1,71,b871,150.0,300.0,0.0,0.0,0.0,0.0,0.0,1.0,1.0,0.0
outer1,1,71,b871,150.0,330.0,0.0,0.0,0.0,0.0,0.0,1.0,1.0,0.0
outer1,1,71,b905,30.0,0.0,0.0,0.0,0.0,0.0,0.0,1.0,1.0,0.0
outer1,1,71,b905,30.0,30.0,0.0,0.0,0.0,0.0,0.0,1.0,1.0,0.0
outer1,1,71,b905,30.0,60.0,0.0,0.0,0.0,0.0,0.0,1.0,1.0,0.0
outer1,1,71,b905,30.0,90.0,180.0,0.0,180.0,120.0,180.0,0.0,1.0,-1.0
outer1,1,71,b905,30.0,120.0,0.0,0.0,0.0,0.0,0.0,1.0,1.0,0.0
outer1,1,71,b905,30.0,150.0,0.0,0.0,0.0,0.0,0.0,1.0,1.0,0.0
outer1,1,71,b905,30.0,180.0,0.0,0.0,0.0,0.0,0.0,1.0,1.0,0.0
outer1,1,71,b905,30.0,210.0,0.0,0.0,0.0,0.0,0.0,1.0,1.0,0.0
outer1,1,71,b905,30.0,240.0,0.0,0.0,0.0,0.0,0.0,1.0,1.0,0.0
outer1,1,71,b905,30.0,270.0,0.0,0.0,0.0,0.0,0.0,1.0,1.0,0.0
outer1,1,71,b905,30.0,300.0,0.0,0.0,0.0,0.0,0.0,1.0,1.0,0.0
outer1,1,71,b905,30.0,330.0,0.0,0.0,0.0,0.0,0.0,1.0,1.0,0.0
outer1,1,71,b905,60.0,0.0,0.0,0.0,0.0,0.0,0.0,1.0,1.0,0.0
outer1,1,71,b905,60.0,30.0,82.81924438476562,60.000003814697266,22.81924057006836,0.0,60.0,0.0,0.0,0.0
outer1,1,71,b905,60.0,60.0,0.0,0.0,0.0,0.0,0.0,1.0,1.0,0.0
outer1,1,71,b905,60.0,90.0,0.0,0.0,0.0,0.0,0.0,1.0,1.0,0.0
outer1,1,71,b905,60.0,120.0,0.0,0.0,0.0,0.0,0.0,1.0,1.0,0.0
outer1,1,71,b905,60.0,150.0,0.0,0.0,0.0,0.0,0.0,1.0,1.0,0.0
outer1,1,71,b905,60.0,180.0,0.0,0.0,0.0,0.0,0.0,1.0,1.0,0.0
outer1,1,71,b905,60.0,210.0,0.0,0.0,0.0,0.0,0.0,1.0,1.0,0.0
outer1,1,71,b905,60.0,240.0,0.0,128.6822052001953,-128.6822052001953,-60.0,-120.0,1.0,0.0,1.0
outer1,1,71,b905,60.0,270.0,0.0,0.0,0.0,0.0,0.0,1.0,1.0,0.0
outer1,1,71,b905,60.0,300.0,0.0,0.0,0.0,0.0,0.0,1.0,1.0,0.0
outer1,1,71,b905,60.0,330.0,0.0,0.0,0.0,0.0,0.0,1.0,1.0,0.0
outer1,1,71,b905,90.0,0.0,0.0,0.0,0.0,0.0,0.0,1.0,1.0,0.0
outer1,1,71,b905,90.0,30.0,60.00000762939453,60.00000762939453,0.0,0.0,0.0,0.0,0.0,0.0
outer1,1,71,b905,90.0,60.0,180.0,30.000001907348633,149.99999809265137,0.0,150.0,0.0,0.0,0.0
outer1,1,71,b905,90.0,90.0,0.0,0.0,0.0,0.0,0.0,1.0,1.0,0.0
outer1,1,71,b905,90.0,120.0,60.000003814697266,60.000003814697266,0.0,0.0,0.0,0.0,0.0,0.0
outer1,1,71,b905,90.0,150.0,180.0,0.0,180.0,0.0,180.0,0.0,1.0,-1.0
outer1,1,71,b905,90.0,180.0,180.0,180.0,0.0,0.0,0.0,0.0,0.0,0.0
outer1,1,71,b905,90.0,210.0,120.00000762939453,0.0,120.00000762939453,0.0,120.0,0.0,1.0,-1.0
outer1,1,71,b905,90.0,240.0,0.0,0.0,0.0,0.0,0.0,1.0,1.0,0.0
outer1,1,71,b905,90.0,270.0,180.0,0.0,180.0,0.0,180.0,0.0,1.0,-1.0
outer1,1,71,b905,90.0,300.0,60.000003814697266,0.0,60.000003814697266,0.0,60.0,0.0,1.0,-1.0
outer1,1,71,b905,90.0,330.0,150.0,150.0,0.0,0.0,0.0,0.0,0.0,0.0
outer1,1,71,b905,120.0,0.0,0.0,0.0,0.0,0.0,0.0,1.0,1.0,0.0
outer1,1,71,b905,120.0,30.0,0.0,0.0,0.0,0.0,0.0,1.0,1.0,0.0
outer1,1,71,b905,120.0,60.0,0.0,0.0,0.0,0.0,0.0,1.0,1.0,0.0
outer1,1,71,b905,120.0,90.0,0.0,0.0,0.0,0.0,0.0,1.0,1.0,0.0
outer1,1,71,b905,120.0,120.0,0.0,0.0,0.0,0.0,0.0,1.0,1.0,0.0
outer1,1,71,b905,120.0,150.0,0.0,0.0,0.0,0.0,0.0,1.0,1.0,0.0
outer1,1,71,b905,120.0,180.0,0.0,0.0,0.0,0.0,0.0,1.0,1.0,0.0
outer1,1,71,b905,120.0,210.0,0.0,0.0,0.0,0.0,0.0,1.0,1.0,0.0
outer1,1,71,b905,120.0,240.0,128.6822052001953,75.52249145507812,53.15971374511719,60.0,30.0,0.0,0.0,0.0
outer1,1,71,b905,120.0,270.0,0.0,0.0,0.0,0.0,0.0,1.0,1.0,0.0
outer1,1,71,b905,120.0,300.0,0.0,0.0,0.0,0.0,0.0,1.0,1.0,0.0
outer1,1,71,b905,120.0,330.0,0.0,0.0,0.0,0.0,0.0,1.0,1.0,0.0
outer1,1,71,b905,150.0,0.0,0.0,0.0,0.0,0.0,0.0,1.0,1.0,0.0
outer1,1,71,b905,150.0,30.0,0.0,0.0,0.0,0.0,0.0,1.0,1.0,0.0
outer1,1,71,b905,150.0,60.0,0.0,0.0,0.0,0.0,0.0,1.0,1.0,0.0
outer1,1,71,b905,150.0,90.0,0.0,0.0,0.0,0.0,0.0,1.0,1.0,0.0
outer1,1,71,b905,150.0,120.0,0.0,0.0,0.0,0.0,0.0,1.0,1.0,0.0
outer1,1,71,b905,150.0,150.0,0.0,0.0,0.0,0.0,0.0,1.0,1.0,0.0
outer1,1,71,b905,150.0,180.0,0.0,0.0,0.0,0.0,0.0,1.0,1.0,0.0
outer1,1,71,b905,150.0,210.0,0.0,0.0,0.0,0.0,0.0,1.0,1.0,0.0
outer1,1,71,b905,150.0,240.0,0.0,0.0,0.0,0.0,0.0,1.0,1.0,0.0
outer1,1,71,b905,150.0,270.0,0.0,0.0,0.0,0.0,0.0,1.0,1.0,0.0
outer1,1,71,b905,150.0,300.0,0.0,0.0,0.0,0.0,0.0,1.0,1.0,0.0
outer1,1,71,b905,150.0,330.0,0.0,0.0,0.0,0.0,0.0,1.0,1.0,0.0
outer1,1,71,bb7d,30.0,0.0,150.0,180.0,-30.0,-30.0,0.0,0.0,0.0,0.0
outer1,1,71,bb7d,30.0,30.0,0.0,0.0,0.0,0.0,0.0,1.0,1.0,0.0
outer1,1,71,bb7d,30.0,60.0,0.0,151.04498291015625,-151.04498291015625,-120.0,-120.0,1.0,0.0,1.0
outer1,1,71,bb7d,30.0,90.0,180.0,180.0,0.0,0.0,0.0,0.0,0.0,0.0
outer1,1,71,bb7d,30.0,120.0,165.12905883789062,165.12905883789062,0.0,0.0,0.0,0.0,0.0,0.0
outer1,1,71,bb7d,30.0,150.0,151.04498291015625,128.68218994140625,22.36279296875,0.0,60.0,0.0,0.0,0.0
outer1,1,71,bb7d,30.0,180.0,90.0,120.00000762939453,-30.00000762939453,-30.0,0.0,0.0,0.0,0.0
outer1,1,71,bb7d,30.0,210.0,57.7581901550293,60.000003814697266,-2.2418136596679688,0.0,-30.0,0.0,0.0,0.0
outer1,1,71,bb7d,30.0,240.0,60.000003814697266,60.000003814697266,0.0,0.0,0.0,0.0,0.0,0.0
outer1,1,71,bb7d,30.0,270.0,120.00000762939453,120.00000762939453,0.0,0.0,0.0,0.0,0.0,0.0
outer1,1,71,bb7d,30.0,300.0,0.0,0.0,0.0,0.0,0.0,1.0,1.0,0.0
outer1,1,71,bb7d,30.0,330.0,128.68218994140625,151.04498291015625,-22.36279296875,0.0,-60.0,0.0,0.0,0.0
outer1,1,71,bb7d,60.0,0.0,120.00000762939453,180.0,-59.99999237060547,-60.0,0.0,0.0,0.0,0.0
outer1,1,71,bb7d,60.0,30.0,82.81924438476562,60.000003814697266,22.81924057006836,0.0,60.0,0.0,0.0,0.0
outer1,1,71,bb7d,60.0,60.0,0.0,86.67425537109375,-86.67425537109375,-30.0,-150.0,1.0,0.0,1.0
outer1,1,71,bb7d,60.0,90.0,180.0,60.000003814697266,119.99999618530273,0.0,180.0,0.0,0.0,0.0
outer1,1,71,bb7d,60.0,120.0,93.32574462890625,93.32574462890625,0.0,0.0,0.0,0.0,0.0,0.0
outer1,1,71,bb7d,60.0,150.0,128.6822052001953,180.0,-51.31779479980469,0.0,-60.0,0.0,0.0,0.0
outer1,1,71,bb7d,60.0,180.0,0.0,60.000003814697266,-60.000003814697266,-60.0,0.0,1.0,0.0,1.0
outer1,1,71,bb7d,60.0,210.0,120.00000762939453,120.00000762939453,0.0,0.0,0.0,0.0,0.0,0.0
outer1,1,71,bb7d,60.0,240.0,113.5481185913086,86.67425537109375,26.873863220214844,-30.0,0.0,0.0,0.0,0.0
outer1,1,71,bb7d,60.0,270.0,29.999998092651367,29.999998092651367,0.0,0.0,0.0,0.0,0.0,0.0
outer1,1,71,bb7d,60.0,300.0,143.9022216796875,93.32574462890625,50.57647705078125,0.0,120.0,0.0,0.0,0.0
outer1,1,71,bb7d,60.0,330.0,0.0,82.81924438476562,-82.81924438476562,-60.0,-60.0,1.0,0.0,1.0
outer1,1,71,bb7d,90.0,0.0,115.6589126586914,115.6589126586914,0.0,0.0,0.0,0.0,0.0,0.0
outer1,1,71,bb7d,90.0,30.0,90.0,138.59039306640625,-48.59039306640625,0.0,-60.0,0.0,0.0,0.0
outer1,1,71,bb7d,90.0,60.0,138.59039306640625,138.59039306640625,0.0,0.0,0.0,0.0,0.0,0.0
outer1,1,71,bb7d,90.0,90.0,180.0,180.0,0.0,0.0,0.0,0.0,0.0,0.0
outer1,1,71,bb7d,90.0,120.0,138.59039306640625,138.59039306640625,0.0,0.0,0.0,0.0,0.0,0.0
outer1,1,71,bb7d,90.0,150.0,90.0,90.0,0.0,0.0,0.0,0.0,0.0,0.0
outer1,1,71,bb7d,90.0,180.0,64.34110260009766,64.34109497070312,7.62939453125e-06,0.0,0.0,0.0,0.0,0.0
outer1,1,71,bb7d,90.0,210.0,90.0,41.40962219238281,48.59037780761719,0.0,60.0,0.0,0.0,0.0
outer1,1,71,bb7d,90.0,240.0,41.40962219238281,41.40962219238281,0.0,0.0,0.0,0.0,0.0,0.0
outer1,1,71,bb7d,90.0,270.0,0.0,0.0,0.0,0.0,0.0,1.0,1.0,0.0
outer1,1,71,bb7d,90.0,300.0,41.40962219238281,41.40962219238281,0.0,0.0,0.0,0.0,0.0,0.0
outer1,1,71,bb7d,90.0,330.0,90.0,90.0,0.0,0.0,0.0,0.0,0.0,0.0
outer1,1,71,bb7d,120.0,0.0,180.0,120.00000762939453,59.99999237060547,60.0,0.0,0.0,0.0,0.0
outer1,1,71,bb7d,120.0,30.0,82.81924438476562,82.81924438476562,0.0,0.0,0.0,0.0,0.0,0.0
outer1,1,71,bb7d,120.0,60.0,36.09777069091797,36.09777069091797,0.0,0.0,0.0,0.0,0.0,0.0
outer1,1,71,bb7d,120.0,90.0,180.0,180.0,0.0,0.0,0.0,0.0,0.0,0.0
outer1,1,71,bb7d,120.0,120.0,93.32575225830078,93.32575225830078,0.0,0.0,0.0,0.0,0.0,0.0
outer1,1,71,bb7d,120.0,150.0,128.6822052001953,128.6822052001953,0.0,0.0,0.0,0.0,0.0,0.0
outer1,1,71,bb7d,120.0,180.0,60.000003814697266,0.0,60.000003814697266,60.0,0.0,0.0,1.0,-1.0
outer1,1,71,bb7d,120.0,210.0,120.00000762939453,120.00000762939453,0.0,0.0,0.0,0.0,0.0,0.0
outer1,1,71,bb7d,120.0,240.0,86.67424774169922,113.54811096191406,-26.873863220214844,30.0,0.0,0.0,0.0,0.0
outer1,1,71,bb7d,120.0,270.0,30.000001907348633,0.0,30.000001907348633,30.0,0.0,0.0,1.0,-1.0
outer1,1,71,bb7d,120.0,300.0,154.0949249267578,93.32575225830078,60.76917266845703,-30.0,120.0,0.0,0.0,0.0
outer1,1,71,bb7d,120.0,330.0,82.81924438476562,82.81924438476562,0.0,0.0,0.0,0.0,0.0,0.0
outer1,1,71,bb7d,150.0,0.0,90.0,60.000003814697266,29.999996185302734,30.0,0.0,0.0,0.0,0.0
outer1,1,71,bb7d,150.0,30.0,0.0,0.0,0.0,0.0,0.0,1.0,1.0,0.0
outer1,1,71,bb7d,150.0,60.0,151.04498291015625,151.04498291015625,0.0,0.0,0.0,0.0,0.0,0.0
outer1,1,71,bb7d,150.0,90.0,180.0,180.0,0.0,0.0,0.0,0.0,0.0,0.0
outer1,1,71,bb7d,150.0,120.0,128.68218994140625,128.68218994140625,0.0,0.0,0.0,0.0,0.0,0.0
outer1,1,71,bb7d,150.0,150.0,151.04498291015625,151.04498291015625,0.0,0.0,0.0,0.0,0.0,0.0
outer1,1,71,bb7d,150.0,180.0,29.99998664855957,0.0,29.99998664855957,30.0,0.0,0.0,1.0,-1.0
outer1,1,71,bb7d,150.0,210.0,14.870942115783691,0.0,14.870942115783691,0.0,30.0,0.0,1.0,-1.0
outer1,1,71,bb7d,150.0,240.0,122.24180603027344,122.24180603027344,0.0,0.0,0.0,0.0,0.0,0.0
outer1,1,71,bb7d,150.0,270.0,0.0,0.0,0.0,0.0,0.0,1.0,1.0,0.0
outer1,1,71,bb7d,150.0,300.0,14.870942115783691,0.0,14.870942115783691,0.0,30.0,0.0,1.0,-1.0
outer1,1,71,bb7d,150.0,330.0,122.24180603027344,128.68218994140625,-6.4403839111328125,0.0,-30.0,0.0,0.0,0.0
outer1,1,71,bbc6,30.0,0.0,0.0,0.0,0.0,0.0,0.0,1.0,1.0,0.0
outer1,1,71,bbc6,30.0,30.0,0.0,0.0,0.0,0.0,0.0,1.0,1.0,0.0
outer1,1,71,bbc6,30.0,60.0,0.0,0.0,0.0,0.0,0.0,1.0,1.0,0.0
outer1,1,71,bbc6,30.0,90.0,180.0,180.0,0.0,0.0,0.0,0.0,0.0,0.0
outer1,1,71,bbc6,30.0,120.0,151.04498291015625,151.04498291015625,0.0,0.0,0.0,0.0,0.0,0.0
outer1,1,71,bbc6,30.0,150.0,0.0,14.870942115783691,-14.870942115783691,0.0,-30.0,1.0,0.0,1.0
outer1,1,71,bbc6,30.0,180.0,0.0,0.0,0.0,0.0,0.0,1.0,1.0,0.0
outer1,1,71,bbc6,30.0,210.0,41.40962219238281,0.0,41.40962219238281,0.0,90.0,0.0,1.0,-1.0
outer1,1,71,bbc6,30.0,240.0,0.0,0.0,0.0,0.0,0.0,1.0,1.0,0.0
outer1,1,71,bbc6,30.0,270.0,0.0,0.0,0.0,0.0,0.0,1.0,1.0,0.0
outer1,1,71,bbc6,30.0,300.0,0.0,0.0,0.0,0.0,0.0,1.0,1.0,0.0
outer1,1,71,bbc6,30.0,330.0,0.0,51.31781005859375,-51.31781005859375,0.0,-120.0,1.0,0.0,1.0
outer1,1,71,bbc6,60.0,0.0,30.000001907348633,30.000001907348633,0.0,0.0,0.0,0.0,0.0,0.0
outer1,1,71,bbc6,60.0,30.0,60.000003814697266,0.0,60.000003814697266,60.0,0.0,0.0,1.0,-1.0
outer1,1,71,bbc6,60.0,60.0,30.000001907348633,30.000001907348633,0.0,0.0,0.0,0.0,0.0,0.0
outer1,1,71,bbc6,60.0,90.0,150.0,180.0,-30.0,30.0,0.0,0.0,0.0,0.0
outer1,1,71,bbc6,60.0,120.0,128.6822052001953,130.50535583496094,-1.823150634765625,-30.0,0.0,0.0,0.0,0.0
outer1,1,71,bbc6,60.0,150.0,82.81924438476562,0.0,82.81924438476562,60.0,60.0,0.0,1.0,-1.0
outer1,1,71,bbc6,60.0,180.0,30.000001907348633,30.000001907348633,0.0,0.0,0.0,0.0,0.0,0.0
outer1,1,71,bbc6,60.0,210.0,82.81924438476562,82.81924438476562,0.0,0.0,0.0,0.0,0.0,0.0
outer1,1,71,bbc6,60.0,240.0,36.097782135009766,25.905075073242188,10.192707061767578,30.0,0.0,0.0,0.0,0.0
outer1,1,71,bbc6,60.0,270.0,0.0,30.000001907348633,-30.000001907348633,-30.0,0.0,1.0,0.0,1.0
outer1,1,71,bbc6,60.0,300.0,86.67425537109375,130.50535583496094,-43.83110046386719,-60.0,30.0,0.0,0.0,0.0
outer1,1,71,bbc6,60.0,330.0,0.0,0.0,0.0,0.0,0.0,1.0,1.0,0.0
outer1,1,71,bbc6,90.0,0.0,0.0,0.0,0.0,0.0,0.0,1.0,1.0,0.0
outer1,1,71,bbc6,90.0,30.0,0.0,90.0,-90.0,0.0,-90.0,1.0,0.0,1.0
outer1,1,71,bbc6,90.0,60.0,41.40962219238281,150.0,-108.59037780761719,30.0,-120.0,0.0,0.0,0.0
outer1,1,71,bbc6,90.0,90.0,180.0,0.0,180.0,0.0,180.0,0.0,1.0,-1.0
outer1,1,71,bbc6,90.0,120.0,41.40962219238281,30.000001907348633,11.40962028503418,30.0,0.0,0.0,0.0,0.0
outer1,1,71,bbc6,90.0,150.0,180.0,0.0,180.0,0.0,180.0,0.0,1.0,-1.0
outer1,1,71,bbc6,90.0,180.0,180.0,0.0,180.0,0.0,180.0,0.0,1.0,-1.0
outer1,1,71,bbc6,90.0,210.0,180.0,180.0,0.0,0.0,0.0,0.0,0.0,0.0
outer1,1,71,bbc6,90.0,240.0,138.59039306640625,150.0,-11.40960693359375,30.0,0.0,0.0,0.0,0.0
outer1,1,71,bbc6,90.0,270.0,0.0,0.0,0.0,0.0,0.0,1.0,1.0,0.0
outer1,1,71,bbc6,90.0,300.0,138.59039306640625,138.59039306640625,0.0,0.0,0.0,0.0,0.0,0.0
outer1,1,71,bbc6,90.0,330.0,180.0,180.0,0.0,0.0,0.0,0.0,0.0,0.0
outer1,1,71,bbc6,120.0,0.0,29.99998664855957,29.99998664855957,0.0,0.0,0.0,0.0,0.0,0.0
outer1,1,71,bbc6,120.0,30.0,0.0,0.0,0.0,0.0,0.0,1.0,1.0,0.0
outer1,1,71,bbc6,120.0,60.0,29.99998664855957,29.99998664855957,0.0,0.0,0.0,0.0,0.0,0.0
outer1,1,71,bbc6,120.0,90.0,180.0,150.0,30.0,-30.0,0.0,0.0,0.0,0.0
outer1,1,71,bbc6,120.0,120.0,128.6822052001953,128.6822052001953,0.0,0.0,0.0,0.0,0.0,0.0
outer1,1,71,bbc6,120.0,150.0,0.0,0.0,0.0,0.0,0.0,1.0,1.0,0.0
outer1,1,71,bbc6,120.0,180.0,29.99998664855957,90.0,-60.00001335144043,-60.0,0.0,0.0,0.0,0.0
outer1,1,71,bbc6,120.0,210.0,82.81924438476562,82.81924438476562,0.0,0.0,0.0,0.0,0.0,0.0
outer1,1,71,bbc6,120.0,240.0,36.09777069091797,36.09777069091797,0.0,0.0,0.0,0.0,0.0,0.0
outer1,1,71,bbc6,120.0,270.0,29.99998664855957,0.0,29.99998664855957,30.0,0.0,0.0,1.0,-1.0
outer1,1,71,bbc6,120.0,300.0,29.99998664855957,130.50535583496094,-100.50536918640137,-60.0,-120.0,0.0,0.0,0.0
outer1,1,71,bbc6,120.0,330.0,0.0,0.0,0.0,0.0,0.0,1.0,1.0,0.0
outer1,1,71,bbc6,150.0,0.0,0.0,0.0,0.0,0.0,0.0,1.0,1.0,0.0
outer1,1,71,bbc6,150.0,30.0,0.0,0.0,0.0,0.0,0.0,1.0,1.0,0.0
outer1,1,71,bbc6,150.0,60.0,0.0,0.0,0.0,0.0,0.0,1.0,1.0,0.0
outer1,1,71,bbc6,150.0,90.0,180.0,180.0,0.0,0.0,0.0,0.0,0.0,0.0
outer1,1,71,bbc6,150.0,120.0,151.04498291015625,151.04498291015625,0.0,0.0,0.0,0.0,0.0,0.0
outer1,1,71,bbc6,150.0,150.0,0.0,165.12905883789062,-165.12905883789062,-120.0,-150.0,1.0,0.0,1.0
outer1,1,71,bbc6,150.0,180.0,0.0,0.0,0.0,0.0,0.0,1.0,1.0,0.0
outer1,1,71,bbc6,150.0,210.0,0.0,0.0,0.0,0.0,0.0,1.0,1.0,0.0
outer1,1,71,bbc6,150.0,240.0,0.0,0.0,0.0,0.0,0.0,1.0,1.0,0.0
outer1,1,71,bbc6,150.0,270.0,0.0,0.0,0.0,0.0,0.0,1.0,1.0,0.0
outer1,1,71,bbc6,150.0,300.0,0.0,0.0,0.0,0.0,0.0,1.0,1.0,0.0
outer1,1,71,bbc6,150.0,330.0,0.0,0.0,0.0,0.0,0.0,1.0,1.0,0.0
outer1,1,72,b827,30.0,0.0,0.0,0.0,0.0,0.0,0.0,1.0,1.0,0.0
outer1,1,72,b827,30.0,30.0,0.0,0.0,0.0,0.0,0.0,1.0,1.0,0.0
outer1,1,72,b827,30.0,60.0,0.0,0.0,0.0,0.0,0.0,1.0,1.0,0.0
outer1,1,72,b827,30.0,90.0,0.0,0.0,0.0,0.0,0.0,1.0,1.0,0.0
outer1,1,72,b827,30.0,120.0,0.0,0.0,0.0,0.0,0.0,1.0,1.0,0.0
outer1,1,72,b827,30.0,150.0,0.0,0.0,0.0,0.0,0.0,1.0,1.0,0.0
outer1,1,72,b827,30.0,180.0,0.0,0.0,0.0,0.0,0.0,1.0,1.0,0.0
outer1,1,72,b827,30.0,210.0,0.0,0.0,0.0,0.0,0.0,1.0,1.0,0.0
outer1,1,72,b827,30.0,240.0,0.0,0.0,0.0,0.0,0.0,1.0,1.0,0.0
outer1,1,72,b827,30.0,270.0,0.0,0.0,0.0,0.0,0.0,1.0,1.0,0.0
outer1,1,72,b827,30.0,300.0,120.00000762939453,0.0,120.00000762939453,120.0,0.0,0.0,1.0,-1.0
outer1,1,72,b827,30.0,330.0,0.0,0.0,0.0,0.0,0.0,1.0,1.0,0.0
outer1,1,72,b827,60.0,0.0,0.0,0.0,0.0,0.0,0.0,1.0,1.0,0.0
outer1,1,72,b827,60.0,30.0,0.0,0.0,0.0,0.0,0.0,1.0,1.0,0.0
outer1,1,72,b827,60.0,60.0,0.0,0.0,0.0,0.0,0.0,1.0,1.0,0.0
outer1,1,72,b827,60.0,90.0,0.0,0.0,0.0,0.0,0.0,1.0,1.0,0.0
outer1,1,72,b827,60.0,120.0,0.0,0.0,0.0,0.0,0.0,1.0,1.0,0.0
outer1,1,72,b827,60.0,150.0,0.0,0.0,0.0,0.0,0.0,1.0,1.0,0.0
outer1,1,72,b827,60.0,180.0,0.0,0.0,0.0,0.0,0.0,1.0,1.0,0.0
outer1,1,72,b827,60.0,210.0,51.31781005859375,0.0,51.31781005859375,0.0,60.0,0.0,1.0,-1.0
outer1,1,72,b827,60.0,240.0,0.0,0.0,0.0,0.0,0.0,1.0,1.0,0.0
outer1,1,72,b827,60.0,270.0,0.0,0.0,0.0,0.0,0.0,1.0,1.0,0.0
outer1,1,72,b827,60.0,300.0,0.0,0.0,0.0,0.0,0.0,1.0,1.0,0.0
outer1,1,72,b827,60.0,330.0,0.0,0.0,0.0,0.0,0.0,1.0,1.0,0.0
outer1,1,72,b827,90.0,0.0,0.0,0.0,0.0,0.0,0.0,1.0,1.0,0.0
outer1,1,72,b827,90.0,30.0,0.0,180.0,-180.0,0.0,-180.0,1.0,0.0,1.0
outer1,1,72,b827,90.0,60.0,60.000003814697266,0.0,60.000003814697266,0.0,60.0,0.0,1.0,-1.0
outer1,1,72,b827,90.0,90.0,180.0,0.0,180.0,0.0,180.0,0.0,1.0,-1.0
outer1,1,72,b827,90.0,120.0,0.0,0.0,0.0,0.0,0.0,1.0,1.0,0.0
outer1,1,72,b827,90.0,150.0,60.000003814697266,0.0,60.000003814697266,0.0,60.0,0.0,1.0,-1.0
outer1,1,72,b827,90.0,180.0,180.0,180.0,0.0,0.0,0.0,0.0,0.0,0.0
outer1,1,72,b827,90.0,210.0,0.0,0.0,0.0,0.0,0.0,1.0,1.0,0.0
outer1,1,72,b827,90.0,240.0,120.00000762939453,120.00000762939453,0.0,0.0,0.0,0.0,0.0,0.0
outer1,1,72,b827,90.0,270.0,0.0,0.0,0.0,0.0,0.0,1.0,1.0,0.0
outer1,1,72,b827,90.0,300.0,180.0,180.0,0.0,0.0,0.0,0.0,0.0,0.0
outer1,1,72,b827,90.0,330.0,120.00000762939453,180.0,-59.99999237060547,0.0,-60.0,0.0,0.0,0.0
outer1,1,72,b827,120.0,0.0,0.0,0.0,0.0,0.0,0.0,1.0,1.0,0.0
outer1,1,72,b827,120.0,30.0,0.0,0.0,0.0,0.0,0.0,1.0,1.0,0.0
outer1,1,72,b827,120.0,60.0,0.0,25.905075073242188,-25.905075073242188,0.0,-30.0,1.0,0.0,1.0
outer1,1,72,b827,120.0,90.0,0.0,0.0,0.0,0.0,0.0,1.0,1.0,0.0
outer1,1,72,b827,120.0,120.0,0.0,0.0,0.0,0.0,0.0,1.0,1.0,0.0
outer1,1,72,b827,120.0,150.0,0.0,0.0,0.0,0.0,0.0,1.0,1.0,0.0
outer1,1,72,b827,120.0,180.0,0.0,0.0,0.0,0.0,0.0,1.0,1.0,0.0
outer1,1,72,b827,120.0,210.0,82.81924438476562,0.0,82.81924438476562,60.0,60.0,0.0,1.0,-1.0
outer1,1,72,b827,120.0,240.0,0.0,25.905075073242188,-25.905075073242188,0.0,-30.0,1.0,0.0,1.0
outer1,1,72,b827,120.0,270.0,0.0,0.0,0.0,0.0,0.0,1.0,1.0,0.0
outer1,1,72,b827,120.0,300.0,0.0,0.0,0.0,0.0,0.0,1.0,1.0,0.0
outer1,1,72,b827,120.0,330.0,60.000003814697266,0.0,60.000003814697266,60.0,0.0,0.0,1.0,-1.0
outer1,1,72,b827,150.0,0.0,0.0,0.0,0.0,0.0,0.0,1.0,1.0,0.0
outer1,1,72,b827,150.0,30.0,0.0,0.0,0.0,0.0,0.0,1.0,1.0,0.0
outer1,1,72,b827,150.0,60.0,0.0,0.0,0.0,0.0,0.0,1.0,1.0,0.0
outer1,1,72,b827,150.0,90.0,0.0,0.0,0.0,0.0,0.0,1.0,1.0,0.0
outer1,1,72,b827,150.0,120.0,0.0,0.0,0.0,0.0,0.0,1.0,1.0,0.0
outer1,1,72,b827,150.0,150.0,0.0,0.0,0.0,0.0,0.0,1.0,1.0,0.0
outer1,1,72,b827,150.0,180.0,0.0,0.0,0.0,0.0,0.0,1.0,1.0,0.0
outer1,1,72,b827,150.0,210.0,0.0,0.0,0.0,0.0,0.0,1.0,1.0,0.0
outer1,1,72,b827,150.0,240.0,0.0,0.0,0.0,0.0,0.0,1.0,1.0,0.0
outer1,1,72,b827,150.0,270.0,0.0,0.0,0.0,0.0,0.0,1.0,1.0,0.0
outer1,1,72,b827,150.0,300.0,0.0,0.0,0.0,0.0,0.0,1.0,1.0,0.0
outer1,1,72,b827,150.0,330.0,0.0,0.0,0.0,0.0,0.0,1.0,1.0,0.0
outer1,1,72,b871,30.0,0.0,0.0,0.0,0.0,0.0,0.0,1.0,1.0,0.0
outer1,1,72,b871,30.0,30.0,0.0,0.0,0.0,0.0,0.0,1.0,1.0,0.0
outer1,1,72,b871,30.0,60.0,0.0,0.0,0.0,0.0,0.0,1.0,1.0,0.0
outer1,1,72,b871,30.0,90.0,0.0,0.0,0.0,0.0,0.0,1.0,1.0,0.0
outer1,1,72,b871,30.0,120.0,0.0,0.0,0.0,0.0,0.0,1.0,1.0,0.0
outer1,1,72,b871,30.0,150.0,0.0,0.0,0.0,0.0,0.0,1.0,1.0,0.0
outer1,1,72,b871,30.0,180.0,0.0,0.0,0.0,0.0,0.0,1.0,1.0,0.0
outer1,1,72,b871,30.0,210.0,0.0,0.0,0.0,0.0,0.0,1.0,1.0,0.0
outer1,1,72,b871,30.0,240.0,0.0,0.0,0.0,0.0,0.0,1.0,1.0,0.0
outer1,1,72,b871,30.0,270.0,0.0,0.0,0.0,0.0,0.0,1.0,1.0,0.0
outer1,1,72,b871,30.0,300.0,0.0,0.0,0.0,0.0,0.0,1.0,1.0,0.0
outer1,1,72,b871,30.0,330.0,0.0,0.0,0.0,0.0,0.0,1.0,1.0,0.0
outer1,1,72,b871,60.0,0.0,0.0,0.0,0.0,0.0,0.0,1.0,1.0,0.0
outer1,1,72,b871,60.0,30.0,0.0,0.0,0.0,0.0,0.0,1.0,1.0,0.0
outer1,1,72,b871,60.0,60.0,0.0,0.0,0.0,0.0,0.0,1.0,1.0,0.0
outer1,1,72,b871,60.0,90.0,0.0,0.0,0.0,0.0,0.0,1.0,1.0,0.0
outer1,1,72,b871,60.0,120.0,0.0,0.0,0.0,0.0,0.0,1.0,1.0,0.0
outer1,1,72,b871,60.0,150.0,0.0,0.0,0.0,0.0,0.0,1.0,1.0,0.0
outer1,1,72,b871,60.0,180.0,0.0,0.0,0.0,0.0,0.0,1.0,1.0,0.0
outer1,1,72,b871,60.0,210.0,0.0,0.0,0.0,0.0,0.0,1.0,1.0,0.0
outer1,1,72,b871,60.0,240.0,0.0,0.0,0.0,0.0,0.0,1.0,1.0,0.0
outer1,1,72,b871,60.0,270.0,0.0,0.0,0.0,0.0,0.0,1.0,1.0,0.0
outer1,1,72,b871,60.0,300.0,0.0,0.0,0.0,0.0,0.0,1.0,1.0,0.0
outer1,1,72,b871,60.0,330.0,0.0,0.0,0.0,0.0,0.0,1.0,1.0,0.0
outer1,1,72,b871,90.0,0.0,180.0,0.0,180.0,0.0,180.0,0.0,1.0,-1.0
outer1,1,72,b871,90.0,30.0,0.0,0.0,0.0,0.0,0.0,1.0,1.0,0.0
outer1,1,72,b871,90.0,60.0,60.000003814697266,60.000003814697266,0.0,0.0,0.0,0.0,0.0,0.0
outer1,1,72,b871,90.0,90.0,180.0,180.0,0.0,0.0,0.0,0.0,0.0,0.0
outer1,1,72,b871,90.0,120.0,0.0,0.0,0.0,0.0,0.0,1.0,1.0,0.0
outer1,1,72,b871,90.0,150.0,60.000003814697266,0.0,60.000003814697266,0.0,60.0,0.0,1.0,-1.0
outer1,1,72,b871,90.0,180.0,0.0,180.0,-180.0,0.0,-180.0,1.0,0.0,1.0
outer1,1,72,b871,90.0,210.0,180.0,0.0,180.0,0.0,180.0,0.0,1.0,-1.0
outer1,1,72,b871,90.0,240.0,60.000003814697266,120.00000762939453,-60.000003814697266,0.0,-60.0,0.0,0.0,0.0
outer1,1,72,b871,90.0,270.0,0.0,180.0,-180.0,0.0,-180.0,1.0,0.0,1.0
outer1,1,72,b871,90.0,300.0,0.0,180.0,-180.0,0.0,-180.0,1.0,0.0,1.0
outer1,1,72,b871,90.0,330.0,120.00000762939453,180.0,-59.99999237060547,0.0,-60.0,0.0,0.0,0.0
outer1,1,72,b871,120.0,0.0,0.0,0.0,0.0,0.0,0.0,1.0,1.0,0.0
outer1,1,72,b871,120.0,30.0,0.0,0.0,0.0,0.0,0.0,1.0,1.0,0.0
outer1,1,72,b871,120.0,60.0,0.0,0.0,0.0,0.0,0.0,1.0,1.0,0.0
outer1,1,72,b871,120.0,90.0,0.0,0.0,0.0,0.0,0.0,1.0,1.0,0.0
outer1,1,72,b871,120.0,120.0,128.6822052001953,0.0,128.6822052001953,60.0,120.0,0.0,1.0,-1.0
outer1,1,72,b871,120.0,150.0,0.0,0.0,0.0,0.0,0.0,1.0,1.0,0.0
outer1,1,72,b871,120.0,180.0,0.0,0.0,0.0,0.0,0.0,1.0,1.0,0.0
outer1,1,72,b871,120.0,210.0,0.0,0.0,0.0,0.0,0.0,1.0,1.0,0.0
outer1,1,72,b871,120.0,240.0,0.0,0.0,0.0,0.0,0.0,1.0,1.0,0.0
outer1,1,72,b871,120.0,270.0,0.0,0.0,0.0,0.0,0.0,1.0,1.0,0.0
outer1,1,72,b871,120.0,300.0,0.0,0.0,0.0,0.0,0.0,1.0,1.0,0.0
outer1,1,72,b871,120.0,330.0,0.0,0.0,0.0,0.0,0.0,1.0,1.0,0.0
outer1,1,72,b871,150.0,0.0,0.0,0.0,0.0,0.0,0.0,1.0,1.0,0.0
outer1,1,72,b871,150.0,30.0,0.0,0.0,0.0,0.0,0.0,1.0,1.0,0.0
outer1,1,72,b871,150.0,60.0,0.0,0.0,0.0,0.0,0.0,1.0,1.0,0.0
outer1,1,72,b871,150.0,90.0,0.0,0.0,0.0,0.0,0.0,1.0,1.0,0.0
outer1,1,72,b871,150.0,120.0,0.0,0.0,0.0,0.0,0.0,1.0,1.0,0.0
outer1,1,72,b871,150.0,150.0,0.0,0.0,0.0,0.0,0.0,1.0,1.0,0.0
outer1,1,72,b871,150.0,180.0,0.0,0.0,0.0,0.0,0.0,1.0,1.0,0.0
outer1,1,72,b871,150.0,210.0,0.0,0.0,0.0,0.0,0.0,1.0,1.0,0.0
outer1,1,72,b871,150.0,240.0,0.0,0.0,0.0,0.0,0.0,1.0,1.0,0.0
outer1,1,72,b871,150.0,270.0,0.0,0.0,0.0,0.0,0.0,1.0,1.0,0.0
outer1,1,72,b871,150.0,300.0,0.0,0.0,0.0,0.0,0.0,1.0,1.0,0.0
outer1,1,72,b871,150.0,330.0,0.0,0.0,0.0,0.0,0.0,1.0,1.0,0.0
outer1,1,72,b905,30.0,0.0,0.0,0.0,0.0,0.0,0.0,1.0,1.0,0.0
outer1,1,72,b905,30.0,30.0,0.0,0.0,0.0,0.0,0.0,1.0,1.0,0.0
outer1,1,72,b905,30.0,60.0,0.0,0.0,0.0,0.0,0.0,1.0,1.0,0.0
outer1,1,72,b905,30.0,90.0,0.0,0.0,0.0,0.0,0.0,1.0,1.0,0.0
outer1,1,72,b905,30.0,120.0,0.0,0.0,0.0,0.0,0.0,1.0,1.0,0.0
outer1,1,72,b905,30.0,150.0,0.0,0.0,0.0,0.0,0.0,1.0,1.0,0.0
outer1,1,72,b905,30.0,180.0,0.0,0.0,0.0,0.0,0.0,1.0,1.0,0.0
outer1,1,72,b905,30.0,210.0,0.0,0.0,0.0,0.0,0.0,1.0,1.0,0.0
outer1,1,72,b905,30.0,240.0,0.0,0.0,0.0,0.0,0.0,1.0,1.0,0.0
outer1,1,72,b905,30.0,270.0,0.0,0.0,0.0,0.0,0.0,1.0,1.0,0.0
outer1,1,72,b905,30.0,300.0,0.0,0.0,0.0,0.0,0.0,1.0,1.0,0.0
outer1,1,72,b905,30.0,330.0,0.0,0.0,0.0,0.0,0.0,1.0,1.0,0.0
outer1,1,72,b905,60.0,0.0,0.0,0.0,0.0,0.0,0.0,1.0,1.0,0.0
outer1,1,72,b905,60.0,30.0,0.0,0.0,0.0,0.0,0.0,1.0,1.0,0.0
outer1,1,72,b905,60.0,60.0,0.0,0.0,0.0,0.0,0.0,1.0,1.0,0.0
outer1,1,72,b905,60.0,90.0,0.0,0.0,0.0,0.0,0.0,1.0,1.0,0.0
outer1,1,72,b905,60.0,120.0,0.0,0.0,0.0,0.0,0.0,1.0,1.0,0.0
outer1,1,72,b905,60.0,150.0,0.0,0.0,0.0,0.0,0.0,1.0,1.0,0.0
outer1,1,72,b905,60.0,180.0,0.0,0.0,0.0,0.0,0.0,1.0,1.0,0.0
outer1,1,72,b905,60.0,210.0,0.0,0.0,0.0,0.0,0.0,1.0,1.0,0.0
outer1,1,72,b905,60.0,240.0,0.0,60.000003814697266,-60.000003814697266,-60.0,0.0,1.0,0.0,1.0
outer1,1,72,b905,60.0,270.0,0.0,0.0,0.0,0.0,0.0,1.0,1.0,0.0
outer1,1,72,b905,60.0,300.0,0.0,0.0,0.0,0.0,0.0,1.0,1.0,0.0
outer1,1,72,b905,60.0,330.0,0.0,0.0,0.0,0.0,0.0,1.0,1.0,0.0
outer1,1,72,b905,90.0,0.0,0.0,180.0,-180.0,0.0,-180.0,1.0,0.0,1.0
outer1,1,72,b905,90.0,30.0,60.00000762939453,60.00000762939453,0.0,0.0,0.0,0.0,0.0,0.0
outer1,1,72,b905,90.0,60.0,0.0,30.000001907348633,-30.000001907348633,0.0,-30.0,1.0,0.0,1.0
outer1,1,72,b905,90.0,90.0,0.0,0.0,0.0,0.0,0.0,1.0,1.0,0.0
outer1,1,72,b905,90.0,120.0,60.000003814697266,60.000003814697266,0.0,0.0,0.0,0.0,0.0,0.0
outer1,1,72,b905,90.0,150.0,0.0,30.000001907348633,-30.000001907348633,0.0,-30.0,1.0,0.0,1.0
outer1,1,72,b905,90.0,180.0,180.0,0.0,180.0,0.0,180.0,0.0,1.0,-1.0
outer1,1,72,b905,90.0,210.0,120.00000762939453,120.00000762939453,0.0,0.0,0.0,0.0,0.0,0.0
outer1,1,72,b905,90.0,240.0,0.0,180.0,-180.0,0.0,-180.0,1.0,0.0,1.0
outer1,1,72,b905,90.0,270.0,180.0,180.0,0.0,0.0,0.0,0.0,0.0,0.0
outer1,1,72,b905,90.0,300.0,60.000003814697266,60.000003814697266,0.0,0.0,0.0,0.0,0.0,0.0
outer1,1,72,b905,90.0,330.0,180.0,150.0,30.0,0.0,30.0,0.0,0.0,0.0
outer1,1,72,b905,120.0,0.0,0.0,0.0,0.0,0.0,0.0,1.0,1.0,0.0
outer1,1,72,b905,120.0,30.0,0.0,0.0,0.0,0.0,0.0,1.0,1.0,0.0
outer1,1,72,b905,120.0,60.0,0.0,0.0,0.0,0.0,0.0,1.0,1.0,0.0
outer1,1,72,b905,120.0,90.0,0.0,0.0,0.0,0.0,0.0,1.0,1.0,0.0
outer1,1,72,b905,120.0,120.0,0.0,0.0,0.0,0.0,0.0,1.0,1.0,0.0
outer1,1,72,b905,120.0,150.0,0.0,0.0,0.0,0.0,0.0,1.0,1.0,0.0
outer1,1,72,b905,120.0,180.0,0.0,0.0,0.0,0.0,0.0,1.0,1.0,0.0
outer1,1,72,b905,120.0,210.0,0.0,0.0,0.0,0.0,0.0,1.0,1.0,0.0
outer1,1,72,b905,120.0,240.0,0.0,0.0,0.0,0.0,0.0,1.0,1.0,0.0
outer1,1,72,b905,120.0,270.0,0.0,0.0,0.0,0.0,0.0,1.0,1.0,0.0
outer1,1,72,b905,120.0,300.0,0.0,0.0,0.0,0.0,0.0,1.0,1.0,0.0
outer1,1,72,b905,120.0,330.0,0.0,0.0,0.0,0.0,0.0,1.0,1.0,0.0
outer1,1,72,b905,150.0,0.0,60.000003814697266,0.0,60.000003814697266,0.0,180.0,0.0,1.0,-1.0
outer1,1,72,b905,150.0,30.0,0.0,0.0,0.0,0.0,0.0,1.0,1.0,0.0
outer1,1,72,b905,150.0,60.0,0.0,0.0,0.0,0.0,0.0,1.0,1.0,0.0
outer1,1,72,b905,150.0,90.0,0.0,0.0,0.0,0.0,0.0,1.0,1.0,0.0
outer1,1,72,b905,150.0,120.0,0.0,0.0,0.0,0.0,0.0,1.0,1.0,0.0
outer1,1,72,b905,150.0,150.0,0.0,0.0,0.0,0.0,0.0,1.0,1.0,0.0
outer1,1,72,b905,150.0,180.0,0.0,0.0,0.0,0.0,0.0,1.0,1.0,0.0
outer1,1,72,b905,150.0,210.0,0.0,0.0,0.0,0.0,0.0,1.0,1.0,0.0
outer1,1,72,b905,150.0,240.0,0.0,0.0,0.0,0.0,0.0,1.0,1.0,0.0
outer1,1,72,b905,150.0,270.0,0.0,0.0,0.0,0.0,0.0,1.0,1.0,0.0
outer1,1,72,b905,150.0,300.0,0.0,0.0,0.0,0.0,0.0,1.0,1.0,0.0
outer1,1,72,b905,150.0,330.0,0.0,0.0,0.0,0.0,0.0,1.0,1.0,0.0
outer1,1,72,bb7d,30.0,0.0,150.0,150.0,0.0,0.0,0.0,0.0,0.0,0.0
outer1,1,72,bb7d,30.0,30.0,0.0,0.0,0.0,0.0,0.0,1.0,1.0,0.0
outer1,1,72,bb7d,30.0,60.0,151.04498291015625,51.31781005859375,99.7271728515625,120.0,0.0,0.0,0.0,0.0
outer1,1,72,bb7d,30.0,90.0,180.0,180.0,0.0,0.0,0.0,0.0,0.0,0.0
outer1,1,72,bb7d,30.0,120.0,128.68218994140625,128.68218994140625,0.0,0.0,0.0,0.0,0.0,0.0
outer1,1,72,bb7d,30.0,150.0,151.04498291015625,122.24180603027344,28.803176879882812,0.0,90.0,0.0,0.0,0.0
outer1,1,72,bb7d,30.0,180.0,90.0,90.0,0.0,0.0,0.0,0.0,0.0,0.0
outer1,1,72,bb7d,30.0,210.0,60.000003814697266,60.000003814697266,0.0,0.0,0.0,0.0,0.0,0.0
outer1,1,72,bb7d,30.0,240.0,60.000003814697266,60.000003814697266,0.0,0.0,0.0,0.0,0.0,0.0
outer1,1,72,bb7d,30.0,270.0,0.0,120.00000762939453,-120.00000762939453,-120.0,0.0,1.0,0.0,1.0
outer1,1,72,bb7d,30.0,300.0,0.0,0.0,0.0,0.0,0.0,1.0,1.0,0.0
outer1,1,72,bb7d,30.0,330.0,128.68218994140625,128.68218994140625,0.0,0.0,0.0,0.0,0.0,0.0
outer1,1,72,bb7d,60.0,0.0,180.0,120.00000762939453,59.99999237060547,60.0,0.0,0.0,0.0,0.0
outer1,1,72,bb7d,60.0,30.0,82.81924438476562,25.905075073242188,56.91416931152344,60.0,30.0,0.0,0.0,0.0
outer1,1,72,bb7d,60.0,60.0,30.000001907348633,36.097782135009766,-6.097780227661133,0.0,-30.0,0.0,0.0,0.0
outer1,1,72,bb7d,60.0,90.0,180.0,60.000003814697266,119.99999618530273,0.0,180.0,0.0,0.0,0.0
outer1,1,72,bb7d,60.0,120.0,66.45188903808594,93.32574462890625,-26.873855590820312,-30.0,0.0,0.0,0.0,0.0
outer1,1,72,bb7d,60.0,150.0,128.6822052001953,128.6822052001953,0.0,0.0,0.0,0.0,0.0,0.0
outer1,1,72,bb7d,60.0,180.0,60.000003814697266,0.0,60.000003814697266,60.0,0.0,0.0,1.0,-1.0
outer1,1,72,bb7d,60.0,210.0,120.00000762939453,120.00000762939453,0.0,0.0,0.0,0.0,0.0,0.0
outer1,1,72,bb7d,60.0,240.0,90.0,113.5481185913086,-23.548118591308594,30.0,30.0,0.0,0.0,0.0
outer1,1,72,bb7d,60.0,270.0,0.0,60.000003814697266,-60.000003814697266,-60.0,0.0,1.0,0.0,1.0
outer1,1,72,bb7d,60.0,300.0,143.9022216796875,143.9022216796875,0.0,0.0,0.0,0.0,0.0,0.0
outer1,1,72,bb7d,60.0,330.0,82.81924438476562,82.81924438476562,0.0,0.0,0.0,0.0,0.0,0.0
outer1,1,72,bb7d,90.0,0.0,64.34110260009766,150.0,-85.65889739990234,30.0,-90.0,0.0,0.0,0.0
outer1,1,72,bb7d,90.0,30.0,138.59039306640625,115.65889739990234,22.931495666503906,0.0,30.0,0.0,0.0,0.0
outer1,1,72,bb7d,90.0,60.0,138.59039306640625,41.40962219238281,97.18077087402344,0.0,120.0,0.0,0.0,0.0
outer1,1,72,bb7d,90.0,90.0,180.0,0.0,180.0,0.0,180.0,0.0,1.0,-1.0
outer1,1,72,bb7d,90.0,120.0,138.59039306640625,41.40962219238281,97.18077087402344,0.0,120.0,0.0,0.0,0.0
outer1,1,72,bb7d,90.0,150.0,90.0,115.6589126586914,-25.658912658691406,0.0,-30.0,0.0,0.0,0.0
outer1,1,72,bb7d,90.0,180.0,115.6589126586914,30.000001907348633,85.65891075134277,30.0,90.0,0.0,0.0,0.0
outer1,1,72,bb7d,90.0,210.0,41.40962219238281,64.34110260009766,-22.931480407714844,0.0,-30.0,0.0,0.0,0.0
outer1,1,72,bb7d,90.0,240.0,41.40962219238281,138.59039306640625,-97.18077087402344,0.0,-120.0,0.0,0.0,0.0
outer1,1,72,bb7d,90.0,270.0,0.0,0.0,0.0,0.0,0.0,1.0,1.0,0.0
outer1,1,72,bb7d,90.0,300.0,41.40962219238281,138.59039306640625,-97.18077087402344,0.0,-120.0,0.0,0.0,0.0
outer1,1,72,bb7d,90.0,330.0,90.0,64.34110260009766,25.658897399902344,0.0,30.0,0.0,0.0,0.0
outer1,1,72,bb7d,120.0,0.0,120.00000762939453,180.0,-59.99999237060547,-60.0,0.0,0.0,0.0,0.0
outer1,1,72,bb7d,120.0,30.0,0.0,82.81924438476562,-82.81924438476562,-60.0,-60.0,1.0,0.0,1.0
outer1,1,72,bb7d,120.0,60.0,36.09777069091797,93.32575225830078,-57.22798156738281,-60.0,0.0,0.0,0.0,0.0
outer1,1,72,bb7d,120.0,90.0,180.0,150.0,30.0,30.0,0.0,0.0,0.0,0.0
outer1,1,72,bb7d,120.0,120.0,102.50392150878906,93.32575225830078,9.178169250488281,0.0,30.0,0.0,0.0,0.0
outer1,1,72,bb7d,120.0,150.0,128.6822052001953,128.6822052001953,0.0,0.0,0.0,0.0,0.0,0.0
outer1,1,72,bb7d,120.0,180.0,0.0,60.000003814697266,-60.000003814697266,-60.0,0.0,1.0,0.0,1.0
outer1,1,72,bb7d,120.0,210.0,120.00000762939453,113.54811096191406,6.451896667480469,0.0,30.0,0.0,0.0,0.0
outer1,1,72,bb7d,120.0,240.0,113.54811096191406,86.67424774169922,26.873863220214844,-30.0,0.0,0.0,0.0,0.0
outer1,1,72,bb7d,120.0,270.0,30.000001907348633,0.0,30.000001907348633,30.0,0.0,0.0,1.0,-1.0
outer1,1,72,bb7d,120.0,300.0,130.50535583496094,143.9022216796875,-13.396865844726562,0.0,-30.0,0.0,0.0,0.0
outer1,1,72,bb7d,120.0,330.0,82.81924438476562,82.81924438476562,0.0,0.0,0.0,0.0,0.0,0.0
outer1,1,72,bb7d,150.0,0.0,150.0,90.0,60.0,60.0,0.0,0.0,0.0,0.0
outer1,1,72,bb7d,150.0,30.0,0.0,0.0,0.0,0.0,0.0,1.0,1.0,0.0
outer1,1,72,bb7d,150.0,60.0,151.04498291015625,151.04498291015625,0.0,0.0,0.0,0.0,0.0,0.0
outer1,1,72,bb7d,150.0,90.0,180.0,60.000003814697266,119.99999618530273,120.0,0.0,0.0,0.0,0.0
outer1,1,72,bb7d,150.0,120.0,128.68218994140625,128.68218994140625,0.0,0.0,0.0,0.0,0.0,0.0
outer1,1,72,bb7d,150.0,150.0,151.04498291015625,151.04498291015625,0.0,0.0,0.0,0.0,0.0,0.0
outer1,1,72,bb7d,150.0,180.0,90.0,29.99998664855957,60.00001335144043,60.0,0.0,0.0,0.0,0.0
outer1,1,72,bb7d,150.0,210.0,14.870942115783691,60.000003814697266,-45.129061698913574,0.0,-150.0,0.0,0.0,0.0
outer1,1,72,bb7d,150.0,240.0,60.000003814697266,14.870942115783691,45.129061698913574,0.0,150.0,0.0,0.0,0.0
outer1,1,72,bb7d,150.0,270.0,0.0,0.0,0.0,0.0,0.0,1.0,1.0,0.0
outer1,1,72,bb7d,150.0,300.0,0.0,120.00000762939453,-120.00000762939453,-120.0,0.0,1.0,0.0,1.0
outer1,1,72,bb7d,150.0,330.0,128.68218994140625,128.68218994140625,0.0,0.0,0.0,0.0,0.0,0.0
outer1,1,72,bbc6,30.0,0.0,0.0,0.0,0.0,0.0,0.0,1.0,1.0,0.0
outer1,1,72,bbc6,30.0,30.0,0.0,0.0,0.0,0.0,0.0,1.0,1.0,0.0
outer1,1,72,bbc6,30.0,60.0,0.0,0.0,0.0,0.0,0.0,1.0,1.0,0.0
outer1,1,72,bbc6,30.0,90.0,180.0,180.0,0.0,0.0,0.0,0.0,0.0,0.0
outer1,1,72,bbc6,30.0,120.0,151.04498291015625,151.04498291015625,0.0,0.0,0.0,0.0,0.0,0.0
outer1,1,72,bbc6,30.0,150.0,0.0,0.0,0.0,0.0,0.0,1.0,1.0,0.0
outer1,1,72,bbc6,30.0,180.0,0.0,120.00000762939453,-120.00000762939453,-120.0,0.0,1.0,0.0,1.0
outer1,1,72,bbc6,30.0,210.0,0.0,122.24180603027344,-122.24180603027344,-120.0,-30.0,1.0,0.0,1.0
outer1,1,72,bbc6,30.0,240.0,0.0,0.0,0.0,0.0,0.0,1.0,1.0,0.0
outer1,1,72,bbc6,30.0,270.0,0.0,0.0,0.0,0.0,0.0,1.0,1.0,0.0
outer1,1,72,bbc6,30.0,300.0,151.04498291015625,0.0,151.04498291015625,120.0,120.0,0.0,1.0,-1.0
outer1,1,72,bbc6,30.0,330.0,0.0,14.870942115783691,-14.870942115783691,0.0,-30.0,1.0,0.0,1.0
outer1,1,72,bbc6,60.0,0.0,30.000001907348633,30.000001907348633,0.0,0.0,0.0,0.0,0.0,0.0
outer1,1,72,bbc6,60.0,30.0,0.0,0.0,0.0,0.0,0.0,1.0,1.0,0.0
outer1,1,72,bbc6,60.0,60.0,30.000001907348633,0.0,30.000001907348633,30.0,0.0,0.0,1.0,-1.0
outer1,1,72,bbc6,60.0,90.0,180.0,180.0,0.0,0.0,0.0,0.0,0.0,0.0
outer1,1,72,bbc6,60.0,120.0,77.49609375,128.6822052001953,-51.18611145019531,-30.0,0.0,0.0,0.0,0.0
outer1,1,72,bbc6,60.0,150.0,82.81924438476562,82.81924438476562,0.0,0.0,0.0,0.0,0.0,0.0
outer1,1,72,bbc6,60.0,180.0,30.000001907348633,90.0,-59.99999809265137,-60.0,0.0,0.0,0.0,0.0
outer1,1,72,bbc6,60.0,210.0,82.81924438476562,0.0,82.81924438476562,60.0,60.0,0.0,1.0,-1.0
outer1,1,72,bbc6,60.0,240.0,0.0,0.0,0.0,0.0,0.0,1.0,1.0,0.0
outer1,1,72,bbc6,60.0,270.0,0.0,0.0,0.0,0.0,0.0,1.0,1.0,0.0
outer1,1,72,bbc6,60.0,300.0,128.68218994140625,0.0,128.68218994140625,60.0,120.0,0.0,1.0,-1.0
outer1,1,72,bbc6,60.0,330.0,0.0,0.0,0.0,0.0,0.0,1.0,1.0,0.0
outer1,1,72,bbc6,90.0,0.0,180.0,0.0,180.0,0.0,180.0,0.0,1.0,-1.0
outer1,1,72,bbc6,90.0,30.0,0.0,0.0,0.0,0.0,0.0,1.0,1.0,0.0
outer1,1,72,bbc6,90.0,60.0,138.59039306640625,60.000003814697266,78.59038925170898,30.0,90.0,0.0,0.0,0.0
outer1,1,72,bbc6,90.0,90.0,180.0,0.0,180.0,0.0,180.0,0.0,1.0,-1.0
outer1,1,72,bbc6,90.0,120.0,150.0,0.0,150.0,30.0,180.0,0.0,1.0,-1.0
outer1,1,72,bbc6,90.0,150.0,180.0,180.0,0.0,0.0,0.0,0.0,0.0,0.0
outer1,1,72,bbc6,90.0,180.0,180.0,180.0,0.0,0.0,0.0,0.0,0.0,0.0
outer1,1,72,bbc6,90.0,210.0,0.0,180.0,-180.0,0.0,-180.0,1.0,0.0,1.0
outer1,1,72,bbc6,90.0,240.0,41.40962219238281,120.00000762939453,-78.59038543701172,30.0,-90.0,0.0,0.0,0.0
outer1,1,72,bbc6,90.0,270.0,0.0,180.0,-180.0,0.0,-180.0,1.0,0.0,1.0
outer1,1,72,bbc6,90.0,300.0,41.40962219238281,180.0,-138.5903778076172,30.0,-150.0,0.0,0.0,0.0
outer1,1,72,bbc6,90.0,330.0,180.0,0.0,180.0,0.0,180.0,0.0,1.0,-1.0
outer1,1,72,bbc6,120.0,0.0,29.99998664855957,29.99998664855957,0.0,0.0,0.0,0.0,0.0,0.0
outer1,1,72,bbc6,120.0,30.0,0.0,0.0,0.0,0.0,0.0,1.0,1.0,0.0
outer1,1,72,bbc6,120.0,60.0,0.0,0.0,0.0,0.0,0.0,1.0,1.0,0.0
outer1,1,72,bbc6,120.0,90.0,180.0,180.0,0.0,0.0,0.0,0.0,0.0,0.0
outer1,1,72,bbc6,120.0,120.0,128.6822052001953,128.6822052001953,0.0,0.0,0.0,0.0,0.0,0.0
outer1,1,72,bbc6,120.0,150.0,0.0,60.000003814697266,-60.000003814697266,-60.0,0.0,1.0,0.0,1.0
outer1,1,72,bbc6,120.0,180.0,29.99998664855957,29.99998664855957,0.0,0.0,0.0,0.0,0.0,0.0
outer1,1,72,bbc6,120.0,210.0,0.0,0.0,0.0,0.0,0.0,1.0,1.0,0.0
outer1,1,72,bbc6,120.0,240.0,93.32575225830078,93.32575225830078,0.0,0.0,0.0,0.0,0.0,0.0
outer1,1,72,bbc6,120.0,270.0,29.99998664855957,0.0,29.99998664855957,30.0,0.0,0.0,1.0,-1.0
outer1,1,72,bbc6,120.0,300.0,128.68218994140625,128.68218994140625,0.0,0.0,0.0,0.0,0.0,0.0
outer1,1,72,bbc6,120.0,330.0,0.0,0.0,0.0,0.0,0.0,1.0,1.0,0.0
outer1,1,72,bbc6,150.0,0.0,0.0,0.0,0.0,0.0,0.0,1.0,1.0,0.0
outer1,1,72,bbc6,150.0,30.0,0.0,0.0,0.0,0.0,0.0,1.0,1.0,0.0
outer1,1,72,bbc6,150.0,60.0,0.0,0.0,0.0,0.0,0.0,1.0,1.0,0.0
outer1,1,72,bbc6,150.0,90.0,0.0,180.0,-180.0,-120.0,-180.0,1.0,0.0,1.0
outer1,1,72,bbc6,150.0,120.0,151.04498291015625,128.68218994140625,22.36279296875,0.0,60.0,0.0,0.0,0.0
outer1,1,72,bbc6,150.0,150.0,0.0,0.0,0.0,0.0,0.0,1.0,1.0,0.0
outer1,1,72,bbc6,150.0,180.0,0.0,0.0,0.0,0.0,0.0,1.0,1.0,0.0
outer1,1,72,bbc6,150.0,210.0,14.870942115783691,0.0,14.870942115783691,0.0,30.0,0.0,1.0,-1.0
outer1,1,72,bbc6,150.0,240.0,0.0,0.0,0.0,0.0,0.0,1.0,1.0,0.0
outer1,1,72,bbc6,150.0,270.0,0.0,0.0,0.0,0.0,0.0,1.0,1.0,0.0
outer1,1,72,bbc6,150.0,300.0,0.0,151.04498291015625,-151.04498291015625,-120.0,-120.0,1.0,0.0,1.0
outer1,1,72,bbc6,150.0,330.0,0.0,0.0,0.0,0.0,0.0,1.0,1.0,0.0
outer1,1,73,b827,30.0,0.0,0.0,0.0,0.0,0.0,0.0,1.0,1.0,0.0
outer1,1,73,b827,30.0,30.0,0.0,0.0,0.0,0.0,0.0,1.0,1.0,0.0
outer1,1,73,b827,30.0,60.0,0.0,0.0,0.0,0.0,0.0,1.0,1.0,0.0
outer1,1,73,b827,30.0,90.0,0.0,0.0,0.0,0.0,0.0,1.0,1.0,0.0
outer1,1,73,b827,30.0,120.0,0.0,0.0,0.0,0.0,0.0,1.0,1.0,0.0
outer1,1,73,b827,30.0,150.0,0.0,0.0,0.0,0.0,0.0,1.0,1.0,0.0
outer1,1,73,b827,30.0,180.0,0.0,0.0,0.0,0.0,0.0,1.0,1.0,0.0
outer1,1,73,b827,30.0,210.0,0.0,0.0,0.0,0.0,0.0,1.0,1.0,0.0
outer1,1,73,b827,30.0,240.0,0.0,0.0,0.0,0.0,0.0,1.0,1.0,0.0
outer1,1,73,b827,30.0,270.0,0.0,0.0,0.0,0.0,0.0,1.0,1.0,0.0
outer1,1,73,b827,30.0,300.0,0.0,0.0,0.0,0.0,0.0,1.0,1.0,0.0
outer1,1,73,b827,30.0,330.0,0.0,0.0,0.0,0.0,0.0,1.0,1.0,0.0
outer1,1,73,b827,60.0,0.0,0.0,30.000001907348633,-30.000001907348633,-30.0,0.0,1.0,0.0,1.0
outer1,1,73,b827,60.0,30.0,0.0,0.0,0.0,0.0,0.0,1.0,1.0,0.0
outer1,1,73,b827,60.0,60.0,0.0,25.905075073242188,-25.905075073242188,0.0,-30.0,1.0,0.0,1.0
outer1,1,73,b827,60.0,90.0,0.0,0.0,0.0,0.0,0.0,1.0,1.0,0.0
outer1,1,73,b827,60.0,120.0,0.0,0.0,0.0,0.0,0.0,1.0,1.0,0.0
outer1,1,73,b827,60.0,150.0,0.0,0.0,0.0,0.0,0.0,1.0,1.0,0.0
outer1,1,73,b827,60.0,180.0,0.0,0.0,0.0,0.0,0.0,1.0,1.0,0.0
outer1,1,73,b827,60.0,210.0,0.0,51.31781005859375,-51.31781005859375,0.0,-60.0,1.0,0.0,1.0
outer1,1,73,b827,60.0,240.0,0.0,0.0,0.0,0.0,0.0,1.0,1.0,0.0
outer1,1,73,b827,60.0,270.0,0.0,0.0,0.0,0.0,0.0,1.0,1.0,0.0
outer1,1,73,b827,60.0,300.0,0.0,0.0,0.0,0.0,0.0,1.0,1.0,0.0
outer1,1,73,b827,60.0,330.0,0.0,0.0,0.0,0.0,0.0,1.0,1.0,0.0
outer1,1,73,b827,90.0,0.0,0.0,180.0,-180.0,0.0,-180.0,1.0,0.0,1.0
outer1,1,73,b827,90.0,30.0,180.0,180.0,0.0,0.0,0.0,0.0,0.0,0.0
outer1,1,73,b827,90.0,60.0,119.99999237060547,119.99999237060547,0.0,0.0,0.0,0.0,0.0,0.0
outer1,1,73,b827,90.0,90.0,180.0,0.0,180.0,0.0,180.0,0.0,1.0,-1.0
outer1,1,73,b827,90.0,120.0,0.0,0.0,0.0,0.0,0.0,1.0,1.0,0.0
outer1,1,73,b827,90.0,150.0,0.0,30.000001907348633,-30.000001907348633,0.0,-30.0,1.0,0.0,1.0
outer1,1,73,b827,90.0,180.0,180.0,0.0,180.0,0.0,180.0,0.0,1.0,-1.0
outer1,1,73,b827,90.0,210.0,0.0,0.0,0.0,0.0,0.0,1.0,1.0,0.0
outer1,1,73,b827,90.0,240.0,60.000003814697266,60.000003814697266,0.0,0.0,0.0,0.0,0.0,0.0
outer1,1,73,b827,90.0,270.0,0.0,0.0,0.0,0.0,0.0,1.0,1.0,0.0
outer1,1,73,b827,90.0,300.0,0.0,0.0,0.0,0.0,0.0,1.0,1.0,0.0
outer1,1,73,b827,90.0,330.0,180.0,180.0,0.0,0.0,0.0,0.0,0.0,0.0
outer1,1,73,b827,120.0,0.0,0.0,0.0,0.0,0.0,0.0,1.0,1.0,0.0
outer1,1,73,b827,120.0,30.0,0.0,0.0,0.0,0.0,0.0,1.0,1.0,0.0
outer1,1,73,b827,120.0,60.0,0.0,0.0,0.0,0.0,0.0,1.0,1.0,0.0
outer1,1,73,b827,120.0,90.0,0.0,29.99998664855957,-29.99998664855957,-30.0,0.0,1.0,0.0,1.0
outer1,1,73,b827,120.0,120.0,0.0,0.0,0.0,0.0,0.0,1.0,1.0,0.0
outer1,1,73,b827,120.0,150.0,60.000003814697266,0.0,60.000003814697266,60.0,0.0,0.0,1.0,-1.0
outer1,1,73,b827,120.0,180.0,0.0,29.99998664855957,-29.99998664855957,-30.0,0.0,1.0,0.0,1.0
outer1,1,73,b827,120.0,210.0,0.0,0.0,0.0,0.0,0.0,1.0,1.0,0.0
outer1,1,73,b827,120.0,240.0,0.0,0.0,0.0,0.0,0.0,1.0,1.0,0.0
outer1,1,73,b827,120.0,270.0,0.0,0.0,0.0,0.0,0.0,1.0,1.0,0.0
outer1,1,73,b827,120.0,300.0,0.0,0.0,0.0,0.0,0.0,1.0,1.0,0.0
outer1,1,73,b827,120.0,330.0,0.0,0.0,0.0,0.0,0.0,1.0,1.0,0.0
outer1,1,73,b827,150.0,0.0,0.0,0.0,0.0,0.0,0.0,1.0,1.0,0.0
outer1,1,73,b827,150.0,30.0,0.0,0.0,0.0,0.0,0.0,1.0,1.0,0.0
outer1,1,73,b827,150.0,60.0,0.0,0.0,0.0,0.0,0.0,1.0,1.0,0.0
outer1,1,73,b827,150.0,90.0,0.0,0.0,0.0,0.0,0.0,1.0,1.0,0.0
outer1,1,73,b827,150.0,120.0,0.0,0.0,0.0,0.0,0.0,1.0,1.0,0.0
outer1,1,73,b827,150.0,150.0,0.0,0.0,0.0,0.0,0.0,1.0,1.0,0.0
outer1,1,73,b827,150.0,180.0,0.0,0.0,0.0,0.0,0.0,1.0,1.0,0.0
outer1,1,73,b827,150.0,210.0,0.0,0.0,0.0,0.0,0.0,1.0,1.0,0.0
outer1,1,73,b827,150.0,240.0,0.0,0.0,0.0,0.0,0.0,1.0,1.0,0.0
outer1,1,73,b827,150.0,270.0,0.0,0.0,0.0,0.0,0.0,1.0,1.0,0.0
outer1,1,73,b827,150.0,300.0,0.0,0.0,0.0,0.0,0.0,1.0,1.0,0.0
outer1,1,73,b827,150.0,330.0,0.0,0.0,0.0,0.0,0.0,1.0,1.0,0.0
outer1,1,73,b871,30.0,0.0,0.0,0.0,0.0,0.0,0.0,1.0,1.0,0.0
outer1,1,73,b871,30.0,30.0,0.0,0.0,0.0,0.0,0.0,1.0,1.0,0.0
outer1,1,73,b871,30.0,60.0,0.0,0.0,0.0,0.0,0.0,1.0,1.0,0.0
outer1,1,73,b871,30.0,90.0,0.0,0.0,0.0,0.0,0.0,1.0,1.0,0.0
outer1,1,73,b871,30.0,120.0,0.0,0.0,0.0,0.0,0.0,1.0,1.0,0.0
outer1,1,73,b871,30.0,150.0,0.0,0.0,0.0,0.0,0.0,1.0,1.0,0.0
outer1,1,73,b871,30.0,180.0,0.0,0.0,0.0,0.0,0.0,1.0,1.0,0.0
outer1,1,73,b871,30.0,210.0,0.0,0.0,0.0,0.0,0.0,1.0,1.0,0.0
outer1,1,73,b871,30.0,240.0,0.0,0.0,0.0,0.0,0.0,1.0,1.0,0.0
outer1,1,73,b871,30.0,270.0,0.0,0.0,0.0,0.0,0.0,1.0,1.0,0.0
outer1,1,73,b871,30.0,300.0,0.0,0.0,0.0,0.0,0.0,1.0,1.0,0.0
outer1,1,73,b871,30.0,330.0,0.0,0.0,0.0,0.0,0.0,1.0,1.0,0.0
outer1,1,73,b871,60.0,0.0,0.0,0.0,0.0,0.0,0.0,1.0,1.0,0.0
outer1,1,73,b871,60.0,30.0,0.0,0.0,0.0,0.0,0.0,1.0,1.0,0.0
outer1,1,73,b871,60.0,60.0,0.0,0.0,0.0,0.0,0.0,1.0,1.0,0.0
outer1,1,73,b871,60.0,90.0,0.0,0.0,0.0,0.0,0.0,1.0,1.0,0.0
outer1,1,73,b871,60.0,120.0,60.000003814697266,128.6822052001953,-68.68220138549805,0.0,-120.0,0.0,0.0,0.0
outer1,1,73,b871,60.0,150.0,0.0,0.0,0.0,0.0,0.0,1.0,1.0,0.0
outer1,1,73,b871,60.0,180.0,0.0,0.0,0.0,0.0,0.0,1.0,1.0,0.0
outer1,1,73,b871,60.0,210.0,0.0,51.31781005859375,-51.31781005859375,0.0,-60.0,1.0,0.0,1.0
outer1,1,73,b871,60.0,240.0,0.0,0.0,0.0,0.0,0.0,1.0,1.0,0.0
outer1,1,73,b871,60.0,270.0,0.0,0.0,0.0,0.0,0.0,1.0,1.0,0.0
outer1,1,73,b871,60.0,300.0,0.0,0.0,0.0,0.0,0.0,1.0,1.0,0.0
outer1,1,73,b871,60.0,330.0,0.0,0.0,0.0,0.0,0.0,1.0,1.0,0.0
outer1,1,73,b871,90.0,0.0,0.0,0.0,0.0,0.0,0.0,1.0,1.0,0.0
outer1,1,73,b871,90.0,30.0,0.0,0.0,0.0,0.0,0.0,1.0,1.0,0.0
outer1,1,73,b871,90.0,60.0,60.000003814697266,60.000003814697266,0.0,0.0,0.0,0.0,0.0,0.0
outer1,1,73,b871,90.0,90.0,180.0,180.0,0.0,0.0,0.0,0.0,0.0,0.0
outer1,1,73,b871,90.0,120.0,0.0,0.0,0.0,0.0,0.0,1.0,1.0,0.0
outer1,1,73,b871,90.0,150.0,60.000003814697266,30.000001907348633,30.000001907348633,0.0,30.0,0.0,0.0,0.0
outer1,1,73,b871,90.0,180.0,180.0,180.0,0.0,0.0,0.0,0.0,0.0,0.0
outer1,1,73,b871,90.0,210.0,0.0,0.0,0.0,0.0,0.0,1.0,1.0,0.0
outer1,1,73,b871,90.0,240.0,60.000003814697266,60.000003814697266,0.0,0.0,0.0,0.0,0.0,0.0
outer1,1,73,b871,90.0,270.0,0.0,180.0,-180.0,0.0,-180.0,1.0,0.0,1.0
outer1,1,73,b871,90.0,300.0,0.0,0.0,0.0,0.0,0.0,1.0,1.0,0.0
outer1,1,73,b871,90.0,330.0,120.00000762939453,0.0,120.00000762939453,0.0,120.0,0.0,1.0,-1.0
outer1,1,73,b871,120.0,0.0,0.0,0.0,0.0,0.0,0.0,1.0,1.0,0.0
outer1,1,73,b871,120.0,30.0,0.0,0.0,0.0,0.0,0.0,1.0,1.0,0.0
outer1,1,73,b871,120.0,60.0,0.0,0.0,0.0,0.0,0.0,1.0,1.0,0.0
outer1,1,73,b871,120.0,90.0,0.0,0.0,0.0,0.0,0.0,1.0,1.0,0.0
outer1,1,73,b871,120.0,120.0,128.6822052001953,128.6822052001953,0.0,0.0,0.0,0.0,0.0,0.0
outer1,1,73,b871,120.0,150.0,0.0,0.0,0.0,0.0,0.0,1.0,1.0,0.0
outer1,1,73,b871,120.0,180.0,0.0,0.0,0.0,0.0,0.0,1.0,1.0,0.0
outer1,1,73,b871,120.0,210.0,0.0,0.0,0.0,0.0,0.0,1.0,1.0,0.0
outer1,1,73,b871,120.0,240.0,0.0,0.0,0.0,0.0,0.0,1.0,1.0,0.0
outer1,1,73,b871,120.0,270.0,0.0,0.0,0.0,0.0,0.0,1.0,1.0,0.0
outer1,1,73,b871,120.0,300.0,0.0,0.0,0.0,0.0,0.0,1.0,1.0,0.0
outer1,1,73,b871,120.0,330.0,0.0,0.0,0.0,0.0,0.0,1.0,1.0,0.0
outer1,1,73,b871,150.0,0.0,0.0,0.0,0.0,0.0,0.0,1.0,1.0,0.0
outer1,1,73,b871,150.0,30.0,0.0,0.0,0.0,0.0,0.0,1.0,1.0,0.0
outer1,1,73,b871,150.0,60.0,0.0,0.0,0.0,0.0,0.0,1.0,1.0,0.0
outer1,1,73,b871,150.0,90.0,0.0,0.0,0.0,0.0,0.0,1.0,1.0,0.0
outer1,1,73,b871,150.0,120.0,0.0,151.04498291015625,-151.04498291015625,-120.0,-120.0,1.0,0.0,1.0
outer1,1,73,b871,150.0,150.0,0.0,0.0,0.0,0.0,0.0,1.0,1.0,0.0
outer1,1,73,b871,150.0,180.0,0.0,0.0,0.0,0.0,0.0,1.0,1.0,0.0
outer1,1,73,b871,150.0,210.0,0.0,0.0,0.0,0.0,0.0,1.0,1.0,0.0
outer1,1,73,b871,150.0,240.0,0.0,0.0,0.0,0.0,0.0,1.0,1.0,0.0
outer1,1,73,b871,150.0,270.0,0.0,0.0,0.0,0.0,0.0,1.0,1.0,0.0
outer1,1,73,b871,150.0,300.0,0.0,0.0,0.0,0.0,0.0,1.0,1.0,0.0
outer1,1,73,b871,150.0,330.0,0.0,0.0,0.0,0.0,0.0,1.0,1.0,0.0
outer1,1,73,b905,30.0,0.0,0.0,0.0,0.0,0.0,0.0,1.0,1.0,0.0
outer1,1,73,b905,30.0,30.0,0.0,0.0,0.0,0.0,0.0,1.0,1.0,0.0
outer1,1,73,b905,30.0,60.0,0.0,0.0,0.0,0.0,0.0,1.0,1.0,0.0
outer1,1,73,b905,30.0,90.0,0.0,120.00000762939453,-120.00000762939453,-120.0,0.0,1.0,0.0,1.0
outer1,1,73,b905,30.0,120.0,0.0,0.0,0.0,0.0,0.0,1.0,1.0,0.0
outer1,1,73,b905,30.0,150.0,0.0,0.0,0.0,0.0,0.0,1.0,1.0,0.0
outer1,1,73,b905,30.0,180.0,0.0,0.0,0.0,0.0,0.0,1.0,1.0,0.0
outer1,1,73,b905,30.0,210.0,0.0,0.0,0.0,0.0,0.0,1.0,1.0,0.0
outer1,1,73,b905,30.0,240.0,0.0,0.0,0.0,0.0,0.0,1.0,1.0,0.0
outer1,1,73,b905,30.0,270.0,0.0,0.0,0.0,0.0,0.0,1.0,1.0,0.0
outer1,1,73,b905,30.0,300.0,0.0,0.0,0.0,0.0,0.0,1.0,1.0,0.0
outer1,1,73,b905,30.0,330.0,0.0,0.0,0.0,0.0,0.0,1.0,1.0,0.0
outer1,1,73,b905,60.0,0.0,0.0,0.0,0.0,0.0,0.0,1.0,1.0,0.0
outer1,1,73,b905,60.0,30.0,0.0,66.45188903808594,-66.45188903808594,-60.0,-30.0,1.0,0.0,1.0
outer1,1,73,b905,60.0,60.0,0.0,0.0,0.0,0.0,0.0,1.0,1.0,0.0
outer1,1,73,b905,60.0,90.0,0.0,0.0,0.0,0.0,0.0,1.0,1.0,0.0
outer1,1,73,b905,60.0,120.0,0.0,0.0,0.0,0.0,0.0,1.0,1.0,0.0
outer1,1,73,b905,60.0,150.0,0.0,0.0,0.0,0.0,0.0,1.0,1.0,0.0
outer1,1,73,b905,60.0,180.0,0.0,0.0,0.0,0.0,0.0,1.0,1.0,0.0
outer1,1,73,b905,60.0,210.0,0.0,0.0,0.0,0.0,0.0,1.0,1.0,0.0
outer1,1,73,b905,60.0,240.0,0.0,128.6822052001953,-128.6822052001953,-60.0,-120.0,1.0,0.0,1.0
outer1,1,73,b905,60.0,270.0,0.0,0.0,0.0,0.0,0.0,1.0,1.0,0.0
outer1,1,73,b905,60.0,300.0,0.0,0.0,0.0,0.0,0.0,1.0,1.0,0.0
outer1,1,73,b905,60.0,330.0,0.0,0.0,0.0,0.0,0.0,1.0,1.0,0.0
outer1,1,73,b905,90.0,0.0,0.0,0.0,0.0,0.0,0.0,1.0,1.0,0.0
outer1,1,73,b905,90.0,30.0,60.00000762939453,120.00000762939453,-60.0,0.0,-60.0,0.0,0.0,0.0
outer1,1,73,b905,90.0,60.0,0.0,0.0,0.0,0.0,0.0,1.0,1.0,0.0
outer1,1,73,b905,90.0,90.0,0.0,0.0,0.0,0.0,0.0,1.0,1.0,0.0
outer1,1,73,b905,90.0,120.0,60.000003814697266,60.000003814697266,0.0,0.0,0.0,0.0,0.0,0.0
outer1,1,73,b905,90.0,150.0,180.0,0.0,180.0,0.0,180.0,0.0,1.0,-1.0
outer1,1,73,b905,90.0,180.0,180.0,180.0,0.0,0.0,0.0,0.0,0.0,0.0
outer1,1,73,b905,90.0,210.0,120.00000762939453,30.000001907348633,90.0000057220459,0.0,90.0,0.0,0.0,0.0
outer1,1,73,b905,90.0,240.0,0.0,0.0,0.0,0.0,0.0,1.0,1.0,0.0
outer1,1,73,b905,90.0,270.0,0.0,0.0,0.0,0.0,0.0,1.0,1.0,0.0
outer1,1,73,b905,90.0,300.0,60.000003814697266,0.0,60.000003814697266,0.0,60.0,0.0,1.0,-1.0
outer1,1,73,b905,90.0,330.0,0.0,180.0,-180.0,0.0,-180.0,1.0,0.0,1.0
outer1,1,73,b905,120.0,0.0,0.0,0.0,0.0,0.0,0.0,1.0,1.0,0.0
outer1,1,73,b905,120.0,30.0,0.0,0.0,0.0,0.0,0.0,1.0,1.0,0.0
outer1,1,73,b905,120.0,60.0,0.0,0.0,0.0,0.0,0.0,1.0,1.0,0.0
outer1,1,73,b905,120.0,90.0,0.0,0.0,0.0,0.0,0.0,1.0,1.0,0.0
outer1,1,73,b905,120.0,120.0,0.0,0.0,0.0,0.0,0.0,1.0,1.0,0.0
outer1,1,73,b905,120.0,150.0,0.0,0.0,0.0,0.0,0.0,1.0,1.0,0.0
outer1,1,73,b905,120.0,180.0,0.0,0.0,0.0,0.0,0.0,1.0,1.0,0.0
outer1,1,73,b905,120.0,210.0,0.0,0.0,0.0,0.0,0.0,1.0,1.0,0.0
outer1,1,73,b905,120.0,240.0,0.0,128.6822052001953,-128.6822052001953,-60.0,-120.0,1.0,0.0,1.0
outer1,1,73,b905,120.0,270.0,0.0,0.0,0.0,0.0,0.0,1.0,1.0,0.0
outer1,1,73,b905,120.0,300.0,0.0,0.0,0.0,0.0,0.0,1.0,1.0,0.0
outer1,1,73,b905,120.0,330.0,0.0,0.0,0.0,0.0,0.0,1.0,1.0,0.0
outer1,1,73,b905,150.0,0.0,0.0,0.0,0.0,0.0,0.0,1.0,1.0,0.0
outer1,1,73,b905,150.0,30.0,0.0,0.0,0.0,0.0,0.0,1.0,1.0,0.0
outer1,1,73,b905,150.0,60.0,0.0,0.0,0.0,0.0,0.0,1.0,1.0,0.0
outer1,1,73,b905,150.0,90.0,0.0,0.0,0.0,0.0,0.0,1.0,1.0,0.0
outer1,1,73,b905,150.0,120.0,0.0,0.0,0.0,0.0,0.0,1.0,1.0,0.0
outer1,1,73,b905,150.0,150.0,0.0,0.0,0.0,0.0,0.0,1.0,1.0,0.0
outer1,1,73,b905,150.0,180.0,0.0,0.0,0.0,0.0,0.0,1.0,1.0,0.0
outer1,1,73,b905,150.0,210.0,0.0,0.0,0.0,0.0,0.0,1.0,1.0,0.0
outer1,1,73,b905,150.0,240.0,0.0,0.0,0.0,0.0,0.0,1.0,1.0,0.0
outer1,1,73,b905,150.0,270.0,0.0,0.0,0.0,0.0,0.0,1.0,1.0,0.0
outer1,1,73,b905,150.0,300.0,0.0,0.0,0.0,0.0,0.0,1.0,1.0,0.0
outer1,1,73,b905,150.0,330.0,0.0,0.0,0.0,0.0,0.0,1.0,1.0,0.0
outer1,1,73,bb7d,30.0,0.0,150.0,180.0,-30.0,-30.0,0.0,0.0,0.0,0.0
outer1,1,73,bb7d,30.0,30.0,120.00000762939453,0.0,120.00000762939453,120.0,0.0,0.0,1.0,-1.0
outer1,1,73,bb7d,30.0,60.0,151.04498291015625,151.04498291015625,0.0,0.0,0.0,0.0,0.0,0.0
outer1,1,73,bb7d,30.0,90.0,180.0,180.0,0.0,0.0,0.0,0.0,0.0,0.0
outer1,1,73,bb7d,30.0,120.0,128.68218994140625,128.68218994140625,0.0,0.0,0.0,0.0,0.0,0.0
outer1,1,73,bb7d,30.0,150.0,151.04498291015625,128.68218994140625,22.36279296875,0.0,60.0,0.0,0.0,0.0
outer1,1,73,bb7d,30.0,180.0,150.0,120.00000762939453,29.99999237060547,-30.0,180.0,0.0,0.0,0.0
outer1,1,73,bb7d,30.0,210.0,151.04498291015625,151.04498291015625,0.0,0.0,0.0,0.0,0.0,0.0
outer1,1,73,bb7d,30.0,240.0,60.000003814697266,60.000003814697266,0.0,0.0,0.0,0.0,0.0,0.0
outer1,1,73,bb7d,30.0,270.0,0.0,120.00000762939453,-120.00000762939453,-120.0,0.0,1.0,0.0,1.0
outer1,1,73,bb7d,30.0,300.0,0.0,122.24180603027344,-122.24180603027344,-120.0,-30.0,1.0,0.0,1.0
outer1,1,73,bb7d,30.0,330.0,128.68218994140625,128.68218994140625,0.0,0.0,0.0,0.0,0.0,0.0
outer1,1,73,bb7d,60.0,0.0,180.0,180.0,0.0,0.0,0.0,0.0,0.0,0.0
outer1,1,73,bb7d,60.0,30.0,0.0,0.0,0.0,0.0,0.0,1.0,1.0,0.0
outer1,1,73,bb7d,60.0,60.0,30.000001907348633,36.097782135009766,-6.097780227661133,0.0,-30.0,0.0,0.0,0.0
outer1,1,73,bb7d,60.0,90.0,60.000003814697266,180.0,-119.99999618530273,0.0,-180.0,0.0,0.0,0.0
outer1,1,73,bb7d,60.0,120.0,93.32574462890625,93.32574462890625,0.0,0.0,0.0,0.0,0.0,0.0
outer1,1,73,bb7d,60.0,150.0,82.81924438476562,82.81924438476562,0.0,0.0,0.0,0.0,0.0,0.0
outer1,1,73,bb7d,60.0,180.0,60.000003814697266,60.000003814697266,0.0,0.0,0.0,0.0,0.0,0.0
outer1,1,73,bb7d,60.0,210.0,120.00000762939453,120.00000762939453,0.0,0.0,0.0,0.0,0.0,0.0
outer1,1,73,bb7d,60.0,240.0,86.67425537109375,113.5481185913086,-26.873863220214844,30.0,0.0,0.0,0.0,0.0
outer1,1,73,bb7d,60.0,270.0,29.999998092651367,29.999998092651367,0.0,0.0,0.0,0.0,0.0,0.0
outer1,1,73,bb7d,60.0,300.0,130.50535583496094,93.32574462890625,37.17961120605469,0.0,90.0,0.0,0.0,0.0
outer1,1,73,bb7d,60.0,330.0,82.81924438476562,82.81924438476562,0.0,0.0,0.0,0.0,0.0,0.0
outer1,1,73,bb7d,90.0,0.0,64.34110260009766,119.99999237060547,-55.65888977050781,30.0,-60.0,0.0,0.0,0.0
outer1,1,73,bb7d,90.0,30.0,138.59039306640625,138.59039306640625,0.0,0.0,0.0,0.0,0.0,0.0
outer1,1,73,bb7d,90.0,60.0,138.59039306640625,150.0,-11.40960693359375,30.0,0.0,0.0,0.0,0.0
outer1,1,73,bb7d,90.0,90.0,0.0,180.0,-180.0,0.0,-180.0,1.0,0.0,1.0
outer1,1,73,bb7d,90.0,120.0,138.59039306640625,138.59039306640625,0.0,0.0,0.0,0.0,0.0,0.0
outer1,1,73,bb7d,90.0,150.0,90.0,115.6589126586914,-25.658912658691406,0.0,-30.0,0.0,0.0,0.0
outer1,1,73,bb7d,90.0,180.0,41.40962219238281,60.000003814697266,-18.590381622314453,30.0,-30.0,0.0,0.0,0.0
outer1,1,73,bb7d,90.0,210.0,41.40962219238281,64.34110260009766,-22.931480407714844,0.0,-30.0,0.0,0.0,0.0
outer1,1,73,bb7d,90.0,240.0,41.40962219238281,30.000001907348633,11.40962028503418,30.0,0.0,0.0,0.0,0.0
outer1,1,73,bb7d,90.0,270.0,180.0,0.0,180.0,0.0,180.0,0.0,1.0,-1.0
outer1,1,73,bb7d,90.0,300.0,41.40962219238281,41.40962219238281,0.0,0.0,0.0,0.0,0.0,0.0
outer1,1,73,bb7d,90.0,330.0,90.0,90.0,0.0,0.0,0.0,0.0,0.0,0.0
outer1,1,73,bb7d,120.0,0.0,120.00000762939453,120.00000762939453,0.0,0.0,0.0,0.0,0.0,0.0
outer1,1,73,bb7d,120.0,30.0,51.31781005859375,82.81924438476562,-31.501434326171875,-60.0,0.0,0.0,0.0,0.0
outer1,1,73,bb7d,120.0,60.0,36.09777069091797,154.0949249267578,-117.99715423583984,-30.0,-120.0,0.0,0.0,0.0
outer1,1,73,bb7d,120.0,90.0,180.0,60.000003814697266,119.99999618530273,0.0,180.0,0.0,0.0,0.0
outer1,1,73,bb7d,120.0,120.0,93.32575225830078,66.45188903808594,26.873863220214844,30.0,0.0,0.0,0.0,0.0
outer1,1,73,bb7d,120.0,150.0,128.6822052001953,97.18075561523438,31.501449584960938,60.0,0.0,0.0,0.0,0.0
outer1,1,73,bb7d,120.0,180.0,0.0,0.0,0.0,0.0,0.0,1.0,1.0,0.0
outer1,1,73,bb7d,120.0,210.0,0.0,0.0,0.0,0.0,0.0,1.0,1.0,0.0
outer1,1,73,bb7d,120.0,240.0,86.67424774169922,86.67424774169922,0.0,0.0,0.0,0.0,0.0,0.0
outer1,1,73,bb7d,120.0,270.0,120.00000762939453,30.000001907348633,90.0000057220459,-30.0,180.0,0.0,0.0,0.0
outer1,1,73,bb7d,120.0,300.0,130.50535583496094,143.9022216796875,-13.396865844726562,0.0,-30.0,0.0,0.0,0.0
outer1,1,73,bb7d,120.0,330.0,82.81924438476562,82.81924438476562,0.0,0.0,0.0,0.0,0.0,0.0
outer1,1,73,bb7d,150.0,0.0,90.0,90.0,0.0,0.0,0.0,0.0,0.0,0.0
outer1,1,73,bb7d,150.0,30.0,0.0,0.0,0.0,0.0,0.0,1.0,1.0,0.0
outer1,1,73,bb7d,150.0,60.0,151.04498291015625,151.04498291015625,0.0,0.0,0.0,0.0,0.0,0.0
outer1,1,73,bb7d,150.0,90.0,180.0,180.0,0.0,0.0,0.0,0.0,0.0,0.0
outer1,1,73,bb7d,150.0,120.0,128.68218994140625,128.68218994140625,0.0,0.0,0.0,0.0,0.0,0.0
outer1,1,73,bb7d,150.0,150.0,51.31782150268555,122.24180603027344,-70.92398452758789,-120.0,90.0,0.0,0.0,0.0
outer1,1,73,bb7d,150.0,180.0,29.99998664855957,29.99998664855957,0.0,0.0,0.0,0.0,0.0,0.0
outer1,1,73,bb7d,150.0,210.0,60.000003814697266,0.0,60.000003814697266,0.0,180.0,0.0,1.0,-1.0
outer1,1,73,bb7d,150.0,240.0,60.000003814697266,122.24180603027344,-62.24180221557617,-120.0,150.0,0.0,0.0,0.0
outer1,1,73,bb7d,150.0,270.0,0.0,0.0,0.0,0.0,0.0,1.0,1.0,0.0
outer1,1,73,bb7d,150.0,300.0,51.31781005859375,0.0,51.31781005859375,0.0,120.0,0.0,1.0,-1.0
outer1,1,73,bb7d,150.0,330.0,151.04498291015625,128.68218994140625,22.36279296875,0.0,60.0,0.0,0.0,0.0
outer1,1,73,bbc6,30.0,0.0,0.0,0.0,0.0,0.0,0.0,1.0,1.0,0.0
outer1,1,73,bbc6,30.0,30.0,0.0,0.0,0.0,0.0,0.0,1.0,1.0,0.0
outer1,1,73,bbc6,30.0,60.0,0.0,0.0,0.0,0.0,0.0,1.0,1.0,0.0
outer1,1,73,bbc6,30.0,90.0,180.0,180.0,0.0,0.0,0.0,0.0,0.0,0.0
outer1,1,73,bbc6,30.0,120.0,151.04498291015625,151.04498291015625,0.0,0.0,0.0,0.0,0.0,0.0
outer1,1,73,bbc6,30.0,150.0,0.0,0.0,0.0,0.0,0.0,1.0,1.0,0.0
outer1,1,73,bbc6,30.0,180.0,0.0,0.0,0.0,0.0,0.0,1.0,1.0,0.0
outer1,1,73,bbc6,30.0,210.0,128.68218994140625,122.24180603027344,6.4403839111328125,0.0,30.0,0.0,0.0,0.0
outer1,1,73,bbc6,30.0,240.0,0.0,0.0,0.0,0.0,0.0,1.0,1.0,0.0
outer1,1,73,bbc6,30.0,270.0,0.0,0.0,0.0,0.0,0.0,1.0,1.0,0.0
outer1,1,73,bbc6,30.0,300.0,0.0,151.04498291015625,-151.04498291015625,-120.0,-120.0,1.0,0.0,1.0
outer1,1,73,bbc6,30.0,330.0,0.0,0.0,0.0,0.0,0.0,1.0,1.0,0.0
outer1,1,73,bbc6,60.0,0.0,30.000001907348633,30.000001907348633,0.0,0.0,0.0,0.0,0.0,0.0
outer1,1,73,bbc6,60.0,30.0,0.0,0.0,0.0,0.0,0.0,1.0,1.0,0.0
outer1,1,73,bbc6,60.0,60.0,30.000001907348633,0.0,30.000001907348633,30.0,0.0,0.0,1.0,-1.0
outer1,1,73,bbc6,60.0,90.0,150.0,150.0,0.0,0.0,0.0,0.0,0.0,0.0
outer1,1,73,bbc6,60.0,120.0,130.50535583496094,128.6822052001953,1.823150634765625,30.0,0.0,0.0,0.0,0.0
outer1,1,73,bbc6,60.0,150.0,0.0,0.0,0.0,0.0,0.0,1.0,1.0,0.0
outer1,1,73,bbc6,60.0,180.0,90.0,90.0,0.0,0.0,0.0,0.0,0.0,0.0
outer1,1,73,bbc6,60.0,210.0,0.0,82.81924438476562,-82.81924438476562,-60.0,-60.0,1.0,0.0,1.0
outer1,1,73,bbc6,60.0,240.0,0.0,0.0,0.0,0.0,0.0,1.0,1.0,0.0
outer1,1,73,bbc6,60.0,270.0,0.0,0.0,0.0,0.0,0.0,1.0,1.0,0.0
outer1,1,73,bbc6,60.0,300.0,0.0,0.0,0.0,0.0,0.0,1.0,1.0,0.0
outer1,1,73,bbc6,60.0,330.0,0.0,0.0,0.0,0.0,0.0,1.0,1.0,0.0
outer1,1,73,bbc6,90.0,0.0,0.0,0.0,0.0,0.0,0.0,1.0,1.0,0.0
outer1,1,73,bbc6,90.0,30.0,150.0,0.0,150.0,0.0,150.0,0.0,1.0,-1.0
outer1,1,73,bbc6,90.0,60.0,138.59039306640625,150.0,-11.40960693359375,30.0,0.0,0.0,0.0,0.0
outer1,1,73,bbc6,90.0,90.0,180.0,0.0,180.0,0.0,180.0,0.0,1.0,-1.0
outer1,1,73,bbc6,90.0,120.0,150.0,150.0,0.0,30.0,30.0,0.0,0.0,0.0
outer1,1,73,bbc6,90.0,150.0,180.0,180.0,0.0,0.0,0.0,0.0,0.0,0.0
outer1,1,73,bbc6,90.0,180.0,0.0,180.0,-180.0,0.0,-180.0,1.0,0.0,1.0
outer1,1,73,bbc6,90.0,210.0,0.0,180.0,-180.0,0.0,-180.0,1.0,0.0,1.0
outer1,1,73,bbc6,90.0,240.0,41.40962219238281,150.0,-108.59037780761719,30.0,-120.0,0.0,0.0,0.0
outer1,1,73,bbc6,90.0,270.0,0.0,0.0,0.0,0.0,0.0,1.0,1.0,0.0
outer1,1,73,bbc6,90.0,300.0,138.59039306640625,138.59039306640625,0.0,0.0,0.0,0.0,0.0,0.0
outer1,1,73,bbc6,90.0,330.0,180.0,30.00000762939453,149.99999237060547,0.0,150.0,0.0,0.0,0.0
outer1,1,73,bbc6,120.0,0.0,29.99998664855957,29.99998664855957,0.0,0.0,0.0,0.0,0.0,0.0
outer1,1,73,bbc6,120.0,30.0,0.0,0.0,0.0,0.0,0.0,1.0,1.0,0.0
outer1,1,73,bbc6,120.0,60.0,0.0,29.99998664855957,-29.99998664855957,-30.0,0.0,1.0,0.0,1.0
outer1,1,73,bbc6,120.0,90.0,150.0,150.0,0.0,0.0,0.0,0.0,0.0,0.0
outer1,1,73,bbc6,120.0,120.0,128.6822052001953,128.6822052001953,0.0,0.0,0.0,0.0,0.0,0.0
outer1,1,73,bbc6,120.0,150.0,51.31781005859375,0.0,51.31781005859375,0.0,60.0,0.0,1.0,-1.0
outer1,1,73,bbc6,120.0,180.0,29.99998664855957,29.99998664855957,0.0,0.0,0.0,0.0,0.0,0.0
outer1,1,73,bbc6,120.0,210.0,25.905075073242188,82.81924438476562,-56.91416931152344,-60.0,-30.0,0.0,0.0,0.0
outer1,1,73,bbc6,120.0,240.0,29.99998664855957,36.09777069091797,-6.097784042358398,0.0,-30.0,0.0,0.0,0.0
outer1,1,73,bbc6,120.0,270.0,29.99998664855957,29.99998664855957,0.0,0.0,0.0,0.0,0.0,0.0
outer1,1,73,bbc6,120.0,300.0,128.68218994140625,128.68218994140625,0.0,0.0,0.0,0.0,0.0,0.0
outer1,1,73,bbc6,120.0,330.0,0.0,0.0,0.0,0.0,0.0,1.0,1.0,0.0
outer1,1,73,bbc6,150.0,0.0,0.0,0.0,0.0,0.0,0.0,1.0,1.0,0.0
outer1,1,73,bbc6,150.0,30.0,0.0,0.0,0.0,0.0,0.0,1.0,1.0,0.0
outer1,1,73,bbc6,150.0,60.0,0.0,0.0,0.0,0.0,0.0,1.0,1.0,0.0
outer1,1,73,bbc6,150.0,90.0,60.000003814697266,180.0,-119.99999618530273,-120.0,0.0,0.0,0.0,0.0
outer1,1,73,bbc6,150.0,120.0,151.04498291015625,151.04498291015625,0.0,0.0,0.0,0.0,0.0,0.0
outer1,1,73,bbc6,150.0,150.0,0.0,14.870942115783691,-14.870942115783691,0.0,-30.0,1.0,0.0,1.0
outer1,1,73,bbc6,150.0,180.0,0.0,0.0,0.0,0.0,0.0,1.0,1.0,0.0
outer1,1,73,bbc6,150.0,210.0,0.0,122.24180603027344,-122.24180603027344,-120.0,-30.0,1.0,0.0,1.0
outer1,1,73,bbc6,150.0,240.0,0.0,0.0,0.0,0.0,0.0,1.0,1.0,0.0
outer1,1,73,bbc6,150.0,270.0,0.0,0.0,0.0,0.0,0.0,1.0,1.0,0.0
outer1,1,73,bbc6,150.0,300.0,0.0,0.0,0.0,0.0,0.0,1.0,1.0,0.0
outer1,1,73,bbc6,150.0,330.0,0.0,0.0,0.0,0.0,0.0,1.0,1.0,0.0
outer1,1,74,b827,30.0,0.0,0.0,0.0,0.0,0.0,0.0,1.0,1.0,0.0
outer1,1,74,b827,30.0,30.0,0.0,0.0,0.0,0.0,0.0,1.0,1.0,0.0
outer1,1,74,b827,30.0,60.0,0.0,0.0,0.0,0.0,0.0,1.0,1.0,0.0
outer1,1,74,b827,30.0,90.0,0.0,0.0,0.0,0.0,0.0,1.0,1.0,0.0
outer1,1,74,b827,30.0,120.0,0.0,0.0,0.0,0.0,0.0,1.0,1.0,0.0
outer1,1,74,b827,30.0,150.0,0.0,0.0,0.0,0.0,0.0,1.0,1.0,0.0
outer1,1,74,b827,30.0,180.0,0.0,0.0,0.0,0.0,0.0,1.0,1.0,0.0
outer1,1,74,b827,30.0,210.0,0.0,0.0,0.0,0.0,0.0,1.0,1.0,0.0
outer1,1,74,b827,30.0,240.0,0.0,0.0,0.0,0.0,0.0,1.0,1.0,0.0
outer1,1,74,b827,30.0,270.0,0.0,0.0,0.0,0.0,0.0,1.0,1.0,0.0
outer1,1,74,b827,30.0,300.0,0.0,0.0,0.0,0.0,0.0,1.0,1.0,0.0
outer1,1,74,b827,30.0,330.0,0.0,0.0,0.0,0.0,0.0,1.0,1.0,0.0
outer1,1,74,b827,60.0,0.0,0.0,0.0,0.0,0.0,0.0,1.0,1.0,0.0
outer1,1,74,b827,60.0,30.0,25.905075073242188,120.00000762939453,-94.09493255615234,0.0,-150.0,0.0,0.0,0.0
outer1,1,74,b827,60.0,60.0,0.0,0.0,0.0,0.0,0.0,1.0,1.0,0.0
outer1,1,74,b827,60.0,90.0,0.0,0.0,0.0,0.0,0.0,1.0,1.0,0.0
outer1,1,74,b827,60.0,120.0,0.0,0.0,0.0,0.0,0.0,1.0,1.0,0.0
outer1,1,74,b827,60.0,150.0,0.0,0.0,0.0,0.0,0.0,1.0,1.0,0.0
outer1,1,74,b827,60.0,180.0,0.0,0.0,0.0,0.0,0.0,1.0,1.0,0.0
outer1,1,74,b827,60.0,210.0,75.52249908447266,51.31781005859375,24.204689025878906,0.0,30.0,0.0,0.0,0.0
outer1,1,74,b827,60.0,240.0,0.0,0.0,0.0,0.0,0.0,1.0,1.0,0.0
outer1,1,74,b827,60.0,270.0,0.0,0.0,0.0,0.0,0.0,1.0,1.0,0.0
outer1,1,74,b827,60.0,300.0,0.0,0.0,0.0,0.0,0.0,1.0,1.0,0.0
outer1,1,74,b827,60.0,330.0,0.0,154.09490966796875,-154.09490966796875,-60.0,-150.0,1.0,0.0,1.0
outer1,1,74,b827,90.0,0.0,0.0,180.0,-180.0,0.0,-180.0,1.0,0.0,1.0
outer1,1,74,b827,90.0,30.0,180.0,180.0,0.0,0.0,0.0,0.0,0.0,0.0
outer1,1,74,b827,90.0,60.0,60.000003814697266,60.000003814697266,0.0,0.0,0.0,0.0,0.0,0.0
outer1,1,74,b827,90.0,90.0,180.0,0.0,180.0,0.0,180.0,0.0,1.0,-1.0
outer1,1,74,b827,90.0,120.0,0.0,0.0,0.0,0.0,0.0,1.0,1.0,0.0
outer1,1,74,b827,90.0,150.0,60.000003814697266,120.00000762939453,-60.000003814697266,0.0,-60.0,0.0,0.0,0.0
outer1,1,74,b827,90.0,180.0,180.0,0.0,180.0,0.0,180.0,0.0,1.0,-1.0
outer1,1,74,b827,90.0,210.0,0.0,0.0,0.0,0.0,0.0,1.0,1.0,0.0
outer1,1,74,b827,90.0,240.0,60.000003814697266,120.00000762939453,-60.000003814697266,0.0,-60.0,0.0,0.0,0.0
outer1,1,74,b827,90.0,270.0,0.0,0.0,0.0,0.0,0.0,1.0,1.0,0.0
outer1,1,74,b827,90.0,300.0,0.0,180.0,-180.0,0.0,-180.0,1.0,0.0,1.0
outer1,1,74,b827,90.0,330.0,120.00000762939453,0.0,120.00000762939453,0.0,120.0,0.0,1.0,-1.0
outer1,1,74,b827,120.0,0.0,0.0,0.0,0.0,0.0,0.0,1.0,1.0,0.0
outer1,1,74,b827,120.0,30.0,0.0,120.00000762939453,-120.00000762939453,0.0,-180.0,1.0,0.0,1.0
outer1,1,74,b827,120.0,60.0,0.0,0.0,0.0,0.0,0.0,1.0,1.0,0.0
outer1,1,74,b827,120.0,90.0,0.0,0.0,0.0,0.0,0.0,1.0,1.0,0.0
outer1,1,74,b827,120.0,120.0,0.0,0.0,0.0,0.0,0.0,1.0,1.0,0.0
outer1,1,74,b827,120.0,150.0,0.0,0.0,0.0,0.0,0.0,1.0,1.0,0.0
outer1,1,74,b827,120.0,180.0,0.0,0.0,0.0,0.0,0.0,1.0,1.0,0.0
outer1,1,74,b827,120.0,210.0,0.0,25.905075073242188,-25.905075073242188,0.0,-30.0,1.0,0.0,1.0
outer1,1,74,b827,120.0,240.0,0.0,25.905075073242188,-25.905075073242188,0.0,-30.0,1.0,0.0,1.0
outer1,1,74,b827,120.0,270.0,0.0,0.0,0.0,0.0,0.0,1.0,1.0,0.0
outer1,1,74,b827,120.0,300.0,0.0,0.0,0.0,0.0,0.0,1.0,1.0,0.0
outer1,1,74,b827,120.0,330.0,0.0,0.0,0.0,0.0,0.0,1.0,1.0,0.0
outer1,1,74,b827,150.0,0.0,0.0,0.0,0.0,0.0,0.0,1.0,1.0,0.0
outer1,1,74,b827,150.0,30.0,0.0,0.0,0.0,0.0,0.0,1.0,1.0,0.0
outer1,1,74,b827,150.0,60.0,0.0,0.0,0.0,0.0,0.0,1.0,1.0,0.0
outer1,1,74,b827,150.0,90.0,0.0,0.0,0.0,0.0,0.0,1.0,1.0,0.0
outer1,1,74,b827,150.0,120.0,0.0,0.0,0.0,0.0,0.0,1.0,1.0,0.0
outer1,1,74,b827,150.0,150.0,0.0,0.0,0.0,0.0,0.0,1.0,1.0,0.0
outer1,1,74,b827,150.0,180.0,0.0,0.0,0.0,0.0,0.0,1.0,1.0,0.0
outer1,1,74,b827,150.0,210.0,0.0,0.0,0.0,0.0,0.0,1.0,1.0,0.0
outer1,1,74,b827,150.0,240.0,0.0,0.0,0.0,0.0,0.0,1.0,1.0,0.0
outer1,1,74,b827,150.0,270.0,0.0,0.0,0.0,0.0,0.0,1.0,1.0,0.0
outer1,1,74,b827,150.0,300.0,0.0,0.0,0.0,0.0,0.0,1.0,1.0,0.0
outer1,1,74,b827,150.0,330.0,0.0,0.0,0.0,0.0,0.0,1.0,1.0,0.0
outer1,1,74,b871,30.0,0.0,0.0,0.0,0.0,0.0,0.0,1.0,1.0,0.0
outer1,1,74,b871,30.0,30.0,0.0,0.0,0.0,0.0,0.0,1.0,1.0,0.0
outer1,1,74,b871,30.0,60.0,0.0,0.0,0.0,0.0,0.0,1.0,1.0,0.0
outer1,1,74,b871,30.0,90.0,0.0,0.0,0.0,0.0,0.0,1.0,1.0,0.0
outer1,1,74,b871,30.0,120.0,0.0,0.0,0.0,0.0,0.0,1.0,1.0,0.0
outer1,1,74,b871,30.0,150.0,0.0,0.0,0.0,0.0,0.0,1.0,1.0,0.0
outer1,1,74,b871,30.0,180.0,0.0,0.0,0.0,0.0,0.0,1.0,1.0,0.0
outer1,1,74,b871,30.0,210.0,0.0,0.0,0.0,0.0,0.0,1.0,1.0,0.0
outer1,1,74,b871,30.0,240.0,0.0,0.0,0.0,0.0,0.0,1.0,1.0,0.0
outer1,1,74,b871,30.0,270.0,0.0,0.0,0.0,0.0,0.0,1.0,1.0,0.0
outer1,1,74,b871,30.0,300.0,0.0,0.0,0.0,0.0,0.0,1.0,1.0,0.0
outer1,1,74,b871,30.0,330.0,0.0,0.0,0.0,0.0,0.0,1.0,1.0,0.0
outer1,1,74,b871,60.0,0.0,0.0,0.0,0.0,0.0,0.0,1.0,1.0,0.0
outer1,1,74,b871,60.0,30.0,0.0,0.0,0.0,0.0,0.0,1.0,1.0,0.0
outer1,1,74,b871,60.0,60.0,0.0,0.0,0.0,0.0,0.0,1.0,1.0,0.0
outer1,1,74,b871,60.0,90.0,0.0,0.0,0.0,0.0,0.0,1.0,1.0,0.0
outer1,1,74,b871,60.0,120.0,128.6822052001953,0.0,128.6822052001953,60.0,120.0,0.0,1.0,-1.0
outer1,1,74,b871,60.0,150.0,0.0,0.0,0.0,0.0,0.0,1.0,1.0,0.0
outer1,1,74,b871,60.0,180.0,0.0,0.0,0.0,0.0,0.0,1.0,1.0,0.0
outer1,1,74,b871,60.0,210.0,0.0,0.0,0.0,0.0,0.0,1.0,1.0,0.0
outer1,1,74,b871,60.0,240.0,0.0,0.0,0.0,0.0,0.0,1.0,1.0,0.0
outer1,1,74,b871,60.0,270.0,0.0,0.0,0.0,0.0,0.0,1.0,1.0,0.0
outer1,1,74,b871,60.0,300.0,0.0,0.0,0.0,0.0,0.0,1.0,1.0,0.0
outer1,1,74,b871,60.0,330.0,0.0,0.0,0.0,0.0,0.0,1.0,1.0,0.0
outer1,1,74,b871,90.0,0.0,0.0,180.0,-180.0,0.0,-180.0,1.0,0.0,1.0
outer1,1,74,b871,90.0,30.0,0.0,0.0,0.0,0.0,0.0,1.0,1.0,0.0
outer1,1,74,b871,90.0,60.0,60.000003814697266,64.34110260009766,-4.341098785400391,-30.0,0.0,0.0,0.0,0.0
outer1,1,74,b871,90.0,90.0,180.0,180.0,0.0,0.0,0.0,0.0,0.0,0.0
outer1,1,74,b871,90.0,120.0,29.999998092651367,29.999998092651367,0.0,0.0,0.0,0.0,0.0,0.0
outer1,1,74,b871,90.0,150.0,60.000003814697266,0.0,60.000003814697266,0.0,60.0,0.0,1.0,-1.0
outer1,1,74,b871,90.0,180.0,180.0,0.0,180.0,0.0,180.0,0.0,1.0,-1.0
outer1,1,74,b871,90.0,210.0,0.0,0.0,0.0,0.0,0.0,1.0,1.0,0.0
outer1,1,74,b871,90.0,240.0,120.00000762939453,120.00000762939453,0.0,0.0,0.0,0.0,0.0,0.0
outer1,1,74,b871,90.0,270.0,0.0,180.0,-180.0,0.0,-180.0,1.0,0.0,1.0
outer1,1,74,b871,90.0,300.0,0.0,180.0,-180.0,0.0,-180.0,1.0,0.0,1.0
outer1,1,74,b871,90.0,330.0,120.00000762939453,0.0,120.00000762939453,0.0,120.0,0.0,1.0,-1.0
outer1,1,74,b871,120.0,0.0,0.0,0.0,0.0,0.0,0.0,1.0,1.0,0.0
outer1,1,74,b871,120.0,30.0,0.0,0.0,0.0,0.0,0.0,1.0,1.0,0.0
outer1,1,74,b871,120.0,60.0,0.0,0.0,0.0,0.0,0.0,1.0,1.0,0.0
outer1,1,74,b871,120.0,90.0,0.0,0.0,0.0,0.0,0.0,1.0,1.0,0.0
outer1,1,74,b871,120.0,120.0,128.6822052001953,0.0,128.6822052001953,60.0,120.0,0.0,1.0,-1.0
outer1,1,74,b871,120.0,150.0,0.0,0.0,0.0,0.0,0.0,1.0,1.0,0.0
outer1,1,74,b871,120.0,180.0,0.0,0.0,0.0,0.0,0.0,1.0,1.0,0.0
outer1,1,74,b871,120.0,210.0,0.0,25.905075073242188,-25.905075073242188,0.0,-30.0,1.0,0.0,1.0
outer1,1,74,b871,120.0,240.0,0.0,0.0,0.0,0.0,0.0,1.0,1.0,0.0
outer1,1,74,b871,120.0,270.0,0.0,0.0,0.0,0.0,0.0,1.0,1.0,0.0
outer1,1,74,b871,120.0,300.0,0.0,0.0,0.0,0.0,0.0,1.0,1.0,0.0
outer1,1,74,b871,120.0,330.0,0.0,0.0,0.0,0.0,0.0,1.0,1.0,0.0
outer1,1,74,b871,150.0,0.0,0.0,0.0,0.0,0.0,0.0,1.0,1.0,0.0
outer1,1,74,b871,150.0,30.0,0.0,0.0,0.0,0.0,0.0,1.0,1.0,0.0
outer1,1,74,b871,150.0,60.0,0.0,0.0,0.0,0.0,0.0,1.0,1.0,0.0
outer1,1,74,b871,150.0,90.0,0.0,0.0,0.0,0.0,0.0,1.0,1.0,0.0
outer1,1,74,b871,150.0,120.0,0.0,0.0,0.0,0.0,0.0,1.0,1.0,0.0
outer1,1,74,b871,150.0,150.0,0.0,0.0,0.0,0.0,0.0,1.0,1.0,0.0
outer1,1,74,b871,150.0,180.0,0.0,0.0,0.0,0.0,0.0,1.0,1.0,0.0
outer1,1,74,b871,150.0,210.0,0.0,0.0,0.0,0.0,0.0,1.0,1.0,0.0
outer1,1,74,b871,150.0,240.0,0.0,0.0,0.0,0.0,0.0,1.0,1.0,0.0
outer1,1,74,b871,150.0,270.0,0.0,0.0,0.0,0.0,0.0,1.0,1.0,0.0
outer1,1,74,b871,150.0,300.0,0.0,0.0,0.0,0.0,0.0,1.0,1.0,0.0
outer1,1,74,b871,150.0,330.0,0.0,0.0,0.0,0.0,0.0,1.0,1.0,0.0
outer1,1,74,b905,30.0,0.0,0.0,0.0,0.0,0.0,0.0,1.0,1.0,0.0
outer1,1,74,b905,30.0,30.0,0.0,0.0,0.0,0.0,0.0,1.0,1.0,0.0
outer1,1,74,b905,30.0,60.0,0.0,0.0,0.0,0.0,0.0,1.0,1.0,0.0
outer1,1,74,b905,30.0,90.0,0.0,0.0,0.0,0.0,0.0,1.0,1.0,0.0
outer1,1,74,b905,30.0,120.0,0.0,0.0,0.0,0.0,0.0,1.0,1.0,0.0
outer1,1,74,b905,30.0,150.0,0.0,0.0,0.0,0.0,0.0,1.0,1.0,0.0
outer1,1,74,b905,30.0,180.0,0.0,0.0,0.0,0.0,0.0,1.0,1.0,0.0
outer1,1,74,b905,30.0,210.0,0.0,0.0,0.0,0.0,0.0,1.0,1.0,0.0
outer1,1,74,b905,30.0,240.0,0.0,0.0,0.0,0.0,0.0,1.0,1.0,0.0
outer1,1,74,b905,30.0,270.0,0.0,0.0,0.0,0.0,0.0,1.0,1.0,0.0
outer1,1,74,b905,30.0,300.0,0.0,0.0,0.0,0.0,0.0,1.0,1.0,0.0
outer1,1,74,b905,30.0,330.0,0.0,0.0,0.0,0.0,0.0,1.0,1.0,0.0
outer1,1,74,b905,60.0,0.0,0.0,0.0,0.0,0.0,0.0,1.0,1.0,0.0
outer1,1,74,b905,60.0,30.0,25.905075073242188,0.0,25.905075073242188,0.0,30.0,0.0,1.0,-1.0
outer1,1,74,b905,60.0,60.0,0.0,0.0,0.0,0.0,0.0,1.0,1.0,0.0
outer1,1,74,b905,60.0,90.0,0.0,0.0,0.0,0.0,0.0,1.0,1.0,0.0
outer1,1,74,b905,60.0,120.0,0.0,0.0,0.0,0.0,0.0,1.0,1.0,0.0
outer1,1,74,b905,60.0,150.0,0.0,0.0,0.0,0.0,0.0,1.0,1.0,0.0
outer1,1,74,b905,60.0,180.0,0.0,0.0,0.0,0.0,0.0,1.0,1.0,0.0
outer1,1,74,b905,60.0,210.0,0.0,0.0,0.0,0.0,0.0,1.0,1.0,0.0
outer1,1,74,b905,60.0,240.0,128.6822052001953,128.6822052001953,0.0,0.0,0.0,0.0,0.0,0.0
outer1,1,74,b905,60.0,270.0,0.0,0.0,0.0,0.0,0.0,1.0,1.0,0.0
outer1,1,74,b905,60.0,300.0,0.0,0.0,0.0,0.0,0.0,1.0,1.0,0.0
outer1,1,74,b905,60.0,330.0,0.0,0.0,0.0,0.0,0.0,1.0,1.0,0.0
outer1,1,74,b905,90.0,0.0,0.0,180.0,-180.0,0.0,-180.0,1.0,0.0,1.0
outer1,1,74,b905,90.0,30.0,120.00000762939453,120.00000762939453,0.0,0.0,0.0,0.0,0.0,0.0
outer1,1,74,b905,90.0,60.0,0.0,0.0,0.0,0.0,0.0,1.0,1.0,0.0
outer1,1,74,b905,90.0,90.0,0.0,0.0,0.0,0.0,0.0,1.0,1.0,0.0
outer1,1,74,b905,90.0,120.0,120.00000762939453,60.000003814697266,60.000003814697266,0.0,60.0,0.0,0.0,0.0
outer1,1,74,b905,90.0,150.0,0.0,0.0,0.0,0.0,0.0,1.0,1.0,0.0
outer1,1,74,b905,90.0,180.0,180.0,0.0,180.0,0.0,180.0,0.0,1.0,-1.0
outer1,1,74,b905,90.0,210.0,120.00000762939453,180.0,-59.99999237060547,0.0,-60.0,0.0,0.0,0.0
outer1,1,74,b905,90.0,240.0,0.0,180.0,-180.0,0.0,-180.0,1.0,0.0,1.0
outer1,1,74,b905,90.0,270.0,180.0,180.0,0.0,0.0,0.0,0.0,0.0,0.0
outer1,1,74,b905,90.0,300.0,60.000003814697266,0.0,60.000003814697266,0.0,60.0,0.0,1.0,-1.0
outer1,1,74,b905,90.0,330.0,180.0,180.0,0.0,0.0,0.0,0.0,0.0,0.0
outer1,1,74,b905,120.0,0.0,0.0,0.0,0.0,0.0,0.0,1.0,1.0,0.0
outer1,1,74,b905,120.0,30.0,0.0,0.0,0.0,0.0,0.0,1.0,1.0,0.0
outer1,1,74,b905,120.0,60.0,0.0,0.0,0.0,0.0,0.0,1.0,1.0,0.0
outer1,1,74,b905,120.0,90.0,0.0,0.0,0.0,0.0,0.0,1.0,1.0,0.0
outer1,1,74,b905,120.0,120.0,0.0,0.0,0.0,0.0,0.0,1.0,1.0,0.0
outer1,1,74,b905,120.0,150.0,0.0,0.0,0.0,0.0,0.0,1.0,1.0,0.0
outer1,1,74,b905,120.0,180.0,0.0,0.0,0.0,0.0,0.0,1.0,1.0,0.0
outer1,1,74,b905,120.0,210.0,0.0,0.0,0.0,0.0,0.0,1.0,1.0,0.0
outer1,1,74,b905,120.0,240.0,0.0,128.6822052001953,-128.6822052001953,-60.0,-120.0,1.0,0.0,1.0
outer1,1,74,b905,120.0,270.0,120.00000762939453,120.00000762939453,0.0,0.0,0.0,0.0,0.0,0.0
outer1,1,74,b905,120.0,300.0,0.0,0.0,0.0,0.0,0.0,1.0,1.0,0.0
outer1,1,74,b905,120.0,330.0,0.0,0.0,0.0,0.0,0.0,1.0,1.0,0.0
outer1,1,74,b905,150.0,0.0,0.0,0.0,0.0,0.0,0.0,1.0,1.0,0.0
outer1,1,74,b905,150.0,30.0,0.0,0.0,0.0,0.0,0.0,1.0,1.0,0.0
outer1,1,74,b905,150.0,60.0,0.0,0.0,0.0,0.0,0.0,1.0,1.0,0.0
outer1,1,74,b905,150.0,90.0,0.0,0.0,0.0,0.0,0.0,1.0,1.0,0.0
outer1,1,74,b905,150.0,120.0,0.0,0.0,0.0,0.0,0.0,1.0,1.0,0.0
outer1,1,74,b905,150.0,150.0,0.0,0.0,0.0,0.0,0.0,1.0,1.0,0.0
outer1,1,74,b905,150.0,180.0,0.0,0.0,0.0,0.0,0.0,1.0,1.0,0.0
outer1,1,74,b905,150.0,210.0,0.0,0.0,0.0,0.0,0.0,1.0,1.0,0.0
outer1,1,74,b905,150.0,240.0,0.0,0.0,0.0,0.0,0.0,1.0,1.0,0.0
outer1,1,74,b905,150.0,270.0,0.0,0.0,0.0,0.0,0.0,1.0,1.0,0.0
outer1,1,74,b905,150.0,300.0,0.0,0.0,0.0,0.0,0.0,1.0,1.0,0.0
outer1,1,74,b905,150.0,330.0,0.0,0.0,0.0,0.0,0.0,1.0,1.0,0.0
outer1,1,74,bb7d,30.0,0.0,180.0,60.000003814697266,119.99999618530273,120.0,0.0,0.0,0.0,0.0
outer1,1,74,bb7d,30.0,30.0,0.0,0.0,0.0,0.0,0.0,1.0,1.0,0.0
outer1,1,74,bb7d,30.0,60.0,165.12905883789062,165.12905883789062,0.0,0.0,0.0,0.0,0.0,0.0
outer1,1,74,bb7d,30.0,90.0,120.00000762939453,180.0,-59.99999237060547,0.0,-180.0,0.0,0.0,0.0
outer1,1,74,bb7d,30.0,120.0,128.68218994140625,180.0,-51.31781005859375,0.0,-120.0,0.0,0.0,0.0
outer1,1,74,bb7d,30.0,150.0,151.04498291015625,128.68218994140625,22.36279296875,0.0,60.0,0.0,0.0,0.0
outer1,1,74,bb7d,30.0,180.0,120.00000762939453,120.00000762939453,0.0,0.0,0.0,0.0,0.0,0.0
outer1,1,74,bb7d,30.0,210.0,57.7581901550293,60.000003814697266,-2.2418136596679688,0.0,-30.0,0.0,0.0,0.0
outer1,1,74,bb7d,30.0,240.0,60.000003814697266,60.000003814697266,0.0,0.0,0.0,0.0,0.0,0.0
outer1,1,74,bb7d,30.0,270.0,0.0,0.0,0.0,0.0,0.0,1.0,1.0,0.0
outer1,1,74,bb7d,30.0,300.0,0.0,0.0,0.0,0.0,0.0,1.0,1.0,0.0
outer1,1,74,bb7d,30.0,330.0,128.68218994140625,128.68218994140625,0.0,0.0,0.0,0.0,0.0,0.0
outer1,1,74,bb7d,60.0,0.0,180.0,180.0,0.0,0.0,0.0,0.0,0.0,0.0
outer1,1,74,bb7d,60.0,30.0,82.81924438476562,82.81924438476562,0.0,0.0,0.0,0.0,0.0,0.0
outer1,1,74,bb7d,60.0,60.0,0.0,25.905075073242188,-25.905075073242188,0.0,-30.0,1.0,0.0,1.0
outer1,1,74,bb7d,60.0,90.0,60.000003814697266,180.0,-119.99999618530273,0.0,-180.0,0.0,0.0,0.0
outer1,1,74,bb7d,60.0,120.0,93.32574462890625,66.45188903808594,26.873855590820312,30.0,0.0,0.0,0.0,0.0
outer1,1,74,bb7d,60.0,150.0,82.81924438476562,82.81924438476562,0.0,0.0,0.0,0.0,0.0,0.0
outer1,1,74,bb7d,60.0,180.0,60.000003814697266,60.000003814697266,0.0,0.0,0.0,0.0,0.0,0.0
outer1,1,74,bb7d,60.0,210.0,120.00000762939453,120.00000762939453,0.0,0.0,0.0,0.0,0.0,0.0
outer1,1,74,bb7d,60.0,240.0,113.5481185913086,113.5481185913086,0.0,0.0,0.0,0.0,0.0,0.0
outer1,1,74,bb7d,60.0,270.0,29.999998092651367,0.0,29.999998092651367,30.0,0.0,0.0,1.0,-1.0
outer1,1,74,bb7d,60.0,300.0,143.9022216796875,143.9022216796875,0.0,0.0,0.0,0.0,0.0,0.0
outer1,1,74,bb7d,60.0,330.0,82.81924438476562,82.81924438476562,0.0,0.0,0.0,0.0,0.0,0.0
outer1,1,74,bb7d,90.0,0.0,115.6589126586914,119.99999237060547,-4.3410797119140625,30.0,0.0,0.0,0.0,0.0
outer1,1,74,bb7d,90.0,30.0,90.0,138.59039306640625,-48.59039306640625,0.0,-60.0,0.0,0.0,0.0
outer1,1,74,bb7d,90.0,60.0,138.59039306640625,138.59039306640625,0.0,0.0,0.0,0.0,0.0,0.0
outer1,1,74,bb7d,90.0,90.0,180.0,0.0,180.0,0.0,180.0,0.0,1.0,-1.0
outer1,1,74,bb7d,90.0,120.0,138.59039306640625,138.59039306640625,0.0,0.0,0.0,0.0,0.0,0.0
outer1,1,74,bb7d,90.0,150.0,90.0,90.0,0.0,0.0,0.0,0.0,0.0,0.0
outer1,1,74,bb7d,90.0,180.0,64.34110260009766,64.34109497070312,7.62939453125e-06,0.0,0.0,0.0,0.0,0.0
outer1,1,74,bb7d,90.0,210.0,90.0,41.40962219238281,48.59037780761719,0.0,60.0,0.0,0.0,0.0
outer1,1,74,bb7d,90.0,240.0,41.40962219238281,41.40962219238281,0.0,0.0,0.0,0.0,0.0,0.0
outer1,1,74,bb7d,90.0,270.0,0.0,0.0,0.0,0.0,0.0,1.0,1.0,0.0
outer1,1,74,bb7d,90.0,300.0,41.40962219238281,41.40962219238281,0.0,0.0,0.0,0.0,0.0,0.0
outer1,1,74,bb7d,90.0,330.0,90.0,90.0,0.0,0.0,0.0,0.0,0.0,0.0
outer1,1,74,bb7d,120.0,0.0,120.00000762939453,120.00000762939453,0.0,0.0,0.0,0.0,0.0,0.0
outer1,1,74,bb7d,120.0,30.0,0.0,82.81924438476562,-82.81924438476562,-60.0,-60.0,1.0,0.0,1.0
outer1,1,74,bb7d,120.0,60.0,36.09777069091797,36.09777069091797,0.0,0.0,0.0,0.0,0.0,0.0
outer1,1,74,bb7d,120.0,90.0,180.0,180.0,0.0,0.0,0.0,0.0,0.0,0.0
outer1,1,74,bb7d,120.0,120.0,66.45188903808594,93.32575225830078,-26.873863220214844,-30.0,0.0,0.0,0.0,0.0
outer1,1,74,bb7d,120.0,150.0,138.59039306640625,128.6822052001953,9.908187866210938,-30.0,30.0,0.0,0.0,0.0
outer1,1,74,bb7d,120.0,180.0,0.0,0.0,0.0,0.0,0.0,1.0,1.0,0.0
outer1,1,74,bb7d,120.0,210.0,0.0,0.0,0.0,0.0,0.0,1.0,1.0,0.0
outer1,1,74,bb7d,120.0,240.0,113.54811096191406,113.54811096191406,0.0,0.0,0.0,0.0,0.0,0.0
outer1,1,74,bb7d,120.0,270.0,30.000001907348633,30.000001907348633,0.0,0.0,0.0,0.0,0.0,0.0
outer1,1,74,bb7d,120.0,300.0,128.68218994140625,143.9022216796875,-15.22003173828125,-30.0,-30.0,0.0,0.0,0.0
outer1,1,74,bb7d,120.0,330.0,25.90508270263672,82.81924438476562,-56.914161682128906,-60.0,-30.0,0.0,0.0,0.0
outer1,1,74,bb7d,150.0,0.0,150.0,180.0,-30.0,-30.0,0.0,0.0,0.0,0.0
outer1,1,74,bb7d,150.0,30.0,0.0,0.0,0.0,0.0,0.0,1.0,1.0,0.0
outer1,1,74,bb7d,150.0,60.0,151.04498291015625,151.04498291015625,0.0,0.0,0.0,0.0,0.0,0.0
outer1,1,74,bb7d,150.0,90.0,180.0,180.0,0.0,0.0,0.0,0.0,0.0,0.0
outer1,1,74,bb7d,150.0,120.0,128.68218994140625,128.68218994140625,0.0,0.0,0.0,0.0,0.0,0.0
outer1,1,74,bb7d,150.0,150.0,151.04498291015625,151.04498291015625,0.0,0.0,0.0,0.0,0.0,0.0
outer1,1,74,bb7d,150.0,180.0,0.0,120.00000762939453,-120.00000762939453,-120.0,0.0,1.0,0.0,1.0
outer1,1,74,bb7d,150.0,210.0,28.95502281188965,14.870942115783691,14.084080696105957,0.0,30.0,0.0,0.0,0.0
outer1,1,74,bb7d,150.0,240.0,180.0,122.24180603027344,57.75819396972656,0.0,150.0,0.0,0.0,0.0
outer1,1,74,bb7d,150.0,270.0,0.0,0.0,0.0,0.0,0.0,1.0,1.0,0.0
outer1,1,74,bb7d,150.0,300.0,14.870942115783691,122.24180603027344,-107.37086391448975,-120.0,0.0,0.0,0.0,0.0
outer1,1,74,bb7d,150.0,330.0,128.68218994140625,128.68218994140625,0.0,0.0,0.0,0.0,0.0,0.0
outer1,1,74,bbc6,30.0,0.0,0.0,0.0,0.0,0.0,0.0,1.0,1.0,0.0
outer1,1,74,bbc6,30.0,30.0,0.0,0.0,0.0,0.0,0.0,1.0,1.0,0.0
outer1,1,74,bbc6,30.0,60.0,0.0,0.0,0.0,0.0,0.0,1.0,1.0,0.0
outer1,1,74,bbc6,30.0,90.0,180.0,180.0,0.0,0.0,0.0,0.0,0.0,0.0
outer1,1,74,bbc6,30.0,120.0,151.04498291015625,151.04498291015625,0.0,0.0,0.0,0.0,0.0,0.0
outer1,1,74,bbc6,30.0,150.0,0.0,0.0,0.0,0.0,0.0,1.0,1.0,0.0
outer1,1,74,bbc6,30.0,180.0,0.0,14.870942115783691,-14.870942115783691,0.0,-30.0,1.0,0.0,1.0
outer1,1,74,bbc6,30.0,210.0,51.31781005859375,0.0,51.31781005859375,0.0,120.0,0.0,1.0,-1.0
outer1,1,74,bbc6,30.0,240.0,0.0,0.0,0.0,0.0,0.0,1.0,1.0,0.0
outer1,1,74,bbc6,30.0,270.0,0.0,0.0,0.0,0.0,0.0,1.0,1.0,0.0
outer1,1,74,bbc6,30.0,300.0,0.0,0.0,0.0,0.0,0.0,1.0,1.0,0.0
outer1,1,74,bbc6,30.0,330.0,0.0,122.24180603027344,-122.24180603027344,-120.0,-30.0,1.0,0.0,1.0
outer1,1,74,bbc6,60.0,0.0,30.000001907348633,30.000001907348633,0.0,0.0,0.0,0.0,0.0,0.0
outer1,1,74,bbc6,60.0,30.0,0.0,0.0,0.0,0.0,0.0,1.0,1.0,0.0
outer1,1,74,bbc6,60.0,60.0,0.0,0.0,0.0,0.0,0.0,1.0,1.0,0.0
outer1,1,74,bbc6,60.0,90.0,150.0,180.0,-30.0,30.0,0.0,0.0,0.0,0.0
outer1,1,74,bbc6,60.0,120.0,130.50535583496094,128.6822052001953,1.823150634765625,30.0,0.0,0.0,0.0,0.0
outer1,1,74,bbc6,60.0,150.0,82.81924438476562,51.31781005859375,31.501434326171875,60.0,0.0,0.0,0.0,0.0
outer1,1,74,bbc6,60.0,180.0,90.0,30.000001907348633,59.99999809265137,0.0,180.0,0.0,0.0,0.0
outer1,1,74,bbc6,60.0,210.0,82.81924438476562,82.81924438476562,0.0,0.0,0.0,0.0,0.0,0.0
outer1,1,74,bbc6,60.0,240.0,25.905075073242188,36.097782135009766,-10.192707061767578,-30.0,0.0,0.0,0.0,0.0
outer1,1,74,bbc6,60.0,270.0,0.0,0.0,0.0,0.0,0.0,1.0,1.0,0.0
outer1,1,74,bbc6,60.0,300.0,128.68218994140625,128.68218994140625,0.0,0.0,0.0,0.0,0.0,0.0
outer1,1,74,bbc6,60.0,330.0,0.0,0.0,0.0,0.0,0.0,1.0,1.0,0.0
outer1,1,74,bbc6,90.0,0.0,0.0,0.0,0.0,0.0,0.0,1.0,1.0,0.0
outer1,1,74,bbc6,90.0,30.0,0.0,0.0,0.0,0.0,0.0,1.0,1.0,0.0
outer1,1,74,bbc6,90.0,60.0,138.59039306640625,30.000001907348633,108.59039115905762,30.0,120.0,0.0,0.0,0.0
outer1,1,74,bbc6,90.0,90.0,180.0,0.0,180.0,0.0,180.0,0.0,1.0,-1.0
outer1,1,74,bbc6,90.0,120.0,41.40962219238281,30.000001907348633,11.40962028503418,30.0,0.0,0.0,0.0,0.0
outer1,1,74,bbc6,90.0,150.0,180.0,0.0,180.0,0.0,180.0,0.0,1.0,-1.0
outer1,1,74,bbc6,90.0,180.0,0.0,0.0,0.0,0.0,0.0,1.0,1.0,0.0
outer1,1,74,bbc6,90.0,210.0,0.0,0.0,0.0,0.0,0.0,1.0,1.0,0.0
outer1,1,74,bbc6,90.0,240.0,41.40962219238281,138.59039306640625,-97.18077087402344,0.0,-120.0,0.0,0.0,0.0
outer1,1,74,bbc6,90.0,270.0,0.0,180.0,-180.0,0.0,-180.0,1.0,0.0,1.0
outer1,1,74,bbc6,90.0,300.0,138.59039306640625,138.59039306640625,0.0,0.0,0.0,0.0,0.0,0.0
outer1,1,74,bbc6,90.0,330.0,180.0,180.0,0.0,0.0,0.0,0.0,0.0,0.0
outer1,1,74,bbc6,120.0,0.0,29.99998664855957,29.99998664855957,0.0,0.0,0.0,0.0,0.0,0.0
outer1,1,74,bbc6,120.0,30.0,0.0,0.0,0.0,0.0,0.0,1.0,1.0,0.0
outer1,1,74,bbc6,120.0,60.0,0.0,29.99998664855957,-29.99998664855957,-30.0,0.0,1.0,0.0,1.0
outer1,1,74,bbc6,120.0,90.0,180.0,180.0,0.0,0.0,0.0,0.0,0.0,0.0
outer1,1,74,bbc6,120.0,120.0,128.6822052001953,130.50535583496094,-1.823150634765625,-30.0,0.0,0.0,0.0,0.0
outer1,1,74,bbc6,120.0,150.0,51.31781005859375,0.0,51.31781005859375,0.0,60.0,0.0,1.0,-1.0
outer1,1,74,bbc6,120.0,180.0,29.99998664855957,29.99998664855957,0.0,0.0,0.0,0.0,0.0,0.0
outer1,1,74,bbc6,120.0,210.0,51.31781005859375,25.905075073242188,25.412734985351562,0.0,30.0,0.0,0.0,0.0
outer1,1,74,bbc6,120.0,240.0,36.09777069091797,0.0,36.09777069091797,30.0,30.0,0.0,1.0,-1.0
outer1,1,74,bbc6,120.0,270.0,29.99998664855957,0.0,29.99998664855957,30.0,0.0,0.0,1.0,-1.0
outer1,1,74,bbc6,120.0,300.0,128.68218994140625,128.68218994140625,0.0,0.0,0.0,0.0,0.0,0.0
outer1,1,74,bbc6,120.0,330.0,0.0,0.0,0.0,0.0,0.0,1.0,1.0,0.0
outer1,1,74,bbc6,150.0,0.0,0.0,0.0,0.0,0.0,0.0,1.0,1.0,0.0
outer1,1,74,bbc6,150.0,30.0,0.0,0.0,0.0,0.0,0.0,1.0,1.0,0.0
outer1,1,74,bbc6,150.0,60.0,0.0,0.0,0.0,0.0,0.0,1.0,1.0,0.0
outer1,1,74,bbc6,150.0,90.0,180.0,60.000003814697266,119.99999618530273,120.0,0.0,0.0,0.0,0.0
outer1,1,74,bbc6,150.0,120.0,151.04498291015625,151.04498291015625,0.0,0.0,0.0,0.0,0.0,0.0
outer1,1,74,bbc6,150.0,150.0,0.0,151.04498291015625,-151.04498291015625,-120.0,-120.0,1.0,0.0,1.0
outer1,1,74,bbc6,150.0,180.0,0.0,0.0,0.0,0.0,0.0,1.0,1.0,0.0
outer1,1,74,bbc6,150.0,210.0,14.870942115783691,0.0,14.870942115783691,0.0,30.0,0.0,1.0,-1.0
outer1,1,74,bbc6,150.0,240.0,0.0,0.0,0.0,0.0,0.0,1.0,1.0,0.0
outer1,1,74,bbc6,150.0,270.0,0.0,0.0,0.0,0.0,0.0,1.0,1.0,0.0
outer1,1,74,bbc6,150.0,300.0,0.0,14.870942115783691,-14.870942115783691,0.0,-30.0,1.0,0.0,1.0
outer1,1,74,bbc6,150.0,330.0,0.0,0.0,0.0,0.0,0.0,1.0,1.0,0.0
outer1,1,75,b827,30.0,0.0,0.0,0.0,0.0,0.0,0.0,1.0,1.0,0.0
outer1,1,75,b827,30.0,30.0,0.0,0.0,0.0,0.0,0.0,1.0,1.0,0.0
outer1,1,75,b827,30.0,60.0,0.0,0.0,0.0,0.0,0.0,1.0,1.0,0.0
outer1,1,75,b827,30.0,90.0,0.0,0.0,0.0,0.0,0.0,1.0,1.0,0.0
outer1,1,75,b827,30.0,120.0,0.0,0.0,0.0,0.0,0.0,1.0,1.0,0.0
outer1,1,75,b827,30.0,150.0,0.0,0.0,0.0,0.0,0.0,1.0,1.0,0.0
outer1,1,75,b827,30.0,180.0,0.0,0.0,0.0,0.0,0.0,1.0,1.0,0.0
outer1,1,75,b827,30.0,210.0,0.0,0.0,0.0,0.0,0.0,1.0,1.0,0.0
outer1,1,75,b827,30.0,240.0,0.0,0.0,0.0,0.0,0.0,1.0,1.0,0.0
outer1,1,75,b827,30.0,270.0,0.0,0.0,0.0,0.0,0.0,1.0,1.0,0.0
outer1,1,75,b827,30.0,300.0,120.00000762939453,151.04498291015625,-31.04497528076172,0.0,-120.0,0.0,0.0,0.0
outer1,1,75,b827,30.0,330.0,0.0,0.0,0.0,0.0,0.0,1.0,1.0,0.0
outer1,1,75,b827,60.0,0.0,0.0,0.0,0.0,0.0,0.0,1.0,1.0,0.0
outer1,1,75,b827,60.0,30.0,0.0,82.81924438476562,-82.81924438476562,-60.0,-60.0,1.0,0.0,1.0
outer1,1,75,b827,60.0,60.0,0.0,0.0,0.0,0.0,0.0,1.0,1.0,0.0
outer1,1,75,b827,60.0,90.0,0.0,0.0,0.0,0.0,0.0,1.0,1.0,0.0
outer1,1,75,b827,60.0,120.0,60.000003814697266,0.0,60.000003814697266,60.0,0.0,0.0,1.0,-1.0
outer1,1,75,b827,60.0,150.0,97.1807632446289,0.0,97.1807632446289,0.0,120.0,0.0,1.0,-1.0
outer1,1,75,b827,60.0,180.0,0.0,0.0,0.0,0.0,0.0,1.0,1.0,0.0
outer1,1,75,b827,60.0,210.0,120.00000762939453,51.31781005859375,68.68219757080078,0.0,120.0,0.0,0.0,0.0
outer1,1,75,b827,60.0,240.0,0.0,0.0,0.0,0.0,0.0,1.0,1.0,0.0
outer1,1,75,b827,60.0,270.0,0.0,0.0,0.0,0.0,0.0,1.0,1.0,0.0
outer1,1,75,b827,60.0,300.0,0.0,0.0,0.0,0.0,0.0,1.0,1.0,0.0
outer1,1,75,b827,60.0,330.0,0.0,120.00000762939453,-120.00000762939453,0.0,-180.0,1.0,0.0,1.0
outer1,1,75,b827,90.0,0.0,0.0,0.0,0.0,0.0,0.0,1.0,1.0,0.0
outer1,1,75,b827,90.0,30.0,180.0,0.0,180.0,0.0,180.0,0.0,1.0,-1.0
outer1,1,75,b827,90.0,60.0,60.000003814697266,60.000003814697266,0.0,0.0,0.0,0.0,0.0,0.0
outer1,1,75,b827,90.0,90.0,180.0,0.0,180.0,0.0,180.0,0.0,1.0,-1.0
outer1,1,75,b827,90.0,120.0,30.000001907348633,0.0,30.000001907348633,30.0,0.0,0.0,1.0,-1.0
outer1,1,75,b827,90.0,150.0,0.0,60.000003814697266,-60.000003814697266,0.0,-60.0,1.0,0.0,1.0
outer1,1,75,b827,90.0,180.0,180.0,180.0,0.0,0.0,0.0,0.0,0.0,0.0
outer1,1,75,b827,90.0,210.0,0.0,0.0,0.0,0.0,0.0,1.0,1.0,0.0
outer1,1,75,b827,90.0,240.0,0.0,60.000003814697266,-60.000003814697266,0.0,-60.0,1.0,0.0,1.0
outer1,1,75,b827,90.0,270.0,0.0,0.0,0.0,0.0,0.0,1.0,1.0,0.0
outer1,1,75,b827,90.0,300.0,41.40962219238281,0.0,41.40962219238281,30.0,30.0,0.0,1.0,-1.0
outer1,1,75,b827,90.0,330.0,180.0,120.00000762939453,59.99999237060547,0.0,60.0,0.0,0.0,0.0
outer1,1,75,b827,120.0,0.0,0.0,29.99998664855957,-29.99998664855957,-30.0,0.0,1.0,0.0,1.0
outer1,1,75,b827,120.0,30.0,0.0,120.00000762939453,-120.00000762939453,0.0,-180.0,1.0,0.0,1.0
outer1,1,75,b827,120.0,60.0,0.0,0.0,0.0,0.0,0.0,1.0,1.0,0.0
outer1,1,75,b827,120.0,90.0,0.0,0.0,0.0,0.0,0.0,1.0,1.0,0.0
outer1,1,75,b827,120.0,120.0,0.0,0.0,0.0,0.0,0.0,1.0,1.0,0.0
outer1,1,75,b827,120.0,150.0,0.0,0.0,0.0,0.0,0.0,1.0,1.0,0.0
outer1,1,75,b827,120.0,180.0,0.0,0.0,0.0,0.0,0.0,1.0,1.0,0.0
outer1,1,75,b827,120.0,210.0,0.0,25.905075073242188,-25.905075073242188,0.0,-30.0,1.0,0.0,1.0
outer1,1,75,b827,120.0,240.0,0.0,0.0,0.0,0.0,0.0,1.0,1.0,0.0
outer1,1,75,b827,120.0,270.0,0.0,0.0,0.0,0.0,0.0,1.0,1.0,0.0
outer1,1,75,b827,120.0,300.0,0.0,0.0,0.0,0.0,0.0,1.0,1.0,0.0
outer1,1,75,b827,120.0,330.0,25.90508270263672,0.0,25.90508270263672,0.0,30.0,0.0,1.0,-1.0
outer1,1,75,b827,150.0,0.0,0.0,0.0,0.0,0.0,0.0,1.0,1.0,0.0
outer1,1,75,b827,150.0,30.0,0.0,0.0,0.0,0.0,0.0,1.0,1.0,0.0
outer1,1,75,b827,150.0,60.0,0.0,0.0,0.0,0.0,0.0,1.0,1.0,0.0
outer1,1,75,b827,150.0,90.0,0.0,0.0,0.0,0.0,0.0,1.0,1.0,0.0
outer1,1,75,b827,150.0,120.0,0.0,0.0,0.0,0.0,0.0,1.0,1.0,0.0
outer1,1,75,b827,150.0,150.0,0.0,0.0,0.0,0.0,0.0,1.0,1.0,0.0
outer1,1,75,b827,150.0,180.0,0.0,0.0,0.0,0.0,0.0,1.0,1.0,0.0
outer1,1,75,b827,150.0,210.0,0.0,0.0,0.0,0.0,0.0,1.0,1.0,0.0
outer1,1,75,b827,150.0,240.0,0.0,0.0,0.0,0.0,0.0,1.0,1.0,0.0
outer1,1,75,b827,150.0,270.0,0.0,0.0,0.0,0.0,0.0,1.0,1.0,0.0
outer1,1,75,b827,150.0,300.0,0.0,0.0,0.0,0.0,0.0,1.0,1.0,0.0
outer1,1,75,b827,150.0,330.0,0.0,0.0,0.0,0.0,0.0,1.0,1.0,0.0
outer1,1,75,b871,30.0,0.0,0.0,0.0,0.0,0.0,0.0,1.0,1.0,0.0
outer1,1,75,b871,30.0,30.0,0.0,0.0,0.0,0.0,0.0,1.0,1.0,0.0
outer1,1,75,b871,30.0,60.0,0.0,0.0,0.0,0.0,0.0,1.0,1.0,0.0
outer1,1,75,b871,30.0,90.0,0.0,0.0,0.0,0.0,0.0,1.0,1.0,0.0
outer1,1,75,b871,30.0,120.0,51.31781005859375,0.0,51.31781005859375,0.0,120.0,0.0,1.0,-1.0
outer1,1,75,b871,30.0,150.0,122.24180603027344,0.0,122.24180603027344,120.0,30.0,0.0,1.0,-1.0
outer1,1,75,b871,30.0,180.0,0.0,0.0,0.0,0.0,0.0,1.0,1.0,0.0
outer1,1,75,b871,30.0,210.0,0.0,0.0,0.0,0.0,0.0,1.0,1.0,0.0
outer1,1,75,b871,30.0,240.0,0.0,0.0,0.0,0.0,0.0,1.0,1.0,0.0
outer1,1,75,b871,30.0,270.0,0.0,0.0,0.0,0.0,0.0,1.0,1.0,0.0
outer1,1,75,b871,30.0,300.0,0.0,0.0,0.0,0.0,0.0,1.0,1.0,0.0
outer1,1,75,b871,30.0,330.0,0.0,0.0,0.0,0.0,0.0,1.0,1.0,0.0
outer1,1,75,b871,60.0,0.0,0.0,0.0,0.0,0.0,0.0,1.0,1.0,0.0
outer1,1,75,b871,60.0,30.0,0.0,0.0,0.0,0.0,0.0,1.0,1.0,0.0
outer1,1,75,b871,60.0,60.0,0.0,0.0,0.0,0.0,0.0,1.0,1.0,0.0
outer1,1,75,b871,60.0,90.0,0.0,0.0,0.0,0.0,0.0,1.0,1.0,0.0
outer1,1,75,b871,60.0,120.0,128.6822052001953,0.0,128.6822052001953,60.0,120.0,0.0,1.0,-1.0
outer1,1,75,b871,60.0,150.0,0.0,0.0,0.0,0.0,0.0,1.0,1.0,0.0
outer1,1,75,b871,60.0,180.0,0.0,0.0,0.0,0.0,0.0,1.0,1.0,0.0
outer1,1,75,b871,60.0,210.0,0.0,25.905075073242188,-25.905075073242188,0.0,-30.0,1.0,0.0,1.0
outer1,1,75,b871,60.0,240.0,0.0,0.0,0.0,0.0,0.0,1.0,1.0,0.0
outer1,1,75,b871,60.0,270.0,0.0,0.0,0.0,0.0,0.0,1.0,1.0,0.0
outer1,1,75,b871,60.0,300.0,0.0,0.0,0.0,0.0,0.0,1.0,1.0,0.0
outer1,1,75,b871,60.0,330.0,0.0,0.0,0.0,0.0,0.0,1.0,1.0,0.0
outer1,1,75,b871,90.0,0.0,180.0,0.0,180.0,0.0,180.0,0.0,1.0,-1.0
outer1,1,75,b871,90.0,30.0,0.0,0.0,0.0,0.0,0.0,1.0,1.0,0.0
outer1,1,75,b871,90.0,60.0,60.000003814697266,60.000003814697266,0.0,0.0,0.0,0.0,0.0,0.0
outer1,1,75,b871,90.0,90.0,180.0,180.0,0.0,0.0,0.0,0.0,0.0,0.0
outer1,1,75,b871,90.0,120.0,0.0,0.0,0.0,0.0,0.0,1.0,1.0,0.0
outer1,1,75,b871,90.0,150.0,60.000003814697266,120.00000762939453,-60.000003814697266,0.0,-60.0,0.0,0.0,0.0
outer1,1,75,b871,90.0,180.0,0.0,180.0,-180.0,0.0,-180.0,1.0,0.0,1.0
outer1,1,75,b871,90.0,210.0,0.0,0.0,0.0,0.0,0.0,1.0,1.0,0.0
outer1,1,75,b871,90.0,240.0,120.00000762939453,120.00000762939453,0.0,0.0,0.0,0.0,0.0,0.0
outer1,1,75,b871,90.0,270.0,0.0,180.0,-180.0,0.0,-180.0,1.0,0.0,1.0
outer1,1,75,b871,90.0,300.0,0.0,0.0,0.0,0.0,0.0,1.0,1.0,0.0
outer1,1,75,b871,90.0,330.0,120.00000762939453,120.00000762939453,0.0,0.0,0.0,0.0,0.0,0.0
outer1,1,75,b871,120.0,0.0,0.0,0.0,0.0,0.0,0.0,1.0,1.0,0.0
outer1,1,75,b871,120.0,30.0,0.0,0.0,0.0,0.0,0.0,1.0,1.0,0.0
outer1,1,75,b871,120.0,60.0,0.0,0.0,0.0,0.0,0.0,1.0,1.0,0.0
outer1,1,75,b871,120.0,90.0,0.0,0.0,0.0,0.0,0.0,1.0,1.0,0.0
outer1,1,75,b871,120.0,120.0,0.0,0.0,0.0,0.0,0.0,1.0,1.0,0.0
outer1,1,75,b871,120.0,150.0,0.0,0.0,0.0,0.0,0.0,1.0,1.0,0.0
outer1,1,75,b871,120.0,180.0,0.0,0.0,0.0,0.0,0.0,1.0,1.0,0.0
outer1,1,75,b871,120.0,210.0,0.0,25.905075073242188,-25.905075073242188,0.0,-30.0,1.0,0.0,1.0
outer1,1,75,b871,120.0,240.0,0.0,0.0,0.0,0.0,0.0,1.0,1.0,0.0
outer1,1,75,b871,120.0,270.0,0.0,0.0,0.0,0.0,0.0,1.0,1.0,0.0
outer1,1,75,b871,120.0,300.0,0.0,0.0,0.0,0.0,0.0,1.0,1.0,0.0
outer1,1,75,b871,120.0,330.0,0.0,0.0,0.0,0.0,0.0,1.0,1.0,0.0
outer1,1,75,b871,150.0,0.0,0.0,0.0,0.0,0.0,0.0,1.0,1.0,0.0
outer1,1,75,b871,150.0,30.0,0.0,0.0,0.0,0.0,0.0,1.0,1.0,0.0
outer1,1,75,b871,150.0,60.0,0.0,0.0,0.0,0.0,0.0,1.0,1.0,0.0
outer1,1,75,b871,150.0,90.0,0.0,0.0,0.0,0.0,0.0,1.0,1.0,0.0
outer1,1,75,b871,150.0,120.0,0.0,0.0,0.0,0.0,0.0,1.0,1.0,0.0
outer1,1,75,b871,150.0,150.0,0.0,0.0,0.0,0.0,0.0,1.0,1.0,0.0
outer1,1,75,b871,150.0,180.0,0.0,0.0,0.0,0.0,0.0,1.0,1.0,0.0
outer1,1,75,b871,150.0,210.0,0.0,0.0,0.0,0.0,0.0,1.0,1.0,0.0
outer1,1,75,b871,150.0,240.0,0.0,0.0,0.0,0.0,0.0,1.0,1.0,0.0
outer1,1,75,b871,150.0,270.0,0.0,0.0,0.0,0.0,0.0,1.0,1.0,0.0
outer1,1,75,b871,150.0,300.0,0.0,0.0,0.0,0.0,0.0,1.0,1.0,0.0
outer1,1,75,b871,150.0,330.0,0.0,0.0,0.0,0.0,0.0,1.0,1.0,0.0
outer1,1,75,b905,30.0,0.0,0.0,0.0,0.0,0.0,0.0,1.0,1.0,0.0
outer1,1,75,b905,30.0,30.0,0.0,0.0,0.0,0.0,0.0,1.0,1.0,0.0
outer1,1,75,b905,30.0,60.0,0.0,0.0,0.0,0.0,0.0,1.0,1.0,0.0
outer1,1,75,b905,30.0,90.0,0.0,0.0,0.0,0.0,0.0,1.0,1.0,0.0
outer1,1,75,b905,30.0,120.0,0.0,0.0,0.0,0.0,0.0,1.0,1.0,0.0
outer1,1,75,b905,30.0,150.0,0.0,0.0,0.0,0.0,0.0,1.0,1.0,0.0
outer1,1,75,b905,30.0,180.0,0.0,0.0,0.0,0.0,0.0,1.0,1.0,0.0
outer1,1,75,b905,30.0,210.0,0.0,0.0,0.0,0.0,0.0,1.0,1.0,0.0
outer1,1,75,b905,30.0,240.0,0.0,0.0,0.0,0.0,0.0,1.0,1.0,0.0
outer1,1,75,b905,30.0,270.0,0.0,0.0,0.0,0.0,0.0,1.0,1.0,0.0
outer1,1,75,b905,30.0,300.0,0.0,0.0,0.0,0.0,0.0,1.0,1.0,0.0
outer1,1,75,b905,30.0,330.0,0.0,0.0,0.0,0.0,0.0,1.0,1.0,0.0
outer1,1,75,b905,60.0,0.0,0.0,0.0,0.0,0.0,0.0,1.0,1.0,0.0
outer1,1,75,b905,60.0,30.0,0.0,0.0,0.0,0.0,0.0,1.0,1.0,0.0
outer1,1,75,b905,60.0,60.0,0.0,0.0,0.0,0.0,0.0,1.0,1.0,0.0
outer1,1,75,b905,60.0,90.0,0.0,0.0,0.0,0.0,0.0,1.0,1.0,0.0
outer1,1,75,b905,60.0,120.0,25.905075073242188,0.0,25.905075073242188,0.0,30.0,0.0,1.0,-1.0
outer1,1,75,b905,60.0,150.0,0.0,0.0,0.0,0.0,0.0,1.0,1.0,0.0
outer1,1,75,b905,60.0,180.0,0.0,0.0,0.0,0.0,0.0,1.0,1.0,0.0
outer1,1,75,b905,60.0,210.0,0.0,0.0,0.0,0.0,0.0,1.0,1.0,0.0
outer1,1,75,b905,60.0,240.0,0.0,0.0,0.0,0.0,0.0,1.0,1.0,0.0
outer1,1,75,b905,60.0,270.0,0.0,0.0,0.0,0.0,0.0,1.0,1.0,0.0
outer1,1,75,b905,60.0,300.0,0.0,0.0,0.0,0.0,0.0,1.0,1.0,0.0
outer1,1,75,b905,60.0,330.0,0.0,0.0,0.0,0.0,0.0,1.0,1.0,0.0
outer1,1,75,b905,90.0,0.0,180.0,0.0,180.0,0.0,180.0,0.0,1.0,-1.0
outer1,1,75,b905,90.0,30.0,60.00000762939453,120.00000762939453,-60.0,0.0,-60.0,0.0,0.0,0.0
outer1,1,75,b905,90.0,60.0,180.0,0.0,180.0,0.0,180.0,0.0,1.0,-1.0
outer1,1,75,b905,90.0,90.0,0.0,0.0,0.0,0.0,0.0,1.0,1.0,0.0
outer1,1,75,b905,90.0,120.0,60.000003814697266,60.000003814697266,0.0,0.0,0.0,0.0,0.0,0.0
outer1,1,75,b905,90.0,150.0,180.0,180.0,0.0,0.0,0.0,0.0,0.0,0.0
outer1,1,75,b905,90.0,180.0,0.0,180.0,-180.0,0.0,-180.0,1.0,0.0,1.0
outer1,1,75,b905,90.0,210.0,120.00000762939453,60.000003814697266,60.000003814697266,0.0,60.0,0.0,0.0,0.0
outer1,1,75,b905,90.0,240.0,0.0,0.0,0.0,0.0,0.0,1.0,1.0,0.0
outer1,1,75,b905,90.0,270.0,180.0,0.0,180.0,0.0,180.0,0.0,1.0,-1.0
outer1,1,75,b905,90.0,300.0,60.000003814697266,60.000003814697266,0.0,0.0,0.0,0.0,0.0,0.0
outer1,1,75,b905,90.0,330.0,0.0,0.0,0.0,0.0,0.0,1.0,1.0,0.0
outer1,1,75,b905,120.0,0.0,0.0,0.0,0.0,0.0,0.0,1.0,1.0,0.0
outer1,1,75,b905,120.0,30.0,0.0,0.0,0.0,0.0,0.0,1.0,1.0,0.0
outer1,1,75,b905,120.0,60.0,0.0,0.0,0.0,0.0,0.0,1.0,1.0,0.0
outer1,1,75,b905,120.0,90.0,0.0,0.0,0.0,0.0,0.0,1.0,1.0,0.0
outer1,1,75,b905,120.0,120.0,0.0,0.0,0.0,0.0,0.0,1.0,1.0,0.0
outer1,1,75,b905,120.0,150.0,0.0,0.0,0.0,0.0,0.0,1.0,1.0,0.0
outer1,1,75,b905,120.0,180.0,0.0,0.0,0.0,0.0,0.0,1.0,1.0,0.0
outer1,1,75,b905,120.0,210.0,0.0,0.0,0.0,0.0,0.0,1.0,1.0,0.0
outer1,1,75,b905,120.0,240.0,75.52249145507812,66.45188903808594,9.070602416992188,-60.0,60.0,0.0,0.0,0.0
outer1,1,75,b905,120.0,270.0,120.00000762939453,0.0,120.00000762939453,0.0,180.0,0.0,1.0,-1.0
outer1,1,75,b905,120.0,300.0,0.0,0.0,0.0,0.0,0.0,1.0,1.0,0.0
outer1,1,75,b905,120.0,330.0,0.0,0.0,0.0,0.0,0.0,1.0,1.0,0.0
outer1,1,75,b905,150.0,0.0,0.0,0.0,0.0,0.0,0.0,1.0,1.0,0.0
outer1,1,75,b905,150.0,30.0,0.0,0.0,0.0,0.0,0.0,1.0,1.0,0.0
outer1,1,75,b905,150.0,60.0,0.0,0.0,0.0,0.0,0.0,1.0,1.0,0.0
outer1,1,75,b905,150.0,90.0,0.0,0.0,0.0,0.0,0.0,1.0,1.0,0.0
outer1,1,75,b905,150.0,120.0,0.0,0.0,0.0,0.0,0.0,1.0,1.0,0.0
outer1,1,75,b905,150.0,150.0,0.0,0.0,0.0,0.0,0.0,1.0,1.0,0.0
outer1,1,75,b905,150.0,180.0,0.0,0.0,0.0,0.0,0.0,1.0,1.0,0.0
outer1,1,75,b905,150.0,210.0,0.0,0.0,0.0,0.0,0.0,1.0,1.0,0.0
outer1,1,75,b905,150.0,240.0,0.0,0.0,0.0,0.0,0.0,1.0,1.0,0.0
outer1,1,75,b905,150.0,270.0,0.0,0.0,0.0,0.0,0.0,1.0,1.0,0.0
outer1,1,75,b905,150.0,300.0,0.0,0.0,0.0,0.0,0.0,1.0,1.0,0.0
outer1,1,75,b905,150.0,330.0,0.0,0.0,0.0,0.0,0.0,1.0,1.0,0.0
outer1,1,75,bb7d,30.0,0.0,150.0,60.000003814697266,89.99999618530273,90.0,0.0,0.0,0.0,0.0
outer1,1,75,bb7d,30.0,30.0,0.0,0.0,0.0,0.0,0.0,1.0,1.0,0.0
outer1,1,75,bb7d,30.0,60.0,0.0,165.12905883789062,-165.12905883789062,-120.0,-150.0,1.0,0.0,1.0
outer1,1,75,bb7d,30.0,90.0,180.0,180.0,0.0,0.0,0.0,0.0,0.0,0.0
outer1,1,75,bb7d,30.0,120.0,128.68218994140625,28.95502281188965,99.7271671295166,120.0,0.0,0.0,0.0,0.0
outer1,1,75,bb7d,30.0,150.0,151.04498291015625,151.04498291015625,0.0,0.0,0.0,0.0,0.0,0.0
outer1,1,75,bb7d,30.0,180.0,150.0,120.00000762939453,29.99999237060547,-30.0,180.0,0.0,0.0,0.0
outer1,1,75,bb7d,30.0,210.0,151.04498291015625,60.000003814697266,91.04497909545898,120.0,-60.0,0.0,0.0,0.0
outer1,1,75,bb7d,30.0,240.0,60.000003814697266,180.0,-119.99999618530273,-120.0,0.0,0.0,0.0,0.0
outer1,1,75,bb7d,30.0,270.0,0.0,0.0,0.0,0.0,0.0,1.0,1.0,0.0
outer1,1,75,bb7d,30.0,300.0,0.0,0.0,0.0,0.0,0.0,1.0,1.0,0.0
outer1,1,75,bb7d,30.0,330.0,128.68218994140625,128.68218994140625,0.0,0.0,0.0,0.0,0.0,0.0
outer1,1,75,bb7d,60.0,0.0,180.0,180.0,0.0,0.0,0.0,0.0,0.0,0.0
outer1,1,75,bb7d,60.0,30.0,0.0,0.0,0.0,0.0,0.0,1.0,1.0,0.0
outer1,1,75,bb7d,60.0,60.0,25.905075073242188,66.45188903808594,-40.54681396484375,-60.0,0.0,0.0,0.0,0.0
outer1,1,75,bb7d,60.0,90.0,180.0,150.0,30.0,30.0,0.0,0.0,0.0,0.0
outer1,1,75,bb7d,60.0,120.0,93.32574462890625,93.32574462890625,0.0,0.0,0.0,0.0,0.0,0.0
outer1,1,75,bb7d,60.0,150.0,82.81924438476562,60.000003814697266,22.81924057006836,0.0,60.0,0.0,0.0,0.0
outer1,1,75,bb7d,60.0,180.0,60.000003814697266,60.000003814697266,0.0,0.0,0.0,0.0,0.0,0.0
outer1,1,75,bb7d,60.0,210.0,120.00000762939453,120.00000762939453,0.0,0.0,0.0,0.0,0.0,0.0
outer1,1,75,bb7d,60.0,240.0,113.5481185913086,113.5481185913086,0.0,0.0,0.0,0.0,0.0,0.0
outer1,1,75,bb7d,60.0,270.0,0.0,0.0,0.0,0.0,0.0,1.0,1.0,0.0
outer1,1,75,bb7d,60.0,300.0,143.9022216796875,143.9022216796875,0.0,0.0,0.0,0.0,0.0,0.0
outer1,1,75,bb7d,60.0,330.0,82.81924438476562,180.0,-97.18075561523438,0.0,-120.0,0.0,0.0,0.0
outer1,1,75,bb7d,90.0,0.0,138.59039306640625,119.99999237060547,18.59040069580078,30.0,30.0,0.0,0.0,0.0
outer1,1,75,bb7d,90.0,30.0,138.59039306640625,90.0,48.59039306640625,0.0,60.0,0.0,0.0,0.0
outer1,1,75,bb7d,90.0,60.0,138.59039306640625,138.59039306640625,0.0,0.0,0.0,0.0,0.0,0.0
outer1,1,75,bb7d,90.0,90.0,180.0,180.0,0.0,0.0,0.0,0.0,0.0,0.0
outer1,1,75,bb7d,90.0,120.0,138.59039306640625,138.59039306640625,0.0,0.0,0.0,0.0,0.0,0.0
outer1,1,75,bb7d,90.0,150.0,90.0,90.0,0.0,0.0,0.0,0.0,0.0,0.0
outer1,1,75,bb7d,90.0,180.0,120.00000762939453,60.000003814697266,60.000003814697266,0.0,60.0,0.0,0.0,0.0
outer1,1,75,bb7d,90.0,210.0,41.40962219238281,90.0,-48.59037780761719,0.0,-60.0,0.0,0.0,0.0
outer1,1,75,bb7d,90.0,240.0,41.40962219238281,41.40962219238281,0.0,0.0,0.0,0.0,0.0,0.0
outer1,1,75,bb7d,90.0,270.0,0.0,0.0,0.0,0.0,0.0,1.0,1.0,0.0
outer1,1,75,bb7d,90.0,300.0,41.40962219238281,41.40962219238281,0.0,0.0,0.0,0.0,0.0,0.0
outer1,1,75,bb7d,90.0,330.0,90.0,90.0,0.0,0.0,0.0,0.0,0.0,0.0
outer1,1,75,bb7d,120.0,0.0,120.00000762939453,120.00000762939453,0.0,0.0,0.0,0.0,0.0,0.0
outer1,1,75,bb7d,120.0,30.0,0.0,82.81924438476562,-82.81924438476562,-60.0,-60.0,1.0,0.0,1.0
outer1,1,75,bb7d,120.0,60.0,36.09777069091797,36.09777069091797,0.0,0.0,0.0,0.0,0.0,0.0
outer1,1,75,bb7d,120.0,90.0,180.0,180.0,0.0,0.0,0.0,0.0,0.0,0.0
outer1,1,75,bb7d,120.0,120.0,66.45188903808594,93.32575225830078,-26.873863220214844,-30.0,0.0,0.0,0.0,0.0
outer1,1,75,bb7d,120.0,150.0,128.6822052001953,128.6822052001953,0.0,0.0,0.0,0.0,0.0,0.0
outer1,1,75,bb7d,120.0,180.0,0.0,0.0,0.0,0.0,0.0,1.0,1.0,0.0
outer1,1,75,bb7d,120.0,210.0,120.00000762939453,51.31781005859375,68.68219757080078,0.0,120.0,0.0,0.0,0.0
outer1,1,75,bb7d,120.0,240.0,113.54811096191406,86.67424774169922,26.873863220214844,-30.0,0.0,0.0,0.0,0.0
outer1,1,75,bb7d,120.0,270.0,30.000001907348633,30.000001907348633,0.0,0.0,0.0,0.0,0.0,0.0
outer1,1,75,bb7d,120.0,300.0,25.905075073242188,25.905075073242188,0.0,0.0,0.0,0.0,0.0,0.0
outer1,1,75,bb7d,120.0,330.0,82.81924438476562,82.81924438476562,0.0,0.0,0.0,0.0,0.0,0.0
outer1,1,75,bb7d,150.0,0.0,90.0,90.0,0.0,0.0,0.0,0.0,0.0,0.0
outer1,1,75,bb7d,150.0,30.0,0.0,0.0,0.0,0.0,0.0,1.0,1.0,0.0
outer1,1,75,bb7d,150.0,60.0,151.04498291015625,151.04498291015625,0.0,0.0,0.0,0.0,0.0,0.0
outer1,1,75,bb7d,150.0,90.0,120.00000762939453,120.00000762939453,0.0,0.0,0.0,0.0,0.0,0.0
outer1,1,75,bb7d,150.0,120.0,128.68218994140625,128.68218994140625,0.0,0.0,0.0,0.0,0.0,0.0
outer1,1,75,bb7d,150.0,150.0,51.31782150268555,151.04498291015625,-99.7271614074707,-120.0,0.0,0.0,0.0,0.0
outer1,1,75,bb7d,150.0,180.0,29.99998664855957,90.0,-60.00001335144043,-60.0,0.0,0.0,0.0,0.0
outer1,1,75,bb7d,150.0,210.0,151.04498291015625,60.000003814697266,91.04497909545898,120.0,-60.0,0.0,0.0,0.0
outer1,1,75,bb7d,150.0,240.0,60.000003814697266,180.0,-119.99999618530273,-120.0,0.0,0.0,0.0,0.0
outer1,1,75,bb7d,150.0,270.0,0.0,0.0,0.0,0.0,0.0,1.0,1.0,0.0
outer1,1,75,bb7d,150.0,300.0,151.04498291015625,14.870942115783691,136.17404079437256,120.0,90.0,0.0,0.0,0.0
outer1,1,75,bb7d,150.0,330.0,128.68218994140625,128.68218994140625,0.0,0.0,0.0,0.0,0.0,0.0
outer1,1,75,bbc6,30.0,0.0,0.0,0.0,0.0,0.0,0.0,1.0,1.0,0.0
outer1,1,75,bbc6,30.0,30.0,0.0,0.0,0.0,0.0,0.0,1.0,1.0,0.0
outer1,1,75,bbc6,30.0,60.0,0.0,0.0,0.0,0.0,0.0,1.0,1.0,0.0
outer1,1,75,bbc6,30.0,90.0,180.0,180.0,0.0,0.0,0.0,0.0,0.0,0.0
outer1,1,75,bbc6,30.0,120.0,151.04498291015625,151.04498291015625,0.0,0.0,0.0,0.0,0.0,0.0
outer1,1,75,bbc6,30.0,150.0,0.0,0.0,0.0,0.0,0.0,1.0,1.0,0.0
outer1,1,75,bbc6,30.0,180.0,14.870942115783691,0.0,14.870942115783691,0.0,30.0,0.0,1.0,-1.0
outer1,1,75,bbc6,30.0,210.0,128.68218994140625,51.31781005859375,77.3643798828125,120.0,-60.0,0.0,0.0,0.0
outer1,1,75,bbc6,30.0,240.0,0.0,0.0,0.0,0.0,0.0,1.0,1.0,0.0
outer1,1,75,bbc6,30.0,270.0,0.0,0.0,0.0,0.0,0.0,1.0,1.0,0.0
outer1,1,75,bbc6,30.0,300.0,151.04498291015625,151.04498291015625,0.0,0.0,0.0,0.0,0.0,0.0
outer1,1,75,bbc6,30.0,330.0,0.0,0.0,0.0,0.0,0.0,1.0,1.0,0.0
outer1,1,75,bbc6,60.0,0.0,30.000001907348633,30.000001907348633,0.0,0.0,0.0,0.0,0.0,0.0
outer1,1,75,bbc6,60.0,30.0,0.0,0.0,0.0,0.0,0.0,1.0,1.0,0.0
outer1,1,75,bbc6,60.0,60.0,0.0,30.000001907348633,-30.000001907348633,-30.0,0.0,1.0,0.0,1.0
outer1,1,75,bbc6,60.0,90.0,150.0,180.0,-30.0,30.0,0.0,0.0,0.0,0.0
outer1,1,75,bbc6,60.0,120.0,77.49609375,130.50535583496094,-53.00926208496094,-60.0,0.0,0.0,0.0,0.0
outer1,1,75,bbc6,60.0,150.0,51.31781005859375,0.0,51.31781005859375,0.0,60.0,0.0,1.0,-1.0
outer1,1,75,bbc6,60.0,180.0,90.0,90.0,0.0,60.0,-180.0,0.0,0.0,0.0
outer1,1,75,bbc6,60.0,210.0,51.31781005859375,0.0,51.31781005859375,0.0,60.0,0.0,1.0,-1.0
outer1,1,75,bbc6,60.0,240.0,49.494651794433594,25.905075073242188,23.589576721191406,30.0,30.0,0.0,0.0,0.0
outer1,1,75,bbc6,60.0,270.0,0.0,0.0,0.0,0.0,0.0,1.0,1.0,0.0
outer1,1,75,bbc6,60.0,300.0,97.18075561523438,97.18075561523438,0.0,0.0,0.0,0.0,0.0,0.0
outer1,1,75,bbc6,60.0,330.0,0.0,0.0,0.0,0.0,0.0,1.0,1.0,0.0
outer1,1,75,bbc6,90.0,0.0,180.0,180.0,0.0,0.0,0.0,0.0,0.0,0.0
outer1,1,75,bbc6,90.0,30.0,180.0,180.0,0.0,0.0,0.0,0.0,0.0,0.0
outer1,1,75,bbc6,90.0,60.0,150.0,119.99999237060547,30.00000762939453,0.0,30.0,0.0,0.0,0.0
outer1,1,75,bbc6,90.0,90.0,180.0,0.0,180.0,0.0,180.0,0.0,1.0,-1.0
outer1,1,75,bbc6,90.0,120.0,150.0,30.000001907348633,119.99999809265137,0.0,120.0,0.0,0.0,0.0
outer1,1,75,bbc6,90.0,150.0,0.0,180.0,-180.0,0.0,-180.0,1.0,0.0,1.0
outer1,1,75,bbc6,90.0,180.0,0.0,180.0,-180.0,0.0,-180.0,1.0,0.0,1.0
outer1,1,75,bbc6,90.0,210.0,0.0,0.0,0.0,0.0,0.0,1.0,1.0,0.0
outer1,1,75,bbc6,90.0,240.0,30.000001907348633,30.000001907348633,0.0,0.0,0.0,0.0,0.0,0.0
outer1,1,75,bbc6,90.0,270.0,0.0,180.0,-180.0,0.0,-180.0,1.0,0.0,1.0
outer1,1,75,bbc6,90.0,300.0,138.59039306640625,150.0,-11.40960693359375,30.0,0.0,0.0,0.0,0.0
outer1,1,75,bbc6,90.0,330.0,180.0,0.0,180.0,0.0,180.0,0.0,1.0,-1.0
outer1,1,75,bbc6,120.0,0.0,29.99998664855957,29.99998664855957,0.0,0.0,0.0,0.0,0.0,0.0
outer1,1,75,bbc6,120.0,30.0,0.0,0.0,0.0,0.0,0.0,1.0,1.0,0.0
outer1,1,75,bbc6,120.0,60.0,0.0,0.0,0.0,0.0,0.0,1.0,1.0,0.0
outer1,1,75,bbc6,120.0,90.0,150.0,180.0,-30.0,30.0,0.0,0.0,0.0,0.0
outer1,1,75,bbc6,120.0,120.0,128.6822052001953,128.6822052001953,0.0,0.0,0.0,0.0,0.0,0.0
outer1,1,75,bbc6,120.0,150.0,0.0,60.000003814697266,-60.000003814697266,-60.0,0.0,1.0,0.0,1.0
outer1,1,75,bbc6,120.0,180.0,29.99998664855957,90.0,-60.00001335144043,-60.0,0.0,0.0,0.0,0.0
outer1,1,75,bbc6,120.0,210.0,0.0,82.81924438476562,-82.81924438476562,-60.0,-60.0,1.0,0.0,1.0
outer1,1,75,bbc6,120.0,240.0,36.09777069091797,29.99998664855957,6.097784042358398,0.0,30.0,0.0,0.0,0.0
outer1,1,75,bbc6,120.0,270.0,29.99998664855957,0.0,29.99998664855957,30.0,0.0,0.0,1.0,-1.0
outer1,1,75,bbc6,120.0,300.0,0.0,128.68218994140625,-128.68218994140625,-60.0,-120.0,1.0,0.0,1.0
outer1,1,75,bbc6,120.0,330.0,0.0,0.0,0.0,0.0,0.0,1.0,1.0,0.0
outer1,1,75,bbc6,150.0,0.0,0.0,0.0,0.0,0.0,0.0,1.0,1.0,0.0
outer1,1,75,bbc6,150.0,30.0,0.0,0.0,0.0,0.0,0.0,1.0,1.0,0.0
outer1,1,75,bbc6,150.0,60.0,0.0,0.0,0.0,0.0,0.0,1.0,1.0,0.0
outer1,1,75,bbc6,150.0,90.0,60.000003814697266,180.0,-119.99999618530273,-120.0,0.0,0.0,0.0,0.0
outer1,1,75,bbc6,150.0,120.0,151.04498291015625,151.04498291015625,0.0,0.0,0.0,0.0,0.0,0.0
outer1,1,75,bbc6,150.0,150.0,0.0,0.0,0.0,0.0,0.0,1.0,1.0,0.0
outer1,1,75,bbc6,150.0,180.0,0.0,0.0,0.0,0.0,0.0,1.0,1.0,0.0
outer1,1,75,bbc6,150.0,210.0,0.0,14.870942115783691,-14.870942115783691,0.0,-30.0,1.0,0.0,1.0
outer1,1,75,bbc6,150.0,240.0,0.0,0.0,0.0,0.0,0.0,1.0,1.0,0.0
outer1,1,75,bbc6,150.0,270.0,0.0,0.0,0.0,0.0,0.0,1.0,1.0,0.0
outer1,1,75,bbc6,150.0,300.0,0.0,120.00000762939453,-120.00000762939453,-120.0,0.0,1.0,0.0,1.0
outer1,1,75,bbc6,150.0,330.0,0.0,0.0,0.0,0.0,0.0,1.0,1.0,0.0
outer1,1,76,b827,30.0,0.0,0.0,0.0,0.0,0.0,0.0,1.0,1.0,0.0
outer1,1,76,b827,30.0,30.0,0.0,0.0,0.0,0.0,0.0,1.0,1.0,0.0
outer1,1,76,b827,30.0,60.0,0.0,0.0,0.0,0.0,0.0,1.0,1.0,0.0
outer1,1,76,b827,30.0,90.0,0.0,0.0,0.0,0.0,0.0,1.0,1.0,0.0
outer1,1,76,b827,30.0,120.0,0.0,0.0,0.0,0.0,0.0,1.0,1.0,0.0
outer1,1,76,b827,30.0,150.0,0.0,0.0,0.0,0.0,0.0,1.0,1.0,0.0
outer1,1,76,b827,30.0,180.0,0.0,0.0,0.0,0.0,0.0,1.0,1.0,0.0
outer1,1,76,b827,30.0,210.0,0.0,0.0,0.0,0.0,0.0,1.0,1.0,0.0
outer1,1,76,b827,30.0,240.0,0.0,0.0,0.0,0.0,0.0,1.0,1.0,0.0
outer1,1,76,b827,30.0,270.0,0.0,0.0,0.0,0.0,0.0,1.0,1.0,0.0
outer1,1,76,b827,30.0,300.0,0.0,0.0,0.0,0.0,0.0,1.0,1.0,0.0
outer1,1,76,b827,30.0,330.0,0.0,0.0,0.0,0.0,0.0,1.0,1.0,0.0
outer1,1,76,b827,60.0,0.0,30.000001907348633,0.0,30.000001907348633,30.0,0.0,0.0,1.0,-1.0
outer1,1,76,b827,60.0,30.0,0.0,0.0,0.0,0.0,0.0,1.0,1.0,0.0
outer1,1,76,b827,60.0,60.0,0.0,0.0,0.0,0.0,0.0,1.0,1.0,0.0
outer1,1,76,b827,60.0,90.0,0.0,0.0,0.0,0.0,0.0,1.0,1.0,0.0
outer1,1,76,b827,60.0,120.0,0.0,0.0,0.0,0.0,0.0,1.0,1.0,0.0
outer1,1,76,b827,60.0,150.0,0.0,0.0,0.0,0.0,0.0,1.0,1.0,0.0
outer1,1,76,b827,60.0,180.0,0.0,0.0,0.0,0.0,0.0,1.0,1.0,0.0
outer1,1,76,b827,60.0,210.0,113.54812622070312,51.31781005859375,62.230316162109375,0.0,90.0,0.0,0.0,0.0
outer1,1,76,b827,60.0,240.0,0.0,25.905075073242188,-25.905075073242188,0.0,-30.0,1.0,0.0,1.0
outer1,1,76,b827,60.0,270.0,0.0,0.0,0.0,0.0,0.0,1.0,1.0,0.0
outer1,1,76,b827,60.0,300.0,0.0,0.0,0.0,0.0,0.0,1.0,1.0,0.0
outer1,1,76,b827,60.0,330.0,0.0,0.0,0.0,0.0,0.0,1.0,1.0,0.0
outer1,1,76,b827,90.0,0.0,0.0,180.0,-180.0,0.0,-180.0,1.0,0.0,1.0
outer1,1,76,b827,90.0,30.0,180.0,180.0,0.0,0.0,0.0,0.0,0.0,0.0
outer1,1,76,b827,90.0,60.0,60.000003814697266,119.99999237060547,-59.9999885559082,0.0,-60.0,0.0,0.0,0.0
outer1,1,76,b827,90.0,90.0,180.0,0.0,180.0,0.0,180.0,0.0,1.0,-1.0
outer1,1,76,b827,90.0,120.0,0.0,0.0,0.0,0.0,0.0,1.0,1.0,0.0
outer1,1,76,b827,90.0,150.0,0.0,120.00000762939453,-120.00000762939453,0.0,-120.0,1.0,0.0,1.0
outer1,1,76,b827,90.0,180.0,180.0,0.0,180.0,0.0,180.0,0.0,1.0,-1.0
outer1,1,76,b827,90.0,210.0,0.0,0.0,0.0,0.0,0.0,1.0,1.0,0.0
outer1,1,76,b827,90.0,240.0,0.0,60.000003814697266,-60.000003814697266,0.0,-60.0,1.0,0.0,1.0
outer1,1,76,b827,90.0,270.0,0.0,0.0,0.0,0.0,0.0,1.0,1.0,0.0
outer1,1,76,b827,90.0,300.0,0.0,0.0,0.0,0.0,0.0,1.0,1.0,0.0
outer1,1,76,b827,90.0,330.0,180.0,180.0,0.0,0.0,0.0,0.0,0.0,0.0
outer1,1,76,b827,120.0,0.0,0.0,29.99998664855957,-29.99998664855957,-30.0,0.0,1.0,0.0,1.0
outer1,1,76,b827,120.0,30.0,0.0,0.0,0.0,0.0,0.0,1.0,1.0,0.0
outer1,1,76,b827,120.0,60.0,0.0,0.0,0.0,0.0,0.0,1.0,1.0,0.0
outer1,1,76,b827,120.0,90.0,0.0,0.0,0.0,0.0,0.0,1.0,1.0,0.0
outer1,1,76,b827,120.0,120.0,0.0,0.0,0.0,0.0,0.0,1.0,1.0,0.0
outer1,1,76,b827,120.0,150.0,0.0,0.0,0.0,0.0,0.0,1.0,1.0,0.0
outer1,1,76,b827,120.0,180.0,0.0,0.0,0.0,0.0,0.0,1.0,1.0,0.0
outer1,1,76,b827,120.0,210.0,0.0,0.0,0.0,0.0,0.0,1.0,1.0,0.0
outer1,1,76,b827,120.0,240.0,0.0,0.0,0.0,0.0,0.0,1.0,1.0,0.0
outer1,1,76,b827,120.0,270.0,0.0,0.0,0.0,0.0,0.0,1.0,1.0,0.0
outer1,1,76,b827,120.0,300.0,0.0,0.0,0.0,0.0,0.0,1.0,1.0,0.0
outer1,1,76,b827,120.0,330.0,60.000003814697266,0.0,60.000003814697266,60.0,0.0,0.0,1.0,-1.0
outer1,1,76,b827,150.0,0.0,0.0,0.0,0.0,0.0,0.0,1.0,1.0,0.0
outer1,1,76,b827,150.0,30.0,0.0,0.0,0.0,0.0,0.0,1.0,1.0,0.0
outer1,1,76,b827,150.0,60.0,0.0,0.0,0.0,0.0,0.0,1.0,1.0,0.0
outer1,1,76,b827,150.0,90.0,0.0,0.0,0.0,0.0,0.0,1.0,1.0,0.0
outer1,1,76,b827,150.0,120.0,0.0,0.0,0.0,0.0,0.0,1.0,1.0,0.0
outer1,1,76,b827,150.0,150.0,0.0,0.0,0.0,0.0,0.0,1.0,1.0,0.0
outer1,1,76,b827,150.0,180.0,0.0,0.0,0.0,0.0,0.0,1.0,1.0,0.0
outer1,1,76,b827,150.0,210.0,0.0,0.0,0.0,0.0,0.0,1.0,1.0,0.0
outer1,1,76,b827,150.0,240.0,0.0,0.0,0.0,0.0,0.0,1.0,1.0,0.0
outer1,1,76,b827,150.0,270.0,0.0,0.0,0.0,0.0,0.0,1.0,1.0,0.0
outer1,1,76,b827,150.0,300.0,0.0,0.0,0.0,0.0,0.0,1.0,1.0,0.0
outer1,1,76,b827,150.0,330.0,0.0,14.870942115783691,-14.870942115783691,0.0,-30.0,1.0,0.0,1.0
outer1,1,76,b871,30.0,0.0,0.0,0.0,0.0,0.0,0.0,1.0,1.0,0.0
outer1,1,76,b871,30.0,30.0,0.0,0.0,0.0,0.0,0.0,1.0,1.0,0.0
outer1,1,76,b871,30.0,60.0,0.0,0.0,0.0,0.0,0.0,1.0,1.0,0.0
outer1,1,76,b871,30.0,90.0,0.0,0.0,0.0,0.0,0.0,1.0,1.0,0.0
outer1,1,76,b871,30.0,120.0,0.0,0.0,0.0,0.0,0.0,1.0,1.0,0.0
outer1,1,76,b871,30.0,150.0,0.0,0.0,0.0,0.0,0.0,1.0,1.0,0.0
outer1,1,76,b871,30.0,180.0,0.0,0.0,0.0,0.0,0.0,1.0,1.0,0.0
outer1,1,76,b871,30.0,210.0,0.0,0.0,0.0,0.0,0.0,1.0,1.0,0.0
outer1,1,76,b871,30.0,240.0,0.0,0.0,0.0,0.0,0.0,1.0,1.0,0.0
outer1,1,76,b871,30.0,270.0,0.0,0.0,0.0,0.0,0.0,1.0,1.0,0.0
outer1,1,76,b871,30.0,300.0,0.0,0.0,0.0,0.0,0.0,1.0,1.0,0.0
outer1,1,76,b871,30.0,330.0,0.0,0.0,0.0,0.0,0.0,1.0,1.0,0.0
outer1,1,76,b871,60.0,0.0,0.0,0.0,0.0,0.0,0.0,1.0,1.0,0.0
outer1,1,76,b871,60.0,30.0,0.0,0.0,0.0,0.0,0.0,1.0,1.0,0.0
outer1,1,76,b871,60.0,60.0,0.0,0.0,0.0,0.0,0.0,1.0,1.0,0.0
outer1,1,76,b871,60.0,90.0,0.0,0.0,0.0,0.0,0.0,1.0,1.0,0.0
outer1,1,76,b871,60.0,120.0,128.6822052001953,0.0,128.6822052001953,60.0,120.0,0.0,1.0,-1.0
outer1,1,76,b871,60.0,150.0,0.0,0.0,0.0,0.0,0.0,1.0,1.0,0.0
outer1,1,76,b871,60.0,180.0,0.0,0.0,0.0,0.0,0.0,1.0,1.0,0.0
outer1,1,76,b871,60.0,210.0,0.0,51.31781005859375,-51.31781005859375,0.0,-60.0,1.0,0.0,1.0
outer1,1,76,b871,60.0,240.0,0.0,25.905075073242188,-25.905075073242188,0.0,-30.0,1.0,0.0,1.0
outer1,1,76,b871,60.0,270.0,0.0,0.0,0.0,0.0,0.0,1.0,1.0,0.0
outer1,1,76,b871,60.0,300.0,0.0,0.0,0.0,0.0,0.0,1.0,1.0,0.0
outer1,1,76,b871,60.0,330.0,0.0,0.0,0.0,0.0,0.0,1.0,1.0,0.0
outer1,1,76,b871,90.0,0.0,0.0,180.0,-180.0,0.0,-180.0,1.0,0.0,1.0
outer1,1,76,b871,90.0,30.0,0.0,180.0,-180.0,0.0,-180.0,1.0,0.0,1.0
outer1,1,76,b871,90.0,60.0,60.000003814697266,60.000003814697266,0.0,0.0,0.0,0.0,0.0,0.0
outer1,1,76,b871,90.0,90.0,180.0,180.0,0.0,0.0,0.0,0.0,0.0,0.0
outer1,1,76,b871,90.0,120.0,0.0,0.0,0.0,0.0,0.0,1.0,1.0,0.0
outer1,1,76,b871,90.0,150.0,60.000003814697266,180.0,-119.99999618530273,0.0,-120.0,0.0,0.0,0.0
outer1,1,76,b871,90.0,180.0,180.0,180.0,0.0,0.0,0.0,0.0,0.0,0.0
outer1,1,76,b871,90.0,210.0,0.0,0.0,0.0,0.0,0.0,1.0,1.0,0.0
outer1,1,76,b871,90.0,240.0,60.000003814697266,60.000003814697266,0.0,0.0,0.0,0.0,0.0,0.0
outer1,1,76,b871,90.0,270.0,0.0,180.0,-180.0,0.0,-180.0,1.0,0.0,1.0
outer1,1,76,b871,90.0,300.0,0.0,0.0,0.0,0.0,0.0,1.0,1.0,0.0
outer1,1,76,b871,90.0,330.0,120.00000762939453,0.0,120.00000762939453,0.0,120.0,0.0,1.0,-1.0
outer1,1,76,b871,120.0,0.0,0.0,0.0,0.0,0.0,0.0,1.0,1.0,0.0
outer1,1,76,b871,120.0,30.0,0.0,0.0,0.0,0.0,0.0,1.0,1.0,0.0
outer1,1,76,b871,120.0,60.0,0.0,0.0,0.0,0.0,0.0,1.0,1.0,0.0
outer1,1,76,b871,120.0,90.0,0.0,0.0,0.0,0.0,0.0,1.0,1.0,0.0
outer1,1,76,b871,120.0,120.0,97.18075561523438,0.0,97.18075561523438,0.0,120.0,0.0,1.0,-1.0
outer1,1,76,b871,120.0,150.0,0.0,0.0,0.0,0.0,0.0,1.0,1.0,0.0
outer1,1,76,b871,120.0,180.0,0.0,0.0,0.0,0.0,0.0,1.0,1.0,0.0
outer1,1,76,b871,120.0,210.0,0.0,0.0,0.0,0.0,0.0,1.0,1.0,0.0
outer1,1,76,b871,120.0,240.0,0.0,0.0,0.0,0.0,0.0,1.0,1.0,0.0
outer1,1,76,b871,120.0,270.0,0.0,0.0,0.0,0.0,0.0,1.0,1.0,0.0
outer1,1,76,b871,120.0,300.0,0.0,0.0,0.0,0.0,0.0,1.0,1.0,0.0
outer1,1,76,b871,120.0,330.0,0.0,0.0,0.0,0.0,0.0,1.0,1.0,0.0
outer1,1,76,b871,150.0,0.0,0.0,0.0,0.0,0.0,0.0,1.0,1.0,0.0
outer1,1,76,b871,150.0,30.0,0.0,0.0,0.0,0.0,0.0,1.0,1.0,0.0
outer1,1,76,b871,150.0,60.0,0.0,0.0,0.0,0.0,0.0,1.0,1.0,0.0
outer1,1,76,b871,150.0,90.0,0.0,0.0,0.0,0.0,0.0,1.0,1.0,0.0
outer1,1,76,b871,150.0,120.0,0.0,0.0,0.0,0.0,0.0,1.0,1.0,0.0
outer1,1,76,b871,150.0,150.0,0.0,0.0,0.0,0.0,0.0,1.0,1.0,0.0
outer1,1,76,b871,150.0,180.0,0.0,0.0,0.0,0.0,0.0,1.0,1.0,0.0
outer1,1,76,b871,150.0,210.0,0.0,0.0,0.0,0.0,0.0,1.0,1.0,0.0
outer1,1,76,b871,150.0,240.0,0.0,0.0,0.0,0.0,0.0,1.0,1.0,0.0
outer1,1,76,b871,150.0,270.0,0.0,0.0,0.0,0.0,0.0,1.0,1.0,0.0
outer1,1,76,b871,150.0,300.0,0.0,0.0,0.0,0.0,0.0,1.0,1.0,0.0
outer1,1,76,b871,150.0,330.0,0.0,0.0,0.0,0.0,0.0,1.0,1.0,0.0
outer1,1,76,b905,30.0,0.0,0.0,0.0,0.0,0.0,0.0,1.0,1.0,0.0
outer1,1,76,b905,30.0,30.0,0.0,0.0,0.0,0.0,0.0,1.0,1.0,0.0
outer1,1,76,b905,30.0,60.0,0.0,0.0,0.0,0.0,0.0,1.0,1.0,0.0
outer1,1,76,b905,30.0,90.0,0.0,0.0,0.0,0.0,0.0,1.0,1.0,0.0
outer1,1,76,b905,30.0,120.0,0.0,0.0,0.0,0.0,0.0,1.0,1.0,0.0
outer1,1,76,b905,30.0,150.0,0.0,0.0,0.0,0.0,0.0,1.0,1.0,0.0
outer1,1,76,b905,30.0,180.0,0.0,0.0,0.0,0.0,0.0,1.0,1.0,0.0
outer1,1,76,b905,30.0,210.0,0.0,0.0,0.0,0.0,0.0,1.0,1.0,0.0
outer1,1,76,b905,30.0,240.0,0.0,0.0,0.0,0.0,0.0,1.0,1.0,0.0
outer1,1,76,b905,30.0,270.0,0.0,0.0,0.0,0.0,0.0,1.0,1.0,0.0
outer1,1,76,b905,30.0,300.0,0.0,0.0,0.0,0.0,0.0,1.0,1.0,0.0
outer1,1,76,b905,30.0,330.0,0.0,0.0,0.0,0.0,0.0,1.0,1.0,0.0
outer1,1,76,b905,60.0,0.0,0.0,0.0,0.0,0.0,0.0,1.0,1.0,0.0
outer1,1,76,b905,60.0,30.0,25.905075073242188,82.81924438476562,-56.91416931152344,-60.0,-30.0,0.0,0.0,0.0
outer1,1,76,b905,60.0,60.0,0.0,0.0,0.0,0.0,0.0,1.0,1.0,0.0
outer1,1,76,b905,60.0,90.0,0.0,0.0,0.0,0.0,0.0,1.0,1.0,0.0
outer1,1,76,b905,60.0,120.0,0.0,0.0,0.0,0.0,0.0,1.0,1.0,0.0
outer1,1,76,b905,60.0,150.0,0.0,0.0,0.0,0.0,0.0,1.0,1.0,0.0
outer1,1,76,b905,60.0,180.0,0.0,0.0,0.0,0.0,0.0,1.0,1.0,0.0
outer1,1,76,b905,60.0,210.0,0.0,0.0,0.0,0.0,0.0,1.0,1.0,0.0
outer1,1,76,b905,60.0,240.0,0.0,128.6822052001953,-128.6822052001953,-60.0,-120.0,1.0,0.0,1.0
outer1,1,76,b905,60.0,270.0,0.0,0.0,0.0,0.0,0.0,1.0,1.0,0.0
outer1,1,76,b905,60.0,300.0,0.0,0.0,0.0,0.0,0.0,1.0,1.0,0.0
outer1,1,76,b905,60.0,330.0,0.0,0.0,0.0,0.0,0.0,1.0,1.0,0.0
outer1,1,76,b905,90.0,0.0,180.0,0.0,180.0,0.0,180.0,0.0,1.0,-1.0
outer1,1,76,b905,90.0,30.0,120.00000762939453,120.00000762939453,0.0,0.0,0.0,0.0,0.0,0.0
outer1,1,76,b905,90.0,60.0,0.0,30.000001907348633,-30.000001907348633,0.0,-30.0,1.0,0.0,1.0
outer1,1,76,b905,90.0,90.0,0.0,0.0,0.0,0.0,0.0,1.0,1.0,0.0
outer1,1,76,b905,90.0,120.0,60.000003814697266,120.00000762939453,-60.000003814697266,0.0,-60.0,0.0,0.0,0.0
outer1,1,76,b905,90.0,150.0,180.0,180.0,0.0,0.0,0.0,0.0,0.0,0.0
outer1,1,76,b905,90.0,180.0,0.0,180.0,-180.0,0.0,-180.0,1.0,0.0,1.0
outer1,1,76,b905,90.0,210.0,120.00000762939453,0.0,120.00000762939453,0.0,120.0,0.0,1.0,-1.0
outer1,1,76,b905,90.0,240.0,180.0,0.0,180.0,0.0,180.0,0.0,1.0,-1.0
outer1,1,76,b905,90.0,270.0,0.0,180.0,-180.0,0.0,-180.0,1.0,0.0,1.0
outer1,1,76,b905,90.0,300.0,60.000003814697266,60.000003814697266,0.0,0.0,0.0,0.0,0.0,0.0
outer1,1,76,b905,90.0,330.0,0.0,0.0,0.0,0.0,0.0,1.0,1.0,0.0
outer1,1,76,b905,120.0,0.0,0.0,0.0,0.0,0.0,0.0,1.0,1.0,0.0
outer1,1,76,b905,120.0,30.0,0.0,0.0,0.0,0.0,0.0,1.0,1.0,0.0
outer1,1,76,b905,120.0,60.0,0.0,0.0,0.0,0.0,0.0,1.0,1.0,0.0
outer1,1,76,b905,120.0,90.0,0.0,0.0,0.0,0.0,0.0,1.0,1.0,0.0
outer1,1,76,b905,120.0,120.0,0.0,0.0,0.0,0.0,0.0,1.0,1.0,0.0
outer1,1,76,b905,120.0,150.0,0.0,0.0,0.0,0.0,0.0,1.0,1.0,0.0
outer1,1,76,b905,120.0,180.0,0.0,0.0,0.0,0.0,0.0,1.0,1.0,0.0
outer1,1,76,b905,120.0,210.0,0.0,0.0,0.0,0.0,0.0,1.0,1.0,0.0
outer1,1,76,b905,120.0,240.0,0.0,128.6822052001953,-128.6822052001953,-60.0,-120.0,1.0,0.0,1.0
outer1,1,76,b905,120.0,270.0,0.0,0.0,0.0,0.0,0.0,1.0,1.0,0.0
outer1,1,76,b905,120.0,300.0,0.0,0.0,0.0,0.0,0.0,1.0,1.0,0.0
outer1,1,76,b905,120.0,330.0,0.0,0.0,0.0,0.0,0.0,1.0,1.0,0.0
outer1,1,76,b905,150.0,0.0,0.0,0.0,0.0,0.0,0.0,1.0,1.0,0.0
outer1,1,76,b905,150.0,30.0,0.0,0.0,0.0,0.0,0.0,1.0,1.0,0.0
outer1,1,76,b905,150.0,60.0,0.0,0.0,0.0,0.0,0.0,1.0,1.0,0.0
outer1,1,76,b905,150.0,90.0,0.0,0.0,0.0,0.0,0.0,1.0,1.0,0.0
outer1,1,76,b905,150.0,120.0,0.0,0.0,0.0,0.0,0.0,1.0,1.0,0.0
outer1,1,76,b905,150.0,150.0,0.0,0.0,0.0,0.0,0.0,1.0,1.0,0.0
outer1,1,76,b905,150.0,180.0,0.0,0.0,0.0,0.0,0.0,1.0,1.0,0.0
outer1,1,76,b905,150.0,210.0,0.0,0.0,0.0,0.0,0.0,1.0,1.0,0.0
outer1,1,76,b905,150.0,240.0,0.0,0.0,0.0,0.0,0.0,1.0,1.0,0.0
outer1,1,76,b905,150.0,270.0,0.0,0.0,0.0,0.0,0.0,1.0,1.0,0.0
outer1,1,76,b905,150.0,300.0,0.0,0.0,0.0,0.0,0.0,1.0,1.0,0.0
outer1,1,76,b905,150.0,330.0,0.0,0.0,0.0,0.0,0.0,1.0,1.0,0.0
outer1,1,76,bb7d,30.0,0.0,180.0,60.000003814697266,119.99999618530273,120.0,0.0,0.0,0.0,0.0
outer1,1,76,bb7d,30.0,30.0,128.68218994140625,0.0,128.68218994140625,120.0,60.0,0.0,1.0,-1.0
outer1,1,76,bb7d,30.0,60.0,165.12905883789062,57.7581901550293,107.37086868286133,120.0,0.0,0.0,0.0,0.0
outer1,1,76,bb7d,30.0,90.0,180.0,180.0,0.0,0.0,0.0,0.0,0.0,0.0
outer1,1,76,bb7d,30.0,120.0,128.68218994140625,128.68218994140625,0.0,0.0,0.0,0.0,0.0,0.0
outer1,1,76,bb7d,30.0,150.0,151.04498291015625,128.68218994140625,22.36279296875,0.0,60.0,0.0,0.0,0.0
outer1,1,76,bb7d,30.0,180.0,120.00000762939453,180.0,-59.99999237060547,0.0,-180.0,0.0,0.0,0.0
outer1,1,76,bb7d,30.0,210.0,151.04498291015625,57.7581901550293,93.28679275512695,120.0,-30.0,0.0,0.0,0.0
outer1,1,76,bb7d,30.0,240.0,60.000003814697266,60.000003814697266,0.0,0.0,0.0,0.0,0.0,0.0
outer1,1,76,bb7d,30.0,270.0,0.0,120.00000762939453,-120.00000762939453,-120.0,0.0,1.0,0.0,1.0
outer1,1,76,bb7d,30.0,300.0,0.0,0.0,0.0,0.0,0.0,1.0,1.0,0.0
outer1,1,76,bb7d,30.0,330.0,128.68218994140625,138.59039306640625,-9.908203125,0.0,-30.0,0.0,0.0,0.0
outer1,1,76,bb7d,60.0,0.0,180.0,180.0,0.0,0.0,0.0,0.0,0.0,0.0
outer1,1,76,bb7d,60.0,30.0,82.81924438476562,82.81924438476562,0.0,0.0,0.0,0.0,0.0,0.0
outer1,1,76,bb7d,60.0,60.0,36.097782135009766,36.097782135009766,0.0,0.0,0.0,0.0,0.0,0.0
outer1,1,76,bb7d,60.0,90.0,180.0,60.000003814697266,119.99999618530273,0.0,180.0,0.0,0.0,0.0
outer1,1,76,bb7d,60.0,120.0,102.50391387939453,66.45188903808594,36.052024841308594,30.0,30.0,0.0,0.0,0.0
outer1,1,76,bb7d,60.0,150.0,128.6822052001953,82.81924438476562,45.86296081542969,0.0,60.0,0.0,0.0,0.0
outer1,1,76,bb7d,60.0,180.0,66.45188903808594,60.000003814697266,6.451885223388672,0.0,30.0,0.0,0.0,0.0
outer1,1,76,bb7d,60.0,210.0,120.00000762939453,120.00000762939453,0.0,0.0,0.0,0.0,0.0,0.0
outer1,1,76,bb7d,60.0,240.0,113.5481185913086,86.67425537109375,26.873863220214844,-30.0,0.0,0.0,0.0,0.0
outer1,1,76,bb7d,60.0,270.0,120.00000762939453,29.999998092651367,90.00000953674316,-30.0,180.0,0.0,0.0,0.0
outer1,1,76,bb7d,60.0,300.0,130.50535583496094,143.9022216796875,-13.396865844726562,0.0,-30.0,0.0,0.0,0.0
outer1,1,76,bb7d,60.0,330.0,82.81924438476562,82.81924438476562,0.0,0.0,0.0,0.0,0.0,0.0
outer1,1,76,bb7d,90.0,0.0,119.99999237060547,119.99999237060547,0.0,0.0,0.0,0.0,0.0,0.0
outer1,1,76,bb7d,90.0,30.0,138.59039306640625,90.0,48.59039306640625,0.0,60.0,0.0,0.0,0.0
outer1,1,76,bb7d,90.0,60.0,138.59039306640625,138.59039306640625,0.0,0.0,0.0,0.0,0.0,0.0
outer1,1,76,bb7d,90.0,90.0,180.0,0.0,180.0,0.0,180.0,0.0,1.0,-1.0
outer1,1,76,bb7d,90.0,120.0,138.59039306640625,138.59039306640625,0.0,0.0,0.0,0.0,0.0,0.0
outer1,1,76,bb7d,90.0,150.0,115.6589126586914,90.0,25.658912658691406,0.0,30.0,0.0,0.0,0.0
outer1,1,76,bb7d,90.0,180.0,60.000003814697266,60.000003814697266,0.0,0.0,0.0,0.0,0.0,0.0
outer1,1,76,bb7d,90.0,210.0,41.40962219238281,90.0,-48.59037780761719,0.0,-60.0,0.0,0.0,0.0
outer1,1,76,bb7d,90.0,240.0,41.40962219238281,41.40962219238281,0.0,0.0,0.0,0.0,0.0,0.0
outer1,1,76,bb7d,90.0,270.0,0.0,180.0,-180.0,0.0,-180.0,1.0,0.0,1.0
outer1,1,76,bb7d,90.0,300.0,41.40962219238281,41.40962219238281,0.0,0.0,0.0,0.0,0.0,0.0
outer1,1,76,bb7d,90.0,330.0,90.0,90.0,0.0,0.0,0.0,0.0,0.0,0.0
outer1,1,76,bb7d,120.0,0.0,154.09490966796875,120.00000762939453,34.09490203857422,60.0,-30.0,0.0,0.0,0.0
outer1,1,76,bb7d,120.0,30.0,66.45188903808594,82.81924438476562,-16.367355346679688,0.0,-30.0,0.0,0.0,0.0
outer1,1,76,bb7d,120.0,60.0,29.99998664855957,36.09777069091797,-6.097784042358398,0.0,-30.0,0.0,0.0,0.0
outer1,1,76,bb7d,120.0,90.0,60.000003814697266,180.0,-119.99999618530273,0.0,-180.0,0.0,0.0,0.0
outer1,1,76,bb7d,120.0,120.0,66.45188903808594,93.32575225830078,-26.873863220214844,-30.0,0.0,0.0,0.0,0.0
outer1,1,76,bb7d,120.0,150.0,128.6822052001953,128.6822052001953,0.0,0.0,0.0,0.0,0.0,0.0
outer1,1,76,bb7d,120.0,180.0,60.000003814697266,0.0,60.000003814697266,60.0,0.0,0.0,1.0,-1.0
outer1,1,76,bb7d,120.0,210.0,120.00000762939453,120.00000762939453,0.0,0.0,0.0,0.0,0.0,0.0
outer1,1,76,bb7d,120.0,240.0,90.0,113.54811096191406,-23.548110961914062,30.0,30.0,0.0,0.0,0.0
outer1,1,76,bb7d,120.0,270.0,60.000003814697266,30.000001907348633,30.000001907348633,30.0,0.0,0.0,0.0,0.0
outer1,1,76,bb7d,120.0,300.0,130.50535583496094,143.9022216796875,-13.396865844726562,0.0,-30.0,0.0,0.0,0.0
outer1,1,76,bb7d,120.0,330.0,82.81924438476562,82.81924438476562,0.0,0.0,0.0,0.0,0.0,0.0
outer1,1,76,bb7d,150.0,0.0,150.0,165.12905883789062,-15.129058837890625,-30.0,30.0,0.0,0.0,0.0
outer1,1,76,bb7d,150.0,30.0,0.0,0.0,0.0,0.0,0.0,1.0,1.0,0.0
outer1,1,76,bb7d,150.0,60.0,151.04498291015625,151.04498291015625,0.0,0.0,0.0,0.0,0.0,0.0
outer1,1,76,bb7d,150.0,90.0,120.00000762939453,180.0,-59.99999237060547,0.0,-180.0,0.0,0.0,0.0
outer1,1,76,bb7d,150.0,120.0,128.68218994140625,128.68218994140625,0.0,0.0,0.0,0.0,0.0,0.0
outer1,1,76,bb7d,150.0,150.0,57.7581901550293,151.04498291015625,-93.28679275512695,-120.0,30.0,0.0,0.0,0.0
outer1,1,76,bb7d,150.0,180.0,90.0,122.24180603027344,-32.24180603027344,-30.0,-30.0,0.0,0.0,0.0
outer1,1,76,bb7d,150.0,210.0,165.12905883789062,0.0,165.12905883789062,120.0,150.0,0.0,1.0,-1.0
outer1,1,76,bb7d,150.0,240.0,60.000003814697266,14.870942115783691,45.129061698913574,0.0,150.0,0.0,0.0,0.0
outer1,1,76,bb7d,150.0,270.0,0.0,0.0,0.0,0.0,0.0,1.0,1.0,0.0
outer1,1,76,bb7d,150.0,300.0,0.0,122.24180603027344,-122.24180603027344,-120.0,-30.0,1.0,0.0,1.0
outer1,1,76,bb7d,150.0,330.0,128.68218994140625,128.68218994140625,0.0,0.0,0.0,0.0,0.0,0.0
outer1,1,76,bbc6,30.0,0.0,0.0,0.0,0.0,0.0,0.0,1.0,1.0,0.0
outer1,1,76,bbc6,30.0,30.0,0.0,0.0,0.0,0.0,0.0,1.0,1.0,0.0
outer1,1,76,bbc6,30.0,60.0,0.0,0.0,0.0,0.0,0.0,1.0,1.0,0.0
outer1,1,76,bbc6,30.0,90.0,180.0,180.0,0.0,0.0,0.0,0.0,0.0,0.0
outer1,1,76,bbc6,30.0,120.0,151.04498291015625,151.04498291015625,0.0,0.0,0.0,0.0,0.0,0.0
outer1,1,76,bbc6,30.0,150.0,0.0,0.0,0.0,0.0,0.0,1.0,1.0,0.0
outer1,1,76,bbc6,30.0,180.0,0.0,14.870942115783691,-14.870942115783691,0.0,-30.0,1.0,0.0,1.0
outer1,1,76,bbc6,30.0,210.0,0.0,0.0,0.0,0.0,0.0,1.0,1.0,0.0
outer1,1,76,bbc6,30.0,240.0,0.0,0.0,0.0,0.0,0.0,1.0,1.0,0.0
outer1,1,76,bbc6,30.0,270.0,0.0,0.0,0.0,0.0,0.0,1.0,1.0,0.0
outer1,1,76,bbc6,30.0,300.0,0.0,0.0,0.0,0.0,0.0,1.0,1.0,0.0
outer1,1,76,bbc6,30.0,330.0,0.0,0.0,0.0,0.0,0.0,1.0,1.0,0.0
outer1,1,76,bbc6,60.0,0.0,30.000001907348633,30.000001907348633,0.0,0.0,0.0,0.0,0.0,0.0
outer1,1,76,bbc6,60.0,30.0,0.0,0.0,0.0,0.0,0.0,1.0,1.0,0.0
outer1,1,76,bbc6,60.0,60.0,0.0,30.000001907348633,-30.000001907348633,-30.0,0.0,1.0,0.0,1.0
outer1,1,76,bbc6,60.0,90.0,120.00000762939453,180.0,-59.99999237060547,-60.0,0.0,0.0,0.0,0.0
outer1,1,76,bbc6,60.0,120.0,128.6822052001953,128.6822052001953,0.0,0.0,0.0,0.0,0.0,0.0
outer1,1,76,bbc6,60.0,150.0,82.81924438476562,0.0,82.81924438476562,60.0,60.0,0.0,1.0,-1.0
outer1,1,76,bbc6,60.0,180.0,30.000001907348633,90.0,-59.99999809265137,-60.0,0.0,0.0,0.0,0.0
outer1,1,76,bbc6,60.0,210.0,51.31781005859375,82.81924438476562,-31.501434326171875,-60.0,0.0,0.0,0.0,0.0
outer1,1,76,bbc6,60.0,240.0,36.097782135009766,36.097782135009766,0.0,0.0,0.0,0.0,0.0,0.0
outer1,1,76,bbc6,60.0,270.0,0.0,0.0,0.0,0.0,0.0,1.0,1.0,0.0
outer1,1,76,bbc6,60.0,300.0,128.68218994140625,0.0,128.68218994140625,60.0,120.0,0.0,1.0,-1.0
outer1,1,76,bbc6,60.0,330.0,0.0,0.0,0.0,0.0,0.0,1.0,1.0,0.0
outer1,1,76,bbc6,90.0,0.0,0.0,0.0,0.0,0.0,0.0,1.0,1.0,0.0
outer1,1,76,bbc6,90.0,30.0,180.0,90.0,90.0,0.0,90.0,0.0,0.0,0.0
outer1,1,76,bbc6,90.0,60.0,138.59039306640625,119.99999237060547,18.59040069580078,30.0,30.0,0.0,0.0,0.0
outer1,1,76,bbc6,90.0,90.0,180.0,0.0,180.0,0.0,180.0,0.0,1.0,-1.0
outer1,1,76,bbc6,90.0,120.0,150.0,150.0,0.0,0.0,0.0,0.0,0.0,0.0
outer1,1,76,bbc6,90.0,150.0,180.0,180.0,0.0,0.0,0.0,0.0,0.0,0.0
outer1,1,76,bbc6,90.0,180.0,0.0,180.0,-180.0,0.0,-180.0,1.0,0.0,1.0
outer1,1,76,bbc6,90.0,210.0,0.0,0.0,0.0,0.0,0.0,1.0,1.0,0.0
outer1,1,76,bbc6,90.0,240.0,41.40962219238281,60.000003814697266,-18.590381622314453,30.0,-30.0,0.0,0.0,0.0
outer1,1,76,bbc6,90.0,270.0,0.0,180.0,-180.0,0.0,-180.0,1.0,0.0,1.0
outer1,1,76,bbc6,90.0,300.0,41.40962219238281,150.0,-108.59037780761719,0.0,-150.0,0.0,0.0,0.0
outer1,1,76,bbc6,90.0,330.0,180.0,0.0,180.0,0.0,180.0,0.0,1.0,-1.0
outer1,1,76,bbc6,120.0,0.0,29.99998664855957,29.99998664855957,0.0,0.0,0.0,0.0,0.0,0.0
outer1,1,76,bbc6,120.0,30.0,0.0,0.0,0.0,0.0,0.0,1.0,1.0,0.0
outer1,1,76,bbc6,120.0,60.0,0.0,0.0,0.0,0.0,0.0,1.0,1.0,0.0
outer1,1,76,bbc6,120.0,90.0,60.000003814697266,180.0,-119.99999618530273,0.0,-180.0,0.0,0.0,0.0
outer1,1,76,bbc6,120.0,120.0,128.6822052001953,130.50535583496094,-1.823150634765625,-30.0,0.0,0.0,0.0,0.0
outer1,1,76,bbc6,120.0,150.0,25.905075073242188,0.0,25.905075073242188,0.0,30.0,0.0,1.0,-1.0
outer1,1,76,bbc6,120.0,180.0,29.99998664855957,29.99998664855957,0.0,0.0,0.0,0.0,0.0,0.0
outer1,1,76,bbc6,120.0,210.0,0.0,66.45188903808594,-66.45188903808594,-60.0,-30.0,1.0,0.0,1.0
outer1,1,76,bbc6,120.0,240.0,36.09777069091797,36.09777069091797,0.0,0.0,0.0,0.0,0.0,0.0
outer1,1,76,bbc6,120.0,270.0,0.0,0.0,0.0,0.0,0.0,1.0,1.0,0.0
outer1,1,76,bbc6,120.0,300.0,128.68218994140625,128.68218994140625,0.0,0.0,0.0,0.0,0.0,0.0
outer1,1,76,bbc6,120.0,330.0,0.0,0.0,0.0,0.0,0.0,1.0,1.0,0.0
outer1,1,76,bbc6,150.0,0.0,0.0,0.0,0.0,0.0,0.0,1.0,1.0,0.0
outer1,1,76,bbc6,150.0,30.0,0.0,0.0,0.0,0.0,0.0,1.0,1.0,0.0
outer1,1,76,bbc6,150.0,60.0,0.0,0.0,0.0,0.0,0.0,1.0,1.0,0.0
outer1,1,76,bbc6,150.0,90.0,60.000003814697266,60.000003814697266,0.0,0.0,0.0,0.0,0.0,0.0
outer1,1,76,bbc6,150.0,120.0,151.04498291015625,151.04498291015625,0.0,0.0,0.0,0.0,0.0,0.0
outer1,1,76,bbc6,150.0,150.0,60.000003814697266,14.870942115783691,45.129061698913574,0.0,150.0,0.0,0.0,0.0
outer1,1,76,bbc6,150.0,180.0,0.0,0.0,0.0,0.0,0.0,1.0,1.0,0.0
outer1,1,76,bbc6,150.0,210.0,0.0,0.0,0.0,0.0,0.0,1.0,1.0,0.0
outer1,1,76,bbc6,150.0,240.0,0.0,0.0,0.0,0.0,0.0,1.0,1.0,0.0
outer1,1,76,bbc6,150.0,270.0,0.0,0.0,0.0,0.0,0.0,1.0,1.0,0.0
outer1,1,76,bbc6,150.0,300.0,0.0,0.0,0.0,0.0,0.0,1.0,1.0,0.0
outer1,1,76,bbc6,150.0,330.0,0.0,14.870942115783691,-14.870942115783691,0.0,-30.0,1.0,0.0,1.0
outer2,2,70,b7c1,30.0,0.0,0.0,0.0,0.0,0.0,0.0,1.0,1.0,0.0
outer2,2,70,b7c1,30.0,30.0,0.0,0.0,0.0,0.0,0.0,1.0,1.0,0.0
outer2,2,70,b7c1,30.0,60.0,0.0,0.0,0.0,0.0,0.0,1.0,1.0,0.0
outer2,2,70,b7c1,30.0,90.0,0.0,0.0,0.0,0.0,0.0,1.0,1.0,0.0
outer2,2,70,b7c1,30.0,120.0,0.0,0.0,0.0,0.0,0.0,1.0,1.0,0.0
outer2,2,70,b7c1,30.0,150.0,0.0,0.0,0.0,0.0,0.0,1.0,1.0,0.0
outer2,2,70,b7c1,30.0,180.0,0.0,0.0,0.0,0.0,0.0,1.0,1.0,0.0
outer2,2,70,b7c1,30.0,210.0,0.0,0.0,0.0,0.0,0.0,1.0,1.0,0.0
outer2,2,70,b7c1,30.0,240.0,0.0,0.0,0.0,0.0,0.0,1.0,1.0,0.0
outer2,2,70,b7c1,30.0,270.0,0.0,0.0,0.0,0.0,0.0,1.0,1.0,0.0
outer2,2,70,b7c1,30.0,300.0,0.0,0.0,0.0,0.0,0.0,1.0,1.0,0.0
outer2,2,70,b7c1,30.0,330.0,0.0,0.0,0.0,0.0,0.0,1.0,1.0,0.0
outer2,2,70,b7c1,60.0,0.0,0.0,0.0,0.0,0.0,0.0,1.0,1.0,0.0
outer2,2,70,b7c1,60.0,30.0,82.81924438476562,0.0,82.81924438476562,60.0,60.0,0.0,1.0,-1.0
outer2,2,70,b7c1,60.0,60.0,0.0,0.0,0.0,0.0,0.0,1.0,1.0,0.0
outer2,2,70,b7c1,60.0,90.0,0.0,0.0,0.0,0.0,0.0,1.0,1.0,0.0
outer2,2,70,b7c1,60.0,120.0,0.0,0.0,0.0,0.0,0.0,1.0,1.0,0.0
outer2,2,70,b7c1,60.0,150.0,0.0,0.0,0.0,0.0,0.0,1.0,1.0,0.0
outer2,2,70,b7c1,60.0,180.0,0.0,0.0,0.0,0.0,0.0,1.0,1.0,0.0
outer2,2,70,b7c1,60.0,210.0,0.0,0.0,0.0,0.0,0.0,1.0,1.0,0.0
outer2,2,70,b7c1,60.0,240.0,0.0,0.0,0.0,0.0,0.0,1.0,1.0,0.0
outer2,2,70,b7c1,60.0,270.0,0.0,0.0,0.0,0.0,0.0,1.0,1.0,0.0
outer2,2,70,b7c1,60.0,300.0,0.0,0.0,0.0,0.0,0.0,1.0,1.0,0.0
outer2,2,70,b7c1,60.0,330.0,0.0,0.0,0.0,0.0,0.0,1.0,1.0,0.0
outer2,2,70,b7c1,90.0,0.0,180.0,0.0,180.0,0.0,180.0,0.0,1.0,-1.0
outer2,2,70,b7c1,90.0,30.0,0.0,0.0,0.0,0.0,0.0,1.0,1.0,0.0
outer2,2,70,b7c1,90.0,60.0,180.0,0.0,180.0,0.0,180.0,0.0,1.0,-1.0
outer2,2,70,b7c1,90.0,90.0,180.0,0.0,180.0,0.0,180.0,0.0,1.0,-1.0
outer2,2,70,b7c1,90.0,120.0,120.00000762939453,0.0,120.00000762939453,0.0,120.0,0.0,1.0,-1.0
outer2,2,70,b7c1,90.0,150.0,60.000003814697266,120.00000762939453,-60.000003814697266,0.0,-60.0,0.0,0.0,0.0
outer2,2,70,b7c1,90.0,180.0,0.0,180.0,-180.0,0.0,-180.0,1.0,0.0,1.0
outer2,2,70,b7c1,90.0,210.0,180.0,0.0,180.0,0.0,180.0,0.0,1.0,-1.0
outer2,2,70,b7c1,90.0,240.0,0.0,0.0,0.0,0.0,0.0,1.0,1.0,0.0
outer2,2,70,b7c1,90.0,270.0,0.0,0.0,0.0,0.0,0.0,1.0,1.0,0.0
outer2,2,70,b7c1,90.0,300.0,0.0,0.0,0.0,0.0,0.0,1.0,1.0,0.0
outer2,2,70,b7c1,90.0,330.0,120.00000762939453,60.00000762939453,60.0,0.0,60.0,0.0,0.0,0.0
outer2,2,70,b7c1,120.0,0.0,0.0,0.0,0.0,0.0,0.0,1.0,1.0,0.0
outer2,2,70,b7c1,120.0,30.0,0.0,0.0,0.0,0.0,0.0,1.0,1.0,0.0
outer2,2,70,b7c1,120.0,60.0,0.0,0.0,0.0,0.0,0.0,1.0,1.0,0.0
outer2,2,70,b7c1,120.0,90.0,0.0,0.0,0.0,0.0,0.0,1.0,1.0,0.0
outer2,2,70,b7c1,120.0,120.0,0.0,0.0,0.0,0.0,0.0,1.0,1.0,0.0
outer2,2,70,b7c1,120.0,150.0,0.0,0.0,0.0,0.0,0.0,1.0,1.0,0.0
outer2,2,70,b7c1,120.0,180.0,0.0,0.0,0.0,0.0,0.0,1.0,1.0,0.0
outer2,2,70,b7c1,120.0,210.0,120.00000762939453,0.0,120.00000762939453,0.0,180.0,0.0,1.0,-1.0
outer2,2,70,b7c1,120.0,240.0,0.0,0.0,0.0,0.0,0.0,1.0,1.0,0.0
outer2,2,70,b7c1,120.0,270.0,0.0,0.0,0.0,0.0,0.0,1.0,1.0,0.0
outer2,2,70,b7c1,120.0,300.0,0.0,0.0,0.0,0.0,0.0,1.0,1.0,0.0
outer2,2,70,b7c1,120.0,330.0,0.0,0.0,0.0,0.0,0.0,1.0,1.0,0.0
outer2,2,70,b7c1,150.0,0.0,0.0,0.0,0.0,0.0,0.0,1.0,1.0,0.0
outer2,2,70,b7c1,150.0,30.0,0.0,0.0,0.0,0.0,0.0,1.0,1.0,0.0
outer2,2,70,b7c1,150.0,60.0,0.0,0.0,0.0,0.0,0.0,1.0,1.0,0.0
outer2,2,70,b7c1,150.0,90.0,0.0,0.0,0.0,0.0,0.0,1.0,1.0,0.0
outer2,2,70,b7c1,150.0,120.0,0.0,0.0,0.0,0.0,0.0,1.0,1.0,0.0
outer2,2,70,b7c1,150.0,150.0,0.0,0.0,0.0,0.0,0.0,1.0,1.0,0.0
outer2,2,70,b7c1,150.0,180.0,0.0,0.0,0.0,0.0,0.0,1.0,1.0,0.0
outer2,2,70,b7c1,150.0,210.0,0.0,0.0,0.0,0.0,0.0,1.0,1.0,0.0
outer2,2,70,b7c1,150.0,240.0,0.0,0.0,0.0,0.0,0.0,1.0,1.0,0.0
outer2,2,70,b7c1,150.0,270.0,0.0,0.0,0.0,0.0,0.0,1.0,1.0,0.0
outer2,2,70,b7c1,150.0,300.0,0.0,0.0,0.0,0.0,0.0,1.0,1.0,0.0
outer2,2,70,b7c1,150.0,330.0,0.0,0.0,0.0,0.0,0.0,1.0,1.0,0.0
outer2,2,70,b80b,30.0,0.0,0.0,0.0,0.0,0.0,0.0,1.0,1.0,0.0
outer2,2,70,b80b,30.0,30.0,0.0,0.0,0.0,0.0,0.0,1.0,1.0,0.0
outer2,2,70,b80b,30.0,60.0,0.0,0.0,0.0,0.0,0.0,1.0,1.0,0.0
outer2,2,70,b80b,30.0,90.0,0.0,0.0,0.0,0.0,0.0,1.0,1.0,0.0
outer2,2,70,b80b,30.0,120.0,0.0,0.0,0.0,0.0,0.0,1.0,1.0,0.0
outer2,2,70,b80b,30.0,150.0,0.0,0.0,0.0,0.0,0.0,1.0,1.0,0.0
outer2,2,70,b80b,30.0,180.0,0.0,0.0,0.0,0.0,0.0,1.0,1.0,0.0
outer2,2,70,b80b,30.0,210.0,0.0,0.0,0.0,0.0,0.0,1.0,1.0,0.0
outer2,2,70,b80b,30.0,240.0,0.0,0.0,0.0,0.0,0.0,1.0,1.0,0.0
outer2,2,70,b80b,30.0,270.0,0.0,0.0,0.0,0.0,0.0,1.0,1.0,0.0
outer2,2,70,b80b,30.0,300.0,0.0,0.0,0.0,0.0,0.0,1.0,1.0,0.0
outer2,2,70,b80b,30.0,330.0,0.0,0.0,0.0,0.0,0.0,1.0,1.0,0.0
outer2,2,70,b80b,60.0,0.0,0.0,0.0,0.0,0.0,0.0,1.0,1.0,0.0
outer2,2,70,b80b,60.0,30.0,0.0,0.0,0.0,0.0,0.0,1.0,1.0,0.0
outer2,2,70,b80b,60.0,60.0,0.0,0.0,0.0,0.0,0.0,1.0,1.0,0.0
outer2,2,70,b80b,60.0,90.0,0.0,0.0,0.0,0.0,0.0,1.0,1.0,0.0
outer2,2,70,b80b,60.0,120.0,0.0,0.0,0.0,0.0,0.0,1.0,1.0,0.0
outer2,2,70,b80b,60.0,150.0,0.0,0.0,0.0,0.0,0.0,1.0,1.0,0.0
outer2,2,70,b80b,60.0,180.0,0.0,0.0,0.0,0.0,0.0,1.0,1.0,0.0
outer2,2,70,b80b,60.0,210.0,0.0,0.0,0.0,0.0,0.0,1.0,1.0,0.0
outer2,2,70,b80b,60.0,240.0,0.0,0.0,0.0,0.0,0.0,1.0,1.0,0.0
outer2,2,70,b80b,60.0,270.0,0.0,0.0,0.0,0.0,0.0,1.0,1.0,0.0
outer2,2,70,b80b,60.0,300.0,0.0,0.0,0.0,0.0,0.0,1.0,1.0,0.0
outer2,2,70,b80b,60.0,330.0,0.0,0.0,0.0,0.0,0.0,1.0,1.0,0.0
outer2,2,70,b80b,90.0,0.0,180.0,0.0,180.0,0.0,180.0,0.0,1.0,-1.0
outer2,2,70,b80b,90.0,30.0,0.0,0.0,0.0,0.0,0.0,1.0,1.0,0.0
outer2,2,70,b80b,90.0,60.0,180.0,0.0,180.0,0.0,180.0,0.0,1.0,-1.0
outer2,2,70,b80b,90.0,90.0,180.0,180.0,0.0,0.0,0.0,0.0,0.0,0.0
outer2,2,70,b80b,90.0,120.0,0.0,0.0,0.0,0.0,0.0,1.0,1.0,0.0
outer2,2,70,b80b,90.0,150.0,0.0,180.0,-180.0,0.0,-180.0,1.0,0.0,1.0
outer2,2,70,b80b,90.0,180.0,0.0,0.0,0.0,0.0,0.0,1.0,1.0,0.0
outer2,2,70,b80b,90.0,210.0,0.0,0.0,0.0,0.0,0.0,1.0,1.0,0.0
outer2,2,70,b80b,90.0,240.0,0.0,0.0,0.0,0.0,0.0,1.0,1.0,0.0
outer2,2,70,b80b,90.0,270.0,0.0,0.0,0.0,0.0,0.0,1.0,1.0,0.0
outer2,2,70,b80b,90.0,300.0,0.0,0.0,0.0,0.0,0.0,1.0,1.0,0.0
outer2,2,70,b80b,90.0,330.0,180.0,180.0,0.0,0.0,0.0,0.0,0.0,0.0
outer2,2,70,b80b,120.0,0.0,0.0,0.0,0.0,0.0,0.0,1.0,1.0,0.0
outer2,2,70,b80b,120.0,30.0,0.0,0.0,0.0,0.0,0.0,1.0,1.0,0.0
outer2,2,70,b80b,120.0,60.0,0.0,0.0,0.0,0.0,0.0,1.0,1.0,0.0
outer2,2,70,b80b,120.0,90.0,0.0,0.0,0.0,0.0,0.0,1.0,1.0,0.0
outer2,2,70,b80b,120.0,120.0,0.0,0.0,0.0,0.0,0.0,1.0,1.0,0.0
outer2,2,70,b80b,120.0,150.0,0.0,0.0,0.0,0.0,0.0,1.0,1.0,0.0
outer2,2,70,b80b,120.0,180.0,0.0,0.0,0.0,0.0,0.0,1.0,1.0,0.0
outer2,2,70,b80b,120.0,210.0,0.0,0.0,0.0,0.0,0.0,1.0,1.0,0.0
outer2,2,70,b80b,120.0,240.0,0.0,0.0,0.0,0.0,0.0,1.0,1.0,0.0
outer2,2,70,b80b,120.0,270.0,0.0,0.0,0.0,0.0,0.0,1.0,1.0,0.0
outer2,2,70,b80b,120.0,300.0,0.0,0.0,0.0,0.0,0.0,1.0,1.0,0.0
outer2,2,70,b80b,120.0,330.0,0.0,0.0,0.0,0.0,0.0,1.0,1.0,0.0
outer2,2,70,b80b,150.0,0.0,0.0,0.0,0.0,0.0,0.0,1.0,1.0,0.0
outer2,2,70,b80b,150.0,30.0,0.0,0.0,0.0,0.0,0.0,1.0,1.0,0.0
outer2,2,70,b80b,150.0,60.0,0.0,0.0,0.0,0.0,0.0,1.0,1.0,0.0
outer2,2,70,b80b,150.0,90.0,0.0,0.0,0.0,0.0,0.0,1.0,1.0,0.0
outer2,2,70,b80b,150.0,120.0,0.0,0.0,0.0,0.0,0.0,1.0,1.0,0.0
outer2,2,70,b80b,150.0,150.0,0.0,0.0,0.0,0.0,0.0,1.0,1.0,0.0
outer2,2,70,b80b,150.0,180.0,0.0,0.0,0.0,0.0,0.0,1.0,1.0,0.0
outer2,2,70,b80b,150.0,210.0,0.0,0.0,0.0,0.0,0.0,1.0,1.0,0.0
outer2,2,70,b80b,150.0,240.0,0.0,0.0,0.0,0.0,0.0,1.0,1.0,0.0
outer2,2,70,b80b,150.0,270.0,0.0,0.0,0.0,0.0,0.0,1.0,1.0,0.0
outer2,2,70,b80b,150.0,300.0,0.0,0.0,0.0,0.0,0.0,1.0,1.0,0.0
outer2,2,70,b80b,150.0,330.0,0.0,0.0,0.0,0.0,0.0,1.0,1.0,0.0
outer2,2,70,b9e6,30.0,0.0,0.0,0.0,0.0,0.0,0.0,1.0,1.0,0.0
outer2,2,70,b9e6,30.0,30.0,0.0,0.0,0.0,0.0,0.0,1.0,1.0,0.0
outer2,2,70,b9e6,30.0,60.0,0.0,0.0,0.0,0.0,0.0,1.0,1.0,0.0
outer2,2,70,b9e6,30.0,90.0,0.0,0.0,0.0,0.0,0.0,1.0,1.0,0.0
outer2,2,70,b9e6,30.0,120.0,0.0,0.0,0.0,0.0,0.0,1.0,1.0,0.0
outer2,2,70,b9e6,30.0,150.0,0.0,0.0,0.0,0.0,0.0,1.0,1.0,0.0
outer2,2,70,b9e6,30.0,180.0,0.0,0.0,0.0,0.0,0.0,1.0,1.0,0.0
outer2,2,70,b9e6,30.0,210.0,0.0,0.0,0.0,0.0,0.0,1.0,1.0,0.0
outer2,2,70,b9e6,30.0,240.0,0.0,0.0,0.0,0.0,0.0,1.0,1.0,0.0
outer2,2,70,b9e6,30.0,270.0,0.0,0.0,0.0,0.0,0.0,1.0,1.0,0.0
outer2,2,70,b9e6,30.0,300.0,0.0,0.0,0.0,0.0,0.0,1.0,1.0,0.0
outer2,2,70,b9e6,30.0,330.0,0.0,0.0,0.0,0.0,0.0,1.0,1.0,0.0
outer2,2,70,b9e6,60.0,0.0,0.0,0.0,0.0,0.0,0.0,1.0,1.0,0.0
outer2,2,70,b9e6,60.0,30.0,0.0,0.0,0.0,0.0,0.0,1.0,1.0,0.0
outer2,2,70,b9e6,60.0,60.0,0.0,97.18075561523438,-97.18075561523438,0.0,-120.0,1.0,0.0,1.0
outer2,2,70,b9e6,60.0,90.0,0.0,0.0,0.0,0.0,0.0,1.0,1.0,0.0
outer2,2,70,b9e6,60.0,120.0,0.0,0.0,0.0,0.0,0.0,1.0,1.0,0.0
outer2,2,70,b9e6,60.0,150.0,0.0,0.0,0.0,0.0,0.0,1.0,1.0,0.0
outer2,2,70,b9e6,60.0,180.0,0.0,0.0,0.0,0.0,0.0,1.0,1.0,0.0
outer2,2,70,b9e6,60.0,210.0,97.1807632446289,120.00000762939453,-22.819244384765625,0.0,-60.0,0.0,0.0,0.0
outer2,2,70,b9e6,60.0,240.0,0.0,60.000003814697266,-60.000003814697266,-60.0,0.0,1.0,0.0,1.0
outer2,2,70,b9e6,60.0,270.0,0.0,0.0,0.0,0.0,0.0,1.0,1.0,0.0
outer2,2,70,b9e6,60.0,300.0,0.0,0.0,0.0,0.0,0.0,1.0,1.0,0.0
outer2,2,70,b9e6,60.0,330.0,0.0,0.0,0.0,0.0,0.0,1.0,1.0,0.0
outer2,2,70,b9e6,90.0,0.0,180.0,180.0,0.0,0.0,0.0,0.0,0.0,0.0
outer2,2,70,b9e6,90.0,30.0,180.0,0.0,180.0,0.0,180.0,0.0,1.0,-1.0
outer2,2,70,b9e6,90.0,60.0,180.0,0.0,180.0,0.0,180.0,0.0,1.0,-1.0
outer2,2,70,b9e6,90.0,90.0,180.0,0.0,180.0,0.0,180.0,0.0,1.0,-1.0
outer2,2,70,b9e6,90.0,120.0,120.00000762939453,120.00000762939453,0.0,0.0,0.0,0.0,0.0,0.0
outer2,2,70,b9e6,90.0,150.0,60.000003814697266,0.0,60.000003814697266,0.0,60.0,0.0,1.0,-1.0
outer2,2,70,b9e6,90.0,180.0,0.0,0.0,0.0,0.0,0.0,1.0,1.0,0.0
outer2,2,70,b9e6,90.0,210.0,0.0,0.0,0.0,0.0,0.0,1.0,1.0,0.0
outer2,2,70,b9e6,90.0,240.0,0.0,0.0,0.0,0.0,0.0,1.0,1.0,0.0
outer2,2,70,b9e6,90.0,270.0,0.0,0.0,0.0,0.0,0.0,1.0,1.0,0.0
outer2,2,70,b9e6,90.0,300.0,60.000003814697266,60.000003814697266,0.0,0.0,0.0,0.0,0.0,0.0
outer2,2,70,b9e6,90.0,330.0,180.0,180.0,0.0,0.0,0.0,0.0,0.0,0.0
outer2,2,70,b9e6,120.0,0.0,0.0,0.0,0.0,0.0,0.0,1.0,1.0,0.0
outer2,2,70,b9e6,120.0,30.0,0.0,0.0,0.0,0.0,0.0,1.0,1.0,0.0
outer2,2,70,b9e6,120.0,60.0,0.0,0.0,0.0,0.0,0.0,1.0,1.0,0.0
outer2,2,70,b9e6,120.0,90.0,0.0,0.0,0.0,0.0,0.0,1.0,1.0,0.0
outer2,2,70,b9e6,120.0,120.0,0.0,0.0,0.0,0.0,0.0,1.0,1.0,0.0
outer2,2,70,b9e6,120.0,150.0,0.0,0.0,0.0,0.0,0.0,1.0,1.0,0.0
outer2,2,70,b9e6,120.0,180.0,0.0,0.0,0.0,0.0,0.0,1.0,1.0,0.0
outer2,2,70,b9e6,120.0,210.0,120.00000762939453,120.00000762939453,0.0,0.0,0.0,0.0,0.0,0.0
outer2,2,70,b9e6,120.0,240.0,0.0,0.0,0.0,0.0,0.0,1.0,1.0,0.0
outer2,2,70,b9e6,120.0,270.0,0.0,0.0,0.0,0.0,0.0,1.0,1.0,0.0
outer2,2,70,b9e6,120.0,300.0,0.0,0.0,0.0,0.0,0.0,1.0,1.0,0.0
outer2,2,70,b9e6,120.0,330.0,0.0,0.0,0.0,0.0,0.0,1.0,1.0,0.0
outer2,2,70,b9e6,150.0,0.0,0.0,0.0,0.0,0.0,0.0,1.0,1.0,0.0
outer2,2,70,b9e6,150.0,30.0,0.0,0.0,0.0,0.0,0.0,1.0,1.0,0.0
outer2,2,70,b9e6,150.0,60.0,0.0,0.0,0.0,0.0,0.0,1.0,1.0,0.0
outer2,2,70,b9e6,150.0,90.0,0.0,0.0,0.0,0.0,0.0,1.0,1.0,0.0
outer2,2,70,b9e6,150.0,120.0,0.0,0.0,0.0,0.0,0.0,1.0,1.0,0.0
outer2,2,70,b9e6,150.0,150.0,0.0,0.0,0.0,0.0,0.0,1.0,1.0,0.0
outer2,2,70,b9e6,150.0,180.0,0.0,0.0,0.0,0.0,0.0,1.0,1.0,0.0
outer2,2,70,b9e6,150.0,210.0,0.0,0.0,0.0,0.0,0.0,1.0,1.0,0.0
outer2,2,70,b9e6,150.0,240.0,0.0,0.0,0.0,0.0,0.0,1.0,1.0,0.0
outer2,2,70,b9e6,150.0,270.0,0.0,0.0,0.0,0.0,0.0,1.0,1.0,0.0
outer2,2,70,b9e6,150.0,300.0,0.0,0.0,0.0,0.0,0.0,1.0,1.0,0.0
outer2,2,70,b9e6,150.0,330.0,0.0,0.0,0.0,0.0,0.0,1.0,1.0,0.0
outer2,2,70,ba0f,30.0,0.0,60.000003814697266,90.0,-29.999996185302734,-90.0,180.0,0.0,0.0,0.0
outer2,2,70,ba0f,30.0,30.0,128.68218994140625,151.04498291015625,-22.36279296875,0.0,-60.0,0.0,0.0,0.0
outer2,2,70,ba0f,30.0,60.0,122.24180603027344,14.870942115783691,107.37086391448975,120.0,0.0,0.0,0.0,0.0
outer2,2,70,ba0f,30.0,90.0,60.000003814697266,0.0,60.000003814697266,0.0,180.0,0.0,1.0,-1.0
outer2,2,70,ba0f,30.0,120.0,0.0,0.0,0.0,0.0,0.0,1.0,1.0,0.0
outer2,2,70,ba0f,30.0,150.0,60.000003814697266,60.000003814697266,0.0,0.0,0.0,0.0,0.0,0.0
outer2,2,70,ba0f,30.0,180.0,90.0,30.000001907348633,59.99999809265137,0.0,180.0,0.0,0.0,0.0
outer2,2,70,ba0f,30.0,210.0,151.04498291015625,151.04498291015625,0.0,0.0,0.0,0.0,0.0,0.0
outer2,2,70,ba0f,30.0,240.0,165.12905883789062,151.04498291015625,14.084075927734375,0.0,30.0,0.0,0.0,0.0
outer2,2,70,ba0f,30.0,270.0,122.24180603027344,120.00000762939453,2.2417984008789062,0.0,30.0,0.0,0.0,0.0
outer2,2,70,ba0f,30.0,300.0,60.000003814697266,60.000003814697266,0.0,0.0,0.0,0.0,0.0,0.0
outer2,2,70,ba0f,30.0,330.0,0.0,0.0,0.0,0.0,0.0,1.0,1.0,0.0
outer2,2,70,ba0f,60.0,0.0,30.000001907348633,0.0,30.000001907348633,30.0,0.0,0.0,1.0,-1.0
outer2,2,70,ba0f,60.0,30.0,120.00000762939453,0.0,120.00000762939453,0.0,180.0,0.0,1.0,-1.0
outer2,2,70,ba0f,60.0,60.0,120.00000762939453,0.0,120.00000762939453,0.0,180.0,0.0,1.0,-1.0
outer2,2,70,ba0f,60.0,90.0,0.0,0.0,0.0,0.0,0.0,1.0,1.0,0.0
outer2,2,70,ba0f,60.0,120.0,113.5481185913086,113.5481185913086,0.0,0.0,0.0,0.0,0.0,0.0
outer2,2,70,ba0f,60.0,150.0,120.00000762939453,120.00000762939453,0.0,0.0,0.0,0.0,0.0,0.0
outer2,2,70,ba0f,60.0,180.0,60.000003814697266,0.0,60.000003814697266,60.0,0.0,0.0,1.0,-1.0
outer2,2,70,ba0f,60.0,210.0,0.0,128.6822052001953,-128.6822052001953,-60.0,-120.0,1.0,0.0,1.0
outer2,2,70,ba0f,60.0,240.0,113.54812622070312,41.40962219238281,72.13850402832031,-30.0,120.0,0.0,0.0,0.0
outer2,2,70,ba0f,60.0,270.0,29.999998092651367,41.40962219238281,-11.409624099731445,0.0,-30.0,0.0,0.0,0.0
outer2,2,70,ba0f,60.0,300.0,82.81924438476562,66.45188903808594,16.367355346679688,0.0,30.0,0.0,0.0,0.0
outer2,2,70,ba0f,60.0,330.0,0.0,97.1807632446289,-97.1807632446289,0.0,-120.0,1.0,0.0,1.0
outer2,2,70,ba0f,90.0,0.0,180.0,180.0,0.0,0.0,0.0,0.0,0.0,0.0
outer2,2,70,ba0f,90.0,30.0,120.00000762939453,60.00000762939453,60.0,0.0,60.0,0.0,0.0,0.0
outer2,2,70,ba0f,90.0,60.0,180.0,180.0,0.0,0.0,0.0,0.0,0.0,0.0
outer2,2,70,ba0f,90.0,90.0,180.0,180.0,0.0,0.0,0.0,0.0,0.0,0.0
outer2,2,70,ba0f,90.0,120.0,0.0,0.0,0.0,0.0,0.0,1.0,1.0,0.0
outer2,2,70,ba0f,90.0,150.0,30.000001907348633,180.0,-149.99999809265137,0.0,-150.0,0.0,0.0,0.0
outer2,2,70,ba0f,90.0,180.0,0.0,0.0,0.0,0.0,0.0,1.0,1.0,0.0
outer2,2,70,ba0f,90.0,210.0,60.000003814697266,120.00000762939453,-60.000003814697266,0.0,-60.0,0.0,0.0,0.0
outer2,2,70,ba0f,90.0,240.0,0.0,0.0,0.0,0.0,0.0,1.0,1.0,0.0
outer2,2,70,ba0f,90.0,270.0,0.0,0.0,0.0,0.0,0.0,1.0,1.0,0.0
outer2,2,70,ba0f,90.0,300.0,180.0,60.000003814697266,119.99999618530273,0.0,120.0,0.0,0.0,0.0
outer2,2,70,ba0f,90.0,330.0,150.0,180.0,-30.0,0.0,-30.0,0.0,0.0,0.0
outer2,2,70,ba0f,120.0,0.0,0.0,0.0,0.0,0.0,0.0,1.0,1.0,0.0
outer2,2,70,ba0f,120.0,30.0,0.0,0.0,0.0,0.0,0.0,1.0,1.0,0.0
outer2,2,70,ba0f,120.0,60.0,0.0,60.000003814697266,-60.000003814697266,-60.0,0.0,1.0,0.0,1.0
outer2,2,70,ba0f,120.0,90.0,25.905075073242188,30.000001907348633,-4.094926834106445,-30.0,30.0,0.0,0.0,0.0
outer2,2,70,ba0f,120.0,120.0,113.54811096191406,120.00000762939453,-6.451896667480469,0.0,-30.0,0.0,0.0,0.0
outer2,2,70,ba0f,120.0,150.0,120.00000762939453,120.00000762939453,0.0,0.0,0.0,0.0,0.0,0.0
outer2,2,70,ba0f,120.0,180.0,60.000003814697266,0.0,60.000003814697266,60.0,0.0,0.0,1.0,-1.0
outer2,2,70,ba0f,120.0,210.0,82.81924438476562,60.000003814697266,22.81924057006836,0.0,60.0,0.0,0.0,0.0
outer2,2,70,ba0f,120.0,240.0,60.000003814697266,25.905075073242188,34.09492874145508,60.0,-30.0,0.0,0.0,0.0
outer2,2,70,ba0f,120.0,270.0,66.45188903808594,30.000001907348633,36.451887130737305,30.0,30.0,0.0,0.0,0.0
outer2,2,70,ba0f,120.0,300.0,128.68218994140625,60.000003814697266,68.68218612670898,0.0,120.0,0.0,0.0,0.0
outer2,2,70,ba0f,120.0,330.0,128.6822052001953,0.0,128.6822052001953,60.0,120.0,0.0,1.0,-1.0
outer2,2,70,ba0f,150.0,0.0,90.0,90.0,0.0,0.0,0.0,0.0,0.0,0.0
outer2,2,70,ba0f,150.0,30.0,151.04498291015625,128.68218994140625,22.36279296875,0.0,60.0,0.0,0.0,0.0
outer2,2,70,ba0f,150.0,60.0,122.24180603027344,165.12905883789062,-42.88725280761719,0.0,-120.0,0.0,0.0,0.0
outer2,2,70,ba0f,150.0,90.0,60.000003814697266,60.000003814697266,0.0,0.0,0.0,0.0,0.0,0.0
outer2,2,70,ba0f,150.0,120.0,0.0,0.0,0.0,0.0,0.0,1.0,1.0,0.0
outer2,2,70,ba0f,150.0,150.0,60.000003814697266,0.0,60.000003814697266,0.0,180.0,0.0,1.0,-1.0
outer2,2,70,ba0f,150.0,180.0,150.0,86.67424774169922,63.32575225830078,60.0,30.0,0.0,0.0,0.0
outer2,2,70,ba0f,150.0,210.0,151.04498291015625,151.04498291015625,0.0,0.0,0.0,0.0,0.0,0.0
outer2,2,70,ba0f,150.0,240.0,122.24180603027344,151.04498291015625,-28.803176879882812,0.0,-90.0,0.0,0.0,0.0
outer2,2,70,ba0f,150.0,270.0,120.00000762939453,0.0,120.00000762939453,120.0,0.0,0.0,1.0,-1.0
outer2,2,70,ba0f,150.0,300.0,57.7581901550293,60.000003814697266,-2.2418136596679688,0.0,-30.0,0.0,0.0,0.0
outer2,2,70,ba0f,150.0,330.0,0.0,0.0,0.0,0.0,0.0,1.0,1.0,0.0
outer2,2,70,bb7c,30.0,0.0,0.0,0.0,0.0,0.0,0.0,1.0,1.0,0.0
outer2,2,70,bb7c,30.0,30.0,0.0,0.0,0.0,0.0,0.0,1.0,1.0,0.0
outer2,2,70,bb7c,30.0,60.0,0.0,0.0,0.0,0.0,0.0,1.0,1.0,0.0
outer2,2,70,bb7c,30.0,90.0,0.0,0.0,0.0,0.0,0.0,1.0,1.0,0.0
outer2,2,70,bb7c,30.0,120.0,0.0,0.0,0.0,0.0,0.0,1.0,1.0,0.0
outer2,2,70,bb7c,30.0,150.0,0.0,0.0,0.0,0.0,0.0,1.0,1.0,0.0
outer2,2,70,bb7c,30.0,180.0,0.0,0.0,0.0,0.0,0.0,1.0,1.0,0.0
outer2,2,70,bb7c,30.0,210.0,0.0,0.0,0.0,0.0,0.0,1.0,1.0,0.0
outer2,2,70,bb7c,30.0,240.0,0.0,0.0,0.0,0.0,0.0,1.0,1.0,0.0
outer2,2,70,bb7c,30.0,270.0,0.0,0.0,0.0,0.0,0.0,1.0,1.0,0.0
outer2,2,70,bb7c,30.0,300.0,0.0,0.0,0.0,0.0,0.0,1.0,1.0,0.0
outer2,2,70,bb7c,30.0,330.0,0.0,0.0,0.0,0.0,0.0,1.0,1.0,0.0
outer2,2,70,bb7c,60.0,0.0,0.0,0.0,0.0,0.0,0.0,1.0,1.0,0.0
outer2,2,70,bb7c,60.0,30.0,0.0,0.0,0.0,0.0,0.0,1.0,1.0,0.0
outer2,2,70,bb7c,60.0,60.0,0.0,0.0,0.0,0.0,0.0,1.0,1.0,0.0
outer2,2,70,bb7c,60.0,90.0,0.0,0.0,0.0,0.0,0.0,1.0,1.0,0.0
outer2,2,70,bb7c,60.0,120.0,0.0,0.0,0.0,0.0,0.0,1.0,1.0,0.0
outer2,2,70,bb7c,60.0,150.0,0.0,0.0,0.0,0.0,0.0,1.0,1.0,0.0
outer2,2,70,bb7c,60.0,180.0,0.0,0.0,0.0,0.0,0.0,1.0,1.0,0.0
outer2,2,70,bb7c,60.0,210.0,66.45188903808594,25.905075073242188,40.54681396484375,60.0,0.0,0.0,0.0,0.0
outer2,2,70,bb7c,60.0,240.0,0.0,0.0,0.0,0.0,0.0,1.0,1.0,0.0
outer2,2,70,bb7c,60.0,270.0,29.999998092651367,120.00000762939453,-90.00000953674316,30.0,-180.0,0.0,0.0,0.0
outer2,2,70,bb7c,60.0,300.0,25.905075073242188,0.0,25.905075073242188,0.0,30.0,0.0,1.0,-1.0
outer2,2,70,bb7c,60.0,330.0,0.0,0.0,0.0,0.0,0.0,1.0,1.0,0.0
outer2,2,70,bb7c,90.0,0.0,180.0,0.0,180.0,0.0,180.0,0.0,1.0,-1.0
outer2,2,70,bb7c,90.0,30.0,180.0,0.0,180.0,0.0,180.0,0.0,1.0,-1.0
outer2,2,70,bb7c,90.0,60.0,180.0,0.0,180.0,0.0,180.0,0.0,1.0,-1.0
outer2,2,70,bb7c,90.0,90.0,180.0,0.0,180.0,0.0,180.0,0.0,1.0,-1.0
outer2,2,70,bb7c,90.0,120.0,180.0,0.0,180.0,0.0,180.0,0.0,1.0,-1.0
outer2,2,70,bb7c,90.0,150.0,0.0,180.0,-180.0,0.0,-180.0,1.0,0.0,1.0
outer2,2,70,bb7c,90.0,180.0,0.0,180.0,-180.0,0.0,-180.0,1.0,0.0,1.0
outer2,2,70,bb7c,90.0,210.0,0.0,180.0,-180.0,0.0,-180.0,1.0,0.0,1.0
outer2,2,70,bb7c,90.0,240.0,0.0,120.00000762939453,-120.00000762939453,0.0,-120.0,1.0,0.0,1.0
outer2,2,70,bb7c,90.0,270.0,0.0,0.0,0.0,0.0,0.0,1.0,1.0,0.0
outer2,2,70,bb7c,90.0,300.0,0.0,180.0,-180.0,0.0,-180.0,1.0,0.0,1.0
outer2,2,70,bb7c,90.0,330.0,180.0,0.0,180.0,0.0,180.0,0.0,1.0,-1.0
outer2,2,70,bb7c,120.0,0.0,0.0,0.0,0.0,0.0,0.0,1.0,1.0,0.0
outer2,2,70,bb7c,120.0,30.0,0.0,0.0,0.0,0.0,0.0,1.0,1.0,0.0
outer2,2,70,bb7c,120.0,60.0,0.0,0.0,0.0,0.0,0.0,1.0,1.0,0.0
outer2,2,70,bb7c,120.0,90.0,0.0,29.99998664855957,-29.99998664855957,-30.0,0.0,1.0,0.0,1.0
outer2,2,70,bb7c,120.0,120.0,0.0,0.0,0.0,0.0,0.0,1.0,1.0,0.0
outer2,2,70,bb7c,120.0,150.0,0.0,0.0,0.0,0.0,0.0,1.0,1.0,0.0
outer2,2,70,bb7c,120.0,180.0,0.0,0.0,0.0,0.0,0.0,1.0,1.0,0.0
outer2,2,70,bb7c,120.0,210.0,0.0,0.0,0.0,0.0,0.0,1.0,1.0,0.0
outer2,2,70,bb7c,120.0,240.0,60.000003814697266,128.6822052001953,-68.68220138549805,0.0,-120.0,0.0,0.0,0.0
outer2,2,70,bb7c,120.0,270.0,120.00000762939453,120.00000762939453,0.0,0.0,0.0,0.0,0.0,0.0
outer2,2,70,bb7c,120.0,300.0,0.0,0.0,0.0,0.0,0.0,1.0,1.0,0.0
outer2,2,70,bb7c,120.0,330.0,0.0,0.0,0.0,0.0,0.0,1.0,1.0,0.0
outer2,2,70,bb7c,150.0,0.0,0.0,0.0,0.0,0.0,0.0,1.0,1.0,0.0
outer2,2,70,bb7c,150.0,30.0,0.0,0.0,0.0,0.0,0.0,1.0,1.0,0.0
outer2,2,70,bb7c,150.0,60.0,0.0,0.0,0.0,0.0,0.0,1.0,1.0,0.0
outer2,2,70,bb7c,150.0,90.0,0.0,0.0,0.0,0.0,0.0,1.0,1.0,0.0
outer2,2,70,bb7c,150.0,120.0,0.0,0.0,0.0,0.0,0.0,1.0,1.0,0.0
outer2,2,70,bb7c,150.0,150.0,0.0,0.0,0.0,0.0,0.0,1.0,1.0,0.0
outer2,2,70,bb7c,150.0,180.0,60.000003814697266,0.0,60.000003814697266,0.0,180.0,0.0,1.0,-1.0
outer2,2,70,bb7c,150.0,210.0,0.0,0.0,0.0,0.0,0.0,1.0,1.0,0.0
outer2,2,70,bb7c,150.0,240.0,0.0,14.870942115783691,-14.870942115783691,0.0,-30.0,1.0,0.0,1.0
outer2,2,70,bb7c,150.0,270.0,0.0,0.0,0.0,0.0,0.0,1.0,1.0,0.0
outer2,2,70,bb7c,150.0,300.0,0.0,0.0,0.0,0.0,0.0,1.0,1.0,0.0
outer2,2,70,bb7c,150.0,330.0,0.0,0.0,0.0,0.0,0.0,1.0,1.0,0.0
outer2,2,71,b7c1,30.0,0.0,0.0,0.0,0.0,0.0,0.0,1.0,1.0,0.0
outer2,2,71,b7c1,30.0,30.0,0.0,0.0,0.0,0.0,0.0,1.0,1.0,0.0
outer2,2,71,b7c1,30.0,60.0,0.0,0.0,0.0,0.0,0.0,1.0,1.0,0.0
outer2,2,71,b7c1,30.0,90.0,0.0,0.0,0.0,0.0,0.0,1.0,1.0,0.0
outer2,2,71,b7c1,30.0,120.0,0.0,0.0,0.0,0.0,0.0,1.0,1.0,0.0
outer2,2,71,b7c1,30.0,150.0,0.0,0.0,0.0,0.0,0.0,1.0,1.0,0.0
outer2,2,71,b7c1,30.0,180.0,0.0,0.0,0.0,0.0,0.0,1.0,1.0,0.0
outer2,2,71,b7c1,30.0,210.0,0.0,0.0,0.0,0.0,0.0,1.0,1.0,0.0
outer2,2,71,b7c1,30.0,240.0,0.0,0.0,0.0,0.0,0.0,1.0,1.0,0.0
outer2,2,71,b7c1,30.0,270.0,0.0,0.0,0.0,0.0,0.0,1.0,1.0,0.0
outer2,2,71,b7c1,30.0,300.0,0.0,0.0,0.0,0.0,0.0,1.0,1.0,0.0
outer2,2,71,b7c1,30.0,330.0,0.0,0.0,0.0,0.0,0.0,1.0,1.0,0.0
outer2,2,71,b7c1,60.0,0.0,0.0,0.0,0.0,0.0,0.0,1.0,1.0,0.0
outer2,2,71,b7c1,60.0,30.0,0.0,25.905075073242188,-25.905075073242188,0.0,-30.0,1.0,0.0,1.0
outer2,2,71,b7c1,60.0,60.0,0.0,0.0,0.0,0.0,0.0,1.0,1.0,0.0
outer2,2,71,b7c1,60.0,90.0,0.0,0.0,0.0,0.0,0.0,1.0,1.0,0.0
outer2,2,71,b7c1,60.0,120.0,0.0,0.0,0.0,0.0,0.0,1.0,1.0,0.0
outer2,2,71,b7c1,60.0,150.0,60.000003814697266,0.0,60.000003814697266,60.0,0.0,0.0,1.0,-1.0
outer2,2,71,b7c1,60.0,180.0,0.0,0.0,0.0,0.0,0.0,1.0,1.0,0.0
outer2,2,71,b7c1,60.0,210.0,0.0,0.0,0.0,0.0,0.0,1.0,1.0,0.0
outer2,2,71,b7c1,60.0,240.0,0.0,0.0,0.0,0.0,0.0,1.0,1.0,0.0
outer2,2,71,b7c1,60.0,270.0,0.0,0.0,0.0,0.0,0.0,1.0,1.0,0.0
outer2,2,71,b7c1,60.0,300.0,0.0,0.0,0.0,0.0,0.0,1.0,1.0,0.0
outer2,2,71,b7c1,60.0,330.0,0.0,0.0,0.0,0.0,0.0,1.0,1.0,0.0
outer2,2,71,b7c1,90.0,0.0,180.0,180.0,0.0,0.0,0.0,0.0,0.0,0.0
outer2,2,71,b7c1,90.0,30.0,0.0,0.0,0.0,0.0,0.0,1.0,1.0,0.0
outer2,2,71,b7c1,90.0,60.0,180.0,0.0,180.0,0.0,180.0,0.0,1.0,-1.0
outer2,2,71,b7c1,90.0,90.0,0.0,180.0,-180.0,0.0,-180.0,1.0,0.0,1.0
outer2,2,71,b7c1,90.0,120.0,60.000003814697266,60.000003814697266,0.0,0.0,0.0,0.0,0.0,0.0
outer2,2,71,b7c1,90.0,150.0,60.000003814697266,0.0,60.000003814697266,0.0,60.0,0.0,1.0,-1.0
outer2,2,71,b7c1,90.0,180.0,180.0,180.0,0.0,0.0,0.0,0.0,0.0,0.0
outer2,2,71,b7c1,90.0,210.0,180.0,180.0,0.0,0.0,0.0,0.0,0.0,0.0
outer2,2,71,b7c1,90.0,240.0,0.0,0.0,0.0,0.0,0.0,1.0,1.0,0.0
outer2,2,71,b7c1,90.0,270.0,180.0,0.0,180.0,0.0,180.0,0.0,1.0,-1.0
outer2,2,71,b7c1,90.0,300.0,0.0,180.0,-180.0,0.0,-180.0,1.0,0.0,1.0
outer2,2,71,b7c1,90.0,330.0,120.00000762939453,180.0,-59.99999237060547,0.0,-60.0,0.0,0.0,0.0
outer2,2,71,b7c1,120.0,0.0,0.0,0.0,0.0,0.0,0.0,1.0,1.0,0.0
outer2,2,71,b7c1,120.0,30.0,0.0,0.0,0.0,0.0,0.0,1.0,1.0,0.0
outer2,2,71,b7c1,120.0,60.0,0.0,0.0,0.0,0.0,0.0,1.0,1.0,0.0
outer2,2,71,b7c1,120.0,90.0,0.0,0.0,0.0,0.0,0.0,1.0,1.0,0.0
outer2,2,71,b7c1,120.0,120.0,0.0,0.0,0.0,0.0,0.0,1.0,1.0,0.0
outer2,2,71,b7c1,120.0,150.0,0.0,0.0,0.0,0.0,0.0,1.0,1.0,0.0
outer2,2,71,b7c1,120.0,180.0,0.0,0.0,0.0,0.0,0.0,1.0,1.0,0.0
outer2,2,71,b7c1,120.0,210.0,120.00000762939453,0.0,120.00000762939453,0.0,180.0,0.0,1.0,-1.0
outer2,2,71,b7c1,120.0,240.0,0.0,0.0,0.0,0.0,0.0,1.0,1.0,0.0
outer2,2,71,b7c1,120.0,270.0,0.0,0.0,0.0,0.0,0.0,1.0,1.0,0.0
outer2,2,71,b7c1,120.0,300.0,0.0,0.0,0.0,0.0,0.0,1.0,1.0,0.0
outer2,2,71,b7c1,120.0,330.0,0.0,0.0,0.0,0.0,0.0,1.0,1.0,0.0
outer2,2,71,b7c1,150.0,0.0,0.0,0.0,0.0,0.0,0.0,1.0,1.0,0.0
outer2,2,71,b7c1,150.0,30.0,0.0,0.0,0.0,0.0,0.0,1.0,1.0,0.0
outer2,2,71,b7c1,150.0,60.0,0.0,0.0,0.0,0.0,0.0,1.0,1.0,0.0
outer2,2,71,b7c1,150.0,90.0,0.0,0.0,0.0,0.0,0.0,1.0,1.0,0.0
outer2,2,71,b7c1,150.0,120.0,0.0,0.0,0.0,0.0,0.0,1.0,1.0,0.0
outer2,2,71,b7c1,150.0,150.0,0.0,0.0,0.0,0.0,0.0,1.0,1.0,0.0
outer2,2,71,b7c1,150.0,180.0,0.0,0.0,0.0,0.0,0.0,1.0,1.0,0.0
outer2,2,71,b7c1,150.0,210.0,0.0,0.0,0.0,0.0,0.0,1.0,1.0,0.0
outer2,2,71,b7c1,150.0,240.0,0.0,0.0,0.0,0.0,0.0,1.0,1.0,0.0
outer2,2,71,b7c1,150.0,270.0,0.0,0.0,0.0,0.0,0.0,1.0,1.0,0.0
outer2,2,71,b7c1,150.0,300.0,0.0,0.0,0.0,0.0,0.0,1.0,1.0,0.0
outer2,2,71,b7c1,150.0,330.0,0.0,0.0,0.0,0.0,0.0,1.0,1.0,0.0
outer2,2,71,b80b,30.0,0.0,0.0,0.0,0.0,0.0,0.0,1.0,1.0,0.0
outer2,2,71,b80b,30.0,30.0,0.0,0.0,0.0,0.0,0.0,1.0,1.0,0.0
outer2,2,71,b80b,30.0,60.0,0.0,0.0,0.0,0.0,0.0,1.0,1.0,0.0
outer2,2,71,b80b,30.0,90.0,0.0,0.0,0.0,0.0,0.0,1.0,1.0,0.0
outer2,2,71,b80b,30.0,120.0,0.0,0.0,0.0,0.0,0.0,1.0,1.0,0.0
outer2,2,71,b80b,30.0,150.0,0.0,0.0,0.0,0.0,0.0,1.0,1.0,0.0
outer2,2,71,b80b,30.0,180.0,0.0,0.0,0.0,0.0,0.0,1.0,1.0,0.0
outer2,2,71,b80b,30.0,210.0,0.0,0.0,0.0,0.0,0.0,1.0,1.0,0.0
outer2,2,71,b80b,30.0,240.0,0.0,0.0,0.0,0.0,0.0,1.0,1.0,0.0
outer2,2,71,b80b,30.0,270.0,0.0,0.0,0.0,0.0,0.0,1.0,1.0,0.0
outer2,2,71,b80b,30.0,300.0,0.0,0.0,0.0,0.0,0.0,1.0,1.0,0.0
outer2,2,71,b80b,30.0,330.0,0.0,0.0,0.0,0.0,0.0,1.0,1.0,0.0
outer2,2,71,b80b,60.0,0.0,0.0,0.0,0.0,0.0,0.0,1.0,1.0,0.0
outer2,2,71,b80b,60.0,30.0,0.0,0.0,0.0,0.0,0.0,1.0,1.0,0.0
outer2,2,71,b80b,60.0,60.0,0.0,0.0,0.0,0.0,0.0,1.0,1.0,0.0
outer2,2,71,b80b,60.0,90.0,0.0,0.0,0.0,0.0,0.0,1.0,1.0,0.0
outer2,2,71,b80b,60.0,120.0,0.0,0.0,0.0,0.0,0.0,1.0,1.0,0.0
outer2,2,71,b80b,60.0,150.0,0.0,0.0,0.0,0.0,0.0,1.0,1.0,0.0
outer2,2,71,b80b,60.0,180.0,0.0,0.0,0.0,0.0,0.0,1.0,1.0,0.0
outer2,2,71,b80b,60.0,210.0,0.0,0.0,0.0,0.0,0.0,1.0,1.0,0.0
outer2,2,71,b80b,60.0,240.0,0.0,0.0,0.0,0.0,0.0,1.0,1.0,0.0
outer2,2,71,b80b,60.0,270.0,0.0,0.0,0.0,0.0,0.0,1.0,1.0,0.0
outer2,2,71,b80b,60.0,300.0,0.0,0.0,0.0,0.0,0.0,1.0,1.0,0.0
outer2,2,71,b80b,60.0,330.0,0.0,0.0,0.0,0.0,0.0,1.0,1.0,0.0
outer2,2,71,b80b,90.0,0.0,180.0,0.0,180.0,0.0,180.0,0.0,1.0,-1.0
outer2,2,71,b80b,90.0,30.0,0.0,0.0,0.0,0.0,0.0,1.0,1.0,0.0
outer2,2,71,b80b,90.0,60.0,0.0,0.0,0.0,0.0,0.0,1.0,1.0,0.0
outer2,2,71,b80b,90.0,90.0,0.0,0.0,0.0,0.0,0.0,1.0,1.0,0.0
outer2,2,71,b80b,90.0,120.0,0.0,0.0,0.0,0.0,0.0,1.0,1.0,0.0
outer2,2,71,b80b,90.0,150.0,0.0,0.0,0.0,0.0,0.0,1.0,1.0,0.0
outer2,2,71,b80b,90.0,180.0,0.0,0.0,0.0,0.0,0.0,1.0,1.0,0.0
outer2,2,71,b80b,90.0,210.0,0.0,0.0,0.0,0.0,0.0,1.0,1.0,0.0
outer2,2,71,b80b,90.0,240.0,0.0,0.0,0.0,0.0,0.0,1.0,1.0,0.0
outer2,2,71,b80b,90.0,270.0,0.0,0.0,0.0,0.0,0.0,1.0,1.0,0.0
outer2,2,71,b80b,90.0,300.0,0.0,0.0,0.0,0.0,0.0,1.0,1.0,0.0
outer2,2,71,b80b,90.0,330.0,0.0,0.0,0.0,0.0,0.0,1.0,1.0,0.0
outer2,2,71,b80b,120.0,0.0,0.0,0.0,0.0,0.0,0.0,1.0,1.0,0.0
outer2,2,71,b80b,120.0,30.0,0.0,0.0,0.0,0.0,0.0,1.0,1.0,0.0
outer2,2,71,b80b,120.0,60.0,0.0,0.0,0.0,0.0,0.0,1.0,1.0,0.0
outer2,2,71,b80b,120.0,90.0,0.0,0.0,0.0,0.0,0.0,1.0,1.0,0.0
outer2,2,71,b80b,120.0,120.0,0.0,0.0,0.0,0.0,0.0,1.0,1.0,0.0
outer2,2,71,b80b,120.0,150.0,0.0,0.0,0.0,0.0,0.0,1.0,1.0,0.0
outer2,2,71,b80b,120.0,180.0,0.0,0.0,0.0,0.0,0.0,1.0,1.0,0.0
outer2,2,71,b80b,120.0,210.0,0.0,0.0,0.0,0.0,0.0,1.0,1.0,0.0
outer2,2,71,b80b,120.0,240.0,0.0,0.0,0.0,0.0,0.0,1.0,1.0,0.0
outer2,2,71,b80b,120.0,270.0,0.0,0.0,0.0,0.0,0.0,1.0,1.0,0.0
outer2,2,71,b80b,120.0,300.0,0.0,0.0,0.0,0.0,0.0,1.0,1.0,0.0
outer2,2,71,b80b,120.0,330.0,0.0,0.0,0.0,0.0,0.0,1.0,1.0,0.0
outer2,2,71,b80b,150.0,0.0,0.0,0.0,0.0,0.0,0.0,1.0,1.0,0.0
outer2,2,71,b80b,150.0,30.0,0.0,0.0,0.0,0.0,0.0,1.0,1.0,0.0
outer2,2,71,b80b,150.0,60.0,0.0,0.0,0.0,0.0,0.0,1.0,1.0,0.0
outer2,2,71,b80b,150.0,90.0,0.0,0.0,0.0,0.0,0.0,1.0,1.0,0.0
outer2,2,71,b80b,150.0,120.0,0.0,0.0,0.0,0.0,0.0,1.0,1.0,0.0
outer2,2,71,b80b,150.0,150.0,0.0,0.0,0.0,0.0,0.0,1.0,1.0,0.0
outer2,2,71,b80b,150.0,180.0,0.0,0.0,0.0,0.0,0.0,1.0,1.0,0.0
outer2,2,71,b80b,150.0,210.0,0.0,0.0,0.0,0.0,0.0,1.0,1.0,0.0
outer2,2,71,b80b,150.0,240.0,0.0,0.0,0.0,0.0,0.0,1.0,1.0,0.0
outer2,2,71,b80b,150.0,270.0,0.0,0.0,0.0,0.0,0.0,1.0,1.0,0.0
outer2,2,71,b80b,150.0,300.0,0.0,0.0,0.0,0.0,0.0,1.0,1.0,0.0
outer2,2,71,b80b,150.0,330.0,0.0,0.0,0.0,0.0,0.0,1.0,1.0,0.0
outer2,2,71,b9e6,30.0,0.0,0.0,0.0,0.0,0.0,0.0,1.0,1.0,0.0
outer2,2,71,b9e6,30.0,30.0,0.0,0.0,0.0,0.0,0.0,1.0,1.0,0.0
outer2,2,71,b9e6,30.0,60.0,0.0,0.0,0.0,0.0,0.0,1.0,1.0,0.0
outer2,2,71,b9e6,30.0,90.0,0.0,0.0,0.0,0.0,0.0,1.0,1.0,0.0
outer2,2,71,b9e6,30.0,120.0,0.0,0.0,0.0,0.0,0.0,1.0,1.0,0.0
outer2,2,71,b9e6,30.0,150.0,0.0,0.0,0.0,0.0,0.0,1.0,1.0,0.0
outer2,2,71,b9e6,30.0,180.0,0.0,0.0,0.0,0.0,0.0,1.0,1.0,0.0
outer2,2,71,b9e6,30.0,210.0,0.0,0.0,0.0,0.0,0.0,1.0,1.0,0.0
outer2,2,71,b9e6,30.0,240.0,0.0,0.0,0.0,0.0,0.0,1.0,1.0,0.0
outer2,2,71,b9e6,30.0,270.0,0.0,0.0,0.0,0.0,0.0,1.0,1.0,0.0
outer2,2,71,b9e6,30.0,300.0,0.0,0.0,0.0,0.0,0.0,1.0,1.0,0.0
outer2,2,71,b9e6,30.0,330.0,0.0,0.0,0.0,0.0,0.0,1.0,1.0,0.0
outer2,2,71,b9e6,60.0,0.0,0.0,0.0,0.0,0.0,0.0,1.0,1.0,0.0
outer2,2,71,b9e6,60.0,30.0,0.0,0.0,0.0,0.0,0.0,1.0,1.0,0.0
outer2,2,71,b9e6,60.0,60.0,0.0,0.0,0.0,0.0,0.0,1.0,1.0,0.0
outer2,2,71,b9e6,60.0,90.0,0.0,0.0,0.0,0.0,0.0,1.0,1.0,0.0
outer2,2,71,b9e6,60.0,120.0,0.0,0.0,0.0,0.0,0.0,1.0,1.0,0.0
outer2,2,71,b9e6,60.0,150.0,0.0,0.0,0.0,0.0,0.0,1.0,1.0,0.0
outer2,2,71,b9e6,60.0,180.0,0.0,0.0,0.0,0.0,0.0,1.0,1.0,0.0
outer2,2,71,b9e6,60.0,210.0,120.00000762939453,0.0,120.00000762939453,0.0,180.0,0.0,1.0,-1.0
outer2,2,71,b9e6,60.0,240.0,0.0,0.0,0.0,0.0,0.0,1.0,1.0,0.0
outer2,2,71,b9e6,60.0,270.0,0.0,0.0,0.0,0.0,0.0,1.0,1.0,0.0
outer2,2,71,b9e6,60.0,300.0,0.0,0.0,0.0,0.0,0.0,1.0,1.0,0.0
outer2,2,71,b9e6,60.0,330.0,0.0,0.0,0.0,0.0,0.0,1.0,1.0,0.0
outer2,2,71,b9e6,90.0,0.0,180.0,0.0,180.0,0.0,180.0,0.0,1.0,-1.0
outer2,2,71,b9e6,90.0,30.0,180.0,0.0,180.0,0.0,180.0,0.0,1.0,-1.0
outer2,2,71,b9e6,90.0,60.0,180.0,0.0,180.0,0.0,180.0,0.0,1.0,-1.0
outer2,2,71,b9e6,90.0,90.0,0.0,0.0,0.0,0.0,0.0,1.0,1.0,0.0
outer2,2,71,b9e6,90.0,120.0,60.000003814697266,60.000003814697266,0.0,0.0,0.0,0.0,0.0,0.0
outer2,2,71,b9e6,90.0,150.0,0.0,0.0,0.0,0.0,0.0,1.0,1.0,0.0
outer2,2,71,b9e6,90.0,180.0,0.0,0.0,0.0,0.0,0.0,1.0,1.0,0.0
outer2,2,71,b9e6,90.0,210.0,0.0,0.0,0.0,0.0,0.0,1.0,1.0,0.0
outer2,2,71,b9e6,90.0,240.0,0.0,0.0,0.0,0.0,0.0,1.0,1.0,0.0
outer2,2,71,b9e6,90.0,270.0,0.0,0.0,0.0,0.0,0.0,1.0,1.0,0.0
outer2,2,71,b9e6,90.0,300.0,60.000003814697266,60.000003814697266,0.0,0.0,0.0,0.0,0.0,0.0
outer2,2,71,b9e6,90.0,330.0,0.0,180.0,-180.0,0.0,-180.0,1.0,0.0,1.0
outer2,2,71,b9e6,120.0,0.0,0.0,0.0,0.0,0.0,0.0,1.0,1.0,0.0
outer2,2,71,b9e6,120.0,30.0,0.0,0.0,0.0,0.0,0.0,1.0,1.0,0.0
outer2,2,71,b9e6,120.0,60.0,0.0,0.0,0.0,0.0,0.0,1.0,1.0,0.0
outer2,2,71,b9e6,120.0,90.0,0.0,0.0,0.0,0.0,0.0,1.0,1.0,0.0
outer2,2,71,b9e6,120.0,120.0,0.0,0.0,0.0,0.0,0.0,1.0,1.0,0.0
outer2,2,71,b9e6,120.0,150.0,0.0,0.0,0.0,0.0,0.0,1.0,1.0,0.0
outer2,2,71,b9e6,120.0,180.0,0.0,0.0,0.0,0.0,0.0,1.0,1.0,0.0
outer2,2,71,b9e6,120.0,210.0,120.00000762939453,120.00000762939453,0.0,0.0,0.0,0.0,0.0,0.0
outer2,2,71,b9e6,120.0,240.0,0.0,0.0,0.0,0.0,0.0,1.0,1.0,0.0
outer2,2,71,b9e6,120.0,270.0,0.0,0.0,0.0,0.0,0.0,1.0,1.0,0.0
outer2,2,71,b9e6,120.0,300.0,0.0,0.0,0.0,0.0,0.0,1.0,1.0,0.0
outer2,2,71,b9e6,120.0,330.0,0.0,0.0,0.0,0.0,0.0,1.0,1.0,0.0
outer2,2,71,b9e6,150.0,0.0,0.0,0.0,0.0,0.0,0.0,1.0,1.0,0.0
outer2,2,71,b9e6,150.0,30.0,0.0,0.0,0.0,0.0,0.0,1.0,1.0,0.0
outer2,2,71,b9e6,150.0,60.0,0.0,0.0,0.0,0.0,0.0,1.0,1.0,0.0
outer2,2,71,b9e6,150.0,90.0,0.0,0.0,0.0,0.0,0.0,1.0,1.0,0.0
outer2,2,71,b9e6,150.0,120.0,0.0,0.0,0.0,0.0,0.0,1.0,1.0,0.0
outer2,2,71,b9e6,150.0,150.0,0.0,0.0,0.0,0.0,0.0,1.0,1.0,0.0
outer2,2,71,b9e6,150.0,180.0,0.0,0.0,0.0,0.0,0.0,1.0,1.0,0.0
outer2,2,71,b9e6,150.0,210.0,0.0,0.0,0.0,0.0,0.0,1.0,1.0,0.0
outer2,2,71,b9e6,150.0,240.0,0.0,0.0,0.0,0.0,0.0,1.0,1.0,0.0
outer2,2,71,b9e6,150.0,270.0,0.0,0.0,0.0,0.0,0.0,1.0,1.0,0.0
outer2,2,71,b9e6,150.0,300.0,0.0,0.0,0.0,0.0,0.0,1.0,1.0,0.0
outer2,2,71,b9e6,150.0,330.0,0.0,0.0,0.0,0.0,0.0,1.0,1.0,0.0
outer2,2,71,ba0f,30.0,0.0,90.0,90.0,0.0,0.0,0.0,0.0,0.0,0.0
outer2,2,71,ba0f,30.0,30.0,151.04498291015625,151.04498291015625,0.0,0.0,0.0,0.0,0.0,0.0
outer2,2,71,ba0f,30.0,60.0,51.31781005859375,14.870942115783691,36.44686794281006,0.0,90.0,0.0,0.0,0.0
outer2,2,71,ba0f,30.0,90.0,120.00000762939453,57.7581901550293,62.241817474365234,120.0,-150.0,0.0,0.0,0.0
outer2,2,71,ba0f,30.0,120.0,14.870942115783691,0.0,14.870942115783691,0.0,30.0,0.0,1.0,-1.0
outer2,2,71,ba0f,30.0,150.0,0.0,0.0,0.0,0.0,0.0,1.0,1.0,0.0
outer2,2,71,ba0f,30.0,180.0,150.0,0.0,150.0,90.0,180.0,0.0,1.0,-1.0
outer2,2,71,ba0f,30.0,210.0,151.04498291015625,128.68218994140625,22.36279296875,0.0,60.0,0.0,0.0,0.0
outer2,2,71,ba0f,30.0,240.0,165.12905883789062,57.7581901550293,107.37086868286133,120.0,0.0,0.0,0.0,0.0
outer2,2,71,ba0f,30.0,270.0,122.24180603027344,122.24180603027344,0.0,0.0,0.0,0.0,0.0,0.0
outer2,2,71,ba0f,30.0,300.0,60.000003814697266,60.000003814697266,0.0,0.0,0.0,0.0,0.0,0.0
outer2,2,71,ba0f,30.0,330.0,0.0,0.0,0.0,0.0,0.0,1.0,1.0,0.0
outer2,2,71,ba0f,60.0,0.0,0.0,0.0,0.0,0.0,0.0,1.0,1.0,0.0
outer2,2,71,ba0f,60.0,30.0,120.00000762939453,0.0,120.00000762939453,0.0,180.0,0.0,1.0,-1.0
outer2,2,71,ba0f,60.0,60.0,51.31781005859375,0.0,51.31781005859375,0.0,60.0,0.0,1.0,-1.0
outer2,2,71,ba0f,60.0,90.0,0.0,0.0,0.0,0.0,0.0,1.0,1.0,0.0
outer2,2,71,ba0f,60.0,120.0,120.00000762939453,120.00000762939453,0.0,0.0,0.0,0.0,0.0,0.0
outer2,2,71,ba0f,60.0,150.0,113.5481185913086,120.00000762939453,-6.4518890380859375,0.0,-30.0,0.0,0.0,0.0
outer2,2,71,ba0f,60.0,180.0,120.00000762939453,30.000001907348633,90.0000057220459,-30.0,180.0,0.0,0.0,0.0
outer2,2,71,ba0f,60.0,210.0,60.000003814697266,0.0,60.000003814697266,60.0,0.0,0.0,1.0,-1.0
outer2,2,71,ba0f,60.0,240.0,120.00000762939453,41.40962219238281,78.59038543701172,-30.0,150.0,0.0,0.0,0.0
outer2,2,71,ba0f,60.0,270.0,41.40962219238281,150.0,-108.59037780761719,0.0,-150.0,0.0,0.0,0.0
outer2,2,71,ba0f,60.0,300.0,120.00000762939453,0.0,120.00000762939453,0.0,180.0,0.0,1.0,-1.0
outer2,2,71,ba0f,60.0,330.0,0.0,60.000003814697266,-60.000003814697266,-60.0,0.0,1.0,0.0,1.0
outer2,2,71,ba0f,90.0,0.0,180.0,180.0,0.0,0.0,0.0,0.0,0.0,0.0
outer2,2,71,ba0f,90.0,30.0,60.00000762939453,60.00000762939453,0.0,0.0,0.0,0.0,0.0,0.0
outer2,2,71,ba0f,90.0,60.0,119.99999237060547,0.0,119.99999237060547,0.0,120.0,0.0,1.0,-1.0
outer2,2,71,ba0f,90.0,90.0,0.0,0.0,0.0,0.0,0.0,1.0,1.0,0.0
outer2,2,71,ba0f,90.0,120.0,0.0,0.0,0.0,0.0,0.0,1.0,1.0,0.0
outer2,2,71,ba0f,90.0,150.0,150.0,150.0,0.0,0.0,0.0,0.0,0.0,0.0
outer2,2,71,ba0f,90.0,180.0,0.0,0.0,0.0,0.0,0.0,1.0,1.0,0.0
outer2,2,71,ba0f,90.0,210.0,120.00000762939453,120.00000762939453,0.0,0.0,0.0,0.0,0.0,0.0
outer2,2,71,ba0f,90.0,240.0,120.00000762939453,180.0,-59.99999237060547,0.0,-60.0,0.0,0.0,0.0
outer2,2,71,ba0f,90.0,270.0,180.0,180.0,0.0,0.0,0.0,0.0,0.0,0.0
outer2,2,71,ba0f,90.0,300.0,0.0,180.0,-180.0,0.0,-180.0,1.0,0.0,1.0
outer2,2,71,ba0f,90.0,330.0,150.0,30.00000762939453,119.99999237060547,0.0,120.0,0.0,0.0,0.0
outer2,2,71,ba0f,120.0,0.0,0.0,0.0,0.0,0.0,0.0,1.0,1.0,0.0
outer2,2,71,ba0f,120.0,30.0,25.905075073242188,0.0,25.905075073242188,0.0,30.0,0.0,1.0,-1.0
outer2,2,71,ba0f,120.0,60.0,51.31781005859375,0.0,51.31781005859375,0.0,60.0,0.0,1.0,-1.0
outer2,2,71,ba0f,120.0,90.0,30.000001907348633,0.0,30.000001907348633,30.0,0.0,0.0,1.0,-1.0
outer2,2,71,ba0f,120.0,120.0,82.81924438476562,120.00000762939453,-37.180763244628906,60.0,-120.0,0.0,0.0,0.0
outer2,2,71,ba0f,120.0,150.0,120.00000762939453,120.00000762939453,0.0,0.0,0.0,0.0,0.0,0.0
outer2,2,71,ba0f,120.0,180.0,60.000003814697266,0.0,60.000003814697266,60.0,0.0,0.0,1.0,-1.0
outer2,2,71,ba0f,120.0,210.0,60.000003814697266,51.31781005859375,8.682193756103516,60.0,-60.0,0.0,0.0,0.0
outer2,2,71,ba0f,120.0,240.0,66.45188903808594,0.0,66.45188903808594,60.0,30.0,0.0,1.0,-1.0
outer2,2,71,ba0f,120.0,270.0,138.59039306640625,41.40962219238281,97.18077087402344,0.0,120.0,0.0,0.0,0.0
outer2,2,71,ba0f,120.0,300.0,128.68218994140625,0.0,128.68218994140625,60.0,120.0,0.0,1.0,-1.0
outer2,2,71,ba0f,120.0,330.0,0.0,0.0,0.0,0.0,0.0,1.0,1.0,0.0
outer2,2,71,ba0f,150.0,0.0,90.0,60.000003814697266,29.999996185302734,30.0,0.0,0.0,0.0,0.0
outer2,2,71,ba0f,150.0,30.0,151.04498291015625,151.04498291015625,0.0,0.0,0.0,0.0,0.0,0.0
outer2,2,71,ba0f,150.0,60.0,28.95502281188965,128.68218994140625,-99.7271671295166,-120.0,0.0,0.0,0.0,0.0
outer2,2,71,ba0f,150.0,90.0,0.0,14.870942115783691,-14.870942115783691,0.0,-30.0,1.0,0.0,1.0
outer2,2,71,ba0f,150.0,120.0,0.0,0.0,0.0,0.0,0.0,1.0,1.0,0.0
outer2,2,71,ba0f,150.0,150.0,60.000003814697266,0.0,60.000003814697266,0.0,180.0,0.0,1.0,-1.0
outer2,2,71,ba0f,150.0,180.0,150.0,29.99998664855957,120.00001335144043,60.0,180.0,0.0,0.0,0.0
outer2,2,71,ba0f,150.0,210.0,77.49608612060547,128.68218994140625,-51.18610382080078,-90.0,60.0,0.0,0.0,0.0
outer2,2,71,ba0f,150.0,240.0,14.870942115783691,151.04498291015625,-136.17404079437256,-120.0,-90.0,0.0,0.0,0.0
outer2,2,71,ba0f,150.0,270.0,14.870942115783691,14.870942115783691,0.0,0.0,0.0,0.0,0.0,0.0
outer2,2,71,ba0f,150.0,300.0,0.0,60.000003814697266,-60.000003814697266,0.0,-180.0,1.0,0.0,1.0
outer2,2,71,ba0f,150.0,330.0,0.0,0.0,0.0,0.0,0.0,1.0,1.0,0.0
outer2,2,71,bb7c,30.0,0.0,0.0,0.0,0.0,0.0,0.0,1.0,1.0,0.0
outer2,2,71,bb7c,30.0,30.0,0.0,0.0,0.0,0.0,0.0,1.0,1.0,0.0
outer2,2,71,bb7c,30.0,60.0,0.0,0.0,0.0,0.0,0.0,1.0,1.0,0.0
outer2,2,71,bb7c,30.0,90.0,0.0,0.0,0.0,0.0,0.0,1.0,1.0,0.0
outer2,2,71,bb7c,30.0,120.0,0.0,0.0,0.0,0.0,0.0,1.0,1.0,0.0
outer2,2,71,bb7c,30.0,150.0,0.0,0.0,0.0,0.0,0.0,1.0,1.0,0.0
outer2,2,71,bb7c,30.0,180.0,0.0,0.0,0.0,0.0,0.0,1.0,1.0,0.0
outer2,2,71,bb7c,30.0,210.0,0.0,0.0,0.0,0.0,0.0,1.0,1.0,0.0
outer2,2,71,bb7c,30.0,240.0,0.0,0.0,0.0,0.0,0.0,1.0,1.0,0.0
outer2,2,71,bb7c,30.0,270.0,0.0,0.0,0.0,0.0,0.0,1.0,1.0,0.0
outer2,2,71,bb7c,30.0,300.0,0.0,0.0,0.0,0.0,0.0,1.0,1.0,0.0
outer2,2,71,bb7c,30.0,330.0,0.0,0.0,0.0,0.0,0.0,1.0,1.0,0.0
outer2,2,71,bb7c,60.0,0.0,0.0,0.0,0.0,0.0,0.0,1.0,1.0,0.0
outer2,2,71,bb7c,60.0,30.0,0.0,0.0,0.0,0.0,0.0,1.0,1.0,0.0
outer2,2,71,bb7c,60.0,60.0,25.905075073242188,0.0,25.905075073242188,0.0,30.0,0.0,1.0,-1.0
outer2,2,71,bb7c,60.0,90.0,0.0,0.0,0.0,0.0,0.0,1.0,1.0,0.0
outer2,2,71,bb7c,60.0,120.0,0.0,0.0,0.0,0.0,0.0,1.0,1.0,0.0
outer2,2,71,bb7c,60.0,150.0,0.0,0.0,0.0,0.0,0.0,1.0,1.0,0.0
outer2,2,71,bb7c,60.0,180.0,0.0,120.00000762939453,-120.00000762939453,0.0,-180.0,1.0,0.0,1.0
outer2,2,71,bb7c,60.0,210.0,60.000003814697266,0.0,60.000003814697266,60.0,0.0,0.0,1.0,-1.0
outer2,2,71,bb7c,60.0,240.0,60.000003814697266,0.0,60.000003814697266,60.0,0.0,0.0,1.0,-1.0
outer2,2,71,bb7c,60.0,270.0,0.0,0.0,0.0,0.0,0.0,1.0,1.0,0.0
outer2,2,71,bb7c,60.0,300.0,0.0,0.0,0.0,0.0,0.0,1.0,1.0,0.0
outer2,2,71,bb7c,60.0,330.0,0.0,0.0,0.0,0.0,0.0,1.0,1.0,0.0
outer2,2,71,bb7c,90.0,0.0,180.0,0.0,180.0,0.0,180.0,0.0,1.0,-1.0
outer2,2,71,bb7c,90.0,30.0,180.0,180.0,0.0,0.0,0.0,0.0,0.0,0.0
outer2,2,71,bb7c,90.0,60.0,0.0,41.40962219238281,-41.40962219238281,-30.0,-30.0,1.0,0.0,1.0
outer2,2,71,bb7c,90.0,90.0,0.0,0.0,0.0,0.0,0.0,1.0,1.0,0.0
outer2,2,71,bb7c,90.0,120.0,60.000003814697266,0.0,60.000003814697266,0.0,60.0,0.0,1.0,-1.0
outer2,2,71,bb7c,90.0,150.0,0.0,180.0,-180.0,0.0,-180.0,1.0,0.0,1.0
outer2,2,71,bb7c,90.0,180.0,0.0,180.0,-180.0,0.0,-180.0,1.0,0.0,1.0
outer2,2,71,bb7c,90.0,210.0,0.0,0.0,0.0,0.0,0.0,1.0,1.0,0.0
outer2,2,71,bb7c,90.0,240.0,0.0,0.0,0.0,0.0,0.0,1.0,1.0,0.0
outer2,2,71,bb7c,90.0,270.0,0.0,0.0,0.0,0.0,0.0,1.0,1.0,0.0
outer2,2,71,bb7c,90.0,300.0,0.0,180.0,-180.0,0.0,-180.0,1.0,0.0,1.0
outer2,2,71,bb7c,90.0,330.0,180.0,0.0,180.0,0.0,180.0,0.0,1.0,-1.0
outer2,2,71,bb7c,120.0,0.0,0.0,0.0,0.0,0.0,0.0,1.0,1.0,0.0
outer2,2,71,bb7c,120.0,30.0,0.0,0.0,0.0,0.0,0.0,1.0,1.0,0.0
outer2,2,71,bb7c,120.0,60.0,25.905075073242188,0.0,25.905075073242188,0.0,30.0,0.0,1.0,-1.0
outer2,2,71,bb7c,120.0,90.0,0.0,0.0,0.0,0.0,0.0,1.0,1.0,0.0
outer2,2,71,bb7c,120.0,120.0,0.0,0.0,0.0,0.0,0.0,1.0,1.0,0.0
outer2,2,71,bb7c,120.0,150.0,0.0,0.0,0.0,0.0,0.0,1.0,1.0,0.0
outer2,2,71,bb7c,120.0,180.0,120.00000762939453,0.0,120.00000762939453,0.0,180.0,0.0,1.0,-1.0
outer2,2,71,bb7c,120.0,210.0,0.0,0.0,0.0,0.0,0.0,1.0,1.0,0.0
outer2,2,71,bb7c,120.0,240.0,60.000003814697266,0.0,60.000003814697266,60.0,0.0,0.0,1.0,-1.0
outer2,2,71,bb7c,120.0,270.0,41.40962219238281,25.905075073242188,15.504547119140625,30.0,0.0,0.0,0.0,0.0
outer2,2,71,bb7c,120.0,300.0,0.0,0.0,0.0,0.0,0.0,1.0,1.0,0.0
outer2,2,71,bb7c,120.0,330.0,0.0,0.0,0.0,0.0,0.0,1.0,1.0,0.0
outer2,2,71,bb7c,150.0,0.0,0.0,0.0,0.0,0.0,0.0,1.0,1.0,0.0
outer2,2,71,bb7c,150.0,30.0,0.0,0.0,0.0,0.0,0.0,1.0,1.0,0.0
outer2,2,71,bb7c,150.0,60.0,0.0,0.0,0.0,0.0,0.0,1.0,1.0,0.0
outer2,2,71,bb7c,150.0,90.0,0.0,0.0,0.0,0.0,0.0,1.0,1.0,0.0
outer2,2,71,bb7c,150.0,120.0,0.0,0.0,0.0,0.0,0.0,1.0,1.0,0.0
outer2,2,71,bb7c,150.0,150.0,0.0,0.0,0.0,0.0,0.0,1.0,1.0,0.0
outer2,2,71,bb7c,150.0,180.0,0.0,0.0,0.0,0.0,0.0,1.0,1.0,0.0
outer2,2,71,bb7c,150.0,210.0,0.0,0.0,0.0,0.0,0.0,1.0,1.0,0.0
outer2,2,71,bb7c,150.0,240.0,0.0,0.0,0.0,0.0,0.0,1.0,1.0,0.0
outer2,2,71,bb7c,150.0,270.0,0.0,0.0,0.0,0.0,0.0,1.0,1.0,0.0
outer2,2,71,bb7c,150.0,300.0,0.0,0.0,0.0,0.0,0.0,1.0,1.0,0.0
outer2,2,71,bb7c,150.0,330.0,0.0,0.0,0.0,0.0,0.0,1.0,1.0,0.0
outer2,2,72,b7c1,30.0,0.0,0.0,0.0,0.0,0.0,0.0,1.0,1.0,0.0
outer2,2,72,b7c1,30.0,30.0,0.0,0.0,0.0,0.0,0.0,1.0,1.0,0.0
outer2,2,72,b7c1,30.0,60.0,0.0,0.0,0.0,0.0,0.0,1.0,1.0,0.0
outer2,2,72,b7c1,30.0,90.0,0.0,0.0,0.0,0.0,0.0,1.0,1.0,0.0
outer2,2,72,b7c1,30.0,120.0,0.0,0.0,0.0,0.0,0.0,1.0,1.0,0.0
outer2,2,72,b7c1,30.0,150.0,0.0,0.0,0.0,0.0,0.0,1.0,1.0,0.0
outer2,2,72,b7c1,30.0,180.0,30.000001907348633,0.0,30.000001907348633,30.0,0.0,0.0,1.0,-1.0
outer2,2,72,b7c1,30.0,210.0,0.0,0.0,0.0,0.0,0.0,1.0,1.0,0.0
outer2,2,72,b7c1,30.0,240.0,0.0,0.0,0.0,0.0,0.0,1.0,1.0,0.0
outer2,2,72,b7c1,30.0,270.0,0.0,0.0,0.0,0.0,0.0,1.0,1.0,0.0
outer2,2,72,b7c1,30.0,300.0,0.0,0.0,0.0,0.0,0.0,1.0,1.0,0.0
outer2,2,72,b7c1,30.0,330.0,0.0,0.0,0.0,0.0,0.0,1.0,1.0,0.0
outer2,2,72,b7c1,60.0,0.0,0.0,0.0,0.0,0.0,0.0,1.0,1.0,0.0
outer2,2,72,b7c1,60.0,30.0,0.0,0.0,0.0,0.0,0.0,1.0,1.0,0.0
outer2,2,72,b7c1,60.0,60.0,0.0,0.0,0.0,0.0,0.0,1.0,1.0,0.0
outer2,2,72,b7c1,60.0,90.0,0.0,0.0,0.0,0.0,0.0,1.0,1.0,0.0
outer2,2,72,b7c1,60.0,120.0,0.0,0.0,0.0,0.0,0.0,1.0,1.0,0.0
outer2,2,72,b7c1,60.0,150.0,0.0,0.0,0.0,0.0,0.0,1.0,1.0,0.0
outer2,2,72,b7c1,60.0,180.0,0.0,0.0,0.0,0.0,0.0,1.0,1.0,0.0
outer2,2,72,b7c1,60.0,210.0,0.0,0.0,0.0,0.0,0.0,1.0,1.0,0.0
outer2,2,72,b7c1,60.0,240.0,0.0,0.0,0.0,0.0,0.0,1.0,1.0,0.0
outer2,2,72,b7c1,60.0,270.0,0.0,0.0,0.0,0.0,0.0,1.0,1.0,0.0
outer2,2,72,b7c1,60.0,300.0,0.0,0.0,0.0,0.0,0.0,1.0,1.0,0.0
outer2,2,72,b7c1,60.0,330.0,0.0,0.0,0.0,0.0,0.0,1.0,1.0,0.0
outer2,2,72,b7c1,90.0,0.0,0.0,180.0,-180.0,0.0,-180.0,1.0,0.0,1.0
outer2,2,72,b7c1,90.0,30.0,0.0,180.0,-180.0,0.0,-180.0,1.0,0.0,1.0
outer2,2,72,b7c1,90.0,60.0,180.0,0.0,180.0,0.0,180.0,0.0,1.0,-1.0
outer2,2,72,b7c1,90.0,90.0,180.0,180.0,0.0,0.0,0.0,0.0,0.0,0.0
outer2,2,72,b7c1,90.0,120.0,120.00000762939453,120.00000762939453,0.0,0.0,0.0,0.0,0.0,0.0
outer2,2,72,b7c1,90.0,150.0,0.0,120.00000762939453,-120.00000762939453,0.0,-120.0,1.0,0.0,1.0
outer2,2,72,b7c1,90.0,180.0,180.0,180.0,0.0,0.0,0.0,0.0,0.0,0.0
outer2,2,72,b7c1,90.0,210.0,180.0,0.0,180.0,0.0,180.0,0.0,1.0,-1.0
outer2,2,72,b7c1,90.0,240.0,0.0,0.0,0.0,0.0,0.0,1.0,1.0,0.0
outer2,2,72,b7c1,90.0,270.0,180.0,0.0,180.0,0.0,180.0,0.0,1.0,-1.0
outer2,2,72,b7c1,90.0,300.0,60.000003814697266,0.0,60.000003814697266,0.0,60.0,0.0,1.0,-1.0
outer2,2,72,b7c1,90.0,330.0,180.0,60.00000762939453,119.99999237060547,0.0,120.0,0.0,0.0,0.0
outer2,2,72,b7c1,120.0,0.0,0.0,0.0,0.0,0.0,0.0,1.0,1.0,0.0
outer2,2,72,b7c1,120.0,30.0,0.0,0.0,0.0,0.0,0.0,1.0,1.0,0.0
outer2,2,72,b7c1,120.0,60.0,0.0,0.0,0.0,0.0,0.0,1.0,1.0,0.0
outer2,2,72,b7c1,120.0,90.0,0.0,0.0,0.0,0.0,0.0,1.0,1.0,0.0
outer2,2,72,b7c1,120.0,120.0,0.0,0.0,0.0,0.0,0.0,1.0,1.0,0.0
outer2,2,72,b7c1,120.0,150.0,0.0,0.0,0.0,0.0,0.0,1.0,1.0,0.0
outer2,2,72,b7c1,120.0,180.0,0.0,0.0,0.0,0.0,0.0,1.0,1.0,0.0
outer2,2,72,b7c1,120.0,210.0,97.18075561523438,0.0,97.18075561523438,0.0,120.0,0.0,1.0,-1.0
outer2,2,72,b7c1,120.0,240.0,0.0,0.0,0.0,0.0,0.0,1.0,1.0,0.0
outer2,2,72,b7c1,120.0,270.0,0.0,0.0,0.0,0.0,0.0,1.0,1.0,0.0
outer2,2,72,b7c1,120.0,300.0,0.0,0.0,0.0,0.0,0.0,1.0,1.0,0.0
outer2,2,72,b7c1,120.0,330.0,0.0,0.0,0.0,0.0,0.0,1.0,1.0,0.0
outer2,2,72,b7c1,150.0,0.0,29.99998664855957,0.0,29.99998664855957,30.0,0.0,0.0,1.0,-1.0
outer2,2,72,b7c1,150.0,30.0,0.0,0.0,0.0,0.0,0.0,1.0,1.0,0.0
outer2,2,72,b7c1,150.0,60.0,0.0,0.0,0.0,0.0,0.0,1.0,1.0,0.0
outer2,2,72,b7c1,150.0,90.0,0.0,0.0,0.0,0.0,0.0,1.0,1.0,0.0
outer2,2,72,b7c1,150.0,120.0,0.0,0.0,0.0,0.0,0.0,1.0,1.0,0.0
outer2,2,72,b7c1,150.0,150.0,0.0,0.0,0.0,0.0,0.0,1.0,1.0,0.0
outer2,2,72,b7c1,150.0,180.0,29.99998664855957,0.0,29.99998664855957,30.0,0.0,0.0,1.0,-1.0
outer2,2,72,b7c1,150.0,210.0,0.0,0.0,0.0,0.0,0.0,1.0,1.0,0.0
outer2,2,72,b7c1,150.0,240.0,0.0,0.0,0.0,0.0,0.0,1.0,1.0,0.0
outer2,2,72,b7c1,150.0,270.0,0.0,0.0,0.0,0.0,0.0,1.0,1.0,0.0
outer2,2,72,b7c1,150.0,300.0,0.0,0.0,0.0,0.0,0.0,1.0,1.0,0.0
outer2,2,72,b7c1,150.0,330.0,0.0,0.0,0.0,0.0,0.0,1.0,1.0,0.0
outer2,2,72,b80b,30.0,0.0,0.0,0.0,0.0,0.0,0.0,1.0,1.0,0.0
outer2,2,72,b80b,30.0,30.0,0.0,0.0,0.0,0.0,0.0,1.0,1.0,0.0
outer2,2,72,b80b,30.0,60.0,0.0,0.0,0.0,0.0,0.0,1.0,1.0,0.0
outer2,2,72,b80b,30.0,90.0,0.0,0.0,0.0,0.0,0.0,1.0,1.0,0.0
outer2,2,72,b80b,30.0,120.0,0.0,0.0,0.0,0.0,0.0,1.0,1.0,0.0
outer2,2,72,b80b,30.0,150.0,0.0,0.0,0.0,0.0,0.0,1.0,1.0,0.0
outer2,2,72,b80b,30.0,180.0,0.0,0.0,0.0,0.0,0.0,1.0,1.0,0.0
outer2,2,72,b80b,30.0,210.0,0.0,0.0,0.0,0.0,0.0,1.0,1.0,0.0
outer2,2,72,b80b,30.0,240.0,0.0,0.0,0.0,0.0,0.0,1.0,1.0,0.0
outer2,2,72,b80b,30.0,270.0,0.0,0.0,0.0,0.0,0.0,1.0,1.0,0.0
outer2,2,72,b80b,30.0,300.0,0.0,0.0,0.0,0.0,0.0,1.0,1.0,0.0
outer2,2,72,b80b,30.0,330.0,0.0,0.0,0.0,0.0,0.0,1.0,1.0,0.0
outer2,2,72,b80b,60.0,0.0,0.0,0.0,0.0,0.0,0.0,1.0,1.0,0.0
outer2,2,72,b80b,60.0,30.0,0.0,0.0,0.0,0.0,0.0,1.0,1.0,0.0
outer2,2,72,b80b,60.0,60.0,0.0,0.0,0.0,0.0,0.0,1.0,1.0,0.0
outer2,2,72,b80b,60.0,90.0,0.0,0.0,0.0,0.0,0.0,1.0,1.0,0.0
outer2,2,72,b80b,60.0,120.0,0.0,0.0,0.0,0.0,0.0,1.0,1.0,0.0
outer2,2,72,b80b,60.0,150.0,0.0,0.0,0.0,0.0,0.0,1.0,1.0,0.0
outer2,2,72,b80b,60.0,180.0,0.0,0.0,0.0,0.0,0.0,1.0,1.0,0.0
outer2,2,72,b80b,60.0,210.0,0.0,0.0,0.0,0.0,0.0,1.0,1.0,0.0
outer2,2,72,b80b,60.0,240.0,0.0,0.0,0.0,0.0,0.0,1.0,1.0,0.0
outer2,2,72,b80b,60.0,270.0,0.0,0.0,0.0,0.0,0.0,1.0,1.0,0.0
outer2,2,72,b80b,60.0,300.0,0.0,0.0,0.0,0.0,0.0,1.0,1.0,0.0
outer2,2,72,b80b,60.0,330.0,0.0,0.0,0.0,0.0,0.0,1.0,1.0,0.0
outer2,2,72,b80b,90.0,0.0,0.0,180.0,-180.0,0.0,-180.0,1.0,0.0,1.0
outer2,2,72,b80b,90.0,30.0,0.0,0.0,0.0,0.0,0.0,1.0,1.0,0.0
outer2,2,72,b80b,90.0,60.0,180.0,0.0,180.0,0.0,180.0,0.0,1.0,-1.0
outer2,2,72,b80b,90.0,90.0,0.0,0.0,0.0,0.0,0.0,1.0,1.0,0.0
outer2,2,72,b80b,90.0,120.0,0.0,0.0,0.0,0.0,0.0,1.0,1.0,0.0
outer2,2,72,b80b,90.0,150.0,0.0,0.0,0.0,0.0,0.0,1.0,1.0,0.0
outer2,2,72,b80b,90.0,180.0,180.0,0.0,180.0,0.0,180.0,0.0,1.0,-1.0
outer2,2,72,b80b,90.0,210.0,180.0,0.0,180.0,0.0,180.0,0.0,1.0,-1.0
outer2,2,72,b80b,90.0,240.0,0.0,0.0,0.0,0.0,0.0,1.0,1.0,0.0
outer2,2,72,b80b,90.0,270.0,0.0,0.0,0.0,0.0,0.0,1.0,1.0,0.0
outer2,2,72,b80b,90.0,300.0,0.0,0.0,0.0,0.0,0.0,1.0,1.0,0.0
outer2,2,72,b80b,90.0,330.0,0.0,0.0,0.0,0.0,0.0,1.0,1.0,0.0
outer2,2,72,b80b,120.0,0.0,0.0,0.0,0.0,0.0,0.0,1.0,1.0,0.0
outer2,2,72,b80b,120.0,30.0,0.0,0.0,0.0,0.0,0.0,1.0,1.0,0.0
outer2,2,72,b80b,120.0,60.0,0.0,0.0,0.0,0.0,0.0,1.0,1.0,0.0
outer2,2,72,b80b,120.0,90.0,0.0,0.0,0.0,0.0,0.0,1.0,1.0,0.0
outer2,2,72,b80b,120.0,120.0,0.0,0.0,0.0,0.0,0.0,1.0,1.0,0.0
outer2,2,72,b80b,120.0,150.0,0.0,0.0,0.0,0.0,0.0,1.0,1.0,0.0
outer2,2,72,b80b,120.0,180.0,0.0,0.0,0.0,0.0,0.0,1.0,1.0,0.0
outer2,2,72,b80b,120.0,210.0,0.0,0.0,0.0,0.0,0.0,1.0,1.0,0.0
outer2,2,72,b80b,120.0,240.0,0.0,0.0,0.0,0.0,0.0,1.0,1.0,0.0
outer2,2,72,b80b,120.0,270.0,0.0,0.0,0.0,0.0,0.0,1.0,1.0,0.0
outer2,2,72,b80b,120.0,300.0,0.0,0.0,0.0,0.0,0.0,1.0,1.0,0.0
outer2,2,72,b80b,120.0,330.0,0.0,0.0,0.0,0.0,0.0,1.0,1.0,0.0
outer2,2,72,b80b,150.0,0.0,29.99998664855957,0.0,29.99998664855957,30.0,0.0,0.0,1.0,-1.0
outer2,2,72,b80b,150.0,30.0,0.0,0.0,0.0,0.0,0.0,1.0,1.0,0.0
outer2,2,72,b80b,150.0,60.0,0.0,0.0,0.0,0.0,0.0,1.0,1.0,0.0
outer2,2,72,b80b,150.0,90.0,0.0,0.0,0.0,0.0,0.0,1.0,1.0,0.0
outer2,2,72,b80b,150.0,120.0,0.0,0.0,0.0,0.0,0.0,1.0,1.0,0.0
outer2,2,72,b80b,150.0,150.0,0.0,0.0,0.0,0.0,0.0,1.0,1.0,0.0
outer2,2,72,b80b,150.0,180.0,29.99998664855957,0.0,29.99998664855957,30.0,0.0,0.0,1.0,-1.0
outer2,2,72,b80b,150.0,210.0,0.0,0.0,0.0,0.0,0.0,1.0,1.0,0.0
outer2,2,72,b80b,150.0,240.0,0.0,0.0,0.0,0.0,0.0,1.0,1.0,0.0
outer2,2,72,b80b,150.0,270.0,0.0,0.0,0.0,0.0,0.0,1.0,1.0,0.0
outer2,2,72,b80b,150.0,300.0,0.0,0.0,0.0,0.0,0.0,1.0,1.0,0.0
outer2,2,72,b80b,150.0,330.0,0.0,0.0,0.0,0.0,0.0,1.0,1.0,0.0
outer2,2,72,b9e6,30.0,0.0,0.0,0.0,0.0,0.0,0.0,1.0,1.0,0.0
outer2,2,72,b9e6,30.0,30.0,0.0,0.0,0.0,0.0,0.0,1.0,1.0,0.0
outer2,2,72,b9e6,30.0,60.0,0.0,0.0,0.0,0.0,0.0,1.0,1.0,0.0
outer2,2,72,b9e6,30.0,90.0,0.0,0.0,0.0,0.0,0.0,1.0,1.0,0.0
outer2,2,72,b9e6,30.0,120.0,0.0,0.0,0.0,0.0,0.0,1.0,1.0,0.0
outer2,2,72,b9e6,30.0,150.0,0.0,0.0,0.0,0.0,0.0,1.0,1.0,0.0
outer2,2,72,b9e6,30.0,180.0,0.0,0.0,0.0,0.0,0.0,1.0,1.0,0.0
outer2,2,72,b9e6,30.0,210.0,0.0,0.0,0.0,0.0,0.0,1.0,1.0,0.0
outer2,2,72,b9e6,30.0,240.0,0.0,0.0,0.0,0.0,0.0,1.0,1.0,0.0
outer2,2,72,b9e6,30.0,270.0,0.0,0.0,0.0,0.0,0.0,1.0,1.0,0.0
outer2,2,72,b9e6,30.0,300.0,0.0,0.0,0.0,0.0,0.0,1.0,1.0,0.0
outer2,2,72,b9e6,30.0,330.0,0.0,0.0,0.0,0.0,0.0,1.0,1.0,0.0
outer2,2,72,b9e6,60.0,0.0,0.0,0.0,0.0,0.0,0.0,1.0,1.0,0.0
outer2,2,72,b9e6,60.0,30.0,0.0,0.0,0.0,0.0,0.0,1.0,1.0,0.0
outer2,2,72,b9e6,60.0,60.0,0.0,0.0,0.0,0.0,0.0,1.0,1.0,0.0
outer2,2,72,b9e6,60.0,90.0,0.0,0.0,0.0,0.0,0.0,1.0,1.0,0.0
outer2,2,72,b9e6,60.0,120.0,0.0,0.0,0.0,0.0,0.0,1.0,1.0,0.0
outer2,2,72,b9e6,60.0,150.0,0.0,0.0,0.0,0.0,0.0,1.0,1.0,0.0
outer2,2,72,b9e6,60.0,180.0,0.0,0.0,0.0,0.0,0.0,1.0,1.0,0.0
outer2,2,72,b9e6,60.0,210.0,120.00000762939453,120.00000762939453,0.0,0.0,0.0,0.0,0.0,0.0
outer2,2,72,b9e6,60.0,240.0,0.0,0.0,0.0,0.0,0.0,1.0,1.0,0.0
outer2,2,72,b9e6,60.0,270.0,0.0,0.0,0.0,0.0,0.0,1.0,1.0,0.0
outer2,2,72,b9e6,60.0,300.0,0.0,0.0,0.0,0.0,0.0,1.0,1.0,0.0
outer2,2,72,b9e6,60.0,330.0,0.0,0.0,0.0,0.0,0.0,1.0,1.0,0.0
outer2,2,72,b9e6,90.0,0.0,0.0,180.0,-180.0,0.0,-180.0,1.0,0.0,1.0
outer2,2,72,b9e6,90.0,30.0,0.0,0.0,0.0,0.0,0.0,1.0,1.0,0.0
outer2,2,72,b9e6,90.0,60.0,180.0,0.0,180.0,0.0,180.0,0.0,1.0,-1.0
outer2,2,72,b9e6,90.0,90.0,0.0,180.0,-180.0,0.0,-180.0,1.0,0.0,1.0
outer2,2,72,b9e6,90.0,120.0,120.00000762939453,120.00000762939453,0.0,0.0,0.0,0.0,0.0,0.0
outer2,2,72,b9e6,90.0,150.0,0.0,0.0,0.0,0.0,0.0,1.0,1.0,0.0
outer2,2,72,b9e6,90.0,180.0,180.0,0.0,180.0,0.0,180.0,0.0,1.0,-1.0
outer2,2,72,b9e6,90.0,210.0,180.0,0.0,180.0,0.0,180.0,0.0,1.0,-1.0
outer2,2,72,b9e6,90.0,240.0,0.0,0.0,0.0,0.0,0.0,1.0,1.0,0.0
outer2,2,72,b9e6,90.0,270.0,0.0,0.0,0.0,0.0,0.0,1.0,1.0,0.0
outer2,2,72,b9e6,90.0,300.0,60.000003814697266,60.000003814697266,0.0,0.0,0.0,0.0,0.0,0.0
outer2,2,72,b9e6,90.0,330.0,180.0,180.0,0.0,0.0,0.0,0.0,0.0,0.0
outer2,2,72,b9e6,120.0,0.0,0.0,0.0,0.0,0.0,0.0,1.0,1.0,0.0
outer2,2,72,b9e6,120.0,30.0,0.0,0.0,0.0,0.0,0.0,1.0,1.0,0.0
outer2,2,72,b9e6,120.0,60.0,0.0,0.0,0.0,0.0,0.0,1.0,1.0,0.0
outer2,2,72,b9e6,120.0,90.0,0.0,0.0,0.0,0.0,0.0,1.0,1.0,0.0
outer2,2,72,b9e6,120.0,120.0,0.0,0.0,0.0,0.0,0.0,1.0,1.0,0.0
outer2,2,72,b9e6,120.0,150.0,0.0,0.0,0.0,0.0,0.0,1.0,1.0,0.0
outer2,2,72,b9e6,120.0,180.0,0.0,0.0,0.0,0.0,0.0,1.0,1.0,0.0
outer2,2,72,b9e6,120.0,210.0,120.00000762939453,120.00000762939453,0.0,0.0,0.0,0.0,0.0,0.0
outer2,2,72,b9e6,120.0,240.0,0.0,0.0,0.0,0.0,0.0,1.0,1.0,0.0
outer2,2,72,b9e6,120.0,270.0,0.0,0.0,0.0,0.0,0.0,1.0,1.0,0.0
outer2,2,72,b9e6,120.0,300.0,0.0,0.0,0.0,0.0,0.0,1.0,1.0,0.0
outer2,2,72,b9e6,120.0,330.0,0.0,0.0,0.0,0.0,0.0,1.0,1.0,0.0
outer2,2,72,b9e6,150.0,0.0,29.99998664855957,0.0,29.99998664855957,30.0,0.0,0.0,1.0,-1.0
outer2,2,72,b9e6,150.0,30.0,0.0,0.0,0.0,0.0,0.0,1.0,1.0,0.0
outer2,2,72,b9e6,150.0,60.0,0.0,0.0,0.0,0.0,0.0,1.0,1.0,0.0
outer2,2,72,b9e6,150.0,90.0,0.0,0.0,0.0,0.0,0.0,1.0,1.0,0.0
outer2,2,72,b9e6,150.0,120.0,0.0,0.0,0.0,0.0,0.0,1.0,1.0,0.0
outer2,2,72,b9e6,150.0,150.0,0.0,0.0,0.0,0.0,0.0,1.0,1.0,0.0
outer2,2,72,b9e6,150.0,180.0,0.0,0.0,0.0,0.0,0.0,1.0,1.0,0.0
outer2,2,72,b9e6,150.0,210.0,0.0,0.0,0.0,0.0,0.0,1.0,1.0,0.0
outer2,2,72,b9e6,150.0,240.0,0.0,0.0,0.0,0.0,0.0,1.0,1.0,0.0
outer2,2,72,b9e6,150.0,270.0,0.0,0.0,0.0,0.0,0.0,1.0,1.0,0.0
outer2,2,72,b9e6,150.0,300.0,0.0,0.0,0.0,0.0,0.0,1.0,1.0,0.0
outer2,2,72,b9e6,150.0,330.0,0.0,0.0,0.0,0.0,0.0,1.0,1.0,0.0
outer2,2,72,ba0f,30.0,0.0,90.0,150.0,-60.0,-60.0,0.0,0.0,0.0,0.0
outer2,2,72,ba0f,30.0,30.0,128.68218994140625,151.04498291015625,-22.36279296875,0.0,-60.0,0.0,0.0,0.0
outer2,2,72,ba0f,30.0,60.0,128.68218994140625,122.24180603027344,6.4403839111328125,0.0,30.0,0.0,0.0,0.0
outer2,2,72,ba0f,30.0,90.0,60.000003814697266,57.7581901550293,2.2418136596679688,0.0,30.0,0.0,0.0,0.0
outer2,2,72,ba0f,30.0,120.0,14.870942115783691,0.0,14.870942115783691,0.0,30.0,0.0,1.0,-1.0
outer2,2,72,ba0f,30.0,150.0,60.000003814697266,60.000003814697266,0.0,0.0,0.0,0.0,0.0,0.0
outer2,2,72,ba0f,30.0,180.0,150.0,0.0,150.0,90.0,180.0,0.0,1.0,-1.0
outer2,2,72,ba0f,30.0,210.0,151.04498291015625,151.04498291015625,0.0,0.0,0.0,0.0,0.0,0.0
outer2,2,72,ba0f,30.0,240.0,151.04498291015625,165.12905883789062,-14.084075927734375,0.0,-30.0,0.0,0.0,0.0
outer2,2,72,ba0f,30.0,270.0,120.00000762939453,120.00000762939453,0.0,0.0,0.0,0.0,0.0,0.0
outer2,2,72,ba0f,30.0,300.0,128.68218994140625,60.000003814697266,68.68218612670898,120.0,-120.0,0.0,0.0,0.0
outer2,2,72,ba0f,30.0,330.0,0.0,0.0,0.0,0.0,0.0,1.0,1.0,0.0
outer2,2,72,ba0f,60.0,0.0,0.0,0.0,0.0,0.0,0.0,1.0,1.0,0.0
outer2,2,72,ba0f,60.0,30.0,120.00000762939453,0.0,120.00000762939453,0.0,180.0,0.0,1.0,-1.0
outer2,2,72,ba0f,60.0,60.0,51.31781005859375,0.0,51.31781005859375,0.0,60.0,0.0,1.0,-1.0
outer2,2,72,ba0f,60.0,90.0,0.0,41.40962219238281,-41.40962219238281,-30.0,-30.0,1.0,0.0,1.0
outer2,2,72,ba0f,60.0,120.0,120.00000762939453,113.5481185913086,6.4518890380859375,0.0,30.0,0.0,0.0,0.0
outer2,2,72,ba0f,60.0,150.0,120.00000762939453,0.0,120.00000762939453,0.0,180.0,0.0,1.0,-1.0
outer2,2,72,ba0f,60.0,180.0,60.000003814697266,0.0,60.000003814697266,60.0,0.0,0.0,1.0,-1.0
outer2,2,72,ba0f,60.0,210.0,60.000003814697266,128.6822052001953,-68.68220138549805,0.0,-120.0,0.0,0.0,0.0
outer2,2,72,ba0f,60.0,240.0,113.54812622070312,90.0,23.548126220703125,-30.0,60.0,0.0,0.0,0.0
outer2,2,72,ba0f,60.0,270.0,29.999998092651367,29.999998092651367,0.0,0.0,0.0,0.0,0.0,0.0
outer2,2,72,ba0f,60.0,300.0,25.905075073242188,0.0,25.905075073242188,0.0,30.0,0.0,1.0,-1.0
outer2,2,72,ba0f,60.0,330.0,180.0,120.00000762939453,59.99999237060547,60.0,0.0,0.0,0.0,0.0
outer2,2,72,ba0f,90.0,0.0,0.0,180.0,-180.0,0.0,-180.0,1.0,0.0,1.0
outer2,2,72,ba0f,90.0,30.0,60.00000762939453,60.00000762939453,0.0,0.0,0.0,0.0,0.0,0.0
outer2,2,72,ba0f,90.0,60.0,119.99999237060547,60.000003814697266,59.9999885559082,0.0,60.0,0.0,0.0,0.0
outer2,2,72,ba0f,90.0,90.0,0.0,180.0,-180.0,0.0,-180.0,1.0,0.0,1.0
outer2,2,72,ba0f,90.0,120.0,180.0,0.0,180.0,0.0,180.0,0.0,1.0,-1.0
outer2,2,72,ba0f,90.0,150.0,180.0,180.0,0.0,0.0,0.0,0.0,0.0,0.0
outer2,2,72,ba0f,90.0,180.0,180.0,0.0,180.0,0.0,180.0,0.0,1.0,-1.0
outer2,2,72,ba0f,90.0,210.0,120.00000762939453,120.00000762939453,0.0,0.0,0.0,0.0,0.0,0.0
outer2,2,72,ba0f,90.0,240.0,60.000003814697266,120.00000762939453,-60.000003814697266,0.0,-60.0,0.0,0.0,0.0
outer2,2,72,ba0f,90.0,270.0,180.0,0.0,180.0,0.0,180.0,0.0,1.0,-1.0
outer2,2,72,ba0f,90.0,300.0,0.0,0.0,0.0,0.0,0.0,1.0,1.0,0.0
outer2,2,72,ba0f,90.0,330.0,0.0,180.0,-180.0,0.0,-180.0,1.0,0.0,1.0
outer2,2,72,ba0f,120.0,0.0,0.0,0.0,0.0,0.0,0.0,1.0,1.0,0.0
outer2,2,72,ba0f,120.0,30.0,120.00000762939453,0.0,120.00000762939453,0.0,180.0,0.0,1.0,-1.0
outer2,2,72,ba0f,120.0,60.0,113.54811096191406,0.0,113.54811096191406,0.0,150.0,0.0,1.0,-1.0
outer2,2,72,ba0f,120.0,90.0,0.0,30.000001907348633,-30.000001907348633,-30.0,0.0,1.0,0.0,1.0
outer2,2,72,ba0f,120.0,120.0,113.54811096191406,120.00000762939453,-6.451896667480469,0.0,-30.0,0.0,0.0,0.0
outer2,2,72,ba0f,120.0,150.0,120.00000762939453,120.00000762939453,0.0,0.0,0.0,0.0,0.0,0.0
outer2,2,72,ba0f,120.0,180.0,60.000003814697266,120.00000762939453,-60.000003814697266,60.0,-180.0,0.0,0.0,0.0
outer2,2,72,ba0f,120.0,210.0,60.000003814697266,82.81924438476562,-22.81924057006836,0.0,-60.0,0.0,0.0,0.0
outer2,2,72,ba0f,120.0,240.0,60.000003814697266,180.0,-119.99999618530273,0.0,-180.0,0.0,0.0,0.0
outer2,2,72,ba0f,120.0,270.0,60.000003814697266,41.40962219238281,18.590381622314453,30.0,-30.0,0.0,0.0,0.0
outer2,2,72,ba0f,120.0,300.0,128.68218994140625,0.0,128.68218994140625,60.0,120.0,0.0,1.0,-1.0
outer2,2,72,ba0f,120.0,330.0,97.18075561523438,0.0,97.18075561523438,0.0,120.0,0.0,1.0,-1.0
outer2,2,72,ba0f,150.0,0.0,90.0,90.0,0.0,0.0,0.0,0.0,0.0,0.0
outer2,2,72,ba0f,150.0,30.0,180.0,128.68218994140625,51.31781005859375,0.0,120.0,0.0,0.0,0.0
outer2,2,72,ba0f,150.0,60.0,60.000003814697266,28.95502281188965,31.044981002807617,0.0,120.0,0.0,0.0,0.0
outer2,2,72,ba0f,150.0,90.0,0.0,0.0,0.0,0.0,0.0,1.0,1.0,0.0
outer2,2,72,ba0f,150.0,120.0,0.0,0.0,0.0,0.0,0.0,1.0,1.0,0.0
outer2,2,72,ba0f,150.0,150.0,60.000003814697266,0.0,60.000003814697266,0.0,180.0,0.0,1.0,-1.0
outer2,2,72,ba0f,150.0,180.0,150.0,90.0,60.0,60.0,0.0,0.0,0.0,0.0
outer2,2,72,ba0f,150.0,210.0,151.04498291015625,151.04498291015625,0.0,0.0,0.0,0.0,0.0,0.0
outer2,2,72,ba0f,150.0,240.0,0.0,165.12905883789062,-165.12905883789062,-120.0,-150.0,1.0,0.0,1.0
outer2,2,72,ba0f,150.0,270.0,14.870942115783691,14.870942115783691,0.0,0.0,0.0,0.0,0.0,0.0
outer2,2,72,ba0f,150.0,300.0,60.000003814697266,60.000003814697266,0.0,0.0,0.0,0.0,0.0,0.0
outer2,2,72,ba0f,150.0,330.0,0.0,0.0,0.0,0.0,0.0,1.0,1.0,0.0
outer2,2,72,bb7c,30.0,0.0,0.0,0.0,0.0,0.0,0.0,1.0,1.0,0.0
outer2,2,72,bb7c,30.0,30.0,0.0,0.0,0.0,0.0,0.0,1.0,1.0,0.0
outer2,2,72,bb7c,30.0,60.0,0.0,0.0,0.0,0.0,0.0,1.0,1.0,0.0
outer2,2,72,bb7c,30.0,90.0,0.0,0.0,0.0,0.0,0.0,1.0,1.0,0.0
outer2,2,72,bb7c,30.0,120.0,0.0,0.0,0.0,0.0,0.0,1.0,1.0,0.0
outer2,2,72,bb7c,30.0,150.0,0.0,0.0,0.0,0.0,0.0,1.0,1.0,0.0
outer2,2,72,bb7c,30.0,180.0,0.0,0.0,0.0,0.0,0.0,1.0,1.0,0.0
outer2,2,72,bb7c,30.0,210.0,0.0,0.0,0.0,0.0,0.0,1.0,1.0,0.0
outer2,2,72,bb7c,30.0,240.0,0.0,0.0,0.0,0.0,0.0,1.0,1.0,0.0
outer2,2,72,bb7c,30.0,270.0,0.0,0.0,0.0,0.0,0.0,1.0,1.0,0.0
outer2,2,72,bb7c,30.0,300.0,0.0,0.0,0.0,0.0,0.0,1.0,1.0,0.0
outer2,2,72,bb7c,30.0,330.0,0.0,0.0,0.0,0.0,0.0,1.0,1.0,0.0
outer2,2,72,bb7c,60.0,0.0,0.0,0.0,0.0,0.0,0.0,1.0,1.0,0.0
outer2,2,72,bb7c,60.0,30.0,0.0,0.0,0.0,0.0,0.0,1.0,1.0,0.0
outer2,2,72,bb7c,60.0,60.0,0.0,0.0,0.0,0.0,0.0,1.0,1.0,0.0
outer2,2,72,bb7c,60.0,90.0,0.0,25.905075073242188,-25.905075073242188,0.0,-30.0,1.0,0.0,1.0
outer2,2,72,bb7c,60.0,120.0,0.0,0.0,0.0,0.0,0.0,1.0,1.0,0.0
outer2,2,72,bb7c,60.0,150.0,0.0,0.0,0.0,0.0,0.0,1.0,1.0,0.0
outer2,2,72,bb7c,60.0,180.0,0.0,0.0,0.0,0.0,0.0,1.0,1.0,0.0
outer2,2,72,bb7c,60.0,210.0,82.81924438476562,82.81924438476562,0.0,0.0,0.0,0.0,0.0,0.0
outer2,2,72,bb7c,60.0,240.0,0.0,0.0,0.0,0.0,0.0,1.0,1.0,0.0
outer2,2,72,bb7c,60.0,270.0,0.0,60.000003814697266,-60.000003814697266,-60.0,0.0,1.0,0.0,1.0
outer2,2,72,bb7c,60.0,300.0,0.0,0.0,0.0,0.0,0.0,1.0,1.0,0.0
outer2,2,72,bb7c,60.0,330.0,0.0,0.0,0.0,0.0,0.0,1.0,1.0,0.0
outer2,2,72,bb7c,90.0,0.0,0.0,180.0,-180.0,0.0,-180.0,1.0,0.0,1.0
outer2,2,72,bb7c,90.0,30.0,180.0,0.0,180.0,0.0,180.0,0.0,1.0,-1.0
outer2,2,72,bb7c,90.0,60.0,180.0,41.40962219238281,138.5903778076172,-30.0,150.0,0.0,0.0,0.0
outer2,2,72,bb7c,90.0,90.0,180.0,0.0,180.0,0.0,180.0,0.0,1.0,-1.0
outer2,2,72,bb7c,90.0,120.0,120.00000762939453,180.0,-59.99999237060547,0.0,-60.0,0.0,0.0,0.0
outer2,2,72,bb7c,90.0,150.0,180.0,180.0,0.0,0.0,0.0,0.0,0.0,0.0
outer2,2,72,bb7c,90.0,180.0,180.0,0.0,180.0,0.0,180.0,0.0,1.0,-1.0
outer2,2,72,bb7c,90.0,210.0,0.0,0.0,0.0,0.0,0.0,1.0,1.0,0.0
outer2,2,72,bb7c,90.0,240.0,0.0,0.0,0.0,0.0,0.0,1.0,1.0,0.0
outer2,2,72,bb7c,90.0,270.0,0.0,0.0,0.0,0.0,0.0,1.0,1.0,0.0
outer2,2,72,bb7c,90.0,300.0,60.000003814697266,180.0,-119.99999618530273,0.0,-120.0,0.0,0.0,0.0
outer2,2,72,bb7c,90.0,330.0,0.0,180.0,-180.0,0.0,-180.0,1.0,0.0,1.0
outer2,2,72,bb7c,120.0,0.0,0.0,0.0,0.0,0.0,0.0,1.0,1.0,0.0
outer2,2,72,bb7c,120.0,30.0,0.0,0.0,0.0,0.0,0.0,1.0,1.0,0.0
outer2,2,72,bb7c,120.0,60.0,0.0,0.0,0.0,0.0,0.0,1.0,1.0,0.0
outer2,2,72,bb7c,120.0,90.0,0.0,0.0,0.0,0.0,0.0,1.0,1.0,0.0
outer2,2,72,bb7c,120.0,120.0,0.0,0.0,0.0,0.0,0.0,1.0,1.0,0.0
outer2,2,72,bb7c,120.0,150.0,0.0,0.0,0.0,0.0,0.0,1.0,1.0,0.0
outer2,2,72,bb7c,120.0,180.0,0.0,0.0,0.0,0.0,0.0,1.0,1.0,0.0
outer2,2,72,bb7c,120.0,210.0,0.0,0.0,0.0,0.0,0.0,1.0,1.0,0.0
outer2,2,72,bb7c,120.0,240.0,0.0,128.6822052001953,-128.6822052001953,-60.0,-120.0,1.0,0.0,1.0
outer2,2,72,bb7c,120.0,270.0,60.000003814697266,180.0,-119.99999618530273,0.0,-180.0,0.0,0.0,0.0
outer2,2,72,bb7c,120.0,300.0,0.0,0.0,0.0,0.0,0.0,1.0,1.0,0.0
outer2,2,72,bb7c,120.0,330.0,0.0,0.0,0.0,0.0,0.0,1.0,1.0,0.0
outer2,2,72,bb7c,150.0,0.0,29.99998664855957,0.0,29.99998664855957,30.0,0.0,0.0,1.0,-1.0
outer2,2,72,bb7c,150.0,30.0,0.0,0.0,0.0,0.0,0.0,1.0,1.0,0.0
outer2,2,72,bb7c,150.0,60.0,0.0,0.0,0.0,0.0,0.0,1.0,1.0,0.0
outer2,2,72,bb7c,150.0,90.0,0.0,0.0,0.0,0.0,0.0,1.0,1.0,0.0
outer2,2,72,bb7c,150.0,120.0,0.0,0.0,0.0,0.0,0.0,1.0,1.0,0.0
outer2,2,72,bb7c,150.0,150.0,0.0,0.0,0.0,0.0,0.0,1.0,1.0,0.0
outer2,2,72,bb7c,150.0,180.0,29.99998664855957,0.0,29.99998664855957,30.0,0.0,0.0,1.0,-1.0
outer2,2,72,bb7c,150.0,210.0,0.0,0.0,0.0,0.0,0.0,1.0,1.0,0.0
outer2,2,72,bb7c,150.0,240.0,0.0,0.0,0.0,0.0,0.0,1.0,1.0,0.0
outer2,2,72,bb7c,150.0,270.0,0.0,0.0,0.0,0.0,0.0,1.0,1.0,0.0
outer2,2,72,bb7c,150.0,300.0,0.0,0.0,0.0,0.0,0.0,1.0,1.0,0.0
outer2,2,72,bb7c,150.0,330.0,0.0,0.0,0.0,0.0,0.0,1.0,1.0,0.0
outer2,2,73,b7c1,30.0,0.0,0.0,0.0,0.0,0.0,0.0,1.0,1.0,0.0
outer2,2,73,b7c1,30.0,30.0,0.0,0.0,0.0,0.0,0.0,1.0,1.0,0.0
outer2,2,73,b7c1,30.0,60.0,0.0,0.0,0.0,0.0,0.0,1.0,1.0,0.0
outer2,2,73,b7c1,30.0,90.0,0.0,0.0,0.0,0.0,0.0,1.0,1.0,0.0
outer2,2,73,b7c1,30.0,120.0,0.0,0.0,0.0,0.0,0.0,1.0,1.0,0.0
outer2,2,73,b7c1,30.0,150.0,0.0,60.000003814697266,-60.000003814697266,0.0,-180.0,1.0,0.0,1.0
outer2,2,73,b7c1,30.0,180.0,0.0,0.0,0.0,0.0,0.0,1.0,1.0,0.0
outer2,2,73,b7c1,30.0,210.0,0.0,0.0,0.0,0.0,0.0,1.0,1.0,0.0
outer2,2,73,b7c1,30.0,240.0,0.0,0.0,0.0,0.0,0.0,1.0,1.0,0.0
outer2,2,73,b7c1,30.0,270.0,0.0,0.0,0.0,0.0,0.0,1.0,1.0,0.0
outer2,2,73,b7c1,30.0,300.0,0.0,0.0,0.0,0.0,0.0,1.0,1.0,0.0
outer2,2,73,b7c1,30.0,330.0,0.0,0.0,0.0,0.0,0.0,1.0,1.0,0.0
outer2,2,73,b7c1,60.0,0.0,0.0,0.0,0.0,0.0,0.0,1.0,1.0,0.0
outer2,2,73,b7c1,60.0,30.0,0.0,82.81924438476562,-82.81924438476562,-60.0,-60.0,1.0,0.0,1.0
outer2,2,73,b7c1,60.0,60.0,0.0,0.0,0.0,0.0,0.0,1.0,1.0,0.0
outer2,2,73,b7c1,60.0,90.0,0.0,0.0,0.0,0.0,0.0,1.0,1.0,0.0
outer2,2,73,b7c1,60.0,120.0,0.0,0.0,0.0,0.0,0.0,1.0,1.0,0.0
outer2,2,73,b7c1,60.0,150.0,0.0,0.0,0.0,0.0,0.0,1.0,1.0,0.0
outer2,2,73,b7c1,60.0,180.0,0.0,0.0,0.0,0.0,0.0,1.0,1.0,0.0
outer2,2,73,b7c1,60.0,210.0,0.0,0.0,0.0,0.0,0.0,1.0,1.0,0.0
outer2,2,73,b7c1,60.0,240.0,0.0,0.0,0.0,0.0,0.0,1.0,1.0,0.0
outer2,2,73,b7c1,60.0,270.0,0.0,0.0,0.0,0.0,0.0,1.0,1.0,0.0
outer2,2,73,b7c1,60.0,300.0,0.0,0.0,0.0,0.0,0.0,1.0,1.0,0.0
outer2,2,73,b7c1,60.0,330.0,0.0,0.0,0.0,0.0,0.0,1.0,1.0,0.0
outer2,2,73,b7c1,90.0,0.0,0.0,0.0,0.0,0.0,0.0,1.0,1.0,0.0
outer2,2,73,b7c1,90.0,30.0,0.0,0.0,0.0,0.0,0.0,1.0,1.0,0.0
outer2,2,73,b7c1,90.0,60.0,0.0,0.0,0.0,0.0,0.0,1.0,1.0,0.0
outer2,2,73,b7c1,90.0,90.0,0.0,180.0,-180.0,0.0,-180.0,1.0,0.0,1.0
outer2,2,73,b7c1,90.0,120.0,0.0,0.0,0.0,0.0,0.0,1.0,1.0,0.0
outer2,2,73,b7c1,90.0,150.0,120.00000762939453,60.000003814697266,60.000003814697266,0.0,60.0,0.0,0.0,0.0
outer2,2,73,b7c1,90.0,180.0,180.0,150.0,30.0,0.0,30.0,0.0,0.0,0.0
outer2,2,73,b7c1,90.0,210.0,180.0,180.0,0.0,0.0,0.0,0.0,0.0,0.0
outer2,2,73,b7c1,90.0,240.0,180.0,180.0,0.0,0.0,0.0,0.0,0.0,0.0
outer2,2,73,b7c1,90.0,270.0,180.0,0.0,180.0,0.0,180.0,0.0,1.0,-1.0
outer2,2,73,b7c1,90.0,300.0,180.0,180.0,0.0,0.0,0.0,0.0,0.0,0.0
outer2,2,73,b7c1,90.0,330.0,180.0,60.00000762939453,119.99999237060547,0.0,120.0,0.0,0.0,0.0
outer2,2,73,b7c1,120.0,0.0,0.0,0.0,0.0,0.0,0.0,1.0,1.0,0.0
outer2,2,73,b7c1,120.0,30.0,0.0,0.0,0.0,0.0,0.0,1.0,1.0,0.0
outer2,2,73,b7c1,120.0,60.0,0.0,0.0,0.0,0.0,0.0,1.0,1.0,0.0
outer2,2,73,b7c1,120.0,90.0,0.0,0.0,0.0,0.0,0.0,1.0,1.0,0.0
outer2,2,73,b7c1,120.0,120.0,0.0,0.0,0.0,0.0,0.0,1.0,1.0,0.0
outer2,2,73,b7c1,120.0,150.0,0.0,0.0,0.0,0.0,0.0,1.0,1.0,0.0
outer2,2,73,b7c1,120.0,180.0,0.0,0.0,0.0,0.0,0.0,1.0,1.0,0.0
outer2,2,73,b7c1,120.0,210.0,120.00000762939453,120.00000762939453,0.0,0.0,0.0,0.0,0.0,0.0
outer2,2,73,b7c1,120.0,240.0,0.0,0.0,0.0,0.0,0.0,1.0,1.0,0.0
outer2,2,73,b7c1,120.0,270.0,0.0,0.0,0.0,0.0,0.0,1.0,1.0,0.0
outer2,2,73,b7c1,120.0,300.0,0.0,0.0,0.0,0.0,0.0,1.0,1.0,0.0
outer2,2,73,b7c1,120.0,330.0,0.0,0.0,0.0,0.0,0.0,1.0,1.0,0.0
outer2,2,73,b7c1,150.0,0.0,0.0,0.0,0.0,0.0,0.0,1.0,1.0,0.0
outer2,2,73,b7c1,150.0,30.0,0.0,0.0,0.0,0.0,0.0,1.0,1.0,0.0
outer2,2,73,b7c1,150.0,60.0,0.0,0.0,0.0,0.0,0.0,1.0,1.0,0.0
outer2,2,73,b7c1,150.0,90.0,0.0,0.0,0.0,0.0,0.0,1.0,1.0,0.0
outer2,2,73,b7c1,150.0,120.0,0.0,0.0,0.0,0.0,0.0,1.0,1.0,0.0
outer2,2,73,b7c1,150.0,150.0,0.0,0.0,0.0,0.0,0.0,1.0,1.0,0.0
outer2,2,73,b7c1,150.0,180.0,0.0,0.0,0.0,0.0,0.0,1.0,1.0,0.0
outer2,2,73,b7c1,150.0,210.0,0.0,0.0,0.0,0.0,0.0,1.0,1.0,0.0
outer2,2,73,b7c1,150.0,240.0,0.0,0.0,0.0,0.0,0.0,1.0,1.0,0.0
outer2,2,73,b7c1,150.0,270.0,0.0,0.0,0.0,0.0,0.0,1.0,1.0,0.0
outer2,2,73,b7c1,150.0,300.0,0.0,0.0,0.0,0.0,0.0,1.0,1.0,0.0
outer2,2,73,b7c1,150.0,330.0,0.0,0.0,0.0,0.0,0.0,1.0,1.0,0.0
outer2,2,73,b80b,30.0,0.0,0.0,0.0,0.0,0.0,0.0,1.0,1.0,0.0
outer2,2,73,b80b,30.0,30.0,0.0,0.0,0.0,0.0,0.0,1.0,1.0,0.0
outer2,2,73,b80b,30.0,60.0,0.0,0.0,0.0,0.0,0.0,1.0,1.0,0.0
outer2,2,73,b80b,30.0,90.0,0.0,0.0,0.0,0.0,0.0,1.0,1.0,0.0
outer2,2,73,b80b,30.0,120.0,0.0,0.0,0.0,0.0,0.0,1.0,1.0,0.0
outer2,2,73,b80b,30.0,150.0,0.0,60.000003814697266,-60.000003814697266,0.0,-180.0,1.0,0.0,1.0
outer2,2,73,b80b,30.0,180.0,0.0,0.0,0.0,0.0,0.0,1.0,1.0,0.0
outer2,2,73,b80b,30.0,210.0,0.0,0.0,0.0,0.0,0.0,1.0,1.0,0.0
outer2,2,73,b80b,30.0,240.0,0.0,0.0,0.0,0.0,0.0,1.0,1.0,0.0
outer2,2,73,b80b,30.0,270.0,0.0,0.0,0.0,0.0,0.0,1.0,1.0,0.0
outer2,2,73,b80b,30.0,300.0,0.0,0.0,0.0,0.0,0.0,1.0,1.0,0.0
outer2,2,73,b80b,30.0,330.0,0.0,0.0,0.0,0.0,0.0,1.0,1.0,0.0
outer2,2,73,b80b,60.0,0.0,0.0,0.0,0.0,0.0,0.0,1.0,1.0,0.0
outer2,2,73,b80b,60.0,30.0,0.0,0.0,0.0,0.0,0.0,1.0,1.0,0.0
outer2,2,73,b80b,60.0,60.0,0.0,0.0,0.0,0.0,0.0,1.0,1.0,0.0
outer2,2,73,b80b,60.0,90.0,0.0,0.0,0.0,0.0,0.0,1.0,1.0,0.0
outer2,2,73,b80b,60.0,120.0,0.0,0.0,0.0,0.0,0.0,1.0,1.0,0.0
outer2,2,73,b80b,60.0,150.0,0.0,0.0,0.0,0.0,0.0,1.0,1.0,0.0
outer2,2,73,b80b,60.0,180.0,0.0,0.0,0.0,0.0,0.0,1.0,1.0,0.0
outer2,2,73,b80b,60.0,210.0,0.0,0.0,0.0,0.0,0.0,1.0,1.0,0.0
outer2,2,73,b80b,60.0,240.0,0.0,0.0,0.0,0.0,0.0,1.0,1.0,0.0
outer2,2,73,b80b,60.0,270.0,0.0,0.0,0.0,0.0,0.0,1.0,1.0,0.0
outer2,2,73,b80b,60.0,300.0,0.0,0.0,0.0,0.0,0.0,1.0,1.0,0.0
outer2,2,73,b80b,60.0,330.0,0.0,0.0,0.0,0.0,0.0,1.0,1.0,0.0
outer2,2,73,b80b,90.0,0.0,0.0,0.0,0.0,0.0,0.0,1.0,1.0,0.0
outer2,2,73,b80b,90.0,30.0,0.0,180.0,-180.0,0.0,-180.0,1.0,0.0,1.0
outer2,2,73,b80b,90.0,60.0,0.0,0.0,0.0,0.0,0.0,1.0,1.0,0.0
outer2,2,73,b80b,90.0,90.0,0.0,180.0,-180.0,0.0,-180.0,1.0,0.0,1.0
outer2,2,73,b80b,90.0,120.0,0.0,0.0,0.0,0.0,0.0,1.0,1.0,0.0
outer2,2,73,b80b,90.0,150.0,0.0,180.0,-180.0,0.0,-180.0,1.0,0.0,1.0
outer2,2,73,b80b,90.0,180.0,180.0,180.0,0.0,0.0,0.0,0.0,0.0,0.0
outer2,2,73,b80b,90.0,210.0,180.0,0.0,180.0,0.0,180.0,0.0,1.0,-1.0
outer2,2,73,b80b,90.0,240.0,180.0,60.000003814697266,119.99999618530273,0.0,120.0,0.0,0.0,0.0
outer2,2,73,b80b,90.0,270.0,0.0,0.0,0.0,0.0,0.0,1.0,1.0,0.0
outer2,2,73,b80b,90.0,300.0,0.0,0.0,0.0,0.0,0.0,1.0,1.0,0.0
outer2,2,73,b80b,90.0,330.0,180.0,0.0,180.0,0.0,180.0,0.0,1.0,-1.0
outer2,2,73,b80b,120.0,0.0,0.0,0.0,0.0,0.0,0.0,1.0,1.0,0.0
outer2,2,73,b80b,120.0,30.0,0.0,0.0,0.0,0.0,0.0,1.0,1.0,0.0
outer2,2,73,b80b,120.0,60.0,0.0,0.0,0.0,0.0,0.0,1.0,1.0,0.0
outer2,2,73,b80b,120.0,90.0,0.0,0.0,0.0,0.0,0.0,1.0,1.0,0.0
outer2,2,73,b80b,120.0,120.0,0.0,0.0,0.0,0.0,0.0,1.0,1.0,0.0
outer2,2,73,b80b,120.0,150.0,0.0,0.0,0.0,0.0,0.0,1.0,1.0,0.0
outer2,2,73,b80b,120.0,180.0,0.0,0.0,0.0,0.0,0.0,1.0,1.0,0.0
outer2,2,73,b80b,120.0,210.0,0.0,0.0,0.0,0.0,0.0,1.0,1.0,0.0
outer2,2,73,b80b,120.0,240.0,0.0,0.0,0.0,0.0,0.0,1.0,1.0,0.0
outer2,2,73,b80b,120.0,270.0,0.0,0.0,0.0,0.0,0.0,1.0,1.0,0.0
outer2,2,73,b80b,120.0,300.0,0.0,0.0,0.0,0.0,0.0,1.0,1.0,0.0
outer2,2,73,b80b,120.0,330.0,0.0,0.0,0.0,0.0,0.0,1.0,1.0,0.0
outer2,2,73,b80b,150.0,0.0,0.0,0.0,0.0,0.0,0.0,1.0,1.0,0.0
outer2,2,73,b80b,150.0,30.0,0.0,0.0,0.0,0.0,0.0,1.0,1.0,0.0
outer2,2,73,b80b,150.0,60.0,0.0,0.0,0.0,0.0,0.0,1.0,1.0,0.0
outer2,2,73,b80b,150.0,90.0,0.0,0.0,0.0,0.0,0.0,1.0,1.0,0.0
outer2,2,73,b80b,150.0,120.0,0.0,0.0,0.0,0.0,0.0,1.0,1.0,0.0
outer2,2,73,b80b,150.0,150.0,0.0,0.0,0.0,0.0,0.0,1.0,1.0,0.0
outer2,2,73,b80b,150.0,180.0,0.0,0.0,0.0,0.0,0.0,1.0,1.0,0.0
outer2,2,73,b80b,150.0,210.0,0.0,0.0,0.0,0.0,0.0,1.0,1.0,0.0
outer2,2,73,b80b,150.0,240.0,0.0,0.0,0.0,0.0,0.0,1.0,1.0,0.0
outer2,2,73,b80b,150.0,270.0,0.0,0.0,0.0,0.0,0.0,1.0,1.0,0.0
outer2,2,73,b80b,150.0,300.0,0.0,0.0,0.0,0.0,0.0,1.0,1.0,0.0
outer2,2,73,b80b,150.0,330.0,0.0,0.0,0.0,0.0,0.0,1.0,1.0,0.0
outer2,2,73,b9e6,30.0,0.0,0.0,0.0,0.0,0.0,0.0,1.0,1.0,0.0
outer2,2,73,b9e6,30.0,30.0,0.0,0.0,0.0,0.0,0.0,1.0,1.0,0.0
outer2,2,73,b9e6,30.0,60.0,0.0,0.0,0.0,0.0,0.0,1.0,1.0,0.0
outer2,2,73,b9e6,30.0,90.0,0.0,0.0,0.0,0.0,0.0,1.0,1.0,0.0
outer2,2,73,b9e6,30.0,120.0,0.0,0.0,0.0,0.0,0.0,1.0,1.0,0.0
outer2,2,73,b9e6,30.0,150.0,0.0,0.0,0.0,0.0,0.0,1.0,1.0,0.0
outer2,2,73,b9e6,30.0,180.0,0.0,0.0,0.0,0.0,0.0,1.0,1.0,0.0
outer2,2,73,b9e6,30.0,210.0,0.0,0.0,0.0,0.0,0.0,1.0,1.0,0.0
outer2,2,73,b9e6,30.0,240.0,0.0,0.0,0.0,0.0,0.0,1.0,1.0,0.0
outer2,2,73,b9e6,30.0,270.0,0.0,0.0,0.0,0.0,0.0,1.0,1.0,0.0
outer2,2,73,b9e6,30.0,300.0,0.0,0.0,0.0,0.0,0.0,1.0,1.0,0.0
outer2,2,73,b9e6,30.0,330.0,0.0,0.0,0.0,0.0,0.0,1.0,1.0,0.0
outer2,2,73,b9e6,60.0,0.0,0.0,0.0,0.0,0.0,0.0,1.0,1.0,0.0
outer2,2,73,b9e6,60.0,30.0,0.0,0.0,0.0,0.0,0.0,1.0,1.0,0.0
outer2,2,73,b9e6,60.0,60.0,0.0,0.0,0.0,0.0,0.0,1.0,1.0,0.0
outer2,2,73,b9e6,60.0,90.0,0.0,0.0,0.0,0.0,0.0,1.0,1.0,0.0
outer2,2,73,b9e6,60.0,120.0,0.0,0.0,0.0,0.0,0.0,1.0,1.0,0.0
outer2,2,73,b9e6,60.0,150.0,0.0,0.0,0.0,0.0,0.0,1.0,1.0,0.0
outer2,2,73,b9e6,60.0,180.0,0.0,0.0,0.0,0.0,0.0,1.0,1.0,0.0
outer2,2,73,b9e6,60.0,210.0,120.00000762939453,120.00000762939453,0.0,0.0,0.0,0.0,0.0,0.0
outer2,2,73,b9e6,60.0,240.0,0.0,0.0,0.0,0.0,0.0,1.0,1.0,0.0
outer2,2,73,b9e6,60.0,270.0,0.0,0.0,0.0,0.0,0.0,1.0,1.0,0.0
outer2,2,73,b9e6,60.0,300.0,0.0,0.0,0.0,0.0,0.0,1.0,1.0,0.0
outer2,2,73,b9e6,60.0,330.0,0.0,0.0,0.0,0.0,0.0,1.0,1.0,0.0
outer2,2,73,b9e6,90.0,0.0,0.0,0.0,0.0,0.0,0.0,1.0,1.0,0.0
outer2,2,73,b9e6,90.0,30.0,0.0,0.0,0.0,0.0,0.0,1.0,1.0,0.0
outer2,2,73,b9e6,90.0,60.0,0.0,0.0,0.0,0.0,0.0,1.0,1.0,0.0
outer2,2,73,b9e6,90.0,90.0,0.0,180.0,-180.0,0.0,-180.0,1.0,0.0,1.0
outer2,2,73,b9e6,90.0,120.0,60.000003814697266,60.000003814697266,0.0,0.0,0.0,0.0,0.0,0.0
outer2,2,73,b9e6,90.0,150.0,0.0,120.00000762939453,-120.00000762939453,0.0,-120.0,1.0,0.0,1.0
outer2,2,73,b9e6,90.0,180.0,180.0,180.0,0.0,0.0,0.0,0.0,0.0,0.0
outer2,2,73,b9e6,90.0,210.0,180.0,0.0,180.0,0.0,180.0,0.0,1.0,-1.0
outer2,2,73,b9e6,90.0,240.0,180.0,180.0,0.0,0.0,0.0,0.0,0.0,0.0
outer2,2,73,b9e6,90.0,270.0,0.0,0.0,0.0,0.0,0.0,1.0,1.0,0.0
outer2,2,73,b9e6,90.0,300.0,60.000003814697266,119.99999237060547,-59.9999885559082,0.0,-60.0,0.0,0.0,0.0
outer2,2,73,b9e6,90.0,330.0,180.0,0.0,180.0,0.0,180.0,0.0,1.0,-1.0
outer2,2,73,b9e6,120.0,0.0,0.0,0.0,0.0,0.0,0.0,1.0,1.0,0.0
outer2,2,73,b9e6,120.0,30.0,0.0,0.0,0.0,0.0,0.0,1.0,1.0,0.0
outer2,2,73,b9e6,120.0,60.0,0.0,0.0,0.0,0.0,0.0,1.0,1.0,0.0
outer2,2,73,b9e6,120.0,90.0,0.0,0.0,0.0,0.0,0.0,1.0,1.0,0.0
outer2,2,73,b9e6,120.0,120.0,0.0,0.0,0.0,0.0,0.0,1.0,1.0,0.0
outer2,2,73,b9e6,120.0,150.0,0.0,0.0,0.0,0.0,0.0,1.0,1.0,0.0
outer2,2,73,b9e6,120.0,180.0,0.0,0.0,0.0,0.0,0.0,1.0,1.0,0.0
outer2,2,73,b9e6,120.0,210.0,120.00000762939453,113.54811096191406,6.451896667480469,0.0,30.0,0.0,0.0,0.0
outer2,2,73,b9e6,120.0,240.0,0.0,0.0,0.0,0.0,0.0,1.0,1.0,0.0
outer2,2,73,b9e6,120.0,270.0,0.0,0.0,0.0,0.0,0.0,1.0,1.0,0.0
outer2,2,73,b9e6,120.0,300.0,0.0,0.0,0.0,0.0,0.0,1.0,1.0,0.0
outer2,2,73,b9e6,120.0,330.0,0.0,0.0,0.0,0.0,0.0,1.0,1.0,0.0
outer2,2,73,b9e6,150.0,0.0,0.0,0.0,0.0,0.0,0.0,1.0,1.0,0.0
outer2,2,73,b9e6,150.0,30.0,0.0,0.0,0.0,0.0,0.0,1.0,1.0,0.0
outer2,2,73,b9e6,150.0,60.0,0.0,0.0,0.0,0.0,0.0,1.0,1.0,0.0
outer2,2,73,b9e6,150.0,90.0,0.0,0.0,0.0,0.0,0.0,1.0,1.0,0.0
outer2,2,73,b9e6,150.0,120.0,0.0,0.0,0.0,0.0,0.0,1.0,1.0,0.0
outer2,2,73,b9e6,150.0,150.0,0.0,0.0,0.0,0.0,0.0,1.0,1.0,0.0
outer2,2,73,b9e6,150.0,180.0,0.0,0.0,0.0,0.0,0.0,1.0,1.0,0.0
outer2,2,73,b9e6,150.0,210.0,0.0,0.0,0.0,0.0,0.0,1.0,1.0,0.0
outer2,2,73,b9e6,150.0,240.0,0.0,0.0,0.0,0.0,0.0,1.0,1.0,0.0
outer2,2,73,b9e6,150.0,270.0,0.0,0.0,0.0,0.0,0.0,1.0,1.0,0.0
outer2,2,73,b9e6,150.0,300.0,0.0,0.0,0.0,0.0,0.0,1.0,1.0,0.0
outer2,2,73,b9e6,150.0,330.0,0.0,0.0,0.0,0.0,0.0,1.0,1.0,0.0
outer2,2,73,ba0f,30.0,0.0,90.0,30.000001907348633,59.99999809265137,0.0,180.0,0.0,0.0,0.0
outer2,2,73,ba0f,30.0,30.0,128.68218994140625,151.04498291015625,-22.36279296875,0.0,-60.0,0.0,0.0,0.0
outer2,2,73,ba0f,30.0,60.0,122.24180603027344,128.68218994140625,-6.4403839111328125,0.0,-30.0,0.0,0.0,0.0
outer2,2,73,ba0f,30.0,90.0,60.000003814697266,57.7581901550293,2.2418136596679688,0.0,30.0,0.0,0.0,0.0
outer2,2,73,ba0f,30.0,120.0,0.0,0.0,0.0,0.0,0.0,1.0,1.0,0.0
outer2,2,73,ba0f,30.0,150.0,60.000003814697266,0.0,60.000003814697266,0.0,180.0,0.0,1.0,-1.0
outer2,2,73,ba0f,30.0,180.0,90.0,0.0,90.0,90.0,0.0,0.0,1.0,-1.0
outer2,2,73,ba0f,30.0,210.0,151.04498291015625,128.68218994140625,22.36279296875,0.0,60.0,0.0,0.0,0.0
outer2,2,73,ba0f,30.0,240.0,151.04498291015625,151.04498291015625,0.0,0.0,0.0,0.0,0.0,0.0
outer2,2,73,ba0f,30.0,270.0,120.00000762939453,122.24180603027344,-2.2417984008789062,0.0,-30.0,0.0,0.0,0.0
outer2,2,73,ba0f,30.0,300.0,60.000003814697266,60.000003814697266,0.0,0.0,0.0,0.0,0.0,0.0
outer2,2,73,ba0f,30.0,330.0,0.0,0.0,0.0,0.0,0.0,1.0,1.0,0.0
outer2,2,73,ba0f,60.0,0.0,0.0,0.0,0.0,0.0,0.0,1.0,1.0,0.0
outer2,2,73,ba0f,60.0,30.0,0.0,0.0,0.0,0.0,0.0,1.0,1.0,0.0
outer2,2,73,ba0f,60.0,60.0,51.31781005859375,0.0,51.31781005859375,0.0,60.0,0.0,1.0,-1.0
outer2,2,73,ba0f,60.0,90.0,0.0,29.999998092651367,-29.999998092651367,-30.0,0.0,1.0,0.0,1.0
outer2,2,73,ba0f,60.0,120.0,120.00000762939453,120.00000762939453,0.0,0.0,0.0,0.0,0.0,0.0
outer2,2,73,ba0f,60.0,150.0,120.00000762939453,120.00000762939453,0.0,0.0,0.0,0.0,0.0,0.0
outer2,2,73,ba0f,60.0,180.0,60.000003814697266,0.0,60.000003814697266,60.0,0.0,0.0,1.0,-1.0
outer2,2,73,ba0f,60.0,210.0,60.000003814697266,60.000003814697266,0.0,0.0,0.0,0.0,0.0,0.0
outer2,2,73,ba0f,60.0,240.0,154.0949249267578,97.1807632446289,56.914161682128906,60.0,30.0,0.0,0.0,0.0
outer2,2,73,ba0f,60.0,270.0,29.999998092651367,29.999998092651367,0.0,0.0,0.0,0.0,0.0,0.0
outer2,2,73,ba0f,60.0,300.0,0.0,113.54812622070312,-113.54812622070312,0.0,-150.0,1.0,0.0,1.0
outer2,2,73,ba0f,60.0,330.0,120.00000762939453,60.000003814697266,60.000003814697266,-60.0,180.0,0.0,0.0,0.0
outer2,2,73,ba0f,90.0,0.0,0.0,0.0,0.0,0.0,0.0,1.0,1.0,0.0
outer2,2,73,ba0f,90.0,30.0,60.00000762939453,60.00000762939453,0.0,0.0,0.0,0.0,0.0,0.0
outer2,2,73,ba0f,90.0,60.0,119.99999237060547,60.000003814697266,59.9999885559082,0.0,60.0,0.0,0.0,0.0
outer2,2,73,ba0f,90.0,90.0,0.0,180.0,-180.0,0.0,-180.0,1.0,0.0,1.0
outer2,2,73,ba0f,90.0,120.0,0.0,0.0,0.0,0.0,0.0,1.0,1.0,0.0
outer2,2,73,ba0f,90.0,150.0,150.0,180.0,-30.0,0.0,-30.0,0.0,0.0,0.0
outer2,2,73,ba0f,90.0,180.0,180.0,180.0,0.0,0.0,0.0,0.0,0.0,0.0
outer2,2,73,ba0f,90.0,210.0,120.00000762939453,120.00000762939453,0.0,0.0,0.0,0.0,0.0,0.0
outer2,2,73,ba0f,90.0,240.0,150.0,120.00000762939453,29.99999237060547,0.0,30.0,0.0,0.0,0.0
outer2,2,73,ba0f,90.0,270.0,180.0,0.0,180.0,0.0,180.0,0.0,1.0,-1.0
outer2,2,73,ba0f,90.0,300.0,0.0,0.0,0.0,0.0,0.0,1.0,1.0,0.0
outer2,2,73,ba0f,90.0,330.0,180.0,0.0,180.0,0.0,180.0,0.0,1.0,-1.0
outer2,2,73,ba0f,120.0,0.0,0.0,0.0,0.0,0.0,0.0,1.0,1.0,0.0
outer2,2,73,ba0f,120.0,30.0,0.0,0.0,0.0,0.0,0.0,1.0,1.0,0.0
outer2,2,73,ba0f,120.0,60.0,0.0,0.0,0.0,0.0,0.0,1.0,1.0,0.0
outer2,2,73,ba0f,120.0,90.0,0.0,30.000001907348633,-30.000001907348633,-30.0,0.0,1.0,0.0,1.0
outer2,2,73,ba0f,120.0,120.0,120.00000762939453,120.00000762939453,0.0,0.0,0.0,0.0,0.0,0.0
outer2,2,73,ba0f,120.0,150.0,120.00000762939453,120.00000762939453,0.0,0.0,0.0,0.0,0.0,0.0
outer2,2,73,ba0f,120.0,180.0,60.000003814697266,60.000003814697266,0.0,0.0,0.0,0.0,0.0,0.0
outer2,2,73,ba0f,120.0,210.0,51.31781005859375,60.000003814697266,-8.682193756103516,-60.0,60.0,0.0,0.0,0.0
outer2,2,73,ba0f,120.0,240.0,66.45188903808594,120.00000762939453,-53.548118591308594,60.0,-150.0,0.0,0.0,0.0
outer2,2,73,ba0f,120.0,270.0,60.000003814697266,41.40962219238281,18.590381622314453,30.0,-30.0,0.0,0.0,0.0
outer2,2,73,ba0f,120.0,300.0,25.905075073242188,128.68218994140625,-102.77711486816406,-60.0,-90.0,0.0,0.0,0.0
outer2,2,73,ba0f,120.0,330.0,97.18075561523438,97.18075561523438,0.0,0.0,0.0,0.0,0.0,0.0
outer2,2,73,ba0f,150.0,0.0,90.0,90.0,0.0,0.0,0.0,0.0,0.0,0.0
outer2,2,73,ba0f,150.0,30.0,128.68218994140625,151.04498291015625,-22.36279296875,0.0,-60.0,0.0,0.0,0.0
outer2,2,73,ba0f,150.0,60.0,28.95502281188965,128.68218994140625,-99.7271671295166,-120.0,0.0,0.0,0.0,0.0
outer2,2,73,ba0f,150.0,90.0,57.7581901550293,57.7581901550293,0.0,0.0,0.0,0.0,0.0,0.0
outer2,2,73,ba0f,150.0,120.0,0.0,0.0,0.0,0.0,0.0,1.0,1.0,0.0
outer2,2,73,ba0f,150.0,150.0,60.000003814697266,0.0,60.000003814697266,0.0,180.0,0.0,1.0,-1.0
outer2,2,73,ba0f,150.0,180.0,90.0,150.0,-60.0,-60.0,0.0,0.0,0.0,0.0
outer2,2,73,ba0f,150.0,210.0,57.7581901550293,151.04498291015625,-93.28679275512695,-120.0,30.0,0.0,0.0,0.0
outer2,2,73,ba0f,150.0,240.0,51.31782150268555,151.04498291015625,-99.7271614074707,-120.0,0.0,0.0,0.0,0.0
outer2,2,73,ba0f,150.0,270.0,120.00000762939453,14.870942115783691,105.12906551361084,120.0,-30.0,0.0,0.0,0.0
outer2,2,73,ba0f,150.0,300.0,57.7581901550293,60.000003814697266,-2.2418136596679688,0.0,-30.0,0.0,0.0,0.0
outer2,2,73,ba0f,150.0,330.0,0.0,0.0,0.0,0.0,0.0,1.0,1.0,0.0
outer2,2,73,bb7c,30.0,0.0,0.0,0.0,0.0,0.0,0.0,1.0,1.0,0.0
outer2,2,73,bb7c,30.0,30.0,0.0,0.0,0.0,0.0,0.0,1.0,1.0,0.0
outer2,2,73,bb7c,30.0,60.0,0.0,0.0,0.0,0.0,0.0,1.0,1.0,0.0
outer2,2,73,bb7c,30.0,90.0,0.0,0.0,0.0,0.0,0.0,1.0,1.0,0.0
outer2,2,73,bb7c,30.0,120.0,0.0,0.0,0.0,0.0,0.0,1.0,1.0,0.0
outer2,2,73,bb7c,30.0,150.0,0.0,60.000003814697266,-60.000003814697266,0.0,-180.0,1.0,0.0,1.0
outer2,2,73,bb7c,30.0,180.0,0.0,0.0,0.0,0.0,0.0,1.0,1.0,0.0
outer2,2,73,bb7c,30.0,210.0,0.0,0.0,0.0,0.0,0.0,1.0,1.0,0.0
outer2,2,73,bb7c,30.0,240.0,0.0,0.0,0.0,0.0,0.0,1.0,1.0,0.0
outer2,2,73,bb7c,30.0,270.0,0.0,0.0,0.0,0.0,0.0,1.0,1.0,0.0
outer2,2,73,bb7c,30.0,300.0,0.0,0.0,0.0,0.0,0.0,1.0,1.0,0.0
outer2,2,73,bb7c,30.0,330.0,0.0,0.0,0.0,0.0,0.0,1.0,1.0,0.0
outer2,2,73,bb7c,60.0,0.0,0.0,0.0,0.0,0.0,0.0,1.0,1.0,0.0
outer2,2,73,bb7c,60.0,30.0,0.0,0.0,0.0,0.0,0.0,1.0,1.0,0.0
outer2,2,73,bb7c,60.0,60.0,51.31781005859375,0.0,51.31781005859375,0.0,60.0,0.0,1.0,-1.0
outer2,2,73,bb7c,60.0,90.0,0.0,0.0,0.0,0.0,0.0,1.0,1.0,0.0
outer2,2,73,bb7c,60.0,120.0,0.0,0.0,0.0,0.0,0.0,1.0,1.0,0.0
outer2,2,73,bb7c,60.0,150.0,0.0,0.0,0.0,0.0,0.0,1.0,1.0,0.0
outer2,2,73,bb7c,60.0,180.0,0.0,0.0,0.0,0.0,0.0,1.0,1.0,0.0
outer2,2,73,bb7c,60.0,210.0,0.0,82.81924438476562,-82.81924438476562,-60.0,-60.0,1.0,0.0,1.0
outer2,2,73,bb7c,60.0,240.0,0.0,0.0,0.0,0.0,0.0,1.0,1.0,0.0
outer2,2,73,bb7c,60.0,270.0,150.0,0.0,150.0,30.0,180.0,0.0,1.0,-1.0
outer2,2,73,bb7c,60.0,300.0,0.0,0.0,0.0,0.0,0.0,1.0,1.0,0.0
outer2,2,73,bb7c,60.0,330.0,0.0,0.0,0.0,0.0,0.0,1.0,1.0,0.0
outer2,2,73,bb7c,90.0,0.0,0.0,0.0,0.0,0.0,0.0,1.0,1.0,0.0
outer2,2,73,bb7c,90.0,30.0,0.0,0.0,0.0,0.0,0.0,1.0,1.0,0.0
outer2,2,73,bb7c,90.0,60.0,0.0,60.000003814697266,-60.000003814697266,0.0,-60.0,1.0,0.0,1.0
outer2,2,73,bb7c,90.0,90.0,0.0,180.0,-180.0,0.0,-180.0,1.0,0.0,1.0
outer2,2,73,bb7c,90.0,120.0,0.0,180.0,-180.0,0.0,-180.0,1.0,0.0,1.0
outer2,2,73,bb7c,90.0,150.0,180.0,180.0,0.0,0.0,0.0,0.0,0.0,0.0
outer2,2,73,bb7c,90.0,180.0,180.0,180.0,0.0,0.0,0.0,0.0,0.0,0.0
outer2,2,73,bb7c,90.0,210.0,180.0,180.0,0.0,0.0,0.0,0.0,0.0,0.0
outer2,2,73,bb7c,90.0,240.0,0.0,60.000003814697266,-60.000003814697266,0.0,-60.0,1.0,0.0,1.0
outer2,2,73,bb7c,90.0,270.0,0.0,0.0,0.0,0.0,0.0,1.0,1.0,0.0
outer2,2,73,bb7c,90.0,300.0,180.0,180.0,0.0,0.0,0.0,0.0,0.0,0.0
outer2,2,73,bb7c,90.0,330.0,180.0,0.0,180.0,0.0,180.0,0.0,1.0,-1.0
outer2,2,73,bb7c,120.0,0.0,0.0,0.0,0.0,0.0,0.0,1.0,1.0,0.0
outer2,2,73,bb7c,120.0,30.0,0.0,0.0,0.0,0.0,0.0,1.0,1.0,0.0
outer2,2,73,bb7c,120.0,60.0,0.0,0.0,0.0,0.0,0.0,1.0,1.0,0.0
outer2,2,73,bb7c,120.0,90.0,0.0,0.0,0.0,0.0,0.0,1.0,1.0,0.0
outer2,2,73,bb7c,120.0,120.0,0.0,0.0,0.0,0.0,0.0,1.0,1.0,0.0
outer2,2,73,bb7c,120.0,150.0,0.0,0.0,0.0,0.0,0.0,1.0,1.0,0.0
outer2,2,73,bb7c,120.0,180.0,0.0,0.0,0.0,0.0,0.0,1.0,1.0,0.0
outer2,2,73,bb7c,120.0,210.0,0.0,0.0,0.0,0.0,0.0,1.0,1.0,0.0
outer2,2,73,bb7c,120.0,240.0,0.0,60.000003814697266,-60.000003814697266,-60.0,0.0,1.0,0.0,1.0
outer2,2,73,bb7c,120.0,270.0,0.0,0.0,0.0,0.0,0.0,1.0,1.0,0.0
outer2,2,73,bb7c,120.0,300.0,0.0,120.00000762939453,-120.00000762939453,0.0,-180.0,1.0,0.0,1.0
outer2,2,73,bb7c,120.0,330.0,0.0,60.000003814697266,-60.000003814697266,-60.0,0.0,1.0,0.0,1.0
outer2,2,73,bb7c,150.0,0.0,0.0,0.0,0.0,0.0,0.0,1.0,1.0,0.0
outer2,2,73,bb7c,150.0,30.0,0.0,0.0,0.0,0.0,0.0,1.0,1.0,0.0
outer2,2,73,bb7c,150.0,60.0,0.0,0.0,0.0,0.0,0.0,1.0,1.0,0.0
outer2,2,73,bb7c,150.0,90.0,0.0,0.0,0.0,0.0,0.0,1.0,1.0,0.0
outer2,2,73,bb7c,150.0,120.0,0.0,0.0,0.0,0.0,0.0,1.0,1.0,0.0
outer2,2,73,bb7c,150.0,150.0,0.0,0.0,0.0,0.0,0.0,1.0,1.0,0.0
outer2,2,73,bb7c,150.0,180.0,60.000003814697266,0.0,60.000003814697266,0.0,180.0,0.0,1.0,-1.0
outer2,2,73,bb7c,150.0,210.0,0.0,0.0,0.0,0.0,0.0,1.0,1.0,0.0
outer2,2,73,bb7c,150.0,240.0,0.0,0.0,0.0,0.0,0.0,1.0,1.0,0.0
outer2,2,73,bb7c,150.0,270.0,0.0,0.0,0.0,0.0,0.0,1.0,1.0,0.0
outer2,2,73,bb7c,150.0,300.0,0.0,0.0,0.0,0.0,0.0,1.0,1.0,0.0
outer2,2,73,bb7c,150.0,330.0,0.0,0.0,0.0,0.0,0.0,1.0,1.0,0.0
outer2,2,74,b7c1,30.0,0.0,0.0,0.0,0.0,0.0,0.0,1.0,1.0,0.0
outer2,2,74,b7c1,30.0,30.0,0.0,0.0,0.0,0.0,0.0,1.0,1.0,0.0
outer2,2,74,b7c1,30.0,60.0,0.0,0.0,0.0,0.0,0.0,1.0,1.0,0.0
outer2,2,74,b7c1,30.0,90.0,0.0,0.0,0.0,0.0,0.0,1.0,1.0,0.0
outer2,2,74,b7c1,30.0,120.0,0.0,0.0,0.0,0.0,0.0,1.0,1.0,0.0
outer2,2,74,b7c1,30.0,150.0,0.0,0.0,0.0,0.0,0.0,1.0,1.0,0.0
outer2,2,74,b7c1,30.0,180.0,0.0,0.0,0.0,0.0,0.0,1.0,1.0,0.0
outer2,2,74,b7c1,30.0,210.0,0.0,0.0,0.0,0.0,0.0,1.0,1.0,0.0
outer2,2,74,b7c1,30.0,240.0,0.0,0.0,0.0,0.0,0.0,1.0,1.0,0.0
outer2,2,74,b7c1,30.0,270.0,0.0,0.0,0.0,0.0,0.0,1.0,1.0,0.0
outer2,2,74,b7c1,30.0,300.0,0.0,0.0,0.0,0.0,0.0,1.0,1.0,0.0
outer2,2,74,b7c1,30.0,330.0,0.0,0.0,0.0,0.0,0.0,1.0,1.0,0.0
outer2,2,74,b7c1,60.0,0.0,0.0,0.0,0.0,0.0,0.0,1.0,1.0,0.0
outer2,2,74,b7c1,60.0,30.0,0.0,0.0,0.0,0.0,0.0,1.0,1.0,0.0
outer2,2,74,b7c1,60.0,60.0,0.0,75.52249145507812,-75.52249145507812,0.0,-90.0,1.0,0.0,1.0
outer2,2,74,b7c1,60.0,90.0,0.0,0.0,0.0,0.0,0.0,1.0,1.0,0.0
outer2,2,74,b7c1,60.0,120.0,0.0,0.0,0.0,0.0,0.0,1.0,1.0,0.0
outer2,2,74,b7c1,60.0,150.0,0.0,0.0,0.0,0.0,0.0,1.0,1.0,0.0
outer2,2,74,b7c1,60.0,180.0,0.0,0.0,0.0,0.0,0.0,1.0,1.0,0.0
outer2,2,74,b7c1,60.0,210.0,0.0,0.0,0.0,0.0,0.0,1.0,1.0,0.0
outer2,2,74,b7c1,60.0,240.0,0.0,0.0,0.0,0.0,0.0,1.0,1.0,0.0
outer2,2,74,b7c1,60.0,270.0,0.0,0.0,0.0,0.0,0.0,1.0,1.0,0.0
outer2,2,74,b7c1,60.0,300.0,0.0,0.0,0.0,0.0,0.0,1.0,1.0,0.0
outer2,2,74,b7c1,60.0,330.0,0.0,0.0,0.0,0.0,0.0,1.0,1.0,0.0
outer2,2,74,b7c1,90.0,0.0,180.0,0.0,180.0,0.0,180.0,0.0,1.0,-1.0
outer2,2,74,b7c1,90.0,30.0,0.0,0.0,0.0,0.0,0.0,1.0,1.0,0.0
outer2,2,74,b7c1,90.0,60.0,0.0,0.0,0.0,0.0,0.0,1.0,1.0,0.0
outer2,2,74,b7c1,90.0,90.0,180.0,180.0,0.0,0.0,0.0,0.0,0.0,0.0
outer2,2,74,b7c1,90.0,120.0,60.000003814697266,120.00000762939453,-60.000003814697266,0.0,-60.0,0.0,0.0,0.0
outer2,2,74,b7c1,90.0,150.0,120.00000762939453,120.00000762939453,0.0,0.0,0.0,0.0,0.0,0.0
outer2,2,74,b7c1,90.0,180.0,180.0,150.0,30.0,0.0,30.0,0.0,0.0,0.0
outer2,2,74,b7c1,90.0,210.0,180.0,180.0,0.0,0.0,0.0,0.0,0.0,0.0
outer2,2,74,b7c1,90.0,240.0,0.0,0.0,0.0,0.0,0.0,1.0,1.0,0.0
outer2,2,74,b7c1,90.0,270.0,0.0,0.0,0.0,0.0,0.0,1.0,1.0,0.0
outer2,2,74,b7c1,90.0,300.0,0.0,180.0,-180.0,0.0,-180.0,1.0,0.0,1.0
outer2,2,74,b7c1,90.0,330.0,60.00000762939453,180.0,-119.99999237060547,0.0,-120.0,0.0,0.0,0.0
outer2,2,74,b7c1,120.0,0.0,0.0,0.0,0.0,0.0,0.0,1.0,1.0,0.0
outer2,2,74,b7c1,120.0,30.0,60.000003814697266,0.0,60.000003814697266,60.0,0.0,0.0,1.0,-1.0
outer2,2,74,b7c1,120.0,60.0,0.0,97.18075561523438,-97.18075561523438,0.0,-120.0,1.0,0.0,1.0
outer2,2,74,b7c1,120.0,90.0,0.0,0.0,0.0,0.0,0.0,1.0,1.0,0.0
outer2,2,74,b7c1,120.0,120.0,0.0,0.0,0.0,0.0,0.0,1.0,1.0,0.0
outer2,2,74,b7c1,120.0,150.0,0.0,0.0,0.0,0.0,0.0,1.0,1.0,0.0
outer2,2,74,b7c1,120.0,180.0,0.0,0.0,0.0,0.0,0.0,1.0,1.0,0.0
outer2,2,74,b7c1,120.0,210.0,120.00000762939453,0.0,120.00000762939453,0.0,180.0,0.0,1.0,-1.0
outer2,2,74,b7c1,120.0,240.0,0.0,0.0,0.0,0.0,0.0,1.0,1.0,0.0
outer2,2,74,b7c1,120.0,270.0,0.0,0.0,0.0,0.0,0.0,1.0,1.0,0.0
outer2,2,74,b7c1,120.0,300.0,0.0,0.0,0.0,0.0,0.0,1.0,1.0,0.0
outer2,2,74,b7c1,120.0,330.0,0.0,0.0,0.0,0.0,0.0,1.0,1.0,0.0
outer2,2,74,b7c1,150.0,0.0,0.0,0.0,0.0,0.0,0.0,1.0,1.0,0.0
outer2,2,74,b7c1,150.0,30.0,0.0,0.0,0.0,0.0,0.0,1.0,1.0,0.0
outer2,2,74,b7c1,150.0,60.0,0.0,0.0,0.0,0.0,0.0,1.0,1.0,0.0
outer2,2,74,b7c1,150.0,90.0,0.0,0.0,0.0,0.0,0.0,1.0,1.0,0.0
outer2,2,74,b7c1,150.0,120.0,0.0,0.0,0.0,0.0,0.0,1.0,1.0,0.0
outer2,2,74,b7c1,150.0,150.0,0.0,0.0,0.0,0.0,0.0,1.0,1.0,0.0
outer2,2,74,b7c1,150.0,180.0,0.0,0.0,0.0,0.0,0.0,1.0,1.0,0.0
outer2,2,74,b7c1,150.0,210.0,0.0,0.0,0.0,0.0,0.0,1.0,1.0,0.0
outer2,2,74,b7c1,150.0,240.0,0.0,0.0,0.0,0.0,0.0,1.0,1.0,0.0
outer2,2,74,b7c1,150.0,270.0,0.0,0.0,0.0,0.0,0.0,1.0,1.0,0.0
outer2,2,74,b7c1,150.0,300.0,0.0,0.0,0.0,0.0,0.0,1.0,1.0,0.0
outer2,2,74,b7c1,150.0,330.0,0.0,0.0,0.0,0.0,0.0,1.0,1.0,0.0
outer2,2,74,b80b,30.0,0.0,0.0,0.0,0.0,0.0,0.0,1.0,1.0,0.0
outer2,2,74,b80b,30.0,30.0,0.0,0.0,0.0,0.0,0.0,1.0,1.0,0.0
outer2,2,74,b80b,30.0,60.0,0.0,0.0,0.0,0.0,0.0,1.0,1.0,0.0
outer2,2,74,b80b,30.0,90.0,0.0,0.0,0.0,0.0,0.0,1.0,1.0,0.0
outer2,2,74,b80b,30.0,120.0,0.0,0.0,0.0,0.0,0.0,1.0,1.0,0.0
outer2,2,74,b80b,30.0,150.0,0.0,60.000003814697266,-60.000003814697266,0.0,-180.0,1.0,0.0,1.0
outer2,2,74,b80b,30.0,180.0,0.0,0.0,0.0,0.0,0.0,1.0,1.0,0.0
outer2,2,74,b80b,30.0,210.0,0.0,0.0,0.0,0.0,0.0,1.0,1.0,0.0
outer2,2,74,b80b,30.0,240.0,0.0,0.0,0.0,0.0,0.0,1.0,1.0,0.0
outer2,2,74,b80b,30.0,270.0,0.0,0.0,0.0,0.0,0.0,1.0,1.0,0.0
outer2,2,74,b80b,30.0,300.0,0.0,0.0,0.0,0.0,0.0,1.0,1.0,0.0
outer2,2,74,b80b,30.0,330.0,0.0,0.0,0.0,0.0,0.0,1.0,1.0,0.0
outer2,2,74,b80b,60.0,0.0,0.0,0.0,0.0,0.0,0.0,1.0,1.0,0.0
outer2,2,74,b80b,60.0,30.0,0.0,0.0,0.0,0.0,0.0,1.0,1.0,0.0
outer2,2,74,b80b,60.0,60.0,0.0,0.0,0.0,0.0,0.0,1.0,1.0,0.0
outer2,2,74,b80b,60.0,90.0,0.0,0.0,0.0,0.0,0.0,1.0,1.0,0.0
outer2,2,74,b80b,60.0,120.0,0.0,0.0,0.0,0.0,0.0,1.0,1.0,0.0
outer2,2,74,b80b,60.0,150.0,0.0,0.0,0.0,0.0,0.0,1.0,1.0,0.0
outer2,2,74,b80b,60.0,180.0,0.0,0.0,0.0,0.0,0.0,1.0,1.0,0.0
outer2,2,74,b80b,60.0,210.0,0.0,0.0,0.0,0.0,0.0,1.0,1.0,0.0
outer2,2,74,b80b,60.0,240.0,0.0,0.0,0.0,0.0,0.0,1.0,1.0,0.0
outer2,2,74,b80b,60.0,270.0,0.0,0.0,0.0,0.0,0.0,1.0,1.0,0.0
outer2,2,74,b80b,60.0,300.0,0.0,0.0,0.0,0.0,0.0,1.0,1.0,0.0
outer2,2,74,b80b,60.0,330.0,0.0,0.0,0.0,0.0,0.0,1.0,1.0,0.0
outer2,2,74,b80b,90.0,0.0,0.0,0.0,0.0,0.0,0.0,1.0,1.0,0.0
outer2,2,74,b80b,90.0,30.0,0.0,0.0,0.0,0.0,0.0,1.0,1.0,0.0
outer2,2,74,b80b,90.0,60.0,180.0,0.0,180.0,0.0,180.0,0.0,1.0,-1.0
outer2,2,74,b80b,90.0,90.0,0.0,180.0,-180.0,0.0,-180.0,1.0,0.0,1.0
outer2,2,74,b80b,90.0,120.0,180.0,0.0,180.0,0.0,180.0,0.0,1.0,-1.0
outer2,2,74,b80b,90.0,150.0,180.0,0.0,180.0,0.0,180.0,0.0,1.0,-1.0
outer2,2,74,b80b,90.0,180.0,180.0,180.0,0.0,0.0,0.0,0.0,0.0,0.0
outer2,2,74,b80b,90.0,210.0,180.0,0.0,180.0,0.0,180.0,0.0,1.0,-1.0
outer2,2,74,b80b,90.0,240.0,0.0,0.0,0.0,0.0,0.0,1.0,1.0,0.0
outer2,2,74,b80b,90.0,270.0,180.0,0.0,180.0,0.0,180.0,0.0,1.0,-1.0
outer2,2,74,b80b,90.0,300.0,0.0,0.0,0.0,0.0,0.0,1.0,1.0,0.0
outer2,2,74,b80b,90.0,330.0,0.0,180.0,-180.0,0.0,-180.0,1.0,0.0,1.0
outer2,2,74,b80b,120.0,0.0,0.0,0.0,0.0,0.0,0.0,1.0,1.0,0.0
outer2,2,74,b80b,120.0,30.0,0.0,0.0,0.0,0.0,0.0,1.0,1.0,0.0
outer2,2,74,b80b,120.0,60.0,0.0,0.0,0.0,0.0,0.0,1.0,1.0,0.0
outer2,2,74,b80b,120.0,90.0,0.0,0.0,0.0,0.0,0.0,1.0,1.0,0.0
outer2,2,74,b80b,120.0,120.0,0.0,0.0,0.0,0.0,0.0,1.0,1.0,0.0
outer2,2,74,b80b,120.0,150.0,0.0,0.0,0.0,0.0,0.0,1.0,1.0,0.0
outer2,2,74,b80b,120.0,180.0,0.0,0.0,0.0,0.0,0.0,1.0,1.0,0.0
outer2,2,74,b80b,120.0,210.0,0.0,0.0,0.0,0.0,0.0,1.0,1.0,0.0
outer2,2,74,b80b,120.0,240.0,0.0,0.0,0.0,0.0,0.0,1.0,1.0,0.0
outer2,2,74,b80b,120.0,270.0,0.0,0.0,0.0,0.0,0.0,1.0,1.0,0.0
outer2,2,74,b80b,120.0,300.0,0.0,0.0,0.0,0.0,0.0,1.0,1.0,0.0
outer2,2,74,b80b,120.0,330.0,0.0,0.0,0.0,0.0,0.0,1.0,1.0,0.0
outer2,2,74,b80b,150.0,0.0,0.0,0.0,0.0,0.0,0.0,1.0,1.0,0.0
outer2,2,74,b80b,150.0,30.0,0.0,0.0,0.0,0.0,0.0,1.0,1.0,0.0
outer2,2,74,b80b,150.0,60.0,0.0,0.0,0.0,0.0,0.0,1.0,1.0,0.0
outer2,2,74,b80b,150.0,90.0,0.0,0.0,0.0,0.0,0.0,1.0,1.0,0.0
outer2,2,74,b80b,150.0,120.0,0.0,0.0,0.0,0.0,0.0,1.0,1.0,0.0
outer2,2,74,b80b,150.0,150.0,0.0,0.0,0.0,0.0,0.0,1.0,1.0,0.0
outer2,2,74,b80b,150.0,180.0,0.0,0.0,0.0,0.0,0.0,1.0,1.0,0.0
outer2,2,74,b80b,150.0,210.0,0.0,0.0,0.0,0.0,0.0,1.0,1.0,0.0
outer2,2,74,b80b,150.0,240.0,0.0,0.0,0.0,0.0,0.0,1.0,1.0,0.0
outer2,2,74,b80b,150.0,270.0,0.0,0.0,0.0,0.0,0.0,1.0,1.0,0.0
outer2,2,74,b80b,150.0,300.0,0.0,0.0,0.0,0.0,0.0,1.0,1.0,0.0
outer2,2,74,b80b,150.0,330.0,0.0,0.0,0.0,0.0,0.0,1.0,1.0,0.0
outer2,2,74,b9e6,30.0,0.0,0.0,0.0,0.0,0.0,0.0,1.0,1.0,0.0
outer2,2,74,b9e6,30.0,30.0,0.0,0.0,0.0,0.0,0.0,1.0,1.0,0.0
outer2,2,74,b9e6,30.0,60.0,0.0,0.0,0.0,0.0,0.0,1.0,1.0,0.0
outer2,2,74,b9e6,30.0,90.0,0.0,0.0,0.0,0.0,0.0,1.0,1.0,0.0
outer2,2,74,b9e6,30.0,120.0,0.0,0.0,0.0,0.0,0.0,1.0,1.0,0.0
outer2,2,74,b9e6,30.0,150.0,0.0,0.0,0.0,0.0,0.0,1.0,1.0,0.0
outer2,2,74,b9e6,30.0,180.0,0.0,0.0,0.0,0.0,0.0,1.0,1.0,0.0
outer2,2,74,b9e6,30.0,210.0,0.0,0.0,0.0,0.0,0.0,1.0,1.0,0.0
outer2,2,74,b9e6,30.0,240.0,0.0,0.0,0.0,0.0,0.0,1.0,1.0,0.0
outer2,2,74,b9e6,30.0,270.0,0.0,0.0,0.0,0.0,0.0,1.0,1.0,0.0
outer2,2,74,b9e6,30.0,300.0,0.0,0.0,0.0,0.0,0.0,1.0,1.0,0.0
outer2,2,74,b9e6,30.0,330.0,0.0,0.0,0.0,0.0,0.0,1.0,1.0,0.0
outer2,2,74,b9e6,60.0,0.0,0.0,0.0,0.0,0.0,0.0,1.0,1.0,0.0
outer2,2,74,b9e6,60.0,30.0,0.0,0.0,0.0,0.0,0.0,1.0,1.0,0.0
outer2,2,74,b9e6,60.0,60.0,0.0,0.0,0.0,0.0,0.0,1.0,1.0,0.0
outer2,2,74,b9e6,60.0,90.0,0.0,0.0,0.0,0.0,0.0,1.0,1.0,0.0
outer2,2,74,b9e6,60.0,120.0,0.0,0.0,0.0,0.0,0.0,1.0,1.0,0.0
outer2,2,74,b9e6,60.0,150.0,0.0,0.0,0.0,0.0,0.0,1.0,1.0,0.0
outer2,2,74,b9e6,60.0,180.0,0.0,0.0,0.0,0.0,0.0,1.0,1.0,0.0
outer2,2,74,b9e6,60.0,210.0,120.00000762939453,120.00000762939453,0.0,0.0,0.0,0.0,0.0,0.0
outer2,2,74,b9e6,60.0,240.0,0.0,0.0,0.0,0.0,0.0,1.0,1.0,0.0
outer2,2,74,b9e6,60.0,270.0,0.0,0.0,0.0,0.0,0.0,1.0,1.0,0.0
outer2,2,74,b9e6,60.0,300.0,0.0,0.0,0.0,0.0,0.0,1.0,1.0,0.0
outer2,2,74,b9e6,60.0,330.0,0.0,0.0,0.0,0.0,0.0,1.0,1.0,0.0
outer2,2,74,b9e6,90.0,0.0,180.0,180.0,0.0,0.0,0.0,0.0,0.0,0.0
outer2,2,74,b9e6,90.0,30.0,0.0,0.0,0.0,0.0,0.0,1.0,1.0,0.0
outer2,2,74,b9e6,90.0,60.0,0.0,0.0,0.0,0.0,0.0,1.0,1.0,0.0
outer2,2,74,b9e6,90.0,90.0,0.0,0.0,0.0,0.0,0.0,1.0,1.0,0.0
outer2,2,74,b9e6,90.0,120.0,120.00000762939453,60.000003814697266,60.000003814697266,0.0,60.0,0.0,0.0,0.0
outer2,2,74,b9e6,90.0,150.0,120.00000762939453,0.0,120.00000762939453,0.0,120.0,0.0,1.0,-1.0
outer2,2,74,b9e6,90.0,180.0,0.0,0.0,0.0,0.0,0.0,1.0,1.0,0.0
outer2,2,74,b9e6,90.0,210.0,180.0,0.0,180.0,0.0,180.0,0.0,1.0,-1.0
outer2,2,74,b9e6,90.0,240.0,0.0,0.0,0.0,0.0,0.0,1.0,1.0,0.0
outer2,2,74,b9e6,90.0,270.0,0.0,0.0,0.0,0.0,0.0,1.0,1.0,0.0
outer2,2,74,b9e6,90.0,300.0,60.000003814697266,60.000003814697266,0.0,0.0,0.0,0.0,0.0,0.0
outer2,2,74,b9e6,90.0,330.0,180.0,180.0,0.0,0.0,0.0,0.0,0.0,0.0
outer2,2,74,b9e6,120.0,0.0,0.0,0.0,0.0,0.0,0.0,1.0,1.0,0.0
outer2,2,74,b9e6,120.0,30.0,0.0,0.0,0.0,0.0,0.0,1.0,1.0,0.0
outer2,2,74,b9e6,120.0,60.0,0.0,0.0,0.0,0.0,0.0,1.0,1.0,0.0
outer2,2,74,b9e6,120.0,90.0,0.0,0.0,0.0,0.0,0.0,1.0,1.0,0.0
outer2,2,74,b9e6,120.0,120.0,0.0,0.0,0.0,0.0,0.0,1.0,1.0,0.0
outer2,2,74,b9e6,120.0,150.0,0.0,0.0,0.0,0.0,0.0,1.0,1.0,0.0
outer2,2,74,b9e6,120.0,180.0,0.0,0.0,0.0,0.0,0.0,1.0,1.0,0.0
outer2,2,74,b9e6,120.0,210.0,120.00000762939453,120.00000762939453,0.0,0.0,0.0,0.0,0.0,0.0
outer2,2,74,b9e6,120.0,240.0,0.0,0.0,0.0,0.0,0.0,1.0,1.0,0.0
outer2,2,74,b9e6,120.0,270.0,0.0,0.0,0.0,0.0,0.0,1.0,1.0,0.0
outer2,2,74,b9e6,120.0,300.0,0.0,0.0,0.0,0.0,0.0,1.0,1.0,0.0
outer2,2,74,b9e6,120.0,330.0,0.0,0.0,0.0,0.0,0.0,1.0,1.0,0.0
outer2,2,74,b9e6,150.0,0.0,0.0,0.0,0.0,0.0,0.0,1.0,1.0,0.0
outer2,2,74,b9e6,150.0,30.0,0.0,0.0,0.0,0.0,0.0,1.0,1.0,0.0
outer2,2,74,b9e6,150.0,60.0,0.0,0.0,0.0,0.0,0.0,1.0,1.0,0.0
outer2,2,74,b9e6,150.0,90.0,0.0,0.0,0.0,0.0,0.0,1.0,1.0,0.0
outer2,2,74,b9e6,150.0,120.0,0.0,0.0,0.0,0.0,0.0,1.0,1.0,0.0
outer2,2,74,b9e6,150.0,150.0,0.0,0.0,0.0,0.0,0.0,1.0,1.0,0.0
outer2,2,74,b9e6,150.0,180.0,0.0,0.0,0.0,0.0,0.0,1.0,1.0,0.0
outer2,2,74,b9e6,150.0,210.0,0.0,0.0,0.0,0.0,0.0,1.0,1.0,0.0
outer2,2,74,b9e6,150.0,240.0,0.0,0.0,0.0,0.0,0.0,1.0,1.0,0.0
outer2,2,74,b9e6,150.0,270.0,0.0,0.0,0.0,0.0,0.0,1.0,1.0,0.0
outer2,2,74,b9e6,150.0,300.0,0.0,0.0,0.0,0.0,0.0,1.0,1.0,0.0
outer2,2,74,b9e6,150.0,330.0,0.0,0.0,0.0,0.0,0.0,1.0,1.0,0.0
outer2,2,74,ba0f,30.0,0.0,60.000003814697266,90.0,-29.999996185302734,-30.0,0.0,0.0,0.0,0.0
outer2,2,74,ba0f,30.0,30.0,128.68218994140625,151.04498291015625,-22.36279296875,0.0,-60.0,0.0,0.0,0.0
outer2,2,74,ba0f,30.0,60.0,57.7581901550293,57.7581901550293,0.0,0.0,0.0,0.0,0.0,0.0
outer2,2,74,ba0f,30.0,90.0,57.7581901550293,165.12905883789062,-107.37086868286133,-120.0,0.0,0.0,0.0,0.0
outer2,2,74,ba0f,30.0,120.0,0.0,0.0,0.0,0.0,0.0,1.0,1.0,0.0
outer2,2,74,ba0f,30.0,150.0,60.000003814697266,0.0,60.000003814697266,0.0,180.0,0.0,1.0,-1.0
outer2,2,74,ba0f,30.0,180.0,90.0,90.0,0.0,0.0,0.0,0.0,0.0,0.0
outer2,2,74,ba0f,30.0,210.0,180.0,151.04498291015625,28.95501708984375,0.0,60.0,0.0,0.0,0.0
outer2,2,74,ba0f,30.0,240.0,14.870942115783691,28.95502281188965,-14.084080696105957,0.0,-30.0,0.0,0.0,0.0
outer2,2,74,ba0f,30.0,270.0,120.00000762939453,120.00000762939453,0.0,0.0,0.0,0.0,0.0,0.0
outer2,2,74,ba0f,30.0,300.0,28.95502281188965,60.000003814697266,-31.044981002807617,0.0,-120.0,0.0,0.0,0.0
outer2,2,74,ba0f,30.0,330.0,0.0,0.0,0.0,0.0,0.0,1.0,1.0,0.0
outer2,2,74,ba0f,60.0,0.0,0.0,0.0,0.0,0.0,0.0,1.0,1.0,0.0
outer2,2,74,ba0f,60.0,30.0,120.00000762939453,0.0,120.00000762939453,0.0,180.0,0.0,1.0,-1.0
outer2,2,74,ba0f,60.0,60.0,0.0,51.31781005859375,-51.31781005859375,0.0,-60.0,1.0,0.0,1.0
outer2,2,74,ba0f,60.0,90.0,0.0,25.905075073242188,-25.905075073242188,0.0,-30.0,1.0,0.0,1.0
outer2,2,74,ba0f,60.0,120.0,97.1807632446289,120.00000762939453,-22.819244384765625,0.0,-60.0,0.0,0.0,0.0
outer2,2,74,ba0f,60.0,150.0,113.5481185913086,120.00000762939453,-6.4518890380859375,0.0,-30.0,0.0,0.0,0.0
outer2,2,74,ba0f,60.0,180.0,60.000003814697266,60.000003814697266,0.0,0.0,0.0,0.0,0.0,0.0
outer2,2,74,ba0f,60.0,210.0,60.000003814697266,60.000003814697266,0.0,0.0,0.0,0.0,0.0,0.0
outer2,2,74,ba0f,60.0,240.0,66.45188903808594,138.59039306640625,-72.13850402832031,30.0,-120.0,0.0,0.0,0.0
outer2,2,74,ba0f,60.0,270.0,60.000003814697266,29.999998092651367,30.0000057220459,30.0,0.0,0.0,0.0,0.0
outer2,2,74,ba0f,60.0,300.0,128.68218994140625,113.54812622070312,15.134063720703125,60.0,-30.0,0.0,0.0,0.0
outer2,2,74,ba0f,60.0,330.0,25.90509033203125,128.6822052001953,-102.77711486816406,-60.0,-90.0,0.0,0.0,0.0
outer2,2,74,ba0f,90.0,0.0,180.0,180.0,0.0,0.0,0.0,0.0,0.0,0.0
outer2,2,74,ba0f,90.0,30.0,60.00000762939453,60.00000762939453,0.0,0.0,0.0,0.0,0.0,0.0
outer2,2,74,ba0f,90.0,60.0,119.99999237060547,60.000003814697266,59.9999885559082,0.0,60.0,0.0,0.0,0.0
outer2,2,74,ba0f,90.0,90.0,0.0,180.0,-180.0,0.0,-180.0,1.0,0.0,1.0
outer2,2,74,ba0f,90.0,120.0,180.0,0.0,180.0,0.0,180.0,0.0,1.0,-1.0
outer2,2,74,ba0f,90.0,150.0,180.0,150.0,30.0,0.0,30.0,0.0,0.0,0.0
outer2,2,74,ba0f,90.0,180.0,0.0,0.0,0.0,0.0,0.0,1.0,1.0,0.0
outer2,2,74,ba0f,90.0,210.0,60.000003814697266,120.00000762939453,-60.000003814697266,0.0,-60.0,0.0,0.0,0.0
outer2,2,74,ba0f,90.0,240.0,60.000003814697266,120.00000762939453,-60.000003814697266,0.0,-60.0,0.0,0.0,0.0
outer2,2,74,ba0f,90.0,270.0,180.0,180.0,0.0,0.0,0.0,0.0,0.0,0.0
outer2,2,74,ba0f,90.0,300.0,0.0,0.0,0.0,0.0,0.0,1.0,1.0,0.0
outer2,2,74,ba0f,90.0,330.0,0.0,30.00000762939453,-30.00000762939453,0.0,-30.0,1.0,0.0,1.0
outer2,2,74,ba0f,120.0,0.0,0.0,120.00000762939453,-120.00000762939453,0.0,-180.0,1.0,0.0,1.0
outer2,2,74,ba0f,120.0,30.0,0.0,0.0,0.0,0.0,0.0,1.0,1.0,0.0
outer2,2,74,ba0f,120.0,60.0,0.0,113.54811096191406,-113.54811096191406,0.0,-150.0,1.0,0.0,1.0
outer2,2,74,ba0f,120.0,90.0,0.0,0.0,0.0,0.0,0.0,1.0,1.0,0.0
outer2,2,74,ba0f,120.0,120.0,25.905075073242188,120.00000762939453,-94.09493255615234,0.0,-150.0,0.0,0.0,0.0
outer2,2,74,ba0f,120.0,150.0,120.00000762939453,120.00000762939453,0.0,0.0,0.0,0.0,0.0,0.0
outer2,2,74,ba0f,120.0,180.0,60.000003814697266,0.0,60.000003814697266,60.0,0.0,0.0,1.0,-1.0
outer2,2,74,ba0f,120.0,210.0,60.000003814697266,180.0,-119.99999618530273,0.0,-180.0,0.0,0.0,0.0
outer2,2,74,ba0f,120.0,240.0,0.0,25.905075073242188,-25.905075073242188,0.0,-30.0,1.0,0.0,1.0
outer2,2,74,ba0f,120.0,270.0,41.40962219238281,60.000003814697266,-18.590381622314453,-30.0,30.0,0.0,0.0,0.0
outer2,2,74,ba0f,120.0,300.0,113.54811096191406,113.54811096191406,0.0,0.0,0.0,0.0,0.0,0.0
outer2,2,74,ba0f,120.0,330.0,75.52249145507812,97.18075561523438,-21.65826416015625,0.0,-30.0,0.0,0.0,0.0
outer2,2,74,ba0f,150.0,0.0,60.000003814697266,60.000003814697266,0.0,0.0,0.0,0.0,0.0,0.0
outer2,2,74,ba0f,150.0,30.0,60.000003814697266,151.04498291015625,-91.04497909545898,-120.0,60.0,0.0,0.0,0.0
outer2,2,74,ba0f,150.0,60.0,60.000003814697266,60.000003814697266,0.0,0.0,0.0,0.0,0.0,0.0
outer2,2,74,ba0f,150.0,90.0,0.0,60.000003814697266,-60.000003814697266,0.0,-180.0,1.0,0.0,1.0
outer2,2,74,ba0f,150.0,120.0,0.0,60.000003814697266,-60.000003814697266,0.0,-180.0,1.0,0.0,1.0
outer2,2,74,ba0f,150.0,150.0,57.7581901550293,0.0,57.7581901550293,0.0,150.0,0.0,1.0,-1.0
outer2,2,74,ba0f,150.0,180.0,120.00000762939453,90.0,30.00000762939453,30.0,0.0,0.0,0.0,0.0
outer2,2,74,ba0f,150.0,210.0,151.04498291015625,128.68218994140625,22.36279296875,0.0,60.0,0.0,0.0,0.0
outer2,2,74,ba0f,150.0,240.0,0.0,0.0,0.0,0.0,0.0,1.0,1.0,0.0
outer2,2,74,ba0f,150.0,270.0,122.24180603027344,14.870942115783691,107.37086391448975,120.0,0.0,0.0,0.0,0.0
outer2,2,74,ba0f,150.0,300.0,60.000003814697266,0.0,60.000003814697266,0.0,180.0,0.0,1.0,-1.0
outer2,2,74,ba0f,150.0,330.0,28.95502281188965,0.0,28.95502281188965,0.0,60.0,0.0,1.0,-1.0
outer2,2,74,bb7c,30.0,0.0,0.0,0.0,0.0,0.0,0.0,1.0,1.0,0.0
outer2,2,74,bb7c,30.0,30.0,0.0,0.0,0.0,0.0,0.0,1.0,1.0,0.0
outer2,2,74,bb7c,30.0,60.0,0.0,0.0,0.0,0.0,0.0,1.0,1.0,0.0
outer2,2,74,bb7c,30.0,90.0,0.0,0.0,0.0,0.0,0.0,1.0,1.0,0.0
outer2,2,74,bb7c,30.0,120.0,0.0,0.0,0.0,0.0,0.0,1.0,1.0,0.0
outer2,2,74,bb7c,30.0,150.0,0.0,0.0,0.0,0.0,0.0,1.0,1.0,0.0
outer2,2,74,bb7c,30.0,180.0,0.0,0.0,0.0,0.0,0.0,1.0,1.0,0.0
outer2,2,74,bb7c,30.0,210.0,0.0,0.0,0.0,0.0,0.0,1.0,1.0,0.0
outer2,2,74,bb7c,30.0,240.0,0.0,0.0,0.0,0.0,0.0,1.0,1.0,0.0
outer2,2,74,bb7c,30.0,270.0,0.0,0.0,0.0,0.0,0.0,1.0,1.0,0.0
outer2,2,74,bb7c,30.0,300.0,0.0,0.0,0.0,0.0,0.0,1.0,1.0,0.0
outer2,2,74,bb7c,30.0,330.0,0.0,0.0,0.0,0.0,0.0,1.0,1.0,0.0
outer2,2,74,bb7c,60.0,0.0,0.0,0.0,0.0,0.0,0.0,1.0,1.0,0.0
outer2,2,74,bb7c,60.0,30.0,0.0,0.0,0.0,0.0,0.0,1.0,1.0,0.0
outer2,2,74,bb7c,60.0,60.0,0.0,51.31781005859375,-51.31781005859375,0.0,-60.0,1.0,0.0,1.0
outer2,2,74,bb7c,60.0,90.0,0.0,0.0,0.0,0.0,0.0,1.0,1.0,0.0
outer2,2,74,bb7c,60.0,120.0,0.0,0.0,0.0,0.0,0.0,1.0,1.0,0.0
outer2,2,74,bb7c,60.0,150.0,0.0,0.0,0.0,0.0,0.0,1.0,1.0,0.0
outer2,2,74,bb7c,60.0,180.0,0.0,0.0,0.0,0.0,0.0,1.0,1.0,0.0
outer2,2,74,bb7c,60.0,210.0,82.81924438476562,82.81924438476562,0.0,0.0,0.0,0.0,0.0,0.0
outer2,2,74,bb7c,60.0,240.0,0.0,0.0,0.0,0.0,0.0,1.0,1.0,0.0
outer2,2,74,bb7c,60.0,270.0,180.0,180.0,0.0,0.0,0.0,0.0,0.0,0.0
outer2,2,74,bb7c,60.0,300.0,113.54812622070312,0.0,113.54812622070312,0.0,150.0,0.0,1.0,-1.0
outer2,2,74,bb7c,60.0,330.0,0.0,0.0,0.0,0.0,0.0,1.0,1.0,0.0
outer2,2,74,bb7c,90.0,0.0,180.0,0.0,180.0,0.0,180.0,0.0,1.0,-1.0
outer2,2,74,bb7c,90.0,30.0,0.0,0.0,0.0,0.0,0.0,1.0,1.0,0.0
outer2,2,74,bb7c,90.0,60.0,0.0,150.0,-150.0,-30.0,-180.0,1.0,0.0,1.0
outer2,2,74,bb7c,90.0,90.0,0.0,0.0,0.0,0.0,0.0,1.0,1.0,0.0
outer2,2,74,bb7c,90.0,120.0,60.000003814697266,120.00000762939453,-60.000003814697266,0.0,-60.0,0.0,0.0,0.0
outer2,2,74,bb7c,90.0,150.0,0.0,180.0,-180.0,0.0,-180.0,1.0,0.0,1.0
outer2,2,74,bb7c,90.0,180.0,180.0,180.0,0.0,0.0,0.0,0.0,0.0,0.0
outer2,2,74,bb7c,90.0,210.0,0.0,0.0,0.0,0.0,0.0,1.0,1.0,0.0
outer2,2,74,bb7c,90.0,240.0,180.0,0.0,180.0,0.0,180.0,0.0,1.0,-1.0
outer2,2,74,bb7c,90.0,270.0,180.0,0.0,180.0,0.0,180.0,0.0,1.0,-1.0
outer2,2,74,bb7c,90.0,300.0,0.0,60.000003814697266,-60.000003814697266,0.0,-60.0,1.0,0.0,1.0
outer2,2,74,bb7c,90.0,330.0,180.0,0.0,180.0,0.0,180.0,0.0,1.0,-1.0
outer2,2,74,bb7c,120.0,0.0,0.0,0.0,0.0,0.0,0.0,1.0,1.0,0.0
outer2,2,74,bb7c,120.0,30.0,0.0,0.0,0.0,0.0,0.0,1.0,1.0,0.0
outer2,2,74,bb7c,120.0,60.0,0.0,0.0,0.0,0.0,0.0,1.0,1.0,0.0
outer2,2,74,bb7c,120.0,90.0,0.0,0.0,0.0,0.0,0.0,1.0,1.0,0.0
outer2,2,74,bb7c,120.0,120.0,0.0,0.0,0.0,0.0,0.0,1.0,1.0,0.0
outer2,2,74,bb7c,120.0,150.0,0.0,0.0,0.0,0.0,0.0,1.0,1.0,0.0
outer2,2,74,bb7c,120.0,180.0,120.00000762939453,0.0,120.00000762939453,0.0,180.0,0.0,1.0,-1.0
outer2,2,74,bb7c,120.0,210.0,82.81924438476562,0.0,82.81924438476562,60.0,60.0,0.0,1.0,-1.0
outer2,2,74,bb7c,120.0,240.0,97.18075561523438,0.0,97.18075561523438,0.0,120.0,0.0,1.0,-1.0
outer2,2,74,bb7c,120.0,270.0,120.00000762939453,180.0,-59.99999237060547,-60.0,0.0,0.0,0.0,0.0
outer2,2,74,bb7c,120.0,300.0,0.0,0.0,0.0,0.0,0.0,1.0,1.0,0.0
outer2,2,74,bb7c,120.0,330.0,0.0,0.0,0.0,0.0,0.0,1.0,1.0,0.0
outer2,2,74,bb7c,150.0,0.0,0.0,0.0,0.0,0.0,0.0,1.0,1.0,0.0
outer2,2,74,bb7c,150.0,30.0,0.0,0.0,0.0,0.0,0.0,1.0,1.0,0.0
outer2,2,74,bb7c,150.0,60.0,0.0,0.0,0.0,0.0,0.0,1.0,1.0,0.0
outer2,2,74,bb7c,150.0,90.0,0.0,0.0,0.0,0.0,0.0,1.0,1.0,0.0
outer2,2,74,bb7c,150.0,120.0,0.0,0.0,0.0,0.0,0.0,1.0,1.0,0.0
outer2,2,74,bb7c,150.0,150.0,0.0,0.0,0.0,0.0,0.0,1.0,1.0,0.0
outer2,2,74,bb7c,150.0,180.0,0.0,0.0,0.0,0.0,0.0,1.0,1.0,0.0
outer2,2,74,bb7c,150.0,210.0,0.0,0.0,0.0,0.0,0.0,1.0,1.0,0.0
outer2,2,74,bb7c,150.0,240.0,0.0,0.0,0.0,0.0,0.0,1.0,1.0,0.0
outer2,2,74,bb7c,150.0,270.0,0.0,0.0,0.0,0.0,0.0,1.0,1.0,0.0
outer2,2,74,bb7c,150.0,300.0,0.0,0.0,0.0,0.0,0.0,1.0,1.0,0.0
outer2,2,74,bb7c,150.0,330.0,0.0,0.0,0.0,0.0,0.0,1.0,1.0,0.0
outer2,2,75,b7c1,30.0,0.0,0.0,0.0,0.0,0.0,0.0,1.0,1.0,0.0
outer2,2,75,b7c1,30.0,30.0,0.0,0.0,0.0,0.0,0.0,1.0,1.0,0.0
outer2,2,75,b7c1,30.0,60.0,0.0,0.0,0.0,0.0,0.0,1.0,1.0,0.0
outer2,2,75,b7c1,30.0,90.0,0.0,0.0,0.0,0.0,0.0,1.0,1.0,0.0
outer2,2,75,b7c1,30.0,120.0,0.0,0.0,0.0,0.0,0.0,1.0,1.0,0.0
outer2,2,75,b7c1,30.0,150.0,0.0,0.0,0.0,0.0,0.0,1.0,1.0,0.0
outer2,2,75,b7c1,30.0,180.0,0.0,0.0,0.0,0.0,0.0,1.0,1.0,0.0
outer2,2,75,b7c1,30.0,210.0,0.0,0.0,0.0,0.0,0.0,1.0,1.0,0.0
outer2,2,75,b7c1,30.0,240.0,0.0,0.0,0.0,0.0,0.0,1.0,1.0,0.0
outer2,2,75,b7c1,30.0,270.0,0.0,0.0,0.0,0.0,0.0,1.0,1.0,0.0
outer2,2,75,b7c1,30.0,300.0,0.0,0.0,0.0,0.0,0.0,1.0,1.0,0.0
outer2,2,75,b7c1,30.0,330.0,0.0,0.0,0.0,0.0,0.0,1.0,1.0,0.0
outer2,2,75,b7c1,60.0,0.0,0.0,0.0,0.0,0.0,0.0,1.0,1.0,0.0
outer2,2,75,b7c1,60.0,30.0,0.0,0.0,0.0,0.0,0.0,1.0,1.0,0.0
outer2,2,75,b7c1,60.0,60.0,0.0,0.0,0.0,0.0,0.0,1.0,1.0,0.0
outer2,2,75,b7c1,60.0,90.0,0.0,0.0,0.0,0.0,0.0,1.0,1.0,0.0
outer2,2,75,b7c1,60.0,120.0,0.0,0.0,0.0,0.0,0.0,1.0,1.0,0.0
outer2,2,75,b7c1,60.0,150.0,0.0,0.0,0.0,0.0,0.0,1.0,1.0,0.0
outer2,2,75,b7c1,60.0,180.0,0.0,0.0,0.0,0.0,0.0,1.0,1.0,0.0
outer2,2,75,b7c1,60.0,210.0,0.0,0.0,0.0,0.0,0.0,1.0,1.0,0.0
outer2,2,75,b7c1,60.0,240.0,0.0,0.0,0.0,0.0,0.0,1.0,1.0,0.0
outer2,2,75,b7c1,60.0,270.0,0.0,0.0,0.0,0.0,0.0,1.0,1.0,0.0
outer2,2,75,b7c1,60.0,300.0,0.0,0.0,0.0,0.0,0.0,1.0,1.0,0.0
outer2,2,75,b7c1,60.0,330.0,0.0,0.0,0.0,0.0,0.0,1.0,1.0,0.0
outer2,2,75,b7c1,90.0,0.0,0.0,0.0,0.0,0.0,0.0,1.0,1.0,0.0
outer2,2,75,b7c1,90.0,30.0,0.0,0.0,0.0,0.0,0.0,1.0,1.0,0.0
outer2,2,75,b7c1,90.0,60.0,0.0,0.0,0.0,0.0,0.0,1.0,1.0,0.0
outer2,2,75,b7c1,90.0,90.0,180.0,180.0,0.0,0.0,0.0,0.0,0.0,0.0
outer2,2,75,b7c1,90.0,120.0,60.000003814697266,120.00000762939453,-60.000003814697266,0.0,-60.0,0.0,0.0,0.0
outer2,2,75,b7c1,90.0,150.0,120.00000762939453,120.00000762939453,0.0,0.0,0.0,0.0,0.0,0.0
outer2,2,75,b7c1,90.0,180.0,180.0,180.0,0.0,0.0,0.0,0.0,0.0,0.0
outer2,2,75,b7c1,90.0,210.0,180.0,180.0,0.0,0.0,0.0,0.0,0.0,0.0
outer2,2,75,b7c1,90.0,240.0,0.0,0.0,0.0,0.0,0.0,1.0,1.0,0.0
outer2,2,75,b7c1,90.0,270.0,0.0,0.0,0.0,0.0,0.0,1.0,1.0,0.0
outer2,2,75,b7c1,90.0,300.0,0.0,180.0,-180.0,0.0,-180.0,1.0,0.0,1.0
outer2,2,75,b7c1,90.0,330.0,60.00000762939453,60.00000762939453,0.0,0.0,0.0,0.0,0.0,0.0
outer2,2,75,b7c1,120.0,0.0,0.0,0.0,0.0,0.0,0.0,1.0,1.0,0.0
outer2,2,75,b7c1,120.0,30.0,0.0,0.0,0.0,0.0,0.0,1.0,1.0,0.0
outer2,2,75,b7c1,120.0,60.0,0.0,60.000003814697266,-60.000003814697266,-60.0,0.0,1.0,0.0,1.0
outer2,2,75,b7c1,120.0,90.0,0.0,0.0,0.0,0.0,0.0,1.0,1.0,0.0
outer2,2,75,b7c1,120.0,120.0,0.0,0.0,0.0,0.0,0.0,1.0,1.0,0.0
outer2,2,75,b7c1,120.0,150.0,0.0,0.0,0.0,0.0,0.0,1.0,1.0,0.0
outer2,2,75,b7c1,120.0,180.0,0.0,0.0,0.0,0.0,0.0,1.0,1.0,0.0
outer2,2,75,b7c1,120.0,210.0,0.0,0.0,0.0,0.0,0.0,1.0,1.0,0.0
outer2,2,75,b7c1,120.0,240.0,0.0,0.0,0.0,0.0,0.0,1.0,1.0,0.0
outer2,2,75,b7c1,120.0,270.0,0.0,0.0,0.0,0.0,0.0,1.0,1.0,0.0
outer2,2,75,b7c1,120.0,300.0,0.0,0.0,0.0,0.0,0.0,1.0,1.0,0.0
outer2,2,75,b7c1,120.0,330.0,0.0,0.0,0.0,0.0,0.0,1.0,1.0,0.0
outer2,2,75,b7c1,150.0,0.0,0.0,0.0,0.0,0.0,0.0,1.0,1.0,0.0
outer2,2,75,b7c1,150.0,30.0,0.0,0.0,0.0,0.0,0.0,1.0,1.0,0.0
outer2,2,75,b7c1,150.0,60.0,0.0,0.0,0.0,0.0,0.0,1.0,1.0,0.0
outer2,2,75,b7c1,150.0,90.0,0.0,0.0,0.0,0.0,0.0,1.0,1.0,0.0
outer2,2,75,b7c1,150.0,120.0,0.0,0.0,0.0,0.0,0.0,1.0,1.0,0.0
outer2,2,75,b7c1,150.0,150.0,0.0,0.0,0.0,0.0,0.0,1.0,1.0,0.0
outer2,2,75,b7c1,150.0,180.0,0.0,0.0,0.0,0.0,0.0,1.0,1.0,0.0
outer2,2,75,b7c1,150.0,210.0,0.0,0.0,0.0,0.0,0.0,1.0,1.0,0.0
outer2,2,75,b7c1,150.0,240.0,0.0,0.0,0.0,0.0,0.0,1.0,1.0,0.0
outer2,2,75,b7c1,150.0,270.0,0.0,0.0,0.0,0.0,0.0,1.0,1.0,0.0
outer2,2,75,b7c1,150.0,300.0,0.0,0.0,0.0,0.0,0.0,1.0,1.0,0.0
outer2,2,75,b7c1,150.0,330.0,0.0,0.0,0.0,0.0,0.0,1.0,1.0,0.0
outer2,2,75,b80b,30.0,0.0,0.0,0.0,0.0,0.0,0.0,1.0,1.0,0.0
outer2,2,75,b80b,30.0,30.0,0.0,0.0,0.0,0.0,0.0,1.0,1.0,0.0
outer2,2,75,b80b,30.0,60.0,0.0,0.0,0.0,0.0,0.0,1.0,1.0,0.0
outer2,2,75,b80b,30.0,90.0,0.0,0.0,0.0,0.0,0.0,1.0,1.0,0.0
outer2,2,75,b80b,30.0,120.0,0.0,0.0,0.0,0.0,0.0,1.0,1.0,0.0
outer2,2,75,b80b,30.0,150.0,0.0,0.0,0.0,0.0,0.0,1.0,1.0,0.0
outer2,2,75,b80b,30.0,180.0,0.0,0.0,0.0,0.0,0.0,1.0,1.0,0.0
outer2,2,75,b80b,30.0,210.0,0.0,0.0,0.0,0.0,0.0,1.0,1.0,0.0
outer2,2,75,b80b,30.0,240.0,0.0,0.0,0.0,0.0,0.0,1.0,1.0,0.0
outer2,2,75,b80b,30.0,270.0,0.0,0.0,0.0,0.0,0.0,1.0,1.0,0.0
outer2,2,75,b80b,30.0,300.0,0.0,0.0,0.0,0.0,0.0,1.0,1.0,0.0
outer2,2,75,b80b,30.0,330.0,0.0,0.0,0.0,0.0,0.0,1.0,1.0,0.0
outer2,2,75,b80b,60.0,0.0,0.0,0.0,0.0,0.0,0.0,1.0,1.0,0.0
outer2,2,75,b80b,60.0,30.0,0.0,0.0,0.0,0.0,0.0,1.0,1.0,0.0
outer2,2,75,b80b,60.0,60.0,0.0,0.0,0.0,0.0,0.0,1.0,1.0,0.0
outer2,2,75,b80b,60.0,90.0,0.0,0.0,0.0,0.0,0.0,1.0,1.0,0.0
outer2,2,75,b80b,60.0,120.0,0.0,0.0,0.0,0.0,0.0,1.0,1.0,0.0
outer2,2,75,b80b,60.0,150.0,0.0,0.0,0.0,0.0,0.0,1.0,1.0,0.0
outer2,2,75,b80b,60.0,180.0,0.0,0.0,0.0,0.0,0.0,1.0,1.0,0.0
outer2,2,75,b80b,60.0,210.0,0.0,0.0,0.0,0.0,0.0,1.0,1.0,0.0
outer2,2,75,b80b,60.0,240.0,0.0,0.0,0.0,0.0,0.0,1.0,1.0,0.0
outer2,2,75,b80b,60.0,270.0,0.0,0.0,0.0,0.0,0.0,1.0,1.0,0.0
outer2,2,75,b80b,60.0,300.0,0.0,0.0,0.0,0.0,0.0,1.0,1.0,0.0
outer2,2,75,b80b,60.0,330.0,0.0,0.0,0.0,0.0,0.0,1.0,1.0,0.0
outer2,2,75,b80b,90.0,0.0,0.0,0.0,0.0,0.0,0.0,1.0,1.0,0.0
outer2,2,75,b80b,90.0,30.0,0.0,0.0,0.0,0.0,0.0,1.0,1.0,0.0
outer2,2,75,b80b,90.0,60.0,0.0,0.0,0.0,0.0,0.0,1.0,1.0,0.0
outer2,2,75,b80b,90.0,90.0,0.0,180.0,-180.0,0.0,-180.0,1.0,0.0,1.0
outer2,2,75,b80b,90.0,120.0,0.0,0.0,0.0,0.0,0.0,1.0,1.0,0.0
outer2,2,75,b80b,90.0,150.0,0.0,0.0,0.0,0.0,0.0,1.0,1.0,0.0
outer2,2,75,b80b,90.0,180.0,180.0,0.0,180.0,0.0,180.0,0.0,1.0,-1.0
outer2,2,75,b80b,90.0,210.0,0.0,0.0,0.0,0.0,0.0,1.0,1.0,0.0
outer2,2,75,b80b,90.0,240.0,0.0,0.0,0.0,0.0,0.0,1.0,1.0,0.0
outer2,2,75,b80b,90.0,270.0,0.0,0.0,0.0,0.0,0.0,1.0,1.0,0.0
outer2,2,75,b80b,90.0,300.0,0.0,0.0,0.0,0.0,0.0,1.0,1.0,0.0
outer2,2,75,b80b,90.0,330.0,180.0,0.0,180.0,0.0,180.0,0.0,1.0,-1.0
outer2,2,75,b80b,120.0,0.0,0.0,0.0,0.0,0.0,0.0,1.0,1.0,0.0
outer2,2,75,b80b,120.0,30.0,0.0,0.0,0.0,0.0,0.0,1.0,1.0,0.0
outer2,2,75,b80b,120.0,60.0,0.0,0.0,0.0,0.0,0.0,1.0,1.0,0.0
outer2,2,75,b80b,120.0,90.0,0.0,0.0,0.0,0.0,0.0,1.0,1.0,0.0
outer2,2,75,b80b,120.0,120.0,0.0,0.0,0.0,0.0,0.0,1.0,1.0,0.0
outer2,2,75,b80b,120.0,150.0,0.0,0.0,0.0,0.0,0.0,1.0,1.0,0.0
outer2,2,75,b80b,120.0,180.0,0.0,0.0,0.0,0.0,0.0,1.0,1.0,0.0
outer2,2,75,b80b,120.0,210.0,0.0,0.0,0.0,0.0,0.0,1.0,1.0,0.0
outer2,2,75,b80b,120.0,240.0,0.0,0.0,0.0,0.0,0.0,1.0,1.0,0.0
outer2,2,75,b80b,120.0,270.0,0.0,0.0,0.0,0.0,0.0,1.0,1.0,0.0
outer2,2,75,b80b,120.0,300.0,0.0,0.0,0.0,0.0,0.0,1.0,1.0,0.0
outer2,2,75,b80b,120.0,330.0,0.0,0.0,0.0,0.0,0.0,1.0,1.0,0.0
outer2,2,75,b80b,150.0,0.0,0.0,0.0,0.0,0.0,0.0,1.0,1.0,0.0
outer2,2,75,b80b,150.0,30.0,0.0,0.0,0.0,0.0,0.0,1.0,1.0,0.0
outer2,2,75,b80b,150.0,60.0,0.0,0.0,0.0,0.0,0.0,1.0,1.0,0.0
outer2,2,75,b80b,150.0,90.0,0.0,0.0,0.0,0.0,0.0,1.0,1.0,0.0
outer2,2,75,b80b,150.0,120.0,0.0,0.0,0.0,0.0,0.0,1.0,1.0,0.0
outer2,2,75,b80b,150.0,150.0,0.0,0.0,0.0,0.0,0.0,1.0,1.0,0.0
outer2,2,75,b80b,150.0,180.0,0.0,0.0,0.0,0.0,0.0,1.0,1.0,0.0
outer2,2,75,b80b,150.0,210.0,0.0,0.0,0.0,0.0,0.0,1.0,1.0,0.0
outer2,2,75,b80b,150.0,240.0,0.0,0.0,0.0,0.0,0.0,1.0,1.0,0.0
outer2,2,75,b80b,150.0,270.0,0.0,0.0,0.0,0.0,0.0,1.0,1.0,0.0
outer2,2,75,b80b,150.0,300.0,0.0,0.0,0.0,0.0,0.0,1.0,1.0,0.0
outer2,2,75,b80b,150.0,330.0,0.0,0.0,0.0,0.0,0.0,1.0,1.0,0.0
outer2,2,75,b9e6,30.0,0.0,0.0,0.0,0.0,0.0,0.0,1.0,1.0,0.0
outer2,2,75,b9e6,30.0,30.0,0.0,0.0,0.0,0.0,0.0,1.0,1.0,0.0
outer2,2,75,b9e6,30.0,60.0,0.0,0.0,0.0,0.0,0.0,1.0,1.0,0.0
outer2,2,75,b9e6,30.0,90.0,0.0,0.0,0.0,0.0,0.0,1.0,1.0,0.0
outer2,2,75,b9e6,30.0,120.0,0.0,0.0,0.0,0.0,0.0,1.0,1.0,0.0
outer2,2,75,b9e6,30.0,150.0,0.0,0.0,0.0,0.0,0.0,1.0,1.0,0.0
outer2,2,75,b9e6,30.0,180.0,0.0,0.0,0.0,0.0,0.0,1.0,1.0,0.0
outer2,2,75,b9e6,30.0,210.0,0.0,0.0,0.0,0.0,0.0,1.0,1.0,0.0
outer2,2,75,b9e6,30.0,240.0,0.0,0.0,0.0,0.0,0.0,1.0,1.0,0.0
outer2,2,75,b9e6,30.0,270.0,0.0,0.0,0.0,0.0,0.0,1.0,1.0,0.0
outer2,2,75,b9e6,30.0,300.0,0.0,0.0,0.0,0.0,0.0,1.0,1.0,0.0
outer2,2,75,b9e6,30.0,330.0,0.0,0.0,0.0,0.0,0.0,1.0,1.0,0.0
outer2,2,75,b9e6,60.0,0.0,0.0,0.0,0.0,0.0,0.0,1.0,1.0,0.0
outer2,2,75,b9e6,60.0,30.0,0.0,0.0,0.0,0.0,0.0,1.0,1.0,0.0
outer2,2,75,b9e6,60.0,60.0,0.0,0.0,0.0,0.0,0.0,1.0,1.0,0.0
outer2,2,75,b9e6,60.0,90.0,0.0,0.0,0.0,0.0,0.0,1.0,1.0,0.0
outer2,2,75,b9e6,60.0,120.0,0.0,0.0,0.0,0.0,0.0,1.0,1.0,0.0
outer2,2,75,b9e6,60.0,150.0,0.0,0.0,0.0,0.0,0.0,1.0,1.0,0.0
outer2,2,75,b9e6,60.0,180.0,0.0,0.0,0.0,0.0,0.0,1.0,1.0,0.0
outer2,2,75,b9e6,60.0,210.0,97.1807632446289,120.00000762939453,-22.819244384765625,0.0,-60.0,0.0,0.0,0.0
outer2,2,75,b9e6,60.0,240.0,0.0,0.0,0.0,0.0,0.0,1.0,1.0,0.0
outer2,2,75,b9e6,60.0,270.0,0.0,0.0,0.0,0.0,0.0,1.0,1.0,0.0
outer2,2,75,b9e6,60.0,300.0,0.0,0.0,0.0,0.0,0.0,1.0,1.0,0.0
outer2,2,75,b9e6,60.0,330.0,0.0,0.0,0.0,0.0,0.0,1.0,1.0,0.0
outer2,2,75,b9e6,90.0,0.0,0.0,0.0,0.0,0.0,0.0,1.0,1.0,0.0
outer2,2,75,b9e6,90.0,30.0,0.0,0.0,0.0,0.0,0.0,1.0,1.0,0.0
outer2,2,75,b9e6,90.0,60.0,0.0,0.0,0.0,0.0,0.0,1.0,1.0,0.0
outer2,2,75,b9e6,90.0,90.0,180.0,0.0,180.0,0.0,180.0,0.0,1.0,-1.0
outer2,2,75,b9e6,90.0,120.0,60.000003814697266,60.000003814697266,0.0,0.0,0.0,0.0,0.0,0.0
outer2,2,75,b9e6,90.0,150.0,0.0,0.0,0.0,0.0,0.0,1.0,1.0,0.0
outer2,2,75,b9e6,90.0,180.0,180.0,180.0,0.0,0.0,0.0,0.0,0.0,0.0
outer2,2,75,b9e6,90.0,210.0,0.0,180.0,-180.0,0.0,-180.0,1.0,0.0,1.0
outer2,2,75,b9e6,90.0,240.0,0.0,180.0,-180.0,0.0,-180.0,1.0,0.0,1.0
outer2,2,75,b9e6,90.0,270.0,0.0,0.0,0.0,0.0,0.0,1.0,1.0,0.0
outer2,2,75,b9e6,90.0,300.0,60.000003814697266,60.000003814697266,0.0,0.0,0.0,0.0,0.0,0.0
outer2,2,75,b9e6,90.0,330.0,180.0,180.0,0.0,0.0,0.0,0.0,0.0,0.0
outer2,2,75,b9e6,120.0,0.0,0.0,0.0,0.0,0.0,0.0,1.0,1.0,0.0
outer2,2,75,b9e6,120.0,30.0,0.0,0.0,0.0,0.0,0.0,1.0,1.0,0.0
outer2,2,75,b9e6,120.0,60.0,0.0,0.0,0.0,0.0,0.0,1.0,1.0,0.0
outer2,2,75,b9e6,120.0,90.0,0.0,0.0,0.0,0.0,0.0,1.0,1.0,0.0
outer2,2,75,b9e6,120.0,120.0,0.0,0.0,0.0,0.0,0.0,1.0,1.0,0.0
outer2,2,75,b9e6,120.0,150.0,0.0,0.0,0.0,0.0,0.0,1.0,1.0,0.0
outer2,2,75,b9e6,120.0,180.0,0.0,0.0,0.0,0.0,0.0,1.0,1.0,0.0
outer2,2,75,b9e6,120.0,210.0,120.00000762939453,120.00000762939453,0.0,0.0,0.0,0.0,0.0,0.0
outer2,2,75,b9e6,120.0,240.0,0.0,0.0,0.0,0.0,0.0,1.0,1.0,0.0
outer2,2,75,b9e6,120.0,270.0,0.0,0.0,0.0,0.0,0.0,1.0,1.0,0.0
outer2,2,75,b9e6,120.0,300.0,0.0,0.0,0.0,0.0,0.0,1.0,1.0,0.0
outer2,2,75,b9e6,120.0,330.0,0.0,0.0,0.0,0.0,0.0,1.0,1.0,0.0
outer2,2,75,b9e6,150.0,0.0,0.0,0.0,0.0,0.0,0.0,1.0,1.0,0.0
outer2,2,75,b9e6,150.0,30.0,0.0,0.0,0.0,0.0,0.0,1.0,1.0,0.0
outer2,2,75,b9e6,150.0,60.0,0.0,0.0,0.0,0.0,0.0,1.0,1.0,0.0
outer2,2,75,b9e6,150.0,90.0,0.0,0.0,0.0,0.0,0.0,1.0,1.0,0.0
outer2,2,75,b9e6,150.0,120.0,0.0,0.0,0.0,0.0,0.0,1.0,1.0,0.0
outer2,2,75,b9e6,150.0,150.0,0.0,0.0,0.0,0.0,0.0,1.0,1.0,0.0
outer2,2,75,b9e6,150.0,180.0,0.0,0.0,0.0,0.0,0.0,1.0,1.0,0.0
outer2,2,75,b9e6,150.0,210.0,0.0,0.0,0.0,0.0,0.0,1.0,1.0,0.0
outer2,2,75,b9e6,150.0,240.0,0.0,0.0,0.0,0.0,0.0,1.0,1.0,0.0
outer2,2,75,b9e6,150.0,270.0,0.0,0.0,0.0,0.0,0.0,1.0,1.0,0.0
outer2,2,75,b9e6,150.0,300.0,0.0,0.0,0.0,0.0,0.0,1.0,1.0,0.0
outer2,2,75,b9e6,150.0,330.0,0.0,0.0,0.0,0.0,0.0,1.0,1.0,0.0
outer2,2,75,ba0f,30.0,0.0,90.0,90.0,0.0,-60.0,180.0,0.0,0.0,0.0
outer2,2,75,ba0f,30.0,30.0,128.68218994140625,151.04498291015625,-22.36279296875,0.0,-60.0,0.0,0.0,0.0
outer2,2,75,ba0f,30.0,60.0,0.0,14.870942115783691,-14.870942115783691,0.0,-30.0,1.0,0.0,1.0
outer2,2,75,ba0f,30.0,90.0,60.000003814697266,57.7581901550293,2.2418136596679688,0.0,30.0,0.0,0.0,0.0
outer2,2,75,ba0f,30.0,120.0,0.0,0.0,0.0,0.0,0.0,1.0,1.0,0.0
outer2,2,75,ba0f,30.0,150.0,0.0,60.000003814697266,-60.000003814697266,0.0,-180.0,1.0,0.0,1.0
outer2,2,75,ba0f,30.0,180.0,60.000003814697266,0.0,60.000003814697266,0.0,180.0,0.0,1.0,-1.0
outer2,2,75,ba0f,30.0,210.0,51.31781005859375,151.04498291015625,-99.7271728515625,-120.0,0.0,0.0,0.0,0.0
outer2,2,75,ba0f,30.0,240.0,60.000003814697266,57.7581901550293,2.2418136596679688,0.0,30.0,0.0,0.0,0.0
outer2,2,75,ba0f,30.0,270.0,122.24180603027344,122.24180603027344,0.0,0.0,0.0,0.0,0.0,0.0
outer2,2,75,ba0f,30.0,300.0,60.000003814697266,60.000003814697266,0.0,0.0,0.0,0.0,0.0,0.0
outer2,2,75,ba0f,30.0,330.0,0.0,0.0,0.0,0.0,0.0,1.0,1.0,0.0
outer2,2,75,ba0f,60.0,0.0,30.000001907348633,0.0,30.000001907348633,30.0,0.0,0.0,1.0,-1.0
outer2,2,75,ba0f,60.0,30.0,0.0,0.0,0.0,0.0,0.0,1.0,1.0,0.0
outer2,2,75,ba0f,60.0,60.0,64.34110260009766,0.0,64.34110260009766,30.0,60.0,0.0,1.0,-1.0
outer2,2,75,ba0f,60.0,90.0,29.999998092651367,29.999998092651367,0.0,0.0,0.0,0.0,0.0,0.0
outer2,2,75,ba0f,60.0,120.0,113.5481185913086,113.5481185913086,0.0,0.0,0.0,0.0,0.0,0.0
outer2,2,75,ba0f,60.0,150.0,120.00000762939453,180.0,-59.99999237060547,-60.0,0.0,0.0,0.0,0.0
outer2,2,75,ba0f,60.0,180.0,30.000001907348633,120.00000762939453,-90.0000057220459,30.0,-180.0,0.0,0.0,0.0
outer2,2,75,ba0f,60.0,210.0,128.6822052001953,82.81924438476562,45.86296081542969,0.0,60.0,0.0,0.0,0.0
outer2,2,75,ba0f,60.0,240.0,138.59039306640625,25.905075073242188,112.68531799316406,30.0,120.0,0.0,0.0,0.0
outer2,2,75,ba0f,60.0,270.0,41.40962219238281,41.40962219238281,0.0,0.0,0.0,0.0,0.0,0.0
outer2,2,75,ba0f,60.0,300.0,128.68218994140625,60.000003814697266,68.68218612670898,0.0,120.0,0.0,0.0,0.0
outer2,2,75,ba0f,60.0,330.0,128.6822052001953,128.6822052001953,0.0,0.0,0.0,0.0,0.0,0.0
outer2,2,75,ba0f,90.0,0.0,180.0,180.0,0.0,0.0,0.0,0.0,0.0,0.0
outer2,2,75,ba0f,90.0,30.0,60.00000762939453,60.00000762939453,0.0,0.0,0.0,0.0,0.0,0.0
outer2,2,75,ba0f,90.0,60.0,180.0,180.0,0.0,0.0,0.0,0.0,0.0,0.0
outer2,2,75,ba0f,90.0,90.0,180.0,0.0,180.0,0.0,180.0,0.0,1.0,-1.0
outer2,2,75,ba0f,90.0,120.0,180.0,180.0,0.0,0.0,0.0,0.0,0.0,0.0
outer2,2,75,ba0f,90.0,150.0,150.0,180.0,-30.0,0.0,-30.0,0.0,0.0,0.0
outer2,2,75,ba0f,90.0,180.0,0.0,0.0,0.0,0.0,0.0,1.0,1.0,0.0
outer2,2,75,ba0f,90.0,210.0,120.00000762939453,120.00000762939453,0.0,0.0,0.0,0.0,0.0,0.0
outer2,2,75,ba0f,90.0,240.0,60.000003814697266,120.00000762939453,-60.000003814697266,0.0,-60.0,0.0,0.0,0.0
outer2,2,75,ba0f,90.0,270.0,0.0,180.0,-180.0,0.0,-180.0,1.0,0.0,1.0
outer2,2,75,ba0f,90.0,300.0,0.0,0.0,0.0,0.0,0.0,1.0,1.0,0.0
outer2,2,75,ba0f,90.0,330.0,150.0,0.0,150.0,0.0,150.0,0.0,1.0,-1.0
outer2,2,75,ba0f,120.0,0.0,0.0,0.0,0.0,0.0,0.0,1.0,1.0,0.0
outer2,2,75,ba0f,120.0,30.0,120.00000762939453,0.0,120.00000762939453,0.0,180.0,0.0,1.0,-1.0
outer2,2,75,ba0f,120.0,60.0,0.0,0.0,0.0,0.0,0.0,1.0,1.0,0.0
outer2,2,75,ba0f,120.0,90.0,0.0,0.0,0.0,0.0,0.0,1.0,1.0,0.0
outer2,2,75,ba0f,120.0,120.0,113.54811096191406,113.54811096191406,0.0,0.0,0.0,0.0,0.0,0.0
outer2,2,75,ba0f,120.0,150.0,120.00000762939453,120.00000762939453,0.0,0.0,0.0,0.0,0.0,0.0
outer2,2,75,ba0f,120.0,180.0,60.000003814697266,0.0,60.000003814697266,60.0,0.0,0.0,1.0,-1.0
outer2,2,75,ba0f,120.0,210.0,0.0,0.0,0.0,0.0,0.0,1.0,1.0,0.0
outer2,2,75,ba0f,120.0,240.0,0.0,97.18075561523438,-97.18075561523438,0.0,-120.0,1.0,0.0,1.0
outer2,2,75,ba0f,120.0,270.0,30.000001907348633,138.59039306640625,-108.59039115905762,0.0,-150.0,0.0,0.0,0.0
outer2,2,75,ba0f,120.0,300.0,51.31781005859375,154.0949249267578,-102.77711486816406,-60.0,-90.0,0.0,0.0,0.0
outer2,2,75,ba0f,120.0,330.0,0.0,0.0,0.0,0.0,0.0,1.0,1.0,0.0
outer2,2,75,ba0f,150.0,0.0,120.00000762939453,180.0,-59.99999237060547,0.0,-180.0,0.0,0.0,0.0
outer2,2,75,ba0f,150.0,30.0,165.12905883789062,128.68218994140625,36.446868896484375,0.0,90.0,0.0,0.0,0.0
outer2,2,75,ba0f,150.0,60.0,57.7581901550293,165.12905883789062,-107.37086868286133,-120.0,0.0,0.0,0.0,0.0
outer2,2,75,ba0f,150.0,90.0,0.0,0.0,0.0,0.0,0.0,1.0,1.0,0.0
outer2,2,75,ba0f,150.0,120.0,0.0,0.0,0.0,0.0,0.0,1.0,1.0,0.0
outer2,2,75,ba0f,150.0,150.0,120.00000762939453,0.0,120.00000762939453,120.0,0.0,0.0,1.0,-1.0
outer2,2,75,ba0f,150.0,180.0,90.0,86.67424774169922,3.3257522583007812,60.0,-150.0,0.0,0.0,0.0
outer2,2,75,ba0f,150.0,210.0,151.04498291015625,151.04498291015625,0.0,0.0,0.0,0.0,0.0,0.0
outer2,2,75,ba0f,150.0,240.0,151.04498291015625,122.24180603027344,28.803176879882812,0.0,90.0,0.0,0.0,0.0
outer2,2,75,ba0f,150.0,270.0,0.0,122.24180603027344,-122.24180603027344,-120.0,-30.0,1.0,0.0,1.0
outer2,2,75,ba0f,150.0,300.0,122.24180603027344,57.7581901550293,64.48361587524414,120.0,-120.0,0.0,0.0,0.0
outer2,2,75,ba0f,150.0,330.0,0.0,0.0,0.0,0.0,0.0,1.0,1.0,0.0
outer2,2,75,bb7c,30.0,0.0,0.0,0.0,0.0,0.0,0.0,1.0,1.0,0.0
outer2,2,75,bb7c,30.0,30.0,0.0,0.0,0.0,0.0,0.0,1.0,1.0,0.0
outer2,2,75,bb7c,30.0,60.0,0.0,0.0,0.0,0.0,0.0,1.0,1.0,0.0
outer2,2,75,bb7c,30.0,90.0,0.0,0.0,0.0,0.0,0.0,1.0,1.0,0.0
outer2,2,75,bb7c,30.0,120.0,0.0,0.0,0.0,0.0,0.0,1.0,1.0,0.0
outer2,2,75,bb7c,30.0,150.0,0.0,0.0,0.0,0.0,0.0,1.0,1.0,0.0
outer2,2,75,bb7c,30.0,180.0,0.0,0.0,0.0,0.0,0.0,1.0,1.0,0.0
outer2,2,75,bb7c,30.0,210.0,0.0,0.0,0.0,0.0,0.0,1.0,1.0,0.0
outer2,2,75,bb7c,30.0,240.0,0.0,0.0,0.0,0.0,0.0,1.0,1.0,0.0
outer2,2,75,bb7c,30.0,270.0,0.0,0.0,0.0,0.0,0.0,1.0,1.0,0.0
outer2,2,75,bb7c,30.0,300.0,0.0,0.0,0.0,0.0,0.0,1.0,1.0,0.0
outer2,2,75,bb7c,30.0,330.0,0.0,0.0,0.0,0.0,0.0,1.0,1.0,0.0
outer2,2,75,bb7c,60.0,0.0,0.0,0.0,0.0,0.0,0.0,1.0,1.0,0.0
outer2,2,75,bb7c,60.0,30.0,0.0,0.0,0.0,0.0,0.0,1.0,1.0,0.0
outer2,2,75,bb7c,60.0,60.0,25.905075073242188,0.0,25.905075073242188,0.0,30.0,0.0,1.0,-1.0
outer2,2,75,bb7c,60.0,90.0,0.0,0.0,0.0,0.0,0.0,1.0,1.0,0.0
outer2,2,75,bb7c,60.0,120.0,0.0,0.0,0.0,0.0,0.0,1.0,1.0,0.0
outer2,2,75,bb7c,60.0,150.0,0.0,0.0,0.0,0.0,0.0,1.0,1.0,0.0
outer2,2,75,bb7c,60.0,180.0,120.00000762939453,0.0,120.00000762939453,0.0,180.0,0.0,1.0,-1.0
outer2,2,75,bb7c,60.0,210.0,82.81924438476562,66.45188903808594,16.367355346679688,0.0,30.0,0.0,0.0,0.0
outer2,2,75,bb7c,60.0,240.0,0.0,0.0,0.0,0.0,0.0,1.0,1.0,0.0
outer2,2,75,bb7c,60.0,270.0,41.40962219238281,29.999998092651367,11.409624099731445,0.0,30.0,0.0,0.0,0.0
outer2,2,75,bb7c,60.0,300.0,0.0,0.0,0.0,0.0,0.0,1.0,1.0,0.0
outer2,2,75,bb7c,60.0,330.0,0.0,0.0,0.0,0.0,0.0,1.0,1.0,0.0
outer2,2,75,bb7c,90.0,0.0,180.0,180.0,0.0,0.0,0.0,0.0,0.0,0.0
outer2,2,75,bb7c,90.0,30.0,0.0,0.0,0.0,0.0,0.0,1.0,1.0,0.0
outer2,2,75,bb7c,90.0,60.0,0.0,0.0,0.0,0.0,0.0,1.0,1.0,0.0
outer2,2,75,bb7c,90.0,90.0,0.0,0.0,0.0,0.0,0.0,1.0,1.0,0.0
outer2,2,75,bb7c,90.0,120.0,0.0,0.0,0.0,0.0,0.0,1.0,1.0,0.0
outer2,2,75,bb7c,90.0,150.0,180.0,180.0,0.0,0.0,0.0,0.0,0.0,0.0
outer2,2,75,bb7c,90.0,180.0,0.0,0.0,0.0,0.0,0.0,1.0,1.0,0.0
outer2,2,75,bb7c,90.0,210.0,180.0,180.0,0.0,0.0,0.0,0.0,0.0,0.0
outer2,2,75,bb7c,90.0,240.0,0.0,120.00000762939453,-120.00000762939453,0.0,-120.0,1.0,0.0,1.0
outer2,2,75,bb7c,90.0,270.0,0.0,180.0,-180.0,0.0,-180.0,1.0,0.0,1.0
outer2,2,75,bb7c,90.0,300.0,180.0,180.0,0.0,0.0,0.0,0.0,0.0,0.0
outer2,2,75,bb7c,90.0,330.0,180.0,180.0,0.0,0.0,0.0,0.0,0.0,0.0
outer2,2,75,bb7c,120.0,0.0,0.0,0.0,0.0,0.0,0.0,1.0,1.0,0.0
outer2,2,75,bb7c,120.0,30.0,0.0,0.0,0.0,0.0,0.0,1.0,1.0,0.0
outer2,2,75,bb7c,120.0,60.0,0.0,0.0,0.0,0.0,0.0,1.0,1.0,0.0
outer2,2,75,bb7c,120.0,90.0,0.0,0.0,0.0,0.0,0.0,1.0,1.0,0.0
outer2,2,75,bb7c,120.0,120.0,0.0,0.0,0.0,0.0,0.0,1.0,1.0,0.0
outer2,2,75,bb7c,120.0,150.0,0.0,0.0,0.0,0.0,0.0,1.0,1.0,0.0
outer2,2,75,bb7c,120.0,180.0,120.00000762939453,0.0,120.00000762939453,0.0,180.0,0.0,1.0,-1.0
outer2,2,75,bb7c,120.0,210.0,0.0,0.0,0.0,0.0,0.0,1.0,1.0,0.0
outer2,2,75,bb7c,120.0,240.0,128.6822052001953,154.09490966796875,-25.412704467773438,0.0,-30.0,0.0,0.0,0.0
outer2,2,75,bb7c,120.0,270.0,120.00000762939453,120.00000762939453,0.0,0.0,0.0,0.0,0.0,0.0
outer2,2,75,bb7c,120.0,300.0,0.0,0.0,0.0,0.0,0.0,1.0,1.0,0.0
outer2,2,75,bb7c,120.0,330.0,0.0,60.000003814697266,-60.000003814697266,-60.0,0.0,1.0,0.0,1.0
outer2,2,75,bb7c,150.0,0.0,0.0,0.0,0.0,0.0,0.0,1.0,1.0,0.0
outer2,2,75,bb7c,150.0,30.0,0.0,0.0,0.0,0.0,0.0,1.0,1.0,0.0
outer2,2,75,bb7c,150.0,60.0,0.0,0.0,0.0,0.0,0.0,1.0,1.0,0.0
outer2,2,75,bb7c,150.0,90.0,0.0,0.0,0.0,0.0,0.0,1.0,1.0,0.0
outer2,2,75,bb7c,150.0,120.0,0.0,0.0,0.0,0.0,0.0,1.0,1.0,0.0
outer2,2,75,bb7c,150.0,150.0,0.0,0.0,0.0,0.0,0.0,1.0,1.0,0.0
outer2,2,75,bb7c,150.0,180.0,0.0,0.0,0.0,0.0,0.0,1.0,1.0,0.0
outer2,2,75,bb7c,150.0,210.0,0.0,0.0,0.0,0.0,0.0,1.0,1.0,0.0
outer2,2,75,bb7c,150.0,240.0,0.0,0.0,0.0,0.0,0.0,1.0,1.0,0.0
outer2,2,75,bb7c,150.0,270.0,0.0,0.0,0.0,0.0,0.0,1.0,1.0,0.0
outer2,2,75,bb7c,150.0,300.0,0.0,0.0,0.0,0.0,0.0,1.0,1.0,0.0
outer2,2,75,bb7c,150.0,330.0,0.0,0.0,0.0,0.0,0.0,1.0,1.0,0.0
outer2,2,76,b7c1,30.0,0.0,0.0,0.0,0.0,0.0,0.0,1.0,1.0,0.0
outer2,2,76,b7c1,30.0,30.0,0.0,0.0,0.0,0.0,0.0,1.0,1.0,0.0
outer2,2,76,b7c1,30.0,60.0,0.0,0.0,0.0,0.0,0.0,1.0,1.0,0.0
outer2,2,76,b7c1,30.0,90.0,0.0,0.0,0.0,0.0,0.0,1.0,1.0,0.0
outer2,2,76,b7c1,30.0,120.0,0.0,0.0,0.0,0.0,0.0,1.0,1.0,0.0
outer2,2,76,b7c1,30.0,150.0,0.0,0.0,0.0,0.0,0.0,1.0,1.0,0.0
outer2,2,76,b7c1,30.0,180.0,0.0,0.0,0.0,0.0,0.0,1.0,1.0,0.0
outer2,2,76,b7c1,30.0,210.0,0.0,0.0,0.0,0.0,0.0,1.0,1.0,0.0
outer2,2,76,b7c1,30.0,240.0,0.0,0.0,0.0,0.0,0.0,1.0,1.0,0.0
outer2,2,76,b7c1,30.0,270.0,0.0,0.0,0.0,0.0,0.0,1.0,1.0,0.0
outer2,2,76,b7c1,30.0,300.0,0.0,0.0,0.0,0.0,0.0,1.0,1.0,0.0
outer2,2,76,b7c1,30.0,330.0,0.0,0.0,0.0,0.0,0.0,1.0,1.0,0.0
outer2,2,76,b7c1,60.0,0.0,0.0,0.0,0.0,0.0,0.0,1.0,1.0,0.0
outer2,2,76,b7c1,60.0,30.0,82.81924438476562,51.31782150268555,31.501422882080078,60.0,0.0,0.0,0.0,0.0
outer2,2,76,b7c1,60.0,60.0,0.0,0.0,0.0,0.0,0.0,1.0,1.0,0.0
outer2,2,76,b7c1,60.0,90.0,0.0,0.0,0.0,0.0,0.0,1.0,1.0,0.0
outer2,2,76,b7c1,60.0,120.0,0.0,0.0,0.0,0.0,0.0,1.0,1.0,0.0
outer2,2,76,b7c1,60.0,150.0,0.0,0.0,0.0,0.0,0.0,1.0,1.0,0.0
outer2,2,76,b7c1,60.0,180.0,0.0,0.0,0.0,0.0,0.0,1.0,1.0,0.0
outer2,2,76,b7c1,60.0,210.0,0.0,0.0,0.0,0.0,0.0,1.0,1.0,0.0
outer2,2,76,b7c1,60.0,240.0,0.0,0.0,0.0,0.0,0.0,1.0,1.0,0.0
outer2,2,76,b7c1,60.0,270.0,0.0,0.0,0.0,0.0,0.0,1.0,1.0,0.0
outer2,2,76,b7c1,60.0,300.0,0.0,0.0,0.0,0.0,0.0,1.0,1.0,0.0
outer2,2,76,b7c1,60.0,330.0,0.0,0.0,0.0,0.0,0.0,1.0,1.0,0.0
outer2,2,76,b7c1,90.0,0.0,0.0,0.0,0.0,0.0,0.0,1.0,1.0,0.0
outer2,2,76,b7c1,90.0,30.0,0.0,0.0,0.0,0.0,0.0,1.0,1.0,0.0
outer2,2,76,b7c1,90.0,60.0,0.0,0.0,0.0,0.0,0.0,1.0,1.0,0.0
outer2,2,76,b7c1,90.0,90.0,180.0,0.0,180.0,0.0,180.0,0.0,1.0,-1.0
outer2,2,76,b7c1,90.0,120.0,60.000003814697266,0.0,60.000003814697266,0.0,60.0,0.0,1.0,-1.0
outer2,2,76,b7c1,90.0,150.0,0.0,120.00000762939453,-120.00000762939453,0.0,-120.0,1.0,0.0,1.0
outer2,2,76,b7c1,90.0,180.0,180.0,180.0,0.0,0.0,0.0,0.0,0.0,0.0
outer2,2,76,b7c1,90.0,210.0,180.0,180.0,0.0,0.0,0.0,0.0,0.0,0.0
outer2,2,76,b7c1,90.0,240.0,0.0,0.0,0.0,0.0,0.0,1.0,1.0,0.0
outer2,2,76,b7c1,90.0,270.0,0.0,0.0,0.0,0.0,0.0,1.0,1.0,0.0
outer2,2,76,b7c1,90.0,300.0,119.99999237060547,180.0,-60.00000762939453,0.0,-60.0,0.0,0.0,0.0
outer2,2,76,b7c1,90.0,330.0,0.0,180.0,-180.0,0.0,-180.0,1.0,0.0,1.0
outer2,2,76,b7c1,120.0,0.0,0.0,0.0,0.0,0.0,0.0,1.0,1.0,0.0
outer2,2,76,b7c1,120.0,30.0,0.0,0.0,0.0,0.0,0.0,1.0,1.0,0.0
outer2,2,76,b7c1,120.0,60.0,0.0,0.0,0.0,0.0,0.0,1.0,1.0,0.0
outer2,2,76,b7c1,120.0,90.0,0.0,0.0,0.0,0.0,0.0,1.0,1.0,0.0
outer2,2,76,b7c1,120.0,120.0,0.0,0.0,0.0,0.0,0.0,1.0,1.0,0.0
outer2,2,76,b7c1,120.0,150.0,0.0,0.0,0.0,0.0,0.0,1.0,1.0,0.0
outer2,2,76,b7c1,120.0,180.0,0.0,0.0,0.0,0.0,0.0,1.0,1.0,0.0
outer2,2,76,b7c1,120.0,210.0,0.0,120.00000762939453,-120.00000762939453,0.0,-180.0,1.0,0.0,1.0
outer2,2,76,b7c1,120.0,240.0,0.0,0.0,0.0,0.0,0.0,1.0,1.0,0.0
outer2,2,76,b7c1,120.0,270.0,0.0,0.0,0.0,0.0,0.0,1.0,1.0,0.0
outer2,2,76,b7c1,120.0,300.0,0.0,0.0,0.0,0.0,0.0,1.0,1.0,0.0
outer2,2,76,b7c1,120.0,330.0,0.0,0.0,0.0,0.0,0.0,1.0,1.0,0.0
outer2,2,76,b7c1,150.0,0.0,0.0,0.0,0.0,0.0,0.0,1.0,1.0,0.0
outer2,2,76,b7c1,150.0,30.0,0.0,0.0,0.0,0.0,0.0,1.0,1.0,0.0
outer2,2,76,b7c1,150.0,60.0,0.0,0.0,0.0,0.0,0.0,1.0,1.0,0.0
outer2,2,76,b7c1,150.0,90.0,0.0,0.0,0.0,0.0,0.0,1.0,1.0,0.0
outer2,2,76,b7c1,150.0,120.0,0.0,0.0,0.0,0.0,0.0,1.0,1.0,0.0
outer2,2,76,b7c1,150.0,150.0,0.0,0.0,0.0,0.0,0.0,1.0,1.0,0.0
outer2,2,76,b7c1,150.0,180.0,0.0,0.0,0.0,0.0,0.0,1.0,1.0,0.0
outer2,2,76,b7c1,150.0,210.0,0.0,0.0,0.0,0.0,0.0,1.0,1.0,0.0
outer2,2,76,b7c1,150.0,240.0,14.870942115783691,0.0,14.870942115783691,0.0,30.0,0.0,1.0,-1.0
outer2,2,76,b7c1,150.0,270.0,0.0,0.0,0.0,0.0,0.0,1.0,1.0,0.0
outer2,2,76,b7c1,150.0,300.0,0.0,0.0,0.0,0.0,0.0,1.0,1.0,0.0
outer2,2,76,b7c1,150.0,330.0,0.0,0.0,0.0,0.0,0.0,1.0,1.0,0.0
outer2,2,76,b80b,30.0,0.0,0.0,0.0,0.0,0.0,0.0,1.0,1.0,0.0
outer2,2,76,b80b,30.0,30.0,0.0,0.0,0.0,0.0,0.0,1.0,1.0,0.0
outer2,2,76,b80b,30.0,60.0,0.0,0.0,0.0,0.0,0.0,1.0,1.0,0.0
outer2,2,76,b80b,30.0,90.0,0.0,0.0,0.0,0.0,0.0,1.0,1.0,0.0
outer2,2,76,b80b,30.0,120.0,0.0,0.0,0.0,0.0,0.0,1.0,1.0,0.0
outer2,2,76,b80b,30.0,150.0,0.0,0.0,0.0,0.0,0.0,1.0,1.0,0.0
outer2,2,76,b80b,30.0,180.0,0.0,0.0,0.0,0.0,0.0,1.0,1.0,0.0
outer2,2,76,b80b,30.0,210.0,0.0,0.0,0.0,0.0,0.0,1.0,1.0,0.0
outer2,2,76,b80b,30.0,240.0,0.0,0.0,0.0,0.0,0.0,1.0,1.0,0.0
outer2,2,76,b80b,30.0,270.0,0.0,0.0,0.0,0.0,0.0,1.0,1.0,0.0
outer2,2,76,b80b,30.0,300.0,0.0,0.0,0.0,0.0,0.0,1.0,1.0,0.0
outer2,2,76,b80b,30.0,330.0,0.0,0.0,0.0,0.0,0.0,1.0,1.0,0.0
outer2,2,76,b80b,60.0,0.0,0.0,0.0,0.0,0.0,0.0,1.0,1.0,0.0
outer2,2,76,b80b,60.0,30.0,0.0,0.0,0.0,0.0,0.0,1.0,1.0,0.0
outer2,2,76,b80b,60.0,60.0,0.0,0.0,0.0,0.0,0.0,1.0,1.0,0.0
outer2,2,76,b80b,60.0,90.0,0.0,0.0,0.0,0.0,0.0,1.0,1.0,0.0
outer2,2,76,b80b,60.0,120.0,0.0,0.0,0.0,0.0,0.0,1.0,1.0,0.0
outer2,2,76,b80b,60.0,150.0,0.0,0.0,0.0,0.0,0.0,1.0,1.0,0.0
outer2,2,76,b80b,60.0,180.0,0.0,0.0,0.0,0.0,0.0,1.0,1.0,0.0
outer2,2,76,b80b,60.0,210.0,0.0,0.0,0.0,0.0,0.0,1.0,1.0,0.0
outer2,2,76,b80b,60.0,240.0,0.0,0.0,0.0,0.0,0.0,1.0,1.0,0.0
outer2,2,76,b80b,60.0,270.0,0.0,0.0,0.0,0.0,0.0,1.0,1.0,0.0
outer2,2,76,b80b,60.0,300.0,0.0,0.0,0.0,0.0,0.0,1.0,1.0,0.0
outer2,2,76,b80b,60.0,330.0,0.0,0.0,0.0,0.0,0.0,1.0,1.0,0.0
outer2,2,76,b80b,90.0,0.0,0.0,0.0,0.0,0.0,0.0,1.0,1.0,0.0
outer2,2,76,b80b,90.0,30.0,0.0,0.0,0.0,0.0,0.0,1.0,1.0,0.0
outer2,2,76,b80b,90.0,60.0,0.0,0.0,0.0,0.0,0.0,1.0,1.0,0.0
outer2,2,76,b80b,90.0,90.0,0.0,0.0,0.0,0.0,0.0,1.0,1.0,0.0
outer2,2,76,b80b,90.0,120.0,0.0,180.0,-180.0,0.0,-180.0,1.0,0.0,1.0
outer2,2,76,b80b,90.0,150.0,180.0,0.0,180.0,0.0,180.0,0.0,1.0,-1.0
outer2,2,76,b80b,90.0,180.0,180.0,0.0,180.0,0.0,180.0,0.0,1.0,-1.0
outer2,2,76,b80b,90.0,210.0,0.0,0.0,0.0,0.0,0.0,1.0,1.0,0.0
outer2,2,76,b80b,90.0,240.0,0.0,0.0,0.0,0.0,0.0,1.0,1.0,0.0
outer2,2,76,b80b,90.0,270.0,0.0,0.0,0.0,0.0,0.0,1.0,1.0,0.0
outer2,2,76,b80b,90.0,300.0,180.0,0.0,180.0,0.0,180.0,0.0,1.0,-1.0
outer2,2,76,b80b,90.0,330.0,180.0,180.0,0.0,0.0,0.0,0.0,0.0,0.0
outer2,2,76,b80b,120.0,0.0,0.0,0.0,0.0,0.0,0.0,1.0,1.0,0.0
outer2,2,76,b80b,120.0,30.0,0.0,0.0,0.0,0.0,0.0,1.0,1.0,0.0
outer2,2,76,b80b,120.0,60.0,0.0,0.0,0.0,0.0,0.0,1.0,1.0,0.0
outer2,2,76,b80b,120.0,90.0,0.0,0.0,0.0,0.0,0.0,1.0,1.0,0.0
outer2,2,76,b80b,120.0,120.0,0.0,0.0,0.0,0.0,0.0,1.0,1.0,0.0
outer2,2,76,b80b,120.0,150.0,0.0,0.0,0.0,0.0,0.0,1.0,1.0,0.0
outer2,2,76,b80b,120.0,180.0,0.0,0.0,0.0,0.0,0.0,1.0,1.0,0.0
outer2,2,76,b80b,120.0,210.0,0.0,0.0,0.0,0.0,0.0,1.0,1.0,0.0
outer2,2,76,b80b,120.0,240.0,0.0,0.0,0.0,0.0,0.0,1.0,1.0,0.0
outer2,2,76,b80b,120.0,270.0,0.0,0.0,0.0,0.0,0.0,1.0,1.0,0.0
outer2,2,76,b80b,120.0,300.0,0.0,0.0,0.0,0.0,0.0,1.0,1.0,0.0
outer2,2,76,b80b,120.0,330.0,0.0,0.0,0.0,0.0,0.0,1.0,1.0,0.0
outer2,2,76,b80b,150.0,0.0,0.0,0.0,0.0,0.0,0.0,1.0,1.0,0.0
outer2,2,76,b80b,150.0,30.0,0.0,0.0,0.0,0.0,0.0,1.0,1.0,0.0
outer2,2,76,b80b,150.0,60.0,0.0,0.0,0.0,0.0,0.0,1.0,1.0,0.0
outer2,2,76,b80b,150.0,90.0,0.0,0.0,0.0,0.0,0.0,1.0,1.0,0.0
outer2,2,76,b80b,150.0,120.0,0.0,0.0,0.0,0.0,0.0,1.0,1.0,0.0
outer2,2,76,b80b,150.0,150.0,0.0,0.0,0.0,0.0,0.0,1.0,1.0,0.0
outer2,2,76,b80b,150.0,180.0,0.0,0.0,0.0,0.0,0.0,1.0,1.0,0.0
outer2,2,76,b80b,150.0,210.0,0.0,0.0,0.0,0.0,0.0,1.0,1.0,0.0
outer2,2,76,b80b,150.0,240.0,0.0,0.0,0.0,0.0,0.0,1.0,1.0,0.0
outer2,2,76,b80b,150.0,270.0,0.0,0.0,0.0,0.0,0.0,1.0,1.0,0.0
outer2,2,76,b80b,150.0,300.0,0.0,0.0,0.0,0.0,0.0,1.0,1.0,0.0
outer2,2,76,b80b,150.0,330.0,0.0,0.0,0.0,0.0,0.0,1.0,1.0,0.0
outer2,2,76,b9e6,30.0,0.0,0.0,0.0,0.0,0.0,0.0,1.0,1.0,0.0
outer2,2,76,b9e6,30.0,30.0,0.0,0.0,0.0,0.0,0.0,1.0,1.0,0.0
outer2,2,76,b9e6,30.0,60.0,0.0,0.0,0.0,0.0,0.0,1.0,1.0,0.0
outer2,2,76,b9e6,30.0,90.0,0.0,0.0,0.0,0.0,0.0,1.0,1.0,0.0
outer2,2,76,b9e6,30.0,120.0,0.0,0.0,0.0,0.0,0.0,1.0,1.0,0.0
outer2,2,76,b9e6,30.0,150.0,0.0,0.0,0.0,0.0,0.0,1.0,1.0,0.0
outer2,2,76,b9e6,30.0,180.0,0.0,0.0,0.0,0.0,0.0,1.0,1.0,0.0
outer2,2,76,b9e6,30.0,210.0,0.0,0.0,0.0,0.0,0.0,1.0,1.0,0.0
outer2,2,76,b9e6,30.0,240.0,0.0,0.0,0.0,0.0,0.0,1.0,1.0,0.0
outer2,2,76,b9e6,30.0,270.0,0.0,0.0,0.0,0.0,0.0,1.0,1.0,0.0
outer2,2,76,b9e6,30.0,300.0,0.0,0.0,0.0,0.0,0.0,1.0,1.0,0.0
outer2,2,76,b9e6,30.0,330.0,0.0,0.0,0.0,0.0,0.0,1.0,1.0,0.0
outer2,2,76,b9e6,60.0,0.0,0.0,0.0,0.0,0.0,0.0,1.0,1.0,0.0
outer2,2,76,b9e6,60.0,30.0,0.0,0.0,0.0,0.0,0.0,1.0,1.0,0.0
outer2,2,76,b9e6,60.0,60.0,0.0,0.0,0.0,0.0,0.0,1.0,1.0,0.0
outer2,2,76,b9e6,60.0,90.0,0.0,0.0,0.0,0.0,0.0,1.0,1.0,0.0
outer2,2,76,b9e6,60.0,120.0,0.0,0.0,0.0,0.0,0.0,1.0,1.0,0.0
outer2,2,76,b9e6,60.0,150.0,0.0,0.0,0.0,0.0,0.0,1.0,1.0,0.0
outer2,2,76,b9e6,60.0,180.0,0.0,0.0,0.0,0.0,0.0,1.0,1.0,0.0
outer2,2,76,b9e6,60.0,210.0,120.00000762939453,120.00000762939453,0.0,0.0,0.0,0.0,0.0,0.0
outer2,2,76,b9e6,60.0,240.0,0.0,60.000003814697266,-60.000003814697266,-60.0,0.0,1.0,0.0,1.0
outer2,2,76,b9e6,60.0,270.0,0.0,0.0,0.0,0.0,0.0,1.0,1.0,0.0
outer2,2,76,b9e6,60.0,300.0,0.0,0.0,0.0,0.0,0.0,1.0,1.0,0.0
outer2,2,76,b9e6,60.0,330.0,0.0,0.0,0.0,0.0,0.0,1.0,1.0,0.0
outer2,2,76,b9e6,90.0,0.0,0.0,0.0,0.0,0.0,0.0,1.0,1.0,0.0
outer2,2,76,b9e6,90.0,30.0,0.0,0.0,0.0,0.0,0.0,1.0,1.0,0.0
outer2,2,76,b9e6,90.0,60.0,180.0,0.0,180.0,0.0,180.0,0.0,1.0,-1.0
outer2,2,76,b9e6,90.0,90.0,180.0,0.0,180.0,0.0,180.0,0.0,1.0,-1.0
outer2,2,76,b9e6,90.0,120.0,120.00000762939453,120.00000762939453,0.0,0.0,0.0,0.0,0.0,0.0
outer2,2,76,b9e6,90.0,150.0,180.0,0.0,180.0,0.0,180.0,0.0,1.0,-1.0
outer2,2,76,b9e6,90.0,180.0,180.0,180.0,0.0,0.0,0.0,0.0,0.0,0.0
outer2,2,76,b9e6,90.0,210.0,0.0,180.0,-180.0,0.0,-180.0,1.0,0.0,1.0
outer2,2,76,b9e6,90.0,240.0,0.0,0.0,0.0,0.0,0.0,1.0,1.0,0.0
outer2,2,76,b9e6,90.0,270.0,0.0,180.0,-180.0,0.0,-180.0,1.0,0.0,1.0
outer2,2,76,b9e6,90.0,300.0,60.000003814697266,60.000003814697266,0.0,0.0,0.0,0.0,0.0,0.0
outer2,2,76,b9e6,90.0,330.0,0.0,180.0,-180.0,0.0,-180.0,1.0,0.0,1.0
outer2,2,76,b9e6,120.0,0.0,0.0,0.0,0.0,0.0,0.0,1.0,1.0,0.0
outer2,2,76,b9e6,120.0,30.0,0.0,0.0,0.0,0.0,0.0,1.0,1.0,0.0
outer2,2,76,b9e6,120.0,60.0,0.0,0.0,0.0,0.0,0.0,1.0,1.0,0.0
outer2,2,76,b9e6,120.0,90.0,0.0,0.0,0.0,0.0,0.0,1.0,1.0,0.0
outer2,2,76,b9e6,120.0,120.0,0.0,0.0,0.0,0.0,0.0,1.0,1.0,0.0
outer2,2,76,b9e6,120.0,150.0,0.0,0.0,0.0,0.0,0.0,1.0,1.0,0.0
outer2,2,76,b9e6,120.0,180.0,120.00000762939453,0.0,120.00000762939453,0.0,180.0,0.0,1.0,-1.0
outer2,2,76,b9e6,120.0,210.0,120.00000762939453,120.00000762939453,0.0,0.0,0.0,0.0,0.0,0.0
outer2,2,76,b9e6,120.0,240.0,0.0,0.0,0.0,0.0,0.0,1.0,1.0,0.0
outer2,2,76,b9e6,120.0,270.0,0.0,0.0,0.0,0.0,0.0,1.0,1.0,0.0
outer2,2,76,b9e6,120.0,300.0,0.0,0.0,0.0,0.0,0.0,1.0,1.0,0.0
outer2,2,76,b9e6,120.0,330.0,0.0,0.0,0.0,0.0,0.0,1.0,1.0,0.0
outer2,2,76,b9e6,150.0,0.0,0.0,0.0,0.0,0.0,0.0,1.0,1.0,0.0
outer2,2,76,b9e6,150.0,30.0,0.0,0.0,0.0,0.0,0.0,1.0,1.0,0.0
outer2,2,76,b9e6,150.0,60.0,0.0,0.0,0.0,0.0,0.0,1.0,1.0,0.0
outer2,2,76,b9e6,150.0,90.0,0.0,0.0,0.0,0.0,0.0,1.0,1.0,0.0
outer2,2,76,b9e6,150.0,120.0,0.0,0.0,0.0,0.0,0.0,1.0,1.0,0.0
outer2,2,76,b9e6,150.0,150.0,0.0,0.0,0.0,0.0,0.0,1.0,1.0,0.0
outer2,2,76,b9e6,150.0,180.0,0.0,0.0,0.0,0.0,0.0,1.0,1.0,0.0
outer2,2,76,b9e6,150.0,210.0,0.0,0.0,0.0,0.0,0.0,1.0,1.0,0.0
outer2,2,76,b9e6,150.0,240.0,0.0,0.0,0.0,0.0,0.0,1.0,1.0,0.0
outer2,2,76,b9e6,150.0,270.0,0.0,0.0,0.0,0.0,0.0,1.0,1.0,0.0
outer2,2,76,b9e6,150.0,300.0,0.0,0.0,0.0,0.0,0.0,1.0,1.0,0.0
outer2,2,76,b9e6,150.0,330.0,0.0,0.0,0.0,0.0,0.0,1.0,1.0,0.0
outer2,2,76,ba0f,30.0,0.0,0.0,150.0,-150.0,-90.0,-180.0,1.0,0.0,1.0
outer2,2,76,ba0f,30.0,30.0,60.000003814697266,151.04498291015625,-91.04497909545898,-120.0,60.0,0.0,0.0,0.0
outer2,2,76,ba0f,30.0,60.0,57.7581901550293,60.000003814697266,-2.2418136596679688,0.0,-30.0,0.0,0.0,0.0
outer2,2,76,ba0f,30.0,90.0,0.0,57.7581901550293,-57.7581901550293,0.0,-150.0,1.0,0.0,1.0
outer2,2,76,ba0f,30.0,120.0,0.0,0.0,0.0,0.0,0.0,1.0,1.0,0.0
outer2,2,76,ba0f,30.0,150.0,128.68218994140625,60.000003814697266,68.68218612670898,120.0,-120.0,0.0,0.0,0.0
outer2,2,76,ba0f,30.0,180.0,150.0,180.0,-30.0,-30.0,0.0,0.0,0.0,0.0
outer2,2,76,ba0f,30.0,210.0,151.04498291015625,151.04498291015625,0.0,0.0,0.0,0.0,0.0,0.0
outer2,2,76,ba0f,30.0,240.0,41.40962219238281,0.0,41.40962219238281,0.0,90.0,0.0,1.0,-1.0
outer2,2,76,ba0f,30.0,270.0,120.00000762939453,122.24180603027344,-2.2417984008789062,0.0,-30.0,0.0,0.0,0.0
outer2,2,76,ba0f,30.0,300.0,60.000003814697266,60.000003814697266,0.0,0.0,0.0,0.0,0.0,0.0
outer2,2,76,ba0f,30.0,330.0,0.0,0.0,0.0,0.0,0.0,1.0,1.0,0.0
outer2,2,76,ba0f,60.0,0.0,0.0,0.0,0.0,0.0,0.0,1.0,1.0,0.0
outer2,2,76,ba0f,60.0,30.0,120.00000762939453,0.0,120.00000762939453,0.0,180.0,0.0,1.0,-1.0
outer2,2,76,ba0f,60.0,60.0,0.0,25.905075073242188,-25.905075073242188,0.0,-30.0,1.0,0.0,1.0
outer2,2,76,ba0f,60.0,90.0,0.0,29.999998092651367,-29.999998092651367,-30.0,0.0,1.0,0.0,1.0
outer2,2,76,ba0f,60.0,120.0,120.00000762939453,120.00000762939453,0.0,0.0,0.0,0.0,0.0,0.0
outer2,2,76,ba0f,60.0,150.0,120.00000762939453,128.6822052001953,-8.682197570800781,-60.0,60.0,0.0,0.0,0.0
outer2,2,76,ba0f,60.0,180.0,60.000003814697266,0.0,60.000003814697266,60.0,0.0,0.0,1.0,-1.0
outer2,2,76,ba0f,60.0,210.0,0.0,60.000003814697266,-60.000003814697266,-60.0,0.0,1.0,0.0,1.0
outer2,2,76,ba0f,60.0,240.0,25.905075073242188,0.0,25.905075073242188,0.0,30.0,0.0,1.0,-1.0
outer2,2,76,ba0f,60.0,270.0,41.40962219238281,41.40962219238281,0.0,0.0,0.0,0.0,0.0,0.0
outer2,2,76,ba0f,60.0,300.0,51.31781005859375,60.000003814697266,-8.682193756103516,-60.0,60.0,0.0,0.0,0.0
outer2,2,76,ba0f,60.0,330.0,128.6822052001953,60.000003814697266,68.68220138549805,0.0,120.0,0.0,0.0,0.0
outer2,2,76,ba0f,90.0,0.0,0.0,0.0,0.0,0.0,0.0,1.0,1.0,0.0
outer2,2,76,ba0f,90.0,30.0,60.00000762939453,60.00000762939453,0.0,0.0,0.0,0.0,0.0,0.0
outer2,2,76,ba0f,90.0,60.0,119.99999237060547,0.0,119.99999237060547,0.0,120.0,0.0,1.0,-1.0
outer2,2,76,ba0f,90.0,90.0,180.0,180.0,0.0,0.0,0.0,0.0,0.0,0.0
outer2,2,76,ba0f,90.0,120.0,0.0,180.0,-180.0,0.0,-180.0,1.0,0.0,1.0
outer2,2,76,ba0f,90.0,150.0,180.0,0.0,180.0,0.0,180.0,0.0,1.0,-1.0
outer2,2,76,ba0f,90.0,180.0,180.0,180.0,0.0,0.0,0.0,0.0,0.0,0.0
outer2,2,76,ba0f,90.0,210.0,120.00000762939453,120.00000762939453,0.0,0.0,0.0,0.0,0.0,0.0
outer2,2,76,ba0f,90.0,240.0,120.00000762939453,60.000003814697266,60.000003814697266,0.0,60.0,0.0,0.0,0.0
outer2,2,76,ba0f,90.0,270.0,0.0,180.0,-180.0,0.0,-180.0,1.0,0.0,1.0
outer2,2,76,ba0f,90.0,300.0,180.0,0.0,180.0,0.0,180.0,0.0,1.0,-1.0
outer2,2,76,ba0f,90.0,330.0,0.0,180.0,-180.0,0.0,-180.0,1.0,0.0,1.0
outer2,2,76,ba0f,120.0,0.0,0.0,0.0,0.0,0.0,0.0,1.0,1.0,0.0
outer2,2,76,ba0f,120.0,30.0,0.0,0.0,0.0,0.0,0.0,1.0,1.0,0.0
outer2,2,76,ba0f,120.0,60.0,0.0,0.0,0.0,0.0,0.0,1.0,1.0,0.0
outer2,2,76,ba0f,120.0,90.0,30.000001907348633,25.905075073242188,4.094926834106445,30.0,-30.0,0.0,0.0,0.0
outer2,2,76,ba0f,120.0,120.0,75.52249145507812,120.00000762939453,-44.477516174316406,0.0,-90.0,0.0,0.0,0.0
outer2,2,76,ba0f,120.0,150.0,120.00000762939453,120.00000762939453,0.0,0.0,0.0,0.0,0.0,0.0
outer2,2,76,ba0f,120.0,180.0,180.0,0.0,180.0,60.0,180.0,0.0,1.0,-1.0
outer2,2,76,ba0f,120.0,210.0,0.0,0.0,0.0,0.0,0.0,1.0,1.0,0.0
outer2,2,76,ba0f,120.0,240.0,41.40962219238281,0.0,41.40962219238281,30.0,30.0,0.0,1.0,-1.0
outer2,2,76,ba0f,120.0,270.0,150.0,138.59039306640625,11.40960693359375,0.0,30.0,0.0,0.0,0.0
outer2,2,76,ba0f,120.0,300.0,128.68218994140625,0.0,128.68218994140625,60.0,120.0,0.0,1.0,-1.0
outer2,2,76,ba0f,120.0,330.0,60.000003814697266,97.18075561523438,-37.18075180053711,60.0,-120.0,0.0,0.0,0.0
outer2,2,76,ba0f,150.0,0.0,29.99998664855957,60.000003814697266,-30.000017166137695,30.0,-180.0,0.0,0.0,0.0
outer2,2,76,ba0f,150.0,30.0,60.000003814697266,128.68218994140625,-68.68218612670898,-120.0,120.0,0.0,0.0,0.0
outer2,2,76,ba0f,150.0,60.0,128.68218994140625,60.000003814697266,68.68218612670898,120.0,-120.0,0.0,0.0,0.0
outer2,2,76,ba0f,150.0,90.0,0.0,0.0,0.0,0.0,0.0,1.0,1.0,0.0
outer2,2,76,ba0f,150.0,120.0,0.0,0.0,0.0,0.0,0.0,1.0,1.0,0.0
outer2,2,76,ba0f,150.0,150.0,128.68218994140625,0.0,128.68218994140625,120.0,60.0,0.0,1.0,-1.0
outer2,2,76,ba0f,150.0,180.0,150.0,90.0,60.0,60.0,0.0,0.0,0.0,0.0
outer2,2,76,ba0f,150.0,210.0,143.9022216796875,151.04498291015625,-7.14276123046875,-30.0,30.0,0.0,0.0,0.0
outer2,2,76,ba0f,150.0,240.0,151.04498291015625,151.04498291015625,0.0,0.0,0.0,0.0,0.0,0.0
outer2,2,76,ba0f,150.0,270.0,0.0,14.870942115783691,-14.870942115783691,0.0,-30.0,1.0,0.0,1.0
outer2,2,76,ba0f,150.0,300.0,165.12905883789062,60.000003814697266,105.12905502319336,120.0,-30.0,0.0,0.0,0.0
outer2,2,76,ba0f,150.0,330.0,0.0,0.0,0.0,0.0,0.0,1.0,1.0,0.0
outer2,2,76,bb7c,30.0,0.0,0.0,0.0,0.0,0.0,0.0,1.0,1.0,0.0
outer2,2,76,bb7c,30.0,30.0,0.0,0.0,0.0,0.0,0.0,1.0,1.0,0.0
outer2,2,76,bb7c,30.0,60.0,0.0,0.0,0.0,0.0,0.0,1.0,1.0,0.0
outer2,2,76,bb7c,30.0,90.0,0.0,0.0,0.0,0.0,0.0,1.0,1.0,0.0
outer2,2,76,bb7c,30.0,120.0,0.0,0.0,0.0,0.0,0.0,1.0,1.0,0.0
outer2,2,76,bb7c,30.0,150.0,0.0,0.0,0.0,0.0,0.0,1.0,1.0,0.0
outer2,2,76,bb7c,30.0,180.0,0.0,0.0,0.0,0.0,0.0,1.0,1.0,0.0
outer2,2,76,bb7c,30.0,210.0,0.0,0.0,0.0,0.0,0.0,1.0,1.0,0.0
outer2,2,76,bb7c,30.0,240.0,0.0,0.0,0.0,0.0,0.0,1.0,1.0,0.0
outer2,2,76,bb7c,30.0,270.0,0.0,0.0,0.0,0.0,0.0,1.0,1.0,0.0
outer2,2,76,bb7c,30.0,300.0,0.0,0.0,0.0,0.0,0.0,1.0,1.0,0.0
outer2,2,76,bb7c,30.0,330.0,0.0,0.0,0.0,0.0,0.0,1.0,1.0,0.0
outer2,2,76,bb7c,60.0,0.0,0.0,0.0,0.0,0.0,0.0,1.0,1.0,0.0
outer2,2,76,bb7c,60.0,30.0,0.0,0.0,0.0,0.0,0.0,1.0,1.0,0.0
outer2,2,76,bb7c,60.0,60.0,51.31781005859375,0.0,51.31781005859375,0.0,60.0,0.0,1.0,-1.0
outer2,2,76,bb7c,60.0,90.0,0.0,0.0,0.0,0.0,0.0,1.0,1.0,0.0
outer2,2,76,bb7c,60.0,120.0,0.0,0.0,0.0,0.0,0.0,1.0,1.0,0.0
outer2,2,76,bb7c,60.0,150.0,0.0,0.0,0.0,0.0,0.0,1.0,1.0,0.0
outer2,2,76,bb7c,60.0,180.0,120.00000762939453,0.0,120.00000762939453,0.0,180.0,0.0,1.0,-1.0
outer2,2,76,bb7c,60.0,210.0,51.31781005859375,25.905075073242188,25.412734985351562,0.0,30.0,0.0,0.0,0.0
outer2,2,76,bb7c,60.0,240.0,0.0,0.0,0.0,0.0,0.0,1.0,1.0,0.0
outer2,2,76,bb7c,60.0,270.0,0.0,0.0,0.0,0.0,0.0,1.0,1.0,0.0
outer2,2,76,bb7c,60.0,300.0,0.0,0.0,0.0,0.0,0.0,1.0,1.0,0.0
outer2,2,76,bb7c,60.0,330.0,0.0,0.0,0.0,0.0,0.0,1.0,1.0,0.0
outer2,2,76,bb7c,90.0,0.0,0.0,0.0,0.0,0.0,0.0,1.0,1.0,0.0
outer2,2,76,bb7c,90.0,30.0,0.0,180.0,-180.0,0.0,-180.0,1.0,0.0,1.0
outer2,2,76,bb7c,90.0,60.0,0.0,30.000001907348633,-30.000001907348633,-30.0,0.0,1.0,0.0,1.0
outer2,2,76,bb7c,90.0,90.0,0.0,0.0,0.0,0.0,0.0,1.0,1.0,0.0
outer2,2,76,bb7c,90.0,120.0,0.0,0.0,0.0,0.0,0.0,1.0,1.0,0.0
outer2,2,76,bb7c,90.0,150.0,180.0,0.0,180.0,0.0,180.0,0.0,1.0,-1.0
outer2,2,76,bb7c,90.0,180.0,180.0,180.0,0.0,0.0,0.0,0.0,0.0,0.0
outer2,2,76,bb7c,90.0,210.0,180.0,180.0,0.0,0.0,0.0,0.0,0.0,0.0
outer2,2,76,bb7c,90.0,240.0,180.0,180.0,0.0,0.0,0.0,0.0,0.0,0.0
outer2,2,76,bb7c,90.0,270.0,0.0,0.0,0.0,0.0,0.0,1.0,1.0,0.0
outer2,2,76,bb7c,90.0,300.0,180.0,180.0,0.0,0.0,0.0,0.0,0.0,0.0
outer2,2,76,bb7c,90.0,330.0,0.0,180.0,-180.0,0.0,-180.0,1.0,0.0,1.0
outer2,2,76,bb7c,120.0,0.0,0.0,0.0,0.0,0.0,0.0,1.0,1.0,0.0
outer2,2,76,bb7c,120.0,30.0,0.0,0.0,0.0,0.0,0.0,1.0,1.0,0.0
outer2,2,76,bb7c,120.0,60.0,0.0,0.0,0.0,0.0,0.0,1.0,1.0,0.0
outer2,2,76,bb7c,120.0,90.0,0.0,25.905075073242188,-25.905075073242188,0.0,-30.0,1.0,0.0,1.0
outer2,2,76,bb7c,120.0,120.0,0.0,0.0,0.0,0.0,0.0,1.0,1.0,0.0
outer2,2,76,bb7c,120.0,150.0,0.0,0.0,0.0,0.0,0.0,1.0,1.0,0.0
outer2,2,76,bb7c,120.0,180.0,0.0,0.0,0.0,0.0,0.0,1.0,1.0,0.0
outer2,2,76,bb7c,120.0,210.0,0.0,0.0,0.0,0.0,0.0,1.0,1.0,0.0
outer2,2,76,bb7c,120.0,240.0,104.47750854492188,60.000003814697266,44.47750473022461,0.0,90.0,0.0,0.0,0.0
outer2,2,76,bb7c,120.0,270.0,0.0,120.00000762939453,-120.00000762939453,0.0,-180.0,1.0,0.0,1.0
outer2,2,76,bb7c,120.0,300.0,25.905075073242188,0.0,25.905075073242188,0.0,30.0,0.0,1.0,-1.0
outer2,2,76,bb7c,120.0,330.0,60.000003814697266,0.0,60.000003814697266,60.0,0.0,0.0,1.0,-1.0
outer2,2,76,bb7c,150.0,0.0,0.0,0.0,0.0,0.0,0.0,1.0,1.0,0.0
outer2,2,76,bb7c,150.0,30.0,0.0,0.0,0.0,0.0,0.0,1.0,1.0,0.0
outer2,2,76,bb7c,150.0,60.0,0.0,0.0,0.0,0.0,0.0,1.0,1.0,0.0
outer2,2,76,bb7c,150.0,90.0,0.0,0.0,0.0,0.0,0.0,1.0,1.0,0.0
outer2,2,76,bb7c,150.0,120.0,0.0,0.0,0.0,0.0,0.0,1.0,1.0,0.0
outer2,2,76,bb7c,150.0,150.0,0.0,0.0,0.0,0.0,0.0,1.0,1.0,0.0
outer2,2,76,bb7c,150.0,180.0,0.0,0.0,0.0,0.0,0.0,1.0,1.0,0.0
outer2,2,76,bb7c,150.0,210.0,0.0,0.0,0.0,0.0,0.0,1.0,1.0,0.0
outer2,2,76,bb7c,150.0,240.0,0.0,0.0,0.0,0.0,0.0,1.0,1.0,0.0
outer2,2,76,bb7c,150.0,270.0,0.0,0.0,0.0,0.0,0.0,1.0,1.0,0.0
outer2,2,76,bb7c,150.0,300.0,0.0,0.0,0.0,0.0,0.0,1.0,1.0,0.0
outer2,2,76,bb7c,150.0,330.0,0.0,0.0,0.0,0.0,0.0,1.0,1.0,0.0
outer3,3,70,b812,30.0,0.0,0.0,0.0,0.0,0.0,0.0,1.0,1.0,0.0
outer3,3,70,b812,30.0,30.0,0.0,0.0,0.0,0.0,0.0,1.0,1.0,0.0
outer3,3,70,b812,30.0,60.0,0.0,0.0,0.0,0.0,0.0,1.0,1.0,0.0
outer3,3,70,b812,30.0,90.0,0.0,0.0,0.0,0.0,0.0,1.0,1.0,0.0
outer3,3,70,b812,30.0,120.0,0.0,0.0,0.0,0.0,0.0,1.0,1.0,0.0
outer3,3,70,b812,30.0,150.0,0.0,0.0,0.0,0.0,0.0,1.0,1.0,0.0
outer3,3,70,b812,30.0,180.0,0.0,0.0,0.0,0.0,0.0,1.0,1.0,0.0
outer3,3,70,b812,30.0,210.0,0.0,0.0,0.0,0.0,0.0,1.0,1.0,0.0
outer3,3,70,b812,30.0,240.0,0.0,0.0,0.0,0.0,0.0,1.0,1.0,0.0
outer3,3,70,b812,30.0,270.0,0.0,0.0,0.0,0.0,0.0,1.0,1.0,0.0
outer3,3,70,b812,30.0,300.0,0.0,0.0,0.0,0.0,0.0,1.0,1.0,0.0
outer3,3,70,b812,30.0,330.0,0.0,0.0,0.0,0.0,0.0,1.0,1.0,0.0
outer3,3,70,b812,60.0,0.0,0.0,0.0,0.0,0.0,0.0,1.0,1.0,0.0
outer3,3,70,b812,60.0,30.0,0.0,0.0,0.0,0.0,0.0,1.0,1.0,0.0
outer3,3,70,b812,60.0,60.0,0.0,0.0,0.0,0.0,0.0,1.0,1.0,0.0
outer3,3,70,b812,60.0,90.0,0.0,0.0,0.0,0.0,0.0,1.0,1.0,0.0
outer3,3,70,b812,60.0,120.0,0.0,97.1807632446289,-97.1807632446289,0.0,-120.0,1.0,0.0,1.0
outer3,3,70,b812,60.0,150.0,0.0,0.0,0.0,0.0,0.0,1.0,1.0,0.0
outer3,3,70,b812,60.0,180.0,0.0,0.0,0.0,0.0,0.0,1.0,1.0,0.0
outer3,3,70,b812,60.0,210.0,0.0,0.0,0.0,0.0,0.0,1.0,1.0,0.0
outer3,3,70,b812,60.0,240.0,0.0,0.0,0.0,0.0,0.0,1.0,1.0,0.0
outer3,3,70,b812,60.0,270.0,0.0,0.0,0.0,0.0,0.0,1.0,1.0,0.0
outer3,3,70,b812,60.0,300.0,0.0,0.0,0.0,0.0,0.0,1.0,1.0,0.0
outer3,3,70,b812,60.0,330.0,0.0,0.0,0.0,0.0,0.0,1.0,1.0,0.0
outer3,3,70,b812,90.0,0.0,180.0,0.0,180.0,0.0,180.0,0.0,1.0,-1.0
outer3,3,70,b812,90.0,30.0,180.0,60.00000762939453,119.99999237060547,0.0,120.0,0.0,0.0,0.0
outer3,3,70,b812,90.0,60.0,180.0,0.0,180.0,0.0,180.0,0.0,1.0,-1.0
outer3,3,70,b812,90.0,90.0,180.0,0.0,180.0,0.0,180.0,0.0,1.0,-1.0
outer3,3,70,b812,90.0,120.0,180.0,180.0,0.0,0.0,0.0,0.0,0.0,0.0
outer3,3,70,b812,90.0,150.0,180.0,180.0,0.0,0.0,0.0,0.0,0.0,0.0
outer3,3,70,b812,90.0,180.0,0.0,180.0,-180.0,0.0,-180.0,1.0,0.0,1.0
outer3,3,70,b812,90.0,210.0,0.0,0.0,0.0,0.0,0.0,1.0,1.0,0.0
outer3,3,70,b812,90.0,240.0,0.0,0.0,0.0,0.0,0.0,1.0,1.0,0.0
outer3,3,70,b812,90.0,270.0,0.0,0.0,0.0,0.0,0.0,1.0,1.0,0.0
outer3,3,70,b812,90.0,300.0,0.0,0.0,0.0,0.0,0.0,1.0,1.0,0.0
outer3,3,70,b812,90.0,330.0,0.0,0.0,0.0,0.0,0.0,1.0,1.0,0.0
outer3,3,70,b812,120.0,0.0,0.0,0.0,0.0,0.0,0.0,1.0,1.0,0.0
outer3,3,70,b812,120.0,30.0,0.0,0.0,0.0,0.0,0.0,1.0,1.0,0.0
outer3,3,70,b812,120.0,60.0,0.0,0.0,0.0,0.0,0.0,1.0,1.0,0.0
outer3,3,70,b812,120.0,90.0,0.0,0.0,0.0,0.0,0.0,1.0,1.0,0.0
outer3,3,70,b812,120.0,120.0,0.0,0.0,0.0,0.0,0.0,1.0,1.0,0.0
outer3,3,70,b812,120.0,150.0,0.0,0.0,0.0,0.0,0.0,1.0,1.0,0.0
outer3,3,70,b812,120.0,180.0,0.0,0.0,0.0,0.0,0.0,1.0,1.0,0.0
outer3,3,70,b812,120.0,210.0,0.0,0.0,0.0,0.0,0.0,1.0,1.0,0.0
outer3,3,70,b812,120.0,240.0,0.0,0.0,0.0,0.0,0.0,1.0,1.0,0.0
outer3,3,70,b812,120.0,270.0,0.0,0.0,0.0,0.0,0.0,1.0,1.0,0.0
outer3,3,70,b812,120.0,300.0,0.0,0.0,0.0,0.0,0.0,1.0,1.0,0.0
outer3,3,70,b812,120.0,330.0,0.0,0.0,0.0,0.0,0.0,1.0,1.0,0.0
outer3,3,70,b812,150.0,0.0,0.0,0.0,0.0,0.0,0.0,1.0,1.0,0.0
outer3,3,70,b812,150.0,30.0,0.0,0.0,0.0,0.0,0.0,1.0,1.0,0.0
outer3,3,70,b812,150.0,60.0,0.0,0.0,0.0,0.0,0.0,1.0,1.0,0.0
outer3,3,70,b812,150.0,90.0,0.0,0.0,0.0,0.0,0.0,1.0,1.0,0.0
outer3,3,70,b812,150.0,120.0,0.0,0.0,0.0,0.0,0.0,1.0,1.0,0.0
outer3,3,70,b812,150.0,150.0,0.0,0.0,0.0,0.0,0.0,1.0,1.0,0.0
outer3,3,70,b812,150.0,180.0,0.0,0.0,0.0,0.0,0.0,1.0,1.0,0.0
outer3,3,70,b812,150.0,210.0,0.0,0.0,0.0,0.0,0.0,1.0,1.0,0.0
outer3,3,70,b812,150.0,240.0,0.0,0.0,0.0,0.0,0.0,1.0,1.0,0.0
outer3,3,70,b812,150.0,270.0,0.0,0.0,0.0,0.0,0.0,1.0,1.0,0.0
outer3,3,70,b812,150.0,300.0,0.0,0.0,0.0,0.0,0.0,1.0,1.0,0.0
outer3,3,70,b812,150.0,330.0,0.0,0.0,0.0,0.0,0.0,1.0,1.0,0.0
outer3,3,70,b943,30.0,0.0,0.0,0.0,0.0,0.0,0.0,1.0,1.0,0.0
outer3,3,70,b943,30.0,30.0,0.0,0.0,0.0,0.0,0.0,1.0,1.0,0.0
outer3,3,70,b943,30.0,60.0,0.0,0.0,0.0,0.0,0.0,1.0,1.0,0.0
outer3,3,70,b943,30.0,90.0,0.0,0.0,0.0,0.0,0.0,1.0,1.0,0.0
outer3,3,70,b943,30.0,120.0,0.0,0.0,0.0,0.0,0.0,1.0,1.0,0.0
outer3,3,70,b943,30.0,150.0,0.0,0.0,0.0,0.0,0.0,1.0,1.0,0.0
outer3,3,70,b943,30.0,180.0,0.0,0.0,0.0,0.0,0.0,1.0,1.0,0.0
outer3,3,70,b943,30.0,210.0,0.0,0.0,0.0,0.0,0.0,1.0,1.0,0.0
outer3,3,70,b943,30.0,240.0,0.0,0.0,0.0,0.0,0.0,1.0,1.0,0.0
outer3,3,70,b943,30.0,270.0,0.0,0.0,0.0,0.0,0.0,1.0,1.0,0.0
outer3,3,70,b943,30.0,300.0,0.0,0.0,0.0,0.0,0.0,1.0,1.0,0.0
outer3,3,70,b943,30.0,330.0,0.0,0.0,0.0,0.0,0.0,1.0,1.0,0.0
outer3,3,70,b943,60.0,0.0,0.0,0.0,0.0,0.0,0.0,1.0,1.0,0.0
outer3,3,70,b943,60.0,30.0,0.0,0.0,0.0,0.0,0.0,1.0,1.0,0.0
outer3,3,70,b943,60.0,60.0,0.0,0.0,0.0,0.0,0.0,1.0,1.0,0.0
outer3,3,70,b943,60.0,90.0,0.0,0.0,0.0,0.0,0.0,1.0,1.0,0.0
outer3,3,70,b943,60.0,120.0,0.0,30.000001907348633,-30.000001907348633,-30.0,0.0,1.0,0.0,1.0
outer3,3,70,b943,60.0,150.0,0.0,0.0,0.0,0.0,0.0,1.0,1.0,0.0
outer3,3,70,b943,60.0,180.0,0.0,0.0,0.0,0.0,0.0,1.0,1.0,0.0
outer3,3,70,b943,60.0,210.0,0.0,0.0,0.0,0.0,0.0,1.0,1.0,0.0
outer3,3,70,b943,60.0,240.0,128.6822052001953,128.6822052001953,0.0,0.0,0.0,0.0,0.0,0.0
outer3,3,70,b943,60.0,270.0,60.000003814697266,0.0,60.000003814697266,60.0,0.0,0.0,1.0,-1.0
outer3,3,70,b943,60.0,300.0,0.0,0.0,0.0,0.0,0.0,1.0,1.0,0.0
outer3,3,70,b943,60.0,330.0,0.0,0.0,0.0,0.0,0.0,1.0,1.0,0.0
outer3,3,70,b943,90.0,0.0,180.0,0.0,180.0,0.0,180.0,0.0,1.0,-1.0
outer3,3,70,b943,90.0,30.0,180.0,180.0,0.0,0.0,0.0,0.0,0.0,0.0
outer3,3,70,b943,90.0,60.0,180.0,119.99999237060547,60.00000762939453,0.0,60.0,0.0,0.0,0.0
outer3,3,70,b943,90.0,90.0,180.0,180.0,0.0,0.0,0.0,0.0,0.0,0.0
outer3,3,70,b943,90.0,120.0,120.00000762939453,180.0,-59.99999237060547,0.0,-60.0,0.0,0.0,0.0
outer3,3,70,b943,90.0,150.0,60.000003814697266,180.0,-119.99999618530273,0.0,-120.0,0.0,0.0,0.0
outer3,3,70,b943,90.0,180.0,0.0,180.0,-180.0,0.0,-180.0,1.0,0.0,1.0
outer3,3,70,b943,90.0,210.0,0.0,0.0,0.0,0.0,0.0,1.0,1.0,0.0
outer3,3,70,b943,90.0,240.0,0.0,60.000003814697266,-60.000003814697266,0.0,-60.0,1.0,0.0,1.0
outer3,3,70,b943,90.0,270.0,0.0,0.0,0.0,0.0,0.0,1.0,1.0,0.0
outer3,3,70,b943,90.0,300.0,60.000003814697266,0.0,60.000003814697266,0.0,60.0,0.0,1.0,-1.0
outer3,3,70,b943,90.0,330.0,120.00000762939453,0.0,120.00000762939453,0.0,120.0,0.0,1.0,-1.0
outer3,3,70,b943,120.0,0.0,0.0,0.0,0.0,0.0,0.0,1.0,1.0,0.0
outer3,3,70,b943,120.0,30.0,0.0,0.0,0.0,0.0,0.0,1.0,1.0,0.0
outer3,3,70,b943,120.0,60.0,0.0,0.0,0.0,0.0,0.0,1.0,1.0,0.0
outer3,3,70,b943,120.0,90.0,0.0,0.0,0.0,0.0,0.0,1.0,1.0,0.0
outer3,3,70,b943,120.0,120.0,0.0,0.0,0.0,0.0,0.0,1.0,1.0,0.0
outer3,3,70,b943,120.0,150.0,0.0,0.0,0.0,0.0,0.0,1.0,1.0,0.0
outer3,3,70,b943,120.0,180.0,0.0,0.0,0.0,0.0,0.0,1.0,1.0,0.0
outer3,3,70,b943,120.0,210.0,25.905075073242188,0.0,25.905075073242188,0.0,30.0,0.0,1.0,-1.0
outer3,3,70,b943,120.0,240.0,0.0,0.0,0.0,0.0,0.0,1.0,1.0,0.0
outer3,3,70,b943,120.0,270.0,0.0,0.0,0.0,0.0,0.0,1.0,1.0,0.0
outer3,3,70,b943,120.0,300.0,0.0,0.0,0.0,0.0,0.0,1.0,1.0,0.0
outer3,3,70,b943,120.0,330.0,0.0,0.0,0.0,0.0,0.0,1.0,1.0,0.0
outer3,3,70,b943,150.0,0.0,0.0,0.0,0.0,0.0,0.0,1.0,1.0,0.0
outer3,3,70,b943,150.0,30.0,0.0,0.0,0.0,0.0,0.0,1.0,1.0,0.0
outer3,3,70,b943,150.0,60.0,0.0,0.0,0.0,0.0,0.0,1.0,1.0,0.0
outer3,3,70,b943,150.0,90.0,0.0,0.0,0.0,0.0,0.0,1.0,1.0,0.0
outer3,3,70,b943,150.0,120.0,0.0,0.0,0.0,0.0,0.0,1.0,1.0,0.0
outer3,3,70,b943,150.0,150.0,0.0,0.0,0.0,0.0,0.0,1.0,1.0,0.0
outer3,3,70,b943,150.0,180.0,0.0,0.0,0.0,0.0,0.0,1.0,1.0,0.0
outer3,3,70,b943,150.0,210.0,0.0,0.0,0.0,0.0,0.0,1.0,1.0,0.0
outer3,3,70,b943,150.0,240.0,0.0,0.0,0.0,0.0,0.0,1.0,1.0,0.0
outer3,3,70,b943,150.0,270.0,0.0,0.0,0.0,0.0,0.0,1.0,1.0,0.0
outer3,3,70,b943,150.0,300.0,0.0,0.0,0.0,0.0,0.0,1.0,1.0,0.0
outer3,3,70,b943,150.0,330.0,0.0,0.0,0.0,0.0,0.0,1.0,1.0,0.0
outer3,3,70,b974,30.0,0.0,0.0,0.0,0.0,0.0,0.0,1.0,1.0,0.0
outer3,3,70,b974,30.0,30.0,0.0,0.0,0.0,0.0,0.0,1.0,1.0,0.0
outer3,3,70,b974,30.0,60.0,0.0,0.0,0.0,0.0,0.0,1.0,1.0,0.0
outer3,3,70,b974,30.0,90.0,0.0,0.0,0.0,0.0,0.0,1.0,1.0,0.0
outer3,3,70,b974,30.0,120.0,0.0,0.0,0.0,0.0,0.0,1.0,1.0,0.0
outer3,3,70,b974,30.0,150.0,0.0,0.0,0.0,0.0,0.0,1.0,1.0,0.0
outer3,3,70,b974,30.0,180.0,0.0,0.0,0.0,0.0,0.0,1.0,1.0,0.0
outer3,3,70,b974,30.0,210.0,0.0,0.0,0.0,0.0,0.0,1.0,1.0,0.0
outer3,3,70,b974,30.0,240.0,0.0,0.0,0.0,0.0,0.0,1.0,1.0,0.0
outer3,3,70,b974,30.0,270.0,0.0,0.0,0.0,0.0,0.0,1.0,1.0,0.0
outer3,3,70,b974,30.0,300.0,0.0,0.0,0.0,0.0,0.0,1.0,1.0,0.0
outer3,3,70,b974,30.0,330.0,0.0,0.0,0.0,0.0,0.0,1.0,1.0,0.0
outer3,3,70,b974,60.0,0.0,0.0,0.0,0.0,0.0,0.0,1.0,1.0,0.0
outer3,3,70,b974,60.0,30.0,0.0,0.0,0.0,0.0,0.0,1.0,1.0,0.0
outer3,3,70,b974,60.0,60.0,0.0,0.0,0.0,0.0,0.0,1.0,1.0,0.0
outer3,3,70,b974,60.0,90.0,0.0,0.0,0.0,0.0,0.0,1.0,1.0,0.0
outer3,3,70,b974,60.0,120.0,0.0,0.0,0.0,0.0,0.0,1.0,1.0,0.0
outer3,3,70,b974,60.0,150.0,0.0,51.31781005859375,-51.31781005859375,0.0,-60.0,1.0,0.0,1.0
outer3,3,70,b974,60.0,180.0,0.0,0.0,0.0,0.0,0.0,1.0,1.0,0.0
outer3,3,70,b974,60.0,210.0,0.0,0.0,0.0,0.0,0.0,1.0,1.0,0.0
outer3,3,70,b974,60.0,240.0,0.0,0.0,0.0,0.0,0.0,1.0,1.0,0.0
outer3,3,70,b974,60.0,270.0,0.0,0.0,0.0,0.0,0.0,1.0,1.0,0.0
outer3,3,70,b974,60.0,300.0,0.0,0.0,0.0,0.0,0.0,1.0,1.0,0.0
outer3,3,70,b974,60.0,330.0,0.0,0.0,0.0,0.0,0.0,1.0,1.0,0.0
outer3,3,70,b974,90.0,0.0,180.0,0.0,180.0,0.0,180.0,0.0,1.0,-1.0
outer3,3,70,b974,90.0,30.0,180.0,180.0,0.0,0.0,0.0,0.0,0.0,0.0
outer3,3,70,b974,90.0,60.0,0.0,180.0,-180.0,0.0,-180.0,1.0,0.0,1.0
outer3,3,70,b974,90.0,90.0,180.0,180.0,0.0,0.0,0.0,0.0,0.0,0.0
outer3,3,70,b974,90.0,120.0,180.0,0.0,180.0,0.0,180.0,0.0,1.0,-1.0
outer3,3,70,b974,90.0,150.0,60.000003814697266,180.0,-119.99999618530273,0.0,-120.0,0.0,0.0,0.0
outer3,3,70,b974,90.0,180.0,0.0,180.0,-180.0,0.0,-180.0,1.0,0.0,1.0
outer3,3,70,b974,90.0,210.0,0.0,0.0,0.0,0.0,0.0,1.0,1.0,0.0
outer3,3,70,b974,90.0,240.0,0.0,0.0,0.0,0.0,0.0,1.0,1.0,0.0
outer3,3,70,b974,90.0,270.0,0.0,0.0,0.0,0.0,0.0,1.0,1.0,0.0
outer3,3,70,b974,90.0,300.0,0.0,0.0,0.0,0.0,0.0,1.0,1.0,0.0
outer3,3,70,b974,90.0,330.0,0.0,0.0,0.0,0.0,0.0,1.0,1.0,0.0
outer3,3,70,b974,120.0,0.0,0.0,0.0,0.0,0.0,0.0,1.0,1.0,0.0
outer3,3,70,b974,120.0,30.0,0.0,0.0,0.0,0.0,0.0,1.0,1.0,0.0
outer3,3,70,b974,120.0,60.0,0.0,0.0,0.0,0.0,0.0,1.0,1.0,0.0
outer3,3,70,b974,120.0,90.0,0.0,0.0,0.0,0.0,0.0,1.0,1.0,0.0
outer3,3,70,b974,120.0,120.0,0.0,0.0,0.0,0.0,0.0,1.0,1.0,0.0
outer3,3,70,b974,120.0,150.0,0.0,82.81924438476562,-82.81924438476562,-60.0,-60.0,1.0,0.0,1.0
outer3,3,70,b974,120.0,180.0,0.0,0.0,0.0,0.0,0.0,1.0,1.0,0.0
outer3,3,70,b974,120.0,210.0,0.0,0.0,0.0,0.0,0.0,1.0,1.0,0.0
outer3,3,70,b974,120.0,240.0,0.0,0.0,0.0,0.0,0.0,1.0,1.0,0.0
outer3,3,70,b974,120.0,270.0,0.0,0.0,0.0,0.0,0.0,1.0,1.0,0.0
outer3,3,70,b974,120.0,300.0,0.0,0.0,0.0,0.0,0.0,1.0,1.0,0.0
outer3,3,70,b974,120.0,330.0,0.0,0.0,0.0,0.0,0.0,1.0,1.0,0.0
outer3,3,70,b974,150.0,0.0,0.0,0.0,0.0,0.0,0.0,1.0,1.0,0.0
outer3,3,70,b974,150.0,30.0,0.0,0.0,0.0,0.0,0.0,1.0,1.0,0.0
outer3,3,70,b974,150.0,60.0,0.0,0.0,0.0,0.0,0.0,1.0,1.0,0.0
outer3,3,70,b974,150.0,90.0,0.0,0.0,0.0,0.0,0.0,1.0,1.0,0.0
outer3,3,70,b974,150.0,120.0,0.0,0.0,0.0,0.0,0.0,1.0,1.0,0.0
outer3,3,70,b974,150.0,150.0,0.0,0.0,0.0,0.0,0.0,1.0,1.0,0.0
outer3,3,70,b974,150.0,180.0,0.0,0.0,0.0,0.0,0.0,1.0,1.0,0.0
outer3,3,70,b974,150.0,210.0,0.0,0.0,0.0,0.0,0.0,1.0,1.0,0.0
outer3,3,70,b974,150.0,240.0,0.0,0.0,0.0,0.0,0.0,1.0,1.0,0.0
outer3,3,70,b974,150.0,270.0,0.0,0.0,0.0,0.0,0.0,1.0,1.0,0.0
outer3,3,70,b974,150.0,300.0,0.0,0.0,0.0,0.0,0.0,1.0,1.0,0.0
outer3,3,70,b974,150.0,330.0,0.0,0.0,0.0,0.0,0.0,1.0,1.0,0.0
outer3,3,70,b97b,30.0,0.0,30.000001907348633,30.000001907348633,0.0,0.0,0.0,0.0,0.0,0.0
outer3,3,70,b97b,30.0,30.0,0.0,14.870942115783691,-14.870942115783691,0.0,-30.0,1.0,0.0,1.0
outer3,3,70,b97b,30.0,60.0,0.0,0.0,0.0,0.0,0.0,1.0,1.0,0.0
outer3,3,70,b97b,30.0,90.0,0.0,0.0,0.0,0.0,0.0,1.0,1.0,0.0
outer3,3,70,b97b,30.0,120.0,0.0,0.0,0.0,0.0,0.0,1.0,1.0,0.0
outer3,3,70,b97b,30.0,150.0,0.0,0.0,0.0,0.0,0.0,1.0,1.0,0.0
outer3,3,70,b97b,30.0,180.0,0.0,30.000001907348633,-30.000001907348633,-30.0,0.0,1.0,0.0,1.0
outer3,3,70,b97b,30.0,210.0,0.0,0.0,0.0,0.0,0.0,1.0,1.0,0.0
outer3,3,70,b97b,30.0,240.0,0.0,0.0,0.0,0.0,0.0,1.0,1.0,0.0
outer3,3,70,b97b,30.0,270.0,0.0,0.0,0.0,0.0,0.0,1.0,1.0,0.0
outer3,3,70,b97b,30.0,300.0,0.0,0.0,0.0,0.0,0.0,1.0,1.0,0.0
outer3,3,70,b97b,30.0,330.0,0.0,0.0,0.0,0.0,0.0,1.0,1.0,0.0
outer3,3,70,b97b,60.0,0.0,0.0,120.00000762939453,-120.00000762939453,0.0,-180.0,1.0,0.0,1.0
outer3,3,70,b97b,60.0,30.0,0.0,0.0,0.0,0.0,0.0,1.0,1.0,0.0
outer3,3,70,b97b,60.0,60.0,0.0,0.0,0.0,0.0,0.0,1.0,1.0,0.0
outer3,3,70,b97b,60.0,90.0,0.0,0.0,0.0,0.0,0.0,1.0,1.0,0.0
outer3,3,70,b97b,60.0,120.0,0.0,30.000001907348633,-30.000001907348633,-30.0,0.0,1.0,0.0,1.0
outer3,3,70,b97b,60.0,150.0,0.0,0.0,0.0,0.0,0.0,1.0,1.0,0.0
outer3,3,70,b97b,60.0,180.0,0.0,0.0,0.0,0.0,0.0,1.0,1.0,0.0
outer3,3,70,b97b,60.0,210.0,0.0,0.0,0.0,0.0,0.0,1.0,1.0,0.0
outer3,3,70,b97b,60.0,240.0,128.6822052001953,128.6822052001953,0.0,0.0,0.0,0.0,0.0,0.0
outer3,3,70,b97b,60.0,270.0,60.000003814697266,0.0,60.000003814697266,60.0,0.0,0.0,1.0,-1.0
outer3,3,70,b97b,60.0,300.0,120.00000762939453,0.0,120.00000762939453,0.0,180.0,0.0,1.0,-1.0
outer3,3,70,b97b,60.0,330.0,0.0,0.0,0.0,0.0,0.0,1.0,1.0,0.0
outer3,3,70,b97b,90.0,0.0,180.0,0.0,180.0,0.0,180.0,0.0,1.0,-1.0
outer3,3,70,b97b,90.0,30.0,180.0,0.0,180.0,0.0,180.0,0.0,1.0,-1.0
outer3,3,70,b97b,90.0,60.0,0.0,0.0,0.0,0.0,0.0,1.0,1.0,0.0
outer3,3,70,b97b,90.0,90.0,180.0,180.0,0.0,0.0,0.0,0.0,0.0,0.0
outer3,3,70,b97b,90.0,120.0,60.000003814697266,0.0,60.000003814697266,0.0,60.0,0.0,1.0,-1.0
outer3,3,70,b97b,90.0,150.0,60.000003814697266,180.0,-119.99999618530273,0.0,-120.0,0.0,0.0,0.0
outer3,3,70,b97b,90.0,180.0,0.0,180.0,-180.0,0.0,-180.0,1.0,0.0,1.0
outer3,3,70,b97b,90.0,210.0,0.0,180.0,-180.0,0.0,-180.0,1.0,0.0,1.0
outer3,3,70,b97b,90.0,240.0,0.0,0.0,0.0,0.0,0.0,1.0,1.0,0.0
outer3,3,70,b97b,90.0,270.0,0.0,0.0,0.0,0.0,0.0,1.0,1.0,0.0
outer3,3,70,b97b,90.0,300.0,119.99999237060547,0.0,119.99999237060547,0.0,120.0,0.0,1.0,-1.0
outer3,3,70,b97b,90.0,330.0,120.00000762939453,0.0,120.00000762939453,0.0,120.0,0.0,1.0,-1.0
outer3,3,70,b97b,120.0,0.0,0.0,0.0,0.0,0.0,0.0,1.0,1.0,0.0
outer3,3,70,b97b,120.0,30.0,0.0,0.0,0.0,0.0,0.0,1.0,1.0,0.0
outer3,3,70,b97b,120.0,60.0,0.0,0.0,0.0,0.0,0.0,1.0,1.0,0.0
outer3,3,70,b97b,120.0,90.0,0.0,0.0,0.0,0.0,0.0,1.0,1.0,0.0
outer3,3,70,b97b,120.0,120.0,0.0,29.99998664855957,-29.99998664855957,-30.0,0.0,1.0,0.0,1.0
outer3,3,70,b97b,120.0,150.0,0.0,82.81924438476562,-82.81924438476562,-60.0,-60.0,1.0,0.0,1.0
outer3,3,70,b97b,120.0,180.0,0.0,0.0,0.0,0.0,0.0,1.0,1.0,0.0
outer3,3,70,b97b,120.0,210.0,0.0,0.0,0.0,0.0,0.0,1.0,1.0,0.0
outer3,3,70,b97b,120.0,240.0,0.0,0.0,0.0,0.0,0.0,1.0,1.0,0.0
outer3,3,70,b97b,120.0,270.0,0.0,0.0,0.0,0.0,0.0,1.0,1.0,0.0
outer3,3,70,b97b,120.0,300.0,0.0,29.99998664855957,-29.99998664855957,-30.0,0.0,1.0,0.0,1.0
outer3,3,70,b97b,120.0,330.0,0.0,0.0,0.0,0.0,0.0,1.0,1.0,0.0
outer3,3,70,b97b,150.0,0.0,29.99998664855957,29.99998664855957,0.0,0.0,0.0,0.0,0.0,0.0
outer3,3,70,b97b,150.0,30.0,0.0,0.0,0.0,0.0,0.0,1.0,1.0,0.0
outer3,3,70,b97b,150.0,60.0,0.0,0.0,0.0,0.0,0.0,1.0,1.0,0.0
outer3,3,70,b97b,150.0,90.0,0.0,0.0,0.0,0.0,0.0,1.0,1.0,0.0
outer3,3,70,b97b,150.0,120.0,0.0,0.0,0.0,0.0,0.0,1.0,1.0,0.0
outer3,3,70,b97b,150.0,150.0,0.0,128.68218994140625,-128.68218994140625,-120.0,-60.0,1.0,0.0,1.0
outer3,3,70,b97b,150.0,180.0,29.99998664855957,0.0,29.99998664855957,30.0,0.0,0.0,1.0,-1.0
outer3,3,70,b97b,150.0,210.0,0.0,0.0,0.0,0.0,0.0,1.0,1.0,0.0
outer3,3,70,b97b,150.0,240.0,0.0,0.0,0.0,0.0,0.0,1.0,1.0,0.0
outer3,3,70,b97b,150.0,270.0,0.0,0.0,0.0,0.0,0.0,1.0,1.0,0.0
outer3,3,70,b97b,150.0,300.0,0.0,0.0,0.0,0.0,0.0,1.0,1.0,0.0
outer3,3,70,b97b,150.0,330.0,0.0,0.0,0.0,0.0,0.0,1.0,1.0,0.0
outer3,3,70,bc2c,30.0,0.0,30.000001907348633,30.000001907348633,0.0,0.0,0.0,0.0,0.0,0.0
outer3,3,70,bc2c,30.0,30.0,120.00000762939453,180.0,-59.99999237060547,0.0,-180.0,0.0,0.0,0.0
outer3,3,70,bc2c,30.0,60.0,60.000003814697266,0.0,60.000003814697266,0.0,180.0,0.0,1.0,-1.0
outer3,3,70,bc2c,30.0,90.0,60.000003814697266,60.000003814697266,0.0,0.0,0.0,0.0,0.0,0.0
outer3,3,70,bc2c,30.0,120.0,86.67425537109375,115.6589126586914,-28.984657287597656,-30.0,0.0,0.0,0.0,0.0
outer3,3,70,bc2c,30.0,150.0,90.0,90.0,0.0,0.0,0.0,0.0,0.0,0.0
outer3,3,70,bc2c,30.0,180.0,90.0,30.000001907348633,59.99999809265137,0.0,180.0,0.0,0.0,0.0
outer3,3,70,bc2c,30.0,210.0,57.7581901550293,60.000003814697266,-2.2418136596679688,0.0,-30.0,0.0,0.0,0.0
outer3,3,70,bc2c,30.0,240.0,0.0,120.00000762939453,-120.00000762939453,-120.0,0.0,1.0,0.0,1.0
outer3,3,70,bc2c,30.0,270.0,165.12905883789062,165.12905883789062,0.0,0.0,0.0,0.0,0.0,0.0
outer3,3,70,bc2c,30.0,300.0,64.34110260009766,64.34110260009766,0.0,0.0,0.0,0.0,0.0,0.0
outer3,3,70,bc2c,30.0,330.0,93.32575988769531,90.0,3.3257598876953125,0.0,30.0,0.0,0.0,0.0
outer3,3,70,bc2c,60.0,0.0,25.905075073242188,0.0,25.905075073242188,0.0,30.0,0.0,1.0,-1.0
outer3,3,70,bc2c,60.0,30.0,60.000003814697266,29.999998092651367,30.0000057220459,30.0,0.0,0.0,0.0,0.0
outer3,3,70,bc2c,60.0,60.0,0.0,0.0,0.0,0.0,0.0,1.0,1.0,0.0
outer3,3,70,bc2c,60.0,90.0,120.00000762939453,120.00000762939453,0.0,0.0,0.0,0.0,0.0,0.0
outer3,3,70,bc2c,60.0,120.0,113.54812622070312,41.40962219238281,72.13850402832031,-30.0,120.0,0.0,0.0,0.0
outer3,3,70,bc2c,60.0,150.0,0.0,51.31781005859375,-51.31781005859375,0.0,-60.0,1.0,0.0,1.0
outer3,3,70,bc2c,60.0,180.0,120.00000762939453,29.999998092651367,90.00000953674316,-30.0,180.0,0.0,0.0,0.0
outer3,3,70,bc2c,60.0,210.0,180.0,120.00000762939453,59.99999237060547,60.0,0.0,0.0,0.0,0.0
outer3,3,70,bc2c,60.0,240.0,60.000003814697266,60.000003814697266,0.0,0.0,0.0,0.0,0.0,0.0
outer3,3,70,bc2c,60.0,270.0,180.0,180.0,0.0,0.0,0.0,0.0,0.0,0.0
outer3,3,70,bc2c,60.0,300.0,128.68218994140625,128.68218994140625,0.0,0.0,0.0,0.0,0.0,0.0
outer3,3,70,bc2c,60.0,330.0,180.0,60.000003814697266,119.99999618530273,0.0,180.0,0.0,0.0,0.0
outer3,3,70,bc2c,90.0,0.0,180.0,180.0,0.0,0.0,0.0,0.0,0.0,0.0
outer3,3,70,bc2c,90.0,30.0,180.0,150.0,30.0,0.0,30.0,0.0,0.0,0.0
outer3,3,70,bc2c,90.0,60.0,0.0,150.0,-150.0,0.0,-150.0,1.0,0.0,1.0
outer3,3,70,bc2c,90.0,90.0,180.0,180.0,0.0,0.0,0.0,0.0,0.0,0.0
outer3,3,70,bc2c,90.0,120.0,180.0,150.0,30.0,0.0,30.0,0.0,0.0,0.0
outer3,3,70,bc2c,90.0,150.0,30.000001907348633,30.000001907348633,0.0,0.0,0.0,0.0,0.0,0.0
outer3,3,70,bc2c,90.0,180.0,0.0,0.0,0.0,0.0,0.0,1.0,1.0,0.0
outer3,3,70,bc2c,90.0,210.0,0.0,30.000001907348633,-30.000001907348633,0.0,-30.0,1.0,0.0,1.0
outer3,3,70,bc2c,90.0,240.0,0.0,30.000001907348633,-30.000001907348633,0.0,-30.0,1.0,0.0,1.0
outer3,3,70,bc2c,90.0,270.0,0.0,0.0,0.0,0.0,0.0,1.0,1.0,0.0
outer3,3,70,bc2c,90.0,300.0,0.0,0.0,0.0,0.0,0.0,1.0,1.0,0.0
outer3,3,70,bc2c,90.0,330.0,150.0,150.0,0.0,0.0,0.0,0.0,0.0,0.0
outer3,3,70,bc2c,120.0,0.0,0.0,0.0,0.0,0.0,0.0,1.0,1.0,0.0
outer3,3,70,bc2c,120.0,30.0,0.0,82.81924438476562,-82.81924438476562,-60.0,-60.0,1.0,0.0,1.0
outer3,3,70,bc2c,120.0,60.0,25.905075073242188,0.0,25.905075073242188,0.0,30.0,0.0,1.0,-1.0
outer3,3,70,bc2c,120.0,90.0,120.00000762939453,90.0,30.00000762939453,-30.0,0.0,0.0,0.0,0.0
outer3,3,70,bc2c,120.0,120.0,97.18075561523438,113.54811096191406,-16.367355346679688,0.0,-30.0,0.0,0.0,0.0
outer3,3,70,bc2c,120.0,150.0,0.0,82.81924438476562,-82.81924438476562,-60.0,-60.0,1.0,0.0,1.0
outer3,3,70,bc2c,120.0,180.0,29.99998664855957,0.0,29.99998664855957,30.0,0.0,0.0,1.0,-1.0
outer3,3,70,bc2c,120.0,210.0,60.000003814697266,180.0,-119.99999618530273,0.0,-180.0,0.0,0.0,0.0
outer3,3,70,bc2c,120.0,240.0,97.18075561523438,128.6822052001953,-31.501449584960938,-60.0,0.0,0.0,0.0,0.0
outer3,3,70,bc2c,120.0,270.0,180.0,180.0,0.0,0.0,0.0,0.0,0.0,0.0
outer3,3,70,bc2c,120.0,300.0,128.68218994140625,104.47750854492188,24.204681396484375,0.0,30.0,0.0,0.0,0.0
outer3,3,70,bc2c,120.0,330.0,180.0,180.0,0.0,0.0,0.0,0.0,0.0,0.0
outer3,3,70,bc2c,150.0,0.0,36.0977783203125,29.99998664855957,6.09779167175293,0.0,30.0,0.0,0.0,0.0
outer3,3,70,bc2c,150.0,30.0,128.68218994140625,14.870942115783691,113.81124782562256,120.0,30.0,0.0,0.0,0.0
outer3,3,70,bc2c,150.0,60.0,57.7581901550293,60.000003814697266,-2.2418136596679688,0.0,-30.0,0.0,0.0,0.0
outer3,3,70,bc2c,150.0,90.0,165.12905883789062,165.12905883789062,0.0,0.0,0.0,0.0,0.0,0.0
outer3,3,70,bc2c,150.0,120.0,86.67424774169922,86.67424774169922,0.0,0.0,0.0,0.0,0.0,0.0
outer3,3,70,bc2c,150.0,150.0,49.49464416503906,75.52249145507812,-26.027847290039062,-30.0,0.0,0.0,0.0,0.0
outer3,3,70,bc2c,150.0,180.0,120.00000762939453,59.999996185302734,60.0000114440918,0.0,180.0,0.0,0.0,0.0
outer3,3,70,bc2c,150.0,210.0,60.000003814697266,60.000003814697266,0.0,0.0,0.0,0.0,0.0,0.0
outer3,3,70,bc2c,150.0,240.0,120.00000762939453,0.0,120.00000762939453,120.0,0.0,0.0,1.0,-1.0
outer3,3,70,bc2c,150.0,270.0,180.0,165.12905883789062,14.870941162109375,0.0,30.0,0.0,0.0,0.0
outer3,3,70,bc2c,150.0,300.0,130.50535583496094,64.34109497070312,66.16426086425781,60.0,30.0,0.0,0.0,0.0
outer3,3,70,bc2c,150.0,330.0,150.0,104.47750854492188,45.522491455078125,30.0,60.0,0.0,0.0,0.0
outer3,3,71,b812,30.0,0.0,0.0,0.0,0.0,0.0,0.0,1.0,1.0,0.0
outer3,3,71,b812,30.0,30.0,0.0,0.0,0.0,0.0,0.0,1.0,1.0,0.0
outer3,3,71,b812,30.0,60.0,0.0,0.0,0.0,0.0,0.0,1.0,1.0,0.0
outer3,3,71,b812,30.0,90.0,0.0,0.0,0.0,0.0,0.0,1.0,1.0,0.0
outer3,3,71,b812,30.0,120.0,0.0,0.0,0.0,0.0,0.0,1.0,1.0,0.0
outer3,3,71,b812,30.0,150.0,0.0,0.0,0.0,0.0,0.0,1.0,1.0,0.0
outer3,3,71,b812,30.0,180.0,0.0,0.0,0.0,0.0,0.0,1.0,1.0,0.0
outer3,3,71,b812,30.0,210.0,0.0,0.0,0.0,0.0,0.0,1.0,1.0,0.0
outer3,3,71,b812,30.0,240.0,0.0,0.0,0.0,0.0,0.0,1.0,1.0,0.0
outer3,3,71,b812,30.0,270.0,0.0,0.0,0.0,0.0,0.0,1.0,1.0,0.0
outer3,3,71,b812,30.0,300.0,0.0,0.0,0.0,0.0,0.0,1.0,1.0,0.0
outer3,3,71,b812,30.0,330.0,0.0,0.0,0.0,0.0,0.0,1.0,1.0,0.0
outer3,3,71,b812,60.0,0.0,0.0,0.0,0.0,0.0,0.0,1.0,1.0,0.0
outer3,3,71,b812,60.0,30.0,0.0,0.0,0.0,0.0,0.0,1.0,1.0,0.0
outer3,3,71,b812,60.0,60.0,0.0,0.0,0.0,0.0,0.0,1.0,1.0,0.0
outer3,3,71,b812,60.0,90.0,0.0,0.0,0.0,0.0,0.0,1.0,1.0,0.0
outer3,3,71,b812,60.0,120.0,0.0,0.0,0.0,0.0,0.0,1.0,1.0,0.0
outer3,3,71,b812,60.0,150.0,0.0,0.0,0.0,0.0,0.0,1.0,1.0,0.0
outer3,3,71,b812,60.0,180.0,0.0,0.0,0.0,0.0,0.0,1.0,1.0,0.0
outer3,3,71,b812,60.0,210.0,0.0,0.0,0.0,0.0,0.0,1.0,1.0,0.0
outer3,3,71,b812,60.0,240.0,0.0,0.0,0.0,0.0,0.0,1.0,1.0,0.0
outer3,3,71,b812,60.0,270.0,0.0,0.0,0.0,0.0,0.0,1.0,1.0,0.0
outer3,3,71,b812,60.0,300.0,0.0,0.0,0.0,0.0,0.0,1.0,1.0,0.0
outer3,3,71,b812,60.0,330.0,0.0,0.0,0.0,0.0,0.0,1.0,1.0,0.0
outer3,3,71,b812,90.0,0.0,180.0,0.0,180.0,0.0,180.0,0.0,1.0,-1.0
outer3,3,71,b812,90.0,30.0,180.0,60.00000762939453,119.99999237060547,0.0,120.0,0.0,0.0,0.0
outer3,3,71,b812,90.0,60.0,180.0,0.0,180.0,0.0,180.0,0.0,1.0,-1.0
outer3,3,71,b812,90.0,90.0,0.0,0.0,0.0,0.0,0.0,1.0,1.0,0.0
outer3,3,71,b812,90.0,120.0,180.0,180.0,0.0,0.0,0.0,0.0,0.0,0.0
outer3,3,71,b812,90.0,150.0,0.0,180.0,-180.0,0.0,-180.0,1.0,0.0,1.0
outer3,3,71,b812,90.0,180.0,0.0,180.0,-180.0,0.0,-180.0,1.0,0.0,1.0
outer3,3,71,b812,90.0,210.0,0.0,0.0,0.0,0.0,0.0,1.0,1.0,0.0
outer3,3,71,b812,90.0,240.0,0.0,0.0,0.0,0.0,0.0,1.0,1.0,0.0
outer3,3,71,b812,90.0,270.0,0.0,0.0,0.0,0.0,0.0,1.0,1.0,0.0
outer3,3,71,b812,90.0,300.0,0.0,0.0,0.0,0.0,0.0,1.0,1.0,0.0
outer3,3,71,b812,90.0,330.0,180.0,0.0,180.0,0.0,180.0,0.0,1.0,-1.0
outer3,3,71,b812,120.0,0.0,0.0,0.0,0.0,0.0,0.0,1.0,1.0,0.0
outer3,3,71,b812,120.0,30.0,0.0,0.0,0.0,0.0,0.0,1.0,1.0,0.0
outer3,3,71,b812,120.0,60.0,0.0,0.0,0.0,0.0,0.0,1.0,1.0,0.0
outer3,3,71,b812,120.0,90.0,0.0,0.0,0.0,0.0,0.0,1.0,1.0,0.0
outer3,3,71,b812,120.0,120.0,0.0,0.0,0.0,0.0,0.0,1.0,1.0,0.0
outer3,3,71,b812,120.0,150.0,0.0,0.0,0.0,0.0,0.0,1.0,1.0,0.0
outer3,3,71,b812,120.0,180.0,0.0,0.0,0.0,0.0,0.0,1.0,1.0,0.0
outer3,3,71,b812,120.0,210.0,0.0,0.0,0.0,0.0,0.0,1.0,1.0,0.0
outer3,3,71,b812,120.0,240.0,0.0,0.0,0.0,0.0,0.0,1.0,1.0,0.0
outer3,3,71,b812,120.0,270.0,0.0,0.0,0.0,0.0,0.0,1.0,1.0,0.0
outer3,3,71,b812,120.0,300.0,0.0,0.0,0.0,0.0,0.0,1.0,1.0,0.0
outer3,3,71,b812,120.0,330.0,0.0,0.0,0.0,0.0,0.0,1.0,1.0,0.0
outer3,3,71,b812,150.0,0.0,0.0,0.0,0.0,0.0,0.0,1.0,1.0,0.0
outer3,3,71,b812,150.0,30.0,0.0,0.0,0.0,0.0,0.0,1.0,1.0,0.0
outer3,3,71,b812,150.0,60.0,0.0,0.0,0.0,0.0,0.0,1.0,1.0,0.0
outer3,3,71,b812,150.0,90.0,0.0,0.0,0.0,0.0,0.0,1.0,1.0,0.0
outer3,3,71,b812,150.0,120.0,0.0,0.0,0.0,0.0,0.0,1.0,1.0,0.0
outer3,3,71,b812,150.0,150.0,0.0,0.0,0.0,0.0,0.0,1.0,1.0,0.0
outer3,3,71,b812,150.0,180.0,0.0,0.0,0.0,0.0,0.0,1.0,1.0,0.0
outer3,3,71,b812,150.0,210.0,0.0,0.0,0.0,0.0,0.0,1.0,1.0,0.0
outer3,3,71,b812,150.0,240.0,0.0,0.0,0.0,0.0,0.0,1.0,1.0,0.0
outer3,3,71,b812,150.0,270.0,0.0,0.0,0.0,0.0,0.0,1.0,1.0,0.0
outer3,3,71,b812,150.0,300.0,0.0,0.0,0.0,0.0,0.0,1.0,1.0,0.0
outer3,3,71,b812,150.0,330.0,0.0,0.0,0.0,0.0,0.0,1.0,1.0,0.0
outer3,3,71,b943,30.0,0.0,0.0,0.0,0.0,0.0,0.0,1.0,1.0,0.0
outer3,3,71,b943,30.0,30.0,0.0,0.0,0.0,0.0,0.0,1.0,1.0,0.0
outer3,3,71,b943,30.0,60.0,0.0,0.0,0.0,0.0,0.0,1.0,1.0,0.0
outer3,3,71,b943,30.0,90.0,0.0,0.0,0.0,0.0,0.0,1.0,1.0,0.0
outer3,3,71,b943,30.0,120.0,0.0,0.0,0.0,0.0,0.0,1.0,1.0,0.0
outer3,3,71,b943,30.0,150.0,0.0,0.0,0.0,0.0,0.0,1.0,1.0,0.0
outer3,3,71,b943,30.0,180.0,0.0,0.0,0.0,0.0,0.0,1.0,1.0,0.0
outer3,3,71,b943,30.0,210.0,0.0,0.0,0.0,0.0,0.0,1.0,1.0,0.0
outer3,3,71,b943,30.0,240.0,0.0,0.0,0.0,0.0,0.0,1.0,1.0,0.0
outer3,3,71,b943,30.0,270.0,0.0,0.0,0.0,0.0,0.0,1.0,1.0,0.0
outer3,3,71,b943,30.0,300.0,0.0,0.0,0.0,0.0,0.0,1.0,1.0,0.0
outer3,3,71,b943,30.0,330.0,0.0,0.0,0.0,0.0,0.0,1.0,1.0,0.0
outer3,3,71,b943,60.0,0.0,0.0,0.0,0.0,0.0,0.0,1.0,1.0,0.0
outer3,3,71,b943,60.0,30.0,0.0,0.0,0.0,0.0,0.0,1.0,1.0,0.0
outer3,3,71,b943,60.0,60.0,0.0,128.68218994140625,-128.68218994140625,-60.0,-120.0,1.0,0.0,1.0
outer3,3,71,b943,60.0,90.0,0.0,0.0,0.0,0.0,0.0,1.0,1.0,0.0
outer3,3,71,b943,60.0,120.0,0.0,0.0,0.0,0.0,0.0,1.0,1.0,0.0
outer3,3,71,b943,60.0,150.0,51.31781005859375,0.0,51.31781005859375,0.0,60.0,0.0,1.0,-1.0
outer3,3,71,b943,60.0,180.0,0.0,0.0,0.0,0.0,0.0,1.0,1.0,0.0
outer3,3,71,b943,60.0,210.0,0.0,0.0,0.0,0.0,0.0,1.0,1.0,0.0
outer3,3,71,b943,60.0,240.0,0.0,97.1807632446289,-97.1807632446289,0.0,-120.0,1.0,0.0,1.0
outer3,3,71,b943,60.0,270.0,0.0,60.000003814697266,-60.000003814697266,-60.0,0.0,1.0,0.0,1.0
outer3,3,71,b943,60.0,300.0,0.0,0.0,0.0,0.0,0.0,1.0,1.0,0.0
outer3,3,71,b943,60.0,330.0,0.0,0.0,0.0,0.0,0.0,1.0,1.0,0.0
outer3,3,71,b943,90.0,0.0,180.0,0.0,180.0,0.0,180.0,0.0,1.0,-1.0
outer3,3,71,b943,90.0,30.0,180.0,0.0,180.0,0.0,180.0,0.0,1.0,-1.0
outer3,3,71,b943,90.0,60.0,180.0,180.0,0.0,0.0,0.0,0.0,0.0,0.0
outer3,3,71,b943,90.0,90.0,180.0,180.0,0.0,0.0,0.0,0.0,0.0,0.0
outer3,3,71,b943,90.0,120.0,180.0,120.00000762939453,59.99999237060547,0.0,60.0,0.0,0.0,0.0
outer3,3,71,b943,90.0,150.0,60.000003814697266,120.00000762939453,-60.000003814697266,0.0,-60.0,0.0,0.0,0.0
outer3,3,71,b943,90.0,180.0,0.0,180.0,-180.0,0.0,-180.0,1.0,0.0,1.0
outer3,3,71,b943,90.0,210.0,0.0,180.0,-180.0,0.0,-180.0,1.0,0.0,1.0
outer3,3,71,b943,90.0,240.0,180.0,0.0,180.0,0.0,180.0,0.0,1.0,-1.0
outer3,3,71,b943,90.0,270.0,0.0,0.0,0.0,0.0,0.0,1.0,1.0,0.0
outer3,3,71,b943,90.0,300.0,0.0,0.0,0.0,0.0,0.0,1.0,1.0,0.0
outer3,3,71,b943,90.0,330.0,120.00000762939453,60.00000762939453,60.0,0.0,60.0,0.0,0.0,0.0
outer3,3,71,b943,120.0,0.0,90.0,0.0,90.0,30.0,180.0,0.0,1.0,-1.0
outer3,3,71,b943,120.0,30.0,0.0,0.0,0.0,0.0,0.0,1.0,1.0,0.0
outer3,3,71,b943,120.0,60.0,0.0,0.0,0.0,0.0,0.0,1.0,1.0,0.0
outer3,3,71,b943,120.0,90.0,0.0,0.0,0.0,0.0,0.0,1.0,1.0,0.0
outer3,3,71,b943,120.0,120.0,0.0,0.0,0.0,0.0,0.0,1.0,1.0,0.0
outer3,3,71,b943,120.0,150.0,0.0,0.0,0.0,0.0,0.0,1.0,1.0,0.0
outer3,3,71,b943,120.0,180.0,29.99998664855957,0.0,29.99998664855957,30.0,0.0,0.0,1.0,-1.0
outer3,3,71,b943,120.0,210.0,82.81924438476562,0.0,82.81924438476562,60.0,60.0,0.0,1.0,-1.0
outer3,3,71,b943,120.0,240.0,0.0,0.0,0.0,0.0,0.0,1.0,1.0,0.0
outer3,3,71,b943,120.0,270.0,0.0,0.0,0.0,0.0,0.0,1.0,1.0,0.0
outer3,3,71,b943,120.0,300.0,0.0,0.0,0.0,0.0,0.0,1.0,1.0,0.0
outer3,3,71,b943,120.0,330.0,0.0,0.0,0.0,0.0,0.0,1.0,1.0,0.0
outer3,3,71,b943,150.0,0.0,0.0,0.0,0.0,0.0,0.0,1.0,1.0,0.0
outer3,3,71,b943,150.0,30.0,0.0,0.0,0.0,0.0,0.0,1.0,1.0,0.0
outer3,3,71,b943,150.0,60.0,0.0,0.0,0.0,0.0,0.0,1.0,1.0,0.0
outer3,3,71,b943,150.0,90.0,0.0,0.0,0.0,0.0,0.0,1.0,1.0,0.0
outer3,3,71,b943,150.0,120.0,0.0,0.0,0.0,0.0,0.0,1.0,1.0,0.0
outer3,3,71,b943,150.0,150.0,0.0,0.0,0.0,0.0,0.0,1.0,1.0,0.0
outer3,3,71,b943,150.0,180.0,0.0,0.0,0.0,0.0,0.0,1.0,1.0,0.0
outer3,3,71,b943,150.0,210.0,0.0,0.0,0.0,0.0,0.0,1.0,1.0,0.0
outer3,3,71,b943,150.0,240.0,0.0,0.0,0.0,0.0,0.0,1.0,1.0,0.0
outer3,3,71,b943,150.0,270.0,0.0,0.0,0.0,0.0,0.0,1.0,1.0,0.0
outer3,3,71,b943,150.0,300.0,0.0,0.0,0.0,0.0,0.0,1.0,1.0,0.0
outer3,3,71,b943,150.0,330.0,0.0,0.0,0.0,0.0,0.0,1.0,1.0,0.0
outer3,3,71,b974,30.0,0.0,0.0,0.0,0.0,0.0,0.0,1.0,1.0,0.0
outer3,3,71,b974,30.0,30.0,0.0,0.0,0.0,0.0,0.0,1.0,1.0,0.0
outer3,3,71,b974,30.0,60.0,0.0,0.0,0.0,0.0,0.0,1.0,1.0,0.0
outer3,3,71,b974,30.0,90.0,0.0,0.0,0.0,0.0,0.0,1.0,1.0,0.0
outer3,3,71,b974,30.0,120.0,0.0,0.0,0.0,0.0,0.0,1.0,1.0,0.0
outer3,3,71,b974,30.0,150.0,0.0,0.0,0.0,0.0,0.0,1.0,1.0,0.0
outer3,3,71,b974,30.0,180.0,0.0,0.0,0.0,0.0,0.0,1.0,1.0,0.0
outer3,3,71,b974,30.0,210.0,0.0,0.0,0.0,0.0,0.0,1.0,1.0,0.0
outer3,3,71,b974,30.0,240.0,0.0,0.0,0.0,0.0,0.0,1.0,1.0,0.0
outer3,3,71,b974,30.0,270.0,0.0,0.0,0.0,0.0,0.0,1.0,1.0,0.0
outer3,3,71,b974,30.0,300.0,0.0,0.0,0.0,0.0,0.0,1.0,1.0,0.0
outer3,3,71,b974,30.0,330.0,0.0,0.0,0.0,0.0,0.0,1.0,1.0,0.0
outer3,3,71,b974,60.0,0.0,0.0,0.0,0.0,0.0,0.0,1.0,1.0,0.0
outer3,3,71,b974,60.0,30.0,0.0,0.0,0.0,0.0,0.0,1.0,1.0,0.0
outer3,3,71,b974,60.0,60.0,0.0,0.0,0.0,0.0,0.0,1.0,1.0,0.0
outer3,3,71,b974,60.0,90.0,0.0,0.0,0.0,0.0,0.0,1.0,1.0,0.0
outer3,3,71,b974,60.0,120.0,0.0,0.0,0.0,0.0,0.0,1.0,1.0,0.0
outer3,3,71,b974,60.0,150.0,0.0,0.0,0.0,0.0,0.0,1.0,1.0,0.0
outer3,3,71,b974,60.0,180.0,0.0,0.0,0.0,0.0,0.0,1.0,1.0,0.0
outer3,3,71,b974,60.0,210.0,0.0,0.0,0.0,0.0,0.0,1.0,1.0,0.0
outer3,3,71,b974,60.0,240.0,0.0,0.0,0.0,0.0,0.0,1.0,1.0,0.0
outer3,3,71,b974,60.0,270.0,0.0,0.0,0.0,0.0,0.0,1.0,1.0,0.0
outer3,3,71,b974,60.0,300.0,0.0,0.0,0.0,0.0,0.0,1.0,1.0,0.0
outer3,3,71,b974,60.0,330.0,0.0,0.0,0.0,0.0,0.0,1.0,1.0,0.0
outer3,3,71,b974,90.0,0.0,180.0,180.0,0.0,0.0,0.0,0.0,0.0,0.0
outer3,3,71,b974,90.0,30.0,180.0,0.0,180.0,0.0,180.0,0.0,1.0,-1.0
outer3,3,71,b974,90.0,60.0,0.0,180.0,-180.0,0.0,-180.0,1.0,0.0,1.0
outer3,3,71,b974,90.0,90.0,180.0,180.0,0.0,0.0,0.0,0.0,0.0,0.0
outer3,3,71,b974,90.0,120.0,0.0,180.0,-180.0,0.0,-180.0,1.0,0.0,1.0
outer3,3,71,b974,90.0,150.0,0.0,180.0,-180.0,0.0,-180.0,1.0,0.0,1.0
outer3,3,71,b974,90.0,180.0,0.0,0.0,0.0,0.0,0.0,1.0,1.0,0.0
outer3,3,71,b974,90.0,210.0,0.0,0.0,0.0,0.0,0.0,1.0,1.0,0.0
outer3,3,71,b974,90.0,240.0,180.0,0.0,180.0,0.0,180.0,0.0,1.0,-1.0
outer3,3,71,b974,90.0,270.0,0.0,0.0,0.0,0.0,0.0,1.0,1.0,0.0
outer3,3,71,b974,90.0,300.0,180.0,0.0,180.0,0.0,180.0,0.0,1.0,-1.0
outer3,3,71,b974,90.0,330.0,180.0,0.0,180.0,0.0,180.0,0.0,1.0,-1.0
outer3,3,71,b974,120.0,0.0,0.0,0.0,0.0,0.0,0.0,1.0,1.0,0.0
outer3,3,71,b974,120.0,30.0,0.0,0.0,0.0,0.0,0.0,1.0,1.0,0.0
outer3,3,71,b974,120.0,60.0,0.0,0.0,0.0,0.0,0.0,1.0,1.0,0.0
outer3,3,71,b974,120.0,90.0,0.0,0.0,0.0,0.0,0.0,1.0,1.0,0.0
outer3,3,71,b974,120.0,120.0,0.0,0.0,0.0,0.0,0.0,1.0,1.0,0.0
outer3,3,71,b974,120.0,150.0,0.0,0.0,0.0,0.0,0.0,1.0,1.0,0.0
outer3,3,71,b974,120.0,180.0,0.0,0.0,0.0,0.0,0.0,1.0,1.0,0.0
outer3,3,71,b974,120.0,210.0,0.0,0.0,0.0,0.0,0.0,1.0,1.0,0.0
outer3,3,71,b974,120.0,240.0,0.0,0.0,0.0,0.0,0.0,1.0,1.0,0.0
outer3,3,71,b974,120.0,270.0,0.0,0.0,0.0,0.0,0.0,1.0,1.0,0.0
outer3,3,71,b974,120.0,300.0,0.0,0.0,0.0,0.0,0.0,1.0,1.0,0.0
outer3,3,71,b974,120.0,330.0,0.0,0.0,0.0,0.0,0.0,1.0,1.0,0.0
outer3,3,71,b974,150.0,0.0,0.0,0.0,0.0,0.0,0.0,1.0,1.0,0.0
outer3,3,71,b974,150.0,30.0,0.0,0.0,0.0,0.0,0.0,1.0,1.0,0.0
outer3,3,71,b974,150.0,60.0,0.0,0.0,0.0,0.0,0.0,1.0,1.0,0.0
outer3,3,71,b974,150.0,90.0,0.0,0.0,0.0,0.0,0.0,1.0,1.0,0.0
outer3,3,71,b974,150.0,120.0,0.0,0.0,0.0,0.0,0.0,1.0,1.0,0.0
outer3,3,71,b974,150.0,150.0,0.0,0.0,0.0,0.0,0.0,1.0,1.0,0.0
outer3,3,71,b974,150.0,180.0,0.0,0.0,0.0,0.0,0.0,1.0,1.0,0.0
outer3,3,71,b974,150.0,210.0,0.0,0.0,0.0,0.0,0.0,1.0,1.0,0.0
outer3,3,71,b974,150.0,240.0,0.0,0.0,0.0,0.0,0.0,1.0,1.0,0.0
outer3,3,71,b974,150.0,270.0,0.0,0.0,0.0,0.0,0.0,1.0,1.0,0.0
outer3,3,71,b974,150.0,300.0,0.0,0.0,0.0,0.0,0.0,1.0,1.0,0.0
outer3,3,71,b974,150.0,330.0,60.000003814697266,0.0,60.000003814697266,0.0,180.0,0.0,1.0,-1.0
outer3,3,71,b97b,30.0,0.0,30.000001907348633,90.0,-59.99999809265137,0.0,-180.0,0.0,0.0,0.0
outer3,3,71,b97b,30.0,30.0,0.0,14.870942115783691,-14.870942115783691,0.0,-30.0,1.0,0.0,1.0
outer3,3,71,b97b,30.0,60.0,0.0,0.0,0.0,0.0,0.0,1.0,1.0,0.0
outer3,3,71,b97b,30.0,90.0,0.0,0.0,0.0,0.0,0.0,1.0,1.0,0.0
outer3,3,71,b97b,30.0,120.0,0.0,0.0,0.0,0.0,0.0,1.0,1.0,0.0
outer3,3,71,b97b,30.0,150.0,0.0,0.0,0.0,0.0,0.0,1.0,1.0,0.0
outer3,3,71,b97b,30.0,180.0,0.0,30.000001907348633,-30.000001907348633,-30.0,0.0,1.0,0.0,1.0
outer3,3,71,b97b,30.0,210.0,0.0,0.0,0.0,0.0,0.0,1.0,1.0,0.0
outer3,3,71,b97b,30.0,240.0,122.24180603027344,0.0,122.24180603027344,120.0,30.0,0.0,1.0,-1.0
outer3,3,71,b97b,30.0,270.0,0.0,0.0,0.0,0.0,0.0,1.0,1.0,0.0
outer3,3,71,b97b,30.0,300.0,0.0,0.0,0.0,0.0,0.0,1.0,1.0,0.0
outer3,3,71,b97b,30.0,330.0,0.0,0.0,0.0,0.0,0.0,1.0,1.0,0.0
outer3,3,71,b97b,60.0,0.0,0.0,0.0,0.0,0.0,0.0,1.0,1.0,0.0
outer3,3,71,b97b,60.0,30.0,0.0,0.0,0.0,0.0,0.0,1.0,1.0,0.0
outer3,3,71,b97b,60.0,60.0,0.0,60.000003814697266,-60.000003814697266,-60.0,0.0,1.0,0.0,1.0
outer3,3,71,b97b,60.0,90.0,30.000001907348633,0.0,30.000001907348633,30.0,0.0,0.0,1.0,-1.0
outer3,3,71,b97b,60.0,120.0,0.0,0.0,0.0,0.0,0.0,1.0,1.0,0.0
outer3,3,71,b97b,60.0,150.0,0.0,0.0,0.0,0.0,0.0,1.0,1.0,0.0
outer3,3,71,b97b,60.0,180.0,0.0,0.0,0.0,0.0,0.0,1.0,1.0,0.0
outer3,3,71,b97b,60.0,210.0,0.0,0.0,0.0,0.0,0.0,1.0,1.0,0.0
outer3,3,71,b97b,60.0,240.0,60.000003814697266,128.6822052001953,-68.68220138549805,0.0,-120.0,0.0,0.0,0.0
outer3,3,71,b97b,60.0,270.0,0.0,0.0,0.0,0.0,0.0,1.0,1.0,0.0
outer3,3,71,b97b,60.0,300.0,90.0,120.00000762939453,-30.00000762939453,30.0,0.0,0.0,0.0,0.0
outer3,3,71,b97b,60.0,330.0,0.0,0.0,0.0,0.0,0.0,1.0,1.0,0.0
outer3,3,71,b97b,90.0,0.0,180.0,180.0,0.0,0.0,0.0,0.0,0.0,0.0
outer3,3,71,b97b,90.0,30.0,0.0,0.0,0.0,0.0,0.0,1.0,1.0,0.0
outer3,3,71,b97b,90.0,60.0,0.0,150.0,-150.0,-30.0,-180.0,1.0,0.0,1.0
outer3,3,71,b97b,90.0,90.0,180.0,180.0,0.0,0.0,0.0,0.0,0.0,0.0
outer3,3,71,b97b,90.0,120.0,120.00000762939453,60.000003814697266,60.000003814697266,0.0,60.0,0.0,0.0,0.0
outer3,3,71,b97b,90.0,150.0,0.0,180.0,-180.0,0.0,-180.0,1.0,0.0,1.0
outer3,3,71,b97b,90.0,180.0,0.0,0.0,0.0,0.0,0.0,1.0,1.0,0.0
outer3,3,71,b97b,90.0,210.0,0.0,180.0,-180.0,0.0,-180.0,1.0,0.0,1.0
outer3,3,71,b97b,90.0,240.0,0.0,30.000001907348633,-30.000001907348633,-30.0,0.0,1.0,0.0,1.0
outer3,3,71,b97b,90.0,270.0,0.0,0.0,0.0,0.0,0.0,1.0,1.0,0.0
outer3,3,71,b97b,90.0,300.0,60.000003814697266,60.000003814697266,0.0,0.0,0.0,0.0,0.0,0.0
outer3,3,71,b97b,90.0,330.0,180.0,0.0,180.0,0.0,180.0,0.0,1.0,-1.0
outer3,3,71,b97b,120.0,0.0,90.0,120.00000762939453,-30.00000762939453,30.0,0.0,0.0,0.0,0.0
outer3,3,71,b97b,120.0,30.0,0.0,0.0,0.0,0.0,0.0,1.0,1.0,0.0
outer3,3,71,b97b,120.0,60.0,0.0,0.0,0.0,0.0,0.0,1.0,1.0,0.0
outer3,3,71,b97b,120.0,90.0,0.0,0.0,0.0,0.0,0.0,1.0,1.0,0.0
outer3,3,71,b97b,120.0,120.0,29.99998664855957,0.0,29.99998664855957,30.0,0.0,0.0,1.0,-1.0
outer3,3,71,b97b,120.0,150.0,0.0,0.0,0.0,0.0,0.0,1.0,1.0,0.0
outer3,3,71,b97b,120.0,180.0,29.99998664855957,0.0,29.99998664855957,30.0,0.0,0.0,1.0,-1.0
outer3,3,71,b97b,120.0,210.0,82.81924438476562,82.81924438476562,0.0,0.0,0.0,0.0,0.0,0.0
outer3,3,71,b97b,120.0,240.0,0.0,0.0,0.0,0.0,0.0,1.0,1.0,0.0
outer3,3,71,b97b,120.0,270.0,30.000001907348633,0.0,30.000001907348633,30.0,0.0,0.0,1.0,-1.0
outer3,3,71,b97b,120.0,300.0,0.0,0.0,0.0,0.0,0.0,1.0,1.0,0.0
outer3,3,71,b97b,120.0,330.0,0.0,0.0,0.0,0.0,0.0,1.0,1.0,0.0
outer3,3,71,b97b,150.0,0.0,0.0,29.99998664855957,-29.99998664855957,-30.0,0.0,1.0,0.0,1.0
outer3,3,71,b97b,150.0,30.0,0.0,0.0,0.0,0.0,0.0,1.0,1.0,0.0
outer3,3,71,b97b,150.0,60.0,0.0,0.0,0.0,0.0,0.0,1.0,1.0,0.0
outer3,3,71,b97b,150.0,90.0,0.0,0.0,0.0,0.0,0.0,1.0,1.0,0.0
outer3,3,71,b97b,150.0,120.0,0.0,0.0,0.0,0.0,0.0,1.0,1.0,0.0
outer3,3,71,b97b,150.0,150.0,0.0,0.0,0.0,0.0,0.0,1.0,1.0,0.0
outer3,3,71,b97b,150.0,180.0,0.0,29.99998664855957,-29.99998664855957,-30.0,0.0,1.0,0.0,1.0
outer3,3,71,b97b,150.0,210.0,0.0,0.0,0.0,0.0,0.0,1.0,1.0,0.0
outer3,3,71,b97b,150.0,240.0,0.0,0.0,0.0,0.0,0.0,1.0,1.0,0.0
outer3,3,71,b97b,150.0,270.0,0.0,0.0,0.0,0.0,0.0,1.0,1.0,0.0
outer3,3,71,b97b,150.0,300.0,0.0,0.0,0.0,0.0,0.0,1.0,1.0,0.0
outer3,3,71,b97b,150.0,330.0,0.0,0.0,0.0,0.0,0.0,1.0,1.0,0.0
outer3,3,71,bc2c,30.0,0.0,60.000003814697266,30.000001907348633,30.000001907348633,-30.0,180.0,0.0,0.0,0.0
outer3,3,71,bc2c,30.0,30.0,14.870942115783691,115.6589126586914,-100.78797054290771,-90.0,-60.0,0.0,0.0,0.0
outer3,3,71,bc2c,30.0,60.0,0.0,60.000003814697266,-60.000003814697266,0.0,-180.0,1.0,0.0,1.0
outer3,3,71,bc2c,30.0,90.0,90.0,57.7581901550293,32.2418098449707,30.0,30.0,0.0,0.0,0.0
outer3,3,71,bc2c,30.0,120.0,115.6589126586914,115.6589126586914,0.0,0.0,0.0,0.0,0.0,0.0
outer3,3,71,bc2c,30.0,150.0,86.67425537109375,49.494651794433594,37.179603576660156,0.0,90.0,0.0,0.0,0.0
outer3,3,71,bc2c,30.0,180.0,30.000001907348633,30.000001907348633,0.0,0.0,0.0,0.0,0.0,0.0
outer3,3,71,bc2c,30.0,210.0,57.7581901550293,60.000003814697266,-2.2418136596679688,0.0,-30.0,0.0,0.0,0.0
outer3,3,71,bc2c,30.0,240.0,120.00000762939453,120.00000762939453,0.0,0.0,0.0,0.0,0.0,0.0
outer3,3,71,bc2c,30.0,270.0,165.12905883789062,165.12905883789062,0.0,0.0,0.0,0.0,0.0,0.0
outer3,3,71,bc2c,30.0,300.0,130.50535583496094,104.47750854492188,26.027847290039062,30.0,0.0,0.0,0.0,0.0
outer3,3,71,bc2c,30.0,330.0,93.32575988769531,150.0,-56.67424011230469,0.0,-150.0,0.0,0.0,0.0
outer3,3,71,bc2c,60.0,0.0,90.0,0.0,90.0,30.0,180.0,0.0,1.0,-1.0
outer3,3,71,bc2c,60.0,30.0,60.000003814697266,0.0,60.000003814697266,60.0,0.0,0.0,1.0,-1.0
outer3,3,71,bc2c,60.0,60.0,0.0,0.0,0.0,0.0,0.0,1.0,1.0,0.0
outer3,3,71,bc2c,60.0,90.0,120.00000762939453,120.00000762939453,0.0,0.0,0.0,0.0,0.0,0.0
outer3,3,71,bc2c,60.0,120.0,90.0,41.40962219238281,48.59037780761719,0.0,60.0,0.0,0.0,0.0
outer3,3,71,bc2c,60.0,150.0,51.31781005859375,51.31781005859375,0.0,0.0,0.0,0.0,0.0,0.0
outer3,3,71,bc2c,60.0,180.0,120.00000762939453,60.000003814697266,60.000003814697266,-60.0,180.0,0.0,0.0,0.0
outer3,3,71,bc2c,60.0,210.0,60.000003814697266,128.6822052001953,-68.68220138549805,0.0,-120.0,0.0,0.0,0.0
outer3,3,71,bc2c,60.0,240.0,60.000003814697266,180.0,-119.99999618530273,0.0,-180.0,0.0,0.0,0.0
outer3,3,71,bc2c,60.0,270.0,180.0,180.0,0.0,0.0,0.0,0.0,0.0,0.0
outer3,3,71,bc2c,60.0,300.0,128.68218994140625,128.68218994140625,0.0,0.0,0.0,0.0,0.0,0.0
outer3,3,71,bc2c,60.0,330.0,60.000003814697266,120.00000762939453,-60.000003814697266,60.0,-180.0,0.0,0.0,0.0
outer3,3,71,bc2c,90.0,0.0,180.0,180.0,0.0,0.0,0.0,0.0,0.0,0.0
outer3,3,71,bc2c,90.0,30.0,150.0,150.0,0.0,0.0,0.0,0.0,0.0,0.0
outer3,3,71,bc2c,90.0,60.0,180.0,180.0,0.0,0.0,0.0,0.0,0.0,0.0
outer3,3,71,bc2c,90.0,90.0,180.0,180.0,0.0,0.0,0.0,0.0,0.0,0.0
outer3,3,71,bc2c,90.0,120.0,180.0,150.0,30.0,0.0,30.0,0.0,0.0,0.0
outer3,3,71,bc2c,90.0,150.0,30.000001907348633,30.000001907348633,0.0,0.0,0.0,0.0,0.0,0.0
outer3,3,71,bc2c,90.0,180.0,0.0,0.0,0.0,0.0,0.0,1.0,1.0,0.0
outer3,3,71,bc2c,90.0,210.0,30.000001907348633,30.000001907348633,0.0,0.0,0.0,0.0,0.0,0.0
outer3,3,71,bc2c,90.0,240.0,0.0,0.0,0.0,0.0,0.0,1.0,1.0,0.0
outer3,3,71,bc2c,90.0,270.0,0.0,0.0,0.0,0.0,0.0,1.0,1.0,0.0
outer3,3,71,bc2c,90.0,300.0,0.0,30.000001907348633,-30.000001907348633,0.0,-30.0,1.0,0.0,1.0
outer3,3,71,bc2c,90.0,330.0,150.0,150.0,0.0,0.0,0.0,0.0,0.0,0.0
outer3,3,71,bc2c,120.0,0.0,0.0,0.0,0.0,0.0,0.0,1.0,1.0,0.0
outer3,3,71,bc2c,120.0,30.0,82.81924438476562,82.81924438476562,0.0,0.0,0.0,0.0,0.0,0.0
outer3,3,71,bc2c,120.0,60.0,0.0,0.0,0.0,0.0,0.0,1.0,1.0,0.0
outer3,3,71,bc2c,120.0,90.0,120.00000762939453,120.00000762939453,0.0,0.0,0.0,0.0,0.0,0.0
outer3,3,71,bc2c,120.0,120.0,120.00000762939453,120.00000762939453,0.0,0.0,0.0,0.0,0.0,0.0
outer3,3,71,bc2c,120.0,150.0,0.0,60.000003814697266,-60.000003814697266,-60.0,0.0,1.0,0.0,1.0
outer3,3,71,bc2c,120.0,180.0,120.00000762939453,0.0,120.00000762939453,0.0,180.0,0.0,1.0,-1.0
outer3,3,71,bc2c,120.0,210.0,180.0,120.00000762939453,59.99999237060547,60.0,0.0,0.0,0.0,0.0
outer3,3,71,bc2c,120.0,240.0,97.18075561523438,128.6822052001953,-31.501449584960938,-60.0,0.0,0.0,0.0,0.0
outer3,3,71,bc2c,120.0,270.0,180.0,180.0,0.0,0.0,0.0,0.0,0.0,0.0
outer3,3,71,bc2c,120.0,300.0,128.68218994140625,128.68218994140625,0.0,0.0,0.0,0.0,0.0,0.0
outer3,3,71,bc2c,120.0,330.0,60.000003814697266,128.6822052001953,-68.68220138549805,0.0,-120.0,0.0,0.0,0.0
outer3,3,71,bc2c,150.0,0.0,29.99998664855957,29.99998664855957,0.0,0.0,0.0,0.0,0.0,0.0
outer3,3,71,bc2c,150.0,30.0,90.0,128.68218994140625,-38.68218994140625,-30.0,-60.0,0.0,0.0,0.0
outer3,3,71,bc2c,150.0,60.0,0.0,60.000003814697266,-60.000003814697266,0.0,-180.0,1.0,0.0,1.0
outer3,3,71,bc2c,150.0,90.0,57.7581901550293,57.7581901550293,0.0,0.0,0.0,0.0,0.0,0.0
outer3,3,71,bc2c,150.0,120.0,90.0,64.34109497070312,25.658905029296875,0.0,90.0,0.0,0.0,0.0
outer3,3,71,bc2c,150.0,150.0,29.99998664855957,49.49464416503906,-19.494657516479492,0.0,-60.0,0.0,0.0,0.0
outer3,3,71,bc2c,150.0,180.0,90.0,120.00000762939453,-30.00000762939453,-30.0,0.0,0.0,0.0,0.0
outer3,3,71,bc2c,150.0,210.0,90.0,120.00000762939453,-30.00000762939453,-30.0,0.0,0.0,0.0,0.0
outer3,3,71,bc2c,150.0,240.0,120.00000762939453,120.00000762939453,0.0,0.0,0.0,0.0,0.0,0.0
outer3,3,71,bc2c,150.0,270.0,180.0,180.0,0.0,0.0,0.0,0.0,0.0,0.0
outer3,3,71,bc2c,150.0,300.0,130.50535583496094,130.50535583496094,0.0,0.0,0.0,0.0,0.0,0.0
outer3,3,71,bc2c,150.0,330.0,150.0,86.67424774169922,63.32575225830078,60.0,30.0,0.0,0.0,0.0
outer3,3,72,b812,30.0,0.0,0.0,0.0,0.0,0.0,0.0,1.0,1.0,0.0
outer3,3,72,b812,30.0,30.0,0.0,0.0,0.0,0.0,0.0,1.0,1.0,0.0
outer3,3,72,b812,30.0,60.0,0.0,0.0,0.0,0.0,0.0,1.0,1.0,0.0
outer3,3,72,b812,30.0,90.0,0.0,0.0,0.0,0.0,0.0,1.0,1.0,0.0
outer3,3,72,b812,30.0,120.0,0.0,0.0,0.0,0.0,0.0,1.0,1.0,0.0
outer3,3,72,b812,30.0,150.0,0.0,0.0,0.0,0.0,0.0,1.0,1.0,0.0
outer3,3,72,b812,30.0,180.0,0.0,0.0,0.0,0.0,0.0,1.0,1.0,0.0
outer3,3,72,b812,30.0,210.0,0.0,0.0,0.0,0.0,0.0,1.0,1.0,0.0
outer3,3,72,b812,30.0,240.0,0.0,0.0,0.0,0.0,0.0,1.0,1.0,0.0
outer3,3,72,b812,30.0,270.0,0.0,0.0,0.0,0.0,0.0,1.0,1.0,0.0
outer3,3,72,b812,30.0,300.0,0.0,0.0,0.0,0.0,0.0,1.0,1.0,0.0
outer3,3,72,b812,30.0,330.0,0.0,0.0,0.0,0.0,0.0,1.0,1.0,0.0
outer3,3,72,b812,60.0,0.0,0.0,0.0,0.0,0.0,0.0,1.0,1.0,0.0
outer3,3,72,b812,60.0,30.0,0.0,0.0,0.0,0.0,0.0,1.0,1.0,0.0
outer3,3,72,b812,60.0,60.0,0.0,0.0,0.0,0.0,0.0,1.0,1.0,0.0
outer3,3,72,b812,60.0,90.0,0.0,0.0,0.0,0.0,0.0,1.0,1.0,0.0
outer3,3,72,b812,60.0,120.0,0.0,0.0,0.0,0.0,0.0,1.0,1.0,0.0
outer3,3,72,b812,60.0,150.0,0.0,0.0,0.0,0.0,0.0,1.0,1.0,0.0
outer3,3,72,b812,60.0,180.0,0.0,0.0,0.0,0.0,0.0,1.0,1.0,0.0
outer3,3,72,b812,60.0,210.0,0.0,0.0,0.0,0.0,0.0,1.0,1.0,0.0
outer3,3,72,b812,60.0,240.0,0.0,0.0,0.0,0.0,0.0,1.0,1.0,0.0
outer3,3,72,b812,60.0,270.0,0.0,0.0,0.0,0.0,0.0,1.0,1.0,0.0
outer3,3,72,b812,60.0,300.0,0.0,0.0,0.0,0.0,0.0,1.0,1.0,0.0
outer3,3,72,b812,60.0,330.0,0.0,0.0,0.0,0.0,0.0,1.0,1.0,0.0
outer3,3,72,b812,90.0,0.0,0.0,0.0,0.0,0.0,0.0,1.0,1.0,0.0
outer3,3,72,b812,90.0,30.0,180.0,120.00000762939453,59.99999237060547,0.0,60.0,0.0,0.0,0.0
outer3,3,72,b812,90.0,60.0,0.0,0.0,0.0,0.0,0.0,1.0,1.0,0.0
outer3,3,72,b812,90.0,90.0,0.0,0.0,0.0,0.0,0.0,1.0,1.0,0.0
outer3,3,72,b812,90.0,120.0,180.0,0.0,180.0,0.0,180.0,0.0,1.0,-1.0
outer3,3,72,b812,90.0,150.0,180.0,180.0,0.0,0.0,0.0,0.0,0.0,0.0
outer3,3,72,b812,90.0,180.0,180.0,180.0,0.0,0.0,0.0,0.0,0.0,0.0
outer3,3,72,b812,90.0,210.0,0.0,0.0,0.0,0.0,0.0,1.0,1.0,0.0
outer3,3,72,b812,90.0,240.0,0.0,0.0,0.0,0.0,0.0,1.0,1.0,0.0
outer3,3,72,b812,90.0,270.0,0.0,0.0,0.0,0.0,0.0,1.0,1.0,0.0
outer3,3,72,b812,90.0,300.0,0.0,0.0,0.0,0.0,0.0,1.0,1.0,0.0
outer3,3,72,b812,90.0,330.0,0.0,0.0,0.0,0.0,0.0,1.0,1.0,0.0
outer3,3,72,b812,120.0,0.0,0.0,0.0,0.0,0.0,0.0,1.0,1.0,0.0
outer3,3,72,b812,120.0,30.0,82.81924438476562,0.0,82.81924438476562,60.0,60.0,0.0,1.0,-1.0
outer3,3,72,b812,120.0,60.0,0.0,0.0,0.0,0.0,0.0,1.0,1.0,0.0
outer3,3,72,b812,120.0,90.0,0.0,0.0,0.0,0.0,0.0,1.0,1.0,0.0
outer3,3,72,b812,120.0,120.0,0.0,0.0,0.0,0.0,0.0,1.0,1.0,0.0
outer3,3,72,b812,120.0,150.0,0.0,0.0,0.0,0.0,0.0,1.0,1.0,0.0
outer3,3,72,b812,120.0,180.0,0.0,0.0,0.0,0.0,0.0,1.0,1.0,0.0
outer3,3,72,b812,120.0,210.0,0.0,0.0,0.0,0.0,0.0,1.0,1.0,0.0
outer3,3,72,b812,120.0,240.0,0.0,0.0,0.0,0.0,0.0,1.0,1.0,0.0
outer3,3,72,b812,120.0,270.0,0.0,0.0,0.0,0.0,0.0,1.0,1.0,0.0
outer3,3,72,b812,120.0,300.0,0.0,0.0,0.0,0.0,0.0,1.0,1.0,0.0
outer3,3,72,b812,120.0,330.0,0.0,0.0,0.0,0.0,0.0,1.0,1.0,0.0
outer3,3,72,b812,150.0,0.0,0.0,0.0,0.0,0.0,0.0,1.0,1.0,0.0
outer3,3,72,b812,150.0,30.0,0.0,0.0,0.0,0.0,0.0,1.0,1.0,0.0
outer3,3,72,b812,150.0,60.0,0.0,0.0,0.0,0.0,0.0,1.0,1.0,0.0
outer3,3,72,b812,150.0,90.0,0.0,0.0,0.0,0.0,0.0,1.0,1.0,0.0
outer3,3,72,b812,150.0,120.0,0.0,0.0,0.0,0.0,0.0,1.0,1.0,0.0
outer3,3,72,b812,150.0,150.0,0.0,0.0,0.0,0.0,0.0,1.0,1.0,0.0
outer3,3,72,b812,150.0,180.0,0.0,0.0,0.0,0.0,0.0,1.0,1.0,0.0
outer3,3,72,b812,150.0,210.0,0.0,0.0,0.0,0.0,0.0,1.0,1.0,0.0
outer3,3,72,b812,150.0,240.0,0.0,0.0,0.0,0.0,0.0,1.0,1.0,0.0
outer3,3,72,b812,150.0,270.0,0.0,0.0,0.0,0.0,0.0,1.0,1.0,0.0
outer3,3,72,b812,150.0,300.0,0.0,0.0,0.0,0.0,0.0,1.0,1.0,0.0
outer3,3,72,b812,150.0,330.0,0.0,0.0,0.0,0.0,0.0,1.0,1.0,0.0
outer3,3,72,b943,30.0,0.0,0.0,0.0,0.0,0.0,0.0,1.0,1.0,0.0
outer3,3,72,b943,30.0,30.0,0.0,0.0,0.0,0.0,0.0,1.0,1.0,0.0
outer3,3,72,b943,30.0,60.0,0.0,0.0,0.0,0.0,0.0,1.0,1.0,0.0
outer3,3,72,b943,30.0,90.0,0.0,0.0,0.0,0.0,0.0,1.0,1.0,0.0
outer3,3,72,b943,30.0,120.0,0.0,0.0,0.0,0.0,0.0,1.0,1.0,0.0
outer3,3,72,b943,30.0,150.0,0.0,0.0,0.0,0.0,0.0,1.0,1.0,0.0
outer3,3,72,b943,30.0,180.0,0.0,0.0,0.0,0.0,0.0,1.0,1.0,0.0
outer3,3,72,b943,30.0,210.0,0.0,0.0,0.0,0.0,0.0,1.0,1.0,0.0
outer3,3,72,b943,30.0,240.0,0.0,0.0,0.0,0.0,0.0,1.0,1.0,0.0
outer3,3,72,b943,30.0,270.0,0.0,0.0,0.0,0.0,0.0,1.0,1.0,0.0
outer3,3,72,b943,30.0,300.0,0.0,0.0,0.0,0.0,0.0,1.0,1.0,0.0
outer3,3,72,b943,30.0,330.0,0.0,0.0,0.0,0.0,0.0,1.0,1.0,0.0
outer3,3,72,b943,60.0,0.0,0.0,0.0,0.0,0.0,0.0,1.0,1.0,0.0
outer3,3,72,b943,60.0,30.0,0.0,0.0,0.0,0.0,0.0,1.0,1.0,0.0
outer3,3,72,b943,60.0,60.0,128.68218994140625,0.0,128.68218994140625,60.0,120.0,0.0,1.0,-1.0
outer3,3,72,b943,60.0,90.0,0.0,0.0,0.0,0.0,0.0,1.0,1.0,0.0
outer3,3,72,b943,60.0,120.0,0.0,0.0,0.0,0.0,0.0,1.0,1.0,0.0
outer3,3,72,b943,60.0,150.0,0.0,0.0,0.0,0.0,0.0,1.0,1.0,0.0
outer3,3,72,b943,60.0,180.0,0.0,0.0,0.0,0.0,0.0,1.0,1.0,0.0
outer3,3,72,b943,60.0,210.0,0.0,0.0,0.0,0.0,0.0,1.0,1.0,0.0
outer3,3,72,b943,60.0,240.0,0.0,97.1807632446289,-97.1807632446289,0.0,-120.0,1.0,0.0,1.0
outer3,3,72,b943,60.0,270.0,0.0,25.905075073242188,-25.905075073242188,0.0,-30.0,1.0,0.0,1.0
outer3,3,72,b943,60.0,300.0,0.0,0.0,0.0,0.0,0.0,1.0,1.0,0.0
outer3,3,72,b943,60.0,330.0,0.0,0.0,0.0,0.0,0.0,1.0,1.0,0.0
outer3,3,72,b943,90.0,0.0,0.0,0.0,0.0,0.0,0.0,1.0,1.0,0.0
outer3,3,72,b943,90.0,30.0,180.0,180.0,0.0,0.0,0.0,0.0,0.0,0.0
outer3,3,72,b943,90.0,60.0,180.0,60.000003814697266,119.99999618530273,0.0,120.0,0.0,0.0,0.0
outer3,3,72,b943,90.0,90.0,0.0,180.0,-180.0,0.0,-180.0,1.0,0.0,1.0
outer3,3,72,b943,90.0,120.0,120.00000762939453,180.0,-59.99999237060547,0.0,-60.0,0.0,0.0,0.0
outer3,3,72,b943,90.0,150.0,60.000003814697266,60.000003814697266,0.0,0.0,0.0,0.0,0.0,0.0
outer3,3,72,b943,90.0,180.0,180.0,180.0,0.0,0.0,0.0,0.0,0.0,0.0
outer3,3,72,b943,90.0,210.0,0.0,0.0,0.0,0.0,0.0,1.0,1.0,0.0
outer3,3,72,b943,90.0,240.0,0.0,60.000003814697266,-60.000003814697266,0.0,-60.0,1.0,0.0,1.0
outer3,3,72,b943,90.0,270.0,180.0,0.0,180.0,0.0,180.0,0.0,1.0,-1.0
outer3,3,72,b943,90.0,300.0,60.000003814697266,0.0,60.000003814697266,0.0,60.0,0.0,1.0,-1.0
outer3,3,72,b943,90.0,330.0,60.00000762939453,60.00000762939453,0.0,0.0,0.0,0.0,0.0,0.0
outer3,3,72,b943,120.0,0.0,0.0,0.0,0.0,0.0,0.0,1.0,1.0,0.0
outer3,3,72,b943,120.0,30.0,0.0,0.0,0.0,0.0,0.0,1.0,1.0,0.0
outer3,3,72,b943,120.0,60.0,0.0,0.0,0.0,0.0,0.0,1.0,1.0,0.0
outer3,3,72,b943,120.0,90.0,0.0,0.0,0.0,0.0,0.0,1.0,1.0,0.0
outer3,3,72,b943,120.0,120.0,0.0,0.0,0.0,0.0,0.0,1.0,1.0,0.0
outer3,3,72,b943,120.0,150.0,0.0,0.0,0.0,0.0,0.0,1.0,1.0,0.0
outer3,3,72,b943,120.0,180.0,0.0,0.0,0.0,0.0,0.0,1.0,1.0,0.0
outer3,3,72,b943,120.0,210.0,0.0,29.99998664855957,-29.99998664855957,-30.0,0.0,1.0,0.0,1.0
outer3,3,72,b943,120.0,240.0,0.0,0.0,0.0,0.0,0.0,1.0,1.0,0.0
outer3,3,72,b943,120.0,270.0,0.0,0.0,0.0,0.0,0.0,1.0,1.0,0.0
outer3,3,72,b943,120.0,300.0,0.0,0.0,0.0,0.0,0.0,1.0,1.0,0.0
outer3,3,72,b943,120.0,330.0,60.000003814697266,0.0,60.000003814697266,60.0,0.0,0.0,1.0,-1.0
outer3,3,72,b943,150.0,0.0,0.0,0.0,0.0,0.0,0.0,1.0,1.0,0.0
outer3,3,72,b943,150.0,30.0,0.0,0.0,0.0,0.0,0.0,1.0,1.0,0.0
outer3,3,72,b943,150.0,60.0,0.0,0.0,0.0,0.0,0.0,1.0,1.0,0.0
outer3,3,72,b943,150.0,90.0,0.0,0.0,0.0,0.0,0.0,1.0,1.0,0.0
outer3,3,72,b943,150.0,120.0,0.0,0.0,0.0,0.0,0.0,1.0,1.0,0.0
outer3,3,72,b943,150.0,150.0,0.0,0.0,0.0,0.0,0.0,1.0,1.0,0.0
outer3,3,72,b943,150.0,180.0,0.0,0.0,0.0,0.0,0.0,1.0,1.0,0.0
outer3,3,72,b943,150.0,210.0,0.0,0.0,0.0,0.0,0.0,1.0,1.0,0.0
outer3,3,72,b943,150.0,240.0,0.0,0.0,0.0,0.0,0.0,1.0,1.0,0.0
outer3,3,72,b943,150.0,270.0,0.0,0.0,0.0,0.0,0.0,1.0,1.0,0.0
outer3,3,72,b943,150.0,300.0,0.0,0.0,0.0,0.0,0.0,1.0,1.0,0.0
outer3,3,72,b943,150.0,330.0,0.0,0.0,0.0,0.0,0.0,1.0,1.0,0.0
outer3,3,72,b974,30.0,0.0,0.0,0.0,0.0,0.0,0.0,1.0,1.0,0.0
outer3,3,72,b974,30.0,30.0,0.0,0.0,0.0,0.0,0.0,1.0,1.0,0.0
outer3,3,72,b974,30.0,60.0,0.0,0.0,0.0,0.0,0.0,1.0,1.0,0.0
outer3,3,72,b974,30.0,90.0,0.0,0.0,0.0,0.0,0.0,1.0,1.0,0.0
outer3,3,72,b974,30.0,120.0,0.0,0.0,0.0,0.0,0.0,1.0,1.0,0.0
outer3,3,72,b974,30.0,150.0,0.0,0.0,0.0,0.0,0.0,1.0,1.0,0.0
outer3,3,72,b974,30.0,180.0,0.0,0.0,0.0,0.0,0.0,1.0,1.0,0.0
outer3,3,72,b974,30.0,210.0,0.0,0.0,0.0,0.0,0.0,1.0,1.0,0.0
outer3,3,72,b974,30.0,240.0,0.0,0.0,0.0,0.0,0.0,1.0,1.0,0.0
outer3,3,72,b974,30.0,270.0,0.0,0.0,0.0,0.0,0.0,1.0,1.0,0.0
outer3,3,72,b974,30.0,300.0,0.0,0.0,0.0,0.0,0.0,1.0,1.0,0.0
outer3,3,72,b974,30.0,330.0,0.0,0.0,0.0,0.0,0.0,1.0,1.0,0.0
outer3,3,72,b974,60.0,0.0,0.0,0.0,0.0,0.0,0.0,1.0,1.0,0.0
outer3,3,72,b974,60.0,30.0,0.0,0.0,0.0,0.0,0.0,1.0,1.0,0.0
outer3,3,72,b974,60.0,60.0,0.0,0.0,0.0,0.0,0.0,1.0,1.0,0.0
outer3,3,72,b974,60.0,90.0,0.0,0.0,0.0,0.0,0.0,1.0,1.0,0.0
outer3,3,72,b974,60.0,120.0,0.0,0.0,0.0,0.0,0.0,1.0,1.0,0.0
outer3,3,72,b974,60.0,150.0,0.0,0.0,0.0,0.0,0.0,1.0,1.0,0.0
outer3,3,72,b974,60.0,180.0,0.0,0.0,0.0,0.0,0.0,1.0,1.0,0.0
outer3,3,72,b974,60.0,210.0,0.0,0.0,0.0,0.0,0.0,1.0,1.0,0.0
outer3,3,72,b974,60.0,240.0,0.0,0.0,0.0,0.0,0.0,1.0,1.0,0.0
outer3,3,72,b974,60.0,270.0,0.0,0.0,0.0,0.0,0.0,1.0,1.0,0.0
outer3,3,72,b974,60.0,300.0,0.0,0.0,0.0,0.0,0.0,1.0,1.0,0.0
outer3,3,72,b974,60.0,330.0,0.0,0.0,0.0,0.0,0.0,1.0,1.0,0.0
outer3,3,72,b974,90.0,0.0,0.0,180.0,-180.0,0.0,-180.0,1.0,0.0,1.0
outer3,3,72,b974,90.0,30.0,180.0,0.0,180.0,0.0,180.0,0.0,1.0,-1.0
outer3,3,72,b974,90.0,60.0,0.0,0.0,0.0,0.0,0.0,1.0,1.0,0.0
outer3,3,72,b974,90.0,90.0,0.0,180.0,-180.0,0.0,-180.0,1.0,0.0,1.0
outer3,3,72,b974,90.0,120.0,0.0,0.0,0.0,0.0,0.0,1.0,1.0,0.0
outer3,3,72,b974,90.0,150.0,60.000003814697266,180.0,-119.99999618530273,0.0,-120.0,0.0,0.0,0.0
outer3,3,72,b974,90.0,180.0,180.0,0.0,180.0,0.0,180.0,0.0,1.0,-1.0
outer3,3,72,b974,90.0,210.0,0.0,0.0,0.0,0.0,0.0,1.0,1.0,0.0
outer3,3,72,b974,90.0,240.0,180.0,0.0,180.0,0.0,180.0,0.0,1.0,-1.0
outer3,3,72,b974,90.0,270.0,180.0,0.0,180.0,0.0,180.0,0.0,1.0,-1.0
outer3,3,72,b974,90.0,300.0,180.0,0.0,180.0,0.0,180.0,0.0,1.0,-1.0
outer3,3,72,b974,90.0,330.0,120.00000762939453,0.0,120.00000762939453,0.0,120.0,0.0,1.0,-1.0
outer3,3,72,b974,120.0,0.0,0.0,0.0,0.0,0.0,0.0,1.0,1.0,0.0
outer3,3,72,b974,120.0,30.0,0.0,0.0,0.0,0.0,0.0,1.0,1.0,0.0
outer3,3,72,b974,120.0,60.0,0.0,0.0,0.0,0.0,0.0,1.0,1.0,0.0
outer3,3,72,b974,120.0,90.0,0.0,0.0,0.0,0.0,0.0,1.0,1.0,0.0
outer3,3,72,b974,120.0,120.0,0.0,0.0,0.0,0.0,0.0,1.0,1.0,0.0
outer3,3,72,b974,120.0,150.0,0.0,0.0,0.0,0.0,0.0,1.0,1.0,0.0
outer3,3,72,b974,120.0,180.0,0.0,0.0,0.0,0.0,0.0,1.0,1.0,0.0
outer3,3,72,b974,120.0,210.0,0.0,0.0,0.0,0.0,0.0,1.0,1.0,0.0
outer3,3,72,b974,120.0,240.0,0.0,0.0,0.0,0.0,0.0,1.0,1.0,0.0
outer3,3,72,b974,120.0,270.0,0.0,0.0,0.0,0.0,0.0,1.0,1.0,0.0
outer3,3,72,b974,120.0,300.0,0.0,0.0,0.0,0.0,0.0,1.0,1.0,0.0
outer3,3,72,b974,120.0,330.0,0.0,0.0,0.0,0.0,0.0,1.0,1.0,0.0
outer3,3,72,b974,150.0,0.0,0.0,0.0,0.0,0.0,0.0,1.0,1.0,0.0
outer3,3,72,b974,150.0,30.0,0.0,0.0,0.0,0.0,0.0,1.0,1.0,0.0
outer3,3,72,b974,150.0,60.0,0.0,0.0,0.0,0.0,0.0,1.0,1.0,0.0
outer3,3,72,b974,150.0,90.0,0.0,0.0,0.0,0.0,0.0,1.0,1.0,0.0
outer3,3,72,b974,150.0,120.0,0.0,0.0,0.0,0.0,0.0,1.0,1.0,0.0
outer3,3,72,b974,150.0,150.0,0.0,0.0,0.0,0.0,0.0,1.0,1.0,0.0
outer3,3,72,b974,150.0,180.0,0.0,0.0,0.0,0.0,0.0,1.0,1.0,0.0
outer3,3,72,b974,150.0,210.0,0.0,0.0,0.0,0.0,0.0,1.0,1.0,0.0
outer3,3,72,b974,150.0,240.0,0.0,0.0,0.0,0.0,0.0,1.0,1.0,0.0
outer3,3,72,b974,150.0,270.0,0.0,0.0,0.0,0.0,0.0,1.0,1.0,0.0
outer3,3,72,b974,150.0,300.0,0.0,0.0,0.0,0.0,0.0,1.0,1.0,0.0
outer3,3,72,b974,150.0,330.0,0.0,0.0,0.0,0.0,0.0,1.0,1.0,0.0
outer3,3,72,b97b,30.0,0.0,30.000001907348633,30.000001907348633,0.0,0.0,0.0,0.0,0.0,0.0
outer3,3,72,b97b,30.0,30.0,0.0,0.0,0.0,0.0,0.0,1.0,1.0,0.0
outer3,3,72,b97b,30.0,60.0,0.0,0.0,0.0,0.0,0.0,1.0,1.0,0.0
outer3,3,72,b97b,30.0,90.0,0.0,0.0,0.0,0.0,0.0,1.0,1.0,0.0
outer3,3,72,b97b,30.0,120.0,0.0,0.0,0.0,0.0,0.0,1.0,1.0,0.0
outer3,3,72,b97b,30.0,150.0,0.0,60.000003814697266,-60.000003814697266,0.0,-180.0,1.0,0.0,1.0
outer3,3,72,b97b,30.0,180.0,30.000001907348633,30.000001907348633,0.0,0.0,0.0,0.0,0.0,0.0
outer3,3,72,b97b,30.0,210.0,0.0,0.0,0.0,0.0,0.0,1.0,1.0,0.0
outer3,3,72,b97b,30.0,240.0,0.0,0.0,0.0,0.0,0.0,1.0,1.0,0.0
outer3,3,72,b97b,30.0,270.0,0.0,0.0,0.0,0.0,0.0,1.0,1.0,0.0
outer3,3,72,b97b,30.0,300.0,0.0,0.0,0.0,0.0,0.0,1.0,1.0,0.0
outer3,3,72,b97b,30.0,330.0,0.0,0.0,0.0,0.0,0.0,1.0,1.0,0.0
outer3,3,72,b97b,60.0,0.0,0.0,120.00000762939453,-120.00000762939453,0.0,-180.0,1.0,0.0,1.0
outer3,3,72,b97b,60.0,30.0,0.0,0.0,0.0,0.0,0.0,1.0,1.0,0.0
outer3,3,72,b97b,60.0,60.0,0.0,0.0,0.0,0.0,0.0,1.0,1.0,0.0
outer3,3,72,b97b,60.0,90.0,0.0,0.0,0.0,0.0,0.0,1.0,1.0,0.0
outer3,3,72,b97b,60.0,120.0,0.0,0.0,0.0,0.0,0.0,1.0,1.0,0.0
outer3,3,72,b97b,60.0,150.0,0.0,0.0,0.0,0.0,0.0,1.0,1.0,0.0
outer3,3,72,b97b,60.0,180.0,0.0,0.0,0.0,0.0,0.0,1.0,1.0,0.0
outer3,3,72,b97b,60.0,210.0,0.0,0.0,0.0,0.0,0.0,1.0,1.0,0.0
outer3,3,72,b97b,60.0,240.0,0.0,97.1807632446289,-97.1807632446289,0.0,-120.0,1.0,0.0,1.0
outer3,3,72,b97b,60.0,270.0,0.0,0.0,0.0,0.0,0.0,1.0,1.0,0.0
outer3,3,72,b97b,60.0,300.0,0.0,0.0,0.0,0.0,0.0,1.0,1.0,0.0
outer3,3,72,b97b,60.0,330.0,120.00000762939453,0.0,120.00000762939453,0.0,180.0,0.0,1.0,-1.0
outer3,3,72,b97b,90.0,0.0,0.0,0.0,0.0,0.0,0.0,1.0,1.0,0.0
outer3,3,72,b97b,90.0,30.0,0.0,0.0,0.0,0.0,0.0,1.0,1.0,0.0
outer3,3,72,b97b,90.0,60.0,180.0,0.0,180.0,0.0,180.0,0.0,1.0,-1.0
outer3,3,72,b97b,90.0,90.0,0.0,180.0,-180.0,0.0,-180.0,1.0,0.0,1.0
outer3,3,72,b97b,90.0,120.0,120.00000762939453,120.00000762939453,0.0,0.0,0.0,0.0,0.0,0.0
outer3,3,72,b97b,90.0,150.0,120.00000762939453,120.00000762939453,0.0,0.0,0.0,0.0,0.0,0.0
outer3,3,72,b97b,90.0,180.0,180.0,180.0,0.0,0.0,0.0,0.0,0.0,0.0
outer3,3,72,b97b,90.0,210.0,180.0,180.0,0.0,0.0,0.0,0.0,0.0,0.0
outer3,3,72,b97b,90.0,240.0,0.0,0.0,0.0,0.0,0.0,1.0,1.0,0.0
outer3,3,72,b97b,90.0,270.0,180.0,180.0,0.0,0.0,0.0,0.0,0.0,0.0
outer3,3,72,b97b,90.0,300.0,60.000003814697266,60.000003814697266,0.0,0.0,0.0,0.0,0.0,0.0
outer3,3,72,b97b,90.0,330.0,60.00000762939453,60.00000762939453,0.0,0.0,0.0,0.0,0.0,0.0
outer3,3,72,b97b,120.0,0.0,0.0,0.0,0.0,0.0,0.0,1.0,1.0,0.0
outer3,3,72,b97b,120.0,30.0,0.0,0.0,0.0,0.0,0.0,1.0,1.0,0.0
outer3,3,72,b97b,120.0,60.0,0.0,0.0,0.0,0.0,0.0,1.0,1.0,0.0
outer3,3,72,b97b,120.0,90.0,0.0,0.0,0.0,0.0,0.0,1.0,1.0,0.0
outer3,3,72,b97b,120.0,120.0,0.0,0.0,0.0,0.0,0.0,1.0,1.0,0.0
outer3,3,72,b97b,120.0,150.0,0.0,0.0,0.0,0.0,0.0,1.0,1.0,0.0
outer3,3,72,b97b,120.0,180.0,0.0,0.0,0.0,0.0,0.0,1.0,1.0,0.0
outer3,3,72,b97b,120.0,210.0,60.000003814697266,29.99998664855957,30.000017166137695,30.0,0.0,0.0,0.0,0.0
outer3,3,72,b97b,120.0,240.0,51.31781005859375,0.0,51.31781005859375,0.0,60.0,0.0,1.0,-1.0
outer3,3,72,b97b,120.0,270.0,180.0,0.0,180.0,60.0,180.0,0.0,1.0,-1.0
outer3,3,72,b97b,120.0,300.0,0.0,29.99998664855957,-29.99998664855957,-30.0,0.0,1.0,0.0,1.0
outer3,3,72,b97b,120.0,330.0,0.0,0.0,0.0,0.0,0.0,1.0,1.0,0.0
outer3,3,72,b97b,150.0,0.0,0.0,29.99998664855957,-29.99998664855957,-30.0,0.0,1.0,0.0,1.0
outer3,3,72,b97b,150.0,30.0,0.0,0.0,0.0,0.0,0.0,1.0,1.0,0.0
outer3,3,72,b97b,150.0,60.0,0.0,0.0,0.0,0.0,0.0,1.0,1.0,0.0
outer3,3,72,b97b,150.0,90.0,0.0,0.0,0.0,0.0,0.0,1.0,1.0,0.0
outer3,3,72,b97b,150.0,120.0,0.0,0.0,0.0,0.0,0.0,1.0,1.0,0.0
outer3,3,72,b97b,150.0,150.0,0.0,0.0,0.0,0.0,0.0,1.0,1.0,0.0
outer3,3,72,b97b,150.0,180.0,29.99998664855957,0.0,29.99998664855957,30.0,0.0,0.0,1.0,-1.0
outer3,3,72,b97b,150.0,210.0,0.0,0.0,0.0,0.0,0.0,1.0,1.0,0.0
outer3,3,72,b97b,150.0,240.0,0.0,0.0,0.0,0.0,0.0,1.0,1.0,0.0
outer3,3,72,b97b,150.0,270.0,57.7581901550293,0.0,57.7581901550293,0.0,150.0,0.0,1.0,-1.0
outer3,3,72,b97b,150.0,300.0,0.0,0.0,0.0,0.0,0.0,1.0,1.0,0.0
outer3,3,72,b97b,150.0,330.0,0.0,0.0,0.0,0.0,0.0,1.0,1.0,0.0
outer3,3,72,bc2c,30.0,0.0,30.000001907348633,30.000001907348633,0.0,0.0,0.0,0.0,0.0,0.0
outer3,3,72,bc2c,30.0,30.0,64.34110260009766,90.0,-25.658897399902344,-60.0,90.0,0.0,0.0,0.0
outer3,3,72,bc2c,30.0,60.0,0.0,0.0,0.0,0.0,0.0,1.0,1.0,0.0
outer3,3,72,bc2c,30.0,90.0,60.000003814697266,57.7581901550293,2.2418136596679688,0.0,30.0,0.0,0.0,0.0
outer3,3,72,bc2c,30.0,120.0,77.49609375,77.49609375,0.0,0.0,0.0,0.0,0.0,0.0
outer3,3,72,bc2c,30.0,150.0,93.32575225830078,36.097782135009766,57.227970123291016,60.0,0.0,0.0,0.0,0.0
outer3,3,72,bc2c,30.0,180.0,30.000001907348633,30.000001907348633,0.0,0.0,0.0,0.0,0.0,0.0
outer3,3,72,bc2c,30.0,210.0,60.000003814697266,49.494651794433594,10.505352020263672,-30.0,120.0,0.0,0.0,0.0
outer3,3,72,bc2c,30.0,240.0,122.24180603027344,0.0,122.24180603027344,120.0,30.0,0.0,1.0,-1.0
outer3,3,72,bc2c,30.0,270.0,180.0,165.12905883789062,14.870941162109375,0.0,30.0,0.0,0.0,0.0
outer3,3,72,bc2c,30.0,300.0,60.000003814697266,60.000003814697266,0.0,0.0,0.0,0.0,0.0,0.0
outer3,3,72,bc2c,30.0,330.0,143.9022216796875,143.9022216796875,0.0,0.0,0.0,0.0,0.0,0.0
outer3,3,72,bc2c,60.0,0.0,0.0,0.0,0.0,0.0,0.0,1.0,1.0,0.0
outer3,3,72,bc2c,60.0,30.0,0.0,66.45188903808594,-66.45188903808594,-60.0,-30.0,1.0,0.0,1.0
outer3,3,72,bc2c,60.0,60.0,120.00000762939453,25.905075073242188,94.09493255615234,0.0,150.0,0.0,0.0,0.0
outer3,3,72,bc2c,60.0,90.0,120.00000762939453,113.5481185913086,6.4518890380859375,0.0,30.0,0.0,0.0,0.0
outer3,3,72,bc2c,60.0,120.0,115.6589126586914,97.1807632446289,18.4781494140625,30.0,0.0,0.0,0.0,0.0
outer3,3,72,bc2c,60.0,150.0,0.0,82.81924438476562,-82.81924438476562,-60.0,-60.0,1.0,0.0,1.0
outer3,3,72,bc2c,60.0,180.0,0.0,120.00000762939453,-120.00000762939453,0.0,-180.0,1.0,0.0,1.0
outer3,3,72,bc2c,60.0,210.0,180.0,97.1807632446289,82.8192367553711,60.0,60.0,0.0,0.0,0.0
outer3,3,72,bc2c,60.0,240.0,128.6822052001953,60.000003814697266,68.68220138549805,0.0,120.0,0.0,0.0,0.0
outer3,3,72,bc2c,60.0,270.0,180.0,150.0,30.0,-30.0,0.0,0.0,0.0,0.0
outer3,3,72,bc2c,60.0,300.0,128.68218994140625,128.68218994140625,0.0,0.0,0.0,0.0,0.0,0.0
outer3,3,72,bc2c,60.0,330.0,180.0,120.00000762939453,59.99999237060547,60.0,0.0,0.0,0.0,0.0
outer3,3,72,bc2c,90.0,0.0,0.0,150.0,-150.0,-30.0,-180.0,1.0,0.0,1.0
outer3,3,72,bc2c,90.0,30.0,0.0,150.0,-150.0,0.0,-150.0,1.0,0.0,1.0
outer3,3,72,bc2c,90.0,60.0,180.0,180.0,0.0,0.0,0.0,0.0,0.0,0.0
outer3,3,72,bc2c,90.0,90.0,0.0,180.0,-180.0,0.0,-180.0,1.0,0.0,1.0
outer3,3,72,bc2c,90.0,120.0,180.0,120.00000762939453,59.99999237060547,0.0,60.0,0.0,0.0,0.0
outer3,3,72,bc2c,90.0,150.0,150.0,30.000001907348633,119.99999809265137,0.0,120.0,0.0,0.0,0.0
outer3,3,72,bc2c,90.0,180.0,180.0,30.000001907348633,149.99999809265137,-30.0,180.0,0.0,0.0,0.0
outer3,3,72,bc2c,90.0,210.0,180.0,30.000001907348633,149.99999809265137,0.0,150.0,0.0,0.0,0.0
outer3,3,72,bc2c,90.0,240.0,0.0,0.0,0.0,0.0,0.0,1.0,1.0,0.0
outer3,3,72,bc2c,90.0,270.0,180.0,0.0,180.0,0.0,180.0,0.0,1.0,-1.0
outer3,3,72,bc2c,90.0,300.0,60.000003814697266,60.000003814697266,0.0,0.0,0.0,0.0,0.0,0.0
outer3,3,72,bc2c,90.0,330.0,30.00000762939453,150.0,-119.99999237060547,0.0,-120.0,0.0,0.0,0.0
outer3,3,72,bc2c,120.0,0.0,0.0,0.0,0.0,0.0,0.0,1.0,1.0,0.0
outer3,3,72,bc2c,120.0,30.0,51.31781005859375,82.81924438476562,-31.501434326171875,-60.0,0.0,0.0,0.0,0.0
outer3,3,72,bc2c,120.0,60.0,0.0,25.905075073242188,-25.905075073242188,0.0,-30.0,1.0,0.0,1.0
outer3,3,72,bc2c,120.0,90.0,120.00000762939453,120.00000762939453,0.0,0.0,0.0,0.0,0.0,0.0
outer3,3,72,bc2c,120.0,120.0,120.00000762939453,120.00000762939453,0.0,0.0,0.0,0.0,0.0,0.0
outer3,3,72,bc2c,120.0,150.0,0.0,82.81924438476562,-82.81924438476562,-60.0,-60.0,1.0,0.0,1.0
outer3,3,72,bc2c,120.0,180.0,0.0,0.0,0.0,0.0,0.0,1.0,1.0,0.0
outer3,3,72,bc2c,120.0,210.0,120.00000762939453,180.0,-59.99999237060547,-60.0,0.0,0.0,0.0,0.0
outer3,3,72,bc2c,120.0,240.0,128.6822052001953,128.6822052001953,0.0,0.0,0.0,0.0,0.0,0.0
outer3,3,72,bc2c,120.0,270.0,180.0,180.0,0.0,0.0,0.0,0.0,0.0,0.0
outer3,3,72,bc2c,120.0,300.0,128.68218994140625,128.68218994140625,0.0,0.0,0.0,0.0,0.0,0.0
outer3,3,72,bc2c,120.0,330.0,180.0,120.00000762939453,59.99999237060547,60.0,0.0,0.0,0.0,0.0
outer3,3,72,bc2c,150.0,0.0,29.99998664855957,29.99998664855957,0.0,0.0,0.0,0.0,0.0,0.0
outer3,3,72,bc2c,150.0,30.0,120.00000762939453,14.870942115783691,105.12906551361084,120.0,-30.0,0.0,0.0,0.0
outer3,3,72,bc2c,150.0,60.0,0.0,0.0,0.0,0.0,0.0,1.0,1.0,0.0
outer3,3,72,bc2c,150.0,90.0,60.000003814697266,57.7581901550293,2.2418136596679688,0.0,30.0,0.0,0.0,0.0
outer3,3,72,bc2c,150.0,120.0,86.67425537109375,90.0,-3.32574462890625,0.0,-30.0,0.0,0.0,0.0
outer3,3,72,bc2c,150.0,150.0,29.99998664855957,120.00000762939453,-90.00002098083496,-30.0,-180.0,0.0,0.0,0.0
outer3,3,72,bc2c,150.0,180.0,90.0,90.0,0.0,0.0,0.0,0.0,0.0,0.0
outer3,3,72,bc2c,150.0,210.0,51.31782150268555,90.0,-38.68217849731445,-30.0,-60.0,0.0,0.0,0.0
outer3,3,72,bc2c,150.0,240.0,120.00000762939453,0.0,120.00000762939453,120.0,0.0,0.0,1.0,-1.0
outer3,3,72,bc2c,150.0,270.0,180.0,165.12905883789062,14.870941162109375,0.0,30.0,0.0,0.0,0.0
outer3,3,72,bc2c,150.0,300.0,90.0,130.50535583496094,-40.50535583496094,0.0,-120.0,0.0,0.0,0.0
outer3,3,72,bc2c,150.0,330.0,90.0,115.6589126586914,-25.658912658691406,-30.0,30.0,0.0,0.0,0.0
outer3,3,73,b812,30.0,0.0,0.0,0.0,0.0,0.0,0.0,1.0,1.0,0.0
outer3,3,73,b812,30.0,30.0,0.0,0.0,0.0,0.0,0.0,1.0,1.0,0.0
outer3,3,73,b812,30.0,60.0,0.0,0.0,0.0,0.0,0.0,1.0,1.0,0.0
outer3,3,73,b812,30.0,90.0,0.0,0.0,0.0,0.0,0.0,1.0,1.0,0.0
outer3,3,73,b812,30.0,120.0,0.0,0.0,0.0,0.0,0.0,1.0,1.0,0.0
outer3,3,73,b812,30.0,150.0,0.0,0.0,0.0,0.0,0.0,1.0,1.0,0.0
outer3,3,73,b812,30.0,180.0,0.0,0.0,0.0,0.0,0.0,1.0,1.0,0.0
outer3,3,73,b812,30.0,210.0,0.0,0.0,0.0,0.0,0.0,1.0,1.0,0.0
outer3,3,73,b812,30.0,240.0,0.0,0.0,0.0,0.0,0.0,1.0,1.0,0.0
outer3,3,73,b812,30.0,270.0,0.0,0.0,0.0,0.0,0.0,1.0,1.0,0.0
outer3,3,73,b812,30.0,300.0,0.0,0.0,0.0,0.0,0.0,1.0,1.0,0.0
outer3,3,73,b812,30.0,330.0,0.0,0.0,0.0,0.0,0.0,1.0,1.0,0.0
outer3,3,73,b812,60.0,0.0,0.0,0.0,0.0,0.0,0.0,1.0,1.0,0.0
outer3,3,73,b812,60.0,30.0,0.0,0.0,0.0,0.0,0.0,1.0,1.0,0.0
outer3,3,73,b812,60.0,60.0,0.0,0.0,0.0,0.0,0.0,1.0,1.0,0.0
outer3,3,73,b812,60.0,90.0,0.0,0.0,0.0,0.0,0.0,1.0,1.0,0.0
outer3,3,73,b812,60.0,120.0,0.0,0.0,0.0,0.0,0.0,1.0,1.0,0.0
outer3,3,73,b812,60.0,150.0,0.0,25.905075073242188,-25.905075073242188,0.0,-30.0,1.0,0.0,1.0
outer3,3,73,b812,60.0,180.0,0.0,0.0,0.0,0.0,0.0,1.0,1.0,0.0
outer3,3,73,b812,60.0,210.0,0.0,0.0,0.0,0.0,0.0,1.0,1.0,0.0
outer3,3,73,b812,60.0,240.0,0.0,0.0,0.0,0.0,0.0,1.0,1.0,0.0
outer3,3,73,b812,60.0,270.0,0.0,0.0,0.0,0.0,0.0,1.0,1.0,0.0
outer3,3,73,b812,60.0,300.0,0.0,0.0,0.0,0.0,0.0,1.0,1.0,0.0
outer3,3,73,b812,60.0,330.0,0.0,0.0,0.0,0.0,0.0,1.0,1.0,0.0
outer3,3,73,b812,90.0,0.0,180.0,0.0,180.0,0.0,180.0,0.0,1.0,-1.0
outer3,3,73,b812,90.0,30.0,0.0,180.0,-180.0,0.0,-180.0,1.0,0.0,1.0
outer3,3,73,b812,90.0,60.0,0.0,0.0,0.0,0.0,0.0,1.0,1.0,0.0
outer3,3,73,b812,90.0,90.0,180.0,0.0,180.0,0.0,180.0,0.0,1.0,-1.0
outer3,3,73,b812,90.0,120.0,120.00000762939453,180.0,-59.99999237060547,0.0,-60.0,0.0,0.0,0.0
outer3,3,73,b812,90.0,150.0,180.0,0.0,180.0,0.0,180.0,0.0,1.0,-1.0
outer3,3,73,b812,90.0,180.0,0.0,0.0,0.0,0.0,0.0,1.0,1.0,0.0
outer3,3,73,b812,90.0,210.0,0.0,0.0,0.0,0.0,0.0,1.0,1.0,0.0
outer3,3,73,b812,90.0,240.0,0.0,180.0,-180.0,0.0,-180.0,1.0,0.0,1.0
outer3,3,73,b812,90.0,270.0,0.0,0.0,0.0,0.0,0.0,1.0,1.0,0.0
outer3,3,73,b812,90.0,300.0,0.0,0.0,0.0,0.0,0.0,1.0,1.0,0.0
outer3,3,73,b812,90.0,330.0,0.0,180.0,-180.0,0.0,-180.0,1.0,0.0,1.0
outer3,3,73,b812,120.0,0.0,0.0,0.0,0.0,0.0,0.0,1.0,1.0,0.0
outer3,3,73,b812,120.0,30.0,0.0,0.0,0.0,0.0,0.0,1.0,1.0,0.0
outer3,3,73,b812,120.0,60.0,0.0,0.0,0.0,0.0,0.0,1.0,1.0,0.0
outer3,3,73,b812,120.0,90.0,0.0,0.0,0.0,0.0,0.0,1.0,1.0,0.0
outer3,3,73,b812,120.0,120.0,0.0,0.0,0.0,0.0,0.0,1.0,1.0,0.0
outer3,3,73,b812,120.0,150.0,0.0,0.0,0.0,0.0,0.0,1.0,1.0,0.0
outer3,3,73,b812,120.0,180.0,0.0,0.0,0.0,0.0,0.0,1.0,1.0,0.0
outer3,3,73,b812,120.0,210.0,0.0,0.0,0.0,0.0,0.0,1.0,1.0,0.0
outer3,3,73,b812,120.0,240.0,0.0,0.0,0.0,0.0,0.0,1.0,1.0,0.0
outer3,3,73,b812,120.0,270.0,0.0,0.0,0.0,0.0,0.0,1.0,1.0,0.0
outer3,3,73,b812,120.0,300.0,0.0,0.0,0.0,0.0,0.0,1.0,1.0,0.0
outer3,3,73,b812,120.0,330.0,0.0,0.0,0.0,0.0,0.0,1.0,1.0,0.0
outer3,3,73,b812,150.0,0.0,0.0,0.0,0.0,0.0,0.0,1.0,1.0,0.0
outer3,3,73,b812,150.0,30.0,0.0,0.0,0.0,0.0,0.0,1.0,1.0,0.0
outer3,3,73,b812,150.0,60.0,0.0,0.0,0.0,0.0,0.0,1.0,1.0,0.0
outer3,3,73,b812,150.0,90.0,0.0,0.0,0.0,0.0,0.0,1.0,1.0,0.0
outer3,3,73,b812,150.0,120.0,0.0,0.0,0.0,0.0,0.0,1.0,1.0,0.0
outer3,3,73,b812,150.0,150.0,0.0,0.0,0.0,0.0,0.0,1.0,1.0,0.0
outer3,3,73,b812,150.0,180.0,0.0,0.0,0.0,0.0,0.0,1.0,1.0,0.0
outer3,3,73,b812,150.0,210.0,0.0,0.0,0.0,0.0,0.0,1.0,1.0,0.0
outer3,3,73,b812,150.0,240.0,0.0,0.0,0.0,0.0,0.0,1.0,1.0,0.0
outer3,3,73,b812,150.0,270.0,0.0,0.0,0.0,0.0,0.0,1.0,1.0,0.0
outer3,3,73,b812,150.0,300.0,0.0,0.0,0.0,0.0,0.0,1.0,1.0,0.0
outer3,3,73,b812,150.0,330.0,0.0,0.0,0.0,0.0,0.0,1.0,1.0,0.0
outer3,3,73,b943,30.0,0.0,0.0,0.0,0.0,0.0,0.0,1.0,1.0,0.0
outer3,3,73,b943,30.0,30.0,14.870942115783691,0.0,14.870942115783691,0.0,30.0,0.0,1.0,-1.0
outer3,3,73,b943,30.0,60.0,0.0,0.0,0.0,0.0,0.0,1.0,1.0,0.0
outer3,3,73,b943,30.0,90.0,0.0,0.0,0.0,0.0,0.0,1.0,1.0,0.0
outer3,3,73,b943,30.0,120.0,0.0,0.0,0.0,0.0,0.0,1.0,1.0,0.0
outer3,3,73,b943,30.0,150.0,0.0,0.0,0.0,0.0,0.0,1.0,1.0,0.0
outer3,3,73,b943,30.0,180.0,0.0,0.0,0.0,0.0,0.0,1.0,1.0,0.0
outer3,3,73,b943,30.0,210.0,0.0,0.0,0.0,0.0,0.0,1.0,1.0,0.0
outer3,3,73,b943,30.0,240.0,0.0,0.0,0.0,0.0,0.0,1.0,1.0,0.0
outer3,3,73,b943,30.0,270.0,0.0,0.0,0.0,0.0,0.0,1.0,1.0,0.0
outer3,3,73,b943,30.0,300.0,0.0,0.0,0.0,0.0,0.0,1.0,1.0,0.0
outer3,3,73,b943,30.0,330.0,0.0,0.0,0.0,0.0,0.0,1.0,1.0,0.0
outer3,3,73,b943,60.0,0.0,30.000001907348633,0.0,30.000001907348633,30.0,0.0,0.0,1.0,-1.0
outer3,3,73,b943,60.0,30.0,0.0,0.0,0.0,0.0,0.0,1.0,1.0,0.0
outer3,3,73,b943,60.0,60.0,0.0,97.18075561523438,-97.18075561523438,0.0,-120.0,1.0,0.0,1.0
outer3,3,73,b943,60.0,90.0,0.0,0.0,0.0,0.0,0.0,1.0,1.0,0.0
outer3,3,73,b943,60.0,120.0,30.000001907348633,0.0,30.000001907348633,30.0,0.0,0.0,1.0,-1.0
outer3,3,73,b943,60.0,150.0,0.0,0.0,0.0,0.0,0.0,1.0,1.0,0.0
outer3,3,73,b943,60.0,180.0,0.0,0.0,0.0,0.0,0.0,1.0,1.0,0.0
outer3,3,73,b943,60.0,210.0,0.0,0.0,0.0,0.0,0.0,1.0,1.0,0.0
outer3,3,73,b943,60.0,240.0,0.0,0.0,0.0,0.0,0.0,1.0,1.0,0.0
outer3,3,73,b943,60.0,270.0,0.0,0.0,0.0,0.0,0.0,1.0,1.0,0.0
outer3,3,73,b943,60.0,300.0,0.0,0.0,0.0,0.0,0.0,1.0,1.0,0.0
outer3,3,73,b943,60.0,330.0,0.0,0.0,0.0,0.0,0.0,1.0,1.0,0.0
outer3,3,73,b943,90.0,0.0,0.0,0.0,0.0,0.0,0.0,1.0,1.0,0.0
outer3,3,73,b943,90.0,30.0,180.0,0.0,180.0,0.0,180.0,0.0,1.0,-1.0
outer3,3,73,b943,90.0,60.0,180.0,119.99999237060547,60.00000762939453,0.0,60.0,0.0,0.0,0.0
outer3,3,73,b943,90.0,90.0,0.0,180.0,-180.0,0.0,-180.0,1.0,0.0,1.0
outer3,3,73,b943,90.0,120.0,120.00000762939453,180.0,-59.99999237060547,0.0,-60.0,0.0,0.0,0.0
outer3,3,73,b943,90.0,150.0,120.00000762939453,120.00000762939453,0.0,0.0,0.0,0.0,0.0,0.0
outer3,3,73,b943,90.0,180.0,180.0,180.0,0.0,0.0,0.0,0.0,0.0,0.0
outer3,3,73,b943,90.0,210.0,0.0,180.0,-180.0,0.0,-180.0,1.0,0.0,1.0
outer3,3,73,b943,90.0,240.0,60.000003814697266,60.000003814697266,0.0,0.0,0.0,0.0,0.0,0.0
outer3,3,73,b943,90.0,270.0,180.0,180.0,0.0,0.0,0.0,0.0,0.0,0.0
outer3,3,73,b943,90.0,300.0,60.000003814697266,0.0,60.000003814697266,0.0,60.0,0.0,1.0,-1.0
outer3,3,73,b943,90.0,330.0,60.00000762939453,60.00000762939453,0.0,0.0,0.0,0.0,0.0,0.0
outer3,3,73,b943,120.0,0.0,0.0,0.0,0.0,0.0,0.0,1.0,1.0,0.0
outer3,3,73,b943,120.0,30.0,0.0,0.0,0.0,0.0,0.0,1.0,1.0,0.0
outer3,3,73,b943,120.0,60.0,0.0,0.0,0.0,0.0,0.0,1.0,1.0,0.0
outer3,3,73,b943,120.0,90.0,0.0,0.0,0.0,0.0,0.0,1.0,1.0,0.0
outer3,3,73,b943,120.0,120.0,0.0,29.99998664855957,-29.99998664855957,-30.0,0.0,1.0,0.0,1.0
outer3,3,73,b943,120.0,150.0,0.0,0.0,0.0,0.0,0.0,1.0,1.0,0.0
outer3,3,73,b943,120.0,180.0,0.0,0.0,0.0,0.0,0.0,1.0,1.0,0.0
outer3,3,73,b943,120.0,210.0,82.81924438476562,0.0,82.81924438476562,60.0,60.0,0.0,1.0,-1.0
outer3,3,73,b943,120.0,240.0,0.0,0.0,0.0,0.0,0.0,1.0,1.0,0.0
outer3,3,73,b943,120.0,270.0,0.0,0.0,0.0,0.0,0.0,1.0,1.0,0.0
outer3,3,73,b943,120.0,300.0,0.0,0.0,0.0,0.0,0.0,1.0,1.0,0.0
outer3,3,73,b943,120.0,330.0,0.0,0.0,0.0,0.0,0.0,1.0,1.0,0.0
outer3,3,73,b943,150.0,0.0,0.0,0.0,0.0,0.0,0.0,1.0,1.0,0.0
outer3,3,73,b943,150.0,30.0,0.0,0.0,0.0,0.0,0.0,1.0,1.0,0.0
outer3,3,73,b943,150.0,60.0,0.0,0.0,0.0,0.0,0.0,1.0,1.0,0.0
outer3,3,73,b943,150.0,90.0,0.0,0.0,0.0,0.0,0.0,1.0,1.0,0.0
outer3,3,73,b943,150.0,120.0,0.0,0.0,0.0,0.0,0.0,1.0,1.0,0.0
outer3,3,73,b943,150.0,150.0,0.0,0.0,0.0,0.0,0.0,1.0,1.0,0.0
outer3,3,73,b943,150.0,180.0,0.0,0.0,0.0,0.0,0.0,1.0,1.0,0.0
outer3,3,73,b943,150.0,210.0,0.0,0.0,0.0,0.0,0.0,1.0,1.0,0.0
outer3,3,73,b943,150.0,240.0,0.0,0.0,0.0,0.0,0.0,1.0,1.0,0.0
outer3,3,73,b943,150.0,270.0,0.0,0.0,0.0,0.0,0.0,1.0,1.0,0.0
outer3,3,73,b943,150.0,300.0,0.0,0.0,0.0,0.0,0.0,1.0,1.0,0.0
outer3,3,73,b943,150.0,330.0,0.0,0.0,0.0,0.0,0.0,1.0,1.0,0.0
outer3,3,73,b974,30.0,0.0,0.0,0.0,0.0,0.0,0.0,1.0,1.0,0.0
outer3,3,73,b974,30.0,30.0,0.0,0.0,0.0,0.0,0.0,1.0,1.0,0.0
outer3,3,73,b974,30.0,60.0,0.0,0.0,0.0,0.0,0.0,1.0,1.0,0.0
outer3,3,73,b974,30.0,90.0,0.0,0.0,0.0,0.0,0.0,1.0,1.0,0.0
outer3,3,73,b974,30.0,120.0,0.0,0.0,0.0,0.0,0.0,1.0,1.0,0.0
outer3,3,73,b974,30.0,150.0,0.0,0.0,0.0,0.0,0.0,1.0,1.0,0.0
outer3,3,73,b974,30.0,180.0,0.0,0.0,0.0,0.0,0.0,1.0,1.0,0.0
outer3,3,73,b974,30.0,210.0,0.0,0.0,0.0,0.0,0.0,1.0,1.0,0.0
outer3,3,73,b974,30.0,240.0,0.0,0.0,0.0,0.0,0.0,1.0,1.0,0.0
outer3,3,73,b974,30.0,270.0,0.0,0.0,0.0,0.0,0.0,1.0,1.0,0.0
outer3,3,73,b974,30.0,300.0,0.0,0.0,0.0,0.0,0.0,1.0,1.0,0.0
outer3,3,73,b974,30.0,330.0,0.0,0.0,0.0,0.0,0.0,1.0,1.0,0.0
outer3,3,73,b974,60.0,0.0,0.0,0.0,0.0,0.0,0.0,1.0,1.0,0.0
outer3,3,73,b974,60.0,30.0,0.0,0.0,0.0,0.0,0.0,1.0,1.0,0.0
outer3,3,73,b974,60.0,60.0,0.0,0.0,0.0,0.0,0.0,1.0,1.0,0.0
outer3,3,73,b974,60.0,90.0,0.0,0.0,0.0,0.0,0.0,1.0,1.0,0.0
outer3,3,73,b974,60.0,120.0,0.0,0.0,0.0,0.0,0.0,1.0,1.0,0.0
outer3,3,73,b974,60.0,150.0,0.0,82.81924438476562,-82.81924438476562,-60.0,-60.0,1.0,0.0,1.0
outer3,3,73,b974,60.0,180.0,0.0,0.0,0.0,0.0,0.0,1.0,1.0,0.0
outer3,3,73,b974,60.0,210.0,0.0,0.0,0.0,0.0,0.0,1.0,1.0,0.0
outer3,3,73,b974,60.0,240.0,0.0,0.0,0.0,0.0,0.0,1.0,1.0,0.0
outer3,3,73,b974,60.0,270.0,0.0,0.0,0.0,0.0,0.0,1.0,1.0,0.0
outer3,3,73,b974,60.0,300.0,0.0,0.0,0.0,0.0,0.0,1.0,1.0,0.0
outer3,3,73,b974,60.0,330.0,0.0,0.0,0.0,0.0,0.0,1.0,1.0,0.0
outer3,3,73,b974,90.0,0.0,180.0,180.0,0.0,0.0,0.0,0.0,0.0,0.0
outer3,3,73,b974,90.0,30.0,180.0,180.0,0.0,0.0,0.0,0.0,0.0,0.0
outer3,3,73,b974,90.0,60.0,0.0,0.0,0.0,0.0,0.0,1.0,1.0,0.0
outer3,3,73,b974,90.0,90.0,0.0,0.0,0.0,0.0,0.0,1.0,1.0,0.0
outer3,3,73,b974,90.0,120.0,0.0,0.0,0.0,0.0,0.0,1.0,1.0,0.0
outer3,3,73,b974,90.0,150.0,180.0,0.0,180.0,0.0,180.0,0.0,1.0,-1.0
outer3,3,73,b974,90.0,180.0,0.0,0.0,0.0,0.0,0.0,1.0,1.0,0.0
outer3,3,73,b974,90.0,210.0,0.0,0.0,0.0,0.0,0.0,1.0,1.0,0.0
outer3,3,73,b974,90.0,240.0,0.0,180.0,-180.0,0.0,-180.0,1.0,0.0,1.0
outer3,3,73,b974,90.0,270.0,180.0,180.0,0.0,0.0,0.0,0.0,0.0,0.0
outer3,3,73,b974,90.0,300.0,0.0,180.0,-180.0,0.0,-180.0,1.0,0.0,1.0
outer3,3,73,b974,90.0,330.0,0.0,180.0,-180.0,0.0,-180.0,1.0,0.0,1.0
outer3,3,73,b974,120.0,0.0,0.0,0.0,0.0,0.0,0.0,1.0,1.0,0.0
outer3,3,73,b974,120.0,30.0,0.0,0.0,0.0,0.0,0.0,1.0,1.0,0.0
outer3,3,73,b974,120.0,60.0,0.0,0.0,0.0,0.0,0.0,1.0,1.0,0.0
outer3,3,73,b974,120.0,90.0,0.0,0.0,0.0,0.0,0.0,1.0,1.0,0.0
outer3,3,73,b974,120.0,120.0,0.0,0.0,0.0,0.0,0.0,1.0,1.0,0.0
outer3,3,73,b974,120.0,150.0,25.905075073242188,0.0,25.905075073242188,0.0,30.0,0.0,1.0,-1.0
outer3,3,73,b974,120.0,180.0,0.0,0.0,0.0,0.0,0.0,1.0,1.0,0.0
outer3,3,73,b974,120.0,210.0,0.0,0.0,0.0,0.0,0.0,1.0,1.0,0.0
outer3,3,73,b974,120.0,240.0,0.0,0.0,0.0,0.0,0.0,1.0,1.0,0.0
outer3,3,73,b974,120.0,270.0,0.0,0.0,0.0,0.0,0.0,1.0,1.0,0.0
outer3,3,73,b974,120.0,300.0,0.0,0.0,0.0,0.0,0.0,1.0,1.0,0.0
outer3,3,73,b974,120.0,330.0,0.0,0.0,0.0,0.0,0.0,1.0,1.0,0.0
outer3,3,73,b974,150.0,0.0,0.0,0.0,0.0,0.0,0.0,1.0,1.0,0.0
outer3,3,73,b974,150.0,30.0,0.0,0.0,0.0,0.0,0.0,1.0,1.0,0.0
outer3,3,73,b974,150.0,60.0,0.0,0.0,0.0,0.0,0.0,1.0,1.0,0.0
outer3,3,73,b974,150.0,90.0,0.0,0.0,0.0,0.0,0.0,1.0,1.0,0.0
outer3,3,73,b974,150.0,120.0,0.0,0.0,0.0,0.0,0.0,1.0,1.0,0.0
outer3,3,73,b974,150.0,150.0,0.0,0.0,0.0,0.0,0.0,1.0,1.0,0.0
outer3,3,73,b974,150.0,180.0,0.0,0.0,0.0,0.0,0.0,1.0,1.0,0.0
outer3,3,73,b974,150.0,210.0,0.0,0.0,0.0,0.0,0.0,1.0,1.0,0.0
outer3,3,73,b974,150.0,240.0,0.0,0.0,0.0,0.0,0.0,1.0,1.0,0.0
outer3,3,73,b974,150.0,270.0,0.0,0.0,0.0,0.0,0.0,1.0,1.0,0.0
outer3,3,73,b974,150.0,300.0,0.0,0.0,0.0,0.0,0.0,1.0,1.0,0.0
outer3,3,73,b974,150.0,330.0,0.0,0.0,0.0,0.0,0.0,1.0,1.0,0.0
outer3,3,73,b97b,30.0,0.0,0.0,30.000001907348633,-30.000001907348633,-30.0,0.0,1.0,0.0,1.0
outer3,3,73,b97b,30.0,30.0,14.870942115783691,0.0,14.870942115783691,0.0,30.0,0.0,1.0,-1.0
outer3,3,73,b97b,30.0,60.0,0.0,0.0,0.0,0.0,0.0,1.0,1.0,0.0
outer3,3,73,b97b,30.0,90.0,0.0,0.0,0.0,0.0,0.0,1.0,1.0,0.0
outer3,3,73,b97b,30.0,120.0,0.0,0.0,0.0,0.0,0.0,1.0,1.0,0.0
outer3,3,73,b97b,30.0,150.0,0.0,0.0,0.0,0.0,0.0,1.0,1.0,0.0
outer3,3,73,b97b,30.0,180.0,30.000001907348633,30.000001907348633,0.0,0.0,0.0,0.0,0.0,0.0
outer3,3,73,b97b,30.0,210.0,14.870942115783691,0.0,14.870942115783691,0.0,30.0,0.0,1.0,-1.0
outer3,3,73,b97b,30.0,240.0,120.00000762939453,0.0,120.00000762939453,120.0,0.0,0.0,1.0,-1.0
outer3,3,73,b97b,30.0,270.0,0.0,0.0,0.0,0.0,0.0,1.0,1.0,0.0
outer3,3,73,b97b,30.0,300.0,0.0,0.0,0.0,0.0,0.0,1.0,1.0,0.0
outer3,3,73,b97b,30.0,330.0,0.0,0.0,0.0,0.0,0.0,1.0,1.0,0.0
outer3,3,73,b97b,60.0,0.0,0.0,120.00000762939453,-120.00000762939453,0.0,-180.0,1.0,0.0,1.0
outer3,3,73,b97b,60.0,30.0,0.0,0.0,0.0,0.0,0.0,1.0,1.0,0.0
outer3,3,73,b97b,60.0,60.0,0.0,0.0,0.0,0.0,0.0,1.0,1.0,0.0
outer3,3,73,b97b,60.0,90.0,30.000001907348633,0.0,30.000001907348633,30.0,0.0,0.0,1.0,-1.0
outer3,3,73,b97b,60.0,120.0,0.0,0.0,0.0,0.0,0.0,1.0,1.0,0.0
outer3,3,73,b97b,60.0,150.0,0.0,0.0,0.0,0.0,0.0,1.0,1.0,0.0
outer3,3,73,b97b,60.0,180.0,0.0,0.0,0.0,0.0,0.0,1.0,1.0,0.0
outer3,3,73,b97b,60.0,210.0,0.0,0.0,0.0,0.0,0.0,1.0,1.0,0.0
outer3,3,73,b97b,60.0,240.0,0.0,0.0,0.0,0.0,0.0,1.0,1.0,0.0
outer3,3,73,b97b,60.0,270.0,0.0,0.0,0.0,0.0,0.0,1.0,1.0,0.0
outer3,3,73,b97b,60.0,300.0,0.0,0.0,0.0,0.0,0.0,1.0,1.0,0.0
outer3,3,73,b97b,60.0,330.0,0.0,0.0,0.0,0.0,0.0,1.0,1.0,0.0
outer3,3,73,b97b,90.0,0.0,0.0,180.0,-180.0,0.0,-180.0,1.0,0.0,1.0
outer3,3,73,b97b,90.0,30.0,180.0,180.0,0.0,0.0,0.0,0.0,0.0,0.0
outer3,3,73,b97b,90.0,60.0,180.0,0.0,180.0,0.0,180.0,0.0,1.0,-1.0
outer3,3,73,b97b,90.0,90.0,180.0,0.0,180.0,0.0,180.0,0.0,1.0,-1.0
outer3,3,73,b97b,90.0,120.0,120.00000762939453,0.0,120.00000762939453,0.0,120.0,0.0,1.0,-1.0
outer3,3,73,b97b,90.0,150.0,0.0,0.0,0.0,0.0,0.0,1.0,1.0,0.0
outer3,3,73,b97b,90.0,180.0,180.0,0.0,180.0,0.0,180.0,0.0,1.0,-1.0
outer3,3,73,b97b,90.0,210.0,0.0,0.0,0.0,0.0,0.0,1.0,1.0,0.0
outer3,3,73,b97b,90.0,240.0,0.0,0.0,0.0,0.0,0.0,1.0,1.0,0.0
outer3,3,73,b97b,90.0,270.0,0.0,180.0,-180.0,0.0,-180.0,1.0,0.0,1.0
outer3,3,73,b97b,90.0,300.0,60.000003814697266,0.0,60.000003814697266,0.0,60.0,0.0,1.0,-1.0
outer3,3,73,b97b,90.0,330.0,180.0,60.00000762939453,119.99999237060547,0.0,120.0,0.0,0.0,0.0
outer3,3,73,b97b,120.0,0.0,0.0,120.00000762939453,-120.00000762939453,0.0,-180.0,1.0,0.0,1.0
outer3,3,73,b97b,120.0,30.0,0.0,0.0,0.0,0.0,0.0,1.0,1.0,0.0
outer3,3,73,b97b,120.0,60.0,0.0,0.0,0.0,0.0,0.0,1.0,1.0,0.0
outer3,3,73,b97b,120.0,90.0,0.0,0.0,0.0,0.0,0.0,1.0,1.0,0.0
outer3,3,73,b97b,120.0,120.0,0.0,29.99998664855957,-29.99998664855957,-30.0,0.0,1.0,0.0,1.0
outer3,3,73,b97b,120.0,150.0,0.0,0.0,0.0,0.0,0.0,1.0,1.0,0.0
outer3,3,73,b97b,120.0,180.0,0.0,0.0,0.0,0.0,0.0,1.0,1.0,0.0
outer3,3,73,b97b,120.0,210.0,82.81924438476562,0.0,82.81924438476562,60.0,60.0,0.0,1.0,-1.0
outer3,3,73,b97b,120.0,240.0,0.0,51.31781005859375,-51.31781005859375,0.0,-60.0,1.0,0.0,1.0
outer3,3,73,b97b,120.0,270.0,150.0,0.0,150.0,90.0,180.0,0.0,1.0,-1.0
outer3,3,73,b97b,120.0,300.0,0.0,0.0,0.0,0.0,0.0,1.0,1.0,0.0
outer3,3,73,b97b,120.0,330.0,0.0,0.0,0.0,0.0,0.0,1.0,1.0,0.0
outer3,3,73,b97b,150.0,0.0,29.99998664855957,29.99998664855957,0.0,0.0,0.0,0.0,0.0,0.0
outer3,3,73,b97b,150.0,30.0,14.870942115783691,0.0,14.870942115783691,0.0,30.0,0.0,1.0,-1.0
outer3,3,73,b97b,150.0,60.0,0.0,0.0,0.0,0.0,0.0,1.0,1.0,0.0
outer3,3,73,b97b,150.0,90.0,0.0,0.0,0.0,0.0,0.0,1.0,1.0,0.0
outer3,3,73,b97b,150.0,120.0,0.0,0.0,0.0,0.0,0.0,1.0,1.0,0.0
outer3,3,73,b97b,150.0,150.0,0.0,0.0,0.0,0.0,0.0,1.0,1.0,0.0
outer3,3,73,b97b,150.0,180.0,29.99998664855957,29.99998664855957,0.0,0.0,0.0,0.0,0.0,0.0
outer3,3,73,b97b,150.0,210.0,0.0,0.0,0.0,0.0,0.0,1.0,1.0,0.0
outer3,3,73,b97b,150.0,240.0,0.0,0.0,0.0,0.0,0.0,1.0,1.0,0.0
outer3,3,73,b97b,150.0,270.0,60.000003814697266,180.0,-119.99999618530273,-120.0,0.0,0.0,0.0,0.0
outer3,3,73,b97b,150.0,300.0,0.0,0.0,0.0,0.0,0.0,1.0,1.0,0.0
outer3,3,73,b97b,150.0,330.0,0.0,0.0,0.0,0.0,0.0,1.0,1.0,0.0
outer3,3,73,bc2c,30.0,0.0,30.000001907348633,30.000001907348633,0.0,0.0,0.0,0.0,0.0,0.0
outer3,3,73,bc2c,30.0,30.0,86.67425537109375,143.9022216796875,-57.22796630859375,-60.0,0.0,0.0,0.0,0.0
outer3,3,73,bc2c,30.0,60.0,0.0,0.0,0.0,0.0,0.0,1.0,1.0,0.0
outer3,3,73,bc2c,30.0,90.0,57.7581901550293,57.7581901550293,0.0,0.0,0.0,0.0,0.0,0.0
outer3,3,73,bc2c,30.0,120.0,86.67425537109375,86.67425537109375,0.0,0.0,0.0,0.0,0.0,0.0
outer3,3,73,bc2c,30.0,150.0,93.32575225830078,90.0,3.3257522583007812,0.0,30.0,0.0,0.0,0.0
outer3,3,73,bc2c,30.0,180.0,60.000003814697266,30.000001907348633,30.000001907348633,30.0,0.0,0.0,0.0,0.0
outer3,3,73,bc2c,30.0,210.0,57.7581901550293,60.000003814697266,-2.2418136596679688,0.0,-30.0,0.0,0.0,0.0
outer3,3,73,bc2c,30.0,240.0,0.0,0.0,0.0,0.0,0.0,1.0,1.0,0.0
outer3,3,73,bc2c,30.0,270.0,165.12905883789062,165.12905883789062,0.0,0.0,0.0,0.0,0.0,0.0
outer3,3,73,bc2c,30.0,300.0,90.0,64.34110260009766,25.658897399902344,0.0,60.0,0.0,0.0,0.0
outer3,3,73,bc2c,30.0,330.0,93.32575988769531,150.0,-56.67424011230469,0.0,-150.0,0.0,0.0,0.0
outer3,3,73,bc2c,60.0,0.0,0.0,0.0,0.0,0.0,0.0,1.0,1.0,0.0
outer3,3,73,bc2c,60.0,30.0,0.0,82.81924438476562,-82.81924438476562,-60.0,-60.0,1.0,0.0,1.0
outer3,3,73,bc2c,60.0,60.0,0.0,0.0,0.0,0.0,0.0,1.0,1.0,0.0
outer3,3,73,bc2c,60.0,90.0,113.54812622070312,120.00000762939453,-6.451881408691406,0.0,-30.0,0.0,0.0,0.0
outer3,3,73,bc2c,60.0,120.0,51.31781005859375,97.1807632446289,-45.862953186035156,0.0,-60.0,0.0,0.0,0.0
outer3,3,73,bc2c,60.0,150.0,0.0,0.0,0.0,0.0,0.0,1.0,1.0,0.0
outer3,3,73,bc2c,60.0,180.0,180.0,0.0,180.0,60.0,180.0,0.0,1.0,-1.0
outer3,3,73,bc2c,60.0,210.0,120.00000762939453,60.000003814697266,60.000003814697266,-60.0,180.0,0.0,0.0,0.0
outer3,3,73,bc2c,60.0,240.0,128.6822052001953,60.000003814697266,68.68220138549805,0.0,120.0,0.0,0.0,0.0
outer3,3,73,bc2c,60.0,270.0,113.54812622070312,180.0,-66.45187377929688,-60.0,-30.0,0.0,0.0,0.0
outer3,3,73,bc2c,60.0,300.0,128.68218994140625,128.68218994140625,0.0,0.0,0.0,0.0,0.0,0.0
outer3,3,73,bc2c,60.0,330.0,60.000003814697266,180.0,-119.99999618530273,0.0,-180.0,0.0,0.0,0.0
outer3,3,73,bc2c,90.0,0.0,30.000001907348633,180.0,-149.99999809265137,0.0,-150.0,0.0,0.0,0.0
outer3,3,73,bc2c,90.0,30.0,180.0,180.0,0.0,0.0,0.0,0.0,0.0,0.0
outer3,3,73,bc2c,90.0,60.0,180.0,119.99999237060547,60.00000762939453,0.0,60.0,0.0,0.0,0.0
outer3,3,73,bc2c,90.0,90.0,0.0,180.0,-180.0,0.0,-180.0,1.0,0.0,1.0
outer3,3,73,bc2c,90.0,120.0,150.0,180.0,-30.0,0.0,-30.0,0.0,0.0,0.0
outer3,3,73,bc2c,90.0,150.0,120.00000762939453,30.000001907348633,90.0000057220459,0.0,90.0,0.0,0.0,0.0
outer3,3,73,bc2c,90.0,180.0,150.0,0.0,150.0,0.0,150.0,0.0,1.0,-1.0
outer3,3,73,bc2c,90.0,210.0,150.0,150.0,0.0,0.0,0.0,0.0,0.0,0.0
outer3,3,73,bc2c,90.0,240.0,0.0,60.000003814697266,-60.000003814697266,0.0,-60.0,1.0,0.0,1.0
outer3,3,73,bc2c,90.0,270.0,180.0,0.0,180.0,0.0,180.0,0.0,1.0,-1.0
outer3,3,73,bc2c,90.0,300.0,60.000003814697266,0.0,60.000003814697266,0.0,60.0,0.0,1.0,-1.0
outer3,3,73,bc2c,90.0,330.0,30.00000762939453,150.0,-119.99999237060547,0.0,-120.0,0.0,0.0,0.0
outer3,3,73,bc2c,120.0,0.0,0.0,0.0,0.0,0.0,0.0,1.0,1.0,0.0
outer3,3,73,bc2c,120.0,30.0,0.0,51.31781005859375,-51.31781005859375,0.0,-60.0,1.0,0.0,1.0
outer3,3,73,bc2c,120.0,60.0,0.0,0.0,0.0,0.0,0.0,1.0,1.0,0.0
outer3,3,73,bc2c,120.0,90.0,120.00000762939453,120.00000762939453,0.0,0.0,0.0,0.0,0.0,0.0
outer3,3,73,bc2c,120.0,120.0,120.00000762939453,120.00000762939453,0.0,0.0,0.0,0.0,0.0,0.0
outer3,3,73,bc2c,120.0,150.0,82.81924438476562,60.000003814697266,22.81924057006836,0.0,60.0,0.0,0.0,0.0
outer3,3,73,bc2c,120.0,180.0,120.00000762939453,0.0,120.00000762939453,0.0,180.0,0.0,1.0,-1.0
outer3,3,73,bc2c,120.0,210.0,180.0,180.0,0.0,0.0,0.0,0.0,0.0,0.0
outer3,3,73,bc2c,120.0,240.0,97.18075561523438,60.000003814697266,37.18075180053711,-60.0,120.0,0.0,0.0,0.0
outer3,3,73,bc2c,120.0,270.0,180.0,180.0,0.0,0.0,0.0,0.0,0.0,0.0
outer3,3,73,bc2c,120.0,300.0,128.68218994140625,128.68218994140625,0.0,0.0,0.0,0.0,0.0,0.0
outer3,3,73,bc2c,120.0,330.0,0.0,120.00000762939453,-120.00000762939453,0.0,-180.0,1.0,0.0,1.0
outer3,3,73,bc2c,150.0,0.0,36.09777069091797,29.99998664855957,6.097784042358398,0.0,30.0,0.0,0.0,0.0
outer3,3,73,bc2c,150.0,30.0,102.50391387939453,150.0,-47.49608612060547,0.0,-120.0,0.0,0.0,0.0
outer3,3,73,bc2c,150.0,60.0,0.0,0.0,0.0,0.0,0.0,1.0,1.0,0.0
outer3,3,73,bc2c,150.0,90.0,180.0,57.7581901550293,122.2418098449707,120.0,30.0,0.0,0.0,0.0
outer3,3,73,bc2c,150.0,120.0,120.00000762939453,75.52249145507812,44.477516174316406,0.0,120.0,0.0,0.0,0.0
outer3,3,73,bc2c,150.0,150.0,29.99998664855957,36.09777069091797,-6.097784042358398,0.0,-30.0,0.0,0.0,0.0
outer3,3,73,bc2c,150.0,180.0,86.67424774169922,59.999996185302734,26.674251556396484,-30.0,150.0,0.0,0.0,0.0
outer3,3,73,bc2c,150.0,210.0,90.0,86.67425537109375,3.32574462890625,0.0,30.0,0.0,0.0,0.0
outer3,3,73,bc2c,150.0,240.0,151.04498291015625,120.00000762939453,31.04497528076172,0.0,120.0,0.0,0.0,0.0
outer3,3,73,bc2c,150.0,270.0,165.12905883789062,180.0,-14.870941162109375,0.0,-30.0,0.0,0.0,0.0
outer3,3,73,bc2c,150.0,300.0,138.59039306640625,77.49607849121094,61.09431457519531,90.0,-30.0,0.0,0.0,0.0
outer3,3,73,bc2c,150.0,330.0,130.50535583496094,36.0977783203125,94.40757751464844,60.0,90.0,0.0,0.0,0.0
outer3,3,74,b812,30.0,0.0,0.0,0.0,0.0,0.0,0.0,1.0,1.0,0.0
outer3,3,74,b812,30.0,30.0,0.0,0.0,0.0,0.0,0.0,1.0,1.0,0.0
outer3,3,74,b812,30.0,60.0,0.0,0.0,0.0,0.0,0.0,1.0,1.0,0.0
outer3,3,74,b812,30.0,90.0,0.0,0.0,0.0,0.0,0.0,1.0,1.0,0.0
outer3,3,74,b812,30.0,120.0,0.0,0.0,0.0,0.0,0.0,1.0,1.0,0.0
outer3,3,74,b812,30.0,150.0,0.0,0.0,0.0,0.0,0.0,1.0,1.0,0.0
outer3,3,74,b812,30.0,180.0,0.0,0.0,0.0,0.0,0.0,1.0,1.0,0.0
outer3,3,74,b812,30.0,210.0,0.0,0.0,0.0,0.0,0.0,1.0,1.0,0.0
outer3,3,74,b812,30.0,240.0,0.0,0.0,0.0,0.0,0.0,1.0,1.0,0.0
outer3,3,74,b812,30.0,270.0,0.0,0.0,0.0,0.0,0.0,1.0,1.0,0.0
outer3,3,74,b812,30.0,300.0,0.0,0.0,0.0,0.0,0.0,1.0,1.0,0.0
outer3,3,74,b812,30.0,330.0,0.0,0.0,0.0,0.0,0.0,1.0,1.0,0.0
outer3,3,74,b812,60.0,0.0,0.0,0.0,0.0,0.0,0.0,1.0,1.0,0.0
outer3,3,74,b812,60.0,30.0,120.00000762939453,0.0,120.00000762939453,0.0,180.0,0.0,1.0,-1.0
outer3,3,74,b812,60.0,60.0,0.0,0.0,0.0,0.0,0.0,1.0,1.0,0.0
outer3,3,74,b812,60.0,90.0,0.0,0.0,0.0,0.0,0.0,1.0,1.0,0.0
outer3,3,74,b812,60.0,120.0,0.0,0.0,0.0,0.0,0.0,1.0,1.0,0.0
outer3,3,74,b812,60.0,150.0,0.0,0.0,0.0,0.0,0.0,1.0,1.0,0.0
outer3,3,74,b812,60.0,180.0,0.0,0.0,0.0,0.0,0.0,1.0,1.0,0.0
outer3,3,74,b812,60.0,210.0,0.0,0.0,0.0,0.0,0.0,1.0,1.0,0.0
outer3,3,74,b812,60.0,240.0,0.0,0.0,0.0,0.0,0.0,1.0,1.0,0.0
outer3,3,74,b812,60.0,270.0,0.0,0.0,0.0,0.0,0.0,1.0,1.0,0.0
outer3,3,74,b812,60.0,300.0,0.0,0.0,0.0,0.0,0.0,1.0,1.0,0.0
outer3,3,74,b812,60.0,330.0,0.0,0.0,0.0,0.0,0.0,1.0,1.0,0.0
outer3,3,74,b812,90.0,0.0,180.0,180.0,0.0,0.0,0.0,0.0,0.0,0.0
outer3,3,74,b812,90.0,30.0,0.0,180.0,-180.0,0.0,-180.0,1.0,0.0,1.0
outer3,3,74,b812,90.0,60.0,0.0,180.0,-180.0,0.0,-180.0,1.0,0.0,1.0
outer3,3,74,b812,90.0,90.0,0.0,0.0,0.0,0.0,0.0,1.0,1.0,0.0
outer3,3,74,b812,90.0,120.0,180.0,120.00000762939453,59.99999237060547,0.0,60.0,0.0,0.0,0.0
outer3,3,74,b812,90.0,150.0,180.0,0.0,180.0,0.0,180.0,0.0,1.0,-1.0
outer3,3,74,b812,90.0,180.0,0.0,0.0,0.0,0.0,0.0,1.0,1.0,0.0
outer3,3,74,b812,90.0,210.0,0.0,0.0,0.0,0.0,0.0,1.0,1.0,0.0
outer3,3,74,b812,90.0,240.0,0.0,0.0,0.0,0.0,0.0,1.0,1.0,0.0
outer3,3,74,b812,90.0,270.0,0.0,0.0,0.0,0.0,0.0,1.0,1.0,0.0
outer3,3,74,b812,90.0,300.0,0.0,60.000003814697266,-60.000003814697266,0.0,-60.0,1.0,0.0,1.0
outer3,3,74,b812,90.0,330.0,0.0,180.0,-180.0,0.0,-180.0,1.0,0.0,1.0
outer3,3,74,b812,120.0,0.0,0.0,0.0,0.0,0.0,0.0,1.0,1.0,0.0
outer3,3,74,b812,120.0,30.0,0.0,0.0,0.0,0.0,0.0,1.0,1.0,0.0
outer3,3,74,b812,120.0,60.0,0.0,0.0,0.0,0.0,0.0,1.0,1.0,0.0
outer3,3,74,b812,120.0,90.0,0.0,0.0,0.0,0.0,0.0,1.0,1.0,0.0
outer3,3,74,b812,120.0,120.0,0.0,0.0,0.0,0.0,0.0,1.0,1.0,0.0
outer3,3,74,b812,120.0,150.0,0.0,0.0,0.0,0.0,0.0,1.0,1.0,0.0
outer3,3,74,b812,120.0,180.0,0.0,0.0,0.0,0.0,0.0,1.0,1.0,0.0
outer3,3,74,b812,120.0,210.0,0.0,0.0,0.0,0.0,0.0,1.0,1.0,0.0
outer3,3,74,b812,120.0,240.0,0.0,0.0,0.0,0.0,0.0,1.0,1.0,0.0
outer3,3,74,b812,120.0,270.0,0.0,0.0,0.0,0.0,0.0,1.0,1.0,0.0
outer3,3,74,b812,120.0,300.0,0.0,0.0,0.0,0.0,0.0,1.0,1.0,0.0
outer3,3,74,b812,120.0,330.0,0.0,0.0,0.0,0.0,0.0,1.0,1.0,0.0
outer3,3,74,b812,150.0,0.0,0.0,0.0,0.0,0.0,0.0,1.0,1.0,0.0
outer3,3,74,b812,150.0,30.0,0.0,0.0,0.0,0.0,0.0,1.0,1.0,0.0
outer3,3,74,b812,150.0,60.0,0.0,0.0,0.0,0.0,0.0,1.0,1.0,0.0
outer3,3,74,b812,150.0,90.0,0.0,0.0,0.0,0.0,0.0,1.0,1.0,0.0
outer3,3,74,b812,150.0,120.0,0.0,0.0,0.0,0.0,0.0,1.0,1.0,0.0
outer3,3,74,b812,150.0,150.0,0.0,0.0,0.0,0.0,0.0,1.0,1.0,0.0
outer3,3,74,b812,150.0,180.0,0.0,0.0,0.0,0.0,0.0,1.0,1.0,0.0
outer3,3,74,b812,150.0,210.0,0.0,0.0,0.0,0.0,0.0,1.0,1.0,0.0
outer3,3,74,b812,150.0,240.0,0.0,0.0,0.0,0.0,0.0,1.0,1.0,0.0
outer3,3,74,b812,150.0,270.0,0.0,0.0,0.0,0.0,0.0,1.0,1.0,0.0
outer3,3,74,b812,150.0,300.0,0.0,0.0,0.0,0.0,0.0,1.0,1.0,0.0
outer3,3,74,b812,150.0,330.0,0.0,0.0,0.0,0.0,0.0,1.0,1.0,0.0
outer3,3,74,b943,30.0,0.0,0.0,0.0,0.0,0.0,0.0,1.0,1.0,0.0
outer3,3,74,b943,30.0,30.0,0.0,0.0,0.0,0.0,0.0,1.0,1.0,0.0
outer3,3,74,b943,30.0,60.0,0.0,0.0,0.0,0.0,0.0,1.0,1.0,0.0
outer3,3,74,b943,30.0,90.0,0.0,0.0,0.0,0.0,0.0,1.0,1.0,0.0
outer3,3,74,b943,30.0,120.0,0.0,0.0,0.0,0.0,0.0,1.0,1.0,0.0
outer3,3,74,b943,30.0,150.0,0.0,0.0,0.0,0.0,0.0,1.0,1.0,0.0
outer3,3,74,b943,30.0,180.0,0.0,0.0,0.0,0.0,0.0,1.0,1.0,0.0
outer3,3,74,b943,30.0,210.0,0.0,0.0,0.0,0.0,0.0,1.0,1.0,0.0
outer3,3,74,b943,30.0,240.0,0.0,0.0,0.0,0.0,0.0,1.0,1.0,0.0
outer3,3,74,b943,30.0,270.0,0.0,0.0,0.0,0.0,0.0,1.0,1.0,0.0
outer3,3,74,b943,30.0,300.0,0.0,0.0,0.0,0.0,0.0,1.0,1.0,0.0
outer3,3,74,b943,30.0,330.0,0.0,0.0,0.0,0.0,0.0,1.0,1.0,0.0
outer3,3,74,b943,60.0,0.0,0.0,0.0,0.0,0.0,0.0,1.0,1.0,0.0
outer3,3,74,b943,60.0,30.0,0.0,0.0,0.0,0.0,0.0,1.0,1.0,0.0
outer3,3,74,b943,60.0,60.0,0.0,128.68218994140625,-128.68218994140625,-60.0,-120.0,1.0,0.0,1.0
outer3,3,74,b943,60.0,90.0,0.0,0.0,0.0,0.0,0.0,1.0,1.0,0.0
outer3,3,74,b943,60.0,120.0,0.0,0.0,0.0,0.0,0.0,1.0,1.0,0.0
outer3,3,74,b943,60.0,150.0,0.0,0.0,0.0,0.0,0.0,1.0,1.0,0.0
outer3,3,74,b943,60.0,180.0,0.0,0.0,0.0,0.0,0.0,1.0,1.0,0.0
outer3,3,74,b943,60.0,210.0,0.0,0.0,0.0,0.0,0.0,1.0,1.0,0.0
outer3,3,74,b943,60.0,240.0,0.0,97.1807632446289,-97.1807632446289,0.0,-120.0,1.0,0.0,1.0
outer3,3,74,b943,60.0,270.0,0.0,154.09490966796875,-154.09490966796875,-60.0,-150.0,1.0,0.0,1.0
outer3,3,74,b943,60.0,300.0,0.0,0.0,0.0,0.0,0.0,1.0,1.0,0.0
outer3,3,74,b943,60.0,330.0,0.0,0.0,0.0,0.0,0.0,1.0,1.0,0.0
outer3,3,74,b943,90.0,0.0,0.0,180.0,-180.0,0.0,-180.0,1.0,0.0,1.0
outer3,3,74,b943,90.0,30.0,0.0,180.0,-180.0,0.0,-180.0,1.0,0.0,1.0
outer3,3,74,b943,90.0,60.0,60.000003814697266,60.000003814697266,0.0,0.0,0.0,0.0,0.0,0.0
outer3,3,74,b943,90.0,90.0,0.0,180.0,-180.0,0.0,-180.0,1.0,0.0,1.0
outer3,3,74,b943,90.0,120.0,180.0,180.0,0.0,0.0,0.0,0.0,0.0,0.0
outer3,3,74,b943,90.0,150.0,120.00000762939453,60.000003814697266,60.000003814697266,0.0,60.0,0.0,0.0,0.0
outer3,3,74,b943,90.0,180.0,180.0,0.0,180.0,0.0,180.0,0.0,1.0,-1.0
outer3,3,74,b943,90.0,210.0,0.0,0.0,0.0,0.0,0.0,1.0,1.0,0.0
outer3,3,74,b943,90.0,240.0,60.000003814697266,60.000003814697266,0.0,0.0,0.0,0.0,0.0,0.0
outer3,3,74,b943,90.0,270.0,180.0,0.0,180.0,0.0,180.0,0.0,1.0,-1.0
outer3,3,74,b943,90.0,300.0,0.0,0.0,0.0,0.0,0.0,1.0,1.0,0.0
outer3,3,74,b943,90.0,330.0,60.00000762939453,120.00000762939453,-60.0,0.0,-60.0,0.0,0.0,0.0
outer3,3,74,b943,120.0,0.0,0.0,0.0,0.0,0.0,0.0,1.0,1.0,0.0
outer3,3,74,b943,120.0,30.0,0.0,0.0,0.0,0.0,0.0,1.0,1.0,0.0
outer3,3,74,b943,120.0,60.0,0.0,25.905075073242188,-25.905075073242188,0.0,-30.0,1.0,0.0,1.0
outer3,3,74,b943,120.0,90.0,0.0,0.0,0.0,0.0,0.0,1.0,1.0,0.0
outer3,3,74,b943,120.0,120.0,0.0,0.0,0.0,0.0,0.0,1.0,1.0,0.0
outer3,3,74,b943,120.0,150.0,0.0,0.0,0.0,0.0,0.0,1.0,1.0,0.0
outer3,3,74,b943,120.0,180.0,0.0,0.0,0.0,0.0,0.0,1.0,1.0,0.0
outer3,3,74,b943,120.0,210.0,82.81924438476562,82.81924438476562,0.0,0.0,0.0,0.0,0.0,0.0
outer3,3,74,b943,120.0,240.0,25.905075073242188,0.0,25.905075073242188,0.0,30.0,0.0,1.0,-1.0
outer3,3,74,b943,120.0,270.0,29.99998664855957,0.0,29.99998664855957,30.0,0.0,0.0,1.0,-1.0
outer3,3,74,b943,120.0,300.0,0.0,0.0,0.0,0.0,0.0,1.0,1.0,0.0
outer3,3,74,b943,120.0,330.0,0.0,0.0,0.0,0.0,0.0,1.0,1.0,0.0
outer3,3,74,b943,150.0,0.0,0.0,0.0,0.0,0.0,0.0,1.0,1.0,0.0
outer3,3,74,b943,150.0,30.0,0.0,0.0,0.0,0.0,0.0,1.0,1.0,0.0
outer3,3,74,b943,150.0,60.0,0.0,0.0,0.0,0.0,0.0,1.0,1.0,0.0
outer3,3,74,b943,150.0,90.0,0.0,0.0,0.0,0.0,0.0,1.0,1.0,0.0
outer3,3,74,b943,150.0,120.0,0.0,0.0,0.0,0.0,0.0,1.0,1.0,0.0
outer3,3,74,b943,150.0,150.0,0.0,0.0,0.0,0.0,0.0,1.0,1.0,0.0
outer3,3,74,b943,150.0,180.0,0.0,0.0,0.0,0.0,0.0,1.0,1.0,0.0
outer3,3,74,b943,150.0,210.0,0.0,0.0,0.0,0.0,0.0,1.0,1.0,0.0
outer3,3,74,b943,150.0,240.0,0.0,0.0,0.0,0.0,0.0,1.0,1.0,0.0
outer3,3,74,b943,150.0,270.0,0.0,0.0,0.0,0.0,0.0,1.0,1.0,0.0
outer3,3,74,b943,150.0,300.0,0.0,0.0,0.0,0.0,0.0,1.0,1.0,0.0
outer3,3,74,b943,150.0,330.0,0.0,0.0,0.0,0.0,0.0,1.0,1.0,0.0
outer3,3,74,b974,30.0,0.0,0.0,0.0,0.0,0.0,0.0,1.0,1.0,0.0
outer3,3,74,b974,30.0,30.0,0.0,0.0,0.0,0.0,0.0,1.0,1.0,0.0
outer3,3,74,b974,30.0,60.0,0.0,0.0,0.0,0.0,0.0,1.0,1.0,0.0
outer3,3,74,b974,30.0,90.0,0.0,0.0,0.0,0.0,0.0,1.0,1.0,0.0
outer3,3,74,b974,30.0,120.0,0.0,0.0,0.0,0.0,0.0,1.0,1.0,0.0
outer3,3,74,b974,30.0,150.0,0.0,0.0,0.0,0.0,0.0,1.0,1.0,0.0
outer3,3,74,b974,30.0,180.0,0.0,0.0,0.0,0.0,0.0,1.0,1.0,0.0
outer3,3,74,b974,30.0,210.0,0.0,0.0,0.0,0.0,0.0,1.0,1.0,0.0
outer3,3,74,b974,30.0,240.0,0.0,0.0,0.0,0.0,0.0,1.0,1.0,0.0
outer3,3,74,b974,30.0,270.0,0.0,0.0,0.0,0.0,0.0,1.0,1.0,0.0
outer3,3,74,b974,30.0,300.0,0.0,0.0,0.0,0.0,0.0,1.0,1.0,0.0
outer3,3,74,b974,30.0,330.0,0.0,0.0,0.0,0.0,0.0,1.0,1.0,0.0
outer3,3,74,b974,60.0,0.0,0.0,0.0,0.0,0.0,0.0,1.0,1.0,0.0
outer3,3,74,b974,60.0,30.0,0.0,0.0,0.0,0.0,0.0,1.0,1.0,0.0
outer3,3,74,b974,60.0,60.0,0.0,0.0,0.0,0.0,0.0,1.0,1.0,0.0
outer3,3,74,b974,60.0,90.0,0.0,0.0,0.0,0.0,0.0,1.0,1.0,0.0
outer3,3,74,b974,60.0,120.0,0.0,0.0,0.0,0.0,0.0,1.0,1.0,0.0
outer3,3,74,b974,60.0,150.0,0.0,0.0,0.0,0.0,0.0,1.0,1.0,0.0
outer3,3,74,b974,60.0,180.0,0.0,0.0,0.0,0.0,0.0,1.0,1.0,0.0
outer3,3,74,b974,60.0,210.0,0.0,0.0,0.0,0.0,0.0,1.0,1.0,0.0
outer3,3,74,b974,60.0,240.0,0.0,0.0,0.0,0.0,0.0,1.0,1.0,0.0
outer3,3,74,b974,60.0,270.0,0.0,0.0,0.0,0.0,0.0,1.0,1.0,0.0
outer3,3,74,b974,60.0,300.0,0.0,0.0,0.0,0.0,0.0,1.0,1.0,0.0
outer3,3,74,b974,60.0,330.0,0.0,0.0,0.0,0.0,0.0,1.0,1.0,0.0
outer3,3,74,b974,90.0,0.0,180.0,180.0,0.0,0.0,0.0,0.0,0.0,0.0
outer3,3,74,b974,90.0,30.0,180.0,180.0,0.0,0.0,0.0,0.0,0.0,0.0
outer3,3,74,b974,90.0,60.0,0.0,180.0,-180.0,0.0,-180.0,1.0,0.0,1.0
outer3,3,74,b974,90.0,90.0,180.0,0.0,180.0,0.0,180.0,0.0,1.0,-1.0
outer3,3,74,b974,90.0,120.0,0.0,180.0,-180.0,0.0,-180.0,1.0,0.0,1.0
outer3,3,74,b974,90.0,150.0,0.0,180.0,-180.0,0.0,-180.0,1.0,0.0,1.0
outer3,3,74,b974,90.0,180.0,0.0,0.0,0.0,0.0,0.0,1.0,1.0,0.0
outer3,3,74,b974,90.0,210.0,0.0,0.0,0.0,0.0,0.0,1.0,1.0,0.0
outer3,3,74,b974,90.0,240.0,180.0,0.0,180.0,0.0,180.0,0.0,1.0,-1.0
outer3,3,74,b974,90.0,270.0,0.0,0.0,0.0,0.0,0.0,1.0,1.0,0.0
outer3,3,74,b974,90.0,300.0,180.0,0.0,180.0,0.0,180.0,0.0,1.0,-1.0
outer3,3,74,b974,90.0,330.0,180.0,0.0,180.0,0.0,180.0,0.0,1.0,-1.0
outer3,3,74,b974,120.0,0.0,0.0,0.0,0.0,0.0,0.0,1.0,1.0,0.0
outer3,3,74,b974,120.0,30.0,0.0,0.0,0.0,0.0,0.0,1.0,1.0,0.0
outer3,3,74,b974,120.0,60.0,0.0,0.0,0.0,0.0,0.0,1.0,1.0,0.0
outer3,3,74,b974,120.0,90.0,0.0,0.0,0.0,0.0,0.0,1.0,1.0,0.0
outer3,3,74,b974,120.0,120.0,0.0,0.0,0.0,0.0,0.0,1.0,1.0,0.0
outer3,3,74,b974,120.0,150.0,0.0,0.0,0.0,0.0,0.0,1.0,1.0,0.0
outer3,3,74,b974,120.0,180.0,0.0,0.0,0.0,0.0,0.0,1.0,1.0,0.0
outer3,3,74,b974,120.0,210.0,0.0,0.0,0.0,0.0,0.0,1.0,1.0,0.0
outer3,3,74,b974,120.0,240.0,0.0,0.0,0.0,0.0,0.0,1.0,1.0,0.0
outer3,3,74,b974,120.0,270.0,0.0,0.0,0.0,0.0,0.0,1.0,1.0,0.0
outer3,3,74,b974,120.0,300.0,0.0,0.0,0.0,0.0,0.0,1.0,1.0,0.0
outer3,3,74,b974,120.0,330.0,0.0,0.0,0.0,0.0,0.0,1.0,1.0,0.0
outer3,3,74,b974,150.0,0.0,0.0,0.0,0.0,0.0,0.0,1.0,1.0,0.0
outer3,3,74,b974,150.0,30.0,0.0,0.0,0.0,0.0,0.0,1.0,1.0,0.0
outer3,3,74,b974,150.0,60.0,0.0,0.0,0.0,0.0,0.0,1.0,1.0,0.0
outer3,3,74,b974,150.0,90.0,0.0,0.0,0.0,0.0,0.0,1.0,1.0,0.0
outer3,3,74,b974,150.0,120.0,0.0,0.0,0.0,0.0,0.0,1.0,1.0,0.0
outer3,3,74,b974,150.0,150.0,0.0,0.0,0.0,0.0,0.0,1.0,1.0,0.0
outer3,3,74,b974,150.0,180.0,0.0,0.0,0.0,0.0,0.0,1.0,1.0,0.0
outer3,3,74,b974,150.0,210.0,0.0,0.0,0.0,0.0,0.0,1.0,1.0,0.0
outer3,3,74,b974,150.0,240.0,0.0,0.0,0.0,0.0,0.0,1.0,1.0,0.0
outer3,3,74,b974,150.0,270.0,0.0,0.0,0.0,0.0,0.0,1.0,1.0,0.0
outer3,3,74,b974,150.0,300.0,0.0,0.0,0.0,0.0,0.0,1.0,1.0,0.0
outer3,3,74,b974,150.0,330.0,0.0,0.0,0.0,0.0,0.0,1.0,1.0,0.0
outer3,3,74,b97b,30.0,0.0,60.000003814697266,90.0,-29.999996185302734,-30.0,0.0,0.0,0.0,0.0
outer3,3,74,b97b,30.0,30.0,0.0,14.870942115783691,-14.870942115783691,0.0,-30.0,1.0,0.0,1.0
outer3,3,74,b97b,30.0,60.0,0.0,0.0,0.0,0.0,0.0,1.0,1.0,0.0
outer3,3,74,b97b,30.0,90.0,0.0,0.0,0.0,0.0,0.0,1.0,1.0,0.0
outer3,3,74,b97b,30.0,120.0,0.0,0.0,0.0,0.0,0.0,1.0,1.0,0.0
outer3,3,74,b97b,30.0,150.0,0.0,60.000003814697266,-60.000003814697266,0.0,-180.0,1.0,0.0,1.0
outer3,3,74,b97b,30.0,180.0,0.0,30.000001907348633,-30.000001907348633,-30.0,0.0,1.0,0.0,1.0
outer3,3,74,b97b,30.0,210.0,14.870942115783691,0.0,14.870942115783691,0.0,30.0,0.0,1.0,-1.0
outer3,3,74,b97b,30.0,240.0,0.0,0.0,0.0,0.0,0.0,1.0,1.0,0.0
outer3,3,74,b97b,30.0,270.0,0.0,0.0,0.0,0.0,0.0,1.0,1.0,0.0
outer3,3,74,b97b,30.0,300.0,0.0,0.0,0.0,0.0,0.0,1.0,1.0,0.0
outer3,3,74,b97b,30.0,330.0,0.0,0.0,0.0,0.0,0.0,1.0,1.0,0.0
outer3,3,74,b97b,60.0,0.0,120.00000762939453,120.00000762939453,0.0,0.0,0.0,0.0,0.0,0.0
outer3,3,74,b97b,60.0,30.0,0.0,0.0,0.0,0.0,0.0,1.0,1.0,0.0
outer3,3,74,b97b,60.0,60.0,0.0,0.0,0.0,0.0,0.0,1.0,1.0,0.0
outer3,3,74,b97b,60.0,90.0,0.0,0.0,0.0,0.0,0.0,1.0,1.0,0.0
outer3,3,74,b97b,60.0,120.0,0.0,0.0,0.0,0.0,0.0,1.0,1.0,0.0
outer3,3,74,b97b,60.0,150.0,0.0,0.0,0.0,0.0,0.0,1.0,1.0,0.0
outer3,3,74,b97b,60.0,180.0,0.0,0.0,0.0,0.0,0.0,1.0,1.0,0.0
outer3,3,74,b97b,60.0,210.0,0.0,0.0,0.0,0.0,0.0,1.0,1.0,0.0
outer3,3,74,b97b,60.0,240.0,0.0,97.1807632446289,-97.1807632446289,0.0,-120.0,1.0,0.0,1.0
outer3,3,74,b97b,60.0,270.0,0.0,113.5481185913086,-113.5481185913086,0.0,-150.0,1.0,0.0,1.0
outer3,3,74,b97b,60.0,300.0,120.00000762939453,120.00000762939453,0.0,0.0,0.0,0.0,0.0,0.0
outer3,3,74,b97b,60.0,330.0,0.0,0.0,0.0,0.0,0.0,1.0,1.0,0.0
outer3,3,74,b97b,90.0,0.0,0.0,180.0,-180.0,0.0,-180.0,1.0,0.0,1.0
outer3,3,74,b97b,90.0,30.0,0.0,0.0,0.0,0.0,0.0,1.0,1.0,0.0
outer3,3,74,b97b,90.0,60.0,180.0,0.0,180.0,0.0,180.0,0.0,1.0,-1.0
outer3,3,74,b97b,90.0,90.0,0.0,0.0,0.0,0.0,0.0,1.0,1.0,0.0
outer3,3,74,b97b,90.0,120.0,120.00000762939453,60.000003814697266,60.000003814697266,0.0,60.0,0.0,0.0,0.0
outer3,3,74,b97b,90.0,150.0,120.00000762939453,60.000003814697266,60.000003814697266,0.0,60.0,0.0,0.0,0.0
outer3,3,74,b97b,90.0,180.0,180.0,0.0,180.0,0.0,180.0,0.0,1.0,-1.0
outer3,3,74,b97b,90.0,210.0,180.0,180.0,0.0,0.0,0.0,0.0,0.0,0.0
outer3,3,74,b97b,90.0,240.0,0.0,180.0,-180.0,0.0,-180.0,1.0,0.0,1.0
outer3,3,74,b97b,90.0,270.0,180.0,180.0,0.0,0.0,0.0,0.0,0.0,0.0
outer3,3,74,b97b,90.0,300.0,60.000003814697266,119.99999237060547,-59.9999885559082,0.0,-60.0,0.0,0.0,0.0
outer3,3,74,b97b,90.0,330.0,60.00000762939453,120.00000762939453,-60.0,0.0,-60.0,0.0,0.0,0.0
outer3,3,74,b97b,120.0,0.0,120.00000762939453,0.0,120.00000762939453,0.0,180.0,0.0,1.0,-1.0
outer3,3,74,b97b,120.0,30.0,0.0,120.00000762939453,-120.00000762939453,0.0,-180.0,1.0,0.0,1.0
outer3,3,74,b97b,120.0,60.0,0.0,25.905075073242188,-25.905075073242188,0.0,-30.0,1.0,0.0,1.0
outer3,3,74,b97b,120.0,90.0,0.0,25.905075073242188,-25.905075073242188,0.0,-30.0,1.0,0.0,1.0
outer3,3,74,b97b,120.0,120.0,0.0,0.0,0.0,0.0,0.0,1.0,1.0,0.0
outer3,3,74,b97b,120.0,150.0,0.0,0.0,0.0,0.0,0.0,1.0,1.0,0.0
outer3,3,74,b97b,120.0,180.0,29.99998664855957,120.00000762939453,-90.00002098083496,30.0,-180.0,0.0,0.0,0.0
outer3,3,74,b97b,120.0,210.0,82.81924438476562,82.81924438476562,0.0,0.0,0.0,0.0,0.0,0.0
outer3,3,74,b97b,120.0,240.0,25.905075073242188,0.0,25.905075073242188,0.0,30.0,0.0,1.0,-1.0
outer3,3,74,b97b,120.0,270.0,36.09777069091797,120.00000762939453,-83.90223693847656,30.0,-150.0,0.0,0.0,0.0
outer3,3,74,b97b,120.0,300.0,0.0,0.0,0.0,0.0,0.0,1.0,1.0,0.0
outer3,3,74,b97b,120.0,330.0,0.0,0.0,0.0,0.0,0.0,1.0,1.0,0.0
outer3,3,74,b97b,150.0,0.0,0.0,29.99998664855957,-29.99998664855957,-30.0,0.0,1.0,0.0,1.0
outer3,3,74,b97b,150.0,30.0,0.0,0.0,0.0,0.0,0.0,1.0,1.0,0.0
outer3,3,74,b97b,150.0,60.0,0.0,0.0,0.0,0.0,0.0,1.0,1.0,0.0
outer3,3,74,b97b,150.0,90.0,0.0,0.0,0.0,0.0,0.0,1.0,1.0,0.0
outer3,3,74,b97b,150.0,120.0,0.0,0.0,0.0,0.0,0.0,1.0,1.0,0.0
outer3,3,74,b97b,150.0,150.0,0.0,0.0,0.0,0.0,0.0,1.0,1.0,0.0
outer3,3,74,b97b,150.0,180.0,0.0,29.99998664855957,-29.99998664855957,-30.0,0.0,1.0,0.0,1.0
outer3,3,74,b97b,150.0,210.0,0.0,0.0,0.0,0.0,0.0,1.0,1.0,0.0
outer3,3,74,b97b,150.0,240.0,0.0,0.0,0.0,0.0,0.0,1.0,1.0,0.0
outer3,3,74,b97b,150.0,270.0,0.0,0.0,0.0,0.0,0.0,1.0,1.0,0.0
outer3,3,74,b97b,150.0,300.0,0.0,0.0,0.0,0.0,0.0,1.0,1.0,0.0
outer3,3,74,b97b,150.0,330.0,0.0,0.0,0.0,0.0,0.0,1.0,1.0,0.0
outer3,3,74,bc2c,30.0,0.0,77.49609375,30.000001907348633,47.49609184265137,0.0,120.0,0.0,0.0,0.0
outer3,3,74,bc2c,30.0,30.0,28.95502281188965,138.59039306640625,-109.6353702545166,-120.0,-30.0,0.0,0.0,0.0
outer3,3,74,bc2c,30.0,60.0,0.0,60.000003814697266,-60.000003814697266,0.0,-180.0,1.0,0.0,1.0
outer3,3,74,bc2c,30.0,90.0,60.000003814697266,14.870942115783691,45.129061698913574,0.0,150.0,0.0,0.0,0.0
outer3,3,74,bc2c,30.0,120.0,86.67425537109375,90.0,-3.32574462890625,0.0,-30.0,0.0,0.0,0.0
outer3,3,74,bc2c,30.0,150.0,143.9022216796875,49.494651794433594,94.4075698852539,60.0,90.0,0.0,0.0,0.0
outer3,3,74,bc2c,30.0,180.0,14.870942115783691,60.000003814697266,-45.129061698913574,-60.0,30.0,0.0,0.0,0.0
outer3,3,74,bc2c,30.0,210.0,60.000003814697266,60.000003814697266,0.0,0.0,0.0,0.0,0.0,0.0
outer3,3,74,bc2c,30.0,240.0,0.0,0.0,0.0,0.0,0.0,1.0,1.0,0.0
outer3,3,74,bc2c,30.0,270.0,165.12905883789062,165.12905883789062,0.0,0.0,0.0,0.0,0.0,0.0
outer3,3,74,bc2c,30.0,300.0,60.000003814697266,30.000001907348633,30.000001907348633,30.0,0.0,0.0,0.0,0.0
outer3,3,74,bc2c,30.0,330.0,143.9022216796875,93.32575988769531,50.57646179199219,0.0,120.0,0.0,0.0,0.0
outer3,3,74,bc2c,60.0,0.0,30.000001907348633,0.0,30.000001907348633,30.0,0.0,0.0,1.0,-1.0
outer3,3,74,bc2c,60.0,30.0,0.0,82.81924438476562,-82.81924438476562,-60.0,-60.0,1.0,0.0,1.0
outer3,3,74,bc2c,60.0,60.0,0.0,0.0,0.0,0.0,0.0,1.0,1.0,0.0
outer3,3,74,bc2c,60.0,90.0,120.00000762939453,113.5481185913086,6.4518890380859375,0.0,30.0,0.0,0.0,0.0
outer3,3,74,bc2c,60.0,120.0,113.54812622070312,120.00000762939453,-6.451881408691406,0.0,-30.0,0.0,0.0,0.0
outer3,3,74,bc2c,60.0,150.0,51.31781005859375,51.31781005859375,0.0,0.0,0.0,0.0,0.0,0.0
outer3,3,74,bc2c,60.0,180.0,120.00000762939453,29.999998092651367,90.00000953674316,-30.0,180.0,0.0,0.0,0.0
outer3,3,74,bc2c,60.0,210.0,82.81924438476562,60.000003814697266,22.81924057006836,0.0,60.0,0.0,0.0,0.0
outer3,3,74,bc2c,60.0,240.0,128.6822052001953,128.6822052001953,0.0,0.0,0.0,0.0,0.0,0.0
outer3,3,74,bc2c,60.0,270.0,180.0,113.5481185913086,66.4518814086914,60.0,30.0,0.0,0.0,0.0
outer3,3,74,bc2c,60.0,300.0,128.68218994140625,104.47750854492188,24.204681396484375,0.0,30.0,0.0,0.0,0.0
outer3,3,74,bc2c,60.0,330.0,180.0,180.0,0.0,0.0,0.0,0.0,0.0,0.0
outer3,3,74,bc2c,90.0,0.0,30.000001907348633,180.0,-149.99999809265137,0.0,-150.0,0.0,0.0,0.0
outer3,3,74,bc2c,90.0,30.0,90.0,0.0,90.0,0.0,90.0,0.0,1.0,-1.0
outer3,3,74,bc2c,90.0,60.0,180.0,0.0,180.0,0.0,180.0,0.0,1.0,-1.0
outer3,3,74,bc2c,90.0,90.0,180.0,0.0,180.0,0.0,180.0,0.0,1.0,-1.0
outer3,3,74,bc2c,90.0,120.0,150.0,120.00000762939453,29.99999237060547,0.0,30.0,0.0,0.0,0.0
outer3,3,74,bc2c,90.0,150.0,60.000003814697266,30.000001907348633,30.000001907348633,0.0,30.0,0.0,0.0,0.0
outer3,3,74,bc2c,90.0,180.0,150.0,0.0,150.0,0.0,150.0,0.0,1.0,-1.0
outer3,3,74,bc2c,90.0,210.0,0.0,180.0,-180.0,0.0,-180.0,1.0,0.0,1.0
outer3,3,74,bc2c,90.0,240.0,0.0,0.0,0.0,0.0,0.0,1.0,1.0,0.0
outer3,3,74,bc2c,90.0,270.0,0.0,180.0,-180.0,0.0,-180.0,1.0,0.0,1.0
outer3,3,74,bc2c,90.0,300.0,30.000001907348633,60.000003814697266,-30.000001907348633,0.0,-30.0,0.0,0.0,0.0
outer3,3,74,bc2c,90.0,330.0,120.00000762939453,150.0,-29.99999237060547,0.0,-30.0,0.0,0.0,0.0
outer3,3,74,bc2c,120.0,0.0,0.0,0.0,0.0,0.0,0.0,1.0,1.0,0.0
outer3,3,74,bc2c,120.0,30.0,51.31781005859375,0.0,51.31781005859375,0.0,60.0,0.0,1.0,-1.0
outer3,3,74,bc2c,120.0,60.0,0.0,25.905075073242188,-25.905075073242188,0.0,-30.0,1.0,0.0,1.0
outer3,3,74,bc2c,120.0,90.0,120.00000762939453,90.0,30.00000762939453,-30.0,0.0,0.0,0.0,0.0
outer3,3,74,bc2c,120.0,120.0,113.54811096191406,90.0,23.548110961914062,-30.0,60.0,0.0,0.0,0.0
outer3,3,74,bc2c,120.0,150.0,0.0,0.0,0.0,0.0,0.0,1.0,1.0,0.0
outer3,3,74,bc2c,120.0,180.0,51.31781005859375,0.0,51.31781005859375,0.0,60.0,0.0,1.0,-1.0
outer3,3,74,bc2c,120.0,210.0,180.0,97.18075561523438,82.81924438476562,60.0,60.0,0.0,0.0,0.0
outer3,3,74,bc2c,120.0,240.0,97.18075561523438,97.18075561523438,0.0,0.0,0.0,0.0,0.0,0.0
outer3,3,74,bc2c,120.0,270.0,150.0,150.0,0.0,0.0,0.0,0.0,0.0,0.0
outer3,3,74,bc2c,120.0,300.0,97.18075561523438,128.68218994140625,-31.501434326171875,-60.0,0.0,0.0,0.0,0.0
outer3,3,74,bc2c,120.0,330.0,120.00000762939453,120.00000762939453,0.0,0.0,0.0,0.0,0.0,0.0
outer3,3,74,bc2c,150.0,0.0,36.09777069091797,29.99998664855957,6.097784042358398,0.0,30.0,0.0,0.0,0.0
outer3,3,74,bc2c,150.0,30.0,36.09777069091797,122.24180603027344,-86.14403533935547,-90.0,0.0,0.0,0.0,0.0
outer3,3,74,bc2c,150.0,60.0,0.0,57.7581901550293,-57.7581901550293,0.0,-150.0,1.0,0.0,1.0
outer3,3,74,bc2c,150.0,90.0,180.0,57.7581901550293,122.2418098449707,120.0,30.0,0.0,0.0,0.0
outer3,3,74,bc2c,150.0,120.0,86.67425537109375,90.0,-3.32574462890625,-30.0,60.0,0.0,0.0,0.0
outer3,3,74,bc2c,150.0,150.0,90.0,36.09777069091797,53.90222930908203,60.0,-30.0,0.0,0.0,0.0
outer3,3,74,bc2c,150.0,180.0,86.67424774169922,29.99998664855957,56.67426109313965,0.0,150.0,0.0,0.0,0.0
outer3,3,74,bc2c,150.0,210.0,60.000003814697266,57.7581901550293,2.2418136596679688,0.0,30.0,0.0,0.0,0.0
outer3,3,74,bc2c,150.0,240.0,120.00000762939453,120.00000762939453,0.0,0.0,0.0,0.0,0.0,0.0
outer3,3,74,bc2c,150.0,270.0,180.0,180.0,0.0,0.0,0.0,0.0,0.0,0.0
outer3,3,74,bc2c,150.0,300.0,77.49607849121094,104.47750854492188,-26.981430053710938,-30.0,0.0,0.0,0.0,0.0
outer3,3,74,bc2c,150.0,330.0,143.9022216796875,29.99998664855957,113.90223503112793,60.0,150.0,0.0,0.0,0.0
outer3,3,75,b812,30.0,0.0,0.0,0.0,0.0,0.0,0.0,1.0,1.0,0.0
outer3,3,75,b812,30.0,30.0,0.0,0.0,0.0,0.0,0.0,1.0,1.0,0.0
outer3,3,75,b812,30.0,60.0,0.0,0.0,0.0,0.0,0.0,1.0,1.0,0.0
outer3,3,75,b812,30.0,90.0,0.0,0.0,0.0,0.0,0.0,1.0,1.0,0.0
outer3,3,75,b812,30.0,120.0,0.0,0.0,0.0,0.0,0.0,1.0,1.0,0.0
outer3,3,75,b812,30.0,150.0,0.0,0.0,0.0,0.0,0.0,1.0,1.0,0.0
outer3,3,75,b812,30.0,180.0,0.0,0.0,0.0,0.0,0.0,1.0,1.0,0.0
outer3,3,75,b812,30.0,210.0,0.0,0.0,0.0,0.0,0.0,1.0,1.0,0.0
outer3,3,75,b812,30.0,240.0,0.0,0.0,0.0,0.0,0.0,1.0,1.0,0.0
outer3,3,75,b812,30.0,270.0,0.0,0.0,0.0,0.0,0.0,1.0,1.0,0.0
outer3,3,75,b812,30.0,300.0,0.0,0.0,0.0,0.0,0.0,1.0,1.0,0.0
outer3,3,75,b812,30.0,330.0,0.0,0.0,0.0,0.0,0.0,1.0,1.0,0.0
outer3,3,75,b812,60.0,0.0,0.0,0.0,0.0,0.0,0.0,1.0,1.0,0.0
outer3,3,75,b812,60.0,30.0,0.0,0.0,0.0,0.0,0.0,1.0,1.0,0.0
outer3,3,75,b812,60.0,60.0,0.0,0.0,0.0,0.0,0.0,1.0,1.0,0.0
outer3,3,75,b812,60.0,90.0,0.0,0.0,0.0,0.0,0.0,1.0,1.0,0.0
outer3,3,75,b812,60.0,120.0,0.0,0.0,0.0,0.0,0.0,1.0,1.0,0.0
outer3,3,75,b812,60.0,150.0,0.0,0.0,0.0,0.0,0.0,1.0,1.0,0.0
outer3,3,75,b812,60.0,180.0,0.0,0.0,0.0,0.0,0.0,1.0,1.0,0.0
outer3,3,75,b812,60.0,210.0,0.0,0.0,0.0,0.0,0.0,1.0,1.0,0.0
outer3,3,75,b812,60.0,240.0,0.0,0.0,0.0,0.0,0.0,1.0,1.0,0.0
outer3,3,75,b812,60.0,270.0,0.0,0.0,0.0,0.0,0.0,1.0,1.0,0.0
outer3,3,75,b812,60.0,300.0,0.0,0.0,0.0,0.0,0.0,1.0,1.0,0.0
outer3,3,75,b812,60.0,330.0,0.0,0.0,0.0,0.0,0.0,1.0,1.0,0.0
outer3,3,75,b812,90.0,0.0,180.0,0.0,180.0,0.0,180.0,0.0,1.0,-1.0
outer3,3,75,b812,90.0,30.0,120.00000762939453,120.00000762939453,0.0,0.0,0.0,0.0,0.0,0.0
outer3,3,75,b812,90.0,60.0,0.0,0.0,0.0,0.0,0.0,1.0,1.0,0.0
outer3,3,75,b812,90.0,90.0,0.0,0.0,0.0,0.0,0.0,1.0,1.0,0.0
outer3,3,75,b812,90.0,120.0,0.0,180.0,-180.0,0.0,-180.0,1.0,0.0,1.0
outer3,3,75,b812,90.0,150.0,180.0,180.0,0.0,0.0,0.0,0.0,0.0,0.0
outer3,3,75,b812,90.0,180.0,0.0,180.0,-180.0,0.0,-180.0,1.0,0.0,1.0
outer3,3,75,b812,90.0,210.0,0.0,0.0,0.0,0.0,0.0,1.0,1.0,0.0
outer3,3,75,b812,90.0,240.0,0.0,0.0,0.0,0.0,0.0,1.0,1.0,0.0
outer3,3,75,b812,90.0,270.0,0.0,0.0,0.0,0.0,0.0,1.0,1.0,0.0
outer3,3,75,b812,90.0,300.0,0.0,0.0,0.0,0.0,0.0,1.0,1.0,0.0
outer3,3,75,b812,90.0,330.0,180.0,0.0,180.0,0.0,180.0,0.0,1.0,-1.0
outer3,3,75,b812,120.0,0.0,0.0,0.0,0.0,0.0,0.0,1.0,1.0,0.0
outer3,3,75,b812,120.0,30.0,0.0,0.0,0.0,0.0,0.0,1.0,1.0,0.0
outer3,3,75,b812,120.0,60.0,0.0,0.0,0.0,0.0,0.0,1.0,1.0,0.0
outer3,3,75,b812,120.0,90.0,0.0,0.0,0.0,0.0,0.0,1.0,1.0,0.0
outer3,3,75,b812,120.0,120.0,0.0,0.0,0.0,0.0,0.0,1.0,1.0,0.0
outer3,3,75,b812,120.0,150.0,0.0,0.0,0.0,0.0,0.0,1.0,1.0,0.0
outer3,3,75,b812,120.0,180.0,0.0,0.0,0.0,0.0,0.0,1.0,1.0,0.0
outer3,3,75,b812,120.0,210.0,0.0,0.0,0.0,0.0,0.0,1.0,1.0,0.0
outer3,3,75,b812,120.0,240.0,0.0,0.0,0.0,0.0,0.0,1.0,1.0,0.0
outer3,3,75,b812,120.0,270.0,0.0,0.0,0.0,0.0,0.0,1.0,1.0,0.0
outer3,3,75,b812,120.0,300.0,0.0,0.0,0.0,0.0,0.0,1.0,1.0,0.0
outer3,3,75,b812,120.0,330.0,0.0,0.0,0.0,0.0,0.0,1.0,1.0,0.0
outer3,3,75,b812,150.0,0.0,0.0,0.0,0.0,0.0,0.0,1.0,1.0,0.0
outer3,3,75,b812,150.0,30.0,0.0,0.0,0.0,0.0,0.0,1.0,1.0,0.0
outer3,3,75,b812,150.0,60.0,0.0,0.0,0.0,0.0,0.0,1.0,1.0,0.0
outer3,3,75,b812,150.0,90.0,0.0,0.0,0.0,0.0,0.0,1.0,1.0,0.0
outer3,3,75,b812,150.0,120.0,0.0,0.0,0.0,0.0,0.0,1.0,1.0,0.0
outer3,3,75,b812,150.0,150.0,0.0,0.0,0.0,0.0,0.0,1.0,1.0,0.0
outer3,3,75,b812,150.0,180.0,0.0,0.0,0.0,0.0,0.0,1.0,1.0,0.0
outer3,3,75,b812,150.0,210.0,0.0,0.0,0.0,0.0,0.0,1.0,1.0,0.0
outer3,3,75,b812,150.0,240.0,0.0,0.0,0.0,0.0,0.0,1.0,1.0,0.0
outer3,3,75,b812,150.0,270.0,0.0,0.0,0.0,0.0,0.0,1.0,1.0,0.0
outer3,3,75,b812,150.0,300.0,0.0,0.0,0.0,0.0,0.0,1.0,1.0,0.0
outer3,3,75,b812,150.0,330.0,0.0,0.0,0.0,0.0,0.0,1.0,1.0,0.0
outer3,3,75,b943,30.0,0.0,0.0,0.0,0.0,0.0,0.0,1.0,1.0,0.0
outer3,3,75,b943,30.0,30.0,0.0,0.0,0.0,0.0,0.0,1.0,1.0,0.0
outer3,3,75,b943,30.0,60.0,0.0,0.0,0.0,0.0,0.0,1.0,1.0,0.0
outer3,3,75,b943,30.0,90.0,0.0,0.0,0.0,0.0,0.0,1.0,1.0,0.0
outer3,3,75,b943,30.0,120.0,0.0,0.0,0.0,0.0,0.0,1.0,1.0,0.0
outer3,3,75,b943,30.0,150.0,0.0,0.0,0.0,0.0,0.0,1.0,1.0,0.0
outer3,3,75,b943,30.0,180.0,0.0,0.0,0.0,0.0,0.0,1.0,1.0,0.0
outer3,3,75,b943,30.0,210.0,0.0,0.0,0.0,0.0,0.0,1.0,1.0,0.0
outer3,3,75,b943,30.0,240.0,0.0,0.0,0.0,0.0,0.0,1.0,1.0,0.0
outer3,3,75,b943,30.0,270.0,0.0,0.0,0.0,0.0,0.0,1.0,1.0,0.0
outer3,3,75,b943,30.0,300.0,0.0,0.0,0.0,0.0,0.0,1.0,1.0,0.0
outer3,3,75,b943,30.0,330.0,0.0,0.0,0.0,0.0,0.0,1.0,1.0,0.0
outer3,3,75,b943,60.0,0.0,0.0,0.0,0.0,0.0,0.0,1.0,1.0,0.0
outer3,3,75,b943,60.0,30.0,0.0,0.0,0.0,0.0,0.0,1.0,1.0,0.0
outer3,3,75,b943,60.0,60.0,0.0,0.0,0.0,0.0,0.0,1.0,1.0,0.0
outer3,3,75,b943,60.0,90.0,0.0,0.0,0.0,0.0,0.0,1.0,1.0,0.0
outer3,3,75,b943,60.0,120.0,0.0,0.0,0.0,0.0,0.0,1.0,1.0,0.0
outer3,3,75,b943,60.0,150.0,0.0,0.0,0.0,0.0,0.0,1.0,1.0,0.0
outer3,3,75,b943,60.0,180.0,0.0,0.0,0.0,0.0,0.0,1.0,1.0,0.0
outer3,3,75,b943,60.0,210.0,0.0,0.0,0.0,0.0,0.0,1.0,1.0,0.0
outer3,3,75,b943,60.0,240.0,128.6822052001953,51.31781005859375,77.36439514160156,60.0,60.0,0.0,0.0,0.0
outer3,3,75,b943,60.0,270.0,0.0,0.0,0.0,0.0,0.0,1.0,1.0,0.0
outer3,3,75,b943,60.0,300.0,0.0,0.0,0.0,0.0,0.0,1.0,1.0,0.0
outer3,3,75,b943,60.0,330.0,0.0,0.0,0.0,0.0,0.0,1.0,1.0,0.0
outer3,3,75,b943,90.0,0.0,180.0,0.0,180.0,0.0,180.0,0.0,1.0,-1.0
outer3,3,75,b943,90.0,30.0,180.0,0.0,180.0,0.0,180.0,0.0,1.0,-1.0
outer3,3,75,b943,90.0,60.0,180.0,60.000003814697266,119.99999618530273,0.0,120.0,0.0,0.0,0.0
outer3,3,75,b943,90.0,90.0,180.0,0.0,180.0,0.0,180.0,0.0,1.0,-1.0
outer3,3,75,b943,90.0,120.0,120.00000762939453,180.0,-59.99999237060547,0.0,-60.0,0.0,0.0,0.0
outer3,3,75,b943,90.0,150.0,120.00000762939453,60.000003814697266,60.000003814697266,0.0,60.0,0.0,0.0,0.0
outer3,3,75,b943,90.0,180.0,0.0,0.0,0.0,0.0,0.0,1.0,1.0,0.0
outer3,3,75,b943,90.0,210.0,0.0,0.0,0.0,0.0,0.0,1.0,1.0,0.0
outer3,3,75,b943,90.0,240.0,60.000003814697266,60.000003814697266,0.0,0.0,0.0,0.0,0.0,0.0
outer3,3,75,b943,90.0,270.0,0.0,180.0,-180.0,0.0,-180.0,1.0,0.0,1.0
outer3,3,75,b943,90.0,300.0,60.000003814697266,0.0,60.000003814697266,0.0,60.0,0.0,1.0,-1.0
outer3,3,75,b943,90.0,330.0,60.00000762939453,60.00000762939453,0.0,0.0,0.0,0.0,0.0,0.0
outer3,3,75,b943,120.0,0.0,0.0,0.0,0.0,0.0,0.0,1.0,1.0,0.0
outer3,3,75,b943,120.0,30.0,0.0,0.0,0.0,0.0,0.0,1.0,1.0,0.0
outer3,3,75,b943,120.0,60.0,0.0,0.0,0.0,0.0,0.0,1.0,1.0,0.0
outer3,3,75,b943,120.0,90.0,0.0,0.0,0.0,0.0,0.0,1.0,1.0,0.0
outer3,3,75,b943,120.0,120.0,0.0,0.0,0.0,0.0,0.0,1.0,1.0,0.0
outer3,3,75,b943,120.0,150.0,0.0,0.0,0.0,0.0,0.0,1.0,1.0,0.0
outer3,3,75,b943,120.0,180.0,0.0,0.0,0.0,0.0,0.0,1.0,1.0,0.0
outer3,3,75,b943,120.0,210.0,66.45188903808594,66.45188903808594,0.0,0.0,0.0,0.0,0.0,0.0
outer3,3,75,b943,120.0,240.0,25.905075073242188,0.0,25.905075073242188,0.0,30.0,0.0,1.0,-1.0
outer3,3,75,b943,120.0,270.0,0.0,0.0,0.0,0.0,0.0,1.0,1.0,0.0
outer3,3,75,b943,120.0,300.0,0.0,0.0,0.0,0.0,0.0,1.0,1.0,0.0
outer3,3,75,b943,120.0,330.0,0.0,0.0,0.0,0.0,0.0,1.0,1.0,0.0
outer3,3,75,b943,150.0,0.0,0.0,0.0,0.0,0.0,0.0,1.0,1.0,0.0
outer3,3,75,b943,150.0,30.0,0.0,0.0,0.0,0.0,0.0,1.0,1.0,0.0
outer3,3,75,b943,150.0,60.0,0.0,0.0,0.0,0.0,0.0,1.0,1.0,0.0
outer3,3,75,b943,150.0,90.0,0.0,0.0,0.0,0.0,0.0,1.0,1.0,0.0
outer3,3,75,b943,150.0,120.0,0.0,0.0,0.0,0.0,0.0,1.0,1.0,0.0
outer3,3,75,b943,150.0,150.0,0.0,0.0,0.0,0.0,0.0,1.0,1.0,0.0
outer3,3,75,b943,150.0,180.0,0.0,0.0,0.0,0.0,0.0,1.0,1.0,0.0
outer3,3,75,b943,150.0,210.0,0.0,0.0,0.0,0.0,0.0,1.0,1.0,0.0
outer3,3,75,b943,150.0,240.0,0.0,0.0,0.0,0.0,0.0,1.0,1.0,0.0
outer3,3,75,b943,150.0,270.0,0.0,0.0,0.0,0.0,0.0,1.0,1.0,0.0
outer3,3,75,b943,150.0,300.0,0.0,0.0,0.0,0.0,0.0,1.0,1.0,0.0
outer3,3,75,b943,150.0,330.0,0.0,0.0,0.0,0.0,0.0,1.0,1.0,0.0
outer3,3,75,b974,30.0,0.0,0.0,0.0,0.0,0.0,0.0,1.0,1.0,0.0
outer3,3,75,b974,30.0,30.0,0.0,0.0,0.0,0.0,0.0,1.0,1.0,0.0
outer3,3,75,b974,30.0,60.0,0.0,0.0,0.0,0.0,0.0,1.0,1.0,0.0
outer3,3,75,b974,30.0,90.0,0.0,0.0,0.0,0.0,0.0,1.0,1.0,0.0
outer3,3,75,b974,30.0,120.0,0.0,0.0,0.0,0.0,0.0,1.0,1.0,0.0
outer3,3,75,b974,30.0,150.0,0.0,0.0,0.0,0.0,0.0,1.0,1.0,0.0
outer3,3,75,b974,30.0,180.0,0.0,0.0,0.0,0.0,0.0,1.0,1.0,0.0
outer3,3,75,b974,30.0,210.0,0.0,0.0,0.0,0.0,0.0,1.0,1.0,0.0
outer3,3,75,b974,30.0,240.0,0.0,0.0,0.0,0.0,0.0,1.0,1.0,0.0
outer3,3,75,b974,30.0,270.0,0.0,0.0,0.0,0.0,0.0,1.0,1.0,0.0
outer3,3,75,b974,30.0,300.0,0.0,0.0,0.0,0.0,0.0,1.0,1.0,0.0
outer3,3,75,b974,30.0,330.0,0.0,0.0,0.0,0.0,0.0,1.0,1.0,0.0
outer3,3,75,b974,60.0,0.0,0.0,0.0,0.0,0.0,0.0,1.0,1.0,0.0
outer3,3,75,b974,60.0,30.0,0.0,0.0,0.0,0.0,0.0,1.0,1.0,0.0
outer3,3,75,b974,60.0,60.0,0.0,0.0,0.0,0.0,0.0,1.0,1.0,0.0
outer3,3,75,b974,60.0,90.0,0.0,0.0,0.0,0.0,0.0,1.0,1.0,0.0
outer3,3,75,b974,60.0,120.0,0.0,0.0,0.0,0.0,0.0,1.0,1.0,0.0
outer3,3,75,b974,60.0,150.0,0.0,0.0,0.0,0.0,0.0,1.0,1.0,0.0
outer3,3,75,b974,60.0,180.0,0.0,0.0,0.0,0.0,0.0,1.0,1.0,0.0
outer3,3,75,b974,60.0,210.0,0.0,0.0,0.0,0.0,0.0,1.0,1.0,0.0
outer3,3,75,b974,60.0,240.0,0.0,0.0,0.0,0.0,0.0,1.0,1.0,0.0
outer3,3,75,b974,60.0,270.0,0.0,0.0,0.0,0.0,0.0,1.0,1.0,0.0
outer3,3,75,b974,60.0,300.0,0.0,0.0,0.0,0.0,0.0,1.0,1.0,0.0
outer3,3,75,b974,60.0,330.0,0.0,0.0,0.0,0.0,0.0,1.0,1.0,0.0
outer3,3,75,b974,90.0,0.0,180.0,180.0,0.0,0.0,0.0,0.0,0.0,0.0
outer3,3,75,b974,90.0,30.0,180.0,0.0,180.0,0.0,180.0,0.0,1.0,-1.0
outer3,3,75,b974,90.0,60.0,0.0,180.0,-180.0,0.0,-180.0,1.0,0.0,1.0
outer3,3,75,b974,90.0,90.0,0.0,180.0,-180.0,0.0,-180.0,1.0,0.0,1.0
outer3,3,75,b974,90.0,120.0,0.0,0.0,0.0,0.0,0.0,1.0,1.0,0.0
outer3,3,75,b974,90.0,150.0,0.0,0.0,0.0,0.0,0.0,1.0,1.0,0.0
outer3,3,75,b974,90.0,180.0,0.0,0.0,0.0,0.0,0.0,1.0,1.0,0.0
outer3,3,75,b974,90.0,210.0,0.0,0.0,0.0,0.0,0.0,1.0,1.0,0.0
outer3,3,75,b974,90.0,240.0,0.0,0.0,0.0,0.0,0.0,1.0,1.0,0.0
outer3,3,75,b974,90.0,270.0,180.0,0.0,180.0,0.0,180.0,0.0,1.0,-1.0
outer3,3,75,b974,90.0,300.0,0.0,0.0,0.0,0.0,0.0,1.0,1.0,0.0
outer3,3,75,b974,90.0,330.0,180.0,180.0,0.0,0.0,0.0,0.0,0.0,0.0
outer3,3,75,b974,120.0,0.0,0.0,0.0,0.0,0.0,0.0,1.0,1.0,0.0
outer3,3,75,b974,120.0,30.0,0.0,0.0,0.0,0.0,0.0,1.0,1.0,0.0
outer3,3,75,b974,120.0,60.0,0.0,0.0,0.0,0.0,0.0,1.0,1.0,0.0
outer3,3,75,b974,120.0,90.0,0.0,0.0,0.0,0.0,0.0,1.0,1.0,0.0
outer3,3,75,b974,120.0,120.0,0.0,0.0,0.0,0.0,0.0,1.0,1.0,0.0
outer3,3,75,b974,120.0,150.0,0.0,0.0,0.0,0.0,0.0,1.0,1.0,0.0
outer3,3,75,b974,120.0,180.0,0.0,0.0,0.0,0.0,0.0,1.0,1.0,0.0
outer3,3,75,b974,120.0,210.0,0.0,0.0,0.0,0.0,0.0,1.0,1.0,0.0
outer3,3,75,b974,120.0,240.0,0.0,0.0,0.0,0.0,0.0,1.0,1.0,0.0
outer3,3,75,b974,120.0,270.0,0.0,0.0,0.0,0.0,0.0,1.0,1.0,0.0
outer3,3,75,b974,120.0,300.0,0.0,0.0,0.0,0.0,0.0,1.0,1.0,0.0
outer3,3,75,b974,120.0,330.0,0.0,0.0,0.0,0.0,0.0,1.0,1.0,0.0
outer3,3,75,b974,150.0,0.0,0.0,0.0,0.0,0.0,0.0,1.0,1.0,0.0
outer3,3,75,b974,150.0,30.0,0.0,0.0,0.0,0.0,0.0,1.0,1.0,0.0
outer3,3,75,b974,150.0,60.0,0.0,0.0,0.0,0.0,0.0,1.0,1.0,0.0
outer3,3,75,b974,150.0,90.0,0.0,0.0,0.0,0.0,0.0,1.0,1.0,0.0
outer3,3,75,b974,150.0,120.0,0.0,0.0,0.0,0.0,0.0,1.0,1.0,0.0
outer3,3,75,b974,150.0,150.0,0.0,0.0,0.0,0.0,0.0,1.0,1.0,0.0
outer3,3,75,b974,150.0,180.0,0.0,0.0,0.0,0.0,0.0,1.0,1.0,0.0
outer3,3,75,b974,150.0,210.0,0.0,0.0,0.0,0.0,0.0,1.0,1.0,0.0
outer3,3,75,b974,150.0,240.0,0.0,0.0,0.0,0.0,0.0,1.0,1.0,0.0
outer3,3,75,b974,150.0,270.0,0.0,0.0,0.0,0.0,0.0,1.0,1.0,0.0
outer3,3,75,b974,150.0,300.0,0.0,0.0,0.0,0.0,0.0,1.0,1.0,0.0
outer3,3,75,b974,150.0,330.0,0.0,0.0,0.0,0.0,0.0,1.0,1.0,0.0
outer3,3,75,b97b,30.0,0.0,90.0,90.0,0.0,0.0,0.0,0.0,0.0,0.0
outer3,3,75,b97b,30.0,30.0,0.0,0.0,0.0,0.0,0.0,1.0,1.0,0.0
outer3,3,75,b97b,30.0,60.0,0.0,0.0,0.0,0.0,0.0,1.0,1.0,0.0
outer3,3,75,b97b,30.0,90.0,0.0,0.0,0.0,0.0,0.0,1.0,1.0,0.0
outer3,3,75,b97b,30.0,120.0,0.0,0.0,0.0,0.0,0.0,1.0,1.0,0.0
outer3,3,75,b97b,30.0,150.0,14.870942115783691,60.000003814697266,-45.129061698913574,0.0,-150.0,0.0,0.0,0.0
outer3,3,75,b97b,30.0,180.0,90.0,30.000001907348633,59.99999809265137,60.0,0.0,0.0,0.0,0.0
outer3,3,75,b97b,30.0,210.0,14.870942115783691,0.0,14.870942115783691,0.0,30.0,0.0,1.0,-1.0
outer3,3,75,b97b,30.0,240.0,165.12905883789062,0.0,165.12905883789062,120.0,150.0,0.0,1.0,-1.0
outer3,3,75,b97b,30.0,270.0,0.0,0.0,0.0,0.0,0.0,1.0,1.0,0.0
outer3,3,75,b97b,30.0,300.0,0.0,0.0,0.0,0.0,0.0,1.0,1.0,0.0
outer3,3,75,b97b,30.0,330.0,0.0,0.0,0.0,0.0,0.0,1.0,1.0,0.0
outer3,3,75,b97b,60.0,0.0,120.00000762939453,120.00000762939453,0.0,0.0,0.0,0.0,0.0,0.0
outer3,3,75,b97b,60.0,30.0,0.0,0.0,0.0,0.0,0.0,1.0,1.0,0.0
outer3,3,75,b97b,60.0,60.0,0.0,0.0,0.0,0.0,0.0,1.0,1.0,0.0
outer3,3,75,b97b,60.0,90.0,0.0,0.0,0.0,0.0,0.0,1.0,1.0,0.0
outer3,3,75,b97b,60.0,120.0,0.0,0.0,0.0,0.0,0.0,1.0,1.0,0.0
outer3,3,75,b97b,60.0,150.0,0.0,0.0,0.0,0.0,0.0,1.0,1.0,0.0
outer3,3,75,b97b,60.0,180.0,0.0,0.0,0.0,0.0,0.0,1.0,1.0,0.0
outer3,3,75,b97b,60.0,210.0,0.0,0.0,0.0,0.0,0.0,1.0,1.0,0.0
outer3,3,75,b97b,60.0,240.0,128.6822052001953,51.31781005859375,77.36439514160156,60.0,60.0,0.0,0.0,0.0
outer3,3,75,b97b,60.0,270.0,60.000003814697266,0.0,60.000003814697266,60.0,0.0,0.0,1.0,-1.0
outer3,3,75,b97b,60.0,300.0,0.0,0.0,0.0,0.0,0.0,1.0,1.0,0.0
outer3,3,75,b97b,60.0,330.0,0.0,0.0,0.0,0.0,0.0,1.0,1.0,0.0
outer3,3,75,b97b,90.0,0.0,180.0,180.0,0.0,0.0,0.0,0.0,0.0,0.0
outer3,3,75,b97b,90.0,30.0,0.0,0.0,0.0,0.0,0.0,1.0,1.0,0.0
outer3,3,75,b97b,90.0,60.0,180.0,180.0,0.0,0.0,0.0,0.0,0.0,0.0
outer3,3,75,b97b,90.0,90.0,180.0,180.0,0.0,0.0,0.0,0.0,0.0,0.0
outer3,3,75,b97b,90.0,120.0,120.00000762939453,120.00000762939453,0.0,0.0,0.0,0.0,0.0,0.0
outer3,3,75,b97b,90.0,150.0,0.0,120.00000762939453,-120.00000762939453,0.0,-120.0,1.0,0.0,1.0
outer3,3,75,b97b,90.0,180.0,0.0,0.0,0.0,0.0,0.0,1.0,1.0,0.0
outer3,3,75,b97b,90.0,210.0,180.0,180.0,0.0,0.0,0.0,0.0,0.0,0.0
outer3,3,75,b97b,90.0,240.0,0.0,0.0,0.0,0.0,0.0,1.0,1.0,0.0
outer3,3,75,b97b,90.0,270.0,0.0,0.0,0.0,0.0,0.0,1.0,1.0,0.0
outer3,3,75,b97b,90.0,300.0,60.000003814697266,60.000003814697266,0.0,0.0,0.0,0.0,0.0,0.0
outer3,3,75,b97b,90.0,330.0,180.0,60.00000762939453,119.99999237060547,0.0,120.0,0.0,0.0,0.0
outer3,3,75,b97b,120.0,0.0,0.0,0.0,0.0,0.0,0.0,1.0,1.0,0.0
outer3,3,75,b97b,120.0,30.0,0.0,0.0,0.0,0.0,0.0,1.0,1.0,0.0
outer3,3,75,b97b,120.0,60.0,0.0,0.0,0.0,0.0,0.0,1.0,1.0,0.0
outer3,3,75,b97b,120.0,90.0,0.0,0.0,0.0,0.0,0.0,1.0,1.0,0.0
outer3,3,75,b97b,120.0,120.0,0.0,0.0,0.0,0.0,0.0,1.0,1.0,0.0
outer3,3,75,b97b,120.0,150.0,0.0,0.0,0.0,0.0,0.0,1.0,1.0,0.0
outer3,3,75,b97b,120.0,180.0,0.0,0.0,0.0,0.0,0.0,1.0,1.0,0.0
outer3,3,75,b97b,120.0,210.0,66.45188903808594,66.45188903808594,0.0,0.0,0.0,0.0,0.0,0.0
outer3,3,75,b97b,120.0,240.0,25.905075073242188,0.0,25.905075073242188,0.0,30.0,0.0,1.0,-1.0
outer3,3,75,b97b,120.0,270.0,0.0,0.0,0.0,0.0,0.0,1.0,1.0,0.0
outer3,3,75,b97b,120.0,300.0,0.0,0.0,0.0,0.0,0.0,1.0,1.0,0.0
outer3,3,75,b97b,120.0,330.0,0.0,0.0,0.0,0.0,0.0,1.0,1.0,0.0
outer3,3,75,b97b,150.0,0.0,29.99998664855957,29.99998664855957,0.0,0.0,0.0,0.0,0.0,0.0
outer3,3,75,b97b,150.0,30.0,0.0,0.0,0.0,0.0,0.0,1.0,1.0,0.0
outer3,3,75,b97b,150.0,60.0,0.0,0.0,0.0,0.0,0.0,1.0,1.0,0.0
outer3,3,75,b97b,150.0,90.0,0.0,0.0,0.0,0.0,0.0,1.0,1.0,0.0
outer3,3,75,b97b,150.0,120.0,0.0,0.0,0.0,0.0,0.0,1.0,1.0,0.0
outer3,3,75,b97b,150.0,150.0,0.0,0.0,0.0,0.0,0.0,1.0,1.0,0.0
outer3,3,75,b97b,150.0,180.0,29.99998664855957,29.99998664855957,0.0,0.0,0.0,0.0,0.0,0.0
outer3,3,75,b97b,150.0,210.0,0.0,0.0,0.0,0.0,0.0,1.0,1.0,0.0
outer3,3,75,b97b,150.0,240.0,0.0,0.0,0.0,0.0,0.0,1.0,1.0,0.0
outer3,3,75,b97b,150.0,270.0,0.0,0.0,0.0,0.0,0.0,1.0,1.0,0.0
outer3,3,75,b97b,150.0,300.0,0.0,0.0,0.0,0.0,0.0,1.0,1.0,0.0
outer3,3,75,b97b,150.0,330.0,0.0,0.0,0.0,0.0,0.0,1.0,1.0,0.0
outer3,3,75,bc2c,30.0,0.0,30.000001907348633,60.000003814697266,-30.000001907348633,-30.0,0.0,0.0,0.0,0.0
outer3,3,75,bc2c,30.0,30.0,90.0,102.50392150878906,-12.503921508789062,0.0,-60.0,0.0,0.0,0.0
outer3,3,75,bc2c,30.0,60.0,0.0,0.0,0.0,0.0,0.0,1.0,1.0,0.0
outer3,3,75,bc2c,30.0,90.0,57.7581901550293,57.7581901550293,0.0,0.0,0.0,0.0,0.0,0.0
outer3,3,75,bc2c,30.0,120.0,86.67425537109375,115.6589126586914,-28.984657287597656,-30.0,0.0,0.0,0.0,0.0
outer3,3,75,bc2c,30.0,150.0,36.097782135009766,90.0,-53.902217864990234,0.0,-150.0,0.0,0.0,0.0
outer3,3,75,bc2c,30.0,180.0,90.0,60.000003814697266,29.999996185302734,-30.0,180.0,0.0,0.0,0.0
outer3,3,75,bc2c,30.0,210.0,57.7581901550293,60.000003814697266,-2.2418136596679688,0.0,-30.0,0.0,0.0,0.0
outer3,3,75,bc2c,30.0,240.0,120.00000762939453,0.0,120.00000762939453,120.0,0.0,0.0,1.0,-1.0
outer3,3,75,bc2c,30.0,270.0,165.12905883789062,165.12905883789062,0.0,0.0,0.0,0.0,0.0,0.0
outer3,3,75,bc2c,30.0,300.0,64.34110260009766,64.34110260009766,0.0,0.0,0.0,0.0,0.0,0.0
outer3,3,75,bc2c,30.0,330.0,150.0,86.67425537109375,63.32574462890625,60.0,30.0,0.0,0.0,0.0
outer3,3,75,bc2c,60.0,0.0,0.0,0.0,0.0,0.0,0.0,1.0,1.0,0.0
outer3,3,75,bc2c,60.0,30.0,0.0,0.0,0.0,0.0,0.0,1.0,1.0,0.0
outer3,3,75,bc2c,60.0,60.0,0.0,25.905075073242188,-25.905075073242188,0.0,-30.0,1.0,0.0,1.0
outer3,3,75,bc2c,60.0,90.0,120.00000762939453,120.00000762939453,0.0,0.0,0.0,0.0,0.0,0.0
outer3,3,75,bc2c,60.0,120.0,113.54812622070312,25.905075073242188,87.64305114746094,0.0,120.0,0.0,0.0,0.0
outer3,3,75,bc2c,60.0,150.0,0.0,25.905075073242188,-25.905075073242188,0.0,-30.0,1.0,0.0,1.0
outer3,3,75,bc2c,60.0,180.0,120.00000762939453,0.0,120.00000762939453,0.0,180.0,0.0,1.0,-1.0
outer3,3,75,bc2c,60.0,210.0,120.00000762939453,97.1807632446289,22.819244384765625,0.0,60.0,0.0,0.0,0.0
outer3,3,75,bc2c,60.0,240.0,60.000003814697266,60.000003814697266,0.0,0.0,0.0,0.0,0.0,0.0
outer3,3,75,bc2c,60.0,270.0,180.0,150.0,30.0,-30.0,0.0,0.0,0.0,0.0
outer3,3,75,bc2c,60.0,300.0,128.68218994140625,128.68218994140625,0.0,0.0,0.0,0.0,0.0,0.0
outer3,3,75,bc2c,60.0,330.0,180.0,97.1807632446289,82.8192367553711,60.0,60.0,0.0,0.0,0.0
outer3,3,75,bc2c,90.0,0.0,0.0,180.0,-180.0,0.0,-180.0,1.0,0.0,1.0
outer3,3,75,bc2c,90.0,30.0,30.000001907348633,180.0,-149.99999809265137,0.0,-150.0,0.0,0.0,0.0
outer3,3,75,bc2c,90.0,60.0,180.0,180.0,0.0,0.0,0.0,0.0,0.0,0.0
outer3,3,75,bc2c,90.0,90.0,180.0,180.0,0.0,0.0,0.0,0.0,0.0,0.0
outer3,3,75,bc2c,90.0,120.0,180.0,120.00000762939453,59.99999237060547,0.0,60.0,0.0,0.0,0.0
outer3,3,75,bc2c,90.0,150.0,150.0,150.0,0.0,0.0,0.0,0.0,0.0,0.0
outer3,3,75,bc2c,90.0,180.0,180.0,0.0,180.0,0.0,180.0,0.0,1.0,-1.0
outer3,3,75,bc2c,90.0,210.0,150.0,150.0,0.0,0.0,0.0,0.0,0.0,0.0
outer3,3,75,bc2c,90.0,240.0,0.0,0.0,0.0,0.0,0.0,1.0,1.0,0.0
outer3,3,75,bc2c,90.0,270.0,180.0,0.0,180.0,0.0,180.0,0.0,1.0,-1.0
outer3,3,75,bc2c,90.0,300.0,0.0,60.000003814697266,-60.000003814697266,0.0,-60.0,1.0,0.0,1.0
outer3,3,75,bc2c,90.0,330.0,30.00000762939453,150.0,-119.99999237060547,0.0,-120.0,0.0,0.0,0.0
outer3,3,75,bc2c,120.0,0.0,0.0,0.0,0.0,0.0,0.0,1.0,1.0,0.0
outer3,3,75,bc2c,120.0,30.0,82.81924438476562,82.81924438476562,0.0,0.0,0.0,0.0,0.0,0.0
outer3,3,75,bc2c,120.0,60.0,0.0,0.0,0.0,0.0,0.0,1.0,1.0,0.0
outer3,3,75,bc2c,120.0,90.0,113.54811096191406,90.0,23.548110961914062,-30.0,-30.0,0.0,0.0,0.0
outer3,3,75,bc2c,120.0,120.0,113.54811096191406,120.00000762939453,-6.451896667480469,0.0,-30.0,0.0,0.0,0.0
outer3,3,75,bc2c,120.0,150.0,0.0,82.81924438476562,-82.81924438476562,-60.0,-60.0,1.0,0.0,1.0
outer3,3,75,bc2c,120.0,180.0,180.0,0.0,180.0,60.0,180.0,0.0,1.0,-1.0
outer3,3,75,bc2c,120.0,210.0,60.000003814697266,120.00000762939453,-60.000003814697266,60.0,-180.0,0.0,0.0,0.0
outer3,3,75,bc2c,120.0,240.0,97.18075561523438,128.6822052001953,-31.501449584960938,-60.0,0.0,0.0,0.0,0.0
outer3,3,75,bc2c,120.0,270.0,180.0,180.0,0.0,0.0,0.0,0.0,0.0,0.0
outer3,3,75,bc2c,120.0,300.0,128.68218994140625,128.68218994140625,0.0,0.0,0.0,0.0,0.0,0.0
outer3,3,75,bc2c,120.0,330.0,154.09490966796875,97.18075561523438,56.914154052734375,60.0,30.0,0.0,0.0,0.0
outer3,3,75,bc2c,150.0,0.0,29.99998664855957,59.999996185302734,-30.000009536743164,-30.0,0.0,0.0,0.0,0.0
outer3,3,75,bc2c,150.0,30.0,0.0,115.65889739990234,-115.65889739990234,-90.0,-90.0,1.0,0.0,1.0
outer3,3,75,bc2c,150.0,60.0,0.0,0.0,0.0,0.0,0.0,1.0,1.0,0.0
outer3,3,75,bc2c,150.0,90.0,165.12905883789062,57.7581901550293,107.37086868286133,120.0,0.0,0.0,0.0,0.0
outer3,3,75,bc2c,150.0,120.0,86.67424774169922,90.0,-3.3257522583007812,0.0,-30.0,0.0,0.0,0.0
outer3,3,75,bc2c,150.0,150.0,29.99998664855957,49.49464416503906,-19.494657516479492,0.0,-60.0,0.0,0.0,0.0
outer3,3,75,bc2c,150.0,180.0,90.0,59.999996185302734,30.000003814697266,-30.0,180.0,0.0,0.0,0.0
outer3,3,75,bc2c,150.0,210.0,60.000003814697266,115.6589126586914,-55.65890884399414,-60.0,30.0,0.0,0.0,0.0
outer3,3,75,bc2c,150.0,240.0,120.00000762939453,120.00000762939453,0.0,0.0,0.0,0.0,0.0,0.0
outer3,3,75,bc2c,150.0,270.0,165.12905883789062,165.12905883789062,0.0,0.0,0.0,0.0,0.0,0.0
outer3,3,75,bc2c,150.0,300.0,36.09777069091797,130.50535583496094,-94.40758514404297,-60.0,-90.0,0.0,0.0,0.0
outer3,3,75,bc2c,150.0,330.0,29.99998664855957,49.49464416503906,-19.494657516479492,0.0,-60.0,0.0,0.0,0.0
outer3,3,76,b812,30.0,0.0,0.0,0.0,0.0,0.0,0.0,1.0,1.0,0.0
outer3,3,76,b812,30.0,30.0,0.0,0.0,0.0,0.0,0.0,1.0,1.0,0.0
outer3,3,76,b812,30.0,60.0,0.0,0.0,0.0,0.0,0.0,1.0,1.0,0.0
outer3,3,76,b812,30.0,90.0,0.0,0.0,0.0,0.0,0.0,1.0,1.0,0.0
outer3,3,76,b812,30.0,120.0,0.0,0.0,0.0,0.0,0.0,1.0,1.0,0.0
outer3,3,76,b812,30.0,150.0,0.0,0.0,0.0,0.0,0.0,1.0,1.0,0.0
outer3,3,76,b812,30.0,180.0,0.0,0.0,0.0,0.0,0.0,1.0,1.0,0.0
outer3,3,76,b812,30.0,210.0,0.0,0.0,0.0,0.0,0.0,1.0,1.0,0.0
outer3,3,76,b812,30.0,240.0,0.0,0.0,0.0,0.0,0.0,1.0,1.0,0.0
outer3,3,76,b812,30.0,270.0,0.0,0.0,0.0,0.0,0.0,1.0,1.0,0.0
outer3,3,76,b812,30.0,300.0,0.0,0.0,0.0,0.0,0.0,1.0,1.0,0.0
outer3,3,76,b812,30.0,330.0,0.0,0.0,0.0,0.0,0.0,1.0,1.0,0.0
outer3,3,76,b812,60.0,0.0,0.0,0.0,0.0,0.0,0.0,1.0,1.0,0.0
outer3,3,76,b812,60.0,30.0,0.0,0.0,0.0,0.0,0.0,1.0,1.0,0.0
outer3,3,76,b812,60.0,60.0,0.0,0.0,0.0,0.0,0.0,1.0,1.0,0.0
outer3,3,76,b812,60.0,90.0,0.0,0.0,0.0,0.0,0.0,1.0,1.0,0.0
outer3,3,76,b812,60.0,120.0,0.0,0.0,0.0,0.0,0.0,1.0,1.0,0.0
outer3,3,76,b812,60.0,150.0,0.0,0.0,0.0,0.0,0.0,1.0,1.0,0.0
outer3,3,76,b812,60.0,180.0,0.0,0.0,0.0,0.0,0.0,1.0,1.0,0.0
outer3,3,76,b812,60.0,210.0,0.0,0.0,0.0,0.0,0.0,1.0,1.0,0.0
outer3,3,76,b812,60.0,240.0,0.0,0.0,0.0,0.0,0.0,1.0,1.0,0.0
outer3,3,76,b812,60.0,270.0,0.0,0.0,0.0,0.0,0.0,1.0,1.0,0.0
outer3,3,76,b812,60.0,300.0,0.0,0.0,0.0,0.0,0.0,1.0,1.0,0.0
outer3,3,76,b812,60.0,330.0,0.0,0.0,0.0,0.0,0.0,1.0,1.0,0.0
outer3,3,76,b812,90.0,0.0,180.0,180.0,0.0,0.0,0.0,0.0,0.0,0.0
outer3,3,76,b812,90.0,30.0,120.00000762939453,180.0,-59.99999237060547,0.0,-60.0,0.0,0.0,0.0
outer3,3,76,b812,90.0,60.0,0.0,0.0,0.0,0.0,0.0,1.0,1.0,0.0
outer3,3,76,b812,90.0,90.0,0.0,180.0,-180.0,0.0,-180.0,1.0,0.0,1.0
outer3,3,76,b812,90.0,120.0,180.0,180.0,0.0,0.0,0.0,0.0,0.0,0.0
outer3,3,76,b812,90.0,150.0,180.0,180.0,0.0,0.0,0.0,0.0,0.0,0.0
outer3,3,76,b812,90.0,180.0,0.0,0.0,0.0,0.0,0.0,1.0,1.0,0.0
outer3,3,76,b812,90.0,210.0,0.0,0.0,0.0,0.0,0.0,1.0,1.0,0.0
outer3,3,76,b812,90.0,240.0,0.0,0.0,0.0,0.0,0.0,1.0,1.0,0.0
outer3,3,76,b812,90.0,270.0,0.0,0.0,0.0,0.0,0.0,1.0,1.0,0.0
outer3,3,76,b812,90.0,300.0,0.0,0.0,0.0,0.0,0.0,1.0,1.0,0.0
outer3,3,76,b812,90.0,330.0,0.0,0.0,0.0,0.0,0.0,1.0,1.0,0.0
outer3,3,76,b812,120.0,0.0,0.0,0.0,0.0,0.0,0.0,1.0,1.0,0.0
outer3,3,76,b812,120.0,30.0,0.0,0.0,0.0,0.0,0.0,1.0,1.0,0.0
outer3,3,76,b812,120.0,60.0,0.0,0.0,0.0,0.0,0.0,1.0,1.0,0.0
outer3,3,76,b812,120.0,90.0,0.0,0.0,0.0,0.0,0.0,1.0,1.0,0.0
outer3,3,76,b812,120.0,120.0,0.0,0.0,0.0,0.0,0.0,1.0,1.0,0.0
outer3,3,76,b812,120.0,150.0,0.0,0.0,0.0,0.0,0.0,1.0,1.0,0.0
outer3,3,76,b812,120.0,180.0,0.0,0.0,0.0,0.0,0.0,1.0,1.0,0.0
outer3,3,76,b812,120.0,210.0,0.0,0.0,0.0,0.0,0.0,1.0,1.0,0.0
outer3,3,76,b812,120.0,240.0,0.0,0.0,0.0,0.0,0.0,1.0,1.0,0.0
outer3,3,76,b812,120.0,270.0,0.0,0.0,0.0,0.0,0.0,1.0,1.0,0.0
outer3,3,76,b812,120.0,300.0,0.0,0.0,0.0,0.0,0.0,1.0,1.0,0.0
outer3,3,76,b812,120.0,330.0,0.0,0.0,0.0,0.0,0.0,1.0,1.0,0.0
outer3,3,76,b812,150.0,0.0,0.0,0.0,0.0,0.0,0.0,1.0,1.0,0.0
outer3,3,76,b812,150.0,30.0,0.0,0.0,0.0,0.0,0.0,1.0,1.0,0.0
outer3,3,76,b812,150.0,60.0,0.0,0.0,0.0,0.0,0.0,1.0,1.0,0.0
outer3,3,76,b812,150.0,90.0,0.0,0.0,0.0,0.0,0.0,1.0,1.0,0.0
outer3,3,76,b812,150.0,120.0,0.0,0.0,0.0,0.0,0.0,1.0,1.0,0.0
outer3,3,76,b812,150.0,150.0,0.0,0.0,0.0,0.0,0.0,1.0,1.0,0.0
outer3,3,76,b812,150.0,180.0,0.0,0.0,0.0,0.0,0.0,1.0,1.0,0.0
outer3,3,76,b812,150.0,210.0,0.0,0.0,0.0,0.0,0.0,1.0,1.0,0.0
outer3,3,76,b812,150.0,240.0,0.0,0.0,0.0,0.0,0.0,1.0,1.0,0.0
outer3,3,76,b812,150.0,270.0,0.0,0.0,0.0,0.0,0.0,1.0,1.0,0.0
outer3,3,76,b812,150.0,300.0,0.0,0.0,0.0,0.0,0.0,1.0,1.0,0.0
outer3,3,76,b812,150.0,330.0,0.0,0.0,0.0,0.0,0.0,1.0,1.0,0.0
outer3,3,76,b943,30.0,0.0,0.0,0.0,0.0,0.0,0.0,1.0,1.0,0.0
outer3,3,76,b943,30.0,30.0,0.0,0.0,0.0,0.0,0.0,1.0,1.0,0.0
outer3,3,76,b943,30.0,60.0,0.0,0.0,0.0,0.0,0.0,1.0,1.0,0.0
outer3,3,76,b943,30.0,90.0,0.0,0.0,0.0,0.0,0.0,1.0,1.0,0.0
outer3,3,76,b943,30.0,120.0,0.0,0.0,0.0,0.0,0.0,1.0,1.0,0.0
outer3,3,76,b943,30.0,150.0,0.0,0.0,0.0,0.0,0.0,1.0,1.0,0.0
outer3,3,76,b943,30.0,180.0,0.0,0.0,0.0,0.0,0.0,1.0,1.0,0.0
outer3,3,76,b943,30.0,210.0,0.0,0.0,0.0,0.0,0.0,1.0,1.0,0.0
outer3,3,76,b943,30.0,240.0,0.0,0.0,0.0,0.0,0.0,1.0,1.0,0.0
outer3,3,76,b943,30.0,270.0,0.0,0.0,0.0,0.0,0.0,1.0,1.0,0.0
outer3,3,76,b943,30.0,300.0,0.0,0.0,0.0,0.0,0.0,1.0,1.0,0.0
outer3,3,76,b943,30.0,330.0,0.0,0.0,0.0,0.0,0.0,1.0,1.0,0.0
outer3,3,76,b943,60.0,0.0,0.0,0.0,0.0,0.0,0.0,1.0,1.0,0.0
outer3,3,76,b943,60.0,30.0,0.0,0.0,0.0,0.0,0.0,1.0,1.0,0.0
outer3,3,76,b943,60.0,60.0,0.0,60.000003814697266,-60.000003814697266,-60.0,0.0,1.0,0.0,1.0
outer3,3,76,b943,60.0,90.0,0.0,0.0,0.0,0.0,0.0,1.0,1.0,0.0
outer3,3,76,b943,60.0,120.0,0.0,0.0,0.0,0.0,0.0,1.0,1.0,0.0
outer3,3,76,b943,60.0,150.0,0.0,0.0,0.0,0.0,0.0,1.0,1.0,0.0
outer3,3,76,b943,60.0,180.0,0.0,0.0,0.0,0.0,0.0,1.0,1.0,0.0
outer3,3,76,b943,60.0,210.0,0.0,0.0,0.0,0.0,0.0,1.0,1.0,0.0
outer3,3,76,b943,60.0,240.0,128.6822052001953,128.6822052001953,0.0,0.0,0.0,0.0,0.0,0.0
outer3,3,76,b943,60.0,270.0,0.0,0.0,0.0,0.0,0.0,1.0,1.0,0.0
outer3,3,76,b943,60.0,300.0,0.0,0.0,0.0,0.0,0.0,1.0,1.0,0.0
outer3,3,76,b943,60.0,330.0,0.0,0.0,0.0,0.0,0.0,1.0,1.0,0.0
outer3,3,76,b943,90.0,0.0,180.0,180.0,0.0,0.0,0.0,0.0,0.0,0.0
outer3,3,76,b943,90.0,30.0,180.0,180.0,0.0,0.0,0.0,0.0,0.0,0.0
outer3,3,76,b943,90.0,60.0,180.0,60.000003814697266,119.99999618530273,0.0,120.0,0.0,0.0,0.0
outer3,3,76,b943,90.0,90.0,0.0,180.0,-180.0,0.0,-180.0,1.0,0.0,1.0
outer3,3,76,b943,90.0,120.0,120.00000762939453,180.0,-59.99999237060547,0.0,-60.0,0.0,0.0,0.0
outer3,3,76,b943,90.0,150.0,60.000003814697266,60.000003814697266,0.0,0.0,0.0,0.0,0.0,0.0
outer3,3,76,b943,90.0,180.0,0.0,0.0,0.0,0.0,0.0,1.0,1.0,0.0
outer3,3,76,b943,90.0,210.0,0.0,0.0,0.0,0.0,0.0,1.0,1.0,0.0
outer3,3,76,b943,90.0,240.0,60.000003814697266,60.000003814697266,0.0,0.0,0.0,0.0,0.0,0.0
outer3,3,76,b943,90.0,270.0,180.0,0.0,180.0,0.0,180.0,0.0,1.0,-1.0
outer3,3,76,b943,90.0,300.0,60.000003814697266,0.0,60.000003814697266,0.0,60.0,0.0,1.0,-1.0
outer3,3,76,b943,90.0,330.0,60.00000762939453,120.00000762939453,-60.0,0.0,-60.0,0.0,0.0,0.0
outer3,3,76,b943,120.0,0.0,0.0,0.0,0.0,0.0,0.0,1.0,1.0,0.0
outer3,3,76,b943,120.0,30.0,0.0,0.0,0.0,0.0,0.0,1.0,1.0,0.0
outer3,3,76,b943,120.0,60.0,0.0,0.0,0.0,0.0,0.0,1.0,1.0,0.0
outer3,3,76,b943,120.0,90.0,0.0,0.0,0.0,0.0,0.0,1.0,1.0,0.0
outer3,3,76,b943,120.0,120.0,0.0,29.99998664855957,-29.99998664855957,-30.0,0.0,1.0,0.0,1.0
outer3,3,76,b943,120.0,150.0,0.0,0.0,0.0,0.0,0.0,1.0,1.0,0.0
outer3,3,76,b943,120.0,180.0,0.0,0.0,0.0,0.0,0.0,1.0,1.0,0.0
outer3,3,76,b943,120.0,210.0,25.905075073242188,66.45188903808594,-40.54681396484375,-60.0,0.0,0.0,0.0,0.0
outer3,3,76,b943,120.0,240.0,25.905075073242188,0.0,25.905075073242188,0.0,30.0,0.0,1.0,-1.0
outer3,3,76,b943,120.0,270.0,0.0,0.0,0.0,0.0,0.0,1.0,1.0,0.0
outer3,3,76,b943,120.0,300.0,0.0,29.99998664855957,-29.99998664855957,-30.0,0.0,1.0,0.0,1.0
outer3,3,76,b943,120.0,330.0,0.0,0.0,0.0,0.0,0.0,1.0,1.0,0.0
outer3,3,76,b943,150.0,0.0,0.0,0.0,0.0,0.0,0.0,1.0,1.0,0.0
outer3,3,76,b943,150.0,30.0,0.0,0.0,0.0,0.0,0.0,1.0,1.0,0.0
outer3,3,76,b943,150.0,60.0,0.0,0.0,0.0,0.0,0.0,1.0,1.0,0.0
outer3,3,76,b943,150.0,90.0,0.0,0.0,0.0,0.0,0.0,1.0,1.0,0.0
outer3,3,76,b943,150.0,120.0,0.0,0.0,0.0,0.0,0.0,1.0,1.0,0.0
outer3,3,76,b943,150.0,150.0,0.0,0.0,0.0,0.0,0.0,1.0,1.0,0.0
outer3,3,76,b943,150.0,180.0,0.0,0.0,0.0,0.0,0.0,1.0,1.0,0.0
outer3,3,76,b943,150.0,210.0,0.0,0.0,0.0,0.0,0.0,1.0,1.0,0.0
outer3,3,76,b943,150.0,240.0,0.0,0.0,0.0,0.0,0.0,1.0,1.0,0.0
outer3,3,76,b943,150.0,270.0,0.0,0.0,0.0,0.0,0.0,1.0,1.0,0.0
outer3,3,76,b943,150.0,300.0,0.0,0.0,0.0,0.0,0.0,1.0,1.0,0.0
outer3,3,76,b943,150.0,330.0,0.0,0.0,0.0,0.0,0.0,1.0,1.0,0.0
outer3,3,76,b974,30.0,0.0,0.0,0.0,0.0,0.0,0.0,1.0,1.0,0.0
outer3,3,76,b974,30.0,30.0,0.0,0.0,0.0,0.0,0.0,1.0,1.0,0.0
outer3,3,76,b974,30.0,60.0,0.0,0.0,0.0,0.0,0.0,1.0,1.0,0.0
outer3,3,76,b974,30.0,90.0,0.0,0.0,0.0,0.0,0.0,1.0,1.0,0.0
outer3,3,76,b974,30.0,120.0,0.0,0.0,0.0,0.0,0.0,1.0,1.0,0.0
outer3,3,76,b974,30.0,150.0,0.0,0.0,0.0,0.0,0.0,1.0,1.0,0.0
outer3,3,76,b974,30.0,180.0,0.0,0.0,0.0,0.0,0.0,1.0,1.0,0.0
outer3,3,76,b974,30.0,210.0,0.0,0.0,0.0,0.0,0.0,1.0,1.0,0.0
outer3,3,76,b974,30.0,240.0,0.0,0.0,0.0,0.0,0.0,1.0,1.0,0.0
outer3,3,76,b974,30.0,270.0,0.0,0.0,0.0,0.0,0.0,1.0,1.0,0.0
outer3,3,76,b974,30.0,300.0,0.0,0.0,0.0,0.0,0.0,1.0,1.0,0.0
outer3,3,76,b974,30.0,330.0,0.0,0.0,0.0,0.0,0.0,1.0,1.0,0.0
outer3,3,76,b974,60.0,0.0,0.0,0.0,0.0,0.0,0.0,1.0,1.0,0.0
outer3,3,76,b974,60.0,30.0,0.0,0.0,0.0,0.0,0.0,1.0,1.0,0.0
outer3,3,76,b974,60.0,60.0,0.0,0.0,0.0,0.0,0.0,1.0,1.0,0.0
outer3,3,76,b974,60.0,90.0,0.0,0.0,0.0,0.0,0.0,1.0,1.0,0.0
outer3,3,76,b974,60.0,120.0,0.0,0.0,0.0,0.0,0.0,1.0,1.0,0.0
outer3,3,76,b974,60.0,150.0,0.0,25.905075073242188,-25.905075073242188,0.0,-30.0,1.0,0.0,1.0
outer3,3,76,b974,60.0,180.0,0.0,0.0,0.0,0.0,0.0,1.0,1.0,0.0
outer3,3,76,b974,60.0,210.0,0.0,0.0,0.0,0.0,0.0,1.0,1.0,0.0
outer3,3,76,b974,60.0,240.0,0.0,0.0,0.0,0.0,0.0,1.0,1.0,0.0
outer3,3,76,b974,60.0,270.0,0.0,0.0,0.0,0.0,0.0,1.0,1.0,0.0
outer3,3,76,b974,60.0,300.0,0.0,0.0,0.0,0.0,0.0,1.0,1.0,0.0
outer3,3,76,b974,60.0,330.0,0.0,0.0,0.0,0.0,0.0,1.0,1.0,0.0
outer3,3,76,b974,90.0,0.0,180.0,180.0,0.0,0.0,0.0,0.0,0.0,0.0
outer3,3,76,b974,90.0,30.0,0.0,180.0,-180.0,0.0,-180.0,1.0,0.0,1.0
outer3,3,76,b974,90.0,60.0,0.0,180.0,-180.0,0.0,-180.0,1.0,0.0,1.0
outer3,3,76,b974,90.0,90.0,0.0,180.0,-180.0,0.0,-180.0,1.0,0.0,1.0
outer3,3,76,b974,90.0,120.0,0.0,180.0,-180.0,0.0,-180.0,1.0,0.0,1.0
outer3,3,76,b974,90.0,150.0,0.0,180.0,-180.0,0.0,-180.0,1.0,0.0,1.0
outer3,3,76,b974,90.0,180.0,0.0,0.0,0.0,0.0,0.0,1.0,1.0,0.0
outer3,3,76,b974,90.0,210.0,0.0,0.0,0.0,0.0,0.0,1.0,1.0,0.0
outer3,3,76,b974,90.0,240.0,0.0,0.0,0.0,0.0,0.0,1.0,1.0,0.0
outer3,3,76,b974,90.0,270.0,180.0,0.0,180.0,0.0,180.0,0.0,1.0,-1.0
outer3,3,76,b974,90.0,300.0,180.0,0.0,180.0,0.0,180.0,0.0,1.0,-1.0
outer3,3,76,b974,90.0,330.0,180.0,0.0,180.0,0.0,180.0,0.0,1.0,-1.0
outer3,3,76,b974,120.0,0.0,0.0,0.0,0.0,0.0,0.0,1.0,1.0,0.0
outer3,3,76,b974,120.0,30.0,0.0,0.0,0.0,0.0,0.0,1.0,1.0,0.0
outer3,3,76,b974,120.0,60.0,0.0,0.0,0.0,0.0,0.0,1.0,1.0,0.0
outer3,3,76,b974,120.0,90.0,0.0,0.0,0.0,0.0,0.0,1.0,1.0,0.0
outer3,3,76,b974,120.0,120.0,0.0,0.0,0.0,0.0,0.0,1.0,1.0,0.0
outer3,3,76,b974,120.0,150.0,0.0,0.0,0.0,0.0,0.0,1.0,1.0,0.0
outer3,3,76,b974,120.0,180.0,0.0,0.0,0.0,0.0,0.0,1.0,1.0,0.0
outer3,3,76,b974,120.0,210.0,0.0,0.0,0.0,0.0,0.0,1.0,1.0,0.0
outer3,3,76,b974,120.0,240.0,0.0,0.0,0.0,0.0,0.0,1.0,1.0,0.0
outer3,3,76,b974,120.0,270.0,0.0,0.0,0.0,0.0,0.0,1.0,1.0,0.0
outer3,3,76,b974,120.0,300.0,0.0,0.0,0.0,0.0,0.0,1.0,1.0,0.0
outer3,3,76,b974,120.0,330.0,0.0,0.0,0.0,0.0,0.0,1.0,1.0,0.0
outer3,3,76,b974,150.0,0.0,0.0,0.0,0.0,0.0,0.0,1.0,1.0,0.0
outer3,3,76,b974,150.0,30.0,0.0,0.0,0.0,0.0,0.0,1.0,1.0,0.0
outer3,3,76,b974,150.0,60.0,0.0,0.0,0.0,0.0,0.0,1.0,1.0,0.0
outer3,3,76,b974,150.0,90.0,0.0,0.0,0.0,0.0,0.0,1.0,1.0,0.0
outer3,3,76,b974,150.0,120.0,0.0,0.0,0.0,0.0,0.0,1.0,1.0,0.0
outer3,3,76,b974,150.0,150.0,0.0,0.0,0.0,0.0,0.0,1.0,1.0,0.0
outer3,3,76,b974,150.0,180.0,0.0,0.0,0.0,0.0,0.0,1.0,1.0,0.0
outer3,3,76,b974,150.0,210.0,0.0,0.0,0.0,0.0,0.0,1.0,1.0,0.0
outer3,3,76,b974,150.0,240.0,0.0,0.0,0.0,0.0,0.0,1.0,1.0,0.0
outer3,3,76,b974,150.0,270.0,0.0,0.0,0.0,0.0,0.0,1.0,1.0,0.0
outer3,3,76,b974,150.0,300.0,0.0,0.0,0.0,0.0,0.0,1.0,1.0,0.0
outer3,3,76,b974,150.0,330.0,0.0,0.0,0.0,0.0,0.0,1.0,1.0,0.0
outer3,3,76,b97b,30.0,0.0,0.0,30.000001907348633,-30.000001907348633,-30.0,0.0,1.0,0.0,1.0
outer3,3,76,b97b,30.0,30.0,0.0,0.0,0.0,0.0,0.0,1.0,1.0,0.0
outer3,3,76,b97b,30.0,60.0,0.0,0.0,0.0,0.0,0.0,1.0,1.0,0.0
outer3,3,76,b97b,30.0,90.0,0.0,0.0,0.0,0.0,0.0,1.0,1.0,0.0
outer3,3,76,b97b,30.0,120.0,0.0,0.0,0.0,0.0,0.0,1.0,1.0,0.0
outer3,3,76,b97b,30.0,150.0,0.0,0.0,0.0,0.0,0.0,1.0,1.0,0.0
outer3,3,76,b97b,30.0,180.0,0.0,30.000001907348633,-30.000001907348633,-30.0,0.0,1.0,0.0,1.0
outer3,3,76,b97b,30.0,210.0,0.0,0.0,0.0,0.0,0.0,1.0,1.0,0.0
outer3,3,76,b97b,30.0,240.0,0.0,165.12905883789062,-165.12905883789062,-120.0,-150.0,1.0,0.0,1.0
outer3,3,76,b97b,30.0,270.0,0.0,0.0,0.0,0.0,0.0,1.0,1.0,0.0
outer3,3,76,b97b,30.0,300.0,0.0,0.0,0.0,0.0,0.0,1.0,1.0,0.0
outer3,3,76,b97b,30.0,330.0,0.0,0.0,0.0,0.0,0.0,1.0,1.0,0.0
outer3,3,76,b97b,60.0,0.0,0.0,0.0,0.0,0.0,0.0,1.0,1.0,0.0
outer3,3,76,b97b,60.0,30.0,0.0,0.0,0.0,0.0,0.0,1.0,1.0,0.0
outer3,3,76,b97b,60.0,60.0,0.0,0.0,0.0,0.0,0.0,1.0,1.0,0.0
outer3,3,76,b97b,60.0,90.0,0.0,0.0,0.0,0.0,0.0,1.0,1.0,0.0
outer3,3,76,b97b,60.0,120.0,0.0,25.905075073242188,-25.905075073242188,0.0,-30.0,1.0,0.0,1.0
outer3,3,76,b97b,60.0,150.0,0.0,0.0,0.0,0.0,0.0,1.0,1.0,0.0
outer3,3,76,b97b,60.0,180.0,0.0,0.0,0.0,0.0,0.0,1.0,1.0,0.0
outer3,3,76,b97b,60.0,210.0,0.0,0.0,0.0,0.0,0.0,1.0,1.0,0.0
outer3,3,76,b97b,60.0,240.0,128.6822052001953,128.6822052001953,0.0,0.0,0.0,0.0,0.0,0.0
outer3,3,76,b97b,60.0,270.0,0.0,90.0,-90.0,-30.0,-180.0,1.0,0.0,1.0
outer3,3,76,b97b,60.0,300.0,120.00000762939453,120.00000762939453,0.0,0.0,0.0,0.0,0.0,0.0
outer3,3,76,b97b,60.0,330.0,0.0,0.0,0.0,0.0,0.0,1.0,1.0,0.0
outer3,3,76,b97b,90.0,0.0,180.0,180.0,0.0,0.0,0.0,0.0,0.0,0.0
outer3,3,76,b97b,90.0,30.0,0.0,180.0,-180.0,0.0,-180.0,1.0,0.0,1.0
outer3,3,76,b97b,90.0,60.0,180.0,180.0,0.0,0.0,0.0,0.0,0.0,0.0
outer3,3,76,b97b,90.0,90.0,180.0,180.0,0.0,0.0,0.0,0.0,0.0,0.0
outer3,3,76,b97b,90.0,120.0,120.00000762939453,120.00000762939453,0.0,0.0,0.0,0.0,0.0,0.0
outer3,3,76,b97b,90.0,150.0,120.00000762939453,180.0,-59.99999237060547,0.0,-60.0,0.0,0.0,0.0
outer3,3,76,b97b,90.0,180.0,0.0,0.0,0.0,0.0,0.0,1.0,1.0,0.0
outer3,3,76,b97b,90.0,210.0,180.0,0.0,180.0,0.0,180.0,0.0,1.0,-1.0
outer3,3,76,b97b,90.0,240.0,0.0,0.0,0.0,0.0,0.0,1.0,1.0,0.0
outer3,3,76,b97b,90.0,270.0,0.0,0.0,0.0,0.0,0.0,1.0,1.0,0.0
outer3,3,76,b97b,90.0,300.0,60.000003814697266,60.000003814697266,0.0,0.0,0.0,0.0,0.0,0.0
outer3,3,76,b97b,90.0,330.0,60.00000762939453,60.00000762939453,0.0,0.0,0.0,0.0,0.0,0.0
outer3,3,76,b97b,120.0,0.0,120.00000762939453,120.00000762939453,0.0,0.0,0.0,0.0,0.0,0.0
outer3,3,76,b97b,120.0,30.0,0.0,0.0,0.0,0.0,0.0,1.0,1.0,0.0
outer3,3,76,b97b,120.0,60.0,0.0,0.0,0.0,0.0,0.0,1.0,1.0,0.0
outer3,3,76,b97b,120.0,90.0,0.0,0.0,0.0,0.0,0.0,1.0,1.0,0.0
outer3,3,76,b97b,120.0,120.0,29.99998664855957,29.99998664855957,0.0,0.0,0.0,0.0,0.0,0.0
outer3,3,76,b97b,120.0,150.0,0.0,0.0,0.0,0.0,0.0,1.0,1.0,0.0
outer3,3,76,b97b,120.0,180.0,0.0,0.0,0.0,0.0,0.0,1.0,1.0,0.0
outer3,3,76,b97b,120.0,210.0,0.0,66.45188903808594,-66.45188903808594,-60.0,-30.0,1.0,0.0,1.0
outer3,3,76,b97b,120.0,240.0,25.905075073242188,0.0,25.905075073242188,0.0,30.0,0.0,1.0,-1.0
outer3,3,76,b97b,120.0,270.0,120.00000762939453,120.00000762939453,0.0,0.0,0.0,0.0,0.0,0.0
outer3,3,76,b97b,120.0,300.0,0.0,29.99998664855957,-29.99998664855957,-30.0,0.0,1.0,0.0,1.0
outer3,3,76,b97b,120.0,330.0,0.0,0.0,0.0,0.0,0.0,1.0,1.0,0.0
outer3,3,76,b97b,150.0,0.0,29.99998664855957,29.99998664855957,0.0,0.0,0.0,0.0,0.0,0.0
outer3,3,76,b97b,150.0,30.0,0.0,128.68218994140625,-128.68218994140625,-120.0,-60.0,1.0,0.0,1.0
outer3,3,76,b97b,150.0,60.0,0.0,0.0,0.0,0.0,0.0,1.0,1.0,0.0
outer3,3,76,b97b,150.0,90.0,0.0,0.0,0.0,0.0,0.0,1.0,1.0,0.0
outer3,3,76,b97b,150.0,120.0,0.0,0.0,0.0,0.0,0.0,1.0,1.0,0.0
outer3,3,76,b97b,150.0,150.0,0.0,0.0,0.0,0.0,0.0,1.0,1.0,0.0
outer3,3,76,b97b,150.0,180.0,29.99998664855957,29.99998664855957,0.0,0.0,0.0,0.0,0.0,0.0
outer3,3,76,b97b,150.0,210.0,0.0,0.0,0.0,0.0,0.0,1.0,1.0,0.0
outer3,3,76,b97b,150.0,240.0,0.0,0.0,0.0,0.0,0.0,1.0,1.0,0.0
outer3,3,76,b97b,150.0,270.0,60.000003814697266,60.000003814697266,0.0,0.0,0.0,0.0,0.0,0.0
outer3,3,76,b97b,150.0,300.0,0.0,0.0,0.0,0.0,0.0,1.0,1.0,0.0
outer3,3,76,b97b,150.0,330.0,0.0,0.0,0.0,0.0,0.0,1.0,1.0,0.0
outer3,3,76,bc2c,30.0,0.0,36.097782135009766,30.000001907348633,6.097780227661133,0.0,30.0,0.0,0.0,0.0
outer3,3,76,bc2c,30.0,30.0,90.0,102.50392150878906,-12.503921508789062,0.0,-60.0,0.0,0.0,0.0
outer3,3,76,bc2c,30.0,60.0,14.870942115783691,0.0,14.870942115783691,0.0,30.0,0.0,1.0,-1.0
outer3,3,76,bc2c,30.0,90.0,90.0,60.000003814697266,29.999996185302734,30.0,0.0,0.0,0.0,0.0
outer3,3,76,bc2c,30.0,120.0,86.67425537109375,86.67425537109375,0.0,0.0,0.0,0.0,0.0,0.0
outer3,3,76,bc2c,30.0,150.0,36.097782135009766,86.67425537109375,-50.576473236083984,0.0,-120.0,0.0,0.0,0.0
outer3,3,76,bc2c,30.0,180.0,86.67425537109375,30.000001907348633,56.67425346374512,0.0,150.0,0.0,0.0,0.0
outer3,3,76,bc2c,30.0,210.0,60.000003814697266,90.0,-29.999996185302734,-30.0,0.0,0.0,0.0,0.0
outer3,3,76,bc2c,30.0,240.0,120.00000762939453,120.00000762939453,0.0,0.0,0.0,0.0,0.0,0.0
outer3,3,76,bc2c,30.0,270.0,165.12905883789062,165.12905883789062,0.0,0.0,0.0,0.0,0.0,0.0
outer3,3,76,bc2c,30.0,300.0,64.34110260009766,64.34110260009766,0.0,0.0,0.0,0.0,0.0,0.0
outer3,3,76,bc2c,30.0,330.0,93.32575988769531,93.32575988769531,0.0,0.0,0.0,0.0,0.0,0.0
outer3,3,76,bc2c,60.0,0.0,25.905075073242188,0.0,25.905075073242188,0.0,30.0,0.0,1.0,-1.0
outer3,3,76,bc2c,60.0,30.0,0.0,0.0,0.0,0.0,0.0,1.0,1.0,0.0
outer3,3,76,bc2c,60.0,60.0,0.0,0.0,0.0,0.0,0.0,1.0,1.0,0.0
outer3,3,76,bc2c,60.0,90.0,120.00000762939453,120.00000762939453,0.0,0.0,0.0,0.0,0.0,0.0
outer3,3,76,bc2c,60.0,120.0,120.00000762939453,41.40962219238281,78.59038543701172,-30.0,150.0,0.0,0.0,0.0
outer3,3,76,bc2c,60.0,150.0,60.000003814697266,0.0,60.000003814697266,60.0,0.0,0.0,1.0,-1.0
outer3,3,76,bc2c,60.0,180.0,120.00000762939453,0.0,120.00000762939453,0.0,180.0,0.0,1.0,-1.0
outer3,3,76,bc2c,60.0,210.0,60.000003814697266,180.0,-119.99999618530273,0.0,-180.0,0.0,0.0,0.0
outer3,3,76,bc2c,60.0,240.0,60.000003814697266,60.000003814697266,0.0,0.0,0.0,0.0,0.0,0.0
outer3,3,76,bc2c,60.0,270.0,180.0,154.0949249267578,25.905075073242188,0.0,30.0,0.0,0.0,0.0
outer3,3,76,bc2c,60.0,300.0,128.68218994140625,128.68218994140625,0.0,0.0,0.0,0.0,0.0,0.0
outer3,3,76,bc2c,60.0,330.0,60.000003814697266,0.0,60.000003814697266,60.0,0.0,0.0,1.0,-1.0
outer3,3,76,bc2c,90.0,0.0,180.0,180.0,0.0,0.0,0.0,0.0,0.0,0.0
outer3,3,76,bc2c,90.0,30.0,150.0,180.0,-30.0,0.0,-30.0,0.0,0.0,0.0
outer3,3,76,bc2c,90.0,60.0,180.0,150.0,30.0,0.0,30.0,0.0,0.0,0.0
outer3,3,76,bc2c,90.0,90.0,180.0,180.0,0.0,0.0,0.0,0.0,0.0,0.0
outer3,3,76,bc2c,90.0,120.0,180.0,150.0,30.0,0.0,30.0,0.0,0.0,0.0
outer3,3,76,bc2c,90.0,150.0,30.000001907348633,30.000001907348633,0.0,0.0,0.0,0.0,0.0,0.0
outer3,3,76,bc2c,90.0,180.0,0.0,0.0,0.0,0.0,0.0,1.0,1.0,0.0
outer3,3,76,bc2c,90.0,210.0,30.000001907348633,30.000001907348633,0.0,0.0,0.0,0.0,0.0,0.0
outer3,3,76,bc2c,90.0,240.0,0.0,30.000001907348633,-30.000001907348633,0.0,-30.0,1.0,0.0,1.0
outer3,3,76,bc2c,90.0,270.0,180.0,0.0,180.0,0.0,180.0,0.0,1.0,-1.0
outer3,3,76,bc2c,90.0,300.0,0.0,30.000001907348633,-30.000001907348633,0.0,-30.0,1.0,0.0,1.0
outer3,3,76,bc2c,90.0,330.0,150.0,150.0,0.0,0.0,0.0,0.0,0.0,0.0
outer3,3,76,bc2c,120.0,0.0,0.0,0.0,0.0,0.0,0.0,1.0,1.0,0.0
outer3,3,76,bc2c,120.0,30.0,0.0,82.81924438476562,-82.81924438476562,-60.0,-60.0,1.0,0.0,1.0
outer3,3,76,bc2c,120.0,60.0,0.0,0.0,0.0,0.0,0.0,1.0,1.0,0.0
outer3,3,76,bc2c,120.0,90.0,120.00000762939453,120.00000762939453,0.0,0.0,0.0,0.0,0.0,0.0
outer3,3,76,bc2c,120.0,120.0,113.54811096191406,120.00000762939453,-6.451896667480469,0.0,-30.0,0.0,0.0,0.0
outer3,3,76,bc2c,120.0,150.0,0.0,82.81924438476562,-82.81924438476562,-60.0,-60.0,1.0,0.0,1.0
outer3,3,76,bc2c,120.0,180.0,120.00000762939453,0.0,120.00000762939453,0.0,180.0,0.0,1.0,-1.0
outer3,3,76,bc2c,120.0,210.0,60.000003814697266,120.00000762939453,-60.000003814697266,60.0,-180.0,0.0,0.0,0.0
outer3,3,76,bc2c,120.0,240.0,128.6822052001953,97.18075561523438,31.501449584960938,60.0,0.0,0.0,0.0,0.0
outer3,3,76,bc2c,120.0,270.0,180.0,180.0,0.0,0.0,0.0,0.0,0.0,0.0
outer3,3,76,bc2c,120.0,300.0,128.68218994140625,128.68218994140625,0.0,0.0,0.0,0.0,0.0,0.0
outer3,3,76,bc2c,120.0,330.0,120.00000762939453,180.0,-59.99999237060547,-60.0,0.0,0.0,0.0,0.0
outer3,3,76,bc2c,150.0,0.0,0.0,29.99998664855957,-29.99998664855957,-30.0,0.0,1.0,0.0,1.0
outer3,3,76,bc2c,150.0,30.0,14.870942115783691,93.32574462890625,-78.45480251312256,-90.0,0.0,0.0,0.0,0.0
outer3,3,76,bc2c,150.0,60.0,0.0,60.000003814697266,-60.000003814697266,0.0,-180.0,1.0,0.0,1.0
outer3,3,76,bc2c,150.0,90.0,60.000003814697266,57.7581901550293,2.2418136596679688,0.0,30.0,0.0,0.0,0.0
outer3,3,76,bc2c,150.0,120.0,86.67425537109375,49.49464416503906,37.17961120605469,0.0,90.0,0.0,0.0,0.0
outer3,3,76,bc2c,150.0,150.0,29.99998664855957,90.0,-60.00001335144043,0.0,-180.0,0.0,0.0,0.0
outer3,3,76,bc2c,150.0,180.0,120.00000762939453,120.00000762939453,0.0,0.0,0.0,0.0,0.0,0.0
outer3,3,76,bc2c,150.0,210.0,60.000003814697266,120.00000762939453,-60.000003814697266,-60.0,0.0,0.0,0.0,0.0
outer3,3,76,bc2c,150.0,240.0,120.00000762939453,0.0,120.00000762939453,120.0,0.0,0.0,1.0,-1.0
outer3,3,76,bc2c,150.0,270.0,180.0,165.12905883789062,14.870941162109375,0.0,30.0,0.0,0.0,0.0
outer3,3,76,bc2c,150.0,300.0,130.50535583496094,93.32574462890625,37.17961120605469,0.0,90.0,0.0,0.0,0.0
outer3,3,76,bc2c,150.0,330.0,150.0,150.0,0.0,0.0,0.0,0.0,0.0,0.0
outer4,4,70,b7fd,30.0,0.0,90.0,60.000003814697266,29.999996185302734,30.0,0.0,0.0,0.0,0.0
outer4,4,70,b7fd,30.0,30.0,0.0,30.000001907348633,-30.000001907348633,-30.0,0.0,1.0,0.0,1.0
outer4,4,70,b7fd,30.0,60.0,128.68218994140625,122.24180603027344,6.4403839111328125,0.0,30.0,0.0,0.0,0.0
outer4,4,70,b7fd,30.0,90.0,120.00000762939453,120.00000762939453,0.0,0.0,0.0,0.0,0.0,0.0
outer4,4,70,b7fd,30.0,120.0,36.097782135009766,102.50392150878906,-66.4061393737793,-60.0,-30.0,0.0,0.0,0.0
outer4,4,70,b7fd,30.0,150.0,90.0,30.000001907348633,59.99999809265137,60.0,0.0,0.0,0.0,0.0
outer4,4,70,b7fd,30.0,180.0,0.0,0.0,0.0,0.0,0.0,1.0,1.0,0.0
outer4,4,70,b7fd,30.0,210.0,28.95502281188965,86.67425537109375,-57.7192325592041,-30.0,-90.0,0.0,0.0,0.0
outer4,4,70,b7fd,30.0,240.0,151.04498291015625,151.04498291015625,0.0,0.0,0.0,0.0,0.0,0.0
outer4,4,70,b7fd,30.0,270.0,120.00000762939453,0.0,120.00000762939453,120.0,0.0,0.0,1.0,-1.0
outer4,4,70,b7fd,30.0,300.0,57.7581901550293,51.31781005859375,6.440380096435547,0.0,30.0,0.0,0.0,0.0
outer4,4,70,b7fd,30.0,330.0,102.50392150878906,36.097782135009766,66.4061393737793,60.0,30.0,0.0,0.0,0.0
outer4,4,70,b7fd,60.0,0.0,0.0,0.0,0.0,0.0,0.0,1.0,1.0,0.0
outer4,4,70,b7fd,60.0,30.0,0.0,0.0,0.0,0.0,0.0,1.0,1.0,0.0
outer4,4,70,b7fd,60.0,60.0,128.68218994140625,130.50535583496094,-1.8231658935546875,-30.0,0.0,0.0,0.0,0.0
outer4,4,70,b7fd,60.0,90.0,0.0,0.0,0.0,0.0,0.0,1.0,1.0,0.0
outer4,4,70,b7fd,60.0,120.0,0.0,0.0,0.0,0.0,0.0,1.0,1.0,0.0
outer4,4,70,b7fd,60.0,150.0,82.81924438476562,82.81924438476562,0.0,0.0,0.0,0.0,0.0,0.0
outer4,4,70,b7fd,60.0,180.0,0.0,0.0,0.0,0.0,0.0,1.0,1.0,0.0
outer4,4,70,b7fd,60.0,210.0,97.1807632446289,128.6822052001953,-31.501441955566406,-60.0,0.0,0.0,0.0,0.0
outer4,4,70,b7fd,60.0,240.0,128.6822052001953,154.09490966796875,-25.412704467773438,0.0,-30.0,0.0,0.0,0.0
outer4,4,70,b7fd,60.0,270.0,0.0,120.00000762939453,-120.00000762939453,0.0,-180.0,1.0,0.0,1.0
outer4,4,70,b7fd,60.0,300.0,0.0,0.0,0.0,0.0,0.0,1.0,1.0,0.0
outer4,4,70,b7fd,60.0,330.0,82.81924438476562,82.81924438476562,0.0,0.0,0.0,0.0,0.0,0.0
outer4,4,70,b7fd,90.0,0.0,0.0,180.0,-180.0,0.0,-180.0,1.0,0.0,1.0
outer4,4,70,b7fd,90.0,30.0,60.00000762939453,120.00000762939453,-60.0,0.0,-60.0,0.0,0.0,0.0
outer4,4,70,b7fd,90.0,60.0,30.000001907348633,60.000003814697266,-30.000001907348633,0.0,-30.0,0.0,0.0,0.0
outer4,4,70,b7fd,90.0,90.0,0.0,180.0,-180.0,0.0,-180.0,1.0,0.0,1.0
outer4,4,70,b7fd,90.0,120.0,30.000001907348633,0.0,30.000001907348633,0.0,30.0,0.0,1.0,-1.0
outer4,4,70,b7fd,90.0,150.0,180.0,0.0,180.0,0.0,180.0,0.0,1.0,-1.0
outer4,4,70,b7fd,90.0,180.0,180.0,0.0,180.0,0.0,180.0,0.0,1.0,-1.0
outer4,4,70,b7fd,90.0,210.0,60.000003814697266,60.000003814697266,0.0,0.0,0.0,0.0,0.0,0.0
outer4,4,70,b7fd,90.0,240.0,0.0,120.00000762939453,-120.00000762939453,0.0,-120.0,1.0,0.0,1.0
outer4,4,70,b7fd,90.0,270.0,0.0,0.0,0.0,0.0,0.0,1.0,1.0,0.0
outer4,4,70,b7fd,90.0,300.0,30.000001907348633,30.000001907348633,0.0,0.0,0.0,0.0,0.0,0.0
outer4,4,70,b7fd,90.0,330.0,180.0,180.0,0.0,0.0,0.0,0.0,0.0,0.0
outer4,4,70,b7fd,120.0,0.0,0.0,0.0,0.0,0.0,0.0,1.0,1.0,0.0
outer4,4,70,b7fd,120.0,30.0,0.0,0.0,0.0,0.0,0.0,1.0,1.0,0.0
outer4,4,70,b7fd,120.0,60.0,97.18075561523438,128.68218994140625,-31.501434326171875,-60.0,0.0,0.0,0.0,0.0
outer4,4,70,b7fd,120.0,90.0,0.0,0.0,0.0,0.0,0.0,1.0,1.0,0.0
outer4,4,70,b7fd,120.0,120.0,0.0,25.905075073242188,-25.905075073242188,0.0,-30.0,1.0,0.0,1.0
outer4,4,70,b7fd,120.0,150.0,120.00000762939453,120.00000762939453,0.0,0.0,0.0,0.0,0.0,0.0
outer4,4,70,b7fd,120.0,180.0,60.000003814697266,0.0,60.000003814697266,60.0,0.0,0.0,1.0,-1.0
outer4,4,70,b7fd,120.0,210.0,0.0,60.000003814697266,-60.000003814697266,-60.0,0.0,1.0,0.0,1.0
outer4,4,70,b7fd,120.0,240.0,128.6822052001953,154.09490966796875,-25.412704467773438,0.0,-30.0,0.0,0.0,0.0
outer4,4,70,b7fd,120.0,270.0,30.000001907348633,0.0,30.000001907348633,30.0,0.0,0.0,1.0,-1.0
outer4,4,70,b7fd,120.0,300.0,29.99998664855957,29.99998664855957,0.0,0.0,0.0,0.0,0.0,0.0
outer4,4,70,b7fd,120.0,330.0,120.00000762939453,0.0,120.00000762939453,0.0,180.0,0.0,1.0,-1.0
outer4,4,70,b7fd,150.0,0.0,0.0,29.99998664855957,-29.99998664855957,-30.0,0.0,1.0,0.0,1.0
outer4,4,70,b7fd,150.0,30.0,29.99998664855957,29.99998664855957,0.0,0.0,0.0,0.0,0.0,0.0
outer4,4,70,b7fd,150.0,60.0,122.24180603027344,120.00000762939453,2.2417984008789062,0.0,30.0,0.0,0.0,0.0
outer4,4,70,b7fd,150.0,90.0,0.0,29.99998664855957,-29.99998664855957,-30.0,0.0,1.0,0.0,1.0
outer4,4,70,b7fd,150.0,120.0,0.0,0.0,0.0,0.0,0.0,1.0,1.0,0.0
outer4,4,70,b7fd,150.0,150.0,120.00000762939453,150.0,-29.99999237060547,30.0,-180.0,0.0,0.0,0.0
outer4,4,70,b7fd,150.0,180.0,0.0,29.99998664855957,-29.99998664855957,-30.0,0.0,1.0,0.0,1.0
outer4,4,70,b7fd,150.0,210.0,0.0,86.67425537109375,-86.67425537109375,-30.0,-150.0,1.0,0.0,1.0
outer4,4,70,b7fd,150.0,240.0,165.12905883789062,60.000003814697266,105.12905502319336,120.0,-30.0,0.0,0.0,0.0
outer4,4,70,b7fd,150.0,270.0,0.0,0.0,0.0,0.0,0.0,1.0,1.0,0.0
outer4,4,70,b7fd,150.0,300.0,60.000003814697266,57.7581901550293,2.2418136596679688,0.0,30.0,0.0,0.0,0.0
outer4,4,70,b7fd,150.0,330.0,102.50391387939453,143.9022216796875,-41.39830780029297,0.0,-90.0,0.0,0.0,0.0
outer4,4,70,b8ed,30.0,0.0,0.0,0.0,0.0,0.0,0.0,1.0,1.0,0.0
outer4,4,70,b8ed,30.0,30.0,60.000003814697266,0.0,60.000003814697266,0.0,180.0,0.0,1.0,-1.0
outer4,4,70,b8ed,30.0,60.0,57.7581901550293,151.04498291015625,-93.28679275512695,-120.0,30.0,0.0,0.0,0.0
outer4,4,70,b8ed,30.0,90.0,0.0,0.0,0.0,0.0,0.0,1.0,1.0,0.0
outer4,4,70,b8ed,30.0,120.0,0.0,128.68218994140625,-128.68218994140625,-120.0,-60.0,1.0,0.0,1.0
outer4,4,70,b8ed,30.0,150.0,0.0,0.0,0.0,0.0,0.0,1.0,1.0,0.0
outer4,4,70,b8ed,30.0,180.0,0.0,0.0,0.0,0.0,0.0,1.0,1.0,0.0
outer4,4,70,b8ed,30.0,210.0,0.0,0.0,0.0,0.0,0.0,1.0,1.0,0.0
outer4,4,70,b8ed,30.0,240.0,122.24180603027344,122.24180603027344,0.0,0.0,0.0,0.0,0.0,0.0
outer4,4,70,b8ed,30.0,270.0,120.00000762939453,0.0,120.00000762939453,120.0,0.0,0.0,1.0,-1.0
outer4,4,70,b8ed,30.0,300.0,0.0,0.0,0.0,0.0,0.0,1.0,1.0,0.0
outer4,4,70,b8ed,30.0,330.0,14.870942115783691,122.24180603027344,-107.37086391448975,-120.0,0.0,0.0,0.0,0.0
outer4,4,70,b8ed,60.0,0.0,30.000001907348633,30.000001907348633,0.0,0.0,0.0,0.0,0.0,0.0
outer4,4,70,b8ed,60.0,30.0,0.0,0.0,0.0,0.0,0.0,1.0,1.0,0.0
outer4,4,70,b8ed,60.0,60.0,128.68218994140625,128.68218994140625,0.0,0.0,0.0,0.0,0.0,0.0
outer4,4,70,b8ed,60.0,90.0,0.0,0.0,0.0,0.0,0.0,1.0,1.0,0.0
outer4,4,70,b8ed,60.0,120.0,0.0,0.0,0.0,0.0,0.0,1.0,1.0,0.0
outer4,4,70,b8ed,60.0,150.0,0.0,25.905075073242188,-25.905075073242188,0.0,-30.0,1.0,0.0,1.0
outer4,4,70,b8ed,60.0,180.0,30.000001907348633,30.000001907348633,0.0,0.0,0.0,0.0,0.0,0.0
outer4,4,70,b8ed,60.0,210.0,0.0,120.00000762939453,-120.00000762939453,0.0,-180.0,1.0,0.0,1.0
outer4,4,70,b8ed,60.0,240.0,0.0,120.00000762939453,-120.00000762939453,0.0,-180.0,1.0,0.0,1.0
outer4,4,70,b8ed,60.0,270.0,120.00000762939453,120.00000762939453,0.0,0.0,0.0,0.0,0.0,0.0
outer4,4,70,b8ed,60.0,300.0,0.0,0.0,0.0,0.0,0.0,1.0,1.0,0.0
outer4,4,70,b8ed,60.0,330.0,60.000003814697266,82.81924438476562,-22.81924057006836,0.0,-60.0,0.0,0.0,0.0
outer4,4,70,b8ed,90.0,0.0,180.0,30.000001907348633,149.99999809265137,0.0,150.0,0.0,0.0,0.0
outer4,4,70,b8ed,90.0,30.0,0.0,180.0,-180.0,0.0,-180.0,1.0,0.0,1.0
outer4,4,70,b8ed,90.0,60.0,60.000003814697266,0.0,60.000003814697266,0.0,60.0,0.0,1.0,-1.0
outer4,4,70,b8ed,90.0,90.0,180.0,180.0,0.0,0.0,0.0,0.0,0.0,0.0
outer4,4,70,b8ed,90.0,120.0,0.0,0.0,0.0,0.0,0.0,1.0,1.0,0.0
outer4,4,70,b8ed,90.0,150.0,120.00000762939453,60.000003814697266,60.000003814697266,0.0,60.0,0.0,0.0,0.0
outer4,4,70,b8ed,90.0,180.0,0.0,150.0,-150.0,0.0,-150.0,1.0,0.0,1.0
outer4,4,70,b8ed,90.0,210.0,180.0,0.0,180.0,0.0,180.0,0.0,1.0,-1.0
outer4,4,70,b8ed,90.0,240.0,120.00000762939453,120.00000762939453,0.0,0.0,0.0,0.0,0.0,0.0
outer4,4,70,b8ed,90.0,270.0,0.0,0.0,0.0,0.0,0.0,1.0,1.0,0.0
outer4,4,70,b8ed,90.0,300.0,180.0,0.0,180.0,0.0,180.0,0.0,1.0,-1.0
outer4,4,70,b8ed,90.0,330.0,60.00000762939453,120.00000762939453,-60.0,0.0,-60.0,0.0,0.0,0.0
outer4,4,70,b8ed,120.0,0.0,29.99998664855957,29.99998664855957,0.0,0.0,0.0,0.0,0.0,0.0
outer4,4,70,b8ed,120.0,30.0,0.0,0.0,0.0,0.0,0.0,1.0,1.0,0.0
outer4,4,70,b8ed,120.0,60.0,128.68218994140625,128.68218994140625,0.0,0.0,0.0,0.0,0.0,0.0
outer4,4,70,b8ed,120.0,90.0,60.000003814697266,0.0,60.000003814697266,60.0,0.0,0.0,1.0,-1.0
outer4,4,70,b8ed,120.0,120.0,0.0,128.6822052001953,-128.6822052001953,-60.0,-120.0,1.0,0.0,1.0
outer4,4,70,b8ed,120.0,150.0,0.0,0.0,0.0,0.0,0.0,1.0,1.0,0.0
outer4,4,70,b8ed,120.0,180.0,29.99998664855957,29.99998664855957,0.0,0.0,0.0,0.0,0.0,0.0
outer4,4,70,b8ed,120.0,210.0,0.0,120.00000762939453,-120.00000762939453,0.0,-180.0,1.0,0.0,1.0
outer4,4,70,b8ed,120.0,240.0,0.0,0.0,0.0,0.0,0.0,1.0,1.0,0.0
outer4,4,70,b8ed,120.0,270.0,0.0,120.00000762939453,-120.00000762939453,0.0,-180.0,1.0,0.0,1.0
outer4,4,70,b8ed,120.0,300.0,0.0,0.0,0.0,0.0,0.0,1.0,1.0,0.0
outer4,4,70,b8ed,120.0,330.0,180.0,154.0949249267578,25.905075073242188,0.0,30.0,0.0,0.0,0.0
outer4,4,70,b8ed,150.0,0.0,120.00000762939453,60.000003814697266,60.000003814697266,120.0,-180.0,0.0,0.0,0.0
outer4,4,70,b8ed,150.0,30.0,60.000003814697266,60.000003814697266,0.0,0.0,0.0,0.0,0.0,0.0
outer4,4,70,b8ed,150.0,60.0,0.0,122.24180603027344,-122.24180603027344,-120.0,-30.0,1.0,0.0,1.0
outer4,4,70,b8ed,150.0,90.0,0.0,0.0,0.0,0.0,0.0,1.0,1.0,0.0
outer4,4,70,b8ed,150.0,120.0,0.0,0.0,0.0,0.0,0.0,1.0,1.0,0.0
outer4,4,70,b8ed,150.0,150.0,0.0,128.68218994140625,-128.68218994140625,-120.0,-60.0,1.0,0.0,1.0
outer4,4,70,b8ed,150.0,180.0,0.0,0.0,0.0,0.0,0.0,1.0,1.0,0.0
outer4,4,70,b8ed,150.0,210.0,0.0,0.0,0.0,0.0,0.0,1.0,1.0,0.0
outer4,4,70,b8ed,150.0,240.0,14.870942115783691,0.0,14.870942115783691,0.0,30.0,0.0,1.0,-1.0
outer4,4,70,b8ed,150.0,270.0,0.0,0.0,0.0,0.0,0.0,1.0,1.0,0.0
outer4,4,70,b8ed,150.0,300.0,0.0,0.0,0.0,0.0,0.0,1.0,1.0,0.0
outer4,4,70,b8ed,150.0,330.0,122.24180603027344,128.68218994140625,-6.4403839111328125,0.0,-30.0,0.0,0.0,0.0
outer4,4,70,b979,30.0,0.0,0.0,60.000003814697266,-60.000003814697266,0.0,-180.0,1.0,0.0,1.0
outer4,4,70,b979,30.0,30.0,0.0,0.0,0.0,0.0,0.0,1.0,1.0,0.0
outer4,4,70,b979,30.0,60.0,128.68218994140625,122.24180603027344,6.4403839111328125,0.0,30.0,0.0,0.0,0.0
outer4,4,70,b979,30.0,90.0,60.000003814697266,60.000003814697266,0.0,0.0,0.0,0.0,0.0,0.0
outer4,4,70,b979,30.0,120.0,28.95502281188965,28.95502281188965,0.0,0.0,0.0,0.0,0.0,0.0
outer4,4,70,b979,30.0,150.0,0.0,60.000003814697266,-60.000003814697266,0.0,-180.0,1.0,0.0,1.0
outer4,4,70,b979,30.0,180.0,0.0,0.0,0.0,0.0,0.0,1.0,1.0,0.0
outer4,4,70,b979,30.0,210.0,0.0,14.870942115783691,-14.870942115783691,0.0,-30.0,1.0,0.0,1.0
outer4,4,70,b979,30.0,240.0,165.12905883789062,165.12905883789062,0.0,0.0,0.0,0.0,0.0,0.0
outer4,4,70,b979,30.0,270.0,60.000003814697266,60.000003814697266,0.0,0.0,0.0,0.0,0.0,0.0
outer4,4,70,b979,30.0,300.0,51.31781005859375,41.40962219238281,9.908187866210938,0.0,30.0,0.0,0.0,0.0
outer4,4,70,b979,30.0,330.0,0.0,14.870942115783691,-14.870942115783691,0.0,-30.0,1.0,0.0,1.0
outer4,4,70,b979,60.0,0.0,30.000001907348633,30.000001907348633,0.0,0.0,0.0,0.0,0.0,0.0
outer4,4,70,b979,60.0,30.0,0.0,0.0,0.0,0.0,0.0,1.0,1.0,0.0
outer4,4,70,b979,60.0,60.0,102.50391387939453,102.50391387939453,0.0,0.0,0.0,0.0,0.0,0.0
outer4,4,70,b979,60.0,90.0,138.59039306640625,154.09490966796875,-15.5045166015625,-30.0,0.0,0.0,0.0,0.0
outer4,4,70,b979,60.0,120.0,75.52249908447266,75.52249908447266,0.0,0.0,0.0,0.0,0.0,0.0
outer4,4,70,b979,60.0,150.0,102.50391387939453,104.47750854492188,-1.9735946655273438,30.0,-30.0,0.0,0.0,0.0
outer4,4,70,b979,60.0,180.0,30.000001907348633,90.0,-59.99999809265137,0.0,-180.0,0.0,0.0,0.0
outer4,4,70,b979,60.0,210.0,25.905075073242188,60.000003814697266,-34.09492874145508,-60.0,30.0,0.0,0.0,0.0
outer4,4,70,b979,60.0,240.0,120.00000762939453,120.00000762939453,0.0,0.0,0.0,0.0,0.0,0.0
outer4,4,70,b979,60.0,270.0,90.0,120.00000762939453,-30.00000762939453,30.0,0.0,0.0,0.0,0.0
outer4,4,70,b979,60.0,300.0,130.50535583496094,115.65889739990234,14.846458435058594,0.0,30.0,0.0,0.0,0.0
outer4,4,70,b979,60.0,330.0,82.81924438476562,82.81924438476562,0.0,0.0,0.0,0.0,0.0,0.0
outer4,4,70,b979,90.0,0.0,30.000001907348633,41.40962219238281,-11.40962028503418,-30.0,0.0,0.0,0.0,0.0
outer4,4,70,b979,90.0,30.0,30.000001907348633,29.999998092651367,3.814697265625e-06,-30.0,30.0,0.0,0.0,0.0
outer4,4,70,b979,90.0,60.0,0.0,90.0,-90.0,0.0,-90.0,1.0,0.0,1.0
outer4,4,70,b979,90.0,90.0,30.000001907348633,30.000001907348633,0.0,0.0,0.0,0.0,0.0,0.0
outer4,4,70,b979,90.0,120.0,60.000003814697266,90.0,-29.999996185302734,0.0,-30.0,0.0,0.0,0.0
outer4,4,70,b979,90.0,150.0,120.00000762939453,115.6589126586914,4.341094970703125,-30.0,0.0,0.0,0.0,0.0
outer4,4,70,b979,90.0,180.0,150.0,138.59039306640625,11.40960693359375,-30.0,0.0,0.0,0.0,0.0
outer4,4,70,b979,90.0,210.0,150.0,180.0,-30.0,0.0,-30.0,0.0,0.0,0.0
outer4,4,70,b979,90.0,240.0,180.0,180.0,0.0,0.0,0.0,0.0,0.0,0.0
outer4,4,70,b979,90.0,270.0,150.0,150.0,0.0,0.0,0.0,0.0,0.0,0.0
outer4,4,70,b979,90.0,300.0,119.99999237060547,90.0,29.99999237060547,0.0,30.0,0.0,0.0,0.0
outer4,4,70,b979,90.0,330.0,60.00000762939453,64.34110260009766,-4.341094970703125,-30.0,0.0,0.0,0.0,0.0
outer4,4,70,b979,120.0,0.0,90.0,90.0,0.0,0.0,0.0,0.0,0.0,0.0
outer4,4,70,b979,120.0,30.0,29.99998664855957,0.0,29.99998664855957,30.0,0.0,0.0,1.0,-1.0
outer4,4,70,b979,120.0,60.0,29.99998664855957,66.45188903808594,-36.45190238952637,-30.0,-30.0,0.0,0.0,0.0
outer4,4,70,b979,120.0,90.0,41.40962219238281,66.45188903808594,-25.042266845703125,-30.0,0.0,0.0,0.0,0.0
outer4,4,70,b979,120.0,120.0,82.81924438476562,82.81924438476562,0.0,0.0,0.0,0.0,0.0,0.0
outer4,4,70,b979,120.0,150.0,180.0,120.00000762939453,59.99999237060547,60.0,0.0,0.0,0.0,0.0
outer4,4,70,b979,120.0,180.0,36.09777069091797,90.0,-53.90222930908203,-60.0,30.0,0.0,0.0,0.0
outer4,4,70,b979,120.0,210.0,102.50392150878906,0.0,102.50392150878906,90.0,60.0,0.0,1.0,-1.0
outer4,4,70,b979,120.0,240.0,30.000001907348633,75.52249145507812,-45.52248954772949,30.0,-90.0,0.0,0.0,0.0
outer4,4,70,b979,120.0,270.0,90.0,113.54811096191406,-23.548110961914062,30.0,30.0,0.0,0.0,0.0
outer4,4,70,b979,120.0,300.0,29.99998664855957,29.99998664855957,0.0,0.0,0.0,0.0,0.0,0.0
outer4,4,70,b979,120.0,330.0,82.81924438476562,82.81924438476562,0.0,0.0,0.0,0.0,0.0,0.0
outer4,4,70,b979,150.0,0.0,0.0,60.000003814697266,-60.000003814697266,0.0,-180.0,1.0,0.0,1.0
outer4,4,70,b979,150.0,30.0,0.0,0.0,0.0,0.0,0.0,1.0,1.0,0.0
outer4,4,70,b979,150.0,60.0,120.00000762939453,120.00000762939453,0.0,0.0,0.0,0.0,0.0,0.0
outer4,4,70,b979,150.0,90.0,90.0,60.000003814697266,29.999996185302734,30.0,0.0,0.0,0.0,0.0
outer4,4,70,b979,150.0,120.0,0.0,14.870942115783691,-14.870942115783691,0.0,-30.0,1.0,0.0,1.0
outer4,4,70,b979,150.0,150.0,0.0,122.24180603027344,-122.24180603027344,-120.0,-30.0,1.0,0.0,1.0
outer4,4,70,b979,150.0,180.0,0.0,120.00000762939453,-120.00000762939453,-120.0,0.0,1.0,0.0,1.0
outer4,4,70,b979,150.0,210.0,0.0,60.000003814697266,-60.000003814697266,0.0,-180.0,1.0,0.0,1.0
outer4,4,70,b979,150.0,240.0,0.0,57.7581901550293,-57.7581901550293,0.0,-150.0,1.0,0.0,1.0
outer4,4,70,b979,150.0,270.0,60.000003814697266,60.000003814697266,0.0,0.0,0.0,0.0,0.0,0.0
outer4,4,70,b979,150.0,300.0,60.000003814697266,57.7581901550293,2.2418136596679688,0.0,30.0,0.0,0.0,0.0
outer4,4,70,b979,150.0,330.0,60.000003814697266,60.000003814697266,0.0,0.0,0.0,0.0,0.0,0.0
outer4,4,70,baa9,30.0,0.0,0.0,0.0,0.0,0.0,0.0,1.0,1.0,0.0
outer4,4,70,baa9,30.0,30.0,0.0,0.0,0.0,0.0,0.0,1.0,1.0,0.0
outer4,4,70,baa9,30.0,60.0,0.0,0.0,0.0,0.0,0.0,1.0,1.0,0.0
outer4,4,70,baa9,30.0,90.0,0.0,0.0,0.0,0.0,0.0,1.0,1.0,0.0
outer4,4,70,baa9,30.0,120.0,0.0,0.0,0.0,0.0,0.0,1.0,1.0,0.0
outer4,4,70,baa9,30.0,150.0,0.0,0.0,0.0,0.0,0.0,1.0,1.0,0.0
outer4,4,70,baa9,30.0,180.0,0.0,0.0,0.0,0.0,0.0,1.0,1.0,0.0
outer4,4,70,baa9,30.0,210.0,0.0,0.0,0.0,0.0,0.0,1.0,1.0,0.0
outer4,4,70,baa9,30.0,240.0,0.0,0.0,0.0,0.0,0.0,1.0,1.0,0.0
outer4,4,70,baa9,30.0,270.0,0.0,0.0,0.0,0.0,0.0,1.0,1.0,0.0
outer4,4,70,baa9,30.0,300.0,0.0,0.0,0.0,0.0,0.0,1.0,1.0,0.0
outer4,4,70,baa9,30.0,330.0,0.0,0.0,0.0,0.0,0.0,1.0,1.0,0.0
outer4,4,70,baa9,60.0,0.0,0.0,0.0,0.0,0.0,0.0,1.0,1.0,0.0
outer4,4,70,baa9,60.0,30.0,0.0,0.0,0.0,0.0,0.0,1.0,1.0,0.0
outer4,4,70,baa9,60.0,60.0,0.0,0.0,0.0,0.0,0.0,1.0,1.0,0.0
outer4,4,70,baa9,60.0,90.0,0.0,0.0,0.0,0.0,0.0,1.0,1.0,0.0
outer4,4,70,baa9,60.0,120.0,0.0,0.0,0.0,0.0,0.0,1.0,1.0,0.0
outer4,4,70,baa9,60.0,150.0,0.0,0.0,0.0,0.0,0.0,1.0,1.0,0.0
outer4,4,70,baa9,60.0,180.0,0.0,0.0,0.0,0.0,0.0,1.0,1.0,0.0
outer4,4,70,baa9,60.0,210.0,0.0,82.81924438476562,-82.81924438476562,-60.0,-60.0,1.0,0.0,1.0
outer4,4,70,baa9,60.0,240.0,0.0,0.0,0.0,0.0,0.0,1.0,1.0,0.0
outer4,4,70,baa9,60.0,270.0,0.0,0.0,0.0,0.0,0.0,1.0,1.0,0.0
outer4,4,70,baa9,60.0,300.0,0.0,0.0,0.0,0.0,0.0,1.0,1.0,0.0
outer4,4,70,baa9,60.0,330.0,0.0,0.0,0.0,0.0,0.0,1.0,1.0,0.0
outer4,4,70,baa9,90.0,0.0,0.0,0.0,0.0,0.0,0.0,1.0,1.0,0.0
outer4,4,70,baa9,90.0,30.0,0.0,0.0,0.0,0.0,0.0,1.0,1.0,0.0
outer4,4,70,baa9,90.0,60.0,0.0,0.0,0.0,0.0,0.0,1.0,1.0,0.0
outer4,4,70,baa9,90.0,90.0,180.0,0.0,180.0,0.0,180.0,0.0,1.0,-1.0
outer4,4,70,baa9,90.0,120.0,0.0,0.0,0.0,0.0,0.0,1.0,1.0,0.0
outer4,4,70,baa9,90.0,150.0,0.0,0.0,0.0,0.0,0.0,1.0,1.0,0.0
outer4,4,70,baa9,90.0,180.0,180.0,0.0,180.0,0.0,180.0,0.0,1.0,-1.0
outer4,4,70,baa9,90.0,210.0,0.0,0.0,0.0,0.0,0.0,1.0,1.0,0.0
outer4,4,70,baa9,90.0,240.0,0.0,0.0,0.0,0.0,0.0,1.0,1.0,0.0
outer4,4,70,baa9,90.0,270.0,0.0,0.0,0.0,0.0,0.0,1.0,1.0,0.0
outer4,4,70,baa9,90.0,300.0,0.0,0.0,0.0,0.0,0.0,1.0,1.0,0.0
outer4,4,70,baa9,90.0,330.0,0.0,0.0,0.0,0.0,0.0,1.0,1.0,0.0
outer4,4,70,baa9,120.0,0.0,0.0,0.0,0.0,0.0,0.0,1.0,1.0,0.0
outer4,4,70,baa9,120.0,30.0,0.0,0.0,0.0,0.0,0.0,1.0,1.0,0.0
outer4,4,70,baa9,120.0,60.0,0.0,0.0,0.0,0.0,0.0,1.0,1.0,0.0
outer4,4,70,baa9,120.0,90.0,0.0,0.0,0.0,0.0,0.0,1.0,1.0,0.0
outer4,4,70,baa9,120.0,120.0,0.0,0.0,0.0,0.0,0.0,1.0,1.0,0.0
outer4,4,70,baa9,120.0,150.0,0.0,0.0,0.0,0.0,0.0,1.0,1.0,0.0
outer4,4,70,baa9,120.0,180.0,0.0,0.0,0.0,0.0,0.0,1.0,1.0,0.0
outer4,4,70,baa9,120.0,210.0,0.0,0.0,0.0,0.0,0.0,1.0,1.0,0.0
outer4,4,70,baa9,120.0,240.0,0.0,0.0,0.0,0.0,0.0,1.0,1.0,0.0
outer4,4,70,baa9,120.0,270.0,0.0,0.0,0.0,0.0,0.0,1.0,1.0,0.0
outer4,4,70,baa9,120.0,300.0,0.0,0.0,0.0,0.0,0.0,1.0,1.0,0.0
outer4,4,70,baa9,120.0,330.0,0.0,0.0,0.0,0.0,0.0,1.0,1.0,0.0
outer4,4,70,baa9,150.0,0.0,0.0,0.0,0.0,0.0,0.0,1.0,1.0,0.0
outer4,4,70,baa9,150.0,30.0,0.0,0.0,0.0,0.0,0.0,1.0,1.0,0.0
outer4,4,70,baa9,150.0,60.0,0.0,0.0,0.0,0.0,0.0,1.0,1.0,0.0
outer4,4,70,baa9,150.0,90.0,0.0,0.0,0.0,0.0,0.0,1.0,1.0,0.0
outer4,4,70,baa9,150.0,120.0,0.0,0.0,0.0,0.0,0.0,1.0,1.0,0.0
outer4,4,70,baa9,150.0,150.0,0.0,0.0,0.0,0.0,0.0,1.0,1.0,0.0
outer4,4,70,baa9,150.0,180.0,0.0,0.0,0.0,0.0,0.0,1.0,1.0,0.0
outer4,4,70,baa9,150.0,210.0,0.0,0.0,0.0,0.0,0.0,1.0,1.0,0.0
outer4,4,70,baa9,150.0,240.0,0.0,0.0,0.0,0.0,0.0,1.0,1.0,0.0
outer4,4,70,baa9,150.0,270.0,0.0,0.0,0.0,0.0,0.0,1.0,1.0,0.0
outer4,4,70,baa9,150.0,300.0,0.0,0.0,0.0,0.0,0.0,1.0,1.0,0.0
outer4,4,70,baa9,150.0,330.0,0.0,0.0,0.0,0.0,0.0,1.0,1.0,0.0
outer4,4,70,bb26,30.0,0.0,90.0,90.0,0.0,0.0,0.0,0.0,0.0,0.0
outer4,4,70,bb26,30.0,30.0,30.000001907348633,0.0,30.000001907348633,30.0,0.0,0.0,1.0,-1.0
outer4,4,70,bb26,30.0,60.0,151.04498291015625,0.0,151.04498291015625,120.0,120.0,0.0,1.0,-1.0
outer4,4,70,bb26,30.0,90.0,180.0,180.0,0.0,0.0,0.0,0.0,0.0,0.0
outer4,4,70,bb26,30.0,120.0,128.68218994140625,122.24180603027344,6.4403839111328125,0.0,30.0,0.0,0.0,0.0
outer4,4,70,bb26,30.0,150.0,0.0,60.000003814697266,-60.000003814697266,0.0,-180.0,1.0,0.0,1.0
outer4,4,70,bb26,30.0,180.0,30.000001907348633,30.000001907348633,0.0,0.0,0.0,0.0,0.0,0.0
outer4,4,70,bb26,30.0,210.0,128.68218994140625,0.0,128.68218994140625,120.0,60.0,0.0,1.0,-1.0
outer4,4,70,bb26,30.0,240.0,60.000003814697266,60.000003814697266,0.0,0.0,0.0,0.0,0.0,0.0
outer4,4,70,bb26,30.0,270.0,60.000003814697266,60.000003814697266,0.0,0.0,0.0,0.0,0.0,0.0
outer4,4,70,bb26,30.0,300.0,60.000003814697266,77.49608612060547,-17.496082305908203,-30.0,60.0,0.0,0.0,0.0
outer4,4,70,bb26,30.0,330.0,102.50392150878906,93.32575988769531,9.17816162109375,0.0,30.0,0.0,0.0,0.0
outer4,4,70,bb26,60.0,0.0,120.00000762939453,120.00000762939453,0.0,0.0,0.0,0.0,0.0,0.0
outer4,4,70,bb26,60.0,30.0,130.50535583496094,0.0,130.50535583496094,90.0,120.0,0.0,1.0,-1.0
outer4,4,70,bb26,60.0,60.0,0.0,0.0,0.0,0.0,0.0,1.0,1.0,0.0
outer4,4,70,bb26,60.0,90.0,66.45188903808594,25.905075073242188,40.54681396484375,60.0,0.0,0.0,0.0,0.0
outer4,4,70,bb26,60.0,120.0,60.000003814697266,97.1807632446289,-37.18075942993164,60.0,-120.0,0.0,0.0,0.0
outer4,4,70,bb26,60.0,150.0,0.0,82.81924438476562,-82.81924438476562,-60.0,-60.0,1.0,0.0,1.0
outer4,4,70,bb26,60.0,180.0,0.0,0.0,0.0,0.0,0.0,1.0,1.0,0.0
outer4,4,70,bb26,60.0,210.0,0.0,60.000003814697266,-60.000003814697266,-60.0,0.0,1.0,0.0,1.0
outer4,4,70,bb26,60.0,240.0,120.00000762939453,120.00000762939453,0.0,0.0,0.0,0.0,0.0,0.0
outer4,4,70,bb26,60.0,270.0,25.905075073242188,25.905075073242188,0.0,0.0,0.0,0.0,0.0,0.0
outer4,4,70,bb26,60.0,300.0,97.18075561523438,128.68218994140625,-31.501434326171875,-60.0,0.0,0.0,0.0,0.0
outer4,4,70,bb26,60.0,330.0,25.90509033203125,128.6822052001953,-102.77711486816406,-60.0,-90.0,0.0,0.0,0.0
outer4,4,70,bb26,90.0,0.0,0.0,0.0,0.0,0.0,0.0,1.0,1.0,0.0
outer4,4,70,bb26,90.0,30.0,0.0,180.0,-180.0,0.0,-180.0,1.0,0.0,1.0
outer4,4,70,bb26,90.0,60.0,0.0,0.0,0.0,0.0,0.0,1.0,1.0,0.0
outer4,4,70,bb26,90.0,90.0,30.000001907348633,30.000001907348633,0.0,0.0,0.0,0.0,0.0,0.0
outer4,4,70,bb26,90.0,120.0,0.0,180.0,-180.0,0.0,-180.0,1.0,0.0,1.0
outer4,4,70,bb26,90.0,150.0,60.000003814697266,180.0,-119.99999618530273,0.0,-120.0,0.0,0.0,0.0
outer4,4,70,bb26,90.0,180.0,180.0,30.000001907348633,149.99999809265137,0.0,150.0,0.0,0.0,0.0
outer4,4,70,bb26,90.0,210.0,180.0,0.0,180.0,0.0,180.0,0.0,1.0,-1.0
outer4,4,70,bb26,90.0,240.0,180.0,180.0,0.0,0.0,0.0,0.0,0.0,0.0
outer4,4,70,bb26,90.0,270.0,150.0,150.0,0.0,0.0,0.0,0.0,0.0,0.0
outer4,4,70,bb26,90.0,300.0,150.0,0.0,150.0,0.0,150.0,0.0,1.0,-1.0
outer4,4,70,bb26,90.0,330.0,60.00000762939453,120.00000762939453,-60.0,0.0,-60.0,0.0,0.0,0.0
outer4,4,70,bb26,120.0,0.0,120.00000762939453,120.00000762939453,0.0,0.0,0.0,0.0,0.0,0.0
outer4,4,70,bb26,120.0,30.0,128.6822052001953,120.00000762939453,8.682197570800781,60.0,-60.0,0.0,0.0,0.0
outer4,4,70,bb26,120.0,60.0,0.0,0.0,0.0,0.0,0.0,1.0,1.0,0.0
outer4,4,70,bb26,120.0,90.0,154.09490966796875,25.905075073242188,128.18983459472656,60.0,120.0,0.0,0.0,0.0
outer4,4,70,bb26,120.0,120.0,82.81924438476562,128.6822052001953,-45.86296081542969,0.0,-60.0,0.0,0.0,0.0
outer4,4,70,bb26,120.0,150.0,60.000003814697266,51.31781005859375,8.682193756103516,60.0,-60.0,0.0,0.0,0.0
outer4,4,70,bb26,120.0,180.0,0.0,120.00000762939453,-120.00000762939453,0.0,-180.0,1.0,0.0,1.0
outer4,4,70,bb26,120.0,210.0,0.0,0.0,0.0,0.0,0.0,1.0,1.0,0.0
outer4,4,70,bb26,120.0,240.0,0.0,25.905075073242188,-25.905075073242188,0.0,-30.0,1.0,0.0,1.0
outer4,4,70,bb26,120.0,270.0,0.0,0.0,0.0,0.0,0.0,1.0,1.0,0.0
outer4,4,70,bb26,120.0,300.0,128.68218994140625,128.68218994140625,0.0,0.0,0.0,0.0,0.0,0.0
outer4,4,70,bb26,120.0,330.0,0.0,82.81924438476562,-82.81924438476562,-60.0,-60.0,1.0,0.0,1.0
outer4,4,70,bb26,150.0,0.0,29.99998664855957,29.99998664855957,0.0,0.0,0.0,0.0,0.0,0.0
outer4,4,70,bb26,150.0,30.0,29.99998664855957,36.09777069091797,-6.097784042358398,0.0,-30.0,0.0,0.0,0.0
outer4,4,70,bb26,150.0,60.0,120.00000762939453,90.0,30.00000762939453,30.0,0.0,0.0,0.0,0.0
outer4,4,70,bb26,150.0,90.0,180.0,180.0,0.0,0.0,0.0,0.0,0.0,0.0
outer4,4,70,bb26,150.0,120.0,128.68218994140625,128.68218994140625,0.0,0.0,0.0,0.0,0.0,0.0
outer4,4,70,bb26,150.0,150.0,0.0,122.24180603027344,-122.24180603027344,-120.0,-30.0,1.0,0.0,1.0
outer4,4,70,bb26,150.0,180.0,29.99998664855957,29.99998664855957,0.0,0.0,0.0,0.0,0.0,0.0
outer4,4,70,bb26,150.0,210.0,128.68218994140625,151.04498291015625,-22.36279296875,0.0,-60.0,0.0,0.0,0.0
outer4,4,70,bb26,150.0,240.0,60.000003814697266,57.7581901550293,2.2418136596679688,0.0,30.0,0.0,0.0,0.0
outer4,4,70,bb26,150.0,270.0,0.0,0.0,0.0,0.0,0.0,1.0,1.0,0.0
outer4,4,70,bb26,150.0,300.0,0.0,151.04498291015625,-151.04498291015625,-120.0,-120.0,1.0,0.0,1.0
outer4,4,70,bb26,150.0,330.0,0.0,165.12905883789062,-165.12905883789062,-120.0,-150.0,1.0,0.0,1.0
outer4,4,71,b7fd,30.0,0.0,60.000003814697266,30.000001907348633,30.000001907348633,-30.0,180.0,0.0,0.0,0.0
outer4,4,71,b7fd,30.0,30.0,30.000001907348633,30.000001907348633,0.0,0.0,0.0,0.0,0.0,0.0
outer4,4,71,b7fd,30.0,60.0,128.68218994140625,122.24180603027344,6.4403839111328125,0.0,30.0,0.0,0.0,0.0
outer4,4,71,b7fd,30.0,90.0,120.00000762939453,120.00000762939453,0.0,0.0,0.0,0.0,0.0,0.0
outer4,4,71,b7fd,30.0,120.0,36.097782135009766,36.097782135009766,0.0,0.0,0.0,0.0,0.0,0.0
outer4,4,71,b7fd,30.0,150.0,130.50535583496094,90.0,40.50535583496094,0.0,120.0,0.0,0.0,0.0
outer4,4,71,b7fd,30.0,180.0,0.0,0.0,0.0,0.0,0.0,1.0,1.0,0.0
outer4,4,71,b7fd,30.0,210.0,0.0,36.097782135009766,-36.097782135009766,-30.0,-30.0,1.0,0.0,1.0
outer4,4,71,b7fd,30.0,240.0,151.04498291015625,165.12905883789062,-14.084075927734375,0.0,-30.0,0.0,0.0,0.0
outer4,4,71,b7fd,30.0,270.0,14.870942115783691,60.000003814697266,-45.129061698913574,0.0,-150.0,0.0,0.0,0.0
outer4,4,71,b7fd,30.0,300.0,57.7581901550293,60.000003814697266,-2.2418136596679688,0.0,-30.0,0.0,0.0,0.0
outer4,4,71,b7fd,30.0,330.0,0.0,102.50392150878906,-102.50392150878906,-90.0,-60.0,1.0,0.0,1.0
outer4,4,71,b7fd,60.0,0.0,0.0,0.0,0.0,0.0,0.0,1.0,1.0,0.0
outer4,4,71,b7fd,60.0,30.0,0.0,49.494659423828125,-49.494659423828125,-30.0,-60.0,1.0,0.0,1.0
outer4,4,71,b7fd,60.0,60.0,128.68218994140625,128.68218994140625,0.0,0.0,0.0,0.0,0.0,0.0
outer4,4,71,b7fd,60.0,90.0,0.0,0.0,0.0,0.0,0.0,1.0,1.0,0.0
outer4,4,71,b7fd,60.0,120.0,0.0,0.0,0.0,0.0,0.0,1.0,1.0,0.0
outer4,4,71,b7fd,60.0,150.0,60.000003814697266,97.1807632446289,-37.18075942993164,60.0,-120.0,0.0,0.0,0.0
outer4,4,71,b7fd,60.0,180.0,0.0,0.0,0.0,0.0,0.0,1.0,1.0,0.0
outer4,4,71,b7fd,60.0,210.0,60.000003814697266,154.0949249267578,-94.09492111206055,0.0,-150.0,0.0,0.0,0.0
outer4,4,71,b7fd,60.0,240.0,128.6822052001953,154.09490966796875,-25.412704467773438,0.0,-30.0,0.0,0.0,0.0
outer4,4,71,b7fd,60.0,270.0,0.0,120.00000762939453,-120.00000762939453,0.0,-180.0,1.0,0.0,1.0
outer4,4,71,b7fd,60.0,300.0,0.0,0.0,0.0,0.0,0.0,1.0,1.0,0.0
outer4,4,71,b7fd,60.0,330.0,0.0,97.1807632446289,-97.1807632446289,0.0,-120.0,1.0,0.0,1.0
outer4,4,71,b7fd,90.0,0.0,180.0,150.0,30.0,0.0,30.0,0.0,0.0,0.0
outer4,4,71,b7fd,90.0,30.0,120.00000762939453,120.00000762939453,0.0,0.0,0.0,0.0,0.0,0.0
outer4,4,71,b7fd,90.0,60.0,60.000003814697266,30.000001907348633,30.000001907348633,0.0,30.0,0.0,0.0,0.0
outer4,4,71,b7fd,90.0,90.0,0.0,180.0,-180.0,0.0,-180.0,1.0,0.0,1.0
outer4,4,71,b7fd,90.0,120.0,0.0,30.000001907348633,-30.000001907348633,0.0,-30.0,1.0,0.0,1.0
outer4,4,71,b7fd,90.0,150.0,180.0,0.0,180.0,0.0,180.0,0.0,1.0,-1.0
outer4,4,71,b7fd,90.0,180.0,0.0,0.0,0.0,0.0,0.0,1.0,1.0,0.0
outer4,4,71,b7fd,90.0,210.0,60.000003814697266,60.000003814697266,0.0,0.0,0.0,0.0,0.0,0.0
outer4,4,71,b7fd,90.0,240.0,120.00000762939453,120.00000762939453,0.0,0.0,0.0,0.0,0.0,0.0
outer4,4,71,b7fd,90.0,270.0,0.0,0.0,0.0,0.0,0.0,1.0,1.0,0.0
outer4,4,71,b7fd,90.0,300.0,60.000003814697266,30.000001907348633,30.000001907348633,0.0,30.0,0.0,0.0,0.0
outer4,4,71,b7fd,90.0,330.0,0.0,180.0,-180.0,0.0,-180.0,1.0,0.0,1.0
outer4,4,71,b7fd,120.0,0.0,0.0,0.0,0.0,0.0,0.0,1.0,1.0,0.0
outer4,4,71,b7fd,120.0,30.0,0.0,82.81924438476562,-82.81924438476562,-60.0,-60.0,1.0,0.0,1.0
outer4,4,71,b7fd,120.0,60.0,128.68218994140625,104.47750854492188,24.204681396484375,0.0,30.0,0.0,0.0,0.0
outer4,4,71,b7fd,120.0,90.0,29.99998664855957,30.000001907348633,-1.52587890625e-05,0.0,0.0,0.0,0.0,0.0
outer4,4,71,b7fd,120.0,120.0,25.905075073242188,25.905075073242188,0.0,0.0,0.0,0.0,0.0,0.0
outer4,4,71,b7fd,120.0,150.0,0.0,113.54811096191406,-113.54811096191406,0.0,-150.0,1.0,0.0,1.0
outer4,4,71,b7fd,120.0,180.0,0.0,60.000003814697266,-60.000003814697266,-60.0,0.0,1.0,0.0,1.0
outer4,4,71,b7fd,120.0,210.0,51.31781005859375,120.00000762939453,-68.68219757080078,0.0,-120.0,0.0,0.0,0.0
outer4,4,71,b7fd,120.0,240.0,128.6822052001953,154.09490966796875,-25.412704467773438,0.0,-30.0,0.0,0.0,0.0
outer4,4,71,b7fd,120.0,270.0,36.09777069091797,120.00000762939453,-83.90223693847656,30.0,-150.0,0.0,0.0,0.0
outer4,4,71,b7fd,120.0,300.0,29.99998664855957,29.99998664855957,0.0,0.0,0.0,0.0,0.0,0.0
outer4,4,71,b7fd,120.0,330.0,0.0,120.00000762939453,-120.00000762939453,0.0,-180.0,1.0,0.0,1.0
outer4,4,71,b7fd,150.0,0.0,29.99998664855957,60.000003814697266,-30.000017166137695,30.0,-180.0,0.0,0.0,0.0
outer4,4,71,b7fd,150.0,30.0,29.99998664855957,29.99998664855957,0.0,0.0,0.0,0.0,0.0,0.0
outer4,4,71,b7fd,150.0,60.0,122.24180603027344,122.24180603027344,0.0,0.0,0.0,0.0,0.0,0.0
outer4,4,71,b7fd,150.0,90.0,0.0,180.0,-180.0,-120.0,-180.0,1.0,0.0,1.0
outer4,4,71,b7fd,150.0,120.0,0.0,14.870942115783691,-14.870942115783691,0.0,-30.0,1.0,0.0,1.0
outer4,4,71,b7fd,150.0,150.0,150.0,93.32574462890625,56.67425537109375,0.0,150.0,0.0,0.0,0.0
outer4,4,71,b7fd,150.0,180.0,29.99998664855957,29.99998664855957,0.0,0.0,0.0,0.0,0.0,0.0
outer4,4,71,b7fd,150.0,210.0,29.99998664855957,36.09777069091797,-6.097784042358398,0.0,-30.0,0.0,0.0,0.0
outer4,4,71,b7fd,150.0,240.0,165.12905883789062,165.12905883789062,0.0,0.0,0.0,0.0,0.0,0.0
outer4,4,71,b7fd,150.0,270.0,0.0,0.0,0.0,0.0,0.0,1.0,1.0,0.0
outer4,4,71,b7fd,150.0,300.0,60.000003814697266,60.000003814697266,0.0,0.0,0.0,0.0,0.0,0.0
outer4,4,71,b7fd,150.0,330.0,102.50391387939453,49.49464416503906,53.00926971435547,60.0,0.0,0.0,0.0,0.0
outer4,4,71,b8ed,30.0,0.0,0.0,0.0,0.0,0.0,0.0,1.0,1.0,0.0
outer4,4,71,b8ed,30.0,30.0,60.000003814697266,60.000003814697266,0.0,0.0,0.0,0.0,0.0,0.0
outer4,4,71,b8ed,30.0,60.0,0.0,165.12905883789062,-165.12905883789062,-120.0,-150.0,1.0,0.0,1.0
outer4,4,71,b8ed,30.0,90.0,0.0,0.0,0.0,0.0,0.0,1.0,1.0,0.0
outer4,4,71,b8ed,30.0,120.0,120.00000762939453,120.00000762939453,0.0,0.0,0.0,0.0,0.0,0.0
outer4,4,71,b8ed,30.0,150.0,0.0,0.0,0.0,0.0,0.0,1.0,1.0,0.0
outer4,4,71,b8ed,30.0,180.0,0.0,0.0,0.0,0.0,0.0,1.0,1.0,0.0
outer4,4,71,b8ed,30.0,210.0,0.0,0.0,0.0,0.0,0.0,1.0,1.0,0.0
outer4,4,71,b8ed,30.0,240.0,122.24180603027344,122.24180603027344,0.0,0.0,0.0,0.0,0.0,0.0
outer4,4,71,b8ed,30.0,270.0,14.870942115783691,60.000003814697266,-45.129061698913574,0.0,-150.0,0.0,0.0,0.0
outer4,4,71,b8ed,30.0,300.0,0.0,0.0,0.0,0.0,0.0,1.0,1.0,0.0
outer4,4,71,b8ed,30.0,330.0,0.0,0.0,0.0,0.0,0.0,1.0,1.0,0.0
outer4,4,71,b8ed,60.0,0.0,30.000001907348633,30.000001907348633,0.0,0.0,0.0,0.0,0.0,0.0
outer4,4,71,b8ed,60.0,30.0,0.0,90.0,-90.0,-90.0,0.0,1.0,0.0,1.0
outer4,4,71,b8ed,60.0,60.0,97.18075561523438,128.68218994140625,-31.501434326171875,-60.0,0.0,0.0,0.0,0.0
outer4,4,71,b8ed,60.0,90.0,0.0,0.0,0.0,0.0,0.0,1.0,1.0,0.0
outer4,4,71,b8ed,60.0,120.0,97.1807632446289,0.0,97.1807632446289,0.0,120.0,0.0,1.0,-1.0
outer4,4,71,b8ed,60.0,150.0,0.0,128.6822052001953,-128.6822052001953,-60.0,-120.0,1.0,0.0,1.0
outer4,4,71,b8ed,60.0,180.0,30.000001907348633,30.000001907348633,0.0,0.0,0.0,0.0,0.0,0.0
outer4,4,71,b8ed,60.0,210.0,0.0,120.00000762939453,-120.00000762939453,0.0,-180.0,1.0,0.0,1.0
outer4,4,71,b8ed,60.0,240.0,0.0,0.0,0.0,0.0,0.0,1.0,1.0,0.0
outer4,4,71,b8ed,60.0,270.0,120.00000762939453,120.00000762939453,0.0,0.0,0.0,0.0,0.0,0.0
outer4,4,71,b8ed,60.0,300.0,0.0,0.0,0.0,0.0,0.0,1.0,1.0,0.0
outer4,4,71,b8ed,60.0,330.0,0.0,82.81924438476562,-82.81924438476562,-60.0,-60.0,1.0,0.0,1.0
outer4,4,71,b8ed,90.0,0.0,180.0,150.0,30.0,0.0,30.0,0.0,0.0,0.0
outer4,4,71,b8ed,90.0,30.0,0.0,180.0,-180.0,0.0,-180.0,1.0,0.0,1.0
outer4,4,71,b8ed,90.0,60.0,60.000003814697266,0.0,60.000003814697266,0.0,60.0,0.0,1.0,-1.0
outer4,4,71,b8ed,90.0,90.0,180.0,180.0,0.0,0.0,0.0,0.0,0.0,0.0
outer4,4,71,b8ed,90.0,120.0,0.0,0.0,0.0,0.0,0.0,1.0,1.0,0.0
outer4,4,71,b8ed,90.0,150.0,120.00000762939453,60.000003814697266,60.000003814697266,0.0,60.0,0.0,0.0,0.0
outer4,4,71,b8ed,90.0,180.0,0.0,30.000001907348633,-30.000001907348633,0.0,-30.0,1.0,0.0,1.0
outer4,4,71,b8ed,90.0,210.0,0.0,0.0,0.0,0.0,0.0,1.0,1.0,0.0
outer4,4,71,b8ed,90.0,240.0,120.00000762939453,120.00000762939453,0.0,0.0,0.0,0.0,0.0,0.0
outer4,4,71,b8ed,90.0,270.0,0.0,0.0,0.0,0.0,0.0,1.0,1.0,0.0
outer4,4,71,b8ed,90.0,300.0,0.0,180.0,-180.0,0.0,-180.0,1.0,0.0,1.0
outer4,4,71,b8ed,90.0,330.0,120.00000762939453,120.00000762939453,0.0,0.0,0.0,0.0,0.0,0.0
outer4,4,71,b8ed,120.0,0.0,90.0,29.99998664855957,60.00001335144043,60.0,0.0,0.0,0.0,0.0
outer4,4,71,b8ed,120.0,30.0,0.0,0.0,0.0,0.0,0.0,1.0,1.0,0.0
outer4,4,71,b8ed,120.0,60.0,128.68218994140625,128.68218994140625,0.0,0.0,0.0,0.0,0.0,0.0
outer4,4,71,b8ed,120.0,90.0,0.0,0.0,0.0,0.0,0.0,1.0,1.0,0.0
outer4,4,71,b8ed,120.0,120.0,97.18075561523438,128.6822052001953,-31.501449584960938,-60.0,0.0,0.0,0.0,0.0
outer4,4,71,b8ed,120.0,150.0,29.99998664855957,97.18075561523438,-67.1807689666748,30.0,-120.0,0.0,0.0,0.0
outer4,4,71,b8ed,120.0,180.0,29.99998664855957,29.99998664855957,0.0,0.0,0.0,0.0,0.0,0.0
outer4,4,71,b8ed,120.0,210.0,0.0,120.00000762939453,-120.00000762939453,0.0,-180.0,1.0,0.0,1.0
outer4,4,71,b8ed,120.0,240.0,25.905075073242188,0.0,25.905075073242188,0.0,30.0,0.0,1.0,-1.0
outer4,4,71,b8ed,120.0,270.0,0.0,0.0,0.0,0.0,0.0,1.0,1.0,0.0
outer4,4,71,b8ed,120.0,300.0,0.0,0.0,0.0,0.0,0.0,1.0,1.0,0.0
outer4,4,71,b8ed,120.0,330.0,0.0,25.905075073242188,-25.905075073242188,0.0,-30.0,1.0,0.0,1.0
outer4,4,71,b8ed,150.0,0.0,120.00000762939453,60.000003814697266,60.000003814697266,120.0,-180.0,0.0,0.0,0.0
outer4,4,71,b8ed,150.0,30.0,60.000003814697266,60.000003814697266,0.0,0.0,0.0,0.0,0.0,0.0
outer4,4,71,b8ed,150.0,60.0,0.0,120.00000762939453,-120.00000762939453,-120.0,0.0,1.0,0.0,1.0
outer4,4,71,b8ed,150.0,90.0,0.0,0.0,0.0,0.0,0.0,1.0,1.0,0.0
outer4,4,71,b8ed,150.0,120.0,0.0,0.0,0.0,0.0,0.0,1.0,1.0,0.0
outer4,4,71,b8ed,150.0,150.0,0.0,0.0,0.0,0.0,0.0,1.0,1.0,0.0
outer4,4,71,b8ed,150.0,180.0,0.0,0.0,0.0,0.0,0.0,1.0,1.0,0.0
outer4,4,71,b8ed,150.0,210.0,0.0,0.0,0.0,0.0,0.0,1.0,1.0,0.0
outer4,4,71,b8ed,150.0,240.0,0.0,0.0,0.0,0.0,0.0,1.0,1.0,0.0
outer4,4,71,b8ed,150.0,270.0,14.870942115783691,0.0,14.870942115783691,0.0,30.0,0.0,1.0,-1.0
outer4,4,71,b8ed,150.0,300.0,0.0,0.0,0.0,0.0,0.0,1.0,1.0,0.0
outer4,4,71,b8ed,150.0,330.0,122.24180603027344,0.0,122.24180603027344,120.0,30.0,0.0,1.0,-1.0
outer4,4,71,b979,30.0,0.0,60.000003814697266,0.0,60.000003814697266,0.0,180.0,0.0,1.0,-1.0
outer4,4,71,b979,30.0,30.0,0.0,0.0,0.0,0.0,0.0,1.0,1.0,0.0
outer4,4,71,b979,30.0,60.0,122.24180603027344,122.24180603027344,0.0,0.0,0.0,0.0,0.0,0.0
outer4,4,71,b979,30.0,90.0,60.000003814697266,60.000003814697266,0.0,0.0,0.0,0.0,0.0,0.0
outer4,4,71,b979,30.0,120.0,128.68218994140625,28.95502281188965,99.7271671295166,120.0,0.0,0.0,0.0,0.0
outer4,4,71,b979,30.0,150.0,60.000003814697266,0.0,60.000003814697266,0.0,180.0,0.0,1.0,-1.0
outer4,4,71,b979,30.0,180.0,0.0,0.0,0.0,0.0,0.0,1.0,1.0,0.0
outer4,4,71,b979,30.0,210.0,0.0,0.0,0.0,0.0,0.0,1.0,1.0,0.0
outer4,4,71,b979,30.0,240.0,0.0,165.12905883789062,-165.12905883789062,-120.0,-150.0,1.0,0.0,1.0
outer4,4,71,b979,30.0,270.0,60.000003814697266,60.000003814697266,0.0,0.0,0.0,0.0,0.0,0.0
outer4,4,71,b979,30.0,300.0,51.31781005859375,51.31781005859375,0.0,0.0,0.0,0.0,0.0,0.0
outer4,4,71,b979,30.0,330.0,28.95502281188965,28.95502281188965,0.0,0.0,0.0,0.0,0.0,0.0
outer4,4,71,b979,60.0,0.0,90.0,30.000001907348633,59.99999809265137,0.0,180.0,0.0,0.0,0.0
outer4,4,71,b979,60.0,30.0,120.00000762939453,86.67425537109375,33.32575225830078,-30.0,30.0,0.0,0.0,0.0
outer4,4,71,b979,60.0,60.0,66.45188903808594,66.45188903808594,0.0,0.0,0.0,0.0,0.0,0.0
outer4,4,71,b979,60.0,90.0,41.40962219238281,138.59039306640625,-97.18077087402344,0.0,-120.0,0.0,0.0,0.0
outer4,4,71,b979,60.0,120.0,75.52249908447266,25.905075073242188,49.61742401123047,0.0,60.0,0.0,0.0,0.0
outer4,4,71,b979,60.0,150.0,180.0,97.1807632446289,82.8192367553711,60.0,60.0,0.0,0.0,0.0
outer4,4,71,b979,60.0,180.0,36.097782135009766,30.000001907348633,6.097780227661133,0.0,30.0,0.0,0.0,0.0
outer4,4,71,b979,60.0,210.0,0.0,120.00000762939453,-120.00000762939453,0.0,-180.0,1.0,0.0,1.0
outer4,4,71,b979,60.0,240.0,64.34110260009766,29.999998092651367,34.34110450744629,0.0,60.0,0.0,0.0,0.0
outer4,4,71,b979,60.0,270.0,120.00000762939453,86.67425537109375,33.32575225830078,-30.0,30.0,0.0,0.0,0.0
outer4,4,71,b979,60.0,300.0,130.50535583496094,51.31781005859375,79.18754577636719,90.0,60.0,0.0,0.0,0.0
outer4,4,71,b979,60.0,330.0,82.81924438476562,82.81924438476562,0.0,0.0,0.0,0.0,0.0,0.0
outer4,4,71,b979,90.0,0.0,180.0,138.59039306640625,41.40960693359375,-30.0,30.0,0.0,0.0,0.0
outer4,4,71,b979,90.0,30.0,30.000001907348633,30.000001907348633,0.0,-30.0,30.0,0.0,0.0,0.0
outer4,4,71,b979,90.0,60.0,60.000003814697266,90.0,-29.999996185302734,0.0,-30.0,0.0,0.0,0.0
outer4,4,71,b979,90.0,90.0,0.0,30.000001907348633,-30.000001907348633,0.0,-30.0,1.0,0.0,1.0
outer4,4,71,b979,90.0,120.0,180.0,30.000001907348633,149.99999809265137,0.0,150.0,0.0,0.0,0.0
outer4,4,71,b979,90.0,150.0,30.000001907348633,64.34109497070312,-34.34109306335449,-30.0,-30.0,0.0,0.0,0.0
outer4,4,71,b979,90.0,180.0,150.0,41.40962219238281,108.59037780761719,-30.0,120.0,0.0,0.0,0.0
outer4,4,71,b979,90.0,210.0,150.0,180.0,-30.0,0.0,-30.0,0.0,0.0,0.0
outer4,4,71,b979,90.0,240.0,120.00000762939453,90.0,30.00000762939453,0.0,30.0,0.0,0.0,0.0
outer4,4,71,b979,90.0,270.0,180.0,150.0,30.0,0.0,30.0,0.0,0.0,0.0
outer4,4,71,b979,90.0,300.0,0.0,150.0,-150.0,0.0,-150.0,1.0,0.0,1.0
outer4,4,71,b979,90.0,330.0,150.0,64.34110260009766,85.65889739990234,-30.0,90.0,0.0,0.0,0.0
outer4,4,71,b979,120.0,0.0,150.0,29.99998664855957,120.00001335144043,60.0,180.0,0.0,0.0,0.0
outer4,4,71,b979,120.0,30.0,0.0,154.0949249267578,-154.0949249267578,-60.0,-150.0,1.0,0.0,1.0
outer4,4,71,b979,120.0,60.0,29.99998664855957,64.34109497070312,-34.341108322143555,0.0,-90.0,0.0,0.0,0.0
outer4,4,71,b979,120.0,90.0,30.000001907348633,30.000001907348633,0.0,0.0,0.0,0.0,0.0,0.0
outer4,4,71,b979,120.0,120.0,113.54811096191406,115.6589126586914,-2.1108016967773438,-30.0,30.0,0.0,0.0,0.0
outer4,4,71,b979,120.0,150.0,180.0,97.18075561523438,82.81924438476562,60.0,60.0,0.0,0.0,0.0
outer4,4,71,b979,120.0,180.0,29.99998664855957,36.09777069091797,-6.097784042358398,0.0,-30.0,0.0,0.0,0.0
outer4,4,71,b979,120.0,210.0,90.0,180.0,-90.0,30.0,-180.0,0.0,0.0,0.0
outer4,4,71,b979,120.0,240.0,90.0,66.45188903808594,23.548110961914062,-30.0,60.0,0.0,0.0,0.0
outer4,4,71,b979,120.0,270.0,120.00000762939453,120.00000762939453,0.0,0.0,0.0,0.0,0.0,0.0
outer4,4,71,b979,120.0,300.0,36.09777069091797,36.09777069091797,0.0,0.0,0.0,0.0,0.0,0.0
outer4,4,71,b979,120.0,330.0,82.81924438476562,180.0,-97.18075561523438,0.0,-120.0,0.0,0.0,0.0
outer4,4,71,b979,150.0,0.0,0.0,0.0,0.0,0.0,0.0,1.0,1.0,0.0
outer4,4,71,b979,150.0,30.0,0.0,0.0,0.0,0.0,0.0,1.0,1.0,0.0
outer4,4,71,b979,150.0,60.0,0.0,0.0,0.0,0.0,0.0,1.0,1.0,0.0
outer4,4,71,b979,150.0,90.0,90.0,60.000003814697266,29.999996185302734,30.0,0.0,0.0,0.0,0.0
outer4,4,71,b979,150.0,120.0,0.0,14.870942115783691,-14.870942115783691,0.0,-30.0,1.0,0.0,1.0
outer4,4,71,b979,150.0,150.0,0.0,0.0,0.0,0.0,0.0,1.0,1.0,0.0
outer4,4,71,b979,150.0,180.0,0.0,0.0,0.0,0.0,0.0,1.0,1.0,0.0
outer4,4,71,b979,150.0,210.0,0.0,0.0,0.0,0.0,0.0,1.0,1.0,0.0
outer4,4,71,b979,150.0,240.0,0.0,0.0,0.0,0.0,0.0,1.0,1.0,0.0
outer4,4,71,b979,150.0,270.0,60.000003814697266,60.000003814697266,0.0,0.0,0.0,0.0,0.0,0.0
outer4,4,71,b979,150.0,300.0,60.000003814697266,57.7581901550293,2.2418136596679688,0.0,30.0,0.0,0.0,0.0
outer4,4,71,b979,150.0,330.0,60.000003814697266,60.000003814697266,0.0,0.0,0.0,0.0,0.0,0.0
outer4,4,71,baa9,30.0,0.0,0.0,0.0,0.0,0.0,0.0,1.0,1.0,0.0
outer4,4,71,baa9,30.0,30.0,0.0,0.0,0.0,0.0,0.0,1.0,1.0,0.0
outer4,4,71,baa9,30.0,60.0,0.0,0.0,0.0,0.0,0.0,1.0,1.0,0.0
outer4,4,71,baa9,30.0,90.0,0.0,0.0,0.0,0.0,0.0,1.0,1.0,0.0
outer4,4,71,baa9,30.0,120.0,0.0,0.0,0.0,0.0,0.0,1.0,1.0,0.0
outer4,4,71,baa9,30.0,150.0,0.0,0.0,0.0,0.0,0.0,1.0,1.0,0.0
outer4,4,71,baa9,30.0,180.0,0.0,0.0,0.0,0.0,0.0,1.0,1.0,0.0
outer4,4,71,baa9,30.0,210.0,0.0,0.0,0.0,0.0,0.0,1.0,1.0,0.0
outer4,4,71,baa9,30.0,240.0,0.0,0.0,0.0,0.0,0.0,1.0,1.0,0.0
outer4,4,71,baa9,30.0,270.0,0.0,0.0,0.0,0.0,0.0,1.0,1.0,0.0
outer4,4,71,baa9,30.0,300.0,0.0,0.0,0.0,0.0,0.0,1.0,1.0,0.0
outer4,4,71,baa9,30.0,330.0,0.0,0.0,0.0,0.0,0.0,1.0,1.0,0.0
outer4,4,71,baa9,60.0,0.0,0.0,0.0,0.0,0.0,0.0,1.0,1.0,0.0
outer4,4,71,baa9,60.0,30.0,0.0,0.0,0.0,0.0,0.0,1.0,1.0,0.0
outer4,4,71,baa9,60.0,60.0,0.0,0.0,0.0,0.0,0.0,1.0,1.0,0.0
outer4,4,71,baa9,60.0,90.0,0.0,0.0,0.0,0.0,0.0,1.0,1.0,0.0
outer4,4,71,baa9,60.0,120.0,0.0,0.0,0.0,0.0,0.0,1.0,1.0,0.0
outer4,4,71,baa9,60.0,150.0,0.0,0.0,0.0,0.0,0.0,1.0,1.0,0.0
outer4,4,71,baa9,60.0,180.0,0.0,0.0,0.0,0.0,0.0,1.0,1.0,0.0
outer4,4,71,baa9,60.0,210.0,0.0,0.0,0.0,0.0,0.0,1.0,1.0,0.0
outer4,4,71,baa9,60.0,240.0,0.0,0.0,0.0,0.0,0.0,1.0,1.0,0.0
outer4,4,71,baa9,60.0,270.0,0.0,0.0,0.0,0.0,0.0,1.0,1.0,0.0
outer4,4,71,baa9,60.0,300.0,0.0,0.0,0.0,0.0,0.0,1.0,1.0,0.0
outer4,4,71,baa9,60.0,330.0,0.0,0.0,0.0,0.0,0.0,1.0,1.0,0.0
outer4,4,71,baa9,90.0,0.0,0.0,0.0,0.0,0.0,0.0,1.0,1.0,0.0
outer4,4,71,baa9,90.0,30.0,0.0,0.0,0.0,0.0,0.0,1.0,1.0,0.0
outer4,4,71,baa9,90.0,60.0,0.0,0.0,0.0,0.0,0.0,1.0,1.0,0.0
outer4,4,71,baa9,90.0,90.0,0.0,0.0,0.0,0.0,0.0,1.0,1.0,0.0
outer4,4,71,baa9,90.0,120.0,0.0,0.0,0.0,0.0,0.0,1.0,1.0,0.0
outer4,4,71,baa9,90.0,150.0,0.0,0.0,0.0,0.0,0.0,1.0,1.0,0.0
outer4,4,71,baa9,90.0,180.0,180.0,0.0,180.0,0.0,180.0,0.0,1.0,-1.0
outer4,4,71,baa9,90.0,210.0,0.0,0.0,0.0,0.0,0.0,1.0,1.0,0.0
outer4,4,71,baa9,90.0,240.0,0.0,0.0,0.0,0.0,0.0,1.0,1.0,0.0
outer4,4,71,baa9,90.0,270.0,0.0,0.0,0.0,0.0,0.0,1.0,1.0,0.0
outer4,4,71,baa9,90.0,300.0,0.0,0.0,0.0,0.0,0.0,1.0,1.0,0.0
outer4,4,71,baa9,90.0,330.0,0.0,0.0,0.0,0.0,0.0,1.0,1.0,0.0
outer4,4,71,baa9,120.0,0.0,0.0,0.0,0.0,0.0,0.0,1.0,1.0,0.0
outer4,4,71,baa9,120.0,30.0,0.0,0.0,0.0,0.0,0.0,1.0,1.0,0.0
outer4,4,71,baa9,120.0,60.0,0.0,0.0,0.0,0.0,0.0,1.0,1.0,0.0
outer4,4,71,baa9,120.0,90.0,0.0,0.0,0.0,0.0,0.0,1.0,1.0,0.0
outer4,4,71,baa9,120.0,120.0,0.0,0.0,0.0,0.0,0.0,1.0,1.0,0.0
outer4,4,71,baa9,120.0,150.0,0.0,0.0,0.0,0.0,0.0,1.0,1.0,0.0
outer4,4,71,baa9,120.0,180.0,0.0,0.0,0.0,0.0,0.0,1.0,1.0,0.0
outer4,4,71,baa9,120.0,210.0,0.0,0.0,0.0,0.0,0.0,1.0,1.0,0.0
outer4,4,71,baa9,120.0,240.0,0.0,0.0,0.0,0.0,0.0,1.0,1.0,0.0
outer4,4,71,baa9,120.0,270.0,0.0,0.0,0.0,0.0,0.0,1.0,1.0,0.0
outer4,4,71,baa9,120.0,300.0,0.0,0.0,0.0,0.0,0.0,1.0,1.0,0.0
outer4,4,71,baa9,120.0,330.0,0.0,0.0,0.0,0.0,0.0,1.0,1.0,0.0
outer4,4,71,baa9,150.0,0.0,0.0,0.0,0.0,0.0,0.0,1.0,1.0,0.0
outer4,4,71,baa9,150.0,30.0,0.0,0.0,0.0,0.0,0.0,1.0,1.0,0.0
outer4,4,71,baa9,150.0,60.0,0.0,0.0,0.0,0.0,0.0,1.0,1.0,0.0
outer4,4,71,baa9,150.0,90.0,0.0,0.0,0.0,0.0,0.0,1.0,1.0,0.0
outer4,4,71,baa9,150.0,120.0,0.0,0.0,0.0,0.0,0.0,1.0,1.0,0.0
outer4,4,71,baa9,150.0,150.0,0.0,0.0,0.0,0.0,0.0,1.0,1.0,0.0
outer4,4,71,baa9,150.0,180.0,0.0,0.0,0.0,0.0,0.0,1.0,1.0,0.0
outer4,4,71,baa9,150.0,210.0,0.0,0.0,0.0,0.0,0.0,1.0,1.0,0.0
outer4,4,71,baa9,150.0,240.0,0.0,0.0,0.0,0.0,0.0,1.0,1.0,0.0
outer4,4,71,baa9,150.0,270.0,0.0,0.0,0.0,0.0,0.0,1.0,1.0,0.0
outer4,4,71,baa9,150.0,300.0,0.0,0.0,0.0,0.0,0.0,1.0,1.0,0.0
outer4,4,71,baa9,150.0,330.0,0.0,0.0,0.0,0.0,0.0,1.0,1.0,0.0
outer4,4,71,bb26,30.0,0.0,90.0,150.0,-60.0,-60.0,0.0,0.0,0.0,0.0
outer4,4,71,bb26,30.0,30.0,36.097782135009766,0.0,36.097782135009766,30.0,30.0,0.0,1.0,-1.0
outer4,4,71,bb26,30.0,60.0,151.04498291015625,0.0,151.04498291015625,120.0,120.0,0.0,1.0,-1.0
outer4,4,71,bb26,30.0,90.0,90.0,180.0,-90.0,-90.0,0.0,0.0,0.0,0.0
outer4,4,71,bb26,30.0,120.0,128.68218994140625,128.68218994140625,0.0,0.0,0.0,0.0,0.0,0.0
outer4,4,71,bb26,30.0,150.0,57.7581901550293,60.000003814697266,-2.2418136596679688,0.0,-30.0,0.0,0.0,0.0
outer4,4,71,bb26,30.0,180.0,90.0,30.000001907348633,59.99999809265137,60.0,0.0,0.0,0.0,0.0
outer4,4,71,bb26,30.0,210.0,36.097782135009766,28.95502281188965,7.142759323120117,30.0,-30.0,0.0,0.0,0.0
outer4,4,71,bb26,30.0,240.0,60.000003814697266,60.000003814697266,0.0,0.0,0.0,0.0,0.0,0.0
outer4,4,71,bb26,30.0,270.0,60.000003814697266,0.0,60.000003814697266,0.0,180.0,0.0,1.0,-1.0
outer4,4,71,bb26,30.0,300.0,51.31781005859375,151.04498291015625,-99.7271728515625,-120.0,0.0,0.0,0.0,0.0
outer4,4,71,bb26,30.0,330.0,122.24180603027344,122.24180603027344,0.0,0.0,0.0,0.0,0.0,0.0
outer4,4,71,bb26,60.0,0.0,120.00000762939453,120.00000762939453,0.0,0.0,0.0,0.0,0.0,0.0
outer4,4,71,bb26,60.0,30.0,130.50535583496094,130.50535583496094,0.0,0.0,0.0,0.0,0.0,0.0
outer4,4,71,bb26,60.0,60.0,0.0,25.905075073242188,-25.905075073242188,0.0,-30.0,1.0,0.0,1.0
outer4,4,71,bb26,60.0,90.0,66.45188903808594,60.000003814697266,6.451885223388672,0.0,30.0,0.0,0.0,0.0
outer4,4,71,bb26,60.0,120.0,0.0,128.6822052001953,-128.6822052001953,-60.0,-120.0,1.0,0.0,1.0
outer4,4,71,bb26,60.0,150.0,90.0,30.000001907348633,59.99999809265137,60.0,0.0,0.0,0.0,0.0
outer4,4,71,bb26,60.0,180.0,0.0,0.0,0.0,0.0,0.0,1.0,1.0,0.0
outer4,4,71,bb26,60.0,210.0,0.0,113.5481185913086,-113.5481185913086,0.0,-150.0,1.0,0.0,1.0
outer4,4,71,bb26,60.0,240.0,25.905075073242188,150.0,-124.09492492675781,-30.0,-150.0,0.0,0.0,0.0
outer4,4,71,bb26,60.0,270.0,0.0,0.0,0.0,0.0,0.0,1.0,1.0,0.0
outer4,4,71,bb26,60.0,300.0,128.68218994140625,104.47750854492188,24.204681396484375,0.0,30.0,0.0,0.0,0.0
outer4,4,71,bb26,60.0,330.0,102.50391387939453,102.50391387939453,0.0,0.0,0.0,0.0,0.0,0.0
outer4,4,71,bb26,90.0,0.0,0.0,0.0,0.0,0.0,0.0,1.0,1.0,0.0
outer4,4,71,bb26,90.0,30.0,0.0,60.00000762939453,-60.00000762939453,0.0,-60.0,1.0,0.0,1.0
outer4,4,71,bb26,90.0,60.0,119.99999237060547,60.000003814697266,59.9999885559082,0.0,60.0,0.0,0.0,0.0
outer4,4,71,bb26,90.0,90.0,150.0,30.000001907348633,119.99999809265137,0.0,120.0,0.0,0.0,0.0
outer4,4,71,bb26,90.0,120.0,180.0,0.0,180.0,0.0,180.0,0.0,1.0,-1.0
outer4,4,71,bb26,90.0,150.0,180.0,180.0,0.0,0.0,0.0,0.0,0.0,0.0
outer4,4,71,bb26,90.0,180.0,0.0,180.0,-180.0,0.0,-180.0,1.0,0.0,1.0
outer4,4,71,bb26,90.0,210.0,120.00000762939453,180.0,-59.99999237060547,0.0,-60.0,0.0,0.0,0.0
outer4,4,71,bb26,90.0,240.0,60.000003814697266,120.00000762939453,-60.000003814697266,0.0,-60.0,0.0,0.0,0.0
outer4,4,71,bb26,90.0,270.0,30.000001907348633,150.0,-119.99999809265137,0.0,-120.0,0.0,0.0,0.0
outer4,4,71,bb26,90.0,300.0,0.0,180.0,-180.0,0.0,-180.0,1.0,0.0,1.0
outer4,4,71,bb26,90.0,330.0,30.00000762939453,0.0,30.00000762939453,0.0,30.0,0.0,1.0,-1.0
outer4,4,71,bb26,120.0,0.0,120.00000762939453,120.00000762939453,0.0,0.0,0.0,0.0,0.0,0.0
outer4,4,71,bb26,120.0,30.0,102.50392150878906,102.50392150878906,0.0,0.0,0.0,0.0,0.0,0.0
outer4,4,71,bb26,120.0,60.0,0.0,0.0,0.0,0.0,0.0,1.0,1.0,0.0
outer4,4,71,bb26,120.0,90.0,180.0,180.0,0.0,0.0,0.0,0.0,0.0,0.0
outer4,4,71,bb26,120.0,120.0,115.6589126586914,128.6822052001953,-13.023292541503906,-30.0,0.0,0.0,0.0,0.0
outer4,4,71,bb26,120.0,150.0,29.99998664855957,64.34109497070312,-34.341108322143555,0.0,-90.0,0.0,0.0,0.0
outer4,4,71,bb26,120.0,180.0,0.0,0.0,0.0,0.0,0.0,1.0,1.0,0.0
outer4,4,71,bb26,120.0,210.0,120.00000762939453,143.9022216796875,-23.90221405029297,-90.0,30.0,0.0,0.0,0.0
outer4,4,71,bb26,120.0,240.0,30.000001907348633,25.905075073242188,4.094926834106445,30.0,-30.0,0.0,0.0,0.0
outer4,4,71,bb26,120.0,270.0,30.000001907348633,113.54811096191406,-83.54810905456543,30.0,-150.0,0.0,0.0,0.0
outer4,4,71,bb26,120.0,300.0,128.68218994140625,154.0949249267578,-25.412734985351562,0.0,-30.0,0.0,0.0,0.0
outer4,4,71,bb26,120.0,330.0,60.000003814697266,49.49464416503906,10.505359649658203,30.0,-60.0,0.0,0.0,0.0
outer4,4,71,bb26,150.0,0.0,29.99998664855957,90.0,-60.00001335144043,0.0,-180.0,0.0,0.0,0.0
outer4,4,71,bb26,150.0,30.0,120.00000762939453,0.0,120.00000762939453,120.0,0.0,0.0,1.0,-1.0
outer4,4,71,bb26,150.0,60.0,120.00000762939453,0.0,120.00000762939453,120.0,0.0,0.0,1.0,-1.0
outer4,4,71,bb26,150.0,90.0,180.0,180.0,0.0,0.0,0.0,0.0,0.0,0.0
outer4,4,71,bb26,150.0,120.0,128.68218994140625,128.68218994140625,0.0,0.0,0.0,0.0,0.0,0.0
outer4,4,71,bb26,150.0,150.0,90.0,60.000003814697266,29.999996185302734,30.0,0.0,0.0,0.0,0.0
outer4,4,71,bb26,150.0,180.0,29.99998664855957,29.99998664855957,0.0,0.0,0.0,0.0,0.0,0.0
outer4,4,71,bb26,150.0,210.0,128.68218994140625,128.68218994140625,0.0,0.0,0.0,0.0,0.0,0.0
outer4,4,71,bb26,150.0,240.0,90.0,60.000003814697266,29.999996185302734,30.0,0.0,0.0,0.0,0.0
outer4,4,71,bb26,150.0,270.0,0.0,0.0,0.0,0.0,0.0,1.0,1.0,0.0
outer4,4,71,bb26,150.0,300.0,151.04498291015625,151.04498291015625,0.0,0.0,0.0,0.0,0.0,0.0
outer4,4,71,bb26,150.0,330.0,0.0,14.870942115783691,-14.870942115783691,0.0,-30.0,1.0,0.0,1.0
outer4,4,72,b7fd,30.0,0.0,90.0,0.0,90.0,30.0,180.0,0.0,1.0,-1.0
outer4,4,72,b7fd,30.0,30.0,90.0,14.870942115783691,75.12905788421631,30.0,150.0,0.0,0.0,0.0
outer4,4,72,b7fd,30.0,60.0,128.68218994140625,128.68218994140625,0.0,0.0,0.0,0.0,0.0,0.0
outer4,4,72,b7fd,30.0,90.0,120.00000762939453,30.000001907348633,90.0000057220459,90.0,0.0,0.0,0.0,0.0
outer4,4,72,b7fd,30.0,120.0,28.95502281188965,49.494651794433594,-20.539628982543945,-30.0,0.0,0.0,0.0,0.0
outer4,4,72,b7fd,30.0,150.0,143.9022216796875,90.0,53.9022216796875,0.0,150.0,0.0,0.0,0.0
outer4,4,72,b7fd,30.0,180.0,0.0,0.0,0.0,0.0,0.0,1.0,1.0,0.0
outer4,4,72,b7fd,30.0,210.0,93.32575225830078,0.0,93.32575225830078,90.0,30.0,0.0,1.0,-1.0
outer4,4,72,b7fd,30.0,240.0,151.04498291015625,165.12905883789062,-14.084075927734375,0.0,-30.0,0.0,0.0,0.0
outer4,4,72,b7fd,30.0,270.0,0.0,60.000003814697266,-60.000003814697266,0.0,-180.0,1.0,0.0,1.0
outer4,4,72,b7fd,30.0,300.0,41.40962219238281,41.40962219238281,0.0,0.0,0.0,0.0,0.0,0.0
outer4,4,72,b7fd,30.0,330.0,102.50392150878906,102.50392150878906,0.0,0.0,0.0,0.0,0.0,0.0
outer4,4,72,b7fd,60.0,0.0,0.0,0.0,0.0,0.0,0.0,1.0,1.0,0.0
outer4,4,72,b7fd,60.0,30.0,0.0,0.0,0.0,0.0,0.0,1.0,1.0,0.0
outer4,4,72,b7fd,60.0,60.0,130.50535583496094,130.50535583496094,0.0,0.0,0.0,0.0,0.0,0.0
outer4,4,72,b7fd,60.0,90.0,0.0,0.0,0.0,0.0,0.0,1.0,1.0,0.0
outer4,4,72,b7fd,60.0,120.0,0.0,0.0,0.0,0.0,0.0,1.0,1.0,0.0
outer4,4,72,b7fd,60.0,150.0,0.0,51.31781005859375,-51.31781005859375,0.0,-60.0,1.0,0.0,1.0
outer4,4,72,b7fd,60.0,180.0,0.0,0.0,0.0,0.0,0.0,1.0,1.0,0.0
outer4,4,72,b7fd,60.0,210.0,51.31781005859375,180.0,-128.68218994140625,-60.0,-120.0,0.0,0.0,0.0
outer4,4,72,b7fd,60.0,240.0,128.6822052001953,97.1807632446289,31.501441955566406,60.0,0.0,0.0,0.0,0.0
outer4,4,72,b7fd,60.0,270.0,30.000001907348633,150.0,-119.99999809265137,0.0,-180.0,0.0,0.0,0.0
outer4,4,72,b7fd,60.0,300.0,0.0,0.0,0.0,0.0,0.0,1.0,1.0,0.0
outer4,4,72,b7fd,60.0,330.0,0.0,25.90509033203125,-25.90509033203125,0.0,-30.0,1.0,0.0,1.0
outer4,4,72,b7fd,90.0,0.0,180.0,180.0,0.0,0.0,0.0,0.0,0.0,0.0
outer4,4,72,b7fd,90.0,30.0,120.00000762939453,120.00000762939453,0.0,0.0,0.0,0.0,0.0,0.0
outer4,4,72,b7fd,90.0,60.0,60.000003814697266,60.000003814697266,0.0,0.0,0.0,0.0,0.0,0.0
outer4,4,72,b7fd,90.0,90.0,0.0,180.0,-180.0,0.0,-180.0,1.0,0.0,1.0
outer4,4,72,b7fd,90.0,120.0,0.0,0.0,0.0,0.0,0.0,1.0,1.0,0.0
outer4,4,72,b7fd,90.0,150.0,180.0,0.0,180.0,0.0,180.0,0.0,1.0,-1.0
outer4,4,72,b7fd,90.0,180.0,0.0,0.0,0.0,0.0,0.0,1.0,1.0,0.0
outer4,4,72,b7fd,90.0,210.0,120.00000762939453,60.000003814697266,60.000003814697266,0.0,60.0,0.0,0.0,0.0
outer4,4,72,b7fd,90.0,240.0,0.0,60.000003814697266,-60.000003814697266,0.0,-60.0,1.0,0.0,1.0
outer4,4,72,b7fd,90.0,270.0,0.0,0.0,0.0,0.0,0.0,1.0,1.0,0.0
outer4,4,72,b7fd,90.0,300.0,0.0,0.0,0.0,0.0,0.0,1.0,1.0,0.0
outer4,4,72,b7fd,90.0,330.0,0.0,180.0,-180.0,0.0,-180.0,1.0,0.0,1.0
outer4,4,72,b7fd,120.0,0.0,0.0,0.0,0.0,0.0,0.0,1.0,1.0,0.0
outer4,4,72,b7fd,120.0,30.0,0.0,0.0,0.0,0.0,0.0,1.0,1.0,0.0
outer4,4,72,b7fd,120.0,60.0,128.68218994140625,104.47750854492188,24.204681396484375,0.0,30.0,0.0,0.0,0.0
outer4,4,72,b7fd,120.0,90.0,29.99998664855957,90.0,-60.00001335144043,0.0,-180.0,0.0,0.0,0.0
outer4,4,72,b7fd,120.0,120.0,0.0,0.0,0.0,0.0,0.0,1.0,1.0,0.0
outer4,4,72,b7fd,120.0,150.0,0.0,0.0,0.0,0.0,0.0,1.0,1.0,0.0
outer4,4,72,b7fd,120.0,180.0,0.0,60.000003814697266,-60.000003814697266,-60.0,0.0,1.0,0.0,1.0
outer4,4,72,b7fd,120.0,210.0,82.81924438476562,120.00000762939453,-37.180763244628906,60.0,-120.0,0.0,0.0,0.0
outer4,4,72,b7fd,120.0,240.0,128.6822052001953,180.0,-51.31779479980469,0.0,-60.0,0.0,0.0,0.0
outer4,4,72,b7fd,120.0,270.0,0.0,0.0,0.0,0.0,0.0,1.0,1.0,0.0
outer4,4,72,b7fd,120.0,300.0,29.99998664855957,29.99998664855957,0.0,0.0,0.0,0.0,0.0,0.0
outer4,4,72,b7fd,120.0,330.0,0.0,0.0,0.0,0.0,0.0,1.0,1.0,0.0
outer4,4,72,b7fd,150.0,0.0,90.0,60.000003814697266,29.999996185302734,30.0,0.0,0.0,0.0,0.0
outer4,4,72,b7fd,150.0,30.0,29.99998664855957,29.99998664855957,0.0,0.0,0.0,0.0,0.0,0.0
outer4,4,72,b7fd,150.0,60.0,122.24180603027344,120.00000762939453,2.2417984008789062,0.0,30.0,0.0,0.0,0.0
outer4,4,72,b7fd,150.0,90.0,0.0,0.0,0.0,0.0,0.0,1.0,1.0,0.0
outer4,4,72,b7fd,150.0,120.0,0.0,14.870942115783691,-14.870942115783691,0.0,-30.0,1.0,0.0,1.0
outer4,4,72,b7fd,150.0,150.0,90.0,102.50391387939453,-12.503913879394531,0.0,-60.0,0.0,0.0,0.0
outer4,4,72,b7fd,150.0,180.0,29.99998664855957,29.99998664855957,0.0,0.0,0.0,0.0,0.0,0.0
outer4,4,72,b7fd,150.0,210.0,29.99998664855957,57.7581901550293,-27.758203506469727,30.0,-150.0,0.0,0.0,0.0
outer4,4,72,b7fd,150.0,240.0,180.0,180.0,0.0,0.0,0.0,0.0,0.0,0.0
outer4,4,72,b7fd,150.0,270.0,0.0,0.0,0.0,0.0,0.0,1.0,1.0,0.0
outer4,4,72,b7fd,150.0,300.0,60.000003814697266,60.000003814697266,0.0,0.0,0.0,0.0,0.0,0.0
outer4,4,72,b7fd,150.0,330.0,93.32574462890625,49.49464416503906,43.83110046386719,60.0,-30.0,0.0,0.0,0.0
outer4,4,72,b8ed,30.0,0.0,0.0,0.0,0.0,0.0,0.0,1.0,1.0,0.0
outer4,4,72,b8ed,30.0,30.0,60.000003814697266,165.12905883789062,-105.12905502319336,-120.0,30.0,0.0,0.0,0.0
outer4,4,72,b8ed,30.0,60.0,0.0,51.31781005859375,-51.31781005859375,0.0,-120.0,1.0,0.0,1.0
outer4,4,72,b8ed,30.0,90.0,120.00000762939453,30.000001907348633,90.0000057220459,90.0,0.0,0.0,0.0,0.0
outer4,4,72,b8ed,30.0,120.0,0.0,122.24180603027344,-122.24180603027344,-120.0,-30.0,1.0,0.0,1.0
outer4,4,72,b8ed,30.0,150.0,14.870942115783691,0.0,14.870942115783691,0.0,30.0,0.0,1.0,-1.0
outer4,4,72,b8ed,30.0,180.0,0.0,0.0,0.0,0.0,0.0,1.0,1.0,0.0
outer4,4,72,b8ed,30.0,210.0,0.0,0.0,0.0,0.0,0.0,1.0,1.0,0.0
outer4,4,72,b8ed,30.0,240.0,0.0,122.24180603027344,-122.24180603027344,-120.0,-30.0,1.0,0.0,1.0
outer4,4,72,b8ed,30.0,270.0,0.0,60.000003814697266,-60.000003814697266,0.0,-180.0,1.0,0.0,1.0
outer4,4,72,b8ed,30.0,300.0,0.0,14.870942115783691,-14.870942115783691,0.0,-30.0,1.0,0.0,1.0
outer4,4,72,b8ed,30.0,330.0,122.24180603027344,0.0,122.24180603027344,120.0,30.0,0.0,1.0,-1.0
outer4,4,72,b8ed,60.0,0.0,30.000001907348633,30.000001907348633,0.0,0.0,0.0,0.0,0.0,0.0
outer4,4,72,b8ed,60.0,30.0,0.0,0.0,0.0,0.0,0.0,1.0,1.0,0.0
outer4,4,72,b8ed,60.0,60.0,128.68218994140625,128.68218994140625,0.0,0.0,0.0,0.0,0.0,0.0
outer4,4,72,b8ed,60.0,90.0,0.0,0.0,0.0,0.0,0.0,1.0,1.0,0.0
outer4,4,72,b8ed,60.0,120.0,66.45188903808594,0.0,66.45188903808594,60.0,30.0,0.0,1.0,-1.0
outer4,4,72,b8ed,60.0,150.0,0.0,66.45188903808594,-66.45188903808594,-60.0,-30.0,1.0,0.0,1.0
outer4,4,72,b8ed,60.0,180.0,30.000001907348633,30.000001907348633,0.0,0.0,0.0,0.0,0.0,0.0
outer4,4,72,b8ed,60.0,210.0,0.0,120.00000762939453,-120.00000762939453,0.0,-180.0,1.0,0.0,1.0
outer4,4,72,b8ed,60.0,240.0,0.0,113.54812622070312,-113.54812622070312,0.0,-150.0,1.0,0.0,1.0
outer4,4,72,b8ed,60.0,270.0,120.00000762939453,120.00000762939453,0.0,0.0,0.0,0.0,0.0,0.0
outer4,4,72,b8ed,60.0,300.0,0.0,30.000001907348633,-30.000001907348633,-30.0,0.0,1.0,0.0,1.0
outer4,4,72,b8ed,60.0,330.0,82.81924438476562,82.81924438476562,0.0,0.0,0.0,0.0,0.0,0.0
outer4,4,72,b8ed,90.0,0.0,150.0,0.0,150.0,0.0,150.0,0.0,1.0,-1.0
outer4,4,72,b8ed,90.0,30.0,180.0,0.0,180.0,0.0,180.0,0.0,1.0,-1.0
outer4,4,72,b8ed,90.0,60.0,180.0,60.000003814697266,119.99999618530273,0.0,120.0,0.0,0.0,0.0
outer4,4,72,b8ed,90.0,90.0,180.0,180.0,0.0,0.0,0.0,0.0,0.0,0.0
outer4,4,72,b8ed,90.0,120.0,180.0,0.0,180.0,0.0,180.0,0.0,1.0,-1.0
outer4,4,72,b8ed,90.0,150.0,0.0,60.000003814697266,-60.000003814697266,0.0,-60.0,1.0,0.0,1.0
outer4,4,72,b8ed,90.0,180.0,30.000001907348633,0.0,30.000001907348633,0.0,30.0,0.0,1.0,-1.0
outer4,4,72,b8ed,90.0,210.0,0.0,180.0,-180.0,0.0,-180.0,1.0,0.0,1.0
outer4,4,72,b8ed,90.0,240.0,60.000003814697266,120.00000762939453,-60.000003814697266,0.0,-60.0,0.0,0.0,0.0
outer4,4,72,b8ed,90.0,270.0,0.0,0.0,0.0,0.0,0.0,1.0,1.0,0.0
outer4,4,72,b8ed,90.0,300.0,0.0,0.0,0.0,0.0,0.0,1.0,1.0,0.0
outer4,4,72,b8ed,90.0,330.0,150.0,120.00000762939453,29.99999237060547,0.0,30.0,0.0,0.0,0.0
outer4,4,72,b8ed,120.0,0.0,29.99998664855957,29.99998664855957,0.0,0.0,0.0,0.0,0.0,0.0
outer4,4,72,b8ed,120.0,30.0,0.0,60.000003814697266,-60.000003814697266,-60.0,0.0,1.0,0.0,1.0
outer4,4,72,b8ed,120.0,60.0,128.68218994140625,128.68218994140625,0.0,0.0,0.0,0.0,0.0,0.0
outer4,4,72,b8ed,120.0,90.0,60.000003814697266,60.000003814697266,0.0,0.0,0.0,0.0,0.0,0.0
outer4,4,72,b8ed,120.0,120.0,128.6822052001953,0.0,128.6822052001953,60.0,120.0,0.0,1.0,-1.0
outer4,4,72,b8ed,120.0,150.0,0.0,0.0,0.0,0.0,0.0,1.0,1.0,0.0
outer4,4,72,b8ed,120.0,180.0,29.99998664855957,90.0,-60.00001335144043,-60.0,0.0,0.0,0.0,0.0
outer4,4,72,b8ed,120.0,210.0,120.00000762939453,120.00000762939453,0.0,0.0,0.0,0.0,0.0,0.0
outer4,4,72,b8ed,120.0,240.0,0.0,30.000001907348633,-30.000001907348633,-30.0,0.0,1.0,0.0,1.0
outer4,4,72,b8ed,120.0,270.0,0.0,0.0,0.0,0.0,0.0,1.0,1.0,0.0
outer4,4,72,b8ed,120.0,300.0,0.0,0.0,0.0,0.0,0.0,1.0,1.0,0.0
outer4,4,72,b8ed,120.0,330.0,0.0,36.0977783203125,-36.0977783203125,-30.0,-30.0,1.0,0.0,1.0
outer4,4,72,b8ed,150.0,0.0,0.0,0.0,0.0,0.0,0.0,1.0,1.0,0.0
outer4,4,72,b8ed,150.0,30.0,60.000003814697266,60.000003814697266,0.0,0.0,0.0,0.0,0.0,0.0
outer4,4,72,b8ed,150.0,60.0,0.0,0.0,0.0,0.0,0.0,1.0,1.0,0.0
outer4,4,72,b8ed,150.0,90.0,0.0,29.99998664855957,-29.99998664855957,-30.0,0.0,1.0,0.0,1.0
outer4,4,72,b8ed,150.0,120.0,0.0,0.0,0.0,0.0,0.0,1.0,1.0,0.0
outer4,4,72,b8ed,150.0,150.0,0.0,0.0,0.0,0.0,0.0,1.0,1.0,0.0
outer4,4,72,b8ed,150.0,180.0,0.0,0.0,0.0,0.0,0.0,1.0,1.0,0.0
outer4,4,72,b8ed,150.0,210.0,0.0,0.0,0.0,0.0,0.0,1.0,1.0,0.0
outer4,4,72,b8ed,150.0,240.0,0.0,0.0,0.0,0.0,0.0,1.0,1.0,0.0
outer4,4,72,b8ed,150.0,270.0,0.0,0.0,0.0,0.0,0.0,1.0,1.0,0.0
outer4,4,72,b8ed,150.0,300.0,0.0,0.0,0.0,0.0,0.0,1.0,1.0,0.0
outer4,4,72,b8ed,150.0,330.0,122.24180603027344,0.0,122.24180603027344,120.0,30.0,0.0,1.0,-1.0
outer4,4,72,b979,30.0,0.0,60.000003814697266,60.000003814697266,0.0,0.0,0.0,0.0,0.0,0.0
outer4,4,72,b979,30.0,30.0,0.0,0.0,0.0,0.0,0.0,1.0,1.0,0.0
outer4,4,72,b979,30.0,60.0,122.24180603027344,122.24180603027344,0.0,0.0,0.0,0.0,0.0,0.0
outer4,4,72,b979,30.0,90.0,60.000003814697266,60.000003814697266,0.0,0.0,0.0,0.0,0.0,0.0
outer4,4,72,b979,30.0,120.0,28.95502281188965,128.68218994140625,-99.7271671295166,-120.0,0.0,0.0,0.0,0.0
outer4,4,72,b979,30.0,150.0,0.0,0.0,0.0,0.0,0.0,1.0,1.0,0.0
outer4,4,72,b979,30.0,180.0,0.0,0.0,0.0,0.0,0.0,1.0,1.0,0.0
outer4,4,72,b979,30.0,210.0,60.000003814697266,0.0,60.000003814697266,0.0,180.0,0.0,1.0,-1.0
outer4,4,72,b979,30.0,240.0,14.870942115783691,51.31781005859375,-36.44686794281006,0.0,-90.0,0.0,0.0,0.0
outer4,4,72,b979,30.0,270.0,60.000003814697266,60.000003814697266,0.0,0.0,0.0,0.0,0.0,0.0
outer4,4,72,b979,30.0,300.0,51.31781005859375,51.31781005859375,0.0,0.0,0.0,0.0,0.0,0.0
outer4,4,72,b979,30.0,330.0,128.68218994140625,128.68218994140625,0.0,0.0,0.0,0.0,0.0,0.0
outer4,4,72,b979,60.0,0.0,90.0,93.32574462890625,-3.32574462890625,0.0,-30.0,0.0,0.0,0.0
outer4,4,72,b979,60.0,30.0,0.0,49.494659423828125,-49.494659423828125,-30.0,-60.0,1.0,0.0,1.0
outer4,4,72,b979,60.0,60.0,82.81924438476562,102.50391387939453,-19.684669494628906,-30.0,0.0,0.0,0.0,0.0
outer4,4,72,b979,60.0,90.0,150.0,41.40962219238281,108.59037780761719,0.0,150.0,0.0,0.0,0.0
outer4,4,72,b979,60.0,120.0,41.40962219238281,115.65889739990234,-74.24927520751953,-60.0,-60.0,0.0,0.0,0.0
outer4,4,72,b979,60.0,150.0,180.0,154.09490966796875,25.90509033203125,0.0,30.0,0.0,0.0,0.0
outer4,4,72,b979,60.0,180.0,30.000001907348633,30.000001907348633,0.0,0.0,0.0,0.0,0.0,0.0
outer4,4,72,b979,60.0,210.0,0.0,60.000003814697266,-60.000003814697266,-60.0,0.0,1.0,0.0,1.0
outer4,4,72,b979,60.0,240.0,0.0,120.00000762939453,-120.00000762939453,0.0,-180.0,1.0,0.0,1.0
outer4,4,72,b979,60.0,270.0,120.00000762939453,120.00000762939453,0.0,0.0,0.0,0.0,0.0,0.0
outer4,4,72,b979,60.0,300.0,30.000001907348633,86.67425537109375,-56.67425346374512,0.0,-150.0,0.0,0.0,0.0
outer4,4,72,b979,60.0,330.0,82.81924438476562,82.81924438476562,0.0,0.0,0.0,0.0,0.0,0.0
outer4,4,72,b979,90.0,0.0,150.0,150.0,0.0,0.0,0.0,0.0,0.0,0.0
outer4,4,72,b979,90.0,30.0,180.0,180.0,0.0,0.0,0.0,0.0,0.0,0.0
outer4,4,72,b979,90.0,60.0,90.0,90.0,0.0,0.0,0.0,0.0,0.0,0.0
outer4,4,72,b979,90.0,90.0,0.0,0.0,0.0,0.0,0.0,1.0,1.0,0.0
outer4,4,72,b979,90.0,120.0,30.000001907348633,90.0,-59.99999809265137,0.0,-60.0,0.0,0.0,0.0
outer4,4,72,b979,90.0,150.0,0.0,60.000003814697266,-60.000003814697266,0.0,-60.0,1.0,0.0,1.0
outer4,4,72,b979,90.0,180.0,30.000001907348633,30.000001907348633,0.0,0.0,0.0,0.0,0.0,0.0
outer4,4,72,b979,90.0,210.0,0.0,0.0,0.0,0.0,0.0,1.0,1.0,0.0
outer4,4,72,b979,90.0,240.0,90.0,90.0,0.0,0.0,0.0,0.0,0.0,0.0
outer4,4,72,b979,90.0,270.0,180.0,150.0,30.0,0.0,30.0,0.0,0.0,0.0
outer4,4,72,b979,90.0,300.0,150.0,90.0,60.0,0.0,60.0,0.0,0.0,0.0
outer4,4,72,b979,90.0,330.0,180.0,120.00000762939453,59.99999237060547,0.0,60.0,0.0,0.0,0.0
outer4,4,72,b979,120.0,0.0,90.0,36.0977783203125,53.9022216796875,60.0,-30.0,0.0,0.0,0.0
outer4,4,72,b979,120.0,30.0,0.0,66.45188903808594,-66.45188903808594,-60.0,-30.0,1.0,0.0,1.0
outer4,4,72,b979,120.0,60.0,29.99998664855957,64.34109497070312,-34.341108322143555,0.0,-90.0,0.0,0.0,0.0
outer4,4,72,b979,120.0,90.0,41.40962219238281,29.99998664855957,11.409635543823242,0.0,30.0,0.0,0.0,0.0
outer4,4,72,b979,120.0,120.0,97.18075561523438,115.6589126586914,-18.47815704345703,-30.0,0.0,0.0,0.0,0.0
outer4,4,72,b979,120.0,150.0,180.0,75.52249145507812,104.47750854492188,60.0,90.0,0.0,0.0,0.0
outer4,4,72,b979,120.0,180.0,29.99998664855957,36.09777069091797,-6.097784042358398,0.0,-30.0,0.0,0.0,0.0
outer4,4,72,b979,120.0,210.0,0.0,113.54811096191406,-113.54811096191406,0.0,-150.0,1.0,0.0,1.0
outer4,4,72,b979,120.0,240.0,90.0,41.40962219238281,48.59037780761719,0.0,60.0,0.0,0.0,0.0
outer4,4,72,b979,120.0,270.0,120.00000762939453,120.00000762939453,0.0,0.0,0.0,0.0,0.0,0.0
outer4,4,72,b979,120.0,300.0,0.0,77.49607849121094,-77.49607849121094,-30.0,-120.0,1.0,0.0,1.0
outer4,4,72,b979,120.0,330.0,82.81924438476562,82.81924438476562,0.0,0.0,0.0,0.0,0.0,0.0
outer4,4,72,b979,150.0,0.0,60.000003814697266,60.000003814697266,0.0,0.0,0.0,0.0,0.0,0.0
outer4,4,72,b979,150.0,30.0,60.000003814697266,60.000003814697266,0.0,0.0,0.0,0.0,0.0,0.0
outer4,4,72,b979,150.0,60.0,120.00000762939453,120.00000762939453,0.0,0.0,0.0,0.0,0.0,0.0
outer4,4,72,b979,150.0,90.0,60.000003814697266,60.000003814697266,0.0,0.0,0.0,0.0,0.0,0.0
outer4,4,72,b979,150.0,120.0,0.0,14.870942115783691,-14.870942115783691,0.0,-30.0,1.0,0.0,1.0
outer4,4,72,b979,150.0,150.0,122.24180603027344,0.0,122.24180603027344,120.0,30.0,0.0,1.0,-1.0
outer4,4,72,b979,150.0,180.0,0.0,0.0,0.0,0.0,0.0,1.0,1.0,0.0
outer4,4,72,b979,150.0,210.0,0.0,0.0,0.0,0.0,0.0,1.0,1.0,0.0
outer4,4,72,b979,150.0,240.0,0.0,0.0,0.0,0.0,0.0,1.0,1.0,0.0
outer4,4,72,b979,150.0,270.0,60.000003814697266,60.000003814697266,0.0,0.0,0.0,0.0,0.0,0.0
outer4,4,72,b979,150.0,300.0,60.000003814697266,57.7581901550293,2.2418136596679688,0.0,30.0,0.0,0.0,0.0
outer4,4,72,b979,150.0,330.0,165.12905883789062,165.12905883789062,0.0,0.0,0.0,0.0,0.0,0.0
outer4,4,72,baa9,30.0,0.0,0.0,0.0,0.0,0.0,0.0,1.0,1.0,0.0
outer4,4,72,baa9,30.0,30.0,0.0,0.0,0.0,0.0,0.0,1.0,1.0,0.0
outer4,4,72,baa9,30.0,60.0,0.0,0.0,0.0,0.0,0.0,1.0,1.0,0.0
outer4,4,72,baa9,30.0,90.0,0.0,0.0,0.0,0.0,0.0,1.0,1.0,0.0
outer4,4,72,baa9,30.0,120.0,0.0,0.0,0.0,0.0,0.0,1.0,1.0,0.0
outer4,4,72,baa9,30.0,150.0,0.0,0.0,0.0,0.0,0.0,1.0,1.0,0.0
outer4,4,72,baa9,30.0,180.0,0.0,0.0,0.0,0.0,0.0,1.0,1.0,0.0
outer4,4,72,baa9,30.0,210.0,0.0,0.0,0.0,0.0,0.0,1.0,1.0,0.0
outer4,4,72,baa9,30.0,240.0,0.0,0.0,0.0,0.0,0.0,1.0,1.0,0.0
outer4,4,72,baa9,30.0,270.0,0.0,0.0,0.0,0.0,0.0,1.0,1.0,0.0
outer4,4,72,baa9,30.0,300.0,0.0,0.0,0.0,0.0,0.0,1.0,1.0,0.0
outer4,4,72,baa9,30.0,330.0,0.0,0.0,0.0,0.0,0.0,1.0,1.0,0.0
outer4,4,72,baa9,60.0,0.0,0.0,0.0,0.0,0.0,0.0,1.0,1.0,0.0
outer4,4,72,baa9,60.0,30.0,0.0,0.0,0.0,0.0,0.0,1.0,1.0,0.0
outer4,4,72,baa9,60.0,60.0,0.0,0.0,0.0,0.0,0.0,1.0,1.0,0.0
outer4,4,72,baa9,60.0,90.0,0.0,0.0,0.0,0.0,0.0,1.0,1.0,0.0
outer4,4,72,baa9,60.0,120.0,0.0,0.0,0.0,0.0,0.0,1.0,1.0,0.0
outer4,4,72,baa9,60.0,150.0,0.0,0.0,0.0,0.0,0.0,1.0,1.0,0.0
outer4,4,72,baa9,60.0,180.0,0.0,0.0,0.0,0.0,0.0,1.0,1.0,0.0
outer4,4,72,baa9,60.0,210.0,0.0,0.0,0.0,0.0,0.0,1.0,1.0,0.0
outer4,4,72,baa9,60.0,240.0,0.0,0.0,0.0,0.0,0.0,1.0,1.0,0.0
outer4,4,72,baa9,60.0,270.0,0.0,0.0,0.0,0.0,0.0,1.0,1.0,0.0
outer4,4,72,baa9,60.0,300.0,0.0,0.0,0.0,0.0,0.0,1.0,1.0,0.0
outer4,4,72,baa9,60.0,330.0,0.0,0.0,0.0,0.0,0.0,1.0,1.0,0.0
outer4,4,72,baa9,90.0,0.0,180.0,0.0,180.0,0.0,180.0,0.0,1.0,-1.0
outer4,4,72,baa9,90.0,30.0,180.0,0.0,180.0,0.0,180.0,0.0,1.0,-1.0
outer4,4,72,baa9,90.0,60.0,180.0,0.0,180.0,0.0,180.0,0.0,1.0,-1.0
outer4,4,72,baa9,90.0,90.0,0.0,0.0,0.0,0.0,0.0,1.0,1.0,0.0
outer4,4,72,baa9,90.0,120.0,0.0,0.0,0.0,0.0,0.0,1.0,1.0,0.0
outer4,4,72,baa9,90.0,150.0,0.0,0.0,0.0,0.0,0.0,1.0,1.0,0.0
outer4,4,72,baa9,90.0,180.0,0.0,0.0,0.0,0.0,0.0,1.0,1.0,0.0
outer4,4,72,baa9,90.0,210.0,0.0,0.0,0.0,0.0,0.0,1.0,1.0,0.0
outer4,4,72,baa9,90.0,240.0,0.0,0.0,0.0,0.0,0.0,1.0,1.0,0.0
outer4,4,72,baa9,90.0,270.0,0.0,0.0,0.0,0.0,0.0,1.0,1.0,0.0
outer4,4,72,baa9,90.0,300.0,0.0,0.0,0.0,0.0,0.0,1.0,1.0,0.0
outer4,4,72,baa9,90.0,330.0,0.0,0.0,0.0,0.0,0.0,1.0,1.0,0.0
outer4,4,72,baa9,120.0,0.0,0.0,0.0,0.0,0.0,0.0,1.0,1.0,0.0
outer4,4,72,baa9,120.0,30.0,0.0,0.0,0.0,0.0,0.0,1.0,1.0,0.0
outer4,4,72,baa9,120.0,60.0,0.0,0.0,0.0,0.0,0.0,1.0,1.0,0.0
outer4,4,72,baa9,120.0,90.0,0.0,0.0,0.0,0.0,0.0,1.0,1.0,0.0
outer4,4,72,baa9,120.0,120.0,0.0,0.0,0.0,0.0,0.0,1.0,1.0,0.0
outer4,4,72,baa9,120.0,150.0,0.0,0.0,0.0,0.0,0.0,1.0,1.0,0.0
outer4,4,72,baa9,120.0,180.0,0.0,0.0,0.0,0.0,0.0,1.0,1.0,0.0
outer4,4,72,baa9,120.0,210.0,0.0,0.0,0.0,0.0,0.0,1.0,1.0,0.0
outer4,4,72,baa9,120.0,240.0,0.0,0.0,0.0,0.0,0.0,1.0,1.0,0.0
outer4,4,72,baa9,120.0,270.0,0.0,0.0,0.0,0.0,0.0,1.0,1.0,0.0
outer4,4,72,baa9,120.0,300.0,0.0,0.0,0.0,0.0,0.0,1.0,1.0,0.0
outer4,4,72,baa9,120.0,330.0,0.0,0.0,0.0,0.0,0.0,1.0,1.0,0.0
outer4,4,72,baa9,150.0,0.0,0.0,0.0,0.0,0.0,0.0,1.0,1.0,0.0
outer4,4,72,baa9,150.0,30.0,0.0,0.0,0.0,0.0,0.0,1.0,1.0,0.0
outer4,4,72,baa9,150.0,60.0,0.0,0.0,0.0,0.0,0.0,1.0,1.0,0.0
outer4,4,72,baa9,150.0,90.0,0.0,0.0,0.0,0.0,0.0,1.0,1.0,0.0
outer4,4,72,baa9,150.0,120.0,0.0,0.0,0.0,0.0,0.0,1.0,1.0,0.0
outer4,4,72,baa9,150.0,150.0,0.0,0.0,0.0,0.0,0.0,1.0,1.0,0.0
outer4,4,72,baa9,150.0,180.0,0.0,0.0,0.0,0.0,0.0,1.0,1.0,0.0
outer4,4,72,baa9,150.0,210.0,0.0,0.0,0.0,0.0,0.0,1.0,1.0,0.0
outer4,4,72,baa9,150.0,240.0,0.0,0.0,0.0,0.0,0.0,1.0,1.0,0.0
outer4,4,72,baa9,150.0,270.0,0.0,0.0,0.0,0.0,0.0,1.0,1.0,0.0
outer4,4,72,baa9,150.0,300.0,0.0,0.0,0.0,0.0,0.0,1.0,1.0,0.0
outer4,4,72,baa9,150.0,330.0,0.0,0.0,0.0,0.0,0.0,1.0,1.0,0.0
outer4,4,72,bb26,30.0,0.0,150.0,90.0,60.0,60.0,0.0,0.0,0.0,0.0
outer4,4,72,bb26,30.0,30.0,0.0,57.7581901550293,-57.7581901550293,0.0,-150.0,1.0,0.0,1.0
outer4,4,72,bb26,30.0,60.0,151.04498291015625,0.0,151.04498291015625,120.0,120.0,0.0,1.0,-1.0
outer4,4,72,bb26,30.0,90.0,180.0,165.12905883789062,14.870941162109375,0.0,30.0,0.0,0.0,0.0
outer4,4,72,bb26,30.0,120.0,128.68218994140625,128.68218994140625,0.0,0.0,0.0,0.0,0.0,0.0
outer4,4,72,bb26,30.0,150.0,143.9022216796875,30.000001907348633,113.90221977233887,60.0,150.0,0.0,0.0,0.0
outer4,4,72,bb26,30.0,180.0,90.0,30.000001907348633,59.99999809265137,60.0,0.0,0.0,0.0,0.0
outer4,4,72,bb26,30.0,210.0,128.68218994140625,0.0,128.68218994140625,120.0,60.0,0.0,1.0,-1.0
outer4,4,72,bb26,30.0,240.0,60.000003814697266,60.000003814697266,0.0,0.0,0.0,0.0,0.0,0.0
outer4,4,72,bb26,30.0,270.0,57.7581901550293,0.0,57.7581901550293,0.0,150.0,0.0,1.0,-1.0
outer4,4,72,bb26,30.0,300.0,0.0,0.0,0.0,0.0,0.0,1.0,1.0,0.0
outer4,4,72,bb26,30.0,330.0,102.50392150878906,93.32575988769531,9.17816162109375,0.0,30.0,0.0,0.0,0.0
outer4,4,72,bb26,60.0,0.0,180.0,120.00000762939453,59.99999237060547,60.0,0.0,0.0,0.0,0.0
outer4,4,72,bb26,60.0,30.0,82.81924438476562,25.905075073242188,56.91416931152344,60.0,30.0,0.0,0.0,0.0
outer4,4,72,bb26,60.0,60.0,0.0,0.0,0.0,0.0,0.0,1.0,1.0,0.0
outer4,4,72,bb26,60.0,90.0,150.0,60.000003814697266,89.99999618530273,-30.0,180.0,0.0,0.0,0.0
outer4,4,72,bb26,60.0,120.0,41.40962219238281,29.999998092651367,11.409624099731445,0.0,30.0,0.0,0.0,0.0
outer4,4,72,bb26,60.0,150.0,90.0,60.000003814697266,29.999996185302734,30.0,0.0,0.0,0.0,0.0
outer4,4,72,bb26,60.0,180.0,60.000003814697266,0.0,60.000003814697266,60.0,0.0,0.0,1.0,-1.0
outer4,4,72,bb26,60.0,210.0,128.6822052001953,36.097782135009766,92.58442306518555,30.0,90.0,0.0,0.0,0.0
outer4,4,72,bb26,60.0,240.0,0.0,113.54812622070312,-113.54812622070312,0.0,-150.0,1.0,0.0,1.0
outer4,4,72,bb26,60.0,270.0,0.0,0.0,0.0,0.0,0.0,1.0,1.0,0.0
outer4,4,72,bb26,60.0,300.0,128.68218994140625,128.68218994140625,0.0,0.0,0.0,0.0,0.0,0.0
outer4,4,72,bb26,60.0,330.0,0.0,120.00000762939453,-120.00000762939453,0.0,-180.0,1.0,0.0,1.0
outer4,4,72,bb26,90.0,0.0,180.0,180.0,0.0,0.0,0.0,0.0,0.0,0.0
outer4,4,72,bb26,90.0,30.0,120.00000762939453,150.0,-29.99999237060547,0.0,-30.0,0.0,0.0,0.0
outer4,4,72,bb26,90.0,60.0,90.0,180.0,-90.0,0.0,-90.0,0.0,0.0,0.0
outer4,4,72,bb26,90.0,90.0,60.000003814697266,30.000001907348633,30.000001907348633,0.0,30.0,0.0,0.0,0.0
outer4,4,72,bb26,90.0,120.0,180.0,0.0,180.0,0.0,180.0,0.0,1.0,-1.0
outer4,4,72,bb26,90.0,150.0,60.000003814697266,120.00000762939453,-60.000003814697266,0.0,-60.0,0.0,0.0,0.0
outer4,4,72,bb26,90.0,180.0,0.0,0.0,0.0,0.0,0.0,1.0,1.0,0.0
outer4,4,72,bb26,90.0,210.0,0.0,30.000001907348633,-30.000001907348633,0.0,-30.0,1.0,0.0,1.0
outer4,4,72,bb26,90.0,240.0,90.0,0.0,90.0,0.0,90.0,0.0,1.0,-1.0
outer4,4,72,bb26,90.0,270.0,30.000001907348633,150.0,-119.99999809265137,0.0,-120.0,0.0,0.0,0.0
outer4,4,72,bb26,90.0,300.0,0.0,30.000001907348633,-30.000001907348633,0.0,-30.0,1.0,0.0,1.0
outer4,4,72,bb26,90.0,330.0,120.00000762939453,120.00000762939453,0.0,0.0,0.0,0.0,0.0,0.0
outer4,4,72,bb26,120.0,0.0,120.00000762939453,120.00000762939453,0.0,0.0,0.0,0.0,0.0,0.0
outer4,4,72,bb26,120.0,30.0,154.09490966796875,82.81924438476562,71.27566528320312,0.0,90.0,0.0,0.0,0.0
outer4,4,72,bb26,120.0,60.0,0.0,0.0,0.0,0.0,0.0,1.0,1.0,0.0
outer4,4,72,bb26,120.0,90.0,154.09490966796875,180.0,-25.90509033203125,0.0,-30.0,0.0,0.0,0.0
outer4,4,72,bb26,120.0,120.0,128.6822052001953,0.0,128.6822052001953,60.0,120.0,0.0,1.0,-1.0
outer4,4,72,bb26,120.0,150.0,60.000003814697266,29.99998664855957,30.000017166137695,30.0,0.0,0.0,0.0,0.0
outer4,4,72,bb26,120.0,180.0,0.0,120.00000762939453,-120.00000762939453,0.0,-180.0,1.0,0.0,1.0
outer4,4,72,bb26,120.0,210.0,25.905075073242188,0.0,25.905075073242188,0.0,30.0,0.0,1.0,-1.0
outer4,4,72,bb26,120.0,240.0,0.0,150.0,-150.0,-30.0,-180.0,1.0,0.0,1.0
outer4,4,72,bb26,120.0,270.0,0.0,120.00000762939453,-120.00000762939453,0.0,-180.0,1.0,0.0,1.0
outer4,4,72,bb26,120.0,300.0,128.68218994140625,128.68218994140625,0.0,0.0,0.0,0.0,0.0,0.0
outer4,4,72,bb26,120.0,330.0,0.0,115.6589126586914,-115.6589126586914,-90.0,-90.0,1.0,0.0,1.0
outer4,4,72,bb26,150.0,0.0,90.0,29.99998664855957,60.00001335144043,0.0,180.0,0.0,0.0,0.0
outer4,4,72,bb26,150.0,30.0,29.99998664855957,130.50535583496094,-100.50536918640137,-60.0,-120.0,0.0,0.0,0.0
outer4,4,72,bb26,150.0,60.0,151.04498291015625,151.04498291015625,0.0,0.0,0.0,0.0,0.0,0.0
outer4,4,72,bb26,150.0,90.0,180.0,180.0,0.0,0.0,0.0,0.0,0.0,0.0
outer4,4,72,bb26,150.0,120.0,128.68218994140625,128.68218994140625,0.0,0.0,0.0,0.0,0.0,0.0
outer4,4,72,bb26,150.0,150.0,0.0,0.0,0.0,0.0,0.0,1.0,1.0,0.0
outer4,4,72,bb26,150.0,180.0,29.99998664855957,29.99998664855957,0.0,0.0,0.0,0.0,0.0,0.0
outer4,4,72,bb26,150.0,210.0,86.67425537109375,151.04498291015625,-64.3707275390625,-90.0,30.0,0.0,0.0,0.0
outer4,4,72,bb26,150.0,240.0,60.000003814697266,60.000003814697266,0.0,0.0,0.0,0.0,0.0,0.0
outer4,4,72,bb26,150.0,270.0,0.0,0.0,0.0,0.0,0.0,1.0,1.0,0.0
outer4,4,72,bb26,150.0,300.0,151.04498291015625,151.04498291015625,0.0,0.0,0.0,0.0,0.0,0.0
outer4,4,72,bb26,150.0,330.0,122.24180603027344,151.04498291015625,-28.803176879882812,0.0,-90.0,0.0,0.0,0.0
outer4,4,73,b7fd,30.0,0.0,0.0,60.000003814697266,-60.000003814697266,0.0,-180.0,1.0,0.0,1.0
outer4,4,73,b7fd,30.0,30.0,41.40962219238281,0.0,41.40962219238281,0.0,90.0,0.0,1.0,-1.0
outer4,4,73,b7fd,30.0,60.0,128.68218994140625,128.68218994140625,0.0,0.0,0.0,0.0,0.0,0.0
outer4,4,73,b7fd,30.0,90.0,0.0,120.00000762939453,-120.00000762939453,-120.0,0.0,1.0,0.0,1.0
outer4,4,73,b7fd,30.0,120.0,14.870942115783691,36.097782135009766,-21.226840019226074,-30.0,0.0,0.0,0.0,0.0
outer4,4,73,b7fd,30.0,150.0,90.0,90.0,0.0,-60.0,180.0,0.0,0.0,0.0
outer4,4,73,b7fd,30.0,180.0,0.0,0.0,0.0,0.0,0.0,1.0,1.0,0.0
outer4,4,73,b7fd,30.0,210.0,0.0,36.097782135009766,-36.097782135009766,-30.0,-30.0,1.0,0.0,1.0
outer4,4,73,b7fd,30.0,240.0,151.04498291015625,151.04498291015625,0.0,0.0,0.0,0.0,0.0,0.0
outer4,4,73,b7fd,30.0,270.0,0.0,0.0,0.0,0.0,0.0,1.0,1.0,0.0
outer4,4,73,b7fd,30.0,300.0,41.40962219238281,36.097782135009766,5.311840057373047,-30.0,60.0,0.0,0.0,0.0
outer4,4,73,b7fd,30.0,330.0,143.9022216796875,90.0,53.9022216796875,0.0,150.0,0.0,0.0,0.0
outer4,4,73,b7fd,60.0,0.0,0.0,0.0,0.0,0.0,0.0,1.0,1.0,0.0
outer4,4,73,b7fd,60.0,30.0,0.0,0.0,0.0,0.0,0.0,1.0,1.0,0.0
outer4,4,73,b7fd,60.0,60.0,130.50535583496094,128.68218994140625,1.8231658935546875,30.0,0.0,0.0,0.0,0.0
outer4,4,73,b7fd,60.0,90.0,0.0,120.00000762939453,-120.00000762939453,0.0,-180.0,1.0,0.0,1.0
outer4,4,73,b7fd,60.0,120.0,0.0,113.5481185913086,-113.5481185913086,0.0,-150.0,1.0,0.0,1.0
outer4,4,73,b7fd,60.0,150.0,0.0,0.0,0.0,0.0,0.0,1.0,1.0,0.0
outer4,4,73,b7fd,60.0,180.0,0.0,0.0,0.0,0.0,0.0,1.0,1.0,0.0
outer4,4,73,b7fd,60.0,210.0,51.31781005859375,51.31781005859375,0.0,0.0,0.0,0.0,0.0,0.0
outer4,4,73,b7fd,60.0,240.0,128.6822052001953,0.0,128.6822052001953,60.0,120.0,0.0,1.0,-1.0
outer4,4,73,b7fd,60.0,270.0,30.000001907348633,150.0,-119.99999809265137,0.0,-180.0,0.0,0.0,0.0
outer4,4,73,b7fd,60.0,300.0,0.0,0.0,0.0,0.0,0.0,1.0,1.0,0.0
outer4,4,73,b7fd,60.0,330.0,0.0,0.0,0.0,0.0,0.0,1.0,1.0,0.0
outer4,4,73,b7fd,90.0,0.0,180.0,180.0,0.0,0.0,0.0,0.0,0.0,0.0
outer4,4,73,b7fd,90.0,30.0,120.00000762939453,120.00000762939453,0.0,0.0,0.0,0.0,0.0,0.0
outer4,4,73,b7fd,90.0,60.0,60.000003814697266,60.000003814697266,0.0,0.0,0.0,0.0,0.0,0.0
outer4,4,73,b7fd,90.0,90.0,180.0,180.0,0.0,0.0,0.0,0.0,0.0,0.0
outer4,4,73,b7fd,90.0,120.0,0.0,0.0,0.0,0.0,0.0,1.0,1.0,0.0
outer4,4,73,b7fd,90.0,150.0,0.0,180.0,-180.0,0.0,-180.0,1.0,0.0,1.0
outer4,4,73,b7fd,90.0,180.0,0.0,0.0,0.0,0.0,0.0,1.0,1.0,0.0
outer4,4,73,b7fd,90.0,210.0,60.000003814697266,60.000003814697266,0.0,0.0,0.0,0.0,0.0,0.0
outer4,4,73,b7fd,90.0,240.0,60.000003814697266,60.000003814697266,0.0,0.0,0.0,0.0,0.0,0.0
outer4,4,73,b7fd,90.0,270.0,0.0,0.0,0.0,0.0,0.0,1.0,1.0,0.0
outer4,4,73,b7fd,90.0,300.0,0.0,0.0,0.0,0.0,0.0,1.0,1.0,0.0
outer4,4,73,b7fd,90.0,330.0,180.0,180.0,0.0,0.0,0.0,0.0,0.0,0.0
outer4,4,73,b7fd,120.0,0.0,0.0,0.0,0.0,0.0,0.0,1.0,1.0,0.0
outer4,4,73,b7fd,120.0,30.0,51.31781005859375,51.31781005859375,0.0,0.0,0.0,0.0,0.0,0.0
outer4,4,73,b7fd,120.0,60.0,128.68218994140625,128.68218994140625,0.0,0.0,0.0,0.0,0.0,0.0
outer4,4,73,b7fd,120.0,90.0,29.99998664855957,180.0,-150.00001335144043,-30.0,-180.0,0.0,0.0,0.0
outer4,4,73,b7fd,120.0,120.0,25.905075073242188,0.0,25.905075073242188,0.0,30.0,0.0,1.0,-1.0
outer4,4,73,b7fd,120.0,150.0,0.0,180.0,-180.0,-60.0,-180.0,1.0,0.0,1.0
outer4,4,73,b7fd,120.0,180.0,0.0,60.000003814697266,-60.000003814697266,-60.0,0.0,1.0,0.0,1.0
outer4,4,73,b7fd,120.0,210.0,51.31781005859375,97.18075561523438,-45.862945556640625,0.0,-60.0,0.0,0.0,0.0
outer4,4,73,b7fd,120.0,240.0,128.6822052001953,154.09490966796875,-25.412704467773438,0.0,-30.0,0.0,0.0,0.0
outer4,4,73,b7fd,120.0,270.0,0.0,0.0,0.0,0.0,0.0,1.0,1.0,0.0
outer4,4,73,b7fd,120.0,300.0,29.99998664855957,29.99998664855957,0.0,0.0,0.0,0.0,0.0,0.0
outer4,4,73,b7fd,120.0,330.0,0.0,0.0,0.0,0.0,0.0,1.0,1.0,0.0
outer4,4,73,b7fd,150.0,0.0,90.0,29.99998664855957,60.00001335144043,0.0,180.0,0.0,0.0,0.0
outer4,4,73,b7fd,150.0,30.0,36.09777069091797,36.09777069091797,0.0,0.0,0.0,0.0,0.0,0.0
outer4,4,73,b7fd,150.0,60.0,120.00000762939453,122.24180603027344,-2.2417984008789062,0.0,-30.0,0.0,0.0,0.0
outer4,4,73,b7fd,150.0,90.0,0.0,90.0,-90.0,-90.0,0.0,1.0,0.0,1.0
outer4,4,73,b7fd,150.0,120.0,0.0,0.0,0.0,0.0,0.0,1.0,1.0,0.0
outer4,4,73,b7fd,150.0,150.0,122.24180603027344,93.32574462890625,28.916061401367188,30.0,0.0,0.0,0.0,0.0
outer4,4,73,b7fd,150.0,180.0,29.99998664855957,29.99998664855957,0.0,0.0,0.0,0.0,0.0,0.0
outer4,4,73,b7fd,150.0,210.0,120.00000762939453,29.99998664855957,90.00002098083496,90.0,0.0,0.0,0.0,0.0
outer4,4,73,b7fd,150.0,240.0,180.0,165.12905883789062,14.870941162109375,0.0,30.0,0.0,0.0,0.0
outer4,4,73,b7fd,150.0,270.0,0.0,0.0,0.0,0.0,0.0,1.0,1.0,0.0
outer4,4,73,b7fd,150.0,300.0,60.000003814697266,60.000003814697266,0.0,0.0,0.0,0.0,0.0,0.0
outer4,4,73,b7fd,150.0,330.0,93.32574462890625,165.12905883789062,-71.80331420898438,-30.0,-120.0,0.0,0.0,0.0
outer4,4,73,b8ed,30.0,0.0,0.0,0.0,0.0,0.0,0.0,1.0,1.0,0.0
outer4,4,73,b8ed,30.0,30.0,60.000003814697266,60.000003814697266,0.0,0.0,0.0,0.0,0.0,0.0
outer4,4,73,b8ed,30.0,60.0,151.04498291015625,165.12905883789062,-14.084075927734375,0.0,-30.0,0.0,0.0,0.0
outer4,4,73,b8ed,30.0,90.0,0.0,0.0,0.0,0.0,0.0,1.0,1.0,0.0
outer4,4,73,b8ed,30.0,120.0,14.870942115783691,120.00000762939453,-105.12906551361084,-120.0,30.0,0.0,0.0,0.0
outer4,4,73,b8ed,30.0,150.0,0.0,0.0,0.0,0.0,0.0,1.0,1.0,0.0
outer4,4,73,b8ed,30.0,180.0,0.0,0.0,0.0,0.0,0.0,1.0,1.0,0.0
outer4,4,73,b8ed,30.0,210.0,0.0,0.0,0.0,0.0,0.0,1.0,1.0,0.0
outer4,4,73,b8ed,30.0,240.0,14.870942115783691,51.31781005859375,-36.44686794281006,0.0,-90.0,0.0,0.0,0.0
outer4,4,73,b8ed,30.0,270.0,0.0,180.0,-180.0,-120.0,-180.0,1.0,0.0,1.0
outer4,4,73,b8ed,30.0,300.0,0.0,0.0,0.0,0.0,0.0,1.0,1.0,0.0
outer4,4,73,b8ed,30.0,330.0,122.24180603027344,0.0,122.24180603027344,120.0,30.0,0.0,1.0,-1.0
outer4,4,73,b8ed,60.0,0.0,30.000001907348633,30.000001907348633,0.0,0.0,0.0,0.0,0.0,0.0
outer4,4,73,b8ed,60.0,30.0,0.0,0.0,0.0,0.0,0.0,1.0,1.0,0.0
outer4,4,73,b8ed,60.0,60.0,128.68218994140625,128.68218994140625,0.0,0.0,0.0,0.0,0.0,0.0
outer4,4,73,b8ed,60.0,90.0,60.000003814697266,0.0,60.000003814697266,60.0,0.0,0.0,1.0,-1.0
outer4,4,73,b8ed,60.0,120.0,0.0,0.0,0.0,0.0,0.0,1.0,1.0,0.0
outer4,4,73,b8ed,60.0,150.0,0.0,60.000003814697266,-60.000003814697266,-60.0,0.0,1.0,0.0,1.0
outer4,4,73,b8ed,60.0,180.0,30.000001907348633,30.000001907348633,0.0,0.0,0.0,0.0,0.0,0.0
outer4,4,73,b8ed,60.0,210.0,0.0,0.0,0.0,0.0,0.0,1.0,1.0,0.0
outer4,4,73,b8ed,60.0,240.0,25.905075073242188,120.00000762939453,-94.09493255615234,0.0,-150.0,0.0,0.0,0.0
outer4,4,73,b8ed,60.0,270.0,120.00000762939453,120.00000762939453,0.0,0.0,0.0,0.0,0.0,0.0
outer4,4,73,b8ed,60.0,300.0,0.0,0.0,0.0,0.0,0.0,1.0,1.0,0.0
outer4,4,73,b8ed,60.0,330.0,82.81924438476562,25.90509033203125,56.914154052734375,60.0,30.0,0.0,0.0,0.0
outer4,4,73,b8ed,90.0,0.0,0.0,0.0,0.0,0.0,0.0,1.0,1.0,0.0
outer4,4,73,b8ed,90.0,30.0,0.0,0.0,0.0,0.0,0.0,1.0,1.0,0.0
outer4,4,73,b8ed,90.0,60.0,60.000003814697266,60.000003814697266,0.0,0.0,0.0,0.0,0.0,0.0
outer4,4,73,b8ed,90.0,90.0,180.0,180.0,0.0,0.0,0.0,0.0,0.0,0.0
outer4,4,73,b8ed,90.0,120.0,0.0,0.0,0.0,0.0,0.0,1.0,1.0,0.0
outer4,4,73,b8ed,90.0,150.0,120.00000762939453,0.0,120.00000762939453,0.0,120.0,0.0,1.0,-1.0
outer4,4,73,b8ed,90.0,180.0,180.0,0.0,180.0,0.0,180.0,0.0,1.0,-1.0
outer4,4,73,b8ed,90.0,210.0,180.0,180.0,0.0,0.0,0.0,0.0,0.0,0.0
outer4,4,73,b8ed,90.0,240.0,120.00000762939453,120.00000762939453,0.0,0.0,0.0,0.0,0.0,0.0
outer4,4,73,b8ed,90.0,270.0,0.0,0.0,0.0,0.0,0.0,1.0,1.0,0.0
outer4,4,73,b8ed,90.0,300.0,0.0,0.0,0.0,0.0,0.0,1.0,1.0,0.0
outer4,4,73,b8ed,90.0,330.0,120.00000762939453,180.0,-59.99999237060547,0.0,-60.0,0.0,0.0,0.0
outer4,4,73,b8ed,120.0,0.0,29.99998664855957,29.99998664855957,0.0,0.0,0.0,0.0,0.0,0.0
outer4,4,73,b8ed,120.0,30.0,36.09777069091797,0.0,36.09777069091797,30.0,30.0,0.0,1.0,-1.0
outer4,4,73,b8ed,120.0,60.0,60.000003814697266,128.68218994140625,-68.68218612670898,0.0,-120.0,0.0,0.0,0.0
outer4,4,73,b8ed,120.0,90.0,60.000003814697266,0.0,60.000003814697266,60.0,0.0,0.0,1.0,-1.0
outer4,4,73,b8ed,120.0,120.0,128.6822052001953,128.6822052001953,0.0,0.0,0.0,0.0,0.0,0.0
outer4,4,73,b8ed,120.0,150.0,0.0,180.0,-180.0,-60.0,-180.0,1.0,0.0,1.0
outer4,4,73,b8ed,120.0,180.0,29.99998664855957,29.99998664855957,0.0,0.0,0.0,0.0,0.0,0.0
outer4,4,73,b8ed,120.0,210.0,0.0,120.00000762939453,-120.00000762939453,0.0,-180.0,1.0,0.0,1.0
outer4,4,73,b8ed,120.0,240.0,0.0,0.0,0.0,0.0,0.0,1.0,1.0,0.0
outer4,4,73,b8ed,120.0,270.0,0.0,0.0,0.0,0.0,0.0,1.0,1.0,0.0
outer4,4,73,b8ed,120.0,300.0,0.0,0.0,0.0,0.0,0.0,1.0,1.0,0.0
outer4,4,73,b8ed,120.0,330.0,0.0,49.49464416503906,-49.49464416503906,-30.0,-60.0,1.0,0.0,1.0
outer4,4,73,b8ed,150.0,0.0,0.0,0.0,0.0,0.0,0.0,1.0,1.0,0.0
outer4,4,73,b8ed,150.0,30.0,60.000003814697266,60.000003814697266,0.0,0.0,0.0,0.0,0.0,0.0
outer4,4,73,b8ed,150.0,60.0,0.0,0.0,0.0,0.0,0.0,1.0,1.0,0.0
outer4,4,73,b8ed,150.0,90.0,0.0,0.0,0.0,0.0,0.0,1.0,1.0,0.0
outer4,4,73,b8ed,150.0,120.0,0.0,0.0,0.0,0.0,0.0,1.0,1.0,0.0
outer4,4,73,b8ed,150.0,150.0,0.0,0.0,0.0,0.0,0.0,1.0,1.0,0.0
outer4,4,73,b8ed,150.0,180.0,0.0,0.0,0.0,0.0,0.0,1.0,1.0,0.0
outer4,4,73,b8ed,150.0,210.0,0.0,0.0,0.0,0.0,0.0,1.0,1.0,0.0
outer4,4,73,b8ed,150.0,240.0,0.0,0.0,0.0,0.0,0.0,1.0,1.0,0.0
outer4,4,73,b8ed,150.0,270.0,0.0,0.0,0.0,0.0,0.0,1.0,1.0,0.0
outer4,4,73,b8ed,150.0,300.0,0.0,0.0,0.0,0.0,0.0,1.0,1.0,0.0
outer4,4,73,b8ed,150.0,330.0,128.68218994140625,0.0,128.68218994140625,120.0,60.0,0.0,1.0,-1.0
outer4,4,73,b979,30.0,0.0,60.000003814697266,60.000003814697266,0.0,0.0,0.0,0.0,0.0,0.0
outer4,4,73,b979,30.0,30.0,14.870942115783691,0.0,14.870942115783691,0.0,30.0,0.0,1.0,-1.0
outer4,4,73,b979,30.0,60.0,122.24180603027344,122.24180603027344,0.0,0.0,0.0,0.0,0.0,0.0
outer4,4,73,b979,30.0,90.0,90.0,60.000003814697266,29.999996185302734,30.0,0.0,0.0,0.0,0.0
outer4,4,73,b979,30.0,120.0,28.95502281188965,28.95502281188965,0.0,0.0,0.0,0.0,0.0,0.0
outer4,4,73,b979,30.0,150.0,0.0,0.0,0.0,0.0,0.0,1.0,1.0,0.0
outer4,4,73,b979,30.0,180.0,0.0,0.0,0.0,0.0,0.0,1.0,1.0,0.0
outer4,4,73,b979,30.0,210.0,60.000003814697266,0.0,60.000003814697266,0.0,180.0,0.0,1.0,-1.0
outer4,4,73,b979,30.0,240.0,122.24180603027344,151.04498291015625,-28.803176879882812,0.0,-90.0,0.0,0.0,0.0
outer4,4,73,b979,30.0,270.0,60.000003814697266,60.000003814697266,0.0,0.0,0.0,0.0,0.0,0.0
outer4,4,73,b979,30.0,300.0,51.31781005859375,41.40962219238281,9.908187866210938,0.0,30.0,0.0,0.0,0.0
outer4,4,73,b979,30.0,330.0,60.000003814697266,60.000003814697266,0.0,0.0,0.0,0.0,0.0,0.0
outer4,4,73,b979,60.0,0.0,90.0,130.50535583496094,-40.50535583496094,0.0,-120.0,0.0,0.0,0.0
outer4,4,73,b979,60.0,30.0,0.0,0.0,0.0,0.0,0.0,1.0,1.0,0.0
outer4,4,73,b979,60.0,60.0,51.31781005859375,102.50391387939453,-51.18610382080078,-90.0,0.0,0.0,0.0,0.0
outer4,4,73,b979,60.0,90.0,29.999998092651367,60.000003814697266,-30.0000057220459,-30.0,0.0,0.0,0.0,0.0
outer4,4,73,b979,60.0,120.0,143.9022216796875,113.54812622070312,30.354095458984375,90.0,0.0,0.0,0.0,0.0
outer4,4,73,b979,60.0,150.0,180.0,180.0,0.0,0.0,0.0,0.0,0.0,0.0
outer4,4,73,b979,60.0,180.0,30.000001907348633,86.67425537109375,-56.67425346374512,0.0,-150.0,0.0,0.0,0.0
outer4,4,73,b979,60.0,210.0,0.0,97.1807632446289,-97.1807632446289,0.0,-120.0,1.0,0.0,1.0
outer4,4,73,b979,60.0,240.0,29.999998092651367,150.0,-120.00000190734863,0.0,-180.0,0.0,0.0,0.0
outer4,4,73,b979,60.0,270.0,120.00000762939453,120.00000762939453,0.0,0.0,0.0,0.0,0.0,0.0
outer4,4,73,b979,60.0,300.0,30.000001907348633,25.905075073242188,4.094926834106445,30.0,-30.0,0.0,0.0,0.0
outer4,4,73,b979,60.0,330.0,82.81924438476562,82.81924438476562,0.0,0.0,0.0,0.0,0.0,0.0
outer4,4,73,b979,90.0,0.0,150.0,0.0,150.0,0.0,150.0,0.0,1.0,-1.0
outer4,4,73,b979,90.0,30.0,0.0,0.0,0.0,0.0,0.0,1.0,1.0,0.0
outer4,4,73,b979,90.0,60.0,60.000003814697266,150.0,-89.99999618530273,0.0,-90.0,0.0,0.0,0.0
outer4,4,73,b979,90.0,90.0,30.000001907348633,0.0,30.000001907348633,0.0,30.0,0.0,1.0,-1.0
outer4,4,73,b979,90.0,120.0,30.000001907348633,90.0,-59.99999809265137,0.0,-60.0,0.0,0.0,0.0
outer4,4,73,b979,90.0,150.0,60.000003814697266,150.0,-89.99999618530273,0.0,-90.0,0.0,0.0,0.0
outer4,4,73,b979,90.0,180.0,30.000001907348633,180.0,-149.99999809265137,0.0,-150.0,0.0,0.0,0.0
outer4,4,73,b979,90.0,210.0,0.0,180.0,-180.0,0.0,-180.0,1.0,0.0,1.0
outer4,4,73,b979,90.0,240.0,120.00000762939453,120.00000762939453,0.0,0.0,0.0,0.0,0.0,0.0
outer4,4,73,b979,90.0,270.0,150.0,150.0,0.0,0.0,0.0,0.0,0.0,0.0
outer4,4,73,b979,90.0,300.0,150.0,90.0,60.0,0.0,60.0,0.0,0.0,0.0
outer4,4,73,b979,90.0,330.0,120.00000762939453,30.00000762939453,90.0,0.0,90.0,0.0,0.0,0.0
outer4,4,73,b979,120.0,0.0,150.0,36.0977783203125,113.9022216796875,60.0,150.0,0.0,0.0,0.0
outer4,4,73,b979,120.0,30.0,25.905075073242188,75.52249145507812,-49.61741638183594,0.0,-60.0,0.0,0.0,0.0
outer4,4,73,b979,120.0,60.0,29.99998664855957,49.49464416503906,-19.494657516479492,0.0,-60.0,0.0,0.0,0.0
outer4,4,73,b979,120.0,90.0,41.40962219238281,25.905075073242188,15.504547119140625,30.0,0.0,0.0,0.0,0.0
outer4,4,73,b979,120.0,120.0,150.0,115.6589126586914,34.341087341308594,0.0,60.0,0.0,0.0,0.0
outer4,4,73,b979,120.0,150.0,180.0,180.0,0.0,0.0,0.0,0.0,0.0,0.0
outer4,4,73,b979,120.0,180.0,36.09777069091797,36.09777069091797,0.0,0.0,0.0,0.0,0.0,0.0
outer4,4,73,b979,120.0,210.0,0.0,51.31781005859375,-51.31781005859375,0.0,-60.0,1.0,0.0,1.0
outer4,4,73,b979,120.0,240.0,30.000001907348633,86.67425537109375,-56.67425346374512,0.0,-150.0,0.0,0.0,0.0
outer4,4,73,b979,120.0,270.0,120.00000762939453,120.00000762939453,0.0,0.0,0.0,0.0,0.0,0.0
outer4,4,73,b979,120.0,300.0,29.99998664855957,90.0,-60.00001335144043,0.0,-180.0,0.0,0.0,0.0
outer4,4,73,b979,120.0,330.0,82.81924438476562,82.81924438476562,0.0,0.0,0.0,0.0,0.0,0.0
outer4,4,73,b979,150.0,0.0,60.000003814697266,60.000003814697266,0.0,0.0,0.0,0.0,0.0,0.0
outer4,4,73,b979,150.0,30.0,60.000003814697266,0.0,60.000003814697266,0.0,180.0,0.0,1.0,-1.0
outer4,4,73,b979,150.0,60.0,120.00000762939453,120.00000762939453,0.0,0.0,0.0,0.0,0.0,0.0
outer4,4,73,b979,150.0,90.0,60.000003814697266,90.0,-29.999996185302734,-30.0,0.0,0.0,0.0,0.0
outer4,4,73,b979,150.0,120.0,0.0,0.0,0.0,0.0,0.0,1.0,1.0,0.0
outer4,4,73,b979,150.0,150.0,0.0,0.0,0.0,0.0,0.0,1.0,1.0,0.0
outer4,4,73,b979,150.0,180.0,0.0,0.0,0.0,0.0,0.0,1.0,1.0,0.0
outer4,4,73,b979,150.0,210.0,0.0,0.0,0.0,0.0,0.0,1.0,1.0,0.0
outer4,4,73,b979,150.0,240.0,14.870942115783691,0.0,14.870942115783691,0.0,30.0,0.0,1.0,-1.0
outer4,4,73,b979,150.0,270.0,60.000003814697266,60.000003814697266,0.0,0.0,0.0,0.0,0.0,0.0
outer4,4,73,b979,150.0,300.0,60.000003814697266,60.000003814697266,0.0,0.0,0.0,0.0,0.0,0.0
outer4,4,73,b979,150.0,330.0,60.000003814697266,60.000003814697266,0.0,0.0,0.0,0.0,0.0,0.0
outer4,4,73,baa9,30.0,0.0,0.0,0.0,0.0,0.0,0.0,1.0,1.0,0.0
outer4,4,73,baa9,30.0,30.0,0.0,0.0,0.0,0.0,0.0,1.0,1.0,0.0
outer4,4,73,baa9,30.0,60.0,0.0,0.0,0.0,0.0,0.0,1.0,1.0,0.0
outer4,4,73,baa9,30.0,90.0,0.0,0.0,0.0,0.0,0.0,1.0,1.0,0.0
outer4,4,73,baa9,30.0,120.0,0.0,0.0,0.0,0.0,0.0,1.0,1.0,0.0
outer4,4,73,baa9,30.0,150.0,0.0,0.0,0.0,0.0,0.0,1.0,1.0,0.0
outer4,4,73,baa9,30.0,180.0,0.0,0.0,0.0,0.0,0.0,1.0,1.0,0.0
outer4,4,73,baa9,30.0,210.0,0.0,0.0,0.0,0.0,0.0,1.0,1.0,0.0
outer4,4,73,baa9,30.0,240.0,0.0,0.0,0.0,0.0,0.0,1.0,1.0,0.0
outer4,4,73,baa9,30.0,270.0,0.0,0.0,0.0,0.0,0.0,1.0,1.0,0.0
outer4,4,73,baa9,30.0,300.0,0.0,0.0,0.0,0.0,0.0,1.0,1.0,0.0
outer4,4,73,baa9,30.0,330.0,0.0,0.0,0.0,0.0,0.0,1.0,1.0,0.0
outer4,4,73,baa9,60.0,0.0,0.0,0.0,0.0,0.0,0.0,1.0,1.0,0.0
outer4,4,73,baa9,60.0,30.0,0.0,0.0,0.0,0.0,0.0,1.0,1.0,0.0
outer4,4,73,baa9,60.0,60.0,0.0,0.0,0.0,0.0,0.0,1.0,1.0,0.0
outer4,4,73,baa9,60.0,90.0,0.0,0.0,0.0,0.0,0.0,1.0,1.0,0.0
outer4,4,73,baa9,60.0,120.0,0.0,0.0,0.0,0.0,0.0,1.0,1.0,0.0
outer4,4,73,baa9,60.0,150.0,0.0,0.0,0.0,0.0,0.0,1.0,1.0,0.0
outer4,4,73,baa9,60.0,180.0,0.0,0.0,0.0,0.0,0.0,1.0,1.0,0.0
outer4,4,73,baa9,60.0,210.0,0.0,0.0,0.0,0.0,0.0,1.0,1.0,0.0
outer4,4,73,baa9,60.0,240.0,0.0,0.0,0.0,0.0,0.0,1.0,1.0,0.0
outer4,4,73,baa9,60.0,270.0,0.0,0.0,0.0,0.0,0.0,1.0,1.0,0.0
outer4,4,73,baa9,60.0,300.0,0.0,0.0,0.0,0.0,0.0,1.0,1.0,0.0
outer4,4,73,baa9,60.0,330.0,0.0,0.0,0.0,0.0,0.0,1.0,1.0,0.0
outer4,4,73,baa9,90.0,0.0,0.0,0.0,0.0,0.0,0.0,1.0,1.0,0.0
outer4,4,73,baa9,90.0,30.0,0.0,0.0,0.0,0.0,0.0,1.0,1.0,0.0
outer4,4,73,baa9,90.0,60.0,0.0,0.0,0.0,0.0,0.0,1.0,1.0,0.0
outer4,4,73,baa9,90.0,90.0,0.0,0.0,0.0,0.0,0.0,1.0,1.0,0.0
outer4,4,73,baa9,90.0,120.0,0.0,0.0,0.0,0.0,0.0,1.0,1.0,0.0
outer4,4,73,baa9,90.0,150.0,0.0,0.0,0.0,0.0,0.0,1.0,1.0,0.0
outer4,4,73,baa9,90.0,180.0,180.0,180.0,0.0,0.0,0.0,0.0,0.0,0.0
outer4,4,73,baa9,90.0,210.0,0.0,0.0,0.0,0.0,0.0,1.0,1.0,0.0
outer4,4,73,baa9,90.0,240.0,0.0,0.0,0.0,0.0,0.0,1.0,1.0,0.0
outer4,4,73,baa9,90.0,270.0,0.0,0.0,0.0,0.0,0.0,1.0,1.0,0.0
outer4,4,73,baa9,90.0,300.0,0.0,0.0,0.0,0.0,0.0,1.0,1.0,0.0
outer4,4,73,baa9,90.0,330.0,0.0,0.0,0.0,0.0,0.0,1.0,1.0,0.0
outer4,4,73,baa9,120.0,0.0,0.0,0.0,0.0,0.0,0.0,1.0,1.0,0.0
outer4,4,73,baa9,120.0,30.0,0.0,0.0,0.0,0.0,0.0,1.0,1.0,0.0
outer4,4,73,baa9,120.0,60.0,0.0,0.0,0.0,0.0,0.0,1.0,1.0,0.0
outer4,4,73,baa9,120.0,90.0,0.0,0.0,0.0,0.0,0.0,1.0,1.0,0.0
outer4,4,73,baa9,120.0,120.0,0.0,0.0,0.0,0.0,0.0,1.0,1.0,0.0
outer4,4,73,baa9,120.0,150.0,0.0,0.0,0.0,0.0,0.0,1.0,1.0,0.0
outer4,4,73,baa9,120.0,180.0,0.0,0.0,0.0,0.0,0.0,1.0,1.0,0.0
outer4,4,73,baa9,120.0,210.0,0.0,0.0,0.0,0.0,0.0,1.0,1.0,0.0
outer4,4,73,baa9,120.0,240.0,0.0,0.0,0.0,0.0,0.0,1.0,1.0,0.0
outer4,4,73,baa9,120.0,270.0,0.0,0.0,0.0,0.0,0.0,1.0,1.0,0.0
outer4,4,73,baa9,120.0,300.0,0.0,0.0,0.0,0.0,0.0,1.0,1.0,0.0
outer4,4,73,baa9,120.0,330.0,0.0,0.0,0.0,0.0,0.0,1.0,1.0,0.0
outer4,4,73,baa9,150.0,0.0,0.0,0.0,0.0,0.0,0.0,1.0,1.0,0.0
outer4,4,73,baa9,150.0,30.0,0.0,0.0,0.0,0.0,0.0,1.0,1.0,0.0
outer4,4,73,baa9,150.0,60.0,0.0,0.0,0.0,0.0,0.0,1.0,1.0,0.0
outer4,4,73,baa9,150.0,90.0,0.0,0.0,0.0,0.0,0.0,1.0,1.0,0.0
outer4,4,73,baa9,150.0,120.0,0.0,0.0,0.0,0.0,0.0,1.0,1.0,0.0
outer4,4,73,baa9,150.0,150.0,0.0,0.0,0.0,0.0,0.0,1.0,1.0,0.0
outer4,4,73,baa9,150.0,180.0,0.0,0.0,0.0,0.0,0.0,1.0,1.0,0.0
outer4,4,73,baa9,150.0,210.0,0.0,0.0,0.0,0.0,0.0,1.0,1.0,0.0
outer4,4,73,baa9,150.0,240.0,0.0,0.0,0.0,0.0,0.0,1.0,1.0,0.0
outer4,4,73,baa9,150.0,270.0,0.0,0.0,0.0,0.0,0.0,1.0,1.0,0.0
outer4,4,73,baa9,150.0,300.0,0.0,0.0,0.0,0.0,0.0,1.0,1.0,0.0
outer4,4,73,baa9,150.0,330.0,0.0,0.0,0.0,0.0,0.0,1.0,1.0,0.0
outer4,4,73,bb26,30.0,0.0,90.0,150.0,-60.0,-60.0,0.0,0.0,0.0,0.0
outer4,4,73,bb26,30.0,30.0,0.0,0.0,0.0,0.0,0.0,1.0,1.0,0.0
outer4,4,73,bb26,30.0,60.0,151.04498291015625,151.04498291015625,0.0,0.0,0.0,0.0,0.0,0.0
outer4,4,73,bb26,30.0,90.0,180.0,180.0,0.0,0.0,0.0,0.0,0.0,0.0
outer4,4,73,bb26,30.0,120.0,128.68218994140625,128.68218994140625,0.0,0.0,0.0,0.0,0.0,0.0
outer4,4,73,bb26,30.0,150.0,93.32575225830078,0.0,93.32575225830078,90.0,30.0,0.0,1.0,-1.0
outer4,4,73,bb26,30.0,180.0,30.000001907348633,30.000001907348633,0.0,0.0,0.0,0.0,0.0,0.0
outer4,4,73,bb26,30.0,210.0,128.68218994140625,128.68218994140625,0.0,0.0,0.0,0.0,0.0,0.0
outer4,4,73,bb26,30.0,240.0,60.000003814697266,60.000003814697266,0.0,0.0,0.0,0.0,0.0,0.0
outer4,4,73,bb26,30.0,270.0,60.000003814697266,60.000003814697266,0.0,0.0,0.0,0.0,0.0,0.0
outer4,4,73,bb26,30.0,300.0,0.0,0.0,0.0,0.0,0.0,1.0,1.0,0.0
outer4,4,73,bb26,30.0,330.0,93.32575988769531,0.0,93.32575988769531,90.0,30.0,0.0,1.0,-1.0
outer4,4,73,bb26,60.0,0.0,120.00000762939453,180.0,-59.99999237060547,-60.0,0.0,0.0,0.0,0.0
outer4,4,73,bb26,60.0,30.0,25.905075073242188,130.50535583496094,-104.60028076171875,-90.0,-90.0,0.0,0.0,0.0
outer4,4,73,bb26,60.0,60.0,0.0,0.0,0.0,0.0,0.0,1.0,1.0,0.0
outer4,4,73,bb26,60.0,90.0,180.0,60.000003814697266,119.99999618530273,0.0,180.0,0.0,0.0,0.0
outer4,4,73,bb26,60.0,120.0,29.999998092651367,0.0,29.999998092651367,30.0,0.0,0.0,1.0,-1.0
outer4,4,73,bb26,60.0,150.0,0.0,0.0,0.0,0.0,0.0,1.0,1.0,0.0
outer4,4,73,bb26,60.0,180.0,0.0,0.0,0.0,0.0,0.0,1.0,1.0,0.0
outer4,4,73,bb26,60.0,210.0,128.6822052001953,0.0,128.6822052001953,60.0,120.0,0.0,1.0,-1.0
outer4,4,73,bb26,60.0,240.0,0.0,0.0,0.0,0.0,0.0,1.0,1.0,0.0
outer4,4,73,bb26,60.0,270.0,0.0,0.0,0.0,0.0,0.0,1.0,1.0,0.0
outer4,4,73,bb26,60.0,300.0,97.18075561523438,97.18075561523438,0.0,0.0,0.0,0.0,0.0,0.0
outer4,4,73,bb26,60.0,330.0,30.000001907348633,75.52249908447266,-45.52249717712402,30.0,-90.0,0.0,0.0,0.0
outer4,4,73,bb26,90.0,0.0,0.0,0.0,0.0,0.0,0.0,1.0,1.0,0.0
outer4,4,73,bb26,90.0,30.0,0.0,150.0,-150.0,0.0,-150.0,1.0,0.0,1.0
outer4,4,73,bb26,90.0,60.0,60.000003814697266,0.0,60.000003814697266,0.0,60.0,0.0,1.0,-1.0
outer4,4,73,bb26,90.0,90.0,30.000001907348633,30.000001907348633,0.0,0.0,0.0,0.0,0.0,0.0
outer4,4,73,bb26,90.0,120.0,180.0,0.0,180.0,0.0,180.0,0.0,1.0,-1.0
outer4,4,73,bb26,90.0,150.0,120.00000762939453,90.0,30.00000762939453,0.0,30.0,0.0,0.0,0.0
outer4,4,73,bb26,90.0,180.0,180.0,30.000001907348633,149.99999809265137,0.0,150.0,0.0,0.0,0.0
outer4,4,73,bb26,90.0,210.0,180.0,0.0,180.0,0.0,180.0,0.0,1.0,-1.0
outer4,4,73,bb26,90.0,240.0,120.00000762939453,180.0,-59.99999237060547,0.0,-60.0,0.0,0.0,0.0
outer4,4,73,bb26,90.0,270.0,150.0,150.0,0.0,0.0,0.0,0.0,0.0,0.0
outer4,4,73,bb26,90.0,300.0,180.0,180.0,0.0,0.0,0.0,0.0,0.0,0.0
outer4,4,73,bb26,90.0,330.0,60.00000762939453,30.00000762939453,30.0,0.0,30.0,0.0,0.0,0.0
outer4,4,73,bb26,120.0,0.0,120.00000762939453,120.00000762939453,0.0,0.0,0.0,0.0,0.0,0.0
outer4,4,73,bb26,120.0,30.0,82.81924438476562,128.6822052001953,-45.86296081542969,0.0,-60.0,0.0,0.0,0.0
outer4,4,73,bb26,120.0,60.0,0.0,0.0,0.0,0.0,0.0,1.0,1.0,0.0
outer4,4,73,bb26,120.0,90.0,154.09490966796875,154.09490966796875,0.0,0.0,0.0,0.0,0.0,0.0
outer4,4,73,bb26,120.0,120.0,128.6822052001953,30.000001907348633,98.68220329284668,30.0,120.0,0.0,0.0,0.0
outer4,4,73,bb26,120.0,150.0,60.000003814697266,90.0,-29.999996185302734,-30.0,0.0,0.0,0.0,0.0
outer4,4,73,bb26,120.0,180.0,0.0,120.00000762939453,-120.00000762939453,0.0,-180.0,1.0,0.0,1.0
outer4,4,73,bb26,120.0,210.0,93.32575225830078,82.81924438476562,10.506507873535156,30.0,-30.0,0.0,0.0,0.0
outer4,4,73,bb26,120.0,240.0,30.000001907348633,82.81924438476562,-52.81924247741699,-30.0,-60.0,0.0,0.0,0.0
outer4,4,73,bb26,120.0,270.0,0.0,25.905075073242188,-25.905075073242188,0.0,-30.0,1.0,0.0,1.0
outer4,4,73,bb26,120.0,300.0,25.905075073242188,128.68218994140625,-102.77711486816406,-60.0,-90.0,0.0,0.0,0.0
outer4,4,73,bb26,120.0,330.0,25.90508270263672,86.67424774169922,-60.7691650390625,-30.0,-120.0,0.0,0.0,0.0
outer4,4,73,bb26,150.0,0.0,29.99998664855957,29.99998664855957,0.0,0.0,0.0,0.0,0.0,0.0
outer4,4,73,bb26,150.0,30.0,36.09777069091797,128.68218994140625,-92.58441925048828,-90.0,-30.0,0.0,0.0,0.0
outer4,4,73,bb26,150.0,60.0,151.04498291015625,151.04498291015625,0.0,0.0,0.0,0.0,0.0,0.0
outer4,4,73,bb26,150.0,90.0,180.0,180.0,0.0,0.0,0.0,0.0,0.0,0.0
outer4,4,73,bb26,150.0,120.0,128.68218994140625,128.68218994140625,0.0,0.0,0.0,0.0,0.0,0.0
outer4,4,73,bb26,150.0,150.0,0.0,0.0,0.0,0.0,0.0,1.0,1.0,0.0
outer4,4,73,bb26,150.0,180.0,29.99998664855957,29.99998664855957,0.0,0.0,0.0,0.0,0.0,0.0
outer4,4,73,bb26,150.0,210.0,60.000003814697266,128.68218994140625,-68.68218612670898,-120.0,120.0,0.0,0.0,0.0
outer4,4,73,bb26,150.0,240.0,60.000003814697266,60.000003814697266,0.0,0.0,0.0,0.0,0.0,0.0
outer4,4,73,bb26,150.0,270.0,0.0,0.0,0.0,0.0,0.0,1.0,1.0,0.0
outer4,4,73,bb26,150.0,300.0,14.870942115783691,151.04498291015625,-136.17404079437256,-120.0,-90.0,0.0,0.0,0.0
outer4,4,73,bb26,150.0,330.0,0.0,120.00000762939453,-120.00000762939453,-120.0,0.0,1.0,0.0,1.0
outer4,4,74,b7fd,30.0,0.0,90.0,60.000003814697266,29.999996185302734,30.0,0.0,0.0,0.0,0.0
outer4,4,74,b7fd,30.0,30.0,30.000001907348633,30.000001907348633,0.0,0.0,0.0,0.0,0.0,0.0
outer4,4,74,b7fd,30.0,60.0,128.68218994140625,128.68218994140625,0.0,0.0,0.0,0.0,0.0,0.0
outer4,4,74,b7fd,30.0,90.0,30.000001907348633,120.00000762939453,-90.0000057220459,-90.0,0.0,0.0,0.0,0.0
outer4,4,74,b7fd,30.0,120.0,14.870942115783691,14.870942115783691,0.0,0.0,0.0,0.0,0.0,0.0
outer4,4,74,b7fd,30.0,150.0,14.870942115783691,102.50392150878906,-87.63297939300537,-90.0,-30.0,0.0,0.0,0.0
outer4,4,74,b7fd,30.0,180.0,0.0,0.0,0.0,0.0,0.0,1.0,1.0,0.0
outer4,4,74,b7fd,30.0,210.0,0.0,30.000001907348633,-30.000001907348633,-30.0,0.0,1.0,0.0,1.0
outer4,4,74,b7fd,30.0,240.0,151.04498291015625,143.9022216796875,7.14276123046875,30.0,-30.0,0.0,0.0,0.0
outer4,4,74,b7fd,30.0,270.0,60.000003814697266,57.7581901550293,2.2418136596679688,0.0,30.0,0.0,0.0,0.0
outer4,4,74,b7fd,30.0,300.0,41.40962219238281,57.7581901550293,-16.348567962646484,0.0,-60.0,0.0,0.0,0.0
outer4,4,74,b7fd,30.0,330.0,90.0,93.32575988769531,-3.3257598876953125,0.0,-30.0,0.0,0.0,0.0
outer4,4,74,b7fd,60.0,0.0,0.0,0.0,0.0,0.0,0.0,1.0,1.0,0.0
outer4,4,74,b7fd,60.0,30.0,0.0,0.0,0.0,0.0,0.0,1.0,1.0,0.0
outer4,4,74,b7fd,60.0,60.0,128.68218994140625,128.68218994140625,0.0,0.0,0.0,0.0,0.0,0.0
outer4,4,74,b7fd,60.0,90.0,0.0,0.0,0.0,0.0,0.0,1.0,1.0,0.0
outer4,4,74,b7fd,60.0,120.0,0.0,66.45188903808594,-66.45188903808594,-60.0,-30.0,1.0,0.0,1.0
outer4,4,74,b7fd,60.0,150.0,0.0,82.81924438476562,-82.81924438476562,-60.0,-60.0,1.0,0.0,1.0
outer4,4,74,b7fd,60.0,180.0,0.0,0.0,0.0,0.0,0.0,1.0,1.0,0.0
outer4,4,74,b7fd,60.0,210.0,51.31781005859375,180.0,-128.68218994140625,-60.0,-120.0,0.0,0.0,0.0
outer4,4,74,b7fd,60.0,240.0,128.6822052001953,115.6589126586914,13.023292541503906,30.0,0.0,0.0,0.0,0.0
outer4,4,74,b7fd,60.0,270.0,0.0,120.00000762939453,-120.00000762939453,0.0,-180.0,1.0,0.0,1.0
outer4,4,74,b7fd,60.0,300.0,0.0,0.0,0.0,0.0,0.0,1.0,1.0,0.0
outer4,4,74,b7fd,60.0,330.0,0.0,0.0,0.0,0.0,0.0,1.0,1.0,0.0
outer4,4,74,b7fd,90.0,0.0,180.0,150.0,30.0,0.0,30.0,0.0,0.0,0.0
outer4,4,74,b7fd,90.0,30.0,120.00000762939453,120.00000762939453,0.0,0.0,0.0,0.0,0.0,0.0
outer4,4,74,b7fd,90.0,60.0,60.000003814697266,60.000003814697266,0.0,0.0,0.0,0.0,0.0,0.0
outer4,4,74,b7fd,90.0,90.0,0.0,180.0,-180.0,0.0,-180.0,1.0,0.0,1.0
outer4,4,74,b7fd,90.0,120.0,0.0,0.0,0.0,0.0,0.0,1.0,1.0,0.0
outer4,4,74,b7fd,90.0,150.0,0.0,0.0,0.0,0.0,0.0,1.0,1.0,0.0
outer4,4,74,b7fd,90.0,180.0,0.0,30.000001907348633,-30.000001907348633,0.0,-30.0,1.0,0.0,1.0
outer4,4,74,b7fd,90.0,210.0,60.000003814697266,60.000003814697266,0.0,0.0,0.0,0.0,0.0,0.0
outer4,4,74,b7fd,90.0,240.0,120.00000762939453,60.000003814697266,60.000003814697266,0.0,60.0,0.0,0.0,0.0
outer4,4,74,b7fd,90.0,270.0,0.0,0.0,0.0,0.0,0.0,1.0,1.0,0.0
outer4,4,74,b7fd,90.0,300.0,180.0,180.0,0.0,0.0,0.0,0.0,0.0,0.0
outer4,4,74,b7fd,90.0,330.0,180.0,180.0,0.0,0.0,0.0,0.0,0.0,0.0
outer4,4,74,b7fd,120.0,0.0,0.0,0.0,0.0,0.0,0.0,1.0,1.0,0.0
outer4,4,74,b7fd,120.0,30.0,25.905075073242188,120.00000762939453,-94.09493255615234,0.0,-150.0,0.0,0.0,0.0
outer4,4,74,b7fd,120.0,60.0,128.68218994140625,128.68218994140625,0.0,0.0,0.0,0.0,0.0,0.0
outer4,4,74,b7fd,120.0,90.0,29.99998664855957,30.000001907348633,-1.52587890625e-05,0.0,0.0,0.0,0.0,0.0
outer4,4,74,b7fd,120.0,120.0,25.905075073242188,0.0,25.905075073242188,0.0,30.0,0.0,1.0,-1.0
outer4,4,74,b7fd,120.0,150.0,51.31781005859375,154.09490966796875,-102.777099609375,-60.0,-90.0,0.0,0.0,0.0
outer4,4,74,b7fd,120.0,180.0,0.0,60.000003814697266,-60.000003814697266,-60.0,0.0,1.0,0.0,1.0
outer4,4,74,b7fd,120.0,210.0,128.6822052001953,120.00000762939453,8.682197570800781,60.0,-60.0,0.0,0.0,0.0
outer4,4,74,b7fd,120.0,240.0,128.6822052001953,120.00000762939453,8.682197570800781,60.0,-60.0,0.0,0.0,0.0
outer4,4,74,b7fd,120.0,270.0,29.99998664855957,120.00000762939453,-90.00002098083496,30.0,-180.0,0.0,0.0,0.0
outer4,4,74,b7fd,120.0,300.0,0.0,29.99998664855957,-29.99998664855957,-30.0,0.0,1.0,0.0,1.0
outer4,4,74,b7fd,120.0,330.0,0.0,0.0,0.0,0.0,0.0,1.0,1.0,0.0
outer4,4,74,b7fd,150.0,0.0,90.0,29.99998664855957,60.00001335144043,0.0,180.0,0.0,0.0,0.0
outer4,4,74,b7fd,150.0,30.0,60.000003814697266,29.99998664855957,30.000017166137695,-30.0,180.0,0.0,0.0,0.0
outer4,4,74,b7fd,150.0,60.0,122.24180603027344,122.24180603027344,0.0,0.0,0.0,0.0,0.0,0.0
outer4,4,74,b7fd,150.0,90.0,0.0,0.0,0.0,0.0,0.0,1.0,1.0,0.0
outer4,4,74,b7fd,150.0,120.0,14.870942115783691,36.09777069091797,-21.226828575134277,-30.0,0.0,0.0,0.0,0.0
outer4,4,74,b7fd,150.0,150.0,90.0,102.50391387939453,-12.503913879394531,0.0,-60.0,0.0,0.0,0.0
outer4,4,74,b7fd,150.0,180.0,29.99998664855957,29.99998664855957,0.0,0.0,0.0,0.0,0.0,0.0
outer4,4,74,b7fd,150.0,210.0,122.24180603027344,29.99998664855957,92.24181938171387,90.0,30.0,0.0,0.0,0.0
outer4,4,74,b7fd,150.0,240.0,165.12905883789062,165.12905883789062,0.0,0.0,0.0,0.0,0.0,0.0
outer4,4,74,b7fd,150.0,270.0,0.0,0.0,0.0,0.0,0.0,1.0,1.0,0.0
outer4,4,74,b7fd,150.0,300.0,60.000003814697266,60.000003814697266,0.0,0.0,0.0,0.0,0.0,0.0
outer4,4,74,b7fd,150.0,330.0,93.32574462890625,93.32574462890625,0.0,0.0,0.0,0.0,0.0,0.0
outer4,4,74,b8ed,30.0,0.0,0.0,0.0,0.0,0.0,0.0,1.0,1.0,0.0
outer4,4,74,b8ed,30.0,30.0,60.000003814697266,60.000003814697266,0.0,0.0,0.0,0.0,0.0,0.0
outer4,4,74,b8ed,30.0,60.0,0.0,165.12905883789062,-165.12905883789062,-120.0,-150.0,1.0,0.0,1.0
outer4,4,74,b8ed,30.0,90.0,0.0,0.0,0.0,0.0,0.0,1.0,1.0,0.0
outer4,4,74,b8ed,30.0,120.0,120.00000762939453,128.68218994140625,-8.682182312011719,0.0,-60.0,0.0,0.0,0.0
outer4,4,74,b8ed,30.0,150.0,0.0,0.0,0.0,0.0,0.0,1.0,1.0,0.0
outer4,4,74,b8ed,30.0,180.0,0.0,0.0,0.0,0.0,0.0,1.0,1.0,0.0
outer4,4,74,b8ed,30.0,210.0,0.0,0.0,0.0,0.0,0.0,1.0,1.0,0.0
outer4,4,74,b8ed,30.0,240.0,0.0,57.7581901550293,-57.7581901550293,0.0,-150.0,1.0,0.0,1.0
outer4,4,74,b8ed,30.0,270.0,0.0,60.000003814697266,-60.000003814697266,0.0,-180.0,1.0,0.0,1.0
outer4,4,74,b8ed,30.0,300.0,0.0,0.0,0.0,0.0,0.0,1.0,1.0,0.0
outer4,4,74,b8ed,30.0,330.0,122.24180603027344,0.0,122.24180603027344,120.0,30.0,0.0,1.0,-1.0
outer4,4,74,b8ed,60.0,0.0,30.000001907348633,30.000001907348633,0.0,0.0,0.0,0.0,0.0,0.0
outer4,4,74,b8ed,60.0,30.0,0.0,0.0,0.0,0.0,0.0,1.0,1.0,0.0
outer4,4,74,b8ed,60.0,60.0,128.68218994140625,154.0949249267578,-25.412734985351562,0.0,-30.0,0.0,0.0,0.0
outer4,4,74,b8ed,60.0,90.0,0.0,0.0,0.0,0.0,0.0,1.0,1.0,0.0
outer4,4,74,b8ed,60.0,120.0,0.0,60.000003814697266,-60.000003814697266,-60.0,0.0,1.0,0.0,1.0
outer4,4,74,b8ed,60.0,150.0,0.0,128.6822052001953,-128.6822052001953,-60.0,-120.0,1.0,0.0,1.0
outer4,4,74,b8ed,60.0,180.0,30.000001907348633,30.000001907348633,0.0,0.0,0.0,0.0,0.0,0.0
outer4,4,74,b8ed,60.0,210.0,0.0,120.00000762939453,-120.00000762939453,0.0,-180.0,1.0,0.0,1.0
outer4,4,74,b8ed,60.0,240.0,0.0,0.0,0.0,0.0,0.0,1.0,1.0,0.0
outer4,4,74,b8ed,60.0,270.0,120.00000762939453,120.00000762939453,0.0,0.0,0.0,0.0,0.0,0.0
outer4,4,74,b8ed,60.0,300.0,0.0,0.0,0.0,0.0,0.0,1.0,1.0,0.0
outer4,4,74,b8ed,60.0,330.0,82.81924438476562,25.90509033203125,56.914154052734375,60.0,30.0,0.0,0.0,0.0
outer4,4,74,b8ed,90.0,0.0,0.0,30.000001907348633,-30.000001907348633,0.0,-30.0,1.0,0.0,1.0
outer4,4,74,b8ed,90.0,30.0,0.0,0.0,0.0,0.0,0.0,1.0,1.0,0.0
outer4,4,74,b8ed,90.0,60.0,60.000003814697266,30.000001907348633,30.000001907348633,0.0,30.0,0.0,0.0,0.0
outer4,4,74,b8ed,90.0,90.0,180.0,180.0,0.0,0.0,0.0,0.0,0.0,0.0
outer4,4,74,b8ed,90.0,120.0,0.0,0.0,0.0,0.0,0.0,1.0,1.0,0.0
outer4,4,74,b8ed,90.0,150.0,120.00000762939453,120.00000762939453,0.0,0.0,0.0,0.0,0.0,0.0
outer4,4,74,b8ed,90.0,180.0,0.0,180.0,-180.0,0.0,-180.0,1.0,0.0,1.0
outer4,4,74,b8ed,90.0,210.0,180.0,180.0,0.0,0.0,0.0,0.0,0.0,0.0
outer4,4,74,b8ed,90.0,240.0,120.00000762939453,120.00000762939453,0.0,0.0,0.0,0.0,0.0,0.0
outer4,4,74,b8ed,90.0,270.0,0.0,0.0,0.0,0.0,0.0,1.0,1.0,0.0
outer4,4,74,b8ed,90.0,300.0,0.0,180.0,-180.0,0.0,-180.0,1.0,0.0,1.0
outer4,4,74,b8ed,90.0,330.0,60.00000762939453,120.00000762939453,-60.0,0.0,-60.0,0.0,0.0,0.0
outer4,4,74,b8ed,120.0,0.0,29.99998664855957,29.99998664855957,0.0,0.0,0.0,0.0,0.0,0.0
outer4,4,74,b8ed,120.0,30.0,25.905075073242188,0.0,25.905075073242188,0.0,30.0,0.0,1.0,-1.0
outer4,4,74,b8ed,120.0,60.0,128.68218994140625,128.68218994140625,0.0,0.0,0.0,0.0,0.0,0.0
outer4,4,74,b8ed,120.0,90.0,0.0,0.0,0.0,0.0,0.0,1.0,1.0,0.0
outer4,4,74,b8ed,120.0,120.0,128.6822052001953,128.6822052001953,0.0,0.0,0.0,0.0,0.0,0.0
outer4,4,74,b8ed,120.0,150.0,0.0,0.0,0.0,0.0,0.0,1.0,1.0,0.0
outer4,4,74,b8ed,120.0,180.0,0.0,29.99998664855957,-29.99998664855957,-30.0,0.0,1.0,0.0,1.0
outer4,4,74,b8ed,120.0,210.0,113.54811096191406,120.00000762939453,-6.451896667480469,0.0,-30.0,0.0,0.0,0.0
outer4,4,74,b8ed,120.0,240.0,0.0,0.0,0.0,0.0,0.0,1.0,1.0,0.0
outer4,4,74,b8ed,120.0,270.0,0.0,0.0,0.0,0.0,0.0,1.0,1.0,0.0
outer4,4,74,b8ed,120.0,300.0,0.0,0.0,0.0,0.0,0.0,1.0,1.0,0.0
outer4,4,74,b8ed,120.0,330.0,0.0,0.0,0.0,0.0,0.0,1.0,1.0,0.0
outer4,4,74,b8ed,150.0,0.0,0.0,0.0,0.0,0.0,0.0,1.0,1.0,0.0
outer4,4,74,b8ed,150.0,30.0,60.000003814697266,60.000003814697266,0.0,0.0,0.0,0.0,0.0,0.0
outer4,4,74,b8ed,150.0,60.0,0.0,0.0,0.0,0.0,0.0,1.0,1.0,0.0
outer4,4,74,b8ed,150.0,90.0,0.0,0.0,0.0,0.0,0.0,1.0,1.0,0.0
outer4,4,74,b8ed,150.0,120.0,0.0,0.0,0.0,0.0,0.0,1.0,1.0,0.0
outer4,4,74,b8ed,150.0,150.0,0.0,0.0,0.0,0.0,0.0,1.0,1.0,0.0
outer4,4,74,b8ed,150.0,180.0,0.0,0.0,0.0,0.0,0.0,1.0,1.0,0.0
outer4,4,74,b8ed,150.0,210.0,0.0,0.0,0.0,0.0,0.0,1.0,1.0,0.0
outer4,4,74,b8ed,150.0,240.0,0.0,0.0,0.0,0.0,0.0,1.0,1.0,0.0
outer4,4,74,b8ed,150.0,270.0,0.0,0.0,0.0,0.0,0.0,1.0,1.0,0.0
outer4,4,74,b8ed,150.0,300.0,0.0,0.0,0.0,0.0,0.0,1.0,1.0,0.0
outer4,4,74,b8ed,150.0,330.0,122.24180603027344,0.0,122.24180603027344,120.0,30.0,0.0,1.0,-1.0
outer4,4,74,b979,30.0,0.0,60.000003814697266,180.0,-119.99999618530273,-120.0,0.0,0.0,0.0,0.0
outer4,4,74,b979,30.0,30.0,0.0,0.0,0.0,0.0,0.0,1.0,1.0,0.0
outer4,4,74,b979,30.0,60.0,122.24180603027344,93.32575225830078,28.916053771972656,30.0,0.0,0.0,0.0,0.0
outer4,4,74,b979,30.0,90.0,60.000003814697266,60.000003814697266,0.0,0.0,0.0,0.0,0.0,0.0
outer4,4,74,b979,30.0,120.0,128.68218994140625,28.95502281188965,99.7271671295166,120.0,0.0,0.0,0.0,0.0
outer4,4,74,b979,30.0,150.0,0.0,0.0,0.0,0.0,0.0,1.0,1.0,0.0
outer4,4,74,b979,30.0,180.0,0.0,0.0,0.0,0.0,0.0,1.0,1.0,0.0
outer4,4,74,b979,30.0,210.0,60.000003814697266,0.0,60.000003814697266,0.0,180.0,0.0,1.0,-1.0
outer4,4,74,b979,30.0,240.0,57.7581901550293,57.7581901550293,0.0,0.0,0.0,0.0,0.0,0.0
outer4,4,74,b979,30.0,270.0,60.000003814697266,60.000003814697266,0.0,0.0,0.0,0.0,0.0,0.0
outer4,4,74,b979,30.0,300.0,51.31781005859375,51.31781005859375,0.0,0.0,0.0,0.0,0.0,0.0
outer4,4,74,b979,30.0,330.0,165.12905883789062,128.68218994140625,36.446868896484375,0.0,90.0,0.0,0.0,0.0
outer4,4,74,b979,60.0,0.0,90.0,30.000001907348633,59.99999809265137,60.0,0.0,0.0,0.0,0.0
outer4,4,74,b979,60.0,30.0,0.0,113.5481185913086,-113.5481185913086,0.0,-150.0,1.0,0.0,1.0
outer4,4,74,b979,60.0,60.0,102.50391387939453,82.81924438476562,19.684669494628906,30.0,0.0,0.0,0.0,0.0
outer4,4,74,b979,60.0,90.0,41.40962219238281,66.45188903808594,-25.042266845703125,-30.0,0.0,0.0,0.0,0.0
outer4,4,74,b979,60.0,120.0,115.65889739990234,143.9022216796875,-28.243324279785156,0.0,-60.0,0.0,0.0,0.0
outer4,4,74,b979,60.0,150.0,180.0,128.6822052001953,51.31779479980469,0.0,60.0,0.0,0.0,0.0
outer4,4,74,b979,60.0,180.0,90.0,30.000001907348633,59.99999809265137,0.0,180.0,0.0,0.0,0.0
outer4,4,74,b979,60.0,210.0,51.31781005859375,180.0,-128.68218994140625,-60.0,-120.0,0.0,0.0,0.0
outer4,4,74,b979,60.0,240.0,30.000001907348633,41.40962219238281,-11.40962028503418,0.0,-30.0,0.0,0.0,0.0
outer4,4,74,b979,60.0,270.0,90.0,90.0,0.0,0.0,0.0,0.0,0.0,0.0
outer4,4,74,b979,60.0,300.0,30.000001907348633,49.494659423828125,-19.494657516479492,0.0,-60.0,0.0,0.0,0.0
outer4,4,74,b979,60.0,330.0,82.81924438476562,82.81924438476562,0.0,0.0,0.0,0.0,0.0,0.0
outer4,4,74,b979,90.0,0.0,115.6589126586914,30.000001907348633,85.65891075134277,60.0,120.0,0.0,0.0,0.0
outer4,4,74,b979,90.0,30.0,120.00000762939453,180.0,-59.99999237060547,60.0,0.0,0.0,0.0,0.0
outer4,4,74,b979,90.0,60.0,60.000003814697266,60.000003814697266,0.0,0.0,0.0,0.0,0.0,0.0
outer4,4,74,b979,90.0,90.0,30.000001907348633,150.0,-119.99999809265137,0.0,-120.0,0.0,0.0,0.0
outer4,4,74,b979,90.0,120.0,120.00000762939453,90.0,30.00000762939453,0.0,30.0,0.0,0.0,0.0
outer4,4,74,b979,90.0,150.0,75.52249908447266,120.00000762939453,-44.477508544921875,60.0,-60.0,0.0,0.0,0.0
outer4,4,74,b979,90.0,180.0,64.34110260009766,150.0,-85.65889739990234,60.0,-120.0,0.0,0.0,0.0
outer4,4,74,b979,90.0,210.0,60.000003814697266,0.0,60.000003814697266,60.0,0.0,0.0,1.0,-1.0
outer4,4,74,b979,90.0,240.0,120.00000762939453,120.00000762939453,0.0,0.0,0.0,0.0,0.0,0.0
outer4,4,74,b979,90.0,270.0,150.0,30.000001907348633,119.99999809265137,0.0,120.0,0.0,0.0,0.0
outer4,4,74,b979,90.0,300.0,180.0,90.0,90.0,0.0,90.0,0.0,0.0,0.0
outer4,4,74,b979,90.0,330.0,120.00000762939453,60.00000762939453,60.0,0.0,60.0,0.0,0.0,0.0
outer4,4,74,b979,120.0,0.0,90.0,29.99998664855957,60.00001335144043,60.0,0.0,0.0,0.0,0.0
outer4,4,74,b979,120.0,30.0,66.45188903808594,120.00000762939453,-53.548118591308594,60.0,-150.0,0.0,0.0,0.0
outer4,4,74,b979,120.0,60.0,86.67424774169922,102.50392150878906,-15.829673767089844,-60.0,90.0,0.0,0.0,0.0
outer4,4,74,b979,120.0,90.0,30.000001907348633,41.40962219238281,-11.40962028503418,0.0,-30.0,0.0,0.0,0.0
outer4,4,74,b979,120.0,120.0,130.50535583496094,90.0,40.50535583496094,60.0,30.0,0.0,0.0,0.0
outer4,4,74,b979,120.0,150.0,75.52249145507812,97.18075561523438,-21.65826416015625,0.0,-30.0,0.0,0.0,0.0
outer4,4,74,b979,120.0,180.0,29.99998664855957,29.99998664855957,0.0,0.0,0.0,0.0,0.0,0.0
outer4,4,74,b979,120.0,210.0,0.0,0.0,0.0,0.0,0.0,1.0,1.0,0.0
outer4,4,74,b979,120.0,240.0,180.0,86.67425537109375,93.32574462890625,30.0,30.0,0.0,0.0,0.0
outer4,4,74,b979,120.0,270.0,120.00000762939453,120.00000762939453,0.0,0.0,0.0,0.0,0.0,0.0
outer4,4,74,b979,120.0,300.0,86.67425537109375,143.9022216796875,-57.22796630859375,-60.0,0.0,0.0,0.0,0.0
outer4,4,74,b979,120.0,330.0,82.81924438476562,82.81924438476562,0.0,0.0,0.0,0.0,0.0,0.0
outer4,4,74,b979,150.0,0.0,60.000003814697266,0.0,60.000003814697266,0.0,180.0,0.0,1.0,-1.0
outer4,4,74,b979,150.0,30.0,60.000003814697266,0.0,60.000003814697266,0.0,180.0,0.0,1.0,-1.0
outer4,4,74,b979,150.0,60.0,0.0,120.00000762939453,-120.00000762939453,-120.0,0.0,1.0,0.0,1.0
outer4,4,74,b979,150.0,90.0,90.0,60.000003814697266,29.999996185302734,30.0,0.0,0.0,0.0,0.0
outer4,4,74,b979,150.0,120.0,0.0,36.09777069091797,-36.09777069091797,-30.0,-30.0,1.0,0.0,1.0
outer4,4,74,b979,150.0,150.0,122.24180603027344,14.870942115783691,107.37086391448975,120.0,0.0,0.0,0.0,0.0
outer4,4,74,b979,150.0,180.0,0.0,0.0,0.0,0.0,0.0,1.0,1.0,0.0
outer4,4,74,b979,150.0,210.0,0.0,0.0,0.0,0.0,0.0,1.0,1.0,0.0
outer4,4,74,b979,150.0,240.0,0.0,60.000003814697266,-60.000003814697266,0.0,-180.0,1.0,0.0,1.0
outer4,4,74,b979,150.0,270.0,60.000003814697266,60.000003814697266,0.0,0.0,0.0,0.0,0.0,0.0
outer4,4,74,b979,150.0,300.0,60.000003814697266,57.7581901550293,2.2418136596679688,0.0,30.0,0.0,0.0,0.0
outer4,4,74,b979,150.0,330.0,28.95502281188965,165.12905883789062,-136.17403602600098,-120.0,-90.0,0.0,0.0,0.0
outer4,4,74,baa9,30.0,0.0,0.0,0.0,0.0,0.0,0.0,1.0,1.0,0.0
outer4,4,74,baa9,30.0,30.0,0.0,0.0,0.0,0.0,0.0,1.0,1.0,0.0
outer4,4,74,baa9,30.0,60.0,0.0,0.0,0.0,0.0,0.0,1.0,1.0,0.0
outer4,4,74,baa9,30.0,90.0,0.0,0.0,0.0,0.0,0.0,1.0,1.0,0.0
outer4,4,74,baa9,30.0,120.0,0.0,0.0,0.0,0.0,0.0,1.0,1.0,0.0
outer4,4,74,baa9,30.0,150.0,0.0,0.0,0.0,0.0,0.0,1.0,1.0,0.0
outer4,4,74,baa9,30.0,180.0,0.0,0.0,0.0,0.0,0.0,1.0,1.0,0.0
outer4,4,74,baa9,30.0,210.0,0.0,0.0,0.0,0.0,0.0,1.0,1.0,0.0
outer4,4,74,baa9,30.0,240.0,0.0,0.0,0.0,0.0,0.0,1.0,1.0,0.0
outer4,4,74,baa9,30.0,270.0,0.0,0.0,0.0,0.0,0.0,1.0,1.0,0.0
outer4,4,74,baa9,30.0,300.0,0.0,0.0,0.0,0.0,0.0,1.0,1.0,0.0
outer4,4,74,baa9,30.0,330.0,0.0,0.0,0.0,0.0,0.0,1.0,1.0,0.0
outer4,4,74,baa9,60.0,0.0,0.0,0.0,0.0,0.0,0.0,1.0,1.0,0.0
outer4,4,74,baa9,60.0,30.0,0.0,0.0,0.0,0.0,0.0,1.0,1.0,0.0
outer4,4,74,baa9,60.0,60.0,0.0,0.0,0.0,0.0,0.0,1.0,1.0,0.0
outer4,4,74,baa9,60.0,90.0,0.0,0.0,0.0,0.0,0.0,1.0,1.0,0.0
outer4,4,74,baa9,60.0,120.0,0.0,0.0,0.0,0.0,0.0,1.0,1.0,0.0
outer4,4,74,baa9,60.0,150.0,0.0,0.0,0.0,0.0,0.0,1.0,1.0,0.0
outer4,4,74,baa9,60.0,180.0,0.0,0.0,0.0,0.0,0.0,1.0,1.0,0.0
outer4,4,74,baa9,60.0,210.0,0.0,25.905075073242188,-25.905075073242188,0.0,-30.0,1.0,0.0,1.0
outer4,4,74,baa9,60.0,240.0,0.0,0.0,0.0,0.0,0.0,1.0,1.0,0.0
outer4,4,74,baa9,60.0,270.0,0.0,0.0,0.0,0.0,0.0,1.0,1.0,0.0
outer4,4,74,baa9,60.0,300.0,0.0,0.0,0.0,0.0,0.0,1.0,1.0,0.0
outer4,4,74,baa9,60.0,330.0,0.0,0.0,0.0,0.0,0.0,1.0,1.0,0.0
outer4,4,74,baa9,90.0,0.0,0.0,0.0,0.0,0.0,0.0,1.0,1.0,0.0
outer4,4,74,baa9,90.0,30.0,0.0,0.0,0.0,0.0,0.0,1.0,1.0,0.0
outer4,4,74,baa9,90.0,60.0,0.0,0.0,0.0,0.0,0.0,1.0,1.0,0.0
outer4,4,74,baa9,90.0,90.0,0.0,0.0,0.0,0.0,0.0,1.0,1.0,0.0
outer4,4,74,baa9,90.0,120.0,0.0,0.0,0.0,0.0,0.0,1.0,1.0,0.0
outer4,4,74,baa9,90.0,150.0,0.0,0.0,0.0,0.0,0.0,1.0,1.0,0.0
outer4,4,74,baa9,90.0,180.0,180.0,180.0,0.0,0.0,0.0,0.0,0.0,0.0
outer4,4,74,baa9,90.0,210.0,0.0,0.0,0.0,0.0,0.0,1.0,1.0,0.0
outer4,4,74,baa9,90.0,240.0,0.0,0.0,0.0,0.0,0.0,1.0,1.0,0.0
outer4,4,74,baa9,90.0,270.0,0.0,0.0,0.0,0.0,0.0,1.0,1.0,0.0
outer4,4,74,baa9,90.0,300.0,0.0,0.0,0.0,0.0,0.0,1.0,1.0,0.0
outer4,4,74,baa9,90.0,330.0,0.0,0.0,0.0,0.0,0.0,1.0,1.0,0.0
outer4,4,74,baa9,120.0,0.0,0.0,0.0,0.0,0.0,0.0,1.0,1.0,0.0
outer4,4,74,baa9,120.0,30.0,0.0,0.0,0.0,0.0,0.0,1.0,1.0,0.0
outer4,4,74,baa9,120.0,60.0,0.0,0.0,0.0,0.0,0.0,1.0,1.0,0.0
outer4,4,74,baa9,120.0,90.0,0.0,0.0,0.0,0.0,0.0,1.0,1.0,0.0
outer4,4,74,baa9,120.0,120.0,0.0,0.0,0.0,0.0,0.0,1.0,1.0,0.0
outer4,4,74,baa9,120.0,150.0,0.0,0.0,0.0,0.0,0.0,1.0,1.0,0.0
outer4,4,74,baa9,120.0,180.0,0.0,0.0,0.0,0.0,0.0,1.0,1.0,0.0
outer4,4,74,baa9,120.0,210.0,0.0,0.0,0.0,0.0,0.0,1.0,1.0,0.0
outer4,4,74,baa9,120.0,240.0,0.0,0.0,0.0,0.0,0.0,1.0,1.0,0.0
outer4,4,74,baa9,120.0,270.0,0.0,0.0,0.0,0.0,0.0,1.0,1.0,0.0
outer4,4,74,baa9,120.0,300.0,0.0,0.0,0.0,0.0,0.0,1.0,1.0,0.0
outer4,4,74,baa9,120.0,330.0,0.0,0.0,0.0,0.0,0.0,1.0,1.0,0.0
outer4,4,74,baa9,150.0,0.0,0.0,0.0,0.0,0.0,0.0,1.0,1.0,0.0
outer4,4,74,baa9,150.0,30.0,0.0,0.0,0.0,0.0,0.0,1.0,1.0,0.0
outer4,4,74,baa9,150.0,60.0,0.0,0.0,0.0,0.0,0.0,1.0,1.0,0.0
outer4,4,74,baa9,150.0,90.0,0.0,0.0,0.0,0.0,0.0,1.0,1.0,0.0
outer4,4,74,baa9,150.0,120.0,0.0,0.0,0.0,0.0,0.0,1.0,1.0,0.0
outer4,4,74,baa9,150.0,150.0,0.0,0.0,0.0,0.0,0.0,1.0,1.0,0.0
outer4,4,74,baa9,150.0,180.0,0.0,0.0,0.0,0.0,0.0,1.0,1.0,0.0
outer4,4,74,baa9,150.0,210.0,0.0,0.0,0.0,0.0,0.0,1.0,1.0,0.0
outer4,4,74,baa9,150.0,240.0,0.0,0.0,0.0,0.0,0.0,1.0,1.0,0.0
outer4,4,74,baa9,150.0,270.0,0.0,0.0,0.0,0.0,0.0,1.0,1.0,0.0
outer4,4,74,baa9,150.0,300.0,0.0,0.0,0.0,0.0,0.0,1.0,1.0,0.0
outer4,4,74,baa9,150.0,330.0,0.0,0.0,0.0,0.0,0.0,1.0,1.0,0.0
outer4,4,74,bb26,30.0,0.0,90.0,90.0,0.0,0.0,0.0,0.0,0.0,0.0
outer4,4,74,bb26,30.0,30.0,14.870942115783691,0.0,14.870942115783691,0.0,30.0,0.0,1.0,-1.0
outer4,4,74,bb26,30.0,60.0,151.04498291015625,0.0,151.04498291015625,120.0,120.0,0.0,1.0,-1.0
outer4,4,74,bb26,30.0,90.0,120.00000762939453,180.0,-59.99999237060547,0.0,-180.0,0.0,0.0,0.0
outer4,4,74,bb26,30.0,120.0,128.68218994140625,128.68218994140625,0.0,0.0,0.0,0.0,0.0,0.0
outer4,4,74,bb26,30.0,150.0,93.32575225830078,151.04498291015625,-57.71923065185547,-30.0,-90.0,0.0,0.0,0.0
outer4,4,74,bb26,30.0,180.0,30.000001907348633,90.0,-59.99999809265137,-60.0,0.0,0.0,0.0,0.0
outer4,4,74,bb26,30.0,210.0,151.04498291015625,128.68218994140625,22.36279296875,0.0,60.0,0.0,0.0,0.0
outer4,4,74,bb26,30.0,240.0,60.000003814697266,60.000003814697266,0.0,0.0,0.0,0.0,0.0,0.0
outer4,4,74,bb26,30.0,270.0,60.000003814697266,0.0,60.000003814697266,0.0,180.0,0.0,1.0,-1.0
outer4,4,74,bb26,30.0,300.0,60.000003814697266,151.04498291015625,-91.04497909545898,-120.0,60.0,0.0,0.0,0.0
outer4,4,74,bb26,30.0,330.0,143.9022216796875,102.50392150878906,41.39830017089844,0.0,90.0,0.0,0.0,0.0
outer4,4,74,bb26,60.0,0.0,180.0,120.00000762939453,59.99999237060547,60.0,0.0,0.0,0.0,0.0
outer4,4,74,bb26,60.0,30.0,82.81924438476562,66.45188903808594,16.367355346679688,0.0,30.0,0.0,0.0,0.0
outer4,4,74,bb26,60.0,60.0,0.0,0.0,0.0,0.0,0.0,1.0,1.0,0.0
outer4,4,74,bb26,60.0,90.0,60.000003814697266,60.000003814697266,0.0,0.0,0.0,0.0,0.0,0.0
outer4,4,74,bb26,60.0,120.0,0.0,66.45188903808594,-66.45188903808594,-60.0,-30.0,1.0,0.0,1.0
outer4,4,74,bb26,60.0,150.0,82.81924438476562,0.0,82.81924438476562,60.0,60.0,0.0,1.0,-1.0
outer4,4,74,bb26,60.0,180.0,0.0,0.0,0.0,0.0,0.0,1.0,1.0,0.0
outer4,4,74,bb26,60.0,210.0,51.31781005859375,90.0,-38.68218994140625,-30.0,-120.0,0.0,0.0,0.0
outer4,4,74,bb26,60.0,240.0,0.0,25.905075073242188,-25.905075073242188,0.0,-30.0,1.0,0.0,1.0
outer4,4,74,bb26,60.0,270.0,41.40962219238281,0.0,41.40962219238281,30.0,30.0,0.0,1.0,-1.0
outer4,4,74,bb26,60.0,300.0,120.00000762939453,154.0949249267578,-34.09491729736328,-60.0,30.0,0.0,0.0,0.0
outer4,4,74,bb26,60.0,330.0,104.47750854492188,102.50391387939453,1.9735946655273438,-30.0,30.0,0.0,0.0,0.0
outer4,4,74,bb26,90.0,0.0,0.0,0.0,0.0,0.0,0.0,1.0,1.0,0.0
outer4,4,74,bb26,90.0,30.0,30.000001907348633,60.00000762939453,-30.0000057220459,0.0,-30.0,0.0,0.0,0.0
outer4,4,74,bb26,90.0,60.0,60.000003814697266,119.99999237060547,-59.9999885559082,0.0,-60.0,0.0,0.0,0.0
outer4,4,74,bb26,90.0,90.0,30.000001907348633,150.0,-119.99999809265137,0.0,-120.0,0.0,0.0,0.0
outer4,4,74,bb26,90.0,120.0,30.000001907348633,0.0,30.000001907348633,0.0,30.0,0.0,1.0,-1.0
outer4,4,74,bb26,90.0,150.0,180.0,180.0,0.0,0.0,0.0,0.0,0.0,0.0
outer4,4,74,bb26,90.0,180.0,180.0,180.0,0.0,0.0,0.0,0.0,0.0,0.0
outer4,4,74,bb26,90.0,210.0,180.0,120.00000762939453,59.99999237060547,0.0,60.0,0.0,0.0,0.0
outer4,4,74,bb26,90.0,240.0,180.0,90.0,90.0,0.0,90.0,0.0,0.0,0.0
outer4,4,74,bb26,90.0,270.0,150.0,30.000001907348633,119.99999809265137,0.0,120.0,0.0,0.0,0.0
outer4,4,74,bb26,90.0,300.0,150.0,0.0,150.0,0.0,150.0,0.0,1.0,-1.0
outer4,4,74,bb26,90.0,330.0,60.00000762939453,30.00000762939453,30.0,0.0,30.0,0.0,0.0,0.0
outer4,4,74,bb26,120.0,0.0,120.00000762939453,120.00000762939453,0.0,0.0,0.0,0.0,0.0,0.0
outer4,4,74,bb26,120.0,30.0,82.81924438476562,93.32575225830078,-10.506507873535156,-30.0,30.0,0.0,0.0,0.0
outer4,4,74,bb26,120.0,60.0,0.0,0.0,0.0,0.0,0.0,1.0,1.0,0.0
outer4,4,74,bb26,120.0,90.0,138.59039306640625,150.0,-11.40960693359375,0.0,-30.0,0.0,0.0,0.0
outer4,4,74,bb26,120.0,120.0,115.6589126586914,115.6589126586914,0.0,0.0,0.0,0.0,0.0,0.0
outer4,4,74,bb26,120.0,150.0,60.000003814697266,49.49464416503906,10.505359649658203,30.0,-60.0,0.0,0.0,0.0
outer4,4,74,bb26,120.0,180.0,0.0,120.00000762939453,-120.00000762939453,0.0,-180.0,1.0,0.0,1.0
outer4,4,74,bb26,120.0,210.0,0.0,60.000003814697266,-60.000003814697266,-60.0,0.0,1.0,0.0,1.0
outer4,4,74,bb26,120.0,240.0,0.0,25.905075073242188,-25.905075073242188,0.0,-30.0,1.0,0.0,1.0
outer4,4,74,bb26,120.0,270.0,0.0,120.00000762939453,-120.00000762939453,0.0,-180.0,1.0,0.0,1.0
outer4,4,74,bb26,120.0,300.0,128.68218994140625,128.68218994140625,0.0,0.0,0.0,0.0,0.0,0.0
outer4,4,74,bb26,120.0,330.0,0.0,82.81924438476562,-82.81924438476562,-60.0,-60.0,1.0,0.0,1.0
outer4,4,74,bb26,150.0,0.0,29.99998664855957,29.99998664855957,0.0,0.0,0.0,0.0,0.0,0.0
outer4,4,74,bb26,150.0,30.0,64.34109497070312,29.99998664855957,34.341108322143555,0.0,90.0,0.0,0.0,0.0
outer4,4,74,bb26,150.0,60.0,151.04498291015625,0.0,151.04498291015625,120.0,120.0,0.0,1.0,-1.0
outer4,4,74,bb26,150.0,90.0,180.0,180.0,0.0,0.0,0.0,0.0,0.0,0.0
outer4,4,74,bb26,150.0,120.0,128.68218994140625,128.68218994140625,0.0,0.0,0.0,0.0,0.0,0.0
outer4,4,74,bb26,150.0,150.0,60.000003814697266,0.0,60.000003814697266,0.0,180.0,0.0,1.0,-1.0
outer4,4,74,bb26,150.0,180.0,29.99998664855957,29.99998664855957,0.0,0.0,0.0,0.0,0.0,0.0
outer4,4,74,bb26,150.0,210.0,64.34109497070312,151.04498291015625,-86.70388793945312,-90.0,-30.0,0.0,0.0,0.0
outer4,4,74,bb26,150.0,240.0,60.000003814697266,60.000003814697266,0.0,0.0,0.0,0.0,0.0,0.0
outer4,4,74,bb26,150.0,270.0,0.0,0.0,0.0,0.0,0.0,1.0,1.0,0.0
outer4,4,74,bb26,150.0,300.0,151.04498291015625,151.04498291015625,0.0,0.0,0.0,0.0,0.0,0.0
outer4,4,74,bb26,150.0,330.0,14.870942115783691,128.68218994140625,-113.81124782562256,-120.0,-30.0,0.0,0.0,0.0
outer4,4,75,b7fd,30.0,0.0,60.000003814697266,60.000003814697266,0.0,0.0,0.0,0.0,0.0,0.0
outer4,4,75,b7fd,30.0,30.0,151.04498291015625,30.000001907348633,121.04498100280762,90.0,120.0,0.0,0.0,0.0
outer4,4,75,b7fd,30.0,60.0,128.68218994140625,128.68218994140625,0.0,0.0,0.0,0.0,0.0,0.0
outer4,4,75,b7fd,30.0,90.0,120.00000762939453,86.67425537109375,33.32575225830078,90.0,-150.0,0.0,0.0,0.0
outer4,4,75,b7fd,30.0,120.0,14.870942115783691,36.097782135009766,-21.226840019226074,-30.0,0.0,0.0,0.0,0.0
outer4,4,75,b7fd,30.0,150.0,150.0,150.0,0.0,0.0,0.0,0.0,0.0,0.0
outer4,4,75,b7fd,30.0,180.0,0.0,0.0,0.0,0.0,0.0,1.0,1.0,0.0
outer4,4,75,b7fd,30.0,210.0,0.0,30.000001907348633,-30.000001907348633,-30.0,0.0,1.0,0.0,1.0
outer4,4,75,b7fd,30.0,240.0,151.04498291015625,151.04498291015625,0.0,0.0,0.0,0.0,0.0,0.0
outer4,4,75,b7fd,30.0,270.0,0.0,60.000003814697266,-60.000003814697266,0.0,-180.0,1.0,0.0,1.0
outer4,4,75,b7fd,30.0,300.0,57.7581901550293,57.7581901550293,0.0,0.0,0.0,0.0,0.0,0.0
outer4,4,75,b7fd,30.0,330.0,93.32575988769531,49.494659423828125,43.83110046386719,60.0,-30.0,0.0,0.0,0.0
outer4,4,75,b7fd,60.0,0.0,0.0,0.0,0.0,0.0,0.0,1.0,1.0,0.0
outer4,4,75,b7fd,60.0,30.0,0.0,0.0,0.0,0.0,0.0,1.0,1.0,0.0
outer4,4,75,b7fd,60.0,60.0,128.68218994140625,128.68218994140625,0.0,0.0,0.0,0.0,0.0,0.0
outer4,4,75,b7fd,60.0,90.0,0.0,41.40962219238281,-41.40962219238281,-30.0,-30.0,1.0,0.0,1.0
outer4,4,75,b7fd,60.0,120.0,0.0,51.31781005859375,-51.31781005859375,0.0,-60.0,1.0,0.0,1.0
outer4,4,75,b7fd,60.0,150.0,0.0,154.09490966796875,-154.09490966796875,-60.0,-150.0,1.0,0.0,1.0
outer4,4,75,b7fd,60.0,180.0,60.000003814697266,0.0,60.000003814697266,60.0,0.0,0.0,1.0,-1.0
outer4,4,75,b7fd,60.0,210.0,51.31781005859375,180.0,-128.68218994140625,-60.0,-120.0,0.0,0.0,0.0
outer4,4,75,b7fd,60.0,240.0,128.6822052001953,128.6822052001953,0.0,0.0,0.0,0.0,0.0,0.0
outer4,4,75,b7fd,60.0,270.0,0.0,120.00000762939453,-120.00000762939453,0.0,-180.0,1.0,0.0,1.0
outer4,4,75,b7fd,60.0,300.0,0.0,0.0,0.0,0.0,0.0,1.0,1.0,0.0
outer4,4,75,b7fd,60.0,330.0,0.0,120.00000762939453,-120.00000762939453,0.0,-180.0,1.0,0.0,1.0
outer4,4,75,b7fd,90.0,0.0,150.0,180.0,-30.0,0.0,-30.0,0.0,0.0,0.0
outer4,4,75,b7fd,90.0,30.0,120.00000762939453,120.00000762939453,0.0,0.0,0.0,0.0,0.0,0.0
outer4,4,75,b7fd,90.0,60.0,60.000003814697266,60.000003814697266,0.0,0.0,0.0,0.0,0.0,0.0
outer4,4,75,b7fd,90.0,90.0,0.0,180.0,-180.0,0.0,-180.0,1.0,0.0,1.0
outer4,4,75,b7fd,90.0,120.0,0.0,30.000001907348633,-30.000001907348633,0.0,-30.0,1.0,0.0,1.0
outer4,4,75,b7fd,90.0,150.0,180.0,0.0,180.0,0.0,180.0,0.0,1.0,-1.0
outer4,4,75,b7fd,90.0,180.0,150.0,0.0,150.0,0.0,150.0,0.0,1.0,-1.0
outer4,4,75,b7fd,90.0,210.0,60.000003814697266,60.000003814697266,0.0,0.0,0.0,0.0,0.0,0.0
outer4,4,75,b7fd,90.0,240.0,120.00000762939453,60.000003814697266,60.000003814697266,0.0,60.0,0.0,0.0,0.0
outer4,4,75,b7fd,90.0,270.0,0.0,0.0,0.0,0.0,0.0,1.0,1.0,0.0
outer4,4,75,b7fd,90.0,300.0,0.0,0.0,0.0,0.0,0.0,1.0,1.0,0.0
outer4,4,75,b7fd,90.0,330.0,180.0,180.0,0.0,0.0,0.0,0.0,0.0,0.0
outer4,4,75,b7fd,120.0,0.0,0.0,0.0,0.0,0.0,0.0,1.0,1.0,0.0
outer4,4,75,b7fd,120.0,30.0,0.0,128.6822052001953,-128.6822052001953,-60.0,-120.0,1.0,0.0,1.0
outer4,4,75,b7fd,120.0,60.0,128.68218994140625,154.0949249267578,-25.412734985351562,0.0,-30.0,0.0,0.0,0.0
outer4,4,75,b7fd,120.0,90.0,29.99998664855957,0.0,29.99998664855957,30.0,0.0,0.0,1.0,-1.0
outer4,4,75,b7fd,120.0,120.0,25.905075073242188,0.0,25.905075073242188,0.0,30.0,0.0,1.0,-1.0
outer4,4,75,b7fd,120.0,150.0,0.0,97.18075561523438,-97.18075561523438,0.0,-120.0,1.0,0.0,1.0
outer4,4,75,b7fd,120.0,180.0,0.0,0.0,0.0,0.0,0.0,1.0,1.0,0.0
outer4,4,75,b7fd,120.0,210.0,51.31781005859375,120.00000762939453,-68.68219757080078,0.0,-120.0,0.0,0.0,0.0
outer4,4,75,b7fd,120.0,240.0,128.6822052001953,138.59039306640625,-9.908187866210938,30.0,-30.0,0.0,0.0,0.0
outer4,4,75,b7fd,120.0,270.0,0.0,0.0,0.0,0.0,0.0,1.0,1.0,0.0
outer4,4,75,b7fd,120.0,300.0,29.99998664855957,29.99998664855957,0.0,0.0,0.0,0.0,0.0,0.0
outer4,4,75,b7fd,120.0,330.0,180.0,0.0,180.0,60.0,180.0,0.0,1.0,-1.0
outer4,4,75,b7fd,150.0,0.0,120.00000762939453,0.0,120.00000762939453,120.0,0.0,0.0,1.0,-1.0
outer4,4,75,b7fd,150.0,30.0,29.99998664855957,29.99998664855957,0.0,0.0,0.0,0.0,0.0,0.0
outer4,4,75,b7fd,150.0,60.0,120.00000762939453,122.24180603027344,-2.2417984008789062,0.0,-30.0,0.0,0.0,0.0
outer4,4,75,b7fd,150.0,90.0,0.0,0.0,0.0,0.0,0.0,1.0,1.0,0.0
outer4,4,75,b7fd,150.0,120.0,0.0,14.870942115783691,-14.870942115783691,0.0,-30.0,1.0,0.0,1.0
outer4,4,75,b7fd,150.0,150.0,122.24180603027344,90.0,32.24180603027344,30.0,30.0,0.0,0.0,0.0
outer4,4,75,b7fd,150.0,180.0,29.99998664855957,29.99998664855957,0.0,0.0,0.0,0.0,0.0,0.0
outer4,4,75,b7fd,150.0,210.0,0.0,90.0,-90.0,-30.0,-180.0,1.0,0.0,1.0
outer4,4,75,b7fd,150.0,240.0,151.04498291015625,143.9022216796875,7.14276123046875,30.0,-30.0,0.0,0.0,0.0
outer4,4,75,b7fd,150.0,270.0,0.0,0.0,0.0,0.0,0.0,1.0,1.0,0.0
outer4,4,75,b7fd,150.0,300.0,60.000003814697266,60.000003814697266,0.0,0.0,0.0,0.0,0.0,0.0
outer4,4,75,b7fd,150.0,330.0,93.32574462890625,36.0977783203125,57.22796630859375,60.0,0.0,0.0,0.0,0.0
outer4,4,75,b8ed,30.0,0.0,0.0,0.0,0.0,0.0,0.0,1.0,1.0,0.0
outer4,4,75,b8ed,30.0,30.0,60.000003814697266,60.000003814697266,0.0,0.0,0.0,0.0,0.0,0.0
outer4,4,75,b8ed,30.0,60.0,57.7581901550293,57.7581901550293,0.0,0.0,0.0,0.0,0.0,0.0
outer4,4,75,b8ed,30.0,90.0,0.0,0.0,0.0,0.0,0.0,1.0,1.0,0.0
outer4,4,75,b8ed,30.0,120.0,0.0,120.00000762939453,-120.00000762939453,-120.0,0.0,1.0,0.0,1.0
outer4,4,75,b8ed,30.0,150.0,0.0,0.0,0.0,0.0,0.0,1.0,1.0,0.0
outer4,4,75,b8ed,30.0,180.0,0.0,0.0,0.0,0.0,0.0,1.0,1.0,0.0
outer4,4,75,b8ed,30.0,210.0,0.0,0.0,0.0,0.0,0.0,1.0,1.0,0.0
outer4,4,75,b8ed,30.0,240.0,122.24180603027344,151.04498291015625,-28.803176879882812,0.0,-90.0,0.0,0.0,0.0
outer4,4,75,b8ed,30.0,270.0,0.0,90.0,-90.0,-30.0,-180.0,1.0,0.0,1.0
outer4,4,75,b8ed,30.0,300.0,0.0,0.0,0.0,0.0,0.0,1.0,1.0,0.0
outer4,4,75,b8ed,30.0,330.0,122.24180603027344,122.24180603027344,0.0,0.0,0.0,0.0,0.0,0.0
outer4,4,75,b8ed,60.0,0.0,30.000001907348633,30.000001907348633,0.0,0.0,0.0,0.0,0.0,0.0
outer4,4,75,b8ed,60.0,30.0,25.905075073242188,0.0,25.905075073242188,0.0,30.0,0.0,1.0,-1.0
outer4,4,75,b8ed,60.0,60.0,128.68218994140625,128.68218994140625,0.0,0.0,0.0,0.0,0.0,0.0
outer4,4,75,b8ed,60.0,90.0,0.0,0.0,0.0,0.0,0.0,1.0,1.0,0.0
outer4,4,75,b8ed,60.0,120.0,0.0,25.905075073242188,-25.905075073242188,0.0,-30.0,1.0,0.0,1.0
outer4,4,75,b8ed,60.0,150.0,0.0,128.6822052001953,-128.6822052001953,-60.0,-120.0,1.0,0.0,1.0
outer4,4,75,b8ed,60.0,180.0,30.000001907348633,30.000001907348633,0.0,0.0,0.0,0.0,0.0,0.0
outer4,4,75,b8ed,60.0,210.0,120.00000762939453,120.00000762939453,0.0,0.0,0.0,0.0,0.0,0.0
outer4,4,75,b8ed,60.0,240.0,97.1807632446289,0.0,97.1807632446289,0.0,120.0,0.0,1.0,-1.0
outer4,4,75,b8ed,60.0,270.0,120.00000762939453,120.00000762939453,0.0,0.0,0.0,0.0,0.0,0.0
outer4,4,75,b8ed,60.0,300.0,0.0,0.0,0.0,0.0,0.0,1.0,1.0,0.0
outer4,4,75,b8ed,60.0,330.0,82.81924438476562,51.31782150268555,31.501422882080078,60.0,0.0,0.0,0.0,0.0
outer4,4,75,b8ed,90.0,0.0,150.0,0.0,150.0,0.0,150.0,0.0,1.0,-1.0
outer4,4,75,b8ed,90.0,30.0,0.0,0.0,0.0,0.0,0.0,1.0,1.0,0.0
outer4,4,75,b8ed,90.0,60.0,60.000003814697266,0.0,60.000003814697266,0.0,60.0,0.0,1.0,-1.0
outer4,4,75,b8ed,90.0,90.0,180.0,180.0,0.0,0.0,0.0,0.0,0.0,0.0
outer4,4,75,b8ed,90.0,120.0,0.0,0.0,0.0,0.0,0.0,1.0,1.0,0.0
outer4,4,75,b8ed,90.0,150.0,120.00000762939453,120.00000762939453,0.0,0.0,0.0,0.0,0.0,0.0
outer4,4,75,b8ed,90.0,180.0,30.000001907348633,180.0,-149.99999809265137,0.0,-150.0,0.0,0.0,0.0
outer4,4,75,b8ed,90.0,210.0,180.0,180.0,0.0,0.0,0.0,0.0,0.0,0.0
outer4,4,75,b8ed,90.0,240.0,120.00000762939453,120.00000762939453,0.0,0.0,0.0,0.0,0.0,0.0
outer4,4,75,b8ed,90.0,270.0,0.0,0.0,0.0,0.0,0.0,1.0,1.0,0.0
outer4,4,75,b8ed,90.0,300.0,0.0,0.0,0.0,0.0,0.0,1.0,1.0,0.0
outer4,4,75,b8ed,90.0,330.0,120.00000762939453,60.00000762939453,60.0,0.0,60.0,0.0,0.0,0.0
outer4,4,75,b8ed,120.0,0.0,90.0,29.99998664855957,60.00001335144043,60.0,0.0,0.0,0.0,0.0
outer4,4,75,b8ed,120.0,30.0,0.0,90.0,-90.0,-90.0,0.0,1.0,0.0,1.0
outer4,4,75,b8ed,120.0,60.0,128.68218994140625,60.000003814697266,68.68218612670898,0.0,120.0,0.0,0.0,0.0
outer4,4,75,b8ed,120.0,90.0,0.0,60.000003814697266,-60.000003814697266,-60.0,0.0,1.0,0.0,1.0
outer4,4,75,b8ed,120.0,120.0,128.6822052001953,128.6822052001953,0.0,0.0,0.0,0.0,0.0,0.0
outer4,4,75,b8ed,120.0,150.0,25.905075073242188,128.6822052001953,-102.77713012695312,-60.0,-90.0,0.0,0.0,0.0
outer4,4,75,b8ed,120.0,180.0,29.99998664855957,29.99998664855957,0.0,0.0,0.0,0.0,0.0,0.0
outer4,4,75,b8ed,120.0,210.0,120.00000762939453,120.00000762939453,0.0,0.0,0.0,0.0,0.0,0.0
outer4,4,75,b8ed,120.0,240.0,0.0,30.000001907348633,-30.000001907348633,-30.0,0.0,1.0,0.0,1.0
outer4,4,75,b8ed,120.0,270.0,0.0,0.0,0.0,0.0,0.0,1.0,1.0,0.0
outer4,4,75,b8ed,120.0,300.0,0.0,0.0,0.0,0.0,0.0,1.0,1.0,0.0
outer4,4,75,b8ed,120.0,330.0,0.0,49.49464416503906,-49.49464416503906,-30.0,-60.0,1.0,0.0,1.0
outer4,4,75,b8ed,150.0,0.0,120.00000762939453,120.00000762939453,0.0,0.0,0.0,0.0,0.0,0.0
outer4,4,75,b8ed,150.0,30.0,60.000003814697266,60.000003814697266,0.0,0.0,0.0,0.0,0.0,0.0
outer4,4,75,b8ed,150.0,60.0,0.0,120.00000762939453,-120.00000762939453,-120.0,0.0,1.0,0.0,1.0
outer4,4,75,b8ed,150.0,90.0,0.0,0.0,0.0,0.0,0.0,1.0,1.0,0.0
outer4,4,75,b8ed,150.0,120.0,0.0,0.0,0.0,0.0,0.0,1.0,1.0,0.0
outer4,4,75,b8ed,150.0,150.0,0.0,0.0,0.0,0.0,0.0,1.0,1.0,0.0
outer4,4,75,b8ed,150.0,180.0,0.0,0.0,0.0,0.0,0.0,1.0,1.0,0.0
outer4,4,75,b8ed,150.0,210.0,0.0,0.0,0.0,0.0,0.0,1.0,1.0,0.0
outer4,4,75,b8ed,150.0,240.0,0.0,0.0,0.0,0.0,0.0,1.0,1.0,0.0
outer4,4,75,b8ed,150.0,270.0,0.0,60.000003814697266,-60.000003814697266,0.0,-180.0,1.0,0.0,1.0
outer4,4,75,b8ed,150.0,300.0,0.0,0.0,0.0,0.0,0.0,1.0,1.0,0.0
outer4,4,75,b8ed,150.0,330.0,128.68218994140625,120.00000762939453,8.682182312011719,0.0,60.0,0.0,0.0,0.0
outer4,4,75,b979,30.0,0.0,0.0,60.000003814697266,-60.000003814697266,0.0,-180.0,1.0,0.0,1.0
outer4,4,75,b979,30.0,30.0,0.0,0.0,0.0,0.0,0.0,1.0,1.0,0.0
outer4,4,75,b979,30.0,60.0,122.24180603027344,122.24180603027344,0.0,0.0,0.0,0.0,0.0,0.0
outer4,4,75,b979,30.0,90.0,60.000003814697266,60.000003814697266,0.0,0.0,0.0,0.0,0.0,0.0
outer4,4,75,b979,30.0,120.0,28.95502281188965,128.68218994140625,-99.7271671295166,-120.0,0.0,0.0,0.0,0.0
outer4,4,75,b979,30.0,150.0,0.0,0.0,0.0,0.0,0.0,1.0,1.0,0.0
outer4,4,75,b979,30.0,180.0,0.0,0.0,0.0,0.0,0.0,1.0,1.0,0.0
outer4,4,75,b979,30.0,210.0,0.0,0.0,0.0,0.0,0.0,1.0,1.0,0.0
outer4,4,75,b979,30.0,240.0,143.9022216796875,165.12905883789062,-21.226837158203125,-30.0,0.0,0.0,0.0,0.0
outer4,4,75,b979,30.0,270.0,60.000003814697266,120.00000762939453,-60.000003814697266,-60.0,0.0,0.0,0.0,0.0
outer4,4,75,b979,30.0,300.0,51.31781005859375,151.04498291015625,-99.7271728515625,-120.0,0.0,0.0,0.0,0.0
outer4,4,75,b979,30.0,330.0,128.68218994140625,122.24180603027344,6.4403839111328125,0.0,30.0,0.0,0.0,0.0
outer4,4,75,b979,60.0,0.0,90.0,90.0,0.0,0.0,0.0,0.0,0.0,0.0
outer4,4,75,b979,60.0,30.0,25.905075073242188,0.0,25.905075073242188,0.0,30.0,0.0,1.0,-1.0
outer4,4,75,b979,60.0,60.0,66.45188903808594,60.000003814697266,6.451885223388672,0.0,30.0,0.0,0.0,0.0
outer4,4,75,b979,60.0,90.0,154.09490966796875,25.905075073242188,128.18983459472656,60.0,120.0,0.0,0.0,0.0
outer4,4,75,b979,60.0,120.0,113.54812622070312,115.65889739990234,-2.1107711791992188,-90.0,60.0,0.0,0.0,0.0
outer4,4,75,b979,60.0,150.0,180.0,128.6822052001953,51.31779479980469,0.0,60.0,0.0,0.0,0.0
outer4,4,75,b979,60.0,180.0,30.000001907348633,36.097782135009766,-6.097780227661133,0.0,-30.0,0.0,0.0,0.0
outer4,4,75,b979,60.0,210.0,0.0,120.00000762939453,-120.00000762939453,0.0,-180.0,1.0,0.0,1.0
outer4,4,75,b979,60.0,240.0,29.999998092651367,29.999998092651367,0.0,0.0,0.0,0.0,0.0,0.0
outer4,4,75,b979,60.0,270.0,113.54812622070312,138.59039306640625,-25.042266845703125,-30.0,0.0,0.0,0.0,0.0
outer4,4,75,b979,60.0,300.0,30.000001907348633,115.65889739990234,-85.65889549255371,-60.0,-90.0,0.0,0.0,0.0
outer4,4,75,b979,60.0,330.0,82.81924438476562,82.81924438476562,0.0,0.0,0.0,0.0,0.0,0.0
outer4,4,75,b979,90.0,0.0,150.0,0.0,150.0,0.0,150.0,0.0,1.0,-1.0
outer4,4,75,b979,90.0,30.0,180.0,0.0,180.0,0.0,180.0,0.0,1.0,-1.0
outer4,4,75,b979,90.0,60.0,60.000003814697266,90.0,-29.999996185302734,0.0,-30.0,0.0,0.0,0.0
outer4,4,75,b979,90.0,90.0,30.000001907348633,30.000001907348633,0.0,0.0,0.0,0.0,0.0,0.0
outer4,4,75,b979,90.0,120.0,60.000003814697266,90.0,-29.999996185302734,0.0,-30.0,0.0,0.0,0.0
outer4,4,75,b979,90.0,150.0,60.000003814697266,150.0,-89.99999618530273,0.0,-90.0,0.0,0.0,0.0
outer4,4,75,b979,90.0,180.0,30.000001907348633,180.0,-149.99999809265137,0.0,-150.0,0.0,0.0,0.0
outer4,4,75,b979,90.0,210.0,0.0,180.0,-180.0,0.0,-180.0,1.0,0.0,1.0
outer4,4,75,b979,90.0,240.0,120.00000762939453,90.0,30.00000762939453,0.0,30.0,0.0,0.0,0.0
outer4,4,75,b979,90.0,270.0,150.0,150.0,0.0,0.0,0.0,0.0,0.0,0.0
outer4,4,75,b979,90.0,300.0,150.0,90.0,60.0,0.0,60.0,0.0,0.0,0.0
outer4,4,75,b979,90.0,330.0,120.00000762939453,30.00000762939453,90.0,0.0,90.0,0.0,0.0,0.0
outer4,4,75,b979,120.0,0.0,150.0,90.0,60.0,0.0,180.0,0.0,0.0,0.0
outer4,4,75,b979,120.0,30.0,0.0,90.0,-90.0,-90.0,0.0,1.0,0.0,1.0
outer4,4,75,b979,120.0,60.0,29.99998664855957,29.99998664855957,0.0,0.0,0.0,0.0,0.0,0.0
outer4,4,75,b979,120.0,90.0,115.65889739990234,41.40962219238281,74.24927520751953,0.0,90.0,0.0,0.0,0.0
outer4,4,75,b979,120.0,120.0,115.6589126586914,115.6589126586914,0.0,0.0,0.0,0.0,0.0,0.0
outer4,4,75,b979,120.0,150.0,180.0,97.18075561523438,82.81924438476562,60.0,60.0,0.0,0.0,0.0
outer4,4,75,b979,120.0,180.0,29.99998664855957,29.99998664855957,0.0,0.0,0.0,0.0,0.0,0.0
outer4,4,75,b979,120.0,210.0,66.45188903808594,150.0,-83.54811096191406,-30.0,-150.0,0.0,0.0,0.0
outer4,4,75,b979,120.0,240.0,60.000003814697266,36.09777069091797,23.902233123779297,30.0,-30.0,0.0,0.0,0.0
outer4,4,75,b979,120.0,270.0,120.00000762939453,154.0949249267578,-34.09491729736328,-60.0,30.0,0.0,0.0,0.0
outer4,4,75,b979,120.0,300.0,154.0949249267578,143.9022216796875,10.192703247070312,-30.0,0.0,0.0,0.0,0.0
outer4,4,75,b979,120.0,330.0,82.81924438476562,82.81924438476562,0.0,0.0,0.0,0.0,0.0,0.0
outer4,4,75,b979,150.0,0.0,0.0,0.0,0.0,0.0,0.0,1.0,1.0,0.0
outer4,4,75,b979,150.0,30.0,14.870942115783691,0.0,14.870942115783691,0.0,30.0,0.0,1.0,-1.0
outer4,4,75,b979,150.0,60.0,120.00000762939453,14.870942115783691,105.12906551361084,120.0,-30.0,0.0,0.0,0.0
outer4,4,75,b979,150.0,90.0,60.000003814697266,90.0,-29.999996185302734,-90.0,180.0,0.0,0.0,0.0
outer4,4,75,b979,150.0,120.0,14.870942115783691,14.870942115783691,0.0,0.0,0.0,0.0,0.0,0.0
outer4,4,75,b979,150.0,150.0,128.68218994140625,0.0,128.68218994140625,120.0,60.0,0.0,1.0,-1.0
outer4,4,75,b979,150.0,180.0,0.0,0.0,0.0,0.0,0.0,1.0,1.0,0.0
outer4,4,75,b979,150.0,210.0,0.0,60.000003814697266,-60.000003814697266,0.0,-180.0,1.0,0.0,1.0
outer4,4,75,b979,150.0,240.0,28.95502281188965,0.0,28.95502281188965,0.0,60.0,0.0,1.0,-1.0
outer4,4,75,b979,150.0,270.0,90.0,60.000003814697266,29.999996185302734,30.0,0.0,0.0,0.0,0.0
outer4,4,75,b979,150.0,300.0,57.7581901550293,57.7581901550293,0.0,0.0,0.0,0.0,0.0,0.0
outer4,4,75,b979,150.0,330.0,165.12905883789062,60.000003814697266,105.12905502319336,120.0,-30.0,0.0,0.0,0.0
outer4,4,75,baa9,30.0,0.0,0.0,0.0,0.0,0.0,0.0,1.0,1.0,0.0
outer4,4,75,baa9,30.0,30.0,0.0,0.0,0.0,0.0,0.0,1.0,1.0,0.0
outer4,4,75,baa9,30.0,60.0,0.0,0.0,0.0,0.0,0.0,1.0,1.0,0.0
outer4,4,75,baa9,30.0,90.0,0.0,0.0,0.0,0.0,0.0,1.0,1.0,0.0
outer4,4,75,baa9,30.0,120.0,0.0,0.0,0.0,0.0,0.0,1.0,1.0,0.0
outer4,4,75,baa9,30.0,150.0,0.0,0.0,0.0,0.0,0.0,1.0,1.0,0.0
outer4,4,75,baa9,30.0,180.0,0.0,0.0,0.0,0.0,0.0,1.0,1.0,0.0
outer4,4,75,baa9,30.0,210.0,0.0,0.0,0.0,0.0,0.0,1.0,1.0,0.0
outer4,4,75,baa9,30.0,240.0,0.0,0.0,0.0,0.0,0.0,1.0,1.0,0.0
outer4,4,75,baa9,30.0,270.0,0.0,0.0,0.0,0.0,0.0,1.0,1.0,0.0
outer4,4,75,baa9,30.0,300.0,0.0,0.0,0.0,0.0,0.0,1.0,1.0,0.0
outer4,4,75,baa9,30.0,330.0,0.0,0.0,0.0,0.0,0.0,1.0,1.0,0.0
outer4,4,75,baa9,60.0,0.0,0.0,0.0,0.0,0.0,0.0,1.0,1.0,0.0
outer4,4,75,baa9,60.0,30.0,0.0,0.0,0.0,0.0,0.0,1.0,1.0,0.0
outer4,4,75,baa9,60.0,60.0,0.0,0.0,0.0,0.0,0.0,1.0,1.0,0.0
outer4,4,75,baa9,60.0,90.0,0.0,0.0,0.0,0.0,0.0,1.0,1.0,0.0
outer4,4,75,baa9,60.0,120.0,0.0,0.0,0.0,0.0,0.0,1.0,1.0,0.0
outer4,4,75,baa9,60.0,150.0,0.0,0.0,0.0,0.0,0.0,1.0,1.0,0.0
outer4,4,75,baa9,60.0,180.0,0.0,0.0,0.0,0.0,0.0,1.0,1.0,0.0
outer4,4,75,baa9,60.0,210.0,0.0,0.0,0.0,0.0,0.0,1.0,1.0,0.0
outer4,4,75,baa9,60.0,240.0,0.0,0.0,0.0,0.0,0.0,1.0,1.0,0.0
outer4,4,75,baa9,60.0,270.0,0.0,0.0,0.0,0.0,0.0,1.0,1.0,0.0
outer4,4,75,baa9,60.0,300.0,0.0,0.0,0.0,0.0,0.0,1.0,1.0,0.0
outer4,4,75,baa9,60.0,330.0,0.0,0.0,0.0,0.0,0.0,1.0,1.0,0.0
outer4,4,75,baa9,90.0,0.0,0.0,180.0,-180.0,0.0,-180.0,1.0,0.0,1.0
outer4,4,75,baa9,90.0,30.0,0.0,0.0,0.0,0.0,0.0,1.0,1.0,0.0
outer4,4,75,baa9,90.0,60.0,0.0,0.0,0.0,0.0,0.0,1.0,1.0,0.0
outer4,4,75,baa9,90.0,90.0,0.0,0.0,0.0,0.0,0.0,1.0,1.0,0.0
outer4,4,75,baa9,90.0,120.0,0.0,0.0,0.0,0.0,0.0,1.0,1.0,0.0
outer4,4,75,baa9,90.0,150.0,0.0,0.0,0.0,0.0,0.0,1.0,1.0,0.0
outer4,4,75,baa9,90.0,180.0,0.0,0.0,0.0,0.0,0.0,1.0,1.0,0.0
outer4,4,75,baa9,90.0,210.0,0.0,0.0,0.0,0.0,0.0,1.0,1.0,0.0
outer4,4,75,baa9,90.0,240.0,0.0,0.0,0.0,0.0,0.0,1.0,1.0,0.0
outer4,4,75,baa9,90.0,270.0,0.0,0.0,0.0,0.0,0.0,1.0,1.0,0.0
outer4,4,75,baa9,90.0,300.0,0.0,0.0,0.0,0.0,0.0,1.0,1.0,0.0
outer4,4,75,baa9,90.0,330.0,0.0,180.0,-180.0,0.0,-180.0,1.0,0.0,1.0
outer4,4,75,baa9,120.0,0.0,0.0,0.0,0.0,0.0,0.0,1.0,1.0,0.0
outer4,4,75,baa9,120.0,30.0,0.0,0.0,0.0,0.0,0.0,1.0,1.0,0.0
outer4,4,75,baa9,120.0,60.0,0.0,0.0,0.0,0.0,0.0,1.0,1.0,0.0
outer4,4,75,baa9,120.0,90.0,0.0,0.0,0.0,0.0,0.0,1.0,1.0,0.0
outer4,4,75,baa9,120.0,120.0,0.0,0.0,0.0,0.0,0.0,1.0,1.0,0.0
outer4,4,75,baa9,120.0,150.0,0.0,0.0,0.0,0.0,0.0,1.0,1.0,0.0
outer4,4,75,baa9,120.0,180.0,0.0,0.0,0.0,0.0,0.0,1.0,1.0,0.0
outer4,4,75,baa9,120.0,210.0,0.0,0.0,0.0,0.0,0.0,1.0,1.0,0.0
outer4,4,75,baa9,120.0,240.0,0.0,0.0,0.0,0.0,0.0,1.0,1.0,0.0
outer4,4,75,baa9,120.0,270.0,0.0,0.0,0.0,0.0,0.0,1.0,1.0,0.0
outer4,4,75,baa9,120.0,300.0,0.0,0.0,0.0,0.0,0.0,1.0,1.0,0.0
outer4,4,75,baa9,120.0,330.0,0.0,0.0,0.0,0.0,0.0,1.0,1.0,0.0
outer4,4,75,baa9,150.0,0.0,0.0,0.0,0.0,0.0,0.0,1.0,1.0,0.0
outer4,4,75,baa9,150.0,30.0,0.0,0.0,0.0,0.0,0.0,1.0,1.0,0.0
outer4,4,75,baa9,150.0,60.0,0.0,0.0,0.0,0.0,0.0,1.0,1.0,0.0
outer4,4,75,baa9,150.0,90.0,0.0,0.0,0.0,0.0,0.0,1.0,1.0,0.0
outer4,4,75,baa9,150.0,120.0,0.0,0.0,0.0,0.0,0.0,1.0,1.0,0.0
outer4,4,75,baa9,150.0,150.0,0.0,0.0,0.0,0.0,0.0,1.0,1.0,0.0
outer4,4,75,baa9,150.0,180.0,0.0,0.0,0.0,0.0,0.0,1.0,1.0,0.0
outer4,4,75,baa9,150.0,210.0,0.0,0.0,0.0,0.0,0.0,1.0,1.0,0.0
outer4,4,75,baa9,150.0,240.0,0.0,0.0,0.0,0.0,0.0,1.0,1.0,0.0
outer4,4,75,baa9,150.0,270.0,0.0,0.0,0.0,0.0,0.0,1.0,1.0,0.0
outer4,4,75,baa9,150.0,300.0,0.0,0.0,0.0,0.0,0.0,1.0,1.0,0.0
outer4,4,75,baa9,150.0,330.0,0.0,0.0,0.0,0.0,0.0,1.0,1.0,0.0
outer4,4,75,bb26,30.0,0.0,150.0,150.0,0.0,0.0,0.0,0.0,0.0,0.0
outer4,4,75,bb26,30.0,30.0,90.0,41.40962219238281,48.59037780761719,90.0,-90.0,0.0,0.0,0.0
outer4,4,75,bb26,30.0,60.0,151.04498291015625,0.0,151.04498291015625,120.0,120.0,0.0,1.0,-1.0
outer4,4,75,bb26,30.0,90.0,0.0,180.0,-180.0,-120.0,-180.0,1.0,0.0,1.0
outer4,4,75,bb26,30.0,120.0,128.68218994140625,128.68218994140625,0.0,0.0,0.0,0.0,0.0,0.0
outer4,4,75,bb26,30.0,150.0,57.7581901550293,0.0,57.7581901550293,0.0,150.0,0.0,1.0,-1.0
outer4,4,75,bb26,30.0,180.0,30.000001907348633,30.000001907348633,0.0,0.0,0.0,0.0,0.0,0.0
outer4,4,75,bb26,30.0,210.0,128.68218994140625,28.95502281188965,99.7271671295166,120.0,0.0,0.0,0.0,0.0
outer4,4,75,bb26,30.0,240.0,60.000003814697266,60.000003814697266,0.0,0.0,0.0,0.0,0.0,0.0
outer4,4,75,bb26,30.0,270.0,60.000003814697266,14.870942115783691,45.129061698913574,0.0,150.0,0.0,0.0,0.0
outer4,4,75,bb26,30.0,300.0,0.0,151.04498291015625,-151.04498291015625,-120.0,-120.0,1.0,0.0,1.0
outer4,4,75,bb26,30.0,330.0,102.50392150878906,14.870942115783691,87.63297939300537,90.0,30.0,0.0,0.0,0.0
outer4,4,75,bb26,60.0,0.0,120.00000762939453,120.00000762939453,0.0,0.0,0.0,0.0,0.0,0.0
outer4,4,75,bb26,60.0,30.0,97.1807632446289,36.097782135009766,61.08298110961914,-30.0,90.0,0.0,0.0,0.0
outer4,4,75,bb26,60.0,60.0,0.0,0.0,0.0,0.0,0.0,1.0,1.0,0.0
outer4,4,75,bb26,60.0,90.0,66.45188903808594,41.40962219238281,25.042266845703125,30.0,0.0,0.0,0.0,0.0
outer4,4,75,bb26,60.0,120.0,97.1807632446289,29.999998092651367,67.18076515197754,-30.0,120.0,0.0,0.0,0.0
outer4,4,75,bb26,60.0,150.0,0.0,49.494651794433594,-49.494651794433594,-30.0,-60.0,1.0,0.0,1.0
outer4,4,75,bb26,60.0,180.0,0.0,0.0,0.0,0.0,0.0,1.0,1.0,0.0
outer4,4,75,bb26,60.0,210.0,128.6822052001953,180.0,-51.31779479980469,0.0,-60.0,0.0,0.0,0.0
outer4,4,75,bb26,60.0,240.0,150.0,0.0,150.0,30.0,180.0,0.0,1.0,-1.0
outer4,4,75,bb26,60.0,270.0,25.905075073242188,25.905075073242188,0.0,0.0,0.0,0.0,0.0,0.0
outer4,4,75,bb26,60.0,300.0,128.68218994140625,128.68218994140625,0.0,0.0,0.0,0.0,0.0,0.0
outer4,4,75,bb26,60.0,330.0,30.000001907348633,102.50391387939453,-72.5039119720459,-60.0,-60.0,0.0,0.0,0.0
outer4,4,75,bb26,90.0,0.0,0.0,0.0,0.0,0.0,0.0,1.0,1.0,0.0
outer4,4,75,bb26,90.0,30.0,0.0,120.00000762939453,-120.00000762939453,0.0,-120.0,1.0,0.0,1.0
outer4,4,75,bb26,90.0,60.0,90.0,180.0,-90.0,0.0,-90.0,0.0,0.0,0.0
outer4,4,75,bb26,90.0,90.0,30.000001907348633,30.000001907348633,0.0,0.0,0.0,0.0,0.0,0.0
outer4,4,75,bb26,90.0,120.0,0.0,0.0,0.0,0.0,0.0,1.0,1.0,0.0
outer4,4,75,bb26,90.0,150.0,180.0,180.0,0.0,0.0,0.0,0.0,0.0,0.0
outer4,4,75,bb26,90.0,180.0,180.0,180.0,0.0,0.0,0.0,0.0,0.0,0.0
outer4,4,75,bb26,90.0,210.0,0.0,60.000003814697266,-60.000003814697266,0.0,-60.0,1.0,0.0,1.0
outer4,4,75,bb26,90.0,240.0,90.0,120.00000762939453,-30.00000762939453,0.0,-30.0,0.0,0.0,0.0
outer4,4,75,bb26,90.0,270.0,150.0,150.0,0.0,0.0,0.0,0.0,0.0,0.0
outer4,4,75,bb26,90.0,300.0,180.0,30.000001907348633,149.99999809265137,0.0,150.0,0.0,0.0,0.0
outer4,4,75,bb26,90.0,330.0,30.00000762939453,0.0,30.00000762939453,0.0,30.0,0.0,1.0,-1.0
outer4,4,75,bb26,120.0,0.0,120.00000762939453,120.00000762939453,0.0,0.0,0.0,0.0,0.0,0.0
outer4,4,75,bb26,120.0,30.0,82.81924438476562,25.905075073242188,56.91416931152344,60.0,30.0,0.0,0.0,0.0
outer4,4,75,bb26,120.0,60.0,0.0,0.0,0.0,0.0,0.0,1.0,1.0,0.0
outer4,4,75,bb26,120.0,90.0,138.59039306640625,66.45188903808594,72.13850402832031,-30.0,120.0,0.0,0.0,0.0
outer4,4,75,bb26,120.0,120.0,115.6589126586914,128.6822052001953,-13.023292541503906,-30.0,0.0,0.0,0.0,0.0
outer4,4,75,bb26,120.0,150.0,60.000003814697266,29.99998664855957,30.000017166137695,30.0,0.0,0.0,0.0,0.0
outer4,4,75,bb26,120.0,180.0,0.0,0.0,0.0,0.0,0.0,1.0,1.0,0.0
outer4,4,75,bb26,120.0,210.0,66.45188903808594,150.0,-83.54811096191406,-30.0,-150.0,0.0,0.0,0.0
outer4,4,75,bb26,120.0,240.0,41.40962219238281,64.34109497070312,-22.931472778320312,0.0,-30.0,0.0,0.0,0.0
outer4,4,75,bb26,120.0,270.0,0.0,138.59039306640625,-138.59039306640625,-30.0,-150.0,1.0,0.0,1.0
outer4,4,75,bb26,120.0,300.0,25.905075073242188,128.68218994140625,-102.77711486816406,-60.0,-90.0,0.0,0.0,0.0
outer4,4,75,bb26,120.0,330.0,60.000003814697266,102.50392150878906,-42.5039176940918,-30.0,-60.0,0.0,0.0,0.0
outer4,4,75,bb26,150.0,0.0,90.0,90.0,0.0,0.0,0.0,0.0,0.0,0.0
outer4,4,75,bb26,150.0,30.0,29.99998664855957,122.24180603027344,-92.24181938171387,-90.0,-30.0,0.0,0.0,0.0
outer4,4,75,bb26,150.0,60.0,151.04498291015625,0.0,151.04498291015625,120.0,120.0,0.0,1.0,-1.0
outer4,4,75,bb26,150.0,90.0,120.00000762939453,165.12905883789062,-45.129051208496094,0.0,-150.0,0.0,0.0,0.0
outer4,4,75,bb26,150.0,120.0,128.68218994140625,128.68218994140625,0.0,0.0,0.0,0.0,0.0,0.0
outer4,4,75,bb26,150.0,150.0,0.0,0.0,0.0,0.0,0.0,1.0,1.0,0.0
outer4,4,75,bb26,150.0,180.0,29.99998664855957,29.99998664855957,0.0,0.0,0.0,0.0,0.0,0.0
outer4,4,75,bb26,150.0,210.0,151.04498291015625,151.04498291015625,0.0,0.0,0.0,0.0,0.0,0.0
outer4,4,75,bb26,150.0,240.0,60.000003814697266,60.000003814697266,0.0,0.0,0.0,0.0,0.0,0.0
outer4,4,75,bb26,150.0,270.0,0.0,0.0,0.0,0.0,0.0,1.0,1.0,0.0
outer4,4,75,bb26,150.0,300.0,122.24180603027344,151.04498291015625,-28.803176879882812,0.0,-90.0,0.0,0.0,0.0
outer4,4,75,bb26,150.0,330.0,49.49464416503906,128.68218994140625,-79.18754577636719,-90.0,0.0,0.0,0.0,0.0
outer4,4,76,b7fd,30.0,0.0,60.000003814697266,30.000001907348633,30.000001907348633,-30.0,180.0,0.0,0.0,0.0
outer4,4,76,b7fd,30.0,30.0,41.40962219238281,30.000001907348633,11.40962028503418,-30.0,90.0,0.0,0.0,0.0
outer4,4,76,b7fd,30.0,60.0,128.68218994140625,128.68218994140625,0.0,0.0,0.0,0.0,0.0,0.0
outer4,4,76,b7fd,30.0,90.0,120.00000762939453,30.000001907348633,90.0000057220459,90.0,0.0,0.0,0.0,0.0
outer4,4,76,b7fd,30.0,120.0,0.0,36.097782135009766,-36.097782135009766,-30.0,-30.0,1.0,0.0,1.0
outer4,4,76,b7fd,30.0,150.0,30.000001907348633,143.9022216796875,-113.90221977233887,-60.0,-150.0,0.0,0.0,0.0
outer4,4,76,b7fd,30.0,180.0,0.0,30.000001907348633,-30.000001907348633,-30.0,0.0,1.0,0.0,1.0
outer4,4,76,b7fd,30.0,210.0,28.95502281188965,30.000001907348633,-1.0449790954589844,-30.0,60.0,0.0,0.0,0.0
outer4,4,76,b7fd,30.0,240.0,151.04498291015625,151.04498291015625,0.0,0.0,0.0,0.0,0.0,0.0
outer4,4,76,b7fd,30.0,270.0,14.870942115783691,90.0,-75.12905788421631,-30.0,-150.0,0.0,0.0,0.0
outer4,4,76,b7fd,30.0,300.0,51.31781005859375,86.67425537109375,-35.3564453125,-30.0,-30.0,0.0,0.0,0.0
outer4,4,76,b7fd,30.0,330.0,0.0,102.50392150878906,-102.50392150878906,-90.0,-60.0,1.0,0.0,1.0
outer4,4,76,b7fd,60.0,0.0,0.0,0.0,0.0,0.0,0.0,1.0,1.0,0.0
outer4,4,76,b7fd,60.0,30.0,0.0,90.0,-90.0,-90.0,0.0,1.0,0.0,1.0
outer4,4,76,b7fd,60.0,60.0,128.68218994140625,128.68218994140625,0.0,0.0,0.0,0.0,0.0,0.0
outer4,4,76,b7fd,60.0,90.0,0.0,0.0,0.0,0.0,0.0,1.0,1.0,0.0
outer4,4,76,b7fd,60.0,120.0,0.0,0.0,0.0,0.0,0.0,1.0,1.0,0.0
outer4,4,76,b7fd,60.0,150.0,0.0,128.6822052001953,-128.6822052001953,-60.0,-120.0,1.0,0.0,1.0
outer4,4,76,b7fd,60.0,180.0,0.0,0.0,0.0,0.0,0.0,1.0,1.0,0.0
outer4,4,76,b7fd,60.0,210.0,51.31781005859375,154.09490966796875,-102.777099609375,-60.0,-90.0,0.0,0.0,0.0
outer4,4,76,b7fd,60.0,240.0,60.000003814697266,97.1807632446289,-37.18075942993164,60.0,-120.0,0.0,0.0,0.0
outer4,4,76,b7fd,60.0,270.0,0.0,120.00000762939453,-120.00000762939453,0.0,-180.0,1.0,0.0,1.0
outer4,4,76,b7fd,60.0,300.0,0.0,0.0,0.0,0.0,0.0,1.0,1.0,0.0
outer4,4,76,b7fd,60.0,330.0,25.90509033203125,0.0,25.90509033203125,0.0,30.0,0.0,1.0,-1.0
outer4,4,76,b7fd,90.0,0.0,180.0,150.0,30.0,-30.0,0.0,0.0,0.0,0.0
outer4,4,76,b7fd,90.0,30.0,120.00000762939453,120.00000762939453,0.0,0.0,0.0,0.0,0.0,0.0
outer4,4,76,b7fd,90.0,60.0,30.000001907348633,60.000003814697266,-30.000001907348633,0.0,-30.0,0.0,0.0,0.0
outer4,4,76,b7fd,90.0,90.0,0.0,180.0,-180.0,0.0,-180.0,1.0,0.0,1.0
outer4,4,76,b7fd,90.0,120.0,0.0,0.0,0.0,0.0,0.0,1.0,1.0,0.0
outer4,4,76,b7fd,90.0,150.0,0.0,0.0,0.0,0.0,0.0,1.0,1.0,0.0
outer4,4,76,b7fd,90.0,180.0,0.0,29.999998092651367,-29.999998092651367,-30.0,0.0,1.0,0.0,1.0
outer4,4,76,b7fd,90.0,210.0,0.0,64.34110260009766,-64.34110260009766,-30.0,-60.0,1.0,0.0,1.0
outer4,4,76,b7fd,90.0,240.0,0.0,30.000001907348633,-30.000001907348633,0.0,-30.0,1.0,0.0,1.0
outer4,4,76,b7fd,90.0,270.0,0.0,0.0,0.0,0.0,0.0,1.0,1.0,0.0
outer4,4,76,b7fd,90.0,300.0,150.0,180.0,-30.0,0.0,-30.0,0.0,0.0,0.0
outer4,4,76,b7fd,90.0,330.0,180.0,180.0,0.0,0.0,0.0,0.0,0.0,0.0
outer4,4,76,b7fd,120.0,0.0,0.0,0.0,0.0,0.0,0.0,1.0,1.0,0.0
outer4,4,76,b7fd,120.0,30.0,0.0,120.00000762939453,-120.00000762939453,0.0,-180.0,1.0,0.0,1.0
outer4,4,76,b7fd,120.0,60.0,128.68218994140625,82.81924438476562,45.862945556640625,0.0,60.0,0.0,0.0,0.0
outer4,4,76,b7fd,120.0,90.0,29.99998664855957,30.000001907348633,-1.52587890625e-05,0.0,0.0,0.0,0.0,0.0
outer4,4,76,b7fd,120.0,120.0,0.0,0.0,0.0,0.0,0.0,1.0,1.0,0.0
outer4,4,76,b7fd,120.0,150.0,0.0,51.31781005859375,-51.31781005859375,0.0,-60.0,1.0,0.0,1.0
outer4,4,76,b7fd,120.0,180.0,0.0,0.0,0.0,0.0,0.0,1.0,1.0,0.0
outer4,4,76,b7fd,120.0,210.0,128.6822052001953,120.00000762939453,8.682197570800781,60.0,-60.0,0.0,0.0,0.0
outer4,4,76,b7fd,120.0,240.0,128.6822052001953,128.6822052001953,0.0,0.0,0.0,0.0,0.0,0.0
outer4,4,76,b7fd,120.0,270.0,29.99998664855957,0.0,29.99998664855957,30.0,0.0,0.0,1.0,-1.0
outer4,4,76,b7fd,120.0,300.0,29.99998664855957,29.99998664855957,0.0,0.0,0.0,0.0,0.0,0.0
outer4,4,76,b7fd,120.0,330.0,0.0,29.99998664855957,-29.99998664855957,-30.0,0.0,1.0,0.0,1.0
outer4,4,76,b7fd,150.0,0.0,29.99998664855957,0.0,29.99998664855957,30.0,0.0,0.0,1.0,-1.0
outer4,4,76,b7fd,150.0,30.0,128.68218994140625,29.99998664855957,98.68220329284668,90.0,60.0,0.0,0.0,0.0
outer4,4,76,b7fd,150.0,60.0,120.00000762939453,122.24180603027344,-2.2417984008789062,0.0,-30.0,0.0,0.0,0.0
outer4,4,76,b7fd,150.0,90.0,0.0,0.0,0.0,0.0,0.0,1.0,1.0,0.0
outer4,4,76,b7fd,150.0,120.0,0.0,14.870942115783691,-14.870942115783691,0.0,-30.0,1.0,0.0,1.0
outer4,4,76,b7fd,150.0,150.0,0.0,90.0,-90.0,-90.0,0.0,1.0,0.0,1.0
outer4,4,76,b7fd,150.0,180.0,29.99998664855957,29.99998664855957,0.0,0.0,0.0,0.0,0.0,0.0
outer4,4,76,b7fd,150.0,210.0,128.68218994140625,90.0,38.68218994140625,90.0,-120.0,0.0,0.0,0.0
outer4,4,76,b7fd,150.0,240.0,151.04498291015625,165.12905883789062,-14.084075927734375,0.0,-30.0,0.0,0.0,0.0
outer4,4,76,b7fd,150.0,270.0,0.0,0.0,0.0,0.0,0.0,1.0,1.0,0.0
outer4,4,76,b7fd,150.0,300.0,60.000003814697266,14.870942115783691,45.129061698913574,0.0,150.0,0.0,0.0,0.0
outer4,4,76,b7fd,150.0,330.0,90.0,93.32574462890625,-3.32574462890625,0.0,-30.0,0.0,0.0,0.0
outer4,4,76,b8ed,30.0,0.0,14.870942115783691,0.0,14.870942115783691,0.0,30.0,0.0,1.0,-1.0
outer4,4,76,b8ed,30.0,30.0,60.000003814697266,60.000003814697266,0.0,0.0,0.0,0.0,0.0,0.0
outer4,4,76,b8ed,30.0,60.0,0.0,165.12905883789062,-165.12905883789062,-120.0,-150.0,1.0,0.0,1.0
outer4,4,76,b8ed,30.0,90.0,0.0,0.0,0.0,0.0,0.0,1.0,1.0,0.0
outer4,4,76,b8ed,30.0,120.0,120.00000762939453,151.04498291015625,-31.04497528076172,0.0,-120.0,0.0,0.0,0.0
outer4,4,76,b8ed,30.0,150.0,0.0,0.0,0.0,0.0,0.0,1.0,1.0,0.0
outer4,4,76,b8ed,30.0,180.0,0.0,0.0,0.0,0.0,0.0,1.0,1.0,0.0
outer4,4,76,b8ed,30.0,210.0,0.0,0.0,0.0,0.0,0.0,1.0,1.0,0.0
outer4,4,76,b8ed,30.0,240.0,122.24180603027344,122.24180603027344,0.0,0.0,0.0,0.0,0.0,0.0
outer4,4,76,b8ed,30.0,270.0,0.0,90.0,-90.0,-30.0,-180.0,1.0,0.0,1.0
outer4,4,76,b8ed,30.0,300.0,0.0,0.0,0.0,0.0,0.0,1.0,1.0,0.0
outer4,4,76,b8ed,30.0,330.0,122.24180603027344,14.870942115783691,107.37086391448975,120.0,0.0,0.0,0.0,0.0
outer4,4,76,b8ed,60.0,0.0,30.000001907348633,30.000001907348633,0.0,0.0,0.0,0.0,0.0,0.0
outer4,4,76,b8ed,60.0,30.0,0.0,0.0,0.0,0.0,0.0,1.0,1.0,0.0
outer4,4,76,b8ed,60.0,60.0,97.18075561523438,128.68218994140625,-31.501434326171875,-60.0,0.0,0.0,0.0,0.0
outer4,4,76,b8ed,60.0,90.0,0.0,0.0,0.0,0.0,0.0,1.0,1.0,0.0
outer4,4,76,b8ed,60.0,120.0,97.1807632446289,97.1807632446289,0.0,0.0,0.0,0.0,0.0,0.0
outer4,4,76,b8ed,60.0,150.0,0.0,154.09490966796875,-154.09490966796875,-60.0,-150.0,1.0,0.0,1.0
outer4,4,76,b8ed,60.0,180.0,30.000001907348633,30.000001907348633,0.0,0.0,0.0,0.0,0.0,0.0
outer4,4,76,b8ed,60.0,210.0,0.0,120.00000762939453,-120.00000762939453,0.0,-180.0,1.0,0.0,1.0
outer4,4,76,b8ed,60.0,240.0,0.0,51.31781005859375,-51.31781005859375,0.0,-60.0,1.0,0.0,1.0
outer4,4,76,b8ed,60.0,270.0,120.00000762939453,120.00000762939453,0.0,0.0,0.0,0.0,0.0,0.0
outer4,4,76,b8ed,60.0,300.0,0.0,0.0,0.0,0.0,0.0,1.0,1.0,0.0
outer4,4,76,b8ed,60.0,330.0,51.31782150268555,25.90509033203125,25.412731170654297,0.0,30.0,0.0,0.0,0.0
outer4,4,76,b8ed,90.0,0.0,180.0,180.0,0.0,0.0,0.0,0.0,0.0,0.0
outer4,4,76,b8ed,90.0,30.0,180.0,0.0,180.0,0.0,180.0,0.0,1.0,-1.0
outer4,4,76,b8ed,90.0,60.0,119.99999237060547,60.000003814697266,59.9999885559082,0.0,60.0,0.0,0.0,0.0
outer4,4,76,b8ed,90.0,90.0,180.0,180.0,0.0,0.0,0.0,0.0,0.0,0.0
outer4,4,76,b8ed,90.0,120.0,180.0,0.0,180.0,0.0,180.0,0.0,1.0,-1.0
outer4,4,76,b8ed,90.0,150.0,60.000003814697266,60.000003814697266,0.0,0.0,0.0,0.0,0.0,0.0
outer4,4,76,b8ed,90.0,180.0,0.0,0.0,0.0,0.0,0.0,1.0,1.0,0.0
outer4,4,76,b8ed,90.0,210.0,0.0,0.0,0.0,0.0,0.0,1.0,1.0,0.0
outer4,4,76,b8ed,90.0,240.0,60.000003814697266,120.00000762939453,-60.000003814697266,0.0,-60.0,0.0,0.0,0.0
outer4,4,76,b8ed,90.0,270.0,0.0,0.0,0.0,0.0,0.0,1.0,1.0,0.0
outer4,4,76,b8ed,90.0,300.0,0.0,0.0,0.0,0.0,0.0,1.0,1.0,0.0
outer4,4,76,b8ed,90.0,330.0,120.00000762939453,120.00000762939453,0.0,0.0,0.0,0.0,0.0,0.0
outer4,4,76,b8ed,120.0,0.0,29.99998664855957,29.99998664855957,0.0,0.0,0.0,0.0,0.0,0.0
outer4,4,76,b8ed,120.0,30.0,0.0,0.0,0.0,0.0,0.0,1.0,1.0,0.0
outer4,4,76,b8ed,120.0,60.0,0.0,60.000003814697266,-60.000003814697266,-60.0,0.0,1.0,0.0,1.0
outer4,4,76,b8ed,120.0,90.0,60.000003814697266,0.0,60.000003814697266,60.0,0.0,0.0,1.0,-1.0
outer4,4,76,b8ed,120.0,120.0,128.6822052001953,97.18075561523438,31.501449584960938,60.0,0.0,0.0,0.0,0.0
outer4,4,76,b8ed,120.0,150.0,0.0,180.0,-180.0,-60.0,-180.0,1.0,0.0,1.0
outer4,4,76,b8ed,120.0,180.0,29.99998664855957,29.99998664855957,0.0,0.0,0.0,0.0,0.0,0.0
outer4,4,76,b8ed,120.0,210.0,120.00000762939453,120.00000762939453,0.0,0.0,0.0,0.0,0.0,0.0
outer4,4,76,b8ed,120.0,240.0,36.09777069091797,30.000001907348633,6.097768783569336,0.0,30.0,0.0,0.0,0.0
outer4,4,76,b8ed,120.0,270.0,0.0,0.0,0.0,0.0,0.0,1.0,1.0,0.0
outer4,4,76,b8ed,120.0,300.0,0.0,0.0,0.0,0.0,0.0,1.0,1.0,0.0
outer4,4,76,b8ed,120.0,330.0,25.90508270263672,36.0977783203125,-10.192695617675781,-30.0,0.0,0.0,0.0,0.0
outer4,4,76,b8ed,150.0,0.0,120.00000762939453,0.0,120.00000762939453,120.0,0.0,0.0,1.0,-1.0
outer4,4,76,b8ed,150.0,30.0,60.000003814697266,60.000003814697266,0.0,0.0,0.0,0.0,0.0,0.0
outer4,4,76,b8ed,150.0,60.0,0.0,165.12905883789062,-165.12905883789062,-120.0,-150.0,1.0,0.0,1.0
outer4,4,76,b8ed,150.0,90.0,0.0,0.0,0.0,0.0,0.0,1.0,1.0,0.0
outer4,4,76,b8ed,150.0,120.0,0.0,0.0,0.0,0.0,0.0,1.0,1.0,0.0
outer4,4,76,b8ed,150.0,150.0,120.00000762939453,0.0,120.00000762939453,120.0,0.0,0.0,1.0,-1.0
outer4,4,76,b8ed,150.0,180.0,0.0,0.0,0.0,0.0,0.0,1.0,1.0,0.0
outer4,4,76,b8ed,150.0,210.0,0.0,0.0,0.0,0.0,0.0,1.0,1.0,0.0
outer4,4,76,b8ed,150.0,240.0,0.0,0.0,0.0,0.0,0.0,1.0,1.0,0.0
outer4,4,76,b8ed,150.0,270.0,0.0,0.0,0.0,0.0,0.0,1.0,1.0,0.0
outer4,4,76,b8ed,150.0,300.0,0.0,0.0,0.0,0.0,0.0,1.0,1.0,0.0
outer4,4,76,b8ed,150.0,330.0,14.870942115783691,0.0,14.870942115783691,0.0,30.0,0.0,1.0,-1.0
outer4,4,76,b979,30.0,0.0,60.000003814697266,0.0,60.000003814697266,0.0,180.0,0.0,1.0,-1.0
outer4,4,76,b979,30.0,30.0,60.000003814697266,0.0,60.000003814697266,0.0,180.0,0.0,1.0,-1.0
outer4,4,76,b979,30.0,60.0,122.24180603027344,122.24180603027344,0.0,0.0,0.0,0.0,0.0,0.0
outer4,4,76,b979,30.0,90.0,60.000003814697266,60.000003814697266,0.0,0.0,0.0,0.0,0.0,0.0
outer4,4,76,b979,30.0,120.0,128.68218994140625,128.68218994140625,0.0,0.0,0.0,0.0,0.0,0.0
outer4,4,76,b979,30.0,150.0,0.0,0.0,0.0,0.0,0.0,1.0,1.0,0.0
outer4,4,76,b979,30.0,180.0,0.0,0.0,0.0,0.0,0.0,1.0,1.0,0.0
outer4,4,76,b979,30.0,210.0,0.0,0.0,0.0,0.0,0.0,1.0,1.0,0.0
outer4,4,76,b979,30.0,240.0,14.870942115783691,57.7581901550293,-42.887248039245605,0.0,-120.0,0.0,0.0,0.0
outer4,4,76,b979,30.0,270.0,60.000003814697266,60.000003814697266,0.0,0.0,0.0,0.0,0.0,0.0
outer4,4,76,b979,30.0,300.0,51.31781005859375,151.04498291015625,-99.7271728515625,-120.0,0.0,0.0,0.0,0.0
outer4,4,76,b979,30.0,330.0,28.95502281188965,122.24180603027344,-93.28678321838379,-120.0,30.0,0.0,0.0,0.0
outer4,4,76,b979,60.0,0.0,36.097782135009766,30.000001907348633,6.097780227661133,0.0,30.0,0.0,0.0,0.0
outer4,4,76,b979,60.0,30.0,75.52249908447266,60.000003814697266,15.52249526977539,-60.0,90.0,0.0,0.0,0.0
outer4,4,76,b979,60.0,60.0,93.32574462890625,66.45188903808594,26.873855590820312,30.0,0.0,0.0,0.0,0.0
outer4,4,76,b979,60.0,90.0,41.40962219238281,41.40962219238281,0.0,0.0,0.0,0.0,0.0,0.0
outer4,4,76,b979,60.0,120.0,113.54812622070312,130.50535583496094,-16.957229614257812,-90.0,30.0,0.0,0.0,0.0
outer4,4,76,b979,60.0,150.0,180.0,128.6822052001953,51.31779479980469,0.0,60.0,0.0,0.0,0.0
outer4,4,76,b979,60.0,180.0,30.000001907348633,30.000001907348633,0.0,0.0,0.0,0.0,0.0,0.0
outer4,4,76,b979,60.0,210.0,60.000003814697266,120.00000762939453,-60.000003814697266,60.0,-180.0,0.0,0.0,0.0
outer4,4,76,b979,60.0,240.0,29.999998092651367,60.000003814697266,-30.0000057220459,-30.0,0.0,0.0,0.0,0.0
outer4,4,76,b979,60.0,270.0,90.0,154.0949249267578,-64.09492492675781,-30.0,30.0,0.0,0.0,0.0
outer4,4,76,b979,60.0,300.0,25.905075073242188,130.50535583496094,-104.60028076171875,-90.0,-90.0,0.0,0.0,0.0
outer4,4,76,b979,60.0,330.0,82.81924438476562,82.81924438476562,0.0,0.0,0.0,0.0,0.0,0.0
outer4,4,76,b979,90.0,0.0,150.0,150.0,0.0,-30.0,-30.0,0.0,0.0,0.0
outer4,4,76,b979,90.0,30.0,180.0,150.0,30.0,-30.0,0.0,0.0,0.0,0.0
outer4,4,76,b979,90.0,60.0,90.0,90.0,0.0,0.0,0.0,0.0,0.0,0.0
outer4,4,76,b979,90.0,90.0,0.0,0.0,0.0,0.0,0.0,1.0,1.0,0.0
outer4,4,76,b979,90.0,120.0,30.000001907348633,60.000003814697266,-30.000001907348633,0.0,-30.0,0.0,0.0,0.0
outer4,4,76,b979,90.0,150.0,60.000003814697266,41.40962219238281,18.590381622314453,-30.0,30.0,0.0,0.0,0.0
outer4,4,76,b979,90.0,180.0,30.000001907348633,30.000001907348633,0.0,-30.0,30.0,0.0,0.0,0.0
outer4,4,76,b979,90.0,210.0,0.0,30.000001907348633,-30.000001907348633,-30.0,0.0,1.0,0.0,1.0
outer4,4,76,b979,90.0,240.0,90.0,120.00000762939453,-30.00000762939453,0.0,-30.0,0.0,0.0,0.0
outer4,4,76,b979,90.0,270.0,150.0,150.0,0.0,0.0,0.0,0.0,0.0,0.0
outer4,4,76,b979,90.0,300.0,150.0,120.00000762939453,29.99999237060547,0.0,30.0,0.0,0.0,0.0
outer4,4,76,b979,90.0,330.0,120.00000762939453,138.59039306640625,-18.59038543701172,-30.0,-30.0,0.0,0.0,0.0
outer4,4,76,b979,120.0,0.0,150.0,29.99998664855957,120.00001335144043,60.0,180.0,0.0,0.0,0.0
outer4,4,76,b979,120.0,30.0,25.905075073242188,0.0,25.905075073242188,0.0,30.0,0.0,1.0,-1.0
outer4,4,76,b979,120.0,60.0,64.34109497070312,64.34109497070312,0.0,0.0,0.0,0.0,0.0,0.0
outer4,4,76,b979,120.0,90.0,30.000001907348633,66.45188903808594,-36.451887130737305,-30.0,-30.0,0.0,0.0,0.0
outer4,4,76,b979,120.0,120.0,115.6589126586914,51.31781005859375,64.34110260009766,30.0,60.0,0.0,0.0,0.0
outer4,4,76,b979,120.0,150.0,154.09490966796875,180.0,-25.90509033203125,0.0,-30.0,0.0,0.0,0.0
outer4,4,76,b979,120.0,180.0,29.99998664855957,29.99998664855957,0.0,0.0,0.0,0.0,0.0,0.0
outer4,4,76,b979,120.0,210.0,0.0,120.00000762939453,-120.00000762939453,0.0,-180.0,1.0,0.0,1.0
outer4,4,76,b979,120.0,240.0,90.0,30.000001907348633,59.99999809265137,0.0,90.0,0.0,0.0,0.0
outer4,4,76,b979,120.0,270.0,120.00000762939453,120.00000762939453,0.0,0.0,0.0,0.0,0.0,0.0
outer4,4,76,b979,120.0,300.0,36.09777069091797,104.47750854492188,-68.3797378540039,-30.0,-60.0,0.0,0.0,0.0
outer4,4,76,b979,120.0,330.0,82.81924438476562,82.81924438476562,0.0,0.0,0.0,0.0,0.0,0.0
outer4,4,76,b979,150.0,0.0,60.000003814697266,0.0,60.000003814697266,0.0,180.0,0.0,1.0,-1.0
outer4,4,76,b979,150.0,30.0,0.0,0.0,0.0,0.0,0.0,1.0,1.0,0.0
outer4,4,76,b979,150.0,60.0,0.0,0.0,0.0,0.0,0.0,1.0,1.0,0.0
outer4,4,76,b979,150.0,90.0,90.0,90.0,0.0,-60.0,180.0,0.0,0.0,0.0
outer4,4,76,b979,150.0,120.0,14.870942115783691,0.0,14.870942115783691,0.0,30.0,0.0,1.0,-1.0
outer4,4,76,b979,150.0,150.0,122.24180603027344,0.0,122.24180603027344,120.0,30.0,0.0,1.0,-1.0
outer4,4,76,b979,150.0,180.0,0.0,0.0,0.0,0.0,0.0,1.0,1.0,0.0
outer4,4,76,b979,150.0,210.0,60.000003814697266,60.000003814697266,0.0,0.0,0.0,0.0,0.0,0.0
outer4,4,76,b979,150.0,240.0,0.0,0.0,0.0,0.0,0.0,1.0,1.0,0.0
outer4,4,76,b979,150.0,270.0,60.000003814697266,60.000003814697266,0.0,0.0,0.0,0.0,0.0,0.0
outer4,4,76,b979,150.0,300.0,57.7581901550293,57.7581901550293,0.0,0.0,0.0,0.0,0.0,0.0
outer4,4,76,b979,150.0,330.0,165.12905883789062,60.000003814697266,105.12905502319336,120.0,-30.0,0.0,0.0,0.0
outer4,4,76,baa9,30.0,0.0,0.0,0.0,0.0,0.0,0.0,1.0,1.0,0.0
outer4,4,76,baa9,30.0,30.0,0.0,0.0,0.0,0.0,0.0,1.0,1.0,0.0
outer4,4,76,baa9,30.0,60.0,0.0,0.0,0.0,0.0,0.0,1.0,1.0,0.0
outer4,4,76,baa9,30.0,90.0,0.0,0.0,0.0,0.0,0.0,1.0,1.0,0.0
outer4,4,76,baa9,30.0,120.0,0.0,0.0,0.0,0.0,0.0,1.0,1.0,0.0
outer4,4,76,baa9,30.0,150.0,0.0,0.0,0.0,0.0,0.0,1.0,1.0,0.0
outer4,4,76,baa9,30.0,180.0,0.0,0.0,0.0,0.0,0.0,1.0,1.0,0.0
outer4,4,76,baa9,30.0,210.0,0.0,0.0,0.0,0.0,0.0,1.0,1.0,0.0
outer4,4,76,baa9,30.0,240.0,0.0,0.0,0.0,0.0,0.0,1.0,1.0,0.0
outer4,4,76,baa9,30.0,270.0,0.0,0.0,0.0,0.0,0.0,1.0,1.0,0.0
outer4,4,76,baa9,30.0,300.0,0.0,0.0,0.0,0.0,0.0,1.0,1.0,0.0
outer4,4,76,baa9,30.0,330.0,0.0,0.0,0.0,0.0,0.0,1.0,1.0,0.0
outer4,4,76,baa9,60.0,0.0,0.0,0.0,0.0,0.0,0.0,1.0,1.0,0.0
outer4,4,76,baa9,60.0,30.0,0.0,0.0,0.0,0.0,0.0,1.0,1.0,0.0
outer4,4,76,baa9,60.0,60.0,0.0,0.0,0.0,0.0,0.0,1.0,1.0,0.0
outer4,4,76,baa9,60.0,90.0,0.0,0.0,0.0,0.0,0.0,1.0,1.0,0.0
outer4,4,76,baa9,60.0,120.0,0.0,0.0,0.0,0.0,0.0,1.0,1.0,0.0
outer4,4,76,baa9,60.0,150.0,0.0,0.0,0.0,0.0,0.0,1.0,1.0,0.0
outer4,4,76,baa9,60.0,180.0,0.0,0.0,0.0,0.0,0.0,1.0,1.0,0.0
outer4,4,76,baa9,60.0,210.0,0.0,0.0,0.0,0.0,0.0,1.0,1.0,0.0
outer4,4,76,baa9,60.0,240.0,0.0,0.0,0.0,0.0,0.0,1.0,1.0,0.0
outer4,4,76,baa9,60.0,270.0,0.0,0.0,0.0,0.0,0.0,1.0,1.0,0.0
outer4,4,76,baa9,60.0,300.0,0.0,0.0,0.0,0.0,0.0,1.0,1.0,0.0
outer4,4,76,baa9,60.0,330.0,0.0,0.0,0.0,0.0,0.0,1.0,1.0,0.0
outer4,4,76,baa9,90.0,0.0,0.0,0.0,0.0,0.0,0.0,1.0,1.0,0.0
outer4,4,76,baa9,90.0,30.0,0.0,0.0,0.0,0.0,0.0,1.0,1.0,0.0
outer4,4,76,baa9,90.0,60.0,0.0,0.0,0.0,0.0,0.0,1.0,1.0,0.0
outer4,4,76,baa9,90.0,90.0,0.0,0.0,0.0,0.0,0.0,1.0,1.0,0.0
outer4,4,76,baa9,90.0,120.0,0.0,0.0,0.0,0.0,0.0,1.0,1.0,0.0
outer4,4,76,baa9,90.0,150.0,0.0,0.0,0.0,0.0,0.0,1.0,1.0,0.0
outer4,4,76,baa9,90.0,180.0,0.0,180.0,-180.0,0.0,-180.0,1.0,0.0,1.0
outer4,4,76,baa9,90.0,210.0,0.0,0.0,0.0,0.0,0.0,1.0,1.0,0.0
outer4,4,76,baa9,90.0,240.0,0.0,0.0,0.0,0.0,0.0,1.0,1.0,0.0
outer4,4,76,baa9,90.0,270.0,0.0,0.0,0.0,0.0,0.0,1.0,1.0,0.0
outer4,4,76,baa9,90.0,300.0,0.0,0.0,0.0,0.0,0.0,1.0,1.0,0.0
outer4,4,76,baa9,90.0,330.0,180.0,0.0,180.0,0.0,180.0,0.0,1.0,-1.0
outer4,4,76,baa9,120.0,0.0,0.0,0.0,0.0,0.0,0.0,1.0,1.0,0.0
outer4,4,76,baa9,120.0,30.0,0.0,0.0,0.0,0.0,0.0,1.0,1.0,0.0
outer4,4,76,baa9,120.0,60.0,0.0,0.0,0.0,0.0,0.0,1.0,1.0,0.0
outer4,4,76,baa9,120.0,90.0,0.0,0.0,0.0,0.0,0.0,1.0,1.0,0.0
outer4,4,76,baa9,120.0,120.0,0.0,0.0,0.0,0.0,0.0,1.0,1.0,0.0
outer4,4,76,baa9,120.0,150.0,0.0,0.0,0.0,0.0,0.0,1.0,1.0,0.0
outer4,4,76,baa9,120.0,180.0,0.0,0.0,0.0,0.0,0.0,1.0,1.0,0.0
outer4,4,76,baa9,120.0,210.0,0.0,0.0,0.0,0.0,0.0,1.0,1.0,0.0
outer4,4,76,baa9,120.0,240.0,0.0,0.0,0.0,0.0,0.0,1.0,1.0,0.0
outer4,4,76,baa9,120.0,270.0,0.0,0.0,0.0,0.0,0.0,1.0,1.0,0.0
outer4,4,76,baa9,120.0,300.0,0.0,0.0,0.0,0.0,0.0,1.0,1.0,0.0
outer4,4,76,baa9,120.0,330.0,0.0,0.0,0.0,0.0,0.0,1.0,1.0,0.0
outer4,4,76,baa9,150.0,0.0,0.0,0.0,0.0,0.0,0.0,1.0,1.0,0.0
outer4,4,76,baa9,150.0,30.0,0.0,0.0,0.0,0.0,0.0,1.0,1.0,0.0
outer4,4,76,baa9,150.0,60.0,0.0,0.0,0.0,0.0,0.0,1.0,1.0,0.0
outer4,4,76,baa9,150.0,90.0,0.0,0.0,0.0,0.0,0.0,1.0,1.0,0.0
outer4,4,76,baa9,150.0,120.0,0.0,0.0,0.0,0.0,0.0,1.0,1.0,0.0
outer4,4,76,baa9,150.0,150.0,0.0,0.0,0.0,0.0,0.0,1.0,1.0,0.0
outer4,4,76,baa9,150.0,180.0,0.0,0.0,0.0,0.0,0.0,1.0,1.0,0.0
outer4,4,76,baa9,150.0,210.0,0.0,0.0,0.0,0.0,0.0,1.0,1.0,0.0
outer4,4,76,baa9,150.0,240.0,0.0,0.0,0.0,0.0,0.0,1.0,1.0,0.0
outer4,4,76,baa9,150.0,270.0,0.0,0.0,0.0,0.0,0.0,1.0,1.0,0.0
outer4,4,76,baa9,150.0,300.0,0.0,0.0,0.0,0.0,0.0,1.0,1.0,0.0
outer4,4,76,baa9,150.0,330.0,0.0,0.0,0.0,0.0,0.0,1.0,1.0,0.0
outer4,4,76,bb26,30.0,0.0,150.0,150.0,0.0,0.0,0.0,0.0,0.0,0.0
outer4,4,76,bb26,30.0,30.0,0.0,14.870942115783691,-14.870942115783691,0.0,-30.0,1.0,0.0,1.0
outer4,4,76,bb26,30.0,60.0,151.04498291015625,0.0,151.04498291015625,120.0,120.0,0.0,1.0,-1.0
outer4,4,76,bb26,30.0,90.0,180.0,180.0,0.0,0.0,0.0,0.0,0.0,0.0
outer4,4,76,bb26,30.0,120.0,128.68218994140625,128.68218994140625,0.0,0.0,0.0,0.0,0.0,0.0
outer4,4,76,bb26,30.0,150.0,60.000003814697266,60.000003814697266,0.0,0.0,0.0,0.0,0.0,0.0
outer4,4,76,bb26,30.0,180.0,90.0,30.000001907348633,59.99999809265137,60.0,0.0,0.0,0.0,0.0
outer4,4,76,bb26,30.0,210.0,128.68218994140625,128.68218994140625,0.0,0.0,0.0,0.0,0.0,0.0
outer4,4,76,bb26,30.0,240.0,60.000003814697266,60.000003814697266,0.0,0.0,0.0,0.0,0.0,0.0
outer4,4,76,bb26,30.0,270.0,60.000003814697266,0.0,60.000003814697266,0.0,180.0,0.0,1.0,-1.0
outer4,4,76,bb26,30.0,300.0,0.0,151.04498291015625,-151.04498291015625,-120.0,-120.0,1.0,0.0,1.0
outer4,4,76,bb26,30.0,330.0,0.0,0.0,0.0,0.0,0.0,1.0,1.0,0.0
outer4,4,76,bb26,60.0,0.0,180.0,180.0,0.0,0.0,0.0,0.0,0.0,0.0
outer4,4,76,bb26,60.0,30.0,82.81924438476562,102.50391387939453,-19.684669494628906,-30.0,0.0,0.0,0.0,0.0
outer4,4,76,bb26,60.0,60.0,0.0,25.905075073242188,-25.905075073242188,0.0,-30.0,1.0,0.0,1.0
outer4,4,76,bb26,60.0,90.0,66.45188903808594,41.40962219238281,25.042266845703125,30.0,0.0,0.0,0.0,0.0
outer4,4,76,bb26,60.0,120.0,0.0,29.999998092651367,-29.999998092651367,-30.0,0.0,1.0,0.0,1.0
outer4,4,76,bb26,60.0,150.0,66.45188903808594,82.81924438476562,-16.367355346679688,0.0,-30.0,0.0,0.0,0.0
outer4,4,76,bb26,60.0,180.0,60.000003814697266,60.000003814697266,0.0,0.0,0.0,0.0,0.0,0.0
outer4,4,76,bb26,60.0,210.0,82.81924438476562,60.000003814697266,22.81924057006836,0.0,60.0,0.0,0.0,0.0
outer4,4,76,bb26,60.0,240.0,0.0,0.0,0.0,0.0,0.0,1.0,1.0,0.0
outer4,4,76,bb26,60.0,270.0,0.0,0.0,0.0,0.0,0.0,1.0,1.0,0.0
outer4,4,76,bb26,60.0,300.0,128.68218994140625,128.68218994140625,0.0,0.0,0.0,0.0,0.0,0.0
outer4,4,76,bb26,60.0,330.0,0.0,102.50391387939453,-102.50391387939453,-90.0,-60.0,1.0,0.0,1.0
outer4,4,76,bb26,90.0,0.0,0.0,180.0,-180.0,0.0,-180.0,1.0,0.0,1.0
outer4,4,76,bb26,90.0,30.0,60.00000762939453,150.0,-89.99999237060547,0.0,-90.0,0.0,0.0,0.0
outer4,4,76,bb26,90.0,60.0,60.000003814697266,180.0,-119.99999618530273,0.0,-120.0,0.0,0.0,0.0
outer4,4,76,bb26,90.0,90.0,30.000001907348633,150.0,-119.99999809265137,0.0,-120.0,0.0,0.0,0.0
outer4,4,76,bb26,90.0,120.0,0.0,30.000001907348633,-30.000001907348633,0.0,-30.0,1.0,0.0,1.0
outer4,4,76,bb26,90.0,150.0,180.0,60.000003814697266,119.99999618530273,0.0,120.0,0.0,0.0,0.0
outer4,4,76,bb26,90.0,180.0,180.0,0.0,180.0,0.0,180.0,0.0,1.0,-1.0
outer4,4,76,bb26,90.0,210.0,120.00000762939453,90.0,30.00000762939453,0.0,30.0,0.0,0.0,0.0
outer4,4,76,bb26,90.0,240.0,120.00000762939453,0.0,120.00000762939453,0.0,120.0,0.0,1.0,-1.0
outer4,4,76,bb26,90.0,270.0,150.0,30.000001907348633,119.99999809265137,0.0,120.0,0.0,0.0,0.0
outer4,4,76,bb26,90.0,300.0,180.0,30.000001907348633,149.99999809265137,0.0,150.0,0.0,0.0,0.0
outer4,4,76,bb26,90.0,330.0,0.0,120.00000762939453,-120.00000762939453,0.0,-120.0,1.0,0.0,1.0
outer4,4,76,bb26,120.0,0.0,120.00000762939453,120.00000762939453,0.0,0.0,0.0,0.0,0.0,0.0
outer4,4,76,bb26,120.0,30.0,82.81924438476562,25.905075073242188,56.91416931152344,60.0,30.0,0.0,0.0,0.0
outer4,4,76,bb26,120.0,60.0,0.0,0.0,0.0,0.0,0.0,1.0,1.0,0.0
outer4,4,76,bb26,120.0,90.0,180.0,0.0,180.0,60.0,180.0,0.0,1.0,-1.0
outer4,4,76,bb26,120.0,120.0,128.6822052001953,0.0,128.6822052001953,60.0,120.0,0.0,1.0,-1.0
outer4,4,76,bb26,120.0,150.0,0.0,93.32575225830078,-93.32575225830078,-90.0,-30.0,1.0,0.0,1.0
outer4,4,76,bb26,120.0,180.0,0.0,0.0,0.0,0.0,0.0,1.0,1.0,0.0
outer4,4,76,bb26,120.0,210.0,25.905075073242188,115.6589126586914,-89.75383758544922,-90.0,-60.0,0.0,0.0,0.0
outer4,4,76,bb26,120.0,240.0,30.000001907348633,30.000001907348633,0.0,0.0,0.0,0.0,0.0,0.0
outer4,4,76,bb26,120.0,270.0,0.0,150.0,-150.0,-30.0,-180.0,1.0,0.0,1.0
outer4,4,76,bb26,120.0,300.0,128.68218994140625,154.0949249267578,-25.412734985351562,0.0,-30.0,0.0,0.0,0.0
outer4,4,76,bb26,120.0,330.0,0.0,75.5224838256836,-75.5224838256836,0.0,-90.0,1.0,0.0,1.0
outer4,4,76,bb26,150.0,0.0,90.0,29.99998664855957,60.00001335144043,0.0,180.0,0.0,0.0,0.0
outer4,4,76,bb26,150.0,30.0,128.68218994140625,0.0,128.68218994140625,120.0,60.0,0.0,1.0,-1.0
outer4,4,76,bb26,150.0,60.0,151.04498291015625,0.0,151.04498291015625,120.0,120.0,0.0,1.0,-1.0
outer4,4,76,bb26,150.0,90.0,180.0,180.0,0.0,0.0,0.0,0.0,0.0,0.0
outer4,4,76,bb26,150.0,120.0,128.68218994140625,128.68218994140625,0.0,0.0,0.0,0.0,0.0,0.0
outer4,4,76,bb26,150.0,150.0,0.0,0.0,0.0,0.0,0.0,1.0,1.0,0.0
outer4,4,76,bb26,150.0,180.0,29.99998664855957,29.99998664855957,0.0,0.0,0.0,0.0,0.0,0.0
outer4,4,76,bb26,150.0,210.0,151.04498291015625,151.04498291015625,0.0,0.0,0.0,0.0,0.0,0.0
outer4,4,76,bb26,150.0,240.0,60.000003814697266,60.000003814697266,0.0,0.0,0.0,0.0,0.0,0.0
outer4,4,76,bb26,150.0,270.0,0.0,0.0,0.0,0.0,0.0,1.0,1.0,0.0
outer4,4,76,bb26,150.0,300.0,151.04498291015625,151.04498291015625,0.0,0.0,0.0,0.0,0.0,0.0
outer4,4,76,bb26,150.0,330.0,0.0,0.0,0.0,0.0,0.0,1.0,1.0,0.0
