label,protocol,fold,seed,object_code,direction_count,great_circle_mae_deg,theta_mae_deg,phi_mae_deg,top1_acc,theta_true_deg,phi_true_deg,great_circle_err_rect_ifft_deg,great_circle_err_hann_ifft_deg,great_circle_err_hann_minus_rect_deg,theta_err_hann_minus_rect_deg,phi_err_hann_minus_rect_deg,top1_rect_ifft,top1_hann_ifft,top1_hann_minus_rect
rect_ifft,id,0,70,b7c1,10,18.0,0.0,18.0,0.9,,,,,,,,,,
rect_ifft,id,0,70,b7fd,10,58.27771224975586,18.0,51.0,0.6,,,,,,,,,,
rect_ifft,id,0,70,b80b,10,27.718075561523438,0.0,30.0,0.8,,,,,,,,,,
rect_ifft,id,0,70,b812,10,0.0,0.0,0.0,1.0,,,,,,,,,,
rect_ifft,id,0,70,b827,10,18.0,0.0,18.0,0.9,,,,,,,,,,
rect_ifft,id,0,70,b871,10,18.0,0.0,18.0,0.9,,,,,,,,,,
rect_ifft,id,0,70,b8ed,10,13.487094974517822,0.0,15.0,0.8,,,,,,,,,,
rect_ifft,id,0,70,b905,10,20.59050750732422,0.0,21.0,0.8,,,,,,,,,,
rect_ifft,id,0,70,b943,10,18.0,0.0,18.0,0.9,,,,,,,,,,
rect_ifft,id,0,70,b974,10,20.59050750732422,0.0,21.0,0.8,,,,,,,,,,
rect_ifft,id,0,70,b979,10,78.10449733734131,45.0,60.0,0.1,,,,,,,,,,
rect_ifft,id,0,70,b97b,10,18.0,0.0,18.0,0.9,,,,,,,,,,
rect_ifft,id,0,70,b9e6,10,18.00000114440918,0.0,18.0,0.8,,,,,,,,,,
rect_ifft,id,0,70,ba0f,10,108.2089973449707,39.0,111.0,0.3,,,,,,,,,,
rect_ifft,id,0,70,baa9,10,0.0,0.0,0.0,1.0,,,,,,,,,,
rect_ifft,id,0,70,bb26,10,92.28192749023438,42.0,90.0,0.1,,,,,,,,,,
rect_ifft,id,0,70,bb7c,10,15.000000953674316,0.0,15.0,0.8,,,,,,,,,,
rect_ifft,id,0,70,bb7d,10,85.12286338806152,36.0,90.0,0.3,,,,,,,,,,
rect_ifft,id,0,70,bbc6,10,47.131781578063965,18.0,42.0,0.3,,,,,,,,,,
rect_ifft,id,0,70,bc2c,10,70.83356504440307,18.0,99.0,0.1,,,,,,,,,,
rect_ifft,id,0,71,b7c1,10,12.000000762939454,0.0,12.0,0.9,,,,,,,,,,
rect_ifft,id,0,71,b7fd,10,47.821466255187985,12.0,57.0,0.5,,,,,,,,,,
rect_ifft,id,0,71,b80b,10,30.868218994140626,6.0,30.0,0.8,,,,,,,,,,
rect_ifft,id,0,71,b812,10,18.0,0.0,18.0,0.9,,,,,,,,,,
rect_ifft,id,0,71,b827,10,23.775818634033204,0.0,33.0,0.7,,,,,,,,,,
rect_ifft,id,0,71,b871,10,18.0,0.0,18.0,0.9,,,,,,,,,,
rect_ifft,id,0,71,b8ed,10,24.000001525878908,0.0,36.0,0.7,,,,,,,,,,
rect_ifft,id,0,71,b905,10,26.281924438476562,6.0,24.0,0.8,,,,,,,,,,
rect_ifft,id,0,71,b943,10,18.0,0.0,18.0,0.9,,,,,,,,,,
rect_ifft,id,0,71,b974,10,18.0,0.0,18.0,0.9,,,,,,,,,,
rect_ifft,id,0,71,b979,10,73.71505784988403,33.0,81.0,0.1,,,,,,,,,,
rect_ifft,id,0,71,b97b,10,34.51290588378906,12.0,33.0,0.8,,,,,,,,,,
rect_ifft,id,0,71,b9e6,10,18.00000114440918,0.0,18.0,0.8,,,,,,,,,,
rect_ifft,id,0,71,ba0f,10,73.24546318054199,39.0,51.0,0.4,,,,,,,,,,
rect_ifft,id,0,71,baa9,10,48.868218994140626,6.0,48.0,0.7,,,,,,,,,,
rect_ifft,id,0,71,bb26,10,98.53656730651855,54.0,84.0,0.2,,,,,,,,,,
rect_ifft,id,0,71,bb7c,10,24.000001525878908,0.0,30.0,0.7,,,,,,,,,,
rect_ifft,id,0,71,bb7d,10,91.99108200073242,48.0,78.0,0.3,,,,,,,,,,
rect_ifft,id,0,71,bbc6,10,49.48709192276001,12.0,39.0,0.4,,,,,,,,,,
rect_ifft,id,0,71,bc2c,10,59.281927013397215,30.0,69.0,0.1,,,,,,,,,,
rect_ifft,id,0,72,b7c1,10,6.000000381469727,0.0,6.0,0.9,,,,,,,,,,
rect_ifft,id,0,72,b7fd,10,36.124981212615964,18.0,27.0,0.4,,,,,,,,,,
rect_ifft,id,0,72,b80b,10,18.0,0.0,18.0,0.9,,,,,,,,,,
rect_ifft,id,0,72,b812,10,0.0,0.0,0.0,1.0,,,,,,,,,,
rect_ifft,id,0,72,b827,10,0.0,0.0,0.0,1.0,,,,,,,,,,
rect_ifft,id,0,72,b871,10,18.0,0.0,18.0,0.9,,,,,,,,,,
rect_ifft,id,0,72,b8ed,10,14.99999942779541,3.0,12.0,0.8,,,,,,,,,,
rect_ifft,id,0,72,b905,10,5.131781005859375,0.0,6.0,0.9,,,,,,,,,,
rect_ifft,id,0,72,b943,10,36.0,0.0,36.0,0.8,,,,,,,,,,
rect_ifft,id,0,72,b974,10,0.0,0.0,0.0,1.0,,,,,,,,,,
rect_ifft,id,0,72,b979,10,60.10827903747558,24.0,81.0,0.1,,,,,,,,,,
rect_ifft,id,0,72,b97b,10,12.868218994140625,12.0,6.0,0.9,,,,,,,,,,
rect_ifft,id,0,72,b9e6,10,18.00000114440918,0.0,18.0,0.8,,,,,,,,,,
rect_ifft,id,0,72,ba0f,10,67.09240207672119,36.0,51.0,0.4,,,,,,,,,,
rect_ifft,id,0,72,baa9,10,18.0,0.0,18.0,0.9,,,,,,,,,,
rect_ifft,id,0,72,bb26,10,85.66305122375488,42.0,81.0,0.2,,,,,,,,,,
rect_ifft,id,0,72,bb7c,10,0.0,0.0,0.0,1.0,,,,,,,,,,
rect_ifft,id,0,72,bb7d,10,72.08084602355957,36.0,69.0,0.2,,,,,,,,,,
rect_ifft,id,0,72,bbc6,10,52.94581937789917,18.0,42.0,0.3,,,,,,,,,,
rect_ifft,id,0,72,bc2c,10,84.57065181732177,36.0,90.0,0.1,,,,,,,,,,
rect_ifft,id,0,73,b7c1,10,0.0,0.0,0.0,1.0,,,,,,,,,,
rect_ifft,id,0,73,b7fd,10,58.30178422927857,18.0,51.0,0.3,,,,,,,,,,
rect_ifft,id,0,73,b80b,10,27.718075561523438,0.0,30.0,0.8,,,,,,,,,,
rect_ifft,id,0,73,b812,10,18.0,0.0,18.0,0.9,,,,,,,,,,
rect_ifft,id,0,73,b827,10,18.0,0.0,18.0,0.9,,,,,,,,,,
rect_ifft,id,0,73,b871,10,36.0,0.0,36.0,0.8,,,,,,,,,,
rect_ifft,id,0,73,b8ed,10,12.000000762939454,0.0,12.0,0.9,,,,,,,,,,
rect_ifft,id,0,73,b905,10,20.59050750732422,0.0,21.0,0.8,,,,,,,,,,
rect_ifft,id,0,73,b943,10,20.59050750732422,0.0,21.0,0.8,,,,,,,,,,
rect_ifft,id,0,73,b974,10,6.645188903808593,6.0,3.0,0.9,,,,,,,,,,
rect_ifft,id,0,73,b979,10,87.76657180786133,54.0,69.0,0.1,,,,,,,,,,
rect_ifft,id,0,73,b97b,10,18.0,0.0,18.0,0.9,,,,,,,,,,
rect_ifft,id,0,73,b9e6,10,18.00000114440918,0.0,18.0,0.8,,,,,,,,,,
rect_ifft,id,0,73,ba0f,10,87.24125061035156,45.0,66.0,0.3,,,,,,,,,,
rect_ifft,id,0,73,baa9,10,18.0,0.0,18.0,0.9,,,,,,,,,,
rect_ifft,id,0,73,bb26,10,92.04258365631104,48.0,69.0,0.1,,,,,,,,,,
rect_ifft,id,0,73,bb7c,10,24.000001525878908,0.0,30.0,0.8,,,,,,,,,,
rect_ifft,id,0,73,bb7d,10,91.12286376953125,36.0,108.0,0.2,,,,,,,,,,
rect_ifft,id,0,73,bbc6,10,42.43655805587768,21.0,27.0,0.3,,,,,,,,,,
rect_ifft,id,0,73,bc2c,10,72.98014392852784,24.0,96.0,0.2,,,,,,,,,,
rect_ifft,id,0,74,b7c1,10,6.000000381469727,0.0,6.0,0.9,,,,,,,,,,
rect_ifft,id,0,74,b7fd,10,35.946446323394774,12.0,36.0,0.4,,,,,,,,,,
rect_ifft,id,0,74,b80b,10,18.0,0.0,18.0,0.9,,,,,,,,,,
rect_ifft,id,0,74,b812,10,18.0,0.0,18.0,0.9,,,,,,,,,,
rect_ifft,id,0,74,b827,10,15.000000381469727,0.0,15.0,0.8,,,,,,,,,,
rect_ifft,id,0,74,b871,10,36.0,0.0,36.0,0.8,,,,,,,,,,
rect_ifft,id,0,74,b8ed,10,24.7180757522583,3.0,24.0,0.7,,,,,,,,,,
rect_ifft,id,0,74,b905,10,18.0,0.0,18.0,0.9,,,,,,,,,,
rect_ifft,id,0,74,b943,10,30.000000762939454,0.0,36.0,0.8,,,,,,,,,,
rect_ifft,id,0,74,b974,10,23.131781005859374,0.0,24.0,0.8,,,,,,,,,,
rect_ifft,id,0,74,b979,10,61.36892604827881,24.0,69.0,0.1,,,,,,,,,,
rect_ifft,id,0,74,b97b,10,30.000000762939454,12.0,18.0,0.8,,,,,,,,,,
rect_ifft,id,0,74,b9e6,10,12.000000762939454,0.0,12.0,0.8,,,,,,,,,,
rect_ifft,id,0,74,ba0f,10,98.06803588867187,45.0,93.0,0.4,,,,,,,,,,
rect_ifft,id,0,74,baa9,10,18.0,0.0,18.0,0.9,,,,,,,,,,
rect_ifft,id,0,74,bb26,10,74.61737823486328,30.0,84.0,0.3,,,,,,,,,,
rect_ifft,id,0,74,bb7c,10,12.000000762939454,0.0,12.0,0.9,,,,,,,,,,
rect_ifft,id,0,74,bb7d,10,86.53656768798828,36.0,102.0,0.2,,,,,,,,,,
rect_ifft,id,0,74,bbc6,10,39.458723831176755,12.0,33.0,0.5,,,,,,,,,,
rect_ifft,id,0,74,bc2c,10,89.92546310424805,24.0,123.0,0.1,,,,,,,,,,
rect_ifft,id,0,75,b7c1,10,12.000000762939454,0.0,12.0,0.9,,,,,,,,,,
rect_ifft,id,0,75,b7fd,10,48.354232215881346,18.0,39.0,0.4,,,,,,,,,,
rect_ifft,id,0,75,b80b,10,18.0,0.0,18.0,0.9,,,,,,,,,,
rect_ifft,id,0,75,b812,10,18.0,0.0,18.0,0.9,,,,,,,,,,
rect_ifft,id,0,75,b827,10,18.0,0.0,18.0,0.9,,,,,,,,,,
rect_ifft,id,0,75,b871,10,36.0,0.0,36.0,0.8,,,,,,,,,,
rect_ifft,id,0,75,b8ed,10,27.71807746887207,0.0,42.0,0.7,,,,,,,,,,
rect_ifft,id,0,75,b905,10,26.281924438476562,6.0,24.0,0.8,,,,,,,,,,
rect_ifft,id,0,75,b943,10,18.0,0.0,18.0,0.9,,,,,,,,,,
rect_ifft,id,0,75,b974,10,8.281924438476562,6.0,6.0,0.9,,,,,,,,,,
rect_ifft,id,0,75,b979,10,78.92793807983398,33.0,93.0,0.0,,,,,,,,,,
rect_ifft,id,0,75,b97b,10,33.104498291015624,12.0,30.0,0.8,,,,,,,,,,
rect_ifft,id,0,75,b9e6,10,18.00000114440918,0.0,18.0,0.8,,,,,,,,,,
rect_ifft,id,0,75,ba0f,10,95.81468811035157,33.0,90.0,0.2,,,,,,,,,,
rect_ifft,id,0,75,baa9,10,18.0,0.0,18.0,0.9,,,,,,,,,,
rect_ifft,id,0,75,bb26,10,75.15129585266114,42.0,66.0,0.2,,,,,,,,,,
rect_ifft,id,0,75,bb7c,10,6.000000381469727,0.0,6.0,0.9,,,,,,,,,,
rect_ifft,id,0,75,bb7d,10,75.32753105163575,24.0,87.0,0.4,,,,,,,,,,
rect_ifft,id,0,75,bbc6,10,29.99999885559082,6.0,36.0,0.5,,,,,,,,,,
rect_ifft,id,0,75,bc2c,10,83.50610637664795,36.0,78.0,0.2,,,,,,,,,,
rect_ifft,id,0,76,b7c1,10,22.447751617431642,6.0,21.0,0.8,,,,,,,,,,
rect_ifft,id,0,76,b7fd,10,50.09661350250244,30.0,33.0,0.3,,,,,,,,,,
rect_ifft,id,0,76,b80b,10,48.868218994140626,6.0,48.0,0.7,,,,,,,,,,
rect_ifft,id,0,76,b812,10,0.0,0.0,0.0,1.0,,,,,,,,,,
rect_ifft,id,0,76,b827,10,18.00000114440918,0.0,18.0,0.8,,,,,,,,,,
rect_ifft,id,0,76,b871,10,38.59050750732422,0.0,39.0,0.7,,,,,,,,,,
rect_ifft,id,0,76,b8ed,10,18.00000114440918,0.0,18.0,0.8,,,,,,,,,,
rect_ifft,id,0,76,b905,10,18.0,0.0,18.0,0.9,,,,,,,,,,
rect_ifft,id,0,76,b943,10,32.59050827026367,0.0,39.0,0.7,,,,,,,,,,
rect_ifft,id,0,76,b974,10,2.590509033203125,0.0,3.0,0.9,,,,,,,,,,
rect_ifft,id,0,76,b979,10,55.71505784988403,21.0,75.0,0.1,,,,,,,,,,
rect_ifft,id,0,76,b97b,10,30.224180603027342,12.0,21.0,0.8,,,,,,,,,,
rect_ifft,id,0,76,b9e6,10,18.00000114440918,0.0,18.0,0.8,,,,,,,,,,
rect_ifft,id,0,76,ba0f,10,84.54983291625976,42.0,63.0,0.2,,,,,,,,,,
rect_ifft,id,0,76,baa9,10,48.868218994140626,6.0,48.0,0.7,,,,,,,,,,
rect_ifft,id,0,76,bb26,10,68.04672975540161,36.0,60.0,0.3,,,,,,,,,,
rect_ifft,id,0,76,bb7c,10,30.000001907348633,0.0,36.0,0.7,,,,,,,,,,
rect_ifft,id,0,76,bb7d,10,108.000004196167,36.0,114.0,0.2,,,,,,,,,,
rect_ifft,id,0,76,bbc6,10,45.30858116149902,6.0,54.0,0.3,,,,,,,,,,
rect_ifft,id,0,76,bc2c,10,80.3077392578125,36.0,99.0,0.1,,,,,,,,,,
rect_ifft,outer1,1,70,b827,60,21.640962855021158,3.5,24.0,0.8,,,,,,,,,,
rect_ifft,outer1,1,70,b871,60,22.431751696268716,1.0,21.5,0.8166666666666667,,,,,,,,,,
rect_ifft,outer1,1,70,b905,60,18.144703928629557,1.0,19.0,0.85,,,,,,,,,,
rect_ifft,outer1,1,70,bb7d,60,89.65503765741984,48.5,79.5,0.15,,,,,,,,,,
rect_ifft,outer1,1,70,bbc6,60,57.986850086847944,25.5,50.0,0.45,,,,,,,,,,
rect_ifft,outer1,1,71,b827,60,10.431751251220703,1.0,11.5,0.8666666666666667,,,,,,,,,,
rect_ifft,outer1,1,71,b871,60,24.380320866902668,1.0,24.0,0.8333333333333334,,,,,,,,,,
rect_ifft,outer1,1,71,b905,60,12.403411897023519,2.0,11.5,0.8666666666666667,,,,,,,,,,
rect_ifft,outer1,1,71,bb7d,60,91.68391338984172,51.0,83.0,0.16666666666666666,,,,,,,,,,
rect_ifft,outer1,1,71,bbc6,60,52.66396266619365,25.5,47.5,0.48333333333333334,,,,,,,,,,
rect_ifft,outer1,1,72,b827,60,14.863502629597981,0.0,15.0,0.8833333333333333,,,,,,,,,,
rect_ifft,outer1,1,72,b871,60,18.000000190734863,0.0,18.0,0.8833333333333333,,,,,,,,,,
rect_ifft,outer1,1,72,b905,60,18.500000508626304,1.0,17.5,0.8166666666666667,,,,,,,,,,
rect_ifft,outer1,1,72,bb7d,60,85.41044243176778,46.0,81.0,0.13333333333333333,,,,,,,,,,
rect_ifft,outer1,1,72,bbc6,60,54.83460831642151,25.5,43.5,0.55,,,,,,,,,,
rect_ifft,outer1,1,73,b827,60,15.287047640482585,1.5,14.0,0.8166666666666667,,,,,,,,,,
rect_ifft,outer1,1,73,b871,60,19.162120215098064,4.0,18.5,0.8333333333333334,,,,,,,,,,
rect_ifft,outer1,1,73,b905,60,16.896938673655193,5.0,14.0,0.85,,,,,,,,,,
rect_ifft,outer1,1,73,bb7d,60,92.46233622233073,52.5,76.5,0.15,,,,,,,,,,
rect_ifft,outer1,1,73,bbc6,60,55.981045198440555,27.0,47.5,0.5,,,,,,,,,,
rect_ifft,outer1,1,74,b827,60,22.287048403422038,1.0,24.5,0.8,,,,,,,,,,
rect_ifft,outer1,1,74,b871,60,16.004103056589763,1.0,15.5,0.8666666666666667,,,,,,,,,,
rect_ifft,outer1,1,74,b905,60,24.289407157897948,2.0,25.0,0.8333333333333334,,,,,,,,,,
rect_ifft,outer1,1,74,bb7d,60,90.58505177497864,51.0,82.0,0.16666666666666666,,,,,,,,,,
rect_ifft,outer1,1,74,bbc6,60,46.08318748474121,21.5,42.5,0.5166666666666667,,,,,,,,,,
rect_ifft,outer1,1,75,b827,60,17.684785556793212,3.5,18.5,0.8,,,,,,,,,,
rect_ifft,outer1,1,75,b871,60,16.86350294748942,0.0,17.0,0.85,,,,,,,,,,
rect_ifft,outer1,1,75,b905,60,12.107531801859539,1.0,11.5,0.8833333333333333,,,,,,,,,,
rect_ifft,outer1,1,75,bb7d,60,89.21676573753356,45.5,85.0,0.15,,,,,,,,,,
rect_ifft,outer1,1,75,bbc6,60,59.051641861597695,23.5,53.5,0.4666666666666667,,,,,,,,,,
rect_ifft,outer1,1,76,b827,60,16.03489696184794,0.5,16.0,0.8333333333333334,,,,,,,,,,
rect_ifft,outer1,1,76,b871,60,21.287048212687175,0.0,21.5,0.8333333333333334,,,,,,,,,,
rect_ifft,outer1,1,76,b905,60,20.169727929433186,3.0,19.5,0.8333333333333334,,,,,,,,,,
rect_ifft,outer1,1,76,bb7d,60,91.96979358990987,50.0,85.5,0.11666666666666667,,,,,,,,,,
rect_ifft,outer1,1,76,bbc6,60,47.93398677508036,18.5,45.0,0.5166666666666667,,,,,,,,,,
rect_ifft,outer2,2,70,b7c1,60,6.000000254313151,0.0,6.0,0.95,,,,,,,,,,
rect_ifft,outer2,2,70,b80b,60,9.0,0.0,9.0,0.95,,,,,,,,,,
rect_ifft,outer2,2,70,b9e6,60,15.619679768880209,1.0,17.0,0.8666666666666667,,,,,,,,,,
rect_ifft,outer2,2,70,ba0f,60,66.25281217892964,26.0,68.0,0.3333333333333333,,,,,,,,,,
rect_ifft,outer2,2,70,bb7c,60,21.32430386543274,1.5,23.0,0.8166666666666667,,,,,,,,,,
rect_ifft,outer2,2,71,b7c1,60,19.43175131479899,0.0,19.5,0.8666666666666667,,,,,,,,,,
rect_ifft,outer2,2,71,b80b,60,0.0,0.0,0.0,1.0,,,,,,,,,,
rect_ifft,outer2,2,71,b9e6,60,7.000000254313151,0.0,8.0,0.9333333333333333,,,,,,,,,,
rect_ifft,outer2,2,71,ba0f,60,55.92816071510315,18.0,63.0,0.4166666666666667,,,,,,,,,,
rect_ifft,outer2,2,71,bb7c,60,15.121911748250325,0.5,16.0,0.8833333333333333,,,,,,,,,,
rect_ifft,outer2,2,72,b7c1,60,17.000000381469725,0.0,17.0,0.8833333333333333,,,,,,,,,,
rect_ifft,outer2,2,72,b80b,60,3.0,0.0,3.0,0.9833333333333333,,,,,,,,,,
rect_ifft,outer2,2,72,b9e6,60,16.000000445048013,0.0,18.0,0.8833333333333333,,,,,,,,,,
rect_ifft,outer2,2,72,ba0f,60,67.72950177192688,24.0,75.5,0.36666666666666664,,,,,,,,,,
rect_ifft,outer2,2,72,bb7c,60,23.646935844421385,4.5,22.0,0.8166666666666667,,,,,,,,,,
rect_ifft,outer2,2,73,b7c1,60,20.88032112121582,1.0,23.5,0.8333333333333334,,,,,,,,,,
rect_ifft,outer2,2,73,b80b,60,14.000000127156575,0.0,16.0,0.9,,,,,,,,,,
rect_ifft,outer2,2,73,b9e6,60,17.892468706766763,0.0,19.5,0.8666666666666667,,,,,,,,,,
rect_ifft,outer2,2,73,ba0f,60,68.1983692963918,27.5,70.0,0.31666666666666665,,,,,,,,,,
rect_ifft,outer2,2,73,bb7c,60,26.38032118479411,3.0,27.0,0.7833333333333333,,,,,,,,,,
rect_ifft,outer2,2,74,b7c1,60,21.378387705485025,0.0,22.0,0.85,,,,,,,,,,
rect_ifft,outer2,2,74,b80b,60,10.000000063578288,0.0,12.0,0.9333333333333333,,,,,,,,,,
rect_ifft,outer2,2,74,b9e6,60,12.000000381469727,0.0,14.0,0.9,,,,,,,,,,
rect_ifft,outer2,2,74,ba0f,60,73.61260205904642,21.5,83.5,0.25,,,,,,,,,,
rect_ifft,outer2,2,74,bb7c,60,19.735617764790852,3.5,20.0,0.85,,,,,,,,,,
rect_ifft,outer2,2,75,b7c1,60,18.000000445048013,1.0,17.0,0.8666666666666667,,,,,,,,,,
rect_ifft,outer2,2,75,b80b,60,3.0,0.0,3.0,0.9833333333333333,,,,,,,,,,
rect_ifft,outer2,2,75,b9e6,60,18.000000381469725,0.0,20.0,0.8666666666666667,,,,,,,,,,
rect_ifft,outer2,2,75,ba0f,60,73.071164560318,26.5,75.5,0.35,,,,,,,,,,
rect_ifft,outer2,2,75,bb7c,60,27.175780264536538,3.5,26.0,0.8,,,,,,,,,,
rect_ifft,outer2,2,76,b7c1,60,16.85529727935791,0.0,18.0,0.8833333333333333,,,,,,,,,,
rect_ifft,outer2,2,76,b80b,60,6.0,0.0,6.0,0.9666666666666667,,,,,,,,,,
rect_ifft,outer2,2,76,b9e6,60,20.000000508626304,1.0,21.0,0.85,,,,,,,,,,
rect_ifft,outer2,2,76,ba0f,60,64.59010434150696,21.5,75.5,0.36666666666666664,,,,,,,,,,
rect_ifft,outer2,2,76,bb7c,60,22.363502724965414,1.5,22.0,0.8166666666666667,,,,,,,,,,
rect_ifft,outer3,3,70,b812,60,11.619679514567057,0.0,12.0,0.9166666666666666,,,,,,,,,,
rect_ifft,outer3,3,70,b943,60,20.64470338821411,1.5,20.0,0.85,,,,,,,,,,
rect_ifft,outer3,3,70,b974,60,17.23561757405599,1.0,17.0,0.8833333333333333,,,,,,,,,,
rect_ifft,outer3,3,70,b97b,60,22.9175759156545,7.0,19.5,0.75,,,,,,,,,,
rect_ifft,outer3,3,70,bc2c,60,81.75049077669779,32.5,86.0,0.16666666666666666,,,,,,,,,,
rect_ifft,outer3,3,71,b812,60,10.000000127156575,0.0,10.0,0.9333333333333333,,,,,,,,,,
rect_ifft,outer3,3,71,b943,60,21.7643829981486,2.0,21.0,0.8333333333333334,,,,,,,,,,
rect_ifft,outer3,3,71,b974,60,15.0,0.0,15.0,0.9166666666666666,,,,,,,,,,
rect_ifft,outer3,3,71,b97b,60,28.7728732585907,6.0,29.5,0.7,,,,,,,,,,
rect_ifft,outer3,3,71,bc2c,60,89.40984522501627,33.5,98.0,0.15,,,,,,,,,,
rect_ifft,outer3,3,72,b812,60,8.000000127156575,0.0,8.0,0.95,,,,,,,,,,
rect_ifft,outer3,3,72,b943,60,18.551430733998618,0.5,18.5,0.8166666666666667,,,,,,,,,,
rect_ifft,outer3,3,72,b974,60,9.0,0.0,9.0,0.95,,,,,,,,,,
rect_ifft,outer3,3,72,b97b,60,25.119679419199624,2.5,26.0,0.7333333333333333,,,,,,,,,,
rect_ifft,outer3,3,72,bc2c,60,82.57460869153341,28.5,92.0,0.15,,,,,,,,,,
rect_ifft,outer3,3,73,b812,60,12.431751251220703,0.0,12.5,0.9166666666666666,,,,,,,,,,
rect_ifft,outer3,3,73,b943,60,23.11967922846476,0.5,23.0,0.8166666666666667,,,,,,,,,,
rect_ifft,outer3,3,73,b974,60,19.380320739746093,1.0,19.0,0.8833333333333333,,,,,,,,,,
rect_ifft,outer3,3,73,b97b,60,20.35529661178589,4.5,20.0,0.7833333333333333,,,,,,,,,,
rect_ifft,outer3,3,73,bc2c,60,82.43556054433186,30.0,84.0,0.21666666666666667,,,,,,,,,,
rect_ifft,outer3,3,74,b812,60,15.000000190734863,0.0,15.0,0.9,,,,,,,,,,
rect_ifft,outer3,3,74,b943,60,25.144703356424966,3.0,25.0,0.7833333333333333,,,,,,,,,,
rect_ifft,outer3,3,74,b974,60,15.0,0.0,15.0,0.9166666666666666,,,,,,,,,,
rect_ifft,outer3,3,74,b97b,60,38.003820721308394,3.0,46.0,0.6,,,,,,,,,,
rect_ifft,outer3,3,74,bc2c,60,73.18073760668436,27.5,78.5,0.2,,,,,,,,,,
rect_ifft,outer3,3,75,b812,60,11.000000127156575,0.0,11.0,0.9333333333333333,,,,,,,,,,
rect_ifft,outer3,3,75,b943,60,11.962828636169434,1.0,11.5,0.8666666666666667,,,,,,,,,,
rect_ifft,outer3,3,75,b974,60,12.0,0.0,12.0,0.9333333333333333,,,,,,,,,,
rect_ifft,outer3,3,75,b97b,60,25.962828540802,3.0,28.5,0.7333333333333333,,,,,,,,,,
rect_ifft,outer3,3,75,bc2c,60,83.11179625193277,29.0,89.5,0.2,,,,,,,,,,
rect_ifft,outer3,3,76,b812,60,15.0,0.0,15.0,0.9166666666666666,,,,,,,,,,
rect_ifft,outer3,3,76,b943,60,22.252234840393065,4.0,19.5,0.7833333333333333,,,,,,,,,,
rect_ifft,outer3,3,76,b974,60,18.431751251220703,0.0,18.5,0.8833333333333333,,,,,,,,,,
rect_ifft,outer3,3,76,b97b,60,39.080840237935384,9.5,40.5,0.6,,,,,,,,,,
rect_ifft,outer3,3,76,bc2c,60,81.05616617202759,30.0,88.0,0.21666666666666667,,,,,,,,,,
rect_ifft,outer4,4,70,b7fd,60,61.26363938649495,26.0,60.0,0.3333333333333333,,,,,,,,,,
rect_ifft,outer4,4,70,b8ed,60,53.878047402699785,21.0,51.5,0.48333333333333334,,,,,,,,,,
rect_ifft,outer4,4,70,b979,60,74.87994100252787,28.0,87.0,0.1,,,,,,,,,,
rect_ifft,outer4,4,70,baa9,60,1.3803207397460937,1.0,1.0,0.9833333333333333,,,,,,,,,,
rect_ifft,outer4,4,70,bb26,60,75.95914710362753,29.0,79.5,0.23333333333333334,,,,,,,,,,
rect_ifft,outer4,4,71,b7fd,60,72.58005706469218,29.0,72.5,0.18333333333333332,,,,,,,,,,
rect_ifft,outer4,4,71,b8ed,60,51.30007969538371,16.5,52.5,0.48333333333333334,,,,,,,,,,
rect_ifft,outer4,4,71,b979,60,63.05744833946228,18.5,76.0,0.2,,,,,,,,,,
rect_ifft,outer4,4,71,baa9,60,0.0,0.0,0.0,1.0,,,,,,,,,,
rect_ifft,outer4,4,71,bb26,60,82.37164546648661,33.0,87.0,0.21666666666666667,,,,,,,,,,
rect_ifft,outer4,4,72,b7fd,60,57.43507693608602,22.0,60.5,0.36666666666666664,,,,,,,,,,
rect_ifft,outer4,4,72,b8ed,60,44.20138141314189,17.5,41.5,0.4666666666666667,,,,,,,,,,
rect_ifft,outer4,4,72,b979,60,70.4237383365631,25.0,82.5,0.16666666666666666,,,,,,,,,,
rect_ifft,outer4,4,72,baa9,60,0.0,0.0,0.0,1.0,,,,,,,,,,
rect_ifft,outer4,4,72,bb26,60,75.82760388056437,31.0,77.0,0.25,,,,,,,,,,
rect_ifft,outer4,4,73,b7fd,60,67.24612890879312,28.5,59.0,0.3333333333333333,,,,,,,,,,
rect_ifft,outer4,4,73,b8ed,60,42.29822031656901,13.5,45.0,0.5833333333333334,,,,,,,,,,
rect_ifft,outer4,4,73,b979,60,71.20627037684123,18.5,91.0,0.23333333333333334,,,,,,,,,,
rect_ifft,outer4,4,73,baa9,60,3.0,0.0,3.0,0.9833333333333333,,,,,,,,,,
rect_ifft,outer4,4,73,bb26,60,73.8238608678182,36.0,69.0,0.3,,,,,,,,,,
rect_ifft,outer4,4,74,b7fd,60,68.90815103848776,27.5,66.5,0.25,,,,,,,,,,
rect_ifft,outer4,4,74,b8ed,60,46.29360160827637,11.0,52.0,0.5333333333333333,,,,,,,,,,
rect_ifft,outer4,4,74,b979,60,71.62520337104797,25.5,83.0,0.16666666666666666,,,,,,,,,,
rect_ifft,outer4,4,74,baa9,60,3.431751251220703,0.0,3.5,0.9666666666666667,,,,,,,,,,
rect_ifft,outer4,4,74,bb26,60,78.04510243733723,37.0,74.0,0.23333333333333334,,,,,,,,,,
rect_ifft,outer4,4,75,b7fd,60,65.32666405042012,22.5,72.0,0.3,,,,,,,,,,
rect_ifft,outer4,4,75,b8ed,60,54.708189996083576,23.0,50.5,0.4166666666666667,,,,,,,,,,
rect_ifft,outer4,4,75,b979,60,72.85693140029908,32.0,72.5,0.2,,,,,,,,,,
rect_ifft,outer4,4,75,baa9,60,6.0,0.0,6.0,0.9666666666666667,,,,,,,,,,
rect_ifft,outer4,4,75,bb26,60,75.76514892578125,34.0,75.0,0.21666666666666667,,,,,,,,,,
rect_ifft,outer4,4,76,b7fd,60,64.0857378323873,29.0,58.0,0.26666666666666666,,,,,,,,,,
rect_ifft,outer4,4,76,b8ed,60,48.147919702529904,15.5,51.5,0.48333333333333334,,,,,,,,,,
rect_ifft,outer4,4,76,b979,60,67.0600562731425,29.0,70.0,0.23333333333333334,,,,,,,,,,
rect_ifft,outer4,4,76,baa9,60,3.0,0.0,3.0,0.9833333333333333,,,,,,,,,,
rect_ifft,outer4,4,76,bb26,60,70.53972646395366,33.0,66.0,0.26666666666666666,,,,,,,,,,
hann_ifft,id,0,70,b7c1,10,28.48709592819214,3.0,39.0,0.5,,,,,,,,,,
hann_ifft,id,0,70,b7fd,10,74.50495948791504,36.0,63.0,0.3,,,,,,,,,,
hann_ifft,id,0,70,b80b,10,18.0,0.0,18.0,0.9,,,,,,,,,,
hann_ifft,id,0,70,b812,10,0.0,0.0,0.0,1.0,,,,,,,,,,
hann_ifft,id,0,70,b827,10,20.999999809265137,3.0,18.0,0.7,,,,,,,,,,
hann_ifft,id,0,70,b871,10,0.0,0.0,0.0,1.0,,,,,,,,,,
hann_ifft,id,0,70,b8ed,10,35.35481185913086,0.0,51.0,0.6,,,,,,,,,,
hann_ifft,id,0,70,b905,10,18.0,0.0,18.0,0.9,,,,,,,,,,
hann_ifft,id,0,70,b943,10,18.0,0.0,18.0,0.9,,,,,,,,,,
hann_ifft,id,0,70,b974,10,18.0,0.0,18.0,0.9,,,,,,,,,,
hann_ifft,id,0,70,b979,10,77.0232515335083,39.0,84.0,0.2,,,,,,,,,,
hann_ifft,id,0,70,b97b,10,39.150143432617185,18.0,30.0,0.7,,,,,,,,,,
hann_ifft,id,0,70,b9e6,10,20.99999866485596,3.0,18.0,0.8,,,,,,,,,,
hann_ifft,id,0,70,ba0f,10,90.48983745574951,60.0,54.0,0.0,,,,,,,,,,
hann_ifft,id,0,70,baa9,10,18.0,0.0,18.0,0.9,,,,,,,,,,
hann_ifft,id,0,70,bb26,10,99.76902017593383,42.0,99.0,0.2,,,,,,,,,,
hann_ifft,id,0,70,bb7c,10,29.99999866485596,6.0,36.0,0.7,,,,,,,,,,
hann_ifft,id,0,70,bb7d,10,85.00382766723632,42.0,81.0,0.4,,,,,,,,,,
hann_ifft,id,0,70,bbc6,10,36.00000114440918,6.0,42.0,0.6,,,,,,,,,,
hann_ifft,id,0,70,bc2c,10,82.86206893920898,45.0,78.0,0.0,,,,,,,,,,
hann_ifft,id,0,71,b7c1,10,33.0000020980835,3.0,54.0,0.5,,,,,,,,,,
hann_ifft,id,0,71,b7fd,10,58.22724628448486,24.0,48.0,0.3,,,,,,,,,,
hann_ifft,id,0,71,b80b,10,0.0,0.0,0.0,1.0,,,,,,,,,,
hann_ifft,id,0,71,b812,10,18.0,0.0,18.0,0.9,,,,,,,,,,
hann_ifft,id,0,71,b827,10,21.000000190734863,3.0,18.0,0.8,,,,,,,,,,
hann_ifft,id,0,71,b871,10,24.000000381469725,0.0,36.0,0.8,,,,,,,,,,
hann_ifft,id,0,71,b8ed,10,27.00000171661377,3.0,36.0,0.6,,,,,,,,,,
hann_ifft,id,0,71,b905,10,8.281924438476562,6.0,6.0,0.9,,,,,,,,,,
hann_ifft,id,0,71,b943,10,18.0,0.0,18.0,0.9,,,,,,,,,,
hann_ifft,id,0,71,b974,10,0.0,0.0,0.0,1.0,,,,,,,,,,
hann_ifft,id,0,71,b979,10,66.76901845932007,21.0,99.0,0.1,,,,,,,,,,
hann_ifft,id,0,71,b97b,10,33.458726501464845,12.0,27.0,0.7,,,,,,,,,,
hann_ifft,id,0,71,b9e6,10,0.0,0.0,0.0,1.0,,,,,,,,,,
hann_ifft,id,0,71,ba0f,10,87.32868061065673,54.0,51.0,0.2,,,,,,,,,,
hann_ifft,id,0,71,baa9,10,0.0,0.0,0.0,1.0,,,,,,,,,,
hann_ifft,id,0,71,bb26,10,119.57039623260498,69.0,90.0,0.0,,,,,,,,,,
hann_ifft,id,0,71,bb7c,10,29.999999809265137,6.0,36.0,0.6,,,,,,,,,,
hann_ifft,id,0,71,bb7d,10,102.47882499694825,48.0,99.0,0.1,,,,,,,,,,
hann_ifft,id,0,71,bbc6,10,33.0000020980835,3.0,54.0,0.5,,,,,,,,,,
hann_ifft,id,0,71,bc2c,10,63.881616020202635,24.0,72.0,0.1,,,,,,,,,,
hann_ifft,id,0,72,b7c1,10,36.00000171661377,6.0,54.0,0.5,,,,,,,,,,
hann_ifft,id,0,72,b7fd,10,45.15014591217041,15.0,45.0,0.5,,,,,,,,,,
hann_ifft,id,0,72,b80b,10,0.0,0.0,0.0,1.0,,,,,,,,,,
hann_ifft,id,0,72,b812,10,18.0,0.0,18.0,0.9,,,,,,,,,,
hann_ifft,id,0,72,b827,10,32.99999942779541,9.0,24.0,0.5,,,,,,,,,,
hann_ifft,id,0,72,b871,10,6.000000381469727,0.0,18.0,0.9,,,,,,,,,,
hann_ifft,id,0,72,b8ed,10,21.00000133514404,3.0,30.0,0.6,,,,,,,,,,
hann_ifft,id,0,72,b905,10,32.28192481994629,12.0,24.0,0.7,,,,,,,,,,
hann_ifft,id,0,72,b943,10,18.0,0.0,18.0,0.9,,,,,,,,,,
hann_ifft,id,0,72,b974,10,20.59050750732422,0.0,21.0,0.8,,,,,,,,,,
hann_ifft,id,0,72,b979,10,111.86822242736817,57.0,120.0,0.1,,,,,,,,,,
hann_ifft,id,0,72,b97b,10,39.150143432617185,18.0,30.0,0.7,,,,,,,,,,
hann_ifft,id,0,72,b9e6,10,36.71807460784912,3.0,36.0,0.6,,,,,,,,,,
hann_ifft,id,0,72,ba0f,10,104.38642311096191,57.0,90.0,0.1,,,,,,,,,,
hann_ifft,id,0,72,baa9,10,18.0,0.0,18.0,0.9,,,,,,,,,,
hann_ifft,id,0,72,bb26,10,99.38533935546874,48.0,90.0,0.1,,,,,,,,,,
hann_ifft,id,0,72,bb7c,10,44.59050693511963,6.0,57.0,0.5,,,,,,,,,,
hann_ifft,id,0,72,bb7d,10,87.3538444519043,42.0,81.0,0.4,,,,,,,,,,
hann_ifft,id,0,72,bbc6,10,37.48709650039673,6.0,57.0,0.4,,,,,,,,,,
hann_ifft,id,0,72,bc2c,10,72.30093765258789,39.0,72.0,0.1,,,,,,,,,,
hann_ifft,id,0,73,b7c1,10,18.00000114440918,6.0,12.0,0.6,,,,,,,,,,
hann_ifft,id,0,73,b7fd,10,66.05094537734985,24.0,69.0,0.3,,,,,,,,,,
hann_ifft,id,0,73,b80b,10,18.0,0.0,18.0,0.9,,,,,,,,,,
hann_ifft,id,0,73,b812,10,18.0,0.0,18.0,0.9,,,,,,,,,,
hann_ifft,id,0,73,b827,10,21.000000190734863,3.0,18.0,0.8,,,,,,,,,,
hann_ifft,id,0,73,b871,10,5.131781005859375,0.0,6.0,0.9,,,,,,,,,,
hann_ifft,id,0,73,b8ed,10,30.718077659606934,3.0,30.0,0.6,,,,,,,,,,
hann_ifft,id,0,73,b905,10,28.87243194580078,6.0,27.0,0.7,,,,,,,,,,
hann_ifft,id,0,73,b943,10,18.0,0.0,18.0,0.9,,,,,,,,,,
hann_ifft,id,0,73,b974,10,18.0,0.0,18.0,0.9,,,,,,,,,,
hann_ifft,id,0,73,b979,10,88.8409381866455,36.0,120.0,0.1,,,,,,,,,,
hann_ifft,id,0,73,b97b,10,30.868218994140626,12.0,24.0,0.8,,,,,,,,,,
hann_ifft,id,0,73,b9e6,10,28.586295700073244,6.0,30.0,0.7,,,,,,,,,,
hann_ifft,id,0,73,ba0f,10,92.02689685821534,51.0,78.0,0.3,,,,,,,,,,
hann_ifft,id,0,73,baa9,10,18.0,0.0,18.0,0.9,,,,,,,,,,
hann_ifft,id,0,73,bb26,10,117.45872840881347,48.0,117.0,0.1,,,,,,,,,,
hann_ifft,id,0,73,bb7c,10,35.999999046325684,6.0,42.0,0.6,,,,,,,,,,
hann_ifft,id,0,73,bb7d,10,98.7912094116211,60.0,78.0,0.2,,,,,,,,,,
hann_ifft,id,0,73,bbc6,10,30.000001907348633,6.0,36.0,0.6,,,,,,,,,,
hann_ifft,id,0,73,bc2c,10,79.89642534255981,33.0,87.0,0.1,,,,,,,,,,
hann_ifft,id,0,74,b7c1,10,27.00000171661377,3.0,36.0,0.6,,,,,,,,,,
hann_ifft,id,0,74,b7fd,10,56.740654945373535,24.0,48.0,0.3,,,,,,,,,,
hann_ifft,id,0,74,b80b,10,18.0,0.0,18.0,0.9,,,,,,,,,,
hann_ifft,id,0,74,b812,10,18.0,0.0,18.0,0.9,,,,,,,,,,
hann_ifft,id,0,74,b827,10,29.999999237060546,9.0,21.0,0.5,,,,,,,,,,
hann_ifft,id,0,74,b871,10,12.224180603027344,12.0,3.0,0.9,,,,,,,,,,
hann_ifft,id,0,74,b8ed,10,19.48709383010864,0.0,21.0,0.7,,,,,,,,,,
hann_ifft,id,0,74,b905,10,26.13228311538696,6.0,24.0,0.7,,,,,,,,,,
hann_ifft,id,0,74,b943,10,18.0,0.0,18.0,0.9,,,,,,,,,,
hann_ifft,id,0,74,b974,10,0.0,0.0,0.0,1.0,,,,,,,,,,
hann_ifft,id,0,74,b979,10,86.99619998931885,45.0,93.0,0.1,,,,,,,,,,
hann_ifft,id,0,74,b97b,10,33.458726501464845,12.0,27.0,0.7,,,,,,,,,,
hann_ifft,id,0,74,b9e6,10,8.999999046325684,3.0,6.0,0.8,,,,,,,,,,
hann_ifft,id,0,74,ba0f,10,100.67787446975709,36.0,90.0,0.0,,,,,,,,,,
hann_ifft,id,0,74,baa9,10,18.0,0.0,18.0,0.9,,,,,,,,,,
hann_ifft,id,0,74,bb26,10,116.89550380706787,42.0,120.0,0.2,,,,,,,,,,
hann_ifft,id,0,74,bb7c,10,32.59050731658935,6.0,39.0,0.5,,,,,,,,,,
hann_ifft,id,0,74,bb7d,10,105.37432403564453,48.0,81.0,0.2,,,,,,,,,,
hann_ifft,id,0,74,bbc6,10,30.000001907348633,6.0,36.0,0.6,,,,,,,,,,
hann_ifft,id,0,74,bc2c,10,69.00000171661377,21.0,96.0,0.2,,,,,,,,,,
hann_ifft,id,0,75,b7c1,10,36.00000171661377,6.0,54.0,0.5,,,,,,,,,,
hann_ifft,id,0,75,b7fd,10,66.15014667510987,24.0,69.0,0.4,,,,,,,,,,
hann_ifft,id,0,75,b80b,10,18.0,0.0,18.0,0.9,,,,,,,,,,
hann_ifft,id,0,75,b812,10,18.0,0.0,18.0,0.9,,,,,,,,,,
hann_ifft,id,0,75,b827,10,29.999999237060546,6.0,24.0,0.6,,,,,,,,,,
hann_ifft,id,0,75,b871,10,0.0,0.0,0.0,1.0,,,,,,,,,,
hann_ifft,id,0,75,b8ed,10,30.000001907348633,12.0,30.0,0.6,,,,,,,,,,
hann_ifft,id,0,75,b905,10,29.281925201416016,6.0,27.0,0.7,,,,,,,,,,
hann_ifft,id,0,75,b943,10,18.0,0.0,18.0,0.9,,,,,,,,,,
hann_ifft,id,0,75,b974,10,26.281924438476562,6.0,24.0,0.8,,,,,,,,,,
hann_ifft,id,0,75,b979,10,72.45872840881347,15.0,111.0,0.1,,,,,,,,,,
hann_ifft,id,0,75,b97b,10,22.07760171890259,0.0,24.0,0.7,,,,,,,,,,
hann_ifft,id,0,75,b9e6,10,8.999999046325684,3.0,6.0,0.8,,,,,,,,,,
hann_ifft,id,0,75,ba0f,10,79.44416770935058,60.0,57.0,0.2,,,,,,,,,,
hann_ifft,id,0,75,baa9,10,18.0,0.0,18.0,0.9,,,,,,,,,,
hann_ifft,id,0,75,bb26,10,80.65624866485595,45.0,57.0,0.2,,,,,,,,,,
hann_ifft,id,0,75,bb7c,10,21.000000762939454,3.0,36.0,0.8,,,,,,,,,,
hann_ifft,id,0,75,bb7d,10,94.0183666229248,48.0,72.0,0.2,,,,,,,,,,
hann_ifft,id,0,75,bbc6,10,30.000001907348633,6.0,36.0,0.6,,,,,,,,,,
hann_ifft,id,0,75,bc2c,10,88.33966999053955,24.0,117.0,0.1,,,,,,,,,,
hann_ifft,id,0,76,b7c1,10,30.000001907348633,0.0,54.0,0.6,,,,,,,,,,
hann_ifft,id,0,76,b7fd,10,46.63673915863037,12.0,66.0,0.3,,,,,,,,,,
hann_ifft,id,0,76,b80b,10,18.0,0.0,18.0,0.9,,,,,,,,,,
hann_ifft,id,0,76,b812,10,18.0,0.0,18.0,0.9,,,,,,,,,,
hann_ifft,id,0,76,b827,10,36.00000057220459,6.0,42.0,0.6,,,,,,,,,,
hann_ifft,id,0,76,b871,10,7.487094593048096,0.0,21.0,0.8,,,,,,,,,,
hann_ifft,id,0,76,b8ed,10,42.00000114440918,0.0,72.0,0.5,,,,,,,,,,
hann_ifft,id,0,76,b905,10,34.563848876953124,12.0,30.0,0.7,,,,,,,,,,
hann_ifft,id,0,76,b943,10,18.0,0.0,18.0,0.9,,,,,,,,,,
hann_ifft,id,0,76,b974,10,26.281924438476562,6.0,24.0,0.8,,,,,,,,,,
hann_ifft,id,0,76,b979,10,85.84093551635742,39.0,84.0,0.1,,,,,,,,,,
hann_ifft,id,0,76,b97b,10,39.150143432617185,18.0,30.0,0.7,,,,,,,,,,
hann_ifft,id,0,76,b9e6,10,20.99999866485596,3.0,18.0,0.8,,,,,,,,,,
hann_ifft,id,0,76,ba0f,10,89.53656768798828,51.0,66.0,0.2,,,,,,,,,,
hann_ifft,id,0,76,baa9,10,18.0,0.0,18.0,0.9,,,,,,,,,,
hann_ifft,id,0,76,bb26,10,90.91916513442993,48.0,75.0,0.0,,,,,,,,,,
hann_ifft,id,0,76,bb7c,10,29.99999866485596,6.0,36.0,0.7,,,,,,,,,,
hann_ifft,id,0,76,bb7d,10,103.34704322814942,54.0,93.0,0.2,,,,,,,,,,
hann_ifft,id,0,76,bbc6,10,38.5905086517334,6.0,45.0,0.5,,,,,,,,,,
hann_ifft,id,0,76,bc2c,10,71.50545949935913,36.0,69.0,0.1,,,,,,,,,,
hann_ifft,outer1,1,70,b827,60,30.230246337254844,8.5,30.0,0.6833333333333333,,,,,,,,,,
hann_ifft,outer1,1,70,b871,60,17.171109930674234,0.5,17.5,0.8333333333333334,,,,,,,,,,
hann_ifft,outer1,1,70,b905,60,22.769651889801025,8.0,19.5,0.8,,,,,,,,,,
hann_ifft,outer1,1,70,bb7d,60,90.01866830190023,46.0,84.5,0.11666666666666667,,,,,,,,,,
hann_ifft,outer1,1,70,bbc6,60,58.87854601542155,19.0,60.0,0.45,,,,,,,,,,
hann_ifft,outer1,1,71,b827,60,31.139328320821125,7.5,31.0,0.7,,,,,,,,,,
hann_ifft,outer1,1,71,b871,60,25.791602039337157,3.0,26.0,0.7833333333333333,,,,,,,,,,
hann_ifft,outer1,1,71,b905,60,32.4652021408081,10.0,29.0,0.7166666666666667,,,,,,,,,,
hann_ifft,outer1,1,71,bb7d,60,88.69246536890665,44.5,86.0,0.13333333333333333,,,,,,,,,,
hann_ifft,outer1,1,71,bbc6,60,52.87828033765157,14.5,55.5,0.5,,,,,,,,,,
hann_ifft,outer1,1,72,b827,60,18.812670707702637,6.0,18.5,0.7666666666666667,,,,,,,,,,
hann_ifft,outer1,1,72,b871,60,12.64470329284668,2.0,11.5,0.8833333333333333,,,,,,,,,,
hann_ifft,outer1,1,72,b905,60,22.50000092188517,2.0,24.5,0.8,,,,,,,,,,
hann_ifft,outer1,1,72,bb7d,60,91.49065395991008,54.0,76.5,0.15,,,,,,,,,,
hann_ifft,outer1,1,72,bbc6,60,52.6573884010315,16.5,53.5,0.5166666666666667,,,,,,,,,,
hann_ifft,outer1,1,73,b827,60,21.77490088144938,7.0,21.0,0.6833333333333333,,,,,,,,,,
hann_ifft,outer1,1,73,b871,60,27.14470361073812,5.0,26.0,0.75,,,,,,,,,,
hann_ifft,outer1,1,73,b905,60,25.278842862447103,2.0,27.5,0.7833333333333333,,,,,,,,,,
hann_ifft,outer1,1,73,bb7d,60,88.10457043647766,50.0,72.5,0.15,,,,,,,,,,
hann_ifft,outer1,1,73,bbc6,60,63.729392782847086,19.5,61.0,0.5,,,,,,,,,,
hann_ifft,outer1,1,74,b827,60,29.851166756947837,9.0,26.5,0.6833333333333333,,,,,,,,,,
hann_ifft,outer1,1,74,b871,60,21.644703928629557,4.0,18.5,0.7833333333333333,,,,,,,,,,
hann_ifft,outer1,1,74,b905,60,13.355296802520751,0.5,13.0,0.8833333333333333,,,,,,,,,,
hann_ifft,outer1,1,74,bb7d,60,97.90640314420064,55.5,86.0,0.08333333333333333,,,,,,,,,,
hann_ifft,outer1,1,74,bbc6,60,48.498567740122475,15.0,48.0,0.5333333333333333,,,,,,,,,,
hann_ifft,outer1,1,75,b827,60,31.37000935872396,9.5,30.0,0.65,,,,,,,,,,
hann_ifft,outer1,1,75,b871,60,20.764382712046306,3.5,18.5,0.8,,,,,,,,,,
hann_ifft,outer1,1,75,b905,60,20.359766896565755,4.0,18.0,0.8166666666666667,,,,,,,,,,
hann_ifft,outer1,1,75,bb7d,60,95.21549428304037,52.0,83.0,0.05,,,,,,,,,,
hann_ifft,outer1,1,75,bbc6,60,52.27158420880635,18.5,52.0,0.48333333333333334,,,,,,,,,,
hann_ifft,outer1,1,76,b827,60,32.023264217376706,4.5,36.5,0.6166666666666667,,,,,,,,,,
hann_ifft,outer1,1,76,b871,60,22.14470329284668,4.0,20.0,0.8166666666666667,,,,,,,,,,
hann_ifft,outer1,1,76,b905,60,14.227211284637452,1.5,14.5,0.8666666666666667,,,,,,,,,,
hann_ifft,outer1,1,76,bb7d,60,85.89322104454041,54.0,73.0,0.16666666666666666,,,,,,,,,,
hann_ifft,outer1,1,76,bbc6,60,56.481626987457275,23.0,51.5,0.48333333333333334,,,,,,,,,,
hann_ifft,outer2,2,70,b7c1,60,21.718800099690757,0.0,23.0,0.8166666666666667,,,,,,,,,,
hann_ifft,outer2,2,70,b80b,60,6.0,0.0,6.0,0.9666666666666667,,,,,,,,,,
hann_ifft,outer2,2,70,b9e6,60,17.43175156911214,1.0,18.5,0.85,,,,,,,,,,
hann_ifft,outer2,2,70,ba0f,60,82.70996990203858,33.0,83.5,0.18333333333333332,,,,,,,,,,
hann_ifft,outer2,2,70,bb7c,60,23.64096228281657,5.5,27.0,0.7833333333333333,,,,,,,,,,
hann_ifft,outer2,2,71,b7c1,60,21.312072054545084,4.5,19.5,0.7666666666666667,,,,,,,,,,
hann_ifft,outer2,2,71,b80b,60,9.0,0.0,9.0,0.95,,,,,,,,,,
hann_ifft,outer2,2,71,b9e6,60,26.45677569707235,2.5,27.5,0.7833333333333333,,,,,,,,,,
hann_ifft,outer2,2,71,ba0f,60,81.01602891286214,31.5,87.5,0.21666666666666667,,,,,,,,,,
hann_ifft,outer2,2,71,bb7c,60,32.0476895014445,4.0,35.5,0.7166666666666667,,,,,,,,,,
hann_ifft,outer2,2,72,b7c1,60,24.50000057220459,0.5,30.0,0.8166666666666667,,,,,,,,,,
hann_ifft,outer2,2,72,b80b,60,15.000000254313152,0.0,15.0,0.9,,,,,,,,,,
hann_ifft,outer2,2,72,b9e6,60,21.85529727935791,1.0,22.0,0.8166666666666667,,,,,,,,,,
hann_ifft,outer2,2,72,ba0f,60,83.53181769053141,33.0,86.5,0.2,,,,,,,,,,
hann_ifft,outer2,2,72,bb7c,60,32.00000006357829,4.0,36.0,0.75,,,,,,,,,,
hann_ifft,outer2,2,73,b7c1,60,23.000000317891438,0.0,27.0,0.85,,,,,,,,,,
hann_ifft,outer2,2,73,b80b,60,15.0,0.0,15.0,0.9166666666666666,,,,,,,,,,
hann_ifft,outer2,2,73,b9e6,60,27.551430797576906,0.5,29.5,0.8,,,,,,,,,,
hann_ifft,outer2,2,73,ba0f,60,83.26486943562826,31.0,88.0,0.23333333333333334,,,,,,,,,,
hann_ifft,outer2,2,73,bb7c,60,32.39773734410604,6.5,36.0,0.7166666666666667,,,,,,,,,,
hann_ifft,outer2,2,74,b7c1,60,26.5250244140625,2.0,30.0,0.8,,,,,,,,,,
hann_ifft,outer2,2,74,b80b,60,19.000000063578288,0.0,21.0,0.8833333333333333,,,,,,,,,,
hann_ifft,outer2,2,74,b9e6,60,20.500000349680583,0.5,22.0,0.85,,,,,,,,,,
hann_ifft,outer2,2,74,ba0f,60,84.81414314905803,30.5,89.0,0.2,,,,,,,,,,
hann_ifft,outer2,2,74,bb7c,60,28.14096228281657,5.0,32.0,0.75,,,,,,,,,,
hann_ifft,outer2,2,75,b7c1,60,21.855297152201334,0.0,23.0,0.8333333333333334,,,,,,,,,,
hann_ifft,outer2,2,75,b80b,60,18.09091478983561,1.0,18.0,0.85,,,,,,,,,,
hann_ifft,outer2,2,75,b9e6,60,24.88032102584839,2.5,25.0,0.7833333333333333,,,,,,,,,,
hann_ifft,outer2,2,75,ba0f,60,91.35676170984904,33.0,98.0,0.15,,,,,,,,,,
hann_ifft,outer2,2,75,bb7c,60,28.837095896402996,5.0,29.0,0.7333333333333333,,,,,,,,,,
hann_ifft,outer2,2,76,b7c1,60,27.88032128016154,2.5,31.0,0.7666666666666667,,,,,,,,,,
hann_ifft,outer2,2,76,b80b,60,3.0,0.0,3.0,0.9833333333333333,,,,,,,,,,
hann_ifft,outer2,2,76,b9e6,60,26.764382616678873,2.0,28.0,0.8,,,,,,,,,,
hann_ifft,outer2,2,76,ba0f,60,80.26736046473185,30.0,82.5,0.18333333333333332,,,,,,,,,,
hann_ifft,outer2,2,76,bb7c,60,29.81207183202108,6.0,31.5,0.7333333333333333,,,,,,,,,,
hann_ifft,outer3,3,70,b812,60,14.000000127156575,0.0,14.0,0.9166666666666666,,,,,,,,,,
hann_ifft,outer3,3,70,b943,60,27.198445892333986,6.0,26.5,0.7333333333333333,,,,,,,,,,
hann_ifft,outer3,3,70,b974,60,20.919603474934895,2.0,20.0,0.85,,,,,,,,,,
hann_ifft,outer3,3,70,b97b,60,42.760725037256876,17.5,40.0,0.6333333333333333,,,,,,,,,,
hann_ifft,outer3,3,70,bc2c,60,77.07103241284689,36.0,72.5,0.21666666666666667,,,,,,,,,,
hann_ifft,outer3,3,71,b812,60,18.380320866902668,1.0,19.0,0.8833333333333333,,,,,,,,,,
hann_ifft,outer3,3,71,b943,60,26.73561741511027,5.5,23.0,0.7666666666666667,,,,,,,,,,
hann_ifft,outer3,3,71,b974,60,12.431751251220703,0.0,12.5,0.9166666666666666,,,,,,,,,,
hann_ifft,outer3,3,71,b97b,60,42.47123498916626,14.0,44.0,0.6,,,,,,,,,,
hann_ifft,outer3,3,71,bc2c,60,68.48462988535563,26.5,65.0,0.18333333333333332,,,,,,,,,,
hann_ifft,outer3,3,72,b812,60,14.2438232421875,1.0,14.0,0.8833333333333333,,,,,,,,,,
hann_ifft,outer3,3,72,b943,60,13.747849067052206,1.5,12.5,0.8666666666666667,,,,,,,,,,
hann_ifft,outer3,3,72,b974,60,10.855296897888184,1.0,10.0,0.9166666666666666,,,,,,,,,,
hann_ifft,outer3,3,72,b97b,60,40.00088267326355,14.0,40.5,0.65,,,,,,,,,,
hann_ifft,outer3,3,72,bc2c,60,75.31180203755697,33.5,79.5,0.1,,,,,,,,,,
hann_ifft,outer3,3,73,b812,60,20.192392857869468,3.0,18.5,0.8333333333333334,,,,,,,,,,
hann_ifft,outer3,3,73,b943,60,19.1757799466451,3.5,17.0,0.8166666666666667,,,,,,,,,,
hann_ifft,outer3,3,73,b974,60,14.000000127156575,0.0,15.0,0.9166666666666666,,,,,,,,,,
hann_ifft,outer3,3,73,b97b,60,41.03525727589925,14.5,41.5,0.6,,,,,,,,,,
hann_ifft,outer3,3,73,bc2c,60,76.08366808891296,31.5,76.5,0.13333333333333333,,,,,,,,,,
hann_ifft,outer3,3,74,b812,60,21.380320866902668,1.0,22.0,0.8666666666666667,,,,,,,,,,
hann_ifft,outer3,3,74,b943,60,19.9143354733785,1.0,19.5,0.8166666666666667,,,,,,,,,,
hann_ifft,outer3,3,74,b974,60,17.812072054545084,2.0,16.5,0.8666666666666667,,,,,,,,,,
hann_ifft,outer3,3,74,b97b,60,37.1879846572876,13.5,37.0,0.7,,,,,,,,,,
hann_ifft,outer3,3,74,bc2c,60,77.12507581710815,28.5,85.5,0.18333333333333332,,,,,,,,,,
hann_ifft,outer3,3,75,b812,60,22.235617701212565,1.0,23.0,0.85,,,,,,,,,,
hann_ifft,outer3,3,75,b943,60,16.799279832839964,0.5,17.0,0.8333333333333334,,,,,,,,,,
hann_ifft,outer3,3,75,b974,60,16.812071990966796,1.0,16.5,0.8833333333333333,,,,,,,,,,
hann_ifft,outer3,3,75,b97b,60,41.835368156433105,14.0,42.0,0.6333333333333333,,,,,,,,,,
hann_ifft,outer3,3,75,bc2c,60,82.79723947842916,37.0,78.5,0.1,,,,,,,,,,
hann_ifft,outer3,3,76,b812,60,13.380320739746093,1.0,13.0,0.9166666666666666,,,,,,,,,,
hann_ifft,outer3,3,76,b943,60,22.144703928629557,4.0,20.0,0.8333333333333334,,,,,,,,,,
hann_ifft,outer3,3,76,b974,60,15.760641543070475,3.0,17.0,0.8833333333333333,,,,,,,,,,
hann_ifft,outer3,3,76,b97b,60,43.09214302698771,17.5,41.0,0.65,,,,,,,,,,
hann_ifft,outer3,3,76,bc2c,60,74.2616830031077,36.5,68.5,0.16666666666666666,,,,,,,,,,
hann_ifft,outer4,4,70,b7fd,60,71.10082688331605,26.0,77.0,0.26666666666666666,,,,,,,,,,
hann_ifft,outer4,4,70,b8ed,60,70.41421043078104,27.5,66.0,0.3,,,,,,,,,,
hann_ifft,outer4,4,70,b979,60,80.62436733245849,31.5,86.5,0.1,,,,,,,,,,
hann_ifft,outer4,4,70,baa9,60,3.0,0.0,3.0,0.9833333333333333,,,,,,,,,,
hann_ifft,outer4,4,70,bb26,60,72.59886136054993,33.0,70.5,0.21666666666666667,,,,,,,,,,
hann_ifft,outer4,4,71,b7fd,60,69.77445777257283,29.0,71.0,0.26666666666666666,,,,,,,,,,
hann_ifft,outer4,4,71,b8ed,60,54.391058937708536,20.5,53.0,0.4666666666666667,,,,,,,,,,
hann_ifft,outer4,4,71,b979,60,75.96268846193949,31.5,82.5,0.15,,,,,,,,,,
hann_ifft,outer4,4,71,baa9,60,3.0,0.0,3.0,0.9833333333333333,,,,,,,,,,
hann_ifft,outer4,4,71,bb26,60,82.48320965766906,33.5,80.5,0.2,,,,,,,,,,
hann_ifft,outer4,4,72,b7fd,60,77.36409762700399,31.0,82.0,0.2,,,,,,,,,,
hann_ifft,outer4,4,72,b8ed,60,58.37041052182516,21.0,51.0,0.45,,,,,,,,,,
hann_ifft,outer4,4,72,b979,60,80.14038395881653,28.5,86.0,0.11666666666666667,,,,,,,,,,
hann_ifft,outer4,4,72,baa9,60,3.0,0.0,3.0,0.9833333333333333,,,,,,,,,,
hann_ifft,outer4,4,72,bb26,60,73.4148240884145,31.0,72.0,0.16666666666666666,,,,,,,,,,
hann_ifft,outer4,4,73,b7fd,60,65.92478219668071,28.0,67.0,0.31666666666666665,,,,,,,,,,
hann_ifft,outer4,4,73,b8ed,60,55.90206247965495,21.5,48.5,0.4666666666666667,,,,,,,,,,
hann_ifft,outer4,4,73,b979,60,76.50887022018432,30.0,79.0,0.15,,,,,,,,,,
hann_ifft,outer4,4,73,baa9,60,3.0,0.0,3.0,0.9833333333333333,,,,,,,,,,
hann_ifft,outer4,4,73,bb26,60,84.62289522488912,34.5,84.0,0.16666666666666666,,,,,,,,,,
hann_ifft,outer4,4,74,b7fd,60,63.637134345372516,31.0,61.0,0.21666666666666667,,,,,,,,,,
hann_ifft,outer4,4,74,b8ed,60,51.166211477915446,18.5,47.5,0.5,,,,,,,,,,
hann_ifft,outer4,4,74,b979,60,78.66623023351033,27.0,83.5,0.15,,,,,,,,,,
hann_ifft,outer4,4,74,baa9,60,3.0,0.0,3.0,0.9833333333333333,,,,,,,,,,
hann_ifft,outer4,4,74,bb26,60,79.36605712572734,31.5,77.5,0.2,,,,,,,,,,
hann_ifft,outer4,4,75,b7fd,60,68.85762147903442,26.5,74.5,0.26666666666666666,,,,,,,,,,
hann_ifft,outer4,4,75,b8ed,60,61.734741878509524,21.5,57.5,0.4,,,,,,,,,,
hann_ifft,outer4,4,75,b979,60,82.26661184628804,24.5,93.0,0.1,,,,,,,,,,
hann_ifft,outer4,4,75,baa9,60,6.0000001907348635,0.0,6.0,0.95,,,,,,,,,,
hann_ifft,outer4,4,75,bb26,60,75.22496658960978,32.0,72.0,0.25,,,,,,,,,,
hann_ifft,outer4,4,76,b7fd,60,65.59851549466451,30.5,64.0,0.3333333333333333,,,,,,,,,,
hann_ifft,outer4,4,76,b8ed,60,59.06961868604024,18.5,62.5,0.48333333333333334,,,,,,,,,,
hann_ifft,outer4,4,76,b979,60,83.99467401504516,26.0,94.5,0.1,,,,,,,,,,
hann_ifft,outer4,4,76,baa9,60,3.0,0.0,3.0,0.9833333333333333,,,,,,,,,,
hann_ifft,outer4,4,76,bb26,60,74.473628282547,34.5,68.5,0.21666666666666667,,,,,,,,,,
hann_minus_rect_ifft,id,0,70,b7c1,10,10.487095928192138,3.0,21.0,-0.4,,,,,,,,,,
hann_minus_rect_ifft,id,0,70,b7fd,10,16.22724723815918,18.0,12.0,-0.3,,,,,,,,,,
hann_minus_rect_ifft,id,0,70,b80b,10,-9.718075561523438,0.0,-12.0,0.1,,,,,,,,,,
hann_minus_rect_ifft,id,0,70,b812,10,0.0,0.0,0.0,0.0,,,,,,,,,,
hann_minus_rect_ifft,id,0,70,b827,10,2.9999998092651365,3.0,0.0,-0.2,,,,,,,,,,
hann_minus_rect_ifft,id,0,70,b871,10,-18.0,0.0,-18.0,0.1,,,,,,,,,,
hann_minus_rect_ifft,id,0,70,b8ed,10,21.86771688461304,0.0,36.0,-0.2,,,,,,,,,,
hann_minus_rect_ifft,id,0,70,b905,10,-2.5905075073242188,0.0,-3.0,0.1,,,,,,,,,,
hann_minus_rect_ifft,id,0,70,b943,10,0.0,0.0,0.0,0.0,,,,,,,,,,
hann_minus_rect_ifft,id,0,70,b974,10,-2.5905075073242188,0.0,-3.0,0.1,,,,,,,,,,
hann_minus_rect_ifft,id,0,70,b979,10,-1.0812458038330077,-6.0,24.0,0.1,,,,,,,,,,
hann_minus_rect_ifft,id,0,70,b97b,10,21.150143432617188,18.0,12.0,-0.2,,,,,,,,,,
hann_minus_rect_ifft,id,0,70,b9e6,10,2.9999975204467773,3.0,0.0,0.0,,,,,,,,,,
hann_minus_rect_ifft,id,0,70,ba0f,10,-17.719159889221192,21.0,-57.0,-0.3,,,,,,,,,,
hann_minus_rect_ifft,id,0,70,baa9,10,18.0,0.0,18.0,-0.1,,,,,,,,,,
hann_minus_rect_ifft,id,0,70,bb26,10,7.487092685699463,0.0,9.0,0.1,,,,,,,,,,
hann_minus_rect_ifft,id,0,70,bb7c,10,14.99999771118164,6.0,21.0,-0.1,,,,,,,,,,
hann_minus_rect_ifft,id,0,70,bb7d,10,-0.11903572082519531,6.0,-9.0,0.1,,,,,,,,,,
hann_minus_rect_ifft,id,0,70,bbc6,10,-11.131780433654786,-12.0,0.0,0.3,,,,,,,,,,
hann_minus_rect_ifft,id,0,70,bc2c,10,12.028503894805908,27.0,-21.0,-0.1,,,,,,,,,,
hann_minus_rect_ifft,id,0,71,b7c1,10,21.00000133514404,3.0,42.0,-0.4,,,,,,,,,,
hann_minus_rect_ifft,id,0,71,b7fd,10,10.405780029296874,12.0,-9.0,-0.2,,,,,,,,,,
hann_minus_rect_ifft,id,0,71,b80b,10,-30.868218994140626,-6.0,-30.0,0.2,,,,,,,,,,
hann_minus_rect_ifft,id,0,71,b812,10,0.0,0.0,0.0,0.0,,,,,,,,,,
hann_minus_rect_ifft,id,0,71,b827,10,-2.77581844329834,3.0,-15.0,0.1,,,,,,,,,,
hann_minus_rect_ifft,id,0,71,b871,10,6.000000381469727,0.0,18.0,-0.1,,,,,,,,,,
hann_minus_rect_ifft,id,0,71,b8ed,10,3.0000001907348635,3.0,0.0,-0.1,,,,,,,,,,
hann_minus_rect_ifft,id,0,71,b905,10,-18.0,0.0,-18.0,0.1,,,,,,,,,,
hann_minus_rect_ifft,id,0,71,b943,10,0.0,0.0,0.0,0.0,,,,,,,,,,
hann_minus_rect_ifft,id,0,71,b974,10,-18.0,0.0,-18.0,0.1,,,,,,,,,,
hann_minus_rect_ifft,id,0,71,b979,10,-6.946039390563965,-12.0,18.0,0.0,,,,,,,,,,
hann_minus_rect_ifft,id,0,71,b97b,10,-1.0541793823242187,0.0,-6.0,-0.1,,,,,,,,,,
hann_minus_rect_ifft,id,0,71,b9e6,10,-18.00000114440918,0.0,-18.0,0.2,,,,,,,,,,
hann_minus_rect_ifft,id,0,71,ba0f,10,14.083217430114747,15.0,0.0,-0.2,,,,,,,,,,
hann_minus_rect_ifft,id,0,71,baa9,10,-48.868218994140626,-6.0,-48.0,0.3,,,,,,,,,,
hann_minus_rect_ifft,id,0,71,bb26,10,21.033828926086425,15.0,6.0,-0.2,,,,,,,,,,
hann_minus_rect_ifft,id,0,71,bb7c,10,5.999998283386231,6.0,6.0,-0.1,,,,,,,,,,
hann_minus_rect_ifft,id,0,71,bb7d,10,10.48774299621582,0.0,21.0,-0.2,,,,,,,,,,
hann_minus_rect_ifft,id,0,71,bbc6,10,-16.487089824676513,-9.0,15.0,0.1,,,,,,,,,,
hann_minus_rect_ifft,id,0,71,bc2c,10,4.59968900680542,-6.0,3.0,0.0,,,,,,,,,,
hann_minus_rect_ifft,id,0,72,b7c1,10,30.00000133514404,6.0,48.0,-0.4,,,,,,,,,,
hann_minus_rect_ifft,id,0,72,b7fd,10,9.025164699554443,-3.0,18.0,0.1,,,,,,,,,,
hann_minus_rect_ifft,id,0,72,b80b,10,-18.0,0.0,-18.0,0.1,,,,,,,,,,
hann_minus_rect_ifft,id,0,72,b812,10,18.0,0.0,18.0,-0.1,,,,,,,,,,
hann_minus_rect_ifft,id,0,72,b827,10,32.99999942779541,9.0,24.0,-0.5,,,,,,,,,,
hann_minus_rect_ifft,id,0,72,b871,10,-11.999999618530273,0.0,0.0,0.0,,,,,,,,,,
hann_minus_rect_ifft,id,0,72,b8ed,10,6.000001907348633,0.0,18.0,-0.2,,,,,,,,,,
hann_minus_rect_ifft,id,0,72,b905,10,27.150143814086913,12.0,18.0,-0.2,,,,,,,,,,
hann_minus_rect_ifft,id,0,72,b943,10,-18.0,0.0,-18.0,0.1,,,,,,,,,,
hann_minus_rect_ifft,id,0,72,b974,10,20.59050750732422,0.0,21.0,-0.2,,,,,,,,,,
hann_minus_rect_ifft,id,0,72,b979,10,51.75994338989258,33.0,39.0,0.0,,,,,,,,,,
hann_minus_rect_ifft,id,0,72,b97b,10,26.281924438476562,6.0,24.0,-0.2,,,,,,,,,,
hann_minus_rect_ifft,id,0,72,b9e6,10,18.718073463439943,3.0,18.0,-0.2,,,,,,,,,,
hann_minus_rect_ifft,id,0,72,ba0f,10,37.29402103424072,21.0,39.0,-0.3,,,,,,,,,,
hann_minus_rect_ifft,id,0,72,baa9,10,0.0,0.0,0.0,0.0,,,,,,,,,,
hann_minus_rect_ifft,id,0,72,bb26,10,13.722288131713867,6.0,9.0,-0.1,,,,,,,,,,
hann_minus_rect_ifft,id,0,72,bb7c,10,44.59050693511963,6.0,57.0,-0.5,,,,,,,,,,
hann_minus_rect_ifft,id,0,72,bb7d,10,15.272998428344726,6.0,12.0,0.2,,,,,,,,,,
hann_minus_rect_ifft,id,0,72,bbc6,10,-15.458722877502442,-12.0,15.0,0.1,,,,,,,,,,
hann_minus_rect_ifft,id,0,72,bc2c,10,-12.269714164733887,3.0,-18.0,0.0,,,,,,,,,,
hann_minus_rect_ifft,id,0,73,b7c1,10,18.00000114440918,6.0,12.0,-0.4,,,,,,,,,,
hann_minus_rect_ifft,id,0,73,b7fd,10,7.749161148071289,6.0,18.0,0.0,,,,,,,,,,
hann_minus_rect_ifft,id,0,73,b80b,10,-9.718075561523438,0.0,-12.0,0.1,,,,,,,,,,
hann_minus_rect_ifft,id,0,73,b812,10,0.0,0.0,0.0,0.0,,,,,,,,,,
hann_minus_rect_ifft,id,0,73,b827,10,3.0000001907348635,3.0,0.0,-0.1,,,,,,,,,,
hann_minus_rect_ifft,id,0,73,b871,10,-30.868218994140626,0.0,-30.0,0.1,,,,,,,,,,
hann_minus_rect_ifft,id,0,73,b8ed,10,18.71807689666748,3.0,18.0,-0.3,,,,,,,,,,
hann_minus_rect_ifft,id,0,73,b905,10,8.281924438476562,6.0,6.0,-0.1,,,,,,,,,,
hann_minus_rect_ifft,id,0,73,b943,10,-2.5905075073242188,0.0,-3.0,0.1,,,,,,,,,,
hann_minus_rect_ifft,id,0,73,b974,10,11.354811096191407,-6.0,15.0,0.0,,,,,,,,,,
hann_minus_rect_ifft,id,0,73,b979,10,1.0743663787841797,-18.0,51.0,0.0,,,,,,,,,,
hann_minus_rect_ifft,id,0,73,b97b,10,12.868218994140625,12.0,6.0,-0.1,,,,,,,,,,
hann_minus_rect_ifft,id,0,73,b9e6,10,10.586294555664063,6.0,12.0,-0.1,,,,,,,,,,
hann_minus_rect_ifft,id,0,73,ba0f,10,4.785646247863769,6.0,12.0,0.0,,,,,,,,,,
hann_minus_rect_ifft,id,0,73,baa9,10,0.0,0.0,0.0,0.0,,,,,,,,,,
hann_minus_rect_ifft,id,0,73,bb26,10,25.41614475250244,0.0,48.0,0.0,,,,,,,,,,
hann_minus_rect_ifft,id,0,73,bb7c,10,11.999997520446778,6.0,12.0,-0.2,,,,,,,,,,
hann_minus_rect_ifft,id,0,73,bb7d,10,7.668345642089844,24.0,-30.0,0.0,,,,,,,,,,
hann_minus_rect_ifft,id,0,73,bbc6,10,-12.436556148529053,-15.0,9.0,0.3,,,,,,,,,,
hann_minus_rect_ifft,id,0,73,bc2c,10,6.916281414031983,9.0,-9.0,-0.1,,,,,,,,,,
hann_minus_rect_ifft,id,0,74,b7c1,10,21.00000133514404,3.0,30.0,-0.3,,,,,,,,,,
hann_minus_rect_ifft,id,0,74,b7fd,10,20.79420862197876,12.0,12.0,-0.1,,,,,,,,,,
hann_minus_rect_ifft,id,0,74,b80b,10,0.0,0.0,0.0,0.0,,,,,,,,,,
hann_minus_rect_ifft,id,0,74,b812,10,0.0,0.0,0.0,0.0,,,,,,,,,,
hann_minus_rect_ifft,id,0,74,b827,10,14.999998855590821,9.0,6.0,-0.3,,,,,,,,,,
hann_minus_rect_ifft,id,0,74,b871,10,-23.775819396972658,12.0,-33.0,0.1,,,,,,,,,,
hann_minus_rect_ifft,id,0,74,b8ed,10,-5.230981922149658,-3.0,-3.0,0.0,,,,,,,,,,
hann_minus_rect_ifft,id,0,74,b905,10,8.132283115386963,6.0,6.0,-0.2,,,,,,,,,,
hann_minus_rect_ifft,id,0,74,b943,10,-12.000000762939454,0.0,-18.0,0.1,,,,,,,,,,
hann_minus_rect_ifft,id,0,74,b974,10,-23.131781005859374,0.0,-24.0,0.2,,,,,,,,,,
hann_minus_rect_ifft,id,0,74,b979,10,25.627273941040038,21.0,24.0,0.0,,,,,,,,,,
hann_minus_rect_ifft,id,0,74,b97b,10,3.4587257385253904,0.0,9.0,-0.1,,,,,,,,,,
hann_minus_rect_ifft,id,0,74,b9e6,10,-3.0000017166137694,3.0,-6.0,0.0,,,,,,,,,,
hann_minus_rect_ifft,id,0,74,ba0f,10,2.609838581085205,-9.0,-3.0,-0.4,,,,,,,,,,
hann_minus_rect_ifft,id,0,74,baa9,10,0.0,0.0,0.0,0.0,,,,,,,,,,
hann_minus_rect_ifft,id,0,74,bb26,10,42.27812557220459,12.0,36.0,-0.1,,,,,,,,,,
hann_minus_rect_ifft,id,0,74,bb7c,10,20.590506553649902,6.0,27.0,-0.4,,,,,,,,,,
hann_minus_rect_ifft,id,0,74,bb7d,10,18.83775634765625,12.0,-21.0,0.0,,,,,,,,,,
hann_minus_rect_ifft,id,0,74,bbc6,10,-9.458721923828126,-6.0,3.0,0.1,,,,,,,,,,
hann_minus_rect_ifft,id,0,74,bc2c,10,-20.92546138763428,-3.0,-27.0,0.1,,,,,,,,,,
hann_minus_rect_ifft,id,0,75,b7c1,10,24.000000953674316,6.0,42.0,-0.4,,,,,,,,,,
hann_minus_rect_ifft,id,0,75,b7fd,10,17.795914459228516,6.0,30.0,0.0,,,,,,,,,,
hann_minus_rect_ifft,id,0,75,b80b,10,0.0,0.0,0.0,0.0,,,,,,,,,,
hann_minus_rect_ifft,id,0,75,b812,10,0.0,0.0,0.0,0.0,,,,,,,,,,
hann_minus_rect_ifft,id,0,75,b827,10,11.999999237060546,6.0,6.0,-0.3,,,,,,,,,,
hann_minus_rect_ifft,id,0,75,b871,10,-36.0,0.0,-36.0,0.2,,,,,,,,,,
hann_minus_rect_ifft,id,0,75,b8ed,10,2.2819244384765627,12.0,-12.0,-0.1,,,,,,,,,,
hann_minus_rect_ifft,id,0,75,b905,10,3.000000762939453,0.0,3.0,-0.1,,,,,,,,,,
hann_minus_rect_ifft,id,0,75,b943,10,0.0,0.0,0.0,0.0,,,,,,,,,,
hann_minus_rect_ifft,id,0,75,b974,10,18.0,0.0,18.0,-0.1,,,,,,,,,,
hann_minus_rect_ifft,id,0,75,b979,10,-6.469209671020508,-18.0,18.0,0.1,,,,,,,,,,
hann_minus_rect_ifft,id,0,75,b97b,10,-11.026896572113037,-12.0,-6.0,-0.1,,,,,,,,,,
hann_minus_rect_ifft,id,0,75,b9e6,10,-9.000002098083495,3.0,-12.0,0.0,,,,,,,,,,
hann_minus_rect_ifft,id,0,75,ba0f,10,-16.370520401000977,27.0,-33.0,0.0,,,,,,,,,,
hann_minus_rect_ifft,id,0,75,baa9,10,0.0,0.0,0.0,0.0,,,,,,,,,,
hann_minus_rect_ifft,id,0,75,bb26,10,5.504952812194825,3.0,-9.0,0.0,,,,,,,,,,
hann_minus_rect_ifft,id,0,75,bb7c,10,15.000000381469727,3.0,30.0,-0.1,,,,,,,,,,
hann_minus_rect_ifft,id,0,75,bb7d,10,18.690835571289064,24.0,-15.0,-0.2,,,,,,,,,,
hann_minus_rect_ifft,id,0,75,bbc6,10,3.0517578125e-06,0.0,0.0,0.1,,,,,,,,,,
hann_minus_rect_ifft,id,0,75,bc2c,10,4.833563613891601,-12.0,39.0,-0.1,,,,,,,,,,
hann_minus_rect_ifft,id,0,76,b7c1,10,7.5522502899169925,-6.0,33.0,-0.2,,,,,,,,,,
hann_minus_rect_ifft,id,0,76,b7fd,10,-3.4598743438720705,-18.0,33.0,0.0,,,,,,,,,,
hann_minus_rect_ifft,id,0,76,b80b,10,-30.868218994140626,-6.0,-30.0,0.2,,,,,,,,,,
hann_minus_rect_ifft,id,0,76,b812,10,18.0,0.0,18.0,-0.1,,,,,,,,,,
hann_minus_rect_ifft,id,0,76,b827,10,17.99999942779541,6.0,24.0,-0.2,,,,,,,,,,
hann_minus_rect_ifft,id,0,76,b871,10,-31.103412914276124,0.0,-18.0,0.1,,,,,,,,,,
hann_minus_rect_ifft,id,0,76,b8ed,10,24.0,0.0,54.0,-0.3,,,,,,,,,,
hann_minus_rect_ifft,id,0,76,b905,10,16.563848876953124,12.0,12.0,-0.2,,,,,,,,,,
hann_minus_rect_ifft,id,0,76,b943,10,-14.590508270263673,0.0,-21.0,0.2,,,,,,,,,,
hann_minus_rect_ifft,id,0,76,b974,10,23.69141540527344,6.0,21.0,-0.1,,,,,,,,,,
hann_minus_rect_ifft,id,0,76,b979,10,30.12587766647339,18.0,9.0,0.0,,,,,,,,,,
hann_minus_rect_ifft,id,0,76,b97b,10,8.925962829589844,6.0,9.0,-0.1,,,,,,,,,,
hann_minus_rect_ifft,id,0,76,b9e6,10,2.9999975204467773,3.0,0.0,0.0,,,,,,,,,,
hann_minus_rect_ifft,id,0,76,ba0f,10,4.986734771728516,9.0,3.0,0.0,,,,,,,,,,
hann_minus_rect_ifft,id,0,76,baa9,10,-30.868218994140626,-6.0,-30.0,0.2,,,,,,,,,,
hann_minus_rect_ifft,id,0,76,bb26,10,22.87243537902832,12.0,15.0,-0.3,,,,,,,,,,
hann_minus_rect_ifft,id,0,76,bb7c,10,-3.24249267578125e-06,6.0,0.0,0.0,,,,,,,,,,
hann_minus_rect_ifft,id,0,76,bb7d,10,-4.652960968017578,18.0,-21.0,0.0,,,,,,,,,,
hann_minus_rect_ifft,id,0,76,bbc6,10,-6.718072509765625,0.0,-9.0,0.2,,,,,,,,,,
hann_minus_rect_ifft,id,0,76,bc2c,10,-8.80227975845337,0.0,-30.0,0.0,,,,,,,,,,
hann_minus_rect_ifft,outer1,1,70,b827,60,8.589283482233684,5.0,6.0,-0.11666666666666667,,,,,,,,,,
hann_minus_rect_ifft,outer1,1,70,b871,60,-5.260641765594483,-0.5,-4.0,0.016666666666666666,,,,,,,,,,
hann_minus_rect_ifft,outer1,1,70,b905,60,4.624947961171468,7.0,0.5,-0.05,,,,,,,,,,
hann_minus_rect_ifft,outer1,1,70,bb7d,60,0.36363064448038734,-2.5,5.0,-0.03333333333333333,,,,,,,,,,
hann_minus_rect_ifft,outer1,1,70,bbc6,60,0.8916959285736084,-6.5,10.0,0.0,,,,,,,,,,
hann_minus_rect_ifft,outer1,1,71,b827,60,20.707577069600422,6.5,19.5,-0.16666666666666666,,,,,,,,,,
hann_minus_rect_ifft,outer1,1,71,b871,60,1.411281172434489,2.0,2.0,-0.05,,,,,,,,,,
hann_minus_rect_ifft,outer1,1,71,b905,60,20.061790243784586,8.0,17.5,-0.15,,,,,,,,,,
hann_minus_rect_ifft,outer1,1,71,bb7d,60,-2.9914480209350587,-6.5,3.0,-0.03333333333333333,,,,,,,,,,
hann_minus_rect_ifft,outer1,1,71,bbc6,60,0.21431767145792643,-11.0,8.0,0.016666666666666666,,,,,,,,,,
hann_minus_rect_ifft,outer1,1,72,b827,60,3.949168078104655,6.0,3.5,-0.11666666666666667,,,,,,,,,,
hann_minus_rect_ifft,outer1,1,72,b871,60,-5.355296897888183,2.0,-6.5,0.0,,,,,,,,,,
hann_minus_rect_ifft,outer1,1,72,b905,60,4.000000413258871,1.0,7.0,-0.016666666666666666,,,,,,,,,,
hann_minus_rect_ifft,outer1,1,72,bb7d,60,6.080211528142294,8.0,-4.5,0.016666666666666666,,,,,,,,,,
hann_minus_rect_ifft,outer1,1,72,bbc6,60,-2.1772199153900145,-9.0,10.0,-0.03333333333333333,,,,,,,,,,
hann_minus_rect_ifft,outer1,1,73,b827,60,6.487853240966797,5.5,7.0,-0.13333333333333333,,,,,,,,,,
hann_minus_rect_ifft,outer1,1,73,b871,60,7.982583395640055,1.0,7.5,-0.08333333333333333,,,,,,,,,,
hann_minus_rect_ifft,outer1,1,73,b905,60,8.38190418879191,-3.0,13.5,-0.06666666666666667,,,,,,,,,,
hann_minus_rect_ifft,outer1,1,73,bb7d,60,-4.357765785853068,-2.5,-4.0,0.0,,,,,,,,,,
hann_minus_rect_ifft,outer1,1,73,bbc6,60,7.748347584406535,-7.5,13.5,0.0,,,,,,,,,,
hann_minus_rect_ifft,outer1,1,74,b827,60,7.564118353525798,8.0,2.0,-0.11666666666666667,,,,,,,,,,
hann_minus_rect_ifft,outer1,1,74,b871,60,5.640600872039795,3.0,3.0,-0.08333333333333333,,,,,,,,,,
hann_minus_rect_ifft,outer1,1,74,b905,60,-10.934110355377197,-1.5,-12.0,0.05,,,,,,,,,,
hann_minus_rect_ifft,outer1,1,74,bb7d,60,7.321351369222005,4.5,4.0,-0.08333333333333333,,,,,,,,,,
hann_minus_rect_ifft,outer1,1,74,bbc6,60,2.415380255381266,-6.5,5.5,0.016666666666666666,,,,,,,,,,
hann_minus_rect_ifft,outer1,1,75,b827,60,13.685223801930745,6.0,11.5,-0.15,,,,,,,,,,
hann_minus_rect_ifft,outer1,1,75,b871,60,3.9008797645568847,3.5,1.5,-0.05,,,,,,,,,,
hann_minus_rect_ifft,outer1,1,75,b905,60,8.252235094706217,3.0,6.5,-0.06666666666666667,,,,,,,,,,
hann_minus_rect_ifft,outer1,1,75,bb7d,60,5.998728545506795,6.5,-2.0,-0.1,,,,,,,,,,
hann_minus_rect_ifft,outer1,1,75,bbc6,60,-6.780057652791341,-5.0,-1.5,0.016666666666666666,,,,,,,,,,
hann_minus_rect_ifft,outer1,1,76,b827,60,15.988367255528768,4.0,20.5,-0.21666666666666667,,,,,,,,,,
hann_minus_rect_ifft,outer1,1,76,b871,60,0.8576550801595052,4.0,-1.5,-0.016666666666666666,,,,,,,,,,
hann_minus_rect_ifft,outer1,1,76,b905,60,-5.942516644795735,-1.5,-5.0,0.03333333333333333,,,,,,,,,,
hann_minus_rect_ifft,outer1,1,76,bb7d,60,-6.076572545369467,4.0,-12.5,0.05,,,,,,,,,,
hann_minus_rect_ifft,outer1,1,76,bbc6,60,8.547640212376912,4.5,6.5,-0.03333333333333333,,,,,,,,,,
hann_minus_rect_ifft,outer2,2,70,b7c1,60,15.718799845377605,0.0,17.0,-0.13333333333333333,,,,,,,,,,
hann_minus_rect_ifft,outer2,2,70,b80b,60,-3.0,0.0,-3.0,0.016666666666666666,,,,,,,,,,
hann_minus_rect_ifft,outer2,2,70,b9e6,60,1.8120718002319336,0.0,1.5,-0.016666666666666666,,,,,,,,,,
hann_minus_rect_ifft,outer2,2,70,ba0f,60,16.457157723108928,7.0,15.5,-0.15,,,,,,,,,,
hann_minus_rect_ifft,outer2,2,70,bb7c,60,2.3166584173838296,4.0,4.0,-0.03333333333333333,,,,,,,,,,
hann_minus_rect_ifft,outer2,2,71,b7c1,60,1.8803207397460937,4.5,0.0,-0.1,,,,,,,,,,
hann_minus_rect_ifft,outer2,2,71,b80b,60,9.0,0.0,9.0,-0.05,,,,,,,,,,
hann_minus_rect_ifft,outer2,2,71,b9e6,60,19.456775442759195,2.5,19.5,-0.15,,,,,,,,,,
hann_minus_rect_ifft,outer2,2,71,ba0f,60,25.087868197758993,13.5,24.5,-0.2,,,,,,,,,,
hann_minus_rect_ifft,outer2,2,71,bb7c,60,16.925777753194172,3.5,19.5,-0.16666666666666666,,,,,,,,,,
hann_minus_rect_ifft,outer2,2,72,b7c1,60,7.5000001907348635,0.5,13.0,-0.06666666666666667,,,,,,,,,,
hann_minus_rect_ifft,outer2,2,72,b80b,60,12.000000254313152,0.0,12.0,-0.08333333333333333,,,,,,,,,,
hann_minus_rect_ifft,outer2,2,72,b9e6,60,5.855296834309896,1.0,4.0,-0.06666666666666667,,,,,,,,,,
hann_minus_rect_ifft,outer2,2,72,ba0f,60,15.802315918604533,9.0,11.0,-0.16666666666666666,,,,,,,,,,
hann_minus_rect_ifft,outer2,2,72,bb7c,60,8.3530642191569,-0.5,14.0,-0.06666666666666667,,,,,,,,,,
hann_minus_rect_ifft,outer2,2,73,b7c1,60,2.1196791966756185,-1.0,3.5,0.016666666666666666,,,,,,,,,,
hann_minus_rect_ifft,outer2,2,73,b80b,60,0.9999998728434245,0.0,-1.0,0.016666666666666666,,,,,,,,,,
hann_minus_rect_ifft,outer2,2,73,b9e6,60,9.65896209081014,0.5,10.0,-0.06666666666666667,,,,,,,,,,
hann_minus_rect_ifft,outer2,2,73,ba0f,60,15.06650013923645,3.5,18.0,-0.08333333333333333,,,,,,,,,,
hann_minus_rect_ifft,outer2,2,73,bb7c,60,6.017416159311931,3.5,9.0,-0.06666666666666667,,,,,,,,,,
hann_minus_rect_ifft,outer2,2,74,b7c1,60,5.146636708577474,2.0,8.0,-0.05,,,,,,,,,,
hann_minus_rect_ifft,outer2,2,74,b80b,60,9.0,0.0,9.0,-0.05,,,,,,,,,,
hann_minus_rect_ifft,outer2,2,74,b9e6,60,8.499999968210856,0.5,8.0,-0.05,,,,,,,,,,
hann_minus_rect_ifft,outer2,2,74,ba0f,60,11.201541090011597,9.0,5.5,-0.05,,,,,,,,,,
hann_minus_rect_ifft,outer2,2,74,bb7c,60,8.405344518025716,1.5,12.0,-0.1,,,,,,,,,,
hann_minus_rect_ifft,outer2,2,75,b7c1,60,3.8552967071533204,-1.0,6.0,-0.03333333333333333,,,,,,,,,,
hann_minus_rect_ifft,outer2,2,75,b80b,60,15.090914789835612,1.0,15.0,-0.13333333333333333,,,,,,,,,,
hann_minus_rect_ifft,outer2,2,75,b9e6,60,6.880320644378662,2.5,5.0,-0.08333333333333333,,,,,,,,,,
hann_minus_rect_ifft,outer2,2,75,ba0f,60,18.285597149531046,6.5,22.5,-0.2,,,,,,,,,,
hann_minus_rect_ifft,outer2,2,75,bb7c,60,1.661315631866455,1.5,3.0,-0.06666666666666667,,,,,,,,,,
hann_minus_rect_ifft,outer2,2,76,b7c1,60,11.02502400080363,2.5,13.0,-0.11666666666666667,,,,,,,,,,
hann_minus_rect_ifft,outer2,2,76,b80b,60,-3.0,0.0,-3.0,0.016666666666666666,,,,,,,,,,
hann_minus_rect_ifft,outer2,2,76,b9e6,60,6.764382108052572,1.0,7.0,-0.05,,,,,,,,,,
hann_minus_rect_ifft,outer2,2,76,ba0f,60,15.677256123224895,8.5,7.0,-0.18333333333333332,,,,,,,,,,
hann_minus_rect_ifft,outer2,2,76,bb7c,60,7.448569107055664,4.5,9.5,-0.08333333333333333,,,,,,,,,,
hann_minus_rect_ifft,outer3,3,70,b812,60,2.3803206125895184,0.0,2.0,0.0,,,,,,,,,,
hann_minus_rect_ifft,outer3,3,70,b943,60,6.553742504119873,4.5,6.5,-0.11666666666666667,,,,,,,,,,
hann_minus_rect_ifft,outer3,3,70,b974,60,3.6839859008789064,1.0,3.0,-0.03333333333333333,,,,,,,,,,
hann_minus_rect_ifft,outer3,3,70,b97b,60,19.843149121602377,10.5,20.5,-0.11666666666666667,,,,,,,,,,
hann_minus_rect_ifft,outer3,3,70,bc2c,60,-4.6794583638509115,3.5,-13.5,0.05,,,,,,,,,,
hann_minus_rect_ifft,outer3,3,71,b812,60,8.380320739746093,1.0,9.0,-0.05,,,,,,,,,,
hann_minus_rect_ifft,outer3,3,71,b943,60,4.97123441696167,3.5,2.0,-0.06666666666666667,,,,,,,,,,
hann_minus_rect_ifft,outer3,3,71,b974,60,-2.568248748779297,0.0,-2.5,0.0,,,,,,,,,,
hann_minus_rect_ifft,outer3,3,71,b97b,60,13.698361730575561,8.0,14.5,-0.1,,,,,,,,,,
hann_minus_rect_ifft,outer3,3,71,bc2c,60,-20.925215339660646,-7.0,-33.0,0.03333333333333333,,,,,,,,,,
hann_minus_rect_ifft,outer3,3,72,b812,60,6.243823115030924,1.0,6.0,-0.06666666666666667,,,,,,,,,,
hann_minus_rect_ifft,outer3,3,72,b943,60,-4.803581666946411,1.0,-6.0,0.05,,,,,,,,,,
hann_minus_rect_ifft,outer3,3,72,b974,60,1.8552968978881836,1.0,1.0,-0.03333333333333333,,,,,,,,,,
hann_minus_rect_ifft,outer3,3,72,b97b,60,14.881203254063925,11.5,14.5,-0.08333333333333333,,,,,,,,,,
hann_minus_rect_ifft,outer3,3,72,bc2c,60,-7.26280665397644,5.0,-12.5,-0.05,,,,,,,,,,
hann_minus_rect_ifft,outer3,3,73,b812,60,7.760641606648763,3.0,6.0,-0.08333333333333333,,,,,,,,,,
hann_minus_rect_ifft,outer3,3,73,b943,60,-3.9438992818196614,3.0,-6.0,0.0,,,,,,,,,,
hann_minus_rect_ifft,outer3,3,73,b974,60,-5.380320612589518,-1.0,-4.0,0.03333333333333333,,,,,,,,,,
hann_minus_rect_ifft,outer3,3,73,b97b,60,20.679960664113363,10.0,21.5,-0.18333333333333332,,,,,,,,,,
hann_minus_rect_ifft,outer3,3,73,bc2c,60,-6.351892455418905,1.5,-7.5,-0.08333333333333333,,,,,,,,,,
hann_minus_rect_ifft,outer3,3,74,b812,60,6.380320676167806,1.0,7.0,-0.03333333333333333,,,,,,,,,,
hann_minus_rect_ifft,outer3,3,74,b943,60,-5.230367883046468,-2.0,-5.5,0.03333333333333333,,,,,,,,,,
hann_minus_rect_ifft,outer3,3,74,b974,60,2.8120720545450846,2.0,1.5,-0.05,,,,,,,,,,
hann_minus_rect_ifft,outer3,3,74,b97b,60,-0.8158360640207927,10.5,-9.0,0.1,,,,,,,,,,
hann_minus_rect_ifft,outer3,3,74,bc2c,60,3.9443382104237874,1.0,7.0,-0.016666666666666666,,,,,,,,,,
hann_minus_rect_ifft,outer3,3,75,b812,60,11.23561757405599,1.0,12.0,-0.08333333333333333,,,,,,,,,,
hann_minus_rect_ifft,outer3,3,75,b943,60,4.836451196670533,-0.5,5.5,-0.03333333333333333,,,,,,,,,,
hann_minus_rect_ifft,outer3,3,75,b974,60,4.812071990966797,1.0,4.5,-0.05,,,,,,,,,,
hann_minus_rect_ifft,outer3,3,75,b97b,60,15.872539615631103,11.0,13.5,-0.1,,,,,,,,,,
hann_minus_rect_ifft,outer3,3,75,bc2c,60,-0.31455677350362143,8.0,-11.0,-0.1,,,,,,,,,,
hann_minus_rect_ifft,outer3,3,76,b812,60,-1.6196792602539063,1.0,-2.0,0.0,,,,,,,,,,
hann_minus_rect_ifft,outer3,3,76,b943,60,-0.10753091176350911,0.0,0.5,0.05,,,,,,,,,,
hann_minus_rect_ifft,outer3,3,76,b974,60,-2.6711097081502277,3.0,-1.5,0.0,,,,,,,,,,
hann_minus_rect_ifft,outer3,3,76,b97b,60,4.011302789052327,8.0,0.5,0.05,,,,,,,,,,
hann_minus_rect_ifft,outer3,3,76,bc2c,60,-6.794483168919881,6.5,-19.5,-0.05,,,,,,,,,,
hann_minus_rect_ifft,outer4,4,70,b7fd,60,9.837187496821086,0.0,17.0,-0.06666666666666667,,,,,,,,,,
hann_minus_rect_ifft,outer4,4,70,b8ed,60,16.53616302808126,6.5,14.5,-0.18333333333333332,,,,,,,,,,
hann_minus_rect_ifft,outer4,4,70,b979,60,5.744426329930623,3.5,-0.5,0.0,,,,,,,,,,
hann_minus_rect_ifft,outer4,4,70,baa9,60,1.6196792602539063,-1.0,2.0,0.0,,,,,,,,,,
hann_minus_rect_ifft,outer4,4,70,bb26,60,-3.360285743077596,4.0,-9.0,-0.016666666666666666,,,,,,,,,,
hann_minus_rect_ifft,outer4,4,71,b7fd,60,-2.8055992921193442,0.0,-1.5,0.08333333333333333,,,,,,,,,,
hann_minus_rect_ifft,outer4,4,71,b8ed,60,3.090979242324829,4.0,0.5,-0.016666666666666666,,,,,,,,,,
hann_minus_rect_ifft,outer4,4,71,b979,60,12.905240122477213,13.0,6.5,-0.05,,,,,,,,,,
hann_minus_rect_ifft,outer4,4,71,baa9,60,3.0,0.0,3.0,-0.016666666666666666,,,,,,,,,,
hann_minus_rect_ifft,outer4,4,71,bb26,60,0.11156419118245443,0.5,-6.5,-0.016666666666666666,,,,,,,,,,
hann_minus_rect_ifft,outer4,4,72,b7fd,60,19.92902069091797,9.0,21.5,-0.16666666666666666,,,,,,,,,,
hann_minus_rect_ifft,outer4,4,72,b8ed,60,14.169029108683269,3.5,9.5,-0.016666666666666666,,,,,,,,,,
hann_minus_rect_ifft,outer4,4,72,b979,60,9.716645622253418,3.5,3.5,-0.05,,,,,,,,,,
hann_minus_rect_ifft,outer4,4,72,baa9,60,3.0,0.0,3.0,-0.016666666666666666,,,,,,,,,,
hann_minus_rect_ifft,outer4,4,72,bb26,60,-2.4127797921498617,0.0,-5.0,-0.08333333333333333,,,,,,,,,,
hann_minus_rect_ifft,outer4,4,73,b7fd,60,-1.3213467121124267,-0.5,8.0,-0.016666666666666666,,,,,,,,,,
hann_minus_rect_ifft,outer4,4,73,b8ed,60,13.603842163085938,8.0,3.5,-0.11666666666666667,,,,,,,,,,
hann_minus_rect_ifft,outer4,4,73,b979,60,5.302599843343099,11.5,-12.0,-0.08333333333333333,,,,,,,,,,
hann_minus_rect_ifft,outer4,4,73,baa9,60,0.0,0.0,0.0,0.0,,,,,,,,,,
hann_minus_rect_ifft,outer4,4,73,bb26,60,10.799034357070923,-1.5,15.0,-0.13333333333333333,,,,,,,,,,
hann_minus_rect_ifft,outer4,4,74,b7fd,60,-5.271016693115234,3.5,-5.5,-0.03333333333333333,,,,,,,,,,
hann_minus_rect_ifft,outer4,4,74,b8ed,60,4.872609869639079,7.5,-4.5,-0.03333333333333333,,,,,,,,,,
hann_minus_rect_ifft,outer4,4,74,b979,60,7.0410268624623615,1.5,0.5,-0.016666666666666666,,,,,,,,,,
hann_minus_rect_ifft,outer4,4,74,baa9,60,-0.4317512512207031,0.0,-0.5,0.016666666666666666,,,,,,,,,,
hann_minus_rect_ifft,outer4,4,74,bb26,60,1.320954688390096,-5.5,3.5,-0.03333333333333333,,,,,,,,,,
hann_minus_rect_ifft,outer4,4,75,b7fd,60,3.5309574286142986,4.0,2.5,-0.03333333333333333,,,,,,,,,,
hann_minus_rect_ifft,outer4,4,75,b8ed,60,7.026551882425944,-1.5,7.0,-0.016666666666666666,,,,,,,,,,
hann_minus_rect_ifft,outer4,4,75,b979,60,9.409680445988974,-7.5,20.5,-0.1,,,,,,,,,,
hann_minus_rect_ifft,outer4,4,75,baa9,60,1.9073486328125e-07,0.0,0.0,-0.016666666666666666,,,,,,,,,,
hann_minus_rect_ifft,outer4,4,75,bb26,60,-0.540182336171468,-2.0,-3.0,0.03333333333333333,,,,,,,,,,
hann_minus_rect_ifft,outer4,4,76,b7fd,60,1.5127776622772218,1.5,6.0,0.06666666666666667,,,,,,,,,,
hann_minus_rect_ifft,outer4,4,76,b8ed,60,10.921698983510336,3.0,11.0,0.0,,,,,,,,,,
hann_minus_rect_ifft,outer4,4,76,b979,60,16.93461774190267,-3.0,24.5,-0.13333333333333333,,,,,,,,,,
hann_minus_rect_ifft,outer4,4,76,baa9,60,0.0,0.0,0.0,0.0,,,,,,,,,,
hann_minus_rect_ifft,outer4,4,76,bb26,60,3.933901818593343,1.5,2.5,-0.05,,,,,,,,,,
,id,0,70,b7c1,,,,,,30.0,0.0,0.0,30.000001907348633,30.000001907348633,30.0,0.0,1.0,0.0,-1.0
,id,0,70,b7c1,,,,,,30.0,180.0,0.0,60.000003814697266,60.000003814697266,0.0,180.0,1.0,0.0,-1.0
,id,0,70,b7c1,,,,,,60.0,60.0,0.0,0.0,0.0,0.0,0.0,1.0,1.0,0.0
,id,0,70,b7c1,,,,,,60.0,240.0,0.0,0.0,0.0,0.0,0.0,1.0,1.0,0.0
,id,0,70,b7c1,,,,,,90.0,120.0,0.0,120.00000762939453,120.00000762939453,0.0,120.0,1.0,0.0,-1.0
,id,0,70,b7c1,,,,,,90.0,300.0,180.0,60.000003814697266,-119.99999618530273,0.0,-120.0,0.0,0.0,0.0
,id,0,70,b7c1,,,,,,120.0,0.0,0.0,0.0,0.0,0.0,0.0,1.0,1.0,0.0
,id,0,70,b7c1,,,,,,120.0,180.0,0.0,0.0,0.0,0.0,0.0,1.0,1.0,0.0
,id,0,70,b7c1,,,,,,150.0,60.0,0.0,0.0,0.0,0.0,0.0,1.0,1.0,0.0
,id,0,70,b7c1,,,,,,150.0,240.0,0.0,14.870942115783691,14.870942115783691,0.0,30.0,1.0,0.0,-1.0
,id,0,70,b7fd,,,,,,30.0,30.0,0.0,0.0,0.0,0.0,0.0,1.0,1.0,0.0
,id,0,70,b7fd,,,,,,30.0,210.0,128.68218994140625,60.000003814697266,-68.68218612670898,-120.0,120.0,0.0,0.0,0.0
,id,0,70,b7fd,,,,,,60.0,90.0,0.0,0.0,0.0,0.0,0.0,1.0,1.0,0.0
,id,0,70,b7fd,,,,,,60.0,270.0,154.0949249267578,113.5481185913086,-40.54680633544922,-60.0,0.0,0.0,0.0,0.0
,id,0,70,b7fd,,,,,,90.0,150.0,180.0,0.0,-180.0,0.0,-180.0,0.0,1.0,1.0
,id,0,70,b7fd,,,,,,90.0,330.0,120.00000762939453,120.00000762939453,0.0,0.0,0.0,0.0,0.0,0.0
,id,0,70,b7fd,,,,,,120.0,30.0,0.0,82.81924438476562,82.81924438476562,60.0,60.0,1.0,0.0,-1.0
,id,0,70,b7fd,,,,,,120.0,210.0,0.0,128.6822052001953,128.6822052001953,60.0,120.0,1.0,0.0,-1.0
,id,0,70,b7fd,,,,,,150.0,90.0,0.0,120.00000762939453,120.00000762939453,120.0,0.0,1.0,0.0,-1.0
,id,0,70,b7fd,,,,,,150.0,270.0,0.0,120.00000762939453,120.00000762939453,120.0,0.0,1.0,0.0,-1.0
,id,0,70,b80b,,,,,,30.0,60.0,0.0,0.0,0.0,0.0,0.0,1.0,1.0,0.0
,id,0,70,b80b,,,,,,30.0,240.0,0.0,0.0,0.0,0.0,0.0,1.0,1.0,0.0
,id,0,70,b80b,,,,,,60.0,120.0,0.0,0.0,0.0,0.0,0.0,1.0,1.0,0.0
,id,0,70,b80b,,,,,,60.0,300.0,97.18075561523438,0.0,-97.18075561523438,0.0,-120.0,0.0,1.0,1.0
,id,0,70,b80b,,,,,,90.0,0.0,180.0,0.0,-180.0,0.0,-180.0,0.0,1.0,1.0
,id,0,70,b80b,,,,,,90.0,180.0,0.0,180.0,180.0,0.0,180.0,1.0,0.0,-1.0
,id,0,70,b80b,,,,,,120.0,60.0,0.0,0.0,0.0,0.0,0.0,1.0,1.0,0.0
,id,0,70,b80b,,,,,,120.0,240.0,0.0,0.0,0.0,0.0,0.0,1.0,1.0,0.0
,id,0,70,b80b,,,,,,150.0,120.0,0.0,0.0,0.0,0.0,0.0,1.0,1.0,0.0
,id,0,70,b80b,,,,,,150.0,300.0,0.0,0.0,0.0,0.0,0.0,1.0,1.0,0.0
,id,0,70,b812,,,,,,30.0,90.0,0.0,0.0,0.0,0.0,0.0,1.0,1.0,0.0
,id,0,70,b812,,,,,,30.0,270.0,0.0,0.0,0.0,0.0,0.0,1.0,1.0,0.0
,id,0,70,b812,,,,,,60.0,150.0,0.0,0.0,0.0,0.0,0.0,1.0,1.0,0.0
,id,0,70,b812,,,,,,60.0,330.0,0.0,0.0,0.0,0.0,0.0,1.0,1.0,0.0
,id,0,70,b812,,,,,,90.0,30.0,0.0,0.0,0.0,0.0,0.0,1.0,1.0,0.0
,id,0,70,b812,,,,,,90.0,210.0,0.0,0.0,0.0,0.0,0.0,1.0,1.0,0.0
,id,0,70,b812,,,,,,120.0,90.0,0.0,0.0,0.0,0.0,0.0,1.0,1.0,0.0
,id,0,70,b812,,,,,,120.0,270.0,0.0,0.0,0.0,0.0,0.0,1.0,1.0,0.0
,id,0,70,b812,,,,,,150.0,150.0,0.0,0.0,0.0,0.0,0.0,1.0,1.0,0.0
,id,0,70,b812,,,,,,150.0,330.0,0.0,0.0,0.0,0.0,0.0,1.0,1.0,0.0
,id,0,70,b827,,,,,,30.0,120.0,0.0,0.0,0.0,0.0,0.0,1.0,1.0,0.0
,id,0,70,b827,,,,,,30.0,300.0,0.0,0.0,0.0,0.0,0.0,1.0,1.0,0.0
,id,0,70,b827,,,,,,60.0,0.0,0.0,30.000001907348633,30.000001907348633,30.0,0.0,1.0,0.0,-1.0
,id,0,70,b827,,,,,,60.0,180.0,0.0,0.0,0.0,0.0,0.0,1.0,1.0,0.0
,id,0,70,b827,,,,,,90.0,60.0,180.0,119.99999237060547,-60.00000762939453,0.0,-60.0,0.0,0.0,0.0
,id,0,70,b827,,,,,,90.0,240.0,0.0,60.000003814697266,60.000003814697266,0.0,60.0,1.0,0.0,-1.0
,id,0,70,b827,,,,,,120.0,120.0,0.0,0.0,0.0,0.0,0.0,1.0,1.0,0.0
,id,0,70,b827,,,,,,120.0,300.0,0.0,0.0,0.0,0.0,0.0,1.0,1.0,0.0
,id,0,70,b827,,,,,,150.0,0.0,0.0,0.0,0.0,0.0,0.0,1.0,1.0,0.0
,id,0,70,b827,,,,,,150.0,180.0,0.0,0.0,0.0,0.0,0.0,1.0,1.0,0.0
,id,0,70,b871,,,,,,30.0,150.0,0.0,0.0,0.0,0.0,0.0,1.0,1.0,0.0
,id,0,70,b871,,,,,,30.0,330.0,0.0,0.0,0.0,0.0,0.0,1.0,1.0,0.0
,id,0,70,b871,,,,,,60.0,30.0,0.0,0.0,0.0,0.0,0.0,1.0,1.0,0.0
,id,0,70,b871,,,,,,60.0,210.0,0.0,0.0,0.0,0.0,0.0,1.0,1.0,0.0
,id,0,70,b871,,,,,,90.0,90.0,180.0,0.0,-180.0,0.0,-180.0,0.0,1.0,1.0
,id,0,70,b871,,,,,,90.0,270.0,0.0,0.0,0.0,0.0,0.0,1.0,1.0,0.0
,id,0,70,b871,,,,,,120.0,150.0,0.0,0.0,0.0,0.0,0.0,1.0,1.0,0.0
,id,0,70,b871,,,,,,120.0,330.0,0.0,0.0,0.0,0.0,0.0,1.0,1.0,0.0
,id,0,70,b871,,,,,,150.0,30.0,0.0,0.0,0.0,0.0,0.0,1.0,1.0,0.0
,id,0,70,b871,,,,,,150.0,210.0,0.0,0.0,0.0,0.0,0.0,1.0,1.0,0.0
,id,0,70,b8ed,,,,,,30.0,0.0,0.0,0.0,0.0,0.0,0.0,1.0,1.0,0.0
,id,0,70,b8ed,,,,,,30.0,180.0,0.0,0.0,0.0,0.0,0.0,1.0,1.0,0.0
,id,0,70,b8ed,,,,,,60.0,60.0,0.0,0.0,0.0,0.0,0.0,1.0,1.0,0.0
,id,0,70,b8ed,,,,,,60.0,240.0,0.0,113.5481185913086,113.5481185913086,0.0,150.0,1.0,0.0,-1.0
,id,0,70,b8ed,,,,,,90.0,120.0,120.00000762939453,60.000003814697266,-60.000003814697266,0.0,-60.0,0.0,0.0,0.0
,id,0,70,b8ed,,,,,,90.0,300.0,0.0,119.99999237060547,119.99999237060547,0.0,120.0,1.0,0.0,-1.0
,id,0,70,b8ed,,,,,,120.0,0.0,0.0,0.0,0.0,0.0,0.0,1.0,1.0,0.0
,id,0,70,b8ed,,,,,,120.0,180.0,0.0,0.0,0.0,0.0,0.0,1.0,1.0,0.0
,id,0,70,b8ed,,,,,,150.0,60.0,0.0,0.0,0.0,0.0,0.0,1.0,1.0,0.0
,id,0,70,b8ed,,,,,,150.0,240.0,14.870942115783691,60.000003814697266,45.129061698913574,0.0,150.0,0.0,0.0,0.0
,id,0,70,b905,,,,,,30.0,30.0,0.0,0.0,0.0,0.0,0.0,1.0,1.0,0.0
,id,0,70,b905,,,,,,30.0,210.0,0.0,0.0,0.0,0.0,0.0,1.0,1.0,0.0
,id,0,70,b905,,,,,,60.0,90.0,0.0,0.0,0.0,0.0,0.0,1.0,1.0,0.0
,id,0,70,b905,,,,,,60.0,270.0,0.0,0.0,0.0,0.0,0.0,1.0,1.0,0.0
,id,0,70,b905,,,,,,90.0,150.0,180.0,180.0,0.0,0.0,0.0,0.0,0.0,0.0
,id,0,70,b905,,,,,,90.0,330.0,0.0,0.0,0.0,0.0,0.0,1.0,1.0,0.0
,id,0,70,b905,,,,,,120.0,30.0,25.905075073242188,0.0,-25.905075073242188,0.0,-30.0,0.0,1.0,1.0
,id,0,70,b905,,,,,,120.0,210.0,0.0,0.0,0.0,0.0,0.0,1.0,1.0,0.0
,id,0,70,b905,,,,,,150.0,90.0,0.0,0.0,0.0,0.0,0.0,1.0,1.0,0.0
,id,0,70,b905,,,,,,150.0,270.0,0.0,0.0,0.0,0.0,0.0,1.0,1.0,0.0
,id,0,70,b943,,,,,,30.0,60.0,0.0,0.0,0.0,0.0,0.0,1.0,1.0,0.0
,id,0,70,b943,,,,,,30.0,240.0,0.0,0.0,0.0,0.0,0.0,1.0,1.0,0.0
,id,0,70,b943,,,,,,60.0,120.0,0.0,0.0,0.0,0.0,0.0,1.0,1.0,0.0
,id,0,70,b943,,,,,,60.0,300.0,0.0,0.0,0.0,0.0,0.0,1.0,1.0,0.0
,id,0,70,b943,,,,,,90.0,0.0,180.0,180.0,0.0,0.0,0.0,0.0,0.0,0.0
,id,0,70,b943,,,,,,90.0,180.0,0.0,0.0,0.0,0.0,0.0,1.0,1.0,0.0
,id,0,70,b943,,,,,,120.0,60.0,0.0,0.0,0.0,0.0,0.0,1.0,1.0,0.0
,id,0,70,b943,,,,,,120.0,240.0,0.0,0.0,0.0,0.0,0.0,1.0,1.0,0.0
,id,0,70,b943,,,,,,150.0,120.0,0.0,0.0,0.0,0.0,0.0,1.0,1.0,0.0
,id,0,70,b943,,,,,,150.0,300.0,0.0,0.0,0.0,0.0,0.0,1.0,1.0,0.0
,id,0,70,b974,,,,,,30.0,90.0,0.0,0.0,0.0,0.0,0.0,1.0,1.0,0.0
,id,0,70,b974,,,,,,30.0,270.0,0.0,0.0,0.0,0.0,0.0,1.0,1.0,0.0
,id,0,70,b974,,,,,,60.0,150.0,25.905075073242188,0.0,-25.905075073242188,0.0,-30.0,0.0,1.0,1.0
,id,0,70,b974,,,,,,60.0,330.0,0.0,0.0,0.0,0.0,0.0,1.0,1.0,0.0
,id,0,70,b974,,,,,,90.0,30.0,0.0,180.0,180.0,0.0,180.0,1.0,0.0,-1.0
,id,0,70,b974,,,,,,90.0,210.0,180.0,0.0,-180.0,0.0,-180.0,0.0,1.0,1.0
,id,0,70,b974,,,,,,120.0,90.0,0.0,0.0,0.0,0.0,0.0,1.0,1.0,0.0
,id,0,70,b974,,,,,,120.0,270.0,0.0,0.0,0.0,0.0,0.0,1.0,1.0,0.0
,id,0,70,b974,,,,,,150.0,150.0,0.0,0.0,0.0,0.0,0.0,1.0,1.0,0.0
,id,0,70,b974,,,,,,150.0,330.0,0.0,0.0,0.0,0.0,0.0,1.0,1.0,0.0
,id,0,70,b979,,,,,,30.0,120.0,128.68218994140625,128.68218994140625,0.0,0.0,0.0,0.0,0.0,0.0
,id,0,70,b979,,,,,,30.0,300.0,151.04498291015625,151.04498291015625,0.0,0.0,0.0,0.0,0.0,0.0
,id,0,70,b979,,,,,,60.0,0.0,30.000001907348633,0.0,-30.000001907348633,-30.0,0.0,0.0,1.0,1.0
,id,0,70,b979,,,,,,60.0,180.0,30.000001907348633,90.0,59.99999809265137,0.0,180.0,0.0,0.0,0.0
,id,0,70,b979,,,,,,90.0,60.0,90.0,119.99999237060547,29.99999237060547,0.0,30.0,0.0,0.0,0.0
,id,0,70,b979,,,,,,90.0,240.0,90.0,60.000003814697266,-29.999996185302734,0.0,-30.0,0.0,0.0,0.0
,id,0,70,b979,,,,,,120.0,120.0,51.31781005859375,130.50535583496094,79.18754577636719,90.0,60.0,0.0,0.0,0.0
,id,0,70,b979,,,,,,120.0,300.0,29.99998664855957,29.99998664855957,0.0,0.0,0.0,0.0,0.0,0.0
,id,0,70,b979,,,,,,150.0,0.0,180.0,0.0,-180.0,-120.0,-180.0,0.0,1.0,1.0
,id,0,70,b979,,,,,,150.0,180.0,0.0,60.000003814697266,60.000003814697266,0.0,180.0,1.0,0.0,-1.0
,id,0,70,b97b,,,,,,30.0,150.0,0.0,128.68218994140625,128.68218994140625,120.0,60.0,1.0,0.0,-1.0
,id,0,70,b97b,,,,,,30.0,330.0,0.0,0.0,0.0,0.0,0.0,1.0,1.0,0.0
,id,0,70,b97b,,,,,,60.0,30.0,0.0,0.0,0.0,0.0,0.0,1.0,1.0,0.0
,id,0,70,b97b,,,,,,60.0,210.0,0.0,82.81924438476562,82.81924438476562,60.0,60.0,1.0,0.0,-1.0
,id,0,70,b97b,,,,,,90.0,90.0,0.0,180.0,180.0,0.0,180.0,1.0,0.0,-1.0
,id,0,70,b97b,,,,,,90.0,270.0,180.0,0.0,-180.0,0.0,-180.0,0.0,1.0,1.0
,id,0,70,b97b,,,,,,120.0,150.0,0.0,0.0,0.0,0.0,0.0,1.0,1.0,0.0
,id,0,70,b97b,,,,,,120.0,330.0,0.0,0.0,0.0,0.0,0.0,1.0,1.0,0.0
,id,0,70,b97b,,,,,,150.0,30.0,0.0,0.0,0.0,0.0,0.0,1.0,1.0,0.0
,id,0,70,b97b,,,,,,150.0,210.0,0.0,0.0,0.0,0.0,0.0,1.0,1.0,0.0
,id,0,70,b9e6,,,,,,30.0,0.0,0.0,0.0,0.0,0.0,0.0,1.0,1.0,0.0
,id,0,70,b9e6,,,,,,30.0,180.0,0.0,0.0,0.0,0.0,0.0,1.0,1.0,0.0
,id,0,70,b9e6,,,,,,60.0,60.0,0.0,0.0,0.0,0.0,0.0,1.0,1.0,0.0
,id,0,70,b9e6,,,,,,60.0,240.0,0.0,0.0,0.0,0.0,0.0,1.0,1.0,0.0
,id,0,70,b9e6,,,,,,90.0,120.0,120.00000762939453,180.0,59.99999237060547,0.0,60.0,0.0,0.0,0.0
,id,0,70,b9e6,,,,,,90.0,300.0,60.000003814697266,0.0,-60.000003814697266,0.0,-60.0,0.0,1.0,1.0
,id,0,70,b9e6,,,,,,120.0,0.0,0.0,29.99998664855957,29.99998664855957,30.0,0.0,1.0,0.0,-1.0
,id,0,70,b9e6,,,,,,120.0,180.0,0.0,0.0,0.0,0.0,0.0,1.0,1.0,0.0
,id,0,70,b9e6,,,,,,150.0,60.0,0.0,0.0,0.0,0.0,0.0,1.0,1.0,0.0
,id,0,70,b9e6,,,,,,150.0,240.0,0.0,0.0,0.0,0.0,0.0,1.0,1.0,0.0
,id,0,70,ba0f,,,,,,30.0,30.0,151.04498291015625,165.12905883789062,14.084075927734375,0.0,30.0,0.0,0.0,0.0
,id,0,70,ba0f,,,,,,30.0,210.0,151.04498291015625,151.04498291015625,0.0,0.0,0.0,0.0,0.0,0.0
,id,0,70,ba0f,,,,,,60.0,90.0,0.0,29.999998092651367,29.999998092651367,30.0,0.0,1.0,0.0,-1.0
,id,0,70,ba0f,,,,,,60.0,270.0,150.0,29.999998092651367,-120.00000190734863,0.0,-180.0,0.0,0.0,0.0
,id,0,70,ba0f,,,,,,90.0,150.0,180.0,30.000001907348633,-149.99999809265137,0.0,-150.0,0.0,0.0,0.0
,id,0,70,ba0f,,,,,,90.0,330.0,150.0,150.0,0.0,0.0,0.0,0.0,0.0,0.0
,id,0,70,ba0f,,,,,,120.0,30.0,0.0,25.905075073242188,25.905075073242188,0.0,30.0,1.0,0.0,-1.0
,id,0,70,ba0f,,,,,,120.0,210.0,120.00000762939453,82.81924438476562,-37.180763244628906,60.0,-120.0,0.0,0.0,0.0
,id,0,70,ba0f,,,,,,150.0,90.0,0.0,120.00000762939453,120.00000762939453,120.0,0.0,1.0,0.0,-1.0
,id,0,70,ba0f,,,,,,150.0,270.0,180.0,120.00000762939453,-59.99999237060547,0.0,-180.0,0.0,0.0,0.0
,id,0,70,baa9,,,,,,30.0,60.0,0.0,0.0,0.0,0.0,0.0,1.0,1.0,0.0
,id,0,70,baa9,,,,,,30.0,240.0,0.0,0.0,0.0,0.0,0.0,1.0,1.0,0.0
,id,0,70,baa9,,,,,,60.0,120.0,0.0,0.0,0.0,0.0,0.0,1.0,1.0,0.0
,id,0,70,baa9,,,,,,60.0,300.0,0.0,0.0,0.0,0.0,0.0,1.0,1.0,0.0
,id,0,70,baa9,,,,,,90.0,0.0,0.0,0.0,0.0,0.0,0.0,1.0,1.0,0.0
,id,0,70,baa9,,,,,,90.0,180.0,0.0,180.0,180.0,0.0,180.0,1.0,0.0,-1.0
,id,0,70,baa9,,,,,,120.0,60.0,0.0,0.0,0.0,0.0,0.0,1.0,1.0,0.0
,id,0,70,baa9,,,,,,120.0,240.0,0.0,0.0,0.0,0.0,0.0,1.0,1.0,0.0
,id,0,70,baa9,,,,,,150.0,120.0,0.0,0.0,0.0,0.0,0.0,1.0,1.0,0.0
,id,0,70,baa9,,,,,,150.0,300.0,0.0,0.0,0.0,0.0,0.0,1.0,1.0,0.0
,id,0,70,bb26,,,,,,30.0,90.0,180.0,180.0,0.0,0.0,0.0,0.0,0.0,0.0
,id,0,70,bb26,,,,,,30.0,270.0,0.0,180.0,180.0,120.0,180.0,1.0,0.0,-1.0
,id,0,70,bb26,,,,,,60.0,150.0,82.81924438476562,180.0,97.18075561523438,0.0,120.0,0.0,0.0,0.0
,id,0,70,bb26,,,,,,60.0,330.0,51.31782150268555,82.81924438476562,31.501422882080078,60.0,0.0,0.0,0.0,0.0
,id,0,70,bb26,,,,,,90.0,30.0,120.00000762939453,60.00000762939453,-60.0,0.0,-60.0,0.0,0.0,0.0
,id,0,70,bb26,,,,,,90.0,210.0,60.000003814697266,120.00000762939453,60.000003814697266,0.0,60.0,0.0,0.0,0.0
,id,0,70,bb26,,,,,,120.0,90.0,180.0,180.0,0.0,0.0,0.0,0.0,0.0,0.0
,id,0,70,bb26,,,,,,120.0,270.0,60.000003814697266,0.0,-60.000003814697266,-60.0,0.0,0.0,1.0,1.0
,id,0,70,bb26,,,,,,150.0,150.0,60.000003814697266,14.870942115783691,-45.129061698913574,0.0,-150.0,0.0,0.0,0.0
,id,0,70,bb26,,,,,,150.0,330.0,128.68218994140625,0.0,-128.68218994140625,-120.0,-60.0,0.0,1.0,1.0
,id,0,70,bb7c,,,,,,30.0,120.0,0.0,0.0,0.0,0.0,0.0,1.0,1.0,0.0
,id,0,70,bb7c,,,,,,30.0,300.0,0.0,0.0,0.0,0.0,0.0,1.0,1.0,0.0
,id,0,70,bb7c,,,,,,60.0,0.0,0.0,0.0,0.0,0.0,0.0,1.0,1.0,0.0
,id,0,70,bb7c,,,,,,60.0,180.0,0.0,0.0,0.0,0.0,0.0,1.0,1.0,0.0
,id,0,70,bb7c,,,,,,90.0,60.0,30.000001907348633,0.0,-30.000001907348633,0.0,-30.0,0.0,1.0,1.0
,id,0,70,bb7c,,,,,,90.0,240.0,120.00000762939453,180.0,59.99999237060547,0.0,60.0,0.0,0.0,0.0
,id,0,70,bb7c,,,,,,120.0,120.0,0.0,0.0,0.0,0.0,0.0,1.0,1.0,0.0
,id,0,70,bb7c,,,,,,120.0,300.0,0.0,0.0,0.0,0.0,0.0,1.0,1.0,0.0
,id,0,70,bb7c,,,,,,150.0,0.0,0.0,29.99998664855957,29.99998664855957,30.0,0.0,1.0,0.0,-1.0
,id,0,70,bb7c,,,,,,150.0,180.0,0.0,90.0,90.0,30.0,180.0,1.0,0.0,-1.0
,id,0,70,bb7d,,,,,,30.0,150.0,128.68218994140625,151.04498291015625,22.36279296875,0.0,60.0,0.0,0.0,0.0
,id,0,70,bb7d,,,,,,30.0,330.0,151.04498291015625,151.04498291015625,0.0,0.0,0.0,0.0,0.0,0.0
,id,0,70,bb7d,,,,,,60.0,30.0,82.81924438476562,0.0,-82.81924438476562,-60.0,-60.0,0.0,1.0,1.0
,id,0,70,bb7d,,,,,,60.0,210.0,128.6822052001953,82.81924438476562,-45.86296081542969,0.0,-60.0,0.0,0.0,0.0
,id,0,70,bb7d,,,,,,90.0,90.0,0.0,0.0,0.0,0.0,0.0,1.0,1.0,0.0
,id,0,70,bb7d,,,,,,90.0,270.0,180.0,180.0,0.0,0.0,0.0,0.0,0.0,0.0
,id,0,70,bb7d,,,,,,120.0,150.0,120.00000762939453,0.0,-120.00000762939453,0.0,-180.0,0.0,1.0,1.0
,id,0,70,bb7d,,,,,,120.0,330.0,0.0,120.00000762939453,120.00000762939453,0.0,180.0,1.0,0.0,-1.0
,id,0,70,bb7d,,,,,,150.0,30.0,0.0,0.0,0.0,0.0,0.0,1.0,1.0,0.0
,id,0,70,bb7d,,,,,,150.0,210.0,60.000003814697266,165.12905883789062,105.12905502319336,120.0,-30.0,0.0,0.0,0.0
,id,0,70,bbc6,,,,,,30.0,0.0,0.0,0.0,0.0,0.0,0.0,1.0,1.0,0.0
,id,0,70,bbc6,,,,,,30.0,180.0,60.000003814697266,0.0,-60.000003814697266,0.0,-180.0,0.0,1.0,1.0
,id,0,70,bbc6,,,,,,60.0,60.0,60.000003814697266,0.0,-60.000003814697266,-60.0,0.0,0.0,1.0,1.0
,id,0,70,bbc6,,,,,,60.0,240.0,51.31781005859375,0.0,-51.31781005859375,0.0,-60.0,0.0,1.0,1.0
,id,0,70,bbc6,,,,,,90.0,120.0,120.00000762939453,180.0,59.99999237060547,0.0,60.0,0.0,0.0,0.0
,id,0,70,bbc6,,,,,,90.0,300.0,60.000003814697266,60.000003814697266,0.0,0.0,0.0,0.0,0.0,0.0
,id,0,70,bbc6,,,,,,120.0,0.0,29.99998664855957,0.0,-29.99998664855957,-30.0,0.0,0.0,1.0,1.0
,id,0,70,bbc6,,,,,,120.0,180.0,90.0,60.000003814697266,-29.999996185302734,-30.0,0.0,0.0,0.0,0.0
,id,0,70,bbc6,,,,,,150.0,60.0,0.0,0.0,0.0,0.0,0.0,1.0,1.0,0.0
,id,0,70,bbc6,,,,,,150.0,240.0,0.0,60.000003814697266,60.000003814697266,0.0,180.0,1.0,0.0,-1.0
,id,0,70,bc2c,,,,,,30.0,30.0,14.870942115783691,180.0,165.1290578842163,120.0,150.0,0.0,0.0,0.0
,id,0,70,bc2c,,,,,,30.0,210.0,57.7581901550293,60.000003814697266,2.2418136596679688,0.0,30.0,0.0,0.0,0.0
,id,0,70,bc2c,,,,,,60.0,90.0,120.00000762939453,120.00000762939453,0.0,0.0,0.0,0.0,0.0,0.0
,id,0,70,bc2c,,,,,,60.0,270.0,0.0,30.000001907348633,30.000001907348633,30.0,0.0,1.0,0.0,-1.0
,id,0,70,bc2c,,,,,,90.0,150.0,30.000001907348633,30.000001907348633,0.0,0.0,0.0,0.0,0.0,0.0
,id,0,70,bc2c,,,,,,90.0,330.0,60.00000762939453,30.00000762939453,-30.0,0.0,-30.0,0.0,0.0,0.0
,id,0,70,bc2c,,,,,,120.0,30.0,82.81924438476562,51.31781005859375,-31.501434326171875,-60.0,0.0,0.0,0.0,0.0
,id,0,70,bc2c,,,,,,120.0,210.0,120.00000762939453,82.81924438476562,-37.180763244628906,60.0,-120.0,0.0,0.0,0.0
,id,0,70,bc2c,,,,,,150.0,90.0,57.7581901550293,122.24180603027344,64.48361587524414,120.0,-120.0,0.0,0.0,0.0
,id,0,70,bc2c,,,,,,150.0,270.0,165.12905883789062,122.24180603027344,-42.88725280761719,0.0,-120.0,0.0,0.0,0.0
,id,0,71,b7c1,,,,,,30.0,0.0,0.0,30.000001907348633,30.000001907348633,30.0,0.0,1.0,0.0,-1.0
,id,0,71,b7c1,,,,,,30.0,180.0,0.0,60.000003814697266,60.000003814697266,0.0,180.0,1.0,0.0,-1.0
,id,0,71,b7c1,,,,,,60.0,60.0,0.0,0.0,0.0,0.0,0.0,1.0,1.0,0.0
,id,0,71,b7c1,,,,,,60.0,240.0,0.0,0.0,0.0,0.0,0.0,1.0,1.0,0.0
,id,0,71,b7c1,,,,,,90.0,120.0,120.00000762939453,120.00000762939453,0.0,0.0,0.0,0.0,0.0,0.0
,id,0,71,b7c1,,,,,,90.0,300.0,0.0,60.000003814697266,60.000003814697266,0.0,60.0,1.0,0.0,-1.0
,id,0,71,b7c1,,,,,,120.0,0.0,0.0,0.0,0.0,0.0,0.0,1.0,1.0,0.0
,id,0,71,b7c1,,,,,,120.0,180.0,0.0,0.0,0.0,0.0,0.0,1.0,1.0,0.0
,id,0,71,b7c1,,,,,,150.0,60.0,0.0,0.0,0.0,0.0,0.0,1.0,1.0,0.0
,id,0,71,b7c1,,,,,,150.0,240.0,0.0,60.000003814697266,60.000003814697266,0.0,180.0,1.0,0.0,-1.0
,id,0,71,b7fd,,,,,,30.0,30.0,57.7581901550293,0.0,-57.7581901550293,0.0,-150.0,0.0,1.0,1.0
,id,0,71,b7fd,,,,,,30.0,210.0,28.95502281188965,0.0,-28.95502281188965,0.0,-60.0,0.0,1.0,1.0
,id,0,71,b7fd,,,,,,60.0,90.0,0.0,25.905075073242188,25.905075073242188,0.0,30.0,1.0,0.0,-1.0
,id,0,71,b7fd,,,,,,60.0,270.0,0.0,113.54812622070312,113.54812622070312,0.0,150.0,1.0,0.0,-1.0
,id,0,71,b7fd,,,,,,90.0,150.0,180.0,30.000001907348633,-149.99999809265137,0.0,-150.0,0.0,0.0,0.0
,id,0,71,b7fd,,,,,,90.0,330.0,0.0,30.00000762939453,30.00000762939453,0.0,30.0,1.0,0.0,-1.0
,id,0,71,b7fd,,,,,,120.0,30.0,82.81924438476562,82.81924438476562,0.0,0.0,0.0,0.0,0.0,0.0
,id,0,71,b7fd,,,,,,120.0,210.0,128.6822052001953,180.0,51.31779479980469,0.0,60.0,0.0,0.0,0.0
,id,0,71,b7fd,,,,,,150.0,90.0,0.0,120.00000762939453,120.00000762939453,120.0,0.0,1.0,0.0,-1.0
,id,0,71,b7fd,,,,,,150.0,270.0,0.0,0.0,0.0,0.0,0.0,1.0,1.0,0.0
,id,0,71,b80b,,,,,,30.0,60.0,0.0,0.0,0.0,0.0,0.0,1.0,1.0,0.0
,id,0,71,b80b,,,,,,30.0,240.0,0.0,0.0,0.0,0.0,0.0,1.0,1.0,0.0
,id,0,71,b80b,,,,,,60.0,120.0,0.0,0.0,0.0,0.0,0.0,1.0,1.0,0.0
,id,0,71,b80b,,,,,,60.0,300.0,128.68218994140625,0.0,-128.68218994140625,-60.0,-120.0,0.0,1.0,1.0
,id,0,71,b80b,,,,,,90.0,0.0,180.0,0.0,-180.0,0.0,-180.0,0.0,1.0,1.0
,id,0,71,b80b,,,,,,90.0,180.0,0.0,0.0,0.0,0.0,0.0,1.0,1.0,0.0
,id,0,71,b80b,,,,,,120.0,60.0,0.0,0.0,0.0,0.0,0.0,1.0,1.0,0.0
,id,0,71,b80b,,,,,,120.0,240.0,0.0,0.0,0.0,0.0,0.0,1.0,1.0,0.0
,id,0,71,b80b,,,,,,150.0,120.0,0.0,0.0,0.0,0.0,0.0,1.0,1.0,0.0
,id,0,71,b80b,,,,,,150.0,300.0,0.0,0.0,0.0,0.0,0.0,1.0,1.0,0.0
,id,0,71,b812,,,,,,30.0,90.0,0.0,0.0,0.0,0.0,0.0,1.0,1.0,0.0
,id,0,71,b812,,,,,,30.0,270.0,0.0,0.0,0.0,0.0,0.0,1.0,1.0,0.0
,id,0,71,b812,,,,,,60.0,150.0,0.0,0.0,0.0,0.0,0.0,1.0,1.0,0.0
,id,0,71,b812,,,,,,60.0,330.0,0.0,0.0,0.0,0.0,0.0,1.0,1.0,0.0
,id,0,71,b812,,,,,,90.0,30.0,180.0,180.0,0.0,0.0,0.0,0.0,0.0,0.0
,id,0,71,b812,,,,,,90.0,210.0,0.0,0.0,0.0,0.0,0.0,1.0,1.0,0.0
,id,0,71,b812,,,,,,120.0,90.0,0.0,0.0,0.0,0.0,0.0,1.0,1.0,0.0
,id,0,71,b812,,,,,,120.0,270.0,0.0,0.0,0.0,0.0,0.0,1.0,1.0,0.0
,id,0,71,b812,,,,,,150.0,150.0,0.0,0.0,0.0,0.0,0.0,1.0,1.0,0.0
,id,0,71,b812,,,,,,150.0,330.0,0.0,0.0,0.0,0.0,0.0,1.0,1.0,0.0
,id,0,71,b827,,,,,,30.0,120.0,57.7581901550293,0.0,-57.7581901550293,0.0,-150.0,0.0,1.0,1.0
,id,0,71,b827,,,,,,30.0,300.0,0.0,0.0,0.0,0.0,0.0,1.0,1.0,0.0
,id,0,71,b827,,,,,,60.0,0.0,0.0,30.000001907348633,30.000001907348633,30.0,0.0,1.0,0.0,-1.0
,id,0,71,b827,,,,,,60.0,180.0,0.0,0.0,0.0,0.0,0.0,1.0,1.0,0.0
,id,0,71,b827,,,,,,90.0,60.0,119.99999237060547,180.0,60.00000762939453,0.0,60.0,0.0,0.0,0.0
,id,0,71,b827,,,,,,90.0,240.0,60.000003814697266,0.0,-60.000003814697266,0.0,-60.0,0.0,1.0,1.0
,id,0,71,b827,,,,,,120.0,120.0,0.0,0.0,0.0,0.0,0.0,1.0,1.0,0.0
,id,0,71,b827,,,,,,120.0,300.0,0.0,0.0,0.0,0.0,0.0,1.0,1.0,0.0
,id,0,71,b827,,,,,,150.0,0.0,0.0,0.0,0.0,0.0,0.0,1.0,1.0,0.0
,id,0,71,b827,,,,,,150.0,180.0,0.0,0.0,0.0,0.0,0.0,1.0,1.0,0.0
,id,0,71,b871,,,,,,30.0,150.0,0.0,0.0,0.0,0.0,0.0,1.0,1.0,0.0
,id,0,71,b871,,,,,,30.0,330.0,0.0,0.0,0.0,0.0,0.0,1.0,1.0,0.0
,id,0,71,b871,,,,,,60.0,30.0,0.0,0.0,0.0,0.0,0.0,1.0,1.0,0.0
,id,0,71,b871,,,,,,60.0,210.0,0.0,0.0,0.0,0.0,0.0,1.0,1.0,0.0
,id,0,71,b871,,,,,,90.0,90.0,0.0,180.0,180.0,0.0,180.0,1.0,0.0,-1.0
,id,0,71,b871,,,,,,90.0,270.0,180.0,0.0,-180.0,0.0,-180.0,0.0,1.0,1.0
,id,0,71,b871,,,,,,120.0,150.0,0.0,0.0,0.0,0.0,0.0,1.0,1.0,0.0
,id,0,71,b871,,,,,,120.0,330.0,0.0,0.0,0.0,0.0,0.0,1.0,1.0,0.0
,id,0,71,b871,,,,,,150.0,30.0,0.0,60.000003814697266,60.000003814697266,0.0,180.0,1.0,0.0,-1.0
,id,0,71,b871,,,,,,150.0,210.0,0.0,0.0,0.0,0.0,0.0,1.0,1.0,0.0
,id,0,71,b8ed,,,,,,30.0,0.0,0.0,30.000001907348633,30.000001907348633,30.0,0.0,1.0,0.0,-1.0
,id,0,71,b8ed,,,,,,30.0,180.0,0.0,60.000003814697266,60.000003814697266,0.0,180.0,1.0,0.0,-1.0
,id,0,71,b8ed,,,,,,60.0,60.0,0.0,0.0,0.0,0.0,0.0,1.0,1.0,0.0
,id,0,71,b8ed,,,,,,60.0,240.0,0.0,0.0,0.0,0.0,0.0,1.0,1.0,0.0
,id,0,71,b8ed,,,,,,90.0,120.0,120.00000762939453,120.00000762939453,0.0,0.0,0.0,0.0,0.0,0.0
,id,0,71,b8ed,,,,,,90.0,300.0,60.000003814697266,60.000003814697266,0.0,0.0,0.0,0.0,0.0,0.0
,id,0,71,b8ed,,,,,,120.0,0.0,0.0,0.0,0.0,0.0,0.0,1.0,1.0,0.0
,id,0,71,b8ed,,,,,,120.0,180.0,0.0,0.0,0.0,0.0,0.0,1.0,1.0,0.0
,id,0,71,b8ed,,,,,,150.0,60.0,0.0,0.0,0.0,0.0,0.0,1.0,1.0,0.0
,id,0,71,b8ed,,,,,,150.0,240.0,60.000003814697266,0.0,-60.000003814697266,0.0,-180.0,0.0,1.0,1.0
,id,0,71,b905,,,,,,30.0,30.0,0.0,0.0,0.0,0.0,0.0,1.0,1.0,0.0
,id,0,71,b905,,,,,,30.0,210.0,0.0,0.0,0.0,0.0,0.0,1.0,1.0,0.0
,id,0,71,b905,,,,,,60.0,90.0,0.0,0.0,0.0,0.0,0.0,1.0,1.0,0.0
,id,0,71,b905,,,,,,60.0,270.0,0.0,0.0,0.0,0.0,0.0,1.0,1.0,0.0
,id,0,71,b905,,,,,,90.0,150.0,180.0,0.0,-180.0,0.0,-180.0,0.0,1.0,1.0
,id,0,71,b905,,,,,,90.0,330.0,0.0,0.0,0.0,0.0,0.0,1.0,1.0,0.0
,id,0,71,b905,,,,,,120.0,30.0,82.81924438476562,82.81924438476562,0.0,0.0,0.0,0.0,0.0,0.0
,id,0,71,b905,,,,,,120.0,210.0,0.0,0.0,0.0,0.0,0.0,1.0,1.0,0.0
,id,0,71,b905,,,,,,150.0,90.0,0.0,0.0,0.0,0.0,0.0,1.0,1.0,0.0
,id,0,71,b905,,,,,,150.0,270.0,0.0,0.0,0.0,0.0,0.0,1.0,1.0,0.0
,id,0,71,b943,,,,,,30.0,60.0,0.0,0.0,0.0,0.0,0.0,1.0,1.0,0.0
,id,0,71,b943,,,,,,30.0,240.0,0.0,0.0,0.0,0.0,0.0,1.0,1.0,0.0
,id,0,71,b943,,,,,,60.0,120.0,0.0,0.0,0.0,0.0,0.0,1.0,1.0,0.0
,id,0,71,b943,,,,,,60.0,300.0,0.0,0.0,0.0,0.0,0.0,1.0,1.0,0.0
,id,0,71,b943,,,,,,90.0,0.0,180.0,180.0,0.0,0.0,0.0,0.0,0.0,0.0
,id,0,71,b943,,,,,,90.0,180.0,0.0,0.0,0.0,0.0,0.0,1.0,1.0,0.0
,id,0,71,b943,,,,,,120.0,60.0,0.0,0.0,0.0,0.0,0.0,1.0,1.0,0.0
,id,0,71,b943,,,,,,120.0,240.0,0.0,0.0,0.0,0.0,0.0,1.0,1.0,0.0
,id,0,71,b943,,,,,,150.0,120.0,0.0,0.0,0.0,0.0,0.0,1.0,1.0,0.0
,id,0,71,b943,,,,,,150.0,300.0,0.0,0.0,0.0,0.0,0.0,1.0,1.0,0.0
,id,0,71,b974,,,,,,30.0,90.0,0.0,0.0,0.0,0.0,0.0,1.0,1.0,0.0
,id,0,71,b974,,,,,,30.0,270.0,0.0,0.0,0.0,0.0,0.0,1.0,1.0,0.0
,id,0,71,b974,,,,,,60.0,150.0,0.0,0.0,0.0,0.0,0.0,1.0,1.0,0.0
,id,0,71,b974,,,,,,60.0,330.0,0.0,0.0,0.0,0.0,0.0,1.0,1.0,0.0
,id,0,71,b974,,,,,,90.0,30.0,180.0,0.0,-180.0,0.0,-180.0,0.0,1.0,1.0
,id,0,71,b974,,,,,,90.0,210.0,0.0,0.0,0.0,0.0,0.0,1.0,1.0,0.0
,id,0,71,b974,,,,,,120.0,90.0,0.0,0.0,0.0,0.0,0.0,1.0,1.0,0.0
,id,0,71,b974,,,,,,120.0,270.0,0.0,0.0,0.0,0.0,0.0,1.0,1.0,0.0
,id,0,71,b974,,,,,,150.0,150.0,0.0,0.0,0.0,0.0,0.0,1.0,1.0,0.0
,id,0,71,b974,,,,,,150.0,330.0,0.0,0.0,0.0,0.0,0.0,1.0,1.0,0.0
,id,0,71,b979,,,,,,30.0,120.0,28.95502281188965,90.0,61.04497718811035,30.0,120.0,0.0,0.0,0.0
,id,0,71,b979,,,,,,30.0,300.0,14.870942115783691,30.000001907348633,15.129059791564941,30.0,-30.0,0.0,0.0,0.0
,id,0,71,b979,,,,,,60.0,0.0,30.000001907348633,0.0,-30.000001907348633,-30.0,0.0,0.0,1.0,1.0
,id,0,71,b979,,,,,,60.0,180.0,90.0,90.0,0.0,0.0,0.0,0.0,0.0,0.0
,id,0,71,b979,,,,,,90.0,60.0,60.000003814697266,119.99999237060547,59.9999885559082,0.0,60.0,0.0,0.0,0.0
,id,0,71,b979,,,,,,90.0,240.0,120.00000762939453,60.000003814697266,-60.000003814697266,0.0,-60.0,0.0,0.0,0.0
,id,0,71,b979,,,,,,120.0,120.0,82.81924438476562,82.81924438476562,0.0,0.0,0.0,0.0,0.0,0.0
,id,0,71,b979,,,,,,120.0,300.0,130.50535583496094,90.0,-40.50535583496094,-60.0,60.0,0.0,0.0,0.0
,id,0,71,b979,,,,,,150.0,0.0,180.0,90.0,-90.0,-90.0,0.0,0.0,0.0,0.0
,id,0,71,b979,,,,,,150.0,180.0,0.0,14.870942115783691,14.870942115783691,0.0,30.0,1.0,0.0,-1.0
,id,0,71,b97b,,,,,,30.0,150.0,165.12905883789062,128.68218994140625,-36.446868896484375,0.0,-90.0,0.0,0.0,0.0
,id,0,71,b97b,,,,,,30.0,330.0,0.0,0.0,0.0,0.0,0.0,1.0,1.0,0.0
,id,0,71,b97b,,,,,,60.0,30.0,0.0,0.0,0.0,0.0,0.0,1.0,1.0,0.0
,id,0,71,b97b,,,,,,60.0,210.0,0.0,0.0,0.0,0.0,0.0,1.0,1.0,0.0
,id,0,71,b97b,,,,,,90.0,90.0,0.0,180.0,180.0,0.0,180.0,1.0,0.0,-1.0
,id,0,71,b97b,,,,,,90.0,270.0,180.0,0.0,-180.0,0.0,-180.0,0.0,1.0,1.0
,id,0,71,b97b,,,,,,120.0,150.0,0.0,25.905075073242188,25.905075073242188,0.0,30.0,1.0,0.0,-1.0
,id,0,71,b97b,,,,,,120.0,330.0,0.0,0.0,0.0,0.0,0.0,1.0,1.0,0.0
,id,0,71,b97b,,,,,,150.0,30.0,0.0,0.0,0.0,0.0,0.0,1.0,1.0,0.0
,id,0,71,b97b,,,,,,150.0,210.0,0.0,0.0,0.0,0.0,0.0,1.0,1.0,0.0
,id,0,71,b9e6,,,,,,30.0,0.0,0.0,0.0,0.0,0.0,0.0,1.0,1.0,0.0
,id,0,71,b9e6,,,,,,30.0,180.0,0.0,0.0,0.0,0.0,0.0,1.0,1.0,0.0
,id,0,71,b9e6,,,,,,60.0,60.0,0.0,0.0,0.0,0.0,0.0,1.0,1.0,0.0
,id,0,71,b9e6,,,,,,60.0,240.0,0.0,0.0,0.0,0.0,0.0,1.0,1.0,0.0
,id,0,71,b9e6,,,,,,90.0,120.0,120.00000762939453,0.0,-120.00000762939453,0.0,-120.0,0.0,1.0,1.0
,id,0,71,b9e6,,,,,,90.0,300.0,60.000003814697266,0.0,-60.000003814697266,0.0,-60.0,0.0,1.0,1.0
,id,0,71,b9e6,,,,,,120.0,0.0,0.0,0.0,0.0,0.0,0.0,1.0,1.0,0.0
,id,0,71,b9e6,,,,,,120.0,180.0,0.0,0.0,0.0,0.0,0.0,1.0,1.0,0.0
,id,0,71,b9e6,,,,,,150.0,60.0,0.0,0.0,0.0,0.0,0.0,1.0,1.0,0.0
,id,0,71,b9e6,,,,,,150.0,240.0,0.0,0.0,0.0,0.0,0.0,1.0,1.0,0.0
,id,0,71,ba0f,,,,,,30.0,30.0,0.0,0.0,0.0,0.0,0.0,1.0,1.0,0.0
,id,0,71,ba0f,,,,,,30.0,210.0,151.04498291015625,151.04498291015625,0.0,0.0,0.0,0.0,0.0,0.0
,id,0,71,ba0f,,,,,,60.0,90.0,0.0,0.0,0.0,0.0,0.0,1.0,1.0,0.0
,id,0,71,ba0f,,,,,,60.0,270.0,138.59039306640625,60.000003814697266,-78.59038925170898,30.0,-150.0,0.0,0.0,0.0
,id,0,71,ba0f,,,,,,90.0,150.0,0.0,30.000001907348633,30.000001907348633,0.0,30.0,1.0,0.0,-1.0
,id,0,71,ba0f,,,,,,90.0,330.0,180.0,150.0,-30.0,0.0,-30.0,0.0,0.0,0.0
,id,0,71,ba0f,,,,,,120.0,30.0,82.81924438476562,60.000003814697266,-22.81924057006836,0.0,-60.0,0.0,0.0,0.0
,id,0,71,ba0f,,,,,,120.0,210.0,60.000003814697266,180.0,119.99999618530273,0.0,180.0,0.0,0.0,0.0
,id,0,71,ba0f,,,,,,150.0,90.0,0.0,120.00000762939453,120.00000762939453,120.0,0.0,1.0,0.0,-1.0
,id,0,71,ba0f,,,,,,150.0,270.0,120.00000762939453,122.24180603027344,2.2417984008789062,0.0,30.0,0.0,0.0,0.0
,id,0,71,baa9,,,,,,30.0,60.0,0.0,0.0,0.0,0.0,0.0,1.0,1.0,0.0
,id,0,71,baa9,,,,,,30.0,240.0,0.0,0.0,0.0,0.0,0.0,1.0,1.0,0.0
,id,0,71,baa9,,,,,,60.0,120.0,0.0,0.0,0.0,0.0,0.0,1.0,1.0,0.0
,id,0,71,baa9,,,,,,60.0,300.0,128.68218994140625,0.0,-128.68218994140625,-60.0,-120.0,0.0,1.0,1.0
,id,0,71,baa9,,,,,,90.0,0.0,180.0,0.0,-180.0,0.0,-180.0,0.0,1.0,1.0
,id,0,71,baa9,,,,,,90.0,180.0,180.0,0.0,-180.0,0.0,-180.0,0.0,1.0,1.0
,id,0,71,baa9,,,,,,120.0,60.0,0.0,0.0,0.0,0.0,0.0,1.0,1.0,0.0
,id,0,71,baa9,,,,,,120.0,240.0,0.0,0.0,0.0,0.0,0.0,1.0,1.0,0.0
,id,0,71,baa9,,,,,,150.0,120.0,0.0,0.0,0.0,0.0,0.0,1.0,1.0,0.0
,id,0,71,baa9,,,,,,150.0,300.0,0.0,0.0,0.0,0.0,0.0,1.0,1.0,0.0
,id,0,71,bb26,,,,,,30.0,90.0,180.0,180.0,0.0,0.0,0.0,0.0,0.0,0.0
,id,0,71,bb26,,,,,,30.0,270.0,0.0,122.24180603027344,122.24180603027344,120.0,30.0,1.0,0.0,-1.0
,id,0,71,bb26,,,,,,60.0,150.0,82.81924438476562,60.000003814697266,-22.81924057006836,0.0,-60.0,0.0,0.0,0.0
,id,0,71,bb26,,,,,,60.0,330.0,82.81924438476562,180.0,97.18075561523438,0.0,120.0,0.0,0.0,0.0
,id,0,71,bb26,,,,,,90.0,30.0,120.00000762939453,30.000001907348633,-90.0000057220459,0.0,-90.0,0.0,0.0,0.0
,id,0,71,bb26,,,,,,90.0,210.0,60.000003814697266,150.0,89.99999618530273,0.0,90.0,0.0,0.0,0.0
,id,0,71,bb26,,,,,,120.0,90.0,180.0,180.0,0.0,0.0,0.0,0.0,0.0,0.0
,id,0,71,bb26,,,,,,120.0,270.0,0.0,36.09777069091797,36.09777069091797,30.0,30.0,1.0,0.0,-1.0
,id,0,71,bb26,,,,,,150.0,150.0,151.04498291015625,128.68218994140625,-22.36279296875,0.0,-60.0,0.0,0.0,0.0
,id,0,71,bb26,,,,,,150.0,330.0,128.68218994140625,128.68218994140625,0.0,0.0,0.0,0.0,0.0,0.0
,id,0,71,bb7c,,,,,,30.0,120.0,0.0,0.0,0.0,0.0,0.0,1.0,1.0,0.0
,id,0,71,bb7c,,,,,,30.0,300.0,0.0,0.0,0.0,0.0,0.0,1.0,1.0,0.0
,id,0,71,bb7c,,,,,,60.0,0.0,0.0,0.0,0.0,0.0,0.0,1.0,1.0,0.0
,id,0,71,bb7c,,,,,,60.0,180.0,120.00000762939453,0.0,-120.00000762939453,0.0,-180.0,0.0,1.0,1.0
,id,0,71,bb7c,,,,,,90.0,60.0,60.000003814697266,60.000003814697266,0.0,0.0,0.0,0.0,0.0,0.0
,id,0,71,bb7c,,,,,,90.0,240.0,60.000003814697266,120.00000762939453,60.000003814697266,0.0,60.0,0.0,0.0,0.0
,id,0,71,bb7c,,,,,,120.0,120.0,0.0,0.0,0.0,0.0,0.0,1.0,1.0,0.0
,id,0,71,bb7c,,,,,,120.0,300.0,0.0,0.0,0.0,0.0,0.0,1.0,1.0,0.0
,id,0,71,bb7c,,,,,,150.0,0.0,0.0,29.99998664855957,29.99998664855957,30.0,0.0,1.0,0.0,-1.0
,id,0,71,bb7c,,,,,,150.0,180.0,0.0,90.0,90.0,30.0,180.0,1.0,0.0,-1.0
,id,0,71,bb7d,,,,,,30.0,150.0,128.68218994140625,128.68218994140625,0.0,0.0,0.0,0.0,0.0,0.0
,id,0,71,bb7d,,,,,,30.0,330.0,128.68218994140625,151.04498291015625,22.36279296875,0.0,60.0,0.0,0.0,0.0
,id,0,71,bb7d,,,,,,60.0,30.0,82.81924438476562,82.81924438476562,0.0,0.0,0.0,0.0,0.0,0.0
,id,0,71,bb7d,,,,,,60.0,210.0,128.6822052001953,120.00000762939453,-8.682197570800781,-60.0,60.0,0.0,0.0,0.0
,id,0,71,bb7d,,,,,,90.0,90.0,0.0,180.0,180.0,0.0,180.0,1.0,0.0,-1.0
,id,0,71,bb7d,,,,,,90.0,270.0,180.0,0.0,-180.0,0.0,-180.0,0.0,1.0,1.0
,id,0,71,bb7d,,,,,,120.0,150.0,120.00000762939453,128.6822052001953,8.682197570800781,60.0,-60.0,0.0,0.0,0.0
,id,0,71,bb7d,,,,,,120.0,330.0,0.0,51.31781005859375,51.31781005859375,0.0,60.0,1.0,0.0,-1.0
,id,0,71,bb7d,,,,,,150.0,30.0,0.0,60.000003814697266,60.000003814697266,0.0,180.0,1.0,0.0,-1.0
,id,0,71,bb7d,,,,,,150.0,210.0,151.04498291015625,122.24180603027344,-28.803176879882812,0.0,-90.0,0.0,0.0,0.0
,id,0,71,bbc6,,,,,,30.0,0.0,0.0,0.0,0.0,0.0,0.0,1.0,1.0,0.0
,id,0,71,bbc6,,,,,,30.0,180.0,0.0,0.0,0.0,0.0,0.0,1.0,1.0,0.0
,id,0,71,bbc6,,,,,,60.0,60.0,60.000003814697266,0.0,-60.000003814697266,-60.0,0.0,0.0,1.0,1.0
,id,0,71,bbc6,,,,,,60.0,240.0,0.0,30.000001907348633,30.000001907348633,30.0,0.0,1.0,0.0,-1.0
,id,0,71,bbc6,,,,,,90.0,120.0,180.0,120.00000762939453,-59.99999237060547,0.0,-60.0,0.0,0.0,0.0
,id,0,71,bbc6,,,,,,90.0,300.0,180.0,60.000003814697266,-119.99999618530273,0.0,-120.0,0.0,0.0,0.0
,id,0,71,bbc6,,,,,,120.0,0.0,29.99998664855957,0.0,-29.99998664855957,-30.0,0.0,0.0,1.0,1.0
,id,0,71,bbc6,,,,,,120.0,180.0,29.99998664855957,0.0,-29.99998664855957,-30.0,0.0,0.0,1.0,1.0
,id,0,71,bbc6,,,,,,150.0,60.0,0.0,60.000003814697266,60.000003814697266,0.0,180.0,1.0,0.0,-1.0
,id,0,71,bbc6,,,,,,150.0,240.0,14.870942115783691,60.000003814697266,45.129061698913574,0.0,150.0,0.0,0.0,0.0
,id,0,71,bc2c,,,,,,30.0,30.0,14.870942115783691,41.40962219238281,26.53868007659912,0.0,60.0,0.0,0.0,0.0
,id,0,71,bc2c,,,,,,30.0,210.0,60.000003814697266,57.7581901550293,-2.2418136596679688,0.0,-30.0,0.0,0.0,0.0
,id,0,71,bc2c,,,,,,60.0,90.0,60.000003814697266,120.00000762939453,60.000003814697266,-60.0,180.0,0.0,0.0,0.0
,id,0,71,bc2c,,,,,,60.0,270.0,0.0,25.905075073242188,25.905075073242188,0.0,30.0,1.0,0.0,-1.0
,id,0,71,bc2c,,,,,,90.0,150.0,30.000001907348633,30.000001907348633,0.0,0.0,0.0,0.0,0.0,0.0
,id,0,71,bc2c,,,,,,90.0,330.0,60.00000762939453,30.00000762939453,-30.0,0.0,-30.0,0.0,0.0,0.0
,id,0,71,bc2c,,,,,,120.0,30.0,82.81924438476562,82.81924438476562,0.0,0.0,0.0,0.0,0.0,0.0
,id,0,71,bc2c,,,,,,120.0,210.0,60.000003814697266,128.6822052001953,68.68220138549805,0.0,120.0,0.0,0.0,0.0
,id,0,71,bc2c,,,,,,150.0,90.0,60.000003814697266,122.24180603027344,62.24180221557617,120.0,-150.0,0.0,0.0,0.0
,id,0,71,bc2c,,,,,,150.0,270.0,165.12905883789062,0.0,-165.12905883789062,-120.0,-150.0,0.0,1.0,1.0
,id,0,72,b7c1,,,,,,30.0,0.0,0.0,30.000001907348633,30.000001907348633,30.0,0.0,1.0,0.0,-1.0
,id,0,72,b7c1,,,,,,30.0,180.0,0.0,90.0,90.0,30.0,180.0,1.0,0.0,-1.0
,id,0,72,b7c1,,,,,,60.0,60.0,0.0,0.0,0.0,0.0,0.0,1.0,1.0,0.0
,id,0,72,b7c1,,,,,,60.0,240.0,0.0,0.0,0.0,0.0,0.0,1.0,1.0,0.0
,id,0,72,b7c1,,,,,,90.0,120.0,0.0,120.00000762939453,120.00000762939453,0.0,120.0,1.0,0.0,-1.0
,id,0,72,b7c1,,,,,,90.0,300.0,60.000003814697266,60.000003814697266,0.0,0.0,0.0,0.0,0.0,0.0
,id,0,72,b7c1,,,,,,120.0,0.0,0.0,0.0,0.0,0.0,0.0,1.0,1.0,0.0
,id,0,72,b7c1,,,,,,120.0,180.0,0.0,0.0,0.0,0.0,0.0,1.0,1.0,0.0
,id,0,72,b7c1,,,,,,150.0,60.0,0.0,0.0,0.0,0.0,0.0,1.0,1.0,0.0
,id,0,72,b7c1,,,,,,150.0,240.0,0.0,60.000003814697266,60.000003814697266,0.0,180.0,1.0,0.0,-1.0
,id,0,72,b7fd,,,,,,30.0,30.0,14.870942115783691,0.0,-14.870942115783691,0.0,-30.0,0.0,1.0,1.0
,id,0,72,b7fd,,,,,,30.0,210.0,122.24180603027344,0.0,-122.24180603027344,-120.0,-30.0,0.0,1.0,1.0
,id,0,72,b7fd,,,,,,60.0,90.0,0.0,0.0,0.0,0.0,0.0,1.0,1.0,0.0
,id,0,72,b7fd,,,,,,60.0,270.0,0.0,150.0,150.0,30.0,180.0,1.0,0.0,-1.0
,id,0,72,b7fd,,,,,,90.0,150.0,30.000001907348633,30.000001907348633,0.0,0.0,0.0,0.0,0.0,0.0
,id,0,72,b7fd,,,,,,90.0,330.0,60.00000762939453,60.00000762939453,0.0,0.0,0.0,0.0,0.0,0.0
,id,0,72,b7fd,,,,,,120.0,30.0,82.81924438476562,82.81924438476562,0.0,0.0,0.0,0.0,0.0,0.0
,id,0,72,b7fd,,,,,,120.0,210.0,51.31781005859375,128.6822052001953,77.36439514160156,60.0,60.0,0.0,0.0,0.0
,id,0,72,b7fd,,,,,,150.0,90.0,0.0,0.0,0.0,0.0,0.0,1.0,1.0,0.0
,id,0,72,b7fd,,,,,,150.0,270.0,0.0,0.0,0.0,0.0,0.0,1.0,1.0,0.0
,id,0,72,b80b,,,,,,30.0,60.0,0.0,0.0,0.0,0.0,0.0,1.0,1.0,0.0
,id,0,72,b80b,,,,,,30.0,240.0,0.0,0.0,0.0,0.0,0.0,1.0,1.0,0.0
,id,0,72,b80b,,,,,,60.0,120.0,0.0,0.0,0.0,0.0,0.0,1.0,1.0,0.0
,id,0,72,b80b,,,,,,60.0,300.0,0.0,0.0,0.0,0.0,0.0,1.0,1.0,0.0
,id,0,72,b80b,,,,,,90.0,0.0,180.0,0.0,-180.0,0.0,-180.0,0.0,1.0,1.0
,id,0,72,b80b,,,,,,90.0,180.0,0.0,0.0,0.0,0.0,0.0,1.0,1.0,0.0
,id,0,72,b80b,,,,,,120.0,60.0,0.0,0.0,0.0,0.0,0.0,1.0,1.0,0.0
,id,0,72,b80b,,,,,,120.0,240.0,0.0,0.0,0.0,0.0,0.0,1.0,1.0,0.0
,id,0,72,b80b,,,,,,150.0,120.0,0.0,0.0,0.0,0.0,0.0,1.0,1.0,0.0
,id,0,72,b80b,,,,,,150.0,300.0,0.0,0.0,0.0,0.0,0.0,1.0,1.0,0.0
,id,0,72,b812,,,,,,30.0,90.0,0.0,0.0,0.0,0.0,0.0,1.0,1.0,0.0
,id,0,72,b812,,,,,,30.0,270.0,0.0,0.0,0.0,0.0,0.0,1.0,1.0,0.0
,id,0,72,b812,,,,,,60.0,150.0,0.0,0.0,0.0,0.0,0.0,1.0,1.0,0.0
,id,0,72,b812,,,,,,60.0,330.0,0.0,0.0,0.0,0.0,0.0,1.0,1.0,0.0
,id,0,72,b812,,,,,,90.0,30.0,0.0,180.0,180.0,0.0,180.0,1.0,0.0,-1.0
,id,0,72,b812,,,,,,90.0,210.0,0.0,0.0,0.0,0.0,0.0,1.0,1.0,0.0
,id,0,72,b812,,,,,,120.0,90.0,0.0,0.0,0.0,0.0,0.0,1.0,1.0,0.0
,id,0,72,b812,,,,,,120.0,270.0,0.0,0.0,0.0,0.0,0.0,1.0,1.0,0.0
,id,0,72,b812,,,,,,150.0,150.0,0.0,0.0,0.0,0.0,0.0,1.0,1.0,0.0
,id,0,72,b812,,,,,,150.0,330.0,0.0,0.0,0.0,0.0,0.0,1.0,1.0,0.0
,id,0,72,b827,,,,,,30.0,120.0,0.0,0.0,0.0,0.0,0.0,1.0,1.0,0.0
,id,0,72,b827,,,,,,30.0,300.0,0.0,0.0,0.0,0.0,0.0,1.0,1.0,0.0
,id,0,72,b827,,,,,,60.0,0.0,0.0,30.000001907348633,30.000001907348633,30.0,0.0,1.0,0.0,-1.0
,id,0,72,b827,,,,,,60.0,180.0,0.0,30.000001907348633,30.000001907348633,30.0,0.0,1.0,0.0,-1.0
,id,0,72,b827,,,,,,90.0,60.0,0.0,180.0,180.0,0.0,180.0,1.0,0.0,-1.0
,id,0,72,b827,,,,,,90.0,240.0,0.0,60.000003814697266,60.000003814697266,0.0,60.0,1.0,0.0,-1.0
,id,0,72,b827,,,,,,120.0,120.0,0.0,0.0,0.0,0.0,0.0,1.0,1.0,0.0
,id,0,72,b827,,,,,,120.0,300.0,0.0,0.0,0.0,0.0,0.0,1.0,1.0,0.0
,id,0,72,b827,,,,,,150.0,0.0,0.0,0.0,0.0,0.0,0.0,1.0,1.0,0.0
,id,0,72,b827,,,,,,150.0,180.0,0.0,29.99998664855957,29.99998664855957,30.0,0.0,1.0,0.0,-1.0
,id,0,72,b871,,,,,,30.0,150.0,0.0,0.0,0.0,0.0,0.0,1.0,1.0,0.0
,id,0,72,b871,,,,,,30.0,330.0,0.0,0.0,0.0,0.0,0.0,1.0,1.0,0.0
,id,0,72,b871,,,,,,60.0,30.0,0.0,0.0,0.0,0.0,0.0,1.0,1.0,0.0
,id,0,72,b871,,,,,,60.0,210.0,0.0,0.0,0.0,0.0,0.0,1.0,1.0,0.0
,id,0,72,b871,,,,,,90.0,90.0,0.0,0.0,0.0,0.0,0.0,1.0,1.0,0.0
,id,0,72,b871,,,,,,90.0,270.0,180.0,0.0,-180.0,0.0,-180.0,0.0,1.0,1.0
,id,0,72,b871,,,,,,120.0,150.0,0.0,0.0,0.0,0.0,0.0,1.0,1.0,0.0
,id,0,72,b871,,,,,,120.0,330.0,0.0,0.0,0.0,0.0,0.0,1.0,1.0,0.0
,id,0,72,b871,,,,,,150.0,30.0,0.0,60.000003814697266,60.000003814697266,0.0,180.0,1.0,0.0,-1.0
,id,0,72,b871,,,,,,150.0,210.0,0.0,0.0,0.0,0.0,0.0,1.0,1.0,0.0
,id,0,72,b8ed,,,,,,30.0,0.0,0.0,30.000001907348633,30.000001907348633,30.0,0.0,1.0,0.0,-1.0
,id,0,72,b8ed,,,,,,30.0,180.0,0.0,0.0,0.0,0.0,0.0,1.0,1.0,0.0
,id,0,72,b8ed,,,,,,60.0,60.0,0.0,0.0,0.0,0.0,0.0,1.0,1.0,0.0
,id,0,72,b8ed,,,,,,60.0,240.0,0.0,0.0,0.0,0.0,0.0,1.0,1.0,0.0
,id,0,72,b8ed,,,,,,90.0,120.0,120.00000762939453,60.000003814697266,-60.000003814697266,0.0,-60.0,0.0,0.0,0.0
,id,0,72,b8ed,,,,,,90.0,300.0,0.0,60.000003814697266,60.000003814697266,0.0,60.0,1.0,0.0,-1.0
,id,0,72,b8ed,,,,,,120.0,0.0,29.99998664855957,0.0,-29.99998664855957,-30.0,0.0,0.0,1.0,1.0
,id,0,72,b8ed,,,,,,120.0,180.0,0.0,0.0,0.0,0.0,0.0,1.0,1.0,0.0
,id,0,72,b8ed,,,,,,150.0,60.0,0.0,0.0,0.0,0.0,0.0,1.0,1.0,0.0
,id,0,72,b8ed,,,,,,150.0,240.0,0.0,60.000003814697266,60.000003814697266,0.0,180.0,1.0,0.0,-1.0
,id,0,72,b905,,,,,,30.0,30.0,0.0,0.0,0.0,0.0,0.0,1.0,1.0,0.0
,id,0,72,b905,,,,,,30.0,210.0,0.0,0.0,0.0,0.0,0.0,1.0,1.0,0.0
,id,0,72,b905,,,,,,60.0,90.0,0.0,0.0,0.0,0.0,0.0,1.0,1.0,0.0
,id,0,72,b905,,,,,,60.0,270.0,0.0,0.0,0.0,0.0,0.0,1.0,1.0,0.0
,id,0,72,b905,,,,,,90.0,150.0,0.0,0.0,0.0,0.0,0.0,1.0,1.0,0.0
,id,0,72,b905,,,,,,90.0,330.0,0.0,180.0,180.0,0.0,180.0,1.0,0.0,-1.0
,id,0,72,b905,,,,,,120.0,30.0,51.31781005859375,60.000003814697266,8.682193756103516,60.0,-60.0,0.0,0.0,0.0
,id,0,72,b905,,,,,,120.0,210.0,0.0,82.81924438476562,82.81924438476562,60.0,60.0,1.0,0.0,-1.0
,id,0,72,b905,,,,,,150.0,90.0,0.0,0.0,0.0,0.0,0.0,1.0,1.0,0.0
,id,0,72,b905,,,,,,150.0,270.0,0.0,0.0,0.0,0.0,0.0,1.0,1.0,0.0
,id,0,72,b943,,,,,,30.0,60.0,0.0,0.0,0.0,0.0,0.0,1.0,1.0,0.0
,id,0,72,b943,,,,,,30.0,240.0,0.0,0.0,0.0,0.0,0.0,1.0,1.0,0.0
,id,0,72,b943,,,,,,60.0,120.0,0.0,0.0,0.0,0.0,0.0,1.0,1.0,0.0
,id,0,72,b943,,,,,,60.0,300.0,0.0,0.0,0.0,0.0,0.0,1.0,1.0,0.0
,id,0,72,b943,,,,,,90.0,0.0,180.0,180.0,0.0,0.0,0.0,0.0,0.0,0.0
,id,0,72,b943,,,,,,90.0,180.0,180.0,0.0,-180.0,0.0,-180.0,0.0,1.0,1.0
,id,0,72,b943,,,,,,120.0,60.0,0.0,0.0,0.0,0.0,0.0,1.0,1.0,0.0
,id,0,72,b943,,,,,,120.0,240.0,0.0,0.0,0.0,0.0,0.0,1.0,1.0,0.0
,id,0,72,b943,,,,,,150.0,120.0,0.0,0.0,0.0,0.0,0.0,1.0,1.0,0.0
,id,0,72,b943,,,,,,150.0,300.0,0.0,0.0,0.0,0.0,0.0,1.0,1.0,0.0
,id,0,72,b974,,,,,,30.0,90.0,0.0,0.0,0.0,0.0,0.0,1.0,1.0,0.0
,id,0,72,b974,,,,,,30.0,270.0,0.0,0.0,0.0,0.0,0.0,1.0,1.0,0.0
,id,0,72,b974,,,,,,60.0,150.0,0.0,25.905075073242188,25.905075073242188,0.0,30.0,1.0,0.0,-1.0
,id,0,72,b974,,,,,,60.0,330.0,0.0,0.0,0.0,0.0,0.0,1.0,1.0,0.0
,id,0,72,b974,,,,,,90.0,30.0,0.0,180.0,180.0,0.0,180.0,1.0,0.0,-1.0
,id,0,72,b974,,,,,,90.0,210.0,0.0,0.0,0.0,0.0,0.0,1.0,1.0,0.0
,id,0,72,b974,,,,,,120.0,90.0,0.0,0.0,0.0,0.0,0.0,1.0,1.0,0.0
,id,0,72,b974,,,,,,120.0,270.0,0.0,0.0,0.0,0.0,0.0,1.0,1.0,0.0
,id,0,72,b974,,,,,,150.0,150.0,0.0,0.0,0.0,0.0,0.0,1.0,1.0,0.0
,id,0,72,b974,,,,,,150.0,330.0,0.0,0.0,0.0,0.0,0.0,1.0,1.0,0.0
,id,0,72,b979,,,,,,30.0,120.0,57.7581901550293,180.0,122.2418098449707,120.0,30.0,0.0,0.0,0.0
,id,0,72,b979,,,,,,30.0,300.0,0.0,120.00000762939453,120.00000762939453,120.0,0.0,1.0,0.0,-1.0
,id,0,72,b979,,,,,,60.0,0.0,30.000001907348633,0.0,-30.000001907348633,-30.0,0.0,0.0,1.0,1.0
,id,0,72,b979,,,,,,60.0,180.0,90.0,90.0,0.0,0.0,0.0,0.0,0.0,0.0
,id,0,72,b979,,,,,,90.0,60.0,60.000003814697266,60.000003814697266,0.0,0.0,0.0,0.0,0.0,0.0
,id,0,72,b979,,,,,,90.0,240.0,60.000003814697266,120.00000762939453,60.000003814697266,0.0,60.0,0.0,0.0,0.0
,id,0,72,b979,,,,,,120.0,120.0,82.81924438476562,128.6822052001953,45.86296081542969,0.0,60.0,0.0,0.0,0.0
,id,0,72,b979,,,,,,120.0,300.0,130.50535583496094,90.0,-40.50535583496094,-60.0,60.0,0.0,0.0,0.0
,id,0,72,b979,,,,,,150.0,0.0,60.000003814697266,150.0,89.99999618530273,90.0,0.0,0.0,0.0,0.0
,id,0,72,b979,,,,,,150.0,180.0,29.99998664855957,180.0,150.00001335144043,90.0,180.0,0.0,0.0,0.0
,id,0,72,b97b,,,,,,30.0,150.0,128.68218994140625,128.68218994140625,0.0,0.0,0.0,0.0,0.0,0.0
,id,0,72,b97b,,,,,,30.0,330.0,0.0,0.0,0.0,0.0,0.0,1.0,1.0,0.0
,id,0,72,b97b,,,,,,60.0,30.0,0.0,0.0,0.0,0.0,0.0,1.0,1.0,0.0
,id,0,72,b97b,,,,,,60.0,210.0,0.0,0.0,0.0,0.0,0.0,1.0,1.0,0.0
,id,0,72,b97b,,,,,,90.0,90.0,0.0,0.0,0.0,0.0,0.0,1.0,1.0,0.0
,id,0,72,b97b,,,,,,90.0,270.0,0.0,180.0,180.0,0.0,180.0,1.0,0.0,-1.0
,id,0,72,b97b,,,,,,120.0,150.0,0.0,82.81924438476562,82.81924438476562,60.0,60.0,1.0,0.0,-1.0
,id,0,72,b97b,,,,,,120.0,330.0,0.0,0.0,0.0,0.0,0.0,1.0,1.0,0.0
,id,0,72,b97b,,,,,,150.0,30.0,0.0,0.0,0.0,0.0,0.0,1.0,1.0,0.0
,id,0,72,b97b,,,,,,150.0,210.0,0.0,0.0,0.0,0.0,0.0,1.0,1.0,0.0
,id,0,72,b9e6,,,,,,30.0,0.0,0.0,0.0,0.0,0.0,0.0,1.0,1.0,0.0
,id,0,72,b9e6,,,,,,30.0,180.0,0.0,0.0,0.0,0.0,0.0,1.0,1.0,0.0
,id,0,72,b9e6,,,,,,60.0,60.0,0.0,97.18075561523438,97.18075561523438,0.0,120.0,1.0,0.0,-1.0
,id,0,72,b9e6,,,,,,60.0,240.0,0.0,0.0,0.0,0.0,0.0,1.0,1.0,0.0
,id,0,72,b9e6,,,,,,90.0,120.0,120.00000762939453,60.000003814697266,-60.000003814697266,0.0,-60.0,0.0,0.0,0.0
,id,0,72,b9e6,,,,,,90.0,300.0,60.000003814697266,180.0,119.99999618530273,0.0,120.0,0.0,0.0,0.0
,id,0,72,b9e6,,,,,,120.0,0.0,0.0,29.99998664855957,29.99998664855957,30.0,0.0,1.0,0.0,-1.0
,id,0,72,b9e6,,,,,,120.0,180.0,0.0,0.0,0.0,0.0,0.0,1.0,1.0,0.0
,id,0,72,b9e6,,,,,,150.0,60.0,0.0,0.0,0.0,0.0,0.0,1.0,1.0,0.0
,id,0,72,b9e6,,,,,,150.0,240.0,0.0,0.0,0.0,0.0,0.0,1.0,1.0,0.0
,id,0,72,ba0f,,,,,,30.0,30.0,28.95502281188965,0.0,-28.95502281188965,0.0,-60.0,0.0,1.0,1.0
,id,0,72,ba0f,,,,,,30.0,210.0,151.04498291015625,151.04498291015625,0.0,0.0,0.0,0.0,0.0,0.0
,id,0,72,ba0f,,,,,,60.0,90.0,0.0,29.999998092651367,29.999998092651367,30.0,0.0,1.0,0.0,-1.0
,id,0,72,ba0f,,,,,,60.0,270.0,128.6822052001953,180.0,51.31779479980469,0.0,60.0,0.0,0.0,0.0
,id,0,72,ba0f,,,,,,90.0,150.0,180.0,30.000001907348633,-149.99999809265137,0.0,-150.0,0.0,0.0,0.0
,id,0,72,ba0f,,,,,,90.0,330.0,0.0,150.0,150.0,0.0,150.0,1.0,0.0,-1.0
,id,0,72,ba0f,,,,,,120.0,30.0,0.0,82.81924438476562,82.81924438476562,60.0,60.0,1.0,0.0,-1.0
,id,0,72,ba0f,,,,,,120.0,210.0,60.000003814697266,60.000003814697266,0.0,0.0,0.0,0.0,0.0,0.0
,id,0,72,ba0f,,,,,,150.0,90.0,0.0,180.0,180.0,120.0,180.0,1.0,0.0,-1.0
,id,0,72,ba0f,,,,,,150.0,270.0,122.24180603027344,180.0,57.75819396972656,0.0,150.0,0.0,0.0,0.0
,id,0,72,baa9,,,,,,30.0,60.0,0.0,0.0,0.0,0.0,0.0,1.0,1.0,0.0
,id,0,72,baa9,,,,,,30.0,240.0,0.0,0.0,0.0,0.0,0.0,1.0,1.0,0.0
,id,0,72,baa9,,,,,,60.0,120.0,0.0,0.0,0.0,0.0,0.0,1.0,1.0,0.0
,id,0,72,baa9,,,,,,60.0,300.0,0.0,0.0,0.0,0.0,0.0,1.0,1.0,0.0
,id,0,72,baa9,,,,,,90.0,0.0,180.0,180.0,0.0,0.0,0.0,0.0,0.0,0.0
,id,0,72,baa9,,,,,,90.0,180.0,0.0,0.0,0.0,0.0,0.0,1.0,1.0,0.0
,id,0,72,baa9,,,,,,120.0,60.0,0.0,0.0,0.0,0.0,0.0,1.0,1.0,0.0
,id,0,72,baa9,,,,,,120.0,240.0,0.0,0.0,0.0,0.0,0.0,1.0,1.0,0.0
,id,0,72,baa9,,,,,,150.0,120.0,0.0,0.0,0.0,0.0,0.0,1.0,1.0,0.0
,id,0,72,baa9,,,,,,150.0,300.0,0.0,0.0,0.0,0.0,0.0,1.0,1.0,0.0
,id,0,72,bb26,,,,,,30.0,90.0,60.000003814697266,165.12905883789062,105.12905502319336,120.0,-30.0,0.0,0.0,0.0
,id,0,72,bb26,,,,,,30.0,270.0,0.0,180.0,180.0,120.0,180.0,1.0,0.0,-1.0
,id,0,72,bb26,,,,,,60.0,150.0,82.81924438476562,51.31781005859375,-31.501434326171875,-60.0,0.0,0.0,0.0,0.0
,id,0,72,bb26,,,,,,60.0,330.0,60.000003814697266,82.81924438476562,22.81924057006836,0.0,60.0,0.0,0.0,0.0
,id,0,72,bb26,,,,,,90.0,30.0,120.00000762939453,60.00000762939453,-60.0,0.0,-60.0,0.0,0.0,0.0
,id,0,72,bb26,,,,,,90.0,210.0,60.000003814697266,120.00000762939453,60.000003814697266,0.0,60.0,0.0,0.0,0.0
,id,0,72,bb26,,,,,,120.0,90.0,180.0,180.0,0.0,0.0,0.0,0.0,0.0,0.0
,id,0,72,bb26,,,,,,120.0,270.0,0.0,25.905075073242188,25.905075073242188,0.0,30.0,1.0,0.0,-1.0
,id,0,72,bb26,,,,,,150.0,150.0,165.12905883789062,128.68218994140625,-36.446868896484375,0.0,-90.0,0.0,0.0,0.0
,id,0,72,bb26,,,,,,150.0,330.0,128.68218994140625,0.0,-128.68218994140625,-120.0,-60.0,0.0,1.0,1.0
,id,0,72,bb7c,,,,,,30.0,120.0,0.0,0.0,0.0,0.0,0.0,1.0,1.0,0.0
,id,0,72,bb7c,,,,,,30.0,300.0,0.0,0.0,0.0,0.0,0.0,1.0,1.0,0.0
,id,0,72,bb7c,,,,,,60.0,0.0,0.0,0.0,0.0,0.0,0.0,1.0,1.0,0.0
,id,0,72,bb7c,,,,,,60.0,180.0,0.0,120.00000762939453,120.00000762939453,0.0,180.0,1.0,0.0,-1.0
,id,0,72,bb7c,,,,,,90.0,60.0,0.0,0.0,0.0,0.0,0.0,1.0,1.0,0.0
,id,0,72,bb7c,,,,,,90.0,240.0,0.0,180.0,180.0,0.0,180.0,1.0,0.0,-1.0
,id,0,72,bb7c,,,,,,120.0,120.0,0.0,0.0,0.0,0.0,0.0,1.0,1.0,0.0
,id,0,72,bb7c,,,,,,120.0,300.0,0.0,25.905075073242188,25.905075073242188,0.0,30.0,1.0,0.0,-1.0
,id,0,72,bb7c,,,,,,150.0,0.0,0.0,29.99998664855957,29.99998664855957,30.0,0.0,1.0,0.0,-1.0
,id,0,72,bb7c,,,,,,150.0,180.0,0.0,90.0,90.0,30.0,180.0,1.0,0.0,-1.0
,id,0,72,bb7d,,,,,,30.0,150.0,128.68218994140625,128.68218994140625,0.0,0.0,0.0,0.0,0.0,0.0
,id,0,72,bb7d,,,,,,30.0,330.0,151.04498291015625,151.04498291015625,0.0,0.0,0.0,0.0,0.0,0.0
,id,0,72,bb7d,,,,,,60.0,30.0,82.81924438476562,0.0,-82.81924438476562,-60.0,-60.0,0.0,1.0,1.0
,id,0,72,bb7d,,,,,,60.0,210.0,25.905075073242188,128.6822052001953,102.77713012695312,60.0,90.0,0.0,0.0,0.0
,id,0,72,bb7d,,,,,,90.0,90.0,0.0,0.0,0.0,0.0,0.0,1.0,1.0,0.0
,id,0,72,bb7d,,,,,,90.0,270.0,180.0,180.0,0.0,0.0,0.0,0.0,0.0,0.0
,id,0,72,bb7d,,,,,,120.0,150.0,66.45188903808594,120.00000762939453,53.548118591308594,-60.0,150.0,0.0,0.0,0.0
,id,0,72,bb7d,,,,,,120.0,330.0,25.905075073242188,0.0,-25.905075073242188,0.0,-30.0,0.0,1.0,1.0
,id,0,72,bb7d,,,,,,150.0,30.0,0.0,0.0,0.0,0.0,0.0,1.0,1.0,0.0
,id,0,72,bb7d,,,,,,150.0,210.0,60.000003814697266,165.12905883789062,105.12905502319336,120.0,-30.0,0.0,0.0,0.0
,id,0,72,bbc6,,,,,,30.0,0.0,0.0,0.0,0.0,0.0,0.0,1.0,1.0,0.0
,id,0,72,bbc6,,,,,,30.0,180.0,14.870942115783691,14.870942115783691,0.0,0.0,0.0,0.0,0.0,0.0
,id,0,72,bbc6,,,,,,60.0,60.0,128.68218994140625,0.0,-128.68218994140625,-60.0,-120.0,0.0,1.0,1.0
,id,0,72,bbc6,,,,,,60.0,240.0,25.905075073242188,0.0,-25.905075073242188,0.0,-30.0,0.0,1.0,1.0
,id,0,72,bbc6,,,,,,90.0,120.0,120.00000762939453,120.00000762939453,0.0,0.0,0.0,0.0,0.0,0.0
,id,0,72,bbc6,,,,,,90.0,300.0,119.99999237060547,60.000003814697266,-59.9999885559082,0.0,-60.0,0.0,0.0,0.0
,id,0,72,bbc6,,,,,,120.0,0.0,29.99998664855957,0.0,-29.99998664855957,-30.0,0.0,0.0,1.0,1.0
,id,0,72,bbc6,,,,,,120.0,180.0,90.0,60.000003814697266,-29.999996185302734,-30.0,0.0,0.0,0.0,0.0
,id,0,72,bbc6,,,,,,150.0,60.0,0.0,60.000003814697266,60.000003814697266,0.0,180.0,1.0,0.0,-1.0
,id,0,72,bbc6,,,,,,150.0,240.0,0.0,60.000003814697266,60.000003814697266,0.0,180.0,1.0,0.0,-1.0
,id,0,72,bc2c,,,,,,30.0,30.0,120.00000762939453,0.0,-120.00000762939453,-120.0,0.0,0.0,1.0,1.0
,id,0,72,bc2c,,,,,,30.0,210.0,60.000003814697266,60.000003814697266,0.0,0.0,0.0,0.0,0.0,0.0
,id,0,72,bc2c,,,,,,60.0,90.0,120.00000762939453,120.00000762939453,0.0,0.0,0.0,0.0,0.0,0.0
,id,0,72,bc2c,,,,,,60.0,270.0,0.0,30.000001907348633,30.000001907348633,30.0,0.0,1.0,0.0,-1.0
,id,0,72,bc2c,,,,,,90.0,150.0,30.000001907348633,30.000001907348633,0.0,0.0,0.0,0.0,0.0,0.0
,id,0,72,bc2c,,,,,,90.0,330.0,150.0,30.00000762939453,-119.99999237060547,0.0,-120.0,0.0,0.0,0.0
,id,0,72,bc2c,,,,,,120.0,30.0,82.81924438476562,82.81924438476562,0.0,0.0,0.0,0.0,0.0,0.0
,id,0,72,bc2c,,,,,,120.0,210.0,60.000003814697266,82.81924438476562,22.81924057006836,0.0,60.0,0.0,0.0,0.0
,id,0,72,bc2c,,,,,,150.0,90.0,57.7581901550293,165.12905883789062,107.37086868286133,120.0,0.0,0.0,0.0,0.0
,id,0,72,bc2c,,,,,,150.0,270.0,165.12905883789062,122.24180603027344,-42.88725280761719,0.0,-120.0,0.0,0.0,0.0
,id,0,73,b7c1,,,,,,30.0,0.0,0.0,30.000001907348633,30.000001907348633,30.0,0.0,1.0,0.0,-1.0
,id,0,73,b7c1,,,,,,30.0,180.0,0.0,30.000001907348633,30.000001907348633,30.0,0.0,1.0,0.0,-1.0
,id,0,73,b7c1,,,,,,60.0,60.0,0.0,0.0,0.0,0.0,0.0,1.0,1.0,0.0
,id,0,73,b7c1,,,,,,60.0,240.0,0.0,0.0,0.0,0.0,0.0,1.0,1.0,0.0
,id,0,73,b7c1,,,,,,90.0,120.0,0.0,60.000003814697266,60.000003814697266,0.0,60.0,1.0,0.0,-1.0
,id,0,73,b7c1,,,,,,90.0,300.0,0.0,60.000003814697266,60.000003814697266,0.0,60.0,1.0,0.0,-1.0
,id,0,73,b7c1,,,,,,120.0,0.0,0.0,0.0,0.0,0.0,0.0,1.0,1.0,0.0
,id,0,73,b7c1,,,,,,120.0,180.0,0.0,0.0,0.0,0.0,0.0,1.0,1.0,0.0
,id,0,73,b7c1,,,,,,150.0,60.0,0.0,0.0,0.0,0.0,0.0,1.0,1.0,0.0
,id,0,73,b7c1,,,,,,150.0,240.0,0.0,0.0,0.0,0.0,0.0,1.0,1.0,0.0
,id,0,73,b7fd,,,,,,30.0,30.0,14.870942115783691,0.0,-14.870942115783691,0.0,-30.0,0.0,1.0,1.0
,id,0,73,b7fd,,,,,,30.0,210.0,122.24180603027344,14.870942115783691,-107.37086391448975,-120.0,0.0,0.0,0.0,0.0
,id,0,73,b7fd,,,,,,60.0,90.0,0.0,0.0,0.0,0.0,0.0,1.0,1.0,0.0
,id,0,73,b7fd,,,,,,60.0,270.0,25.905075073242188,120.00000762939453,94.09493255615234,0.0,150.0,0.0,0.0,0.0
,id,0,73,b7fd,,,,,,90.0,150.0,180.0,120.00000762939453,-59.99999237060547,0.0,-60.0,0.0,0.0,0.0
,id,0,73,b7fd,,,,,,90.0,330.0,60.00000762939453,60.00000762939453,0.0,0.0,0.0,0.0,0.0,0.0
,id,0,73,b7fd,,,,,,120.0,30.0,120.00000762939453,82.81924438476562,-37.180763244628906,60.0,-120.0,0.0,0.0,0.0
,id,0,73,b7fd,,,,,,120.0,210.0,60.000003814697266,82.81924438476562,22.81924057006836,0.0,60.0,0.0,0.0,0.0
,id,0,73,b7fd,,,,,,150.0,90.0,0.0,180.0,180.0,120.0,180.0,1.0,0.0,-1.0
,id,0,73,b7fd,,,,,,150.0,270.0,0.0,0.0,0.0,0.0,0.0,1.0,1.0,0.0
,id,0,73,b80b,,,,,,30.0,60.0,0.0,0.0,0.0,0.0,0.0,1.0,1.0,0.0
,id,0,73,b80b,,,,,,30.0,240.0,0.0,0.0,0.0,0.0,0.0,1.0,1.0,0.0
,id,0,73,b80b,,,,,,60.0,120.0,0.0,0.0,0.0,0.0,0.0,1.0,1.0,0.0
,id,0,73,b80b,,,,,,60.0,300.0,97.18075561523438,0.0,-97.18075561523438,0.0,-120.0,0.0,1.0,1.0
,id,0,73,b80b,,,,,,90.0,0.0,180.0,0.0,-180.0,0.0,-180.0,0.0,1.0,1.0
,id,0,73,b80b,,,,,,90.0,180.0,0.0,180.0,180.0,0.0,180.0,1.0,0.0,-1.0
,id,0,73,b80b,,,,,,120.0,60.0,0.0,0.0,0.0,0.0,0.0,1.0,1.0,0.0
,id,0,73,b80b,,,,,,120.0,240.0,0.0,0.0,0.0,0.0,0.0,1.0,1.0,0.0
,id,0,73,b80b,,,,,,150.0,120.0,0.0,0.0,0.0,0.0,0.0,1.0,1.0,0.0
,id,0,73,b80b,,,,,,150.0,300.0,0.0,0.0,0.0,0.0,0.0,1.0,1.0,0.0
,id,0,73,b812,,,,,,30.0,90.0,0.0,0.0,0.0,0.0,0.0,1.0,1.0,0.0
,id,0,73,b812,,,,,,30.0,270.0,0.0,0.0,0.0,0.0,0.0,1.0,1.0,0.0
,id,0,73,b812,,,,,,60.0,150.0,0.0,0.0,0.0,0.0,0.0,1.0,1.0,0.0
,id,0,73,b812,,,,,,60.0,330.0,0.0,0.0,0.0,0.0,0.0,1.0,1.0,0.0
,id,0,73,b812,,,,,,90.0,30.0,180.0,0.0,-180.0,0.0,-180.0,0.0,1.0,1.0
,id,0,73,b812,,,,,,90.0,210.0,0.0,180.0,180.0,0.0,180.0,1.0,0.0,-1.0
,id,0,73,b812,,,,,,120.0,90.0,0.0,0.0,0.0,0.0,0.0,1.0,1.0,0.0
,id,0,73,b812,,,,,,120.0,270.0,0.0,0.0,0.0,0.0,0.0,1.0,1.0,0.0
,id,0,73,b812,,,,,,150.0,150.0,0.0,0.0,0.0,0.0,0.0,1.0,1.0,0.0
,id,0,73,b812,,,,,,150.0,330.0,0.0,0.0,0.0,0.0,0.0,1.0,1.0,0.0
,id,0,73,b827,,,,,,30.0,120.0,0.0,0.0,0.0,0.0,0.0,1.0,1.0,0.0
,id,0,73,b827,,,,,,30.0,300.0,0.0,0.0,0.0,0.0,0.0,1.0,1.0,0.0
,id,0,73,b827,,,,,,60.0,0.0,0.0,30.000001907348633,30.000001907348633,30.0,0.0,1.0,0.0,-1.0
,id,0,73,b827,,,,,,60.0,180.0,0.0,0.0,0.0,0.0,0.0,1.0,1.0,0.0
,id,0,73,b827,,,,,,90.0,60.0,180.0,180.0,0.0,0.0,0.0,0.0,0.0,0.0
,id,0,73,b827,,,,,,90.0,240.0,0.0,0.0,0.0,0.0,0.0,1.0,1.0,0.0
,id,0,73,b827,,,,,,120.0,120.0,0.0,0.0,0.0,0.0,0.0,1.0,1.0,0.0
,id,0,73,b827,,,,,,120.0,300.0,0.0,0.0,0.0,0.0,0.0,1.0,1.0,0.0
,id,0,73,b827,,,,,,150.0,0.0,0.0,0.0,0.0,0.0,0.0,1.0,1.0,0.0
,id,0,73,b827,,,,,,150.0,180.0,0.0,0.0,0.0,0.0,0.0,1.0,1.0,0.0
,id,0,73,b871,,,,,,30.0,150.0,0.0,0.0,0.0,0.0,0.0,1.0,1.0,0.0
,id,0,73,b871,,,,,,30.0,330.0,0.0,0.0,0.0,0.0,0.0,1.0,1.0,0.0
,id,0,73,b871,,,,,,60.0,30.0,0.0,0.0,0.0,0.0,0.0,1.0,1.0,0.0
,id,0,73,b871,,,,,,60.0,210.0,0.0,51.31781005859375,51.31781005859375,0.0,60.0,1.0,0.0,-1.0
,id,0,73,b871,,,,,,90.0,90.0,180.0,0.0,-180.0,0.0,-180.0,0.0,1.0,1.0
,id,0,73,b871,,,,,,90.0,270.0,180.0,0.0,-180.0,0.0,-180.0,0.0,1.0,1.0
,id,0,73,b871,,,,,,120.0,150.0,0.0,0.0,0.0,0.0,0.0,1.0,1.0,0.0
,id,0,73,b871,,,,,,120.0,330.0,0.0,0.0,0.0,0.0,0.0,1.0,1.0,0.0
,id,0,73,b871,,,,,,150.0,30.0,0.0,0.0,0.0,0.0,0.0,1.0,1.0,0.0
,id,0,73,b871,,,,,,150.0,210.0,0.0,0.0,0.0,0.0,0.0,1.0,1.0,0.0
,id,0,73,b8ed,,,,,,30.0,0.0,0.0,30.000001907348633,30.000001907348633,30.0,0.0,1.0,0.0,-1.0
,id,0,73,b8ed,,,,,,30.0,180.0,0.0,0.0,0.0,0.0,0.0,1.0,1.0,0.0
,id,0,73,b8ed,,,,,,60.0,60.0,0.0,0.0,0.0,0.0,0.0,1.0,1.0,0.0
,id,0,73,b8ed,,,,,,60.0,240.0,0.0,97.1807632446289,97.1807632446289,0.0,120.0,1.0,0.0,-1.0
,id,0,73,b8ed,,,,,,90.0,120.0,120.00000762939453,120.00000762939453,0.0,0.0,0.0,0.0,0.0,0.0
,id,0,73,b8ed,,,,,,90.0,300.0,0.0,60.000003814697266,60.000003814697266,0.0,60.0,1.0,0.0,-1.0
,id,0,73,b8ed,,,,,,120.0,0.0,0.0,0.0,0.0,0.0,0.0,1.0,1.0,0.0
,id,0,73,b8ed,,,,,,120.0,180.0,0.0,0.0,0.0,0.0,0.0,1.0,1.0,0.0
,id,0,73,b8ed,,,,,,150.0,60.0,0.0,0.0,0.0,0.0,0.0,1.0,1.0,0.0
,id,0,73,b8ed,,,,,,150.0,240.0,0.0,0.0,0.0,0.0,0.0,1.0,1.0,0.0
,id,0,73,b905,,,,,,30.0,30.0,0.0,0.0,0.0,0.0,0.0,1.0,1.0,0.0
,id,0,73,b905,,,,,,30.0,210.0,0.0,0.0,0.0,0.0,0.0,1.0,1.0,0.0
,id,0,73,b905,,,,,,60.0,90.0,0.0,0.0,0.0,0.0,0.0,1.0,1.0,0.0
,id,0,73,b905,,,,,,60.0,270.0,0.0,25.905075073242188,25.905075073242188,0.0,30.0,1.0,0.0,-1.0
,id,0,73,b905,,,,,,90.0,150.0,0.0,0.0,0.0,0.0,0.0,1.0,1.0,0.0
,id,0,73,b905,,,,,,90.0,330.0,180.0,180.0,0.0,0.0,0.0,0.0,0.0,0.0
,id,0,73,b905,,,,,,120.0,30.0,25.905075073242188,82.81924438476562,56.91416931152344,60.0,30.0,0.0,0.0,0.0
,id,0,73,b905,,,,,,120.0,210.0,0.0,0.0,0.0,0.0,0.0,1.0,1.0,0.0
,id,0,73,b905,,,,,,150.0,90.0,0.0,0.0,0.0,0.0,0.0,1.0,1.0,0.0
,id,0,73,b905,,,,,,150.0,270.0,0.0,0.0,0.0,0.0,0.0,1.0,1.0,0.0
,id,0,73,b943,,,,,,30.0,60.0,0.0,0.0,0.0,0.0,0.0,1.0,1.0,0.0
,id,0,73,b943,,,,,,30.0,240.0,0.0,0.0,0.0,0.0,0.0,1.0,1.0,0.0
,id,0,73,b943,,,,,,60.0,120.0,0.0,0.0,0.0,0.0,0.0,1.0,1.0,0.0
,id,0,73,b943,,,,,,60.0,300.0,0.0,0.0,0.0,0.0,0.0,1.0,1.0,0.0
,id,0,73,b943,,,,,,90.0,0.0,0.0,180.0,180.0,0.0,180.0,1.0,0.0,-1.0
,id,0,73,b943,,,,,,90.0,180.0,180.0,0.0,-180.0,0.0,-180.0,0.0,1.0,1.0
,id,0,73,b943,,,,,,120.0,60.0,0.0,0.0,0.0,0.0,0.0,1.0,1.0,0.0
,id,0,73,b943,,,,,,120.0,240.0,25.905075073242188,0.0,-25.905075073242188,0.0,-30.0,0.0,1.0,1.0
,id,0,73,b943,,,,,,150.0,120.0,0.0,0.0,0.0,0.0,0.0,1.0,1.0,0.0
,id,0,73,b943,,,,,,150.0,300.0,0.0,0.0,0.0,0.0,0.0,1.0,1.0,0.0
,id,0,73,b974,,,,,,30.0,90.0,0.0,0.0,0.0,0.0,0.0,1.0,1.0,0.0
,id,0,73,b974,,,,,,30.0,270.0,0.0,0.0,0.0,0.0,0.0,1.0,1.0,0.0
,id,0,73,b974,,,,,,60.0,150.0,66.45188903808594,0.0,-66.45188903808594,-60.0,-30.0,0.0,1.0,1.0
,id,0,73,b974,,,,,,60.0,330.0,0.0,0.0,0.0,0.0,0.0,1.0,1.0,0.0
,id,0,73,b974,,,,,,90.0,30.0,0.0,0.0,0.0,0.0,0.0,1.0,1.0,0.0
,id,0,73,b974,,,,,,90.0,210.0,0.0,180.0,180.0,0.0,180.0,1.0,0.0,-1.0
,id,0,73,b974,,,,,,120.0,90.0,0.0,0.0,0.0,0.0,0.0,1.0,1.0,0.0
,id,0,73,b974,,,,,,120.0,270.0,0.0,0.0,0.0,0.0,0.0,1.0,1.0,0.0
,id,0,73,b974,,,,,,150.0,150.0,0.0,0.0,0.0,0.0,0.0,1.0,1.0,0.0
,id,0,73,b974,,,,,,150.0,330.0,0.0,0.0,0.0,0.0,0.0,1.0,1.0,0.0
,id,0,73,b979,,,,,,30.0,120.0,128.68218994140625,128.68218994140625,0.0,0.0,0.0,0.0,0.0,0.0
,id,0,73,b979,,,,,,30.0,300.0,115.6589126586914,151.04498291015625,35.386070251464844,30.0,30.0,0.0,0.0,0.0
,id,0,73,b979,,,,,,60.0,0.0,30.000001907348633,0.0,-30.000001907348633,-30.0,0.0,0.0,1.0,1.0
,id,0,73,b979,,,,,,60.0,180.0,30.000001907348633,90.0,59.99999809265137,0.0,180.0,0.0,0.0,0.0
,id,0,73,b979,,,,,,90.0,60.0,60.000003814697266,119.99999237060547,59.9999885559082,0.0,60.0,0.0,0.0,0.0
,id,0,73,b979,,,,,,90.0,240.0,120.00000762939453,60.000003814697266,-60.000003814697266,0.0,-60.0,0.0,0.0,0.0
,id,0,73,b979,,,,,,120.0,120.0,82.81924438476562,128.6822052001953,45.86296081542969,0.0,60.0,0.0,0.0,0.0
,id,0,73,b979,,,,,,120.0,300.0,130.50535583496094,90.0,-40.50535583496094,-60.0,60.0,0.0,0.0,0.0
,id,0,73,b979,,,,,,150.0,0.0,180.0,60.000003814697266,-119.99999618530273,-120.0,0.0,0.0,0.0,0.0
,id,0,73,b979,,,,,,150.0,180.0,0.0,60.000003814697266,60.000003814697266,0.0,180.0,1.0,0.0,-1.0
,id,0,73,b97b,,,,,,30.0,150.0,0.0,128.68218994140625,128.68218994140625,120.0,60.0,1.0,0.0,-1.0
,id,0,73,b97b,,,,,,30.0,330.0,0.0,0.0,0.0,0.0,0.0,1.0,1.0,0.0
,id,0,73,b97b,,,,,,60.0,30.0,0.0,0.0,0.0,0.0,0.0,1.0,1.0,0.0
,id,0,73,b97b,,,,,,60.0,210.0,0.0,0.0,0.0,0.0,0.0,1.0,1.0,0.0
,id,0,73,b97b,,,,,,90.0,90.0,0.0,180.0,180.0,0.0,180.0,1.0,0.0,-1.0
,id,0,73,b97b,,,,,,90.0,270.0,180.0,0.0,-180.0,0.0,-180.0,0.0,1.0,1.0
,id,0,73,b97b,,,,,,120.0,150.0,0.0,0.0,0.0,0.0,0.0,1.0,1.0,0.0
,id,0,73,b97b,,,,,,120.0,330.0,0.0,0.0,0.0,0.0,0.0,1.0,1.0,0.0
,id,0,73,b97b,,,,,,150.0,30.0,0.0,0.0,0.0,0.0,0.0,1.0,1.0,0.0
,id,0,73,b97b,,,,,,150.0,210.0,0.0,0.0,0.0,0.0,0.0,1.0,1.0,0.0
,id,0,73,b9e6,,,,,,30.0,0.0,0.0,0.0,0.0,0.0,0.0,1.0,1.0,0.0
,id,0,73,b9e6,,,,,,30.0,180.0,0.0,0.0,0.0,0.0,0.0,1.0,1.0,0.0
,id,0,73,b9e6,,,,,,60.0,60.0,0.0,128.68218994140625,128.68218994140625,60.0,120.0,1.0,0.0,-1.0
,id,0,73,b9e6,,,,,,60.0,240.0,0.0,97.1807632446289,97.1807632446289,0.0,120.0,1.0,0.0,-1.0
,id,0,73,b9e6,,,,,,90.0,120.0,120.00000762939453,0.0,-120.00000762939453,0.0,-120.0,0.0,1.0,1.0
,id,0,73,b9e6,,,,,,90.0,300.0,60.000003814697266,60.000003814697266,0.0,0.0,0.0,0.0,0.0,0.0
,id,0,73,b9e6,,,,,,120.0,0.0,0.0,0.0,0.0,0.0,0.0,1.0,1.0,0.0
,id,0,73,b9e6,,,,,,120.0,180.0,0.0,0.0,0.0,0.0,0.0,1.0,1.0,0.0
,id,0,73,b9e6,,,,,,150.0,60.0,0.0,0.0,0.0,0.0,0.0,1.0,1.0,0.0
,id,0,73,b9e6,,,,,,150.0,240.0,0.0,0.0,0.0,0.0,0.0,1.0,1.0,0.0
,id,0,73,ba0f,,,,,,30.0,30.0,128.68218994140625,165.12905883789062,36.446868896484375,0.0,90.0,0.0,0.0,0.0
,id,0,73,ba0f,,,,,,30.0,210.0,151.04498291015625,151.04498291015625,0.0,0.0,0.0,0.0,0.0,0.0
,id,0,73,ba0f,,,,,,60.0,90.0,0.0,60.000003814697266,60.000003814697266,60.0,0.0,1.0,0.0,-1.0
,id,0,73,ba0f,,,,,,60.0,270.0,138.59039306640625,29.999998092651367,-108.59039497375488,0.0,-150.0,0.0,0.0,0.0
,id,0,73,ba0f,,,,,,90.0,150.0,150.0,0.0,-150.0,0.0,-150.0,0.0,1.0,1.0
,id,0,73,ba0f,,,,,,90.0,330.0,30.00000762939453,180.0,149.99999237060547,0.0,150.0,0.0,0.0,0.0
,id,0,73,ba0f,,,,,,120.0,30.0,0.0,0.0,0.0,0.0,0.0,1.0,1.0,0.0
,id,0,73,ba0f,,,,,,120.0,210.0,154.0949249267578,154.0949249267578,0.0,0.0,0.0,0.0,0.0,0.0
,id,0,73,ba0f,,,,,,150.0,90.0,0.0,0.0,0.0,0.0,0.0,1.0,1.0,0.0
,id,0,73,ba0f,,,,,,150.0,270.0,120.00000762939453,180.0,59.99999237060547,0.0,180.0,0.0,0.0,0.0
,id,0,73,baa9,,,,,,30.0,60.0,0.0,0.0,0.0,0.0,0.0,1.0,1.0,0.0
,id,0,73,baa9,,,,,,30.0,240.0,0.0,0.0,0.0,0.0,0.0,1.0,1.0,0.0
,id,0,73,baa9,,,,,,60.0,120.0,0.0,0.0,0.0,0.0,0.0,1.0,1.0,0.0
,id,0,73,baa9,,,,,,60.0,300.0,0.0,0.0,0.0,0.0,0.0,1.0,1.0,0.0
,id,0,73,baa9,,,,,,90.0,0.0,180.0,0.0,-180.0,0.0,-180.0,0.0,1.0,1.0
,id,0,73,baa9,,,,,,90.0,180.0,0.0,180.0,180.0,0.0,180.0,1.0,0.0,-1.0
,id,0,73,baa9,,,,,,120.0,60.0,0.0,0.0,0.0,0.0,0.0,1.0,1.0,0.0
,id,0,73,baa9,,,,,,120.0,240.0,0.0,0.0,0.0,0.0,0.0,1.0,1.0,0.0
,id,0,73,baa9,,,,,,150.0,120.0,0.0,0.0,0.0,0.0,0.0,1.0,1.0,0.0
,id,0,73,baa9,,,,,,150.0,300.0,0.0,0.0,0.0,0.0,0.0,1.0,1.0,0.0
,id,0,73,bb26,,,,,,30.0,90.0,122.24180603027344,180.0,57.75819396972656,0.0,150.0,0.0,0.0,0.0
,id,0,73,bb26,,,,,,30.0,270.0,0.0,180.0,180.0,120.0,180.0,1.0,0.0,-1.0
,id,0,73,bb26,,,,,,60.0,150.0,66.45188903808594,180.0,113.54811096191406,0.0,150.0,0.0,0.0,0.0
,id,0,73,bb26,,,,,,60.0,330.0,154.09490966796875,120.00000762939453,-34.09490203857422,-60.0,30.0,0.0,0.0,0.0
,id,0,73,bb26,,,,,,90.0,30.0,60.00000762939453,120.00000762939453,60.0,0.0,60.0,0.0,0.0,0.0
,id,0,73,bb26,,,,,,90.0,210.0,120.00000762939453,60.000003814697266,-60.000003814697266,0.0,-60.0,0.0,0.0,0.0
,id,0,73,bb26,,,,,,120.0,90.0,180.0,180.0,0.0,0.0,0.0,0.0,0.0,0.0
,id,0,73,bb26,,,,,,120.0,270.0,60.000003814697266,25.905075073242188,-34.09492874145508,-60.0,30.0,0.0,0.0,0.0
,id,0,73,bb26,,,,,,150.0,150.0,28.95502281188965,128.68218994140625,99.7271671295166,120.0,0.0,0.0,0.0,0.0
,id,0,73,bb26,,,,,,150.0,330.0,128.68218994140625,0.0,-128.68218994140625,-120.0,-60.0,0.0,1.0,1.0
,id,0,73,bb7c,,,,,,30.0,120.0,0.0,0.0,0.0,0.0,0.0,1.0,1.0,0.0
,id,0,73,bb7c,,,,,,30.0,300.0,0.0,0.0,0.0,0.0,0.0,1.0,1.0,0.0
,id,0,73,bb7c,,,,,,60.0,0.0,0.0,0.0,0.0,0.0,0.0,1.0,1.0,0.0
,id,0,73,bb7c,,,,,,60.0,180.0,120.00000762939453,0.0,-120.00000762939453,0.0,-180.0,0.0,1.0,1.0
,id,0,73,bb7c,,,,,,90.0,60.0,0.0,60.000003814697266,60.000003814697266,0.0,60.0,1.0,0.0,-1.0
,id,0,73,bb7c,,,,,,90.0,240.0,120.00000762939453,180.0,59.99999237060547,0.0,60.0,0.0,0.0,0.0
,id,0,73,bb7c,,,,,,120.0,120.0,0.0,0.0,0.0,0.0,0.0,1.0,1.0,0.0
,id,0,73,bb7c,,,,,,120.0,300.0,0.0,0.0,0.0,0.0,0.0,1.0,1.0,0.0
,id,0,73,bb7c,,,,,,150.0,0.0,0.0,29.99998664855957,29.99998664855957,30.0,0.0,1.0,0.0,-1.0
,id,0,73,bb7c,,,,,,150.0,180.0,0.0,90.0,90.0,30.0,180.0,1.0,0.0,-1.0
,id,0,73,bb7d,,,,,,30.0,150.0,128.68218994140625,151.04498291015625,22.36279296875,0.0,60.0,0.0,0.0,0.0
,id,0,73,bb7d,,,,,,30.0,330.0,151.04498291015625,128.68218994140625,-22.36279296875,0.0,-60.0,0.0,0.0,0.0
,id,0,73,bb7d,,,,,,60.0,30.0,82.81924438476562,82.81924438476562,0.0,0.0,0.0,0.0,0.0,0.0
,id,0,73,bb7d,,,,,,60.0,210.0,128.6822052001953,82.81924438476562,-45.86296081542969,0.0,-60.0,0.0,0.0,0.0
,id,0,73,bb7d,,,,,,90.0,90.0,180.0,0.0,-180.0,0.0,-180.0,0.0,1.0,1.0
,id,0,73,bb7d,,,,,,90.0,270.0,0.0,180.0,180.0,0.0,180.0,1.0,0.0,-1.0
,id,0,73,bb7d,,,,,,120.0,150.0,120.00000762939453,128.6822052001953,8.682197570800781,60.0,-60.0,0.0,0.0,0.0
,id,0,73,bb7d,,,,,,120.0,330.0,0.0,82.81924438476562,82.81924438476562,60.0,60.0,1.0,0.0,-1.0
,id,0,73,bb7d,,,,,,150.0,30.0,60.000003814697266,0.0,-60.000003814697266,0.0,-180.0,0.0,1.0,1.0
,id,0,73,bb7d,,,,,,150.0,210.0,60.000003814697266,151.04498291015625,91.04497909545898,120.0,-60.0,0.0,0.0,0.0
,id,0,73,bbc6,,,,,,30.0,0.0,0.0,0.0,0.0,0.0,0.0,1.0,1.0,0.0
,id,0,73,bbc6,,,,,,30.0,180.0,14.870942115783691,0.0,-14.870942115783691,0.0,-30.0,0.0,1.0,1.0
,id,0,73,bbc6,,,,,,60.0,60.0,60.000003814697266,0.0,-60.000003814697266,-60.0,0.0,0.0,1.0,1.0
,id,0,73,bbc6,,,,,,60.0,240.0,49.494651794433594,0.0,-49.494651794433594,-30.0,-60.0,0.0,1.0,1.0
,id,0,73,bbc6,,,,,,90.0,120.0,60.000003814697266,120.00000762939453,60.000003814697266,0.0,60.0,0.0,0.0,0.0
,id,0,73,bbc6,,,,,,90.0,300.0,119.99999237060547,60.000003814697266,-59.9999885559082,0.0,-60.0,0.0,0.0,0.0
,id,0,73,bbc6,,,,,,120.0,0.0,29.99998664855957,0.0,-29.99998664855957,-30.0,0.0,0.0,1.0,1.0
,id,0,73,bbc6,,,,,,120.0,180.0,90.0,60.000003814697266,-29.999996185302734,-30.0,0.0,0.0,0.0,0.0
,id,0,73,bbc6,,,,,,150.0,60.0,0.0,60.000003814697266,60.000003814697266,0.0,180.0,1.0,0.0,-1.0
,id,0,73,bbc6,,,,,,150.0,240.0,0.0,0.0,0.0,0.0,0.0,1.0,1.0,0.0
,id,0,73,bc2c,,,,,,30.0,30.0,0.0,14.870942115783691,14.870942115783691,0.0,30.0,1.0,0.0,-1.0
,id,0,73,bc2c,,,,,,30.0,210.0,60.000003814697266,60.000003814697266,0.0,0.0,0.0,0.0,0.0,0.0
,id,0,73,bc2c,,,,,,60.0,90.0,120.00000762939453,120.00000762939453,0.0,0.0,0.0,0.0,0.0,0.0
,id,0,73,bc2c,,,,,,60.0,270.0,0.0,93.32574462890625,93.32574462890625,90.0,30.0,1.0,0.0,-1.0
,id,0,73,bc2c,,,,,,90.0,150.0,30.000001907348633,150.0,119.99999809265137,0.0,120.0,0.0,0.0,0.0
,id,0,73,bc2c,,,,,,90.0,330.0,60.00000762939453,30.00000762939453,-30.0,0.0,-30.0,0.0,0.0,0.0
,id,0,73,bc2c,,,,,,120.0,30.0,82.81924438476562,82.81924438476562,0.0,0.0,0.0,0.0,0.0,0.0
,id,0,73,bc2c,,,,,,120.0,210.0,154.0949249267578,82.81924438476562,-71.27568054199219,0.0,-90.0,0.0,0.0,0.0
,id,0,73,bc2c,,,,,,150.0,90.0,57.7581901550293,165.12905883789062,107.37086868286133,120.0,0.0,0.0,0.0,0.0
,id,0,73,bc2c,,,,,,150.0,270.0,165.12905883789062,0.0,-165.12905883789062,-120.0,-150.0,0.0,1.0,1.0
,id,0,74,b7c1,,,,,,30.0,0.0,0.0,30.000001907348633,30.000001907348633,30.0,0.0,1.0,0.0,-1.0
,id,0,74,b7c1,,,,,,30.0,180.0,0.0,60.000003814697266,60.000003814697266,0.0,180.0,1.0,0.0,-1.0
,id,0,74,b7c1,,,,,,60.0,60.0,0.0,0.0,0.0,0.0,0.0,1.0,1.0,0.0
,id,0,74,b7c1,,,,,,60.0,240.0,0.0,0.0,0.0,0.0,0.0,1.0,1.0,0.0
,id,0,74,b7c1,,,,,,90.0,120.0,60.000003814697266,120.00000762939453,60.000003814697266,0.0,60.0,0.0,0.0,0.0
,id,0,74,b7c1,,,,,,90.0,300.0,0.0,60.000003814697266,60.000003814697266,0.0,60.0,1.0,0.0,-1.0
,id,0,74,b7c1,,,,,,120.0,0.0,0.0,0.0,0.0,0.0,0.0,1.0,1.0,0.0
,id,0,74,b7c1,,,,,,120.0,180.0,0.0,0.0,0.0,0.0,0.0,1.0,1.0,0.0
,id,0,74,b7c1,,,,,,150.0,60.0,0.0,0.0,0.0,0.0,0.0,1.0,1.0,0.0
,id,0,74,b7c1,,,,,,150.0,240.0,0.0,0.0,0.0,0.0,0.0,1.0,1.0,0.0
,id,0,74,b7fd,,,,,,30.0,30.0,28.95502281188965,0.0,-28.95502281188965,0.0,-60.0,0.0,1.0,1.0
,id,0,74,b7fd,,,,,,30.0,210.0,14.870942115783691,0.0,-14.870942115783691,0.0,-30.0,0.0,1.0,1.0
,id,0,74,b7fd,,,,,,60.0,90.0,0.0,25.905075073242188,25.905075073242188,0.0,30.0,1.0,0.0,-1.0
,id,0,74,b7fd,,,,,,60.0,270.0,0.0,120.00000762939453,120.00000762939453,0.0,180.0,1.0,0.0,-1.0
,id,0,74,b7fd,,,,,,90.0,150.0,30.000001907348633,30.000001907348633,0.0,0.0,0.0,0.0,0.0,0.0
,id,0,74,b7fd,,,,,,90.0,330.0,120.00000762939453,60.00000762939453,-60.0,0.0,-60.0,0.0,0.0,0.0
,id,0,74,b7fd,,,,,,120.0,30.0,82.81924438476562,82.81924438476562,0.0,0.0,0.0,0.0,0.0,0.0
,id,0,74,b7fd,,,,,,120.0,210.0,82.81924438476562,128.6822052001953,45.86296081542969,0.0,60.0,0.0,0.0,0.0
,id,0,74,b7fd,,,,,,150.0,90.0,0.0,120.00000762939453,120.00000762939453,120.0,0.0,1.0,0.0,-1.0
,id,0,74,b7fd,,,,,,150.0,270.0,0.0,0.0,0.0,0.0,0.0,1.0,1.0,0.0
,id,0,74,b80b,,,,,,30.0,60.0,0.0,0.0,0.0,0.0,0.0,1.0,1.0,0.0
,id,0,74,b80b,,,,,,30.0,240.0,0.0,0.0,0.0,0.0,0.0,1.0,1.0,0.0
,id,0,74,b80b,,,,,,60.0,120.0,0.0,0.0,0.0,0.0,0.0,1.0,1.0,0.0
,id,0,74,b80b,,,,,,60.0,300.0,0.0,0.0,0.0,0.0,0.0,1.0,1.0,0.0
,id,0,74,b80b,,,,,,90.0,0.0,180.0,0.0,-180.0,0.0,-180.0,0.0,1.0,1.0
,id,0,74,b80b,,,,,,90.0,180.0,0.0,180.0,180.0,0.0,180.0,1.0,0.0,-1.0
,id,0,74,b80b,,,,,,120.0,60.0,0.0,0.0,0.0,0.0,0.0,1.0,1.0,0.0
,id,0,74,b80b,,,,,,120.0,240.0,0.0,0.0,0.0,0.0,0.0,1.0,1.0,0.0
,id,0,74,b80b,,,,,,150.0,120.0,0.0,0.0,0.0,0.0,0.0,1.0,1.0,0.0
,id,0,74,b80b,,,,,,150.0,300.0,0.0,0.0,0.0,0.0,0.0,1.0,1.0,0.0
,id,0,74,b812,,,,,,30.0,90.0,0.0,0.0,0.0,0.0,0.0,1.0,1.0,0.0
,id,0,74,b812,,,,,,30.0,270.0,0.0,0.0,0.0,0.0,0.0,1.0,1.0,0.0
,id,0,74,b812,,,,,,60.0,150.0,0.0,0.0,0.0,0.0,0.0,1.0,1.0,0.0
,id,0,74,b812,,,,,,60.0,330.0,0.0,0.0,0.0,0.0,0.0,1.0,1.0,0.0
,id,0,74,b812,,,,,,90.0,30.0,180.0,180.0,0.0,0.0,0.0,0.0,0.0,0.0
,id,0,74,b812,,,,,,90.0,210.0,0.0,0.0,0.0,0.0,0.0,1.0,1.0,0.0
,id,0,74,b812,,,,,,120.0,90.0,0.0,0.0,0.0,0.0,0.0,1.0,1.0,0.0
,id,0,74,b812,,,,,,120.0,270.0,0.0,0.0,0.0,0.0,0.0,1.0,1.0,0.0
,id,0,74,b812,,,,,,150.0,150.0,0.0,0.0,0.0,0.0,0.0,1.0,1.0,0.0
,id,0,74,b812,,,,,,150.0,330.0,0.0,0.0,0.0,0.0,0.0,1.0,1.0,0.0
,id,0,74,b827,,,,,,30.0,120.0,0.0,0.0,0.0,0.0,0.0,1.0,1.0,0.0
,id,0,74,b827,,,,,,30.0,300.0,0.0,0.0,0.0,0.0,0.0,1.0,1.0,0.0
,id,0,74,b827,,,,,,60.0,0.0,0.0,30.000001907348633,30.000001907348633,30.0,0.0,1.0,0.0,-1.0
,id,0,74,b827,,,,,,60.0,180.0,0.0,30.000001907348633,30.000001907348633,30.0,0.0,1.0,0.0,-1.0
,id,0,74,b827,,,,,,90.0,60.0,60.000003814697266,180.0,119.99999618530273,0.0,120.0,0.0,0.0,0.0
,id,0,74,b827,,,,,,90.0,240.0,90.0,30.000001907348633,-59.99999809265137,0.0,-60.0,0.0,0.0,0.0
,id,0,74,b827,,,,,,120.0,120.0,0.0,0.0,0.0,0.0,0.0,1.0,1.0,0.0
,id,0,74,b827,,,,,,120.0,300.0,0.0,0.0,0.0,0.0,0.0,1.0,1.0,0.0
,id,0,74,b827,,,,,,150.0,0.0,0.0,0.0,0.0,0.0,0.0,1.0,1.0,0.0
,id,0,74,b827,,,,,,150.0,180.0,0.0,29.99998664855957,29.99998664855957,30.0,0.0,1.0,0.0,-1.0
,id,0,74,b871,,,,,,30.0,150.0,0.0,122.24180603027344,122.24180603027344,120.0,30.0,1.0,0.0,-1.0
,id,0,74,b871,,,,,,30.0,330.0,0.0,0.0,0.0,0.0,0.0,1.0,1.0,0.0
,id,0,74,b871,,,,,,60.0,30.0,0.0,0.0,0.0,0.0,0.0,1.0,1.0,0.0
,id,0,74,b871,,,,,,60.0,210.0,0.0,0.0,0.0,0.0,0.0,1.0,1.0,0.0
,id,0,74,b871,,,,,,90.0,90.0,180.0,0.0,-180.0,0.0,-180.0,0.0,1.0,1.0
,id,0,74,b871,,,,,,90.0,270.0,180.0,0.0,-180.0,0.0,-180.0,0.0,1.0,1.0
,id,0,74,b871,,,,,,120.0,150.0,0.0,0.0,0.0,0.0,0.0,1.0,1.0,0.0
,id,0,74,b871,,,,,,120.0,330.0,0.0,0.0,0.0,0.0,0.0,1.0,1.0,0.0
,id,0,74,b871,,,,,,150.0,30.0,0.0,0.0,0.0,0.0,0.0,1.0,1.0,0.0
,id,0,74,b871,,,,,,150.0,210.0,0.0,0.0,0.0,0.0,0.0,1.0,1.0,0.0
,id,0,74,b8ed,,,,,,30.0,0.0,0.0,0.0,0.0,0.0,0.0,1.0,1.0,0.0
,id,0,74,b8ed,,,,,,30.0,180.0,0.0,0.0,0.0,0.0,0.0,1.0,1.0,0.0
,id,0,74,b8ed,,,,,,60.0,60.0,0.0,0.0,0.0,0.0,0.0,1.0,1.0,0.0
,id,0,74,b8ed,,,,,,60.0,240.0,97.1807632446289,0.0,-97.1807632446289,0.0,-120.0,0.0,1.0,1.0
,id,0,74,b8ed,,,,,,90.0,120.0,120.00000762939453,60.000003814697266,-60.000003814697266,0.0,-60.0,0.0,0.0,0.0
,id,0,74,b8ed,,,,,,90.0,300.0,0.0,119.99999237060547,119.99999237060547,0.0,120.0,1.0,0.0,-1.0
,id,0,74,b8ed,,,,,,120.0,0.0,29.99998664855957,0.0,-29.99998664855957,-30.0,0.0,0.0,1.0,1.0
,id,0,74,b8ed,,,,,,120.0,180.0,0.0,0.0,0.0,0.0,0.0,1.0,1.0,0.0
,id,0,74,b8ed,,,,,,150.0,60.0,0.0,0.0,0.0,0.0,0.0,1.0,1.0,0.0
,id,0,74,b8ed,,,,,,150.0,240.0,0.0,14.870942115783691,14.870942115783691,0.0,30.0,1.0,0.0,-1.0
,id,0,74,b905,,,,,,30.0,30.0,0.0,0.0,0.0,0.0,0.0,1.0,1.0,0.0
,id,0,74,b905,,,,,,30.0,210.0,0.0,0.0,0.0,0.0,0.0,1.0,1.0,0.0
,id,0,74,b905,,,,,,60.0,90.0,0.0,0.0,0.0,0.0,0.0,1.0,1.0,0.0
,id,0,74,b905,,,,,,60.0,270.0,0.0,0.0,0.0,0.0,0.0,1.0,1.0,0.0
,id,0,74,b905,,,,,,90.0,150.0,180.0,0.0,-180.0,0.0,-180.0,0.0,1.0,1.0
,id,0,74,b905,,,,,,90.0,330.0,0.0,180.0,180.0,0.0,180.0,1.0,0.0,-1.0
,id,0,74,b905,,,,,,120.0,30.0,0.0,66.45188903808594,66.45188903808594,60.0,30.0,1.0,0.0,-1.0
,id,0,74,b905,,,,,,120.0,210.0,0.0,0.0,0.0,0.0,0.0,1.0,1.0,0.0
,id,0,74,b905,,,,,,150.0,90.0,0.0,0.0,0.0,0.0,0.0,1.0,1.0,0.0
,id,0,74,b905,,,,,,150.0,270.0,0.0,14.870942115783691,14.870942115783691,0.0,30.0,1.0,0.0,-1.0
,id,0,74,b943,,,,,,30.0,60.0,0.0,0.0,0.0,0.0,0.0,1.0,1.0,0.0
,id,0,74,b943,,,,,,30.0,240.0,0.0,0.0,0.0,0.0,0.0,1.0,1.0,0.0
,id,0,74,b943,,,,,,60.0,120.0,0.0,0.0,0.0,0.0,0.0,1.0,1.0,0.0
,id,0,74,b943,,,,,,60.0,300.0,120.00000762939453,0.0,-120.00000762939453,0.0,-180.0,0.0,1.0,1.0
,id,0,74,b943,,,,,,90.0,0.0,0.0,180.0,180.0,0.0,180.0,1.0,0.0,-1.0
,id,0,74,b943,,,,,,90.0,180.0,180.0,0.0,-180.0,0.0,-180.0,0.0,1.0,1.0
,id,0,74,b943,,,,,,120.0,60.0,0.0,0.0,0.0,0.0,0.0,1.0,1.0,0.0
,id,0,74,b943,,,,,,120.0,240.0,0.0,0.0,0.0,0.0,0.0,1.0,1.0,0.0
,id,0,74,b943,,,,,,150.0,120.0,0.0,0.0,0.0,0.0,0.0,1.0,1.0,0.0
,id,0,74,b943,,,,,,150.0,300.0,0.0,0.0,0.0,0.0,0.0,1.0,1.0,0.0
,id,0,74,b974,,,,,,30.0,90.0,0.0,0.0,0.0,0.0,0.0,1.0,1.0,0.0
,id,0,74,b974,,,,,,30.0,270.0,0.0,0.0,0.0,0.0,0.0,1.0,1.0,0.0
,id,0,74,b974,,,,,,60.0,150.0,51.31781005859375,0.0,-51.31781005859375,0.0,-60.0,0.0,1.0,1.0
,id,0,74,b974,,,,,,60.0,330.0,0.0,0.0,0.0,0.0,0.0,1.0,1.0,0.0
,id,0,74,b974,,,,,,90.0,30.0,180.0,0.0,-180.0,0.0,-180.0,0.0,1.0,1.0
,id,0,74,b974,,,,,,90.0,210.0,0.0,0.0,0.0,0.0,0.0,1.0,1.0,0.0
,id,0,74,b974,,,,,,120.0,90.0,0.0,0.0,0.0,0.0,0.0,1.0,1.0,0.0
,id,0,74,b974,,,,,,120.0,270.0,0.0,0.0,0.0,0.0,0.0,1.0,1.0,0.0
,id,0,74,b974,,,,,,150.0,150.0,0.0,0.0,0.0,0.0,0.0,1.0,1.0,0.0
,id,0,74,b974,,,,,,150.0,330.0,0.0,0.0,0.0,0.0,0.0,1.0,1.0,0.0
,id,0,74,b979,,,,,,30.0,120.0,28.95502281188965,180.0,151.04497718811035,120.0,120.0,0.0,0.0,0.0
,id,0,74,b979,,,,,,30.0,300.0,41.40962219238281,151.04498291015625,109.63536071777344,120.0,30.0,0.0,0.0,0.0
,id,0,74,b979,,,,,,60.0,0.0,30.000001907348633,0.0,-30.000001907348633,-30.0,0.0,0.0,1.0,1.0
,id,0,74,b979,,,,,,60.0,180.0,30.000001907348633,30.000001907348633,0.0,0.0,0.0,0.0,0.0,0.0
,id,0,74,b979,,,,,,90.0,60.0,60.000003814697266,119.99999237060547,59.9999885559082,0.0,60.0,0.0,0.0,0.0
,id,0,74,b979,,,,,,90.0,240.0,120.00000762939453,60.000003814697266,-60.000003814697266,0.0,-60.0,0.0,0.0,0.0
,id,0,74,b979,,,,,,120.0,120.0,82.81924438476562,82.81924438476562,0.0,0.0,0.0,0.0,0.0,0.0
,id,0,74,b979,,,,,,120.0,300.0,130.50535583496094,36.09777069091797,-94.40758514404297,-60.0,-90.0,0.0,0.0,0.0
,id,0,74,b979,,,,,,150.0,0.0,90.0,150.0,60.0,60.0,0.0,0.0,0.0,0.0
,id,0,74,b979,,,,,,150.0,180.0,0.0,60.000003814697266,60.000003814697266,0.0,180.0,1.0,0.0,-1.0
,id,0,74,b97b,,,,,,30.0,150.0,120.00000762939453,128.68218994140625,8.682182312011719,0.0,60.0,0.0,0.0,0.0
,id,0,74,b97b,,,,,,30.0,330.0,0.0,0.0,0.0,0.0,0.0,1.0,1.0,0.0
,id,0,74,b97b,,,,,,60.0,30.0,0.0,0.0,0.0,0.0,0.0,1.0,1.0,0.0
,id,0,74,b97b,,,,,,60.0,210.0,0.0,0.0,0.0,0.0,0.0,1.0,1.0,0.0
,id,0,74,b97b,,,,,,90.0,90.0,0.0,0.0,0.0,0.0,0.0,1.0,1.0,0.0
,id,0,74,b97b,,,,,,90.0,270.0,180.0,180.0,0.0,0.0,0.0,0.0,0.0,0.0
,id,0,74,b97b,,,,,,120.0,150.0,0.0,25.905075073242188,25.905075073242188,0.0,30.0,1.0,0.0,-1.0
,id,0,74,b97b,,,,,,120.0,330.0,0.0,0.0,0.0,0.0,0.0,1.0,1.0,0.0
,id,0,74,b97b,,,,,,150.0,30.0,0.0,0.0,0.0,0.0,0.0,1.0,1.0,0.0
,id,0,74,b97b,,,,,,150.0,210.0,0.0,0.0,0.0,0.0,0.0,1.0,1.0,0.0
,id,0,74,b9e6,,,,,,30.0,0.0,0.0,0.0,0.0,0.0,0.0,1.0,1.0,0.0
,id,0,74,b9e6,,,,,,30.0,180.0,0.0,0.0,0.0,0.0,0.0,1.0,1.0,0.0
,id,0,74,b9e6,,,,,,60.0,60.0,0.0,0.0,0.0,0.0,0.0,1.0,1.0,0.0
,id,0,74,b9e6,,,,,,60.0,240.0,0.0,0.0,0.0,0.0,0.0,1.0,1.0,0.0
,id,0,74,b9e6,,,,,,90.0,120.0,60.000003814697266,60.000003814697266,0.0,0.0,0.0,0.0,0.0,0.0
,id,0,74,b9e6,,,,,,90.0,300.0,60.000003814697266,0.0,-60.000003814697266,0.0,-60.0,0.0,1.0,1.0
,id,0,74,b9e6,,,,,,120.0,0.0,0.0,29.99998664855957,29.99998664855957,30.0,0.0,1.0,0.0,-1.0
,id,0,74,b9e6,,,,,,120.0,180.0,0.0,0.0,0.0,0.0,0.0,1.0,1.0,0.0
,id,0,74,b9e6,,,,,,150.0,60.0,0.0,0.0,0.0,0.0,0.0,1.0,1.0,0.0
,id,0,74,b9e6,,,,,,150.0,240.0,0.0,0.0,0.0,0.0,0.0,1.0,1.0,0.0
,id,0,74,ba0f,,,,,,30.0,30.0,151.04498291015625,41.40962219238281,-109.63536071777344,-120.0,-30.0,0.0,0.0,0.0
,id,0,74,ba0f,,,,,,30.0,210.0,151.04498291015625,151.04498291015625,0.0,0.0,0.0,0.0,0.0,0.0
,id,0,74,ba0f,,,,,,60.0,90.0,0.0,25.905075073242188,25.905075073242188,0.0,30.0,1.0,0.0,-1.0
,id,0,74,ba0f,,,,,,60.0,270.0,138.59039306640625,60.000003814697266,-78.59038925170898,30.0,-150.0,0.0,0.0,0.0
,id,0,74,ba0f,,,,,,90.0,150.0,0.0,150.0,150.0,0.0,150.0,1.0,0.0,-1.0
,id,0,74,ba0f,,,,,,90.0,330.0,180.0,150.0,-30.0,0.0,-30.0,0.0,0.0,0.0
,id,0,74,ba0f,,,,,,120.0,30.0,0.0,113.54811096191406,113.54811096191406,0.0,150.0,1.0,0.0,-1.0
,id,0,74,ba0f,,,,,,120.0,210.0,180.0,180.0,0.0,0.0,0.0,0.0,0.0,0.0
,id,0,74,ba0f,,,,,,150.0,90.0,0.0,14.870942115783691,14.870942115783691,0.0,30.0,1.0,0.0,-1.0
,id,0,74,ba0f,,,,,,150.0,270.0,180.0,120.00000762939453,-59.99999237060547,0.0,-180.0,0.0,0.0,0.0
,id,0,74,baa9,,,,,,30.0,60.0,0.0,0.0,0.0,0.0,0.0,1.0,1.0,0.0
,id,0,74,baa9,,,,,,30.0,240.0,0.0,0.0,0.0,0.0,0.0,1.0,1.0,0.0
,id,0,74,baa9,,,,,,60.0,120.0,0.0,0.0,0.0,0.0,0.0,1.0,1.0,0.0
,id,0,74,baa9,,,,,,60.0,300.0,0.0,0.0,0.0,0.0,0.0,1.0,1.0,0.0
,id,0,74,baa9,,,,,,90.0,0.0,180.0,0.0,-180.0,0.0,-180.0,0.0,1.0,1.0
,id,0,74,baa9,,,,,,90.0,180.0,0.0,180.0,180.0,0.0,180.0,1.0,0.0,-1.0
,id,0,74,baa9,,,,,,120.0,60.0,0.0,0.0,0.0,0.0,0.0,1.0,1.0,0.0
,id,0,74,baa9,,,,,,120.0,240.0,0.0,0.0,0.0,0.0,0.0,1.0,1.0,0.0
,id,0,74,baa9,,,,,,150.0,120.0,0.0,0.0,0.0,0.0,0.0,1.0,1.0,0.0
,id,0,74,baa9,,,,,,150.0,300.0,0.0,0.0,0.0,0.0,0.0,1.0,1.0,0.0
,id,0,74,bb26,,,,,,30.0,90.0,57.7581901550293,180.0,122.2418098449707,120.0,30.0,0.0,0.0,0.0
,id,0,74,bb26,,,,,,30.0,270.0,0.0,180.0,180.0,120.0,180.0,1.0,0.0,-1.0
,id,0,74,bb26,,,,,,60.0,150.0,82.81924438476562,180.0,97.18075561523438,0.0,120.0,0.0,0.0,0.0
,id,0,74,bb26,,,,,,60.0,330.0,82.81924438476562,180.0,97.18075561523438,0.0,120.0,0.0,0.0,0.0
,id,0,74,bb26,,,,,,90.0,30.0,180.0,120.00000762939453,-59.99999237060547,0.0,-60.0,0.0,0.0,0.0
,id,0,74,bb26,,,,,,90.0,210.0,0.0,120.00000762939453,120.00000762939453,0.0,120.0,1.0,0.0,-1.0
,id,0,74,bb26,,,,,,120.0,90.0,154.09490966796875,180.0,25.90509033203125,0.0,30.0,0.0,0.0,0.0
,id,0,74,bb26,,,,,,120.0,270.0,0.0,0.0,0.0,0.0,0.0,1.0,1.0,0.0
,id,0,74,bb26,,,,,,150.0,150.0,60.000003814697266,28.95502281188965,-31.044981002807617,0.0,-120.0,0.0,0.0,0.0
,id,0,74,bb26,,,,,,150.0,330.0,128.68218994140625,0.0,-128.68218994140625,-120.0,-60.0,0.0,1.0,1.0
,id,0,74,bb7c,,,,,,30.0,120.0,0.0,0.0,0.0,0.0,0.0,1.0,1.0,0.0
,id,0,74,bb7c,,,,,,30.0,300.0,0.0,0.0,0.0,0.0,0.0,1.0,1.0,0.0
,id,0,74,bb7c,,,,,,60.0,0.0,0.0,0.0,0.0,0.0,0.0,1.0,1.0,0.0
,id,0,74,bb7c,,,,,,60.0,180.0,0.0,25.905075073242188,25.905075073242188,0.0,30.0,1.0,0.0,-1.0
,id,0,74,bb7c,,,,,,90.0,60.0,0.0,60.000003814697266,60.000003814697266,0.0,60.0,1.0,0.0,-1.0
,id,0,74,bb7c,,,,,,90.0,240.0,120.00000762939453,120.00000762939453,0.0,0.0,0.0,0.0,0.0,0.0
,id,0,74,bb7c,,,,,,120.0,120.0,0.0,0.0,0.0,0.0,0.0,1.0,1.0,0.0
,id,0,74,bb7c,,,,,,120.0,300.0,0.0,0.0,0.0,0.0,0.0,1.0,1.0,0.0
,id,0,74,bb7c,,,,,,150.0,0.0,0.0,29.99998664855957,29.99998664855957,30.0,0.0,1.0,0.0,-1.0
,id,0,74,bb7c,,,,,,150.0,180.0,0.0,90.0,90.0,30.0,180.0,1.0,0.0,-1.0
,id,0,74,bb7d,,,,,,30.0,150.0,128.68218994140625,128.68218994140625,0.0,0.0,0.0,0.0,0.0,0.0
,id,0,74,bb7d,,,,,,30.0,330.0,151.04498291015625,128.68218994140625,-22.36279296875,0.0,-60.0,0.0,0.0,0.0
,id,0,74,bb7d,,,,,,60.0,30.0,82.81924438476562,82.81924438476562,0.0,0.0,0.0,0.0,0.0,0.0
,id,0,74,bb7d,,,,,,60.0,210.0,82.81924438476562,51.31781005859375,-31.501434326171875,-60.0,0.0,0.0,0.0,0.0
,id,0,74,bb7d,,,,,,90.0,90.0,180.0,180.0,0.0,0.0,0.0,0.0,0.0,0.0
,id,0,74,bb7d,,,,,,90.0,270.0,0.0,180.0,180.0,0.0,180.0,1.0,0.0,-1.0
,id,0,74,bb7d,,,,,,120.0,150.0,120.00000762939453,180.0,59.99999237060547,60.0,0.0,0.0,0.0,0.0
,id,0,74,bb7d,,,,,,120.0,330.0,0.0,0.0,0.0,0.0,0.0,1.0,1.0,0.0
,id,0,74,bb7d,,,,,,150.0,30.0,60.000003814697266,0.0,-60.000003814697266,0.0,-180.0,0.0,1.0,1.0
,id,0,74,bb7d,,,,,,150.0,210.0,60.000003814697266,122.24180603027344,62.24180221557617,120.0,-150.0,0.0,0.0,0.0
,id,0,74,bbc6,,,,,,30.0,0.0,0.0,0.0,0.0,0.0,0.0,1.0,1.0,0.0
,id,0,74,bbc6,,,,,,30.0,180.0,0.0,0.0,0.0,0.0,0.0,1.0,1.0,0.0
,id,0,74,bbc6,,,,,,60.0,60.0,128.68218994140625,0.0,-128.68218994140625,-60.0,-120.0,0.0,1.0,1.0
,id,0,74,bbc6,,,,,,60.0,240.0,25.905075073242188,0.0,-25.905075073242188,0.0,-30.0,0.0,1.0,1.0
,id,0,74,bbc6,,,,,,90.0,120.0,0.0,120.00000762939453,120.00000762939453,0.0,120.0,1.0,0.0,-1.0
,id,0,74,bbc6,,,,,,90.0,300.0,180.0,60.000003814697266,-119.99999618530273,0.0,-120.0,0.0,0.0,0.0
,id,0,74,bbc6,,,,,,120.0,0.0,29.99998664855957,0.0,-29.99998664855957,-30.0,0.0,0.0,1.0,1.0
,id,0,74,bbc6,,,,,,120.0,180.0,29.99998664855957,60.000003814697266,30.000017166137695,30.0,0.0,0.0,0.0,0.0
,id,0,74,bbc6,,,,,,150.0,60.0,0.0,0.0,0.0,0.0,0.0,1.0,1.0,0.0
,id,0,74,bbc6,,,,,,150.0,240.0,0.0,60.000003814697266,60.000003814697266,0.0,180.0,1.0,0.0,-1.0
,id,0,74,bc2c,,,,,,30.0,30.0,60.000003814697266,57.7581901550293,-2.2418136596679688,0.0,-30.0,0.0,0.0,0.0
,id,0,74,bc2c,,,,,,30.0,210.0,60.000003814697266,60.000003814697266,0.0,0.0,0.0,0.0,0.0,0.0
,id,0,74,bc2c,,,,,,60.0,90.0,113.5481185913086,120.00000762939453,6.4518890380859375,0.0,30.0,0.0,0.0,0.0
,id,0,74,bc2c,,,,,,60.0,270.0,0.0,90.0,90.0,30.0,180.0,1.0,0.0,-1.0
,id,0,74,bc2c,,,,,,90.0,150.0,60.000003814697266,30.000001907348633,-30.000001907348633,0.0,-30.0,0.0,0.0,0.0
,id,0,74,bc2c,,,,,,90.0,330.0,120.00000762939453,30.00000762939453,-90.0,0.0,-90.0,0.0,0.0,0.0
,id,0,74,bc2c,,,,,,120.0,30.0,82.81924438476562,0.0,-82.81924438476562,-60.0,-60.0,0.0,1.0,1.0
,id,0,74,bc2c,,,,,,120.0,210.0,180.0,180.0,0.0,0.0,0.0,0.0,0.0,0.0
,id,0,74,bc2c,,,,,,150.0,90.0,57.7581901550293,122.24180603027344,64.48361587524414,120.0,-120.0,0.0,0.0,0.0
,id,0,74,bc2c,,,,,,150.0,270.0,165.12905883789062,0.0,-165.12905883789062,-120.0,-150.0,0.0,1.0,1.0
,id,0,75,b7c1,,,,,,30.0,0.0,0.0,30.000001907348633,30.000001907348633,30.0,0.0,1.0,0.0,-1.0
,id,0,75,b7c1,,,,,,30.0,180.0,0.0,90.0,90.0,30.0,180.0,1.0,0.0,-1.0
,id,0,75,b7c1,,,,,,60.0,60.0,0.0,0.0,0.0,0.0,0.0,1.0,1.0,0.0
,id,0,75,b7c1,,,,,,60.0,240.0,0.0,0.0,0.0,0.0,0.0,1.0,1.0,0.0
,id,0,75,b7c1,,,,,,90.0,120.0,120.00000762939453,120.00000762939453,0.0,0.0,0.0,0.0,0.0,0.0
,id,0,75,b7c1,,,,,,90.0,300.0,0.0,60.000003814697266,60.000003814697266,0.0,60.0,1.0,0.0,-1.0
,id,0,75,b7c1,,,,,,120.0,0.0,0.0,0.0,0.0,0.0,0.0,1.0,1.0,0.0
,id,0,75,b7c1,,,,,,120.0,180.0,0.0,0.0,0.0,0.0,0.0,1.0,1.0,0.0
,id,0,75,b7c1,,,,,,150.0,60.0,0.0,0.0,0.0,0.0,0.0,1.0,1.0,0.0
,id,0,75,b7c1,,,,,,150.0,240.0,0.0,60.000003814697266,60.000003814697266,0.0,180.0,1.0,0.0,-1.0
,id,0,75,b7fd,,,,,,30.0,30.0,28.95502281188965,0.0,-28.95502281188965,0.0,-60.0,0.0,1.0,1.0
,id,0,75,b7fd,,,,,,30.0,210.0,120.00000762939453,180.0,59.99999237060547,0.0,180.0,0.0,0.0,0.0
,id,0,75,b7fd,,,,,,60.0,90.0,0.0,0.0,0.0,0.0,0.0,1.0,1.0,0.0
,id,0,75,b7fd,,,,,,60.0,270.0,0.0,120.00000762939453,120.00000762939453,0.0,180.0,1.0,0.0,-1.0
,id,0,75,b7fd,,,,,,90.0,150.0,60.000003814697266,30.000001907348633,-30.000001907348633,0.0,-30.0,0.0,0.0,0.0
,id,0,75,b7fd,,,,,,90.0,330.0,120.00000762939453,120.00000762939453,0.0,0.0,0.0,0.0,0.0,0.0
,id,0,75,b7fd,,,,,,120.0,30.0,25.905075073242188,82.81924438476562,56.91416931152344,60.0,30.0,0.0,0.0,0.0
,id,0,75,b7fd,,,,,,120.0,210.0,128.6822052001953,128.6822052001953,0.0,0.0,0.0,0.0,0.0,0.0
,id,0,75,b7fd,,,,,,150.0,90.0,0.0,0.0,0.0,0.0,0.0,1.0,1.0,0.0
,id,0,75,b7fd,,,,,,150.0,270.0,0.0,0.0,0.0,0.0,0.0,1.0,1.0,0.0
,id,0,75,b80b,,,,,,30.0,60.0,0.0,0.0,0.0,0.0,0.0,1.0,1.0,0.0
,id,0,75,b80b,,,,,,30.0,240.0,0.0,0.0,0.0,0.0,0.0,1.0,1.0,0.0
,id,0,75,b80b,,,,,,60.0,120.0,0.0,0.0,0.0,0.0,0.0,1.0,1.0,0.0
,id,0,75,b80b,,,,,,60.0,300.0,0.0,0.0,0.0,0.0,0.0,1.0,1.0,0.0
,id,0,75,b80b,,,,,,90.0,0.0,0.0,0.0,0.0,0.0,0.0,1.0,1.0,0.0
,id,0,75,b80b,,,,,,90.0,180.0,180.0,180.0,0.0,0.0,0.0,0.0,0.0,0.0
,id,0,75,b80b,,,,,,120.0,60.0,0.0,0.0,0.0,0.0,0.0,1.0,1.0,0.0
,id,0,75,b80b,,,,,,120.0,240.0,0.0,0.0,0.0,0.0,0.0,1.0,1.0,0.0
,id,0,75,b80b,,,,,,150.0,120.0,0.0,0.0,0.0,0.0,0.0,1.0,1.0,0.0
,id,0,75,b80b,,,,,,150.0,300.0,0.0,0.0,0.0,0.0,0.0,1.0,1.0,0.0
,id,0,75,b812,,,,,,30.0,90.0,0.0,0.0,0.0,0.0,0.0,1.0,1.0,0.0
,id,0,75,b812,,,,,,30.0,270.0,0.0,0.0,0.0,0.0,0.0,1.0,1.0,0.0
,id,0,75,b812,,,,,,60.0,150.0,0.0,0.0,0.0,0.0,0.0,1.0,1.0,0.0
,id,0,75,b812,,,,,,60.0,330.0,0.0,0.0,0.0,0.0,0.0,1.0,1.0,0.0
,id,0,75,b812,,,,,,90.0,30.0,180.0,180.0,0.0,0.0,0.0,0.0,0.0,0.0
,id,0,75,b812,,,,,,90.0,210.0,0.0,0.0,0.0,0.0,0.0,1.0,1.0,0.0
,id,0,75,b812,,,,,,120.0,90.0,0.0,0.0,0.0,0.0,0.0,1.0,1.0,0.0
,id,0,75,b812,,,,,,120.0,270.0,0.0,0.0,0.0,0.0,0.0,1.0,1.0,0.0
,id,0,75,b812,,,,,,150.0,150.0,0.0,0.0,0.0,0.0,0.0,1.0,1.0,0.0
,id,0,75,b812,,,,,,150.0,330.0,0.0,0.0,0.0,0.0,0.0,1.0,1.0,0.0
,id,0,75,b827,,,,,,30.0,120.0,0.0,0.0,0.0,0.0,0.0,1.0,1.0,0.0
,id,0,75,b827,,,,,,30.0,300.0,0.0,0.0,0.0,0.0,0.0,1.0,1.0,0.0
,id,0,75,b827,,,,,,60.0,0.0,0.0,30.000001907348633,30.000001907348633,30.0,0.0,1.0,0.0,-1.0
,id,0,75,b827,,,,,,60.0,180.0,0.0,0.0,0.0,0.0,0.0,1.0,1.0,0.0
,id,0,75,b827,,,,,,90.0,60.0,180.0,180.0,0.0,0.0,0.0,0.0,0.0,0.0
,id,0,75,b827,,,,,,90.0,240.0,0.0,60.000003814697266,60.000003814697266,0.0,60.0,1.0,0.0,-1.0
,id,0,75,b827,,,,,,120.0,120.0,0.0,0.0,0.0,0.0,0.0,1.0,1.0,0.0
,id,0,75,b827,,,,,,120.0,300.0,0.0,0.0,0.0,0.0,0.0,1.0,1.0,0.0
,id,0,75,b827,,,,,,150.0,0.0,0.0,0.0,0.0,0.0,0.0,1.0,1.0,0.0
,id,0,75,b827,,,,,,150.0,180.0,0.0,29.99998664855957,29.99998664855957,30.0,0.0,1.0,0.0,-1.0
,id,0,75,b871,,,,,,30.0,150.0,0.0,0.0,0.0,0.0,0.0,1.0,1.0,0.0
,id,0,75,b871,,,,,,30.0,330.0,0.0,0.0,0.0,0.0,0.0,1.0,1.0,0.0
,id,0,75,b871,,,,,,60.0,30.0,0.0,0.0,0.0,0.0,0.0,1.0,1.0,0.0
,id,0,75,b871,,,,,,60.0,210.0,0.0,0.0,0.0,0.0,0.0,1.0,1.0,0.0
,id,0,75,b871,,,,,,90.0,90.0,180.0,0.0,-180.0,0.0,-180.0,0.0,1.0,1.0
,id,0,75,b871,,,,,,90.0,270.0,180.0,0.0,-180.0,0.0,-180.0,0.0,1.0,1.0
,id,0,75,b871,,,,,,120.0,150.0,0.0,0.0,0.0,0.0,0.0,1.0,1.0,0.0
,id,0,75,b871,,,,,,120.0,330.0,0.0,0.0,0.0,0.0,0.0,1.0,1.0,0.0
,id,0,75,b871,,,,,,150.0,30.0,0.0,0.0,0.0,0.0,0.0,1.0,1.0,0.0
,id,0,75,b871,,,,,,150.0,210.0,0.0,0.0,0.0,0.0,0.0,1.0,1.0,0.0
,id,0,75,b8ed,,,,,,30.0,0.0,0.0,120.00000762939453,120.00000762939453,120.0,0.0,1.0,0.0,-1.0
,id,0,75,b8ed,,,,,,30.0,180.0,0.0,60.000003814697266,60.000003814697266,0.0,180.0,1.0,0.0,-1.0
,id,0,75,b8ed,,,,,,60.0,60.0,0.0,0.0,0.0,0.0,0.0,1.0,1.0,0.0
,id,0,75,b8ed,,,,,,60.0,240.0,97.1807632446289,0.0,-97.1807632446289,0.0,-120.0,0.0,1.0,1.0
,id,0,75,b8ed,,,,,,90.0,120.0,120.00000762939453,60.000003814697266,-60.000003814697266,0.0,-60.0,0.0,0.0,0.0
,id,0,75,b8ed,,,,,,90.0,300.0,0.0,60.000003814697266,60.000003814697266,0.0,60.0,1.0,0.0,-1.0
,id,0,75,b8ed,,,,,,120.0,0.0,0.0,0.0,0.0,0.0,0.0,1.0,1.0,0.0
,id,0,75,b8ed,,,,,,120.0,180.0,0.0,0.0,0.0,0.0,0.0,1.0,1.0,0.0
,id,0,75,b8ed,,,,,,150.0,60.0,0.0,0.0,0.0,0.0,0.0,1.0,1.0,0.0
,id,0,75,b8ed,,,,,,150.0,240.0,60.000003814697266,0.0,-60.000003814697266,0.0,-180.0,0.0,1.0,1.0
,id,0,75,b905,,,,,,30.0,30.0,0.0,0.0,0.0,0.0,0.0,1.0,1.0,0.0
,id,0,75,b905,,,,,,30.0,210.0,0.0,0.0,0.0,0.0,0.0,1.0,1.0,0.0
,id,0,75,b905,,,,,,60.0,90.0,0.0,0.0,0.0,0.0,0.0,1.0,1.0,0.0
,id,0,75,b905,,,,,,60.0,270.0,0.0,0.0,0.0,0.0,0.0,1.0,1.0,0.0
,id,0,75,b905,,,,,,90.0,150.0,180.0,180.0,0.0,0.0,0.0,0.0,0.0,0.0
,id,0,75,b905,,,,,,90.0,330.0,0.0,30.00000762939453,30.00000762939453,0.0,30.0,1.0,0.0,-1.0
,id,0,75,b905,,,,,,120.0,30.0,82.81924438476562,82.81924438476562,0.0,0.0,0.0,0.0,0.0,0.0
,id,0,75,b905,,,,,,120.0,210.0,0.0,0.0,0.0,0.0,0.0,1.0,1.0,0.0
,id,0,75,b905,,,,,,150.0,90.0,0.0,0.0,0.0,0.0,0.0,1.0,1.0,0.0
,id,0,75,b905,,,,,,150.0,270.0,0.0,0.0,0.0,0.0,0.0,1.0,1.0,0.0
,id,0,75,b943,,,,,,30.0,60.0,0.0,0.0,0.0,0.0,0.0,1.0,1.0,0.0
,id,0,75,b943,,,,,,30.0,240.0,0.0,0.0,0.0,0.0,0.0,1.0,1.0,0.0
,id,0,75,b943,,,,,,60.0,120.0,0.0,0.0,0.0,0.0,0.0,1.0,1.0,0.0
,id,0,75,b943,,,,,,60.0,300.0,0.0,0.0,0.0,0.0,0.0,1.0,1.0,0.0
,id,0,75,b943,,,,,,90.0,0.0,0.0,180.0,180.0,0.0,180.0,1.0,0.0,-1.0
,id,0,75,b943,,,,,,90.0,180.0,180.0,0.0,-180.0,0.0,-180.0,0.0,1.0,1.0
,id,0,75,b943,,,,,,120.0,60.0,0.0,0.0,0.0,0.0,0.0,1.0,1.0,0.0
,id,0,75,b943,,,,,,120.0,240.0,0.0,0.0,0.0,0.0,0.0,1.0,1.0,0.0
,id,0,75,b943,,,,,,150.0,120.0,0.0,0.0,0.0,0.0,0.0,1.0,1.0,0.0
,id,0,75,b943,,,,,,150.0,300.0,0.0,0.0,0.0,0.0,0.0,1.0,1.0,0.0
,id,0,75,b974,,,,,,30.0,90.0,0.0,0.0,0.0,0.0,0.0,1.0,1.0,0.0
,id,0,75,b974,,,,,,30.0,270.0,0.0,0.0,0.0,0.0,0.0,1.0,1.0,0.0
,id,0,75,b974,,,,,,60.0,150.0,82.81924438476562,82.81924438476562,0.0,0.0,0.0,0.0,0.0,0.0
,id,0,75,b974,,,,,,60.0,330.0,0.0,0.0,0.0,0.0,0.0,1.0,1.0,0.0
,id,0,75,b974,,,,,,90.0,30.0,0.0,180.0,180.0,0.0,180.0,1.0,0.0,-1.0
,id,0,75,b974,,,,,,90.0,210.0,0.0,0.0,0.0,0.0,0.0,1.0,1.0,0.0
,id,0,75,b974,,,,,,120.0,90.0,0.0,0.0,0.0,0.0,0.0,1.0,1.0,0.0
,id,0,75,b974,,,,,,120.0,270.0,0.0,0.0,0.0,0.0,0.0,1.0,1.0,0.0
,id,0,75,b974,,,,,,150.0,150.0,0.0,0.0,0.0,0.0,0.0,1.0,1.0,0.0
,id,0,75,b974,,,,,,150.0,330.0,0.0,0.0,0.0,0.0,0.0,1.0,1.0,0.0
,id,0,75,b979,,,,,,30.0,120.0,128.68218994140625,60.000003814697266,-68.68218612670898,-120.0,120.0,0.0,0.0,0.0
,id,0,75,b979,,,,,,30.0,300.0,41.40962219238281,51.31781005859375,9.908187866210938,0.0,30.0,0.0,0.0,0.0
,id,0,75,b979,,,,,,60.0,0.0,30.000001907348633,0.0,-30.000001907348633,-30.0,0.0,0.0,1.0,1.0
,id,0,75,b979,,,,,,60.0,180.0,30.000001907348633,25.905075073242188,-4.094926834106445,-30.0,30.0,0.0,0.0,0.0
,id,0,75,b979,,,,,,90.0,60.0,119.99999237060547,119.99999237060547,0.0,0.0,0.0,0.0,0.0,0.0
,id,0,75,b979,,,,,,90.0,240.0,60.000003814697266,60.000003814697266,0.0,0.0,0.0,0.0,0.0,0.0
,id,0,75,b979,,,,,,120.0,120.0,128.6822052001953,128.6822052001953,0.0,0.0,0.0,0.0,0.0,0.0
,id,0,75,b979,,,,,,120.0,300.0,130.50535583496094,128.68218994140625,-1.8231658935546875,-30.0,0.0,0.0,0.0,0.0
,id,0,75,b979,,,,,,150.0,0.0,60.000003814697266,90.0,29.999996185302734,30.0,0.0,0.0,0.0,0.0
,id,0,75,b979,,,,,,150.0,180.0,60.000003814697266,60.000003814697266,0.0,0.0,0.0,0.0,0.0,0.0
,id,0,75,b97b,,,,,,30.0,150.0,151.04498291015625,14.870942115783691,-136.17404079437256,-120.0,-90.0,0.0,0.0,0.0
,id,0,75,b97b,,,,,,30.0,330.0,0.0,0.0,0.0,0.0,0.0,1.0,1.0,0.0
,id,0,75,b97b,,,,,,60.0,30.0,0.0,0.0,0.0,0.0,0.0,1.0,1.0,0.0
,id,0,75,b97b,,,,,,60.0,210.0,0.0,25.905075073242188,25.905075073242188,0.0,30.0,1.0,0.0,-1.0
,id,0,75,b97b,,,,,,90.0,90.0,180.0,180.0,0.0,0.0,0.0,0.0,0.0,0.0
,id,0,75,b97b,,,,,,90.0,270.0,0.0,0.0,0.0,0.0,0.0,1.0,1.0,0.0
,id,0,75,b97b,,,,,,120.0,150.0,0.0,0.0,0.0,0.0,0.0,1.0,1.0,0.0
,id,0,75,b97b,,,,,,120.0,330.0,0.0,0.0,0.0,0.0,0.0,1.0,1.0,0.0
,id,0,75,b97b,,,,,,150.0,30.0,0.0,0.0,0.0,0.0,0.0,1.0,1.0,0.0
,id,0,75,b97b,,,,,,150.0,210.0,0.0,0.0,0.0,0.0,0.0,1.0,1.0,0.0
,id,0,75,b9e6,,,,,,30.0,0.0,0.0,0.0,0.0,0.0,0.0,1.0,1.0,0.0
,id,0,75,b9e6,,,,,,30.0,180.0,0.0,0.0,0.0,0.0,0.0,1.0,1.0,0.0
,id,0,75,b9e6,,,,,,60.0,60.0,0.0,0.0,0.0,0.0,0.0,1.0,1.0,0.0
,id,0,75,b9e6,,,,,,60.0,240.0,0.0,0.0,0.0,0.0,0.0,1.0,1.0,0.0
,id,0,75,b9e6,,,,,,90.0,120.0,120.00000762939453,60.000003814697266,-60.000003814697266,0.0,-60.0,0.0,0.0,0.0
,id,0,75,b9e6,,,,,,90.0,300.0,60.000003814697266,0.0,-60.000003814697266,0.0,-60.0,0.0,1.0,1.0
,id,0,75,b9e6,,,,,,120.0,0.0,0.0,29.99998664855957,29.99998664855957,30.0,0.0,1.0,0.0,-1.0
,id,0,75,b9e6,,,,,,120.0,180.0,0.0,0.0,0.0,0.0,0.0,1.0,1.0,0.0
,id,0,75,b9e6,,,,,,150.0,60.0,0.0,0.0,0.0,0.0,0.0,1.0,1.0,0.0
,id,0,75,b9e6,,,,,,150.0,240.0,0.0,0.0,0.0,0.0,0.0,1.0,1.0,0.0
,id,0,75,ba0f,,,,,,30.0,30.0,128.68218994140625,57.7581901550293,-70.92399978637695,-120.0,90.0,0.0,0.0,0.0
,id,0,75,ba0f,,,,,,30.0,210.0,51.31781005859375,151.04498291015625,99.7271728515625,120.0,0.0,0.0,0.0,0.0
,id,0,75,ba0f,,,,,,60.0,90.0,25.905075073242188,60.000003814697266,34.09492874145508,60.0,-30.0,0.0,0.0,0.0
,id,0,75,ba0f,,,,,,60.0,270.0,150.0,60.000003814697266,-89.99999618530273,30.0,-180.0,0.0,0.0,0.0
,id,0,75,ba0f,,,,,,90.0,150.0,150.0,0.0,-150.0,0.0,-150.0,0.0,1.0,1.0
,id,0,75,ba0f,,,,,,90.0,330.0,150.0,0.0,-150.0,0.0,-150.0,0.0,1.0,1.0
,id,0,75,ba0f,,,,,,120.0,30.0,0.0,82.81924438476562,82.81924438476562,60.0,60.0,1.0,0.0,-1.0
,id,0,75,ba0f,,,,,,120.0,210.0,180.0,82.81924438476562,-97.18075561523438,0.0,-120.0,0.0,0.0,0.0
,id,0,75,ba0f,,,,,,150.0,90.0,0.0,120.00000762939453,120.00000762939453,120.0,0.0,1.0,0.0,-1.0
,id,0,75,ba0f,,,,,,150.0,270.0,122.24180603027344,180.0,57.75819396972656,0.0,150.0,0.0,0.0,0.0
,id,0,75,baa9,,,,,,30.0,60.0,0.0,0.0,0.0,0.0,0.0,1.0,1.0,0.0
,id,0,75,baa9,,,,,,30.0,240.0,0.0,0.0,0.0,0.0,0.0,1.0,1.0,0.0
,id,0,75,baa9,,,,,,60.0,120.0,0.0,0.0,0.0,0.0,0.0,1.0,1.0,0.0
,id,0,75,baa9,,,,,,60.0,300.0,0.0,0.0,0.0,0.0,0.0,1.0,1.0,0.0
,id,0,75,baa9,,,,,,90.0,0.0,0.0,0.0,0.0,0.0,0.0,1.0,1.0,0.0
,id,0,75,baa9,,,,,,90.0,180.0,180.0,180.0,0.0,0.0,0.0,0.0,0.0,0.0
,id,0,75,baa9,,,,,,120.0,60.0,0.0,0.0,0.0,0.0,0.0,1.0,1.0,0.0
,id,0,75,baa9,,,,,,120.0,240.0,0.0,0.0,0.0,0.0,0.0,1.0,1.0,0.0
,id,0,75,baa9,,,,,,150.0,120.0,0.0,0.0,0.0,0.0,0.0,1.0,1.0,0.0
,id,0,75,baa9,,,,,,150.0,300.0,0.0,0.0,0.0,0.0,0.0,1.0,1.0,0.0
,id,0,75,bb26,,,,,,30.0,90.0,180.0,0.0,-180.0,-120.0,-180.0,0.0,1.0,1.0
,id,0,75,bb26,,,,,,30.0,270.0,0.0,122.24180603027344,122.24180603027344,120.0,30.0,1.0,0.0,-1.0
,id,0,75,bb26,,,,,,60.0,150.0,82.81924438476562,82.81924438476562,0.0,0.0,0.0,0.0,0.0,0.0
,id,0,75,bb26,,,,,,60.0,330.0,66.45188903808594,82.81924438476562,16.367355346679688,0.0,30.0,0.0,0.0,0.0
,id,0,75,bb26,,,,,,90.0,30.0,120.00000762939453,60.00000762939453,-60.0,0.0,-60.0,0.0,0.0,0.0
,id,0,75,bb26,,,,,,90.0,210.0,60.000003814697266,120.00000762939453,60.000003814697266,0.0,60.0,0.0,0.0,0.0
,id,0,75,bb26,,,,,,120.0,90.0,60.000003814697266,180.0,119.99999618530273,0.0,180.0,0.0,0.0,0.0
,id,0,75,bb26,,,,,,120.0,270.0,0.0,29.99998664855957,29.99998664855957,30.0,0.0,1.0,0.0,-1.0
,id,0,75,bb26,,,,,,150.0,150.0,60.000003814697266,128.68218994140625,68.68218612670898,120.0,-120.0,0.0,0.0,0.0
,id,0,75,bb26,,,,,,150.0,330.0,122.24180603027344,0.0,-122.24180603027344,-120.0,-30.0,0.0,1.0,1.0
,id,0,75,bb7c,,,,,,30.0,120.0,0.0,0.0,0.0,0.0,0.0,1.0,1.0,0.0
,id,0,75,bb7c,,,,,,30.0,300.0,0.0,0.0,0.0,0.0,0.0,1.0,1.0,0.0
,id,0,75,bb7c,,,,,,60.0,0.0,0.0,0.0,0.0,0.0,0.0,1.0,1.0,0.0
,id,0,75,bb7c,,,,,,60.0,180.0,0.0,120.00000762939453,120.00000762939453,0.0,180.0,1.0,0.0,-1.0
,id,0,75,bb7c,,,,,,90.0,60.0,0.0,0.0,0.0,0.0,0.0,1.0,1.0,0.0
,id,0,75,bb7c,,,,,,90.0,240.0,60.000003814697266,0.0,-60.000003814697266,0.0,-60.0,0.0,1.0,1.0
,id,0,75,bb7c,,,,,,120.0,120.0,0.0,0.0,0.0,0.0,0.0,1.0,1.0,0.0
,id,0,75,bb7c,,,,,,120.0,300.0,0.0,0.0,0.0,0.0,0.0,1.0,1.0,0.0
,id,0,75,bb7c,,,,,,150.0,0.0,0.0,0.0,0.0,0.0,0.0,1.0,1.0,0.0
,id,0,75,bb7c,,,,,,150.0,180.0,0.0,90.0,90.0,30.0,180.0,1.0,0.0,-1.0
,id,0,75,bb7d,,,,,,30.0,150.0,151.04498291015625,128.68218994140625,-22.36279296875,0.0,-60.0,0.0,0.0,0.0
,id,0,75,bb7d,,,,,,30.0,330.0,128.68218994140625,128.68218994140625,0.0,0.0,0.0,0.0,0.0,0.0
,id,0,75,bb7d,,,,,,60.0,30.0,0.0,51.31782150268555,51.31782150268555,0.0,60.0,1.0,0.0,-1.0
,id,0,75,bb7d,,,,,,60.0,210.0,113.54812622070312,120.00000762939453,6.451881408691406,0.0,30.0,0.0,0.0,0.0
,id,0,75,bb7d,,,,,,90.0,90.0,0.0,0.0,0.0,0.0,0.0,1.0,1.0,0.0
,id,0,75,bb7d,,,,,,90.0,270.0,180.0,180.0,0.0,0.0,0.0,0.0,0.0,0.0
,id,0,75,bb7d,,,,,,120.0,150.0,120.00000762939453,128.6822052001953,8.682197570800781,60.0,-60.0,0.0,0.0,0.0
,id,0,75,bb7d,,,,,,120.0,330.0,0.0,82.81924438476562,82.81924438476562,60.0,60.0,1.0,0.0,-1.0
,id,0,75,bb7d,,,,,,150.0,30.0,0.0,0.0,0.0,0.0,0.0,1.0,1.0,0.0
,id,0,75,bb7d,,,,,,150.0,210.0,60.000003814697266,120.00000762939453,60.000003814697266,120.0,-180.0,0.0,0.0,0.0
,id,0,75,bbc6,,,,,,30.0,0.0,0.0,0.0,0.0,0.0,0.0,1.0,1.0,0.0
,id,0,75,bbc6,,,,,,30.0,180.0,0.0,0.0,0.0,0.0,0.0,1.0,1.0,0.0
,id,0,75,bbc6,,,,,,60.0,60.0,0.0,0.0,0.0,0.0,0.0,1.0,1.0,0.0
,id,0,75,bbc6,,,,,,60.0,240.0,0.0,0.0,0.0,0.0,0.0,1.0,1.0,0.0
,id,0,75,bbc6,,,,,,90.0,120.0,120.00000762939453,120.00000762939453,0.0,0.0,0.0,0.0,0.0,0.0
,id,0,75,bbc6,,,,,,90.0,300.0,60.000003814697266,60.000003814697266,0.0,0.0,0.0,0.0,0.0,0.0
,id,0,75,bbc6,,,,,,120.0,0.0,29.99998664855957,0.0,-29.99998664855957,-30.0,0.0,0.0,1.0,1.0
,id,0,75,bbc6,,,,,,120.0,180.0,29.99998664855957,60.000003814697266,30.000017166137695,30.0,0.0,0.0,0.0,0.0
,id,0,75,bbc6,,,,,,150.0,60.0,0.0,0.0,0.0,0.0,0.0,1.0,1.0,0.0
,id,0,75,bbc6,,,,,,150.0,240.0,60.000003814697266,60.000003814697266,0.0,0.0,0.0,0.0,0.0,0.0
,id,0,75,bc2c,,,,,,30.0,30.0,122.24180603027344,0.0,-122.24180603027344,-120.0,-30.0,0.0,1.0,1.0
,id,0,75,bc2c,,,,,,30.0,210.0,57.7581901550293,57.7581901550293,0.0,0.0,0.0,0.0,0.0,0.0
,id,0,75,bc2c,,,,,,60.0,90.0,120.00000762939453,120.00000762939453,0.0,0.0,0.0,0.0,0.0,0.0
,id,0,75,bc2c,,,,,,60.0,270.0,0.0,120.00000762939453,120.00000762939453,0.0,180.0,1.0,0.0,-1.0
,id,0,75,bc2c,,,,,,90.0,150.0,30.000001907348633,30.000001907348633,0.0,0.0,0.0,0.0,0.0,0.0
,id,0,75,bc2c,,,,,,90.0,330.0,120.00000762939453,150.0,29.99999237060547,0.0,30.0,0.0,0.0,0.0
,id,0,75,bc2c,,,,,,120.0,30.0,82.81924438476562,82.81924438476562,0.0,0.0,0.0,0.0,0.0,0.0
,id,0,75,bc2c,,,,,,120.0,210.0,180.0,82.81924438476562,-97.18075561523438,0.0,-120.0,0.0,0.0,0.0
,id,0,75,bc2c,,,,,,150.0,90.0,122.24180603027344,60.000003814697266,-62.24180221557617,-120.0,150.0,0.0,0.0,0.0
,id,0,75,bc2c,,,,,,150.0,270.0,0.0,180.0,180.0,120.0,180.0,1.0,0.0,-1.0
,id,0,76,b7c1,,,,,,30.0,0.0,0.0,0.0,0.0,0.0,0.0,1.0,1.0,0.0
,id,0,76,b7c1,,,,,,30.0,180.0,0.0,60.000003814697266,60.000003814697266,0.0,180.0,1.0,0.0,-1.0
,id,0,76,b7c1,,,,,,60.0,60.0,104.47750854492188,0.0,-104.47750854492188,-60.0,-90.0,0.0,1.0,1.0
,id,0,76,b7c1,,,,,,60.0,240.0,0.0,0.0,0.0,0.0,0.0,1.0,1.0,0.0
,id,0,76,b7c1,,,,,,90.0,120.0,120.00000762939453,120.00000762939453,0.0,0.0,0.0,0.0,0.0,0.0
,id,0,76,b7c1,,,,,,90.0,300.0,0.0,60.000003814697266,60.000003814697266,0.0,60.0,1.0,0.0,-1.0
,id,0,76,b7c1,,,,,,120.0,0.0,0.0,0.0,0.0,0.0,0.0,1.0,1.0,0.0
,id,0,76,b7c1,,,,,,120.0,180.0,0.0,0.0,0.0,0.0,0.0,1.0,1.0,0.0
,id,0,76,b7c1,,,,,,150.0,60.0,0.0,0.0,0.0,0.0,0.0,1.0,1.0,0.0
,id,0,76,b7c1,,,,,,150.0,240.0,0.0,60.000003814697266,60.000003814697266,0.0,180.0,1.0,0.0,-1.0
,id,0,76,b7fd,,,,,,30.0,30.0,122.24180603027344,0.0,-122.24180603027344,-120.0,-30.0,0.0,1.0,1.0
,id,0,76,b7fd,,,,,,30.0,210.0,128.68218994140625,60.000003814697266,-68.68218612670898,-120.0,120.0,0.0,0.0,0.0
,id,0,76,b7fd,,,,,,60.0,90.0,0.0,0.0,0.0,0.0,0.0,1.0,1.0,0.0
,id,0,76,b7fd,,,,,,60.0,270.0,25.905075073242188,113.54812622070312,87.64305114746094,0.0,120.0,0.0,0.0,0.0
,id,0,76,b7fd,,,,,,90.0,150.0,30.000001907348633,30.000001907348633,0.0,0.0,0.0,0.0,0.0,0.0
,id,0,76,b7fd,,,,,,90.0,330.0,60.00000762939453,60.00000762939453,0.0,0.0,0.0,0.0,0.0,0.0
,id,0,76,b7fd,,,,,,120.0,30.0,82.81924438476562,82.81924438476562,0.0,0.0,0.0,0.0,0.0,0.0
,id,0,76,b7fd,,,,,,120.0,210.0,51.31781005859375,60.000003814697266,8.682193756103516,60.0,-60.0,0.0,0.0,0.0
,id,0,76,b7fd,,,,,,150.0,90.0,0.0,0.0,0.0,0.0,0.0,1.0,1.0,0.0
,id,0,76,b7fd,,,,,,150.0,270.0,0.0,60.000003814697266,60.000003814697266,0.0,180.0,1.0,0.0,-1.0
,id,0,76,b80b,,,,,,30.0,60.0,0.0,0.0,0.0,0.0,0.0,1.0,1.0,0.0
,id,0,76,b80b,,,,,,30.0,240.0,0.0,0.0,0.0,0.0,0.0,1.0,1.0,0.0
,id,0,76,b80b,,,,,,60.0,120.0,0.0,0.0,0.0,0.0,0.0,1.0,1.0,0.0
,id,0,76,b80b,,,,,,60.0,300.0,128.68218994140625,0.0,-128.68218994140625,-60.0,-120.0,0.0,1.0,1.0
,id,0,76,b80b,,,,,,90.0,0.0,180.0,0.0,-180.0,0.0,-180.0,0.0,1.0,1.0
,id,0,76,b80b,,,,,,90.0,180.0,180.0,180.0,0.0,0.0,0.0,0.0,0.0,0.0
,id,0,76,b80b,,,,,,120.0,60.0,0.0,0.0,0.0,0.0,0.0,1.0,1.0,0.0
,id,0,76,b80b,,,,,,120.0,240.0,0.0,0.0,0.0,0.0,0.0,1.0,1.0,0.0
,id,0,76,b80b,,,,,,150.0,120.0,0.0,0.0,0.0,0.0,0.0,1.0,1.0,0.0
,id,0,76,b80b,,,,,,150.0,300.0,0.0,0.0,0.0,0.0,0.0,1.0,1.0,0.0
,id,0,76,b812,,,,,,30.0,90.0,0.0,0.0,0.0,0.0,0.0,1.0,1.0,0.0
,id,0,76,b812,,,,,,30.0,270.0,0.0,0.0,0.0,0.0,0.0,1.0,1.0,0.0
,id,0,76,b812,,,,,,60.0,150.0,0.0,0.0,0.0,0.0,0.0,1.0,1.0,0.0
,id,0,76,b812,,,,,,60.0,330.0,0.0,0.0,0.0,0.0,0.0,1.0,1.0,0.0
,id,0,76,b812,,,,,,90.0,30.0,0.0,180.0,180.0,0.0,180.0,1.0,0.0,-1.0
,id,0,76,b812,,,,,,90.0,210.0,0.0,0.0,0.0,0.0,0.0,1.0,1.0,0.0
,id,0,76,b812,,,,,,120.0,90.0,0.0,0.0,0.0,0.0,0.0,1.0,1.0,0.0
,id,0,76,b812,,,,,,120.0,270.0,0.0,0.0,0.0,0.0,0.0,1.0,1.0,0.0
,id,0,76,b812,,,,,,150.0,150.0,0.0,0.0,0.0,0.0,0.0,1.0,1.0,0.0
,id,0,76,b812,,,,,,150.0,330.0,0.0,0.0,0.0,0.0,0.0,1.0,1.0,0.0
,id,0,76,b827,,,,,,30.0,120.0,0.0,0.0,0.0,0.0,0.0,1.0,1.0,0.0
,id,0,76,b827,,,,,,30.0,300.0,0.0,0.0,0.0,0.0,0.0,1.0,1.0,0.0
,id,0,76,b827,,,,,,60.0,0.0,0.0,30.000001907348633,30.000001907348633,30.0,0.0,1.0,0.0,-1.0
,id,0,76,b827,,,,,,60.0,180.0,0.0,0.0,0.0,0.0,0.0,1.0,1.0,0.0
,id,0,76,b827,,,,,,90.0,60.0,60.000003814697266,180.0,119.99999618530273,0.0,120.0,0.0,0.0,0.0
,id,0,76,b827,,,,,,90.0,240.0,120.00000762939453,60.000003814697266,-60.000003814697266,0.0,-60.0,0.0,0.0,0.0
,id,0,76,b827,,,,,,120.0,120.0,0.0,0.0,0.0,0.0,0.0,1.0,1.0,0.0
,id,0,76,b827,,,,,,120.0,300.0,0.0,0.0,0.0,0.0,0.0,1.0,1.0,0.0
,id,0,76,b827,,,,,,150.0,0.0,0.0,0.0,0.0,0.0,0.0,1.0,1.0,0.0
,id,0,76,b827,,,,,,150.0,180.0,0.0,90.0,90.0,30.0,180.0,1.0,0.0,-1.0
,id,0,76,b871,,,,,,30.0,150.0,0.0,14.870942115783691,14.870942115783691,0.0,30.0,1.0,0.0,-1.0
,id,0,76,b871,,,,,,30.0,330.0,0.0,0.0,0.0,0.0,0.0,1.0,1.0,0.0
,id,0,76,b871,,,,,,60.0,30.0,0.0,0.0,0.0,0.0,0.0,1.0,1.0,0.0
,id,0,76,b871,,,,,,60.0,210.0,25.905075073242188,0.0,-25.905075073242188,0.0,-30.0,0.0,1.0,1.0
,id,0,76,b871,,,,,,90.0,90.0,180.0,0.0,-180.0,0.0,-180.0,0.0,1.0,1.0
,id,0,76,b871,,,,,,90.0,270.0,180.0,0.0,-180.0,0.0,-180.0,0.0,1.0,1.0
,id,0,76,b871,,,,,,120.0,150.0,0.0,0.0,0.0,0.0,0.0,1.0,1.0,0.0
,id,0,76,b871,,,,,,120.0,330.0,0.0,0.0,0.0,0.0,0.0,1.0,1.0,0.0
,id,0,76,b871,,,,,,150.0,30.0,0.0,60.000003814697266,60.000003814697266,0.0,180.0,1.0,0.0,-1.0
,id,0,76,b871,,,,,,150.0,210.0,0.0,0.0,0.0,0.0,0.0,1.0,1.0,0.0
,id,0,76,b8ed,,,,,,30.0,0.0,0.0,0.0,0.0,0.0,0.0,1.0,1.0,0.0
,id,0,76,b8ed,,,,,,30.0,180.0,0.0,60.000003814697266,60.000003814697266,0.0,180.0,1.0,0.0,-1.0
,id,0,76,b8ed,,,,,,60.0,60.0,0.0,0.0,0.0,0.0,0.0,1.0,1.0,0.0
,id,0,76,b8ed,,,,,,60.0,240.0,0.0,0.0,0.0,0.0,0.0,1.0,1.0,0.0
,id,0,76,b8ed,,,,,,90.0,120.0,120.00000762939453,60.000003814697266,-60.000003814697266,0.0,-60.0,0.0,0.0,0.0
,id,0,76,b8ed,,,,,,90.0,300.0,60.000003814697266,119.99999237060547,59.9999885559082,0.0,60.0,0.0,0.0,0.0
,id,0,76,b8ed,,,,,,120.0,0.0,0.0,0.0,0.0,0.0,0.0,1.0,1.0,0.0
,id,0,76,b8ed,,,,,,120.0,180.0,0.0,120.00000762939453,120.00000762939453,0.0,180.0,1.0,0.0,-1.0
,id,0,76,b8ed,,,,,,150.0,60.0,0.0,0.0,0.0,0.0,0.0,1.0,1.0,0.0
,id,0,76,b8ed,,,,,,150.0,240.0,0.0,60.000003814697266,60.000003814697266,0.0,180.0,1.0,0.0,-1.0
,id,0,76,b905,,,,,,30.0,30.0,0.0,0.0,0.0,0.0,0.0,1.0,1.0,0.0
,id,0,76,b905,,,,,,30.0,210.0,0.0,0.0,0.0,0.0,0.0,1.0,1.0,0.0
,id,0,76,b905,,,,,,60.0,90.0,0.0,0.0,0.0,0.0,0.0,1.0,1.0,0.0
,id,0,76,b905,,,,,,60.0,270.0,0.0,0.0,0.0,0.0,0.0,1.0,1.0,0.0
,id,0,76,b905,,,,,,90.0,150.0,180.0,0.0,-180.0,0.0,-180.0,0.0,1.0,1.0
,id,0,76,b905,,,,,,90.0,330.0,0.0,180.0,180.0,0.0,180.0,1.0,0.0,-1.0
,id,0,76,b905,,,,,,120.0,30.0,0.0,82.81924438476562,82.81924438476562,60.0,60.0,1.0,0.0,-1.0
,id,0,76,b905,,,,,,120.0,210.0,0.0,82.81924438476562,82.81924438476562,60.0,60.0,1.0,0.0,-1.0
,id,0,76,b905,,,,,,150.0,90.0,0.0,0.0,0.0,0.0,0.0,1.0,1.0,0.0
,id,0,76,b905,,,,,,150.0,270.0,0.0,0.0,0.0,0.0,0.0,1.0,1.0,0.0
,id,0,76,b943,,,,,,30.0,60.0,0.0,0.0,0.0,0.0,0.0,1.0,1.0,0.0
,id,0,76,b943,,,,,,30.0,240.0,0.0,0.0,0.0,0.0,0.0,1.0,1.0,0.0
,id,0,76,b943,,,,,,60.0,120.0,0.0,0.0,0.0,0.0,0.0,1.0,1.0,0.0
,id,0,76,b943,,,,,,60.0,300.0,0.0,0.0,0.0,0.0,0.0,1.0,1.0,0.0
,id,0,76,b943,,,,,,90.0,0.0,0.0,180.0,180.0,0.0,180.0,1.0,0.0,-1.0
,id,0,76,b943,,,,,,90.0,180.0,180.0,0.0,-180.0,0.0,-180.0,0.0,1.0,1.0
,id,0,76,b943,,,,,,120.0,60.0,25.905075073242188,0.0,-25.905075073242188,0.0,-30.0,0.0,1.0,1.0
,id,0,76,b943,,,,,,120.0,240.0,120.00000762939453,0.0,-120.00000762939453,0.0,-180.0,0.0,1.0,1.0
,id,0,76,b943,,,,,,150.0,120.0,0.0,0.0,0.0,0.0,0.0,1.0,1.0,0.0
,id,0,76,b943,,,,,,150.0,300.0,0.0,0.0,0.0,0.0,0.0,1.0,1.0,0.0
,id,0,76,b974,,,,,,30.0,90.0,0.0,0.0,0.0,0.0,0.0,1.0,1.0,0.0
,id,0,76,b974,,,,,,30.0,270.0,0.0,0.0,0.0,0.0,0.0,1.0,1.0,0.0
,id,0,76,b974,,,,,,60.0,150.0,0.0,82.81924438476562,82.81924438476562,60.0,60.0,1.0,0.0,-1.0
,id,0,76,b974,,,,,,60.0,330.0,25.90509033203125,0.0,-25.90509033203125,0.0,-30.0,0.0,1.0,1.0
,id,0,76,b974,,,,,,90.0,30.0,0.0,180.0,180.0,0.0,180.0,1.0,0.0,-1.0
,id,0,76,b974,,,,,,90.0,210.0,0.0,0.0,0.0,0.0,0.0,1.0,1.0,0.0
,id,0,76,b974,,,,,,120.0,90.0,0.0,0.0,0.0,0.0,0.0,1.0,1.0,0.0
,id,0,76,b974,,,,,,120.0,270.0,0.0,0.0,0.0,0.0,0.0,1.0,1.0,0.0
,id,0,76,b974,,,,,,150.0,150.0,0.0,0.0,0.0,0.0,0.0,1.0,1.0,0.0
,id,0,76,b974,,,,,,150.0,330.0,0.0,0.0,0.0,0.0,0.0,1.0,1.0,0.0
,id,0,76,b979,,,,,,30.0,120.0,28.95502281188965,128.68218994140625,99.7271671295166,120.0,0.0,0.0,0.0,0.0
,id,0,76,b979,,,,,,30.0,300.0,14.870942115783691,151.04498291015625,136.17404079437256,120.0,90.0,0.0,0.0,0.0
,id,0,76,b979,,,,,,60.0,0.0,30.000001907348633,0.0,-30.000001907348633,-30.0,0.0,0.0,1.0,1.0
,id,0,76,b979,,,,,,60.0,180.0,90.0,120.00000762939453,30.00000762939453,-30.0,0.0,0.0,0.0,0.0
,id,0,76,b979,,,,,,90.0,60.0,60.000003814697266,119.99999237060547,59.9999885559082,0.0,60.0,0.0,0.0,0.0
,id,0,76,b979,,,,,,90.0,240.0,60.000003814697266,60.000003814697266,0.0,0.0,0.0,0.0,0.0,0.0
,id,0,76,b979,,,,,,120.0,120.0,82.81924438476562,128.6822052001953,45.86296081542969,0.0,60.0,0.0,0.0,0.0
,id,0,76,b979,,,,,,120.0,300.0,130.50535583496094,29.99998664855957,-100.50536918640137,-60.0,-120.0,0.0,0.0,0.0
,id,0,76,b979,,,,,,150.0,0.0,60.000003814697266,29.99998664855957,-30.000017166137695,30.0,-180.0,0.0,0.0,0.0
,id,0,76,b979,,,,,,150.0,180.0,0.0,90.0,90.0,30.0,180.0,1.0,0.0,-1.0
,id,0,76,b97b,,,,,,30.0,150.0,122.24180603027344,128.68218994140625,6.4403839111328125,0.0,30.0,0.0,0.0,0.0
,id,0,76,b97b,,,,,,30.0,330.0,0.0,0.0,0.0,0.0,0.0,1.0,1.0,0.0
,id,0,76,b97b,,,,,,60.0,30.0,0.0,0.0,0.0,0.0,0.0,1.0,1.0,0.0
,id,0,76,b97b,,,,,,60.0,210.0,0.0,82.81924438476562,82.81924438476562,60.0,60.0,1.0,0.0,-1.0
,id,0,76,b97b,,,,,,90.0,90.0,0.0,180.0,180.0,0.0,180.0,1.0,0.0,-1.0
,id,0,76,b97b,,,,,,90.0,270.0,180.0,0.0,-180.0,0.0,-180.0,0.0,1.0,1.0
,id,0,76,b97b,,,,,,120.0,150.0,0.0,0.0,0.0,0.0,0.0,1.0,1.0,0.0
,id,0,76,b97b,,,,,,120.0,330.0,0.0,0.0,0.0,0.0,0.0,1.0,1.0,0.0
,id,0,76,b97b,,,,,,150.0,30.0,0.0,0.0,0.0,0.0,0.0,1.0,1.0,0.0
,id,0,76,b97b,,,,,,150.0,210.0,0.0,0.0,0.0,0.0,0.0,1.0,1.0,0.0
,id,0,76,b9e6,,,,,,30.0,0.0,0.0,0.0,0.0,0.0,0.0,1.0,1.0,0.0
,id,0,76,b9e6,,,,,,30.0,180.0,0.0,0.0,0.0,0.0,0.0,1.0,1.0,0.0
,id,0,76,b9e6,,,,,,60.0,60.0,0.0,0.0,0.0,0.0,0.0,1.0,1.0,0.0
,id,0,76,b9e6,,,,,,60.0,240.0,0.0,0.0,0.0,0.0,0.0,1.0,1.0,0.0
,id,0,76,b9e6,,,,,,90.0,120.0,120.00000762939453,0.0,-120.00000762939453,0.0,-120.0,0.0,1.0,1.0
,id,0,76,b9e6,,,,,,90.0,300.0,60.000003814697266,180.0,119.99999618530273,0.0,120.0,0.0,0.0,0.0
,id,0,76,b9e6,,,,,,120.0,0.0,0.0,29.99998664855957,29.99998664855957,30.0,0.0,1.0,0.0,-1.0
,id,0,76,b9e6,,,,,,120.0,180.0,0.0,0.0,0.0,0.0,0.0,1.0,1.0,0.0
,id,0,76,b9e6,,,,,,150.0,60.0,0.0,0.0,0.0,0.0,0.0,1.0,1.0,0.0
,id,0,76,b9e6,,,,,,150.0,240.0,0.0,0.0,0.0,0.0,0.0,1.0,1.0,0.0
,id,0,76,ba0f,,,,,,30.0,30.0,128.68218994140625,128.68218994140625,0.0,0.0,0.0,0.0,0.0,0.0
,id,0,76,ba0f,,,,,,30.0,210.0,151.04498291015625,151.04498291015625,0.0,0.0,0.0,0.0,0.0,0.0
,id,0,76,ba0f,,,,,,60.0,90.0,29.999998092651367,0.0,-29.999998092651367,-30.0,0.0,0.0,1.0,1.0
,id,0,76,ba0f,,,,,,60.0,270.0,138.59039306640625,150.0,11.40960693359375,0.0,30.0,0.0,0.0,0.0
,id,0,76,ba0f,,,,,,90.0,150.0,30.000001907348633,150.0,119.99999809265137,0.0,120.0,0.0,0.0,0.0
,id,0,76,ba0f,,,,,,90.0,330.0,150.0,30.00000762939453,-119.99999237060547,0.0,-120.0,0.0,0.0,0.0
,id,0,76,ba0f,,,,,,120.0,30.0,0.0,82.81924438476562,82.81924438476562,60.0,60.0,1.0,0.0,-1.0
,id,0,76,ba0f,,,,,,120.0,210.0,97.18075561523438,82.81924438476562,-14.36151123046875,60.0,-60.0,0.0,0.0,0.0
,id,0,76,ba0f,,,,,,150.0,90.0,0.0,0.0,0.0,0.0,0.0,1.0,1.0,0.0
,id,0,76,ba0f,,,,,,150.0,270.0,120.00000762939453,120.00000762939453,0.0,0.0,0.0,0.0,0.0,0.0
,id,0,76,baa9,,,,,,30.0,60.0,0.0,0.0,0.0,0.0,0.0,1.0,1.0,0.0
,id,0,76,baa9,,,,,,30.0,240.0,0.0,0.0,0.0,0.0,0.0,1.0,1.0,0.0
,id,0,76,baa9,,,,,,60.0,120.0,0.0,0.0,0.0,0.0,0.0,1.0,1.0,0.0
,id,0,76,baa9,,,,,,60.0,300.0,128.68218994140625,0.0,-128.68218994140625,-60.0,-120.0,0.0,1.0,1.0
,id,0,76,baa9,,,,,,90.0,0.0,180.0,0.0,-180.0,0.0,-180.0,0.0,1.0,1.0
,id,0,76,baa9,,,,,,90.0,180.0,180.0,180.0,0.0,0.0,0.0,0.0,0.0,0.0
,id,0,76,baa9,,,,,,120.0,60.0,0.0,0.0,0.0,0.0,0.0,1.0,1.0,0.0
,id,0,76,baa9,,,,,,120.0,240.0,0.0,0.0,0.0,0.0,0.0,1.0,1.0,0.0
,id,0,76,baa9,,,,,,150.0,120.0,0.0,0.0,0.0,0.0,0.0,1.0,1.0,0.0
,id,0,76,baa9,,,,,,150.0,300.0,0.0,0.0,0.0,0.0,0.0,1.0,1.0,0.0
,id,0,76,bb26,,,,,,30.0,90.0,180.0,60.000003814697266,-119.99999618530273,-120.0,0.0,0.0,0.0,0.0
,id,0,76,bb26,,,,,,30.0,270.0,0.0,120.00000762939453,120.00000762939453,120.0,0.0,1.0,0.0,-1.0
,id,0,76,bb26,,,,,,60.0,150.0,0.0,82.81924438476562,82.81924438476562,60.0,60.0,1.0,0.0,-1.0
,id,0,76,bb26,,,,,,60.0,330.0,82.81924438476562,82.81924438476562,0.0,0.0,0.0,0.0,0.0,0.0
,id,0,76,bb26,,,,,,90.0,30.0,60.00000762939453,60.00000762939453,0.0,0.0,0.0,0.0,0.0,0.0
,id,0,76,bb26,,,,,,90.0,210.0,60.000003814697266,120.00000762939453,60.000003814697266,0.0,60.0,0.0,0.0,0.0
,id,0,76,bb26,,,,,,120.0,90.0,154.09490966796875,180.0,25.90509033203125,0.0,30.0,0.0,0.0,0.0
,id,0,76,bb26,,,,,,120.0,270.0,0.0,60.000003814697266,60.000003814697266,60.0,0.0,1.0,0.0,-1.0
,id,0,76,bb26,,,,,,150.0,150.0,14.870942115783691,128.68218994140625,113.81124782562256,120.0,30.0,0.0,0.0,0.0
,id,0,76,bb26,,,,,,150.0,330.0,128.68218994140625,14.870942115783691,-113.81124782562256,-120.0,-30.0,0.0,0.0,0.0
,id,0,76,bb7c,,,,,,30.0,120.0,0.0,0.0,0.0,0.0,0.0,1.0,1.0,0.0
,id,0,76,bb7c,,,,,,30.0,300.0,0.0,0.0,0.0,0.0,0.0,1.0,1.0,0.0
,id,0,76,bb7c,,,,,,60.0,0.0,0.0,0.0,0.0,0.0,0.0,1.0,1.0,0.0
,id,0,76,bb7c,,,,,,60.0,180.0,120.00000762939453,0.0,-120.00000762939453,0.0,-180.0,0.0,1.0,1.0
,id,0,76,bb7c,,,,,,90.0,60.0,60.000003814697266,0.0,-60.000003814697266,0.0,-60.0,0.0,1.0,1.0
,id,0,76,bb7c,,,,,,90.0,240.0,120.00000762939453,180.0,59.99999237060547,0.0,60.0,0.0,0.0,0.0
,id,0,76,bb7c,,,,,,120.0,120.0,0.0,0.0,0.0,0.0,0.0,1.0,1.0,0.0
,id,0,76,bb7c,,,,,,120.0,300.0,0.0,0.0,0.0,0.0,0.0,1.0,1.0,0.0
,id,0,76,bb7c,,,,,,150.0,0.0,0.0,29.99998664855957,29.99998664855957,30.0,0.0,1.0,0.0,-1.0
,id,0,76,bb7c,,,,,,150.0,180.0,0.0,90.0,90.0,30.0,180.0,1.0,0.0,-1.0
,id,0,76,bb7d,,,,,,30.0,150.0,138.59039306640625,128.68218994140625,-9.908203125,0.0,-30.0,0.0,0.0,0.0
,id,0,76,bb7d,,,,,,30.0,330.0,138.59039306640625,151.04498291015625,12.45458984375,0.0,30.0,0.0,0.0,0.0
,id,0,76,bb7d,,,,,,60.0,30.0,0.0,0.0,0.0,0.0,0.0,1.0,1.0,0.0
,id,0,76,bb7d,,,,,,60.0,210.0,120.00000762939453,180.0,59.99999237060547,60.0,0.0,0.0,0.0,0.0
,id,0,76,bb7d,,,,,,90.0,90.0,180.0,0.0,-180.0,0.0,-180.0,0.0,1.0,1.0
,id,0,76,bb7d,,,,,,90.0,270.0,180.0,180.0,0.0,0.0,0.0,0.0,0.0,0.0
,id,0,76,bb7d,,,,,,120.0,150.0,180.0,128.6822052001953,-51.31779479980469,0.0,-60.0,0.0,0.0,0.0
,id,0,76,bb7d,,,,,,120.0,330.0,82.81924438476562,82.81924438476562,0.0,0.0,0.0,0.0,0.0,0.0
,id,0,76,bb7d,,,,,,150.0,30.0,60.000003814697266,60.000003814697266,0.0,0.0,0.0,0.0,0.0,0.0
,id,0,76,bb7d,,,,,,150.0,210.0,0.0,122.24180603027344,122.24180603027344,120.0,30.0,1.0,0.0,-1.0
,id,0,76,bbc6,,,,,,30.0,0.0,0.0,0.0,0.0,0.0,0.0,1.0,1.0,0.0
,id,0,76,bbc6,,,,,,30.0,180.0,0.0,0.0,0.0,0.0,0.0,1.0,1.0,0.0
,id,0,76,bbc6,,,,,,60.0,60.0,97.18075561523438,0.0,-97.18075561523438,0.0,-120.0,0.0,1.0,1.0
,id,0,76,bbc6,,,,,,60.0,240.0,25.905075073242188,25.905075073242188,0.0,0.0,0.0,0.0,0.0,0.0
,id,0,76,bbc6,,,,,,90.0,120.0,60.000003814697266,180.0,119.99999618530273,0.0,120.0,0.0,0.0,0.0
,id,0,76,bbc6,,,,,,90.0,300.0,150.0,60.000003814697266,-89.99999618530273,0.0,-90.0,0.0,0.0,0.0
,id,0,76,bbc6,,,,,,120.0,0.0,29.99998664855957,0.0,-29.99998664855957,-30.0,0.0,0.0,1.0,1.0
,id,0,76,bbc6,,,,,,120.0,180.0,29.99998664855957,60.000003814697266,30.000017166137695,30.0,0.0,0.0,0.0,0.0
,id,0,76,bbc6,,,,,,150.0,60.0,0.0,0.0,0.0,0.0,0.0,1.0,1.0,0.0
,id,0,76,bbc6,,,,,,150.0,240.0,60.000003814697266,60.000003814697266,0.0,0.0,0.0,0.0,0.0,0.0
,id,0,76,bc2c,,,,,,30.0,30.0,60.000003814697266,128.68218994140625,68.68218612670898,120.0,-120.0,0.0,0.0,0.0
,id,0,76,bc2c,,,,,,30.0,210.0,60.000003814697266,57.7581901550293,-2.2418136596679688,0.0,-30.0,0.0,0.0,0.0
,id,0,76,bc2c,,,,,,60.0,90.0,120.00000762939453,120.00000762939453,0.0,0.0,0.0,0.0,0.0,0.0
,id,0,76,bc2c,,,,,,60.0,270.0,0.0,0.0,0.0,0.0,0.0,1.0,1.0,0.0
,id,0,76,bc2c,,,,,,90.0,150.0,60.000003814697266,30.000001907348633,-30.000001907348633,0.0,-30.0,0.0,0.0,0.0
,id,0,76,bc2c,,,,,,90.0,330.0,30.00000762939453,30.00000762939453,0.0,0.0,0.0,0.0,0.0,0.0
,id,0,76,bc2c,,,,,,120.0,30.0,82.81924438476562,82.81924438476562,0.0,0.0,0.0,0.0,0.0,0.0
,id,0,76,bc2c,,,,,,120.0,210.0,60.000003814697266,128.6822052001953,68.68220138549805,0.0,120.0,0.0,0.0,0.0
,id,0,76,bc2c,,,,,,150.0,90.0,165.12905883789062,122.24180603027344,-42.88725280761719,0.0,-120.0,0.0,0.0,0.0
,id,0,76,bc2c,,,,,,150.0,270.0,165.12905883789062,14.870942115783691,-150.25811672210693,-120.0,-120.0,0.0,0.0,0.0
,outer1,1,70,b827,,,,,,30.0,0.0,0.0,0.0,0.0,0.0,0.0,1.0,1.0,0.0
,outer1,1,70,b827,,,,,,30.0,30.0,0.0,0.0,0.0,0.0,0.0,1.0,1.0,0.0
,outer1,1,70,b827,,,,,,30.0,60.0,0.0,0.0,0.0,0.0,0.0,1.0,1.0,0.0
,outer1,1,70,b827,,,,,,30.0,90.0,0.0,0.0,0.0,0.0,0.0,1.0,1.0,0.0
,outer1,1,70,b827,,,,,,30.0,120.0,60.000003814697266,0.0,-60.000003814697266,0.0,-180.0,0.0,1.0,1.0
,outer1,1,70,b827,,,,,,30.0,150.0,0.0,0.0,0.0,0.0,0.0,1.0,1.0,0.0
,outer1,1,70,b827,,,,,,30.0,180.0,0.0,0.0,0.0,0.0,0.0,1.0,1.0,0.0
,outer1,1,70,b827,,,,,,30.0,210.0,0.0,0.0,0.0,0.0,0.0,1.0,1.0,0.0
,outer1,1,70,b827,,,,,,30.0,240.0,0.0,0.0,0.0,0.0,0.0,1.0,1.0,0.0
,outer1,1,70,b827,,,,,,30.0,270.0,0.0,0.0,0.0,0.0,0.0,1.0,1.0,0.0
,outer1,1,70,b827,,,,,,30.0,300.0,0.0,14.870942115783691,14.870942115783691,0.0,30.0,1.0,0.0,-1.0
,outer1,1,70,b827,,,,,,30.0,330.0,0.0,0.0,0.0,0.0,0.0,1.0,1.0,0.0
,outer1,1,70,b827,,,,,,60.0,0.0,0.0,30.000001907348633,30.000001907348633,30.0,0.0,1.0,0.0,-1.0
,outer1,1,70,b827,,,,,,60.0,30.0,82.81924438476562,0.0,-82.81924438476562,-60.0,-60.0,0.0,1.0,1.0
,outer1,1,70,b827,,,,,,60.0,60.0,0.0,25.905075073242188,25.905075073242188,0.0,30.0,1.0,0.0,-1.0
,outer1,1,70,b827,,,,,,60.0,90.0,0.0,0.0,0.0,0.0,0.0,1.0,1.0,0.0
,outer1,1,70,b827,,,,,,60.0,120.0,0.0,0.0,0.0,0.0,0.0,1.0,1.0,0.0
,outer1,1,70,b827,,,,,,60.0,150.0,0.0,0.0,0.0,0.0,0.0,1.0,1.0,0.0
,outer1,1,70,b827,,,,,,60.0,180.0,0.0,0.0,0.0,0.0,0.0,1.0,1.0,0.0
,outer1,1,70,b827,,,,,,60.0,210.0,82.81924438476562,0.0,-82.81924438476562,-60.0,-60.0,0.0,1.0,1.0
,outer1,1,70,b827,,,,,,60.0,240.0,0.0,128.6822052001953,128.6822052001953,60.0,120.0,1.0,0.0,-1.0
,outer1,1,70,b827,,,,,,60.0,270.0,0.0,0.0,0.0,0.0,0.0,1.0,1.0,0.0
,outer1,1,70,b827,,,,,,60.0,300.0,0.0,128.68218994140625,128.68218994140625,60.0,120.0,1.0,0.0,-1.0
,outer1,1,70,b827,,,,,,60.0,330.0,0.0,0.0,0.0,0.0,0.0,1.0,1.0,0.0
,outer1,1,70,b827,,,,,,90.0,0.0,0.0,0.0,0.0,0.0,0.0,1.0,1.0,0.0
,outer1,1,70,b827,,,,,,90.0,30.0,180.0,180.0,0.0,0.0,0.0,0.0,0.0,0.0
,outer1,1,70,b827,,,,,,90.0,60.0,60.000003814697266,180.0,119.99999618530273,0.0,120.0,0.0,0.0,0.0
,outer1,1,70,b827,,,,,,90.0,90.0,0.0,0.0,0.0,0.0,0.0,1.0,1.0,0.0
,outer1,1,70,b827,,,,,,90.0,120.0,0.0,180.0,180.0,0.0,180.0,1.0,0.0,-1.0
,outer1,1,70,b827,,,,,,90.0,150.0,120.00000762939453,180.0,59.99999237060547,0.0,60.0,0.0,0.0,0.0
,outer1,1,70,b827,,,,,,90.0,180.0,180.0,180.0,0.0,0.0,0.0,0.0,0.0,0.0
,outer1,1,70,b827,,,,,,90.0,210.0,0.0,0.0,0.0,0.0,0.0,1.0,1.0,0.0
,outer1,1,70,b827,,,,,,90.0,240.0,120.00000762939453,0.0,-120.00000762939453,0.0,-120.0,0.0,1.0,1.0
,outer1,1,70,b827,,,,,,90.0,270.0,0.0,0.0,0.0,0.0,0.0,1.0,1.0,0.0
,outer1,1,70,b827,,,,,,90.0,300.0,150.0,0.0,-150.0,-30.0,-180.0,0.0,1.0,1.0
,outer1,1,70,b827,,,,,,90.0,330.0,60.00000762939453,0.0,-60.00000762939453,0.0,-60.0,0.0,1.0,1.0
,outer1,1,70,b827,,,,,,120.0,0.0,0.0,29.99998664855957,29.99998664855957,30.0,0.0,1.0,0.0,-1.0
,outer1,1,70,b827,,,,,,120.0,30.0,120.00000762939453,82.81924438476562,-37.180763244628906,60.0,-120.0,0.0,0.0,0.0
,outer1,1,70,b827,,,,,,120.0,60.0,0.0,25.905075073242188,25.905075073242188,0.0,30.0,1.0,0.0,-1.0
,outer1,1,70,b827,,,,,,120.0,90.0,0.0,0.0,0.0,0.0,0.0,1.0,1.0,0.0
,outer1,1,70,b827,,,,,,120.0,120.0,0.0,0.0,0.0,0.0,0.0,1.0,1.0,0.0
,outer1,1,70,b827,,,,,,120.0,150.0,0.0,0.0,0.0,0.0,0.0,1.0,1.0,0.0
,outer1,1,70,b827,,,,,,120.0,180.0,0.0,29.99998664855957,29.99998664855957,30.0,0.0,1.0,0.0,-1.0
,outer1,1,70,b827,,,,,,120.0,210.0,82.81924438476562,0.0,-82.81924438476562,-60.0,-60.0,0.0,1.0,1.0
,outer1,1,70,b827,,,,,,120.0,240.0,0.0,0.0,0.0,0.0,0.0,1.0,1.0,0.0
,outer1,1,70,b827,,,,,,120.0,270.0,0.0,0.0,0.0,0.0,0.0,1.0,1.0,0.0
,outer1,1,70,b827,,,,,,120.0,300.0,0.0,25.905075073242188,25.905075073242188,0.0,30.0,1.0,0.0,-1.0
,outer1,1,70,b827,,,,,,120.0,330.0,0.0,0.0,0.0,0.0,0.0,1.0,1.0,0.0
,outer1,1,70,b827,,,,,,150.0,0.0,0.0,0.0,0.0,0.0,0.0,1.0,1.0,0.0
,outer1,1,70,b827,,,,,,150.0,30.0,0.0,0.0,0.0,0.0,0.0,1.0,1.0,0.0
,outer1,1,70,b827,,,,,,150.0,60.0,0.0,0.0,0.0,0.0,0.0,1.0,1.0,0.0
,outer1,1,70,b827,,,,,,150.0,90.0,0.0,0.0,0.0,0.0,0.0,1.0,1.0,0.0
,outer1,1,70,b827,,,,,,150.0,120.0,0.0,0.0,0.0,0.0,0.0,1.0,1.0,0.0
,outer1,1,70,b827,,,,,,150.0,150.0,0.0,0.0,0.0,0.0,0.0,1.0,1.0,0.0
,outer1,1,70,b827,,,,,,150.0,180.0,0.0,60.000003814697266,60.000003814697266,0.0,180.0,1.0,0.0,-1.0
,outer1,1,70,b827,,,,,,150.0,210.0,0.0,60.000003814697266,60.000003814697266,0.0,180.0,1.0,0.0,-1.0
,outer1,1,70,b827,,,,,,150.0,240.0,0.0,120.00000762939453,120.00000762939453,120.0,0.0,1.0,0.0,-1.0
,outer1,1,70,b827,,,,,,150.0,270.0,0.0,0.0,0.0,0.0,0.0,1.0,1.0,0.0
,outer1,1,70,b827,,,,,,150.0,300.0,0.0,151.04498291015625,151.04498291015625,120.0,120.0,1.0,0.0,-1.0
,outer1,1,70,b827,,,,,,150.0,330.0,0.0,0.0,0.0,0.0,0.0,1.0,1.0,0.0
,outer1,1,70,b871,,,,,,30.0,0.0,0.0,0.0,0.0,0.0,0.0,1.0,1.0,0.0
,outer1,1,70,b871,,,,,,30.0,30.0,0.0,0.0,0.0,0.0,0.0,1.0,1.0,0.0
,outer1,1,70,b871,,,,,,30.0,60.0,0.0,0.0,0.0,0.0,0.0,1.0,1.0,0.0
,outer1,1,70,b871,,,,,,30.0,90.0,0.0,0.0,0.0,0.0,0.0,1.0,1.0,0.0
,outer1,1,70,b871,,,,,,30.0,120.0,0.0,0.0,0.0,0.0,0.0,1.0,1.0,0.0
,outer1,1,70,b871,,,,,,30.0,150.0,0.0,0.0,0.0,0.0,0.0,1.0,1.0,0.0
,outer1,1,70,b871,,,,,,30.0,180.0,0.0,0.0,0.0,0.0,0.0,1.0,1.0,0.0
,outer1,1,70,b871,,,,,,30.0,210.0,0.0,0.0,0.0,0.0,0.0,1.0,1.0,0.0
,outer1,1,70,b871,,,,,,30.0,240.0,0.0,0.0,0.0,0.0,0.0,1.0,1.0,0.0
,outer1,1,70,b871,,,,,,30.0,270.0,0.0,0.0,0.0,0.0,0.0,1.0,1.0,0.0
,outer1,1,70,b871,,,,,,30.0,300.0,0.0,0.0,0.0,0.0,0.0,1.0,1.0,0.0
,outer1,1,70,b871,,,,,,30.0,330.0,0.0,0.0,0.0,0.0,0.0,1.0,1.0,0.0
,outer1,1,70,b871,,,,,,60.0,0.0,0.0,0.0,0.0,0.0,0.0,1.0,1.0,0.0
,outer1,1,70,b871,,,,,,60.0,30.0,0.0,0.0,0.0,0.0,0.0,1.0,1.0,0.0
,outer1,1,70,b871,,,,,,60.0,60.0,0.0,25.905075073242188,25.905075073242188,0.0,30.0,1.0,0.0,-1.0
,outer1,1,70,b871,,,,,,60.0,90.0,0.0,0.0,0.0,0.0,0.0,1.0,1.0,0.0
,outer1,1,70,b871,,,,,,60.0,120.0,0.0,97.1807632446289,97.1807632446289,0.0,120.0,1.0,0.0,-1.0
,outer1,1,70,b871,,,,,,60.0,150.0,0.0,0.0,0.0,0.0,0.0,1.0,1.0,0.0
,outer1,1,70,b871,,,,,,60.0,180.0,0.0,0.0,0.0,0.0,0.0,1.0,1.0,0.0
,outer1,1,70,b871,,,,,,60.0,210.0,0.0,0.0,0.0,0.0,0.0,1.0,1.0,0.0
,outer1,1,70,b871,,,,,,60.0,240.0,0.0,0.0,0.0,0.0,0.0,1.0,1.0,0.0
,outer1,1,70,b871,,,,,,60.0,270.0,0.0,0.0,0.0,0.0,0.0,1.0,1.0,0.0
,outer1,1,70,b871,,,,,,60.0,300.0,0.0,0.0,0.0,0.0,0.0,1.0,1.0,0.0
,outer1,1,70,b871,,,,,,60.0,330.0,0.0,0.0,0.0,0.0,0.0,1.0,1.0,0.0
,outer1,1,70,b871,,,,,,90.0,0.0,0.0,0.0,0.0,0.0,0.0,1.0,1.0,0.0
,outer1,1,70,b871,,,,,,90.0,30.0,180.0,180.0,0.0,0.0,0.0,0.0,0.0,0.0
,outer1,1,70,b871,,,,,,90.0,60.0,60.000003814697266,180.0,119.99999618530273,0.0,120.0,0.0,0.0,0.0
,outer1,1,70,b871,,,,,,90.0,90.0,180.0,0.0,-180.0,0.0,-180.0,0.0,1.0,1.0
,outer1,1,70,b871,,,,,,90.0,120.0,0.0,0.0,0.0,0.0,0.0,1.0,1.0,0.0
,outer1,1,70,b871,,,,,,90.0,150.0,120.00000762939453,60.000003814697266,-60.000003814697266,0.0,-60.0,0.0,0.0,0.0
,outer1,1,70,b871,,,,,,90.0,180.0,180.0,180.0,0.0,0.0,0.0,0.0,0.0,0.0
,outer1,1,70,b871,,,,,,90.0,210.0,0.0,0.0,0.0,0.0,0.0,1.0,1.0,0.0
,outer1,1,70,b871,,,,,,90.0,240.0,60.000003814697266,60.000003814697266,0.0,0.0,0.0,0.0,0.0,0.0
,outer1,1,70,b871,,,,,,90.0,270.0,180.0,0.0,-180.0,0.0,-180.0,0.0,1.0,1.0
,outer1,1,70,b871,,,,,,90.0,300.0,180.0,0.0,-180.0,0.0,-180.0,0.0,1.0,1.0
,outer1,1,70,b871,,,,,,90.0,330.0,120.00000762939453,120.00000762939453,0.0,0.0,0.0,0.0,0.0,0.0
,outer1,1,70,b871,,,,,,120.0,0.0,0.0,29.99998664855957,29.99998664855957,30.0,0.0,1.0,0.0,-1.0
,outer1,1,70,b871,,,,,,120.0,30.0,0.0,0.0,0.0,0.0,0.0,1.0,1.0,0.0
,outer1,1,70,b871,,,,,,120.0,60.0,0.0,0.0,0.0,0.0,0.0,1.0,1.0,0.0
,outer1,1,70,b871,,,,,,120.0,90.0,0.0,0.0,0.0,0.0,0.0,1.0,1.0,0.0
,outer1,1,70,b871,,,,,,120.0,120.0,60.000003814697266,97.18075561523438,37.18075180053711,-60.0,120.0,0.0,0.0,0.0
,outer1,1,70,b871,,,,,,120.0,150.0,0.0,0.0,0.0,0.0,0.0,1.0,1.0,0.0
,outer1,1,70,b871,,,,,,120.0,180.0,0.0,0.0,0.0,0.0,0.0,1.0,1.0,0.0
,outer1,1,70,b871,,,,,,120.0,210.0,25.905075073242188,0.0,-25.905075073242188,0.0,-30.0,0.0,1.0,1.0
,outer1,1,70,b871,,,,,,120.0,240.0,0.0,0.0,0.0,0.0,0.0,1.0,1.0,0.0
,outer1,1,70,b871,,,,,,120.0,270.0,0.0,0.0,0.0,0.0,0.0,1.0,1.0,0.0
,outer1,1,70,b871,,,,,,120.0,300.0,0.0,0.0,0.0,0.0,0.0,1.0,1.0,0.0
,outer1,1,70,b871,,,,,,120.0,330.0,0.0,0.0,0.0,0.0,0.0,1.0,1.0,0.0
,outer1,1,70,b871,,,,,,150.0,0.0,0.0,0.0,0.0,0.0,0.0,1.0,1.0,0.0
,outer1,1,70,b871,,,,,,150.0,30.0,0.0,0.0,0.0,0.0,0.0,1.0,1.0,0.0
,outer1,1,70,b871,,,,,,150.0,60.0,0.0,0.0,0.0,0.0,0.0,1.0,1.0,0.0
,outer1,1,70,b871,,,,,,150.0,90.0,0.0,0.0,0.0,0.0,0.0,1.0,1.0,0.0
,outer1,1,70,b871,,,,,,150.0,120.0,0.0,0.0,0.0,0.0,0.0,1.0,1.0,0.0
,outer1,1,70,b871,,,,,,150.0,150.0,0.0,0.0,0.0,0.0,0.0,1.0,1.0,0.0
,outer1,1,70,b871,,,,,,150.0,180.0,0.0,0.0,0.0,0.0,0.0,1.0,1.0,0.0
,outer1,1,70,b871,,,,,,150.0,210.0,0.0,0.0,0.0,0.0,0.0,1.0,1.0,0.0
,outer1,1,70,b871,,,,,,150.0,240.0,0.0,0.0,0.0,0.0,0.0,1.0,1.0,0.0
,outer1,1,70,b871,,,,,,150.0,270.0,0.0,0.0,0.0,0.0,0.0,1.0,1.0,0.0
,outer1,1,70,b871,,,,,,150.0,300.0,0.0,0.0,0.0,0.0,0.0,1.0,1.0,0.0
,outer1,1,70,b871,,,,,,150.0,330.0,0.0,0.0,0.0,0.0,0.0,1.0,1.0,0.0
,outer1,1,70,b905,,,,,,30.0,0.0,0.0,0.0,0.0,0.0,0.0,1.0,1.0,0.0
,outer1,1,70,b905,,,,,,30.0,30.0,0.0,0.0,0.0,0.0,0.0,1.0,1.0,0.0
,outer1,1,70,b905,,,,,,30.0,60.0,0.0,0.0,0.0,0.0,0.0,1.0,1.0,0.0
,outer1,1,70,b905,,,,,,30.0,90.0,0.0,90.0,90.0,90.0,0.0,1.0,0.0,-1.0
,outer1,1,70,b905,,,,,,30.0,120.0,0.0,0.0,0.0,0.0,0.0,1.0,1.0,0.0
,outer1,1,70,b905,,,,,,30.0,150.0,0.0,0.0,0.0,0.0,0.0,1.0,1.0,0.0
,outer1,1,70,b905,,,,,,30.0,180.0,0.0,30.000001907348633,30.000001907348633,30.0,0.0,1.0,0.0,-1.0
,outer1,1,70,b905,,,,,,30.0,210.0,0.0,0.0,0.0,0.0,0.0,1.0,1.0,0.0
,outer1,1,70,b905,,,,,,30.0,240.0,0.0,0.0,0.0,0.0,0.0,1.0,1.0,0.0
,outer1,1,70,b905,,,,,,30.0,270.0,0.0,0.0,0.0,0.0,0.0,1.0,1.0,0.0
,outer1,1,70,b905,,,,,,30.0,300.0,0.0,0.0,0.0,0.0,0.0,1.0,1.0,0.0
,outer1,1,70,b905,,,,,,30.0,330.0,0.0,0.0,0.0,0.0,0.0,1.0,1.0,0.0
,outer1,1,70,b905,,,,,,60.0,0.0,0.0,0.0,0.0,0.0,0.0,1.0,1.0,0.0
,outer1,1,70,b905,,,,,,60.0,30.0,0.0,0.0,0.0,0.0,0.0,1.0,1.0,0.0
,outer1,1,70,b905,,,,,,60.0,60.0,0.0,0.0,0.0,0.0,0.0,1.0,1.0,0.0
,outer1,1,70,b905,,,,,,60.0,90.0,0.0,0.0,0.0,0.0,0.0,1.0,1.0,0.0
,outer1,1,70,b905,,,,,,60.0,120.0,0.0,0.0,0.0,0.0,0.0,1.0,1.0,0.0
,outer1,1,70,b905,,,,,,60.0,150.0,0.0,0.0,0.0,0.0,0.0,1.0,1.0,0.0
,outer1,1,70,b905,,,,,,60.0,180.0,0.0,0.0,0.0,0.0,0.0,1.0,1.0,0.0
,outer1,1,70,b905,,,,,,60.0,210.0,0.0,0.0,0.0,0.0,0.0,1.0,1.0,0.0
,outer1,1,70,b905,,,,,,60.0,240.0,128.6822052001953,128.6822052001953,0.0,0.0,0.0,0.0,0.0,0.0
,outer1,1,70,b905,,,,,,60.0,270.0,0.0,0.0,0.0,0.0,0.0,1.0,1.0,0.0
,outer1,1,70,b905,,,,,,60.0,300.0,0.0,0.0,0.0,0.0,0.0,1.0,1.0,0.0
,outer1,1,70,b905,,,,,,60.0,330.0,0.0,0.0,0.0,0.0,0.0,1.0,1.0,0.0
,outer1,1,70,b905,,,,,,90.0,0.0,0.0,180.0,180.0,0.0,180.0,1.0,0.0,-1.0
,outer1,1,70,b905,,,,,,90.0,30.0,60.00000762939453,120.00000762939453,60.0,0.0,60.0,0.0,0.0,0.0
,outer1,1,70,b905,,,,,,90.0,60.0,0.0,0.0,0.0,0.0,0.0,1.0,1.0,0.0
,outer1,1,70,b905,,,,,,90.0,90.0,0.0,0.0,0.0,0.0,0.0,1.0,1.0,0.0
,outer1,1,70,b905,,,,,,90.0,120.0,60.000003814697266,120.00000762939453,60.000003814697266,0.0,60.0,0.0,0.0,0.0
,outer1,1,70,b905,,,,,,90.0,150.0,0.0,0.0,0.0,0.0,0.0,1.0,1.0,0.0
,outer1,1,70,b905,,,,,,90.0,180.0,180.0,0.0,-180.0,0.0,-180.0,0.0,1.0,1.0
,outer1,1,70,b905,,,,,,90.0,210.0,120.00000762939453,120.00000762939453,0.0,0.0,0.0,0.0,0.0,0.0
,outer1,1,70,b905,,,,,,90.0,240.0,180.0,0.0,-180.0,0.0,-180.0,0.0,1.0,1.0
,outer1,1,70,b905,,,,,,90.0,270.0,180.0,0.0,-180.0,0.0,-180.0,0.0,1.0,1.0
,outer1,1,70,b905,,,,,,90.0,300.0,60.000003814697266,0.0,-60.000003814697266,0.0,-60.0,0.0,1.0,1.0
,outer1,1,70,b905,,,,,,90.0,330.0,0.0,180.0,180.0,0.0,180.0,1.0,0.0,-1.0
,outer1,1,70,b905,,,,,,120.0,0.0,0.0,0.0,0.0,0.0,0.0,1.0,1.0,0.0
,outer1,1,70,b905,,,,,,120.0,30.0,0.0,0.0,0.0,0.0,0.0,1.0,1.0,0.0
,outer1,1,70,b905,,,,,,120.0,60.0,0.0,0.0,0.0,0.0,0.0,1.0,1.0,0.0
,outer1,1,70,b905,,,,,,120.0,90.0,0.0,0.0,0.0,0.0,0.0,1.0,1.0,0.0
,outer1,1,70,b905,,,,,,120.0,120.0,0.0,0.0,0.0,0.0,0.0,1.0,1.0,0.0
,outer1,1,70,b905,,,,,,120.0,150.0,0.0,0.0,0.0,0.0,0.0,1.0,1.0,0.0
,outer1,1,70,b905,,,,,,120.0,180.0,0.0,0.0,0.0,0.0,0.0,1.0,1.0,0.0
,outer1,1,70,b905,,,,,,120.0,210.0,0.0,66.45188903808594,66.45188903808594,60.0,30.0,1.0,0.0,-1.0
,outer1,1,70,b905,,,,,,120.0,240.0,0.0,0.0,0.0,0.0,0.0,1.0,1.0,0.0
,outer1,1,70,b905,,,,,,120.0,270.0,120.00000762939453,0.0,-120.00000762939453,0.0,-180.0,0.0,1.0,1.0
,outer1,1,70,b905,,,,,,120.0,300.0,0.0,0.0,0.0,0.0,0.0,1.0,1.0,0.0
,outer1,1,70,b905,,,,,,120.0,330.0,0.0,0.0,0.0,0.0,0.0,1.0,1.0,0.0
,outer1,1,70,b905,,,,,,150.0,0.0,0.0,0.0,0.0,0.0,0.0,1.0,1.0,0.0
,outer1,1,70,b905,,,,,,150.0,30.0,0.0,0.0,0.0,0.0,0.0,1.0,1.0,0.0
,outer1,1,70,b905,,,,,,150.0,60.0,0.0,0.0,0.0,0.0,0.0,1.0,1.0,0.0
,outer1,1,70,b905,,,,,,150.0,90.0,0.0,120.00000762939453,120.00000762939453,120.0,0.0,1.0,0.0,-1.0
,outer1,1,70,b905,,,,,,150.0,120.0,0.0,0.0,0.0,0.0,0.0,1.0,1.0,0.0
,outer1,1,70,b905,,,,,,150.0,150.0,0.0,0.0,0.0,0.0,0.0,1.0,1.0,0.0
,outer1,1,70,b905,,,,,,150.0,180.0,0.0,60.000003814697266,60.000003814697266,0.0,180.0,1.0,0.0,-1.0
,outer1,1,70,b905,,,,,,150.0,210.0,0.0,0.0,0.0,0.0,0.0,1.0,1.0,0.0
,outer1,1,70,b905,,,,,,150.0,240.0,0.0,151.04498291015625,151.04498291015625,120.0,120.0,1.0,0.0,-1.0
,outer1,1,70,b905,,,,,,150.0,270.0,0.0,0.0,0.0,0.0,0.0,1.0,1.0,0.0
,outer1,1,70,b905,,,,,,150.0,300.0,0.0,0.0,0.0,0.0,0.0,1.0,1.0,0.0
,outer1,1,70,b905,,,,,,150.0,330.0,0.0,0.0,0.0,0.0,0.0,1.0,1.0,0.0
,outer1,1,70,bb7d,,,,,,30.0,0.0,120.00000762939453,60.000003814697266,-60.000003814697266,-120.0,180.0,0.0,0.0,0.0
,outer1,1,70,bb7d,,,,,,30.0,30.0,60.000003814697266,0.0,-60.000003814697266,0.0,-180.0,0.0,1.0,1.0
,outer1,1,70,bb7d,,,,,,30.0,60.0,57.7581901550293,128.68218994140625,70.92399978637695,120.0,-90.0,0.0,0.0,0.0
,outer1,1,70,bb7d,,,,,,30.0,90.0,180.0,60.000003814697266,-119.99999618530273,-120.0,0.0,0.0,0.0,0.0
,outer1,1,70,bb7d,,,,,,30.0,120.0,128.68218994140625,128.68218994140625,0.0,0.0,0.0,0.0,0.0,0.0
,outer1,1,70,bb7d,,,,,,30.0,150.0,128.68218994140625,151.04498291015625,22.36279296875,0.0,60.0,0.0,0.0,0.0
,outer1,1,70,bb7d,,,,,,30.0,180.0,180.0,90.0,-90.0,-30.0,-180.0,0.0,0.0,0.0
,outer1,1,70,bb7d,,,,,,30.0,210.0,0.0,51.31781005859375,51.31781005859375,0.0,120.0,1.0,0.0,-1.0
,outer1,1,70,bb7d,,,,,,30.0,240.0,60.000003814697266,102.50392150878906,42.5039176940918,90.0,-120.0,0.0,0.0,0.0
,outer1,1,70,bb7d,,,,,,30.0,270.0,0.0,0.0,0.0,0.0,0.0,1.0,1.0,0.0
,outer1,1,70,bb7d,,,,,,30.0,300.0,0.0,0.0,0.0,0.0,0.0,1.0,1.0,0.0
,outer1,1,70,bb7d,,,,,,30.0,330.0,128.68218994140625,128.68218994140625,0.0,0.0,0.0,0.0,0.0,0.0
,outer1,1,70,bb7d,,,,,,60.0,0.0,180.0,90.0,-90.0,-30.0,0.0,0.0,0.0,0.0
,outer1,1,70,bb7d,,,,,,60.0,30.0,82.81924438476562,82.81924438476562,0.0,0.0,0.0,0.0,0.0,0.0
,outer1,1,70,bb7d,,,,,,60.0,60.0,0.0,154.0949249267578,154.0949249267578,60.0,150.0,1.0,0.0,-1.0
,outer1,1,70,bb7d,,,,,,60.0,90.0,180.0,60.000003814697266,-119.99999618530273,0.0,-180.0,0.0,0.0,0.0
,outer1,1,70,bb7d,,,,,,60.0,120.0,66.45188903808594,66.45188903808594,0.0,0.0,0.0,0.0,0.0,0.0
,outer1,1,70,bb7d,,,,,,60.0,150.0,120.00000762939453,120.00000762939453,0.0,0.0,0.0,0.0,0.0,0.0
,outer1,1,70,bb7d,,,,,,60.0,180.0,60.000003814697266,60.000003814697266,0.0,0.0,0.0,0.0,0.0,0.0
,outer1,1,70,bb7d,,,,,,60.0,210.0,97.1807632446289,128.6822052001953,31.501441955566406,60.0,0.0,0.0,0.0,0.0
,outer1,1,70,bb7d,,,,,,60.0,240.0,113.5481185913086,113.5481185913086,0.0,0.0,0.0,0.0,0.0,0.0
,outer1,1,70,bb7d,,,,,,60.0,270.0,29.999998092651367,180.0,150.00000190734863,30.0,180.0,0.0,0.0,0.0
,outer1,1,70,bb7d,,,,,,60.0,300.0,25.905075073242188,25.905075073242188,0.0,0.0,0.0,0.0,0.0,0.0
,outer1,1,70,bb7d,,,,,,60.0,330.0,82.81924438476562,0.0,-82.81924438476562,-60.0,-60.0,0.0,1.0,1.0
,outer1,1,70,bb7d,,,,,,90.0,0.0,115.65889739990234,115.6589126586914,1.52587890625e-05,0.0,0.0,0.0,0.0,0.0
,outer1,1,70,bb7d,,,,,,90.0,30.0,138.59039306640625,138.59039306640625,0.0,0.0,0.0,0.0,0.0,0.0
,outer1,1,70,bb7d,,,,,,90.0,60.0,138.59039306640625,138.59039306640625,0.0,0.0,0.0,0.0,0.0,0.0
,outer1,1,70,bb7d,,,,,,90.0,90.0,180.0,0.0,-180.0,0.0,-180.0,0.0,1.0,1.0
,outer1,1,70,bb7d,,,,,,90.0,120.0,138.59039306640625,138.59039306640625,0.0,0.0,0.0,0.0,0.0,0.0
,outer1,1,70,bb7d,,,,,,90.0,150.0,90.0,90.0,0.0,0.0,0.0,0.0,0.0,0.0
,outer1,1,70,bb7d,,,,,,90.0,180.0,64.34110260009766,64.34109497070312,-7.62939453125e-06,0.0,0.0,0.0,0.0,0.0
,outer1,1,70,bb7d,,,,,,90.0,210.0,41.40962219238281,64.34110260009766,22.931480407714844,0.0,30.0,0.0,0.0,0.0
,outer1,1,70,bb7d,,,,,,90.0,240.0,41.40962219238281,138.59039306640625,97.18077087402344,0.0,120.0,0.0,0.0,0.0
,outer1,1,70,bb7d,,,,,,90.0,270.0,0.0,180.0,180.0,0.0,180.0,1.0,0.0,-1.0
,outer1,1,70,bb7d,,,,,,90.0,300.0,41.40962219238281,41.40962219238281,0.0,0.0,0.0,0.0,0.0,0.0
,outer1,1,70,bb7d,,,,,,90.0,330.0,90.0,90.0,0.0,0.0,0.0,0.0,0.0,0.0
,outer1,1,70,bb7d,,,,,,120.0,0.0,120.00000762939453,120.00000762939453,0.0,0.0,0.0,0.0,0.0,0.0
,outer1,1,70,bb7d,,,,,,120.0,30.0,60.000003814697266,82.81924438476562,22.81924057006836,0.0,60.0,0.0,0.0,0.0
,outer1,1,70,bb7d,,,,,,120.0,60.0,25.905075073242188,154.0949249267578,128.18984985351562,60.0,120.0,0.0,0.0,0.0
,outer1,1,70,bb7d,,,,,,120.0,90.0,60.000003814697266,60.000003814697266,0.0,0.0,0.0,0.0,0.0,0.0
,outer1,1,70,bb7d,,,,,,120.0,120.0,102.50392150878906,66.45188903808594,-36.052032470703125,-30.0,-30.0,0.0,0.0,0.0
,outer1,1,70,bb7d,,,,,,120.0,150.0,120.00000762939453,120.00000762939453,0.0,0.0,0.0,0.0,0.0,0.0
,outer1,1,70,bb7d,,,,,,120.0,180.0,60.000003814697266,90.0,29.999996185302734,30.0,0.0,0.0,0.0,0.0
,outer1,1,70,bb7d,,,,,,120.0,210.0,128.6822052001953,128.6822052001953,0.0,0.0,0.0,0.0,0.0,0.0
,outer1,1,70,bb7d,,,,,,120.0,240.0,113.54811096191406,113.54811096191406,0.0,0.0,0.0,0.0,0.0,0.0
,outer1,1,70,bb7d,,,,,,120.0,270.0,0.0,60.000003814697266,60.000003814697266,60.0,0.0,1.0,0.0,-1.0
,outer1,1,70,bb7d,,,,,,120.0,300.0,130.50535583496094,25.905075073242188,-104.60028076171875,-90.0,-90.0,0.0,0.0,0.0
,outer1,1,70,bb7d,,,,,,120.0,330.0,60.000003814697266,0.0,-60.000003814697266,-60.0,0.0,0.0,1.0,1.0
,outer1,1,70,bb7d,,,,,,150.0,0.0,150.0,90.0,-60.0,-60.0,0.0,0.0,0.0,0.0
,outer1,1,70,bb7d,,,,,,150.0,30.0,0.0,0.0,0.0,0.0,0.0,1.0,1.0,0.0
,outer1,1,70,bb7d,,,,,,150.0,60.0,151.04498291015625,128.68218994140625,-22.36279296875,0.0,-60.0,0.0,0.0,0.0
,outer1,1,70,bb7d,,,,,,150.0,90.0,120.00000762939453,180.0,59.99999237060547,0.0,180.0,0.0,0.0,0.0
,outer1,1,70,bb7d,,,,,,150.0,120.0,128.68218994140625,128.68218994140625,0.0,0.0,0.0,0.0,0.0,0.0
,outer1,1,70,bb7d,,,,,,150.0,150.0,128.68218994140625,151.04498291015625,22.36279296875,0.0,60.0,0.0,0.0,0.0
,outer1,1,70,bb7d,,,,,,150.0,180.0,90.0,29.99998664855957,-60.00001335144043,-60.0,0.0,0.0,0.0,0.0
,outer1,1,70,bb7d,,,,,,150.0,210.0,0.0,128.68218994140625,128.68218994140625,120.0,60.0,1.0,0.0,-1.0
,outer1,1,70,bb7d,,,,,,150.0,240.0,165.12905883789062,60.000003814697266,-105.12905502319336,-120.0,30.0,0.0,0.0,0.0
,outer1,1,70,bb7d,,,,,,150.0,270.0,0.0,120.00000762939453,120.00000762939453,120.0,0.0,1.0,0.0,-1.0
,outer1,1,70,bb7d,,,,,,150.0,300.0,151.04498291015625,28.95502281188965,-122.0899600982666,-120.0,-60.0,0.0,0.0,0.0
,outer1,1,70,bb7d,,,,,,150.0,330.0,151.04498291015625,151.04498291015625,0.0,0.0,0.0,0.0,0.0,0.0
,outer1,1,70,bbc6,,,,,,30.0,0.0,0.0,0.0,0.0,0.0,0.0,1.0,1.0,0.0
,outer1,1,70,bbc6,,,,,,30.0,30.0,0.0,0.0,0.0,0.0,0.0,1.0,1.0,0.0
,outer1,1,70,bbc6,,,,,,30.0,60.0,0.0,0.0,0.0,0.0,0.0,1.0,1.0,0.0
,outer1,1,70,bbc6,,,,,,30.0,90.0,180.0,60.000003814697266,-119.99999618530273,-120.0,0.0,0.0,0.0,0.0
,outer1,1,70,bbc6,,,,,,30.0,120.0,151.04498291015625,57.7581901550293,-93.28679275512695,-120.0,30.0,0.0,0.0,0.0
,outer1,1,70,bbc6,,,,,,30.0,150.0,14.870942115783691,0.0,-14.870942115783691,0.0,-30.0,0.0,1.0,1.0
,outer1,1,70,bbc6,,,,,,30.0,180.0,0.0,0.0,0.0,0.0,0.0,1.0,1.0,0.0
,outer1,1,70,bbc6,,,,,,30.0,210.0,0.0,122.24180603027344,122.24180603027344,120.0,30.0,1.0,0.0,-1.0
,outer1,1,70,bbc6,,,,,,30.0,240.0,0.0,57.7581901550293,57.7581901550293,0.0,150.0,1.0,0.0,-1.0
,outer1,1,70,bbc6,,,,,,30.0,270.0,0.0,0.0,0.0,0.0,0.0,1.0,1.0,0.0
,outer1,1,70,bbc6,,,,,,30.0,300.0,14.870942115783691,0.0,-14.870942115783691,0.0,-30.0,0.0,1.0,1.0
,outer1,1,70,bbc6,,,,,,30.0,330.0,0.0,0.0,0.0,0.0,0.0,1.0,1.0,0.0
,outer1,1,70,bbc6,,,,,,60.0,0.0,30.000001907348633,30.000001907348633,0.0,0.0,0.0,0.0,0.0,0.0
,outer1,1,70,bbc6,,,,,,60.0,30.0,0.0,0.0,0.0,0.0,0.0,1.0,1.0,0.0
,outer1,1,70,bbc6,,,,,,60.0,60.0,0.0,0.0,0.0,0.0,0.0,1.0,1.0,0.0
,outer1,1,70,bbc6,,,,,,60.0,90.0,150.0,180.0,30.0,-30.0,0.0,0.0,0.0,0.0
,outer1,1,70,bbc6,,,,,,60.0,120.0,130.50535583496094,128.6822052001953,-1.823150634765625,-30.0,0.0,0.0,0.0,0.0
,outer1,1,70,bbc6,,,,,,60.0,150.0,0.0,60.000003814697266,60.000003814697266,60.0,0.0,1.0,0.0,-1.0
,outer1,1,70,bbc6,,,,,,60.0,180.0,90.0,60.000003814697266,-29.999996185302734,-30.0,0.0,0.0,0.0,0.0
,outer1,1,70,bbc6,,,,,,60.0,210.0,82.81924438476562,82.81924438476562,0.0,0.0,0.0,0.0,0.0,0.0
,outer1,1,70,bbc6,,,,,,60.0,240.0,25.905075073242188,30.000001907348633,4.094926834106445,30.0,-30.0,0.0,0.0,0.0
,outer1,1,70,bbc6,,,,,,60.0,270.0,0.0,0.0,0.0,0.0,0.0,1.0,1.0,0.0
,outer1,1,70,bbc6,,,,,,60.0,300.0,97.18075561523438,128.68218994140625,31.501434326171875,60.0,0.0,0.0,0.0,0.0
,outer1,1,70,bbc6,,,,,,60.0,330.0,0.0,120.00000762939453,120.00000762939453,0.0,180.0,1.0,0.0,-1.0
,outer1,1,70,bbc6,,,,,,90.0,0.0,0.0,0.0,0.0,0.0,0.0,1.0,1.0,0.0
,outer1,1,70,bbc6,,,,,,90.0,30.0,0.0,180.0,180.0,0.0,180.0,1.0,0.0,-1.0
,outer1,1,70,bbc6,,,,,,90.0,60.0,119.99999237060547,150.0,30.00000762939453,0.0,30.0,0.0,0.0,0.0
,outer1,1,70,bbc6,,,,,,90.0,90.0,0.0,180.0,180.0,0.0,180.0,1.0,0.0,-1.0
,outer1,1,70,bbc6,,,,,,90.0,120.0,150.0,180.0,30.0,0.0,30.0,0.0,0.0,0.0
,outer1,1,70,bbc6,,,,,,90.0,150.0,0.0,180.0,180.0,0.0,180.0,1.0,0.0,-1.0
,outer1,1,70,bbc6,,,,,,90.0,180.0,180.0,180.0,0.0,0.0,0.0,0.0,0.0,0.0
,outer1,1,70,bbc6,,,,,,90.0,210.0,180.0,0.0,-180.0,0.0,-180.0,0.0,1.0,1.0
,outer1,1,70,bbc6,,,,,,90.0,240.0,60.000003814697266,30.000001907348633,-30.000001907348633,0.0,-30.0,0.0,0.0,0.0
,outer1,1,70,bbc6,,,,,,90.0,270.0,180.0,180.0,0.0,0.0,0.0,0.0,0.0,0.0
,outer1,1,70,bbc6,,,,,,90.0,300.0,0.0,60.000003814697266,60.000003814697266,0.0,60.0,1.0,0.0,-1.0
,outer1,1,70,bbc6,,,,,,90.0,330.0,180.0,0.0,-180.0,0.0,-180.0,0.0,1.0,1.0
,outer1,1,70,bbc6,,,,,,120.0,0.0,29.99998664855957,29.99998664855957,0.0,0.0,0.0,0.0,0.0,0.0
,outer1,1,70,bbc6,,,,,,120.0,30.0,0.0,0.0,0.0,0.0,0.0,1.0,1.0,0.0
,outer1,1,70,bbc6,,,,,,120.0,60.0,0.0,0.0,0.0,0.0,0.0,1.0,1.0,0.0
,outer1,1,70,bbc6,,,,,,120.0,90.0,180.0,180.0,0.0,0.0,0.0,0.0,0.0,0.0
,outer1,1,70,bbc6,,,,,,120.0,120.0,128.6822052001953,128.6822052001953,0.0,0.0,0.0,0.0,0.0,0.0
,outer1,1,70,bbc6,,,,,,120.0,150.0,51.31781005859375,60.000003814697266,8.682193756103516,60.0,-60.0,0.0,0.0,0.0
,outer1,1,70,bbc6,,,,,,120.0,180.0,90.0,0.0,-90.0,-90.0,0.0,0.0,1.0,1.0
,outer1,1,70,bbc6,,,,,,120.0,210.0,82.81924438476562,82.81924438476562,0.0,0.0,0.0,0.0,0.0,0.0
,outer1,1,70,bbc6,,,,,,120.0,240.0,36.09777069091797,0.0,-36.09777069091797,-30.0,-30.0,0.0,1.0,1.0
,outer1,1,70,bbc6,,,,,,120.0,270.0,0.0,0.0,0.0,0.0,0.0,1.0,1.0,0.0
,outer1,1,70,bbc6,,,,,,120.0,300.0,97.18075561523438,128.68218994140625,31.501434326171875,60.0,0.0,0.0,0.0,0.0
,outer1,1,70,bbc6,,,,,,120.0,330.0,0.0,25.90508270263672,25.90508270263672,0.0,30.0,1.0,0.0,-1.0
,outer1,1,70,bbc6,,,,,,150.0,0.0,0.0,0.0,0.0,0.0,0.0,1.0,1.0,0.0
,outer1,1,70,bbc6,,,,,,150.0,30.0,0.0,0.0,0.0,0.0,0.0,1.0,1.0,0.0
,outer1,1,70,bbc6,,,,,,150.0,60.0,0.0,60.000003814697266,60.000003814697266,0.0,180.0,1.0,0.0,-1.0
,outer1,1,70,bbc6,,,,,,150.0,90.0,180.0,180.0,0.0,0.0,0.0,0.0,0.0,0.0
,outer1,1,70,bbc6,,,,,,150.0,120.0,151.04498291015625,90.0,-61.04498291015625,-90.0,60.0,0.0,0.0,0.0
,outer1,1,70,bbc6,,,,,,150.0,150.0,57.7581901550293,0.0,-57.7581901550293,0.0,-150.0,0.0,1.0,1.0
,outer1,1,70,bbc6,,,,,,150.0,180.0,120.00000762939453,0.0,-120.00000762939453,-120.0,0.0,0.0,1.0,1.0
,outer1,1,70,bbc6,,,,,,150.0,210.0,120.00000762939453,128.68218994140625,8.682182312011719,0.0,60.0,0.0,0.0,0.0
,outer1,1,70,bbc6,,,,,,150.0,240.0,0.0,0.0,0.0,0.0,0.0,1.0,1.0,0.0
,outer1,1,70,bbc6,,,,,,150.0,270.0,0.0,0.0,0.0,0.0,0.0,1.0,1.0,0.0
,outer1,1,70,bbc6,,,,,,150.0,300.0,122.24180603027344,0.0,-122.24180603027344,-120.0,-30.0,0.0,1.0,1.0
,outer1,1,70,bbc6,,,,,,150.0,330.0,14.870942115783691,0.0,-14.870942115783691,0.0,-30.0,0.0,1.0,1.0
,outer1,1,71,b827,,,,,,30.0,0.0,0.0,0.0,0.0,0.0,0.0,1.0,1.0,0.0
,outer1,1,71,b827,,,,,,30.0,30.0,0.0,0.0,0.0,0.0,0.0,1.0,1.0,0.0
,outer1,1,71,b827,,,,,,30.0,60.0,0.0,0.0,0.0,0.0,0.0,1.0,1.0,0.0
,outer1,1,71,b827,,,,,,30.0,90.0,0.0,0.0,0.0,0.0,0.0,1.0,1.0,0.0
,outer1,1,71,b827,,,,,,30.0,120.0,60.000003814697266,41.40962219238281,-18.590381622314453,0.0,-90.0,0.0,0.0,0.0
,outer1,1,71,b827,,,,,,30.0,150.0,0.0,0.0,0.0,0.0,0.0,1.0,1.0,0.0
,outer1,1,71,b827,,,,,,30.0,180.0,0.0,0.0,0.0,0.0,0.0,1.0,1.0,0.0
,outer1,1,71,b827,,,,,,30.0,210.0,0.0,60.000003814697266,60.000003814697266,0.0,180.0,1.0,0.0,-1.0
,outer1,1,71,b827,,,,,,30.0,240.0,0.0,0.0,0.0,0.0,0.0,1.0,1.0,0.0
,outer1,1,71,b827,,,,,,30.0,270.0,0.0,0.0,0.0,0.0,0.0,1.0,1.0,0.0
,outer1,1,71,b827,,,,,,30.0,300.0,0.0,151.04498291015625,151.04498291015625,120.0,120.0,1.0,0.0,-1.0
,outer1,1,71,b827,,,,,,30.0,330.0,0.0,0.0,0.0,0.0,0.0,1.0,1.0,0.0
,outer1,1,71,b827,,,,,,60.0,0.0,30.000001907348633,30.000001907348633,0.0,0.0,0.0,0.0,0.0,0.0
,outer1,1,71,b827,,,,,,60.0,30.0,0.0,90.0,90.0,90.0,0.0,1.0,0.0,-1.0
,outer1,1,71,b827,,,,,,60.0,60.0,0.0,0.0,0.0,0.0,0.0,1.0,1.0,0.0
,outer1,1,71,b827,,,,,,60.0,90.0,0.0,0.0,0.0,0.0,0.0,1.0,1.0,0.0
,outer1,1,71,b827,,,,,,60.0,120.0,0.0,0.0,0.0,0.0,0.0,1.0,1.0,0.0
,outer1,1,71,b827,,,,,,60.0,150.0,0.0,0.0,0.0,0.0,0.0,1.0,1.0,0.0
,outer1,1,71,b827,,,,,,60.0,180.0,0.0,0.0,0.0,0.0,0.0,1.0,1.0,0.0
,outer1,1,71,b827,,,,,,60.0,210.0,0.0,0.0,0.0,0.0,0.0,1.0,1.0,0.0
,outer1,1,71,b827,,,,,,60.0,240.0,0.0,0.0,0.0,0.0,0.0,1.0,1.0,0.0
,outer1,1,71,b827,,,,,,60.0,270.0,0.0,0.0,0.0,0.0,0.0,1.0,1.0,0.0
,outer1,1,71,b827,,,,,,60.0,300.0,0.0,0.0,0.0,0.0,0.0,1.0,1.0,0.0
,outer1,1,71,b827,,,,,,60.0,330.0,0.0,120.00000762939453,120.00000762939453,0.0,180.0,1.0,0.0,-1.0
,outer1,1,71,b827,,,,,,90.0,0.0,0.0,180.0,180.0,0.0,180.0,1.0,0.0,-1.0
,outer1,1,71,b827,,,,,,90.0,30.0,0.0,180.0,180.0,0.0,180.0,1.0,0.0,-1.0
,outer1,1,71,b827,,,,,,90.0,60.0,60.000003814697266,119.99999237060547,59.9999885559082,0.0,60.0,0.0,0.0,0.0
,outer1,1,71,b827,,,,,,90.0,90.0,0.0,180.0,180.0,0.0,180.0,1.0,0.0,-1.0
,outer1,1,71,b827,,,,,,90.0,120.0,0.0,180.0,180.0,0.0,180.0,1.0,0.0,-1.0
,outer1,1,71,b827,,,,,,90.0,150.0,0.0,0.0,0.0,0.0,0.0,1.0,1.0,0.0
,outer1,1,71,b827,,,,,,90.0,180.0,180.0,0.0,-180.0,0.0,-180.0,0.0,1.0,1.0
,outer1,1,71,b827,,,,,,90.0,210.0,0.0,0.0,0.0,0.0,0.0,1.0,1.0,0.0
,outer1,1,71,b827,,,,,,90.0,240.0,60.000003814697266,60.000003814697266,0.0,0.0,0.0,0.0,0.0,0.0
,outer1,1,71,b827,,,,,,90.0,270.0,0.0,0.0,0.0,0.0,0.0,1.0,1.0,0.0
,outer1,1,71,b827,,,,,,90.0,300.0,0.0,0.0,0.0,0.0,0.0,1.0,1.0,0.0
,outer1,1,71,b827,,,,,,90.0,330.0,180.0,180.0,0.0,0.0,0.0,0.0,0.0,0.0
,outer1,1,71,b827,,,,,,120.0,0.0,0.0,0.0,0.0,0.0,0.0,1.0,1.0,0.0
,outer1,1,71,b827,,,,,,120.0,30.0,0.0,0.0,0.0,0.0,0.0,1.0,1.0,0.0
,outer1,1,71,b827,,,,,,120.0,60.0,0.0,0.0,0.0,0.0,0.0,1.0,1.0,0.0
,outer1,1,71,b827,,,,,,120.0,90.0,0.0,0.0,0.0,0.0,0.0,1.0,1.0,0.0
,outer1,1,71,b827,,,,,,120.0,120.0,0.0,0.0,0.0,0.0,0.0,1.0,1.0,0.0
,outer1,1,71,b827,,,,,,120.0,150.0,0.0,0.0,0.0,0.0,0.0,1.0,1.0,0.0
,outer1,1,71,b827,,,,,,120.0,180.0,29.99998664855957,29.99998664855957,0.0,0.0,0.0,0.0,0.0,0.0
,outer1,1,71,b827,,,,,,120.0,210.0,0.0,0.0,0.0,0.0,0.0,1.0,1.0,0.0
,outer1,1,71,b827,,,,,,120.0,240.0,25.905075073242188,0.0,-25.905075073242188,0.0,-30.0,0.0,1.0,1.0
,outer1,1,71,b827,,,,,,120.0,270.0,0.0,0.0,0.0,0.0,0.0,1.0,1.0,0.0
,outer1,1,71,b827,,,,,,120.0,300.0,0.0,60.000003814697266,60.000003814697266,60.0,0.0,1.0,0.0,-1.0
,outer1,1,71,b827,,,,,,120.0,330.0,0.0,25.90508270263672,25.90508270263672,0.0,30.0,1.0,0.0,-1.0
,outer1,1,71,b827,,,,,,150.0,0.0,0.0,0.0,0.0,0.0,0.0,1.0,1.0,0.0
,outer1,1,71,b827,,,,,,150.0,30.0,0.0,0.0,0.0,0.0,0.0,1.0,1.0,0.0
,outer1,1,71,b827,,,,,,150.0,60.0,0.0,0.0,0.0,0.0,0.0,1.0,1.0,0.0
,outer1,1,71,b827,,,,,,150.0,90.0,0.0,0.0,0.0,0.0,0.0,1.0,1.0,0.0
,outer1,1,71,b827,,,,,,150.0,120.0,0.0,0.0,0.0,0.0,0.0,1.0,1.0,0.0
,outer1,1,71,b827,,,,,,150.0,150.0,0.0,0.0,0.0,0.0,0.0,1.0,1.0,0.0
,outer1,1,71,b827,,,,,,150.0,180.0,0.0,0.0,0.0,0.0,0.0,1.0,1.0,0.0
,outer1,1,71,b827,,,,,,150.0,210.0,0.0,60.000003814697266,60.000003814697266,0.0,180.0,1.0,0.0,-1.0
,outer1,1,71,b827,,,,,,150.0,240.0,0.0,120.00000762939453,120.00000762939453,120.0,0.0,1.0,0.0,-1.0
,outer1,1,71,b827,,,,,,150.0,270.0,0.0,0.0,0.0,0.0,0.0,1.0,1.0,0.0
,outer1,1,71,b827,,,,,,150.0,300.0,0.0,0.0,0.0,0.0,0.0,1.0,1.0,0.0
,outer1,1,71,b827,,,,,,150.0,330.0,0.0,0.0,0.0,0.0,0.0,1.0,1.0,0.0
,outer1,1,71,b871,,,,,,30.0,0.0,0.0,0.0,0.0,0.0,0.0,1.0,1.0,0.0
,outer1,1,71,b871,,,,,,30.0,30.0,0.0,0.0,0.0,0.0,0.0,1.0,1.0,0.0
,outer1,1,71,b871,,,,,,30.0,60.0,0.0,0.0,0.0,0.0,0.0,1.0,1.0,0.0
,outer1,1,71,b871,,,,,,30.0,90.0,0.0,0.0,0.0,0.0,0.0,1.0,1.0,0.0
,outer1,1,71,b871,,,,,,30.0,120.0,0.0,0.0,0.0,0.0,0.0,1.0,1.0,0.0
,outer1,1,71,b871,,,,,,30.0,150.0,0.0,0.0,0.0,0.0,0.0,1.0,1.0,0.0
,outer1,1,71,b871,,,,,,30.0,180.0,0.0,0.0,0.0,0.0,0.0,1.0,1.0,0.0
,outer1,1,71,b871,,,,,,30.0,210.0,0.0,0.0,0.0,0.0,0.0,1.0,1.0,0.0
,outer1,1,71,b871,,,,,,30.0,240.0,0.0,0.0,0.0,0.0,0.0,1.0,1.0,0.0
,outer1,1,71,b871,,,,,,30.0,270.0,0.0,0.0,0.0,0.0,0.0,1.0,1.0,0.0
,outer1,1,71,b871,,,,,,30.0,300.0,0.0,0.0,0.0,0.0,0.0,1.0,1.0,0.0
,outer1,1,71,b871,,,,,,30.0,330.0,0.0,0.0,0.0,0.0,0.0,1.0,1.0,0.0
,outer1,1,71,b871,,,,,,60.0,0.0,0.0,30.000001907348633,30.000001907348633,30.0,0.0,1.0,0.0,-1.0
,outer1,1,71,b871,,,,,,60.0,30.0,0.0,0.0,0.0,0.0,0.0,1.0,1.0,0.0
,outer1,1,71,b871,,,,,,60.0,60.0,0.0,0.0,0.0,0.0,0.0,1.0,1.0,0.0
,outer1,1,71,b871,,,,,,60.0,90.0,0.0,0.0,0.0,0.0,0.0,1.0,1.0,0.0
,outer1,1,71,b871,,,,,,60.0,120.0,0.0,128.6822052001953,128.6822052001953,60.0,120.0,1.0,0.0,-1.0
,outer1,1,71,b871,,,,,,60.0,150.0,0.0,0.0,0.0,0.0,0.0,1.0,1.0,0.0
,outer1,1,71,b871,,,,,,60.0,180.0,0.0,0.0,0.0,0.0,0.0,1.0,1.0,0.0
,outer1,1,71,b871,,,,,,60.0,210.0,0.0,0.0,0.0,0.0,0.0,1.0,1.0,0.0
,outer1,1,71,b871,,,,,,60.0,240.0,0.0,0.0,0.0,0.0,0.0,1.0,1.0,0.0
,outer1,1,71,b871,,,,,,60.0,270.0,0.0,0.0,0.0,0.0,0.0,1.0,1.0,0.0
,outer1,1,71,b871,,,,,,60.0,300.0,0.0,0.0,0.0,0.0,0.0,1.0,1.0,0.0
,outer1,1,71,b871,,,,,,60.0,330.0,0.0,0.0,0.0,0.0,0.0,1.0,1.0,0.0
,outer1,1,71,b871,,,,,,90.0,0.0,180.0,180.0,0.0,0.0,0.0,0.0,0.0,0.0
,outer1,1,71,b871,,,,,,90.0,30.0,0.0,180.0,180.0,0.0,180.0,1.0,0.0,-1.0
,outer1,1,71,b871,,,,,,90.0,60.0,60.000003814697266,119.99999237060547,59.9999885559082,0.0,60.0,0.0,0.0,0.0
,outer1,1,71,b871,,,,,,90.0,90.0,180.0,180.0,0.0,0.0,0.0,0.0,0.0,0.0
,outer1,1,71,b871,,,,,,90.0,120.0,0.0,180.0,180.0,0.0,180.0,1.0,0.0,-1.0
,outer1,1,71,b871,,,,,,90.0,150.0,0.0,180.0,180.0,0.0,180.0,1.0,0.0,-1.0
,outer1,1,71,b871,,,,,,90.0,180.0,180.0,0.0,-180.0,0.0,-180.0,0.0,1.0,1.0
,outer1,1,71,b871,,,,,,90.0,210.0,180.0,0.0,-180.0,0.0,-180.0,0.0,1.0,1.0
,outer1,1,71,b871,,,,,,90.0,240.0,60.000003814697266,60.000003814697266,0.0,0.0,0.0,0.0,0.0,0.0
,outer1,1,71,b871,,,,,,90.0,270.0,180.0,0.0,-180.0,0.0,-180.0,0.0,1.0,1.0
,outer1,1,71,b871,,,,,,90.0,300.0,180.0,0.0,-180.0,0.0,-180.0,0.0,1.0,1.0
,outer1,1,71,b871,,,,,,90.0,330.0,180.0,120.00000762939453,-59.99999237060547,0.0,-60.0,0.0,0.0,0.0
,outer1,1,71,b871,,,,,,120.0,0.0,0.0,0.0,0.0,0.0,0.0,1.0,1.0,0.0
,outer1,1,71,b871,,,,,,120.0,30.0,0.0,0.0,0.0,0.0,0.0,1.0,1.0,0.0
,outer1,1,71,b871,,,,,,120.0,60.0,0.0,0.0,0.0,0.0,0.0,1.0,1.0,0.0
,outer1,1,71,b871,,,,,,120.0,90.0,0.0,0.0,0.0,0.0,0.0,1.0,1.0,0.0
,outer1,1,71,b871,,,,,,120.0,120.0,0.0,77.49608612060547,77.49608612060547,30.0,120.0,1.0,0.0,-1.0
,outer1,1,71,b871,,,,,,120.0,150.0,0.0,0.0,0.0,0.0,0.0,1.0,1.0,0.0
,outer1,1,71,b871,,,,,,120.0,180.0,0.0,60.000003814697266,60.000003814697266,60.0,0.0,1.0,0.0,-1.0
,outer1,1,71,b871,,,,,,120.0,210.0,82.81924438476562,0.0,-82.81924438476562,-60.0,-60.0,0.0,1.0,1.0
,outer1,1,71,b871,,,,,,120.0,240.0,0.0,0.0,0.0,0.0,0.0,1.0,1.0,0.0
,outer1,1,71,b871,,,,,,120.0,270.0,0.0,0.0,0.0,0.0,0.0,1.0,1.0,0.0
,outer1,1,71,b871,,,,,,120.0,300.0,0.0,0.0,0.0,0.0,0.0,1.0,1.0,0.0
,outer1,1,71,b871,,,,,,120.0,330.0,0.0,0.0,0.0,0.0,0.0,1.0,1.0,0.0
,outer1,1,71,b871,,,,,,150.0,0.0,0.0,0.0,0.0,0.0,0.0,1.0,1.0,0.0
,outer1,1,71,b871,,,,,,150.0,30.0,0.0,0.0,0.0,0.0,0.0,1.0,1.0,0.0
,outer1,1,71,b871,,,,,,150.0,60.0,0.0,0.0,0.0,0.0,0.0,1.0,1.0,0.0
,outer1,1,71,b871,,,,,,150.0,90.0,0.0,0.0,0.0,0.0,0.0,1.0,1.0,0.0
,outer1,1,71,b871,,,,,,150.0,120.0,0.0,51.31782150268555,51.31782150268555,0.0,120.0,1.0,0.0,-1.0
,outer1,1,71,b871,,,,,,150.0,150.0,0.0,0.0,0.0,0.0,0.0,1.0,1.0,0.0
,outer1,1,71,b871,,,,,,150.0,180.0,0.0,0.0,0.0,0.0,0.0,1.0,1.0,0.0
,outer1,1,71,b871,,,,,,150.0,210.0,0.0,0.0,0.0,0.0,0.0,1.0,1.0,0.0
,outer1,1,71,b871,,,,,,150.0,240.0,0.0,0.0,0.0,0.0,0.0,1.0,1.0,0.0
,outer1,1,71,b871,,,,,,150.0,270.0,0.0,0.0,0.0,0.0,0.0,1.0,1.0,0.0
,outer1,1,71,b871,,,,,,150.0,300.0,0.0,0.0,0.0,0.0,0.0,1.0,1.0,0.0
,outer1,1,71,b871,,,,,,150.0,330.0,0.0,0.0,0.0,0.0,0.0,1.0,1.0,0.0
,outer1,1,71,b905,,,,,,30.0,0.0,0.0,0.0,0.0,0.0,0.0,1.0,1.0,0.0
,outer1,1,71,b905,,,,,,30.0,30.0,0.0,0.0,0.0,0.0,0.0,1.0,1.0,0.0
,outer1,1,71,b905,,,,,,30.0,60.0,0.0,0.0,0.0,0.0,0.0,1.0,1.0,0.0
,outer1,1,71,b905,,,,,,30.0,90.0,0.0,0.0,0.0,0.0,0.0,1.0,1.0,0.0
,outer1,1,71,b905,,,,,,30.0,120.0,0.0,0.0,0.0,0.0,0.0,1.0,1.0,0.0
,outer1,1,71,b905,,,,,,30.0,150.0,0.0,0.0,0.0,0.0,0.0,1.0,1.0,0.0
,outer1,1,71,b905,,,,,,30.0,180.0,0.0,0.0,0.0,0.0,0.0,1.0,1.0,0.0
,outer1,1,71,b905,,,,,,30.0,210.0,0.0,0.0,0.0,0.0,0.0,1.0,1.0,0.0
,outer1,1,71,b905,,,,,,30.0,240.0,0.0,0.0,0.0,0.0,0.0,1.0,1.0,0.0
,outer1,1,71,b905,,,,,,30.0,270.0,0.0,0.0,0.0,0.0,0.0,1.0,1.0,0.0
,outer1,1,71,b905,,,,,,30.0,300.0,0.0,0.0,0.0,0.0,0.0,1.0,1.0,0.0
,outer1,1,71,b905,,,,,,30.0,330.0,0.0,0.0,0.0,0.0,0.0,1.0,1.0,0.0
,outer1,1,71,b905,,,,,,60.0,0.0,0.0,0.0,0.0,0.0,0.0,1.0,1.0,0.0
,outer1,1,71,b905,,,,,,60.0,30.0,60.000003814697266,82.81924438476562,22.81924057006836,0.0,60.0,0.0,0.0,0.0
,outer1,1,71,b905,,,,,,60.0,60.0,0.0,0.0,0.0,0.0,0.0,1.0,1.0,0.0
,outer1,1,71,b905,,,,,,60.0,90.0,0.0,0.0,0.0,0.0,0.0,1.0,1.0,0.0
,outer1,1,71,b905,,,,,,60.0,120.0,0.0,0.0,0.0,0.0,0.0,1.0,1.0,0.0
,outer1,1,71,b905,,,,,,60.0,150.0,0.0,0.0,0.0,0.0,0.0,1.0,1.0,0.0
,outer1,1,71,b905,,,,,,60.0,180.0,0.0,0.0,0.0,0.0,0.0,1.0,1.0,0.0
,outer1,1,71,b905,,,,,,60.0,210.0,0.0,82.81924438476562,82.81924438476562,60.0,60.0,1.0,0.0,-1.0
,outer1,1,71,b905,,,,,,60.0,240.0,128.6822052001953,128.6822052001953,0.0,0.0,0.0,0.0,0.0,0.0
,outer1,1,71,b905,,,,,,60.0,270.0,0.0,0.0,0.0,0.0,0.0,1.0,1.0,0.0
,outer1,1,71,b905,,,,,,60.0,300.0,0.0,0.0,0.0,0.0,0.0,1.0,1.0,0.0
,outer1,1,71,b905,,,,,,60.0,330.0,0.0,0.0,0.0,0.0,0.0,1.0,1.0,0.0
,outer1,1,71,b905,,,,,,90.0,0.0,0.0,180.0,180.0,0.0,180.0,1.0,0.0,-1.0
,outer1,1,71,b905,,,,,,90.0,30.0,60.00000762939453,30.000001907348633,-30.0000057220459,0.0,-30.0,0.0,0.0,0.0
,outer1,1,71,b905,,,,,,90.0,60.0,30.000001907348633,180.0,149.99999809265137,0.0,150.0,0.0,0.0,0.0
,outer1,1,71,b905,,,,,,90.0,90.0,0.0,0.0,0.0,0.0,0.0,1.0,1.0,0.0
,outer1,1,71,b905,,,,,,90.0,120.0,60.000003814697266,120.00000762939453,60.000003814697266,0.0,60.0,0.0,0.0,0.0
,outer1,1,71,b905,,,,,,90.0,150.0,0.0,30.000001907348633,30.000001907348633,0.0,30.0,1.0,0.0,-1.0
,outer1,1,71,b905,,,,,,90.0,180.0,180.0,0.0,-180.0,0.0,-180.0,0.0,1.0,1.0
,outer1,1,71,b905,,,,,,90.0,210.0,0.0,150.0,150.0,0.0,150.0,1.0,0.0,-1.0
,outer1,1,71,b905,,,,,,90.0,240.0,0.0,0.0,0.0,0.0,0.0,1.0,1.0,0.0
,outer1,1,71,b905,,,,,,90.0,270.0,0.0,180.0,180.0,0.0,180.0,1.0,0.0,-1.0
,outer1,1,71,b905,,,,,,90.0,300.0,0.0,60.000003814697266,60.000003814697266,0.0,60.0,1.0,0.0,-1.0
,outer1,1,71,b905,,,,,,90.0,330.0,150.0,150.0,0.0,0.0,0.0,0.0,0.0,0.0
,outer1,1,71,b905,,,,,,120.0,0.0,0.0,0.0,0.0,0.0,0.0,1.0,1.0,0.0
,outer1,1,71,b905,,,,,,120.0,30.0,0.0,60.000003814697266,60.000003814697266,60.0,0.0,1.0,0.0,-1.0
,outer1,1,71,b905,,,,,,120.0,60.0,0.0,0.0,0.0,0.0,0.0,1.0,1.0,0.0
,outer1,1,71,b905,,,,,,120.0,90.0,0.0,0.0,0.0,0.0,0.0,1.0,1.0,0.0
,outer1,1,71,b905,,,,,,120.0,120.0,0.0,0.0,0.0,0.0,0.0,1.0,1.0,0.0
,outer1,1,71,b905,,,,,,120.0,150.0,0.0,0.0,0.0,0.0,0.0,1.0,1.0,0.0
,outer1,1,71,b905,,,,,,120.0,180.0,0.0,0.0,0.0,0.0,0.0,1.0,1.0,0.0
,outer1,1,71,b905,,,,,,120.0,210.0,0.0,82.81924438476562,82.81924438476562,60.0,60.0,1.0,0.0,-1.0
,outer1,1,71,b905,,,,,,120.0,240.0,75.52249145507812,128.6822052001953,53.15971374511719,60.0,30.0,0.0,0.0,0.0
,outer1,1,71,b905,,,,,,120.0,270.0,0.0,0.0,0.0,0.0,0.0,1.0,1.0,0.0
,outer1,1,71,b905,,,,,,120.0,300.0,0.0,0.0,0.0,0.0,0.0,1.0,1.0,0.0
,outer1,1,71,b905,,,,,,120.0,330.0,0.0,0.0,0.0,0.0,0.0,1.0,1.0,0.0
,outer1,1,71,b905,,,,,,150.0,0.0,0.0,0.0,0.0,0.0,0.0,1.0,1.0,0.0
,outer1,1,71,b905,,,,,,150.0,30.0,0.0,0.0,0.0,0.0,0.0,1.0,1.0,0.0
,outer1,1,71,b905,,,,,,150.0,60.0,0.0,151.04498291015625,151.04498291015625,120.0,120.0,1.0,0.0,-1.0
,outer1,1,71,b905,,,,,,150.0,90.0,0.0,0.0,0.0,0.0,0.0,1.0,1.0,0.0
,outer1,1,71,b905,,,,,,150.0,120.0,0.0,0.0,0.0,0.0,0.0,1.0,1.0,0.0
,outer1,1,71,b905,,,,,,150.0,150.0,0.0,0.0,0.0,0.0,0.0,1.0,1.0,0.0
,outer1,1,71,b905,,,,,,150.0,180.0,0.0,0.0,0.0,0.0,0.0,1.0,1.0,0.0
,outer1,1,71,b905,,,,,,150.0,210.0,0.0,0.0,0.0,0.0,0.0,1.0,1.0,0.0
,outer1,1,71,b905,,,,,,150.0,240.0,0.0,151.04498291015625,151.04498291015625,120.0,120.0,1.0,0.0,-1.0
,outer1,1,71,b905,,,,,,150.0,270.0,0.0,0.0,0.0,0.0,0.0,1.0,1.0,0.0
,outer1,1,71,b905,,,,,,150.0,300.0,0.0,0.0,0.0,0.0,0.0,1.0,1.0,0.0
,outer1,1,71,b905,,,,,,150.0,330.0,0.0,0.0,0.0,0.0,0.0,1.0,1.0,0.0
,outer1,1,71,bb7d,,,,,,30.0,0.0,180.0,60.000003814697266,-119.99999618530273,-120.0,0.0,0.0,0.0,0.0
,outer1,1,71,bb7d,,,,,,30.0,30.0,0.0,60.000003814697266,60.000003814697266,0.0,180.0,1.0,0.0,-1.0
,outer1,1,71,bb7d,,,,,,30.0,60.0,151.04498291015625,122.24180603027344,-28.803176879882812,0.0,-90.0,0.0,0.0,0.0
,outer1,1,71,bb7d,,,,,,30.0,90.0,180.0,0.0,-180.0,-120.0,-180.0,0.0,1.0,1.0
,outer1,1,71,bb7d,,,,,,30.0,120.0,165.12905883789062,60.000003814697266,-105.12905502319336,-120.0,30.0,0.0,0.0,0.0
,outer1,1,71,bb7d,,,,,,30.0,150.0,128.68218994140625,138.59039306640625,9.908203125,0.0,30.0,0.0,0.0,0.0
,outer1,1,71,bb7d,,,,,,30.0,180.0,120.00000762939453,0.0,-120.00000762939453,-120.0,0.0,0.0,1.0,1.0
,outer1,1,71,bb7d,,,,,,30.0,210.0,60.000003814697266,0.0,-60.000003814697266,0.0,-180.0,0.0,1.0,1.0
,outer1,1,71,bb7d,,,,,,30.0,240.0,60.000003814697266,60.000003814697266,0.0,0.0,0.0,0.0,0.0,0.0
,outer1,1,71,bb7d,,,,,,30.0,270.0,120.00000762939453,60.000003814697266,-60.000003814697266,-120.0,180.0,0.0,0.0,0.0
,outer1,1,71,bb7d,,,,,,30.0,300.0,0.0,0.0,0.0,0.0,0.0,1.0,1.0,0.0
,outer1,1,71,bb7d,,,,,,30.0,330.0,151.04498291015625,151.04498291015625,0.0,0.0,0.0,0.0,0.0,0.0
,outer1,1,71,bb7d,,,,,,60.0,0.0,180.0,90.0,-90.0,-30.0,0.0,0.0,0.0,0.0
,outer1,1,71,bb7d,,,,,,60.0,30.0,60.000003814697266,82.81924438476562,22.81924057006836,0.0,60.0,0.0,0.0,0.0
,outer1,1,71,bb7d,,,,,,60.0,60.0,86.67425537109375,180.0,93.32574462890625,30.0,30.0,0.0,0.0,0.0
,outer1,1,71,bb7d,,,,,,60.0,90.0,60.000003814697266,180.0,119.99999618530273,0.0,180.0,0.0,0.0,0.0
,outer1,1,71,bb7d,,,,,,60.0,120.0,93.32574462890625,113.5481185913086,20.222373962402344,-90.0,120.0,0.0,0.0,0.0
,outer1,1,71,bb7d,,,,,,60.0,150.0,180.0,120.00000762939453,-59.99999237060547,-60.0,0.0,0.0,0.0,0.0
,outer1,1,71,bb7d,,,,,,60.0,180.0,60.000003814697266,30.000001907348633,-30.000001907348633,-30.0,0.0,0.0,0.0,0.0
,outer1,1,71,bb7d,,,,,,60.0,210.0,120.00000762939453,180.0,59.99999237060547,60.0,0.0,0.0,0.0,0.0
,outer1,1,71,bb7d,,,,,,60.0,240.0,86.67425537109375,113.5481185913086,26.873863220214844,-30.0,0.0,0.0,0.0,0.0
,outer1,1,71,bb7d,,,,,,60.0,270.0,29.999998092651367,180.0,150.00000190734863,30.0,180.0,0.0,0.0,0.0
,outer1,1,71,bb7d,,,,,,60.0,300.0,93.32574462890625,25.905075073242188,-67.42066955566406,-90.0,0.0,0.0,0.0,0.0
,outer1,1,71,bb7d,,,,,,60.0,330.0,82.81924438476562,0.0,-82.81924438476562,-60.0,-60.0,0.0,1.0,1.0
,outer1,1,71,bb7d,,,,,,90.0,0.0,115.6589126586914,115.65889739990234,-1.52587890625e-05,0.0,0.0,0.0,0.0,0.0
,outer1,1,71,bb7d,,,,,,90.0,30.0,138.59039306640625,138.59039306640625,0.0,0.0,0.0,0.0,0.0,0.0
,outer1,1,71,bb7d,,,,,,90.0,60.0,138.59039306640625,138.59039306640625,0.0,0.0,0.0,0.0,0.0,0.0
,outer1,1,71,bb7d,,,,,,90.0,90.0,180.0,150.0,-30.0,30.0,0.0,0.0,0.0,0.0
,outer1,1,71,bb7d,,,,,,90.0,120.0,138.59039306640625,138.59039306640625,0.0,0.0,0.0,0.0,0.0,0.0
,outer1,1,71,bb7d,,,,,,90.0,150.0,90.0,115.6589126586914,25.658912658691406,0.0,30.0,0.0,0.0,0.0
,outer1,1,71,bb7d,,,,,,90.0,180.0,64.34109497070312,75.52249145507812,11.181396484375,30.0,0.0,0.0,0.0,0.0
,outer1,1,71,bb7d,,,,,,90.0,210.0,41.40962219238281,64.34109497070312,22.931472778320312,0.0,30.0,0.0,0.0,0.0
,outer1,1,71,bb7d,,,,,,90.0,240.0,41.40962219238281,41.40962219238281,0.0,0.0,0.0,0.0,0.0,0.0
,outer1,1,71,bb7d,,,,,,90.0,270.0,0.0,30.000001907348633,30.000001907348633,30.0,0.0,1.0,0.0,-1.0
,outer1,1,71,bb7d,,,,,,90.0,300.0,41.40962219238281,41.40962219238281,0.0,0.0,0.0,0.0,0.0,0.0
,outer1,1,71,bb7d,,,,,,90.0,330.0,90.0,64.34109497070312,-25.658905029296875,0.0,-30.0,0.0,0.0,0.0
,outer1,1,71,bb7d,,,,,,120.0,0.0,120.00000762939453,150.0,29.99999237060547,90.0,0.0,0.0,0.0,0.0
,outer1,1,71,bb7d,,,,,,120.0,30.0,82.81924438476562,82.81924438476562,0.0,0.0,0.0,0.0,0.0,0.0
,outer1,1,71,bb7d,,,,,,120.0,60.0,36.09777069091797,154.0949249267578,117.99715423583984,30.0,120.0,0.0,0.0,0.0
,outer1,1,71,bb7d,,,,,,120.0,90.0,180.0,0.0,-180.0,-60.0,-180.0,0.0,1.0,1.0
,outer1,1,71,bb7d,,,,,,120.0,120.0,93.32575225830078,66.45188903808594,-26.873863220214844,-30.0,0.0,0.0,0.0,0.0
,outer1,1,71,bb7d,,,,,,120.0,150.0,128.6822052001953,97.18075561523438,-31.501449584960938,-60.0,0.0,0.0,0.0,0.0
,outer1,1,71,bb7d,,,,,,120.0,180.0,0.0,90.0,90.0,90.0,0.0,1.0,0.0,-1.0
,outer1,1,71,bb7d,,,,,,120.0,210.0,120.00000762939453,180.0,59.99999237060547,60.0,0.0,0.0,0.0,0.0
,outer1,1,71,bb7d,,,,,,120.0,240.0,113.54811096191406,66.45188903808594,-47.096221923828125,60.0,-120.0,0.0,0.0,0.0
,outer1,1,71,bb7d,,,,,,120.0,270.0,0.0,0.0,0.0,0.0,0.0,1.0,1.0,0.0
,outer1,1,71,bb7d,,,,,,120.0,300.0,93.32575225830078,25.905075073242188,-67.4206771850586,-90.0,0.0,0.0,0.0,0.0
,outer1,1,71,bb7d,,,,,,120.0,330.0,82.81924438476562,51.31781005859375,-31.501434326171875,-60.0,0.0,0.0,0.0,0.0
,outer1,1,71,bb7d,,,,,,150.0,0.0,60.000003814697266,180.0,119.99999618530273,120.0,0.0,0.0,0.0,0.0
,outer1,1,71,bb7d,,,,,,150.0,30.0,0.0,0.0,0.0,0.0,0.0,1.0,1.0,0.0
,outer1,1,71,bb7d,,,,,,150.0,60.0,151.04498291015625,128.68218994140625,-22.36279296875,0.0,-60.0,0.0,0.0,0.0
,outer1,1,71,bb7d,,,,,,150.0,90.0,180.0,120.00000762939453,-59.99999237060547,0.0,-180.0,0.0,0.0,0.0
,outer1,1,71,bb7d,,,,,,150.0,120.0,128.68218994140625,128.68218994140625,0.0,0.0,0.0,0.0,0.0,0.0
,outer1,1,71,bb7d,,,,,,150.0,150.0,151.04498291015625,128.68218994140625,-22.36279296875,0.0,-60.0,0.0,0.0,0.0
,outer1,1,71,bb7d,,,,,,150.0,180.0,0.0,120.00000762939453,120.00000762939453,120.0,0.0,1.0,0.0,-1.0
,outer1,1,71,bb7d,,,,,,150.0,210.0,0.0,14.870942115783691,14.870942115783691,0.0,30.0,1.0,0.0,-1.0
,outer1,1,71,bb7d,,,,,,150.0,240.0,122.24180603027344,128.68218994140625,6.4403839111328125,0.0,30.0,0.0,0.0,0.0
,outer1,1,71,bb7d,,,,,,150.0,270.0,0.0,120.00000762939453,120.00000762939453,120.0,0.0,1.0,0.0,-1.0
,outer1,1,71,bb7d,,,,,,150.0,300.0,0.0,14.870942115783691,14.870942115783691,0.0,30.0,1.0,0.0,-1.0
,outer1,1,71,bb7d,,,,,,150.0,330.0,128.68218994140625,151.04498291015625,22.36279296875,0.0,60.0,0.0,0.0,0.0
,outer1,1,71,bbc6,,,,,,30.0,0.0,0.0,0.0,0.0,0.0,0.0,1.0,1.0,0.0
,outer1,1,71,bbc6,,,,,,30.0,30.0,0.0,0.0,0.0,0.0,0.0,1.0,1.0,0.0
,outer1,1,71,bbc6,,,,,,30.0,60.0,0.0,0.0,0.0,0.0,0.0,1.0,1.0,0.0
,outer1,1,71,bbc6,,,,,,30.0,90.0,180.0,60.000003814697266,-119.99999618530273,-120.0,0.0,0.0,0.0,0.0
,outer1,1,71,bbc6,,,,,,30.0,120.0,151.04498291015625,57.7581901550293,-93.28679275512695,-120.0,30.0,0.0,0.0,0.0
,outer1,1,71,bbc6,,,,,,30.0,150.0,14.870942115783691,0.0,-14.870942115783691,0.0,-30.0,0.0,1.0,1.0
,outer1,1,71,bbc6,,,,,,30.0,180.0,0.0,0.0,0.0,0.0,0.0,1.0,1.0,0.0
,outer1,1,71,bbc6,,,,,,30.0,210.0,0.0,14.870942115783691,14.870942115783691,0.0,30.0,1.0,0.0,-1.0
,outer1,1,71,bbc6,,,,,,30.0,240.0,0.0,0.0,0.0,0.0,0.0,1.0,1.0,0.0
,outer1,1,71,bbc6,,,,,,30.0,270.0,0.0,0.0,0.0,0.0,0.0,1.0,1.0,0.0
,outer1,1,71,bbc6,,,,,,30.0,300.0,0.0,0.0,0.0,0.0,0.0,1.0,1.0,0.0
,outer1,1,71,bbc6,,,,,,30.0,330.0,51.31781005859375,0.0,-51.31781005859375,0.0,-120.0,0.0,1.0,1.0
,outer1,1,71,bbc6,,,,,,60.0,0.0,30.000001907348633,30.000001907348633,0.0,0.0,0.0,0.0,0.0,0.0
,outer1,1,71,bbc6,,,,,,60.0,30.0,0.0,0.0,0.0,0.0,0.0,1.0,1.0,0.0
,outer1,1,71,bbc6,,,,,,60.0,60.0,30.000001907348633,0.0,-30.000001907348633,-30.0,0.0,0.0,1.0,1.0
,outer1,1,71,bbc6,,,,,,60.0,90.0,180.0,180.0,0.0,0.0,0.0,0.0,0.0,0.0
,outer1,1,71,bbc6,,,,,,60.0,120.0,130.50535583496094,128.6822052001953,-1.823150634765625,-30.0,0.0,0.0,0.0,0.0
,outer1,1,71,bbc6,,,,,,60.0,150.0,0.0,180.0,180.0,60.0,180.0,1.0,0.0,-1.0
,outer1,1,71,bbc6,,,,,,60.0,180.0,30.000001907348633,60.000003814697266,30.000001907348633,30.0,0.0,0.0,0.0,0.0
,outer1,1,71,bbc6,,,,,,60.0,210.0,82.81924438476562,51.31781005859375,-31.501434326171875,-60.0,0.0,0.0,0.0,0.0
,outer1,1,71,bbc6,,,,,,60.0,240.0,25.905075073242188,90.0,64.09492492675781,90.0,-30.0,0.0,0.0,0.0
,outer1,1,71,bbc6,,,,,,60.0,270.0,30.000001907348633,0.0,-30.000001907348633,-30.0,0.0,0.0,1.0,1.0
,outer1,1,71,bbc6,,,,,,60.0,300.0,130.50535583496094,97.18075561523438,-33.32460021972656,-90.0,0.0,0.0,0.0,0.0
,outer1,1,71,bbc6,,,,,,60.0,330.0,0.0,120.00000762939453,120.00000762939453,0.0,180.0,1.0,0.0,-1.0
,outer1,1,71,bbc6,,,,,,90.0,0.0,0.0,180.0,180.0,0.0,180.0,1.0,0.0,-1.0
,outer1,1,71,bbc6,,,,,,90.0,30.0,90.0,180.0,90.0,0.0,90.0,0.0,0.0,0.0
,outer1,1,71,bbc6,,,,,,90.0,60.0,150.0,119.99999237060547,-30.00000762939453,0.0,-30.0,0.0,0.0,0.0
,outer1,1,71,bbc6,,,,,,90.0,90.0,0.0,180.0,180.0,0.0,180.0,1.0,0.0,-1.0
,outer1,1,71,bbc6,,,,,,90.0,120.0,30.000001907348633,180.0,149.99999809265137,0.0,150.0,0.0,0.0,0.0
,outer1,1,71,bbc6,,,,,,90.0,150.0,0.0,180.0,180.0,0.0,180.0,1.0,0.0,-1.0
,outer1,1,71,bbc6,,,,,,90.0,180.0,0.0,0.0,0.0,0.0,0.0,1.0,1.0,0.0
,outer1,1,71,bbc6,,,,,,90.0,210.0,180.0,0.0,-180.0,0.0,-180.0,0.0,1.0,1.0
,outer1,1,71,bbc6,,,,,,90.0,240.0,150.0,60.000003814697266,-89.99999618530273,0.0,-90.0,0.0,0.0,0.0
,outer1,1,71,bbc6,,,,,,90.0,270.0,0.0,0.0,0.0,0.0,0.0,1.0,1.0,0.0
,outer1,1,71,bbc6,,,,,,90.0,300.0,138.59039306640625,0.0,-138.59039306640625,-30.0,-150.0,0.0,1.0,1.0
,outer1,1,71,bbc6,,,,,,90.0,330.0,180.0,0.0,-180.0,0.0,-180.0,0.0,1.0,1.0
,outer1,1,71,bbc6,,,,,,120.0,0.0,29.99998664855957,29.99998664855957,0.0,0.0,0.0,0.0,0.0,0.0
,outer1,1,71,bbc6,,,,,,120.0,30.0,0.0,0.0,0.0,0.0,0.0,1.0,1.0,0.0
,outer1,1,71,bbc6,,,,,,120.0,60.0,29.99998664855957,0.0,-29.99998664855957,-30.0,0.0,0.0,1.0,1.0
,outer1,1,71,bbc6,,,,,,120.0,90.0,150.0,180.0,30.0,-30.0,0.0,0.0,0.0,0.0
,outer1,1,71,bbc6,,,,,,120.0,120.0,128.6822052001953,128.6822052001953,0.0,0.0,0.0,0.0,0.0,0.0
,outer1,1,71,bbc6,,,,,,120.0,150.0,0.0,0.0,0.0,0.0,0.0,1.0,1.0,0.0
,outer1,1,71,bbc6,,,,,,120.0,180.0,90.0,60.000003814697266,-29.999996185302734,-30.0,0.0,0.0,0.0,0.0
,outer1,1,71,bbc6,,,,,,120.0,210.0,82.81924438476562,75.52249145507812,-7.2967529296875,-60.0,30.0,0.0,0.0,0.0
,outer1,1,71,bbc6,,,,,,120.0,240.0,36.09777069091797,0.0,-36.09777069091797,-30.0,-30.0,0.0,1.0,1.0
,outer1,1,71,bbc6,,,,,,120.0,270.0,0.0,0.0,0.0,0.0,0.0,1.0,1.0,0.0
,outer1,1,71,bbc6,,,,,,120.0,300.0,130.50535583496094,128.68218994140625,-1.8231658935546875,-30.0,0.0,0.0,0.0,0.0
,outer1,1,71,bbc6,,,,,,120.0,330.0,0.0,0.0,0.0,0.0,0.0,1.0,1.0,0.0
,outer1,1,71,bbc6,,,,,,150.0,0.0,0.0,0.0,0.0,0.0,0.0,1.0,1.0,0.0
,outer1,1,71,bbc6,,,,,,150.0,30.0,0.0,0.0,0.0,0.0,0.0,1.0,1.0,0.0
,outer1,1,71,bbc6,,,,,,150.0,60.0,0.0,120.00000762939453,120.00000762939453,120.0,0.0,1.0,0.0,-1.0
,outer1,1,71,bbc6,,,,,,150.0,90.0,180.0,60.000003814697266,-119.99999618530273,-120.0,0.0,0.0,0.0,0.0
,outer1,1,71,bbc6,,,,,,150.0,120.0,151.04498291015625,51.31782150268555,-99.7271614074707,-120.0,0.0,0.0,0.0,0.0
,outer1,1,71,bbc6,,,,,,150.0,150.0,165.12905883789062,0.0,-165.12905883789062,-120.0,-150.0,0.0,1.0,1.0
,outer1,1,71,bbc6,,,,,,150.0,180.0,0.0,0.0,0.0,0.0,0.0,1.0,1.0,0.0
,outer1,1,71,bbc6,,,,,,150.0,210.0,0.0,128.68218994140625,128.68218994140625,120.0,60.0,1.0,0.0,-1.0
,outer1,1,71,bbc6,,,,,,150.0,240.0,0.0,60.000003814697266,60.000003814697266,0.0,180.0,1.0,0.0,-1.0
,outer1,1,71,bbc6,,,,,,150.0,270.0,0.0,0.0,0.0,0.0,0.0,1.0,1.0,0.0
,outer1,1,71,bbc6,,,,,,150.0,300.0,0.0,0.0,0.0,0.0,0.0,1.0,1.0,0.0
,outer1,1,71,bbc6,,,,,,150.0,330.0,0.0,0.0,0.0,0.0,0.0,1.0,1.0,0.0
,outer1,1,72,b827,,,,,,30.0,0.0,0.0,0.0,0.0,0.0,0.0,1.0,1.0,0.0
,outer1,1,72,b827,,,,,,30.0,30.0,0.0,0.0,0.0,0.0,0.0,1.0,1.0,0.0
,outer1,1,72,b827,,,,,,30.0,60.0,0.0,0.0,0.0,0.0,0.0,1.0,1.0,0.0
,outer1,1,72,b827,,,,,,30.0,90.0,0.0,30.000001907348633,30.000001907348633,30.0,0.0,1.0,0.0,-1.0
,outer1,1,72,b827,,,,,,30.0,120.0,0.0,0.0,0.0,0.0,0.0,1.0,1.0,0.0
,outer1,1,72,b827,,,,,,30.0,150.0,0.0,0.0,0.0,0.0,0.0,1.0,1.0,0.0
,outer1,1,72,b827,,,,,,30.0,180.0,0.0,0.0,0.0,0.0,0.0,1.0,1.0,0.0
,outer1,1,72,b827,,,,,,30.0,210.0,0.0,60.000003814697266,60.000003814697266,0.0,180.0,1.0,0.0,-1.0
,outer1,1,72,b827,,,,,,30.0,240.0,0.0,0.0,0.0,0.0,0.0,1.0,1.0,0.0
,outer1,1,72,b827,,,,,,30.0,270.0,0.0,0.0,0.0,0.0,0.0,1.0,1.0,0.0
,outer1,1,72,b827,,,,,,30.0,300.0,0.0,151.04498291015625,151.04498291015625,120.0,120.0,1.0,0.0,-1.0
,outer1,1,72,b827,,,,,,30.0,330.0,0.0,0.0,0.0,0.0,0.0,1.0,1.0,0.0
,outer1,1,72,b827,,,,,,60.0,0.0,0.0,30.000001907348633,30.000001907348633,30.0,0.0,1.0,0.0,-1.0
,outer1,1,72,b827,,,,,,60.0,30.0,0.0,25.905075073242188,25.905075073242188,0.0,30.0,1.0,0.0,-1.0
,outer1,1,72,b827,,,,,,60.0,60.0,0.0,25.905075073242188,25.905075073242188,0.0,30.0,1.0,0.0,-1.0
,outer1,1,72,b827,,,,,,60.0,90.0,0.0,0.0,0.0,0.0,0.0,1.0,1.0,0.0
,outer1,1,72,b827,,,,,,60.0,120.0,0.0,0.0,0.0,0.0,0.0,1.0,1.0,0.0
,outer1,1,72,b827,,,,,,60.0,150.0,0.0,0.0,0.0,0.0,0.0,1.0,1.0,0.0
,outer1,1,72,b827,,,,,,60.0,180.0,0.0,60.000003814697266,60.000003814697266,60.0,0.0,1.0,0.0,-1.0
,outer1,1,72,b827,,,,,,60.0,210.0,0.0,0.0,0.0,0.0,0.0,1.0,1.0,0.0
,outer1,1,72,b827,,,,,,60.0,240.0,0.0,0.0,0.0,0.0,0.0,1.0,1.0,0.0
,outer1,1,72,b827,,,,,,60.0,270.0,0.0,0.0,0.0,0.0,0.0,1.0,1.0,0.0
,outer1,1,72,b827,,,,,,60.0,300.0,0.0,0.0,0.0,0.0,0.0,1.0,1.0,0.0
,outer1,1,72,b827,,,,,,60.0,330.0,0.0,0.0,0.0,0.0,0.0,1.0,1.0,0.0
,outer1,1,72,b827,,,,,,90.0,0.0,0.0,0.0,0.0,0.0,0.0,1.0,1.0,0.0
,outer1,1,72,b827,,,,,,90.0,30.0,180.0,0.0,-180.0,0.0,-180.0,0.0,1.0,1.0
,outer1,1,72,b827,,,,,,90.0,60.0,0.0,180.0,180.0,0.0,180.0,1.0,0.0,-1.0
,outer1,1,72,b827,,,,,,90.0,90.0,0.0,180.0,180.0,0.0,180.0,1.0,0.0,-1.0
,outer1,1,72,b827,,,,,,90.0,120.0,0.0,0.0,0.0,0.0,0.0,1.0,1.0,0.0
,outer1,1,72,b827,,,,,,90.0,150.0,0.0,60.000003814697266,60.000003814697266,0.0,60.0,1.0,0.0,-1.0
,outer1,1,72,b827,,,,,,90.0,180.0,180.0,0.0,-180.0,0.0,-180.0,0.0,1.0,1.0
,outer1,1,72,b827,,,,,,90.0,210.0,0.0,0.0,0.0,0.0,0.0,1.0,1.0,0.0
,outer1,1,72,b827,,,,,,90.0,240.0,120.00000762939453,0.0,-120.00000762939453,0.0,-120.0,0.0,1.0,1.0
,outer1,1,72,b827,,,,,,90.0,270.0,0.0,0.0,0.0,0.0,0.0,1.0,1.0,0.0
,outer1,1,72,b827,,,,,,90.0,300.0,180.0,0.0,-180.0,0.0,-180.0,0.0,1.0,1.0
,outer1,1,72,b827,,,,,,90.0,330.0,180.0,120.00000762939453,-59.99999237060547,0.0,-60.0,0.0,0.0,0.0
,outer1,1,72,b827,,,,,,120.0,0.0,0.0,0.0,0.0,0.0,0.0,1.0,1.0,0.0
,outer1,1,72,b827,,,,,,120.0,30.0,0.0,25.905075073242188,25.905075073242188,0.0,30.0,1.0,0.0,-1.0
,outer1,1,72,b827,,,,,,120.0,60.0,25.905075073242188,0.0,-25.905075073242188,0.0,-30.0,0.0,1.0,1.0
,outer1,1,72,b827,,,,,,120.0,90.0,0.0,0.0,0.0,0.0,0.0,1.0,1.0,0.0
,outer1,1,72,b827,,,,,,120.0,120.0,0.0,0.0,0.0,0.0,0.0,1.0,1.0,0.0
,outer1,1,72,b827,,,,,,120.0,150.0,0.0,0.0,0.0,0.0,0.0,1.0,1.0,0.0
,outer1,1,72,b827,,,,,,120.0,180.0,0.0,0.0,0.0,0.0,0.0,1.0,1.0,0.0
,outer1,1,72,b827,,,,,,120.0,210.0,0.0,0.0,0.0,0.0,0.0,1.0,1.0,0.0
,outer1,1,72,b827,,,,,,120.0,240.0,25.905075073242188,0.0,-25.905075073242188,0.0,-30.0,0.0,1.0,1.0
,outer1,1,72,b827,,,,,,120.0,270.0,0.0,0.0,0.0,0.0,0.0,1.0,1.0,0.0
,outer1,1,72,b827,,,,,,120.0,300.0,0.0,0.0,0.0,0.0,0.0,1.0,1.0,0.0
,outer1,1,72,b827,,,,,,120.0,330.0,0.0,0.0,0.0,0.0,0.0,1.0,1.0,0.0
,outer1,1,72,b827,,,,,,150.0,0.0,0.0,0.0,0.0,0.0,0.0,1.0,1.0,0.0
,outer1,1,72,b827,,,,,,150.0,30.0,0.0,0.0,0.0,0.0,0.0,1.0,1.0,0.0
,outer1,1,72,b827,,,,,,150.0,60.0,0.0,0.0,0.0,0.0,0.0,1.0,1.0,0.0
,outer1,1,72,b827,,,,,,150.0,90.0,0.0,0.0,0.0,0.0,0.0,1.0,1.0,0.0
,outer1,1,72,b827,,,,,,150.0,120.0,0.0,0.0,0.0,0.0,0.0,1.0,1.0,0.0
,outer1,1,72,b827,,,,,,150.0,150.0,0.0,0.0,0.0,0.0,0.0,1.0,1.0,0.0
,outer1,1,72,b827,,,,,,150.0,180.0,0.0,0.0,0.0,0.0,0.0,1.0,1.0,0.0
,outer1,1,72,b827,,,,,,150.0,210.0,0.0,60.000003814697266,60.000003814697266,0.0,180.0,1.0,0.0,-1.0
,outer1,1,72,b827,,,,,,150.0,240.0,0.0,120.00000762939453,120.00000762939453,120.0,0.0,1.0,0.0,-1.0
,outer1,1,72,b827,,,,,,150.0,270.0,0.0,0.0,0.0,0.0,0.0,1.0,1.0,0.0
,outer1,1,72,b827,,,,,,150.0,300.0,0.0,0.0,0.0,0.0,0.0,1.0,1.0,0.0
,outer1,1,72,b827,,,,,,150.0,330.0,0.0,0.0,0.0,0.0,0.0,1.0,1.0,0.0
,outer1,1,72,b871,,,,,,30.0,0.0,0.0,0.0,0.0,0.0,0.0,1.0,1.0,0.0
,outer1,1,72,b871,,,,,,30.0,30.0,0.0,0.0,0.0,0.0,0.0,1.0,1.0,0.0
,outer1,1,72,b871,,,,,,30.0,60.0,0.0,0.0,0.0,0.0,0.0,1.0,1.0,0.0
,outer1,1,72,b871,,,,,,30.0,90.0,0.0,0.0,0.0,0.0,0.0,1.0,1.0,0.0
,outer1,1,72,b871,,,,,,30.0,120.0,0.0,0.0,0.0,0.0,0.0,1.0,1.0,0.0
,outer1,1,72,b871,,,,,,30.0,150.0,0.0,0.0,0.0,0.0,0.0,1.0,1.0,0.0
,outer1,1,72,b871,,,,,,30.0,180.0,0.0,0.0,0.0,0.0,0.0,1.0,1.0,0.0
,outer1,1,72,b871,,,,,,30.0,210.0,0.0,0.0,0.0,0.0,0.0,1.0,1.0,0.0
,outer1,1,72,b871,,,,,,30.0,240.0,0.0,0.0,0.0,0.0,0.0,1.0,1.0,0.0
,outer1,1,72,b871,,,,,,30.0,270.0,0.0,0.0,0.0,0.0,0.0,1.0,1.0,0.0
,outer1,1,72,b871,,,,,,30.0,300.0,0.0,0.0,0.0,0.0,0.0,1.0,1.0,0.0
,outer1,1,72,b871,,,,,,30.0,330.0,0.0,0.0,0.0,0.0,0.0,1.0,1.0,0.0
,outer1,1,72,b871,,,,,,60.0,0.0,0.0,30.000001907348633,30.000001907348633,30.0,0.0,1.0,0.0,-1.0
,outer1,1,72,b871,,,,,,60.0,30.0,0.0,0.0,0.0,0.0,0.0,1.0,1.0,0.0
,outer1,1,72,b871,,,,,,60.0,60.0,0.0,0.0,0.0,0.0,0.0,1.0,1.0,0.0
,outer1,1,72,b871,,,,,,60.0,90.0,0.0,0.0,0.0,0.0,0.0,1.0,1.0,0.0
,outer1,1,72,b871,,,,,,60.0,120.0,0.0,128.6822052001953,128.6822052001953,60.0,120.0,1.0,0.0,-1.0
,outer1,1,72,b871,,,,,,60.0,150.0,0.0,0.0,0.0,0.0,0.0,1.0,1.0,0.0
,outer1,1,72,b871,,,,,,60.0,180.0,0.0,0.0,0.0,0.0,0.0,1.0,1.0,0.0
,outer1,1,72,b871,,,,,,60.0,210.0,0.0,0.0,0.0,0.0,0.0,1.0,1.0,0.0
,outer1,1,72,b871,,,,,,60.0,240.0,0.0,0.0,0.0,0.0,0.0,1.0,1.0,0.0
,outer1,1,72,b871,,,,,,60.0,270.0,0.0,0.0,0.0,0.0,0.0,1.0,1.0,0.0
,outer1,1,72,b871,,,,,,60.0,300.0,0.0,0.0,0.0,0.0,0.0,1.0,1.0,0.0
,outer1,1,72,b871,,,,,,60.0,330.0,0.0,0.0,0.0,0.0,0.0,1.0,1.0,0.0
,outer1,1,72,b871,,,,,,90.0,0.0,0.0,0.0,0.0,0.0,0.0,1.0,1.0,0.0
,outer1,1,72,b871,,,,,,90.0,30.0,0.0,150.0,150.0,0.0,150.0,1.0,0.0,-1.0
,outer1,1,72,b871,,,,,,90.0,60.0,60.000003814697266,0.0,-60.000003814697266,0.0,-60.0,0.0,1.0,1.0
,outer1,1,72,b871,,,,,,90.0,90.0,180.0,0.0,-180.0,0.0,-180.0,0.0,1.0,1.0
,outer1,1,72,b871,,,,,,90.0,120.0,0.0,0.0,0.0,0.0,0.0,1.0,1.0,0.0
,outer1,1,72,b871,,,,,,90.0,150.0,0.0,180.0,180.0,0.0,180.0,1.0,0.0,-1.0
,outer1,1,72,b871,,,,,,90.0,180.0,180.0,180.0,0.0,0.0,0.0,0.0,0.0,0.0
,outer1,1,72,b871,,,,,,90.0,210.0,0.0,0.0,0.0,0.0,0.0,1.0,1.0,0.0
,outer1,1,72,b871,,,,,,90.0,240.0,120.00000762939453,60.000003814697266,-60.000003814697266,0.0,-60.0,0.0,0.0,0.0
,outer1,1,72,b871,,,,,,90.0,270.0,180.0,0.0,-180.0,0.0,-180.0,0.0,1.0,1.0
,outer1,1,72,b871,,,,,,90.0,300.0,180.0,0.0,-180.0,0.0,-180.0,0.0,1.0,1.0
,outer1,1,72,b871,,,,,,90.0,330.0,180.0,0.0,-180.0,0.0,-180.0,0.0,1.0,1.0
,outer1,1,72,b871,,,,,,120.0,0.0,0.0,29.99998664855957,29.99998664855957,30.0,0.0,1.0,0.0,-1.0
,outer1,1,72,b871,,,,,,120.0,30.0,0.0,0.0,0.0,0.0,0.0,1.0,1.0,0.0
,outer1,1,72,b871,,,,,,120.0,60.0,0.0,0.0,0.0,0.0,0.0,1.0,1.0,0.0
,outer1,1,72,b871,,,,,,120.0,90.0,0.0,0.0,0.0,0.0,0.0,1.0,1.0,0.0
,outer1,1,72,b871,,,,,,120.0,120.0,0.0,0.0,0.0,0.0,0.0,1.0,1.0,0.0
,outer1,1,72,b871,,,,,,120.0,150.0,0.0,0.0,0.0,0.0,0.0,1.0,1.0,0.0
,outer1,1,72,b871,,,,,,120.0,180.0,0.0,0.0,0.0,0.0,0.0,1.0,1.0,0.0
,outer1,1,72,b871,,,,,,120.0,210.0,0.0,0.0,0.0,0.0,0.0,1.0,1.0,0.0
,outer1,1,72,b871,,,,,,120.0,240.0,0.0,0.0,0.0,0.0,0.0,1.0,1.0,0.0
,outer1,1,72,b871,,,,,,120.0,270.0,0.0,0.0,0.0,0.0,0.0,1.0,1.0,0.0
,outer1,1,72,b871,,,,,,120.0,300.0,0.0,0.0,0.0,0.0,0.0,1.0,1.0,0.0
,outer1,1,72,b871,,,,,,120.0,330.0,0.0,0.0,0.0,0.0,0.0,1.0,1.0,0.0
,outer1,1,72,b871,,,,,,150.0,0.0,0.0,0.0,0.0,0.0,0.0,1.0,1.0,0.0
,outer1,1,72,b871,,,,,,150.0,30.0,0.0,0.0,0.0,0.0,0.0,1.0,1.0,0.0
,outer1,1,72,b871,,,,,,150.0,60.0,0.0,0.0,0.0,0.0,0.0,1.0,1.0,0.0
,outer1,1,72,b871,,,,,,150.0,90.0,0.0,0.0,0.0,0.0,0.0,1.0,1.0,0.0
,outer1,1,72,b871,,,,,,150.0,120.0,0.0,0.0,0.0,0.0,0.0,1.0,1.0,0.0
,outer1,1,72,b871,,,,,,150.0,150.0,0.0,0.0,0.0,0.0,0.0,1.0,1.0,0.0
,outer1,1,72,b871,,,,,,150.0,180.0,0.0,0.0,0.0,0.0,0.0,1.0,1.0,0.0
,outer1,1,72,b871,,,,,,150.0,210.0,0.0,0.0,0.0,0.0,0.0,1.0,1.0,0.0
,outer1,1,72,b871,,,,,,150.0,240.0,0.0,0.0,0.0,0.0,0.0,1.0,1.0,0.0
,outer1,1,72,b871,,,,,,150.0,270.0,0.0,0.0,0.0,0.0,0.0,1.0,1.0,0.0
,outer1,1,72,b871,,,,,,150.0,300.0,0.0,0.0,0.0,0.0,0.0,1.0,1.0,0.0
,outer1,1,72,b871,,,,,,150.0,330.0,0.0,0.0,0.0,0.0,0.0,1.0,1.0,0.0
,outer1,1,72,b905,,,,,,30.0,0.0,0.0,0.0,0.0,0.0,0.0,1.0,1.0,0.0
,outer1,1,72,b905,,,,,,30.0,30.0,0.0,0.0,0.0,0.0,0.0,1.0,1.0,0.0
,outer1,1,72,b905,,,,,,30.0,60.0,0.0,0.0,0.0,0.0,0.0,1.0,1.0,0.0
,outer1,1,72,b905,,,,,,30.0,90.0,0.0,0.0,0.0,0.0,0.0,1.0,1.0,0.0
,outer1,1,72,b905,,,,,,30.0,120.0,0.0,0.0,0.0,0.0,0.0,1.0,1.0,0.0
,outer1,1,72,b905,,,,,,30.0,150.0,0.0,0.0,0.0,0.0,0.0,1.0,1.0,0.0
,outer1,1,72,b905,,,,,,30.0,180.0,0.0,0.0,0.0,0.0,0.0,1.0,1.0,0.0
,outer1,1,72,b905,,,,,,30.0,210.0,0.0,0.0,0.0,0.0,0.0,1.0,1.0,0.0
,outer1,1,72,b905,,,,,,30.0,240.0,0.0,0.0,0.0,0.0,0.0,1.0,1.0,0.0
,outer1,1,72,b905,,,,,,30.0,270.0,0.0,0.0,0.0,0.0,0.0,1.0,1.0,0.0
,outer1,1,72,b905,,,,,,30.0,300.0,0.0,0.0,0.0,0.0,0.0,1.0,1.0,0.0
,outer1,1,72,b905,,,,,,30.0,330.0,0.0,0.0,0.0,0.0,0.0,1.0,1.0,0.0
,outer1,1,72,b905,,,,,,60.0,0.0,0.0,0.0,0.0,0.0,0.0,1.0,1.0,0.0
,outer1,1,72,b905,,,,,,60.0,30.0,0.0,0.0,0.0,0.0,0.0,1.0,1.0,0.0
,outer1,1,72,b905,,,,,,60.0,60.0,0.0,0.0,0.0,0.0,0.0,1.0,1.0,0.0
,outer1,1,72,b905,,,,,,60.0,90.0,0.0,0.0,0.0,0.0,0.0,1.0,1.0,0.0
,outer1,1,72,b905,,,,,,60.0,120.0,0.0,0.0,0.0,0.0,0.0,1.0,1.0,0.0
,outer1,1,72,b905,,,,,,60.0,150.0,0.0,0.0,0.0,0.0,0.0,1.0,1.0,0.0
,outer1,1,72,b905,,,,,,60.0,180.0,0.0,0.0,0.0,0.0,0.0,1.0,1.0,0.0
,outer1,1,72,b905,,,,,,60.0,210.0,0.0,60.000003814697266,60.000003814697266,60.0,0.0,1.0,0.0,-1.0
,outer1,1,72,b905,,,,,,60.0,240.0,60.000003814697266,128.6822052001953,68.68220138549805,0.0,120.0,0.0,0.0,0.0
,outer1,1,72,b905,,,,,,60.0,270.0,0.0,0.0,0.0,0.0,0.0,1.0,1.0,0.0
,outer1,1,72,b905,,,,,,60.0,300.0,0.0,0.0,0.0,0.0,0.0,1.0,1.0,0.0
,outer1,1,72,b905,,,,,,60.0,330.0,0.0,0.0,0.0,0.0,0.0,1.0,1.0,0.0
,outer1,1,72,b905,,,,,,90.0,0.0,180.0,180.0,0.0,0.0,0.0,0.0,0.0,0.0
,outer1,1,72,b905,,,,,,90.0,30.0,60.00000762939453,30.000001907348633,-30.0000057220459,0.0,-30.0,0.0,0.0,0.0
,outer1,1,72,b905,,,,,,90.0,60.0,30.000001907348633,180.0,149.99999809265137,0.0,150.0,0.0,0.0,0.0
,outer1,1,72,b905,,,,,,90.0,90.0,0.0,0.0,0.0,0.0,0.0,1.0,1.0,0.0
,outer1,1,72,b905,,,,,,90.0,120.0,60.000003814697266,120.00000762939453,60.000003814697266,0.0,60.0,0.0,0.0,0.0
,outer1,1,72,b905,,,,,,90.0,150.0,30.000001907348633,180.0,149.99999809265137,0.0,150.0,0.0,0.0,0.0
,outer1,1,72,b905,,,,,,90.0,180.0,0.0,0.0,0.0,0.0,0.0,1.0,1.0,0.0
,outer1,1,72,b905,,,,,,90.0,210.0,120.00000762939453,120.00000762939453,0.0,0.0,0.0,0.0,0.0,0.0
,outer1,1,72,b905,,,,,,90.0,240.0,180.0,0.0,-180.0,0.0,-180.0,0.0,1.0,1.0
,outer1,1,72,b905,,,,,,90.0,270.0,180.0,0.0,-180.0,0.0,-180.0,0.0,1.0,1.0
,outer1,1,72,b905,,,,,,90.0,300.0,60.000003814697266,60.000003814697266,0.0,0.0,0.0,0.0,0.0,0.0
,outer1,1,72,b905,,,,,,90.0,330.0,150.0,180.0,30.0,0.0,30.0,0.0,0.0,0.0
,outer1,1,72,b905,,,,,,120.0,0.0,0.0,0.0,0.0,0.0,0.0,1.0,1.0,0.0
,outer1,1,72,b905,,,,,,120.0,30.0,0.0,0.0,0.0,0.0,0.0,1.0,1.0,0.0
,outer1,1,72,b905,,,,,,120.0,60.0,0.0,0.0,0.0,0.0,0.0,1.0,1.0,0.0
,outer1,1,72,b905,,,,,,120.0,90.0,0.0,0.0,0.0,0.0,0.0,1.0,1.0,0.0
,outer1,1,72,b905,,,,,,120.0,120.0,0.0,0.0,0.0,0.0,0.0,1.0,1.0,0.0
,outer1,1,72,b905,,,,,,120.0,150.0,0.0,0.0,0.0,0.0,0.0,1.0,1.0,0.0
,outer1,1,72,b905,,,,,,120.0,180.0,0.0,0.0,0.0,0.0,0.0,1.0,1.0,0.0
,outer1,1,72,b905,,,,,,120.0,210.0,0.0,0.0,0.0,0.0,0.0,1.0,1.0,0.0
,outer1,1,72,b905,,,,,,120.0,240.0,0.0,0.0,0.0,0.0,0.0,1.0,1.0,0.0
,outer1,1,72,b905,,,,,,120.0,270.0,0.0,0.0,0.0,0.0,0.0,1.0,1.0,0.0
,outer1,1,72,b905,,,,,,120.0,300.0,0.0,0.0,0.0,0.0,0.0,1.0,1.0,0.0
,outer1,1,72,b905,,,,,,120.0,330.0,0.0,0.0,0.0,0.0,0.0,1.0,1.0,0.0
,outer1,1,72,b905,,,,,,150.0,0.0,0.0,0.0,0.0,0.0,0.0,1.0,1.0,0.0
,outer1,1,72,b905,,,,,,150.0,30.0,0.0,60.000003814697266,60.000003814697266,0.0,180.0,1.0,0.0,-1.0
,outer1,1,72,b905,,,,,,150.0,60.0,0.0,0.0,0.0,0.0,0.0,1.0,1.0,0.0
,outer1,1,72,b905,,,,,,150.0,90.0,0.0,0.0,0.0,0.0,0.0,1.0,1.0,0.0
,outer1,1,72,b905,,,,,,150.0,120.0,0.0,0.0,0.0,0.0,0.0,1.0,1.0,0.0
,outer1,1,72,b905,,,,,,150.0,150.0,0.0,0.0,0.0,0.0,0.0,1.0,1.0,0.0
,outer1,1,72,b905,,,,,,150.0,180.0,0.0,0.0,0.0,0.0,0.0,1.0,1.0,0.0
,outer1,1,72,b905,,,,,,150.0,210.0,0.0,0.0,0.0,0.0,0.0,1.0,1.0,0.0
,outer1,1,72,b905,,,,,,150.0,240.0,0.0,51.31782150268555,51.31782150268555,0.0,120.0,1.0,0.0,-1.0
,outer1,1,72,b905,,,,,,150.0,270.0,0.0,0.0,0.0,0.0,0.0,1.0,1.0,0.0
,outer1,1,72,b905,,,,,,150.0,300.0,0.0,0.0,0.0,0.0,0.0,1.0,1.0,0.0
,outer1,1,72,b905,,,,,,150.0,330.0,0.0,0.0,0.0,0.0,0.0,1.0,1.0,0.0
,outer1,1,72,bb7d,,,,,,30.0,0.0,150.0,60.000003814697266,-89.99999618530273,-90.0,0.0,0.0,0.0,0.0
,outer1,1,72,bb7d,,,,,,30.0,30.0,0.0,128.68218994140625,128.68218994140625,120.0,60.0,1.0,0.0,-1.0
,outer1,1,72,bb7d,,,,,,30.0,60.0,51.31781005859375,128.68218994140625,77.3643798828125,120.0,-60.0,0.0,0.0,0.0
,outer1,1,72,bb7d,,,,,,30.0,90.0,180.0,0.0,-180.0,-120.0,-180.0,0.0,1.0,1.0
,outer1,1,72,bb7d,,,,,,30.0,120.0,128.68218994140625,180.0,51.31781005859375,0.0,120.0,0.0,0.0,0.0
,outer1,1,72,bb7d,,,,,,30.0,150.0,122.24180603027344,151.04498291015625,28.803176879882812,0.0,90.0,0.0,0.0,0.0
,outer1,1,72,bb7d,,,,,,30.0,180.0,90.0,0.0,-90.0,-90.0,0.0,0.0,1.0,1.0
,outer1,1,72,bb7d,,,,,,30.0,210.0,60.000003814697266,128.68218994140625,68.68218612670898,120.0,-120.0,0.0,0.0,0.0
,outer1,1,72,bb7d,,,,,,30.0,240.0,60.000003814697266,60.000003814697266,0.0,0.0,0.0,0.0,0.0,0.0
,outer1,1,72,bb7d,,,,,,30.0,270.0,120.00000762939453,0.0,-120.00000762939453,-120.0,0.0,0.0,1.0,1.0
,outer1,1,72,bb7d,,,,,,30.0,300.0,0.0,0.0,0.0,0.0,0.0,1.0,1.0,0.0
,outer1,1,72,bb7d,,,,,,30.0,330.0,128.68218994140625,128.68218994140625,0.0,0.0,0.0,0.0,0.0,0.0
,outer1,1,72,bb7d,,,,,,60.0,0.0,120.00000762939453,90.0,-30.00000762939453,30.0,0.0,0.0,0.0,0.0
,outer1,1,72,bb7d,,,,,,60.0,30.0,25.905075073242188,82.81924438476562,56.91416931152344,60.0,30.0,0.0,0.0,0.0
,outer1,1,72,bb7d,,,,,,60.0,60.0,36.097782135009766,66.45188903808594,30.354106903076172,30.0,0.0,0.0,0.0,0.0
,outer1,1,72,bb7d,,,,,,60.0,90.0,60.000003814697266,180.0,119.99999618530273,0.0,180.0,0.0,0.0,0.0
,outer1,1,72,bb7d,,,,,,60.0,120.0,93.32574462890625,82.81924438476562,-10.506500244140625,-30.0,30.0,0.0,0.0,0.0
,outer1,1,72,bb7d,,,,,,60.0,150.0,128.6822052001953,128.6822052001953,0.0,0.0,0.0,0.0,0.0,0.0
,outer1,1,72,bb7d,,,,,,60.0,180.0,0.0,60.000003814697266,60.000003814697266,60.0,0.0,1.0,0.0,-1.0
,outer1,1,72,bb7d,,,,,,60.0,210.0,120.00000762939453,120.00000762939453,0.0,0.0,0.0,0.0,0.0,0.0
,outer1,1,72,bb7d,,,,,,60.0,240.0,113.5481185913086,113.5481185913086,0.0,0.0,0.0,0.0,0.0,0.0
,outer1,1,72,bb7d,,,,,,60.0,270.0,60.000003814697266,180.0,119.99999618530273,0.0,180.0,0.0,0.0,0.0
,outer1,1,72,bb7d,,,,,,60.0,300.0,143.9022216796875,0.0,-143.9022216796875,-90.0,-150.0,0.0,1.0,1.0
,outer1,1,72,bb7d,,,,,,60.0,330.0,82.81924438476562,82.81924438476562,0.0,0.0,0.0,0.0,0.0,0.0
,outer1,1,72,bb7d,,,,,,90.0,0.0,150.0,64.34110260009766,-85.65889739990234,30.0,-90.0,0.0,0.0,0.0
,outer1,1,72,bb7d,,,,,,90.0,30.0,115.65889739990234,115.65889739990234,0.0,0.0,0.0,0.0,0.0,0.0
,outer1,1,72,bb7d,,,,,,90.0,60.0,41.40962219238281,138.59039306640625,97.18077087402344,0.0,120.0,0.0,0.0,0.0
,outer1,1,72,bb7d,,,,,,90.0,90.0,0.0,150.0,150.0,30.0,180.0,1.0,0.0,-1.0
,outer1,1,72,bb7d,,,,,,90.0,120.0,41.40962219238281,138.59039306640625,97.18077087402344,0.0,120.0,0.0,0.0,0.0
,outer1,1,72,bb7d,,,,,,90.0,150.0,115.6589126586914,104.47750854492188,-11.181404113769531,30.0,0.0,0.0,0.0,0.0
,outer1,1,72,bb7d,,,,,,90.0,180.0,30.000001907348633,115.6589126586914,85.65891075134277,30.0,90.0,0.0,0.0,0.0
,outer1,1,72,bb7d,,,,,,90.0,210.0,64.34110260009766,64.34110260009766,0.0,0.0,0.0,0.0,0.0,0.0
,outer1,1,72,bb7d,,,,,,90.0,240.0,138.59039306640625,41.40962219238281,-97.18077087402344,0.0,-120.0,0.0,0.0,0.0
,outer1,1,72,bb7d,,,,,,90.0,270.0,0.0,30.000001907348633,30.000001907348633,30.0,0.0,1.0,0.0,-1.0
,outer1,1,72,bb7d,,,,,,90.0,300.0,138.59039306640625,41.40962219238281,-97.18077087402344,0.0,-120.0,0.0,0.0,0.0
,outer1,1,72,bb7d,,,,,,90.0,330.0,64.34110260009766,64.34110260009766,0.0,0.0,0.0,0.0,0.0,0.0
,outer1,1,72,bb7d,,,,,,120.0,0.0,180.0,120.00000762939453,-59.99999237060547,-60.0,0.0,0.0,0.0,0.0
,outer1,1,72,bb7d,,,,,,120.0,30.0,82.81924438476562,0.0,-82.81924438476562,-60.0,-60.0,0.0,1.0,1.0
,outer1,1,72,bb7d,,,,,,120.0,60.0,93.32575225830078,154.0949249267578,60.76917266845703,-30.0,120.0,0.0,0.0,0.0
,outer1,1,72,bb7d,,,,,,120.0,90.0,150.0,60.000003814697266,-89.99999618530273,30.0,-180.0,0.0,0.0,0.0
,outer1,1,72,bb7d,,,,,,120.0,120.0,93.32575225830078,66.45188903808594,-26.873863220214844,-30.0,0.0,0.0,0.0,0.0
,outer1,1,72,bb7d,,,,,,120.0,150.0,128.6822052001953,128.6822052001953,0.0,0.0,0.0,0.0,0.0,0.0
,outer1,1,72,bb7d,,,,,,120.0,180.0,60.000003814697266,90.0,29.999996185302734,30.0,0.0,0.0,0.0,0.0
,outer1,1,72,bb7d,,,,,,120.0,210.0,113.54811096191406,60.000003814697266,-53.5481071472168,60.0,-150.0,0.0,0.0,0.0
,outer1,1,72,bb7d,,,,,,120.0,240.0,86.67424774169922,154.09490966796875,67.42066192626953,30.0,0.0,0.0,0.0,0.0
,outer1,1,72,bb7d,,,,,,120.0,270.0,0.0,0.0,0.0,0.0,0.0,1.0,1.0,0.0
,outer1,1,72,bb7d,,,,,,120.0,300.0,143.9022216796875,113.54811096191406,-30.354110717773438,-90.0,0.0,0.0,0.0,0.0
,outer1,1,72,bb7d,,,,,,120.0,330.0,82.81924438476562,82.81924438476562,0.0,0.0,0.0,0.0,0.0,0.0
,outer1,1,72,bb7d,,,,,,150.0,0.0,90.0,90.0,0.0,0.0,0.0,0.0,0.0,0.0
,outer1,1,72,bb7d,,,,,,150.0,30.0,0.0,122.24180603027344,122.24180603027344,120.0,30.0,1.0,0.0,-1.0
,outer1,1,72,bb7d,,,,,,150.0,60.0,151.04498291015625,128.68218994140625,-22.36279296875,0.0,-60.0,0.0,0.0,0.0
,outer1,1,72,bb7d,,,,,,150.0,90.0,60.000003814697266,120.00000762939453,60.000003814697266,120.0,-180.0,0.0,0.0,0.0
,outer1,1,72,bb7d,,,,,,150.0,120.0,128.68218994140625,128.68218994140625,0.0,0.0,0.0,0.0,0.0,0.0
,outer1,1,72,bb7d,,,,,,150.0,150.0,151.04498291015625,0.0,-151.04498291015625,-120.0,-120.0,0.0,1.0,1.0
,outer1,1,72,bb7d,,,,,,150.0,180.0,29.99998664855957,120.00000762939453,90.00002098083496,90.0,0.0,0.0,0.0,0.0
,outer1,1,72,bb7d,,,,,,150.0,210.0,60.000003814697266,128.68218994140625,68.68218612670898,120.0,-120.0,0.0,0.0,0.0
,outer1,1,72,bb7d,,,,,,150.0,240.0,14.870942115783691,128.68218994140625,113.81124782562256,120.0,30.0,0.0,0.0,0.0
,outer1,1,72,bb7d,,,,,,150.0,270.0,0.0,120.00000762939453,120.00000762939453,120.0,0.0,1.0,0.0,-1.0
,outer1,1,72,bb7d,,,,,,150.0,300.0,120.00000762939453,0.0,-120.00000762939453,-120.0,0.0,0.0,1.0,1.0
,outer1,1,72,bb7d,,,,,,150.0,330.0,128.68218994140625,151.04498291015625,22.36279296875,0.0,60.0,0.0,0.0,0.0
,outer1,1,72,bbc6,,,,,,30.0,0.0,0.0,0.0,0.0,0.0,0.0,1.0,1.0,0.0
,outer1,1,72,bbc6,,,,,,30.0,30.0,0.0,0.0,0.0,0.0,0.0,1.0,1.0,0.0
,outer1,1,72,bbc6,,,,,,30.0,60.0,0.0,0.0,0.0,0.0,0.0,1.0,1.0,0.0
,outer1,1,72,bbc6,,,,,,30.0,90.0,180.0,60.000003814697266,-119.99999618530273,-120.0,0.0,0.0,0.0,0.0
,outer1,1,72,bbc6,,,,,,30.0,120.0,151.04498291015625,57.7581901550293,-93.28679275512695,-120.0,30.0,0.0,0.0,0.0
,outer1,1,72,bbc6,,,,,,30.0,150.0,0.0,0.0,0.0,0.0,0.0,1.0,1.0,0.0
,outer1,1,72,bbc6,,,,,,30.0,180.0,120.00000762939453,0.0,-120.00000762939453,-120.0,0.0,0.0,1.0,1.0
,outer1,1,72,bbc6,,,,,,30.0,210.0,122.24180603027344,128.68218994140625,6.4403839111328125,0.0,30.0,0.0,0.0,0.0
,outer1,1,72,bbc6,,,,,,30.0,240.0,0.0,0.0,0.0,0.0,0.0,1.0,1.0,0.0
,outer1,1,72,bbc6,,,,,,30.0,270.0,0.0,0.0,0.0,0.0,0.0,1.0,1.0,0.0
,outer1,1,72,bbc6,,,,,,30.0,300.0,0.0,0.0,0.0,0.0,0.0,1.0,1.0,0.0
,outer1,1,72,bbc6,,,,,,30.0,330.0,14.870942115783691,0.0,-14.870942115783691,0.0,-30.0,0.0,1.0,1.0
,outer1,1,72,bbc6,,,,,,60.0,0.0,30.000001907348633,30.000001907348633,0.0,0.0,0.0,0.0,0.0,0.0
,outer1,1,72,bbc6,,,,,,60.0,30.0,0.0,0.0,0.0,0.0,0.0,1.0,1.0,0.0
,outer1,1,72,bbc6,,,,,,60.0,60.0,0.0,0.0,0.0,0.0,0.0,1.0,1.0,0.0
,outer1,1,72,bbc6,,,,,,60.0,90.0,180.0,180.0,0.0,0.0,0.0,0.0,0.0,0.0
,outer1,1,72,bbc6,,,,,,60.0,120.0,128.6822052001953,128.6822052001953,0.0,0.0,0.0,0.0,0.0,0.0
,outer1,1,72,bbc6,,,,,,60.0,150.0,82.81924438476562,82.81924438476562,0.0,0.0,0.0,0.0,0.0,0.0
,outer1,1,72,bbc6,,,,,,60.0,180.0,90.0,60.000003814697266,-29.999996185302734,-30.0,0.0,0.0,0.0,0.0
,outer1,1,72,bbc6,,,,,,60.0,210.0,0.0,82.81924438476562,82.81924438476562,60.0,60.0,1.0,0.0,-1.0
,outer1,1,72,bbc6,,,,,,60.0,240.0,0.0,0.0,0.0,0.0,0.0,1.0,1.0,0.0
,outer1,1,72,bbc6,,,,,,60.0,270.0,0.0,0.0,0.0,0.0,0.0,1.0,1.0,0.0
,outer1,1,72,bbc6,,,,,,60.0,300.0,0.0,120.00000762939453,120.00000762939453,0.0,180.0,1.0,0.0,-1.0
,outer1,1,72,bbc6,,,,,,60.0,330.0,0.0,0.0,0.0,0.0,0.0,1.0,1.0,0.0
,outer1,1,72,bbc6,,,,,,90.0,0.0,0.0,180.0,180.0,0.0,180.0,1.0,0.0,-1.0
,outer1,1,72,bbc6,,,,,,90.0,30.0,0.0,180.0,180.0,0.0,180.0,1.0,0.0,-1.0
,outer1,1,72,bbc6,,,,,,90.0,60.0,60.000003814697266,119.99999237060547,59.9999885559082,0.0,60.0,0.0,0.0,0.0
,outer1,1,72,bbc6,,,,,,90.0,90.0,0.0,30.000001907348633,30.000001907348633,30.0,0.0,1.0,0.0,-1.0
,outer1,1,72,bbc6,,,,,,90.0,120.0,0.0,180.0,180.0,0.0,180.0,1.0,0.0,-1.0
,outer1,1,72,bbc6,,,,,,90.0,150.0,180.0,0.0,-180.0,0.0,-180.0,0.0,1.0,1.0
,outer1,1,72,bbc6,,,,,,90.0,180.0,180.0,0.0,-180.0,0.0,-180.0,0.0,1.0,1.0
,outer1,1,72,bbc6,,,,,,90.0,210.0,180.0,120.00000762939453,-59.99999237060547,0.0,-60.0,0.0,0.0,0.0
,outer1,1,72,bbc6,,,,,,90.0,240.0,120.00000762939453,60.000003814697266,-60.000003814697266,0.0,-60.0,0.0,0.0,0.0
,outer1,1,72,bbc6,,,,,,90.0,270.0,180.0,180.0,0.0,0.0,0.0,0.0,0.0,0.0
,outer1,1,72,bbc6,,,,,,90.0,300.0,180.0,0.0,-180.0,0.0,-180.0,0.0,1.0,1.0
,outer1,1,72,bbc6,,,,,,90.0,330.0,0.0,180.0,180.0,0.0,180.0,1.0,0.0,-1.0
,outer1,1,72,bbc6,,,,,,120.0,0.0,29.99998664855957,29.99998664855957,0.0,0.0,0.0,0.0,0.0,0.0
,outer1,1,72,bbc6,,,,,,120.0,30.0,0.0,0.0,0.0,0.0,0.0,1.0,1.0,0.0
,outer1,1,72,bbc6,,,,,,120.0,60.0,0.0,0.0,0.0,0.0,0.0,1.0,1.0,0.0
,outer1,1,72,bbc6,,,,,,120.0,90.0,180.0,180.0,0.0,0.0,0.0,0.0,0.0,0.0
,outer1,1,72,bbc6,,,,,,120.0,120.0,128.6822052001953,128.6822052001953,0.0,0.0,0.0,0.0,0.0,0.0
,outer1,1,72,bbc6,,,,,,120.0,150.0,60.000003814697266,51.31781005859375,-8.682193756103516,-60.0,60.0,0.0,0.0,0.0
,outer1,1,72,bbc6,,,,,,120.0,180.0,29.99998664855957,90.0,60.00001335144043,60.0,0.0,0.0,0.0,0.0
,outer1,1,72,bbc6,,,,,,120.0,210.0,0.0,0.0,0.0,0.0,0.0,1.0,1.0,0.0
,outer1,1,72,bbc6,,,,,,120.0,240.0,93.32575225830078,0.0,-93.32575225830078,-90.0,-30.0,0.0,1.0,1.0
,outer1,1,72,bbc6,,,,,,120.0,270.0,0.0,0.0,0.0,0.0,0.0,1.0,1.0,0.0
,outer1,1,72,bbc6,,,,,,120.0,300.0,128.68218994140625,128.68218994140625,0.0,0.0,0.0,0.0,0.0,0.0
,outer1,1,72,bbc6,,,,,,120.0,330.0,0.0,0.0,0.0,0.0,0.0,1.0,1.0,0.0
,outer1,1,72,bbc6,,,,,,150.0,0.0,0.0,0.0,0.0,0.0,0.0,1.0,1.0,0.0
,outer1,1,72,bbc6,,,,,,150.0,30.0,0.0,0.0,0.0,0.0,0.0,1.0,1.0,0.0
,outer1,1,72,bbc6,,,,,,150.0,60.0,0.0,60.000003814697266,60.000003814697266,0.0,180.0,1.0,0.0,-1.0
,outer1,1,72,bbc6,,,,,,150.0,90.0,180.0,150.0,-30.0,-30.0,0.0,0.0,0.0,0.0
,outer1,1,72,bbc6,,,,,,150.0,120.0,128.68218994140625,51.31782150268555,-77.3643684387207,-120.0,60.0,0.0,0.0,0.0
,outer1,1,72,bbc6,,,,,,150.0,150.0,0.0,0.0,0.0,0.0,0.0,1.0,1.0,0.0
,outer1,1,72,bbc6,,,,,,150.0,180.0,0.0,0.0,0.0,0.0,0.0,1.0,1.0,0.0
,outer1,1,72,bbc6,,,,,,150.0,210.0,0.0,128.68218994140625,128.68218994140625,120.0,60.0,1.0,0.0,-1.0
,outer1,1,72,bbc6,,,,,,150.0,240.0,0.0,0.0,0.0,0.0,0.0,1.0,1.0,0.0
,outer1,1,72,bbc6,,,,,,150.0,270.0,0.0,0.0,0.0,0.0,0.0,1.0,1.0,0.0
,outer1,1,72,bbc6,,,,,,150.0,300.0,151.04498291015625,0.0,-151.04498291015625,-120.0,-120.0,0.0,1.0,1.0
,outer1,1,72,bbc6,,,,,,150.0,330.0,0.0,0.0,0.0,0.0,0.0,1.0,1.0,0.0
,outer1,1,73,b827,,,,,,30.0,0.0,0.0,0.0,0.0,0.0,0.0,1.0,1.0,0.0
,outer1,1,73,b827,,,,,,30.0,30.0,0.0,0.0,0.0,0.0,0.0,1.0,1.0,0.0
,outer1,1,73,b827,,,,,,30.0,60.0,0.0,0.0,0.0,0.0,0.0,1.0,1.0,0.0
,outer1,1,73,b827,,,,,,30.0,90.0,0.0,30.000001907348633,30.000001907348633,30.0,0.0,1.0,0.0,-1.0
,outer1,1,73,b827,,,,,,30.0,120.0,0.0,60.000003814697266,60.000003814697266,0.0,180.0,1.0,0.0,-1.0
,outer1,1,73,b827,,,,,,30.0,150.0,0.0,0.0,0.0,0.0,0.0,1.0,1.0,0.0
,outer1,1,73,b827,,,,,,30.0,180.0,0.0,0.0,0.0,0.0,0.0,1.0,1.0,0.0
,outer1,1,73,b827,,,,,,30.0,210.0,0.0,0.0,0.0,0.0,0.0,1.0,1.0,0.0
,outer1,1,73,b827,,,,,,30.0,240.0,0.0,120.00000762939453,120.00000762939453,120.0,0.0,1.0,0.0,-1.0
,outer1,1,73,b827,,,,,,30.0,270.0,0.0,0.0,0.0,0.0,0.0,1.0,1.0,0.0
,outer1,1,73,b827,,,,,,30.0,300.0,0.0,0.0,0.0,0.0,0.0,1.0,1.0,0.0
,outer1,1,73,b827,,,,,,30.0,330.0,0.0,0.0,0.0,0.0,0.0,1.0,1.0,0.0
,outer1,1,73,b827,,,,,,60.0,0.0,30.000001907348633,30.000001907348633,0.0,0.0,0.0,0.0,0.0,0.0
,outer1,1,73,b827,,,,,,60.0,30.0,0.0,0.0,0.0,0.0,0.0,1.0,1.0,0.0
,outer1,1,73,b827,,,,,,60.0,60.0,25.905075073242188,25.905075073242188,0.0,0.0,0.0,0.0,0.0,0.0
,outer1,1,73,b827,,,,,,60.0,90.0,0.0,0.0,0.0,0.0,0.0,1.0,1.0,0.0
,outer1,1,73,b827,,,,,,60.0,120.0,0.0,0.0,0.0,0.0,0.0,1.0,1.0,0.0
,outer1,1,73,b827,,,,,,60.0,150.0,0.0,51.31781005859375,51.31781005859375,0.0,60.0,1.0,0.0,-1.0
,outer1,1,73,b827,,,,,,60.0,180.0,0.0,30.000001907348633,30.000001907348633,30.0,0.0,1.0,0.0,-1.0
,outer1,1,73,b827,,,,,,60.0,210.0,51.31781005859375,66.45188903808594,15.134078979492188,60.0,-30.0,0.0,0.0,0.0
,outer1,1,73,b827,,,,,,60.0,240.0,0.0,0.0,0.0,0.0,0.0,1.0,1.0,0.0
,outer1,1,73,b827,,,,,,60.0,270.0,0.0,0.0,0.0,0.0,0.0,1.0,1.0,0.0
,outer1,1,73,b827,,,,,,60.0,300.0,0.0,0.0,0.0,0.0,0.0,1.0,1.0,0.0
,outer1,1,73,b827,,,,,,60.0,330.0,0.0,82.81924438476562,82.81924438476562,60.0,60.0,1.0,0.0,-1.0
,outer1,1,73,b827,,,,,,90.0,0.0,180.0,30.00000762939453,-149.99999237060547,0.0,-150.0,0.0,0.0,0.0
,outer1,1,73,b827,,,,,,90.0,30.0,180.0,0.0,-180.0,0.0,-180.0,0.0,1.0,1.0
,outer1,1,73,b827,,,,,,90.0,60.0,119.99999237060547,119.99999237060547,0.0,0.0,0.0,0.0,0.0,0.0
,outer1,1,73,b827,,,,,,90.0,90.0,0.0,0.0,0.0,0.0,0.0,1.0,1.0,0.0
,outer1,1,73,b827,,,,,,90.0,120.0,0.0,0.0,0.0,0.0,0.0,1.0,1.0,0.0
,outer1,1,73,b827,,,,,,90.0,150.0,30.000001907348633,60.000003814697266,30.000001907348633,0.0,30.0,0.0,0.0,0.0
,outer1,1,73,b827,,,,,,90.0,180.0,0.0,150.0,150.0,0.0,150.0,1.0,0.0,-1.0
,outer1,1,73,b827,,,,,,90.0,210.0,0.0,0.0,0.0,0.0,0.0,1.0,1.0,0.0
,outer1,1,73,b827,,,,,,90.0,240.0,60.000003814697266,60.000003814697266,0.0,0.0,0.0,0.0,0.0,0.0
,outer1,1,73,b827,,,,,,90.0,270.0,0.0,0.0,0.0,0.0,0.0,1.0,1.0,0.0
,outer1,1,73,b827,,,,,,90.0,300.0,0.0,0.0,0.0,0.0,0.0,1.0,1.0,0.0
,outer1,1,73,b827,,,,,,90.0,330.0,180.0,120.00000762939453,-59.99999237060547,0.0,-60.0,0.0,0.0,0.0
,outer1,1,73,b827,,,,,,120.0,0.0,0.0,29.99998664855957,29.99998664855957,30.0,0.0,1.0,0.0,-1.0
,outer1,1,73,b827,,,,,,120.0,30.0,0.0,0.0,0.0,0.0,0.0,1.0,1.0,0.0
,outer1,1,73,b827,,,,,,120.0,60.0,0.0,0.0,0.0,0.0,0.0,1.0,1.0,0.0
,outer1,1,73,b827,,,,,,120.0,90.0,29.99998664855957,0.0,-29.99998664855957,-30.0,0.0,0.0,1.0,1.0
,outer1,1,73,b827,,,,,,120.0,120.0,0.0,0.0,0.0,0.0,0.0,1.0,1.0,0.0
,outer1,1,73,b827,,,,,,120.0,150.0,0.0,60.000003814697266,60.000003814697266,60.0,0.0,1.0,0.0,-1.0
,outer1,1,73,b827,,,,,,120.0,180.0,29.99998664855957,0.0,-29.99998664855957,-30.0,0.0,0.0,1.0,1.0
,outer1,1,73,b827,,,,,,120.0,210.0,0.0,0.0,0.0,0.0,0.0,1.0,1.0,0.0
,outer1,1,73,b827,,,,,,120.0,240.0,0.0,0.0,0.0,0.0,0.0,1.0,1.0,0.0
,outer1,1,73,b827,,,,,,120.0,270.0,0.0,0.0,0.0,0.0,0.0,1.0,1.0,0.0
,outer1,1,73,b827,,,,,,120.0,300.0,0.0,0.0,0.0,0.0,0.0,1.0,1.0,0.0
,outer1,1,73,b827,,,,,,120.0,330.0,0.0,120.00000762939453,120.00000762939453,0.0,180.0,1.0,0.0,-1.0
,outer1,1,73,b827,,,,,,150.0,0.0,0.0,0.0,0.0,0.0,0.0,1.0,1.0,0.0
,outer1,1,73,b827,,,,,,150.0,30.0,0.0,0.0,0.0,0.0,0.0,1.0,1.0,0.0
,outer1,1,73,b827,,,,,,150.0,60.0,0.0,0.0,0.0,0.0,0.0,1.0,1.0,0.0
,outer1,1,73,b827,,,,,,150.0,90.0,0.0,0.0,0.0,0.0,0.0,1.0,1.0,0.0
,outer1,1,73,b827,,,,,,150.0,120.0,0.0,0.0,0.0,0.0,0.0,1.0,1.0,0.0
,outer1,1,73,b827,,,,,,150.0,150.0,0.0,0.0,0.0,0.0,0.0,1.0,1.0,0.0
,outer1,1,73,b827,,,,,,150.0,180.0,0.0,0.0,0.0,0.0,0.0,1.0,1.0,0.0
,outer1,1,73,b827,,,,,,150.0,210.0,0.0,60.000003814697266,60.000003814697266,0.0,180.0,1.0,0.0,-1.0
,outer1,1,73,b827,,,,,,150.0,240.0,0.0,0.0,0.0,0.0,0.0,1.0,1.0,0.0
,outer1,1,73,b827,,,,,,150.0,270.0,0.0,0.0,0.0,0.0,0.0,1.0,1.0,0.0
,outer1,1,73,b827,,,,,,150.0,300.0,0.0,0.0,0.0,0.0,0.0,1.0,1.0,0.0
,outer1,1,73,b827,,,,,,150.0,330.0,0.0,0.0,0.0,0.0,0.0,1.0,1.0,0.0
,outer1,1,73,b871,,,,,,30.0,0.0,0.0,0.0,0.0,0.0,0.0,1.0,1.0,0.0
,outer1,1,73,b871,,,,,,30.0,30.0,0.0,60.000003814697266,60.000003814697266,0.0,180.0,1.0,0.0,-1.0
,outer1,1,73,b871,,,,,,30.0,60.0,0.0,0.0,0.0,0.0,0.0,1.0,1.0,0.0
,outer1,1,73,b871,,,,,,30.0,90.0,0.0,0.0,0.0,0.0,0.0,1.0,1.0,0.0
,outer1,1,73,b871,,,,,,30.0,120.0,0.0,0.0,0.0,0.0,0.0,1.0,1.0,0.0
,outer1,1,73,b871,,,,,,30.0,150.0,0.0,0.0,0.0,0.0,0.0,1.0,1.0,0.0
,outer1,1,73,b871,,,,,,30.0,180.0,0.0,0.0,0.0,0.0,0.0,1.0,1.0,0.0
,outer1,1,73,b871,,,,,,30.0,210.0,0.0,0.0,0.0,0.0,0.0,1.0,1.0,0.0
,outer1,1,73,b871,,,,,,30.0,240.0,0.0,0.0,0.0,0.0,0.0,1.0,1.0,0.0
,outer1,1,73,b871,,,,,,30.0,270.0,0.0,0.0,0.0,0.0,0.0,1.0,1.0,0.0
,outer1,1,73,b871,,,,,,30.0,300.0,0.0,0.0,0.0,0.0,0.0,1.0,1.0,0.0
,outer1,1,73,b871,,,,,,30.0,330.0,0.0,0.0,0.0,0.0,0.0,1.0,1.0,0.0
,outer1,1,73,b871,,,,,,60.0,0.0,0.0,30.000001907348633,30.000001907348633,30.0,0.0,1.0,0.0,-1.0
,outer1,1,73,b871,,,,,,60.0,30.0,0.0,0.0,0.0,0.0,0.0,1.0,1.0,0.0
,outer1,1,73,b871,,,,,,60.0,60.0,0.0,0.0,0.0,0.0,0.0,1.0,1.0,0.0
,outer1,1,73,b871,,,,,,60.0,90.0,0.0,0.0,0.0,0.0,0.0,1.0,1.0,0.0
,outer1,1,73,b871,,,,,,60.0,120.0,128.6822052001953,128.6822052001953,0.0,0.0,0.0,0.0,0.0,0.0
,outer1,1,73,b871,,,,,,60.0,150.0,0.0,0.0,0.0,0.0,0.0,1.0,1.0,0.0
,outer1,1,73,b871,,,,,,60.0,180.0,0.0,0.0,0.0,0.0,0.0,1.0,1.0,0.0
,outer1,1,73,b871,,,,,,60.0,210.0,51.31781005859375,60.000003814697266,8.682193756103516,60.0,-60.0,0.0,0.0,0.0
,outer1,1,73,b871,,,,,,60.0,240.0,0.0,0.0,0.0,0.0,0.0,1.0,1.0,0.0
,outer1,1,73,b871,,,,,,60.0,270.0,0.0,0.0,0.0,0.0,0.0,1.0,1.0,0.0
,outer1,1,73,b871,,,,,,60.0,300.0,0.0,0.0,0.0,0.0,0.0,1.0,1.0,0.0
,outer1,1,73,b871,,,,,,60.0,330.0,0.0,0.0,0.0,0.0,0.0,1.0,1.0,0.0
,outer1,1,73,b871,,,,,,90.0,0.0,0.0,0.0,0.0,0.0,0.0,1.0,1.0,0.0
,outer1,1,73,b871,,,,,,90.0,30.0,0.0,0.0,0.0,0.0,0.0,1.0,1.0,0.0
,outer1,1,73,b871,,,,,,90.0,60.0,60.000003814697266,0.0,-60.000003814697266,0.0,-60.0,0.0,1.0,1.0
,outer1,1,73,b871,,,,,,90.0,90.0,180.0,0.0,-180.0,0.0,-180.0,0.0,1.0,1.0
,outer1,1,73,b871,,,,,,90.0,120.0,0.0,0.0,0.0,0.0,0.0,1.0,1.0,0.0
,outer1,1,73,b871,,,,,,90.0,150.0,30.000001907348633,180.0,149.99999809265137,0.0,150.0,0.0,0.0,0.0
,outer1,1,73,b871,,,,,,90.0,180.0,180.0,180.0,0.0,0.0,0.0,0.0,0.0,0.0
,outer1,1,73,b871,,,,,,90.0,210.0,0.0,180.0,180.0,0.0,180.0,1.0,0.0,-1.0
,outer1,1,73,b871,,,,,,90.0,240.0,60.000003814697266,60.000003814697266,0.0,0.0,0.0,0.0,0.0,0.0
,outer1,1,73,b871,,,,,,90.0,270.0,180.0,180.0,0.0,0.0,0.0,0.0,0.0,0.0
,outer1,1,73,b871,,,,,,90.0,300.0,0.0,180.0,180.0,0.0,180.0,1.0,0.0,-1.0
,outer1,1,73,b871,,,,,,90.0,330.0,0.0,120.00000762939453,120.00000762939453,0.0,120.0,1.0,0.0,-1.0
,outer1,1,73,b871,,,,,,120.0,0.0,0.0,29.99998664855957,29.99998664855957,30.0,0.0,1.0,0.0,-1.0
,outer1,1,73,b871,,,,,,120.0,30.0,0.0,0.0,0.0,0.0,0.0,1.0,1.0,0.0
,outer1,1,73,b871,,,,,,120.0,60.0,0.0,0.0,0.0,0.0,0.0,1.0,1.0,0.0
,outer1,1,73,b871,,,,,,120.0,90.0,0.0,0.0,0.0,0.0,0.0,1.0,1.0,0.0
,outer1,1,73,b871,,,,,,120.0,120.0,128.6822052001953,97.18075561523438,-31.501449584960938,-60.0,0.0,0.0,0.0,0.0
,outer1,1,73,b871,,,,,,120.0,150.0,0.0,60.000003814697266,60.000003814697266,60.0,0.0,1.0,0.0,-1.0
,outer1,1,73,b871,,,,,,120.0,180.0,0.0,0.0,0.0,0.0,0.0,1.0,1.0,0.0
,outer1,1,73,b871,,,,,,120.0,210.0,0.0,82.81924438476562,82.81924438476562,60.0,60.0,1.0,0.0,-1.0
,outer1,1,73,b871,,,,,,120.0,240.0,0.0,0.0,0.0,0.0,0.0,1.0,1.0,0.0
,outer1,1,73,b871,,,,,,120.0,270.0,0.0,0.0,0.0,0.0,0.0,1.0,1.0,0.0
,outer1,1,73,b871,,,,,,120.0,300.0,0.0,0.0,0.0,0.0,0.0,1.0,1.0,0.0
,outer1,1,73,b871,,,,,,120.0,330.0,0.0,0.0,0.0,0.0,0.0,1.0,1.0,0.0
,outer1,1,73,b871,,,,,,150.0,0.0,0.0,0.0,0.0,0.0,0.0,1.0,1.0,0.0
,outer1,1,73,b871,,,,,,150.0,30.0,0.0,0.0,0.0,0.0,0.0,1.0,1.0,0.0
,outer1,1,73,b871,,,,,,150.0,60.0,0.0,0.0,0.0,0.0,0.0,1.0,1.0,0.0
,outer1,1,73,b871,,,,,,150.0,90.0,0.0,0.0,0.0,0.0,0.0,1.0,1.0,0.0
,outer1,1,73,b871,,,,,,150.0,120.0,151.04498291015625,0.0,-151.04498291015625,-120.0,-120.0,0.0,1.0,1.0
,outer1,1,73,b871,,,,,,150.0,150.0,0.0,0.0,0.0,0.0,0.0,1.0,1.0,0.0
,outer1,1,73,b871,,,,,,150.0,180.0,0.0,0.0,0.0,0.0,0.0,1.0,1.0,0.0
,outer1,1,73,b871,,,,,,150.0,210.0,0.0,0.0,0.0,0.0,0.0,1.0,1.0,0.0
,outer1,1,73,b871,,,,,,150.0,240.0,0.0,0.0,0.0,0.0,0.0,1.0,1.0,0.0
,outer1,1,73,b871,,,,,,150.0,270.0,0.0,0.0,0.0,0.0,0.0,1.0,1.0,0.0
,outer1,1,73,b871,,,,,,150.0,300.0,0.0,0.0,0.0,0.0,0.0,1.0,1.0,0.0
,outer1,1,73,b871,,,,,,150.0,330.0,0.0,0.0,0.0,0.0,0.0,1.0,1.0,0.0
,outer1,1,73,b905,,,,,,30.0,0.0,0.0,0.0,0.0,0.0,0.0,1.0,1.0,0.0
,outer1,1,73,b905,,,,,,30.0,30.0,0.0,0.0,0.0,0.0,0.0,1.0,1.0,0.0
,outer1,1,73,b905,,,,,,30.0,60.0,0.0,0.0,0.0,0.0,0.0,1.0,1.0,0.0
,outer1,1,73,b905,,,,,,30.0,90.0,120.00000762939453,0.0,-120.00000762939453,-120.0,0.0,0.0,1.0,1.0
,outer1,1,73,b905,,,,,,30.0,120.0,0.0,0.0,0.0,0.0,0.0,1.0,1.0,0.0
,outer1,1,73,b905,,,,,,30.0,150.0,0.0,0.0,0.0,0.0,0.0,1.0,1.0,0.0
,outer1,1,73,b905,,,,,,30.0,180.0,0.0,0.0,0.0,0.0,0.0,1.0,1.0,0.0
,outer1,1,73,b905,,,,,,30.0,210.0,0.0,0.0,0.0,0.0,0.0,1.0,1.0,0.0
,outer1,1,73,b905,,,,,,30.0,240.0,0.0,0.0,0.0,0.0,0.0,1.0,1.0,0.0
,outer1,1,73,b905,,,,,,30.0,270.0,0.0,0.0,0.0,0.0,0.0,1.0,1.0,0.0
,outer1,1,73,b905,,,,,,30.0,300.0,0.0,0.0,0.0,0.0,0.0,1.0,1.0,0.0
,outer1,1,73,b905,,,,,,30.0,330.0,0.0,0.0,0.0,0.0,0.0,1.0,1.0,0.0
,outer1,1,73,b905,,,,,,60.0,0.0,0.0,0.0,0.0,0.0,0.0,1.0,1.0,0.0
,outer1,1,73,b905,,,,,,60.0,30.0,66.45188903808594,0.0,-66.45188903808594,-60.0,-30.0,0.0,1.0,1.0
,outer1,1,73,b905,,,,,,60.0,60.0,0.0,0.0,0.0,0.0,0.0,1.0,1.0,0.0
,outer1,1,73,b905,,,,,,60.0,90.0,0.0,0.0,0.0,0.0,0.0,1.0,1.0,0.0
,outer1,1,73,b905,,,,,,60.0,120.0,0.0,0.0,0.0,0.0,0.0,1.0,1.0,0.0
,outer1,1,73,b905,,,,,,60.0,150.0,0.0,0.0,0.0,0.0,0.0,1.0,1.0,0.0
,outer1,1,73,b905,,,,,,60.0,180.0,0.0,0.0,0.0,0.0,0.0,1.0,1.0,0.0
,outer1,1,73,b905,,,,,,60.0,210.0,0.0,0.0,0.0,0.0,0.0,1.0,1.0,0.0
,outer1,1,73,b905,,,,,,60.0,240.0,128.6822052001953,97.1807632446289,-31.501441955566406,-60.0,0.0,0.0,0.0,0.0
,outer1,1,73,b905,,,,,,60.0,270.0,0.0,0.0,0.0,0.0,0.0,1.0,1.0,0.0
,outer1,1,73,b905,,,,,,60.0,300.0,0.0,0.0,0.0,0.0,0.0,1.0,1.0,0.0
,outer1,1,73,b905,,,,,,60.0,330.0,0.0,0.0,0.0,0.0,0.0,1.0,1.0,0.0
,outer1,1,73,b905,,,,,,90.0,0.0,0.0,0.0,0.0,0.0,0.0,1.0,1.0,0.0
,outer1,1,73,b905,,,,,,90.0,30.0,120.00000762939453,120.00000762939453,0.0,0.0,0.0,0.0,0.0,0.0
,outer1,1,73,b905,,,,,,90.0,60.0,0.0,180.0,180.0,0.0,180.0,1.0,0.0,-1.0
,outer1,1,73,b905,,,,,,90.0,90.0,0.0,180.0,180.0,0.0,180.0,1.0,0.0,-1.0
,outer1,1,73,b905,,,,,,90.0,120.0,60.000003814697266,120.00000762939453,60.000003814697266,0.0,60.0,0.0,0.0,0.0
,outer1,1,73,b905,,,,,,90.0,150.0,0.0,0.0,0.0,0.0,0.0,1.0,1.0,0.0
,outer1,1,73,b905,,,,,,90.0,180.0,180.0,180.0,0.0,0.0,0.0,0.0,0.0,0.0
,outer1,1,73,b905,,,,,,90.0,210.0,30.000001907348633,60.000003814697266,30.000001907348633,0.0,30.0,0.0,0.0,0.0
,outer1,1,73,b905,,,,,,90.0,240.0,0.0,0.0,0.0,0.0,0.0,1.0,1.0,0.0
,outer1,1,73,b905,,,,,,90.0,270.0,0.0,0.0,0.0,0.0,0.0,1.0,1.0,0.0
,outer1,1,73,b905,,,,,,90.0,300.0,0.0,60.000003814697266,60.000003814697266,0.0,60.0,1.0,0.0,-1.0
,outer1,1,73,b905,,,,,,90.0,330.0,180.0,180.0,0.0,0.0,0.0,0.0,0.0,0.0
,outer1,1,73,b905,,,,,,120.0,0.0,0.0,0.0,0.0,0.0,0.0,1.0,1.0,0.0
,outer1,1,73,b905,,,,,,120.0,30.0,0.0,82.81924438476562,82.81924438476562,60.0,60.0,1.0,0.0,-1.0
,outer1,1,73,b905,,,,,,120.0,60.0,0.0,0.0,0.0,0.0,0.0,1.0,1.0,0.0
,outer1,1,73,b905,,,,,,120.0,90.0,0.0,0.0,0.0,0.0,0.0,1.0,1.0,0.0
,outer1,1,73,b905,,,,,,120.0,120.0,0.0,0.0,0.0,0.0,0.0,1.0,1.0,0.0
,outer1,1,73,b905,,,,,,120.0,150.0,0.0,0.0,0.0,0.0,0.0,1.0,1.0,0.0
,outer1,1,73,b905,,,,,,120.0,180.0,0.0,0.0,0.0,0.0,0.0,1.0,1.0,0.0
,outer1,1,73,b905,,,,,,120.0,210.0,0.0,0.0,0.0,0.0,0.0,1.0,1.0,0.0
,outer1,1,73,b905,,,,,,120.0,240.0,128.6822052001953,154.09490966796875,25.412704467773438,0.0,30.0,0.0,0.0,0.0
,outer1,1,73,b905,,,,,,120.0,270.0,0.0,0.0,0.0,0.0,0.0,1.0,1.0,0.0
,outer1,1,73,b905,,,,,,120.0,300.0,0.0,0.0,0.0,0.0,0.0,1.0,1.0,0.0
,outer1,1,73,b905,,,,,,120.0,330.0,0.0,0.0,0.0,0.0,0.0,1.0,1.0,0.0
,outer1,1,73,b905,,,,,,150.0,0.0,0.0,0.0,0.0,0.0,0.0,1.0,1.0,0.0
,outer1,1,73,b905,,,,,,150.0,30.0,0.0,0.0,0.0,0.0,0.0,1.0,1.0,0.0
,outer1,1,73,b905,,,,,,150.0,60.0,0.0,51.31781005859375,51.31781005859375,0.0,120.0,1.0,0.0,-1.0
,outer1,1,73,b905,,,,,,150.0,90.0,0.0,0.0,0.0,0.0,0.0,1.0,1.0,0.0
,outer1,1,73,b905,,,,,,150.0,120.0,0.0,0.0,0.0,0.0,0.0,1.0,1.0,0.0
,outer1,1,73,b905,,,,,,150.0,150.0,0.0,0.0,0.0,0.0,0.0,1.0,1.0,0.0
,outer1,1,73,b905,,,,,,150.0,180.0,0.0,0.0,0.0,0.0,0.0,1.0,1.0,0.0
,outer1,1,73,b905,,,,,,150.0,210.0,0.0,0.0,0.0,0.0,0.0,1.0,1.0,0.0
,outer1,1,73,b905,,,,,,150.0,240.0,0.0,51.31782150268555,51.31782150268555,0.0,120.0,1.0,0.0,-1.0
,outer1,1,73,b905,,,,,,150.0,270.0,0.0,0.0,0.0,0.0,0.0,1.0,1.0,0.0
,outer1,1,73,b905,,,,,,150.0,300.0,0.0,0.0,0.0,0.0,0.0,1.0,1.0,0.0
,outer1,1,73,b905,,,,,,150.0,330.0,0.0,0.0,0.0,0.0,0.0,1.0,1.0,0.0
,outer1,1,73,bb7d,,,,,,30.0,0.0,180.0,60.000003814697266,-119.99999618530273,-120.0,0.0,0.0,0.0,0.0
,outer1,1,73,bb7d,,,,,,30.0,30.0,0.0,0.0,0.0,0.0,0.0,1.0,1.0,0.0
,outer1,1,73,bb7d,,,,,,30.0,60.0,151.04498291015625,128.68218994140625,-22.36279296875,0.0,-60.0,0.0,0.0,0.0
,outer1,1,73,bb7d,,,,,,30.0,90.0,180.0,120.00000762939453,-59.99999237060547,0.0,-180.0,0.0,0.0,0.0
,outer1,1,73,bb7d,,,,,,30.0,120.0,128.68218994140625,180.0,51.31781005859375,0.0,120.0,0.0,0.0,0.0
,outer1,1,73,bb7d,,,,,,30.0,150.0,128.68218994140625,151.04498291015625,22.36279296875,0.0,60.0,0.0,0.0,0.0
,outer1,1,73,bb7d,,,,,,30.0,180.0,120.00000762939453,0.0,-120.00000762939453,-120.0,0.0,0.0,1.0,1.0
,outer1,1,73,bb7d,,,,,,30.0,210.0,151.04498291015625,28.95502281188965,-122.0899600982666,-120.0,-60.0,0.0,0.0,0.0
,outer1,1,73,bb7d,,,,,,30.0,240.0,60.000003814697266,0.0,-60.000003814697266,0.0,-180.0,0.0,1.0,1.0
,outer1,1,73,bb7d,,,,,,30.0,270.0,120.00000762939453,0.0,-120.00000762939453,-120.0,0.0,0.0,1.0,1.0
,outer1,1,73,bb7d,,,,,,30.0,300.0,122.24180603027344,0.0,-122.24180603027344,-120.0,-30.0,0.0,1.0,1.0
,outer1,1,73,bb7d,,,,,,30.0,330.0,128.68218994140625,151.04498291015625,22.36279296875,0.0,60.0,0.0,0.0,0.0
,outer1,1,73,bb7d,,,,,,60.0,0.0,180.0,90.0,-90.0,-30.0,0.0,0.0,0.0,0.0
,outer1,1,73,bb7d,,,,,,60.0,30.0,0.0,82.81924438476562,82.81924438476562,60.0,60.0,1.0,0.0,-1.0
,outer1,1,73,bb7d,,,,,,60.0,60.0,36.097782135009766,180.0,143.90221786499023,30.0,150.0,0.0,0.0,0.0
,outer1,1,73,bb7d,,,,,,60.0,90.0,180.0,180.0,0.0,0.0,0.0,0.0,0.0,0.0
,outer1,1,73,bb7d,,,,,,60.0,120.0,93.32574462890625,60.000003814697266,-33.325740814208984,-30.0,-30.0,0.0,0.0,0.0
,outer1,1,73,bb7d,,,,,,60.0,150.0,82.81924438476562,128.6822052001953,45.86296081542969,0.0,60.0,0.0,0.0,0.0
,outer1,1,73,bb7d,,,,,,60.0,180.0,60.000003814697266,30.000001907348633,-30.000001907348633,-30.0,0.0,0.0,0.0,0.0
,outer1,1,73,bb7d,,,,,,60.0,210.0,120.00000762939453,120.00000762939453,0.0,0.0,0.0,0.0,0.0,0.0
,outer1,1,73,bb7d,,,,,,60.0,240.0,113.5481185913086,154.09490966796875,40.546791076660156,60.0,0.0,0.0,0.0,0.0
,outer1,1,73,bb7d,,,,,,60.0,270.0,29.999998092651367,180.0,150.00000190734863,30.0,180.0,0.0,0.0,0.0
,outer1,1,73,bb7d,,,,,,60.0,300.0,93.32574462890625,0.0,-93.32574462890625,-90.0,-30.0,0.0,1.0,1.0
,outer1,1,73,bb7d,,,,,,60.0,330.0,82.81924438476562,51.31782150268555,-31.501422882080078,-60.0,0.0,0.0,0.0,0.0
,outer1,1,73,bb7d,,,,,,90.0,0.0,119.99999237060547,90.0,-29.99999237060547,30.0,-30.0,0.0,0.0,0.0
,outer1,1,73,bb7d,,,,,,90.0,30.0,138.59039306640625,115.65889739990234,-22.931495666503906,0.0,-30.0,0.0,0.0,0.0
,outer1,1,73,bb7d,,,,,,90.0,60.0,150.0,41.40962219238281,-108.59037780761719,30.0,-120.0,0.0,0.0,0.0
,outer1,1,73,bb7d,,,,,,90.0,90.0,180.0,30.000001907348633,-149.99999809265137,30.0,-180.0,0.0,0.0,0.0
,outer1,1,73,bb7d,,,,,,90.0,120.0,138.59039306640625,138.59039306640625,0.0,0.0,0.0,0.0,0.0,0.0
,outer1,1,73,bb7d,,,,,,90.0,150.0,115.6589126586914,115.6589126586914,0.0,0.0,0.0,0.0,0.0,0.0
,outer1,1,73,bb7d,,,,,,90.0,180.0,60.000003814697266,90.0,29.999996185302734,30.0,30.0,0.0,0.0,0.0
,outer1,1,73,bb7d,,,,,,90.0,210.0,64.34110260009766,64.34109497070312,-7.62939453125e-06,0.0,0.0,0.0,0.0,0.0
,outer1,1,73,bb7d,,,,,,90.0,240.0,30.000001907348633,138.59039306640625,108.59039115905762,30.0,120.0,0.0,0.0,0.0
,outer1,1,73,bb7d,,,,,,90.0,270.0,0.0,150.0,150.0,30.0,180.0,1.0,0.0,-1.0
,outer1,1,73,bb7d,,,,,,90.0,300.0,41.40962219238281,41.40962219238281,0.0,0.0,0.0,0.0,0.0,0.0
,outer1,1,73,bb7d,,,,,,90.0,330.0,90.0,64.34109497070312,-25.658905029296875,0.0,-30.0,0.0,0.0,0.0
,outer1,1,73,bb7d,,,,,,120.0,0.0,120.00000762939453,143.9022216796875,23.90221405029297,90.0,-30.0,0.0,0.0,0.0
,outer1,1,73,bb7d,,,,,,120.0,30.0,82.81924438476562,82.81924438476562,0.0,0.0,0.0,0.0,0.0,0.0
,outer1,1,73,bb7d,,,,,,120.0,60.0,154.0949249267578,82.81924438476562,-71.27568054199219,0.0,-90.0,0.0,0.0,0.0
,outer1,1,73,bb7d,,,,,,120.0,90.0,60.000003814697266,60.000003814697266,0.0,0.0,0.0,0.0,0.0,0.0
,outer1,1,73,bb7d,,,,,,120.0,120.0,66.45188903808594,25.905075073242188,-40.54681396484375,-60.0,0.0,0.0,0.0,0.0
,outer1,1,73,bb7d,,,,,,120.0,150.0,97.18075561523438,128.6822052001953,31.501449584960938,60.0,0.0,0.0,0.0,0.0
,outer1,1,73,bb7d,,,,,,120.0,180.0,0.0,90.0,90.0,90.0,0.0,1.0,0.0,-1.0
,outer1,1,73,bb7d,,,,,,120.0,210.0,0.0,120.00000762939453,120.00000762939453,0.0,180.0,1.0,0.0,-1.0
,outer1,1,73,bb7d,,,,,,120.0,240.0,86.67424774169922,97.18075561523438,10.506507873535156,-30.0,-30.0,0.0,0.0,0.0
,outer1,1,73,bb7d,,,,,,120.0,270.0,30.000001907348633,0.0,-30.000001907348633,-30.0,0.0,0.0,1.0,1.0
,outer1,1,73,bb7d,,,,,,120.0,300.0,143.9022216796875,25.905075073242188,-117.99714660644531,-90.0,-120.0,0.0,0.0,0.0
,outer1,1,73,bb7d,,,,,,120.0,330.0,82.81924438476562,82.81924438476562,0.0,0.0,0.0,0.0,0.0,0.0
,outer1,1,73,bb7d,,,,,,150.0,0.0,90.0,180.0,90.0,90.0,0.0,0.0,0.0,0.0
,outer1,1,73,bb7d,,,,,,150.0,30.0,0.0,0.0,0.0,0.0,0.0,1.0,1.0,0.0
,outer1,1,73,bb7d,,,,,,150.0,60.0,151.04498291015625,128.68218994140625,-22.36279296875,0.0,-60.0,0.0,0.0,0.0
,outer1,1,73,bb7d,,,,,,150.0,90.0,180.0,120.00000762939453,-59.99999237060547,0.0,-180.0,0.0,0.0,0.0
,outer1,1,73,bb7d,,,,,,150.0,120.0,128.68218994140625,128.68218994140625,0.0,0.0,0.0,0.0,0.0,0.0
,outer1,1,73,bb7d,,,,,,150.0,150.0,122.24180603027344,120.00000762939453,-2.2417984008789062,0.0,-30.0,0.0,0.0,0.0
,outer1,1,73,bb7d,,,,,,150.0,180.0,29.99998664855957,120.00000762939453,90.00002098083496,90.0,0.0,0.0,0.0,0.0
,outer1,1,73,bb7d,,,,,,150.0,210.0,0.0,128.68218994140625,128.68218994140625,120.0,60.0,1.0,0.0,-1.0
,outer1,1,73,bb7d,,,,,,150.0,240.0,122.24180603027344,14.870942115783691,-107.37086391448975,-120.0,0.0,0.0,0.0,0.0
,outer1,1,73,bb7d,,,,,,150.0,270.0,0.0,120.00000762939453,120.00000762939453,120.0,0.0,1.0,0.0,-1.0
,outer1,1,73,bb7d,,,,,,150.0,300.0,0.0,0.0,0.0,0.0,0.0,1.0,1.0,0.0
,outer1,1,73,bb7d,,,,,,150.0,330.0,128.68218994140625,128.68218994140625,0.0,0.0,0.0,0.0,0.0,0.0
,outer1,1,73,bbc6,,,,,,30.0,0.0,0.0,0.0,0.0,0.0,0.0,1.0,1.0,0.0
,outer1,1,73,bbc6,,,,,,30.0,30.0,0.0,0.0,0.0,0.0,0.0,1.0,1.0,0.0
,outer1,1,73,bbc6,,,,,,30.0,60.0,0.0,0.0,0.0,0.0,0.0,1.0,1.0,0.0
,outer1,1,73,bbc6,,,,,,30.0,90.0,180.0,0.0,-180.0,-120.0,-180.0,0.0,1.0,1.0
,outer1,1,73,bbc6,,,,,,30.0,120.0,151.04498291015625,151.04498291015625,0.0,0.0,0.0,0.0,0.0,0.0
,outer1,1,73,bbc6,,,,,,30.0,150.0,0.0,0.0,0.0,0.0,0.0,1.0,1.0,0.0
,outer1,1,73,bbc6,,,,,,30.0,180.0,0.0,0.0,0.0,0.0,0.0,1.0,1.0,0.0
,outer1,1,73,bbc6,,,,,,30.0,210.0,122.24180603027344,128.68218994140625,6.4403839111328125,0.0,30.0,0.0,0.0,0.0
,outer1,1,73,bbc6,,,,,,30.0,240.0,0.0,57.7581901550293,57.7581901550293,0.0,150.0,1.0,0.0,-1.0
,outer1,1,73,bbc6,,,,,,30.0,270.0,0.0,0.0,0.0,0.0,0.0,1.0,1.0,0.0
,outer1,1,73,bbc6,,,,,,30.0,300.0,151.04498291015625,151.04498291015625,0.0,0.0,0.0,0.0,0.0,0.0
,outer1,1,73,bbc6,,,,,,30.0,330.0,0.0,0.0,0.0,0.0,0.0,1.0,1.0,0.0
,outer1,1,73,bbc6,,,,,,60.0,0.0,30.000001907348633,30.000001907348633,0.0,0.0,0.0,0.0,0.0,0.0
,outer1,1,73,bbc6,,,,,,60.0,30.0,0.0,0.0,0.0,0.0,0.0,1.0,1.0,0.0
,outer1,1,73,bbc6,,,,,,60.0,60.0,0.0,0.0,0.0,0.0,0.0,1.0,1.0,0.0
,outer1,1,73,bbc6,,,,,,60.0,90.0,150.0,180.0,30.0,-30.0,0.0,0.0,0.0,0.0
,outer1,1,73,bbc6,,,,,,60.0,120.0,128.6822052001953,128.6822052001953,0.0,0.0,0.0,0.0,0.0,0.0
,outer1,1,73,bbc6,,,,,,60.0,150.0,0.0,0.0,0.0,0.0,0.0,1.0,1.0,0.0
,outer1,1,73,bbc6,,,,,,60.0,180.0,90.0,30.000001907348633,-59.99999809265137,-60.0,0.0,0.0,0.0,0.0
,outer1,1,73,bbc6,,,,,,60.0,210.0,82.81924438476562,82.81924438476562,0.0,0.0,0.0,0.0,0.0,0.0
,outer1,1,73,bbc6,,,,,,60.0,240.0,0.0,0.0,0.0,0.0,0.0,1.0,1.0,0.0
,outer1,1,73,bbc6,,,,,,60.0,270.0,0.0,0.0,0.0,0.0,0.0,1.0,1.0,0.0
,outer1,1,73,bbc6,,,,,,60.0,300.0,0.0,113.54812622070312,113.54812622070312,0.0,150.0,1.0,0.0,-1.0
,outer1,1,73,bbc6,,,,,,60.0,330.0,0.0,120.00000762939453,120.00000762939453,0.0,180.0,1.0,0.0,-1.0
,outer1,1,73,bbc6,,,,,,90.0,0.0,0.0,180.0,180.0,0.0,180.0,1.0,0.0,-1.0
,outer1,1,73,bbc6,,,,,,90.0,30.0,0.0,180.0,180.0,0.0,180.0,1.0,0.0,-1.0
,outer1,1,73,bbc6,,,,,,90.0,60.0,150.0,150.0,0.0,0.0,0.0,0.0,0.0,0.0
,outer1,1,73,bbc6,,,,,,90.0,90.0,0.0,180.0,180.0,0.0,180.0,1.0,0.0,-1.0
,outer1,1,73,bbc6,,,,,,90.0,120.0,150.0,180.0,30.0,0.0,30.0,0.0,0.0,0.0
,outer1,1,73,bbc6,,,,,,90.0,150.0,180.0,180.0,0.0,0.0,0.0,0.0,0.0,0.0
,outer1,1,73,bbc6,,,,,,90.0,180.0,180.0,180.0,0.0,0.0,0.0,0.0,0.0,0.0
,outer1,1,73,bbc6,,,,,,90.0,210.0,180.0,0.0,-180.0,0.0,-180.0,0.0,1.0,1.0
,outer1,1,73,bbc6,,,,,,90.0,240.0,150.0,150.0,0.0,0.0,0.0,0.0,0.0,0.0
,outer1,1,73,bbc6,,,,,,90.0,270.0,0.0,180.0,180.0,0.0,180.0,1.0,0.0,-1.0
,outer1,1,73,bbc6,,,,,,90.0,300.0,138.59039306640625,119.99999237060547,-18.59040069580078,-30.0,-30.0,0.0,0.0,0.0
,outer1,1,73,bbc6,,,,,,90.0,330.0,30.00000762939453,0.0,-30.00000762939453,0.0,-30.0,0.0,1.0,1.0
,outer1,1,73,bbc6,,,,,,120.0,0.0,29.99998664855957,29.99998664855957,0.0,0.0,0.0,0.0,0.0,0.0
,outer1,1,73,bbc6,,,,,,120.0,30.0,0.0,0.0,0.0,0.0,0.0,1.0,1.0,0.0
,outer1,1,73,bbc6,,,,,,120.0,60.0,29.99998664855957,0.0,-29.99998664855957,-30.0,0.0,0.0,1.0,1.0
,outer1,1,73,bbc6,,,,,,120.0,90.0,150.0,180.0,30.0,-30.0,0.0,0.0,0.0,0.0
,outer1,1,73,bbc6,,,,,,120.0,120.0,128.6822052001953,128.6822052001953,0.0,0.0,0.0,0.0,0.0,0.0
,outer1,1,73,bbc6,,,,,,120.0,150.0,0.0,0.0,0.0,0.0,0.0,1.0,1.0,0.0
,outer1,1,73,bbc6,,,,,,120.0,180.0,29.99998664855957,60.000003814697266,30.000017166137695,30.0,0.0,0.0,0.0,0.0
,outer1,1,73,bbc6,,,,,,120.0,210.0,82.81924438476562,82.81924438476562,0.0,0.0,0.0,0.0,0.0,0.0
,outer1,1,73,bbc6,,,,,,120.0,240.0,36.09777069091797,0.0,-36.09777069091797,-30.0,-30.0,0.0,1.0,1.0
,outer1,1,73,bbc6,,,,,,120.0,270.0,29.99998664855957,0.0,-29.99998664855957,-30.0,0.0,0.0,1.0,1.0
,outer1,1,73,bbc6,,,,,,120.0,300.0,128.68218994140625,128.68218994140625,0.0,0.0,0.0,0.0,0.0,0.0
,outer1,1,73,bbc6,,,,,,120.0,330.0,0.0,0.0,0.0,0.0,0.0,1.0,1.0,0.0
,outer1,1,73,bbc6,,,,,,150.0,0.0,0.0,0.0,0.0,0.0,0.0,1.0,1.0,0.0
,outer1,1,73,bbc6,,,,,,150.0,30.0,0.0,0.0,0.0,0.0,0.0,1.0,1.0,0.0
,outer1,1,73,bbc6,,,,,,150.0,60.0,0.0,0.0,0.0,0.0,0.0,1.0,1.0,0.0
,outer1,1,73,bbc6,,,,,,150.0,90.0,180.0,180.0,0.0,0.0,0.0,0.0,0.0,0.0
,outer1,1,73,bbc6,,,,,,150.0,120.0,151.04498291015625,51.31782150268555,-99.7271614074707,-120.0,0.0,0.0,0.0,0.0
,outer1,1,73,bbc6,,,,,,150.0,150.0,14.870942115783691,0.0,-14.870942115783691,0.0,-30.0,0.0,1.0,1.0
,outer1,1,73,bbc6,,,,,,150.0,180.0,0.0,0.0,0.0,0.0,0.0,1.0,1.0,0.0
,outer1,1,73,bbc6,,,,,,150.0,210.0,122.24180603027344,128.68218994140625,6.4403839111328125,0.0,30.0,0.0,0.0,0.0
,outer1,1,73,bbc6,,,,,,150.0,240.0,0.0,0.0,0.0,0.0,0.0,1.0,1.0,0.0
,outer1,1,73,bbc6,,,,,,150.0,270.0,0.0,0.0,0.0,0.0,0.0,1.0,1.0,0.0
,outer1,1,73,bbc6,,,,,,150.0,300.0,0.0,0.0,0.0,0.0,0.0,1.0,1.0,0.0
,outer1,1,73,bbc6,,,,,,150.0,330.0,0.0,0.0,0.0,0.0,0.0,1.0,1.0,0.0
,outer1,1,74,b827,,,,,,30.0,0.0,0.0,0.0,0.0,0.0,0.0,1.0,1.0,0.0
,outer1,1,74,b827,,,,,,30.0,30.0,0.0,0.0,0.0,0.0,0.0,1.0,1.0,0.0
,outer1,1,74,b827,,,,,,30.0,60.0,0.0,0.0,0.0,0.0,0.0,1.0,1.0,0.0
,outer1,1,74,b827,,,,,,30.0,90.0,0.0,0.0,0.0,0.0,0.0,1.0,1.0,0.0
,outer1,1,74,b827,,,,,,30.0,120.0,0.0,0.0,0.0,0.0,0.0,1.0,1.0,0.0
,outer1,1,74,b827,,,,,,30.0,150.0,0.0,0.0,0.0,0.0,0.0,1.0,1.0,0.0
,outer1,1,74,b827,,,,,,30.0,180.0,0.0,0.0,0.0,0.0,0.0,1.0,1.0,0.0
,outer1,1,74,b827,,,,,,30.0,210.0,0.0,0.0,0.0,0.0,0.0,1.0,1.0,0.0
,outer1,1,74,b827,,,,,,30.0,240.0,0.0,0.0,0.0,0.0,0.0,1.0,1.0,0.0
,outer1,1,74,b827,,,,,,30.0,270.0,0.0,0.0,0.0,0.0,0.0,1.0,1.0,0.0
,outer1,1,74,b827,,,,,,30.0,300.0,0.0,120.00000762939453,120.00000762939453,120.0,0.0,1.0,0.0,-1.0
,outer1,1,74,b827,,,,,,30.0,330.0,0.0,0.0,0.0,0.0,0.0,1.0,1.0,0.0
,outer1,1,74,b827,,,,,,60.0,0.0,0.0,0.0,0.0,0.0,0.0,1.0,1.0,0.0
,outer1,1,74,b827,,,,,,60.0,30.0,120.00000762939453,97.1807632446289,-22.819244384765625,0.0,-60.0,0.0,0.0,0.0
,outer1,1,74,b827,,,,,,60.0,60.0,0.0,25.905075073242188,25.905075073242188,0.0,30.0,1.0,0.0,-1.0
,outer1,1,74,b827,,,,,,60.0,90.0,0.0,0.0,0.0,0.0,0.0,1.0,1.0,0.0
,outer1,1,74,b827,,,,,,60.0,120.0,0.0,0.0,0.0,0.0,0.0,1.0,1.0,0.0
,outer1,1,74,b827,,,,,,60.0,150.0,0.0,0.0,0.0,0.0,0.0,1.0,1.0,0.0
,outer1,1,74,b827,,,,,,60.0,180.0,0.0,0.0,0.0,0.0,0.0,1.0,1.0,0.0
,outer1,1,74,b827,,,,,,60.0,210.0,51.31781005859375,90.0,38.68218994140625,90.0,-60.0,0.0,0.0,0.0
,outer1,1,74,b827,,,,,,60.0,240.0,0.0,0.0,0.0,0.0,0.0,1.0,1.0,0.0
,outer1,1,74,b827,,,,,,60.0,270.0,0.0,0.0,0.0,0.0,0.0,1.0,1.0,0.0
,outer1,1,74,b827,,,,,,60.0,300.0,0.0,0.0,0.0,0.0,0.0,1.0,1.0,0.0
,outer1,1,74,b827,,,,,,60.0,330.0,154.09490966796875,128.6822052001953,-25.412704467773438,0.0,-30.0,0.0,0.0,0.0
,outer1,1,74,b827,,,,,,90.0,0.0,180.0,30.00000762939453,-149.99999237060547,0.0,-150.0,0.0,0.0,0.0
,outer1,1,74,b827,,,,,,90.0,30.0,180.0,180.0,0.0,0.0,0.0,0.0,0.0,0.0
,outer1,1,74,b827,,,,,,90.0,60.0,60.000003814697266,119.99999237060547,59.9999885559082,0.0,60.0,0.0,0.0,0.0
,outer1,1,74,b827,,,,,,90.0,90.0,0.0,180.0,180.0,0.0,180.0,1.0,0.0,-1.0
,outer1,1,74,b827,,,,,,90.0,120.0,0.0,0.0,0.0,0.0,0.0,1.0,1.0,0.0
,outer1,1,74,b827,,,,,,90.0,150.0,120.00000762939453,60.000003814697266,-60.000003814697266,0.0,-60.0,0.0,0.0,0.0
,outer1,1,74,b827,,,,,,90.0,180.0,0.0,150.0,150.0,0.0,150.0,1.0,0.0,-1.0
,outer1,1,74,b827,,,,,,90.0,210.0,0.0,0.0,0.0,0.0,0.0,1.0,1.0,0.0
,outer1,1,74,b827,,,,,,90.0,240.0,120.00000762939453,60.000003814697266,-60.000003814697266,0.0,-60.0,0.0,0.0,0.0
,outer1,1,74,b827,,,,,,90.0,270.0,0.0,0.0,0.0,0.0,0.0,1.0,1.0,0.0
,outer1,1,74,b827,,,,,,90.0,300.0,180.0,0.0,-180.0,0.0,-180.0,0.0,1.0,1.0
,outer1,1,74,b827,,,,,,90.0,330.0,0.0,120.00000762939453,120.00000762939453,0.0,120.0,1.0,0.0,-1.0
,outer1,1,74,b827,,,,,,120.0,0.0,0.0,0.0,0.0,0.0,0.0,1.0,1.0,0.0
,outer1,1,74,b827,,,,,,120.0,30.0,120.00000762939453,0.0,-120.00000762939453,0.0,-180.0,0.0,1.0,1.0
,outer1,1,74,b827,,,,,,120.0,60.0,0.0,0.0,0.0,0.0,0.0,1.0,1.0,0.0
,outer1,1,74,b827,,,,,,120.0,90.0,0.0,0.0,0.0,0.0,0.0,1.0,1.0,0.0
,outer1,1,74,b827,,,,,,120.0,120.0,0.0,0.0,0.0,0.0,0.0,1.0,1.0,0.0
,outer1,1,74,b827,,,,,,120.0,150.0,0.0,49.49464416503906,49.49464416503906,30.0,60.0,1.0,0.0,-1.0
,outer1,1,74,b827,,,,,,120.0,180.0,0.0,29.99998664855957,29.99998664855957,30.0,0.0,1.0,0.0,-1.0
,outer1,1,74,b827,,,,,,120.0,210.0,25.905075073242188,25.905075073242188,0.0,0.0,0.0,0.0,0.0,0.0
,outer1,1,74,b827,,,,,,120.0,240.0,25.905075073242188,0.0,-25.905075073242188,0.0,-30.0,0.0,1.0,1.0
,outer1,1,74,b827,,,,,,120.0,270.0,0.0,0.0,0.0,0.0,0.0,1.0,1.0,0.0
,outer1,1,74,b827,,,,,,120.0,300.0,0.0,0.0,0.0,0.0,0.0,1.0,1.0,0.0
,outer1,1,74,b827,,,,,,120.0,330.0,0.0,143.9022216796875,143.9022216796875,90.0,150.0,1.0,0.0,-1.0
,outer1,1,74,b827,,,,,,150.0,0.0,0.0,0.0,0.0,0.0,0.0,1.0,1.0,0.0
,outer1,1,74,b827,,,,,,150.0,30.0,0.0,0.0,0.0,0.0,0.0,1.0,1.0,0.0
,outer1,1,74,b827,,,,,,150.0,60.0,0.0,0.0,0.0,0.0,0.0,1.0,1.0,0.0
,outer1,1,74,b827,,,,,,150.0,90.0,0.0,0.0,0.0,0.0,0.0,1.0,1.0,0.0
,outer1,1,74,b827,,,,,,150.0,120.0,0.0,0.0,0.0,0.0,0.0,1.0,1.0,0.0
,outer1,1,74,b827,,,,,,150.0,150.0,0.0,0.0,0.0,0.0,0.0,1.0,1.0,0.0
,outer1,1,74,b827,,,,,,150.0,180.0,0.0,0.0,0.0,0.0,0.0,1.0,1.0,0.0
,outer1,1,74,b827,,,,,,150.0,210.0,0.0,60.000003814697266,60.000003814697266,0.0,180.0,1.0,0.0,-1.0
,outer1,1,74,b827,,,,,,150.0,240.0,0.0,120.00000762939453,120.00000762939453,120.0,0.0,1.0,0.0,-1.0
,outer1,1,74,b827,,,,,,150.0,270.0,0.0,0.0,0.0,0.0,0.0,1.0,1.0,0.0
,outer1,1,74,b827,,,,,,150.0,300.0,0.0,0.0,0.0,0.0,0.0,1.0,1.0,0.0
,outer1,1,74,b827,,,,,,150.0,330.0,0.0,0.0,0.0,0.0,0.0,1.0,1.0,0.0
,outer1,1,74,b871,,,,,,30.0,0.0,0.0,0.0,0.0,0.0,0.0,1.0,1.0,0.0
,outer1,1,74,b871,,,,,,30.0,30.0,0.0,0.0,0.0,0.0,0.0,1.0,1.0,0.0
,outer1,1,74,b871,,,,,,30.0,60.0,0.0,0.0,0.0,0.0,0.0,1.0,1.0,0.0
,outer1,1,74,b871,,,,,,30.0,90.0,0.0,0.0,0.0,0.0,0.0,1.0,1.0,0.0
,outer1,1,74,b871,,,,,,30.0,120.0,0.0,0.0,0.0,0.0,0.0,1.0,1.0,0.0
,outer1,1,74,b871,,,,,,30.0,150.0,0.0,0.0,0.0,0.0,0.0,1.0,1.0,0.0
,outer1,1,74,b871,,,,,,30.0,180.0,0.0,0.0,0.0,0.0,0.0,1.0,1.0,0.0
,outer1,1,74,b871,,,,,,30.0,210.0,0.0,0.0,0.0,0.0,0.0,1.0,1.0,0.0
,outer1,1,74,b871,,,,,,30.0,240.0,0.0,0.0,0.0,0.0,0.0,1.0,1.0,0.0
,outer1,1,74,b871,,,,,,30.0,270.0,0.0,0.0,0.0,0.0,0.0,1.0,1.0,0.0
,outer1,1,74,b871,,,,,,30.0,300.0,0.0,0.0,0.0,0.0,0.0,1.0,1.0,0.0
,outer1,1,74,b871,,,,,,30.0,330.0,0.0,0.0,0.0,0.0,0.0,1.0,1.0,0.0
,outer1,1,74,b871,,,,,,60.0,0.0,0.0,30.000001907348633,30.000001907348633,30.0,0.0,1.0,0.0,-1.0
,outer1,1,74,b871,,,,,,60.0,30.0,0.0,0.0,0.0,0.0,0.0,1.0,1.0,0.0
,outer1,1,74,b871,,,,,,60.0,60.0,0.0,0.0,0.0,0.0,0.0,1.0,1.0,0.0
,outer1,1,74,b871,,,,,,60.0,90.0,0.0,0.0,0.0,0.0,0.0,1.0,1.0,0.0
,outer1,1,74,b871,,,,,,60.0,120.0,0.0,128.6822052001953,128.6822052001953,60.0,120.0,1.0,0.0,-1.0
,outer1,1,74,b871,,,,,,60.0,150.0,0.0,0.0,0.0,0.0,0.0,1.0,1.0,0.0
,outer1,1,74,b871,,,,,,60.0,180.0,0.0,0.0,0.0,0.0,0.0,1.0,1.0,0.0
,outer1,1,74,b871,,,,,,60.0,210.0,0.0,60.000003814697266,60.000003814697266,60.0,0.0,1.0,0.0,-1.0
,outer1,1,74,b871,,,,,,60.0,240.0,0.0,0.0,0.0,0.0,0.0,1.0,1.0,0.0
,outer1,1,74,b871,,,,,,60.0,270.0,0.0,0.0,0.0,0.0,0.0,1.0,1.0,0.0
,outer1,1,74,b871,,,,,,60.0,300.0,0.0,0.0,0.0,0.0,0.0,1.0,1.0,0.0
,outer1,1,74,b871,,,,,,60.0,330.0,0.0,0.0,0.0,0.0,0.0,1.0,1.0,0.0
,outer1,1,74,b871,,,,,,90.0,0.0,180.0,30.00000762939453,-149.99999237060547,0.0,-150.0,0.0,0.0,0.0
,outer1,1,74,b871,,,,,,90.0,30.0,0.0,180.0,180.0,0.0,180.0,1.0,0.0,-1.0
,outer1,1,74,b871,,,,,,90.0,60.0,64.34110260009766,60.000003814697266,-4.341098785400391,-30.0,0.0,0.0,0.0,0.0
,outer1,1,74,b871,,,,,,90.0,90.0,180.0,180.0,0.0,0.0,0.0,0.0,0.0,0.0
,outer1,1,74,b871,,,,,,90.0,120.0,29.999998092651367,0.0,-29.999998092651367,-30.0,0.0,0.0,1.0,1.0
,outer1,1,74,b871,,,,,,90.0,150.0,0.0,120.00000762939453,120.00000762939453,0.0,120.0,1.0,0.0,-1.0
,outer1,1,74,b871,,,,,,90.0,180.0,0.0,0.0,0.0,0.0,0.0,1.0,1.0,0.0
,outer1,1,74,b871,,,,,,90.0,210.0,0.0,0.0,0.0,0.0,0.0,1.0,1.0,0.0
,outer1,1,74,b871,,,,,,90.0,240.0,120.00000762939453,120.00000762939453,0.0,0.0,0.0,0.0,0.0,0.0
,outer1,1,74,b871,,,,,,90.0,270.0,180.0,0.0,-180.0,0.0,-180.0,0.0,1.0,1.0
,outer1,1,74,b871,,,,,,90.0,300.0,180.0,180.0,0.0,0.0,0.0,0.0,0.0,0.0
,outer1,1,74,b871,,,,,,90.0,330.0,0.0,120.00000762939453,120.00000762939453,0.0,120.0,1.0,0.0,-1.0
,outer1,1,74,b871,,,,,,120.0,0.0,0.0,29.99998664855957,29.99998664855957,30.0,0.0,1.0,0.0,-1.0
,outer1,1,74,b871,,,,,,120.0,30.0,0.0,0.0,0.0,0.0,0.0,1.0,1.0,0.0
,outer1,1,74,b871,,,,,,120.0,60.0,0.0,0.0,0.0,0.0,0.0,1.0,1.0,0.0
,outer1,1,74,b871,,,,,,120.0,90.0,0.0,0.0,0.0,0.0,0.0,1.0,1.0,0.0
,outer1,1,74,b871,,,,,,120.0,120.0,0.0,0.0,0.0,0.0,0.0,1.0,1.0,0.0
,outer1,1,74,b871,,,,,,120.0,150.0,0.0,0.0,0.0,0.0,0.0,1.0,1.0,0.0
,outer1,1,74,b871,,,,,,120.0,180.0,0.0,0.0,0.0,0.0,0.0,1.0,1.0,0.0
,outer1,1,74,b871,,,,,,120.0,210.0,25.905075073242188,60.000003814697266,34.09492874145508,60.0,-30.0,0.0,0.0,0.0
,outer1,1,74,b871,,,,,,120.0,240.0,0.0,0.0,0.0,0.0,0.0,1.0,1.0,0.0
,outer1,1,74,b871,,,,,,120.0,270.0,0.0,0.0,0.0,0.0,0.0,1.0,1.0,0.0
,outer1,1,74,b871,,,,,,120.0,300.0,0.0,0.0,0.0,0.0,0.0,1.0,1.0,0.0
,outer1,1,74,b871,,,,,,120.0,330.0,0.0,0.0,0.0,0.0,0.0,1.0,1.0,0.0
,outer1,1,74,b871,,,,,,150.0,0.0,0.0,0.0,0.0,0.0,0.0,1.0,1.0,0.0
,outer1,1,74,b871,,,,,,150.0,30.0,0.0,0.0,0.0,0.0,0.0,1.0,1.0,0.0
,outer1,1,74,b871,,,,,,150.0,60.0,0.0,0.0,0.0,0.0,0.0,1.0,1.0,0.0
,outer1,1,74,b871,,,,,,150.0,90.0,0.0,0.0,0.0,0.0,0.0,1.0,1.0,0.0
,outer1,1,74,b871,,,,,,150.0,120.0,0.0,0.0,0.0,0.0,0.0,1.0,1.0,0.0
,outer1,1,74,b871,,,,,,150.0,150.0,0.0,0.0,0.0,0.0,0.0,1.0,1.0,0.0
,outer1,1,74,b871,,,,,,150.0,180.0,0.0,0.0,0.0,0.0,0.0,1.0,1.0,0.0
,outer1,1,74,b871,,,,,,150.0,210.0,0.0,0.0,0.0,0.0,0.0,1.0,1.0,0.0
,outer1,1,74,b871,,,,,,150.0,240.0,0.0,0.0,0.0,0.0,0.0,1.0,1.0,0.0
,outer1,1,74,b871,,,,,,150.0,270.0,0.0,0.0,0.0,0.0,0.0,1.0,1.0,0.0
,outer1,1,74,b871,,,,,,150.0,300.0,0.0,0.0,0.0,0.0,0.0,1.0,1.0,0.0
,outer1,1,74,b871,,,,,,150.0,330.0,0.0,0.0,0.0,0.0,0.0,1.0,1.0,0.0
,outer1,1,74,b905,,,,,,30.0,0.0,0.0,0.0,0.0,0.0,0.0,1.0,1.0,0.0
,outer1,1,74,b905,,,,,,30.0,30.0,0.0,0.0,0.0,0.0,0.0,1.0,1.0,0.0
,outer1,1,74,b905,,,,,,30.0,60.0,0.0,0.0,0.0,0.0,0.0,1.0,1.0,0.0
,outer1,1,74,b905,,,,,,30.0,90.0,0.0,0.0,0.0,0.0,0.0,1.0,1.0,0.0
,outer1,1,74,b905,,,,,,30.0,120.0,0.0,0.0,0.0,0.0,0.0,1.0,1.0,0.0
,outer1,1,74,b905,,,,,,30.0,150.0,0.0,0.0,0.0,0.0,0.0,1.0,1.0,0.0
,outer1,1,74,b905,,,,,,30.0,180.0,0.0,0.0,0.0,0.0,0.0,1.0,1.0,0.0
,outer1,1,74,b905,,,,,,30.0,210.0,0.0,0.0,0.0,0.0,0.0,1.0,1.0,0.0
,outer1,1,74,b905,,,,,,30.0,240.0,0.0,0.0,0.0,0.0,0.0,1.0,1.0,0.0
,outer1,1,74,b905,,,,,,30.0,270.0,0.0,0.0,0.0,0.0,0.0,1.0,1.0,0.0
,outer1,1,74,b905,,,,,,30.0,300.0,0.0,0.0,0.0,0.0,0.0,1.0,1.0,0.0
,outer1,1,74,b905,,,,,,30.0,330.0,0.0,0.0,0.0,0.0,0.0,1.0,1.0,0.0
,outer1,1,74,b905,,,,,,60.0,0.0,0.0,0.0,0.0,0.0,0.0,1.0,1.0,0.0
,outer1,1,74,b905,,,,,,60.0,30.0,0.0,0.0,0.0,0.0,0.0,1.0,1.0,0.0
,outer1,1,74,b905,,,,,,60.0,60.0,0.0,0.0,0.0,0.0,0.0,1.0,1.0,0.0
,outer1,1,74,b905,,,,,,60.0,90.0,0.0,0.0,0.0,0.0,0.0,1.0,1.0,0.0
,outer1,1,74,b905,,,,,,60.0,120.0,0.0,0.0,0.0,0.0,0.0,1.0,1.0,0.0
,outer1,1,74,b905,,,,,,60.0,150.0,0.0,0.0,0.0,0.0,0.0,1.0,1.0,0.0
,outer1,1,74,b905,,,,,,60.0,180.0,0.0,0.0,0.0,0.0,0.0,1.0,1.0,0.0
,outer1,1,74,b905,,,,,,60.0,210.0,0.0,0.0,0.0,0.0,0.0,1.0,1.0,0.0
,outer1,1,74,b905,,,,,,60.0,240.0,128.6822052001953,0.0,-128.6822052001953,-60.0,-120.0,0.0,1.0,1.0
,outer1,1,74,b905,,,,,,60.0,270.0,0.0,0.0,0.0,0.0,0.0,1.0,1.0,0.0
,outer1,1,74,b905,,,,,,60.0,300.0,0.0,0.0,0.0,0.0,0.0,1.0,1.0,0.0
,outer1,1,74,b905,,,,,,60.0,330.0,0.0,0.0,0.0,0.0,0.0,1.0,1.0,0.0
,outer1,1,74,b905,,,,,,90.0,0.0,180.0,180.0,0.0,0.0,0.0,0.0,0.0,0.0
,outer1,1,74,b905,,,,,,90.0,30.0,120.00000762939453,120.00000762939453,0.0,0.0,0.0,0.0,0.0,0.0
,outer1,1,74,b905,,,,,,90.0,60.0,0.0,0.0,0.0,0.0,0.0,1.0,1.0,0.0
,outer1,1,74,b905,,,,,,90.0,90.0,0.0,0.0,0.0,0.0,0.0,1.0,1.0,0.0
,outer1,1,74,b905,,,,,,90.0,120.0,60.000003814697266,0.0,-60.000003814697266,0.0,-60.0,0.0,1.0,1.0
,outer1,1,74,b905,,,,,,90.0,150.0,0.0,0.0,0.0,0.0,0.0,1.0,1.0,0.0
,outer1,1,74,b905,,,,,,90.0,180.0,0.0,0.0,0.0,0.0,0.0,1.0,1.0,0.0
,outer1,1,74,b905,,,,,,90.0,210.0,180.0,60.000003814697266,-119.99999618530273,0.0,-120.0,0.0,0.0,0.0
,outer1,1,74,b905,,,,,,90.0,240.0,180.0,0.0,-180.0,0.0,-180.0,0.0,1.0,1.0
,outer1,1,74,b905,,,,,,90.0,270.0,180.0,0.0,-180.0,0.0,-180.0,0.0,1.0,1.0
,outer1,1,74,b905,,,,,,90.0,300.0,0.0,180.0,180.0,0.0,180.0,1.0,0.0,-1.0
,outer1,1,74,b905,,,,,,90.0,330.0,180.0,180.0,0.0,0.0,0.0,0.0,0.0,0.0
,outer1,1,74,b905,,,,,,120.0,0.0,0.0,0.0,0.0,0.0,0.0,1.0,1.0,0.0
,outer1,1,74,b905,,,,,,120.0,30.0,0.0,0.0,0.0,0.0,0.0,1.0,1.0,0.0
,outer1,1,74,b905,,,,,,120.0,60.0,0.0,0.0,0.0,0.0,0.0,1.0,1.0,0.0
,outer1,1,74,b905,,,,,,120.0,90.0,0.0,0.0,0.0,0.0,0.0,1.0,1.0,0.0
,outer1,1,74,b905,,,,,,120.0,120.0,0.0,0.0,0.0,0.0,0.0,1.0,1.0,0.0
,outer1,1,74,b905,,,,,,120.0,150.0,0.0,0.0,0.0,0.0,0.0,1.0,1.0,0.0
,outer1,1,74,b905,,,,,,120.0,180.0,0.0,0.0,0.0,0.0,0.0,1.0,1.0,0.0
,outer1,1,74,b905,,,,,,120.0,210.0,0.0,51.31781005859375,51.31781005859375,0.0,60.0,1.0,0.0,-1.0
,outer1,1,74,b905,,,,,,120.0,240.0,128.6822052001953,0.0,-128.6822052001953,-60.0,-120.0,0.0,1.0,1.0
,outer1,1,74,b905,,,,,,120.0,270.0,120.00000762939453,0.0,-120.00000762939453,0.0,-180.0,0.0,1.0,1.0
,outer1,1,74,b905,,,,,,120.0,300.0,0.0,0.0,0.0,0.0,0.0,1.0,1.0,0.0
,outer1,1,74,b905,,,,,,120.0,330.0,0.0,0.0,0.0,0.0,0.0,1.0,1.0,0.0
,outer1,1,74,b905,,,,,,150.0,0.0,0.0,0.0,0.0,0.0,0.0,1.0,1.0,0.0
,outer1,1,74,b905,,,,,,150.0,30.0,0.0,0.0,0.0,0.0,0.0,1.0,1.0,0.0
,outer1,1,74,b905,,,,,,150.0,60.0,0.0,0.0,0.0,0.0,0.0,1.0,1.0,0.0
,outer1,1,74,b905,,,,,,150.0,90.0,0.0,0.0,0.0,0.0,0.0,1.0,1.0,0.0
,outer1,1,74,b905,,,,,,150.0,120.0,0.0,0.0,0.0,0.0,0.0,1.0,1.0,0.0
,outer1,1,74,b905,,,,,,150.0,150.0,0.0,0.0,0.0,0.0,0.0,1.0,1.0,0.0
,outer1,1,74,b905,,,,,,150.0,180.0,0.0,0.0,0.0,0.0,0.0,1.0,1.0,0.0
,outer1,1,74,b905,,,,,,150.0,210.0,0.0,0.0,0.0,0.0,0.0,1.0,1.0,0.0
,outer1,1,74,b905,,,,,,150.0,240.0,0.0,0.0,0.0,0.0,0.0,1.0,1.0,0.0
,outer1,1,74,b905,,,,,,150.0,270.0,0.0,29.99998664855957,29.99998664855957,30.0,0.0,1.0,0.0,-1.0
,outer1,1,74,b905,,,,,,150.0,300.0,0.0,0.0,0.0,0.0,0.0,1.0,1.0,0.0
,outer1,1,74,b905,,,,,,150.0,330.0,0.0,0.0,0.0,0.0,0.0,1.0,1.0,0.0
,outer1,1,74,bb7d,,,,,,30.0,0.0,60.000003814697266,60.000003814697266,0.0,0.0,0.0,0.0,0.0,0.0
,outer1,1,74,bb7d,,,,,,30.0,30.0,0.0,14.870942115783691,14.870942115783691,0.0,30.0,1.0,0.0,-1.0
,outer1,1,74,bb7d,,,,,,30.0,60.0,165.12905883789062,128.68218994140625,-36.446868896484375,0.0,-90.0,0.0,0.0,0.0
,outer1,1,74,bb7d,,,,,,30.0,90.0,180.0,120.00000762939453,-59.99999237060547,0.0,-180.0,0.0,0.0,0.0
,outer1,1,74,bb7d,,,,,,30.0,120.0,180.0,180.0,0.0,0.0,0.0,0.0,0.0,0.0
,outer1,1,74,bb7d,,,,,,30.0,150.0,128.68218994140625,122.24180603027344,-6.4403839111328125,0.0,-30.0,0.0,0.0,0.0
,outer1,1,74,bb7d,,,,,,30.0,180.0,120.00000762939453,0.0,-120.00000762939453,-120.0,0.0,0.0,1.0,1.0
,outer1,1,74,bb7d,,,,,,30.0,210.0,60.000003814697266,151.04498291015625,91.04497909545898,120.0,-60.0,0.0,0.0,0.0
,outer1,1,74,bb7d,,,,,,30.0,240.0,60.000003814697266,60.000003814697266,0.0,0.0,0.0,0.0,0.0,0.0
,outer1,1,74,bb7d,,,,,,30.0,270.0,0.0,0.0,0.0,0.0,0.0,1.0,1.0,0.0
,outer1,1,74,bb7d,,,,,,30.0,300.0,0.0,0.0,0.0,0.0,0.0,1.0,1.0,0.0
,outer1,1,74,bb7d,,,,,,30.0,330.0,128.68218994140625,151.04498291015625,22.36279296875,0.0,60.0,0.0,0.0,0.0
,outer1,1,74,bb7d,,,,,,60.0,0.0,180.0,150.0,-30.0,30.0,0.0,0.0,0.0,0.0
,outer1,1,74,bb7d,,,,,,60.0,30.0,82.81924438476562,82.81924438476562,0.0,0.0,0.0,0.0,0.0,0.0
,outer1,1,74,bb7d,,,,,,60.0,60.0,25.905075073242188,154.0949249267578,128.18984985351562,60.0,120.0,0.0,0.0,0.0
,outer1,1,74,bb7d,,,,,,60.0,90.0,180.0,60.000003814697266,-119.99999618530273,0.0,-180.0,0.0,0.0,0.0
,outer1,1,74,bb7d,,,,,,60.0,120.0,66.45188903808594,113.5481185913086,47.096229553222656,-60.0,120.0,0.0,0.0,0.0
,outer1,1,74,bb7d,,,,,,60.0,150.0,82.81924438476562,180.0,97.18075561523438,0.0,120.0,0.0,0.0,0.0
,outer1,1,74,bb7d,,,,,,60.0,180.0,60.000003814697266,60.000003814697266,0.0,0.0,0.0,0.0,0.0,0.0
,outer1,1,74,bb7d,,,,,,60.0,210.0,120.00000762939453,120.00000762939453,0.0,0.0,0.0,0.0,0.0,0.0
,outer1,1,74,bb7d,,,,,,60.0,240.0,113.5481185913086,113.5481185913086,0.0,0.0,0.0,0.0,0.0,0.0
,outer1,1,74,bb7d,,,,,,60.0,270.0,0.0,180.0,180.0,60.0,180.0,1.0,0.0,-1.0
,outer1,1,74,bb7d,,,,,,60.0,300.0,143.9022216796875,25.905075073242188,-117.99714660644531,-90.0,-120.0,0.0,0.0,0.0
,outer1,1,74,bb7d,,,,,,60.0,330.0,82.81924438476562,60.000003814697266,-22.81924057006836,0.0,-60.0,0.0,0.0,0.0
,outer1,1,74,bb7d,,,,,,90.0,0.0,119.99999237060547,90.0,-29.99999237060547,60.0,-30.0,0.0,0.0,0.0
,outer1,1,74,bb7d,,,,,,90.0,30.0,138.59039306640625,115.65889739990234,-22.931495666503906,0.0,-30.0,0.0,0.0,0.0
,outer1,1,74,bb7d,,,,,,90.0,60.0,138.59039306640625,138.59039306640625,0.0,0.0,0.0,0.0,0.0,0.0
,outer1,1,74,bb7d,,,,,,90.0,90.0,0.0,30.000001907348633,30.000001907348633,30.0,0.0,1.0,0.0,-1.0
,outer1,1,74,bb7d,,,,,,90.0,120.0,138.59039306640625,138.59039306640625,0.0,0.0,0.0,0.0,0.0,0.0
,outer1,1,74,bb7d,,,,,,90.0,150.0,90.0,104.47750854492188,14.477508544921875,30.0,30.0,0.0,0.0,0.0
,outer1,1,74,bb7d,,,,,,90.0,180.0,64.34109497070312,90.0,25.658905029296875,30.0,30.0,0.0,0.0,0.0
,outer1,1,74,bb7d,,,,,,90.0,210.0,41.40962219238281,64.34109497070312,22.931472778320312,0.0,30.0,0.0,0.0,0.0
,outer1,1,74,bb7d,,,,,,90.0,240.0,41.40962219238281,41.40962219238281,0.0,0.0,0.0,0.0,0.0,0.0
,outer1,1,74,bb7d,,,,,,90.0,270.0,0.0,150.0,150.0,30.0,180.0,1.0,0.0,-1.0
,outer1,1,74,bb7d,,,,,,90.0,300.0,41.40962219238281,41.40962219238281,0.0,0.0,0.0,0.0,0.0,0.0
,outer1,1,74,bb7d,,,,,,90.0,330.0,90.0,75.52249145507812,-14.477508544921875,30.0,-30.0,0.0,0.0,0.0
,outer1,1,74,bb7d,,,,,,120.0,0.0,120.00000762939453,120.00000762939453,0.0,0.0,0.0,0.0,0.0,0.0
,outer1,1,74,bb7d,,,,,,120.0,30.0,82.81924438476562,82.81924438476562,0.0,0.0,0.0,0.0,0.0,0.0
,outer1,1,74,bb7d,,,,,,120.0,60.0,36.09777069091797,154.0949249267578,117.99715423583984,30.0,120.0,0.0,0.0,0.0
,outer1,1,74,bb7d,,,,,,120.0,90.0,180.0,60.000003814697266,-119.99999618530273,0.0,-180.0,0.0,0.0,0.0
,outer1,1,74,bb7d,,,,,,120.0,120.0,93.32575225830078,66.45188903808594,-26.873863220214844,-30.0,0.0,0.0,0.0,0.0
,outer1,1,74,bb7d,,,,,,120.0,150.0,128.6822052001953,128.6822052001953,0.0,0.0,0.0,0.0,0.0,0.0
,outer1,1,74,bb7d,,,,,,120.0,180.0,0.0,90.0,90.0,90.0,0.0,1.0,0.0,-1.0
,outer1,1,74,bb7d,,,,,,120.0,210.0,0.0,97.18075561523438,97.18075561523438,0.0,120.0,1.0,0.0,-1.0
,outer1,1,74,bb7d,,,,,,120.0,240.0,113.54811096191406,66.45188903808594,-47.096221923828125,60.0,-120.0,0.0,0.0,0.0
,outer1,1,74,bb7d,,,,,,120.0,270.0,30.000001907348633,120.00000762939453,90.0000057220459,-30.0,180.0,0.0,0.0,0.0
,outer1,1,74,bb7d,,,,,,120.0,300.0,143.9022216796875,97.18075561523438,-46.721466064453125,-90.0,-30.0,0.0,0.0,0.0
,outer1,1,74,bb7d,,,,,,120.0,330.0,82.81924438476562,82.81924438476562,0.0,0.0,0.0,0.0,0.0,0.0
,outer1,1,74,bb7d,,,,,,150.0,0.0,180.0,90.0,-90.0,-90.0,0.0,0.0,0.0,0.0
,outer1,1,74,bb7d,,,,,,150.0,30.0,0.0,165.12905883789062,165.12905883789062,120.0,150.0,1.0,0.0,-1.0
,outer1,1,74,bb7d,,,,,,150.0,60.0,151.04498291015625,128.68218994140625,-22.36279296875,0.0,-60.0,0.0,0.0,0.0
,outer1,1,74,bb7d,,,,,,150.0,90.0,180.0,180.0,0.0,0.0,0.0,0.0,0.0,0.0
,outer1,1,74,bb7d,,,,,,150.0,120.0,128.68218994140625,128.68218994140625,0.0,0.0,0.0,0.0,0.0,0.0
,outer1,1,74,bb7d,,,,,,150.0,150.0,151.04498291015625,120.00000762939453,-31.04497528076172,0.0,-120.0,0.0,0.0,0.0
,outer1,1,74,bb7d,,,,,,150.0,180.0,120.00000762939453,120.00000762939453,0.0,0.0,0.0,0.0,0.0,0.0
,outer1,1,74,bb7d,,,,,,150.0,210.0,14.870942115783691,128.68218994140625,113.81124782562256,120.0,30.0,0.0,0.0,0.0
,outer1,1,74,bb7d,,,,,,150.0,240.0,122.24180603027344,128.68218994140625,6.4403839111328125,0.0,30.0,0.0,0.0,0.0
,outer1,1,74,bb7d,,,,,,150.0,270.0,0.0,0.0,0.0,0.0,0.0,1.0,1.0,0.0
,outer1,1,74,bb7d,,,,,,150.0,300.0,122.24180603027344,0.0,-122.24180603027344,-120.0,-30.0,0.0,1.0,1.0
,outer1,1,74,bb7d,,,,,,150.0,330.0,128.68218994140625,151.04498291015625,22.36279296875,0.0,60.0,0.0,0.0,0.0
,outer1,1,74,bbc6,,,,,,30.0,0.0,0.0,0.0,0.0,0.0,0.0,1.0,1.0,0.0
,outer1,1,74,bbc6,,,,,,30.0,30.0,0.0,0.0,0.0,0.0,0.0,1.0,1.0,0.0
,outer1,1,74,bbc6,,,,,,30.0,60.0,0.0,0.0,0.0,0.0,0.0,1.0,1.0,0.0
,outer1,1,74,bbc6,,,,,,30.0,90.0,180.0,60.000003814697266,-119.99999618530273,-120.0,0.0,0.0,0.0,0.0
,outer1,1,74,bbc6,,,,,,30.0,120.0,151.04498291015625,60.000003814697266,-91.04497909545898,-120.0,60.0,0.0,0.0,0.0
,outer1,1,74,bbc6,,,,,,30.0,150.0,0.0,0.0,0.0,0.0,0.0,1.0,1.0,0.0
,outer1,1,74,bbc6,,,,,,30.0,180.0,14.870942115783691,0.0,-14.870942115783691,0.0,-30.0,0.0,1.0,1.0
,outer1,1,74,bbc6,,,,,,30.0,210.0,0.0,128.68218994140625,128.68218994140625,120.0,60.0,1.0,0.0,-1.0
,outer1,1,74,bbc6,,,,,,30.0,240.0,0.0,0.0,0.0,0.0,0.0,1.0,1.0,0.0
,outer1,1,74,bbc6,,,,,,30.0,270.0,0.0,0.0,0.0,0.0,0.0,1.0,1.0,0.0
,outer1,1,74,bbc6,,,,,,30.0,300.0,0.0,0.0,0.0,0.0,0.0,1.0,1.0,0.0
,outer1,1,74,bbc6,,,,,,30.0,330.0,122.24180603027344,0.0,-122.24180603027344,-120.0,-30.0,0.0,1.0,1.0
,outer1,1,74,bbc6,,,,,,60.0,0.0,30.000001907348633,30.000001907348633,0.0,0.0,0.0,0.0,0.0,0.0
,outer1,1,74,bbc6,,,,,,60.0,30.0,0.0,66.45188903808594,66.45188903808594,60.0,30.0,1.0,0.0,-1.0
,outer1,1,74,bbc6,,,,,,60.0,60.0,0.0,0.0,0.0,0.0,0.0,1.0,1.0,0.0
,outer1,1,74,bbc6,,,,,,60.0,90.0,180.0,180.0,0.0,0.0,0.0,0.0,0.0,0.0
,outer1,1,74,bbc6,,,,,,60.0,120.0,128.6822052001953,97.1807632446289,-31.501441955566406,-60.0,0.0,0.0,0.0,0.0
,outer1,1,74,bbc6,,,,,,60.0,150.0,51.31781005859375,51.31781005859375,0.0,0.0,0.0,0.0,0.0,0.0
,outer1,1,74,bbc6,,,,,,60.0,180.0,30.000001907348633,60.000003814697266,30.000001907348633,30.0,0.0,0.0,0.0,0.0
,outer1,1,74,bbc6,,,,,,60.0,210.0,82.81924438476562,82.81924438476562,0.0,0.0,0.0,0.0,0.0,0.0
,outer1,1,74,bbc6,,,,,,60.0,240.0,36.097782135009766,0.0,-36.097782135009766,-30.0,-30.0,0.0,1.0,1.0
,outer1,1,74,bbc6,,,,,,60.0,270.0,0.0,0.0,0.0,0.0,0.0,1.0,1.0,0.0
,outer1,1,74,bbc6,,,,,,60.0,300.0,128.68218994140625,0.0,-128.68218994140625,-60.0,-120.0,0.0,1.0,1.0
,outer1,1,74,bbc6,,,,,,60.0,330.0,0.0,0.0,0.0,0.0,0.0,1.0,1.0,0.0
,outer1,1,74,bbc6,,,,,,90.0,0.0,0.0,180.0,180.0,0.0,180.0,1.0,0.0,-1.0
,outer1,1,74,bbc6,,,,,,90.0,30.0,0.0,180.0,180.0,0.0,180.0,1.0,0.0,-1.0
,outer1,1,74,bbc6,,,,,,90.0,60.0,30.000001907348633,119.99999237060547,89.99999046325684,0.0,90.0,0.0,0.0,0.0
,outer1,1,74,bbc6,,,,,,90.0,90.0,0.0,150.0,150.0,30.0,180.0,1.0,0.0,-1.0
,outer1,1,74,bbc6,,,,,,90.0,120.0,30.000001907348633,180.0,149.99999809265137,0.0,150.0,0.0,0.0,0.0
,outer1,1,74,bbc6,,,,,,90.0,150.0,0.0,180.0,180.0,0.0,180.0,1.0,0.0,-1.0
,outer1,1,74,bbc6,,,,,,90.0,180.0,0.0,0.0,0.0,0.0,0.0,1.0,1.0,0.0
,outer1,1,74,bbc6,,,,,,90.0,210.0,0.0,0.0,0.0,0.0,0.0,1.0,1.0,0.0
,outer1,1,74,bbc6,,,,,,90.0,240.0,138.59039306640625,60.000003814697266,-78.59038925170898,-30.0,-90.0,0.0,0.0,0.0
,outer1,1,74,bbc6,,,,,,90.0,270.0,180.0,30.000001907348633,-149.99999809265137,30.0,-180.0,0.0,0.0,0.0
,outer1,1,74,bbc6,,,,,,90.0,300.0,138.59039306640625,180.0,41.40960693359375,-30.0,30.0,0.0,0.0,0.0
,outer1,1,74,bbc6,,,,,,90.0,330.0,180.0,0.0,-180.0,0.0,-180.0,0.0,1.0,1.0
,outer1,1,74,bbc6,,,,,,120.0,0.0,29.99998664855957,29.99998664855957,0.0,0.0,0.0,0.0,0.0,0.0
,outer1,1,74,bbc6,,,,,,120.0,30.0,0.0,0.0,0.0,0.0,0.0,1.0,1.0,0.0
,outer1,1,74,bbc6,,,,,,120.0,60.0,29.99998664855957,0.0,-29.99998664855957,-30.0,0.0,0.0,1.0,1.0
,outer1,1,74,bbc6,,,,,,120.0,90.0,180.0,180.0,0.0,0.0,0.0,0.0,0.0,0.0
,outer1,1,74,bbc6,,,,,,120.0,120.0,130.50535583496094,128.6822052001953,-1.823150634765625,-30.0,0.0,0.0,0.0,0.0
,outer1,1,74,bbc6,,,,,,120.0,150.0,0.0,51.31781005859375,51.31781005859375,0.0,60.0,1.0,0.0,-1.0
,outer1,1,74,bbc6,,,,,,120.0,180.0,29.99998664855957,90.0,60.00001335144043,60.0,0.0,0.0,0.0,0.0
,outer1,1,74,bbc6,,,,,,120.0,210.0,25.905075073242188,0.0,-25.905075073242188,0.0,-30.0,0.0,1.0,1.0
,outer1,1,74,bbc6,,,,,,120.0,240.0,0.0,36.09777069091797,36.09777069091797,30.0,30.0,1.0,0.0,-1.0
,outer1,1,74,bbc6,,,,,,120.0,270.0,0.0,0.0,0.0,0.0,0.0,1.0,1.0,0.0
,outer1,1,74,bbc6,,,,,,120.0,300.0,128.68218994140625,128.68218994140625,0.0,0.0,0.0,0.0,0.0,0.0
,outer1,1,74,bbc6,,,,,,120.0,330.0,0.0,0.0,0.0,0.0,0.0,1.0,1.0,0.0
,outer1,1,74,bbc6,,,,,,150.0,0.0,0.0,0.0,0.0,0.0,0.0,1.0,1.0,0.0
,outer1,1,74,bbc6,,,,,,150.0,30.0,0.0,0.0,0.0,0.0,0.0,1.0,1.0,0.0
,outer1,1,74,bbc6,,,,,,150.0,60.0,0.0,0.0,0.0,0.0,0.0,1.0,1.0,0.0
,outer1,1,74,bbc6,,,,,,150.0,90.0,60.000003814697266,60.000003814697266,0.0,0.0,0.0,0.0,0.0,0.0
,outer1,1,74,bbc6,,,,,,150.0,120.0,151.04498291015625,0.0,-151.04498291015625,-120.0,-120.0,0.0,1.0,1.0
,outer1,1,74,bbc6,,,,,,150.0,150.0,151.04498291015625,0.0,-151.04498291015625,-120.0,-120.0,0.0,1.0,1.0
,outer1,1,74,bbc6,,,,,,150.0,180.0,0.0,0.0,0.0,0.0,0.0,1.0,1.0,0.0
,outer1,1,74,bbc6,,,,,,150.0,210.0,0.0,128.68218994140625,128.68218994140625,120.0,60.0,1.0,0.0,-1.0
,outer1,1,74,bbc6,,,,,,150.0,240.0,0.0,0.0,0.0,0.0,0.0,1.0,1.0,0.0
,outer1,1,74,bbc6,,,,,,150.0,270.0,0.0,0.0,0.0,0.0,0.0,1.0,1.0,0.0
,outer1,1,74,bbc6,,,,,,150.0,300.0,14.870942115783691,0.0,-14.870942115783691,0.0,-30.0,0.0,1.0,1.0
,outer1,1,74,bbc6,,,,,,150.0,330.0,0.0,0.0,0.0,0.0,0.0,1.0,1.0,0.0
,outer1,1,75,b827,,,,,,30.0,0.0,0.0,0.0,0.0,0.0,0.0,1.0,1.0,0.0
,outer1,1,75,b827,,,,,,30.0,30.0,0.0,0.0,0.0,0.0,0.0,1.0,1.0,0.0
,outer1,1,75,b827,,,,,,30.0,60.0,0.0,0.0,0.0,0.0,0.0,1.0,1.0,0.0
,outer1,1,75,b827,,,,,,30.0,90.0,0.0,0.0,0.0,0.0,0.0,1.0,1.0,0.0
,outer1,1,75,b827,,,,,,30.0,120.0,0.0,57.7581901550293,57.7581901550293,0.0,150.0,1.0,0.0,-1.0
,outer1,1,75,b827,,,,,,30.0,150.0,0.0,0.0,0.0,0.0,0.0,1.0,1.0,0.0
,outer1,1,75,b827,,,,,,30.0,180.0,0.0,0.0,0.0,0.0,0.0,1.0,1.0,0.0
,outer1,1,75,b827,,,,,,30.0,210.0,0.0,0.0,0.0,0.0,0.0,1.0,1.0,0.0
,outer1,1,75,b827,,,,,,30.0,240.0,0.0,0.0,0.0,0.0,0.0,1.0,1.0,0.0
,outer1,1,75,b827,,,,,,30.0,270.0,0.0,0.0,0.0,0.0,0.0,1.0,1.0,0.0
,outer1,1,75,b827,,,,,,30.0,300.0,151.04498291015625,165.12905883789062,14.084075927734375,0.0,30.0,0.0,0.0,0.0
,outer1,1,75,b827,,,,,,30.0,330.0,0.0,0.0,0.0,0.0,0.0,1.0,1.0,0.0
,outer1,1,75,b827,,,,,,60.0,0.0,0.0,30.000001907348633,30.000001907348633,30.0,0.0,1.0,0.0,-1.0
,outer1,1,75,b827,,,,,,60.0,30.0,82.81924438476562,51.31782150268555,-31.501422882080078,-60.0,0.0,0.0,0.0,0.0
,outer1,1,75,b827,,,,,,60.0,60.0,0.0,0.0,0.0,0.0,0.0,1.0,1.0,0.0
,outer1,1,75,b827,,,,,,60.0,90.0,0.0,0.0,0.0,0.0,0.0,1.0,1.0,0.0
,outer1,1,75,b827,,,,,,60.0,120.0,0.0,0.0,0.0,0.0,0.0,1.0,1.0,0.0
,outer1,1,75,b827,,,,,,60.0,150.0,0.0,0.0,0.0,0.0,0.0,1.0,1.0,0.0
,outer1,1,75,b827,,,,,,60.0,180.0,0.0,60.000003814697266,60.000003814697266,60.0,0.0,1.0,0.0,-1.0
,outer1,1,75,b827,,,,,,60.0,210.0,51.31781005859375,82.81924438476562,31.501434326171875,60.0,0.0,0.0,0.0,0.0
,outer1,1,75,b827,,,,,,60.0,240.0,0.0,0.0,0.0,0.0,0.0,1.0,1.0,0.0
,outer1,1,75,b827,,,,,,60.0,270.0,0.0,0.0,0.0,0.0,0.0,1.0,1.0,0.0
,outer1,1,75,b827,,,,,,60.0,300.0,0.0,120.00000762939453,120.00000762939453,0.0,180.0,1.0,0.0,-1.0
,outer1,1,75,b827,,,,,,60.0,330.0,120.00000762939453,0.0,-120.00000762939453,0.0,-180.0,0.0,1.0,1.0
,outer1,1,75,b827,,,,,,90.0,0.0,0.0,150.0,150.0,0.0,150.0,1.0,0.0,-1.0
,outer1,1,75,b827,,,,,,90.0,30.0,0.0,180.0,180.0,0.0,180.0,1.0,0.0,-1.0
,outer1,1,75,b827,,,,,,90.0,60.0,60.000003814697266,119.99999237060547,59.9999885559082,0.0,60.0,0.0,0.0,0.0
,outer1,1,75,b827,,,,,,90.0,90.0,0.0,180.0,180.0,0.0,180.0,1.0,0.0,-1.0
,outer1,1,75,b827,,,,,,90.0,120.0,0.0,0.0,0.0,0.0,0.0,1.0,1.0,0.0
,outer1,1,75,b827,,,,,,90.0,150.0,60.000003814697266,60.000003814697266,0.0,0.0,0.0,0.0,0.0,0.0
,outer1,1,75,b827,,,,,,90.0,180.0,180.0,30.000001907348633,-149.99999809265137,0.0,-150.0,0.0,0.0,0.0
,outer1,1,75,b827,,,,,,90.0,210.0,0.0,0.0,0.0,0.0,0.0,1.0,1.0,0.0
,outer1,1,75,b827,,,,,,90.0,240.0,60.000003814697266,60.000003814697266,0.0,0.0,0.0,0.0,0.0,0.0
,outer1,1,75,b827,,,,,,90.0,270.0,0.0,0.0,0.0,0.0,0.0,1.0,1.0,0.0
,outer1,1,75,b827,,,,,,90.0,300.0,0.0,0.0,0.0,0.0,0.0,1.0,1.0,0.0
,outer1,1,75,b827,,,,,,90.0,330.0,120.00000762939453,120.00000762939453,0.0,0.0,0.0,0.0,0.0,0.0
,outer1,1,75,b827,,,,,,120.0,0.0,29.99998664855957,0.0,-29.99998664855957,-30.0,0.0,0.0,1.0,1.0
,outer1,1,75,b827,,,,,,120.0,30.0,120.00000762939453,25.905075073242188,-94.09493255615234,0.0,-150.0,0.0,0.0,0.0
,outer1,1,75,b827,,,,,,120.0,60.0,0.0,0.0,0.0,0.0,0.0,1.0,1.0,0.0
,outer1,1,75,b827,,,,,,120.0,90.0,0.0,0.0,0.0,0.0,0.0,1.0,1.0,0.0
,outer1,1,75,b827,,,,,,120.0,120.0,0.0,0.0,0.0,0.0,0.0,1.0,1.0,0.0
,outer1,1,75,b827,,,,,,120.0,150.0,0.0,0.0,0.0,0.0,0.0,1.0,1.0,0.0
,outer1,1,75,b827,,,,,,120.0,180.0,0.0,0.0,0.0,0.0,0.0,1.0,1.0,0.0
,outer1,1,75,b827,,,,,,120.0,210.0,25.905075073242188,82.81924438476562,56.91416931152344,60.0,30.0,0.0,0.0,0.0
,outer1,1,75,b827,,,,,,120.0,240.0,0.0,60.000003814697266,60.000003814697266,60.0,0.0,1.0,0.0,-1.0
,outer1,1,75,b827,,,,,,120.0,270.0,0.0,0.0,0.0,0.0,0.0,1.0,1.0,0.0
,outer1,1,75,b827,,,,,,120.0,300.0,0.0,66.45188903808594,66.45188903808594,60.0,30.0,1.0,0.0,-1.0
,outer1,1,75,b827,,,,,,120.0,330.0,0.0,0.0,0.0,0.0,0.0,1.0,1.0,0.0
,outer1,1,75,b827,,,,,,150.0,0.0,0.0,0.0,0.0,0.0,0.0,1.0,1.0,0.0
,outer1,1,75,b827,,,,,,150.0,30.0,0.0,0.0,0.0,0.0,0.0,1.0,1.0,0.0
,outer1,1,75,b827,,,,,,150.0,60.0,0.0,0.0,0.0,0.0,0.0,1.0,1.0,0.0
,outer1,1,75,b827,,,,,,150.0,90.0,0.0,0.0,0.0,0.0,0.0,1.0,1.0,0.0
,outer1,1,75,b827,,,,,,150.0,120.0,0.0,0.0,0.0,0.0,0.0,1.0,1.0,0.0
,outer1,1,75,b827,,,,,,150.0,150.0,0.0,0.0,0.0,0.0,0.0,1.0,1.0,0.0
,outer1,1,75,b827,,,,,,150.0,180.0,0.0,0.0,0.0,0.0,0.0,1.0,1.0,0.0
,outer1,1,75,b827,,,,,,150.0,210.0,0.0,60.000003814697266,60.000003814697266,0.0,180.0,1.0,0.0,-1.0
,outer1,1,75,b827,,,,,,150.0,240.0,0.0,120.00000762939453,120.00000762939453,120.0,0.0,1.0,0.0,-1.0
,outer1,1,75,b827,,,,,,150.0,270.0,0.0,0.0,0.0,0.0,0.0,1.0,1.0,0.0
,outer1,1,75,b827,,,,,,150.0,300.0,0.0,0.0,0.0,0.0,0.0,1.0,1.0,0.0
,outer1,1,75,b827,,,,,,150.0,330.0,0.0,0.0,0.0,0.0,0.0,1.0,1.0,0.0
,outer1,1,75,b871,,,,,,30.0,0.0,0.0,0.0,0.0,0.0,0.0,1.0,1.0,0.0
,outer1,1,75,b871,,,,,,30.0,30.0,0.0,0.0,0.0,0.0,0.0,1.0,1.0,0.0
,outer1,1,75,b871,,,,,,30.0,60.0,0.0,0.0,0.0,0.0,0.0,1.0,1.0,0.0
,outer1,1,75,b871,,,,,,30.0,90.0,0.0,0.0,0.0,0.0,0.0,1.0,1.0,0.0
,outer1,1,75,b871,,,,,,30.0,120.0,0.0,0.0,0.0,0.0,0.0,1.0,1.0,0.0
,outer1,1,75,b871,,,,,,30.0,150.0,0.0,0.0,0.0,0.0,0.0,1.0,1.0,0.0
,outer1,1,75,b871,,,,,,30.0,180.0,0.0,0.0,0.0,0.0,0.0,1.0,1.0,0.0
,outer1,1,75,b871,,,,,,30.0,210.0,0.0,0.0,0.0,0.0,0.0,1.0,1.0,0.0
,outer1,1,75,b871,,,,,,30.0,240.0,0.0,0.0,0.0,0.0,0.0,1.0,1.0,0.0
,outer1,1,75,b871,,,,,,30.0,270.0,0.0,0.0,0.0,0.0,0.0,1.0,1.0,0.0
,outer1,1,75,b871,,,,,,30.0,300.0,0.0,0.0,0.0,0.0,0.0,1.0,1.0,0.0
,outer1,1,75,b871,,,,,,30.0,330.0,0.0,0.0,0.0,0.0,0.0,1.0,1.0,0.0
,outer1,1,75,b871,,,,,,60.0,0.0,0.0,30.000001907348633,30.000001907348633,30.0,0.0,1.0,0.0,-1.0
,outer1,1,75,b871,,,,,,60.0,30.0,0.0,0.0,0.0,0.0,0.0,1.0,1.0,0.0
,outer1,1,75,b871,,,,,,60.0,60.0,0.0,0.0,0.0,0.0,0.0,1.0,1.0,0.0
,outer1,1,75,b871,,,,,,60.0,90.0,0.0,0.0,0.0,0.0,0.0,1.0,1.0,0.0
,outer1,1,75,b871,,,,,,60.0,120.0,0.0,128.6822052001953,128.6822052001953,60.0,120.0,1.0,0.0,-1.0
,outer1,1,75,b871,,,,,,60.0,150.0,0.0,0.0,0.0,0.0,0.0,1.0,1.0,0.0
,outer1,1,75,b871,,,,,,60.0,180.0,0.0,90.0,90.0,90.0,0.0,1.0,0.0,-1.0
,outer1,1,75,b871,,,,,,60.0,210.0,25.905075073242188,0.0,-25.905075073242188,0.0,-30.0,0.0,1.0,1.0
,outer1,1,75,b871,,,,,,60.0,240.0,0.0,0.0,0.0,0.0,0.0,1.0,1.0,0.0
,outer1,1,75,b871,,,,,,60.0,270.0,0.0,0.0,0.0,0.0,0.0,1.0,1.0,0.0
,outer1,1,75,b871,,,,,,60.0,300.0,0.0,97.18075561523438,97.18075561523438,0.0,120.0,1.0,0.0,-1.0
,outer1,1,75,b871,,,,,,60.0,330.0,0.0,0.0,0.0,0.0,0.0,1.0,1.0,0.0
,outer1,1,75,b871,,,,,,90.0,0.0,0.0,0.0,0.0,0.0,0.0,1.0,1.0,0.0
,outer1,1,75,b871,,,,,,90.0,30.0,0.0,180.0,180.0,0.0,180.0,1.0,0.0,-1.0
,outer1,1,75,b871,,,,,,90.0,60.0,60.000003814697266,30.000001907348633,-30.000001907348633,0.0,-30.0,0.0,0.0,0.0
,outer1,1,75,b871,,,,,,90.0,90.0,180.0,180.0,0.0,0.0,0.0,0.0,0.0,0.0
,outer1,1,75,b871,,,,,,90.0,120.0,0.0,0.0,0.0,0.0,0.0,1.0,1.0,0.0
,outer1,1,75,b871,,,,,,90.0,150.0,120.00000762939453,0.0,-120.00000762939453,0.0,-120.0,0.0,1.0,1.0
,outer1,1,75,b871,,,,,,90.0,180.0,180.0,180.0,0.0,0.0,0.0,0.0,0.0,0.0
,outer1,1,75,b871,,,,,,90.0,210.0,0.0,0.0,0.0,0.0,0.0,1.0,1.0,0.0
,outer1,1,75,b871,,,,,,90.0,240.0,120.00000762939453,60.000003814697266,-60.000003814697266,0.0,-60.0,0.0,0.0,0.0
,outer1,1,75,b871,,,,,,90.0,270.0,180.0,0.0,-180.0,0.0,-180.0,0.0,1.0,1.0
,outer1,1,75,b871,,,,,,90.0,300.0,0.0,180.0,180.0,0.0,180.0,1.0,0.0,-1.0
,outer1,1,75,b871,,,,,,90.0,330.0,120.00000762939453,60.00000762939453,-60.0,0.0,-60.0,0.0,0.0,0.0
,outer1,1,75,b871,,,,,,120.0,0.0,0.0,29.99998664855957,29.99998664855957,30.0,0.0,1.0,0.0,-1.0
,outer1,1,75,b871,,,,,,120.0,30.0,0.0,0.0,0.0,0.0,0.0,1.0,1.0,0.0
,outer1,1,75,b871,,,,,,120.0,60.0,0.0,0.0,0.0,0.0,0.0,1.0,1.0,0.0
,outer1,1,75,b871,,,,,,120.0,90.0,0.0,0.0,0.0,0.0,0.0,1.0,1.0,0.0
,outer1,1,75,b871,,,,,,120.0,120.0,0.0,0.0,0.0,0.0,0.0,1.0,1.0,0.0
,outer1,1,75,b871,,,,,,120.0,150.0,0.0,0.0,0.0,0.0,0.0,1.0,1.0,0.0
,outer1,1,75,b871,,,,,,120.0,180.0,0.0,0.0,0.0,0.0,0.0,1.0,1.0,0.0
,outer1,1,75,b871,,,,,,120.0,210.0,25.905075073242188,0.0,-25.905075073242188,0.0,-30.0,0.0,1.0,1.0
,outer1,1,75,b871,,,,,,120.0,240.0,0.0,0.0,0.0,0.0,0.0,1.0,1.0,0.0
,outer1,1,75,b871,,,,,,120.0,270.0,0.0,0.0,0.0,0.0,0.0,1.0,1.0,0.0
,outer1,1,75,b871,,,,,,120.0,300.0,0.0,0.0,0.0,0.0,0.0,1.0,1.0,0.0
,outer1,1,75,b871,,,,,,120.0,330.0,0.0,0.0,0.0,0.0,0.0,1.0,1.0,0.0
,outer1,1,75,b871,,,,,,150.0,0.0,0.0,0.0,0.0,0.0,0.0,1.0,1.0,0.0
,outer1,1,75,b871,,,,,,150.0,30.0,0.0,0.0,0.0,0.0,0.0,1.0,1.0,0.0
,outer1,1,75,b871,,,,,,150.0,60.0,0.0,0.0,0.0,0.0,0.0,1.0,1.0,0.0
,outer1,1,75,b871,,,,,,150.0,90.0,0.0,0.0,0.0,0.0,0.0,1.0,1.0,0.0
,outer1,1,75,b871,,,,,,150.0,120.0,0.0,0.0,0.0,0.0,0.0,1.0,1.0,0.0
,outer1,1,75,b871,,,,,,150.0,150.0,0.0,0.0,0.0,0.0,0.0,1.0,1.0,0.0
,outer1,1,75,b871,,,,,,150.0,180.0,0.0,0.0,0.0,0.0,0.0,1.0,1.0,0.0
,outer1,1,75,b871,,,,,,150.0,210.0,0.0,0.0,0.0,0.0,0.0,1.0,1.0,0.0
,outer1,1,75,b871,,,,,,150.0,240.0,0.0,0.0,0.0,0.0,0.0,1.0,1.0,0.0
,outer1,1,75,b871,,,,,,150.0,270.0,0.0,0.0,0.0,0.0,0.0,1.0,1.0,0.0
,outer1,1,75,b871,,,,,,150.0,300.0,0.0,0.0,0.0,0.0,0.0,1.0,1.0,0.0
,outer1,1,75,b871,,,,,,150.0,330.0,0.0,0.0,0.0,0.0,0.0,1.0,1.0,0.0
,outer1,1,75,b905,,,,,,30.0,0.0,0.0,0.0,0.0,0.0,0.0,1.0,1.0,0.0
,outer1,1,75,b905,,,,,,30.0,30.0,0.0,0.0,0.0,0.0,0.0,1.0,1.0,0.0
,outer1,1,75,b905,,,,,,30.0,60.0,0.0,0.0,0.0,0.0,0.0,1.0,1.0,0.0
,outer1,1,75,b905,,,,,,30.0,90.0,0.0,0.0,0.0,0.0,0.0,1.0,1.0,0.0
,outer1,1,75,b905,,,,,,30.0,120.0,0.0,0.0,0.0,0.0,0.0,1.0,1.0,0.0
,outer1,1,75,b905,,,,,,30.0,150.0,0.0,0.0,0.0,0.0,0.0,1.0,1.0,0.0
,outer1,1,75,b905,,,,,,30.0,180.0,0.0,0.0,0.0,0.0,0.0,1.0,1.0,0.0
,outer1,1,75,b905,,,,,,30.0,210.0,0.0,0.0,0.0,0.0,0.0,1.0,1.0,0.0
,outer1,1,75,b905,,,,,,30.0,240.0,0.0,0.0,0.0,0.0,0.0,1.0,1.0,0.0
,outer1,1,75,b905,,,,,,30.0,270.0,0.0,0.0,0.0,0.0,0.0,1.0,1.0,0.0
,outer1,1,75,b905,,,,,,30.0,300.0,0.0,0.0,0.0,0.0,0.0,1.0,1.0,0.0
,outer1,1,75,b905,,,,,,30.0,330.0,0.0,0.0,0.0,0.0,0.0,1.0,1.0,0.0
,outer1,1,75,b905,,,,,,60.0,0.0,0.0,0.0,0.0,0.0,0.0,1.0,1.0,0.0
,outer1,1,75,b905,,,,,,60.0,30.0,0.0,66.45188903808594,66.45188903808594,60.0,30.0,1.0,0.0,-1.0
,outer1,1,75,b905,,,,,,60.0,60.0,0.0,0.0,0.0,0.0,0.0,1.0,1.0,0.0
,outer1,1,75,b905,,,,,,60.0,90.0,0.0,0.0,0.0,0.0,0.0,1.0,1.0,0.0
,outer1,1,75,b905,,,,,,60.0,120.0,0.0,0.0,0.0,0.0,0.0,1.0,1.0,0.0
,outer1,1,75,b905,,,,,,60.0,150.0,0.0,0.0,0.0,0.0,0.0,1.0,1.0,0.0
,outer1,1,75,b905,,,,,,60.0,180.0,0.0,0.0,0.0,0.0,0.0,1.0,1.0,0.0
,outer1,1,75,b905,,,,,,60.0,210.0,0.0,0.0,0.0,0.0,0.0,1.0,1.0,0.0
,outer1,1,75,b905,,,,,,60.0,240.0,0.0,0.0,0.0,0.0,0.0,1.0,1.0,0.0
,outer1,1,75,b905,,,,,,60.0,270.0,0.0,0.0,0.0,0.0,0.0,1.0,1.0,0.0
,outer1,1,75,b905,,,,,,60.0,300.0,0.0,0.0,0.0,0.0,0.0,1.0,1.0,0.0
,outer1,1,75,b905,,,,,,60.0,330.0,0.0,0.0,0.0,0.0,0.0,1.0,1.0,0.0
,outer1,1,75,b905,,,,,,90.0,0.0,0.0,180.0,180.0,0.0,180.0,1.0,0.0,-1.0
,outer1,1,75,b905,,,,,,90.0,30.0,120.00000762939453,60.00000762939453,-60.0,0.0,-60.0,0.0,0.0,0.0
,outer1,1,75,b905,,,,,,90.0,60.0,0.0,0.0,0.0,0.0,0.0,1.0,1.0,0.0
,outer1,1,75,b905,,,,,,90.0,90.0,0.0,0.0,0.0,0.0,0.0,1.0,1.0,0.0
,outer1,1,75,b905,,,,,,90.0,120.0,60.000003814697266,120.00000762939453,60.000003814697266,0.0,60.0,0.0,0.0,0.0
,outer1,1,75,b905,,,,,,90.0,150.0,180.0,0.0,-180.0,0.0,-180.0,0.0,1.0,1.0
,outer1,1,75,b905,,,,,,90.0,180.0,180.0,180.0,0.0,0.0,0.0,0.0,0.0,0.0
,outer1,1,75,b905,,,,,,90.0,210.0,60.000003814697266,120.00000762939453,60.000003814697266,0.0,60.0,0.0,0.0,0.0
,outer1,1,75,b905,,,,,,90.0,240.0,0.0,0.0,0.0,0.0,0.0,1.0,1.0,0.0
,outer1,1,75,b905,,,,,,90.0,270.0,0.0,0.0,0.0,0.0,0.0,1.0,1.0,0.0
,outer1,1,75,b905,,,,,,90.0,300.0,60.000003814697266,60.000003814697266,0.0,0.0,0.0,0.0,0.0,0.0
,outer1,1,75,b905,,,,,,90.0,330.0,0.0,180.0,180.0,0.0,180.0,1.0,0.0,-1.0
,outer1,1,75,b905,,,,,,120.0,0.0,0.0,0.0,0.0,0.0,0.0,1.0,1.0,0.0
,outer1,1,75,b905,,,,,,120.0,30.0,0.0,60.000003814697266,60.000003814697266,60.0,0.0,1.0,0.0,-1.0
,outer1,1,75,b905,,,,,,120.0,60.0,0.0,0.0,0.0,0.0,0.0,1.0,1.0,0.0
,outer1,1,75,b905,,,,,,120.0,90.0,0.0,0.0,0.0,0.0,0.0,1.0,1.0,0.0
,outer1,1,75,b905,,,,,,120.0,120.0,0.0,0.0,0.0,0.0,0.0,1.0,1.0,0.0
,outer1,1,75,b905,,,,,,120.0,150.0,0.0,0.0,0.0,0.0,0.0,1.0,1.0,0.0
,outer1,1,75,b905,,,,,,120.0,180.0,0.0,0.0,0.0,0.0,0.0,1.0,1.0,0.0
,outer1,1,75,b905,,,,,,120.0,210.0,0.0,66.45188903808594,66.45188903808594,60.0,30.0,1.0,0.0,-1.0
,outer1,1,75,b905,,,,,,120.0,240.0,66.45188903808594,128.6822052001953,62.230316162109375,0.0,90.0,0.0,0.0,0.0
,outer1,1,75,b905,,,,,,120.0,270.0,0.0,0.0,0.0,0.0,0.0,1.0,1.0,0.0
,outer1,1,75,b905,,,,,,120.0,300.0,0.0,0.0,0.0,0.0,0.0,1.0,1.0,0.0
,outer1,1,75,b905,,,,,,120.0,330.0,0.0,0.0,0.0,0.0,0.0,1.0,1.0,0.0
,outer1,1,75,b905,,,,,,150.0,0.0,0.0,0.0,0.0,0.0,0.0,1.0,1.0,0.0
,outer1,1,75,b905,,,,,,150.0,30.0,0.0,0.0,0.0,0.0,0.0,1.0,1.0,0.0
,outer1,1,75,b905,,,,,,150.0,60.0,0.0,0.0,0.0,0.0,0.0,1.0,1.0,0.0
,outer1,1,75,b905,,,,,,150.0,90.0,0.0,0.0,0.0,0.0,0.0,1.0,1.0,0.0
,outer1,1,75,b905,,,,,,150.0,120.0,0.0,0.0,0.0,0.0,0.0,1.0,1.0,0.0
,outer1,1,75,b905,,,,,,150.0,150.0,0.0,0.0,0.0,0.0,0.0,1.0,1.0,0.0
,outer1,1,75,b905,,,,,,150.0,180.0,0.0,0.0,0.0,0.0,0.0,1.0,1.0,0.0
,outer1,1,75,b905,,,,,,150.0,210.0,0.0,0.0,0.0,0.0,0.0,1.0,1.0,0.0
,outer1,1,75,b905,,,,,,150.0,240.0,0.0,0.0,0.0,0.0,0.0,1.0,1.0,0.0
,outer1,1,75,b905,,,,,,150.0,270.0,0.0,0.0,0.0,0.0,0.0,1.0,1.0,0.0
,outer1,1,75,b905,,,,,,150.0,300.0,0.0,0.0,0.0,0.0,0.0,1.0,1.0,0.0
,outer1,1,75,b905,,,,,,150.0,330.0,0.0,0.0,0.0,0.0,0.0,1.0,1.0,0.0
,outer1,1,75,bb7d,,,,,,30.0,0.0,60.000003814697266,60.000003814697266,0.0,0.0,0.0,0.0,0.0,0.0
,outer1,1,75,bb7d,,,,,,30.0,30.0,0.0,14.870942115783691,14.870942115783691,0.0,30.0,1.0,0.0,-1.0
,outer1,1,75,bb7d,,,,,,30.0,60.0,165.12905883789062,128.68218994140625,-36.446868896484375,0.0,-90.0,0.0,0.0,0.0
,outer1,1,75,bb7d,,,,,,30.0,90.0,180.0,60.000003814697266,-119.99999618530273,-120.0,0.0,0.0,0.0,0.0
,outer1,1,75,bb7d,,,,,,30.0,120.0,28.95502281188965,60.000003814697266,31.044981002807617,0.0,120.0,0.0,0.0,0.0
,outer1,1,75,bb7d,,,,,,30.0,150.0,151.04498291015625,122.24180603027344,-28.803176879882812,0.0,-90.0,0.0,0.0,0.0
,outer1,1,75,bb7d,,,,,,30.0,180.0,120.00000762939453,120.00000762939453,0.0,0.0,0.0,0.0,0.0,0.0
,outer1,1,75,bb7d,,,,,,30.0,210.0,60.000003814697266,128.68218994140625,68.68218612670898,120.0,-120.0,0.0,0.0,0.0
,outer1,1,75,bb7d,,,,,,30.0,240.0,180.0,28.95502281188965,-151.04497718811035,-120.0,-120.0,0.0,0.0,0.0
,outer1,1,75,bb7d,,,,,,30.0,270.0,0.0,0.0,0.0,0.0,0.0,1.0,1.0,0.0
,outer1,1,75,bb7d,,,,,,30.0,300.0,0.0,14.870942115783691,14.870942115783691,0.0,30.0,1.0,0.0,-1.0
,outer1,1,75,bb7d,,,,,,30.0,330.0,128.68218994140625,151.04498291015625,22.36279296875,0.0,60.0,0.0,0.0,0.0
,outer1,1,75,bb7d,,,,,,60.0,0.0,180.0,90.0,-90.0,-30.0,0.0,0.0,0.0,0.0
,outer1,1,75,bb7d,,,,,,60.0,30.0,0.0,82.81924438476562,82.81924438476562,60.0,60.0,1.0,0.0,-1.0
,outer1,1,75,bb7d,,,,,,60.0,60.0,66.45188903808594,154.0949249267578,87.64303588867188,0.0,120.0,0.0,0.0,0.0
,outer1,1,75,bb7d,,,,,,60.0,90.0,150.0,180.0,30.0,30.0,0.0,0.0,0.0,0.0
,outer1,1,75,bb7d,,,,,,60.0,120.0,93.32574462890625,60.000003814697266,-33.325740814208984,-30.0,-30.0,0.0,0.0,0.0
,outer1,1,75,bb7d,,,,,,60.0,150.0,60.000003814697266,128.6822052001953,68.68220138549805,0.0,120.0,0.0,0.0,0.0
,outer1,1,75,bb7d,,,,,,60.0,180.0,60.000003814697266,60.000003814697266,0.0,0.0,0.0,0.0,0.0,0.0
,outer1,1,75,bb7d,,,,,,60.0,210.0,120.00000762939453,120.00000762939453,0.0,0.0,0.0,0.0,0.0,0.0
,outer1,1,75,bb7d,,,,,,60.0,240.0,113.5481185913086,154.09490966796875,40.546791076660156,60.0,0.0,0.0,0.0,0.0
,outer1,1,75,bb7d,,,,,,60.0,270.0,0.0,120.00000762939453,120.00000762939453,0.0,180.0,1.0,0.0,-1.0
,outer1,1,75,bb7d,,,,,,60.0,300.0,143.9022216796875,51.31781005859375,-92.58441162109375,-90.0,-90.0,0.0,0.0,0.0
,outer1,1,75,bb7d,,,,,,60.0,330.0,180.0,82.81924438476562,-97.18075561523438,0.0,-120.0,0.0,0.0,0.0
,outer1,1,75,bb7d,,,,,,90.0,0.0,119.99999237060547,115.65889739990234,-4.341094970703125,30.0,0.0,0.0,0.0,0.0
,outer1,1,75,bb7d,,,,,,90.0,30.0,90.0,115.65889739990234,25.658897399902344,0.0,30.0,0.0,0.0,0.0
,outer1,1,75,bb7d,,,,,,90.0,60.0,138.59039306640625,41.40962219238281,-97.18077087402344,0.0,-120.0,0.0,0.0,0.0
,outer1,1,75,bb7d,,,,,,90.0,90.0,180.0,0.0,-180.0,0.0,-180.0,0.0,1.0,1.0
,outer1,1,75,bb7d,,,,,,90.0,120.0,138.59039306640625,138.59039306640625,0.0,0.0,0.0,0.0,0.0,0.0
,outer1,1,75,bb7d,,,,,,90.0,150.0,90.0,115.6589126586914,25.658912658691406,0.0,30.0,0.0,0.0,0.0
,outer1,1,75,bb7d,,,,,,90.0,180.0,60.000003814697266,64.34109497070312,4.341091156005859,30.0,0.0,0.0,0.0,0.0
,outer1,1,75,bb7d,,,,,,90.0,210.0,90.0,64.34109497070312,-25.658905029296875,0.0,-30.0,0.0,0.0,0.0
,outer1,1,75,bb7d,,,,,,90.0,240.0,41.40962219238281,138.59039306640625,97.18077087402344,0.0,120.0,0.0,0.0,0.0
,outer1,1,75,bb7d,,,,,,90.0,270.0,0.0,180.0,180.0,0.0,180.0,1.0,0.0,-1.0
,outer1,1,75,bb7d,,,,,,90.0,300.0,41.40962219238281,41.40962219238281,0.0,0.0,0.0,0.0,0.0,0.0
,outer1,1,75,bb7d,,,,,,90.0,330.0,90.0,64.34109497070312,-25.658905029296875,0.0,-30.0,0.0,0.0,0.0
,outer1,1,75,bb7d,,,,,,120.0,0.0,120.00000762939453,120.00000762939453,0.0,0.0,0.0,0.0,0.0,0.0
,outer1,1,75,bb7d,,,,,,120.0,30.0,82.81924438476562,51.31781005859375,-31.501434326171875,-60.0,0.0,0.0,0.0,0.0
,outer1,1,75,bb7d,,,,,,120.0,60.0,36.09777069091797,82.81924438476562,46.721473693847656,30.0,30.0,0.0,0.0,0.0
,outer1,1,75,bb7d,,,,,,120.0,90.0,180.0,180.0,0.0,0.0,0.0,0.0,0.0,0.0
,outer1,1,75,bb7d,,,,,,120.0,120.0,93.32575225830078,66.45188903808594,-26.873863220214844,-30.0,0.0,0.0,0.0,0.0
,outer1,1,75,bb7d,,,,,,120.0,150.0,128.6822052001953,128.6822052001953,0.0,0.0,0.0,0.0,0.0,0.0
,outer1,1,75,bb7d,,,,,,120.0,180.0,0.0,90.0,90.0,90.0,0.0,1.0,0.0,-1.0
,outer1,1,75,bb7d,,,,,,120.0,210.0,51.31781005859375,60.000003814697266,8.682193756103516,60.0,-60.0,0.0,0.0,0.0
,outer1,1,75,bb7d,,,,,,120.0,240.0,86.67424774169922,97.18075561523438,10.506507873535156,-30.0,-30.0,0.0,0.0,0.0
,outer1,1,75,bb7d,,,,,,120.0,270.0,30.000001907348633,60.000003814697266,30.000001907348633,30.0,0.0,0.0,0.0,0.0
,outer1,1,75,bb7d,,,,,,120.0,300.0,25.905075073242188,25.905075073242188,0.0,0.0,0.0,0.0,0.0,0.0
,outer1,1,75,bb7d,,,,,,120.0,330.0,82.81924438476562,82.81924438476562,0.0,0.0,0.0,0.0,0.0,0.0
,outer1,1,75,bb7d,,,,,,150.0,0.0,90.0,180.0,90.0,90.0,0.0,0.0,0.0,0.0
,outer1,1,75,bb7d,,,,,,150.0,30.0,0.0,57.7581901550293,57.7581901550293,0.0,150.0,1.0,0.0,-1.0
,outer1,1,75,bb7d,,,,,,150.0,60.0,151.04498291015625,128.68218994140625,-22.36279296875,0.0,-60.0,0.0,0.0,0.0
,outer1,1,75,bb7d,,,,,,150.0,90.0,120.00000762939453,120.00000762939453,0.0,0.0,0.0,0.0,0.0,0.0
,outer1,1,75,bb7d,,,,,,150.0,120.0,128.68218994140625,128.68218994140625,0.0,0.0,0.0,0.0,0.0,0.0
,outer1,1,75,bb7d,,,,,,150.0,150.0,151.04498291015625,151.04498291015625,0.0,0.0,0.0,0.0,0.0,0.0
,outer1,1,75,bb7d,,,,,,150.0,180.0,90.0,120.00000762939453,30.00000762939453,30.0,0.0,0.0,0.0,0.0
,outer1,1,75,bb7d,,,,,,150.0,210.0,60.000003814697266,128.68218994140625,68.68218612670898,120.0,-120.0,0.0,0.0,0.0
,outer1,1,75,bb7d,,,,,,150.0,240.0,180.0,128.68218994140625,-51.31781005859375,0.0,-120.0,0.0,0.0,0.0
,outer1,1,75,bb7d,,,,,,150.0,270.0,0.0,120.00000762939453,120.00000762939453,120.0,0.0,1.0,0.0,-1.0
,outer1,1,75,bb7d,,,,,,150.0,300.0,14.870942115783691,0.0,-14.870942115783691,0.0,-30.0,0.0,1.0,1.0
,outer1,1,75,bb7d,,,,,,150.0,330.0,128.68218994140625,151.04498291015625,22.36279296875,0.0,60.0,0.0,0.0,0.0
,outer1,1,75,bbc6,,,,,,30.0,0.0,0.0,0.0,0.0,0.0,0.0,1.0,1.0,0.0
,outer1,1,75,bbc6,,,,,,30.0,30.0,0.0,0.0,0.0,0.0,0.0,1.0,1.0,0.0
,outer1,1,75,bbc6,,,,,,30.0,60.0,0.0,151.04498291015625,151.04498291015625,120.0,120.0,1.0,0.0,-1.0
,outer1,1,75,bbc6,,,,,,30.0,90.0,180.0,0.0,-180.0,-120.0,-180.0,0.0,1.0,1.0
,outer1,1,75,bbc6,,,,,,30.0,120.0,151.04498291015625,51.31781005859375,-99.7271728515625,-120.0,0.0,0.0,0.0,0.0
,outer1,1,75,bbc6,,,,,,30.0,150.0,0.0,0.0,0.0,0.0,0.0,1.0,1.0,0.0
,outer1,1,75,bbc6,,,,,,30.0,180.0,0.0,0.0,0.0,0.0,0.0,1.0,1.0,0.0
,outer1,1,75,bbc6,,,,,,30.0,210.0,51.31781005859375,128.68218994140625,77.3643798828125,120.0,-60.0,0.0,0.0,0.0
,outer1,1,75,bbc6,,,,,,30.0,240.0,0.0,0.0,0.0,0.0,0.0,1.0,1.0,0.0
,outer1,1,75,bbc6,,,,,,30.0,270.0,0.0,0.0,0.0,0.0,0.0,1.0,1.0,0.0
,outer1,1,75,bbc6,,,,,,30.0,300.0,151.04498291015625,14.870942115783691,-136.17404079437256,-120.0,-90.0,0.0,0.0,0.0
,outer1,1,75,bbc6,,,,,,30.0,330.0,0.0,0.0,0.0,0.0,0.0,1.0,1.0,0.0
,outer1,1,75,bbc6,,,,,,60.0,0.0,30.000001907348633,30.000001907348633,0.0,0.0,0.0,0.0,0.0,0.0
,outer1,1,75,bbc6,,,,,,60.0,30.0,0.0,0.0,0.0,0.0,0.0,1.0,1.0,0.0
,outer1,1,75,bbc6,,,,,,60.0,60.0,30.000001907348633,0.0,-30.000001907348633,-30.0,0.0,0.0,1.0,1.0
,outer1,1,75,bbc6,,,,,,60.0,90.0,180.0,180.0,0.0,0.0,0.0,0.0,0.0,0.0
,outer1,1,75,bbc6,,,,,,60.0,120.0,130.50535583496094,128.6822052001953,-1.823150634765625,-30.0,0.0,0.0,0.0,0.0
,outer1,1,75,bbc6,,,,,,60.0,150.0,0.0,60.000003814697266,60.000003814697266,60.0,0.0,1.0,0.0,-1.0
,outer1,1,75,bbc6,,,,,,60.0,180.0,90.0,90.0,0.0,60.0,-180.0,0.0,0.0,0.0
,outer1,1,75,bbc6,,,,,,60.0,210.0,0.0,82.81924438476562,82.81924438476562,60.0,60.0,1.0,0.0,-1.0
,outer1,1,75,bbc6,,,,,,60.0,240.0,25.905075073242188,0.0,-25.905075073242188,0.0,-30.0,0.0,1.0,1.0
,outer1,1,75,bbc6,,,,,,60.0,270.0,0.0,0.0,0.0,0.0,0.0,1.0,1.0,0.0
,outer1,1,75,bbc6,,,,,,60.0,300.0,97.18075561523438,97.18075561523438,0.0,0.0,0.0,0.0,0.0,0.0
,outer1,1,75,bbc6,,,,,,60.0,330.0,0.0,120.00000762939453,120.00000762939453,0.0,180.0,1.0,0.0,-1.0
,outer1,1,75,bbc6,,,,,,90.0,0.0,180.0,180.0,0.0,0.0,0.0,0.0,0.0,0.0
,outer1,1,75,bbc6,,,,,,90.0,30.0,180.0,120.00000762939453,-59.99999237060547,0.0,-60.0,0.0,0.0,0.0
,outer1,1,75,bbc6,,,,,,90.0,60.0,119.99999237060547,138.59039306640625,18.59040069580078,30.0,30.0,0.0,0.0,0.0
,outer1,1,75,bbc6,,,,,,90.0,90.0,0.0,180.0,180.0,0.0,180.0,1.0,0.0,-1.0
,outer1,1,75,bbc6,,,,,,90.0,120.0,30.000001907348633,180.0,149.99999809265137,0.0,150.0,0.0,0.0,0.0
,outer1,1,75,bbc6,,,,,,90.0,150.0,180.0,0.0,-180.0,0.0,-180.0,0.0,1.0,1.0
,outer1,1,75,bbc6,,,,,,90.0,180.0,180.0,0.0,-180.0,0.0,-180.0,0.0,1.0,1.0
,outer1,1,75,bbc6,,,,,,90.0,210.0,0.0,0.0,0.0,0.0,0.0,1.0,1.0,0.0
,outer1,1,75,bbc6,,,,,,90.0,240.0,30.000001907348633,30.000001907348633,0.0,0.0,0.0,0.0,0.0,0.0
,outer1,1,75,bbc6,,,,,,90.0,270.0,180.0,0.0,-180.0,0.0,-180.0,0.0,1.0,1.0
,outer1,1,75,bbc6,,,,,,90.0,300.0,150.0,0.0,-150.0,0.0,-150.0,0.0,1.0,1.0
,outer1,1,75,bbc6,,,,,,90.0,330.0,0.0,180.0,180.0,0.0,180.0,1.0,0.0,-1.0
,outer1,1,75,bbc6,,,,,,120.0,0.0,29.99998664855957,29.99998664855957,0.0,0.0,0.0,0.0,0.0,0.0
,outer1,1,75,bbc6,,,,,,120.0,30.0,0.0,0.0,0.0,0.0,0.0,1.0,1.0,0.0
,outer1,1,75,bbc6,,,,,,120.0,60.0,0.0,0.0,0.0,0.0,0.0,1.0,1.0,0.0
,outer1,1,75,bbc6,,,,,,120.0,90.0,180.0,180.0,0.0,0.0,0.0,0.0,0.0,0.0
,outer1,1,75,bbc6,,,,,,120.0,120.0,128.6822052001953,128.6822052001953,0.0,0.0,0.0,0.0,0.0,0.0
,outer1,1,75,bbc6,,,,,,120.0,150.0,60.000003814697266,82.81924438476562,22.81924057006836,0.0,60.0,0.0,0.0,0.0
,outer1,1,75,bbc6,,,,,,120.0,180.0,90.0,29.99998664855957,-60.00001335144043,-60.0,0.0,0.0,0.0,0.0
,outer1,1,75,bbc6,,,,,,120.0,210.0,82.81924438476562,82.81924438476562,0.0,0.0,0.0,0.0,0.0,0.0
,outer1,1,75,bbc6,,,,,,120.0,240.0,29.99998664855957,25.905075073242188,-4.094911575317383,-30.0,30.0,0.0,0.0,0.0
,outer1,1,75,bbc6,,,,,,120.0,270.0,0.0,0.0,0.0,0.0,0.0,1.0,1.0,0.0
,outer1,1,75,bbc6,,,,,,120.0,300.0,128.68218994140625,128.68218994140625,0.0,0.0,0.0,0.0,0.0,0.0
,outer1,1,75,bbc6,,,,,,120.0,330.0,0.0,0.0,0.0,0.0,0.0,1.0,1.0,0.0
,outer1,1,75,bbc6,,,,,,150.0,0.0,0.0,0.0,0.0,0.0,0.0,1.0,1.0,0.0
,outer1,1,75,bbc6,,,,,,150.0,30.0,0.0,0.0,0.0,0.0,0.0,1.0,1.0,0.0
,outer1,1,75,bbc6,,,,,,150.0,60.0,0.0,60.000003814697266,60.000003814697266,0.0,180.0,1.0,0.0,-1.0
,outer1,1,75,bbc6,,,,,,150.0,90.0,180.0,57.7581901550293,-122.2418098449707,-120.0,-30.0,0.0,0.0,0.0
,outer1,1,75,bbc6,,,,,,150.0,120.0,151.04498291015625,0.0,-151.04498291015625,-120.0,-120.0,0.0,1.0,1.0
,outer1,1,75,bbc6,,,,,,150.0,150.0,0.0,0.0,0.0,0.0,0.0,1.0,1.0,0.0
,outer1,1,75,bbc6,,,,,,150.0,180.0,0.0,0.0,0.0,0.0,0.0,1.0,1.0,0.0
,outer1,1,75,bbc6,,,,,,150.0,210.0,14.870942115783691,128.68218994140625,113.81124782562256,120.0,30.0,0.0,0.0,0.0
,outer1,1,75,bbc6,,,,,,150.0,240.0,0.0,57.7581901550293,57.7581901550293,0.0,150.0,1.0,0.0,-1.0
,outer1,1,75,bbc6,,,,,,150.0,270.0,0.0,0.0,0.0,0.0,0.0,1.0,1.0,0.0
,outer1,1,75,bbc6,,,,,,150.0,300.0,120.00000762939453,0.0,-120.00000762939453,-120.0,0.0,0.0,1.0,1.0
,outer1,1,75,bbc6,,,,,,150.0,330.0,0.0,0.0,0.0,0.0,0.0,1.0,1.0,0.0
,outer1,1,76,b827,,,,,,30.0,0.0,0.0,0.0,0.0,0.0,0.0,1.0,1.0,0.0
,outer1,1,76,b827,,,,,,30.0,30.0,0.0,0.0,0.0,0.0,0.0,1.0,1.0,0.0
,outer1,1,76,b827,,,,,,30.0,60.0,0.0,0.0,0.0,0.0,0.0,1.0,1.0,0.0
,outer1,1,76,b827,,,,,,30.0,90.0,0.0,0.0,0.0,0.0,0.0,1.0,1.0,0.0
,outer1,1,76,b827,,,,,,30.0,120.0,0.0,0.0,0.0,0.0,0.0,1.0,1.0,0.0
,outer1,1,76,b827,,,,,,30.0,150.0,0.0,0.0,0.0,0.0,0.0,1.0,1.0,0.0
,outer1,1,76,b827,,,,,,30.0,180.0,0.0,0.0,0.0,0.0,0.0,1.0,1.0,0.0
,outer1,1,76,b827,,,,,,30.0,210.0,0.0,60.000003814697266,60.000003814697266,0.0,180.0,1.0,0.0,-1.0
,outer1,1,76,b827,,,,,,30.0,240.0,0.0,0.0,0.0,0.0,0.0,1.0,1.0,0.0
,outer1,1,76,b827,,,,,,30.0,270.0,0.0,0.0,0.0,0.0,0.0,1.0,1.0,0.0
,outer1,1,76,b827,,,,,,30.0,300.0,0.0,151.04498291015625,151.04498291015625,120.0,120.0,1.0,0.0,-1.0
,outer1,1,76,b827,,,,,,30.0,330.0,0.0,0.0,0.0,0.0,0.0,1.0,1.0,0.0
,outer1,1,76,b827,,,,,,60.0,0.0,0.0,30.000001907348633,30.000001907348633,30.0,0.0,1.0,0.0,-1.0
,outer1,1,76,b827,,,,,,60.0,30.0,0.0,25.905075073242188,25.905075073242188,0.0,30.0,1.0,0.0,-1.0
,outer1,1,76,b827,,,,,,60.0,60.0,0.0,51.31781005859375,51.31781005859375,0.0,60.0,1.0,0.0,-1.0
,outer1,1,76,b827,,,,,,60.0,90.0,0.0,0.0,0.0,0.0,0.0,1.0,1.0,0.0
,outer1,1,76,b827,,,,,,60.0,120.0,0.0,0.0,0.0,0.0,0.0,1.0,1.0,0.0
,outer1,1,76,b827,,,,,,60.0,150.0,0.0,0.0,0.0,0.0,0.0,1.0,1.0,0.0
,outer1,1,76,b827,,,,,,60.0,180.0,0.0,30.000001907348633,30.000001907348633,30.0,0.0,1.0,0.0,-1.0
,outer1,1,76,b827,,,,,,60.0,210.0,51.31781005859375,51.31781005859375,0.0,0.0,0.0,0.0,0.0,0.0
,outer1,1,76,b827,,,,,,60.0,240.0,25.905075073242188,0.0,-25.905075073242188,0.0,-30.0,0.0,1.0,1.0
,outer1,1,76,b827,,,,,,60.0,270.0,0.0,0.0,0.0,0.0,0.0,1.0,1.0,0.0
,outer1,1,76,b827,,,,,,60.0,300.0,0.0,128.68218994140625,128.68218994140625,60.0,120.0,1.0,0.0,-1.0
,outer1,1,76,b827,,,,,,60.0,330.0,0.0,0.0,0.0,0.0,0.0,1.0,1.0,0.0
,outer1,1,76,b827,,,,,,90.0,0.0,180.0,30.00000762939453,-149.99999237060547,0.0,-150.0,0.0,0.0,0.0
,outer1,1,76,b827,,,,,,90.0,30.0,180.0,180.0,0.0,0.0,0.0,0.0,0.0,0.0
,outer1,1,76,b827,,,,,,90.0,60.0,119.99999237060547,180.0,60.00000762939453,0.0,60.0,0.0,0.0,0.0
,outer1,1,76,b827,,,,,,90.0,90.0,0.0,180.0,180.0,0.0,180.0,1.0,0.0,-1.0
,outer1,1,76,b827,,,,,,90.0,120.0,0.0,180.0,180.0,0.0,180.0,1.0,0.0,-1.0
,outer1,1,76,b827,,,,,,90.0,150.0,120.00000762939453,60.000003814697266,-60.000003814697266,0.0,-60.0,0.0,0.0,0.0
,outer1,1,76,b827,,,,,,90.0,180.0,0.0,150.0,150.0,0.0,150.0,1.0,0.0,-1.0
,outer1,1,76,b827,,,,,,90.0,210.0,0.0,0.0,0.0,0.0,0.0,1.0,1.0,0.0
,outer1,1,76,b827,,,,,,90.0,240.0,60.000003814697266,60.000003814697266,0.0,0.0,0.0,0.0,0.0,0.0
,outer1,1,76,b827,,,,,,90.0,270.0,0.0,0.0,0.0,0.0,0.0,1.0,1.0,0.0
,outer1,1,76,b827,,,,,,90.0,300.0,0.0,0.0,0.0,0.0,0.0,1.0,1.0,0.0
,outer1,1,76,b827,,,,,,90.0,330.0,180.0,120.00000762939453,-59.99999237060547,0.0,-60.0,0.0,0.0,0.0
,outer1,1,76,b827,,,,,,120.0,0.0,29.99998664855957,0.0,-29.99998664855957,-30.0,0.0,0.0,1.0,1.0
,outer1,1,76,b827,,,,,,120.0,30.0,0.0,25.905075073242188,25.905075073242188,0.0,30.0,1.0,0.0,-1.0
,outer1,1,76,b827,,,,,,120.0,60.0,0.0,25.905075073242188,25.905075073242188,0.0,30.0,1.0,0.0,-1.0
,outer1,1,76,b827,,,,,,120.0,90.0,0.0,0.0,0.0,0.0,0.0,1.0,1.0,0.0
,outer1,1,76,b827,,,,,,120.0,120.0,0.0,0.0,0.0,0.0,0.0,1.0,1.0,0.0
,outer1,1,76,b827,,,,,,120.0,150.0,0.0,0.0,0.0,0.0,0.0,1.0,1.0,0.0
,outer1,1,76,b827,,,,,,120.0,180.0,0.0,29.99998664855957,29.99998664855957,30.0,0.0,1.0,0.0,-1.0
,outer1,1,76,b827,,,,,,120.0,210.0,0.0,0.0,0.0,0.0,0.0,1.0,1.0,0.0
,outer1,1,76,b827,,,,,,120.0,240.0,0.0,51.31781005859375,51.31781005859375,0.0,60.0,1.0,0.0,-1.0
,outer1,1,76,b827,,,,,,120.0,270.0,0.0,0.0,0.0,0.0,0.0,1.0,1.0,0.0
,outer1,1,76,b827,,,,,,120.0,300.0,0.0,0.0,0.0,0.0,0.0,1.0,1.0,0.0
,outer1,1,76,b827,,,,,,120.0,330.0,0.0,0.0,0.0,0.0,0.0,1.0,1.0,0.0
,outer1,1,76,b827,,,,,,150.0,0.0,0.0,0.0,0.0,0.0,0.0,1.0,1.0,0.0
,outer1,1,76,b827,,,,,,150.0,30.0,0.0,0.0,0.0,0.0,0.0,1.0,1.0,0.0
,outer1,1,76,b827,,,,,,150.0,60.0,0.0,0.0,0.0,0.0,0.0,1.0,1.0,0.0
,outer1,1,76,b827,,,,,,150.0,90.0,0.0,0.0,0.0,0.0,0.0,1.0,1.0,0.0
,outer1,1,76,b827,,,,,,150.0,120.0,0.0,0.0,0.0,0.0,0.0,1.0,1.0,0.0
,outer1,1,76,b827,,,,,,150.0,150.0,0.0,0.0,0.0,0.0,0.0,1.0,1.0,0.0
,outer1,1,76,b827,,,,,,150.0,180.0,0.0,60.000003814697266,60.000003814697266,0.0,180.0,1.0,0.0,-1.0
,outer1,1,76,b827,,,,,,150.0,210.0,0.0,60.000003814697266,60.000003814697266,0.0,180.0,1.0,0.0,-1.0
,outer1,1,76,b827,,,,,,150.0,240.0,0.0,0.0,0.0,0.0,0.0,1.0,1.0,0.0
,outer1,1,76,b827,,,,,,150.0,270.0,0.0,0.0,0.0,0.0,0.0,1.0,1.0,0.0
,outer1,1,76,b827,,,,,,150.0,300.0,0.0,0.0,0.0,0.0,0.0,1.0,1.0,0.0
,outer1,1,76,b827,,,,,,150.0,330.0,14.870942115783691,0.0,-14.870942115783691,0.0,-30.0,0.0,1.0,1.0
,outer1,1,76,b871,,,,,,30.0,0.0,0.0,0.0,0.0,0.0,0.0,1.0,1.0,0.0
,outer1,1,76,b871,,,,,,30.0,30.0,0.0,0.0,0.0,0.0,0.0,1.0,1.0,0.0
,outer1,1,76,b871,,,,,,30.0,60.0,0.0,0.0,0.0,0.0,0.0,1.0,1.0,0.0
,outer1,1,76,b871,,,,,,30.0,90.0,0.0,0.0,0.0,0.0,0.0,1.0,1.0,0.0
,outer1,1,76,b871,,,,,,30.0,120.0,0.0,0.0,0.0,0.0,0.0,1.0,1.0,0.0
,outer1,1,76,b871,,,,,,30.0,150.0,0.0,0.0,0.0,0.0,0.0,1.0,1.0,0.0
,outer1,1,76,b871,,,,,,30.0,180.0,0.0,0.0,0.0,0.0,0.0,1.0,1.0,0.0
,outer1,1,76,b871,,,,,,30.0,210.0,0.0,0.0,0.0,0.0,0.0,1.0,1.0,0.0
,outer1,1,76,b871,,,,,,30.0,240.0,0.0,0.0,0.0,0.0,0.0,1.0,1.0,0.0
,outer1,1,76,b871,,,,,,30.0,270.0,0.0,0.0,0.0,0.0,0.0,1.0,1.0,0.0
,outer1,1,76,b871,,,,,,30.0,300.0,0.0,0.0,0.0,0.0,0.0,1.0,1.0,0.0
,outer1,1,76,b871,,,,,,30.0,330.0,0.0,0.0,0.0,0.0,0.0,1.0,1.0,0.0
,outer1,1,76,b871,,,,,,60.0,0.0,0.0,30.000001907348633,30.000001907348633,30.0,0.0,1.0,0.0,-1.0
,outer1,1,76,b871,,,,,,60.0,30.0,0.0,0.0,0.0,0.0,0.0,1.0,1.0,0.0
,outer1,1,76,b871,,,,,,60.0,60.0,0.0,0.0,0.0,0.0,0.0,1.0,1.0,0.0
,outer1,1,76,b871,,,,,,60.0,90.0,0.0,0.0,0.0,0.0,0.0,1.0,1.0,0.0
,outer1,1,76,b871,,,,,,60.0,120.0,0.0,128.6822052001953,128.6822052001953,60.0,120.0,1.0,0.0,-1.0
,outer1,1,76,b871,,,,,,60.0,150.0,0.0,0.0,0.0,0.0,0.0,1.0,1.0,0.0
,outer1,1,76,b871,,,,,,60.0,180.0,0.0,0.0,0.0,0.0,0.0,1.0,1.0,0.0
,outer1,1,76,b871,,,,,,60.0,210.0,51.31781005859375,82.81924438476562,31.501434326171875,60.0,0.0,0.0,0.0,0.0
,outer1,1,76,b871,,,,,,60.0,240.0,25.905075073242188,0.0,-25.905075073242188,0.0,-30.0,0.0,1.0,1.0
,outer1,1,76,b871,,,,,,60.0,270.0,0.0,0.0,0.0,0.0,0.0,1.0,1.0,0.0
,outer1,1,76,b871,,,,,,60.0,300.0,0.0,97.18075561523438,97.18075561523438,0.0,120.0,1.0,0.0,-1.0
,outer1,1,76,b871,,,,,,60.0,330.0,0.0,0.0,0.0,0.0,0.0,1.0,1.0,0.0
,outer1,1,76,b871,,,,,,90.0,0.0,180.0,180.0,0.0,0.0,0.0,0.0,0.0,0.0
,outer1,1,76,b871,,,,,,90.0,30.0,180.0,180.0,0.0,0.0,0.0,0.0,0.0,0.0
,outer1,1,76,b871,,,,,,90.0,60.0,60.000003814697266,180.0,119.99999618530273,0.0,120.0,0.0,0.0,0.0
,outer1,1,76,b871,,,,,,90.0,90.0,180.0,180.0,0.0,0.0,0.0,0.0,0.0,0.0
,outer1,1,76,b871,,,,,,90.0,120.0,0.0,0.0,0.0,0.0,0.0,1.0,1.0,0.0
,outer1,1,76,b871,,,,,,90.0,150.0,180.0,180.0,0.0,0.0,0.0,0.0,0.0,0.0
,outer1,1,76,b871,,,,,,90.0,180.0,180.0,0.0,-180.0,0.0,-180.0,0.0,1.0,1.0
,outer1,1,76,b871,,,,,,90.0,210.0,0.0,0.0,0.0,0.0,0.0,1.0,1.0,0.0
,outer1,1,76,b871,,,,,,90.0,240.0,60.000003814697266,0.0,-60.000003814697266,0.0,-60.0,0.0,1.0,1.0
,outer1,1,76,b871,,,,,,90.0,270.0,180.0,0.0,-180.0,0.0,-180.0,0.0,1.0,1.0
,outer1,1,76,b871,,,,,,90.0,300.0,0.0,0.0,0.0,0.0,0.0,1.0,1.0,0.0
,outer1,1,76,b871,,,,,,90.0,330.0,0.0,0.0,0.0,0.0,0.0,1.0,1.0,0.0
,outer1,1,76,b871,,,,,,120.0,0.0,0.0,29.99998664855957,29.99998664855957,30.0,0.0,1.0,0.0,-1.0
,outer1,1,76,b871,,,,,,120.0,30.0,0.0,0.0,0.0,0.0,0.0,1.0,1.0,0.0
,outer1,1,76,b871,,,,,,120.0,60.0,0.0,0.0,0.0,0.0,0.0,1.0,1.0,0.0
,outer1,1,76,b871,,,,,,120.0,90.0,0.0,0.0,0.0,0.0,0.0,1.0,1.0,0.0
,outer1,1,76,b871,,,,,,120.0,120.0,0.0,60.000003814697266,60.000003814697266,60.0,0.0,1.0,0.0,-1.0
,outer1,1,76,b871,,,,,,120.0,150.0,0.0,0.0,0.0,0.0,0.0,1.0,1.0,0.0
,outer1,1,76,b871,,,,,,120.0,180.0,0.0,0.0,0.0,0.0,0.0,1.0,1.0,0.0
,outer1,1,76,b871,,,,,,120.0,210.0,0.0,0.0,0.0,0.0,0.0,1.0,1.0,0.0
,outer1,1,76,b871,,,,,,120.0,240.0,0.0,0.0,0.0,0.0,0.0,1.0,1.0,0.0
,outer1,1,76,b871,,,,,,120.0,270.0,0.0,0.0,0.0,0.0,0.0,1.0,1.0,0.0
,outer1,1,76,b871,,,,,,120.0,300.0,0.0,0.0,0.0,0.0,0.0,1.0,1.0,0.0
,outer1,1,76,b871,,,,,,120.0,330.0,0.0,0.0,0.0,0.0,0.0,1.0,1.0,0.0
,outer1,1,76,b871,,,,,,150.0,0.0,0.0,0.0,0.0,0.0,0.0,1.0,1.0,0.0
,outer1,1,76,b871,,,,,,150.0,30.0,0.0,0.0,0.0,0.0,0.0,1.0,1.0,0.0
,outer1,1,76,b871,,,,,,150.0,60.0,0.0,0.0,0.0,0.0,0.0,1.0,1.0,0.0
,outer1,1,76,b871,,,,,,150.0,90.0,0.0,0.0,0.0,0.0,0.0,1.0,1.0,0.0
,outer1,1,76,b871,,,,,,150.0,120.0,0.0,0.0,0.0,0.0,0.0,1.0,1.0,0.0
,outer1,1,76,b871,,,,,,150.0,150.0,0.0,0.0,0.0,0.0,0.0,1.0,1.0,0.0
,outer1,1,76,b871,,,,,,150.0,180.0,0.0,0.0,0.0,0.0,0.0,1.0,1.0,0.0
,outer1,1,76,b871,,,,,,150.0,210.0,0.0,0.0,0.0,0.0,0.0,1.0,1.0,0.0
,outer1,1,76,b871,,,,,,150.0,240.0,0.0,0.0,0.0,0.0,0.0,1.0,1.0,0.0
,outer1,1,76,b871,,,,,,150.0,270.0,0.0,0.0,0.0,0.0,0.0,1.0,1.0,0.0
,outer1,1,76,b871,,,,,,150.0,300.0,0.0,0.0,0.0,0.0,0.0,1.0,1.0,0.0
,outer1,1,76,b871,,,,,,150.0,330.0,0.0,0.0,0.0,0.0,0.0,1.0,1.0,0.0
,outer1,1,76,b905,,,,,,30.0,0.0,0.0,0.0,0.0,0.0,0.0,1.0,1.0,0.0
,outer1,1,76,b905,,,,,,30.0,30.0,0.0,0.0,0.0,0.0,0.0,1.0,1.0,0.0
,outer1,1,76,b905,,,,,,30.0,60.0,0.0,0.0,0.0,0.0,0.0,1.0,1.0,0.0
,outer1,1,76,b905,,,,,,30.0,90.0,0.0,30.000001907348633,30.000001907348633,30.0,0.0,1.0,0.0,-1.0
,outer1,1,76,b905,,,,,,30.0,120.0,0.0,0.0,0.0,0.0,0.0,1.0,1.0,0.0
,outer1,1,76,b905,,,,,,30.0,150.0,0.0,0.0,0.0,0.0,0.0,1.0,1.0,0.0
,outer1,1,76,b905,,,,,,30.0,180.0,0.0,0.0,0.0,0.0,0.0,1.0,1.0,0.0
,outer1,1,76,b905,,,,,,30.0,210.0,0.0,0.0,0.0,0.0,0.0,1.0,1.0,0.0
,outer1,1,76,b905,,,,,,30.0,240.0,0.0,0.0,0.0,0.0,0.0,1.0,1.0,0.0
,outer1,1,76,b905,,,,,,30.0,270.0,0.0,0.0,0.0,0.0,0.0,1.0,1.0,0.0
,outer1,1,76,b905,,,,,,30.0,300.0,0.0,0.0,0.0,0.0,0.0,1.0,1.0,0.0
,outer1,1,76,b905,,,,,,30.0,330.0,0.0,0.0,0.0,0.0,0.0,1.0,1.0,0.0
,outer1,1,76,b905,,,,,,60.0,0.0,0.0,0.0,0.0,0.0,0.0,1.0,1.0,0.0
,outer1,1,76,b905,,,,,,60.0,30.0,82.81924438476562,66.45188903808594,-16.367355346679688,0.0,-30.0,0.0,0.0,0.0
,outer1,1,76,b905,,,,,,60.0,60.0,0.0,0.0,0.0,0.0,0.0,1.0,1.0,0.0
,outer1,1,76,b905,,,,,,60.0,90.0,0.0,0.0,0.0,0.0,0.0,1.0,1.0,0.0
,outer1,1,76,b905,,,,,,60.0,120.0,0.0,0.0,0.0,0.0,0.0,1.0,1.0,0.0
,outer1,1,76,b905,,,,,,60.0,150.0,0.0,0.0,0.0,0.0,0.0,1.0,1.0,0.0
,outer1,1,76,b905,,,,,,60.0,180.0,0.0,0.0,0.0,0.0,0.0,1.0,1.0,0.0
,outer1,1,76,b905,,,,,,60.0,210.0,0.0,0.0,0.0,0.0,0.0,1.0,1.0,0.0
,outer1,1,76,b905,,,,,,60.0,240.0,128.6822052001953,97.1807632446289,-31.501441955566406,-60.0,0.0,0.0,0.0,0.0
,outer1,1,76,b905,,,,,,60.0,270.0,0.0,0.0,0.0,0.0,0.0,1.0,1.0,0.0
,outer1,1,76,b905,,,,,,60.0,300.0,0.0,0.0,0.0,0.0,0.0,1.0,1.0,0.0
,outer1,1,76,b905,,,,,,60.0,330.0,0.0,0.0,0.0,0.0,0.0,1.0,1.0,0.0
,outer1,1,76,b905,,,,,,90.0,0.0,0.0,0.0,0.0,0.0,0.0,1.0,1.0,0.0
,outer1,1,76,b905,,,,,,90.0,30.0,120.00000762939453,60.00000762939453,-60.0,0.0,-60.0,0.0,0.0,0.0
,outer1,1,76,b905,,,,,,90.0,60.0,30.000001907348633,0.0,-30.000001907348633,0.0,-30.0,0.0,1.0,1.0
,outer1,1,76,b905,,,,,,90.0,90.0,0.0,180.0,180.0,0.0,180.0,1.0,0.0,-1.0
,outer1,1,76,b905,,,,,,90.0,120.0,120.00000762939453,0.0,-120.00000762939453,0.0,-120.0,0.0,1.0,1.0
,outer1,1,76,b905,,,,,,90.0,150.0,180.0,0.0,-180.0,0.0,-180.0,0.0,1.0,1.0
,outer1,1,76,b905,,,,,,90.0,180.0,180.0,0.0,-180.0,0.0,-180.0,0.0,1.0,1.0
,outer1,1,76,b905,,,,,,90.0,210.0,0.0,120.00000762939453,120.00000762939453,0.0,120.0,1.0,0.0,-1.0
,outer1,1,76,b905,,,,,,90.0,240.0,0.0,0.0,0.0,0.0,0.0,1.0,1.0,0.0
,outer1,1,76,b905,,,,,,90.0,270.0,180.0,0.0,-180.0,0.0,-180.0,0.0,1.0,1.0
,outer1,1,76,b905,,,,,,90.0,300.0,60.000003814697266,0.0,-60.000003814697266,0.0,-60.0,0.0,1.0,1.0
,outer1,1,76,b905,,,,,,90.0,330.0,0.0,180.0,180.0,0.0,180.0,1.0,0.0,-1.0
,outer1,1,76,b905,,,,,,120.0,0.0,0.0,0.0,0.0,0.0,0.0,1.0,1.0,0.0
,outer1,1,76,b905,,,,,,120.0,30.0,0.0,0.0,0.0,0.0,0.0,1.0,1.0,0.0
,outer1,1,76,b905,,,,,,120.0,60.0,0.0,0.0,0.0,0.0,0.0,1.0,1.0,0.0
,outer1,1,76,b905,,,,,,120.0,90.0,0.0,0.0,0.0,0.0,0.0,1.0,1.0,0.0
,outer1,1,76,b905,,,,,,120.0,120.0,0.0,0.0,0.0,0.0,0.0,1.0,1.0,0.0
,outer1,1,76,b905,,,,,,120.0,150.0,0.0,0.0,0.0,0.0,0.0,1.0,1.0,0.0
,outer1,1,76,b905,,,,,,120.0,180.0,0.0,0.0,0.0,0.0,0.0,1.0,1.0,0.0
,outer1,1,76,b905,,,,,,120.0,210.0,0.0,0.0,0.0,0.0,0.0,1.0,1.0,0.0
,outer1,1,76,b905,,,,,,120.0,240.0,128.6822052001953,0.0,-128.6822052001953,-60.0,-120.0,0.0,1.0,1.0
,outer1,1,76,b905,,,,,,120.0,270.0,0.0,120.00000762939453,120.00000762939453,0.0,180.0,1.0,0.0,-1.0
,outer1,1,76,b905,,,,,,120.0,300.0,0.0,0.0,0.0,0.0,0.0,1.0,1.0,0.0
,outer1,1,76,b905,,,,,,120.0,330.0,0.0,0.0,0.0,0.0,0.0,1.0,1.0,0.0
,outer1,1,76,b905,,,,,,150.0,0.0,0.0,0.0,0.0,0.0,0.0,1.0,1.0,0.0
,outer1,1,76,b905,,,,,,150.0,30.0,0.0,0.0,0.0,0.0,0.0,1.0,1.0,0.0
,outer1,1,76,b905,,,,,,150.0,60.0,0.0,0.0,0.0,0.0,0.0,1.0,1.0,0.0
,outer1,1,76,b905,,,,,,150.0,90.0,0.0,0.0,0.0,0.0,0.0,1.0,1.0,0.0
,outer1,1,76,b905,,,,,,150.0,120.0,0.0,0.0,0.0,0.0,0.0,1.0,1.0,0.0
,outer1,1,76,b905,,,,,,150.0,150.0,0.0,0.0,0.0,0.0,0.0,1.0,1.0,0.0
,outer1,1,76,b905,,,,,,150.0,180.0,0.0,0.0,0.0,0.0,0.0,1.0,1.0,0.0
,outer1,1,76,b905,,,,,,150.0,210.0,0.0,0.0,0.0,0.0,0.0,1.0,1.0,0.0
,outer1,1,76,b905,,,,,,150.0,240.0,0.0,0.0,0.0,0.0,0.0,1.0,1.0,0.0
,outer1,1,76,b905,,,,,,150.0,270.0,0.0,0.0,0.0,0.0,0.0,1.0,1.0,0.0
,outer1,1,76,b905,,,,,,150.0,300.0,0.0,0.0,0.0,0.0,0.0,1.0,1.0,0.0
,outer1,1,76,b905,,,,,,150.0,330.0,0.0,0.0,0.0,0.0,0.0,1.0,1.0,0.0
,outer1,1,76,bb7d,,,,,,30.0,0.0,60.000003814697266,90.0,29.999996185302734,30.0,0.0,0.0,0.0,0.0
,outer1,1,76,bb7d,,,,,,30.0,30.0,0.0,0.0,0.0,0.0,0.0,1.0,1.0,0.0
,outer1,1,76,bb7d,,,,,,30.0,60.0,57.7581901550293,128.68218994140625,70.92399978637695,120.0,-90.0,0.0,0.0,0.0
,outer1,1,76,bb7d,,,,,,30.0,90.0,180.0,0.0,-180.0,-120.0,-180.0,0.0,1.0,1.0
,outer1,1,76,bb7d,,,,,,30.0,120.0,128.68218994140625,128.68218994140625,0.0,0.0,0.0,0.0,0.0,0.0
,outer1,1,76,bb7d,,,,,,30.0,150.0,128.68218994140625,28.95502281188965,-99.7271671295166,-120.0,0.0,0.0,0.0,0.0
,outer1,1,76,bb7d,,,,,,30.0,180.0,180.0,0.0,-180.0,-120.0,-180.0,0.0,1.0,1.0
,outer1,1,76,bb7d,,,,,,30.0,210.0,57.7581901550293,151.04498291015625,93.28679275512695,120.0,-30.0,0.0,0.0,0.0
,outer1,1,76,bb7d,,,,,,30.0,240.0,60.000003814697266,122.24180603027344,62.24180221557617,120.0,-150.0,0.0,0.0,0.0
,outer1,1,76,bb7d,,,,,,30.0,270.0,120.00000762939453,0.0,-120.00000762939453,-120.0,0.0,0.0,1.0,1.0
,outer1,1,76,bb7d,,,,,,30.0,300.0,0.0,151.04498291015625,151.04498291015625,120.0,120.0,1.0,0.0,-1.0
,outer1,1,76,bb7d,,,,,,30.0,330.0,138.59039306640625,151.04498291015625,12.45458984375,0.0,30.0,0.0,0.0,0.0
,outer1,1,76,bb7d,,,,,,60.0,0.0,180.0,90.0,-90.0,-30.0,0.0,0.0,0.0,0.0
,outer1,1,76,bb7d,,,,,,60.0,30.0,82.81924438476562,82.81924438476562,0.0,0.0,0.0,0.0,0.0,0.0
,outer1,1,76,bb7d,,,,,,60.0,60.0,36.097782135009766,180.0,143.90221786499023,30.0,150.0,0.0,0.0,0.0
,outer1,1,76,bb7d,,,,,,60.0,90.0,60.000003814697266,60.000003814697266,0.0,0.0,0.0,0.0,0.0,0.0
,outer1,1,76,bb7d,,,,,,60.0,120.0,66.45188903808594,66.45188903808594,0.0,0.0,0.0,0.0,0.0,0.0
,outer1,1,76,bb7d,,,,,,60.0,150.0,82.81924438476562,0.0,-82.81924438476562,-60.0,-60.0,0.0,1.0,1.0
,outer1,1,76,bb7d,,,,,,60.0,180.0,60.000003814697266,60.000003814697266,0.0,0.0,0.0,0.0,0.0,0.0
,outer1,1,76,bb7d,,,,,,60.0,210.0,120.00000762939453,60.000003814697266,-60.000003814697266,60.0,-180.0,0.0,0.0,0.0
,outer1,1,76,bb7d,,,,,,60.0,240.0,86.67425537109375,97.1807632446289,10.506507873535156,-30.0,-30.0,0.0,0.0,0.0
,outer1,1,76,bb7d,,,,,,60.0,270.0,29.999998092651367,180.0,150.00000190734863,30.0,180.0,0.0,0.0,0.0
,outer1,1,76,bb7d,,,,,,60.0,300.0,143.9022216796875,143.9022216796875,0.0,0.0,0.0,0.0,0.0,0.0
,outer1,1,76,bb7d,,,,,,60.0,330.0,82.81924438476562,120.00000762939453,37.180763244628906,-60.0,120.0,0.0,0.0,0.0
,outer1,1,76,bb7d,,,,,,90.0,0.0,119.99999237060547,75.52249145507812,-44.477500915527344,60.0,-60.0,0.0,0.0,0.0
,outer1,1,76,bb7d,,,,,,90.0,30.0,90.0,90.0,0.0,30.0,0.0,0.0,0.0,0.0
,outer1,1,76,bb7d,,,,,,90.0,60.0,138.59039306640625,41.40962219238281,-97.18077087402344,0.0,-120.0,0.0,0.0,0.0
,outer1,1,76,bb7d,,,,,,90.0,90.0,0.0,30.000001907348633,30.000001907348633,30.0,0.0,1.0,0.0,-1.0
,outer1,1,76,bb7d,,,,,,90.0,120.0,138.59039306640625,138.59039306640625,0.0,0.0,0.0,0.0,0.0,0.0
,outer1,1,76,bb7d,,,,,,90.0,150.0,90.0,90.0,0.0,30.0,0.0,0.0,0.0,0.0
,outer1,1,76,bb7d,,,,,,90.0,180.0,60.000003814697266,104.47750854492188,44.47750473022461,60.0,60.0,0.0,0.0,0.0
,outer1,1,76,bb7d,,,,,,90.0,210.0,90.0,90.0,0.0,30.0,0.0,0.0,0.0,0.0
,outer1,1,76,bb7d,,,,,,90.0,240.0,41.40962219238281,138.59039306640625,97.18077087402344,0.0,120.0,0.0,0.0,0.0
,outer1,1,76,bb7d,,,,,,90.0,270.0,180.0,150.0,-30.0,30.0,0.0,0.0,0.0,0.0
,outer1,1,76,bb7d,,,,,,90.0,300.0,41.40962219238281,41.40962219238281,0.0,0.0,0.0,0.0,0.0,0.0
,outer1,1,76,bb7d,,,,,,90.0,330.0,90.0,90.0,0.0,30.0,0.0,0.0,0.0,0.0
,outer1,1,76,bb7d,,,,,,120.0,0.0,120.00000762939453,150.0,29.99999237060547,90.0,0.0,0.0,0.0,0.0
,outer1,1,76,bb7d,,,,,,120.0,30.0,82.81924438476562,82.81924438476562,0.0,0.0,0.0,0.0,0.0,0.0
,outer1,1,76,bb7d,,,,,,120.0,60.0,36.09777069091797,90.0,53.90222930908203,0.0,150.0,0.0,0.0,0.0
,outer1,1,76,bb7d,,,,,,120.0,90.0,180.0,60.000003814697266,-119.99999618530273,0.0,-180.0,0.0,0.0,0.0
,outer1,1,76,bb7d,,,,,,120.0,120.0,93.32575225830078,60.000003814697266,-33.325748443603516,-30.0,-30.0,0.0,0.0,0.0
,outer1,1,76,bb7d,,,,,,120.0,150.0,128.6822052001953,0.0,-128.6822052001953,-60.0,-120.0,0.0,1.0,1.0
,outer1,1,76,bb7d,,,,,,120.0,180.0,0.0,90.0,90.0,90.0,0.0,1.0,0.0,-1.0
,outer1,1,76,bb7d,,,,,,120.0,210.0,120.00000762939453,82.81924438476562,-37.180763244628906,60.0,-120.0,0.0,0.0,0.0
,outer1,1,76,bb7d,,,,,,120.0,240.0,113.54811096191406,113.54811096191406,0.0,0.0,0.0,0.0,0.0,0.0
,outer1,1,76,bb7d,,,,,,120.0,270.0,30.000001907348633,0.0,-30.000001907348633,-30.0,0.0,0.0,1.0,1.0
,outer1,1,76,bb7d,,,,,,120.0,300.0,143.9022216796875,51.31781005859375,-92.58441162109375,-90.0,-90.0,0.0,0.0,0.0
,outer1,1,76,bb7d,,,,,,120.0,330.0,82.81924438476562,0.0,-82.81924438476562,-60.0,-60.0,0.0,1.0,1.0
,outer1,1,76,bb7d,,,,,,150.0,0.0,165.12905883789062,180.0,14.870941162109375,0.0,30.0,0.0,0.0,0.0
,outer1,1,76,bb7d,,,,,,150.0,30.0,0.0,0.0,0.0,0.0,0.0,1.0,1.0,0.0
,outer1,1,76,bb7d,,,,,,150.0,60.0,151.04498291015625,0.0,-151.04498291015625,-120.0,-120.0,0.0,1.0,1.0
,outer1,1,76,bb7d,,,,,,150.0,90.0,180.0,180.0,0.0,0.0,0.0,0.0,0.0,0.0
,outer1,1,76,bb7d,,,,,,150.0,120.0,128.68218994140625,128.68218994140625,0.0,0.0,0.0,0.0,0.0,0.0
,outer1,1,76,bb7d,,,,,,150.0,150.0,151.04498291015625,151.04498291015625,0.0,0.0,0.0,0.0,0.0,0.0
,outer1,1,76,bb7d,,,,,,150.0,180.0,122.24180603027344,120.00000762939453,-2.2417984008789062,0.0,-30.0,0.0,0.0,0.0
,outer1,1,76,bb7d,,,,,,150.0,210.0,0.0,120.00000762939453,120.00000762939453,120.0,0.0,1.0,0.0,-1.0
,outer1,1,76,bb7d,,,,,,150.0,240.0,14.870942115783691,57.7581901550293,42.887248039245605,0.0,120.0,0.0,0.0,0.0
,outer1,1,76,bb7d,,,,,,150.0,270.0,0.0,120.00000762939453,120.00000762939453,120.0,0.0,1.0,0.0,-1.0
,outer1,1,76,bb7d,,,,,,150.0,300.0,122.24180603027344,14.870942115783691,-107.37086391448975,-120.0,0.0,0.0,0.0,0.0
,outer1,1,76,bb7d,,,,,,150.0,330.0,128.68218994140625,128.68218994140625,0.0,0.0,0.0,0.0,0.0,0.0
,outer1,1,76,bbc6,,,,,,30.0,0.0,0.0,0.0,0.0,0.0,0.0,1.0,1.0,0.0
,outer1,1,76,bbc6,,,,,,30.0,30.0,0.0,0.0,0.0,0.0,0.0,1.0,1.0,0.0
,outer1,1,76,bbc6,,,,,,30.0,60.0,0.0,57.7581901550293,57.7581901550293,0.0,150.0,1.0,0.0,-1.0
,outer1,1,76,bbc6,,,,,,30.0,90.0,180.0,180.0,0.0,0.0,0.0,0.0,0.0,0.0
,outer1,1,76,bbc6,,,,,,30.0,120.0,151.04498291015625,151.04498291015625,0.0,0.0,0.0,0.0,0.0,0.0
,outer1,1,76,bbc6,,,,,,30.0,150.0,0.0,0.0,0.0,0.0,0.0,1.0,1.0,0.0
,outer1,1,76,bbc6,,,,,,30.0,180.0,14.870942115783691,0.0,-14.870942115783691,0.0,-30.0,0.0,1.0,1.0
,outer1,1,76,bbc6,,,,,,30.0,210.0,0.0,128.68218994140625,128.68218994140625,120.0,60.0,1.0,0.0,-1.0
,outer1,1,76,bbc6,,,,,,30.0,240.0,0.0,0.0,0.0,0.0,0.0,1.0,1.0,0.0
,outer1,1,76,bbc6,,,,,,30.0,270.0,0.0,0.0,0.0,0.0,0.0,1.0,1.0,0.0
,outer1,1,76,bbc6,,,,,,30.0,300.0,0.0,151.04498291015625,151.04498291015625,120.0,120.0,1.0,0.0,-1.0
,outer1,1,76,bbc6,,,,,,30.0,330.0,0.0,0.0,0.0,0.0,0.0,1.0,1.0,0.0
,outer1,1,76,bbc6,,,,,,60.0,0.0,30.000001907348633,30.000001907348633,0.0,0.0,0.0,0.0,0.0,0.0
,outer1,1,76,bbc6,,,,,,60.0,30.0,0.0,0.0,0.0,0.0,0.0,1.0,1.0,0.0
,outer1,1,76,bbc6,,,,,,60.0,60.0,30.000001907348633,0.0,-30.000001907348633,-30.0,0.0,0.0,1.0,1.0
,outer1,1,76,bbc6,,,,,,60.0,90.0,180.0,180.0,0.0,0.0,0.0,0.0,0.0,0.0
,outer1,1,76,bbc6,,,,,,60.0,120.0,128.6822052001953,128.6822052001953,0.0,0.0,0.0,0.0,0.0,0.0
,outer1,1,76,bbc6,,,,,,60.0,150.0,0.0,60.000003814697266,60.000003814697266,60.0,0.0,1.0,0.0,-1.0
,outer1,1,76,bbc6,,,,,,60.0,180.0,90.0,60.000003814697266,-29.999996185302734,-30.0,0.0,0.0,0.0,0.0
,outer1,1,76,bbc6,,,,,,60.0,210.0,82.81924438476562,82.81924438476562,0.0,0.0,0.0,0.0,0.0,0.0
,outer1,1,76,bbc6,,,,,,60.0,240.0,36.097782135009766,90.0,53.902217864990234,60.0,-30.0,0.0,0.0,0.0
,outer1,1,76,bbc6,,,,,,60.0,270.0,0.0,0.0,0.0,0.0,0.0,1.0,1.0,0.0
,outer1,1,76,bbc6,,,,,,60.0,300.0,0.0,128.68218994140625,128.68218994140625,60.0,120.0,1.0,0.0,-1.0
,outer1,1,76,bbc6,,,,,,60.0,330.0,0.0,0.0,0.0,0.0,0.0,1.0,1.0,0.0
,outer1,1,76,bbc6,,,,,,90.0,0.0,0.0,180.0,180.0,0.0,180.0,1.0,0.0,-1.0
,outer1,1,76,bbc6,,,,,,90.0,30.0,90.0,90.0,0.0,0.0,0.0,0.0,0.0,0.0
,outer1,1,76,bbc6,,,,,,90.0,60.0,119.99999237060547,150.0,30.00000762939453,0.0,30.0,0.0,0.0,0.0
,outer1,1,76,bbc6,,,,,,90.0,90.0,0.0,0.0,0.0,0.0,0.0,1.0,1.0,0.0
,outer1,1,76,bbc6,,,,,,90.0,120.0,150.0,180.0,30.0,0.0,30.0,0.0,0.0,0.0
,outer1,1,76,bbc6,,,,,,90.0,150.0,180.0,180.0,0.0,0.0,0.0,0.0,0.0,0.0
,outer1,1,76,bbc6,,,,,,90.0,180.0,180.0,0.0,-180.0,0.0,-180.0,0.0,1.0,1.0
,outer1,1,76,bbc6,,,,,,90.0,210.0,0.0,120.00000762939453,120.00000762939453,0.0,120.0,1.0,0.0,-1.0
,outer1,1,76,bbc6,,,,,,90.0,240.0,60.000003814697266,30.000001907348633,-30.000001907348633,0.0,-30.0,0.0,0.0,0.0
,outer1,1,76,bbc6,,,,,,90.0,270.0,180.0,180.0,0.0,0.0,0.0,0.0,0.0,0.0
,outer1,1,76,bbc6,,,,,,90.0,300.0,150.0,30.000001907348633,-119.99999809265137,-30.0,-150.0,0.0,0.0,0.0
,outer1,1,76,bbc6,,,,,,90.0,330.0,0.0,0.0,0.0,0.0,0.0,1.0,1.0,0.0
,outer1,1,76,bbc6,,,,,,120.0,0.0,29.99998664855957,29.99998664855957,0.0,0.0,0.0,0.0,0.0,0.0
,outer1,1,76,bbc6,,,,,,120.0,30.0,0.0,0.0,0.0,0.0,0.0,1.0,1.0,0.0
,outer1,1,76,bbc6,,,,,,120.0,60.0,0.0,0.0,0.0,0.0,0.0,1.0,1.0,0.0
,outer1,1,76,bbc6,,,,,,120.0,90.0,180.0,180.0,0.0,0.0,0.0,0.0,0.0,0.0
,outer1,1,76,bbc6,,,,,,120.0,120.0,130.50535583496094,128.6822052001953,-1.823150634765625,-30.0,0.0,0.0,0.0,0.0
,outer1,1,76,bbc6,,,,,,120.0,150.0,0.0,0.0,0.0,0.0,0.0,1.0,1.0,0.0
,outer1,1,76,bbc6,,,,,,120.0,180.0,29.99998664855957,29.99998664855957,0.0,0.0,0.0,0.0,0.0,0.0
,outer1,1,76,bbc6,,,,,,120.0,210.0,66.45188903808594,82.81924438476562,16.367355346679688,0.0,30.0,0.0,0.0,0.0
,outer1,1,76,bbc6,,,,,,120.0,240.0,36.09777069091797,0.0,-36.09777069091797,-30.0,-30.0,0.0,1.0,1.0
,outer1,1,76,bbc6,,,,,,120.0,270.0,0.0,0.0,0.0,0.0,0.0,1.0,1.0,0.0
,outer1,1,76,bbc6,,,,,,120.0,300.0,128.68218994140625,128.68218994140625,0.0,0.0,0.0,0.0,0.0,0.0
,outer1,1,76,bbc6,,,,,,120.0,330.0,0.0,0.0,0.0,0.0,0.0,1.0,1.0,0.0
,outer1,1,76,bbc6,,,,,,150.0,0.0,0.0,0.0,0.0,0.0,0.0,1.0,1.0,0.0
,outer1,1,76,bbc6,,,,,,150.0,30.0,0.0,0.0,0.0,0.0,0.0,1.0,1.0,0.0
,outer1,1,76,bbc6,,,,,,150.0,60.0,0.0,0.0,0.0,0.0,0.0,1.0,1.0,0.0
,outer1,1,76,bbc6,,,,,,150.0,90.0,60.000003814697266,60.000003814697266,0.0,0.0,0.0,0.0,0.0,0.0
,outer1,1,76,bbc6,,,,,,150.0,120.0,151.04498291015625,57.7581901550293,-93.28679275512695,-120.0,30.0,0.0,0.0,0.0
,outer1,1,76,bbc6,,,,,,150.0,150.0,14.870942115783691,0.0,-14.870942115783691,0.0,-30.0,0.0,1.0,1.0
,outer1,1,76,bbc6,,,,,,150.0,180.0,0.0,0.0,0.0,0.0,0.0,1.0,1.0,0.0
,outer1,1,76,bbc6,,,,,,150.0,210.0,0.0,122.24180603027344,122.24180603027344,120.0,30.0,1.0,0.0,-1.0
,outer1,1,76,bbc6,,,,,,150.0,240.0,0.0,0.0,0.0,0.0,0.0,1.0,1.0,0.0
,outer1,1,76,bbc6,,,,,,150.0,270.0,0.0,0.0,0.0,0.0,0.0,1.0,1.0,0.0
,outer1,1,76,bbc6,,,,,,150.0,300.0,0.0,0.0,0.0,0.0,0.0,1.0,1.0,0.0
,outer1,1,76,bbc6,,,,,,150.0,330.0,14.870942115783691,0.0,-14.870942115783691,0.0,-30.0,0.0,1.0,1.0
,outer2,2,70,b7c1,,,,,,30.0,0.0,0.0,0.0,0.0,0.0,0.0,1.0,1.0,0.0
,outer2,2,70,b7c1,,,,,,30.0,30.0,0.0,0.0,0.0,0.0,0.0,1.0,1.0,0.0
,outer2,2,70,b7c1,,,,,,30.0,60.0,0.0,0.0,0.0,0.0,0.0,1.0,1.0,0.0
,outer2,2,70,b7c1,,,,,,30.0,90.0,0.0,0.0,0.0,0.0,0.0,1.0,1.0,0.0
,outer2,2,70,b7c1,,,,,,30.0,120.0,0.0,0.0,0.0,0.0,0.0,1.0,1.0,0.0
,outer2,2,70,b7c1,,,,,,30.0,150.0,0.0,0.0,0.0,0.0,0.0,1.0,1.0,0.0
,outer2,2,70,b7c1,,,,,,30.0,180.0,0.0,0.0,0.0,0.0,0.0,1.0,1.0,0.0
,outer2,2,70,b7c1,,,,,,30.0,210.0,0.0,0.0,0.0,0.0,0.0,1.0,1.0,0.0
,outer2,2,70,b7c1,,,,,,30.0,240.0,0.0,0.0,0.0,0.0,0.0,1.0,1.0,0.0
,outer2,2,70,b7c1,,,,,,30.0,270.0,0.0,0.0,0.0,0.0,0.0,1.0,1.0,0.0
,outer2,2,70,b7c1,,,,,,30.0,300.0,0.0,0.0,0.0,0.0,0.0,1.0,1.0,0.0
,outer2,2,70,b7c1,,,,,,30.0,330.0,0.0,0.0,0.0,0.0,0.0,1.0,1.0,0.0
,outer2,2,70,b7c1,,,,,,60.0,0.0,0.0,0.0,0.0,0.0,0.0,1.0,1.0,0.0
,outer2,2,70,b7c1,,,,,,60.0,30.0,0.0,51.31782150268555,51.31782150268555,0.0,60.0,1.0,0.0,-1.0
,outer2,2,70,b7c1,,,,,,60.0,60.0,0.0,0.0,0.0,0.0,0.0,1.0,1.0,0.0
,outer2,2,70,b7c1,,,,,,60.0,90.0,0.0,0.0,0.0,0.0,0.0,1.0,1.0,0.0
,outer2,2,70,b7c1,,,,,,60.0,120.0,0.0,0.0,0.0,0.0,0.0,1.0,1.0,0.0
,outer2,2,70,b7c1,,,,,,60.0,150.0,0.0,25.905075073242188,25.905075073242188,0.0,30.0,1.0,0.0,-1.0
,outer2,2,70,b7c1,,,,,,60.0,180.0,0.0,0.0,0.0,0.0,0.0,1.0,1.0,0.0
,outer2,2,70,b7c1,,,,,,60.0,210.0,0.0,0.0,0.0,0.0,0.0,1.0,1.0,0.0
,outer2,2,70,b7c1,,,,,,60.0,240.0,0.0,0.0,0.0,0.0,0.0,1.0,1.0,0.0
,outer2,2,70,b7c1,,,,,,60.0,270.0,0.0,0.0,0.0,0.0,0.0,1.0,1.0,0.0
,outer2,2,70,b7c1,,,,,,60.0,300.0,0.0,0.0,0.0,0.0,0.0,1.0,1.0,0.0
,outer2,2,70,b7c1,,,,,,60.0,330.0,0.0,25.90509033203125,25.90509033203125,0.0,30.0,1.0,0.0,-1.0
,outer2,2,70,b7c1,,,,,,90.0,0.0,0.0,180.0,180.0,0.0,180.0,1.0,0.0,-1.0
,outer2,2,70,b7c1,,,,,,90.0,30.0,0.0,180.0,180.0,0.0,180.0,1.0,0.0,-1.0
,outer2,2,70,b7c1,,,,,,90.0,60.0,0.0,0.0,0.0,0.0,0.0,1.0,1.0,0.0
,outer2,2,70,b7c1,,,,,,90.0,90.0,0.0,0.0,0.0,0.0,0.0,1.0,1.0,0.0
,outer2,2,70,b7c1,,,,,,90.0,120.0,0.0,120.00000762939453,120.00000762939453,0.0,120.0,1.0,0.0,-1.0
,outer2,2,70,b7c1,,,,,,90.0,150.0,120.00000762939453,0.0,-120.00000762939453,0.0,-120.0,0.0,1.0,1.0
,outer2,2,70,b7c1,,,,,,90.0,180.0,180.0,180.0,0.0,0.0,0.0,0.0,0.0,0.0
,outer2,2,70,b7c1,,,,,,90.0,210.0,0.0,180.0,180.0,0.0,180.0,1.0,0.0,-1.0
,outer2,2,70,b7c1,,,,,,90.0,240.0,0.0,0.0,0.0,0.0,0.0,1.0,1.0,0.0
,outer2,2,70,b7c1,,,,,,90.0,270.0,0.0,0.0,0.0,0.0,0.0,1.0,1.0,0.0
,outer2,2,70,b7c1,,,,,,90.0,300.0,0.0,60.000003814697266,60.000003814697266,0.0,60.0,1.0,0.0,-1.0
,outer2,2,70,b7c1,,,,,,90.0,330.0,60.00000762939453,180.0,119.99999237060547,0.0,120.0,0.0,0.0,0.0
,outer2,2,70,b7c1,,,,,,120.0,0.0,0.0,0.0,0.0,0.0,0.0,1.0,1.0,0.0
,outer2,2,70,b7c1,,,,,,120.0,30.0,0.0,0.0,0.0,0.0,0.0,1.0,1.0,0.0
,outer2,2,70,b7c1,,,,,,120.0,60.0,0.0,0.0,0.0,0.0,0.0,1.0,1.0,0.0
,outer2,2,70,b7c1,,,,,,120.0,90.0,0.0,0.0,0.0,0.0,0.0,1.0,1.0,0.0
,outer2,2,70,b7c1,,,,,,120.0,120.0,0.0,0.0,0.0,0.0,0.0,1.0,1.0,0.0
,outer2,2,70,b7c1,,,,,,120.0,150.0,0.0,0.0,0.0,0.0,0.0,1.0,1.0,0.0
,outer2,2,70,b7c1,,,,,,120.0,180.0,0.0,0.0,0.0,0.0,0.0,1.0,1.0,0.0
,outer2,2,70,b7c1,,,,,,120.0,210.0,0.0,120.00000762939453,120.00000762939453,0.0,180.0,1.0,0.0,-1.0
,outer2,2,70,b7c1,,,,,,120.0,240.0,0.0,0.0,0.0,0.0,0.0,1.0,1.0,0.0
,outer2,2,70,b7c1,,,,,,120.0,270.0,0.0,0.0,0.0,0.0,0.0,1.0,1.0,0.0
,outer2,2,70,b7c1,,,,,,120.0,300.0,0.0,0.0,0.0,0.0,0.0,1.0,1.0,0.0
,outer2,2,70,b7c1,,,,,,120.0,330.0,0.0,0.0,0.0,0.0,0.0,1.0,1.0,0.0
,outer2,2,70,b7c1,,,,,,150.0,0.0,0.0,0.0,0.0,0.0,0.0,1.0,1.0,0.0
,outer2,2,70,b7c1,,,,,,150.0,30.0,0.0,0.0,0.0,0.0,0.0,1.0,1.0,0.0
,outer2,2,70,b7c1,,,,,,150.0,60.0,0.0,0.0,0.0,0.0,0.0,1.0,1.0,0.0
,outer2,2,70,b7c1,,,,,,150.0,90.0,0.0,0.0,0.0,0.0,0.0,1.0,1.0,0.0
,outer2,2,70,b7c1,,,,,,150.0,120.0,0.0,0.0,0.0,0.0,0.0,1.0,1.0,0.0
,outer2,2,70,b7c1,,,,,,150.0,150.0,0.0,0.0,0.0,0.0,0.0,1.0,1.0,0.0
,outer2,2,70,b7c1,,,,,,150.0,180.0,0.0,0.0,0.0,0.0,0.0,1.0,1.0,0.0
,outer2,2,70,b7c1,,,,,,150.0,210.0,0.0,0.0,0.0,0.0,0.0,1.0,1.0,0.0
,outer2,2,70,b7c1,,,,,,150.0,240.0,0.0,0.0,0.0,0.0,0.0,1.0,1.0,0.0
,outer2,2,70,b7c1,,,,,,150.0,270.0,0.0,0.0,0.0,0.0,0.0,1.0,1.0,0.0
,outer2,2,70,b7c1,,,,,,150.0,300.0,0.0,0.0,0.0,0.0,0.0,1.0,1.0,0.0
,outer2,2,70,b7c1,,,,,,150.0,330.0,0.0,0.0,0.0,0.0,0.0,1.0,1.0,0.0
,outer2,2,70,b80b,,,,,,30.0,0.0,0.0,0.0,0.0,0.0,0.0,1.0,1.0,0.0
,outer2,2,70,b80b,,,,,,30.0,30.0,0.0,0.0,0.0,0.0,0.0,1.0,1.0,0.0
,outer2,2,70,b80b,,,,,,30.0,60.0,0.0,0.0,0.0,0.0,0.0,1.0,1.0,0.0
,outer2,2,70,b80b,,,,,,30.0,90.0,0.0,0.0,0.0,0.0,0.0,1.0,1.0,0.0
,outer2,2,70,b80b,,,,,,30.0,120.0,0.0,0.0,0.0,0.0,0.0,1.0,1.0,0.0
,outer2,2,70,b80b,,,,,,30.0,150.0,0.0,0.0,0.0,0.0,0.0,1.0,1.0,0.0
,outer2,2,70,b80b,,,,,,30.0,180.0,0.0,0.0,0.0,0.0,0.0,1.0,1.0,0.0
,outer2,2,70,b80b,,,,,,30.0,210.0,0.0,0.0,0.0,0.0,0.0,1.0,1.0,0.0
,outer2,2,70,b80b,,,,,,30.0,240.0,0.0,0.0,0.0,0.0,0.0,1.0,1.0,0.0
,outer2,2,70,b80b,,,,,,30.0,270.0,0.0,0.0,0.0,0.0,0.0,1.0,1.0,0.0
,outer2,2,70,b80b,,,,,,30.0,300.0,0.0,0.0,0.0,0.0,0.0,1.0,1.0,0.0
,outer2,2,70,b80b,,,,,,30.0,330.0,0.0,0.0,0.0,0.0,0.0,1.0,1.0,0.0
,outer2,2,70,b80b,,,,,,60.0,0.0,0.0,0.0,0.0,0.0,0.0,1.0,1.0,0.0
,outer2,2,70,b80b,,,,,,60.0,30.0,0.0,0.0,0.0,0.0,0.0,1.0,1.0,0.0
,outer2,2,70,b80b,,,,,,60.0,60.0,0.0,0.0,0.0,0.0,0.0,1.0,1.0,0.0
,outer2,2,70,b80b,,,,,,60.0,90.0,0.0,0.0,0.0,0.0,0.0,1.0,1.0,0.0
,outer2,2,70,b80b,,,,,,60.0,120.0,0.0,0.0,0.0,0.0,0.0,1.0,1.0,0.0
,outer2,2,70,b80b,,,,,,60.0,150.0,0.0,0.0,0.0,0.0,0.0,1.0,1.0,0.0
,outer2,2,70,b80b,,,,,,60.0,180.0,0.0,0.0,0.0,0.0,0.0,1.0,1.0,0.0
,outer2,2,70,b80b,,,,,,60.0,210.0,0.0,0.0,0.0,0.0,0.0,1.0,1.0,0.0
,outer2,2,70,b80b,,,,,,60.0,240.0,0.0,0.0,0.0,0.0,0.0,1.0,1.0,0.0
,outer2,2,70,b80b,,,,,,60.0,270.0,0.0,0.0,0.0,0.0,0.0,1.0,1.0,0.0
,outer2,2,70,b80b,,,,,,60.0,300.0,0.0,0.0,0.0,0.0,0.0,1.0,1.0,0.0
,outer2,2,70,b80b,,,,,,60.0,330.0,0.0,0.0,0.0,0.0,0.0,1.0,1.0,0.0
,outer2,2,70,b80b,,,,,,90.0,0.0,0.0,0.0,0.0,0.0,0.0,1.0,1.0,0.0
,outer2,2,70,b80b,,,,,,90.0,30.0,0.0,0.0,0.0,0.0,0.0,1.0,1.0,0.0
,outer2,2,70,b80b,,,,,,90.0,60.0,0.0,0.0,0.0,0.0,0.0,1.0,1.0,0.0
,outer2,2,70,b80b,,,,,,90.0,90.0,180.0,0.0,-180.0,0.0,-180.0,0.0,1.0,1.0
,outer2,2,70,b80b,,,,,,90.0,120.0,0.0,180.0,180.0,0.0,180.0,1.0,0.0,-1.0
,outer2,2,70,b80b,,,,,,90.0,150.0,180.0,180.0,0.0,0.0,0.0,0.0,0.0,0.0
,outer2,2,70,b80b,,,,,,90.0,180.0,0.0,0.0,0.0,0.0,0.0,1.0,1.0,0.0
,outer2,2,70,b80b,,,,,,90.0,210.0,0.0,0.0,0.0,0.0,0.0,1.0,1.0,0.0
,outer2,2,70,b80b,,,,,,90.0,240.0,0.0,0.0,0.0,0.0,0.0,1.0,1.0,0.0
,outer2,2,70,b80b,,,,,,90.0,270.0,0.0,0.0,0.0,0.0,0.0,1.0,1.0,0.0
,outer2,2,70,b80b,,,,,,90.0,300.0,0.0,0.0,0.0,0.0,0.0,1.0,1.0,0.0
,outer2,2,70,b80b,,,,,,90.0,330.0,180.0,0.0,-180.0,0.0,-180.0,0.0,1.0,1.0
,outer2,2,70,b80b,,,,,,120.0,0.0,0.0,0.0,0.0,0.0,0.0,1.0,1.0,0.0
,outer2,2,70,b80b,,,,,,120.0,30.0,0.0,0.0,0.0,0.0,0.0,1.0,1.0,0.0
,outer2,2,70,b80b,,,,,,120.0,60.0,0.0,0.0,0.0,0.0,0.0,1.0,1.0,0.0
,outer2,2,70,b80b,,,,,,120.0,90.0,0.0,0.0,0.0,0.0,0.0,1.0,1.0,0.0
,outer2,2,70,b80b,,,,,,120.0,120.0,0.0,0.0,0.0,0.0,0.0,1.0,1.0,0.0
,outer2,2,70,b80b,,,,,,120.0,150.0,0.0,0.0,0.0,0.0,0.0,1.0,1.0,0.0
,outer2,2,70,b80b,,,,,,120.0,180.0,0.0,0.0,0.0,0.0,0.0,1.0,1.0,0.0
,outer2,2,70,b80b,,,,,,120.0,210.0,0.0,0.0,0.0,0.0,0.0,1.0,1.0,0.0
,outer2,2,70,b80b,,,,,,120.0,240.0,0.0,0.0,0.0,0.0,0.0,1.0,1.0,0.0
,outer2,2,70,b80b,,,,,,120.0,270.0,0.0,0.0,0.0,0.0,0.0,1.0,1.0,0.0
,outer2,2,70,b80b,,,,,,120.0,300.0,0.0,0.0,0.0,0.0,0.0,1.0,1.0,0.0
,outer2,2,70,b80b,,,,,,120.0,330.0,0.0,0.0,0.0,0.0,0.0,1.0,1.0,0.0
,outer2,2,70,b80b,,,,,,150.0,0.0,0.0,0.0,0.0,0.0,0.0,1.0,1.0,0.0
,outer2,2,70,b80b,,,,,,150.0,30.0,0.0,0.0,0.0,0.0,0.0,1.0,1.0,0.0
,outer2,2,70,b80b,,,,,,150.0,60.0,0.0,0.0,0.0,0.0,0.0,1.0,1.0,0.0
,outer2,2,70,b80b,,,,,,150.0,90.0,0.0,0.0,0.0,0.0,0.0,1.0,1.0,0.0
,outer2,2,70,b80b,,,,,,150.0,120.0,0.0,0.0,0.0,0.0,0.0,1.0,1.0,0.0
,outer2,2,70,b80b,,,,,,150.0,150.0,0.0,0.0,0.0,0.0,0.0,1.0,1.0,0.0
,outer2,2,70,b80b,,,,,,150.0,180.0,0.0,0.0,0.0,0.0,0.0,1.0,1.0,0.0
,outer2,2,70,b80b,,,,,,150.0,210.0,0.0,0.0,0.0,0.0,0.0,1.0,1.0,0.0
,outer2,2,70,b80b,,,,,,150.0,240.0,0.0,0.0,0.0,0.0,0.0,1.0,1.0,0.0
,outer2,2,70,b80b,,,,,,150.0,270.0,0.0,0.0,0.0,0.0,0.0,1.0,1.0,0.0
,outer2,2,70,b80b,,,,,,150.0,300.0,0.0,0.0,0.0,0.0,0.0,1.0,1.0,0.0
,outer2,2,70,b80b,,,,,,150.0,330.0,0.0,0.0,0.0,0.0,0.0,1.0,1.0,0.0
,outer2,2,70,b9e6,,,,,,30.0,0.0,0.0,0.0,0.0,0.0,0.0,1.0,1.0,0.0
,outer2,2,70,b9e6,,,,,,30.0,30.0,0.0,0.0,0.0,0.0,0.0,1.0,1.0,0.0
,outer2,2,70,b9e6,,,,,,30.0,60.0,0.0,0.0,0.0,0.0,0.0,1.0,1.0,0.0
,outer2,2,70,b9e6,,,,,,30.0,90.0,0.0,0.0,0.0,0.0,0.0,1.0,1.0,0.0
,outer2,2,70,b9e6,,,,,,30.0,120.0,0.0,0.0,0.0,0.0,0.0,1.0,1.0,0.0
,outer2,2,70,b9e6,,,,,,30.0,150.0,0.0,0.0,0.0,0.0,0.0,1.0,1.0,0.0
,outer2,2,70,b9e6,,,,,,30.0,180.0,0.0,0.0,0.0,0.0,0.0,1.0,1.0,0.0
,outer2,2,70,b9e6,,,,,,30.0,210.0,0.0,0.0,0.0,0.0,0.0,1.0,1.0,0.0
,outer2,2,70,b9e6,,,,,,30.0,240.0,0.0,0.0,0.0,0.0,0.0,1.0,1.0,0.0
,outer2,2,70,b9e6,,,,,,30.0,270.0,0.0,0.0,0.0,0.0,0.0,1.0,1.0,0.0
,outer2,2,70,b9e6,,,,,,30.0,300.0,0.0,0.0,0.0,0.0,0.0,1.0,1.0,0.0
,outer2,2,70,b9e6,,,,,,30.0,330.0,0.0,0.0,0.0,0.0,0.0,1.0,1.0,0.0
,outer2,2,70,b9e6,,,,,,60.0,0.0,0.0,30.000001907348633,30.000001907348633,30.0,0.0,1.0,0.0,-1.0
,outer2,2,70,b9e6,,,,,,60.0,30.0,0.0,0.0,0.0,0.0,0.0,1.0,1.0,0.0
,outer2,2,70,b9e6,,,,,,60.0,60.0,97.18075561523438,0.0,-97.18075561523438,0.0,-120.0,0.0,1.0,1.0
,outer2,2,70,b9e6,,,,,,60.0,90.0,0.0,0.0,0.0,0.0,0.0,1.0,1.0,0.0
,outer2,2,70,b9e6,,,,,,60.0,120.0,0.0,0.0,0.0,0.0,0.0,1.0,1.0,0.0
,outer2,2,70,b9e6,,,,,,60.0,150.0,0.0,0.0,0.0,0.0,0.0,1.0,1.0,0.0
,outer2,2,70,b9e6,,,,,,60.0,180.0,0.0,30.000001907348633,30.000001907348633,30.0,0.0,1.0,0.0,-1.0
,outer2,2,70,b9e6,,,,,,60.0,210.0,120.00000762939453,120.00000762939453,0.0,0.0,0.0,0.0,0.0,0.0
,outer2,2,70,b9e6,,,,,,60.0,240.0,60.000003814697266,25.905075073242188,-34.09492874145508,-60.0,30.0,0.0,0.0,0.0
,outer2,2,70,b9e6,,,,,,60.0,270.0,0.0,0.0,0.0,0.0,0.0,1.0,1.0,0.0
,outer2,2,70,b9e6,,,,,,60.0,300.0,0.0,0.0,0.0,0.0,0.0,1.0,1.0,0.0
,outer2,2,70,b9e6,,,,,,60.0,330.0,0.0,0.0,0.0,0.0,0.0,1.0,1.0,0.0
,outer2,2,70,b9e6,,,,,,90.0,0.0,180.0,180.0,0.0,0.0,0.0,0.0,0.0,0.0
,outer2,2,70,b9e6,,,,,,90.0,30.0,0.0,0.0,0.0,0.0,0.0,1.0,1.0,0.0
,outer2,2,70,b9e6,,,,,,90.0,60.0,0.0,0.0,0.0,0.0,0.0,1.0,1.0,0.0
,outer2,2,70,b9e6,,,,,,90.0,90.0,0.0,0.0,0.0,0.0,0.0,1.0,1.0,0.0
,outer2,2,70,b9e6,,,,,,90.0,120.0,120.00000762939453,180.0,59.99999237060547,0.0,60.0,0.0,0.0,0.0
,outer2,2,70,b9e6,,,,,,90.0,150.0,0.0,0.0,0.0,0.0,0.0,1.0,1.0,0.0
,outer2,2,70,b9e6,,,,,,90.0,180.0,0.0,0.0,0.0,0.0,0.0,1.0,1.0,0.0
,outer2,2,70,b9e6,,,,,,90.0,210.0,0.0,0.0,0.0,0.0,0.0,1.0,1.0,0.0
,outer2,2,70,b9e6,,,,,,90.0,240.0,0.0,0.0,0.0,0.0,0.0,1.0,1.0,0.0
,outer2,2,70,b9e6,,,,,,90.0,270.0,0.0,180.0,180.0,0.0,180.0,1.0,0.0,-1.0
,outer2,2,70,b9e6,,,,,,90.0,300.0,60.000003814697266,0.0,-60.000003814697266,0.0,-60.0,0.0,1.0,1.0
,outer2,2,70,b9e6,,,,,,90.0,330.0,180.0,180.0,0.0,0.0,0.0,0.0,0.0,0.0
,outer2,2,70,b9e6,,,,,,120.0,0.0,0.0,0.0,0.0,0.0,0.0,1.0,1.0,0.0
,outer2,2,70,b9e6,,,,,,120.0,30.0,0.0,0.0,0.0,0.0,0.0,1.0,1.0,0.0
,outer2,2,70,b9e6,,,,,,120.0,60.0,0.0,0.0,0.0,0.0,0.0,1.0,1.0,0.0
,outer2,2,70,b9e6,,,,,,120.0,90.0,0.0,0.0,0.0,0.0,0.0,1.0,1.0,0.0
,outer2,2,70,b9e6,,,,,,120.0,120.0,0.0,0.0,0.0,0.0,0.0,1.0,1.0,0.0
,outer2,2,70,b9e6,,,,,,120.0,150.0,0.0,0.0,0.0,0.0,0.0,1.0,1.0,0.0
,outer2,2,70,b9e6,,,,,,120.0,180.0,0.0,0.0,0.0,0.0,0.0,1.0,1.0,0.0
,outer2,2,70,b9e6,,,,,,120.0,210.0,120.00000762939453,120.00000762939453,0.0,0.0,0.0,0.0,0.0,0.0
,outer2,2,70,b9e6,,,,,,120.0,240.0,0.0,0.0,0.0,0.0,0.0,1.0,1.0,0.0
,outer2,2,70,b9e6,,,,,,120.0,270.0,0.0,0.0,0.0,0.0,0.0,1.0,1.0,0.0
,outer2,2,70,b9e6,,,,,,120.0,300.0,0.0,0.0,0.0,0.0,0.0,1.0,1.0,0.0
,outer2,2,70,b9e6,,,,,,120.0,330.0,0.0,0.0,0.0,0.0,0.0,1.0,1.0,0.0
,outer2,2,70,b9e6,,,,,,150.0,0.0,0.0,0.0,0.0,0.0,0.0,1.0,1.0,0.0
,outer2,2,70,b9e6,,,,,,150.0,30.0,0.0,0.0,0.0,0.0,0.0,1.0,1.0,0.0
,outer2,2,70,b9e6,,,,,,150.0,60.0,0.0,0.0,0.0,0.0,0.0,1.0,1.0,0.0
,outer2,2,70,b9e6,,,,,,150.0,90.0,0.0,0.0,0.0,0.0,0.0,1.0,1.0,0.0
,outer2,2,70,b9e6,,,,,,150.0,120.0,0.0,0.0,0.0,0.0,0.0,1.0,1.0,0.0
,outer2,2,70,b9e6,,,,,,150.0,150.0,0.0,0.0,0.0,0.0,0.0,1.0,1.0,0.0
,outer2,2,70,b9e6,,,,,,150.0,180.0,0.0,0.0,0.0,0.0,0.0,1.0,1.0,0.0
,outer2,2,70,b9e6,,,,,,150.0,210.0,0.0,0.0,0.0,0.0,0.0,1.0,1.0,0.0
,outer2,2,70,b9e6,,,,,,150.0,240.0,0.0,0.0,0.0,0.0,0.0,1.0,1.0,0.0
,outer2,2,70,b9e6,,,,,,150.0,270.0,0.0,0.0,0.0,0.0,0.0,1.0,1.0,0.0
,outer2,2,70,b9e6,,,,,,150.0,300.0,0.0,0.0,0.0,0.0,0.0,1.0,1.0,0.0
,outer2,2,70,b9e6,,,,,,150.0,330.0,0.0,0.0,0.0,0.0,0.0,1.0,1.0,0.0
,outer2,2,70,ba0f,,,,,,30.0,0.0,90.0,30.000001907348633,-59.99999809265137,-60.0,0.0,0.0,0.0,0.0
,outer2,2,70,ba0f,,,,,,30.0,30.0,151.04498291015625,128.68218994140625,-22.36279296875,0.0,-60.0,0.0,0.0,0.0
,outer2,2,70,ba0f,,,,,,30.0,60.0,14.870942115783691,128.68218994140625,113.81124782562256,120.0,30.0,0.0,0.0,0.0
,outer2,2,70,ba0f,,,,,,30.0,90.0,0.0,120.00000762939453,120.00000762939453,120.0,0.0,1.0,0.0,-1.0
,outer2,2,70,ba0f,,,,,,30.0,120.0,0.0,60.000003814697266,60.000003814697266,0.0,180.0,1.0,0.0,-1.0
,outer2,2,70,ba0f,,,,,,30.0,150.0,60.000003814697266,60.000003814697266,0.0,0.0,0.0,0.0,0.0,0.0
,outer2,2,70,ba0f,,,,,,30.0,180.0,30.000001907348633,150.0,119.99999809265137,60.0,180.0,0.0,0.0,0.0
,outer2,2,70,ba0f,,,,,,30.0,210.0,151.04498291015625,151.04498291015625,0.0,0.0,0.0,0.0,0.0,0.0
,outer2,2,70,ba0f,,,,,,30.0,240.0,151.04498291015625,151.04498291015625,0.0,0.0,0.0,0.0,0.0,0.0
,outer2,2,70,ba0f,,,,,,30.0,270.0,120.00000762939453,120.00000762939453,0.0,0.0,0.0,0.0,0.0,0.0
,outer2,2,70,ba0f,,,,,,30.0,300.0,60.000003814697266,0.0,-60.000003814697266,0.0,-180.0,0.0,1.0,1.0
,outer2,2,70,ba0f,,,,,,30.0,330.0,0.0,0.0,0.0,0.0,0.0,1.0,1.0,0.0
,outer2,2,70,ba0f,,,,,,60.0,0.0,0.0,30.000001907348633,30.000001907348633,30.0,0.0,1.0,0.0,-1.0
,outer2,2,70,ba0f,,,,,,60.0,30.0,0.0,120.00000762939453,120.00000762939453,0.0,180.0,1.0,0.0,-1.0
,outer2,2,70,ba0f,,,,,,60.0,60.0,0.0,120.00000762939453,120.00000762939453,0.0,180.0,1.0,0.0,-1.0
,outer2,2,70,ba0f,,,,,,60.0,90.0,0.0,113.5481185913086,113.5481185913086,0.0,150.0,1.0,0.0,-1.0
,outer2,2,70,ba0f,,,,,,60.0,120.0,113.5481185913086,120.00000762939453,6.4518890380859375,0.0,30.0,0.0,0.0,0.0
,outer2,2,70,ba0f,,,,,,60.0,150.0,120.00000762939453,97.1807632446289,-22.819244384765625,0.0,-60.0,0.0,0.0,0.0
,outer2,2,70,ba0f,,,,,,60.0,180.0,0.0,90.0,90.0,90.0,0.0,1.0,0.0,-1.0
,outer2,2,70,ba0f,,,,,,60.0,210.0,128.6822052001953,60.000003814697266,-68.68220138549805,0.0,-120.0,0.0,0.0,0.0
,outer2,2,70,ba0f,,,,,,60.0,240.0,41.40962219238281,0.0,-41.40962219238281,-30.0,-30.0,0.0,1.0,1.0
,outer2,2,70,ba0f,,,,,,60.0,270.0,41.40962219238281,29.999998092651367,-11.409624099731445,0.0,-30.0,0.0,0.0,0.0
,outer2,2,70,ba0f,,,,,,60.0,300.0,66.45188903808594,82.81924438476562,16.367355346679688,0.0,30.0,0.0,0.0,0.0
,outer2,2,70,ba0f,,,,,,60.0,330.0,97.1807632446289,128.6822052001953,31.501441955566406,60.0,0.0,0.0,0.0,0.0
,outer2,2,70,ba0f,,,,,,90.0,0.0,180.0,0.0,-180.0,0.0,-180.0,0.0,1.0,1.0
,outer2,2,70,ba0f,,,,,,90.0,30.0,60.00000762939453,120.00000762939453,60.0,0.0,60.0,0.0,0.0,0.0
,outer2,2,70,ba0f,,,,,,90.0,60.0,180.0,119.99999237060547,-60.00000762939453,0.0,-60.0,0.0,0.0,0.0
,outer2,2,70,ba0f,,,,,,90.0,90.0,180.0,0.0,-180.0,0.0,-180.0,0.0,1.0,1.0
,outer2,2,70,ba0f,,,,,,90.0,120.0,0.0,120.00000762939453,120.00000762939453,0.0,120.0,1.0,0.0,-1.0
,outer2,2,70,ba0f,,,,,,90.0,150.0,180.0,0.0,-180.0,0.0,-180.0,0.0,1.0,1.0
,outer2,2,70,ba0f,,,,,,90.0,180.0,0.0,180.0,180.0,0.0,180.0,1.0,0.0,-1.0
,outer2,2,70,ba0f,,,,,,90.0,210.0,120.00000762939453,120.00000762939453,0.0,0.0,0.0,0.0,0.0,0.0
,outer2,2,70,ba0f,,,,,,90.0,240.0,0.0,60.000003814697266,60.000003814697266,0.0,60.0,1.0,0.0,-1.0
,outer2,2,70,ba0f,,,,,,90.0,270.0,0.0,180.0,180.0,0.0,180.0,1.0,0.0,-1.0
,outer2,2,70,ba0f,,,,,,90.0,300.0,60.000003814697266,60.000003814697266,0.0,0.0,0.0,0.0,0.0,0.0
,outer2,2,70,ba0f,,,,,,90.0,330.0,180.0,180.0,0.0,0.0,0.0,0.0,0.0,0.0
,outer2,2,70,ba0f,,,,,,120.0,0.0,0.0,29.99998664855957,29.99998664855957,30.0,0.0,1.0,0.0,-1.0
,outer2,2,70,ba0f,,,,,,120.0,30.0,0.0,0.0,0.0,0.0,0.0,1.0,1.0,0.0
,outer2,2,70,ba0f,,,,,,120.0,60.0,60.000003814697266,0.0,-60.000003814697266,-60.0,0.0,0.0,1.0,1.0
,outer2,2,70,ba0f,,,,,,120.0,90.0,30.000001907348633,30.000001907348633,0.0,0.0,0.0,0.0,0.0,0.0
,outer2,2,70,ba0f,,,,,,120.0,120.0,120.00000762939453,120.00000762939453,0.0,0.0,0.0,0.0,0.0,0.0
,outer2,2,70,ba0f,,,,,,120.0,150.0,120.00000762939453,97.18075561523438,-22.819252014160156,0.0,-60.0,0.0,0.0,0.0
,outer2,2,70,ba0f,,,,,,120.0,180.0,0.0,60.000003814697266,60.000003814697266,60.0,0.0,1.0,0.0,-1.0
,outer2,2,70,ba0f,,,,,,120.0,210.0,60.000003814697266,180.0,119.99999618530273,0.0,180.0,0.0,0.0,0.0
,outer2,2,70,ba0f,,,,,,120.0,240.0,25.905075073242188,0.0,-25.905075073242188,0.0,-30.0,0.0,1.0,1.0
,outer2,2,70,ba0f,,,,,,120.0,270.0,30.000001907348633,60.000003814697266,30.000001907348633,30.0,0.0,0.0,0.0,0.0
,outer2,2,70,ba0f,,,,,,120.0,300.0,60.000003814697266,180.0,119.99999618530273,0.0,180.0,0.0,0.0,0.0
,outer2,2,70,ba0f,,,,,,120.0,330.0,0.0,97.18075561523438,97.18075561523438,0.0,120.0,1.0,0.0,-1.0
,outer2,2,70,ba0f,,,,,,150.0,0.0,90.0,29.99998664855957,-60.00001335144043,0.0,-180.0,0.0,0.0,0.0
,outer2,2,70,ba0f,,,,,,150.0,30.0,128.68218994140625,128.68218994140625,0.0,0.0,0.0,0.0,0.0,0.0
,outer2,2,70,ba0f,,,,,,150.0,60.0,165.12905883789062,128.68218994140625,-36.446868896484375,0.0,-90.0,0.0,0.0,0.0
,outer2,2,70,ba0f,,,,,,150.0,90.0,60.000003814697266,60.000003814697266,0.0,0.0,0.0,0.0,0.0,0.0
,outer2,2,70,ba0f,,,,,,150.0,120.0,0.0,60.000003814697266,60.000003814697266,0.0,180.0,1.0,0.0,-1.0
,outer2,2,70,ba0f,,,,,,150.0,150.0,0.0,60.000003814697266,60.000003814697266,0.0,180.0,1.0,0.0,-1.0
,outer2,2,70,ba0f,,,,,,150.0,180.0,86.67424774169922,90.0,3.3257522583007812,0.0,30.0,0.0,0.0,0.0
,outer2,2,70,ba0f,,,,,,150.0,210.0,151.04498291015625,130.50535583496094,-20.539627075195312,-30.0,0.0,0.0,0.0,0.0
,outer2,2,70,ba0f,,,,,,150.0,240.0,151.04498291015625,128.68218994140625,-22.36279296875,0.0,-60.0,0.0,0.0,0.0
,outer2,2,70,ba0f,,,,,,150.0,270.0,0.0,60.000003814697266,60.000003814697266,0.0,180.0,1.0,0.0,-1.0
,outer2,2,70,ba0f,,,,,,150.0,300.0,60.000003814697266,0.0,-60.000003814697266,0.0,-180.0,0.0,1.0,1.0
,outer2,2,70,ba0f,,,,,,150.0,330.0,0.0,0.0,0.0,0.0,0.0,1.0,1.0,0.0
,outer2,2,70,bb7c,,,,,,30.0,0.0,0.0,30.000001907348633,30.000001907348633,30.0,0.0,1.0,0.0,-1.0
,outer2,2,70,bb7c,,,,,,30.0,30.0,0.0,0.0,0.0,0.0,0.0,1.0,1.0,0.0
,outer2,2,70,bb7c,,,,,,30.0,60.0,0.0,0.0,0.0,0.0,0.0,1.0,1.0,0.0
,outer2,2,70,bb7c,,,,,,30.0,90.0,0.0,0.0,0.0,0.0,0.0,1.0,1.0,0.0
,outer2,2,70,bb7c,,,,,,30.0,120.0,0.0,0.0,0.0,0.0,0.0,1.0,1.0,0.0
,outer2,2,70,bb7c,,,,,,30.0,150.0,0.0,0.0,0.0,0.0,0.0,1.0,1.0,0.0
,outer2,2,70,bb7c,,,,,,30.0,180.0,0.0,90.0,90.0,30.0,180.0,1.0,0.0,-1.0
,outer2,2,70,bb7c,,,,,,30.0,210.0,0.0,0.0,0.0,0.0,0.0,1.0,1.0,0.0
,outer2,2,70,bb7c,,,,,,30.0,240.0,0.0,0.0,0.0,0.0,0.0,1.0,1.0,0.0
,outer2,2,70,bb7c,,,,,,30.0,270.0,0.0,0.0,0.0,0.0,0.0,1.0,1.0,0.0
,outer2,2,70,bb7c,,,,,,30.0,300.0,0.0,0.0,0.0,0.0,0.0,1.0,1.0,0.0
,outer2,2,70,bb7c,,,,,,30.0,330.0,0.0,0.0,0.0,0.0,0.0,1.0,1.0,0.0
,outer2,2,70,bb7c,,,,,,60.0,0.0,0.0,0.0,0.0,0.0,0.0,1.0,1.0,0.0
,outer2,2,70,bb7c,,,,,,60.0,30.0,0.0,0.0,0.0,0.0,0.0,1.0,1.0,0.0
,outer2,2,70,bb7c,,,,,,60.0,60.0,0.0,0.0,0.0,0.0,0.0,1.0,1.0,0.0
,outer2,2,70,bb7c,,,,,,60.0,90.0,0.0,0.0,0.0,0.0,0.0,1.0,1.0,0.0
,outer2,2,70,bb7c,,,,,,60.0,120.0,0.0,0.0,0.0,0.0,0.0,1.0,1.0,0.0
,outer2,2,70,bb7c,,,,,,60.0,150.0,0.0,0.0,0.0,0.0,0.0,1.0,1.0,0.0
,outer2,2,70,bb7c,,,,,,60.0,180.0,0.0,0.0,0.0,0.0,0.0,1.0,1.0,0.0
,outer2,2,70,bb7c,,,,,,60.0,210.0,25.905075073242188,82.81924438476562,56.91416931152344,60.0,30.0,0.0,0.0,0.0
,outer2,2,70,bb7c,,,,,,60.0,240.0,0.0,0.0,0.0,0.0,0.0,1.0,1.0,0.0
,outer2,2,70,bb7c,,,,,,60.0,270.0,120.00000762939453,0.0,-120.00000762939453,0.0,-180.0,0.0,1.0,1.0
,outer2,2,70,bb7c,,,,,,60.0,300.0,0.0,0.0,0.0,0.0,0.0,1.0,1.0,0.0
,outer2,2,70,bb7c,,,,,,60.0,330.0,0.0,0.0,0.0,0.0,0.0,1.0,1.0,0.0
,outer2,2,70,bb7c,,,,,,90.0,0.0,0.0,0.0,0.0,0.0,0.0,1.0,1.0,0.0
,outer2,2,70,bb7c,,,,,,90.0,30.0,0.0,0.0,0.0,0.0,0.0,1.0,1.0,0.0
,outer2,2,70,bb7c,,,,,,90.0,60.0,0.0,0.0,0.0,0.0,0.0,1.0,1.0,0.0
,outer2,2,70,bb7c,,,,,,90.0,90.0,0.0,150.0,150.0,30.0,180.0,1.0,0.0,-1.0
,outer2,2,70,bb7c,,,,,,90.0,120.0,0.0,0.0,0.0,0.0,0.0,1.0,1.0,0.0
,outer2,2,70,bb7c,,,,,,90.0,150.0,180.0,180.0,0.0,0.0,0.0,0.0,0.0,0.0
,outer2,2,70,bb7c,,,,,,90.0,180.0,180.0,0.0,-180.0,0.0,-180.0,0.0,1.0,1.0
,outer2,2,70,bb7c,,,,,,90.0,210.0,180.0,0.0,-180.0,0.0,-180.0,0.0,1.0,1.0
,outer2,2,70,bb7c,,,,,,90.0,240.0,120.00000762939453,180.0,59.99999237060547,0.0,60.0,0.0,0.0,0.0
,outer2,2,70,bb7c,,,,,,90.0,270.0,0.0,0.0,0.0,0.0,0.0,1.0,1.0,0.0
,outer2,2,70,bb7c,,,,,,90.0,300.0,180.0,180.0,0.0,0.0,0.0,0.0,0.0,0.0
,outer2,2,70,bb7c,,,,,,90.0,330.0,0.0,0.0,0.0,0.0,0.0,1.0,1.0,0.0
,outer2,2,70,bb7c,,,,,,120.0,0.0,0.0,0.0,0.0,0.0,0.0,1.0,1.0,0.0
,outer2,2,70,bb7c,,,,,,120.0,30.0,0.0,0.0,0.0,0.0,0.0,1.0,1.0,0.0
,outer2,2,70,bb7c,,,,,,120.0,60.0,0.0,0.0,0.0,0.0,0.0,1.0,1.0,0.0
,outer2,2,70,bb7c,,,,,,120.0,90.0,29.99998664855957,0.0,-29.99998664855957,-30.0,0.0,0.0,1.0,1.0
,outer2,2,70,bb7c,,,,,,120.0,120.0,0.0,0.0,0.0,0.0,0.0,1.0,1.0,0.0
,outer2,2,70,bb7c,,,,,,120.0,150.0,0.0,0.0,0.0,0.0,0.0,1.0,1.0,0.0
,outer2,2,70,bb7c,,,,,,120.0,180.0,0.0,0.0,0.0,0.0,0.0,1.0,1.0,0.0
,outer2,2,70,bb7c,,,,,,120.0,210.0,0.0,82.81924438476562,82.81924438476562,60.0,60.0,1.0,0.0,-1.0
,outer2,2,70,bb7c,,,,,,120.0,240.0,128.6822052001953,0.0,-128.6822052001953,-60.0,-120.0,0.0,1.0,1.0
,outer2,2,70,bb7c,,,,,,120.0,270.0,120.00000762939453,120.00000762939453,0.0,0.0,0.0,0.0,0.0,0.0
,outer2,2,70,bb7c,,,,,,120.0,300.0,0.0,120.00000762939453,120.00000762939453,0.0,180.0,1.0,0.0,-1.0
,outer2,2,70,bb7c,,,,,,120.0,330.0,0.0,82.81924438476562,82.81924438476562,60.0,60.0,1.0,0.0,-1.0
,outer2,2,70,bb7c,,,,,,150.0,0.0,0.0,29.99998664855957,29.99998664855957,30.0,0.0,1.0,0.0,-1.0
,outer2,2,70,bb7c,,,,,,150.0,30.0,0.0,0.0,0.0,0.0,0.0,1.0,1.0,0.0
,outer2,2,70,bb7c,,,,,,150.0,60.0,0.0,0.0,0.0,0.0,0.0,1.0,1.0,0.0
,outer2,2,70,bb7c,,,,,,150.0,90.0,0.0,0.0,0.0,0.0,0.0,1.0,1.0,0.0
,outer2,2,70,bb7c,,,,,,150.0,120.0,0.0,0.0,0.0,0.0,0.0,1.0,1.0,0.0
,outer2,2,70,bb7c,,,,,,150.0,150.0,0.0,0.0,0.0,0.0,0.0,1.0,1.0,0.0
,outer2,2,70,bb7c,,,,,,150.0,180.0,0.0,90.0,90.0,30.0,180.0,1.0,0.0,-1.0
,outer2,2,70,bb7c,,,,,,150.0,210.0,0.0,0.0,0.0,0.0,0.0,1.0,1.0,0.0
,outer2,2,70,bb7c,,,,,,150.0,240.0,14.870942115783691,0.0,-14.870942115783691,0.0,-30.0,0.0,1.0,1.0
,outer2,2,70,bb7c,,,,,,150.0,270.0,0.0,0.0,0.0,0.0,0.0,1.0,1.0,0.0
,outer2,2,70,bb7c,,,,,,150.0,300.0,0.0,0.0,0.0,0.0,0.0,1.0,1.0,0.0
,outer2,2,70,bb7c,,,,,,150.0,330.0,0.0,0.0,0.0,0.0,0.0,1.0,1.0,0.0
,outer2,2,71,b7c1,,,,,,30.0,0.0,0.0,0.0,0.0,0.0,0.0,1.0,1.0,0.0
,outer2,2,71,b7c1,,,,,,30.0,30.0,0.0,0.0,0.0,0.0,0.0,1.0,1.0,0.0
,outer2,2,71,b7c1,,,,,,30.0,60.0,0.0,0.0,0.0,0.0,0.0,1.0,1.0,0.0
,outer2,2,71,b7c1,,,,,,30.0,90.0,0.0,0.0,0.0,0.0,0.0,1.0,1.0,0.0
,outer2,2,71,b7c1,,,,,,30.0,120.0,0.0,0.0,0.0,0.0,0.0,1.0,1.0,0.0
,outer2,2,71,b7c1,,,,,,30.0,150.0,0.0,0.0,0.0,0.0,0.0,1.0,1.0,0.0
,outer2,2,71,b7c1,,,,,,30.0,180.0,0.0,30.000001907348633,30.000001907348633,30.0,0.0,1.0,0.0,-1.0
,outer2,2,71,b7c1,,,,,,30.0,210.0,0.0,0.0,0.0,0.0,0.0,1.0,1.0,0.0
,outer2,2,71,b7c1,,,,,,30.0,240.0,0.0,0.0,0.0,0.0,0.0,1.0,1.0,0.0
,outer2,2,71,b7c1,,,,,,30.0,270.0,0.0,0.0,0.0,0.0,0.0,1.0,1.0,0.0
,outer2,2,71,b7c1,,,,,,30.0,300.0,0.0,0.0,0.0,0.0,0.0,1.0,1.0,0.0
,outer2,2,71,b7c1,,,,,,30.0,330.0,0.0,0.0,0.0,0.0,0.0,1.0,1.0,0.0
,outer2,2,71,b7c1,,,,,,60.0,0.0,0.0,0.0,0.0,0.0,0.0,1.0,1.0,0.0
,outer2,2,71,b7c1,,,,,,60.0,30.0,25.905075073242188,82.81924438476562,56.91416931152344,60.0,30.0,0.0,0.0,0.0
,outer2,2,71,b7c1,,,,,,60.0,60.0,0.0,60.000003814697266,60.000003814697266,60.0,0.0,1.0,0.0,-1.0
,outer2,2,71,b7c1,,,,,,60.0,90.0,0.0,0.0,0.0,0.0,0.0,1.0,1.0,0.0
,outer2,2,71,b7c1,,,,,,60.0,120.0,0.0,0.0,0.0,0.0,0.0,1.0,1.0,0.0
,outer2,2,71,b7c1,,,,,,60.0,150.0,0.0,0.0,0.0,0.0,0.0,1.0,1.0,0.0
,outer2,2,71,b7c1,,,,,,60.0,180.0,0.0,0.0,0.0,0.0,0.0,1.0,1.0,0.0
,outer2,2,71,b7c1,,,,,,60.0,210.0,0.0,60.000003814697266,60.000003814697266,60.0,0.0,1.0,0.0,-1.0
,outer2,2,71,b7c1,,,,,,60.0,240.0,0.0,0.0,0.0,0.0,0.0,1.0,1.0,0.0
,outer2,2,71,b7c1,,,,,,60.0,270.0,0.0,0.0,0.0,0.0,0.0,1.0,1.0,0.0
,outer2,2,71,b7c1,,,,,,60.0,300.0,0.0,0.0,0.0,0.0,0.0,1.0,1.0,0.0
,outer2,2,71,b7c1,,,,,,60.0,330.0,0.0,25.905075073242188,25.905075073242188,0.0,30.0,1.0,0.0,-1.0
,outer2,2,71,b7c1,,,,,,90.0,0.0,180.0,0.0,-180.0,0.0,-180.0,0.0,1.0,1.0
,outer2,2,71,b7c1,,,,,,90.0,30.0,0.0,180.0,180.0,0.0,180.0,1.0,0.0,-1.0
,outer2,2,71,b7c1,,,,,,90.0,60.0,0.0,0.0,0.0,0.0,0.0,1.0,1.0,0.0
,outer2,2,71,b7c1,,,,,,90.0,90.0,180.0,0.0,-180.0,0.0,-180.0,0.0,1.0,1.0
,outer2,2,71,b7c1,,,,,,90.0,120.0,60.000003814697266,60.000003814697266,0.0,0.0,0.0,0.0,0.0,0.0
,outer2,2,71,b7c1,,,,,,90.0,150.0,0.0,60.000003814697266,60.000003814697266,0.0,60.0,1.0,0.0,-1.0
,outer2,2,71,b7c1,,,,,,90.0,180.0,180.0,180.0,0.0,0.0,0.0,0.0,0.0,0.0
,outer2,2,71,b7c1,,,,,,90.0,210.0,180.0,0.0,-180.0,0.0,-180.0,0.0,1.0,1.0
,outer2,2,71,b7c1,,,,,,90.0,240.0,0.0,0.0,0.0,0.0,0.0,1.0,1.0,0.0
,outer2,2,71,b7c1,,,,,,90.0,270.0,0.0,180.0,180.0,0.0,180.0,1.0,0.0,-1.0
,outer2,2,71,b7c1,,,,,,90.0,300.0,180.0,119.99999237060547,-60.00000762939453,0.0,-60.0,0.0,0.0,0.0
,outer2,2,71,b7c1,,,,,,90.0,330.0,180.0,120.00000762939453,-59.99999237060547,0.0,-60.0,0.0,0.0,0.0
,outer2,2,71,b7c1,,,,,,120.0,0.0,0.0,0.0,0.0,0.0,0.0,1.0,1.0,0.0
,outer2,2,71,b7c1,,,,,,120.0,30.0,0.0,90.0,90.0,30.0,180.0,1.0,0.0,-1.0
,outer2,2,71,b7c1,,,,,,120.0,60.0,0.0,0.0,0.0,0.0,0.0,1.0,1.0,0.0
,outer2,2,71,b7c1,,,,,,120.0,90.0,0.0,0.0,0.0,0.0,0.0,1.0,1.0,0.0
,outer2,2,71,b7c1,,,,,,120.0,120.0,0.0,0.0,0.0,0.0,0.0,1.0,1.0,0.0
,outer2,2,71,b7c1,,,,,,120.0,150.0,0.0,0.0,0.0,0.0,0.0,1.0,1.0,0.0
,outer2,2,71,b7c1,,,,,,120.0,180.0,0.0,0.0,0.0,0.0,0.0,1.0,1.0,0.0
,outer2,2,71,b7c1,,,,,,120.0,210.0,0.0,29.99998664855957,29.99998664855957,30.0,0.0,1.0,0.0,-1.0
,outer2,2,71,b7c1,,,,,,120.0,240.0,0.0,0.0,0.0,0.0,0.0,1.0,1.0,0.0
,outer2,2,71,b7c1,,,,,,120.0,270.0,0.0,0.0,0.0,0.0,0.0,1.0,1.0,0.0
,outer2,2,71,b7c1,,,,,,120.0,300.0,0.0,0.0,0.0,0.0,0.0,1.0,1.0,0.0
,outer2,2,71,b7c1,,,,,,120.0,330.0,0.0,0.0,0.0,0.0,0.0,1.0,1.0,0.0
,outer2,2,71,b7c1,,,,,,150.0,0.0,0.0,0.0,0.0,0.0,0.0,1.0,1.0,0.0
,outer2,2,71,b7c1,,,,,,150.0,30.0,0.0,0.0,0.0,0.0,0.0,1.0,1.0,0.0
,outer2,2,71,b7c1,,,,,,150.0,60.0,0.0,0.0,0.0,0.0,0.0,1.0,1.0,0.0
,outer2,2,71,b7c1,,,,,,150.0,90.0,0.0,0.0,0.0,0.0,0.0,1.0,1.0,0.0
,outer2,2,71,b7c1,,,,,,150.0,120.0,0.0,0.0,0.0,0.0,0.0,1.0,1.0,0.0
,outer2,2,71,b7c1,,,,,,150.0,150.0,0.0,0.0,0.0,0.0,0.0,1.0,1.0,0.0
,outer2,2,71,b7c1,,,,,,150.0,180.0,0.0,0.0,0.0,0.0,0.0,1.0,1.0,0.0
,outer2,2,71,b7c1,,,,,,150.0,210.0,0.0,0.0,0.0,0.0,0.0,1.0,1.0,0.0
,outer2,2,71,b7c1,,,,,,150.0,240.0,0.0,0.0,0.0,0.0,0.0,1.0,1.0,0.0
,outer2,2,71,b7c1,,,,,,150.0,270.0,0.0,0.0,0.0,0.0,0.0,1.0,1.0,0.0
,outer2,2,71,b7c1,,,,,,150.0,300.0,0.0,0.0,0.0,0.0,0.0,1.0,1.0,0.0
,outer2,2,71,b7c1,,,,,,150.0,330.0,0.0,0.0,0.0,0.0,0.0,1.0,1.0,0.0
,outer2,2,71,b80b,,,,,,30.0,0.0,0.0,0.0,0.0,0.0,0.0,1.0,1.0,0.0
,outer2,2,71,b80b,,,,,,30.0,30.0,0.0,0.0,0.0,0.0,0.0,1.0,1.0,0.0
,outer2,2,71,b80b,,,,,,30.0,60.0,0.0,0.0,0.0,0.0,0.0,1.0,1.0,0.0
,outer2,2,71,b80b,,,,,,30.0,90.0,0.0,0.0,0.0,0.0,0.0,1.0,1.0,0.0
,outer2,2,71,b80b,,,,,,30.0,120.0,0.0,0.0,0.0,0.0,0.0,1.0,1.0,0.0
,outer2,2,71,b80b,,,,,,30.0,150.0,0.0,0.0,0.0,0.0,0.0,1.0,1.0,0.0
,outer2,2,71,b80b,,,,,,30.0,180.0,0.0,0.0,0.0,0.0,0.0,1.0,1.0,0.0
,outer2,2,71,b80b,,,,,,30.0,210.0,0.0,0.0,0.0,0.0,0.0,1.0,1.0,0.0
,outer2,2,71,b80b,,,,,,30.0,240.0,0.0,0.0,0.0,0.0,0.0,1.0,1.0,0.0
,outer2,2,71,b80b,,,,,,30.0,270.0,0.0,0.0,0.0,0.0,0.0,1.0,1.0,0.0
,outer2,2,71,b80b,,,,,,30.0,300.0,0.0,0.0,0.0,0.0,0.0,1.0,1.0,0.0
,outer2,2,71,b80b,,,,,,30.0,330.0,0.0,0.0,0.0,0.0,0.0,1.0,1.0,0.0
,outer2,2,71,b80b,,,,,,60.0,0.0,0.0,0.0,0.0,0.0,0.0,1.0,1.0,0.0
,outer2,2,71,b80b,,,,,,60.0,30.0,0.0,0.0,0.0,0.0,0.0,1.0,1.0,0.0
,outer2,2,71,b80b,,,,,,60.0,60.0,0.0,0.0,0.0,0.0,0.0,1.0,1.0,0.0
,outer2,2,71,b80b,,,,,,60.0,90.0,0.0,0.0,0.0,0.0,0.0,1.0,1.0,0.0
,outer2,2,71,b80b,,,,,,60.0,120.0,0.0,0.0,0.0,0.0,0.0,1.0,1.0,0.0
,outer2,2,71,b80b,,,,,,60.0,150.0,0.0,0.0,0.0,0.0,0.0,1.0,1.0,0.0
,outer2,2,71,b80b,,,,,,60.0,180.0,0.0,0.0,0.0,0.0,0.0,1.0,1.0,0.0
,outer2,2,71,b80b,,,,,,60.0,210.0,0.0,0.0,0.0,0.0,0.0,1.0,1.0,0.0
,outer2,2,71,b80b,,,,,,60.0,240.0,0.0,0.0,0.0,0.0,0.0,1.0,1.0,0.0
,outer2,2,71,b80b,,,,,,60.0,270.0,0.0,0.0,0.0,0.0,0.0,1.0,1.0,0.0
,outer2,2,71,b80b,,,,,,60.0,300.0,0.0,0.0,0.0,0.0,0.0,1.0,1.0,0.0
,outer2,2,71,b80b,,,,,,60.0,330.0,0.0,0.0,0.0,0.0,0.0,1.0,1.0,0.0
,outer2,2,71,b80b,,,,,,90.0,0.0,0.0,0.0,0.0,0.0,0.0,1.0,1.0,0.0
,outer2,2,71,b80b,,,,,,90.0,30.0,0.0,0.0,0.0,0.0,0.0,1.0,1.0,0.0
,outer2,2,71,b80b,,,,,,90.0,60.0,0.0,0.0,0.0,0.0,0.0,1.0,1.0,0.0
,outer2,2,71,b80b,,,,,,90.0,90.0,0.0,0.0,0.0,0.0,0.0,1.0,1.0,0.0
,outer2,2,71,b80b,,,,,,90.0,120.0,0.0,0.0,0.0,0.0,0.0,1.0,1.0,0.0
,outer2,2,71,b80b,,,,,,90.0,150.0,0.0,180.0,180.0,0.0,180.0,1.0,0.0,-1.0
,outer2,2,71,b80b,,,,,,90.0,180.0,0.0,180.0,180.0,0.0,180.0,1.0,0.0,-1.0
,outer2,2,71,b80b,,,,,,90.0,210.0,0.0,0.0,0.0,0.0,0.0,1.0,1.0,0.0
,outer2,2,71,b80b,,,,,,90.0,240.0,0.0,0.0,0.0,0.0,0.0,1.0,1.0,0.0
,outer2,2,71,b80b,,,,,,90.0,270.0,0.0,0.0,0.0,0.0,0.0,1.0,1.0,0.0
,outer2,2,71,b80b,,,,,,90.0,300.0,0.0,180.0,180.0,0.0,180.0,1.0,0.0,-1.0
,outer2,2,71,b80b,,,,,,90.0,330.0,0.0,0.0,0.0,0.0,0.0,1.0,1.0,0.0
,outer2,2,71,b80b,,,,,,120.0,0.0,0.0,0.0,0.0,0.0,0.0,1.0,1.0,0.0
,outer2,2,71,b80b,,,,,,120.0,30.0,0.0,0.0,0.0,0.0,0.0,1.0,1.0,0.0
,outer2,2,71,b80b,,,,,,120.0,60.0,0.0,0.0,0.0,0.0,0.0,1.0,1.0,0.0
,outer2,2,71,b80b,,,,,,120.0,90.0,0.0,0.0,0.0,0.0,0.0,1.0,1.0,0.0
,outer2,2,71,b80b,,,,,,120.0,120.0,0.0,0.0,0.0,0.0,0.0,1.0,1.0,0.0
,outer2,2,71,b80b,,,,,,120.0,150.0,0.0,0.0,0.0,0.0,0.0,1.0,1.0,0.0
,outer2,2,71,b80b,,,,,,120.0,180.0,0.0,0.0,0.0,0.0,0.0,1.0,1.0,0.0
,outer2,2,71,b80b,,,,,,120.0,210.0,0.0,0.0,0.0,0.0,0.0,1.0,1.0,0.0
,outer2,2,71,b80b,,,,,,120.0,240.0,0.0,0.0,0.0,0.0,0.0,1.0,1.0,0.0
,outer2,2,71,b80b,,,,,,120.0,270.0,0.0,0.0,0.0,0.0,0.0,1.0,1.0,0.0
,outer2,2,71,b80b,,,,,,120.0,300.0,0.0,0.0,0.0,0.0,0.0,1.0,1.0,0.0
,outer2,2,71,b80b,,,,,,120.0,330.0,0.0,0.0,0.0,0.0,0.0,1.0,1.0,0.0
,outer2,2,71,b80b,,,,,,150.0,0.0,0.0,0.0,0.0,0.0,0.0,1.0,1.0,0.0
,outer2,2,71,b80b,,,,,,150.0,30.0,0.0,0.0,0.0,0.0,0.0,1.0,1.0,0.0
,outer2,2,71,b80b,,,,,,150.0,60.0,0.0,0.0,0.0,0.0,0.0,1.0,1.0,0.0
,outer2,2,71,b80b,,,,,,150.0,90.0,0.0,0.0,0.0,0.0,0.0,1.0,1.0,0.0
,outer2,2,71,b80b,,,,,,150.0,120.0,0.0,0.0,0.0,0.0,0.0,1.0,1.0,0.0
,outer2,2,71,b80b,,,,,,150.0,150.0,0.0,0.0,0.0,0.0,0.0,1.0,1.0,0.0
,outer2,2,71,b80b,,,,,,150.0,180.0,0.0,0.0,0.0,0.0,0.0,1.0,1.0,0.0
,outer2,2,71,b80b,,,,,,150.0,210.0,0.0,0.0,0.0,0.0,0.0,1.0,1.0,0.0
,outer2,2,71,b80b,,,,,,150.0,240.0,0.0,0.0,0.0,0.0,0.0,1.0,1.0,0.0
,outer2,2,71,b80b,,,,,,150.0,270.0,0.0,0.0,0.0,0.0,0.0,1.0,1.0,0.0
,outer2,2,71,b80b,,,,,,150.0,300.0,0.0,0.0,0.0,0.0,0.0,1.0,1.0,0.0
,outer2,2,71,b80b,,,,,,150.0,330.0,0.0,0.0,0.0,0.0,0.0,1.0,1.0,0.0
,outer2,2,71,b9e6,,,,,,30.0,0.0,0.0,0.0,0.0,0.0,0.0,1.0,1.0,0.0
,outer2,2,71,b9e6,,,,,,30.0,30.0,0.0,0.0,0.0,0.0,0.0,1.0,1.0,0.0
,outer2,2,71,b9e6,,,,,,30.0,60.0,0.0,0.0,0.0,0.0,0.0,1.0,1.0,0.0
,outer2,2,71,b9e6,,,,,,30.0,90.0,0.0,0.0,0.0,0.0,0.0,1.0,1.0,0.0
,outer2,2,71,b9e6,,,,,,30.0,120.0,0.0,0.0,0.0,0.0,0.0,1.0,1.0,0.0
,outer2,2,71,b9e6,,,,,,30.0,150.0,0.0,0.0,0.0,0.0,0.0,1.0,1.0,0.0
,outer2,2,71,b9e6,,,,,,30.0,180.0,0.0,0.0,0.0,0.0,0.0,1.0,1.0,0.0
,outer2,2,71,b9e6,,,,,,30.0,210.0,0.0,0.0,0.0,0.0,0.0,1.0,1.0,0.0
,outer2,2,71,b9e6,,,,,,30.0,240.0,0.0,0.0,0.0,0.0,0.0,1.0,1.0,0.0
,outer2,2,71,b9e6,,,,,,30.0,270.0,0.0,0.0,0.0,0.0,0.0,1.0,1.0,0.0
,outer2,2,71,b9e6,,,,,,30.0,300.0,0.0,0.0,0.0,0.0,0.0,1.0,1.0,0.0
,outer2,2,71,b9e6,,,,,,30.0,330.0,0.0,0.0,0.0,0.0,0.0,1.0,1.0,0.0
,outer2,2,71,b9e6,,,,,,60.0,0.0,0.0,0.0,0.0,0.0,0.0,1.0,1.0,0.0
,outer2,2,71,b9e6,,,,,,60.0,30.0,0.0,0.0,0.0,0.0,0.0,1.0,1.0,0.0
,outer2,2,71,b9e6,,,,,,60.0,60.0,0.0,128.68218994140625,128.68218994140625,60.0,120.0,1.0,0.0,-1.0
,outer2,2,71,b9e6,,,,,,60.0,90.0,0.0,0.0,0.0,0.0,0.0,1.0,1.0,0.0
,outer2,2,71,b9e6,,,,,,60.0,120.0,0.0,0.0,0.0,0.0,0.0,1.0,1.0,0.0
,outer2,2,71,b9e6,,,,,,60.0,150.0,0.0,82.81924438476562,82.81924438476562,60.0,60.0,1.0,0.0,-1.0
,outer2,2,71,b9e6,,,,,,60.0,180.0,0.0,30.000001907348633,30.000001907348633,30.0,0.0,1.0,0.0,-1.0
,outer2,2,71,b9e6,,,,,,60.0,210.0,0.0,120.00000762939453,120.00000762939453,0.0,180.0,1.0,0.0,-1.0
,outer2,2,71,b9e6,,,,,,60.0,240.0,0.0,25.905075073242188,25.905075073242188,0.0,30.0,1.0,0.0,-1.0
,outer2,2,71,b9e6,,,,,,60.0,270.0,0.0,0.0,0.0,0.0,0.0,1.0,1.0,0.0
,outer2,2,71,b9e6,,,,,,60.0,300.0,0.0,0.0,0.0,0.0,0.0,1.0,1.0,0.0
,outer2,2,71,b9e6,,,,,,60.0,330.0,0.0,0.0,0.0,0.0,0.0,1.0,1.0,0.0
,outer2,2,71,b9e6,,,,,,90.0,0.0,0.0,0.0,0.0,0.0,0.0,1.0,1.0,0.0
,outer2,2,71,b9e6,,,,,,90.0,30.0,0.0,0.0,0.0,0.0,0.0,1.0,1.0,0.0
,outer2,2,71,b9e6,,,,,,90.0,60.0,0.0,180.0,180.0,0.0,180.0,1.0,0.0,-1.0
,outer2,2,71,b9e6,,,,,,90.0,90.0,0.0,0.0,0.0,0.0,0.0,1.0,1.0,0.0
,outer2,2,71,b9e6,,,,,,90.0,120.0,60.000003814697266,0.0,-60.000003814697266,0.0,-60.0,0.0,1.0,1.0
,outer2,2,71,b9e6,,,,,,90.0,150.0,0.0,120.00000762939453,120.00000762939453,0.0,120.0,1.0,0.0,-1.0
,outer2,2,71,b9e6,,,,,,90.0,180.0,0.0,180.0,180.0,0.0,180.0,1.0,0.0,-1.0
,outer2,2,71,b9e6,,,,,,90.0,210.0,0.0,180.0,180.0,0.0,180.0,1.0,0.0,-1.0
,outer2,2,71,b9e6,,,,,,90.0,240.0,0.0,0.0,0.0,0.0,0.0,1.0,1.0,0.0
,outer2,2,71,b9e6,,,,,,90.0,270.0,0.0,180.0,180.0,0.0,180.0,1.0,0.0,-1.0
,outer2,2,71,b9e6,,,,,,90.0,300.0,60.000003814697266,180.0,119.99999618530273,0.0,120.0,0.0,0.0,0.0
,outer2,2,71,b9e6,,,,,,90.0,330.0,180.0,60.00000762939453,-119.99999237060547,0.0,-120.0,0.0,0.0,0.0
,outer2,2,71,b9e6,,,,,,120.0,0.0,0.0,0.0,0.0,0.0,0.0,1.0,1.0,0.0
,outer2,2,71,b9e6,,,,,,120.0,30.0,0.0,0.0,0.0,0.0,0.0,1.0,1.0,0.0
,outer2,2,71,b9e6,,,,,,120.0,60.0,0.0,0.0,0.0,0.0,0.0,1.0,1.0,0.0
,outer2,2,71,b9e6,,,,,,120.0,90.0,0.0,0.0,0.0,0.0,0.0,1.0,1.0,0.0
,outer2,2,71,b9e6,,,,,,120.0,120.0,0.0,0.0,0.0,0.0,0.0,1.0,1.0,0.0
,outer2,2,71,b9e6,,,,,,120.0,150.0,0.0,0.0,0.0,0.0,0.0,1.0,1.0,0.0
,outer2,2,71,b9e6,,,,,,120.0,180.0,0.0,0.0,0.0,0.0,0.0,1.0,1.0,0.0
,outer2,2,71,b9e6,,,,,,120.0,210.0,120.00000762939453,120.00000762939453,0.0,0.0,0.0,0.0,0.0,0.0
,outer2,2,71,b9e6,,,,,,120.0,240.0,0.0,0.0,0.0,0.0,0.0,1.0,1.0,0.0
,outer2,2,71,b9e6,,,,,,120.0,270.0,0.0,0.0,0.0,0.0,0.0,1.0,1.0,0.0
,outer2,2,71,b9e6,,,,,,120.0,300.0,0.0,0.0,0.0,0.0,0.0,1.0,1.0,0.0
,outer2,2,71,b9e6,,,,,,120.0,330.0,0.0,0.0,0.0,0.0,0.0,1.0,1.0,0.0
,outer2,2,71,b9e6,,,,,,150.0,0.0,0.0,0.0,0.0,0.0,0.0,1.0,1.0,0.0
,outer2,2,71,b9e6,,,,,,150.0,30.0,0.0,0.0,0.0,0.0,0.0,1.0,1.0,0.0
,outer2,2,71,b9e6,,,,,,150.0,60.0,0.0,0.0,0.0,0.0,0.0,1.0,1.0,0.0
,outer2,2,71,b9e6,,,,,,150.0,90.0,0.0,0.0,0.0,0.0,0.0,1.0,1.0,0.0
,outer2,2,71,b9e6,,,,,,150.0,120.0,0.0,0.0,0.0,0.0,0.0,1.0,1.0,0.0
,outer2,2,71,b9e6,,,,,,150.0,150.0,0.0,0.0,0.0,0.0,0.0,1.0,1.0,0.0
,outer2,2,71,b9e6,,,,,,150.0,180.0,0.0,0.0,0.0,0.0,0.0,1.0,1.0,0.0
,outer2,2,71,b9e6,,,,,,150.0,210.0,0.0,0.0,0.0,0.0,0.0,1.0,1.0,0.0
,outer2,2,71,b9e6,,,,,,150.0,240.0,0.0,0.0,0.0,0.0,0.0,1.0,1.0,0.0
,outer2,2,71,b9e6,,,,,,150.0,270.0,0.0,0.0,0.0,0.0,0.0,1.0,1.0,0.0
,outer2,2,71,b9e6,,,,,,150.0,300.0,0.0,0.0,0.0,0.0,0.0,1.0,1.0,0.0
,outer2,2,71,b9e6,,,,,,150.0,330.0,0.0,0.0,0.0,0.0,0.0,1.0,1.0,0.0
,outer2,2,71,ba0f,,,,,,30.0,0.0,90.0,30.000001907348633,-59.99999809265137,0.0,-180.0,0.0,0.0,0.0
,outer2,2,71,ba0f,,,,,,30.0,30.0,151.04498291015625,0.0,-151.04498291015625,-120.0,-120.0,0.0,1.0,1.0
,outer2,2,71,ba0f,,,,,,30.0,60.0,14.870942115783691,165.12905883789062,150.25811672210693,120.0,120.0,0.0,0.0,0.0
,outer2,2,71,ba0f,,,,,,30.0,90.0,57.7581901550293,60.000003814697266,2.2418136596679688,0.0,30.0,0.0,0.0,0.0
,outer2,2,71,ba0f,,,,,,30.0,120.0,0.0,60.000003814697266,60.000003814697266,0.0,180.0,1.0,0.0,-1.0
,outer2,2,71,ba0f,,,,,,30.0,150.0,0.0,60.000003814697266,60.000003814697266,0.0,180.0,1.0,0.0,-1.0
,outer2,2,71,ba0f,,,,,,30.0,180.0,0.0,93.32575225830078,93.32575225830078,90.0,30.0,1.0,0.0,-1.0
,outer2,2,71,ba0f,,,,,,30.0,210.0,128.68218994140625,151.04498291015625,22.36279296875,0.0,60.0,0.0,0.0,0.0
,outer2,2,71,ba0f,,,,,,30.0,240.0,57.7581901550293,128.68218994140625,70.92399978637695,120.0,-90.0,0.0,0.0,0.0
,outer2,2,71,ba0f,,,,,,30.0,270.0,122.24180603027344,120.00000762939453,-2.2417984008789062,0.0,-30.0,0.0,0.0,0.0
,outer2,2,71,ba0f,,,,,,30.0,300.0,60.000003814697266,0.0,-60.000003814697266,0.0,-180.0,0.0,1.0,1.0
,outer2,2,71,ba0f,,,,,,30.0,330.0,0.0,0.0,0.0,0.0,0.0,1.0,1.0,0.0
,outer2,2,71,ba0f,,,,,,60.0,0.0,0.0,30.000001907348633,30.000001907348633,30.0,0.0,1.0,0.0,-1.0
,outer2,2,71,ba0f,,,,,,60.0,30.0,0.0,120.00000762939453,120.00000762939453,0.0,180.0,1.0,0.0,-1.0
,outer2,2,71,ba0f,,,,,,60.0,60.0,0.0,51.31781005859375,51.31781005859375,0.0,60.0,1.0,0.0,-1.0
,outer2,2,71,ba0f,,,,,,60.0,90.0,0.0,120.00000762939453,120.00000762939453,0.0,180.0,1.0,0.0,-1.0
,outer2,2,71,ba0f,,,,,,60.0,120.0,120.00000762939453,154.09490966796875,34.09490203857422,60.0,-30.0,0.0,0.0,0.0
,outer2,2,71,ba0f,,,,,,60.0,150.0,120.00000762939453,102.50391387939453,-17.49609375,90.0,-120.0,0.0,0.0,0.0
,outer2,2,71,ba0f,,,,,,60.0,180.0,30.000001907348633,0.0,-30.000001907348633,-30.0,0.0,0.0,1.0,1.0
,outer2,2,71,ba0f,,,,,,60.0,210.0,0.0,66.45188903808594,66.45188903808594,60.0,30.0,1.0,0.0,-1.0
,outer2,2,71,ba0f,,,,,,60.0,240.0,41.40962219238281,97.1807632446289,55.771141052246094,-30.0,90.0,0.0,0.0,0.0
,outer2,2,71,ba0f,,,,,,60.0,270.0,150.0,29.999998092651367,-120.00000190734863,0.0,-180.0,0.0,0.0,0.0
,outer2,2,71,ba0f,,,,,,60.0,300.0,0.0,154.0949249267578,154.0949249267578,60.0,150.0,1.0,0.0,-1.0
,outer2,2,71,ba0f,,,,,,60.0,330.0,60.000003814697266,130.50535583496094,70.50535202026367,30.0,120.0,0.0,0.0,0.0
,outer2,2,71,ba0f,,,,,,90.0,0.0,180.0,0.0,-180.0,0.0,-180.0,0.0,1.0,1.0
,outer2,2,71,ba0f,,,,,,90.0,30.0,60.00000762939453,60.00000762939453,0.0,0.0,0.0,0.0,0.0,0.0
,outer2,2,71,ba0f,,,,,,90.0,60.0,0.0,0.0,0.0,0.0,0.0,1.0,1.0,0.0
,outer2,2,71,ba0f,,,,,,90.0,90.0,0.0,0.0,0.0,0.0,0.0,1.0,1.0,0.0
,outer2,2,71,ba0f,,,,,,90.0,120.0,0.0,120.00000762939453,120.00000762939453,0.0,120.0,1.0,0.0,-1.0
,outer2,2,71,ba0f,,,,,,90.0,150.0,150.0,0.0,-150.0,0.0,-150.0,0.0,1.0,1.0
,outer2,2,71,ba0f,,,,,,90.0,180.0,0.0,180.0,180.0,0.0,180.0,1.0,0.0,-1.0
,outer2,2,71,ba0f,,,,,,90.0,210.0,120.00000762939453,120.00000762939453,0.0,0.0,0.0,0.0,0.0,0.0
,outer2,2,71,ba0f,,,,,,90.0,240.0,180.0,60.000003814697266,-119.99999618530273,0.0,-120.0,0.0,0.0,0.0
,outer2,2,71,ba0f,,,,,,90.0,270.0,180.0,180.0,0.0,0.0,0.0,0.0,0.0,0.0
,outer2,2,71,ba0f,,,,,,90.0,300.0,180.0,60.000003814697266,-119.99999618530273,0.0,-120.0,0.0,0.0,0.0
,outer2,2,71,ba0f,,,,,,90.0,330.0,30.00000762939453,180.0,149.99999237060547,0.0,150.0,0.0,0.0,0.0
,outer2,2,71,ba0f,,,,,,120.0,0.0,0.0,29.99998664855957,29.99998664855957,30.0,0.0,1.0,0.0,-1.0
,outer2,2,71,ba0f,,,,,,120.0,30.0,0.0,120.00000762939453,120.00000762939453,0.0,180.0,1.0,0.0,-1.0
,outer2,2,71,ba0f,,,,,,120.0,60.0,0.0,0.0,0.0,0.0,0.0,1.0,1.0,0.0
,outer2,2,71,ba0f,,,,,,120.0,90.0,0.0,0.0,0.0,0.0,0.0,1.0,1.0,0.0
,outer2,2,71,ba0f,,,,,,120.0,120.0,120.00000762939453,120.00000762939453,0.0,0.0,0.0,0.0,0.0,0.0
,outer2,2,71,ba0f,,,,,,120.0,150.0,120.00000762939453,113.54811096191406,-6.451896667480469,0.0,-30.0,0.0,0.0,0.0
,outer2,2,71,ba0f,,,,,,120.0,180.0,0.0,0.0,0.0,0.0,0.0,1.0,1.0,0.0
,outer2,2,71,ba0f,,,,,,120.0,210.0,51.31781005859375,60.000003814697266,8.682193756103516,60.0,-60.0,0.0,0.0,0.0
,outer2,2,71,ba0f,,,,,,120.0,240.0,0.0,120.00000762939453,120.00000762939453,0.0,180.0,1.0,0.0,-1.0
,outer2,2,71,ba0f,,,,,,120.0,270.0,41.40962219238281,60.000003814697266,18.590381622314453,30.0,-30.0,0.0,0.0,0.0
,outer2,2,71,ba0f,,,,,,120.0,300.0,0.0,180.0,180.0,60.0,180.0,1.0,0.0,-1.0
,outer2,2,71,ba0f,,,,,,120.0,330.0,0.0,97.18075561523438,97.18075561523438,0.0,120.0,1.0,0.0,-1.0
,outer2,2,71,ba0f,,,,,,150.0,0.0,60.000003814697266,90.0,29.999996185302734,30.0,0.0,0.0,0.0,0.0
,outer2,2,71,ba0f,,,,,,150.0,30.0,151.04498291015625,151.04498291015625,0.0,0.0,0.0,0.0,0.0,0.0
,outer2,2,71,ba0f,,,,,,150.0,60.0,128.68218994140625,165.12905883789062,36.446868896484375,0.0,90.0,0.0,0.0,0.0
,outer2,2,71,ba0f,,,,,,150.0,90.0,14.870942115783691,60.000003814697266,45.129061698913574,0.0,150.0,0.0,0.0,0.0
,outer2,2,71,ba0f,,,,,,150.0,120.0,0.0,60.000003814697266,60.000003814697266,0.0,180.0,1.0,0.0,-1.0
,outer2,2,71,ba0f,,,,,,150.0,150.0,0.0,60.000003814697266,60.000003814697266,0.0,180.0,1.0,0.0,-1.0
,outer2,2,71,ba0f,,,,,,150.0,180.0,29.99998664855957,90.0,60.00001335144043,0.0,180.0,0.0,0.0,0.0
,outer2,2,71,ba0f,,,,,,150.0,210.0,128.68218994140625,151.04498291015625,22.36279296875,0.0,60.0,0.0,0.0,0.0
,outer2,2,71,ba0f,,,,,,150.0,240.0,151.04498291015625,128.68218994140625,-22.36279296875,0.0,-60.0,0.0,0.0,0.0
,outer2,2,71,ba0f,,,,,,150.0,270.0,14.870942115783691,120.00000762939453,105.12906551361084,120.0,-30.0,0.0,0.0,0.0
,outer2,2,71,ba0f,,,,,,150.0,300.0,60.000003814697266,0.0,-60.000003814697266,0.0,-180.0,0.0,1.0,1.0
,outer2,2,71,ba0f,,,,,,150.0,330.0,0.0,0.0,0.0,0.0,0.0,1.0,1.0,0.0
,outer2,2,71,bb7c,,,,,,30.0,0.0,0.0,30.000001907348633,30.000001907348633,30.0,0.0,1.0,0.0,-1.0
,outer2,2,71,bb7c,,,,,,30.0,30.0,0.0,0.0,0.0,0.0,0.0,1.0,1.0,0.0
,outer2,2,71,bb7c,,,,,,30.0,60.0,0.0,0.0,0.0,0.0,0.0,1.0,1.0,0.0
,outer2,2,71,bb7c,,,,,,30.0,90.0,0.0,0.0,0.0,0.0,0.0,1.0,1.0,0.0
,outer2,2,71,bb7c,,,,,,30.0,120.0,0.0,0.0,0.0,0.0,0.0,1.0,1.0,0.0
,outer2,2,71,bb7c,,,,,,30.0,150.0,0.0,0.0,0.0,0.0,0.0,1.0,1.0,0.0
,outer2,2,71,bb7c,,,,,,30.0,180.0,0.0,90.0,90.0,30.0,180.0,1.0,0.0,-1.0
,outer2,2,71,bb7c,,,,,,30.0,210.0,0.0,0.0,0.0,0.0,0.0,1.0,1.0,0.0
,outer2,2,71,bb7c,,,,,,30.0,240.0,0.0,0.0,0.0,0.0,0.0,1.0,1.0,0.0
,outer2,2,71,bb7c,,,,,,30.0,270.0,0.0,0.0,0.0,0.0,0.0,1.0,1.0,0.0
,outer2,2,71,bb7c,,,,,,30.0,300.0,0.0,0.0,0.0,0.0,0.0,1.0,1.0,0.0
,outer2,2,71,bb7c,,,,,,30.0,330.0,0.0,0.0,0.0,0.0,0.0,1.0,1.0,0.0
,outer2,2,71,bb7c,,,,,,60.0,0.0,0.0,0.0,0.0,0.0,0.0,1.0,1.0,0.0
,outer2,2,71,bb7c,,,,,,60.0,30.0,0.0,0.0,0.0,0.0,0.0,1.0,1.0,0.0
,outer2,2,71,bb7c,,,,,,60.0,60.0,0.0,51.31781005859375,51.31781005859375,0.0,60.0,1.0,0.0,-1.0
,outer2,2,71,bb7c,,,,,,60.0,90.0,0.0,0.0,0.0,0.0,0.0,1.0,1.0,0.0
,outer2,2,71,bb7c,,,,,,60.0,120.0,0.0,0.0,0.0,0.0,0.0,1.0,1.0,0.0
,outer2,2,71,bb7c,,,,,,60.0,150.0,0.0,0.0,0.0,0.0,0.0,1.0,1.0,0.0
,outer2,2,71,bb7c,,,,,,60.0,180.0,120.00000762939453,0.0,-120.00000762939453,0.0,-180.0,0.0,1.0,1.0
,outer2,2,71,bb7c,,,,,,60.0,210.0,0.0,82.81924438476562,82.81924438476562,60.0,60.0,1.0,0.0,-1.0
,outer2,2,71,bb7c,,,,,,60.0,240.0,0.0,0.0,0.0,0.0,0.0,1.0,1.0,0.0
,outer2,2,71,bb7c,,,,,,60.0,270.0,0.0,120.00000762939453,120.00000762939453,0.0,180.0,1.0,0.0,-1.0
,outer2,2,71,bb7c,,,,,,60.0,300.0,0.0,0.0,0.0,0.0,0.0,1.0,1.0,0.0
,outer2,2,71,bb7c,,,,,,60.0,330.0,0.0,0.0,0.0,0.0,0.0,1.0,1.0,0.0
,outer2,2,71,bb7c,,,,,,90.0,0.0,0.0,0.0,0.0,0.0,0.0,1.0,1.0,0.0
,outer2,2,71,bb7c,,,,,,90.0,30.0,180.0,180.0,0.0,0.0,0.0,0.0,0.0,0.0
,outer2,2,71,bb7c,,,,,,90.0,60.0,41.40962219238281,119.99999237060547,78.59037017822266,-30.0,90.0,0.0,0.0,0.0
,outer2,2,71,bb7c,,,,,,90.0,90.0,0.0,180.0,180.0,0.0,180.0,1.0,0.0,-1.0
,outer2,2,71,bb7c,,,,,,90.0,120.0,0.0,180.0,180.0,0.0,180.0,1.0,0.0,-1.0
,outer2,2,71,bb7c,,,,,,90.0,150.0,180.0,180.0,0.0,0.0,0.0,0.0,0.0,0.0
,outer2,2,71,bb7c,,,,,,90.0,180.0,180.0,180.0,0.0,0.0,0.0,0.0,0.0,0.0
,outer2,2,71,bb7c,,,,,,90.0,210.0,0.0,0.0,0.0,0.0,0.0,1.0,1.0,0.0
,outer2,2,71,bb7c,,,,,,90.0,240.0,0.0,180.0,180.0,0.0,180.0,1.0,0.0,-1.0
,outer2,2,71,bb7c,,,,,,90.0,270.0,0.0,0.0,0.0,0.0,0.0,1.0,1.0,0.0
,outer2,2,71,bb7c,,,,,,90.0,300.0,180.0,0.0,-180.0,0.0,-180.0,0.0,1.0,1.0
,outer2,2,71,bb7c,,,,,,90.0,330.0,0.0,0.0,0.0,0.0,0.0,1.0,1.0,0.0
,outer2,2,71,bb7c,,,,,,120.0,0.0,0.0,0.0,0.0,0.0,0.0,1.0,1.0,0.0
,outer2,2,71,bb7c,,,,,,120.0,30.0,0.0,0.0,0.0,0.0,0.0,1.0,1.0,0.0
,outer2,2,71,bb7c,,,,,,120.0,60.0,0.0,0.0,0.0,0.0,0.0,1.0,1.0,0.0
,outer2,2,71,bb7c,,,,,,120.0,90.0,0.0,0.0,0.0,0.0,0.0,1.0,1.0,0.0
,outer2,2,71,bb7c,,,,,,120.0,120.0,0.0,0.0,0.0,0.0,0.0,1.0,1.0,0.0
,outer2,2,71,bb7c,,,,,,120.0,150.0,0.0,0.0,0.0,0.0,0.0,1.0,1.0,0.0
,outer2,2,71,bb7c,,,,,,120.0,180.0,0.0,0.0,0.0,0.0,0.0,1.0,1.0,0.0
,outer2,2,71,bb7c,,,,,,120.0,210.0,0.0,25.905075073242188,25.905075073242188,0.0,30.0,1.0,0.0,-1.0
,outer2,2,71,bb7c,,,,,,120.0,240.0,0.0,0.0,0.0,0.0,0.0,1.0,1.0,0.0
,outer2,2,71,bb7c,,,,,,120.0,270.0,25.905075073242188,120.00000762939453,94.09493255615234,0.0,150.0,0.0,0.0,0.0
,outer2,2,71,bb7c,,,,,,120.0,300.0,0.0,0.0,0.0,0.0,0.0,1.0,1.0,0.0
,outer2,2,71,bb7c,,,,,,120.0,330.0,0.0,82.81924438476562,82.81924438476562,60.0,60.0,1.0,0.0,-1.0
,outer2,2,71,bb7c,,,,,,150.0,0.0,0.0,29.99998664855957,29.99998664855957,30.0,0.0,1.0,0.0,-1.0
,outer2,2,71,bb7c,,,,,,150.0,30.0,0.0,0.0,0.0,0.0,0.0,1.0,1.0,0.0
,outer2,2,71,bb7c,,,,,,150.0,60.0,0.0,0.0,0.0,0.0,0.0,1.0,1.0,0.0
,outer2,2,71,bb7c,,,,,,150.0,90.0,0.0,0.0,0.0,0.0,0.0,1.0,1.0,0.0
,outer2,2,71,bb7c,,,,,,150.0,120.0,0.0,0.0,0.0,0.0,0.0,1.0,1.0,0.0
,outer2,2,71,bb7c,,,,,,150.0,150.0,0.0,0.0,0.0,0.0,0.0,1.0,1.0,0.0
,outer2,2,71,bb7c,,,,,,150.0,180.0,0.0,90.0,90.0,30.0,180.0,1.0,0.0,-1.0
,outer2,2,71,bb7c,,,,,,150.0,210.0,0.0,0.0,0.0,0.0,0.0,1.0,1.0,0.0
,outer2,2,71,bb7c,,,,,,150.0,240.0,0.0,0.0,0.0,0.0,0.0,1.0,1.0,0.0
,outer2,2,71,bb7c,,,,,,150.0,270.0,0.0,0.0,0.0,0.0,0.0,1.0,1.0,0.0
,outer2,2,71,bb7c,,,,,,150.0,300.0,0.0,0.0,0.0,0.0,0.0,1.0,1.0,0.0
,outer2,2,71,bb7c,,,,,,150.0,330.0,0.0,0.0,0.0,0.0,0.0,1.0,1.0,0.0
,outer2,2,72,b7c1,,,,,,30.0,0.0,0.0,0.0,0.0,0.0,0.0,1.0,1.0,0.0
,outer2,2,72,b7c1,,,,,,30.0,30.0,0.0,0.0,0.0,0.0,0.0,1.0,1.0,0.0
,outer2,2,72,b7c1,,,,,,30.0,60.0,0.0,0.0,0.0,0.0,0.0,1.0,1.0,0.0
,outer2,2,72,b7c1,,,,,,30.0,90.0,0.0,0.0,0.0,0.0,0.0,1.0,1.0,0.0
,outer2,2,72,b7c1,,,,,,30.0,120.0,0.0,0.0,0.0,0.0,0.0,1.0,1.0,0.0
,outer2,2,72,b7c1,,,,,,30.0,150.0,0.0,0.0,0.0,0.0,0.0,1.0,1.0,0.0
,outer2,2,72,b7c1,,,,,,30.0,180.0,0.0,0.0,0.0,0.0,0.0,1.0,1.0,0.0
,outer2,2,72,b7c1,,,,,,30.0,210.0,0.0,0.0,0.0,0.0,0.0,1.0,1.0,0.0
,outer2,2,72,b7c1,,,,,,30.0,240.0,0.0,0.0,0.0,0.0,0.0,1.0,1.0,0.0
,outer2,2,72,b7c1,,,,,,30.0,270.0,0.0,0.0,0.0,0.0,0.0,1.0,1.0,0.0
,outer2,2,72,b7c1,,,,,,30.0,300.0,0.0,0.0,0.0,0.0,0.0,1.0,1.0,0.0
,outer2,2,72,b7c1,,,,,,30.0,330.0,0.0,0.0,0.0,0.0,0.0,1.0,1.0,0.0
,outer2,2,72,b7c1,,,,,,60.0,0.0,0.0,0.0,0.0,0.0,0.0,1.0,1.0,0.0
,outer2,2,72,b7c1,,,,,,60.0,30.0,0.0,120.00000762939453,120.00000762939453,0.0,180.0,1.0,0.0,-1.0
,outer2,2,72,b7c1,,,,,,60.0,60.0,0.0,0.0,0.0,0.0,0.0,1.0,1.0,0.0
,outer2,2,72,b7c1,,,,,,60.0,90.0,0.0,0.0,0.0,0.0,0.0,1.0,1.0,0.0
,outer2,2,72,b7c1,,,,,,60.0,120.0,0.0,0.0,0.0,0.0,0.0,1.0,1.0,0.0
,outer2,2,72,b7c1,,,,,,60.0,150.0,0.0,0.0,0.0,0.0,0.0,1.0,1.0,0.0
,outer2,2,72,b7c1,,,,,,60.0,180.0,0.0,0.0,0.0,0.0,0.0,1.0,1.0,0.0
,outer2,2,72,b7c1,,,,,,60.0,210.0,0.0,0.0,0.0,0.0,0.0,1.0,1.0,0.0
,outer2,2,72,b7c1,,,,,,60.0,240.0,0.0,0.0,0.0,0.0,0.0,1.0,1.0,0.0
,outer2,2,72,b7c1,,,,,,60.0,270.0,0.0,0.0,0.0,0.0,0.0,1.0,1.0,0.0
,outer2,2,72,b7c1,,,,,,60.0,300.0,0.0,0.0,0.0,0.0,0.0,1.0,1.0,0.0
,outer2,2,72,b7c1,,,,,,60.0,330.0,0.0,0.0,0.0,0.0,0.0,1.0,1.0,0.0
,outer2,2,72,b7c1,,,,,,90.0,0.0,180.0,0.0,-180.0,0.0,-180.0,0.0,1.0,1.0
,outer2,2,72,b7c1,,,,,,90.0,30.0,180.0,0.0,-180.0,0.0,-180.0,0.0,1.0,1.0
,outer2,2,72,b7c1,,,,,,90.0,60.0,0.0,0.0,0.0,0.0,0.0,1.0,1.0,0.0
,outer2,2,72,b7c1,,,,,,90.0,90.0,180.0,0.0,-180.0,0.0,-180.0,0.0,1.0,1.0
,outer2,2,72,b7c1,,,,,,90.0,120.0,120.00000762939453,180.0,59.99999237060547,0.0,60.0,0.0,0.0,0.0
,outer2,2,72,b7c1,,,,,,90.0,150.0,120.00000762939453,120.00000762939453,0.0,0.0,0.0,0.0,0.0,0.0
,outer2,2,72,b7c1,,,,,,90.0,180.0,180.0,180.0,0.0,0.0,0.0,0.0,0.0,0.0
,outer2,2,72,b7c1,,,,,,90.0,210.0,0.0,180.0,180.0,0.0,180.0,1.0,0.0,-1.0
,outer2,2,72,b7c1,,,,,,90.0,240.0,0.0,180.0,180.0,0.0,180.0,1.0,0.0,-1.0
,outer2,2,72,b7c1,,,,,,90.0,270.0,0.0,180.0,180.0,0.0,180.0,1.0,0.0,-1.0
,outer2,2,72,b7c1,,,,,,90.0,300.0,0.0,0.0,0.0,0.0,0.0,1.0,1.0,0.0
,outer2,2,72,b7c1,,,,,,90.0,330.0,60.00000762939453,60.00000762939453,0.0,0.0,0.0,0.0,0.0,0.0
,outer2,2,72,b7c1,,,,,,120.0,0.0,0.0,0.0,0.0,0.0,0.0,1.0,1.0,0.0
,outer2,2,72,b7c1,,,,,,120.0,30.0,0.0,0.0,0.0,0.0,0.0,1.0,1.0,0.0
,outer2,2,72,b7c1,,,,,,120.0,60.0,0.0,0.0,0.0,0.0,0.0,1.0,1.0,0.0
,outer2,2,72,b7c1,,,,,,120.0,90.0,0.0,0.0,0.0,0.0,0.0,1.0,1.0,0.0
,outer2,2,72,b7c1,,,,,,120.0,120.0,0.0,0.0,0.0,0.0,0.0,1.0,1.0,0.0
,outer2,2,72,b7c1,,,,,,120.0,150.0,0.0,0.0,0.0,0.0,0.0,1.0,1.0,0.0
,outer2,2,72,b7c1,,,,,,120.0,180.0,0.0,0.0,0.0,0.0,0.0,1.0,1.0,0.0
,outer2,2,72,b7c1,,,,,,120.0,210.0,0.0,120.00000762939453,120.00000762939453,0.0,180.0,1.0,0.0,-1.0
,outer2,2,72,b7c1,,,,,,120.0,240.0,0.0,0.0,0.0,0.0,0.0,1.0,1.0,0.0
,outer2,2,72,b7c1,,,,,,120.0,270.0,0.0,0.0,0.0,0.0,0.0,1.0,1.0,0.0
,outer2,2,72,b7c1,,,,,,120.0,300.0,0.0,0.0,0.0,0.0,0.0,1.0,1.0,0.0
,outer2,2,72,b7c1,,,,,,120.0,330.0,0.0,0.0,0.0,0.0,0.0,1.0,1.0,0.0
,outer2,2,72,b7c1,,,,,,150.0,0.0,0.0,0.0,0.0,0.0,0.0,1.0,1.0,0.0
,outer2,2,72,b7c1,,,,,,150.0,30.0,0.0,0.0,0.0,0.0,0.0,1.0,1.0,0.0
,outer2,2,72,b7c1,,,,,,150.0,60.0,0.0,0.0,0.0,0.0,0.0,1.0,1.0,0.0
,outer2,2,72,b7c1,,,,,,150.0,90.0,0.0,0.0,0.0,0.0,0.0,1.0,1.0,0.0
,outer2,2,72,b7c1,,,,,,150.0,120.0,0.0,0.0,0.0,0.0,0.0,1.0,1.0,0.0
,outer2,2,72,b7c1,,,,,,150.0,150.0,0.0,0.0,0.0,0.0,0.0,1.0,1.0,0.0
,outer2,2,72,b7c1,,,,,,150.0,180.0,0.0,90.0,90.0,30.0,180.0,1.0,0.0,-1.0
,outer2,2,72,b7c1,,,,,,150.0,210.0,0.0,60.000003814697266,60.000003814697266,0.0,180.0,1.0,0.0,-1.0
,outer2,2,72,b7c1,,,,,,150.0,240.0,0.0,0.0,0.0,0.0,0.0,1.0,1.0,0.0
,outer2,2,72,b7c1,,,,,,150.0,270.0,0.0,0.0,0.0,0.0,0.0,1.0,1.0,0.0
,outer2,2,72,b7c1,,,,,,150.0,300.0,0.0,0.0,0.0,0.0,0.0,1.0,1.0,0.0
,outer2,2,72,b7c1,,,,,,150.0,330.0,0.0,0.0,0.0,0.0,0.0,1.0,1.0,0.0
,outer2,2,72,b80b,,,,,,30.0,0.0,0.0,0.0,0.0,0.0,0.0,1.0,1.0,0.0
,outer2,2,72,b80b,,,,,,30.0,30.0,0.0,0.0,0.0,0.0,0.0,1.0,1.0,0.0
,outer2,2,72,b80b,,,,,,30.0,60.0,0.0,0.0,0.0,0.0,0.0,1.0,1.0,0.0
,outer2,2,72,b80b,,,,,,30.0,90.0,0.0,0.0,0.0,0.0,0.0,1.0,1.0,0.0
,outer2,2,72,b80b,,,,,,30.0,120.0,0.0,0.0,0.0,0.0,0.0,1.0,1.0,0.0
,outer2,2,72,b80b,,,,,,30.0,150.0,0.0,0.0,0.0,0.0,0.0,1.0,1.0,0.0
,outer2,2,72,b80b,,,,,,30.0,180.0,0.0,0.0,0.0,0.0,0.0,1.0,1.0,0.0
,outer2,2,72,b80b,,,,,,30.0,210.0,0.0,0.0,0.0,0.0,0.0,1.0,1.0,0.0
,outer2,2,72,b80b,,,,,,30.0,240.0,0.0,0.0,0.0,0.0,0.0,1.0,1.0,0.0
,outer2,2,72,b80b,,,,,,30.0,270.0,0.0,0.0,0.0,0.0,0.0,1.0,1.0,0.0
,outer2,2,72,b80b,,,,,,30.0,300.0,0.0,0.0,0.0,0.0,0.0,1.0,1.0,0.0
,outer2,2,72,b80b,,,,,,30.0,330.0,0.0,0.0,0.0,0.0,0.0,1.0,1.0,0.0
,outer2,2,72,b80b,,,,,,60.0,0.0,0.0,0.0,0.0,0.0,0.0,1.0,1.0,0.0
,outer2,2,72,b80b,,,,,,60.0,30.0,0.0,0.0,0.0,0.0,0.0,1.0,1.0,0.0
,outer2,2,72,b80b,,,,,,60.0,60.0,0.0,0.0,0.0,0.0,0.0,1.0,1.0,0.0
,outer2,2,72,b80b,,,,,,60.0,90.0,0.0,0.0,0.0,0.0,0.0,1.0,1.0,0.0
,outer2,2,72,b80b,,,,,,60.0,120.0,0.0,0.0,0.0,0.0,0.0,1.0,1.0,0.0
,outer2,2,72,b80b,,,,,,60.0,150.0,0.0,0.0,0.0,0.0,0.0,1.0,1.0,0.0
,outer2,2,72,b80b,,,,,,60.0,180.0,0.0,0.0,0.0,0.0,0.0,1.0,1.0,0.0
,outer2,2,72,b80b,,,,,,60.0,210.0,0.0,0.0,0.0,0.0,0.0,1.0,1.0,0.0
,outer2,2,72,b80b,,,,,,60.0,240.0,0.0,0.0,0.0,0.0,0.0,1.0,1.0,0.0
,outer2,2,72,b80b,,,,,,60.0,270.0,0.0,0.0,0.0,0.0,0.0,1.0,1.0,0.0
,outer2,2,72,b80b,,,,,,60.0,300.0,0.0,0.0,0.0,0.0,0.0,1.0,1.0,0.0
,outer2,2,72,b80b,,,,,,60.0,330.0,0.0,0.0,0.0,0.0,0.0,1.0,1.0,0.0
,outer2,2,72,b80b,,,,,,90.0,0.0,180.0,0.0,-180.0,0.0,-180.0,0.0,1.0,1.0
,outer2,2,72,b80b,,,,,,90.0,30.0,0.0,0.0,0.0,0.0,0.0,1.0,1.0,0.0
,outer2,2,72,b80b,,,,,,90.0,60.0,0.0,0.0,0.0,0.0,0.0,1.0,1.0,0.0
,outer2,2,72,b80b,,,,,,90.0,90.0,0.0,0.0,0.0,0.0,0.0,1.0,1.0,0.0
,outer2,2,72,b80b,,,,,,90.0,120.0,0.0,0.0,0.0,0.0,0.0,1.0,1.0,0.0
,outer2,2,72,b80b,,,,,,90.0,150.0,0.0,120.00000762939453,120.00000762939453,0.0,120.0,1.0,0.0,-1.0
,outer2,2,72,b80b,,,,,,90.0,180.0,0.0,180.0,180.0,0.0,180.0,1.0,0.0,-1.0
,outer2,2,72,b80b,,,,,,90.0,210.0,0.0,180.0,180.0,0.0,180.0,1.0,0.0,-1.0
,outer2,2,72,b80b,,,,,,90.0,240.0,0.0,180.0,180.0,0.0,180.0,1.0,0.0,-1.0
,outer2,2,72,b80b,,,,,,90.0,270.0,0.0,180.0,180.0,0.0,180.0,1.0,0.0,-1.0
,outer2,2,72,b80b,,,,,,90.0,300.0,0.0,0.0,0.0,0.0,0.0,1.0,1.0,0.0
,outer2,2,72,b80b,,,,,,90.0,330.0,0.0,60.00000762939453,60.00000762939453,0.0,60.0,1.0,0.0,-1.0
,outer2,2,72,b80b,,,,,,120.0,0.0,0.0,0.0,0.0,0.0,0.0,1.0,1.0,0.0
,outer2,2,72,b80b,,,,,,120.0,30.0,0.0,0.0,0.0,0.0,0.0,1.0,1.0,0.0
,outer2,2,72,b80b,,,,,,120.0,60.0,0.0,0.0,0.0,0.0,0.0,1.0,1.0,0.0
,outer2,2,72,b80b,,,,,,120.0,90.0,0.0,0.0,0.0,0.0,0.0,1.0,1.0,0.0
,outer2,2,72,b80b,,,,,,120.0,120.0,0.0,0.0,0.0,0.0,0.0,1.0,1.0,0.0
,outer2,2,72,b80b,,,,,,120.0,150.0,0.0,0.0,0.0,0.0,0.0,1.0,1.0,0.0
,outer2,2,72,b80b,,,,,,120.0,180.0,0.0,0.0,0.0,0.0,0.0,1.0,1.0,0.0
,outer2,2,72,b80b,,,,,,120.0,210.0,0.0,0.0,0.0,0.0,0.0,1.0,1.0,0.0
,outer2,2,72,b80b,,,,,,120.0,240.0,0.0,0.0,0.0,0.0,0.0,1.0,1.0,0.0
,outer2,2,72,b80b,,,,,,120.0,270.0,0.0,0.0,0.0,0.0,0.0,1.0,1.0,0.0
,outer2,2,72,b80b,,,,,,120.0,300.0,0.0,0.0,0.0,0.0,0.0,1.0,1.0,0.0
,outer2,2,72,b80b,,,,,,120.0,330.0,0.0,0.0,0.0,0.0,0.0,1.0,1.0,0.0
,outer2,2,72,b80b,,,,,,150.0,0.0,0.0,0.0,0.0,0.0,0.0,1.0,1.0,0.0
,outer2,2,72,b80b,,,,,,150.0,30.0,0.0,0.0,0.0,0.0,0.0,1.0,1.0,0.0
,outer2,2,72,b80b,,,,,,150.0,60.0,0.0,0.0,0.0,0.0,0.0,1.0,1.0,0.0
,outer2,2,72,b80b,,,,,,150.0,90.0,0.0,0.0,0.0,0.0,0.0,1.0,1.0,0.0
,outer2,2,72,b80b,,,,,,150.0,120.0,0.0,0.0,0.0,0.0,0.0,1.0,1.0,0.0
,outer2,2,72,b80b,,,,,,150.0,150.0,0.0,0.0,0.0,0.0,0.0,1.0,1.0,0.0
,outer2,2,72,b80b,,,,,,150.0,180.0,0.0,0.0,0.0,0.0,0.0,1.0,1.0,0.0
,outer2,2,72,b80b,,,,,,150.0,210.0,0.0,0.0,0.0,0.0,0.0,1.0,1.0,0.0
,outer2,2,72,b80b,,,,,,150.0,240.0,0.0,0.0,0.0,0.0,0.0,1.0,1.0,0.0
,outer2,2,72,b80b,,,,,,150.0,270.0,0.0,0.0,0.0,0.0,0.0,1.0,1.0,0.0
,outer2,2,72,b80b,,,,,,150.0,300.0,0.0,0.0,0.0,0.0,0.0,1.0,1.0,0.0
,outer2,2,72,b80b,,,,,,150.0,330.0,0.0,0.0,0.0,0.0,0.0,1.0,1.0,0.0
,outer2,2,72,b9e6,,,,,,30.0,0.0,0.0,0.0,0.0,0.0,0.0,1.0,1.0,0.0
,outer2,2,72,b9e6,,,,,,30.0,30.0,0.0,0.0,0.0,0.0,0.0,1.0,1.0,0.0
,outer2,2,72,b9e6,,,,,,30.0,60.0,0.0,0.0,0.0,0.0,0.0,1.0,1.0,0.0
,outer2,2,72,b9e6,,,,,,30.0,90.0,0.0,0.0,0.0,0.0,0.0,1.0,1.0,0.0
,outer2,2,72,b9e6,,,,,,30.0,120.0,0.0,0.0,0.0,0.0,0.0,1.0,1.0,0.0
,outer2,2,72,b9e6,,,,,,30.0,150.0,0.0,0.0,0.0,0.0,0.0,1.0,1.0,0.0
,outer2,2,72,b9e6,,,,,,30.0,180.0,0.0,0.0,0.0,0.0,0.0,1.0,1.0,0.0
,outer2,2,72,b9e6,,,,,,30.0,210.0,0.0,0.0,0.0,0.0,0.0,1.0,1.0,0.0
,outer2,2,72,b9e6,,,,,,30.0,240.0,0.0,0.0,0.0,0.0,0.0,1.0,1.0,0.0
,outer2,2,72,b9e6,,,,,,30.0,270.0,0.0,0.0,0.0,0.0,0.0,1.0,1.0,0.0
,outer2,2,72,b9e6,,,,,,30.0,300.0,0.0,0.0,0.0,0.0,0.0,1.0,1.0,0.0
,outer2,2,72,b9e6,,,,,,30.0,330.0,0.0,0.0,0.0,0.0,0.0,1.0,1.0,0.0
,outer2,2,72,b9e6,,,,,,60.0,0.0,0.0,30.000001907348633,30.000001907348633,30.0,0.0,1.0,0.0,-1.0
,outer2,2,72,b9e6,,,,,,60.0,30.0,0.0,0.0,0.0,0.0,0.0,1.0,1.0,0.0
,outer2,2,72,b9e6,,,,,,60.0,60.0,0.0,0.0,0.0,0.0,0.0,1.0,1.0,0.0
,outer2,2,72,b9e6,,,,,,60.0,90.0,0.0,0.0,0.0,0.0,0.0,1.0,1.0,0.0
,outer2,2,72,b9e6,,,,,,60.0,120.0,0.0,0.0,0.0,0.0,0.0,1.0,1.0,0.0
,outer2,2,72,b9e6,,,,,,60.0,150.0,0.0,0.0,0.0,0.0,0.0,1.0,1.0,0.0
,outer2,2,72,b9e6,,,,,,60.0,180.0,0.0,30.000001907348633,30.000001907348633,30.0,0.0,1.0,0.0,-1.0
,outer2,2,72,b9e6,,,,,,60.0,210.0,120.00000762939453,0.0,-120.00000762939453,0.0,-180.0,0.0,1.0,1.0
,outer2,2,72,b9e6,,,,,,60.0,240.0,0.0,0.0,0.0,0.0,0.0,1.0,1.0,0.0
,outer2,2,72,b9e6,,,,,,60.0,270.0,0.0,0.0,0.0,0.0,0.0,1.0,1.0,0.0
,outer2,2,72,b9e6,,,,,,60.0,300.0,0.0,0.0,0.0,0.0,0.0,1.0,1.0,0.0
,outer2,2,72,b9e6,,,,,,60.0,330.0,0.0,0.0,0.0,0.0,0.0,1.0,1.0,0.0
,outer2,2,72,b9e6,,,,,,90.0,0.0,180.0,0.0,-180.0,0.0,-180.0,0.0,1.0,1.0
,outer2,2,72,b9e6,,,,,,90.0,30.0,0.0,0.0,0.0,0.0,0.0,1.0,1.0,0.0
,outer2,2,72,b9e6,,,,,,90.0,60.0,0.0,0.0,0.0,0.0,0.0,1.0,1.0,0.0
,outer2,2,72,b9e6,,,,,,90.0,90.0,180.0,0.0,-180.0,0.0,-180.0,0.0,1.0,1.0
,outer2,2,72,b9e6,,,,,,90.0,120.0,120.00000762939453,0.0,-120.00000762939453,0.0,-120.0,0.0,1.0,1.0
,outer2,2,72,b9e6,,,,,,90.0,150.0,0.0,120.00000762939453,120.00000762939453,0.0,120.0,1.0,0.0,-1.0
,outer2,2,72,b9e6,,,,,,90.0,180.0,0.0,180.0,180.0,0.0,180.0,1.0,0.0,-1.0
,outer2,2,72,b9e6,,,,,,90.0,210.0,0.0,180.0,180.0,0.0,180.0,1.0,0.0,-1.0
,outer2,2,72,b9e6,,,,,,90.0,240.0,0.0,180.0,180.0,0.0,180.0,1.0,0.0,-1.0
,outer2,2,72,b9e6,,,,,,90.0,270.0,0.0,180.0,180.0,0.0,180.0,1.0,0.0,-1.0
,outer2,2,72,b9e6,,,,,,90.0,300.0,60.000003814697266,180.0,119.99999618530273,0.0,120.0,0.0,0.0,0.0
,outer2,2,72,b9e6,,,,,,90.0,330.0,180.0,60.00000762939453,-119.99999237060547,0.0,-120.0,0.0,0.0,0.0
,outer2,2,72,b9e6,,,,,,120.0,0.0,0.0,0.0,0.0,0.0,0.0,1.0,1.0,0.0
,outer2,2,72,b9e6,,,,,,120.0,30.0,0.0,0.0,0.0,0.0,0.0,1.0,1.0,0.0
,outer2,2,72,b9e6,,,,,,120.0,60.0,0.0,0.0,0.0,0.0,0.0,1.0,1.0,0.0
,outer2,2,72,b9e6,,,,,,120.0,90.0,0.0,0.0,0.0,0.0,0.0,1.0,1.0,0.0
,outer2,2,72,b9e6,,,,,,120.0,120.0,0.0,0.0,0.0,0.0,0.0,1.0,1.0,0.0
,outer2,2,72,b9e6,,,,,,120.0,150.0,0.0,51.31781005859375,51.31781005859375,0.0,60.0,1.0,0.0,-1.0
,outer2,2,72,b9e6,,,,,,120.0,180.0,0.0,0.0,0.0,0.0,0.0,1.0,1.0,0.0
,outer2,2,72,b9e6,,,,,,120.0,210.0,120.00000762939453,120.00000762939453,0.0,0.0,0.0,0.0,0.0,0.0
,outer2,2,72,b9e6,,,,,,120.0,240.0,0.0,0.0,0.0,0.0,0.0,1.0,1.0,0.0
,outer2,2,72,b9e6,,,,,,120.0,270.0,0.0,0.0,0.0,0.0,0.0,1.0,1.0,0.0
,outer2,2,72,b9e6,,,,,,120.0,300.0,0.0,0.0,0.0,0.0,0.0,1.0,1.0,0.0
,outer2,2,72,b9e6,,,,,,120.0,330.0,0.0,0.0,0.0,0.0,0.0,1.0,1.0,0.0
,outer2,2,72,b9e6,,,,,,150.0,0.0,0.0,0.0,0.0,0.0,0.0,1.0,1.0,0.0
,outer2,2,72,b9e6,,,,,,150.0,30.0,0.0,0.0,0.0,0.0,0.0,1.0,1.0,0.0
,outer2,2,72,b9e6,,,,,,150.0,60.0,0.0,0.0,0.0,0.0,0.0,1.0,1.0,0.0
,outer2,2,72,b9e6,,,,,,150.0,90.0,0.0,0.0,0.0,0.0,0.0,1.0,1.0,0.0
,outer2,2,72,b9e6,,,,,,150.0,120.0,0.0,0.0,0.0,0.0,0.0,1.0,1.0,0.0
,outer2,2,72,b9e6,,,,,,150.0,150.0,0.0,0.0,0.0,0.0,0.0,1.0,1.0,0.0
,outer2,2,72,b9e6,,,,,,150.0,180.0,0.0,0.0,0.0,0.0,0.0,1.0,1.0,0.0
,outer2,2,72,b9e6,,,,,,150.0,210.0,0.0,0.0,0.0,0.0,0.0,1.0,1.0,0.0
,outer2,2,72,b9e6,,,,,,150.0,240.0,0.0,0.0,0.0,0.0,0.0,1.0,1.0,0.0
,outer2,2,72,b9e6,,,,,,150.0,270.0,0.0,0.0,0.0,0.0,0.0,1.0,1.0,0.0
,outer2,2,72,b9e6,,,,,,150.0,300.0,0.0,0.0,0.0,0.0,0.0,1.0,1.0,0.0
,outer2,2,72,b9e6,,,,,,150.0,330.0,0.0,0.0,0.0,0.0,0.0,1.0,1.0,0.0
,outer2,2,72,ba0f,,,,,,30.0,0.0,150.0,90.0,-60.0,0.0,-180.0,0.0,0.0,0.0
,outer2,2,72,ba0f,,,,,,30.0,30.0,151.04498291015625,60.000003814697266,-91.04497909545898,-120.0,60.0,0.0,0.0,0.0
,outer2,2,72,ba0f,,,,,,30.0,60.0,122.24180603027344,128.68218994140625,6.4403839111328125,0.0,30.0,0.0,0.0,0.0
,outer2,2,72,ba0f,,,,,,30.0,90.0,57.7581901550293,120.00000762939453,62.241817474365234,120.0,-150.0,0.0,0.0,0.0
,outer2,2,72,ba0f,,,,,,30.0,120.0,0.0,60.000003814697266,60.000003814697266,0.0,180.0,1.0,0.0,-1.0
,outer2,2,72,ba0f,,,,,,30.0,150.0,60.000003814697266,60.000003814697266,0.0,0.0,0.0,0.0,0.0,0.0
,outer2,2,72,ba0f,,,,,,30.0,180.0,0.0,150.0,150.0,90.0,180.0,1.0,0.0,-1.0
,outer2,2,72,ba0f,,,,,,30.0,210.0,151.04498291015625,151.04498291015625,0.0,0.0,0.0,0.0,0.0,0.0
,outer2,2,72,ba0f,,,,,,30.0,240.0,165.12905883789062,151.04498291015625,-14.084075927734375,0.0,-30.0,0.0,0.0,0.0
,outer2,2,72,ba0f,,,,,,30.0,270.0,120.00000762939453,120.00000762939453,0.0,0.0,0.0,0.0,0.0,0.0
,outer2,2,72,ba0f,,,,,,30.0,300.0,60.000003814697266,0.0,-60.000003814697266,0.0,-180.0,0.0,1.0,1.0
,outer2,2,72,ba0f,,,,,,30.0,330.0,0.0,0.0,0.0,0.0,0.0,1.0,1.0,0.0
,outer2,2,72,ba0f,,,,,,60.0,0.0,0.0,30.000001907348633,30.000001907348633,30.0,0.0,1.0,0.0,-1.0
,outer2,2,72,ba0f,,,,,,60.0,30.0,0.0,120.00000762939453,120.00000762939453,0.0,180.0,1.0,0.0,-1.0
,outer2,2,72,ba0f,,,,,,60.0,60.0,0.0,120.00000762939453,120.00000762939453,0.0,180.0,1.0,0.0,-1.0
,outer2,2,72,ba0f,,,,,,60.0,90.0,41.40962219238281,29.999998092651367,-11.409624099731445,0.0,-30.0,0.0,0.0,0.0
,outer2,2,72,ba0f,,,,,,60.0,120.0,113.5481185913086,120.00000762939453,6.4518890380859375,0.0,30.0,0.0,0.0,0.0
,outer2,2,72,ba0f,,,,,,60.0,150.0,0.0,120.00000762939453,120.00000762939453,0.0,180.0,1.0,0.0,-1.0
,outer2,2,72,ba0f,,,,,,60.0,180.0,0.0,90.0,90.0,90.0,0.0,1.0,0.0,-1.0
,outer2,2,72,ba0f,,,,,,60.0,210.0,128.6822052001953,180.0,51.31779479980469,0.0,60.0,0.0,0.0,0.0
,outer2,2,72,ba0f,,,,,,60.0,240.0,90.0,0.0,-90.0,-30.0,-90.0,0.0,1.0,1.0
,outer2,2,72,ba0f,,,,,,60.0,270.0,29.999998092651367,150.0,120.00000190734863,0.0,180.0,0.0,0.0,0.0
,outer2,2,72,ba0f,,,,,,60.0,300.0,0.0,82.81924438476562,82.81924438476562,60.0,60.0,1.0,0.0,-1.0
,outer2,2,72,ba0f,,,,,,60.0,330.0,120.00000762939453,180.0,59.99999237060547,60.0,0.0,0.0,0.0,0.0
,outer2,2,72,ba0f,,,,,,90.0,0.0,180.0,0.0,-180.0,0.0,-180.0,0.0,1.0,1.0
,outer2,2,72,ba0f,,,,,,90.0,30.0,60.00000762939453,30.000001907348633,-30.0000057220459,0.0,-30.0,0.0,0.0,0.0
,outer2,2,72,ba0f,,,,,,90.0,60.0,60.000003814697266,0.0,-60.000003814697266,0.0,-60.0,0.0,1.0,1.0
,outer2,2,72,ba0f,,,,,,90.0,90.0,180.0,0.0,-180.0,0.0,-180.0,0.0,1.0,1.0
,outer2,2,72,ba0f,,,,,,90.0,120.0,0.0,60.000003814697266,60.000003814697266,0.0,60.0,1.0,0.0,-1.0
,outer2,2,72,ba0f,,,,,,90.0,150.0,180.0,150.0,-30.0,0.0,-30.0,0.0,0.0,0.0
,outer2,2,72,ba0f,,,,,,90.0,180.0,0.0,180.0,180.0,0.0,180.0,1.0,0.0,-1.0
,outer2,2,72,ba0f,,,,,,90.0,210.0,120.00000762939453,150.0,29.99999237060547,0.0,30.0,0.0,0.0,0.0
,outer2,2,72,ba0f,,,,,,90.0,240.0,120.00000762939453,120.00000762939453,0.0,0.0,0.0,0.0,0.0,0.0
,outer2,2,72,ba0f,,,,,,90.0,270.0,0.0,180.0,180.0,0.0,180.0,1.0,0.0,-1.0
,outer2,2,72,ba0f,,,,,,90.0,300.0,0.0,119.99999237060547,119.99999237060547,0.0,120.0,1.0,0.0,-1.0
,outer2,2,72,ba0f,,,,,,90.0,330.0,180.0,30.00000762939453,-149.99999237060547,0.0,-150.0,0.0,0.0,0.0
,outer2,2,72,ba0f,,,,,,120.0,0.0,0.0,0.0,0.0,0.0,0.0,1.0,1.0,0.0
,outer2,2,72,ba0f,,,,,,120.0,30.0,0.0,0.0,0.0,0.0,0.0,1.0,1.0,0.0
,outer2,2,72,ba0f,,,,,,120.0,60.0,0.0,120.00000762939453,120.00000762939453,0.0,180.0,1.0,0.0,-1.0
,outer2,2,72,ba0f,,,,,,120.0,90.0,30.000001907348633,30.000001907348633,0.0,0.0,0.0,0.0,0.0,0.0
,outer2,2,72,ba0f,,,,,,120.0,120.0,120.00000762939453,120.00000762939453,0.0,0.0,0.0,0.0,0.0,0.0
,outer2,2,72,ba0f,,,,,,120.0,150.0,120.00000762939453,180.0,59.99999237060547,60.0,0.0,0.0,0.0,0.0
,outer2,2,72,ba0f,,,,,,120.0,180.0,120.00000762939453,60.000003814697266,-60.000003814697266,60.0,-180.0,0.0,0.0,0.0
,outer2,2,72,ba0f,,,,,,120.0,210.0,82.81924438476562,60.000003814697266,-22.81924057006836,0.0,-60.0,0.0,0.0,0.0
,outer2,2,72,ba0f,,,,,,120.0,240.0,180.0,0.0,-180.0,-60.0,-180.0,0.0,1.0,1.0
,outer2,2,72,ba0f,,,,,,120.0,270.0,41.40962219238281,30.000001907348633,-11.40962028503418,0.0,-30.0,0.0,0.0,0.0
,outer2,2,72,ba0f,,,,,,120.0,300.0,0.0,180.0,180.0,60.0,180.0,1.0,0.0,-1.0
,outer2,2,72,ba0f,,,,,,120.0,330.0,0.0,51.31781005859375,51.31781005859375,0.0,60.0,1.0,0.0,-1.0
,outer2,2,72,ba0f,,,,,,150.0,0.0,90.0,29.99998664855957,-60.00001335144043,0.0,-180.0,0.0,0.0,0.0
,outer2,2,72,ba0f,,,,,,150.0,30.0,128.68218994140625,128.68218994140625,0.0,0.0,0.0,0.0,0.0,0.0
,outer2,2,72,ba0f,,,,,,150.0,60.0,28.95502281188965,138.59039306640625,109.6353702545166,120.0,30.0,0.0,0.0,0.0
,outer2,2,72,ba0f,,,,,,150.0,90.0,0.0,60.000003814697266,60.000003814697266,0.0,180.0,1.0,0.0,-1.0
,outer2,2,72,ba0f,,,,,,150.0,120.0,0.0,0.0,0.0,0.0,0.0,1.0,1.0,0.0
,outer2,2,72,ba0f,,,,,,150.0,150.0,0.0,60.000003814697266,60.000003814697266,0.0,180.0,1.0,0.0,-1.0
,outer2,2,72,ba0f,,,,,,150.0,180.0,90.0,90.0,0.0,0.0,0.0,0.0,0.0,0.0
,outer2,2,72,ba0f,,,,,,150.0,210.0,151.04498291015625,151.04498291015625,0.0,0.0,0.0,0.0,0.0,0.0
,outer2,2,72,ba0f,,,,,,150.0,240.0,165.12905883789062,128.68218994140625,-36.446868896484375,0.0,-90.0,0.0,0.0,0.0
,outer2,2,72,ba0f,,,,,,150.0,270.0,14.870942115783691,60.000003814697266,45.129061698913574,0.0,150.0,0.0,0.0,0.0
,outer2,2,72,ba0f,,,,,,150.0,300.0,60.000003814697266,0.0,-60.000003814697266,0.0,-180.0,0.0,1.0,1.0
,outer2,2,72,ba0f,,,,,,150.0,330.0,0.0,0.0,0.0,0.0,0.0,1.0,1.0,0.0
,outer2,2,72,bb7c,,,,,,30.0,0.0,0.0,30.000001907348633,30.000001907348633,30.0,0.0,1.0,0.0,-1.0
,outer2,2,72,bb7c,,,,,,30.0,30.0,0.0,0.0,0.0,0.0,0.0,1.0,1.0,0.0
,outer2,2,72,bb7c,,,,,,30.0,60.0,0.0,0.0,0.0,0.0,0.0,1.0,1.0,0.0
,outer2,2,72,bb7c,,,,,,30.0,90.0,0.0,0.0,0.0,0.0,0.0,1.0,1.0,0.0
,outer2,2,72,bb7c,,,,,,30.0,120.0,0.0,0.0,0.0,0.0,0.0,1.0,1.0,0.0
,outer2,2,72,bb7c,,,,,,30.0,150.0,0.0,0.0,0.0,0.0,0.0,1.0,1.0,0.0
,outer2,2,72,bb7c,,,,,,30.0,180.0,0.0,90.0,90.0,30.0,180.0,1.0,0.0,-1.0
,outer2,2,72,bb7c,,,,,,30.0,210.0,0.0,0.0,0.0,0.0,0.0,1.0,1.0,0.0
,outer2,2,72,bb7c,,,,,,30.0,240.0,0.0,0.0,0.0,0.0,0.0,1.0,1.0,0.0
,outer2,2,72,bb7c,,,,,,30.0,270.0,0.0,0.0,0.0,0.0,0.0,1.0,1.0,0.0
,outer2,2,72,bb7c,,,,,,30.0,300.0,0.0,0.0,0.0,0.0,0.0,1.0,1.0,0.0
,outer2,2,72,bb7c,,,,,,30.0,330.0,0.0,0.0,0.0,0.0,0.0,1.0,1.0,0.0
,outer2,2,72,bb7c,,,,,,60.0,0.0,0.0,0.0,0.0,0.0,0.0,1.0,1.0,0.0
,outer2,2,72,bb7c,,,,,,60.0,30.0,0.0,0.0,0.0,0.0,0.0,1.0,1.0,0.0
,outer2,2,72,bb7c,,,,,,60.0,60.0,0.0,0.0,0.0,0.0,0.0,1.0,1.0,0.0
,outer2,2,72,bb7c,,,,,,60.0,90.0,25.905075073242188,0.0,-25.905075073242188,0.0,-30.0,0.0,1.0,1.0
,outer2,2,72,bb7c,,,,,,60.0,120.0,0.0,0.0,0.0,0.0,0.0,1.0,1.0,0.0
,outer2,2,72,bb7c,,,,,,60.0,150.0,0.0,0.0,0.0,0.0,0.0,1.0,1.0,0.0
,outer2,2,72,bb7c,,,,,,60.0,180.0,0.0,120.00000762939453,120.00000762939453,0.0,180.0,1.0,0.0,-1.0
,outer2,2,72,bb7c,,,,,,60.0,210.0,82.81924438476562,82.81924438476562,0.0,0.0,0.0,0.0,0.0,0.0
,outer2,2,72,bb7c,,,,,,60.0,240.0,0.0,0.0,0.0,0.0,0.0,1.0,1.0,0.0
,outer2,2,72,bb7c,,,,,,60.0,270.0,60.000003814697266,180.0,119.99999618530273,0.0,180.0,0.0,0.0,0.0
,outer2,2,72,bb7c,,,,,,60.0,300.0,0.0,0.0,0.0,0.0,0.0,1.0,1.0,0.0
,outer2,2,72,bb7c,,,,,,60.0,330.0,0.0,0.0,0.0,0.0,0.0,1.0,1.0,0.0
,outer2,2,72,bb7c,,,,,,90.0,0.0,180.0,0.0,-180.0,0.0,-180.0,0.0,1.0,1.0
,outer2,2,72,bb7c,,,,,,90.0,30.0,0.0,0.0,0.0,0.0,0.0,1.0,1.0,0.0
,outer2,2,72,bb7c,,,,,,90.0,60.0,41.40962219238281,0.0,-41.40962219238281,-30.0,-30.0,0.0,1.0,1.0
,outer2,2,72,bb7c,,,,,,90.0,90.0,0.0,0.0,0.0,0.0,0.0,1.0,1.0,0.0
,outer2,2,72,bb7c,,,,,,90.0,120.0,180.0,180.0,0.0,0.0,0.0,0.0,0.0,0.0
,outer2,2,72,bb7c,,,,,,90.0,150.0,180.0,0.0,-180.0,0.0,-180.0,0.0,1.0,1.0
,outer2,2,72,bb7c,,,,,,90.0,180.0,0.0,180.0,180.0,0.0,180.0,1.0,0.0,-1.0
,outer2,2,72,bb7c,,,,,,90.0,210.0,0.0,180.0,180.0,0.0,180.0,1.0,0.0,-1.0
,outer2,2,72,bb7c,,,,,,90.0,240.0,0.0,180.0,180.0,0.0,180.0,1.0,0.0,-1.0
,outer2,2,72,bb7c,,,,,,90.0,270.0,0.0,180.0,180.0,0.0,180.0,1.0,0.0,-1.0
,outer2,2,72,bb7c,,,,,,90.0,300.0,180.0,0.0,-180.0,0.0,-180.0,0.0,1.0,1.0
,outer2,2,72,bb7c,,,,,,90.0,330.0,180.0,180.0,0.0,0.0,0.0,0.0,0.0,0.0
,outer2,2,72,bb7c,,,,,,120.0,0.0,0.0,0.0,0.0,0.0,0.0,1.0,1.0,0.0
,outer2,2,72,bb7c,,,,,,120.0,30.0,0.0,0.0,0.0,0.0,0.0,1.0,1.0,0.0
,outer2,2,72,bb7c,,,,,,120.0,60.0,0.0,0.0,0.0,0.0,0.0,1.0,1.0,0.0
,outer2,2,72,bb7c,,,,,,120.0,90.0,0.0,0.0,0.0,0.0,0.0,1.0,1.0,0.0
,outer2,2,72,bb7c,,,,,,120.0,120.0,0.0,0.0,0.0,0.0,0.0,1.0,1.0,0.0
,outer2,2,72,bb7c,,,,,,120.0,150.0,0.0,0.0,0.0,0.0,0.0,1.0,1.0,0.0
,outer2,2,72,bb7c,,,,,,120.0,180.0,0.0,0.0,0.0,0.0,0.0,1.0,1.0,0.0
,outer2,2,72,bb7c,,,,,,120.0,210.0,0.0,0.0,0.0,0.0,0.0,1.0,1.0,0.0
,outer2,2,72,bb7c,,,,,,120.0,240.0,128.6822052001953,97.18075561523438,-31.501449584960938,-60.0,0.0,0.0,0.0,0.0
,outer2,2,72,bb7c,,,,,,120.0,270.0,180.0,120.00000762939453,-59.99999237060547,-60.0,0.0,0.0,0.0,0.0
,outer2,2,72,bb7c,,,,,,120.0,300.0,0.0,0.0,0.0,0.0,0.0,1.0,1.0,0.0
,outer2,2,72,bb7c,,,,,,120.0,330.0,0.0,0.0,0.0,0.0,0.0,1.0,1.0,0.0
,outer2,2,72,bb7c,,,,,,150.0,0.0,0.0,29.99998664855957,29.99998664855957,30.0,0.0,1.0,0.0,-1.0
,outer2,2,72,bb7c,,,,,,150.0,30.0,0.0,0.0,0.0,0.0,0.0,1.0,1.0,0.0
,outer2,2,72,bb7c,,,,,,150.0,60.0,0.0,0.0,0.0,0.0,0.0,1.0,1.0,0.0
,outer2,2,72,bb7c,,,,,,150.0,90.0,0.0,0.0,0.0,0.0,0.0,1.0,1.0,0.0
,outer2,2,72,bb7c,,,,,,150.0,120.0,0.0,0.0,0.0,0.0,0.0,1.0,1.0,0.0
,outer2,2,72,bb7c,,,,,,150.0,150.0,0.0,0.0,0.0,0.0,0.0,1.0,1.0,0.0
,outer2,2,72,bb7c,,,,,,150.0,180.0,0.0,90.0,90.0,30.0,180.0,1.0,0.0,-1.0
,outer2,2,72,bb7c,,,,,,150.0,210.0,0.0,0.0,0.0,0.0,0.0,1.0,1.0,0.0
,outer2,2,72,bb7c,,,,,,150.0,240.0,0.0,0.0,0.0,0.0,0.0,1.0,1.0,0.0
,outer2,2,72,bb7c,,,,,,150.0,270.0,0.0,0.0,0.0,0.0,0.0,1.0,1.0,0.0
,outer2,2,72,bb7c,,,,,,150.0,300.0,0.0,0.0,0.0,0.0,0.0,1.0,1.0,0.0
,outer2,2,72,bb7c,,,,,,150.0,330.0,0.0,0.0,0.0,0.0,0.0,1.0,1.0,0.0
,outer2,2,73,b7c1,,,,,,30.0,0.0,0.0,0.0,0.0,0.0,0.0,1.0,1.0,0.0
,outer2,2,73,b7c1,,,,,,30.0,30.0,0.0,0.0,0.0,0.0,0.0,1.0,1.0,0.0
,outer2,2,73,b7c1,,,,,,30.0,60.0,0.0,0.0,0.0,0.0,0.0,1.0,1.0,0.0
,outer2,2,73,b7c1,,,,,,30.0,90.0,0.0,0.0,0.0,0.0,0.0,1.0,1.0,0.0
,outer2,2,73,b7c1,,,,,,30.0,120.0,0.0,0.0,0.0,0.0,0.0,1.0,1.0,0.0
,outer2,2,73,b7c1,,,,,,30.0,150.0,60.000003814697266,60.000003814697266,0.0,0.0,0.0,0.0,0.0,0.0
,outer2,2,73,b7c1,,,,,,30.0,180.0,0.0,0.0,0.0,0.0,0.0,1.0,1.0,0.0
,outer2,2,73,b7c1,,,,,,30.0,210.0,0.0,0.0,0.0,0.0,0.0,1.0,1.0,0.0
,outer2,2,73,b7c1,,,,,,30.0,240.0,0.0,0.0,0.0,0.0,0.0,1.0,1.0,0.0
,outer2,2,73,b7c1,,,,,,30.0,270.0,0.0,0.0,0.0,0.0,0.0,1.0,1.0,0.0
,outer2,2,73,b7c1,,,,,,30.0,300.0,0.0,0.0,0.0,0.0,0.0,1.0,1.0,0.0
,outer2,2,73,b7c1,,,,,,30.0,330.0,0.0,0.0,0.0,0.0,0.0,1.0,1.0,0.0
,outer2,2,73,b7c1,,,,,,60.0,0.0,0.0,0.0,0.0,0.0,0.0,1.0,1.0,0.0
,outer2,2,73,b7c1,,,,,,60.0,30.0,82.81924438476562,120.00000762939453,37.180763244628906,-60.0,120.0,0.0,0.0,0.0
,outer2,2,73,b7c1,,,,,,60.0,60.0,0.0,0.0,0.0,0.0,0.0,1.0,1.0,0.0
,outer2,2,73,b7c1,,,,,,60.0,90.0,0.0,0.0,0.0,0.0,0.0,1.0,1.0,0.0
,outer2,2,73,b7c1,,,,,,60.0,120.0,0.0,0.0,0.0,0.0,0.0,1.0,1.0,0.0
,outer2,2,73,b7c1,,,,,,60.0,150.0,0.0,0.0,0.0,0.0,0.0,1.0,1.0,0.0
,outer2,2,73,b7c1,,,,,,60.0,180.0,0.0,0.0,0.0,0.0,0.0,1.0,1.0,0.0
,outer2,2,73,b7c1,,,,,,60.0,210.0,0.0,0.0,0.0,0.0,0.0,1.0,1.0,0.0
,outer2,2,73,b7c1,,,,,,60.0,240.0,0.0,0.0,0.0,0.0,0.0,1.0,1.0,0.0
,outer2,2,73,b7c1,,,,,,60.0,270.0,0.0,0.0,0.0,0.0,0.0,1.0,1.0,0.0
,outer2,2,73,b7c1,,,,,,60.0,300.0,0.0,0.0,0.0,0.0,0.0,1.0,1.0,0.0
,outer2,2,73,b7c1,,,,,,60.0,330.0,0.0,0.0,0.0,0.0,0.0,1.0,1.0,0.0
,outer2,2,73,b7c1,,,,,,90.0,0.0,0.0,180.0,180.0,0.0,180.0,1.0,0.0,-1.0
,outer2,2,73,b7c1,,,,,,90.0,30.0,0.0,180.0,180.0,0.0,180.0,1.0,0.0,-1.0
,outer2,2,73,b7c1,,,,,,90.0,60.0,0.0,0.0,0.0,0.0,0.0,1.0,1.0,0.0
,outer2,2,73,b7c1,,,,,,90.0,90.0,180.0,0.0,-180.0,0.0,-180.0,0.0,1.0,1.0
,outer2,2,73,b7c1,,,,,,90.0,120.0,0.0,180.0,180.0,0.0,180.0,1.0,0.0,-1.0
,outer2,2,73,b7c1,,,,,,90.0,150.0,60.000003814697266,180.0,119.99999618530273,0.0,120.0,0.0,0.0,0.0
,outer2,2,73,b7c1,,,,,,90.0,180.0,150.0,0.0,-150.0,0.0,-150.0,0.0,1.0,1.0
,outer2,2,73,b7c1,,,,,,90.0,210.0,180.0,180.0,0.0,0.0,0.0,0.0,0.0,0.0
,outer2,2,73,b7c1,,,,,,90.0,240.0,180.0,0.0,-180.0,0.0,-180.0,0.0,1.0,1.0
,outer2,2,73,b7c1,,,,,,90.0,270.0,0.0,180.0,180.0,0.0,180.0,1.0,0.0,-1.0
,outer2,2,73,b7c1,,,,,,90.0,300.0,180.0,0.0,-180.0,0.0,-180.0,0.0,1.0,1.0
,outer2,2,73,b7c1,,,,,,90.0,330.0,60.00000762939453,0.0,-60.00000762939453,0.0,-60.0,0.0,1.0,1.0
,outer2,2,73,b7c1,,,,,,120.0,0.0,0.0,0.0,0.0,0.0,0.0,1.0,1.0,0.0
,outer2,2,73,b7c1,,,,,,120.0,30.0,0.0,120.00000762939453,120.00000762939453,0.0,180.0,1.0,0.0,-1.0
,outer2,2,73,b7c1,,,,,,120.0,60.0,0.0,0.0,0.0,0.0,0.0,1.0,1.0,0.0
,outer2,2,73,b7c1,,,,,,120.0,90.0,0.0,0.0,0.0,0.0,0.0,1.0,1.0,0.0
,outer2,2,73,b7c1,,,,,,120.0,120.0,0.0,0.0,0.0,0.0,0.0,1.0,1.0,0.0
,outer2,2,73,b7c1,,,,,,120.0,150.0,0.0,0.0,0.0,0.0,0.0,1.0,1.0,0.0
,outer2,2,73,b7c1,,,,,,120.0,180.0,0.0,0.0,0.0,0.0,0.0,1.0,1.0,0.0
,outer2,2,73,b7c1,,,,,,120.0,210.0,120.00000762939453,0.0,-120.00000762939453,0.0,-180.0,0.0,1.0,1.0
,outer2,2,73,b7c1,,,,,,120.0,240.0,0.0,0.0,0.0,0.0,0.0,1.0,1.0,0.0
,outer2,2,73,b7c1,,,,,,120.0,270.0,0.0,0.0,0.0,0.0,0.0,1.0,1.0,0.0
,outer2,2,73,b7c1,,,,,,120.0,300.0,0.0,0.0,0.0,0.0,0.0,1.0,1.0,0.0
,outer2,2,73,b7c1,,,,,,120.0,330.0,0.0,0.0,0.0,0.0,0.0,1.0,1.0,0.0
,outer2,2,73,b7c1,,,,,,150.0,0.0,0.0,0.0,0.0,0.0,0.0,1.0,1.0,0.0
,outer2,2,73,b7c1,,,,,,150.0,30.0,0.0,0.0,0.0,0.0,0.0,1.0,1.0,0.0
,outer2,2,73,b7c1,,,,,,150.0,60.0,0.0,0.0,0.0,0.0,0.0,1.0,1.0,0.0
,outer2,2,73,b7c1,,,,,,150.0,90.0,0.0,0.0,0.0,0.0,0.0,1.0,1.0,0.0
,outer2,2,73,b7c1,,,,,,150.0,120.0,0.0,0.0,0.0,0.0,0.0,1.0,1.0,0.0
,outer2,2,73,b7c1,,,,,,150.0,150.0,0.0,0.0,0.0,0.0,0.0,1.0,1.0,0.0
,outer2,2,73,b7c1,,,,,,150.0,180.0,0.0,0.0,0.0,0.0,0.0,1.0,1.0,0.0
,outer2,2,73,b7c1,,,,,,150.0,210.0,0.0,0.0,0.0,0.0,0.0,1.0,1.0,0.0
,outer2,2,73,b7c1,,,,,,150.0,240.0,0.0,0.0,0.0,0.0,0.0,1.0,1.0,0.0
,outer2,2,73,b7c1,,,,,,150.0,270.0,0.0,0.0,0.0,0.0,0.0,1.0,1.0,0.0
,outer2,2,73,b7c1,,,,,,150.0,300.0,0.0,0.0,0.0,0.0,0.0,1.0,1.0,0.0
,outer2,2,73,b7c1,,,,,,150.0,330.0,0.0,0.0,0.0,0.0,0.0,1.0,1.0,0.0
,outer2,2,73,b80b,,,,,,30.0,0.0,0.0,0.0,0.0,0.0,0.0,1.0,1.0,0.0
,outer2,2,73,b80b,,,,,,30.0,30.0,0.0,0.0,0.0,0.0,0.0,1.0,1.0,0.0
,outer2,2,73,b80b,,,,,,30.0,60.0,0.0,0.0,0.0,0.0,0.0,1.0,1.0,0.0
,outer2,2,73,b80b,,,,,,30.0,90.0,0.0,0.0,0.0,0.0,0.0,1.0,1.0,0.0
,outer2,2,73,b80b,,,,,,30.0,120.0,0.0,0.0,0.0,0.0,0.0,1.0,1.0,0.0
,outer2,2,73,b80b,,,,,,30.0,150.0,60.000003814697266,0.0,-60.000003814697266,0.0,-180.0,0.0,1.0,1.0
,outer2,2,73,b80b,,,,,,30.0,180.0,0.0,0.0,0.0,0.0,0.0,1.0,1.0,0.0
,outer2,2,73,b80b,,,,,,30.0,210.0,0.0,0.0,0.0,0.0,0.0,1.0,1.0,0.0
,outer2,2,73,b80b,,,,,,30.0,240.0,0.0,0.0,0.0,0.0,0.0,1.0,1.0,0.0
,outer2,2,73,b80b,,,,,,30.0,270.0,0.0,0.0,0.0,0.0,0.0,1.0,1.0,0.0
,outer2,2,73,b80b,,,,,,30.0,300.0,0.0,0.0,0.0,0.0,0.0,1.0,1.0,0.0
,outer2,2,73,b80b,,,,,,30.0,330.0,0.0,0.0,0.0,0.0,0.0,1.0,1.0,0.0
,outer2,2,73,b80b,,,,,,60.0,0.0,0.0,0.0,0.0,0.0,0.0,1.0,1.0,0.0
,outer2,2,73,b80b,,,,,,60.0,30.0,0.0,0.0,0.0,0.0,0.0,1.0,1.0,0.0
,outer2,2,73,b80b,,,,,,60.0,60.0,0.0,0.0,0.0,0.0,0.0,1.0,1.0,0.0
,outer2,2,73,b80b,,,,,,60.0,90.0,0.0,0.0,0.0,0.0,0.0,1.0,1.0,0.0
,outer2,2,73,b80b,,,,,,60.0,120.0,0.0,0.0,0.0,0.0,0.0,1.0,1.0,0.0
,outer2,2,73,b80b,,,,,,60.0,150.0,0.0,0.0,0.0,0.0,0.0,1.0,1.0,0.0
,outer2,2,73,b80b,,,,,,60.0,180.0,0.0,0.0,0.0,0.0,0.0,1.0,1.0,0.0
,outer2,2,73,b80b,,,,,,60.0,210.0,0.0,0.0,0.0,0.0,0.0,1.0,1.0,0.0
,outer2,2,73,b80b,,,,,,60.0,240.0,0.0,0.0,0.0,0.0,0.0,1.0,1.0,0.0
,outer2,2,73,b80b,,,,,,60.0,270.0,0.0,0.0,0.0,0.0,0.0,1.0,1.0,0.0
,outer2,2,73,b80b,,,,,,60.0,300.0,0.0,0.0,0.0,0.0,0.0,1.0,1.0,0.0
,outer2,2,73,b80b,,,,,,60.0,330.0,0.0,0.0,0.0,0.0,0.0,1.0,1.0,0.0
,outer2,2,73,b80b,,,,,,90.0,0.0,0.0,180.0,180.0,0.0,180.0,1.0,0.0,-1.0
,outer2,2,73,b80b,,,,,,90.0,30.0,180.0,180.0,0.0,0.0,0.0,0.0,0.0,0.0
,outer2,2,73,b80b,,,,,,90.0,60.0,0.0,0.0,0.0,0.0,0.0,1.0,1.0,0.0
,outer2,2,73,b80b,,,,,,90.0,90.0,180.0,180.0,0.0,0.0,0.0,0.0,0.0,0.0
,outer2,2,73,b80b,,,,,,90.0,120.0,0.0,0.0,0.0,0.0,0.0,1.0,1.0,0.0
,outer2,2,73,b80b,,,,,,90.0,150.0,180.0,180.0,0.0,0.0,0.0,0.0,0.0,0.0
,outer2,2,73,b80b,,,,,,90.0,180.0,180.0,0.0,-180.0,0.0,-180.0,0.0,1.0,1.0
,outer2,2,73,b80b,,,,,,90.0,210.0,0.0,0.0,0.0,0.0,0.0,1.0,1.0,0.0
,outer2,2,73,b80b,,,,,,90.0,240.0,60.000003814697266,180.0,119.99999618530273,0.0,120.0,0.0,0.0,0.0
,outer2,2,73,b80b,,,,,,90.0,270.0,0.0,0.0,0.0,0.0,0.0,1.0,1.0,0.0
,outer2,2,73,b80b,,,,,,90.0,300.0,0.0,0.0,0.0,0.0,0.0,1.0,1.0,0.0
,outer2,2,73,b80b,,,,,,90.0,330.0,0.0,0.0,0.0,0.0,0.0,1.0,1.0,0.0
,outer2,2,73,b80b,,,,,,120.0,0.0,0.0,0.0,0.0,0.0,0.0,1.0,1.0,0.0
,outer2,2,73,b80b,,,,,,120.0,30.0,0.0,0.0,0.0,0.0,0.0,1.0,1.0,0.0
,outer2,2,73,b80b,,,,,,120.0,60.0,0.0,0.0,0.0,0.0,0.0,1.0,1.0,0.0
,outer2,2,73,b80b,,,,,,120.0,90.0,0.0,0.0,0.0,0.0,0.0,1.0,1.0,0.0
,outer2,2,73,b80b,,,,,,120.0,120.0,0.0,0.0,0.0,0.0,0.0,1.0,1.0,0.0
,outer2,2,73,b80b,,,,,,120.0,150.0,0.0,0.0,0.0,0.0,0.0,1.0,1.0,0.0
,outer2,2,73,b80b,,,,,,120.0,180.0,0.0,0.0,0.0,0.0,0.0,1.0,1.0,0.0
,outer2,2,73,b80b,,,,,,120.0,210.0,0.0,0.0,0.0,0.0,0.0,1.0,1.0,0.0
,outer2,2,73,b80b,,,,,,120.0,240.0,0.0,0.0,0.0,0.0,0.0,1.0,1.0,0.0
,outer2,2,73,b80b,,,,,,120.0,270.0,0.0,0.0,0.0,0.0,0.0,1.0,1.0,0.0
,outer2,2,73,b80b,,,,,,120.0,300.0,0.0,0.0,0.0,0.0,0.0,1.0,1.0,0.0
,outer2,2,73,b80b,,,,,,120.0,330.0,0.0,0.0,0.0,0.0,0.0,1.0,1.0,0.0
,outer2,2,73,b80b,,,,,,150.0,0.0,0.0,0.0,0.0,0.0,0.0,1.0,1.0,0.0
,outer2,2,73,b80b,,,,,,150.0,30.0,0.0,0.0,0.0,0.0,0.0,1.0,1.0,0.0
,outer2,2,73,b80b,,,,,,150.0,60.0,0.0,0.0,0.0,0.0,0.0,1.0,1.0,0.0
,outer2,2,73,b80b,,,,,,150.0,90.0,0.0,0.0,0.0,0.0,0.0,1.0,1.0,0.0
,outer2,2,73,b80b,,,,,,150.0,120.0,0.0,0.0,0.0,0.0,0.0,1.0,1.0,0.0
,outer2,2,73,b80b,,,,,,150.0,150.0,0.0,0.0,0.0,0.0,0.0,1.0,1.0,0.0
,outer2,2,73,b80b,,,,,,150.0,180.0,0.0,0.0,0.0,0.0,0.0,1.0,1.0,0.0
,outer2,2,73,b80b,,,,,,150.0,210.0,0.0,0.0,0.0,0.0,0.0,1.0,1.0,0.0
,outer2,2,73,b80b,,,,,,150.0,240.0,0.0,0.0,0.0,0.0,0.0,1.0,1.0,0.0
,outer2,2,73,b80b,,,,,,150.0,270.0,0.0,0.0,0.0,0.0,0.0,1.0,1.0,0.0
,outer2,2,73,b80b,,,,,,150.0,300.0,0.0,0.0,0.0,0.0,0.0,1.0,1.0,0.0
,outer2,2,73,b80b,,,,,,150.0,330.0,0.0,0.0,0.0,0.0,0.0,1.0,1.0,0.0
,outer2,2,73,b9e6,,,,,,30.0,0.0,0.0,0.0,0.0,0.0,0.0,1.0,1.0,0.0
,outer2,2,73,b9e6,,,,,,30.0,30.0,0.0,0.0,0.0,0.0,0.0,1.0,1.0,0.0
,outer2,2,73,b9e6,,,,,,30.0,60.0,0.0,0.0,0.0,0.0,0.0,1.0,1.0,0.0
,outer2,2,73,b9e6,,,,,,30.0,90.0,0.0,0.0,0.0,0.0,0.0,1.0,1.0,0.0
,outer2,2,73,b9e6,,,,,,30.0,120.0,0.0,0.0,0.0,0.0,0.0,1.0,1.0,0.0
,outer2,2,73,b9e6,,,,,,30.0,150.0,0.0,0.0,0.0,0.0,0.0,1.0,1.0,0.0
,outer2,2,73,b9e6,,,,,,30.0,180.0,0.0,0.0,0.0,0.0,0.0,1.0,1.0,0.0
,outer2,2,73,b9e6,,,,,,30.0,210.0,0.0,0.0,0.0,0.0,0.0,1.0,1.0,0.0
,outer2,2,73,b9e6,,,,,,30.0,240.0,0.0,0.0,0.0,0.0,0.0,1.0,1.0,0.0
,outer2,2,73,b9e6,,,,,,30.0,270.0,0.0,0.0,0.0,0.0,0.0,1.0,1.0,0.0
,outer2,2,73,b9e6,,,,,,30.0,300.0,0.0,0.0,0.0,0.0,0.0,1.0,1.0,0.0
,outer2,2,73,b9e6,,,,,,30.0,330.0,0.0,0.0,0.0,0.0,0.0,1.0,1.0,0.0
,outer2,2,73,b9e6,,,,,,60.0,0.0,0.0,30.000001907348633,30.000001907348633,30.0,0.0,1.0,0.0,-1.0
,outer2,2,73,b9e6,,,,,,60.0,30.0,0.0,0.0,0.0,0.0,0.0,1.0,1.0,0.0
,outer2,2,73,b9e6,,,,,,60.0,60.0,0.0,97.18075561523438,97.18075561523438,0.0,120.0,1.0,0.0,-1.0
,outer2,2,73,b9e6,,,,,,60.0,90.0,0.0,0.0,0.0,0.0,0.0,1.0,1.0,0.0
,outer2,2,73,b9e6,,,,,,60.0,120.0,0.0,0.0,0.0,0.0,0.0,1.0,1.0,0.0
,outer2,2,73,b9e6,,,,,,60.0,150.0,0.0,0.0,0.0,0.0,0.0,1.0,1.0,0.0
,outer2,2,73,b9e6,,,,,,60.0,180.0,0.0,0.0,0.0,0.0,0.0,1.0,1.0,0.0
,outer2,2,73,b9e6,,,,,,60.0,210.0,120.00000762939453,120.00000762939453,0.0,0.0,0.0,0.0,0.0,0.0
,outer2,2,73,b9e6,,,,,,60.0,240.0,0.0,25.905075073242188,25.905075073242188,0.0,30.0,1.0,0.0,-1.0
,outer2,2,73,b9e6,,,,,,60.0,270.0,0.0,0.0,0.0,0.0,0.0,1.0,1.0,0.0
,outer2,2,73,b9e6,,,,,,60.0,300.0,0.0,0.0,0.0,0.0,0.0,1.0,1.0,0.0
,outer2,2,73,b9e6,,,,,,60.0,330.0,0.0,0.0,0.0,0.0,0.0,1.0,1.0,0.0
,outer2,2,73,b9e6,,,,,,90.0,0.0,0.0,180.0,180.0,0.0,180.0,1.0,0.0,-1.0
,outer2,2,73,b9e6,,,,,,90.0,30.0,0.0,180.0,180.0,0.0,180.0,1.0,0.0,-1.0
,outer2,2,73,b9e6,,,,,,90.0,60.0,0.0,180.0,180.0,0.0,180.0,1.0,0.0,-1.0
,outer2,2,73,b9e6,,,,,,90.0,90.0,180.0,0.0,-180.0,0.0,-180.0,0.0,1.0,1.0
,outer2,2,73,b9e6,,,,,,90.0,120.0,60.000003814697266,180.0,119.99999618530273,0.0,120.0,0.0,0.0,0.0
,outer2,2,73,b9e6,,,,,,90.0,150.0,120.00000762939453,180.0,59.99999237060547,0.0,60.0,0.0,0.0,0.0
,outer2,2,73,b9e6,,,,,,90.0,180.0,180.0,0.0,-180.0,0.0,-180.0,0.0,1.0,1.0
,outer2,2,73,b9e6,,,,,,90.0,210.0,0.0,0.0,0.0,0.0,0.0,1.0,1.0,0.0
,outer2,2,73,b9e6,,,,,,90.0,240.0,180.0,180.0,0.0,0.0,0.0,0.0,0.0,0.0
,outer2,2,73,b9e6,,,,,,90.0,270.0,0.0,180.0,180.0,0.0,180.0,1.0,0.0,-1.0
,outer2,2,73,b9e6,,,,,,90.0,300.0,119.99999237060547,0.0,-119.99999237060547,0.0,-120.0,0.0,1.0,1.0
,outer2,2,73,b9e6,,,,,,90.0,330.0,0.0,0.0,0.0,0.0,0.0,1.0,1.0,0.0
,outer2,2,73,b9e6,,,,,,120.0,0.0,0.0,0.0,0.0,0.0,0.0,1.0,1.0,0.0
,outer2,2,73,b9e6,,,,,,120.0,30.0,0.0,0.0,0.0,0.0,0.0,1.0,1.0,0.0
,outer2,2,73,b9e6,,,,,,120.0,60.0,0.0,0.0,0.0,0.0,0.0,1.0,1.0,0.0
,outer2,2,73,b9e6,,,,,,120.0,90.0,0.0,0.0,0.0,0.0,0.0,1.0,1.0,0.0
,outer2,2,73,b9e6,,,,,,120.0,120.0,0.0,0.0,0.0,0.0,0.0,1.0,1.0,0.0
,outer2,2,73,b9e6,,,,,,120.0,150.0,0.0,0.0,0.0,0.0,0.0,1.0,1.0,0.0
,outer2,2,73,b9e6,,,,,,120.0,180.0,0.0,0.0,0.0,0.0,0.0,1.0,1.0,0.0
,outer2,2,73,b9e6,,,,,,120.0,210.0,113.54811096191406,120.00000762939453,6.451896667480469,0.0,30.0,0.0,0.0,0.0
,outer2,2,73,b9e6,,,,,,120.0,240.0,0.0,0.0,0.0,0.0,0.0,1.0,1.0,0.0
,outer2,2,73,b9e6,,,,,,120.0,270.0,0.0,0.0,0.0,0.0,0.0,1.0,1.0,0.0
,outer2,2,73,b9e6,,,,,,120.0,300.0,0.0,0.0,0.0,0.0,0.0,1.0,1.0,0.0
,outer2,2,73,b9e6,,,,,,120.0,330.0,0.0,0.0,0.0,0.0,0.0,1.0,1.0,0.0
,outer2,2,73,b9e6,,,,,,150.0,0.0,0.0,0.0,0.0,0.0,0.0,1.0,1.0,0.0
,outer2,2,73,b9e6,,,,,,150.0,30.0,0.0,0.0,0.0,0.0,0.0,1.0,1.0,0.0
,outer2,2,73,b9e6,,,,,,150.0,60.0,0.0,0.0,0.0,0.0,0.0,1.0,1.0,0.0
,outer2,2,73,b9e6,,,,,,150.0,90.0,0.0,0.0,0.0,0.0,0.0,1.0,1.0,0.0
,outer2,2,73,b9e6,,,,,,150.0,120.0,0.0,0.0,0.0,0.0,0.0,1.0,1.0,0.0
,outer2,2,73,b9e6,,,,,,150.0,150.0,0.0,0.0,0.0,0.0,0.0,1.0,1.0,0.0
,outer2,2,73,b9e6,,,,,,150.0,180.0,0.0,0.0,0.0,0.0,0.0,1.0,1.0,0.0
,outer2,2,73,b9e6,,,,,,150.0,210.0,0.0,0.0,0.0,0.0,0.0,1.0,1.0,0.0
,outer2,2,73,b9e6,,,,,,150.0,240.0,0.0,0.0,0.0,0.0,0.0,1.0,1.0,0.0
,outer2,2,73,b9e6,,,,,,150.0,270.0,0.0,0.0,0.0,0.0,0.0,1.0,1.0,0.0
,outer2,2,73,b9e6,,,,,,150.0,300.0,0.0,0.0,0.0,0.0,0.0,1.0,1.0,0.0
,outer2,2,73,b9e6,,,,,,150.0,330.0,0.0,0.0,0.0,0.0,0.0,1.0,1.0,0.0
,outer2,2,73,ba0f,,,,,,30.0,0.0,30.000001907348633,30.000001907348633,0.0,0.0,0.0,0.0,0.0,0.0
,outer2,2,73,ba0f,,,,,,30.0,30.0,151.04498291015625,128.68218994140625,-22.36279296875,0.0,-60.0,0.0,0.0,0.0
,outer2,2,73,ba0f,,,,,,30.0,60.0,128.68218994140625,128.68218994140625,0.0,0.0,0.0,0.0,0.0,0.0
,outer2,2,73,ba0f,,,,,,30.0,90.0,57.7581901550293,0.0,-57.7581901550293,0.0,-150.0,0.0,1.0,1.0
,outer2,2,73,ba0f,,,,,,30.0,120.0,0.0,60.000003814697266,60.000003814697266,0.0,180.0,1.0,0.0,-1.0
,outer2,2,73,ba0f,,,,,,30.0,150.0,0.0,60.000003814697266,60.000003814697266,0.0,180.0,1.0,0.0,-1.0
,outer2,2,73,ba0f,,,,,,30.0,180.0,0.0,150.0,150.0,90.0,180.0,1.0,0.0,-1.0
,outer2,2,73,ba0f,,,,,,30.0,210.0,128.68218994140625,151.04498291015625,22.36279296875,0.0,60.0,0.0,0.0,0.0
,outer2,2,73,ba0f,,,,,,30.0,240.0,151.04498291015625,128.68218994140625,-22.36279296875,0.0,-60.0,0.0,0.0,0.0
,outer2,2,73,ba0f,,,,,,30.0,270.0,122.24180603027344,120.00000762939453,-2.2417984008789062,0.0,-30.0,0.0,0.0,0.0
,outer2,2,73,ba0f,,,,,,30.0,300.0,60.000003814697266,0.0,-60.000003814697266,0.0,-180.0,0.0,1.0,1.0
,outer2,2,73,ba0f,,,,,,30.0,330.0,0.0,0.0,0.0,0.0,0.0,1.0,1.0,0.0
,outer2,2,73,ba0f,,,,,,60.0,0.0,0.0,30.000001907348633,30.000001907348633,30.0,0.0,1.0,0.0,-1.0
,outer2,2,73,ba0f,,,,,,60.0,30.0,0.0,120.00000762939453,120.00000762939453,0.0,180.0,1.0,0.0,-1.0
,outer2,2,73,ba0f,,,,,,60.0,60.0,0.0,0.0,0.0,0.0,0.0,1.0,1.0,0.0
,outer2,2,73,ba0f,,,,,,60.0,90.0,29.999998092651367,29.999998092651367,0.0,0.0,0.0,0.0,0.0,0.0
,outer2,2,73,ba0f,,,,,,60.0,120.0,120.00000762939453,120.00000762939453,0.0,0.0,0.0,0.0,0.0,0.0
,outer2,2,73,ba0f,,,,,,60.0,150.0,120.00000762939453,120.00000762939453,0.0,0.0,0.0,0.0,0.0,0.0
,outer2,2,73,ba0f,,,,,,60.0,180.0,0.0,0.0,0.0,0.0,0.0,1.0,1.0,0.0
,outer2,2,73,ba0f,,,,,,60.0,210.0,60.000003814697266,180.0,119.99999618530273,0.0,180.0,0.0,0.0,0.0
,outer2,2,73,ba0f,,,,,,60.0,240.0,97.1807632446289,25.905075073242188,-71.27568817138672,0.0,-90.0,0.0,0.0,0.0
,outer2,2,73,ba0f,,,,,,60.0,270.0,29.999998092651367,29.999998092651367,0.0,0.0,0.0,0.0,0.0,0.0
,outer2,2,73,ba0f,,,,,,60.0,300.0,113.54812622070312,180.0,66.45187377929688,60.0,30.0,0.0,0.0,0.0
,outer2,2,73,ba0f,,,,,,60.0,330.0,60.000003814697266,180.0,119.99999618530273,0.0,180.0,0.0,0.0,0.0
,outer2,2,73,ba0f,,,,,,90.0,0.0,0.0,180.0,180.0,0.0,180.0,1.0,0.0,-1.0
,outer2,2,73,ba0f,,,,,,90.0,30.0,60.00000762939453,60.00000762939453,0.0,0.0,0.0,0.0,0.0,0.0
,outer2,2,73,ba0f,,,,,,90.0,60.0,60.000003814697266,119.99999237060547,59.9999885559082,0.0,60.0,0.0,0.0,0.0
,outer2,2,73,ba0f,,,,,,90.0,90.0,180.0,180.0,0.0,0.0,0.0,0.0,0.0,0.0
,outer2,2,73,ba0f,,,,,,90.0,120.0,0.0,120.00000762939453,120.00000762939453,0.0,120.0,1.0,0.0,-1.0
,outer2,2,73,ba0f,,,,,,90.0,150.0,180.0,30.000001907348633,-149.99999809265137,0.0,-150.0,0.0,0.0,0.0
,outer2,2,73,ba0f,,,,,,90.0,180.0,180.0,0.0,-180.0,0.0,-180.0,0.0,1.0,1.0
,outer2,2,73,ba0f,,,,,,90.0,210.0,120.00000762939453,120.00000762939453,0.0,0.0,0.0,0.0,0.0,0.0
,outer2,2,73,ba0f,,,,,,90.0,240.0,120.00000762939453,60.000003814697266,-60.000003814697266,0.0,-60.0,0.0,0.0,0.0
,outer2,2,73,ba0f,,,,,,90.0,270.0,0.0,180.0,180.0,0.0,180.0,1.0,0.0,-1.0
,outer2,2,73,ba0f,,,,,,90.0,300.0,0.0,0.0,0.0,0.0,0.0,1.0,1.0,0.0
,outer2,2,73,ba0f,,,,,,90.0,330.0,0.0,180.0,180.0,0.0,180.0,1.0,0.0,-1.0
,outer2,2,73,ba0f,,,,,,120.0,0.0,0.0,29.99998664855957,29.99998664855957,30.0,0.0,1.0,0.0,-1.0
,outer2,2,73,ba0f,,,,,,120.0,30.0,0.0,0.0,0.0,0.0,0.0,1.0,1.0,0.0
,outer2,2,73,ba0f,,,,,,120.0,60.0,0.0,0.0,0.0,0.0,0.0,1.0,1.0,0.0
,outer2,2,73,ba0f,,,,,,120.0,90.0,30.000001907348633,0.0,-30.000001907348633,-30.0,0.0,0.0,1.0,1.0
,outer2,2,73,ba0f,,,,,,120.0,120.0,120.00000762939453,120.00000762939453,0.0,0.0,0.0,0.0,0.0,0.0
,outer2,2,73,ba0f,,,,,,120.0,150.0,120.00000762939453,113.54811096191406,-6.451896667480469,0.0,-30.0,0.0,0.0,0.0
,outer2,2,73,ba0f,,,,,,120.0,180.0,60.000003814697266,0.0,-60.000003814697266,-60.0,0.0,0.0,1.0,1.0
,outer2,2,73,ba0f,,,,,,120.0,210.0,60.000003814697266,60.000003814697266,0.0,0.0,0.0,0.0,0.0,0.0
,outer2,2,73,ba0f,,,,,,120.0,240.0,120.00000762939453,0.0,-120.00000762939453,0.0,-180.0,0.0,1.0,1.0
,outer2,2,73,ba0f,,,,,,120.0,270.0,41.40962219238281,41.40962219238281,0.0,0.0,0.0,0.0,0.0,0.0
,outer2,2,73,ba0f,,,,,,120.0,300.0,128.68218994140625,180.0,51.31781005859375,0.0,60.0,0.0,0.0,0.0
,outer2,2,73,ba0f,,,,,,120.0,330.0,97.18075561523438,97.18075561523438,0.0,0.0,0.0,0.0,0.0,0.0
,outer2,2,73,ba0f,,,,,,150.0,0.0,90.0,90.0,0.0,0.0,0.0,0.0,0.0,0.0
,outer2,2,73,ba0f,,,,,,150.0,30.0,151.04498291015625,128.68218994140625,-22.36279296875,0.0,-60.0,0.0,0.0,0.0
,outer2,2,73,ba0f,,,,,,150.0,60.0,128.68218994140625,165.12905883789062,36.446868896484375,0.0,90.0,0.0,0.0,0.0
,outer2,2,73,ba0f,,,,,,150.0,90.0,57.7581901550293,57.7581901550293,0.0,0.0,0.0,0.0,0.0,0.0
,outer2,2,73,ba0f,,,,,,150.0,120.0,0.0,60.000003814697266,60.000003814697266,0.0,180.0,1.0,0.0,-1.0
,outer2,2,73,ba0f,,,,,,150.0,150.0,0.0,60.000003814697266,60.000003814697266,0.0,180.0,1.0,0.0,-1.0
,outer2,2,73,ba0f,,,,,,150.0,180.0,150.0,150.0,0.0,0.0,0.0,0.0,0.0,0.0
,outer2,2,73,ba0f,,,,,,150.0,210.0,151.04498291015625,130.50535583496094,-20.539627075195312,-30.0,0.0,0.0,0.0,0.0
,outer2,2,73,ba0f,,,,,,150.0,240.0,151.04498291015625,128.68218994140625,-22.36279296875,0.0,-60.0,0.0,0.0,0.0
,outer2,2,73,ba0f,,,,,,150.0,270.0,14.870942115783691,180.0,165.1290578842163,120.0,150.0,0.0,0.0,0.0
,outer2,2,73,ba0f,,,,,,150.0,300.0,60.000003814697266,0.0,-60.000003814697266,0.0,-180.0,0.0,1.0,1.0
,outer2,2,73,ba0f,,,,,,150.0,330.0,0.0,0.0,0.0,0.0,0.0,1.0,1.0,0.0
,outer2,2,73,bb7c,,,,,,30.0,0.0,0.0,30.000001907348633,30.000001907348633,30.0,0.0,1.0,0.0,-1.0
,outer2,2,73,bb7c,,,,,,30.0,30.0,0.0,0.0,0.0,0.0,0.0,1.0,1.0,0.0
,outer2,2,73,bb7c,,,,,,30.0,60.0,0.0,0.0,0.0,0.0,0.0,1.0,1.0,0.0
,outer2,2,73,bb7c,,,,,,30.0,90.0,0.0,0.0,0.0,0.0,0.0,1.0,1.0,0.0
,outer2,2,73,bb7c,,,,,,30.0,120.0,0.0,0.0,0.0,0.0,0.0,1.0,1.0,0.0
,outer2,2,73,bb7c,,,,,,30.0,150.0,60.000003814697266,60.000003814697266,0.0,0.0,0.0,0.0,0.0,0.0
,outer2,2,73,bb7c,,,,,,30.0,180.0,0.0,90.0,90.0,30.0,180.0,1.0,0.0,-1.0
,outer2,2,73,bb7c,,,,,,30.0,210.0,0.0,0.0,0.0,0.0,0.0,1.0,1.0,0.0
,outer2,2,73,bb7c,,,,,,30.0,240.0,0.0,151.04498291015625,151.04498291015625,120.0,120.0,1.0,0.0,-1.0
,outer2,2,73,bb7c,,,,,,30.0,270.0,0.0,0.0,0.0,0.0,0.0,1.0,1.0,0.0
,outer2,2,73,bb7c,,,,,,30.0,300.0,0.0,0.0,0.0,0.0,0.0,1.0,1.0,0.0
,outer2,2,73,bb7c,,,,,,30.0,330.0,0.0,0.0,0.0,0.0,0.0,1.0,1.0,0.0
,outer2,2,73,bb7c,,,,,,60.0,0.0,0.0,0.0,0.0,0.0,0.0,1.0,1.0,0.0
,outer2,2,73,bb7c,,,,,,60.0,30.0,0.0,0.0,0.0,0.0,0.0,1.0,1.0,0.0
,outer2,2,73,bb7c,,,,,,60.0,60.0,0.0,0.0,0.0,0.0,0.0,1.0,1.0,0.0
,outer2,2,73,bb7c,,,,,,60.0,90.0,0.0,0.0,0.0,0.0,0.0,1.0,1.0,0.0
,outer2,2,73,bb7c,,,,,,60.0,120.0,0.0,0.0,0.0,0.0,0.0,1.0,1.0,0.0
,outer2,2,73,bb7c,,,,,,60.0,150.0,0.0,0.0,0.0,0.0,0.0,1.0,1.0,0.0
,outer2,2,73,bb7c,,,,,,60.0,180.0,0.0,120.00000762939453,120.00000762939453,0.0,180.0,1.0,0.0,-1.0
,outer2,2,73,bb7c,,,,,,60.0,210.0,82.81924438476562,82.81924438476562,0.0,0.0,0.0,0.0,0.0,0.0
,outer2,2,73,bb7c,,,,,,60.0,240.0,0.0,0.0,0.0,0.0,0.0,1.0,1.0,0.0
,outer2,2,73,bb7c,,,,,,60.0,270.0,0.0,0.0,0.0,0.0,0.0,1.0,1.0,0.0
,outer2,2,73,bb7c,,,,,,60.0,300.0,0.0,0.0,0.0,0.0,0.0,1.0,1.0,0.0
,outer2,2,73,bb7c,,,,,,60.0,330.0,0.0,0.0,0.0,0.0,0.0,1.0,1.0,0.0
,outer2,2,73,bb7c,,,,,,90.0,0.0,0.0,180.0,180.0,0.0,180.0,1.0,0.0,-1.0
,outer2,2,73,bb7c,,,,,,90.0,30.0,0.0,60.00000762939453,60.00000762939453,0.0,60.0,1.0,0.0,-1.0
,outer2,2,73,bb7c,,,,,,90.0,60.0,60.000003814697266,0.0,-60.000003814697266,0.0,-60.0,0.0,1.0,1.0
,outer2,2,73,bb7c,,,,,,90.0,90.0,180.0,29.999998092651367,-150.00000190734863,30.0,-180.0,0.0,0.0,0.0
,outer2,2,73,bb7c,,,,,,90.0,120.0,180.0,180.0,0.0,0.0,0.0,0.0,0.0,0.0
,outer2,2,73,bb7c,,,,,,90.0,150.0,180.0,180.0,0.0,0.0,0.0,0.0,0.0,0.0
,outer2,2,73,bb7c,,,,,,90.0,180.0,180.0,0.0,-180.0,0.0,-180.0,0.0,1.0,1.0
,outer2,2,73,bb7c,,,,,,90.0,210.0,180.0,120.00000762939453,-59.99999237060547,0.0,-60.0,0.0,0.0,0.0
,outer2,2,73,bb7c,,,,,,90.0,240.0,60.000003814697266,180.0,119.99999618530273,0.0,120.0,0.0,0.0,0.0
,outer2,2,73,bb7c,,,,,,90.0,270.0,0.0,180.0,180.0,0.0,180.0,1.0,0.0,-1.0
,outer2,2,73,bb7c,,,,,,90.0,300.0,180.0,0.0,-180.0,0.0,-180.0,0.0,1.0,1.0
,outer2,2,73,bb7c,,,,,,90.0,330.0,0.0,0.0,0.0,0.0,0.0,1.0,1.0,0.0
,outer2,2,73,bb7c,,,,,,120.0,0.0,0.0,0.0,0.0,0.0,0.0,1.0,1.0,0.0
,outer2,2,73,bb7c,,,,,,120.0,30.0,0.0,0.0,0.0,0.0,0.0,1.0,1.0,0.0
,outer2,2,73,bb7c,,,,,,120.0,60.0,0.0,0.0,0.0,0.0,0.0,1.0,1.0,0.0
,outer2,2,73,bb7c,,,,,,120.0,90.0,0.0,0.0,0.0,0.0,0.0,1.0,1.0,0.0
,outer2,2,73,bb7c,,,,,,120.0,120.0,0.0,0.0,0.0,0.0,0.0,1.0,1.0,0.0
,outer2,2,73,bb7c,,,,,,120.0,150.0,0.0,0.0,0.0,0.0,0.0,1.0,1.0,0.0
,outer2,2,73,bb7c,,,,,,120.0,180.0,0.0,0.0,0.0,0.0,0.0,1.0,1.0,0.0
,outer2,2,73,bb7c,,,,,,120.0,210.0,0.0,0.0,0.0,0.0,0.0,1.0,1.0,0.0
,outer2,2,73,bb7c,,,,,,120.0,240.0,60.000003814697266,0.0,-60.000003814697266,-60.0,0.0,0.0,1.0,1.0
,outer2,2,73,bb7c,,,,,,120.0,270.0,0.0,180.0,180.0,60.0,180.0,1.0,0.0,-1.0
,outer2,2,73,bb7c,,,,,,120.0,300.0,120.00000762939453,0.0,-120.00000762939453,0.0,-180.0,0.0,1.0,1.0
,outer2,2,73,bb7c,,,,,,120.0,330.0,60.000003814697266,0.0,-60.000003814697266,-60.0,0.0,0.0,1.0,1.0
,outer2,2,73,bb7c,,,,,,150.0,0.0,0.0,29.99998664855957,29.99998664855957,30.0,0.0,1.0,0.0,-1.0
,outer2,2,73,bb7c,,,,,,150.0,30.0,0.0,0.0,0.0,0.0,0.0,1.0,1.0,0.0
,outer2,2,73,bb7c,,,,,,150.0,60.0,0.0,0.0,0.0,0.0,0.0,1.0,1.0,0.0
,outer2,2,73,bb7c,,,,,,150.0,90.0,0.0,0.0,0.0,0.0,0.0,1.0,1.0,0.0
,outer2,2,73,bb7c,,,,,,150.0,120.0,0.0,0.0,0.0,0.0,0.0,1.0,1.0,0.0
,outer2,2,73,bb7c,,,,,,150.0,150.0,0.0,0.0,0.0,0.0,0.0,1.0,1.0,0.0
,outer2,2,73,bb7c,,,,,,150.0,180.0,0.0,90.0,90.0,30.0,180.0,1.0,0.0,-1.0
,outer2,2,73,bb7c,,,,,,150.0,210.0,0.0,0.0,0.0,0.0,0.0,1.0,1.0,0.0
,outer2,2,73,bb7c,,,,,,150.0,240.0,0.0,0.0,0.0,0.0,0.0,1.0,1.0,0.0
,outer2,2,73,bb7c,,,,,,150.0,270.0,0.0,0.0,0.0,0.0,0.0,1.0,1.0,0.0
,outer2,2,73,bb7c,,,,,,150.0,300.0,0.0,0.0,0.0,0.0,0.0,1.0,1.0,0.0
,outer2,2,73,bb7c,,,,,,150.0,330.0,0.0,0.0,0.0,0.0,0.0,1.0,1.0,0.0
,outer2,2,74,b7c1,,,,,,30.0,0.0,0.0,0.0,0.0,0.0,0.0,1.0,1.0,0.0
,outer2,2,74,b7c1,,,,,,30.0,30.0,0.0,0.0,0.0,0.0,0.0,1.0,1.0,0.0
,outer2,2,74,b7c1,,,,,,30.0,60.0,0.0,0.0,0.0,0.0,0.0,1.0,1.0,0.0
,outer2,2,74,b7c1,,,,,,30.0,90.0,0.0,0.0,0.0,0.0,0.0,1.0,1.0,0.0
,outer2,2,74,b7c1,,,,,,30.0,120.0,0.0,0.0,0.0,0.0,0.0,1.0,1.0,0.0
,outer2,2,74,b7c1,,,,,,30.0,150.0,0.0,0.0,0.0,0.0,0.0,1.0,1.0,0.0
,outer2,2,74,b7c1,,,,,,30.0,180.0,0.0,0.0,0.0,0.0,0.0,1.0,1.0,0.0
,outer2,2,74,b7c1,,,,,,30.0,210.0,0.0,0.0,0.0,0.0,0.0,1.0,1.0,0.0
,outer2,2,74,b7c1,,,,,,30.0,240.0,0.0,0.0,0.0,0.0,0.0,1.0,1.0,0.0
,outer2,2,74,b7c1,,,,,,30.0,270.0,0.0,0.0,0.0,0.0,0.0,1.0,1.0,0.0
,outer2,2,74,b7c1,,,,,,30.0,300.0,0.0,0.0,0.0,0.0,0.0,1.0,1.0,0.0
,outer2,2,74,b7c1,,,,,,30.0,330.0,0.0,0.0,0.0,0.0,0.0,1.0,1.0,0.0
,outer2,2,74,b7c1,,,,,,60.0,0.0,0.0,0.0,0.0,0.0,0.0,1.0,1.0,0.0
,outer2,2,74,b7c1,,,,,,60.0,30.0,0.0,120.00000762939453,120.00000762939453,0.0,180.0,1.0,0.0,-1.0
,outer2,2,74,b7c1,,,,,,60.0,60.0,75.52249145507812,128.68218994140625,53.159698486328125,60.0,30.0,0.0,0.0,0.0
,outer2,2,74,b7c1,,,,,,60.0,90.0,0.0,0.0,0.0,0.0,0.0,1.0,1.0,0.0
,outer2,2,74,b7c1,,,,,,60.0,120.0,0.0,0.0,0.0,0.0,0.0,1.0,1.0,0.0
,outer2,2,74,b7c1,,,,,,60.0,150.0,0.0,82.81924438476562,82.81924438476562,60.0,60.0,1.0,0.0,-1.0
,outer2,2,74,b7c1,,,,,,60.0,180.0,0.0,0.0,0.0,0.0,0.0,1.0,1.0,0.0
,outer2,2,74,b7c1,,,,,,60.0,210.0,0.0,0.0,0.0,0.0,0.0,1.0,1.0,0.0
,outer2,2,74,b7c1,,,,,,60.0,240.0,0.0,0.0,0.0,0.0,0.0,1.0,1.0,0.0
,outer2,2,74,b7c1,,,,,,60.0,270.0,0.0,0.0,0.0,0.0,0.0,1.0,1.0,0.0
,outer2,2,74,b7c1,,,,,,60.0,300.0,0.0,0.0,0.0,0.0,0.0,1.0,1.0,0.0
,outer2,2,74,b7c1,,,,,,60.0,330.0,0.0,0.0,0.0,0.0,0.0,1.0,1.0,0.0
,outer2,2,74,b7c1,,,,,,90.0,0.0,0.0,180.0,180.0,0.0,180.0,1.0,0.0,-1.0
,outer2,2,74,b7c1,,,,,,90.0,30.0,0.0,180.0,180.0,0.0,180.0,1.0,0.0,-1.0
,outer2,2,74,b7c1,,,,,,90.0,60.0,0.0,0.0,0.0,0.0,0.0,1.0,1.0,0.0
,outer2,2,74,b7c1,,,,,,90.0,90.0,180.0,180.0,0.0,0.0,0.0,0.0,0.0,0.0
,outer2,2,74,b7c1,,,,,,90.0,120.0,120.00000762939453,120.00000762939453,0.0,0.0,0.0,0.0,0.0,0.0
,outer2,2,74,b7c1,,,,,,90.0,150.0,120.00000762939453,0.0,-120.00000762939453,0.0,-120.0,0.0,1.0,1.0
,outer2,2,74,b7c1,,,,,,90.0,180.0,150.0,0.0,-150.0,0.0,-150.0,0.0,1.0,1.0
,outer2,2,74,b7c1,,,,,,90.0,210.0,180.0,180.0,0.0,0.0,0.0,0.0,0.0,0.0
,outer2,2,74,b7c1,,,,,,90.0,240.0,0.0,0.0,0.0,0.0,0.0,1.0,1.0,0.0
,outer2,2,74,b7c1,,,,,,90.0,270.0,0.0,0.0,0.0,0.0,0.0,1.0,1.0,0.0
,outer2,2,74,b7c1,,,,,,90.0,300.0,180.0,60.000003814697266,-119.99999618530273,0.0,-120.0,0.0,0.0,0.0
,outer2,2,74,b7c1,,,,,,90.0,330.0,180.0,180.0,0.0,0.0,0.0,0.0,0.0,0.0
,outer2,2,74,b7c1,,,,,,120.0,0.0,0.0,0.0,0.0,0.0,0.0,1.0,1.0,0.0
,outer2,2,74,b7c1,,,,,,120.0,30.0,0.0,120.00000762939453,120.00000762939453,0.0,180.0,1.0,0.0,-1.0
,outer2,2,74,b7c1,,,,,,120.0,60.0,97.18075561523438,0.0,-97.18075561523438,0.0,-120.0,0.0,1.0,1.0
,outer2,2,74,b7c1,,,,,,120.0,90.0,0.0,0.0,0.0,0.0,0.0,1.0,1.0,0.0
,outer2,2,74,b7c1,,,,,,120.0,120.0,0.0,0.0,0.0,0.0,0.0,1.0,1.0,0.0
,outer2,2,74,b7c1,,,,,,120.0,150.0,0.0,0.0,0.0,0.0,0.0,1.0,1.0,0.0
,outer2,2,74,b7c1,,,,,,120.0,180.0,0.0,0.0,0.0,0.0,0.0,1.0,1.0,0.0
,outer2,2,74,b7c1,,,,,,120.0,210.0,0.0,0.0,0.0,0.0,0.0,1.0,1.0,0.0
,outer2,2,74,b7c1,,,,,,120.0,240.0,0.0,0.0,0.0,0.0,0.0,1.0,1.0,0.0
,outer2,2,74,b7c1,,,,,,120.0,270.0,0.0,0.0,0.0,0.0,0.0,1.0,1.0,0.0
,outer2,2,74,b7c1,,,,,,120.0,300.0,0.0,0.0,0.0,0.0,0.0,1.0,1.0,0.0
,outer2,2,74,b7c1,,,,,,120.0,330.0,0.0,0.0,0.0,0.0,0.0,1.0,1.0,0.0
,outer2,2,74,b7c1,,,,,,150.0,0.0,0.0,0.0,0.0,0.0,0.0,1.0,1.0,0.0
,outer2,2,74,b7c1,,,,,,150.0,30.0,0.0,0.0,0.0,0.0,0.0,1.0,1.0,0.0
,outer2,2,74,b7c1,,,,,,150.0,60.0,0.0,0.0,0.0,0.0,0.0,1.0,1.0,0.0
,outer2,2,74,b7c1,,,,,,150.0,90.0,0.0,0.0,0.0,0.0,0.0,1.0,1.0,0.0
,outer2,2,74,b7c1,,,,,,150.0,120.0,0.0,0.0,0.0,0.0,0.0,1.0,1.0,0.0
,outer2,2,74,b7c1,,,,,,150.0,150.0,0.0,0.0,0.0,0.0,0.0,1.0,1.0,0.0
,outer2,2,74,b7c1,,,,,,150.0,180.0,0.0,60.000003814697266,60.000003814697266,0.0,180.0,1.0,0.0,-1.0
,outer2,2,74,b7c1,,,,,,150.0,210.0,0.0,0.0,0.0,0.0,0.0,1.0,1.0,0.0
,outer2,2,74,b7c1,,,,,,150.0,240.0,0.0,0.0,0.0,0.0,0.0,1.0,1.0,0.0
,outer2,2,74,b7c1,,,,,,150.0,270.0,0.0,0.0,0.0,0.0,0.0,1.0,1.0,0.0
,outer2,2,74,b7c1,,,,,,150.0,300.0,0.0,0.0,0.0,0.0,0.0,1.0,1.0,0.0
,outer2,2,74,b7c1,,,,,,150.0,330.0,0.0,0.0,0.0,0.0,0.0,1.0,1.0,0.0
,outer2,2,74,b80b,,,,,,30.0,0.0,0.0,0.0,0.0,0.0,0.0,1.0,1.0,0.0
,outer2,2,74,b80b,,,,,,30.0,30.0,0.0,0.0,0.0,0.0,0.0,1.0,1.0,0.0
,outer2,2,74,b80b,,,,,,30.0,60.0,0.0,0.0,0.0,0.0,0.0,1.0,1.0,0.0
,outer2,2,74,b80b,,,,,,30.0,90.0,0.0,0.0,0.0,0.0,0.0,1.0,1.0,0.0
,outer2,2,74,b80b,,,,,,30.0,120.0,0.0,0.0,0.0,0.0,0.0,1.0,1.0,0.0
,outer2,2,74,b80b,,,,,,30.0,150.0,60.000003814697266,60.000003814697266,0.0,0.0,0.0,0.0,0.0,0.0
,outer2,2,74,b80b,,,,,,30.0,180.0,0.0,0.0,0.0,0.0,0.0,1.0,1.0,0.0
,outer2,2,74,b80b,,,,,,30.0,210.0,0.0,0.0,0.0,0.0,0.0,1.0,1.0,0.0
,outer2,2,74,b80b,,,,,,30.0,240.0,0.0,0.0,0.0,0.0,0.0,1.0,1.0,0.0
,outer2,2,74,b80b,,,,,,30.0,270.0,0.0,0.0,0.0,0.0,0.0,1.0,1.0,0.0
,outer2,2,74,b80b,,,,,,30.0,300.0,0.0,0.0,0.0,0.0,0.0,1.0,1.0,0.0
,outer2,2,74,b80b,,,,,,30.0,330.0,0.0,0.0,0.0,0.0,0.0,1.0,1.0,0.0
,outer2,2,74,b80b,,,,,,60.0,0.0,0.0,0.0,0.0,0.0,0.0,1.0,1.0,0.0
,outer2,2,74,b80b,,,,,,60.0,30.0,0.0,0.0,0.0,0.0,0.0,1.0,1.0,0.0
,outer2,2,74,b80b,,,,,,60.0,60.0,0.0,0.0,0.0,0.0,0.0,1.0,1.0,0.0
,outer2,2,74,b80b,,,,,,60.0,90.0,0.0,0.0,0.0,0.0,0.0,1.0,1.0,0.0
,outer2,2,74,b80b,,,,,,60.0,120.0,0.0,0.0,0.0,0.0,0.0,1.0,1.0,0.0
,outer2,2,74,b80b,,,,,,60.0,150.0,0.0,0.0,0.0,0.0,0.0,1.0,1.0,0.0
,outer2,2,74,b80b,,,,,,60.0,180.0,0.0,0.0,0.0,0.0,0.0,1.0,1.0,0.0
,outer2,2,74,b80b,,,,,,60.0,210.0,0.0,0.0,0.0,0.0,0.0,1.0,1.0,0.0
,outer2,2,74,b80b,,,,,,60.0,240.0,0.0,0.0,0.0,0.0,0.0,1.0,1.0,0.0
,outer2,2,74,b80b,,,,,,60.0,270.0,0.0,0.0,0.0,0.0,0.0,1.0,1.0,0.0
,outer2,2,74,b80b,,,,,,60.0,300.0,0.0,0.0,0.0,0.0,0.0,1.0,1.0,0.0
,outer2,2,74,b80b,,,,,,60.0,330.0,0.0,0.0,0.0,0.0,0.0,1.0,1.0,0.0
,outer2,2,74,b80b,,,,,,90.0,0.0,0.0,180.0,180.0,0.0,180.0,1.0,0.0,-1.0
,outer2,2,74,b80b,,,,,,90.0,30.0,0.0,180.0,180.0,0.0,180.0,1.0,0.0,-1.0
,outer2,2,74,b80b,,,,,,90.0,60.0,0.0,0.0,0.0,0.0,0.0,1.0,1.0,0.0
,outer2,2,74,b80b,,,,,,90.0,90.0,180.0,180.0,0.0,0.0,0.0,0.0,0.0,0.0
,outer2,2,74,b80b,,,,,,90.0,120.0,0.0,180.0,180.0,0.0,180.0,1.0,0.0,-1.0
,outer2,2,74,b80b,,,,,,90.0,150.0,0.0,0.0,0.0,0.0,0.0,1.0,1.0,0.0
,outer2,2,74,b80b,,,,,,90.0,180.0,180.0,0.0,-180.0,0.0,-180.0,0.0,1.0,1.0
,outer2,2,74,b80b,,,,,,90.0,210.0,0.0,0.0,0.0,0.0,0.0,1.0,1.0,0.0
,outer2,2,74,b80b,,,,,,90.0,240.0,0.0,180.0,180.0,0.0,180.0,1.0,0.0,-1.0
,outer2,2,74,b80b,,,,,,90.0,270.0,0.0,0.0,0.0,0.0,0.0,1.0,1.0,0.0
,outer2,2,74,b80b,,,,,,90.0,300.0,0.0,0.0,0.0,0.0,0.0,1.0,1.0,0.0
,outer2,2,74,b80b,,,,,,90.0,330.0,180.0,180.0,0.0,0.0,0.0,0.0,0.0,0.0
,outer2,2,74,b80b,,,,,,120.0,0.0,0.0,0.0,0.0,0.0,0.0,1.0,1.0,0.0
,outer2,2,74,b80b,,,,,,120.0,30.0,0.0,0.0,0.0,0.0,0.0,1.0,1.0,0.0
,outer2,2,74,b80b,,,,,,120.0,60.0,0.0,0.0,0.0,0.0,0.0,1.0,1.0,0.0
,outer2,2,74,b80b,,,,,,120.0,90.0,0.0,0.0,0.0,0.0,0.0,1.0,1.0,0.0
,outer2,2,74,b80b,,,,,,120.0,120.0,0.0,0.0,0.0,0.0,0.0,1.0,1.0,0.0
,outer2,2,74,b80b,,,,,,120.0,150.0,0.0,0.0,0.0,0.0,0.0,1.0,1.0,0.0
,outer2,2,74,b80b,,,,,,120.0,180.0,0.0,0.0,0.0,0.0,0.0,1.0,1.0,0.0
,outer2,2,74,b80b,,,,,,120.0,210.0,0.0,0.0,0.0,0.0,0.0,1.0,1.0,0.0
,outer2,2,74,b80b,,,,,,120.0,240.0,0.0,0.0,0.0,0.0,0.0,1.0,1.0,0.0
,outer2,2,74,b80b,,,,,,120.0,270.0,0.0,0.0,0.0,0.0,0.0,1.0,1.0,0.0
,outer2,2,74,b80b,,,,,,120.0,300.0,0.0,0.0,0.0,0.0,0.0,1.0,1.0,0.0
,outer2,2,74,b80b,,,,,,120.0,330.0,0.0,0.0,0.0,0.0,0.0,1.0,1.0,0.0
,outer2,2,74,b80b,,,,,,150.0,0.0,0.0,0.0,0.0,0.0,0.0,1.0,1.0,0.0
,outer2,2,74,b80b,,,,,,150.0,30.0,0.0,0.0,0.0,0.0,0.0,1.0,1.0,0.0
,outer2,2,74,b80b,,,,,,150.0,60.0,0.0,0.0,0.0,0.0,0.0,1.0,1.0,0.0
,outer2,2,74,b80b,,,,,,150.0,90.0,0.0,0.0,0.0,0.0,0.0,1.0,1.0,0.0
,outer2,2,74,b80b,,,,,,150.0,120.0,0.0,0.0,0.0,0.0,0.0,1.0,1.0,0.0
,outer2,2,74,b80b,,,,,,150.0,150.0,0.0,0.0,0.0,0.0,0.0,1.0,1.0,0.0
,outer2,2,74,b80b,,,,,,150.0,180.0,0.0,0.0,0.0,0.0,0.0,1.0,1.0,0.0
,outer2,2,74,b80b,,,,,,150.0,210.0,0.0,0.0,0.0,0.0,0.0,1.0,1.0,0.0
,outer2,2,74,b80b,,,,,,150.0,240.0,0.0,0.0,0.0,0.0,0.0,1.0,1.0,0.0
,outer2,2,74,b80b,,,,,,150.0,270.0,0.0,0.0,0.0,0.0,0.0,1.0,1.0,0.0
,outer2,2,74,b80b,,,,,,150.0,300.0,0.0,0.0,0.0,0.0,0.0,1.0,1.0,0.0
,outer2,2,74,b80b,,,,,,150.0,330.0,0.0,0.0,0.0,0.0,0.0,1.0,1.0,0.0
,outer2,2,74,b9e6,,,,,,30.0,0.0,0.0,0.0,0.0,0.0,0.0,1.0,1.0,0.0
,outer2,2,74,b9e6,,,,,,30.0,30.0,0.0,0.0,0.0,0.0,0.0,1.0,1.0,0.0
,outer2,2,74,b9e6,,,,,,30.0,60.0,0.0,0.0,0.0,0.0,0.0,1.0,1.0,0.0
,outer2,2,74,b9e6,,,,,,30.0,90.0,0.0,0.0,0.0,0.0,0.0,1.0,1.0,0.0
,outer2,2,74,b9e6,,,,,,30.0,120.0,0.0,0.0,0.0,0.0,0.0,1.0,1.0,0.0
,outer2,2,74,b9e6,,,,,,30.0,150.0,0.0,0.0,0.0,0.0,0.0,1.0,1.0,0.0
,outer2,2,74,b9e6,,,,,,30.0,180.0,0.0,0.0,0.0,0.0,0.0,1.0,1.0,0.0
,outer2,2,74,b9e6,,,,,,30.0,210.0,0.0,0.0,0.0,0.0,0.0,1.0,1.0,0.0
,outer2,2,74,b9e6,,,,,,30.0,240.0,0.0,0.0,0.0,0.0,0.0,1.0,1.0,0.0
,outer2,2,74,b9e6,,,,,,30.0,270.0,0.0,0.0,0.0,0.0,0.0,1.0,1.0,0.0
,outer2,2,74,b9e6,,,,,,30.0,300.0,0.0,0.0,0.0,0.0,0.0,1.0,1.0,0.0
,outer2,2,74,b9e6,,,,,,30.0,330.0,0.0,0.0,0.0,0.0,0.0,1.0,1.0,0.0
,outer2,2,74,b9e6,,,,,,60.0,0.0,0.0,0.0,0.0,0.0,0.0,1.0,1.0,0.0
,outer2,2,74,b9e6,,,,,,60.0,30.0,0.0,0.0,0.0,0.0,0.0,1.0,1.0,0.0
,outer2,2,74,b9e6,,,,,,60.0,60.0,0.0,0.0,0.0,0.0,0.0,1.0,1.0,0.0
,outer2,2,74,b9e6,,,,,,60.0,90.0,0.0,0.0,0.0,0.0,0.0,1.0,1.0,0.0
,outer2,2,74,b9e6,,,,,,60.0,120.0,0.0,0.0,0.0,0.0,0.0,1.0,1.0,0.0
,outer2,2,74,b9e6,,,,,,60.0,150.0,0.0,0.0,0.0,0.0,0.0,1.0,1.0,0.0
,outer2,2,74,b9e6,,,,,,60.0,180.0,0.0,30.000001907348633,30.000001907348633,30.0,0.0,1.0,0.0,-1.0
,outer2,2,74,b9e6,,,,,,60.0,210.0,120.00000762939453,120.00000762939453,0.0,0.0,0.0,0.0,0.0,0.0
,outer2,2,74,b9e6,,,,,,60.0,240.0,0.0,0.0,0.0,0.0,0.0,1.0,1.0,0.0
,outer2,2,74,b9e6,,,,,,60.0,270.0,0.0,0.0,0.0,0.0,0.0,1.0,1.0,0.0
,outer2,2,74,b9e6,,,,,,60.0,300.0,0.0,0.0,0.0,0.0,0.0,1.0,1.0,0.0
,outer2,2,74,b9e6,,,,,,60.0,330.0,0.0,0.0,0.0,0.0,0.0,1.0,1.0,0.0
,outer2,2,74,b9e6,,,,,,90.0,0.0,180.0,0.0,-180.0,0.0,-180.0,0.0,1.0,1.0
,outer2,2,74,b9e6,,,,,,90.0,30.0,0.0,0.0,0.0,0.0,0.0,1.0,1.0,0.0
,outer2,2,74,b9e6,,,,,,90.0,60.0,0.0,180.0,180.0,0.0,180.0,1.0,0.0,-1.0
,outer2,2,74,b9e6,,,,,,90.0,90.0,0.0,180.0,180.0,0.0,180.0,1.0,0.0,-1.0
,outer2,2,74,b9e6,,,,,,90.0,120.0,60.000003814697266,0.0,-60.000003814697266,0.0,-60.0,0.0,1.0,1.0
,outer2,2,74,b9e6,,,,,,90.0,150.0,0.0,60.000003814697266,60.000003814697266,0.0,60.0,1.0,0.0,-1.0
,outer2,2,74,b9e6,,,,,,90.0,180.0,0.0,180.0,180.0,0.0,180.0,1.0,0.0,-1.0
,outer2,2,74,b9e6,,,,,,90.0,210.0,0.0,180.0,180.0,0.0,180.0,1.0,0.0,-1.0
,outer2,2,74,b9e6,,,,,,90.0,240.0,0.0,0.0,0.0,0.0,0.0,1.0,1.0,0.0
,outer2,2,74,b9e6,,,,,,90.0,270.0,0.0,0.0,0.0,0.0,0.0,1.0,1.0,0.0
,outer2,2,74,b9e6,,,,,,90.0,300.0,60.000003814697266,0.0,-60.000003814697266,0.0,-60.0,0.0,1.0,1.0
,outer2,2,74,b9e6,,,,,,90.0,330.0,180.0,180.0,0.0,0.0,0.0,0.0,0.0,0.0
,outer2,2,74,b9e6,,,,,,120.0,0.0,0.0,0.0,0.0,0.0,0.0,1.0,1.0,0.0
,outer2,2,74,b9e6,,,,,,120.0,30.0,0.0,0.0,0.0,0.0,0.0,1.0,1.0,0.0
,outer2,2,74,b9e6,,,,,,120.0,60.0,0.0,0.0,0.0,0.0,0.0,1.0,1.0,0.0
,outer2,2,74,b9e6,,,,,,120.0,90.0,0.0,0.0,0.0,0.0,0.0,1.0,1.0,0.0
,outer2,2,74,b9e6,,,,,,120.0,120.0,0.0,0.0,0.0,0.0,0.0,1.0,1.0,0.0
,outer2,2,74,b9e6,,,,,,120.0,150.0,0.0,0.0,0.0,0.0,0.0,1.0,1.0,0.0
,outer2,2,74,b9e6,,,,,,120.0,180.0,0.0,0.0,0.0,0.0,0.0,1.0,1.0,0.0
,outer2,2,74,b9e6,,,,,,120.0,210.0,120.00000762939453,120.00000762939453,0.0,0.0,0.0,0.0,0.0,0.0
,outer2,2,74,b9e6,,,,,,120.0,240.0,0.0,0.0,0.0,0.0,0.0,1.0,1.0,0.0
,outer2,2,74,b9e6,,,,,,120.0,270.0,0.0,0.0,0.0,0.0,0.0,1.0,1.0,0.0
,outer2,2,74,b9e6,,,,,,120.0,300.0,0.0,0.0,0.0,0.0,0.0,1.0,1.0,0.0
,outer2,2,74,b9e6,,,,,,120.0,330.0,0.0,0.0,0.0,0.0,0.0,1.0,1.0,0.0
,outer2,2,74,b9e6,,,,,,150.0,0.0,0.0,0.0,0.0,0.0,0.0,1.0,1.0,0.0
,outer2,2,74,b9e6,,,,,,150.0,30.0,0.0,0.0,0.0,0.0,0.0,1.0,1.0,0.0
,outer2,2,74,b9e6,,,,,,150.0,60.0,0.0,0.0,0.0,0.0,0.0,1.0,1.0,0.0
,outer2,2,74,b9e6,,,,,,150.0,90.0,0.0,0.0,0.0,0.0,0.0,1.0,1.0,0.0
,outer2,2,74,b9e6,,,,,,150.0,120.0,0.0,0.0,0.0,0.0,0.0,1.0,1.0,0.0
,outer2,2,74,b9e6,,,,,,150.0,150.0,0.0,0.0,0.0,0.0,0.0,1.0,1.0,0.0
,outer2,2,74,b9e6,,,,,,150.0,180.0,0.0,0.0,0.0,0.0,0.0,1.0,1.0,0.0
,outer2,2,74,b9e6,,,,,,150.0,210.0,0.0,0.0,0.0,0.0,0.0,1.0,1.0,0.0
,outer2,2,74,b9e6,,,,,,150.0,240.0,0.0,0.0,0.0,0.0,0.0,1.0,1.0,0.0
,outer2,2,74,b9e6,,,,,,150.0,270.0,0.0,0.0,0.0,0.0,0.0,1.0,1.0,0.0
,outer2,2,74,b9e6,,,,,,150.0,300.0,0.0,0.0,0.0,0.0,0.0,1.0,1.0,0.0
,outer2,2,74,b9e6,,,,,,150.0,330.0,0.0,0.0,0.0,0.0,0.0,1.0,1.0,0.0
,outer2,2,74,ba0f,,,,,,30.0,0.0,90.0,30.000001907348633,-59.99999809265137,0.0,-180.0,0.0,0.0,0.0
,outer2,2,74,ba0f,,,,,,30.0,30.0,151.04498291015625,60.000003814697266,-91.04497909545898,-120.0,60.0,0.0,0.0,0.0
,outer2,2,74,ba0f,,,,,,30.0,60.0,57.7581901550293,128.68218994140625,70.92399978637695,120.0,-90.0,0.0,0.0,0.0
,outer2,2,74,ba0f,,,,,,30.0,90.0,165.12905883789062,60.000003814697266,-105.12905502319336,-120.0,30.0,0.0,0.0,0.0
,outer2,2,74,ba0f,,,,,,30.0,120.0,0.0,60.000003814697266,60.000003814697266,0.0,180.0,1.0,0.0,-1.0
,outer2,2,74,ba0f,,,,,,30.0,150.0,0.0,60.000003814697266,60.000003814697266,0.0,180.0,1.0,0.0,-1.0
,outer2,2,74,ba0f,,,,,,30.0,180.0,90.0,150.0,60.0,0.0,180.0,0.0,0.0,0.0
,outer2,2,74,ba0f,,,,,,30.0,210.0,151.04498291015625,151.04498291015625,0.0,0.0,0.0,0.0,0.0,0.0
,outer2,2,74,ba0f,,,,,,30.0,240.0,28.95502281188965,128.68218994140625,99.7271671295166,120.0,0.0,0.0,0.0,0.0
,outer2,2,74,ba0f,,,,,,30.0,270.0,120.00000762939453,120.00000762939453,0.0,0.0,0.0,0.0,0.0,0.0
,outer2,2,74,ba0f,,,,,,30.0,300.0,60.000003814697266,0.0,-60.000003814697266,0.0,-180.0,0.0,1.0,1.0
,outer2,2,74,ba0f,,,,,,30.0,330.0,0.0,0.0,0.0,0.0,0.0,1.0,1.0,0.0
,outer2,2,74,ba0f,,,,,,60.0,0.0,0.0,90.0,90.0,30.0,180.0,1.0,0.0,-1.0
,outer2,2,74,ba0f,,,,,,60.0,30.0,0.0,0.0,0.0,0.0,0.0,1.0,1.0,0.0
,outer2,2,74,ba0f,,,,,,60.0,60.0,51.31781005859375,120.00000762939453,68.68219757080078,0.0,120.0,0.0,0.0,0.0
,outer2,2,74,ba0f,,,,,,60.0,90.0,25.905075073242188,0.0,-25.905075073242188,0.0,-30.0,0.0,1.0,1.0
,outer2,2,74,ba0f,,,,,,60.0,120.0,120.00000762939453,113.5481185913086,-6.4518890380859375,0.0,-30.0,0.0,0.0,0.0
,outer2,2,74,ba0f,,,,,,60.0,150.0,120.00000762939453,60.000003814697266,-60.000003814697266,60.0,-180.0,0.0,0.0,0.0
,outer2,2,74,ba0f,,,,,,60.0,180.0,60.000003814697266,0.0,-60.000003814697266,-60.0,0.0,0.0,1.0,1.0
,outer2,2,74,ba0f,,,,,,60.0,210.0,60.000003814697266,60.000003814697266,0.0,0.0,0.0,0.0,0.0,0.0
,outer2,2,74,ba0f,,,,,,60.0,240.0,138.59039306640625,0.0,-138.59039306640625,-30.0,-150.0,0.0,1.0,1.0
,outer2,2,74,ba0f,,,,,,60.0,270.0,29.999998092651367,29.999998092651367,0.0,0.0,0.0,0.0,0.0,0.0
,outer2,2,74,ba0f,,,,,,60.0,300.0,113.54812622070312,180.0,66.45187377929688,60.0,30.0,0.0,0.0,0.0
,outer2,2,74,ba0f,,,,,,60.0,330.0,128.6822052001953,180.0,51.31779479980469,0.0,60.0,0.0,0.0,0.0
,outer2,2,74,ba0f,,,,,,90.0,0.0,180.0,0.0,-180.0,0.0,-180.0,0.0,1.0,1.0
,outer2,2,74,ba0f,,,,,,90.0,30.0,60.00000762939453,120.00000762939453,60.0,0.0,60.0,0.0,0.0,0.0
,outer2,2,74,ba0f,,,,,,90.0,60.0,60.000003814697266,180.0,119.99999618530273,0.0,120.0,0.0,0.0,0.0
,outer2,2,74,ba0f,,,,,,90.0,90.0,180.0,0.0,-180.0,0.0,-180.0,0.0,1.0,1.0
,outer2,2,74,ba0f,,,,,,90.0,120.0,0.0,120.00000762939453,120.00000762939453,0.0,120.0,1.0,0.0,-1.0
,outer2,2,74,ba0f,,,,,,90.0,150.0,150.0,180.0,30.0,0.0,30.0,0.0,0.0,0.0
,outer2,2,74,ba0f,,,,,,90.0,180.0,0.0,180.0,180.0,0.0,180.0,1.0,0.0,-1.0
,outer2,2,74,ba0f,,,,,,90.0,210.0,120.00000762939453,120.00000762939453,0.0,0.0,0.0,0.0,0.0,0.0
,outer2,2,74,ba0f,,,,,,90.0,240.0,120.00000762939453,60.000003814697266,-60.000003814697266,0.0,-60.0,0.0,0.0,0.0
,outer2,2,74,ba0f,,,,,,90.0,270.0,180.0,180.0,0.0,0.0,0.0,0.0,0.0,0.0
,outer2,2,74,ba0f,,,,,,90.0,300.0,0.0,60.000003814697266,60.000003814697266,0.0,60.0,1.0,0.0,-1.0
,outer2,2,74,ba0f,,,,,,90.0,330.0,30.00000762939453,180.0,149.99999237060547,0.0,150.0,0.0,0.0,0.0
,outer2,2,74,ba0f,,,,,,120.0,0.0,120.00000762939453,29.99998664855957,-90.00002098083496,30.0,-180.0,0.0,0.0,0.0
,outer2,2,74,ba0f,,,,,,120.0,30.0,0.0,0.0,0.0,0.0,0.0,1.0,1.0,0.0
,outer2,2,74,ba0f,,,,,,120.0,60.0,113.54811096191406,113.54811096191406,0.0,0.0,0.0,0.0,0.0,0.0
,outer2,2,74,ba0f,,,,,,120.0,90.0,0.0,150.0,150.0,30.0,180.0,1.0,0.0,-1.0
,outer2,2,74,ba0f,,,,,,120.0,120.0,120.00000762939453,113.54811096191406,-6.451896667480469,0.0,-30.0,0.0,0.0,0.0
,outer2,2,74,ba0f,,,,,,120.0,150.0,120.00000762939453,75.52249145507812,-44.477516174316406,0.0,-90.0,0.0,0.0,0.0
,outer2,2,74,ba0f,,,,,,120.0,180.0,0.0,60.000003814697266,60.000003814697266,60.0,0.0,1.0,0.0,-1.0
,outer2,2,74,ba0f,,,,,,120.0,210.0,180.0,60.000003814697266,-119.99999618530273,0.0,-180.0,0.0,0.0,0.0
,outer2,2,74,ba0f,,,,,,120.0,240.0,25.905075073242188,128.6822052001953,102.77713012695312,60.0,90.0,0.0,0.0,0.0
,outer2,2,74,ba0f,,,,,,120.0,270.0,60.000003814697266,30.000001907348633,-30.000001907348633,-30.0,0.0,0.0,0.0,0.0
,outer2,2,74,ba0f,,,,,,120.0,300.0,113.54811096191406,180.0,66.45188903808594,60.0,30.0,0.0,0.0,0.0
,outer2,2,74,ba0f,,,,,,120.0,330.0,97.18075561523438,97.18075561523438,0.0,0.0,0.0,0.0,0.0,0.0
,outer2,2,74,ba0f,,,,,,150.0,0.0,60.000003814697266,29.99998664855957,-30.000017166137695,30.0,-180.0,0.0,0.0,0.0
,outer2,2,74,ba0f,,,,,,150.0,30.0,151.04498291015625,0.0,-151.04498291015625,-120.0,-120.0,0.0,1.0,1.0
,outer2,2,74,ba0f,,,,,,150.0,60.0,60.000003814697266,128.68218994140625,68.68218612670898,120.0,-120.0,0.0,0.0,0.0
,outer2,2,74,ba0f,,,,,,150.0,90.0,60.000003814697266,60.000003814697266,0.0,0.0,0.0,0.0,0.0,0.0
,outer2,2,74,ba0f,,,,,,150.0,120.0,60.000003814697266,60.000003814697266,0.0,0.0,0.0,0.0,0.0,0.0
,outer2,2,74,ba0f,,,,,,150.0,150.0,0.0,60.000003814697266,60.000003814697266,0.0,180.0,1.0,0.0,-1.0
,outer2,2,74,ba0f,,,,,,150.0,180.0,90.0,150.0,60.0,0.0,180.0,0.0,0.0,0.0
,outer2,2,74,ba0f,,,,,,150.0,210.0,128.68218994140625,151.04498291015625,22.36279296875,0.0,60.0,0.0,0.0,0.0
,outer2,2,74,ba0f,,,,,,150.0,240.0,0.0,128.68218994140625,128.68218994140625,120.0,60.0,1.0,0.0,-1.0
,outer2,2,74,ba0f,,,,,,150.0,270.0,14.870942115783691,120.00000762939453,105.12906551361084,120.0,-30.0,0.0,0.0,0.0
,outer2,2,74,ba0f,,,,,,150.0,300.0,0.0,0.0,0.0,0.0,0.0,1.0,1.0,0.0
,outer2,2,74,ba0f,,,,,,150.0,330.0,0.0,0.0,0.0,0.0,0.0,1.0,1.0,0.0
,outer2,2,74,bb7c,,,,,,30.0,0.0,0.0,30.000001907348633,30.000001907348633,30.0,0.0,1.0,0.0,-1.0
,outer2,2,74,bb7c,,,,,,30.0,30.0,0.0,0.0,0.0,0.0,0.0,1.0,1.0,0.0
,outer2,2,74,bb7c,,,,,,30.0,60.0,0.0,0.0,0.0,0.0,0.0,1.0,1.0,0.0
,outer2,2,74,bb7c,,,,,,30.0,90.0,0.0,0.0,0.0,0.0,0.0,1.0,1.0,0.0
,outer2,2,74,bb7c,,,,,,30.0,120.0,0.0,0.0,0.0,0.0,0.0,1.0,1.0,0.0
,outer2,2,74,bb7c,,,,,,30.0,150.0,0.0,0.0,0.0,0.0,0.0,1.0,1.0,0.0
,outer2,2,74,bb7c,,,,,,30.0,180.0,0.0,90.0,90.0,30.0,180.0,1.0,0.0,-1.0
,outer2,2,74,bb7c,,,,,,30.0,210.0,0.0,0.0,0.0,0.0,0.0,1.0,1.0,0.0
,outer2,2,74,bb7c,,,,,,30.0,240.0,0.0,0.0,0.0,0.0,0.0,1.0,1.0,0.0
,outer2,2,74,bb7c,,,,,,30.0,270.0,0.0,0.0,0.0,0.0,0.0,1.0,1.0,0.0
,outer2,2,74,bb7c,,,,,,30.0,300.0,0.0,0.0,0.0,0.0,0.0,1.0,1.0,0.0
,outer2,2,74,bb7c,,,,,,30.0,330.0,0.0,0.0,0.0,0.0,0.0,1.0,1.0,0.0
,outer2,2,74,bb7c,,,,,,60.0,0.0,0.0,0.0,0.0,0.0,0.0,1.0,1.0,0.0
,outer2,2,74,bb7c,,,,,,60.0,30.0,0.0,0.0,0.0,0.0,0.0,1.0,1.0,0.0
,outer2,2,74,bb7c,,,,,,60.0,60.0,51.31781005859375,0.0,-51.31781005859375,0.0,-60.0,0.0,1.0,1.0
,outer2,2,74,bb7c,,,,,,60.0,90.0,0.0,0.0,0.0,0.0,0.0,1.0,1.0,0.0
,outer2,2,74,bb7c,,,,,,60.0,120.0,0.0,0.0,0.0,0.0,0.0,1.0,1.0,0.0
,outer2,2,74,bb7c,,,,,,60.0,150.0,0.0,0.0,0.0,0.0,0.0,1.0,1.0,0.0
,outer2,2,74,bb7c,,,,,,60.0,180.0,0.0,120.00000762939453,120.00000762939453,0.0,180.0,1.0,0.0,-1.0
,outer2,2,74,bb7c,,,,,,60.0,210.0,82.81924438476562,82.81924438476562,0.0,0.0,0.0,0.0,0.0,0.0
,outer2,2,74,bb7c,,,,,,60.0,240.0,0.0,0.0,0.0,0.0,0.0,1.0,1.0,0.0
,outer2,2,74,bb7c,,,,,,60.0,270.0,180.0,0.0,-180.0,-60.0,-180.0,0.0,1.0,1.0
,outer2,2,74,bb7c,,,,,,60.0,300.0,0.0,0.0,0.0,0.0,0.0,1.0,1.0,0.0
,outer2,2,74,bb7c,,,,,,60.0,330.0,0.0,0.0,0.0,0.0,0.0,1.0,1.0,0.0
,outer2,2,74,bb7c,,,,,,90.0,0.0,0.0,0.0,0.0,0.0,0.0,1.0,1.0,0.0
,outer2,2,74,bb7c,,,,,,90.0,30.0,0.0,180.0,180.0,0.0,180.0,1.0,0.0,-1.0
,outer2,2,74,bb7c,,,,,,90.0,60.0,150.0,119.99999237060547,-30.00000762939453,-30.0,-60.0,0.0,0.0,0.0
,outer2,2,74,bb7c,,,,,,90.0,90.0,0.0,0.0,0.0,0.0,0.0,1.0,1.0,0.0
,outer2,2,74,bb7c,,,,,,90.0,120.0,120.00000762939453,180.0,59.99999237060547,0.0,60.0,0.0,0.0,0.0
,outer2,2,74,bb7c,,,,,,90.0,150.0,180.0,0.0,-180.0,0.0,-180.0,0.0,1.0,1.0
,outer2,2,74,bb7c,,,,,,90.0,180.0,180.0,0.0,-180.0,0.0,-180.0,0.0,1.0,1.0
,outer2,2,74,bb7c,,,,,,90.0,210.0,0.0,0.0,0.0,0.0,0.0,1.0,1.0,0.0
,outer2,2,74,bb7c,,,,,,90.0,240.0,0.0,180.0,180.0,0.0,180.0,1.0,0.0,-1.0
,outer2,2,74,bb7c,,,,,,90.0,270.0,0.0,180.0,180.0,0.0,180.0,1.0,0.0,-1.0
,outer2,2,74,bb7c,,,,,,90.0,300.0,60.000003814697266,0.0,-60.000003814697266,0.0,-60.0,0.0,1.0,1.0
,outer2,2,74,bb7c,,,,,,90.0,330.0,0.0,0.0,0.0,0.0,0.0,1.0,1.0,0.0
,outer2,2,74,bb7c,,,,,,120.0,0.0,0.0,0.0,0.0,0.0,0.0,1.0,1.0,0.0
,outer2,2,74,bb7c,,,,,,120.0,30.0,0.0,0.0,0.0,0.0,0.0,1.0,1.0,0.0
,outer2,2,74,bb7c,,,,,,120.0,60.0,0.0,0.0,0.0,0.0,0.0,1.0,1.0,0.0
,outer2,2,74,bb7c,,,,,,120.0,90.0,0.0,0.0,0.0,0.0,0.0,1.0,1.0,0.0
,outer2,2,74,bb7c,,,,,,120.0,120.0,0.0,0.0,0.0,0.0,0.0,1.0,1.0,0.0
,outer2,2,74,bb7c,,,,,,120.0,150.0,0.0,0.0,0.0,0.0,0.0,1.0,1.0,0.0
,outer2,2,74,bb7c,,,,,,120.0,180.0,0.0,120.00000762939453,120.00000762939453,0.0,180.0,1.0,0.0,-1.0
,outer2,2,74,bb7c,,,,,,120.0,210.0,0.0,82.81924438476562,82.81924438476562,60.0,60.0,1.0,0.0,-1.0
,outer2,2,74,bb7c,,,,,,120.0,240.0,0.0,0.0,0.0,0.0,0.0,1.0,1.0,0.0
,outer2,2,74,bb7c,,,,,,120.0,270.0,180.0,120.00000762939453,-59.99999237060547,-60.0,0.0,0.0,0.0,0.0
,outer2,2,74,bb7c,,,,,,120.0,300.0,0.0,0.0,0.0,0.0,0.0,1.0,1.0,0.0
,outer2,2,74,bb7c,,,,,,120.0,330.0,0.0,82.81924438476562,82.81924438476562,60.0,60.0,1.0,0.0,-1.0
,outer2,2,74,bb7c,,,,,,150.0,0.0,0.0,29.99998664855957,29.99998664855957,30.0,0.0,1.0,0.0,-1.0
,outer2,2,74,bb7c,,,,,,150.0,30.0,0.0,0.0,0.0,0.0,0.0,1.0,1.0,0.0
,outer2,2,74,bb7c,,,,,,150.0,60.0,0.0,0.0,0.0,0.0,0.0,1.0,1.0,0.0
,outer2,2,74,bb7c,,,,,,150.0,90.0,0.0,0.0,0.0,0.0,0.0,1.0,1.0,0.0
,outer2,2,74,bb7c,,,,,,150.0,120.0,0.0,0.0,0.0,0.0,0.0,1.0,1.0,0.0
,outer2,2,74,bb7c,,,,,,150.0,150.0,0.0,0.0,0.0,0.0,0.0,1.0,1.0,0.0
,outer2,2,74,bb7c,,,,,,150.0,180.0,0.0,90.0,90.0,30.0,180.0,1.0,0.0,-1.0
,outer2,2,74,bb7c,,,,,,150.0,210.0,0.0,0.0,0.0,0.0,0.0,1.0,1.0,0.0
,outer2,2,74,bb7c,,,,,,150.0,240.0,0.0,0.0,0.0,0.0,0.0,1.0,1.0,0.0
,outer2,2,74,bb7c,,,,,,150.0,270.0,0.0,0.0,0.0,0.0,0.0,1.0,1.0,0.0
,outer2,2,74,bb7c,,,,,,150.0,300.0,0.0,0.0,0.0,0.0,0.0,1.0,1.0,0.0
,outer2,2,74,bb7c,,,,,,150.0,330.0,0.0,0.0,0.0,0.0,0.0,1.0,1.0,0.0
,outer2,2,75,b7c1,,,,,,30.0,0.0,0.0,0.0,0.0,0.0,0.0,1.0,1.0,0.0
,outer2,2,75,b7c1,,,,,,30.0,30.0,0.0,0.0,0.0,0.0,0.0,1.0,1.0,0.0
,outer2,2,75,b7c1,,,,,,30.0,60.0,0.0,0.0,0.0,0.0,0.0,1.0,1.0,0.0
,outer2,2,75,b7c1,,,,,,30.0,90.0,0.0,0.0,0.0,0.0,0.0,1.0,1.0,0.0
,outer2,2,75,b7c1,,,,,,30.0,120.0,0.0,0.0,0.0,0.0,0.0,1.0,1.0,0.0
,outer2,2,75,b7c1,,,,,,30.0,150.0,0.0,0.0,0.0,0.0,0.0,1.0,1.0,0.0
,outer2,2,75,b7c1,,,,,,30.0,180.0,0.0,0.0,0.0,0.0,0.0,1.0,1.0,0.0
,outer2,2,75,b7c1,,,,,,30.0,210.0,0.0,0.0,0.0,0.0,0.0,1.0,1.0,0.0
,outer2,2,75,b7c1,,,,,,30.0,240.0,0.0,0.0,0.0,0.0,0.0,1.0,1.0,0.0
,outer2,2,75,b7c1,,,,,,30.0,270.0,0.0,0.0,0.0,0.0,0.0,1.0,1.0,0.0
,outer2,2,75,b7c1,,,,,,30.0,300.0,0.0,0.0,0.0,0.0,0.0,1.0,1.0,0.0
,outer2,2,75,b7c1,,,,,,30.0,330.0,0.0,0.0,0.0,0.0,0.0,1.0,1.0,0.0
,outer2,2,75,b7c1,,,,,,60.0,0.0,0.0,0.0,0.0,0.0,0.0,1.0,1.0,0.0
,outer2,2,75,b7c1,,,,,,60.0,30.0,0.0,0.0,0.0,0.0,0.0,1.0,1.0,0.0
,outer2,2,75,b7c1,,,,,,60.0,60.0,0.0,0.0,0.0,0.0,0.0,1.0,1.0,0.0
,outer2,2,75,b7c1,,,,,,60.0,90.0,0.0,0.0,0.0,0.0,0.0,1.0,1.0,0.0
,outer2,2,75,b7c1,,,,,,60.0,120.0,0.0,0.0,0.0,0.0,0.0,1.0,1.0,0.0
,outer2,2,75,b7c1,,,,,,60.0,150.0,0.0,0.0,0.0,0.0,0.0,1.0,1.0,0.0
,outer2,2,75,b7c1,,,,,,60.0,180.0,0.0,0.0,0.0,0.0,0.0,1.0,1.0,0.0
,outer2,2,75,b7c1,,,,,,60.0,210.0,0.0,0.0,0.0,0.0,0.0,1.0,1.0,0.0
,outer2,2,75,b7c1,,,,,,60.0,240.0,0.0,0.0,0.0,0.0,0.0,1.0,1.0,0.0
,outer2,2,75,b7c1,,,,,,60.0,270.0,0.0,0.0,0.0,0.0,0.0,1.0,1.0,0.0
,outer2,2,75,b7c1,,,,,,60.0,300.0,0.0,0.0,0.0,0.0,0.0,1.0,1.0,0.0
,outer2,2,75,b7c1,,,,,,60.0,330.0,0.0,0.0,0.0,0.0,0.0,1.0,1.0,0.0
,outer2,2,75,b7c1,,,,,,90.0,0.0,0.0,180.0,180.0,0.0,180.0,1.0,0.0,-1.0
,outer2,2,75,b7c1,,,,,,90.0,30.0,0.0,0.0,0.0,0.0,0.0,1.0,1.0,0.0
,outer2,2,75,b7c1,,,,,,90.0,60.0,0.0,0.0,0.0,0.0,0.0,1.0,1.0,0.0
,outer2,2,75,b7c1,,,,,,90.0,90.0,180.0,180.0,0.0,0.0,0.0,0.0,0.0,0.0
,outer2,2,75,b7c1,,,,,,90.0,120.0,120.00000762939453,60.000003814697266,-60.000003814697266,0.0,-60.0,0.0,0.0,0.0
,outer2,2,75,b7c1,,,,,,90.0,150.0,120.00000762939453,120.00000762939453,0.0,0.0,0.0,0.0,0.0,0.0
,outer2,2,75,b7c1,,,,,,90.0,180.0,180.0,0.0,-180.0,0.0,-180.0,0.0,1.0,1.0
,outer2,2,75,b7c1,,,,,,90.0,210.0,180.0,180.0,0.0,0.0,0.0,0.0,0.0,0.0
,outer2,2,75,b7c1,,,,,,90.0,240.0,0.0,180.0,180.0,0.0,180.0,1.0,0.0,-1.0
,outer2,2,75,b7c1,,,,,,90.0,270.0,0.0,0.0,0.0,0.0,0.0,1.0,1.0,0.0
,outer2,2,75,b7c1,,,,,,90.0,300.0,180.0,119.99999237060547,-60.00000762939453,0.0,-60.0,0.0,0.0,0.0
,outer2,2,75,b7c1,,,,,,90.0,330.0,60.00000762939453,120.00000762939453,60.0,0.0,60.0,0.0,0.0,0.0
,outer2,2,75,b7c1,,,,,,120.0,0.0,0.0,0.0,0.0,0.0,0.0,1.0,1.0,0.0
,outer2,2,75,b7c1,,,,,,120.0,30.0,0.0,120.00000762939453,120.00000762939453,0.0,180.0,1.0,0.0,-1.0
,outer2,2,75,b7c1,,,,,,120.0,60.0,60.000003814697266,0.0,-60.000003814697266,-60.0,0.0,0.0,1.0,1.0
,outer2,2,75,b7c1,,,,,,120.0,90.0,0.0,0.0,0.0,0.0,0.0,1.0,1.0,0.0
,outer2,2,75,b7c1,,,,,,120.0,120.0,0.0,0.0,0.0,0.0,0.0,1.0,1.0,0.0
,outer2,2,75,b7c1,,,,,,120.0,150.0,0.0,51.31781005859375,51.31781005859375,0.0,60.0,1.0,0.0,-1.0
,outer2,2,75,b7c1,,,,,,120.0,180.0,0.0,0.0,0.0,0.0,0.0,1.0,1.0,0.0
,outer2,2,75,b7c1,,,,,,120.0,210.0,0.0,0.0,0.0,0.0,0.0,1.0,1.0,0.0
,outer2,2,75,b7c1,,,,,,120.0,240.0,0.0,0.0,0.0,0.0,0.0,1.0,1.0,0.0
,outer2,2,75,b7c1,,,,,,120.0,270.0,0.0,0.0,0.0,0.0,0.0,1.0,1.0,0.0
,outer2,2,75,b7c1,,,,,,120.0,300.0,0.0,0.0,0.0,0.0,0.0,1.0,1.0,0.0
,outer2,2,75,b7c1,,,,,,120.0,330.0,0.0,0.0,0.0,0.0,0.0,1.0,1.0,0.0
,outer2,2,75,b7c1,,,,,,150.0,0.0,0.0,0.0,0.0,0.0,0.0,1.0,1.0,0.0
,outer2,2,75,b7c1,,,,,,150.0,30.0,0.0,0.0,0.0,0.0,0.0,1.0,1.0,0.0
,outer2,2,75,b7c1,,,,,,150.0,60.0,0.0,0.0,0.0,0.0,0.0,1.0,1.0,0.0
,outer2,2,75,b7c1,,,,,,150.0,90.0,0.0,0.0,0.0,0.0,0.0,1.0,1.0,0.0
,outer2,2,75,b7c1,,,,,,150.0,120.0,0.0,0.0,0.0,0.0,0.0,1.0,1.0,0.0
,outer2,2,75,b7c1,,,,,,150.0,150.0,0.0,0.0,0.0,0.0,0.0,1.0,1.0,0.0
,outer2,2,75,b7c1,,,,,,150.0,180.0,0.0,0.0,0.0,0.0,0.0,1.0,1.0,0.0
,outer2,2,75,b7c1,,,,,,150.0,210.0,0.0,0.0,0.0,0.0,0.0,1.0,1.0,0.0
,outer2,2,75,b7c1,,,,,,150.0,240.0,0.0,0.0,0.0,0.0,0.0,1.0,1.0,0.0
,outer2,2,75,b7c1,,,,,,150.0,270.0,0.0,0.0,0.0,0.0,0.0,1.0,1.0,0.0
,outer2,2,75,b7c1,,,,,,150.0,300.0,0.0,0.0,0.0,0.0,0.0,1.0,1.0,0.0
,outer2,2,75,b7c1,,,,,,150.0,330.0,0.0,0.0,0.0,0.0,0.0,1.0,1.0,0.0
,outer2,2,75,b80b,,,,,,30.0,0.0,0.0,0.0,0.0,0.0,0.0,1.0,1.0,0.0
,outer2,2,75,b80b,,,,,,30.0,30.0,0.0,0.0,0.0,0.0,0.0,1.0,1.0,0.0
,outer2,2,75,b80b,,,,,,30.0,60.0,0.0,0.0,0.0,0.0,0.0,1.0,1.0,0.0
,outer2,2,75,b80b,,,,,,30.0,90.0,0.0,0.0,0.0,0.0,0.0,1.0,1.0,0.0
,outer2,2,75,b80b,,,,,,30.0,120.0,0.0,0.0,0.0,0.0,0.0,1.0,1.0,0.0
,outer2,2,75,b80b,,,,,,30.0,150.0,0.0,0.0,0.0,0.0,0.0,1.0,1.0,0.0
,outer2,2,75,b80b,,,,,,30.0,180.0,0.0,0.0,0.0,0.0,0.0,1.0,1.0,0.0
,outer2,2,75,b80b,,,,,,30.0,210.0,0.0,0.0,0.0,0.0,0.0,1.0,1.0,0.0
,outer2,2,75,b80b,,,,,,30.0,240.0,0.0,0.0,0.0,0.0,0.0,1.0,1.0,0.0
,outer2,2,75,b80b,,,,,,30.0,270.0,0.0,0.0,0.0,0.0,0.0,1.0,1.0,0.0
,outer2,2,75,b80b,,,,,,30.0,300.0,0.0,0.0,0.0,0.0,0.0,1.0,1.0,0.0
,outer2,2,75,b80b,,,,,,30.0,330.0,0.0,0.0,0.0,0.0,0.0,1.0,1.0,0.0
,outer2,2,75,b80b,,,,,,60.0,0.0,0.0,0.0,0.0,0.0,0.0,1.0,1.0,0.0
,outer2,2,75,b80b,,,,,,60.0,30.0,0.0,0.0,0.0,0.0,0.0,1.0,1.0,0.0
,outer2,2,75,b80b,,,,,,60.0,60.0,0.0,0.0,0.0,0.0,0.0,1.0,1.0,0.0
,outer2,2,75,b80b,,,,,,60.0,90.0,0.0,0.0,0.0,0.0,0.0,1.0,1.0,0.0
,outer2,2,75,b80b,,,,,,60.0,120.0,0.0,0.0,0.0,0.0,0.0,1.0,1.0,0.0
,outer2,2,75,b80b,,,,,,60.0,150.0,0.0,0.0,0.0,0.0,0.0,1.0,1.0,0.0
,outer2,2,75,b80b,,,,,,60.0,180.0,0.0,0.0,0.0,0.0,0.0,1.0,1.0,0.0
,outer2,2,75,b80b,,,,,,60.0,210.0,0.0,0.0,0.0,0.0,0.0,1.0,1.0,0.0
,outer2,2,75,b80b,,,,,,60.0,240.0,0.0,0.0,0.0,0.0,0.0,1.0,1.0,0.0
,outer2,2,75,b80b,,,,,,60.0,270.0,0.0,0.0,0.0,0.0,0.0,1.0,1.0,0.0
,outer2,2,75,b80b,,,,,,60.0,300.0,0.0,0.0,0.0,0.0,0.0,1.0,1.0,0.0
,outer2,2,75,b80b,,,,,,60.0,330.0,0.0,51.31782150268555,51.31782150268555,0.0,60.0,1.0,0.0,-1.0
,outer2,2,75,b80b,,,,,,90.0,0.0,0.0,180.0,180.0,0.0,180.0,1.0,0.0,-1.0
,outer2,2,75,b80b,,,,,,90.0,30.0,0.0,0.0,0.0,0.0,0.0,1.0,1.0,0.0
,outer2,2,75,b80b,,,,,,90.0,60.0,0.0,0.0,0.0,0.0,0.0,1.0,1.0,0.0
,outer2,2,75,b80b,,,,,,90.0,90.0,180.0,180.0,0.0,0.0,0.0,0.0,0.0,0.0
,outer2,2,75,b80b,,,,,,90.0,120.0,0.0,0.0,0.0,0.0,0.0,1.0,1.0,0.0
,outer2,2,75,b80b,,,,,,90.0,150.0,0.0,60.000003814697266,60.000003814697266,0.0,60.0,1.0,0.0,-1.0
,outer2,2,75,b80b,,,,,,90.0,180.0,0.0,0.0,0.0,0.0,0.0,1.0,1.0,0.0
,outer2,2,75,b80b,,,,,,90.0,210.0,0.0,180.0,180.0,0.0,180.0,1.0,0.0,-1.0
,outer2,2,75,b80b,,,,,,90.0,240.0,0.0,180.0,180.0,0.0,180.0,1.0,0.0,-1.0
,outer2,2,75,b80b,,,,,,90.0,270.0,0.0,0.0,0.0,0.0,0.0,1.0,1.0,0.0
,outer2,2,75,b80b,,,,,,90.0,300.0,0.0,0.0,0.0,0.0,0.0,1.0,1.0,0.0
,outer2,2,75,b80b,,,,,,90.0,330.0,0.0,120.00000762939453,120.00000762939453,0.0,120.0,1.0,0.0,-1.0
,outer2,2,75,b80b,,,,,,120.0,0.0,0.0,0.0,0.0,0.0,0.0,1.0,1.0,0.0
,outer2,2,75,b80b,,,,,,120.0,30.0,0.0,0.0,0.0,0.0,0.0,1.0,1.0,0.0
,outer2,2,75,b80b,,,,,,120.0,60.0,0.0,0.0,0.0,0.0,0.0,1.0,1.0,0.0
,outer2,2,75,b80b,,,,,,120.0,90.0,0.0,0.0,0.0,0.0,0.0,1.0,1.0,0.0
,outer2,2,75,b80b,,,,,,120.0,120.0,0.0,0.0,0.0,0.0,0.0,1.0,1.0,0.0
,outer2,2,75,b80b,,,,,,120.0,150.0,0.0,51.31781005859375,51.31781005859375,0.0,60.0,1.0,0.0,-1.0
,outer2,2,75,b80b,,,,,,120.0,180.0,0.0,0.0,0.0,0.0,0.0,1.0,1.0,0.0
,outer2,2,75,b80b,,,,,,120.0,210.0,0.0,0.0,0.0,0.0,0.0,1.0,1.0,0.0
,outer2,2,75,b80b,,,,,,120.0,240.0,0.0,0.0,0.0,0.0,0.0,1.0,1.0,0.0
,outer2,2,75,b80b,,,,,,120.0,270.0,0.0,0.0,0.0,0.0,0.0,1.0,1.0,0.0
,outer2,2,75,b80b,,,,,,120.0,300.0,0.0,0.0,0.0,0.0,0.0,1.0,1.0,0.0
,outer2,2,75,b80b,,,,,,120.0,330.0,0.0,82.81924438476562,82.81924438476562,60.0,60.0,1.0,0.0,-1.0
,outer2,2,75,b80b,,,,,,150.0,0.0,0.0,0.0,0.0,0.0,0.0,1.0,1.0,0.0
,outer2,2,75,b80b,,,,,,150.0,30.0,0.0,0.0,0.0,0.0,0.0,1.0,1.0,0.0
,outer2,2,75,b80b,,,,,,150.0,60.0,0.0,0.0,0.0,0.0,0.0,1.0,1.0,0.0
,outer2,2,75,b80b,,,,,,150.0,90.0,0.0,0.0,0.0,0.0,0.0,1.0,1.0,0.0
,outer2,2,75,b80b,,,,,,150.0,120.0,0.0,0.0,0.0,0.0,0.0,1.0,1.0,0.0
,outer2,2,75,b80b,,,,,,150.0,150.0,0.0,0.0,0.0,0.0,0.0,1.0,1.0,0.0
,outer2,2,75,b80b,,,,,,150.0,180.0,0.0,0.0,0.0,0.0,0.0,1.0,1.0,0.0
,outer2,2,75,b80b,,,,,,150.0,210.0,0.0,0.0,0.0,0.0,0.0,1.0,1.0,0.0
,outer2,2,75,b80b,,,,,,150.0,240.0,0.0,0.0,0.0,0.0,0.0,1.0,1.0,0.0
,outer2,2,75,b80b,,,,,,150.0,270.0,0.0,0.0,0.0,0.0,0.0,1.0,1.0,0.0
,outer2,2,75,b80b,,,,,,150.0,300.0,0.0,0.0,0.0,0.0,0.0,1.0,1.0,0.0
,outer2,2,75,b80b,,,,,,150.0,330.0,0.0,0.0,0.0,0.0,0.0,1.0,1.0,0.0
,outer2,2,75,b9e6,,,,,,30.0,0.0,0.0,0.0,0.0,0.0,0.0,1.0,1.0,0.0
,outer2,2,75,b9e6,,,,,,30.0,30.0,0.0,0.0,0.0,0.0,0.0,1.0,1.0,0.0
,outer2,2,75,b9e6,,,,,,30.0,60.0,0.0,0.0,0.0,0.0,0.0,1.0,1.0,0.0
,outer2,2,75,b9e6,,,,,,30.0,90.0,0.0,0.0,0.0,0.0,0.0,1.0,1.0,0.0
,outer2,2,75,b9e6,,,,,,30.0,120.0,0.0,0.0,0.0,0.0,0.0,1.0,1.0,0.0
,outer2,2,75,b9e6,,,,,,30.0,150.0,0.0,0.0,0.0,0.0,0.0,1.0,1.0,0.0
,outer2,2,75,b9e6,,,,,,30.0,180.0,0.0,0.0,0.0,0.0,0.0,1.0,1.0,0.0
,outer2,2,75,b9e6,,,,,,30.0,210.0,0.0,0.0,0.0,0.0,0.0,1.0,1.0,0.0
,outer2,2,75,b9e6,,,,,,30.0,240.0,0.0,0.0,0.0,0.0,0.0,1.0,1.0,0.0
,outer2,2,75,b9e6,,,,,,30.0,270.0,0.0,0.0,0.0,0.0,0.0,1.0,1.0,0.0
,outer2,2,75,b9e6,,,,,,30.0,300.0,0.0,0.0,0.0,0.0,0.0,1.0,1.0,0.0
,outer2,2,75,b9e6,,,,,,30.0,330.0,0.0,0.0,0.0,0.0,0.0,1.0,1.0,0.0
,outer2,2,75,b9e6,,,,,,60.0,0.0,0.0,30.000001907348633,30.000001907348633,30.0,0.0,1.0,0.0,-1.0
,outer2,2,75,b9e6,,,,,,60.0,30.0,0.0,0.0,0.0,0.0,0.0,1.0,1.0,0.0
,outer2,2,75,b9e6,,,,,,60.0,60.0,0.0,0.0,0.0,0.0,0.0,1.0,1.0,0.0
,outer2,2,75,b9e6,,,,,,60.0,90.0,0.0,0.0,0.0,0.0,0.0,1.0,1.0,0.0
,outer2,2,75,b9e6,,,,,,60.0,120.0,0.0,0.0,0.0,0.0,0.0,1.0,1.0,0.0
,outer2,2,75,b9e6,,,,,,60.0,150.0,0.0,0.0,0.0,0.0,0.0,1.0,1.0,0.0
,outer2,2,75,b9e6,,,,,,60.0,180.0,0.0,30.000001907348633,30.000001907348633,30.0,0.0,1.0,0.0,-1.0
,outer2,2,75,b9e6,,,,,,60.0,210.0,120.00000762939453,120.00000762939453,0.0,0.0,0.0,0.0,0.0,0.0
,outer2,2,75,b9e6,,,,,,60.0,240.0,0.0,0.0,0.0,0.0,0.0,1.0,1.0,0.0
,outer2,2,75,b9e6,,,,,,60.0,270.0,0.0,0.0,0.0,0.0,0.0,1.0,1.0,0.0
,outer2,2,75,b9e6,,,,,,60.0,300.0,0.0,0.0,0.0,0.0,0.0,1.0,1.0,0.0
,outer2,2,75,b9e6,,,,,,60.0,330.0,0.0,0.0,0.0,0.0,0.0,1.0,1.0,0.0
,outer2,2,75,b9e6,,,,,,90.0,0.0,0.0,180.0,180.0,0.0,180.0,1.0,0.0,-1.0
,outer2,2,75,b9e6,,,,,,90.0,30.0,0.0,0.0,0.0,0.0,0.0,1.0,1.0,0.0
,outer2,2,75,b9e6,,,,,,90.0,60.0,0.0,0.0,0.0,0.0,0.0,1.0,1.0,0.0
,outer2,2,75,b9e6,,,,,,90.0,90.0,0.0,180.0,180.0,0.0,180.0,1.0,0.0,-1.0
,outer2,2,75,b9e6,,,,,,90.0,120.0,60.000003814697266,0.0,-60.000003814697266,0.0,-60.0,0.0,1.0,1.0
,outer2,2,75,b9e6,,,,,,90.0,150.0,0.0,60.000003814697266,60.000003814697266,0.0,60.0,1.0,0.0,-1.0
,outer2,2,75,b9e6,,,,,,90.0,180.0,180.0,0.0,-180.0,0.0,-180.0,0.0,1.0,1.0
,outer2,2,75,b9e6,,,,,,90.0,210.0,180.0,180.0,0.0,0.0,0.0,0.0,0.0,0.0
,outer2,2,75,b9e6,,,,,,90.0,240.0,180.0,180.0,0.0,0.0,0.0,0.0,0.0,0.0
,outer2,2,75,b9e6,,,,,,90.0,270.0,0.0,0.0,0.0,0.0,0.0,1.0,1.0,0.0
,outer2,2,75,b9e6,,,,,,90.0,300.0,60.000003814697266,180.0,119.99999618530273,0.0,120.0,0.0,0.0,0.0
,outer2,2,75,b9e6,,,,,,90.0,330.0,180.0,120.00000762939453,-59.99999237060547,0.0,-60.0,0.0,0.0,0.0
,outer2,2,75,b9e6,,,,,,120.0,0.0,0.0,29.99998664855957,29.99998664855957,30.0,0.0,1.0,0.0,-1.0
,outer2,2,75,b9e6,,,,,,120.0,30.0,0.0,0.0,0.0,0.0,0.0,1.0,1.0,0.0
,outer2,2,75,b9e6,,,,,,120.0,60.0,0.0,0.0,0.0,0.0,0.0,1.0,1.0,0.0
,outer2,2,75,b9e6,,,,,,120.0,90.0,0.0,0.0,0.0,0.0,0.0,1.0,1.0,0.0
,outer2,2,75,b9e6,,,,,,120.0,120.0,0.0,0.0,0.0,0.0,0.0,1.0,1.0,0.0
,outer2,2,75,b9e6,,,,,,120.0,150.0,0.0,82.81924438476562,82.81924438476562,60.0,60.0,1.0,0.0,-1.0
,outer2,2,75,b9e6,,,,,,120.0,180.0,0.0,0.0,0.0,0.0,0.0,1.0,1.0,0.0
,outer2,2,75,b9e6,,,,,,120.0,210.0,120.00000762939453,120.00000762939453,0.0,0.0,0.0,0.0,0.0,0.0
,outer2,2,75,b9e6,,,,,,120.0,240.0,0.0,0.0,0.0,0.0,0.0,1.0,1.0,0.0
,outer2,2,75,b9e6,,,,,,120.0,270.0,0.0,0.0,0.0,0.0,0.0,1.0,1.0,0.0
,outer2,2,75,b9e6,,,,,,120.0,300.0,0.0,0.0,0.0,0.0,0.0,1.0,1.0,0.0
,outer2,2,75,b9e6,,,,,,120.0,330.0,0.0,0.0,0.0,0.0,0.0,1.0,1.0,0.0
,outer2,2,75,b9e6,,,,,,150.0,0.0,0.0,0.0,0.0,0.0,0.0,1.0,1.0,0.0
,outer2,2,75,b9e6,,,,,,150.0,30.0,0.0,0.0,0.0,0.0,0.0,1.0,1.0,0.0
,outer2,2,75,b9e6,,,,,,150.0,60.0,0.0,0.0,0.0,0.0,0.0,1.0,1.0,0.0
,outer2,2,75,b9e6,,,,,,150.0,90.0,0.0,0.0,0.0,0.0,0.0,1.0,1.0,0.0
,outer2,2,75,b9e6,,,,,,150.0,120.0,0.0,0.0,0.0,0.0,0.0,1.0,1.0,0.0
,outer2,2,75,b9e6,,,,,,150.0,150.0,0.0,0.0,0.0,0.0,0.0,1.0,1.0,0.0
,outer2,2,75,b9e6,,,,,,150.0,180.0,0.0,0.0,0.0,0.0,0.0,1.0,1.0,0.0
,outer2,2,75,b9e6,,,,,,150.0,210.0,0.0,0.0,0.0,0.0,0.0,1.0,1.0,0.0
,outer2,2,75,b9e6,,,,,,150.0,240.0,0.0,0.0,0.0,0.0,0.0,1.0,1.0,0.0
,outer2,2,75,b9e6,,,,,,150.0,270.0,0.0,0.0,0.0,0.0,0.0,1.0,1.0,0.0
,outer2,2,75,b9e6,,,,,,150.0,300.0,0.0,0.0,0.0,0.0,0.0,1.0,1.0,0.0
,outer2,2,75,b9e6,,,,,,150.0,330.0,0.0,0.0,0.0,0.0,0.0,1.0,1.0,0.0
,outer2,2,75,ba0f,,,,,,30.0,0.0,90.0,30.000001907348633,-59.99999809265137,-60.0,0.0,0.0,0.0,0.0
,outer2,2,75,ba0f,,,,,,30.0,30.0,151.04498291015625,128.68218994140625,-22.36279296875,0.0,-60.0,0.0,0.0,0.0
,outer2,2,75,ba0f,,,,,,30.0,60.0,14.870942115783691,128.68218994140625,113.81124782562256,120.0,30.0,0.0,0.0,0.0
,outer2,2,75,ba0f,,,,,,30.0,90.0,57.7581901550293,60.000003814697266,2.2418136596679688,0.0,30.0,0.0,0.0,0.0
,outer2,2,75,ba0f,,,,,,30.0,120.0,0.0,60.000003814697266,60.000003814697266,0.0,180.0,1.0,0.0,-1.0
,outer2,2,75,ba0f,,,,,,30.0,150.0,60.000003814697266,60.000003814697266,0.0,0.0,0.0,0.0,0.0,0.0
,outer2,2,75,ba0f,,,,,,30.0,180.0,0.0,150.0,150.0,90.0,180.0,1.0,0.0,-1.0
,outer2,2,75,ba0f,,,,,,30.0,210.0,151.04498291015625,151.04498291015625,0.0,0.0,0.0,0.0,0.0,0.0
,outer2,2,75,ba0f,,,,,,30.0,240.0,57.7581901550293,128.68218994140625,70.92399978637695,120.0,-90.0,0.0,0.0,0.0
,outer2,2,75,ba0f,,,,,,30.0,270.0,122.24180603027344,120.00000762939453,-2.2417984008789062,0.0,-30.0,0.0,0.0,0.0
,outer2,2,75,ba0f,,,,,,30.0,300.0,60.000003814697266,0.0,-60.000003814697266,0.0,-180.0,0.0,1.0,1.0
,outer2,2,75,ba0f,,,,,,30.0,330.0,0.0,0.0,0.0,0.0,0.0,1.0,1.0,0.0
,outer2,2,75,ba0f,,,,,,60.0,0.0,0.0,90.0,90.0,30.0,180.0,1.0,0.0,-1.0
,outer2,2,75,ba0f,,,,,,60.0,30.0,0.0,120.00000762939453,120.00000762939453,0.0,180.0,1.0,0.0,-1.0
,outer2,2,75,ba0f,,,,,,60.0,60.0,0.0,120.00000762939453,120.00000762939453,0.0,180.0,1.0,0.0,-1.0
,outer2,2,75,ba0f,,,,,,60.0,90.0,29.999998092651367,0.0,-29.999998092651367,-30.0,0.0,0.0,1.0,1.0
,outer2,2,75,ba0f,,,,,,60.0,120.0,113.5481185913086,120.00000762939453,6.4518890380859375,0.0,30.0,0.0,0.0,0.0
,outer2,2,75,ba0f,,,,,,60.0,150.0,180.0,120.00000762939453,-59.99999237060547,-60.0,0.0,0.0,0.0,0.0
,outer2,2,75,ba0f,,,,,,60.0,180.0,120.00000762939453,30.000001907348633,-90.0000057220459,30.0,-180.0,0.0,0.0,0.0
,outer2,2,75,ba0f,,,,,,60.0,210.0,82.81924438476562,60.000003814697266,-22.81924057006836,0.0,-60.0,0.0,0.0,0.0
,outer2,2,75,ba0f,,,,,,60.0,240.0,25.905075073242188,25.905075073242188,0.0,0.0,0.0,0.0,0.0,0.0
,outer2,2,75,ba0f,,,,,,60.0,270.0,41.40962219238281,150.0,108.59037780761719,0.0,150.0,0.0,0.0,0.0
,outer2,2,75,ba0f,,,,,,60.0,300.0,60.000003814697266,180.0,119.99999618530273,0.0,180.0,0.0,0.0,0.0
,outer2,2,75,ba0f,,,,,,60.0,330.0,128.6822052001953,128.6822052001953,0.0,0.0,0.0,0.0,0.0,0.0
,outer2,2,75,ba0f,,,,,,90.0,0.0,180.0,180.0,0.0,0.0,0.0,0.0,0.0,0.0
,outer2,2,75,ba0f,,,,,,90.0,30.0,60.00000762939453,120.00000762939453,60.0,0.0,60.0,0.0,0.0,0.0
,outer2,2,75,ba0f,,,,,,90.0,60.0,180.0,180.0,0.0,0.0,0.0,0.0,0.0,0.0
,outer2,2,75,ba0f,,,,,,90.0,90.0,0.0,0.0,0.0,0.0,0.0,1.0,1.0,0.0
,outer2,2,75,ba0f,,,,,,90.0,120.0,180.0,120.00000762939453,-59.99999237060547,0.0,-60.0,0.0,0.0,0.0
,outer2,2,75,ba0f,,,,,,90.0,150.0,180.0,30.000001907348633,-149.99999809265137,0.0,-150.0,0.0,0.0,0.0
,outer2,2,75,ba0f,,,,,,90.0,180.0,0.0,0.0,0.0,0.0,0.0,1.0,1.0,0.0
,outer2,2,75,ba0f,,,,,,90.0,210.0,120.00000762939453,60.000003814697266,-60.000003814697266,0.0,-60.0,0.0,0.0,0.0
,outer2,2,75,ba0f,,,,,,90.0,240.0,120.00000762939453,0.0,-120.00000762939453,0.0,-120.0,0.0,1.0,1.0
,outer2,2,75,ba0f,,,,,,90.0,270.0,180.0,180.0,0.0,0.0,0.0,0.0,0.0,0.0
,outer2,2,75,ba0f,,,,,,90.0,300.0,0.0,180.0,180.0,0.0,180.0,1.0,0.0,-1.0
,outer2,2,75,ba0f,,,,,,90.0,330.0,0.0,150.0,150.0,0.0,150.0,1.0,0.0,-1.0
,outer2,2,75,ba0f,,,,,,120.0,0.0,0.0,29.99998664855957,29.99998664855957,30.0,0.0,1.0,0.0,-1.0
,outer2,2,75,ba0f,,,,,,120.0,30.0,0.0,0.0,0.0,0.0,0.0,1.0,1.0,0.0
,outer2,2,75,ba0f,,,,,,120.0,60.0,0.0,113.54811096191406,113.54811096191406,0.0,150.0,1.0,0.0,-1.0
,outer2,2,75,ba0f,,,,,,120.0,90.0,0.0,150.0,150.0,30.0,180.0,1.0,0.0,-1.0
,outer2,2,75,ba0f,,,,,,120.0,120.0,113.54811096191406,120.00000762939453,6.451896667480469,0.0,30.0,0.0,0.0,0.0
,outer2,2,75,ba0f,,,,,,120.0,150.0,120.00000762939453,120.00000762939453,0.0,0.0,0.0,0.0,0.0,0.0
,outer2,2,75,ba0f,,,,,,120.0,180.0,0.0,60.000003814697266,60.000003814697266,60.0,0.0,1.0,0.0,-1.0
,outer2,2,75,ba0f,,,,,,120.0,210.0,0.0,60.000003814697266,60.000003814697266,60.0,0.0,1.0,0.0,-1.0
,outer2,2,75,ba0f,,,,,,120.0,240.0,97.18075561523438,97.18075561523438,0.0,0.0,0.0,0.0,0.0,0.0
,outer2,2,75,ba0f,,,,,,120.0,270.0,138.59039306640625,30.000001907348633,-108.59039115905762,0.0,-150.0,0.0,0.0,0.0
,outer2,2,75,ba0f,,,,,,120.0,300.0,154.0949249267578,180.0,25.905075073242188,0.0,30.0,0.0,0.0,0.0
,outer2,2,75,ba0f,,,,,,120.0,330.0,0.0,97.18075561523438,97.18075561523438,0.0,120.0,1.0,0.0,-1.0
,outer2,2,75,ba0f,,,,,,150.0,0.0,180.0,90.0,-90.0,-90.0,0.0,0.0,0.0,0.0
,outer2,2,75,ba0f,,,,,,150.0,30.0,128.68218994140625,151.04498291015625,22.36279296875,0.0,60.0,0.0,0.0,0.0
,outer2,2,75,ba0f,,,,,,150.0,60.0,165.12905883789062,151.04498291015625,-14.084075927734375,0.0,-30.0,0.0,0.0,0.0
,outer2,2,75,ba0f,,,,,,150.0,90.0,0.0,60.000003814697266,60.000003814697266,0.0,180.0,1.0,0.0,-1.0
,outer2,2,75,ba0f,,,,,,150.0,120.0,0.0,60.000003814697266,60.000003814697266,0.0,180.0,1.0,0.0,-1.0
,outer2,2,75,ba0f,,,,,,150.0,150.0,0.0,60.000003814697266,60.000003814697266,0.0,180.0,1.0,0.0,-1.0
,outer2,2,75,ba0f,,,,,,150.0,180.0,86.67424774169922,90.0,3.3257522583007812,60.0,-150.0,0.0,0.0,0.0
,outer2,2,75,ba0f,,,,,,150.0,210.0,151.04498291015625,151.04498291015625,0.0,0.0,0.0,0.0,0.0,0.0
,outer2,2,75,ba0f,,,,,,150.0,240.0,122.24180603027344,128.68218994140625,6.4403839111328125,0.0,30.0,0.0,0.0,0.0
,outer2,2,75,ba0f,,,,,,150.0,270.0,122.24180603027344,120.00000762939453,-2.2417984008789062,0.0,-30.0,0.0,0.0,0.0
,outer2,2,75,ba0f,,,,,,150.0,300.0,57.7581901550293,0.0,-57.7581901550293,0.0,-150.0,0.0,1.0,1.0
,outer2,2,75,ba0f,,,,,,150.0,330.0,0.0,0.0,0.0,0.0,0.0,1.0,1.0,0.0
,outer2,2,75,bb7c,,,,,,30.0,0.0,0.0,30.000001907348633,30.000001907348633,30.0,0.0,1.0,0.0,-1.0
,outer2,2,75,bb7c,,,,,,30.0,30.0,0.0,0.0,0.0,0.0,0.0,1.0,1.0,0.0
,outer2,2,75,bb7c,,,,,,30.0,60.0,0.0,0.0,0.0,0.0,0.0,1.0,1.0,0.0
,outer2,2,75,bb7c,,,,,,30.0,90.0,0.0,0.0,0.0,0.0,0.0,1.0,1.0,0.0
,outer2,2,75,bb7c,,,,,,30.0,120.0,0.0,0.0,0.0,0.0,0.0,1.0,1.0,0.0
,outer2,2,75,bb7c,,,,,,30.0,150.0,0.0,0.0,0.0,0.0,0.0,1.0,1.0,0.0
,outer2,2,75,bb7c,,,,,,30.0,180.0,0.0,90.0,90.0,30.0,180.0,1.0,0.0,-1.0
,outer2,2,75,bb7c,,,,,,30.0,210.0,0.0,0.0,0.0,0.0,0.0,1.0,1.0,0.0
,outer2,2,75,bb7c,,,,,,30.0,240.0,0.0,0.0,0.0,0.0,0.0,1.0,1.0,0.0
,outer2,2,75,bb7c,,,,,,30.0,270.0,0.0,0.0,0.0,0.0,0.0,1.0,1.0,0.0
,outer2,2,75,bb7c,,,,,,30.0,300.0,0.0,0.0,0.0,0.0,0.0,1.0,1.0,0.0
,outer2,2,75,bb7c,,,,,,30.0,330.0,0.0,0.0,0.0,0.0,0.0,1.0,1.0,0.0
,outer2,2,75,bb7c,,,,,,60.0,0.0,0.0,0.0,0.0,0.0,0.0,1.0,1.0,0.0
,outer2,2,75,bb7c,,,,,,60.0,30.0,0.0,0.0,0.0,0.0,0.0,1.0,1.0,0.0
,outer2,2,75,bb7c,,,,,,60.0,60.0,0.0,25.905075073242188,25.905075073242188,0.0,30.0,1.0,0.0,-1.0
,outer2,2,75,bb7c,,,,,,60.0,90.0,0.0,0.0,0.0,0.0,0.0,1.0,1.0,0.0
,outer2,2,75,bb7c,,,,,,60.0,120.0,0.0,0.0,0.0,0.0,0.0,1.0,1.0,0.0
,outer2,2,75,bb7c,,,,,,60.0,150.0,0.0,0.0,0.0,0.0,0.0,1.0,1.0,0.0
,outer2,2,75,bb7c,,,,,,60.0,180.0,0.0,0.0,0.0,0.0,0.0,1.0,1.0,0.0
,outer2,2,75,bb7c,,,,,,60.0,210.0,66.45188903808594,0.0,-66.45188903808594,-60.0,-30.0,0.0,1.0,1.0
,outer2,2,75,bb7c,,,,,,60.0,240.0,0.0,0.0,0.0,0.0,0.0,1.0,1.0,0.0
,outer2,2,75,bb7c,,,,,,60.0,270.0,29.999998092651367,0.0,-29.999998092651367,-30.0,0.0,0.0,1.0,1.0
,outer2,2,75,bb7c,,,,,,60.0,300.0,0.0,0.0,0.0,0.0,0.0,1.0,1.0,0.0
,outer2,2,75,bb7c,,,,,,60.0,330.0,0.0,0.0,0.0,0.0,0.0,1.0,1.0,0.0
,outer2,2,75,bb7c,,,,,,90.0,0.0,180.0,180.0,0.0,0.0,0.0,0.0,0.0,0.0
,outer2,2,75,bb7c,,,,,,90.0,30.0,0.0,180.0,180.0,0.0,180.0,1.0,0.0,-1.0
,outer2,2,75,bb7c,,,,,,90.0,60.0,0.0,0.0,0.0,0.0,0.0,1.0,1.0,0.0
,outer2,2,75,bb7c,,,,,,90.0,90.0,0.0,180.0,180.0,0.0,180.0,1.0,0.0,-1.0
,outer2,2,75,bb7c,,,,,,90.0,120.0,0.0,0.0,0.0,0.0,0.0,1.0,1.0,0.0
,outer2,2,75,bb7c,,,,,,90.0,150.0,180.0,30.000001907348633,-149.99999809265137,0.0,-150.0,0.0,0.0,0.0
,outer2,2,75,bb7c,,,,,,90.0,180.0,0.0,0.0,0.0,0.0,0.0,1.0,1.0,0.0
,outer2,2,75,bb7c,,,,,,90.0,210.0,180.0,0.0,-180.0,0.0,-180.0,0.0,1.0,1.0
,outer2,2,75,bb7c,,,,,,90.0,240.0,120.00000762939453,180.0,59.99999237060547,0.0,60.0,0.0,0.0,0.0
,outer2,2,75,bb7c,,,,,,90.0,270.0,180.0,0.0,-180.0,0.0,-180.0,0.0,1.0,1.0
,outer2,2,75,bb7c,,,,,,90.0,300.0,180.0,180.0,0.0,0.0,0.0,0.0,0.0,0.0
,outer2,2,75,bb7c,,,,,,90.0,330.0,180.0,180.0,0.0,0.0,0.0,0.0,0.0,0.0
,outer2,2,75,bb7c,,,,,,120.0,0.0,0.0,0.0,0.0,0.0,0.0,1.0,1.0,0.0
,outer2,2,75,bb7c,,,,,,120.0,30.0,0.0,0.0,0.0,0.0,0.0,1.0,1.0,0.0
,outer2,2,75,bb7c,,,,,,120.0,60.0,0.0,0.0,0.0,0.0,0.0,1.0,1.0,0.0
,outer2,2,75,bb7c,,,,,,120.0,90.0,0.0,0.0,0.0,0.0,0.0,1.0,1.0,0.0
,outer2,2,75,bb7c,,,,,,120.0,120.0,0.0,0.0,0.0,0.0,0.0,1.0,1.0,0.0
,outer2,2,75,bb7c,,,,,,120.0,150.0,0.0,0.0,0.0,0.0,0.0,1.0,1.0,0.0
,outer2,2,75,bb7c,,,,,,120.0,180.0,0.0,0.0,0.0,0.0,0.0,1.0,1.0,0.0
,outer2,2,75,bb7c,,,,,,120.0,210.0,0.0,82.81924438476562,82.81924438476562,60.0,60.0,1.0,0.0,-1.0
,outer2,2,75,bb7c,,,,,,120.0,240.0,154.09490966796875,128.6822052001953,-25.412704467773438,0.0,-30.0,0.0,0.0,0.0
,outer2,2,75,bb7c,,,,,,120.0,270.0,120.00000762939453,120.00000762939453,0.0,0.0,0.0,0.0,0.0,0.0
,outer2,2,75,bb7c,,,,,,120.0,300.0,0.0,0.0,0.0,0.0,0.0,1.0,1.0,0.0
,outer2,2,75,bb7c,,,,,,120.0,330.0,60.000003814697266,82.81924438476562,22.81924057006836,0.0,60.0,0.0,0.0,0.0
,outer2,2,75,bb7c,,,,,,150.0,0.0,0.0,29.99998664855957,29.99998664855957,30.0,0.0,1.0,0.0,-1.0
,outer2,2,75,bb7c,,,,,,150.0,30.0,0.0,0.0,0.0,0.0,0.0,1.0,1.0,0.0
,outer2,2,75,bb7c,,,,,,150.0,60.0,0.0,0.0,0.0,0.0,0.0,1.0,1.0,0.0
,outer2,2,75,bb7c,,,,,,150.0,90.0,0.0,0.0,0.0,0.0,0.0,1.0,1.0,0.0
,outer2,2,75,bb7c,,,,,,150.0,120.0,0.0,0.0,0.0,0.0,0.0,1.0,1.0,0.0
,outer2,2,75,bb7c,,,,,,150.0,150.0,0.0,0.0,0.0,0.0,0.0,1.0,1.0,0.0
,outer2,2,75,bb7c,,,,,,150.0,180.0,0.0,29.99998664855957,29.99998664855957,30.0,0.0,1.0,0.0,-1.0
,outer2,2,75,bb7c,,,,,,150.0,210.0,0.0,0.0,0.0,0.0,0.0,1.0,1.0,0.0
,outer2,2,75,bb7c,,,,,,150.0,240.0,0.0,0.0,0.0,0.0,0.0,1.0,1.0,0.0
,outer2,2,75,bb7c,,,,,,150.0,270.0,0.0,0.0,0.0,0.0,0.0,1.0,1.0,0.0
,outer2,2,75,bb7c,,,,,,150.0,300.0,0.0,0.0,0.0,0.0,0.0,1.0,1.0,0.0
,outer2,2,75,bb7c,,,,,,150.0,330.0,0.0,0.0,0.0,0.0,0.0,1.0,1.0,0.0
,outer2,2,76,b7c1,,,,,,30.0,0.0,0.0,30.000001907348633,30.000001907348633,30.0,0.0,1.0,0.0,-1.0
,outer2,2,76,b7c1,,,,,,30.0,30.0,0.0,0.0,0.0,0.0,0.0,1.0,1.0,0.0
,outer2,2,76,b7c1,,,,,,30.0,60.0,0.0,0.0,0.0,0.0,0.0,1.0,1.0,0.0
,outer2,2,76,b7c1,,,,,,30.0,90.0,0.0,0.0,0.0,0.0,0.0,1.0,1.0,0.0
,outer2,2,76,b7c1,,,,,,30.0,120.0,0.0,0.0,0.0,0.0,0.0,1.0,1.0,0.0
,outer2,2,76,b7c1,,,,,,30.0,150.0,0.0,0.0,0.0,0.0,0.0,1.0,1.0,0.0
,outer2,2,76,b7c1,,,,,,30.0,180.0,0.0,0.0,0.0,0.0,0.0,1.0,1.0,0.0
,outer2,2,76,b7c1,,,,,,30.0,210.0,0.0,0.0,0.0,0.0,0.0,1.0,1.0,0.0
,outer2,2,76,b7c1,,,,,,30.0,240.0,0.0,0.0,0.0,0.0,0.0,1.0,1.0,0.0
,outer2,2,76,b7c1,,,,,,30.0,270.0,0.0,0.0,0.0,0.0,0.0,1.0,1.0,0.0
,outer2,2,76,b7c1,,,,,,30.0,300.0,0.0,0.0,0.0,0.0,0.0,1.0,1.0,0.0
,outer2,2,76,b7c1,,,,,,30.0,330.0,0.0,0.0,0.0,0.0,0.0,1.0,1.0,0.0
,outer2,2,76,b7c1,,,,,,60.0,0.0,0.0,0.0,0.0,0.0,0.0,1.0,1.0,0.0
,outer2,2,76,b7c1,,,,,,60.0,30.0,51.31782150268555,82.81924438476562,31.501422882080078,60.0,0.0,0.0,0.0,0.0
,outer2,2,76,b7c1,,,,,,60.0,60.0,0.0,0.0,0.0,0.0,0.0,1.0,1.0,0.0
,outer2,2,76,b7c1,,,,,,60.0,90.0,0.0,0.0,0.0,0.0,0.0,1.0,1.0,0.0
,outer2,2,76,b7c1,,,,,,60.0,120.0,0.0,0.0,0.0,0.0,0.0,1.0,1.0,0.0
,outer2,2,76,b7c1,,,,,,60.0,150.0,0.0,0.0,0.0,0.0,0.0,1.0,1.0,0.0
,outer2,2,76,b7c1,,,,,,60.0,180.0,0.0,0.0,0.0,0.0,0.0,1.0,1.0,0.0
,outer2,2,76,b7c1,,,,,,60.0,210.0,0.0,60.000003814697266,60.000003814697266,60.0,0.0,1.0,0.0,-1.0
,outer2,2,76,b7c1,,,,,,60.0,240.0,0.0,0.0,0.0,0.0,0.0,1.0,1.0,0.0
,outer2,2,76,b7c1,,,,,,60.0,270.0,0.0,0.0,0.0,0.0,0.0,1.0,1.0,0.0
,outer2,2,76,b7c1,,,,,,60.0,300.0,0.0,0.0,0.0,0.0,0.0,1.0,1.0,0.0
,outer2,2,76,b7c1,,,,,,60.0,330.0,0.0,0.0,0.0,0.0,0.0,1.0,1.0,0.0
,outer2,2,76,b7c1,,,,,,90.0,0.0,0.0,180.0,180.0,0.0,180.0,1.0,0.0,-1.0
,outer2,2,76,b7c1,,,,,,90.0,30.0,0.0,180.0,180.0,0.0,180.0,1.0,0.0,-1.0
,outer2,2,76,b7c1,,,,,,90.0,60.0,0.0,0.0,0.0,0.0,0.0,1.0,1.0,0.0
,outer2,2,76,b7c1,,,,,,90.0,90.0,0.0,0.0,0.0,0.0,0.0,1.0,1.0,0.0
,outer2,2,76,b7c1,,,,,,90.0,120.0,0.0,120.00000762939453,120.00000762939453,0.0,120.0,1.0,0.0,-1.0
,outer2,2,76,b7c1,,,,,,90.0,150.0,120.00000762939453,180.0,59.99999237060547,0.0,60.0,0.0,0.0,0.0
,outer2,2,76,b7c1,,,,,,90.0,180.0,180.0,180.0,0.0,0.0,0.0,0.0,0.0,0.0
,outer2,2,76,b7c1,,,,,,90.0,210.0,180.0,180.0,0.0,0.0,0.0,0.0,0.0,0.0
,outer2,2,76,b7c1,,,,,,90.0,240.0,0.0,0.0,0.0,0.0,0.0,1.0,1.0,0.0
,outer2,2,76,b7c1,,,,,,90.0,270.0,0.0,180.0,180.0,0.0,180.0,1.0,0.0,-1.0
,outer2,2,76,b7c1,,,,,,90.0,300.0,180.0,60.000003814697266,-119.99999618530273,0.0,-120.0,0.0,0.0,0.0
,outer2,2,76,b7c1,,,,,,90.0,330.0,180.0,0.0,-180.0,0.0,-180.0,0.0,1.0,1.0
,outer2,2,76,b7c1,,,,,,120.0,0.0,0.0,0.0,0.0,0.0,0.0,1.0,1.0,0.0
,outer2,2,76,b7c1,,,,,,120.0,30.0,0.0,120.00000762939453,120.00000762939453,0.0,180.0,1.0,0.0,-1.0
,outer2,2,76,b7c1,,,,,,120.0,60.0,0.0,0.0,0.0,0.0,0.0,1.0,1.0,0.0
,outer2,2,76,b7c1,,,,,,120.0,90.0,0.0,0.0,0.0,0.0,0.0,1.0,1.0,0.0
,outer2,2,76,b7c1,,,,,,120.0,120.0,0.0,0.0,0.0,0.0,0.0,1.0,1.0,0.0
,outer2,2,76,b7c1,,,,,,120.0,150.0,0.0,0.0,0.0,0.0,0.0,1.0,1.0,0.0
,outer2,2,76,b7c1,,,,,,120.0,180.0,0.0,0.0,0.0,0.0,0.0,1.0,1.0,0.0
,outer2,2,76,b7c1,,,,,,120.0,210.0,120.00000762939453,0.0,-120.00000762939453,0.0,-180.0,0.0,1.0,1.0
,outer2,2,76,b7c1,,,,,,120.0,240.0,0.0,0.0,0.0,0.0,0.0,1.0,1.0,0.0
,outer2,2,76,b7c1,,,,,,120.0,270.0,0.0,0.0,0.0,0.0,0.0,1.0,1.0,0.0
,outer2,2,76,b7c1,,,,,,120.0,300.0,0.0,0.0,0.0,0.0,0.0,1.0,1.0,0.0
,outer2,2,76,b7c1,,,,,,120.0,330.0,0.0,0.0,0.0,0.0,0.0,1.0,1.0,0.0
,outer2,2,76,b7c1,,,,,,150.0,0.0,0.0,0.0,0.0,0.0,0.0,1.0,1.0,0.0
,outer2,2,76,b7c1,,,,,,150.0,30.0,0.0,0.0,0.0,0.0,0.0,1.0,1.0,0.0
,outer2,2,76,b7c1,,,,,,150.0,60.0,0.0,0.0,0.0,0.0,0.0,1.0,1.0,0.0
,outer2,2,76,b7c1,,,,,,150.0,90.0,0.0,0.0,0.0,0.0,0.0,1.0,1.0,0.0
,outer2,2,76,b7c1,,,,,,150.0,120.0,0.0,0.0,0.0,0.0,0.0,1.0,1.0,0.0
,outer2,2,76,b7c1,,,,,,150.0,150.0,0.0,60.000003814697266,60.000003814697266,0.0,180.0,1.0,0.0,-1.0
,outer2,2,76,b7c1,,,,,,150.0,180.0,0.0,0.0,0.0,0.0,0.0,1.0,1.0,0.0
,outer2,2,76,b7c1,,,,,,150.0,210.0,0.0,60.000003814697266,60.000003814697266,0.0,180.0,1.0,0.0,-1.0
,outer2,2,76,b7c1,,,,,,150.0,240.0,0.0,0.0,0.0,0.0,0.0,1.0,1.0,0.0
,outer2,2,76,b7c1,,,,,,150.0,270.0,0.0,0.0,0.0,0.0,0.0,1.0,1.0,0.0
,outer2,2,76,b7c1,,,,,,150.0,300.0,0.0,0.0,0.0,0.0,0.0,1.0,1.0,0.0
,outer2,2,76,b7c1,,,,,,150.0,330.0,0.0,0.0,0.0,0.0,0.0,1.0,1.0,0.0
,outer2,2,76,b80b,,,,,,30.0,0.0,0.0,0.0,0.0,0.0,0.0,1.0,1.0,0.0
,outer2,2,76,b80b,,,,,,30.0,30.0,0.0,0.0,0.0,0.0,0.0,1.0,1.0,0.0
,outer2,2,76,b80b,,,,,,30.0,60.0,0.0,0.0,0.0,0.0,0.0,1.0,1.0,0.0
,outer2,2,76,b80b,,,,,,30.0,90.0,0.0,0.0,0.0,0.0,0.0,1.0,1.0,0.0
,outer2,2,76,b80b,,,,,,30.0,120.0,0.0,0.0,0.0,0.0,0.0,1.0,1.0,0.0
,outer2,2,76,b80b,,,,,,30.0,150.0,0.0,0.0,0.0,0.0,0.0,1.0,1.0,0.0
,outer2,2,76,b80b,,,,,,30.0,180.0,0.0,0.0,0.0,0.0,0.0,1.0,1.0,0.0
,outer2,2,76,b80b,,,,,,30.0,210.0,0.0,0.0,0.0,0.0,0.0,1.0,1.0,0.0
,outer2,2,76,b80b,,,,,,30.0,240.0,0.0,0.0,0.0,0.0,0.0,1.0,1.0,0.0
,outer2,2,76,b80b,,,,,,30.0,270.0,0.0,0.0,0.0,0.0,0.0,1.0,1.0,0.0
,outer2,2,76,b80b,,,,,,30.0,300.0,0.0,0.0,0.0,0.0,0.0,1.0,1.0,0.0
,outer2,2,76,b80b,,,,,,30.0,330.0,0.0,0.0,0.0,0.0,0.0,1.0,1.0,0.0
,outer2,2,76,b80b,,,,,,60.0,0.0,0.0,0.0,0.0,0.0,0.0,1.0,1.0,0.0
,outer2,2,76,b80b,,,,,,60.0,30.0,0.0,0.0,0.0,0.0,0.0,1.0,1.0,0.0
,outer2,2,76,b80b,,,,,,60.0,60.0,0.0,0.0,0.0,0.0,0.0,1.0,1.0,0.0
,outer2,2,76,b80b,,,,,,60.0,90.0,0.0,0.0,0.0,0.0,0.0,1.0,1.0,0.0
,outer2,2,76,b80b,,,,,,60.0,120.0,0.0,0.0,0.0,0.0,0.0,1.0,1.0,0.0
,outer2,2,76,b80b,,,,,,60.0,150.0,0.0,0.0,0.0,0.0,0.0,1.0,1.0,0.0
,outer2,2,76,b80b,,,,,,60.0,180.0,0.0,0.0,0.0,0.0,0.0,1.0,1.0,0.0
,outer2,2,76,b80b,,,,,,60.0,210.0,0.0,0.0,0.0,0.0,0.0,1.0,1.0,0.0
,outer2,2,76,b80b,,,,,,60.0,240.0,0.0,0.0,0.0,0.0,0.0,1.0,1.0,0.0
,outer2,2,76,b80b,,,,,,60.0,270.0,0.0,0.0,0.0,0.0,0.0,1.0,1.0,0.0
,outer2,2,76,b80b,,,,,,60.0,300.0,0.0,0.0,0.0,0.0,0.0,1.0,1.0,0.0
,outer2,2,76,b80b,,,,,,60.0,330.0,0.0,0.0,0.0,0.0,0.0,1.0,1.0,0.0
,outer2,2,76,b80b,,,,,,90.0,0.0,0.0,0.0,0.0,0.0,0.0,1.0,1.0,0.0
,outer2,2,76,b80b,,,,,,90.0,30.0,0.0,0.0,0.0,0.0,0.0,1.0,1.0,0.0
,outer2,2,76,b80b,,,,,,90.0,60.0,0.0,0.0,0.0,0.0,0.0,1.0,1.0,0.0
,outer2,2,76,b80b,,,,,,90.0,90.0,0.0,0.0,0.0,0.0,0.0,1.0,1.0,0.0
,outer2,2,76,b80b,,,,,,90.0,120.0,180.0,0.0,-180.0,0.0,-180.0,0.0,1.0,1.0
,outer2,2,76,b80b,,,,,,90.0,150.0,0.0,180.0,180.0,0.0,180.0,1.0,0.0,-1.0
,outer2,2,76,b80b,,,,,,90.0,180.0,0.0,0.0,0.0,0.0,0.0,1.0,1.0,0.0
,outer2,2,76,b80b,,,,,,90.0,210.0,0.0,0.0,0.0,0.0,0.0,1.0,1.0,0.0
,outer2,2,76,b80b,,,,,,90.0,240.0,0.0,0.0,0.0,0.0,0.0,1.0,1.0,0.0
,outer2,2,76,b80b,,,,,,90.0,270.0,0.0,0.0,0.0,0.0,0.0,1.0,1.0,0.0
,outer2,2,76,b80b,,,,,,90.0,300.0,0.0,0.0,0.0,0.0,0.0,1.0,1.0,0.0
,outer2,2,76,b80b,,,,,,90.0,330.0,180.0,0.0,-180.0,0.0,-180.0,0.0,1.0,1.0
,outer2,2,76,b80b,,,,,,120.0,0.0,0.0,0.0,0.0,0.0,0.0,1.0,1.0,0.0
,outer2,2,76,b80b,,,,,,120.0,30.0,0.0,0.0,0.0,0.0,0.0,1.0,1.0,0.0
,outer2,2,76,b80b,,,,,,120.0,60.0,0.0,0.0,0.0,0.0,0.0,1.0,1.0,0.0
,outer2,2,76,b80b,,,,,,120.0,90.0,0.0,0.0,0.0,0.0,0.0,1.0,1.0,0.0
,outer2,2,76,b80b,,,,,,120.0,120.0,0.0,0.0,0.0,0.0,0.0,1.0,1.0,0.0
,outer2,2,76,b80b,,,,,,120.0,150.0,0.0,0.0,0.0,0.0,0.0,1.0,1.0,0.0
,outer2,2,76,b80b,,,,,,120.0,180.0,0.0,0.0,0.0,0.0,0.0,1.0,1.0,0.0
,outer2,2,76,b80b,,,,,,120.0,210.0,0.0,0.0,0.0,0.0,0.0,1.0,1.0,0.0
,outer2,2,76,b80b,,,,,,120.0,240.0,0.0,0.0,0.0,0.0,0.0,1.0,1.0,0.0
,outer2,2,76,b80b,,,,,,120.0,270.0,0.0,0.0,0.0,0.0,0.0,1.0,1.0,0.0
,outer2,2,76,b80b,,,,,,120.0,300.0,0.0,0.0,0.0,0.0,0.0,1.0,1.0,0.0
,outer2,2,76,b80b,,,,,,120.0,330.0,0.0,0.0,0.0,0.0,0.0,1.0,1.0,0.0
,outer2,2,76,b80b,,,,,,150.0,0.0,0.0,0.0,0.0,0.0,0.0,1.0,1.0,0.0
,outer2,2,76,b80b,,,,,,150.0,30.0,0.0,0.0,0.0,0.0,0.0,1.0,1.0,0.0
,outer2,2,76,b80b,,,,,,150.0,60.0,0.0,0.0,0.0,0.0,0.0,1.0,1.0,0.0
,outer2,2,76,b80b,,,,,,150.0,90.0,0.0,0.0,0.0,0.0,0.0,1.0,1.0,0.0
,outer2,2,76,b80b,,,,,,150.0,120.0,0.0,0.0,0.0,0.0,0.0,1.0,1.0,0.0
,outer2,2,76,b80b,,,,,,150.0,150.0,0.0,0.0,0.0,0.0,0.0,1.0,1.0,0.0
,outer2,2,76,b80b,,,,,,150.0,180.0,0.0,0.0,0.0,0.0,0.0,1.0,1.0,0.0
,outer2,2,76,b80b,,,,,,150.0,210.0,0.0,0.0,0.0,0.0,0.0,1.0,1.0,0.0
,outer2,2,76,b80b,,,,,,150.0,240.0,0.0,0.0,0.0,0.0,0.0,1.0,1.0,0.0
,outer2,2,76,b80b,,,,,,150.0,270.0,0.0,0.0,0.0,0.0,0.0,1.0,1.0,0.0
,outer2,2,76,b80b,,,,,,150.0,300.0,0.0,0.0,0.0,0.0,0.0,1.0,1.0,0.0
,outer2,2,76,b80b,,,,,,150.0,330.0,0.0,0.0,0.0,0.0,0.0,1.0,1.0,0.0
,outer2,2,76,b9e6,,,,,,30.0,0.0,0.0,0.0,0.0,0.0,0.0,1.0,1.0,0.0
,outer2,2,76,b9e6,,,,,,30.0,30.0,0.0,0.0,0.0,0.0,0.0,1.0,1.0,0.0
,outer2,2,76,b9e6,,,,,,30.0,60.0,0.0,0.0,0.0,0.0,0.0,1.0,1.0,0.0
,outer2,2,76,b9e6,,,,,,30.0,90.0,0.0,0.0,0.0,0.0,0.0,1.0,1.0,0.0
,outer2,2,76,b9e6,,,,,,30.0,120.0,0.0,0.0,0.0,0.0,0.0,1.0,1.0,0.0
,outer2,2,76,b9e6,,,,,,30.0,150.0,0.0,0.0,0.0,0.0,0.0,1.0,1.0,0.0
,outer2,2,76,b9e6,,,,,,30.0,180.0,0.0,0.0,0.0,0.0,0.0,1.0,1.0,0.0
,outer2,2,76,b9e6,,,,,,30.0,210.0,0.0,0.0,0.0,0.0,0.0,1.0,1.0,0.0
,outer2,2,76,b9e6,,,,,,30.0,240.0,0.0,0.0,0.0,0.0,0.0,1.0,1.0,0.0
,outer2,2,76,b9e6,,,,,,30.0,270.0,0.0,0.0,0.0,0.0,0.0,1.0,1.0,0.0
,outer2,2,76,b9e6,,,,,,30.0,300.0,0.0,0.0,0.0,0.0,0.0,1.0,1.0,0.0
,outer2,2,76,b9e6,,,,,,30.0,330.0,0.0,0.0,0.0,0.0,0.0,1.0,1.0,0.0
,outer2,2,76,b9e6,,,,,,60.0,0.0,0.0,0.0,0.0,0.0,0.0,1.0,1.0,0.0
,outer2,2,76,b9e6,,,,,,60.0,30.0,0.0,0.0,0.0,0.0,0.0,1.0,1.0,0.0
,outer2,2,76,b9e6,,,,,,60.0,60.0,0.0,128.68218994140625,128.68218994140625,60.0,120.0,1.0,0.0,-1.0
,outer2,2,76,b9e6,,,,,,60.0,90.0,0.0,0.0,0.0,0.0,0.0,1.0,1.0,0.0
,outer2,2,76,b9e6,,,,,,60.0,120.0,0.0,0.0,0.0,0.0,0.0,1.0,1.0,0.0
,outer2,2,76,b9e6,,,,,,60.0,150.0,0.0,0.0,0.0,0.0,0.0,1.0,1.0,0.0
,outer2,2,76,b9e6,,,,,,60.0,180.0,0.0,30.000001907348633,30.000001907348633,30.0,0.0,1.0,0.0,-1.0
,outer2,2,76,b9e6,,,,,,60.0,210.0,120.00000762939453,120.00000762939453,0.0,0.0,0.0,0.0,0.0,0.0
,outer2,2,76,b9e6,,,,,,60.0,240.0,60.000003814697266,97.1807632446289,37.18075942993164,-60.0,120.0,0.0,0.0,0.0
,outer2,2,76,b9e6,,,,,,60.0,270.0,0.0,0.0,0.0,0.0,0.0,1.0,1.0,0.0
,outer2,2,76,b9e6,,,,,,60.0,300.0,0.0,0.0,0.0,0.0,0.0,1.0,1.0,0.0
,outer2,2,76,b9e6,,,,,,60.0,330.0,0.0,0.0,0.0,0.0,0.0,1.0,1.0,0.0
,outer2,2,76,b9e6,,,,,,90.0,0.0,0.0,0.0,0.0,0.0,0.0,1.0,1.0,0.0
,outer2,2,76,b9e6,,,,,,90.0,30.0,0.0,180.0,180.0,0.0,180.0,1.0,0.0,-1.0
,outer2,2,76,b9e6,,,,,,90.0,60.0,0.0,180.0,180.0,0.0,180.0,1.0,0.0,-1.0
,outer2,2,76,b9e6,,,,,,90.0,90.0,0.0,0.0,0.0,0.0,0.0,1.0,1.0,0.0
,outer2,2,76,b9e6,,,,,,90.0,120.0,120.00000762939453,180.0,59.99999237060547,0.0,60.0,0.0,0.0,0.0
,outer2,2,76,b9e6,,,,,,90.0,150.0,0.0,180.0,180.0,0.0,180.0,1.0,0.0,-1.0
,outer2,2,76,b9e6,,,,,,90.0,180.0,180.0,180.0,0.0,0.0,0.0,0.0,0.0,0.0
,outer2,2,76,b9e6,,,,,,90.0,210.0,180.0,0.0,-180.0,0.0,-180.0,0.0,1.0,1.0
,outer2,2,76,b9e6,,,,,,90.0,240.0,0.0,0.0,0.0,0.0,0.0,1.0,1.0,0.0
,outer2,2,76,b9e6,,,,,,90.0,270.0,180.0,180.0,0.0,0.0,0.0,0.0,0.0,0.0
,outer2,2,76,b9e6,,,,,,90.0,300.0,60.000003814697266,0.0,-60.000003814697266,0.0,-60.0,0.0,1.0,1.0
,outer2,2,76,b9e6,,,,,,90.0,330.0,180.0,0.0,-180.0,0.0,-180.0,0.0,1.0,1.0
,outer2,2,76,b9e6,,,,,,120.0,0.0,0.0,29.99998664855957,29.99998664855957,30.0,0.0,1.0,0.0,-1.0
,outer2,2,76,b9e6,,,,,,120.0,30.0,0.0,0.0,0.0,0.0,0.0,1.0,1.0,0.0
,outer2,2,76,b9e6,,,,,,120.0,60.0,0.0,0.0,0.0,0.0,0.0,1.0,1.0,0.0
,outer2,2,76,b9e6,,,,,,120.0,90.0,0.0,0.0,0.0,0.0,0.0,1.0,1.0,0.0
,outer2,2,76,b9e6,,,,,,120.0,120.0,0.0,0.0,0.0,0.0,0.0,1.0,1.0,0.0
,outer2,2,76,b9e6,,,,,,120.0,150.0,0.0,0.0,0.0,0.0,0.0,1.0,1.0,0.0
,outer2,2,76,b9e6,,,,,,120.0,180.0,0.0,0.0,0.0,0.0,0.0,1.0,1.0,0.0
,outer2,2,76,b9e6,,,,,,120.0,210.0,120.00000762939453,120.00000762939453,0.0,0.0,0.0,0.0,0.0,0.0
,outer2,2,76,b9e6,,,,,,120.0,240.0,0.0,0.0,0.0,0.0,0.0,1.0,1.0,0.0
,outer2,2,76,b9e6,,,,,,120.0,270.0,0.0,0.0,0.0,0.0,0.0,1.0,1.0,0.0
,outer2,2,76,b9e6,,,,,,120.0,300.0,0.0,0.0,0.0,0.0,0.0,1.0,1.0,0.0
,outer2,2,76,b9e6,,,,,,120.0,330.0,0.0,0.0,0.0,0.0,0.0,1.0,1.0,0.0
,outer2,2,76,b9e6,,,,,,150.0,0.0,0.0,0.0,0.0,0.0,0.0,1.0,1.0,0.0
,outer2,2,76,b9e6,,,,,,150.0,30.0,0.0,0.0,0.0,0.0,0.0,1.0,1.0,0.0
,outer2,2,76,b9e6,,,,,,150.0,60.0,0.0,0.0,0.0,0.0,0.0,1.0,1.0,0.0
,outer2,2,76,b9e6,,,,,,150.0,90.0,0.0,0.0,0.0,0.0,0.0,1.0,1.0,0.0
,outer2,2,76,b9e6,,,,,,150.0,120.0,0.0,0.0,0.0,0.0,0.0,1.0,1.0,0.0
,outer2,2,76,b9e6,,,,,,150.0,150.0,0.0,0.0,0.0,0.0,0.0,1.0,1.0,0.0
,outer2,2,76,b9e6,,,,,,150.0,180.0,0.0,0.0,0.0,0.0,0.0,1.0,1.0,0.0
,outer2,2,76,b9e6,,,,,,150.0,210.0,0.0,0.0,0.0,0.0,0.0,1.0,1.0,0.0
,outer2,2,76,b9e6,,,,,,150.0,240.0,0.0,0.0,0.0,0.0,0.0,1.0,1.0,0.0
,outer2,2,76,b9e6,,,,,,150.0,270.0,0.0,0.0,0.0,0.0,0.0,1.0,1.0,0.0
,outer2,2,76,b9e6,,,,,,150.0,300.0,0.0,0.0,0.0,0.0,0.0,1.0,1.0,0.0
,outer2,2,76,b9e6,,,,,,150.0,330.0,0.0,0.0,0.0,0.0,0.0,1.0,1.0,0.0
,outer2,2,76,ba0f,,,,,,30.0,0.0,150.0,30.000001907348633,-119.99999809265137,-60.0,-180.0,0.0,0.0,0.0
,outer2,2,76,ba0f,,,,,,30.0,30.0,151.04498291015625,165.12905883789062,14.084075927734375,0.0,30.0,0.0,0.0,0.0
,outer2,2,76,ba0f,,,,,,30.0,60.0,60.000003814697266,165.12905883789062,105.12905502319336,120.0,-30.0,0.0,0.0,0.0
,outer2,2,76,ba0f,,,,,,30.0,90.0,57.7581901550293,0.0,-57.7581901550293,0.0,-150.0,0.0,1.0,1.0
,outer2,2,76,ba0f,,,,,,30.0,120.0,0.0,0.0,0.0,0.0,0.0,1.0,1.0,0.0
,outer2,2,76,ba0f,,,,,,30.0,150.0,60.000003814697266,60.000003814697266,0.0,0.0,0.0,0.0,0.0,0.0
,outer2,2,76,ba0f,,,,,,30.0,180.0,180.0,150.0,-30.0,-30.0,0.0,0.0,0.0,0.0
,outer2,2,76,ba0f,,,,,,30.0,210.0,151.04498291015625,151.04498291015625,0.0,0.0,0.0,0.0,0.0,0.0
,outer2,2,76,ba0f,,,,,,30.0,240.0,0.0,122.24180603027344,122.24180603027344,120.0,30.0,1.0,0.0,-1.0
,outer2,2,76,ba0f,,,,,,30.0,270.0,122.24180603027344,120.00000762939453,-2.2417984008789062,0.0,-30.0,0.0,0.0,0.0
,outer2,2,76,ba0f,,,,,,30.0,300.0,60.000003814697266,57.7581901550293,-2.2418136596679688,0.0,-30.0,0.0,0.0,0.0
,outer2,2,76,ba0f,,,,,,30.0,330.0,0.0,90.0,90.0,90.0,0.0,1.0,0.0,-1.0
,outer2,2,76,ba0f,,,,,,60.0,0.0,0.0,30.000001907348633,30.000001907348633,30.0,0.0,1.0,0.0,-1.0
,outer2,2,76,ba0f,,,,,,60.0,30.0,0.0,120.00000762939453,120.00000762939453,0.0,180.0,1.0,0.0,-1.0
,outer2,2,76,ba0f,,,,,,60.0,60.0,25.905075073242188,51.31781005859375,25.412734985351562,0.0,30.0,0.0,0.0,0.0
,outer2,2,76,ba0f,,,,,,60.0,90.0,29.999998092651367,0.0,-29.999998092651367,-30.0,0.0,0.0,1.0,1.0
,outer2,2,76,ba0f,,,,,,60.0,120.0,120.00000762939453,120.00000762939453,0.0,0.0,0.0,0.0,0.0,0.0
,outer2,2,76,ba0f,,,,,,60.0,150.0,128.6822052001953,154.09490966796875,25.412704467773438,0.0,30.0,0.0,0.0,0.0
,outer2,2,76,ba0f,,,,,,60.0,180.0,0.0,90.0,90.0,90.0,0.0,1.0,0.0,-1.0
,outer2,2,76,ba0f,,,,,,60.0,210.0,60.000003814697266,66.45188903808594,6.451885223388672,0.0,30.0,0.0,0.0,0.0
,outer2,2,76,ba0f,,,,,,60.0,240.0,0.0,0.0,0.0,0.0,0.0,1.0,1.0,0.0
,outer2,2,76,ba0f,,,,,,60.0,270.0,41.40962219238281,29.999998092651367,-11.409624099731445,0.0,-30.0,0.0,0.0,0.0
,outer2,2,76,ba0f,,,,,,60.0,300.0,60.000003814697266,51.31781005859375,-8.682193756103516,-60.0,60.0,0.0,0.0,0.0
,outer2,2,76,ba0f,,,,,,60.0,330.0,60.000003814697266,97.1807632446289,37.18075942993164,-60.0,120.0,0.0,0.0,0.0
,outer2,2,76,ba0f,,,,,,90.0,0.0,0.0,180.0,180.0,0.0,180.0,1.0,0.0,-1.0
,outer2,2,76,ba0f,,,,,,90.0,30.0,60.00000762939453,120.00000762939453,60.0,0.0,60.0,0.0,0.0,0.0
,outer2,2,76,ba0f,,,,,,90.0,60.0,0.0,180.0,180.0,0.0,180.0,1.0,0.0,-1.0
,outer2,2,76,ba0f,,,,,,90.0,90.0,180.0,0.0,-180.0,0.0,-180.0,0.0,1.0,1.0
,outer2,2,76,ba0f,,,,,,90.0,120.0,180.0,60.000003814697266,-119.99999618530273,0.0,-120.0,0.0,0.0,0.0
,outer2,2,76,ba0f,,,,,,90.0,150.0,0.0,0.0,0.0,0.0,0.0,1.0,1.0,0.0
,outer2,2,76,ba0f,,,,,,90.0,180.0,180.0,0.0,-180.0,0.0,-180.0,0.0,1.0,1.0
,outer2,2,76,ba0f,,,,,,90.0,210.0,120.00000762939453,60.000003814697266,-60.000003814697266,0.0,-60.0,0.0,0.0,0.0
,outer2,2,76,ba0f,,,,,,90.0,240.0,60.000003814697266,180.0,119.99999618530273,0.0,120.0,0.0,0.0,0.0
,outer2,2,76,ba0f,,,,,,90.0,270.0,180.0,180.0,0.0,0.0,0.0,0.0,0.0,0.0
,outer2,2,76,ba0f,,,,,,90.0,300.0,0.0,60.000003814697266,60.000003814697266,0.0,60.0,1.0,0.0,-1.0
,outer2,2,76,ba0f,,,,,,90.0,330.0,180.0,180.0,0.0,0.0,0.0,0.0,0.0,0.0
,outer2,2,76,ba0f,,,,,,120.0,0.0,0.0,29.99998664855957,29.99998664855957,30.0,0.0,1.0,0.0,-1.0
,outer2,2,76,ba0f,,,,,,120.0,30.0,0.0,0.0,0.0,0.0,0.0,1.0,1.0,0.0
,outer2,2,76,ba0f,,,,,,120.0,60.0,0.0,113.54811096191406,113.54811096191406,0.0,150.0,1.0,0.0,-1.0
,outer2,2,76,ba0f,,,,,,120.0,90.0,25.905075073242188,0.0,-25.905075073242188,0.0,-30.0,0.0,1.0,1.0
,outer2,2,76,ba0f,,,,,,120.0,120.0,120.00000762939453,113.54811096191406,-6.451896667480469,0.0,-30.0,0.0,0.0,0.0
,outer2,2,76,ba0f,,,,,,120.0,150.0,120.00000762939453,120.00000762939453,0.0,0.0,0.0,0.0,0.0,0.0
,outer2,2,76,ba0f,,,,,,120.0,180.0,0.0,60.000003814697266,60.000003814697266,60.0,0.0,1.0,0.0,-1.0
,outer2,2,76,ba0f,,,,,,120.0,210.0,0.0,60.000003814697266,60.000003814697266,60.0,0.0,1.0,0.0,-1.0
,outer2,2,76,ba0f,,,,,,120.0,240.0,0.0,60.000003814697266,60.000003814697266,60.0,0.0,1.0,0.0,-1.0
,outer2,2,76,ba0f,,,,,,120.0,270.0,138.59039306640625,41.40962219238281,-97.18077087402344,0.0,-120.0,0.0,0.0,0.0
,outer2,2,76,ba0f,,,,,,120.0,300.0,0.0,180.0,180.0,60.0,180.0,1.0,0.0,-1.0
,outer2,2,76,ba0f,,,,,,120.0,330.0,97.18075561523438,97.18075561523438,0.0,0.0,0.0,0.0,0.0,0.0
,outer2,2,76,ba0f,,,,,,150.0,0.0,60.000003814697266,29.99998664855957,-30.000017166137695,30.0,-180.0,0.0,0.0,0.0
,outer2,2,76,ba0f,,,,,,150.0,30.0,128.68218994140625,60.000003814697266,-68.68218612670898,-120.0,120.0,0.0,0.0,0.0
,outer2,2,76,ba0f,,,,,,150.0,60.0,60.000003814697266,165.12905883789062,105.12905502319336,120.0,-30.0,0.0,0.0,0.0
,outer2,2,76,ba0f,,,,,,150.0,90.0,0.0,60.000003814697266,60.000003814697266,0.0,180.0,1.0,0.0,-1.0
,outer2,2,76,ba0f,,,,,,150.0,120.0,0.0,60.000003814697266,60.000003814697266,0.0,180.0,1.0,0.0,-1.0
,outer2,2,76,ba0f,,,,,,150.0,150.0,0.0,60.000003814697266,60.000003814697266,0.0,180.0,1.0,0.0,-1.0
,outer2,2,76,ba0f,,,,,,150.0,180.0,90.0,90.0,0.0,0.0,0.0,0.0,0.0,0.0
,outer2,2,76,ba0f,,,,,,150.0,210.0,151.04498291015625,51.31782150268555,-99.7271614074707,-120.0,0.0,0.0,0.0,0.0
,outer2,2,76,ba0f,,,,,,150.0,240.0,151.04498291015625,122.24180603027344,-28.803176879882812,0.0,-90.0,0.0,0.0,0.0
,outer2,2,76,ba0f,,,,,,150.0,270.0,14.870942115783691,120.00000762939453,105.12906551361084,120.0,-30.0,0.0,0.0,0.0
,outer2,2,76,ba0f,,,,,,150.0,300.0,60.000003814697266,0.0,-60.000003814697266,0.0,-180.0,0.0,1.0,1.0
,outer2,2,76,ba0f,,,,,,150.0,330.0,0.0,0.0,0.0,0.0,0.0,1.0,1.0,0.0
,outer2,2,76,bb7c,,,,,,30.0,0.0,0.0,30.000001907348633,30.000001907348633,30.0,0.0,1.0,0.0,-1.0
,outer2,2,76,bb7c,,,,,,30.0,30.0,0.0,0.0,0.0,0.0,0.0,1.0,1.0,0.0
,outer2,2,76,bb7c,,,,,,30.0,60.0,0.0,0.0,0.0,0.0,0.0,1.0,1.0,0.0
,outer2,2,76,bb7c,,,,,,30.0,90.0,0.0,0.0,0.0,0.0,0.0,1.0,1.0,0.0
,outer2,2,76,bb7c,,,,,,30.0,120.0,0.0,0.0,0.0,0.0,0.0,1.0,1.0,0.0
,outer2,2,76,bb7c,,,,,,30.0,150.0,0.0,0.0,0.0,0.0,0.0,1.0,1.0,0.0
,outer2,2,76,bb7c,,,,,,30.0,180.0,0.0,90.0,90.0,30.0,180.0,1.0,0.0,-1.0
,outer2,2,76,bb7c,,,,,,30.0,210.0,0.0,0.0,0.0,0.0,0.0,1.0,1.0,0.0
,outer2,2,76,bb7c,,,,,,30.0,240.0,0.0,0.0,0.0,0.0,0.0,1.0,1.0,0.0
,outer2,2,76,bb7c,,,,,,30.0,270.0,0.0,0.0,0.0,0.0,0.0,1.0,1.0,0.0
,outer2,2,76,bb7c,,,,,,30.0,300.0,0.0,0.0,0.0,0.0,0.0,1.0,1.0,0.0
,outer2,2,76,bb7c,,,,,,30.0,330.0,0.0,90.0,90.0,90.0,0.0,1.0,0.0,-1.0
,outer2,2,76,bb7c,,,,,,60.0,0.0,0.0,0.0,0.0,0.0,0.0,1.0,1.0,0.0
,outer2,2,76,bb7c,,,,,,60.0,30.0,0.0,0.0,0.0,0.0,0.0,1.0,1.0,0.0
,outer2,2,76,bb7c,,,,,,60.0,60.0,0.0,0.0,0.0,0.0,0.0,1.0,1.0,0.0
,outer2,2,76,bb7c,,,,,,60.0,90.0,0.0,0.0,0.0,0.0,0.0,1.0,1.0,0.0
,outer2,2,76,bb7c,,,,,,60.0,120.0,0.0,0.0,0.0,0.0,0.0,1.0,1.0,0.0
,outer2,2,76,bb7c,,,,,,60.0,150.0,0.0,0.0,0.0,0.0,0.0,1.0,1.0,0.0
,outer2,2,76,bb7c,,,,,,60.0,180.0,0.0,120.00000762939453,120.00000762939453,0.0,180.0,1.0,0.0,-1.0
,outer2,2,76,bb7c,,,,,,60.0,210.0,25.905075073242188,82.81924438476562,56.91416931152344,60.0,30.0,0.0,0.0,0.0
,outer2,2,76,bb7c,,,,,,60.0,240.0,0.0,0.0,0.0,0.0,0.0,1.0,1.0,0.0
,outer2,2,76,bb7c,,,,,,60.0,270.0,0.0,120.00000762939453,120.00000762939453,0.0,180.0,1.0,0.0,-1.0
,outer2,2,76,bb7c,,,,,,60.0,300.0,0.0,0.0,0.0,0.0,0.0,1.0,1.0,0.0
,outer2,2,76,bb7c,,,,,,60.0,330.0,0.0,0.0,0.0,0.0,0.0,1.0,1.0,0.0
,outer2,2,76,bb7c,,,,,,90.0,0.0,0.0,180.0,180.0,0.0,180.0,1.0,0.0,-1.0
,outer2,2,76,bb7c,,,,,,90.0,30.0,180.0,0.0,-180.0,0.0,-180.0,0.0,1.0,1.0
,outer2,2,76,bb7c,,,,,,90.0,60.0,30.000001907348633,0.0,-30.000001907348633,-30.0,0.0,0.0,1.0,1.0
,outer2,2,76,bb7c,,,,,,90.0,90.0,0.0,180.0,180.0,0.0,180.0,1.0,0.0,-1.0
,outer2,2,76,bb7c,,,,,,90.0,120.0,0.0,0.0,0.0,0.0,0.0,1.0,1.0,0.0
,outer2,2,76,bb7c,,,,,,90.0,150.0,0.0,180.0,180.0,0.0,180.0,1.0,0.0,-1.0
,outer2,2,76,bb7c,,,,,,90.0,180.0,180.0,0.0,-180.0,0.0,-180.0,0.0,1.0,1.0
,outer2,2,76,bb7c,,,,,,90.0,210.0,180.0,0.0,-180.0,0.0,-180.0,0.0,1.0,1.0
,outer2,2,76,bb7c,,,,,,90.0,240.0,180.0,0.0,-180.0,0.0,-180.0,0.0,1.0,1.0
,outer2,2,76,bb7c,,,,,,90.0,270.0,0.0,0.0,0.0,0.0,0.0,1.0,1.0,0.0
,outer2,2,76,bb7c,,,,,,90.0,300.0,180.0,180.0,0.0,0.0,0.0,0.0,0.0,0.0
,outer2,2,76,bb7c,,,,,,90.0,330.0,180.0,180.0,0.0,0.0,0.0,0.0,0.0,0.0
,outer2,2,76,bb7c,,,,,,120.0,0.0,0.0,0.0,0.0,0.0,0.0,1.0,1.0,0.0
,outer2,2,76,bb7c,,,,,,120.0,30.0,0.0,0.0,0.0,0.0,0.0,1.0,1.0,0.0
,outer2,2,76,bb7c,,,,,,120.0,60.0,0.0,25.905075073242188,25.905075073242188,0.0,30.0,1.0,0.0,-1.0
,outer2,2,76,bb7c,,,,,,120.0,90.0,25.905075073242188,29.99998664855957,4.094911575317383,30.0,-30.0,0.0,0.0,0.0
,outer2,2,76,bb7c,,,,,,120.0,120.0,0.0,0.0,0.0,0.0,0.0,1.0,1.0,0.0
,outer2,2,76,bb7c,,,,,,120.0,150.0,0.0,0.0,0.0,0.0,0.0,1.0,1.0,0.0
,outer2,2,76,bb7c,,,,,,120.0,180.0,0.0,0.0,0.0,0.0,0.0,1.0,1.0,0.0
,outer2,2,76,bb7c,,,,,,120.0,210.0,0.0,0.0,0.0,0.0,0.0,1.0,1.0,0.0
,outer2,2,76,bb7c,,,,,,120.0,240.0,60.000003814697266,0.0,-60.000003814697266,-60.0,0.0,0.0,1.0,1.0
,outer2,2,76,bb7c,,,,,,120.0,270.0,120.00000762939453,180.0,59.99999237060547,60.0,0.0,0.0,0.0,0.0
,outer2,2,76,bb7c,,,,,,120.0,300.0,0.0,0.0,0.0,0.0,0.0,1.0,1.0,0.0
,outer2,2,76,bb7c,,,,,,120.0,330.0,0.0,0.0,0.0,0.0,0.0,1.0,1.0,0.0
,outer2,2,76,bb7c,,,,,,150.0,0.0,0.0,29.99998664855957,29.99998664855957,30.0,0.0,1.0,0.0,-1.0
,outer2,2,76,bb7c,,,,,,150.0,30.0,0.0,0.0,0.0,0.0,0.0,1.0,1.0,0.0
,outer2,2,76,bb7c,,,,,,150.0,60.0,0.0,0.0,0.0,0.0,0.0,1.0,1.0,0.0
,outer2,2,76,bb7c,,,,,,150.0,90.0,0.0,0.0,0.0,0.0,0.0,1.0,1.0,0.0
,outer2,2,76,bb7c,,,,,,150.0,120.0,0.0,0.0,0.0,0.0,0.0,1.0,1.0,0.0
,outer2,2,76,bb7c,,,,,,150.0,150.0,0.0,0.0,0.0,0.0,0.0,1.0,1.0,0.0
,outer2,2,76,bb7c,,,,,,150.0,180.0,0.0,90.0,90.0,30.0,180.0,1.0,0.0,-1.0
,outer2,2,76,bb7c,,,,,,150.0,210.0,0.0,0.0,0.0,0.0,0.0,1.0,1.0,0.0
,outer2,2,76,bb7c,,,,,,150.0,240.0,0.0,0.0,0.0,0.0,0.0,1.0,1.0,0.0
,outer2,2,76,bb7c,,,,,,150.0,270.0,0.0,0.0,0.0,0.0,0.0,1.0,1.0,0.0
,outer2,2,76,bb7c,,,,,,150.0,300.0,0.0,0.0,0.0,0.0,0.0,1.0,1.0,0.0
,outer2,2,76,bb7c,,,,,,150.0,330.0,0.0,0.0,0.0,0.0,0.0,1.0,1.0,0.0
,outer3,3,70,b812,,,,,,30.0,0.0,0.0,0.0,0.0,0.0,0.0,1.0,1.0,0.0
,outer3,3,70,b812,,,,,,30.0,30.0,0.0,0.0,0.0,0.0,0.0,1.0,1.0,0.0
,outer3,3,70,b812,,,,,,30.0,60.0,0.0,0.0,0.0,0.0,0.0,1.0,1.0,0.0
,outer3,3,70,b812,,,,,,30.0,90.0,0.0,0.0,0.0,0.0,0.0,1.0,1.0,0.0
,outer3,3,70,b812,,,,,,30.0,120.0,0.0,0.0,0.0,0.0,0.0,1.0,1.0,0.0
,outer3,3,70,b812,,,,,,30.0,150.0,0.0,0.0,0.0,0.0,0.0,1.0,1.0,0.0
,outer3,3,70,b812,,,,,,30.0,180.0,0.0,0.0,0.0,0.0,0.0,1.0,1.0,0.0
,outer3,3,70,b812,,,,,,30.0,210.0,0.0,0.0,0.0,0.0,0.0,1.0,1.0,0.0
,outer3,3,70,b812,,,,,,30.0,240.0,0.0,0.0,0.0,0.0,0.0,1.0,1.0,0.0
,outer3,3,70,b812,,,,,,30.0,270.0,0.0,0.0,0.0,0.0,0.0,1.0,1.0,0.0
,outer3,3,70,b812,,,,,,30.0,300.0,0.0,0.0,0.0,0.0,0.0,1.0,1.0,0.0
,outer3,3,70,b812,,,,,,30.0,330.0,0.0,0.0,0.0,0.0,0.0,1.0,1.0,0.0
,outer3,3,70,b812,,,,,,60.0,0.0,0.0,0.0,0.0,0.0,0.0,1.0,1.0,0.0
,outer3,3,70,b812,,,,,,60.0,30.0,0.0,0.0,0.0,0.0,0.0,1.0,1.0,0.0
,outer3,3,70,b812,,,,,,60.0,60.0,0.0,0.0,0.0,0.0,0.0,1.0,1.0,0.0
,outer3,3,70,b812,,,,,,60.0,90.0,0.0,0.0,0.0,0.0,0.0,1.0,1.0,0.0
,outer3,3,70,b812,,,,,,60.0,120.0,97.1807632446289,0.0,-97.1807632446289,0.0,-120.0,0.0,1.0,1.0
,outer3,3,70,b812,,,,,,60.0,150.0,0.0,0.0,0.0,0.0,0.0,1.0,1.0,0.0
,outer3,3,70,b812,,,,,,60.0,180.0,0.0,0.0,0.0,0.0,0.0,1.0,1.0,0.0
,outer3,3,70,b812,,,,,,60.0,210.0,0.0,0.0,0.0,0.0,0.0,1.0,1.0,0.0
,outer3,3,70,b812,,,,,,60.0,240.0,0.0,0.0,0.0,0.0,0.0,1.0,1.0,0.0
,outer3,3,70,b812,,,,,,60.0,270.0,0.0,0.0,0.0,0.0,0.0,1.0,1.0,0.0
,outer3,3,70,b812,,,,,,60.0,300.0,0.0,0.0,0.0,0.0,0.0,1.0,1.0,0.0
,outer3,3,70,b812,,,,,,60.0,330.0,0.0,0.0,0.0,0.0,0.0,1.0,1.0,0.0
,outer3,3,70,b812,,,,,,90.0,0.0,0.0,180.0,180.0,0.0,180.0,1.0,0.0,-1.0
,outer3,3,70,b812,,,,,,90.0,30.0,60.00000762939453,0.0,-60.00000762939453,0.0,-60.0,0.0,1.0,1.0
,outer3,3,70,b812,,,,,,90.0,60.0,0.0,0.0,0.0,0.0,0.0,1.0,1.0,0.0
,outer3,3,70,b812,,,,,,90.0,90.0,0.0,0.0,0.0,0.0,0.0,1.0,1.0,0.0
,outer3,3,70,b812,,,,,,90.0,120.0,180.0,0.0,-180.0,0.0,-180.0,0.0,1.0,1.0
,outer3,3,70,b812,,,,,,90.0,150.0,180.0,0.0,-180.0,0.0,-180.0,0.0,1.0,1.0
,outer3,3,70,b812,,,,,,90.0,180.0,180.0,0.0,-180.0,0.0,-180.0,0.0,1.0,1.0
,outer3,3,70,b812,,,,,,90.0,210.0,0.0,180.0,180.0,0.0,180.0,1.0,0.0,-1.0
,outer3,3,70,b812,,,,,,90.0,240.0,0.0,120.00000762939453,120.00000762939453,0.0,120.0,1.0,0.0,-1.0
,outer3,3,70,b812,,,,,,90.0,270.0,0.0,0.0,0.0,0.0,0.0,1.0,1.0,0.0
,outer3,3,70,b812,,,,,,90.0,300.0,0.0,180.0,180.0,0.0,180.0,1.0,0.0,-1.0
,outer3,3,70,b812,,,,,,90.0,330.0,0.0,180.0,180.0,0.0,180.0,1.0,0.0,-1.0
,outer3,3,70,b812,,,,,,120.0,0.0,0.0,0.0,0.0,0.0,0.0,1.0,1.0,0.0
,outer3,3,70,b812,,,,,,120.0,30.0,0.0,0.0,0.0,0.0,0.0,1.0,1.0,0.0
,outer3,3,70,b812,,,,,,120.0,60.0,0.0,0.0,0.0,0.0,0.0,1.0,1.0,0.0
,outer3,3,70,b812,,,,,,120.0,90.0,0.0,0.0,0.0,0.0,0.0,1.0,1.0,0.0
,outer3,3,70,b812,,,,,,120.0,120.0,0.0,0.0,0.0,0.0,0.0,1.0,1.0,0.0
,outer3,3,70,b812,,,,,,120.0,150.0,0.0,0.0,0.0,0.0,0.0,1.0,1.0,0.0
,outer3,3,70,b812,,,,,,120.0,180.0,0.0,0.0,0.0,0.0,0.0,1.0,1.0,0.0
,outer3,3,70,b812,,,,,,120.0,210.0,0.0,0.0,0.0,0.0,0.0,1.0,1.0,0.0
,outer3,3,70,b812,,,,,,120.0,240.0,0.0,0.0,0.0,0.0,0.0,1.0,1.0,0.0
,outer3,3,70,b812,,,,,,120.0,270.0,0.0,0.0,0.0,0.0,0.0,1.0,1.0,0.0
,outer3,3,70,b812,,,,,,120.0,300.0,0.0,0.0,0.0,0.0,0.0,1.0,1.0,0.0
,outer3,3,70,b812,,,,,,120.0,330.0,0.0,0.0,0.0,0.0,0.0,1.0,1.0,0.0
,outer3,3,70,b812,,,,,,150.0,0.0,0.0,0.0,0.0,0.0,0.0,1.0,1.0,0.0
,outer3,3,70,b812,,,,,,150.0,30.0,0.0,0.0,0.0,0.0,0.0,1.0,1.0,0.0
,outer3,3,70,b812,,,,,,150.0,60.0,0.0,0.0,0.0,0.0,0.0,1.0,1.0,0.0
,outer3,3,70,b812,,,,,,150.0,90.0,0.0,0.0,0.0,0.0,0.0,1.0,1.0,0.0
,outer3,3,70,b812,,,,,,150.0,120.0,0.0,0.0,0.0,0.0,0.0,1.0,1.0,0.0
,outer3,3,70,b812,,,,,,150.0,150.0,0.0,0.0,0.0,0.0,0.0,1.0,1.0,0.0
,outer3,3,70,b812,,,,,,150.0,180.0,0.0,0.0,0.0,0.0,0.0,1.0,1.0,0.0
,outer3,3,70,b812,,,,,,150.0,210.0,0.0,0.0,0.0,0.0,0.0,1.0,1.0,0.0
,outer3,3,70,b812,,,,,,150.0,240.0,0.0,0.0,0.0,0.0,0.0,1.0,1.0,0.0
,outer3,3,70,b812,,,,,,150.0,270.0,0.0,0.0,0.0,0.0,0.0,1.0,1.0,0.0
,outer3,3,70,b812,,,,,,150.0,300.0,0.0,0.0,0.0,0.0,0.0,1.0,1.0,0.0
,outer3,3,70,b812,,,,,,150.0,330.0,0.0,0.0,0.0,0.0,0.0,1.0,1.0,0.0
,outer3,3,70,b943,,,,,,30.0,0.0,0.0,60.000003814697266,60.000003814697266,0.0,180.0,1.0,0.0,-1.0
,outer3,3,70,b943,,,,,,30.0,30.0,0.0,0.0,0.0,0.0,0.0,1.0,1.0,0.0
,outer3,3,70,b943,,,,,,30.0,60.0,0.0,0.0,0.0,0.0,0.0,1.0,1.0,0.0
,outer3,3,70,b943,,,,,,30.0,90.0,0.0,0.0,0.0,0.0,0.0,1.0,1.0,0.0
,outer3,3,70,b943,,,,,,30.0,120.0,0.0,0.0,0.0,0.0,0.0,1.0,1.0,0.0
,outer3,3,70,b943,,,,,,30.0,150.0,0.0,0.0,0.0,0.0,0.0,1.0,1.0,0.0
,outer3,3,70,b943,,,,,,30.0,180.0,0.0,0.0,0.0,0.0,0.0,1.0,1.0,0.0
,outer3,3,70,b943,,,,,,30.0,210.0,0.0,51.31781005859375,51.31781005859375,0.0,120.0,1.0,0.0,-1.0
,outer3,3,70,b943,,,,,,30.0,240.0,0.0,0.0,0.0,0.0,0.0,1.0,1.0,0.0
,outer3,3,70,b943,,,,,,30.0,270.0,0.0,0.0,0.0,0.0,0.0,1.0,1.0,0.0
,outer3,3,70,b943,,,,,,30.0,300.0,0.0,0.0,0.0,0.0,0.0,1.0,1.0,0.0
,outer3,3,70,b943,,,,,,30.0,330.0,0.0,51.31781005859375,51.31781005859375,0.0,120.0,1.0,0.0,-1.0
,outer3,3,70,b943,,,,,,60.0,0.0,0.0,0.0,0.0,0.0,0.0,1.0,1.0,0.0
,outer3,3,70,b943,,,,,,60.0,30.0,0.0,0.0,0.0,0.0,0.0,1.0,1.0,0.0
,outer3,3,70,b943,,,,,,60.0,60.0,0.0,0.0,0.0,0.0,0.0,1.0,1.0,0.0
,outer3,3,70,b943,,,,,,60.0,90.0,0.0,0.0,0.0,0.0,0.0,1.0,1.0,0.0
,outer3,3,70,b943,,,,,,60.0,120.0,30.000001907348633,0.0,-30.000001907348633,-30.0,0.0,0.0,1.0,1.0
,outer3,3,70,b943,,,,,,60.0,150.0,0.0,0.0,0.0,0.0,0.0,1.0,1.0,0.0
,outer3,3,70,b943,,,,,,60.0,180.0,0.0,0.0,0.0,0.0,0.0,1.0,1.0,0.0
,outer3,3,70,b943,,,,,,60.0,210.0,0.0,0.0,0.0,0.0,0.0,1.0,1.0,0.0
,outer3,3,70,b943,,,,,,60.0,240.0,128.6822052001953,0.0,-128.6822052001953,-60.0,-120.0,0.0,1.0,1.0
,outer3,3,70,b943,,,,,,60.0,270.0,0.0,60.000003814697266,60.000003814697266,60.0,0.0,1.0,0.0,-1.0
,outer3,3,70,b943,,,,,,60.0,300.0,0.0,0.0,0.0,0.0,0.0,1.0,1.0,0.0
,outer3,3,70,b943,,,,,,60.0,330.0,0.0,82.81924438476562,82.81924438476562,60.0,60.0,1.0,0.0,-1.0
,outer3,3,70,b943,,,,,,90.0,0.0,0.0,180.0,180.0,0.0,180.0,1.0,0.0,-1.0
,outer3,3,70,b943,,,,,,90.0,30.0,180.0,0.0,-180.0,0.0,-180.0,0.0,1.0,1.0
,outer3,3,70,b943,,,,,,90.0,60.0,119.99999237060547,60.000003814697266,-59.9999885559082,0.0,-60.0,0.0,0.0,0.0
,outer3,3,70,b943,,,,,,90.0,90.0,180.0,180.0,0.0,0.0,0.0,0.0,0.0,0.0
,outer3,3,70,b943,,,,,,90.0,120.0,180.0,0.0,-180.0,0.0,-180.0,0.0,1.0,1.0
,outer3,3,70,b943,,,,,,90.0,150.0,180.0,180.0,0.0,0.0,0.0,0.0,0.0,0.0
,outer3,3,70,b943,,,,,,90.0,180.0,180.0,0.0,-180.0,0.0,-180.0,0.0,1.0,1.0
,outer3,3,70,b943,,,,,,90.0,210.0,0.0,180.0,180.0,0.0,180.0,1.0,0.0,-1.0
,outer3,3,70,b943,,,,,,90.0,240.0,60.000003814697266,120.00000762939453,60.000003814697266,0.0,60.0,0.0,0.0,0.0
,outer3,3,70,b943,,,,,,90.0,270.0,0.0,0.0,0.0,0.0,0.0,1.0,1.0,0.0
,outer3,3,70,b943,,,,,,90.0,300.0,0.0,180.0,180.0,0.0,180.0,1.0,0.0,-1.0
,outer3,3,70,b943,,,,,,90.0,330.0,0.0,0.0,0.0,0.0,0.0,1.0,1.0,0.0
,outer3,3,70,b943,,,,,,120.0,0.0,0.0,29.99998664855957,29.99998664855957,30.0,0.0,1.0,0.0,-1.0
,outer3,3,70,b943,,,,,,120.0,30.0,0.0,0.0,0.0,0.0,0.0,1.0,1.0,0.0
,outer3,3,70,b943,,,,,,120.0,60.0,0.0,0.0,0.0,0.0,0.0,1.0,1.0,0.0
,outer3,3,70,b943,,,,,,120.0,90.0,0.0,0.0,0.0,0.0,0.0,1.0,1.0,0.0
,outer3,3,70,b943,,,,,,120.0,120.0,0.0,0.0,0.0,0.0,0.0,1.0,1.0,0.0
,outer3,3,70,b943,,,,,,120.0,150.0,0.0,0.0,0.0,0.0,0.0,1.0,1.0,0.0
,outer3,3,70,b943,,,,,,120.0,180.0,0.0,29.99998664855957,29.99998664855957,30.0,0.0,1.0,0.0,-1.0
,outer3,3,70,b943,,,,,,120.0,210.0,0.0,66.45188903808594,66.45188903808594,60.0,30.0,1.0,0.0,-1.0
,outer3,3,70,b943,,,,,,120.0,240.0,0.0,0.0,0.0,0.0,0.0,1.0,1.0,0.0
,outer3,3,70,b943,,,,,,120.0,270.0,0.0,0.0,0.0,0.0,0.0,1.0,1.0,0.0
,outer3,3,70,b943,,,,,,120.0,300.0,0.0,0.0,0.0,0.0,0.0,1.0,1.0,0.0
,outer3,3,70,b943,,,,,,120.0,330.0,0.0,0.0,0.0,0.0,0.0,1.0,1.0,0.0
,outer3,3,70,b943,,,,,,150.0,0.0,0.0,0.0,0.0,0.0,0.0,1.0,1.0,0.0
,outer3,3,70,b943,,,,,,150.0,30.0,0.0,0.0,0.0,0.0,0.0,1.0,1.0,0.0
,outer3,3,70,b943,,,,,,150.0,60.0,0.0,0.0,0.0,0.0,0.0,1.0,1.0,0.0
,outer3,3,70,b943,,,,,,150.0,90.0,0.0,0.0,0.0,0.0,0.0,1.0,1.0,0.0
,outer3,3,70,b943,,,,,,150.0,120.0,0.0,0.0,0.0,0.0,0.0,1.0,1.0,0.0
,outer3,3,70,b943,,,,,,150.0,150.0,0.0,0.0,0.0,0.0,0.0,1.0,1.0,0.0
,outer3,3,70,b943,,,,,,150.0,180.0,0.0,120.00000762939453,120.00000762939453,120.0,0.0,1.0,0.0,-1.0
,outer3,3,70,b943,,,,,,150.0,210.0,0.0,0.0,0.0,0.0,0.0,1.0,1.0,0.0
,outer3,3,70,b943,,,,,,150.0,240.0,0.0,0.0,0.0,0.0,0.0,1.0,1.0,0.0
,outer3,3,70,b943,,,,,,150.0,270.0,0.0,0.0,0.0,0.0,0.0,1.0,1.0,0.0
,outer3,3,70,b943,,,,,,150.0,300.0,0.0,0.0,0.0,0.0,0.0,1.0,1.0,0.0
,outer3,3,70,b943,,,,,,150.0,330.0,0.0,0.0,0.0,0.0,0.0,1.0,1.0,0.0
,outer3,3,70,b974,,,,,,30.0,0.0,0.0,0.0,0.0,0.0,0.0,1.0,1.0,0.0
,outer3,3,70,b974,,,,,,30.0,30.0,0.0,0.0,0.0,0.0,0.0,1.0,1.0,0.0
,outer3,3,70,b974,,,,,,30.0,60.0,0.0,0.0,0.0,0.0,0.0,1.0,1.0,0.0
,outer3,3,70,b974,,,,,,30.0,90.0,0.0,0.0,0.0,0.0,0.0,1.0,1.0,0.0
,outer3,3,70,b974,,,,,,30.0,120.0,0.0,0.0,0.0,0.0,0.0,1.0,1.0,0.0
,outer3,3,70,b974,,,,,,30.0,150.0,0.0,0.0,0.0,0.0,0.0,1.0,1.0,0.0
,outer3,3,70,b974,,,,,,30.0,180.0,0.0,0.0,0.0,0.0,0.0,1.0,1.0,0.0
,outer3,3,70,b974,,,,,,30.0,210.0,0.0,0.0,0.0,0.0,0.0,1.0,1.0,0.0
,outer3,3,70,b974,,,,,,30.0,240.0,0.0,0.0,0.0,0.0,0.0,1.0,1.0,0.0
,outer3,3,70,b974,,,,,,30.0,270.0,0.0,0.0,0.0,0.0,0.0,1.0,1.0,0.0
,outer3,3,70,b974,,,,,,30.0,300.0,0.0,0.0,0.0,0.0,0.0,1.0,1.0,0.0
,outer3,3,70,b974,,,,,,30.0,330.0,0.0,0.0,0.0,0.0,0.0,1.0,1.0,0.0
,outer3,3,70,b974,,,,,,60.0,0.0,0.0,0.0,0.0,0.0,0.0,1.0,1.0,0.0
,outer3,3,70,b974,,,,,,60.0,30.0,0.0,82.81924438476562,82.81924438476562,60.0,60.0,1.0,0.0,-1.0
,outer3,3,70,b974,,,,,,60.0,60.0,0.0,0.0,0.0,0.0,0.0,1.0,1.0,0.0
,outer3,3,70,b974,,,,,,60.0,90.0,0.0,0.0,0.0,0.0,0.0,1.0,1.0,0.0
,outer3,3,70,b974,,,,,,60.0,120.0,0.0,0.0,0.0,0.0,0.0,1.0,1.0,0.0
,outer3,3,70,b974,,,,,,60.0,150.0,51.31781005859375,66.45188903808594,15.134078979492188,60.0,-30.0,0.0,0.0,0.0
,outer3,3,70,b974,,,,,,60.0,180.0,0.0,0.0,0.0,0.0,0.0,1.0,1.0,0.0
,outer3,3,70,b974,,,,,,60.0,210.0,0.0,0.0,0.0,0.0,0.0,1.0,1.0,0.0
,outer3,3,70,b974,,,,,,60.0,240.0,0.0,0.0,0.0,0.0,0.0,1.0,1.0,0.0
,outer3,3,70,b974,,,,,,60.0,270.0,0.0,0.0,0.0,0.0,0.0,1.0,1.0,0.0
,outer3,3,70,b974,,,,,,60.0,300.0,0.0,0.0,0.0,0.0,0.0,1.0,1.0,0.0
,outer3,3,70,b974,,,,,,60.0,330.0,0.0,0.0,0.0,0.0,0.0,1.0,1.0,0.0
,outer3,3,70,b974,,,,,,90.0,0.0,0.0,180.0,180.0,0.0,180.0,1.0,0.0,-1.0
,outer3,3,70,b974,,,,,,90.0,30.0,180.0,0.0,-180.0,0.0,-180.0,0.0,1.0,1.0
,outer3,3,70,b974,,,,,,90.0,60.0,180.0,180.0,0.0,0.0,0.0,0.0,0.0,0.0
,outer3,3,70,b974,,,,,,90.0,90.0,180.0,180.0,0.0,0.0,0.0,0.0,0.0,0.0
,outer3,3,70,b974,,,,,,90.0,120.0,0.0,0.0,0.0,0.0,0.0,1.0,1.0,0.0
,outer3,3,70,b974,,,,,,90.0,150.0,180.0,0.0,-180.0,0.0,-180.0,0.0,1.0,1.0
,outer3,3,70,b974,,,,,,90.0,180.0,180.0,0.0,-180.0,0.0,-180.0,0.0,1.0,1.0
,outer3,3,70,b974,,,,,,90.0,210.0,0.0,180.0,180.0,0.0,180.0,1.0,0.0,-1.0
,outer3,3,70,b974,,,,,,90.0,240.0,0.0,0.0,0.0,0.0,0.0,1.0,1.0,0.0
,outer3,3,70,b974,,,,,,90.0,270.0,0.0,0.0,0.0,0.0,0.0,1.0,1.0,0.0
,outer3,3,70,b974,,,,,,90.0,300.0,0.0,180.0,180.0,0.0,180.0,1.0,0.0,-1.0
,outer3,3,70,b974,,,,,,90.0,330.0,0.0,180.0,180.0,0.0,180.0,1.0,0.0,-1.0
,outer3,3,70,b974,,,,,,120.0,0.0,0.0,0.0,0.0,0.0,0.0,1.0,1.0,0.0
,outer3,3,70,b974,,,,,,120.0,30.0,0.0,0.0,0.0,0.0,0.0,1.0,1.0,0.0
,outer3,3,70,b974,,,,,,120.0,60.0,0.0,0.0,0.0,0.0,0.0,1.0,1.0,0.0
,outer3,3,70,b974,,,,,,120.0,90.0,0.0,0.0,0.0,0.0,0.0,1.0,1.0,0.0
,outer3,3,70,b974,,,,,,120.0,120.0,0.0,0.0,0.0,0.0,0.0,1.0,1.0,0.0
,outer3,3,70,b974,,,,,,120.0,150.0,82.81924438476562,25.905075073242188,-56.91416931152344,-60.0,-30.0,0.0,0.0,0.0
,outer3,3,70,b974,,,,,,120.0,180.0,0.0,0.0,0.0,0.0,0.0,1.0,1.0,0.0
,outer3,3,70,b974,,,,,,120.0,210.0,0.0,0.0,0.0,0.0,0.0,1.0,1.0,0.0
,outer3,3,70,b974,,,,,,120.0,240.0,0.0,0.0,0.0,0.0,0.0,1.0,1.0,0.0
,outer3,3,70,b974,,,,,,120.0,270.0,0.0,0.0,0.0,0.0,0.0,1.0,1.0,0.0
,outer3,3,70,b974,,,,,,120.0,300.0,0.0,0.0,0.0,0.0,0.0,1.0,1.0,0.0
,outer3,3,70,b974,,,,,,120.0,330.0,0.0,0.0,0.0,0.0,0.0,1.0,1.0,0.0
,outer3,3,70,b974,,,,,,150.0,0.0,0.0,0.0,0.0,0.0,0.0,1.0,1.0,0.0
,outer3,3,70,b974,,,,,,150.0,30.0,0.0,0.0,0.0,0.0,0.0,1.0,1.0,0.0
,outer3,3,70,b974,,,,,,150.0,60.0,0.0,0.0,0.0,0.0,0.0,1.0,1.0,0.0
,outer3,3,70,b974,,,,,,150.0,90.0,0.0,0.0,0.0,0.0,0.0,1.0,1.0,0.0
,outer3,3,70,b974,,,,,,150.0,120.0,0.0,0.0,0.0,0.0,0.0,1.0,1.0,0.0
,outer3,3,70,b974,,,,,,150.0,150.0,0.0,0.0,0.0,0.0,0.0,1.0,1.0,0.0
,outer3,3,70,b974,,,,,,150.0,180.0,0.0,0.0,0.0,0.0,0.0,1.0,1.0,0.0
,outer3,3,70,b974,,,,,,150.0,210.0,0.0,0.0,0.0,0.0,0.0,1.0,1.0,0.0
,outer3,3,70,b974,,,,,,150.0,240.0,0.0,0.0,0.0,0.0,0.0,1.0,1.0,0.0
,outer3,3,70,b974,,,,,,150.0,270.0,0.0,0.0,0.0,0.0,0.0,1.0,1.0,0.0
,outer3,3,70,b974,,,,,,150.0,300.0,0.0,0.0,0.0,0.0,0.0,1.0,1.0,0.0
,outer3,3,70,b974,,,,,,150.0,330.0,0.0,0.0,0.0,0.0,0.0,1.0,1.0,0.0
,outer3,3,70,b97b,,,,,,30.0,0.0,30.000001907348633,60.000003814697266,30.000001907348633,-30.0,180.0,0.0,0.0,0.0
,outer3,3,70,b97b,,,,,,30.0,30.0,14.870942115783691,14.870942115783691,0.0,0.0,0.0,0.0,0.0,0.0
,outer3,3,70,b97b,,,,,,30.0,60.0,0.0,0.0,0.0,0.0,0.0,1.0,1.0,0.0
,outer3,3,70,b97b,,,,,,30.0,90.0,0.0,0.0,0.0,0.0,0.0,1.0,1.0,0.0
,outer3,3,70,b97b,,,,,,30.0,120.0,0.0,0.0,0.0,0.0,0.0,1.0,1.0,0.0
,outer3,3,70,b97b,,,,,,30.0,150.0,0.0,128.68218994140625,128.68218994140625,120.0,60.0,1.0,0.0,-1.0
,outer3,3,70,b97b,,,,,,30.0,180.0,30.000001907348633,30.000001907348633,0.0,0.0,0.0,0.0,0.0,0.0
,outer3,3,70,b97b,,,,,,30.0,210.0,0.0,0.0,0.0,0.0,0.0,1.0,1.0,0.0
,outer3,3,70,b97b,,,,,,30.0,240.0,0.0,57.7581901550293,57.7581901550293,0.0,150.0,1.0,0.0,-1.0
,outer3,3,70,b97b,,,,,,30.0,270.0,0.0,122.24180603027344,122.24180603027344,120.0,30.0,1.0,0.0,-1.0
,outer3,3,70,b97b,,,,,,30.0,300.0,0.0,0.0,0.0,0.0,0.0,1.0,1.0,0.0
,outer3,3,70,b97b,,,,,,30.0,330.0,0.0,0.0,0.0,0.0,0.0,1.0,1.0,0.0
,outer3,3,70,b97b,,,,,,60.0,0.0,120.00000762939453,150.0,29.99999237060547,90.0,0.0,0.0,0.0,0.0
,outer3,3,70,b97b,,,,,,60.0,30.0,0.0,60.000003814697266,60.000003814697266,60.0,0.0,1.0,0.0,-1.0
,outer3,3,70,b97b,,,,,,60.0,60.0,0.0,0.0,0.0,0.0,0.0,1.0,1.0,0.0
,outer3,3,70,b97b,,,,,,60.0,90.0,0.0,0.0,0.0,0.0,0.0,1.0,1.0,0.0
,outer3,3,70,b97b,,,,,,60.0,120.0,30.000001907348633,0.0,-30.000001907348633,-30.0,0.0,0.0,1.0,1.0
,outer3,3,70,b97b,,,,,,60.0,150.0,0.0,0.0,0.0,0.0,0.0,1.0,1.0,0.0
,outer3,3,70,b97b,,,,,,60.0,180.0,0.0,0.0,0.0,0.0,0.0,1.0,1.0,0.0
,outer3,3,70,b97b,,,,,,60.0,210.0,0.0,0.0,0.0,0.0,0.0,1.0,1.0,0.0
,outer3,3,70,b97b,,,,,,60.0,240.0,128.6822052001953,0.0,-128.6822052001953,-60.0,-120.0,0.0,1.0,1.0
,outer3,3,70,b97b,,,,,,60.0,270.0,0.0,180.0,180.0,60.0,180.0,1.0,0.0,-1.0
,outer3,3,70,b97b,,,,,,60.0,300.0,0.0,0.0,0.0,0.0,0.0,1.0,1.0,0.0
,outer3,3,70,b97b,,,,,,60.0,330.0,0.0,82.81924438476562,82.81924438476562,60.0,60.0,1.0,0.0,-1.0
,outer3,3,70,b97b,,,,,,90.0,0.0,0.0,180.0,180.0,0.0,180.0,1.0,0.0,-1.0
,outer3,3,70,b97b,,,,,,90.0,30.0,0.0,0.0,0.0,0.0,0.0,1.0,1.0,0.0
,outer3,3,70,b97b,,,,,,90.0,60.0,0.0,180.0,180.0,0.0,180.0,1.0,0.0,-1.0
,outer3,3,70,b97b,,,,,,90.0,90.0,180.0,180.0,0.0,0.0,0.0,0.0,0.0,0.0
,outer3,3,70,b97b,,,,,,90.0,120.0,0.0,0.0,0.0,0.0,0.0,1.0,1.0,0.0
,outer3,3,70,b97b,,,,,,90.0,150.0,180.0,0.0,-180.0,0.0,-180.0,0.0,1.0,1.0
,outer3,3,70,b97b,,,,,,90.0,180.0,180.0,0.0,-180.0,0.0,-180.0,0.0,1.0,1.0
,outer3,3,70,b97b,,,,,,90.0,210.0,180.0,180.0,0.0,0.0,0.0,0.0,0.0,0.0
,outer3,3,70,b97b,,,,,,90.0,240.0,0.0,0.0,0.0,0.0,0.0,1.0,1.0,0.0
,outer3,3,70,b97b,,,,,,90.0,270.0,0.0,0.0,0.0,0.0,0.0,1.0,1.0,0.0
,outer3,3,70,b97b,,,,,,90.0,300.0,0.0,0.0,0.0,0.0,0.0,1.0,1.0,0.0
,outer3,3,70,b97b,,,,,,90.0,330.0,0.0,180.0,180.0,0.0,180.0,1.0,0.0,-1.0
,outer3,3,70,b97b,,,,,,120.0,0.0,0.0,150.0,150.0,90.0,180.0,1.0,0.0,-1.0
,outer3,3,70,b97b,,,,,,120.0,30.0,0.0,0.0,0.0,0.0,0.0,1.0,1.0,0.0
,outer3,3,70,b97b,,,,,,120.0,60.0,0.0,0.0,0.0,0.0,0.0,1.0,1.0,0.0
,outer3,3,70,b97b,,,,,,120.0,90.0,0.0,0.0,0.0,0.0,0.0,1.0,1.0,0.0
,outer3,3,70,b97b,,,,,,120.0,120.0,29.99998664855957,0.0,-29.99998664855957,-30.0,0.0,0.0,1.0,1.0
,outer3,3,70,b97b,,,,,,120.0,150.0,82.81924438476562,82.81924438476562,0.0,0.0,0.0,0.0,0.0,0.0
,outer3,3,70,b97b,,,,,,120.0,180.0,0.0,90.0,90.0,90.0,0.0,1.0,0.0,-1.0
,outer3,3,70,b97b,,,,,,120.0,210.0,0.0,66.45188903808594,66.45188903808594,60.0,30.0,1.0,0.0,-1.0
,outer3,3,70,b97b,,,,,,120.0,240.0,0.0,0.0,0.0,0.0,0.0,1.0,1.0,0.0
,outer3,3,70,b97b,,,,,,120.0,270.0,0.0,180.0,180.0,60.0,180.0,1.0,0.0,-1.0
,outer3,3,70,b97b,,,,,,120.0,300.0,29.99998664855957,0.0,-29.99998664855957,-30.0,0.0,0.0,1.0,1.0
,outer3,3,70,b97b,,,,,,120.0,330.0,0.0,0.0,0.0,0.0,0.0,1.0,1.0,0.0
,outer3,3,70,b97b,,,,,,150.0,0.0,29.99998664855957,0.0,-29.99998664855957,-30.0,0.0,0.0,1.0,1.0
,outer3,3,70,b97b,,,,,,150.0,30.0,0.0,0.0,0.0,0.0,0.0,1.0,1.0,0.0
,outer3,3,70,b97b,,,,,,150.0,60.0,0.0,0.0,0.0,0.0,0.0,1.0,1.0,0.0
,outer3,3,70,b97b,,,,,,150.0,90.0,0.0,0.0,0.0,0.0,0.0,1.0,1.0,0.0
,outer3,3,70,b97b,,,,,,150.0,120.0,0.0,0.0,0.0,0.0,0.0,1.0,1.0,0.0
,outer3,3,70,b97b,,,,,,150.0,150.0,128.68218994140625,0.0,-128.68218994140625,-120.0,-60.0,0.0,1.0,1.0
,outer3,3,70,b97b,,,,,,150.0,180.0,0.0,29.99998664855957,29.99998664855957,30.0,0.0,1.0,0.0,-1.0
,outer3,3,70,b97b,,,,,,150.0,210.0,0.0,0.0,0.0,0.0,0.0,1.0,1.0,0.0
,outer3,3,70,b97b,,,,,,150.0,240.0,0.0,0.0,0.0,0.0,0.0,1.0,1.0,0.0
,outer3,3,70,b97b,,,,,,150.0,270.0,0.0,180.0,180.0,120.0,180.0,1.0,0.0,-1.0
,outer3,3,70,b97b,,,,,,150.0,300.0,0.0,0.0,0.0,0.0,0.0,1.0,1.0,0.0
,outer3,3,70,b97b,,,,,,150.0,330.0,0.0,0.0,0.0,0.0,0.0,1.0,1.0,0.0
,outer3,3,70,bc2c,,,,,,30.0,0.0,30.000001907348633,30.000001907348633,0.0,0.0,0.0,0.0,0.0,0.0
,outer3,3,70,bc2c,,,,,,30.0,30.0,180.0,128.68218994140625,-51.31781005859375,0.0,-120.0,0.0,0.0,0.0
,outer3,3,70,bc2c,,,,,,30.0,60.0,0.0,60.000003814697266,60.000003814697266,0.0,180.0,1.0,0.0,-1.0
,outer3,3,70,bc2c,,,,,,30.0,90.0,60.000003814697266,86.67425537109375,26.674251556396484,30.0,-30.0,0.0,0.0,0.0
,outer3,3,70,bc2c,,,,,,30.0,120.0,115.6589126586914,86.67425537109375,-28.984657287597656,-30.0,0.0,0.0,0.0,0.0
,outer3,3,70,bc2c,,,,,,30.0,150.0,90.0,122.24180603027344,32.24180603027344,90.0,-150.0,0.0,0.0,0.0
,outer3,3,70,bc2c,,,,,,30.0,180.0,30.000001907348633,0.0,-30.000001907348633,-30.0,0.0,0.0,1.0,1.0
,outer3,3,70,bc2c,,,,,,30.0,210.0,60.000003814697266,151.04498291015625,91.04497909545898,120.0,-60.0,0.0,0.0,0.0
,outer3,3,70,bc2c,,,,,,30.0,240.0,120.00000762939453,120.00000762939453,0.0,0.0,0.0,0.0,0.0,0.0
,outer3,3,70,bc2c,,,,,,30.0,270.0,165.12905883789062,122.24180603027344,-42.88725280761719,0.0,-120.0,0.0,0.0,0.0
,outer3,3,70,bc2c,,,,,,30.0,300.0,64.34110260009766,0.0,-64.34110260009766,-60.0,-30.0,0.0,1.0,1.0
,outer3,3,70,bc2c,,,,,,30.0,330.0,90.0,14.870942115783691,-75.12905788421631,-90.0,30.0,0.0,0.0,0.0
,outer3,3,70,bc2c,,,,,,60.0,0.0,0.0,30.000001907348633,30.000001907348633,30.0,0.0,1.0,0.0,-1.0
,outer3,3,70,bc2c,,,,,,60.0,30.0,29.999998092651367,82.81924438476562,52.81924629211426,30.0,60.0,0.0,0.0,0.0
,outer3,3,70,bc2c,,,,,,60.0,60.0,0.0,0.0,0.0,0.0,0.0,1.0,1.0,0.0
,outer3,3,70,bc2c,,,,,,60.0,90.0,120.00000762939453,180.0,59.99999237060547,60.0,0.0,0.0,0.0,0.0
,outer3,3,70,bc2c,,,,,,60.0,120.0,41.40962219238281,0.0,-41.40962219238281,-30.0,-30.0,0.0,1.0,1.0
,outer3,3,70,bc2c,,,,,,60.0,150.0,51.31781005859375,0.0,-51.31781005859375,0.0,-60.0,0.0,1.0,1.0
,outer3,3,70,bc2c,,,,,,60.0,180.0,29.999998092651367,49.494651794433594,19.494653701782227,0.0,60.0,0.0,0.0,0.0
,outer3,3,70,bc2c,,,,,,60.0,210.0,120.00000762939453,51.31781005859375,-68.68219757080078,0.0,-120.0,0.0,0.0,0.0
,outer3,3,70,bc2c,,,,,,60.0,240.0,60.000003814697266,128.6822052001953,68.68220138549805,0.0,120.0,0.0,0.0,0.0
,outer3,3,70,bc2c,,,,,,60.0,270.0,180.0,93.32574462890625,-86.67425537109375,30.0,-150.0,0.0,0.0,0.0
,outer3,3,70,bc2c,,,,,,60.0,300.0,128.68218994140625,0.0,-128.68218994140625,-60.0,-120.0,0.0,1.0,1.0
,outer3,3,70,bc2c,,,,,,60.0,330.0,60.000003814697266,120.00000762939453,60.000003814697266,-60.0,180.0,0.0,0.0,0.0
,outer3,3,70,bc2c,,,,,,90.0,0.0,180.0,150.0,-30.0,30.0,0.0,0.0,0.0,0.0
,outer3,3,70,bc2c,,,,,,90.0,30.0,150.0,150.0,0.0,0.0,0.0,0.0,0.0,0.0
,outer3,3,70,bc2c,,,,,,90.0,60.0,150.0,180.0,30.0,0.0,30.0,0.0,0.0,0.0
,outer3,3,70,bc2c,,,,,,90.0,90.0,180.0,0.0,-180.0,0.0,-180.0,0.0,1.0,1.0
,outer3,3,70,bc2c,,,,,,90.0,120.0,150.0,150.0,0.0,0.0,0.0,0.0,0.0,0.0
,outer3,3,70,bc2c,,,,,,90.0,150.0,30.000001907348633,41.40962219238281,11.40962028503418,30.0,0.0,0.0,0.0,0.0
,outer3,3,70,bc2c,,,,,,90.0,180.0,0.0,30.000001907348633,30.000001907348633,30.0,0.0,1.0,0.0,-1.0
,outer3,3,70,bc2c,,,,,,90.0,210.0,30.000001907348633,30.000001907348633,0.0,0.0,0.0,0.0,0.0,0.0
,outer3,3,70,bc2c,,,,,,90.0,240.0,30.000001907348633,0.0,-30.000001907348633,0.0,-30.0,0.0,1.0,1.0
,outer3,3,70,bc2c,,,,,,90.0,270.0,0.0,180.0,180.0,0.0,180.0,1.0,0.0,-1.0
,outer3,3,70,bc2c,,,,,,90.0,300.0,0.0,0.0,0.0,0.0,0.0,1.0,1.0,0.0
,outer3,3,70,bc2c,,,,,,90.0,330.0,150.0,138.59039306640625,-11.40960693359375,30.0,0.0,0.0,0.0,0.0
,outer3,3,70,bc2c,,,,,,120.0,0.0,0.0,90.0,90.0,30.0,180.0,1.0,0.0,-1.0
,outer3,3,70,bc2c,,,,,,120.0,30.0,82.81924438476562,82.81924438476562,0.0,0.0,0.0,0.0,0.0,0.0
,outer3,3,70,bc2c,,,,,,120.0,60.0,0.0,0.0,0.0,0.0,0.0,1.0,1.0,0.0
,outer3,3,70,bc2c,,,,,,120.0,90.0,90.0,113.54811096191406,23.548110961914062,-30.0,-30.0,0.0,0.0,0.0
,outer3,3,70,bc2c,,,,,,120.0,120.0,113.54811096191406,97.18075561523438,-16.367355346679688,0.0,-30.0,0.0,0.0,0.0
,outer3,3,70,bc2c,,,,,,120.0,150.0,82.81924438476562,60.000003814697266,-22.81924057006836,0.0,-60.0,0.0,0.0,0.0
,outer3,3,70,bc2c,,,,,,120.0,180.0,0.0,90.0,90.0,90.0,0.0,1.0,0.0,-1.0
,outer3,3,70,bc2c,,,,,,120.0,210.0,180.0,82.81924438476562,-97.18075561523438,0.0,-120.0,0.0,0.0,0.0
,outer3,3,70,bc2c,,,,,,120.0,240.0,128.6822052001953,128.6822052001953,0.0,0.0,0.0,0.0,0.0,0.0
,outer3,3,70,bc2c,,,,,,120.0,270.0,180.0,180.0,0.0,0.0,0.0,0.0,0.0,0.0
,outer3,3,70,bc2c,,,,,,120.0,300.0,104.47750854492188,66.45188903808594,-38.02561950683594,0.0,-60.0,0.0,0.0,0.0
,outer3,3,70,bc2c,,,,,,120.0,330.0,180.0,120.00000762939453,-59.99999237060547,-60.0,0.0,0.0,0.0,0.0
,outer3,3,70,bc2c,,,,,,150.0,0.0,29.99998664855957,0.0,-29.99998664855957,-30.0,0.0,0.0,1.0,1.0
,outer3,3,70,bc2c,,,,,,150.0,30.0,14.870942115783691,165.12905883789062,150.25811672210693,120.0,120.0,0.0,0.0,0.0
,outer3,3,70,bc2c,,,,,,150.0,60.0,60.000003814697266,60.000003814697266,0.0,0.0,0.0,0.0,0.0,0.0
,outer3,3,70,bc2c,,,,,,150.0,90.0,165.12905883789062,165.12905883789062,0.0,0.0,0.0,0.0,0.0,0.0
,outer3,3,70,bc2c,,,,,,150.0,120.0,86.67424774169922,86.67425537109375,7.62939453125e-06,0.0,0.0,0.0,0.0,0.0
,outer3,3,70,bc2c,,,,,,150.0,150.0,75.52249145507812,90.0,14.477508544921875,30.0,-60.0,0.0,0.0,0.0
,outer3,3,70,bc2c,,,,,,150.0,180.0,59.999996185302734,29.99998664855957,-30.000009536743164,-30.0,0.0,0.0,0.0,0.0
,outer3,3,70,bc2c,,,,,,150.0,210.0,60.000003814697266,57.7581901550293,-2.2418136596679688,0.0,-30.0,0.0,0.0,0.0
,outer3,3,70,bc2c,,,,,,150.0,240.0,0.0,0.0,0.0,0.0,0.0,1.0,1.0,0.0
,outer3,3,70,bc2c,,,,,,150.0,270.0,165.12905883789062,120.00000762939453,-45.129051208496094,0.0,-150.0,0.0,0.0,0.0
,outer3,3,70,bc2c,,,,,,150.0,300.0,64.34109497070312,29.99998664855957,-34.341108322143555,0.0,-90.0,0.0,0.0,0.0
,outer3,3,70,bc2c,,,,,,150.0,330.0,104.47750854492188,0.0,-104.47750854492188,-60.0,-120.0,0.0,1.0,1.0
,outer3,3,71,b812,,,,,,30.0,0.0,0.0,0.0,0.0,0.0,0.0,1.0,1.0,0.0
,outer3,3,71,b812,,,,,,30.0,30.0,0.0,0.0,0.0,0.0,0.0,1.0,1.0,0.0
,outer3,3,71,b812,,,,,,30.0,60.0,0.0,0.0,0.0,0.0,0.0,1.0,1.0,0.0
,outer3,3,71,b812,,,,,,30.0,90.0,0.0,0.0,0.0,0.0,0.0,1.0,1.0,0.0
,outer3,3,71,b812,,,,,,30.0,120.0,0.0,0.0,0.0,0.0,0.0,1.0,1.0,0.0
,outer3,3,71,b812,,,,,,30.0,150.0,0.0,0.0,0.0,0.0,0.0,1.0,1.0,0.0
,outer3,3,71,b812,,,,,,30.0,180.0,0.0,0.0,0.0,0.0,0.0,1.0,1.0,0.0
,outer3,3,71,b812,,,,,,30.0,210.0,0.0,0.0,0.0,0.0,0.0,1.0,1.0,0.0
,outer3,3,71,b812,,,,,,30.0,240.0,0.0,0.0,0.0,0.0,0.0,1.0,1.0,0.0
,outer3,3,71,b812,,,,,,30.0,270.0,0.0,0.0,0.0,0.0,0.0,1.0,1.0,0.0
,outer3,3,71,b812,,,,,,30.0,300.0,0.0,0.0,0.0,0.0,0.0,1.0,1.0,0.0
,outer3,3,71,b812,,,,,,30.0,330.0,0.0,0.0,0.0,0.0,0.0,1.0,1.0,0.0
,outer3,3,71,b812,,,,,,60.0,0.0,0.0,0.0,0.0,0.0,0.0,1.0,1.0,0.0
,outer3,3,71,b812,,,,,,60.0,30.0,0.0,120.00000762939453,120.00000762939453,0.0,180.0,1.0,0.0,-1.0
,outer3,3,71,b812,,,,,,60.0,60.0,0.0,0.0,0.0,0.0,0.0,1.0,1.0,0.0
,outer3,3,71,b812,,,,,,60.0,90.0,0.0,0.0,0.0,0.0,0.0,1.0,1.0,0.0
,outer3,3,71,b812,,,,,,60.0,120.0,0.0,0.0,0.0,0.0,0.0,1.0,1.0,0.0
,outer3,3,71,b812,,,,,,60.0,150.0,0.0,0.0,0.0,0.0,0.0,1.0,1.0,0.0
,outer3,3,71,b812,,,,,,60.0,180.0,0.0,0.0,0.0,0.0,0.0,1.0,1.0,0.0
,outer3,3,71,b812,,,,,,60.0,210.0,0.0,82.81924438476562,82.81924438476562,60.0,60.0,1.0,0.0,-1.0
,outer3,3,71,b812,,,,,,60.0,240.0,0.0,0.0,0.0,0.0,0.0,1.0,1.0,0.0
,outer3,3,71,b812,,,,,,60.0,270.0,0.0,0.0,0.0,0.0,0.0,1.0,1.0,0.0
,outer3,3,71,b812,,,,,,60.0,300.0,0.0,0.0,0.0,0.0,0.0,1.0,1.0,0.0
,outer3,3,71,b812,,,,,,60.0,330.0,0.0,0.0,0.0,0.0,0.0,1.0,1.0,0.0
,outer3,3,71,b812,,,,,,90.0,0.0,0.0,180.0,180.0,0.0,180.0,1.0,0.0,-1.0
,outer3,3,71,b812,,,,,,90.0,30.0,60.00000762939453,0.0,-60.00000762939453,0.0,-60.0,0.0,1.0,1.0
,outer3,3,71,b812,,,,,,90.0,60.0,0.0,180.0,180.0,0.0,180.0,1.0,0.0,-1.0
,outer3,3,71,b812,,,,,,90.0,90.0,0.0,0.0,0.0,0.0,0.0,1.0,1.0,0.0
,outer3,3,71,b812,,,,,,90.0,120.0,180.0,0.0,-180.0,0.0,-180.0,0.0,1.0,1.0
,outer3,3,71,b812,,,,,,90.0,150.0,180.0,180.0,0.0,0.0,0.0,0.0,0.0,0.0
,outer3,3,71,b812,,,,,,90.0,180.0,180.0,0.0,-180.0,0.0,-180.0,0.0,1.0,1.0
,outer3,3,71,b812,,,,,,90.0,210.0,0.0,180.0,180.0,0.0,180.0,1.0,0.0,-1.0
,outer3,3,71,b812,,,,,,90.0,240.0,0.0,0.0,0.0,0.0,0.0,1.0,1.0,0.0
,outer3,3,71,b812,,,,,,90.0,270.0,0.0,0.0,0.0,0.0,0.0,1.0,1.0,0.0
,outer3,3,71,b812,,,,,,90.0,300.0,0.0,180.0,180.0,0.0,180.0,1.0,0.0,-1.0
,outer3,3,71,b812,,,,,,90.0,330.0,0.0,0.0,0.0,0.0,0.0,1.0,1.0,0.0
,outer3,3,71,b812,,,,,,120.0,0.0,0.0,0.0,0.0,0.0,0.0,1.0,1.0,0.0
,outer3,3,71,b812,,,,,,120.0,30.0,0.0,0.0,0.0,0.0,0.0,1.0,1.0,0.0
,outer3,3,71,b812,,,,,,120.0,60.0,0.0,0.0,0.0,0.0,0.0,1.0,1.0,0.0
,outer3,3,71,b812,,,,,,120.0,90.0,0.0,0.0,0.0,0.0,0.0,1.0,1.0,0.0
,outer3,3,71,b812,,,,,,120.0,120.0,0.0,0.0,0.0,0.0,0.0,1.0,1.0,0.0
,outer3,3,71,b812,,,,,,120.0,150.0,0.0,0.0,0.0,0.0,0.0,1.0,1.0,0.0
,outer3,3,71,b812,,,,,,120.0,180.0,0.0,0.0,0.0,0.0,0.0,1.0,1.0,0.0
,outer3,3,71,b812,,,,,,120.0,210.0,0.0,0.0,0.0,0.0,0.0,1.0,1.0,0.0
,outer3,3,71,b812,,,,,,120.0,240.0,0.0,0.0,0.0,0.0,0.0,1.0,1.0,0.0
,outer3,3,71,b812,,,,,,120.0,270.0,0.0,0.0,0.0,0.0,0.0,1.0,1.0,0.0
,outer3,3,71,b812,,,,,,120.0,300.0,0.0,0.0,0.0,0.0,0.0,1.0,1.0,0.0
,outer3,3,71,b812,,,,,,120.0,330.0,0.0,0.0,0.0,0.0,0.0,1.0,1.0,0.0
,outer3,3,71,b812,,,,,,150.0,0.0,0.0,0.0,0.0,0.0,0.0,1.0,1.0,0.0
,outer3,3,71,b812,,,,,,150.0,30.0,0.0,0.0,0.0,0.0,0.0,1.0,1.0,0.0
,outer3,3,71,b812,,,,,,150.0,60.0,0.0,0.0,0.0,0.0,0.0,1.0,1.0,0.0
,outer3,3,71,b812,,,,,,150.0,90.0,0.0,0.0,0.0,0.0,0.0,1.0,1.0,0.0
,outer3,3,71,b812,,,,,,150.0,120.0,0.0,0.0,0.0,0.0,0.0,1.0,1.0,0.0
,outer3,3,71,b812,,,,,,150.0,150.0,0.0,0.0,0.0,0.0,0.0,1.0,1.0,0.0
,outer3,3,71,b812,,,,,,150.0,180.0,0.0,0.0,0.0,0.0,0.0,1.0,1.0,0.0
,outer3,3,71,b812,,,,,,150.0,210.0,0.0,0.0,0.0,0.0,0.0,1.0,1.0,0.0
,outer3,3,71,b812,,,,,,150.0,240.0,0.0,0.0,0.0,0.0,0.0,1.0,1.0,0.0
,outer3,3,71,b812,,,,,,150.0,270.0,0.0,0.0,0.0,0.0,0.0,1.0,1.0,0.0
,outer3,3,71,b812,,,,,,150.0,300.0,0.0,0.0,0.0,0.0,0.0,1.0,1.0,0.0
,outer3,3,71,b812,,,,,,150.0,330.0,0.0,0.0,0.0,0.0,0.0,1.0,1.0,0.0
,outer3,3,71,b943,,,,,,30.0,0.0,0.0,0.0,0.0,0.0,0.0,1.0,1.0,0.0
,outer3,3,71,b943,,,,,,30.0,30.0,0.0,0.0,0.0,0.0,0.0,1.0,1.0,0.0
,outer3,3,71,b943,,,,,,30.0,60.0,0.0,0.0,0.0,0.0,0.0,1.0,1.0,0.0
,outer3,3,71,b943,,,,,,30.0,90.0,0.0,0.0,0.0,0.0,0.0,1.0,1.0,0.0
,outer3,3,71,b943,,,,,,30.0,120.0,0.0,0.0,0.0,0.0,0.0,1.0,1.0,0.0
,outer3,3,71,b943,,,,,,30.0,150.0,0.0,0.0,0.0,0.0,0.0,1.0,1.0,0.0
,outer3,3,71,b943,,,,,,30.0,180.0,0.0,0.0,0.0,0.0,0.0,1.0,1.0,0.0
,outer3,3,71,b943,,,,,,30.0,210.0,0.0,0.0,0.0,0.0,0.0,1.0,1.0,0.0
,outer3,3,71,b943,,,,,,30.0,240.0,0.0,0.0,0.0,0.0,0.0,1.0,1.0,0.0
,outer3,3,71,b943,,,,,,30.0,270.0,0.0,0.0,0.0,0.0,0.0,1.0,1.0,0.0
,outer3,3,71,b943,,,,,,30.0,300.0,0.0,0.0,0.0,0.0,0.0,1.0,1.0,0.0
,outer3,3,71,b943,,,,,,30.0,330.0,0.0,0.0,0.0,0.0,0.0,1.0,1.0,0.0
,outer3,3,71,b943,,,,,,60.0,0.0,0.0,0.0,0.0,0.0,0.0,1.0,1.0,0.0
,outer3,3,71,b943,,,,,,60.0,30.0,0.0,0.0,0.0,0.0,0.0,1.0,1.0,0.0
,outer3,3,71,b943,,,,,,60.0,60.0,128.68218994140625,0.0,-128.68218994140625,-60.0,-120.0,0.0,1.0,1.0
,outer3,3,71,b943,,,,,,60.0,90.0,0.0,0.0,0.0,0.0,0.0,1.0,1.0,0.0
,outer3,3,71,b943,,,,,,60.0,120.0,0.0,0.0,0.0,0.0,0.0,1.0,1.0,0.0
,outer3,3,71,b943,,,,,,60.0,150.0,0.0,0.0,0.0,0.0,0.0,1.0,1.0,0.0
,outer3,3,71,b943,,,,,,60.0,180.0,0.0,30.000001907348633,30.000001907348633,30.0,0.0,1.0,0.0,-1.0
,outer3,3,71,b943,,,,,,60.0,210.0,0.0,0.0,0.0,0.0,0.0,1.0,1.0,0.0
,outer3,3,71,b943,,,,,,60.0,240.0,97.1807632446289,0.0,-97.1807632446289,0.0,-120.0,0.0,1.0,1.0
,outer3,3,71,b943,,,,,,60.0,270.0,60.000003814697266,180.0,119.99999618530273,0.0,180.0,0.0,0.0,0.0
,outer3,3,71,b943,,,,,,60.0,300.0,0.0,0.0,0.0,0.0,0.0,1.0,1.0,0.0
,outer3,3,71,b943,,,,,,60.0,330.0,0.0,51.31782150268555,51.31782150268555,0.0,60.0,1.0,0.0,-1.0
,outer3,3,71,b943,,,,,,90.0,0.0,0.0,180.0,180.0,0.0,180.0,1.0,0.0,-1.0
,outer3,3,71,b943,,,,,,90.0,30.0,0.0,0.0,0.0,0.0,0.0,1.0,1.0,0.0
,outer3,3,71,b943,,,,,,90.0,60.0,180.0,119.99999237060547,-60.00000762939453,0.0,-60.0,0.0,0.0,0.0
,outer3,3,71,b943,,,,,,90.0,90.0,180.0,180.0,0.0,0.0,0.0,0.0,0.0,0.0
,outer3,3,71,b943,,,,,,90.0,120.0,120.00000762939453,0.0,-120.00000762939453,0.0,-120.0,0.0,1.0,1.0
,outer3,3,71,b943,,,,,,90.0,150.0,120.00000762939453,180.0,59.99999237060547,0.0,60.0,0.0,0.0,0.0
,outer3,3,71,b943,,,,,,90.0,180.0,180.0,0.0,-180.0,0.0,-180.0,0.0,1.0,1.0
,outer3,3,71,b943,,,,,,90.0,210.0,180.0,180.0,0.0,0.0,0.0,0.0,0.0,0.0
,outer3,3,71,b943,,,,,,90.0,240.0,0.0,60.000003814697266,60.000003814697266,0.0,60.0,1.0,0.0,-1.0
,outer3,3,71,b943,,,,,,90.0,270.0,0.0,0.0,0.0,0.0,0.0,1.0,1.0,0.0
,outer3,3,71,b943,,,,,,90.0,300.0,0.0,180.0,180.0,0.0,180.0,1.0,0.0,-1.0
,outer3,3,71,b943,,,,,,90.0,330.0,60.00000762939453,0.0,-60.00000762939453,0.0,-60.0,0.0,1.0,1.0
,outer3,3,71,b943,,,,,,120.0,0.0,0.0,29.99998664855957,29.99998664855957,30.0,0.0,1.0,0.0,-1.0
,outer3,3,71,b943,,,,,,120.0,30.0,0.0,0.0,0.0,0.0,0.0,1.0,1.0,0.0
,outer3,3,71,b943,,,,,,120.0,60.0,0.0,0.0,0.0,0.0,0.0,1.0,1.0,0.0
,outer3,3,71,b943,,,,,,120.0,90.0,0.0,0.0,0.0,0.0,0.0,1.0,1.0,0.0
,outer3,3,71,b943,,,,,,120.0,120.0,0.0,0.0,0.0,0.0,0.0,1.0,1.0,0.0
,outer3,3,71,b943,,,,,,120.0,150.0,0.0,0.0,0.0,0.0,0.0,1.0,1.0,0.0
,outer3,3,71,b943,,,,,,120.0,180.0,0.0,29.99998664855957,29.99998664855957,30.0,0.0,1.0,0.0,-1.0
,outer3,3,71,b943,,,,,,120.0,210.0,0.0,82.81924438476562,82.81924438476562,60.0,60.0,1.0,0.0,-1.0
,outer3,3,71,b943,,,,,,120.0,240.0,0.0,0.0,0.0,0.0,0.0,1.0,1.0,0.0
,outer3,3,71,b943,,,,,,120.0,270.0,0.0,0.0,0.0,0.0,0.0,1.0,1.0,0.0
,outer3,3,71,b943,,,,,,120.0,300.0,0.0,0.0,0.0,0.0,0.0,1.0,1.0,0.0
,outer3,3,71,b943,,,,,,120.0,330.0,0.0,0.0,0.0,0.0,0.0,1.0,1.0,0.0
,outer3,3,71,b943,,,,,,150.0,0.0,0.0,0.0,0.0,0.0,0.0,1.0,1.0,0.0
,outer3,3,71,b943,,,,,,150.0,30.0,0.0,0.0,0.0,0.0,0.0,1.0,1.0,0.0
,outer3,3,71,b943,,,,,,150.0,60.0,0.0,0.0,0.0,0.0,0.0,1.0,1.0,0.0
,outer3,3,71,b943,,,,,,150.0,90.0,0.0,0.0,0.0,0.0,0.0,1.0,1.0,0.0
,outer3,3,71,b943,,,,,,150.0,120.0,0.0,0.0,0.0,0.0,0.0,1.0,1.0,0.0
,outer3,3,71,b943,,,,,,150.0,150.0,0.0,0.0,0.0,0.0,0.0,1.0,1.0,0.0
,outer3,3,71,b943,,,,,,150.0,180.0,0.0,120.00000762939453,120.00000762939453,120.0,0.0,1.0,0.0,-1.0
,outer3,3,71,b943,,,,,,150.0,210.0,0.0,0.0,0.0,0.0,0.0,1.0,1.0,0.0
,outer3,3,71,b943,,,,,,150.0,240.0,0.0,0.0,0.0,0.0,0.0,1.0,1.0,0.0
,outer3,3,71,b943,,,,,,150.0,270.0,0.0,0.0,0.0,0.0,0.0,1.0,1.0,0.0
,outer3,3,71,b943,,,,,,150.0,300.0,0.0,0.0,0.0,0.0,0.0,1.0,1.0,0.0
,outer3,3,71,b943,,,,,,150.0,330.0,0.0,0.0,0.0,0.0,0.0,1.0,1.0,0.0
,outer3,3,71,b974,,,,,,30.0,0.0,0.0,0.0,0.0,0.0,0.0,1.0,1.0,0.0
,outer3,3,71,b974,,,,,,30.0,30.0,0.0,0.0,0.0,0.0,0.0,1.0,1.0,0.0
,outer3,3,71,b974,,,,,,30.0,60.0,0.0,0.0,0.0,0.0,0.0,1.0,1.0,0.0
,outer3,3,71,b974,,,,,,30.0,90.0,0.0,0.0,0.0,0.0,0.0,1.0,1.0,0.0
,outer3,3,71,b974,,,,,,30.0,120.0,0.0,0.0,0.0,0.0,0.0,1.0,1.0,0.0
,outer3,3,71,b974,,,,,,30.0,150.0,0.0,0.0,0.0,0.0,0.0,1.0,1.0,0.0
,outer3,3,71,b974,,,,,,30.0,180.0,0.0,0.0,0.0,0.0,0.0,1.0,1.0,0.0
,outer3,3,71,b974,,,,,,30.0,210.0,0.0,0.0,0.0,0.0,0.0,1.0,1.0,0.0
,outer3,3,71,b974,,,,,,30.0,240.0,0.0,0.0,0.0,0.0,0.0,1.0,1.0,0.0
,outer3,3,71,b974,,,,,,30.0,270.0,0.0,0.0,0.0,0.0,0.0,1.0,1.0,0.0
,outer3,3,71,b974,,,,,,30.0,300.0,0.0,0.0,0.0,0.0,0.0,1.0,1.0,0.0
,outer3,3,71,b974,,,,,,30.0,330.0,0.0,0.0,0.0,0.0,0.0,1.0,1.0,0.0
,outer3,3,71,b974,,,,,,60.0,0.0,0.0,0.0,0.0,0.0,0.0,1.0,1.0,0.0
,outer3,3,71,b974,,,,,,60.0,30.0,0.0,0.0,0.0,0.0,0.0,1.0,1.0,0.0
,outer3,3,71,b974,,,,,,60.0,60.0,0.0,0.0,0.0,0.0,0.0,1.0,1.0,0.0
,outer3,3,71,b974,,,,,,60.0,90.0,0.0,0.0,0.0,0.0,0.0,1.0,1.0,0.0
,outer3,3,71,b974,,,,,,60.0,120.0,0.0,0.0,0.0,0.0,0.0,1.0,1.0,0.0
,outer3,3,71,b974,,,,,,60.0,150.0,0.0,0.0,0.0,0.0,0.0,1.0,1.0,0.0
,outer3,3,71,b974,,,,,,60.0,180.0,0.0,0.0,0.0,0.0,0.0,1.0,1.0,0.0
,outer3,3,71,b974,,,,,,60.0,210.0,0.0,0.0,0.0,0.0,0.0,1.0,1.0,0.0
,outer3,3,71,b974,,,,,,60.0,240.0,0.0,0.0,0.0,0.0,0.0,1.0,1.0,0.0
,outer3,3,71,b974,,,,,,60.0,270.0,0.0,0.0,0.0,0.0,0.0,1.0,1.0,0.0
,outer3,3,71,b974,,,,,,60.0,300.0,0.0,0.0,0.0,0.0,0.0,1.0,1.0,0.0
,outer3,3,71,b974,,,,,,60.0,330.0,0.0,0.0,0.0,0.0,0.0,1.0,1.0,0.0
,outer3,3,71,b974,,,,,,90.0,0.0,180.0,180.0,0.0,0.0,0.0,0.0,0.0,0.0
,outer3,3,71,b974,,,,,,90.0,30.0,0.0,0.0,0.0,0.0,0.0,1.0,1.0,0.0
,outer3,3,71,b974,,,,,,90.0,60.0,180.0,0.0,-180.0,0.0,-180.0,0.0,1.0,1.0
,outer3,3,71,b974,,,,,,90.0,90.0,180.0,0.0,-180.0,0.0,-180.0,0.0,1.0,1.0
,outer3,3,71,b974,,,,,,90.0,120.0,180.0,0.0,-180.0,0.0,-180.0,0.0,1.0,1.0
,outer3,3,71,b974,,,,,,90.0,150.0,180.0,180.0,0.0,0.0,0.0,0.0,0.0,0.0
,outer3,3,71,b974,,,,,,90.0,180.0,0.0,0.0,0.0,0.0,0.0,1.0,1.0,0.0
,outer3,3,71,b974,,,,,,90.0,210.0,0.0,180.0,180.0,0.0,180.0,1.0,0.0,-1.0
,outer3,3,71,b974,,,,,,90.0,240.0,0.0,0.0,0.0,0.0,0.0,1.0,1.0,0.0
,outer3,3,71,b974,,,,,,90.0,270.0,0.0,0.0,0.0,0.0,0.0,1.0,1.0,0.0
,outer3,3,71,b974,,,,,,90.0,300.0,0.0,180.0,180.0,0.0,180.0,1.0,0.0,-1.0
,outer3,3,71,b974,,,,,,90.0,330.0,0.0,0.0,0.0,0.0,0.0,1.0,1.0,0.0
,outer3,3,71,b974,,,,,,120.0,0.0,0.0,0.0,0.0,0.0,0.0,1.0,1.0,0.0
,outer3,3,71,b974,,,,,,120.0,30.0,0.0,0.0,0.0,0.0,0.0,1.0,1.0,0.0
,outer3,3,71,b974,,,,,,120.0,60.0,0.0,0.0,0.0,0.0,0.0,1.0,1.0,0.0
,outer3,3,71,b974,,,,,,120.0,90.0,0.0,0.0,0.0,0.0,0.0,1.0,1.0,0.0
,outer3,3,71,b974,,,,,,120.0,120.0,0.0,0.0,0.0,0.0,0.0,1.0,1.0,0.0
,outer3,3,71,b974,,,,,,120.0,150.0,0.0,0.0,0.0,0.0,0.0,1.0,1.0,0.0
,outer3,3,71,b974,,,,,,120.0,180.0,0.0,0.0,0.0,0.0,0.0,1.0,1.0,0.0
,outer3,3,71,b974,,,,,,120.0,210.0,0.0,0.0,0.0,0.0,0.0,1.0,1.0,0.0
,outer3,3,71,b974,,,,,,120.0,240.0,0.0,0.0,0.0,0.0,0.0,1.0,1.0,0.0
,outer3,3,71,b974,,,,,,120.0,270.0,0.0,25.905075073242188,25.905075073242188,0.0,30.0,1.0,0.0,-1.0
,outer3,3,71,b974,,,,,,120.0,300.0,0.0,0.0,0.0,0.0,0.0,1.0,1.0,0.0
,outer3,3,71,b974,,,,,,120.0,330.0,0.0,0.0,0.0,0.0,0.0,1.0,1.0,0.0
,outer3,3,71,b974,,,,,,150.0,0.0,0.0,0.0,0.0,0.0,0.0,1.0,1.0,0.0
,outer3,3,71,b974,,,,,,150.0,30.0,0.0,0.0,0.0,0.0,0.0,1.0,1.0,0.0
,outer3,3,71,b974,,,,,,150.0,60.0,0.0,0.0,0.0,0.0,0.0,1.0,1.0,0.0
,outer3,3,71,b974,,,,,,150.0,90.0,0.0,0.0,0.0,0.0,0.0,1.0,1.0,0.0
,outer3,3,71,b974,,,,,,150.0,120.0,0.0,0.0,0.0,0.0,0.0,1.0,1.0,0.0
,outer3,3,71,b974,,,,,,150.0,150.0,0.0,0.0,0.0,0.0,0.0,1.0,1.0,0.0
,outer3,3,71,b974,,,,,,150.0,180.0,0.0,0.0,0.0,0.0,0.0,1.0,1.0,0.0
,outer3,3,71,b974,,,,,,150.0,210.0,0.0,0.0,0.0,0.0,0.0,1.0,1.0,0.0
,outer3,3,71,b974,,,,,,150.0,240.0,0.0,0.0,0.0,0.0,0.0,1.0,1.0,0.0
,outer3,3,71,b974,,,,,,150.0,270.0,0.0,0.0,0.0,0.0,0.0,1.0,1.0,0.0
,outer3,3,71,b974,,,,,,150.0,300.0,0.0,0.0,0.0,0.0,0.0,1.0,1.0,0.0
,outer3,3,71,b974,,,,,,150.0,330.0,0.0,0.0,0.0,0.0,0.0,1.0,1.0,0.0
,outer3,3,71,b97b,,,,,,30.0,0.0,90.0,60.000003814697266,-29.999996185302734,-30.0,0.0,0.0,0.0,0.0
,outer3,3,71,b97b,,,,,,30.0,30.0,14.870942115783691,28.95502281188965,14.084080696105957,0.0,30.0,0.0,0.0,0.0
,outer3,3,71,b97b,,,,,,30.0,60.0,0.0,0.0,0.0,0.0,0.0,1.0,1.0,0.0
,outer3,3,71,b97b,,,,,,30.0,90.0,0.0,0.0,0.0,0.0,0.0,1.0,1.0,0.0
,outer3,3,71,b97b,,,,,,30.0,120.0,0.0,0.0,0.0,0.0,0.0,1.0,1.0,0.0
,outer3,3,71,b97b,,,,,,30.0,150.0,0.0,120.00000762939453,120.00000762939453,120.0,0.0,1.0,0.0,-1.0
,outer3,3,71,b97b,,,,,,30.0,180.0,30.000001907348633,30.000001907348633,0.0,0.0,0.0,0.0,0.0,0.0
,outer3,3,71,b97b,,,,,,30.0,210.0,0.0,0.0,0.0,0.0,0.0,1.0,1.0,0.0
,outer3,3,71,b97b,,,,,,30.0,240.0,0.0,151.04498291015625,151.04498291015625,120.0,120.0,1.0,0.0,-1.0
,outer3,3,71,b97b,,,,,,30.0,270.0,0.0,180.0,180.0,120.0,180.0,1.0,0.0,-1.0
,outer3,3,71,b97b,,,,,,30.0,300.0,0.0,0.0,0.0,0.0,0.0,1.0,1.0,0.0
,outer3,3,71,b97b,,,,,,30.0,330.0,0.0,0.0,0.0,0.0,0.0,1.0,1.0,0.0
,outer3,3,71,b97b,,,,,,60.0,0.0,0.0,90.0,90.0,30.0,180.0,1.0,0.0,-1.0
,outer3,3,71,b97b,,,,,,60.0,30.0,0.0,0.0,0.0,0.0,0.0,1.0,1.0,0.0
,outer3,3,71,b97b,,,,,,60.0,60.0,60.000003814697266,0.0,-60.000003814697266,-60.0,0.0,0.0,1.0,1.0
,outer3,3,71,b97b,,,,,,60.0,90.0,0.0,0.0,0.0,0.0,0.0,1.0,1.0,0.0
,outer3,3,71,b97b,,,,,,60.0,120.0,0.0,0.0,0.0,0.0,0.0,1.0,1.0,0.0
,outer3,3,71,b97b,,,,,,60.0,150.0,0.0,0.0,0.0,0.0,0.0,1.0,1.0,0.0
,outer3,3,71,b97b,,,,,,60.0,180.0,0.0,0.0,0.0,0.0,0.0,1.0,1.0,0.0
,outer3,3,71,b97b,,,,,,60.0,210.0,0.0,0.0,0.0,0.0,0.0,1.0,1.0,0.0
,outer3,3,71,b97b,,,,,,60.0,240.0,128.6822052001953,51.31781005859375,-77.36439514160156,-60.0,-60.0,0.0,0.0,0.0
,outer3,3,71,b97b,,,,,,60.0,270.0,0.0,60.000003814697266,60.000003814697266,60.0,0.0,1.0,0.0,-1.0
,outer3,3,71,b97b,,,,,,60.0,300.0,120.00000762939453,0.0,-120.00000762939453,0.0,-180.0,0.0,1.0,1.0
,outer3,3,71,b97b,,,,,,60.0,330.0,0.0,0.0,0.0,0.0,0.0,1.0,1.0,0.0
,outer3,3,71,b97b,,,,,,90.0,0.0,180.0,0.0,-180.0,0.0,-180.0,0.0,1.0,1.0
,outer3,3,71,b97b,,,,,,90.0,30.0,0.0,180.0,180.0,0.0,180.0,1.0,0.0,-1.0
,outer3,3,71,b97b,,,,,,90.0,60.0,150.0,180.0,30.0,-30.0,0.0,0.0,0.0,0.0
,outer3,3,71,b97b,,,,,,90.0,90.0,180.0,180.0,0.0,0.0,0.0,0.0,0.0,0.0
,outer3,3,71,b97b,,,,,,90.0,120.0,60.000003814697266,180.0,119.99999618530273,0.0,120.0,0.0,0.0,0.0
,outer3,3,71,b97b,,,,,,90.0,150.0,180.0,180.0,0.0,0.0,0.0,0.0,0.0,0.0
,outer3,3,71,b97b,,,,,,90.0,180.0,0.0,180.0,180.0,0.0,180.0,1.0,0.0,-1.0
,outer3,3,71,b97b,,,,,,90.0,210.0,180.0,0.0,-180.0,0.0,-180.0,0.0,1.0,1.0
,outer3,3,71,b97b,,,,,,90.0,240.0,30.000001907348633,0.0,-30.000001907348633,-30.0,0.0,0.0,1.0,1.0
,outer3,3,71,b97b,,,,,,90.0,270.0,0.0,0.0,0.0,0.0,0.0,1.0,1.0,0.0
,outer3,3,71,b97b,,,,,,90.0,300.0,60.000003814697266,0.0,-60.000003814697266,0.0,-60.0,0.0,1.0,1.0
,outer3,3,71,b97b,,,,,,90.0,330.0,0.0,0.0,0.0,0.0,0.0,1.0,1.0,0.0
,outer3,3,71,b97b,,,,,,120.0,0.0,120.00000762939453,90.0,-30.00000762939453,30.0,0.0,0.0,0.0,0.0
,outer3,3,71,b97b,,,,,,120.0,30.0,0.0,0.0,0.0,0.0,0.0,1.0,1.0,0.0
,outer3,3,71,b97b,,,,,,120.0,60.0,0.0,0.0,0.0,0.0,0.0,1.0,1.0,0.0
,outer3,3,71,b97b,,,,,,120.0,90.0,0.0,0.0,0.0,0.0,0.0,1.0,1.0,0.0
,outer3,3,71,b97b,,,,,,120.0,120.0,0.0,0.0,0.0,0.0,0.0,1.0,1.0,0.0
,outer3,3,71,b97b,,,,,,120.0,150.0,0.0,82.81924438476562,82.81924438476562,60.0,60.0,1.0,0.0,-1.0
,outer3,3,71,b97b,,,,,,120.0,180.0,0.0,29.99998664855957,29.99998664855957,30.0,0.0,1.0,0.0,-1.0
,outer3,3,71,b97b,,,,,,120.0,210.0,82.81924438476562,82.81924438476562,0.0,0.0,0.0,0.0,0.0,0.0
,outer3,3,71,b97b,,,,,,120.0,240.0,0.0,0.0,0.0,0.0,0.0,1.0,1.0,0.0
,outer3,3,71,b97b,,,,,,120.0,270.0,0.0,120.00000762939453,120.00000762939453,0.0,180.0,1.0,0.0,-1.0
,outer3,3,71,b97b,,,,,,120.0,300.0,0.0,0.0,0.0,0.0,0.0,1.0,1.0,0.0
,outer3,3,71,b97b,,,,,,120.0,330.0,0.0,0.0,0.0,0.0,0.0,1.0,1.0,0.0
,outer3,3,71,b97b,,,,,,150.0,0.0,29.99998664855957,29.99998664855957,0.0,0.0,0.0,0.0,0.0,0.0
,outer3,3,71,b97b,,,,,,150.0,30.0,0.0,0.0,0.0,0.0,0.0,1.0,1.0,0.0
,outer3,3,71,b97b,,,,,,150.0,60.0,0.0,0.0,0.0,0.0,0.0,1.0,1.0,0.0
,outer3,3,71,b97b,,,,,,150.0,90.0,0.0,0.0,0.0,0.0,0.0,1.0,1.0,0.0
,outer3,3,71,b97b,,,,,,150.0,120.0,0.0,0.0,0.0,0.0,0.0,1.0,1.0,0.0
,outer3,3,71,b97b,,,,,,150.0,150.0,0.0,0.0,0.0,0.0,0.0,1.0,1.0,0.0
,outer3,3,71,b97b,,,,,,150.0,180.0,29.99998664855957,29.99998664855957,0.0,0.0,0.0,0.0,0.0,0.0
,outer3,3,71,b97b,,,,,,150.0,210.0,0.0,0.0,0.0,0.0,0.0,1.0,1.0,0.0
,outer3,3,71,b97b,,,,,,150.0,240.0,0.0,0.0,0.0,0.0,0.0,1.0,1.0,0.0
,outer3,3,71,b97b,,,,,,150.0,270.0,0.0,180.0,180.0,120.0,180.0,1.0,0.0,-1.0
,outer3,3,71,b97b,,,,,,150.0,300.0,0.0,51.31781005859375,51.31781005859375,0.0,120.0,1.0,0.0,-1.0
,outer3,3,71,b97b,,,,,,150.0,330.0,0.0,0.0,0.0,0.0,0.0,1.0,1.0,0.0
,outer3,3,71,bc2c,,,,,,30.0,0.0,30.000001907348633,30.000001907348633,0.0,0.0,0.0,0.0,0.0,0.0
,outer3,3,71,bc2c,,,,,,30.0,30.0,115.6589126586914,14.870942115783691,-100.78797054290771,-90.0,-60.0,0.0,0.0,0.0
,outer3,3,71,bc2c,,,,,,30.0,60.0,60.000003814697266,60.000003814697266,0.0,0.0,0.0,0.0,0.0,0.0
,outer3,3,71,bc2c,,,,,,30.0,90.0,57.7581901550293,165.12905883789062,107.37086868286133,120.0,0.0,0.0,0.0,0.0
,outer3,3,71,bc2c,,,,,,30.0,120.0,115.6589126586914,49.494651794433594,-66.16426086425781,-30.0,-90.0,0.0,0.0,0.0
,outer3,3,71,bc2c,,,,,,30.0,150.0,49.494651794433594,36.097782135009766,-13.396869659423828,0.0,-30.0,0.0,0.0,0.0
,outer3,3,71,bc2c,,,,,,30.0,180.0,30.000001907348633,60.000003814697266,30.000001907348633,-30.0,180.0,0.0,0.0,0.0
,outer3,3,71,bc2c,,,,,,30.0,210.0,60.000003814697266,60.000003814697266,0.0,0.0,0.0,0.0,0.0,0.0
,outer3,3,71,bc2c,,,,,,30.0,240.0,120.00000762939453,0.0,-120.00000762939453,-120.0,0.0,0.0,1.0,1.0
,outer3,3,71,bc2c,,,,,,30.0,270.0,165.12905883789062,0.0,-165.12905883789062,-120.0,-150.0,0.0,1.0,1.0
,outer3,3,71,bc2c,,,,,,30.0,300.0,104.47750854492188,122.24180603027344,17.764297485351562,60.0,-90.0,0.0,0.0,0.0
,outer3,3,71,bc2c,,,,,,30.0,330.0,150.0,93.32575988769531,-56.67424011230469,0.0,-150.0,0.0,0.0,0.0
,outer3,3,71,bc2c,,,,,,60.0,0.0,0.0,30.000001907348633,30.000001907348633,30.0,0.0,1.0,0.0,-1.0
,outer3,3,71,bc2c,,,,,,60.0,30.0,0.0,51.31782150268555,51.31782150268555,0.0,60.0,1.0,0.0,-1.0
,outer3,3,71,bc2c,,,,,,60.0,60.0,0.0,0.0,0.0,0.0,0.0,1.0,1.0,0.0
,outer3,3,71,bc2c,,,,,,60.0,90.0,120.00000762939453,36.097782135009766,-83.90222549438477,30.0,-150.0,0.0,0.0,0.0
,outer3,3,71,bc2c,,,,,,60.0,120.0,41.40962219238281,66.45188903808594,25.042266845703125,30.0,0.0,0.0,0.0,0.0
,outer3,3,71,bc2c,,,,,,60.0,150.0,51.31781005859375,60.000003814697266,8.682193756103516,60.0,-60.0,0.0,0.0,0.0
,outer3,3,71,bc2c,,,,,,60.0,180.0,60.000003814697266,90.0,29.999996185302734,30.0,0.0,0.0,0.0,0.0
,outer3,3,71,bc2c,,,,,,60.0,210.0,128.6822052001953,60.000003814697266,-68.68220138549805,0.0,-120.0,0.0,0.0,0.0
,outer3,3,71,bc2c,,,,,,60.0,240.0,180.0,60.000003814697266,-119.99999618530273,0.0,-180.0,0.0,0.0,0.0
,outer3,3,71,bc2c,,,,,,60.0,270.0,180.0,180.0,0.0,0.0,0.0,0.0,0.0,0.0
,outer3,3,71,bc2c,,,,,,60.0,300.0,128.68218994140625,97.18075561523438,-31.501434326171875,-60.0,0.0,0.0,0.0,0.0
,outer3,3,71,bc2c,,,,,,60.0,330.0,120.00000762939453,128.6822052001953,8.682197570800781,60.0,-60.0,0.0,0.0,0.0
,outer3,3,71,bc2c,,,,,,90.0,0.0,180.0,180.0,0.0,0.0,0.0,0.0,0.0,0.0
,outer3,3,71,bc2c,,,,,,90.0,30.0,150.0,180.0,30.0,0.0,30.0,0.0,0.0,0.0
,outer3,3,71,bc2c,,,,,,90.0,60.0,180.0,30.000001907348633,-149.99999809265137,0.0,-150.0,0.0,0.0,0.0
,outer3,3,71,bc2c,,,,,,90.0,90.0,180.0,0.0,-180.0,0.0,-180.0,0.0,1.0,1.0
,outer3,3,71,bc2c,,,,,,90.0,120.0,150.0,120.00000762939453,-29.99999237060547,0.0,-30.0,0.0,0.0,0.0
,outer3,3,71,bc2c,,,,,,90.0,150.0,30.000001907348633,120.00000762939453,90.0000057220459,0.0,90.0,0.0,0.0,0.0
,outer3,3,71,bc2c,,,,,,90.0,180.0,0.0,0.0,0.0,0.0,0.0,1.0,1.0,0.0
,outer3,3,71,bc2c,,,,,,90.0,210.0,30.000001907348633,30.000001907348633,0.0,0.0,0.0,0.0,0.0,0.0
,outer3,3,71,bc2c,,,,,,90.0,240.0,0.0,150.0,150.0,0.0,150.0,1.0,0.0,-1.0
,outer3,3,71,bc2c,,,,,,90.0,270.0,0.0,180.0,180.0,0.0,180.0,1.0,0.0,-1.0
,outer3,3,71,bc2c,,,,,,90.0,300.0,30.000001907348633,60.000003814697266,30.000001907348633,0.0,30.0,0.0,0.0,0.0
,outer3,3,71,bc2c,,,,,,90.0,330.0,150.0,150.0,0.0,0.0,0.0,0.0,0.0,0.0
,outer3,3,71,bc2c,,,,,,120.0,0.0,0.0,29.99998664855957,29.99998664855957,30.0,0.0,1.0,0.0,-1.0
,outer3,3,71,bc2c,,,,,,120.0,30.0,82.81924438476562,0.0,-82.81924438476562,-60.0,-60.0,0.0,1.0,1.0
,outer3,3,71,bc2c,,,,,,120.0,60.0,0.0,0.0,0.0,0.0,0.0,1.0,1.0,0.0
,outer3,3,71,bc2c,,,,,,120.0,90.0,120.00000762939453,120.00000762939453,0.0,0.0,0.0,0.0,0.0,0.0
,outer3,3,71,bc2c,,,,,,120.0,120.0,120.00000762939453,120.00000762939453,0.0,0.0,0.0,0.0,0.0,0.0
,outer3,3,71,bc2c,,,,,,120.0,150.0,60.000003814697266,0.0,-60.000003814697266,-60.0,0.0,0.0,1.0,1.0
,outer3,3,71,bc2c,,,,,,120.0,180.0,0.0,90.0,90.0,90.0,0.0,1.0,0.0,-1.0
,outer3,3,71,bc2c,,,,,,120.0,210.0,120.00000762939453,51.31781005859375,-68.68219757080078,0.0,-120.0,0.0,0.0,0.0
,outer3,3,71,bc2c,,,,,,120.0,240.0,128.6822052001953,0.0,-128.6822052001953,-60.0,-120.0,0.0,1.0,1.0
,outer3,3,71,bc2c,,,,,,120.0,270.0,180.0,180.0,0.0,0.0,0.0,0.0,0.0,0.0
,outer3,3,71,bc2c,,,,,,120.0,300.0,128.68218994140625,0.0,-128.68218994140625,-60.0,-120.0,0.0,1.0,1.0
,outer3,3,71,bc2c,,,,,,120.0,330.0,128.6822052001953,120.00000762939453,-8.682197570800781,-60.0,60.0,0.0,0.0,0.0
,outer3,3,71,bc2c,,,,,,150.0,0.0,29.99998664855957,29.99998664855957,0.0,0.0,0.0,0.0,0.0,0.0
,outer3,3,71,bc2c,,,,,,150.0,30.0,128.68218994140625,60.000003814697266,-68.68218612670898,-120.0,120.0,0.0,0.0,0.0
,outer3,3,71,bc2c,,,,,,150.0,60.0,60.000003814697266,14.870942115783691,-45.129061698913574,0.0,-150.0,0.0,0.0,0.0
,outer3,3,71,bc2c,,,,,,150.0,90.0,57.7581901550293,60.000003814697266,2.2418136596679688,0.0,30.0,0.0,0.0,0.0
,outer3,3,71,bc2c,,,,,,150.0,120.0,64.34109497070312,49.49464416503906,-14.846450805664062,0.0,-30.0,0.0,0.0,0.0
,outer3,3,71,bc2c,,,,,,150.0,150.0,49.49464416503906,29.99998664855957,-19.494657516479492,0.0,-60.0,0.0,0.0,0.0
,outer3,3,71,bc2c,,,,,,150.0,180.0,120.00000762939453,29.99998664855957,-90.00002098083496,-30.0,-180.0,0.0,0.0,0.0
,outer3,3,71,bc2c,,,,,,150.0,210.0,120.00000762939453,0.0,-120.00000762939453,-60.0,-180.0,0.0,1.0,1.0
,outer3,3,71,bc2c,,,,,,150.0,240.0,120.00000762939453,120.00000762939453,0.0,0.0,0.0,0.0,0.0,0.0
,outer3,3,71,bc2c,,,,,,150.0,270.0,180.0,120.00000762939453,-59.99999237060547,0.0,-180.0,0.0,0.0,0.0
,outer3,3,71,bc2c,,,,,,150.0,300.0,130.50535583496094,29.99998664855957,-100.50536918640137,-60.0,-120.0,0.0,0.0,0.0
,outer3,3,71,bc2c,,,,,,150.0,330.0,86.67424774169922,102.50391387939453,15.829666137695312,60.0,-90.0,0.0,0.0,0.0
,outer3,3,72,b812,,,,,,30.0,0.0,0.0,0.0,0.0,0.0,0.0,1.0,1.0,0.0
,outer3,3,72,b812,,,,,,30.0,30.0,0.0,0.0,0.0,0.0,0.0,1.0,1.0,0.0
,outer3,3,72,b812,,,,,,30.0,60.0,0.0,0.0,0.0,0.0,0.0,1.0,1.0,0.0
,outer3,3,72,b812,,,,,,30.0,90.0,0.0,0.0,0.0,0.0,0.0,1.0,1.0,0.0
,outer3,3,72,b812,,,,,,30.0,120.0,0.0,0.0,0.0,0.0,0.0,1.0,1.0,0.0
,outer3,3,72,b812,,,,,,30.0,150.0,0.0,0.0,0.0,0.0,0.0,1.0,1.0,0.0
,outer3,3,72,b812,,,,,,30.0,180.0,0.0,0.0,0.0,0.0,0.0,1.0,1.0,0.0
,outer3,3,72,b812,,,,,,30.0,210.0,0.0,0.0,0.0,0.0,0.0,1.0,1.0,0.0
,outer3,3,72,b812,,,,,,30.0,240.0,0.0,0.0,0.0,0.0,0.0,1.0,1.0,0.0
,outer3,3,72,b812,,,,,,30.0,270.0,0.0,0.0,0.0,0.0,0.0,1.0,1.0,0.0
,outer3,3,72,b812,,,,,,30.0,300.0,0.0,0.0,0.0,0.0,0.0,1.0,1.0,0.0
,outer3,3,72,b812,,,,,,30.0,330.0,0.0,0.0,0.0,0.0,0.0,1.0,1.0,0.0
,outer3,3,72,b812,,,,,,60.0,0.0,0.0,0.0,0.0,0.0,0.0,1.0,1.0,0.0
,outer3,3,72,b812,,,,,,60.0,30.0,0.0,0.0,0.0,0.0,0.0,1.0,1.0,0.0
,outer3,3,72,b812,,,,,,60.0,60.0,0.0,0.0,0.0,0.0,0.0,1.0,1.0,0.0
,outer3,3,72,b812,,,,,,60.0,90.0,0.0,0.0,0.0,0.0,0.0,1.0,1.0,0.0
,outer3,3,72,b812,,,,,,60.0,120.0,0.0,0.0,0.0,0.0,0.0,1.0,1.0,0.0
,outer3,3,72,b812,,,,,,60.0,150.0,0.0,0.0,0.0,0.0,0.0,1.0,1.0,0.0
,outer3,3,72,b812,,,,,,60.0,180.0,0.0,0.0,0.0,0.0,0.0,1.0,1.0,0.0
,outer3,3,72,b812,,,,,,60.0,210.0,0.0,82.81924438476562,82.81924438476562,60.0,60.0,1.0,0.0,-1.0
,outer3,3,72,b812,,,,,,60.0,240.0,0.0,0.0,0.0,0.0,0.0,1.0,1.0,0.0
,outer3,3,72,b812,,,,,,60.0,270.0,0.0,0.0,0.0,0.0,0.0,1.0,1.0,0.0
,outer3,3,72,b812,,,,,,60.0,300.0,0.0,0.0,0.0,0.0,0.0,1.0,1.0,0.0
,outer3,3,72,b812,,,,,,60.0,330.0,0.0,25.905075073242188,25.905075073242188,0.0,30.0,1.0,0.0,-1.0
,outer3,3,72,b812,,,,,,90.0,0.0,0.0,180.0,180.0,0.0,180.0,1.0,0.0,-1.0
,outer3,3,72,b812,,,,,,90.0,30.0,120.00000762939453,0.0,-120.00000762939453,0.0,-120.0,0.0,1.0,1.0
,outer3,3,72,b812,,,,,,90.0,60.0,0.0,180.0,180.0,0.0,180.0,1.0,0.0,-1.0
,outer3,3,72,b812,,,,,,90.0,90.0,0.0,180.0,180.0,0.0,180.0,1.0,0.0,-1.0
,outer3,3,72,b812,,,,,,90.0,120.0,0.0,0.0,0.0,0.0,0.0,1.0,1.0,0.0
,outer3,3,72,b812,,,,,,90.0,150.0,180.0,0.0,-180.0,0.0,-180.0,0.0,1.0,1.0
,outer3,3,72,b812,,,,,,90.0,180.0,180.0,0.0,-180.0,0.0,-180.0,0.0,1.0,1.0
,outer3,3,72,b812,,,,,,90.0,210.0,0.0,0.0,0.0,0.0,0.0,1.0,1.0,0.0
,outer3,3,72,b812,,,,,,90.0,240.0,0.0,0.0,0.0,0.0,0.0,1.0,1.0,0.0
,outer3,3,72,b812,,,,,,90.0,270.0,0.0,0.0,0.0,0.0,0.0,1.0,1.0,0.0
,outer3,3,72,b812,,,,,,90.0,300.0,0.0,0.0,0.0,0.0,0.0,1.0,1.0,0.0
,outer3,3,72,b812,,,,,,90.0,330.0,0.0,180.0,180.0,0.0,180.0,1.0,0.0,-1.0
,outer3,3,72,b812,,,,,,120.0,0.0,0.0,0.0,0.0,0.0,0.0,1.0,1.0,0.0
,outer3,3,72,b812,,,,,,120.0,30.0,0.0,0.0,0.0,0.0,0.0,1.0,1.0,0.0
,outer3,3,72,b812,,,,,,120.0,60.0,0.0,0.0,0.0,0.0,0.0,1.0,1.0,0.0
,outer3,3,72,b812,,,,,,120.0,90.0,0.0,0.0,0.0,0.0,0.0,1.0,1.0,0.0
,outer3,3,72,b812,,,,,,120.0,120.0,0.0,0.0,0.0,0.0,0.0,1.0,1.0,0.0
,outer3,3,72,b812,,,,,,120.0,150.0,0.0,0.0,0.0,0.0,0.0,1.0,1.0,0.0
,outer3,3,72,b812,,,,,,120.0,180.0,0.0,0.0,0.0,0.0,0.0,1.0,1.0,0.0
,outer3,3,72,b812,,,,,,120.0,210.0,0.0,25.905075073242188,25.905075073242188,0.0,30.0,1.0,0.0,-1.0
,outer3,3,72,b812,,,,,,120.0,240.0,0.0,0.0,0.0,0.0,0.0,1.0,1.0,0.0
,outer3,3,72,b812,,,,,,120.0,270.0,0.0,0.0,0.0,0.0,0.0,1.0,1.0,0.0
,outer3,3,72,b812,,,,,,120.0,300.0,0.0,0.0,0.0,0.0,0.0,1.0,1.0,0.0
,outer3,3,72,b812,,,,,,120.0,330.0,0.0,0.0,0.0,0.0,0.0,1.0,1.0,0.0
,outer3,3,72,b812,,,,,,150.0,0.0,0.0,0.0,0.0,0.0,0.0,1.0,1.0,0.0
,outer3,3,72,b812,,,,,,150.0,30.0,0.0,0.0,0.0,0.0,0.0,1.0,1.0,0.0
,outer3,3,72,b812,,,,,,150.0,60.0,0.0,0.0,0.0,0.0,0.0,1.0,1.0,0.0
,outer3,3,72,b812,,,,,,150.0,90.0,0.0,0.0,0.0,0.0,0.0,1.0,1.0,0.0
,outer3,3,72,b812,,,,,,150.0,120.0,0.0,0.0,0.0,0.0,0.0,1.0,1.0,0.0
,outer3,3,72,b812,,,,,,150.0,150.0,0.0,0.0,0.0,0.0,0.0,1.0,1.0,0.0
,outer3,3,72,b812,,,,,,150.0,180.0,0.0,0.0,0.0,0.0,0.0,1.0,1.0,0.0
,outer3,3,72,b812,,,,,,150.0,210.0,0.0,0.0,0.0,0.0,0.0,1.0,1.0,0.0
,outer3,3,72,b812,,,,,,150.0,240.0,0.0,0.0,0.0,0.0,0.0,1.0,1.0,0.0
,outer3,3,72,b812,,,,,,150.0,270.0,0.0,0.0,0.0,0.0,0.0,1.0,1.0,0.0
,outer3,3,72,b812,,,,,,150.0,300.0,0.0,0.0,0.0,0.0,0.0,1.0,1.0,0.0
,outer3,3,72,b812,,,,,,150.0,330.0,0.0,0.0,0.0,0.0,0.0,1.0,1.0,0.0
,outer3,3,72,b943,,,,,,30.0,0.0,0.0,0.0,0.0,0.0,0.0,1.0,1.0,0.0
,outer3,3,72,b943,,,,,,30.0,30.0,0.0,0.0,0.0,0.0,0.0,1.0,1.0,0.0
,outer3,3,72,b943,,,,,,30.0,60.0,0.0,0.0,0.0,0.0,0.0,1.0,1.0,0.0
,outer3,3,72,b943,,,,,,30.0,90.0,0.0,0.0,0.0,0.0,0.0,1.0,1.0,0.0
,outer3,3,72,b943,,,,,,30.0,120.0,0.0,0.0,0.0,0.0,0.0,1.0,1.0,0.0
,outer3,3,72,b943,,,,,,30.0,150.0,0.0,0.0,0.0,0.0,0.0,1.0,1.0,0.0
,outer3,3,72,b943,,,,,,30.0,180.0,0.0,0.0,0.0,0.0,0.0,1.0,1.0,0.0
,outer3,3,72,b943,,,,,,30.0,210.0,0.0,14.870942115783691,14.870942115783691,0.0,30.0,1.0,0.0,-1.0
,outer3,3,72,b943,,,,,,30.0,240.0,0.0,0.0,0.0,0.0,0.0,1.0,1.0,0.0
,outer3,3,72,b943,,,,,,30.0,270.0,0.0,0.0,0.0,0.0,0.0,1.0,1.0,0.0
,outer3,3,72,b943,,,,,,30.0,300.0,0.0,0.0,0.0,0.0,0.0,1.0,1.0,0.0
,outer3,3,72,b943,,,,,,30.0,330.0,0.0,0.0,0.0,0.0,0.0,1.0,1.0,0.0
,outer3,3,72,b943,,,,,,60.0,0.0,0.0,0.0,0.0,0.0,0.0,1.0,1.0,0.0
,outer3,3,72,b943,,,,,,60.0,30.0,0.0,0.0,0.0,0.0,0.0,1.0,1.0,0.0
,outer3,3,72,b943,,,,,,60.0,60.0,0.0,0.0,0.0,0.0,0.0,1.0,1.0,0.0
,outer3,3,72,b943,,,,,,60.0,90.0,0.0,0.0,0.0,0.0,0.0,1.0,1.0,0.0
,outer3,3,72,b943,,,,,,60.0,120.0,0.0,0.0,0.0,0.0,0.0,1.0,1.0,0.0
,outer3,3,72,b943,,,,,,60.0,150.0,0.0,0.0,0.0,0.0,0.0,1.0,1.0,0.0
,outer3,3,72,b943,,,,,,60.0,180.0,0.0,30.000001907348633,30.000001907348633,30.0,0.0,1.0,0.0,-1.0
,outer3,3,72,b943,,,,,,60.0,210.0,0.0,0.0,0.0,0.0,0.0,1.0,1.0,0.0
,outer3,3,72,b943,,,,,,60.0,240.0,97.1807632446289,0.0,-97.1807632446289,0.0,-120.0,0.0,1.0,1.0
,outer3,3,72,b943,,,,,,60.0,270.0,25.905075073242188,0.0,-25.905075073242188,0.0,-30.0,0.0,1.0,1.0
,outer3,3,72,b943,,,,,,60.0,300.0,0.0,0.0,0.0,0.0,0.0,1.0,1.0,0.0
,outer3,3,72,b943,,,,,,60.0,330.0,0.0,0.0,0.0,0.0,0.0,1.0,1.0,0.0
,outer3,3,72,b943,,,,,,90.0,0.0,0.0,180.0,180.0,0.0,180.0,1.0,0.0,-1.0
,outer3,3,72,b943,,,,,,90.0,30.0,180.0,0.0,-180.0,0.0,-180.0,0.0,1.0,1.0
,outer3,3,72,b943,,,,,,90.0,60.0,60.000003814697266,119.99999237060547,59.9999885559082,0.0,60.0,0.0,0.0,0.0
,outer3,3,72,b943,,,,,,90.0,90.0,180.0,0.0,-180.0,0.0,-180.0,0.0,1.0,1.0
,outer3,3,72,b943,,,,,,90.0,120.0,180.0,180.0,0.0,0.0,0.0,0.0,0.0,0.0
,outer3,3,72,b943,,,,,,90.0,150.0,60.000003814697266,180.0,119.99999618530273,0.0,120.0,0.0,0.0,0.0
,outer3,3,72,b943,,,,,,90.0,180.0,180.0,0.0,-180.0,0.0,-180.0,0.0,1.0,1.0
,outer3,3,72,b943,,,,,,90.0,210.0,0.0,0.0,0.0,0.0,0.0,1.0,1.0,0.0
,outer3,3,72,b943,,,,,,90.0,240.0,60.000003814697266,60.000003814697266,0.0,0.0,0.0,0.0,0.0,0.0
,outer3,3,72,b943,,,,,,90.0,270.0,0.0,0.0,0.0,0.0,0.0,1.0,1.0,0.0
,outer3,3,72,b943,,,,,,90.0,300.0,0.0,0.0,0.0,0.0,0.0,1.0,1.0,0.0
,outer3,3,72,b943,,,,,,90.0,330.0,60.00000762939453,0.0,-60.00000762939453,0.0,-60.0,0.0,1.0,1.0
,outer3,3,72,b943,,,,,,120.0,0.0,0.0,0.0,0.0,0.0,0.0,1.0,1.0,0.0
,outer3,3,72,b943,,,,,,120.0,30.0,0.0,0.0,0.0,0.0,0.0,1.0,1.0,0.0
,outer3,3,72,b943,,,,,,120.0,60.0,0.0,0.0,0.0,0.0,0.0,1.0,1.0,0.0
,outer3,3,72,b943,,,,,,120.0,90.0,0.0,0.0,0.0,0.0,0.0,1.0,1.0,0.0
,outer3,3,72,b943,,,,,,120.0,120.0,0.0,0.0,0.0,0.0,0.0,1.0,1.0,0.0
,outer3,3,72,b943,,,,,,120.0,150.0,0.0,0.0,0.0,0.0,0.0,1.0,1.0,0.0
,outer3,3,72,b943,,,,,,120.0,180.0,0.0,0.0,0.0,0.0,0.0,1.0,1.0,0.0
,outer3,3,72,b943,,,,,,120.0,210.0,29.99998664855957,60.000003814697266,30.000017166137695,30.0,0.0,0.0,0.0,0.0
,outer3,3,72,b943,,,,,,120.0,240.0,0.0,0.0,0.0,0.0,0.0,1.0,1.0,0.0
,outer3,3,72,b943,,,,,,120.0,270.0,0.0,0.0,0.0,0.0,0.0,1.0,1.0,0.0
,outer3,3,72,b943,,,,,,120.0,300.0,0.0,0.0,0.0,0.0,0.0,1.0,1.0,0.0
,outer3,3,72,b943,,,,,,120.0,330.0,0.0,0.0,0.0,0.0,0.0,1.0,1.0,0.0
,outer3,3,72,b943,,,,,,150.0,0.0,0.0,0.0,0.0,0.0,0.0,1.0,1.0,0.0
,outer3,3,72,b943,,,,,,150.0,30.0,0.0,0.0,0.0,0.0,0.0,1.0,1.0,0.0
,outer3,3,72,b943,,,,,,150.0,60.0,0.0,0.0,0.0,0.0,0.0,1.0,1.0,0.0
,outer3,3,72,b943,,,,,,150.0,90.0,0.0,0.0,0.0,0.0,0.0,1.0,1.0,0.0
,outer3,3,72,b943,,,,,,150.0,120.0,0.0,0.0,0.0,0.0,0.0,1.0,1.0,0.0
,outer3,3,72,b943,,,,,,150.0,150.0,0.0,0.0,0.0,0.0,0.0,1.0,1.0,0.0
,outer3,3,72,b943,,,,,,150.0,180.0,0.0,0.0,0.0,0.0,0.0,1.0,1.0,0.0
,outer3,3,72,b943,,,,,,150.0,210.0,0.0,0.0,0.0,0.0,0.0,1.0,1.0,0.0
,outer3,3,72,b943,,,,,,150.0,240.0,0.0,0.0,0.0,0.0,0.0,1.0,1.0,0.0
,outer3,3,72,b943,,,,,,150.0,270.0,0.0,0.0,0.0,0.0,0.0,1.0,1.0,0.0
,outer3,3,72,b943,,,,,,150.0,300.0,0.0,0.0,0.0,0.0,0.0,1.0,1.0,0.0
,outer3,3,72,b943,,,,,,150.0,330.0,0.0,0.0,0.0,0.0,0.0,1.0,1.0,0.0
,outer3,3,72,b974,,,,,,30.0,0.0,0.0,0.0,0.0,0.0,0.0,1.0,1.0,0.0
,outer3,3,72,b974,,,,,,30.0,30.0,0.0,0.0,0.0,0.0,0.0,1.0,1.0,0.0
,outer3,3,72,b974,,,,,,30.0,60.0,0.0,0.0,0.0,0.0,0.0,1.0,1.0,0.0
,outer3,3,72,b974,,,,,,30.0,90.0,0.0,0.0,0.0,0.0,0.0,1.0,1.0,0.0
,outer3,3,72,b974,,,,,,30.0,120.0,0.0,0.0,0.0,0.0,0.0,1.0,1.0,0.0
,outer3,3,72,b974,,,,,,30.0,150.0,0.0,0.0,0.0,0.0,0.0,1.0,1.0,0.0
,outer3,3,72,b974,,,,,,30.0,180.0,0.0,0.0,0.0,0.0,0.0,1.0,1.0,0.0
,outer3,3,72,b974,,,,,,30.0,210.0,0.0,0.0,0.0,0.0,0.0,1.0,1.0,0.0
,outer3,3,72,b974,,,,,,30.0,240.0,0.0,0.0,0.0,0.0,0.0,1.0,1.0,0.0
,outer3,3,72,b974,,,,,,30.0,270.0,0.0,0.0,0.0,0.0,0.0,1.0,1.0,0.0
,outer3,3,72,b974,,,,,,30.0,300.0,0.0,0.0,0.0,0.0,0.0,1.0,1.0,0.0
,outer3,3,72,b974,,,,,,30.0,330.0,0.0,0.0,0.0,0.0,0.0,1.0,1.0,0.0
,outer3,3,72,b974,,,,,,60.0,0.0,0.0,0.0,0.0,0.0,0.0,1.0,1.0,0.0
,outer3,3,72,b974,,,,,,60.0,30.0,0.0,0.0,0.0,0.0,0.0,1.0,1.0,0.0
,outer3,3,72,b974,,,,,,60.0,60.0,0.0,0.0,0.0,0.0,0.0,1.0,1.0,0.0
,outer3,3,72,b974,,,,,,60.0,90.0,0.0,0.0,0.0,0.0,0.0,1.0,1.0,0.0
,outer3,3,72,b974,,,,,,60.0,120.0,0.0,0.0,0.0,0.0,0.0,1.0,1.0,0.0
,outer3,3,72,b974,,,,,,60.0,150.0,0.0,51.31781005859375,51.31781005859375,0.0,60.0,1.0,0.0,-1.0
,outer3,3,72,b974,,,,,,60.0,180.0,0.0,0.0,0.0,0.0,0.0,1.0,1.0,0.0
,outer3,3,72,b974,,,,,,60.0,210.0,0.0,0.0,0.0,0.0,0.0,1.0,1.0,0.0
,outer3,3,72,b974,,,,,,60.0,240.0,0.0,0.0,0.0,0.0,0.0,1.0,1.0,0.0
,outer3,3,72,b974,,,,,,60.0,270.0,0.0,0.0,0.0,0.0,0.0,1.0,1.0,0.0
,outer3,3,72,b974,,,,,,60.0,300.0,0.0,0.0,0.0,0.0,0.0,1.0,1.0,0.0
,outer3,3,72,b974,,,,,,60.0,330.0,0.0,0.0,0.0,0.0,0.0,1.0,1.0,0.0
,outer3,3,72,b974,,,,,,90.0,0.0,180.0,180.0,0.0,0.0,0.0,0.0,0.0,0.0
,outer3,3,72,b974,,,,,,90.0,30.0,0.0,0.0,0.0,0.0,0.0,1.0,1.0,0.0
,outer3,3,72,b974,,,,,,90.0,60.0,0.0,0.0,0.0,0.0,0.0,1.0,1.0,0.0
,outer3,3,72,b974,,,,,,90.0,90.0,180.0,180.0,0.0,0.0,0.0,0.0,0.0,0.0
,outer3,3,72,b974,,,,,,90.0,120.0,0.0,180.0,180.0,0.0,180.0,1.0,0.0,-1.0
,outer3,3,72,b974,,,,,,90.0,150.0,180.0,0.0,-180.0,0.0,-180.0,0.0,1.0,1.0
,outer3,3,72,b974,,,,,,90.0,180.0,0.0,0.0,0.0,0.0,0.0,1.0,1.0,0.0
,outer3,3,72,b974,,,,,,90.0,210.0,0.0,0.0,0.0,0.0,0.0,1.0,1.0,0.0
,outer3,3,72,b974,,,,,,90.0,240.0,0.0,0.0,0.0,0.0,0.0,1.0,1.0,0.0
,outer3,3,72,b974,,,,,,90.0,270.0,0.0,0.0,0.0,0.0,0.0,1.0,1.0,0.0
,outer3,3,72,b974,,,,,,90.0,300.0,0.0,0.0,0.0,0.0,0.0,1.0,1.0,0.0
,outer3,3,72,b974,,,,,,90.0,330.0,0.0,0.0,0.0,0.0,0.0,1.0,1.0,0.0
,outer3,3,72,b974,,,,,,120.0,0.0,0.0,0.0,0.0,0.0,0.0,1.0,1.0,0.0
,outer3,3,72,b974,,,,,,120.0,30.0,0.0,0.0,0.0,0.0,0.0,1.0,1.0,0.0
,outer3,3,72,b974,,,,,,120.0,60.0,0.0,0.0,0.0,0.0,0.0,1.0,1.0,0.0
,outer3,3,72,b974,,,,,,120.0,90.0,0.0,0.0,0.0,0.0,0.0,1.0,1.0,0.0
,outer3,3,72,b974,,,,,,120.0,120.0,0.0,0.0,0.0,0.0,0.0,1.0,1.0,0.0
,outer3,3,72,b974,,,,,,120.0,150.0,0.0,0.0,0.0,0.0,0.0,1.0,1.0,0.0
,outer3,3,72,b974,,,,,,120.0,180.0,0.0,0.0,0.0,0.0,0.0,1.0,1.0,0.0
,outer3,3,72,b974,,,,,,120.0,210.0,0.0,0.0,0.0,0.0,0.0,1.0,1.0,0.0
,outer3,3,72,b974,,,,,,120.0,240.0,0.0,0.0,0.0,0.0,0.0,1.0,1.0,0.0
,outer3,3,72,b974,,,,,,120.0,270.0,0.0,60.000003814697266,60.000003814697266,60.0,0.0,1.0,0.0,-1.0
,outer3,3,72,b974,,,,,,120.0,300.0,0.0,0.0,0.0,0.0,0.0,1.0,1.0,0.0
,outer3,3,72,b974,,,,,,120.0,330.0,0.0,0.0,0.0,0.0,0.0,1.0,1.0,0.0
,outer3,3,72,b974,,,,,,150.0,0.0,0.0,0.0,0.0,0.0,0.0,1.0,1.0,0.0
,outer3,3,72,b974,,,,,,150.0,30.0,0.0,0.0,0.0,0.0,0.0,1.0,1.0,0.0
,outer3,3,72,b974,,,,,,150.0,60.0,0.0,0.0,0.0,0.0,0.0,1.0,1.0,0.0
,outer3,3,72,b974,,,,,,150.0,90.0,0.0,0.0,0.0,0.0,0.0,1.0,1.0,0.0
,outer3,3,72,b974,,,,,,150.0,120.0,0.0,0.0,0.0,0.0,0.0,1.0,1.0,0.0
,outer3,3,72,b974,,,,,,150.0,150.0,0.0,0.0,0.0,0.0,0.0,1.0,1.0,0.0
,outer3,3,72,b974,,,,,,150.0,180.0,0.0,0.0,0.0,0.0,0.0,1.0,1.0,0.0
,outer3,3,72,b974,,,,,,150.0,210.0,0.0,0.0,0.0,0.0,0.0,1.0,1.0,0.0
,outer3,3,72,b974,,,,,,150.0,240.0,0.0,0.0,0.0,0.0,0.0,1.0,1.0,0.0
,outer3,3,72,b974,,,,,,150.0,270.0,0.0,0.0,0.0,0.0,0.0,1.0,1.0,0.0
,outer3,3,72,b974,,,,,,150.0,300.0,0.0,0.0,0.0,0.0,0.0,1.0,1.0,0.0
,outer3,3,72,b974,,,,,,150.0,330.0,0.0,0.0,0.0,0.0,0.0,1.0,1.0,0.0
,outer3,3,72,b97b,,,,,,30.0,0.0,30.000001907348633,0.0,-30.000001907348633,-30.0,0.0,0.0,1.0,1.0
,outer3,3,72,b97b,,,,,,30.0,30.0,0.0,120.00000762939453,120.00000762939453,120.0,0.0,1.0,0.0,-1.0
,outer3,3,72,b97b,,,,,,30.0,60.0,0.0,0.0,0.0,0.0,0.0,1.0,1.0,0.0
,outer3,3,72,b97b,,,,,,30.0,90.0,0.0,0.0,0.0,0.0,0.0,1.0,1.0,0.0
,outer3,3,72,b97b,,,,,,30.0,120.0,0.0,0.0,0.0,0.0,0.0,1.0,1.0,0.0
,outer3,3,72,b97b,,,,,,30.0,150.0,60.000003814697266,14.870942115783691,-45.129061698913574,0.0,-150.0,0.0,0.0,0.0
,outer3,3,72,b97b,,,,,,30.0,180.0,30.000001907348633,30.000001907348633,0.0,0.0,0.0,0.0,0.0,0.0
,outer3,3,72,b97b,,,,,,30.0,210.0,0.0,0.0,0.0,0.0,0.0,1.0,1.0,0.0
,outer3,3,72,b97b,,,,,,30.0,240.0,0.0,151.04498291015625,151.04498291015625,120.0,120.0,1.0,0.0,-1.0
,outer3,3,72,b97b,,,,,,30.0,270.0,0.0,60.000003814697266,60.000003814697266,0.0,180.0,1.0,0.0,-1.0
,outer3,3,72,b97b,,,,,,30.0,300.0,0.0,0.0,0.0,0.0,0.0,1.0,1.0,0.0
,outer3,3,72,b97b,,,,,,30.0,330.0,0.0,0.0,0.0,0.0,0.0,1.0,1.0,0.0
,outer3,3,72,b97b,,,,,,60.0,0.0,120.00000762939453,150.0,29.99999237060547,90.0,0.0,0.0,0.0,0.0
,outer3,3,72,b97b,,,,,,60.0,30.0,0.0,0.0,0.0,0.0,0.0,1.0,1.0,0.0
,outer3,3,72,b97b,,,,,,60.0,60.0,0.0,0.0,0.0,0.0,0.0,1.0,1.0,0.0
,outer3,3,72,b97b,,,,,,60.0,90.0,0.0,0.0,0.0,0.0,0.0,1.0,1.0,0.0
,outer3,3,72,b97b,,,,,,60.0,120.0,0.0,0.0,0.0,0.0,0.0,1.0,1.0,0.0
,outer3,3,72,b97b,,,,,,60.0,150.0,0.0,51.31781005859375,51.31781005859375,0.0,60.0,1.0,0.0,-1.0
,outer3,3,72,b97b,,,,,,60.0,180.0,0.0,0.0,0.0,0.0,0.0,1.0,1.0,0.0
,outer3,3,72,b97b,,,,,,60.0,210.0,0.0,0.0,0.0,0.0,0.0,1.0,1.0,0.0
,outer3,3,72,b97b,,,,,,60.0,240.0,97.1807632446289,0.0,-97.1807632446289,0.0,-120.0,0.0,1.0,1.0
,outer3,3,72,b97b,,,,,,60.0,270.0,0.0,120.00000762939453,120.00000762939453,0.0,180.0,1.0,0.0,-1.0
,outer3,3,72,b97b,,,,,,60.0,300.0,0.0,0.0,0.0,0.0,0.0,1.0,1.0,0.0
,outer3,3,72,b97b,,,,,,60.0,330.0,0.0,0.0,0.0,0.0,0.0,1.0,1.0,0.0
,outer3,3,72,b97b,,,,,,90.0,0.0,0.0,0.0,0.0,0.0,0.0,1.0,1.0,0.0
,outer3,3,72,b97b,,,,,,90.0,30.0,0.0,0.0,0.0,0.0,0.0,1.0,1.0,0.0
,outer3,3,72,b97b,,,,,,90.0,60.0,0.0,180.0,180.0,0.0,180.0,1.0,0.0,-1.0
,outer3,3,72,b97b,,,,,,90.0,90.0,180.0,0.0,-180.0,0.0,-180.0,0.0,1.0,1.0
,outer3,3,72,b97b,,,,,,90.0,120.0,120.00000762939453,0.0,-120.00000762939453,0.0,-120.0,0.0,1.0,1.0
,outer3,3,72,b97b,,,,,,90.0,150.0,120.00000762939453,0.0,-120.00000762939453,0.0,-120.0,0.0,1.0,1.0
,outer3,3,72,b97b,,,,,,90.0,180.0,180.0,180.0,0.0,0.0,0.0,0.0,0.0,0.0
,outer3,3,72,b97b,,,,,,90.0,210.0,180.0,180.0,0.0,0.0,0.0,0.0,0.0,0.0
,outer3,3,72,b97b,,,,,,90.0,240.0,0.0,0.0,0.0,0.0,0.0,1.0,1.0,0.0
,outer3,3,72,b97b,,,,,,90.0,270.0,180.0,180.0,0.0,0.0,0.0,0.0,0.0,0.0
,outer3,3,72,b97b,,,,,,90.0,300.0,60.000003814697266,0.0,-60.000003814697266,0.0,-60.0,0.0,1.0,1.0
,outer3,3,72,b97b,,,,,,90.0,330.0,60.00000762939453,180.0,119.99999237060547,0.0,120.0,0.0,0.0,0.0
,outer3,3,72,b97b,,,,,,120.0,0.0,0.0,90.0,90.0,30.0,180.0,1.0,0.0,-1.0
,outer3,3,72,b97b,,,,,,120.0,30.0,0.0,0.0,0.0,0.0,0.0,1.0,1.0,0.0
,outer3,3,72,b97b,,,,,,120.0,60.0,0.0,0.0,0.0,0.0,0.0,1.0,1.0,0.0
,outer3,3,72,b97b,,,,,,120.0,90.0,0.0,0.0,0.0,0.0,0.0,1.0,1.0,0.0
,outer3,3,72,b97b,,,,,,120.0,120.0,0.0,0.0,0.0,0.0,0.0,1.0,1.0,0.0
,outer3,3,72,b97b,,,,,,120.0,150.0,0.0,82.81924438476562,82.81924438476562,60.0,60.0,1.0,0.0,-1.0
,outer3,3,72,b97b,,,,,,120.0,180.0,0.0,29.99998664855957,29.99998664855957,30.0,0.0,1.0,0.0,-1.0
,outer3,3,72,b97b,,,,,,120.0,210.0,29.99998664855957,0.0,-29.99998664855957,-30.0,0.0,0.0,1.0,1.0
,outer3,3,72,b97b,,,,,,120.0,240.0,0.0,0.0,0.0,0.0,0.0,1.0,1.0,0.0
,outer3,3,72,b97b,,,,,,120.0,270.0,0.0,180.0,180.0,60.0,180.0,1.0,0.0,-1.0
,outer3,3,72,b97b,,,,,,120.0,300.0,29.99998664855957,0.0,-29.99998664855957,-30.0,0.0,0.0,1.0,1.0
,outer3,3,72,b97b,,,,,,120.0,330.0,0.0,0.0,0.0,0.0,0.0,1.0,1.0,0.0
,outer3,3,72,b97b,,,,,,150.0,0.0,29.99998664855957,29.99998664855957,0.0,0.0,0.0,0.0,0.0,0.0
,outer3,3,72,b97b,,,,,,150.0,30.0,0.0,0.0,0.0,0.0,0.0,1.0,1.0,0.0
,outer3,3,72,b97b,,,,,,150.0,60.0,0.0,0.0,0.0,0.0,0.0,1.0,1.0,0.0
,outer3,3,72,b97b,,,,,,150.0,90.0,0.0,0.0,0.0,0.0,0.0,1.0,1.0,0.0
,outer3,3,72,b97b,,,,,,150.0,120.0,0.0,0.0,0.0,0.0,0.0,1.0,1.0,0.0
,outer3,3,72,b97b,,,,,,150.0,150.0,0.0,180.0,180.0,120.0,180.0,1.0,0.0,-1.0
,outer3,3,72,b97b,,,,,,150.0,180.0,0.0,29.99998664855957,29.99998664855957,30.0,0.0,1.0,0.0,-1.0
,outer3,3,72,b97b,,,,,,150.0,210.0,0.0,0.0,0.0,0.0,0.0,1.0,1.0,0.0
,outer3,3,72,b97b,,,,,,150.0,240.0,0.0,0.0,0.0,0.0,0.0,1.0,1.0,0.0
,outer3,3,72,b97b,,,,,,150.0,270.0,0.0,180.0,180.0,120.0,180.0,1.0,0.0,-1.0
,outer3,3,72,b97b,,,,,,150.0,300.0,0.0,0.0,0.0,0.0,0.0,1.0,1.0,0.0
,outer3,3,72,b97b,,,,,,150.0,330.0,0.0,0.0,0.0,0.0,0.0,1.0,1.0,0.0
,outer3,3,72,bc2c,,,,,,30.0,0.0,30.000001907348633,86.67425537109375,56.67425346374512,0.0,150.0,0.0,0.0,0.0
,outer3,3,72,bc2c,,,,,,30.0,30.0,90.0,57.7581901550293,-32.2418098449707,-90.0,150.0,0.0,0.0,0.0
,outer3,3,72,bc2c,,,,,,30.0,60.0,0.0,60.000003814697266,60.000003814697266,0.0,180.0,1.0,0.0,-1.0
,outer3,3,72,bc2c,,,,,,30.0,90.0,57.7581901550293,122.24180603027344,64.48361587524414,120.0,-120.0,0.0,0.0,0.0
,outer3,3,72,bc2c,,,,,,30.0,120.0,77.49609375,86.67425537109375,9.17816162109375,0.0,30.0,0.0,0.0,0.0
,outer3,3,72,bc2c,,,,,,30.0,150.0,36.097782135009766,93.32575225830078,57.227970123291016,60.0,0.0,0.0,0.0,0.0
,outer3,3,72,bc2c,,,,,,30.0,180.0,30.000001907348633,30.000001907348633,0.0,0.0,0.0,0.0,0.0,0.0
,outer3,3,72,bc2c,,,,,,30.0,210.0,49.494651794433594,165.12905883789062,115.63440704345703,90.0,90.0,0.0,0.0,0.0
,outer3,3,72,bc2c,,,,,,30.0,240.0,0.0,0.0,0.0,0.0,0.0,1.0,1.0,0.0
,outer3,3,72,bc2c,,,,,,30.0,270.0,165.12905883789062,14.870942115783691,-150.25811672210693,-120.0,-120.0,0.0,0.0,0.0
,outer3,3,72,bc2c,,,,,,30.0,300.0,60.000003814697266,36.097782135009766,-23.9022216796875,-30.0,30.0,0.0,0.0,0.0
,outer3,3,72,bc2c,,,,,,30.0,330.0,143.9022216796875,130.50535583496094,-13.396865844726562,0.0,-30.0,0.0,0.0,0.0
,outer3,3,72,bc2c,,,,,,60.0,0.0,0.0,90.0,90.0,30.0,180.0,1.0,0.0,-1.0
,outer3,3,72,bc2c,,,,,,60.0,30.0,66.45188903808594,77.49609375,11.044204711914062,-30.0,90.0,0.0,0.0,0.0
,outer3,3,72,bc2c,,,,,,60.0,60.0,25.905075073242188,25.905075073242188,0.0,0.0,0.0,0.0,0.0,0.0
,outer3,3,72,bc2c,,,,,,60.0,90.0,113.5481185913086,120.00000762939453,6.4518890380859375,0.0,30.0,0.0,0.0,0.0
,outer3,3,72,bc2c,,,,,,60.0,120.0,97.1807632446289,113.54812622070312,16.36736297607422,0.0,30.0,0.0,0.0,0.0
,outer3,3,72,bc2c,,,,,,60.0,150.0,82.81924438476562,90.0,7.180755615234375,30.0,-60.0,0.0,0.0,0.0
,outer3,3,72,bc2c,,,,,,60.0,180.0,120.00000762939453,30.000001907348633,-90.0000057220459,30.0,-180.0,0.0,0.0,0.0
,outer3,3,72,bc2c,,,,,,60.0,210.0,97.1807632446289,86.67425537109375,-10.506507873535156,30.0,30.0,0.0,0.0,0.0
,outer3,3,72,bc2c,,,,,,60.0,240.0,60.000003814697266,60.000003814697266,0.0,0.0,0.0,0.0,0.0,0.0
,outer3,3,72,bc2c,,,,,,60.0,270.0,150.0,90.0,-60.0,-60.0,0.0,0.0,0.0,0.0
,outer3,3,72,bc2c,,,,,,60.0,300.0,128.68218994140625,66.45188903808594,-62.23030090332031,0.0,-90.0,0.0,0.0,0.0
,outer3,3,72,bc2c,,,,,,60.0,330.0,120.00000762939453,60.000003814697266,-60.000003814697266,60.0,-180.0,0.0,0.0,0.0
,outer3,3,72,bc2c,,,,,,90.0,0.0,150.0,138.59039306640625,-11.40960693359375,0.0,-30.0,0.0,0.0,0.0
,outer3,3,72,bc2c,,,,,,90.0,30.0,150.0,150.0,0.0,30.0,30.0,0.0,0.0,0.0
,outer3,3,72,bc2c,,,,,,90.0,60.0,180.0,119.99999237060547,-60.00000762939453,0.0,-60.0,0.0,0.0,0.0
,outer3,3,72,bc2c,,,,,,90.0,90.0,180.0,0.0,-180.0,0.0,-180.0,0.0,1.0,1.0
,outer3,3,72,bc2c,,,,,,90.0,120.0,120.00000762939453,120.00000762939453,0.0,0.0,0.0,0.0,0.0,0.0
,outer3,3,72,bc2c,,,,,,90.0,150.0,30.000001907348633,41.40962219238281,11.40962028503418,30.0,0.0,0.0,0.0,0.0
,outer3,3,72,bc2c,,,,,,90.0,180.0,30.000001907348633,30.000001907348633,0.0,0.0,0.0,0.0,0.0,0.0
,outer3,3,72,bc2c,,,,,,90.0,210.0,30.000001907348633,0.0,-30.000001907348633,0.0,-30.0,0.0,1.0,1.0
,outer3,3,72,bc2c,,,,,,90.0,240.0,0.0,60.000003814697266,60.000003814697266,0.0,60.0,1.0,0.0,-1.0
,outer3,3,72,bc2c,,,,,,90.0,270.0,0.0,180.0,180.0,0.0,180.0,1.0,0.0,-1.0
,outer3,3,72,bc2c,,,,,,90.0,300.0,60.000003814697266,60.000003814697266,0.0,0.0,0.0,0.0,0.0,0.0
,outer3,3,72,bc2c,,,,,,90.0,330.0,150.0,138.59039306640625,-11.40960693359375,30.0,0.0,0.0,0.0,0.0
,outer3,3,72,bc2c,,,,,,120.0,0.0,0.0,90.0,90.0,30.0,180.0,1.0,0.0,-1.0
,outer3,3,72,bc2c,,,,,,120.0,30.0,82.81924438476562,51.31781005859375,-31.501434326171875,-60.0,0.0,0.0,0.0,0.0
,outer3,3,72,bc2c,,,,,,120.0,60.0,25.905075073242188,0.0,-25.905075073242188,0.0,-30.0,0.0,1.0,1.0
,outer3,3,72,bc2c,,,,,,120.0,90.0,120.00000762939453,25.905075073242188,-94.09493255615234,0.0,-150.0,0.0,0.0,0.0
,outer3,3,72,bc2c,,,,,,120.0,120.0,120.00000762939453,97.18075561523438,-22.819252014160156,0.0,-60.0,0.0,0.0,0.0
,outer3,3,72,bc2c,,,,,,120.0,150.0,82.81924438476562,120.00000762939453,37.180763244628906,-60.0,120.0,0.0,0.0,0.0
,outer3,3,72,bc2c,,,,,,120.0,180.0,0.0,90.0,90.0,90.0,0.0,1.0,0.0,-1.0
,outer3,3,72,bc2c,,,,,,120.0,210.0,180.0,130.50535583496094,-49.49464416503906,30.0,-60.0,0.0,0.0,0.0
,outer3,3,72,bc2c,,,,,,120.0,240.0,128.6822052001953,60.000003814697266,-68.68220138549805,0.0,-120.0,0.0,0.0,0.0
,outer3,3,72,bc2c,,,,,,120.0,270.0,180.0,180.0,0.0,0.0,0.0,0.0,0.0,0.0
,outer3,3,72,bc2c,,,,,,120.0,300.0,128.68218994140625,128.68218994140625,0.0,0.0,0.0,0.0,0.0,0.0
,outer3,3,72,bc2c,,,,,,120.0,330.0,120.00000762939453,90.0,-30.00000762939453,30.0,0.0,0.0,0.0,0.0
,outer3,3,72,bc2c,,,,,,150.0,0.0,29.99998664855957,0.0,-29.99998664855957,-30.0,0.0,0.0,1.0,1.0
,outer3,3,72,bc2c,,,,,,150.0,30.0,14.870942115783691,151.04498291015625,136.17404079437256,120.0,90.0,0.0,0.0,0.0
,outer3,3,72,bc2c,,,,,,150.0,60.0,0.0,60.000003814697266,60.000003814697266,0.0,180.0,1.0,0.0,-1.0
,outer3,3,72,bc2c,,,,,,150.0,90.0,57.7581901550293,122.24180603027344,64.48361587524414,120.0,-120.0,0.0,0.0,0.0
,outer3,3,72,bc2c,,,,,,150.0,120.0,90.0,49.49464416503906,-40.50535583496094,0.0,-120.0,0.0,0.0,0.0
,outer3,3,72,bc2c,,,,,,150.0,150.0,120.00000762939453,93.32574462890625,-26.67426300048828,30.0,-150.0,0.0,0.0,0.0
,outer3,3,72,bc2c,,,,,,150.0,180.0,90.0,29.99998664855957,-60.00001335144043,0.0,-180.0,0.0,0.0,0.0
,outer3,3,72,bc2c,,,,,,150.0,210.0,90.0,29.99998664855957,-60.00001335144043,0.0,-180.0,0.0,0.0,0.0
,outer3,3,72,bc2c,,,,,,150.0,240.0,0.0,14.870942115783691,14.870942115783691,0.0,30.0,1.0,0.0,-1.0
,outer3,3,72,bc2c,,,,,,150.0,270.0,165.12905883789062,0.0,-165.12905883789062,-120.0,-150.0,0.0,1.0,1.0
,outer3,3,72,bc2c,,,,,,150.0,300.0,130.50535583496094,36.09777069091797,-94.40758514404297,-60.0,-90.0,0.0,0.0,0.0
,outer3,3,72,bc2c,,,,,,150.0,330.0,115.6589126586914,36.0977783203125,-79.5611343383789,-30.0,-120.0,0.0,0.0,0.0
,outer3,3,73,b812,,,,,,30.0,0.0,0.0,0.0,0.0,0.0,0.0,1.0,1.0,0.0
,outer3,3,73,b812,,,,,,30.0,30.0,0.0,0.0,0.0,0.0,0.0,1.0,1.0,0.0
,outer3,3,73,b812,,,,,,30.0,60.0,0.0,0.0,0.0,0.0,0.0,1.0,1.0,0.0
,outer3,3,73,b812,,,,,,30.0,90.0,0.0,0.0,0.0,0.0,0.0,1.0,1.0,0.0
,outer3,3,73,b812,,,,,,30.0,120.0,0.0,0.0,0.0,0.0,0.0,1.0,1.0,0.0
,outer3,3,73,b812,,,,,,30.0,150.0,0.0,0.0,0.0,0.0,0.0,1.0,1.0,0.0
,outer3,3,73,b812,,,,,,30.0,180.0,0.0,0.0,0.0,0.0,0.0,1.0,1.0,0.0
,outer3,3,73,b812,,,,,,30.0,210.0,0.0,0.0,0.0,0.0,0.0,1.0,1.0,0.0
,outer3,3,73,b812,,,,,,30.0,240.0,0.0,0.0,0.0,0.0,0.0,1.0,1.0,0.0
,outer3,3,73,b812,,,,,,30.0,270.0,0.0,0.0,0.0,0.0,0.0,1.0,1.0,0.0
,outer3,3,73,b812,,,,,,30.0,300.0,0.0,0.0,0.0,0.0,0.0,1.0,1.0,0.0
,outer3,3,73,b812,,,,,,30.0,330.0,0.0,0.0,0.0,0.0,0.0,1.0,1.0,0.0
,outer3,3,73,b812,,,,,,60.0,0.0,0.0,0.0,0.0,0.0,0.0,1.0,1.0,0.0
,outer3,3,73,b812,,,,,,60.0,30.0,0.0,60.000003814697266,60.000003814697266,60.0,0.0,1.0,0.0,-1.0
,outer3,3,73,b812,,,,,,60.0,60.0,0.0,0.0,0.0,0.0,0.0,1.0,1.0,0.0
,outer3,3,73,b812,,,,,,60.0,90.0,0.0,0.0,0.0,0.0,0.0,1.0,1.0,0.0
,outer3,3,73,b812,,,,,,60.0,120.0,0.0,0.0,0.0,0.0,0.0,1.0,1.0,0.0
,outer3,3,73,b812,,,,,,60.0,150.0,25.905075073242188,0.0,-25.905075073242188,0.0,-30.0,0.0,1.0,1.0
,outer3,3,73,b812,,,,,,60.0,180.0,0.0,0.0,0.0,0.0,0.0,1.0,1.0,0.0
,outer3,3,73,b812,,,,,,60.0,210.0,0.0,82.81924438476562,82.81924438476562,60.0,60.0,1.0,0.0,-1.0
,outer3,3,73,b812,,,,,,60.0,240.0,0.0,0.0,0.0,0.0,0.0,1.0,1.0,0.0
,outer3,3,73,b812,,,,,,60.0,270.0,0.0,0.0,0.0,0.0,0.0,1.0,1.0,0.0
,outer3,3,73,b812,,,,,,60.0,300.0,0.0,0.0,0.0,0.0,0.0,1.0,1.0,0.0
,outer3,3,73,b812,,,,,,60.0,330.0,0.0,0.0,0.0,0.0,0.0,1.0,1.0,0.0
,outer3,3,73,b812,,,,,,90.0,0.0,0.0,180.0,180.0,0.0,180.0,1.0,0.0,-1.0
,outer3,3,73,b812,,,,,,90.0,30.0,180.0,0.0,-180.0,0.0,-180.0,0.0,1.0,1.0
,outer3,3,73,b812,,,,,,90.0,60.0,0.0,180.0,180.0,0.0,180.0,1.0,0.0,-1.0
,outer3,3,73,b812,,,,,,90.0,90.0,0.0,180.0,180.0,0.0,180.0,1.0,0.0,-1.0
,outer3,3,73,b812,,,,,,90.0,120.0,180.0,0.0,-180.0,0.0,-180.0,0.0,1.0,1.0
,outer3,3,73,b812,,,,,,90.0,150.0,0.0,0.0,0.0,0.0,0.0,1.0,1.0,0.0
,outer3,3,73,b812,,,,,,90.0,180.0,0.0,0.0,0.0,0.0,0.0,1.0,1.0,0.0
,outer3,3,73,b812,,,,,,90.0,210.0,0.0,0.0,0.0,0.0,0.0,1.0,1.0,0.0
,outer3,3,73,b812,,,,,,90.0,240.0,180.0,60.000003814697266,-119.99999618530273,0.0,-120.0,0.0,0.0,0.0
,outer3,3,73,b812,,,,,,90.0,270.0,0.0,0.0,0.0,0.0,0.0,1.0,1.0,0.0
,outer3,3,73,b812,,,,,,90.0,300.0,0.0,180.0,180.0,0.0,180.0,1.0,0.0,-1.0
,outer3,3,73,b812,,,,,,90.0,330.0,180.0,180.0,0.0,0.0,0.0,0.0,0.0,0.0
,outer3,3,73,b812,,,,,,120.0,0.0,0.0,0.0,0.0,0.0,0.0,1.0,1.0,0.0
,outer3,3,73,b812,,,,,,120.0,30.0,0.0,25.905075073242188,25.905075073242188,0.0,30.0,1.0,0.0,-1.0
,outer3,3,73,b812,,,,,,120.0,60.0,0.0,0.0,0.0,0.0,0.0,1.0,1.0,0.0
,outer3,3,73,b812,,,,,,120.0,90.0,0.0,0.0,0.0,0.0,0.0,1.0,1.0,0.0
,outer3,3,73,b812,,,,,,120.0,120.0,0.0,0.0,0.0,0.0,0.0,1.0,1.0,0.0
,outer3,3,73,b812,,,,,,120.0,150.0,0.0,0.0,0.0,0.0,0.0,1.0,1.0,0.0
,outer3,3,73,b812,,,,,,120.0,180.0,0.0,0.0,0.0,0.0,0.0,1.0,1.0,0.0
,outer3,3,73,b812,,,,,,120.0,210.0,0.0,82.81924438476562,82.81924438476562,60.0,60.0,1.0,0.0,-1.0
,outer3,3,73,b812,,,,,,120.0,240.0,0.0,0.0,0.0,0.0,0.0,1.0,1.0,0.0
,outer3,3,73,b812,,,,,,120.0,270.0,0.0,0.0,0.0,0.0,0.0,1.0,1.0,0.0
,outer3,3,73,b812,,,,,,120.0,300.0,0.0,0.0,0.0,0.0,0.0,1.0,1.0,0.0
,outer3,3,73,b812,,,,,,120.0,330.0,0.0,0.0,0.0,0.0,0.0,1.0,1.0,0.0
,outer3,3,73,b812,,,,,,150.0,0.0,0.0,0.0,0.0,0.0,0.0,1.0,1.0,0.0
,outer3,3,73,b812,,,,,,150.0,30.0,0.0,0.0,0.0,0.0,0.0,1.0,1.0,0.0
,outer3,3,73,b812,,,,,,150.0,60.0,0.0,0.0,0.0,0.0,0.0,1.0,1.0,0.0
,outer3,3,73,b812,,,,,,150.0,90.0,0.0,0.0,0.0,0.0,0.0,1.0,1.0,0.0
,outer3,3,73,b812,,,,,,150.0,120.0,0.0,0.0,0.0,0.0,0.0,1.0,1.0,0.0
,outer3,3,73,b812,,,,,,150.0,150.0,0.0,0.0,0.0,0.0,0.0,1.0,1.0,0.0
,outer3,3,73,b812,,,,,,150.0,180.0,0.0,0.0,0.0,0.0,0.0,1.0,1.0,0.0
,outer3,3,73,b812,,,,,,150.0,210.0,0.0,0.0,0.0,0.0,0.0,1.0,1.0,0.0
,outer3,3,73,b812,,,,,,150.0,240.0,0.0,0.0,0.0,0.0,0.0,1.0,1.0,0.0
,outer3,3,73,b812,,,,,,150.0,270.0,0.0,0.0,0.0,0.0,0.0,1.0,1.0,0.0
,outer3,3,73,b812,,,,,,150.0,300.0,0.0,0.0,0.0,0.0,0.0,1.0,1.0,0.0
,outer3,3,73,b812,,,,,,150.0,330.0,0.0,0.0,0.0,0.0,0.0,1.0,1.0,0.0
,outer3,3,73,b943,,,,,,30.0,0.0,0.0,0.0,0.0,0.0,0.0,1.0,1.0,0.0
,outer3,3,73,b943,,,,,,30.0,30.0,0.0,0.0,0.0,0.0,0.0,1.0,1.0,0.0
,outer3,3,73,b943,,,,,,30.0,60.0,0.0,0.0,0.0,0.0,0.0,1.0,1.0,0.0
,outer3,3,73,b943,,,,,,30.0,90.0,0.0,0.0,0.0,0.0,0.0,1.0,1.0,0.0
,outer3,3,73,b943,,,,,,30.0,120.0,0.0,0.0,0.0,0.0,0.0,1.0,1.0,0.0
,outer3,3,73,b943,,,,,,30.0,150.0,0.0,0.0,0.0,0.0,0.0,1.0,1.0,0.0
,outer3,3,73,b943,,,,,,30.0,180.0,0.0,0.0,0.0,0.0,0.0,1.0,1.0,0.0
,outer3,3,73,b943,,,,,,30.0,210.0,0.0,0.0,0.0,0.0,0.0,1.0,1.0,0.0
,outer3,3,73,b943,,,,,,30.0,240.0,0.0,0.0,0.0,0.0,0.0,1.0,1.0,0.0
,outer3,3,73,b943,,,,,,30.0,270.0,0.0,0.0,0.0,0.0,0.0,1.0,1.0,0.0
,outer3,3,73,b943,,,,,,30.0,300.0,0.0,0.0,0.0,0.0,0.0,1.0,1.0,0.0
,outer3,3,73,b943,,,,,,30.0,330.0,0.0,0.0,0.0,0.0,0.0,1.0,1.0,0.0
,outer3,3,73,b943,,,,,,60.0,0.0,0.0,0.0,0.0,0.0,0.0,1.0,1.0,0.0
,outer3,3,73,b943,,,,,,60.0,30.0,0.0,0.0,0.0,0.0,0.0,1.0,1.0,0.0
,outer3,3,73,b943,,,,,,60.0,60.0,97.18075561523438,0.0,-97.18075561523438,0.0,-120.0,0.0,1.0,1.0
,outer3,3,73,b943,,,,,,60.0,90.0,0.0,0.0,0.0,0.0,0.0,1.0,1.0,0.0
,outer3,3,73,b943,,,,,,60.0,120.0,0.0,0.0,0.0,0.0,0.0,1.0,1.0,0.0
,outer3,3,73,b943,,,,,,60.0,150.0,0.0,66.45188903808594,66.45188903808594,60.0,30.0,1.0,0.0,-1.0
,outer3,3,73,b943,,,,,,60.0,180.0,0.0,30.000001907348633,30.000001907348633,30.0,0.0,1.0,0.0,-1.0
,outer3,3,73,b943,,,,,,60.0,210.0,0.0,0.0,0.0,0.0,0.0,1.0,1.0,0.0
,outer3,3,73,b943,,,,,,60.0,240.0,0.0,0.0,0.0,0.0,0.0,1.0,1.0,0.0
,outer3,3,73,b943,,,,,,60.0,270.0,0.0,154.0949249267578,154.0949249267578,60.0,150.0,1.0,0.0,-1.0
,outer3,3,73,b943,,,,,,60.0,300.0,0.0,0.0,0.0,0.0,0.0,1.0,1.0,0.0
,outer3,3,73,b943,,,,,,60.0,330.0,0.0,0.0,0.0,0.0,0.0,1.0,1.0,0.0
,outer3,3,73,b943,,,,,,90.0,0.0,0.0,180.0,180.0,0.0,180.0,1.0,0.0,-1.0
,outer3,3,73,b943,,,,,,90.0,30.0,0.0,180.0,180.0,0.0,180.0,1.0,0.0,-1.0
,outer3,3,73,b943,,,,,,90.0,60.0,119.99999237060547,60.000003814697266,-59.9999885559082,0.0,-60.0,0.0,0.0,0.0
,outer3,3,73,b943,,,,,,90.0,90.0,180.0,0.0,-180.0,0.0,-180.0,0.0,1.0,1.0
,outer3,3,73,b943,,,,,,90.0,120.0,180.0,0.0,-180.0,0.0,-180.0,0.0,1.0,1.0
,outer3,3,73,b943,,,,,,90.0,150.0,120.00000762939453,180.0,59.99999237060547,0.0,60.0,0.0,0.0,0.0
,outer3,3,73,b943,,,,,,90.0,180.0,180.0,0.0,-180.0,0.0,-180.0,0.0,1.0,1.0
,outer3,3,73,b943,,,,,,90.0,210.0,180.0,0.0,-180.0,0.0,-180.0,0.0,1.0,1.0
,outer3,3,73,b943,,,,,,90.0,240.0,60.000003814697266,60.000003814697266,0.0,0.0,0.0,0.0,0.0,0.0
,outer3,3,73,b943,,,,,,90.0,270.0,180.0,180.0,0.0,0.0,0.0,0.0,0.0,0.0
,outer3,3,73,b943,,,,,,90.0,300.0,0.0,0.0,0.0,0.0,0.0,1.0,1.0,0.0
,outer3,3,73,b943,,,,,,90.0,330.0,60.00000762939453,0.0,-60.00000762939453,0.0,-60.0,0.0,1.0,1.0
,outer3,3,73,b943,,,,,,120.0,0.0,0.0,29.99998664855957,29.99998664855957,30.0,0.0,1.0,0.0,-1.0
,outer3,3,73,b943,,,,,,120.0,30.0,0.0,0.0,0.0,0.0,0.0,1.0,1.0,0.0
,outer3,3,73,b943,,,,,,120.0,60.0,0.0,0.0,0.0,0.0,0.0,1.0,1.0,0.0
,outer3,3,73,b943,,,,,,120.0,90.0,0.0,0.0,0.0,0.0,0.0,1.0,1.0,0.0
,outer3,3,73,b943,,,,,,120.0,120.0,29.99998664855957,0.0,-29.99998664855957,-30.0,0.0,0.0,1.0,1.0
,outer3,3,73,b943,,,,,,120.0,150.0,0.0,0.0,0.0,0.0,0.0,1.0,1.0,0.0
,outer3,3,73,b943,,,,,,120.0,180.0,0.0,29.99998664855957,29.99998664855957,30.0,0.0,1.0,0.0,-1.0
,outer3,3,73,b943,,,,,,120.0,210.0,0.0,0.0,0.0,0.0,0.0,1.0,1.0,0.0
,outer3,3,73,b943,,,,,,120.0,240.0,0.0,0.0,0.0,0.0,0.0,1.0,1.0,0.0
,outer3,3,73,b943,,,,,,120.0,270.0,0.0,0.0,0.0,0.0,0.0,1.0,1.0,0.0
,outer3,3,73,b943,,,,,,120.0,300.0,0.0,0.0,0.0,0.0,0.0,1.0,1.0,0.0
,outer3,3,73,b943,,,,,,120.0,330.0,0.0,0.0,0.0,0.0,0.0,1.0,1.0,0.0
,outer3,3,73,b943,,,,,,150.0,0.0,0.0,0.0,0.0,0.0,0.0,1.0,1.0,0.0
,outer3,3,73,b943,,,,,,150.0,30.0,0.0,0.0,0.0,0.0,0.0,1.0,1.0,0.0
,outer3,3,73,b943,,,,,,150.0,60.0,0.0,0.0,0.0,0.0,0.0,1.0,1.0,0.0
,outer3,3,73,b943,,,,,,150.0,90.0,0.0,0.0,0.0,0.0,0.0,1.0,1.0,0.0
,outer3,3,73,b943,,,,,,150.0,120.0,0.0,0.0,0.0,0.0,0.0,1.0,1.0,0.0
,outer3,3,73,b943,,,,,,150.0,150.0,0.0,0.0,0.0,0.0,0.0,1.0,1.0,0.0
,outer3,3,73,b943,,,,,,150.0,180.0,0.0,0.0,0.0,0.0,0.0,1.0,1.0,0.0
,outer3,3,73,b943,,,,,,150.0,210.0,0.0,0.0,0.0,0.0,0.0,1.0,1.0,0.0
,outer3,3,73,b943,,,,,,150.0,240.0,0.0,0.0,0.0,0.0,0.0,1.0,1.0,0.0
,outer3,3,73,b943,,,,,,150.0,270.0,0.0,0.0,0.0,0.0,0.0,1.0,1.0,0.0
,outer3,3,73,b943,,,,,,150.0,300.0,0.0,0.0,0.0,0.0,0.0,1.0,1.0,0.0
,outer3,3,73,b943,,,,,,150.0,330.0,0.0,0.0,0.0,0.0,0.0,1.0,1.0,0.0
,outer3,3,73,b974,,,,,,30.0,0.0,0.0,0.0,0.0,0.0,0.0,1.0,1.0,0.0
,outer3,3,73,b974,,,,,,30.0,30.0,0.0,0.0,0.0,0.0,0.0,1.0,1.0,0.0
,outer3,3,73,b974,,,,,,30.0,60.0,0.0,0.0,0.0,0.0,0.0,1.0,1.0,0.0
,outer3,3,73,b974,,,,,,30.0,90.0,0.0,0.0,0.0,0.0,0.0,1.0,1.0,0.0
,outer3,3,73,b974,,,,,,30.0,120.0,0.0,0.0,0.0,0.0,0.0,1.0,1.0,0.0
,outer3,3,73,b974,,,,,,30.0,150.0,0.0,0.0,0.0,0.0,0.0,1.0,1.0,0.0
,outer3,3,73,b974,,,,,,30.0,180.0,0.0,0.0,0.0,0.0,0.0,1.0,1.0,0.0
,outer3,3,73,b974,,,,,,30.0,210.0,0.0,0.0,0.0,0.0,0.0,1.0,1.0,0.0
,outer3,3,73,b974,,,,,,30.0,240.0,0.0,0.0,0.0,0.0,0.0,1.0,1.0,0.0
,outer3,3,73,b974,,,,,,30.0,270.0,0.0,0.0,0.0,0.0,0.0,1.0,1.0,0.0
,outer3,3,73,b974,,,,,,30.0,300.0,0.0,0.0,0.0,0.0,0.0,1.0,1.0,0.0
,outer3,3,73,b974,,,,,,30.0,330.0,0.0,0.0,0.0,0.0,0.0,1.0,1.0,0.0
,outer3,3,73,b974,,,,,,60.0,0.0,0.0,0.0,0.0,0.0,0.0,1.0,1.0,0.0
,outer3,3,73,b974,,,,,,60.0,30.0,0.0,0.0,0.0,0.0,0.0,1.0,1.0,0.0
,outer3,3,73,b974,,,,,,60.0,60.0,0.0,0.0,0.0,0.0,0.0,1.0,1.0,0.0
,outer3,3,73,b974,,,,,,60.0,90.0,0.0,0.0,0.0,0.0,0.0,1.0,1.0,0.0
,outer3,3,73,b974,,,,,,60.0,120.0,0.0,0.0,0.0,0.0,0.0,1.0,1.0,0.0
,outer3,3,73,b974,,,,,,60.0,150.0,82.81924438476562,0.0,-82.81924438476562,-60.0,-60.0,0.0,1.0,1.0
,outer3,3,73,b974,,,,,,60.0,180.0,0.0,0.0,0.0,0.0,0.0,1.0,1.0,0.0
,outer3,3,73,b974,,,,,,60.0,210.0,0.0,0.0,0.0,0.0,0.0,1.0,1.0,0.0
,outer3,3,73,b974,,,,,,60.0,240.0,0.0,0.0,0.0,0.0,0.0,1.0,1.0,0.0
,outer3,3,73,b974,,,,,,60.0,270.0,0.0,0.0,0.0,0.0,0.0,1.0,1.0,0.0
,outer3,3,73,b974,,,,,,60.0,300.0,0.0,0.0,0.0,0.0,0.0,1.0,1.0,0.0
,outer3,3,73,b974,,,,,,60.0,330.0,0.0,0.0,0.0,0.0,0.0,1.0,1.0,0.0
,outer3,3,73,b974,,,,,,90.0,0.0,180.0,180.0,0.0,0.0,0.0,0.0,0.0,0.0
,outer3,3,73,b974,,,,,,90.0,30.0,180.0,0.0,-180.0,0.0,-180.0,0.0,1.0,1.0
,outer3,3,73,b974,,,,,,90.0,60.0,0.0,0.0,0.0,0.0,0.0,1.0,1.0,0.0
,outer3,3,73,b974,,,,,,90.0,90.0,0.0,180.0,180.0,0.0,180.0,1.0,0.0,-1.0
,outer3,3,73,b974,,,,,,90.0,120.0,0.0,0.0,0.0,0.0,0.0,1.0,1.0,0.0
,outer3,3,73,b974,,,,,,90.0,150.0,0.0,180.0,180.0,0.0,180.0,1.0,0.0,-1.0
,outer3,3,73,b974,,,,,,90.0,180.0,0.0,0.0,0.0,0.0,0.0,1.0,1.0,0.0
,outer3,3,73,b974,,,,,,90.0,210.0,0.0,0.0,0.0,0.0,0.0,1.0,1.0,0.0
,outer3,3,73,b974,,,,,,90.0,240.0,180.0,0.0,-180.0,0.0,-180.0,0.0,1.0,1.0
,outer3,3,73,b974,,,,,,90.0,270.0,180.0,0.0,-180.0,0.0,-180.0,0.0,1.0,1.0
,outer3,3,73,b974,,,,,,90.0,300.0,180.0,180.0,0.0,0.0,0.0,0.0,0.0,0.0
,outer3,3,73,b974,,,,,,90.0,330.0,180.0,0.0,-180.0,0.0,-180.0,0.0,1.0,1.0
,outer3,3,73,b974,,,,,,120.0,0.0,0.0,0.0,0.0,0.0,0.0,1.0,1.0,0.0
,outer3,3,73,b974,,,,,,120.0,30.0,0.0,0.0,0.0,0.0,0.0,1.0,1.0,0.0
,outer3,3,73,b974,,,,,,120.0,60.0,0.0,0.0,0.0,0.0,0.0,1.0,1.0,0.0
,outer3,3,73,b974,,,,,,120.0,90.0,0.0,0.0,0.0,0.0,0.0,1.0,1.0,0.0
,outer3,3,73,b974,,,,,,120.0,120.0,0.0,0.0,0.0,0.0,0.0,1.0,1.0,0.0
,outer3,3,73,b974,,,,,,120.0,150.0,0.0,0.0,0.0,0.0,0.0,1.0,1.0,0.0
,outer3,3,73,b974,,,,,,120.0,180.0,0.0,0.0,0.0,0.0,0.0,1.0,1.0,0.0
,outer3,3,73,b974,,,,,,120.0,210.0,0.0,0.0,0.0,0.0,0.0,1.0,1.0,0.0
,outer3,3,73,b974,,,,,,120.0,240.0,0.0,0.0,0.0,0.0,0.0,1.0,1.0,0.0
,outer3,3,73,b974,,,,,,120.0,270.0,0.0,120.00000762939453,120.00000762939453,0.0,180.0,1.0,0.0,-1.0
,outer3,3,73,b974,,,,,,120.0,300.0,0.0,0.0,0.0,0.0,0.0,1.0,1.0,0.0
,outer3,3,73,b974,,,,,,120.0,330.0,0.0,0.0,0.0,0.0,0.0,1.0,1.0,0.0
,outer3,3,73,b974,,,,,,150.0,0.0,0.0,0.0,0.0,0.0,0.0,1.0,1.0,0.0
,outer3,3,73,b974,,,,,,150.0,30.0,0.0,0.0,0.0,0.0,0.0,1.0,1.0,0.0
,outer3,3,73,b974,,,,,,150.0,60.0,0.0,0.0,0.0,0.0,0.0,1.0,1.0,0.0
,outer3,3,73,b974,,,,,,150.0,90.0,0.0,0.0,0.0,0.0,0.0,1.0,1.0,0.0
,outer3,3,73,b974,,,,,,150.0,120.0,0.0,0.0,0.0,0.0,0.0,1.0,1.0,0.0
,outer3,3,73,b974,,,,,,150.0,150.0,0.0,0.0,0.0,0.0,0.0,1.0,1.0,0.0
,outer3,3,73,b974,,,,,,150.0,180.0,0.0,0.0,0.0,0.0,0.0,1.0,1.0,0.0
,outer3,3,73,b974,,,,,,150.0,210.0,0.0,0.0,0.0,0.0,0.0,1.0,1.0,0.0
,outer3,3,73,b974,,,,,,150.0,240.0,0.0,0.0,0.0,0.0,0.0,1.0,1.0,0.0
,outer3,3,73,b974,,,,,,150.0,270.0,0.0,0.0,0.0,0.0,0.0,1.0,1.0,0.0
,outer3,3,73,b974,,,,,,150.0,300.0,0.0,0.0,0.0,0.0,0.0,1.0,1.0,0.0
,outer3,3,73,b974,,,,,,150.0,330.0,0.0,0.0,0.0,0.0,0.0,1.0,1.0,0.0
,outer3,3,73,b97b,,,,,,30.0,0.0,30.000001907348633,60.000003814697266,30.000001907348633,-30.0,180.0,0.0,0.0,0.0
,outer3,3,73,b97b,,,,,,30.0,30.0,0.0,0.0,0.0,0.0,0.0,1.0,1.0,0.0
,outer3,3,73,b97b,,,,,,30.0,60.0,0.0,0.0,0.0,0.0,0.0,1.0,1.0,0.0
,outer3,3,73,b97b,,,,,,30.0,90.0,0.0,0.0,0.0,0.0,0.0,1.0,1.0,0.0
,outer3,3,73,b97b,,,,,,30.0,120.0,0.0,0.0,0.0,0.0,0.0,1.0,1.0,0.0
,outer3,3,73,b97b,,,,,,30.0,150.0,0.0,0.0,0.0,0.0,0.0,1.0,1.0,0.0
,outer3,3,73,b97b,,,,,,30.0,180.0,30.000001907348633,30.000001907348633,0.0,0.0,0.0,0.0,0.0,0.0
,outer3,3,73,b97b,,,,,,30.0,210.0,0.0,0.0,0.0,0.0,0.0,1.0,1.0,0.0
,outer3,3,73,b97b,,,,,,30.0,240.0,0.0,165.12905883789062,165.12905883789062,120.0,150.0,1.0,0.0,-1.0
,outer3,3,73,b97b,,,,,,30.0,270.0,0.0,180.0,180.0,120.0,180.0,1.0,0.0,-1.0
,outer3,3,73,b97b,,,,,,30.0,300.0,0.0,0.0,0.0,0.0,0.0,1.0,1.0,0.0
,outer3,3,73,b97b,,,,,,30.0,330.0,0.0,0.0,0.0,0.0,0.0,1.0,1.0,0.0
,outer3,3,73,b97b,,,,,,60.0,0.0,120.00000762939453,90.0,-30.00000762939453,30.0,0.0,0.0,0.0,0.0
,outer3,3,73,b97b,,,,,,60.0,30.0,0.0,25.905075073242188,25.905075073242188,0.0,30.0,1.0,0.0,-1.0
,outer3,3,73,b97b,,,,,,60.0,60.0,0.0,0.0,0.0,0.0,0.0,1.0,1.0,0.0
,outer3,3,73,b97b,,,,,,60.0,90.0,0.0,0.0,0.0,0.0,0.0,1.0,1.0,0.0
,outer3,3,73,b97b,,,,,,60.0,120.0,0.0,0.0,0.0,0.0,0.0,1.0,1.0,0.0
,outer3,3,73,b97b,,,,,,60.0,150.0,0.0,82.81924438476562,82.81924438476562,60.0,60.0,1.0,0.0,-1.0
,outer3,3,73,b97b,,,,,,60.0,180.0,0.0,30.000001907348633,30.000001907348633,30.0,0.0,1.0,0.0,-1.0
,outer3,3,73,b97b,,,,,,60.0,210.0,0.0,25.905075073242188,25.905075073242188,0.0,30.0,1.0,0.0,-1.0
,outer3,3,73,b97b,,,,,,60.0,240.0,0.0,97.1807632446289,97.1807632446289,0.0,120.0,1.0,0.0,-1.0
,outer3,3,73,b97b,,,,,,60.0,270.0,0.0,0.0,0.0,0.0,0.0,1.0,1.0,0.0
,outer3,3,73,b97b,,,,,,60.0,300.0,0.0,0.0,0.0,0.0,0.0,1.0,1.0,0.0
,outer3,3,73,b97b,,,,,,60.0,330.0,0.0,66.45188903808594,66.45188903808594,60.0,30.0,1.0,0.0,-1.0
,outer3,3,73,b97b,,,,,,90.0,0.0,180.0,0.0,-180.0,0.0,-180.0,0.0,1.0,1.0
,outer3,3,73,b97b,,,,,,90.0,30.0,180.0,180.0,0.0,0.0,0.0,0.0,0.0,0.0
,outer3,3,73,b97b,,,,,,90.0,60.0,0.0,180.0,180.0,0.0,180.0,1.0,0.0,-1.0
,outer3,3,73,b97b,,,,,,90.0,90.0,0.0,180.0,180.0,0.0,180.0,1.0,0.0,-1.0
,outer3,3,73,b97b,,,,,,90.0,120.0,0.0,180.0,180.0,0.0,180.0,1.0,0.0,-1.0
,outer3,3,73,b97b,,,,,,90.0,150.0,0.0,180.0,180.0,0.0,180.0,1.0,0.0,-1.0
,outer3,3,73,b97b,,,,,,90.0,180.0,0.0,0.0,0.0,0.0,0.0,1.0,1.0,0.0
,outer3,3,73,b97b,,,,,,90.0,210.0,0.0,0.0,0.0,0.0,0.0,1.0,1.0,0.0
,outer3,3,73,b97b,,,,,,90.0,240.0,0.0,0.0,0.0,0.0,0.0,1.0,1.0,0.0
,outer3,3,73,b97b,,,,,,90.0,270.0,180.0,0.0,-180.0,0.0,-180.0,0.0,1.0,1.0
,outer3,3,73,b97b,,,,,,90.0,300.0,0.0,0.0,0.0,0.0,0.0,1.0,1.0,0.0
,outer3,3,73,b97b,,,,,,90.0,330.0,60.00000762939453,0.0,-60.00000762939453,0.0,-60.0,0.0,1.0,1.0
,outer3,3,73,b97b,,,,,,120.0,0.0,120.00000762939453,150.0,29.99999237060547,90.0,0.0,0.0,0.0,0.0
,outer3,3,73,b97b,,,,,,120.0,30.0,0.0,0.0,0.0,0.0,0.0,1.0,1.0,0.0
,outer3,3,73,b97b,,,,,,120.0,60.0,0.0,0.0,0.0,0.0,0.0,1.0,1.0,0.0
,outer3,3,73,b97b,,,,,,120.0,90.0,0.0,0.0,0.0,0.0,0.0,1.0,1.0,0.0
,outer3,3,73,b97b,,,,,,120.0,120.0,29.99998664855957,0.0,-29.99998664855957,-30.0,0.0,0.0,1.0,1.0
,outer3,3,73,b97b,,,,,,120.0,150.0,0.0,82.81924438476562,82.81924438476562,60.0,60.0,1.0,0.0,-1.0
,outer3,3,73,b97b,,,,,,120.0,180.0,0.0,90.0,90.0,90.0,0.0,1.0,0.0,-1.0
,outer3,3,73,b97b,,,,,,120.0,210.0,0.0,30.000001907348633,30.000001907348633,30.0,0.0,1.0,0.0,-1.0
,outer3,3,73,b97b,,,,,,120.0,240.0,51.31781005859375,0.0,-51.31781005859375,0.0,-60.0,0.0,1.0,1.0
,outer3,3,73,b97b,,,,,,120.0,270.0,0.0,120.00000762939453,120.00000762939453,0.0,180.0,1.0,0.0,-1.0
,outer3,3,73,b97b,,,,,,120.0,300.0,0.0,0.0,0.0,0.0,0.0,1.0,1.0,0.0
,outer3,3,73,b97b,,,,,,120.0,330.0,0.0,25.90508270263672,25.90508270263672,0.0,30.0,1.0,0.0,-1.0
,outer3,3,73,b97b,,,,,,150.0,0.0,29.99998664855957,0.0,-29.99998664855957,-30.0,0.0,0.0,1.0,1.0
,outer3,3,73,b97b,,,,,,150.0,30.0,0.0,0.0,0.0,0.0,0.0,1.0,1.0,0.0
,outer3,3,73,b97b,,,,,,150.0,60.0,0.0,0.0,0.0,0.0,0.0,1.0,1.0,0.0
,outer3,3,73,b97b,,,,,,150.0,90.0,0.0,0.0,0.0,0.0,0.0,1.0,1.0,0.0
,outer3,3,73,b97b,,,,,,150.0,120.0,0.0,0.0,0.0,0.0,0.0,1.0,1.0,0.0
,outer3,3,73,b97b,,,,,,150.0,150.0,0.0,0.0,0.0,0.0,0.0,1.0,1.0,0.0
,outer3,3,73,b97b,,,,,,150.0,180.0,29.99998664855957,29.99998664855957,0.0,0.0,0.0,0.0,0.0,0.0
,outer3,3,73,b97b,,,,,,150.0,210.0,0.0,0.0,0.0,0.0,0.0,1.0,1.0,0.0
,outer3,3,73,b97b,,,,,,150.0,240.0,0.0,0.0,0.0,0.0,0.0,1.0,1.0,0.0
,outer3,3,73,b97b,,,,,,150.0,270.0,180.0,180.0,0.0,0.0,0.0,0.0,0.0,0.0
,outer3,3,73,b97b,,,,,,150.0,300.0,0.0,0.0,0.0,0.0,0.0,1.0,1.0,0.0
,outer3,3,73,b97b,,,,,,150.0,330.0,0.0,0.0,0.0,0.0,0.0,1.0,1.0,0.0
,outer3,3,73,bc2c,,,,,,30.0,0.0,30.000001907348633,30.000001907348633,0.0,0.0,0.0,0.0,0.0,0.0
,outer3,3,73,bc2c,,,,,,30.0,30.0,143.9022216796875,28.95502281188965,-114.94719886779785,-90.0,-90.0,0.0,0.0,0.0
,outer3,3,73,bc2c,,,,,,30.0,60.0,0.0,60.000003814697266,60.000003814697266,0.0,180.0,1.0,0.0,-1.0
,outer3,3,73,bc2c,,,,,,30.0,90.0,57.7581901550293,165.12905883789062,107.37086868286133,120.0,0.0,0.0,0.0,0.0
,outer3,3,73,bc2c,,,,,,30.0,120.0,86.67425537109375,49.494651794433594,-37.179603576660156,0.0,-90.0,0.0,0.0,0.0
,outer3,3,73,bc2c,,,,,,30.0,150.0,90.0,93.32575225830078,3.3257522583007812,0.0,30.0,0.0,0.0,0.0
,outer3,3,73,bc2c,,,,,,30.0,180.0,30.000001907348633,0.0,-30.000001907348633,-30.0,0.0,0.0,1.0,1.0
,outer3,3,73,bc2c,,,,,,30.0,210.0,60.000003814697266,60.000003814697266,0.0,0.0,0.0,0.0,0.0,0.0
,outer3,3,73,bc2c,,,,,,30.0,240.0,0.0,0.0,0.0,0.0,0.0,1.0,1.0,0.0
,outer3,3,73,bc2c,,,,,,30.0,270.0,165.12905883789062,120.00000762939453,-45.129051208496094,0.0,-150.0,0.0,0.0,0.0
,outer3,3,73,bc2c,,,,,,30.0,300.0,64.34110260009766,77.49608612060547,13.154983520507812,-30.0,90.0,0.0,0.0,0.0
,outer3,3,73,bc2c,,,,,,30.0,330.0,150.0,36.097782135009766,-113.90221786499023,-60.0,-150.0,0.0,0.0,0.0
,outer3,3,73,bc2c,,,,,,60.0,0.0,0.0,30.000001907348633,30.000001907348633,30.0,0.0,1.0,0.0,-1.0
,outer3,3,73,bc2c,,,,,,60.0,30.0,82.81924438476562,77.49609375,-5.323150634765625,-30.0,60.0,0.0,0.0,0.0
,outer3,3,73,bc2c,,,,,,60.0,60.0,0.0,0.0,0.0,0.0,0.0,1.0,1.0,0.0
,outer3,3,73,bc2c,,,,,,60.0,90.0,120.00000762939453,60.000003814697266,-60.000003814697266,60.0,-180.0,0.0,0.0,0.0
,outer3,3,73,bc2c,,,,,,60.0,120.0,97.1807632446289,113.54812622070312,16.36736297607422,0.0,30.0,0.0,0.0,0.0
,outer3,3,73,bc2c,,,,,,60.0,150.0,0.0,30.000001907348633,30.000001907348633,30.0,0.0,1.0,0.0,-1.0
,outer3,3,73,bc2c,,,,,,60.0,180.0,0.0,90.0,90.0,90.0,0.0,1.0,0.0,-1.0
,outer3,3,73,bc2c,,,,,,60.0,210.0,60.000003814697266,82.81924438476562,22.81924057006836,0.0,60.0,0.0,0.0,0.0
,outer3,3,73,bc2c,,,,,,60.0,240.0,60.000003814697266,60.000003814697266,0.0,0.0,0.0,0.0,0.0,0.0
,outer3,3,73,bc2c,,,,,,60.0,270.0,180.0,90.0,-90.0,-30.0,0.0,0.0,0.0,0.0
,outer3,3,73,bc2c,,,,,,60.0,300.0,128.68218994140625,25.905075073242188,-102.77711486816406,-60.0,-90.0,0.0,0.0,0.0
,outer3,3,73,bc2c,,,,,,60.0,330.0,180.0,51.31782150268555,-128.68217849731445,-60.0,-120.0,0.0,0.0,0.0
,outer3,3,73,bc2c,,,,,,90.0,0.0,180.0,180.0,0.0,0.0,0.0,0.0,0.0,0.0
,outer3,3,73,bc2c,,,,,,90.0,30.0,180.0,150.0,-30.0,0.0,-30.0,0.0,0.0,0.0
,outer3,3,73,bc2c,,,,,,90.0,60.0,119.99999237060547,119.99999237060547,0.0,0.0,0.0,0.0,0.0,0.0
,outer3,3,73,bc2c,,,,,,90.0,90.0,180.0,180.0,0.0,0.0,0.0,0.0,0.0,0.0
,outer3,3,73,bc2c,,,,,,90.0,120.0,180.0,180.0,0.0,0.0,0.0,0.0,0.0,0.0
,outer3,3,73,bc2c,,,,,,90.0,150.0,30.000001907348633,30.000001907348633,0.0,0.0,0.0,0.0,0.0,0.0
,outer3,3,73,bc2c,,,,,,90.0,180.0,0.0,0.0,0.0,0.0,0.0,1.0,1.0,0.0
,outer3,3,73,bc2c,,,,,,90.0,210.0,150.0,30.000001907348633,-119.99999809265137,0.0,-120.0,0.0,0.0,0.0
,outer3,3,73,bc2c,,,,,,90.0,240.0,60.000003814697266,30.000001907348633,-30.000001907348633,0.0,-30.0,0.0,0.0,0.0
,outer3,3,73,bc2c,,,,,,90.0,270.0,0.0,180.0,180.0,0.0,180.0,1.0,0.0,-1.0
,outer3,3,73,bc2c,,,,,,90.0,300.0,0.0,0.0,0.0,0.0,0.0,1.0,1.0,0.0
,outer3,3,73,bc2c,,,,,,90.0,330.0,150.0,150.0,0.0,0.0,0.0,0.0,0.0,0.0
,outer3,3,73,bc2c,,,,,,120.0,0.0,0.0,86.67425537109375,86.67425537109375,30.0,150.0,1.0,0.0,-1.0
,outer3,3,73,bc2c,,,,,,120.0,30.0,51.31781005859375,25.905075073242188,-25.412734985351562,0.0,-30.0,0.0,0.0,0.0
,outer3,3,73,bc2c,,,,,,120.0,60.0,0.0,0.0,0.0,0.0,0.0,1.0,1.0,0.0
,outer3,3,73,bc2c,,,,,,120.0,90.0,120.00000762939453,120.00000762939453,0.0,0.0,0.0,0.0,0.0,0.0
,outer3,3,73,bc2c,,,,,,120.0,120.0,120.00000762939453,120.00000762939453,0.0,0.0,0.0,0.0,0.0,0.0
,outer3,3,73,bc2c,,,,,,120.0,150.0,60.000003814697266,82.81924438476562,22.81924057006836,0.0,60.0,0.0,0.0,0.0
,outer3,3,73,bc2c,,,,,,120.0,180.0,0.0,90.0,90.0,90.0,0.0,1.0,0.0,-1.0
,outer3,3,73,bc2c,,,,,,120.0,210.0,180.0,90.0,-90.0,30.0,-180.0,0.0,0.0,0.0
,outer3,3,73,bc2c,,,,,,120.0,240.0,60.000003814697266,60.000003814697266,0.0,0.0,0.0,0.0,0.0,0.0
,outer3,3,73,bc2c,,,,,,120.0,270.0,180.0,180.0,0.0,0.0,0.0,0.0,0.0,0.0
,outer3,3,73,bc2c,,,,,,120.0,300.0,128.68218994140625,0.0,-128.68218994140625,-60.0,-120.0,0.0,1.0,1.0
,outer3,3,73,bc2c,,,,,,120.0,330.0,120.00000762939453,150.0,29.99999237060547,90.0,0.0,0.0,0.0,0.0
,outer3,3,73,bc2c,,,,,,150.0,0.0,29.99998664855957,29.99998664855957,0.0,0.0,0.0,0.0,0.0,0.0
,outer3,3,73,bc2c,,,,,,150.0,30.0,150.0,14.870942115783691,-135.1290578842163,-90.0,-150.0,0.0,0.0,0.0
,outer3,3,73,bc2c,,,,,,150.0,60.0,0.0,60.000003814697266,60.000003814697266,0.0,180.0,1.0,0.0,-1.0
,outer3,3,73,bc2c,,,,,,150.0,90.0,57.7581901550293,180.0,122.2418098449707,120.0,30.0,0.0,0.0,0.0
,outer3,3,73,bc2c,,,,,,150.0,120.0,75.52249145507812,64.34109497070312,-11.181396484375,-30.0,30.0,0.0,0.0,0.0
,outer3,3,73,bc2c,,,,,,150.0,150.0,36.09777069091797,122.24180603027344,86.14403533935547,90.0,0.0,0.0,0.0,0.0
,outer3,3,73,bc2c,,,,,,150.0,180.0,59.999996185302734,60.000003814697266,7.62939453125e-06,-60.0,180.0,0.0,0.0,0.0
,outer3,3,73,bc2c,,,,,,150.0,210.0,86.67425537109375,60.000003814697266,-26.674251556396484,-30.0,30.0,0.0,0.0,0.0
,outer3,3,73,bc2c,,,,,,150.0,240.0,120.00000762939453,0.0,-120.00000762939453,-120.0,0.0,0.0,1.0,1.0
,outer3,3,73,bc2c,,,,,,150.0,270.0,180.0,120.00000762939453,-59.99999237060547,0.0,-180.0,0.0,0.0,0.0
,outer3,3,73,bc2c,,,,,,150.0,300.0,77.49607849121094,64.34109497070312,-13.154983520507812,0.0,-30.0,0.0,0.0,0.0
,outer3,3,73,bc2c,,,,,,150.0,330.0,36.0977783203125,122.24180603027344,86.14402770996094,90.0,0.0,0.0,0.0,0.0
,outer3,3,74,b812,,,,,,30.0,0.0,0.0,0.0,0.0,0.0,0.0,1.0,1.0,0.0
,outer3,3,74,b812,,,,,,30.0,30.0,0.0,0.0,0.0,0.0,0.0,1.0,1.0,0.0
,outer3,3,74,b812,,,,,,30.0,60.0,0.0,0.0,0.0,0.0,0.0,1.0,1.0,0.0
,outer3,3,74,b812,,,,,,30.0,90.0,0.0,0.0,0.0,0.0,0.0,1.0,1.0,0.0
,outer3,3,74,b812,,,,,,30.0,120.0,0.0,0.0,0.0,0.0,0.0,1.0,1.0,0.0
,outer3,3,74,b812,,,,,,30.0,150.0,0.0,0.0,0.0,0.0,0.0,1.0,1.0,0.0
,outer3,3,74,b812,,,,,,30.0,180.0,0.0,0.0,0.0,0.0,0.0,1.0,1.0,0.0
,outer3,3,74,b812,,,,,,30.0,210.0,0.0,0.0,0.0,0.0,0.0,1.0,1.0,0.0
,outer3,3,74,b812,,,,,,30.0,240.0,0.0,0.0,0.0,0.0,0.0,1.0,1.0,0.0
,outer3,3,74,b812,,,,,,30.0,270.0,0.0,0.0,0.0,0.0,0.0,1.0,1.0,0.0
,outer3,3,74,b812,,,,,,30.0,300.0,0.0,0.0,0.0,0.0,0.0,1.0,1.0,0.0
,outer3,3,74,b812,,,,,,30.0,330.0,0.0,0.0,0.0,0.0,0.0,1.0,1.0,0.0
,outer3,3,74,b812,,,,,,60.0,0.0,0.0,0.0,0.0,0.0,0.0,1.0,1.0,0.0
,outer3,3,74,b812,,,,,,60.0,30.0,0.0,120.00000762939453,120.00000762939453,0.0,180.0,1.0,0.0,-1.0
,outer3,3,74,b812,,,,,,60.0,60.0,0.0,0.0,0.0,0.0,0.0,1.0,1.0,0.0
,outer3,3,74,b812,,,,,,60.0,90.0,0.0,0.0,0.0,0.0,0.0,1.0,1.0,0.0
,outer3,3,74,b812,,,,,,60.0,120.0,0.0,0.0,0.0,0.0,0.0,1.0,1.0,0.0
,outer3,3,74,b812,,,,,,60.0,150.0,0.0,0.0,0.0,0.0,0.0,1.0,1.0,0.0
,outer3,3,74,b812,,,,,,60.0,180.0,0.0,0.0,0.0,0.0,0.0,1.0,1.0,0.0
,outer3,3,74,b812,,,,,,60.0,210.0,0.0,0.0,0.0,0.0,0.0,1.0,1.0,0.0
,outer3,3,74,b812,,,,,,60.0,240.0,0.0,0.0,0.0,0.0,0.0,1.0,1.0,0.0
,outer3,3,74,b812,,,,,,60.0,270.0,0.0,0.0,0.0,0.0,0.0,1.0,1.0,0.0
,outer3,3,74,b812,,,,,,60.0,300.0,0.0,0.0,0.0,0.0,0.0,1.0,1.0,0.0
,outer3,3,74,b812,,,,,,60.0,330.0,0.0,0.0,0.0,0.0,0.0,1.0,1.0,0.0
,outer3,3,74,b812,,,,,,90.0,0.0,180.0,180.0,0.0,0.0,0.0,0.0,0.0,0.0
,outer3,3,74,b812,,,,,,90.0,30.0,180.0,180.0,0.0,0.0,0.0,0.0,0.0,0.0
,outer3,3,74,b812,,,,,,90.0,60.0,180.0,180.0,0.0,0.0,0.0,0.0,0.0,0.0
,outer3,3,74,b812,,,,,,90.0,90.0,0.0,180.0,180.0,0.0,180.0,1.0,0.0,-1.0
,outer3,3,74,b812,,,,,,90.0,120.0,120.00000762939453,0.0,-120.00000762939453,0.0,-120.0,0.0,1.0,1.0
,outer3,3,74,b812,,,,,,90.0,150.0,0.0,180.0,180.0,0.0,180.0,1.0,0.0,-1.0
,outer3,3,74,b812,,,,,,90.0,180.0,0.0,0.0,0.0,0.0,0.0,1.0,1.0,0.0
,outer3,3,74,b812,,,,,,90.0,210.0,0.0,0.0,0.0,0.0,0.0,1.0,1.0,0.0
,outer3,3,74,b812,,,,,,90.0,240.0,0.0,0.0,0.0,0.0,0.0,1.0,1.0,0.0
,outer3,3,74,b812,,,,,,90.0,270.0,0.0,0.0,0.0,0.0,0.0,1.0,1.0,0.0
,outer3,3,74,b812,,,,,,90.0,300.0,60.000003814697266,180.0,119.99999618530273,0.0,120.0,0.0,0.0,0.0
,outer3,3,74,b812,,,,,,90.0,330.0,180.0,0.0,-180.0,0.0,-180.0,0.0,1.0,1.0
,outer3,3,74,b812,,,,,,120.0,0.0,0.0,0.0,0.0,0.0,0.0,1.0,1.0,0.0
,outer3,3,74,b812,,,,,,120.0,30.0,0.0,0.0,0.0,0.0,0.0,1.0,1.0,0.0
,outer3,3,74,b812,,,,,,120.0,60.0,0.0,0.0,0.0,0.0,0.0,1.0,1.0,0.0
,outer3,3,74,b812,,,,,,120.0,90.0,0.0,0.0,0.0,0.0,0.0,1.0,1.0,0.0
,outer3,3,74,b812,,,,,,120.0,120.0,0.0,0.0,0.0,0.0,0.0,1.0,1.0,0.0
,outer3,3,74,b812,,,,,,120.0,150.0,0.0,0.0,0.0,0.0,0.0,1.0,1.0,0.0
,outer3,3,74,b812,,,,,,120.0,180.0,0.0,0.0,0.0,0.0,0.0,1.0,1.0,0.0
,outer3,3,74,b812,,,,,,120.0,210.0,0.0,82.81924438476562,82.81924438476562,60.0,60.0,1.0,0.0,-1.0
,outer3,3,74,b812,,,,,,120.0,240.0,0.0,0.0,0.0,0.0,0.0,1.0,1.0,0.0
,outer3,3,74,b812,,,,,,120.0,270.0,0.0,0.0,0.0,0.0,0.0,1.0,1.0,0.0
,outer3,3,74,b812,,,,,,120.0,300.0,0.0,0.0,0.0,0.0,0.0,1.0,1.0,0.0
,outer3,3,74,b812,,,,,,120.0,330.0,0.0,0.0,0.0,0.0,0.0,1.0,1.0,0.0
,outer3,3,74,b812,,,,,,150.0,0.0,0.0,0.0,0.0,0.0,0.0,1.0,1.0,0.0
,outer3,3,74,b812,,,,,,150.0,30.0,0.0,0.0,0.0,0.0,0.0,1.0,1.0,0.0
,outer3,3,74,b812,,,,,,150.0,60.0,0.0,0.0,0.0,0.0,0.0,1.0,1.0,0.0
,outer3,3,74,b812,,,,,,150.0,90.0,0.0,0.0,0.0,0.0,0.0,1.0,1.0,0.0
,outer3,3,74,b812,,,,,,150.0,120.0,0.0,0.0,0.0,0.0,0.0,1.0,1.0,0.0
,outer3,3,74,b812,,,,,,150.0,150.0,0.0,0.0,0.0,0.0,0.0,1.0,1.0,0.0
,outer3,3,74,b812,,,,,,150.0,180.0,0.0,0.0,0.0,0.0,0.0,1.0,1.0,0.0
,outer3,3,74,b812,,,,,,150.0,210.0,0.0,0.0,0.0,0.0,0.0,1.0,1.0,0.0
,outer3,3,74,b812,,,,,,150.0,240.0,0.0,0.0,0.0,0.0,0.0,1.0,1.0,0.0
,outer3,3,74,b812,,,,,,150.0,270.0,0.0,0.0,0.0,0.0,0.0,1.0,1.0,0.0
,outer3,3,74,b812,,,,,,150.0,300.0,0.0,0.0,0.0,0.0,0.0,1.0,1.0,0.0
,outer3,3,74,b812,,,,,,150.0,330.0,0.0,0.0,0.0,0.0,0.0,1.0,1.0,0.0
,outer3,3,74,b943,,,,,,30.0,0.0,0.0,0.0,0.0,0.0,0.0,1.0,1.0,0.0
,outer3,3,74,b943,,,,,,30.0,30.0,0.0,28.95502281188965,28.95502281188965,0.0,60.0,1.0,0.0,-1.0
,outer3,3,74,b943,,,,,,30.0,60.0,0.0,0.0,0.0,0.0,0.0,1.0,1.0,0.0
,outer3,3,74,b943,,,,,,30.0,90.0,0.0,0.0,0.0,0.0,0.0,1.0,1.0,0.0
,outer3,3,74,b943,,,,,,30.0,120.0,0.0,0.0,0.0,0.0,0.0,1.0,1.0,0.0
,outer3,3,74,b943,,,,,,30.0,150.0,0.0,0.0,0.0,0.0,0.0,1.0,1.0,0.0
,outer3,3,74,b943,,,,,,30.0,180.0,0.0,0.0,0.0,0.0,0.0,1.0,1.0,0.0
,outer3,3,74,b943,,,,,,30.0,210.0,0.0,0.0,0.0,0.0,0.0,1.0,1.0,0.0
,outer3,3,74,b943,,,,,,30.0,240.0,0.0,0.0,0.0,0.0,0.0,1.0,1.0,0.0
,outer3,3,74,b943,,,,,,30.0,270.0,0.0,0.0,0.0,0.0,0.0,1.0,1.0,0.0
,outer3,3,74,b943,,,,,,30.0,300.0,0.0,0.0,0.0,0.0,0.0,1.0,1.0,0.0
,outer3,3,74,b943,,,,,,30.0,330.0,0.0,0.0,0.0,0.0,0.0,1.0,1.0,0.0
,outer3,3,74,b943,,,,,,60.0,0.0,0.0,0.0,0.0,0.0,0.0,1.0,1.0,0.0
,outer3,3,74,b943,,,,,,60.0,30.0,0.0,0.0,0.0,0.0,0.0,1.0,1.0,0.0
,outer3,3,74,b943,,,,,,60.0,60.0,128.68218994140625,0.0,-128.68218994140625,-60.0,-120.0,0.0,1.0,1.0
,outer3,3,74,b943,,,,,,60.0,90.0,0.0,30.000001907348633,30.000001907348633,30.0,0.0,1.0,0.0,-1.0
,outer3,3,74,b943,,,,,,60.0,120.0,0.0,0.0,0.0,0.0,0.0,1.0,1.0,0.0
,outer3,3,74,b943,,,,,,60.0,150.0,0.0,0.0,0.0,0.0,0.0,1.0,1.0,0.0
,outer3,3,74,b943,,,,,,60.0,180.0,0.0,30.000001907348633,30.000001907348633,30.0,0.0,1.0,0.0,-1.0
,outer3,3,74,b943,,,,,,60.0,210.0,0.0,0.0,0.0,0.0,0.0,1.0,1.0,0.0
,outer3,3,74,b943,,,,,,60.0,240.0,97.1807632446289,0.0,-97.1807632446289,0.0,-120.0,0.0,1.0,1.0
,outer3,3,74,b943,,,,,,60.0,270.0,154.09490966796875,0.0,-154.09490966796875,-60.0,-150.0,0.0,1.0,1.0
,outer3,3,74,b943,,,,,,60.0,300.0,0.0,0.0,0.0,0.0,0.0,1.0,1.0,0.0
,outer3,3,74,b943,,,,,,60.0,330.0,0.0,25.90509033203125,25.90509033203125,0.0,30.0,1.0,0.0,-1.0
,outer3,3,74,b943,,,,,,90.0,0.0,180.0,0.0,-180.0,0.0,-180.0,0.0,1.0,1.0
,outer3,3,74,b943,,,,,,90.0,30.0,180.0,0.0,-180.0,0.0,-180.0,0.0,1.0,1.0
,outer3,3,74,b943,,,,,,90.0,60.0,60.000003814697266,60.000003814697266,0.0,0.0,0.0,0.0,0.0,0.0
,outer3,3,74,b943,,,,,,90.0,90.0,180.0,0.0,-180.0,0.0,-180.0,0.0,1.0,1.0
,outer3,3,74,b943,,,,,,90.0,120.0,180.0,0.0,-180.0,0.0,-180.0,0.0,1.0,1.0
,outer3,3,74,b943,,,,,,90.0,150.0,60.000003814697266,180.0,119.99999618530273,0.0,120.0,0.0,0.0,0.0
,outer3,3,74,b943,,,,,,90.0,180.0,0.0,180.0,180.0,0.0,180.0,1.0,0.0,-1.0
,outer3,3,74,b943,,,,,,90.0,210.0,0.0,180.0,180.0,0.0,180.0,1.0,0.0,-1.0
,outer3,3,74,b943,,,,,,90.0,240.0,60.000003814697266,120.00000762939453,60.000003814697266,0.0,60.0,0.0,0.0,0.0
,outer3,3,74,b943,,,,,,90.0,270.0,0.0,180.0,180.0,0.0,180.0,1.0,0.0,-1.0
,outer3,3,74,b943,,,,,,90.0,300.0,0.0,180.0,180.0,0.0,180.0,1.0,0.0,-1.0
,outer3,3,74,b943,,,,,,90.0,330.0,120.00000762939453,0.0,-120.00000762939453,0.0,-120.0,0.0,1.0,1.0
,outer3,3,74,b943,,,,,,120.0,0.0,0.0,0.0,0.0,0.0,0.0,1.0,1.0,0.0
,outer3,3,74,b943,,,,,,120.0,30.0,0.0,0.0,0.0,0.0,0.0,1.0,1.0,0.0
,outer3,3,74,b943,,,,,,120.0,60.0,25.905075073242188,0.0,-25.905075073242188,0.0,-30.0,0.0,1.0,1.0
,outer3,3,74,b943,,,,,,120.0,90.0,0.0,0.0,0.0,0.0,0.0,1.0,1.0,0.0
,outer3,3,74,b943,,,,,,120.0,120.0,0.0,0.0,0.0,0.0,0.0,1.0,1.0,0.0
,outer3,3,74,b943,,,,,,120.0,150.0,0.0,0.0,0.0,0.0,0.0,1.0,1.0,0.0
,outer3,3,74,b943,,,,,,120.0,180.0,0.0,0.0,0.0,0.0,0.0,1.0,1.0,0.0
,outer3,3,74,b943,,,,,,120.0,210.0,82.81924438476562,0.0,-82.81924438476562,-60.0,-60.0,0.0,1.0,1.0
,outer3,3,74,b943,,,,,,120.0,240.0,0.0,0.0,0.0,0.0,0.0,1.0,1.0,0.0
,outer3,3,74,b943,,,,,,120.0,270.0,0.0,0.0,0.0,0.0,0.0,1.0,1.0,0.0
,outer3,3,74,b943,,,,,,120.0,300.0,0.0,0.0,0.0,0.0,0.0,1.0,1.0,0.0
,outer3,3,74,b943,,,,,,120.0,330.0,0.0,0.0,0.0,0.0,0.0,1.0,1.0,0.0
,outer3,3,74,b943,,,,,,150.0,0.0,0.0,0.0,0.0,0.0,0.0,1.0,1.0,0.0
,outer3,3,74,b943,,,,,,150.0,30.0,0.0,0.0,0.0,0.0,0.0,1.0,1.0,0.0
,outer3,3,74,b943,,,,,,150.0,60.0,0.0,0.0,0.0,0.0,0.0,1.0,1.0,0.0
,outer3,3,74,b943,,,,,,150.0,90.0,0.0,0.0,0.0,0.0,0.0,1.0,1.0,0.0
,outer3,3,74,b943,,,,,,150.0,120.0,0.0,0.0,0.0,0.0,0.0,1.0,1.0,0.0
,outer3,3,74,b943,,,,,,150.0,150.0,0.0,0.0,0.0,0.0,0.0,1.0,1.0,0.0
,outer3,3,74,b943,,,,,,150.0,180.0,0.0,0.0,0.0,0.0,0.0,1.0,1.0,0.0
,outer3,3,74,b943,,,,,,150.0,210.0,0.0,0.0,0.0,0.0,0.0,1.0,1.0,0.0
,outer3,3,74,b943,,,,,,150.0,240.0,0.0,0.0,0.0,0.0,0.0,1.0,1.0,0.0
,outer3,3,74,b943,,,,,,150.0,270.0,0.0,0.0,0.0,0.0,0.0,1.0,1.0,0.0
,outer3,3,74,b943,,,,,,150.0,300.0,0.0,0.0,0.0,0.0,0.0,1.0,1.0,0.0
,outer3,3,74,b943,,,,,,150.0,330.0,0.0,0.0,0.0,0.0,0.0,1.0,1.0,0.0
,outer3,3,74,b974,,,,,,30.0,0.0,0.0,0.0,0.0,0.0,0.0,1.0,1.0,0.0
,outer3,3,74,b974,,,,,,30.0,30.0,0.0,0.0,0.0,0.0,0.0,1.0,1.0,0.0
,outer3,3,74,b974,,,,,,30.0,60.0,0.0,0.0,0.0,0.0,0.0,1.0,1.0,0.0
,outer3,3,74,b974,,,,,,30.0,90.0,0.0,0.0,0.0,0.0,0.0,1.0,1.0,0.0
,outer3,3,74,b974,,,,,,30.0,120.0,0.0,0.0,0.0,0.0,0.0,1.0,1.0,0.0
,outer3,3,74,b974,,,,,,30.0,150.0,0.0,0.0,0.0,0.0,0.0,1.0,1.0,0.0
,outer3,3,74,b974,,,,,,30.0,180.0,0.0,0.0,0.0,0.0,0.0,1.0,1.0,0.0
,outer3,3,74,b974,,,,,,30.0,210.0,0.0,0.0,0.0,0.0,0.0,1.0,1.0,0.0
,outer3,3,74,b974,,,,,,30.0,240.0,0.0,0.0,0.0,0.0,0.0,1.0,1.0,0.0
,outer3,3,74,b974,,,,,,30.0,270.0,0.0,0.0,0.0,0.0,0.0,1.0,1.0,0.0
,outer3,3,74,b974,,,,,,30.0,300.0,0.0,0.0,0.0,0.0,0.0,1.0,1.0,0.0
,outer3,3,74,b974,,,,,,30.0,330.0,0.0,0.0,0.0,0.0,0.0,1.0,1.0,0.0
,outer3,3,74,b974,,,,,,60.0,0.0,0.0,0.0,0.0,0.0,0.0,1.0,1.0,0.0
,outer3,3,74,b974,,,,,,60.0,30.0,0.0,0.0,0.0,0.0,0.0,1.0,1.0,0.0
,outer3,3,74,b974,,,,,,60.0,60.0,0.0,0.0,0.0,0.0,0.0,1.0,1.0,0.0
,outer3,3,74,b974,,,,,,60.0,90.0,0.0,0.0,0.0,0.0,0.0,1.0,1.0,0.0
,outer3,3,74,b974,,,,,,60.0,120.0,0.0,0.0,0.0,0.0,0.0,1.0,1.0,0.0
,outer3,3,74,b974,,,,,,60.0,150.0,0.0,25.905075073242188,25.905075073242188,0.0,30.0,1.0,0.0,-1.0
,outer3,3,74,b974,,,,,,60.0,180.0,0.0,0.0,0.0,0.0,0.0,1.0,1.0,0.0
,outer3,3,74,b974,,,,,,60.0,210.0,0.0,0.0,0.0,0.0,0.0,1.0,1.0,0.0
,outer3,3,74,b974,,,,,,60.0,240.0,0.0,0.0,0.0,0.0,0.0,1.0,1.0,0.0
,outer3,3,74,b974,,,,,,60.0,270.0,0.0,0.0,0.0,0.0,0.0,1.0,1.0,0.0
,outer3,3,74,b974,,,,,,60.0,300.0,0.0,0.0,0.0,0.0,0.0,1.0,1.0,0.0
,outer3,3,74,b974,,,,,,60.0,330.0,0.0,0.0,0.0,0.0,0.0,1.0,1.0,0.0
,outer3,3,74,b974,,,,,,90.0,0.0,180.0,180.0,0.0,0.0,0.0,0.0,0.0,0.0
,outer3,3,74,b974,,,,,,90.0,30.0,180.0,0.0,-180.0,0.0,-180.0,0.0,1.0,1.0
,outer3,3,74,b974,,,,,,90.0,60.0,180.0,0.0,-180.0,0.0,-180.0,0.0,1.0,1.0
,outer3,3,74,b974,,,,,,90.0,90.0,0.0,0.0,0.0,0.0,0.0,1.0,1.0,0.0
,outer3,3,74,b974,,,,,,90.0,120.0,180.0,0.0,-180.0,0.0,-180.0,0.0,1.0,1.0
,outer3,3,74,b974,,,,,,90.0,150.0,180.0,0.0,-180.0,0.0,-180.0,0.0,1.0,1.0
,outer3,3,74,b974,,,,,,90.0,180.0,0.0,0.0,0.0,0.0,0.0,1.0,1.0,0.0
,outer3,3,74,b974,,,,,,90.0,210.0,0.0,180.0,180.0,0.0,180.0,1.0,0.0,-1.0
,outer3,3,74,b974,,,,,,90.0,240.0,0.0,180.0,180.0,0.0,180.0,1.0,0.0,-1.0
,outer3,3,74,b974,,,,,,90.0,270.0,0.0,0.0,0.0,0.0,0.0,1.0,1.0,0.0
,outer3,3,74,b974,,,,,,90.0,300.0,0.0,180.0,180.0,0.0,180.0,1.0,0.0,-1.0
,outer3,3,74,b974,,,,,,90.0,330.0,0.0,180.0,180.0,0.0,180.0,1.0,0.0,-1.0
,outer3,3,74,b974,,,,,,120.0,0.0,0.0,0.0,0.0,0.0,0.0,1.0,1.0,0.0
,outer3,3,74,b974,,,,,,120.0,30.0,0.0,0.0,0.0,0.0,0.0,1.0,1.0,0.0
,outer3,3,74,b974,,,,,,120.0,60.0,0.0,0.0,0.0,0.0,0.0,1.0,1.0,0.0
,outer3,3,74,b974,,,,,,120.0,90.0,0.0,0.0,0.0,0.0,0.0,1.0,1.0,0.0
,outer3,3,74,b974,,,,,,120.0,120.0,0.0,0.0,0.0,0.0,0.0,1.0,1.0,0.0
,outer3,3,74,b974,,,,,,120.0,150.0,0.0,82.81924438476562,82.81924438476562,60.0,60.0,1.0,0.0,-1.0
,outer3,3,74,b974,,,,,,120.0,180.0,0.0,0.0,0.0,0.0,0.0,1.0,1.0,0.0
,outer3,3,74,b974,,,,,,120.0,210.0,0.0,0.0,0.0,0.0,0.0,1.0,1.0,0.0
,outer3,3,74,b974,,,,,,120.0,240.0,0.0,0.0,0.0,0.0,0.0,1.0,1.0,0.0
,outer3,3,74,b974,,,,,,120.0,270.0,0.0,60.000003814697266,60.000003814697266,60.0,0.0,1.0,0.0,-1.0
,outer3,3,74,b974,,,,,,120.0,300.0,0.0,0.0,0.0,0.0,0.0,1.0,1.0,0.0
,outer3,3,74,b974,,,,,,120.0,330.0,0.0,0.0,0.0,0.0,0.0,1.0,1.0,0.0
,outer3,3,74,b974,,,,,,150.0,0.0,0.0,0.0,0.0,0.0,0.0,1.0,1.0,0.0
,outer3,3,74,b974,,,,,,150.0,30.0,0.0,0.0,0.0,0.0,0.0,1.0,1.0,0.0
,outer3,3,74,b974,,,,,,150.0,60.0,0.0,0.0,0.0,0.0,0.0,1.0,1.0,0.0
,outer3,3,74,b974,,,,,,150.0,90.0,0.0,0.0,0.0,0.0,0.0,1.0,1.0,0.0
,outer3,3,74,b974,,,,,,150.0,120.0,0.0,0.0,0.0,0.0,0.0,1.0,1.0,0.0
,outer3,3,74,b974,,,,,,150.0,150.0,0.0,0.0,0.0,0.0,0.0,1.0,1.0,0.0
,outer3,3,74,b974,,,,,,150.0,180.0,0.0,0.0,0.0,0.0,0.0,1.0,1.0,0.0
,outer3,3,74,b974,,,,,,150.0,210.0,0.0,0.0,0.0,0.0,0.0,1.0,1.0,0.0
,outer3,3,74,b974,,,,,,150.0,240.0,0.0,0.0,0.0,0.0,0.0,1.0,1.0,0.0
,outer3,3,74,b974,,,,,,150.0,270.0,0.0,0.0,0.0,0.0,0.0,1.0,1.0,0.0
,outer3,3,74,b974,,,,,,150.0,300.0,0.0,0.0,0.0,0.0,0.0,1.0,1.0,0.0
,outer3,3,74,b974,,,,,,150.0,330.0,0.0,0.0,0.0,0.0,0.0,1.0,1.0,0.0
,outer3,3,74,b97b,,,,,,30.0,0.0,90.0,0.0,-90.0,-30.0,-180.0,0.0,1.0,1.0
,outer3,3,74,b97b,,,,,,30.0,30.0,14.870942115783691,0.0,-14.870942115783691,0.0,-30.0,0.0,1.0,1.0
,outer3,3,74,b97b,,,,,,30.0,60.0,0.0,0.0,0.0,0.0,0.0,1.0,1.0,0.0
,outer3,3,74,b97b,,,,,,30.0,90.0,0.0,0.0,0.0,0.0,0.0,1.0,1.0,0.0
,outer3,3,74,b97b,,,,,,30.0,120.0,0.0,0.0,0.0,0.0,0.0,1.0,1.0,0.0
,outer3,3,74,b97b,,,,,,30.0,150.0,60.000003814697266,0.0,-60.000003814697266,0.0,-180.0,0.0,1.0,1.0
,outer3,3,74,b97b,,,,,,30.0,180.0,30.000001907348633,0.0,-30.000001907348633,-30.0,0.0,0.0,1.0,1.0
,outer3,3,74,b97b,,,,,,30.0,210.0,0.0,0.0,0.0,0.0,0.0,1.0,1.0,0.0
,outer3,3,74,b97b,,,,,,30.0,240.0,0.0,57.7581901550293,57.7581901550293,0.0,150.0,1.0,0.0,-1.0
,outer3,3,74,b97b,,,,,,30.0,270.0,0.0,60.000003814697266,60.000003814697266,0.0,180.0,1.0,0.0,-1.0
,outer3,3,74,b97b,,,,,,30.0,300.0,0.0,0.0,0.0,0.0,0.0,1.0,1.0,0.0
,outer3,3,74,b97b,,,,,,30.0,330.0,0.0,0.0,0.0,0.0,0.0,1.0,1.0,0.0
,outer3,3,74,b97b,,,,,,60.0,0.0,120.00000762939453,150.0,29.99999237060547,90.0,0.0,0.0,0.0,0.0
,outer3,3,74,b97b,,,,,,60.0,30.0,0.0,0.0,0.0,0.0,0.0,1.0,1.0,0.0
,outer3,3,74,b97b,,,,,,60.0,60.0,0.0,0.0,0.0,0.0,0.0,1.0,1.0,0.0
,outer3,3,74,b97b,,,,,,60.0,90.0,0.0,0.0,0.0,0.0,0.0,1.0,1.0,0.0
,outer3,3,74,b97b,,,,,,60.0,120.0,0.0,0.0,0.0,0.0,0.0,1.0,1.0,0.0
,outer3,3,74,b97b,,,,,,60.0,150.0,0.0,66.45188903808594,66.45188903808594,60.0,30.0,1.0,0.0,-1.0
,outer3,3,74,b97b,,,,,,60.0,180.0,0.0,30.000001907348633,30.000001907348633,30.0,0.0,1.0,0.0,-1.0
,outer3,3,74,b97b,,,,,,60.0,210.0,0.0,0.0,0.0,0.0,0.0,1.0,1.0,0.0
,outer3,3,74,b97b,,,,,,60.0,240.0,97.1807632446289,128.6822052001953,31.501441955566406,60.0,0.0,0.0,0.0,0.0
,outer3,3,74,b97b,,,,,,60.0,270.0,113.5481185913086,0.0,-113.5481185913086,0.0,-150.0,0.0,1.0,1.0
,outer3,3,74,b97b,,,,,,60.0,300.0,120.00000762939453,0.0,-120.00000762939453,0.0,-180.0,0.0,1.0,1.0
,outer3,3,74,b97b,,,,,,60.0,330.0,0.0,0.0,0.0,0.0,0.0,1.0,1.0,0.0
,outer3,3,74,b97b,,,,,,90.0,0.0,180.0,0.0,-180.0,0.0,-180.0,0.0,1.0,1.0
,outer3,3,74,b97b,,,,,,90.0,30.0,0.0,0.0,0.0,0.0,0.0,1.0,1.0,0.0
,outer3,3,74,b97b,,,,,,90.0,60.0,0.0,0.0,0.0,0.0,0.0,1.0,1.0,0.0
,outer3,3,74,b97b,,,,,,90.0,90.0,0.0,0.0,0.0,0.0,0.0,1.0,1.0,0.0
,outer3,3,74,b97b,,,,,,90.0,120.0,60.000003814697266,0.0,-60.000003814697266,0.0,-60.0,0.0,1.0,1.0
,outer3,3,74,b97b,,,,,,90.0,150.0,60.000003814697266,0.0,-60.000003814697266,0.0,-60.0,0.0,1.0,1.0
,outer3,3,74,b97b,,,,,,90.0,180.0,0.0,180.0,180.0,0.0,180.0,1.0,0.0,-1.0
,outer3,3,74,b97b,,,,,,90.0,210.0,180.0,180.0,0.0,0.0,0.0,0.0,0.0,0.0
,outer3,3,74,b97b,,,,,,90.0,240.0,180.0,0.0,-180.0,0.0,-180.0,0.0,1.0,1.0
,outer3,3,74,b97b,,,,,,90.0,270.0,180.0,180.0,0.0,0.0,0.0,0.0,0.0,0.0
,outer3,3,74,b97b,,,,,,90.0,300.0,119.99999237060547,180.0,60.00000762939453,0.0,60.0,0.0,0.0,0.0
,outer3,3,74,b97b,,,,,,90.0,330.0,120.00000762939453,180.0,59.99999237060547,0.0,60.0,0.0,0.0,0.0
,outer3,3,74,b97b,,,,,,120.0,0.0,0.0,150.0,150.0,90.0,180.0,1.0,0.0,-1.0
,outer3,3,74,b97b,,,,,,120.0,30.0,120.00000762939453,0.0,-120.00000762939453,0.0,-180.0,0.0,1.0,1.0
,outer3,3,74,b97b,,,,,,120.0,60.0,25.905075073242188,0.0,-25.905075073242188,0.0,-30.0,0.0,1.0,1.0
,outer3,3,74,b97b,,,,,,120.0,90.0,25.905075073242188,0.0,-25.905075073242188,0.0,-30.0,0.0,1.0,1.0
,outer3,3,74,b97b,,,,,,120.0,120.0,0.0,0.0,0.0,0.0,0.0,1.0,1.0,0.0
,outer3,3,74,b97b,,,,,,120.0,150.0,0.0,82.81924438476562,82.81924438476562,60.0,60.0,1.0,0.0,-1.0
,outer3,3,74,b97b,,,,,,120.0,180.0,120.00000762939453,29.99998664855957,-90.00002098083496,30.0,-180.0,0.0,0.0,0.0
,outer3,3,74,b97b,,,,,,120.0,210.0,82.81924438476562,93.32575225830078,10.506507873535156,30.0,-30.0,0.0,0.0,0.0
,outer3,3,74,b97b,,,,,,120.0,240.0,0.0,0.0,0.0,0.0,0.0,1.0,1.0,0.0
,outer3,3,74,b97b,,,,,,120.0,270.0,120.00000762939453,180.0,59.99999237060547,60.0,0.0,0.0,0.0,0.0
,outer3,3,74,b97b,,,,,,120.0,300.0,0.0,0.0,0.0,0.0,0.0,1.0,1.0,0.0
,outer3,3,74,b97b,,,,,,120.0,330.0,0.0,0.0,0.0,0.0,0.0,1.0,1.0,0.0
,outer3,3,74,b97b,,,,,,150.0,0.0,29.99998664855957,0.0,-29.99998664855957,-30.0,0.0,0.0,1.0,1.0
,outer3,3,74,b97b,,,,,,150.0,30.0,0.0,0.0,0.0,0.0,0.0,1.0,1.0,0.0
,outer3,3,74,b97b,,,,,,150.0,60.0,0.0,0.0,0.0,0.0,0.0,1.0,1.0,0.0
,outer3,3,74,b97b,,,,,,150.0,90.0,0.0,0.0,0.0,0.0,0.0,1.0,1.0,0.0
,outer3,3,74,b97b,,,,,,150.0,120.0,0.0,0.0,0.0,0.0,0.0,1.0,1.0,0.0
,outer3,3,74,b97b,,,,,,150.0,150.0,0.0,122.24180603027344,122.24180603027344,120.0,30.0,1.0,0.0,-1.0
,outer3,3,74,b97b,,,,,,150.0,180.0,29.99998664855957,0.0,-29.99998664855957,-30.0,0.0,0.0,1.0,1.0
,outer3,3,74,b97b,,,,,,150.0,210.0,0.0,0.0,0.0,0.0,0.0,1.0,1.0,0.0
,outer3,3,74,b97b,,,,,,150.0,240.0,0.0,0.0,0.0,0.0,0.0,1.0,1.0,0.0
,outer3,3,74,b97b,,,,,,150.0,270.0,0.0,180.0,180.0,120.0,180.0,1.0,0.0,-1.0
,outer3,3,74,b97b,,,,,,150.0,300.0,0.0,0.0,0.0,0.0,0.0,1.0,1.0,0.0
,outer3,3,74,b97b,,,,,,150.0,330.0,0.0,0.0,0.0,0.0,0.0,1.0,1.0,0.0
,outer3,3,74,bc2c,,,,,,30.0,0.0,30.000001907348633,90.0,59.99999809265137,0.0,180.0,0.0,0.0,0.0
,outer3,3,74,bc2c,,,,,,30.0,30.0,138.59039306640625,102.50392150878906,-36.08647155761719,-30.0,-30.0,0.0,0.0,0.0
,outer3,3,74,bc2c,,,,,,30.0,60.0,60.000003814697266,60.000003814697266,0.0,0.0,0.0,0.0,0.0,0.0
,outer3,3,74,bc2c,,,,,,30.0,90.0,14.870942115783691,122.24180603027344,107.37086391448975,120.0,0.0,0.0,0.0,0.0
,outer3,3,74,bc2c,,,,,,30.0,120.0,90.0,64.34110260009766,-25.658897399902344,0.0,-90.0,0.0,0.0,0.0
,outer3,3,74,bc2c,,,,,,30.0,150.0,49.494651794433594,180.0,130.5053482055664,90.0,120.0,0.0,0.0,0.0
,outer3,3,74,bc2c,,,,,,30.0,180.0,60.000003814697266,60.000003814697266,0.0,-60.0,180.0,0.0,0.0,0.0
,outer3,3,74,bc2c,,,,,,30.0,210.0,60.000003814697266,57.7581901550293,-2.2418136596679688,0.0,-30.0,0.0,0.0,0.0
,outer3,3,74,bc2c,,,,,,30.0,240.0,0.0,0.0,0.0,0.0,0.0,1.0,1.0,0.0
,outer3,3,74,bc2c,,,,,,30.0,270.0,165.12905883789062,0.0,-165.12905883789062,-120.0,-150.0,0.0,1.0,1.0
,outer3,3,74,bc2c,,,,,,30.0,300.0,30.000001907348633,64.34110260009766,34.34110069274902,30.0,30.0,0.0,0.0,0.0
,outer3,3,74,bc2c,,,,,,30.0,330.0,93.32575988769531,60.000003814697266,-33.32575607299805,-90.0,150.0,0.0,0.0,0.0
,outer3,3,74,bc2c,,,,,,60.0,0.0,0.0,90.0,90.0,30.0,180.0,1.0,0.0,-1.0
,outer3,3,74,bc2c,,,,,,60.0,30.0,82.81924438476562,0.0,-82.81924438476562,-60.0,-60.0,0.0,1.0,1.0
,outer3,3,74,bc2c,,,,,,60.0,60.0,0.0,0.0,0.0,0.0,0.0,1.0,1.0,0.0
,outer3,3,74,bc2c,,,,,,60.0,90.0,113.5481185913086,120.00000762939453,6.4518890380859375,0.0,30.0,0.0,0.0,0.0
,outer3,3,74,bc2c,,,,,,60.0,120.0,120.00000762939453,25.905075073242188,-94.09493255615234,0.0,-150.0,0.0,0.0,0.0
,outer3,3,74,bc2c,,,,,,60.0,150.0,51.31781005859375,60.000003814697266,8.682193756103516,60.0,-60.0,0.0,0.0,0.0
,outer3,3,74,bc2c,,,,,,60.0,180.0,29.999998092651367,36.097782135009766,6.097784042358398,0.0,30.0,0.0,0.0,0.0
,outer3,3,74,bc2c,,,,,,60.0,210.0,60.000003814697266,60.000003814697266,0.0,0.0,0.0,0.0,0.0,0.0
,outer3,3,74,bc2c,,,,,,60.0,240.0,128.6822052001953,60.000003814697266,-68.68220138549805,0.0,-120.0,0.0,0.0,0.0
,outer3,3,74,bc2c,,,,,,60.0,270.0,113.5481185913086,86.67425537109375,-26.873863220214844,30.0,0.0,0.0,0.0,0.0
,outer3,3,74,bc2c,,,,,,60.0,300.0,104.47750854492188,128.68218994140625,24.204681396484375,0.0,30.0,0.0,0.0,0.0
,outer3,3,74,bc2c,,,,,,60.0,330.0,180.0,120.00000762939453,-59.99999237060547,-60.0,0.0,0.0,0.0,0.0
,outer3,3,74,bc2c,,,,,,90.0,0.0,180.0,180.0,0.0,0.0,0.0,0.0,0.0,0.0
,outer3,3,74,bc2c,,,,,,90.0,30.0,0.0,150.0,150.0,0.0,150.0,1.0,0.0,-1.0
,outer3,3,74,bc2c,,,,,,90.0,60.0,0.0,180.0,180.0,0.0,180.0,1.0,0.0,-1.0
,outer3,3,74,bc2c,,,,,,90.0,90.0,0.0,0.0,0.0,0.0,0.0,1.0,1.0,0.0
,outer3,3,74,bc2c,,,,,,90.0,120.0,120.00000762939453,150.0,29.99999237060547,0.0,30.0,0.0,0.0,0.0
,outer3,3,74,bc2c,,,,,,90.0,150.0,30.000001907348633,30.000001907348633,0.0,0.0,0.0,0.0,0.0,0.0
,outer3,3,74,bc2c,,,,,,90.0,180.0,0.0,0.0,0.0,0.0,0.0,1.0,1.0,0.0
,outer3,3,74,bc2c,,,,,,90.0,210.0,180.0,0.0,-180.0,0.0,-180.0,0.0,1.0,1.0
,outer3,3,74,bc2c,,,,,,90.0,240.0,0.0,150.0,150.0,0.0,150.0,1.0,0.0,-1.0
,outer3,3,74,bc2c,,,,,,90.0,270.0,180.0,180.0,0.0,0.0,0.0,0.0,0.0,0.0
,outer3,3,74,bc2c,,,,,,90.0,300.0,60.000003814697266,30.000001907348633,-30.000001907348633,0.0,-30.0,0.0,0.0,0.0
,outer3,3,74,bc2c,,,,,,90.0,330.0,150.0,120.00000762939453,-29.99999237060547,0.0,-30.0,0.0,0.0,0.0
,outer3,3,74,bc2c,,,,,,120.0,0.0,0.0,90.0,90.0,30.0,180.0,1.0,0.0,-1.0
,outer3,3,74,bc2c,,,,,,120.0,30.0,0.0,82.81924438476562,82.81924438476562,60.0,60.0,1.0,0.0,-1.0
,outer3,3,74,bc2c,,,,,,120.0,60.0,25.905075073242188,0.0,-25.905075073242188,0.0,-30.0,0.0,1.0,1.0
,outer3,3,74,bc2c,,,,,,120.0,90.0,90.0,113.54811096191406,23.548110961914062,-30.0,-30.0,0.0,0.0,0.0
,outer3,3,74,bc2c,,,,,,120.0,120.0,90.0,97.18075561523438,7.180755615234375,-30.0,30.0,0.0,0.0,0.0
,outer3,3,74,bc2c,,,,,,120.0,150.0,0.0,60.000003814697266,60.000003814697266,60.0,0.0,1.0,0.0,-1.0
,outer3,3,74,bc2c,,,,,,120.0,180.0,0.0,90.0,90.0,90.0,0.0,1.0,0.0,-1.0
,outer3,3,74,bc2c,,,,,,120.0,210.0,97.18075561523438,82.81924438476562,-14.36151123046875,60.0,-60.0,0.0,0.0,0.0
,outer3,3,74,bc2c,,,,,,120.0,240.0,97.18075561523438,60.000003814697266,-37.18075180053711,60.0,-120.0,0.0,0.0,0.0
,outer3,3,74,bc2c,,,,,,120.0,270.0,150.0,180.0,30.0,-30.0,0.0,0.0,0.0,0.0
,outer3,3,74,bc2c,,,,,,120.0,300.0,128.68218994140625,128.68218994140625,0.0,0.0,0.0,0.0,0.0,0.0
,outer3,3,74,bc2c,,,,,,120.0,330.0,120.00000762939453,120.00000762939453,0.0,0.0,0.0,0.0,0.0,0.0
,outer3,3,74,bc2c,,,,,,150.0,0.0,29.99998664855957,0.0,-29.99998664855957,-30.0,0.0,0.0,1.0,1.0
,outer3,3,74,bc2c,,,,,,150.0,30.0,122.24180603027344,165.12905883789062,42.88725280761719,0.0,120.0,0.0,0.0,0.0
,outer3,3,74,bc2c,,,,,,150.0,60.0,57.7581901550293,60.000003814697266,2.2418136596679688,0.0,30.0,0.0,0.0,0.0
,outer3,3,74,bc2c,,,,,,150.0,90.0,57.7581901550293,165.12905883789062,107.37086868286133,120.0,0.0,0.0,0.0,0.0
,outer3,3,74,bc2c,,,,,,150.0,120.0,90.0,41.40962219238281,-48.59037780761719,-60.0,0.0,0.0,0.0,0.0
,outer3,3,74,bc2c,,,,,,150.0,150.0,36.09777069091797,29.99998664855957,-6.097784042358398,0.0,-30.0,0.0,0.0,0.0
,outer3,3,74,bc2c,,,,,,150.0,180.0,29.99998664855957,0.0,-29.99998664855957,-30.0,0.0,0.0,1.0,1.0
,outer3,3,74,bc2c,,,,,,150.0,210.0,57.7581901550293,60.000003814697266,2.2418136596679688,0.0,30.0,0.0,0.0,0.0
,outer3,3,74,bc2c,,,,,,150.0,240.0,120.00000762939453,0.0,-120.00000762939453,-120.0,0.0,0.0,1.0,1.0
,outer3,3,74,bc2c,,,,,,150.0,270.0,180.0,122.24180603027344,-57.75819396972656,0.0,-150.0,0.0,0.0,0.0
,outer3,3,74,bc2c,,,,,,150.0,300.0,104.47750854492188,29.99998664855957,-74.4775218963623,-30.0,-120.0,0.0,0.0,0.0
,outer3,3,74,bc2c,,,,,,150.0,330.0,29.99998664855957,29.99998664855957,0.0,0.0,0.0,0.0,0.0,0.0
,outer3,3,75,b812,,,,,,30.0,0.0,0.0,0.0,0.0,0.0,0.0,1.0,1.0,0.0
,outer3,3,75,b812,,,,,,30.0,30.0,0.0,0.0,0.0,0.0,0.0,1.0,1.0,0.0
,outer3,3,75,b812,,,,,,30.0,60.0,0.0,0.0,0.0,0.0,0.0,1.0,1.0,0.0
,outer3,3,75,b812,,,,,,30.0,90.0,0.0,0.0,0.0,0.0,0.0,1.0,1.0,0.0
,outer3,3,75,b812,,,,,,30.0,120.0,0.0,0.0,0.0,0.0,0.0,1.0,1.0,0.0
,outer3,3,75,b812,,,,,,30.0,150.0,0.0,0.0,0.0,0.0,0.0,1.0,1.0,0.0
,outer3,3,75,b812,,,,,,30.0,180.0,0.0,0.0,0.0,0.0,0.0,1.0,1.0,0.0
,outer3,3,75,b812,,,,,,30.0,210.0,0.0,0.0,0.0,0.0,0.0,1.0,1.0,0.0
,outer3,3,75,b812,,,,,,30.0,240.0,0.0,0.0,0.0,0.0,0.0,1.0,1.0,0.0
,outer3,3,75,b812,,,,,,30.0,270.0,0.0,0.0,0.0,0.0,0.0,1.0,1.0,0.0
,outer3,3,75,b812,,,,,,30.0,300.0,0.0,0.0,0.0,0.0,0.0,1.0,1.0,0.0
,outer3,3,75,b812,,,,,,30.0,330.0,0.0,0.0,0.0,0.0,0.0,1.0,1.0,0.0
,outer3,3,75,b812,,,,,,60.0,0.0,0.0,0.0,0.0,0.0,0.0,1.0,1.0,0.0
,outer3,3,75,b812,,,,,,60.0,30.0,0.0,120.00000762939453,120.00000762939453,0.0,180.0,1.0,0.0,-1.0
,outer3,3,75,b812,,,,,,60.0,60.0,0.0,0.0,0.0,0.0,0.0,1.0,1.0,0.0
,outer3,3,75,b812,,,,,,60.0,90.0,0.0,0.0,0.0,0.0,0.0,1.0,1.0,0.0
,outer3,3,75,b812,,,,,,60.0,120.0,0.0,0.0,0.0,0.0,0.0,1.0,1.0,0.0
,outer3,3,75,b812,,,,,,60.0,150.0,0.0,0.0,0.0,0.0,0.0,1.0,1.0,0.0
,outer3,3,75,b812,,,,,,60.0,180.0,0.0,0.0,0.0,0.0,0.0,1.0,1.0,0.0
,outer3,3,75,b812,,,,,,60.0,210.0,0.0,82.81924438476562,82.81924438476562,60.0,60.0,1.0,0.0,-1.0
,outer3,3,75,b812,,,,,,60.0,240.0,0.0,0.0,0.0,0.0,0.0,1.0,1.0,0.0
,outer3,3,75,b812,,,,,,60.0,270.0,0.0,0.0,0.0,0.0,0.0,1.0,1.0,0.0
,outer3,3,75,b812,,,,,,60.0,300.0,0.0,0.0,0.0,0.0,0.0,1.0,1.0,0.0
,outer3,3,75,b812,,,,,,60.0,330.0,0.0,0.0,0.0,0.0,0.0,1.0,1.0,0.0
,outer3,3,75,b812,,,,,,90.0,0.0,0.0,180.0,180.0,0.0,180.0,1.0,0.0,-1.0
,outer3,3,75,b812,,,,,,90.0,30.0,120.00000762939453,180.0,59.99999237060547,0.0,60.0,0.0,0.0,0.0
,outer3,3,75,b812,,,,,,90.0,60.0,0.0,0.0,0.0,0.0,0.0,1.0,1.0,0.0
,outer3,3,75,b812,,,,,,90.0,90.0,0.0,180.0,180.0,0.0,180.0,1.0,0.0,-1.0
,outer3,3,75,b812,,,,,,90.0,120.0,180.0,180.0,0.0,0.0,0.0,0.0,0.0,0.0
,outer3,3,75,b812,,,,,,90.0,150.0,180.0,0.0,-180.0,0.0,-180.0,0.0,1.0,1.0
,outer3,3,75,b812,,,,,,90.0,180.0,180.0,0.0,-180.0,0.0,-180.0,0.0,1.0,1.0
,outer3,3,75,b812,,,,,,90.0,210.0,0.0,0.0,0.0,0.0,0.0,1.0,1.0,0.0
,outer3,3,75,b812,,,,,,90.0,240.0,0.0,180.0,180.0,0.0,180.0,1.0,0.0,-1.0
,outer3,3,75,b812,,,,,,90.0,270.0,0.0,0.0,0.0,0.0,0.0,1.0,1.0,0.0
,outer3,3,75,b812,,,,,,90.0,300.0,0.0,0.0,0.0,0.0,0.0,1.0,1.0,0.0
,outer3,3,75,b812,,,,,,90.0,330.0,0.0,180.0,180.0,0.0,180.0,1.0,0.0,-1.0
,outer3,3,75,b812,,,,,,120.0,0.0,0.0,0.0,0.0,0.0,0.0,1.0,1.0,0.0
,outer3,3,75,b812,,,,,,120.0,30.0,0.0,0.0,0.0,0.0,0.0,1.0,1.0,0.0
,outer3,3,75,b812,,,,,,120.0,60.0,0.0,0.0,0.0,0.0,0.0,1.0,1.0,0.0
,outer3,3,75,b812,,,,,,120.0,90.0,0.0,0.0,0.0,0.0,0.0,1.0,1.0,0.0
,outer3,3,75,b812,,,,,,120.0,120.0,0.0,0.0,0.0,0.0,0.0,1.0,1.0,0.0
,outer3,3,75,b812,,,,,,120.0,150.0,0.0,0.0,0.0,0.0,0.0,1.0,1.0,0.0
,outer3,3,75,b812,,,,,,120.0,180.0,0.0,0.0,0.0,0.0,0.0,1.0,1.0,0.0
,outer3,3,75,b812,,,,,,120.0,210.0,0.0,51.31781005859375,51.31781005859375,0.0,60.0,1.0,0.0,-1.0
,outer3,3,75,b812,,,,,,120.0,240.0,0.0,0.0,0.0,0.0,0.0,1.0,1.0,0.0
,outer3,3,75,b812,,,,,,120.0,270.0,0.0,0.0,0.0,0.0,0.0,1.0,1.0,0.0
,outer3,3,75,b812,,,,,,120.0,300.0,0.0,0.0,0.0,0.0,0.0,1.0,1.0,0.0
,outer3,3,75,b812,,,,,,120.0,330.0,0.0,0.0,0.0,0.0,0.0,1.0,1.0,0.0
,outer3,3,75,b812,,,,,,150.0,0.0,0.0,0.0,0.0,0.0,0.0,1.0,1.0,0.0
,outer3,3,75,b812,,,,,,150.0,30.0,0.0,0.0,0.0,0.0,0.0,1.0,1.0,0.0
,outer3,3,75,b812,,,,,,150.0,60.0,0.0,0.0,0.0,0.0,0.0,1.0,1.0,0.0
,outer3,3,75,b812,,,,,,150.0,90.0,0.0,0.0,0.0,0.0,0.0,1.0,1.0,0.0
,outer3,3,75,b812,,,,,,150.0,120.0,0.0,0.0,0.0,0.0,0.0,1.0,1.0,0.0
,outer3,3,75,b812,,,,,,150.0,150.0,0.0,0.0,0.0,0.0,0.0,1.0,1.0,0.0
,outer3,3,75,b812,,,,,,150.0,180.0,0.0,0.0,0.0,0.0,0.0,1.0,1.0,0.0
,outer3,3,75,b812,,,,,,150.0,210.0,0.0,0.0,0.0,0.0,0.0,1.0,1.0,0.0
,outer3,3,75,b812,,,,,,150.0,240.0,0.0,0.0,0.0,0.0,0.0,1.0,1.0,0.0
,outer3,3,75,b812,,,,,,150.0,270.0,0.0,0.0,0.0,0.0,0.0,1.0,1.0,0.0
,outer3,3,75,b812,,,,,,150.0,300.0,0.0,0.0,0.0,0.0,0.0,1.0,1.0,0.0
,outer3,3,75,b812,,,,,,150.0,330.0,0.0,0.0,0.0,0.0,0.0,1.0,1.0,0.0
,outer3,3,75,b943,,,,,,30.0,0.0,0.0,0.0,0.0,0.0,0.0,1.0,1.0,0.0
,outer3,3,75,b943,,,,,,30.0,30.0,0.0,14.870942115783691,14.870942115783691,0.0,30.0,1.0,0.0,-1.0
,outer3,3,75,b943,,,,,,30.0,60.0,0.0,0.0,0.0,0.0,0.0,1.0,1.0,0.0
,outer3,3,75,b943,,,,,,30.0,90.0,0.0,0.0,0.0,0.0,0.0,1.0,1.0,0.0
,outer3,3,75,b943,,,,,,30.0,120.0,0.0,0.0,0.0,0.0,0.0,1.0,1.0,0.0
,outer3,3,75,b943,,,,,,30.0,150.0,0.0,0.0,0.0,0.0,0.0,1.0,1.0,0.0
,outer3,3,75,b943,,,,,,30.0,180.0,0.0,0.0,0.0,0.0,0.0,1.0,1.0,0.0
,outer3,3,75,b943,,,,,,30.0,210.0,0.0,0.0,0.0,0.0,0.0,1.0,1.0,0.0
,outer3,3,75,b943,,,,,,30.0,240.0,0.0,0.0,0.0,0.0,0.0,1.0,1.0,0.0
,outer3,3,75,b943,,,,,,30.0,270.0,0.0,0.0,0.0,0.0,0.0,1.0,1.0,0.0
,outer3,3,75,b943,,,,,,30.0,300.0,0.0,0.0,0.0,0.0,0.0,1.0,1.0,0.0
,outer3,3,75,b943,,,,,,30.0,330.0,0.0,0.0,0.0,0.0,0.0,1.0,1.0,0.0
,outer3,3,75,b943,,,,,,60.0,0.0,0.0,0.0,0.0,0.0,0.0,1.0,1.0,0.0
,outer3,3,75,b943,,,,,,60.0,30.0,0.0,0.0,0.0,0.0,0.0,1.0,1.0,0.0
,outer3,3,75,b943,,,,,,60.0,60.0,0.0,0.0,0.0,0.0,0.0,1.0,1.0,0.0
,outer3,3,75,b943,,,,,,60.0,90.0,0.0,25.905075073242188,25.905075073242188,0.0,30.0,1.0,0.0,-1.0
,outer3,3,75,b943,,,,,,60.0,120.0,0.0,0.0,0.0,0.0,0.0,1.0,1.0,0.0
,outer3,3,75,b943,,,,,,60.0,150.0,0.0,0.0,0.0,0.0,0.0,1.0,1.0,0.0
,outer3,3,75,b943,,,,,,60.0,180.0,0.0,30.000001907348633,30.000001907348633,30.0,0.0,1.0,0.0,-1.0
,outer3,3,75,b943,,,,,,60.0,210.0,0.0,0.0,0.0,0.0,0.0,1.0,1.0,0.0
,outer3,3,75,b943,,,,,,60.0,240.0,51.31781005859375,97.1807632446289,45.862953186035156,0.0,60.0,0.0,0.0,0.0
,outer3,3,75,b943,,,,,,60.0,270.0,0.0,0.0,0.0,0.0,0.0,1.0,1.0,0.0
,outer3,3,75,b943,,,,,,60.0,300.0,0.0,0.0,0.0,0.0,0.0,1.0,1.0,0.0
,outer3,3,75,b943,,,,,,60.0,330.0,0.0,0.0,0.0,0.0,0.0,1.0,1.0,0.0
,outer3,3,75,b943,,,,,,90.0,0.0,0.0,180.0,180.0,0.0,180.0,1.0,0.0,-1.0
,outer3,3,75,b943,,,,,,90.0,30.0,0.0,0.0,0.0,0.0,0.0,1.0,1.0,0.0
,outer3,3,75,b943,,,,,,90.0,60.0,60.000003814697266,60.000003814697266,0.0,0.0,0.0,0.0,0.0,0.0
,outer3,3,75,b943,,,,,,90.0,90.0,0.0,0.0,0.0,0.0,0.0,1.0,1.0,0.0
,outer3,3,75,b943,,,,,,90.0,120.0,180.0,0.0,-180.0,0.0,-180.0,0.0,1.0,1.0
,outer3,3,75,b943,,,,,,90.0,150.0,60.000003814697266,0.0,-60.000003814697266,0.0,-60.0,0.0,1.0,1.0
,outer3,3,75,b943,,,,,,90.0,180.0,0.0,0.0,0.0,0.0,0.0,1.0,1.0,0.0
,outer3,3,75,b943,,,,,,90.0,210.0,0.0,0.0,0.0,0.0,0.0,1.0,1.0,0.0
,outer3,3,75,b943,,,,,,90.0,240.0,60.000003814697266,60.000003814697266,0.0,0.0,0.0,0.0,0.0,0.0
,outer3,3,75,b943,,,,,,90.0,270.0,180.0,180.0,0.0,0.0,0.0,0.0,0.0,0.0
,outer3,3,75,b943,,,,,,90.0,300.0,0.0,180.0,180.0,0.0,180.0,1.0,0.0,-1.0
,outer3,3,75,b943,,,,,,90.0,330.0,60.00000762939453,180.0,119.99999237060547,0.0,120.0,0.0,0.0,0.0
,outer3,3,75,b943,,,,,,120.0,0.0,0.0,0.0,0.0,0.0,0.0,1.0,1.0,0.0
,outer3,3,75,b943,,,,,,120.0,30.0,0.0,0.0,0.0,0.0,0.0,1.0,1.0,0.0
,outer3,3,75,b943,,,,,,120.0,60.0,0.0,0.0,0.0,0.0,0.0,1.0,1.0,0.0
,outer3,3,75,b943,,,,,,120.0,90.0,0.0,0.0,0.0,0.0,0.0,1.0,1.0,0.0
,outer3,3,75,b943,,,,,,120.0,120.0,0.0,0.0,0.0,0.0,0.0,1.0,1.0,0.0
,outer3,3,75,b943,,,,,,120.0,150.0,0.0,0.0,0.0,0.0,0.0,1.0,1.0,0.0
,outer3,3,75,b943,,,,,,120.0,180.0,0.0,0.0,0.0,0.0,0.0,1.0,1.0,0.0
,outer3,3,75,b943,,,,,,120.0,210.0,66.45188903808594,0.0,-66.45188903808594,-60.0,-30.0,0.0,1.0,1.0
,outer3,3,75,b943,,,,,,120.0,240.0,0.0,0.0,0.0,0.0,0.0,1.0,1.0,0.0
,outer3,3,75,b943,,,,,,120.0,270.0,0.0,0.0,0.0,0.0,0.0,1.0,1.0,0.0
,outer3,3,75,b943,,,,,,120.0,300.0,0.0,0.0,0.0,0.0,0.0,1.0,1.0,0.0
,outer3,3,75,b943,,,,,,120.0,330.0,0.0,0.0,0.0,0.0,0.0,1.0,1.0,0.0
,outer3,3,75,b943,,,,,,150.0,0.0,0.0,0.0,0.0,0.0,0.0,1.0,1.0,0.0
,outer3,3,75,b943,,,,,,150.0,30.0,0.0,0.0,0.0,0.0,0.0,1.0,1.0,0.0
,outer3,3,75,b943,,,,,,150.0,60.0,0.0,0.0,0.0,0.0,0.0,1.0,1.0,0.0
,outer3,3,75,b943,,,,,,150.0,90.0,0.0,0.0,0.0,0.0,0.0,1.0,1.0,0.0
,outer3,3,75,b943,,,,,,150.0,120.0,0.0,0.0,0.0,0.0,0.0,1.0,1.0,0.0
,outer3,3,75,b943,,,,,,150.0,150.0,0.0,0.0,0.0,0.0,0.0,1.0,1.0,0.0
,outer3,3,75,b943,,,,,,150.0,180.0,0.0,0.0,0.0,0.0,0.0,1.0,1.0,0.0
,outer3,3,75,b943,,,,,,150.0,210.0,0.0,0.0,0.0,0.0,0.0,1.0,1.0,0.0
,outer3,3,75,b943,,,,,,150.0,240.0,0.0,0.0,0.0,0.0,0.0,1.0,1.0,0.0
,outer3,3,75,b943,,,,,,150.0,270.0,0.0,0.0,0.0,0.0,0.0,1.0,1.0,0.0
,outer3,3,75,b943,,,,,,150.0,300.0,0.0,0.0,0.0,0.0,0.0,1.0,1.0,0.0
,outer3,3,75,b943,,,,,,150.0,330.0,0.0,0.0,0.0,0.0,0.0,1.0,1.0,0.0
,outer3,3,75,b974,,,,,,30.0,0.0,0.0,0.0,0.0,0.0,0.0,1.0,1.0,0.0
,outer3,3,75,b974,,,,,,30.0,30.0,0.0,0.0,0.0,0.0,0.0,1.0,1.0,0.0
,outer3,3,75,b974,,,,,,30.0,60.0,0.0,0.0,0.0,0.0,0.0,1.0,1.0,0.0
,outer3,3,75,b974,,,,,,30.0,90.0,0.0,0.0,0.0,0.0,0.0,1.0,1.0,0.0
,outer3,3,75,b974,,,,,,30.0,120.0,0.0,0.0,0.0,0.0,0.0,1.0,1.0,0.0
,outer3,3,75,b974,,,,,,30.0,150.0,0.0,0.0,0.0,0.0,0.0,1.0,1.0,0.0
,outer3,3,75,b974,,,,,,30.0,180.0,0.0,0.0,0.0,0.0,0.0,1.0,1.0,0.0
,outer3,3,75,b974,,,,,,30.0,210.0,0.0,0.0,0.0,0.0,0.0,1.0,1.0,0.0
,outer3,3,75,b974,,,,,,30.0,240.0,0.0,0.0,0.0,0.0,0.0,1.0,1.0,0.0
,outer3,3,75,b974,,,,,,30.0,270.0,0.0,0.0,0.0,0.0,0.0,1.0,1.0,0.0
,outer3,3,75,b974,,,,,,30.0,300.0,0.0,0.0,0.0,0.0,0.0,1.0,1.0,0.0
,outer3,3,75,b974,,,,,,30.0,330.0,0.0,0.0,0.0,0.0,0.0,1.0,1.0,0.0
,outer3,3,75,b974,,,,,,60.0,0.0,0.0,0.0,0.0,0.0,0.0,1.0,1.0,0.0
,outer3,3,75,b974,,,,,,60.0,30.0,0.0,25.905075073242188,25.905075073242188,0.0,30.0,1.0,0.0,-1.0
,outer3,3,75,b974,,,,,,60.0,60.0,0.0,0.0,0.0,0.0,0.0,1.0,1.0,0.0
,outer3,3,75,b974,,,,,,60.0,90.0,0.0,0.0,0.0,0.0,0.0,1.0,1.0,0.0
,outer3,3,75,b974,,,,,,60.0,120.0,0.0,0.0,0.0,0.0,0.0,1.0,1.0,0.0
,outer3,3,75,b974,,,,,,60.0,150.0,0.0,82.81924438476562,82.81924438476562,60.0,60.0,1.0,0.0,-1.0
,outer3,3,75,b974,,,,,,60.0,180.0,0.0,0.0,0.0,0.0,0.0,1.0,1.0,0.0
,outer3,3,75,b974,,,,,,60.0,210.0,0.0,0.0,0.0,0.0,0.0,1.0,1.0,0.0
,outer3,3,75,b974,,,,,,60.0,240.0,0.0,0.0,0.0,0.0,0.0,1.0,1.0,0.0
,outer3,3,75,b974,,,,,,60.0,270.0,0.0,0.0,0.0,0.0,0.0,1.0,1.0,0.0
,outer3,3,75,b974,,,,,,60.0,300.0,0.0,0.0,0.0,0.0,0.0,1.0,1.0,0.0
,outer3,3,75,b974,,,,,,60.0,330.0,0.0,0.0,0.0,0.0,0.0,1.0,1.0,0.0
,outer3,3,75,b974,,,,,,90.0,0.0,180.0,0.0,-180.0,0.0,-180.0,0.0,1.0,1.0
,outer3,3,75,b974,,,,,,90.0,30.0,0.0,180.0,180.0,0.0,180.0,1.0,0.0,-1.0
,outer3,3,75,b974,,,,,,90.0,60.0,180.0,0.0,-180.0,0.0,-180.0,0.0,1.0,1.0
,outer3,3,75,b974,,,,,,90.0,90.0,180.0,180.0,0.0,0.0,0.0,0.0,0.0,0.0
,outer3,3,75,b974,,,,,,90.0,120.0,0.0,180.0,180.0,0.0,180.0,1.0,0.0,-1.0
,outer3,3,75,b974,,,,,,90.0,150.0,0.0,0.0,0.0,0.0,0.0,1.0,1.0,0.0
,outer3,3,75,b974,,,,,,90.0,180.0,0.0,180.0,180.0,0.0,180.0,1.0,0.0,-1.0
,outer3,3,75,b974,,,,,,90.0,210.0,0.0,0.0,0.0,0.0,0.0,1.0,1.0,0.0
,outer3,3,75,b974,,,,,,90.0,240.0,0.0,0.0,0.0,0.0,0.0,1.0,1.0,0.0
,outer3,3,75,b974,,,,,,90.0,270.0,0.0,0.0,0.0,0.0,0.0,1.0,1.0,0.0
,outer3,3,75,b974,,,,,,90.0,300.0,0.0,0.0,0.0,0.0,0.0,1.0,1.0,0.0
,outer3,3,75,b974,,,,,,90.0,330.0,180.0,180.0,0.0,0.0,0.0,0.0,0.0,0.0
,outer3,3,75,b974,,,,,,120.0,0.0,0.0,0.0,0.0,0.0,0.0,1.0,1.0,0.0
,outer3,3,75,b974,,,,,,120.0,30.0,0.0,0.0,0.0,0.0,0.0,1.0,1.0,0.0
,outer3,3,75,b974,,,,,,120.0,60.0,0.0,0.0,0.0,0.0,0.0,1.0,1.0,0.0
,outer3,3,75,b974,,,,,,120.0,90.0,0.0,0.0,0.0,0.0,0.0,1.0,1.0,0.0
,outer3,3,75,b974,,,,,,120.0,120.0,0.0,0.0,0.0,0.0,0.0,1.0,1.0,0.0
,outer3,3,75,b974,,,,,,120.0,150.0,0.0,0.0,0.0,0.0,0.0,1.0,1.0,0.0
,outer3,3,75,b974,,,,,,120.0,180.0,0.0,0.0,0.0,0.0,0.0,1.0,1.0,0.0
,outer3,3,75,b974,,,,,,120.0,210.0,0.0,0.0,0.0,0.0,0.0,1.0,1.0,0.0
,outer3,3,75,b974,,,,,,120.0,240.0,0.0,0.0,0.0,0.0,0.0,1.0,1.0,0.0
,outer3,3,75,b974,,,,,,120.0,270.0,0.0,0.0,0.0,0.0,0.0,1.0,1.0,0.0
,outer3,3,75,b974,,,,,,120.0,300.0,0.0,0.0,0.0,0.0,0.0,1.0,1.0,0.0
,outer3,3,75,b974,,,,,,120.0,330.0,0.0,0.0,0.0,0.0,0.0,1.0,1.0,0.0
,outer3,3,75,b974,,,,,,150.0,0.0,0.0,0.0,0.0,0.0,0.0,1.0,1.0,0.0
,outer3,3,75,b974,,,,,,150.0,30.0,0.0,0.0,0.0,0.0,0.0,1.0,1.0,0.0
,outer3,3,75,b974,,,,,,150.0,60.0,0.0,0.0,0.0,0.0,0.0,1.0,1.0,0.0
,outer3,3,75,b974,,,,,,150.0,90.0,0.0,0.0,0.0,0.0,0.0,1.0,1.0,0.0
,outer3,3,75,b974,,,,,,150.0,120.0,0.0,0.0,0.0,0.0,0.0,1.0,1.0,0.0
,outer3,3,75,b974,,,,,,150.0,150.0,0.0,0.0,0.0,0.0,0.0,1.0,1.0,0.0
,outer3,3,75,b974,,,,,,150.0,180.0,0.0,0.0,0.0,0.0,0.0,1.0,1.0,0.0
,outer3,3,75,b974,,,,,,150.0,210.0,0.0,0.0,0.0,0.0,0.0,1.0,1.0,0.0
,outer3,3,75,b974,,,,,,150.0,240.0,0.0,0.0,0.0,0.0,0.0,1.0,1.0,0.0
,outer3,3,75,b974,,,,,,150.0,270.0,0.0,0.0,0.0,0.0,0.0,1.0,1.0,0.0
,outer3,3,75,b974,,,,,,150.0,300.0,0.0,0.0,0.0,0.0,0.0,1.0,1.0,0.0
,outer3,3,75,b974,,,,,,150.0,330.0,0.0,0.0,0.0,0.0,0.0,1.0,1.0,0.0
,outer3,3,75,b97b,,,,,,30.0,0.0,90.0,60.000003814697266,-29.999996185302734,-30.0,0.0,0.0,0.0,0.0
,outer3,3,75,b97b,,,,,,30.0,30.0,0.0,122.24180603027344,122.24180603027344,120.0,30.0,1.0,0.0,-1.0
,outer3,3,75,b97b,,,,,,30.0,60.0,0.0,0.0,0.0,0.0,0.0,1.0,1.0,0.0
,outer3,3,75,b97b,,,,,,30.0,90.0,0.0,0.0,0.0,0.0,0.0,1.0,1.0,0.0
,outer3,3,75,b97b,,,,,,30.0,120.0,0.0,0.0,0.0,0.0,0.0,1.0,1.0,0.0
,outer3,3,75,b97b,,,,,,30.0,150.0,60.000003814697266,122.24180603027344,62.24180221557617,120.0,-150.0,0.0,0.0,0.0
,outer3,3,75,b97b,,,,,,30.0,180.0,30.000001907348633,30.000001907348633,0.0,0.0,0.0,0.0,0.0,0.0
,outer3,3,75,b97b,,,,,,30.0,210.0,0.0,0.0,0.0,0.0,0.0,1.0,1.0,0.0
,outer3,3,75,b97b,,,,,,30.0,240.0,0.0,0.0,0.0,0.0,0.0,1.0,1.0,0.0
,outer3,3,75,b97b,,,,,,30.0,270.0,0.0,180.0,180.0,120.0,180.0,1.0,0.0,-1.0
,outer3,3,75,b97b,,,,,,30.0,300.0,0.0,0.0,0.0,0.0,0.0,1.0,1.0,0.0
,outer3,3,75,b97b,,,,,,30.0,330.0,0.0,0.0,0.0,0.0,0.0,1.0,1.0,0.0
,outer3,3,75,b97b,,,,,,60.0,0.0,120.00000762939453,90.0,-30.00000762939453,30.0,0.0,0.0,0.0,0.0
,outer3,3,75,b97b,,,,,,60.0,30.0,0.0,0.0,0.0,0.0,0.0,1.0,1.0,0.0
,outer3,3,75,b97b,,,,,,60.0,60.0,0.0,0.0,0.0,0.0,0.0,1.0,1.0,0.0
,outer3,3,75,b97b,,,,,,60.0,90.0,0.0,0.0,0.0,0.0,0.0,1.0,1.0,0.0
,outer3,3,75,b97b,,,,,,60.0,120.0,0.0,0.0,0.0,0.0,0.0,1.0,1.0,0.0
,outer3,3,75,b97b,,,,,,60.0,150.0,0.0,82.81924438476562,82.81924438476562,60.0,60.0,1.0,0.0,-1.0
,outer3,3,75,b97b,,,,,,60.0,180.0,0.0,0.0,0.0,0.0,0.0,1.0,1.0,0.0
,outer3,3,75,b97b,,,,,,60.0,210.0,0.0,120.00000762939453,120.00000762939453,0.0,180.0,1.0,0.0,-1.0
,outer3,3,75,b97b,,,,,,60.0,240.0,51.31781005859375,0.0,-51.31781005859375,0.0,-60.0,0.0,1.0,1.0
,outer3,3,75,b97b,,,,,,60.0,270.0,0.0,0.0,0.0,0.0,0.0,1.0,1.0,0.0
,outer3,3,75,b97b,,,,,,60.0,300.0,0.0,0.0,0.0,0.0,0.0,1.0,1.0,0.0
,outer3,3,75,b97b,,,,,,60.0,330.0,0.0,0.0,0.0,0.0,0.0,1.0,1.0,0.0
,outer3,3,75,b97b,,,,,,90.0,0.0,180.0,0.0,-180.0,0.0,-180.0,0.0,1.0,1.0
,outer3,3,75,b97b,,,,,,90.0,30.0,0.0,60.00000762939453,60.00000762939453,0.0,60.0,1.0,0.0,-1.0
,outer3,3,75,b97b,,,,,,90.0,60.0,180.0,180.0,0.0,0.0,0.0,0.0,0.0,0.0
,outer3,3,75,b97b,,,,,,90.0,90.0,180.0,180.0,0.0,0.0,0.0,0.0,0.0,0.0
,outer3,3,75,b97b,,,,,,90.0,120.0,120.00000762939453,180.0,59.99999237060547,0.0,60.0,0.0,0.0,0.0
,outer3,3,75,b97b,,,,,,90.0,150.0,120.00000762939453,0.0,-120.00000762939453,0.0,-120.0,0.0,1.0,1.0
,outer3,3,75,b97b,,,,,,90.0,180.0,0.0,180.0,180.0,0.0,180.0,1.0,0.0,-1.0
,outer3,3,75,b97b,,,,,,90.0,210.0,180.0,120.00000762939453,-59.99999237060547,0.0,-60.0,0.0,0.0,0.0
,outer3,3,75,b97b,,,,,,90.0,240.0,0.0,0.0,0.0,0.0,0.0,1.0,1.0,0.0
,outer3,3,75,b97b,,,,,,90.0,270.0,0.0,0.0,0.0,0.0,0.0,1.0,1.0,0.0
,outer3,3,75,b97b,,,,,,90.0,300.0,60.000003814697266,0.0,-60.000003814697266,0.0,-60.0,0.0,1.0,1.0
,outer3,3,75,b97b,,,,,,90.0,330.0,60.00000762939453,180.0,119.99999237060547,0.0,120.0,0.0,0.0,0.0
,outer3,3,75,b97b,,,,,,120.0,0.0,0.0,90.0,90.0,30.0,180.0,1.0,0.0,-1.0
,outer3,3,75,b97b,,,,,,120.0,30.0,0.0,0.0,0.0,0.0,0.0,1.0,1.0,0.0
,outer3,3,75,b97b,,,,,,120.0,60.0,0.0,0.0,0.0,0.0,0.0,1.0,1.0,0.0
,outer3,3,75,b97b,,,,,,120.0,90.0,0.0,0.0,0.0,0.0,0.0,1.0,1.0,0.0
,outer3,3,75,b97b,,,,,,120.0,120.0,0.0,0.0,0.0,0.0,0.0,1.0,1.0,0.0
,outer3,3,75,b97b,,,,,,120.0,150.0,0.0,82.81924438476562,82.81924438476562,60.0,60.0,1.0,0.0,-1.0
,outer3,3,75,b97b,,,,,,120.0,180.0,0.0,29.99998664855957,29.99998664855957,30.0,0.0,1.0,0.0,-1.0
,outer3,3,75,b97b,,,,,,120.0,210.0,66.45188903808594,0.0,-66.45188903808594,-60.0,-30.0,0.0,1.0,1.0
,outer3,3,75,b97b,,,,,,120.0,240.0,0.0,0.0,0.0,0.0,0.0,1.0,1.0,0.0
,outer3,3,75,b97b,,,,,,120.0,270.0,0.0,180.0,180.0,60.0,180.0,1.0,0.0,-1.0
,outer3,3,75,b97b,,,,,,120.0,300.0,0.0,0.0,0.0,0.0,0.0,1.0,1.0,0.0
,outer3,3,75,b97b,,,,,,120.0,330.0,0.0,0.0,0.0,0.0,0.0,1.0,1.0,0.0
,outer3,3,75,b97b,,,,,,150.0,0.0,29.99998664855957,29.99998664855957,0.0,0.0,0.0,0.0,0.0,0.0
,outer3,3,75,b97b,,,,,,150.0,30.0,0.0,0.0,0.0,0.0,0.0,1.0,1.0,0.0
,outer3,3,75,b97b,,,,,,150.0,60.0,0.0,0.0,0.0,0.0,0.0,1.0,1.0,0.0
,outer3,3,75,b97b,,,,,,150.0,90.0,0.0,0.0,0.0,0.0,0.0,1.0,1.0,0.0
,outer3,3,75,b97b,,,,,,150.0,120.0,0.0,0.0,0.0,0.0,0.0,1.0,1.0,0.0
,outer3,3,75,b97b,,,,,,150.0,150.0,0.0,0.0,0.0,0.0,0.0,1.0,1.0,0.0
,outer3,3,75,b97b,,,,,,150.0,180.0,29.99998664855957,29.99998664855957,0.0,0.0,0.0,0.0,0.0,0.0
,outer3,3,75,b97b,,,,,,150.0,210.0,0.0,0.0,0.0,0.0,0.0,1.0,1.0,0.0
,outer3,3,75,b97b,,,,,,150.0,240.0,0.0,0.0,0.0,0.0,0.0,1.0,1.0,0.0
,outer3,3,75,b97b,,,,,,150.0,270.0,0.0,180.0,180.0,120.0,180.0,1.0,0.0,-1.0
,outer3,3,75,b97b,,,,,,150.0,300.0,0.0,0.0,0.0,0.0,0.0,1.0,1.0,0.0
,outer3,3,75,b97b,,,,,,150.0,330.0,0.0,0.0,0.0,0.0,0.0,1.0,1.0,0.0
,outer3,3,75,bc2c,,,,,,30.0,0.0,60.000003814697266,30.000001907348633,-30.000001907348633,-30.0,0.0,0.0,0.0,0.0
,outer3,3,75,bc2c,,,,,,30.0,30.0,102.50392150878906,14.870942115783691,-87.63297939300537,-90.0,-30.0,0.0,0.0,0.0
,outer3,3,75,bc2c,,,,,,30.0,60.0,0.0,60.000003814697266,60.000003814697266,0.0,180.0,1.0,0.0,-1.0
,outer3,3,75,bc2c,,,,,,30.0,90.0,57.7581901550293,165.12905883789062,107.37086868286133,120.0,0.0,0.0,0.0,0.0
,outer3,3,75,bc2c,,,,,,30.0,120.0,115.6589126586914,90.0,-25.658912658691406,0.0,-60.0,0.0,0.0,0.0
,outer3,3,75,bc2c,,,,,,30.0,150.0,90.0,93.32575225830078,3.3257522583007812,60.0,-150.0,0.0,0.0,0.0
,outer3,3,75,bc2c,,,,,,30.0,180.0,60.000003814697266,30.000001907348633,-30.000001907348633,-30.0,0.0,0.0,0.0,0.0
,outer3,3,75,bc2c,,,,,,30.0,210.0,60.000003814697266,57.7581901550293,-2.2418136596679688,0.0,-30.0,0.0,0.0,0.0
,outer3,3,75,bc2c,,,,,,30.0,240.0,0.0,0.0,0.0,0.0,0.0,1.0,1.0,0.0
,outer3,3,75,bc2c,,,,,,30.0,270.0,165.12905883789062,122.24180603027344,-42.88725280761719,0.0,-120.0,0.0,0.0,0.0
,outer3,3,75,bc2c,,,,,,30.0,300.0,64.34110260009766,64.34110260009766,0.0,0.0,0.0,0.0,0.0,0.0
,outer3,3,75,bc2c,,,,,,30.0,330.0,86.67425537109375,93.32575988769531,6.6515045166015625,60.0,-120.0,0.0,0.0,0.0
,outer3,3,75,bc2c,,,,,,60.0,0.0,0.0,90.0,90.0,30.0,180.0,1.0,0.0,-1.0
,outer3,3,75,bc2c,,,,,,60.0,30.0,0.0,0.0,0.0,0.0,0.0,1.0,1.0,0.0
,outer3,3,75,bc2c,,,,,,60.0,60.0,25.905075073242188,0.0,-25.905075073242188,0.0,-30.0,0.0,1.0,1.0
,outer3,3,75,bc2c,,,,,,60.0,90.0,120.00000762939453,66.45188903808594,-53.548118591308594,60.0,-150.0,0.0,0.0,0.0
,outer3,3,75,bc2c,,,,,,60.0,120.0,25.905075073242188,138.59039306640625,112.68531799316406,30.0,120.0,0.0,0.0,0.0
,outer3,3,75,bc2c,,,,,,60.0,150.0,25.905075073242188,60.000003814697266,34.09492874145508,60.0,-30.0,0.0,0.0,0.0
,outer3,3,75,bc2c,,,,,,60.0,180.0,0.0,90.0,90.0,90.0,0.0,1.0,0.0,-1.0
,outer3,3,75,bc2c,,,,,,60.0,210.0,97.1807632446289,82.81924438476562,-14.361518859863281,60.0,-60.0,0.0,0.0,0.0
,outer3,3,75,bc2c,,,,,,60.0,240.0,60.000003814697266,60.000003814697266,0.0,0.0,0.0,0.0,0.0,0.0
,outer3,3,75,bc2c,,,,,,60.0,270.0,150.0,90.0,-60.0,-60.0,0.0,0.0,0.0,0.0
,outer3,3,75,bc2c,,,,,,60.0,300.0,128.68218994140625,128.68218994140625,0.0,0.0,0.0,0.0,0.0,0.0
,outer3,3,75,bc2c,,,,,,60.0,330.0,97.1807632446289,180.0,82.8192367553711,60.0,60.0,0.0,0.0,0.0
,outer3,3,75,bc2c,,,,,,90.0,0.0,180.0,30.000001907348633,-149.99999809265137,30.0,-180.0,0.0,0.0,0.0
,outer3,3,75,bc2c,,,,,,90.0,30.0,180.0,30.000001907348633,-149.99999809265137,0.0,-150.0,0.0,0.0,0.0
,outer3,3,75,bc2c,,,,,,90.0,60.0,180.0,60.000003814697266,-119.99999618530273,0.0,-120.0,0.0,0.0,0.0
,outer3,3,75,bc2c,,,,,,90.0,90.0,180.0,180.0,0.0,0.0,0.0,0.0,0.0,0.0
,outer3,3,75,bc2c,,,,,,90.0,120.0,120.00000762939453,180.0,59.99999237060547,0.0,60.0,0.0,0.0,0.0
,outer3,3,75,bc2c,,,,,,90.0,150.0,150.0,150.0,0.0,0.0,0.0,0.0,0.0,0.0
,outer3,3,75,bc2c,,,,,,90.0,180.0,0.0,150.0,150.0,30.0,180.0,1.0,0.0,-1.0
,outer3,3,75,bc2c,,,,,,90.0,210.0,150.0,150.0,0.0,0.0,0.0,0.0,0.0,0.0
,outer3,3,75,bc2c,,,,,,90.0,240.0,0.0,120.00000762939453,120.00000762939453,0.0,120.0,1.0,0.0,-1.0
,outer3,3,75,bc2c,,,,,,90.0,270.0,0.0,180.0,180.0,0.0,180.0,1.0,0.0,-1.0
,outer3,3,75,bc2c,,,,,,90.0,300.0,60.000003814697266,0.0,-60.000003814697266,0.0,-60.0,0.0,1.0,1.0
,outer3,3,75,bc2c,,,,,,90.0,330.0,150.0,30.00000762939453,-119.99999237060547,0.0,-120.0,0.0,0.0,0.0
,outer3,3,75,bc2c,,,,,,120.0,0.0,0.0,90.0,90.0,30.0,180.0,1.0,0.0,-1.0
,outer3,3,75,bc2c,,,,,,120.0,30.0,82.81924438476562,82.81924438476562,0.0,0.0,0.0,0.0,0.0,0.0
,outer3,3,75,bc2c,,,,,,120.0,60.0,0.0,0.0,0.0,0.0,0.0,1.0,1.0,0.0
,outer3,3,75,bc2c,,,,,,120.0,90.0,90.0,180.0,90.0,30.0,0.0,0.0,0.0,0.0
,outer3,3,75,bc2c,,,,,,120.0,120.0,120.00000762939453,113.54811096191406,-6.451896667480469,0.0,-30.0,0.0,0.0,0.0
,outer3,3,75,bc2c,,,,,,120.0,150.0,82.81924438476562,82.81924438476562,0.0,0.0,0.0,0.0,0.0,0.0
,outer3,3,75,bc2c,,,,,,120.0,180.0,0.0,90.0,90.0,90.0,0.0,1.0,0.0,-1.0
,outer3,3,75,bc2c,,,,,,120.0,210.0,120.00000762939453,60.000003814697266,-60.000003814697266,60.0,-180.0,0.0,0.0,0.0
,outer3,3,75,bc2c,,,,,,120.0,240.0,128.6822052001953,60.000003814697266,-68.68220138549805,0.0,-120.0,0.0,0.0,0.0
,outer3,3,75,bc2c,,,,,,120.0,270.0,180.0,180.0,0.0,0.0,0.0,0.0,0.0,0.0
,outer3,3,75,bc2c,,,,,,120.0,300.0,128.68218994140625,66.45188903808594,-62.23030090332031,0.0,-90.0,0.0,0.0,0.0
,outer3,3,75,bc2c,,,,,,120.0,330.0,97.18075561523438,120.00000762939453,22.819252014160156,0.0,60.0,0.0,0.0,0.0
,outer3,3,75,bc2c,,,,,,150.0,0.0,59.999996185302734,0.0,-59.999996185302734,-60.0,0.0,0.0,1.0,1.0
,outer3,3,75,bc2c,,,,,,150.0,30.0,115.65889739990234,41.40962219238281,-74.24927520751953,-90.0,0.0,0.0,0.0,0.0
,outer3,3,75,bc2c,,,,,,150.0,60.0,0.0,60.000003814697266,60.000003814697266,0.0,180.0,1.0,0.0,-1.0
,outer3,3,75,bc2c,,,,,,150.0,90.0,57.7581901550293,57.7581901550293,0.0,0.0,0.0,0.0,0.0,0.0
,outer3,3,75,bc2c,,,,,,150.0,120.0,90.0,64.34109497070312,-25.658905029296875,0.0,-90.0,0.0,0.0,0.0
,outer3,3,75,bc2c,,,,,,150.0,150.0,49.49464416503906,120.00000762939453,70.50536346435547,90.0,-60.0,0.0,0.0,0.0
,outer3,3,75,bc2c,,,,,,150.0,180.0,59.999996185302734,36.09777069091797,-23.902225494384766,-30.0,30.0,0.0,0.0,0.0
,outer3,3,75,bc2c,,,,,,150.0,210.0,115.6589126586914,28.95502281188965,-86.70388984680176,-60.0,-90.0,0.0,0.0,0.0
,outer3,3,75,bc2c,,,,,,150.0,240.0,120.00000762939453,120.00000762939453,0.0,0.0,0.0,0.0,0.0,0.0
,outer3,3,75,bc2c,,,,,,150.0,270.0,165.12905883789062,120.00000762939453,-45.129051208496094,0.0,-150.0,0.0,0.0,0.0
,outer3,3,75,bc2c,,,,,,150.0,300.0,130.50535583496094,36.09777069091797,-94.40758514404297,-60.0,-90.0,0.0,0.0,0.0
,outer3,3,75,bc2c,,,,,,150.0,330.0,49.49464416503906,90.0,40.50535583496094,0.0,120.0,0.0,0.0,0.0
,outer3,3,76,b812,,,,,,30.0,0.0,0.0,0.0,0.0,0.0,0.0,1.0,1.0,0.0
,outer3,3,76,b812,,,,,,30.0,30.0,0.0,0.0,0.0,0.0,0.0,1.0,1.0,0.0
,outer3,3,76,b812,,,,,,30.0,60.0,0.0,0.0,0.0,0.0,0.0,1.0,1.0,0.0
,outer3,3,76,b812,,,,,,30.0,90.0,0.0,0.0,0.0,0.0,0.0,1.0,1.0,0.0
,outer3,3,76,b812,,,,,,30.0,120.0,0.0,0.0,0.0,0.0,0.0,1.0,1.0,0.0
,outer3,3,76,b812,,,,,,30.0,150.0,0.0,0.0,0.0,0.0,0.0,1.0,1.0,0.0
,outer3,3,76,b812,,,,,,30.0,180.0,0.0,0.0,0.0,0.0,0.0,1.0,1.0,0.0
,outer3,3,76,b812,,,,,,30.0,210.0,0.0,0.0,0.0,0.0,0.0,1.0,1.0,0.0
,outer3,3,76,b812,,,,,,30.0,240.0,0.0,0.0,0.0,0.0,0.0,1.0,1.0,0.0
,outer3,3,76,b812,,,,,,30.0,270.0,0.0,0.0,0.0,0.0,0.0,1.0,1.0,0.0
,outer3,3,76,b812,,,,,,30.0,300.0,0.0,0.0,0.0,0.0,0.0,1.0,1.0,0.0
,outer3,3,76,b812,,,,,,30.0,330.0,0.0,0.0,0.0,0.0,0.0,1.0,1.0,0.0
,outer3,3,76,b812,,,,,,60.0,0.0,0.0,0.0,0.0,0.0,0.0,1.0,1.0,0.0
,outer3,3,76,b812,,,,,,60.0,30.0,0.0,0.0,0.0,0.0,0.0,1.0,1.0,0.0
,outer3,3,76,b812,,,,,,60.0,60.0,0.0,0.0,0.0,0.0,0.0,1.0,1.0,0.0
,outer3,3,76,b812,,,,,,60.0,90.0,0.0,0.0,0.0,0.0,0.0,1.0,1.0,0.0
,outer3,3,76,b812,,,,,,60.0,120.0,0.0,0.0,0.0,0.0,0.0,1.0,1.0,0.0
,outer3,3,76,b812,,,,,,60.0,150.0,0.0,0.0,0.0,0.0,0.0,1.0,1.0,0.0
,outer3,3,76,b812,,,,,,60.0,180.0,0.0,0.0,0.0,0.0,0.0,1.0,1.0,0.0
,outer3,3,76,b812,,,,,,60.0,210.0,0.0,0.0,0.0,0.0,0.0,1.0,1.0,0.0
,outer3,3,76,b812,,,,,,60.0,240.0,0.0,0.0,0.0,0.0,0.0,1.0,1.0,0.0
,outer3,3,76,b812,,,,,,60.0,270.0,0.0,0.0,0.0,0.0,0.0,1.0,1.0,0.0
,outer3,3,76,b812,,,,,,60.0,300.0,0.0,0.0,0.0,0.0,0.0,1.0,1.0,0.0
,outer3,3,76,b812,,,,,,60.0,330.0,0.0,0.0,0.0,0.0,0.0,1.0,1.0,0.0
,outer3,3,76,b812,,,,,,90.0,0.0,180.0,180.0,0.0,0.0,0.0,0.0,0.0,0.0
,outer3,3,76,b812,,,,,,90.0,30.0,180.0,180.0,0.0,0.0,0.0,0.0,0.0,0.0
,outer3,3,76,b812,,,,,,90.0,60.0,0.0,180.0,180.0,0.0,180.0,1.0,0.0,-1.0
,outer3,3,76,b812,,,,,,90.0,90.0,180.0,0.0,-180.0,0.0,-180.0,0.0,1.0,1.0
,outer3,3,76,b812,,,,,,90.0,120.0,180.0,0.0,-180.0,0.0,-180.0,0.0,1.0,1.0
,outer3,3,76,b812,,,,,,90.0,150.0,180.0,180.0,0.0,0.0,0.0,0.0,0.0,0.0
,outer3,3,76,b812,,,,,,90.0,180.0,0.0,0.0,0.0,0.0,0.0,1.0,1.0,0.0
,outer3,3,76,b812,,,,,,90.0,210.0,0.0,0.0,0.0,0.0,0.0,1.0,1.0,0.0
,outer3,3,76,b812,,,,,,90.0,240.0,0.0,0.0,0.0,0.0,0.0,1.0,1.0,0.0
,outer3,3,76,b812,,,,,,90.0,270.0,0.0,0.0,0.0,0.0,0.0,1.0,1.0,0.0
,outer3,3,76,b812,,,,,,90.0,300.0,0.0,0.0,0.0,0.0,0.0,1.0,1.0,0.0
,outer3,3,76,b812,,,,,,90.0,330.0,0.0,0.0,0.0,0.0,0.0,1.0,1.0,0.0
,outer3,3,76,b812,,,,,,120.0,0.0,0.0,0.0,0.0,0.0,0.0,1.0,1.0,0.0
,outer3,3,76,b812,,,,,,120.0,30.0,0.0,0.0,0.0,0.0,0.0,1.0,1.0,0.0
,outer3,3,76,b812,,,,,,120.0,60.0,0.0,0.0,0.0,0.0,0.0,1.0,1.0,0.0
,outer3,3,76,b812,,,,,,120.0,90.0,0.0,0.0,0.0,0.0,0.0,1.0,1.0,0.0
,outer3,3,76,b812,,,,,,120.0,120.0,0.0,0.0,0.0,0.0,0.0,1.0,1.0,0.0
,outer3,3,76,b812,,,,,,120.0,150.0,0.0,82.81924438476562,82.81924438476562,60.0,60.0,1.0,0.0,-1.0
,outer3,3,76,b812,,,,,,120.0,180.0,0.0,0.0,0.0,0.0,0.0,1.0,1.0,0.0
,outer3,3,76,b812,,,,,,120.0,210.0,0.0,0.0,0.0,0.0,0.0,1.0,1.0,0.0
,outer3,3,76,b812,,,,,,120.0,240.0,0.0,0.0,0.0,0.0,0.0,1.0,1.0,0.0
,outer3,3,76,b812,,,,,,120.0,270.0,0.0,0.0,0.0,0.0,0.0,1.0,1.0,0.0
,outer3,3,76,b812,,,,,,120.0,300.0,0.0,0.0,0.0,0.0,0.0,1.0,1.0,0.0
,outer3,3,76,b812,,,,,,120.0,330.0,0.0,0.0,0.0,0.0,0.0,1.0,1.0,0.0
,outer3,3,76,b812,,,,,,150.0,0.0,0.0,0.0,0.0,0.0,0.0,1.0,1.0,0.0
,outer3,3,76,b812,,,,,,150.0,30.0,0.0,0.0,0.0,0.0,0.0,1.0,1.0,0.0
,outer3,3,76,b812,,,,,,150.0,60.0,0.0,0.0,0.0,0.0,0.0,1.0,1.0,0.0
,outer3,3,76,b812,,,,,,150.0,90.0,0.0,0.0,0.0,0.0,0.0,1.0,1.0,0.0
,outer3,3,76,b812,,,,,,150.0,120.0,0.0,0.0,0.0,0.0,0.0,1.0,1.0,0.0
,outer3,3,76,b812,,,,,,150.0,150.0,0.0,0.0,0.0,0.0,0.0,1.0,1.0,0.0
,outer3,3,76,b812,,,,,,150.0,180.0,0.0,0.0,0.0,0.0,0.0,1.0,1.0,0.0
,outer3,3,76,b812,,,,,,150.0,210.0,0.0,0.0,0.0,0.0,0.0,1.0,1.0,0.0
,outer3,3,76,b812,,,,,,150.0,240.0,0.0,0.0,0.0,0.0,0.0,1.0,1.0,0.0
,outer3,3,76,b812,,,,,,150.0,270.0,0.0,0.0,0.0,0.0,0.0,1.0,1.0,0.0
,outer3,3,76,b812,,,,,,150.0,300.0,0.0,0.0,0.0,0.0,0.0,1.0,1.0,0.0
,outer3,3,76,b812,,,,,,150.0,330.0,0.0,0.0,0.0,0.0,0.0,1.0,1.0,0.0
,outer3,3,76,b943,,,,,,30.0,0.0,0.0,0.0,0.0,0.0,0.0,1.0,1.0,0.0
,outer3,3,76,b943,,,,,,30.0,30.0,0.0,0.0,0.0,0.0,0.0,1.0,1.0,0.0
,outer3,3,76,b943,,,,,,30.0,60.0,0.0,0.0,0.0,0.0,0.0,1.0,1.0,0.0
,outer3,3,76,b943,,,,,,30.0,90.0,0.0,0.0,0.0,0.0,0.0,1.0,1.0,0.0
,outer3,3,76,b943,,,,,,30.0,120.0,0.0,0.0,0.0,0.0,0.0,1.0,1.0,0.0
,outer3,3,76,b943,,,,,,30.0,150.0,0.0,0.0,0.0,0.0,0.0,1.0,1.0,0.0
,outer3,3,76,b943,,,,,,30.0,180.0,0.0,0.0,0.0,0.0,0.0,1.0,1.0,0.0
,outer3,3,76,b943,,,,,,30.0,210.0,0.0,0.0,0.0,0.0,0.0,1.0,1.0,0.0
,outer3,3,76,b943,,,,,,30.0,240.0,0.0,0.0,0.0,0.0,0.0,1.0,1.0,0.0
,outer3,3,76,b943,,,,,,30.0,270.0,0.0,0.0,0.0,0.0,0.0,1.0,1.0,0.0
,outer3,3,76,b943,,,,,,30.0,300.0,0.0,0.0,0.0,0.0,0.0,1.0,1.0,0.0
,outer3,3,76,b943,,,,,,30.0,330.0,0.0,0.0,0.0,0.0,0.0,1.0,1.0,0.0
,outer3,3,76,b943,,,,,,60.0,0.0,0.0,0.0,0.0,0.0,0.0,1.0,1.0,0.0
,outer3,3,76,b943,,,,,,60.0,30.0,0.0,0.0,0.0,0.0,0.0,1.0,1.0,0.0
,outer3,3,76,b943,,,,,,60.0,60.0,60.000003814697266,0.0,-60.000003814697266,-60.0,0.0,0.0,1.0,1.0
,outer3,3,76,b943,,,,,,60.0,90.0,0.0,0.0,0.0,0.0,0.0,1.0,1.0,0.0
,outer3,3,76,b943,,,,,,60.0,120.0,0.0,0.0,0.0,0.0,0.0,1.0,1.0,0.0
,outer3,3,76,b943,,,,,,60.0,150.0,0.0,0.0,0.0,0.0,0.0,1.0,1.0,0.0
,outer3,3,76,b943,,,,,,60.0,180.0,0.0,0.0,0.0,0.0,0.0,1.0,1.0,0.0
,outer3,3,76,b943,,,,,,60.0,210.0,0.0,0.0,0.0,0.0,0.0,1.0,1.0,0.0
,outer3,3,76,b943,,,,,,60.0,240.0,128.6822052001953,128.6822052001953,0.0,0.0,0.0,0.0,0.0,0.0
,outer3,3,76,b943,,,,,,60.0,270.0,0.0,120.00000762939453,120.00000762939453,0.0,180.0,1.0,0.0,-1.0
,outer3,3,76,b943,,,,,,60.0,300.0,0.0,0.0,0.0,0.0,0.0,1.0,1.0,0.0
,outer3,3,76,b943,,,,,,60.0,330.0,0.0,0.0,0.0,0.0,0.0,1.0,1.0,0.0
,outer3,3,76,b943,,,,,,90.0,0.0,180.0,180.0,0.0,0.0,0.0,0.0,0.0,0.0
,outer3,3,76,b943,,,,,,90.0,30.0,180.0,0.0,-180.0,0.0,-180.0,0.0,1.0,1.0
,outer3,3,76,b943,,,,,,90.0,60.0,60.000003814697266,60.000003814697266,0.0,0.0,0.0,0.0,0.0,0.0
,outer3,3,76,b943,,,,,,90.0,90.0,180.0,0.0,-180.0,0.0,-180.0,0.0,1.0,1.0
,outer3,3,76,b943,,,,,,90.0,120.0,180.0,0.0,-180.0,0.0,-180.0,0.0,1.0,1.0
,outer3,3,76,b943,,,,,,90.0,150.0,60.000003814697266,0.0,-60.000003814697266,0.0,-60.0,0.0,1.0,1.0
,outer3,3,76,b943,,,,,,90.0,180.0,0.0,0.0,0.0,0.0,0.0,1.0,1.0,0.0
,outer3,3,76,b943,,,,,,90.0,210.0,0.0,0.0,0.0,0.0,0.0,1.0,1.0,0.0
,outer3,3,76,b943,,,,,,90.0,240.0,60.000003814697266,120.00000762939453,60.000003814697266,0.0,60.0,0.0,0.0,0.0
,outer3,3,76,b943,,,,,,90.0,270.0,0.0,180.0,180.0,0.0,180.0,1.0,0.0,-1.0
,outer3,3,76,b943,,,,,,90.0,300.0,0.0,180.0,180.0,0.0,180.0,1.0,0.0,-1.0
,outer3,3,76,b943,,,,,,90.0,330.0,120.00000762939453,180.0,59.99999237060547,0.0,60.0,0.0,0.0,0.0
,outer3,3,76,b943,,,,,,120.0,0.0,0.0,0.0,0.0,0.0,0.0,1.0,1.0,0.0
,outer3,3,76,b943,,,,,,120.0,30.0,0.0,0.0,0.0,0.0,0.0,1.0,1.0,0.0
,outer3,3,76,b943,,,,,,120.0,60.0,0.0,0.0,0.0,0.0,0.0,1.0,1.0,0.0
,outer3,3,76,b943,,,,,,120.0,90.0,0.0,0.0,0.0,0.0,0.0,1.0,1.0,0.0
,outer3,3,76,b943,,,,,,120.0,120.0,29.99998664855957,0.0,-29.99998664855957,-30.0,0.0,0.0,1.0,1.0
,outer3,3,76,b943,,,,,,120.0,150.0,0.0,0.0,0.0,0.0,0.0,1.0,1.0,0.0
,outer3,3,76,b943,,,,,,120.0,180.0,0.0,0.0,0.0,0.0,0.0,1.0,1.0,0.0
,outer3,3,76,b943,,,,,,120.0,210.0,66.45188903808594,60.000003814697266,-6.451885223388672,0.0,-30.0,0.0,0.0,0.0
,outer3,3,76,b943,,,,,,120.0,240.0,0.0,0.0,0.0,0.0,0.0,1.0,1.0,0.0
,outer3,3,76,b943,,,,,,120.0,270.0,0.0,0.0,0.0,0.0,0.0,1.0,1.0,0.0
,outer3,3,76,b943,,,,,,120.0,300.0,29.99998664855957,0.0,-29.99998664855957,-30.0,0.0,0.0,1.0,1.0
,outer3,3,76,b943,,,,,,120.0,330.0,0.0,0.0,0.0,0.0,0.0,1.0,1.0,0.0
,outer3,3,76,b943,,,,,,150.0,0.0,0.0,0.0,0.0,0.0,0.0,1.0,1.0,0.0
,outer3,3,76,b943,,,,,,150.0,30.0,0.0,0.0,0.0,0.0,0.0,1.0,1.0,0.0
,outer3,3,76,b943,,,,,,150.0,60.0,0.0,0.0,0.0,0.0,0.0,1.0,1.0,0.0
,outer3,3,76,b943,,,,,,150.0,90.0,0.0,0.0,0.0,0.0,0.0,1.0,1.0,0.0
,outer3,3,76,b943,,,,,,150.0,120.0,0.0,0.0,0.0,0.0,0.0,1.0,1.0,0.0
,outer3,3,76,b943,,,,,,150.0,150.0,0.0,0.0,0.0,0.0,0.0,1.0,1.0,0.0
,outer3,3,76,b943,,,,,,150.0,180.0,0.0,120.00000762939453,120.00000762939453,120.0,0.0,1.0,0.0,-1.0
,outer3,3,76,b943,,,,,,150.0,210.0,0.0,0.0,0.0,0.0,0.0,1.0,1.0,0.0
,outer3,3,76,b943,,,,,,150.0,240.0,0.0,0.0,0.0,0.0,0.0,1.0,1.0,0.0
,outer3,3,76,b943,,,,,,150.0,270.0,0.0,0.0,0.0,0.0,0.0,1.0,1.0,0.0
,outer3,3,76,b943,,,,,,150.0,300.0,0.0,0.0,0.0,0.0,0.0,1.0,1.0,0.0
,outer3,3,76,b943,,,,,,150.0,330.0,0.0,0.0,0.0,0.0,0.0,1.0,1.0,0.0
,outer3,3,76,b974,,,,,,30.0,0.0,0.0,0.0,0.0,0.0,0.0,1.0,1.0,0.0
,outer3,3,76,b974,,,,,,30.0,30.0,0.0,0.0,0.0,0.0,0.0,1.0,1.0,0.0
,outer3,3,76,b974,,,,,,30.0,60.0,0.0,0.0,0.0,0.0,0.0,1.0,1.0,0.0
,outer3,3,76,b974,,,,,,30.0,90.0,0.0,0.0,0.0,0.0,0.0,1.0,1.0,0.0
,outer3,3,76,b974,,,,,,30.0,120.0,0.0,0.0,0.0,0.0,0.0,1.0,1.0,0.0
,outer3,3,76,b974,,,,,,30.0,150.0,0.0,0.0,0.0,0.0,0.0,1.0,1.0,0.0
,outer3,3,76,b974,,,,,,30.0,180.0,0.0,0.0,0.0,0.0,0.0,1.0,1.0,0.0
,outer3,3,76,b974,,,,,,30.0,210.0,0.0,0.0,0.0,0.0,0.0,1.0,1.0,0.0
,outer3,3,76,b974,,,,,,30.0,240.0,0.0,0.0,0.0,0.0,0.0,1.0,1.0,0.0
,outer3,3,76,b974,,,,,,30.0,270.0,0.0,0.0,0.0,0.0,0.0,1.0,1.0,0.0
,outer3,3,76,b974,,,,,,30.0,300.0,0.0,0.0,0.0,0.0,0.0,1.0,1.0,0.0
,outer3,3,76,b974,,,,,,30.0,330.0,0.0,0.0,0.0,0.0,0.0,1.0,1.0,0.0
,outer3,3,76,b974,,,,,,60.0,0.0,0.0,0.0,0.0,0.0,0.0,1.0,1.0,0.0
,outer3,3,76,b974,,,,,,60.0,30.0,0.0,0.0,0.0,0.0,0.0,1.0,1.0,0.0
,outer3,3,76,b974,,,,,,60.0,60.0,0.0,0.0,0.0,0.0,0.0,1.0,1.0,0.0
,outer3,3,76,b974,,,,,,60.0,90.0,0.0,0.0,0.0,0.0,0.0,1.0,1.0,0.0
,outer3,3,76,b974,,,,,,60.0,120.0,0.0,0.0,0.0,0.0,0.0,1.0,1.0,0.0
,outer3,3,76,b974,,,,,,60.0,150.0,25.905075073242188,82.81924438476562,56.91416931152344,60.0,30.0,0.0,0.0,0.0
,outer3,3,76,b974,,,,,,60.0,180.0,0.0,0.0,0.0,0.0,0.0,1.0,1.0,0.0
,outer3,3,76,b974,,,,,,60.0,210.0,0.0,0.0,0.0,0.0,0.0,1.0,1.0,0.0
,outer3,3,76,b974,,,,,,60.0,240.0,0.0,0.0,0.0,0.0,0.0,1.0,1.0,0.0
,outer3,3,76,b974,,,,,,60.0,270.0,0.0,0.0,0.0,0.0,0.0,1.0,1.0,0.0
,outer3,3,76,b974,,,,,,60.0,300.0,0.0,0.0,0.0,0.0,0.0,1.0,1.0,0.0
,outer3,3,76,b974,,,,,,60.0,330.0,0.0,0.0,0.0,0.0,0.0,1.0,1.0,0.0
,outer3,3,76,b974,,,,,,90.0,0.0,180.0,180.0,0.0,0.0,0.0,0.0,0.0,0.0
,outer3,3,76,b974,,,,,,90.0,30.0,180.0,0.0,-180.0,0.0,-180.0,0.0,1.0,1.0
,outer3,3,76,b974,,,,,,90.0,60.0,180.0,0.0,-180.0,0.0,-180.0,0.0,1.0,1.0
,outer3,3,76,b974,,,,,,90.0,90.0,180.0,0.0,-180.0,0.0,-180.0,0.0,1.0,1.0
,outer3,3,76,b974,,,,,,90.0,120.0,180.0,0.0,-180.0,0.0,-180.0,0.0,1.0,1.0
,outer3,3,76,b974,,,,,,90.0,150.0,180.0,180.0,0.0,0.0,0.0,0.0,0.0,0.0
,outer3,3,76,b974,,,,,,90.0,180.0,0.0,0.0,0.0,0.0,0.0,1.0,1.0,0.0
,outer3,3,76,b974,,,,,,90.0,210.0,0.0,0.0,0.0,0.0,0.0,1.0,1.0,0.0
,outer3,3,76,b974,,,,,,90.0,240.0,0.0,0.0,0.0,0.0,0.0,1.0,1.0,0.0
,outer3,3,76,b974,,,,,,90.0,270.0,0.0,0.0,0.0,0.0,0.0,1.0,1.0,0.0
,outer3,3,76,b974,,,,,,90.0,300.0,0.0,180.0,180.0,0.0,180.0,1.0,0.0,-1.0
,outer3,3,76,b974,,,,,,90.0,330.0,0.0,0.0,0.0,0.0,0.0,1.0,1.0,0.0
,outer3,3,76,b974,,,,,,120.0,0.0,0.0,0.0,0.0,0.0,0.0,1.0,1.0,0.0
,outer3,3,76,b974,,,,,,120.0,30.0,0.0,0.0,0.0,0.0,0.0,1.0,1.0,0.0
,outer3,3,76,b974,,,,,,120.0,60.0,0.0,0.0,0.0,0.0,0.0,1.0,1.0,0.0
,outer3,3,76,b974,,,,,,120.0,90.0,0.0,0.0,0.0,0.0,0.0,1.0,1.0,0.0
,outer3,3,76,b974,,,,,,120.0,120.0,0.0,0.0,0.0,0.0,0.0,1.0,1.0,0.0
,outer3,3,76,b974,,,,,,120.0,150.0,0.0,82.81924438476562,82.81924438476562,60.0,60.0,1.0,0.0,-1.0
,outer3,3,76,b974,,,,,,120.0,180.0,0.0,0.0,0.0,0.0,0.0,1.0,1.0,0.0
,outer3,3,76,b974,,,,,,120.0,210.0,0.0,0.0,0.0,0.0,0.0,1.0,1.0,0.0
,outer3,3,76,b974,,,,,,120.0,240.0,0.0,0.0,0.0,0.0,0.0,1.0,1.0,0.0
,outer3,3,76,b974,,,,,,120.0,270.0,0.0,180.0,180.0,60.0,180.0,1.0,0.0,-1.0
,outer3,3,76,b974,,,,,,120.0,300.0,0.0,0.0,0.0,0.0,0.0,1.0,1.0,0.0
,outer3,3,76,b974,,,,,,120.0,330.0,0.0,0.0,0.0,0.0,0.0,1.0,1.0,0.0
,outer3,3,76,b974,,,,,,150.0,0.0,0.0,60.000003814697266,60.000003814697266,0.0,180.0,1.0,0.0,-1.0
,outer3,3,76,b974,,,,,,150.0,30.0,0.0,0.0,0.0,0.0,0.0,1.0,1.0,0.0
,outer3,3,76,b974,,,,,,150.0,60.0,0.0,0.0,0.0,0.0,0.0,1.0,1.0,0.0
,outer3,3,76,b974,,,,,,150.0,90.0,0.0,0.0,0.0,0.0,0.0,1.0,1.0,0.0
,outer3,3,76,b974,,,,,,150.0,120.0,0.0,0.0,0.0,0.0,0.0,1.0,1.0,0.0
,outer3,3,76,b974,,,,,,150.0,150.0,0.0,0.0,0.0,0.0,0.0,1.0,1.0,0.0
,outer3,3,76,b974,,,,,,150.0,180.0,0.0,0.0,0.0,0.0,0.0,1.0,1.0,0.0
,outer3,3,76,b974,,,,,,150.0,210.0,0.0,0.0,0.0,0.0,0.0,1.0,1.0,0.0
,outer3,3,76,b974,,,,,,150.0,240.0,0.0,0.0,0.0,0.0,0.0,1.0,1.0,0.0
,outer3,3,76,b974,,,,,,150.0,270.0,0.0,0.0,0.0,0.0,0.0,1.0,1.0,0.0
,outer3,3,76,b974,,,,,,150.0,300.0,0.0,0.0,0.0,0.0,0.0,1.0,1.0,0.0
,outer3,3,76,b974,,,,,,150.0,330.0,0.0,0.0,0.0,0.0,0.0,1.0,1.0,0.0
,outer3,3,76,b97b,,,,,,30.0,0.0,30.000001907348633,60.000003814697266,30.000001907348633,-30.0,180.0,0.0,0.0,0.0
,outer3,3,76,b97b,,,,,,30.0,30.0,0.0,122.24180603027344,122.24180603027344,120.0,30.0,1.0,0.0,-1.0
,outer3,3,76,b97b,,,,,,30.0,60.0,0.0,0.0,0.0,0.0,0.0,1.0,1.0,0.0
,outer3,3,76,b97b,,,,,,30.0,90.0,0.0,0.0,0.0,0.0,0.0,1.0,1.0,0.0
,outer3,3,76,b97b,,,,,,30.0,120.0,0.0,0.0,0.0,0.0,0.0,1.0,1.0,0.0
,outer3,3,76,b97b,,,,,,30.0,150.0,0.0,122.24180603027344,122.24180603027344,120.0,30.0,1.0,0.0,-1.0
,outer3,3,76,b97b,,,,,,30.0,180.0,30.000001907348633,30.000001907348633,0.0,0.0,0.0,0.0,0.0,0.0
,outer3,3,76,b97b,,,,,,30.0,210.0,0.0,0.0,0.0,0.0,0.0,1.0,1.0,0.0
,outer3,3,76,b97b,,,,,,30.0,240.0,165.12905883789062,151.04498291015625,-14.084075927734375,0.0,-30.0,0.0,0.0,0.0
,outer3,3,76,b97b,,,,,,30.0,270.0,0.0,180.0,180.0,120.0,180.0,1.0,0.0,-1.0
,outer3,3,76,b97b,,,,,,30.0,300.0,0.0,0.0,0.0,0.0,0.0,1.0,1.0,0.0
,outer3,3,76,b97b,,,,,,30.0,330.0,0.0,0.0,0.0,0.0,0.0,1.0,1.0,0.0
,outer3,3,76,b97b,,,,,,60.0,0.0,0.0,90.0,90.0,30.0,180.0,1.0,0.0,-1.0
,outer3,3,76,b97b,,,,,,60.0,30.0,0.0,0.0,0.0,0.0,0.0,1.0,1.0,0.0
,outer3,3,76,b97b,,,,,,60.0,60.0,0.0,0.0,0.0,0.0,0.0,1.0,1.0,0.0
,outer3,3,76,b97b,,,,,,60.0,90.0,0.0,0.0,0.0,0.0,0.0,1.0,1.0,0.0
,outer3,3,76,b97b,,,,,,60.0,120.0,25.905075073242188,0.0,-25.905075073242188,0.0,-30.0,0.0,1.0,1.0
,outer3,3,76,b97b,,,,,,60.0,150.0,0.0,51.31781005859375,51.31781005859375,0.0,60.0,1.0,0.0,-1.0
,outer3,3,76,b97b,,,,,,60.0,180.0,0.0,0.0,0.0,0.0,0.0,1.0,1.0,0.0
,outer3,3,76,b97b,,,,,,60.0,210.0,0.0,0.0,0.0,0.0,0.0,1.0,1.0,0.0
,outer3,3,76,b97b,,,,,,60.0,240.0,128.6822052001953,97.1807632446289,-31.501441955566406,-60.0,0.0,0.0,0.0,0.0
,outer3,3,76,b97b,,,,,,60.0,270.0,90.0,0.0,-90.0,-30.0,-180.0,0.0,1.0,1.0
,outer3,3,76,b97b,,,,,,60.0,300.0,120.00000762939453,0.0,-120.00000762939453,0.0,-180.0,0.0,1.0,1.0
,outer3,3,76,b97b,,,,,,60.0,330.0,0.0,0.0,0.0,0.0,0.0,1.0,1.0,0.0
,outer3,3,76,b97b,,,,,,90.0,0.0,180.0,0.0,-180.0,0.0,-180.0,0.0,1.0,1.0
,outer3,3,76,b97b,,,,,,90.0,30.0,180.0,0.0,-180.0,0.0,-180.0,0.0,1.0,1.0
,outer3,3,76,b97b,,,,,,90.0,60.0,180.0,0.0,-180.0,0.0,-180.0,0.0,1.0,1.0
,outer3,3,76,b97b,,,,,,90.0,90.0,180.0,0.0,-180.0,0.0,-180.0,0.0,1.0,1.0
,outer3,3,76,b97b,,,,,,90.0,120.0,120.00000762939453,0.0,-120.00000762939453,0.0,-120.0,0.0,1.0,1.0
,outer3,3,76,b97b,,,,,,90.0,150.0,180.0,0.0,-180.0,0.0,-180.0,0.0,1.0,1.0
,outer3,3,76,b97b,,,,,,90.0,180.0,0.0,180.0,180.0,0.0,180.0,1.0,0.0,-1.0
,outer3,3,76,b97b,,,,,,90.0,210.0,0.0,180.0,180.0,0.0,180.0,1.0,0.0,-1.0
,outer3,3,76,b97b,,,,,,90.0,240.0,0.0,180.0,180.0,0.0,180.0,1.0,0.0,-1.0
,outer3,3,76,b97b,,,,,,90.0,270.0,0.0,180.0,180.0,0.0,180.0,1.0,0.0,-1.0
,outer3,3,76,b97b,,,,,,90.0,300.0,60.000003814697266,180.0,119.99999618530273,0.0,120.0,0.0,0.0,0.0
,outer3,3,76,b97b,,,,,,90.0,330.0,60.00000762939453,0.0,-60.00000762939453,0.0,-60.0,0.0,1.0,1.0
,outer3,3,76,b97b,,,,,,120.0,0.0,120.00000762939453,150.0,29.99999237060547,90.0,0.0,0.0,0.0,0.0
,outer3,3,76,b97b,,,,,,120.0,30.0,0.0,0.0,0.0,0.0,0.0,1.0,1.0,0.0
,outer3,3,76,b97b,,,,,,120.0,60.0,0.0,0.0,0.0,0.0,0.0,1.0,1.0,0.0
,outer3,3,76,b97b,,,,,,120.0,90.0,0.0,0.0,0.0,0.0,0.0,1.0,1.0,0.0
,outer3,3,76,b97b,,,,,,120.0,120.0,29.99998664855957,0.0,-29.99998664855957,-30.0,0.0,0.0,1.0,1.0
,outer3,3,76,b97b,,,,,,120.0,150.0,0.0,82.81924438476562,82.81924438476562,60.0,60.0,1.0,0.0,-1.0
,outer3,3,76,b97b,,,,,,120.0,180.0,0.0,29.99998664855957,29.99998664855957,30.0,0.0,1.0,0.0,-1.0
,outer3,3,76,b97b,,,,,,120.0,210.0,66.45188903808594,0.0,-66.45188903808594,-60.0,-30.0,0.0,1.0,1.0
,outer3,3,76,b97b,,,,,,120.0,240.0,0.0,0.0,0.0,0.0,0.0,1.0,1.0,0.0
,outer3,3,76,b97b,,,,,,120.0,270.0,120.00000762939453,180.0,59.99999237060547,60.0,0.0,0.0,0.0,0.0
,outer3,3,76,b97b,,,,,,120.0,300.0,29.99998664855957,0.0,-29.99998664855957,-30.0,0.0,0.0,1.0,1.0
,outer3,3,76,b97b,,,,,,120.0,330.0,0.0,0.0,0.0,0.0,0.0,1.0,1.0,0.0
,outer3,3,76,b97b,,,,,,150.0,0.0,29.99998664855957,0.0,-29.99998664855957,-30.0,0.0,0.0,1.0,1.0
,outer3,3,76,b97b,,,,,,150.0,30.0,128.68218994140625,0.0,-128.68218994140625,-120.0,-60.0,0.0,1.0,1.0
,outer3,3,76,b97b,,,,,,150.0,60.0,0.0,0.0,0.0,0.0,0.0,1.0,1.0,0.0
,outer3,3,76,b97b,,,,,,150.0,90.0,0.0,0.0,0.0,0.0,0.0,1.0,1.0,0.0
,outer3,3,76,b97b,,,,,,150.0,120.0,0.0,0.0,0.0,0.0,0.0,1.0,1.0,0.0
,outer3,3,76,b97b,,,,,,150.0,150.0,0.0,128.68218994140625,128.68218994140625,120.0,60.0,1.0,0.0,-1.0
,outer3,3,76,b97b,,,,,,150.0,180.0,29.99998664855957,29.99998664855957,0.0,0.0,0.0,0.0,0.0,0.0
,outer3,3,76,b97b,,,,,,150.0,210.0,0.0,0.0,0.0,0.0,0.0,1.0,1.0,0.0
,outer3,3,76,b97b,,,,,,150.0,240.0,0.0,0.0,0.0,0.0,0.0,1.0,1.0,0.0
,outer3,3,76,b97b,,,,,,150.0,270.0,60.000003814697266,180.0,119.99999618530273,120.0,0.0,0.0,0.0,0.0
,outer3,3,76,b97b,,,,,,150.0,300.0,0.0,0.0,0.0,0.0,0.0,1.0,1.0,0.0
,outer3,3,76,b97b,,,,,,150.0,330.0,0.0,0.0,0.0,0.0,0.0,1.0,1.0,0.0
,outer3,3,76,bc2c,,,,,,30.0,0.0,30.000001907348633,30.000001907348633,0.0,0.0,0.0,0.0,0.0,0.0
,outer3,3,76,bc2c,,,,,,30.0,30.0,102.50392150878906,128.68218994140625,26.178268432617188,30.0,0.0,0.0,0.0,0.0
,outer3,3,76,bc2c,,,,,,30.0,60.0,0.0,60.000003814697266,60.000003814697266,0.0,180.0,1.0,0.0,-1.0
,outer3,3,76,bc2c,,,,,,30.0,90.0,60.000003814697266,165.12905883789062,105.12905502319336,120.0,-30.0,0.0,0.0,0.0
,outer3,3,76,bc2c,,,,,,30.0,120.0,86.67425537109375,49.494651794433594,-37.179603576660156,0.0,-90.0,0.0,0.0,0.0
,outer3,3,76,bc2c,,,,,,30.0,150.0,86.67425537109375,102.50392150878906,15.829666137695312,60.0,-90.0,0.0,0.0,0.0
,outer3,3,76,bc2c,,,,,,30.0,180.0,30.000001907348633,60.000003814697266,30.000001907348633,-30.0,180.0,0.0,0.0,0.0
,outer3,3,76,bc2c,,,,,,30.0,210.0,90.0,0.0,-90.0,-30.0,-180.0,0.0,1.0,1.0
,outer3,3,76,bc2c,,,,,,30.0,240.0,120.00000762939453,120.00000762939453,0.0,0.0,0.0,0.0,0.0,0.0
,outer3,3,76,bc2c,,,,,,30.0,270.0,165.12905883789062,120.00000762939453,-45.129051208496094,0.0,-150.0,0.0,0.0,0.0
,outer3,3,76,bc2c,,,,,,30.0,300.0,64.34110260009766,36.097782135009766,-28.24332046508789,-30.0,0.0,0.0,0.0,0.0
,outer3,3,76,bc2c,,,,,,30.0,330.0,93.32575988769531,14.870942115783691,-78.45481777191162,-90.0,0.0,0.0,0.0,0.0
,outer3,3,76,bc2c,,,,,,60.0,0.0,0.0,90.0,90.0,30.0,180.0,1.0,0.0,-1.0
,outer3,3,76,bc2c,,,,,,60.0,30.0,0.0,93.32574462890625,93.32574462890625,90.0,30.0,1.0,0.0,-1.0
,outer3,3,76,bc2c,,,,,,60.0,60.0,0.0,0.0,0.0,0.0,0.0,1.0,1.0,0.0
,outer3,3,76,bc2c,,,,,,60.0,90.0,120.00000762939453,154.09490966796875,34.09490203857422,60.0,-30.0,0.0,0.0,0.0
,outer3,3,76,bc2c,,,,,,60.0,120.0,41.40962219238281,113.54812622070312,72.13850402832031,-30.0,120.0,0.0,0.0,0.0
,outer3,3,76,bc2c,,,,,,60.0,150.0,0.0,30.000001907348633,30.000001907348633,30.0,0.0,1.0,0.0,-1.0
,outer3,3,76,bc2c,,,,,,60.0,180.0,0.0,90.0,90.0,90.0,0.0,1.0,0.0,-1.0
,outer3,3,76,bc2c,,,,,,60.0,210.0,180.0,82.81924438476562,-97.18075561523438,0.0,-120.0,0.0,0.0,0.0
,outer3,3,76,bc2c,,,,,,60.0,240.0,60.000003814697266,60.000003814697266,0.0,0.0,0.0,0.0,0.0,0.0
,outer3,3,76,bc2c,,,,,,60.0,270.0,154.0949249267578,36.097782135009766,-117.99714279174805,-30.0,-120.0,0.0,0.0,0.0
,outer3,3,76,bc2c,,,,,,60.0,300.0,128.68218994140625,0.0,-128.68218994140625,-60.0,-120.0,0.0,1.0,1.0
,outer3,3,76,bc2c,,,,,,60.0,330.0,0.0,128.6822052001953,128.6822052001953,60.0,120.0,1.0,0.0,-1.0
,outer3,3,76,bc2c,,,,,,90.0,0.0,180.0,180.0,0.0,0.0,0.0,0.0,0.0,0.0
,outer3,3,76,bc2c,,,,,,90.0,30.0,180.0,150.0,-30.0,0.0,-30.0,0.0,0.0,0.0
,outer3,3,76,bc2c,,,,,,90.0,60.0,150.0,30.000001907348633,-119.99999809265137,0.0,-120.0,0.0,0.0,0.0
,outer3,3,76,bc2c,,,,,,90.0,90.0,180.0,0.0,-180.0,0.0,-180.0,0.0,1.0,1.0
,outer3,3,76,bc2c,,,,,,90.0,120.0,150.0,150.0,0.0,0.0,0.0,0.0,0.0,0.0
,outer3,3,76,bc2c,,,,,,90.0,150.0,30.000001907348633,30.000001907348633,0.0,0.0,0.0,0.0,0.0,0.0
,outer3,3,76,bc2c,,,,,,90.0,180.0,0.0,29.999998092651367,29.999998092651367,30.0,0.0,1.0,0.0,-1.0
,outer3,3,76,bc2c,,,,,,90.0,210.0,30.000001907348633,30.000001907348633,0.0,0.0,0.0,0.0,0.0,0.0
,outer3,3,76,bc2c,,,,,,90.0,240.0,30.000001907348633,150.0,119.99999809265137,0.0,120.0,0.0,0.0,0.0
,outer3,3,76,bc2c,,,,,,90.0,270.0,0.0,180.0,180.0,0.0,180.0,1.0,0.0,-1.0
,outer3,3,76,bc2c,,,,,,90.0,300.0,30.000001907348633,0.0,-30.000001907348633,0.0,-30.0,0.0,1.0,1.0
,outer3,3,76,bc2c,,,,,,90.0,330.0,150.0,138.59039306640625,-11.40960693359375,30.0,0.0,0.0,0.0,0.0
,outer3,3,76,bc2c,,,,,,120.0,0.0,0.0,86.67425537109375,86.67425537109375,30.0,150.0,1.0,0.0,-1.0
,outer3,3,76,bc2c,,,,,,120.0,30.0,82.81924438476562,51.31781005859375,-31.501434326171875,-60.0,0.0,0.0,0.0,0.0
,outer3,3,76,bc2c,,,,,,120.0,60.0,0.0,0.0,0.0,0.0,0.0,1.0,1.0,0.0
,outer3,3,76,bc2c,,,,,,120.0,90.0,120.00000762939453,90.0,-30.00000762939453,90.0,-180.0,0.0,0.0,0.0
,outer3,3,76,bc2c,,,,,,120.0,120.0,120.00000762939453,120.00000762939453,0.0,0.0,0.0,0.0,0.0,0.0
,outer3,3,76,bc2c,,,,,,120.0,150.0,82.81924438476562,102.50392150878906,19.684677124023438,30.0,0.0,0.0,0.0,0.0
,outer3,3,76,bc2c,,,,,,120.0,180.0,0.0,90.0,90.0,90.0,0.0,1.0,0.0,-1.0
,outer3,3,76,bc2c,,,,,,120.0,210.0,120.00000762939453,51.31781005859375,-68.68219757080078,0.0,-120.0,0.0,0.0,0.0
,outer3,3,76,bc2c,,,,,,120.0,240.0,97.18075561523438,60.000003814697266,-37.18075180053711,60.0,-120.0,0.0,0.0,0.0
,outer3,3,76,bc2c,,,,,,120.0,270.0,180.0,143.9022216796875,-36.0977783203125,30.0,-30.0,0.0,0.0,0.0
,outer3,3,76,bc2c,,,,,,120.0,300.0,128.68218994140625,25.905075073242188,-102.77711486816406,-60.0,-90.0,0.0,0.0,0.0
,outer3,3,76,bc2c,,,,,,120.0,330.0,180.0,90.0,-90.0,-30.0,0.0,0.0,0.0,0.0
,outer3,3,76,bc2c,,,,,,150.0,0.0,29.99998664855957,0.0,-29.99998664855957,-30.0,0.0,0.0,1.0,1.0
,outer3,3,76,bc2c,,,,,,150.0,30.0,93.32574462890625,120.00000762939453,26.67426300048828,30.0,-30.0,0.0,0.0,0.0
,outer3,3,76,bc2c,,,,,,150.0,60.0,60.000003814697266,60.000003814697266,0.0,0.0,0.0,0.0,0.0,0.0
,outer3,3,76,bc2c,,,,,,150.0,90.0,57.7581901550293,0.0,-57.7581901550293,0.0,-150.0,0.0,1.0,1.0
,outer3,3,76,bc2c,,,,,,150.0,120.0,49.49464416503906,90.0,40.50535583496094,0.0,120.0,0.0,0.0,0.0
,outer3,3,76,bc2c,,,,,,150.0,150.0,90.0,122.24180603027344,32.24180603027344,90.0,-150.0,0.0,0.0,0.0
,outer3,3,76,bc2c,,,,,,150.0,180.0,120.00000762939453,86.67424774169922,-33.32575988769531,-30.0,-30.0,0.0,0.0,0.0
,outer3,3,76,bc2c,,,,,,150.0,210.0,120.00000762939453,165.12905883789062,45.129051208496094,60.0,-30.0,0.0,0.0,0.0
,outer3,3,76,bc2c,,,,,,150.0,240.0,0.0,0.0,0.0,0.0,0.0,1.0,1.0,0.0
,outer3,3,76,bc2c,,,,,,150.0,270.0,165.12905883789062,0.0,-165.12905883789062,-120.0,-150.0,0.0,1.0,1.0
,outer3,3,76,bc2c,,,,,,150.0,300.0,93.32574462890625,29.99998664855957,-63.32575798034668,-60.0,-30.0,0.0,0.0,0.0
,outer3,3,76,bc2c,,,,,,150.0,330.0,150.0,36.0977783203125,-113.9022216796875,-60.0,-150.0,0.0,0.0,0.0
,outer4,4,70,b7fd,,,,,,30.0,0.0,60.000003814697266,30.000001907348633,-30.000001907348633,30.0,-180.0,0.0,0.0,0.0
,outer4,4,70,b7fd,,,,,,30.0,30.0,30.000001907348633,30.000001907348633,0.0,0.0,0.0,0.0,0.0,0.0
,outer4,4,70,b7fd,,,,,,30.0,60.0,122.24180603027344,165.12905883789062,42.88725280761719,0.0,120.0,0.0,0.0,0.0
,outer4,4,70,b7fd,,,,,,30.0,90.0,120.00000762939453,120.00000762939453,0.0,0.0,0.0,0.0,0.0,0.0
,outer4,4,70,b7fd,,,,,,30.0,120.0,102.50392150878906,0.0,-102.50392150878906,-90.0,-60.0,0.0,1.0,1.0
,outer4,4,70,b7fd,,,,,,30.0,150.0,30.000001907348633,143.9022216796875,113.90221977233887,60.0,150.0,0.0,0.0,0.0
,outer4,4,70,b7fd,,,,,,30.0,180.0,0.0,30.000001907348633,30.000001907348633,30.0,0.0,1.0,0.0,-1.0
,outer4,4,70,b7fd,,,,,,30.0,210.0,86.67425537109375,90.0,3.32574462890625,0.0,30.0,0.0,0.0,0.0
,outer4,4,70,b7fd,,,,,,30.0,240.0,151.04498291015625,151.04498291015625,0.0,0.0,0.0,0.0,0.0,0.0
,outer4,4,70,b7fd,,,,,,30.0,270.0,0.0,57.7581901550293,57.7581901550293,0.0,150.0,1.0,0.0,-1.0
,outer4,4,70,b7fd,,,,,,30.0,300.0,51.31781005859375,60.000003814697266,8.682193756103516,0.0,60.0,0.0,0.0,0.0
,outer4,4,70,b7fd,,,,,,30.0,330.0,36.097782135009766,93.32575988769531,57.22797775268555,60.0,0.0,0.0,0.0,0.0
,outer4,4,70,b7fd,,,,,,60.0,0.0,0.0,0.0,0.0,0.0,0.0,1.0,1.0,0.0
,outer4,4,70,b7fd,,,,,,60.0,30.0,0.0,113.5481185913086,113.5481185913086,0.0,150.0,1.0,0.0,-1.0
,outer4,4,70,b7fd,,,,,,60.0,60.0,130.50535583496094,128.68218994140625,-1.8231658935546875,-30.0,0.0,0.0,0.0,0.0
,outer4,4,70,b7fd,,,,,,60.0,90.0,0.0,0.0,0.0,0.0,0.0,1.0,1.0,0.0
,outer4,4,70,b7fd,,,,,,60.0,120.0,0.0,0.0,0.0,0.0,0.0,1.0,1.0,0.0
,outer4,4,70,b7fd,,,,,,60.0,150.0,82.81924438476562,128.6822052001953,45.86296081542969,0.0,60.0,0.0,0.0,0.0
,outer4,4,70,b7fd,,,,,,60.0,180.0,0.0,93.32574462890625,93.32574462890625,90.0,30.0,1.0,0.0,-1.0
,outer4,4,70,b7fd,,,,,,60.0,210.0,128.6822052001953,120.00000762939453,-8.682197570800781,-60.0,60.0,0.0,0.0,0.0
,outer4,4,70,b7fd,,,,,,60.0,240.0,154.09490966796875,0.0,-154.09490966796875,-60.0,-150.0,0.0,1.0,1.0
,outer4,4,70,b7fd,,,,,,60.0,270.0,120.00000762939453,120.00000762939453,0.0,0.0,0.0,0.0,0.0,0.0
,outer4,4,70,b7fd,,,,,,60.0,300.0,0.0,0.0,0.0,0.0,0.0,1.0,1.0,0.0
,outer4,4,70,b7fd,,,,,,60.0,330.0,82.81924438476562,60.000003814697266,-22.81924057006836,0.0,-60.0,0.0,0.0,0.0
,outer4,4,70,b7fd,,,,,,90.0,0.0,180.0,180.0,0.0,0.0,0.0,0.0,0.0,0.0
,outer4,4,70,b7fd,,,,,,90.0,30.0,120.00000762939453,120.00000762939453,0.0,0.0,0.0,0.0,0.0,0.0
,outer4,4,70,b7fd,,,,,,90.0,60.0,60.000003814697266,60.000003814697266,0.0,0.0,0.0,0.0,0.0,0.0
,outer4,4,70,b7fd,,,,,,90.0,90.0,180.0,180.0,0.0,0.0,0.0,0.0,0.0,0.0
,outer4,4,70,b7fd,,,,,,90.0,120.0,0.0,30.000001907348633,30.000001907348633,0.0,30.0,1.0,0.0,-1.0
,outer4,4,70,b7fd,,,,,,90.0,150.0,0.0,180.0,180.0,0.0,180.0,1.0,0.0,-1.0
,outer4,4,70,b7fd,,,,,,90.0,180.0,0.0,0.0,0.0,0.0,0.0,1.0,1.0,0.0
,outer4,4,70,b7fd,,,,,,90.0,210.0,60.000003814697266,90.0,29.999996185302734,0.0,30.0,0.0,0.0,0.0
,outer4,4,70,b7fd,,,,,,90.0,240.0,120.00000762939453,60.000003814697266,-60.000003814697266,0.0,-60.0,0.0,0.0,0.0
,outer4,4,70,b7fd,,,,,,90.0,270.0,0.0,0.0,0.0,0.0,0.0,1.0,1.0,0.0
,outer4,4,70,b7fd,,,,,,90.0,300.0,30.000001907348633,30.000001907348633,0.0,0.0,0.0,0.0,0.0,0.0
,outer4,4,70,b7fd,,,,,,90.0,330.0,180.0,120.00000762939453,-59.99999237060547,0.0,-60.0,0.0,0.0,0.0
,outer4,4,70,b7fd,,,,,,120.0,0.0,0.0,29.99998664855957,29.99998664855957,30.0,0.0,1.0,0.0,-1.0
,outer4,4,70,b7fd,,,,,,120.0,30.0,0.0,97.18075561523438,97.18075561523438,0.0,120.0,1.0,0.0,-1.0
,outer4,4,70,b7fd,,,,,,120.0,60.0,128.68218994140625,128.68218994140625,0.0,0.0,0.0,0.0,0.0,0.0
,outer4,4,70,b7fd,,,,,,120.0,90.0,0.0,120.00000762939453,120.00000762939453,0.0,180.0,1.0,0.0,-1.0
,outer4,4,70,b7fd,,,,,,120.0,120.0,25.905075073242188,0.0,-25.905075073242188,0.0,-30.0,0.0,1.0,1.0
,outer4,4,70,b7fd,,,,,,120.0,150.0,120.00000762939453,180.0,59.99999237060547,60.0,0.0,0.0,0.0,0.0
,outer4,4,70,b7fd,,,,,,120.0,180.0,0.0,0.0,0.0,0.0,0.0,1.0,1.0,0.0
,outer4,4,70,b7fd,,,,,,120.0,210.0,60.000003814697266,97.18075561523438,37.18075180053711,-60.0,120.0,0.0,0.0,0.0
,outer4,4,70,b7fd,,,,,,120.0,240.0,154.09490966796875,0.0,-154.09490966796875,-60.0,-150.0,0.0,1.0,1.0
,outer4,4,70,b7fd,,,,,,120.0,270.0,0.0,0.0,0.0,0.0,0.0,1.0,1.0,0.0
,outer4,4,70,b7fd,,,,,,120.0,300.0,29.99998664855957,0.0,-29.99998664855957,-30.0,0.0,0.0,1.0,1.0
,outer4,4,70,b7fd,,,,,,120.0,330.0,0.0,0.0,0.0,0.0,0.0,1.0,1.0,0.0
,outer4,4,70,b7fd,,,,,,150.0,0.0,29.99998664855957,29.99998664855957,0.0,0.0,0.0,0.0,0.0,0.0
,outer4,4,70,b7fd,,,,,,150.0,30.0,29.99998664855957,0.0,-29.99998664855957,-30.0,0.0,0.0,1.0,1.0
,outer4,4,70,b7fd,,,,,,150.0,60.0,120.00000762939453,151.04498291015625,31.04497528076172,0.0,120.0,0.0,0.0,0.0
,outer4,4,70,b7fd,,,,,,150.0,90.0,29.99998664855957,14.870942115783691,-15.129044532775879,-30.0,30.0,0.0,0.0,0.0
,outer4,4,70,b7fd,,,,,,150.0,120.0,0.0,0.0,0.0,0.0,0.0,1.0,1.0,0.0
,outer4,4,70,b7fd,,,,,,150.0,150.0,150.0,130.50535583496094,-19.494644165039062,0.0,-60.0,0.0,0.0,0.0
,outer4,4,70,b7fd,,,,,,150.0,180.0,29.99998664855957,90.0,60.00001335144043,0.0,180.0,0.0,0.0,0.0
,outer4,4,70,b7fd,,,,,,150.0,210.0,86.67425537109375,60.000003814697266,-26.674251556396484,-30.0,30.0,0.0,0.0,0.0
,outer4,4,70,b7fd,,,,,,150.0,240.0,60.000003814697266,128.68218994140625,68.68218612670898,120.0,-120.0,0.0,0.0,0.0
,outer4,4,70,b7fd,,,,,,150.0,270.0,0.0,60.000003814697266,60.000003814697266,0.0,180.0,1.0,0.0,-1.0
,outer4,4,70,b7fd,,,,,,150.0,300.0,57.7581901550293,60.000003814697266,2.2418136596679688,0.0,30.0,0.0,0.0,0.0
,outer4,4,70,b7fd,,,,,,150.0,330.0,143.9022216796875,102.50391387939453,-41.39830780029297,0.0,-90.0,0.0,0.0,0.0
,outer4,4,70,b8ed,,,,,,30.0,0.0,0.0,30.000001907348633,30.000001907348633,30.0,0.0,1.0,0.0,-1.0
,outer4,4,70,b8ed,,,,,,30.0,30.0,0.0,14.870942115783691,14.870942115783691,0.0,30.0,1.0,0.0,-1.0
,outer4,4,70,b8ed,,,,,,30.0,60.0,151.04498291015625,151.04498291015625,0.0,0.0,0.0,0.0,0.0,0.0
,outer4,4,70,b8ed,,,,,,30.0,90.0,0.0,0.0,0.0,0.0,0.0,1.0,1.0,0.0
,outer4,4,70,b8ed,,,,,,30.0,120.0,128.68218994140625,0.0,-128.68218994140625,-120.0,-60.0,0.0,1.0,1.0
,outer4,4,70,b8ed,,,,,,30.0,150.0,0.0,128.68218994140625,128.68218994140625,120.0,60.0,1.0,0.0,-1.0
,outer4,4,70,b8ed,,,,,,30.0,180.0,0.0,60.000003814697266,60.000003814697266,0.0,180.0,1.0,0.0,-1.0
,outer4,4,70,b8ed,,,,,,30.0,210.0,0.0,57.7581901550293,57.7581901550293,0.0,150.0,1.0,0.0,-1.0
,outer4,4,70,b8ed,,,,,,30.0,240.0,122.24180603027344,165.12905883789062,42.88725280761719,0.0,120.0,0.0,0.0,0.0
,outer4,4,70,b8ed,,,,,,30.0,270.0,0.0,0.0,0.0,0.0,0.0,1.0,1.0,0.0
,outer4,4,70,b8ed,,,,,,30.0,300.0,0.0,0.0,0.0,0.0,0.0,1.0,1.0,0.0
,outer4,4,70,b8ed,,,,,,30.0,330.0,122.24180603027344,128.68218994140625,6.4403839111328125,0.0,30.0,0.0,0.0,0.0
,outer4,4,70,b8ed,,,,,,60.0,0.0,30.000001907348633,0.0,-30.000001907348633,-30.0,0.0,0.0,1.0,1.0
,outer4,4,70,b8ed,,,,,,60.0,30.0,0.0,120.00000762939453,120.00000762939453,0.0,180.0,1.0,0.0,-1.0
,outer4,4,70,b8ed,,,,,,60.0,60.0,128.68218994140625,128.68218994140625,0.0,0.0,0.0,0.0,0.0,0.0
,outer4,4,70,b8ed,,,,,,60.0,90.0,0.0,60.000003814697266,60.000003814697266,60.0,0.0,1.0,0.0,-1.0
,outer4,4,70,b8ed,,,,,,60.0,120.0,0.0,60.000003814697266,60.000003814697266,60.0,0.0,1.0,0.0,-1.0
,outer4,4,70,b8ed,,,,,,60.0,150.0,25.905075073242188,97.1807632446289,71.27568817138672,0.0,90.0,0.0,0.0,0.0
,outer4,4,70,b8ed,,,,,,60.0,180.0,30.000001907348633,30.000001907348633,0.0,0.0,0.0,0.0,0.0,0.0
,outer4,4,70,b8ed,,,,,,60.0,210.0,120.00000762939453,60.000003814697266,-60.000003814697266,60.0,-180.0,0.0,0.0,0.0
,outer4,4,70,b8ed,,,,,,60.0,240.0,120.00000762939453,120.00000762939453,0.0,0.0,0.0,0.0,0.0,0.0
,outer4,4,70,b8ed,,,,,,60.0,270.0,120.00000762939453,113.54812622070312,-6.451881408691406,0.0,-30.0,0.0,0.0,0.0
,outer4,4,70,b8ed,,,,,,60.0,300.0,0.0,0.0,0.0,0.0,0.0,1.0,1.0,0.0
,outer4,4,70,b8ed,,,,,,60.0,330.0,82.81924438476562,128.6822052001953,45.86296081542969,0.0,60.0,0.0,0.0,0.0
,outer4,4,70,b8ed,,,,,,90.0,0.0,30.000001907348633,150.0,119.99999809265137,0.0,120.0,0.0,0.0,0.0
,outer4,4,70,b8ed,,,,,,90.0,30.0,180.0,180.0,0.0,0.0,0.0,0.0,0.0,0.0
,outer4,4,70,b8ed,,,,,,90.0,60.0,0.0,119.99999237060547,119.99999237060547,0.0,120.0,1.0,0.0,-1.0
,outer4,4,70,b8ed,,,,,,90.0,90.0,180.0,180.0,0.0,0.0,0.0,0.0,0.0,0.0
,outer4,4,70,b8ed,,,,,,90.0,120.0,0.0,0.0,0.0,0.0,0.0,1.0,1.0,0.0
,outer4,4,70,b8ed,,,,,,90.0,150.0,60.000003814697266,120.00000762939453,60.000003814697266,0.0,60.0,0.0,0.0,0.0
,outer4,4,70,b8ed,,,,,,90.0,180.0,150.0,150.0,0.0,0.0,0.0,0.0,0.0,0.0
,outer4,4,70,b8ed,,,,,,90.0,210.0,0.0,0.0,0.0,0.0,0.0,1.0,1.0,0.0
,outer4,4,70,b8ed,,,,,,90.0,240.0,120.00000762939453,120.00000762939453,0.0,0.0,0.0,0.0,0.0,0.0
,outer4,4,70,b8ed,,,,,,90.0,270.0,0.0,0.0,0.0,0.0,0.0,1.0,1.0,0.0
,outer4,4,70,b8ed,,,,,,90.0,300.0,0.0,0.0,0.0,0.0,0.0,1.0,1.0,0.0
,outer4,4,70,b8ed,,,,,,90.0,330.0,120.00000762939453,120.00000762939453,0.0,0.0,0.0,0.0,0.0,0.0
,outer4,4,70,b8ed,,,,,,120.0,0.0,29.99998664855957,0.0,-29.99998664855957,-30.0,0.0,0.0,1.0,1.0
,outer4,4,70,b8ed,,,,,,120.0,30.0,0.0,128.6822052001953,128.6822052001953,60.0,120.0,1.0,0.0,-1.0
,outer4,4,70,b8ed,,,,,,120.0,60.0,128.68218994140625,128.68218994140625,0.0,0.0,0.0,0.0,0.0,0.0
,outer4,4,70,b8ed,,,,,,120.0,90.0,0.0,60.000003814697266,60.000003814697266,60.0,0.0,1.0,0.0,-1.0
,outer4,4,70,b8ed,,,,,,120.0,120.0,128.6822052001953,128.6822052001953,0.0,0.0,0.0,0.0,0.0,0.0
,outer4,4,70,b8ed,,,,,,120.0,150.0,0.0,128.6822052001953,128.6822052001953,60.0,120.0,1.0,0.0,-1.0
,outer4,4,70,b8ed,,,,,,120.0,180.0,29.99998664855957,29.99998664855957,0.0,0.0,0.0,0.0,0.0,0.0
,outer4,4,70,b8ed,,,,,,120.0,210.0,120.00000762939453,82.81924438476562,-37.180763244628906,60.0,-120.0,0.0,0.0,0.0
,outer4,4,70,b8ed,,,,,,120.0,240.0,0.0,97.18075561523438,97.18075561523438,0.0,120.0,1.0,0.0,-1.0
,outer4,4,70,b8ed,,,,,,120.0,270.0,120.00000762939453,0.0,-120.00000762939453,0.0,-180.0,0.0,1.0,1.0
,outer4,4,70,b8ed,,,,,,120.0,300.0,0.0,0.0,0.0,0.0,0.0,1.0,1.0,0.0
,outer4,4,70,b8ed,,,,,,120.0,330.0,154.0949249267578,97.18075561523438,-56.91416931152344,-60.0,-30.0,0.0,0.0,0.0
,outer4,4,70,b8ed,,,,,,150.0,0.0,60.000003814697266,29.99998664855957,-30.000017166137695,30.0,-180.0,0.0,0.0,0.0
,outer4,4,70,b8ed,,,,,,150.0,30.0,60.000003814697266,60.000003814697266,0.0,0.0,0.0,0.0,0.0,0.0
,outer4,4,70,b8ed,,,,,,150.0,60.0,122.24180603027344,120.00000762939453,-2.2417984008789062,0.0,-30.0,0.0,0.0,0.0
,outer4,4,70,b8ed,,,,,,150.0,90.0,0.0,0.0,0.0,0.0,0.0,1.0,1.0,0.0
,outer4,4,70,b8ed,,,,,,150.0,120.0,0.0,0.0,0.0,0.0,0.0,1.0,1.0,0.0
,outer4,4,70,b8ed,,,,,,150.0,150.0,128.68218994140625,120.00000762939453,-8.682182312011719,0.0,-60.0,0.0,0.0,0.0
,outer4,4,70,b8ed,,,,,,150.0,180.0,0.0,29.99998664855957,29.99998664855957,30.0,0.0,1.0,0.0,-1.0
,outer4,4,70,b8ed,,,,,,150.0,210.0,0.0,0.0,0.0,0.0,0.0,1.0,1.0,0.0
,outer4,4,70,b8ed,,,,,,150.0,240.0,0.0,0.0,0.0,0.0,0.0,1.0,1.0,0.0
,outer4,4,70,b8ed,,,,,,150.0,270.0,0.0,60.000003814697266,60.000003814697266,0.0,180.0,1.0,0.0,-1.0
,outer4,4,70,b8ed,,,,,,150.0,300.0,0.0,0.0,0.0,0.0,0.0,1.0,1.0,0.0
,outer4,4,70,b8ed,,,,,,150.0,330.0,128.68218994140625,128.68218994140625,0.0,0.0,0.0,0.0,0.0,0.0
,outer4,4,70,b979,,,,,,30.0,0.0,60.000003814697266,60.000003814697266,0.0,0.0,0.0,0.0,0.0,0.0
,outer4,4,70,b979,,,,,,30.0,30.0,0.0,0.0,0.0,0.0,0.0,1.0,1.0,0.0
,outer4,4,70,b979,,,,,,30.0,60.0,122.24180603027344,128.68218994140625,6.4403839111328125,0.0,30.0,0.0,0.0,0.0
,outer4,4,70,b979,,,,,,30.0,90.0,60.000003814697266,90.0,29.999996185302734,30.0,0.0,0.0,0.0,0.0
,outer4,4,70,b979,,,,,,30.0,120.0,28.95502281188965,128.68218994140625,99.7271671295166,120.0,0.0,0.0,0.0,0.0
,outer4,4,70,b979,,,,,,30.0,150.0,60.000003814697266,122.24180603027344,62.24180221557617,120.0,-150.0,0.0,0.0,0.0
,outer4,4,70,b979,,,,,,30.0,180.0,0.0,0.0,0.0,0.0,0.0,1.0,1.0,0.0
,outer4,4,70,b979,,,,,,30.0,210.0,14.870942115783691,60.000003814697266,45.129061698913574,0.0,150.0,0.0,0.0,0.0
,outer4,4,70,b979,,,,,,30.0,240.0,165.12905883789062,165.12905883789062,0.0,0.0,0.0,0.0,0.0,0.0
,outer4,4,70,b979,,,,,,30.0,270.0,60.000003814697266,86.67425537109375,26.674251556396484,30.0,-30.0,0.0,0.0,0.0
,outer4,4,70,b979,,,,,,30.0,300.0,41.40962219238281,77.49608612060547,36.086463928222656,30.0,30.0,0.0,0.0,0.0
,outer4,4,70,b979,,,,,,30.0,330.0,14.870942115783691,128.68218994140625,113.81124782562256,120.0,30.0,0.0,0.0,0.0
,outer4,4,70,b979,,,,,,60.0,0.0,30.000001907348633,29.999998092651367,-3.814697265625e-06,0.0,0.0,0.0,0.0,0.0
,outer4,4,70,b979,,,,,,60.0,30.0,0.0,25.905075073242188,25.905075073242188,0.0,30.0,1.0,0.0,-1.0
,outer4,4,70,b979,,,,,,60.0,60.0,102.50391387939453,82.81924438476562,-19.684669494628906,-30.0,0.0,0.0,0.0,0.0
,outer4,4,70,b979,,,,,,60.0,90.0,154.09490966796875,60.000003814697266,-94.09490585327148,0.0,-150.0,0.0,0.0,0.0
,outer4,4,70,b979,,,,,,60.0,120.0,75.52249908447266,97.1807632446289,21.65826416015625,0.0,30.0,0.0,0.0,0.0
,outer4,4,70,b979,,,,,,60.0,150.0,104.47750854492188,180.0,75.52249145507812,0.0,90.0,0.0,0.0,0.0
,outer4,4,70,b979,,,,,,60.0,180.0,90.0,30.000001907348633,-59.99999809265137,0.0,-180.0,0.0,0.0,0.0
,outer4,4,70,b979,,,,,,60.0,210.0,60.000003814697266,97.1807632446289,37.18075942993164,-60.0,120.0,0.0,0.0,0.0
,outer4,4,70,b979,,,,,,60.0,240.0,120.00000762939453,150.0,29.99999237060547,90.0,0.0,0.0,0.0,0.0
,outer4,4,70,b979,,,,,,60.0,270.0,120.00000762939453,113.54812622070312,-6.451881408691406,0.0,-30.0,0.0,0.0,0.0
,outer4,4,70,b979,,,,,,60.0,300.0,115.65889739990234,97.18075561523438,-18.47814178466797,-90.0,30.0,0.0,0.0,0.0
,outer4,4,70,b979,,,,,,60.0,330.0,82.81924438476562,180.0,97.18075561523438,0.0,120.0,0.0,0.0,0.0
,outer4,4,70,b979,,,,,,90.0,0.0,41.40962219238281,150.0,108.59037780761719,-30.0,120.0,0.0,0.0,0.0
,outer4,4,70,b979,,,,,,90.0,30.0,29.999998092651367,30.000001907348633,3.814697265625e-06,-30.0,30.0,0.0,0.0,0.0
,outer4,4,70,b979,,,,,,90.0,60.0,90.0,0.0,-90.0,0.0,-90.0,0.0,1.0,1.0
,outer4,4,70,b979,,,,,,90.0,90.0,30.000001907348633,30.000001907348633,0.0,0.0,0.0,0.0,0.0,0.0
,outer4,4,70,b979,,,,,,90.0,120.0,90.0,60.000003814697266,-29.999996185302734,0.0,-30.0,0.0,0.0,0.0
,outer4,4,70,b979,,,,,,90.0,150.0,115.6589126586914,120.00000762939453,4.341094970703125,-30.0,0.0,0.0,0.0,0.0
,outer4,4,70,b979,,,,,,90.0,180.0,138.59039306640625,30.000001907348633,-108.59039115905762,-30.0,-120.0,0.0,0.0,0.0
,outer4,4,70,b979,,,,,,90.0,210.0,180.0,30.000001907348633,-149.99999809265137,0.0,-150.0,0.0,0.0,0.0
,outer4,4,70,b979,,,,,,90.0,240.0,180.0,60.000003814697266,-119.99999618530273,0.0,-120.0,0.0,0.0,0.0
,outer4,4,70,b979,,,,,,90.0,270.0,150.0,0.0,-150.0,0.0,-150.0,0.0,1.0,1.0
,outer4,4,70,b979,,,,,,90.0,300.0,90.0,60.000003814697266,-29.999996185302734,0.0,-30.0,0.0,0.0,0.0
,outer4,4,70,b979,,,,,,90.0,330.0,64.34110260009766,120.00000762939453,55.658905029296875,-30.0,60.0,0.0,0.0,0.0
,outer4,4,70,b979,,,,,,120.0,0.0,90.0,0.0,-90.0,-90.0,0.0,0.0,1.0,1.0
,outer4,4,70,b979,,,,,,120.0,30.0,0.0,97.18075561523438,97.18075561523438,0.0,120.0,1.0,0.0,-1.0
,outer4,4,70,b979,,,,,,120.0,60.0,66.45188903808594,66.45188903808594,0.0,0.0,0.0,0.0,0.0,0.0
,outer4,4,70,b979,,,,,,120.0,90.0,66.45188903808594,66.45188903808594,0.0,0.0,0.0,0.0,0.0,0.0
,outer4,4,70,b979,,,,,,120.0,120.0,82.81924438476562,128.6822052001953,45.86296081542969,0.0,60.0,0.0,0.0,0.0
,outer4,4,70,b979,,,,,,120.0,150.0,120.00000762939453,180.0,59.99999237060547,60.0,0.0,0.0,0.0,0.0
,outer4,4,70,b979,,,,,,120.0,180.0,90.0,120.00000762939453,30.00000762939453,-90.0,180.0,0.0,0.0,0.0
,outer4,4,70,b979,,,,,,120.0,210.0,0.0,97.18075561523438,97.18075561523438,0.0,120.0,1.0,0.0,-1.0
,outer4,4,70,b979,,,,,,120.0,240.0,75.52249145507812,75.52249145507812,0.0,0.0,0.0,0.0,0.0,0.0
,outer4,4,70,b979,,,,,,120.0,270.0,113.54811096191406,120.00000762939453,6.451896667480469,0.0,30.0,0.0,0.0,0.0
,outer4,4,70,b979,,,,,,120.0,300.0,29.99998664855957,90.0,60.00001335144043,0.0,180.0,0.0,0.0,0.0
,outer4,4,70,b979,,,,,,120.0,330.0,82.81924438476562,97.18075561523438,14.36151123046875,-60.0,60.0,0.0,0.0,0.0
,outer4,4,70,b979,,,,,,150.0,0.0,60.000003814697266,29.99998664855957,-30.000017166137695,30.0,-180.0,0.0,0.0,0.0
,outer4,4,70,b979,,,,,,150.0,30.0,0.0,14.870942115783691,14.870942115783691,0.0,30.0,1.0,0.0,-1.0
,outer4,4,70,b979,,,,,,150.0,60.0,120.00000762939453,90.0,-30.00000762939453,-30.0,0.0,0.0,0.0,0.0
,outer4,4,70,b979,,,,,,150.0,90.0,60.000003814697266,115.6589126586914,55.65890884399414,60.0,-30.0,0.0,0.0,0.0
,outer4,4,70,b979,,,,,,150.0,120.0,14.870942115783691,0.0,-14.870942115783691,0.0,-30.0,0.0,1.0,1.0
,outer4,4,70,b979,,,,,,150.0,150.0,122.24180603027344,120.00000762939453,-2.2417984008789062,0.0,-30.0,0.0,0.0,0.0
,outer4,4,70,b979,,,,,,150.0,180.0,120.00000762939453,14.870942115783691,-105.12906551361084,-120.0,30.0,0.0,0.0,0.0
,outer4,4,70,b979,,,,,,150.0,210.0,60.000003814697266,60.000003814697266,0.0,0.0,0.0,0.0,0.0,0.0
,outer4,4,70,b979,,,,,,150.0,240.0,57.7581901550293,93.32574462890625,35.56755447387695,90.0,-120.0,0.0,0.0,0.0
,outer4,4,70,b979,,,,,,150.0,270.0,60.000003814697266,90.0,29.999996185302734,30.0,0.0,0.0,0.0,0.0
,outer4,4,70,b979,,,,,,150.0,300.0,57.7581901550293,60.000003814697266,2.2418136596679688,0.0,30.0,0.0,0.0,0.0
,outer4,4,70,b979,,,,,,150.0,330.0,60.000003814697266,128.68218994140625,68.68218612670898,120.0,-120.0,0.0,0.0,0.0
,outer4,4,70,baa9,,,,,,30.0,0.0,0.0,0.0,0.0,0.0,0.0,1.0,1.0,0.0
,outer4,4,70,baa9,,,,,,30.0,30.0,0.0,0.0,0.0,0.0,0.0,1.0,1.0,0.0
,outer4,4,70,baa9,,,,,,30.0,60.0,0.0,0.0,0.0,0.0,0.0,1.0,1.0,0.0
,outer4,4,70,baa9,,,,,,30.0,90.0,0.0,0.0,0.0,0.0,0.0,1.0,1.0,0.0
,outer4,4,70,baa9,,,,,,30.0,120.0,0.0,0.0,0.0,0.0,0.0,1.0,1.0,0.0
,outer4,4,70,baa9,,,,,,30.0,150.0,0.0,0.0,0.0,0.0,0.0,1.0,1.0,0.0
,outer4,4,70,baa9,,,,,,30.0,180.0,0.0,0.0,0.0,0.0,0.0,1.0,1.0,0.0
,outer4,4,70,baa9,,,,,,30.0,210.0,0.0,0.0,0.0,0.0,0.0,1.0,1.0,0.0
,outer4,4,70,baa9,,,,,,30.0,240.0,0.0,0.0,0.0,0.0,0.0,1.0,1.0,0.0
,outer4,4,70,baa9,,,,,,30.0,270.0,0.0,0.0,0.0,0.0,0.0,1.0,1.0,0.0
,outer4,4,70,baa9,,,,,,30.0,300.0,0.0,0.0,0.0,0.0,0.0,1.0,1.0,0.0
,outer4,4,70,baa9,,,,,,30.0,330.0,0.0,0.0,0.0,0.0,0.0,1.0,1.0,0.0
,outer4,4,70,baa9,,,,,,60.0,0.0,0.0,0.0,0.0,0.0,0.0,1.0,1.0,0.0
,outer4,4,70,baa9,,,,,,60.0,30.0,0.0,0.0,0.0,0.0,0.0,1.0,1.0,0.0
,outer4,4,70,baa9,,,,,,60.0,60.0,0.0,0.0,0.0,0.0,0.0,1.0,1.0,0.0
,outer4,4,70,baa9,,,,,,60.0,90.0,0.0,0.0,0.0,0.0,0.0,1.0,1.0,0.0
,outer4,4,70,baa9,,,,,,60.0,120.0,0.0,0.0,0.0,0.0,0.0,1.0,1.0,0.0
,outer4,4,70,baa9,,,,,,60.0,150.0,0.0,0.0,0.0,0.0,0.0,1.0,1.0,0.0
,outer4,4,70,baa9,,,,,,60.0,180.0,0.0,0.0,0.0,0.0,0.0,1.0,1.0,0.0
,outer4,4,70,baa9,,,,,,60.0,210.0,82.81924438476562,0.0,-82.81924438476562,-60.0,-60.0,0.0,1.0,1.0
,outer4,4,70,baa9,,,,,,60.0,240.0,0.0,0.0,0.0,0.0,0.0,1.0,1.0,0.0
,outer4,4,70,baa9,,,,,,60.0,270.0,0.0,0.0,0.0,0.0,0.0,1.0,1.0,0.0
,outer4,4,70,baa9,,,,,,60.0,300.0,0.0,0.0,0.0,0.0,0.0,1.0,1.0,0.0
,outer4,4,70,baa9,,,,,,60.0,330.0,0.0,0.0,0.0,0.0,0.0,1.0,1.0,0.0
,outer4,4,70,baa9,,,,,,90.0,0.0,0.0,180.0,180.0,0.0,180.0,1.0,0.0,-1.0
,outer4,4,70,baa9,,,,,,90.0,30.0,0.0,0.0,0.0,0.0,0.0,1.0,1.0,0.0
,outer4,4,70,baa9,,,,,,90.0,60.0,0.0,0.0,0.0,0.0,0.0,1.0,1.0,0.0
,outer4,4,70,baa9,,,,,,90.0,90.0,0.0,0.0,0.0,0.0,0.0,1.0,1.0,0.0
,outer4,4,70,baa9,,,,,,90.0,120.0,0.0,0.0,0.0,0.0,0.0,1.0,1.0,0.0
,outer4,4,70,baa9,,,,,,90.0,150.0,0.0,0.0,0.0,0.0,0.0,1.0,1.0,0.0
,outer4,4,70,baa9,,,,,,90.0,180.0,0.0,0.0,0.0,0.0,0.0,1.0,1.0,0.0
,outer4,4,70,baa9,,,,,,90.0,210.0,0.0,0.0,0.0,0.0,0.0,1.0,1.0,0.0
,outer4,4,70,baa9,,,,,,90.0,240.0,0.0,0.0,0.0,0.0,0.0,1.0,1.0,0.0
,outer4,4,70,baa9,,,,,,90.0,270.0,0.0,0.0,0.0,0.0,0.0,1.0,1.0,0.0
,outer4,4,70,baa9,,,,,,90.0,300.0,0.0,0.0,0.0,0.0,0.0,1.0,1.0,0.0
,outer4,4,70,baa9,,,,,,90.0,330.0,0.0,0.0,0.0,0.0,0.0,1.0,1.0,0.0
,outer4,4,70,baa9,,,,,,120.0,0.0,0.0,0.0,0.0,0.0,0.0,1.0,1.0,0.0
,outer4,4,70,baa9,,,,,,120.0,30.0,0.0,0.0,0.0,0.0,0.0,1.0,1.0,0.0
,outer4,4,70,baa9,,,,,,120.0,60.0,0.0,0.0,0.0,0.0,0.0,1.0,1.0,0.0
,outer4,4,70,baa9,,,,,,120.0,90.0,0.0,0.0,0.0,0.0,0.0,1.0,1.0,0.0
,outer4,4,70,baa9,,,,,,120.0,120.0,0.0,0.0,0.0,0.0,0.0,1.0,1.0,0.0
,outer4,4,70,baa9,,,,,,120.0,150.0,0.0,0.0,0.0,0.0,0.0,1.0,1.0,0.0
,outer4,4,70,baa9,,,,,,120.0,180.0,0.0,0.0,0.0,0.0,0.0,1.0,1.0,0.0
,outer4,4,70,baa9,,,,,,120.0,210.0,0.0,0.0,0.0,0.0,0.0,1.0,1.0,0.0
,outer4,4,70,baa9,,,,,,120.0,240.0,0.0,0.0,0.0,0.0,0.0,1.0,1.0,0.0
,outer4,4,70,baa9,,,,,,120.0,270.0,0.0,0.0,0.0,0.0,0.0,1.0,1.0,0.0
,outer4,4,70,baa9,,,,,,120.0,300.0,0.0,0.0,0.0,0.0,0.0,1.0,1.0,0.0
,outer4,4,70,baa9,,,,,,120.0,330.0,0.0,0.0,0.0,0.0,0.0,1.0,1.0,0.0
,outer4,4,70,baa9,,,,,,150.0,0.0,0.0,0.0,0.0,0.0,0.0,1.0,1.0,0.0
,outer4,4,70,baa9,,,,,,150.0,30.0,0.0,0.0,0.0,0.0,0.0,1.0,1.0,0.0
,outer4,4,70,baa9,,,,,,150.0,60.0,0.0,0.0,0.0,0.0,0.0,1.0,1.0,0.0
,outer4,4,70,baa9,,,,,,150.0,90.0,0.0,0.0,0.0,0.0,0.0,1.0,1.0,0.0
,outer4,4,70,baa9,,,,,,150.0,120.0,0.0,0.0,0.0,0.0,0.0,1.0,1.0,0.0
,outer4,4,70,baa9,,,,,,150.0,150.0,0.0,0.0,0.0,0.0,0.0,1.0,1.0,0.0
,outer4,4,70,baa9,,,,,,150.0,180.0,0.0,0.0,0.0,0.0,0.0,1.0,1.0,0.0
,outer4,4,70,baa9,,,,,,150.0,210.0,0.0,0.0,0.0,0.0,0.0,1.0,1.0,0.0
,outer4,4,70,baa9,,,,,,150.0,240.0,0.0,0.0,0.0,0.0,0.0,1.0,1.0,0.0
,outer4,4,70,baa9,,,,,,150.0,270.0,0.0,0.0,0.0,0.0,0.0,1.0,1.0,0.0
,outer4,4,70,baa9,,,,,,150.0,300.0,0.0,0.0,0.0,0.0,0.0,1.0,1.0,0.0
,outer4,4,70,baa9,,,,,,150.0,330.0,0.0,0.0,0.0,0.0,0.0,1.0,1.0,0.0
,outer4,4,70,bb26,,,,,,30.0,0.0,90.0,150.0,60.0,60.0,0.0,0.0,0.0,0.0
,outer4,4,70,bb26,,,,,,30.0,30.0,0.0,30.000001907348633,30.000001907348633,30.0,0.0,1.0,0.0,-1.0
,outer4,4,70,bb26,,,,,,30.0,60.0,0.0,151.04498291015625,151.04498291015625,120.0,120.0,1.0,0.0,-1.0
,outer4,4,70,bb26,,,,,,30.0,90.0,180.0,150.0,-30.0,-30.0,0.0,0.0,0.0,0.0
,outer4,4,70,bb26,,,,,,30.0,120.0,122.24180603027344,90.0,-32.24180603027344,-90.0,150.0,0.0,0.0,0.0
,outer4,4,70,bb26,,,,,,30.0,150.0,60.000003814697266,165.12905883789062,105.12905502319336,120.0,-30.0,0.0,0.0,0.0
,outer4,4,70,bb26,,,,,,30.0,180.0,30.000001907348633,90.0,59.99999809265137,60.0,0.0,0.0,0.0,0.0
,outer4,4,70,bb26,,,,,,30.0,210.0,0.0,122.24180603027344,122.24180603027344,120.0,30.0,1.0,0.0,-1.0
,outer4,4,70,bb26,,,,,,30.0,240.0,60.000003814697266,0.0,-60.000003814697266,0.0,-180.0,0.0,1.0,1.0
,outer4,4,70,bb26,,,,,,30.0,270.0,60.000003814697266,0.0,-60.000003814697266,0.0,-180.0,0.0,1.0,1.0
,outer4,4,70,bb26,,,,,,30.0,300.0,77.49608612060547,0.0,-77.49608612060547,-30.0,-120.0,0.0,1.0,1.0
,outer4,4,70,bb26,,,,,,30.0,330.0,93.32575988769531,122.24180603027344,28.916046142578125,30.0,0.0,0.0,0.0,0.0
,outer4,4,70,bb26,,,,,,60.0,0.0,120.00000762939453,180.0,59.99999237060547,60.0,0.0,0.0,0.0,0.0
,outer4,4,70,bb26,,,,,,60.0,30.0,0.0,0.0,0.0,0.0,0.0,1.0,1.0,0.0
,outer4,4,70,bb26,,,,,,60.0,60.0,0.0,0.0,0.0,0.0,0.0,1.0,1.0,0.0
,outer4,4,70,bb26,,,,,,60.0,90.0,25.905075073242188,138.59039306640625,112.68531799316406,30.0,120.0,0.0,0.0,0.0
,outer4,4,70,bb26,,,,,,60.0,120.0,97.1807632446289,90.0,-7.180763244628906,30.0,-30.0,0.0,0.0,0.0
,outer4,4,70,bb26,,,,,,60.0,150.0,82.81924438476562,82.81924438476562,0.0,0.0,0.0,0.0,0.0,0.0
,outer4,4,70,bb26,,,,,,60.0,180.0,0.0,60.000003814697266,60.000003814697266,60.0,0.0,1.0,0.0,-1.0
,outer4,4,70,bb26,,,,,,60.0,210.0,60.000003814697266,60.000003814697266,0.0,0.0,0.0,0.0,0.0,0.0
,outer4,4,70,bb26,,,,,,60.0,240.0,120.00000762939453,0.0,-120.00000762939453,0.0,-180.0,0.0,1.0,1.0
,outer4,4,70,bb26,,,,,,60.0,270.0,25.905075073242188,25.905075073242188,0.0,0.0,0.0,0.0,0.0,0.0
,outer4,4,70,bb26,,,,,,60.0,300.0,128.68218994140625,0.0,-128.68218994140625,-60.0,-120.0,0.0,1.0,1.0
,outer4,4,70,bb26,,,,,,60.0,330.0,128.6822052001953,51.31782150268555,-77.36438369750977,-60.0,-60.0,0.0,0.0,0.0
,outer4,4,70,bb26,,,,,,90.0,0.0,0.0,30.00000762939453,30.00000762939453,0.0,30.0,1.0,0.0,-1.0
,outer4,4,70,bb26,,,,,,90.0,30.0,180.0,30.000001907348633,-149.99999809265137,0.0,-150.0,0.0,0.0,0.0
,outer4,4,70,bb26,,,,,,90.0,60.0,0.0,0.0,0.0,0.0,0.0,1.0,1.0,0.0
,outer4,4,70,bb26,,,,,,90.0,90.0,30.000001907348633,150.0,119.99999809265137,0.0,120.0,0.0,0.0,0.0
,outer4,4,70,bb26,,,,,,90.0,120.0,180.0,150.0,-30.0,0.0,-30.0,0.0,0.0,0.0
,outer4,4,70,bb26,,,,,,90.0,150.0,180.0,150.0,-30.0,0.0,-30.0,0.0,0.0,0.0
,outer4,4,70,bb26,,,,,,90.0,180.0,30.000001907348633,150.0,119.99999809265137,0.0,120.0,0.0,0.0,0.0
,outer4,4,70,bb26,,,,,,90.0,210.0,0.0,150.0,150.0,0.0,150.0,1.0,0.0,-1.0
,outer4,4,70,bb26,,,,,,90.0,240.0,180.0,0.0,-180.0,0.0,-180.0,0.0,1.0,1.0
,outer4,4,70,bb26,,,,,,90.0,270.0,150.0,30.000001907348633,-119.99999809265137,0.0,-120.0,0.0,0.0,0.0
,outer4,4,70,bb26,,,,,,90.0,300.0,0.0,30.000001907348633,30.000001907348633,0.0,30.0,1.0,0.0,-1.0
,outer4,4,70,bb26,,,,,,90.0,330.0,120.00000762939453,30.00000762939453,-90.0,0.0,-90.0,0.0,0.0,0.0
,outer4,4,70,bb26,,,,,,120.0,0.0,120.00000762939453,0.0,-120.00000762939453,0.0,-180.0,0.0,1.0,1.0
,outer4,4,70,bb26,,,,,,120.0,30.0,120.00000762939453,60.000003814697266,-60.000003814697266,60.0,-180.0,0.0,0.0,0.0
,outer4,4,70,bb26,,,,,,120.0,60.0,0.0,0.0,0.0,0.0,0.0,1.0,1.0,0.0
,outer4,4,70,bb26,,,,,,120.0,90.0,25.905075073242188,154.09490966796875,128.18983459472656,60.0,120.0,0.0,0.0,0.0
,outer4,4,70,bb26,,,,,,120.0,120.0,128.6822052001953,128.6822052001953,0.0,0.0,0.0,0.0,0.0,0.0
,outer4,4,70,bb26,,,,,,120.0,150.0,51.31781005859375,51.31781005859375,0.0,0.0,0.0,0.0,0.0,0.0
,outer4,4,70,bb26,,,,,,120.0,180.0,120.00000762939453,120.00000762939453,0.0,0.0,0.0,0.0,0.0,0.0
,outer4,4,70,bb26,,,,,,120.0,210.0,0.0,0.0,0.0,0.0,0.0,1.0,1.0,0.0
,outer4,4,70,bb26,,,,,,120.0,240.0,25.905075073242188,51.31781005859375,25.412734985351562,0.0,30.0,0.0,0.0,0.0
,outer4,4,70,bb26,,,,,,120.0,270.0,0.0,41.40962219238281,41.40962219238281,30.0,30.0,1.0,0.0,-1.0
,outer4,4,70,bb26,,,,,,120.0,300.0,128.68218994140625,60.000003814697266,-68.68218612670898,0.0,-120.0,0.0,0.0,0.0
,outer4,4,70,bb26,,,,,,120.0,330.0,82.81924438476562,82.81924438476562,0.0,0.0,0.0,0.0,0.0,0.0
,outer4,4,70,bb26,,,,,,150.0,0.0,29.99998664855957,29.99998664855957,0.0,0.0,0.0,0.0,0.0,0.0
,outer4,4,70,bb26,,,,,,150.0,30.0,36.09777069091797,14.870942115783691,-21.226828575134277,-30.0,0.0,0.0,0.0,0.0
,outer4,4,70,bb26,,,,,,150.0,60.0,90.0,151.04498291015625,61.04498291015625,30.0,120.0,0.0,0.0,0.0
,outer4,4,70,bb26,,,,,,150.0,90.0,180.0,180.0,0.0,0.0,0.0,0.0,0.0,0.0
,outer4,4,70,bb26,,,,,,150.0,120.0,128.68218994140625,57.7581901550293,-70.92399978637695,-120.0,90.0,0.0,0.0,0.0
,outer4,4,70,bb26,,,,,,150.0,150.0,122.24180603027344,93.32574462890625,-28.916061401367188,-30.0,0.0,0.0,0.0,0.0
,outer4,4,70,bb26,,,,,,150.0,180.0,29.99998664855957,90.0,60.00001335144043,0.0,180.0,0.0,0.0,0.0
,outer4,4,70,bb26,,,,,,150.0,210.0,151.04498291015625,57.7581901550293,-93.28679275512695,-120.0,30.0,0.0,0.0,0.0
,outer4,4,70,bb26,,,,,,150.0,240.0,57.7581901550293,60.000003814697266,2.2418136596679688,0.0,30.0,0.0,0.0,0.0
,outer4,4,70,bb26,,,,,,150.0,270.0,0.0,90.0,90.0,30.0,180.0,1.0,0.0,-1.0
,outer4,4,70,bb26,,,,,,150.0,300.0,151.04498291015625,0.0,-151.04498291015625,-120.0,-120.0,0.0,1.0,1.0
,outer4,4,70,bb26,,,,,,150.0,330.0,165.12905883789062,122.24180603027344,-42.88725280761719,0.0,-120.0,0.0,0.0,0.0
,outer4,4,71,b7fd,,,,,,30.0,0.0,30.000001907348633,30.000001907348633,0.0,0.0,0.0,0.0,0.0,0.0
,outer4,4,71,b7fd,,,,,,30.0,30.0,30.000001907348633,0.0,-30.000001907348633,-30.0,0.0,0.0,1.0,1.0
,outer4,4,71,b7fd,,,,,,30.0,60.0,122.24180603027344,165.12905883789062,42.88725280761719,0.0,120.0,0.0,0.0,0.0
,outer4,4,71,b7fd,,,,,,30.0,90.0,120.00000762939453,30.000001907348633,-90.0000057220459,-90.0,0.0,0.0,0.0,0.0
,outer4,4,71,b7fd,,,,,,30.0,120.0,36.097782135009766,30.000001907348633,-6.097780227661133,0.0,-30.0,0.0,0.0,0.0
,outer4,4,71,b7fd,,,,,,30.0,150.0,90.0,143.9022216796875,53.9022216796875,0.0,150.0,0.0,0.0,0.0
,outer4,4,71,b7fd,,,,,,30.0,180.0,0.0,30.000001907348633,30.000001907348633,30.0,0.0,1.0,0.0,-1.0
,outer4,4,71,b7fd,,,,,,30.0,210.0,36.097782135009766,0.0,-36.097782135009766,-30.0,-30.0,0.0,1.0,1.0
,outer4,4,71,b7fd,,,,,,30.0,240.0,165.12905883789062,151.04498291015625,-14.084075927734375,0.0,-30.0,0.0,0.0,0.0
,outer4,4,71,b7fd,,,,,,30.0,270.0,60.000003814697266,57.7581901550293,-2.2418136596679688,0.0,-30.0,0.0,0.0,0.0
,outer4,4,71,b7fd,,,,,,30.0,300.0,60.000003814697266,60.000003814697266,0.0,0.0,0.0,0.0,0.0,0.0
,outer4,4,71,b7fd,,,,,,30.0,330.0,102.50392150878906,102.50392150878906,0.0,0.0,0.0,0.0,0.0,0.0
,outer4,4,71,b7fd,,,,,,60.0,0.0,0.0,0.0,0.0,0.0,0.0,1.0,1.0,0.0
,outer4,4,71,b7fd,,,,,,60.0,30.0,49.494659423828125,25.905075073242188,-23.589584350585938,-30.0,-30.0,0.0,0.0,0.0
,outer4,4,71,b7fd,,,,,,60.0,60.0,128.68218994140625,130.50535583496094,1.8231658935546875,30.0,0.0,0.0,0.0,0.0
,outer4,4,71,b7fd,,,,,,60.0,90.0,0.0,0.0,0.0,0.0,0.0,1.0,1.0,0.0
,outer4,4,71,b7fd,,,,,,60.0,120.0,0.0,128.6822052001953,128.6822052001953,60.0,120.0,1.0,0.0,-1.0
,outer4,4,71,b7fd,,,,,,60.0,150.0,97.1807632446289,97.1807632446289,0.0,0.0,0.0,0.0,0.0,0.0
,outer4,4,71,b7fd,,,,,,60.0,180.0,0.0,143.9022216796875,143.9022216796875,90.0,150.0,1.0,0.0,-1.0
,outer4,4,71,b7fd,,,,,,60.0,210.0,154.0949249267578,180.0,25.905075073242188,0.0,30.0,0.0,0.0,0.0
,outer4,4,71,b7fd,,,,,,60.0,240.0,154.09490966796875,0.0,-154.09490966796875,-60.0,-150.0,0.0,1.0,1.0
,outer4,4,71,b7fd,,,,,,60.0,270.0,120.00000762939453,120.00000762939453,0.0,0.0,0.0,0.0,0.0,0.0
,outer4,4,71,b7fd,,,,,,60.0,300.0,0.0,0.0,0.0,0.0,0.0,1.0,1.0,0.0
,outer4,4,71,b7fd,,,,,,60.0,330.0,97.1807632446289,25.90509033203125,-71.27567291259766,0.0,-90.0,0.0,0.0,0.0
,outer4,4,71,b7fd,,,,,,90.0,0.0,150.0,180.0,30.0,0.0,30.0,0.0,0.0,0.0
,outer4,4,71,b7fd,,,,,,90.0,30.0,120.00000762939453,120.00000762939453,0.0,0.0,0.0,0.0,0.0,0.0
,outer4,4,71,b7fd,,,,,,90.0,60.0,30.000001907348633,30.000001907348633,0.0,0.0,0.0,0.0,0.0,0.0
,outer4,4,71,b7fd,,,,,,90.0,90.0,180.0,180.0,0.0,0.0,0.0,0.0,0.0,0.0
,outer4,4,71,b7fd,,,,,,90.0,120.0,30.000001907348633,120.00000762939453,90.0000057220459,0.0,90.0,0.0,0.0,0.0
,outer4,4,71,b7fd,,,,,,90.0,150.0,0.0,180.0,180.0,0.0,180.0,1.0,0.0,-1.0
,outer4,4,71,b7fd,,,,,,90.0,180.0,0.0,0.0,0.0,0.0,0.0,1.0,1.0,0.0
,outer4,4,71,b7fd,,,,,,90.0,210.0,60.000003814697266,60.000003814697266,0.0,0.0,0.0,0.0,0.0,0.0
,outer4,4,71,b7fd,,,,,,90.0,240.0,120.00000762939453,60.000003814697266,-60.000003814697266,0.0,-60.0,0.0,0.0,0.0
,outer4,4,71,b7fd,,,,,,90.0,270.0,0.0,0.0,0.0,0.0,0.0,1.0,1.0,0.0
,outer4,4,71,b7fd,,,,,,90.0,300.0,30.000001907348633,60.000003814697266,30.000001907348633,0.0,30.0,0.0,0.0,0.0
,outer4,4,71,b7fd,,,,,,90.0,330.0,180.0,0.0,-180.0,0.0,-180.0,0.0,1.0,1.0
,outer4,4,71,b7fd,,,,,,120.0,0.0,0.0,29.99998664855957,29.99998664855957,30.0,0.0,1.0,0.0,-1.0
,outer4,4,71,b7fd,,,,,,120.0,30.0,82.81924438476562,82.81924438476562,0.0,0.0,0.0,0.0,0.0,0.0
,outer4,4,71,b7fd,,,,,,120.0,60.0,104.47750854492188,154.0949249267578,49.61741638183594,0.0,60.0,0.0,0.0,0.0
,outer4,4,71,b7fd,,,,,,120.0,90.0,30.000001907348633,0.0,-30.000001907348633,-30.0,0.0,0.0,1.0,1.0
,outer4,4,71,b7fd,,,,,,120.0,120.0,25.905075073242188,128.6822052001953,102.77713012695312,60.0,90.0,0.0,0.0,0.0
,outer4,4,71,b7fd,,,,,,120.0,150.0,113.54811096191406,0.0,-113.54811096191406,0.0,-150.0,0.0,1.0,1.0
,outer4,4,71,b7fd,,,,,,120.0,180.0,60.000003814697266,0.0,-60.000003814697266,-60.0,0.0,0.0,1.0,1.0
,outer4,4,71,b7fd,,,,,,120.0,210.0,120.00000762939453,154.0949249267578,34.09491729736328,60.0,-30.0,0.0,0.0,0.0
,outer4,4,71,b7fd,,,,,,120.0,240.0,154.09490966796875,51.31781005859375,-102.777099609375,-60.0,-90.0,0.0,0.0,0.0
,outer4,4,71,b7fd,,,,,,120.0,270.0,120.00000762939453,0.0,-120.00000762939453,0.0,-180.0,0.0,1.0,1.0
,outer4,4,71,b7fd,,,,,,120.0,300.0,29.99998664855957,29.99998664855957,0.0,0.0,0.0,0.0,0.0,0.0
,outer4,4,71,b7fd,,,,,,120.0,330.0,120.00000762939453,0.0,-120.00000762939453,0.0,-180.0,0.0,1.0,1.0
,outer4,4,71,b7fd,,,,,,150.0,0.0,60.000003814697266,29.99998664855957,-30.000017166137695,30.0,-180.0,0.0,0.0,0.0
,outer4,4,71,b7fd,,,,,,150.0,30.0,29.99998664855957,0.0,-29.99998664855957,-30.0,0.0,0.0,1.0,1.0
,outer4,4,71,b7fd,,,,,,150.0,60.0,122.24180603027344,151.04498291015625,28.803176879882812,0.0,90.0,0.0,0.0,0.0
,outer4,4,71,b7fd,,,,,,150.0,90.0,180.0,150.0,-30.0,-30.0,0.0,0.0,0.0,0.0
,outer4,4,71,b7fd,,,,,,150.0,120.0,14.870942115783691,0.0,-14.870942115783691,0.0,-30.0,0.0,1.0,1.0
,outer4,4,71,b7fd,,,,,,150.0,150.0,93.32574462890625,130.50535583496094,37.17961120605469,0.0,90.0,0.0,0.0,0.0
,outer4,4,71,b7fd,,,,,,150.0,180.0,29.99998664855957,29.99998664855957,0.0,0.0,0.0,0.0,0.0,0.0
,outer4,4,71,b7fd,,,,,,150.0,210.0,36.09777069091797,60.000003814697266,23.902233123779297,-30.0,150.0,0.0,0.0,0.0
,outer4,4,71,b7fd,,,,,,150.0,240.0,165.12905883789062,165.12905883789062,0.0,0.0,0.0,0.0,0.0,0.0
,outer4,4,71,b7fd,,,,,,150.0,270.0,0.0,36.09777069091797,36.09777069091797,30.0,30.0,1.0,0.0,-1.0
,outer4,4,71,b7fd,,,,,,150.0,300.0,60.000003814697266,57.7581901550293,-2.2418136596679688,0.0,-30.0,0.0,0.0,0.0
,outer4,4,71,b7fd,,,,,,150.0,330.0,49.49464416503906,102.50391387939453,53.00926971435547,60.0,0.0,0.0,0.0,0.0
,outer4,4,71,b8ed,,,,,,30.0,0.0,0.0,30.000001907348633,30.000001907348633,30.0,0.0,1.0,0.0,-1.0
,outer4,4,71,b8ed,,,,,,30.0,30.0,60.000003814697266,0.0,-60.000003814697266,0.0,-180.0,0.0,1.0,1.0
,outer4,4,71,b8ed,,,,,,30.0,60.0,165.12905883789062,151.04498291015625,-14.084075927734375,0.0,-30.0,0.0,0.0,0.0
,outer4,4,71,b8ed,,,,,,30.0,90.0,0.0,30.000001907348633,30.000001907348633,30.0,0.0,1.0,0.0,-1.0
,outer4,4,71,b8ed,,,,,,30.0,120.0,120.00000762939453,0.0,-120.00000762939453,-120.0,0.0,0.0,1.0,1.0
,outer4,4,71,b8ed,,,,,,30.0,150.0,0.0,128.68218994140625,128.68218994140625,120.0,60.0,1.0,0.0,-1.0
,outer4,4,71,b8ed,,,,,,30.0,180.0,0.0,0.0,0.0,0.0,0.0,1.0,1.0,0.0
,outer4,4,71,b8ed,,,,,,30.0,210.0,0.0,0.0,0.0,0.0,0.0,1.0,1.0,0.0
,outer4,4,71,b8ed,,,,,,30.0,240.0,122.24180603027344,128.68218994140625,6.4403839111328125,0.0,30.0,0.0,0.0,0.0
,outer4,4,71,b8ed,,,,,,30.0,270.0,60.000003814697266,90.0,29.999996185302734,30.0,0.0,0.0,0.0,0.0
,outer4,4,71,b8ed,,,,,,30.0,300.0,0.0,0.0,0.0,0.0,0.0,1.0,1.0,0.0
,outer4,4,71,b8ed,,,,,,30.0,330.0,0.0,128.68218994140625,128.68218994140625,120.0,60.0,1.0,0.0,-1.0
,outer4,4,71,b8ed,,,,,,60.0,0.0,30.000001907348633,0.0,-30.000001907348633,-30.0,0.0,0.0,1.0,1.0
,outer4,4,71,b8ed,,,,,,60.0,30.0,90.0,0.0,-90.0,-90.0,0.0,0.0,1.0,1.0
,outer4,4,71,b8ed,,,,,,60.0,60.0,128.68218994140625,97.18075561523438,-31.501434326171875,-60.0,0.0,0.0,0.0,0.0
,outer4,4,71,b8ed,,,,,,60.0,90.0,0.0,0.0,0.0,0.0,0.0,1.0,1.0,0.0
,outer4,4,71,b8ed,,,,,,60.0,120.0,0.0,0.0,0.0,0.0,0.0,1.0,1.0,0.0
,outer4,4,71,b8ed,,,,,,60.0,150.0,128.6822052001953,82.81924438476562,-45.86296081542969,0.0,-60.0,0.0,0.0,0.0
,outer4,4,71,b8ed,,,,,,60.0,180.0,30.000001907348633,0.0,-30.000001907348633,-30.0,0.0,0.0,1.0,1.0
,outer4,4,71,b8ed,,,,,,60.0,210.0,120.00000762939453,0.0,-120.00000762939453,0.0,-180.0,0.0,1.0,1.0
,outer4,4,71,b8ed,,,,,,60.0,240.0,0.0,150.0,150.0,90.0,180.0,1.0,0.0,-1.0
,outer4,4,71,b8ed,,,,,,60.0,270.0,120.00000762939453,113.54812622070312,-6.451881408691406,0.0,-30.0,0.0,0.0,0.0
,outer4,4,71,b8ed,,,,,,60.0,300.0,0.0,0.0,0.0,0.0,0.0,1.0,1.0,0.0
,outer4,4,71,b8ed,,,,,,60.0,330.0,82.81924438476562,82.81924438476562,0.0,0.0,0.0,0.0,0.0,0.0
,outer4,4,71,b8ed,,,,,,90.0,0.0,150.0,30.000001907348633,-119.99999809265137,0.0,-120.0,0.0,0.0,0.0
,outer4,4,71,b8ed,,,,,,90.0,30.0,180.0,0.0,-180.0,0.0,-180.0,0.0,1.0,1.0
,outer4,4,71,b8ed,,,,,,90.0,60.0,0.0,60.000003814697266,60.000003814697266,0.0,60.0,1.0,0.0,-1.0
,outer4,4,71,b8ed,,,,,,90.0,90.0,180.0,180.0,0.0,0.0,0.0,0.0,0.0,0.0
,outer4,4,71,b8ed,,,,,,90.0,120.0,0.0,0.0,0.0,0.0,0.0,1.0,1.0,0.0
,outer4,4,71,b8ed,,,,,,90.0,150.0,60.000003814697266,120.00000762939453,60.000003814697266,0.0,60.0,0.0,0.0,0.0
,outer4,4,71,b8ed,,,,,,90.0,180.0,30.000001907348633,150.0,119.99999809265137,0.0,120.0,0.0,0.0,0.0
,outer4,4,71,b8ed,,,,,,90.0,210.0,0.0,180.0,180.0,0.0,180.0,1.0,0.0,-1.0
,outer4,4,71,b8ed,,,,,,90.0,240.0,120.00000762939453,120.00000762939453,0.0,0.0,0.0,0.0,0.0,0.0
,outer4,4,71,b8ed,,,,,,90.0,270.0,0.0,0.0,0.0,0.0,0.0,1.0,1.0,0.0
,outer4,4,71,b8ed,,,,,,90.0,300.0,180.0,0.0,-180.0,0.0,-180.0,0.0,1.0,1.0
,outer4,4,71,b8ed,,,,,,90.0,330.0,120.00000762939453,120.00000762939453,0.0,0.0,0.0,0.0,0.0,0.0
,outer4,4,71,b8ed,,,,,,120.0,0.0,29.99998664855957,0.0,-29.99998664855957,-30.0,0.0,0.0,1.0,1.0
,outer4,4,71,b8ed,,,,,,120.0,30.0,0.0,0.0,0.0,0.0,0.0,1.0,1.0,0.0
,outer4,4,71,b8ed,,,,,,120.0,60.0,128.68218994140625,128.68218994140625,0.0,0.0,0.0,0.0,0.0,0.0
,outer4,4,71,b8ed,,,,,,120.0,90.0,0.0,0.0,0.0,0.0,0.0,1.0,1.0,0.0
,outer4,4,71,b8ed,,,,,,120.0,120.0,128.6822052001953,97.18075561523438,-31.501449584960938,-60.0,0.0,0.0,0.0,0.0
,outer4,4,71,b8ed,,,,,,120.0,150.0,97.18075561523438,180.0,82.81924438476562,60.0,60.0,0.0,0.0,0.0
,outer4,4,71,b8ed,,,,,,120.0,180.0,29.99998664855957,0.0,-29.99998664855957,-30.0,0.0,0.0,1.0,1.0
,outer4,4,71,b8ed,,,,,,120.0,210.0,120.00000762939453,120.00000762939453,0.0,0.0,0.0,0.0,0.0,0.0
,outer4,4,71,b8ed,,,,,,120.0,240.0,0.0,97.18075561523438,97.18075561523438,0.0,120.0,1.0,0.0,-1.0
,outer4,4,71,b8ed,,,,,,120.0,270.0,0.0,0.0,0.0,0.0,0.0,1.0,1.0,0.0
,outer4,4,71,b8ed,,,,,,120.0,300.0,0.0,0.0,0.0,0.0,0.0,1.0,1.0,0.0
,outer4,4,71,b8ed,,,,,,120.0,330.0,25.905075073242188,0.0,-25.905075073242188,0.0,-30.0,0.0,1.0,1.0
,outer4,4,71,b8ed,,,,,,150.0,0.0,60.000003814697266,29.99998664855957,-30.000017166137695,30.0,-180.0,0.0,0.0,0.0
,outer4,4,71,b8ed,,,,,,150.0,30.0,60.000003814697266,14.870942115783691,-45.129061698913574,0.0,-150.0,0.0,0.0,0.0
,outer4,4,71,b8ed,,,,,,150.0,60.0,120.00000762939453,151.04498291015625,31.04497528076172,0.0,120.0,0.0,0.0,0.0
,outer4,4,71,b8ed,,,,,,150.0,90.0,0.0,29.99998664855957,29.99998664855957,30.0,0.0,1.0,0.0,-1.0
,outer4,4,71,b8ed,,,,,,150.0,120.0,0.0,0.0,0.0,0.0,0.0,1.0,1.0,0.0
,outer4,4,71,b8ed,,,,,,150.0,150.0,0.0,0.0,0.0,0.0,0.0,1.0,1.0,0.0
,outer4,4,71,b8ed,,,,,,150.0,180.0,0.0,29.99998664855957,29.99998664855957,30.0,0.0,1.0,0.0,-1.0
,outer4,4,71,b8ed,,,,,,150.0,210.0,0.0,0.0,0.0,0.0,0.0,1.0,1.0,0.0
,outer4,4,71,b8ed,,,,,,150.0,240.0,0.0,60.000003814697266,60.000003814697266,0.0,180.0,1.0,0.0,-1.0
,outer4,4,71,b8ed,,,,,,150.0,270.0,0.0,0.0,0.0,0.0,0.0,1.0,1.0,0.0
,outer4,4,71,b8ed,,,,,,150.0,300.0,0.0,0.0,0.0,0.0,0.0,1.0,1.0,0.0
,outer4,4,71,b8ed,,,,,,150.0,330.0,0.0,151.04498291015625,151.04498291015625,120.0,120.0,1.0,0.0,-1.0
,outer4,4,71,b979,,,,,,30.0,0.0,0.0,60.000003814697266,60.000003814697266,0.0,180.0,1.0,0.0,-1.0
,outer4,4,71,b979,,,,,,30.0,30.0,0.0,0.0,0.0,0.0,0.0,1.0,1.0,0.0
,outer4,4,71,b979,,,,,,30.0,60.0,122.24180603027344,122.24180603027344,0.0,0.0,0.0,0.0,0.0,0.0
,outer4,4,71,b979,,,,,,30.0,90.0,60.000003814697266,86.67425537109375,26.674251556396484,30.0,-30.0,0.0,0.0,0.0
,outer4,4,71,b979,,,,,,30.0,120.0,28.95502281188965,128.68218994140625,99.7271671295166,120.0,0.0,0.0,0.0,0.0
,outer4,4,71,b979,,,,,,30.0,150.0,0.0,122.24180603027344,122.24180603027344,120.0,30.0,1.0,0.0,-1.0
,outer4,4,71,b979,,,,,,30.0,180.0,0.0,0.0,0.0,0.0,0.0,1.0,1.0,0.0
,outer4,4,71,b979,,,,,,30.0,210.0,0.0,57.7581901550293,57.7581901550293,0.0,150.0,1.0,0.0,-1.0
,outer4,4,71,b979,,,,,,30.0,240.0,165.12905883789062,165.12905883789062,0.0,0.0,0.0,0.0,0.0,0.0
,outer4,4,71,b979,,,,,,30.0,270.0,60.000003814697266,165.12905883789062,105.12905502319336,120.0,-30.0,0.0,0.0,0.0
,outer4,4,71,b979,,,,,,30.0,300.0,51.31781005859375,151.04498291015625,99.7271728515625,120.0,0.0,0.0,0.0,0.0
,outer4,4,71,b979,,,,,,30.0,330.0,28.95502281188965,128.68218994140625,99.7271671295166,120.0,0.0,0.0,0.0,0.0
,outer4,4,71,b979,,,,,,60.0,0.0,30.000001907348633,29.999998092651367,-3.814697265625e-06,0.0,0.0,0.0,0.0,0.0
,outer4,4,71,b979,,,,,,60.0,30.0,86.67425537109375,64.34110260009766,-22.333152770996094,0.0,-90.0,0.0,0.0,0.0
,outer4,4,71,b979,,,,,,60.0,60.0,66.45188903808594,51.31781005859375,-15.134078979492188,-60.0,30.0,0.0,0.0,0.0
,outer4,4,71,b979,,,,,,60.0,90.0,138.59039306640625,66.45188903808594,-72.13850402832031,30.0,-120.0,0.0,0.0,0.0
,outer4,4,71,b979,,,,,,60.0,120.0,25.905075073242188,130.50535583496094,104.60028076171875,90.0,90.0,0.0,0.0,0.0
,outer4,4,71,b979,,,,,,60.0,150.0,97.1807632446289,51.31781005859375,-45.862953186035156,0.0,-60.0,0.0,0.0,0.0
,outer4,4,71,b979,,,,,,60.0,180.0,30.000001907348633,30.000001907348633,0.0,0.0,0.0,0.0,0.0,0.0
,outer4,4,71,b979,,,,,,60.0,210.0,120.00000762939453,113.54812622070312,-6.451881408691406,0.0,-30.0,0.0,0.0,0.0
,outer4,4,71,b979,,,,,,60.0,240.0,29.999998092651367,150.0,120.00000190734863,60.0,180.0,0.0,0.0,0.0
,outer4,4,71,b979,,,,,,60.0,270.0,86.67425537109375,113.54812622070312,26.873870849609375,-30.0,0.0,0.0,0.0,0.0
,outer4,4,71,b979,,,,,,60.0,300.0,51.31781005859375,130.50535583496094,79.18754577636719,90.0,60.0,0.0,0.0,0.0
,outer4,4,71,b979,,,,,,60.0,330.0,82.81924438476562,60.000003814697266,-22.81924057006836,0.0,-60.0,0.0,0.0,0.0
,outer4,4,71,b979,,,,,,90.0,0.0,138.59039306640625,119.99999237060547,-18.59040069580078,-30.0,-30.0,0.0,0.0,0.0
,outer4,4,71,b979,,,,,,90.0,30.0,30.000001907348633,150.0,119.99999809265137,-30.0,150.0,0.0,0.0,0.0
,outer4,4,71,b979,,,,,,90.0,60.0,90.0,60.000003814697266,-29.999996185302734,0.0,-30.0,0.0,0.0,0.0
,outer4,4,71,b979,,,,,,90.0,90.0,30.000001907348633,0.0,-30.000001907348633,0.0,-30.0,0.0,1.0,1.0
,outer4,4,71,b979,,,,,,90.0,120.0,30.000001907348633,120.00000762939453,90.0000057220459,0.0,90.0,0.0,0.0,0.0
,outer4,4,71,b979,,,,,,90.0,150.0,64.34109497070312,120.00000762939453,55.658912658691406,-30.0,60.0,0.0,0.0,0.0
,outer4,4,71,b979,,,,,,90.0,180.0,41.40962219238281,60.000003814697266,18.590381622314453,-30.0,30.0,0.0,0.0,0.0
,outer4,4,71,b979,,,,,,90.0,210.0,180.0,30.000001907348633,-149.99999809265137,0.0,-150.0,0.0,0.0,0.0
,outer4,4,71,b979,,,,,,90.0,240.0,90.0,60.000003814697266,-29.999996185302734,0.0,-30.0,0.0,0.0,0.0
,outer4,4,71,b979,,,,,,90.0,270.0,150.0,0.0,-150.0,0.0,-150.0,0.0,1.0,1.0
,outer4,4,71,b979,,,,,,90.0,300.0,150.0,60.000003814697266,-89.99999618530273,0.0,-90.0,0.0,0.0,0.0
,outer4,4,71,b979,,,,,,90.0,330.0,64.34110260009766,120.00000762939453,55.658905029296875,-30.0,60.0,0.0,0.0,0.0
,outer4,4,71,b979,,,,,,120.0,0.0,29.99998664855957,0.0,-29.99998664855957,-30.0,0.0,0.0,1.0,1.0
,outer4,4,71,b979,,,,,,120.0,30.0,154.0949249267578,51.31781005859375,-102.77711486816406,-60.0,-90.0,0.0,0.0,0.0
,outer4,4,71,b979,,,,,,120.0,60.0,64.34109497070312,29.99998664855957,-34.341108322143555,0.0,-90.0,0.0,0.0,0.0
,outer4,4,71,b979,,,,,,120.0,90.0,30.000001907348633,66.45188903808594,36.451887130737305,30.0,30.0,0.0,0.0,0.0
,outer4,4,71,b979,,,,,,120.0,120.0,115.6589126586914,115.6589126586914,0.0,0.0,0.0,0.0,0.0,0.0
,outer4,4,71,b979,,,,,,120.0,150.0,97.18075561523438,120.00000762939453,22.819252014160156,0.0,60.0,0.0,0.0,0.0
,outer4,4,71,b979,,,,,,120.0,180.0,36.09777069091797,0.0,-36.09777069091797,-30.0,-30.0,0.0,1.0,1.0
,outer4,4,71,b979,,,,,,120.0,210.0,180.0,51.31781005859375,-128.68218994140625,-60.0,-120.0,0.0,0.0,0.0
,outer4,4,71,b979,,,,,,120.0,240.0,66.45188903808594,128.68218994140625,62.23030090332031,0.0,90.0,0.0,0.0,0.0
,outer4,4,71,b979,,,,,,120.0,270.0,120.00000762939453,120.00000762939453,0.0,0.0,0.0,0.0,0.0,0.0
,outer4,4,71,b979,,,,,,120.0,300.0,36.09777069091797,90.0,53.90222930908203,0.0,150.0,0.0,0.0,0.0
,outer4,4,71,b979,,,,,,120.0,330.0,180.0,30.000001907348633,-149.99999809265137,-30.0,-180.0,0.0,0.0,0.0
,outer4,4,71,b979,,,,,,150.0,0.0,0.0,90.0,90.0,30.0,180.0,1.0,0.0,-1.0
,outer4,4,71,b979,,,,,,150.0,30.0,0.0,14.870942115783691,14.870942115783691,0.0,30.0,1.0,0.0,-1.0
,outer4,4,71,b979,,,,,,150.0,60.0,0.0,0.0,0.0,0.0,0.0,1.0,1.0,0.0
,outer4,4,71,b979,,,,,,150.0,90.0,60.000003814697266,143.9022216796875,83.90221786499023,90.0,-30.0,0.0,0.0,0.0
,outer4,4,71,b979,,,,,,150.0,120.0,14.870942115783691,0.0,-14.870942115783691,0.0,-30.0,0.0,1.0,1.0
,outer4,4,71,b979,,,,,,150.0,150.0,0.0,60.000003814697266,60.000003814697266,0.0,180.0,1.0,0.0,-1.0
,outer4,4,71,b979,,,,,,150.0,180.0,0.0,29.99998664855957,29.99998664855957,30.0,0.0,1.0,0.0,-1.0
,outer4,4,71,b979,,,,,,150.0,210.0,0.0,57.7581901550293,57.7581901550293,0.0,150.0,1.0,0.0,-1.0
,outer4,4,71,b979,,,,,,150.0,240.0,0.0,0.0,0.0,0.0,0.0,1.0,1.0,0.0
,outer4,4,71,b979,,,,,,150.0,270.0,60.000003814697266,90.0,29.999996185302734,30.0,0.0,0.0,0.0,0.0
,outer4,4,71,b979,,,,,,150.0,300.0,57.7581901550293,60.000003814697266,2.2418136596679688,0.0,30.0,0.0,0.0,0.0
,outer4,4,71,b979,,,,,,150.0,330.0,60.000003814697266,128.68218994140625,68.68218612670898,120.0,-120.0,0.0,0.0,0.0
,outer4,4,71,baa9,,,,,,30.0,0.0,0.0,0.0,0.0,0.0,0.0,1.0,1.0,0.0
,outer4,4,71,baa9,,,,,,30.0,30.0,0.0,0.0,0.0,0.0,0.0,1.0,1.0,0.0
,outer4,4,71,baa9,,,,,,30.0,60.0,0.0,0.0,0.0,0.0,0.0,1.0,1.0,0.0
,outer4,4,71,baa9,,,,,,30.0,90.0,0.0,0.0,0.0,0.0,0.0,1.0,1.0,0.0
,outer4,4,71,baa9,,,,,,30.0,120.0,0.0,0.0,0.0,0.0,0.0,1.0,1.0,0.0
,outer4,4,71,baa9,,,,,,30.0,150.0,0.0,0.0,0.0,0.0,0.0,1.0,1.0,0.0
,outer4,4,71,baa9,,,,,,30.0,180.0,0.0,0.0,0.0,0.0,0.0,1.0,1.0,0.0
,outer4,4,71,baa9,,,,,,30.0,210.0,0.0,0.0,0.0,0.0,0.0,1.0,1.0,0.0
,outer4,4,71,baa9,,,,,,30.0,240.0,0.0,0.0,0.0,0.0,0.0,1.0,1.0,0.0
,outer4,4,71,baa9,,,,,,30.0,270.0,0.0,0.0,0.0,0.0,0.0,1.0,1.0,0.0
,outer4,4,71,baa9,,,,,,30.0,300.0,0.0,0.0,0.0,0.0,0.0,1.0,1.0,0.0
,outer4,4,71,baa9,,,,,,30.0,330.0,0.0,0.0,0.0,0.0,0.0,1.0,1.0,0.0
,outer4,4,71,baa9,,,,,,60.0,0.0,0.0,0.0,0.0,0.0,0.0,1.0,1.0,0.0
,outer4,4,71,baa9,,,,,,60.0,30.0,0.0,0.0,0.0,0.0,0.0,1.0,1.0,0.0
,outer4,4,71,baa9,,,,,,60.0,60.0,0.0,0.0,0.0,0.0,0.0,1.0,1.0,0.0
,outer4,4,71,baa9,,,,,,60.0,90.0,0.0,0.0,0.0,0.0,0.0,1.0,1.0,0.0
,outer4,4,71,baa9,,,,,,60.0,120.0,0.0,0.0,0.0,0.0,0.0,1.0,1.0,0.0
,outer4,4,71,baa9,,,,,,60.0,150.0,0.0,0.0,0.0,0.0,0.0,1.0,1.0,0.0
,outer4,4,71,baa9,,,,,,60.0,180.0,0.0,0.0,0.0,0.0,0.0,1.0,1.0,0.0
,outer4,4,71,baa9,,,,,,60.0,210.0,0.0,0.0,0.0,0.0,0.0,1.0,1.0,0.0
,outer4,4,71,baa9,,,,,,60.0,240.0,0.0,0.0,0.0,0.0,0.0,1.0,1.0,0.0
,outer4,4,71,baa9,,,,,,60.0,270.0,0.0,0.0,0.0,0.0,0.0,1.0,1.0,0.0
,outer4,4,71,baa9,,,,,,60.0,300.0,0.0,0.0,0.0,0.0,0.0,1.0,1.0,0.0
,outer4,4,71,baa9,,,,,,60.0,330.0,0.0,0.0,0.0,0.0,0.0,1.0,1.0,0.0
,outer4,4,71,baa9,,,,,,90.0,0.0,0.0,180.0,180.0,0.0,180.0,1.0,0.0,-1.0
,outer4,4,71,baa9,,,,,,90.0,30.0,0.0,0.0,0.0,0.0,0.0,1.0,1.0,0.0
,outer4,4,71,baa9,,,,,,90.0,60.0,0.0,0.0,0.0,0.0,0.0,1.0,1.0,0.0
,outer4,4,71,baa9,,,,,,90.0,90.0,0.0,0.0,0.0,0.0,0.0,1.0,1.0,0.0
,outer4,4,71,baa9,,,,,,90.0,120.0,0.0,0.0,0.0,0.0,0.0,1.0,1.0,0.0
,outer4,4,71,baa9,,,,,,90.0,150.0,0.0,0.0,0.0,0.0,0.0,1.0,1.0,0.0
,outer4,4,71,baa9,,,,,,90.0,180.0,0.0,0.0,0.0,0.0,0.0,1.0,1.0,0.0
,outer4,4,71,baa9,,,,,,90.0,210.0,0.0,0.0,0.0,0.0,0.0,1.0,1.0,0.0
,outer4,4,71,baa9,,,,,,90.0,240.0,0.0,0.0,0.0,0.0,0.0,1.0,1.0,0.0
,outer4,4,71,baa9,,,,,,90.0,270.0,0.0,0.0,0.0,0.0,0.0,1.0,1.0,0.0
,outer4,4,71,baa9,,,,,,90.0,300.0,0.0,0.0,0.0,0.0,0.0,1.0,1.0,0.0
,outer4,4,71,baa9,,,,,,90.0,330.0,0.0,0.0,0.0,0.0,0.0,1.0,1.0,0.0
,outer4,4,71,baa9,,,,,,120.0,0.0,0.0,0.0,0.0,0.0,0.0,1.0,1.0,0.0
,outer4,4,71,baa9,,,,,,120.0,30.0,0.0,0.0,0.0,0.0,0.0,1.0,1.0,0.0
,outer4,4,71,baa9,,,,,,120.0,60.0,0.0,0.0,0.0,0.0,0.0,1.0,1.0,0.0
,outer4,4,71,baa9,,,,,,120.0,90.0,0.0,0.0,0.0,0.0,0.0,1.0,1.0,0.0
,outer4,4,71,baa9,,,,,,120.0,120.0,0.0,0.0,0.0,0.0,0.0,1.0,1.0,0.0
,outer4,4,71,baa9,,,,,,120.0,150.0,0.0,0.0,0.0,0.0,0.0,1.0,1.0,0.0
,outer4,4,71,baa9,,,,,,120.0,180.0,0.0,0.0,0.0,0.0,0.0,1.0,1.0,0.0
,outer4,4,71,baa9,,,,,,120.0,210.0,0.0,0.0,0.0,0.0,0.0,1.0,1.0,0.0
,outer4,4,71,baa9,,,,,,120.0,240.0,0.0,0.0,0.0,0.0,0.0,1.0,1.0,0.0
,outer4,4,71,baa9,,,,,,120.0,270.0,0.0,0.0,0.0,0.0,0.0,1.0,1.0,0.0
,outer4,4,71,baa9,,,,,,120.0,300.0,0.0,0.0,0.0,0.0,0.0,1.0,1.0,0.0
,outer4,4,71,baa9,,,,,,120.0,330.0,0.0,0.0,0.0,0.0,0.0,1.0,1.0,0.0
,outer4,4,71,baa9,,,,,,150.0,0.0,0.0,0.0,0.0,0.0,0.0,1.0,1.0,0.0
,outer4,4,71,baa9,,,,,,150.0,30.0,0.0,0.0,0.0,0.0,0.0,1.0,1.0,0.0
,outer4,4,71,baa9,,,,,,150.0,60.0,0.0,0.0,0.0,0.0,0.0,1.0,1.0,0.0
,outer4,4,71,baa9,,,,,,150.0,90.0,0.0,0.0,0.0,0.0,0.0,1.0,1.0,0.0
,outer4,4,71,baa9,,,,,,150.0,120.0,0.0,0.0,0.0,0.0,0.0,1.0,1.0,0.0
,outer4,4,71,baa9,,,,,,150.0,150.0,0.0,0.0,0.0,0.0,0.0,1.0,1.0,0.0
,outer4,4,71,baa9,,,,,,150.0,180.0,0.0,0.0,0.0,0.0,0.0,1.0,1.0,0.0
,outer4,4,71,baa9,,,,,,150.0,210.0,0.0,0.0,0.0,0.0,0.0,1.0,1.0,0.0
,outer4,4,71,baa9,,,,,,150.0,240.0,0.0,0.0,0.0,0.0,0.0,1.0,1.0,0.0
,outer4,4,71,baa9,,,,,,150.0,270.0,0.0,0.0,0.0,0.0,0.0,1.0,1.0,0.0
,outer4,4,71,baa9,,,,,,150.0,300.0,0.0,0.0,0.0,0.0,0.0,1.0,1.0,0.0
,outer4,4,71,baa9,,,,,,150.0,330.0,0.0,0.0,0.0,0.0,0.0,1.0,1.0,0.0
,outer4,4,71,bb26,,,,,,30.0,0.0,150.0,150.0,0.0,0.0,0.0,0.0,0.0,0.0
,outer4,4,71,bb26,,,,,,30.0,30.0,0.0,30.000001907348633,30.000001907348633,30.0,0.0,1.0,0.0,-1.0
,outer4,4,71,bb26,,,,,,30.0,60.0,0.0,151.04498291015625,151.04498291015625,120.0,120.0,1.0,0.0,-1.0
,outer4,4,71,bb26,,,,,,30.0,90.0,180.0,150.0,-30.0,-30.0,0.0,0.0,0.0,0.0
,outer4,4,71,bb26,,,,,,30.0,120.0,128.68218994140625,90.0,-38.68218994140625,-90.0,120.0,0.0,0.0,0.0
,outer4,4,71,bb26,,,,,,30.0,150.0,60.000003814697266,165.12905883789062,105.12905502319336,120.0,-30.0,0.0,0.0,0.0
,outer4,4,71,bb26,,,,,,30.0,180.0,30.000001907348633,90.0,59.99999809265137,60.0,0.0,0.0,0.0,0.0
,outer4,4,71,bb26,,,,,,30.0,210.0,28.95502281188965,51.31781005859375,22.3627872467041,0.0,60.0,0.0,0.0,0.0
,outer4,4,71,bb26,,,,,,30.0,240.0,60.000003814697266,14.870942115783691,-45.129061698913574,0.0,-150.0,0.0,0.0,0.0
,outer4,4,71,bb26,,,,,,30.0,270.0,0.0,0.0,0.0,0.0,0.0,1.0,1.0,0.0
,outer4,4,71,bb26,,,,,,30.0,300.0,151.04498291015625,0.0,-151.04498291015625,-120.0,-120.0,0.0,1.0,1.0
,outer4,4,71,bb26,,,,,,30.0,330.0,122.24180603027344,128.68218994140625,6.4403839111328125,0.0,30.0,0.0,0.0,0.0
,outer4,4,71,bb26,,,,,,60.0,0.0,120.00000762939453,180.0,59.99999237060547,60.0,0.0,0.0,0.0,0.0
,outer4,4,71,bb26,,,,,,60.0,30.0,130.50535583496094,97.1807632446289,-33.32459259033203,-90.0,0.0,0.0,0.0,0.0
,outer4,4,71,bb26,,,,,,60.0,60.0,25.905075073242188,0.0,-25.905075073242188,0.0,-30.0,0.0,1.0,1.0
,outer4,4,71,bb26,,,,,,60.0,90.0,60.000003814697266,138.59039306640625,78.59038925170898,-30.0,150.0,0.0,0.0,0.0
,outer4,4,71,bb26,,,,,,60.0,120.0,128.6822052001953,138.59039306640625,9.908187866210938,-30.0,30.0,0.0,0.0,0.0
,outer4,4,71,bb26,,,,,,60.0,150.0,30.000001907348633,120.00000762939453,90.0000057220459,-30.0,180.0,0.0,0.0,0.0
,outer4,4,71,bb26,,,,,,60.0,180.0,0.0,60.000003814697266,60.000003814697266,60.0,0.0,1.0,0.0,-1.0
,outer4,4,71,bb26,,,,,,60.0,210.0,113.5481185913086,82.81924438476562,-30.72887420654297,60.0,-90.0,0.0,0.0,0.0
,outer4,4,71,bb26,,,,,,60.0,240.0,150.0,0.0,-150.0,-30.0,-180.0,0.0,1.0,1.0
,outer4,4,71,bb26,,,,,,60.0,270.0,0.0,25.905075073242188,25.905075073242188,0.0,30.0,1.0,0.0,-1.0
,outer4,4,71,bb26,,,,,,60.0,300.0,104.47750854492188,0.0,-104.47750854492188,-60.0,-90.0,0.0,1.0,1.0
,outer4,4,71,bb26,,,,,,60.0,330.0,102.50391387939453,128.6822052001953,26.17829132080078,-30.0,60.0,0.0,0.0,0.0
,outer4,4,71,bb26,,,,,,90.0,0.0,0.0,180.0,180.0,0.0,180.0,1.0,0.0,-1.0
,outer4,4,71,bb26,,,,,,90.0,30.0,60.00000762939453,150.0,89.99999237060547,0.0,90.0,0.0,0.0,0.0
,outer4,4,71,bb26,,,,,,90.0,60.0,60.000003814697266,60.000003814697266,0.0,0.0,0.0,0.0,0.0,0.0
,outer4,4,71,bb26,,,,,,90.0,90.0,30.000001907348633,150.0,119.99999809265137,0.0,120.0,0.0,0.0,0.0
,outer4,4,71,bb26,,,,,,90.0,120.0,0.0,0.0,0.0,0.0,0.0,1.0,1.0,0.0
,outer4,4,71,bb26,,,,,,90.0,150.0,180.0,30.000001907348633,-149.99999809265137,0.0,-150.0,0.0,0.0,0.0
,outer4,4,71,bb26,,,,,,90.0,180.0,180.0,0.0,-180.0,0.0,-180.0,0.0,1.0,1.0
,outer4,4,71,bb26,,,,,,90.0,210.0,180.0,180.0,0.0,0.0,0.0,0.0,0.0,0.0
,outer4,4,71,bb26,,,,,,90.0,240.0,120.00000762939453,60.000003814697266,-60.000003814697266,0.0,-60.0,0.0,0.0,0.0
,outer4,4,71,bb26,,,,,,90.0,270.0,150.0,30.000001907348633,-119.99999809265137,0.0,-120.0,0.0,0.0,0.0
,outer4,4,71,bb26,,,,,,90.0,300.0,180.0,180.0,0.0,0.0,0.0,0.0,0.0,0.0
,outer4,4,71,bb26,,,,,,90.0,330.0,0.0,60.00000762939453,60.00000762939453,0.0,60.0,1.0,0.0,-1.0
,outer4,4,71,bb26,,,,,,120.0,0.0,120.00000762939453,120.00000762939453,0.0,0.0,0.0,0.0,0.0,0.0
,outer4,4,71,bb26,,,,,,120.0,30.0,102.50392150878906,120.00000762939453,17.49608612060547,-90.0,120.0,0.0,0.0,0.0
,outer4,4,71,bb26,,,,,,120.0,60.0,0.0,0.0,0.0,0.0,0.0,1.0,1.0,0.0
,outer4,4,71,bb26,,,,,,120.0,90.0,180.0,154.09490966796875,-25.90509033203125,0.0,-30.0,0.0,0.0,0.0
,outer4,4,71,bb26,,,,,,120.0,120.0,128.6822052001953,128.6822052001953,0.0,0.0,0.0,0.0,0.0,0.0
,outer4,4,71,bb26,,,,,,120.0,150.0,64.34109497070312,0.0,-64.34109497070312,-30.0,-90.0,0.0,1.0,1.0
,outer4,4,71,bb26,,,,,,120.0,180.0,0.0,120.00000762939453,120.00000762939453,0.0,180.0,1.0,0.0,-1.0
,outer4,4,71,bb26,,,,,,120.0,210.0,143.9022216796875,0.0,-143.9022216796875,-90.0,-150.0,0.0,1.0,1.0
,outer4,4,71,bb26,,,,,,120.0,240.0,25.905075073242188,51.31781005859375,25.412734985351562,0.0,30.0,0.0,0.0,0.0
,outer4,4,71,bb26,,,,,,120.0,270.0,113.54811096191406,64.34109497070312,-49.20701599121094,30.0,-90.0,0.0,0.0,0.0
,outer4,4,71,bb26,,,,,,120.0,300.0,154.0949249267578,30.000001907348633,-124.09492301940918,-30.0,-150.0,0.0,0.0,0.0
,outer4,4,71,bb26,,,,,,120.0,330.0,49.49464416503906,60.000003814697266,10.505359649658203,30.0,-60.0,0.0,0.0,0.0
,outer4,4,71,bb26,,,,,,150.0,0.0,90.0,29.99998664855957,-60.00001335144043,0.0,-180.0,0.0,0.0,0.0
,outer4,4,71,bb26,,,,,,150.0,30.0,0.0,0.0,0.0,0.0,0.0,1.0,1.0,0.0
,outer4,4,71,bb26,,,,,,150.0,60.0,0.0,151.04498291015625,151.04498291015625,120.0,120.0,1.0,0.0,-1.0
,outer4,4,71,bb26,,,,,,150.0,90.0,180.0,180.0,0.0,0.0,0.0,0.0,0.0,0.0
,outer4,4,71,bb26,,,,,,150.0,120.0,128.68218994140625,165.12905883789062,36.446868896484375,0.0,90.0,0.0,0.0,0.0
,outer4,4,71,bb26,,,,,,150.0,150.0,60.000003814697266,165.12905883789062,105.12905502319336,120.0,-30.0,0.0,0.0,0.0
,outer4,4,71,bb26,,,,,,150.0,180.0,29.99998664855957,29.99998664855957,0.0,0.0,0.0,0.0,0.0,0.0
,outer4,4,71,bb26,,,,,,150.0,210.0,128.68218994140625,57.7581901550293,-70.92399978637695,-120.0,90.0,0.0,0.0,0.0
,outer4,4,71,bb26,,,,,,150.0,240.0,60.000003814697266,90.0,29.999996185302734,90.0,-180.0,0.0,0.0,0.0
,outer4,4,71,bb26,,,,,,150.0,270.0,0.0,29.99998664855957,29.99998664855957,30.0,0.0,1.0,0.0,-1.0
,outer4,4,71,bb26,,,,,,150.0,300.0,151.04498291015625,0.0,-151.04498291015625,-120.0,-120.0,0.0,1.0,1.0
,outer4,4,71,bb26,,,,,,150.0,330.0,14.870942115783691,128.68218994140625,113.81124782562256,120.0,30.0,0.0,0.0,0.0
,outer4,4,72,b7fd,,,,,,30.0,0.0,0.0,90.0,90.0,30.0,180.0,1.0,0.0,-1.0
,outer4,4,72,b7fd,,,,,,30.0,30.0,14.870942115783691,150.0,135.1290578842163,90.0,150.0,0.0,0.0,0.0
,outer4,4,72,b7fd,,,,,,30.0,60.0,128.68218994140625,165.12905883789062,36.446868896484375,0.0,90.0,0.0,0.0,0.0
,outer4,4,72,b7fd,,,,,,30.0,90.0,30.000001907348633,128.68218994140625,98.68218803405762,90.0,60.0,0.0,0.0,0.0
,outer4,4,72,b7fd,,,,,,30.0,120.0,49.494651794433594,41.40962219238281,-8.085029602050781,-30.0,30.0,0.0,0.0,0.0
,outer4,4,72,b7fd,,,,,,30.0,150.0,90.0,143.9022216796875,53.9022216796875,0.0,150.0,0.0,0.0,0.0
,outer4,4,72,b7fd,,,,,,30.0,180.0,0.0,30.000001907348633,30.000001907348633,30.0,0.0,1.0,0.0,-1.0
,outer4,4,72,b7fd,,,,,,30.0,210.0,0.0,90.0,90.0,90.0,0.0,1.0,0.0,-1.0
,outer4,4,72,b7fd,,,,,,30.0,240.0,165.12905883789062,128.68218994140625,-36.446868896484375,0.0,-90.0,0.0,0.0,0.0
,outer4,4,72,b7fd,,,,,,30.0,270.0,60.000003814697266,150.0,89.99999618530273,90.0,0.0,0.0,0.0,0.0
,outer4,4,72,b7fd,,,,,,30.0,300.0,41.40962219238281,57.7581901550293,16.348567962646484,0.0,60.0,0.0,0.0,0.0
,outer4,4,72,b7fd,,,,,,30.0,330.0,102.50392150878906,93.32575988769531,-9.17816162109375,0.0,-30.0,0.0,0.0,0.0
,outer4,4,72,b7fd,,,,,,60.0,0.0,0.0,120.00000762939453,120.00000762939453,0.0,180.0,1.0,0.0,-1.0
,outer4,4,72,b7fd,,,,,,60.0,30.0,0.0,0.0,0.0,0.0,0.0,1.0,1.0,0.0
,outer4,4,72,b7fd,,,,,,60.0,60.0,130.50535583496094,154.0949249267578,23.589569091796875,-30.0,30.0,0.0,0.0,0.0
,outer4,4,72,b7fd,,,,,,60.0,90.0,0.0,0.0,0.0,0.0,0.0,1.0,1.0,0.0
,outer4,4,72,b7fd,,,,,,60.0,120.0,0.0,0.0,0.0,0.0,0.0,1.0,1.0,0.0
,outer4,4,72,b7fd,,,,,,60.0,150.0,51.31781005859375,180.0,128.68218994140625,60.0,120.0,0.0,0.0,0.0
,outer4,4,72,b7fd,,,,,,60.0,180.0,0.0,143.9022216796875,143.9022216796875,90.0,150.0,1.0,0.0,-1.0
,outer4,4,72,b7fd,,,,,,60.0,210.0,180.0,128.6822052001953,-51.31779479980469,0.0,-60.0,0.0,0.0,0.0
,outer4,4,72,b7fd,,,,,,60.0,240.0,97.1807632446289,0.0,-97.1807632446289,0.0,-120.0,0.0,1.0,1.0
,outer4,4,72,b7fd,,,,,,60.0,270.0,150.0,120.00000762939453,-29.99999237060547,-30.0,0.0,0.0,0.0,0.0
,outer4,4,72,b7fd,,,,,,60.0,300.0,0.0,0.0,0.0,0.0,0.0,1.0,1.0,0.0
,outer4,4,72,b7fd,,,,,,60.0,330.0,25.90509033203125,25.90509033203125,0.0,0.0,0.0,0.0,0.0,0.0
,outer4,4,72,b7fd,,,,,,90.0,0.0,180.0,180.0,0.0,0.0,0.0,0.0,0.0,0.0
,outer4,4,72,b7fd,,,,,,90.0,30.0,120.00000762939453,90.0,-30.00000762939453,0.0,-30.0,0.0,0.0,0.0
,outer4,4,72,b7fd,,,,,,90.0,60.0,60.000003814697266,0.0,-60.000003814697266,0.0,-60.0,0.0,1.0,1.0
,outer4,4,72,b7fd,,,,,,90.0,90.0,180.0,180.0,0.0,0.0,0.0,0.0,0.0,0.0
,outer4,4,72,b7fd,,,,,,90.0,120.0,0.0,0.0,0.0,0.0,0.0,1.0,1.0,0.0
,outer4,4,72,b7fd,,,,,,90.0,150.0,0.0,180.0,180.0,0.0,180.0,1.0,0.0,-1.0
,outer4,4,72,b7fd,,,,,,90.0,180.0,0.0,0.0,0.0,0.0,0.0,1.0,1.0,0.0
,outer4,4,72,b7fd,,,,,,90.0,210.0,60.000003814697266,90.0,29.999996185302734,0.0,30.0,0.0,0.0,0.0
,outer4,4,72,b7fd,,,,,,90.0,240.0,60.000003814697266,60.000003814697266,0.0,0.0,0.0,0.0,0.0,0.0
,outer4,4,72,b7fd,,,,,,90.0,270.0,0.0,0.0,0.0,0.0,0.0,1.0,1.0,0.0
,outer4,4,72,b7fd,,,,,,90.0,300.0,0.0,60.000003814697266,60.000003814697266,0.0,60.0,1.0,0.0,-1.0
,outer4,4,72,b7fd,,,,,,90.0,330.0,180.0,180.0,0.0,0.0,0.0,0.0,0.0,0.0
,outer4,4,72,b7fd,,,,,,120.0,0.0,0.0,29.99998664855957,29.99998664855957,30.0,0.0,1.0,0.0,-1.0
,outer4,4,72,b7fd,,,,,,120.0,30.0,0.0,0.0,0.0,0.0,0.0,1.0,1.0,0.0
,outer4,4,72,b7fd,,,,,,120.0,60.0,104.47750854492188,128.68218994140625,24.204681396484375,0.0,30.0,0.0,0.0,0.0
,outer4,4,72,b7fd,,,,,,120.0,90.0,90.0,120.00000762939453,30.00000762939453,-30.0,0.0,0.0,0.0,0.0
,outer4,4,72,b7fd,,,,,,120.0,120.0,0.0,128.6822052001953,128.6822052001953,60.0,120.0,1.0,0.0,-1.0
,outer4,4,72,b7fd,,,,,,120.0,150.0,0.0,51.31781005859375,51.31781005859375,0.0,60.0,1.0,0.0,-1.0
,outer4,4,72,b7fd,,,,,,120.0,180.0,60.000003814697266,30.000001907348633,-30.000001907348633,-30.0,0.0,0.0,0.0,0.0
,outer4,4,72,b7fd,,,,,,120.0,210.0,120.00000762939453,113.54811096191406,-6.451896667480469,0.0,-30.0,0.0,0.0,0.0
,outer4,4,72,b7fd,,,,,,120.0,240.0,180.0,60.000003814697266,-119.99999618530273,0.0,-180.0,0.0,0.0,0.0
,outer4,4,72,b7fd,,,,,,120.0,270.0,0.0,0.0,0.0,0.0,0.0,1.0,1.0,0.0
,outer4,4,72,b7fd,,,,,,120.0,300.0,29.99998664855957,29.99998664855957,0.0,0.0,0.0,0.0,0.0,0.0
,outer4,4,72,b7fd,,,,,,120.0,330.0,0.0,0.0,0.0,0.0,0.0,1.0,1.0,0.0
,outer4,4,72,b7fd,,,,,,150.0,0.0,60.000003814697266,29.99998664855957,-30.000017166137695,30.0,-180.0,0.0,0.0,0.0
,outer4,4,72,b7fd,,,,,,150.0,30.0,29.99998664855957,14.870942115783691,-15.129044532775879,-30.0,30.0,0.0,0.0,0.0
,outer4,4,72,b7fd,,,,,,150.0,60.0,120.00000762939453,151.04498291015625,31.04497528076172,0.0,120.0,0.0,0.0,0.0
,outer4,4,72,b7fd,,,,,,150.0,90.0,0.0,60.000003814697266,60.000003814697266,0.0,180.0,1.0,0.0,-1.0
,outer4,4,72,b7fd,,,,,,150.0,120.0,14.870942115783691,14.870942115783691,0.0,0.0,0.0,0.0,0.0,0.0
,outer4,4,72,b7fd,,,,,,150.0,150.0,102.50391387939453,49.49464416503906,-53.00926971435547,-60.0,0.0,0.0,0.0,0.0
,outer4,4,72,b7fd,,,,,,150.0,180.0,29.99998664855957,29.99998664855957,0.0,0.0,0.0,0.0,0.0,0.0
,outer4,4,72,b7fd,,,,,,150.0,210.0,57.7581901550293,86.67425537109375,28.916065216064453,30.0,0.0,0.0,0.0,0.0
,outer4,4,72,b7fd,,,,,,150.0,240.0,180.0,128.68218994140625,-51.31781005859375,0.0,-120.0,0.0,0.0,0.0
,outer4,4,72,b7fd,,,,,,150.0,270.0,0.0,60.000003814697266,60.000003814697266,0.0,180.0,1.0,0.0,-1.0
,outer4,4,72,b7fd,,,,,,150.0,300.0,60.000003814697266,60.000003814697266,0.0,0.0,0.0,0.0,0.0,0.0
,outer4,4,72,b7fd,,,,,,150.0,330.0,49.49464416503906,102.50391387939453,53.00926971435547,60.0,0.0,0.0,0.0,0.0
,outer4,4,72,b8ed,,,,,,30.0,0.0,0.0,30.000001907348633,30.000001907348633,30.0,0.0,1.0,0.0,-1.0
,outer4,4,72,b8ed,,,,,,30.0,30.0,165.12905883789062,128.68218994140625,-36.446868896484375,0.0,-90.0,0.0,0.0,0.0
,outer4,4,72,b8ed,,,,,,30.0,60.0,51.31781005859375,0.0,-51.31781005859375,0.0,-120.0,0.0,1.0,1.0
,outer4,4,72,b8ed,,,,,,30.0,90.0,30.000001907348633,120.00000762939453,90.0000057220459,90.0,0.0,0.0,0.0,0.0
,outer4,4,72,b8ed,,,,,,30.0,120.0,122.24180603027344,0.0,-122.24180603027344,-120.0,-30.0,0.0,1.0,1.0
,outer4,4,72,b8ed,,,,,,30.0,150.0,0.0,128.68218994140625,128.68218994140625,120.0,60.0,1.0,0.0,-1.0
,outer4,4,72,b8ed,,,,,,30.0,180.0,0.0,30.000001907348633,30.000001907348633,30.0,0.0,1.0,0.0,-1.0
,outer4,4,72,b8ed,,,,,,30.0,210.0,0.0,0.0,0.0,0.0,0.0,1.0,1.0,0.0
,outer4,4,72,b8ed,,,,,,30.0,240.0,122.24180603027344,102.50392150878906,-19.737884521484375,-30.0,30.0,0.0,0.0,0.0
,outer4,4,72,b8ed,,,,,,30.0,270.0,60.000003814697266,14.870942115783691,-45.129061698913574,0.0,-150.0,0.0,0.0,0.0
,outer4,4,72,b8ed,,,,,,30.0,300.0,14.870942115783691,0.0,-14.870942115783691,0.0,-30.0,0.0,1.0,1.0
,outer4,4,72,b8ed,,,,,,30.0,330.0,0.0,128.68218994140625,128.68218994140625,120.0,60.0,1.0,0.0,-1.0
,outer4,4,72,b8ed,,,,,,60.0,0.0,30.000001907348633,0.0,-30.000001907348633,-30.0,0.0,0.0,1.0,1.0
,outer4,4,72,b8ed,,,,,,60.0,30.0,0.0,0.0,0.0,0.0,0.0,1.0,1.0,0.0
,outer4,4,72,b8ed,,,,,,60.0,60.0,128.68218994140625,0.0,-128.68218994140625,-60.0,-120.0,0.0,1.0,1.0
,outer4,4,72,b8ed,,,,,,60.0,90.0,0.0,60.000003814697266,60.000003814697266,60.0,0.0,1.0,0.0,-1.0
,outer4,4,72,b8ed,,,,,,60.0,120.0,0.0,25.905075073242188,25.905075073242188,0.0,30.0,1.0,0.0,-1.0
,outer4,4,72,b8ed,,,,,,60.0,150.0,66.45188903808594,180.0,113.54811096191406,0.0,150.0,0.0,0.0,0.0
,outer4,4,72,b8ed,,,,,,60.0,180.0,30.000001907348633,0.0,-30.000001907348633,-30.0,0.0,0.0,1.0,1.0
,outer4,4,72,b8ed,,,,,,60.0,210.0,120.00000762939453,0.0,-120.00000762939453,0.0,-180.0,0.0,1.0,1.0
,outer4,4,72,b8ed,,,,,,60.0,240.0,113.54812622070312,154.0949249267578,40.54679870605469,60.0,0.0,0.0,0.0,0.0
,outer4,4,72,b8ed,,,,,,60.0,270.0,120.00000762939453,180.0,59.99999237060547,60.0,0.0,0.0,0.0,0.0
,outer4,4,72,b8ed,,,,,,60.0,300.0,30.000001907348633,0.0,-30.000001907348633,-30.0,0.0,0.0,1.0,1.0
,outer4,4,72,b8ed,,,,,,60.0,330.0,82.81924438476562,66.45188903808594,-16.367355346679688,0.0,-30.0,0.0,0.0,0.0
,outer4,4,72,b8ed,,,,,,90.0,0.0,0.0,150.0,150.0,0.0,150.0,1.0,0.0,-1.0
,outer4,4,72,b8ed,,,,,,90.0,30.0,0.0,0.0,0.0,0.0,0.0,1.0,1.0,0.0
,outer4,4,72,b8ed,,,,,,90.0,60.0,60.000003814697266,60.000003814697266,0.0,0.0,0.0,0.0,0.0,0.0
,outer4,4,72,b8ed,,,,,,90.0,90.0,180.0,0.0,-180.0,0.0,-180.0,0.0,1.0,1.0
,outer4,4,72,b8ed,,,,,,90.0,120.0,0.0,0.0,0.0,0.0,0.0,1.0,1.0,0.0
,outer4,4,72,b8ed,,,,,,90.0,150.0,60.000003814697266,120.00000762939453,60.000003814697266,0.0,60.0,0.0,0.0,0.0
,outer4,4,72,b8ed,,,,,,90.0,180.0,0.0,150.0,150.0,0.0,150.0,1.0,0.0,-1.0
,outer4,4,72,b8ed,,,,,,90.0,210.0,180.0,180.0,0.0,0.0,0.0,0.0,0.0,0.0
,outer4,4,72,b8ed,,,,,,90.0,240.0,120.00000762939453,120.00000762939453,0.0,0.0,0.0,0.0,0.0,0.0
,outer4,4,72,b8ed,,,,,,90.0,270.0,0.0,180.0,180.0,0.0,180.0,1.0,0.0,-1.0
,outer4,4,72,b8ed,,,,,,90.0,300.0,0.0,180.0,180.0,0.0,180.0,1.0,0.0,-1.0
,outer4,4,72,b8ed,,,,,,90.0,330.0,120.00000762939453,120.00000762939453,0.0,0.0,0.0,0.0,0.0,0.0
,outer4,4,72,b8ed,,,,,,120.0,0.0,29.99998664855957,0.0,-29.99998664855957,-30.0,0.0,0.0,1.0,1.0
,outer4,4,72,b8ed,,,,,,120.0,30.0,60.000003814697266,0.0,-60.000003814697266,-60.0,0.0,0.0,1.0,1.0
,outer4,4,72,b8ed,,,,,,120.0,60.0,128.68218994140625,51.31781005859375,-77.3643798828125,-60.0,-60.0,0.0,0.0,0.0
,outer4,4,72,b8ed,,,,,,120.0,90.0,60.000003814697266,180.0,119.99999618530273,0.0,180.0,0.0,0.0,0.0
,outer4,4,72,b8ed,,,,,,120.0,120.0,0.0,128.6822052001953,128.6822052001953,60.0,120.0,1.0,0.0,-1.0
,outer4,4,72,b8ed,,,,,,120.0,150.0,0.0,113.54811096191406,113.54811096191406,0.0,150.0,1.0,0.0,-1.0
,outer4,4,72,b8ed,,,,,,120.0,180.0,90.0,0.0,-90.0,-90.0,0.0,0.0,1.0,1.0
,outer4,4,72,b8ed,,,,,,120.0,210.0,120.00000762939453,120.00000762939453,0.0,0.0,0.0,0.0,0.0,0.0
,outer4,4,72,b8ed,,,,,,120.0,240.0,30.000001907348633,0.0,-30.000001907348633,-30.0,0.0,0.0,1.0,1.0
,outer4,4,72,b8ed,,,,,,120.0,270.0,0.0,0.0,0.0,0.0,0.0,1.0,1.0,0.0
,outer4,4,72,b8ed,,,,,,120.0,300.0,0.0,0.0,0.0,0.0,0.0,1.0,1.0,0.0
,outer4,4,72,b8ed,,,,,,120.0,330.0,36.0977783203125,0.0,-36.0977783203125,-30.0,-30.0,0.0,1.0,1.0
,outer4,4,72,b8ed,,,,,,150.0,0.0,0.0,29.99998664855957,29.99998664855957,30.0,0.0,1.0,0.0,-1.0
,outer4,4,72,b8ed,,,,,,150.0,30.0,60.000003814697266,0.0,-60.000003814697266,0.0,-180.0,0.0,1.0,1.0
,outer4,4,72,b8ed,,,,,,150.0,60.0,0.0,0.0,0.0,0.0,0.0,1.0,1.0,0.0
,outer4,4,72,b8ed,,,,,,150.0,90.0,29.99998664855957,29.99998664855957,0.0,0.0,0.0,0.0,0.0,0.0
,outer4,4,72,b8ed,,,,,,150.0,120.0,0.0,0.0,0.0,0.0,0.0,1.0,1.0,0.0
,outer4,4,72,b8ed,,,,,,150.0,150.0,0.0,0.0,0.0,0.0,0.0,1.0,1.0,0.0
,outer4,4,72,b8ed,,,,,,150.0,180.0,0.0,29.99998664855957,29.99998664855957,30.0,0.0,1.0,0.0,-1.0
,outer4,4,72,b8ed,,,,,,150.0,210.0,0.0,0.0,0.0,0.0,0.0,1.0,1.0,0.0
,outer4,4,72,b8ed,,,,,,150.0,240.0,0.0,57.7581901550293,57.7581901550293,0.0,150.0,1.0,0.0,-1.0
,outer4,4,72,b8ed,,,,,,150.0,270.0,0.0,0.0,0.0,0.0,0.0,1.0,1.0,0.0
,outer4,4,72,b8ed,,,,,,150.0,300.0,0.0,0.0,0.0,0.0,0.0,1.0,1.0,0.0
,outer4,4,72,b8ed,,,,,,150.0,330.0,0.0,151.04498291015625,151.04498291015625,120.0,120.0,1.0,0.0,-1.0
,outer4,4,72,b979,,,,,,30.0,0.0,60.000003814697266,60.000003814697266,0.0,0.0,0.0,0.0,0.0,0.0
,outer4,4,72,b979,,,,,,30.0,30.0,0.0,0.0,0.0,0.0,0.0,1.0,1.0,0.0
,outer4,4,72,b979,,,,,,30.0,60.0,122.24180603027344,93.32575225830078,-28.916053771972656,-30.0,0.0,0.0,0.0,0.0
,outer4,4,72,b979,,,,,,30.0,90.0,60.000003814697266,93.32575225830078,33.325748443603516,90.0,-150.0,0.0,0.0,0.0
,outer4,4,72,b979,,,,,,30.0,120.0,128.68218994140625,138.59039306640625,9.908203125,0.0,30.0,0.0,0.0,0.0
,outer4,4,72,b979,,,,,,30.0,150.0,0.0,151.04498291015625,151.04498291015625,120.0,120.0,1.0,0.0,-1.0
,outer4,4,72,b979,,,,,,30.0,180.0,0.0,90.0,90.0,90.0,0.0,1.0,0.0,-1.0
,outer4,4,72,b979,,,,,,30.0,210.0,0.0,60.000003814697266,60.000003814697266,0.0,180.0,1.0,0.0,-1.0
,outer4,4,72,b979,,,,,,30.0,240.0,51.31781005859375,150.0,98.68218994140625,90.0,60.0,0.0,0.0,0.0
,outer4,4,72,b979,,,,,,30.0,270.0,60.000003814697266,143.9022216796875,83.90221786499023,90.0,-30.0,0.0,0.0,0.0
,outer4,4,72,b979,,,,,,30.0,300.0,51.31781005859375,115.6589126586914,64.34110260009766,90.0,-30.0,0.0,0.0,0.0
,outer4,4,72,b979,,,,,,30.0,330.0,128.68218994140625,128.68218994140625,0.0,0.0,0.0,0.0,0.0,0.0
,outer4,4,72,b979,,,,,,60.0,0.0,93.32574462890625,0.0,-93.32574462890625,-90.0,-30.0,0.0,1.0,1.0
,outer4,4,72,b979,,,,,,60.0,30.0,49.494659423828125,120.00000762939453,70.5053482055664,-30.0,120.0,0.0,0.0,0.0
,outer4,4,72,b979,,,,,,60.0,60.0,102.50391387939453,29.999998092651367,-72.50391578674316,-60.0,-60.0,0.0,0.0,0.0
,outer4,4,72,b979,,,,,,60.0,90.0,41.40962219238281,82.81924438476562,41.40962219238281,30.0,30.0,0.0,0.0,0.0
,outer4,4,72,b979,,,,,,60.0,120.0,115.65889739990234,66.45188903808594,-49.207008361816406,-30.0,-60.0,0.0,0.0,0.0
,outer4,4,72,b979,,,,,,60.0,150.0,154.09490966796875,97.1807632446289,-56.914146423339844,-60.0,-30.0,0.0,0.0,0.0
,outer4,4,72,b979,,,,,,60.0,180.0,30.000001907348633,30.000001907348633,0.0,0.0,0.0,0.0,0.0,0.0
,outer4,4,72,b979,,,,,,60.0,210.0,60.000003814697266,180.0,119.99999618530273,0.0,180.0,0.0,0.0,0.0
,outer4,4,72,b979,,,,,,60.0,240.0,120.00000762939453,180.0,59.99999237060547,60.0,0.0,0.0,0.0,0.0
,outer4,4,72,b979,,,,,,60.0,270.0,120.00000762939453,113.54812622070312,-6.451881408691406,0.0,-30.0,0.0,0.0,0.0
,outer4,4,72,b979,,,,,,60.0,300.0,86.67425537109375,25.905075073242188,-60.76918029785156,-30.0,-120.0,0.0,0.0,0.0
,outer4,4,72,b979,,,,,,60.0,330.0,82.81924438476562,82.81924438476562,0.0,0.0,0.0,0.0,0.0,0.0
,outer4,4,72,b979,,,,,,90.0,0.0,150.0,150.0,0.0,0.0,0.0,0.0,0.0,0.0
,outer4,4,72,b979,,,,,,90.0,30.0,180.0,120.00000762939453,-59.99999237060547,0.0,-60.0,0.0,0.0,0.0
,outer4,4,72,b979,,,,,,90.0,60.0,90.0,60.000003814697266,-29.999996185302734,0.0,-30.0,0.0,0.0,0.0
,outer4,4,72,b979,,,,,,90.0,90.0,0.0,30.000001907348633,30.000001907348633,0.0,30.0,1.0,0.0,-1.0
,outer4,4,72,b979,,,,,,90.0,120.0,90.0,60.000003814697266,-29.999996185302734,0.0,-30.0,0.0,0.0,0.0
,outer4,4,72,b979,,,,,,90.0,150.0,60.000003814697266,60.000003814697266,0.0,0.0,0.0,0.0,0.0,0.0
,outer4,4,72,b979,,,,,,90.0,180.0,30.000001907348633,30.000001907348633,0.0,0.0,0.0,0.0,0.0,0.0
,outer4,4,72,b979,,,,,,90.0,210.0,0.0,60.000003814697266,60.000003814697266,0.0,60.0,1.0,0.0,-1.0
,outer4,4,72,b979,,,,,,90.0,240.0,90.0,120.00000762939453,30.00000762939453,0.0,30.0,0.0,0.0,0.0
,outer4,4,72,b979,,,,,,90.0,270.0,150.0,180.0,30.0,0.0,30.0,0.0,0.0,0.0
,outer4,4,72,b979,,,,,,90.0,300.0,90.0,180.0,90.0,0.0,90.0,0.0,0.0,0.0
,outer4,4,72,b979,,,,,,90.0,330.0,120.00000762939453,120.00000762939453,0.0,0.0,0.0,0.0,0.0,0.0
,outer4,4,72,b979,,,,,,120.0,0.0,36.0977783203125,0.0,-36.0977783203125,-30.0,-30.0,0.0,1.0,1.0
,outer4,4,72,b979,,,,,,120.0,30.0,66.45188903808594,0.0,-66.45188903808594,-60.0,-30.0,0.0,1.0,1.0
,outer4,4,72,b979,,,,,,120.0,60.0,64.34109497070312,104.47750854492188,40.13641357421875,30.0,0.0,0.0,0.0,0.0
,outer4,4,72,b979,,,,,,120.0,90.0,29.99998664855957,66.45188903808594,36.45190238952637,30.0,30.0,0.0,0.0,0.0
,outer4,4,72,b979,,,,,,120.0,120.0,115.6589126586914,82.81924438476562,-32.83966827392578,30.0,-60.0,0.0,0.0,0.0
,outer4,4,72,b979,,,,,,120.0,150.0,75.52249145507812,97.18075561523438,21.65826416015625,0.0,30.0,0.0,0.0,0.0
,outer4,4,72,b979,,,,,,120.0,180.0,36.09777069091797,120.00000762939453,83.90223693847656,-30.0,150.0,0.0,0.0,0.0
,outer4,4,72,b979,,,,,,120.0,210.0,113.54811096191406,97.18075561523438,-16.367355346679688,0.0,-30.0,0.0,0.0,0.0
,outer4,4,72,b979,,,,,,120.0,240.0,41.40962219238281,75.52249145507812,34.11286926269531,-30.0,60.0,0.0,0.0,0.0
,outer4,4,72,b979,,,,,,120.0,270.0,120.00000762939453,120.00000762939453,0.0,0.0,0.0,0.0,0.0,0.0
,outer4,4,72,b979,,,,,,120.0,300.0,77.49607849121094,77.49607849121094,0.0,0.0,0.0,0.0,0.0,0.0
,outer4,4,72,b979,,,,,,120.0,330.0,82.81924438476562,82.81924438476562,0.0,0.0,0.0,0.0,0.0,0.0
,outer4,4,72,b979,,,,,,150.0,0.0,60.000003814697266,29.99998664855957,-30.000017166137695,30.0,-180.0,0.0,0.0,0.0
,outer4,4,72,b979,,,,,,150.0,30.0,60.000003814697266,14.870942115783691,-45.129061698913574,0.0,-150.0,0.0,0.0,0.0
,outer4,4,72,b979,,,,,,150.0,60.0,120.00000762939453,36.09777069091797,-83.90223693847656,-90.0,30.0,0.0,0.0,0.0
,outer4,4,72,b979,,,,,,150.0,90.0,60.000003814697266,93.32574462890625,33.325740814208984,90.0,-150.0,0.0,0.0,0.0
,outer4,4,72,b979,,,,,,150.0,120.0,14.870942115783691,0.0,-14.870942115783691,0.0,-30.0,0.0,1.0,1.0
,outer4,4,72,b979,,,,,,150.0,150.0,0.0,0.0,0.0,0.0,0.0,1.0,1.0,0.0
,outer4,4,72,b979,,,,,,150.0,180.0,0.0,0.0,0.0,0.0,0.0,1.0,1.0,0.0
,outer4,4,72,b979,,,,,,150.0,210.0,0.0,57.7581901550293,57.7581901550293,0.0,150.0,1.0,0.0,-1.0
,outer4,4,72,b979,,,,,,150.0,240.0,0.0,41.40962219238281,41.40962219238281,0.0,90.0,1.0,0.0,-1.0
,outer4,4,72,b979,,,,,,150.0,270.0,60.000003814697266,90.0,29.999996185302734,30.0,0.0,0.0,0.0,0.0
,outer4,4,72,b979,,,,,,150.0,300.0,57.7581901550293,60.000003814697266,2.2418136596679688,0.0,30.0,0.0,0.0,0.0
,outer4,4,72,b979,,,,,,150.0,330.0,165.12905883789062,57.7581901550293,-107.37086868286133,-120.0,0.0,0.0,0.0,0.0
,outer4,4,72,baa9,,,,,,30.0,0.0,0.0,0.0,0.0,0.0,0.0,1.0,1.0,0.0
,outer4,4,72,baa9,,,,,,30.0,30.0,0.0,0.0,0.0,0.0,0.0,1.0,1.0,0.0
,outer4,4,72,baa9,,,,,,30.0,60.0,0.0,0.0,0.0,0.0,0.0,1.0,1.0,0.0
,outer4,4,72,baa9,,,,,,30.0,90.0,0.0,0.0,0.0,0.0,0.0,1.0,1.0,0.0
,outer4,4,72,baa9,,,,,,30.0,120.0,0.0,0.0,0.0,0.0,0.0,1.0,1.0,0.0
,outer4,4,72,baa9,,,,,,30.0,150.0,0.0,0.0,0.0,0.0,0.0,1.0,1.0,0.0
,outer4,4,72,baa9,,,,,,30.0,180.0,0.0,0.0,0.0,0.0,0.0,1.0,1.0,0.0
,outer4,4,72,baa9,,,,,,30.0,210.0,0.0,0.0,0.0,0.0,0.0,1.0,1.0,0.0
,outer4,4,72,baa9,,,,,,30.0,240.0,0.0,0.0,0.0,0.0,0.0,1.0,1.0,0.0
,outer4,4,72,baa9,,,,,,30.0,270.0,0.0,0.0,0.0,0.0,0.0,1.0,1.0,0.0
,outer4,4,72,baa9,,,,,,30.0,300.0,0.0,0.0,0.0,0.0,0.0,1.0,1.0,0.0
,outer4,4,72,baa9,,,,,,30.0,330.0,0.0,0.0,0.0,0.0,0.0,1.0,1.0,0.0
,outer4,4,72,baa9,,,,,,60.0,0.0,0.0,0.0,0.0,0.0,0.0,1.0,1.0,0.0
,outer4,4,72,baa9,,,,,,60.0,30.0,0.0,0.0,0.0,0.0,0.0,1.0,1.0,0.0
,outer4,4,72,baa9,,,,,,60.0,60.0,0.0,0.0,0.0,0.0,0.0,1.0,1.0,0.0
,outer4,4,72,baa9,,,,,,60.0,90.0,0.0,0.0,0.0,0.0,0.0,1.0,1.0,0.0
,outer4,4,72,baa9,,,,,,60.0,120.0,0.0,0.0,0.0,0.0,0.0,1.0,1.0,0.0
,outer4,4,72,baa9,,,,,,60.0,150.0,0.0,0.0,0.0,0.0,0.0,1.0,1.0,0.0
,outer4,4,72,baa9,,,,,,60.0,180.0,0.0,0.0,0.0,0.0,0.0,1.0,1.0,0.0
,outer4,4,72,baa9,,,,,,60.0,210.0,0.0,0.0,0.0,0.0,0.0,1.0,1.0,0.0
,outer4,4,72,baa9,,,,,,60.0,240.0,0.0,0.0,0.0,0.0,0.0,1.0,1.0,0.0
,outer4,4,72,baa9,,,,,,60.0,270.0,0.0,0.0,0.0,0.0,0.0,1.0,1.0,0.0
,outer4,4,72,baa9,,,,,,60.0,300.0,0.0,0.0,0.0,0.0,0.0,1.0,1.0,0.0
,outer4,4,72,baa9,,,,,,60.0,330.0,0.0,0.0,0.0,0.0,0.0,1.0,1.0,0.0
,outer4,4,72,baa9,,,,,,90.0,0.0,0.0,0.0,0.0,0.0,0.0,1.0,1.0,0.0
,outer4,4,72,baa9,,,,,,90.0,30.0,0.0,0.0,0.0,0.0,0.0,1.0,1.0,0.0
,outer4,4,72,baa9,,,,,,90.0,60.0,0.0,0.0,0.0,0.0,0.0,1.0,1.0,0.0
,outer4,4,72,baa9,,,,,,90.0,90.0,0.0,0.0,0.0,0.0,0.0,1.0,1.0,0.0
,outer4,4,72,baa9,,,,,,90.0,120.0,0.0,0.0,0.0,0.0,0.0,1.0,1.0,0.0
,outer4,4,72,baa9,,,,,,90.0,150.0,0.0,0.0,0.0,0.0,0.0,1.0,1.0,0.0
,outer4,4,72,baa9,,,,,,90.0,180.0,0.0,180.0,180.0,0.0,180.0,1.0,0.0,-1.0
,outer4,4,72,baa9,,,,,,90.0,210.0,0.0,0.0,0.0,0.0,0.0,1.0,1.0,0.0
,outer4,4,72,baa9,,,,,,90.0,240.0,0.0,0.0,0.0,0.0,0.0,1.0,1.0,0.0
,outer4,4,72,baa9,,,,,,90.0,270.0,0.0,0.0,0.0,0.0,0.0,1.0,1.0,0.0
,outer4,4,72,baa9,,,,,,90.0,300.0,0.0,0.0,0.0,0.0,0.0,1.0,1.0,0.0
,outer4,4,72,baa9,,,,,,90.0,330.0,0.0,0.0,0.0,0.0,0.0,1.0,1.0,0.0
,outer4,4,72,baa9,,,,,,120.0,0.0,0.0,0.0,0.0,0.0,0.0,1.0,1.0,0.0
,outer4,4,72,baa9,,,,,,120.0,30.0,0.0,0.0,0.0,0.0,0.0,1.0,1.0,0.0
,outer4,4,72,baa9,,,,,,120.0,60.0,0.0,0.0,0.0,0.0,0.0,1.0,1.0,0.0
,outer4,4,72,baa9,,,,,,120.0,90.0,0.0,0.0,0.0,0.0,0.0,1.0,1.0,0.0
,outer4,4,72,baa9,,,,,,120.0,120.0,0.0,0.0,0.0,0.0,0.0,1.0,1.0,0.0
,outer4,4,72,baa9,,,,,,120.0,150.0,0.0,0.0,0.0,0.0,0.0,1.0,1.0,0.0
,outer4,4,72,baa9,,,,,,120.0,180.0,0.0,0.0,0.0,0.0,0.0,1.0,1.0,0.0
,outer4,4,72,baa9,,,,,,120.0,210.0,0.0,0.0,0.0,0.0,0.0,1.0,1.0,0.0
,outer4,4,72,baa9,,,,,,120.0,240.0,0.0,0.0,0.0,0.0,0.0,1.0,1.0,0.0
,outer4,4,72,baa9,,,,,,120.0,270.0,0.0,0.0,0.0,0.0,0.0,1.0,1.0,0.0
,outer4,4,72,baa9,,,,,,120.0,300.0,0.0,0.0,0.0,0.0,0.0,1.0,1.0,0.0
,outer4,4,72,baa9,,,,,,120.0,330.0,0.0,0.0,0.0,0.0,0.0,1.0,1.0,0.0
,outer4,4,72,baa9,,,,,,150.0,0.0,0.0,0.0,0.0,0.0,0.0,1.0,1.0,0.0
,outer4,4,72,baa9,,,,,,150.0,30.0,0.0,0.0,0.0,0.0,0.0,1.0,1.0,0.0
,outer4,4,72,baa9,,,,,,150.0,60.0,0.0,0.0,0.0,0.0,0.0,1.0,1.0,0.0
,outer4,4,72,baa9,,,,,,150.0,90.0,0.0,0.0,0.0,0.0,0.0,1.0,1.0,0.0
,outer4,4,72,baa9,,,,,,150.0,120.0,0.0,0.0,0.0,0.0,0.0,1.0,1.0,0.0
,outer4,4,72,baa9,,,,,,150.0,150.0,0.0,0.0,0.0,0.0,0.0,1.0,1.0,0.0
,outer4,4,72,baa9,,,,,,150.0,180.0,0.0,0.0,0.0,0.0,0.0,1.0,1.0,0.0
,outer4,4,72,baa9,,,,,,150.0,210.0,0.0,0.0,0.0,0.0,0.0,1.0,1.0,0.0
,outer4,4,72,baa9,,,,,,150.0,240.0,0.0,0.0,0.0,0.0,0.0,1.0,1.0,0.0
,outer4,4,72,baa9,,,,,,150.0,270.0,0.0,0.0,0.0,0.0,0.0,1.0,1.0,0.0
,outer4,4,72,baa9,,,,,,150.0,300.0,0.0,0.0,0.0,0.0,0.0,1.0,1.0,0.0
,outer4,4,72,baa9,,,,,,150.0,330.0,0.0,0.0,0.0,0.0,0.0,1.0,1.0,0.0
,outer4,4,72,bb26,,,,,,30.0,0.0,90.0,150.0,60.0,60.0,0.0,0.0,0.0,0.0
,outer4,4,72,bb26,,,,,,30.0,30.0,57.7581901550293,30.000001907348633,-27.758188247680664,30.0,-150.0,0.0,0.0,0.0
,outer4,4,72,bb26,,,,,,30.0,60.0,0.0,151.04498291015625,151.04498291015625,120.0,120.0,1.0,0.0,-1.0
,outer4,4,72,bb26,,,,,,30.0,90.0,165.12905883789062,90.0,-75.12905883789062,-30.0,-150.0,0.0,0.0,0.0
,outer4,4,72,bb26,,,,,,30.0,120.0,128.68218994140625,138.59039306640625,9.908203125,0.0,30.0,0.0,0.0,0.0
,outer4,4,72,bb26,,,,,,30.0,150.0,30.000001907348633,143.9022216796875,113.90221977233887,60.0,150.0,0.0,0.0,0.0
,outer4,4,72,bb26,,,,,,30.0,180.0,30.000001907348633,90.0,59.99999809265137,60.0,0.0,0.0,0.0,0.0
,outer4,4,72,bb26,,,,,,30.0,210.0,0.0,102.50392150878906,102.50392150878906,90.0,60.0,1.0,0.0,-1.0
,outer4,4,72,bb26,,,,,,30.0,240.0,60.000003814697266,60.000003814697266,0.0,0.0,0.0,0.0,0.0,0.0
,outer4,4,72,bb26,,,,,,30.0,270.0,0.0,57.7581901550293,57.7581901550293,0.0,150.0,1.0,0.0,-1.0
,outer4,4,72,bb26,,,,,,30.0,300.0,0.0,0.0,0.0,0.0,0.0,1.0,1.0,0.0
,outer4,4,72,bb26,,,,,,30.0,330.0,93.32575988769531,93.32575988769531,0.0,0.0,0.0,0.0,0.0,0.0
,outer4,4,72,bb26,,,,,,60.0,0.0,120.00000762939453,180.0,59.99999237060547,60.0,0.0,0.0,0.0,0.0
,outer4,4,72,bb26,,,,,,60.0,30.0,25.905075073242188,120.00000762939453,94.09493255615234,0.0,150.0,0.0,0.0,0.0
,outer4,4,72,bb26,,,,,,60.0,60.0,0.0,0.0,0.0,0.0,0.0,1.0,1.0,0.0
,outer4,4,72,bb26,,,,,,60.0,90.0,60.000003814697266,41.40962219238281,-18.590381622314453,-30.0,30.0,0.0,0.0,0.0
,outer4,4,72,bb26,,,,,,60.0,120.0,29.999998092651367,90.0,60.00000190734863,0.0,90.0,0.0,0.0,0.0
,outer4,4,72,bb26,,,,,,60.0,150.0,60.000003814697266,51.31781005859375,-8.682193756103516,-60.0,60.0,0.0,0.0,0.0
,outer4,4,72,bb26,,,,,,60.0,180.0,0.0,60.000003814697266,60.000003814697266,60.0,0.0,1.0,0.0,-1.0
,outer4,4,72,bb26,,,,,,60.0,210.0,36.097782135009766,82.81924438476562,46.72146224975586,30.0,30.0,0.0,0.0,0.0
,outer4,4,72,bb26,,,,,,60.0,240.0,113.54812622070312,0.0,-113.54812622070312,0.0,-150.0,0.0,1.0,1.0
,outer4,4,72,bb26,,,,,,60.0,270.0,0.0,25.905075073242188,25.905075073242188,0.0,30.0,1.0,0.0,-1.0
,outer4,4,72,bb26,,,,,,60.0,300.0,128.68218994140625,0.0,-128.68218994140625,-60.0,-120.0,0.0,1.0,1.0
,outer4,4,72,bb26,,,,,,60.0,330.0,120.00000762939453,128.6822052001953,8.682197570800781,60.0,-60.0,0.0,0.0,0.0
,outer4,4,72,bb26,,,,,,90.0,0.0,180.0,0.0,-180.0,0.0,-180.0,0.0,1.0,1.0
,outer4,4,72,bb26,,,,,,90.0,30.0,150.0,30.000001907348633,-119.99999809265137,0.0,-120.0,0.0,0.0,0.0
,outer4,4,72,bb26,,,,,,90.0,60.0,180.0,60.000003814697266,-119.99999618530273,0.0,-120.0,0.0,0.0,0.0
,outer4,4,72,bb26,,,,,,90.0,90.0,30.000001907348633,30.000001907348633,0.0,0.0,0.0,0.0,0.0,0.0
,outer4,4,72,bb26,,,,,,90.0,120.0,0.0,0.0,0.0,0.0,0.0,1.0,1.0,0.0
,outer4,4,72,bb26,,,,,,90.0,150.0,120.00000762939453,150.0,29.99999237060547,0.0,30.0,0.0,0.0,0.0
,outer4,4,72,bb26,,,,,,90.0,180.0,0.0,180.0,180.0,0.0,180.0,1.0,0.0,-1.0
,outer4,4,72,bb26,,,,,,90.0,210.0,30.000001907348633,150.0,119.99999809265137,0.0,120.0,0.0,0.0,0.0
,outer4,4,72,bb26,,,,,,90.0,240.0,0.0,120.00000762939453,120.00000762939453,0.0,120.0,1.0,0.0,-1.0
,outer4,4,72,bb26,,,,,,90.0,270.0,150.0,150.0,0.0,0.0,0.0,0.0,0.0,0.0
,outer4,4,72,bb26,,,,,,90.0,300.0,30.000001907348633,0.0,-30.000001907348633,0.0,-30.0,0.0,1.0,1.0
,outer4,4,72,bb26,,,,,,90.0,330.0,120.00000762939453,30.00000762939453,-90.0,0.0,-90.0,0.0,0.0,0.0
,outer4,4,72,bb26,,,,,,120.0,0.0,120.00000762939453,0.0,-120.00000762939453,0.0,-180.0,0.0,1.0,1.0
,outer4,4,72,bb26,,,,,,120.0,30.0,82.81924438476562,97.18075561523438,14.36151123046875,-60.0,60.0,0.0,0.0,0.0
,outer4,4,72,bb26,,,,,,120.0,60.0,0.0,75.52249145507812,75.52249145507812,0.0,90.0,1.0,0.0,-1.0
,outer4,4,72,bb26,,,,,,120.0,90.0,180.0,41.40962219238281,-138.5903778076172,-30.0,-150.0,0.0,0.0,0.0
,outer4,4,72,bb26,,,,,,120.0,120.0,0.0,90.0,90.0,30.0,90.0,1.0,0.0,-1.0
,outer4,4,72,bb26,,,,,,120.0,150.0,29.99998664855957,60.000003814697266,30.000017166137695,30.0,0.0,0.0,0.0,0.0
,outer4,4,72,bb26,,,,,,120.0,180.0,120.00000762939453,120.00000762939453,0.0,0.0,0.0,0.0,0.0,0.0
,outer4,4,72,bb26,,,,,,120.0,210.0,0.0,51.31781005859375,51.31781005859375,0.0,60.0,1.0,0.0,-1.0
,outer4,4,72,bb26,,,,,,120.0,240.0,150.0,0.0,-150.0,-30.0,-180.0,0.0,1.0,1.0
,outer4,4,72,bb26,,,,,,120.0,270.0,120.00000762939453,25.905075073242188,-94.09493255615234,0.0,-150.0,0.0,0.0,0.0
,outer4,4,72,bb26,,,,,,120.0,300.0,128.68218994140625,128.68218994140625,0.0,0.0,0.0,0.0,0.0,0.0
,outer4,4,72,bb26,,,,,,120.0,330.0,115.6589126586914,128.6822052001953,13.023292541503906,-30.0,30.0,0.0,0.0,0.0
,outer4,4,72,bb26,,,,,,150.0,0.0,29.99998664855957,29.99998664855957,0.0,0.0,0.0,0.0,0.0,0.0
,outer4,4,72,bb26,,,,,,150.0,30.0,130.50535583496094,14.870942115783691,-115.63441371917725,-90.0,-90.0,0.0,0.0,0.0
,outer4,4,72,bb26,,,,,,150.0,60.0,151.04498291015625,151.04498291015625,0.0,0.0,0.0,0.0,0.0,0.0
,outer4,4,72,bb26,,,,,,150.0,90.0,180.0,120.00000762939453,-59.99999237060547,0.0,-180.0,0.0,0.0,0.0
,outer4,4,72,bb26,,,,,,150.0,120.0,128.68218994140625,102.50391387939453,-26.17827606201172,-30.0,0.0,0.0,0.0,0.0
,outer4,4,72,bb26,,,,,,150.0,150.0,0.0,49.49464416503906,49.49464416503906,30.0,60.0,1.0,0.0,-1.0
,outer4,4,72,bb26,,,,,,150.0,180.0,29.99998664855957,29.99998664855957,0.0,0.0,0.0,0.0,0.0,0.0
,outer4,4,72,bb26,,,,,,150.0,210.0,151.04498291015625,86.67425537109375,-64.3707275390625,-90.0,30.0,0.0,0.0,0.0
,outer4,4,72,bb26,,,,,,150.0,240.0,60.000003814697266,60.000003814697266,0.0,0.0,0.0,0.0,0.0,0.0
,outer4,4,72,bb26,,,,,,150.0,270.0,0.0,90.0,90.0,30.0,180.0,1.0,0.0,-1.0
,outer4,4,72,bb26,,,,,,150.0,300.0,151.04498291015625,0.0,-151.04498291015625,-120.0,-120.0,0.0,1.0,1.0
,outer4,4,72,bb26,,,,,,150.0,330.0,151.04498291015625,64.34109497070312,-86.70388793945312,-90.0,-30.0,0.0,0.0,0.0
,outer4,4,73,b7fd,,,,,,30.0,0.0,60.000003814697266,90.0,29.999996185302734,30.0,0.0,0.0,0.0,0.0
,outer4,4,73,b7fd,,,,,,30.0,30.0,0.0,60.000003814697266,60.000003814697266,0.0,180.0,1.0,0.0,-1.0
,outer4,4,73,b7fd,,,,,,30.0,60.0,128.68218994140625,138.59039306640625,9.908203125,0.0,30.0,0.0,0.0,0.0
,outer4,4,73,b7fd,,,,,,30.0,90.0,120.00000762939453,165.12905883789062,45.129051208496094,0.0,150.0,0.0,0.0,0.0
,outer4,4,73,b7fd,,,,,,30.0,120.0,36.097782135009766,28.95502281188965,-7.142759323120117,-30.0,30.0,0.0,0.0,0.0
,outer4,4,73,b7fd,,,,,,30.0,150.0,90.0,143.9022216796875,53.9022216796875,0.0,150.0,0.0,0.0,0.0
,outer4,4,73,b7fd,,,,,,30.0,180.0,0.0,30.000001907348633,30.000001907348633,30.0,0.0,1.0,0.0,-1.0
,outer4,4,73,b7fd,,,,,,30.0,210.0,36.097782135009766,0.0,-36.097782135009766,-30.0,-30.0,0.0,1.0,1.0
,outer4,4,73,b7fd,,,,,,30.0,240.0,151.04498291015625,122.24180603027344,-28.803176879882812,0.0,-90.0,0.0,0.0,0.0
,outer4,4,73,b7fd,,,,,,30.0,270.0,0.0,57.7581901550293,57.7581901550293,0.0,150.0,1.0,0.0,-1.0
,outer4,4,73,b7fd,,,,,,30.0,300.0,36.097782135009766,0.0,-36.097782135009766,-30.0,-30.0,0.0,1.0,1.0
,outer4,4,73,b7fd,,,,,,30.0,330.0,90.0,93.32575988769531,3.3257598876953125,0.0,30.0,0.0,0.0,0.0
,outer4,4,73,b7fd,,,,,,60.0,0.0,0.0,113.54812622070312,113.54812622070312,0.0,150.0,1.0,0.0,-1.0
,outer4,4,73,b7fd,,,,,,60.0,30.0,0.0,0.0,0.0,0.0,0.0,1.0,1.0,0.0
,outer4,4,73,b7fd,,,,,,60.0,60.0,128.68218994140625,128.68218994140625,0.0,0.0,0.0,0.0,0.0,0.0
,outer4,4,73,b7fd,,,,,,60.0,90.0,120.00000762939453,0.0,-120.00000762939453,0.0,-180.0,0.0,1.0,1.0
,outer4,4,73,b7fd,,,,,,60.0,120.0,113.5481185913086,0.0,-113.5481185913086,0.0,-150.0,0.0,1.0,1.0
,outer4,4,73,b7fd,,,,,,60.0,150.0,0.0,180.0,180.0,60.0,180.0,1.0,0.0,-1.0
,outer4,4,73,b7fd,,,,,,60.0,180.0,0.0,93.32574462890625,93.32574462890625,90.0,30.0,1.0,0.0,-1.0
,outer4,4,73,b7fd,,,,,,60.0,210.0,51.31781005859375,60.000003814697266,8.682193756103516,60.0,-60.0,0.0,0.0,0.0
,outer4,4,73,b7fd,,,,,,60.0,240.0,0.0,0.0,0.0,0.0,0.0,1.0,1.0,0.0
,outer4,4,73,b7fd,,,,,,60.0,270.0,150.0,120.00000762939453,-29.99999237060547,-30.0,0.0,0.0,0.0,0.0
,outer4,4,73,b7fd,,,,,,60.0,300.0,0.0,0.0,0.0,0.0,0.0,1.0,1.0,0.0
,outer4,4,73,b7fd,,,,,,60.0,330.0,0.0,0.0,0.0,0.0,0.0,1.0,1.0,0.0
,outer4,4,73,b7fd,,,,,,90.0,0.0,180.0,180.0,0.0,0.0,0.0,0.0,0.0,0.0
,outer4,4,73,b7fd,,,,,,90.0,30.0,120.00000762939453,120.00000762939453,0.0,0.0,0.0,0.0,0.0,0.0
,outer4,4,73,b7fd,,,,,,90.0,60.0,60.000003814697266,0.0,-60.000003814697266,0.0,-60.0,0.0,1.0,1.0
,outer4,4,73,b7fd,,,,,,90.0,90.0,180.0,180.0,0.0,0.0,0.0,0.0,0.0,0.0
,outer4,4,73,b7fd,,,,,,90.0,120.0,0.0,120.00000762939453,120.00000762939453,0.0,120.0,1.0,0.0,-1.0
,outer4,4,73,b7fd,,,,,,90.0,150.0,180.0,0.0,-180.0,0.0,-180.0,0.0,1.0,1.0
,outer4,4,73,b7fd,,,,,,90.0,180.0,0.0,0.0,0.0,0.0,0.0,1.0,1.0,0.0
,outer4,4,73,b7fd,,,,,,90.0,210.0,60.000003814697266,60.000003814697266,0.0,0.0,0.0,0.0,0.0,0.0
,outer4,4,73,b7fd,,,,,,90.0,240.0,60.000003814697266,0.0,-60.000003814697266,0.0,-60.0,0.0,1.0,1.0
,outer4,4,73,b7fd,,,,,,90.0,270.0,0.0,0.0,0.0,0.0,0.0,1.0,1.0,0.0
,outer4,4,73,b7fd,,,,,,90.0,300.0,0.0,60.000003814697266,60.000003814697266,0.0,60.0,1.0,0.0,-1.0
,outer4,4,73,b7fd,,,,,,90.0,330.0,180.0,180.0,0.0,0.0,0.0,0.0,0.0,0.0
,outer4,4,73,b7fd,,,,,,120.0,0.0,0.0,29.99998664855957,29.99998664855957,30.0,0.0,1.0,0.0,-1.0
,outer4,4,73,b7fd,,,,,,120.0,30.0,51.31781005859375,0.0,-51.31781005859375,0.0,-60.0,0.0,1.0,1.0
,outer4,4,73,b7fd,,,,,,120.0,60.0,128.68218994140625,128.68218994140625,0.0,0.0,0.0,0.0,0.0,0.0
,outer4,4,73,b7fd,,,,,,120.0,90.0,180.0,120.00000762939453,-59.99999237060547,-60.0,0.0,0.0,0.0,0.0
,outer4,4,73,b7fd,,,,,,120.0,120.0,0.0,97.18075561523438,97.18075561523438,0.0,120.0,1.0,0.0,-1.0
,outer4,4,73,b7fd,,,,,,120.0,150.0,180.0,0.0,-180.0,-60.0,-180.0,0.0,1.0,1.0
,outer4,4,73,b7fd,,,,,,120.0,180.0,60.000003814697266,0.0,-60.000003814697266,-60.0,0.0,0.0,1.0,1.0
,outer4,4,73,b7fd,,,,,,120.0,210.0,97.18075561523438,82.81924438476562,-14.36151123046875,60.0,-60.0,0.0,0.0,0.0
,outer4,4,73,b7fd,,,,,,120.0,240.0,154.09490966796875,25.905075073242188,-128.18983459472656,-60.0,-120.0,0.0,0.0,0.0
,outer4,4,73,b7fd,,,,,,120.0,270.0,0.0,0.0,0.0,0.0,0.0,1.0,1.0,0.0
,outer4,4,73,b7fd,,,,,,120.0,300.0,29.99998664855957,29.99998664855957,0.0,0.0,0.0,0.0,0.0,0.0
,outer4,4,73,b7fd,,,,,,120.0,330.0,0.0,0.0,0.0,0.0,0.0,1.0,1.0,0.0
,outer4,4,73,b7fd,,,,,,150.0,0.0,29.99998664855957,29.99998664855957,0.0,0.0,0.0,0.0,0.0,0.0
,outer4,4,73,b7fd,,,,,,150.0,30.0,36.09777069091797,36.09777069091797,0.0,0.0,0.0,0.0,0.0,0.0
,outer4,4,73,b7fd,,,,,,150.0,60.0,122.24180603027344,151.04498291015625,28.803176879882812,0.0,90.0,0.0,0.0,0.0
,outer4,4,73,b7fd,,,,,,150.0,90.0,90.0,150.0,60.0,0.0,180.0,0.0,0.0,0.0
,outer4,4,73,b7fd,,,,,,150.0,120.0,0.0,0.0,0.0,0.0,0.0,1.0,1.0,0.0
,outer4,4,73,b7fd,,,,,,150.0,150.0,93.32574462890625,102.50391387939453,9.178169250488281,0.0,30.0,0.0,0.0,0.0
,outer4,4,73,b7fd,,,,,,150.0,180.0,29.99998664855957,29.99998664855957,0.0,0.0,0.0,0.0,0.0,0.0
,outer4,4,73,b7fd,,,,,,150.0,210.0,29.99998664855957,86.67425537109375,56.67426872253418,0.0,150.0,0.0,0.0,0.0
,outer4,4,73,b7fd,,,,,,150.0,240.0,165.12905883789062,138.59039306640625,-26.538665771484375,0.0,-60.0,0.0,0.0,0.0
,outer4,4,73,b7fd,,,,,,150.0,270.0,0.0,60.000003814697266,60.000003814697266,0.0,180.0,1.0,0.0,-1.0
,outer4,4,73,b7fd,,,,,,150.0,300.0,60.000003814697266,14.870942115783691,-45.129061698913574,0.0,-150.0,0.0,0.0,0.0
,outer4,4,73,b7fd,,,,,,150.0,330.0,165.12905883789062,115.65889739990234,-49.47016143798828,-30.0,-60.0,0.0,0.0,0.0
,outer4,4,73,b8ed,,,,,,30.0,0.0,0.0,30.000001907348633,30.000001907348633,30.0,0.0,1.0,0.0,-1.0
,outer4,4,73,b8ed,,,,,,30.0,30.0,60.000003814697266,128.68218994140625,68.68218612670898,120.0,-120.0,0.0,0.0,0.0
,outer4,4,73,b8ed,,,,,,30.0,60.0,165.12905883789062,0.0,-165.12905883789062,-120.0,-150.0,0.0,1.0,1.0
,outer4,4,73,b8ed,,,,,,30.0,90.0,0.0,120.00000762939453,120.00000762939453,120.0,0.0,1.0,0.0,-1.0
,outer4,4,73,b8ed,,,,,,30.0,120.0,120.00000762939453,0.0,-120.00000762939453,-120.0,0.0,0.0,1.0,1.0
,outer4,4,73,b8ed,,,,,,30.0,150.0,0.0,120.00000762939453,120.00000762939453,120.0,0.0,1.0,0.0,-1.0
,outer4,4,73,b8ed,,,,,,30.0,180.0,0.0,0.0,0.0,0.0,0.0,1.0,1.0,0.0
,outer4,4,73,b8ed,,,,,,30.0,210.0,0.0,57.7581901550293,57.7581901550293,0.0,150.0,1.0,0.0,-1.0
,outer4,4,73,b8ed,,,,,,30.0,240.0,51.31781005859375,151.04498291015625,99.7271728515625,120.0,0.0,0.0,0.0,0.0
,outer4,4,73,b8ed,,,,,,30.0,270.0,180.0,14.870942115783691,-165.1290578842163,-120.0,-150.0,0.0,0.0,0.0
,outer4,4,73,b8ed,,,,,,30.0,300.0,0.0,0.0,0.0,0.0,0.0,1.0,1.0,0.0
,outer4,4,73,b8ed,,,,,,30.0,330.0,0.0,128.68218994140625,128.68218994140625,120.0,60.0,1.0,0.0,-1.0
,outer4,4,73,b8ed,,,,,,60.0,0.0,30.000001907348633,0.0,-30.000001907348633,-30.0,0.0,0.0,1.0,1.0
,outer4,4,73,b8ed,,,,,,60.0,30.0,0.0,0.0,0.0,0.0,0.0,1.0,1.0,0.0
,outer4,4,73,b8ed,,,,,,60.0,60.0,128.68218994140625,0.0,-128.68218994140625,-60.0,-120.0,0.0,1.0,1.0
,outer4,4,73,b8ed,,,,,,60.0,90.0,0.0,60.000003814697266,60.000003814697266,60.0,0.0,1.0,0.0,-1.0
,outer4,4,73,b8ed,,,,,,60.0,120.0,0.0,128.6822052001953,128.6822052001953,60.0,120.0,1.0,0.0,-1.0
,outer4,4,73,b8ed,,,,,,60.0,150.0,60.000003814697266,180.0,119.99999618530273,0.0,180.0,0.0,0.0,0.0
,outer4,4,73,b8ed,,,,,,60.0,180.0,30.000001907348633,0.0,-30.000001907348633,-30.0,0.0,0.0,1.0,1.0
,outer4,4,73,b8ed,,,,,,60.0,210.0,0.0,120.00000762939453,120.00000762939453,0.0,180.0,1.0,0.0,-1.0
,outer4,4,73,b8ed,,,,,,60.0,240.0,120.00000762939453,0.0,-120.00000762939453,0.0,-180.0,0.0,1.0,1.0
,outer4,4,73,b8ed,,,,,,60.0,270.0,120.00000762939453,113.54812622070312,-6.451881408691406,0.0,-30.0,0.0,0.0,0.0
,outer4,4,73,b8ed,,,,,,60.0,300.0,0.0,0.0,0.0,0.0,0.0,1.0,1.0,0.0
,outer4,4,73,b8ed,,,,,,60.0,330.0,25.90509033203125,0.0,-25.90509033203125,0.0,-30.0,0.0,1.0,1.0
,outer4,4,73,b8ed,,,,,,90.0,0.0,0.0,150.0,150.0,0.0,150.0,1.0,0.0,-1.0
,outer4,4,73,b8ed,,,,,,90.0,30.0,0.0,0.0,0.0,0.0,0.0,1.0,1.0,0.0
,outer4,4,73,b8ed,,,,,,90.0,60.0,60.000003814697266,60.000003814697266,0.0,0.0,0.0,0.0,0.0,0.0
,outer4,4,73,b8ed,,,,,,90.0,90.0,180.0,180.0,0.0,0.0,0.0,0.0,0.0,0.0
,outer4,4,73,b8ed,,,,,,90.0,120.0,0.0,0.0,0.0,0.0,0.0,1.0,1.0,0.0
,outer4,4,73,b8ed,,,,,,90.0,150.0,0.0,120.00000762939453,120.00000762939453,0.0,120.0,1.0,0.0,-1.0
,outer4,4,73,b8ed,,,,,,90.0,180.0,0.0,150.0,150.0,0.0,150.0,1.0,0.0,-1.0
,outer4,4,73,b8ed,,,,,,90.0,210.0,180.0,0.0,-180.0,0.0,-180.0,0.0,1.0,1.0
,outer4,4,73,b8ed,,,,,,90.0,240.0,120.00000762939453,120.00000762939453,0.0,0.0,0.0,0.0,0.0,0.0
,outer4,4,73,b8ed,,,,,,90.0,270.0,0.0,180.0,180.0,0.0,180.0,1.0,0.0,-1.0
,outer4,4,73,b8ed,,,,,,90.0,300.0,0.0,0.0,0.0,0.0,0.0,1.0,1.0,0.0
,outer4,4,73,b8ed,,,,,,90.0,330.0,180.0,120.00000762939453,-59.99999237060547,0.0,-60.0,0.0,0.0,0.0
,outer4,4,73,b8ed,,,,,,120.0,0.0,29.99998664855957,0.0,-29.99998664855957,-30.0,0.0,0.0,1.0,1.0
,outer4,4,73,b8ed,,,,,,120.0,30.0,0.0,0.0,0.0,0.0,0.0,1.0,1.0,0.0
,outer4,4,73,b8ed,,,,,,120.0,60.0,128.68218994140625,60.000003814697266,-68.68218612670898,0.0,-120.0,0.0,0.0,0.0
,outer4,4,73,b8ed,,,,,,120.0,90.0,0.0,180.0,180.0,60.0,180.0,1.0,0.0,-1.0
,outer4,4,73,b8ed,,,,,,120.0,120.0,128.6822052001953,97.18075561523438,-31.501449584960938,-60.0,0.0,0.0,0.0,0.0
,outer4,4,73,b8ed,,,,,,120.0,150.0,180.0,60.000003814697266,-119.99999618530273,0.0,-180.0,0.0,0.0,0.0
,outer4,4,73,b8ed,,,,,,120.0,180.0,29.99998664855957,0.0,-29.99998664855957,-30.0,0.0,0.0,1.0,1.0
,outer4,4,73,b8ed,,,,,,120.0,210.0,120.00000762939453,120.00000762939453,0.0,0.0,0.0,0.0,0.0,0.0
,outer4,4,73,b8ed,,,,,,120.0,240.0,0.0,0.0,0.0,0.0,0.0,1.0,1.0,0.0
,outer4,4,73,b8ed,,,,,,120.0,270.0,0.0,0.0,0.0,0.0,0.0,1.0,1.0,0.0
,outer4,4,73,b8ed,,,,,,120.0,300.0,0.0,0.0,0.0,0.0,0.0,1.0,1.0,0.0
,outer4,4,73,b8ed,,,,,,120.0,330.0,49.49464416503906,0.0,-49.49464416503906,-30.0,-60.0,0.0,1.0,1.0
,outer4,4,73,b8ed,,,,,,150.0,0.0,0.0,29.99998664855957,29.99998664855957,30.0,0.0,1.0,0.0,-1.0
,outer4,4,73,b8ed,,,,,,150.0,30.0,60.000003814697266,14.870942115783691,-45.129061698913574,0.0,-150.0,0.0,0.0,0.0
,outer4,4,73,b8ed,,,,,,150.0,60.0,0.0,0.0,0.0,0.0,0.0,1.0,1.0,0.0
,outer4,4,73,b8ed,,,,,,150.0,90.0,0.0,0.0,0.0,0.0,0.0,1.0,1.0,0.0
,outer4,4,73,b8ed,,,,,,150.0,120.0,0.0,0.0,0.0,0.0,0.0,1.0,1.0,0.0
,outer4,4,73,b8ed,,,,,,150.0,150.0,0.0,120.00000762939453,120.00000762939453,120.0,0.0,1.0,0.0,-1.0
,outer4,4,73,b8ed,,,,,,150.0,180.0,0.0,29.99998664855957,29.99998664855957,30.0,0.0,1.0,0.0,-1.0
,outer4,4,73,b8ed,,,,,,150.0,210.0,0.0,0.0,0.0,0.0,0.0,1.0,1.0,0.0
,outer4,4,73,b8ed,,,,,,150.0,240.0,0.0,57.7581901550293,57.7581901550293,0.0,150.0,1.0,0.0,-1.0
,outer4,4,73,b8ed,,,,,,150.0,270.0,0.0,0.0,0.0,0.0,0.0,1.0,1.0,0.0
,outer4,4,73,b8ed,,,,,,150.0,300.0,0.0,0.0,0.0,0.0,0.0,1.0,1.0,0.0
,outer4,4,73,b8ed,,,,,,150.0,330.0,0.0,151.04498291015625,151.04498291015625,120.0,120.0,1.0,0.0,-1.0
,outer4,4,73,b979,,,,,,30.0,0.0,60.000003814697266,60.000003814697266,0.0,0.0,0.0,0.0,0.0,0.0
,outer4,4,73,b979,,,,,,30.0,30.0,0.0,0.0,0.0,0.0,0.0,1.0,1.0,0.0
,outer4,4,73,b979,,,,,,30.0,60.0,122.24180603027344,122.24180603027344,0.0,0.0,0.0,0.0,0.0,0.0
,outer4,4,73,b979,,,,,,30.0,90.0,60.000003814697266,90.0,29.999996185302734,90.0,-180.0,0.0,0.0,0.0
,outer4,4,73,b979,,,,,,30.0,120.0,28.95502281188965,115.6589126586914,86.70388984680176,90.0,30.0,0.0,0.0,0.0
,outer4,4,73,b979,,,,,,30.0,150.0,0.0,122.24180603027344,122.24180603027344,120.0,30.0,1.0,0.0,-1.0
,outer4,4,73,b979,,,,,,30.0,180.0,0.0,0.0,0.0,0.0,0.0,1.0,1.0,0.0
,outer4,4,73,b979,,,,,,30.0,210.0,0.0,60.000003814697266,60.000003814697266,0.0,180.0,1.0,0.0,-1.0
,outer4,4,73,b979,,,,,,30.0,240.0,151.04498291015625,90.0,-61.04498291015625,-90.0,60.0,0.0,0.0,0.0
,outer4,4,73,b979,,,,,,30.0,270.0,60.000003814697266,165.12905883789062,105.12905502319336,120.0,-30.0,0.0,0.0,0.0
,outer4,4,73,b979,,,,,,30.0,300.0,41.40962219238281,115.6589126586914,74.2492904663086,90.0,0.0,0.0,0.0,0.0
,outer4,4,73,b979,,,,,,30.0,330.0,60.000003814697266,128.68218994140625,68.68218612670898,120.0,-120.0,0.0,0.0,0.0
,outer4,4,73,b979,,,,,,60.0,0.0,130.50535583496094,25.905075073242188,-104.60028076171875,-90.0,-90.0,0.0,0.0,0.0
,outer4,4,73,b979,,,,,,60.0,30.0,0.0,0.0,0.0,0.0,0.0,1.0,1.0,0.0
,outer4,4,73,b979,,,,,,60.0,60.0,102.50391387939453,0.0,-102.50391387939453,-90.0,-60.0,0.0,1.0,1.0
,outer4,4,73,b979,,,,,,60.0,90.0,60.000003814697266,60.000003814697266,0.0,0.0,0.0,0.0,0.0,0.0
,outer4,4,73,b979,,,,,,60.0,120.0,113.54812622070312,104.47750854492188,-9.07061767578125,60.0,-60.0,0.0,0.0,0.0
,outer4,4,73,b979,,,,,,60.0,150.0,180.0,154.09490966796875,-25.90509033203125,0.0,-30.0,0.0,0.0,0.0
,outer4,4,73,b979,,,,,,60.0,180.0,86.67425537109375,36.097782135009766,-50.576473236083984,0.0,-120.0,0.0,0.0,0.0
,outer4,4,73,b979,,,,,,60.0,210.0,97.1807632446289,51.31781005859375,-45.862953186035156,0.0,-60.0,0.0,0.0,0.0
,outer4,4,73,b979,,,,,,60.0,240.0,150.0,120.00000762939453,-29.99999237060547,-30.0,0.0,0.0,0.0,0.0
,outer4,4,73,b979,,,,,,60.0,270.0,120.00000762939453,113.54812622070312,-6.451881408691406,0.0,-30.0,0.0,0.0,0.0
,outer4,4,73,b979,,,,,,60.0,300.0,25.905075073242188,93.32574462890625,67.42066955566406,90.0,0.0,0.0,0.0,0.0
,outer4,4,73,b979,,,,,,60.0,330.0,82.81924438476562,82.81924438476562,0.0,0.0,0.0,0.0,0.0,0.0
,outer4,4,73,b979,,,,,,90.0,0.0,0.0,150.0,150.0,0.0,150.0,1.0,0.0,-1.0
,outer4,4,73,b979,,,,,,90.0,30.0,0.0,90.0,90.0,0.0,90.0,1.0,0.0,-1.0
,outer4,4,73,b979,,,,,,90.0,60.0,150.0,60.000003814697266,-89.99999618530273,0.0,-90.0,0.0,0.0,0.0
,outer4,4,73,b979,,,,,,90.0,90.0,0.0,0.0,0.0,0.0,0.0,1.0,1.0,0.0
,outer4,4,73,b979,,,,,,90.0,120.0,90.0,0.0,-90.0,0.0,-90.0,0.0,1.0,1.0
,outer4,4,73,b979,,,,,,90.0,150.0,150.0,120.00000762939453,-29.99999237060547,0.0,-30.0,0.0,0.0,0.0
,outer4,4,73,b979,,,,,,90.0,180.0,180.0,30.000001907348633,-149.99999809265137,0.0,-150.0,0.0,0.0,0.0
,outer4,4,73,b979,,,,,,90.0,210.0,180.0,90.0,-90.0,0.0,-90.0,0.0,0.0,0.0
,outer4,4,73,b979,,,,,,90.0,240.0,120.00000762939453,120.00000762939453,0.0,0.0,0.0,0.0,0.0,0.0
,outer4,4,73,b979,,,,,,90.0,270.0,150.0,180.0,30.0,0.0,30.0,0.0,0.0,0.0
,outer4,4,73,b979,,,,,,90.0,300.0,90.0,60.000003814697266,-29.999996185302734,0.0,-30.0,0.0,0.0,0.0
,outer4,4,73,b979,,,,,,90.0,330.0,30.00000762939453,120.00000762939453,90.0,0.0,90.0,0.0,0.0,0.0
,outer4,4,73,b979,,,,,,120.0,0.0,36.0977783203125,0.0,-36.0977783203125,-30.0,-30.0,0.0,1.0,1.0
,outer4,4,73,b979,,,,,,120.0,30.0,75.52249145507812,25.905075073242188,-49.61741638183594,0.0,-60.0,0.0,0.0,0.0
,outer4,4,73,b979,,,,,,120.0,60.0,49.49464416503906,104.47750854492188,54.98286437988281,30.0,30.0,0.0,0.0,0.0
,outer4,4,73,b979,,,,,,120.0,90.0,25.905075073242188,66.45188903808594,40.54681396484375,60.0,0.0,0.0,0.0,0.0
,outer4,4,73,b979,,,,,,120.0,120.0,115.6589126586914,128.6822052001953,13.023292541503906,30.0,0.0,0.0,0.0,0.0
,outer4,4,73,b979,,,,,,120.0,150.0,180.0,60.000003814697266,-119.99999618530273,0.0,-180.0,0.0,0.0,0.0
,outer4,4,73,b979,,,,,,120.0,180.0,36.09777069091797,120.00000762939453,83.90223693847656,-30.0,150.0,0.0,0.0,0.0
,outer4,4,73,b979,,,,,,120.0,210.0,51.31781005859375,75.52249145507812,24.204681396484375,0.0,30.0,0.0,0.0,0.0
,outer4,4,73,b979,,,,,,120.0,240.0,86.67425537109375,113.54811096191406,26.873855590820312,-30.0,0.0,0.0,0.0,0.0
,outer4,4,73,b979,,,,,,120.0,270.0,120.00000762939453,120.00000762939453,0.0,0.0,0.0,0.0,0.0,0.0
,outer4,4,73,b979,,,,,,120.0,300.0,90.0,128.68218994140625,38.68218994140625,30.0,-60.0,0.0,0.0,0.0
,outer4,4,73,b979,,,,,,120.0,330.0,82.81924438476562,82.81924438476562,0.0,0.0,0.0,0.0,0.0,0.0
,outer4,4,73,b979,,,,,,150.0,0.0,60.000003814697266,29.99998664855957,-30.000017166137695,30.0,-180.0,0.0,0.0,0.0
,outer4,4,73,b979,,,,,,150.0,30.0,0.0,14.870942115783691,14.870942115783691,0.0,30.0,1.0,0.0,-1.0
,outer4,4,73,b979,,,,,,150.0,60.0,120.00000762939453,14.870942115783691,-105.12906551361084,-120.0,30.0,0.0,0.0,0.0
,outer4,4,73,b979,,,,,,150.0,90.0,90.0,143.9022216796875,53.9022216796875,60.0,-30.0,0.0,0.0,0.0
,outer4,4,73,b979,,,,,,150.0,120.0,0.0,28.95502281188965,28.95502281188965,0.0,60.0,1.0,0.0,-1.0
,outer4,4,73,b979,,,,,,150.0,150.0,0.0,0.0,0.0,0.0,0.0,1.0,1.0,0.0
,outer4,4,73,b979,,,,,,150.0,180.0,0.0,29.99998664855957,29.99998664855957,30.0,0.0,1.0,0.0,-1.0
,outer4,4,73,b979,,,,,,150.0,210.0,0.0,57.7581901550293,57.7581901550293,0.0,150.0,1.0,0.0,-1.0
,outer4,4,73,b979,,,,,,150.0,240.0,0.0,0.0,0.0,0.0,0.0,1.0,1.0,0.0
,outer4,4,73,b979,,,,,,150.0,270.0,60.000003814697266,90.0,29.999996185302734,30.0,0.0,0.0,0.0,0.0
,outer4,4,73,b979,,,,,,150.0,300.0,60.000003814697266,57.7581901550293,-2.2418136596679688,0.0,-30.0,0.0,0.0,0.0
,outer4,4,73,b979,,,,,,150.0,330.0,60.000003814697266,165.12905883789062,105.12905502319336,120.0,-30.0,0.0,0.0,0.0
,outer4,4,73,baa9,,,,,,30.0,0.0,0.0,0.0,0.0,0.0,0.0,1.0,1.0,0.0
,outer4,4,73,baa9,,,,,,30.0,30.0,0.0,0.0,0.0,0.0,0.0,1.0,1.0,0.0
,outer4,4,73,baa9,,,,,,30.0,60.0,0.0,0.0,0.0,0.0,0.0,1.0,1.0,0.0
,outer4,4,73,baa9,,,,,,30.0,90.0,0.0,0.0,0.0,0.0,0.0,1.0,1.0,0.0
,outer4,4,73,baa9,,,,,,30.0,120.0,0.0,0.0,0.0,0.0,0.0,1.0,1.0,0.0
,outer4,4,73,baa9,,,,,,30.0,150.0,0.0,0.0,0.0,0.0,0.0,1.0,1.0,0.0
,outer4,4,73,baa9,,,,,,30.0,180.0,0.0,0.0,0.0,0.0,0.0,1.0,1.0,0.0
,outer4,4,73,baa9,,,,,,30.0,210.0,0.0,0.0,0.0,0.0,0.0,1.0,1.0,0.0
,outer4,4,73,baa9,,,,,,30.0,240.0,0.0,0.0,0.0,0.0,0.0,1.0,1.0,0.0
,outer4,4,73,baa9,,,,,,30.0,270.0,0.0,0.0,0.0,0.0,0.0,1.0,1.0,0.0
,outer4,4,73,baa9,,,,,,30.0,300.0,0.0,0.0,0.0,0.0,0.0,1.0,1.0,0.0
,outer4,4,73,baa9,,,,,,30.0,330.0,0.0,0.0,0.0,0.0,0.0,1.0,1.0,0.0
,outer4,4,73,baa9,,,,,,60.0,0.0,0.0,0.0,0.0,0.0,0.0,1.0,1.0,0.0
,outer4,4,73,baa9,,,,,,60.0,30.0,0.0,0.0,0.0,0.0,0.0,1.0,1.0,0.0
,outer4,4,73,baa9,,,,,,60.0,60.0,0.0,0.0,0.0,0.0,0.0,1.0,1.0,0.0
,outer4,4,73,baa9,,,,,,60.0,90.0,0.0,0.0,0.0,0.0,0.0,1.0,1.0,0.0
,outer4,4,73,baa9,,,,,,60.0,120.0,0.0,0.0,0.0,0.0,0.0,1.0,1.0,0.0
,outer4,4,73,baa9,,,,,,60.0,150.0,0.0,0.0,0.0,0.0,0.0,1.0,1.0,0.0
,outer4,4,73,baa9,,,,,,60.0,180.0,0.0,0.0,0.0,0.0,0.0,1.0,1.0,0.0
,outer4,4,73,baa9,,,,,,60.0,210.0,0.0,0.0,0.0,0.0,0.0,1.0,1.0,0.0
,outer4,4,73,baa9,,,,,,60.0,240.0,0.0,0.0,0.0,0.0,0.0,1.0,1.0,0.0
,outer4,4,73,baa9,,,,,,60.0,270.0,0.0,0.0,0.0,0.0,0.0,1.0,1.0,0.0
,outer4,4,73,baa9,,,,,,60.0,300.0,0.0,0.0,0.0,0.0,0.0,1.0,1.0,0.0
,outer4,4,73,baa9,,,,,,60.0,330.0,0.0,0.0,0.0,0.0,0.0,1.0,1.0,0.0
,outer4,4,73,baa9,,,,,,90.0,0.0,0.0,0.0,0.0,0.0,0.0,1.0,1.0,0.0
,outer4,4,73,baa9,,,,,,90.0,30.0,0.0,0.0,0.0,0.0,0.0,1.0,1.0,0.0
,outer4,4,73,baa9,,,,,,90.0,60.0,0.0,0.0,0.0,0.0,0.0,1.0,1.0,0.0
,outer4,4,73,baa9,,,,,,90.0,90.0,0.0,0.0,0.0,0.0,0.0,1.0,1.0,0.0
,outer4,4,73,baa9,,,,,,90.0,120.0,0.0,0.0,0.0,0.0,0.0,1.0,1.0,0.0
,outer4,4,73,baa9,,,,,,90.0,150.0,0.0,0.0,0.0,0.0,0.0,1.0,1.0,0.0
,outer4,4,73,baa9,,,,,,90.0,180.0,180.0,180.0,0.0,0.0,0.0,0.0,0.0,0.0
,outer4,4,73,baa9,,,,,,90.0,210.0,0.0,0.0,0.0,0.0,0.0,1.0,1.0,0.0
,outer4,4,73,baa9,,,,,,90.0,240.0,0.0,0.0,0.0,0.0,0.0,1.0,1.0,0.0
,outer4,4,73,baa9,,,,,,90.0,270.0,0.0,0.0,0.0,0.0,0.0,1.0,1.0,0.0
,outer4,4,73,baa9,,,,,,90.0,300.0,0.0,0.0,0.0,0.0,0.0,1.0,1.0,0.0
,outer4,4,73,baa9,,,,,,90.0,330.0,0.0,0.0,0.0,0.0,0.0,1.0,1.0,0.0
,outer4,4,73,baa9,,,,,,120.0,0.0,0.0,0.0,0.0,0.0,0.0,1.0,1.0,0.0
,outer4,4,73,baa9,,,,,,120.0,30.0,0.0,0.0,0.0,0.0,0.0,1.0,1.0,0.0
,outer4,4,73,baa9,,,,,,120.0,60.0,0.0,0.0,0.0,0.0,0.0,1.0,1.0,0.0
,outer4,4,73,baa9,,,,,,120.0,90.0,0.0,0.0,0.0,0.0,0.0,1.0,1.0,0.0
,outer4,4,73,baa9,,,,,,120.0,120.0,0.0,0.0,0.0,0.0,0.0,1.0,1.0,0.0
,outer4,4,73,baa9,,,,,,120.0,150.0,0.0,0.0,0.0,0.0,0.0,1.0,1.0,0.0
,outer4,4,73,baa9,,,,,,120.0,180.0,0.0,0.0,0.0,0.0,0.0,1.0,1.0,0.0
,outer4,4,73,baa9,,,,,,120.0,210.0,0.0,0.0,0.0,0.0,0.0,1.0,1.0,0.0
,outer4,4,73,baa9,,,,,,120.0,240.0,0.0,0.0,0.0,0.0,0.0,1.0,1.0,0.0
,outer4,4,73,baa9,,,,,,120.0,270.0,0.0,0.0,0.0,0.0,0.0,1.0,1.0,0.0
,outer4,4,73,baa9,,,,,,120.0,300.0,0.0,0.0,0.0,0.0,0.0,1.0,1.0,0.0
,outer4,4,73,baa9,,,,,,120.0,330.0,0.0,0.0,0.0,0.0,0.0,1.0,1.0,0.0
,outer4,4,73,baa9,,,,,,150.0,0.0,0.0,0.0,0.0,0.0,0.0,1.0,1.0,0.0
,outer4,4,73,baa9,,,,,,150.0,30.0,0.0,0.0,0.0,0.0,0.0,1.0,1.0,0.0
,outer4,4,73,baa9,,,,,,150.0,60.0,0.0,0.0,0.0,0.0,0.0,1.0,1.0,0.0
,outer4,4,73,baa9,,,,,,150.0,90.0,0.0,0.0,0.0,0.0,0.0,1.0,1.0,0.0
,outer4,4,73,baa9,,,,,,150.0,120.0,0.0,0.0,0.0,0.0,0.0,1.0,1.0,0.0
,outer4,4,73,baa9,,,,,,150.0,150.0,0.0,0.0,0.0,0.0,0.0,1.0,1.0,0.0
,outer4,4,73,baa9,,,,,,150.0,180.0,0.0,0.0,0.0,0.0,0.0,1.0,1.0,0.0
,outer4,4,73,baa9,,,,,,150.0,210.0,0.0,0.0,0.0,0.0,0.0,1.0,1.0,0.0
,outer4,4,73,baa9,,,,,,150.0,240.0,0.0,0.0,0.0,0.0,0.0,1.0,1.0,0.0
,outer4,4,73,baa9,,,,,,150.0,270.0,0.0,0.0,0.0,0.0,0.0,1.0,1.0,0.0
,outer4,4,73,baa9,,,,,,150.0,300.0,0.0,0.0,0.0,0.0,0.0,1.0,1.0,0.0
,outer4,4,73,baa9,,,,,,150.0,330.0,0.0,0.0,0.0,0.0,0.0,1.0,1.0,0.0
,outer4,4,73,bb26,,,,,,30.0,0.0,150.0,150.0,0.0,0.0,0.0,0.0,0.0,0.0
,outer4,4,73,bb26,,,,,,30.0,30.0,0.0,36.097782135009766,36.097782135009766,30.0,30.0,1.0,0.0,-1.0
,outer4,4,73,bb26,,,,,,30.0,60.0,151.04498291015625,151.04498291015625,0.0,0.0,0.0,0.0,0.0,0.0
,outer4,4,73,bb26,,,,,,30.0,90.0,180.0,165.12905883789062,-14.870941162109375,0.0,-30.0,0.0,0.0,0.0
,outer4,4,73,bb26,,,,,,30.0,120.0,128.68218994140625,138.59039306640625,9.908203125,0.0,30.0,0.0,0.0,0.0
,outer4,4,73,bb26,,,,,,30.0,150.0,0.0,143.9022216796875,143.9022216796875,90.0,150.0,1.0,0.0,-1.0
,outer4,4,73,bb26,,,,,,30.0,180.0,30.000001907348633,90.0,59.99999809265137,60.0,0.0,0.0,0.0,0.0
,outer4,4,73,bb26,,,,,,30.0,210.0,128.68218994140625,36.097782135009766,-92.58440780639648,-90.0,-30.0,0.0,0.0,0.0
,outer4,4,73,bb26,,,,,,30.0,240.0,60.000003814697266,60.000003814697266,0.0,0.0,0.0,0.0,0.0,0.0
,outer4,4,73,bb26,,,,,,30.0,270.0,60.000003814697266,57.7581901550293,-2.2418136596679688,0.0,-30.0,0.0,0.0,0.0
,outer4,4,73,bb26,,,,,,30.0,300.0,0.0,0.0,0.0,0.0,0.0,1.0,1.0,0.0
,outer4,4,73,bb26,,,,,,30.0,330.0,0.0,93.32575988769531,93.32575988769531,90.0,30.0,1.0,0.0,-1.0
,outer4,4,73,bb26,,,,,,60.0,0.0,180.0,180.0,0.0,0.0,0.0,0.0,0.0,0.0
,outer4,4,73,bb26,,,,,,60.0,30.0,130.50535583496094,82.81924438476562,-47.68611145019531,-30.0,-60.0,0.0,0.0,0.0
,outer4,4,73,bb26,,,,,,60.0,60.0,0.0,0.0,0.0,0.0,0.0,1.0,1.0,0.0
,outer4,4,73,bb26,,,,,,60.0,90.0,60.000003814697266,154.09490966796875,94.09490585327148,0.0,150.0,0.0,0.0,0.0
,outer4,4,73,bb26,,,,,,60.0,120.0,0.0,150.0,150.0,30.0,180.0,1.0,0.0,-1.0
,outer4,4,73,bb26,,,,,,60.0,150.0,0.0,82.81924438476562,82.81924438476562,60.0,60.0,1.0,0.0,-1.0
,outer4,4,73,bb26,,,,,,60.0,180.0,0.0,60.000003814697266,60.000003814697266,60.0,0.0,1.0,0.0,-1.0
,outer4,4,73,bb26,,,,,,60.0,210.0,0.0,60.000003814697266,60.000003814697266,60.0,0.0,1.0,0.0,-1.0
,outer4,4,73,bb26,,,,,,60.0,240.0,0.0,0.0,0.0,0.0,0.0,1.0,1.0,0.0
,outer4,4,73,bb26,,,,,,60.0,270.0,0.0,0.0,0.0,0.0,0.0,1.0,1.0,0.0
,outer4,4,73,bb26,,,,,,60.0,300.0,97.18075561523438,0.0,-97.18075561523438,0.0,-120.0,0.0,1.0,1.0
,outer4,4,73,bb26,,,,,,60.0,330.0,75.52249908447266,180.0,104.47750091552734,60.0,90.0,0.0,0.0,0.0
,outer4,4,73,bb26,,,,,,90.0,0.0,0.0,0.0,0.0,0.0,0.0,1.0,1.0,0.0
,outer4,4,73,bb26,,,,,,90.0,30.0,150.0,30.000001907348633,-119.99999809265137,0.0,-120.0,0.0,0.0,0.0
,outer4,4,73,bb26,,,,,,90.0,60.0,0.0,60.000003814697266,60.000003814697266,0.0,60.0,1.0,0.0,-1.0
,outer4,4,73,bb26,,,,,,90.0,90.0,30.000001907348633,30.000001907348633,0.0,0.0,0.0,0.0,0.0,0.0
,outer4,4,73,bb26,,,,,,90.0,120.0,0.0,0.0,0.0,0.0,0.0,1.0,1.0,0.0
,outer4,4,73,bb26,,,,,,90.0,150.0,90.0,150.0,60.0,0.0,60.0,0.0,0.0,0.0
,outer4,4,73,bb26,,,,,,90.0,180.0,30.000001907348633,180.0,149.99999809265137,0.0,150.0,0.0,0.0,0.0
,outer4,4,73,bb26,,,,,,90.0,210.0,0.0,180.0,180.0,0.0,180.0,1.0,0.0,-1.0
,outer4,4,73,bb26,,,,,,90.0,240.0,180.0,120.00000762939453,-59.99999237060547,0.0,-60.0,0.0,0.0,0.0
,outer4,4,73,bb26,,,,,,90.0,270.0,150.0,150.0,0.0,0.0,0.0,0.0,0.0,0.0
,outer4,4,73,bb26,,,,,,90.0,300.0,180.0,180.0,0.0,0.0,0.0,0.0,0.0,0.0
,outer4,4,73,bb26,,,,,,90.0,330.0,30.00000762939453,30.00000762939453,0.0,0.0,0.0,0.0,0.0,0.0
,outer4,4,73,bb26,,,,,,120.0,0.0,120.00000762939453,120.00000762939453,0.0,0.0,0.0,0.0,0.0,0.0
,outer4,4,73,bb26,,,,,,120.0,30.0,128.6822052001953,97.18075561523438,-31.501449584960938,-60.0,0.0,0.0,0.0,0.0
,outer4,4,73,bb26,,,,,,120.0,60.0,0.0,0.0,0.0,0.0,0.0,1.0,1.0,0.0
,outer4,4,73,bb26,,,,,,120.0,90.0,154.09490966796875,154.09490966796875,0.0,0.0,0.0,0.0,0.0,0.0
,outer4,4,73,bb26,,,,,,120.0,120.0,30.000001907348633,128.6822052001953,98.68220329284668,30.0,120.0,0.0,0.0,0.0
,outer4,4,73,bb26,,,,,,120.0,150.0,90.0,51.31781005859375,-38.68218994140625,-90.0,60.0,0.0,0.0,0.0
,outer4,4,73,bb26,,,,,,120.0,180.0,120.00000762939453,120.00000762939453,0.0,0.0,0.0,0.0,0.0,0.0
,outer4,4,73,bb26,,,,,,120.0,210.0,82.81924438476562,0.0,-82.81924438476562,-60.0,-60.0,0.0,1.0,1.0
,outer4,4,73,bb26,,,,,,120.0,240.0,82.81924438476562,51.31781005859375,-31.501434326171875,-60.0,0.0,0.0,0.0,0.0
,outer4,4,73,bb26,,,,,,120.0,270.0,25.905075073242188,41.40962219238281,15.504547119140625,30.0,0.0,0.0,0.0,0.0
,outer4,4,73,bb26,,,,,,120.0,300.0,128.68218994140625,128.68218994140625,0.0,0.0,0.0,0.0,0.0,0.0
,outer4,4,73,bb26,,,,,,120.0,330.0,86.67424774169922,120.00000762939453,33.32575988769531,-30.0,30.0,0.0,0.0,0.0
,outer4,4,73,bb26,,,,,,150.0,0.0,29.99998664855957,29.99998664855957,0.0,0.0,0.0,0.0,0.0,0.0
,outer4,4,73,bb26,,,,,,150.0,30.0,128.68218994140625,29.99998664855957,-98.68220329284668,-90.0,-60.0,0.0,0.0,0.0
,outer4,4,73,bb26,,,,,,150.0,60.0,151.04498291015625,151.04498291015625,0.0,0.0,0.0,0.0,0.0,0.0
,outer4,4,73,bb26,,,,,,150.0,90.0,180.0,180.0,0.0,0.0,0.0,0.0,0.0,0.0
,outer4,4,73,bb26,,,,,,150.0,120.0,128.68218994140625,128.68218994140625,0.0,0.0,0.0,0.0,0.0,0.0
,outer4,4,73,bb26,,,,,,150.0,150.0,0.0,49.49464416503906,49.49464416503906,30.0,60.0,1.0,0.0,-1.0
,outer4,4,73,bb26,,,,,,150.0,180.0,29.99998664855957,29.99998664855957,0.0,0.0,0.0,0.0,0.0,0.0
,outer4,4,73,bb26,,,,,,150.0,210.0,128.68218994140625,86.67425537109375,-42.0079345703125,-90.0,90.0,0.0,0.0,0.0
,outer4,4,73,bb26,,,,,,150.0,240.0,60.000003814697266,60.000003814697266,0.0,0.0,0.0,0.0,0.0,0.0
,outer4,4,73,bb26,,,,,,150.0,270.0,0.0,14.870942115783691,14.870942115783691,0.0,30.0,1.0,0.0,-1.0
,outer4,4,73,bb26,,,,,,150.0,300.0,151.04498291015625,0.0,-151.04498291015625,-120.0,-120.0,0.0,1.0,1.0
,outer4,4,73,bb26,,,,,,150.0,330.0,120.00000762939453,122.24180603027344,2.2417984008789062,0.0,30.0,0.0,0.0,0.0
,outer4,4,74,b7fd,,,,,,30.0,0.0,60.000003814697266,90.0,29.999996185302734,30.0,0.0,0.0,0.0,0.0
,outer4,4,74,b7fd,,,,,,30.0,30.0,30.000001907348633,30.000001907348633,0.0,0.0,0.0,0.0,0.0,0.0
,outer4,4,74,b7fd,,,,,,30.0,60.0,128.68218994140625,128.68218994140625,0.0,0.0,0.0,0.0,0.0,0.0
,outer4,4,74,b7fd,,,,,,30.0,90.0,120.00000762939453,36.097782135009766,-83.90222549438477,-90.0,30.0,0.0,0.0,0.0
,outer4,4,74,b7fd,,,,,,30.0,120.0,14.870942115783691,30.000001907348633,15.129059791564941,30.0,-30.0,0.0,0.0,0.0
,outer4,4,74,b7fd,,,,,,30.0,150.0,102.50392150878906,130.50535583496094,28.001434326171875,0.0,60.0,0.0,0.0,0.0
,outer4,4,74,b7fd,,,,,,30.0,180.0,0.0,30.000001907348633,30.000001907348633,30.0,0.0,1.0,0.0,-1.0
,outer4,4,74,b7fd,,,,,,30.0,210.0,30.000001907348633,0.0,-30.000001907348633,-30.0,0.0,0.0,1.0,1.0
,outer4,4,74,b7fd,,,,,,30.0,240.0,143.9022216796875,128.68218994140625,-15.22003173828125,30.0,-90.0,0.0,0.0,0.0
,outer4,4,74,b7fd,,,,,,30.0,270.0,57.7581901550293,90.0,32.2418098449707,30.0,30.0,0.0,0.0,0.0
,outer4,4,74,b7fd,,,,,,30.0,300.0,57.7581901550293,86.67425537109375,28.916065216064453,30.0,0.0,0.0,0.0,0.0
,outer4,4,74,b7fd,,,,,,30.0,330.0,93.32575988769531,93.32575988769531,0.0,0.0,0.0,0.0,0.0,0.0
,outer4,4,74,b7fd,,,,,,60.0,0.0,0.0,0.0,0.0,0.0,0.0,1.0,1.0,0.0
,outer4,4,74,b7fd,,,,,,60.0,30.0,0.0,0.0,0.0,0.0,0.0,1.0,1.0,0.0
,outer4,4,74,b7fd,,,,,,60.0,60.0,128.68218994140625,130.50535583496094,1.8231658935546875,30.0,0.0,0.0,0.0,0.0
,outer4,4,74,b7fd,,,,,,60.0,90.0,0.0,25.905075073242188,25.905075073242188,0.0,30.0,1.0,0.0,-1.0
,outer4,4,74,b7fd,,,,,,60.0,120.0,66.45188903808594,0.0,-66.45188903808594,-60.0,-30.0,0.0,1.0,1.0
,outer4,4,74,b7fd,,,,,,60.0,150.0,82.81924438476562,51.31781005859375,-31.501434326171875,-60.0,0.0,0.0,0.0,0.0
,outer4,4,74,b7fd,,,,,,60.0,180.0,0.0,93.32574462890625,93.32574462890625,90.0,30.0,1.0,0.0,-1.0
,outer4,4,74,b7fd,,,,,,60.0,210.0,180.0,120.00000762939453,-59.99999237060547,-60.0,0.0,0.0,0.0,0.0
,outer4,4,74,b7fd,,,,,,60.0,240.0,115.6589126586914,0.0,-115.6589126586914,-30.0,-120.0,0.0,1.0,1.0
,outer4,4,74,b7fd,,,,,,60.0,270.0,120.00000762939453,113.5481185913086,-6.4518890380859375,0.0,-30.0,0.0,0.0,0.0
,outer4,4,74,b7fd,,,,,,60.0,300.0,0.0,0.0,0.0,0.0,0.0,1.0,1.0,0.0
,outer4,4,74,b7fd,,,,,,60.0,330.0,0.0,66.45188903808594,66.45188903808594,60.0,30.0,1.0,0.0,-1.0
,outer4,4,74,b7fd,,,,,,90.0,0.0,150.0,150.0,0.0,0.0,0.0,0.0,0.0,0.0
,outer4,4,74,b7fd,,,,,,90.0,30.0,120.00000762939453,90.0,-30.00000762939453,0.0,-30.0,0.0,0.0,0.0
,outer4,4,74,b7fd,,,,,,90.0,60.0,60.000003814697266,119.99999237060547,59.9999885559082,0.0,60.0,0.0,0.0,0.0
,outer4,4,74,b7fd,,,,,,90.0,90.0,180.0,180.0,0.0,0.0,0.0,0.0,0.0,0.0
,outer4,4,74,b7fd,,,,,,90.0,120.0,0.0,0.0,0.0,0.0,0.0,1.0,1.0,0.0
,outer4,4,74,b7fd,,,,,,90.0,150.0,0.0,30.000001907348633,30.000001907348633,0.0,30.0,1.0,0.0,-1.0
,outer4,4,74,b7fd,,,,,,90.0,180.0,30.000001907348633,30.000001907348633,0.0,0.0,0.0,0.0,0.0,0.0
,outer4,4,74,b7fd,,,,,,90.0,210.0,60.000003814697266,60.000003814697266,0.0,0.0,0.0,0.0,0.0,0.0
,outer4,4,74,b7fd,,,,,,90.0,240.0,60.000003814697266,60.000003814697266,0.0,0.0,0.0,0.0,0.0,0.0
,outer4,4,74,b7fd,,,,,,90.0,270.0,0.0,0.0,0.0,0.0,0.0,1.0,1.0,0.0
,outer4,4,74,b7fd,,,,,,90.0,300.0,180.0,0.0,-180.0,0.0,-180.0,0.0,1.0,1.0
,outer4,4,74,b7fd,,,,,,90.0,330.0,180.0,30.000001907348633,-149.99999809265137,0.0,-150.0,0.0,0.0,0.0
,outer4,4,74,b7fd,,,,,,120.0,0.0,0.0,29.99998664855957,29.99998664855957,30.0,0.0,1.0,0.0,-1.0
,outer4,4,74,b7fd,,,,,,120.0,30.0,120.00000762939453,0.0,-120.00000762939453,0.0,-180.0,0.0,1.0,1.0
,outer4,4,74,b7fd,,,,,,120.0,60.0,128.68218994140625,128.68218994140625,0.0,0.0,0.0,0.0,0.0,0.0
,outer4,4,74,b7fd,,,,,,120.0,90.0,30.000001907348633,120.00000762939453,90.0000057220459,-30.0,180.0,0.0,0.0,0.0
,outer4,4,74,b7fd,,,,,,120.0,120.0,0.0,0.0,0.0,0.0,0.0,1.0,1.0,0.0
,outer4,4,74,b7fd,,,,,,120.0,150.0,154.09490966796875,60.000003814697266,-94.09490585327148,0.0,-150.0,0.0,0.0,0.0
,outer4,4,74,b7fd,,,,,,120.0,180.0,60.000003814697266,30.000001907348633,-30.000001907348633,-30.0,0.0,0.0,0.0,0.0
,outer4,4,74,b7fd,,,,,,120.0,210.0,120.00000762939453,128.6822052001953,8.682197570800781,60.0,-60.0,0.0,0.0,0.0
,outer4,4,74,b7fd,,,,,,120.0,240.0,120.00000762939453,60.000003814697266,-60.000003814697266,60.0,-180.0,0.0,0.0,0.0
,outer4,4,74,b7fd,,,,,,120.0,270.0,120.00000762939453,0.0,-120.00000762939453,0.0,-180.0,0.0,1.0,1.0
,outer4,4,74,b7fd,,,,,,120.0,300.0,29.99998664855957,29.99998664855957,0.0,0.0,0.0,0.0,0.0,0.0
,outer4,4,74,b7fd,,,,,,120.0,330.0,0.0,82.81924438476562,82.81924438476562,60.0,60.0,1.0,0.0,-1.0
,outer4,4,74,b7fd,,,,,,150.0,0.0,29.99998664855957,29.99998664855957,0.0,0.0,0.0,0.0,0.0,0.0
,outer4,4,74,b7fd,,,,,,150.0,30.0,29.99998664855957,0.0,-29.99998664855957,-30.0,0.0,0.0,1.0,1.0
,outer4,4,74,b7fd,,,,,,150.0,60.0,122.24180603027344,122.24180603027344,0.0,0.0,0.0,0.0,0.0,0.0
,outer4,4,74,b7fd,,,,,,150.0,90.0,0.0,150.0,150.0,90.0,180.0,1.0,0.0,-1.0
,outer4,4,74,b7fd,,,,,,150.0,120.0,36.09777069091797,14.870942115783691,-21.226828575134277,-30.0,0.0,0.0,0.0,0.0
,outer4,4,74,b7fd,,,,,,150.0,150.0,102.50391387939453,143.9022216796875,41.39830780029297,0.0,90.0,0.0,0.0,0.0
,outer4,4,74,b7fd,,,,,,150.0,180.0,29.99998664855957,90.0,60.00001335144043,0.0,180.0,0.0,0.0,0.0
,outer4,4,74,b7fd,,,,,,150.0,210.0,29.99998664855957,60.000003814697266,30.000017166137695,-30.0,180.0,0.0,0.0,0.0
,outer4,4,74,b7fd,,,,,,150.0,240.0,165.12905883789062,128.68218994140625,-36.446868896484375,0.0,-90.0,0.0,0.0,0.0
,outer4,4,74,b7fd,,,,,,150.0,270.0,0.0,29.99998664855957,29.99998664855957,30.0,0.0,1.0,0.0,-1.0
,outer4,4,74,b7fd,,,,,,150.0,300.0,60.000003814697266,60.000003814697266,0.0,0.0,0.0,0.0,0.0,0.0
,outer4,4,74,b7fd,,,,,,150.0,330.0,93.32574462890625,93.32574462890625,0.0,0.0,0.0,0.0,0.0,0.0
,outer4,4,74,b8ed,,,,,,30.0,0.0,0.0,30.000001907348633,30.000001907348633,30.0,0.0,1.0,0.0,-1.0
,outer4,4,74,b8ed,,,,,,30.0,30.0,60.000003814697266,0.0,-60.000003814697266,0.0,-180.0,0.0,1.0,1.0
,outer4,4,74,b8ed,,,,,,30.0,60.0,165.12905883789062,0.0,-165.12905883789062,-120.0,-150.0,0.0,1.0,1.0
,outer4,4,74,b8ed,,,,,,30.0,90.0,0.0,30.000001907348633,30.000001907348633,30.0,0.0,1.0,0.0,-1.0
,outer4,4,74,b8ed,,,,,,30.0,120.0,128.68218994140625,0.0,-128.68218994140625,-120.0,-60.0,0.0,1.0,1.0
,outer4,4,74,b8ed,,,,,,30.0,150.0,0.0,128.68218994140625,128.68218994140625,120.0,60.0,1.0,0.0,-1.0
,outer4,4,74,b8ed,,,,,,30.0,180.0,0.0,0.0,0.0,0.0,0.0,1.0,1.0,0.0
,outer4,4,74,b8ed,,,,,,30.0,210.0,0.0,0.0,0.0,0.0,0.0,1.0,1.0,0.0
,outer4,4,74,b8ed,,,,,,30.0,240.0,57.7581901550293,102.50392150878906,44.745731353759766,90.0,-90.0,0.0,0.0,0.0
,outer4,4,74,b8ed,,,,,,30.0,270.0,60.000003814697266,90.0,29.999996185302734,30.0,0.0,0.0,0.0,0.0
,outer4,4,74,b8ed,,,,,,30.0,300.0,0.0,0.0,0.0,0.0,0.0,1.0,1.0,0.0
,outer4,4,74,b8ed,,,,,,30.0,330.0,0.0,128.68218994140625,128.68218994140625,120.0,60.0,1.0,0.0,-1.0
,outer4,4,74,b8ed,,,,,,60.0,0.0,30.000001907348633,0.0,-30.000001907348633,-30.0,0.0,0.0,1.0,1.0
,outer4,4,74,b8ed,,,,,,60.0,30.0,0.0,0.0,0.0,0.0,0.0,1.0,1.0,0.0
,outer4,4,74,b8ed,,,,,,60.0,60.0,154.0949249267578,113.54812622070312,-40.54679870605469,-60.0,0.0,0.0,0.0,0.0
,outer4,4,74,b8ed,,,,,,60.0,90.0,0.0,180.0,180.0,60.0,180.0,1.0,0.0,-1.0
,outer4,4,74,b8ed,,,,,,60.0,120.0,60.000003814697266,0.0,-60.000003814697266,-60.0,0.0,0.0,1.0,1.0
,outer4,4,74,b8ed,,,,,,60.0,150.0,128.6822052001953,180.0,51.31779479980469,0.0,60.0,0.0,0.0,0.0
,outer4,4,74,b8ed,,,,,,60.0,180.0,30.000001907348633,0.0,-30.000001907348633,-30.0,0.0,0.0,1.0,1.0
,outer4,4,74,b8ed,,,,,,60.0,210.0,120.00000762939453,0.0,-120.00000762939453,0.0,-180.0,0.0,1.0,1.0
,outer4,4,74,b8ed,,,,,,60.0,240.0,0.0,25.905075073242188,25.905075073242188,0.0,30.0,1.0,0.0,-1.0
,outer4,4,74,b8ed,,,,,,60.0,270.0,120.00000762939453,113.54812622070312,-6.451881408691406,0.0,-30.0,0.0,0.0,0.0
,outer4,4,74,b8ed,,,,,,60.0,300.0,0.0,0.0,0.0,0.0,0.0,1.0,1.0,0.0
,outer4,4,74,b8ed,,,,,,60.0,330.0,25.90509033203125,66.45188903808594,40.54679870605469,60.0,0.0,0.0,0.0,0.0
,outer4,4,74,b8ed,,,,,,90.0,0.0,30.000001907348633,150.0,119.99999809265137,0.0,120.0,0.0,0.0,0.0
,outer4,4,74,b8ed,,,,,,90.0,30.0,0.0,180.0,180.0,0.0,180.0,1.0,0.0,-1.0
,outer4,4,74,b8ed,,,,,,90.0,60.0,30.000001907348633,119.99999237060547,89.99999046325684,0.0,90.0,0.0,0.0,0.0
,outer4,4,74,b8ed,,,,,,90.0,90.0,180.0,180.0,0.0,0.0,0.0,0.0,0.0,0.0
,outer4,4,74,b8ed,,,,,,90.0,120.0,0.0,0.0,0.0,0.0,0.0,1.0,1.0,0.0
,outer4,4,74,b8ed,,,,,,90.0,150.0,120.00000762939453,60.000003814697266,-60.000003814697266,0.0,-60.0,0.0,0.0,0.0
,outer4,4,74,b8ed,,,,,,90.0,180.0,180.0,150.0,-30.0,0.0,-30.0,0.0,0.0,0.0
,outer4,4,74,b8ed,,,,,,90.0,210.0,180.0,0.0,-180.0,0.0,-180.0,0.0,1.0,1.0
,outer4,4,74,b8ed,,,,,,90.0,240.0,120.00000762939453,60.000003814697266,-60.000003814697266,0.0,-60.0,0.0,0.0,0.0
,outer4,4,74,b8ed,,,,,,90.0,270.0,0.0,0.0,0.0,0.0,0.0,1.0,1.0,0.0
,outer4,4,74,b8ed,,,,,,90.0,300.0,180.0,0.0,-180.0,0.0,-180.0,0.0,1.0,1.0
,outer4,4,74,b8ed,,,,,,90.0,330.0,120.00000762939453,120.00000762939453,0.0,0.0,0.0,0.0,0.0,0.0
,outer4,4,74,b8ed,,,,,,120.0,0.0,29.99998664855957,0.0,-29.99998664855957,-30.0,0.0,0.0,1.0,1.0
,outer4,4,74,b8ed,,,,,,120.0,30.0,0.0,0.0,0.0,0.0,0.0,1.0,1.0,0.0
,outer4,4,74,b8ed,,,,,,120.0,60.0,128.68218994140625,128.68218994140625,0.0,0.0,0.0,0.0,0.0,0.0
,outer4,4,74,b8ed,,,,,,120.0,90.0,0.0,60.000003814697266,60.000003814697266,60.0,0.0,1.0,0.0,-1.0
,outer4,4,74,b8ed,,,,,,120.0,120.0,128.6822052001953,128.6822052001953,0.0,0.0,0.0,0.0,0.0,0.0
,outer4,4,74,b8ed,,,,,,120.0,150.0,0.0,0.0,0.0,0.0,0.0,1.0,1.0,0.0
,outer4,4,74,b8ed,,,,,,120.0,180.0,29.99998664855957,0.0,-29.99998664855957,-30.0,0.0,0.0,1.0,1.0
,outer4,4,74,b8ed,,,,,,120.0,210.0,120.00000762939453,120.00000762939453,0.0,0.0,0.0,0.0,0.0,0.0
,outer4,4,74,b8ed,,,,,,120.0,240.0,0.0,0.0,0.0,0.0,0.0,1.0,1.0,0.0
,outer4,4,74,b8ed,,,,,,120.0,270.0,0.0,0.0,0.0,0.0,0.0,1.0,1.0,0.0
,outer4,4,74,b8ed,,,,,,120.0,300.0,0.0,0.0,0.0,0.0,0.0,1.0,1.0,0.0
,outer4,4,74,b8ed,,,,,,120.0,330.0,0.0,0.0,0.0,0.0,0.0,1.0,1.0,0.0
,outer4,4,74,b8ed,,,,,,150.0,0.0,0.0,29.99998664855957,29.99998664855957,30.0,0.0,1.0,0.0,-1.0
,outer4,4,74,b8ed,,,,,,150.0,30.0,60.000003814697266,0.0,-60.000003814697266,0.0,-180.0,0.0,1.0,1.0
,outer4,4,74,b8ed,,,,,,150.0,60.0,0.0,151.04498291015625,151.04498291015625,120.0,120.0,1.0,0.0,-1.0
,outer4,4,74,b8ed,,,,,,150.0,90.0,0.0,29.99998664855957,29.99998664855957,30.0,0.0,1.0,0.0,-1.0
,outer4,4,74,b8ed,,,,,,150.0,120.0,0.0,0.0,0.0,0.0,0.0,1.0,1.0,0.0
,outer4,4,74,b8ed,,,,,,150.0,150.0,0.0,0.0,0.0,0.0,0.0,1.0,1.0,0.0
,outer4,4,74,b8ed,,,,,,150.0,180.0,0.0,29.99998664855957,29.99998664855957,30.0,0.0,1.0,0.0,-1.0
,outer4,4,74,b8ed,,,,,,150.0,210.0,0.0,0.0,0.0,0.0,0.0,1.0,1.0,0.0
,outer4,4,74,b8ed,,,,,,150.0,240.0,0.0,60.000003814697266,60.000003814697266,0.0,180.0,1.0,0.0,-1.0
,outer4,4,74,b8ed,,,,,,150.0,270.0,0.0,0.0,0.0,0.0,0.0,1.0,1.0,0.0
,outer4,4,74,b8ed,,,,,,150.0,300.0,0.0,0.0,0.0,0.0,0.0,1.0,1.0,0.0
,outer4,4,74,b8ed,,,,,,150.0,330.0,0.0,122.24180603027344,122.24180603027344,120.0,30.0,1.0,0.0,-1.0
,outer4,4,74,b979,,,,,,30.0,0.0,180.0,60.000003814697266,-119.99999618530273,-120.0,0.0,0.0,0.0,0.0
,outer4,4,74,b979,,,,,,30.0,30.0,0.0,0.0,0.0,0.0,0.0,1.0,1.0,0.0
,outer4,4,74,b979,,,,,,30.0,60.0,93.32575225830078,93.32575225830078,0.0,0.0,0.0,0.0,0.0,0.0
,outer4,4,74,b979,,,,,,30.0,90.0,60.000003814697266,90.0,29.999996185302734,90.0,-180.0,0.0,0.0,0.0
,outer4,4,74,b979,,,,,,30.0,120.0,28.95502281188965,28.95502281188965,0.0,0.0,0.0,0.0,0.0,0.0
,outer4,4,74,b979,,,,,,30.0,150.0,0.0,122.24180603027344,122.24180603027344,120.0,30.0,1.0,0.0,-1.0
,outer4,4,74,b979,,,,,,30.0,180.0,0.0,0.0,0.0,0.0,0.0,1.0,1.0,0.0
,outer4,4,74,b979,,,,,,30.0,210.0,0.0,60.000003814697266,60.000003814697266,0.0,180.0,1.0,0.0,-1.0
,outer4,4,74,b979,,,,,,30.0,240.0,57.7581901550293,143.9022216796875,86.1440315246582,90.0,0.0,0.0,0.0,0.0
,outer4,4,74,b979,,,,,,30.0,270.0,60.000003814697266,86.67425537109375,26.674251556396484,30.0,-30.0,0.0,0.0,0.0
,outer4,4,74,b979,,,,,,30.0,300.0,51.31781005859375,51.31781005859375,0.0,0.0,0.0,0.0,0.0,0.0
,outer4,4,74,b979,,,,,,30.0,330.0,128.68218994140625,128.68218994140625,0.0,0.0,0.0,0.0,0.0,0.0
,outer4,4,74,b979,,,,,,60.0,0.0,30.000001907348633,113.5481185913086,83.54811668395996,-30.0,150.0,0.0,0.0,0.0
,outer4,4,74,b979,,,,,,60.0,30.0,113.5481185913086,0.0,-113.5481185913086,0.0,-150.0,0.0,1.0,1.0
,outer4,4,74,b979,,,,,,60.0,60.0,82.81924438476562,66.45188903808594,-16.367355346679688,0.0,-30.0,0.0,0.0,0.0
,outer4,4,74,b979,,,,,,60.0,90.0,66.45188903808594,60.000003814697266,-6.451885223388672,0.0,-30.0,0.0,0.0,0.0
,outer4,4,74,b979,,,,,,60.0,120.0,143.9022216796875,97.1807632446289,-46.721458435058594,-90.0,-30.0,0.0,0.0,0.0
,outer4,4,74,b979,,,,,,60.0,150.0,128.6822052001953,82.81924438476562,-45.86296081542969,0.0,-60.0,0.0,0.0,0.0
,outer4,4,74,b979,,,,,,60.0,180.0,30.000001907348633,30.000001907348633,0.0,0.0,0.0,0.0,0.0,0.0
,outer4,4,74,b979,,,,,,60.0,210.0,180.0,82.81924438476562,-97.18075561523438,0.0,-120.0,0.0,0.0,0.0
,outer4,4,74,b979,,,,,,60.0,240.0,41.40962219238281,150.0,108.59037780761719,0.0,150.0,0.0,0.0,0.0
,outer4,4,74,b979,,,,,,60.0,270.0,90.0,113.54812622070312,23.548126220703125,-30.0,-30.0,0.0,0.0,0.0
,outer4,4,74,b979,,,,,,60.0,300.0,49.494659423828125,25.905075073242188,-23.589584350585938,-30.0,-30.0,0.0,0.0,0.0
,outer4,4,74,b979,,,,,,60.0,330.0,82.81924438476562,82.81924438476562,0.0,0.0,0.0,0.0,0.0,0.0
,outer4,4,74,b979,,,,,,90.0,0.0,30.000001907348633,150.0,119.99999809265137,0.0,120.0,0.0,0.0,0.0
,outer4,4,74,b979,,,,,,90.0,30.0,180.0,120.00000762939453,-59.99999237060547,0.0,-60.0,0.0,0.0,0.0
,outer4,4,74,b979,,,,,,90.0,60.0,60.000003814697266,180.0,119.99999618530273,0.0,120.0,0.0,0.0,0.0
,outer4,4,74,b979,,,,,,90.0,90.0,150.0,0.0,-150.0,0.0,-150.0,0.0,1.0,1.0
,outer4,4,74,b979,,,,,,90.0,120.0,90.0,180.0,90.0,0.0,90.0,0.0,0.0,0.0
,outer4,4,74,b979,,,,,,90.0,150.0,120.00000762939453,60.000003814697266,-60.000003814697266,0.0,-60.0,0.0,0.0,0.0
,outer4,4,74,b979,,,,,,90.0,180.0,150.0,30.000001907348633,-119.99999809265137,0.0,-120.0,0.0,0.0,0.0
,outer4,4,74,b979,,,,,,90.0,210.0,0.0,90.0,90.0,0.0,90.0,1.0,0.0,-1.0
,outer4,4,74,b979,,,,,,90.0,240.0,120.00000762939453,60.000003814697266,-60.000003814697266,0.0,-60.0,0.0,0.0,0.0
,outer4,4,74,b979,,,,,,90.0,270.0,30.000001907348633,180.0,149.99999809265137,0.0,150.0,0.0,0.0,0.0
,outer4,4,74,b979,,,,,,90.0,300.0,90.0,0.0,-90.0,0.0,-90.0,0.0,1.0,1.0
,outer4,4,74,b979,,,,,,90.0,330.0,60.00000762939453,120.00000762939453,60.0,0.0,60.0,0.0,0.0,0.0
,outer4,4,74,b979,,,,,,120.0,0.0,29.99998664855957,0.0,-29.99998664855957,-30.0,0.0,0.0,1.0,1.0
,outer4,4,74,b979,,,,,,120.0,30.0,120.00000762939453,0.0,-120.00000762939453,0.0,-180.0,0.0,1.0,1.0
,outer4,4,74,b979,,,,,,120.0,60.0,102.50392150878906,180.0,77.49607849121094,-30.0,120.0,0.0,0.0,0.0
,outer4,4,74,b979,,,,,,120.0,90.0,41.40962219238281,66.45188903808594,25.042266845703125,30.0,0.0,0.0,0.0,0.0
,outer4,4,74,b979,,,,,,120.0,120.0,90.0,64.34109497070312,-25.658905029296875,0.0,-30.0,0.0,0.0,0.0
,outer4,4,74,b979,,,,,,120.0,150.0,97.18075561523438,120.00000762939453,22.819252014160156,0.0,60.0,0.0,0.0,0.0
,outer4,4,74,b979,,,,,,120.0,180.0,29.99998664855957,120.00000762939453,90.00002098083496,-30.0,180.0,0.0,0.0,0.0
,outer4,4,74,b979,,,,,,120.0,210.0,0.0,60.000003814697266,60.000003814697266,60.0,0.0,1.0,0.0,-1.0
,outer4,4,74,b979,,,,,,120.0,240.0,86.67425537109375,120.00000762939453,33.32575225830078,-30.0,30.0,0.0,0.0,0.0
,outer4,4,74,b979,,,,,,120.0,270.0,120.00000762939453,120.00000762939453,0.0,0.0,0.0,0.0,0.0,0.0
,outer4,4,74,b979,,,,,,120.0,300.0,143.9022216796875,113.54811096191406,-30.354110717773438,-90.0,0.0,0.0,0.0,0.0
,outer4,4,74,b979,,,,,,120.0,330.0,82.81924438476562,82.81924438476562,0.0,0.0,0.0,0.0,0.0,0.0
,outer4,4,74,b979,,,,,,150.0,0.0,0.0,29.99998664855957,29.99998664855957,30.0,0.0,1.0,0.0,-1.0
,outer4,4,74,b979,,,,,,150.0,30.0,0.0,14.870942115783691,14.870942115783691,0.0,30.0,1.0,0.0,-1.0
,outer4,4,74,b979,,,,,,150.0,60.0,120.00000762939453,120.00000762939453,0.0,0.0,0.0,0.0,0.0,0.0
,outer4,4,74,b979,,,,,,150.0,90.0,60.000003814697266,90.0,29.999996185302734,30.0,0.0,0.0,0.0,0.0
,outer4,4,74,b979,,,,,,150.0,120.0,36.09777069091797,14.870942115783691,-21.226828575134277,-30.0,0.0,0.0,0.0,0.0
,outer4,4,74,b979,,,,,,150.0,150.0,14.870942115783691,0.0,-14.870942115783691,0.0,-30.0,0.0,1.0,1.0
,outer4,4,74,b979,,,,,,150.0,180.0,0.0,0.0,0.0,0.0,0.0,1.0,1.0,0.0
,outer4,4,74,b979,,,,,,150.0,210.0,0.0,57.7581901550293,57.7581901550293,0.0,150.0,1.0,0.0,-1.0
,outer4,4,74,b979,,,,,,150.0,240.0,60.000003814697266,128.68218994140625,68.68218612670898,120.0,-120.0,0.0,0.0,0.0
,outer4,4,74,b979,,,,,,150.0,270.0,60.000003814697266,90.0,29.999996185302734,30.0,0.0,0.0,0.0,0.0
,outer4,4,74,b979,,,,,,150.0,300.0,57.7581901550293,57.7581901550293,0.0,0.0,0.0,0.0,0.0,0.0
,outer4,4,74,b979,,,,,,150.0,330.0,165.12905883789062,128.68218994140625,-36.446868896484375,0.0,-90.0,0.0,0.0,0.0
,outer4,4,74,baa9,,,,,,30.0,0.0,0.0,0.0,0.0,0.0,0.0,1.0,1.0,0.0
,outer4,4,74,baa9,,,,,,30.0,30.0,0.0,0.0,0.0,0.0,0.0,1.0,1.0,0.0
,outer4,4,74,baa9,,,,,,30.0,60.0,0.0,0.0,0.0,0.0,0.0,1.0,1.0,0.0
,outer4,4,74,baa9,,,,,,30.0,90.0,0.0,0.0,0.0,0.0,0.0,1.0,1.0,0.0
,outer4,4,74,baa9,,,,,,30.0,120.0,0.0,0.0,0.0,0.0,0.0,1.0,1.0,0.0
,outer4,4,74,baa9,,,,,,30.0,150.0,0.0,0.0,0.0,0.0,0.0,1.0,1.0,0.0
,outer4,4,74,baa9,,,,,,30.0,180.0,0.0,0.0,0.0,0.0,0.0,1.0,1.0,0.0
,outer4,4,74,baa9,,,,,,30.0,210.0,0.0,0.0,0.0,0.0,0.0,1.0,1.0,0.0
,outer4,4,74,baa9,,,,,,30.0,240.0,0.0,0.0,0.0,0.0,0.0,1.0,1.0,0.0
,outer4,4,74,baa9,,,,,,30.0,270.0,0.0,0.0,0.0,0.0,0.0,1.0,1.0,0.0
,outer4,4,74,baa9,,,,,,30.0,300.0,0.0,0.0,0.0,0.0,0.0,1.0,1.0,0.0
,outer4,4,74,baa9,,,,,,30.0,330.0,0.0,0.0,0.0,0.0,0.0,1.0,1.0,0.0
,outer4,4,74,baa9,,,,,,60.0,0.0,0.0,0.0,0.0,0.0,0.0,1.0,1.0,0.0
,outer4,4,74,baa9,,,,,,60.0,30.0,0.0,0.0,0.0,0.0,0.0,1.0,1.0,0.0
,outer4,4,74,baa9,,,,,,60.0,60.0,0.0,0.0,0.0,0.0,0.0,1.0,1.0,0.0
,outer4,4,74,baa9,,,,,,60.0,90.0,0.0,0.0,0.0,0.0,0.0,1.0,1.0,0.0
,outer4,4,74,baa9,,,,,,60.0,120.0,0.0,0.0,0.0,0.0,0.0,1.0,1.0,0.0
,outer4,4,74,baa9,,,,,,60.0,150.0,0.0,0.0,0.0,0.0,0.0,1.0,1.0,0.0
,outer4,4,74,baa9,,,,,,60.0,180.0,0.0,0.0,0.0,0.0,0.0,1.0,1.0,0.0
,outer4,4,74,baa9,,,,,,60.0,210.0,25.905075073242188,0.0,-25.905075073242188,0.0,-30.0,0.0,1.0,1.0
,outer4,4,74,baa9,,,,,,60.0,240.0,0.0,0.0,0.0,0.0,0.0,1.0,1.0,0.0
,outer4,4,74,baa9,,,,,,60.0,270.0,0.0,0.0,0.0,0.0,0.0,1.0,1.0,0.0
,outer4,4,74,baa9,,,,,,60.0,300.0,0.0,0.0,0.0,0.0,0.0,1.0,1.0,0.0
,outer4,4,74,baa9,,,,,,60.0,330.0,0.0,0.0,0.0,0.0,0.0,1.0,1.0,0.0
,outer4,4,74,baa9,,,,,,90.0,0.0,0.0,180.0,180.0,0.0,180.0,1.0,0.0,-1.0
,outer4,4,74,baa9,,,,,,90.0,30.0,0.0,0.0,0.0,0.0,0.0,1.0,1.0,0.0
,outer4,4,74,baa9,,,,,,90.0,60.0,0.0,0.0,0.0,0.0,0.0,1.0,1.0,0.0
,outer4,4,74,baa9,,,,,,90.0,90.0,0.0,0.0,0.0,0.0,0.0,1.0,1.0,0.0
,outer4,4,74,baa9,,,,,,90.0,120.0,0.0,0.0,0.0,0.0,0.0,1.0,1.0,0.0
,outer4,4,74,baa9,,,,,,90.0,150.0,0.0,0.0,0.0,0.0,0.0,1.0,1.0,0.0
,outer4,4,74,baa9,,,,,,90.0,180.0,180.0,0.0,-180.0,0.0,-180.0,0.0,1.0,1.0
,outer4,4,74,baa9,,,,,,90.0,210.0,0.0,0.0,0.0,0.0,0.0,1.0,1.0,0.0
,outer4,4,74,baa9,,,,,,90.0,240.0,0.0,0.0,0.0,0.0,0.0,1.0,1.0,0.0
,outer4,4,74,baa9,,,,,,90.0,270.0,0.0,0.0,0.0,0.0,0.0,1.0,1.0,0.0
,outer4,4,74,baa9,,,,,,90.0,300.0,0.0,0.0,0.0,0.0,0.0,1.0,1.0,0.0
,outer4,4,74,baa9,,,,,,90.0,330.0,0.0,0.0,0.0,0.0,0.0,1.0,1.0,0.0
,outer4,4,74,baa9,,,,,,120.0,0.0,0.0,0.0,0.0,0.0,0.0,1.0,1.0,0.0
,outer4,4,74,baa9,,,,,,120.0,30.0,0.0,0.0,0.0,0.0,0.0,1.0,1.0,0.0
,outer4,4,74,baa9,,,,,,120.0,60.0,0.0,0.0,0.0,0.0,0.0,1.0,1.0,0.0
,outer4,4,74,baa9,,,,,,120.0,90.0,0.0,0.0,0.0,0.0,0.0,1.0,1.0,0.0
,outer4,4,74,baa9,,,,,,120.0,120.0,0.0,0.0,0.0,0.0,0.0,1.0,1.0,0.0
,outer4,4,74,baa9,,,,,,120.0,150.0,0.0,0.0,0.0,0.0,0.0,1.0,1.0,0.0
,outer4,4,74,baa9,,,,,,120.0,180.0,0.0,0.0,0.0,0.0,0.0,1.0,1.0,0.0
,outer4,4,74,baa9,,,,,,120.0,210.0,0.0,0.0,0.0,0.0,0.0,1.0,1.0,0.0
,outer4,4,74,baa9,,,,,,120.0,240.0,0.0,0.0,0.0,0.0,0.0,1.0,1.0,0.0
,outer4,4,74,baa9,,,,,,120.0,270.0,0.0,0.0,0.0,0.0,0.0,1.0,1.0,0.0
,outer4,4,74,baa9,,,,,,120.0,300.0,0.0,0.0,0.0,0.0,0.0,1.0,1.0,0.0
,outer4,4,74,baa9,,,,,,120.0,330.0,0.0,0.0,0.0,0.0,0.0,1.0,1.0,0.0
,outer4,4,74,baa9,,,,,,150.0,0.0,0.0,0.0,0.0,0.0,0.0,1.0,1.0,0.0
,outer4,4,74,baa9,,,,,,150.0,30.0,0.0,0.0,0.0,0.0,0.0,1.0,1.0,0.0
,outer4,4,74,baa9,,,,,,150.0,60.0,0.0,0.0,0.0,0.0,0.0,1.0,1.0,0.0
,outer4,4,74,baa9,,,,,,150.0,90.0,0.0,0.0,0.0,0.0,0.0,1.0,1.0,0.0
,outer4,4,74,baa9,,,,,,150.0,120.0,0.0,0.0,0.0,0.0,0.0,1.0,1.0,0.0
,outer4,4,74,baa9,,,,,,150.0,150.0,0.0,0.0,0.0,0.0,0.0,1.0,1.0,0.0
,outer4,4,74,baa9,,,,,,150.0,180.0,0.0,0.0,0.0,0.0,0.0,1.0,1.0,0.0
,outer4,4,74,baa9,,,,,,150.0,210.0,0.0,0.0,0.0,0.0,0.0,1.0,1.0,0.0
,outer4,4,74,baa9,,,,,,150.0,240.0,0.0,0.0,0.0,0.0,0.0,1.0,1.0,0.0
,outer4,4,74,baa9,,,,,,150.0,270.0,0.0,0.0,0.0,0.0,0.0,1.0,1.0,0.0
,outer4,4,74,baa9,,,,,,150.0,300.0,0.0,0.0,0.0,0.0,0.0,1.0,1.0,0.0
,outer4,4,74,baa9,,,,,,150.0,330.0,0.0,0.0,0.0,0.0,0.0,1.0,1.0,0.0
,outer4,4,74,bb26,,,,,,30.0,0.0,90.0,90.0,0.0,0.0,0.0,0.0,0.0,0.0
,outer4,4,74,bb26,,,,,,30.0,30.0,0.0,36.097782135009766,36.097782135009766,30.0,30.0,1.0,0.0,-1.0
,outer4,4,74,bb26,,,,,,30.0,60.0,0.0,151.04498291015625,151.04498291015625,120.0,120.0,1.0,0.0,-1.0
,outer4,4,74,bb26,,,,,,30.0,90.0,180.0,90.0,-90.0,-30.0,-180.0,0.0,0.0,0.0
,outer4,4,74,bb26,,,,,,30.0,120.0,128.68218994140625,90.0,-38.68218994140625,-90.0,120.0,0.0,0.0,0.0
,outer4,4,74,bb26,,,,,,30.0,150.0,151.04498291015625,165.12905883789062,14.084075927734375,0.0,30.0,0.0,0.0,0.0
,outer4,4,74,bb26,,,,,,30.0,180.0,90.0,90.0,0.0,0.0,0.0,0.0,0.0,0.0
,outer4,4,74,bb26,,,,,,30.0,210.0,128.68218994140625,14.870942115783691,-113.81124782562256,-120.0,-30.0,0.0,0.0,0.0
,outer4,4,74,bb26,,,,,,30.0,240.0,60.000003814697266,60.000003814697266,0.0,0.0,0.0,0.0,0.0,0.0
,outer4,4,74,bb26,,,,,,30.0,270.0,0.0,57.7581901550293,57.7581901550293,0.0,150.0,1.0,0.0,-1.0
,outer4,4,74,bb26,,,,,,30.0,300.0,151.04498291015625,0.0,-151.04498291015625,-120.0,-120.0,0.0,1.0,1.0
,outer4,4,74,bb26,,,,,,30.0,330.0,102.50392150878906,102.50392150878906,0.0,0.0,0.0,0.0,0.0,0.0
,outer4,4,74,bb26,,,,,,60.0,0.0,120.00000762939453,180.0,59.99999237060547,60.0,0.0,0.0,0.0,0.0
,outer4,4,74,bb26,,,,,,60.0,30.0,66.45188903808594,51.31782150268555,-15.13406753540039,-60.0,30.0,0.0,0.0,0.0
,outer4,4,74,bb26,,,,,,60.0,60.0,0.0,0.0,0.0,0.0,0.0,1.0,1.0,0.0
,outer4,4,74,bb26,,,,,,60.0,90.0,60.000003814697266,180.0,119.99999618530273,0.0,180.0,0.0,0.0,0.0
,outer4,4,74,bb26,,,,,,60.0,120.0,66.45188903808594,138.59039306640625,72.13850402832031,-30.0,120.0,0.0,0.0,0.0
,outer4,4,74,bb26,,,,,,60.0,150.0,0.0,51.31781005859375,51.31781005859375,0.0,60.0,1.0,0.0,-1.0
,outer4,4,74,bb26,,,,,,60.0,180.0,0.0,60.000003814697266,60.000003814697266,60.0,0.0,1.0,0.0,-1.0
,outer4,4,74,bb26,,,,,,60.0,210.0,90.0,97.1807632446289,7.180763244628906,-30.0,-60.0,0.0,0.0,0.0
,outer4,4,74,bb26,,,,,,60.0,240.0,25.905075073242188,25.905075073242188,0.0,0.0,0.0,0.0,0.0,0.0
,outer4,4,74,bb26,,,,,,60.0,270.0,0.0,41.40962219238281,41.40962219238281,30.0,30.0,1.0,0.0,-1.0
,outer4,4,74,bb26,,,,,,60.0,300.0,154.0949249267578,0.0,-154.0949249267578,-60.0,-150.0,0.0,1.0,1.0
,outer4,4,74,bb26,,,,,,60.0,330.0,102.50391387939453,128.6822052001953,26.17829132080078,-30.0,60.0,0.0,0.0,0.0
,outer4,4,74,bb26,,,,,,90.0,0.0,0.0,0.0,0.0,0.0,0.0,1.0,1.0,0.0
,outer4,4,74,bb26,,,,,,90.0,30.0,60.00000762939453,0.0,-60.00000762939453,0.0,-60.0,0.0,1.0,1.0
,outer4,4,74,bb26,,,,,,90.0,60.0,119.99999237060547,119.99999237060547,0.0,0.0,0.0,0.0,0.0,0.0
,outer4,4,74,bb26,,,,,,90.0,90.0,150.0,150.0,0.0,0.0,0.0,0.0,0.0,0.0
,outer4,4,74,bb26,,,,,,90.0,120.0,0.0,180.0,180.0,0.0,180.0,1.0,0.0,-1.0
,outer4,4,74,bb26,,,,,,90.0,150.0,180.0,180.0,0.0,0.0,0.0,0.0,0.0,0.0
,outer4,4,74,bb26,,,,,,90.0,180.0,180.0,180.0,0.0,0.0,0.0,0.0,0.0,0.0
,outer4,4,74,bb26,,,,,,90.0,210.0,120.00000762939453,180.0,59.99999237060547,0.0,60.0,0.0,0.0,0.0
,outer4,4,74,bb26,,,,,,90.0,240.0,90.0,60.000003814697266,-29.999996185302734,0.0,-30.0,0.0,0.0,0.0
,outer4,4,74,bb26,,,,,,90.0,270.0,30.000001907348633,30.000001907348633,0.0,0.0,0.0,0.0,0.0,0.0
,outer4,4,74,bb26,,,,,,90.0,300.0,0.0,0.0,0.0,0.0,0.0,1.0,1.0,0.0
,outer4,4,74,bb26,,,,,,90.0,330.0,30.00000762939453,30.00000762939453,0.0,0.0,0.0,0.0,0.0,0.0
,outer4,4,74,bb26,,,,,,120.0,0.0,120.00000762939453,120.00000762939453,0.0,0.0,0.0,0.0,0.0,0.0
,outer4,4,74,bb26,,,,,,120.0,30.0,93.32575225830078,104.47750854492188,11.151756286621094,-30.0,60.0,0.0,0.0,0.0
,outer4,4,74,bb26,,,,,,120.0,60.0,0.0,0.0,0.0,0.0,0.0,1.0,1.0,0.0
,outer4,4,74,bb26,,,,,,120.0,90.0,150.0,138.59039306640625,-11.40960693359375,0.0,-30.0,0.0,0.0,0.0
,outer4,4,74,bb26,,,,,,120.0,120.0,115.6589126586914,104.47750854492188,-11.181404113769531,30.0,-30.0,0.0,0.0,0.0
,outer4,4,74,bb26,,,,,,120.0,150.0,49.49464416503906,82.81924438476562,33.32460021972656,30.0,0.0,0.0,0.0,0.0
,outer4,4,74,bb26,,,,,,120.0,180.0,120.00000762939453,120.00000762939453,0.0,0.0,0.0,0.0,0.0,0.0
,outer4,4,74,bb26,,,,,,120.0,210.0,60.000003814697266,60.000003814697266,0.0,0.0,0.0,0.0,0.0,0.0
,outer4,4,74,bb26,,,,,,120.0,240.0,25.905075073242188,25.905075073242188,0.0,0.0,0.0,0.0,0.0,0.0
,outer4,4,74,bb26,,,,,,120.0,270.0,120.00000762939453,0.0,-120.00000762939453,0.0,-180.0,0.0,1.0,1.0
,outer4,4,74,bb26,,,,,,120.0,300.0,128.68218994140625,138.59039306640625,9.908203125,-30.0,30.0,0.0,0.0,0.0
,outer4,4,74,bb26,,,,,,120.0,330.0,82.81924438476562,60.000003814697266,-22.81924057006836,0.0,-60.0,0.0,0.0,0.0
,outer4,4,74,bb26,,,,,,150.0,0.0,29.99998664855957,29.99998664855957,0.0,0.0,0.0,0.0,0.0,0.0
,outer4,4,74,bb26,,,,,,150.0,30.0,29.99998664855957,0.0,-29.99998664855957,-30.0,0.0,0.0,1.0,1.0
,outer4,4,74,bb26,,,,,,150.0,60.0,0.0,151.04498291015625,151.04498291015625,120.0,120.0,1.0,0.0,-1.0
,outer4,4,74,bb26,,,,,,150.0,90.0,180.0,180.0,0.0,0.0,0.0,0.0,0.0,0.0
,outer4,4,74,bb26,,,,,,150.0,120.0,128.68218994140625,128.68218994140625,0.0,0.0,0.0,0.0,0.0,0.0
,outer4,4,74,bb26,,,,,,150.0,150.0,0.0,93.32574462890625,93.32574462890625,90.0,30.0,1.0,0.0,-1.0
,outer4,4,74,bb26,,,,,,150.0,180.0,29.99998664855957,29.99998664855957,0.0,0.0,0.0,0.0,0.0,0.0
,outer4,4,74,bb26,,,,,,150.0,210.0,151.04498291015625,0.0,-151.04498291015625,-120.0,-120.0,0.0,1.0,1.0
,outer4,4,74,bb26,,,,,,150.0,240.0,60.000003814697266,60.000003814697266,0.0,0.0,0.0,0.0,0.0,0.0
,outer4,4,74,bb26,,,,,,150.0,270.0,0.0,0.0,0.0,0.0,0.0,1.0,1.0,0.0
,outer4,4,74,bb26,,,,,,150.0,300.0,151.04498291015625,0.0,-151.04498291015625,-120.0,-120.0,0.0,1.0,1.0
,outer4,4,74,bb26,,,,,,150.0,330.0,128.68218994140625,122.24180603027344,-6.4403839111328125,0.0,-30.0,0.0,0.0,0.0
,outer4,4,75,b7fd,,,,,,30.0,0.0,60.000003814697266,90.0,29.999996185302734,30.0,0.0,0.0,0.0,0.0
,outer4,4,75,b7fd,,,,,,30.0,30.0,30.000001907348633,60.000003814697266,30.000001907348633,-30.0,180.0,0.0,0.0,0.0
,outer4,4,75,b7fd,,,,,,30.0,60.0,128.68218994140625,165.12905883789062,36.446868896484375,0.0,90.0,0.0,0.0,0.0
,outer4,4,75,b7fd,,,,,,30.0,90.0,86.67425537109375,0.0,-86.67425537109375,-30.0,-150.0,0.0,1.0,1.0
,outer4,4,75,b7fd,,,,,,30.0,120.0,36.097782135009766,0.0,-36.097782135009766,-30.0,-30.0,0.0,1.0,1.0
,outer4,4,75,b7fd,,,,,,30.0,150.0,150.0,93.32575225830078,-56.67424774169922,0.0,-150.0,0.0,0.0,0.0
,outer4,4,75,b7fd,,,,,,30.0,180.0,0.0,30.000001907348633,30.000001907348633,30.0,0.0,1.0,0.0,-1.0
,outer4,4,75,b7fd,,,,,,30.0,210.0,30.000001907348633,0.0,-30.000001907348633,-30.0,0.0,0.0,1.0,1.0
,outer4,4,75,b7fd,,,,,,30.0,240.0,151.04498291015625,165.12905883789062,14.084075927734375,0.0,30.0,0.0,0.0,0.0
,outer4,4,75,b7fd,,,,,,30.0,270.0,60.000003814697266,60.000003814697266,0.0,0.0,0.0,0.0,0.0,0.0
,outer4,4,75,b7fd,,,,,,30.0,300.0,57.7581901550293,57.7581901550293,0.0,0.0,0.0,0.0,0.0,0.0
,outer4,4,75,b7fd,,,,,,30.0,330.0,49.494659423828125,93.32575988769531,43.83110046386719,60.0,-30.0,0.0,0.0,0.0
,outer4,4,75,b7fd,,,,,,60.0,0.0,0.0,0.0,0.0,0.0,0.0,1.0,1.0,0.0
,outer4,4,75,b7fd,,,,,,60.0,30.0,0.0,128.6822052001953,128.6822052001953,60.0,120.0,1.0,0.0,-1.0
,outer4,4,75,b7fd,,,,,,60.0,60.0,128.68218994140625,154.0949249267578,25.412734985351562,0.0,30.0,0.0,0.0,0.0
,outer4,4,75,b7fd,,,,,,60.0,90.0,41.40962219238281,25.905075073242188,-15.504547119140625,-30.0,0.0,0.0,0.0,0.0
,outer4,4,75,b7fd,,,,,,60.0,120.0,51.31781005859375,0.0,-51.31781005859375,0.0,-60.0,0.0,1.0,1.0
,outer4,4,75,b7fd,,,,,,60.0,150.0,154.09490966796875,120.00000762939453,-34.09490203857422,-60.0,30.0,0.0,0.0,0.0
,outer4,4,75,b7fd,,,,,,60.0,180.0,0.0,93.32574462890625,93.32574462890625,90.0,30.0,1.0,0.0,-1.0
,outer4,4,75,b7fd,,,,,,60.0,210.0,180.0,128.6822052001953,-51.31779479980469,0.0,-60.0,0.0,0.0,0.0
,outer4,4,75,b7fd,,,,,,60.0,240.0,128.6822052001953,0.0,-128.6822052001953,-60.0,-120.0,0.0,1.0,1.0
,outer4,4,75,b7fd,,,,,,60.0,270.0,120.00000762939453,120.00000762939453,0.0,0.0,0.0,0.0,0.0,0.0
,outer4,4,75,b7fd,,,,,,60.0,300.0,0.0,0.0,0.0,0.0,0.0,1.0,1.0,0.0
,outer4,4,75,b7fd,,,,,,60.0,330.0,120.00000762939453,0.0,-120.00000762939453,0.0,-180.0,0.0,1.0,1.0
,outer4,4,75,b7fd,,,,,,90.0,0.0,180.0,0.0,-180.0,0.0,-180.0,0.0,1.0,1.0
,outer4,4,75,b7fd,,,,,,90.0,30.0,120.00000762939453,120.00000762939453,0.0,0.0,0.0,0.0,0.0,0.0
,outer4,4,75,b7fd,,,,,,90.0,60.0,60.000003814697266,60.000003814697266,0.0,0.0,0.0,0.0,0.0,0.0
,outer4,4,75,b7fd,,,,,,90.0,90.0,180.0,180.0,0.0,0.0,0.0,0.0,0.0,0.0
,outer4,4,75,b7fd,,,,,,90.0,120.0,30.000001907348633,0.0,-30.000001907348633,0.0,-30.0,0.0,1.0,1.0
,outer4,4,75,b7fd,,,,,,90.0,150.0,0.0,0.0,0.0,0.0,0.0,1.0,1.0,0.0
,outer4,4,75,b7fd,,,,,,90.0,180.0,0.0,180.0,180.0,0.0,180.0,1.0,0.0,-1.0
,outer4,4,75,b7fd,,,,,,90.0,210.0,60.000003814697266,0.0,-60.000003814697266,0.0,-60.0,0.0,1.0,1.0
,outer4,4,75,b7fd,,,,,,90.0,240.0,60.000003814697266,60.000003814697266,0.0,0.0,0.0,0.0,0.0,0.0
,outer4,4,75,b7fd,,,,,,90.0,270.0,0.0,0.0,0.0,0.0,0.0,1.0,1.0,0.0
,outer4,4,75,b7fd,,,,,,90.0,300.0,0.0,180.0,180.0,0.0,180.0,1.0,0.0,-1.0
,outer4,4,75,b7fd,,,,,,90.0,330.0,180.0,180.0,0.0,0.0,0.0,0.0,0.0,0.0
,outer4,4,75,b7fd,,,,,,120.0,0.0,0.0,29.99998664855957,29.99998664855957,30.0,0.0,1.0,0.0,-1.0
,outer4,4,75,b7fd,,,,,,120.0,30.0,128.6822052001953,82.81924438476562,-45.86296081542969,0.0,-60.0,0.0,0.0,0.0
,outer4,4,75,b7fd,,,,,,120.0,60.0,154.0949249267578,128.68218994140625,-25.412734985351562,0.0,-30.0,0.0,0.0,0.0
,outer4,4,75,b7fd,,,,,,120.0,90.0,0.0,120.00000762939453,120.00000762939453,0.0,180.0,1.0,0.0,-1.0
,outer4,4,75,b7fd,,,,,,120.0,120.0,0.0,0.0,0.0,0.0,0.0,1.0,1.0,0.0
,outer4,4,75,b7fd,,,,,,120.0,150.0,97.18075561523438,120.00000762939453,22.819252014160156,0.0,60.0,0.0,0.0,0.0
,outer4,4,75,b7fd,,,,,,120.0,180.0,0.0,30.000001907348633,30.000001907348633,30.0,0.0,1.0,0.0,-1.0
,outer4,4,75,b7fd,,,,,,120.0,210.0,120.00000762939453,82.81924438476562,-37.180763244628906,60.0,-120.0,0.0,0.0,0.0
,outer4,4,75,b7fd,,,,,,120.0,240.0,138.59039306640625,0.0,-138.59039306640625,-30.0,-150.0,0.0,1.0,1.0
,outer4,4,75,b7fd,,,,,,120.0,270.0,0.0,0.0,0.0,0.0,0.0,1.0,1.0,0.0
,outer4,4,75,b7fd,,,,,,120.0,300.0,29.99998664855957,29.99998664855957,0.0,0.0,0.0,0.0,0.0,0.0
,outer4,4,75,b7fd,,,,,,120.0,330.0,0.0,97.18075561523438,97.18075561523438,0.0,120.0,1.0,0.0,-1.0
,outer4,4,75,b7fd,,,,,,150.0,0.0,0.0,29.99998664855957,29.99998664855957,30.0,0.0,1.0,0.0,-1.0
,outer4,4,75,b7fd,,,,,,150.0,30.0,29.99998664855957,14.870942115783691,-15.129044532775879,-30.0,30.0,0.0,0.0,0.0
,outer4,4,75,b7fd,,,,,,150.0,60.0,122.24180603027344,151.04498291015625,28.803176879882812,0.0,90.0,0.0,0.0,0.0
,outer4,4,75,b7fd,,,,,,150.0,90.0,0.0,60.000003814697266,60.000003814697266,0.0,180.0,1.0,0.0,-1.0
,outer4,4,75,b7fd,,,,,,150.0,120.0,14.870942115783691,14.870942115783691,0.0,0.0,0.0,0.0,0.0,0.0
,outer4,4,75,b7fd,,,,,,150.0,150.0,90.0,102.50391387939453,12.503913879394531,0.0,60.0,0.0,0.0,0.0
,outer4,4,75,b7fd,,,,,,150.0,180.0,29.99998664855957,29.99998664855957,0.0,0.0,0.0,0.0,0.0,0.0
,outer4,4,75,b7fd,,,,,,150.0,210.0,90.0,60.000003814697266,-29.999996185302734,-30.0,0.0,0.0,0.0,0.0
,outer4,4,75,b7fd,,,,,,150.0,240.0,143.9022216796875,151.04498291015625,7.14276123046875,30.0,-30.0,0.0,0.0,0.0
,outer4,4,75,b7fd,,,,,,150.0,270.0,0.0,90.0,90.0,90.0,0.0,1.0,0.0,-1.0
,outer4,4,75,b7fd,,,,,,150.0,300.0,60.000003814697266,57.7581901550293,-2.2418136596679688,0.0,-30.0,0.0,0.0,0.0
,outer4,4,75,b7fd,,,,,,150.0,330.0,36.0977783203125,102.50391387939453,66.40613555908203,60.0,30.0,0.0,0.0,0.0
,outer4,4,75,b8ed,,,,,,30.0,0.0,0.0,0.0,0.0,0.0,0.0,1.0,1.0,0.0
,outer4,4,75,b8ed,,,,,,30.0,30.0,60.000003814697266,165.12905883789062,105.12905502319336,120.0,-30.0,0.0,0.0,0.0
,outer4,4,75,b8ed,,,,,,30.0,60.0,57.7581901550293,0.0,-57.7581901550293,0.0,-150.0,0.0,1.0,1.0
,outer4,4,75,b8ed,,,,,,30.0,90.0,0.0,30.000001907348633,30.000001907348633,30.0,0.0,1.0,0.0,-1.0
,outer4,4,75,b8ed,,,,,,30.0,120.0,120.00000762939453,0.0,-120.00000762939453,-120.0,0.0,0.0,1.0,1.0
,outer4,4,75,b8ed,,,,,,30.0,150.0,0.0,122.24180603027344,122.24180603027344,120.0,30.0,1.0,0.0,-1.0
,outer4,4,75,b8ed,,,,,,30.0,180.0,0.0,0.0,0.0,0.0,0.0,1.0,1.0,0.0
,outer4,4,75,b8ed,,,,,,30.0,210.0,0.0,51.31781005859375,51.31781005859375,0.0,120.0,1.0,0.0,-1.0
,outer4,4,75,b8ed,,,,,,30.0,240.0,151.04498291015625,102.50392150878906,-48.54106140136719,-30.0,-60.0,0.0,0.0,0.0
,outer4,4,75,b8ed,,,,,,30.0,270.0,90.0,57.7581901550293,-32.2418098449707,-30.0,-30.0,0.0,0.0,0.0
,outer4,4,75,b8ed,,,,,,30.0,300.0,0.0,0.0,0.0,0.0,0.0,1.0,1.0,0.0
,outer4,4,75,b8ed,,,,,,30.0,330.0,122.24180603027344,128.68218994140625,6.4403839111328125,0.0,30.0,0.0,0.0,0.0
,outer4,4,75,b8ed,,,,,,60.0,0.0,30.000001907348633,30.000001907348633,0.0,0.0,0.0,0.0,0.0,0.0
,outer4,4,75,b8ed,,,,,,60.0,30.0,0.0,180.0,180.0,60.0,180.0,1.0,0.0,-1.0
,outer4,4,75,b8ed,,,,,,60.0,60.0,128.68218994140625,154.0949249267578,25.412734985351562,0.0,30.0,0.0,0.0,0.0
,outer4,4,75,b8ed,,,,,,60.0,90.0,0.0,25.905075073242188,25.905075073242188,0.0,30.0,1.0,0.0,-1.0
,outer4,4,75,b8ed,,,,,,60.0,120.0,25.905075073242188,97.1807632446289,71.27568817138672,0.0,90.0,0.0,0.0,0.0
,outer4,4,75,b8ed,,,,,,60.0,150.0,128.6822052001953,82.81924438476562,-45.86296081542969,0.0,-60.0,0.0,0.0,0.0
,outer4,4,75,b8ed,,,,,,60.0,180.0,30.000001907348633,0.0,-30.000001907348633,-30.0,0.0,0.0,1.0,1.0
,outer4,4,75,b8ed,,,,,,60.0,210.0,120.00000762939453,60.000003814697266,-60.000003814697266,60.0,-180.0,0.0,0.0,0.0
,outer4,4,75,b8ed,,,,,,60.0,240.0,0.0,97.1807632446289,97.1807632446289,0.0,120.0,1.0,0.0,-1.0
,outer4,4,75,b8ed,,,,,,60.0,270.0,120.00000762939453,120.00000762939453,0.0,0.0,0.0,0.0,0.0,0.0
,outer4,4,75,b8ed,,,,,,60.0,300.0,0.0,0.0,0.0,0.0,0.0,1.0,1.0,0.0
,outer4,4,75,b8ed,,,,,,60.0,330.0,51.31782150268555,0.0,-51.31782150268555,0.0,-60.0,0.0,1.0,1.0
,outer4,4,75,b8ed,,,,,,90.0,0.0,0.0,30.000001907348633,30.000001907348633,0.0,30.0,1.0,0.0,-1.0
,outer4,4,75,b8ed,,,,,,90.0,30.0,0.0,0.0,0.0,0.0,0.0,1.0,1.0,0.0
,outer4,4,75,b8ed,,,,,,90.0,60.0,0.0,60.000003814697266,60.000003814697266,0.0,60.0,1.0,0.0,-1.0
,outer4,4,75,b8ed,,,,,,90.0,90.0,180.0,180.0,0.0,0.0,0.0,0.0,0.0,0.0
,outer4,4,75,b8ed,,,,,,90.0,120.0,0.0,0.0,0.0,0.0,0.0,1.0,1.0,0.0
,outer4,4,75,b8ed,,,,,,90.0,150.0,120.00000762939453,120.00000762939453,0.0,0.0,0.0,0.0,0.0,0.0
,outer4,4,75,b8ed,,,,,,90.0,180.0,180.0,150.0,-30.0,0.0,-30.0,0.0,0.0,0.0
,outer4,4,75,b8ed,,,,,,90.0,210.0,180.0,180.0,0.0,0.0,0.0,0.0,0.0,0.0
,outer4,4,75,b8ed,,,,,,90.0,240.0,120.00000762939453,120.00000762939453,0.0,0.0,0.0,0.0,0.0,0.0
,outer4,4,75,b8ed,,,,,,90.0,270.0,0.0,0.0,0.0,0.0,0.0,1.0,1.0,0.0
,outer4,4,75,b8ed,,,,,,90.0,300.0,0.0,180.0,180.0,0.0,180.0,1.0,0.0,-1.0
,outer4,4,75,b8ed,,,,,,90.0,330.0,60.00000762939453,120.00000762939453,60.0,0.0,60.0,0.0,0.0,0.0
,outer4,4,75,b8ed,,,,,,120.0,0.0,29.99998664855957,0.0,-29.99998664855957,-30.0,0.0,0.0,1.0,1.0
,outer4,4,75,b8ed,,,,,,120.0,30.0,90.0,120.00000762939453,30.00000762939453,-90.0,180.0,0.0,0.0,0.0
,outer4,4,75,b8ed,,,,,,120.0,60.0,60.000003814697266,60.000003814697266,0.0,0.0,0.0,0.0,0.0,0.0
,outer4,4,75,b8ed,,,,,,120.0,90.0,60.000003814697266,180.0,119.99999618530273,0.0,180.0,0.0,0.0,0.0
,outer4,4,75,b8ed,,,,,,120.0,120.0,128.6822052001953,60.000003814697266,-68.68220138549805,0.0,-120.0,0.0,0.0,0.0
,outer4,4,75,b8ed,,,,,,120.0,150.0,128.6822052001953,97.18075561523438,-31.501449584960938,-60.0,0.0,0.0,0.0,0.0
,outer4,4,75,b8ed,,,,,,120.0,180.0,29.99998664855957,0.0,-29.99998664855957,-30.0,0.0,0.0,1.0,1.0
,outer4,4,75,b8ed,,,,,,120.0,210.0,120.00000762939453,0.0,-120.00000762939453,0.0,-180.0,0.0,1.0,1.0
,outer4,4,75,b8ed,,,,,,120.0,240.0,30.000001907348633,120.00000762939453,90.0000057220459,-30.0,180.0,0.0,0.0,0.0
,outer4,4,75,b8ed,,,,,,120.0,270.0,0.0,0.0,0.0,0.0,0.0,1.0,1.0,0.0
,outer4,4,75,b8ed,,,,,,120.0,300.0,0.0,0.0,0.0,0.0,0.0,1.0,1.0,0.0
,outer4,4,75,b8ed,,,,,,120.0,330.0,49.49464416503906,60.000003814697266,10.505359649658203,30.0,-60.0,0.0,0.0,0.0
,outer4,4,75,b8ed,,,,,,150.0,0.0,120.00000762939453,29.99998664855957,-90.00002098083496,-90.0,0.0,0.0,0.0,0.0
,outer4,4,75,b8ed,,,,,,150.0,30.0,60.000003814697266,0.0,-60.000003814697266,0.0,-180.0,0.0,1.0,1.0
,outer4,4,75,b8ed,,,,,,150.0,60.0,120.00000762939453,151.04498291015625,31.04497528076172,0.0,120.0,0.0,0.0,0.0
,outer4,4,75,b8ed,,,,,,150.0,90.0,0.0,0.0,0.0,0.0,0.0,1.0,1.0,0.0
,outer4,4,75,b8ed,,,,,,150.0,120.0,0.0,0.0,0.0,0.0,0.0,1.0,1.0,0.0
,outer4,4,75,b8ed,,,,,,150.0,150.0,0.0,0.0,0.0,0.0,0.0,1.0,1.0,0.0
,outer4,4,75,b8ed,,,,,,150.0,180.0,0.0,29.99998664855957,29.99998664855957,30.0,0.0,1.0,0.0,-1.0
,outer4,4,75,b8ed,,,,,,150.0,210.0,0.0,0.0,0.0,0.0,0.0,1.0,1.0,0.0
,outer4,4,75,b8ed,,,,,,150.0,240.0,0.0,0.0,0.0,0.0,0.0,1.0,1.0,0.0
,outer4,4,75,b8ed,,,,,,150.0,270.0,60.000003814697266,0.0,-60.000003814697266,0.0,-180.0,0.0,1.0,1.0
,outer4,4,75,b8ed,,,,,,150.0,300.0,0.0,0.0,0.0,0.0,0.0,1.0,1.0,0.0
,outer4,4,75,b8ed,,,,,,150.0,330.0,120.00000762939453,151.04498291015625,31.04497528076172,0.0,120.0,0.0,0.0,0.0
,outer4,4,75,b979,,,,,,30.0,0.0,60.000003814697266,60.000003814697266,0.0,0.0,0.0,0.0,0.0,0.0
,outer4,4,75,b979,,,,,,30.0,30.0,0.0,0.0,0.0,0.0,0.0,1.0,1.0,0.0
,outer4,4,75,b979,,,,,,30.0,60.0,122.24180603027344,93.32575225830078,-28.916053771972656,-30.0,0.0,0.0,0.0,0.0
,outer4,4,75,b979,,,,,,30.0,90.0,60.000003814697266,36.097782135009766,-23.9022216796875,30.0,-150.0,0.0,0.0,0.0
,outer4,4,75,b979,,,,,,30.0,120.0,128.68218994140625,60.000003814697266,-68.68218612670898,-120.0,120.0,0.0,0.0,0.0
,outer4,4,75,b979,,,,,,30.0,150.0,0.0,122.24180603027344,122.24180603027344,120.0,30.0,1.0,0.0,-1.0
,outer4,4,75,b979,,,,,,30.0,180.0,0.0,90.0,90.0,90.0,0.0,1.0,0.0,-1.0
,outer4,4,75,b979,,,,,,30.0,210.0,0.0,57.7581901550293,57.7581901550293,0.0,150.0,1.0,0.0,-1.0
,outer4,4,75,b979,,,,,,30.0,240.0,165.12905883789062,143.9022216796875,-21.226837158203125,-30.0,0.0,0.0,0.0,0.0
,outer4,4,75,b979,,,,,,30.0,270.0,120.00000762939453,90.0,-30.00000762939453,-30.0,0.0,0.0,0.0,0.0
,outer4,4,75,b979,,,,,,30.0,300.0,151.04498291015625,51.31781005859375,-99.7271728515625,-120.0,0.0,0.0,0.0,0.0
,outer4,4,75,b979,,,,,,30.0,330.0,122.24180603027344,128.68218994140625,6.4403839111328125,0.0,30.0,0.0,0.0,0.0
,outer4,4,75,b979,,,,,,60.0,0.0,90.0,120.00000762939453,30.00000762939453,-90.0,180.0,0.0,0.0,0.0
,outer4,4,75,b979,,,,,,60.0,30.0,0.0,97.1807632446289,97.1807632446289,0.0,120.0,1.0,0.0,-1.0
,outer4,4,75,b979,,,,,,60.0,60.0,60.000003814697266,104.47750854492188,44.47750473022461,0.0,90.0,0.0,0.0,0.0
,outer4,4,75,b979,,,,,,60.0,90.0,25.905075073242188,66.45188903808594,40.54681396484375,60.0,0.0,0.0,0.0,0.0
,outer4,4,75,b979,,,,,,60.0,120.0,115.65889739990234,51.31781005859375,-64.3410873413086,-90.0,-30.0,0.0,0.0,0.0
,outer4,4,75,b979,,,,,,60.0,150.0,128.6822052001953,120.00000762939453,-8.682197570800781,-60.0,60.0,0.0,0.0,0.0
,outer4,4,75,b979,,,,,,60.0,180.0,36.097782135009766,60.000003814697266,23.9022216796875,30.0,-30.0,0.0,0.0,0.0
,outer4,4,75,b979,,,,,,60.0,210.0,120.00000762939453,113.5481185913086,-6.4518890380859375,0.0,-30.0,0.0,0.0,0.0
,outer4,4,75,b979,,,,,,60.0,240.0,29.999998092651367,154.0949249267578,124.09492683410645,30.0,150.0,0.0,0.0,0.0
,outer4,4,75,b979,,,,,,60.0,270.0,138.59039306640625,120.00000762939453,-18.59038543701172,-30.0,30.0,0.0,0.0,0.0
,outer4,4,75,b979,,,,,,60.0,300.0,115.65889739990234,0.0,-115.65889739990234,-90.0,-90.0,0.0,1.0,1.0
,outer4,4,75,b979,,,,,,60.0,330.0,82.81924438476562,97.1807632446289,14.361518859863281,-60.0,60.0,0.0,0.0,0.0
,outer4,4,75,b979,,,,,,90.0,0.0,0.0,150.0,150.0,0.0,150.0,1.0,0.0,-1.0
,outer4,4,75,b979,,,,,,90.0,30.0,0.0,30.000001907348633,30.000001907348633,0.0,30.0,1.0,0.0,-1.0
,outer4,4,75,b979,,,,,,90.0,60.0,90.0,60.000003814697266,-29.999996185302734,0.0,-30.0,0.0,0.0,0.0
,outer4,4,75,b979,,,,,,90.0,90.0,30.000001907348633,0.0,-30.000001907348633,0.0,-30.0,0.0,1.0,1.0
,outer4,4,75,b979,,,,,,90.0,120.0,90.0,120.00000762939453,30.00000762939453,0.0,30.0,0.0,0.0,0.0
,outer4,4,75,b979,,,,,,90.0,150.0,150.0,120.00000762939453,-29.99999237060547,0.0,-30.0,0.0,0.0,0.0
,outer4,4,75,b979,,,,,,90.0,180.0,180.0,30.000001907348633,-149.99999809265137,0.0,-150.0,0.0,0.0,0.0
,outer4,4,75,b979,,,,,,90.0,210.0,180.0,150.0,-30.0,0.0,-30.0,0.0,0.0,0.0
,outer4,4,75,b979,,,,,,90.0,240.0,90.0,120.00000762939453,30.00000762939453,0.0,30.0,0.0,0.0,0.0
,outer4,4,75,b979,,,,,,90.0,270.0,150.0,180.0,30.0,0.0,30.0,0.0,0.0,0.0
,outer4,4,75,b979,,,,,,90.0,300.0,90.0,60.000003814697266,-29.999996185302734,0.0,-30.0,0.0,0.0,0.0
,outer4,4,75,b979,,,,,,90.0,330.0,30.00000762939453,60.00000762939453,30.0,0.0,30.0,0.0,0.0,0.0
,outer4,4,75,b979,,,,,,120.0,0.0,90.0,0.0,-90.0,-90.0,0.0,0.0,1.0,1.0
,outer4,4,75,b979,,,,,,120.0,30.0,90.0,128.6822052001953,38.68220520019531,-30.0,120.0,0.0,0.0,0.0
,outer4,4,75,b979,,,,,,120.0,60.0,29.99998664855957,60.000003814697266,30.000017166137695,30.0,0.0,0.0,0.0,0.0
,outer4,4,75,b979,,,,,,120.0,90.0,41.40962219238281,30.000001907348633,-11.40962028503418,0.0,-30.0,0.0,0.0,0.0
,outer4,4,75,b979,,,,,,120.0,120.0,115.6589126586914,115.6589126586914,0.0,0.0,0.0,0.0,0.0,0.0
,outer4,4,75,b979,,,,,,120.0,150.0,97.18075561523438,75.52249145507812,-21.65826416015625,0.0,-30.0,0.0,0.0,0.0
,outer4,4,75,b979,,,,,,120.0,180.0,29.99998664855957,120.00000762939453,90.00002098083496,-30.0,180.0,0.0,0.0,0.0
,outer4,4,75,b979,,,,,,120.0,210.0,150.0,128.6822052001953,-21.317794799804688,-30.0,-60.0,0.0,0.0,0.0
,outer4,4,75,b979,,,,,,120.0,240.0,36.09777069091797,120.00000762939453,83.90223693847656,-30.0,150.0,0.0,0.0,0.0
,outer4,4,75,b979,,,,,,120.0,270.0,154.0949249267578,120.00000762939453,-34.09491729736328,-60.0,30.0,0.0,0.0,0.0
,outer4,4,75,b979,,,,,,120.0,300.0,143.9022216796875,113.54811096191406,-30.354110717773438,-90.0,0.0,0.0,0.0,0.0
,outer4,4,75,b979,,,,,,120.0,330.0,82.81924438476562,120.00000762939453,37.180763244628906,-60.0,120.0,0.0,0.0,0.0
,outer4,4,75,b979,,,,,,150.0,0.0,0.0,29.99998664855957,29.99998664855957,30.0,0.0,1.0,0.0,-1.0
,outer4,4,75,b979,,,,,,150.0,30.0,0.0,0.0,0.0,0.0,0.0,1.0,1.0,0.0
,outer4,4,75,b979,,,,,,150.0,60.0,14.870942115783691,14.870942115783691,0.0,0.0,0.0,0.0,0.0,0.0
,outer4,4,75,b979,,,,,,150.0,90.0,90.0,90.0,0.0,-60.0,180.0,0.0,0.0,0.0
,outer4,4,75,b979,,,,,,150.0,120.0,14.870942115783691,36.09777069091797,21.226828575134277,30.0,0.0,0.0,0.0,0.0
,outer4,4,75,b979,,,,,,150.0,150.0,0.0,0.0,0.0,0.0,0.0,1.0,1.0,0.0
,outer4,4,75,b979,,,,,,150.0,180.0,0.0,29.99998664855957,29.99998664855957,30.0,0.0,1.0,0.0,-1.0
,outer4,4,75,b979,,,,,,150.0,210.0,60.000003814697266,60.000003814697266,0.0,0.0,0.0,0.0,0.0,0.0
,outer4,4,75,b979,,,,,,150.0,240.0,0.0,120.00000762939453,120.00000762939453,120.0,0.0,1.0,0.0,-1.0
,outer4,4,75,b979,,,,,,150.0,270.0,60.000003814697266,90.0,29.999996185302734,30.0,0.0,0.0,0.0,0.0
,outer4,4,75,b979,,,,,,150.0,300.0,57.7581901550293,86.67425537109375,28.916065216064453,30.0,0.0,0.0,0.0,0.0
,outer4,4,75,b979,,,,,,150.0,330.0,60.000003814697266,128.68218994140625,68.68218612670898,120.0,-120.0,0.0,0.0,0.0
,outer4,4,75,baa9,,,,,,30.0,0.0,0.0,0.0,0.0,0.0,0.0,1.0,1.0,0.0
,outer4,4,75,baa9,,,,,,30.0,30.0,0.0,0.0,0.0,0.0,0.0,1.0,1.0,0.0
,outer4,4,75,baa9,,,,,,30.0,60.0,0.0,0.0,0.0,0.0,0.0,1.0,1.0,0.0
,outer4,4,75,baa9,,,,,,30.0,90.0,0.0,0.0,0.0,0.0,0.0,1.0,1.0,0.0
,outer4,4,75,baa9,,,,,,30.0,120.0,0.0,0.0,0.0,0.0,0.0,1.0,1.0,0.0
,outer4,4,75,baa9,,,,,,30.0,150.0,0.0,0.0,0.0,0.0,0.0,1.0,1.0,0.0
,outer4,4,75,baa9,,,,,,30.0,180.0,0.0,0.0,0.0,0.0,0.0,1.0,1.0,0.0
,outer4,4,75,baa9,,,,,,30.0,210.0,0.0,0.0,0.0,0.0,0.0,1.0,1.0,0.0
,outer4,4,75,baa9,,,,,,30.0,240.0,0.0,0.0,0.0,0.0,0.0,1.0,1.0,0.0
,outer4,4,75,baa9,,,,,,30.0,270.0,0.0,0.0,0.0,0.0,0.0,1.0,1.0,0.0
,outer4,4,75,baa9,,,,,,30.0,300.0,0.0,0.0,0.0,0.0,0.0,1.0,1.0,0.0
,outer4,4,75,baa9,,,,,,30.0,330.0,0.0,0.0,0.0,0.0,0.0,1.0,1.0,0.0
,outer4,4,75,baa9,,,,,,60.0,0.0,0.0,0.0,0.0,0.0,0.0,1.0,1.0,0.0
,outer4,4,75,baa9,,,,,,60.0,30.0,0.0,0.0,0.0,0.0,0.0,1.0,1.0,0.0
,outer4,4,75,baa9,,,,,,60.0,60.0,0.0,0.0,0.0,0.0,0.0,1.0,1.0,0.0
,outer4,4,75,baa9,,,,,,60.0,90.0,0.0,0.0,0.0,0.0,0.0,1.0,1.0,0.0
,outer4,4,75,baa9,,,,,,60.0,120.0,0.0,0.0,0.0,0.0,0.0,1.0,1.0,0.0
,outer4,4,75,baa9,,,,,,60.0,150.0,0.0,0.0,0.0,0.0,0.0,1.0,1.0,0.0
,outer4,4,75,baa9,,,,,,60.0,180.0,0.0,0.0,0.0,0.0,0.0,1.0,1.0,0.0
,outer4,4,75,baa9,,,,,,60.0,210.0,0.0,0.0,0.0,0.0,0.0,1.0,1.0,0.0
,outer4,4,75,baa9,,,,,,60.0,240.0,0.0,0.0,0.0,0.0,0.0,1.0,1.0,0.0
,outer4,4,75,baa9,,,,,,60.0,270.0,0.0,0.0,0.0,0.0,0.0,1.0,1.0,0.0
,outer4,4,75,baa9,,,,,,60.0,300.0,0.0,0.0,0.0,0.0,0.0,1.0,1.0,0.0
,outer4,4,75,baa9,,,,,,60.0,330.0,0.0,0.0,0.0,0.0,0.0,1.0,1.0,0.0
,outer4,4,75,baa9,,,,,,90.0,0.0,180.0,180.0,0.0,0.0,0.0,0.0,0.0,0.0
,outer4,4,75,baa9,,,,,,90.0,30.0,0.0,0.0,0.0,0.0,0.0,1.0,1.0,0.0
,outer4,4,75,baa9,,,,,,90.0,60.0,0.0,0.0,0.0,0.0,0.0,1.0,1.0,0.0
,outer4,4,75,baa9,,,,,,90.0,90.0,0.0,0.0,0.0,0.0,0.0,1.0,1.0,0.0
,outer4,4,75,baa9,,,,,,90.0,120.0,0.0,0.0,0.0,0.0,0.0,1.0,1.0,0.0
,outer4,4,75,baa9,,,,,,90.0,150.0,0.0,60.000003814697266,60.000003814697266,0.0,60.0,1.0,0.0,-1.0
,outer4,4,75,baa9,,,,,,90.0,180.0,0.0,0.0,0.0,0.0,0.0,1.0,1.0,0.0
,outer4,4,75,baa9,,,,,,90.0,210.0,0.0,0.0,0.0,0.0,0.0,1.0,1.0,0.0
,outer4,4,75,baa9,,,,,,90.0,240.0,0.0,0.0,0.0,0.0,0.0,1.0,1.0,0.0
,outer4,4,75,baa9,,,,,,90.0,270.0,0.0,0.0,0.0,0.0,0.0,1.0,1.0,0.0
,outer4,4,75,baa9,,,,,,90.0,300.0,0.0,0.0,0.0,0.0,0.0,1.0,1.0,0.0
,outer4,4,75,baa9,,,,,,90.0,330.0,180.0,120.00000762939453,-59.99999237060547,0.0,-60.0,0.0,0.0,0.0
,outer4,4,75,baa9,,,,,,120.0,0.0,0.0,0.0,0.0,0.0,0.0,1.0,1.0,0.0
,outer4,4,75,baa9,,,,,,120.0,30.0,0.0,0.0,0.0,0.0,0.0,1.0,1.0,0.0
,outer4,4,75,baa9,,,,,,120.0,60.0,0.0,0.0,0.0,0.0,0.0,1.0,1.0,0.0
,outer4,4,75,baa9,,,,,,120.0,90.0,0.0,0.0,0.0,0.0,0.0,1.0,1.0,0.0
,outer4,4,75,baa9,,,,,,120.0,120.0,0.0,0.0,0.0,0.0,0.0,1.0,1.0,0.0
,outer4,4,75,baa9,,,,,,120.0,150.0,0.0,0.0,0.0,0.0,0.0,1.0,1.0,0.0
,outer4,4,75,baa9,,,,,,120.0,180.0,0.0,0.0,0.0,0.0,0.0,1.0,1.0,0.0
,outer4,4,75,baa9,,,,,,120.0,210.0,0.0,0.0,0.0,0.0,0.0,1.0,1.0,0.0
,outer4,4,75,baa9,,,,,,120.0,240.0,0.0,0.0,0.0,0.0,0.0,1.0,1.0,0.0
,outer4,4,75,baa9,,,,,,120.0,270.0,0.0,0.0,0.0,0.0,0.0,1.0,1.0,0.0
,outer4,4,75,baa9,,,,,,120.0,300.0,0.0,0.0,0.0,0.0,0.0,1.0,1.0,0.0
,outer4,4,75,baa9,,,,,,120.0,330.0,0.0,0.0,0.0,0.0,0.0,1.0,1.0,0.0
,outer4,4,75,baa9,,,,,,150.0,0.0,0.0,0.0,0.0,0.0,0.0,1.0,1.0,0.0
,outer4,4,75,baa9,,,,,,150.0,30.0,0.0,0.0,0.0,0.0,0.0,1.0,1.0,0.0
,outer4,4,75,baa9,,,,,,150.0,60.0,0.0,0.0,0.0,0.0,0.0,1.0,1.0,0.0
,outer4,4,75,baa9,,,,,,150.0,90.0,0.0,0.0,0.0,0.0,0.0,1.0,1.0,0.0
,outer4,4,75,baa9,,,,,,150.0,120.0,0.0,0.0,0.0,0.0,0.0,1.0,1.0,0.0
,outer4,4,75,baa9,,,,,,150.0,150.0,0.0,0.0,0.0,0.0,0.0,1.0,1.0,0.0
,outer4,4,75,baa9,,,,,,150.0,180.0,0.0,0.0,0.0,0.0,0.0,1.0,1.0,0.0
,outer4,4,75,baa9,,,,,,150.0,210.0,0.0,0.0,0.0,0.0,0.0,1.0,1.0,0.0
,outer4,4,75,baa9,,,,,,150.0,240.0,0.0,0.0,0.0,0.0,0.0,1.0,1.0,0.0
,outer4,4,75,baa9,,,,,,150.0,270.0,0.0,0.0,0.0,0.0,0.0,1.0,1.0,0.0
,outer4,4,75,baa9,,,,,,150.0,300.0,0.0,0.0,0.0,0.0,0.0,1.0,1.0,0.0
,outer4,4,75,baa9,,,,,,150.0,330.0,0.0,0.0,0.0,0.0,0.0,1.0,1.0,0.0
,outer4,4,75,bb26,,,,,,30.0,0.0,150.0,150.0,0.0,0.0,0.0,0.0,0.0,0.0
,outer4,4,75,bb26,,,,,,30.0,30.0,41.40962219238281,0.0,-41.40962219238281,0.0,-90.0,0.0,1.0,1.0
,outer4,4,75,bb26,,,,,,30.0,60.0,0.0,151.04498291015625,151.04498291015625,120.0,120.0,1.0,0.0,-1.0
,outer4,4,75,bb26,,,,,,30.0,90.0,180.0,90.0,-90.0,-90.0,0.0,0.0,0.0,0.0
,outer4,4,75,bb26,,,,,,30.0,120.0,128.68218994140625,60.000003814697266,-68.68218612670898,-120.0,120.0,0.0,0.0,0.0
,outer4,4,75,bb26,,,,,,30.0,150.0,0.0,165.12905883789062,165.12905883789062,120.0,150.0,1.0,0.0,-1.0
,outer4,4,75,bb26,,,,,,30.0,180.0,30.000001907348633,90.0,59.99999809265137,60.0,0.0,0.0,0.0,0.0
,outer4,4,75,bb26,,,,,,30.0,210.0,28.95502281188965,28.95502281188965,0.0,0.0,0.0,0.0,0.0,0.0
,outer4,4,75,bb26,,,,,,30.0,240.0,60.000003814697266,0.0,-60.000003814697266,0.0,-180.0,0.0,1.0,1.0
,outer4,4,75,bb26,,,,,,30.0,270.0,14.870942115783691,0.0,-14.870942115783691,0.0,-30.0,0.0,1.0,1.0
,outer4,4,75,bb26,,,,,,30.0,300.0,151.04498291015625,0.0,-151.04498291015625,-120.0,-120.0,0.0,1.0,1.0
,outer4,4,75,bb26,,,,,,30.0,330.0,14.870942115783691,151.04498291015625,136.17404079437256,120.0,90.0,0.0,0.0,0.0
,outer4,4,75,bb26,,,,,,60.0,0.0,120.00000762939453,180.0,59.99999237060547,60.0,0.0,0.0,0.0,0.0
,outer4,4,75,bb26,,,,,,60.0,30.0,36.097782135009766,60.000003814697266,23.9022216796875,30.0,-30.0,0.0,0.0,0.0
,outer4,4,75,bb26,,,,,,60.0,60.0,0.0,0.0,0.0,0.0,0.0,1.0,1.0,0.0
,outer4,4,75,bb26,,,,,,60.0,90.0,41.40962219238281,150.0,108.59037780761719,0.0,150.0,0.0,0.0,0.0
,outer4,4,75,bb26,,,,,,60.0,120.0,29.999998092651367,41.40962219238281,11.409624099731445,0.0,30.0,0.0,0.0,0.0
,outer4,4,75,bb26,,,,,,60.0,150.0,49.494651794433594,82.81924438476562,33.32459259033203,30.0,0.0,0.0,0.0,0.0
,outer4,4,75,bb26,,,,,,60.0,180.0,0.0,60.000003814697266,60.000003814697266,60.0,0.0,1.0,0.0,-1.0
,outer4,4,75,bb26,,,,,,60.0,210.0,180.0,82.81924438476562,-97.18075561523438,0.0,-120.0,0.0,0.0,0.0
,outer4,4,75,bb26,,,,,,60.0,240.0,0.0,0.0,0.0,0.0,0.0,1.0,1.0,0.0
,outer4,4,75,bb26,,,,,,60.0,270.0,25.905075073242188,25.905075073242188,0.0,0.0,0.0,0.0,0.0,0.0
,outer4,4,75,bb26,,,,,,60.0,300.0,128.68218994140625,128.68218994140625,0.0,0.0,0.0,0.0,0.0,0.0
,outer4,4,75,bb26,,,,,,60.0,330.0,102.50391387939453,82.81924438476562,-19.684669494628906,-30.0,0.0,0.0,0.0,0.0
,outer4,4,75,bb26,,,,,,90.0,0.0,0.0,0.0,0.0,0.0,0.0,1.0,1.0,0.0
,outer4,4,75,bb26,,,,,,90.0,30.0,120.00000762939453,180.0,59.99999237060547,0.0,60.0,0.0,0.0,0.0
,outer4,4,75,bb26,,,,,,90.0,60.0,180.0,60.000003814697266,-119.99999618530273,0.0,-120.0,0.0,0.0,0.0
,outer4,4,75,bb26,,,,,,90.0,90.0,30.000001907348633,30.000001907348633,0.0,0.0,0.0,0.0,0.0,0.0
,outer4,4,75,bb26,,,,,,90.0,120.0,0.0,0.0,0.0,0.0,0.0,1.0,1.0,0.0
,outer4,4,75,bb26,,,,,,90.0,150.0,180.0,60.000003814697266,-119.99999618530273,0.0,-120.0,0.0,0.0,0.0
,outer4,4,75,bb26,,,,,,90.0,180.0,180.0,180.0,0.0,0.0,0.0,0.0,0.0,0.0
,outer4,4,75,bb26,,,,,,90.0,210.0,60.000003814697266,0.0,-60.000003814697266,0.0,-60.0,0.0,1.0,1.0
,outer4,4,75,bb26,,,,,,90.0,240.0,120.00000762939453,120.00000762939453,0.0,0.0,0.0,0.0,0.0,0.0
,outer4,4,75,bb26,,,,,,90.0,270.0,150.0,150.0,0.0,0.0,0.0,0.0,0.0,0.0
,outer4,4,75,bb26,,,,,,90.0,300.0,30.000001907348633,180.0,149.99999809265137,0.0,150.0,0.0,0.0,0.0
,outer4,4,75,bb26,,,,,,90.0,330.0,0.0,120.00000762939453,120.00000762939453,0.0,120.0,1.0,0.0,-1.0
,outer4,4,75,bb26,,,,,,120.0,0.0,120.00000762939453,0.0,-120.00000762939453,0.0,-180.0,0.0,1.0,1.0
,outer4,4,75,bb26,,,,,,120.0,30.0,25.905075073242188,51.31781005859375,25.412734985351562,0.0,30.0,0.0,0.0,0.0
,outer4,4,75,bb26,,,,,,120.0,60.0,0.0,0.0,0.0,0.0,0.0,1.0,1.0,0.0
,outer4,4,75,bb26,,,,,,120.0,90.0,66.45188903808594,138.59039306640625,72.13850402832031,-30.0,120.0,0.0,0.0,0.0
,outer4,4,75,bb26,,,,,,120.0,120.0,128.6822052001953,115.6589126586914,-13.023292541503906,-30.0,0.0,0.0,0.0,0.0
,outer4,4,75,bb26,,,,,,120.0,150.0,29.99998664855957,0.0,-29.99998664855957,-30.0,0.0,0.0,1.0,1.0
,outer4,4,75,bb26,,,,,,120.0,180.0,0.0,120.00000762939453,120.00000762939453,0.0,180.0,1.0,0.0,-1.0
,outer4,4,75,bb26,,,,,,120.0,210.0,150.0,0.0,-150.0,-90.0,-180.0,0.0,1.0,1.0
,outer4,4,75,bb26,,,,,,120.0,240.0,64.34109497070312,41.40962219238281,-22.931472778320312,0.0,-30.0,0.0,0.0,0.0
,outer4,4,75,bb26,,,,,,120.0,270.0,138.59039306640625,30.000001907348633,-108.59039115905762,0.0,-150.0,0.0,0.0,0.0
,outer4,4,75,bb26,,,,,,120.0,300.0,128.68218994140625,115.65889739990234,-13.023292541503906,-30.0,0.0,0.0,0.0,0.0
,outer4,4,75,bb26,,,,,,120.0,330.0,102.50392150878906,97.18075561523438,-5.3231658935546875,-90.0,60.0,0.0,0.0,0.0
,outer4,4,75,bb26,,,,,,150.0,0.0,90.0,29.99998664855957,-60.00001335144043,0.0,-180.0,0.0,0.0,0.0
,outer4,4,75,bb26,,,,,,150.0,30.0,122.24180603027344,0.0,-122.24180603027344,-120.0,-30.0,0.0,1.0,1.0
,outer4,4,75,bb26,,,,,,150.0,60.0,0.0,151.04498291015625,151.04498291015625,120.0,120.0,1.0,0.0,-1.0
,outer4,4,75,bb26,,,,,,150.0,90.0,165.12905883789062,180.0,14.870941162109375,0.0,30.0,0.0,0.0,0.0
,outer4,4,75,bb26,,,,,,150.0,120.0,128.68218994140625,128.68218994140625,0.0,0.0,0.0,0.0,0.0,0.0
,outer4,4,75,bb26,,,,,,150.0,150.0,0.0,93.32574462890625,93.32574462890625,90.0,30.0,1.0,0.0,-1.0
,outer4,4,75,bb26,,,,,,150.0,180.0,29.99998664855957,29.99998664855957,0.0,0.0,0.0,0.0,0.0,0.0
,outer4,4,75,bb26,,,,,,150.0,210.0,151.04498291015625,57.7581901550293,-93.28679275512695,-120.0,30.0,0.0,0.0,0.0
,outer4,4,75,bb26,,,,,,150.0,240.0,60.000003814697266,60.000003814697266,0.0,0.0,0.0,0.0,0.0,0.0
,outer4,4,75,bb26,,,,,,150.0,270.0,0.0,90.0,90.0,90.0,0.0,1.0,0.0,-1.0
,outer4,4,75,bb26,,,,,,150.0,300.0,151.04498291015625,0.0,-151.04498291015625,-120.0,-120.0,0.0,1.0,1.0
,outer4,4,75,bb26,,,,,,150.0,330.0,128.68218994140625,122.24180603027344,-6.4403839111328125,0.0,-30.0,0.0,0.0,0.0
,outer4,4,76,b7fd,,,,,,30.0,0.0,30.000001907348633,90.0,59.99999809265137,0.0,180.0,0.0,0.0,0.0
,outer4,4,76,b7fd,,,,,,30.0,30.0,30.000001907348633,0.0,-30.000001907348633,-30.0,0.0,0.0,1.0,1.0
,outer4,4,76,b7fd,,,,,,30.0,60.0,128.68218994140625,122.24180603027344,-6.4403839111328125,0.0,-30.0,0.0,0.0,0.0
,outer4,4,76,b7fd,,,,,,30.0,90.0,30.000001907348633,165.12905883789062,135.129056930542,90.0,150.0,0.0,0.0,0.0
,outer4,4,76,b7fd,,,,,,30.0,120.0,36.097782135009766,0.0,-36.097782135009766,-30.0,-30.0,0.0,1.0,1.0
,outer4,4,76,b7fd,,,,,,30.0,150.0,143.9022216796875,143.9022216796875,0.0,0.0,0.0,0.0,0.0,0.0
,outer4,4,76,b7fd,,,,,,30.0,180.0,30.000001907348633,90.0,59.99999809265137,60.0,0.0,0.0,0.0,0.0
,outer4,4,76,b7fd,,,,,,30.0,210.0,30.000001907348633,0.0,-30.000001907348633,-30.0,0.0,0.0,1.0,1.0
,outer4,4,76,b7fd,,,,,,30.0,240.0,151.04498291015625,165.12905883789062,14.084075927734375,0.0,30.0,0.0,0.0,0.0
,outer4,4,76,b7fd,,,,,,30.0,270.0,90.0,57.7581901550293,-32.2418098449707,-30.0,-30.0,0.0,0.0,0.0
,outer4,4,76,b7fd,,,,,,30.0,300.0,86.67425537109375,51.31781005859375,-35.3564453125,-30.0,-30.0,0.0,0.0,0.0
,outer4,4,76,b7fd,,,,,,30.0,330.0,102.50392150878906,93.32575988769531,-9.17816162109375,0.0,-30.0,0.0,0.0,0.0
,outer4,4,76,b7fd,,,,,,60.0,0.0,0.0,0.0,0.0,0.0,0.0,1.0,1.0,0.0
,outer4,4,76,b7fd,,,,,,60.0,30.0,90.0,0.0,-90.0,-90.0,0.0,0.0,1.0,1.0
,outer4,4,76,b7fd,,,,,,60.0,60.0,128.68218994140625,128.68218994140625,0.0,0.0,0.0,0.0,0.0,0.0
,outer4,4,76,b7fd,,,,,,60.0,90.0,0.0,25.905075073242188,25.905075073242188,0.0,30.0,1.0,0.0,-1.0
,outer4,4,76,b7fd,,,,,,60.0,120.0,0.0,0.0,0.0,0.0,0.0,1.0,1.0,0.0
,outer4,4,76,b7fd,,,,,,60.0,150.0,128.6822052001953,180.0,51.31779479980469,0.0,60.0,0.0,0.0,0.0
,outer4,4,76,b7fd,,,,,,60.0,180.0,0.0,93.32574462890625,93.32574462890625,90.0,30.0,1.0,0.0,-1.0
,outer4,4,76,b7fd,,,,,,60.0,210.0,154.09490966796875,60.000003814697266,-94.09490585327148,0.0,-150.0,0.0,0.0,0.0
,outer4,4,76,b7fd,,,,,,60.0,240.0,97.1807632446289,25.905075073242188,-71.27568817138672,0.0,-90.0,0.0,0.0,0.0
,outer4,4,76,b7fd,,,,,,60.0,270.0,120.00000762939453,120.00000762939453,0.0,0.0,0.0,0.0,0.0,0.0
,outer4,4,76,b7fd,,,,,,60.0,300.0,0.0,0.0,0.0,0.0,0.0,1.0,1.0,0.0
,outer4,4,76,b7fd,,,,,,60.0,330.0,0.0,0.0,0.0,0.0,0.0,1.0,1.0,0.0
,outer4,4,76,b7fd,,,,,,90.0,0.0,150.0,0.0,-150.0,-30.0,-180.0,0.0,1.0,1.0
,outer4,4,76,b7fd,,,,,,90.0,30.0,120.00000762939453,120.00000762939453,0.0,0.0,0.0,0.0,0.0,0.0
,outer4,4,76,b7fd,,,,,,90.0,60.0,60.000003814697266,30.000001907348633,-30.000001907348633,0.0,-30.0,0.0,0.0,0.0
,outer4,4,76,b7fd,,,,,,90.0,90.0,180.0,180.0,0.0,0.0,0.0,0.0,0.0,0.0
,outer4,4,76,b7fd,,,,,,90.0,120.0,0.0,0.0,0.0,0.0,0.0,1.0,1.0,0.0
,outer4,4,76,b7fd,,,,,,90.0,150.0,0.0,0.0,0.0,0.0,0.0,1.0,1.0,0.0
,outer4,4,76,b7fd,,,,,,90.0,180.0,29.999998092651367,180.0,150.00000190734863,-30.0,180.0,0.0,0.0,0.0
,outer4,4,76,b7fd,,,,,,90.0,210.0,64.34110260009766,60.000003814697266,-4.341098785400391,-30.0,0.0,0.0,0.0,0.0
,outer4,4,76,b7fd,,,,,,90.0,240.0,30.000001907348633,60.000003814697266,30.000001907348633,0.0,30.0,0.0,0.0,0.0
,outer4,4,76,b7fd,,,,,,90.0,270.0,0.0,0.0,0.0,0.0,0.0,1.0,1.0,0.0
,outer4,4,76,b7fd,,,,,,90.0,300.0,180.0,60.000003814697266,-119.99999618530273,0.0,-120.0,0.0,0.0,0.0
,outer4,4,76,b7fd,,,,,,90.0,330.0,180.0,180.0,0.0,0.0,0.0,0.0,0.0,0.0
,outer4,4,76,b7fd,,,,,,120.0,0.0,0.0,0.0,0.0,0.0,0.0,1.0,1.0,0.0
,outer4,4,76,b7fd,,,,,,120.0,30.0,120.00000762939453,0.0,-120.00000762939453,0.0,-180.0,0.0,1.0,1.0
,outer4,4,76,b7fd,,,,,,120.0,60.0,82.81924438476562,128.68218994140625,45.862945556640625,0.0,60.0,0.0,0.0,0.0
,outer4,4,76,b7fd,,,,,,120.0,90.0,30.000001907348633,150.0,119.99999809265137,0.0,180.0,0.0,0.0,0.0
,outer4,4,76,b7fd,,,,,,120.0,120.0,0.0,64.34109497070312,64.34109497070312,30.0,90.0,1.0,0.0,-1.0
,outer4,4,76,b7fd,,,,,,120.0,150.0,51.31781005859375,0.0,-51.31781005859375,0.0,-60.0,0.0,1.0,1.0
,outer4,4,76,b7fd,,,,,,120.0,180.0,0.0,0.0,0.0,0.0,0.0,1.0,1.0,0.0
,outer4,4,76,b7fd,,,,,,120.0,210.0,120.00000762939453,82.81924438476562,-37.180763244628906,60.0,-120.0,0.0,0.0,0.0
,outer4,4,76,b7fd,,,,,,120.0,240.0,128.6822052001953,0.0,-128.6822052001953,-60.0,-120.0,0.0,1.0,1.0
,outer4,4,76,b7fd,,,,,,120.0,270.0,0.0,30.000001907348633,30.000001907348633,30.0,0.0,1.0,0.0,-1.0
,outer4,4,76,b7fd,,,,,,120.0,300.0,29.99998664855957,0.0,-29.99998664855957,-30.0,0.0,0.0,1.0,1.0
,outer4,4,76,b7fd,,,,,,120.0,330.0,29.99998664855957,0.0,-29.99998664855957,-30.0,0.0,0.0,1.0,1.0
,outer4,4,76,b7fd,,,,,,150.0,0.0,0.0,29.99998664855957,29.99998664855957,30.0,0.0,1.0,0.0,-1.0
,outer4,4,76,b7fd,,,,,,150.0,30.0,29.99998664855957,29.99998664855957,0.0,0.0,0.0,0.0,0.0,0.0
,outer4,4,76,b7fd,,,,,,150.0,60.0,122.24180603027344,151.04498291015625,28.803176879882812,0.0,90.0,0.0,0.0,0.0
,outer4,4,76,b7fd,,,,,,150.0,90.0,0.0,150.0,150.0,90.0,180.0,1.0,0.0,-1.0
,outer4,4,76,b7fd,,,,,,150.0,120.0,14.870942115783691,14.870942115783691,0.0,0.0,0.0,0.0,0.0,0.0
,outer4,4,76,b7fd,,,,,,150.0,150.0,90.0,165.12905883789062,75.12905883789062,30.0,150.0,0.0,0.0,0.0
,outer4,4,76,b7fd,,,,,,150.0,180.0,29.99998664855957,29.99998664855957,0.0,0.0,0.0,0.0,0.0,0.0
,outer4,4,76,b7fd,,,,,,150.0,210.0,90.0,86.67425537109375,-3.32574462890625,0.0,-30.0,0.0,0.0,0.0
,outer4,4,76,b7fd,,,,,,150.0,240.0,165.12905883789062,151.04498291015625,-14.084075927734375,0.0,-30.0,0.0,0.0,0.0
,outer4,4,76,b7fd,,,,,,150.0,270.0,0.0,0.0,0.0,0.0,0.0,1.0,1.0,0.0
,outer4,4,76,b7fd,,,,,,150.0,300.0,14.870942115783691,60.000003814697266,45.129061698913574,0.0,150.0,0.0,0.0,0.0
,outer4,4,76,b7fd,,,,,,150.0,330.0,93.32574462890625,128.68218994140625,35.3564453125,30.0,30.0,0.0,0.0,0.0
,outer4,4,76,b8ed,,,,,,30.0,0.0,0.0,0.0,0.0,0.0,0.0,1.0,1.0,0.0
,outer4,4,76,b8ed,,,,,,30.0,30.0,60.000003814697266,60.000003814697266,0.0,0.0,0.0,0.0,0.0,0.0
,outer4,4,76,b8ed,,,,,,30.0,60.0,165.12905883789062,0.0,-165.12905883789062,-120.0,-150.0,0.0,1.0,1.0
,outer4,4,76,b8ed,,,,,,30.0,90.0,0.0,0.0,0.0,0.0,0.0,1.0,1.0,0.0
,outer4,4,76,b8ed,,,,,,30.0,120.0,151.04498291015625,0.0,-151.04498291015625,-120.0,-120.0,0.0,1.0,1.0
,outer4,4,76,b8ed,,,,,,30.0,150.0,0.0,128.68218994140625,128.68218994140625,120.0,60.0,1.0,0.0,-1.0
,outer4,4,76,b8ed,,,,,,30.0,180.0,0.0,0.0,0.0,0.0,0.0,1.0,1.0,0.0
,outer4,4,76,b8ed,,,,,,30.0,210.0,0.0,165.12905883789062,165.12905883789062,120.0,150.0,1.0,0.0,-1.0
,outer4,4,76,b8ed,,,,,,30.0,240.0,122.24180603027344,102.50392150878906,-19.737884521484375,-30.0,30.0,0.0,0.0,0.0
,outer4,4,76,b8ed,,,,,,30.0,270.0,90.0,57.7581901550293,-32.2418098449707,-30.0,-30.0,0.0,0.0,0.0
,outer4,4,76,b8ed,,,,,,30.0,300.0,0.0,0.0,0.0,0.0,0.0,1.0,1.0,0.0
,outer4,4,76,b8ed,,,,,,30.0,330.0,14.870942115783691,128.68218994140625,113.81124782562256,120.0,30.0,0.0,0.0,0.0
,outer4,4,76,b8ed,,,,,,60.0,0.0,30.000001907348633,0.0,-30.000001907348633,-30.0,0.0,0.0,1.0,1.0
,outer4,4,76,b8ed,,,,,,60.0,30.0,0.0,0.0,0.0,0.0,0.0,1.0,1.0,0.0
,outer4,4,76,b8ed,,,,,,60.0,60.0,128.68218994140625,0.0,-128.68218994140625,-60.0,-120.0,0.0,1.0,1.0
,outer4,4,76,b8ed,,,,,,60.0,90.0,0.0,60.000003814697266,60.000003814697266,60.0,0.0,1.0,0.0,-1.0
,outer4,4,76,b8ed,,,,,,60.0,120.0,97.1807632446289,0.0,-97.1807632446289,0.0,-120.0,0.0,1.0,1.0
,outer4,4,76,b8ed,,,,,,60.0,150.0,154.09490966796875,180.0,25.90509033203125,0.0,30.0,0.0,0.0,0.0
,outer4,4,76,b8ed,,,,,,60.0,180.0,30.000001907348633,0.0,-30.000001907348633,-30.0,0.0,0.0,1.0,1.0
,outer4,4,76,b8ed,,,,,,60.0,210.0,120.00000762939453,120.00000762939453,0.0,0.0,0.0,0.0,0.0,0.0
,outer4,4,76,b8ed,,,,,,60.0,240.0,51.31781005859375,113.54812622070312,62.230316162109375,0.0,90.0,0.0,0.0,0.0
,outer4,4,76,b8ed,,,,,,60.0,270.0,120.00000762939453,120.00000762939453,0.0,0.0,0.0,0.0,0.0,0.0
,outer4,4,76,b8ed,,,,,,60.0,300.0,0.0,0.0,0.0,0.0,0.0,1.0,1.0,0.0
,outer4,4,76,b8ed,,,,,,60.0,330.0,25.90509033203125,0.0,-25.90509033203125,0.0,-30.0,0.0,1.0,1.0
,outer4,4,76,b8ed,,,,,,90.0,0.0,180.0,150.0,-30.0,0.0,-30.0,0.0,0.0,0.0
,outer4,4,76,b8ed,,,,,,90.0,30.0,0.0,0.0,0.0,0.0,0.0,1.0,1.0,0.0
,outer4,4,76,b8ed,,,,,,90.0,60.0,60.000003814697266,60.000003814697266,0.0,0.0,0.0,0.0,0.0,0.0
,outer4,4,76,b8ed,,,,,,90.0,90.0,180.0,180.0,0.0,0.0,0.0,0.0,0.0,0.0
,outer4,4,76,b8ed,,,,,,90.0,120.0,0.0,0.0,0.0,0.0,0.0,1.0,1.0,0.0
,outer4,4,76,b8ed,,,,,,90.0,150.0,60.000003814697266,60.000003814697266,0.0,0.0,0.0,0.0,0.0,0.0
,outer4,4,76,b8ed,,,,,,90.0,180.0,0.0,150.0,150.0,0.0,150.0,1.0,0.0,-1.0
,outer4,4,76,b8ed,,,,,,90.0,210.0,0.0,180.0,180.0,0.0,180.0,1.0,0.0,-1.0
,outer4,4,76,b8ed,,,,,,90.0,240.0,120.00000762939453,120.00000762939453,0.0,0.0,0.0,0.0,0.0,0.0
,outer4,4,76,b8ed,,,,,,90.0,270.0,0.0,0.0,0.0,0.0,0.0,1.0,1.0,0.0
,outer4,4,76,b8ed,,,,,,90.0,300.0,0.0,0.0,0.0,0.0,0.0,1.0,1.0,0.0
,outer4,4,76,b8ed,,,,,,90.0,330.0,120.00000762939453,120.00000762939453,0.0,0.0,0.0,0.0,0.0,0.0
,outer4,4,76,b8ed,,,,,,120.0,0.0,29.99998664855957,0.0,-29.99998664855957,-30.0,0.0,0.0,1.0,1.0
,outer4,4,76,b8ed,,,,,,120.0,30.0,0.0,0.0,0.0,0.0,0.0,1.0,1.0,0.0
,outer4,4,76,b8ed,,,,,,120.0,60.0,60.000003814697266,128.68218994140625,68.68218612670898,0.0,120.0,0.0,0.0,0.0
,outer4,4,76,b8ed,,,,,,120.0,90.0,0.0,180.0,180.0,60.0,180.0,1.0,0.0,-1.0
,outer4,4,76,b8ed,,,,,,120.0,120.0,97.18075561523438,128.6822052001953,31.501449584960938,60.0,0.0,0.0,0.0,0.0
,outer4,4,76,b8ed,,,,,,120.0,150.0,180.0,180.0,0.0,0.0,0.0,0.0,0.0,0.0
,outer4,4,76,b8ed,,,,,,120.0,180.0,29.99998664855957,0.0,-29.99998664855957,-30.0,0.0,0.0,1.0,1.0
,outer4,4,76,b8ed,,,,,,120.0,210.0,120.00000762939453,120.00000762939453,0.0,0.0,0.0,0.0,0.0,0.0
,outer4,4,76,b8ed,,,,,,120.0,240.0,30.000001907348633,113.54811096191406,83.54810905456543,-30.0,150.0,0.0,0.0,0.0
,outer4,4,76,b8ed,,,,,,120.0,270.0,0.0,0.0,0.0,0.0,0.0,1.0,1.0,0.0
,outer4,4,76,b8ed,,,,,,120.0,300.0,0.0,0.0,0.0,0.0,0.0,1.0,1.0,0.0
,outer4,4,76,b8ed,,,,,,120.0,330.0,36.0977783203125,0.0,-36.0977783203125,-30.0,-30.0,0.0,1.0,1.0
,outer4,4,76,b8ed,,,,,,150.0,0.0,0.0,29.99998664855957,29.99998664855957,30.0,0.0,1.0,0.0,-1.0
,outer4,4,76,b8ed,,,,,,150.0,30.0,60.000003814697266,0.0,-60.000003814697266,0.0,-180.0,0.0,1.0,1.0
,outer4,4,76,b8ed,,,,,,150.0,60.0,165.12905883789062,151.04498291015625,-14.084075927734375,0.0,-30.0,0.0,0.0,0.0
,outer4,4,76,b8ed,,,,,,150.0,90.0,0.0,0.0,0.0,0.0,0.0,1.0,1.0,0.0
,outer4,4,76,b8ed,,,,,,150.0,120.0,0.0,0.0,0.0,0.0,0.0,1.0,1.0,0.0
,outer4,4,76,b8ed,,,,,,150.0,150.0,0.0,14.870942115783691,14.870942115783691,0.0,30.0,1.0,0.0,-1.0
,outer4,4,76,b8ed,,,,,,150.0,180.0,0.0,29.99998664855957,29.99998664855957,30.0,0.0,1.0,0.0,-1.0
,outer4,4,76,b8ed,,,,,,150.0,210.0,0.0,0.0,0.0,0.0,0.0,1.0,1.0,0.0
,outer4,4,76,b8ed,,,,,,150.0,240.0,0.0,60.000003814697266,60.000003814697266,0.0,180.0,1.0,0.0,-1.0
,outer4,4,76,b8ed,,,,,,150.0,270.0,0.0,0.0,0.0,0.0,0.0,1.0,1.0,0.0
,outer4,4,76,b8ed,,,,,,150.0,300.0,0.0,0.0,0.0,0.0,0.0,1.0,1.0,0.0
,outer4,4,76,b8ed,,,,,,150.0,330.0,0.0,151.04498291015625,151.04498291015625,120.0,120.0,1.0,0.0,-1.0
,outer4,4,76,b979,,,,,,30.0,0.0,0.0,60.000003814697266,60.000003814697266,0.0,180.0,1.0,0.0,-1.0
,outer4,4,76,b979,,,,,,30.0,30.0,0.0,0.0,0.0,0.0,0.0,1.0,1.0,0.0
,outer4,4,76,b979,,,,,,30.0,60.0,122.24180603027344,122.24180603027344,0.0,0.0,0.0,0.0,0.0,0.0
,outer4,4,76,b979,,,,,,30.0,90.0,60.000003814697266,90.0,29.999996185302734,90.0,-180.0,0.0,0.0,0.0
,outer4,4,76,b979,,,,,,30.0,120.0,128.68218994140625,49.494651794433594,-79.18753814697266,-90.0,0.0,0.0,0.0,0.0
,outer4,4,76,b979,,,,,,30.0,150.0,0.0,0.0,0.0,0.0,0.0,1.0,1.0,0.0
,outer4,4,76,b979,,,,,,30.0,180.0,0.0,0.0,0.0,0.0,0.0,1.0,1.0,0.0
,outer4,4,76,b979,,,,,,30.0,210.0,0.0,60.000003814697266,60.000003814697266,0.0,180.0,1.0,0.0,-1.0
,outer4,4,76,b979,,,,,,30.0,240.0,57.7581901550293,77.49609375,19.737903594970703,30.0,-30.0,0.0,0.0,0.0
,outer4,4,76,b979,,,,,,30.0,270.0,60.000003814697266,86.67425537109375,26.674251556396484,30.0,-30.0,0.0,0.0,0.0
,outer4,4,76,b979,,,,,,30.0,300.0,151.04498291015625,77.49608612060547,-73.54889678955078,-90.0,0.0,0.0,0.0,0.0
,outer4,4,76,b979,,,,,,30.0,330.0,122.24180603027344,128.68218994140625,6.4403839111328125,0.0,30.0,0.0,0.0,0.0
,outer4,4,76,b979,,,,,,60.0,0.0,30.000001907348633,51.31782150268555,21.317819595336914,-30.0,60.0,0.0,0.0,0.0
,outer4,4,76,b979,,,,,,60.0,30.0,60.000003814697266,75.52249908447266,15.52249526977539,-60.0,90.0,0.0,0.0,0.0
,outer4,4,76,b979,,,,,,60.0,60.0,66.45188903808594,82.81924438476562,16.367355346679688,0.0,30.0,0.0,0.0,0.0
,outer4,4,76,b979,,,,,,60.0,90.0,41.40962219238281,60.000003814697266,18.590381622314453,30.0,-30.0,0.0,0.0,0.0
,outer4,4,76,b979,,,,,,60.0,120.0,130.50535583496094,180.0,49.49464416503906,-30.0,60.0,0.0,0.0,0.0
,outer4,4,76,b979,,,,,,60.0,150.0,128.6822052001953,180.0,51.31779479980469,0.0,60.0,0.0,0.0,0.0
,outer4,4,76,b979,,,,,,60.0,180.0,30.000001907348633,90.0,59.99999809265137,0.0,180.0,0.0,0.0,0.0
,outer4,4,76,b979,,,,,,60.0,210.0,120.00000762939453,97.1807632446289,-22.819244384765625,0.0,-60.0,0.0,0.0,0.0
,outer4,4,76,b979,,,,,,60.0,240.0,60.000003814697266,113.54812622070312,53.54812240600586,-60.0,150.0,0.0,0.0,0.0
,outer4,4,76,b979,,,,,,60.0,270.0,154.0949249267578,113.54812622070312,-40.54679870605469,-60.0,0.0,0.0,0.0,0.0
,outer4,4,76,b979,,,,,,60.0,300.0,130.50535583496094,120.00000762939453,-10.505348205566406,-90.0,60.0,0.0,0.0,0.0
,outer4,4,76,b979,,,,,,60.0,330.0,82.81924438476562,82.81924438476562,0.0,0.0,0.0,0.0,0.0,0.0
,outer4,4,76,b979,,,,,,90.0,0.0,150.0,150.0,0.0,-30.0,-30.0,0.0,0.0,0.0
,outer4,4,76,b979,,,,,,90.0,30.0,150.0,90.0,-60.0,-30.0,-90.0,0.0,0.0,0.0
,outer4,4,76,b979,,,,,,90.0,60.0,90.0,119.99999237060547,29.99999237060547,0.0,30.0,0.0,0.0,0.0
,outer4,4,76,b979,,,,,,90.0,90.0,0.0,30.000001907348633,30.000001907348633,0.0,30.0,1.0,0.0,-1.0
,outer4,4,76,b979,,,,,,90.0,120.0,60.000003814697266,120.00000762939453,60.000003814697266,0.0,60.0,0.0,0.0,0.0
,outer4,4,76,b979,,,,,,90.0,150.0,41.40962219238281,120.00000762939453,78.59038543701172,-30.0,90.0,0.0,0.0,0.0
,outer4,4,76,b979,,,,,,90.0,180.0,30.000001907348633,30.000001907348633,0.0,-30.0,30.0,0.0,0.0,0.0
,outer4,4,76,b979,,,,,,90.0,210.0,30.000001907348633,30.000001907348633,0.0,-30.0,30.0,0.0,0.0,0.0
,outer4,4,76,b979,,,,,,90.0,240.0,120.00000762939453,120.00000762939453,0.0,0.0,0.0,0.0,0.0,0.0
,outer4,4,76,b979,,,,,,90.0,270.0,150.0,150.0,0.0,0.0,0.0,0.0,0.0,0.0
,outer4,4,76,b979,,,,,,90.0,300.0,120.00000762939453,60.000003814697266,-60.000003814697266,0.0,-60.0,0.0,0.0,0.0
,outer4,4,76,b979,,,,,,90.0,330.0,138.59039306640625,120.00000762939453,-18.59038543701172,-30.0,-30.0,0.0,0.0,0.0
,outer4,4,76,b979,,,,,,120.0,0.0,29.99998664855957,0.0,-29.99998664855957,-30.0,0.0,0.0,1.0,1.0
,outer4,4,76,b979,,,,,,120.0,30.0,0.0,0.0,0.0,0.0,0.0,1.0,1.0,0.0
,outer4,4,76,b979,,,,,,120.0,60.0,64.34109497070312,82.81924438476562,18.4781494140625,30.0,-30.0,0.0,0.0,0.0
,outer4,4,76,b979,,,,,,120.0,90.0,66.45188903808594,66.45188903808594,0.0,0.0,0.0,0.0,0.0,0.0
,outer4,4,76,b979,,,,,,120.0,120.0,51.31781005859375,90.0,38.68218994140625,30.0,30.0,0.0,0.0,0.0
,outer4,4,76,b979,,,,,,120.0,150.0,180.0,180.0,0.0,0.0,0.0,0.0,0.0,0.0
,outer4,4,76,b979,,,,,,120.0,180.0,29.99998664855957,120.00000762939453,90.00002098083496,-30.0,180.0,0.0,0.0,0.0
,outer4,4,76,b979,,,,,,120.0,210.0,120.00000762939453,97.18075561523438,-22.819252014160156,0.0,-60.0,0.0,0.0,0.0
,outer4,4,76,b979,,,,,,120.0,240.0,30.000001907348633,120.00000762939453,90.0000057220459,-30.0,180.0,0.0,0.0,0.0
,outer4,4,76,b979,,,,,,120.0,270.0,120.00000762939453,120.00000762939453,0.0,0.0,0.0,0.0,0.0,0.0
,outer4,4,76,b979,,,,,,120.0,300.0,104.47750854492188,120.00000762939453,15.522499084472656,-60.0,90.0,0.0,0.0,0.0
,outer4,4,76,b979,,,,,,120.0,330.0,82.81924438476562,82.81924438476562,0.0,0.0,0.0,0.0,0.0,0.0
,outer4,4,76,b979,,,,,,150.0,0.0,0.0,90.0,90.0,30.0,180.0,1.0,0.0,-1.0
,outer4,4,76,b979,,,,,,150.0,30.0,0.0,0.0,0.0,0.0,0.0,1.0,1.0,0.0
,outer4,4,76,b979,,,,,,150.0,60.0,0.0,14.870942115783691,14.870942115783691,0.0,30.0,1.0,0.0,-1.0
,outer4,4,76,b979,,,,,,150.0,90.0,90.0,64.3410873413086,-25.658912658691406,-30.0,30.0,0.0,0.0,0.0
,outer4,4,76,b979,,,,,,150.0,120.0,0.0,14.870942115783691,14.870942115783691,0.0,30.0,1.0,0.0,-1.0
,outer4,4,76,b979,,,,,,150.0,150.0,0.0,122.24180603027344,122.24180603027344,120.0,30.0,1.0,0.0,-1.0
,outer4,4,76,b979,,,,,,150.0,180.0,0.0,29.99998664855957,29.99998664855957,30.0,0.0,1.0,0.0,-1.0
,outer4,4,76,b979,,,,,,150.0,210.0,60.000003814697266,57.7581901550293,-2.2418136596679688,0.0,-30.0,0.0,0.0,0.0
,outer4,4,76,b979,,,,,,150.0,240.0,0.0,128.68218994140625,128.68218994140625,120.0,60.0,1.0,0.0,-1.0
,outer4,4,76,b979,,,,,,150.0,270.0,60.000003814697266,90.0,29.999996185302734,30.0,0.0,0.0,0.0,0.0
,outer4,4,76,b979,,,,,,150.0,300.0,57.7581901550293,57.7581901550293,0.0,0.0,0.0,0.0,0.0,0.0
,outer4,4,76,b979,,,,,,150.0,330.0,60.000003814697266,151.04498291015625,91.04497909545898,120.0,-60.0,0.0,0.0,0.0
,outer4,4,76,baa9,,,,,,30.0,0.0,0.0,0.0,0.0,0.0,0.0,1.0,1.0,0.0
,outer4,4,76,baa9,,,,,,30.0,30.0,0.0,0.0,0.0,0.0,0.0,1.0,1.0,0.0
,outer4,4,76,baa9,,,,,,30.0,60.0,0.0,0.0,0.0,0.0,0.0,1.0,1.0,0.0
,outer4,4,76,baa9,,,,,,30.0,90.0,0.0,0.0,0.0,0.0,0.0,1.0,1.0,0.0
,outer4,4,76,baa9,,,,,,30.0,120.0,0.0,0.0,0.0,0.0,0.0,1.0,1.0,0.0
,outer4,4,76,baa9,,,,,,30.0,150.0,0.0,0.0,0.0,0.0,0.0,1.0,1.0,0.0
,outer4,4,76,baa9,,,,,,30.0,180.0,0.0,0.0,0.0,0.0,0.0,1.0,1.0,0.0
,outer4,4,76,baa9,,,,,,30.0,210.0,0.0,0.0,0.0,0.0,0.0,1.0,1.0,0.0
,outer4,4,76,baa9,,,,,,30.0,240.0,0.0,0.0,0.0,0.0,0.0,1.0,1.0,0.0
,outer4,4,76,baa9,,,,,,30.0,270.0,0.0,0.0,0.0,0.0,0.0,1.0,1.0,0.0
,outer4,4,76,baa9,,,,,,30.0,300.0,0.0,0.0,0.0,0.0,0.0,1.0,1.0,0.0
,outer4,4,76,baa9,,,,,,30.0,330.0,0.0,0.0,0.0,0.0,0.0,1.0,1.0,0.0
,outer4,4,76,baa9,,,,,,60.0,0.0,0.0,0.0,0.0,0.0,0.0,1.0,1.0,0.0
,outer4,4,76,baa9,,,,,,60.0,30.0,0.0,0.0,0.0,0.0,0.0,1.0,1.0,0.0
,outer4,4,76,baa9,,,,,,60.0,60.0,0.0,0.0,0.0,0.0,0.0,1.0,1.0,0.0
,outer4,4,76,baa9,,,,,,60.0,90.0,0.0,0.0,0.0,0.0,0.0,1.0,1.0,0.0
,outer4,4,76,baa9,,,,,,60.0,120.0,0.0,0.0,0.0,0.0,0.0,1.0,1.0,0.0
,outer4,4,76,baa9,,,,,,60.0,150.0,0.0,0.0,0.0,0.0,0.0,1.0,1.0,0.0
,outer4,4,76,baa9,,,,,,60.0,180.0,0.0,0.0,0.0,0.0,0.0,1.0,1.0,0.0
,outer4,4,76,baa9,,,,,,60.0,210.0,0.0,0.0,0.0,0.0,0.0,1.0,1.0,0.0
,outer4,4,76,baa9,,,,,,60.0,240.0,0.0,0.0,0.0,0.0,0.0,1.0,1.0,0.0
,outer4,4,76,baa9,,,,,,60.0,270.0,0.0,0.0,0.0,0.0,0.0,1.0,1.0,0.0
,outer4,4,76,baa9,,,,,,60.0,300.0,0.0,0.0,0.0,0.0,0.0,1.0,1.0,0.0
,outer4,4,76,baa9,,,,,,60.0,330.0,0.0,0.0,0.0,0.0,0.0,1.0,1.0,0.0
,outer4,4,76,baa9,,,,,,90.0,0.0,0.0,0.0,0.0,0.0,0.0,1.0,1.0,0.0
,outer4,4,76,baa9,,,,,,90.0,30.0,0.0,0.0,0.0,0.0,0.0,1.0,1.0,0.0
,outer4,4,76,baa9,,,,,,90.0,60.0,0.0,0.0,0.0,0.0,0.0,1.0,1.0,0.0
,outer4,4,76,baa9,,,,,,90.0,90.0,0.0,0.0,0.0,0.0,0.0,1.0,1.0,0.0
,outer4,4,76,baa9,,,,,,90.0,120.0,0.0,0.0,0.0,0.0,0.0,1.0,1.0,0.0
,outer4,4,76,baa9,,,,,,90.0,150.0,0.0,0.0,0.0,0.0,0.0,1.0,1.0,0.0
,outer4,4,76,baa9,,,,,,90.0,180.0,180.0,180.0,0.0,0.0,0.0,0.0,0.0,0.0
,outer4,4,76,baa9,,,,,,90.0,210.0,0.0,0.0,0.0,0.0,0.0,1.0,1.0,0.0
,outer4,4,76,baa9,,,,,,90.0,240.0,0.0,0.0,0.0,0.0,0.0,1.0,1.0,0.0
,outer4,4,76,baa9,,,,,,90.0,270.0,0.0,0.0,0.0,0.0,0.0,1.0,1.0,0.0
,outer4,4,76,baa9,,,,,,90.0,300.0,0.0,0.0,0.0,0.0,0.0,1.0,1.0,0.0
,outer4,4,76,baa9,,,,,,90.0,330.0,0.0,0.0,0.0,0.0,0.0,1.0,1.0,0.0
,outer4,4,76,baa9,,,,,,120.0,0.0,0.0,0.0,0.0,0.0,0.0,1.0,1.0,0.0
,outer4,4,76,baa9,,,,,,120.0,30.0,0.0,0.0,0.0,0.0,0.0,1.0,1.0,0.0
,outer4,4,76,baa9,,,,,,120.0,60.0,0.0,0.0,0.0,0.0,0.0,1.0,1.0,0.0
,outer4,4,76,baa9,,,,,,120.0,90.0,0.0,0.0,0.0,0.0,0.0,1.0,1.0,0.0
,outer4,4,76,baa9,,,,,,120.0,120.0,0.0,0.0,0.0,0.0,0.0,1.0,1.0,0.0
,outer4,4,76,baa9,,,,,,120.0,150.0,0.0,0.0,0.0,0.0,0.0,1.0,1.0,0.0
,outer4,4,76,baa9,,,,,,120.0,180.0,0.0,0.0,0.0,0.0,0.0,1.0,1.0,0.0
,outer4,4,76,baa9,,,,,,120.0,210.0,0.0,0.0,0.0,0.0,0.0,1.0,1.0,0.0
,outer4,4,76,baa9,,,,,,120.0,240.0,0.0,0.0,0.0,0.0,0.0,1.0,1.0,0.0
,outer4,4,76,baa9,,,,,,120.0,270.0,0.0,0.0,0.0,0.0,0.0,1.0,1.0,0.0
,outer4,4,76,baa9,,,,,,120.0,300.0,0.0,0.0,0.0,0.0,0.0,1.0,1.0,0.0
,outer4,4,76,baa9,,,,,,120.0,330.0,0.0,0.0,0.0,0.0,0.0,1.0,1.0,0.0
,outer4,4,76,baa9,,,,,,150.0,0.0,0.0,0.0,0.0,0.0,0.0,1.0,1.0,0.0
,outer4,4,76,baa9,,,,,,150.0,30.0,0.0,0.0,0.0,0.0,0.0,1.0,1.0,0.0
,outer4,4,76,baa9,,,,,,150.0,60.0,0.0,0.0,0.0,0.0,0.0,1.0,1.0,0.0
,outer4,4,76,baa9,,,,,,150.0,90.0,0.0,0.0,0.0,0.0,0.0,1.0,1.0,0.0
,outer4,4,76,baa9,,,,,,150.0,120.0,0.0,0.0,0.0,0.0,0.0,1.0,1.0,0.0
,outer4,4,76,baa9,,,,,,150.0,150.0,0.0,0.0,0.0,0.0,0.0,1.0,1.0,0.0
,outer4,4,76,baa9,,,,,,150.0,180.0,0.0,0.0,0.0,0.0,0.0,1.0,1.0,0.0
,outer4,4,76,baa9,,,,,,150.0,210.0,0.0,0.0,0.0,0.0,0.0,1.0,1.0,0.0
,outer4,4,76,baa9,,,,,,150.0,240.0,0.0,0.0,0.0,0.0,0.0,1.0,1.0,0.0
,outer4,4,76,baa9,,,,,,150.0,270.0,0.0,0.0,0.0,0.0,0.0,1.0,1.0,0.0
,outer4,4,76,baa9,,,,,,150.0,300.0,0.0,0.0,0.0,0.0,0.0,1.0,1.0,0.0
,outer4,4,76,baa9,,,,,,150.0,330.0,0.0,0.0,0.0,0.0,0.0,1.0,1.0,0.0
,outer4,4,76,bb26,,,,,,30.0,0.0,150.0,150.0,0.0,0.0,0.0,0.0,0.0,0.0
,outer4,4,76,bb26,,,,,,30.0,30.0,14.870942115783691,0.0,-14.870942115783691,0.0,-30.0,0.0,1.0,1.0
,outer4,4,76,bb26,,,,,,30.0,60.0,0.0,151.04498291015625,151.04498291015625,120.0,120.0,1.0,0.0,-1.0
,outer4,4,76,bb26,,,,,,30.0,90.0,180.0,150.0,-30.0,-30.0,0.0,0.0,0.0,0.0
,outer4,4,76,bb26,,,,,,30.0,120.0,128.68218994140625,180.0,51.31781005859375,0.0,120.0,0.0,0.0,0.0
,outer4,4,76,bb26,,,,,,30.0,150.0,60.000003814697266,143.9022216796875,83.90221786499023,90.0,-30.0,0.0,0.0,0.0
,outer4,4,76,bb26,,,,,,30.0,180.0,30.000001907348633,90.0,59.99999809265137,60.0,0.0,0.0,0.0,0.0
,outer4,4,76,bb26,,,,,,30.0,210.0,128.68218994140625,14.870942115783691,-113.81124782562256,-120.0,-30.0,0.0,0.0,0.0
,outer4,4,76,bb26,,,,,,30.0,240.0,60.000003814697266,60.000003814697266,0.0,0.0,0.0,0.0,0.0,0.0
,outer4,4,76,bb26,,,,,,30.0,270.0,0.0,0.0,0.0,0.0,0.0,1.0,1.0,0.0
,outer4,4,76,bb26,,,,,,30.0,300.0,151.04498291015625,0.0,-151.04498291015625,-120.0,-120.0,0.0,1.0,1.0
,outer4,4,76,bb26,,,,,,30.0,330.0,0.0,122.24180603027344,122.24180603027344,120.0,30.0,1.0,0.0,-1.0
,outer4,4,76,bb26,,,,,,60.0,0.0,180.0,180.0,0.0,0.0,0.0,0.0,0.0,0.0
,outer4,4,76,bb26,,,,,,60.0,30.0,102.50391387939453,82.81924438476562,-19.684669494628906,-30.0,0.0,0.0,0.0,0.0
,outer4,4,76,bb26,,,,,,60.0,60.0,25.905075073242188,0.0,-25.905075073242188,0.0,-30.0,0.0,1.0,1.0
,outer4,4,76,bb26,,,,,,60.0,90.0,41.40962219238281,138.59039306640625,97.18077087402344,0.0,120.0,0.0,0.0,0.0
,outer4,4,76,bb26,,,,,,60.0,120.0,29.999998092651367,29.999998092651367,0.0,0.0,0.0,0.0,0.0,0.0
,outer4,4,76,bb26,,,,,,60.0,150.0,82.81924438476562,82.81924438476562,0.0,0.0,0.0,0.0,0.0,0.0
,outer4,4,76,bb26,,,,,,60.0,180.0,60.000003814697266,60.000003814697266,0.0,0.0,0.0,0.0,0.0,0.0
,outer4,4,76,bb26,,,,,,60.0,210.0,60.000003814697266,60.000003814697266,0.0,0.0,0.0,0.0,0.0,0.0
,outer4,4,76,bb26,,,,,,60.0,240.0,0.0,41.40962219238281,41.40962219238281,30.0,30.0,1.0,0.0,-1.0
,outer4,4,76,bb26,,,,,,60.0,270.0,0.0,29.999998092651367,29.999998092651367,30.0,0.0,1.0,0.0,-1.0
,outer4,4,76,bb26,,,,,,60.0,300.0,128.68218994140625,60.000003814697266,-68.68218612670898,0.0,-120.0,0.0,0.0,0.0
,outer4,4,76,bb26,,,,,,60.0,330.0,102.50391387939453,180.0,77.49608612060547,-30.0,120.0,0.0,0.0,0.0
,outer4,4,76,bb26,,,,,,90.0,0.0,180.0,150.0,-30.0,0.0,-30.0,0.0,0.0,0.0
,outer4,4,76,bb26,,,,,,90.0,30.0,150.0,180.0,30.0,0.0,30.0,0.0,0.0,0.0
,outer4,4,76,bb26,,,,,,90.0,60.0,180.0,180.0,0.0,0.0,0.0,0.0,0.0,0.0
,outer4,4,76,bb26,,,,,,90.0,90.0,150.0,150.0,0.0,0.0,0.0,0.0,0.0,0.0
,outer4,4,76,bb26,,,,,,90.0,120.0,30.000001907348633,0.0,-30.000001907348633,0.0,-30.0,0.0,1.0,1.0
,outer4,4,76,bb26,,,,,,90.0,150.0,60.000003814697266,30.000001907348633,-30.000001907348633,0.0,-30.0,0.0,0.0,0.0
,outer4,4,76,bb26,,,,,,90.0,180.0,0.0,30.000001907348633,30.000001907348633,0.0,30.0,1.0,0.0,-1.0
,outer4,4,76,bb26,,,,,,90.0,210.0,90.0,0.0,-90.0,0.0,-90.0,0.0,1.0,1.0
,outer4,4,76,bb26,,,,,,90.0,240.0,0.0,0.0,0.0,0.0,0.0,1.0,1.0,0.0
,outer4,4,76,bb26,,,,,,90.0,270.0,30.000001907348633,30.000001907348633,0.0,0.0,0.0,0.0,0.0,0.0
,outer4,4,76,bb26,,,,,,90.0,300.0,30.000001907348633,0.0,-30.000001907348633,0.0,-30.0,0.0,1.0,1.0
,outer4,4,76,bb26,,,,,,90.0,330.0,120.00000762939453,120.00000762939453,0.0,0.0,0.0,0.0,0.0,0.0
,outer4,4,76,bb26,,,,,,120.0,0.0,120.00000762939453,120.00000762939453,0.0,0.0,0.0,0.0,0.0,0.0
,outer4,4,76,bb26,,,,,,120.0,30.0,25.905075073242188,82.81924438476562,56.91416931152344,60.0,30.0,0.0,0.0,0.0
,outer4,4,76,bb26,,,,,,120.0,60.0,0.0,0.0,0.0,0.0,0.0,1.0,1.0,0.0
,outer4,4,76,bb26,,,,,,120.0,90.0,0.0,138.59039306640625,138.59039306640625,30.0,150.0,1.0,0.0,-1.0
,outer4,4,76,bb26,,,,,,120.0,120.0,0.0,90.0,90.0,30.0,90.0,1.0,0.0,-1.0
,outer4,4,76,bb26,,,,,,120.0,150.0,93.32575225830078,51.31781005859375,-42.00794219970703,-90.0,30.0,0.0,0.0,0.0
,outer4,4,76,bb26,,,,,,120.0,180.0,0.0,120.00000762939453,120.00000762939453,0.0,180.0,1.0,0.0,-1.0
,outer4,4,76,bb26,,,,,,120.0,210.0,115.6589126586914,0.0,-115.6589126586914,-90.0,-90.0,0.0,1.0,1.0
,outer4,4,76,bb26,,,,,,120.0,240.0,30.000001907348633,0.0,-30.000001907348633,-30.0,0.0,0.0,1.0,1.0
,outer4,4,76,bb26,,,,,,120.0,270.0,150.0,41.40962219238281,-108.59037780761719,0.0,-150.0,0.0,0.0,0.0
,outer4,4,76,bb26,,,,,,120.0,300.0,154.0949249267578,115.65889739990234,-38.43602752685547,-30.0,-30.0,0.0,0.0,0.0
,outer4,4,76,bb26,,,,,,120.0,330.0,75.5224838256836,0.0,-75.5224838256836,0.0,-90.0,0.0,1.0,1.0
,outer4,4,76,bb26,,,,,,150.0,0.0,29.99998664855957,29.99998664855957,0.0,0.0,0.0,0.0,0.0,0.0
,outer4,4,76,bb26,,,,,,150.0,30.0,0.0,14.870942115783691,14.870942115783691,0.0,30.0,1.0,0.0,-1.0
,outer4,4,76,bb26,,,,,,150.0,60.0,0.0,151.04498291015625,151.04498291015625,120.0,120.0,1.0,0.0,-1.0
,outer4,4,76,bb26,,,,,,150.0,90.0,180.0,180.0,0.0,0.0,0.0,0.0,0.0,0.0
,outer4,4,76,bb26,,,,,,150.0,120.0,128.68218994140625,128.68218994140625,0.0,0.0,0.0,0.0,0.0,0.0
,outer4,4,76,bb26,,,,,,150.0,150.0,0.0,36.09777069091797,36.09777069091797,30.0,30.0,1.0,0.0,-1.0
,outer4,4,76,bb26,,,,,,150.0,180.0,29.99998664855957,29.99998664855957,0.0,0.0,0.0,0.0,0.0,0.0
,outer4,4,76,bb26,,,,,,150.0,210.0,151.04498291015625,86.67425537109375,-64.3707275390625,-90.0,30.0,0.0,0.0,0.0
,outer4,4,76,bb26,,,,,,150.0,240.0,60.000003814697266,14.870942115783691,-45.129061698913574,0.0,-150.0,0.0,0.0,0.0
,outer4,4,76,bb26,,,,,,150.0,270.0,0.0,29.99998664855957,29.99998664855957,30.0,0.0,1.0,0.0,-1.0
,outer4,4,76,bb26,,,,,,150.0,300.0,151.04498291015625,0.0,-151.04498291015625,-120.0,-120.0,0.0,1.0,1.0
,outer4,4,76,bb26,,,,,,150.0,330.0,0.0,128.68218994140625,128.68218994140625,120.0,60.0,1.0,0.0,-1.0
