protocol,fold,seed,object_code,theta_true_deg,phi_true_deg,great_circle_err_rect_ifft_deg,great_circle_err_hann_ifft_deg,great_circle_err_hann_minus_rect_deg,theta_err_hann_minus_rect_deg,phi_err_hann_minus_rect_deg,top1_rect_ifft,top1_hann_ifft,top1_hann_minus_rect
id,0,70,b7c1,30.0,0.0,0.0,30.000001907348633,30.000001907348633,30.0,0.0,1.0,0.0,-1.0
id,0,70,b7c1,30.0,180.0,0.0,60.000003814697266,60.000003814697266,0.0,180.0,1.0,0.0,-1.0
id,0,70,b7c1,60.0,60.0,0.0,0.0,0.0,0.0,0.0,1.0,1.0,0.0
id,0,70,b7c1,60.0,240.0,0.0,0.0,0.0,0.0,0.0,1.0,1.0,0.0
id,0,70,b7c1,90.0,120.0,0.0,120.00000762939453,120.00000762939453,0.0,120.0,1.0,0.0,-1.0
id,0,70,b7c1,90.0,300.0,180.0,60.000003814697266,-119.99999618530273,0.0,-120.0,0.0,0.0,0.0
id,0,70,b7c1,120.0,0.0,0.0,0.0,0.0,0.0,0.0,1.0,1.0,0.0
id,0,70,b7c1,120.0,180.0,0.0,0.0,0.0,0.0,0.0,1.0,1.0,0.0
id,0,70,b7c1,150.0,60.0,0.0,0.0,0.0,0.0,0.0,1.0,1.0,0.0
id,0,70,b7c1,150.0,240.0,0.0,14.870942115783691,14.870942115783691,0.0,30.0,1.0,0.0,-1.0
id,0,70,b7fd,30.0,30.0,0.0,0.0,0.0,0.0,0.0,1.0,1.0,0.0
id,0,70,b7fd,30.0,210.0,128.68218994140625,60.000003814697266,-68.68218612670898,-120.0,120.0,0.0,0.0,0.0
id,0,70,b7fd,60.0,90.0,0.0,0.0,0.0,0.0,0.0,1.0,1.0,0.0
id,0,70,b7fd,60.0,270.0,154.0949249267578,113.5481185913086,-40.54680633544922,-60.0,0.0,0.0,0.0,0.0
id,0,70,b7fd,90.0,150.0,180.0,0.0,-180.0,0.0,-180.0,0.0,1.0,1.0
id,0,70,b7fd,90.0,330.0,120.00000762939453,120.00000762939453,0.0,0.0,0.0,0.0,0.0,0.0
id,0,70,b7fd,120.0,30.0,0.0,82.81924438476562,82.81924438476562,60.0,60.0,1.0,0.0,-1.0
id,0,70,b7fd,120.0,210.0,0.0,128.6822052001953,128.6822052001953,60.0,120.0,1.0,0.0,-1.0
id,0,70,b7fd,150.0,90.0,0.0,120.00000762939453,120.00000762939453,120.0,0.0,1.0,0.0,-1.0
id,0,70,b7fd,150.0,270.0,0.0,120.00000762939453,120.00000762939453,120.0,0.0,1.0,0.0,-1.0
id,0,70,b80b,30.0,60.0,0.0,0.0,0.0,0.0,0.0,1.0,1.0,0.0
id,0,70,b80b,30.0,240.0,0.0,0.0,0.0,0.0,0.0,1.0,1.0,0.0
id,0,70,b80b,60.0,120.0,0.0,0.0,0.0,0.0,0.0,1.0,1.0,0.0
id,0,70,b80b,60.0,300.0,97.18075561523438,0.0,-97.18075561523438,0.0,-120.0,0.0,1.0,1.0
id,0,70,b80b,90.0,0.0,180.0,0.0,-180.0,0.0,-180.0,0.0,1.0,1.0
id,0,70,b80b,90.0,180.0,0.0,180.0,180.0,0.0,180.0,1.0,0.0,-1.0
id,0,70,b80b,120.0,60.0,0.0,0.0,0.0,0.0,0.0,1.0,1.0,0.0
id,0,70,b80b,120.0,240.0,0.0,0.0,0.0,0.0,0.0,1.0,1.0,0.0
id,0,70,b80b,150.0,120.0,0.0,0.0,0.0,0.0,0.0,1.0,1.0,0.0
id,0,70,b80b,150.0,300.0,0.0,0.0,0.0,0.0,0.0,1.0,1.0,0.0
id,0,70,b812,30.0,90.0,0.0,0.0,0.0,0.0,0.0,1.0,1.0,0.0
id,0,70,b812,30.0,270.0,0.0,0.0,0.0,0.0,0.0,1.0,1.0,0.0
id,0,70,b812,60.0,150.0,0.0,0.0,0.0,0.0,0.0,1.0,1.0,0.0
id,0,70,b812,60.0,330.0,0.0,0.0,0.0,0.0,0.0,1.0,1.0,0.0
id,0,70,b812,90.0,30.0,0.0,0.0,0.0,0.0,0.0,1.0,1.0,0.0
id,0,70,b812,90.0,210.0,0.0,0.0,0.0,0.0,0.0,1.0,1.0,0.0
id,0,70,b812,120.0,90.0,0.0,0.0,0.0,0.0,0.0,1.0,1.0,0.0
id,0,70,b812,120.0,270.0,0.0,0.0,0.0,0.0,0.0,1.0,1.0,0.0
id,0,70,b812,150.0,150.0,0.0,0.0,0.0,0.0,0.0,1.0,1.0,0.0
id,0,70,b812,150.0,330.0,0.0,0.0,0.0,0.0,0.0,1.0,1.0,0.0
id,0,70,b827,30.0,120.0,0.0,0.0,0.0,0.0,0.0,1.0,1.0,0.0
id,0,70,b827,30.0,300.0,0.0,0.0,0.0,0.0,0.0,1.0,1.0,0.0
id,0,70,b827,60.0,0.0,0.0,30.000001907348633,30.000001907348633,30.0,0.0,1.0,0.0,-1.0
id,0,70,b827,60.0,180.0,0.0,0.0,0.0,0.0,0.0,1.0,1.0,0.0
id,0,70,b827,90.0,60.0,180.0,119.99999237060547,-60.00000762939453,0.0,-60.0,0.0,0.0,0.0
id,0,70,b827,90.0,240.0,0.0,60.000003814697266,60.000003814697266,0.0,60.0,1.0,0.0,-1.0
id,0,70,b827,120.0,120.0,0.0,0.0,0.0,0.0,0.0,1.0,1.0,0.0
id,0,70,b827,120.0,300.0,0.0,0.0,0.0,0.0,0.0,1.0,1.0,0.0
id,0,70,b827,150.0,0.0,0.0,0.0,0.0,0.0,0.0,1.0,1.0,0.0
id,0,70,b827,150.0,180.0,0.0,0.0,0.0,0.0,0.0,1.0,1.0,0.0
id,0,70,b871,30.0,150.0,0.0,0.0,0.0,0.0,0.0,1.0,1.0,0.0
id,0,70,b871,30.0,330.0,0.0,0.0,0.0,0.0,0.0,1.0,1.0,0.0
id,0,70,b871,60.0,30.0,0.0,0.0,0.0,0.0,0.0,1.0,1.0,0.0
id,0,70,b871,60.0,210.0,0.0,0.0,0.0,0.0,0.0,1.0,1.0,0.0
id,0,70,b871,90.0,90.0,180.0,0.0,-180.0,0.0,-180.0,0.0,1.0,1.0
id,0,70,b871,90.0,270.0,0.0,0.0,0.0,0.0,0.0,1.0,1.0,0.0
id,0,70,b871,120.0,150.0,0.0,0.0,0.0,0.0,0.0,1.0,1.0,0.0
id,0,70,b871,120.0,330.0,0.0,0.0,0.0,0.0,0.0,1.0,1.0,0.0
id,0,70,b871,150.0,30.0,0.0,0.0,0.0,0.0,0.0,1.0,1.0,0.0
id,0,70,b871,150.0,210.0,0.0,0.0,0.0,0.0,0.0,1.0,1.0,0.0
id,0,70,b8ed,30.0,0.0,0.0,0.0,0.0,0.0,0.0,1.0,1.0,0.0
id,0,70,b8ed,30.0,180.0,0.0,0.0,0.0,0.0,0.0,1.0,1.0,0.0
id,0,70,b8ed,60.0,60.0,0.0,0.0,0.0,0.0,0.0,1.0,1.0,0.0
id,0,70,b8ed,60.0,240.0,0.0,113.5481185913086,113.5481185913086,0.0,150.0,1.0,0.0,-1.0
id,0,70,b8ed,90.0,120.0,120.00000762939453,60.000003814697266,-60.000003814697266,0.0,-60.0,0.0,0.0,0.0
id,0,70,b8ed,90.0,300.0,0.0,119.99999237060547,119.99999237060547,0.0,120.0,1.0,0.0,-1.0
id,0,70,b8ed,120.0,0.0,0.0,0.0,0.0,0.0,0.0,1.0,1.0,0.0
id,0,70,b8ed,120.0,180.0,0.0,0.0,0.0,0.0,0.0,1.0,1.0,0.0
id,0,70,b8ed,150.0,60.0,0.0,0.0,0.0,0.0,0.0,1.0,1.0,0.0
id,0,70,b8ed,150.0,240.0,14.870942115783691,60.000003814697266,45.129061698913574,0.0,150.0,0.0,0.0,0.0
id,0,70,b905,30.0,30.0,0.0,0.0,0.0,0.0,0.0,1.0,1.0,0.0
id,0,70,b905,30.0,210.0,0.0,0.0,0.0,0.0,0.0,1.0,1.0,0.0
id,0,70,b905,60.0,90.0,0.0,0.0,0.0,0.0,0.0,1.0,1.0,0.0
id,0,70,b905,60.0,270.0,0.0,0.0,0.0,0.0,0.0,1.0,1.0,0.0
id,0,70,b905,90.0,150.0,180.0,180.0,0.0,0.0,0.0,0.0,0.0,0.0
id,0,70,b905,90.0,330.0,0.0,0.0,0.0,0.0,0.0,1.0,1.0,0.0
id,0,70,b905,120.0,30.0,25.905075073242188,0.0,-25.905075073242188,0.0,-30.0,0.0,1.0,1.0
id,0,70,b905,120.0,210.0,0.0,0.0,0.0,0.0,0.0,1.0,1.0,0.0
id,0,70,b905,150.0,90.0,0.0,0.0,0.0,0.0,0.0,1.0,1.0,0.0
id,0,70,b905,150.0,270.0,0.0,0.0,0.0,0.0,0.0,1.0,1.0,0.0
id,0,70,b943,30.0,60.0,0.0,0.0,0.0,0.0,0.0,1.0,1.0,0.0
id,0,70,b943,30.0,240.0,0.0,0.0,0.0,0.0,0.0,1.0,1.0,0.0
id,0,70,b943,60.0,120.0,0.0,0.0,0.0,0.0,0.0,1.0,1.0,0.0
id,0,70,b943,60.0,300.0,0.0,0.0,0.0,0.0,0.0,1.0,1.0,0.0
id,0,70,b943,90.0,0.0,180.0,180.0,0.0,0.0,0.0,0.0,0.0,0.0
id,0,70,b943,90.0,180.0,0.0,0.0,0.0,0.0,0.0,1.0,1.0,0.0
id,0,70,b943,120.0,60.0,0.0,0.0,0.0,0.0,0.0,1.0,1.0,0.0
id,0,70,b943,120.0,240.0,0.0,0.0,0.0,0.0,0.0,1.0,1.0,0.0
id,0,70,b943,150.0,120.0,0.0,0.0,0.0,0.0,0.0,1.0,1.0,0.0
id,0,70,b943,150.0,300.0,0.0,0.0,0.0,0.0,0.0,1.0,1.0,0.0
id,0,70,b974,30.0,90.0,0.0,0.0,0.0,0.0,0.0,1.0,1.0,0.0
id,0,70,b974,30.0,270.0,0.0,0.0,0.0,0.0,0.0,1.0,1.0,0.0
id,0,70,b974,60.0,150.0,25.905075073242188,0.0,-25.905075073242188,0.0,-30.0,0.0,1.0,1.0
id,0,70,b974,60.0,330.0,0.0,0.0,0.0,0.0,0.0,1.0,1.0,0.0
id,0,70,b974,90.0,30.0,0.0,180.0,180.0,0.0,180.0,1.0,0.0,-1.0
id,0,70,b974,90.0,210.0,180.0,0.0,-180.0,0.0,-180.0,0.0,1.0,1.0
id,0,70,b974,120.0,90.0,0.0,0.0,0.0,0.0,0.0,1.0,1.0,0.0
id,0,70,b974,120.0,270.0,0.0,0.0,0.0,0.0,0.0,1.0,1.0,0.0
id,0,70,b974,150.0,150.0,0.0,0.0,0.0,0.0,0.0,1.0,1.0,0.0
id,0,70,b974,150.0,330.0,0.0,0.0,0.0,0.0,0.0,1.0,1.0,0.0
id,0,70,b979,30.0,120.0,128.68218994140625,128.68218994140625,0.0,0.0,0.0,0.0,0.0,0.0
id,0,70,b979,30.0,300.0,151.04498291015625,151.04498291015625,0.0,0.0,0.0,0.0,0.0,0.0
id,0,70,b979,60.0,0.0,30.000001907348633,0.0,-30.000001907348633,-30.0,0.0,0.0,1.0,1.0
id,0,70,b979,60.0,180.0,30.000001907348633,90.0,59.99999809265137,0.0,180.0,0.0,0.0,0.0
id,0,70,b979,90.0,60.0,90.0,119.99999237060547,29.99999237060547,0.0,30.0,0.0,0.0,0.0
id,0,70,b979,90.0,240.0,90.0,60.000003814697266,-29.999996185302734,0.0,-30.0,0.0,0.0,0.0
id,0,70,b979,120.0,120.0,51.31781005859375,130.50535583496094,79.18754577636719,90.0,60.0,0.0,0.0,0.0
id,0,70,b979,120.0,300.0,29.99998664855957,29.99998664855957,0.0,0.0,0.0,0.0,0.0,0.0
id,0,70,b979,150.0,0.0,180.0,0.0,-180.0,-120.0,-180.0,0.0,1.0,1.0
id,0,70,b979,150.0,180.0,0.0,60.000003814697266,60.000003814697266,0.0,180.0,1.0,0.0,-1.0
id,0,70,b97b,30.0,150.0,0.0,128.68218994140625,128.68218994140625,120.0,60.0,1.0,0.0,-1.0
id,0,70,b97b,30.0,330.0,0.0,0.0,0.0,0.0,0.0,1.0,1.0,0.0
id,0,70,b97b,60.0,30.0,0.0,0.0,0.0,0.0,0.0,1.0,1.0,0.0
id,0,70,b97b,60.0,210.0,0.0,82.81924438476562,82.81924438476562,60.0,60.0,1.0,0.0,-1.0
id,0,70,b97b,90.0,90.0,0.0,180.0,180.0,0.0,180.0,1.0,0.0,-1.0
id,0,70,b97b,90.0,270.0,180.0,0.0,-180.0,0.0,-180.0,0.0,1.0,1.0
id,0,70,b97b,120.0,150.0,0.0,0.0,0.0,0.0,0.0,1.0,1.0,0.0
id,0,70,b97b,120.0,330.0,0.0,0.0,0.0,0.0,0.0,1.0,1.0,0.0
id,0,70,b97b,150.0,30.0,0.0,0.0,0.0,0.0,0.0,1.0,1.0,0.0
id,0,70,b97b,150.0,210.0,0.0,0.0,0.0,0.0,0.0,1.0,1.0,0.0
id,0,70,b9e6,30.0,0.0,0.0,0.0,0.0,0.0,0.0,1.0,1.0,0.0
id,0,70,b9e6,30.0,180.0,0.0,0.0,0.0,0.0,0.0,1.0,1.0,0.0
id,0,70,b9e6,60.0,60.0,0.0,0.0,0.0,0.0,0.0,1.0,1.0,0.0
id,0,70,b9e6,60.0,240.0,0.0,0.0,0.0,0.0,0.0,1.0,1.0,0.0
id,0,70,b9e6,90.0,120.0,120.00000762939453,180.0,59.99999237060547,0.0,60.0,0.0,0.0,0.0
id,0,70,b9e6,90.0,300.0,60.000003814697266,0.0,-60.000003814697266,0.0,-60.0,0.0,1.0,1.0
id,0,70,b9e6,120.0,0.0,0.0,29.99998664855957,29.99998664855957,30.0,0.0,1.0,0.0,-1.0
id,0,70,b9e6,120.0,180.0,0.0,0.0,0.0,0.0,0.0,1.0,1.0,0.0
id,0,70,b9e6,150.0,60.0,0.0,0.0,0.0,0.0,0.0,1.0,1.0,0.0
id,0,70,b9e6,150.0,240.0,0.0,0.0,0.0,0.0,0.0,1.0,1.0,0.0
id,0,70,ba0f,30.0,30.0,151.04498291015625,165.12905883789062,14.084075927734375,0.0,30.0,0.0,0.0,0.0
id,0,70,ba0f,30.0,210.0,151.04498291015625,151.04498291015625,0.0,0.0,0.0,0.0,0.0,0.0
id,0,70,ba0f,60.0,90.0,0.0,29.999998092651367,29.999998092651367,30.0,0.0,1.0,0.0,-1.0
id,0,70,ba0f,60.0,270.0,150.0,29.999998092651367,-120.00000190734863,0.0,-180.0,0.0,0.0,0.0
id,0,70,ba0f,90.0,150.0,180.0,30.000001907348633,-149.99999809265137,0.0,-150.0,0.0,0.0,0.0
id,0,70,ba0f,90.0,330.0,150.0,150.0,0.0,0.0,0.0,0.0,0.0,0.0
id,0,70,ba0f,120.0,30.0,0.0,25.905075073242188,25.905075073242188,0.0,30.0,1.0,0.0,-1.0
id,0,70,ba0f,120.0,210.0,120.00000762939453,82.81924438476562,-37.180763244628906,60.0,-120.0,0.0,0.0,0.0
id,0,70,ba0f,150.0,90.0,0.0,120.00000762939453,120.00000762939453,120.0,0.0,1.0,0.0,-1.0
id,0,70,ba0f,150.0,270.0,180.0,120.00000762939453,-59.99999237060547,0.0,-180.0,0.0,0.0,0.0
id,0,70,baa9,30.0,60.0,0.0,0.0,0.0,0.0,0.0,1.0,1.0,0.0
id,0,70,baa9,30.0,240.0,0.0,0.0,0.0,0.0,0.0,1.0,1.0,0.0
id,0,70,baa9,60.0,120.0,0.0,0.0,0.0,0.0,0.0,1.0,1.0,0.0
id,0,70,baa9,60.0,300.0,0.0,0.0,0.0,0.0,0.0,1.0,1.0,0.0
id,0,70,baa9,90.0,0.0,0.0,0.0,0.0,0.0,0.0,1.0,1.0,0.0
id,0,70,baa9,90.0,180.0,0.0,180.0,180.0,0.0,180.0,1.0,0.0,-1.0
id,0,70,baa9,120.0,60.0,0.0,0.0,0.0,0.0,0.0,1.0,1.0,0.0
id,0,70,baa9,120.0,240.0,0.0,0.0,0.0,0.0,0.0,1.0,1.0,0.0
id,0,70,baa9,150.0,120.0,0.0,0.0,0.0,0.0,0.0,1.0,1.0,0.0
id,0,70,baa9,150.0,300.0,0.0,0.0,0.0,0.0,0.0,1.0,1.0,0.0
id,0,70,bb26,30.0,90.0,180.0,180.0,0.0,0.0,0.0,0.0,0.0,0.0
id,0,70,bb26,30.0,270.0,0.0,180.0,180.0,120.0,180.0,1.0,0.0,-1.0
id,0,70,bb26,60.0,150.0,82.81924438476562,180.0,97.18075561523438,0.0,120.0,0.0,0.0,0.0
id,0,70,bb26,60.0,330.0,51.31782150268555,82.81924438476562,31.501422882080078,60.0,0.0,0.0,0.0,0.0
id,0,70,bb26,90.0,30.0,120.00000762939453,60.00000762939453,-60.0,0.0,-60.0,0.0,0.0,0.0
id,0,70,bb26,90.0,210.0,60.000003814697266,120.00000762939453,60.000003814697266,0.0,60.0,0.0,0.0,0.0
id,0,70,bb26,120.0,90.0,180.0,180.0,0.0,0.0,0.0,0.0,0.0,0.0
id,0,70,bb26,120.0,270.0,60.000003814697266,0.0,-60.000003814697266,-60.0,0.0,0.0,1.0,1.0
id,0,70,bb26,150.0,150.0,60.000003814697266,14.870942115783691,-45.129061698913574,0.0,-150.0,0.0,0.0,0.0
id,0,70,bb26,150.0,330.0,128.68218994140625,0.0,-128.68218994140625,-120.0,-60.0,0.0,1.0,1.0
id,0,70,bb7c,30.0,120.0,0.0,0.0,0.0,0.0,0.0,1.0,1.0,0.0
id,0,70,bb7c,30.0,300.0,0.0,0.0,0.0,0.0,0.0,1.0,1.0,0.0
id,0,70,bb7c,60.0,0.0,0.0,0.0,0.0,0.0,0.0,1.0,1.0,0.0
id,0,70,bb7c,60.0,180.0,0.0,0.0,0.0,0.0,0.0,1.0,1.0,0.0
id,0,70,bb7c,90.0,60.0,30.000001907348633,0.0,-30.000001907348633,0.0,-30.0,0.0,1.0,1.0
id,0,70,bb7c,90.0,240.0,120.00000762939453,180.0,59.99999237060547,0.0,60.0,0.0,0.0,0.0
id,0,70,bb7c,120.0,120.0,0.0,0.0,0.0,0.0,0.0,1.0,1.0,0.0
id,0,70,bb7c,120.0,300.0,0.0,0.0,0.0,0.0,0.0,1.0,1.0,0.0
id,0,70,bb7c,150.0,0.0,0.0,29.99998664855957,29.99998664855957,30.0,0.0,1.0,0.0,-1.0
id,0,70,bb7c,150.0,180.0,0.0,90.0,90.0,30.0,180.0,1.0,0.0,-1.0
id,0,70,bb7d,30.0,150.0,128.68218994140625,151.04498291015625,22.36279296875,0.0,60.0,0.0,0.0,0.0
id,0,70,bb7d,30.0,330.0,151.04498291015625,151.04498291015625,0.0,0.0,0.0,0.0,0.0,0.0
id,0,70,bb7d,60.0,30.0,82.81924438476562,0.0,-82.81924438476562,-60.0,-60.0,0.0,1.0,1.0
id,0,70,bb7d,60.0,210.0,128.6822052001953,82.81924438476562,-45.86296081542969,0.0,-60.0,0.0,0.0,0.0
id,0,70,bb7d,90.0,90.0,0.0,0.0,0.0,0.0,0.0,1.0,1.0,0.0
id,0,70,bb7d,90.0,270.0,180.0,180.0,0.0,0.0,0.0,0.0,0.0,0.0
id,0,70,bb7d,120.0,150.0,120.00000762939453,0.0,-120.00000762939453,0.0,-180.0,0.0,1.0,1.0
id,0,70,bb7d,120.0,330.0,0.0,120.00000762939453,120.00000762939453,0.0,180.0,1.0,0.0,-1.0
id,0,70,bb7d,150.0,30.0,0.0,0.0,0.0,0.0,0.0,1.0,1.0,0.0
id,0,70,bb7d,150.0,210.0,60.000003814697266,165.12905883789062,105.12905502319336,120.0,-30.0,0.0,0.0,0.0
id,0,70,bbc6,30.0,0.0,0.0,0.0,0.0,0.0,0.0,1.0,1.0,0.0
id,0,70,bbc6,30.0,180.0,60.000003814697266,0.0,-60.000003814697266,0.0,-180.0,0.0,1.0,1.0
id,0,70,bbc6,60.0,60.0,60.000003814697266,0.0,-60.000003814697266,-60.0,0.0,0.0,1.0,1.0
id,0,70,bbc6,60.0,240.0,51.31781005859375,0.0,-51.31781005859375,0.0,-60.0,0.0,1.0,1.0
id,0,70,bbc6,90.0,120.0,120.00000762939453,180.0,59.99999237060547,0.0,60.0,0.0,0.0,0.0
id,0,70,bbc6,90.0,300.0,60.000003814697266,60.000003814697266,0.0,0.0,0.0,0.0,0.0,0.0
id,0,70,bbc6,120.0,0.0,29.99998664855957,0.0,-29.99998664855957,-30.0,0.0,0.0,1.0,1.0
id,0,70,bbc6,120.0,180.0,90.0,60.000003814697266,-29.999996185302734,-30.0,0.0,0.0,0.0,0.0
id,0,70,bbc6,150.0,60.0,0.0,0.0,0.0,0.0,0.0,1.0,1.0,0.0
id,0,70,bbc6,150.0,240.0,0.0,60.000003814697266,60.000003814697266,0.0,180.0,1.0,0.0,-1.0
id,0,70,bc2c,30.0,30.0,14.870942115783691,180.0,165.1290578842163,120.0,150.0,0.0,0.0,0.0
id,0,70,bc2c,30.0,210.0,57.7581901550293,60.000003814697266,2.2418136596679688,0.0,30.0,0.0,0.0,0.0
id,0,70,bc2c,60.0,90.0,120.00000762939453,120.00000762939453,0.0,0.0,0.0,0.0,0.0,0.0
id,0,70,bc2c,60.0,270.0,0.0,30.000001907348633,30.000001907348633,30.0,0.0,1.0,0.0,-1.0
id,0,70,bc2c,90.0,150.0,30.000001907348633,30.000001907348633,0.0,0.0,0.0,0.0,0.0,0.0
id,0,70,bc2c,90.0,330.0,60.00000762939453,30.00000762939453,-30.0,0.0,-30.0,0.0,0.0,0.0
id,0,70,bc2c,120.0,30.0,82.81924438476562,51.31781005859375,-31.501434326171875,-60.0,0.0,0.0,0.0,0.0
id,0,70,bc2c,120.0,210.0,120.00000762939453,82.81924438476562,-37.180763244628906,60.0,-120.0,0.0,0.0,0.0
id,0,70,bc2c,150.0,90.0,57.7581901550293,122.24180603027344,64.48361587524414,120.0,-120.0,0.0,0.0,0.0
id,0,70,bc2c,150.0,270.0,165.12905883789062,122.24180603027344,-42.88725280761719,0.0,-120.0,0.0,0.0,0.0
id,0,71,b7c1,30.0,0.0,0.0,30.000001907348633,30.000001907348633,30.0,0.0,1.0,0.0,-1.0
id,0,71,b7c1,30.0,180.0,0.0,60.000003814697266,60.000003814697266,0.0,180.0,1.0,0.0,-1.0
id,0,71,b7c1,60.0,60.0,0.0,0.0,0.0,0.0,0.0,1.0,1.0,0.0
id,0,71,b7c1,60.0,240.0,0.0,0.0,0.0,0.0,0.0,1.0,1.0,0.0
id,0,71,b7c1,90.0,120.0,120.00000762939453,120.00000762939453,0.0,0.0,0.0,0.0,0.0,0.0
id,0,71,b7c1,90.0,300.0,0.0,60.000003814697266,60.000003814697266,0.0,60.0,1.0,0.0,-1.0
id,0,71,b7c1,120.0,0.0,0.0,0.0,0.0,0.0,0.0,1.0,1.0,0.0
id,0,71,b7c1,120.0,180.0,0.0,0.0,0.0,0.0,0.0,1.0,1.0,0.0
id,0,71,b7c1,150.0,60.0,0.0,0.0,0.0,0.0,0.0,1.0,1.0,0.0
id,0,71,b7c1,150.0,240.0,0.0,60.000003814697266,60.000003814697266,0.0,180.0,1.0,0.0,-1.0
id,0,71,b7fd,30.0,30.0,57.7581901550293,0.0,-57.7581901550293,0.0,-150.0,0.0,1.0,1.0
id,0,71,b7fd,30.0,210.0,28.95502281188965,0.0,-28.95502281188965,0.0,-60.0,0.0,1.0,1.0
id,0,71,b7fd,60.0,90.0,0.0,25.905075073242188,25.905075073242188,0.0,30.0,1.0,0.0,-1.0
id,0,71,b7fd,60.0,270.0,0.0,113.54812622070312,113.54812622070312,0.0,150.0,1.0,0.0,-1.0
id,0,71,b7fd,90.0,150.0,180.0,30.000001907348633,-149.99999809265137,0.0,-150.0,0.0,0.0,0.0
id,0,71,b7fd,90.0,330.0,0.0,30.00000762939453,30.00000762939453,0.0,30.0,1.0,0.0,-1.0
id,0,71,b7fd,120.0,30.0,82.81924438476562,82.81924438476562,0.0,0.0,0.0,0.0,0.0,0.0
id,0,71,b7fd,120.0,210.0,128.6822052001953,180.0,51.31779479980469,0.0,60.0,0.0,0.0,0.0
id,0,71,b7fd,150.0,90.0,0.0,120.00000762939453,120.00000762939453,120.0,0.0,1.0,0.0,-1.0
id,0,71,b7fd,150.0,270.0,0.0,0.0,0.0,0.0,0.0,1.0,1.0,0.0
id,0,71,b80b,30.0,60.0,0.0,0.0,0.0,0.0,0.0,1.0,1.0,0.0
id,0,71,b80b,30.0,240.0,0.0,0.0,0.0,0.0,0.0,1.0,1.0,0.0
id,0,71,b80b,60.0,120.0,0.0,0.0,0.0,0.0,0.0,1.0,1.0,0.0
id,0,71,b80b,60.0,300.0,128.68218994140625,0.0,-128.68218994140625,-60.0,-120.0,0.0,1.0,1.0
id,0,71,b80b,90.0,0.0,180.0,0.0,-180.0,0.0,-180.0,0.0,1.0,1.0
id,0,71,b80b,90.0,180.0,0.0,0.0,0.0,0.0,0.0,1.0,1.0,0.0
id,0,71,b80b,120.0,60.0,0.0,0.0,0.0,0.0,0.0,1.0,1.0,0.0
id,0,71,b80b,120.0,240.0,0.0,0.0,0.0,0.0,0.0,1.0,1.0,0.0
id,0,71,b80b,150.0,120.0,0.0,0.0,0.0,0.0,0.0,1.0,1.0,0.0
id,0,71,b80b,150.0,300.0,0.0,0.0,0.0,0.0,0.0,1.0,1.0,0.0
id,0,71,b812,30.0,90.0,0.0,0.0,0.0,0.0,0.0,1.0,1.0,0.0
id,0,71,b812,30.0,270.0,0.0,0.0,0.0,0.0,0.0,1.0,1.0,0.0
id,0,71,b812,60.0,150.0,0.0,0.0,0.0,0.0,0.0,1.0,1.0,0.0
id,0,71,b812,60.0,330.0,0.0,0.0,0.0,0.0,0.0,1.0,1.0,0.0
id,0,71,b812,90.0,30.0,180.0,180.0,0.0,0.0,0.0,0.0,0.0,0.0
id,0,71,b812,90.0,210.0,0.0,0.0,0.0,0.0,0.0,1.0,1.0,0.0
id,0,71,b812,120.0,90.0,0.0,0.0,0.0,0.0,0.0,1.0,1.0,0.0
id,0,71,b812,120.0,270.0,0.0,0.0,0.0,0.0,0.0,1.0,1.0,0.0
id,0,71,b812,150.0,150.0,0.0,0.0,0.0,0.0,0.0,1.0,1.0,0.0
id,0,71,b812,150.0,330.0,0.0,0.0,0.0,0.0,0.0,1.0,1.0,0.0
id,0,71,b827,30.0,120.0,57.7581901550293,0.0,-57.7581901550293,0.0,-150.0,0.0,1.0,1.0
id,0,71,b827,30.0,300.0,0.0,0.0,0.0,0.0,0.0,1.0,1.0,0.0
id,0,71,b827,60.0,0.0,0.0,30.000001907348633,30.000001907348633,30.0,0.0,1.0,0.0,-1.0
id,0,71,b827,60.0,180.0,0.0,0.0,0.0,0.0,0.0,1.0,1.0,0.0
id,0,71,b827,90.0,60.0,119.99999237060547,180.0,60.00000762939453,0.0,60.0,0.0,0.0,0.0
id,0,71,b827,90.0,240.0,60.000003814697266,0.0,-60.000003814697266,0.0,-60.0,0.0,1.0,1.0
id,0,71,b827,120.0,120.0,0.0,0.0,0.0,0.0,0.0,1.0,1.0,0.0
id,0,71,b827,120.0,300.0,0.0,0.0,0.0,0.0,0.0,1.0,1.0,0.0
id,0,71,b827,150.0,0.0,0.0,0.0,0.0,0.0,0.0,1.0,1.0,0.0
id,0,71,b827,150.0,180.0,0.0,0.0,0.0,0.0,0.0,1.0,1.0,0.0
id,0,71,b871,30.0,150.0,0.0,0.0,0.0,0.0,0.0,1.0,1.0,0.0
id,0,71,b871,30.0,330.0,0.0,0.0,0.0,0.0,0.0,1.0,1.0,0.0
id,0,71,b871,60.0,30.0,0.0,0.0,0.0,0.0,0.0,1.0,1.0,0.0
id,0,71,b871,60.0,210.0,0.0,0.0,0.0,0.0,0.0,1.0,1.0,0.0
id,0,71,b871,90.0,90.0,0.0,180.0,180.0,0.0,180.0,1.0,0.0,-1.0
id,0,71,b871,90.0,270.0,180.0,0.0,-180.0,0.0,-180.0,0.0,1.0,1.0
id,0,71,b871,120.0,150.0,0.0,0.0,0.0,0.0,0.0,1.0,1.0,0.0
id,0,71,b871,120.0,330.0,0.0,0.0,0.0,0.0,0.0,1.0,1.0,0.0
id,0,71,b871,150.0,30.0,0.0,60.000003814697266,60.000003814697266,0.0,180.0,1.0,0.0,-1.0
id,0,71,b871,150.0,210.0,0.0,0.0,0.0,0.0,0.0,1.0,1.0,0.0
id,0,71,b8ed,30.0,0.0,0.0,30.000001907348633,30.000001907348633,30.0,0.0,1.0,0.0,-1.0
id,0,71,b8ed,30.0,180.0,0.0,60.000003814697266,60.000003814697266,0.0,180.0,1.0,0.0,-1.0
id,0,71,b8ed,60.0,60.0,0.0,0.0,0.0,0.0,0.0,1.0,1.0,0.0
id,0,71,b8ed,60.0,240.0,0.0,0.0,0.0,0.0,0.0,1.0,1.0,0.0
id,0,71,b8ed,90.0,120.0,120.00000762939453,120.00000762939453,0.0,0.0,0.0,0.0,0.0,0.0
id,0,71,b8ed,90.0,300.0,60.000003814697266,60.000003814697266,0.0,0.0,0.0,0.0,0.0,0.0
id,0,71,b8ed,120.0,0.0,0.0,0.0,0.0,0.0,0.0,1.0,1.0,0.0
id,0,71,b8ed,120.0,180.0,0.0,0.0,0.0,0.0,0.0,1.0,1.0,0.0
id,0,71,b8ed,150.0,60.0,0.0,0.0,0.0,0.0,0.0,1.0,1.0,0.0
id,0,71,b8ed,150.0,240.0,60.000003814697266,0.0,-60.000003814697266,0.0,-180.0,0.0,1.0,1.0
id,0,71,b905,30.0,30.0,0.0,0.0,0.0,0.0,0.0,1.0,1.0,0.0
id,0,71,b905,30.0,210.0,0.0,0.0,0.0,0.0,0.0,1.0,1.0,0.0
id,0,71,b905,60.0,90.0,0.0,0.0,0.0,0.0,0.0,1.0,1.0,0.0
id,0,71,b905,60.0,270.0,0.0,0.0,0.0,0.0,0.0,1.0,1.0,0.0
id,0,71,b905,90.0,150.0,180.0,0.0,-180.0,0.0,-180.0,0.0,1.0,1.0
id,0,71,b905,90.0,330.0,0.0,0.0,0.0,0.0,0.0,1.0,1.0,0.0
id,0,71,b905,120.0,30.0,82.81924438476562,82.81924438476562,0.0,0.0,0.0,0.0,0.0,0.0
id,0,71,b905,120.0,210.0,0.0,0.0,0.0,0.0,0.0,1.0,1.0,0.0
id,0,71,b905,150.0,90.0,0.0,0.0,0.0,0.0,0.0,1.0,1.0,0.0
id,0,71,b905,150.0,270.0,0.0,0.0,0.0,0.0,0.0,1.0,1.0,0.0
id,0,71,b943,30.0,60.0,0.0,0.0,0.0,0.0,0.0,1.0,1.0,0.0
id,0,71,b943,30.0,240.0,0.0,0.0,0.0,0.0,0.0,1.0,1.0,0.0
id,0,71,b943,60.0,120.0,0.0,0.0,0.0,0.0,0.0,1.0,1.0,0.0
id,0,71,b943,60.0,300.0,0.0,0.0,0.0,0.0,0.0,1.0,1.0,0.0
id,0,71,b943,90.0,0.0,180.0,180.0,0.0,0.0,0.0,0.0,0.0,0.0
id,0,71,b943,90.0,180.0,0.0,0.0,0.0,0.0,0.0,1.0,1.0,0.0
id,0,71,b943,120.0,60.0,0.0,0.0,0.0,0.0,0.0,1.0,1.0,0.0
id,0,71,b943,120.0,240.0,0.0,0.0,0.0,0.0,0.0,1.0,1.0,0.0
id,0,71,b943,150.0,120.0,0.0,0.0,0.0,0.0,0.0,1.0,1.0,0.0
id,0,71,b943,150.0,300.0,0.0,0.0,0.0,0.0,0.0,1.0,1.0,0.0
id,0,71,b974,30.0,90.0,0.0,0.0,0.0,0.0,0.0,1.0,1.0,0.0
id,0,71,b974,30.0,270.0,0.0,0.0,0.0,0.0,0.0,1.0,1.0,0.0
id,0,71,b974,60.0,150.0,0.0,0.0,0.0,0.0,0.0,1.0,1.0,0.0
id,0,71,b974,60.0,330.0,0.0,0.0,0.0,0.0,0.0,1.0,1.0,0.0
id,0,71,b974,90.0,30.0,180.0,0.0,-180.0,0.0,-180.0,0.0,1.0,1.0
id,0,71,b974,90.0,210.0,0.0,0.0,0.0,0.0,0.0,1.0,1.0,0.0
id,0,71,b974,120.0,90.0,0.0,0.0,0.0,0.0,0.0,1.0,1.0,0.0
id,0,71,b974,120.0,270.0,0.0,0.0,0.0,0.0,0.0,1.0,1.0,0.0
id,0,71,b974,150.0,150.0,0.0,0.0,0.0,0.0,0.0,1.0,1.0,0.0
id,0,71,b974,150.0,330.0,0.0,0.0,0.0,0.0,0.0,1.0,1.0,0.0
id,0,71,b979,30.0,120.0,28.95502281188965,90.0,61.04497718811035,30.0,120.0,0.0,0.0,0.0
id,0,71,b979,30.0,300.0,14.870942115783691,30.000001907348633,15.129059791564941,30.0,-30.0,0.0,0.0,0.0
id,0,71,b979,60.0,0.0,30.000001907348633,0.0,-30.000001907348633,-30.0,0.0,0.0,1.0,1.0
id,0,71,b979,60.0,180.0,90.0,90.0,0.0,0.0,0.0,0.0,0.0,0.0
id,0,71,b979,90.0,60.0,60.000003814697266,119.99999237060547,59.9999885559082,0.0,60.0,0.0,0.0,0.0
id,0,71,b979,90.0,240.0,120.00000762939453,60.000003814697266,-60.000003814697266,0.0,-60.0,0.0,0.0,0.0
id,0,71,b979,120.0,120.0,82.81924438476562,82.81924438476562,0.0,0.0,0.0,0.0,0.0,0.0
id,0,71,b979,120.0,300.0,130.50535583496094,90.0,-40.50535583496094,-60.0,60.0,0.0,0.0,0.0
id,0,71,b979,150.0,0.0,180.0,90.0,-90.0,-90.0,0.0,0.0,0.0,0.0
id,0,71,b979,150.0,180.0,0.0,14.870942115783691,14.870942115783691,0.0,30.0,1.0,0.0,-1.0
id,0,71,b97b,30.0,150.0,165.12905883789062,128.68218994140625,-36.446868896484375,0.0,-90.0,0.0,0.0,0.0
id,0,71,b97b,30.0,330.0,0.0,0.0,0.0,0.0,0.0,1.0,1.0,0.0
id,0,71,b97b,60.0,30.0,0.0,0.0,0.0,0.0,0.0,1.0,1.0,0.0
id,0,71,b97b,60.0,210.0,0.0,0.0,0.0,0.0,0.0,1.0,1.0,0.0
id,0,71,b97b,90.0,90.0,0.0,180.0,180.0,0.0,180.0,1.0,0.0,-1.0
id,0,71,b97b,90.0,270.0,180.0,0.0,-180.0,0.0,-180.0,0.0,1.0,1.0
id,0,71,b97b,120.0,150.0,0.0,25.905075073242188,25.905075073242188,0.0,30.0,1.0,0.0,-1.0
id,0,71,b97b,120.0,330.0,0.0,0.0,0.0,0.0,0.0,1.0,1.0,0.0
id,0,71,b97b,150.0,30.0,0.0,0.0,0.0,0.0,0.0,1.0,1.0,0.0
id,0,71,b97b,150.0,210.0,0.0,0.0,0.0,0.0,0.0,1.0,1.0,0.0
id,0,71,b9e6,30.0,0.0,0.0,0.0,0.0,0.0,0.0,1.0,1.0,0.0
id,0,71,b9e6,30.0,180.0,0.0,0.0,0.0,0.0,0.0,1.0,1.0,0.0
id,0,71,b9e6,60.0,60.0,0.0,0.0,0.0,0.0,0.0,1.0,1.0,0.0
id,0,71,b9e6,60.0,240.0,0.0,0.0,0.0,0.0,0.0,1.0,1.0,0.0
id,0,71,b9e6,90.0,120.0,120.00000762939453,0.0,-120.00000762939453,0.0,-120.0,0.0,1.0,1.0
id,0,71,b9e6,90.0,300.0,60.000003814697266,0.0,-60.000003814697266,0.0,-60.0,0.0,1.0,1.0
id,0,71,b9e6,120.0,0.0,0.0,0.0,0.0,0.0,0.0,1.0,1.0,0.0
id,0,71,b9e6,120.0,180.0,0.0,0.0,0.0,0.0,0.0,1.0,1.0,0.0
id,0,71,b9e6,150.0,60.0,0.0,0.0,0.0,0.0,0.0,1.0,1.0,0.0
id,0,71,b9e6,150.0,240.0,0.0,0.0,0.0,0.0,0.0,1.0,1.0,0.0
id,0,71,ba0f,30.0,30.0,0.0,0.0,0.0,0.0,0.0,1.0,1.0,0.0
id,0,71,ba0f,30.0,210.0,151.04498291015625,151.04498291015625,0.0,0.0,0.0,0.0,0.0,0.0
id,0,71,ba0f,60.0,90.0,0.0,0.0,0.0,0.0,0.0,1.0,1.0,0.0
id,0,71,ba0f,60.0,270.0,138.59039306640625,60.000003814697266,-78.59038925170898,30.0,-150.0,0.0,0.0,0.0
id,0,71,ba0f,90.0,150.0,0.0,30.000001907348633,30.000001907348633,0.0,30.0,1.0,0.0,-1.0
id,0,71,ba0f,90.0,330.0,180.0,150.0,-30.0,0.0,-30.0,0.0,0.0,0.0
id,0,71,ba0f,120.0,30.0,82.81924438476562,60.000003814697266,-22.81924057006836,0.0,-60.0,0.0,0.0,0.0
id,0,71,ba0f,120.0,210.0,60.000003814697266,180.0,119.99999618530273,0.0,180.0,0.0,0.0,0.0
id,0,71,ba0f,150.0,90.0,0.0,120.00000762939453,120.00000762939453,120.0,0.0,1.0,0.0,-1.0
id,0,71,ba0f,150.0,270.0,120.00000762939453,122.24180603027344,2.2417984008789062,0.0,30.0,0.0,0.0,0.0
id,0,71,baa9,30.0,60.0,0.0,0.0,0.0,0.0,0.0,1.0,1.0,0.0
id,0,71,baa9,30.0,240.0,0.0,0.0,0.0,0.0,0.0,1.0,1.0,0.0
id,0,71,baa9,60.0,120.0,0.0,0.0,0.0,0.0,0.0,1.0,1.0,0.0
id,0,71,baa9,60.0,300.0,128.68218994140625,0.0,-128.68218994140625,-60.0,-120.0,0.0,1.0,1.0
id,0,71,baa9,90.0,0.0,180.0,0.0,-180.0,0.0,-180.0,0.0,1.0,1.0
id,0,71,baa9,90.0,180.0,180.0,0.0,-180.0,0.0,-180.0,0.0,1.0,1.0
id,0,71,baa9,120.0,60.0,0.0,0.0,0.0,0.0,0.0,1.0,1.0,0.0
id,0,71,baa9,120.0,240.0,0.0,0.0,0.0,0.0,0.0,1.0,1.0,0.0
id,0,71,baa9,150.0,120.0,0.0,0.0,0.0,0.0,0.0,1.0,1.0,0.0
id,0,71,baa9,150.0,300.0,0.0,0.0,0.0,0.0,0.0,1.0,1.0,0.0
id,0,71,bb26,30.0,90.0,180.0,180.0,0.0,0.0,0.0,0.0,0.0,0.0
id,0,71,bb26,30.0,270.0,0.0,122.24180603027344,122.24180603027344,120.0,30.0,1.0,0.0,-1.0
id,0,71,bb26,60.0,150.0,82.81924438476562,60.000003814697266,-22.81924057006836,0.0,-60.0,0.0,0.0,0.0
id,0,71,bb26,60.0,330.0,82.81924438476562,180.0,97.18075561523438,0.0,120.0,0.0,0.0,0.0
id,0,71,bb26,90.0,30.0,120.00000762939453,30.000001907348633,-90.0000057220459,0.0,-90.0,0.0,0.0,0.0
id,0,71,bb26,90.0,210.0,60.000003814697266,150.0,89.99999618530273,0.0,90.0,0.0,0.0,0.0
id,0,71,bb26,120.0,90.0,180.0,180.0,0.0,0.0,0.0,0.0,0.0,0.0
id,0,71,bb26,120.0,270.0,0.0,36.09777069091797,36.09777069091797,30.0,30.0,1.0,0.0,-1.0
id,0,71,bb26,150.0,150.0,151.04498291015625,128.68218994140625,-22.36279296875,0.0,-60.0,0.0,0.0,0.0
id,0,71,bb26,150.0,330.0,128.68218994140625,128.68218994140625,0.0,0.0,0.0,0.0,0.0,0.0
id,0,71,bb7c,30.0,120.0,0.0,0.0,0.0,0.0,0.0,1.0,1.0,0.0
id,0,71,bb7c,30.0,300.0,0.0,0.0,0.0,0.0,0.0,1.0,1.0,0.0
id,0,71,bb7c,60.0,0.0,0.0,0.0,0.0,0.0,0.0,1.0,1.0,0.0
id,0,71,bb7c,60.0,180.0,120.00000762939453,0.0,-120.00000762939453,0.0,-180.0,0.0,1.0,1.0
id,0,71,bb7c,90.0,60.0,60.000003814697266,60.000003814697266,0.0,0.0,0.0,0.0,0.0,0.0
id,0,71,bb7c,90.0,240.0,60.000003814697266,120.00000762939453,60.000003814697266,0.0,60.0,0.0,0.0,0.0
id,0,71,bb7c,120.0,120.0,0.0,0.0,0.0,0.0,0.0,1.0,1.0,0.0
id,0,71,bb7c,120.0,300.0,0.0,0.0,0.0,0.0,0.0,1.0,1.0,0.0
id,0,71,bb7c,150.0,0.0,0.0,29.99998664855957,29.99998664855957,30.0,0.0,1.0,0.0,-1.0
id,0,71,bb7c,150.0,180.0,0.0,90.0,90.0,30.0,180.0,1.0,0.0,-1.0
id,0,71,bb7d,30.0,150.0,128.68218994140625,128.68218994140625,0.0,0.0,0.0,0.0,0.0,0.0
id,0,71,bb7d,30.0,330.0,128.68218994140625,151.04498291015625,22.36279296875,0.0,60.0,0.0,0.0,0.0
id,0,71,bb7d,60.0,30.0,82.81924438476562,82.81924438476562,0.0,0.0,0.0,0.0,0.0,0.0
id,0,71,bb7d,60.0,210.0,128.6822052001953,120.00000762939453,-8.682197570800781,-60.0,60.0,0.0,0.0,0.0
id,0,71,bb7d,90.0,90.0,0.0,180.0,180.0,0.0,180.0,1.0,0.0,-1.0
id,0,71,bb7d,90.0,270.0,180.0,0.0,-180.0,0.0,-180.0,0.0,1.0,1.0
id,0,71,bb7d,120.0,150.0,120.00000762939453,128.6822052001953,8.682197570800781,60.0,-60.0,0.0,0.0,0.0
id,0,71,bb7d,120.0,330.0,0.0,51.31781005859375,51.31781005859375,0.0,60.0,1.0,0.0,-1.0
id,0,71,bb7d,150.0,30.0,0.0,60.000003814697266,60.000003814697266,0.0,180.0,1.0,0.0,-1.0
id,0,71,bb7d,150.0,210.0,151.04498291015625,122.24180603027344,-28.803176879882812,0.0,-90.0,0.0,0.0,0.0
id,0,71,bbc6,30.0,0.0,0.0,0.0,0.0,0.0,0.0,1.0,1.0,0.0
id,0,71,bbc6,30.0,180.0,0.0,0.0,0.0,0.0,0.0,1.0,1.0,0.0
id,0,71,bbc6,60.0,60.0,60.000003814697266,0.0,-60.000003814697266,-60.0,0.0,0.0,1.0,1.0
id,0,71,bbc6,60.0,240.0,0.0,30.000001907348633,30.000001907348633,30.0,0.0,1.0,0.0,-1.0
id,0,71,bbc6,90.0,120.0,180.0,120.00000762939453,-59.99999237060547,0.0,-60.0,0.0,0.0,0.0
id,0,71,bbc6,90.0,300.0,180.0,60.000003814697266,-119.99999618530273,0.0,-120.0,0.0,0.0,0.0
id,0,71,bbc6,120.0,0.0,29.99998664855957,0.0,-29.99998664855957,-30.0,0.0,0.0,1.0,1.0
id,0,71,bbc6,120.0,180.0,29.99998664855957,0.0,-29.99998664855957,-30.0,0.0,0.0,1.0,1.0
id,0,71,bbc6,150.0,60.0,0.0,60.000003814697266,60.000003814697266,0.0,180.0,1.0,0.0,-1.0
id,0,71,bbc6,150.0,240.0,14.870942115783691,60.000003814697266,45.129061698913574,0.0,150.0,0.0,0.0,0.0
id,0,71,bc2c,30.0,30.0,14.870942115783691,41.40962219238281,26.53868007659912,0.0,60.0,0.0,0.0,0.0
id,0,71,bc2c,30.0,210.0,60.000003814697266,57.7581901550293,-2.2418136596679688,0.0,-30.0,0.0,0.0,0.0
id,0,71,bc2c,60.0,90.0,60.000003814697266,120.00000762939453,60.000003814697266,-60.0,180.0,0.0,0.0,0.0
id,0,71,bc2c,60.0,270.0,0.0,25.905075073242188,25.905075073242188,0.0,30.0,1.0,0.0,-1.0
id,0,71,bc2c,90.0,150.0,30.000001907348633,30.000001907348633,0.0,0.0,0.0,0.0,0.0,0.0
id,0,71,bc2c,90.0,330.0,60.00000762939453,30.00000762939453,-30.0,0.0,-30.0,0.0,0.0,0.0
id,0,71,bc2c,120.0,30.0,82.81924438476562,82.81924438476562,0.0,0.0,0.0,0.0,0.0,0.0
id,0,71,bc2c,120.0,210.0,60.000003814697266,128.6822052001953,68.68220138549805,0.0,120.0,0.0,0.0,0.0
id,0,71,bc2c,150.0,90.0,60.000003814697266,122.24180603027344,62.24180221557617,120.0,-150.0,0.0,0.0,0.0
id,0,71,bc2c,150.0,270.0,165.12905883789062,0.0,-165.12905883789062,-120.0,-150.0,0.0,1.0,1.0
id,0,72,b7c1,30.0,0.0,0.0,30.000001907348633,30.000001907348633,30.0,0.0,1.0,0.0,-1.0
id,0,72,b7c1,30.0,180.0,0.0,90.0,90.0,30.0,180.0,1.0,0.0,-1.0
id,0,72,b7c1,60.0,60.0,0.0,0.0,0.0,0.0,0.0,1.0,1.0,0.0
id,0,72,b7c1,60.0,240.0,0.0,0.0,0.0,0.0,0.0,1.0,1.0,0.0
id,0,72,b7c1,90.0,120.0,0.0,120.00000762939453,120.00000762939453,0.0,120.0,1.0,0.0,-1.0
id,0,72,b7c1,90.0,300.0,60.000003814697266,60.000003814697266,0.0,0.0,0.0,0.0,0.0,0.0
id,0,72,b7c1,120.0,0.0,0.0,0.0,0.0,0.0,0.0,1.0,1.0,0.0
id,0,72,b7c1,120.0,180.0,0.0,0.0,0.0,0.0,0.0,1.0,1.0,0.0
id,0,72,b7c1,150.0,60.0,0.0,0.0,0.0,0.0,0.0,1.0,1.0,0.0
id,0,72,b7c1,150.0,240.0,0.0,60.000003814697266,60.000003814697266,0.0,180.0,1.0,0.0,-1.0
id,0,72,b7fd,30.0,30.0,14.870942115783691,0.0,-14.870942115783691,0.0,-30.0,0.0,1.0,1.0
id,0,72,b7fd,30.0,210.0,122.24180603027344,0.0,-122.24180603027344,-120.0,-30.0,0.0,1.0,1.0
id,0,72,b7fd,60.0,90.0,0.0,0.0,0.0,0.0,0.0,1.0,1.0,0.0
id,0,72,b7fd,60.0,270.0,0.0,150.0,150.0,30.0,180.0,1.0,0.0,-1.0
id,0,72,b7fd,90.0,150.0,30.000001907348633,30.000001907348633,0.0,0.0,0.0,0.0,0.0,0.0
id,0,72,b7fd,90.0,330.0,60.00000762939453,60.00000762939453,0.0,0.0,0.0,0.0,0.0,0.0
id,0,72,b7fd,120.0,30.0,82.81924438476562,82.81924438476562,0.0,0.0,0.0,0.0,0.0,0.0
id,0,72,b7fd,120.0,210.0,51.31781005859375,128.6822052001953,77.36439514160156,60.0,60.0,0.0,0.0,0.0
id,0,72,b7fd,150.0,90.0,0.0,0.0,0.0,0.0,0.0,1.0,1.0,0.0
id,0,72,b7fd,150.0,270.0,0.0,0.0,0.0,0.0,0.0,1.0,1.0,0.0
id,0,72,b80b,30.0,60.0,0.0,0.0,0.0,0.0,0.0,1.0,1.0,0.0
id,0,72,b80b,30.0,240.0,0.0,0.0,0.0,0.0,0.0,1.0,1.0,0.0
id,0,72,b80b,60.0,120.0,0.0,0.0,0.0,0.0,0.0,1.0,1.0,0.0
id,0,72,b80b,60.0,300.0,0.0,0.0,0.0,0.0,0.0,1.0,1.0,0.0
id,0,72,b80b,90.0,0.0,180.0,0.0,-180.0,0.0,-180.0,0.0,1.0,1.0
id,0,72,b80b,90.0,180.0,0.0,0.0,0.0,0.0,0.0,1.0,1.0,0.0
id,0,72,b80b,120.0,60.0,0.0,0.0,0.0,0.0,0.0,1.0,1.0,0.0
id,0,72,b80b,120.0,240.0,0.0,0.0,0.0,0.0,0.0,1.0,1.0,0.0
id,0,72,b80b,150.0,120.0,0.0,0.0,0.0,0.0,0.0,1.0,1.0,0.0
id,0,72,b80b,150.0,300.0,0.0,0.0,0.0,0.0,0.0,1.0,1.0,0.0
id,0,72,b812,30.0,90.0,0.0,0.0,0.0,0.0,0.0,1.0,1.0,0.0
id,0,72,b812,30.0,270.0,0.0,0.0,0.0,0.0,0.0,1.0,1.0,0.0
id,0,72,b812,60.0,150.0,0.0,0.0,0.0,0.0,0.0,1.0,1.0,0.0
id,0,72,b812,60.0,330.0,0.0,0.0,0.0,0.0,0.0,1.0,1.0,0.0
id,0,72,b812,90.0,30.0,0.0,180.0,180.0,0.0,180.0,1.0,0.0,-1.0
id,0,72,b812,90.0,210.0,0.0,0.0,0.0,0.0,0.0,1.0,1.0,0.0
id,0,72,b812,120.0,90.0,0.0,0.0,0.0,0.0,0.0,1.0,1.0,0.0
id,0,72,b812,120.0,270.0,0.0,0.0,0.0,0.0,0.0,1.0,1.0,0.0
id,0,72,b812,150.0,150.0,0.0,0.0,0.0,0.0,0.0,1.0,1.0,0.0
id,0,72,b812,150.0,330.0,0.0,0.0,0.0,0.0,0.0,1.0,1.0,0.0
id,0,72,b827,30.0,120.0,0.0,0.0,0.0,0.0,0.0,1.0,1.0,0.0
id,0,72,b827,30.0,300.0,0.0,0.0,0.0,0.0,0.0,1.0,1.0,0.0
id,0,72,b827,60.0,0.0,0.0,30.000001907348633,30.000001907348633,30.0,0.0,1.0,0.0,-1.0
id,0,72,b827,60.0,180.0,0.0,30.000001907348633,30.000001907348633,30.0,0.0,1.0,0.0,-1.0
id,0,72,b827,90.0,60.0,0.0,180.0,180.0,0.0,180.0,1.0,0.0,-1.0
id,0,72,b827,90.0,240.0,0.0,60.000003814697266,60.000003814697266,0.0,60.0,1.0,0.0,-1.0
id,0,72,b827,120.0,120.0,0.0,0.0,0.0,0.0,0.0,1.0,1.0,0.0
id,0,72,b827,120.0,300.0,0.0,0.0,0.0,0.0,0.0,1.0,1.0,0.0
id,0,72,b827,150.0,0.0,0.0,0.0,0.0,0.0,0.0,1.0,1.0,0.0
id,0,72,b827,150.0,180.0,0.0,29.99998664855957,29.99998664855957,30.0,0.0,1.0,0.0,-1.0
id,0,72,b871,30.0,150.0,0.0,0.0,0.0,0.0,0.0,1.0,1.0,0.0
id,0,72,b871,30.0,330.0,0.0,0.0,0.0,0.0,0.0,1.0,1.0,0.0
id,0,72,b871,60.0,30.0,0.0,0.0,0.0,0.0,0.0,1.0,1.0,0.0
id,0,72,b871,60.0,210.0,0.0,0.0,0.0,0.0,0.0,1.0,1.0,0.0
id,0,72,b871,90.0,90.0,0.0,0.0,0.0,0.0,0.0,1.0,1.0,0.0
id,0,72,b871,90.0,270.0,180.0,0.0,-180.0,0.0,-180.0,0.0,1.0,1.0
id,0,72,b871,120.0,150.0,0.0,0.0,0.0,0.0,0.0,1.0,1.0,0.0
id,0,72,b871,120.0,330.0,0.0,0.0,0.0,0.0,0.0,1.0,1.0,0.0
id,0,72,b871,150.0,30.0,0.0,60.000003814697266,60.000003814697266,0.0,180.0,1.0,0.0,-1.0
id,0,72,b871,150.0,210.0,0.0,0.0,0.0,0.0,0.0,1.0,1.0,0.0
id,0,72,b8ed,30.0,0.0,0.0,30.000001907348633,30.000001907348633,30.0,0.0,1.0,0.0,-1.0
id,0,72,b8ed,30.0,180.0,0.0,0.0,0.0,0.0,0.0,1.0,1.0,0.0
id,0,72,b8ed,60.0,60.0,0.0,0.0,0.0,0.0,0.0,1.0,1.0,0.0
id,0,72,b8ed,60.0,240.0,0.0,0.0,0.0,0.0,0.0,1.0,1.0,0.0
id,0,72,b8ed,90.0,120.0,120.00000762939453,60.000003814697266,-60.000003814697266,0.0,-60.0,0.0,0.0,0.0
id,0,72,b8ed,90.0,300.0,0.0,60.000003814697266,60.000003814697266,0.0,60.0,1.0,0.0,-1.0
id,0,72,b8ed,120.0,0.0,29.99998664855957,0.0,-29.99998664855957,-30.0,0.0,0.0,1.0,1.0
id,0,72,b8ed,120.0,180.0,0.0,0.0,0.0,0.0,0.0,1.0,1.0,0.0
id,0,72,b8ed,150.0,60.0,0.0,0.0,0.0,0.0,0.0,1.0,1.0,0.0
id,0,72,b8ed,150.0,240.0,0.0,60.000003814697266,60.000003814697266,0.0,180.0,1.0,0.0,-1.0
id,0,72,b905,30.0,30.0,0.0,0.0,0.0,0.0,0.0,1.0,1.0,0.0
id,0,72,b905,30.0,210.0,0.0,0.0,0.0,0.0,0.0,1.0,1.0,0.0
id,0,72,b905,60.0,90.0,0.0,0.0,0.0,0.0,0.0,1.0,1.0,0.0
id,0,72,b905,60.0,270.0,0.0,0.0,0.0,0.0,0.0,1.0,1.0,0.0
id,0,72,b905,90.0,150.0,0.0,0.0,0.0,0.0,0.0,1.0,1.0,0.0
id,0,72,b905,90.0,330.0,0.0,180.0,180.0,0.0,180.0,1.0,0.0,-1.0
id,0,72,b905,120.0,30.0,51.31781005859375,60.000003814697266,8.682193756103516,60.0,-60.0,0.0,0.0,0.0
id,0,72,b905,120.0,210.0,0.0,82.81924438476562,82.81924438476562,60.0,60.0,1.0,0.0,-1.0
id,0,72,b905,150.0,90.0,0.0,0.0,0.0,0.0,0.0,1.0,1.0,0.0
id,0,72,b905,150.0,270.0,0.0,0.0,0.0,0.0,0.0,1.0,1.0,0.0
id,0,72,b943,30.0,60.0,0.0,0.0,0.0,0.0,0.0,1.0,1.0,0.0
id,0,72,b943,30.0,240.0,0.0,0.0,0.0,0.0,0.0,1.0,1.0,0.0
id,0,72,b943,60.0,120.0,0.0,0.0,0.0,0.0,0.0,1.0,1.0,0.0
id,0,72,b943,60.0,300.0,0.0,0.0,0.0,0.0,0.0,1.0,1.0,0.0
id,0,72,b943,90.0,0.0,180.0,180.0,0.0,0.0,0.0,0.0,0.0,0.0
id,0,72,b943,90.0,180.0,180.0,0.0,-180.0,0.0,-180.0,0.0,1.0,1.0
id,0,72,b943,120.0,60.0,0.0,0.0,0.0,0.0,0.0,1.0,1.0,0.0
id,0,72,b943,120.0,240.0,0.0,0.0,0.0,0.0,0.0,1.0,1.0,0.0
id,0,72,b943,150.0,120.0,0.0,0.0,0.0,0.0,0.0,1.0,1.0,0.0
id,0,72,b943,150.0,300.0,0.0,0.0,0.0,0.0,0.0,1.0,1.0,0.0
id,0,72,b974,30.0,90.0,0.0,0.0,0.0,0.0,0.0,1.0,1.0,0.0
id,0,72,b974,30.0,270.0,0.0,0.0,0.0,0.0,0.0,1.0,1.0,0.0
id,0,72,b974,60.0,150.0,0.0,25.905075073242188,25.905075073242188,0.0,30.0,1.0,0.0,-1.0
id,0,72,b974,60.0,330.0,0.0,0.0,0.0,0.0,0.0,1.0,1.0,0.0
id,0,72,b974,90.0,30.0,0.0,180.0,180.0,0.0,180.0,1.0,0.0,-1.0
id,0,72,b974,90.0,210.0,0.0,0.0,0.0,0.0,0.0,1.0,1.0,0.0
id,0,72,b974,120.0,90.0,0.0,0.0,0.0,0.0,0.0,1.0,1.0,0.0
id,0,72,b974,120.0,270.0,0.0,0.0,0.0,0.0,0.0,1.0,1.0,0.0
id,0,72,b974,150.0,150.0,0.0,0.0,0.0,0.0,0.0,1.0,1.0,0.0
id,0,72,b974,150.0,330.0,0.0,0.0,0.0,0.0,0.0,1.0,1.0,0.0
id,0,72,b979,30.0,120.0,57.7581901550293,180.0,122.2418098449707,120.0,30.0,0.0,0.0,0.0
id,0,72,b979,30.0,300.0,0.0,120.00000762939453,120.00000762939453,120.0,0.0,1.0,0.0,-1.0
id,0,72,b979,60.0,0.0,30.000001907348633,0.0,-30.000001907348633,-30.0,0.0,0.0,1.0,1.0
id,0,72,b979,60.0,180.0,90.0,90.0,0.0,0.0,0.0,0.0,0.0,0.0
id,0,72,b979,90.0,60.0,60.000003814697266,60.000003814697266,0.0,0.0,0.0,0.0,0.0,0.0
id,0,72,b979,90.0,240.0,60.000003814697266,120.00000762939453,60.000003814697266,0.0,60.0,0.0,0.0,0.0
id,0,72,b979,120.0,120.0,82.81924438476562,128.6822052001953,45.86296081542969,0.0,60.0,0.0,0.0,0.0
id,0,72,b979,120.0,300.0,130.50535583496094,90.0,-40.50535583496094,-60.0,60.0,0.0,0.0,0.0
id,0,72,b979,150.0,0.0,60.000003814697266,150.0,89.99999618530273,90.0,0.0,0.0,0.0,0.0
id,0,72,b979,150.0,180.0,29.99998664855957,180.0,150.00001335144043,90.0,180.0,0.0,0.0,0.0
id,0,72,b97b,30.0,150.0,128.68218994140625,128.68218994140625,0.0,0.0,0.0,0.0,0.0,0.0
id,0,72,b97b,30.0,330.0,0.0,0.0,0.0,0.0,0.0,1.0,1.0,0.0
id,0,72,b97b,60.0,30.0,0.0,0.0,0.0,0.0,0.0,1.0,1.0,0.0
id,0,72,b97b,60.0,210.0,0.0,0.0,0.0,0.0,0.0,1.0,1.0,0.0
id,0,72,b97b,90.0,90.0,0.0,0.0,0.0,0.0,0.0,1.0,1.0,0.0
id,0,72,b97b,90.0,270.0,0.0,180.0,180.0,0.0,180.0,1.0,0.0,-1.0
id,0,72,b97b,120.0,150.0,0.0,82.81924438476562,82.81924438476562,60.0,60.0,1.0,0.0,-1.0
id,0,72,b97b,120.0,330.0,0.0,0.0,0.0,0.0,0.0,1.0,1.0,0.0
id,0,72,b97b,150.0,30.0,0.0,0.0,0.0,0.0,0.0,1.0,1.0,0.0
id,0,72,b97b,150.0,210.0,0.0,0.0,0.0,0.0,0.0,1.0,1.0,0.0
id,0,72,b9e6,30.0,0.0,0.0,0.0,0.0,0.0,0.0,1.0,1.0,0.0
id,0,72,b9e6,30.0,180.0,0.0,0.0,0.0,0.0,0.0,1.0,1.0,0.0
id,0,72,b9e6,60.0,60.0,0.0,97.18075561523438,97.18075561523438,0.0,120.0,1.0,0.0,-1.0
id,0,72,b9e6,60.0,240.0,0.0,0.0,0.0,0.0,0.0,1.0,1.0,0.0
id,0,72,b9e6,90.0,120.0,120.00000762939453,60.000003814697266,-60.000003814697266,0.0,-60.0,0.0,0.0,0.0
id,0,72,b9e6,90.0,300.0,60.000003814697266,180.0,119.99999618530273,0.0,120.0,0.0,0.0,0.0
id,0,72,b9e6,120.0,0.0,0.0,29.99998664855957,29.99998664855957,30.0,0.0,1.0,0.0,-1.0
id,0,72,b9e6,120.0,180.0,0.0,0.0,0.0,0.0,0.0,1.0,1.0,0.0
id,0,72,b9e6,150.0,60.0,0.0,0.0,0.0,0.0,0.0,1.0,1.0,0.0
id,0,72,b9e6,150.0,240.0,0.0,0.0,0.0,0.0,0.0,1.0,1.0,0.0
id,0,72,ba0f,30.0,30.0,28.95502281188965,0.0,-28.95502281188965,0.0,-60.0,0.0,1.0,1.0
id,0,72,ba0f,30.0,210.0,151.04498291015625,151.04498291015625,0.0,0.0,0.0,0.0,0.0,0.0
id,0,72,ba0f,60.0,90.0,0.0,29.999998092651367,29.999998092651367,30.0,0.0,1.0,0.0,-1.0
id,0,72,ba0f,60.0,270.0,128.6822052001953,180.0,51.31779479980469,0.0,60.0,0.0,0.0,0.0
id,0,72,ba0f,90.0,150.0,180.0,30.000001907348633,-149.99999809265137,0.0,-150.0,0.0,0.0,0.0
id,0,72,ba0f,90.0,330.0,0.0,150.0,150.0,0.0,150.0,1.0,0.0,-1.0
id,0,72,ba0f,120.0,30.0,0.0,82.81924438476562,82.81924438476562,60.0,60.0,1.0,0.0,-1.0
id,0,72,ba0f,120.0,210.0,60.000003814697266,60.000003814697266,0.0,0.0,0.0,0.0,0.0,0.0
id,0,72,ba0f,150.0,90.0,0.0,180.0,180.0,120.0,180.0,1.0,0.0,-1.0
id,0,72,ba0f,150.0,270.0,122.24180603027344,180.0,57.75819396972656,0.0,150.0,0.0,0.0,0.0
id,0,72,baa9,30.0,60.0,0.0,0.0,0.0,0.0,0.0,1.0,1.0,0.0
id,0,72,baa9,30.0,240.0,0.0,0.0,0.0,0.0,0.0,1.0,1.0,0.0
id,0,72,baa9,60.0,120.0,0.0,0.0,0.0,0.0,0.0,1.0,1.0,0.0
id,0,72,baa9,60.0,300.0,0.0,0.0,0.0,0.0,0.0,1.0,1.0,0.0
id,0,72,baa9,90.0,0.0,180.0,180.0,0.0,0.0,0.0,0.0,0.0,0.0
id,0,72,baa9,90.0,180.0,0.0,0.0,0.0,0.0,0.0,1.0,1.0,0.0
id,0,72,baa9,120.0,60.0,0.0,0.0,0.0,0.0,0.0,1.0,1.0,0.0
id,0,72,baa9,120.0,240.0,0.0,0.0,0.0,0.0,0.0,1.0,1.0,0.0
id,0,72,baa9,150.0,120.0,0.0,0.0,0.0,0.0,0.0,1.0,1.0,0.0
id,0,72,baa9,150.0,300.0,0.0,0.0,0.0,0.0,0.0,1.0,1.0,0.0
id,0,72,bb26,30.0,90.0,60.000003814697266,165.12905883789062,105.12905502319336,120.0,-30.0,0.0,0.0,0.0
id,0,72,bb26,30.0,270.0,0.0,180.0,180.0,120.0,180.0,1.0,0.0,-1.0
id,0,72,bb26,60.0,150.0,82.81924438476562,51.31781005859375,-31.501434326171875,-60.0,0.0,0.0,0.0,0.0
id,0,72,bb26,60.0,330.0,60.000003814697266,82.81924438476562,22.81924057006836,0.0,60.0,0.0,0.0,0.0
id,0,72,bb26,90.0,30.0,120.00000762939453,60.00000762939453,-60.0,0.0,-60.0,0.0,0.0,0.0
id,0,72,bb26,90.0,210.0,60.000003814697266,120.00000762939453,60.000003814697266,0.0,60.0,0.0,0.0,0.0
id,0,72,bb26,120.0,90.0,180.0,180.0,0.0,0.0,0.0,0.0,0.0,0.0
id,0,72,bb26,120.0,270.0,0.0,25.905075073242188,25.905075073242188,0.0,30.0,1.0,0.0,-1.0
id,0,72,bb26,150.0,150.0,165.12905883789062,128.68218994140625,-36.446868896484375,0.0,-90.0,0.0,0.0,0.0
id,0,72,bb26,150.0,330.0,128.68218994140625,0.0,-128.68218994140625,-120.0,-60.0,0.0,1.0,1.0
id,0,72,bb7c,30.0,120.0,0.0,0.0,0.0,0.0,0.0,1.0,1.0,0.0
id,0,72,bb7c,30.0,300.0,0.0,0.0,0.0,0.0,0.0,1.0,1.0,0.0
id,0,72,bb7c,60.0,0.0,0.0,0.0,0.0,0.0,0.0,1.0,1.0,0.0
id,0,72,bb7c,60.0,180.0,0.0,120.00000762939453,120.00000762939453,0.0,180.0,1.0,0.0,-1.0
id,0,72,bb7c,90.0,60.0,0.0,0.0,0.0,0.0,0.0,1.0,1.0,0.0
id,0,72,bb7c,90.0,240.0,0.0,180.0,180.0,0.0,180.0,1.0,0.0,-1.0
id,0,72,bb7c,120.0,120.0,0.0,0.0,0.0,0.0,0.0,1.0,1.0,0.0
id,0,72,bb7c,120.0,300.0,0.0,25.905075073242188,25.905075073242188,0.0,30.0,1.0,0.0,-1.0
id,0,72,bb7c,150.0,0.0,0.0,29.99998664855957,29.99998664855957,30.0,0.0,1.0,0.0,-1.0
id,0,72,bb7c,150.0,180.0,0.0,90.0,90.0,30.0,180.0,1.0,0.0,-1.0
id,0,72,bb7d,30.0,150.0,128.68218994140625,128.68218994140625,0.0,0.0,0.0,0.0,0.0,0.0
id,0,72,bb7d,30.0,330.0,151.04498291015625,151.04498291015625,0.0,0.0,0.0,0.0,0.0,0.0
id,0,72,bb7d,60.0,30.0,82.81924438476562,0.0,-82.81924438476562,-60.0,-60.0,0.0,1.0,1.0
id,0,72,bb7d,60.0,210.0,25.905075073242188,128.6822052001953,102.77713012695312,60.0,90.0,0.0,0.0,0.0
id,0,72,bb7d,90.0,90.0,0.0,0.0,0.0,0.0,0.0,1.0,1.0,0.0
id,0,72,bb7d,90.0,270.0,180.0,180.0,0.0,0.0,0.0,0.0,0.0,0.0
id,0,72,bb7d,120.0,150.0,66.45188903808594,120.00000762939453,53.548118591308594,-60.0,150.0,0.0,0.0,0.0
id,0,72,bb7d,120.0,330.0,25.905075073242188,0.0,-25.905075073242188,0.0,-30.0,0.0,1.0,1.0
id,0,72,bb7d,150.0,30.0,0.0,0.0,0.0,0.0,0.0,1.0,1.0,0.0
id,0,72,bb7d,150.0,210.0,60.000003814697266,165.12905883789062,105.12905502319336,120.0,-30.0,0.0,0.0,0.0
id,0,72,bbc6,30.0,0.0,0.0,0.0,0.0,0.0,0.0,1.0,1.0,0.0
id,0,72,bbc6,30.0,180.0,14.870942115783691,14.870942115783691,0.0,0.0,0.0,0.0,0.0,0.0
id,0,72,bbc6,60.0,60.0,128.68218994140625,0.0,-128.68218994140625,-60.0,-120.0,0.0,1.0,1.0
id,0,72,bbc6,60.0,240.0,25.905075073242188,0.0,-25.905075073242188,0.0,-30.0,0.0,1.0,1.0
id,0,72,bbc6,90.0,120.0,120.00000762939453,120.00000762939453,0.0,0.0,0.0,0.0,0.0,0.0
id,0,72,bbc6,90.0,300.0,119.99999237060547,60.000003814697266,-59.9999885559082,0.0,-60.0,0.0,0.0,0.0
id,0,72,bbc6,120.0,0.0,29.99998664855957,0.0,-29.99998664855957,-30.0,0.0,0.0,1.0,1.0
id,0,72,bbc6,120.0,180.0,90.0,60.000003814697266,-29.999996185302734,-30.0,0.0,0.0,0.0,0.0
id,0,72,bbc6,150.0,60.0,0.0,60.000003814697266,60.000003814697266,0.0,180.0,1.0,0.0,-1.0
id,0,72,bbc6,150.0,240.0,0.0,60.000003814697266,60.000003814697266,0.0,180.0,1.0,0.0,-1.0
id,0,72,bc2c,30.0,30.0,120.00000762939453,0.0,-120.00000762939453,-120.0,0.0,0.0,1.0,1.0
id,0,72,bc2c,30.0,210.0,60.000003814697266,60.000003814697266,0.0,0.0,0.0,0.0,0.0,0.0
id,0,72,bc2c,60.0,90.0,120.00000762939453,120.00000762939453,0.0,0.0,0.0,0.0,0.0,0.0
id,0,72,bc2c,60.0,270.0,0.0,30.000001907348633,30.000001907348633,30.0,0.0,1.0,0.0,-1.0
id,0,72,bc2c,90.0,150.0,30.000001907348633,30.000001907348633,0.0,0.0,0.0,0.0,0.0,0.0
id,0,72,bc2c,90.0,330.0,150.0,30.00000762939453,-119.99999237060547,0.0,-120.0,0.0,0.0,0.0
id,0,72,bc2c,120.0,30.0,82.81924438476562,82.81924438476562,0.0,0.0,0.0,0.0,0.0,0.0
id,0,72,bc2c,120.0,210.0,60.000003814697266,82.81924438476562,22.81924057006836,0.0,60.0,0.0,0.0,0.0
id,0,72,bc2c,150.0,90.0,57.7581901550293,165.12905883789062,107.37086868286133,120.0,0.0,0.0,0.0,0.0
id,0,72,bc2c,150.0,270.0,165.12905883789062,122.24180603027344,-42.88725280761719,0.0,-120.0,0.0,0.0,0.0
id,0,73,b7c1,30.0,0.0,0.0,30.000001907348633,30.000001907348633,30.0,0.0,1.0,0.0,-1.0
id,0,73,b7c1,30.0,180.0,0.0,30.000001907348633,30.000001907348633,30.0,0.0,1.0,0.0,-1.0
id,0,73,b7c1,60.0,60.0,0.0,0.0,0.0,0.0,0.0,1.0,1.0,0.0
id,0,73,b7c1,60.0,240.0,0.0,0.0,0.0,0.0,0.0,1.0,1.0,0.0
id,0,73,b7c1,90.0,120.0,0.0,60.000003814697266,60.000003814697266,0.0,60.0,1.0,0.0,-1.0
id,0,73,b7c1,90.0,300.0,0.0,60.000003814697266,60.000003814697266,0.0,60.0,1.0,0.0,-1.0
id,0,73,b7c1,120.0,0.0,0.0,0.0,0.0,0.0,0.0,1.0,1.0,0.0
id,0,73,b7c1,120.0,180.0,0.0,0.0,0.0,0.0,0.0,1.0,1.0,0.0
id,0,73,b7c1,150.0,60.0,0.0,0.0,0.0,0.0,0.0,1.0,1.0,0.0
id,0,73,b7c1,150.0,240.0,0.0,0.0,0.0,0.0,0.0,1.0,1.0,0.0
id,0,73,b7fd,30.0,30.0,14.870942115783691,0.0,-14.870942115783691,0.0,-30.0,0.0,1.0,1.0
id,0,73,b7fd,30.0,210.0,122.24180603027344,14.870942115783691,-107.37086391448975,-120.0,0.0,0.0,0.0,0.0
id,0,73,b7fd,60.0,90.0,0.0,0.0,0.0,0.0,0.0,1.0,1.0,0.0
id,0,73,b7fd,60.0,270.0,25.905075073242188,120.00000762939453,94.09493255615234,0.0,150.0,0.0,0.0,0.0
id,0,73,b7fd,90.0,150.0,180.0,120.00000762939453,-59.99999237060547,0.0,-60.0,0.0,0.0,0.0
id,0,73,b7fd,90.0,330.0,60.00000762939453,60.00000762939453,0.0,0.0,0.0,0.0,0.0,0.0
id,0,73,b7fd,120.0,30.0,120.00000762939453,82.81924438476562,-37.180763244628906,60.0,-120.0,0.0,0.0,0.0
id,0,73,b7fd,120.0,210.0,60.000003814697266,82.81924438476562,22.81924057006836,0.0,60.0,0.0,0.0,0.0
id,0,73,b7fd,150.0,90.0,0.0,180.0,180.0,120.0,180.0,1.0,0.0,-1.0
id,0,73,b7fd,150.0,270.0,0.0,0.0,0.0,0.0,0.0,1.0,1.0,0.0
id,0,73,b80b,30.0,60.0,0.0,0.0,0.0,0.0,0.0,1.0,1.0,0.0
id,0,73,b80b,30.0,240.0,0.0,0.0,0.0,0.0,0.0,1.0,1.0,0.0
id,0,73,b80b,60.0,120.0,0.0,0.0,0.0,0.0,0.0,1.0,1.0,0.0
id,0,73,b80b,60.0,300.0,97.18075561523438,0.0,-97.18075561523438,0.0,-120.0,0.0,1.0,1.0
id,0,73,b80b,90.0,0.0,180.0,0.0,-180.0,0.0,-180.0,0.0,1.0,1.0
id,0,73,b80b,90.0,180.0,0.0,180.0,180.0,0.0,180.0,1.0,0.0,-1.0
id,0,73,b80b,120.0,60.0,0.0,0.0,0.0,0.0,0.0,1.0,1.0,0.0
id,0,73,b80b,120.0,240.0,0.0,0.0,0.0,0.0,0.0,1.0,1.0,0.0
id,0,73,b80b,150.0,120.0,0.0,0.0,0.0,0.0,0.0,1.0,1.0,0.0
id,0,73,b80b,150.0,300.0,0.0,0.0,0.0,0.0,0.0,1.0,1.0,0.0
id,0,73,b812,30.0,90.0,0.0,0.0,0.0,0.0,0.0,1.0,1.0,0.0
id,0,73,b812,30.0,270.0,0.0,0.0,0.0,0.0,0.0,1.0,1.0,0.0
id,0,73,b812,60.0,150.0,0.0,0.0,0.0,0.0,0.0,1.0,1.0,0.0
id,0,73,b812,60.0,330.0,0.0,0.0,0.0,0.0,0.0,1.0,1.0,0.0
id,0,73,b812,90.0,30.0,180.0,0.0,-180.0,0.0,-180.0,0.0,1.0,1.0
id,0,73,b812,90.0,210.0,0.0,180.0,180.0,0.0,180.0,1.0,0.0,-1.0
id,0,73,b812,120.0,90.0,0.0,0.0,0.0,0.0,0.0,1.0,1.0,0.0
id,0,73,b812,120.0,270.0,0.0,0.0,0.0,0.0,0.0,1.0,1.0,0.0
id,0,73,b812,150.0,150.0,0.0,0.0,0.0,0.0,0.0,1.0,1.0,0.0
id,0,73,b812,150.0,330.0,0.0,0.0,0.0,0.0,0.0,1.0,1.0,0.0
id,0,73,b827,30.0,120.0,0.0,0.0,0.0,0.0,0.0,1.0,1.0,0.0
id,0,73,b827,30.0,300.0,0.0,0.0,0.0,0.0,0.0,1.0,1.0,0.0
id,0,73,b827,60.0,0.0,0.0,30.000001907348633,30.000001907348633,30.0,0.0,1.0,0.0,-1.0
id,0,73,b827,60.0,180.0,0.0,0.0,0.0,0.0,0.0,1.0,1.0,0.0
id,0,73,b827,90.0,60.0,180.0,180.0,0.0,0.0,0.0,0.0,0.0,0.0
id,0,73,b827,90.0,240.0,0.0,0.0,0.0,0.0,0.0,1.0,1.0,0.0
id,0,73,b827,120.0,120.0,0.0,0.0,0.0,0.0,0.0,1.0,1.0,0.0
id,0,73,b827,120.0,300.0,0.0,0.0,0.0,0.0,0.0,1.0,1.0,0.0
id,0,73,b827,150.0,0.0,0.0,0.0,0.0,0.0,0.0,1.0,1.0,0.0
id,0,73,b827,150.0,180.0,0.0,0.0,0.0,0.0,0.0,1.0,1.0,0.0
id,0,73,b871,30.0,150.0,0.0,0.0,0.0,0.0,0.0,1.0,1.0,0.0
id,0,73,b871,30.0,330.0,0.0,0.0,0.0,0.0,0.0,1.0,1.0,0.0
id,0,73,b871,60.0,30.0,0.0,0.0,0.0,0.0,0.0,1.0,1.0,0.0
id,0,73,b871,60.0,210.0,0.0,51.31781005859375,51.31781005859375,0.0,60.0,1.0,0.0,-1.0
id,0,73,b871,90.0,90.0,180.0,0.0,-180.0,0.0,-180.0,0.0,1.0,1.0
id,0,73,b871,90.0,270.0,180.0,0.0,-180.0,0.0,-180.0,0.0,1.0,1.0
id,0,73,b871,120.0,150.0,0.0,0.0,0.0,0.0,0.0,1.0,1.0,0.0
id,0,73,b871,120.0,330.0,0.0,0.0,0.0,0.0,0.0,1.0,1.0,0.0
id,0,73,b871,150.0,30.0,0.0,0.0,0.0,0.0,0.0,1.0,1.0,0.0
id,0,73,b871,150.0,210.0,0.0,0.0,0.0,0.0,0.0,1.0,1.0,0.0
id,0,73,b8ed,30.0,0.0,0.0,30.000001907348633,30.000001907348633,30.0,0.0,1.0,0.0,-1.0
id,0,73,b8ed,30.0,180.0,0.0,0.0,0.0,0.0,0.0,1.0,1.0,0.0
id,0,73,b8ed,60.0,60.0,0.0,0.0,0.0,0.0,0.0,1.0,1.0,0.0
id,0,73,b8ed,60.0,240.0,0.0,97.1807632446289,97.1807632446289,0.0,120.0,1.0,0.0,-1.0
id,0,73,b8ed,90.0,120.0,120.00000762939453,120.00000762939453,0.0,0.0,0.0,0.0,0.0,0.0
id,0,73,b8ed,90.0,300.0,0.0,60.000003814697266,60.000003814697266,0.0,60.0,1.0,0.0,-1.0
id,0,73,b8ed,120.0,0.0,0.0,0.0,0.0,0.0,0.0,1.0,1.0,0.0
id,0,73,b8ed,120.0,180.0,0.0,0.0,0.0,0.0,0.0,1.0,1.0,0.0
id,0,73,b8ed,150.0,60.0,0.0,0.0,0.0,0.0,0.0,1.0,1.0,0.0
id,0,73,b8ed,150.0,240.0,0.0,0.0,0.0,0.0,0.0,1.0,1.0,0.0
id,0,73,b905,30.0,30.0,0.0,0.0,0.0,0.0,0.0,1.0,1.0,0.0
id,0,73,b905,30.0,210.0,0.0,0.0,0.0,0.0,0.0,1.0,1.0,0.0
id,0,73,b905,60.0,90.0,0.0,0.0,0.0,0.0,0.0,1.0,1.0,0.0
id,0,73,b905,60.0,270.0,0.0,25.905075073242188,25.905075073242188,0.0,30.0,1.0,0.0,-1.0
id,0,73,b905,90.0,150.0,0.0,0.0,0.0,0.0,0.0,1.0,1.0,0.0
id,0,73,b905,90.0,330.0,180.0,180.0,0.0,0.0,0.0,0.0,0.0,0.0
id,0,73,b905,120.0,30.0,25.905075073242188,82.81924438476562,56.91416931152344,60.0,30.0,0.0,0.0,0.0
id,0,73,b905,120.0,210.0,0.0,0.0,0.0,0.0,0.0,1.0,1.0,0.0
id,0,73,b905,150.0,90.0,0.0,0.0,0.0,0.0,0.0,1.0,1.0,0.0
id,0,73,b905,150.0,270.0,0.0,0.0,0.0,0.0,0.0,1.0,1.0,0.0
id,0,73,b943,30.0,60.0,0.0,0.0,0.0,0.0,0.0,1.0,1.0,0.0
id,0,73,b943,30.0,240.0,0.0,0.0,0.0,0.0,0.0,1.0,1.0,0.0
id,0,73,b943,60.0,120.0,0.0,0.0,0.0,0.0,0.0,1.0,1.0,0.0
id,0,73,b943,60.0,300.0,0.0,0.0,0.0,0.0,0.0,1.0,1.0,0.0
id,0,73,b943,90.0,0.0,0.0,180.0,180.0,0.0,180.0,1.0,0.0,-1.0
id,0,73,b943,90.0,180.0,180.0,0.0,-180.0,0.0,-180.0,0.0,1.0,1.0
id,0,73,b943,120.0,60.0,0.0,0.0,0.0,0.0,0.0,1.0,1.0,0.0
id,0,73,b943,120.0,240.0,25.905075073242188,0.0,-25.905075073242188,0.0,-30.0,0.0,1.0,1.0
id,0,73,b943,150.0,120.0,0.0,0.0,0.0,0.0,0.0,1.0,1.0,0.0
id,0,73,b943,150.0,300.0,0.0,0.0,0.0,0.0,0.0,1.0,1.0,0.0
id,0,73,b974,30.0,90.0,0.0,0.0,0.0,0.0,0.0,1.0,1.0,0.0
id,0,73,b974,30.0,270.0,0.0,0.0,0.0,0.0,0.0,1.0,1.0,0.0
id,0,73,b974,60.0,150.0,66.45188903808594,0.0,-66.45188903808594,-60.0,-30.0,0.0,1.0,1.0
id,0,73,b974,60.0,330.0,0.0,0.0,0.0,0.0,0.0,1.0,1.0,0.0
id,0,73,b974,90.0,30.0,0.0,0.0,0.0,0.0,0.0,1.0,1.0,0.0
id,0,73,b974,90.0,210.0,0.0,180.0,180.0,0.0,180.0,1.0,0.0,-1.0
id,0,73,b974,120.0,90.0,0.0,0.0,0.0,0.0,0.0,1.0,1.0,0.0
id,0,73,b974,120.0,270.0,0.0,0.0,0.0,0.0,0.0,1.0,1.0,0.0
id,0,73,b974,150.0,150.0,0.0,0.0,0.0,0.0,0.0,1.0,1.0,0.0
id,0,73,b974,150.0,330.0,0.0,0.0,0.0,0.0,0.0,1.0,1.0,0.0
id,0,73,b979,30.0,120.0,128.68218994140625,128.68218994140625,0.0,0.0,0.0,0.0,0.0,0.0
id,0,73,b979,30.0,300.0,115.6589126586914,151.04498291015625,35.386070251464844,30.0,30.0,0.0,0.0,0.0
id,0,73,b979,60.0,0.0,30.000001907348633,0.0,-30.000001907348633,-30.0,0.0,0.0,1.0,1.0
id,0,73,b979,60.0,180.0,30.000001907348633,90.0,59.99999809265137,0.0,180.0,0.0,0.0,0.0
id,0,73,b979,90.0,60.0,60.000003814697266,119.99999237060547,59.9999885559082,0.0,60.0,0.0,0.0,0.0
id,0,73,b979,90.0,240.0,120.00000762939453,60.000003814697266,-60.000003814697266,0.0,-60.0,0.0,0.0,0.0
id,0,73,b979,120.0,120.0,82.81924438476562,128.6822052001953,45.86296081542969,0.0,60.0,0.0,0.0,0.0
id,0,73,b979,120.0,300.0,130.50535583496094,90.0,-40.50535583496094,-60.0,60.0,0.0,0.0,0.0
id,0,73,b979,150.0,0.0,180.0,60.000003814697266,-119.99999618530273,-120.0,0.0,0.0,0.0,0.0
id,0,73,b979,150.0,180.0,0.0,60.000003814697266,60.000003814697266,0.0,180.0,1.0,0.0,-1.0
id,0,73,b97b,30.0,150.0,0.0,128.68218994140625,128.68218994140625,120.0,60.0,1.0,0.0,-1.0
id,0,73,b97b,30.0,330.0,0.0,0.0,0.0,0.0,0.0,1.0,1.0,0.0
id,0,73,b97b,60.0,30.0,0.0,0.0,0.0,0.0,0.0,1.0,1.0,0.0
id,0,73,b97b,60.0,210.0,0.0,0.0,0.0,0.0,0.0,1.0,1.0,0.0
id,0,73,b97b,90.0,90.0,0.0,180.0,180.0,0.0,180.0,1.0,0.0,-1.0
id,0,73,b97b,90.0,270.0,180.0,0.0,-180.0,0.0,-180.0,0.0,1.0,1.0
id,0,73,b97b,120.0,150.0,0.0,0.0,0.0,0.0,0.0,1.0,1.0,0.0
id,0,73,b97b,120.0,330.0,0.0,0.0,0.0,0.0,0.0,1.0,1.0,0.0
id,0,73,b97b,150.0,30.0,0.0,0.0,0.0,0.0,0.0,1.0,1.0,0.0
id,0,73,b97b,150.0,210.0,0.0,0.0,0.0,0.0,0.0,1.0,1.0,0.0
id,0,73,b9e6,30.0,0.0,0.0,0.0,0.0,0.0,0.0,1.0,1.0,0.0
id,0,73,b9e6,30.0,180.0,0.0,0.0,0.0,0.0,0.0,1.0,1.0,0.0
id,0,73,b9e6,60.0,60.0,0.0,128.68218994140625,128.68218994140625,60.0,120.0,1.0,0.0,-1.0
id,0,73,b9e6,60.0,240.0,0.0,97.1807632446289,97.1807632446289,0.0,120.0,1.0,0.0,-1.0
id,0,73,b9e6,90.0,120.0,120.00000762939453,0.0,-120.00000762939453,0.0,-120.0,0.0,1.0,1.0
id,0,73,b9e6,90.0,300.0,60.000003814697266,60.000003814697266,0.0,0.0,0.0,0.0,0.0,0.0
id,0,73,b9e6,120.0,0.0,0.0,0.0,0.0,0.0,0.0,1.0,1.0,0.0
id,0,73,b9e6,120.0,180.0,0.0,0.0,0.0,0.0,0.0,1.0,1.0,0.0
id,0,73,b9e6,150.0,60.0,0.0,0.0,0.0,0.0,0.0,1.0,1.0,0.0
id,0,73,b9e6,150.0,240.0,0.0,0.0,0.0,0.0,0.0,1.0,1.0,0.0
id,0,73,ba0f,30.0,30.0,128.68218994140625,165.12905883789062,36.446868896484375,0.0,90.0,0.0,0.0,0.0
id,0,73,ba0f,30.0,210.0,151.04498291015625,151.04498291015625,0.0,0.0,0.0,0.0,0.0,0.0
id,0,73,ba0f,60.0,90.0,0.0,60.000003814697266,60.000003814697266,60.0,0.0,1.0,0.0,-1.0
id,0,73,ba0f,60.0,270.0,138.59039306640625,29.999998092651367,-108.59039497375488,0.0,-150.0,0.0,0.0,0.0
id,0,73,ba0f,90.0,150.0,150.0,0.0,-150.0,0.0,-150.0,0.0,1.0,1.0
id,0,73,ba0f,90.0,330.0,30.00000762939453,180.0,149.99999237060547,0.0,150.0,0.0,0.0,0.0
id,0,73,ba0f,120.0,30.0,0.0,0.0,0.0,0.0,0.0,1.0,1.0,0.0
id,0,73,ba0f,120.0,210.0,154.0949249267578,154.0949249267578,0.0,0.0,0.0,0.0,0.0,0.0
id,0,73,ba0f,150.0,90.0,0.0,0.0,0.0,0.0,0.0,1.0,1.0,0.0
id,0,73,ba0f,150.0,270.0,120.00000762939453,180.0,59.99999237060547,0.0,180.0,0.0,0.0,0.0
id,0,73,baa9,30.0,60.0,0.0,0.0,0.0,0.0,0.0,1.0,1.0,0.0
id,0,73,baa9,30.0,240.0,0.0,0.0,0.0,0.0,0.0,1.0,1.0,0.0
id,0,73,baa9,60.0,120.0,0.0,0.0,0.0,0.0,0.0,1.0,1.0,0.0
id,0,73,baa9,60.0,300.0,0.0,0.0,0.0,0.0,0.0,1.0,1.0,0.0
id,0,73,baa9,90.0,0.0,180.0,0.0,-180.0,0.0,-180.0,0.0,1.0,1.0
id,0,73,baa9,90.0,180.0,0.0,180.0,180.0,0.0,180.0,1.0,0.0,-1.0
id,0,73,baa9,120.0,60.0,0.0,0.0,0.0,0.0,0.0,1.0,1.0,0.0
id,0,73,baa9,120.0,240.0,0.0,0.0,0.0,0.0,0.0,1.0,1.0,0.0
id,0,73,baa9,150.0,120.0,0.0,0.0,0.0,0.0,0.0,1.0,1.0,0.0
id,0,73,baa9,150.0,300.0,0.0,0.0,0.0,0.0,0.0,1.0,1.0,0.0
id,0,73,bb26,30.0,90.0,122.24180603027344,180.0,57.75819396972656,0.0,150.0,0.0,0.0,0.0
id,0,73,bb26,30.0,270.0,0.0,180.0,180.0,120.0,180.0,1.0,0.0,-1.0
id,0,73,bb26,60.0,150.0,66.45188903808594,180.0,113.54811096191406,0.0,150.0,0.0,0.0,0.0
id,0,73,bb26,60.0,330.0,154.09490966796875,120.00000762939453,-34.09490203857422,-60.0,30.0,0.0,0.0,0.0
id,0,73,bb26,90.0,30.0,60.00000762939453,120.00000762939453,60.0,0.0,60.0,0.0,0.0,0.0
id,0,73,bb26,90.0,210.0,120.00000762939453,60.000003814697266,-60.000003814697266,0.0,-60.0,0.0,0.0,0.0
id,0,73,bb26,120.0,90.0,180.0,180.0,0.0,0.0,0.0,0.0,0.0,0.0
id,0,73,bb26,120.0,270.0,60.000003814697266,25.905075073242188,-34.09492874145508,-60.0,30.0,0.0,0.0,0.0
id,0,73,bb26,150.0,150.0,28.95502281188965,128.68218994140625,99.7271671295166,120.0,0.0,0.0,0.0,0.0
id,0,73,bb26,150.0,330.0,128.68218994140625,0.0,-128.68218994140625,-120.0,-60.0,0.0,1.0,1.0
id,0,73,bb7c,30.0,120.0,0.0,0.0,0.0,0.0,0.0,1.0,1.0,0.0
id,0,73,bb7c,30.0,300.0,0.0,0.0,0.0,0.0,0.0,1.0,1.0,0.0
id,0,73,bb7c,60.0,0.0,0.0,0.0,0.0,0.0,0.0,1.0,1.0,0.0
id,0,73,bb7c,60.0,180.0,120.00000762939453,0.0,-120.00000762939453,0.0,-180.0,0.0,1.0,1.0
id,0,73,bb7c,90.0,60.0,0.0,60.000003814697266,60.000003814697266,0.0,60.0,1.0,0.0,-1.0
id,0,73,bb7c,90.0,240.0,120.00000762939453,180.0,59.99999237060547,0.0,60.0,0.0,0.0,0.0
id,0,73,bb7c,120.0,120.0,0.0,0.0,0.0,0.0,0.0,1.0,1.0,0.0
id,0,73,bb7c,120.0,300.0,0.0,0.0,0.0,0.0,0.0,1.0,1.0,0.0
id,0,73,bb7c,150.0,0.0,0.0,29.99998664855957,29.99998664855957,30.0,0.0,1.0,0.0,-1.0
id,0,73,bb7c,150.0,180.0,0.0,90.0,90.0,30.0,180.0,1.0,0.0,-1.0
id,0,73,bb7d,30.0,150.0,128.68218994140625,151.04498291015625,22.36279296875,0.0,60.0,0.0,0.0,0.0
id,0,73,bb7d,30.0,330.0,151.04498291015625,128.68218994140625,-22.36279296875,0.0,-60.0,0.0,0.0,0.0
id,0,73,bb7d,60.0,30.0,82.81924438476562,82.81924438476562,0.0,0.0,0.0,0.0,0.0,0.0
id,0,73,bb7d,60.0,210.0,128.6822052001953,82.81924438476562,-45.86296081542969,0.0,-60.0,0.0,0.0,0.0
id,0,73,bb7d,90.0,90.0,180.0,0.0,-180.0,0.0,-180.0,0.0,1.0,1.0
id,0,73,bb7d,90.0,270.0,0.0,180.0,180.0,0.0,180.0,1.0,0.0,-1.0
id,0,73,bb7d,120.0,150.0,120.00000762939453,128.6822052001953,8.682197570800781,60.0,-60.0,0.0,0.0,0.0
id,0,73,bb7d,120.0,330.0,0.0,82.81924438476562,82.81924438476562,60.0,60.0,1.0,0.0,-1.0
id,0,73,bb7d,150.0,30.0,60.000003814697266,0.0,-60.000003814697266,0.0,-180.0,0.0,1.0,1.0
id,0,73,bb7d,150.0,210.0,60.000003814697266,151.04498291015625,91.04497909545898,120.0,-60.0,0.0,0.0,0.0
id,0,73,bbc6,30.0,0.0,0.0,0.0,0.0,0.0,0.0,1.0,1.0,0.0
id,0,73,bbc6,30.0,180.0,14.870942115783691,0.0,-14.870942115783691,0.0,-30.0,0.0,1.0,1.0
id,0,73,bbc6,60.0,60.0,60.000003814697266,0.0,-60.000003814697266,-60.0,0.0,0.0,1.0,1.0
id,0,73,bbc6,60.0,240.0,49.494651794433594,0.0,-49.494651794433594,-30.0,-60.0,0.0,1.0,1.0
id,0,73,bbc6,90.0,120.0,60.000003814697266,120.00000762939453,60.000003814697266,0.0,60.0,0.0,0.0,0.0
id,0,73,bbc6,90.0,300.0,119.99999237060547,60.000003814697266,-59.9999885559082,0.0,-60.0,0.0,0.0,0.0
id,0,73,bbc6,120.0,0.0,29.99998664855957,0.0,-29.99998664855957,-30.0,0.0,0.0,1.0,1.0
id,0,73,bbc6,120.0,180.0,90.0,60.000003814697266,-29.999996185302734,-30.0,0.0,0.0,0.0,0.0
id,0,73,bbc6,150.0,60.0,0.0,60.000003814697266,60.000003814697266,0.0,180.0,1.0,0.0,-1.0
id,0,73,bbc6,150.0,240.0,0.0,0.0,0.0,0.0,0.0,1.0,1.0,0.0
id,0,73,bc2c,30.0,30.0,0.0,14.870942115783691,14.870942115783691,0.0,30.0,1.0,0.0,-1.0
id,0,73,bc2c,30.0,210.0,60.000003814697266,60.000003814697266,0.0,0.0,0.0,0.0,0.0,0.0
id,0,73,bc2c,60.0,90.0,120.00000762939453,120.00000762939453,0.0,0.0,0.0,0.0,0.0,0.0
id,0,73,bc2c,60.0,270.0,0.0,93.32574462890625,93.32574462890625,90.0,30.0,1.0,0.0,-1.0
id,0,73,bc2c,90.0,150.0,30.000001907348633,150.0,119.99999809265137,0.0,120.0,0.0,0.0,0.0
id,0,73,bc2c,90.0,330.0,60.00000762939453,30.00000762939453,-30.0,0.0,-30.0,0.0,0.0,0.0
id,0,73,bc2c,120.0,30.0,82.81924438476562,82.81924438476562,0.0,0.0,0.0,0.0,0.0,0.0
id,0,73,bc2c,120.0,210.0,154.0949249267578,82.81924438476562,-71.27568054199219,0.0,-90.0,0.0,0.0,0.0
id,0,73,bc2c,150.0,90.0,57.7581901550293,165.12905883789062,107.37086868286133,120.0,0.0,0.0,0.0,0.0
id,0,73,bc2c,150.0,270.0,165.12905883789062,0.0,-165.12905883789062,-120.0,-150.0,0.0,1.0,1.0
id,0,74,b7c1,30.0,0.0,0.0,30.000001907348633,30.000001907348633,30.0,0.0,1.0,0.0,-1.0
id,0,74,b7c1,30.0,180.0,0.0,60.000003814697266,60.000003814697266,0.0,180.0,1.0,0.0,-1.0
id,0,74,b7c1,60.0,60.0,0.0,0.0,0.0,0.0,0.0,1.0,1.0,0.0
id,0,74,b7c1,60.0,240.0,0.0,0.0,0.0,0.0,0.0,1.0,1.0,0.0
id,0,74,b7c1,90.0,120.0,60.000003814697266,120.00000762939453,60.000003814697266,0.0,60.0,0.0,0.0,0.0
id,0,74,b7c1,90.0,300.0,0.0,60.000003814697266,60.000003814697266,0.0,60.0,1.0,0.0,-1.0
id,0,74,b7c1,120.0,0.0,0.0,0.0,0.0,0.0,0.0,1.0,1.0,0.0
id,0,74,b7c1,120.0,180.0,0.0,0.0,0.0,0.0,0.0,1.0,1.0,0.0
id,0,74,b7c1,150.0,60.0,0.0,0.0,0.0,0.0,0.0,1.0,1.0,0.0
id,0,74,b7c1,150.0,240.0,0.0,0.0,0.0,0.0,0.0,1.0,1.0,0.0
id,0,74,b7fd,30.0,30.0,28.95502281188965,0.0,-28.95502281188965,0.0,-60.0,0.0,1.0,1.0
id,0,74,b7fd,30.0,210.0,14.870942115783691,0.0,-14.870942115783691,0.0,-30.0,0.0,1.0,1.0
id,0,74,b7fd,60.0,90.0,0.0,25.905075073242188,25.905075073242188,0.0,30.0,1.0,0.0,-1.0
id,0,74,b7fd,60.0,270.0,0.0,120.00000762939453,120.00000762939453,0.0,180.0,1.0,0.0,-1.0
id,0,74,b7fd,90.0,150.0,30.000001907348633,30.000001907348633,0.0,0.0,0.0,0.0,0.0,0.0
id,0,74,b7fd,90.0,330.0,120.00000762939453,60.00000762939453,-60.0,0.0,-60.0,0.0,0.0,0.0
id,0,74,b7fd,120.0,30.0,82.81924438476562,82.81924438476562,0.0,0.0,0.0,0.0,0.0,0.0
id,0,74,b7fd,120.0,210.0,82.81924438476562,128.6822052001953,45.86296081542969,0.0,60.0,0.0,0.0,0.0
id,0,74,b7fd,150.0,90.0,0.0,120.00000762939453,120.00000762939453,120.0,0.0,1.0,0.0,-1.0
id,0,74,b7fd,150.0,270.0,0.0,0.0,0.0,0.0,0.0,1.0,1.0,0.0
id,0,74,b80b,30.0,60.0,0.0,0.0,0.0,0.0,0.0,1.0,1.0,0.0
id,0,74,b80b,30.0,240.0,0.0,0.0,0.0,0.0,0.0,1.0,1.0,0.0
id,0,74,b80b,60.0,120.0,0.0,0.0,0.0,0.0,0.0,1.0,1.0,0.0
id,0,74,b80b,60.0,300.0,0.0,0.0,0.0,0.0,0.0,1.0,1.0,0.0
id,0,74,b80b,90.0,0.0,180.0,0.0,-180.0,0.0,-180.0,0.0,1.0,1.0
id,0,74,b80b,90.0,180.0,0.0,180.0,180.0,0.0,180.0,1.0,0.0,-1.0
id,0,74,b80b,120.0,60.0,0.0,0.0,0.0,0.0,0.0,1.0,1.0,0.0
id,0,74,b80b,120.0,240.0,0.0,0.0,0.0,0.0,0.0,1.0,1.0,0.0
id,0,74,b80b,150.0,120.0,0.0,0.0,0.0,0.0,0.0,1.0,1.0,0.0
id,0,74,b80b,150.0,300.0,0.0,0.0,0.0,0.0,0.0,1.0,1.0,0.0
id,0,74,b812,30.0,90.0,0.0,0.0,0.0,0.0,0.0,1.0,1.0,0.0
id,0,74,b812,30.0,270.0,0.0,0.0,0.0,0.0,0.0,1.0,1.0,0.0
id,0,74,b812,60.0,150.0,0.0,0.0,0.0,0.0,0.0,1.0,1.0,0.0
id,0,74,b812,60.0,330.0,0.0,0.0,0.0,0.0,0.0,1.0,1.0,0.0
id,0,74,b812,90.0,30.0,180.0,180.0,0.0,0.0,0.0,0.0,0.0,0.0
id,0,74,b812,90.0,210.0,0.0,0.0,0.0,0.0,0.0,1.0,1.0,0.0
id,0,74,b812,120.0,90.0,0.0,0.0,0.0,0.0,0.0,1.0,1.0,0.0
id,0,74,b812,120.0,270.0,0.0,0.0,0.0,0.0,0.0,1.0,1.0,0.0
id,0,74,b812,150.0,150.0,0.0,0.0,0.0,0.0,0.0,1.0,1.0,0.0
id,0,74,b812,150.0,330.0,0.0,0.0,0.0,0.0,0.0,1.0,1.0,0.0
id,0,74,b827,30.0,120.0,0.0,0.0,0.0,0.0,0.0,1.0,1.0,0.0
id,0,74,b827,30.0,300.0,0.0,0.0,0.0,0.0,0.0,1.0,1.0,0.0
id,0,74,b827,60.0,0.0,0.0,30.000001907348633,30.000001907348633,30.0,0.0,1.0,0.0,-1.0
id,0,74,b827,60.0,180.0,0.0,30.000001907348633,30.000001907348633,30.0,0.0,1.0,0.0,-1.0
id,0,74,b827,90.0,60.0,60.000003814697266,180.0,119.99999618530273,0.0,120.0,0.0,0.0,0.0
id,0,74,b827,90.0,240.0,90.0,30.000001907348633,-59.99999809265137,0.0,-60.0,0.0,0.0,0.0
id,0,74,b827,120.0,120.0,0.0,0.0,0.0,0.0,0.0,1.0,1.0,0.0
id,0,74,b827,120.0,300.0,0.0,0.0,0.0,0.0,0.0,1.0,1.0,0.0
id,0,74,b827,150.0,0.0,0.0,0.0,0.0,0.0,0.0,1.0,1.0,0.0
id,0,74,b827,150.0,180.0,0.0,29.99998664855957,29.99998664855957,30.0,0.0,1.0,0.0,-1.0
id,0,74,b871,30.0,150.0,0.0,122.24180603027344,122.24180603027344,120.0,30.0,1.0,0.0,-1.0
id,0,74,b871,30.0,330.0,0.0,0.0,0.0,0.0,0.0,1.0,1.0,0.0
id,0,74,b871,60.0,30.0,0.0,0.0,0.0,0.0,0.0,1.0,1.0,0.0
id,0,74,b871,60.0,210.0,0.0,0.0,0.0,0.0,0.0,1.0,1.0,0.0
id,0,74,b871,90.0,90.0,180.0,0.0,-180.0,0.0,-180.0,0.0,1.0,1.0
id,0,74,b871,90.0,270.0,180.0,0.0,-180.0,0.0,-180.0,0.0,1.0,1.0
id,0,74,b871,120.0,150.0,0.0,0.0,0.0,0.0,0.0,1.0,1.0,0.0
id,0,74,b871,120.0,330.0,0.0,0.0,0.0,0.0,0.0,1.0,1.0,0.0
id,0,74,b871,150.0,30.0,0.0,0.0,0.0,0.0,0.0,1.0,1.0,0.0
id,0,74,b871,150.0,210.0,0.0,0.0,0.0,0.0,0.0,1.0,1.0,0.0
id,0,74,b8ed,30.0,0.0,0.0,0.0,0.0,0.0,0.0,1.0,1.0,0.0
id,0,74,b8ed,30.0,180.0,0.0,0.0,0.0,0.0,0.0,1.0,1.0,0.0
id,0,74,b8ed,60.0,60.0,0.0,0.0,0.0,0.0,0.0,1.0,1.0,0.0
id,0,74,b8ed,60.0,240.0,97.1807632446289,0.0,-97.1807632446289,0.0,-120.0,0.0,1.0,1.0
id,0,74,b8ed,90.0,120.0,120.00000762939453,60.000003814697266,-60.000003814697266,0.0,-60.0,0.0,0.0,0.0
id,0,74,b8ed,90.0,300.0,0.0,119.99999237060547,119.99999237060547,0.0,120.0,1.0,0.0,-1.0
id,0,74,b8ed,120.0,0.0,29.99998664855957,0.0,-29.99998664855957,-30.0,0.0,0.0,1.0,1.0
id,0,74,b8ed,120.0,180.0,0.0,0.0,0.0,0.0,0.0,1.0,1.0,0.0
id,0,74,b8ed,150.0,60.0,0.0,0.0,0.0,0.0,0.0,1.0,1.0,0.0
id,0,74,b8ed,150.0,240.0,0.0,14.870942115783691,14.870942115783691,0.0,30.0,1.0,0.0,-1.0
id,0,74,b905,30.0,30.0,0.0,0.0,0.0,0.0,0.0,1.0,1.0,0.0
id,0,74,b905,30.0,210.0,0.0,0.0,0.0,0.0,0.0,1.0,1.0,0.0
id,0,74,b905,60.0,90.0,0.0,0.0,0.0,0.0,0.0,1.0,1.0,0.0
id,0,74,b905,60.0,270.0,0.0,0.0,0.0,0.0,0.0,1.0,1.0,0.0
id,0,74,b905,90.0,150.0,180.0,0.0,-180.0,0.0,-180.0,0.0,1.0,1.0
id,0,74,b905,90.0,330.0,0.0,180.0,180.0,0.0,180.0,1.0,0.0,-1.0
id,0,74,b905,120.0,30.0,0.0,66.45188903808594,66.45188903808594,60.0,30.0,1.0,0.0,-1.0
id,0,74,b905,120.0,210.0,0.0,0.0,0.0,0.0,0.0,1.0,1.0,0.0
id,0,74,b905,150.0,90.0,0.0,0.0,0.0,0.0,0.0,1.0,1.0,0.0
id,0,74,b905,150.0,270.0,0.0,14.870942115783691,14.870942115783691,0.0,30.0,1.0,0.0,-1.0
id,0,74,b943,30.0,60.0,0.0,0.0,0.0,0.0,0.0,1.0,1.0,0.0
id,0,74,b943,30.0,240.0,0.0,0.0,0.0,0.0,0.0,1.0,1.0,0.0
id,0,74,b943,60.0,120.0,0.0,0.0,0.0,0.0,0.0,1.0,1.0,0.0
id,0,74,b943,60.0,300.0,120.00000762939453,0.0,-120.00000762939453,0.0,-180.0,0.0,1.0,1.0
id,0,74,b943,90.0,0.0,0.0,180.0,180.0,0.0,180.0,1.0,0.0,-1.0
id,0,74,b943,90.0,180.0,180.0,0.0,-180.0,0.0,-180.0,0.0,1.0,1.0
id,0,74,b943,120.0,60.0,0.0,0.0,0.0,0.0,0.0,1.0,1.0,0.0
id,0,74,b943,120.0,240.0,0.0,0.0,0.0,0.0,0.0,1.0,1.0,0.0
id,0,74,b943,150.0,120.0,0.0,0.0,0.0,0.0,0.0,1.0,1.0,0.0
id,0,74,b943,150.0,300.0,0.0,0.0,0.0,0.0,0.0,1.0,1.0,0.0
id,0,74,b974,30.0,90.0,0.0,0.0,0.0,0.0,0.0,1.0,1.0,0.0
id,0,74,b974,30.0,270.0,0.0,0.0,0.0,0.0,0.0,1.0,1.0,0.0
id,0,74,b974,60.0,150.0,51.31781005859375,0.0,-51.31781005859375,0.0,-60.0,0.0,1.0,1.0
id,0,74,b974,60.0,330.0,0.0,0.0,0.0,0.0,0.0,1.0,1.0,0.0
id,0,74,b974,90.0,30.0,180.0,0.0,-180.0,0.0,-180.0,0.0,1.0,1.0
id,0,74,b974,90.0,210.0,0.0,0.0,0.0,0.0,0.0,1.0,1.0,0.0
id,0,74,b974,120.0,90.0,0.0,0.0,0.0,0.0,0.0,1.0,1.0,0.0
id,0,74,b974,120.0,270.0,0.0,0.0,0.0,0.0,0.0,1.0,1.0,0.0
id,0,74,b974,150.0,150.0,0.0,0.0,0.0,0.0,0.0,1.0,1.0,0.0
id,0,74,b974,150.0,330.0,0.0,0.0,0.0,0.0,0.0,1.0,1.0,0.0
id,0,74,b979,30.0,120.0,28.95502281188965,180.0,151.04497718811035,120.0,120.0,0.0,0.0,0.0
id,0,74,b979,30.0,300.0,41.40962219238281,151.04498291015625,109.63536071777344,120.0,30.0,0.0,0.0,0.0
id,0,74,b979,60.0,0.0,30.000001907348633,0.0,-30.000001907348633,-30.0,0.0,0.0,1.0,1.0
id,0,74,b979,60.0,180.0,30.000001907348633,30.000001907348633,0.0,0.0,0.0,0.0,0.0,0.0
id,0,74,b979,90.0,60.0,60.000003814697266,119.99999237060547,59.9999885559082,0.0,60.0,0.0,0.0,0.0
id,0,74,b979,90.0,240.0,120.00000762939453,60.000003814697266,-60.000003814697266,0.0,-60.0,0.0,0.0,0.0
id,0,74,b979,120.0,120.0,82.81924438476562,82.81924438476562,0.0,0.0,0.0,0.0,0.0,0.0
id,0,74,b979,120.0,300.0,130.50535583496094,36.09777069091797,-94.40758514404297,-60.0,-90.0,0.0,0.0,0.0
id,0,74,b979,150.0,0.0,90.0,150.0,60.0,60.0,0.0,0.0,0.0,0.0
id,0,74,b979,150.0,180.0,0.0,60.000003814697266,60.000003814697266,0.0,180.0,1.0,0.0,-1.0
id,0,74,b97b,30.0,150.0,120.00000762939453,128.68218994140625,8.682182312011719,0.0,60.0,0.0,0.0,0.0
id,0,74,b97b,30.0,330.0,0.0,0.0,0.0,0.0,0.0,1.0,1.0,0.0
id,0,74,b97b,60.0,30.0,0.0,0.0,0.0,0.0,0.0,1.0,1.0,0.0
id,0,74,b97b,60.0,210.0,0.0,0.0,0.0,0.0,0.0,1.0,1.0,0.0
id,0,74,b97b,90.0,90.0,0.0,0.0,0.0,0.0,0.0,1.0,1.0,0.0
id,0,74,b97b,90.0,270.0,180.0,180.0,0.0,0.0,0.0,0.0,0.0,0.0
id,0,74,b97b,120.0,150.0,0.0,25.905075073242188,25.905075073242188,0.0,30.0,1.0,0.0,-1.0
id,0,74,b97b,120.0,330.0,0.0,0.0,0.0,0.0,0.0,1.0,1.0,0.0
id,0,74,b97b,150.0,30.0,0.0,0.0,0.0,0.0,0.0,1.0,1.0,0.0
id,0,74,b97b,150.0,210.0,0.0,0.0,0.0,0.0,0.0,1.0,1.0,0.0
id,0,74,b9e6,30.0,0.0,0.0,0.0,0.0,0.0,0.0,1.0,1.0,0.0
id,0,74,b9e6,30.0,180.0,0.0,0.0,0.0,0.0,0.0,1.0,1.0,0.0
id,0,74,b9e6,60.0,60.0,0.0,0.0,0.0,0.0,0.0,1.0,1.0,0.0
id,0,74,b9e6,60.0,240.0,0.0,0.0,0.0,0.0,0.0,1.0,1.0,0.0
id,0,74,b9e6,90.0,120.0,60.000003814697266,60.000003814697266,0.0,0.0,0.0,0.0,0.0,0.0
id,0,74,b9e6,90.0,300.0,60.000003814697266,0.0,-60.000003814697266,0.0,-60.0,0.0,1.0,1.0
id,0,74,b9e6,120.0,0.0,0.0,29.99998664855957,29.99998664855957,30.0,0.0,1.0,0.0,-1.0
id,0,74,b9e6,120.0,180.0,0.0,0.0,0.0,0.0,0.0,1.0,1.0,0.0
id,0,74,b9e6,150.0,60.0,0.0,0.0,0.0,0.0,0.0,1.0,1.0,0.0
id,0,74,b9e6,150.0,240.0,0.0,0.0,0.0,0.0,0.0,1.0,1.0,0.0
id,0,74,ba0f,30.0,30.0,151.04498291015625,41.40962219238281,-109.63536071777344,-120.0,-30.0,0.0,0.0,0.0
id,0,74,ba0f,30.0,210.0,151.04498291015625,151.04498291015625,0.0,0.0,0.0,0.0,0.0,0.0
id,0,74,ba0f,60.0,90.0,0.0,25.905075073242188,25.905075073242188,0.0,30.0,1.0,0.0,-1.0
id,0,74,ba0f,60.0,270.0,138.59039306640625,60.000003814697266,-78.59038925170898,30.0,-150.0,0.0,0.0,0.0
id,0,74,ba0f,90.0,150.0,0.0,150.0,150.0,0.0,150.0,1.0,0.0,-1.0
id,0,74,ba0f,90.0,330.0,180.0,150.0,-30.0,0.0,-30.0,0.0,0.0,0.0
id,0,74,ba0f,120.0,30.0,0.0,113.54811096191406,113.54811096191406,0.0,150.0,1.0,0.0,-1.0
id,0,74,ba0f,120.0,210.0,180.0,180.0,0.0,0.0,0.0,0.0,0.0,0.0
id,0,74,ba0f,150.0,90.0,0.0,14.870942115783691,14.870942115783691,0.0,30.0,1.0,0.0,-1.0
id,0,74,ba0f,150.0,270.0,180.0,120.00000762939453,-59.99999237060547,0.0,-180.0,0.0,0.0,0.0
id,0,74,baa9,30.0,60.0,0.0,0.0,0.0,0.0,0.0,1.0,1.0,0.0
id,0,74,baa9,30.0,240.0,0.0,0.0,0.0,0.0,0.0,1.0,1.0,0.0
id,0,74,baa9,60.0,120.0,0.0,0.0,0.0,0.0,0.0,1.0,1.0,0.0
id,0,74,baa9,60.0,300.0,0.0,0.0,0.0,0.0,0.0,1.0,1.0,0.0
id,0,74,baa9,90.0,0.0,180.0,0.0,-180.0,0.0,-180.0,0.0,1.0,1.0
id,0,74,baa9,90.0,180.0,0.0,180.0,180.0,0.0,180.0,1.0,0.0,-1.0
id,0,74,baa9,120.0,60.0,0.0,0.0,0.0,0.0,0.0,1.0,1.0,0.0
id,0,74,baa9,120.0,240.0,0.0,0.0,0.0,0.0,0.0,1.0,1.0,0.0
id,0,74,baa9,150.0,120.0,0.0,0.0,0.0,0.0,0.0,1.0,1.0,0.0
id,0,74,baa9,150.0,300.0,0.0,0.0,0.0,0.0,0.0,1.0,1.0,0.0
id,0,74,bb26,30.0,90.0,57.7581901550293,180.0,122.2418098449707,120.0,30.0,0.0,0.0,0.0
id,0,74,bb26,30.0,270.0,0.0,180.0,180.0,120.0,180.0,1.0,0.0,-1.0
id,0,74,bb26,60.0,150.0,82.81924438476562,180.0,97.18075561523438,0.0,120.0,0.0,0.0,0.0
id,0,74,bb26,60.0,330.0,82.81924438476562,180.0,97.18075561523438,0.0,120.0,0.0,0.0,0.0
id,0,74,bb26,90.0,30.0,180.0,120.00000762939453,-59.99999237060547,0.0,-60.0,0.0,0.0,0.0
id,0,74,bb26,90.0,210.0,0.0,120.00000762939453,120.00000762939453,0.0,120.0,1.0,0.0,-1.0
id,0,74,bb26,120.0,90.0,154.09490966796875,180.0,25.90509033203125,0.0,30.0,0.0,0.0,0.0
id,0,74,bb26,120.0,270.0,0.0,0.0,0.0,0.0,0.0,1.0,1.0,0.0
id,0,74,bb26,150.0,150.0,60.000003814697266,28.95502281188965,-31.044981002807617,0.0,-120.0,0.0,0.0,0.0
id,0,74,bb26,150.0,330.0,128.68218994140625,0.0,-128.68218994140625,-120.0,-60.0,0.0,1.0,1.0
id,0,74,bb7c,30.0,120.0,0.0,0.0,0.0,0.0,0.0,1.0,1.0,0.0
id,0,74,bb7c,30.0,300.0,0.0,0.0,0.0,0.0,0.0,1.0,1.0,0.0
id,0,74,bb7c,60.0,0.0,0.0,0.0,0.0,0.0,0.0,1.0,1.0,0.0
id,0,74,bb7c,60.0,180.0,0.0,25.905075073242188,25.905075073242188,0.0,30.0,1.0,0.0,-1.0
id,0,74,bb7c,90.0,60.0,0.0,60.000003814697266,60.000003814697266,0.0,60.0,1.0,0.0,-1.0
id,0,74,bb7c,90.0,240.0,120.00000762939453,120.00000762939453,0.0,0.0,0.0,0.0,0.0,0.0
id,0,74,bb7c,120.0,120.0,0.0,0.0,0.0,0.0,0.0,1.0,1.0,0.0
id,0,74,bb7c,120.0,300.0,0.0,0.0,0.0,0.0,0.0,1.0,1.0,0.0
id,0,74,bb7c,150.0,0.0,0.0,29.99998664855957,29.99998664855957,30.0,0.0,1.0,0.0,-1.0
id,0,74,bb7c,150.0,180.0,0.0,90.0,90.0,30.0,180.0,1.0,0.0,-1.0
id,0,74,bb7d,30.0,150.0,128.68218994140625,128.68218994140625,0.0,0.0,0.0,0.0,0.0,0.0
id,0,74,bb7d,30.0,330.0,151.04498291015625,128.68218994140625,-22.36279296875,0.0,-60.0,0.0,0.0,0.0
id,0,74,bb7d,60.0,30.0,82.81924438476562,82.81924438476562,0.0,0.0,0.0,0.0,0.0,0.0
id,0,74,bb7d,60.0,210.0,82.81924438476562,51.31781005859375,-31.501434326171875,-60.0,0.0,0.0,0.0,0.0
id,0,74,bb7d,90.0,90.0,180.0,180.0,0.0,0.0,0.0,0.0,0.0,0.0
id,0,74,bb7d,90.0,270.0,0.0,180.0,180.0,0.0,180.0,1.0,0.0,-1.0
id,0,74,bb7d,120.0,150.0,120.00000762939453,180.0,59.99999237060547,60.0,0.0,0.0,0.0,0.0
id,0,74,bb7d,120.0,330.0,0.0,0.0,0.0,0.0,0.0,1.0,1.0,0.0
id,0,74,bb7d,150.0,30.0,60.000003814697266,0.0,-60.000003814697266,0.0,-180.0,0.0,1.0,1.0
id,0,74,bb7d,150.0,210.0,60.000003814697266,122.24180603027344,62.24180221557617,120.0,-150.0,0.0,0.0,0.0
id,0,74,bbc6,30.0,0.0,0.0,0.0,0.0,0.0,0.0,1.0,1.0,0.0
id,0,74,bbc6,30.0,180.0,0.0,0.0,0.0,0.0,0.0,1.0,1.0,0.0
id,0,74,bbc6,60.0,60.0,128.68218994140625,0.0,-128.68218994140625,-60.0,-120.0,0.0,1.0,1.0
id,0,74,bbc6,60.0,240.0,25.905075073242188,0.0,-25.905075073242188,0.0,-30.0,0.0,1.0,1.0
id,0,74,bbc6,90.0,120.0,0.0,120.00000762939453,120.00000762939453,0.0,120.0,1.0,0.0,-1.0
id,0,74,bbc6,90.0,300.0,180.0,60.000003814697266,-119.99999618530273,0.0,-120.0,0.0,0.0,0.0
id,0,74,bbc6,120.0,0.0,29.99998664855957,0.0,-29.99998664855957,-30.0,0.0,0.0,1.0,1.0
id,0,74,bbc6,120.0,180.0,29.99998664855957,60.000003814697266,30.000017166137695,30.0,0.0,0.0,0.0,0.0
id,0,74,bbc6,150.0,60.0,0.0,0.0,0.0,0.0,0.0,1.0,1.0,0.0
id,0,74,bbc6,150.0,240.0,0.0,60.000003814697266,60.000003814697266,0.0,180.0,1.0,0.0,-1.0
id,0,74,bc2c,30.0,30.0,60.000003814697266,57.7581901550293,-2.2418136596679688,0.0,-30.0,0.0,0.0,0.0
id,0,74,bc2c,30.0,210.0,60.000003814697266,60.000003814697266,0.0,0.0,0.0,0.0,0.0,0.0
id,0,74,bc2c,60.0,90.0,113.5481185913086,120.00000762939453,6.4518890380859375,0.0,30.0,0.0,0.0,0.0
id,0,74,bc2c,60.0,270.0,0.0,90.0,90.0,30.0,180.0,1.0,0.0,-1.0
id,0,74,bc2c,90.0,150.0,60.000003814697266,30.000001907348633,-30.000001907348633,0.0,-30.0,0.0,0.0,0.0
id,0,74,bc2c,90.0,330.0,120.00000762939453,30.00000762939453,-90.0,0.0,-90.0,0.0,0.0,0.0
id,0,74,bc2c,120.0,30.0,82.81924438476562,0.0,-82.81924438476562,-60.0,-60.0,0.0,1.0,1.0
id,0,74,bc2c,120.0,210.0,180.0,180.0,0.0,0.0,0.0,0.0,0.0,0.0
id,0,74,bc2c,150.0,90.0,57.7581901550293,122.24180603027344,64.48361587524414,120.0,-120.0,0.0,0.0,0.0
id,0,74,bc2c,150.0,270.0,165.12905883789062,0.0,-165.12905883789062,-120.0,-150.0,0.0,1.0,1.0
id,0,75,b7c1,30.0,0.0,0.0,30.000001907348633,30.000001907348633,30.0,0.0,1.0,0.0,-1.0
id,0,75,b7c1,30.0,180.0,0.0,90.0,90.0,30.0,180.0,1.0,0.0,-1.0
id,0,75,b7c1,60.0,60.0,0.0,0.0,0.0,0.0,0.0,1.0,1.0,0.0
id,0,75,b7c1,60.0,240.0,0.0,0.0,0.0,0.0,0.0,1.0,1.0,0.0
id,0,75,b7c1,90.0,120.0,120.00000762939453,120.00000762939453,0.0,0.0,0.0,0.0,0.0,0.0
id,0,75,b7c1,90.0,300.0,0.0,60.000003814697266,60.000003814697266,0.0,60.0,1.0,0.0,-1.0
id,0,75,b7c1,120.0,0.0,0.0,0.0,0.0,0.0,0.0,1.0,1.0,0.0
id,0,75,b7c1,120.0,180.0,0.0,0.0,0.0,0.0,0.0,1.0,1.0,0.0
id,0,75,b7c1,150.0,60.0,0.0,0.0,0.0,0.0,0.0,1.0,1.0,0.0
id,0,75,b7c1,150.0,240.0,0.0,60.000003814697266,60.000003814697266,0.0,180.0,1.0,0.0,-1.0
id,0,75,b7fd,30.0,30.0,28.95502281188965,0.0,-28.95502281188965,0.0,-60.0,0.0,1.0,1.0
id,0,75,b7fd,30.0,210.0,120.00000762939453,180.0,59.99999237060547,0.0,180.0,0.0,0.0,0.0
id,0,75,b7fd,60.0,90.0,0.0,0.0,0.0,0.0,0.0,1.0,1.0,0.0
id,0,75,b7fd,60.0,270.0,0.0,120.00000762939453,120.00000762939453,0.0,180.0,1.0,0.0,-1.0
id,0,75,b7fd,90.0,150.0,60.000003814697266,30.000001907348633,-30.000001907348633,0.0,-30.0,0.0,0.0,0.0
id,0,75,b7fd,90.0,330.0,120.00000762939453,120.00000762939453,0.0,0.0,0.0,0.0,0.0,0.0
id,0,75,b7fd,120.0,30.0,25.905075073242188,82.81924438476562,56.91416931152344,60.0,30.0,0.0,0.0,0.0
id,0,75,b7fd,120.0,210.0,128.6822052001953,128.6822052001953,0.0,0.0,0.0,0.0,0.0,0.0
id,0,75,b7fd,150.0,90.0,0.0,0.0,0.0,0.0,0.0,1.0,1.0,0.0
id,0,75,b7fd,150.0,270.0,0.0,0.0,0.0,0.0,0.0,1.0,1.0,0.0
id,0,75,b80b,30.0,60.0,0.0,0.0,0.0,0.0,0.0,1.0,1.0,0.0
id,0,75,b80b,30.0,240.0,0.0,0.0,0.0,0.0,0.0,1.0,1.0,0.0
id,0,75,b80b,60.0,120.0,0.0,0.0,0.0,0.0,0.0,1.0,1.0,0.0
id,0,75,b80b,60.0,300.0,0.0,0.0,0.0,0.0,0.0,1.0,1.0,0.0
id,0,75,b80b,90.0,0.0,0.0,0.0,0.0,0.0,0.0,1.0,1.0,0.0
id,0,75,b80b,90.0,180.0,180.0,180.0,0.0,0.0,0.0,0.0,0.0,0.0
id,0,75,b80b,120.0,60.0,0.0,0.0,0.0,0.0,0.0,1.0,1.0,0.0
id,0,75,b80b,120.0,240.0,0.0,0.0,0.0,0.0,0.0,1.0,1.0,0.0
id,0,75,b80b,150.0,120.0,0.0,0.0,0.0,0.0,0.0,1.0,1.0,0.0
id,0,75,b80b,150.0,300.0,0.0,0.0,0.0,0.0,0.0,1.0,1.0,0.0
id,0,75,b812,30.0,90.0,0.0,0.0,0.0,0.0,0.0,1.0,1.0,0.0
id,0,75,b812,30.0,270.0,0.0,0.0,0.0,0.0,0.0,1.0,1.0,0.0
id,0,75,b812,60.0,150.0,0.0,0.0,0.0,0.0,0.0,1.0,1.0,0.0
id,0,75,b812,60.0,330.0,0.0,0.0,0.0,0.0,0.0,1.0,1.0,0.0
id,0,75,b812,90.0,30.0,180.0,180.0,0.0,0.0,0.0,0.0,0.0,0.0
id,0,75,b812,90.0,210.0,0.0,0.0,0.0,0.0,0.0,1.0,1.0,0.0
id,0,75,b812,120.0,90.0,0.0,0.0,0.0,0.0,0.0,1.0,1.0,0.0
id,0,75,b812,120.0,270.0,0.0,0.0,0.0,0.0,0.0,1.0,1.0,0.0
id,0,75,b812,150.0,150.0,0.0,0.0,0.0,0.0,0.0,1.0,1.0,0.0
id,0,75,b812,150.0,330.0,0.0,0.0,0.0,0.0,0.0,1.0,1.0,0.0
id,0,75,b827,30.0,120.0,0.0,0.0,0.0,0.0,0.0,1.0,1.0,0.0
id,0,75,b827,30.0,300.0,0.0,0.0,0.0,0.0,0.0,1.0,1.0,0.0
id,0,75,b827,60.0,0.0,0.0,30.000001907348633,30.000001907348633,30.0,0.0,1.0,0.0,-1.0
id,0,75,b827,60.0,180.0,0.0,0.0,0.0,0.0,0.0,1.0,1.0,0.0
id,0,75,b827,90.0,60.0,180.0,180.0,0.0,0.0,0.0,0.0,0.0,0.0
id,0,75,b827,90.0,240.0,0.0,60.000003814697266,60.000003814697266,0.0,60.0,1.0,0.0,-1.0
id,0,75,b827,120.0,120.0,0.0,0.0,0.0,0.0,0.0,1.0,1.0,0.0
id,0,75,b827,120.0,300.0,0.0,0.0,0.0,0.0,0.0,1.0,1.0,0.0
id,0,75,b827,150.0,0.0,0.0,0.0,0.0,0.0,0.0,1.0,1.0,0.0
id,0,75,b827,150.0,180.0,0.0,29.99998664855957,29.99998664855957,30.0,0.0,1.0,0.0,-1.0
id,0,75,b871,30.0,150.0,0.0,0.0,0.0,0.0,0.0,1.0,1.0,0.0
id,0,75,b871,30.0,330.0,0.0,0.0,0.0,0.0,0.0,1.0,1.0,0.0
id,0,75,b871,60.0,30.0,0.0,0.0,0.0,0.0,0.0,1.0,1.0,0.0
id,0,75,b871,60.0,210.0,0.0,0.0,0.0,0.0,0.0,1.0,1.0,0.0
id,0,75,b871,90.0,90.0,180.0,0.0,-180.0,0.0,-180.0,0.0,1.0,1.0
id,0,75,b871,90.0,270.0,180.0,0.0,-180.0,0.0,-180.0,0.0,1.0,1.0
id,0,75,b871,120.0,150.0,0.0,0.0,0.0,0.0,0.0,1.0,1.0,0.0
id,0,75,b871,120.0,330.0,0.0,0.0,0.0,0.0,0.0,1.0,1.0,0.0
id,0,75,b871,150.0,30.0,0.0,0.0,0.0,0.0,0.0,1.0,1.0,0.0
id,0,75,b871,150.0,210.0,0.0,0.0,0.0,0.0,0.0,1.0,1.0,0.0
id,0,75,b8ed,30.0,0.0,0.0,120.00000762939453,120.00000762939453,120.0,0.0,1.0,0.0,-1.0
id,0,75,b8ed,30.0,180.0,0.0,60.000003814697266,60.000003814697266,0.0,180.0,1.0,0.0,-1.0
id,0,75,b8ed,60.0,60.0,0.0,0.0,0.0,0.0,0.0,1.0,1.0,0.0
id,0,75,b8ed,60.0,240.0,97.1807632446289,0.0,-97.1807632446289,0.0,-120.0,0.0,1.0,1.0
id,0,75,b8ed,90.0,120.0,120.00000762939453,60.000003814697266,-60.000003814697266,0.0,-60.0,0.0,0.0,0.0
id,0,75,b8ed,90.0,300.0,0.0,60.000003814697266,60.000003814697266,0.0,60.0,1.0,0.0,-1.0
id,0,75,b8ed,120.0,0.0,0.0,0.0,0.0,0.0,0.0,1.0,1.0,0.0
id,0,75,b8ed,120.0,180.0,0.0,0.0,0.0,0.0,0.0,1.0,1.0,0.0
id,0,75,b8ed,150.0,60.0,0.0,0.0,0.0,0.0,0.0,1.0,1.0,0.0
id,0,75,b8ed,150.0,240.0,60.000003814697266,0.0,-60.000003814697266,0.0,-180.0,0.0,1.0,1.0
id,0,75,b905,30.0,30.0,0.0,0.0,0.0,0.0,0.0,1.0,1.0,0.0
id,0,75,b905,30.0,210.0,0.0,0.0,0.0,0.0,0.0,1.0,1.0,0.0
id,0,75,b905,60.0,90.0,0.0,0.0,0.0,0.0,0.0,1.0,1.0,0.0
id,0,75,b905,60.0,270.0,0.0,0.0,0.0,0.0,0.0,1.0,1.0,0.0
id,0,75,b905,90.0,150.0,180.0,180.0,0.0,0.0,0.0,0.0,0.0,0.0
id,0,75,b905,90.0,330.0,0.0,30.00000762939453,30.00000762939453,0.0,30.0,1.0,0.0,-1.0
id,0,75,b905,120.0,30.0,82.81924438476562,82.81924438476562,0.0,0.0,0.0,0.0,0.0,0.0
id,0,75,b905,120.0,210.0,0.0,0.0,0.0,0.0,0.0,1.0,1.0,0.0
id,0,75,b905,150.0,90.0,0.0,0.0,0.0,0.0,0.0,1.0,1.0,0.0
id,0,75,b905,150.0,270.0,0.0,0.0,0.0,0.0,0.0,1.0,1.0,0.0
id,0,75,b943,30.0,60.0,0.0,0.0,0.0,0.0,0.0,1.0,1.0,0.0
id,0,75,b943,30.0,240.0,0.0,0.0,0.0,0.0,0.0,1.0,1.0,0.0
id,0,75,b943,60.0,120.0,0.0,0.0,0.0,0.0,0.0,1.0,1.0,0.0
id,0,75,b943,60.0,300.0,0.0,0.0,0.0,0.0,0.0,1.0,1.0,0.0
id,0,75,b943,90.0,0.0,0.0,180.0,180.0,0.0,180.0,1.0,0.0,-1.0
id,0,75,b943,90.0,180.0,180.0,0.0,-180.0,0.0,-180.0,0.0,1.0,1.0
id,0,75,b943,120.0,60.0,0.0,0.0,0.0,0.0,0.0,1.0,1.0,0.0
id,0,75,b943,120.0,240.0,0.0,0.0,0.0,0.0,0.0,1.0,1.0,0.0
id,0,75,b943,150.0,120.0,0.0,0.0,0.0,0.0,0.0,1.0,1.0,0.0
id,0,75,b943,150.0,300.0,0.0,0.0,0.0,0.0,0.0,1.0,1.0,0.0
id,0,75,b974,30.0,90.0,0.0,0.0,0.0,0.0,0.0,1.0,1.0,0.0
id,0,75,b974,30.0,270.0,0.0,0.0,0.0,0.0,0.0,1.0,1.0,0.0
id,0,75,b974,60.0,150.0,82.81924438476562,82.81924438476562,0.0,0.0,0.0,0.0,0.0,0.0
id,0,75,b974,60.0,330.0,0.0,0.0,0.0,0.0,0.0,1.0,1.0,0.0
id,0,75,b974,90.0,30.0,0.0,180.0,180.0,0.0,180.0,1.0,0.0,-1.0
id,0,75,b974,90.0,210.0,0.0,0.0,0.0,0.0,0.0,1.0,1.0,0.0
id,0,75,b974,120.0,90.0,0.0,0.0,0.0,0.0,0.0,1.0,1.0,0.0
id,0,75,b974,120.0,270.0,0.0,0.0,0.0,0.0,0.0,1.0,1.0,0.0
id,0,75,b974,150.0,150.0,0.0,0.0,0.0,0.0,0.0,1.0,1.0,0.0
id,0,75,b974,150.0,330.0,0.0,0.0,0.0,0.0,0.0,1.0,1.0,0.0
id,0,75,b979,30.0,120.0,128.68218994140625,60.000003814697266,-68.68218612670898,-120.0,120.0,0.0,0.0,0.0
id,0,75,b979,30.0,300.0,41.40962219238281,51.31781005859375,9.908187866210938,0.0,30.0,0.0,0.0,0.0
id,0,75,b979,60.0,0.0,30.000001907348633,0.0,-30.000001907348633,-30.0,0.0,0.0,1.0,1.0
id,0,75,b979,60.0,180.0,30.000001907348633,25.905075073242188,-4.094926834106445,-30.0,30.0,0.0,0.0,0.0
id,0,75,b979,90.0,60.0,119.99999237060547,119.99999237060547,0.0,0.0,0.0,0.0,0.0,0.0
id,0,75,b979,90.0,240.0,60.000003814697266,60.000003814697266,0.0,0.0,0.0,0.0,0.0,0.0
id,0,75,b979,120.0,120.0,128.6822052001953,128.6822052001953,0.0,0.0,0.0,0.0,0.0,0.0
id,0,75,b979,120.0,300.0,130.50535583496094,128.68218994140625,-1.8231658935546875,-30.0,0.0,0.0,0.0,0.0
id,0,75,b979,150.0,0.0,60.000003814697266,90.0,29.999996185302734,30.0,0.0,0.0,0.0,0.0
id,0,75,b979,150.0,180.0,60.000003814697266,60.000003814697266,0.0,0.0,0.0,0.0,0.0,0.0
id,0,75,b97b,30.0,150.0,151.04498291015625,14.870942115783691,-136.17404079437256,-120.0,-90.0,0.0,0.0,0.0
id,0,75,b97b,30.0,330.0,0.0,0.0,0.0,0.0,0.0,1.0,1.0,0.0
id,0,75,b97b,60.0,30.0,0.0,0.0,0.0,0.0,0.0,1.0,1.0,0.0
id,0,75,b97b,60.0,210.0,0.0,25.905075073242188,25.905075073242188,0.0,30.0,1.0,0.0,-1.0
id,0,75,b97b,90.0,90.0,180.0,180.0,0.0,0.0,0.0,0.0,0.0,0.0
id,0,75,b97b,90.0,270.0,0.0,0.0,0.0,0.0,0.0,1.0,1.0,0.0
id,0,75,b97b,120.0,150.0,0.0,0.0,0.0,0.0,0.0,1.0,1.0,0.0
id,0,75,b97b,120.0,330.0,0.0,0.0,0.0,0.0,0.0,1.0,1.0,0.0
id,0,75,b97b,150.0,30.0,0.0,0.0,0.0,0.0,0.0,1.0,1.0,0.0
id,0,75,b97b,150.0,210.0,0.0,0.0,0.0,0.0,0.0,1.0,1.0,0.0
id,0,75,b9e6,30.0,0.0,0.0,0.0,0.0,0.0,0.0,1.0,1.0,0.0
id,0,75,b9e6,30.0,180.0,0.0,0.0,0.0,0.0,0.0,1.0,1.0,0.0
id,0,75,b9e6,60.0,60.0,0.0,0.0,0.0,0.0,0.0,1.0,1.0,0.0
id,0,75,b9e6,60.0,240.0,0.0,0.0,0.0,0.0,0.0,1.0,1.0,0.0
id,0,75,b9e6,90.0,120.0,120.00000762939453,60.000003814697266,-60.000003814697266,0.0,-60.0,0.0,0.0,0.0
id,0,75,b9e6,90.0,300.0,60.000003814697266,0.0,-60.000003814697266,0.0,-60.0,0.0,1.0,1.0
id,0,75,b9e6,120.0,0.0,0.0,29.99998664855957,29.99998664855957,30.0,0.0,1.0,0.0,-1.0
id,0,75,b9e6,120.0,180.0,0.0,0.0,0.0,0.0,0.0,1.0,1.0,0.0
id,0,75,b9e6,150.0,60.0,0.0,0.0,0.0,0.0,0.0,1.0,1.0,0.0
id,0,75,b9e6,150.0,240.0,0.0,0.0,0.0,0.0,0.0,1.0,1.0,0.0
id,0,75,ba0f,30.0,30.0,128.68218994140625,57.7581901550293,-70.92399978637695,-120.0,90.0,0.0,0.0,0.0
id,0,75,ba0f,30.0,210.0,51.31781005859375,151.04498291015625,99.7271728515625,120.0,0.0,0.0,0.0,0.0
id,0,75,ba0f,60.0,90.0,25.905075073242188,60.000003814697266,34.09492874145508,60.0,-30.0,0.0,0.0,0.0
id,0,75,ba0f,60.0,270.0,150.0,60.000003814697266,-89.99999618530273,30.0,-180.0,0.0,0.0,0.0
id,0,75,ba0f,90.0,150.0,150.0,0.0,-150.0,0.0,-150.0,0.0,1.0,1.0
id,0,75,ba0f,90.0,330.0,150.0,0.0,-150.0,0.0,-150.0,0.0,1.0,1.0
id,0,75,ba0f,120.0,30.0,0.0,82.81924438476562,82.81924438476562,60.0,60.0,1.0,0.0,-1.0
id,0,75,ba0f,120.0,210.0,180.0,82.81924438476562,-97.18075561523438,0.0,-120.0,0.0,0.0,0.0
id,0,75,ba0f,150.0,90.0,0.0,120.00000762939453,120.00000762939453,120.0,0.0,1.0,0.0,-1.0
id,0,75,ba0f,150.0,270.0,122.24180603027344,180.0,57.75819396972656,0.0,150.0,0.0,0.0,0.0
id,0,75,baa9,30.0,60.0,0.0,0.0,0.0,0.0,0.0,1.0,1.0,0.0
id,0,75,baa9,30.0,240.0,0.0,0.0,0.0,0.0,0.0,1.0,1.0,0.0
id,0,75,baa9,60.0,120.0,0.0,0.0,0.0,0.0,0.0,1.0,1.0,0.0
id,0,75,baa9,60.0,300.0,0.0,0.0,0.0,0.0,0.0,1.0,1.0,0.0
id,0,75,baa9,90.0,0.0,0.0,0.0,0.0,0.0,0.0,1.0,1.0,0.0
id,0,75,baa9,90.0,180.0,180.0,180.0,0.0,0.0,0.0,0.0,0.0,0.0
id,0,75,baa9,120.0,60.0,0.0,0.0,0.0,0.0,0.0,1.0,1.0,0.0
id,0,75,baa9,120.0,240.0,0.0,0.0,0.0,0.0,0.0,1.0,1.0,0.0
id,0,75,baa9,150.0,120.0,0.0,0.0,0.0,0.0,0.0,1.0,1.0,0.0
id,0,75,baa9,150.0,300.0,0.0,0.0,0.0,0.0,0.0,1.0,1.0,0.0
id,0,75,bb26,30.0,90.0,180.0,0.0,-180.0,-120.0,-180.0,0.0,1.0,1.0
id,0,75,bb26,30.0,270.0,0.0,122.24180603027344,122.24180603027344,120.0,30.0,1.0,0.0,-1.0
id,0,75,bb26,60.0,150.0,82.81924438476562,82.81924438476562,0.0,0.0,0.0,0.0,0.0,0.0
id,0,75,bb26,60.0,330.0,66.45188903808594,82.81924438476562,16.367355346679688,0.0,30.0,0.0,0.0,0.0
id,0,75,bb26,90.0,30.0,120.00000762939453,60.00000762939453,-60.0,0.0,-60.0,0.0,0.0,0.0
id,0,75,bb26,90.0,210.0,60.000003814697266,120.00000762939453,60.000003814697266,0.0,60.0,0.0,0.0,0.0
id,0,75,bb26,120.0,90.0,60.000003814697266,180.0,119.99999618530273,0.0,180.0,0.0,0.0,0.0
id,0,75,bb26,120.0,270.0,0.0,29.99998664855957,29.99998664855957,30.0,0.0,1.0,0.0,-1.0
id,0,75,bb26,150.0,150.0,60.000003814697266,128.68218994140625,68.68218612670898,120.0,-120.0,0.0,0.0,0.0
id,0,75,bb26,150.0,330.0,122.24180603027344,0.0,-122.24180603027344,-120.0,-30.0,0.0,1.0,1.0
id,0,75,bb7c,30.0,120.0,0.0,0.0,0.0,0.0,0.0,1.0,1.0,0.0
id,0,75,bb7c,30.0,300.0,0.0,0.0,0.0,0.0,0.0,1.0,1.0,0.0
id,0,75,bb7c,60.0,0.0,0.0,0.0,0.0,0.0,0.0,1.0,1.0,0.0
id,0,75,bb7c,60.0,180.0,0.0,120.00000762939453,120.00000762939453,0.0,180.0,1.0,0.0,-1.0
id,0,75,bb7c,90.0,60.0,0.0,0.0,0.0,0.0,0.0,1.0,1.0,0.0
id,0,75,bb7c,90.0,240.0,60.000003814697266,0.0,-60.000003814697266,0.0,-60.0,0.0,1.0,1.0
id,0,75,bb7c,120.0,120.0,0.0,0.0,0.0,0.0,0.0,1.0,1.0,0.0
id,0,75,bb7c,120.0,300.0,0.0,0.0,0.0,0.0,0.0,1.0,1.0,0.0
id,0,75,bb7c,150.0,0.0,0.0,0.0,0.0,0.0,0.0,1.0,1.0,0.0
id,0,75,bb7c,150.0,180.0,0.0,90.0,90.0,30.0,180.0,1.0,0.0,-1.0
id,0,75,bb7d,30.0,150.0,151.04498291015625,128.68218994140625,-22.36279296875,0.0,-60.0,0.0,0.0,0.0
id,0,75,bb7d,30.0,330.0,128.68218994140625,128.68218994140625,0.0,0.0,0.0,0.0,0.0,0.0
id,0,75,bb7d,60.0,30.0,0.0,51.31782150268555,51.31782150268555,0.0,60.0,1.0,0.0,-1.0
id,0,75,bb7d,60.0,210.0,113.54812622070312,120.00000762939453,6.451881408691406,0.0,30.0,0.0,0.0,0.0
id,0,75,bb7d,90.0,90.0,0.0,0.0,0.0,0.0,0.0,1.0,1.0,0.0
id,0,75,bb7d,90.0,270.0,180.0,180.0,0.0,0.0,0.0,0.0,0.0,0.0
id,0,75,bb7d,120.0,150.0,120.00000762939453,128.6822052001953,8.682197570800781,60.0,-60.0,0.0,0.0,0.0
id,0,75,bb7d,120.0,330.0,0.0,82.81924438476562,82.81924438476562,60.0,60.0,1.0,0.0,-1.0
id,0,75,bb7d,150.0,30.0,0.0,0.0,0.0,0.0,0.0,1.0,1.0,0.0
id,0,75,bb7d,150.0,210.0,60.000003814697266,120.00000762939453,60.000003814697266,120.0,-180.0,0.0,0.0,0.0
id,0,75,bbc6,30.0,0.0,0.0,0.0,0.0,0.0,0.0,1.0,1.0,0.0
id,0,75,bbc6,30.0,180.0,0.0,0.0,0.0,0.0,0.0,1.0,1.0,0.0
id,0,75,bbc6,60.0,60.0,0.0,0.0,0.0,0.0,0.0,1.0,1.0,0.0
id,0,75,bbc6,60.0,240.0,0.0,0.0,0.0,0.0,0.0,1.0,1.0,0.0
id,0,75,bbc6,90.0,120.0,120.00000762939453,120.00000762939453,0.0,0.0,0.0,0.0,0.0,0.0
id,0,75,bbc6,90.0,300.0,60.000003814697266,60.000003814697266,0.0,0.0,0.0,0.0,0.0,0.0
id,0,75,bbc6,120.0,0.0,29.99998664855957,0.0,-29.99998664855957,-30.0,0.0,0.0,1.0,1.0
id,0,75,bbc6,120.0,180.0,29.99998664855957,60.000003814697266,30.000017166137695,30.0,0.0,0.0,0.0,0.0
id,0,75,bbc6,150.0,60.0,0.0,0.0,0.0,0.0,0.0,1.0,1.0,0.0
id,0,75,bbc6,150.0,240.0,60.000003814697266,60.000003814697266,0.0,0.0,0.0,0.0,0.0,0.0
id,0,75,bc2c,30.0,30.0,122.24180603027344,0.0,-122.24180603027344,-120.0,-30.0,0.0,1.0,1.0
id,0,75,bc2c,30.0,210.0,57.7581901550293,57.7581901550293,0.0,0.0,0.0,0.0,0.0,0.0
id,0,75,bc2c,60.0,90.0,120.00000762939453,120.00000762939453,0.0,0.0,0.0,0.0,0.0,0.0
id,0,75,bc2c,60.0,270.0,0.0,120.00000762939453,120.00000762939453,0.0,180.0,1.0,0.0,-1.0
id,0,75,bc2c,90.0,150.0,30.000001907348633,30.000001907348633,0.0,0.0,0.0,0.0,0.0,0.0
id,0,75,bc2c,90.0,330.0,120.00000762939453,150.0,29.99999237060547,0.0,30.0,0.0,0.0,0.0
id,0,75,bc2c,120.0,30.0,82.81924438476562,82.81924438476562,0.0,0.0,0.0,0.0,0.0,0.0
id,0,75,bc2c,120.0,210.0,180.0,82.81924438476562,-97.18075561523438,0.0,-120.0,0.0,0.0,0.0
id,0,75,bc2c,150.0,90.0,122.24180603027344,60.000003814697266,-62.24180221557617,-120.0,150.0,0.0,0.0,0.0
id,0,75,bc2c,150.0,270.0,0.0,180.0,180.0,120.0,180.0,1.0,0.0,-1.0
id,0,76,b7c1,30.0,0.0,0.0,0.0,0.0,0.0,0.0,1.0,1.0,0.0
id,0,76,b7c1,30.0,180.0,0.0,60.000003814697266,60.000003814697266,0.0,180.0,1.0,0.0,-1.0
id,0,76,b7c1,60.0,60.0,104.47750854492188,0.0,-104.47750854492188,-60.0,-90.0,0.0,1.0,1.0
id,0,76,b7c1,60.0,240.0,0.0,0.0,0.0,0.0,0.0,1.0,1.0,0.0
id,0,76,b7c1,90.0,120.0,120.00000762939453,120.00000762939453,0.0,0.0,0.0,0.0,0.0,0.0
id,0,76,b7c1,90.0,300.0,0.0,60.000003814697266,60.000003814697266,0.0,60.0,1.0,0.0,-1.0
id,0,76,b7c1,120.0,0.0,0.0,0.0,0.0,0.0,0.0,1.0,1.0,0.0
id,0,76,b7c1,120.0,180.0,0.0,0.0,0.0,0.0,0.0,1.0,1.0,0.0
id,0,76,b7c1,150.0,60.0,0.0,0.0,0.0,0.0,0.0,1.0,1.0,0.0
id,0,76,b7c1,150.0,240.0,0.0,60.000003814697266,60.000003814697266,0.0,180.0,1.0,0.0,-1.0
id,0,76,b7fd,30.0,30.0,122.24180603027344,0.0,-122.24180603027344,-120.0,-30.0,0.0,1.0,1.0
id,0,76,b7fd,30.0,210.0,128.68218994140625,60.000003814697266,-68.68218612670898,-120.0,120.0,0.0,0.0,0.0
id,0,76,b7fd,60.0,90.0,0.0,0.0,0.0,0.0,0.0,1.0,1.0,0.0
id,0,76,b7fd,60.0,270.0,25.905075073242188,113.54812622070312,87.64305114746094,0.0,120.0,0.0,0.0,0.0
id,0,76,b7fd,90.0,150.0,30.000001907348633,30.000001907348633,0.0,0.0,0.0,0.0,0.0,0.0
id,0,76,b7fd,90.0,330.0,60.00000762939453,60.00000762939453,0.0,0.0,0.0,0.0,0.0,0.0
id,0,76,b7fd,120.0,30.0,82.81924438476562,82.81924438476562,0.0,0.0,0.0,0.0,0.0,0.0
id,0,76,b7fd,120.0,210.0,51.31781005859375,60.000003814697266,8.682193756103516,60.0,-60.0,0.0,0.0,0.0
id,0,76,b7fd,150.0,90.0,0.0,0.0,0.0,0.0,0.0,1.0,1.0,0.0
id,0,76,b7fd,150.0,270.0,0.0,60.000003814697266,60.000003814697266,0.0,180.0,1.0,0.0,-1.0
id,0,76,b80b,30.0,60.0,0.0,0.0,0.0,0.0,0.0,1.0,1.0,0.0
id,0,76,b80b,30.0,240.0,0.0,0.0,0.0,0.0,0.0,1.0,1.0,0.0
id,0,76,b80b,60.0,120.0,0.0,0.0,0.0,0.0,0.0,1.0,1.0,0.0
id,0,76,b80b,60.0,300.0,128.68218994140625,0.0,-128.68218994140625,-60.0,-120.0,0.0,1.0,1.0
id,0,76,b80b,90.0,0.0,180.0,0.0,-180.0,0.0,-180.0,0.0,1.0,1.0
id,0,76,b80b,90.0,180.0,180.0,180.0,0.0,0.0,0.0,0.0,0.0,0.0
id,0,76,b80b,120.0,60.0,0.0,0.0,0.0,0.0,0.0,1.0,1.0,0.0
id,0,76,b80b,120.0,240.0,0.0,0.0,0.0,0.0,0.0,1.0,1.0,0.0
id,0,76,b80b,150.0,120.0,0.0,0.0,0.0,0.0,0.0,1.0,1.0,0.0
id,0,76,b80b,150.0,300.0,0.0,0.0,0.0,0.0,0.0,1.0,1.0,0.0
id,0,76,b812,30.0,90.0,0.0,0.0,0.0,0.0,0.0,1.0,1.0,0.0
id,0,76,b812,30.0,270.0,0.0,0.0,0.0,0.0,0.0,1.0,1.0,0.0
id,0,76,b812,60.0,150.0,0.0,0.0,0.0,0.0,0.0,1.0,1.0,0.0
id,0,76,b812,60.0,330.0,0.0,0.0,0.0,0.0,0.0,1.0,1.0,0.0
id,0,76,b812,90.0,30.0,0.0,180.0,180.0,0.0,180.0,1.0,0.0,-1.0
id,0,76,b812,90.0,210.0,0.0,0.0,0.0,0.0,0.0,1.0,1.0,0.0
id,0,76,b812,120.0,90.0,0.0,0.0,0.0,0.0,0.0,1.0,1.0,0.0
id,0,76,b812,120.0,270.0,0.0,0.0,0.0,0.0,0.0,1.0,1.0,0.0
id,0,76,b812,150.0,150.0,0.0,0.0,0.0,0.0,0.0,1.0,1.0,0.0
id,0,76,b812,150.0,330.0,0.0,0.0,0.0,0.0,0.0,1.0,1.0,0.0
id,0,76,b827,30.0,120.0,0.0,0.0,0.0,0.0,0.0,1.0,1.0,0.0
id,0,76,b827,30.0,300.0,0.0,0.0,0.0,0.0,0.0,1.0,1.0,0.0
id,0,76,b827,60.0,0.0,0.0,30.000001907348633,30.000001907348633,30.0,0.0,1.0,0.0,-1.0
id,0,76,b827,60.0,180.0,0.0,0.0,0.0,0.0,0.0,1.0,1.0,0.0
id,0,76,b827,90.0,60.0,60.000003814697266,180.0,119.99999618530273,0.0,120.0,0.0,0.0,0.0
id,0,76,b827,90.0,240.0,120.00000762939453,60.000003814697266,-60.000003814697266,0.0,-60.0,0.0,0.0,0.0
id,0,76,b827,120.0,120.0,0.0,0.0,0.0,0.0,0.0,1.0,1.0,0.0
id,0,76,b827,120.0,300.0,0.0,0.0,0.0,0.0,0.0,1.0,1.0,0.0
id,0,76,b827,150.0,0.0,0.0,0.0,0.0,0.0,0.0,1.0,1.0,0.0
id,0,76,b827,150.0,180.0,0.0,90.0,90.0,30.0,180.0,1.0,0.0,-1.0
id,0,76,b871,30.0,150.0,0.0,14.870942115783691,14.870942115783691,0.0,30.0,1.0,0.0,-1.0
id,0,76,b871,30.0,330.0,0.0,0.0,0.0,0.0,0.0,1.0,1.0,0.0
id,0,76,b871,60.0,30.0,0.0,0.0,0.0,0.0,0.0,1.0,1.0,0.0
id,0,76,b871,60.0,210.0,25.905075073242188,0.0,-25.905075073242188,0.0,-30.0,0.0,1.0,1.0
id,0,76,b871,90.0,90.0,180.0,0.0,-180.0,0.0,-180.0,0.0,1.0,1.0
id,0,76,b871,90.0,270.0,180.0,0.0,-180.0,0.0,-180.0,0.0,1.0,1.0
id,0,76,b871,120.0,150.0,0.0,0.0,0.0,0.0,0.0,1.0,1.0,0.0
id,0,76,b871,120.0,330.0,0.0,0.0,0.0,0.0,0.0,1.0,1.0,0.0
id,0,76,b871,150.0,30.0,0.0,60.000003814697266,60.000003814697266,0.0,180.0,1.0,0.0,-1.0
id,0,76,b871,150.0,210.0,0.0,0.0,0.0,0.0,0.0,1.0,1.0,0.0
id,0,76,b8ed,30.0,0.0,0.0,0.0,0.0,0.0,0.0,1.0,1.0,0.0
id,0,76,b8ed,30.0,180.0,0.0,60.000003814697266,60.000003814697266,0.0,180.0,1.0,0.0,-1.0
id,0,76,b8ed,60.0,60.0,0.0,0.0,0.0,0.0,0.0,1.0,1.0,0.0
id,0,76,b8ed,60.0,240.0,0.0,0.0,0.0,0.0,0.0,1.0,1.0,0.0
id,0,76,b8ed,90.0,120.0,120.00000762939453,60.000003814697266,-60.000003814697266,0.0,-60.0,0.0,0.0,0.0
id,0,76,b8ed,90.0,300.0,60.000003814697266,119.99999237060547,59.9999885559082,0.0,60.0,0.0,0.0,0.0
id,0,76,b8ed,120.0,0.0,0.0,0.0,0.0,0.0,0.0,1.0,1.0,0.0
id,0,76,b8ed,120.0,180.0,0.0,120.00000762939453,120.00000762939453,0.0,180.0,1.0,0.0,-1.0
id,0,76,b8ed,150.0,60.0,0.0,0.0,0.0,0.0,0.0,1.0,1.0,0.0
id,0,76,b8ed,150.0,240.0,0.0,60.000003814697266,60.000003814697266,0.0,180.0,1.0,0.0,-1.0
id,0,76,b905,30.0,30.0,0.0,0.0,0.0,0.0,0.0,1.0,1.0,0.0
id,0,76,b905,30.0,210.0,0.0,0.0,0.0,0.0,0.0,1.0,1.0,0.0
id,0,76,b905,60.0,90.0,0.0,0.0,0.0,0.0,0.0,1.0,1.0,0.0
id,0,76,b905,60.0,270.0,0.0,0.0,0.0,0.0,0.0,1.0,1.0,0.0
id,0,76,b905,90.0,150.0,180.0,0.0,-180.0,0.0,-180.0,0.0,1.0,1.0
id,0,76,b905,90.0,330.0,0.0,180.0,180.0,0.0,180.0,1.0,0.0,-1.0
id,0,76,b905,120.0,30.0,0.0,82.81924438476562,82.81924438476562,60.0,60.0,1.0,0.0,-1.0
id,0,76,b905,120.0,210.0,0.0,82.81924438476562,82.81924438476562,60.0,60.0,1.0,0.0,-1.0
id,0,76,b905,150.0,90.0,0.0,0.0,0.0,0.0,0.0,1.0,1.0,0.0
id,0,76,b905,150.0,270.0,0.0,0.0,0.0,0.0,0.0,1.0,1.0,0.0
id,0,76,b943,30.0,60.0,0.0,0.0,0.0,0.0,0.0,1.0,1.0,0.0
id,0,76,b943,30.0,240.0,0.0,0.0,0.0,0.0,0.0,1.0,1.0,0.0
id,0,76,b943,60.0,120.0,0.0,0.0,0.0,0.0,0.0,1.0,1.0,0.0
id,0,76,b943,60.0,300.0,0.0,0.0,0.0,0.0,0.0,1.0,1.0,0.0
id,0,76,b943,90.0,0.0,0.0,180.0,180.0,0.0,180.0,1.0,0.0,-1.0
id,0,76,b943,90.0,180.0,180.0,0.0,-180.0,0.0,-180.0,0.0,1.0,1.0
id,0,76,b943,120.0,60.0,25.905075073242188,0.0,-25.905075073242188,0.0,-30.0,0.0,1.0,1.0
id,0,76,b943,120.0,240.0,120.00000762939453,0.0,-120.00000762939453,0.0,-180.0,0.0,1.0,1.0
id,0,76,b943,150.0,120.0,0.0,0.0,0.0,0.0,0.0,1.0,1.0,0.0
id,0,76,b943,150.0,300.0,0.0,0.0,0.0,0.0,0.0,1.0,1.0,0.0
id,0,76,b974,30.0,90.0,0.0,0.0,0.0,0.0,0.0,1.0,1.0,0.0
id,0,76,b974,30.0,270.0,0.0,0.0,0.0,0.0,0.0,1.0,1.0,0.0
id,0,76,b974,60.0,150.0,0.0,82.81924438476562,82.81924438476562,60.0,60.0,1.0,0.0,-1.0
id,0,76,b974,60.0,330.0,25.90509033203125,0.0,-25.90509033203125,0.0,-30.0,0.0,1.0,1.0
id,0,76,b974,90.0,30.0,0.0,180.0,180.0,0.0,180.0,1.0,0.0,-1.0
id,0,76,b974,90.0,210.0,0.0,0.0,0.0,0.0,0.0,1.0,1.0,0.0
id,0,76,b974,120.0,90.0,0.0,0.0,0.0,0.0,0.0,1.0,1.0,0.0
id,0,76,b974,120.0,270.0,0.0,0.0,0.0,0.0,0.0,1.0,1.0,0.0
id,0,76,b974,150.0,150.0,0.0,0.0,0.0,0.0,0.0,1.0,1.0,0.0
id,0,76,b974,150.0,330.0,0.0,0.0,0.0,0.0,0.0,1.0,1.0,0.0
id,0,76,b979,30.0,120.0,28.95502281188965,128.68218994140625,99.7271671295166,120.0,0.0,0.0,0.0,0.0
id,0,76,b979,30.0,300.0,14.870942115783691,151.04498291015625,136.17404079437256,120.0,90.0,0.0,0.0,0.0
id,0,76,b979,60.0,0.0,30.000001907348633,0.0,-30.000001907348633,-30.0,0.0,0.0,1.0,1.0
id,0,76,b979,60.0,180.0,90.0,120.00000762939453,30.00000762939453,-30.0,0.0,0.0,0.0,0.0
id,0,76,b979,90.0,60.0,60.000003814697266,119.99999237060547,59.9999885559082,0.0,60.0,0.0,0.0,0.0
id,0,76,b979,90.0,240.0,60.000003814697266,60.000003814697266,0.0,0.0,0.0,0.0,0.0,0.0
id,0,76,b979,120.0,120.0,82.81924438476562,128.6822052001953,45.86296081542969,0.0,60.0,0.0,0.0,0.0
id,0,76,b979,120.0,300.0,130.50535583496094,29.99998664855957,-100.50536918640137,-60.0,-120.0,0.0,0.0,0.0
id,0,76,b979,150.0,0.0,60.000003814697266,29.99998664855957,-30.000017166137695,30.0,-180.0,0.0,0.0,0.0
id,0,76,b979,150.0,180.0,0.0,90.0,90.0,30.0,180.0,1.0,0.0,-1.0
id,0,76,b97b,30.0,150.0,122.24180603027344,128.68218994140625,6.4403839111328125,0.0,30.0,0.0,0.0,0.0
id,0,76,b97b,30.0,330.0,0.0,0.0,0.0,0.0,0.0,1.0,1.0,0.0
id,0,76,b97b,60.0,30.0,0.0,0.0,0.0,0.0,0.0,1.0,1.0,0.0
id,0,76,b97b,60.0,210.0,0.0,82.81924438476562,82.81924438476562,60.0,60.0,1.0,0.0,-1.0
id,0,76,b97b,90.0,90.0,0.0,180.0,180.0,0.0,180.0,1.0,0.0,-1.0
id,0,76,b97b,90.0,270.0,180.0,0.0,-180.0,0.0,-180.0,0.0,1.0,1.0
id,0,76,b97b,120.0,150.0,0.0,0.0,0.0,0.0,0.0,1.0,1.0,0.0
id,0,76,b97b,120.0,330.0,0.0,0.0,0.0,0.0,0.0,1.0,1.0,0.0
id,0,76,b97b,150.0,30.0,0.0,0.0,0.0,0.0,0.0,1.0,1.0,0.0
id,0,76,b97b,150.0,210.0,0.0,0.0,0.0,0.0,0.0,1.0,1.0,0.0
id,0,76,b9e6,30.0,0.0,0.0,0.0,0.0,0.0,0.0,1.0,1.0,0.0
id,0,76,b9e6,30.0,180.0,0.0,0.0,0.0,0.0,0.0,1.0,1.0,0.0
id,0,76,b9e6,60.0,60.0,0.0,0.0,0.0,0.0,0.0,1.0,1.0,0.0
id,0,76,b9e6,60.0,240.0,0.0,0.0,0.0,0.0,0.0,1.0,1.0,0.0
id,0,76,b9e6,90.0,120.0,120.00000762939453,0.0,-120.00000762939453,0.0,-120.0,0.0,1.0,1.0
id,0,76,b9e6,90.0,300.0,60.000003814697266,180.0,119.99999618530273,0.0,120.0,0.0,0.0,0.0
id,0,76,b9e6,120.0,0.0,0.0,29.99998664855957,29.99998664855957,30.0,0.0,1.0,0.0,-1.0
id,0,76,b9e6,120.0,180.0,0.0,0.0,0.0,0.0,0.0,1.0,1.0,0.0
id,0,76,b9e6,150.0,60.0,0.0,0.0,0.0,0.0,0.0,1.0,1.0,0.0
id,0,76,b9e6,150.0,240.0,0.0,0.0,0.0,0.0,0.0,1.0,1.0,0.0
id,0,76,ba0f,30.0,30.0,128.68218994140625,128.68218994140625,0.0,0.0,0.0,0.0,0.0,0.0
id,0,76,ba0f,30.0,210.0,151.04498291015625,151.04498291015625,0.0,0.0,0.0,0.0,0.0,0.0
id,0,76,ba0f,60.0,90.0,29.999998092651367,0.0,-29.999998092651367,-30.0,0.0,0.0,1.0,1.0
id,0,76,ba0f,60.0,270.0,138.59039306640625,150.0,11.40960693359375,0.0,30.0,0.0,0.0,0.0
id,0,76,ba0f,90.0,150.0,30.000001907348633,150.0,119.99999809265137,0.0,120.0,0.0,0.0,0.0
id,0,76,ba0f,90.0,330.0,150.0,30.00000762939453,-119.99999237060547,0.0,-120.0,0.0,0.0,0.0
id,0,76,ba0f,120.0,30.0,0.0,82.81924438476562,82.81924438476562,60.0,60.0,1.0,0.0,-1.0
id,0,76,ba0f,120.0,210.0,97.18075561523438,82.81924438476562,-14.36151123046875,60.0,-60.0,0.0,0.0,0.0
id,0,76,ba0f,150.0,90.0,0.0,0.0,0.0,0.0,0.0,1.0,1.0,0.0
id,0,76,ba0f,150.0,270.0,120.00000762939453,120.00000762939453,0.0,0.0,0.0,0.0,0.0,0.0
id,0,76,baa9,30.0,60.0,0.0,0.0,0.0,0.0,0.0,1.0,1.0,0.0
id,0,76,baa9,30.0,240.0,0.0,0.0,0.0,0.0,0.0,1.0,1.0,0.0
id,0,76,baa9,60.0,120.0,0.0,0.0,0.0,0.0,0.0,1.0,1.0,0.0
id,0,76,baa9,60.0,300.0,128.68218994140625,0.0,-128.68218994140625,-60.0,-120.0,0.0,1.0,1.0
id,0,76,baa9,90.0,0.0,180.0,0.0,-180.0,0.0,-180.0,0.0,1.0,1.0
id,0,76,baa9,90.0,180.0,180.0,180.0,0.0,0.0,0.0,0.0,0.0,0.0
id,0,76,baa9,120.0,60.0,0.0,0.0,0.0,0.0,0.0,1.0,1.0,0.0
id,0,76,baa9,120.0,240.0,0.0,0.0,0.0,0.0,0.0,1.0,1.0,0.0
id,0,76,baa9,150.0,120.0,0.0,0.0,0.0,0.0,0.0,1.0,1.0,0.0
id,0,76,baa9,150.0,300.0,0.0,0.0,0.0,0.0,0.0,1.0,1.0,0.0
id,0,76,bb26,30.0,90.0,180.0,60.000003814697266,-119.99999618530273,-120.0,0.0,0.0,0.0,0.0
id,0,76,bb26,30.0,270.0,0.0,120.00000762939453,120.00000762939453,120.0,0.0,1.0,0.0,-1.0
id,0,76,bb26,60.0,150.0,0.0,82.81924438476562,82.81924438476562,60.0,60.0,1.0,0.0,-1.0
id,0,76,bb26,60.0,330.0,82.81924438476562,82.81924438476562,0.0,0.0,0.0,0.0,0.0,0.0
id,0,76,bb26,90.0,30.0,60.00000762939453,60.00000762939453,0.0,0.0,0.0,0.0,0.0,0.0
id,0,76,bb26,90.0,210.0,60.000003814697266,120.00000762939453,60.000003814697266,0.0,60.0,0.0,0.0,0.0
id,0,76,bb26,120.0,90.0,154.09490966796875,180.0,25.90509033203125,0.0,30.0,0.0,0.0,0.0
id,0,76,bb26,120.0,270.0,0.0,60.000003814697266,60.000003814697266,60.0,0.0,1.0,0.0,-1.0
id,0,76,bb26,150.0,150.0,14.870942115783691,128.68218994140625,113.81124782562256,120.0,30.0,0.0,0.0,0.0
id,0,76,bb26,150.0,330.0,128.68218994140625,14.870942115783691,-113.81124782562256,-120.0,-30.0,0.0,0.0,0.0
id,0,76,bb7c,30.0,120.0,0.0,0.0,0.0,0.0,0.0,1.0,1.0,0.0
id,0,76,bb7c,30.0,300.0,0.0,0.0,0.0,0.0,0.0,1.0,1.0,0.0
id,0,76,bb7c,60.0,0.0,0.0,0.0,0.0,0.0,0.0,1.0,1.0,0.0
id,0,76,bb7c,60.0,180.0,120.00000762939453,0.0,-120.00000762939453,0.0,-180.0,0.0,1.0,1.0
id,0,76,bb7c,90.0,60.0,60.000003814697266,0.0,-60.000003814697266,0.0,-60.0,0.0,1.0,1.0
id,0,76,bb7c,90.0,240.0,120.00000762939453,180.0,59.99999237060547,0.0,60.0,0.0,0.0,0.0
id,0,76,bb7c,120.0,120.0,0.0,0.0,0.0,0.0,0.0,1.0,1.0,0.0
id,0,76,bb7c,120.0,300.0,0.0,0.0,0.0,0.0,0.0,1.0,1.0,0.0
id,0,76,bb7c,150.0,0.0,0.0,29.99998664855957,29.99998664855957,30.0,0.0,1.0,0.0,-1.0
id,0,76,bb7c,150.0,180.0,0.0,90.0,90.0,30.0,180.0,1.0,0.0,-1.0
id,0,76,bb7d,30.0,150.0,138.59039306640625,128.68218994140625,-9.908203125,0.0,-30.0,0.0,0.0,0.0
id,0,76,bb7d,30.0,330.0,138.59039306640625,151.04498291015625,12.45458984375,0.0,30.0,0.0,0.0,0.0
id,0,76,bb7d,60.0,30.0,0.0,0.0,0.0,0.0,0.0,1.0,1.0,0.0
id,0,76,bb7d,60.0,210.0,120.00000762939453,180.0,59.99999237060547,60.0,0.0,0.0,0.0,0.0
id,0,76,bb7d,90.0,90.0,180.0,0.0,-180.0,0.0,-180.0,0.0,1.0,1.0
id,0,76,bb7d,90.0,270.0,180.0,180.0,0.0,0.0,0.0,0.0,0.0,0.0
id,0,76,bb7d,120.0,150.0,180.0,128.6822052001953,-51.31779479980469,0.0,-60.0,0.0,0.0,0.0
id,0,76,bb7d,120.0,330.0,82.81924438476562,82.81924438476562,0.0,0.0,0.0,0.0,0.0,0.0
id,0,76,bb7d,150.0,30.0,60.000003814697266,60.000003814697266,0.0,0.0,0.0,0.0,0.0,0.0
id,0,76,bb7d,150.0,210.0,0.0,122.24180603027344,122.24180603027344,120.0,30.0,1.0,0.0,-1.0
id,0,76,bbc6,30.0,0.0,0.0,0.0,0.0,0.0,0.0,1.0,1.0,0.0
id,0,76,bbc6,30.0,180.0,0.0,0.0,0.0,0.0,0.0,1.0,1.0,0.0
id,0,76,bbc6,60.0,60.0,97.18075561523438,0.0,-97.18075561523438,0.0,-120.0,0.0,1.0,1.0
id,0,76,bbc6,60.0,240.0,25.905075073242188,25.905075073242188,0.0,0.0,0.0,0.0,0.0,0.0
id,0,76,bbc6,90.0,120.0,60.000003814697266,180.0,119.99999618530273,0.0,120.0,0.0,0.0,0.0
id,0,76,bbc6,90.0,300.0,150.0,60.000003814697266,-89.99999618530273,0.0,-90.0,0.0,0.0,0.0
id,0,76,bbc6,120.0,0.0,29.99998664855957,0.0,-29.99998664855957,-30.0,0.0,0.0,1.0,1.0
id,0,76,bbc6,120.0,180.0,29.99998664855957,60.000003814697266,30.000017166137695,30.0,0.0,0.0,0.0,0.0
id,0,76,bbc6,150.0,60.0,0.0,0.0,0.0,0.0,0.0,1.0,1.0,0.0
id,0,76,bbc6,150.0,240.0,60.000003814697266,60.000003814697266,0.0,0.0,0.0,0.0,0.0,0.0
id,0,76,bc2c,30.0,30.0,60.000003814697266,128.68218994140625,68.68218612670898,120.0,-120.0,0.0,0.0,0.0
id,0,76,bc2c,30.0,210.0,60.000003814697266,57.7581901550293,-2.2418136596679688,0.0,-30.0,0.0,0.0,0.0
id,0,76,bc2c,60.0,90.0,120.00000762939453,120.00000762939453,0.0,0.0,0.0,0.0,0.0,0.0
id,0,76,bc2c,60.0,270.0,0.0,0.0,0.0,0.0,0.0,1.0,1.0,0.0
id,0,76,bc2c,90.0,150.0,60.000003814697266,30.000001907348633,-30.000001907348633,0.0,-30.0,0.0,0.0,0.0
id,0,76,bc2c,90.0,330.0,30.00000762939453,30.00000762939453,0.0,0.0,0.0,0.0,0.0,0.0
id,0,76,bc2c,120.0,30.0,82.81924438476562,82.81924438476562,0.0,0.0,0.0,0.0,0.0,0.0
id,0,76,bc2c,120.0,210.0,60.000003814697266,128.6822052001953,68.68220138549805,0.0,120.0,0.0,0.0,0.0
id,0,76,bc2c,150.0,90.0,165.12905883789062,122.24180603027344,-42.88725280761719,0.0,-120.0,0.0,0.0,0.0
id,0,76,bc2c,150.0,270.0,165.12905883789062,14.870942115783691,-150.25811672210693,-120.0,-120.0,0.0,0.0,0.0
outer1,1,70,b827,30.0,0.0,0.0,0.0,0.0,0.0,0.0,1.0,1.0,0.0
outer1,1,70,b827,30.0,30.0,0.0,0.0,0.0,0.0,0.0,1.0,1.0,0.0
outer1,1,70,b827,30.0,60.0,0.0,0.0,0.0,0.0,0.0,1.0,1.0,0.0
outer1,1,70,b827,30.0,90.0,0.0,0.0,0.0,0.0,0.0,1.0,1.0,0.0
outer1,1,70,b827,30.0,120.0,60.000003814697266,0.0,-60.000003814697266,0.0,-180.0,0.0,1.0,1.0
outer1,1,70,b827,30.0,150.0,0.0,0.0,0.0,0.0,0.0,1.0,1.0,0.0
outer1,1,70,b827,30.0,180.0,0.0,0.0,0.0,0.0,0.0,1.0,1.0,0.0
outer1,1,70,b827,30.0,210.0,0.0,0.0,0.0,0.0,0.0,1.0,1.0,0.0
outer1,1,70,b827,30.0,240.0,0.0,0.0,0.0,0.0,0.0,1.0,1.0,0.0
outer1,1,70,b827,30.0,270.0,0.0,0.0,0.0,0.0,0.0,1.0,1.0,0.0
outer1,1,70,b827,30.0,300.0,0.0,14.870942115783691,14.870942115783691,0.0,30.0,1.0,0.0,-1.0
outer1,1,70,b827,30.0,330.0,0.0,0.0,0.0,0.0,0.0,1.0,1.0,0.0
outer1,1,70,b827,60.0,0.0,0.0,30.000001907348633,30.000001907348633,30.0,0.0,1.0,0.0,-1.0
outer1,1,70,b827,60.0,30.0,82.81924438476562,0.0,-82.81924438476562,-60.0,-60.0,0.0,1.0,1.0
outer1,1,70,b827,60.0,60.0,0.0,25.905075073242188,25.905075073242188,0.0,30.0,1.0,0.0,-1.0
outer1,1,70,b827,60.0,90.0,0.0,0.0,0.0,0.0,0.0,1.0,1.0,0.0
outer1,1,70,b827,60.0,120.0,0.0,0.0,0.0,0.0,0.0,1.0,1.0,0.0
outer1,1,70,b827,60.0,150.0,0.0,0.0,0.0,0.0,0.0,1.0,1.0,0.0
outer1,1,70,b827,60.0,180.0,0.0,0.0,0.0,0.0,0.0,1.0,1.0,0.0
outer1,1,70,b827,60.0,210.0,82.81924438476562,0.0,-82.81924438476562,-60.0,-60.0,0.0,1.0,1.0
outer1,1,70,b827,60.0,240.0,0.0,128.6822052001953,128.6822052001953,60.0,120.0,1.0,0.0,-1.0
outer1,1,70,b827,60.0,270.0,0.0,0.0,0.0,0.0,0.0,1.0,1.0,0.0
outer1,1,70,b827,60.0,300.0,0.0,128.68218994140625,128.68218994140625,60.0,120.0,1.0,0.0,-1.0
outer1,1,70,b827,60.0,330.0,0.0,0.0,0.0,0.0,0.0,1.0,1.0,0.0
outer1,1,70,b827,90.0,0.0,0.0,0.0,0.0,0.0,0.0,1.0,1.0,0.0
outer1,1,70,b827,90.0,30.0,180.0,180.0,0.0,0.0,0.0,0.0,0.0,0.0
outer1,1,70,b827,90.0,60.0,60.000003814697266,180.0,119.99999618530273,0.0,120.0,0.0,0.0,0.0
outer1,1,70,b827,90.0,90.0,0.0,0.0,0.0,0.0,0.0,1.0,1.0,0.0
outer1,1,70,b827,90.0,120.0,0.0,180.0,180.0,0.0,180.0,1.0,0.0,-1.0
outer1,1,70,b827,90.0,150.0,120.00000762939453,180.0,59.99999237060547,0.0,60.0,0.0,0.0,0.0
outer1,1,70,b827,90.0,180.0,180.0,180.0,0.0,0.0,0.0,0.0,0.0,0.0
outer1,1,70,b827,90.0,210.0,0.0,0.0,0.0,0.0,0.0,1.0,1.0,0.0
outer1,1,70,b827,90.0,240.0,120.00000762939453,0.0,-120.00000762939453,0.0,-120.0,0.0,1.0,1.0
outer1,1,70,b827,90.0,270.0,0.0,0.0,0.0,0.0,0.0,1.0,1.0,0.0
outer1,1,70,b827,90.0,300.0,150.0,0.0,-150.0,-30.0,-180.0,0.0,1.0,1.0
outer1,1,70,b827,90.0,330.0,60.00000762939453,0.0,-60.00000762939453,0.0,-60.0,0.0,1.0,1.0
outer1,1,70,b827,120.0,0.0,0.0,29.99998664855957,29.99998664855957,30.0,0.0,1.0,0.0,-1.0
outer1,1,70,b827,120.0,30.0,120.00000762939453,82.81924438476562,-37.180763244628906,60.0,-120.0,0.0,0.0,0.0
outer1,1,70,b827,120.0,60.0,0.0,25.905075073242188,25.905075073242188,0.0,30.0,1.0,0.0,-1.0
outer1,1,70,b827,120.0,90.0,0.0,0.0,0.0,0.0,0.0,1.0,1.0,0.0
outer1,1,70,b827,120.0,120.0,0.0,0.0,0.0,0.0,0.0,1.0,1.0,0.0
outer1,1,70,b827,120.0,150.0,0.0,0.0,0.0,0.0,0.0,1.0,1.0,0.0
outer1,1,70,b827,120.0,180.0,0.0,29.99998664855957,29.99998664855957,30.0,0.0,1.0,0.0,-1.0
outer1,1,70,b827,120.0,210.0,82.81924438476562,0.0,-82.81924438476562,-60.0,-60.0,0.0,1.0,1.0
outer1,1,70,b827,120.0,240.0,0.0,0.0,0.0,0.0,0.0,1.0,1.0,0.0
outer1,1,70,b827,120.0,270.0,0.0,0.0,0.0,0.0,0.0,1.0,1.0,0.0
outer1,1,70,b827,120.0,300.0,0.0,25.905075073242188,25.905075073242188,0.0,30.0,1.0,0.0,-1.0
outer1,1,70,b827,120.0,330.0,0.0,0.0,0.0,0.0,0.0,1.0,1.0,0.0
outer1,1,70,b827,150.0,0.0,0.0,0.0,0.0,0.0,0.0,1.0,1.0,0.0
outer1,1,70,b827,150.0,30.0,0.0,0.0,0.0,0.0,0.0,1.0,1.0,0.0
outer1,1,70,b827,150.0,60.0,0.0,0.0,0.0,0.0,0.0,1.0,1.0,0.0
outer1,1,70,b827,150.0,90.0,0.0,0.0,0.0,0.0,0.0,1.0,1.0,0.0
outer1,1,70,b827,150.0,120.0,0.0,0.0,0.0,0.0,0.0,1.0,1.0,0.0
outer1,1,70,b827,150.0,150.0,0.0,0.0,0.0,0.0,0.0,1.0,1.0,0.0
outer1,1,70,b827,150.0,180.0,0.0,60.000003814697266,60.000003814697266,0.0,180.0,1.0,0.0,-1.0
outer1,1,70,b827,150.0,210.0,0.0,60.000003814697266,60.000003814697266,0.0,180.0,1.0,0.0,-1.0
outer1,1,70,b827,150.0,240.0,0.0,120.00000762939453,120.00000762939453,120.0,0.0,1.0,0.0,-1.0
outer1,1,70,b827,150.0,270.0,0.0,0.0,0.0,0.0,0.0,1.0,1.0,0.0
outer1,1,70,b827,150.0,300.0,0.0,151.04498291015625,151.04498291015625,120.0,120.0,1.0,0.0,-1.0
outer1,1,70,b827,150.0,330.0,0.0,0.0,0.0,0.0,0.0,1.0,1.0,0.0
outer1,1,70,b871,30.0,0.0,0.0,0.0,0.0,0.0,0.0,1.0,1.0,0.0
outer1,1,70,b871,30.0,30.0,0.0,0.0,0.0,0.0,0.0,1.0,1.0,0.0
outer1,1,70,b871,30.0,60.0,0.0,0.0,0.0,0.0,0.0,1.0,1.0,0.0
outer1,1,70,b871,30.0,90.0,0.0,0.0,0.0,0.0,0.0,1.0,1.0,0.0
outer1,1,70,b871,30.0,120.0,0.0,0.0,0.0,0.0,0.0,1.0,1.0,0.0
outer1,1,70,b871,30.0,150.0,0.0,0.0,0.0,0.0,0.0,1.0,1.0,0.0
outer1,1,70,b871,30.0,180.0,0.0,0.0,0.0,0.0,0.0,1.0,1.0,0.0
outer1,1,70,b871,30.0,210.0,0.0,0.0,0.0,0.0,0.0,1.0,1.0,0.0
outer1,1,70,b871,30.0,240.0,0.0,0.0,0.0,0.0,0.0,1.0,1.0,0.0
outer1,1,70,b871,30.0,270.0,0.0,0.0,0.0,0.0,0.0,1.0,1.0,0.0
outer1,1,70,b871,30.0,300.0,0.0,0.0,0.0,0.0,0.0,1.0,1.0,0.0
outer1,1,70,b871,30.0,330.0,0.0,0.0,0.0,0.0,0.0,1.0,1.0,0.0
outer1,1,70,b871,60.0,0.0,0.0,0.0,0.0,0.0,0.0,1.0,1.0,0.0
outer1,1,70,b871,60.0,30.0,0.0,0.0,0.0,0.0,0.0,1.0,1.0,0.0
outer1,1,70,b871,60.0,60.0,0.0,25.905075073242188,25.905075073242188,0.0,30.0,1.0,0.0,-1.0
outer1,1,70,b871,60.0,90.0,0.0,0.0,0.0,0.0,0.0,1.0,1.0,0.0
outer1,1,70,b871,60.0,120.0,0.0,97.1807632446289,97.1807632446289,0.0,120.0,1.0,0.0,-1.0
outer1,1,70,b871,60.0,150.0,0.0,0.0,0.0,0.0,0.0,1.0,1.0,0.0
outer1,1,70,b871,60.0,180.0,0.0,0.0,0.0,0.0,0.0,1.0,1.0,0.0
outer1,1,70,b871,60.0,210.0,0.0,0.0,0.0,0.0,0.0,1.0,1.0,0.0
outer1,1,70,b871,60.0,240.0,0.0,0.0,0.0,0.0,0.0,1.0,1.0,0.0
outer1,1,70,b871,60.0,270.0,0.0,0.0,0.0,0.0,0.0,1.0,1.0,0.0
outer1,1,70,b871,60.0,300.0,0.0,0.0,0.0,0.0,0.0,1.0,1.0,0.0
outer1,1,70,b871,60.0,330.0,0.0,0.0,0.0,0.0,0.0,1.0,1.0,0.0
outer1,1,70,b871,90.0,0.0,0.0,0.0,0.0,0.0,0.0,1.0,1.0,0.0
outer1,1,70,b871,90.0,30.0,180.0,180.0,0.0,0.0,0.0,0.0,0.0,0.0
outer1,1,70,b871,90.0,60.0,60.000003814697266,180.0,119.99999618530273,0.0,120.0,0.0,0.0,0.0
outer1,1,70,b871,90.0,90.0,180.0,0.0,-180.0,0.0,-180.0,0.0,1.0,1.0
outer1,1,70,b871,90.0,120.0,0.0,0.0,0.0,0.0,0.0,1.0,1.0,0.0
outer1,1,70,b871,90.0,150.0,120.00000762939453,60.000003814697266,-60.000003814697266,0.0,-60.0,0.0,0.0,0.0
outer1,1,70,b871,90.0,180.0,180.0,180.0,0.0,0.0,0.0,0.0,0.0,0.0
outer1,1,70,b871,90.0,210.0,0.0,0.0,0.0,0.0,0.0,1.0,1.0,0.0
outer1,1,70,b871,90.0,240.0,60.000003814697266,60.000003814697266,0.0,0.0,0.0,0.0,0.0,0.0
outer1,1,70,b871,90.0,270.0,180.0,0.0,-180.0,0.0,-180.0,0.0,1.0,1.0
outer1,1,70,b871,90.0,300.0,180.0,0.0,-180.0,0.0,-180.0,0.0,1.0,1.0
outer1,1,70,b871,90.0,330.0,120.00000762939453,120.00000762939453,0.0,0.0,0.0,0.0,0.0,0.0
outer1,1,70,b871,120.0,0.0,0.0,29.99998664855957,29.99998664855957,30.0,0.0,1.0,0.0,-1.0
outer1,1,70,b871,120.0,30.0,0.0,0.0,0.0,0.0,0.0,1.0,1.0,0.0
outer1,1,70,b871,120.0,60.0,0.0,0.0,0.0,0.0,0.0,1.0,1.0,0.0
outer1,1,70,b871,120.0,90.0,0.0,0.0,0.0,0.0,0.0,1.0,1.0,0.0
outer1,1,70,b871,120.0,120.0,60.000003814697266,97.18075561523438,37.18075180053711,-60.0,120.0,0.0,0.0,0.0
outer1,1,70,b871,120.0,150.0,0.0,0.0,0.0,0.0,0.0,1.0,1.0,0.0
outer1,1,70,b871,120.0,180.0,0.0,0.0,0.0,0.0,0.0,1.0,1.0,0.0
outer1,1,70,b871,120.0,210.0,25.905075073242188,0.0,-25.905075073242188,0.0,-30.0,0.0,1.0,1.0
outer1,1,70,b871,120.0,240.0,0.0,0.0,0.0,0.0,0.0,1.0,1.0,0.0
outer1,1,70,b871,120.0,270.0,0.0,0.0,0.0,0.0,0.0,1.0,1.0,0.0
outer1,1,70,b871,120.0,300.0,0.0,0.0,0.0,0.0,0.0,1.0,1.0,0.0
outer1,1,70,b871,120.0,330.0,0.0,0.0,0.0,0.0,0.0,1.0,1.0,0.0
outer1,1,70,b871,150.0,0.0,0.0,0.0,0.0,0.0,0.0,1.0,1.0,0.0
outer1,1,70,b871,150.0,30.0,0.0,0.0,0.0,0.0,0.0,1.0,1.0,0.0
outer1,1,70,b871,150.0,60.0,0.0,0.0,0.0,0.0,0.0,1.0,1.0,0.0
outer1,1,70,b871,150.0,90.0,0.0,0.0,0.0,0.0,0.0,1.0,1.0,0.0
outer1,1,70,b871,150.0,120.0,0.0,0.0,0.0,0.0,0.0,1.0,1.0,0.0
outer1,1,70,b871,150.0,150.0,0.0,0.0,0.0,0.0,0.0,1.0,1.0,0.0
outer1,1,70,b871,150.0,180.0,0.0,0.0,0.0,0.0,0.0,1.0,1.0,0.0
outer1,1,70,b871,150.0,210.0,0.0,0.0,0.0,0.0,0.0,1.0,1.0,0.0
outer1,1,70,b871,150.0,240.0,0.0,0.0,0.0,0.0,0.0,1.0,1.0,0.0
outer1,1,70,b871,150.0,270.0,0.0,0.0,0.0,0.0,0.0,1.0,1.0,0.0
outer1,1,70,b871,150.0,300.0,0.0,0.0,0.0,0.0,0.0,1.0,1.0,0.0
outer1,1,70,b871,150.0,330.0,0.0,0.0,0.0,0.0,0.0,1.0,1.0,0.0
outer1,1,70,b905,30.0,0.0,0.0,0.0,0.0,0.0,0.0,1.0,1.0,0.0
outer1,1,70,b905,30.0,30.0,0.0,0.0,0.0,0.0,0.0,1.0,1.0,0.0
outer1,1,70,b905,30.0,60.0,0.0,0.0,0.0,0.0,0.0,1.0,1.0,0.0
outer1,1,70,b905,30.0,90.0,0.0,90.0,90.0,90.0,0.0,1.0,0.0,-1.0
outer1,1,70,b905,30.0,120.0,0.0,0.0,0.0,0.0,0.0,1.0,1.0,0.0
outer1,1,70,b905,30.0,150.0,0.0,0.0,0.0,0.0,0.0,1.0,1.0,0.0
outer1,1,70,b905,30.0,180.0,0.0,30.000001907348633,30.000001907348633,30.0,0.0,1.0,0.0,-1.0
outer1,1,70,b905,30.0,210.0,0.0,0.0,0.0,0.0,0.0,1.0,1.0,0.0
outer1,1,70,b905,30.0,240.0,0.0,0.0,0.0,0.0,0.0,1.0,1.0,0.0
outer1,1,70,b905,30.0,270.0,0.0,0.0,0.0,0.0,0.0,1.0,1.0,0.0
outer1,1,70,b905,30.0,300.0,0.0,0.0,0.0,0.0,0.0,1.0,1.0,0.0
outer1,1,70,b905,30.0,330.0,0.0,0.0,0.0,0.0,0.0,1.0,1.0,0.0
outer1,1,70,b905,60.0,0.0,0.0,0.0,0.0,0.0,0.0,1.0,1.0,0.0
outer1,1,70,b905,60.0,30.0,0.0,0.0,0.0,0.0,0.0,1.0,1.0,0.0
outer1,1,70,b905,60.0,60.0,0.0,0.0,0.0,0.0,0.0,1.0,1.0,0.0
outer1,1,70,b905,60.0,90.0,0.0,0.0,0.0,0.0,0.0,1.0,1.0,0.0
outer1,1,70,b905,60.0,120.0,0.0,0.0,0.0,0.0,0.0,1.0,1.0,0.0
outer1,1,70,b905,60.0,150.0,0.0,0.0,0.0,0.0,0.0,1.0,1.0,0.0
outer1,1,70,b905,60.0,180.0,0.0,0.0,0.0,0.0,0.0,1.0,1.0,0.0
outer1,1,70,b905,60.0,210.0,0.0,0.0,0.0,0.0,0.0,1.0,1.0,0.0
outer1,1,70,b905,60.0,240.0,128.6822052001953,128.6822052001953,0.0,0.0,0.0,0.0,0.0,0.0
outer1,1,70,b905,60.0,270.0,0.0,0.0,0.0,0.0,0.0,1.0,1.0,0.0
outer1,1,70,b905,60.0,300.0,0.0,0.0,0.0,0.0,0.0,1.0,1.0,0.0
outer1,1,70,b905,60.0,330.0,0.0,0.0,0.0,0.0,0.0,1.0,1.0,0.0
outer1,1,70,b905,90.0,0.0,0.0,180.0,180.0,0.0,180.0,1.0,0.0,-1.0
outer1,1,70,b905,90.0,30.0,60.00000762939453,120.00000762939453,60.0,0.0,60.0,0.0,0.0,0.0
outer1,1,70,b905,90.0,60.0,0.0,0.0,0.0,0.0,0.0,1.0,1.0,0.0
outer1,1,70,b905,90.0,90.0,0.0,0.0,0.0,0.0,0.0,1.0,1.0,0.0
outer1,1,70,b905,90.0,120.0,60.000003814697266,120.00000762939453,60.000003814697266,0.0,60.0,0.0,0.0,0.0
outer1,1,70,b905,90.0,150.0,0.0,0.0,0.0,0.0,0.0,1.0,1.0,0.0
outer1,1,70,b905,90.0,180.0,180.0,0.0,-180.0,0.0,-180.0,0.0,1.0,1.0
outer1,1,70,b905,90.0,210.0,120.00000762939453,120.00000762939453,0.0,0.0,0.0,0.0,0.0,0.0
outer1,1,70,b905,90.0,240.0,180.0,0.0,-180.0,0.0,-180.0,0.0,1.0,1.0
outer1,1,70,b905,90.0,270.0,180.0,0.0,-180.0,0.0,-180.0,0.0,1.0,1.0
outer1,1,70,b905,90.0,300.0,60.000003814697266,0.0,-60.000003814697266,0.0,-60.0,0.0,1.0,1.0
outer1,1,70,b905,90.0,330.0,0.0,180.0,180.0,0.0,180.0,1.0,0.0,-1.0
outer1,1,70,b905,120.0,0.0,0.0,0.0,0.0,0.0,0.0,1.0,1.0,0.0
outer1,1,70,b905,120.0,30.0,0.0,0.0,0.0,0.0,0.0,1.0,1.0,0.0
outer1,1,70,b905,120.0,60.0,0.0,0.0,0.0,0.0,0.0,1.0,1.0,0.0
outer1,1,70,b905,120.0,90.0,0.0,0.0,0.0,0.0,0.0,1.0,1.0,0.0
outer1,1,70,b905,120.0,120.0,0.0,0.0,0.0,0.0,0.0,1.0,1.0,0.0
outer1,1,70,b905,120.0,150.0,0.0,0.0,0.0,0.0,0.0,1.0,1.0,0.0
outer1,1,70,b905,120.0,180.0,0.0,0.0,0.0,0.0,0.0,1.0,1.0,0.0
outer1,1,70,b905,120.0,210.0,0.0,66.45188903808594,66.45188903808594,60.0,30.0,1.0,0.0,-1.0
outer1,1,70,b905,120.0,240.0,0.0,0.0,0.0,0.0,0.0,1.0,1.0,0.0
outer1,1,70,b905,120.0,270.0,120.00000762939453,0.0,-120.00000762939453,0.0,-180.0,0.0,1.0,1.0
outer1,1,70,b905,120.0,300.0,0.0,0.0,0.0,0.0,0.0,1.0,1.0,0.0
outer1,1,70,b905,120.0,330.0,0.0,0.0,0.0,0.0,0.0,1.0,1.0,0.0
outer1,1,70,b905,150.0,0.0,0.0,0.0,0.0,0.0,0.0,1.0,1.0,0.0
outer1,1,70,b905,150.0,30.0,0.0,0.0,0.0,0.0,0.0,1.0,1.0,0.0
outer1,1,70,b905,150.0,60.0,0.0,0.0,0.0,0.0,0.0,1.0,1.0,0.0
outer1,1,70,b905,150.0,90.0,0.0,120.00000762939453,120.00000762939453,120.0,0.0,1.0,0.0,-1.0
outer1,1,70,b905,150.0,120.0,0.0,0.0,0.0,0.0,0.0,1.0,1.0,0.0
outer1,1,70,b905,150.0,150.0,0.0,0.0,0.0,0.0,0.0,1.0,1.0,0.0
outer1,1,70,b905,150.0,180.0,0.0,60.000003814697266,60.000003814697266,0.0,180.0,1.0,0.0,-1.0
outer1,1,70,b905,150.0,210.0,0.0,0.0,0.0,0.0,0.0,1.0,1.0,0.0
outer1,1,70,b905,150.0,240.0,0.0,151.04498291015625,151.04498291015625,120.0,120.0,1.0,0.0,-1.0
outer1,1,70,b905,150.0,270.0,0.0,0.0,0.0,0.0,0.0,1.0,1.0,0.0
outer1,1,70,b905,150.0,300.0,0.0,0.0,0.0,0.0,0.0,1.0,1.0,0.0
outer1,1,70,b905,150.0,330.0,0.0,0.0,0.0,0.0,0.0,1.0,1.0,0.0
outer1,1,70,bb7d,30.0,0.0,120.00000762939453,60.000003814697266,-60.000003814697266,-120.0,180.0,0.0,0.0,0.0
outer1,1,70,bb7d,30.0,30.0,60.000003814697266,0.0,-60.000003814697266,0.0,-180.0,0.0,1.0,1.0
outer1,1,70,bb7d,30.0,60.0,57.7581901550293,128.68218994140625,70.92399978637695,120.0,-90.0,0.0,0.0,0.0
outer1,1,70,bb7d,30.0,90.0,180.0,60.000003814697266,-119.99999618530273,-120.0,0.0,0.0,0.0,0.0
outer1,1,70,bb7d,30.0,120.0,128.68218994140625,128.68218994140625,0.0,0.0,0.0,0.0,0.0,0.0
outer1,1,70,bb7d,30.0,150.0,128.68218994140625,151.04498291015625,22.36279296875,0.0,60.0,0.0,0.0,0.0
outer1,1,70,bb7d,30.0,180.0,180.0,90.0,-90.0,-30.0,-180.0,0.0,0.0,0.0
outer1,1,70,bb7d,30.0,210.0,0.0,51.31781005859375,51.31781005859375,0.0,120.0,1.0,0.0,-1.0
outer1,1,70,bb7d,30.0,240.0,60.000003814697266,102.50392150878906,42.5039176940918,90.0,-120.0,0.0,0.0,0.0
outer1,1,70,bb7d,30.0,270.0,0.0,0.0,0.0,0.0,0.0,1.0,1.0,0.0
outer1,1,70,bb7d,30.0,300.0,0.0,0.0,0.0,0.0,0.0,1.0,1.0,0.0
outer1,1,70,bb7d,30.0,330.0,128.68218994140625,128.68218994140625,0.0,0.0,0.0,0.0,0.0,0.0
outer1,1,70,bb7d,60.0,0.0,180.0,90.0,-90.0,-30.0,0.0,0.0,0.0,0.0
outer1,1,70,bb7d,60.0,30.0,82.81924438476562,82.81924438476562,0.0,0.0,0.0,0.0,0.0,0.0
outer1,1,70,bb7d,60.0,60.0,0.0,154.0949249267578,154.0949249267578,60.0,150.0,1.0,0.0,-1.0
outer1,1,70,bb7d,60.0,90.0,180.0,60.000003814697266,-119.99999618530273,0.0,-180.0,0.0,0.0,0.0
outer1,1,70,bb7d,60.0,120.0,66.45188903808594,66.45188903808594,0.0,0.0,0.0,0.0,0.0,0.0
outer1,1,70,bb7d,60.0,150.0,120.00000762939453,120.00000762939453,0.0,0.0,0.0,0.0,0.0,0.0
outer1,1,70,bb7d,60.0,180.0,60.000003814697266,60.000003814697266,0.0,0.0,0.0,0.0,0.0,0.0
outer1,1,70,bb7d,60.0,210.0,97.1807632446289,128.6822052001953,31.501441955566406,60.0,0.0,0.0,0.0,0.0
outer1,1,70,bb7d,60.0,240.0,113.5481185913086,113.5481185913086,0.0,0.0,0.0,0.0,0.0,0.0
outer1,1,70,bb7d,60.0,270.0,29.999998092651367,180.0,150.00000190734863,30.0,180.0,0.0,0.0,0.0
outer1,1,70,bb7d,60.0,300.0,25.905075073242188,25.905075073242188,0.0,0.0,0.0,0.0,0.0,0.0
outer1,1,70,bb7d,60.0,330.0,82.81924438476562,0.0,-82.81924438476562,-60.0,-60.0,0.0,1.0,1.0
outer1,1,70,bb7d,90.0,0.0,115.65889739990234,115.6589126586914,1.52587890625e-05,0.0,0.0,0.0,0.0,0.0
outer1,1,70,bb7d,90.0,30.0,138.59039306640625,138.59039306640625,0.0,0.0,0.0,0.0,0.0,0.0
outer1,1,70,bb7d,90.0,60.0,138.59039306640625,138.59039306640625,0.0,0.0,0.0,0.0,0.0,0.0
outer1,1,70,bb7d,90.0,90.0,180.0,0.0,-180.0,0.0,-180.0,0.0,1.0,1.0
outer1,1,70,bb7d,90.0,120.0,138.59039306640625,138.59039306640625,0.0,0.0,0.0,0.0,0.0,0.0
outer1,1,70,bb7d,90.0,150.0,90.0,90.0,0.0,0.0,0.0,0.0,0.0,0.0
outer1,1,70,bb7d,90.0,180.0,64.34110260009766,64.34109497070312,-7.62939453125e-06,0.0,0.0,0.0,0.0,0.0
outer1,1,70,bb7d,90.0,210.0,41.40962219238281,64.34110260009766,22.931480407714844,0.0,30.0,0.0,0.0,0.0
outer1,1,70,bb7d,90.0,240.0,41.40962219238281,138.59039306640625,97.18077087402344,0.0,120.0,0.0,0.0,0.0
outer1,1,70,bb7d,90.0,270.0,0.0,180.0,180.0,0.0,180.0,1.0,0.0,-1.0
outer1,1,70,bb7d,90.0,300.0,41.40962219238281,41.40962219238281,0.0,0.0,0.0,0.0,0.0,0.0
outer1,1,70,bb7d,90.0,330.0,90.0,90.0,0.0,0.0,0.0,0.0,0.0,0.0
outer1,1,70,bb7d,120.0,0.0,120.00000762939453,120.00000762939453,0.0,0.0,0.0,0.0,0.0,0.0
outer1,1,70,bb7d,120.0,30.0,60.000003814697266,82.81924438476562,22.81924057006836,0.0,60.0,0.0,0.0,0.0
outer1,1,70,bb7d,120.0,60.0,25.905075073242188,154.0949249267578,128.18984985351562,60.0,120.0,0.0,0.0,0.0
outer1,1,70,bb7d,120.0,90.0,60.000003814697266,60.000003814697266,0.0,0.0,0.0,0.0,0.0,0.0
outer1,1,70,bb7d,120.0,120.0,102.50392150878906,66.45188903808594,-36.052032470703125,-30.0,-30.0,0.0,0.0,0.0
outer1,1,70,bb7d,120.0,150.0,120.00000762939453,120.00000762939453,0.0,0.0,0.0,0.0,0.0,0.0
outer1,1,70,bb7d,120.0,180.0,60.000003814697266,90.0,29.999996185302734,30.0,0.0,0.0,0.0,0.0
outer1,1,70,bb7d,120.0,210.0,128.6822052001953,128.6822052001953,0.0,0.0,0.0,0.0,0.0,0.0
outer1,1,70,bb7d,120.0,240.0,113.54811096191406,113.54811096191406,0.0,0.0,0.0,0.0,0.0,0.0
outer1,1,70,bb7d,120.0,270.0,0.0,60.000003814697266,60.000003814697266,60.0,0.0,1.0,0.0,-1.0
outer1,1,70,bb7d,120.0,300.0,130.50535583496094,25.905075073242188,-104.60028076171875,-90.0,-90.0,0.0,0.0,0.0
outer1,1,70,bb7d,120.0,330.0,60.000003814697266,0.0,-60.000003814697266,-60.0,0.0,0.0,1.0,1.0
outer1,1,70,bb7d,150.0,0.0,150.0,90.0,-60.0,-60.0,0.0,0.0,0.0,0.0
outer1,1,70,bb7d,150.0,30.0,0.0,0.0,0.0,0.0,0.0,1.0,1.0,0.0
outer1,1,70,bb7d,150.0,60.0,151.04498291015625,128.68218994140625,-22.36279296875,0.0,-60.0,0.0,0.0,0.0
outer1,1,70,bb7d,150.0,90.0,120.00000762939453,180.0,59.99999237060547,0.0,180.0,0.0,0.0,0.0
outer1,1,70,bb7d,150.0,120.0,128.68218994140625,128.68218994140625,0.0,0.0,0.0,0.0,0.0,0.0
outer1,1,70,bb7d,150.0,150.0,128.68218994140625,151.04498291015625,22.36279296875,0.0,60.0,0.0,0.0,0.0
outer1,1,70,bb7d,150.0,180.0,90.0,29.99998664855957,-60.00001335144043,-60.0,0.0,0.0,0.0,0.0
outer1,1,70,bb7d,150.0,210.0,0.0,128.68218994140625,128.68218994140625,120.0,60.0,1.0,0.0,-1.0
outer1,1,70,bb7d,150.0,240.0,165.12905883789062,60.000003814697266,-105.12905502319336,-120.0,30.0,0.0,0.0,0.0
outer1,1,70,bb7d,150.0,270.0,0.0,120.00000762939453,120.00000762939453,120.0,0.0,1.0,0.0,-1.0
outer1,1,70,bb7d,150.0,300.0,151.04498291015625,28.95502281188965,-122.0899600982666,-120.0,-60.0,0.0,0.0,0.0
outer1,1,70,bb7d,150.0,330.0,151.04498291015625,151.04498291015625,0.0,0.0,0.0,0.0,0.0,0.0
outer1,1,70,bbc6,30.0,0.0,0.0,0.0,0.0,0.0,0.0,1.0,1.0,0.0
outer1,1,70,bbc6,30.0,30.0,0.0,0.0,0.0,0.0,0.0,1.0,1.0,0.0
outer1,1,70,bbc6,30.0,60.0,0.0,0.0,0.0,0.0,0.0,1.0,1.0,0.0
outer1,1,70,bbc6,30.0,90.0,180.0,60.000003814697266,-119.99999618530273,-120.0,0.0,0.0,0.0,0.0
outer1,1,70,bbc6,30.0,120.0,151.04498291015625,57.7581901550293,-93.28679275512695,-120.0,30.0,0.0,0.0,0.0
outer1,1,70,bbc6,30.0,150.0,14.870942115783691,0.0,-14.870942115783691,0.0,-30.0,0.0,1.0,1.0
outer1,1,70,bbc6,30.0,180.0,0.0,0.0,0.0,0.0,0.0,1.0,1.0,0.0
outer1,1,70,bbc6,30.0,210.0,0.0,122.24180603027344,122.24180603027344,120.0,30.0,1.0,0.0,-1.0
outer1,1,70,bbc6,30.0,240.0,0.0,57.7581901550293,57.7581901550293,0.0,150.0,1.0,0.0,-1.0
outer1,1,70,bbc6,30.0,270.0,0.0,0.0,0.0,0.0,0.0,1.0,1.0,0.0
outer1,1,70,bbc6,30.0,300.0,14.870942115783691,0.0,-14.870942115783691,0.0,-30.0,0.0,1.0,1.0
outer1,1,70,bbc6,30.0,330.0,0.0,0.0,0.0,0.0,0.0,1.0,1.0,0.0
outer1,1,70,bbc6,60.0,0.0,30.000001907348633,30.000001907348633,0.0,0.0,0.0,0.0,0.0,0.0
outer1,1,70,bbc6,60.0,30.0,0.0,0.0,0.0,0.0,0.0,1.0,1.0,0.0
outer1,1,70,bbc6,60.0,60.0,0.0,0.0,0.0,0.0,0.0,1.0,1.0,0.0
outer1,1,70,bbc6,60.0,90.0,150.0,180.0,30.0,-30.0,0.0,0.0,0.0,0.0
outer1,1,70,bbc6,60.0,120.0,130.50535583496094,128.6822052001953,-1.823150634765625,-30.0,0.0,0.0,0.0,0.0
outer1,1,70,bbc6,60.0,150.0,0.0,60.000003814697266,60.000003814697266,60.0,0.0,1.0,0.0,-1.0
outer1,1,70,bbc6,60.0,180.0,90.0,60.000003814697266,-29.999996185302734,-30.0,0.0,0.0,0.0,0.0
outer1,1,70,bbc6,60.0,210.0,82.81924438476562,82.81924438476562,0.0,0.0,0.0,0.0,0.0,0.0
outer1,1,70,bbc6,60.0,240.0,25.905075073242188,30.000001907348633,4.094926834106445,30.0,-30.0,0.0,0.0,0.0
outer1,1,70,bbc6,60.0,270.0,0.0,0.0,0.0,0.0,0.0,1.0,1.0,0.0
outer1,1,70,bbc6,60.0,300.0,97.18075561523438,128.68218994140625,31.501434326171875,60.0,0.0,0.0,0.0,0.0
outer1,1,70,bbc6,60.0,330.0,0.0,120.00000762939453,120.00000762939453,0.0,180.0,1.0,0.0,-1.0
outer1,1,70,bbc6,90.0,0.0,0.0,0.0,0.0,0.0,0.0,1.0,1.0,0.0
outer1,1,70,bbc6,90.0,30.0,0.0,180.0,180.0,0.0,180.0,1.0,0.0,-1.0
outer1,1,70,bbc6,90.0,60.0,119.99999237060547,150.0,30.00000762939453,0.0,30.0,0.0,0.0,0.0
outer1,1,70,bbc6,90.0,90.0,0.0,180.0,180.0,0.0,180.0,1.0,0.0,-1.0
outer1,1,70,bbc6,90.0,120.0,150.0,180.0,30.0,0.0,30.0,0.0,0.0,0.0
outer1,1,70,bbc6,90.0,150.0,0.0,180.0,180.0,0.0,180.0,1.0,0.0,-1.0
outer1,1,70,bbc6,90.0,180.0,180.0,180.0,0.0,0.0,0.0,0.0,0.0,0.0
outer1,1,70,bbc6,90.0,210.0,180.0,0.0,-180.0,0.0,-180.0,0.0,1.0,1.0
outer1,1,70,bbc6,90.0,240.0,60.000003814697266,30.000001907348633,-30.000001907348633,0.0,-30.0,0.0,0.0,0.0
outer1,1,70,bbc6,90.0,270.0,180.0,180.0,0.0,0.0,0.0,0.0,0.0,0.0
outer1,1,70,bbc6,90.0,300.0,0.0,60.000003814697266,60.000003814697266,0.0,60.0,1.0,0.0,-1.0
outer1,1,70,bbc6,90.0,330.0,180.0,0.0,-180.0,0.0,-180.0,0.0,1.0,1.0
outer1,1,70,bbc6,120.0,0.0,29.99998664855957,29.99998664855957,0.0,0.0,0.0,0.0,0.0,0.0
outer1,1,70,bbc6,120.0,30.0,0.0,0.0,0.0,0.0,0.0,1.0,1.0,0.0
outer1,1,70,bbc6,120.0,60.0,0.0,0.0,0.0,0.0,0.0,1.0,1.0,0.0
outer1,1,70,bbc6,120.0,90.0,180.0,180.0,0.0,0.0,0.0,0.0,0.0,0.0
outer1,1,70,bbc6,120.0,120.0,128.6822052001953,128.6822052001953,0.0,0.0,0.0,0.0,0.0,0.0
outer1,1,70,bbc6,120.0,150.0,51.31781005859375,60.000003814697266,8.682193756103516,60.0,-60.0,0.0,0.0,0.0
outer1,1,70,bbc6,120.0,180.0,90.0,0.0,-90.0,-90.0,0.0,0.0,1.0,1.0
outer1,1,70,bbc6,120.0,210.0,82.81924438476562,82.81924438476562,0.0,0.0,0.0,0.0,0.0,0.0
outer1,1,70,bbc6,120.0,240.0,36.09777069091797,0.0,-36.09777069091797,-30.0,-30.0,0.0,1.0,1.0
outer1,1,70,bbc6,120.0,270.0,0.0,0.0,0.0,0.0,0.0,1.0,1.0,0.0
outer1,1,70,bbc6,120.0,300.0,97.18075561523438,128.68218994140625,31.501434326171875,60.0,0.0,0.0,0.0,0.0
outer1,1,70,bbc6,120.0,330.0,0.0,25.90508270263672,25.90508270263672,0.0,30.0,1.0,0.0,-1.0
outer1,1,70,bbc6,150.0,0.0,0.0,0.0,0.0,0.0,0.0,1.0,1.0,0.0
outer1,1,70,bbc6,150.0,30.0,0.0,0.0,0.0,0.0,0.0,1.0,1.0,0.0
outer1,1,70,bbc6,150.0,60.0,0.0,60.000003814697266,60.000003814697266,0.0,180.0,1.0,0.0,-1.0
outer1,1,70,bbc6,150.0,90.0,180.0,180.0,0.0,0.0,0.0,0.0,0.0,0.0
outer1,1,70,bbc6,150.0,120.0,151.04498291015625,90.0,-61.04498291015625,-90.0,60.0,0.0,0.0,0.0
outer1,1,70,bbc6,150.0,150.0,57.7581901550293,0.0,-57.7581901550293,0.0,-150.0,0.0,1.0,1.0
outer1,1,70,bbc6,150.0,180.0,120.00000762939453,0.0,-120.00000762939453,-120.0,0.0,0.0,1.0,1.0
outer1,1,70,bbc6,150.0,210.0,120.00000762939453,128.68218994140625,8.682182312011719,0.0,60.0,0.0,0.0,0.0
outer1,1,70,bbc6,150.0,240.0,0.0,0.0,0.0,0.0,0.0,1.0,1.0,0.0
outer1,1,70,bbc6,150.0,270.0,0.0,0.0,0.0,0.0,0.0,1.0,1.0,0.0
outer1,1,70,bbc6,150.0,300.0,122.24180603027344,0.0,-122.24180603027344,-120.0,-30.0,0.0,1.0,1.0
outer1,1,70,bbc6,150.0,330.0,14.870942115783691,0.0,-14.870942115783691,0.0,-30.0,0.0,1.0,1.0
outer1,1,71,b827,30.0,0.0,0.0,0.0,0.0,0.0,0.0,1.0,1.0,0.0
outer1,1,71,b827,30.0,30.0,0.0,0.0,0.0,0.0,0.0,1.0,1.0,0.0
outer1,1,71,b827,30.0,60.0,0.0,0.0,0.0,0.0,0.0,1.0,1.0,0.0
outer1,1,71,b827,30.0,90.0,0.0,0.0,0.0,0.0,0.0,1.0,1.0,0.0
outer1,1,71,b827,30.0,120.0,60.000003814697266,41.40962219238281,-18.590381622314453,0.0,-90.0,0.0,0.0,0.0
outer1,1,71,b827,30.0,150.0,0.0,0.0,0.0,0.0,0.0,1.0,1.0,0.0
outer1,1,71,b827,30.0,180.0,0.0,0.0,0.0,0.0,0.0,1.0,1.0,0.0
outer1,1,71,b827,30.0,210.0,0.0,60.000003814697266,60.000003814697266,0.0,180.0,1.0,0.0,-1.0
outer1,1,71,b827,30.0,240.0,0.0,0.0,0.0,0.0,0.0,1.0,1.0,0.0
outer1,1,71,b827,30.0,270.0,0.0,0.0,0.0,0.0,0.0,1.0,1.0,0.0
outer1,1,71,b827,30.0,300.0,0.0,151.04498291015625,151.04498291015625,120.0,120.0,1.0,0.0,-1.0
outer1,1,71,b827,30.0,330.0,0.0,0.0,0.0,0.0,0.0,1.0,1.0,0.0
outer1,1,71,b827,60.0,0.0,30.000001907348633,30.000001907348633,0.0,0.0,0.0,0.0,0.0,0.0
outer1,1,71,b827,60.0,30.0,0.0,90.0,90.0,90.0,0.0,1.0,0.0,-1.0
outer1,1,71,b827,60.0,60.0,0.0,0.0,0.0,0.0,0.0,1.0,1.0,0.0
outer1,1,71,b827,60.0,90.0,0.0,0.0,0.0,0.0,0.0,1.0,1.0,0.0
outer1,1,71,b827,60.0,120.0,0.0,0.0,0.0,0.0,0.0,1.0,1.0,0.0
outer1,1,71,b827,60.0,150.0,0.0,0.0,0.0,0.0,0.0,1.0,1.0,0.0
outer1,1,71,b827,60.0,180.0,0.0,0.0,0.0,0.0,0.0,1.0,1.0,0.0
outer1,1,71,b827,60.0,210.0,0.0,0.0,0.0,0.0,0.0,1.0,1.0,0.0
outer1,1,71,b827,60.0,240.0,0.0,0.0,0.0,0.0,0.0,1.0,1.0,0.0
outer1,1,71,b827,60.0,270.0,0.0,0.0,0.0,0.0,0.0,1.0,1.0,0.0
outer1,1,71,b827,60.0,300.0,0.0,0.0,0.0,0.0,0.0,1.0,1.0,0.0
outer1,1,71,b827,60.0,330.0,0.0,120.00000762939453,120.00000762939453,0.0,180.0,1.0,0.0,-1.0
outer1,1,71,b827,90.0,0.0,0.0,180.0,180.0,0.0,180.0,1.0,0.0,-1.0
outer1,1,71,b827,90.0,30.0,0.0,180.0,180.0,0.0,180.0,1.0,0.0,-1.0
outer1,1,71,b827,90.0,60.0,60.000003814697266,119.99999237060547,59.9999885559082,0.0,60.0,0.0,0.0,0.0
outer1,1,71,b827,90.0,90.0,0.0,180.0,180.0,0.0,180.0,1.0,0.0,-1.0
outer1,1,71,b827,90.0,120.0,0.0,180.0,180.0,0.0,180.0,1.0,0.0,-1.0
outer1,1,71,b827,90.0,150.0,0.0,0.0,0.0,0.0,0.0,1.0,1.0,0.0
outer1,1,71,b827,90.0,180.0,180.0,0.0,-180.0,0.0,-180.0,0.0,1.0,1.0
outer1,1,71,b827,90.0,210.0,0.0,0.0,0.0,0.0,0.0,1.0,1.0,0.0
outer1,1,71,b827,90.0,240.0,60.000003814697266,60.000003814697266,0.0,0.0,0.0,0.0,0.0,0.0
outer1,1,71,b827,90.0,270.0,0.0,0.0,0.0,0.0,0.0,1.0,1.0,0.0
outer1,1,71,b827,90.0,300.0,0.0,0.0,0.0,0.0,0.0,1.0,1.0,0.0
outer1,1,71,b827,90.0,330.0,180.0,180.0,0.0,0.0,0.0,0.0,0.0,0.0
outer1,1,71,b827,120.0,0.0,0.0,0.0,0.0,0.0,0.0,1.0,1.0,0.0
outer1,1,71,b827,120.0,30.0,0.0,0.0,0.0,0.0,0.0,1.0,1.0,0.0
outer1,1,71,b827,120.0,60.0,0.0,0.0,0.0,0.0,0.0,1.0,1.0,0.0
outer1,1,71,b827,120.0,90.0,0.0,0.0,0.0,0.0,0.0,1.0,1.0,0.0
outer1,1,71,b827,120.0,120.0,0.0,0.0,0.0,0.0,0.0,1.0,1.0,0.0
outer1,1,71,b827,120.0,150.0,0.0,0.0,0.0,0.0,0.0,1.0,1.0,0.0
outer1,1,71,b827,120.0,180.0,29.99998664855957,29.99998664855957,0.0,0.0,0.0,0.0,0.0,0.0
outer1,1,71,b827,120.0,210.0,0.0,0.0,0.0,0.0,0.0,1.0,1.0,0.0
outer1,1,71,b827,120.0,240.0,25.905075073242188,0.0,-25.905075073242188,0.0,-30.0,0.0,1.0,1.0
outer1,1,71,b827,120.0,270.0,0.0,0.0,0.0,0.0,0.0,1.0,1.0,0.0
outer1,1,71,b827,120.0,300.0,0.0,60.000003814697266,60.000003814697266,60.0,0.0,1.0,0.0,-1.0
outer1,1,71,b827,120.0,330.0,0.0,25.90508270263672,25.90508270263672,0.0,30.0,1.0,0.0,-1.0
outer1,1,71,b827,150.0,0.0,0.0,0.0,0.0,0.0,0.0,1.0,1.0,0.0
outer1,1,71,b827,150.0,30.0,0.0,0.0,0.0,0.0,0.0,1.0,1.0,0.0
outer1,1,71,b827,150.0,60.0,0.0,0.0,0.0,0.0,0.0,1.0,1.0,0.0
outer1,1,71,b827,150.0,90.0,0.0,0.0,0.0,0.0,0.0,1.0,1.0,0.0
outer1,1,71,b827,150.0,120.0,0.0,0.0,0.0,0.0,0.0,1.0,1.0,0.0
outer1,1,71,b827,150.0,150.0,0.0,0.0,0.0,0.0,0.0,1.0,1.0,0.0
outer1,1,71,b827,150.0,180.0,0.0,0.0,0.0,0.0,0.0,1.0,1.0,0.0
outer1,1,71,b827,150.0,210.0,0.0,60.000003814697266,60.000003814697266,0.0,180.0,1.0,0.0,-1.0
outer1,1,71,b827,150.0,240.0,0.0,120.00000762939453,120.00000762939453,120.0,0.0,1.0,0.0,-1.0
outer1,1,71,b827,150.0,270.0,0.0,0.0,0.0,0.0,0.0,1.0,1.0,0.0
outer1,1,71,b827,150.0,300.0,0.0,0.0,0.0,0.0,0.0,1.0,1.0,0.0
outer1,1,71,b827,150.0,330.0,0.0,0.0,0.0,0.0,0.0,1.0,1.0,0.0
outer1,1,71,b871,30.0,0.0,0.0,0.0,0.0,0.0,0.0,1.0,1.0,0.0
outer1,1,71,b871,30.0,30.0,0.0,0.0,0.0,0.0,0.0,1.0,1.0,0.0
outer1,1,71,b871,30.0,60.0,0.0,0.0,0.0,0.0,0.0,1.0,1.0,0.0
outer1,1,71,b871,30.0,90.0,0.0,0.0,0.0,0.0,0.0,1.0,1.0,0.0
outer1,1,71,b871,30.0,120.0,0.0,0.0,0.0,0.0,0.0,1.0,1.0,0.0
outer1,1,71,b871,30.0,150.0,0.0,0.0,0.0,0.0,0.0,1.0,1.0,0.0
outer1,1,71,b871,30.0,180.0,0.0,0.0,0.0,0.0,0.0,1.0,1.0,0.0
outer1,1,71,b871,30.0,210.0,0.0,0.0,0.0,0.0,0.0,1.0,1.0,0.0
outer1,1,71,b871,30.0,240.0,0.0,0.0,0.0,0.0,0.0,1.0,1.0,0.0
outer1,1,71,b871,30.0,270.0,0.0,0.0,0.0,0.0,0.0,1.0,1.0,0.0
outer1,1,71,b871,30.0,300.0,0.0,0.0,0.0,0.0,0.0,1.0,1.0,0.0
outer1,1,71,b871,30.0,330.0,0.0,0.0,0.0,0.0,0.0,1.0,1.0,0.0
outer1,1,71,b871,60.0,0.0,0.0,30.000001907348633,30.000001907348633,30.0,0.0,1.0,0.0,-1.0
outer1,1,71,b871,60.0,30.0,0.0,0.0,0.0,0.0,0.0,1.0,1.0,0.0
outer1,1,71,b871,60.0,60.0,0.0,0.0,0.0,0.0,0.0,1.0,1.0,0.0
outer1,1,71,b871,60.0,90.0,0.0,0.0,0.0,0.0,0.0,1.0,1.0,0.0
outer1,1,71,b871,60.0,120.0,0.0,128.6822052001953,128.6822052001953,60.0,120.0,1.0,0.0,-1.0
outer1,1,71,b871,60.0,150.0,0.0,0.0,0.0,0.0,0.0,1.0,1.0,0.0
outer1,1,71,b871,60.0,180.0,0.0,0.0,0.0,0.0,0.0,1.0,1.0,0.0
outer1,1,71,b871,60.0,210.0,0.0,0.0,0.0,0.0,0.0,1.0,1.0,0.0
outer1,1,71,b871,60.0,240.0,0.0,0.0,0.0,0.0,0.0,1.0,1.0,0.0
outer1,1,71,b871,60.0,270.0,0.0,0.0,0.0,0.0,0.0,1.0,1.0,0.0
outer1,1,71,b871,60.0,300.0,0.0,0.0,0.0,0.0,0.0,1.0,1.0,0.0
outer1,1,71,b871,60.0,330.0,0.0,0.0,0.0,0.0,0.0,1.0,1.0,0.0
outer1,1,71,b871,90.0,0.0,180.0,180.0,0.0,0.0,0.0,0.0,0.0,0.0
outer1,1,71,b871,90.0,30.0,0.0,180.0,180.0,0.0,180.0,1.0,0.0,-1.0
outer1,1,71,b871,90.0,60.0,60.000003814697266,119.99999237060547,59.9999885559082,0.0,60.0,0.0,0.0,0.0
outer1,1,71,b871,90.0,90.0,180.0,180.0,0.0,0.0,0.0,0.0,0.0,0.0
outer1,1,71,b871,90.0,120.0,0.0,180.0,180.0,0.0,180.0,1.0,0.0,-1.0
outer1,1,71,b871,90.0,150.0,0.0,180.0,180.0,0.0,180.0,1.0,0.0,-1.0
outer1,1,71,b871,90.0,180.0,180.0,0.0,-180.0,0.0,-180.0,0.0,1.0,1.0
outer1,1,71,b871,90.0,210.0,180.0,0.0,-180.0,0.0,-180.0,0.0,1.0,1.0
outer1,1,71,b871,90.0,240.0,60.000003814697266,60.000003814697266,0.0,0.0,0.0,0.0,0.0,0.0
outer1,1,71,b871,90.0,270.0,180.0,0.0,-180.0,0.0,-180.0,0.0,1.0,1.0
outer1,1,71,b871,90.0,300.0,180.0,0.0,-180.0,0.0,-180.0,0.0,1.0,1.0
outer1,1,71,b871,90.0,330.0,180.0,120.00000762939453,-59.99999237060547,0.0,-60.0,0.0,0.0,0.0
outer1,1,71,b871,120.0,0.0,0.0,0.0,0.0,0.0,0.0,1.0,1.0,0.0
outer1,1,71,b871,120.0,30.0,0.0,0.0,0.0,0.0,0.0,1.0,1.0,0.0
outer1,1,71,b871,120.0,60.0,0.0,0.0,0.0,0.0,0.0,1.0,1.0,0.0
outer1,1,71,b871,120.0,90.0,0.0,0.0,0.0,0.0,0.0,1.0,1.0,0.0
outer1,1,71,b871,120.0,120.0,0.0,77.49608612060547,77.49608612060547,30.0,120.0,1.0,0.0,-1.0
outer1,1,71,b871,120.0,150.0,0.0,0.0,0.0,0.0,0.0,1.0,1.0,0.0
outer1,1,71,b871,120.0,180.0,0.0,60.000003814697266,60.000003814697266,60.0,0.0,1.0,0.0,-1.0
outer1,1,71,b871,120.0,210.0,82.81924438476562,0.0,-82.81924438476562,-60.0,-60.0,0.0,1.0,1.0
outer1,1,71,b871,120.0,240.0,0.0,0.0,0.0,0.0,0.0,1.0,1.0,0.0
outer1,1,71,b871,120.0,270.0,0.0,0.0,0.0,0.0,0.0,1.0,1.0,0.0
outer1,1,71,b871,120.0,300.0,0.0,0.0,0.0,0.0,0.0,1.0,1.0,0.0
outer1,1,71,b871,120.0,330.0,0.0,0.0,0.0,0.0,0.0,1.0,1.0,0.0
outer1,1,71,b871,150.0,0.0,0.0,0.0,0.0,0.0,0.0,1.0,1.0,0.0
outer1,1,71,b871,150.0,30.0,0.0,0.0,0.0,0.0,0.0,1.0,1.0,0.0
outer1,1,71,b871,150.0,60.0,0.0,0.0,0.0,0.0,0.0,1.0,1.0,0.0
outer1,1,71,b871,150.0,90.0,0.0,0.0,0.0,0.0,0.0,1.0,1.0,0.0
outer1,1,71,b871,150.0,120.0,0.0,51.31782150268555,51.31782150268555,0.0,120.0,1.0,0.0,-1.0
outer1,1,71,b871,150.0,150.0,0.0,0.0,0.0,0.0,0.0,1.0,1.0,0.0
outer1,1,71,b871,150.0,180.0,0.0,0.0,0.0,0.0,0.0,1.0,1.0,0.0
outer1,1,71,b871,150.0,210.0,0.0,0.0,0.0,0.0,0.0,1.0,1.0,0.0
outer1,1,71,b871,150.0,240.0,0.0,0.0,0.0,0.0,0.0,1.0,1.0,0.0
outer1,1,71,b871,150.0,270.0,0.0,0.0,0.0,0.0,0.0,1.0,1.0,0.0
outer1,1,71,b871,150.0,300.0,0.0,0.0,0.0,0.0,0.0,1.0,1.0,0.0
outer1,1,71,b871,150.0,330.0,0.0,0.0,0.0,0.0,0.0,1.0,1.0,0.0
outer1,1,71,b905,30.0,0.0,0.0,0.0,0.0,0.0,0.0,1.0,1.0,0.0
outer1,1,71,b905,30.0,30.0,0.0,0.0,0.0,0.0,0.0,1.0,1.0,0.0
outer1,1,71,b905,30.0,60.0,0.0,0.0,0.0,0.0,0.0,1.0,1.0,0.0
outer1,1,71,b905,30.0,90.0,0.0,0.0,0.0,0.0,0.0,1.0,1.0,0.0
outer1,1,71,b905,30.0,120.0,0.0,0.0,0.0,0.0,0.0,1.0,1.0,0.0
outer1,1,71,b905,30.0,150.0,0.0,0.0,0.0,0.0,0.0,1.0,1.0,0.0
outer1,1,71,b905,30.0,180.0,0.0,0.0,0.0,0.0,0.0,1.0,1.0,0.0
outer1,1,71,b905,30.0,210.0,0.0,0.0,0.0,0.0,0.0,1.0,1.0,0.0
outer1,1,71,b905,30.0,240.0,0.0,0.0,0.0,0.0,0.0,1.0,1.0,0.0
outer1,1,71,b905,30.0,270.0,0.0,0.0,0.0,0.0,0.0,1.0,1.0,0.0
outer1,1,71,b905,30.0,300.0,0.0,0.0,0.0,0.0,0.0,1.0,1.0,0.0
outer1,1,71,b905,30.0,330.0,0.0,0.0,0.0,0.0,0.0,1.0,1.0,0.0
outer1,1,71,b905,60.0,0.0,0.0,0.0,0.0,0.0,0.0,1.0,1.0,0.0
outer1,1,71,b905,60.0,30.0,60.000003814697266,82.81924438476562,22.81924057006836,0.0,60.0,0.0,0.0,0.0
outer1,1,71,b905,60.0,60.0,0.0,0.0,0.0,0.0,0.0,1.0,1.0,0.0
outer1,1,71,b905,60.0,90.0,0.0,0.0,0.0,0.0,0.0,1.0,1.0,0.0
outer1,1,71,b905,60.0,120.0,0.0,0.0,0.0,0.0,0.0,1.0,1.0,0.0
outer1,1,71,b905,60.0,150.0,0.0,0.0,0.0,0.0,0.0,1.0,1.0,0.0
outer1,1,71,b905,60.0,180.0,0.0,0.0,0.0,0.0,0.0,1.0,1.0,0.0
outer1,1,71,b905,60.0,210.0,0.0,82.81924438476562,82.81924438476562,60.0,60.0,1.0,0.0,-1.0
outer1,1,71,b905,60.0,240.0,128.6822052001953,128.6822052001953,0.0,0.0,0.0,0.0,0.0,0.0
outer1,1,71,b905,60.0,270.0,0.0,0.0,0.0,0.0,0.0,1.0,1.0,0.0
outer1,1,71,b905,60.0,300.0,0.0,0.0,0.0,0.0,0.0,1.0,1.0,0.0
outer1,1,71,b905,60.0,330.0,0.0,0.0,0.0,0.0,0.0,1.0,1.0,0.0
outer1,1,71,b905,90.0,0.0,0.0,180.0,180.0,0.0,180.0,1.0,0.0,-1.0
outer1,1,71,b905,90.0,30.0,60.00000762939453,30.000001907348633,-30.0000057220459,0.0,-30.0,0.0,0.0,0.0
outer1,1,71,b905,90.0,60.0,30.000001907348633,180.0,149.99999809265137,0.0,150.0,0.0,0.0,0.0
outer1,1,71,b905,90.0,90.0,0.0,0.0,0.0,0.0,0.0,1.0,1.0,0.0
outer1,1,71,b905,90.0,120.0,60.000003814697266,120.00000762939453,60.000003814697266,0.0,60.0,0.0,0.0,0.0
outer1,1,71,b905,90.0,150.0,0.0,30.000001907348633,30.000001907348633,0.0,30.0,1.0,0.0,-1.0
outer1,1,71,b905,90.0,180.0,180.0,0.0,-180.0,0.0,-180.0,0.0,1.0,1.0
outer1,1,71,b905,90.0,210.0,0.0,150.0,150.0,0.0,150.0,1.0,0.0,-1.0
outer1,1,71,b905,90.0,240.0,0.0,0.0,0.0,0.0,0.0,1.0,1.0,0.0
outer1,1,71,b905,90.0,270.0,0.0,180.0,180.0,0.0,180.0,1.0,0.0,-1.0
outer1,1,71,b905,90.0,300.0,0.0,60.000003814697266,60.000003814697266,0.0,60.0,1.0,0.0,-1.0
outer1,1,71,b905,90.0,330.0,150.0,150.0,0.0,0.0,0.0,0.0,0.0,0.0
outer1,1,71,b905,120.0,0.0,0.0,0.0,0.0,0.0,0.0,1.0,1.0,0.0
outer1,1,71,b905,120.0,30.0,0.0,60.000003814697266,60.000003814697266,60.0,0.0,1.0,0.0,-1.0
outer1,1,71,b905,120.0,60.0,0.0,0.0,0.0,0.0,0.0,1.0,1.0,0.0
outer1,1,71,b905,120.0,90.0,0.0,0.0,0.0,0.0,0.0,1.0,1.0,0.0
outer1,1,71,b905,120.0,120.0,0.0,0.0,0.0,0.0,0.0,1.0,1.0,0.0
outer1,1,71,b905,120.0,150.0,0.0,0.0,0.0,0.0,0.0,1.0,1.0,0.0
outer1,1,71,b905,120.0,180.0,0.0,0.0,0.0,0.0,0.0,1.0,1.0,0.0
outer1,1,71,b905,120.0,210.0,0.0,82.81924438476562,82.81924438476562,60.0,60.0,1.0,0.0,-1.0
outer1,1,71,b905,120.0,240.0,75.52249145507812,128.6822052001953,53.15971374511719,60.0,30.0,0.0,0.0,0.0
outer1,1,71,b905,120.0,270.0,0.0,0.0,0.0,0.0,0.0,1.0,1.0,0.0
outer1,1,71,b905,120.0,300.0,0.0,0.0,0.0,0.0,0.0,1.0,1.0,0.0
outer1,1,71,b905,120.0,330.0,0.0,0.0,0.0,0.0,0.0,1.0,1.0,0.0
outer1,1,71,b905,150.0,0.0,0.0,0.0,0.0,0.0,0.0,1.0,1.0,0.0
outer1,1,71,b905,150.0,30.0,0.0,0.0,0.0,0.0,0.0,1.0,1.0,0.0
outer1,1,71,b905,150.0,60.0,0.0,151.04498291015625,151.04498291015625,120.0,120.0,1.0,0.0,-1.0
outer1,1,71,b905,150.0,90.0,0.0,0.0,0.0,0.0,0.0,1.0,1.0,0.0
outer1,1,71,b905,150.0,120.0,0.0,0.0,0.0,0.0,0.0,1.0,1.0,0.0
outer1,1,71,b905,150.0,150.0,0.0,0.0,0.0,0.0,0.0,1.0,1.0,0.0
outer1,1,71,b905,150.0,180.0,0.0,0.0,0.0,0.0,0.0,1.0,1.0,0.0
outer1,1,71,b905,150.0,210.0,0.0,0.0,0.0,0.0,0.0,1.0,1.0,0.0
outer1,1,71,b905,150.0,240.0,0.0,151.04498291015625,151.04498291015625,120.0,120.0,1.0,0.0,-1.0
outer1,1,71,b905,150.0,270.0,0.0,0.0,0.0,0.0,0.0,1.0,1.0,0.0
outer1,1,71,b905,150.0,300.0,0.0,0.0,0.0,0.0,0.0,1.0,1.0,0.0
outer1,1,71,b905,150.0,330.0,0.0,0.0,0.0,0.0,0.0,1.0,1.0,0.0
outer1,1,71,bb7d,30.0,0.0,180.0,60.000003814697266,-119.99999618530273,-120.0,0.0,0.0,0.0,0.0
outer1,1,71,bb7d,30.0,30.0,0.0,60.000003814697266,60.000003814697266,0.0,180.0,1.0,0.0,-1.0
outer1,1,71,bb7d,30.0,60.0,151.04498291015625,122.24180603027344,-28.803176879882812,0.0,-90.0,0.0,0.0,0.0
outer1,1,71,bb7d,30.0,90.0,180.0,0.0,-180.0,-120.0,-180.0,0.0,1.0,1.0
outer1,1,71,bb7d,30.0,120.0,165.12905883789062,60.000003814697266,-105.12905502319336,-120.0,30.0,0.0,0.0,0.0
outer1,1,71,bb7d,30.0,150.0,128.68218994140625,138.59039306640625,9.908203125,0.0,30.0,0.0,0.0,0.0
outer1,1,71,bb7d,30.0,180.0,120.00000762939453,0.0,-120.00000762939453,-120.0,0.0,0.0,1.0,1.0
outer1,1,71,bb7d,30.0,210.0,60.000003814697266,0.0,-60.000003814697266,0.0,-180.0,0.0,1.0,1.0
outer1,1,71,bb7d,30.0,240.0,60.000003814697266,60.000003814697266,0.0,0.0,0.0,0.0,0.0,0.0
outer1,1,71,bb7d,30.0,270.0,120.00000762939453,60.000003814697266,-60.000003814697266,-120.0,180.0,0.0,0.0,0.0
outer1,1,71,bb7d,30.0,300.0,0.0,0.0,0.0,0.0,0.0,1.0,1.0,0.0
outer1,1,71,bb7d,30.0,330.0,151.04498291015625,151.04498291015625,0.0,0.0,0.0,0.0,0.0,0.0
outer1,1,71,bb7d,60.0,0.0,180.0,90.0,-90.0,-30.0,0.0,0.0,0.0,0.0
outer1,1,71,bb7d,60.0,30.0,60.000003814697266,82.81924438476562,22.81924057006836,0.0,60.0,0.0,0.0,0.0
outer1,1,71,bb7d,60.0,60.0,86.67425537109375,180.0,93.32574462890625,30.0,30.0,0.0,0.0,0.0
outer1,1,71,bb7d,60.0,90.0,60.000003814697266,180.0,119.99999618530273,0.0,180.0,0.0,0.0,0.0
outer1,1,71,bb7d,60.0,120.0,93.32574462890625,113.5481185913086,20.222373962402344,-90.0,120.0,0.0,0.0,0.0
outer1,1,71,bb7d,60.0,150.0,180.0,120.00000762939453,-59.99999237060547,-60.0,0.0,0.0,0.0,0.0
outer1,1,71,bb7d,60.0,180.0,60.000003814697266,30.000001907348633,-30.000001907348633,-30.0,0.0,0.0,0.0,0.0
outer1,1,71,bb7d,60.0,210.0,120.00000762939453,180.0,59.99999237060547,60.0,0.0,0.0,0.0,0.0
outer1,1,71,bb7d,60.0,240.0,86.67425537109375,113.5481185913086,26.873863220214844,-30.0,0.0,0.0,0.0,0.0
outer1,1,71,bb7d,60.0,270.0,29.999998092651367,180.0,150.00000190734863,30.0,180.0,0.0,0.0,0.0
outer1,1,71,bb7d,60.0,300.0,93.32574462890625,25.905075073242188,-67.42066955566406,-90.0,0.0,0.0,0.0,0.0
outer1,1,71,bb7d,60.0,330.0,82.81924438476562,0.0,-82.81924438476562,-60.0,-60.0,0.0,1.0,1.0
outer1,1,71,bb7d,90.0,0.0,115.6589126586914,115.65889739990234,-1.52587890625e-05,0.0,0.0,0.0,0.0,0.0
outer1,1,71,bb7d,90.0,30.0,138.59039306640625,138.59039306640625,0.0,0.0,0.0,0.0,0.0,0.0
outer1,1,71,bb7d,90.0,60.0,138.59039306640625,138.59039306640625,0.0,0.0,0.0,0.0,0.0,0.0
outer1,1,71,bb7d,90.0,90.0,180.0,150.0,-30.0,30.0,0.0,0.0,0.0,0.0
outer1,1,71,bb7d,90.0,120.0,138.59039306640625,138.59039306640625,0.0,0.0,0.0,0.0,0.0,0.0
outer1,1,71,bb7d,90.0,150.0,90.0,115.6589126586914,25.658912658691406,0.0,30.0,0.0,0.0,0.0
outer1,1,71,bb7d,90.0,180.0,64.34109497070312,75.52249145507812,11.181396484375,30.0,0.0,0.0,0.0,0.0
outer1,1,71,bb7d,90.0,210.0,41.40962219238281,64.34109497070312,22.931472778320312,0.0,30.0,0.0,0.0,0.0
outer1,1,71,bb7d,90.0,240.0,41.40962219238281,41.40962219238281,0.0,0.0,0.0,0.0,0.0,0.0
outer1,1,71,bb7d,90.0,270.0,0.0,30.000001907348633,30.000001907348633,30.0,0.0,1.0,0.0,-1.0
outer1,1,71,bb7d,90.0,300.0,41.40962219238281,41.40962219238281,0.0,0.0,0.0,0.0,0.0,0.0
outer1,1,71,bb7d,90.0,330.0,90.0,64.34109497070312,-25.658905029296875,0.0,-30.0,0.0,0.0,0.0
outer1,1,71,bb7d,120.0,0.0,120.00000762939453,150.0,29.99999237060547,90.0,0.0,0.0,0.0,0.0
outer1,1,71,bb7d,120.0,30.0,82.81924438476562,82.81924438476562,0.0,0.0,0.0,0.0,0.0,0.0
outer1,1,71,bb7d,120.0,60.0,36.09777069091797,154.0949249267578,117.99715423583984,30.0,120.0,0.0,0.0,0.0
outer1,1,71,bb7d,120.0,90.0,180.0,0.0,-180.0,-60.0,-180.0,0.0,1.0,1.0
outer1,1,71,bb7d,120.0,120.0,93.32575225830078,66.45188903808594,-26.873863220214844,-30.0,0.0,0.0,0.0,0.0
outer1,1,71,bb7d,120.0,150.0,128.6822052001953,97.18075561523438,-31.501449584960938,-60.0,0.0,0.0,0.0,0.0
outer1,1,71,bb7d,120.0,180.0,0.0,90.0,90.0,90.0,0.0,1.0,0.0,-1.0
outer1,1,71,bb7d,120.0,210.0,120.00000762939453,180.0,59.99999237060547,60.0,0.0,0.0,0.0,0.0
outer1,1,71,bb7d,120.0,240.0,113.54811096191406,66.45188903808594,-47.096221923828125,60.0,-120.0,0.0,0.0,0.0
outer1,1,71,bb7d,120.0,270.0,0.0,0.0,0.0,0.0,0.0,1.0,1.0,0.0
outer1,1,71,bb7d,120.0,300.0,93.32575225830078,25.905075073242188,-67.4206771850586,-90.0,0.0,0.0,0.0,0.0
outer1,1,71,bb7d,120.0,330.0,82.81924438476562,51.31781005859375,-31.501434326171875,-60.0,0.0,0.0,0.0,0.0
outer1,1,71,bb7d,150.0,0.0,60.000003814697266,180.0,119.99999618530273,120.0,0.0,0.0,0.0,0.0
outer1,1,71,bb7d,150.0,30.0,0.0,0.0,0.0,0.0,0.0,1.0,1.0,0.0
outer1,1,71,bb7d,150.0,60.0,151.04498291015625,128.68218994140625,-22.36279296875,0.0,-60.0,0.0,0.0,0.0
outer1,1,71,bb7d,150.0,90.0,180.0,120.00000762939453,-59.99999237060547,0.0,-180.0,0.0,0.0,0.0
outer1,1,71,bb7d,150.0,120.0,128.68218994140625,128.68218994140625,0.0,0.0,0.0,0.0,0.0,0.0
outer1,1,71,bb7d,150.0,150.0,151.04498291015625,128.68218994140625,-22.36279296875,0.0,-60.0,0.0,0.0,0.0
outer1,1,71,bb7d,150.0,180.0,0.0,120.00000762939453,120.00000762939453,120.0,0.0,1.0,0.0,-1.0
outer1,1,71,bb7d,150.0,210.0,0.0,14.870942115783691,14.870942115783691,0.0,30.0,1.0,0.0,-1.0
outer1,1,71,bb7d,150.0,240.0,122.24180603027344,128.68218994140625,6.4403839111328125,0.0,30.0,0.0,0.0,0.0
outer1,1,71,bb7d,150.0,270.0,0.0,120.00000762939453,120.00000762939453,120.0,0.0,1.0,0.0,-1.0
outer1,1,71,bb7d,150.0,300.0,0.0,14.870942115783691,14.870942115783691,0.0,30.0,1.0,0.0,-1.0
outer1,1,71,bb7d,150.0,330.0,128.68218994140625,151.04498291015625,22.36279296875,0.0,60.0,0.0,0.0,0.0
outer1,1,71,bbc6,30.0,0.0,0.0,0.0,0.0,0.0,0.0,1.0,1.0,0.0
outer1,1,71,bbc6,30.0,30.0,0.0,0.0,0.0,0.0,0.0,1.0,1.0,0.0
outer1,1,71,bbc6,30.0,60.0,0.0,0.0,0.0,0.0,0.0,1.0,1.0,0.0
outer1,1,71,bbc6,30.0,90.0,180.0,60.000003814697266,-119.99999618530273,-120.0,0.0,0.0,0.0,0.0
outer1,1,71,bbc6,30.0,120.0,151.04498291015625,57.7581901550293,-93.28679275512695,-120.0,30.0,0.0,0.0,0.0
outer1,1,71,bbc6,30.0,150.0,14.870942115783691,0.0,-14.870942115783691,0.0,-30.0,0.0,1.0,1.0
outer1,1,71,bbc6,30.0,180.0,0.0,0.0,0.0,0.0,0.0,1.0,1.0,0.0
outer1,1,71,bbc6,30.0,210.0,0.0,14.870942115783691,14.870942115783691,0.0,30.0,1.0,0.0,-1.0
outer1,1,71,bbc6,30.0,240.0,0.0,0.0,0.0,0.0,0.0,1.0,1.0,0.0
outer1,1,71,bbc6,30.0,270.0,0.0,0.0,0.0,0.0,0.0,1.0,1.0,0.0
outer1,1,71,bbc6,30.0,300.0,0.0,0.0,0.0,0.0,0.0,1.0,1.0,0.0
outer1,1,71,bbc6,30.0,330.0,51.31781005859375,0.0,-51.31781005859375,0.0,-120.0,0.0,1.0,1.0
outer1,1,71,bbc6,60.0,0.0,30.000001907348633,30.000001907348633,0.0,0.0,0.0,0.0,0.0,0.0
outer1,1,71,bbc6,60.0,30.0,0.0,0.0,0.0,0.0,0.0,1.0,1.0,0.0
outer1,1,71,bbc6,60.0,60.0,30.000001907348633,0.0,-30.000001907348633,-30.0,0.0,0.0,1.0,1.0
outer1,1,71,bbc6,60.0,90.0,180.0,180.0,0.0,0.0,0.0,0.0,0.0,0.0
outer1,1,71,bbc6,60.0,120.0,130.50535583496094,128.6822052001953,-1.823150634765625,-30.0,0.0,0.0,0.0,0.0
outer1,1,71,bbc6,60.0,150.0,0.0,180.0,180.0,60.0,180.0,1.0,0.0,-1.0
outer1,1,71,bbc6,60.0,180.0,30.000001907348633,60.000003814697266,30.000001907348633,30.0,0.0,0.0,0.0,0.0
outer1,1,71,bbc6,60.0,210.0,82.81924438476562,51.31781005859375,-31.501434326171875,-60.0,0.0,0.0,0.0,0.0
outer1,1,71,bbc6,60.0,240.0,25.905075073242188,90.0,64.09492492675781,90.0,-30.0,0.0,0.0,0.0
outer1,1,71,bbc6,60.0,270.0,30.000001907348633,0.0,-30.000001907348633,-30.0,0.0,0.0,1.0,1.0
outer1,1,71,bbc6,60.0,300.0,130.50535583496094,97.18075561523438,-33.32460021972656,-90.0,0.0,0.0,0.0,0.0
outer1,1,71,bbc6,60.0,330.0,0.0,120.00000762939453,120.00000762939453,0.0,180.0,1.0,0.0,-1.0
outer1,1,71,bbc6,90.0,0.0,0.0,180.0,180.0,0.0,180.0,1.0,0.0,-1.0
outer1,1,71,bbc6,90.0,30.0,90.0,180.0,90.0,0.0,90.0,0.0,0.0,0.0
outer1,1,71,bbc6,90.0,60.0,150.0,119.99999237060547,-30.00000762939453,0.0,-30.0,0.0,0.0,0.0
outer1,1,71,bbc6,90.0,90.0,0.0,180.0,180.0,0.0,180.0,1.0,0.0,-1.0
outer1,1,71,bbc6,90.0,120.0,30.000001907348633,180.0,149.99999809265137,0.0,150.0,0.0,0.0,0.0
outer1,1,71,bbc6,90.0,150.0,0.0,180.0,180.0,0.0,180.0,1.0,0.0,-1.0
outer1,1,71,bbc6,90.0,180.0,0.0,0.0,0.0,0.0,0.0,1.0,1.0,0.0
outer1,1,71,bbc6,90.0,210.0,180.0,0.0,-180.0,0.0,-180.0,0.0,1.0,1.0
outer1,1,71,bbc6,90.0,240.0,150.0,60.000003814697266,-89.99999618530273,0.0,-90.0,0.0,0.0,0.0
outer1,1,71,bbc6,90.0,270.0,0.0,0.0,0.0,0.0,0.0,1.0,1.0,0.0
outer1,1,71,bbc6,90.0,300.0,138.59039306640625,0.0,-138.59039306640625,-30.0,-150.0,0.0,1.0,1.0
outer1,1,71,bbc6,90.0,330.0,180.0,0.0,-180.0,0.0,-180.0,0.0,1.0,1.0
outer1,1,71,bbc6,120.0,0.0,29.99998664855957,29.99998664855957,0.0,0.0,0.0,0.0,0.0,0.0
outer1,1,71,bbc6,120.0,30.0,0.0,0.0,0.0,0.0,0.0,1.0,1.0,0.0
outer1,1,71,bbc6,120.0,60.0,29.99998664855957,0.0,-29.99998664855957,-30.0,0.0,0.0,1.0,1.0
outer1,1,71,bbc6,120.0,90.0,150.0,180.0,30.0,-30.0,0.0,0.0,0.0,0.0
outer1,1,71,bbc6,120.0,120.0,128.6822052001953,128.6822052001953,0.0,0.0,0.0,0.0,0.0,0.0
outer1,1,71,bbc6,120.0,150.0,0.0,0.0,0.0,0.0,0.0,1.0,1.0,0.0
outer1,1,71,bbc6,120.0,180.0,90.0,60.000003814697266,-29.999996185302734,-30.0,0.0,0.0,0.0,0.0
outer1,1,71,bbc6,120.0,210.0,82.81924438476562,75.52249145507812,-7.2967529296875,-60.0,30.0,0.0,0.0,0.0
outer1,1,71,bbc6,120.0,240.0,36.09777069091797,0.0,-36.09777069091797,-30.0,-30.0,0.0,1.0,1.0
outer1,1,71,bbc6,120.0,270.0,0.0,0.0,0.0,0.0,0.0,1.0,1.0,0.0
outer1,1,71,bbc6,120.0,300.0,130.50535583496094,128.68218994140625,-1.8231658935546875,-30.0,0.0,0.0,0.0,0.0
outer1,1,71,bbc6,120.0,330.0,0.0,0.0,0.0,0.0,0.0,1.0,1.0,0.0
outer1,1,71,bbc6,150.0,0.0,0.0,0.0,0.0,0.0,0.0,1.0,1.0,0.0
outer1,1,71,bbc6,150.0,30.0,0.0,0.0,0.0,0.0,0.0,1.0,1.0,0.0
outer1,1,71,bbc6,150.0,60.0,0.0,120.00000762939453,120.00000762939453,120.0,0.0,1.0,0.0,-1.0
outer1,1,71,bbc6,150.0,90.0,180.0,60.000003814697266,-119.99999618530273,-120.0,0.0,0.0,0.0,0.0
outer1,1,71,bbc6,150.0,120.0,151.04498291015625,51.31782150268555,-99.7271614074707,-120.0,0.0,0.0,0.0,0.0
outer1,1,71,bbc6,150.0,150.0,165.12905883789062,0.0,-165.12905883789062,-120.0,-150.0,0.0,1.0,1.0
outer1,1,71,bbc6,150.0,180.0,0.0,0.0,0.0,0.0,0.0,1.0,1.0,0.0
outer1,1,71,bbc6,150.0,210.0,0.0,128.68218994140625,128.68218994140625,120.0,60.0,1.0,0.0,-1.0
outer1,1,71,bbc6,150.0,240.0,0.0,60.000003814697266,60.000003814697266,0.0,180.0,1.0,0.0,-1.0
outer1,1,71,bbc6,150.0,270.0,0.0,0.0,0.0,0.0,0.0,1.0,1.0,0.0
outer1,1,71,bbc6,150.0,300.0,0.0,0.0,0.0,0.0,0.0,1.0,1.0,0.0
outer1,1,71,bbc6,150.0,330.0,0.0,0.0,0.0,0.0,0.0,1.0,1.0,0.0
outer1,1,72,b827,30.0,0.0,0.0,0.0,0.0,0.0,0.0,1.0,1.0,0.0
outer1,1,72,b827,30.0,30.0,0.0,0.0,0.0,0.0,0.0,1.0,1.0,0.0
outer1,1,72,b827,30.0,60.0,0.0,0.0,0.0,0.0,0.0,1.0,1.0,0.0
outer1,1,72,b827,30.0,90.0,0.0,30.000001907348633,30.000001907348633,30.0,0.0,1.0,0.0,-1.0
outer1,1,72,b827,30.0,120.0,0.0,0.0,0.0,0.0,0.0,1.0,1.0,0.0
outer1,1,72,b827,30.0,150.0,0.0,0.0,0.0,0.0,0.0,1.0,1.0,0.0
outer1,1,72,b827,30.0,180.0,0.0,0.0,0.0,0.0,0.0,1.0,1.0,0.0
outer1,1,72,b827,30.0,210.0,0.0,60.000003814697266,60.000003814697266,0.0,180.0,1.0,0.0,-1.0
outer1,1,72,b827,30.0,240.0,0.0,0.0,0.0,0.0,0.0,1.0,1.0,0.0
outer1,1,72,b827,30.0,270.0,0.0,0.0,0.0,0.0,0.0,1.0,1.0,0.0
outer1,1,72,b827,30.0,300.0,0.0,151.04498291015625,151.04498291015625,120.0,120.0,1.0,0.0,-1.0
outer1,1,72,b827,30.0,330.0,0.0,0.0,0.0,0.0,0.0,1.0,1.0,0.0
outer1,1,72,b827,60.0,0.0,0.0,30.000001907348633,30.000001907348633,30.0,0.0,1.0,0.0,-1.0
outer1,1,72,b827,60.0,30.0,0.0,25.905075073242188,25.905075073242188,0.0,30.0,1.0,0.0,-1.0
outer1,1,72,b827,60.0,60.0,0.0,25.905075073242188,25.905075073242188,0.0,30.0,1.0,0.0,-1.0
outer1,1,72,b827,60.0,90.0,0.0,0.0,0.0,0.0,0.0,1.0,1.0,0.0
outer1,1,72,b827,60.0,120.0,0.0,0.0,0.0,0.0,0.0,1.0,1.0,0.0
outer1,1,72,b827,60.0,150.0,0.0,0.0,0.0,0.0,0.0,1.0,1.0,0.0
outer1,1,72,b827,60.0,180.0,0.0,60.000003814697266,60.000003814697266,60.0,0.0,1.0,0.0,-1.0
outer1,1,72,b827,60.0,210.0,0.0,0.0,0.0,0.0,0.0,1.0,1.0,0.0
outer1,1,72,b827,60.0,240.0,0.0,0.0,0.0,0.0,0.0,1.0,1.0,0.0
outer1,1,72,b827,60.0,270.0,0.0,0.0,0.0,0.0,0.0,1.0,1.0,0.0
outer1,1,72,b827,60.0,300.0,0.0,0.0,0.0,0.0,0.0,1.0,1.0,0.0
outer1,1,72,b827,60.0,330.0,0.0,0.0,0.0,0.0,0.0,1.0,1.0,0.0
outer1,1,72,b827,90.0,0.0,0.0,0.0,0.0,0.0,0.0,1.0,1.0,0.0
outer1,1,72,b827,90.0,30.0,180.0,0.0,-180.0,0.0,-180.0,0.0,1.0,1.0
outer1,1,72,b827,90.0,60.0,0.0,180.0,180.0,0.0,180.0,1.0,0.0,-1.0
outer1,1,72,b827,90.0,90.0,0.0,180.0,180.0,0.0,180.0,1.0,0.0,-1.0
outer1,1,72,b827,90.0,120.0,0.0,0.0,0.0,0.0,0.0,1.0,1.0,0.0
outer1,1,72,b827,90.0,150.0,0.0,60.000003814697266,60.000003814697266,0.0,60.0,1.0,0.0,-1.0
outer1,1,72,b827,90.0,180.0,180.0,0.0,-180.0,0.0,-180.0,0.0,1.0,1.0
outer1,1,72,b827,90.0,210.0,0.0,0.0,0.0,0.0,0.0,1.0,1.0,0.0
outer1,1,72,b827,90.0,240.0,120.00000762939453,0.0,-120.00000762939453,0.0,-120.0,0.0,1.0,1.0
outer1,1,72,b827,90.0,270.0,0.0,0.0,0.0,0.0,0.0,1.0,1.0,0.0
outer1,1,72,b827,90.0,300.0,180.0,0.0,-180.0,0.0,-180.0,0.0,1.0,1.0
outer1,1,72,b827,90.0,330.0,180.0,120.00000762939453,-59.99999237060547,0.0,-60.0,0.0,0.0,0.0
outer1,1,72,b827,120.0,0.0,0.0,0.0,0.0,0.0,0.0,1.0,1.0,0.0
outer1,1,72,b827,120.0,30.0,0.0,25.905075073242188,25.905075073242188,0.0,30.0,1.0,0.0,-1.0
outer1,1,72,b827,120.0,60.0,25.905075073242188,0.0,-25.905075073242188,0.0,-30.0,0.0,1.0,1.0
outer1,1,72,b827,120.0,90.0,0.0,0.0,0.0,0.0,0.0,1.0,1.0,0.0
outer1,1,72,b827,120.0,120.0,0.0,0.0,0.0,0.0,0.0,1.0,1.0,0.0
outer1,1,72,b827,120.0,150.0,0.0,0.0,0.0,0.0,0.0,1.0,1.0,0.0
outer1,1,72,b827,120.0,180.0,0.0,0.0,0.0,0.0,0.0,1.0,1.0,0.0
outer1,1,72,b827,120.0,210.0,0.0,0.0,0.0,0.0,0.0,1.0,1.0,0.0
outer1,1,72,b827,120.0,240.0,25.905075073242188,0.0,-25.905075073242188,0.0,-30.0,0.0,1.0,1.0
outer1,1,72,b827,120.0,270.0,0.0,0.0,0.0,0.0,0.0,1.0,1.0,0.0
outer1,1,72,b827,120.0,300.0,0.0,0.0,0.0,0.0,0.0,1.0,1.0,0.0
outer1,1,72,b827,120.0,330.0,0.0,0.0,0.0,0.0,0.0,1.0,1.0,0.0
outer1,1,72,b827,150.0,0.0,0.0,0.0,0.0,0.0,0.0,1.0,1.0,0.0
outer1,1,72,b827,150.0,30.0,0.0,0.0,0.0,0.0,0.0,1.0,1.0,0.0
outer1,1,72,b827,150.0,60.0,0.0,0.0,0.0,0.0,0.0,1.0,1.0,0.0
outer1,1,72,b827,150.0,90.0,0.0,0.0,0.0,0.0,0.0,1.0,1.0,0.0
outer1,1,72,b827,150.0,120.0,0.0,0.0,0.0,0.0,0.0,1.0,1.0,0.0
outer1,1,72,b827,150.0,150.0,0.0,0.0,0.0,0.0,0.0,1.0,1.0,0.0
outer1,1,72,b827,150.0,180.0,0.0,0.0,0.0,0.0,0.0,1.0,1.0,0.0
outer1,1,72,b827,150.0,210.0,0.0,60.000003814697266,60.000003814697266,0.0,180.0,1.0,0.0,-1.0
outer1,1,72,b827,150.0,240.0,0.0,120.00000762939453,120.00000762939453,120.0,0.0,1.0,0.0,-1.0
outer1,1,72,b827,150.0,270.0,0.0,0.0,0.0,0.0,0.0,1.0,1.0,0.0
outer1,1,72,b827,150.0,300.0,0.0,0.0,0.0,0.0,0.0,1.0,1.0,0.0
outer1,1,72,b827,150.0,330.0,0.0,0.0,0.0,0.0,0.0,1.0,1.0,0.0
outer1,1,72,b871,30.0,0.0,0.0,0.0,0.0,0.0,0.0,1.0,1.0,0.0
outer1,1,72,b871,30.0,30.0,0.0,0.0,0.0,0.0,0.0,1.0,1.0,0.0
outer1,1,72,b871,30.0,60.0,0.0,0.0,0.0,0.0,0.0,1.0,1.0,0.0
outer1,1,72,b871,30.0,90.0,0.0,0.0,0.0,0.0,0.0,1.0,1.0,0.0
outer1,1,72,b871,30.0,120.0,0.0,0.0,0.0,0.0,0.0,1.0,1.0,0.0
outer1,1,72,b871,30.0,150.0,0.0,0.0,0.0,0.0,0.0,1.0,1.0,0.0
outer1,1,72,b871,30.0,180.0,0.0,0.0,0.0,0.0,0.0,1.0,1.0,0.0
outer1,1,72,b871,30.0,210.0,0.0,0.0,0.0,0.0,0.0,1.0,1.0,0.0
outer1,1,72,b871,30.0,240.0,0.0,0.0,0.0,0.0,0.0,1.0,1.0,0.0
outer1,1,72,b871,30.0,270.0,0.0,0.0,0.0,0.0,0.0,1.0,1.0,0.0
outer1,1,72,b871,30.0,300.0,0.0,0.0,0.0,0.0,0.0,1.0,1.0,0.0
outer1,1,72,b871,30.0,330.0,0.0,0.0,0.0,0.0,0.0,1.0,1.0,0.0
outer1,1,72,b871,60.0,0.0,0.0,30.000001907348633,30.000001907348633,30.0,0.0,1.0,0.0,-1.0
outer1,1,72,b871,60.0,30.0,0.0,0.0,0.0,0.0,0.0,1.0,1.0,0.0
outer1,1,72,b871,60.0,60.0,0.0,0.0,0.0,0.0,0.0,1.0,1.0,0.0
outer1,1,72,b871,60.0,90.0,0.0,0.0,0.0,0.0,0.0,1.0,1.0,0.0
outer1,1,72,b871,60.0,120.0,0.0,128.6822052001953,128.6822052001953,60.0,120.0,1.0,0.0,-1.0
outer1,1,72,b871,60.0,150.0,0.0,0.0,0.0,0.0,0.0,1.0,1.0,0.0
outer1,1,72,b871,60.0,180.0,0.0,0.0,0.0,0.0,0.0,1.0,1.0,0.0
outer1,1,72,b871,60.0,210.0,0.0,0.0,0.0,0.0,0.0,1.0,1.0,0.0
outer1,1,72,b871,60.0,240.0,0.0,0.0,0.0,0.0,0.0,1.0,1.0,0.0
outer1,1,72,b871,60.0,270.0,0.0,0.0,0.0,0.0,0.0,1.0,1.0,0.0
outer1,1,72,b871,60.0,300.0,0.0,0.0,0.0,0.0,0.0,1.0,1.0,0.0
outer1,1,72,b871,60.0,330.0,0.0,0.0,0.0,0.0,0.0,1.0,1.0,0.0
outer1,1,72,b871,90.0,0.0,0.0,0.0,0.0,0.0,0.0,1.0,1.0,0.0
outer1,1,72,b871,90.0,30.0,0.0,150.0,150.0,0.0,150.0,1.0,0.0,-1.0
outer1,1,72,b871,90.0,60.0,60.000003814697266,0.0,-60.000003814697266,0.0,-60.0,0.0,1.0,1.0
outer1,1,72,b871,90.0,90.0,180.0,0.0,-180.0,0.0,-180.0,0.0,1.0,1.0
outer1,1,72,b871,90.0,120.0,0.0,0.0,0.0,0.0,0.0,1.0,1.0,0.0
outer1,1,72,b871,90.0,150.0,0.0,180.0,180.0,0.0,180.0,1.0,0.0,-1.0
outer1,1,72,b871,90.0,180.0,180.0,180.0,0.0,0.0,0.0,0.0,0.0,0.0
outer1,1,72,b871,90.0,210.0,0.0,0.0,0.0,0.0,0.0,1.0,1.0,0.0
outer1,1,72,b871,90.0,240.0,120.00000762939453,60.000003814697266,-60.000003814697266,0.0,-60.0,0.0,0.0,0.0
outer1,1,72,b871,90.0,270.0,180.0,0.0,-180.0,0.0,-180.0,0.0,1.0,1.0
outer1,1,72,b871,90.0,300.0,180.0,0.0,-180.0,0.0,-180.0,0.0,1.0,1.0
outer1,1,72,b871,90.0,330.0,180.0,0.0,-180.0,0.0,-180.0,0.0,1.0,1.0
outer1,1,72,b871,120.0,0.0,0.0,29.99998664855957,29.99998664855957,30.0,0.0,1.0,0.0,-1.0
outer1,1,72,b871,120.0,30.0,0.0,0.0,0.0,0.0,0.0,1.0,1.0,0.0
outer1,1,72,b871,120.0,60.0,0.0,0.0,0.0,0.0,0.0,1.0,1.0,0.0
outer1,1,72,b871,120.0,90.0,0.0,0.0,0.0,0.0,0.0,1.0,1.0,0.0
outer1,1,72,b871,120.0,120.0,0.0,0.0,0.0,0.0,0.0,1.0,1.0,0.0
outer1,1,72,b871,120.0,150.0,0.0,0.0,0.0,0.0,0.0,1.0,1.0,0.0
outer1,1,72,b871,120.0,180.0,0.0,0.0,0.0,0.0,0.0,1.0,1.0,0.0
outer1,1,72,b871,120.0,210.0,0.0,0.0,0.0,0.0,0.0,1.0,1.0,0.0
outer1,1,72,b871,120.0,240.0,0.0,0.0,0.0,0.0,0.0,1.0,1.0,0.0
outer1,1,72,b871,120.0,270.0,0.0,0.0,0.0,0.0,0.0,1.0,1.0,0.0
outer1,1,72,b871,120.0,300.0,0.0,0.0,0.0,0.0,0.0,1.0,1.0,0.0
outer1,1,72,b871,120.0,330.0,0.0,0.0,0.0,0.0,0.0,1.0,1.0,0.0
outer1,1,72,b871,150.0,0.0,0.0,0.0,0.0,0.0,0.0,1.0,1.0,0.0
outer1,1,72,b871,150.0,30.0,0.0,0.0,0.0,0.0,0.0,1.0,1.0,0.0
outer1,1,72,b871,150.0,60.0,0.0,0.0,0.0,0.0,0.0,1.0,1.0,0.0
outer1,1,72,b871,150.0,90.0,0.0,0.0,0.0,0.0,0.0,1.0,1.0,0.0
outer1,1,72,b871,150.0,120.0,0.0,0.0,0.0,0.0,0.0,1.0,1.0,0.0
outer1,1,72,b871,150.0,150.0,0.0,0.0,0.0,0.0,0.0,1.0,1.0,0.0
outer1,1,72,b871,150.0,180.0,0.0,0.0,0.0,0.0,0.0,1.0,1.0,0.0
outer1,1,72,b871,150.0,210.0,0.0,0.0,0.0,0.0,0.0,1.0,1.0,0.0
outer1,1,72,b871,150.0,240.0,0.0,0.0,0.0,0.0,0.0,1.0,1.0,0.0
outer1,1,72,b871,150.0,270.0,0.0,0.0,0.0,0.0,0.0,1.0,1.0,0.0
outer1,1,72,b871,150.0,300.0,0.0,0.0,0.0,0.0,0.0,1.0,1.0,0.0
outer1,1,72,b871,150.0,330.0,0.0,0.0,0.0,0.0,0.0,1.0,1.0,0.0
outer1,1,72,b905,30.0,0.0,0.0,0.0,0.0,0.0,0.0,1.0,1.0,0.0
outer1,1,72,b905,30.0,30.0,0.0,0.0,0.0,0.0,0.0,1.0,1.0,0.0
outer1,1,72,b905,30.0,60.0,0.0,0.0,0.0,0.0,0.0,1.0,1.0,0.0
outer1,1,72,b905,30.0,90.0,0.0,0.0,0.0,0.0,0.0,1.0,1.0,0.0
outer1,1,72,b905,30.0,120.0,0.0,0.0,0.0,0.0,0.0,1.0,1.0,0.0
outer1,1,72,b905,30.0,150.0,0.0,0.0,0.0,0.0,0.0,1.0,1.0,0.0
outer1,1,72,b905,30.0,180.0,0.0,0.0,0.0,0.0,0.0,1.0,1.0,0.0
outer1,1,72,b905,30.0,210.0,0.0,0.0,0.0,0.0,0.0,1.0,1.0,0.0
outer1,1,72,b905,30.0,240.0,0.0,0.0,0.0,0.0,0.0,1.0,1.0,0.0
outer1,1,72,b905,30.0,270.0,0.0,0.0,0.0,0.0,0.0,1.0,1.0,0.0
outer1,1,72,b905,30.0,300.0,0.0,0.0,0.0,0.0,0.0,1.0,1.0,0.0
outer1,1,72,b905,30.0,330.0,0.0,0.0,0.0,0.0,0.0,1.0,1.0,0.0
outer1,1,72,b905,60.0,0.0,0.0,0.0,0.0,0.0,0.0,1.0,1.0,0.0
outer1,1,72,b905,60.0,30.0,0.0,0.0,0.0,0.0,0.0,1.0,1.0,0.0
outer1,1,72,b905,60.0,60.0,0.0,0.0,0.0,0.0,0.0,1.0,1.0,0.0
outer1,1,72,b905,60.0,90.0,0.0,0.0,0.0,0.0,0.0,1.0,1.0,0.0
outer1,1,72,b905,60.0,120.0,0.0,0.0,0.0,0.0,0.0,1.0,1.0,0.0
outer1,1,72,b905,60.0,150.0,0.0,0.0,0.0,0.0,0.0,1.0,1.0,0.0
outer1,1,72,b905,60.0,180.0,0.0,0.0,0.0,0.0,0.0,1.0,1.0,0.0
outer1,1,72,b905,60.0,210.0,0.0,60.000003814697266,60.000003814697266,60.0,0.0,1.0,0.0,-1.0
outer1,1,72,b905,60.0,240.0,60.000003814697266,128.6822052001953,68.68220138549805,0.0,120.0,0.0,0.0,0.0
outer1,1,72,b905,60.0,270.0,0.0,0.0,0.0,0.0,0.0,1.0,1.0,0.0
outer1,1,72,b905,60.0,300.0,0.0,0.0,0.0,0.0,0.0,1.0,1.0,0.0
outer1,1,72,b905,60.0,330.0,0.0,0.0,0.0,0.0,0.0,1.0,1.0,0.0
outer1,1,72,b905,90.0,0.0,180.0,180.0,0.0,0.0,0.0,0.0,0.0,0.0
outer1,1,72,b905,90.0,30.0,60.00000762939453,30.000001907348633,-30.0000057220459,0.0,-30.0,0.0,0.0,0.0
outer1,1,72,b905,90.0,60.0,30.000001907348633,180.0,149.99999809265137,0.0,150.0,0.0,0.0,0.0
outer1,1,72,b905,90.0,90.0,0.0,0.0,0.0,0.0,0.0,1.0,1.0,0.0
outer1,1,72,b905,90.0,120.0,60.000003814697266,120.00000762939453,60.000003814697266,0.0,60.0,0.0,0.0,0.0
outer1,1,72,b905,90.0,150.0,30.000001907348633,180.0,149.99999809265137,0.0,150.0,0.0,0.0,0.0
outer1,1,72,b905,90.0,180.0,0.0,0.0,0.0,0.0,0.0,1.0,1.0,0.0
outer1,1,72,b905,90.0,210.0,120.00000762939453,120.00000762939453,0.0,0.0,0.0,0.0,0.0,0.0
outer1,1,72,b905,90.0,240.0,180.0,0.0,-180.0,0.0,-180.0,0.0,1.0,1.0
outer1,1,72,b905,90.0,270.0,180.0,0.0,-180.0,0.0,-180.0,0.0,1.0,1.0
outer1,1,72,b905,90.0,300.0,60.000003814697266,60.000003814697266,0.0,0.0,0.0,0.0,0.0,0.0
outer1,1,72,b905,90.0,330.0,150.0,180.0,30.0,0.0,30.0,0.0,0.0,0.0
outer1,1,72,b905,120.0,0.0,0.0,0.0,0.0,0.0,0.0,1.0,1.0,0.0
outer1,1,72,b905,120.0,30.0,0.0,0.0,0.0,0.0,0.0,1.0,1.0,0.0
outer1,1,72,b905,120.0,60.0,0.0,0.0,0.0,0.0,0.0,1.0,1.0,0.0
outer1,1,72,b905,120.0,90.0,0.0,0.0,0.0,0.0,0.0,1.0,1.0,0.0
outer1,1,72,b905,120.0,120.0,0.0,0.0,0.0,0.0,0.0,1.0,1.0,0.0
outer1,1,72,b905,120.0,150.0,0.0,0.0,0.0,0.0,0.0,1.0,1.0,0.0
outer1,1,72,b905,120.0,180.0,0.0,0.0,0.0,0.0,0.0,1.0,1.0,0.0
outer1,1,72,b905,120.0,210.0,0.0,0.0,0.0,0.0,0.0,1.0,1.0,0.0
outer1,1,72,b905,120.0,240.0,0.0,0.0,0.0,0.0,0.0,1.0,1.0,0.0
outer1,1,72,b905,120.0,270.0,0.0,0.0,0.0,0.0,0.0,1.0,1.0,0.0
outer1,1,72,b905,120.0,300.0,0.0,0.0,0.0,0.0,0.0,1.0,1.0,0.0
outer1,1,72,b905,120.0,330.0,0.0,0.0,0.0,0.0,0.0,1.0,1.0,0.0
outer1,1,72,b905,150.0,0.0,0.0,0.0,0.0,0.0,0.0,1.0,1.0,0.0
outer1,1,72,b905,150.0,30.0,0.0,60.000003814697266,60.000003814697266,0.0,180.0,1.0,0.0,-1.0
outer1,1,72,b905,150.0,60.0,0.0,0.0,0.0,0.0,0.0,1.0,1.0,0.0
outer1,1,72,b905,150.0,90.0,0.0,0.0,0.0,0.0,0.0,1.0,1.0,0.0
outer1,1,72,b905,150.0,120.0,0.0,0.0,0.0,0.0,0.0,1.0,1.0,0.0
outer1,1,72,b905,150.0,150.0,0.0,0.0,0.0,0.0,0.0,1.0,1.0,0.0
outer1,1,72,b905,150.0,180.0,0.0,0.0,0.0,0.0,0.0,1.0,1.0,0.0
outer1,1,72,b905,150.0,210.0,0.0,0.0,0.0,0.0,0.0,1.0,1.0,0.0
outer1,1,72,b905,150.0,240.0,0.0,51.31782150268555,51.31782150268555,0.0,120.0,1.0,0.0,-1.0
outer1,1,72,b905,150.0,270.0,0.0,0.0,0.0,0.0,0.0,1.0,1.0,0.0
outer1,1,72,b905,150.0,300.0,0.0,0.0,0.0,0.0,0.0,1.0,1.0,0.0
outer1,1,72,b905,150.0,330.0,0.0,0.0,0.0,0.0,0.0,1.0,1.0,0.0
outer1,1,72,bb7d,30.0,0.0,150.0,60.000003814697266,-89.99999618530273,-90.0,0.0,0.0,0.0,0.0
outer1,1,72,bb7d,30.0,30.0,0.0,128.68218994140625,128.68218994140625,120.0,60.0,1.0,0.0,-1.0
outer1,1,72,bb7d,30.0,60.0,51.31781005859375,128.68218994140625,77.3643798828125,120.0,-60.0,0.0,0.0,0.0
outer1,1,72,bb7d,30.0,90.0,180.0,0.0,-180.0,-120.0,-180.0,0.0,1.0,1.0
outer1,1,72,bb7d,30.0,120.0,128.68218994140625,180.0,51.31781005859375,0.0,120.0,0.0,0.0,0.0
outer1,1,72,bb7d,30.0,150.0,122.24180603027344,151.04498291015625,28.803176879882812,0.0,90.0,0.0,0.0,0.0
outer1,1,72,bb7d,30.0,180.0,90.0,0.0,-90.0,-90.0,0.0,0.0,1.0,1.0
outer1,1,72,bb7d,30.0,210.0,60.000003814697266,128.68218994140625,68.68218612670898,120.0,-120.0,0.0,0.0,0.0
outer1,1,72,bb7d,30.0,240.0,60.000003814697266,60.000003814697266,0.0,0.0,0.0,0.0,0.0,0.0
outer1,1,72,bb7d,30.0,270.0,120.00000762939453,0.0,-120.00000762939453,-120.0,0.0,0.0,1.0,1.0
outer1,1,72,bb7d,30.0,300.0,0.0,0.0,0.0,0.0,0.0,1.0,1.0,0.0
outer1,1,72,bb7d,30.0,330.0,128.68218994140625,128.68218994140625,0.0,0.0,0.0,0.0,0.0,0.0
outer1,1,72,bb7d,60.0,0.0,120.00000762939453,90.0,-30.00000762939453,30.0,0.0,0.0,0.0,0.0
outer1,1,72,bb7d,60.0,30.0,25.905075073242188,82.81924438476562,56.91416931152344,60.0,30.0,0.0,0.0,0.0
outer1,1,72,bb7d,60.0,60.0,36.097782135009766,66.45188903808594,30.354106903076172,30.0,0.0,0.0,0.0,0.0
outer1,1,72,bb7d,60.0,90.0,60.000003814697266,180.0,119.99999618530273,0.0,180.0,0.0,0.0,0.0
outer1,1,72,bb7d,60.0,120.0,93.32574462890625,82.81924438476562,-10.506500244140625,-30.0,30.0,0.0,0.0,0.0
outer1,1,72,bb7d,60.0,150.0,128.6822052001953,128.6822052001953,0.0,0.0,0.0,0.0,0.0,0.0
outer1,1,72,bb7d,60.0,180.0,0.0,60.000003814697266,60.000003814697266,60.0,0.0,1.0,0.0,-1.0
outer1,1,72,bb7d,60.0,210.0,120.00000762939453,120.00000762939453,0.0,0.0,0.0,0.0,0.0,0.0
outer1,1,72,bb7d,60.0,240.0,113.5481185913086,113.5481185913086,0.0,0.0,0.0,0.0,0.0,0.0
outer1,1,72,bb7d,60.0,270.0,60.000003814697266,180.0,119.99999618530273,0.0,180.0,0.0,0.0,0.0
outer1,1,72,bb7d,60.0,300.0,143.9022216796875,0.0,-143.9022216796875,-90.0,-150.0,0.0,1.0,1.0
outer1,1,72,bb7d,60.0,330.0,82.81924438476562,82.81924438476562,0.0,0.0,0.0,0.0,0.0,0.0
outer1,1,72,bb7d,90.0,0.0,150.0,64.34110260009766,-85.65889739990234,30.0,-90.0,0.0,0.0,0.0
outer1,1,72,bb7d,90.0,30.0,115.65889739990234,115.65889739990234,0.0,0.0,0.0,0.0,0.0,0.0
outer1,1,72,bb7d,90.0,60.0,41.40962219238281,138.59039306640625,97.18077087402344,0.0,120.0,0.0,0.0,0.0
outer1,1,72,bb7d,90.0,90.0,0.0,150.0,150.0,30.0,180.0,1.0,0.0,-1.0
outer1,1,72,bb7d,90.0,120.0,41.40962219238281,138.59039306640625,97.18077087402344,0.0,120.0,0.0,0.0,0.0
outer1,1,72,bb7d,90.0,150.0,115.6589126586914,104.47750854492188,-11.181404113769531,30.0,0.0,0.0,0.0,0.0
outer1,1,72,bb7d,90.0,180.0,30.000001907348633,115.6589126586914,85.65891075134277,30.0,90.0,0.0,0.0,0.0
outer1,1,72,bb7d,90.0,210.0,64.34110260009766,64.34110260009766,0.0,0.0,0.0,0.0,0.0,0.0
outer1,1,72,bb7d,90.0,240.0,138.59039306640625,41.40962219238281,-97.18077087402344,0.0,-120.0,0.0,0.0,0.0
outer1,1,72,bb7d,90.0,270.0,0.0,30.000001907348633,30.000001907348633,30.0,0.0,1.0,0.0,-1.0
outer1,1,72,bb7d,90.0,300.0,138.59039306640625,41.40962219238281,-97.18077087402344,0.0,-120.0,0.0,0.0,0.0
outer1,1,72,bb7d,90.0,330.0,64.34110260009766,64.34110260009766,0.0,0.0,0.0,0.0,0.0,0.0
outer1,1,72,bb7d,120.0,0.0,180.0,120.00000762939453,-59.99999237060547,-60.0,0.0,0.0,0.0,0.0
outer1,1,72,bb7d,120.0,30.0,82.81924438476562,0.0,-82.81924438476562,-60.0,-60.0,0.0,1.0,1.0
outer1,1,72,bb7d,120.0,60.0,93.32575225830078,154.0949249267578,60.76917266845703,-30.0,120.0,0.0,0.0,0.0
outer1,1,72,bb7d,120.0,90.0,150.0,60.000003814697266,-89.99999618530273,30.0,-180.0,0.0,0.0,0.0
outer1,1,72,bb7d,120.0,120.0,93.32575225830078,66.45188903808594,-26.873863220214844,-30.0,0.0,0.0,0.0,0.0
outer1,1,72,bb7d,120.0,150.0,128.6822052001953,128.6822052001953,0.0,0.0,0.0,0.0,0.0,0.0
outer1,1,72,bb7d,120.0,180.0,60.000003814697266,90.0,29.999996185302734,30.0,0.0,0.0,0.0,0.0
outer1,1,72,bb7d,120.0,210.0,113.54811096191406,60.000003814697266,-53.5481071472168,60.0,-150.0,0.0,0.0,0.0
outer1,1,72,bb7d,120.0,240.0,86.67424774169922,154.09490966796875,67.42066192626953,30.0,0.0,0.0,0.0,0.0
outer1,1,72,bb7d,120.0,270.0,0.0,0.0,0.0,0.0,0.0,1.0,1.0,0.0
outer1,1,72,bb7d,120.0,300.0,143.9022216796875,113.54811096191406,-30.354110717773438,-90.0,0.0,0.0,0.0,0.0
outer1,1,72,bb7d,120.0,330.0,82.81924438476562,82.81924438476562,0.0,0.0,0.0,0.0,0.0,0.0
outer1,1,72,bb7d,150.0,0.0,90.0,90.0,0.0,0.0,0.0,0.0,0.0,0.0
outer1,1,72,bb7d,150.0,30.0,0.0,122.24180603027344,122.24180603027344,120.0,30.0,1.0,0.0,-1.0
outer1,1,72,bb7d,150.0,60.0,151.04498291015625,128.68218994140625,-22.36279296875,0.0,-60.0,0.0,0.0,0.0
outer1,1,72,bb7d,150.0,90.0,60.000003814697266,120.00000762939453,60.000003814697266,120.0,-180.0,0.0,0.0,0.0
outer1,1,72,bb7d,150.0,120.0,128.68218994140625,128.68218994140625,0.0,0.0,0.0,0.0,0.0,0.0
outer1,1,72,bb7d,150.0,150.0,151.04498291015625,0.0,-151.04498291015625,-120.0,-120.0,0.0,1.0,1.0
outer1,1,72,bb7d,150.0,180.0,29.99998664855957,120.00000762939453,90.00002098083496,90.0,0.0,0.0,0.0,0.0
outer1,1,72,bb7d,150.0,210.0,60.000003814697266,128.68218994140625,68.68218612670898,120.0,-120.0,0.0,0.0,0.0
outer1,1,72,bb7d,150.0,240.0,14.870942115783691,128.68218994140625,113.81124782562256,120.0,30.0,0.0,0.0,0.0
outer1,1,72,bb7d,150.0,270.0,0.0,120.00000762939453,120.00000762939453,120.0,0.0,1.0,0.0,-1.0
outer1,1,72,bb7d,150.0,300.0,120.00000762939453,0.0,-120.00000762939453,-120.0,0.0,0.0,1.0,1.0
outer1,1,72,bb7d,150.0,330.0,128.68218994140625,151.04498291015625,22.36279296875,0.0,60.0,0.0,0.0,0.0
outer1,1,72,bbc6,30.0,0.0,0.0,0.0,0.0,0.0,0.0,1.0,1.0,0.0
outer1,1,72,bbc6,30.0,30.0,0.0,0.0,0.0,0.0,0.0,1.0,1.0,0.0
outer1,1,72,bbc6,30.0,60.0,0.0,0.0,0.0,0.0,0.0,1.0,1.0,0.0
outer1,1,72,bbc6,30.0,90.0,180.0,60.000003814697266,-119.99999618530273,-120.0,0.0,0.0,0.0,0.0
outer1,1,72,bbc6,30.0,120.0,151.04498291015625,57.7581901550293,-93.28679275512695,-120.0,30.0,0.0,0.0,0.0
outer1,1,72,bbc6,30.0,150.0,0.0,0.0,0.0,0.0,0.0,1.0,1.0,0.0
outer1,1,72,bbc6,30.0,180.0,120.00000762939453,0.0,-120.00000762939453,-120.0,0.0,0.0,1.0,1.0
outer1,1,72,bbc6,30.0,210.0,122.24180603027344,128.68218994140625,6.4403839111328125,0.0,30.0,0.0,0.0,0.0
outer1,1,72,bbc6,30.0,240.0,0.0,0.0,0.0,0.0,0.0,1.0,1.0,0.0
outer1,1,72,bbc6,30.0,270.0,0.0,0.0,0.0,0.0,0.0,1.0,1.0,0.0
outer1,1,72,bbc6,30.0,300.0,0.0,0.0,0.0,0.0,0.0,1.0,1.0,0.0
outer1,1,72,bbc6,30.0,330.0,14.870942115783691,0.0,-14.870942115783691,0.0,-30.0,0.0,1.0,1.0
outer1,1,72,bbc6,60.0,0.0,30.000001907348633,30.000001907348633,0.0,0.0,0.0,0.0,0.0,0.0
outer1,1,72,bbc6,60.0,30.0,0.0,0.0,0.0,0.0,0.0,1.0,1.0,0.0
outer1,1,72,bbc6,60.0,60.0,0.0,0.0,0.0,0.0,0.0,1.0,1.0,0.0
outer1,1,72,bbc6,60.0,90.0,180.0,180.0,0.0,0.0,0.0,0.0,0.0,0.0
outer1,1,72,bbc6,60.0,120.0,128.6822052001953,128.6822052001953,0.0,0.0,0.0,0.0,0.0,0.0
outer1,1,72,bbc6,60.0,150.0,82.81924438476562,82.81924438476562,0.0,0.0,0.0,0.0,0.0,0.0
outer1,1,72,bbc6,60.0,180.0,90.0,60.000003814697266,-29.999996185302734,-30.0,0.0,0.0,0.0,0.0
outer1,1,72,bbc6,60.0,210.0,0.0,82.81924438476562,82.81924438476562,60.0,60.0,1.0,0.0,-1.0
outer1,1,72,bbc6,60.0,240.0,0.0,0.0,0.0,0.0,0.0,1.0,1.0,0.0
outer1,1,72,bbc6,60.0,270.0,0.0,0.0,0.0,0.0,0.0,1.0,1.0,0.0
outer1,1,72,bbc6,60.0,300.0,0.0,120.00000762939453,120.00000762939453,0.0,180.0,1.0,0.0,-1.0
outer1,1,72,bbc6,60.0,330.0,0.0,0.0,0.0,0.0,0.0,1.0,1.0,0.0
outer1,1,72,bbc6,90.0,0.0,0.0,180.0,180.0,0.0,180.0,1.0,0.0,-1.0
outer1,1,72,bbc6,90.0,30.0,0.0,180.0,180.0,0.0,180.0,1.0,0.0,-1.0
outer1,1,72,bbc6,90.0,60.0,60.000003814697266,119.99999237060547,59.9999885559082,0.0,60.0,0.0,0.0,0.0
outer1,1,72,bbc6,90.0,90.0,0.0,30.000001907348633,30.000001907348633,30.0,0.0,1.0,0.0,-1.0
outer1,1,72,bbc6,90.0,120.0,0.0,180.0,180.0,0.0,180.0,1.0,0.0,-1.0
outer1,1,72,bbc6,90.0,150.0,180.0,0.0,-180.0,0.0,-180.0,0.0,1.0,1.0
outer1,1,72,bbc6,90.0,180.0,180.0,0.0,-180.0,0.0,-180.0,0.0,1.0,1.0
outer1,1,72,bbc6,90.0,210.0,180.0,120.00000762939453,-59.99999237060547,0.0,-60.0,0.0,0.0,0.0
outer1,1,72,bbc6,90.0,240.0,120.00000762939453,60.000003814697266,-60.000003814697266,0.0,-60.0,0.0,0.0,0.0
outer1,1,72,bbc6,90.0,270.0,180.0,180.0,0.0,0.0,0.0,0.0,0.0,0.0
outer1,1,72,bbc6,90.0,300.0,180.0,0.0,-180.0,0.0,-180.0,0.0,1.0,1.0
outer1,1,72,bbc6,90.0,330.0,0.0,180.0,180.0,0.0,180.0,1.0,0.0,-1.0
outer1,1,72,bbc6,120.0,0.0,29.99998664855957,29.99998664855957,0.0,0.0,0.0,0.0,0.0,0.0
outer1,1,72,bbc6,120.0,30.0,0.0,0.0,0.0,0.0,0.0,1.0,1.0,0.0
outer1,1,72,bbc6,120.0,60.0,0.0,0.0,0.0,0.0,0.0,1.0,1.0,0.0
outer1,1,72,bbc6,120.0,90.0,180.0,180.0,0.0,0.0,0.0,0.0,0.0,0.0
outer1,1,72,bbc6,120.0,120.0,128.6822052001953,128.6822052001953,0.0,0.0,0.0,0.0,0.0,0.0
outer1,1,72,bbc6,120.0,150.0,60.000003814697266,51.31781005859375,-8.682193756103516,-60.0,60.0,0.0,0.0,0.0
outer1,1,72,bbc6,120.0,180.0,29.99998664855957,90.0,60.00001335144043,60.0,0.0,0.0,0.0,0.0
outer1,1,72,bbc6,120.0,210.0,0.0,0.0,0.0,0.0,0.0,1.0,1.0,0.0
outer1,1,72,bbc6,120.0,240.0,93.32575225830078,0.0,-93.32575225830078,-90.0,-30.0,0.0,1.0,1.0
outer1,1,72,bbc6,120.0,270.0,0.0,0.0,0.0,0.0,0.0,1.0,1.0,0.0
outer1,1,72,bbc6,120.0,300.0,128.68218994140625,128.68218994140625,0.0,0.0,0.0,0.0,0.0,0.0
outer1,1,72,bbc6,120.0,330.0,0.0,0.0,0.0,0.0,0.0,1.0,1.0,0.0
outer1,1,72,bbc6,150.0,0.0,0.0,0.0,0.0,0.0,0.0,1.0,1.0,0.0
outer1,1,72,bbc6,150.0,30.0,0.0,0.0,0.0,0.0,0.0,1.0,1.0,0.0
outer1,1,72,bbc6,150.0,60.0,0.0,60.000003814697266,60.000003814697266,0.0,180.0,1.0,0.0,-1.0
outer1,1,72,bbc6,150.0,90.0,180.0,150.0,-30.0,-30.0,0.0,0.0,0.0,0.0
outer1,1,72,bbc6,150.0,120.0,128.68218994140625,51.31782150268555,-77.3643684387207,-120.0,60.0,0.0,0.0,0.0
outer1,1,72,bbc6,150.0,150.0,0.0,0.0,0.0,0.0,0.0,1.0,1.0,0.0
outer1,1,72,bbc6,150.0,180.0,0.0,0.0,0.0,0.0,0.0,1.0,1.0,0.0
outer1,1,72,bbc6,150.0,210.0,0.0,128.68218994140625,128.68218994140625,120.0,60.0,1.0,0.0,-1.0
outer1,1,72,bbc6,150.0,240.0,0.0,0.0,0.0,0.0,0.0,1.0,1.0,0.0
outer1,1,72,bbc6,150.0,270.0,0.0,0.0,0.0,0.0,0.0,1.0,1.0,0.0
outer1,1,72,bbc6,150.0,300.0,151.04498291015625,0.0,-151.04498291015625,-120.0,-120.0,0.0,1.0,1.0
outer1,1,72,bbc6,150.0,330.0,0.0,0.0,0.0,0.0,0.0,1.0,1.0,0.0
outer1,1,73,b827,30.0,0.0,0.0,0.0,0.0,0.0,0.0,1.0,1.0,0.0
outer1,1,73,b827,30.0,30.0,0.0,0.0,0.0,0.0,0.0,1.0,1.0,0.0
outer1,1,73,b827,30.0,60.0,0.0,0.0,0.0,0.0,0.0,1.0,1.0,0.0
outer1,1,73,b827,30.0,90.0,0.0,30.000001907348633,30.000001907348633,30.0,0.0,1.0,0.0,-1.0
outer1,1,73,b827,30.0,120.0,0.0,60.000003814697266,60.000003814697266,0.0,180.0,1.0,0.0,-1.0
outer1,1,73,b827,30.0,150.0,0.0,0.0,0.0,0.0,0.0,1.0,1.0,0.0
outer1,1,73,b827,30.0,180.0,0.0,0.0,0.0,0.0,0.0,1.0,1.0,0.0
outer1,1,73,b827,30.0,210.0,0.0,0.0,0.0,0.0,0.0,1.0,1.0,0.0
outer1,1,73,b827,30.0,240.0,0.0,120.00000762939453,120.00000762939453,120.0,0.0,1.0,0.0,-1.0
outer1,1,73,b827,30.0,270.0,0.0,0.0,0.0,0.0,0.0,1.0,1.0,0.0
outer1,1,73,b827,30.0,300.0,0.0,0.0,0.0,0.0,0.0,1.0,1.0,0.0
outer1,1,73,b827,30.0,330.0,0.0,0.0,0.0,0.0,0.0,1.0,1.0,0.0
outer1,1,73,b827,60.0,0.0,30.000001907348633,30.000001907348633,0.0,0.0,0.0,0.0,0.0,0.0
outer1,1,73,b827,60.0,30.0,0.0,0.0,0.0,0.0,0.0,1.0,1.0,0.0
outer1,1,73,b827,60.0,60.0,25.905075073242188,25.905075073242188,0.0,0.0,0.0,0.0,0.0,0.0
outer1,1,73,b827,60.0,90.0,0.0,0.0,0.0,0.0,0.0,1.0,1.0,0.0
outer1,1,73,b827,60.0,120.0,0.0,0.0,0.0,0.0,0.0,1.0,1.0,0.0
outer1,1,73,b827,60.0,150.0,0.0,51.31781005859375,51.31781005859375,0.0,60.0,1.0,0.0,-1.0
outer1,1,73,b827,60.0,180.0,0.0,30.000001907348633,30.000001907348633,30.0,0.0,1.0,0.0,-1.0
outer1,1,73,b827,60.0,210.0,51.31781005859375,66.45188903808594,15.134078979492188,60.0,-30.0,0.0,0.0,0.0
outer1,1,73,b827,60.0,240.0,0.0,0.0,0.0,0.0,0.0,1.0,1.0,0.0
outer1,1,73,b827,60.0,270.0,0.0,0.0,0.0,0.0,0.0,1.0,1.0,0.0
outer1,1,73,b827,60.0,300.0,0.0,0.0,0.0,0.0,0.0,1.0,1.0,0.0
outer1,1,73,b827,60.0,330.0,0.0,82.81924438476562,82.81924438476562,60.0,60.0,1.0,0.0,-1.0
outer1,1,73,b827,90.0,0.0,180.0,30.00000762939453,-149.99999237060547,0.0,-150.0,0.0,0.0,0.0
outer1,1,73,b827,90.0,30.0,180.0,0.0,-180.0,0.0,-180.0,0.0,1.0,1.0
outer1,1,73,b827,90.0,60.0,119.99999237060547,119.99999237060547,0.0,0.0,0.0,0.0,0.0,0.0
outer1,1,73,b827,90.0,90.0,0.0,0.0,0.0,0.0,0.0,1.0,1.0,0.0
outer1,1,73,b827,90.0,120.0,0.0,0.0,0.0,0.0,0.0,1.0,1.0,0.0
outer1,1,73,b827,90.0,150.0,30.000001907348633,60.000003814697266,30.000001907348633,0.0,30.0,0.0,0.0,0.0
outer1,1,73,b827,90.0,180.0,0.0,150.0,150.0,0.0,150.0,1.0,0.0,-1.0
outer1,1,73,b827,90.0,210.0,0.0,0.0,0.0,0.0,0.0,1.0,1.0,0.0
outer1,1,73,b827,90.0,240.0,60.000003814697266,60.000003814697266,0.0,0.0,0.0,0.0,0.0,0.0
outer1,1,73,b827,90.0,270.0,0.0,0.0,0.0,0.0,0.0,1.0,1.0,0.0
outer1,1,73,b827,90.0,300.0,0.0,0.0,0.0,0.0,0.0,1.0,1.0,0.0
outer1,1,73,b827,90.0,330.0,180.0,120.00000762939453,-59.99999237060547,0.0,-60.0,0.0,0.0,0.0
outer1,1,73,b827,120.0,0.0,0.0,29.99998664855957,29.99998664855957,30.0,0.0,1.0,0.0,-1.0
outer1,1,73,b827,120.0,30.0,0.0,0.0,0.0,0.0,0.0,1.0,1.0,0.0
outer1,1,73,b827,120.0,60.0,0.0,0.0,0.0,0.0,0.0,1.0,1.0,0.0
outer1,1,73,b827,120.0,90.0,29.99998664855957,0.0,-29.99998664855957,-30.0,0.0,0.0,1.0,1.0
outer1,1,73,b827,120.0,120.0,0.0,0.0,0.0,0.0,0.0,1.0,1.0,0.0
outer1,1,73,b827,120.0,150.0,0.0,60.000003814697266,60.000003814697266,60.0,0.0,1.0,0.0,-1.0
outer1,1,73,b827,120.0,180.0,29.99998664855957,0.0,-29.99998664855957,-30.0,0.0,0.0,1.0,1.0
outer1,1,73,b827,120.0,210.0,0.0,0.0,0.0,0.0,0.0,1.0,1.0,0.0
outer1,1,73,b827,120.0,240.0,0.0,0.0,0.0,0.0,0.0,1.0,1.0,0.0
outer1,1,73,b827,120.0,270.0,0.0,0.0,0.0,0.0,0.0,1.0,1.0,0.0
outer1,1,73,b827,120.0,300.0,0.0,0.0,0.0,0.0,0.0,1.0,1.0,0.0
outer1,1,73,b827,120.0,330.0,0.0,120.00000762939453,120.00000762939453,0.0,180.0,1.0,0.0,-1.0
outer1,1,73,b827,150.0,0.0,0.0,0.0,0.0,0.0,0.0,1.0,1.0,0.0
outer1,1,73,b827,150.0,30.0,0.0,0.0,0.0,0.0,0.0,1.0,1.0,0.0
outer1,1,73,b827,150.0,60.0,0.0,0.0,0.0,0.0,0.0,1.0,1.0,0.0
outer1,1,73,b827,150.0,90.0,0.0,0.0,0.0,0.0,0.0,1.0,1.0,0.0
outer1,1,73,b827,150.0,120.0,0.0,0.0,0.0,0.0,0.0,1.0,1.0,0.0
outer1,1,73,b827,150.0,150.0,0.0,0.0,0.0,0.0,0.0,1.0,1.0,0.0
outer1,1,73,b827,150.0,180.0,0.0,0.0,0.0,0.0,0.0,1.0,1.0,0.0
outer1,1,73,b827,150.0,210.0,0.0,60.000003814697266,60.000003814697266,0.0,180.0,1.0,0.0,-1.0
outer1,1,73,b827,150.0,240.0,0.0,0.0,0.0,0.0,0.0,1.0,1.0,0.0
outer1,1,73,b827,150.0,270.0,0.0,0.0,0.0,0.0,0.0,1.0,1.0,0.0
outer1,1,73,b827,150.0,300.0,0.0,0.0,0.0,0.0,0.0,1.0,1.0,0.0
outer1,1,73,b827,150.0,330.0,0.0,0.0,0.0,0.0,0.0,1.0,1.0,0.0
outer1,1,73,b871,30.0,0.0,0.0,0.0,0.0,0.0,0.0,1.0,1.0,0.0
outer1,1,73,b871,30.0,30.0,0.0,60.000003814697266,60.000003814697266,0.0,180.0,1.0,0.0,-1.0
outer1,1,73,b871,30.0,60.0,0.0,0.0,0.0,0.0,0.0,1.0,1.0,0.0
outer1,1,73,b871,30.0,90.0,0.0,0.0,0.0,0.0,0.0,1.0,1.0,0.0
outer1,1,73,b871,30.0,120.0,0.0,0.0,0.0,0.0,0.0,1.0,1.0,0.0
outer1,1,73,b871,30.0,150.0,0.0,0.0,0.0,0.0,0.0,1.0,1.0,0.0
outer1,1,73,b871,30.0,180.0,0.0,0.0,0.0,0.0,0.0,1.0,1.0,0.0
outer1,1,73,b871,30.0,210.0,0.0,0.0,0.0,0.0,0.0,1.0,1.0,0.0
outer1,1,73,b871,30.0,240.0,0.0,0.0,0.0,0.0,0.0,1.0,1.0,0.0
outer1,1,73,b871,30.0,270.0,0.0,0.0,0.0,0.0,0.0,1.0,1.0,0.0
outer1,1,73,b871,30.0,300.0,0.0,0.0,0.0,0.0,0.0,1.0,1.0,0.0
outer1,1,73,b871,30.0,330.0,0.0,0.0,0.0,0.0,0.0,1.0,1.0,0.0
outer1,1,73,b871,60.0,0.0,0.0,30.000001907348633,30.000001907348633,30.0,0.0,1.0,0.0,-1.0
outer1,1,73,b871,60.0,30.0,0.0,0.0,0.0,0.0,0.0,1.0,1.0,0.0
outer1,1,73,b871,60.0,60.0,0.0,0.0,0.0,0.0,0.0,1.0,1.0,0.0
outer1,1,73,b871,60.0,90.0,0.0,0.0,0.0,0.0,0.0,1.0,1.0,0.0
outer1,1,73,b871,60.0,120.0,128.6822052001953,128.6822052001953,0.0,0.0,0.0,0.0,0.0,0.0
outer1,1,73,b871,60.0,150.0,0.0,0.0,0.0,0.0,0.0,1.0,1.0,0.0
outer1,1,73,b871,60.0,180.0,0.0,0.0,0.0,0.0,0.0,1.0,1.0,0.0
outer1,1,73,b871,60.0,210.0,51.31781005859375,60.000003814697266,8.682193756103516,60.0,-60.0,0.0,0.0,0.0
outer1,1,73,b871,60.0,240.0,0.0,0.0,0.0,0.0,0.0,1.0,1.0,0.0
outer1,1,73,b871,60.0,270.0,0.0,0.0,0.0,0.0,0.0,1.0,1.0,0.0
outer1,1,73,b871,60.0,300.0,0.0,0.0,0.0,0.0,0.0,1.0,1.0,0.0
outer1,1,73,b871,60.0,330.0,0.0,0.0,0.0,0.0,0.0,1.0,1.0,0.0
outer1,1,73,b871,90.0,0.0,0.0,0.0,0.0,0.0,0.0,1.0,1.0,0.0
outer1,1,73,b871,90.0,30.0,0.0,0.0,0.0,0.0,0.0,1.0,1.0,0.0
outer1,1,73,b871,90.0,60.0,60.000003814697266,0.0,-60.000003814697266,0.0,-60.0,0.0,1.0,1.0
outer1,1,73,b871,90.0,90.0,180.0,0.0,-180.0,0.0,-180.0,0.0,1.0,1.0
outer1,1,73,b871,90.0,120.0,0.0,0.0,0.0,0.0,0.0,1.0,1.0,0.0
outer1,1,73,b871,90.0,150.0,30.000001907348633,180.0,149.99999809265137,0.0,150.0,0.0,0.0,0.0
outer1,1,73,b871,90.0,180.0,180.0,180.0,0.0,0.0,0.0,0.0,0.0,0.0
outer1,1,73,b871,90.0,210.0,0.0,180.0,180.0,0.0,180.0,1.0,0.0,-1.0
outer1,1,73,b871,90.0,240.0,60.000003814697266,60.000003814697266,0.0,0.0,0.0,0.0,0.0,0.0
outer1,1,73,b871,90.0,270.0,180.0,180.0,0.0,0.0,0.0,0.0,0.0,0.0
outer1,1,73,b871,90.0,300.0,0.0,180.0,180.0,0.0,180.0,1.0,0.0,-1.0
outer1,1,73,b871,90.0,330.0,0.0,120.00000762939453,120.00000762939453,0.0,120.0,1.0,0.0,-1.0
outer1,1,73,b871,120.0,0.0,0.0,29.99998664855957,29.99998664855957,30.0,0.0,1.0,0.0,-1.0
outer1,1,73,b871,120.0,30.0,0.0,0.0,0.0,0.0,0.0,1.0,1.0,0.0
outer1,1,73,b871,120.0,60.0,0.0,0.0,0.0,0.0,0.0,1.0,1.0,0.0
outer1,1,73,b871,120.0,90.0,0.0,0.0,0.0,0.0,0.0,1.0,1.0,0.0
outer1,1,73,b871,120.0,120.0,128.6822052001953,97.18075561523438,-31.501449584960938,-60.0,0.0,0.0,0.0,0.0
outer1,1,73,b871,120.0,150.0,0.0,60.000003814697266,60.000003814697266,60.0,0.0,1.0,0.0,-1.0
outer1,1,73,b871,120.0,180.0,0.0,0.0,0.0,0.0,0.0,1.0,1.0,0.0
outer1,1,73,b871,120.0,210.0,0.0,82.81924438476562,82.81924438476562,60.0,60.0,1.0,0.0,-1.0
outer1,1,73,b871,120.0,240.0,0.0,0.0,0.0,0.0,0.0,1.0,1.0,0.0
outer1,1,73,b871,120.0,270.0,0.0,0.0,0.0,0.0,0.0,1.0,1.0,0.0
outer1,1,73,b871,120.0,300.0,0.0,0.0,0.0,0.0,0.0,1.0,1.0,0.0
outer1,1,73,b871,120.0,330.0,0.0,0.0,0.0,0.0,0.0,1.0,1.0,0.0
outer1,1,73,b871,150.0,0.0,0.0,0.0,0.0,0.0,0.0,1.0,1.0,0.0
outer1,1,73,b871,150.0,30.0,0.0,0.0,0.0,0.0,0.0,1.0,1.0,0.0
outer1,1,73,b871,150.0,60.0,0.0,0.0,0.0,0.0,0.0,1.0,1.0,0.0
outer1,1,73,b871,150.0,90.0,0.0,0.0,0.0,0.0,0.0,1.0,1.0,0.0
outer1,1,73,b871,150.0,120.0,151.04498291015625,0.0,-151.04498291015625,-120.0,-120.0,0.0,1.0,1.0
outer1,1,73,b871,150.0,150.0,0.0,0.0,0.0,0.0,0.0,1.0,1.0,0.0
outer1,1,73,b871,150.0,180.0,0.0,0.0,0.0,0.0,0.0,1.0,1.0,0.0
outer1,1,73,b871,150.0,210.0,0.0,0.0,0.0,0.0,0.0,1.0,1.0,0.0
outer1,1,73,b871,150.0,240.0,0.0,0.0,0.0,0.0,0.0,1.0,1.0,0.0
outer1,1,73,b871,150.0,270.0,0.0,0.0,0.0,0.0,0.0,1.0,1.0,0.0
outer1,1,73,b871,150.0,300.0,0.0,0.0,0.0,0.0,0.0,1.0,1.0,0.0
outer1,1,73,b871,150.0,330.0,0.0,0.0,0.0,0.0,0.0,1.0,1.0,0.0
outer1,1,73,b905,30.0,0.0,0.0,0.0,0.0,0.0,0.0,1.0,1.0,0.0
outer1,1,73,b905,30.0,30.0,0.0,0.0,0.0,0.0,0.0,1.0,1.0,0.0
outer1,1,73,b905,30.0,60.0,0.0,0.0,0.0,0.0,0.0,1.0,1.0,0.0
outer1,1,73,b905,30.0,90.0,120.00000762939453,0.0,-120.00000762939453,-120.0,0.0,0.0,1.0,1.0
outer1,1,73,b905,30.0,120.0,0.0,0.0,0.0,0.0,0.0,1.0,1.0,0.0
outer1,1,73,b905,30.0,150.0,0.0,0.0,0.0,0.0,0.0,1.0,1.0,0.0
outer1,1,73,b905,30.0,180.0,0.0,0.0,0.0,0.0,0.0,1.0,1.0,0.0
outer1,1,73,b905,30.0,210.0,0.0,0.0,0.0,0.0,0.0,1.0,1.0,0.0
outer1,1,73,b905,30.0,240.0,0.0,0.0,0.0,0.0,0.0,1.0,1.0,0.0
outer1,1,73,b905,30.0,270.0,0.0,0.0,0.0,0.0,0.0,1.0,1.0,0.0
outer1,1,73,b905,30.0,300.0,0.0,0.0,0.0,0.0,0.0,1.0,1.0,0.0
outer1,1,73,b905,30.0,330.0,0.0,0.0,0.0,0.0,0.0,1.0,1.0,0.0
outer1,1,73,b905,60.0,0.0,0.0,0.0,0.0,0.0,0.0,1.0,1.0,0.0
outer1,1,73,b905,60.0,30.0,66.45188903808594,0.0,-66.45188903808594,-60.0,-30.0,0.0,1.0,1.0
outer1,1,73,b905,60.0,60.0,0.0,0.0,0.0,0.0,0.0,1.0,1.0,0.0
outer1,1,73,b905,60.0,90.0,0.0,0.0,0.0,0.0,0.0,1.0,1.0,0.0
outer1,1,73,b905,60.0,120.0,0.0,0.0,0.0,0.0,0.0,1.0,1.0,0.0
outer1,1,73,b905,60.0,150.0,0.0,0.0,0.0,0.0,0.0,1.0,1.0,0.0
outer1,1,73,b905,60.0,180.0,0.0,0.0,0.0,0.0,0.0,1.0,1.0,0.0
outer1,1,73,b905,60.0,210.0,0.0,0.0,0.0,0.0,0.0,1.0,1.0,0.0
outer1,1,73,b905,60.0,240.0,128.6822052001953,97.1807632446289,-31.501441955566406,-60.0,0.0,0.0,0.0,0.0
outer1,1,73,b905,60.0,270.0,0.0,0.0,0.0,0.0,0.0,1.0,1.0,0.0
outer1,1,73,b905,60.0,300.0,0.0,0.0,0.0,0.0,0.0,1.0,1.0,0.0
outer1,1,73,b905,60.0,330.0,0.0,0.0,0.0,0.0,0.0,1.0,1.0,0.0
outer1,1,73,b905,90.0,0.0,0.0,0.0,0.0,0.0,0.0,1.0,1.0,0.0
outer1,1,73,b905,90.0,30.0,120.00000762939453,120.00000762939453,0.0,0.0,0.0,0.0,0.0,0.0
outer1,1,73,b905,90.0,60.0,0.0,180.0,180.0,0.0,180.0,1.0,0.0,-1.0
outer1,1,73,b905,90.0,90.0,0.0,180.0,180.0,0.0,180.0,1.0,0.0,-1.0
outer1,1,73,b905,90.0,120.0,60.000003814697266,120.00000762939453,60.000003814697266,0.0,60.0,0.0,0.0,0.0
outer1,1,73,b905,90.0,150.0,0.0,0.0,0.0,0.0,0.0,1.0,1.0,0.0
outer1,1,73,b905,90.0,180.0,180.0,180.0,0.0,0.0,0.0,0.0,0.0,0.0
outer1,1,73,b905,90.0,210.0,30.000001907348633,60.000003814697266,30.000001907348633,0.0,30.0,0.0,0.0,0.0
outer1,1,73,b905,90.0,240.0,0.0,0.0,0.0,0.0,0.0,1.0,1.0,0.0
outer1,1,73,b905,90.0,270.0,0.0,0.0,0.0,0.0,0.0,1.0,1.0,0.0
outer1,1,73,b905,90.0,300.0,0.0,60.000003814697266,60.000003814697266,0.0,60.0,1.0,0.0,-1.0
outer1,1,73,b905,90.0,330.0,180.0,180.0,0.0,0.0,0.0,0.0,0.0,0.0
outer1,1,73,b905,120.0,0.0,0.0,0.0,0.0,0.0,0.0,1.0,1.0,0.0
outer1,1,73,b905,120.0,30.0,0.0,82.81924438476562,82.81924438476562,60.0,60.0,1.0,0.0,-1.0
outer1,1,73,b905,120.0,60.0,0.0,0.0,0.0,0.0,0.0,1.0,1.0,0.0
outer1,1,73,b905,120.0,90.0,0.0,0.0,0.0,0.0,0.0,1.0,1.0,0.0
outer1,1,73,b905,120.0,120.0,0.0,0.0,0.0,0.0,0.0,1.0,1.0,0.0
outer1,1,73,b905,120.0,150.0,0.0,0.0,0.0,0.0,0.0,1.0,1.0,0.0
outer1,1,73,b905,120.0,180.0,0.0,0.0,0.0,0.0,0.0,1.0,1.0,0.0
outer1,1,73,b905,120.0,210.0,0.0,0.0,0.0,0.0,0.0,1.0,1.0,0.0
outer1,1,73,b905,120.0,240.0,128.6822052001953,154.09490966796875,25.412704467773438,0.0,30.0,0.0,0.0,0.0
outer1,1,73,b905,120.0,270.0,0.0,0.0,0.0,0.0,0.0,1.0,1.0,0.0
outer1,1,73,b905,120.0,300.0,0.0,0.0,0.0,0.0,0.0,1.0,1.0,0.0
outer1,1,73,b905,120.0,330.0,0.0,0.0,0.0,0.0,0.0,1.0,1.0,0.0
outer1,1,73,b905,150.0,0.0,0.0,0.0,0.0,0.0,0.0,1.0,1.0,0.0
outer1,1,73,b905,150.0,30.0,0.0,0.0,0.0,0.0,0.0,1.0,1.0,0.0
outer1,1,73,b905,150.0,60.0,0.0,51.31781005859375,51.31781005859375,0.0,120.0,1.0,0.0,-1.0
outer1,1,73,b905,150.0,90.0,0.0,0.0,0.0,0.0,0.0,1.0,1.0,0.0
outer1,1,73,b905,150.0,120.0,0.0,0.0,0.0,0.0,0.0,1.0,1.0,0.0
outer1,1,73,b905,150.0,150.0,0.0,0.0,0.0,0.0,0.0,1.0,1.0,0.0
outer1,1,73,b905,150.0,180.0,0.0,0.0,0.0,0.0,0.0,1.0,1.0,0.0
outer1,1,73,b905,150.0,210.0,0.0,0.0,0.0,0.0,0.0,1.0,1.0,0.0
outer1,1,73,b905,150.0,240.0,0.0,51.31782150268555,51.31782150268555,0.0,120.0,1.0,0.0,-1.0
outer1,1,73,b905,150.0,270.0,0.0,0.0,0.0,0.0,0.0,1.0,1.0,0.0
outer1,1,73,b905,150.0,300.0,0.0,0.0,0.0,0.0,0.0,1.0,1.0,0.0
outer1,1,73,b905,150.0,330.0,0.0,0.0,0.0,0.0,0.0,1.0,1.0,0.0
outer1,1,73,bb7d,30.0,0.0,180.0,60.000003814697266,-119.99999618530273,-120.0,0.0,0.0,0.0,0.0
outer1,1,73,bb7d,30.0,30.0,0.0,0.0,0.0,0.0,0.0,1.0,1.0,0.0
outer1,1,73,bb7d,30.0,60.0,151.04498291015625,128.68218994140625,-22.36279296875,0.0,-60.0,0.0,0.0,0.0
outer1,1,73,bb7d,30.0,90.0,180.0,120.00000762939453,-59.99999237060547,0.0,-180.0,0.0,0.0,0.0
outer1,1,73,bb7d,30.0,120.0,128.68218994140625,180.0,51.31781005859375,0.0,120.0,0.0,0.0,0.0
outer1,1,73,bb7d,30.0,150.0,128.68218994140625,151.04498291015625,22.36279296875,0.0,60.0,0.0,0.0,0.0
outer1,1,73,bb7d,30.0,180.0,120.00000762939453,0.0,-120.00000762939453,-120.0,0.0,0.0,1.0,1.0
outer1,1,73,bb7d,30.0,210.0,151.04498291015625,28.95502281188965,-122.0899600982666,-120.0,-60.0,0.0,0.0,0.0
outer1,1,73,bb7d,30.0,240.0,60.000003814697266,0.0,-60.000003814697266,0.0,-180.0,0.0,1.0,1.0
outer1,1,73,bb7d,30.0,270.0,120.00000762939453,0.0,-120.00000762939453,-120.0,0.0,0.0,1.0,1.0
outer1,1,73,bb7d,30.0,300.0,122.24180603027344,0.0,-122.24180603027344,-120.0,-30.0,0.0,1.0,1.0
outer1,1,73,bb7d,30.0,330.0,128.68218994140625,151.04498291015625,22.36279296875,0.0,60.0,0.0,0.0,0.0
outer1,1,73,bb7d,60.0,0.0,180.0,90.0,-90.0,-30.0,0.0,0.0,0.0,0.0
outer1,1,73,bb7d,60.0,30.0,0.0,82.81924438476562,82.81924438476562,60.0,60.0,1.0,0.0,-1.0
outer1,1,73,bb7d,60.0,60.0,36.097782135009766,180.0,143.90221786499023,30.0,150.0,0.0,0.0,0.0
outer1,1,73,bb7d,60.0,90.0,180.0,180.0,0.0,0.0,0.0,0.0,0.0,0.0
outer1,1,73,bb7d,60.0,120.0,93.32574462890625,60.000003814697266,-33.325740814208984,-30.0,-30.0,0.0,0.0,0.0
outer1,1,73,bb7d,60.0,150.0,82.81924438476562,128.6822052001953,45.86296081542969,0.0,60.0,0.0,0.0,0.0
outer1,1,73,bb7d,60.0,180.0,60.000003814697266,30.000001907348633,-30.000001907348633,-30.0,0.0,0.0,0.0,0.0
outer1,1,73,bb7d,60.0,210.0,120.00000762939453,120.00000762939453,0.0,0.0,0.0,0.0,0.0,0.0
outer1,1,73,bb7d,60.0,240.0,113.5481185913086,154.09490966796875,40.546791076660156,60.0,0.0,0.0,0.0,0.0
outer1,1,73,bb7d,60.0,270.0,29.999998092651367,180.0,150.00000190734863,30.0,180.0,0.0,0.0,0.0
outer1,1,73,bb7d,60.0,300.0,93.32574462890625,0.0,-93.32574462890625,-90.0,-30.0,0.0,1.0,1.0
outer1,1,73,bb7d,60.0,330.0,82.81924438476562,51.31782150268555,-31.501422882080078,-60.0,0.0,0.0,0.0,0.0
outer1,1,73,bb7d,90.0,0.0,119.99999237060547,90.0,-29.99999237060547,30.0,-30.0,0.0,0.0,0.0
outer1,1,73,bb7d,90.0,30.0,138.59039306640625,115.65889739990234,-22.931495666503906,0.0,-30.0,0.0,0.0,0.0
outer1,1,73,bb7d,90.0,60.0,150.0,41.40962219238281,-108.59037780761719,30.0,-120.0,0.0,0.0,0.0
outer1,1,73,bb7d,90.0,90.0,180.0,30.000001907348633,-149.99999809265137,30.0,-180.0,0.0,0.0,0.0
outer1,1,73,bb7d,90.0,120.0,138.59039306640625,138.59039306640625,0.0,0.0,0.0,0.0,0.0,0.0
outer1,1,73,bb7d,90.0,150.0,115.6589126586914,115.6589126586914,0.0,0.0,0.0,0.0,0.0,0.0
outer1,1,73,bb7d,90.0,180.0,60.000003814697266,90.0,29.999996185302734,30.0,30.0,0.0,0.0,0.0
outer1,1,73,bb7d,90.0,210.0,64.34110260009766,64.34109497070312,-7.62939453125e-06,0.0,0.0,0.0,0.0,0.0
outer1,1,73,bb7d,90.0,240.0,30.000001907348633,138.59039306640625,108.59039115905762,30.0,120.0,0.0,0.0,0.0
outer1,1,73,bb7d,90.0,270.0,0.0,150.0,150.0,30.0,180.0,1.0,0.0,-1.0
outer1,1,73,bb7d,90.0,300.0,41.40962219238281,41.40962219238281,0.0,0.0,0.0,0.0,0.0,0.0
outer1,1,73,bb7d,90.0,330.0,90.0,64.34109497070312,-25.658905029296875,0.0,-30.0,0.0,0.0,0.0
outer1,1,73,bb7d,120.0,0.0,120.00000762939453,143.9022216796875,23.90221405029297,90.0,-30.0,0.0,0.0,0.0
outer1,1,73,bb7d,120.0,30.0,82.81924438476562,82.81924438476562,0.0,0.0,0.0,0.0,0.0,0.0
outer1,1,73,bb7d,120.0,60.0,154.0949249267578,82.81924438476562,-71.27568054199219,0.0,-90.0,0.0,0.0,0.0
outer1,1,73,bb7d,120.0,90.0,60.000003814697266,60.000003814697266,0.0,0.0,0.0,0.0,0.0,0.0
outer1,1,73,bb7d,120.0,120.0,66.45188903808594,25.905075073242188,-40.54681396484375,-60.0,0.0,0.0,0.0,0.0
outer1,1,73,bb7d,120.0,150.0,97.18075561523438,128.6822052001953,31.501449584960938,60.0,0.0,0.0,0.0,0.0
outer1,1,73,bb7d,120.0,180.0,0.0,90.0,90.0,90.0,0.0,1.0,0.0,-1.0
outer1,1,73,bb7d,120.0,210.0,0.0,120.00000762939453,120.00000762939453,0.0,180.0,1.0,0.0,-1.0
outer1,1,73,bb7d,120.0,240.0,86.67424774169922,97.18075561523438,10.506507873535156,-30.0,-30.0,0.0,0.0,0.0
outer1,1,73,bb7d,120.0,270.0,30.000001907348633,0.0,-30.000001907348633,-30.0,0.0,0.0,1.0,1.0
outer1,1,73,bb7d,120.0,300.0,143.9022216796875,25.905075073242188,-117.99714660644531,-90.0,-120.0,0.0,0.0,0.0
outer1,1,73,bb7d,120.0,330.0,82.81924438476562,82.81924438476562,0.0,0.0,0.0,0.0,0.0,0.0
outer1,1,73,bb7d,150.0,0.0,90.0,180.0,90.0,90.0,0.0,0.0,0.0,0.0
outer1,1,73,bb7d,150.0,30.0,0.0,0.0,0.0,0.0,0.0,1.0,1.0,0.0
outer1,1,73,bb7d,150.0,60.0,151.04498291015625,128.68218994140625,-22.36279296875,0.0,-60.0,0.0,0.0,0.0
outer1,1,73,bb7d,150.0,90.0,180.0,120.00000762939453,-59.99999237060547,0.0,-180.0,0.0,0.0,0.0
outer1,1,73,bb7d,150.0,120.0,128.68218994140625,128.68218994140625,0.0,0.0,0.0,0.0,0.0,0.0
outer1,1,73,bb7d,150.0,150.0,122.24180603027344,120.00000762939453,-2.2417984008789062,0.0,-30.0,0.0,0.0,0.0
outer1,1,73,bb7d,150.0,180.0,29.99998664855957,120.00000762939453,90.00002098083496,90.0,0.0,0.0,0.0,0.0
outer1,1,73,bb7d,150.0,210.0,0.0,128.68218994140625,128.68218994140625,120.0,60.0,1.0,0.0,-1.0
outer1,1,73,bb7d,150.0,240.0,122.24180603027344,14.870942115783691,-107.37086391448975,-120.0,0.0,0.0,0.0,0.0
outer1,1,73,bb7d,150.0,270.0,0.0,120.00000762939453,120.00000762939453,120.0,0.0,1.0,0.0,-1.0
outer1,1,73,bb7d,150.0,300.0,0.0,0.0,0.0,0.0,0.0,1.0,1.0,0.0
outer1,1,73,bb7d,150.0,330.0,128.68218994140625,128.68218994140625,0.0,0.0,0.0,0.0,0.0,0.0
outer1,1,73,bbc6,30.0,0.0,0.0,0.0,0.0,0.0,0.0,1.0,1.0,0.0
outer1,1,73,bbc6,30.0,30.0,0.0,0.0,0.0,0.0,0.0,1.0,1.0,0.0
outer1,1,73,bbc6,30.0,60.0,0.0,0.0,0.0,0.0,0.0,1.0,1.0,0.0
outer1,1,73,bbc6,30.0,90.0,180.0,0.0,-180.0,-120.0,-180.0,0.0,1.0,1.0
outer1,1,73,bbc6,30.0,120.0,151.04498291015625,151.04498291015625,0.0,0.0,0.0,0.0,0.0,0.0
outer1,1,73,bbc6,30.0,150.0,0.0,0.0,0.0,0.0,0.0,1.0,1.0,0.0
outer1,1,73,bbc6,30.0,180.0,0.0,0.0,0.0,0.0,0.0,1.0,1.0,0.0
outer1,1,73,bbc6,30.0,210.0,122.24180603027344,128.68218994140625,6.4403839111328125,0.0,30.0,0.0,0.0,0.0
outer1,1,73,bbc6,30.0,240.0,0.0,57.7581901550293,57.7581901550293,0.0,150.0,1.0,0.0,-1.0
outer1,1,73,bbc6,30.0,270.0,0.0,0.0,0.0,0.0,0.0,1.0,1.0,0.0
outer1,1,73,bbc6,30.0,300.0,151.04498291015625,151.04498291015625,0.0,0.0,0.0,0.0,0.0,0.0
outer1,1,73,bbc6,30.0,330.0,0.0,0.0,0.0,0.0,0.0,1.0,1.0,0.0
outer1,1,73,bbc6,60.0,0.0,30.000001907348633,30.000001907348633,0.0,0.0,0.0,0.0,0.0,0.0
outer1,1,73,bbc6,60.0,30.0,0.0,0.0,0.0,0.0,0.0,1.0,1.0,0.0
outer1,1,73,bbc6,60.0,60.0,0.0,0.0,0.0,0.0,0.0,1.0,1.0,0.0
outer1,1,73,bbc6,60.0,90.0,150.0,180.0,30.0,-30.0,0.0,0.0,0.0,0.0
outer1,1,73,bbc6,60.0,120.0,128.6822052001953,128.6822052001953,0.0,0.0,0.0,0.0,0.0,0.0
outer1,1,73,bbc6,60.0,150.0,0.0,0.0,0.0,0.0,0.0,1.0,1.0,0.0
outer1,1,73,bbc6,60.0,180.0,90.0,30.000001907348633,-59.99999809265137,-60.0,0.0,0.0,0.0,0.0
outer1,1,73,bbc6,60.0,210.0,82.81924438476562,82.81924438476562,0.0,0.0,0.0,0.0,0.0,0.0
outer1,1,73,bbc6,60.0,240.0,0.0,0.0,0.0,0.0,0.0,1.0,1.0,0.0
outer1,1,73,bbc6,60.0,270.0,0.0,0.0,0.0,0.0,0.0,1.0,1.0,0.0
outer1,1,73,bbc6,60.0,300.0,0.0,113.54812622070312,113.54812622070312,0.0,150.0,1.0,0.0,-1.0
outer1,1,73,bbc6,60.0,330.0,0.0,120.00000762939453,120.00000762939453,0.0,180.0,1.0,0.0,-1.0
outer1,1,73,bbc6,90.0,0.0,0.0,180.0,180.0,0.0,180.0,1.0,0.0,-1.0
outer1,1,73,bbc6,90.0,30.0,0.0,180.0,180.0,0.0,180.0,1.0,0.0,-1.0
outer1,1,73,bbc6,90.0,60.0,150.0,150.0,0.0,0.0,0.0,0.0,0.0,0.0
outer1,1,73,bbc6,90.0,90.0,0.0,180.0,180.0,0.0,180.0,1.0,0.0,-1.0
outer1,1,73,bbc6,90.0,120.0,150.0,180.0,30.0,0.0,30.0,0.0,0.0,0.0
outer1,1,73,bbc6,90.0,150.0,180.0,180.0,0.0,0.0,0.0,0.0,0.0,0.0
outer1,1,73,bbc6,90.0,180.0,180.0,180.0,0.0,0.0,0.0,0.0,0.0,0.0
outer1,1,73,bbc6,90.0,210.0,180.0,0.0,-180.0,0.0,-180.0,0.0,1.0,1.0
outer1,1,73,bbc6,90.0,240.0,150.0,150.0,0.0,0.0,0.0,0.0,0.0,0.0
outer1,1,73,bbc6,90.0,270.0,0.0,180.0,180.0,0.0,180.0,1.0,0.0,-1.0
outer1,1,73,bbc6,90.0,300.0,138.59039306640625,119.99999237060547,-18.59040069580078,-30.0,-30.0,0.0,0.0,0.0
outer1,1,73,bbc6,90.0,330.0,30.00000762939453,0.0,-30.00000762939453,0.0,-30.0,0.0,1.0,1.0
outer1,1,73,bbc6,120.0,0.0,29.99998664855957,29.99998664855957,0.0,0.0,0.0,0.0,0.0,0.0
outer1,1,73,bbc6,120.0,30.0,0.0,0.0,0.0,0.0,0.0,1.0,1.0,0.0
outer1,1,73,bbc6,120.0,60.0,29.99998664855957,0.0,-29.99998664855957,-30.0,0.0,0.0,1.0,1.0
outer1,1,73,bbc6,120.0,90.0,150.0,180.0,30.0,-30.0,0.0,0.0,0.0,0.0
outer1,1,73,bbc6,120.0,120.0,128.6822052001953,128.6822052001953,0.0,0.0,0.0,0.0,0.0,0.0
outer1,1,73,bbc6,120.0,150.0,0.0,0.0,0.0,0.0,0.0,1.0,1.0,0.0
outer1,1,73,bbc6,120.0,180.0,29.99998664855957,60.000003814697266,30.000017166137695,30.0,0.0,0.0,0.0,0.0
outer1,1,73,bbc6,120.0,210.0,82.81924438476562,82.81924438476562,0.0,0.0,0.0,0.0,0.0,0.0
outer1,1,73,bbc6,120.0,240.0,36.09777069091797,0.0,-36.09777069091797,-30.0,-30.0,0.0,1.0,1.0
outer1,1,73,bbc6,120.0,270.0,29.99998664855957,0.0,-29.99998664855957,-30.0,0.0,0.0,1.0,1.0
outer1,1,73,bbc6,120.0,300.0,128.68218994140625,128.68218994140625,0.0,0.0,0.0,0.0,0.0,0.0
outer1,1,73,bbc6,120.0,330.0,0.0,0.0,0.0,0.0,0.0,1.0,1.0,0.0
outer1,1,73,bbc6,150.0,0.0,0.0,0.0,0.0,0.0,0.0,1.0,1.0,0.0
outer1,1,73,bbc6,150.0,30.0,0.0,0.0,0.0,0.0,0.0,1.0,1.0,0.0
outer1,1,73,bbc6,150.0,60.0,0.0,0.0,0.0,0.0,0.0,1.0,1.0,0.0
outer1,1,73,bbc6,150.0,90.0,180.0,180.0,0.0,0.0,0.0,0.0,0.0,0.0
outer1,1,73,bbc6,150.0,120.0,151.04498291015625,51.31782150268555,-99.7271614074707,-120.0,0.0,0.0,0.0,0.0
outer1,1,73,bbc6,150.0,150.0,14.870942115783691,0.0,-14.870942115783691,0.0,-30.0,0.0,1.0,1.0
outer1,1,73,bbc6,150.0,180.0,0.0,0.0,0.0,0.0,0.0,1.0,1.0,0.0
outer1,1,73,bbc6,150.0,210.0,122.24180603027344,128.68218994140625,6.4403839111328125,0.0,30.0,0.0,0.0,0.0
outer1,1,73,bbc6,150.0,240.0,0.0,0.0,0.0,0.0,0.0,1.0,1.0,0.0
outer1,1,73,bbc6,150.0,270.0,0.0,0.0,0.0,0.0,0.0,1.0,1.0,0.0
outer1,1,73,bbc6,150.0,300.0,0.0,0.0,0.0,0.0,0.0,1.0,1.0,0.0
outer1,1,73,bbc6,150.0,330.0,0.0,0.0,0.0,0.0,0.0,1.0,1.0,0.0
outer1,1,74,b827,30.0,0.0,0.0,0.0,0.0,0.0,0.0,1.0,1.0,0.0
outer1,1,74,b827,30.0,30.0,0.0,0.0,0.0,0.0,0.0,1.0,1.0,0.0
outer1,1,74,b827,30.0,60.0,0.0,0.0,0.0,0.0,0.0,1.0,1.0,0.0
outer1,1,74,b827,30.0,90.0,0.0,0.0,0.0,0.0,0.0,1.0,1.0,0.0
outer1,1,74,b827,30.0,120.0,0.0,0.0,0.0,0.0,0.0,1.0,1.0,0.0
outer1,1,74,b827,30.0,150.0,0.0,0.0,0.0,0.0,0.0,1.0,1.0,0.0
outer1,1,74,b827,30.0,180.0,0.0,0.0,0.0,0.0,0.0,1.0,1.0,0.0
outer1,1,74,b827,30.0,210.0,0.0,0.0,0.0,0.0,0.0,1.0,1.0,0.0
outer1,1,74,b827,30.0,240.0,0.0,0.0,0.0,0.0,0.0,1.0,1.0,0.0
outer1,1,74,b827,30.0,270.0,0.0,0.0,0.0,0.0,0.0,1.0,1.0,0.0
outer1,1,74,b827,30.0,300.0,0.0,120.00000762939453,120.00000762939453,120.0,0.0,1.0,0.0,-1.0
outer1,1,74,b827,30.0,330.0,0.0,0.0,0.0,0.0,0.0,1.0,1.0,0.0
outer1,1,74,b827,60.0,0.0,0.0,0.0,0.0,0.0,0.0,1.0,1.0,0.0
outer1,1,74,b827,60.0,30.0,120.00000762939453,97.1807632446289,-22.819244384765625,0.0,-60.0,0.0,0.0,0.0
outer1,1,74,b827,60.0,60.0,0.0,25.905075073242188,25.905075073242188,0.0,30.0,1.0,0.0,-1.0
outer1,1,74,b827,60.0,90.0,0.0,0.0,0.0,0.0,0.0,1.0,1.0,0.0
outer1,1,74,b827,60.0,120.0,0.0,0.0,0.0,0.0,0.0,1.0,1.0,0.0
outer1,1,74,b827,60.0,150.0,0.0,0.0,0.0,0.0,0.0,1.0,1.0,0.0
outer1,1,74,b827,60.0,180.0,0.0,0.0,0.0,0.0,0.0,1.0,1.0,0.0
outer1,1,74,b827,60.0,210.0,51.31781005859375,90.0,38.68218994140625,90.0,-60.0,0.0,0.0,0.0
outer1,1,74,b827,60.0,240.0,0.0,0.0,0.0,0.0,0.0,1.0,1.0,0.0
outer1,1,74,b827,60.0,270.0,0.0,0.0,0.0,0.0,0.0,1.0,1.0,0.0
outer1,1,74,b827,60.0,300.0,0.0,0.0,0.0,0.0,0.0,1.0,1.0,0.0
outer1,1,74,b827,60.0,330.0,154.09490966796875,128.6822052001953,-25.412704467773438,0.0,-30.0,0.0,0.0,0.0
outer1,1,74,b827,90.0,0.0,180.0,30.00000762939453,-149.99999237060547,0.0,-150.0,0.0,0.0,0.0
outer1,1,74,b827,90.0,30.0,180.0,180.0,0.0,0.0,0.0,0.0,0.0,0.0
outer1,1,74,b827,90.0,60.0,60.000003814697266,119.99999237060547,59.9999885559082,0.0,60.0,0.0,0.0,0.0
outer1,1,74,b827,90.0,90.0,0.0,180.0,180.0,0.0,180.0,1.0,0.0,-1.0
outer1,1,74,b827,90.0,120.0,0.0,0.0,0.0,0.0,0.0,1.0,1.0,0.0
outer1,1,74,b827,90.0,150.0,120.00000762939453,60.000003814697266,-60.000003814697266,0.0,-60.0,0.0,0.0,0.0
outer1,1,74,b827,90.0,180.0,0.0,150.0,150.0,0.0,150.0,1.0,0.0,-1.0
outer1,1,74,b827,90.0,210.0,0.0,0.0,0.0,0.0,0.0,1.0,1.0,0.0
outer1,1,74,b827,90.0,240.0,120.00000762939453,60.000003814697266,-60.000003814697266,0.0,-60.0,0.0,0.0,0.0
outer1,1,74,b827,90.0,270.0,0.0,0.0,0.0,0.0,0.0,1.0,1.0,0.0
outer1,1,74,b827,90.0,300.0,180.0,0.0,-180.0,0.0,-180.0,0.0,1.0,1.0
outer1,1,74,b827,90.0,330.0,0.0,120.00000762939453,120.00000762939453,0.0,120.0,1.0,0.0,-1.0
outer1,1,74,b827,120.0,0.0,0.0,0.0,0.0,0.0,0.0,1.0,1.0,0.0
outer1,1,74,b827,120.0,30.0,120.00000762939453,0.0,-120.00000762939453,0.0,-180.0,0.0,1.0,1.0
outer1,1,74,b827,120.0,60.0,0.0,0.0,0.0,0.0,0.0,1.0,1.0,0.0
outer1,1,74,b827,120.0,90.0,0.0,0.0,0.0,0.0,0.0,1.0,1.0,0.0
outer1,1,74,b827,120.0,120.0,0.0,0.0,0.0,0.0,0.0,1.0,1.0,0.0
outer1,1,74,b827,120.0,150.0,0.0,49.49464416503906,49.49464416503906,30.0,60.0,1.0,0.0,-1.0
outer1,1,74,b827,120.0,180.0,0.0,29.99998664855957,29.99998664855957,30.0,0.0,1.0,0.0,-1.0
outer1,1,74,b827,120.0,210.0,25.905075073242188,25.905075073242188,0.0,0.0,0.0,0.0,0.0,0.0
outer1,1,74,b827,120.0,240.0,25.905075073242188,0.0,-25.905075073242188,0.0,-30.0,0.0,1.0,1.0
outer1,1,74,b827,120.0,270.0,0.0,0.0,0.0,0.0,0.0,1.0,1.0,0.0
outer1,1,74,b827,120.0,300.0,0.0,0.0,0.0,0.0,0.0,1.0,1.0,0.0
outer1,1,74,b827,120.0,330.0,0.0,143.9022216796875,143.9022216796875,90.0,150.0,1.0,0.0,-1.0
outer1,1,74,b827,150.0,0.0,0.0,0.0,0.0,0.0,0.0,1.0,1.0,0.0
outer1,1,74,b827,150.0,30.0,0.0,0.0,0.0,0.0,0.0,1.0,1.0,0.0
outer1,1,74,b827,150.0,60.0,0.0,0.0,0.0,0.0,0.0,1.0,1.0,0.0
outer1,1,74,b827,150.0,90.0,0.0,0.0,0.0,0.0,0.0,1.0,1.0,0.0
outer1,1,74,b827,150.0,120.0,0.0,0.0,0.0,0.0,0.0,1.0,1.0,0.0
outer1,1,74,b827,150.0,150.0,0.0,0.0,0.0,0.0,0.0,1.0,1.0,0.0
outer1,1,74,b827,150.0,180.0,0.0,0.0,0.0,0.0,0.0,1.0,1.0,0.0
outer1,1,74,b827,150.0,210.0,0.0,60.000003814697266,60.000003814697266,0.0,180.0,1.0,0.0,-1.0
outer1,1,74,b827,150.0,240.0,0.0,120.00000762939453,120.00000762939453,120.0,0.0,1.0,0.0,-1.0
outer1,1,74,b827,150.0,270.0,0.0,0.0,0.0,0.0,0.0,1.0,1.0,0.0
outer1,1,74,b827,150.0,300.0,0.0,0.0,0.0,0.0,0.0,1.0,1.0,0.0
outer1,1,74,b827,150.0,330.0,0.0,0.0,0.0,0.0,0.0,1.0,1.0,0.0
outer1,1,74,b871,30.0,0.0,0.0,0.0,0.0,0.0,0.0,1.0,1.0,0.0
outer1,1,74,b871,30.0,30.0,0.0,0.0,0.0,0.0,0.0,1.0,1.0,0.0
outer1,1,74,b871,30.0,60.0,0.0,0.0,0.0,0.0,0.0,1.0,1.0,0.0
outer1,1,74,b871,30.0,90.0,0.0,0.0,0.0,0.0,0.0,1.0,1.0,0.0
outer1,1,74,b871,30.0,120.0,0.0,0.0,0.0,0.0,0.0,1.0,1.0,0.0
outer1,1,74,b871,30.0,150.0,0.0,0.0,0.0,0.0,0.0,1.0,1.0,0.0
outer1,1,74,b871,30.0,180.0,0.0,0.0,0.0,0.0,0.0,1.0,1.0,0.0
outer1,1,74,b871,30.0,210.0,0.0,0.0,0.0,0.0,0.0,1.0,1.0,0.0
outer1,1,74,b871,30.0,240.0,0.0,0.0,0.0,0.0,0.0,1.0,1.0,0.0
outer1,1,74,b871,30.0,270.0,0.0,0.0,0.0,0.0,0.0,1.0,1.0,0.0
outer1,1,74,b871,30.0,300.0,0.0,0.0,0.0,0.0,0.0,1.0,1.0,0.0
outer1,1,74,b871,30.0,330.0,0.0,0.0,0.0,0.0,0.0,1.0,1.0,0.0
outer1,1,74,b871,60.0,0.0,0.0,30.000001907348633,30.000001907348633,30.0,0.0,1.0,0.0,-1.0
outer1,1,74,b871,60.0,30.0,0.0,0.0,0.0,0.0,0.0,1.0,1.0,0.0
outer1,1,74,b871,60.0,60.0,0.0,0.0,0.0,0.0,0.0,1.0,1.0,0.0
outer1,1,74,b871,60.0,90.0,0.0,0.0,0.0,0.0,0.0,1.0,1.0,0.0
outer1,1,74,b871,60.0,120.0,0.0,128.6822052001953,128.6822052001953,60.0,120.0,1.0,0.0,-1.0
outer1,1,74,b871,60.0,150.0,0.0,0.0,0.0,0.0,0.0,1.0,1.0,0.0
outer1,1,74,b871,60.0,180.0,0.0,0.0,0.0,0.0,0.0,1.0,1.0,0.0
outer1,1,74,b871,60.0,210.0,0.0,60.000003814697266,60.000003814697266,60.0,0.0,1.0,0.0,-1.0
outer1,1,74,b871,60.0,240.0,0.0,0.0,0.0,0.0,0.0,1.0,1.0,0.0
outer1,1,74,b871,60.0,270.0,0.0,0.0,0.0,0.0,0.0,1.0,1.0,0.0
outer1,1,74,b871,60.0,300.0,0.0,0.0,0.0,0.0,0.0,1.0,1.0,0.0
outer1,1,74,b871,60.0,330.0,0.0,0.0,0.0,0.0,0.0,1.0,1.0,0.0
outer1,1,74,b871,90.0,0.0,180.0,30.00000762939453,-149.99999237060547,0.0,-150.0,0.0,0.0,0.0
outer1,1,74,b871,90.0,30.0,0.0,180.0,180.0,0.0,180.0,1.0,0.0,-1.0
outer1,1,74,b871,90.0,60.0,64.34110260009766,60.000003814697266,-4.341098785400391,-30.0,0.0,0.0,0.0,0.0
outer1,1,74,b871,90.0,90.0,180.0,180.0,0.0,0.0,0.0,0.0,0.0,0.0
outer1,1,74,b871,90.0,120.0,29.999998092651367,0.0,-29.999998092651367,-30.0,0.0,0.0,1.0,1.0
outer1,1,74,b871,90.0,150.0,0.0,120.00000762939453,120.00000762939453,0.0,120.0,1.0,0.0,-1.0
outer1,1,74,b871,90.0,180.0,0.0,0.0,0.0,0.0,0.0,1.0,1.0,0.0
outer1,1,74,b871,90.0,210.0,0.0,0.0,0.0,0.0,0.0,1.0,1.0,0.0
outer1,1,74,b871,90.0,240.0,120.00000762939453,120.00000762939453,0.0,0.0,0.0,0.0,0.0,0.0
outer1,1,74,b871,90.0,270.0,180.0,0.0,-180.0,0.0,-180.0,0.0,1.0,1.0
outer1,1,74,b871,90.0,300.0,180.0,180.0,0.0,0.0,0.0,0.0,0.0,0.0
outer1,1,74,b871,90.0,330.0,0.0,120.00000762939453,120.00000762939453,0.0,120.0,1.0,0.0,-1.0
outer1,1,74,b871,120.0,0.0,0.0,29.99998664855957,29.99998664855957,30.0,0.0,1.0,0.0,-1.0
outer1,1,74,b871,120.0,30.0,0.0,0.0,0.0,0.0,0.0,1.0,1.0,0.0
outer1,1,74,b871,120.0,60.0,0.0,0.0,0.0,0.0,0.0,1.0,1.0,0.0
outer1,1,74,b871,120.0,90.0,0.0,0.0,0.0,0.0,0.0,1.0,1.0,0.0
outer1,1,74,b871,120.0,120.0,0.0,0.0,0.0,0.0,0.0,1.0,1.0,0.0
outer1,1,74,b871,120.0,150.0,0.0,0.0,0.0,0.0,0.0,1.0,1.0,0.0
outer1,1,74,b871,120.0,180.0,0.0,0.0,0.0,0.0,0.0,1.0,1.0,0.0
outer1,1,74,b871,120.0,210.0,25.905075073242188,60.000003814697266,34.09492874145508,60.0,-30.0,0.0,0.0,0.0
outer1,1,74,b871,120.0,240.0,0.0,0.0,0.0,0.0,0.0,1.0,1.0,0.0
outer1,1,74,b871,120.0,270.0,0.0,0.0,0.0,0.0,0.0,1.0,1.0,0.0
outer1,1,74,b871,120.0,300.0,0.0,0.0,0.0,0.0,0.0,1.0,1.0,0.0
outer1,1,74,b871,120.0,330.0,0.0,0.0,0.0,0.0,0.0,1.0,1.0,0.0
outer1,1,74,b871,150.0,0.0,0.0,0.0,0.0,0.0,0.0,1.0,1.0,0.0
outer1,1,74,b871,150.0,30.0,0.0,0.0,0.0,0.0,0.0,1.0,1.0,0.0
outer1,1,74,b871,150.0,60.0,0.0,0.0,0.0,0.0,0.0,1.0,1.0,0.0
outer1,1,74,b871,150.0,90.0,0.0,0.0,0.0,0.0,0.0,1.0,1.0,0.0
outer1,1,74,b871,150.0,120.0,0.0,0.0,0.0,0.0,0.0,1.0,1.0,0.0
outer1,1,74,b871,150.0,150.0,0.0,0.0,0.0,0.0,0.0,1.0,1.0,0.0
outer1,1,74,b871,150.0,180.0,0.0,0.0,0.0,0.0,0.0,1.0,1.0,0.0
outer1,1,74,b871,150.0,210.0,0.0,0.0,0.0,0.0,0.0,1.0,1.0,0.0
outer1,1,74,b871,150.0,240.0,0.0,0.0,0.0,0.0,0.0,1.0,1.0,0.0
outer1,1,74,b871,150.0,270.0,0.0,0.0,0.0,0.0,0.0,1.0,1.0,0.0
outer1,1,74,b871,150.0,300.0,0.0,0.0,0.0,0.0,0.0,1.0,1.0,0.0
outer1,1,74,b871,150.0,330.0,0.0,0.0,0.0,0.0,0.0,1.0,1.0,0.0
outer1,1,74,b905,30.0,0.0,0.0,0.0,0.0,0.0,0.0,1.0,1.0,0.0
outer1,1,74,b905,30.0,30.0,0.0,0.0,0.0,0.0,0.0,1.0,1.0,0.0
outer1,1,74,b905,30.0,60.0,0.0,0.0,0.0,0.0,0.0,1.0,1.0,0.0
outer1,1,74,b905,30.0,90.0,0.0,0.0,0.0,0.0,0.0,1.0,1.0,0.0
outer1,1,74,b905,30.0,120.0,0.0,0.0,0.0,0.0,0.0,1.0,1.0,0.0
outer1,1,74,b905,30.0,150.0,0.0,0.0,0.0,0.0,0.0,1.0,1.0,0.0
outer1,1,74,b905,30.0,180.0,0.0,0.0,0.0,0.0,0.0,1.0,1.0,0.0
outer1,1,74,b905,30.0,210.0,0.0,0.0,0.0,0.0,0.0,1.0,1.0,0.0
outer1,1,74,b905,30.0,240.0,0.0,0.0,0.0,0.0,0.0,1.0,1.0,0.0
outer1,1,74,b905,30.0,270.0,0.0,0.0,0.0,0.0,0.0,1.0,1.0,0.0
outer1,1,74,b905,30.0,300.0,0.0,0.0,0.0,0.0,0.0,1.0,1.0,0.0
outer1,1,74,b905,30.0,330.0,0.0,0.0,0.0,0.0,0.0,1.0,1.0,0.0
outer1,1,74,b905,60.0,0.0,0.0,0.0,0.0,0.0,0.0,1.0,1.0,0.0
outer1,1,74,b905,60.0,30.0,0.0,0.0,0.0,0.0,0.0,1.0,1.0,0.0
outer1,1,74,b905,60.0,60.0,0.0,0.0,0.0,0.0,0.0,1.0,1.0,0.0
outer1,1,74,b905,60.0,90.0,0.0,0.0,0.0,0.0,0.0,1.0,1.0,0.0
outer1,1,74,b905,60.0,120.0,0.0,0.0,0.0,0.0,0.0,1.0,1.0,0.0
outer1,1,74,b905,60.0,150.0,0.0,0.0,0.0,0.0,0.0,1.0,1.0,0.0
outer1,1,74,b905,60.0,180.0,0.0,0.0,0.0,0.0,0.0,1.0,1.0,0.0
outer1,1,74,b905,60.0,210.0,0.0,0.0,0.0,0.0,0.0,1.0,1.0,0.0
outer1,1,74,b905,60.0,240.0,128.6822052001953,0.0,-128.6822052001953,-60.0,-120.0,0.0,1.0,1.0
outer1,1,74,b905,60.0,270.0,0.0,0.0,0.0,0.0,0.0,1.0,1.0,0.0
outer1,1,74,b905,60.0,300.0,0.0,0.0,0.0,0.0,0.0,1.0,1.0,0.0
outer1,1,74,b905,60.0,330.0,0.0,0.0,0.0,0.0,0.0,1.0,1.0,0.0
outer1,1,74,b905,90.0,0.0,180.0,180.0,0.0,0.0,0.0,0.0,0.0,0.0
outer1,1,74,b905,90.0,30.0,120.00000762939453,120.00000762939453,0.0,0.0,0.0,0.0,0.0,0.0
outer1,1,74,b905,90.0,60.0,0.0,0.0,0.0,0.0,0.0,1.0,1.0,0.0
outer1,1,74,b905,90.0,90.0,0.0,0.0,0.0,0.0,0.0,1.0,1.0,0.0
outer1,1,74,b905,90.0,120.0,60.000003814697266,0.0,-60.000003814697266,0.0,-60.0,0.0,1.0,1.0
outer1,1,74,b905,90.0,150.0,0.0,0.0,0.0,0.0,0.0,1.0,1.0,0.0
outer1,1,74,b905,90.0,180.0,0.0,0.0,0.0,0.0,0.0,1.0,1.0,0.0
outer1,1,74,b905,90.0,210.0,180.0,60.000003814697266,-119.99999618530273,0.0,-120.0,0.0,0.0,0.0
outer1,1,74,b905,90.0,240.0,180.0,0.0,-180.0,0.0,-180.0,0.0,1.0,1.0
outer1,1,74,b905,90.0,270.0,180.0,0.0,-180.0,0.0,-180.0,0.0,1.0,1.0
outer1,1,74,b905,90.0,300.0,0.0,180.0,180.0,0.0,180.0,1.0,0.0,-1.0
outer1,1,74,b905,90.0,330.0,180.0,180.0,0.0,0.0,0.0,0.0,0.0,0.0
outer1,1,74,b905,120.0,0.0,0.0,0.0,0.0,0.0,0.0,1.0,1.0,0.0
outer1,1,74,b905,120.0,30.0,0.0,0.0,0.0,0.0,0.0,1.0,1.0,0.0
outer1,1,74,b905,120.0,60.0,0.0,0.0,0.0,0.0,0.0,1.0,1.0,0.0
outer1,1,74,b905,120.0,90.0,0.0,0.0,0.0,0.0,0.0,1.0,1.0,0.0
outer1,1,74,b905,120.0,120.0,0.0,0.0,0.0,0.0,0.0,1.0,1.0,0.0
outer1,1,74,b905,120.0,150.0,0.0,0.0,0.0,0.0,0.0,1.0,1.0,0.0
outer1,1,74,b905,120.0,180.0,0.0,0.0,0.0,0.0,0.0,1.0,1.0,0.0
outer1,1,74,b905,120.0,210.0,0.0,51.31781005859375,51.31781005859375,0.0,60.0,1.0,0.0,-1.0
outer1,1,74,b905,120.0,240.0,128.6822052001953,0.0,-128.6822052001953,-60.0,-120.0,0.0,1.0,1.0
outer1,1,74,b905,120.0,270.0,120.00000762939453,0.0,-120.00000762939453,0.0,-180.0,0.0,1.0,1.0
outer1,1,74,b905,120.0,300.0,0.0,0.0,0.0,0.0,0.0,1.0,1.0,0.0
outer1,1,74,b905,120.0,330.0,0.0,0.0,0.0,0.0,0.0,1.0,1.0,0.0
outer1,1,74,b905,150.0,0.0,0.0,0.0,0.0,0.0,0.0,1.0,1.0,0.0
outer1,1,74,b905,150.0,30.0,0.0,0.0,0.0,0.0,0.0,1.0,1.0,0.0
outer1,1,74,b905,150.0,60.0,0.0,0.0,0.0,0.0,0.0,1.0,1.0,0.0
outer1,1,74,b905,150.0,90.0,0.0,0.0,0.0,0.0,0.0,1.0,1.0,0.0
outer1,1,74,b905,150.0,120.0,0.0,0.0,0.0,0.0,0.0,1.0,1.0,0.0
outer1,1,74,b905,150.0,150.0,0.0,0.0,0.0,0.0,0.0,1.0,1.0,0.0
outer1,1,74,b905,150.0,180.0,0.0,0.0,0.0,0.0,0.0,1.0,1.0,0.0
outer1,1,74,b905,150.0,210.0,0.0,0.0,0.0,0.0,0.0,1.0,1.0,0.0
outer1,1,74,b905,150.0,240.0,0.0,0.0,0.0,0.0,0.0,1.0,1.0,0.0
outer1,1,74,b905,150.0,270.0,0.0,29.99998664855957,29.99998664855957,30.0,0.0,1.0,0.0,-1.0
outer1,1,74,b905,150.0,300.0,0.0,0.0,0.0,0.0,0.0,1.0,1.0,0.0
outer1,1,74,b905,150.0,330.0,0.0,0.0,0.0,0.0,0.0,1.0,1.0,0.0
outer1,1,74,bb7d,30.0,0.0,60.000003814697266,60.000003814697266,0.0,0.0,0.0,0.0,0.0,0.0
outer1,1,74,bb7d,30.0,30.0,0.0,14.870942115783691,14.870942115783691,0.0,30.0,1.0,0.0,-1.0
outer1,1,74,bb7d,30.0,60.0,165.12905883789062,128.68218994140625,-36.446868896484375,0.0,-90.0,0.0,0.0,0.0
outer1,1,74,bb7d,30.0,90.0,180.0,120.00000762939453,-59.99999237060547,0.0,-180.0,0.0,0.0,0.0
outer1,1,74,bb7d,30.0,120.0,180.0,180.0,0.0,0.0,0.0,0.0,0.0,0.0
outer1,1,74,bb7d,30.0,150.0,128.68218994140625,122.24180603027344,-6.4403839111328125,0.0,-30.0,0.0,0.0,0.0
outer1,1,74,bb7d,30.0,180.0,120.00000762939453,0.0,-120.00000762939453,-120.0,0.0,0.0,1.0,1.0
outer1,1,74,bb7d,30.0,210.0,60.000003814697266,151.04498291015625,91.04497909545898,120.0,-60.0,0.0,0.0,0.0
outer1,1,74,bb7d,30.0,240.0,60.000003814697266,60.000003814697266,0.0,0.0,0.0,0.0,0.0,0.0
outer1,1,74,bb7d,30.0,270.0,0.0,0.0,0.0,0.0,0.0,1.0,1.0,0.0
outer1,1,74,bb7d,30.0,300.0,0.0,0.0,0.0,0.0,0.0,1.0,1.0,0.0
outer1,1,74,bb7d,30.0,330.0,128.68218994140625,151.04498291015625,22.36279296875,0.0,60.0,0.0,0.0,0.0
outer1,1,74,bb7d,60.0,0.0,180.0,150.0,-30.0,30.0,0.0,0.0,0.0,0.0
outer1,1,74,bb7d,60.0,30.0,82.81924438476562,82.81924438476562,0.0,0.0,0.0,0.0,0.0,0.0
outer1,1,74,bb7d,60.0,60.0,25.905075073242188,154.0949249267578,128.18984985351562,60.0,120.0,0.0,0.0,0.0
outer1,1,74,bb7d,60.0,90.0,180.0,60.000003814697266,-119.99999618530273,0.0,-180.0,0.0,0.0,0.0
outer1,1,74,bb7d,60.0,120.0,66.45188903808594,113.5481185913086,47.096229553222656,-60.0,120.0,0.0,0.0,0.0
outer1,1,74,bb7d,60.0,150.0,82.81924438476562,180.0,97.18075561523438,0.0,120.0,0.0,0.0,0.0
outer1,1,74,bb7d,60.0,180.0,60.000003814697266,60.000003814697266,0.0,0.0,0.0,0.0,0.0,0.0
outer1,1,74,bb7d,60.0,210.0,120.00000762939453,120.00000762939453,0.0,0.0,0.0,0.0,0.0,0.0
outer1,1,74,bb7d,60.0,240.0,113.5481185913086,113.5481185913086,0.0,0.0,0.0,0.0,0.0,0.0
outer1,1,74,bb7d,60.0,270.0,0.0,180.0,180.0,60.0,180.0,1.0,0.0,-1.0
outer1,1,74,bb7d,60.0,300.0,143.9022216796875,25.905075073242188,-117.99714660644531,-90.0,-120.0,0.0,0.0,0.0
outer1,1,74,bb7d,60.0,330.0,82.81924438476562,60.000003814697266,-22.81924057006836,0.0,-60.0,0.0,0.0,0.0
outer1,1,74,bb7d,90.0,0.0,119.99999237060547,90.0,-29.99999237060547,60.0,-30.0,0.0,0.0,0.0
outer1,1,74,bb7d,90.0,30.0,138.59039306640625,115.65889739990234,-22.931495666503906,0.0,-30.0,0.0,0.0,0.0
outer1,1,74,bb7d,90.0,60.0,138.59039306640625,138.59039306640625,0.0,0.0,0.0,0.0,0.0,0.0
outer1,1,74,bb7d,90.0,90.0,0.0,30.000001907348633,30.000001907348633,30.0,0.0,1.0,0.0,-1.0
outer1,1,74,bb7d,90.0,120.0,138.59039306640625,138.59039306640625,0.0,0.0,0.0,0.0,0.0,0.0
outer1,1,74,bb7d,90.0,150.0,90.0,104.47750854492188,14.477508544921875,30.0,30.0,0.0,0.0,0.0
outer1,1,74,bb7d,90.0,180.0,64.34109497070312,90.0,25.658905029296875,30.0,30.0,0.0,0.0,0.0
outer1,1,74,bb7d,90.0,210.0,41.40962219238281,64.34109497070312,22.931472778320312,0.0,30.0,0.0,0.0,0.0
outer1,1,74,bb7d,90.0,240.0,41.40962219238281,41.40962219238281,0.0,0.0,0.0,0.0,0.0,0.0
outer1,1,74,bb7d,90.0,270.0,0.0,150.0,150.0,30.0,180.0,1.0,0.0,-1.0
outer1,1,74,bb7d,90.0,300.0,41.40962219238281,41.40962219238281,0.0,0.0,0.0,0.0,0.0,0.0
outer1,1,74,bb7d,90.0,330.0,90.0,75.52249145507812,-14.477508544921875,30.0,-30.0,0.0,0.0,0.0
outer1,1,74,bb7d,120.0,0.0,120.00000762939453,120.00000762939453,0.0,0.0,0.0,0.0,0.0,0.0
outer1,1,74,bb7d,120.0,30.0,82.81924438476562,82.81924438476562,0.0,0.0,0.0,0.0,0.0,0.0
outer1,1,74,bb7d,120.0,60.0,36.09777069091797,154.0949249267578,117.99715423583984,30.0,120.0,0.0,0.0,0.0
outer1,1,74,bb7d,120.0,90.0,180.0,60.000003814697266,-119.99999618530273,0.0,-180.0,0.0,0.0,0.0
outer1,1,74,bb7d,120.0,120.0,93.32575225830078,66.45188903808594,-26.873863220214844,-30.0,0.0,0.0,0.0,0.0
outer1,1,74,bb7d,120.0,150.0,128.6822052001953,128.6822052001953,0.0,0.0,0.0,0.0,0.0,0.0
outer1,1,74,bb7d,120.0,180.0,0.0,90.0,90.0,90.0,0.0,1.0,0.0,-1.0
outer1,1,74,bb7d,120.0,210.0,0.0,97.18075561523438,97.18075561523438,0.0,120.0,1.0,0.0,-1.0
outer1,1,74,bb7d,120.0,240.0,113.54811096191406,66.45188903808594,-47.096221923828125,60.0,-120.0,0.0,0.0,0.0
outer1,1,74,bb7d,120.0,270.0,30.000001907348633,120.00000762939453,90.0000057220459,-30.0,180.0,0.0,0.0,0.0
outer1,1,74,bb7d,120.0,300.0,143.9022216796875,97.18075561523438,-46.721466064453125,-90.0,-30.0,0.0,0.0,0.0
outer1,1,74,bb7d,120.0,330.0,82.81924438476562,82.81924438476562,0.0,0.0,0.0,0.0,0.0,0.0
outer1,1,74,bb7d,150.0,0.0,180.0,90.0,-90.0,-90.0,0.0,0.0,0.0,0.0
outer1,1,74,bb7d,150.0,30.0,0.0,165.12905883789062,165.12905883789062,120.0,150.0,1.0,0.0,-1.0
outer1,1,74,bb7d,150.0,60.0,151.04498291015625,128.68218994140625,-22.36279296875,0.0,-60.0,0.0,0.0,0.0
outer1,1,74,bb7d,150.0,90.0,180.0,180.0,0.0,0.0,0.0,0.0,0.0,0.0
outer1,1,74,bb7d,150.0,120.0,128.68218994140625,128.68218994140625,0.0,0.0,0.0,0.0,0.0,0.0
outer1,1,74,bb7d,150.0,150.0,151.04498291015625,120.00000762939453,-31.04497528076172,0.0,-120.0,0.0,0.0,0.0
outer1,1,74,bb7d,150.0,180.0,120.00000762939453,120.00000762939453,0.0,0.0,0.0,0.0,0.0,0.0
outer1,1,74,bb7d,150.0,210.0,14.870942115783691,128.68218994140625,113.81124782562256,120.0,30.0,0.0,0.0,0.0
outer1,1,74,bb7d,150.0,240.0,122.24180603027344,128.68218994140625,6.4403839111328125,0.0,30.0,0.0,0.0,0.0
outer1,1,74,bb7d,150.0,270.0,0.0,0.0,0.0,0.0,0.0,1.0,1.0,0.0
outer1,1,74,bb7d,150.0,300.0,122.24180603027344,0.0,-122.24180603027344,-120.0,-30.0,0.0,1.0,1.0
outer1,1,74,bb7d,150.0,330.0,128.68218994140625,151.04498291015625,22.36279296875,0.0,60.0,0.0,0.0,0.0
outer1,1,74,bbc6,30.0,0.0,0.0,0.0,0.0,0.0,0.0,1.0,1.0,0.0
outer1,1,74,bbc6,30.0,30.0,0.0,0.0,0.0,0.0,0.0,1.0,1.0,0.0
outer1,1,74,bbc6,30.0,60.0,0.0,0.0,0.0,0.0,0.0,1.0,1.0,0.0
outer1,1,74,bbc6,30.0,90.0,180.0,60.000003814697266,-119.99999618530273,-120.0,0.0,0.0,0.0,0.0
outer1,1,74,bbc6,30.0,120.0,151.04498291015625,60.000003814697266,-91.04497909545898,-120.0,60.0,0.0,0.0,0.0
outer1,1,74,bbc6,30.0,150.0,0.0,0.0,0.0,0.0,0.0,1.0,1.0,0.0
outer1,1,74,bbc6,30.0,180.0,14.870942115783691,0.0,-14.870942115783691,0.0,-30.0,0.0,1.0,1.0
outer1,1,74,bbc6,30.0,210.0,0.0,128.68218994140625,128.68218994140625,120.0,60.0,1.0,0.0,-1.0
outer1,1,74,bbc6,30.0,240.0,0.0,0.0,0.0,0.0,0.0,1.0,1.0,0.0
outer1,1,74,bbc6,30.0,270.0,0.0,0.0,0.0,0.0,0.0,1.0,1.0,0.0
outer1,1,74,bbc6,30.0,300.0,0.0,0.0,0.0,0.0,0.0,1.0,1.0,0.0
outer1,1,74,bbc6,30.0,330.0,122.24180603027344,0.0,-122.24180603027344,-120.0,-30.0,0.0,1.0,1.0
outer1,1,74,bbc6,60.0,0.0,30.000001907348633,30.000001907348633,0.0,0.0,0.0,0.0,0.0,0.0
outer1,1,74,bbc6,60.0,30.0,0.0,66.45188903808594,66.45188903808594,60.0,30.0,1.0,0.0,-1.0
outer1,1,74,bbc6,60.0,60.0,0.0,0.0,0.0,0.0,0.0,1.0,1.0,0.0
outer1,1,74,bbc6,60.0,90.0,180.0,180.0,0.0,0.0,0.0,0.0,0.0,0.0
outer1,1,74,bbc6,60.0,120.0,128.6822052001953,97.1807632446289,-31.501441955566406,-60.0,0.0,0.0,0.0,0.0
outer1,1,74,bbc6,60.0,150.0,51.31781005859375,51.31781005859375,0.0,0.0,0.0,0.0,0.0,0.0
outer1,1,74,bbc6,60.0,180.0,30.000001907348633,60.000003814697266,30.000001907348633,30.0,0.0,0.0,0.0,0.0
outer1,1,74,bbc6,60.0,210.0,82.81924438476562,82.81924438476562,0.0,0.0,0.0,0.0,0.0,0.0
outer1,1,74,bbc6,60.0,240.0,36.097782135009766,0.0,-36.097782135009766,-30.0,-30.0,0.0,1.0,1.0
outer1,1,74,bbc6,60.0,270.0,0.0,0.0,0.0,0.0,0.0,1.0,1.0,0.0
outer1,1,74,bbc6,60.0,300.0,128.68218994140625,0.0,-128.68218994140625,-60.0,-120.0,0.0,1.0,1.0
outer1,1,74,bbc6,60.0,330.0,0.0,0.0,0.0,0.0,0.0,1.0,1.0,0.0
outer1,1,74,bbc6,90.0,0.0,0.0,180.0,180.0,0.0,180.0,1.0,0.0,-1.0
outer1,1,74,bbc6,90.0,30.0,0.0,180.0,180.0,0.0,180.0,1.0,0.0,-1.0
outer1,1,74,bbc6,90.0,60.0,30.000001907348633,119.99999237060547,89.99999046325684,0.0,90.0,0.0,0.0,0.0
outer1,1,74,bbc6,90.0,90.0,0.0,150.0,150.0,30.0,180.0,1.0,0.0,-1.0
outer1,1,74,bbc6,90.0,120.0,30.000001907348633,180.0,149.99999809265137,0.0,150.0,0.0,0.0,0.0
outer1,1,74,bbc6,90.0,150.0,0.0,180.0,180.0,0.0,180.0,1.0,0.0,-1.0
outer1,1,74,bbc6,90.0,180.0,0.0,0.0,0.0,0.0,0.0,1.0,1.0,0.0
outer1,1,74,bbc6,90.0,210.0,0.0,0.0,0.0,0.0,0.0,1.0,1.0,0.0
outer1,1,74,bbc6,90.0,240.0,138.59039306640625,60.000003814697266,-78.59038925170898,-30.0,-90.0,0.0,0.0,0.0
outer1,1,74,bbc6,90.0,270.0,180.0,30.000001907348633,-149.99999809265137,30.0,-180.0,0.0,0.0,0.0
outer1,1,74,bbc6,90.0,300.0,138.59039306640625,180.0,41.40960693359375,-30.0,30.0,0.0,0.0,0.0
outer1,1,74,bbc6,90.0,330.0,180.0,0.0,-180.0,0.0,-180.0,0.0,1.0,1.0
outer1,1,74,bbc6,120.0,0.0,29.99998664855957,29.99998664855957,0.0,0.0,0.0,0.0,0.0,0.0
outer1,1,74,bbc6,120.0,30.0,0.0,0.0,0.0,0.0,0.0,1.0,1.0,0.0
outer1,1,74,bbc6,120.0,60.0,29.99998664855957,0.0,-29.99998664855957,-30.0,0.0,0.0,1.0,1.0
outer1,1,74,bbc6,120.0,90.0,180.0,180.0,0.0,0.0,0.0,0.0,0.0,0.0
outer1,1,74,bbc6,120.0,120.0,130.50535583496094,128.6822052001953,-1.823150634765625,-30.0,0.0,0.0,0.0,0.0
outer1,1,74,bbc6,120.0,150.0,0.0,51.31781005859375,51.31781005859375,0.0,60.0,1.0,0.0,-1.0
outer1,1,74,bbc6,120.0,180.0,29.99998664855957,90.0,60.00001335144043,60.0,0.0,0.0,0.0,0.0
outer1,1,74,bbc6,120.0,210.0,25.905075073242188,0.0,-25.905075073242188,0.0,-30.0,0.0,1.0,1.0
outer1,1,74,bbc6,120.0,240.0,0.0,36.09777069091797,36.09777069091797,30.0,30.0,1.0,0.0,-1.0
outer1,1,74,bbc6,120.0,270.0,0.0,0.0,0.0,0.0,0.0,1.0,1.0,0.0
outer1,1,74,bbc6,120.0,300.0,128.68218994140625,128.68218994140625,0.0,0.0,0.0,0.0,0.0,0.0
outer1,1,74,bbc6,120.0,330.0,0.0,0.0,0.0,0.0,0.0,1.0,1.0,0.0
outer1,1,74,bbc6,150.0,0.0,0.0,0.0,0.0,0.0,0.0,1.0,1.0,0.0
outer1,1,74,bbc6,150.0,30.0,0.0,0.0,0.0,0.0,0.0,1.0,1.0,0.0
outer1,1,74,bbc6,150.0,60.0,0.0,0.0,0.0,0.0,0.0,1.0,1.0,0.0
outer1,1,74,bbc6,150.0,90.0,60.000003814697266,60.000003814697266,0.0,0.0,0.0,0.0,0.0,0.0
outer1,1,74,bbc6,150.0,120.0,151.04498291015625,0.0,-151.04498291015625,-120.0,-120.0,0.0,1.0,1.0
outer1,1,74,bbc6,150.0,150.0,151.04498291015625,0.0,-151.04498291015625,-120.0,-120.0,0.0,1.0,1.0
outer1,1,74,bbc6,150.0,180.0,0.0,0.0,0.0,0.0,0.0,1.0,1.0,0.0
outer1,1,74,bbc6,150.0,210.0,0.0,128.68218994140625,128.68218994140625,120.0,60.0,1.0,0.0,-1.0
outer1,1,74,bbc6,150.0,240.0,0.0,0.0,0.0,0.0,0.0,1.0,1.0,0.0
outer1,1,74,bbc6,150.0,270.0,0.0,0.0,0.0,0.0,0.0,1.0,1.0,0.0
outer1,1,74,bbc6,150.0,300.0,14.870942115783691,0.0,-14.870942115783691,0.0,-30.0,0.0,1.0,1.0
outer1,1,74,bbc6,150.0,330.0,0.0,0.0,0.0,0.0,0.0,1.0,1.0,0.0
outer1,1,75,b827,30.0,0.0,0.0,0.0,0.0,0.0,0.0,1.0,1.0,0.0
outer1,1,75,b827,30.0,30.0,0.0,0.0,0.0,0.0,0.0,1.0,1.0,0.0
outer1,1,75,b827,30.0,60.0,0.0,0.0,0.0,0.0,0.0,1.0,1.0,0.0
outer1,1,75,b827,30.0,90.0,0.0,0.0,0.0,0.0,0.0,1.0,1.0,0.0
outer1,1,75,b827,30.0,120.0,0.0,57.7581901550293,57.7581901550293,0.0,150.0,1.0,0.0,-1.0
outer1,1,75,b827,30.0,150.0,0.0,0.0,0.0,0.0,0.0,1.0,1.0,0.0
outer1,1,75,b827,30.0,180.0,0.0,0.0,0.0,0.0,0.0,1.0,1.0,0.0
outer1,1,75,b827,30.0,210.0,0.0,0.0,0.0,0.0,0.0,1.0,1.0,0.0
outer1,1,75,b827,30.0,240.0,0.0,0.0,0.0,0.0,0.0,1.0,1.0,0.0
outer1,1,75,b827,30.0,270.0,0.0,0.0,0.0,0.0,0.0,1.0,1.0,0.0
outer1,1,75,b827,30.0,300.0,151.04498291015625,165.12905883789062,14.084075927734375,0.0,30.0,0.0,0.0,0.0
outer1,1,75,b827,30.0,330.0,0.0,0.0,0.0,0.0,0.0,1.0,1.0,0.0
outer1,1,75,b827,60.0,0.0,0.0,30.000001907348633,30.000001907348633,30.0,0.0,1.0,0.0,-1.0
outer1,1,75,b827,60.0,30.0,82.81924438476562,51.31782150268555,-31.501422882080078,-60.0,0.0,0.0,0.0,0.0
outer1,1,75,b827,60.0,60.0,0.0,0.0,0.0,0.0,0.0,1.0,1.0,0.0
outer1,1,75,b827,60.0,90.0,0.0,0.0,0.0,0.0,0.0,1.0,1.0,0.0
outer1,1,75,b827,60.0,120.0,0.0,0.0,0.0,0.0,0.0,1.0,1.0,0.0
outer1,1,75,b827,60.0,150.0,0.0,0.0,0.0,0.0,0.0,1.0,1.0,0.0
outer1,1,75,b827,60.0,180.0,0.0,60.000003814697266,60.000003814697266,60.0,0.0,1.0,0.0,-1.0
outer1,1,75,b827,60.0,210.0,51.31781005859375,82.81924438476562,31.501434326171875,60.0,0.0,0.0,0.0,0.0
outer1,1,75,b827,60.0,240.0,0.0,0.0,0.0,0.0,0.0,1.0,1.0,0.0
outer1,1,75,b827,60.0,270.0,0.0,0.0,0.0,0.0,0.0,1.0,1.0,0.0
outer1,1,75,b827,60.0,300.0,0.0,120.00000762939453,120.00000762939453,0.0,180.0,1.0,0.0,-1.0
outer1,1,75,b827,60.0,330.0,120.00000762939453,0.0,-120.00000762939453,0.0,-180.0,0.0,1.0,1.0
outer1,1,75,b827,90.0,0.0,0.0,150.0,150.0,0.0,150.0,1.0,0.0,-1.0
outer1,1,75,b827,90.0,30.0,0.0,180.0,180.0,0.0,180.0,1.0,0.0,-1.0
outer1,1,75,b827,90.0,60.0,60.000003814697266,119.99999237060547,59.9999885559082,0.0,60.0,0.0,0.0,0.0
outer1,1,75,b827,90.0,90.0,0.0,180.0,180.0,0.0,180.0,1.0,0.0,-1.0
outer1,1,75,b827,90.0,120.0,0.0,0.0,0.0,0.0,0.0,1.0,1.0,0.0
outer1,1,75,b827,90.0,150.0,60.000003814697266,60.000003814697266,0.0,0.0,0.0,0.0,0.0,0.0
outer1,1,75,b827,90.0,180.0,180.0,30.000001907348633,-149.99999809265137,0.0,-150.0,0.0,0.0,0.0
outer1,1,75,b827,90.0,210.0,0.0,0.0,0.0,0.0,0.0,1.0,1.0,0.0
outer1,1,75,b827,90.0,240.0,60.000003814697266,60.000003814697266,0.0,0.0,0.0,0.0,0.0,0.0
outer1,1,75,b827,90.0,270.0,0.0,0.0,0.0,0.0,0.0,1.0,1.0,0.0
outer1,1,75,b827,90.0,300.0,0.0,0.0,0.0,0.0,0.0,1.0,1.0,0.0
outer1,1,75,b827,90.0,330.0,120.00000762939453,120.00000762939453,0.0,0.0,0.0,0.0,0.0,0.0
outer1,1,75,b827,120.0,0.0,29.99998664855957,0.0,-29.99998664855957,-30.0,0.0,0.0,1.0,1.0
outer1,1,75,b827,120.0,30.0,120.00000762939453,25.905075073242188,-94.09493255615234,0.0,-150.0,0.0,0.0,0.0
outer1,1,75,b827,120.0,60.0,0.0,0.0,0.0,0.0,0.0,1.0,1.0,0.0
outer1,1,75,b827,120.0,90.0,0.0,0.0,0.0,0.0,0.0,1.0,1.0,0.0
outer1,1,75,b827,120.0,120.0,0.0,0.0,0.0,0.0,0.0,1.0,1.0,0.0
outer1,1,75,b827,120.0,150.0,0.0,0.0,0.0,0.0,0.0,1.0,1.0,0.0
outer1,1,75,b827,120.0,180.0,0.0,0.0,0.0,0.0,0.0,1.0,1.0,0.0
outer1,1,75,b827,120.0,210.0,25.905075073242188,82.81924438476562,56.91416931152344,60.0,30.0,0.0,0.0,0.0
outer1,1,75,b827,120.0,240.0,0.0,60.000003814697266,60.000003814697266,60.0,0.0,1.0,0.0,-1.0
outer1,1,75,b827,120.0,270.0,0.0,0.0,0.0,0.0,0.0,1.0,1.0,0.0
outer1,1,75,b827,120.0,300.0,0.0,66.45188903808594,66.45188903808594,60.0,30.0,1.0,0.0,-1.0
outer1,1,75,b827,120.0,330.0,0.0,0.0,0.0,0.0,0.0,1.0,1.0,0.0
outer1,1,75,b827,150.0,0.0,0.0,0.0,0.0,0.0,0.0,1.0,1.0,0.0
outer1,1,75,b827,150.0,30.0,0.0,0.0,0.0,0.0,0.0,1.0,1.0,0.0
outer1,1,75,b827,150.0,60.0,0.0,0.0,0.0,0.0,0.0,1.0,1.0,0.0
outer1,1,75,b827,150.0,90.0,0.0,0.0,0.0,0.0,0.0,1.0,1.0,0.0
outer1,1,75,b827,150.0,120.0,0.0,0.0,0.0,0.0,0.0,1.0,1.0,0.0
outer1,1,75,b827,150.0,150.0,0.0,0.0,0.0,0.0,0.0,1.0,1.0,0.0
outer1,1,75,b827,150.0,180.0,0.0,0.0,0.0,0.0,0.0,1.0,1.0,0.0
outer1,1,75,b827,150.0,210.0,0.0,60.000003814697266,60.000003814697266,0.0,180.0,1.0,0.0,-1.0
outer1,1,75,b827,150.0,240.0,0.0,120.00000762939453,120.00000762939453,120.0,0.0,1.0,0.0,-1.0
outer1,1,75,b827,150.0,270.0,0.0,0.0,0.0,0.0,0.0,1.0,1.0,0.0
outer1,1,75,b827,150.0,300.0,0.0,0.0,0.0,0.0,0.0,1.0,1.0,0.0
outer1,1,75,b827,150.0,330.0,0.0,0.0,0.0,0.0,0.0,1.0,1.0,0.0
outer1,1,75,b871,30.0,0.0,0.0,0.0,0.0,0.0,0.0,1.0,1.0,0.0
outer1,1,75,b871,30.0,30.0,0.0,0.0,0.0,0.0,0.0,1.0,1.0,0.0
outer1,1,75,b871,30.0,60.0,0.0,0.0,0.0,0.0,0.0,1.0,1.0,0.0
outer1,1,75,b871,30.0,90.0,0.0,0.0,0.0,0.0,0.0,1.0,1.0,0.0
outer1,1,75,b871,30.0,120.0,0.0,0.0,0.0,0.0,0.0,1.0,1.0,0.0
outer1,1,75,b871,30.0,150.0,0.0,0.0,0.0,0.0,0.0,1.0,1.0,0.0
outer1,1,75,b871,30.0,180.0,0.0,0.0,0.0,0.0,0.0,1.0,1.0,0.0
outer1,1,75,b871,30.0,210.0,0.0,0.0,0.0,0.0,0.0,1.0,1.0,0.0
outer1,1,75,b871,30.0,240.0,0.0,0.0,0.0,0.0,0.0,1.0,1.0,0.0
outer1,1,75,b871,30.0,270.0,0.0,0.0,0.0,0.0,0.0,1.0,1.0,0.0
outer1,1,75,b871,30.0,300.0,0.0,0.0,0.0,0.0,0.0,1.0,1.0,0.0
outer1,1,75,b871,30.0,330.0,0.0,0.0,0.0,0.0,0.0,1.0,1.0,0.0
outer1,1,75,b871,60.0,0.0,0.0,30.000001907348633,30.000001907348633,30.0,0.0,1.0,0.0,-1.0
outer1,1,75,b871,60.0,30.0,0.0,0.0,0.0,0.0,0.0,1.0,1.0,0.0
outer1,1,75,b871,60.0,60.0,0.0,0.0,0.0,0.0,0.0,1.0,1.0,0.0
outer1,1,75,b871,60.0,90.0,0.0,0.0,0.0,0.0,0.0,1.0,1.0,0.0
outer1,1,75,b871,60.0,120.0,0.0,128.6822052001953,128.6822052001953,60.0,120.0,1.0,0.0,-1.0
outer1,1,75,b871,60.0,150.0,0.0,0.0,0.0,0.0,0.0,1.0,1.0,0.0
outer1,1,75,b871,60.0,180.0,0.0,90.0,90.0,90.0,0.0,1.0,0.0,-1.0
outer1,1,75,b871,60.0,210.0,25.905075073242188,0.0,-25.905075073242188,0.0,-30.0,0.0,1.0,1.0
outer1,1,75,b871,60.0,240.0,0.0,0.0,0.0,0.0,0.0,1.0,1.0,0.0
outer1,1,75,b871,60.0,270.0,0.0,0.0,0.0,0.0,0.0,1.0,1.0,0.0
outer1,1,75,b871,60.0,300.0,0.0,97.18075561523438,97.18075561523438,0.0,120.0,1.0,0.0,-1.0
outer1,1,75,b871,60.0,330.0,0.0,0.0,0.0,0.0,0.0,1.0,1.0,0.0
outer1,1,75,b871,90.0,0.0,0.0,0.0,0.0,0.0,0.0,1.0,1.0,0.0
outer1,1,75,b871,90.0,30.0,0.0,180.0,180.0,0.0,180.0,1.0,0.0,-1.0
outer1,1,75,b871,90.0,60.0,60.000003814697266,30.000001907348633,-30.000001907348633,0.0,-30.0,0.0,0.0,0.0
outer1,1,75,b871,90.0,90.0,180.0,180.0,0.0,0.0,0.0,0.0,0.0,0.0
outer1,1,75,b871,90.0,120.0,0.0,0.0,0.0,0.0,0.0,1.0,1.0,0.0
outer1,1,75,b871,90.0,150.0,120.00000762939453,0.0,-120.00000762939453,0.0,-120.0,0.0,1.0,1.0
outer1,1,75,b871,90.0,180.0,180.0,180.0,0.0,0.0,0.0,0.0,0.0,0.0
outer1,1,75,b871,90.0,210.0,0.0,0.0,0.0,0.0,0.0,1.0,1.0,0.0
outer1,1,75,b871,90.0,240.0,120.00000762939453,60.000003814697266,-60.000003814697266,0.0,-60.0,0.0,0.0,0.0
outer1,1,75,b871,90.0,270.0,180.0,0.0,-180.0,0.0,-180.0,0.0,1.0,1.0
outer1,1,75,b871,90.0,300.0,0.0,180.0,180.0,0.0,180.0,1.0,0.0,-1.0
outer1,1,75,b871,90.0,330.0,120.00000762939453,60.00000762939453,-60.0,0.0,-60.0,0.0,0.0,0.0
outer1,1,75,b871,120.0,0.0,0.0,29.99998664855957,29.99998664855957,30.0,0.0,1.0,0.0,-1.0
outer1,1,75,b871,120.0,30.0,0.0,0.0,0.0,0.0,0.0,1.0,1.0,0.0
outer1,1,75,b871,120.0,60.0,0.0,0.0,0.0,0.0,0.0,1.0,1.0,0.0
outer1,1,75,b871,120.0,90.0,0.0,0.0,0.0,0.0,0.0,1.0,1.0,0.0
outer1,1,75,b871,120.0,120.0,0.0,0.0,0.0,0.0,0.0,1.0,1.0,0.0
outer1,1,75,b871,120.0,150.0,0.0,0.0,0.0,0.0,0.0,1.0,1.0,0.0
outer1,1,75,b871,120.0,180.0,0.0,0.0,0.0,0.0,0.0,1.0,1.0,0.0
outer1,1,75,b871,120.0,210.0,25.905075073242188,0.0,-25.905075073242188,0.0,-30.0,0.0,1.0,1.0
outer1,1,75,b871,120.0,240.0,0.0,0.0,0.0,0.0,0.0,1.0,1.0,0.0
outer1,1,75,b871,120.0,270.0,0.0,0.0,0.0,0.0,0.0,1.0,1.0,0.0
outer1,1,75,b871,120.0,300.0,0.0,0.0,0.0,0.0,0.0,1.0,1.0,0.0
outer1,1,75,b871,120.0,330.0,0.0,0.0,0.0,0.0,0.0,1.0,1.0,0.0
outer1,1,75,b871,150.0,0.0,0.0,0.0,0.0,0.0,0.0,1.0,1.0,0.0
outer1,1,75,b871,150.0,30.0,0.0,0.0,0.0,0.0,0.0,1.0,1.0,0.0
outer1,1,75,b871,150.0,60.0,0.0,0.0,0.0,0.0,0.0,1.0,1.0,0.0
outer1,1,75,b871,150.0,90.0,0.0,0.0,0.0,0.0,0.0,1.0,1.0,0.0
outer1,1,75,b871,150.0,120.0,0.0,0.0,0.0,0.0,0.0,1.0,1.0,0.0
outer1,1,75,b871,150.0,150.0,0.0,0.0,0.0,0.0,0.0,1.0,1.0,0.0
outer1,1,75,b871,150.0,180.0,0.0,0.0,0.0,0.0,0.0,1.0,1.0,0.0
outer1,1,75,b871,150.0,210.0,0.0,0.0,0.0,0.0,0.0,1.0,1.0,0.0
outer1,1,75,b871,150.0,240.0,0.0,0.0,0.0,0.0,0.0,1.0,1.0,0.0
outer1,1,75,b871,150.0,270.0,0.0,0.0,0.0,0.0,0.0,1.0,1.0,0.0
outer1,1,75,b871,150.0,300.0,0.0,0.0,0.0,0.0,0.0,1.0,1.0,0.0
outer1,1,75,b871,150.0,330.0,0.0,0.0,0.0,0.0,0.0,1.0,1.0,0.0
outer1,1,75,b905,30.0,0.0,0.0,0.0,0.0,0.0,0.0,1.0,1.0,0.0
outer1,1,75,b905,30.0,30.0,0.0,0.0,0.0,0.0,0.0,1.0,1.0,0.0
outer1,1,75,b905,30.0,60.0,0.0,0.0,0.0,0.0,0.0,1.0,1.0,0.0
outer1,1,75,b905,30.0,90.0,0.0,0.0,0.0,0.0,0.0,1.0,1.0,0.0
outer1,1,75,b905,30.0,120.0,0.0,0.0,0.0,0.0,0.0,1.0,1.0,0.0
outer1,1,75,b905,30.0,150.0,0.0,0.0,0.0,0.0,0.0,1.0,1.0,0.0
outer1,1,75,b905,30.0,180.0,0.0,0.0,0.0,0.0,0.0,1.0,1.0,0.0
outer1,1,75,b905,30.0,210.0,0.0,0.0,0.0,0.0,0.0,1.0,1.0,0.0
outer1,1,75,b905,30.0,240.0,0.0,0.0,0.0,0.0,0.0,1.0,1.0,0.0
outer1,1,75,b905,30.0,270.0,0.0,0.0,0.0,0.0,0.0,1.0,1.0,0.0
outer1,1,75,b905,30.0,300.0,0.0,0.0,0.0,0.0,0.0,1.0,1.0,0.0
outer1,1,75,b905,30.0,330.0,0.0,0.0,0.0,0.0,0.0,1.0,1.0,0.0
outer1,1,75,b905,60.0,0.0,0.0,0.0,0.0,0.0,0.0,1.0,1.0,0.0
outer1,1,75,b905,60.0,30.0,0.0,66.45188903808594,66.45188903808594,60.0,30.0,1.0,0.0,-1.0
outer1,1,75,b905,60.0,60.0,0.0,0.0,0.0,0.0,0.0,1.0,1.0,0.0
outer1,1,75,b905,60.0,90.0,0.0,0.0,0.0,0.0,0.0,1.0,1.0,0.0
outer1,1,75,b905,60.0,120.0,0.0,0.0,0.0,0.0,0.0,1.0,1.0,0.0
outer1,1,75,b905,60.0,150.0,0.0,0.0,0.0,0.0,0.0,1.0,1.0,0.0
outer1,1,75,b905,60.0,180.0,0.0,0.0,0.0,0.0,0.0,1.0,1.0,0.0
outer1,1,75,b905,60.0,210.0,0.0,0.0,0.0,0.0,0.0,1.0,1.0,0.0
outer1,1,75,b905,60.0,240.0,0.0,0.0,0.0,0.0,0.0,1.0,1.0,0.0
outer1,1,75,b905,60.0,270.0,0.0,0.0,0.0,0.0,0.0,1.0,1.0,0.0
outer1,1,75,b905,60.0,300.0,0.0,0.0,0.0,0.0,0.0,1.0,1.0,0.0
outer1,1,75,b905,60.0,330.0,0.0,0.0,0.0,0.0,0.0,1.0,1.0,0.0
outer1,1,75,b905,90.0,0.0,0.0,180.0,180.0,0.0,180.0,1.0,0.0,-1.0
outer1,1,75,b905,90.0,30.0,120.00000762939453,60.00000762939453,-60.0,0.0,-60.0,0.0,0.0,0.0
outer1,1,75,b905,90.0,60.0,0.0,0.0,0.0,0.0,0.0,1.0,1.0,0.0
outer1,1,75,b905,90.0,90.0,0.0,0.0,0.0,0.0,0.0,1.0,1.0,0.0
outer1,1,75,b905,90.0,120.0,60.000003814697266,120.00000762939453,60.000003814697266,0.0,60.0,0.0,0.0,0.0
outer1,1,75,b905,90.0,150.0,180.0,0.0,-180.0,0.0,-180.0,0.0,1.0,1.0
outer1,1,75,b905,90.0,180.0,180.0,180.0,0.0,0.0,0.0,0.0,0.0,0.0
outer1,1,75,b905,90.0,210.0,60.000003814697266,120.00000762939453,60.000003814697266,0.0,60.0,0.0,0.0,0.0
outer1,1,75,b905,90.0,240.0,0.0,0.0,0.0,0.0,0.0,1.0,1.0,0.0
outer1,1,75,b905,90.0,270.0,0.0,0.0,0.0,0.0,0.0,1.0,1.0,0.0
outer1,1,75,b905,90.0,300.0,60.000003814697266,60.000003814697266,0.0,0.0,0.0,0.0,0.0,0.0
outer1,1,75,b905,90.0,330.0,0.0,180.0,180.0,0.0,180.0,1.0,0.0,-1.0
outer1,1,75,b905,120.0,0.0,0.0,0.0,0.0,0.0,0.0,1.0,1.0,0.0
outer1,1,75,b905,120.0,30.0,0.0,60.000003814697266,60.000003814697266,60.0,0.0,1.0,0.0,-1.0
outer1,1,75,b905,120.0,60.0,0.0,0.0,0.0,0.0,0.0,1.0,1.0,0.0
outer1,1,75,b905,120.0,90.0,0.0,0.0,0.0,0.0,0.0,1.0,1.0,0.0
outer1,1,75,b905,120.0,120.0,0.0,0.0,0.0,0.0,0.0,1.0,1.0,0.0
outer1,1,75,b905,120.0,150.0,0.0,0.0,0.0,0.0,0.0,1.0,1.0,0.0
outer1,1,75,b905,120.0,180.0,0.0,0.0,0.0,0.0,0.0,1.0,1.0,0.0
outer1,1,75,b905,120.0,210.0,0.0,66.45188903808594,66.45188903808594,60.0,30.0,1.0,0.0,-1.0
outer1,1,75,b905,120.0,240.0,66.45188903808594,128.6822052001953,62.230316162109375,0.0,90.0,0.0,0.0,0.0
outer1,1,75,b905,120.0,270.0,0.0,0.0,0.0,0.0,0.0,1.0,1.0,0.0
outer1,1,75,b905,120.0,300.0,0.0,0.0,0.0,0.0,0.0,1.0,1.0,0.0
outer1,1,75,b905,120.0,330.0,0.0,0.0,0.0,0.0,0.0,1.0,1.0,0.0
outer1,1,75,b905,150.0,0.0,0.0,0.0,0.0,0.0,0.0,1.0,1.0,0.0
outer1,1,75,b905,150.0,30.0,0.0,0.0,0.0,0.0,0.0,1.0,1.0,0.0
outer1,1,75,b905,150.0,60.0,0.0,0.0,0.0,0.0,0.0,1.0,1.0,0.0
outer1,1,75,b905,150.0,90.0,0.0,0.0,0.0,0.0,0.0,1.0,1.0,0.0
outer1,1,75,b905,150.0,120.0,0.0,0.0,0.0,0.0,0.0,1.0,1.0,0.0
outer1,1,75,b905,150.0,150.0,0.0,0.0,0.0,0.0,0.0,1.0,1.0,0.0
outer1,1,75,b905,150.0,180.0,0.0,0.0,0.0,0.0,0.0,1.0,1.0,0.0
outer1,1,75,b905,150.0,210.0,0.0,0.0,0.0,0.0,0.0,1.0,1.0,0.0
outer1,1,75,b905,150.0,240.0,0.0,0.0,0.0,0.0,0.0,1.0,1.0,0.0
outer1,1,75,b905,150.0,270.0,0.0,0.0,0.0,0.0,0.0,1.0,1.0,0.0
outer1,1,75,b905,150.0,300.0,0.0,0.0,0.0,0.0,0.0,1.0,1.0,0.0
outer1,1,75,b905,150.0,330.0,0.0,0.0,0.0,0.0,0.0,1.0,1.0,0.0
outer1,1,75,bb7d,30.0,0.0,60.000003814697266,60.000003814697266,0.0,0.0,0.0,0.0,0.0,0.0
outer1,1,75,bb7d,30.0,30.0,0.0,14.870942115783691,14.870942115783691,0.0,30.0,1.0,0.0,-1.0
outer1,1,75,bb7d,30.0,60.0,165.12905883789062,128.68218994140625,-36.446868896484375,0.0,-90.0,0.0,0.0,0.0
outer1,1,75,bb7d,30.0,90.0,180.0,60.000003814697266,-119.99999618530273,-120.0,0.0,0.0,0.0,0.0
outer1,1,75,bb7d,30.0,120.0,28.95502281188965,60.000003814697266,31.044981002807617,0.0,120.0,0.0,0.0,0.0
outer1,1,75,bb7d,30.0,150.0,151.04498291015625,122.24180603027344,-28.803176879882812,0.0,-90.0,0.0,0.0,0.0
outer1,1,75,bb7d,30.0,180.0,120.00000762939453,120.00000762939453,0.0,0.0,0.0,0.0,0.0,0.0
outer1,1,75,bb7d,30.0,210.0,60.000003814697266,128.68218994140625,68.68218612670898,120.0,-120.0,0.0,0.0,0.0
outer1,1,75,bb7d,30.0,240.0,180.0,28.95502281188965,-151.04497718811035,-120.0,-120.0,0.0,0.0,0.0
outer1,1,75,bb7d,30.0,270.0,0.0,0.0,0.0,0.0,0.0,1.0,1.0,0.0
outer1,1,75,bb7d,30.0,300.0,0.0,14.870942115783691,14.870942115783691,0.0,30.0,1.0,0.0,-1.0
outer1,1,75,bb7d,30.0,330.0,128.68218994140625,151.04498291015625,22.36279296875,0.0,60.0,0.0,0.0,0.0
outer1,1,75,bb7d,60.0,0.0,180.0,90.0,-90.0,-30.0,0.0,0.0,0.0,0.0
outer1,1,75,bb7d,60.0,30.0,0.0,82.81924438476562,82.81924438476562,60.0,60.0,1.0,0.0,-1.0
outer1,1,75,bb7d,60.0,60.0,66.45188903808594,154.0949249267578,87.64303588867188,0.0,120.0,0.0,0.0,0.0
outer1,1,75,bb7d,60.0,90.0,150.0,180.0,30.0,30.0,0.0,0.0,0.0,0.0
outer1,1,75,bb7d,60.0,120.0,93.32574462890625,60.000003814697266,-33.325740814208984,-30.0,-30.0,0.0,0.0,0.0
outer1,1,75,bb7d,60.0,150.0,60.000003814697266,128.6822052001953,68.68220138549805,0.0,120.0,0.0,0.0,0.0
outer1,1,75,bb7d,60.0,180.0,60.000003814697266,60.000003814697266,0.0,0.0,0.0,0.0,0.0,0.0
outer1,1,75,bb7d,60.0,210.0,120.00000762939453,120.00000762939453,0.0,0.0,0.0,0.0,0.0,0.0
outer1,1,75,bb7d,60.0,240.0,113.5481185913086,154.09490966796875,40.546791076660156,60.0,0.0,0.0,0.0,0.0
outer1,1,75,bb7d,60.0,270.0,0.0,120.00000762939453,120.00000762939453,0.0,180.0,1.0,0.0,-1.0
outer1,1,75,bb7d,60.0,300.0,143.9022216796875,51.31781005859375,-92.58441162109375,-90.0,-90.0,0.0,0.0,0.0
outer1,1,75,bb7d,60.0,330.0,180.0,82.81924438476562,-97.18075561523438,0.0,-120.0,0.0,0.0,0.0
outer1,1,75,bb7d,90.0,0.0,119.99999237060547,115.65889739990234,-4.341094970703125,30.0,0.0,0.0,0.0,0.0
outer1,1,75,bb7d,90.0,30.0,90.0,115.65889739990234,25.658897399902344,0.0,30.0,0.0,0.0,0.0
outer1,1,75,bb7d,90.0,60.0,138.59039306640625,41.40962219238281,-97.18077087402344,0.0,-120.0,0.0,0.0,0.0
outer1,1,75,bb7d,90.0,90.0,180.0,0.0,-180.0,0.0,-180.0,0.0,1.0,1.0
outer1,1,75,bb7d,90.0,120.0,138.59039306640625,138.59039306640625,0.0,0.0,0.0,0.0,0.0,0.0
outer1,1,75,bb7d,90.0,150.0,90.0,115.6589126586914,25.658912658691406,0.0,30.0,0.0,0.0,0.0
outer1,1,75,bb7d,90.0,180.0,60.000003814697266,64.34109497070312,4.341091156005859,30.0,0.0,0.0,0.0,0.0
outer1,1,75,bb7d,90.0,210.0,90.0,64.34109497070312,-25.658905029296875,0.0,-30.0,0.0,0.0,0.0
outer1,1,75,bb7d,90.0,240.0,41.40962219238281,138.59039306640625,97.18077087402344,0.0,120.0,0.0,0.0,0.0
outer1,1,75,bb7d,90.0,270.0,0.0,180.0,180.0,0.0,180.0,1.0,0.0,-1.0
outer1,1,75,bb7d,90.0,300.0,41.40962219238281,41.40962219238281,0.0,0.0,0.0,0.0,0.0,0.0
outer1,1,75,bb7d,90.0,330.0,90.0,64.34109497070312,-25.658905029296875,0.0,-30.0,0.0,0.0,0.0
outer1,1,75,bb7d,120.0,0.0,120.00000762939453,120.00000762939453,0.0,0.0,0.0,0.0,0.0,0.0
outer1,1,75,bb7d,120.0,30.0,82.81924438476562,51.31781005859375,-31.501434326171875,-60.0,0.0,0.0,0.0,0.0
outer1,1,75,bb7d,120.0,60.0,36.09777069091797,82.81924438476562,46.721473693847656,30.0,30.0,0.0,0.0,0.0
outer1,1,75,bb7d,120.0,90.0,180.0,180.0,0.0,0.0,0.0,0.0,0.0,0.0
outer1,1,75,bb7d,120.0,120.0,93.32575225830078,66.45188903808594,-26.873863220214844,-30.0,0.0,0.0,0.0,0.0
outer1,1,75,bb7d,120.0,150.0,128.6822052001953,128.6822052001953,0.0,0.0,0.0,0.0,0.0,0.0
outer1,1,75,bb7d,120.0,180.0,0.0,90.0,90.0,90.0,0.0,1.0,0.0,-1.0
outer1,1,75,bb7d,120.0,210.0,51.31781005859375,60.000003814697266,8.682193756103516,60.0,-60.0,0.0,0.0,0.0
outer1,1,75,bb7d,120.0,240.0,86.67424774169922,97.18075561523438,10.506507873535156,-30.0,-30.0,0.0,0.0,0.0
outer1,1,75,bb7d,120.0,270.0,30.000001907348633,60.000003814697266,30.000001907348633,30.0,0.0,0.0,0.0,0.0
outer1,1,75,bb7d,120.0,300.0,25.905075073242188,25.905075073242188,0.0,0.0,0.0,0.0,0.0,0.0
outer1,1,75,bb7d,120.0,330.0,82.81924438476562,82.81924438476562,0.0,0.0,0.0,0.0,0.0,0.0
outer1,1,75,bb7d,150.0,0.0,90.0,180.0,90.0,90.0,0.0,0.0,0.0,0.0
outer1,1,75,bb7d,150.0,30.0,0.0,57.7581901550293,57.7581901550293,0.0,150.0,1.0,0.0,-1.0
outer1,1,75,bb7d,150.0,60.0,151.04498291015625,128.68218994140625,-22.36279296875,0.0,-60.0,0.0,0.0,0.0
outer1,1,75,bb7d,150.0,90.0,120.00000762939453,120.00000762939453,0.0,0.0,0.0,0.0,0.0,0.0
outer1,1,75,bb7d,150.0,120.0,128.68218994140625,128.68218994140625,0.0,0.0,0.0,0.0,0.0,0.0
outer1,1,75,bb7d,150.0,150.0,151.04498291015625,151.04498291015625,0.0,0.0,0.0,0.0,0.0,0.0
outer1,1,75,bb7d,150.0,180.0,90.0,120.00000762939453,30.00000762939453,30.0,0.0,0.0,0.0,0.0
outer1,1,75,bb7d,150.0,210.0,60.000003814697266,128.68218994140625,68.68218612670898,120.0,-120.0,0.0,0.0,0.0
outer1,1,75,bb7d,150.0,240.0,180.0,128.68218994140625,-51.31781005859375,0.0,-120.0,0.0,0.0,0.0
outer1,1,75,bb7d,150.0,270.0,0.0,120.00000762939453,120.00000762939453,120.0,0.0,1.0,0.0,-1.0
outer1,1,75,bb7d,150.0,300.0,14.870942115783691,0.0,-14.870942115783691,0.0,-30.0,0.0,1.0,1.0
outer1,1,75,bb7d,150.0,330.0,128.68218994140625,151.04498291015625,22.36279296875,0.0,60.0,0.0,0.0,0.0
outer1,1,75,bbc6,30.0,0.0,0.0,0.0,0.0,0.0,0.0,1.0,1.0,0.0
outer1,1,75,bbc6,30.0,30.0,0.0,0.0,0.0,0.0,0.0,1.0,1.0,0.0
outer1,1,75,bbc6,30.0,60.0,0.0,151.04498291015625,151.04498291015625,120.0,120.0,1.0,0.0,-1.0
outer1,1,75,bbc6,30.0,90.0,180.0,0.0,-180.0,-120.0,-180.0,0.0,1.0,1.0
outer1,1,75,bbc6,30.0,120.0,151.04498291015625,51.31781005859375,-99.7271728515625,-120.0,0.0,0.0,0.0,0.0
outer1,1,75,bbc6,30.0,150.0,0.0,0.0,0.0,0.0,0.0,1.0,1.0,0.0
outer1,1,75,bbc6,30.0,180.0,0.0,0.0,0.0,0.0,0.0,1.0,1.0,0.0
outer1,1,75,bbc6,30.0,210.0,51.31781005859375,128.68218994140625,77.3643798828125,120.0,-60.0,0.0,0.0,0.0
outer1,1,75,bbc6,30.0,240.0,0.0,0.0,0.0,0.0,0.0,1.0,1.0,0.0
outer1,1,75,bbc6,30.0,270.0,0.0,0.0,0.0,0.0,0.0,1.0,1.0,0.0
outer1,1,75,bbc6,30.0,300.0,151.04498291015625,14.870942115783691,-136.17404079437256,-120.0,-90.0,0.0,0.0,0.0
outer1,1,75,bbc6,30.0,330.0,0.0,0.0,0.0,0.0,0.0,1.0,1.0,0.0
outer1,1,75,bbc6,60.0,0.0,30.000001907348633,30.000001907348633,0.0,0.0,0.0,0.0,0.0,0.0
outer1,1,75,bbc6,60.0,30.0,0.0,0.0,0.0,0.0,0.0,1.0,1.0,0.0
outer1,1,75,bbc6,60.0,60.0,30.000001907348633,0.0,-30.000001907348633,-30.0,0.0,0.0,1.0,1.0
outer1,1,75,bbc6,60.0,90.0,180.0,180.0,0.0,0.0,0.0,0.0,0.0,0.0
outer1,1,75,bbc6,60.0,120.0,130.50535583496094,128.6822052001953,-1.823150634765625,-30.0,0.0,0.0,0.0,0.0
outer1,1,75,bbc6,60.0,150.0,0.0,60.000003814697266,60.000003814697266,60.0,0.0,1.0,0.0,-1.0
outer1,1,75,bbc6,60.0,180.0,90.0,90.0,0.0,60.0,-180.0,0.0,0.0,0.0
outer1,1,75,bbc6,60.0,210.0,0.0,82.81924438476562,82.81924438476562,60.0,60.0,1.0,0.0,-1.0
outer1,1,75,bbc6,60.0,240.0,25.905075073242188,0.0,-25.905075073242188,0.0,-30.0,0.0,1.0,1.0
outer1,1,75,bbc6,60.0,270.0,0.0,0.0,0.0,0.0,0.0,1.0,1.0,0.0
outer1,1,75,bbc6,60.0,300.0,97.18075561523438,97.18075561523438,0.0,0.0,0.0,0.0,0.0,0.0
outer1,1,75,bbc6,60.0,330.0,0.0,120.00000762939453,120.00000762939453,0.0,180.0,1.0,0.0,-1.0
outer1,1,75,bbc6,90.0,0.0,180.0,180.0,0.0,0.0,0.0,0.0,0.0,0.0
outer1,1,75,bbc6,90.0,30.0,180.0,120.00000762939453,-59.99999237060547,0.0,-60.0,0.0,0.0,0.0
outer1,1,75,bbc6,90.0,60.0,119.99999237060547,138.59039306640625,18.59040069580078,30.0,30.0,0.0,0.0,0.0
outer1,1,75,bbc6,90.0,90.0,0.0,180.0,180.0,0.0,180.0,1.0,0.0,-1.0
outer1,1,75,bbc6,90.0,120.0,30.000001907348633,180.0,149.99999809265137,0.0,150.0,0.0,0.0,0.0
outer1,1,75,bbc6,90.0,150.0,180.0,0.0,-180.0,0.0,-180.0,0.0,1.0,1.0
outer1,1,75,bbc6,90.0,180.0,180.0,0.0,-180.0,0.0,-180.0,0.0,1.0,1.0
outer1,1,75,bbc6,90.0,210.0,0.0,0.0,0.0,0.0,0.0,1.0,1.0,0.0
outer1,1,75,bbc6,90.0,240.0,30.000001907348633,30.000001907348633,0.0,0.0,0.0,0.0,0.0,0.0
outer1,1,75,bbc6,90.0,270.0,180.0,0.0,-180.0,0.0,-180.0,0.0,1.0,1.0
outer1,1,75,bbc6,90.0,300.0,150.0,0.0,-150.0,0.0,-150.0,0.0,1.0,1.0
outer1,1,75,bbc6,90.0,330.0,0.0,180.0,180.0,0.0,180.0,1.0,0.0,-1.0
outer1,1,75,bbc6,120.0,0.0,29.99998664855957,29.99998664855957,0.0,0.0,0.0,0.0,0.0,0.0
outer1,1,75,bbc6,120.0,30.0,0.0,0.0,0.0,0.0,0.0,1.0,1.0,0.0
outer1,1,75,bbc6,120.0,60.0,0.0,0.0,0.0,0.0,0.0,1.0,1.0,0.0
outer1,1,75,bbc6,120.0,90.0,180.0,180.0,0.0,0.0,0.0,0.0,0.0,0.0
outer1,1,75,bbc6,120.0,120.0,128.6822052001953,128.6822052001953,0.0,0.0,0.0,0.0,0.0,0.0
outer1,1,75,bbc6,120.0,150.0,60.000003814697266,82.81924438476562,22.81924057006836,0.0,60.0,0.0,0.0,0.0
outer1,1,75,bbc6,120.0,180.0,90.0,29.99998664855957,-60.00001335144043,-60.0,0.0,0.0,0.0,0.0
outer1,1,75,bbc6,120.0,210.0,82.81924438476562,82.81924438476562,0.0,0.0,0.0,0.0,0.0,0.0
outer1,1,75,bbc6,120.0,240.0,29.99998664855957,25.905075073242188,-4.094911575317383,-30.0,30.0,0.0,0.0,0.0
outer1,1,75,bbc6,120.0,270.0,0.0,0.0,0.0,0.0,0.0,1.0,1.0,0.0
outer1,1,75,bbc6,120.0,300.0,128.68218994140625,128.68218994140625,0.0,0.0,0.0,0.0,0.0,0.0
outer1,1,75,bbc6,120.0,330.0,0.0,0.0,0.0,0.0,0.0,1.0,1.0,0.0
outer1,1,75,bbc6,150.0,0.0,0.0,0.0,0.0,0.0,0.0,1.0,1.0,0.0
outer1,1,75,bbc6,150.0,30.0,0.0,0.0,0.0,0.0,0.0,1.0,1.0,0.0
outer1,1,75,bbc6,150.0,60.0,0.0,60.000003814697266,60.000003814697266,0.0,180.0,1.0,0.0,-1.0
outer1,1,75,bbc6,150.0,90.0,180.0,57.7581901550293,-122.2418098449707,-120.0,-30.0,0.0,0.0,0.0
outer1,1,75,bbc6,150.0,120.0,151.04498291015625,0.0,-151.04498291015625,-120.0,-120.0,0.0,1.0,1.0
outer1,1,75,bbc6,150.0,150.0,0.0,0.0,0.0,0.0,0.0,1.0,1.0,0.0
outer1,1,75,bbc6,150.0,180.0,0.0,0.0,0.0,0.0,0.0,1.0,1.0,0.0
outer1,1,75,bbc6,150.0,210.0,14.870942115783691,128.68218994140625,113.81124782562256,120.0,30.0,0.0,0.0,0.0
outer1,1,75,bbc6,150.0,240.0,0.0,57.7581901550293,57.7581901550293,0.0,150.0,1.0,0.0,-1.0
outer1,1,75,bbc6,150.0,270.0,0.0,0.0,0.0,0.0,0.0,1.0,1.0,0.0
outer1,1,75,bbc6,150.0,300.0,120.00000762939453,0.0,-120.00000762939453,-120.0,0.0,0.0,1.0,1.0
outer1,1,75,bbc6,150.0,330.0,0.0,0.0,0.0,0.0,0.0,1.0,1.0,0.0
outer1,1,76,b827,30.0,0.0,0.0,0.0,0.0,0.0,0.0,1.0,1.0,0.0
outer1,1,76,b827,30.0,30.0,0.0,0.0,0.0,0.0,0.0,1.0,1.0,0.0
outer1,1,76,b827,30.0,60.0,0.0,0.0,0.0,0.0,0.0,1.0,1.0,0.0
outer1,1,76,b827,30.0,90.0,0.0,0.0,0.0,0.0,0.0,1.0,1.0,0.0
outer1,1,76,b827,30.0,120.0,0.0,0.0,0.0,0.0,0.0,1.0,1.0,0.0
outer1,1,76,b827,30.0,150.0,0.0,0.0,0.0,0.0,0.0,1.0,1.0,0.0
outer1,1,76,b827,30.0,180.0,0.0,0.0,0.0,0.0,0.0,1.0,1.0,0.0
outer1,1,76,b827,30.0,210.0,0.0,60.000003814697266,60.000003814697266,0.0,180.0,1.0,0.0,-1.0
outer1,1,76,b827,30.0,240.0,0.0,0.0,0.0,0.0,0.0,1.0,1.0,0.0
outer1,1,76,b827,30.0,270.0,0.0,0.0,0.0,0.0,0.0,1.0,1.0,0.0
outer1,1,76,b827,30.0,300.0,0.0,151.04498291015625,151.04498291015625,120.0,120.0,1.0,0.0,-1.0
outer1,1,76,b827,30.0,330.0,0.0,0.0,0.0,0.0,0.0,1.0,1.0,0.0
outer1,1,76,b827,60.0,0.0,0.0,30.000001907348633,30.000001907348633,30.0,0.0,1.0,0.0,-1.0
outer1,1,76,b827,60.0,30.0,0.0,25.905075073242188,25.905075073242188,0.0,30.0,1.0,0.0,-1.0
outer1,1,76,b827,60.0,60.0,0.0,51.31781005859375,51.31781005859375,0.0,60.0,1.0,0.0,-1.0
outer1,1,76,b827,60.0,90.0,0.0,0.0,0.0,0.0,0.0,1.0,1.0,0.0
outer1,1,76,b827,60.0,120.0,0.0,0.0,0.0,0.0,0.0,1.0,1.0,0.0
outer1,1,76,b827,60.0,150.0,0.0,0.0,0.0,0.0,0.0,1.0,1.0,0.0
outer1,1,76,b827,60.0,180.0,0.0,30.000001907348633,30.000001907348633,30.0,0.0,1.0,0.0,-1.0
outer1,1,76,b827,60.0,210.0,51.31781005859375,51.31781005859375,0.0,0.0,0.0,0.0,0.0,0.0
outer1,1,76,b827,60.0,240.0,25.905075073242188,0.0,-25.905075073242188,0.0,-30.0,0.0,1.0,1.0
outer1,1,76,b827,60.0,270.0,0.0,0.0,0.0,0.0,0.0,1.0,1.0,0.0
outer1,1,76,b827,60.0,300.0,0.0,128.68218994140625,128.68218994140625,60.0,120.0,1.0,0.0,-1.0
outer1,1,76,b827,60.0,330.0,0.0,0.0,0.0,0.0,0.0,1.0,1.0,0.0
outer1,1,76,b827,90.0,0.0,180.0,30.00000762939453,-149.99999237060547,0.0,-150.0,0.0,0.0,0.0
outer1,1,76,b827,90.0,30.0,180.0,180.0,0.0,0.0,0.0,0.0,0.0,0.0
outer1,1,76,b827,90.0,60.0,119.99999237060547,180.0,60.00000762939453,0.0,60.0,0.0,0.0,0.0
outer1,1,76,b827,90.0,90.0,0.0,180.0,180.0,0.0,180.0,1.0,0.0,-1.0
outer1,1,76,b827,90.0,120.0,0.0,180.0,180.0,0.0,180.0,1.0,0.0,-1.0
outer1,1,76,b827,90.0,150.0,120.00000762939453,60.000003814697266,-60.000003814697266,0.0,-60.0,0.0,0.0,0.0
outer1,1,76,b827,90.0,180.0,0.0,150.0,150.0,0.0,150.0,1.0,0.0,-1.0
outer1,1,76,b827,90.0,210.0,0.0,0.0,0.0,0.0,0.0,1.0,1.0,0.0
outer1,1,76,b827,90.0,240.0,60.000003814697266,60.000003814697266,0.0,0.0,0.0,0.0,0.0,0.0
outer1,1,76,b827,90.0,270.0,0.0,0.0,0.0,0.0,0.0,1.0,1.0,0.0
outer1,1,76,b827,90.0,300.0,0.0,0.0,0.0,0.0,0.0,1.0,1.0,0.0
outer1,1,76,b827,90.0,330.0,180.0,120.00000762939453,-59.99999237060547,0.0,-60.0,0.0,0.0,0.0
outer1,1,76,b827,120.0,0.0,29.99998664855957,0.0,-29.99998664855957,-30.0,0.0,0.0,1.0,1.0
outer1,1,76,b827,120.0,30.0,0.0,25.905075073242188,25.905075073242188,0.0,30.0,1.0,0.0,-1.0
outer1,1,76,b827,120.0,60.0,0.0,25.905075073242188,25.905075073242188,0.0,30.0,1.0,0.0,-1.0
outer1,1,76,b827,120.0,90.0,0.0,0.0,0.0,0.0,0.0,1.0,1.0,0.0
outer1,1,76,b827,120.0,120.0,0.0,0.0,0.0,0.0,0.0,1.0,1.0,0.0
outer1,1,76,b827,120.0,150.0,0.0,0.0,0.0,0.0,0.0,1.0,1.0,0.0
outer1,1,76,b827,120.0,180.0,0.0,29.99998664855957,29.99998664855957,30.0,0.0,1.0,0.0,-1.0
outer1,1,76,b827,120.0,210.0,0.0,0.0,0.0,0.0,0.0,1.0,1.0,0.0
outer1,1,76,b827,120.0,240.0,0.0,51.31781005859375,51.31781005859375,0.0,60.0,1.0,0.0,-1.0
outer1,1,76,b827,120.0,270.0,0.0,0.0,0.0,0.0,0.0,1.0,1.0,0.0
outer1,1,76,b827,120.0,300.0,0.0,0.0,0.0,0.0,0.0,1.0,1.0,0.0
outer1,1,76,b827,120.0,330.0,0.0,0.0,0.0,0.0,0.0,1.0,1.0,0.0
outer1,1,76,b827,150.0,0.0,0.0,0.0,0.0,0.0,0.0,1.0,1.0,0.0
outer1,1,76,b827,150.0,30.0,0.0,0.0,0.0,0.0,0.0,1.0,1.0,0.0
outer1,1,76,b827,150.0,60.0,0.0,0.0,0.0,0.0,0.0,1.0,1.0,0.0
outer1,1,76,b827,150.0,90.0,0.0,0.0,0.0,0.0,0.0,1.0,1.0,0.0
outer1,1,76,b827,150.0,120.0,0.0,0.0,0.0,0.0,0.0,1.0,1.0,0.0
outer1,1,76,b827,150.0,150.0,0.0,0.0,0.0,0.0,0.0,1.0,1.0,0.0
outer1,1,76,b827,150.0,180.0,0.0,60.000003814697266,60.000003814697266,0.0,180.0,1.0,0.0,-1.0
outer1,1,76,b827,150.0,210.0,0.0,60.000003814697266,60.000003814697266,0.0,180.0,1.0,0.0,-1.0
outer1,1,76,b827,150.0,240.0,0.0,0.0,0.0,0.0,0.0,1.0,1.0,0.0
outer1,1,76,b827,150.0,270.0,0.0,0.0,0.0,0.0,0.0,1.0,1.0,0.0
outer1,1,76,b827,150.0,300.0,0.0,0.0,0.0,0.0,0.0,1.0,1.0,0.0
outer1,1,76,b827,150.0,330.0,14.870942115783691,0.0,-14.870942115783691,0.0,-30.0,0.0,1.0,1.0
outer1,1,76,b871,30.0,0.0,0.0,0.0,0.0,0.0,0.0,1.0,1.0,0.0
outer1,1,76,b871,30.0,30.0,0.0,0.0,0.0,0.0,0.0,1.0,1.0,0.0
outer1,1,76,b871,30.0,60.0,0.0,0.0,0.0,0.0,0.0,1.0,1.0,0.0
outer1,1,76,b871,30.0,90.0,0.0,0.0,0.0,0.0,0.0,1.0,1.0,0.0
outer1,1,76,b871,30.0,120.0,0.0,0.0,0.0,0.0,0.0,1.0,1.0,0.0
outer1,1,76,b871,30.0,150.0,0.0,0.0,0.0,0.0,0.0,1.0,1.0,0.0
outer1,1,76,b871,30.0,180.0,0.0,0.0,0.0,0.0,0.0,1.0,1.0,0.0
outer1,1,76,b871,30.0,210.0,0.0,0.0,0.0,0.0,0.0,1.0,1.0,0.0
outer1,1,76,b871,30.0,240.0,0.0,0.0,0.0,0.0,0.0,1.0,1.0,0.0
outer1,1,76,b871,30.0,270.0,0.0,0.0,0.0,0.0,0.0,1.0,1.0,0.0
outer1,1,76,b871,30.0,300.0,0.0,0.0,0.0,0.0,0.0,1.0,1.0,0.0
outer1,1,76,b871,30.0,330.0,0.0,0.0,0.0,0.0,0.0,1.0,1.0,0.0
outer1,1,76,b871,60.0,0.0,0.0,30.000001907348633,30.000001907348633,30.0,0.0,1.0,0.0,-1.0
outer1,1,76,b871,60.0,30.0,0.0,0.0,0.0,0.0,0.0,1.0,1.0,0.0
outer1,1,76,b871,60.0,60.0,0.0,0.0,0.0,0.0,0.0,1.0,1.0,0.0
outer1,1,76,b871,60.0,90.0,0.0,0.0,0.0,0.0,0.0,1.0,1.0,0.0
outer1,1,76,b871,60.0,120.0,0.0,128.6822052001953,128.6822052001953,60.0,120.0,1.0,0.0,-1.0
outer1,1,76,b871,60.0,150.0,0.0,0.0,0.0,0.0,0.0,1.0,1.0,0.0
outer1,1,76,b871,60.0,180.0,0.0,0.0,0.0,0.0,0.0,1.0,1.0,0.0
outer1,1,76,b871,60.0,210.0,51.31781005859375,82.81924438476562,31.501434326171875,60.0,0.0,0.0,0.0,0.0
outer1,1,76,b871,60.0,240.0,25.905075073242188,0.0,-25.905075073242188,0.0,-30.0,0.0,1.0,1.0
outer1,1,76,b871,60.0,270.0,0.0,0.0,0.0,0.0,0.0,1.0,1.0,0.0
outer1,1,76,b871,60.0,300.0,0.0,97.18075561523438,97.18075561523438,0.0,120.0,1.0,0.0,-1.0
outer1,1,76,b871,60.0,330.0,0.0,0.0,0.0,0.0,0.0,1.0,1.0,0.0
outer1,1,76,b871,90.0,0.0,180.0,180.0,0.0,0.0,0.0,0.0,0.0,0.0
outer1,1,76,b871,90.0,30.0,180.0,180.0,0.0,0.0,0.0,0.0,0.0,0.0
outer1,1,76,b871,90.0,60.0,60.000003814697266,180.0,119.99999618530273,0.0,120.0,0.0,0.0,0.0
outer1,1,76,b871,90.0,90.0,180.0,180.0,0.0,0.0,0.0,0.0,0.0,0.0
outer1,1,76,b871,90.0,120.0,0.0,0.0,0.0,0.0,0.0,1.0,1.0,0.0
outer1,1,76,b871,90.0,150.0,180.0,180.0,0.0,0.0,0.0,0.0,0.0,0.0
outer1,1,76,b871,90.0,180.0,180.0,0.0,-180.0,0.0,-180.0,0.0,1.0,1.0
outer1,1,76,b871,90.0,210.0,0.0,0.0,0.0,0.0,0.0,1.0,1.0,0.0
outer1,1,76,b871,90.0,240.0,60.000003814697266,0.0,-60.000003814697266,0.0,-60.0,0.0,1.0,1.0
outer1,1,76,b871,90.0,270.0,180.0,0.0,-180.0,0.0,-180.0,0.0,1.0,1.0
outer1,1,76,b871,90.0,300.0,0.0,0.0,0.0,0.0,0.0,1.0,1.0,0.0
outer1,1,76,b871,90.0,330.0,0.0,0.0,0.0,0.0,0.0,1.0,1.0,0.0
outer1,1,76,b871,120.0,0.0,0.0,29.99998664855957,29.99998664855957,30.0,0.0,1.0,0.0,-1.0
outer1,1,76,b871,120.0,30.0,0.0,0.0,0.0,0.0,0.0,1.0,1.0,0.0
outer1,1,76,b871,120.0,60.0,0.0,0.0,0.0,0.0,0.0,1.0,1.0,0.0
outer1,1,76,b871,120.0,90.0,0.0,0.0,0.0,0.0,0.0,1.0,1.0,0.0
outer1,1,76,b871,120.0,120.0,0.0,60.000003814697266,60.000003814697266,60.0,0.0,1.0,0.0,-1.0
outer1,1,76,b871,120.0,150.0,0.0,0.0,0.0,0.0,0.0,1.0,1.0,0.0
outer1,1,76,b871,120.0,180.0,0.0,0.0,0.0,0.0,0.0,1.0,1.0,0.0
outer1,1,76,b871,120.0,210.0,0.0,0.0,0.0,0.0,0.0,1.0,1.0,0.0
outer1,1,76,b871,120.0,240.0,0.0,0.0,0.0,0.0,0.0,1.0,1.0,0.0
outer1,1,76,b871,120.0,270.0,0.0,0.0,0.0,0.0,0.0,1.0,1.0,0.0
outer1,1,76,b871,120.0,300.0,0.0,0.0,0.0,0.0,0.0,1.0,1.0,0.0
outer1,1,76,b871,120.0,330.0,0.0,0.0,0.0,0.0,0.0,1.0,1.0,0.0
outer1,1,76,b871,150.0,0.0,0.0,0.0,0.0,0.0,0.0,1.0,1.0,0.0
outer1,1,76,b871,150.0,30.0,0.0,0.0,0.0,0.0,0.0,1.0,1.0,0.0
outer1,1,76,b871,150.0,60.0,0.0,0.0,0.0,0.0,0.0,1.0,1.0,0.0
outer1,1,76,b871,150.0,90.0,0.0,0.0,0.0,0.0,0.0,1.0,1.0,0.0
outer1,1,76,b871,150.0,120.0,0.0,0.0,0.0,0.0,0.0,1.0,1.0,0.0
outer1,1,76,b871,150.0,150.0,0.0,0.0,0.0,0.0,0.0,1.0,1.0,0.0
outer1,1,76,b871,150.0,180.0,0.0,0.0,0.0,0.0,0.0,1.0,1.0,0.0
outer1,1,76,b871,150.0,210.0,0.0,0.0,0.0,0.0,0.0,1.0,1.0,0.0
outer1,1,76,b871,150.0,240.0,0.0,0.0,0.0,0.0,0.0,1.0,1.0,0.0
outer1,1,76,b871,150.0,270.0,0.0,0.0,0.0,0.0,0.0,1.0,1.0,0.0
outer1,1,76,b871,150.0,300.0,0.0,0.0,0.0,0.0,0.0,1.0,1.0,0.0
outer1,1,76,b871,150.0,330.0,0.0,0.0,0.0,0.0,0.0,1.0,1.0,0.0
outer1,1,76,b905,30.0,0.0,0.0,0.0,0.0,0.0,0.0,1.0,1.0,0.0
outer1,1,76,b905,30.0,30.0,0.0,0.0,0.0,0.0,0.0,1.0,1.0,0.0
outer1,1,76,b905,30.0,60.0,0.0,0.0,0.0,0.0,0.0,1.0,1.0,0.0
outer1,1,76,b905,30.0,90.0,0.0,30.000001907348633,30.000001907348633,30.0,0.0,1.0,0.0,-1.0
outer1,1,76,b905,30.0,120.0,0.0,0.0,0.0,0.0,0.0,1.0,1.0,0.0
outer1,1,76,b905,30.0,150.0,0.0,0.0,0.0,0.0,0.0,1.0,1.0,0.0
outer1,1,76,b905,30.0,180.0,0.0,0.0,0.0,0.0,0.0,1.0,1.0,0.0
outer1,1,76,b905,30.0,210.0,0.0,0.0,0.0,0.0,0.0,1.0,1.0,0.0
outer1,1,76,b905,30.0,240.0,0.0,0.0,0.0,0.0,0.0,1.0,1.0,0.0
outer1,1,76,b905,30.0,270.0,0.0,0.0,0.0,0.0,0.0,1.0,1.0,0.0
outer1,1,76,b905,30.0,300.0,0.0,0.0,0.0,0.0,0.0,1.0,1.0,0.0
outer1,1,76,b905,30.0,330.0,0.0,0.0,0.0,0.0,0.0,1.0,1.0,0.0
outer1,1,76,b905,60.0,0.0,0.0,0.0,0.0,0.0,0.0,1.0,1.0,0.0
outer1,1,76,b905,60.0,30.0,82.81924438476562,66.45188903808594,-16.367355346679688,0.0,-30.0,0.0,0.0,0.0
outer1,1,76,b905,60.0,60.0,0.0,0.0,0.0,0.0,0.0,1.0,1.0,0.0
outer1,1,76,b905,60.0,90.0,0.0,0.0,0.0,0.0,0.0,1.0,1.0,0.0
outer1,1,76,b905,60.0,120.0,0.0,0.0,0.0,0.0,0.0,1.0,1.0,0.0
outer1,1,76,b905,60.0,150.0,0.0,0.0,0.0,0.0,0.0,1.0,1.0,0.0
outer1,1,76,b905,60.0,180.0,0.0,0.0,0.0,0.0,0.0,1.0,1.0,0.0
outer1,1,76,b905,60.0,210.0,0.0,0.0,0.0,0.0,0.0,1.0,1.0,0.0
outer1,1,76,b905,60.0,240.0,128.6822052001953,97.1807632446289,-31.501441955566406,-60.0,0.0,0.0,0.0,0.0
outer1,1,76,b905,60.0,270.0,0.0,0.0,0.0,0.0,0.0,1.0,1.0,0.0
outer1,1,76,b905,60.0,300.0,0.0,0.0,0.0,0.0,0.0,1.0,1.0,0.0
outer1,1,76,b905,60.0,330.0,0.0,0.0,0.0,0.0,0.0,1.0,1.0,0.0
outer1,1,76,b905,90.0,0.0,0.0,0.0,0.0,0.0,0.0,1.0,1.0,0.0
outer1,1,76,b905,90.0,30.0,120.00000762939453,60.00000762939453,-60.0,0.0,-60.0,0.0,0.0,0.0
outer1,1,76,b905,90.0,60.0,30.000001907348633,0.0,-30.000001907348633,0.0,-30.0,0.0,1.0,1.0
outer1,1,76,b905,90.0,90.0,0.0,180.0,180.0,0.0,180.0,1.0,0.0,-1.0
outer1,1,76,b905,90.0,120.0,120.00000762939453,0.0,-120.00000762939453,0.0,-120.0,0.0,1.0,1.0
outer1,1,76,b905,90.0,150.0,180.0,0.0,-180.0,0.0,-180.0,0.0,1.0,1.0
outer1,1,76,b905,90.0,180.0,180.0,0.0,-180.0,0.0,-180.0,0.0,1.0,1.0
outer1,1,76,b905,90.0,210.0,0.0,120.00000762939453,120.00000762939453,0.0,120.0,1.0,0.0,-1.0
outer1,1,76,b905,90.0,240.0,0.0,0.0,0.0,0.0,0.0,1.0,1.0,0.0
outer1,1,76,b905,90.0,270.0,180.0,0.0,-180.0,0.0,-180.0,0.0,1.0,1.0
outer1,1,76,b905,90.0,300.0,60.000003814697266,0.0,-60.000003814697266,0.0,-60.0,0.0,1.0,1.0
outer1,1,76,b905,90.0,330.0,0.0,180.0,180.0,0.0,180.0,1.0,0.0,-1.0
outer1,1,76,b905,120.0,0.0,0.0,0.0,0.0,0.0,0.0,1.0,1.0,0.0
outer1,1,76,b905,120.0,30.0,0.0,0.0,0.0,0.0,0.0,1.0,1.0,0.0
outer1,1,76,b905,120.0,60.0,0.0,0.0,0.0,0.0,0.0,1.0,1.0,0.0
outer1,1,76,b905,120.0,90.0,0.0,0.0,0.0,0.0,0.0,1.0,1.0,0.0
outer1,1,76,b905,120.0,120.0,0.0,0.0,0.0,0.0,0.0,1.0,1.0,0.0
outer1,1,76,b905,120.0,150.0,0.0,0.0,0.0,0.0,0.0,1.0,1.0,0.0
outer1,1,76,b905,120.0,180.0,0.0,0.0,0.0,0.0,0.0,1.0,1.0,0.0
outer1,1,76,b905,120.0,210.0,0.0,0.0,0.0,0.0,0.0,1.0,1.0,0.0
outer1,1,76,b905,120.0,240.0,128.6822052001953,0.0,-128.6822052001953,-60.0,-120.0,0.0,1.0,1.0
outer1,1,76,b905,120.0,270.0,0.0,120.00000762939453,120.00000762939453,0.0,180.0,1.0,0.0,-1.0
outer1,1,76,b905,120.0,300.0,0.0,0.0,0.0,0.0,0.0,1.0,1.0,0.0
outer1,1,76,b905,120.0,330.0,0.0,0.0,0.0,0.0,0.0,1.0,1.0,0.0
outer1,1,76,b905,150.0,0.0,0.0,0.0,0.0,0.0,0.0,1.0,1.0,0.0
outer1,1,76,b905,150.0,30.0,0.0,0.0,0.0,0.0,0.0,1.0,1.0,0.0
outer1,1,76,b905,150.0,60.0,0.0,0.0,0.0,0.0,0.0,1.0,1.0,0.0
outer1,1,76,b905,150.0,90.0,0.0,0.0,0.0,0.0,0.0,1.0,1.0,0.0
outer1,1,76,b905,150.0,120.0,0.0,0.0,0.0,0.0,0.0,1.0,1.0,0.0
outer1,1,76,b905,150.0,150.0,0.0,0.0,0.0,0.0,0.0,1.0,1.0,0.0
outer1,1,76,b905,150.0,180.0,0.0,0.0,0.0,0.0,0.0,1.0,1.0,0.0
outer1,1,76,b905,150.0,210.0,0.0,0.0,0.0,0.0,0.0,1.0,1.0,0.0
outer1,1,76,b905,150.0,240.0,0.0,0.0,0.0,0.0,0.0,1.0,1.0,0.0
outer1,1,76,b905,150.0,270.0,0.0,0.0,0.0,0.0,0.0,1.0,1.0,0.0
outer1,1,76,b905,150.0,300.0,0.0,0.0,0.0,0.0,0.0,1.0,1.0,0.0
outer1,1,76,b905,150.0,330.0,0.0,0.0,0.0,0.0,0.0,1.0,1.0,0.0
outer1,1,76,bb7d,30.0,0.0,60.000003814697266,90.0,29.999996185302734,30.0,0.0,0.0,0.0,0.0
outer1,1,76,bb7d,30.0,30.0,0.0,0.0,0.0,0.0,0.0,1.0,1.0,0.0
outer1,1,76,bb7d,30.0,60.0,57.7581901550293,128.68218994140625,70.92399978637695,120.0,-90.0,0.0,0.0,0.0
outer1,1,76,bb7d,30.0,90.0,180.0,0.0,-180.0,-120.0,-180.0,0.0,1.0,1.0
outer1,1,76,bb7d,30.0,120.0,128.68218994140625,128.68218994140625,0.0,0.0,0.0,0.0,0.0,0.0
outer1,1,76,bb7d,30.0,150.0,128.68218994140625,28.95502281188965,-99.7271671295166,-120.0,0.0,0.0,0.0,0.0
outer1,1,76,bb7d,30.0,180.0,180.0,0.0,-180.0,-120.0,-180.0,0.0,1.0,1.0
outer1,1,76,bb7d,30.0,210.0,57.7581901550293,151.04498291015625,93.28679275512695,120.0,-30.0,0.0,0.0,0.0
outer1,1,76,bb7d,30.0,240.0,60.000003814697266,122.24180603027344,62.24180221557617,120.0,-150.0,0.0,0.0,0.0
outer1,1,76,bb7d,30.0,270.0,120.00000762939453,0.0,-120.00000762939453,-120.0,0.0,0.0,1.0,1.0
outer1,1,76,bb7d,30.0,300.0,0.0,151.04498291015625,151.04498291015625,120.0,120.0,1.0,0.0,-1.0
outer1,1,76,bb7d,30.0,330.0,138.59039306640625,151.04498291015625,12.45458984375,0.0,30.0,0.0,0.0,0.0
outer1,1,76,bb7d,60.0,0.0,180.0,90.0,-90.0,-30.0,0.0,0.0,0.0,0.0
outer1,1,76,bb7d,60.0,30.0,82.81924438476562,82.81924438476562,0.0,0.0,0.0,0.0,0.0,0.0
outer1,1,76,bb7d,60.0,60.0,36.097782135009766,180.0,143.90221786499023,30.0,150.0,0.0,0.0,0.0
outer1,1,76,bb7d,60.0,90.0,60.000003814697266,60.000003814697266,0.0,0.0,0.0,0.0,0.0,0.0
outer1,1,76,bb7d,60.0,120.0,66.45188903808594,66.45188903808594,0.0,0.0,0.0,0.0,0.0,0.0
outer1,1,76,bb7d,60.0,150.0,82.81924438476562,0.0,-82.81924438476562,-60.0,-60.0,0.0,1.0,1.0
outer1,1,76,bb7d,60.0,180.0,60.000003814697266,60.000003814697266,0.0,0.0,0.0,0.0,0.0,0.0
outer1,1,76,bb7d,60.0,210.0,120.00000762939453,60.000003814697266,-60.000003814697266,60.0,-180.0,0.0,0.0,0.0
outer1,1,76,bb7d,60.0,240.0,86.67425537109375,97.1807632446289,10.506507873535156,-30.0,-30.0,0.0,0.0,0.0
outer1,1,76,bb7d,60.0,270.0,29.999998092651367,180.0,150.00000190734863,30.0,180.0,0.0,0.0,0.0
outer1,1,76,bb7d,60.0,300.0,143.9022216796875,143.9022216796875,0.0,0.0,0.0,0.0,0.0,0.0
outer1,1,76,bb7d,60.0,330.0,82.81924438476562,120.00000762939453,37.180763244628906,-60.0,120.0,0.0,0.0,0.0
outer1,1,76,bb7d,90.0,0.0,119.99999237060547,75.52249145507812,-44.477500915527344,60.0,-60.0,0.0,0.0,0.0
outer1,1,76,bb7d,90.0,30.0,90.0,90.0,0.0,30.0,0.0,0.0,0.0,0.0
outer1,1,76,bb7d,90.0,60.0,138.59039306640625,41.40962219238281,-97.18077087402344,0.0,-120.0,0.0,0.0,0.0
outer1,1,76,bb7d,90.0,90.0,0.0,30.000001907348633,30.000001907348633,30.0,0.0,1.0,0.0,-1.0
outer1,1,76,bb7d,90.0,120.0,138.59039306640625,138.59039306640625,0.0,0.0,0.0,0.0,0.0,0.0
outer1,1,76,bb7d,90.0,150.0,90.0,90.0,0.0,30.0,0.0,0.0,0.0,0.0
outer1,1,76,bb7d,90.0,180.0,60.000003814697266,104.47750854492188,44.47750473022461,60.0,60.0,0.0,0.0,0.0
outer1,1,76,bb7d,90.0,210.0,90.0,90.0,0.0,30.0,0.0,0.0,0.0,0.0
outer1,1,76,bb7d,90.0,240.0,41.40962219238281,138.59039306640625,97.18077087402344,0.0,120.0,0.0,0.0,0.0
outer1,1,76,bb7d,90.0,270.0,180.0,150.0,-30.0,30.0,0.0,0.0,0.0,0.0
outer1,1,76,bb7d,90.0,300.0,41.40962219238281,41.40962219238281,0.0,0.0,0.0,0.0,0.0,0.0
outer1,1,76,bb7d,90.0,330.0,90.0,90.0,0.0,30.0,0.0,0.0,0.0,0.0
outer1,1,76,bb7d,120.0,0.0,120.00000762939453,150.0,29.99999237060547,90.0,0.0,0.0,0.0,0.0
outer1,1,76,bb7d,120.0,30.0,82.81924438476562,82.81924438476562,0.0,0.0,0.0,0.0,0.0,0.0
outer1,1,76,bb7d,120.0,60.0,36.09777069091797,90.0,53.90222930908203,0.0,150.0,0.0,0.0,0.0
outer1,1,76,bb7d,120.0,90.0,180.0,60.000003814697266,-119.99999618530273,0.0,-180.0,0.0,0.0,0.0
outer1,1,76,bb7d,120.0,120.0,93.32575225830078,60.000003814697266,-33.325748443603516,-30.0,-30.0,0.0,0.0,0.0
outer1,1,76,bb7d,120.0,150.0,128.6822052001953,0.0,-128.6822052001953,-60.0,-120.0,0.0,1.0,1.0
outer1,1,76,bb7d,120.0,180.0,0.0,90.0,90.0,90.0,0.0,1.0,0.0,-1.0
outer1,1,76,bb7d,120.0,210.0,120.00000762939453,82.81924438476562,-37.180763244628906,60.0,-120.0,0.0,0.0,0.0
outer1,1,76,bb7d,120.0,240.0,113.54811096191406,113.54811096191406,0.0,0.0,0.0,0.0,0.0,0.0
outer1,1,76,bb7d,120.0,270.0,30.000001907348633,0.0,-30.000001907348633,-30.0,0.0,0.0,1.0,1.0
outer1,1,76,bb7d,120.0,300.0,143.9022216796875,51.31781005859375,-92.58441162109375,-90.0,-90.0,0.0,0.0,0.0
outer1,1,76,bb7d,120.0,330.0,82.81924438476562,0.0,-82.81924438476562,-60.0,-60.0,0.0,1.0,1.0
outer1,1,76,bb7d,150.0,0.0,165.12905883789062,180.0,14.870941162109375,0.0,30.0,0.0,0.0,0.0
outer1,1,76,bb7d,150.0,30.0,0.0,0.0,0.0,0.0,0.0,1.0,1.0,0.0
outer1,1,76,bb7d,150.0,60.0,151.04498291015625,0.0,-151.04498291015625,-120.0,-120.0,0.0,1.0,1.0
outer1,1,76,bb7d,150.0,90.0,180.0,180.0,0.0,0.0,0.0,0.0,0.0,0.0
outer1,1,76,bb7d,150.0,120.0,128.68218994140625,128.68218994140625,0.0,0.0,0.0,0.0,0.0,0.0
outer1,1,76,bb7d,150.0,150.0,151.04498291015625,151.04498291015625,0.0,0.0,0.0,0.0,0.0,0.0
outer1,1,76,bb7d,150.0,180.0,122.24180603027344,120.00000762939453,-2.2417984008789062,0.0,-30.0,0.0,0.0,0.0
outer1,1,76,bb7d,150.0,210.0,0.0,120.00000762939453,120.00000762939453,120.0,0.0,1.0,0.0,-1.0
outer1,1,76,bb7d,150.0,240.0,14.870942115783691,57.7581901550293,42.887248039245605,0.0,120.0,0.0,0.0,0.0
outer1,1,76,bb7d,150.0,270.0,0.0,120.00000762939453,120.00000762939453,120.0,0.0,1.0,0.0,-1.0
outer1,1,76,bb7d,150.0,300.0,122.24180603027344,14.870942115783691,-107.37086391448975,-120.0,0.0,0.0,0.0,0.0
outer1,1,76,bb7d,150.0,330.0,128.68218994140625,128.68218994140625,0.0,0.0,0.0,0.0,0.0,0.0
outer1,1,76,bbc6,30.0,0.0,0.0,0.0,0.0,0.0,0.0,1.0,1.0,0.0
outer1,1,76,bbc6,30.0,30.0,0.0,0.0,0.0,0.0,0.0,1.0,1.0,0.0
outer1,1,76,bbc6,30.0,60.0,0.0,57.7581901550293,57.7581901550293,0.0,150.0,1.0,0.0,-1.0
outer1,1,76,bbc6,30.0,90.0,180.0,180.0,0.0,0.0,0.0,0.0,0.0,0.0
outer1,1,76,bbc6,30.0,120.0,151.04498291015625,151.04498291015625,0.0,0.0,0.0,0.0,0.0,0.0
outer1,1,76,bbc6,30.0,150.0,0.0,0.0,0.0,0.0,0.0,1.0,1.0,0.0
outer1,1,76,bbc6,30.0,180.0,14.870942115783691,0.0,-14.870942115783691,0.0,-30.0,0.0,1.0,1.0
outer1,1,76,bbc6,30.0,210.0,0.0,128.68218994140625,128.68218994140625,120.0,60.0,1.0,0.0,-1.0
outer1,1,76,bbc6,30.0,240.0,0.0,0.0,0.0,0.0,0.0,1.0,1.0,0.0
outer1,1,76,bbc6,30.0,270.0,0.0,0.0,0.0,0.0,0.0,1.0,1.0,0.0
outer1,1,76,bbc6,30.0,300.0,0.0,151.04498291015625,151.04498291015625,120.0,120.0,1.0,0.0,-1.0
outer1,1,76,bbc6,30.0,330.0,0.0,0.0,0.0,0.0,0.0,1.0,1.0,0.0
outer1,1,76,bbc6,60.0,0.0,30.000001907348633,30.000001907348633,0.0,0.0,0.0,0.0,0.0,0.0
outer1,1,76,bbc6,60.0,30.0,0.0,0.0,0.0,0.0,0.0,1.0,1.0,0.0
outer1,1,76,bbc6,60.0,60.0,30.000001907348633,0.0,-30.000001907348633,-30.0,0.0,0.0,1.0,1.0
outer1,1,76,bbc6,60.0,90.0,180.0,180.0,0.0,0.0,0.0,0.0,0.0,0.0
outer1,1,76,bbc6,60.0,120.0,128.6822052001953,128.6822052001953,0.0,0.0,0.0,0.0,0.0,0.0
outer1,1,76,bbc6,60.0,150.0,0.0,60.000003814697266,60.000003814697266,60.0,0.0,1.0,0.0,-1.0
outer1,1,76,bbc6,60.0,180.0,90.0,60.000003814697266,-29.999996185302734,-30.0,0.0,0.0,0.0,0.0
outer1,1,76,bbc6,60.0,210.0,82.81924438476562,82.81924438476562,0.0,0.0,0.0,0.0,0.0,0.0
outer1,1,76,bbc6,60.0,240.0,36.097782135009766,90.0,53.902217864990234,60.0,-30.0,0.0,0.0,0.0
outer1,1,76,bbc6,60.0,270.0,0.0,0.0,0.0,0.0,0.0,1.0,1.0,0.0
outer1,1,76,bbc6,60.0,300.0,0.0,128.68218994140625,128.68218994140625,60.0,120.0,1.0,0.0,-1.0
outer1,1,76,bbc6,60.0,330.0,0.0,0.0,0.0,0.0,0.0,1.0,1.0,0.0
outer1,1,76,bbc6,90.0,0.0,0.0,180.0,180.0,0.0,180.0,1.0,0.0,-1.0
outer1,1,76,bbc6,90.0,30.0,90.0,90.0,0.0,0.0,0.0,0.0,0.0,0.0
outer1,1,76,bbc6,90.0,60.0,119.99999237060547,150.0,30.00000762939453,0.0,30.0,0.0,0.0,0.0
outer1,1,76,bbc6,90.0,90.0,0.0,0.0,0.0,0.0,0.0,1.0,1.0,0.0
outer1,1,76,bbc6,90.0,120.0,150.0,180.0,30.0,0.0,30.0,0.0,0.0,0.0
outer1,1,76,bbc6,90.0,150.0,180.0,180.0,0.0,0.0,0.0,0.0,0.0,0.0
outer1,1,76,bbc6,90.0,180.0,180.0,0.0,-180.0,0.0,-180.0,0.0,1.0,1.0
outer1,1,76,bbc6,90.0,210.0,0.0,120.00000762939453,120.00000762939453,0.0,120.0,1.0,0.0,-1.0
outer1,1,76,bbc6,90.0,240.0,60.000003814697266,30.000001907348633,-30.000001907348633,0.0,-30.0,0.0,0.0,0.0
outer1,1,76,bbc6,90.0,270.0,180.0,180.0,0.0,0.0,0.0,0.0,0.0,0.0
outer1,1,76,bbc6,90.0,300.0,150.0,30.000001907348633,-119.99999809265137,-30.0,-150.0,0.0,0.0,0.0
outer1,1,76,bbc6,90.0,330.0,0.0,0.0,0.0,0.0,0.0,1.0,1.0,0.0
outer1,1,76,bbc6,120.0,0.0,29.99998664855957,29.99998664855957,0.0,0.0,0.0,0.0,0.0,0.0
outer1,1,76,bbc6,120.0,30.0,0.0,0.0,0.0,0.0,0.0,1.0,1.0,0.0
outer1,1,76,bbc6,120.0,60.0,0.0,0.0,0.0,0.0,0.0,1.0,1.0,0.0
outer1,1,76,bbc6,120.0,90.0,180.0,180.0,0.0,0.0,0.0,0.0,0.0,0.0
outer1,1,76,bbc6,120.0,120.0,130.50535583496094,128.6822052001953,-1.823150634765625,-30.0,0.0,0.0,0.0,0.0
outer1,1,76,bbc6,120.0,150.0,0.0,0.0,0.0,0.0,0.0,1.0,1.0,0.0
outer1,1,76,bbc6,120.0,180.0,29.99998664855957,29.99998664855957,0.0,0.0,0.0,0.0,0.0,0.0
outer1,1,76,bbc6,120.0,210.0,66.45188903808594,82.81924438476562,16.367355346679688,0.0,30.0,0.0,0.0,0.0
outer1,1,76,bbc6,120.0,240.0,36.09777069091797,0.0,-36.09777069091797,-30.0,-30.0,0.0,1.0,1.0
outer1,1,76,bbc6,120.0,270.0,0.0,0.0,0.0,0.0,0.0,1.0,1.0,0.0
outer1,1,76,bbc6,120.0,300.0,128.68218994140625,128.68218994140625,0.0,0.0,0.0,0.0,0.0,0.0
outer1,1,76,bbc6,120.0,330.0,0.0,0.0,0.0,0.0,0.0,1.0,1.0,0.0
outer1,1,76,bbc6,150.0,0.0,0.0,0.0,0.0,0.0,0.0,1.0,1.0,0.0
outer1,1,76,bbc6,150.0,30.0,0.0,0.0,0.0,0.0,0.0,1.0,1.0,0.0
outer1,1,76,bbc6,150.0,60.0,0.0,0.0,0.0,0.0,0.0,1.0,1.0,0.0
outer1,1,76,bbc6,150.0,90.0,60.000003814697266,60.000003814697266,0.0,0.0,0.0,0.0,0.0,0.0
outer1,1,76,bbc6,150.0,120.0,151.04498291015625,57.7581901550293,-93.28679275512695,-120.0,30.0,0.0,0.0,0.0
outer1,1,76,bbc6,150.0,150.0,14.870942115783691,0.0,-14.870942115783691,0.0,-30.0,0.0,1.0,1.0
outer1,1,76,bbc6,150.0,180.0,0.0,0.0,0.0,0.0,0.0,1.0,1.0,0.0
outer1,1,76,bbc6,150.0,210.0,0.0,122.24180603027344,122.24180603027344,120.0,30.0,1.0,0.0,-1.0
outer1,1,76,bbc6,150.0,240.0,0.0,0.0,0.0,0.0,0.0,1.0,1.0,0.0
outer1,1,76,bbc6,150.0,270.0,0.0,0.0,0.0,0.0,0.0,1.0,1.0,0.0
outer1,1,76,bbc6,150.0,300.0,0.0,0.0,0.0,0.0,0.0,1.0,1.0,0.0
outer1,1,76,bbc6,150.0,330.0,14.870942115783691,0.0,-14.870942115783691,0.0,-30.0,0.0,1.0,1.0
outer2,2,70,b7c1,30.0,0.0,0.0,0.0,0.0,0.0,0.0,1.0,1.0,0.0
outer2,2,70,b7c1,30.0,30.0,0.0,0.0,0.0,0.0,0.0,1.0,1.0,0.0
outer2,2,70,b7c1,30.0,60.0,0.0,0.0,0.0,0.0,0.0,1.0,1.0,0.0
outer2,2,70,b7c1,30.0,90.0,0.0,0.0,0.0,0.0,0.0,1.0,1.0,0.0
outer2,2,70,b7c1,30.0,120.0,0.0,0.0,0.0,0.0,0.0,1.0,1.0,0.0
outer2,2,70,b7c1,30.0,150.0,0.0,0.0,0.0,0.0,0.0,1.0,1.0,0.0
outer2,2,70,b7c1,30.0,180.0,0.0,0.0,0.0,0.0,0.0,1.0,1.0,0.0
outer2,2,70,b7c1,30.0,210.0,0.0,0.0,0.0,0.0,0.0,1.0,1.0,0.0
outer2,2,70,b7c1,30.0,240.0,0.0,0.0,0.0,0.0,0.0,1.0,1.0,0.0
outer2,2,70,b7c1,30.0,270.0,0.0,0.0,0.0,0.0,0.0,1.0,1.0,0.0
outer2,2,70,b7c1,30.0,300.0,0.0,0.0,0.0,0.0,0.0,1.0,1.0,0.0
outer2,2,70,b7c1,30.0,330.0,0.0,0.0,0.0,0.0,0.0,1.0,1.0,0.0
outer2,2,70,b7c1,60.0,0.0,0.0,0.0,0.0,0.0,0.0,1.0,1.0,0.0
outer2,2,70,b7c1,60.0,30.0,0.0,51.31782150268555,51.31782150268555,0.0,60.0,1.0,0.0,-1.0
outer2,2,70,b7c1,60.0,60.0,0.0,0.0,0.0,0.0,0.0,1.0,1.0,0.0
outer2,2,70,b7c1,60.0,90.0,0.0,0.0,0.0,0.0,0.0,1.0,1.0,0.0
outer2,2,70,b7c1,60.0,120.0,0.0,0.0,0.0,0.0,0.0,1.0,1.0,0.0
outer2,2,70,b7c1,60.0,150.0,0.0,25.905075073242188,25.905075073242188,0.0,30.0,1.0,0.0,-1.0
outer2,2,70,b7c1,60.0,180.0,0.0,0.0,0.0,0.0,0.0,1.0,1.0,0.0
outer2,2,70,b7c1,60.0,210.0,0.0,0.0,0.0,0.0,0.0,1.0,1.0,0.0
outer2,2,70,b7c1,60.0,240.0,0.0,0.0,0.0,0.0,0.0,1.0,1.0,0.0
outer2,2,70,b7c1,60.0,270.0,0.0,0.0,0.0,0.0,0.0,1.0,1.0,0.0
outer2,2,70,b7c1,60.0,300.0,0.0,0.0,0.0,0.0,0.0,1.0,1.0,0.0
outer2,2,70,b7c1,60.0,330.0,0.0,25.90509033203125,25.90509033203125,0.0,30.0,1.0,0.0,-1.0
outer2,2,70,b7c1,90.0,0.0,0.0,180.0,180.0,0.0,180.0,1.0,0.0,-1.0
outer2,2,70,b7c1,90.0,30.0,0.0,180.0,180.0,0.0,180.0,1.0,0.0,-1.0
outer2,2,70,b7c1,90.0,60.0,0.0,0.0,0.0,0.0,0.0,1.0,1.0,0.0
outer2,2,70,b7c1,90.0,90.0,0.0,0.0,0.0,0.0,0.0,1.0,1.0,0.0
outer2,2,70,b7c1,90.0,120.0,0.0,120.00000762939453,120.00000762939453,0.0,120.0,1.0,0.0,-1.0
outer2,2,70,b7c1,90.0,150.0,120.00000762939453,0.0,-120.00000762939453,0.0,-120.0,0.0,1.0,1.0
outer2,2,70,b7c1,90.0,180.0,180.0,180.0,0.0,0.0,0.0,0.0,0.0,0.0
outer2,2,70,b7c1,90.0,210.0,0.0,180.0,180.0,0.0,180.0,1.0,0.0,-1.0
outer2,2,70,b7c1,90.0,240.0,0.0,0.0,0.0,0.0,0.0,1.0,1.0,0.0
outer2,2,70,b7c1,90.0,270.0,0.0,0.0,0.0,0.0,0.0,1.0,1.0,0.0
outer2,2,70,b7c1,90.0,300.0,0.0,60.000003814697266,60.000003814697266,0.0,60.0,1.0,0.0,-1.0
outer2,2,70,b7c1,90.0,330.0,60.00000762939453,180.0,119.99999237060547,0.0,120.0,0.0,0.0,0.0
outer2,2,70,b7c1,120.0,0.0,0.0,0.0,0.0,0.0,0.0,1.0,1.0,0.0
outer2,2,70,b7c1,120.0,30.0,0.0,0.0,0.0,0.0,0.0,1.0,1.0,0.0
outer2,2,70,b7c1,120.0,60.0,0.0,0.0,0.0,0.0,0.0,1.0,1.0,0.0
outer2,2,70,b7c1,120.0,90.0,0.0,0.0,0.0,0.0,0.0,1.0,1.0,0.0
outer2,2,70,b7c1,120.0,120.0,0.0,0.0,0.0,0.0,0.0,1.0,1.0,0.0
outer2,2,70,b7c1,120.0,150.0,0.0,0.0,0.0,0.0,0.0,1.0,1.0,0.0
outer2,2,70,b7c1,120.0,180.0,0.0,0.0,0.0,0.0,0.0,1.0,1.0,0.0
outer2,2,70,b7c1,120.0,210.0,0.0,120.00000762939453,120.00000762939453,0.0,180.0,1.0,0.0,-1.0
outer2,2,70,b7c1,120.0,240.0,0.0,0.0,0.0,0.0,0.0,1.0,1.0,0.0
outer2,2,70,b7c1,120.0,270.0,0.0,0.0,0.0,0.0,0.0,1.0,1.0,0.0
outer2,2,70,b7c1,120.0,300.0,0.0,0.0,0.0,0.0,0.0,1.0,1.0,0.0
outer2,2,70,b7c1,120.0,330.0,0.0,0.0,0.0,0.0,0.0,1.0,1.0,0.0
outer2,2,70,b7c1,150.0,0.0,0.0,0.0,0.0,0.0,0.0,1.0,1.0,0.0
outer2,2,70,b7c1,150.0,30.0,0.0,0.0,0.0,0.0,0.0,1.0,1.0,0.0
outer2,2,70,b7c1,150.0,60.0,0.0,0.0,0.0,0.0,0.0,1.0,1.0,0.0
outer2,2,70,b7c1,150.0,90.0,0.0,0.0,0.0,0.0,0.0,1.0,1.0,0.0
outer2,2,70,b7c1,150.0,120.0,0.0,0.0,0.0,0.0,0.0,1.0,1.0,0.0
outer2,2,70,b7c1,150.0,150.0,0.0,0.0,0.0,0.0,0.0,1.0,1.0,0.0
outer2,2,70,b7c1,150.0,180.0,0.0,0.0,0.0,0.0,0.0,1.0,1.0,0.0
outer2,2,70,b7c1,150.0,210.0,0.0,0.0,0.0,0.0,0.0,1.0,1.0,0.0
outer2,2,70,b7c1,150.0,240.0,0.0,0.0,0.0,0.0,0.0,1.0,1.0,0.0
outer2,2,70,b7c1,150.0,270.0,0.0,0.0,0.0,0.0,0.0,1.0,1.0,0.0
outer2,2,70,b7c1,150.0,300.0,0.0,0.0,0.0,0.0,0.0,1.0,1.0,0.0
outer2,2,70,b7c1,150.0,330.0,0.0,0.0,0.0,0.0,0.0,1.0,1.0,0.0
outer2,2,70,b80b,30.0,0.0,0.0,0.0,0.0,0.0,0.0,1.0,1.0,0.0
outer2,2,70,b80b,30.0,30.0,0.0,0.0,0.0,0.0,0.0,1.0,1.0,0.0
outer2,2,70,b80b,30.0,60.0,0.0,0.0,0.0,0.0,0.0,1.0,1.0,0.0
outer2,2,70,b80b,30.0,90.0,0.0,0.0,0.0,0.0,0.0,1.0,1.0,0.0
outer2,2,70,b80b,30.0,120.0,0.0,0.0,0.0,0.0,0.0,1.0,1.0,0.0
outer2,2,70,b80b,30.0,150.0,0.0,0.0,0.0,0.0,0.0,1.0,1.0,0.0
outer2,2,70,b80b,30.0,180.0,0.0,0.0,0.0,0.0,0.0,1.0,1.0,0.0
outer2,2,70,b80b,30.0,210.0,0.0,0.0,0.0,0.0,0.0,1.0,1.0,0.0
outer2,2,70,b80b,30.0,240.0,0.0,0.0,0.0,0.0,0.0,1.0,1.0,0.0
outer2,2,70,b80b,30.0,270.0,0.0,0.0,0.0,0.0,0.0,1.0,1.0,0.0
outer2,2,70,b80b,30.0,300.0,0.0,0.0,0.0,0.0,0.0,1.0,1.0,0.0
outer2,2,70,b80b,30.0,330.0,0.0,0.0,0.0,0.0,0.0,1.0,1.0,0.0
outer2,2,70,b80b,60.0,0.0,0.0,0.0,0.0,0.0,0.0,1.0,1.0,0.0
outer2,2,70,b80b,60.0,30.0,0.0,0.0,0.0,0.0,0.0,1.0,1.0,0.0
outer2,2,70,b80b,60.0,60.0,0.0,0.0,0.0,0.0,0.0,1.0,1.0,0.0
outer2,2,70,b80b,60.0,90.0,0.0,0.0,0.0,0.0,0.0,1.0,1.0,0.0
outer2,2,70,b80b,60.0,120.0,0.0,0.0,0.0,0.0,0.0,1.0,1.0,0.0
outer2,2,70,b80b,60.0,150.0,0.0,0.0,0.0,0.0,0.0,1.0,1.0,0.0
outer2,2,70,b80b,60.0,180.0,0.0,0.0,0.0,0.0,0.0,1.0,1.0,0.0
outer2,2,70,b80b,60.0,210.0,0.0,0.0,0.0,0.0,0.0,1.0,1.0,0.0
outer2,2,70,b80b,60.0,240.0,0.0,0.0,0.0,0.0,0.0,1.0,1.0,0.0
outer2,2,70,b80b,60.0,270.0,0.0,0.0,0.0,0.0,0.0,1.0,1.0,0.0
outer2,2,70,b80b,60.0,300.0,0.0,0.0,0.0,0.0,0.0,1.0,1.0,0.0
outer2,2,70,b80b,60.0,330.0,0.0,0.0,0.0,0.0,0.0,1.0,1.0,0.0
outer2,2,70,b80b,90.0,0.0,0.0,0.0,0.0,0.0,0.0,1.0,1.0,0.0
outer2,2,70,b80b,90.0,30.0,0.0,0.0,0.0,0.0,0.0,1.0,1.0,0.0
outer2,2,70,b80b,90.0,60.0,0.0,0.0,0.0,0.0,0.0,1.0,1.0,0.0
outer2,2,70,b80b,90.0,90.0,180.0,0.0,-180.0,0.0,-180.0,0.0,1.0,1.0
outer2,2,70,b80b,90.0,120.0,0.0,180.0,180.0,0.0,180.0,1.0,0.0,-1.0
outer2,2,70,b80b,90.0,150.0,180.0,180.0,0.0,0.0,0.0,0.0,0.0,0.0
outer2,2,70,b80b,90.0,180.0,0.0,0.0,0.0,0.0,0.0,1.0,1.0,0.0
outer2,2,70,b80b,90.0,210.0,0.0,0.0,0.0,0.0,0.0,1.0,1.0,0.0
outer2,2,70,b80b,90.0,240.0,0.0,0.0,0.0,0.0,0.0,1.0,1.0,0.0
outer2,2,70,b80b,90.0,270.0,0.0,0.0,0.0,0.0,0.0,1.0,1.0,0.0
outer2,2,70,b80b,90.0,300.0,0.0,0.0,0.0,0.0,0.0,1.0,1.0,0.0
outer2,2,70,b80b,90.0,330.0,180.0,0.0,-180.0,0.0,-180.0,0.0,1.0,1.0
outer2,2,70,b80b,120.0,0.0,0.0,0.0,0.0,0.0,0.0,1.0,1.0,0.0
outer2,2,70,b80b,120.0,30.0,0.0,0.0,0.0,0.0,0.0,1.0,1.0,0.0
outer2,2,70,b80b,120.0,60.0,0.0,0.0,0.0,0.0,0.0,1.0,1.0,0.0
outer2,2,70,b80b,120.0,90.0,0.0,0.0,0.0,0.0,0.0,1.0,1.0,0.0
outer2,2,70,b80b,120.0,120.0,0.0,0.0,0.0,0.0,0.0,1.0,1.0,0.0
outer2,2,70,b80b,120.0,150.0,0.0,0.0,0.0,0.0,0.0,1.0,1.0,0.0
outer2,2,70,b80b,120.0,180.0,0.0,0.0,0.0,0.0,0.0,1.0,1.0,0.0
outer2,2,70,b80b,120.0,210.0,0.0,0.0,0.0,0.0,0.0,1.0,1.0,0.0
outer2,2,70,b80b,120.0,240.0,0.0,0.0,0.0,0.0,0.0,1.0,1.0,0.0
outer2,2,70,b80b,120.0,270.0,0.0,0.0,0.0,0.0,0.0,1.0,1.0,0.0
outer2,2,70,b80b,120.0,300.0,0.0,0.0,0.0,0.0,0.0,1.0,1.0,0.0
outer2,2,70,b80b,120.0,330.0,0.0,0.0,0.0,0.0,0.0,1.0,1.0,0.0
outer2,2,70,b80b,150.0,0.0,0.0,0.0,0.0,0.0,0.0,1.0,1.0,0.0
outer2,2,70,b80b,150.0,30.0,0.0,0.0,0.0,0.0,0.0,1.0,1.0,0.0
outer2,2,70,b80b,150.0,60.0,0.0,0.0,0.0,0.0,0.0,1.0,1.0,0.0
outer2,2,70,b80b,150.0,90.0,0.0,0.0,0.0,0.0,0.0,1.0,1.0,0.0
outer2,2,70,b80b,150.0,120.0,0.0,0.0,0.0,0.0,0.0,1.0,1.0,0.0
outer2,2,70,b80b,150.0,150.0,0.0,0.0,0.0,0.0,0.0,1.0,1.0,0.0
outer2,2,70,b80b,150.0,180.0,0.0,0.0,0.0,0.0,0.0,1.0,1.0,0.0
outer2,2,70,b80b,150.0,210.0,0.0,0.0,0.0,0.0,0.0,1.0,1.0,0.0
outer2,2,70,b80b,150.0,240.0,0.0,0.0,0.0,0.0,0.0,1.0,1.0,0.0
outer2,2,70,b80b,150.0,270.0,0.0,0.0,0.0,0.0,0.0,1.0,1.0,0.0
outer2,2,70,b80b,150.0,300.0,0.0,0.0,0.0,0.0,0.0,1.0,1.0,0.0
outer2,2,70,b80b,150.0,330.0,0.0,0.0,0.0,0.0,0.0,1.0,1.0,0.0
outer2,2,70,b9e6,30.0,0.0,0.0,0.0,0.0,0.0,0.0,1.0,1.0,0.0
outer2,2,70,b9e6,30.0,30.0,0.0,0.0,0.0,0.0,0.0,1.0,1.0,0.0
outer2,2,70,b9e6,30.0,60.0,0.0,0.0,0.0,0.0,0.0,1.0,1.0,0.0
outer2,2,70,b9e6,30.0,90.0,0.0,0.0,0.0,0.0,0.0,1.0,1.0,0.0
outer2,2,70,b9e6,30.0,120.0,0.0,0.0,0.0,0.0,0.0,1.0,1.0,0.0
outer2,2,70,b9e6,30.0,150.0,0.0,0.0,0.0,0.0,0.0,1.0,1.0,0.0
outer2,2,70,b9e6,30.0,180.0,0.0,0.0,0.0,0.0,0.0,1.0,1.0,0.0
outer2,2,70,b9e6,30.0,210.0,0.0,0.0,0.0,0.0,0.0,1.0,1.0,0.0
outer2,2,70,b9e6,30.0,240.0,0.0,0.0,0.0,0.0,0.0,1.0,1.0,0.0
outer2,2,70,b9e6,30.0,270.0,0.0,0.0,0.0,0.0,0.0,1.0,1.0,0.0
outer2,2,70,b9e6,30.0,300.0,0.0,0.0,0.0,0.0,0.0,1.0,1.0,0.0
outer2,2,70,b9e6,30.0,330.0,0.0,0.0,0.0,0.0,0.0,1.0,1.0,0.0
outer2,2,70,b9e6,60.0,0.0,0.0,30.000001907348633,30.000001907348633,30.0,0.0,1.0,0.0,-1.0
outer2,2,70,b9e6,60.0,30.0,0.0,0.0,0.0,0.0,0.0,1.0,1.0,0.0
outer2,2,70,b9e6,60.0,60.0,97.18075561523438,0.0,-97.18075561523438,0.0,-120.0,0.0,1.0,1.0
outer2,2,70,b9e6,60.0,90.0,0.0,0.0,0.0,0.0,0.0,1.0,1.0,0.0
outer2,2,70,b9e6,60.0,120.0,0.0,0.0,0.0,0.0,0.0,1.0,1.0,0.0
outer2,2,70,b9e6,60.0,150.0,0.0,0.0,0.0,0.0,0.0,1.0,1.0,0.0
outer2,2,70,b9e6,60.0,180.0,0.0,30.000001907348633,30.000001907348633,30.0,0.0,1.0,0.0,-1.0
outer2,2,70,b9e6,60.0,210.0,120.00000762939453,120.00000762939453,0.0,0.0,0.0,0.0,0.0,0.0
outer2,2,70,b9e6,60.0,240.0,60.000003814697266,25.905075073242188,-34.09492874145508,-60.0,30.0,0.0,0.0,0.0
outer2,2,70,b9e6,60.0,270.0,0.0,0.0,0.0,0.0,0.0,1.0,1.0,0.0
outer2,2,70,b9e6,60.0,300.0,0.0,0.0,0.0,0.0,0.0,1.0,1.0,0.0
outer2,2,70,b9e6,60.0,330.0,0.0,0.0,0.0,0.0,0.0,1.0,1.0,0.0
outer2,2,70,b9e6,90.0,0.0,180.0,180.0,0.0,0.0,0.0,0.0,0.0,0.0
outer2,2,70,b9e6,90.0,30.0,0.0,0.0,0.0,0.0,0.0,1.0,1.0,0.0
outer2,2,70,b9e6,90.0,60.0,0.0,0.0,0.0,0.0,0.0,1.0,1.0,0.0
outer2,2,70,b9e6,90.0,90.0,0.0,0.0,0.0,0.0,0.0,1.0,1.0,0.0
outer2,2,70,b9e6,90.0,120.0,120.00000762939453,180.0,59.99999237060547,0.0,60.0,0.0,0.0,0.0
outer2,2,70,b9e6,90.0,150.0,0.0,0.0,0.0,0.0,0.0,1.0,1.0,0.0
outer2,2,70,b9e6,90.0,180.0,0.0,0.0,0.0,0.0,0.0,1.0,1.0,0.0
outer2,2,70,b9e6,90.0,210.0,0.0,0.0,0.0,0.0,0.0,1.0,1.0,0.0
outer2,2,70,b9e6,90.0,240.0,0.0,0.0,0.0,0.0,0.0,1.0,1.0,0.0
outer2,2,70,b9e6,90.0,270.0,0.0,180.0,180.0,0.0,180.0,1.0,0.0,-1.0
outer2,2,70,b9e6,90.0,300.0,60.000003814697266,0.0,-60.000003814697266,0.0,-60.0,0.0,1.0,1.0
outer2,2,70,b9e6,90.0,330.0,180.0,180.0,0.0,0.0,0.0,0.0,0.0,0.0
outer2,2,70,b9e6,120.0,0.0,0.0,0.0,0.0,0.0,0.0,1.0,1.0,0.0
outer2,2,70,b9e6,120.0,30.0,0.0,0.0,0.0,0.0,0.0,1.0,1.0,0.0
outer2,2,70,b9e6,120.0,60.0,0.0,0.0,0.0,0.0,0.0,1.0,1.0,0.0
outer2,2,70,b9e6,120.0,90.0,0.0,0.0,0.0,0.0,0.0,1.0,1.0,0.0
outer2,2,70,b9e6,120.0,120.0,0.0,0.0,0.0,0.0,0.0,1.0,1.0,0.0
outer2,2,70,b9e6,120.0,150.0,0.0,0.0,0.0,0.0,0.0,1.0,1.0,0.0
outer2,2,70,b9e6,120.0,180.0,0.0,0.0,0.0,0.0,0.0,1.0,1.0,0.0
outer2,2,70,b9e6,120.0,210.0,120.00000762939453,120.00000762939453,0.0,0.0,0.0,0.0,0.0,0.0
outer2,2,70,b9e6,120.0,240.0,0.0,0.0,0.0,0.0,0.0,1.0,1.0,0.0
outer2,2,70,b9e6,120.0,270.0,0.0,0.0,0.0,0.0,0.0,1.0,1.0,0.0
outer2,2,70,b9e6,120.0,300.0,0.0,0.0,0.0,0.0,0.0,1.0,1.0,0.0
outer2,2,70,b9e6,120.0,330.0,0.0,0.0,0.0,0.0,0.0,1.0,1.0,0.0
outer2,2,70,b9e6,150.0,0.0,0.0,0.0,0.0,0.0,0.0,1.0,1.0,0.0
outer2,2,70,b9e6,150.0,30.0,0.0,0.0,0.0,0.0,0.0,1.0,1.0,0.0
outer2,2,70,b9e6,150.0,60.0,0.0,0.0,0.0,0.0,0.0,1.0,1.0,0.0
outer2,2,70,b9e6,150.0,90.0,0.0,0.0,0.0,0.0,0.0,1.0,1.0,0.0
outer2,2,70,b9e6,150.0,120.0,0.0,0.0,0.0,0.0,0.0,1.0,1.0,0.0
outer2,2,70,b9e6,150.0,150.0,0.0,0.0,0.0,0.0,0.0,1.0,1.0,0.0
outer2,2,70,b9e6,150.0,180.0,0.0,0.0,0.0,0.0,0.0,1.0,1.0,0.0
outer2,2,70,b9e6,150.0,210.0,0.0,0.0,0.0,0.0,0.0,1.0,1.0,0.0
outer2,2,70,b9e6,150.0,240.0,0.0,0.0,0.0,0.0,0.0,1.0,1.0,0.0
outer2,2,70,b9e6,150.0,270.0,0.0,0.0,0.0,0.0,0.0,1.0,1.0,0.0
outer2,2,70,b9e6,150.0,300.0,0.0,0.0,0.0,0.0,0.0,1.0,1.0,0.0
outer2,2,70,b9e6,150.0,330.0,0.0,0.0,0.0,0.0,0.0,1.0,1.0,0.0
outer2,2,70,ba0f,30.0,0.0,90.0,30.000001907348633,-59.99999809265137,-60.0,0.0,0.0,0.0,0.0
outer2,2,70,ba0f,30.0,30.0,151.04498291015625,128.68218994140625,-22.36279296875,0.0,-60.0,0.0,0.0,0.0
outer2,2,70,ba0f,30.0,60.0,14.870942115783691,128.68218994140625,113.81124782562256,120.0,30.0,0.0,0.0,0.0
outer2,2,70,ba0f,30.0,90.0,0.0,120.00000762939453,120.00000762939453,120.0,0.0,1.0,0.0,-1.0
outer2,2,70,ba0f,30.0,120.0,0.0,60.000003814697266,60.000003814697266,0.0,180.0,1.0,0.0,-1.0
outer2,2,70,ba0f,30.0,150.0,60.000003814697266,60.000003814697266,0.0,0.0,0.0,0.0,0.0,0.0
outer2,2,70,ba0f,30.0,180.0,30.000001907348633,150.0,119.99999809265137,60.0,180.0,0.0,0.0,0.0
outer2,2,70,ba0f,30.0,210.0,151.04498291015625,151.04498291015625,0.0,0.0,0.0,0.0,0.0,0.0
outer2,2,70,ba0f,30.0,240.0,151.04498291015625,151.04498291015625,0.0,0.0,0.0,0.0,0.0,0.0
outer2,2,70,ba0f,30.0,270.0,120.00000762939453,120.00000762939453,0.0,0.0,0.0,0.0,0.0,0.0
outer2,2,70,ba0f,30.0,300.0,60.000003814697266,0.0,-60.000003814697266,0.0,-180.0,0.0,1.0,1.0
outer2,2,70,ba0f,30.0,330.0,0.0,0.0,0.0,0.0,0.0,1.0,1.0,0.0
outer2,2,70,ba0f,60.0,0.0,0.0,30.000001907348633,30.000001907348633,30.0,0.0,1.0,0.0,-1.0
outer2,2,70,ba0f,60.0,30.0,0.0,120.00000762939453,120.00000762939453,0.0,180.0,1.0,0.0,-1.0
outer2,2,70,ba0f,60.0,60.0,0.0,120.00000762939453,120.00000762939453,0.0,180.0,1.0,0.0,-1.0
outer2,2,70,ba0f,60.0,90.0,0.0,113.5481185913086,113.5481185913086,0.0,150.0,1.0,0.0,-1.0
outer2,2,70,ba0f,60.0,120.0,113.5481185913086,120.00000762939453,6.4518890380859375,0.0,30.0,0.0,0.0,0.0
outer2,2,70,ba0f,60.0,150.0,120.00000762939453,97.1807632446289,-22.819244384765625,0.0,-60.0,0.0,0.0,0.0
outer2,2,70,ba0f,60.0,180.0,0.0,90.0,90.0,90.0,0.0,1.0,0.0,-1.0
outer2,2,70,ba0f,60.0,210.0,128.6822052001953,60.000003814697266,-68.68220138549805,0.0,-120.0,0.0,0.0,0.0
outer2,2,70,ba0f,60.0,240.0,41.40962219238281,0.0,-41.40962219238281,-30.0,-30.0,0.0,1.0,1.0
outer2,2,70,ba0f,60.0,270.0,41.40962219238281,29.999998092651367,-11.409624099731445,0.0,-30.0,0.0,0.0,0.0
outer2,2,70,ba0f,60.0,300.0,66.45188903808594,82.81924438476562,16.367355346679688,0.0,30.0,0.0,0.0,0.0
outer2,2,70,ba0f,60.0,330.0,97.1807632446289,128.6822052001953,31.501441955566406,60.0,0.0,0.0,0.0,0.0
outer2,2,70,ba0f,90.0,0.0,180.0,0.0,-180.0,0.0,-180.0,0.0,1.0,1.0
outer2,2,70,ba0f,90.0,30.0,60.00000762939453,120.00000762939453,60.0,0.0,60.0,0.0,0.0,0.0
outer2,2,70,ba0f,90.0,60.0,180.0,119.99999237060547,-60.00000762939453,0.0,-60.0,0.0,0.0,0.0
outer2,2,70,ba0f,90.0,90.0,180.0,0.0,-180.0,0.0,-180.0,0.0,1.0,1.0
outer2,2,70,ba0f,90.0,120.0,0.0,120.00000762939453,120.00000762939453,0.0,120.0,1.0,0.0,-1.0
outer2,2,70,ba0f,90.0,150.0,180.0,0.0,-180.0,0.0,-180.0,0.0,1.0,1.0
outer2,2,70,ba0f,90.0,180.0,0.0,180.0,180.0,0.0,180.0,1.0,0.0,-1.0
outer2,2,70,ba0f,90.0,210.0,120.00000762939453,120.00000762939453,0.0,0.0,0.0,0.0,0.0,0.0
outer2,2,70,ba0f,90.0,240.0,0.0,60.000003814697266,60.000003814697266,0.0,60.0,1.0,0.0,-1.0
outer2,2,70,ba0f,90.0,270.0,0.0,180.0,180.0,0.0,180.0,1.0,0.0,-1.0
outer2,2,70,ba0f,90.0,300.0,60.000003814697266,60.000003814697266,0.0,0.0,0.0,0.0,0.0,0.0
outer2,2,70,ba0f,90.0,330.0,180.0,180.0,0.0,0.0,0.0,0.0,0.0,0.0
outer2,2,70,ba0f,120.0,0.0,0.0,29.99998664855957,29.99998664855957,30.0,0.0,1.0,0.0,-1.0
outer2,2,70,ba0f,120.0,30.0,0.0,0.0,0.0,0.0,0.0,1.0,1.0,0.0
outer2,2,70,ba0f,120.0,60.0,60.000003814697266,0.0,-60.000003814697266,-60.0,0.0,0.0,1.0,1.0
outer2,2,70,ba0f,120.0,90.0,30.000001907348633,30.000001907348633,0.0,0.0,0.0,0.0,0.0,0.0
outer2,2,70,ba0f,120.0,120.0,120.00000762939453,120.00000762939453,0.0,0.0,0.0,0.0,0.0,0.0
outer2,2,70,ba0f,120.0,150.0,120.00000762939453,97.18075561523438,-22.819252014160156,0.0,-60.0,0.0,0.0,0.0
outer2,2,70,ba0f,120.0,180.0,0.0,60.000003814697266,60.000003814697266,60.0,0.0,1.0,0.0,-1.0
outer2,2,70,ba0f,120.0,210.0,60.000003814697266,180.0,119.99999618530273,0.0,180.0,0.0,0.0,0.0
outer2,2,70,ba0f,120.0,240.0,25.905075073242188,0.0,-25.905075073242188,0.0,-30.0,0.0,1.0,1.0
outer2,2,70,ba0f,120.0,270.0,30.000001907348633,60.000003814697266,30.000001907348633,30.0,0.0,0.0,0.0,0.0
outer2,2,70,ba0f,120.0,300.0,60.000003814697266,180.0,119.99999618530273,0.0,180.0,0.0,0.0,0.0
outer2,2,70,ba0f,120.0,330.0,0.0,97.18075561523438,97.18075561523438,0.0,120.0,1.0,0.0,-1.0
outer2,2,70,ba0f,150.0,0.0,90.0,29.99998664855957,-60.00001335144043,0.0,-180.0,0.0,0.0,0.0
outer2,2,70,ba0f,150.0,30.0,128.68218994140625,128.68218994140625,0.0,0.0,0.0,0.0,0.0,0.0
outer2,2,70,ba0f,150.0,60.0,165.12905883789062,128.68218994140625,-36.446868896484375,0.0,-90.0,0.0,0.0,0.0
outer2,2,70,ba0f,150.0,90.0,60.000003814697266,60.000003814697266,0.0,0.0,0.0,0.0,0.0,0.0
outer2,2,70,ba0f,150.0,120.0,0.0,60.000003814697266,60.000003814697266,0.0,180.0,1.0,0.0,-1.0
outer2,2,70,ba0f,150.0,150.0,0.0,60.000003814697266,60.000003814697266,0.0,180.0,1.0,0.0,-1.0
outer2,2,70,ba0f,150.0,180.0,86.67424774169922,90.0,3.3257522583007812,0.0,30.0,0.0,0.0,0.0
outer2,2,70,ba0f,150.0,210.0,151.04498291015625,130.50535583496094,-20.539627075195312,-30.0,0.0,0.0,0.0,0.0
outer2,2,70,ba0f,150.0,240.0,151.04498291015625,128.68218994140625,-22.36279296875,0.0,-60.0,0.0,0.0,0.0
outer2,2,70,ba0f,150.0,270.0,0.0,60.000003814697266,60.000003814697266,0.0,180.0,1.0,0.0,-1.0
outer2,2,70,ba0f,150.0,300.0,60.000003814697266,0.0,-60.000003814697266,0.0,-180.0,0.0,1.0,1.0
outer2,2,70,ba0f,150.0,330.0,0.0,0.0,0.0,0.0,0.0,1.0,1.0,0.0
outer2,2,70,bb7c,30.0,0.0,0.0,30.000001907348633,30.000001907348633,30.0,0.0,1.0,0.0,-1.0
outer2,2,70,bb7c,30.0,30.0,0.0,0.0,0.0,0.0,0.0,1.0,1.0,0.0
outer2,2,70,bb7c,30.0,60.0,0.0,0.0,0.0,0.0,0.0,1.0,1.0,0.0
outer2,2,70,bb7c,30.0,90.0,0.0,0.0,0.0,0.0,0.0,1.0,1.0,0.0
outer2,2,70,bb7c,30.0,120.0,0.0,0.0,0.0,0.0,0.0,1.0,1.0,0.0
outer2,2,70,bb7c,30.0,150.0,0.0,0.0,0.0,0.0,0.0,1.0,1.0,0.0
outer2,2,70,bb7c,30.0,180.0,0.0,90.0,90.0,30.0,180.0,1.0,0.0,-1.0
outer2,2,70,bb7c,30.0,210.0,0.0,0.0,0.0,0.0,0.0,1.0,1.0,0.0
outer2,2,70,bb7c,30.0,240.0,0.0,0.0,0.0,0.0,0.0,1.0,1.0,0.0
outer2,2,70,bb7c,30.0,270.0,0.0,0.0,0.0,0.0,0.0,1.0,1.0,0.0
outer2,2,70,bb7c,30.0,300.0,0.0,0.0,0.0,0.0,0.0,1.0,1.0,0.0
outer2,2,70,bb7c,30.0,330.0,0.0,0.0,0.0,0.0,0.0,1.0,1.0,0.0
outer2,2,70,bb7c,60.0,0.0,0.0,0.0,0.0,0.0,0.0,1.0,1.0,0.0
outer2,2,70,bb7c,60.0,30.0,0.0,0.0,0.0,0.0,0.0,1.0,1.0,0.0
outer2,2,70,bb7c,60.0,60.0,0.0,0.0,0.0,0.0,0.0,1.0,1.0,0.0
outer2,2,70,bb7c,60.0,90.0,0.0,0.0,0.0,0.0,0.0,1.0,1.0,0.0
outer2,2,70,bb7c,60.0,120.0,0.0,0.0,0.0,0.0,0.0,1.0,1.0,0.0
outer2,2,70,bb7c,60.0,150.0,0.0,0.0,0.0,0.0,0.0,1.0,1.0,0.0
outer2,2,70,bb7c,60.0,180.0,0.0,0.0,0.0,0.0,0.0,1.0,1.0,0.0
outer2,2,70,bb7c,60.0,210.0,25.905075073242188,82.81924438476562,56.91416931152344,60.0,30.0,0.0,0.0,0.0
outer2,2,70,bb7c,60.0,240.0,0.0,0.0,0.0,0.0,0.0,1.0,1.0,0.0
outer2,2,70,bb7c,60.0,270.0,120.00000762939453,0.0,-120.00000762939453,0.0,-180.0,0.0,1.0,1.0
outer2,2,70,bb7c,60.0,300.0,0.0,0.0,0.0,0.0,0.0,1.0,1.0,0.0
outer2,2,70,bb7c,60.0,330.0,0.0,0.0,0.0,0.0,0.0,1.0,1.0,0.0
outer2,2,70,bb7c,90.0,0.0,0.0,0.0,0.0,0.0,0.0,1.0,1.0,0.0
outer2,2,70,bb7c,90.0,30.0,0.0,0.0,0.0,0.0,0.0,1.0,1.0,0.0
outer2,2,70,bb7c,90.0,60.0,0.0,0.0,0.0,0.0,0.0,1.0,1.0,0.0
outer2,2,70,bb7c,90.0,90.0,0.0,150.0,150.0,30.0,180.0,1.0,0.0,-1.0
outer2,2,70,bb7c,90.0,120.0,0.0,0.0,0.0,0.0,0.0,1.0,1.0,0.0
outer2,2,70,bb7c,90.0,150.0,180.0,180.0,0.0,0.0,0.0,0.0,0.0,0.0
outer2,2,70,bb7c,90.0,180.0,180.0,0.0,-180.0,0.0,-180.0,0.0,1.0,1.0
outer2,2,70,bb7c,90.0,210.0,180.0,0.0,-180.0,0.0,-180.0,0.0,1.0,1.0
outer2,2,70,bb7c,90.0,240.0,120.00000762939453,180.0,59.99999237060547,0.0,60.0,0.0,0.0,0.0
outer2,2,70,bb7c,90.0,270.0,0.0,0.0,0.0,0.0,0.0,1.0,1.0,0.0
outer2,2,70,bb7c,90.0,300.0,180.0,180.0,0.0,0.0,0.0,0.0,0.0,0.0
outer2,2,70,bb7c,90.0,330.0,0.0,0.0,0.0,0.0,0.0,1.0,1.0,0.0
outer2,2,70,bb7c,120.0,0.0,0.0,0.0,0.0,0.0,0.0,1.0,1.0,0.0
outer2,2,70,bb7c,120.0,30.0,0.0,0.0,0.0,0.0,0.0,1.0,1.0,0.0
outer2,2,70,bb7c,120.0,60.0,0.0,0.0,0.0,0.0,0.0,1.0,1.0,0.0
outer2,2,70,bb7c,120.0,90.0,29.99998664855957,0.0,-29.99998664855957,-30.0,0.0,0.0,1.0,1.0
outer2,2,70,bb7c,120.0,120.0,0.0,0.0,0.0,0.0,0.0,1.0,1.0,0.0
outer2,2,70,bb7c,120.0,150.0,0.0,0.0,0.0,0.0,0.0,1.0,1.0,0.0
outer2,2,70,bb7c,120.0,180.0,0.0,0.0,0.0,0.0,0.0,1.0,1.0,0.0
outer2,2,70,bb7c,120.0,210.0,0.0,82.81924438476562,82.81924438476562,60.0,60.0,1.0,0.0,-1.0
outer2,2,70,bb7c,120.0,240.0,128.6822052001953,0.0,-128.6822052001953,-60.0,-120.0,0.0,1.0,1.0
outer2,2,70,bb7c,120.0,270.0,120.00000762939453,120.00000762939453,0.0,0.0,0.0,0.0,0.0,0.0
outer2,2,70,bb7c,120.0,300.0,0.0,120.00000762939453,120.00000762939453,0.0,180.0,1.0,0.0,-1.0
outer2,2,70,bb7c,120.0,330.0,0.0,82.81924438476562,82.81924438476562,60.0,60.0,1.0,0.0,-1.0
outer2,2,70,bb7c,150.0,0.0,0.0,29.99998664855957,29.99998664855957,30.0,0.0,1.0,0.0,-1.0
outer2,2,70,bb7c,150.0,30.0,0.0,0.0,0.0,0.0,0.0,1.0,1.0,0.0
outer2,2,70,bb7c,150.0,60.0,0.0,0.0,0.0,0.0,0.0,1.0,1.0,0.0
outer2,2,70,bb7c,150.0,90.0,0.0,0.0,0.0,0.0,0.0,1.0,1.0,0.0
outer2,2,70,bb7c,150.0,120.0,0.0,0.0,0.0,0.0,0.0,1.0,1.0,0.0
outer2,2,70,bb7c,150.0,150.0,0.0,0.0,0.0,0.0,0.0,1.0,1.0,0.0
outer2,2,70,bb7c,150.0,180.0,0.0,90.0,90.0,30.0,180.0,1.0,0.0,-1.0
outer2,2,70,bb7c,150.0,210.0,0.0,0.0,0.0,0.0,0.0,1.0,1.0,0.0
outer2,2,70,bb7c,150.0,240.0,14.870942115783691,0.0,-14.870942115783691,0.0,-30.0,0.0,1.0,1.0
outer2,2,70,bb7c,150.0,270.0,0.0,0.0,0.0,0.0,0.0,1.0,1.0,0.0
outer2,2,70,bb7c,150.0,300.0,0.0,0.0,0.0,0.0,0.0,1.0,1.0,0.0
outer2,2,70,bb7c,150.0,330.0,0.0,0.0,0.0,0.0,0.0,1.0,1.0,0.0
outer2,2,71,b7c1,30.0,0.0,0.0,0.0,0.0,0.0,0.0,1.0,1.0,0.0
outer2,2,71,b7c1,30.0,30.0,0.0,0.0,0.0,0.0,0.0,1.0,1.0,0.0
outer2,2,71,b7c1,30.0,60.0,0.0,0.0,0.0,0.0,0.0,1.0,1.0,0.0
outer2,2,71,b7c1,30.0,90.0,0.0,0.0,0.0,0.0,0.0,1.0,1.0,0.0
outer2,2,71,b7c1,30.0,120.0,0.0,0.0,0.0,0.0,0.0,1.0,1.0,0.0
outer2,2,71,b7c1,30.0,150.0,0.0,0.0,0.0,0.0,0.0,1.0,1.0,0.0
outer2,2,71,b7c1,30.0,180.0,0.0,30.000001907348633,30.000001907348633,30.0,0.0,1.0,0.0,-1.0
outer2,2,71,b7c1,30.0,210.0,0.0,0.0,0.0,0.0,0.0,1.0,1.0,0.0
outer2,2,71,b7c1,30.0,240.0,0.0,0.0,0.0,0.0,0.0,1.0,1.0,0.0
outer2,2,71,b7c1,30.0,270.0,0.0,0.0,0.0,0.0,0.0,1.0,1.0,0.0
outer2,2,71,b7c1,30.0,300.0,0.0,0.0,0.0,0.0,0.0,1.0,1.0,0.0
outer2,2,71,b7c1,30.0,330.0,0.0,0.0,0.0,0.0,0.0,1.0,1.0,0.0
outer2,2,71,b7c1,60.0,0.0,0.0,0.0,0.0,0.0,0.0,1.0,1.0,0.0
outer2,2,71,b7c1,60.0,30.0,25.905075073242188,82.81924438476562,56.91416931152344,60.0,30.0,0.0,0.0,0.0
outer2,2,71,b7c1,60.0,60.0,0.0,60.000003814697266,60.000003814697266,60.0,0.0,1.0,0.0,-1.0
outer2,2,71,b7c1,60.0,90.0,0.0,0.0,0.0,0.0,0.0,1.0,1.0,0.0
outer2,2,71,b7c1,60.0,120.0,0.0,0.0,0.0,0.0,0.0,1.0,1.0,0.0
outer2,2,71,b7c1,60.0,150.0,0.0,0.0,0.0,0.0,0.0,1.0,1.0,0.0
outer2,2,71,b7c1,60.0,180.0,0.0,0.0,0.0,0.0,0.0,1.0,1.0,0.0
outer2,2,71,b7c1,60.0,210.0,0.0,60.000003814697266,60.000003814697266,60.0,0.0,1.0,0.0,-1.0
outer2,2,71,b7c1,60.0,240.0,0.0,0.0,0.0,0.0,0.0,1.0,1.0,0.0
outer2,2,71,b7c1,60.0,270.0,0.0,0.0,0.0,0.0,0.0,1.0,1.0,0.0
outer2,2,71,b7c1,60.0,300.0,0.0,0.0,0.0,0.0,0.0,1.0,1.0,0.0
outer2,2,71,b7c1,60.0,330.0,0.0,25.905075073242188,25.905075073242188,0.0,30.0,1.0,0.0,-1.0
outer2,2,71,b7c1,90.0,0.0,180.0,0.0,-180.0,0.0,-180.0,0.0,1.0,1.0
outer2,2,71,b7c1,90.0,30.0,0.0,180.0,180.0,0.0,180.0,1.0,0.0,-1.0
outer2,2,71,b7c1,90.0,60.0,0.0,0.0,0.0,0.0,0.0,1.0,1.0,0.0
outer2,2,71,b7c1,90.0,90.0,180.0,0.0,-180.0,0.0,-180.0,0.0,1.0,1.0
outer2,2,71,b7c1,90.0,120.0,60.000003814697266,60.000003814697266,0.0,0.0,0.0,0.0,0.0,0.0
outer2,2,71,b7c1,90.0,150.0,0.0,60.000003814697266,60.000003814697266,0.0,60.0,1.0,0.0,-1.0
outer2,2,71,b7c1,90.0,180.0,180.0,180.0,0.0,0.0,0.0,0.0,0.0,0.0
outer2,2,71,b7c1,90.0,210.0,180.0,0.0,-180.0,0.0,-180.0,0.0,1.0,1.0
outer2,2,71,b7c1,90.0,240.0,0.0,0.0,0.0,0.0,0.0,1.0,1.0,0.0
outer2,2,71,b7c1,90.0,270.0,0.0,180.0,180.0,0.0,180.0,1.0,0.0,-1.0
outer2,2,71,b7c1,90.0,300.0,180.0,119.99999237060547,-60.00000762939453,0.0,-60.0,0.0,0.0,0.0
outer2,2,71,b7c1,90.0,330.0,180.0,120.00000762939453,-59.99999237060547,0.0,-60.0,0.0,0.0,0.0
outer2,2,71,b7c1,120.0,0.0,0.0,0.0,0.0,0.0,0.0,1.0,1.0,0.0
outer2,2,71,b7c1,120.0,30.0,0.0,90.0,90.0,30.0,180.0,1.0,0.0,-1.0
outer2,2,71,b7c1,120.0,60.0,0.0,0.0,0.0,0.0,0.0,1.0,1.0,0.0
outer2,2,71,b7c1,120.0,90.0,0.0,0.0,0.0,0.0,0.0,1.0,1.0,0.0
outer2,2,71,b7c1,120.0,120.0,0.0,0.0,0.0,0.0,0.0,1.0,1.0,0.0
outer2,2,71,b7c1,120.0,150.0,0.0,0.0,0.0,0.0,0.0,1.0,1.0,0.0
outer2,2,71,b7c1,120.0,180.0,0.0,0.0,0.0,0.0,0.0,1.0,1.0,0.0
outer2,2,71,b7c1,120.0,210.0,0.0,29.99998664855957,29.99998664855957,30.0,0.0,1.0,0.0,-1.0
outer2,2,71,b7c1,120.0,240.0,0.0,0.0,0.0,0.0,0.0,1.0,1.0,0.0
outer2,2,71,b7c1,120.0,270.0,0.0,0.0,0.0,0.0,0.0,1.0,1.0,0.0
outer2,2,71,b7c1,120.0,300.0,0.0,0.0,0.0,0.0,0.0,1.0,1.0,0.0
outer2,2,71,b7c1,120.0,330.0,0.0,0.0,0.0,0.0,0.0,1.0,1.0,0.0
outer2,2,71,b7c1,150.0,0.0,0.0,0.0,0.0,0.0,0.0,1.0,1.0,0.0
outer2,2,71,b7c1,150.0,30.0,0.0,0.0,0.0,0.0,0.0,1.0,1.0,0.0
outer2,2,71,b7c1,150.0,60.0,0.0,0.0,0.0,0.0,0.0,1.0,1.0,0.0
outer2,2,71,b7c1,150.0,90.0,0.0,0.0,0.0,0.0,0.0,1.0,1.0,0.0
outer2,2,71,b7c1,150.0,120.0,0.0,0.0,0.0,0.0,0.0,1.0,1.0,0.0
outer2,2,71,b7c1,150.0,150.0,0.0,0.0,0.0,0.0,0.0,1.0,1.0,0.0
outer2,2,71,b7c1,150.0,180.0,0.0,0.0,0.0,0.0,0.0,1.0,1.0,0.0
outer2,2,71,b7c1,150.0,210.0,0.0,0.0,0.0,0.0,0.0,1.0,1.0,0.0
outer2,2,71,b7c1,150.0,240.0,0.0,0.0,0.0,0.0,0.0,1.0,1.0,0.0
outer2,2,71,b7c1,150.0,270.0,0.0,0.0,0.0,0.0,0.0,1.0,1.0,0.0
outer2,2,71,b7c1,150.0,300.0,0.0,0.0,0.0,0.0,0.0,1.0,1.0,0.0
outer2,2,71,b7c1,150.0,330.0,0.0,0.0,0.0,0.0,0.0,1.0,1.0,0.0
outer2,2,71,b80b,30.0,0.0,0.0,0.0,0.0,0.0,0.0,1.0,1.0,0.0
outer2,2,71,b80b,30.0,30.0,0.0,0.0,0.0,0.0,0.0,1.0,1.0,0.0
outer2,2,71,b80b,30.0,60.0,0.0,0.0,0.0,0.0,0.0,1.0,1.0,0.0
outer2,2,71,b80b,30.0,90.0,0.0,0.0,0.0,0.0,0.0,1.0,1.0,0.0
outer2,2,71,b80b,30.0,120.0,0.0,0.0,0.0,0.0,0.0,1.0,1.0,0.0
outer2,2,71,b80b,30.0,150.0,0.0,0.0,0.0,0.0,0.0,1.0,1.0,0.0
outer2,2,71,b80b,30.0,180.0,0.0,0.0,0.0,0.0,0.0,1.0,1.0,0.0
outer2,2,71,b80b,30.0,210.0,0.0,0.0,0.0,0.0,0.0,1.0,1.0,0.0
outer2,2,71,b80b,30.0,240.0,0.0,0.0,0.0,0.0,0.0,1.0,1.0,0.0
outer2,2,71,b80b,30.0,270.0,0.0,0.0,0.0,0.0,0.0,1.0,1.0,0.0
outer2,2,71,b80b,30.0,300.0,0.0,0.0,0.0,0.0,0.0,1.0,1.0,0.0
outer2,2,71,b80b,30.0,330.0,0.0,0.0,0.0,0.0,0.0,1.0,1.0,0.0
outer2,2,71,b80b,60.0,0.0,0.0,0.0,0.0,0.0,0.0,1.0,1.0,0.0
outer2,2,71,b80b,60.0,30.0,0.0,0.0,0.0,0.0,0.0,1.0,1.0,0.0
outer2,2,71,b80b,60.0,60.0,0.0,0.0,0.0,0.0,0.0,1.0,1.0,0.0
outer2,2,71,b80b,60.0,90.0,0.0,0.0,0.0,0.0,0.0,1.0,1.0,0.0
outer2,2,71,b80b,60.0,120.0,0.0,0.0,0.0,0.0,0.0,1.0,1.0,0.0
outer2,2,71,b80b,60.0,150.0,0.0,0.0,0.0,0.0,0.0,1.0,1.0,0.0
outer2,2,71,b80b,60.0,180.0,0.0,0.0,0.0,0.0,0.0,1.0,1.0,0.0
outer2,2,71,b80b,60.0,210.0,0.0,0.0,0.0,0.0,0.0,1.0,1.0,0.0
outer2,2,71,b80b,60.0,240.0,0.0,0.0,0.0,0.0,0.0,1.0,1.0,0.0
outer2,2,71,b80b,60.0,270.0,0.0,0.0,0.0,0.0,0.0,1.0,1.0,0.0
outer2,2,71,b80b,60.0,300.0,0.0,0.0,0.0,0.0,0.0,1.0,1.0,0.0
outer2,2,71,b80b,60.0,330.0,0.0,0.0,0.0,0.0,0.0,1.0,1.0,0.0
outer2,2,71,b80b,90.0,0.0,0.0,0.0,0.0,0.0,0.0,1.0,1.0,0.0
outer2,2,71,b80b,90.0,30.0,0.0,0.0,0.0,0.0,0.0,1.0,1.0,0.0
outer2,2,71,b80b,90.0,60.0,0.0,0.0,0.0,0.0,0.0,1.0,1.0,0.0
outer2,2,71,b80b,90.0,90.0,0.0,0.0,0.0,0.0,0.0,1.0,1.0,0.0
outer2,2,71,b80b,90.0,120.0,0.0,0.0,0.0,0.0,0.0,1.0,1.0,0.0
outer2,2,71,b80b,90.0,150.0,0.0,180.0,180.0,0.0,180.0,1.0,0.0,-1.0
outer2,2,71,b80b,90.0,180.0,0.0,180.0,180.0,0.0,180.0,1.0,0.0,-1.0
outer2,2,71,b80b,90.0,210.0,0.0,0.0,0.0,0.0,0.0,1.0,1.0,0.0
outer2,2,71,b80b,90.0,240.0,0.0,0.0,0.0,0.0,0.0,1.0,1.0,0.0
outer2,2,71,b80b,90.0,270.0,0.0,0.0,0.0,0.0,0.0,1.0,1.0,0.0
outer2,2,71,b80b,90.0,300.0,0.0,180.0,180.0,0.0,180.0,1.0,0.0,-1.0
outer2,2,71,b80b,90.0,330.0,0.0,0.0,0.0,0.0,0.0,1.0,1.0,0.0
outer2,2,71,b80b,120.0,0.0,0.0,0.0,0.0,0.0,0.0,1.0,1.0,0.0
outer2,2,71,b80b,120.0,30.0,0.0,0.0,0.0,0.0,0.0,1.0,1.0,0.0
outer2,2,71,b80b,120.0,60.0,0.0,0.0,0.0,0.0,0.0,1.0,1.0,0.0
outer2,2,71,b80b,120.0,90.0,0.0,0.0,0.0,0.0,0.0,1.0,1.0,0.0
outer2,2,71,b80b,120.0,120.0,0.0,0.0,0.0,0.0,0.0,1.0,1.0,0.0
outer2,2,71,b80b,120.0,150.0,0.0,0.0,0.0,0.0,0.0,1.0,1.0,0.0
outer2,2,71,b80b,120.0,180.0,0.0,0.0,0.0,0.0,0.0,1.0,1.0,0.0
outer2,2,71,b80b,120.0,210.0,0.0,0.0,0.0,0.0,0.0,1.0,1.0,0.0
outer2,2,71,b80b,120.0,240.0,0.0,0.0,0.0,0.0,0.0,1.0,1.0,0.0
outer2,2,71,b80b,120.0,270.0,0.0,0.0,0.0,0.0,0.0,1.0,1.0,0.0
outer2,2,71,b80b,120.0,300.0,0.0,0.0,0.0,0.0,0.0,1.0,1.0,0.0
outer2,2,71,b80b,120.0,330.0,0.0,0.0,0.0,0.0,0.0,1.0,1.0,0.0
outer2,2,71,b80b,150.0,0.0,0.0,0.0,0.0,0.0,0.0,1.0,1.0,0.0
outer2,2,71,b80b,150.0,30.0,0.0,0.0,0.0,0.0,0.0,1.0,1.0,0.0
outer2,2,71,b80b,150.0,60.0,0.0,0.0,0.0,0.0,0.0,1.0,1.0,0.0
outer2,2,71,b80b,150.0,90.0,0.0,0.0,0.0,0.0,0.0,1.0,1.0,0.0
outer2,2,71,b80b,150.0,120.0,0.0,0.0,0.0,0.0,0.0,1.0,1.0,0.0
outer2,2,71,b80b,150.0,150.0,0.0,0.0,0.0,0.0,0.0,1.0,1.0,0.0
outer2,2,71,b80b,150.0,180.0,0.0,0.0,0.0,0.0,0.0,1.0,1.0,0.0
outer2,2,71,b80b,150.0,210.0,0.0,0.0,0.0,0.0,0.0,1.0,1.0,0.0
outer2,2,71,b80b,150.0,240.0,0.0,0.0,0.0,0.0,0.0,1.0,1.0,0.0
outer2,2,71,b80b,150.0,270.0,0.0,0.0,0.0,0.0,0.0,1.0,1.0,0.0
outer2,2,71,b80b,150.0,300.0,0.0,0.0,0.0,0.0,0.0,1.0,1.0,0.0
outer2,2,71,b80b,150.0,330.0,0.0,0.0,0.0,0.0,0.0,1.0,1.0,0.0
outer2,2,71,b9e6,30.0,0.0,0.0,0.0,0.0,0.0,0.0,1.0,1.0,0.0
outer2,2,71,b9e6,30.0,30.0,0.0,0.0,0.0,0.0,0.0,1.0,1.0,0.0
outer2,2,71,b9e6,30.0,60.0,0.0,0.0,0.0,0.0,0.0,1.0,1.0,0.0
outer2,2,71,b9e6,30.0,90.0,0.0,0.0,0.0,0.0,0.0,1.0,1.0,0.0
outer2,2,71,b9e6,30.0,120.0,0.0,0.0,0.0,0.0,0.0,1.0,1.0,0.0
outer2,2,71,b9e6,30.0,150.0,0.0,0.0,0.0,0.0,0.0,1.0,1.0,0.0
outer2,2,71,b9e6,30.0,180.0,0.0,0.0,0.0,0.0,0.0,1.0,1.0,0.0
outer2,2,71,b9e6,30.0,210.0,0.0,0.0,0.0,0.0,0.0,1.0,1.0,0.0
outer2,2,71,b9e6,30.0,240.0,0.0,0.0,0.0,0.0,0.0,1.0,1.0,0.0
outer2,2,71,b9e6,30.0,270.0,0.0,0.0,0.0,0.0,0.0,1.0,1.0,0.0
outer2,2,71,b9e6,30.0,300.0,0.0,0.0,0.0,0.0,0.0,1.0,1.0,0.0
outer2,2,71,b9e6,30.0,330.0,0.0,0.0,0.0,0.0,0.0,1.0,1.0,0.0
outer2,2,71,b9e6,60.0,0.0,0.0,0.0,0.0,0.0,0.0,1.0,1.0,0.0
outer2,2,71,b9e6,60.0,30.0,0.0,0.0,0.0,0.0,0.0,1.0,1.0,0.0
outer2,2,71,b9e6,60.0,60.0,0.0,128.68218994140625,128.68218994140625,60.0,120.0,1.0,0.0,-1.0
outer2,2,71,b9e6,60.0,90.0,0.0,0.0,0.0,0.0,0.0,1.0,1.0,0.0
outer2,2,71,b9e6,60.0,120.0,0.0,0.0,0.0,0.0,0.0,1.0,1.0,0.0
outer2,2,71,b9e6,60.0,150.0,0.0,82.81924438476562,82.81924438476562,60.0,60.0,1.0,0.0,-1.0
outer2,2,71,b9e6,60.0,180.0,0.0,30.000001907348633,30.000001907348633,30.0,0.0,1.0,0.0,-1.0
outer2,2,71,b9e6,60.0,210.0,0.0,120.00000762939453,120.00000762939453,0.0,180.0,1.0,0.0,-1.0
outer2,2,71,b9e6,60.0,240.0,0.0,25.905075073242188,25.905075073242188,0.0,30.0,1.0,0.0,-1.0
outer2,2,71,b9e6,60.0,270.0,0.0,0.0,0.0,0.0,0.0,1.0,1.0,0.0
outer2,2,71,b9e6,60.0,300.0,0.0,0.0,0.0,0.0,0.0,1.0,1.0,0.0
outer2,2,71,b9e6,60.0,330.0,0.0,0.0,0.0,0.0,0.0,1.0,1.0,0.0
outer2,2,71,b9e6,90.0,0.0,0.0,0.0,0.0,0.0,0.0,1.0,1.0,0.0
outer2,2,71,b9e6,90.0,30.0,0.0,0.0,0.0,0.0,0.0,1.0,1.0,0.0
outer2,2,71,b9e6,90.0,60.0,0.0,180.0,180.0,0.0,180.0,1.0,0.0,-1.0
outer2,2,71,b9e6,90.0,90.0,0.0,0.0,0.0,0.0,0.0,1.0,1.0,0.0
outer2,2,71,b9e6,90.0,120.0,60.000003814697266,0.0,-60.000003814697266,0.0,-60.0,0.0,1.0,1.0
outer2,2,71,b9e6,90.0,150.0,0.0,120.00000762939453,120.00000762939453,0.0,120.0,1.0,0.0,-1.0
outer2,2,71,b9e6,90.0,180.0,0.0,180.0,180.0,0.0,180.0,1.0,0.0,-1.0
outer2,2,71,b9e6,90.0,210.0,0.0,180.0,180.0,0.0,180.0,1.0,0.0,-1.0
outer2,2,71,b9e6,90.0,240.0,0.0,0.0,0.0,0.0,0.0,1.0,1.0,0.0
outer2,2,71,b9e6,90.0,270.0,0.0,180.0,180.0,0.0,180.0,1.0,0.0,-1.0
outer2,2,71,b9e6,90.0,300.0,60.000003814697266,180.0,119.99999618530273,0.0,120.0,0.0,0.0,0.0
outer2,2,71,b9e6,90.0,330.0,180.0,60.00000762939453,-119.99999237060547,0.0,-120.0,0.0,0.0,0.0
outer2,2,71,b9e6,120.0,0.0,0.0,0.0,0.0,0.0,0.0,1.0,1.0,0.0
outer2,2,71,b9e6,120.0,30.0,0.0,0.0,0.0,0.0,0.0,1.0,1.0,0.0
outer2,2,71,b9e6,120.0,60.0,0.0,0.0,0.0,0.0,0.0,1.0,1.0,0.0
outer2,2,71,b9e6,120.0,90.0,0.0,0.0,0.0,0.0,0.0,1.0,1.0,0.0
outer2,2,71,b9e6,120.0,120.0,0.0,0.0,0.0,0.0,0.0,1.0,1.0,0.0
outer2,2,71,b9e6,120.0,150.0,0.0,0.0,0.0,0.0,0.0,1.0,1.0,0.0
outer2,2,71,b9e6,120.0,180.0,0.0,0.0,0.0,0.0,0.0,1.0,1.0,0.0
outer2,2,71,b9e6,120.0,210.0,120.00000762939453,120.00000762939453,0.0,0.0,0.0,0.0,0.0,0.0
outer2,2,71,b9e6,120.0,240.0,0.0,0.0,0.0,0.0,0.0,1.0,1.0,0.0
outer2,2,71,b9e6,120.0,270.0,0.0,0.0,0.0,0.0,0.0,1.0,1.0,0.0
outer2,2,71,b9e6,120.0,300.0,0.0,0.0,0.0,0.0,0.0,1.0,1.0,0.0
outer2,2,71,b9e6,120.0,330.0,0.0,0.0,0.0,0.0,0.0,1.0,1.0,0.0
outer2,2,71,b9e6,150.0,0.0,0.0,0.0,0.0,0.0,0.0,1.0,1.0,0.0
outer2,2,71,b9e6,150.0,30.0,0.0,0.0,0.0,0.0,0.0,1.0,1.0,0.0
outer2,2,71,b9e6,150.0,60.0,0.0,0.0,0.0,0.0,0.0,1.0,1.0,0.0
outer2,2,71,b9e6,150.0,90.0,0.0,0.0,0.0,0.0,0.0,1.0,1.0,0.0
outer2,2,71,b9e6,150.0,120.0,0.0,0.0,0.0,0.0,0.0,1.0,1.0,0.0
outer2,2,71,b9e6,150.0,150.0,0.0,0.0,0.0,0.0,0.0,1.0,1.0,0.0
outer2,2,71,b9e6,150.0,180.0,0.0,0.0,0.0,0.0,0.0,1.0,1.0,0.0
outer2,2,71,b9e6,150.0,210.0,0.0,0.0,0.0,0.0,0.0,1.0,1.0,0.0
outer2,2,71,b9e6,150.0,240.0,0.0,0.0,0.0,0.0,0.0,1.0,1.0,0.0
outer2,2,71,b9e6,150.0,270.0,0.0,0.0,0.0,0.0,0.0,1.0,1.0,0.0
outer2,2,71,b9e6,150.0,300.0,0.0,0.0,0.0,0.0,0.0,1.0,1.0,0.0
outer2,2,71,b9e6,150.0,330.0,0.0,0.0,0.0,0.0,0.0,1.0,1.0,0.0
outer2,2,71,ba0f,30.0,0.0,90.0,30.000001907348633,-59.99999809265137,0.0,-180.0,0.0,0.0,0.0
outer2,2,71,ba0f,30.0,30.0,151.04498291015625,0.0,-151.04498291015625,-120.0,-120.0,0.0,1.0,1.0
outer2,2,71,ba0f,30.0,60.0,14.870942115783691,165.12905883789062,150.25811672210693,120.0,120.0,0.0,0.0,0.0
outer2,2,71,ba0f,30.0,90.0,57.7581901550293,60.000003814697266,2.2418136596679688,0.0,30.0,0.0,0.0,0.0
outer2,2,71,ba0f,30.0,120.0,0.0,60.000003814697266,60.000003814697266,0.0,180.0,1.0,0.0,-1.0
outer2,2,71,ba0f,30.0,150.0,0.0,60.000003814697266,60.000003814697266,0.0,180.0,1.0,0.0,-1.0
outer2,2,71,ba0f,30.0,180.0,0.0,93.32575225830078,93.32575225830078,90.0,30.0,1.0,0.0,-1.0
outer2,2,71,ba0f,30.0,210.0,128.68218994140625,151.04498291015625,22.36279296875,0.0,60.0,0.0,0.0,0.0
outer2,2,71,ba0f,30.0,240.0,57.7581901550293,128.68218994140625,70.92399978637695,120.0,-90.0,0.0,0.0,0.0
outer2,2,71,ba0f,30.0,270.0,122.24180603027344,120.00000762939453,-2.2417984008789062,0.0,-30.0,0.0,0.0,0.0
outer2,2,71,ba0f,30.0,300.0,60.000003814697266,0.0,-60.000003814697266,0.0,-180.0,0.0,1.0,1.0
outer2,2,71,ba0f,30.0,330.0,0.0,0.0,0.0,0.0,0.0,1.0,1.0,0.0
outer2,2,71,ba0f,60.0,0.0,0.0,30.000001907348633,30.000001907348633,30.0,0.0,1.0,0.0,-1.0
outer2,2,71,ba0f,60.0,30.0,0.0,120.00000762939453,120.00000762939453,0.0,180.0,1.0,0.0,-1.0
outer2,2,71,ba0f,60.0,60.0,0.0,51.31781005859375,51.31781005859375,0.0,60.0,1.0,0.0,-1.0
outer2,2,71,ba0f,60.0,90.0,0.0,120.00000762939453,120.00000762939453,0.0,180.0,1.0,0.0,-1.0
outer2,2,71,ba0f,60.0,120.0,120.00000762939453,154.09490966796875,34.09490203857422,60.0,-30.0,0.0,0.0,0.0
outer2,2,71,ba0f,60.0,150.0,120.00000762939453,102.50391387939453,-17.49609375,90.0,-120.0,0.0,0.0,0.0
outer2,2,71,ba0f,60.0,180.0,30.000001907348633,0.0,-30.000001907348633,-30.0,0.0,0.0,1.0,1.0
outer2,2,71,ba0f,60.0,210.0,0.0,66.45188903808594,66.45188903808594,60.0,30.0,1.0,0.0,-1.0
outer2,2,71,ba0f,60.0,240.0,41.40962219238281,97.1807632446289,55.771141052246094,-30.0,90.0,0.0,0.0,0.0
outer2,2,71,ba0f,60.0,270.0,150.0,29.999998092651367,-120.00000190734863,0.0,-180.0,0.0,0.0,0.0
outer2,2,71,ba0f,60.0,300.0,0.0,154.0949249267578,154.0949249267578,60.0,150.0,1.0,0.0,-1.0
outer2,2,71,ba0f,60.0,330.0,60.000003814697266,130.50535583496094,70.50535202026367,30.0,120.0,0.0,0.0,0.0
outer2,2,71,ba0f,90.0,0.0,180.0,0.0,-180.0,0.0,-180.0,0.0,1.0,1.0
outer2,2,71,ba0f,90.0,30.0,60.00000762939453,60.00000762939453,0.0,0.0,0.0,0.0,0.0,0.0
outer2,2,71,ba0f,90.0,60.0,0.0,0.0,0.0,0.0,0.0,1.0,1.0,0.0
outer2,2,71,ba0f,90.0,90.0,0.0,0.0,0.0,0.0,0.0,1.0,1.0,0.0
outer2,2,71,ba0f,90.0,120.0,0.0,120.00000762939453,120.00000762939453,0.0,120.0,1.0,0.0,-1.0
outer2,2,71,ba0f,90.0,150.0,150.0,0.0,-150.0,0.0,-150.0,0.0,1.0,1.0
outer2,2,71,ba0f,90.0,180.0,0.0,180.0,180.0,0.0,180.0,1.0,0.0,-1.0
outer2,2,71,ba0f,90.0,210.0,120.00000762939453,120.00000762939453,0.0,0.0,0.0,0.0,0.0,0.0
outer2,2,71,ba0f,90.0,240.0,180.0,60.000003814697266,-119.99999618530273,0.0,-120.0,0.0,0.0,0.0
outer2,2,71,ba0f,90.0,270.0,180.0,180.0,0.0,0.0,0.0,0.0,0.0,0.0
outer2,2,71,ba0f,90.0,300.0,180.0,60.000003814697266,-119.99999618530273,0.0,-120.0,0.0,0.0,0.0
outer2,2,71,ba0f,90.0,330.0,30.00000762939453,180.0,149.99999237060547,0.0,150.0,0.0,0.0,0.0
outer2,2,71,ba0f,120.0,0.0,0.0,29.99998664855957,29.99998664855957,30.0,0.0,1.0,0.0,-1.0
outer2,2,71,ba0f,120.0,30.0,0.0,120.00000762939453,120.00000762939453,0.0,180.0,1.0,0.0,-1.0
outer2,2,71,ba0f,120.0,60.0,0.0,0.0,0.0,0.0,0.0,1.0,1.0,0.0
outer2,2,71,ba0f,120.0,90.0,0.0,0.0,0.0,0.0,0.0,1.0,1.0,0.0
outer2,2,71,ba0f,120.0,120.0,120.00000762939453,120.00000762939453,0.0,0.0,0.0,0.0,0.0,0.0
outer2,2,71,ba0f,120.0,150.0,120.00000762939453,113.54811096191406,-6.451896667480469,0.0,-30.0,0.0,0.0,0.0
outer2,2,71,ba0f,120.0,180.0,0.0,0.0,0.0,0.0,0.0,1.0,1.0,0.0
outer2,2,71,ba0f,120.0,210.0,51.31781005859375,60.000003814697266,8.682193756103516,60.0,-60.0,0.0,0.0,0.0
outer2,2,71,ba0f,120.0,240.0,0.0,120.00000762939453,120.00000762939453,0.0,180.0,1.0,0.0,-1.0
outer2,2,71,ba0f,120.0,270.0,41.40962219238281,60.000003814697266,18.590381622314453,30.0,-30.0,0.0,0.0,0.0
outer2,2,71,ba0f,120.0,300.0,0.0,180.0,180.0,60.0,180.0,1.0,0.0,-1.0
outer2,2,71,ba0f,120.0,330.0,0.0,97.18075561523438,97.18075561523438,0.0,120.0,1.0,0.0,-1.0
outer2,2,71,ba0f,150.0,0.0,60.000003814697266,90.0,29.999996185302734,30.0,0.0,0.0,0.0,0.0
outer2,2,71,ba0f,150.0,30.0,151.04498291015625,151.04498291015625,0.0,0.0,0.0,0.0,0.0,0.0
outer2,2,71,ba0f,150.0,60.0,128.68218994140625,165.12905883789062,36.446868896484375,0.0,90.0,0.0,0.0,0.0
outer2,2,71,ba0f,150.0,90.0,14.870942115783691,60.000003814697266,45.129061698913574,0.0,150.0,0.0,0.0,0.0
outer2,2,71,ba0f,150.0,120.0,0.0,60.000003814697266,60.000003814697266,0.0,180.0,1.0,0.0,-1.0
outer2,2,71,ba0f,150.0,150.0,0.0,60.000003814697266,60.000003814697266,0.0,180.0,1.0,0.0,-1.0
outer2,2,71,ba0f,150.0,180.0,29.99998664855957,90.0,60.00001335144043,0.0,180.0,0.0,0.0,0.0
outer2,2,71,ba0f,150.0,210.0,128.68218994140625,151.04498291015625,22.36279296875,0.0,60.0,0.0,0.0,0.0
outer2,2,71,ba0f,150.0,240.0,151.04498291015625,128.68218994140625,-22.36279296875,0.0,-60.0,0.0,0.0,0.0
outer2,2,71,ba0f,150.0,270.0,14.870942115783691,120.00000762939453,105.12906551361084,120.0,-30.0,0.0,0.0,0.0
outer2,2,71,ba0f,150.0,300.0,60.000003814697266,0.0,-60.000003814697266,0.0,-180.0,0.0,1.0,1.0
outer2,2,71,ba0f,150.0,330.0,0.0,0.0,0.0,0.0,0.0,1.0,1.0,0.0
outer2,2,71,bb7c,30.0,0.0,0.0,30.000001907348633,30.000001907348633,30.0,0.0,1.0,0.0,-1.0
outer2,2,71,bb7c,30.0,30.0,0.0,0.0,0.0,0.0,0.0,1.0,1.0,0.0
outer2,2,71,bb7c,30.0,60.0,0.0,0.0,0.0,0.0,0.0,1.0,1.0,0.0
outer2,2,71,bb7c,30.0,90.0,0.0,0.0,0.0,0.0,0.0,1.0,1.0,0.0
outer2,2,71,bb7c,30.0,120.0,0.0,0.0,0.0,0.0,0.0,1.0,1.0,0.0
outer2,2,71,bb7c,30.0,150.0,0.0,0.0,0.0,0.0,0.0,1.0,1.0,0.0
outer2,2,71,bb7c,30.0,180.0,0.0,90.0,90.0,30.0,180.0,1.0,0.0,-1.0
outer2,2,71,bb7c,30.0,210.0,0.0,0.0,0.0,0.0,0.0,1.0,1.0,0.0
outer2,2,71,bb7c,30.0,240.0,0.0,0.0,0.0,0.0,0.0,1.0,1.0,0.0
outer2,2,71,bb7c,30.0,270.0,0.0,0.0,0.0,0.0,0.0,1.0,1.0,0.0
outer2,2,71,bb7c,30.0,300.0,0.0,0.0,0.0,0.0,0.0,1.0,1.0,0.0
outer2,2,71,bb7c,30.0,330.0,0.0,0.0,0.0,0.0,0.0,1.0,1.0,0.0
outer2,2,71,bb7c,60.0,0.0,0.0,0.0,0.0,0.0,0.0,1.0,1.0,0.0
outer2,2,71,bb7c,60.0,30.0,0.0,0.0,0.0,0.0,0.0,1.0,1.0,0.0
outer2,2,71,bb7c,60.0,60.0,0.0,51.31781005859375,51.31781005859375,0.0,60.0,1.0,0.0,-1.0
outer2,2,71,bb7c,60.0,90.0,0.0,0.0,0.0,0.0,0.0,1.0,1.0,0.0
outer2,2,71,bb7c,60.0,120.0,0.0,0.0,0.0,0.0,0.0,1.0,1.0,0.0
outer2,2,71,bb7c,60.0,150.0,0.0,0.0,0.0,0.0,0.0,1.0,1.0,0.0
outer2,2,71,bb7c,60.0,180.0,120.00000762939453,0.0,-120.00000762939453,0.0,-180.0,0.0,1.0,1.0
outer2,2,71,bb7c,60.0,210.0,0.0,82.81924438476562,82.81924438476562,60.0,60.0,1.0,0.0,-1.0
outer2,2,71,bb7c,60.0,240.0,0.0,0.0,0.0,0.0,0.0,1.0,1.0,0.0
outer2,2,71,bb7c,60.0,270.0,0.0,120.00000762939453,120.00000762939453,0.0,180.0,1.0,0.0,-1.0
outer2,2,71,bb7c,60.0,300.0,0.0,0.0,0.0,0.0,0.0,1.0,1.0,0.0
outer2,2,71,bb7c,60.0,330.0,0.0,0.0,0.0,0.0,0.0,1.0,1.0,0.0
outer2,2,71,bb7c,90.0,0.0,0.0,0.0,0.0,0.0,0.0,1.0,1.0,0.0
outer2,2,71,bb7c,90.0,30.0,180.0,180.0,0.0,0.0,0.0,0.0,0.0,0.0
outer2,2,71,bb7c,90.0,60.0,41.40962219238281,119.99999237060547,78.59037017822266,-30.0,90.0,0.0,0.0,0.0
outer2,2,71,bb7c,90.0,90.0,0.0,180.0,180.0,0.0,180.0,1.0,0.0,-1.0
outer2,2,71,bb7c,90.0,120.0,0.0,180.0,180.0,0.0,180.0,1.0,0.0,-1.0
outer2,2,71,bb7c,90.0,150.0,180.0,180.0,0.0,0.0,0.0,0.0,0.0,0.0
outer2,2,71,bb7c,90.0,180.0,180.0,180.0,0.0,0.0,0.0,0.0,0.0,0.0
outer2,2,71,bb7c,90.0,210.0,0.0,0.0,0.0,0.0,0.0,1.0,1.0,0.0
outer2,2,71,bb7c,90.0,240.0,0.0,180.0,180.0,0.0,180.0,1.0,0.0,-1.0
outer2,2,71,bb7c,90.0,270.0,0.0,0.0,0.0,0.0,0.0,1.0,1.0,0.0
outer2,2,71,bb7c,90.0,300.0,180.0,0.0,-180.0,0.0,-180.0,0.0,1.0,1.0
outer2,2,71,bb7c,90.0,330.0,0.0,0.0,0.0,0.0,0.0,1.0,1.0,0.0
outer2,2,71,bb7c,120.0,0.0,0.0,0.0,0.0,0.0,0.0,1.0,1.0,0.0
outer2,2,71,bb7c,120.0,30.0,0.0,0.0,0.0,0.0,0.0,1.0,1.0,0.0
outer2,2,71,bb7c,120.0,60.0,0.0,0.0,0.0,0.0,0.0,1.0,1.0,0.0
outer2,2,71,bb7c,120.0,90.0,0.0,0.0,0.0,0.0,0.0,1.0,1.0,0.0
outer2,2,71,bb7c,120.0,120.0,0.0,0.0,0.0,0.0,0.0,1.0,1.0,0.0
outer2,2,71,bb7c,120.0,150.0,0.0,0.0,0.0,0.0,0.0,1.0,1.0,0.0
outer2,2,71,bb7c,120.0,180.0,0.0,0.0,0.0,0.0,0.0,1.0,1.0,0.0
outer2,2,71,bb7c,120.0,210.0,0.0,25.905075073242188,25.905075073242188,0.0,30.0,1.0,0.0,-1.0
outer2,2,71,bb7c,120.0,240.0,0.0,0.0,0.0,0.0,0.0,1.0,1.0,0.0
outer2,2,71,bb7c,120.0,270.0,25.905075073242188,120.00000762939453,94.09493255615234,0.0,150.0,0.0,0.0,0.0
outer2,2,71,bb7c,120.0,300.0,0.0,0.0,0.0,0.0,0.0,1.0,1.0,0.0
outer2,2,71,bb7c,120.0,330.0,0.0,82.81924438476562,82.81924438476562,60.0,60.0,1.0,0.0,-1.0
outer2,2,71,bb7c,150.0,0.0,0.0,29.99998664855957,29.99998664855957,30.0,0.0,1.0,0.0,-1.0
outer2,2,71,bb7c,150.0,30.0,0.0,0.0,0.0,0.0,0.0,1.0,1.0,0.0
outer2,2,71,bb7c,150.0,60.0,0.0,0.0,0.0,0.0,0.0,1.0,1.0,0.0
outer2,2,71,bb7c,150.0,90.0,0.0,0.0,0.0,0.0,0.0,1.0,1.0,0.0
outer2,2,71,bb7c,150.0,120.0,0.0,0.0,0.0,0.0,0.0,1.0,1.0,0.0
outer2,2,71,bb7c,150.0,150.0,0.0,0.0,0.0,0.0,0.0,1.0,1.0,0.0
outer2,2,71,bb7c,150.0,180.0,0.0,90.0,90.0,30.0,180.0,1.0,0.0,-1.0
outer2,2,71,bb7c,150.0,210.0,0.0,0.0,0.0,0.0,0.0,1.0,1.0,0.0
outer2,2,71,bb7c,150.0,240.0,0.0,0.0,0.0,0.0,0.0,1.0,1.0,0.0
outer2,2,71,bb7c,150.0,270.0,0.0,0.0,0.0,0.0,0.0,1.0,1.0,0.0
outer2,2,71,bb7c,150.0,300.0,0.0,0.0,0.0,0.0,0.0,1.0,1.0,0.0
outer2,2,71,bb7c,150.0,330.0,0.0,0.0,0.0,0.0,0.0,1.0,1.0,0.0
outer2,2,72,b7c1,30.0,0.0,0.0,0.0,0.0,0.0,0.0,1.0,1.0,0.0
outer2,2,72,b7c1,30.0,30.0,0.0,0.0,0.0,0.0,0.0,1.0,1.0,0.0
outer2,2,72,b7c1,30.0,60.0,0.0,0.0,0.0,0.0,0.0,1.0,1.0,0.0
outer2,2,72,b7c1,30.0,90.0,0.0,0.0,0.0,0.0,0.0,1.0,1.0,0.0
outer2,2,72,b7c1,30.0,120.0,0.0,0.0,0.0,0.0,0.0,1.0,1.0,0.0
outer2,2,72,b7c1,30.0,150.0,0.0,0.0,0.0,0.0,0.0,1.0,1.0,0.0
outer2,2,72,b7c1,30.0,180.0,0.0,0.0,0.0,0.0,0.0,1.0,1.0,0.0
outer2,2,72,b7c1,30.0,210.0,0.0,0.0,0.0,0.0,0.0,1.0,1.0,0.0
outer2,2,72,b7c1,30.0,240.0,0.0,0.0,0.0,0.0,0.0,1.0,1.0,0.0
outer2,2,72,b7c1,30.0,270.0,0.0,0.0,0.0,0.0,0.0,1.0,1.0,0.0
outer2,2,72,b7c1,30.0,300.0,0.0,0.0,0.0,0.0,0.0,1.0,1.0,0.0
outer2,2,72,b7c1,30.0,330.0,0.0,0.0,0.0,0.0,0.0,1.0,1.0,0.0
outer2,2,72,b7c1,60.0,0.0,0.0,0.0,0.0,0.0,0.0,1.0,1.0,0.0
outer2,2,72,b7c1,60.0,30.0,0.0,120.00000762939453,120.00000762939453,0.0,180.0,1.0,0.0,-1.0
outer2,2,72,b7c1,60.0,60.0,0.0,0.0,0.0,0.0,0.0,1.0,1.0,0.0
outer2,2,72,b7c1,60.0,90.0,0.0,0.0,0.0,0.0,0.0,1.0,1.0,0.0
outer2,2,72,b7c1,60.0,120.0,0.0,0.0,0.0,0.0,0.0,1.0,1.0,0.0
outer2,2,72,b7c1,60.0,150.0,0.0,0.0,0.0,0.0,0.0,1.0,1.0,0.0
outer2,2,72,b7c1,60.0,180.0,0.0,0.0,0.0,0.0,0.0,1.0,1.0,0.0
outer2,2,72,b7c1,60.0,210.0,0.0,0.0,0.0,0.0,0.0,1.0,1.0,0.0
outer2,2,72,b7c1,60.0,240.0,0.0,0.0,0.0,0.0,0.0,1.0,1.0,0.0
outer2,2,72,b7c1,60.0,270.0,0.0,0.0,0.0,0.0,0.0,1.0,1.0,0.0
outer2,2,72,b7c1,60.0,300.0,0.0,0.0,0.0,0.0,0.0,1.0,1.0,0.0
outer2,2,72,b7c1,60.0,330.0,0.0,0.0,0.0,0.0,0.0,1.0,1.0,0.0
outer2,2,72,b7c1,90.0,0.0,180.0,0.0,-180.0,0.0,-180.0,0.0,1.0,1.0
outer2,2,72,b7c1,90.0,30.0,180.0,0.0,-180.0,0.0,-180.0,0.0,1.0,1.0
outer2,2,72,b7c1,90.0,60.0,0.0,0.0,0.0,0.0,0.0,1.0,1.0,0.0
outer2,2,72,b7c1,90.0,90.0,180.0,0.0,-180.0,0.0,-180.0,0.0,1.0,1.0
outer2,2,72,b7c1,90.0,120.0,120.00000762939453,180.0,59.99999237060547,0.0,60.0,0.0,0.0,0.0
outer2,2,72,b7c1,90.0,150.0,120.00000762939453,120.00000762939453,0.0,0.0,0.0,0.0,0.0,0.0
outer2,2,72,b7c1,90.0,180.0,180.0,180.0,0.0,0.0,0.0,0.0,0.0,0.0
outer2,2,72,b7c1,90.0,210.0,0.0,180.0,180.0,0.0,180.0,1.0,0.0,-1.0
outer2,2,72,b7c1,90.0,240.0,0.0,180.0,180.0,0.0,180.0,1.0,0.0,-1.0
outer2,2,72,b7c1,90.0,270.0,0.0,180.0,180.0,0.0,180.0,1.0,0.0,-1.0
outer2,2,72,b7c1,90.0,300.0,0.0,0.0,0.0,0.0,0.0,1.0,1.0,0.0
outer2,2,72,b7c1,90.0,330.0,60.00000762939453,60.00000762939453,0.0,0.0,0.0,0.0,0.0,0.0
outer2,2,72,b7c1,120.0,0.0,0.0,0.0,0.0,0.0,0.0,1.0,1.0,0.0
outer2,2,72,b7c1,120.0,30.0,0.0,0.0,0.0,0.0,0.0,1.0,1.0,0.0
outer2,2,72,b7c1,120.0,60.0,0.0,0.0,0.0,0.0,0.0,1.0,1.0,0.0
outer2,2,72,b7c1,120.0,90.0,0.0,0.0,0.0,0.0,0.0,1.0,1.0,0.0
outer2,2,72,b7c1,120.0,120.0,0.0,0.0,0.0,0.0,0.0,1.0,1.0,0.0
outer2,2,72,b7c1,120.0,150.0,0.0,0.0,0.0,0.0,0.0,1.0,1.0,0.0
outer2,2,72,b7c1,120.0,180.0,0.0,0.0,0.0,0.0,0.0,1.0,1.0,0.0
outer2,2,72,b7c1,120.0,210.0,0.0,120.00000762939453,120.00000762939453,0.0,180.0,1.0,0.0,-1.0
outer2,2,72,b7c1,120.0,240.0,0.0,0.0,0.0,0.0,0.0,1.0,1.0,0.0
outer2,2,72,b7c1,120.0,270.0,0.0,0.0,0.0,0.0,0.0,1.0,1.0,0.0
outer2,2,72,b7c1,120.0,300.0,0.0,0.0,0.0,0.0,0.0,1.0,1.0,0.0
outer2,2,72,b7c1,120.0,330.0,0.0,0.0,0.0,0.0,0.0,1.0,1.0,0.0
outer2,2,72,b7c1,150.0,0.0,0.0,0.0,0.0,0.0,0.0,1.0,1.0,0.0
outer2,2,72,b7c1,150.0,30.0,0.0,0.0,0.0,0.0,0.0,1.0,1.0,0.0
outer2,2,72,b7c1,150.0,60.0,0.0,0.0,0.0,0.0,0.0,1.0,1.0,0.0
outer2,2,72,b7c1,150.0,90.0,0.0,0.0,0.0,0.0,0.0,1.0,1.0,0.0
outer2,2,72,b7c1,150.0,120.0,0.0,0.0,0.0,0.0,0.0,1.0,1.0,0.0
outer2,2,72,b7c1,150.0,150.0,0.0,0.0,0.0,0.0,0.0,1.0,1.0,0.0
outer2,2,72,b7c1,150.0,180.0,0.0,90.0,90.0,30.0,180.0,1.0,0.0,-1.0
outer2,2,72,b7c1,150.0,210.0,0.0,60.000003814697266,60.000003814697266,0.0,180.0,1.0,0.0,-1.0
outer2,2,72,b7c1,150.0,240.0,0.0,0.0,0.0,0.0,0.0,1.0,1.0,0.0
outer2,2,72,b7c1,150.0,270.0,0.0,0.0,0.0,0.0,0.0,1.0,1.0,0.0
outer2,2,72,b7c1,150.0,300.0,0.0,0.0,0.0,0.0,0.0,1.0,1.0,0.0
outer2,2,72,b7c1,150.0,330.0,0.0,0.0,0.0,0.0,0.0,1.0,1.0,0.0
outer2,2,72,b80b,30.0,0.0,0.0,0.0,0.0,0.0,0.0,1.0,1.0,0.0
outer2,2,72,b80b,30.0,30.0,0.0,0.0,0.0,0.0,0.0,1.0,1.0,0.0
outer2,2,72,b80b,30.0,60.0,0.0,0.0,0.0,0.0,0.0,1.0,1.0,0.0
outer2,2,72,b80b,30.0,90.0,0.0,0.0,0.0,0.0,0.0,1.0,1.0,0.0
outer2,2,72,b80b,30.0,120.0,0.0,0.0,0.0,0.0,0.0,1.0,1.0,0.0
outer2,2,72,b80b,30.0,150.0,0.0,0.0,0.0,0.0,0.0,1.0,1.0,0.0
outer2,2,72,b80b,30.0,180.0,0.0,0.0,0.0,0.0,0.0,1.0,1.0,0.0
outer2,2,72,b80b,30.0,210.0,0.0,0.0,0.0,0.0,0.0,1.0,1.0,0.0
outer2,2,72,b80b,30.0,240.0,0.0,0.0,0.0,0.0,0.0,1.0,1.0,0.0
outer2,2,72,b80b,30.0,270.0,0.0,0.0,0.0,0.0,0.0,1.0,1.0,0.0
outer2,2,72,b80b,30.0,300.0,0.0,0.0,0.0,0.0,0.0,1.0,1.0,0.0
outer2,2,72,b80b,30.0,330.0,0.0,0.0,0.0,0.0,0.0,1.0,1.0,0.0
outer2,2,72,b80b,60.0,0.0,0.0,0.0,0.0,0.0,0.0,1.0,1.0,0.0
outer2,2,72,b80b,60.0,30.0,0.0,0.0,0.0,0.0,0.0,1.0,1.0,0.0
outer2,2,72,b80b,60.0,60.0,0.0,0.0,0.0,0.0,0.0,1.0,1.0,0.0
outer2,2,72,b80b,60.0,90.0,0.0,0.0,0.0,0.0,0.0,1.0,1.0,0.0
outer2,2,72,b80b,60.0,120.0,0.0,0.0,0.0,0.0,0.0,1.0,1.0,0.0
outer2,2,72,b80b,60.0,150.0,0.0,0.0,0.0,0.0,0.0,1.0,1.0,0.0
outer2,2,72,b80b,60.0,180.0,0.0,0.0,0.0,0.0,0.0,1.0,1.0,0.0
outer2,2,72,b80b,60.0,210.0,0.0,0.0,0.0,0.0,0.0,1.0,1.0,0.0
outer2,2,72,b80b,60.0,240.0,0.0,0.0,0.0,0.0,0.0,1.0,1.0,0.0
outer2,2,72,b80b,60.0,270.0,0.0,0.0,0.0,0.0,0.0,1.0,1.0,0.0
outer2,2,72,b80b,60.0,300.0,0.0,0.0,0.0,0.0,0.0,1.0,1.0,0.0
outer2,2,72,b80b,60.0,330.0,0.0,0.0,0.0,0.0,0.0,1.0,1.0,0.0
outer2,2,72,b80b,90.0,0.0,180.0,0.0,-180.0,0.0,-180.0,0.0,1.0,1.0
outer2,2,72,b80b,90.0,30.0,0.0,0.0,0.0,0.0,0.0,1.0,1.0,0.0
outer2,2,72,b80b,90.0,60.0,0.0,0.0,0.0,0.0,0.0,1.0,1.0,0.0
outer2,2,72,b80b,90.0,90.0,0.0,0.0,0.0,0.0,0.0,1.0,1.0,0.0
outer2,2,72,b80b,90.0,120.0,0.0,0.0,0.0,0.0,0.0,1.0,1.0,0.0
outer2,2,72,b80b,90.0,150.0,0.0,120.00000762939453,120.00000762939453,0.0,120.0,1.0,0.0,-1.0
outer2,2,72,b80b,90.0,180.0,0.0,180.0,180.0,0.0,180.0,1.0,0.0,-1.0
outer2,2,72,b80b,90.0,210.0,0.0,180.0,180.0,0.0,180.0,1.0,0.0,-1.0
outer2,2,72,b80b,90.0,240.0,0.0,180.0,180.0,0.0,180.0,1.0,0.0,-1.0
outer2,2,72,b80b,90.0,270.0,0.0,180.0,180.0,0.0,180.0,1.0,0.0,-1.0
outer2,2,72,b80b,90.0,300.0,0.0,0.0,0.0,0.0,0.0,1.0,1.0,0.0
outer2,2,72,b80b,90.0,330.0,0.0,60.00000762939453,60.00000762939453,0.0,60.0,1.0,0.0,-1.0
outer2,2,72,b80b,120.0,0.0,0.0,0.0,0.0,0.0,0.0,1.0,1.0,0.0
outer2,2,72,b80b,120.0,30.0,0.0,0.0,0.0,0.0,0.0,1.0,1.0,0.0
outer2,2,72,b80b,120.0,60.0,0.0,0.0,0.0,0.0,0.0,1.0,1.0,0.0
outer2,2,72,b80b,120.0,90.0,0.0,0.0,0.0,0.0,0.0,1.0,1.0,0.0
outer2,2,72,b80b,120.0,120.0,0.0,0.0,0.0,0.0,0.0,1.0,1.0,0.0
outer2,2,72,b80b,120.0,150.0,0.0,0.0,0.0,0.0,0.0,1.0,1.0,0.0
outer2,2,72,b80b,120.0,180.0,0.0,0.0,0.0,0.0,0.0,1.0,1.0,0.0
outer2,2,72,b80b,120.0,210.0,0.0,0.0,0.0,0.0,0.0,1.0,1.0,0.0
outer2,2,72,b80b,120.0,240.0,0.0,0.0,0.0,0.0,0.0,1.0,1.0,0.0
outer2,2,72,b80b,120.0,270.0,0.0,0.0,0.0,0.0,0.0,1.0,1.0,0.0
outer2,2,72,b80b,120.0,300.0,0.0,0.0,0.0,0.0,0.0,1.0,1.0,0.0
outer2,2,72,b80b,120.0,330.0,0.0,0.0,0.0,0.0,0.0,1.0,1.0,0.0
outer2,2,72,b80b,150.0,0.0,0.0,0.0,0.0,0.0,0.0,1.0,1.0,0.0
outer2,2,72,b80b,150.0,30.0,0.0,0.0,0.0,0.0,0.0,1.0,1.0,0.0
outer2,2,72,b80b,150.0,60.0,0.0,0.0,0.0,0.0,0.0,1.0,1.0,0.0
outer2,2,72,b80b,150.0,90.0,0.0,0.0,0.0,0.0,0.0,1.0,1.0,0.0
outer2,2,72,b80b,150.0,120.0,0.0,0.0,0.0,0.0,0.0,1.0,1.0,0.0
outer2,2,72,b80b,150.0,150.0,0.0,0.0,0.0,0.0,0.0,1.0,1.0,0.0
outer2,2,72,b80b,150.0,180.0,0.0,0.0,0.0,0.0,0.0,1.0,1.0,0.0
outer2,2,72,b80b,150.0,210.0,0.0,0.0,0.0,0.0,0.0,1.0,1.0,0.0
outer2,2,72,b80b,150.0,240.0,0.0,0.0,0.0,0.0,0.0,1.0,1.0,0.0
outer2,2,72,b80b,150.0,270.0,0.0,0.0,0.0,0.0,0.0,1.0,1.0,0.0
outer2,2,72,b80b,150.0,300.0,0.0,0.0,0.0,0.0,0.0,1.0,1.0,0.0
outer2,2,72,b80b,150.0,330.0,0.0,0.0,0.0,0.0,0.0,1.0,1.0,0.0
outer2,2,72,b9e6,30.0,0.0,0.0,0.0,0.0,0.0,0.0,1.0,1.0,0.0
outer2,2,72,b9e6,30.0,30.0,0.0,0.0,0.0,0.0,0.0,1.0,1.0,0.0
outer2,2,72,b9e6,30.0,60.0,0.0,0.0,0.0,0.0,0.0,1.0,1.0,0.0
outer2,2,72,b9e6,30.0,90.0,0.0,0.0,0.0,0.0,0.0,1.0,1.0,0.0
outer2,2,72,b9e6,30.0,120.0,0.0,0.0,0.0,0.0,0.0,1.0,1.0,0.0
outer2,2,72,b9e6,30.0,150.0,0.0,0.0,0.0,0.0,0.0,1.0,1.0,0.0
outer2,2,72,b9e6,30.0,180.0,0.0,0.0,0.0,0.0,0.0,1.0,1.0,0.0
outer2,2,72,b9e6,30.0,210.0,0.0,0.0,0.0,0.0,0.0,1.0,1.0,0.0
outer2,2,72,b9e6,30.0,240.0,0.0,0.0,0.0,0.0,0.0,1.0,1.0,0.0
outer2,2,72,b9e6,30.0,270.0,0.0,0.0,0.0,0.0,0.0,1.0,1.0,0.0
outer2,2,72,b9e6,30.0,300.0,0.0,0.0,0.0,0.0,0.0,1.0,1.0,0.0
outer2,2,72,b9e6,30.0,330.0,0.0,0.0,0.0,0.0,0.0,1.0,1.0,0.0
outer2,2,72,b9e6,60.0,0.0,0.0,30.000001907348633,30.000001907348633,30.0,0.0,1.0,0.0,-1.0
outer2,2,72,b9e6,60.0,30.0,0.0,0.0,0.0,0.0,0.0,1.0,1.0,0.0
outer2,2,72,b9e6,60.0,60.0,0.0,0.0,0.0,0.0,0.0,1.0,1.0,0.0
outer2,2,72,b9e6,60.0,90.0,0.0,0.0,0.0,0.0,0.0,1.0,1.0,0.0
outer2,2,72,b9e6,60.0,120.0,0.0,0.0,0.0,0.0,0.0,1.0,1.0,0.0
outer2,2,72,b9e6,60.0,150.0,0.0,0.0,0.0,0.0,0.0,1.0,1.0,0.0
outer2,2,72,b9e6,60.0,180.0,0.0,30.000001907348633,30.000001907348633,30.0,0.0,1.0,0.0,-1.0
outer2,2,72,b9e6,60.0,210.0,120.00000762939453,0.0,-120.00000762939453,0.0,-180.0,0.0,1.0,1.0
outer2,2,72,b9e6,60.0,240.0,0.0,0.0,0.0,0.0,0.0,1.0,1.0,0.0
outer2,2,72,b9e6,60.0,270.0,0.0,0.0,0.0,0.0,0.0,1.0,1.0,0.0
outer2,2,72,b9e6,60.0,300.0,0.0,0.0,0.0,0.0,0.0,1.0,1.0,0.0
outer2,2,72,b9e6,60.0,330.0,0.0,0.0,0.0,0.0,0.0,1.0,1.0,0.0
outer2,2,72,b9e6,90.0,0.0,180.0,0.0,-180.0,0.0,-180.0,0.0,1.0,1.0
outer2,2,72,b9e6,90.0,30.0,0.0,0.0,0.0,0.0,0.0,1.0,1.0,0.0
outer2,2,72,b9e6,90.0,60.0,0.0,0.0,0.0,0.0,0.0,1.0,1.0,0.0
outer2,2,72,b9e6,90.0,90.0,180.0,0.0,-180.0,0.0,-180.0,0.0,1.0,1.0
outer2,2,72,b9e6,90.0,120.0,120.00000762939453,0.0,-120.00000762939453,0.0,-120.0,0.0,1.0,1.0
outer2,2,72,b9e6,90.0,150.0,0.0,120.00000762939453,120.00000762939453,0.0,120.0,1.0,0.0,-1.0
outer2,2,72,b9e6,90.0,180.0,0.0,180.0,180.0,0.0,180.0,1.0,0.0,-1.0
outer2,2,72,b9e6,90.0,210.0,0.0,180.0,180.0,0.0,180.0,1.0,0.0,-1.0
outer2,2,72,b9e6,90.0,240.0,0.0,180.0,180.0,0.0,180.0,1.0,0.0,-1.0
outer2,2,72,b9e6,90.0,270.0,0.0,180.0,180.0,0.0,180.0,1.0,0.0,-1.0
outer2,2,72,b9e6,90.0,300.0,60.000003814697266,180.0,119.99999618530273,0.0,120.0,0.0,0.0,0.0
outer2,2,72,b9e6,90.0,330.0,180.0,60.00000762939453,-119.99999237060547,0.0,-120.0,0.0,0.0,0.0
outer2,2,72,b9e6,120.0,0.0,0.0,0.0,0.0,0.0,0.0,1.0,1.0,0.0
outer2,2,72,b9e6,120.0,30.0,0.0,0.0,0.0,0.0,0.0,1.0,1.0,0.0
outer2,2,72,b9e6,120.0,60.0,0.0,0.0,0.0,0.0,0.0,1.0,1.0,0.0
outer2,2,72,b9e6,120.0,90.0,0.0,0.0,0.0,0.0,0.0,1.0,1.0,0.0
outer2,2,72,b9e6,120.0,120.0,0.0,0.0,0.0,0.0,0.0,1.0,1.0,0.0
outer2,2,72,b9e6,120.0,150.0,0.0,51.31781005859375,51.31781005859375,0.0,60.0,1.0,0.0,-1.0
outer2,2,72,b9e6,120.0,180.0,0.0,0.0,0.0,0.0,0.0,1.0,1.0,0.0
outer2,2,72,b9e6,120.0,210.0,120.00000762939453,120.00000762939453,0.0,0.0,0.0,0.0,0.0,0.0
outer2,2,72,b9e6,120.0,240.0,0.0,0.0,0.0,0.0,0.0,1.0,1.0,0.0
outer2,2,72,b9e6,120.0,270.0,0.0,0.0,0.0,0.0,0.0,1.0,1.0,0.0
outer2,2,72,b9e6,120.0,300.0,0.0,0.0,0.0,0.0,0.0,1.0,1.0,0.0
outer2,2,72,b9e6,120.0,330.0,0.0,0.0,0.0,0.0,0.0,1.0,1.0,0.0
outer2,2,72,b9e6,150.0,0.0,0.0,0.0,0.0,0.0,0.0,1.0,1.0,0.0
outer2,2,72,b9e6,150.0,30.0,0.0,0.0,0.0,0.0,0.0,1.0,1.0,0.0
outer2,2,72,b9e6,150.0,60.0,0.0,0.0,0.0,0.0,0.0,1.0,1.0,0.0
outer2,2,72,b9e6,150.0,90.0,0.0,0.0,0.0,0.0,0.0,1.0,1.0,0.0
outer2,2,72,b9e6,150.0,120.0,0.0,0.0,0.0,0.0,0.0,1.0,1.0,0.0
outer2,2,72,b9e6,150.0,150.0,0.0,0.0,0.0,0.0,0.0,1.0,1.0,0.0
outer2,2,72,b9e6,150.0,180.0,0.0,0.0,0.0,0.0,0.0,1.0,1.0,0.0
outer2,2,72,b9e6,150.0,210.0,0.0,0.0,0.0,0.0,0.0,1.0,1.0,0.0
outer2,2,72,b9e6,150.0,240.0,0.0,0.0,0.0,0.0,0.0,1.0,1.0,0.0
outer2,2,72,b9e6,150.0,270.0,0.0,0.0,0.0,0.0,0.0,1.0,1.0,0.0
outer2,2,72,b9e6,150.0,300.0,0.0,0.0,0.0,0.0,0.0,1.0,1.0,0.0
outer2,2,72,b9e6,150.0,330.0,0.0,0.0,0.0,0.0,0.0,1.0,1.0,0.0
outer2,2,72,ba0f,30.0,0.0,150.0,90.0,-60.0,0.0,-180.0,0.0,0.0,0.0
outer2,2,72,ba0f,30.0,30.0,151.04498291015625,60.000003814697266,-91.04497909545898,-120.0,60.0,0.0,0.0,0.0
outer2,2,72,ba0f,30.0,60.0,122.24180603027344,128.68218994140625,6.4403839111328125,0.0,30.0,0.0,0.0,0.0
outer2,2,72,ba0f,30.0,90.0,57.7581901550293,120.00000762939453,62.241817474365234,120.0,-150.0,0.0,0.0,0.0
outer2,2,72,ba0f,30.0,120.0,0.0,60.000003814697266,60.000003814697266,0.0,180.0,1.0,0.0,-1.0
outer2,2,72,ba0f,30.0,150.0,60.000003814697266,60.000003814697266,0.0,0.0,0.0,0.0,0.0,0.0
outer2,2,72,ba0f,30.0,180.0,0.0,150.0,150.0,90.0,180.0,1.0,0.0,-1.0
outer2,2,72,ba0f,30.0,210.0,151.04498291015625,151.04498291015625,0.0,0.0,0.0,0.0,0.0,0.0
outer2,2,72,ba0f,30.0,240.0,165.12905883789062,151.04498291015625,-14.084075927734375,0.0,-30.0,0.0,0.0,0.0
outer2,2,72,ba0f,30.0,270.0,120.00000762939453,120.00000762939453,0.0,0.0,0.0,0.0,0.0,0.0
outer2,2,72,ba0f,30.0,300.0,60.000003814697266,0.0,-60.000003814697266,0.0,-180.0,0.0,1.0,1.0
outer2,2,72,ba0f,30.0,330.0,0.0,0.0,0.0,0.0,0.0,1.0,1.0,0.0
outer2,2,72,ba0f,60.0,0.0,0.0,30.000001907348633,30.000001907348633,30.0,0.0,1.0,0.0,-1.0
outer2,2,72,ba0f,60.0,30.0,0.0,120.00000762939453,120.00000762939453,0.0,180.0,1.0,0.0,-1.0
outer2,2,72,ba0f,60.0,60.0,0.0,120.00000762939453,120.00000762939453,0.0,180.0,1.0,0.0,-1.0
outer2,2,72,ba0f,60.0,90.0,41.40962219238281,29.999998092651367,-11.409624099731445,0.0,-30.0,0.0,0.0,0.0
outer2,2,72,ba0f,60.0,120.0,113.5481185913086,120.00000762939453,6.4518890380859375,0.0,30.0,0.0,0.0,0.0
outer2,2,72,ba0f,60.0,150.0,0.0,120.00000762939453,120.00000762939453,0.0,180.0,1.0,0.0,-1.0
outer2,2,72,ba0f,60.0,180.0,0.0,90.0,90.0,90.0,0.0,1.0,0.0,-1.0
outer2,2,72,ba0f,60.0,210.0,128.6822052001953,180.0,51.31779479980469,0.0,60.0,0.0,0.0,0.0
outer2,2,72,ba0f,60.0,240.0,90.0,0.0,-90.0,-30.0,-90.0,0.0,1.0,1.0
outer2,2,72,ba0f,60.0,270.0,29.999998092651367,150.0,120.00000190734863,0.0,180.0,0.0,0.0,0.0
outer2,2,72,ba0f,60.0,300.0,0.0,82.81924438476562,82.81924438476562,60.0,60.0,1.0,0.0,-1.0
outer2,2,72,ba0f,60.0,330.0,120.00000762939453,180.0,59.99999237060547,60.0,0.0,0.0,0.0,0.0
outer2,2,72,ba0f,90.0,0.0,180.0,0.0,-180.0,0.0,-180.0,0.0,1.0,1.0
outer2,2,72,ba0f,90.0,30.0,60.00000762939453,30.000001907348633,-30.0000057220459,0.0,-30.0,0.0,0.0,0.0
outer2,2,72,ba0f,90.0,60.0,60.000003814697266,0.0,-60.000003814697266,0.0,-60.0,0.0,1.0,1.0
outer2,2,72,ba0f,90.0,90.0,180.0,0.0,-180.0,0.0,-180.0,0.0,1.0,1.0
outer2,2,72,ba0f,90.0,120.0,0.0,60.000003814697266,60.000003814697266,0.0,60.0,1.0,0.0,-1.0
outer2,2,72,ba0f,90.0,150.0,180.0,150.0,-30.0,0.0,-30.0,0.0,0.0,0.0
outer2,2,72,ba0f,90.0,180.0,0.0,180.0,180.0,0.0,180.0,1.0,0.0,-1.0
outer2,2,72,ba0f,90.0,210.0,120.00000762939453,150.0,29.99999237060547,0.0,30.0,0.0,0.0,0.0
outer2,2,72,ba0f,90.0,240.0,120.00000762939453,120.00000762939453,0.0,0.0,0.0,0.0,0.0,0.0
outer2,2,72,ba0f,90.0,270.0,0.0,180.0,180.0,0.0,180.0,1.0,0.0,-1.0
outer2,2,72,ba0f,90.0,300.0,0.0,119.99999237060547,119.99999237060547,0.0,120.0,1.0,0.0,-1.0
outer2,2,72,ba0f,90.0,330.0,180.0,30.00000762939453,-149.99999237060547,0.0,-150.0,0.0,0.0,0.0
outer2,2,72,ba0f,120.0,0.0,0.0,0.0,0.0,0.0,0.0,1.0,1.0,0.0
outer2,2,72,ba0f,120.0,30.0,0.0,0.0,0.0,0.0,0.0,1.0,1.0,0.0
outer2,2,72,ba0f,120.0,60.0,0.0,120.00000762939453,120.00000762939453,0.0,180.0,1.0,0.0,-1.0
outer2,2,72,ba0f,120.0,90.0,30.000001907348633,30.000001907348633,0.0,0.0,0.0,0.0,0.0,0.0
outer2,2,72,ba0f,120.0,120.0,120.00000762939453,120.00000762939453,0.0,0.0,0.0,0.0,0.0,0.0
outer2,2,72,ba0f,120.0,150.0,120.00000762939453,180.0,59.99999237060547,60.0,0.0,0.0,0.0,0.0
outer2,2,72,ba0f,120.0,180.0,120.00000762939453,60.000003814697266,-60.000003814697266,60.0,-180.0,0.0,0.0,0.0
outer2,2,72,ba0f,120.0,210.0,82.81924438476562,60.000003814697266,-22.81924057006836,0.0,-60.0,0.0,0.0,0.0
outer2,2,72,ba0f,120.0,240.0,180.0,0.0,-180.0,-60.0,-180.0,0.0,1.0,1.0
outer2,2,72,ba0f,120.0,270.0,41.40962219238281,30.000001907348633,-11.40962028503418,0.0,-30.0,0.0,0.0,0.0
outer2,2,72,ba0f,120.0,300.0,0.0,180.0,180.0,60.0,180.0,1.0,0.0,-1.0
outer2,2,72,ba0f,120.0,330.0,0.0,51.31781005859375,51.31781005859375,0.0,60.0,1.0,0.0,-1.0
outer2,2,72,ba0f,150.0,0.0,90.0,29.99998664855957,-60.00001335144043,0.0,-180.0,0.0,0.0,0.0
outer2,2,72,ba0f,150.0,30.0,128.68218994140625,128.68218994140625,0.0,0.0,0.0,0.0,0.0,0.0
outer2,2,72,ba0f,150.0,60.0,28.95502281188965,138.59039306640625,109.6353702545166,120.0,30.0,0.0,0.0,0.0
outer2,2,72,ba0f,150.0,90.0,0.0,60.000003814697266,60.000003814697266,0.0,180.0,1.0,0.0,-1.0
outer2,2,72,ba0f,150.0,120.0,0.0,0.0,0.0,0.0,0.0,1.0,1.0,0.0
outer2,2,72,ba0f,150.0,150.0,0.0,60.000003814697266,60.000003814697266,0.0,180.0,1.0,0.0,-1.0
outer2,2,72,ba0f,150.0,180.0,90.0,90.0,0.0,0.0,0.0,0.0,0.0,0.0
outer2,2,72,ba0f,150.0,210.0,151.04498291015625,151.04498291015625,0.0,0.0,0.0,0.0,0.0,0.0
outer2,2,72,ba0f,150.0,240.0,165.12905883789062,128.68218994140625,-36.446868896484375,0.0,-90.0,0.0,0.0,0.0
outer2,2,72,ba0f,150.0,270.0,14.870942115783691,60.000003814697266,45.129061698913574,0.0,150.0,0.0,0.0,0.0
outer2,2,72,ba0f,150.0,300.0,60.000003814697266,0.0,-60.000003814697266,0.0,-180.0,0.0,1.0,1.0
outer2,2,72,ba0f,150.0,330.0,0.0,0.0,0.0,0.0,0.0,1.0,1.0,0.0
outer2,2,72,bb7c,30.0,0.0,0.0,30.000001907348633,30.000001907348633,30.0,0.0,1.0,0.0,-1.0
outer2,2,72,bb7c,30.0,30.0,0.0,0.0,0.0,0.0,0.0,1.0,1.0,0.0
outer2,2,72,bb7c,30.0,60.0,0.0,0.0,0.0,0.0,0.0,1.0,1.0,0.0
outer2,2,72,bb7c,30.0,90.0,0.0,0.0,0.0,0.0,0.0,1.0,1.0,0.0
outer2,2,72,bb7c,30.0,120.0,0.0,0.0,0.0,0.0,0.0,1.0,1.0,0.0
outer2,2,72,bb7c,30.0,150.0,0.0,0.0,0.0,0.0,0.0,1.0,1.0,0.0
outer2,2,72,bb7c,30.0,180.0,0.0,90.0,90.0,30.0,180.0,1.0,0.0,-1.0
outer2,2,72,bb7c,30.0,210.0,0.0,0.0,0.0,0.0,0.0,1.0,1.0,0.0
outer2,2,72,bb7c,30.0,240.0,0.0,0.0,0.0,0.0,0.0,1.0,1.0,0.0
outer2,2,72,bb7c,30.0,270.0,0.0,0.0,0.0,0.0,0.0,1.0,1.0,0.0
outer2,2,72,bb7c,30.0,300.0,0.0,0.0,0.0,0.0,0.0,1.0,1.0,0.0
outer2,2,72,bb7c,30.0,330.0,0.0,0.0,0.0,0.0,0.0,1.0,1.0,0.0
outer2,2,72,bb7c,60.0,0.0,0.0,0.0,0.0,0.0,0.0,1.0,1.0,0.0
outer2,2,72,bb7c,60.0,30.0,0.0,0.0,0.0,0.0,0.0,1.0,1.0,0.0
outer2,2,72,bb7c,60.0,60.0,0.0,0.0,0.0,0.0,0.0,1.0,1.0,0.0
outer2,2,72,bb7c,60.0,90.0,25.905075073242188,0.0,-25.905075073242188,0.0,-30.0,0.0,1.0,1.0
outer2,2,72,bb7c,60.0,120.0,0.0,0.0,0.0,0.0,0.0,1.0,1.0,0.0
outer2,2,72,bb7c,60.0,150.0,0.0,0.0,0.0,0.0,0.0,1.0,1.0,0.0
outer2,2,72,bb7c,60.0,180.0,0.0,120.00000762939453,120.00000762939453,0.0,180.0,1.0,0.0,-1.0
outer2,2,72,bb7c,60.0,210.0,82.81924438476562,82.81924438476562,0.0,0.0,0.0,0.0,0.0,0.0
outer2,2,72,bb7c,60.0,240.0,0.0,0.0,0.0,0.0,0.0,1.0,1.0,0.0
outer2,2,72,bb7c,60.0,270.0,60.000003814697266,180.0,119.99999618530273,0.0,180.0,0.0,0.0,0.0
outer2,2,72,bb7c,60.0,300.0,0.0,0.0,0.0,0.0,0.0,1.0,1.0,0.0
outer2,2,72,bb7c,60.0,330.0,0.0,0.0,0.0,0.0,0.0,1.0,1.0,0.0
outer2,2,72,bb7c,90.0,0.0,180.0,0.0,-180.0,0.0,-180.0,0.0,1.0,1.0
outer2,2,72,bb7c,90.0,30.0,0.0,0.0,0.0,0.0,0.0,1.0,1.0,0.0
outer2,2,72,bb7c,90.0,60.0,41.40962219238281,0.0,-41.40962219238281,-30.0,-30.0,0.0,1.0,1.0
outer2,2,72,bb7c,90.0,90.0,0.0,0.0,0.0,0.0,0.0,1.0,1.0,0.0
outer2,2,72,bb7c,90.0,120.0,180.0,180.0,0.0,0.0,0.0,0.0,0.0,0.0
outer2,2,72,bb7c,90.0,150.0,180.0,0.0,-180.0,0.0,-180.0,0.0,1.0,1.0
outer2,2,72,bb7c,90.0,180.0,0.0,180.0,180.0,0.0,180.0,1.0,0.0,-1.0
outer2,2,72,bb7c,90.0,210.0,0.0,180.0,180.0,0.0,180.0,1.0,0.0,-1.0
outer2,2,72,bb7c,90.0,240.0,0.0,180.0,180.0,0.0,180.0,1.0,0.0,-1.0
outer2,2,72,bb7c,90.0,270.0,0.0,180.0,180.0,0.0,180.0,1.0,0.0,-1.0
outer2,2,72,bb7c,90.0,300.0,180.0,0.0,-180.0,0.0,-180.0,0.0,1.0,1.0
outer2,2,72,bb7c,90.0,330.0,180.0,180.0,0.0,0.0,0.0,0.0,0.0,0.0
outer2,2,72,bb7c,120.0,0.0,0.0,0.0,0.0,0.0,0.0,1.0,1.0,0.0
outer2,2,72,bb7c,120.0,30.0,0.0,0.0,0.0,0.0,0.0,1.0,1.0,0.0
outer2,2,72,bb7c,120.0,60.0,0.0,0.0,0.0,0.0,0.0,1.0,1.0,0.0
outer2,2,72,bb7c,120.0,90.0,0.0,0.0,0.0,0.0,0.0,1.0,1.0,0.0
outer2,2,72,bb7c,120.0,120.0,0.0,0.0,0.0,0.0,0.0,1.0,1.0,0.0
outer2,2,72,bb7c,120.0,150.0,0.0,0.0,0.0,0.0,0.0,1.0,1.0,0.0
outer2,2,72,bb7c,120.0,180.0,0.0,0.0,0.0,0.0,0.0,1.0,1.0,0.0
outer2,2,72,bb7c,120.0,210.0,0.0,0.0,0.0,0.0,0.0,1.0,1.0,0.0
outer2,2,72,bb7c,120.0,240.0,128.6822052001953,97.18075561523438,-31.501449584960938,-60.0,0.0,0.0,0.0,0.0
outer2,2,72,bb7c,120.0,270.0,180.0,120.00000762939453,-59.99999237060547,-60.0,0.0,0.0,0.0,0.0
outer2,2,72,bb7c,120.0,300.0,0.0,0.0,0.0,0.0,0.0,1.0,1.0,0.0
outer2,2,72,bb7c,120.0,330.0,0.0,0.0,0.0,0.0,0.0,1.0,1.0,0.0
outer2,2,72,bb7c,150.0,0.0,0.0,29.99998664855957,29.99998664855957,30.0,0.0,1.0,0.0,-1.0
outer2,2,72,bb7c,150.0,30.0,0.0,0.0,0.0,0.0,0.0,1.0,1.0,0.0
outer2,2,72,bb7c,150.0,60.0,0.0,0.0,0.0,0.0,0.0,1.0,1.0,0.0
outer2,2,72,bb7c,150.0,90.0,0.0,0.0,0.0,0.0,0.0,1.0,1.0,0.0
outer2,2,72,bb7c,150.0,120.0,0.0,0.0,0.0,0.0,0.0,1.0,1.0,0.0
outer2,2,72,bb7c,150.0,150.0,0.0,0.0,0.0,0.0,0.0,1.0,1.0,0.0
outer2,2,72,bb7c,150.0,180.0,0.0,90.0,90.0,30.0,180.0,1.0,0.0,-1.0
outer2,2,72,bb7c,150.0,210.0,0.0,0.0,0.0,0.0,0.0,1.0,1.0,0.0
outer2,2,72,bb7c,150.0,240.0,0.0,0.0,0.0,0.0,0.0,1.0,1.0,0.0
outer2,2,72,bb7c,150.0,270.0,0.0,0.0,0.0,0.0,0.0,1.0,1.0,0.0
outer2,2,72,bb7c,150.0,300.0,0.0,0.0,0.0,0.0,0.0,1.0,1.0,0.0
outer2,2,72,bb7c,150.0,330.0,0.0,0.0,0.0,0.0,0.0,1.0,1.0,0.0
outer2,2,73,b7c1,30.0,0.0,0.0,0.0,0.0,0.0,0.0,1.0,1.0,0.0
outer2,2,73,b7c1,30.0,30.0,0.0,0.0,0.0,0.0,0.0,1.0,1.0,0.0
outer2,2,73,b7c1,30.0,60.0,0.0,0.0,0.0,0.0,0.0,1.0,1.0,0.0
outer2,2,73,b7c1,30.0,90.0,0.0,0.0,0.0,0.0,0.0,1.0,1.0,0.0
outer2,2,73,b7c1,30.0,120.0,0.0,0.0,0.0,0.0,0.0,1.0,1.0,0.0
outer2,2,73,b7c1,30.0,150.0,60.000003814697266,60.000003814697266,0.0,0.0,0.0,0.0,0.0,0.0
outer2,2,73,b7c1,30.0,180.0,0.0,0.0,0.0,0.0,0.0,1.0,1.0,0.0
outer2,2,73,b7c1,30.0,210.0,0.0,0.0,0.0,0.0,0.0,1.0,1.0,0.0
outer2,2,73,b7c1,30.0,240.0,0.0,0.0,0.0,0.0,0.0,1.0,1.0,0.0
outer2,2,73,b7c1,30.0,270.0,0.0,0.0,0.0,0.0,0.0,1.0,1.0,0.0
outer2,2,73,b7c1,30.0,300.0,0.0,0.0,0.0,0.0,0.0,1.0,1.0,0.0
outer2,2,73,b7c1,30.0,330.0,0.0,0.0,0.0,0.0,0.0,1.0,1.0,0.0
outer2,2,73,b7c1,60.0,0.0,0.0,0.0,0.0,0.0,0.0,1.0,1.0,0.0
outer2,2,73,b7c1,60.0,30.0,82.81924438476562,120.00000762939453,37.180763244628906,-60.0,120.0,0.0,0.0,0.0
outer2,2,73,b7c1,60.0,60.0,0.0,0.0,0.0,0.0,0.0,1.0,1.0,0.0
outer2,2,73,b7c1,60.0,90.0,0.0,0.0,0.0,0.0,0.0,1.0,1.0,0.0
outer2,2,73,b7c1,60.0,120.0,0.0,0.0,0.0,0.0,0.0,1.0,1.0,0.0
outer2,2,73,b7c1,60.0,150.0,0.0,0.0,0.0,0.0,0.0,1.0,1.0,0.0
outer2,2,73,b7c1,60.0,180.0,0.0,0.0,0.0,0.0,0.0,1.0,1.0,0.0
outer2,2,73,b7c1,60.0,210.0,0.0,0.0,0.0,0.0,0.0,1.0,1.0,0.0
outer2,2,73,b7c1,60.0,240.0,0.0,0.0,0.0,0.0,0.0,1.0,1.0,0.0
outer2,2,73,b7c1,60.0,270.0,0.0,0.0,0.0,0.0,0.0,1.0,1.0,0.0
outer2,2,73,b7c1,60.0,300.0,0.0,0.0,0.0,0.0,0.0,1.0,1.0,0.0
outer2,2,73,b7c1,60.0,330.0,0.0,0.0,0.0,0.0,0.0,1.0,1.0,0.0
outer2,2,73,b7c1,90.0,0.0,0.0,180.0,180.0,0.0,180.0,1.0,0.0,-1.0
outer2,2,73,b7c1,90.0,30.0,0.0,180.0,180.0,0.0,180.0,1.0,0.0,-1.0
outer2,2,73,b7c1,90.0,60.0,0.0,0.0,0.0,0.0,0.0,1.0,1.0,0.0
outer2,2,73,b7c1,90.0,90.0,180.0,0.0,-180.0,0.0,-180.0,0.0,1.0,1.0
outer2,2,73,b7c1,90.0,120.0,0.0,180.0,180.0,0.0,180.0,1.0,0.0,-1.0
outer2,2,73,b7c1,90.0,150.0,60.000003814697266,180.0,119.99999618530273,0.0,120.0,0.0,0.0,0.0
outer2,2,73,b7c1,90.0,180.0,150.0,0.0,-150.0,0.0,-150.0,0.0,1.0,1.0
outer2,2,73,b7c1,90.0,210.0,180.0,180.0,0.0,0.0,0.0,0.0,0.0,0.0
outer2,2,73,b7c1,90.0,240.0,180.0,0.0,-180.0,0.0,-180.0,0.0,1.0,1.0
outer2,2,73,b7c1,90.0,270.0,0.0,180.0,180.0,0.0,180.0,1.0,0.0,-1.0
outer2,2,73,b7c1,90.0,300.0,180.0,0.0,-180.0,0.0,-180.0,0.0,1.0,1.0
outer2,2,73,b7c1,90.0,330.0,60.00000762939453,0.0,-60.00000762939453,0.0,-60.0,0.0,1.0,1.0
outer2,2,73,b7c1,120.0,0.0,0.0,0.0,0.0,0.0,0.0,1.0,1.0,0.0
outer2,2,73,b7c1,120.0,30.0,0.0,120.00000762939453,120.00000762939453,0.0,180.0,1.0,0.0,-1.0
outer2,2,73,b7c1,120.0,60.0,0.0,0.0,0.0,0.0,0.0,1.0,1.0,0.0
outer2,2,73,b7c1,120.0,90.0,0.0,0.0,0.0,0.0,0.0,1.0,1.0,0.0
outer2,2,73,b7c1,120.0,120.0,0.0,0.0,0.0,0.0,0.0,1.0,1.0,0.0
outer2,2,73,b7c1,120.0,150.0,0.0,0.0,0.0,0.0,0.0,1.0,1.0,0.0
outer2,2,73,b7c1,120.0,180.0,0.0,0.0,0.0,0.0,0.0,1.0,1.0,0.0
outer2,2,73,b7c1,120.0,210.0,120.00000762939453,0.0,-120.00000762939453,0.0,-180.0,0.0,1.0,1.0
outer2,2,73,b7c1,120.0,240.0,0.0,0.0,0.0,0.0,0.0,1.0,1.0,0.0
outer2,2,73,b7c1,120.0,270.0,0.0,0.0,0.0,0.0,0.0,1.0,1.0,0.0
outer2,2,73,b7c1,120.0,300.0,0.0,0.0,0.0,0.0,0.0,1.0,1.0,0.0
outer2,2,73,b7c1,120.0,330.0,0.0,0.0,0.0,0.0,0.0,1.0,1.0,0.0
outer2,2,73,b7c1,150.0,0.0,0.0,0.0,0.0,0.0,0.0,1.0,1.0,0.0
outer2,2,73,b7c1,150.0,30.0,0.0,0.0,0.0,0.0,0.0,1.0,1.0,0.0
outer2,2,73,b7c1,150.0,60.0,0.0,0.0,0.0,0.0,0.0,1.0,1.0,0.0
outer2,2,73,b7c1,150.0,90.0,0.0,0.0,0.0,0.0,0.0,1.0,1.0,0.0
outer2,2,73,b7c1,150.0,120.0,0.0,0.0,0.0,0.0,0.0,1.0,1.0,0.0
outer2,2,73,b7c1,150.0,150.0,0.0,0.0,0.0,0.0,0.0,1.0,1.0,0.0
outer2,2,73,b7c1,150.0,180.0,0.0,0.0,0.0,0.0,0.0,1.0,1.0,0.0
outer2,2,73,b7c1,150.0,210.0,0.0,0.0,0.0,0.0,0.0,1.0,1.0,0.0
outer2,2,73,b7c1,150.0,240.0,0.0,0.0,0.0,0.0,0.0,1.0,1.0,0.0
outer2,2,73,b7c1,150.0,270.0,0.0,0.0,0.0,0.0,0.0,1.0,1.0,0.0
outer2,2,73,b7c1,150.0,300.0,0.0,0.0,0.0,0.0,0.0,1.0,1.0,0.0
outer2,2,73,b7c1,150.0,330.0,0.0,0.0,0.0,0.0,0.0,1.0,1.0,0.0
outer2,2,73,b80b,30.0,0.0,0.0,0.0,0.0,0.0,0.0,1.0,1.0,0.0
outer2,2,73,b80b,30.0,30.0,0.0,0.0,0.0,0.0,0.0,1.0,1.0,0.0
outer2,2,73,b80b,30.0,60.0,0.0,0.0,0.0,0.0,0.0,1.0,1.0,0.0
outer2,2,73,b80b,30.0,90.0,0.0,0.0,0.0,0.0,0.0,1.0,1.0,0.0
outer2,2,73,b80b,30.0,120.0,0.0,0.0,0.0,0.0,0.0,1.0,1.0,0.0
outer2,2,73,b80b,30.0,150.0,60.000003814697266,0.0,-60.000003814697266,0.0,-180.0,0.0,1.0,1.0
outer2,2,73,b80b,30.0,180.0,0.0,0.0,0.0,0.0,0.0,1.0,1.0,0.0
outer2,2,73,b80b,30.0,210.0,0.0,0.0,0.0,0.0,0.0,1.0,1.0,0.0
outer2,2,73,b80b,30.0,240.0,0.0,0.0,0.0,0.0,0.0,1.0,1.0,0.0
outer2,2,73,b80b,30.0,270.0,0.0,0.0,0.0,0.0,0.0,1.0,1.0,0.0
outer2,2,73,b80b,30.0,300.0,0.0,0.0,0.0,0.0,0.0,1.0,1.0,0.0
outer2,2,73,b80b,30.0,330.0,0.0,0.0,0.0,0.0,0.0,1.0,1.0,0.0
outer2,2,73,b80b,60.0,0.0,0.0,0.0,0.0,0.0,0.0,1.0,1.0,0.0
outer2,2,73,b80b,60.0,30.0,0.0,0.0,0.0,0.0,0.0,1.0,1.0,0.0
outer2,2,73,b80b,60.0,60.0,0.0,0.0,0.0,0.0,0.0,1.0,1.0,0.0
outer2,2,73,b80b,60.0,90.0,0.0,0.0,0.0,0.0,0.0,1.0,1.0,0.0
outer2,2,73,b80b,60.0,120.0,0.0,0.0,0.0,0.0,0.0,1.0,1.0,0.0
outer2,2,73,b80b,60.0,150.0,0.0,0.0,0.0,0.0,0.0,1.0,1.0,0.0
outer2,2,73,b80b,60.0,180.0,0.0,0.0,0.0,0.0,0.0,1.0,1.0,0.0
outer2,2,73,b80b,60.0,210.0,0.0,0.0,0.0,0.0,0.0,1.0,1.0,0.0
outer2,2,73,b80b,60.0,240.0,0.0,0.0,0.0,0.0,0.0,1.0,1.0,0.0
outer2,2,73,b80b,60.0,270.0,0.0,0.0,0.0,0.0,0.0,1.0,1.0,0.0
outer2,2,73,b80b,60.0,300.0,0.0,0.0,0.0,0.0,0.0,1.0,1.0,0.0
outer2,2,73,b80b,60.0,330.0,0.0,0.0,0.0,0.0,0.0,1.0,1.0,0.0
outer2,2,73,b80b,90.0,0.0,0.0,180.0,180.0,0.0,180.0,1.0,0.0,-1.0
outer2,2,73,b80b,90.0,30.0,180.0,180.0,0.0,0.0,0.0,0.0,0.0,0.0
outer2,2,73,b80b,90.0,60.0,0.0,0.0,0.0,0.0,0.0,1.0,1.0,0.0
outer2,2,73,b80b,90.0,90.0,180.0,180.0,0.0,0.0,0.0,0.0,0.0,0.0
outer2,2,73,b80b,90.0,120.0,0.0,0.0,0.0,0.0,0.0,1.0,1.0,0.0
outer2,2,73,b80b,90.0,150.0,180.0,180.0,0.0,0.0,0.0,0.0,0.0,0.0
outer2,2,73,b80b,90.0,180.0,180.0,0.0,-180.0,0.0,-180.0,0.0,1.0,1.0
outer2,2,73,b80b,90.0,210.0,0.0,0.0,0.0,0.0,0.0,1.0,1.0,0.0
outer2,2,73,b80b,90.0,240.0,60.000003814697266,180.0,119.99999618530273,0.0,120.0,0.0,0.0,0.0
outer2,2,73,b80b,90.0,270.0,0.0,0.0,0.0,0.0,0.0,1.0,1.0,0.0
outer2,2,73,b80b,90.0,300.0,0.0,0.0,0.0,0.0,0.0,1.0,1.0,0.0
outer2,2,73,b80b,90.0,330.0,0.0,0.0,0.0,0.0,0.0,1.0,1.0,0.0
outer2,2,73,b80b,120.0,0.0,0.0,0.0,0.0,0.0,0.0,1.0,1.0,0.0
outer2,2,73,b80b,120.0,30.0,0.0,0.0,0.0,0.0,0.0,1.0,1.0,0.0
outer2,2,73,b80b,120.0,60.0,0.0,0.0,0.0,0.0,0.0,1.0,1.0,0.0
outer2,2,73,b80b,120.0,90.0,0.0,0.0,0.0,0.0,0.0,1.0,1.0,0.0
outer2,2,73,b80b,120.0,120.0,0.0,0.0,0.0,0.0,0.0,1.0,1.0,0.0
outer2,2,73,b80b,120.0,150.0,0.0,0.0,0.0,0.0,0.0,1.0,1.0,0.0
outer2,2,73,b80b,120.0,180.0,0.0,0.0,0.0,0.0,0.0,1.0,1.0,0.0
outer2,2,73,b80b,120.0,210.0,0.0,0.0,0.0,0.0,0.0,1.0,1.0,0.0
outer2,2,73,b80b,120.0,240.0,0.0,0.0,0.0,0.0,0.0,1.0,1.0,0.0
outer2,2,73,b80b,120.0,270.0,0.0,0.0,0.0,0.0,0.0,1.0,1.0,0.0
outer2,2,73,b80b,120.0,300.0,0.0,0.0,0.0,0.0,0.0,1.0,1.0,0.0
outer2,2,73,b80b,120.0,330.0,0.0,0.0,0.0,0.0,0.0,1.0,1.0,0.0
outer2,2,73,b80b,150.0,0.0,0.0,0.0,0.0,0.0,0.0,1.0,1.0,0.0
outer2,2,73,b80b,150.0,30.0,0.0,0.0,0.0,0.0,0.0,1.0,1.0,0.0
outer2,2,73,b80b,150.0,60.0,0.0,0.0,0.0,0.0,0.0,1.0,1.0,0.0
outer2,2,73,b80b,150.0,90.0,0.0,0.0,0.0,0.0,0.0,1.0,1.0,0.0
outer2,2,73,b80b,150.0,120.0,0.0,0.0,0.0,0.0,0.0,1.0,1.0,0.0
outer2,2,73,b80b,150.0,150.0,0.0,0.0,0.0,0.0,0.0,1.0,1.0,0.0
outer2,2,73,b80b,150.0,180.0,0.0,0.0,0.0,0.0,0.0,1.0,1.0,0.0
outer2,2,73,b80b,150.0,210.0,0.0,0.0,0.0,0.0,0.0,1.0,1.0,0.0
outer2,2,73,b80b,150.0,240.0,0.0,0.0,0.0,0.0,0.0,1.0,1.0,0.0
outer2,2,73,b80b,150.0,270.0,0.0,0.0,0.0,0.0,0.0,1.0,1.0,0.0
outer2,2,73,b80b,150.0,300.0,0.0,0.0,0.0,0.0,0.0,1.0,1.0,0.0
outer2,2,73,b80b,150.0,330.0,0.0,0.0,0.0,0.0,0.0,1.0,1.0,0.0
outer2,2,73,b9e6,30.0,0.0,0.0,0.0,0.0,0.0,0.0,1.0,1.0,0.0
outer2,2,73,b9e6,30.0,30.0,0.0,0.0,0.0,0.0,0.0,1.0,1.0,0.0
outer2,2,73,b9e6,30.0,60.0,0.0,0.0,0.0,0.0,0.0,1.0,1.0,0.0
outer2,2,73,b9e6,30.0,90.0,0.0,0.0,0.0,0.0,0.0,1.0,1.0,0.0
outer2,2,73,b9e6,30.0,120.0,0.0,0.0,0.0,0.0,0.0,1.0,1.0,0.0
outer2,2,73,b9e6,30.0,150.0,0.0,0.0,0.0,0.0,0.0,1.0,1.0,0.0
outer2,2,73,b9e6,30.0,180.0,0.0,0.0,0.0,0.0,0.0,1.0,1.0,0.0
outer2,2,73,b9e6,30.0,210.0,0.0,0.0,0.0,0.0,0.0,1.0,1.0,0.0
outer2,2,73,b9e6,30.0,240.0,0.0,0.0,0.0,0.0,0.0,1.0,1.0,0.0
outer2,2,73,b9e6,30.0,270.0,0.0,0.0,0.0,0.0,0.0,1.0,1.0,0.0
outer2,2,73,b9e6,30.0,300.0,0.0,0.0,0.0,0.0,0.0,1.0,1.0,0.0
outer2,2,73,b9e6,30.0,330.0,0.0,0.0,0.0,0.0,0.0,1.0,1.0,0.0
outer2,2,73,b9e6,60.0,0.0,0.0,30.000001907348633,30.000001907348633,30.0,0.0,1.0,0.0,-1.0
outer2,2,73,b9e6,60.0,30.0,0.0,0.0,0.0,0.0,0.0,1.0,1.0,0.0
outer2,2,73,b9e6,60.0,60.0,0.0,97.18075561523438,97.18075561523438,0.0,120.0,1.0,0.0,-1.0
outer2,2,73,b9e6,60.0,90.0,0.0,0.0,0.0,0.0,0.0,1.0,1.0,0.0
outer2,2,73,b9e6,60.0,120.0,0.0,0.0,0.0,0.0,0.0,1.0,1.0,0.0
outer2,2,73,b9e6,60.0,150.0,0.0,0.0,0.0,0.0,0.0,1.0,1.0,0.0
outer2,2,73,b9e6,60.0,180.0,0.0,0.0,0.0,0.0,0.0,1.0,1.0,0.0
outer2,2,73,b9e6,60.0,210.0,120.00000762939453,120.00000762939453,0.0,0.0,0.0,0.0,0.0,0.0
outer2,2,73,b9e6,60.0,240.0,0.0,25.905075073242188,25.905075073242188,0.0,30.0,1.0,0.0,-1.0
outer2,2,73,b9e6,60.0,270.0,0.0,0.0,0.0,0.0,0.0,1.0,1.0,0.0
outer2,2,73,b9e6,60.0,300.0,0.0,0.0,0.0,0.0,0.0,1.0,1.0,0.0
outer2,2,73,b9e6,60.0,330.0,0.0,0.0,0.0,0.0,0.0,1.0,1.0,0.0
outer2,2,73,b9e6,90.0,0.0,0.0,180.0,180.0,0.0,180.0,1.0,0.0,-1.0
outer2,2,73,b9e6,90.0,30.0,0.0,180.0,180.0,0.0,180.0,1.0,0.0,-1.0
outer2,2,73,b9e6,90.0,60.0,0.0,180.0,180.0,0.0,180.0,1.0,0.0,-1.0
outer2,2,73,b9e6,90.0,90.0,180.0,0.0,-180.0,0.0,-180.0,0.0,1.0,1.0
outer2,2,73,b9e6,90.0,120.0,60.000003814697266,180.0,119.99999618530273,0.0,120.0,0.0,0.0,0.0
outer2,2,73,b9e6,90.0,150.0,120.00000762939453,180.0,59.99999237060547,0.0,60.0,0.0,0.0,0.0
outer2,2,73,b9e6,90.0,180.0,180.0,0.0,-180.0,0.0,-180.0,0.0,1.0,1.0
outer2,2,73,b9e6,90.0,210.0,0.0,0.0,0.0,0.0,0.0,1.0,1.0,0.0
outer2,2,73,b9e6,90.0,240.0,180.0,180.0,0.0,0.0,0.0,0.0,0.0,0.0
outer2,2,73,b9e6,90.0,270.0,0.0,180.0,180.0,0.0,180.0,1.0,0.0,-1.0
outer2,2,73,b9e6,90.0,300.0,119.99999237060547,0.0,-119.99999237060547,0.0,-120.0,0.0,1.0,1.0
outer2,2,73,b9e6,90.0,330.0,0.0,0.0,0.0,0.0,0.0,1.0,1.0,0.0
outer2,2,73,b9e6,120.0,0.0,0.0,0.0,0.0,0.0,0.0,1.0,1.0,0.0
outer2,2,73,b9e6,120.0,30.0,0.0,0.0,0.0,0.0,0.0,1.0,1.0,0.0
outer2,2,73,b9e6,120.0,60.0,0.0,0.0,0.0,0.0,0.0,1.0,1.0,0.0
outer2,2,73,b9e6,120.0,90.0,0.0,0.0,0.0,0.0,0.0,1.0,1.0,0.0
outer2,2,73,b9e6,120.0,120.0,0.0,0.0,0.0,0.0,0.0,1.0,1.0,0.0
outer2,2,73,b9e6,120.0,150.0,0.0,0.0,0.0,0.0,0.0,1.0,1.0,0.0
outer2,2,73,b9e6,120.0,180.0,0.0,0.0,0.0,0.0,0.0,1.0,1.0,0.0
outer2,2,73,b9e6,120.0,210.0,113.54811096191406,120.00000762939453,6.451896667480469,0.0,30.0,0.0,0.0,0.0
outer2,2,73,b9e6,120.0,240.0,0.0,0.0,0.0,0.0,0.0,1.0,1.0,0.0
outer2,2,73,b9e6,120.0,270.0,0.0,0.0,0.0,0.0,0.0,1.0,1.0,0.0
outer2,2,73,b9e6,120.0,300.0,0.0,0.0,0.0,0.0,0.0,1.0,1.0,0.0
outer2,2,73,b9e6,120.0,330.0,0.0,0.0,0.0,0.0,0.0,1.0,1.0,0.0
outer2,2,73,b9e6,150.0,0.0,0.0,0.0,0.0,0.0,0.0,1.0,1.0,0.0
outer2,2,73,b9e6,150.0,30.0,0.0,0.0,0.0,0.0,0.0,1.0,1.0,0.0
outer2,2,73,b9e6,150.0,60.0,0.0,0.0,0.0,0.0,0.0,1.0,1.0,0.0
outer2,2,73,b9e6,150.0,90.0,0.0,0.0,0.0,0.0,0.0,1.0,1.0,0.0
outer2,2,73,b9e6,150.0,120.0,0.0,0.0,0.0,0.0,0.0,1.0,1.0,0.0
outer2,2,73,b9e6,150.0,150.0,0.0,0.0,0.0,0.0,0.0,1.0,1.0,0.0
outer2,2,73,b9e6,150.0,180.0,0.0,0.0,0.0,0.0,0.0,1.0,1.0,0.0
outer2,2,73,b9e6,150.0,210.0,0.0,0.0,0.0,0.0,0.0,1.0,1.0,0.0
outer2,2,73,b9e6,150.0,240.0,0.0,0.0,0.0,0.0,0.0,1.0,1.0,0.0
outer2,2,73,b9e6,150.0,270.0,0.0,0.0,0.0,0.0,0.0,1.0,1.0,0.0
outer2,2,73,b9e6,150.0,300.0,0.0,0.0,0.0,0.0,0.0,1.0,1.0,0.0
outer2,2,73,b9e6,150.0,330.0,0.0,0.0,0.0,0.0,0.0,1.0,1.0,0.0
outer2,2,73,ba0f,30.0,0.0,30.000001907348633,30.000001907348633,0.0,0.0,0.0,0.0,0.0,0.0
outer2,2,73,ba0f,30.0,30.0,151.04498291015625,128.68218994140625,-22.36279296875,0.0,-60.0,0.0,0.0,0.0
outer2,2,73,ba0f,30.0,60.0,128.68218994140625,128.68218994140625,0.0,0.0,0.0,0.0,0.0,0.0
outer2,2,73,ba0f,30.0,90.0,57.7581901550293,0.0,-57.7581901550293,0.0,-150.0,0.0,1.0,1.0
outer2,2,73,ba0f,30.0,120.0,0.0,60.000003814697266,60.000003814697266,0.0,180.0,1.0,0.0,-1.0
outer2,2,73,ba0f,30.0,150.0,0.0,60.000003814697266,60.000003814697266,0.0,180.0,1.0,0.0,-1.0
outer2,2,73,ba0f,30.0,180.0,0.0,150.0,150.0,90.0,180.0,1.0,0.0,-1.0
outer2,2,73,ba0f,30.0,210.0,128.68218994140625,151.04498291015625,22.36279296875,0.0,60.0,0.0,0.0,0.0
outer2,2,73,ba0f,30.0,240.0,151.04498291015625,128.68218994140625,-22.36279296875,0.0,-60.0,0.0,0.0,0.0
outer2,2,73,ba0f,30.0,270.0,122.24180603027344,120.00000762939453,-2.2417984008789062,0.0,-30.0,0.0,0.0,0.0
outer2,2,73,ba0f,30.0,300.0,60.000003814697266,0.0,-60.000003814697266,0.0,-180.0,0.0,1.0,1.0
outer2,2,73,ba0f,30.0,330.0,0.0,0.0,0.0,0.0,0.0,1.0,1.0,0.0
outer2,2,73,ba0f,60.0,0.0,0.0,30.000001907348633,30.000001907348633,30.0,0.0,1.0,0.0,-1.0
outer2,2,73,ba0f,60.0,30.0,0.0,120.00000762939453,120.00000762939453,0.0,180.0,1.0,0.0,-1.0
outer2,2,73,ba0f,60.0,60.0,0.0,0.0,0.0,0.0,0.0,1.0,1.0,0.0
outer2,2,73,ba0f,60.0,90.0,29.999998092651367,29.999998092651367,0.0,0.0,0.0,0.0,0.0,0.0
outer2,2,73,ba0f,60.0,120.0,120.00000762939453,120.00000762939453,0.0,0.0,0.0,0.0,0.0,0.0
outer2,2,73,ba0f,60.0,150.0,120.00000762939453,120.00000762939453,0.0,0.0,0.0,0.0,0.0,0.0
outer2,2,73,ba0f,60.0,180.0,0.0,0.0,0.0,0.0,0.0,1.0,1.0,0.0
outer2,2,73,ba0f,60.0,210.0,60.000003814697266,180.0,119.99999618530273,0.0,180.0,0.0,0.0,0.0
outer2,2,73,ba0f,60.0,240.0,97.1807632446289,25.905075073242188,-71.27568817138672,0.0,-90.0,0.0,0.0,0.0
outer2,2,73,ba0f,60.0,270.0,29.999998092651367,29.999998092651367,0.0,0.0,0.0,0.0,0.0,0.0
outer2,2,73,ba0f,60.0,300.0,113.54812622070312,180.0,66.45187377929688,60.0,30.0,0.0,0.0,0.0
outer2,2,73,ba0f,60.0,330.0,60.000003814697266,180.0,119.99999618530273,0.0,180.0,0.0,0.0,0.0
outer2,2,73,ba0f,90.0,0.0,0.0,180.0,180.0,0.0,180.0,1.0,0.0,-1.0
outer2,2,73,ba0f,90.0,30.0,60.00000762939453,60.00000762939453,0.0,0.0,0.0,0.0,0.0,0.0
outer2,2,73,ba0f,90.0,60.0,60.000003814697266,119.99999237060547,59.9999885559082,0.0,60.0,0.0,0.0,0.0
outer2,2,73,ba0f,90.0,90.0,180.0,180.0,0.0,0.0,0.0,0.0,0.0,0.0
outer2,2,73,ba0f,90.0,120.0,0.0,120.00000762939453,120.00000762939453,0.0,120.0,1.0,0.0,-1.0
outer2,2,73,ba0f,90.0,150.0,180.0,30.000001907348633,-149.99999809265137,0.0,-150.0,0.0,0.0,0.0
outer2,2,73,ba0f,90.0,180.0,180.0,0.0,-180.0,0.0,-180.0,0.0,1.0,1.0
outer2,2,73,ba0f,90.0,210.0,120.00000762939453,120.00000762939453,0.0,0.0,0.0,0.0,0.0,0.0
outer2,2,73,ba0f,90.0,240.0,120.00000762939453,60.000003814697266,-60.000003814697266,0.0,-60.0,0.0,0.0,0.0
outer2,2,73,ba0f,90.0,270.0,0.0,180.0,180.0,0.0,180.0,1.0,0.0,-1.0
outer2,2,73,ba0f,90.0,300.0,0.0,0.0,0.0,0.0,0.0,1.0,1.0,0.0
outer2,2,73,ba0f,90.0,330.0,0.0,180.0,180.0,0.0,180.0,1.0,0.0,-1.0
outer2,2,73,ba0f,120.0,0.0,0.0,29.99998664855957,29.99998664855957,30.0,0.0,1.0,0.0,-1.0
outer2,2,73,ba0f,120.0,30.0,0.0,0.0,0.0,0.0,0.0,1.0,1.0,0.0
outer2,2,73,ba0f,120.0,60.0,0.0,0.0,0.0,0.0,0.0,1.0,1.0,0.0
outer2,2,73,ba0f,120.0,90.0,30.000001907348633,0.0,-30.000001907348633,-30.0,0.0,0.0,1.0,1.0
outer2,2,73,ba0f,120.0,120.0,120.00000762939453,120.00000762939453,0.0,0.0,0.0,0.0,0.0,0.0
outer2,2,73,ba0f,120.0,150.0,120.00000762939453,113.54811096191406,-6.451896667480469,0.0,-30.0,0.0,0.0,0.0
outer2,2,73,ba0f,120.0,180.0,60.000003814697266,0.0,-60.000003814697266,-60.0,0.0,0.0,1.0,1.0
outer2,2,73,ba0f,120.0,210.0,60.000003814697266,60.000003814697266,0.0,0.0,0.0,0.0,0.0,0.0
outer2,2,73,ba0f,120.0,240.0,120.00000762939453,0.0,-120.00000762939453,0.0,-180.0,0.0,1.0,1.0
outer2,2,73,ba0f,120.0,270.0,41.40962219238281,41.40962219238281,0.0,0.0,0.0,0.0,0.0,0.0
outer2,2,73,ba0f,120.0,300.0,128.68218994140625,180.0,51.31781005859375,0.0,60.0,0.0,0.0,0.0
outer2,2,73,ba0f,120.0,330.0,97.18075561523438,97.18075561523438,0.0,0.0,0.0,0.0,0.0,0.0
outer2,2,73,ba0f,150.0,0.0,90.0,90.0,0.0,0.0,0.0,0.0,0.0,0.0
outer2,2,73,ba0f,150.0,30.0,151.04498291015625,128.68218994140625,-22.36279296875,0.0,-60.0,0.0,0.0,0.0
outer2,2,73,ba0f,150.0,60.0,128.68218994140625,165.12905883789062,36.446868896484375,0.0,90.0,0.0,0.0,0.0
outer2,2,73,ba0f,150.0,90.0,57.7581901550293,57.7581901550293,0.0,0.0,0.0,0.0,0.0,0.0
outer2,2,73,ba0f,150.0,120.0,0.0,60.000003814697266,60.000003814697266,0.0,180.0,1.0,0.0,-1.0
outer2,2,73,ba0f,150.0,150.0,0.0,60.000003814697266,60.000003814697266,0.0,180.0,1.0,0.0,-1.0
outer2,2,73,ba0f,150.0,180.0,150.0,150.0,0.0,0.0,0.0,0.0,0.0,0.0
outer2,2,73,ba0f,150.0,210.0,151.04498291015625,130.50535583496094,-20.539627075195312,-30.0,0.0,0.0,0.0,0.0
outer2,2,73,ba0f,150.0,240.0,151.04498291015625,128.68218994140625,-22.36279296875,0.0,-60.0,0.0,0.0,0.0
outer2,2,73,ba0f,150.0,270.0,14.870942115783691,180.0,165.1290578842163,120.0,150.0,0.0,0.0,0.0
outer2,2,73,ba0f,150.0,300.0,60.000003814697266,0.0,-60.000003814697266,0.0,-180.0,0.0,1.0,1.0
outer2,2,73,ba0f,150.0,330.0,0.0,0.0,0.0,0.0,0.0,1.0,1.0,0.0
outer2,2,73,bb7c,30.0,0.0,0.0,30.000001907348633,30.000001907348633,30.0,0.0,1.0,0.0,-1.0
outer2,2,73,bb7c,30.0,30.0,0.0,0.0,0.0,0.0,0.0,1.0,1.0,0.0
outer2,2,73,bb7c,30.0,60.0,0.0,0.0,0.0,0.0,0.0,1.0,1.0,0.0
outer2,2,73,bb7c,30.0,90.0,0.0,0.0,0.0,0.0,0.0,1.0,1.0,0.0
outer2,2,73,bb7c,30.0,120.0,0.0,0.0,0.0,0.0,0.0,1.0,1.0,0.0
outer2,2,73,bb7c,30.0,150.0,60.000003814697266,60.000003814697266,0.0,0.0,0.0,0.0,0.0,0.0
outer2,2,73,bb7c,30.0,180.0,0.0,90.0,90.0,30.0,180.0,1.0,0.0,-1.0
outer2,2,73,bb7c,30.0,210.0,0.0,0.0,0.0,0.0,0.0,1.0,1.0,0.0
outer2,2,73,bb7c,30.0,240.0,0.0,151.04498291015625,151.04498291015625,120.0,120.0,1.0,0.0,-1.0
outer2,2,73,bb7c,30.0,270.0,0.0,0.0,0.0,0.0,0.0,1.0,1.0,0.0
outer2,2,73,bb7c,30.0,300.0,0.0,0.0,0.0,0.0,0.0,1.0,1.0,0.0
outer2,2,73,bb7c,30.0,330.0,0.0,0.0,0.0,0.0,0.0,1.0,1.0,0.0
outer2,2,73,bb7c,60.0,0.0,0.0,0.0,0.0,0.0,0.0,1.0,1.0,0.0
outer2,2,73,bb7c,60.0,30.0,0.0,0.0,0.0,0.0,0.0,1.0,1.0,0.0
outer2,2,73,bb7c,60.0,60.0,0.0,0.0,0.0,0.0,0.0,1.0,1.0,0.0
outer2,2,73,bb7c,60.0,90.0,0.0,0.0,0.0,0.0,0.0,1.0,1.0,0.0
outer2,2,73,bb7c,60.0,120.0,0.0,0.0,0.0,0.0,0.0,1.0,1.0,0.0
outer2,2,73,bb7c,60.0,150.0,0.0,0.0,0.0,0.0,0.0,1.0,1.0,0.0
outer2,2,73,bb7c,60.0,180.0,0.0,120.00000762939453,120.00000762939453,0.0,180.0,1.0,0.0,-1.0
outer2,2,73,bb7c,60.0,210.0,82.81924438476562,82.81924438476562,0.0,0.0,0.0,0.0,0.0,0.0
outer2,2,73,bb7c,60.0,240.0,0.0,0.0,0.0,0.0,0.0,1.0,1.0,0.0
outer2,2,73,bb7c,60.0,270.0,0.0,0.0,0.0,0.0,0.0,1.0,1.0,0.0
outer2,2,73,bb7c,60.0,300.0,0.0,0.0,0.0,0.0,0.0,1.0,1.0,0.0
outer2,2,73,bb7c,60.0,330.0,0.0,0.0,0.0,0.0,0.0,1.0,1.0,0.0
outer2,2,73,bb7c,90.0,0.0,0.0,180.0,180.0,0.0,180.0,1.0,0.0,-1.0
outer2,2,73,bb7c,90.0,30.0,0.0,60.00000762939453,60.00000762939453,0.0,60.0,1.0,0.0,-1.0
outer2,2,73,bb7c,90.0,60.0,60.000003814697266,0.0,-60.000003814697266,0.0,-60.0,0.0,1.0,1.0
outer2,2,73,bb7c,90.0,90.0,180.0,29.999998092651367,-150.00000190734863,30.0,-180.0,0.0,0.0,0.0
outer2,2,73,bb7c,90.0,120.0,180.0,180.0,0.0,0.0,0.0,0.0,0.0,0.0
outer2,2,73,bb7c,90.0,150.0,180.0,180.0,0.0,0.0,0.0,0.0,0.0,0.0
outer2,2,73,bb7c,90.0,180.0,180.0,0.0,-180.0,0.0,-180.0,0.0,1.0,1.0
outer2,2,73,bb7c,90.0,210.0,180.0,120.00000762939453,-59.99999237060547,0.0,-60.0,0.0,0.0,0.0
outer2,2,73,bb7c,90.0,240.0,60.000003814697266,180.0,119.99999618530273,0.0,120.0,0.0,0.0,0.0
outer2,2,73,bb7c,90.0,270.0,0.0,180.0,180.0,0.0,180.0,1.0,0.0,-1.0
outer2,2,73,bb7c,90.0,300.0,180.0,0.0,-180.0,0.0,-180.0,0.0,1.0,1.0
outer2,2,73,bb7c,90.0,330.0,0.0,0.0,0.0,0.0,0.0,1.0,1.0,0.0
outer2,2,73,bb7c,120.0,0.0,0.0,0.0,0.0,0.0,0.0,1.0,1.0,0.0
outer2,2,73,bb7c,120.0,30.0,0.0,0.0,0.0,0.0,0.0,1.0,1.0,0.0
outer2,2,73,bb7c,120.0,60.0,0.0,0.0,0.0,0.0,0.0,1.0,1.0,0.0
outer2,2,73,bb7c,120.0,90.0,0.0,0.0,0.0,0.0,0.0,1.0,1.0,0.0
outer2,2,73,bb7c,120.0,120.0,0.0,0.0,0.0,0.0,0.0,1.0,1.0,0.0
outer2,2,73,bb7c,120.0,150.0,0.0,0.0,0.0,0.0,0.0,1.0,1.0,0.0
outer2,2,73,bb7c,120.0,180.0,0.0,0.0,0.0,0.0,0.0,1.0,1.0,0.0
outer2,2,73,bb7c,120.0,210.0,0.0,0.0,0.0,0.0,0.0,1.0,1.0,0.0
outer2,2,73,bb7c,120.0,240.0,60.000003814697266,0.0,-60.000003814697266,-60.0,0.0,0.0,1.0,1.0
outer2,2,73,bb7c,120.0,270.0,0.0,180.0,180.0,60.0,180.0,1.0,0.0,-1.0
outer2,2,73,bb7c,120.0,300.0,120.00000762939453,0.0,-120.00000762939453,0.0,-180.0,0.0,1.0,1.0
outer2,2,73,bb7c,120.0,330.0,60.000003814697266,0.0,-60.000003814697266,-60.0,0.0,0.0,1.0,1.0
outer2,2,73,bb7c,150.0,0.0,0.0,29.99998664855957,29.99998664855957,30.0,0.0,1.0,0.0,-1.0
outer2,2,73,bb7c,150.0,30.0,0.0,0.0,0.0,0.0,0.0,1.0,1.0,0.0
outer2,2,73,bb7c,150.0,60.0,0.0,0.0,0.0,0.0,0.0,1.0,1.0,0.0
outer2,2,73,bb7c,150.0,90.0,0.0,0.0,0.0,0.0,0.0,1.0,1.0,0.0
outer2,2,73,bb7c,150.0,120.0,0.0,0.0,0.0,0.0,0.0,1.0,1.0,0.0
outer2,2,73,bb7c,150.0,150.0,0.0,0.0,0.0,0.0,0.0,1.0,1.0,0.0
outer2,2,73,bb7c,150.0,180.0,0.0,90.0,90.0,30.0,180.0,1.0,0.0,-1.0
outer2,2,73,bb7c,150.0,210.0,0.0,0.0,0.0,0.0,0.0,1.0,1.0,0.0
outer2,2,73,bb7c,150.0,240.0,0.0,0.0,0.0,0.0,0.0,1.0,1.0,0.0
outer2,2,73,bb7c,150.0,270.0,0.0,0.0,0.0,0.0,0.0,1.0,1.0,0.0
outer2,2,73,bb7c,150.0,300.0,0.0,0.0,0.0,0.0,0.0,1.0,1.0,0.0
outer2,2,73,bb7c,150.0,330.0,0.0,0.0,0.0,0.0,0.0,1.0,1.0,0.0
outer2,2,74,b7c1,30.0,0.0,0.0,0.0,0.0,0.0,0.0,1.0,1.0,0.0
outer2,2,74,b7c1,30.0,30.0,0.0,0.0,0.0,0.0,0.0,1.0,1.0,0.0
outer2,2,74,b7c1,30.0,60.0,0.0,0.0,0.0,0.0,0.0,1.0,1.0,0.0
outer2,2,74,b7c1,30.0,90.0,0.0,0.0,0.0,0.0,0.0,1.0,1.0,0.0
outer2,2,74,b7c1,30.0,120.0,0.0,0.0,0.0,0.0,0.0,1.0,1.0,0.0
outer2,2,74,b7c1,30.0,150.0,0.0,0.0,0.0,0.0,0.0,1.0,1.0,0.0
outer2,2,74,b7c1,30.0,180.0,0.0,0.0,0.0,0.0,0.0,1.0,1.0,0.0
outer2,2,74,b7c1,30.0,210.0,0.0,0.0,0.0,0.0,0.0,1.0,1.0,0.0
outer2,2,74,b7c1,30.0,240.0,0.0,0.0,0.0,0.0,0.0,1.0,1.0,0.0
outer2,2,74,b7c1,30.0,270.0,0.0,0.0,0.0,0.0,0.0,1.0,1.0,0.0
outer2,2,74,b7c1,30.0,300.0,0.0,0.0,0.0,0.0,0.0,1.0,1.0,0.0
outer2,2,74,b7c1,30.0,330.0,0.0,0.0,0.0,0.0,0.0,1.0,1.0,0.0
outer2,2,74,b7c1,60.0,0.0,0.0,0.0,0.0,0.0,0.0,1.0,1.0,0.0
outer2,2,74,b7c1,60.0,30.0,0.0,120.00000762939453,120.00000762939453,0.0,180.0,1.0,0.0,-1.0
outer2,2,74,b7c1,60.0,60.0,75.52249145507812,128.68218994140625,53.159698486328125,60.0,30.0,0.0,0.0,0.0
outer2,2,74,b7c1,60.0,90.0,0.0,0.0,0.0,0.0,0.0,1.0,1.0,0.0
outer2,2,74,b7c1,60.0,120.0,0.0,0.0,0.0,0.0,0.0,1.0,1.0,0.0
outer2,2,74,b7c1,60.0,150.0,0.0,82.81924438476562,82.81924438476562,60.0,60.0,1.0,0.0,-1.0
outer2,2,74,b7c1,60.0,180.0,0.0,0.0,0.0,0.0,0.0,1.0,1.0,0.0
outer2,2,74,b7c1,60.0,210.0,0.0,0.0,0.0,0.0,0.0,1.0,1.0,0.0
outer2,2,74,b7c1,60.0,240.0,0.0,0.0,0.0,0.0,0.0,1.0,1.0,0.0
outer2,2,74,b7c1,60.0,270.0,0.0,0.0,0.0,0.0,0.0,1.0,1.0,0.0
outer2,2,74,b7c1,60.0,300.0,0.0,0.0,0.0,0.0,0.0,1.0,1.0,0.0
outer2,2,74,b7c1,60.0,330.0,0.0,0.0,0.0,0.0,0.0,1.0,1.0,0.0
outer2,2,74,b7c1,90.0,0.0,0.0,180.0,180.0,0.0,180.0,1.0,0.0,-1.0
outer2,2,74,b7c1,90.0,30.0,0.0,180.0,180.0,0.0,180.0,1.0,0.0,-1.0
outer2,2,74,b7c1,90.0,60.0,0.0,0.0,0.0,0.0,0.0,1.0,1.0,0.0
outer2,2,74,b7c1,90.0,90.0,180.0,180.0,0.0,0.0,0.0,0.0,0.0,0.0
outer2,2,74,b7c1,90.0,120.0,120.00000762939453,120.00000762939453,0.0,0.0,0.0,0.0,0.0,0.0
outer2,2,74,b7c1,90.0,150.0,120.00000762939453,0.0,-120.00000762939453,0.0,-120.0,0.0,1.0,1.0
outer2,2,74,b7c1,90.0,180.0,150.0,0.0,-150.0,0.0,-150.0,0.0,1.0,1.0
outer2,2,74,b7c1,90.0,210.0,180.0,180.0,0.0,0.0,0.0,0.0,0.0,0.0
outer2,2,74,b7c1,90.0,240.0,0.0,0.0,0.0,0.0,0.0,1.0,1.0,0.0
outer2,2,74,b7c1,90.0,270.0,0.0,0.0,0.0,0.0,0.0,1.0,1.0,0.0
outer2,2,74,b7c1,90.0,300.0,180.0,60.000003814697266,-119.99999618530273,0.0,-120.0,0.0,0.0,0.0
outer2,2,74,b7c1,90.0,330.0,180.0,180.0,0.0,0.0,0.0,0.0,0.0,0.0
outer2,2,74,b7c1,120.0,0.0,0.0,0.0,0.0,0.0,0.0,1.0,1.0,0.0
outer2,2,74,b7c1,120.0,30.0,0.0,120.00000762939453,120.00000762939453,0.0,180.0,1.0,0.0,-1.0
outer2,2,74,b7c1,120.0,60.0,97.18075561523438,0.0,-97.18075561523438,0.0,-120.0,0.0,1.0,1.0
outer2,2,74,b7c1,120.0,90.0,0.0,0.0,0.0,0.0,0.0,1.0,1.0,0.0
outer2,2,74,b7c1,120.0,120.0,0.0,0.0,0.0,0.0,0.0,1.0,1.0,0.0
outer2,2,74,b7c1,120.0,150.0,0.0,0.0,0.0,0.0,0.0,1.0,1.0,0.0
outer2,2,74,b7c1,120.0,180.0,0.0,0.0,0.0,0.0,0.0,1.0,1.0,0.0
outer2,2,74,b7c1,120.0,210.0,0.0,0.0,0.0,0.0,0.0,1.0,1.0,0.0
outer2,2,74,b7c1,120.0,240.0,0.0,0.0,0.0,0.0,0.0,1.0,1.0,0.0
outer2,2,74,b7c1,120.0,270.0,0.0,0.0,0.0,0.0,0.0,1.0,1.0,0.0
outer2,2,74,b7c1,120.0,300.0,0.0,0.0,0.0,0.0,0.0,1.0,1.0,0.0
outer2,2,74,b7c1,120.0,330.0,0.0,0.0,0.0,0.0,0.0,1.0,1.0,0.0
outer2,2,74,b7c1,150.0,0.0,0.0,0.0,0.0,0.0,0.0,1.0,1.0,0.0
outer2,2,74,b7c1,150.0,30.0,0.0,0.0,0.0,0.0,0.0,1.0,1.0,0.0
outer2,2,74,b7c1,150.0,60.0,0.0,0.0,0.0,0.0,0.0,1.0,1.0,0.0
outer2,2,74,b7c1,150.0,90.0,0.0,0.0,0.0,0.0,0.0,1.0,1.0,0.0
outer2,2,74,b7c1,150.0,120.0,0.0,0.0,0.0,0.0,0.0,1.0,1.0,0.0
outer2,2,74,b7c1,150.0,150.0,0.0,0.0,0.0,0.0,0.0,1.0,1.0,0.0
outer2,2,74,b7c1,150.0,180.0,0.0,60.000003814697266,60.000003814697266,0.0,180.0,1.0,0.0,-1.0
outer2,2,74,b7c1,150.0,210.0,0.0,0.0,0.0,0.0,0.0,1.0,1.0,0.0
outer2,2,74,b7c1,150.0,240.0,0.0,0.0,0.0,0.0,0.0,1.0,1.0,0.0
outer2,2,74,b7c1,150.0,270.0,0.0,0.0,0.0,0.0,0.0,1.0,1.0,0.0
outer2,2,74,b7c1,150.0,300.0,0.0,0.0,0.0,0.0,0.0,1.0,1.0,0.0
outer2,2,74,b7c1,150.0,330.0,0.0,0.0,0.0,0.0,0.0,1.0,1.0,0.0
outer2,2,74,b80b,30.0,0.0,0.0,0.0,0.0,0.0,0.0,1.0,1.0,0.0
outer2,2,74,b80b,30.0,30.0,0.0,0.0,0.0,0.0,0.0,1.0,1.0,0.0
outer2,2,74,b80b,30.0,60.0,0.0,0.0,0.0,0.0,0.0,1.0,1.0,0.0
outer2,2,74,b80b,30.0,90.0,0.0,0.0,0.0,0.0,0.0,1.0,1.0,0.0
outer2,2,74,b80b,30.0,120.0,0.0,0.0,0.0,0.0,0.0,1.0,1.0,0.0
outer2,2,74,b80b,30.0,150.0,60.000003814697266,60.000003814697266,0.0,0.0,0.0,0.0,0.0,0.0
outer2,2,74,b80b,30.0,180.0,0.0,0.0,0.0,0.0,0.0,1.0,1.0,0.0
outer2,2,74,b80b,30.0,210.0,0.0,0.0,0.0,0.0,0.0,1.0,1.0,0.0
outer2,2,74,b80b,30.0,240.0,0.0,0.0,0.0,0.0,0.0,1.0,1.0,0.0
outer2,2,74,b80b,30.0,270.0,0.0,0.0,0.0,0.0,0.0,1.0,1.0,0.0
outer2,2,74,b80b,30.0,300.0,0.0,0.0,0.0,0.0,0.0,1.0,1.0,0.0
outer2,2,74,b80b,30.0,330.0,0.0,0.0,0.0,0.0,0.0,1.0,1.0,0.0
outer2,2,74,b80b,60.0,0.0,0.0,0.0,0.0,0.0,0.0,1.0,1.0,0.0
outer2,2,74,b80b,60.0,30.0,0.0,0.0,0.0,0.0,0.0,1.0,1.0,0.0
outer2,2,74,b80b,60.0,60.0,0.0,0.0,0.0,0.0,0.0,1.0,1.0,0.0
outer2,2,74,b80b,60.0,90.0,0.0,0.0,0.0,0.0,0.0,1.0,1.0,0.0
outer2,2,74,b80b,60.0,120.0,0.0,0.0,0.0,0.0,0.0,1.0,1.0,0.0
outer2,2,74,b80b,60.0,150.0,0.0,0.0,0.0,0.0,0.0,1.0,1.0,0.0
outer2,2,74,b80b,60.0,180.0,0.0,0.0,0.0,0.0,0.0,1.0,1.0,0.0
outer2,2,74,b80b,60.0,210.0,0.0,0.0,0.0,0.0,0.0,1.0,1.0,0.0
outer2,2,74,b80b,60.0,240.0,0.0,0.0,0.0,0.0,0.0,1.0,1.0,0.0
outer2,2,74,b80b,60.0,270.0,0.0,0.0,0.0,0.0,0.0,1.0,1.0,0.0
outer2,2,74,b80b,60.0,300.0,0.0,0.0,0.0,0.0,0.0,1.0,1.0,0.0
outer2,2,74,b80b,60.0,330.0,0.0,0.0,0.0,0.0,0.0,1.0,1.0,0.0
outer2,2,74,b80b,90.0,0.0,0.0,180.0,180.0,0.0,180.0,1.0,0.0,-1.0
outer2,2,74,b80b,90.0,30.0,0.0,180.0,180.0,0.0,180.0,1.0,0.0,-1.0
outer2,2,74,b80b,90.0,60.0,0.0,0.0,0.0,0.0,0.0,1.0,1.0,0.0
outer2,2,74,b80b,90.0,90.0,180.0,180.0,0.0,0.0,0.0,0.0,0.0,0.0
outer2,2,74,b80b,90.0,120.0,0.0,180.0,180.0,0.0,180.0,1.0,0.0,-1.0
outer2,2,74,b80b,90.0,150.0,0.0,0.0,0.0,0.0,0.0,1.0,1.0,0.0
outer2,2,74,b80b,90.0,180.0,180.0,0.0,-180.0,0.0,-180.0,0.0,1.0,1.0
outer2,2,74,b80b,90.0,210.0,0.0,0.0,0.0,0.0,0.0,1.0,1.0,0.0
outer2,2,74,b80b,90.0,240.0,0.0,180.0,180.0,0.0,180.0,1.0,0.0,-1.0
outer2,2,74,b80b,90.0,270.0,0.0,0.0,0.0,0.0,0.0,1.0,1.0,0.0
outer2,2,74,b80b,90.0,300.0,0.0,0.0,0.0,0.0,0.0,1.0,1.0,0.0
outer2,2,74,b80b,90.0,330.0,180.0,180.0,0.0,0.0,0.0,0.0,0.0,0.0
outer2,2,74,b80b,120.0,0.0,0.0,0.0,0.0,0.0,0.0,1.0,1.0,0.0
outer2,2,74,b80b,120.0,30.0,0.0,0.0,0.0,0.0,0.0,1.0,1.0,0.0
outer2,2,74,b80b,120.0,60.0,0.0,0.0,0.0,0.0,0.0,1.0,1.0,0.0
outer2,2,74,b80b,120.0,90.0,0.0,0.0,0.0,0.0,0.0,1.0,1.0,0.0
outer2,2,74,b80b,120.0,120.0,0.0,0.0,0.0,0.0,0.0,1.0,1.0,0.0
outer2,2,74,b80b,120.0,150.0,0.0,0.0,0.0,0.0,0.0,1.0,1.0,0.0
outer2,2,74,b80b,120.0,180.0,0.0,0.0,0.0,0.0,0.0,1.0,1.0,0.0
outer2,2,74,b80b,120.0,210.0,0.0,0.0,0.0,0.0,0.0,1.0,1.0,0.0
outer2,2,74,b80b,120.0,240.0,0.0,0.0,0.0,0.0,0.0,1.0,1.0,0.0
outer2,2,74,b80b,120.0,270.0,0.0,0.0,0.0,0.0,0.0,1.0,1.0,0.0
outer2,2,74,b80b,120.0,300.0,0.0,0.0,0.0,0.0,0.0,1.0,1.0,0.0
outer2,2,74,b80b,120.0,330.0,0.0,0.0,0.0,0.0,0.0,1.0,1.0,0.0
outer2,2,74,b80b,150.0,0.0,0.0,0.0,0.0,0.0,0.0,1.0,1.0,0.0
outer2,2,74,b80b,150.0,30.0,0.0,0.0,0.0,0.0,0.0,1.0,1.0,0.0
outer2,2,74,b80b,150.0,60.0,0.0,0.0,0.0,0.0,0.0,1.0,1.0,0.0
outer2,2,74,b80b,150.0,90.0,0.0,0.0,0.0,0.0,0.0,1.0,1.0,0.0
outer2,2,74,b80b,150.0,120.0,0.0,0.0,0.0,0.0,0.0,1.0,1.0,0.0
outer2,2,74,b80b,150.0,150.0,0.0,0.0,0.0,0.0,0.0,1.0,1.0,0.0
outer2,2,74,b80b,150.0,180.0,0.0,0.0,0.0,0.0,0.0,1.0,1.0,0.0
outer2,2,74,b80b,150.0,210.0,0.0,0.0,0.0,0.0,0.0,1.0,1.0,0.0
outer2,2,74,b80b,150.0,240.0,0.0,0.0,0.0,0.0,0.0,1.0,1.0,0.0
outer2,2,74,b80b,150.0,270.0,0.0,0.0,0.0,0.0,0.0,1.0,1.0,0.0
outer2,2,74,b80b,150.0,300.0,0.0,0.0,0.0,0.0,0.0,1.0,1.0,0.0
outer2,2,74,b80b,150.0,330.0,0.0,0.0,0.0,0.0,0.0,1.0,1.0,0.0
outer2,2,74,b9e6,30.0,0.0,0.0,0.0,0.0,0.0,0.0,1.0,1.0,0.0
outer2,2,74,b9e6,30.0,30.0,0.0,0.0,0.0,0.0,0.0,1.0,1.0,0.0
outer2,2,74,b9e6,30.0,60.0,0.0,0.0,0.0,0.0,0.0,1.0,1.0,0.0
outer2,2,74,b9e6,30.0,90.0,0.0,0.0,0.0,0.0,0.0,1.0,1.0,0.0
outer2,2,74,b9e6,30.0,120.0,0.0,0.0,0.0,0.0,0.0,1.0,1.0,0.0
outer2,2,74,b9e6,30.0,150.0,0.0,0.0,0.0,0.0,0.0,1.0,1.0,0.0
outer2,2,74,b9e6,30.0,180.0,0.0,0.0,0.0,0.0,0.0,1.0,1.0,0.0
outer2,2,74,b9e6,30.0,210.0,0.0,0.0,0.0,0.0,0.0,1.0,1.0,0.0
outer2,2,74,b9e6,30.0,240.0,0.0,0.0,0.0,0.0,0.0,1.0,1.0,0.0
outer2,2,74,b9e6,30.0,270.0,0.0,0.0,0.0,0.0,0.0,1.0,1.0,0.0
outer2,2,74,b9e6,30.0,300.0,0.0,0.0,0.0,0.0,0.0,1.0,1.0,0.0
outer2,2,74,b9e6,30.0,330.0,0.0,0.0,0.0,0.0,0.0,1.0,1.0,0.0
outer2,2,74,b9e6,60.0,0.0,0.0,0.0,0.0,0.0,0.0,1.0,1.0,0.0
outer2,2,74,b9e6,60.0,30.0,0.0,0.0,0.0,0.0,0.0,1.0,1.0,0.0
outer2,2,74,b9e6,60.0,60.0,0.0,0.0,0.0,0.0,0.0,1.0,1.0,0.0
outer2,2,74,b9e6,60.0,90.0,0.0,0.0,0.0,0.0,0.0,1.0,1.0,0.0
outer2,2,74,b9e6,60.0,120.0,0.0,0.0,0.0,0.0,0.0,1.0,1.0,0.0
outer2,2,74,b9e6,60.0,150.0,0.0,0.0,0.0,0.0,0.0,1.0,1.0,0.0
outer2,2,74,b9e6,60.0,180.0,0.0,30.000001907348633,30.000001907348633,30.0,0.0,1.0,0.0,-1.0
outer2,2,74,b9e6,60.0,210.0,120.00000762939453,120.00000762939453,0.0,0.0,0.0,0.0,0.0,0.0
outer2,2,74,b9e6,60.0,240.0,0.0,0.0,0.0,0.0,0.0,1.0,1.0,0.0
outer2,2,74,b9e6,60.0,270.0,0.0,0.0,0.0,0.0,0.0,1.0,1.0,0.0
outer2,2,74,b9e6,60.0,300.0,0.0,0.0,0.0,0.0,0.0,1.0,1.0,0.0
outer2,2,74,b9e6,60.0,330.0,0.0,0.0,0.0,0.0,0.0,1.0,1.0,0.0
outer2,2,74,b9e6,90.0,0.0,180.0,0.0,-180.0,0.0,-180.0,0.0,1.0,1.0
outer2,2,74,b9e6,90.0,30.0,0.0,0.0,0.0,0.0,0.0,1.0,1.0,0.0
outer2,2,74,b9e6,90.0,60.0,0.0,180.0,180.0,0.0,180.0,1.0,0.0,-1.0
outer2,2,74,b9e6,90.0,90.0,0.0,180.0,180.0,0.0,180.0,1.0,0.0,-1.0
outer2,2,74,b9e6,90.0,120.0,60.000003814697266,0.0,-60.000003814697266,0.0,-60.0,0.0,1.0,1.0
outer2,2,74,b9e6,90.0,150.0,0.0,60.000003814697266,60.000003814697266,0.0,60.0,1.0,0.0,-1.0
outer2,2,74,b9e6,90.0,180.0,0.0,180.0,180.0,0.0,180.0,1.0,0.0,-1.0
outer2,2,74,b9e6,90.0,210.0,0.0,180.0,180.0,0.0,180.0,1.0,0.0,-1.0
outer2,2,74,b9e6,90.0,240.0,0.0,0.0,0.0,0.0,0.0,1.0,1.0,0.0
outer2,2,74,b9e6,90.0,270.0,0.0,0.0,0.0,0.0,0.0,1.0,1.0,0.0
outer2,2,74,b9e6,90.0,300.0,60.000003814697266,0.0,-60.000003814697266,0.0,-60.0,0.0,1.0,1.0
outer2,2,74,b9e6,90.0,330.0,180.0,180.0,0.0,0.0,0.0,0.0,0.0,0.0
outer2,2,74,b9e6,120.0,0.0,0.0,0.0,0.0,0.0,0.0,1.0,1.0,0.0
outer2,2,74,b9e6,120.0,30.0,0.0,0.0,0.0,0.0,0.0,1.0,1.0,0.0
outer2,2,74,b9e6,120.0,60.0,0.0,0.0,0.0,0.0,0.0,1.0,1.0,0.0
outer2,2,74,b9e6,120.0,90.0,0.0,0.0,0.0,0.0,0.0,1.0,1.0,0.0
outer2,2,74,b9e6,120.0,120.0,0.0,0.0,0.0,0.0,0.0,1.0,1.0,0.0
outer2,2,74,b9e6,120.0,150.0,0.0,0.0,0.0,0.0,0.0,1.0,1.0,0.0
outer2,2,74,b9e6,120.0,180.0,0.0,0.0,0.0,0.0,0.0,1.0,1.0,0.0
outer2,2,74,b9e6,120.0,210.0,120.00000762939453,120.00000762939453,0.0,0.0,0.0,0.0,0.0,0.0
outer2,2,74,b9e6,120.0,240.0,0.0,0.0,0.0,0.0,0.0,1.0,1.0,0.0
outer2,2,74,b9e6,120.0,270.0,0.0,0.0,0.0,0.0,0.0,1.0,1.0,0.0
outer2,2,74,b9e6,120.0,300.0,0.0,0.0,0.0,0.0,0.0,1.0,1.0,0.0
outer2,2,74,b9e6,120.0,330.0,0.0,0.0,0.0,0.0,0.0,1.0,1.0,0.0
outer2,2,74,b9e6,150.0,0.0,0.0,0.0,0.0,0.0,0.0,1.0,1.0,0.0
outer2,2,74,b9e6,150.0,30.0,0.0,0.0,0.0,0.0,0.0,1.0,1.0,0.0
outer2,2,74,b9e6,150.0,60.0,0.0,0.0,0.0,0.0,0.0,1.0,1.0,0.0
outer2,2,74,b9e6,150.0,90.0,0.0,0.0,0.0,0.0,0.0,1.0,1.0,0.0
outer2,2,74,b9e6,150.0,120.0,0.0,0.0,0.0,0.0,0.0,1.0,1.0,0.0
outer2,2,74,b9e6,150.0,150.0,0.0,0.0,0.0,0.0,0.0,1.0,1.0,0.0
outer2,2,74,b9e6,150.0,180.0,0.0,0.0,0.0,0.0,0.0,1.0,1.0,0.0
outer2,2,74,b9e6,150.0,210.0,0.0,0.0,0.0,0.0,0.0,1.0,1.0,0.0
outer2,2,74,b9e6,150.0,240.0,0.0,0.0,0.0,0.0,0.0,1.0,1.0,0.0
outer2,2,74,b9e6,150.0,270.0,0.0,0.0,0.0,0.0,0.0,1.0,1.0,0.0
outer2,2,74,b9e6,150.0,300.0,0.0,0.0,0.0,0.0,0.0,1.0,1.0,0.0
outer2,2,74,b9e6,150.0,330.0,0.0,0.0,0.0,0.0,0.0,1.0,1.0,0.0
outer2,2,74,ba0f,30.0,0.0,90.0,30.000001907348633,-59.99999809265137,0.0,-180.0,0.0,0.0,0.0
outer2,2,74,ba0f,30.0,30.0,151.04498291015625,60.000003814697266,-91.04497909545898,-120.0,60.0,0.0,0.0,0.0
outer2,2,74,ba0f,30.0,60.0,57.7581901550293,128.68218994140625,70.92399978637695,120.0,-90.0,0.0,0.0,0.0
outer2,2,74,ba0f,30.0,90.0,165.12905883789062,60.000003814697266,-105.12905502319336,-120.0,30.0,0.0,0.0,0.0
outer2,2,74,ba0f,30.0,120.0,0.0,60.000003814697266,60.000003814697266,0.0,180.0,1.0,0.0,-1.0
outer2,2,74,ba0f,30.0,150.0,0.0,60.000003814697266,60.000003814697266,0.0,180.0,1.0,0.0,-1.0
outer2,2,74,ba0f,30.0,180.0,90.0,150.0,60.0,0.0,180.0,0.0,0.0,0.0
outer2,2,74,ba0f,30.0,210.0,151.04498291015625,151.04498291015625,0.0,0.0,0.0,0.0,0.0,0.0
outer2,2,74,ba0f,30.0,240.0,28.95502281188965,128.68218994140625,99.7271671295166,120.0,0.0,0.0,0.0,0.0
outer2,2,74,ba0f,30.0,270.0,120.00000762939453,120.00000762939453,0.0,0.0,0.0,0.0,0.0,0.0
outer2,2,74,ba0f,30.0,300.0,60.000003814697266,0.0,-60.000003814697266,0.0,-180.0,0.0,1.0,1.0
outer2,2,74,ba0f,30.0,330.0,0.0,0.0,0.0,0.0,0.0,1.0,1.0,0.0
outer2,2,74,ba0f,60.0,0.0,0.0,90.0,90.0,30.0,180.0,1.0,0.0,-1.0
outer2,2,74,ba0f,60.0,30.0,0.0,0.0,0.0,0.0,0.0,1.0,1.0,0.0
outer2,2,74,ba0f,60.0,60.0,51.31781005859375,120.00000762939453,68.68219757080078,0.0,120.0,0.0,0.0,0.0
outer2,2,74,ba0f,60.0,90.0,25.905075073242188,0.0,-25.905075073242188,0.0,-30.0,0.0,1.0,1.0
outer2,2,74,ba0f,60.0,120.0,120.00000762939453,113.5481185913086,-6.4518890380859375,0.0,-30.0,0.0,0.0,0.0
outer2,2,74,ba0f,60.0,150.0,120.00000762939453,60.000003814697266,-60.000003814697266,60.0,-180.0,0.0,0.0,0.0
outer2,2,74,ba0f,60.0,180.0,60.000003814697266,0.0,-60.000003814697266,-60.0,0.0,0.0,1.0,1.0
outer2,2,74,ba0f,60.0,210.0,60.000003814697266,60.000003814697266,0.0,0.0,0.0,0.0,0.0,0.0
outer2,2,74,ba0f,60.0,240.0,138.59039306640625,0.0,-138.59039306640625,-30.0,-150.0,0.0,1.0,1.0
outer2,2,74,ba0f,60.0,270.0,29.999998092651367,29.999998092651367,0.0,0.0,0.0,0.0,0.0,0.0
outer2,2,74,ba0f,60.0,300.0,113.54812622070312,180.0,66.45187377929688,60.0,30.0,0.0,0.0,0.0
outer2,2,74,ba0f,60.0,330.0,128.6822052001953,180.0,51.31779479980469,0.0,60.0,0.0,0.0,0.0
outer2,2,74,ba0f,90.0,0.0,180.0,0.0,-180.0,0.0,-180.0,0.0,1.0,1.0
outer2,2,74,ba0f,90.0,30.0,60.00000762939453,120.00000762939453,60.0,0.0,60.0,0.0,0.0,0.0
outer2,2,74,ba0f,90.0,60.0,60.000003814697266,180.0,119.99999618530273,0.0,120.0,0.0,0.0,0.0
outer2,2,74,ba0f,90.0,90.0,180.0,0.0,-180.0,0.0,-180.0,0.0,1.0,1.0
outer2,2,74,ba0f,90.0,120.0,0.0,120.00000762939453,120.00000762939453,0.0,120.0,1.0,0.0,-1.0
outer2,2,74,ba0f,90.0,150.0,150.0,180.0,30.0,0.0,30.0,0.0,0.0,0.0
outer2,2,74,ba0f,90.0,180.0,0.0,180.0,180.0,0.0,180.0,1.0,0.0,-1.0
outer2,2,74,ba0f,90.0,210.0,120.00000762939453,120.00000762939453,0.0,0.0,0.0,0.0,0.0,0.0
outer2,2,74,ba0f,90.0,240.0,120.00000762939453,60.000003814697266,-60.000003814697266,0.0,-60.0,0.0,0.0,0.0
outer2,2,74,ba0f,90.0,270.0,180.0,180.0,0.0,0.0,0.0,0.0,0.0,0.0
outer2,2,74,ba0f,90.0,300.0,0.0,60.000003814697266,60.000003814697266,0.0,60.0,1.0,0.0,-1.0
outer2,2,74,ba0f,90.0,330.0,30.00000762939453,180.0,149.99999237060547,0.0,150.0,0.0,0.0,0.0
outer2,2,74,ba0f,120.0,0.0,120.00000762939453,29.99998664855957,-90.00002098083496,30.0,-180.0,0.0,0.0,0.0
outer2,2,74,ba0f,120.0,30.0,0.0,0.0,0.0,0.0,0.0,1.0,1.0,0.0
outer2,2,74,ba0f,120.0,60.0,113.54811096191406,113.54811096191406,0.0,0.0,0.0,0.0,0.0,0.0
outer2,2,74,ba0f,120.0,90.0,0.0,150.0,150.0,30.0,180.0,1.0,0.0,-1.0
outer2,2,74,ba0f,120.0,120.0,120.00000762939453,113.54811096191406,-6.451896667480469,0.0,-30.0,0.0,0.0,0.0
outer2,2,74,ba0f,120.0,150.0,120.00000762939453,75.52249145507812,-44.477516174316406,0.0,-90.0,0.0,0.0,0.0
outer2,2,74,ba0f,120.0,180.0,0.0,60.000003814697266,60.000003814697266,60.0,0.0,1.0,0.0,-1.0
outer2,2,74,ba0f,120.0,210.0,180.0,60.000003814697266,-119.99999618530273,0.0,-180.0,0.0,0.0,0.0
outer2,2,74,ba0f,120.0,240.0,25.905075073242188,128.6822052001953,102.77713012695312,60.0,90.0,0.0,0.0,0.0
outer2,2,74,ba0f,120.0,270.0,60.000003814697266,30.000001907348633,-30.000001907348633,-30.0,0.0,0.0,0.0,0.0
outer2,2,74,ba0f,120.0,300.0,113.54811096191406,180.0,66.45188903808594,60.0,30.0,0.0,0.0,0.0
outer2,2,74,ba0f,120.0,330.0,97.18075561523438,97.18075561523438,0.0,0.0,0.0,0.0,0.0,0.0
outer2,2,74,ba0f,150.0,0.0,60.000003814697266,29.99998664855957,-30.000017166137695,30.0,-180.0,0.0,0.0,0.0
outer2,2,74,ba0f,150.0,30.0,151.04498291015625,0.0,-151.04498291015625,-120.0,-120.0,0.0,1.0,1.0
outer2,2,74,ba0f,150.0,60.0,60.000003814697266,128.68218994140625,68.68218612670898,120.0,-120.0,0.0,0.0,0.0
outer2,2,74,ba0f,150.0,90.0,60.000003814697266,60.000003814697266,0.0,0.0,0.0,0.0,0.0,0.0
outer2,2,74,ba0f,150.0,120.0,60.000003814697266,60.000003814697266,0.0,0.0,0.0,0.0,0.0,0.0
outer2,2,74,ba0f,150.0,150.0,0.0,60.000003814697266,60.000003814697266,0.0,180.0,1.0,0.0,-1.0
outer2,2,74,ba0f,150.0,180.0,90.0,150.0,60.0,0.0,180.0,0.0,0.0,0.0
outer2,2,74,ba0f,150.0,210.0,128.68218994140625,151.04498291015625,22.36279296875,0.0,60.0,0.0,0.0,0.0
outer2,2,74,ba0f,150.0,240.0,0.0,128.68218994140625,128.68218994140625,120.0,60.0,1.0,0.0,-1.0
outer2,2,74,ba0f,150.0,270.0,14.870942115783691,120.00000762939453,105.12906551361084,120.0,-30.0,0.0,0.0,0.0
outer2,2,74,ba0f,150.0,300.0,0.0,0.0,0.0,0.0,0.0,1.0,1.0,0.0
outer2,2,74,ba0f,150.0,330.0,0.0,0.0,0.0,0.0,0.0,1.0,1.0,0.0
outer2,2,74,bb7c,30.0,0.0,0.0,30.000001907348633,30.000001907348633,30.0,0.0,1.0,0.0,-1.0
outer2,2,74,bb7c,30.0,30.0,0.0,0.0,0.0,0.0,0.0,1.0,1.0,0.0
outer2,2,74,bb7c,30.0,60.0,0.0,0.0,0.0,0.0,0.0,1.0,1.0,0.0
outer2,2,74,bb7c,30.0,90.0,0.0,0.0,0.0,0.0,0.0,1.0,1.0,0.0
outer2,2,74,bb7c,30.0,120.0,0.0,0.0,0.0,0.0,0.0,1.0,1.0,0.0
outer2,2,74,bb7c,30.0,150.0,0.0,0.0,0.0,0.0,0.0,1.0,1.0,0.0
outer2,2,74,bb7c,30.0,180.0,0.0,90.0,90.0,30.0,180.0,1.0,0.0,-1.0
outer2,2,74,bb7c,30.0,210.0,0.0,0.0,0.0,0.0,0.0,1.0,1.0,0.0
outer2,2,74,bb7c,30.0,240.0,0.0,0.0,0.0,0.0,0.0,1.0,1.0,0.0
outer2,2,74,bb7c,30.0,270.0,0.0,0.0,0.0,0.0,0.0,1.0,1.0,0.0
outer2,2,74,bb7c,30.0,300.0,0.0,0.0,0.0,0.0,0.0,1.0,1.0,0.0
outer2,2,74,bb7c,30.0,330.0,0.0,0.0,0.0,0.0,0.0,1.0,1.0,0.0
outer2,2,74,bb7c,60.0,0.0,0.0,0.0,0.0,0.0,0.0,1.0,1.0,0.0
outer2,2,74,bb7c,60.0,30.0,0.0,0.0,0.0,0.0,0.0,1.0,1.0,0.0
outer2,2,74,bb7c,60.0,60.0,51.31781005859375,0.0,-51.31781005859375,0.0,-60.0,0.0,1.0,1.0
outer2,2,74,bb7c,60.0,90.0,0.0,0.0,0.0,0.0,0.0,1.0,1.0,0.0
outer2,2,74,bb7c,60.0,120.0,0.0,0.0,0.0,0.0,0.0,1.0,1.0,0.0
outer2,2,74,bb7c,60.0,150.0,0.0,0.0,0.0,0.0,0.0,1.0,1.0,0.0
outer2,2,74,bb7c,60.0,180.0,0.0,120.00000762939453,120.00000762939453,0.0,180.0,1.0,0.0,-1.0
outer2,2,74,bb7c,60.0,210.0,82.81924438476562,82.81924438476562,0.0,0.0,0.0,0.0,0.0,0.0
outer2,2,74,bb7c,60.0,240.0,0.0,0.0,0.0,0.0,0.0,1.0,1.0,0.0
outer2,2,74,bb7c,60.0,270.0,180.0,0.0,-180.0,-60.0,-180.0,0.0,1.0,1.0
outer2,2,74,bb7c,60.0,300.0,0.0,0.0,0.0,0.0,0.0,1.0,1.0,0.0
outer2,2,74,bb7c,60.0,330.0,0.0,0.0,0.0,0.0,0.0,1.0,1.0,0.0
outer2,2,74,bb7c,90.0,0.0,0.0,0.0,0.0,0.0,0.0,1.0,1.0,0.0
outer2,2,74,bb7c,90.0,30.0,0.0,180.0,180.0,0.0,180.0,1.0,0.0,-1.0
outer2,2,74,bb7c,90.0,60.0,150.0,119.99999237060547,-30.00000762939453,-30.0,-60.0,0.0,0.0,0.0
outer2,2,74,bb7c,90.0,90.0,0.0,0.0,0.0,0.0,0.0,1.0,1.0,0.0
outer2,2,74,bb7c,90.0,120.0,120.00000762939453,180.0,59.99999237060547,0.0,60.0,0.0,0.0,0.0
outer2,2,74,bb7c,90.0,150.0,180.0,0.0,-180.0,0.0,-180.0,0.0,1.0,1.0
outer2,2,74,bb7c,90.0,180.0,180.0,0.0,-180.0,0.0,-180.0,0.0,1.0,1.0
outer2,2,74,bb7c,90.0,210.0,0.0,0.0,0.0,0.0,0.0,1.0,1.0,0.0
outer2,2,74,bb7c,90.0,240.0,0.0,180.0,180.0,0.0,180.0,1.0,0.0,-1.0
outer2,2,74,bb7c,90.0,270.0,0.0,180.0,180.0,0.0,180.0,1.0,0.0,-1.0
outer2,2,74,bb7c,90.0,300.0,60.000003814697266,0.0,-60.000003814697266,0.0,-60.0,0.0,1.0,1.0
outer2,2,74,bb7c,90.0,330.0,0.0,0.0,0.0,0.0,0.0,1.0,1.0,0.0
outer2,2,74,bb7c,120.0,0.0,0.0,0.0,0.0,0.0,0.0,1.0,1.0,0.0
outer2,2,74,bb7c,120.0,30.0,0.0,0.0,0.0,0.0,0.0,1.0,1.0,0.0
outer2,2,74,bb7c,120.0,60.0,0.0,0.0,0.0,0.0,0.0,1.0,1.0,0.0
outer2,2,74,bb7c,120.0,90.0,0.0,0.0,0.0,0.0,0.0,1.0,1.0,0.0
outer2,2,74,bb7c,120.0,120.0,0.0,0.0,0.0,0.0,0.0,1.0,1.0,0.0
outer2,2,74,bb7c,120.0,150.0,0.0,0.0,0.0,0.0,0.0,1.0,1.0,0.0
outer2,2,74,bb7c,120.0,180.0,0.0,120.00000762939453,120.00000762939453,0.0,180.0,1.0,0.0,-1.0
outer2,2,74,bb7c,120.0,210.0,0.0,82.81924438476562,82.81924438476562,60.0,60.0,1.0,0.0,-1.0
outer2,2,74,bb7c,120.0,240.0,0.0,0.0,0.0,0.0,0.0,1.0,1.0,0.0
outer2,2,74,bb7c,120.0,270.0,180.0,120.00000762939453,-59.99999237060547,-60.0,0.0,0.0,0.0,0.0
outer2,2,74,bb7c,120.0,300.0,0.0,0.0,0.0,0.0,0.0,1.0,1.0,0.0
outer2,2,74,bb7c,120.0,330.0,0.0,82.81924438476562,82.81924438476562,60.0,60.0,1.0,0.0,-1.0
outer2,2,74,bb7c,150.0,0.0,0.0,29.99998664855957,29.99998664855957,30.0,0.0,1.0,0.0,-1.0
outer2,2,74,bb7c,150.0,30.0,0.0,0.0,0.0,0.0,0.0,1.0,1.0,0.0
outer2,2,74,bb7c,150.0,60.0,0.0,0.0,0.0,0.0,0.0,1.0,1.0,0.0
outer2,2,74,bb7c,150.0,90.0,0.0,0.0,0.0,0.0,0.0,1.0,1.0,0.0
outer2,2,74,bb7c,150.0,120.0,0.0,0.0,0.0,0.0,0.0,1.0,1.0,0.0
outer2,2,74,bb7c,150.0,150.0,0.0,0.0,0.0,0.0,0.0,1.0,1.0,0.0
outer2,2,74,bb7c,150.0,180.0,0.0,90.0,90.0,30.0,180.0,1.0,0.0,-1.0
outer2,2,74,bb7c,150.0,210.0,0.0,0.0,0.0,0.0,0.0,1.0,1.0,0.0
outer2,2,74,bb7c,150.0,240.0,0.0,0.0,0.0,0.0,0.0,1.0,1.0,0.0
outer2,2,74,bb7c,150.0,270.0,0.0,0.0,0.0,0.0,0.0,1.0,1.0,0.0
outer2,2,74,bb7c,150.0,300.0,0.0,0.0,0.0,0.0,0.0,1.0,1.0,0.0
outer2,2,74,bb7c,150.0,330.0,0.0,0.0,0.0,0.0,0.0,1.0,1.0,0.0
outer2,2,75,b7c1,30.0,0.0,0.0,0.0,0.0,0.0,0.0,1.0,1.0,0.0
outer2,2,75,b7c1,30.0,30.0,0.0,0.0,0.0,0.0,0.0,1.0,1.0,0.0
outer2,2,75,b7c1,30.0,60.0,0.0,0.0,0.0,0.0,0.0,1.0,1.0,0.0
outer2,2,75,b7c1,30.0,90.0,0.0,0.0,0.0,0.0,0.0,1.0,1.0,0.0
outer2,2,75,b7c1,30.0,120.0,0.0,0.0,0.0,0.0,0.0,1.0,1.0,0.0
outer2,2,75,b7c1,30.0,150.0,0.0,0.0,0.0,0.0,0.0,1.0,1.0,0.0
outer2,2,75,b7c1,30.0,180.0,0.0,0.0,0.0,0.0,0.0,1.0,1.0,0.0
outer2,2,75,b7c1,30.0,210.0,0.0,0.0,0.0,0.0,0.0,1.0,1.0,0.0
outer2,2,75,b7c1,30.0,240.0,0.0,0.0,0.0,0.0,0.0,1.0,1.0,0.0
outer2,2,75,b7c1,30.0,270.0,0.0,0.0,0.0,0.0,0.0,1.0,1.0,0.0
outer2,2,75,b7c1,30.0,300.0,0.0,0.0,0.0,0.0,0.0,1.0,1.0,0.0
outer2,2,75,b7c1,30.0,330.0,0.0,0.0,0.0,0.0,0.0,1.0,1.0,0.0
outer2,2,75,b7c1,60.0,0.0,0.0,0.0,0.0,0.0,0.0,1.0,1.0,0.0
outer2,2,75,b7c1,60.0,30.0,0.0,0.0,0.0,0.0,0.0,1.0,1.0,0.0
outer2,2,75,b7c1,60.0,60.0,0.0,0.0,0.0,0.0,0.0,1.0,1.0,0.0
outer2,2,75,b7c1,60.0,90.0,0.0,0.0,0.0,0.0,0.0,1.0,1.0,0.0
outer2,2,75,b7c1,60.0,120.0,0.0,0.0,0.0,0.0,0.0,1.0,1.0,0.0
outer2,2,75,b7c1,60.0,150.0,0.0,0.0,0.0,0.0,0.0,1.0,1.0,0.0
outer2,2,75,b7c1,60.0,180.0,0.0,0.0,0.0,0.0,0.0,1.0,1.0,0.0
outer2,2,75,b7c1,60.0,210.0,0.0,0.0,0.0,0.0,0.0,1.0,1.0,0.0
outer2,2,75,b7c1,60.0,240.0,0.0,0.0,0.0,0.0,0.0,1.0,1.0,0.0
outer2,2,75,b7c1,60.0,270.0,0.0,0.0,0.0,0.0,0.0,1.0,1.0,0.0
outer2,2,75,b7c1,60.0,300.0,0.0,0.0,0.0,0.0,0.0,1.0,1.0,0.0
outer2,2,75,b7c1,60.0,330.0,0.0,0.0,0.0,0.0,0.0,1.0,1.0,0.0
outer2,2,75,b7c1,90.0,0.0,0.0,180.0,180.0,0.0,180.0,1.0,0.0,-1.0
outer2,2,75,b7c1,90.0,30.0,0.0,0.0,0.0,0.0,0.0,1.0,1.0,0.0
outer2,2,75,b7c1,90.0,60.0,0.0,0.0,0.0,0.0,0.0,1.0,1.0,0.0
outer2,2,75,b7c1,90.0,90.0,180.0,180.0,0.0,0.0,0.0,0.0,0.0,0.0
outer2,2,75,b7c1,90.0,120.0,120.00000762939453,60.000003814697266,-60.000003814697266,0.0,-60.0,0.0,0.0,0.0
outer2,2,75,b7c1,90.0,150.0,120.00000762939453,120.00000762939453,0.0,0.0,0.0,0.0,0.0,0.0
outer2,2,75,b7c1,90.0,180.0,180.0,0.0,-180.0,0.0,-180.0,0.0,1.0,1.0
outer2,2,75,b7c1,90.0,210.0,180.0,180.0,0.0,0.0,0.0,0.0,0.0,0.0
outer2,2,75,b7c1,90.0,240.0,0.0,180.0,180.0,0.0,180.0,1.0,0.0,-1.0
outer2,2,75,b7c1,90.0,270.0,0.0,0.0,0.0,0.0,0.0,1.0,1.0,0.0
outer2,2,75,b7c1,90.0,300.0,180.0,119.99999237060547,-60.00000762939453,0.0,-60.0,0.0,0.0,0.0
outer2,2,75,b7c1,90.0,330.0,60.00000762939453,120.00000762939453,60.0,0.0,60.0,0.0,0.0,0.0
outer2,2,75,b7c1,120.0,0.0,0.0,0.0,0.0,0.0,0.0,1.0,1.0,0.0
outer2,2,75,b7c1,120.0,30.0,0.0,120.00000762939453,120.00000762939453,0.0,180.0,1.0,0.0,-1.0
outer2,2,75,b7c1,120.0,60.0,60.000003814697266,0.0,-60.000003814697266,-60.0,0.0,0.0,1.0,1.0
outer2,2,75,b7c1,120.0,90.0,0.0,0.0,0.0,0.0,0.0,1.0,1.0,0.0
outer2,2,75,b7c1,120.0,120.0,0.0,0.0,0.0,0.0,0.0,1.0,1.0,0.0
outer2,2,75,b7c1,120.0,150.0,0.0,51.31781005859375,51.31781005859375,0.0,60.0,1.0,0.0,-1.0
outer2,2,75,b7c1,120.0,180.0,0.0,0.0,0.0,0.0,0.0,1.0,1.0,0.0
outer2,2,75,b7c1,120.0,210.0,0.0,0.0,0.0,0.0,0.0,1.0,1.0,0.0
outer2,2,75,b7c1,120.0,240.0,0.0,0.0,0.0,0.0,0.0,1.0,1.0,0.0
outer2,2,75,b7c1,120.0,270.0,0.0,0.0,0.0,0.0,0.0,1.0,1.0,0.0
outer2,2,75,b7c1,120.0,300.0,0.0,0.0,0.0,0.0,0.0,1.0,1.0,0.0
outer2,2,75,b7c1,120.0,330.0,0.0,0.0,0.0,0.0,0.0,1.0,1.0,0.0
outer2,2,75,b7c1,150.0,0.0,0.0,0.0,0.0,0.0,0.0,1.0,1.0,0.0
outer2,2,75,b7c1,150.0,30.0,0.0,0.0,0.0,0.0,0.0,1.0,1.0,0.0
outer2,2,75,b7c1,150.0,60.0,0.0,0.0,0.0,0.0,0.0,1.0,1.0,0.0
outer2,2,75,b7c1,150.0,90.0,0.0,0.0,0.0,0.0,0.0,1.0,1.0,0.0
outer2,2,75,b7c1,150.0,120.0,0.0,0.0,0.0,0.0,0.0,1.0,1.0,0.0
outer2,2,75,b7c1,150.0,150.0,0.0,0.0,0.0,0.0,0.0,1.0,1.0,0.0
outer2,2,75,b7c1,150.0,180.0,0.0,0.0,0.0,0.0,0.0,1.0,1.0,0.0
outer2,2,75,b7c1,150.0,210.0,0.0,0.0,0.0,0.0,0.0,1.0,1.0,0.0
outer2,2,75,b7c1,150.0,240.0,0.0,0.0,0.0,0.0,0.0,1.0,1.0,0.0
outer2,2,75,b7c1,150.0,270.0,0.0,0.0,0.0,0.0,0.0,1.0,1.0,0.0
outer2,2,75,b7c1,150.0,300.0,0.0,0.0,0.0,0.0,0.0,1.0,1.0,0.0
outer2,2,75,b7c1,150.0,330.0,0.0,0.0,0.0,0.0,0.0,1.0,1.0,0.0
outer2,2,75,b80b,30.0,0.0,0.0,0.0,0.0,0.0,0.0,1.0,1.0,0.0
outer2,2,75,b80b,30.0,30.0,0.0,0.0,0.0,0.0,0.0,1.0,1.0,0.0
outer2,2,75,b80b,30.0,60.0,0.0,0.0,0.0,0.0,0.0,1.0,1.0,0.0
outer2,2,75,b80b,30.0,90.0,0.0,0.0,0.0,0.0,0.0,1.0,1.0,0.0
outer2,2,75,b80b,30.0,120.0,0.0,0.0,0.0,0.0,0.0,1.0,1.0,0.0
outer2,2,75,b80b,30.0,150.0,0.0,0.0,0.0,0.0,0.0,1.0,1.0,0.0
outer2,2,75,b80b,30.0,180.0,0.0,0.0,0.0,0.0,0.0,1.0,1.0,0.0
outer2,2,75,b80b,30.0,210.0,0.0,0.0,0.0,0.0,0.0,1.0,1.0,0.0
outer2,2,75,b80b,30.0,240.0,0.0,0.0,0.0,0.0,0.0,1.0,1.0,0.0
outer2,2,75,b80b,30.0,270.0,0.0,0.0,0.0,0.0,0.0,1.0,1.0,0.0
outer2,2,75,b80b,30.0,300.0,0.0,0.0,0.0,0.0,0.0,1.0,1.0,0.0
outer2,2,75,b80b,30.0,330.0,0.0,0.0,0.0,0.0,0.0,1.0,1.0,0.0
outer2,2,75,b80b,60.0,0.0,0.0,0.0,0.0,0.0,0.0,1.0,1.0,0.0
outer2,2,75,b80b,60.0,30.0,0.0,0.0,0.0,0.0,0.0,1.0,1.0,0.0
outer2,2,75,b80b,60.0,60.0,0.0,0.0,0.0,0.0,0.0,1.0,1.0,0.0
outer2,2,75,b80b,60.0,90.0,0.0,0.0,0.0,0.0,0.0,1.0,1.0,0.0
outer2,2,75,b80b,60.0,120.0,0.0,0.0,0.0,0.0,0.0,1.0,1.0,0.0
outer2,2,75,b80b,60.0,150.0,0.0,0.0,0.0,0.0,0.0,1.0,1.0,0.0
outer2,2,75,b80b,60.0,180.0,0.0,0.0,0.0,0.0,0.0,1.0,1.0,0.0
outer2,2,75,b80b,60.0,210.0,0.0,0.0,0.0,0.0,0.0,1.0,1.0,0.0
outer2,2,75,b80b,60.0,240.0,0.0,0.0,0.0,0.0,0.0,1.0,1.0,0.0
outer2,2,75,b80b,60.0,270.0,0.0,0.0,0.0,0.0,0.0,1.0,1.0,0.0
outer2,2,75,b80b,60.0,300.0,0.0,0.0,0.0,0.0,0.0,1.0,1.0,0.0
outer2,2,75,b80b,60.0,330.0,0.0,51.31782150268555,51.31782150268555,0.0,60.0,1.0,0.0,-1.0
outer2,2,75,b80b,90.0,0.0,0.0,180.0,180.0,0.0,180.0,1.0,0.0,-1.0
outer2,2,75,b80b,90.0,30.0,0.0,0.0,0.0,0.0,0.0,1.0,1.0,0.0
outer2,2,75,b80b,90.0,60.0,0.0,0.0,0.0,0.0,0.0,1.0,1.0,0.0
outer2,2,75,b80b,90.0,90.0,180.0,180.0,0.0,0.0,0.0,0.0,0.0,0.0
outer2,2,75,b80b,90.0,120.0,0.0,0.0,0.0,0.0,0.0,1.0,1.0,0.0
outer2,2,75,b80b,90.0,150.0,0.0,60.000003814697266,60.000003814697266,0.0,60.0,1.0,0.0,-1.0
outer2,2,75,b80b,90.0,180.0,0.0,0.0,0.0,0.0,0.0,1.0,1.0,0.0
outer2,2,75,b80b,90.0,210.0,0.0,180.0,180.0,0.0,180.0,1.0,0.0,-1.0
outer2,2,75,b80b,90.0,240.0,0.0,180.0,180.0,0.0,180.0,1.0,0.0,-1.0
outer2,2,75,b80b,90.0,270.0,0.0,0.0,0.0,0.0,0.0,1.0,1.0,0.0
outer2,2,75,b80b,90.0,300.0,0.0,0.0,0.0,0.0,0.0,1.0,1.0,0.0
outer2,2,75,b80b,90.0,330.0,0.0,120.00000762939453,120.00000762939453,0.0,120.0,1.0,0.0,-1.0
outer2,2,75,b80b,120.0,0.0,0.0,0.0,0.0,0.0,0.0,1.0,1.0,0.0
outer2,2,75,b80b,120.0,30.0,0.0,0.0,0.0,0.0,0.0,1.0,1.0,0.0
outer2,2,75,b80b,120.0,60.0,0.0,0.0,0.0,0.0,0.0,1.0,1.0,0.0
outer2,2,75,b80b,120.0,90.0,0.0,0.0,0.0,0.0,0.0,1.0,1.0,0.0
outer2,2,75,b80b,120.0,120.0,0.0,0.0,0.0,0.0,0.0,1.0,1.0,0.0
outer2,2,75,b80b,120.0,150.0,0.0,51.31781005859375,51.31781005859375,0.0,60.0,1.0,0.0,-1.0
outer2,2,75,b80b,120.0,180.0,0.0,0.0,0.0,0.0,0.0,1.0,1.0,0.0
outer2,2,75,b80b,120.0,210.0,0.0,0.0,0.0,0.0,0.0,1.0,1.0,0.0
outer2,2,75,b80b,120.0,240.0,0.0,0.0,0.0,0.0,0.0,1.0,1.0,0.0
outer2,2,75,b80b,120.0,270.0,0.0,0.0,0.0,0.0,0.0,1.0,1.0,0.0
outer2,2,75,b80b,120.0,300.0,0.0,0.0,0.0,0.0,0.0,1.0,1.0,0.0
outer2,2,75,b80b,120.0,330.0,0.0,82.81924438476562,82.81924438476562,60.0,60.0,1.0,0.0,-1.0
outer2,2,75,b80b,150.0,0.0,0.0,0.0,0.0,0.0,0.0,1.0,1.0,0.0
outer2,2,75,b80b,150.0,30.0,0.0,0.0,0.0,0.0,0.0,1.0,1.0,0.0
outer2,2,75,b80b,150.0,60.0,0.0,0.0,0.0,0.0,0.0,1.0,1.0,0.0
outer2,2,75,b80b,150.0,90.0,0.0,0.0,0.0,0.0,0.0,1.0,1.0,0.0
outer2,2,75,b80b,150.0,120.0,0.0,0.0,0.0,0.0,0.0,1.0,1.0,0.0
outer2,2,75,b80b,150.0,150.0,0.0,0.0,0.0,0.0,0.0,1.0,1.0,0.0
outer2,2,75,b80b,150.0,180.0,0.0,0.0,0.0,0.0,0.0,1.0,1.0,0.0
outer2,2,75,b80b,150.0,210.0,0.0,0.0,0.0,0.0,0.0,1.0,1.0,0.0
outer2,2,75,b80b,150.0,240.0,0.0,0.0,0.0,0.0,0.0,1.0,1.0,0.0
outer2,2,75,b80b,150.0,270.0,0.0,0.0,0.0,0.0,0.0,1.0,1.0,0.0
outer2,2,75,b80b,150.0,300.0,0.0,0.0,0.0,0.0,0.0,1.0,1.0,0.0
outer2,2,75,b80b,150.0,330.0,0.0,0.0,0.0,0.0,0.0,1.0,1.0,0.0
outer2,2,75,b9e6,30.0,0.0,0.0,0.0,0.0,0.0,0.0,1.0,1.0,0.0
outer2,2,75,b9e6,30.0,30.0,0.0,0.0,0.0,0.0,0.0,1.0,1.0,0.0
outer2,2,75,b9e6,30.0,60.0,0.0,0.0,0.0,0.0,0.0,1.0,1.0,0.0
outer2,2,75,b9e6,30.0,90.0,0.0,0.0,0.0,0.0,0.0,1.0,1.0,0.0
outer2,2,75,b9e6,30.0,120.0,0.0,0.0,0.0,0.0,0.0,1.0,1.0,0.0
outer2,2,75,b9e6,30.0,150.0,0.0,0.0,0.0,0.0,0.0,1.0,1.0,0.0
outer2,2,75,b9e6,30.0,180.0,0.0,0.0,0.0,0.0,0.0,1.0,1.0,0.0
outer2,2,75,b9e6,30.0,210.0,0.0,0.0,0.0,0.0,0.0,1.0,1.0,0.0
outer2,2,75,b9e6,30.0,240.0,0.0,0.0,0.0,0.0,0.0,1.0,1.0,0.0
outer2,2,75,b9e6,30.0,270.0,0.0,0.0,0.0,0.0,0.0,1.0,1.0,0.0
outer2,2,75,b9e6,30.0,300.0,0.0,0.0,0.0,0.0,0.0,1.0,1.0,0.0
outer2,2,75,b9e6,30.0,330.0,0.0,0.0,0.0,0.0,0.0,1.0,1.0,0.0
outer2,2,75,b9e6,60.0,0.0,0.0,30.000001907348633,30.000001907348633,30.0,0.0,1.0,0.0,-1.0
outer2,2,75,b9e6,60.0,30.0,0.0,0.0,0.0,0.0,0.0,1.0,1.0,0.0
outer2,2,75,b9e6,60.0,60.0,0.0,0.0,0.0,0.0,0.0,1.0,1.0,0.0
outer2,2,75,b9e6,60.0,90.0,0.0,0.0,0.0,0.0,0.0,1.0,1.0,0.0
outer2,2,75,b9e6,60.0,120.0,0.0,0.0,0.0,0.0,0.0,1.0,1.0,0.0
outer2,2,75,b9e6,60.0,150.0,0.0,0.0,0.0,0.0,0.0,1.0,1.0,0.0
outer2,2,75,b9e6,60.0,180.0,0.0,30.000001907348633,30.000001907348633,30.0,0.0,1.0,0.0,-1.0
outer2,2,75,b9e6,60.0,210.0,120.00000762939453,120.00000762939453,0.0,0.0,0.0,0.0,0.0,0.0
outer2,2,75,b9e6,60.0,240.0,0.0,0.0,0.0,0.0,0.0,1.0,1.0,0.0
outer2,2,75,b9e6,60.0,270.0,0.0,0.0,0.0,0.0,0.0,1.0,1.0,0.0
outer2,2,75,b9e6,60.0,300.0,0.0,0.0,0.0,0.0,0.0,1.0,1.0,0.0
outer2,2,75,b9e6,60.0,330.0,0.0,0.0,0.0,0.0,0.0,1.0,1.0,0.0
outer2,2,75,b9e6,90.0,0.0,0.0,180.0,180.0,0.0,180.0,1.0,0.0,-1.0
outer2,2,75,b9e6,90.0,30.0,0.0,0.0,0.0,0.0,0.0,1.0,1.0,0.0
outer2,2,75,b9e6,90.0,60.0,0.0,0.0,0.0,0.0,0.0,1.0,1.0,0.0
outer2,2,75,b9e6,90.0,90.0,0.0,180.0,180.0,0.0,180.0,1.0,0.0,-1.0
outer2,2,75,b9e6,90.0,120.0,60.000003814697266,0.0,-60.000003814697266,0.0,-60.0,0.0,1.0,1.0
outer2,2,75,b9e6,90.0,150.0,0.0,60.000003814697266,60.000003814697266,0.0,60.0,1.0,0.0,-1.0
outer2,2,75,b9e6,90.0,180.0,180.0,0.0,-180.0,0.0,-180.0,0.0,1.0,1.0
outer2,2,75,b9e6,90.0,210.0,180.0,180.0,0.0,0.0,0.0,0.0,0.0,0.0
outer2,2,75,b9e6,90.0,240.0,180.0,180.0,0.0,0.0,0.0,0.0,0.0,0.0
outer2,2,75,b9e6,90.0,270.0,0.0,0.0,0.0,0.0,0.0,1.0,1.0,0.0
outer2,2,75,b9e6,90.0,300.0,60.000003814697266,180.0,119.99999618530273,0.0,120.0,0.0,0.0,0.0
outer2,2,75,b9e6,90.0,330.0,180.0,120.00000762939453,-59.99999237060547,0.0,-60.0,0.0,0.0,0.0
outer2,2,75,b9e6,120.0,0.0,0.0,29.99998664855957,29.99998664855957,30.0,0.0,1.0,0.0,-1.0
outer2,2,75,b9e6,120.0,30.0,0.0,0.0,0.0,0.0,0.0,1.0,1.0,0.0
outer2,2,75,b9e6,120.0,60.0,0.0,0.0,0.0,0.0,0.0,1.0,1.0,0.0
outer2,2,75,b9e6,120.0,90.0,0.0,0.0,0.0,0.0,0.0,1.0,1.0,0.0
outer2,2,75,b9e6,120.0,120.0,0.0,0.0,0.0,0.0,0.0,1.0,1.0,0.0
outer2,2,75,b9e6,120.0,150.0,0.0,82.81924438476562,82.81924438476562,60.0,60.0,1.0,0.0,-1.0
outer2,2,75,b9e6,120.0,180.0,0.0,0.0,0.0,0.0,0.0,1.0,1.0,0.0
outer2,2,75,b9e6,120.0,210.0,120.00000762939453,120.00000762939453,0.0,0.0,0.0,0.0,0.0,0.0
outer2,2,75,b9e6,120.0,240.0,0.0,0.0,0.0,0.0,0.0,1.0,1.0,0.0
outer2,2,75,b9e6,120.0,270.0,0.0,0.0,0.0,0.0,0.0,1.0,1.0,0.0
outer2,2,75,b9e6,120.0,300.0,0.0,0.0,0.0,0.0,0.0,1.0,1.0,0.0
outer2,2,75,b9e6,120.0,330.0,0.0,0.0,0.0,0.0,0.0,1.0,1.0,0.0
outer2,2,75,b9e6,150.0,0.0,0.0,0.0,0.0,0.0,0.0,1.0,1.0,0.0
outer2,2,75,b9e6,150.0,30.0,0.0,0.0,0.0,0.0,0.0,1.0,1.0,0.0
outer2,2,75,b9e6,150.0,60.0,0.0,0.0,0.0,0.0,0.0,1.0,1.0,0.0
outer2,2,75,b9e6,150.0,90.0,0.0,0.0,0.0,0.0,0.0,1.0,1.0,0.0
outer2,2,75,b9e6,150.0,120.0,0.0,0.0,0.0,0.0,0.0,1.0,1.0,0.0
outer2,2,75,b9e6,150.0,150.0,0.0,0.0,0.0,0.0,0.0,1.0,1.0,0.0
outer2,2,75,b9e6,150.0,180.0,0.0,0.0,0.0,0.0,0.0,1.0,1.0,0.0
outer2,2,75,b9e6,150.0,210.0,0.0,0.0,0.0,0.0,0.0,1.0,1.0,0.0
outer2,2,75,b9e6,150.0,240.0,0.0,0.0,0.0,0.0,0.0,1.0,1.0,0.0
outer2,2,75,b9e6,150.0,270.0,0.0,0.0,0.0,0.0,0.0,1.0,1.0,0.0
outer2,2,75,b9e6,150.0,300.0,0.0,0.0,0.0,0.0,0.0,1.0,1.0,0.0
outer2,2,75,b9e6,150.0,330.0,0.0,0.0,0.0,0.0,0.0,1.0,1.0,0.0
outer2,2,75,ba0f,30.0,0.0,90.0,30.000001907348633,-59.99999809265137,-60.0,0.0,0.0,0.0,0.0
outer2,2,75,ba0f,30.0,30.0,151.04498291015625,128.68218994140625,-22.36279296875,0.0,-60.0,0.0,0.0,0.0
outer2,2,75,ba0f,30.0,60.0,14.870942115783691,128.68218994140625,113.81124782562256,120.0,30.0,0.0,0.0,0.0
outer2,2,75,ba0f,30.0,90.0,57.7581901550293,60.000003814697266,2.2418136596679688,0.0,30.0,0.0,0.0,0.0
outer2,2,75,ba0f,30.0,120.0,0.0,60.000003814697266,60.000003814697266,0.0,180.0,1.0,0.0,-1.0
outer2,2,75,ba0f,30.0,150.0,60.000003814697266,60.000003814697266,0.0,0.0,0.0,0.0,0.0,0.0
outer2,2,75,ba0f,30.0,180.0,0.0,150.0,150.0,90.0,180.0,1.0,0.0,-1.0
outer2,2,75,ba0f,30.0,210.0,151.04498291015625,151.04498291015625,0.0,0.0,0.0,0.0,0.0,0.0
outer2,2,75,ba0f,30.0,240.0,57.7581901550293,128.68218994140625,70.92399978637695,120.0,-90.0,0.0,0.0,0.0
outer2,2,75,ba0f,30.0,270.0,122.24180603027344,120.00000762939453,-2.2417984008789062,0.0,-30.0,0.0,0.0,0.0
outer2,2,75,ba0f,30.0,300.0,60.000003814697266,0.0,-60.000003814697266,0.0,-180.0,0.0,1.0,1.0
outer2,2,75,ba0f,30.0,330.0,0.0,0.0,0.0,0.0,0.0,1.0,1.0,0.0
outer2,2,75,ba0f,60.0,0.0,0.0,90.0,90.0,30.0,180.0,1.0,0.0,-1.0
outer2,2,75,ba0f,60.0,30.0,0.0,120.00000762939453,120.00000762939453,0.0,180.0,1.0,0.0,-1.0
outer2,2,75,ba0f,60.0,60.0,0.0,120.00000762939453,120.00000762939453,0.0,180.0,1.0,0.0,-1.0
outer2,2,75,ba0f,60.0,90.0,29.999998092651367,0.0,-29.999998092651367,-30.0,0.0,0.0,1.0,1.0
outer2,2,75,ba0f,60.0,120.0,113.5481185913086,120.00000762939453,6.4518890380859375,0.0,30.0,0.0,0.0,0.0
outer2,2,75,ba0f,60.0,150.0,180.0,120.00000762939453,-59.99999237060547,-60.0,0.0,0.0,0.0,0.0
outer2,2,75,ba0f,60.0,180.0,120.00000762939453,30.000001907348633,-90.0000057220459,30.0,-180.0,0.0,0.0,0.0
outer2,2,75,ba0f,60.0,210.0,82.81924438476562,60.000003814697266,-22.81924057006836,0.0,-60.0,0.0,0.0,0.0
outer2,2,75,ba0f,60.0,240.0,25.905075073242188,25.905075073242188,0.0,0.0,0.0,0.0,0.0,0.0
outer2,2,75,ba0f,60.0,270.0,41.40962219238281,150.0,108.59037780761719,0.0,150.0,0.0,0.0,0.0
outer2,2,75,ba0f,60.0,300.0,60.000003814697266,180.0,119.99999618530273,0.0,180.0,0.0,0.0,0.0
outer2,2,75,ba0f,60.0,330.0,128.6822052001953,128.6822052001953,0.0,0.0,0.0,0.0,0.0,0.0
outer2,2,75,ba0f,90.0,0.0,180.0,180.0,0.0,0.0,0.0,0.0,0.0,0.0
outer2,2,75,ba0f,90.0,30.0,60.00000762939453,120.00000762939453,60.0,0.0,60.0,0.0,0.0,0.0
outer2,2,75,ba0f,90.0,60.0,180.0,180.0,0.0,0.0,0.0,0.0,0.0,0.0
outer2,2,75,ba0f,90.0,90.0,0.0,0.0,0.0,0.0,0.0,1.0,1.0,0.0
outer2,2,75,ba0f,90.0,120.0,180.0,120.00000762939453,-59.99999237060547,0.0,-60.0,0.0,0.0,0.0
outer2,2,75,ba0f,90.0,150.0,180.0,30.000001907348633,-149.99999809265137,0.0,-150.0,0.0,0.0,0.0
outer2,2,75,ba0f,90.0,180.0,0.0,0.0,0.0,0.0,0.0,1.0,1.0,0.0
outer2,2,75,ba0f,90.0,210.0,120.00000762939453,60.000003814697266,-60.000003814697266,0.0,-60.0,0.0,0.0,0.0
outer2,2,75,ba0f,90.0,240.0,120.00000762939453,0.0,-120.00000762939453,0.0,-120.0,0.0,1.0,1.0
outer2,2,75,ba0f,90.0,270.0,180.0,180.0,0.0,0.0,0.0,0.0,0.0,0.0
outer2,2,75,ba0f,90.0,300.0,0.0,180.0,180.0,0.0,180.0,1.0,0.0,-1.0
outer2,2,75,ba0f,90.0,330.0,0.0,150.0,150.0,0.0,150.0,1.0,0.0,-1.0
outer2,2,75,ba0f,120.0,0.0,0.0,29.99998664855957,29.99998664855957,30.0,0.0,1.0,0.0,-1.0
outer2,2,75,ba0f,120.0,30.0,0.0,0.0,0.0,0.0,0.0,1.0,1.0,0.0
outer2,2,75,ba0f,120.0,60.0,0.0,113.54811096191406,113.54811096191406,0.0,150.0,1.0,0.0,-1.0
outer2,2,75,ba0f,120.0,90.0,0.0,150.0,150.0,30.0,180.0,1.0,0.0,-1.0
outer2,2,75,ba0f,120.0,120.0,113.54811096191406,120.00000762939453,6.451896667480469,0.0,30.0,0.0,0.0,0.0
outer2,2,75,ba0f,120.0,150.0,120.00000762939453,120.00000762939453,0.0,0.0,0.0,0.0,0.0,0.0
outer2,2,75,ba0f,120.0,180.0,0.0,60.000003814697266,60.000003814697266,60.0,0.0,1.0,0.0,-1.0
outer2,2,75,ba0f,120.0,210.0,0.0,60.000003814697266,60.000003814697266,60.0,0.0,1.0,0.0,-1.0
outer2,2,75,ba0f,120.0,240.0,97.18075561523438,97.18075561523438,0.0,0.0,0.0,0.0,0.0,0.0
outer2,2,75,ba0f,120.0,270.0,138.59039306640625,30.000001907348633,-108.59039115905762,0.0,-150.0,0.0,0.0,0.0
outer2,2,75,ba0f,120.0,300.0,154.0949249267578,180.0,25.905075073242188,0.0,30.0,0.0,0.0,0.0
outer2,2,75,ba0f,120.0,330.0,0.0,97.18075561523438,97.18075561523438,0.0,120.0,1.0,0.0,-1.0
outer2,2,75,ba0f,150.0,0.0,180.0,90.0,-90.0,-90.0,0.0,0.0,0.0,0.0
outer2,2,75,ba0f,150.0,30.0,128.68218994140625,151.04498291015625,22.36279296875,0.0,60.0,0.0,0.0,0.0
outer2,2,75,ba0f,150.0,60.0,165.12905883789062,151.04498291015625,-14.084075927734375,0.0,-30.0,0.0,0.0,0.0
outer2,2,75,ba0f,150.0,90.0,0.0,60.000003814697266,60.000003814697266,0.0,180.0,1.0,0.0,-1.0
outer2,2,75,ba0f,150.0,120.0,0.0,60.000003814697266,60.000003814697266,0.0,180.0,1.0,0.0,-1.0
outer2,2,75,ba0f,150.0,150.0,0.0,60.000003814697266,60.000003814697266,0.0,180.0,1.0,0.0,-1.0
outer2,2,75,ba0f,150.0,180.0,86.67424774169922,90.0,3.3257522583007812,60.0,-150.0,0.0,0.0,0.0
outer2,2,75,ba0f,150.0,210.0,151.04498291015625,151.04498291015625,0.0,0.0,0.0,0.0,0.0,0.0
outer2,2,75,ba0f,150.0,240.0,122.24180603027344,128.68218994140625,6.4403839111328125,0.0,30.0,0.0,0.0,0.0
outer2,2,75,ba0f,150.0,270.0,122.24180603027344,120.00000762939453,-2.2417984008789062,0.0,-30.0,0.0,0.0,0.0
outer2,2,75,ba0f,150.0,300.0,57.7581901550293,0.0,-57.7581901550293,0.0,-150.0,0.0,1.0,1.0
outer2,2,75,ba0f,150.0,330.0,0.0,0.0,0.0,0.0,0.0,1.0,1.0,0.0
outer2,2,75,bb7c,30.0,0.0,0.0,30.000001907348633,30.000001907348633,30.0,0.0,1.0,0.0,-1.0
outer2,2,75,bb7c,30.0,30.0,0.0,0.0,0.0,0.0,0.0,1.0,1.0,0.0
outer2,2,75,bb7c,30.0,60.0,0.0,0.0,0.0,0.0,0.0,1.0,1.0,0.0
outer2,2,75,bb7c,30.0,90.0,0.0,0.0,0.0,0.0,0.0,1.0,1.0,0.0
outer2,2,75,bb7c,30.0,120.0,0.0,0.0,0.0,0.0,0.0,1.0,1.0,0.0
outer2,2,75,bb7c,30.0,150.0,0.0,0.0,0.0,0.0,0.0,1.0,1.0,0.0
outer2,2,75,bb7c,30.0,180.0,0.0,90.0,90.0,30.0,180.0,1.0,0.0,-1.0
outer2,2,75,bb7c,30.0,210.0,0.0,0.0,0.0,0.0,0.0,1.0,1.0,0.0
outer2,2,75,bb7c,30.0,240.0,0.0,0.0,0.0,0.0,0.0,1.0,1.0,0.0
outer2,2,75,bb7c,30.0,270.0,0.0,0.0,0.0,0.0,0.0,1.0,1.0,0.0
outer2,2,75,bb7c,30.0,300.0,0.0,0.0,0.0,0.0,0.0,1.0,1.0,0.0
outer2,2,75,bb7c,30.0,330.0,0.0,0.0,0.0,0.0,0.0,1.0,1.0,0.0
outer2,2,75,bb7c,60.0,0.0,0.0,0.0,0.0,0.0,0.0,1.0,1.0,0.0
outer2,2,75,bb7c,60.0,30.0,0.0,0.0,0.0,0.0,0.0,1.0,1.0,0.0
outer2,2,75,bb7c,60.0,60.0,0.0,25.905075073242188,25.905075073242188,0.0,30.0,1.0,0.0,-1.0
outer2,2,75,bb7c,60.0,90.0,0.0,0.0,0.0,0.0,0.0,1.0,1.0,0.0
outer2,2,75,bb7c,60.0,120.0,0.0,0.0,0.0,0.0,0.0,1.0,1.0,0.0
outer2,2,75,bb7c,60.0,150.0,0.0,0.0,0.0,0.0,0.0,1.0,1.0,0.0
outer2,2,75,bb7c,60.0,180.0,0.0,0.0,0.0,0.0,0.0,1.0,1.0,0.0
outer2,2,75,bb7c,60.0,210.0,66.45188903808594,0.0,-66.45188903808594,-60.0,-30.0,0.0,1.0,1.0
outer2,2,75,bb7c,60.0,240.0,0.0,0.0,0.0,0.0,0.0,1.0,1.0,0.0
outer2,2,75,bb7c,60.0,270.0,29.999998092651367,0.0,-29.999998092651367,-30.0,0.0,0.0,1.0,1.0
outer2,2,75,bb7c,60.0,300.0,0.0,0.0,0.0,0.0,0.0,1.0,1.0,0.0
outer2,2,75,bb7c,60.0,330.0,0.0,0.0,0.0,0.0,0.0,1.0,1.0,0.0
outer2,2,75,bb7c,90.0,0.0,180.0,180.0,0.0,0.0,0.0,0.0,0.0,0.0
outer2,2,75,bb7c,90.0,30.0,0.0,180.0,180.0,0.0,180.0,1.0,0.0,-1.0
outer2,2,75,bb7c,90.0,60.0,0.0,0.0,0.0,0.0,0.0,1.0,1.0,0.0
outer2,2,75,bb7c,90.0,90.0,0.0,180.0,180.0,0.0,180.0,1.0,0.0,-1.0
outer2,2,75,bb7c,90.0,120.0,0.0,0.0,0.0,0.0,0.0,1.0,1.0,0.0
outer2,2,75,bb7c,90.0,150.0,180.0,30.000001907348633,-149.99999809265137,0.0,-150.0,0.0,0.0,0.0
outer2,2,75,bb7c,90.0,180.0,0.0,0.0,0.0,0.0,0.0,1.0,1.0,0.0
outer2,2,75,bb7c,90.0,210.0,180.0,0.0,-180.0,0.0,-180.0,0.0,1.0,1.0
outer2,2,75,bb7c,90.0,240.0,120.00000762939453,180.0,59.99999237060547,0.0,60.0,0.0,0.0,0.0
outer2,2,75,bb7c,90.0,270.0,180.0,0.0,-180.0,0.0,-180.0,0.0,1.0,1.0
outer2,2,75,bb7c,90.0,300.0,180.0,180.0,0.0,0.0,0.0,0.0,0.0,0.0
outer2,2,75,bb7c,90.0,330.0,180.0,180.0,0.0,0.0,0.0,0.0,0.0,0.0
outer2,2,75,bb7c,120.0,0.0,0.0,0.0,0.0,0.0,0.0,1.0,1.0,0.0
outer2,2,75,bb7c,120.0,30.0,0.0,0.0,0.0,0.0,0.0,1.0,1.0,0.0
outer2,2,75,bb7c,120.0,60.0,0.0,0.0,0.0,0.0,0.0,1.0,1.0,0.0
outer2,2,75,bb7c,120.0,90.0,0.0,0.0,0.0,0.0,0.0,1.0,1.0,0.0
outer2,2,75,bb7c,120.0,120.0,0.0,0.0,0.0,0.0,0.0,1.0,1.0,0.0
outer2,2,75,bb7c,120.0,150.0,0.0,0.0,0.0,0.0,0.0,1.0,1.0,0.0
outer2,2,75,bb7c,120.0,180.0,0.0,0.0,0.0,0.0,0.0,1.0,1.0,0.0
outer2,2,75,bb7c,120.0,210.0,0.0,82.81924438476562,82.81924438476562,60.0,60.0,1.0,0.0,-1.0
outer2,2,75,bb7c,120.0,240.0,154.09490966796875,128.6822052001953,-25.412704467773438,0.0,-30.0,0.0,0.0,0.0
outer2,2,75,bb7c,120.0,270.0,120.00000762939453,120.00000762939453,0.0,0.0,0.0,0.0,0.0,0.0
outer2,2,75,bb7c,120.0,300.0,0.0,0.0,0.0,0.0,0.0,1.0,1.0,0.0
outer2,2,75,bb7c,120.0,330.0,60.000003814697266,82.81924438476562,22.81924057006836,0.0,60.0,0.0,0.0,0.0
outer2,2,75,bb7c,150.0,0.0,0.0,29.99998664855957,29.99998664855957,30.0,0.0,1.0,0.0,-1.0
outer2,2,75,bb7c,150.0,30.0,0.0,0.0,0.0,0.0,0.0,1.0,1.0,0.0
outer2,2,75,bb7c,150.0,60.0,0.0,0.0,0.0,0.0,0.0,1.0,1.0,0.0
outer2,2,75,bb7c,150.0,90.0,0.0,0.0,0.0,0.0,0.0,1.0,1.0,0.0
outer2,2,75,bb7c,150.0,120.0,0.0,0.0,0.0,0.0,0.0,1.0,1.0,0.0
outer2,2,75,bb7c,150.0,150.0,0.0,0.0,0.0,0.0,0.0,1.0,1.0,0.0
outer2,2,75,bb7c,150.0,180.0,0.0,29.99998664855957,29.99998664855957,30.0,0.0,1.0,0.0,-1.0
outer2,2,75,bb7c,150.0,210.0,0.0,0.0,0.0,0.0,0.0,1.0,1.0,0.0
outer2,2,75,bb7c,150.0,240.0,0.0,0.0,0.0,0.0,0.0,1.0,1.0,0.0
outer2,2,75,bb7c,150.0,270.0,0.0,0.0,0.0,0.0,0.0,1.0,1.0,0.0
outer2,2,75,bb7c,150.0,300.0,0.0,0.0,0.0,0.0,0.0,1.0,1.0,0.0
outer2,2,75,bb7c,150.0,330.0,0.0,0.0,0.0,0.0,0.0,1.0,1.0,0.0
outer2,2,76,b7c1,30.0,0.0,0.0,30.000001907348633,30.000001907348633,30.0,0.0,1.0,0.0,-1.0
outer2,2,76,b7c1,30.0,30.0,0.0,0.0,0.0,0.0,0.0,1.0,1.0,0.0
outer2,2,76,b7c1,30.0,60.0,0.0,0.0,0.0,0.0,0.0,1.0,1.0,0.0
outer2,2,76,b7c1,30.0,90.0,0.0,0.0,0.0,0.0,0.0,1.0,1.0,0.0
outer2,2,76,b7c1,30.0,120.0,0.0,0.0,0.0,0.0,0.0,1.0,1.0,0.0
outer2,2,76,b7c1,30.0,150.0,0.0,0.0,0.0,0.0,0.0,1.0,1.0,0.0
outer2,2,76,b7c1,30.0,180.0,0.0,0.0,0.0,0.0,0.0,1.0,1.0,0.0
outer2,2,76,b7c1,30.0,210.0,0.0,0.0,0.0,0.0,0.0,1.0,1.0,0.0
outer2,2,76,b7c1,30.0,240.0,0.0,0.0,0.0,0.0,0.0,1.0,1.0,0.0
outer2,2,76,b7c1,30.0,270.0,0.0,0.0,0.0,0.0,0.0,1.0,1.0,0.0
outer2,2,76,b7c1,30.0,300.0,0.0,0.0,0.0,0.0,0.0,1.0,1.0,0.0
outer2,2,76,b7c1,30.0,330.0,0.0,0.0,0.0,0.0,0.0,1.0,1.0,0.0
outer2,2,76,b7c1,60.0,0.0,0.0,0.0,0.0,0.0,0.0,1.0,1.0,0.0
outer2,2,76,b7c1,60.0,30.0,51.31782150268555,82.81924438476562,31.501422882080078,60.0,0.0,0.0,0.0,0.0
outer2,2,76,b7c1,60.0,60.0,0.0,0.0,0.0,0.0,0.0,1.0,1.0,0.0
outer2,2,76,b7c1,60.0,90.0,0.0,0.0,0.0,0.0,0.0,1.0,1.0,0.0
outer2,2,76,b7c1,60.0,120.0,0.0,0.0,0.0,0.0,0.0,1.0,1.0,0.0
outer2,2,76,b7c1,60.0,150.0,0.0,0.0,0.0,0.0,0.0,1.0,1.0,0.0
outer2,2,76,b7c1,60.0,180.0,0.0,0.0,0.0,0.0,0.0,1.0,1.0,0.0
outer2,2,76,b7c1,60.0,210.0,0.0,60.000003814697266,60.000003814697266,60.0,0.0,1.0,0.0,-1.0
outer2,2,76,b7c1,60.0,240.0,0.0,0.0,0.0,0.0,0.0,1.0,1.0,0.0
outer2,2,76,b7c1,60.0,270.0,0.0,0.0,0.0,0.0,0.0,1.0,1.0,0.0
outer2,2,76,b7c1,60.0,300.0,0.0,0.0,0.0,0.0,0.0,1.0,1.0,0.0
outer2,2,76,b7c1,60.0,330.0,0.0,0.0,0.0,0.0,0.0,1.0,1.0,0.0
outer2,2,76,b7c1,90.0,0.0,0.0,180.0,180.0,0.0,180.0,1.0,0.0,-1.0
outer2,2,76,b7c1,90.0,30.0,0.0,180.0,180.0,0.0,180.0,1.0,0.0,-1.0
outer2,2,76,b7c1,90.0,60.0,0.0,0.0,0.0,0.0,0.0,1.0,1.0,0.0
outer2,2,76,b7c1,90.0,90.0,0.0,0.0,0.0,0.0,0.0,1.0,1.0,0.0
outer2,2,76,b7c1,90.0,120.0,0.0,120.00000762939453,120.00000762939453,0.0,120.0,1.0,0.0,-1.0
outer2,2,76,b7c1,90.0,150.0,120.00000762939453,180.0,59.99999237060547,0.0,60.0,0.0,0.0,0.0
outer2,2,76,b7c1,90.0,180.0,180.0,180.0,0.0,0.0,0.0,0.0,0.0,0.0
outer2,2,76,b7c1,90.0,210.0,180.0,180.0,0.0,0.0,0.0,0.0,0.0,0.0
outer2,2,76,b7c1,90.0,240.0,0.0,0.0,0.0,0.0,0.0,1.0,1.0,0.0
outer2,2,76,b7c1,90.0,270.0,0.0,180.0,180.0,0.0,180.0,1.0,0.0,-1.0
outer2,2,76,b7c1,90.0,300.0,180.0,60.000003814697266,-119.99999618530273,0.0,-120.0,0.0,0.0,0.0
outer2,2,76,b7c1,90.0,330.0,180.0,0.0,-180.0,0.0,-180.0,0.0,1.0,1.0
outer2,2,76,b7c1,120.0,0.0,0.0,0.0,0.0,0.0,0.0,1.0,1.0,0.0
outer2,2,76,b7c1,120.0,30.0,0.0,120.00000762939453,120.00000762939453,0.0,180.0,1.0,0.0,-1.0
outer2,2,76,b7c1,120.0,60.0,0.0,0.0,0.0,0.0,0.0,1.0,1.0,0.0
outer2,2,76,b7c1,120.0,90.0,0.0,0.0,0.0,0.0,0.0,1.0,1.0,0.0
outer2,2,76,b7c1,120.0,120.0,0.0,0.0,0.0,0.0,0.0,1.0,1.0,0.0
outer2,2,76,b7c1,120.0,150.0,0.0,0.0,0.0,0.0,0.0,1.0,1.0,0.0
outer2,2,76,b7c1,120.0,180.0,0.0,0.0,0.0,0.0,0.0,1.0,1.0,0.0
outer2,2,76,b7c1,120.0,210.0,120.00000762939453,0.0,-120.00000762939453,0.0,-180.0,0.0,1.0,1.0
outer2,2,76,b7c1,120.0,240.0,0.0,0.0,0.0,0.0,0.0,1.0,1.0,0.0
outer2,2,76,b7c1,120.0,270.0,0.0,0.0,0.0,0.0,0.0,1.0,1.0,0.0
outer2,2,76,b7c1,120.0,300.0,0.0,0.0,0.0,0.0,0.0,1.0,1.0,0.0
outer2,2,76,b7c1,120.0,330.0,0.0,0.0,0.0,0.0,0.0,1.0,1.0,0.0
outer2,2,76,b7c1,150.0,0.0,0.0,0.0,0.0,0.0,0.0,1.0,1.0,0.0
outer2,2,76,b7c1,150.0,30.0,0.0,0.0,0.0,0.0,0.0,1.0,1.0,0.0
outer2,2,76,b7c1,150.0,60.0,0.0,0.0,0.0,0.0,0.0,1.0,1.0,0.0
outer2,2,76,b7c1,150.0,90.0,0.0,0.0,0.0,0.0,0.0,1.0,1.0,0.0
outer2,2,76,b7c1,150.0,120.0,0.0,0.0,0.0,0.0,0.0,1.0,1.0,0.0
outer2,2,76,b7c1,150.0,150.0,0.0,60.000003814697266,60.000003814697266,0.0,180.0,1.0,0.0,-1.0
outer2,2,76,b7c1,150.0,180.0,0.0,0.0,0.0,0.0,0.0,1.0,1.0,0.0
outer2,2,76,b7c1,150.0,210.0,0.0,60.000003814697266,60.000003814697266,0.0,180.0,1.0,0.0,-1.0
outer2,2,76,b7c1,150.0,240.0,0.0,0.0,0.0,0.0,0.0,1.0,1.0,0.0
outer2,2,76,b7c1,150.0,270.0,0.0,0.0,0.0,0.0,0.0,1.0,1.0,0.0
outer2,2,76,b7c1,150.0,300.0,0.0,0.0,0.0,0.0,0.0,1.0,1.0,0.0
outer2,2,76,b7c1,150.0,330.0,0.0,0.0,0.0,0.0,0.0,1.0,1.0,0.0
outer2,2,76,b80b,30.0,0.0,0.0,0.0,0.0,0.0,0.0,1.0,1.0,0.0
outer2,2,76,b80b,30.0,30.0,0.0,0.0,0.0,0.0,0.0,1.0,1.0,0.0
outer2,2,76,b80b,30.0,60.0,0.0,0.0,0.0,0.0,0.0,1.0,1.0,0.0
outer2,2,76,b80b,30.0,90.0,0.0,0.0,0.0,0.0,0.0,1.0,1.0,0.0
outer2,2,76,b80b,30.0,120.0,0.0,0.0,0.0,0.0,0.0,1.0,1.0,0.0
outer2,2,76,b80b,30.0,150.0,0.0,0.0,0.0,0.0,0.0,1.0,1.0,0.0
outer2,2,76,b80b,30.0,180.0,0.0,0.0,0.0,0.0,0.0,1.0,1.0,0.0
outer2,2,76,b80b,30.0,210.0,0.0,0.0,0.0,0.0,0.0,1.0,1.0,0.0
outer2,2,76,b80b,30.0,240.0,0.0,0.0,0.0,0.0,0.0,1.0,1.0,0.0
outer2,2,76,b80b,30.0,270.0,0.0,0.0,0.0,0.0,0.0,1.0,1.0,0.0
outer2,2,76,b80b,30.0,300.0,0.0,0.0,0.0,0.0,0.0,1.0,1.0,0.0
outer2,2,76,b80b,30.0,330.0,0.0,0.0,0.0,0.0,0.0,1.0,1.0,0.0
outer2,2,76,b80b,60.0,0.0,0.0,0.0,0.0,0.0,0.0,1.0,1.0,0.0
outer2,2,76,b80b,60.0,30.0,0.0,0.0,0.0,0.0,0.0,1.0,1.0,0.0
outer2,2,76,b80b,60.0,60.0,0.0,0.0,0.0,0.0,0.0,1.0,1.0,0.0
outer2,2,76,b80b,60.0,90.0,0.0,0.0,0.0,0.0,0.0,1.0,1.0,0.0
outer2,2,76,b80b,60.0,120.0,0.0,0.0,0.0,0.0,0.0,1.0,1.0,0.0
outer2,2,76,b80b,60.0,150.0,0.0,0.0,0.0,0.0,0.0,1.0,1.0,0.0
outer2,2,76,b80b,60.0,180.0,0.0,0.0,0.0,0.0,0.0,1.0,1.0,0.0
outer2,2,76,b80b,60.0,210.0,0.0,0.0,0.0,0.0,0.0,1.0,1.0,0.0
outer2,2,76,b80b,60.0,240.0,0.0,0.0,0.0,0.0,0.0,1.0,1.0,0.0
outer2,2,76,b80b,60.0,270.0,0.0,0.0,0.0,0.0,0.0,1.0,1.0,0.0
outer2,2,76,b80b,60.0,300.0,0.0,0.0,0.0,0.0,0.0,1.0,1.0,0.0
outer2,2,76,b80b,60.0,330.0,0.0,0.0,0.0,0.0,0.0,1.0,1.0,0.0
outer2,2,76,b80b,90.0,0.0,0.0,0.0,0.0,0.0,0.0,1.0,1.0,0.0
outer2,2,76,b80b,90.0,30.0,0.0,0.0,0.0,0.0,0.0,1.0,1.0,0.0
outer2,2,76,b80b,90.0,60.0,0.0,0.0,0.0,0.0,0.0,1.0,1.0,0.0
outer2,2,76,b80b,90.0,90.0,0.0,0.0,0.0,0.0,0.0,1.0,1.0,0.0
outer2,2,76,b80b,90.0,120.0,180.0,0.0,-180.0,0.0,-180.0,0.0,1.0,1.0
outer2,2,76,b80b,90.0,150.0,0.0,180.0,180.0,0.0,180.0,1.0,0.0,-1.0
outer2,2,76,b80b,90.0,180.0,0.0,0.0,0.0,0.0,0.0,1.0,1.0,0.0
outer2,2,76,b80b,90.0,210.0,0.0,0.0,0.0,0.0,0.0,1.0,1.0,0.0
outer2,2,76,b80b,90.0,240.0,0.0,0.0,0.0,0.0,0.0,1.0,1.0,0.0
outer2,2,76,b80b,90.0,270.0,0.0,0.0,0.0,0.0,0.0,1.0,1.0,0.0
outer2,2,76,b80b,90.0,300.0,0.0,0.0,0.0,0.0,0.0,1.0,1.0,0.0
outer2,2,76,b80b,90.0,330.0,180.0,0.0,-180.0,0.0,-180.0,0.0,1.0,1.0
outer2,2,76,b80b,120.0,0.0,0.0,0.0,0.0,0.0,0.0,1.0,1.0,0.0
outer2,2,76,b80b,120.0,30.0,0.0,0.0,0.0,0.0,0.0,1.0,1.0,0.0
outer2,2,76,b80b,120.0,60.0,0.0,0.0,0.0,0.0,0.0,1.0,1.0,0.0
outer2,2,76,b80b,120.0,90.0,0.0,0.0,0.0,0.0,0.0,1.0,1.0,0.0
outer2,2,76,b80b,120.0,120.0,0.0,0.0,0.0,0.0,0.0,1.0,1.0,0.0
outer2,2,76,b80b,120.0,150.0,0.0,0.0,0.0,0.0,0.0,1.0,1.0,0.0
outer2,2,76,b80b,120.0,180.0,0.0,0.0,0.0,0.0,0.0,1.0,1.0,0.0
outer2,2,76,b80b,120.0,210.0,0.0,0.0,0.0,0.0,0.0,1.0,1.0,0.0
outer2,2,76,b80b,120.0,240.0,0.0,0.0,0.0,0.0,0.0,1.0,1.0,0.0
outer2,2,76,b80b,120.0,270.0,0.0,0.0,0.0,0.0,0.0,1.0,1.0,0.0
outer2,2,76,b80b,120.0,300.0,0.0,0.0,0.0,0.0,0.0,1.0,1.0,0.0
outer2,2,76,b80b,120.0,330.0,0.0,0.0,0.0,0.0,0.0,1.0,1.0,0.0
outer2,2,76,b80b,150.0,0.0,0.0,0.0,0.0,0.0,0.0,1.0,1.0,0.0
outer2,2,76,b80b,150.0,30.0,0.0,0.0,0.0,0.0,0.0,1.0,1.0,0.0
outer2,2,76,b80b,150.0,60.0,0.0,0.0,0.0,0.0,0.0,1.0,1.0,0.0
outer2,2,76,b80b,150.0,90.0,0.0,0.0,0.0,0.0,0.0,1.0,1.0,0.0
outer2,2,76,b80b,150.0,120.0,0.0,0.0,0.0,0.0,0.0,1.0,1.0,0.0
outer2,2,76,b80b,150.0,150.0,0.0,0.0,0.0,0.0,0.0,1.0,1.0,0.0
outer2,2,76,b80b,150.0,180.0,0.0,0.0,0.0,0.0,0.0,1.0,1.0,0.0
outer2,2,76,b80b,150.0,210.0,0.0,0.0,0.0,0.0,0.0,1.0,1.0,0.0
outer2,2,76,b80b,150.0,240.0,0.0,0.0,0.0,0.0,0.0,1.0,1.0,0.0
outer2,2,76,b80b,150.0,270.0,0.0,0.0,0.0,0.0,0.0,1.0,1.0,0.0
outer2,2,76,b80b,150.0,300.0,0.0,0.0,0.0,0.0,0.0,1.0,1.0,0.0
outer2,2,76,b80b,150.0,330.0,0.0,0.0,0.0,0.0,0.0,1.0,1.0,0.0
outer2,2,76,b9e6,30.0,0.0,0.0,0.0,0.0,0.0,0.0,1.0,1.0,0.0
outer2,2,76,b9e6,30.0,30.0,0.0,0.0,0.0,0.0,0.0,1.0,1.0,0.0
outer2,2,76,b9e6,30.0,60.0,0.0,0.0,0.0,0.0,0.0,1.0,1.0,0.0
outer2,2,76,b9e6,30.0,90.0,0.0,0.0,0.0,0.0,0.0,1.0,1.0,0.0
outer2,2,76,b9e6,30.0,120.0,0.0,0.0,0.0,0.0,0.0,1.0,1.0,0.0
outer2,2,76,b9e6,30.0,150.0,0.0,0.0,0.0,0.0,0.0,1.0,1.0,0.0
outer2,2,76,b9e6,30.0,180.0,0.0,0.0,0.0,0.0,0.0,1.0,1.0,0.0
outer2,2,76,b9e6,30.0,210.0,0.0,0.0,0.0,0.0,0.0,1.0,1.0,0.0
outer2,2,76,b9e6,30.0,240.0,0.0,0.0,0.0,0.0,0.0,1.0,1.0,0.0
outer2,2,76,b9e6,30.0,270.0,0.0,0.0,0.0,0.0,0.0,1.0,1.0,0.0
outer2,2,76,b9e6,30.0,300.0,0.0,0.0,0.0,0.0,0.0,1.0,1.0,0.0
outer2,2,76,b9e6,30.0,330.0,0.0,0.0,0.0,0.0,0.0,1.0,1.0,0.0
outer2,2,76,b9e6,60.0,0.0,0.0,0.0,0.0,0.0,0.0,1.0,1.0,0.0
outer2,2,76,b9e6,60.0,30.0,0.0,0.0,0.0,0.0,0.0,1.0,1.0,0.0
outer2,2,76,b9e6,60.0,60.0,0.0,128.68218994140625,128.68218994140625,60.0,120.0,1.0,0.0,-1.0
outer2,2,76,b9e6,60.0,90.0,0.0,0.0,0.0,0.0,0.0,1.0,1.0,0.0
outer2,2,76,b9e6,60.0,120.0,0.0,0.0,0.0,0.0,0.0,1.0,1.0,0.0
outer2,2,76,b9e6,60.0,150.0,0.0,0.0,0.0,0.0,0.0,1.0,1.0,0.0
outer2,2,76,b9e6,60.0,180.0,0.0,30.000001907348633,30.000001907348633,30.0,0.0,1.0,0.0,-1.0
outer2,2,76,b9e6,60.0,210.0,120.00000762939453,120.00000762939453,0.0,0.0,0.0,0.0,0.0,0.0
outer2,2,76,b9e6,60.0,240.0,60.000003814697266,97.1807632446289,37.18075942993164,-60.0,120.0,0.0,0.0,0.0
outer2,2,76,b9e6,60.0,270.0,0.0,0.0,0.0,0.0,0.0,1.0,1.0,0.0
outer2,2,76,b9e6,60.0,300.0,0.0,0.0,0.0,0.0,0.0,1.0,1.0,0.0
outer2,2,76,b9e6,60.0,330.0,0.0,0.0,0.0,0.0,0.0,1.0,1.0,0.0
outer2,2,76,b9e6,90.0,0.0,0.0,0.0,0.0,0.0,0.0,1.0,1.0,0.0
outer2,2,76,b9e6,90.0,30.0,0.0,180.0,180.0,0.0,180.0,1.0,0.0,-1.0
outer2,2,76,b9e6,90.0,60.0,0.0,180.0,180.0,0.0,180.0,1.0,0.0,-1.0
outer2,2,76,b9e6,90.0,90.0,0.0,0.0,0.0,0.0,0.0,1.0,1.0,0.0
outer2,2,76,b9e6,90.0,120.0,120.00000762939453,180.0,59.99999237060547,0.0,60.0,0.0,0.0,0.0
outer2,2,76,b9e6,90.0,150.0,0.0,180.0,180.0,0.0,180.0,1.0,0.0,-1.0
outer2,2,76,b9e6,90.0,180.0,180.0,180.0,0.0,0.0,0.0,0.0,0.0,0.0
outer2,2,76,b9e6,90.0,210.0,180.0,0.0,-180.0,0.0,-180.0,0.0,1.0,1.0
outer2,2,76,b9e6,90.0,240.0,0.0,0.0,0.0,0.0,0.0,1.0,1.0,0.0
outer2,2,76,b9e6,90.0,270.0,180.0,180.0,0.0,0.0,0.0,0.0,0.0,0.0
outer2,2,76,b9e6,90.0,300.0,60.000003814697266,0.0,-60.000003814697266,0.0,-60.0,0.0,1.0,1.0
outer2,2,76,b9e6,90.0,330.0,180.0,0.0,-180.0,0.0,-180.0,0.0,1.0,1.0
outer2,2,76,b9e6,120.0,0.0,0.0,29.99998664855957,29.99998664855957,30.0,0.0,1.0,0.0,-1.0
outer2,2,76,b9e6,120.0,30.0,0.0,0.0,0.0,0.0,0.0,1.0,1.0,0.0
outer2,2,76,b9e6,120.0,60.0,0.0,0.0,0.0,0.0,0.0,1.0,1.0,0.0
outer2,2,76,b9e6,120.0,90.0,0.0,0.0,0.0,0.0,0.0,1.0,1.0,0.0
outer2,2,76,b9e6,120.0,120.0,0.0,0.0,0.0,0.0,0.0,1.0,1.0,0.0
outer2,2,76,b9e6,120.0,150.0,0.0,0.0,0.0,0.0,0.0,1.0,1.0,0.0
outer2,2,76,b9e6,120.0,180.0,0.0,0.0,0.0,0.0,0.0,1.0,1.0,0.0
outer2,2,76,b9e6,120.0,210.0,120.00000762939453,120.00000762939453,0.0,0.0,0.0,0.0,0.0,0.0
outer2,2,76,b9e6,120.0,240.0,0.0,0.0,0.0,0.0,0.0,1.0,1.0,0.0
outer2,2,76,b9e6,120.0,270.0,0.0,0.0,0.0,0.0,0.0,1.0,1.0,0.0
outer2,2,76,b9e6,120.0,300.0,0.0,0.0,0.0,0.0,0.0,1.0,1.0,0.0
outer2,2,76,b9e6,120.0,330.0,0.0,0.0,0.0,0.0,0.0,1.0,1.0,0.0
outer2,2,76,b9e6,150.0,0.0,0.0,0.0,0.0,0.0,0.0,1.0,1.0,0.0
outer2,2,76,b9e6,150.0,30.0,0.0,0.0,0.0,0.0,0.0,1.0,1.0,0.0
outer2,2,76,b9e6,150.0,60.0,0.0,0.0,0.0,0.0,0.0,1.0,1.0,0.0
outer2,2,76,b9e6,150.0,90.0,0.0,0.0,0.0,0.0,0.0,1.0,1.0,0.0
outer2,2,76,b9e6,150.0,120.0,0.0,0.0,0.0,0.0,0.0,1.0,1.0,0.0
outer2,2,76,b9e6,150.0,150.0,0.0,0.0,0.0,0.0,0.0,1.0,1.0,0.0
outer2,2,76,b9e6,150.0,180.0,0.0,0.0,0.0,0.0,0.0,1.0,1.0,0.0
outer2,2,76,b9e6,150.0,210.0,0.0,0.0,0.0,0.0,0.0,1.0,1.0,0.0
outer2,2,76,b9e6,150.0,240.0,0.0,0.0,0.0,0.0,0.0,1.0,1.0,0.0
outer2,2,76,b9e6,150.0,270.0,0.0,0.0,0.0,0.0,0.0,1.0,1.0,0.0
outer2,2,76,b9e6,150.0,300.0,0.0,0.0,0.0,0.0,0.0,1.0,1.0,0.0
outer2,2,76,b9e6,150.0,330.0,0.0,0.0,0.0,0.0,0.0,1.0,1.0,0.0
outer2,2,76,ba0f,30.0,0.0,150.0,30.000001907348633,-119.99999809265137,-60.0,-180.0,0.0,0.0,0.0
outer2,2,76,ba0f,30.0,30.0,151.04498291015625,165.12905883789062,14.084075927734375,0.0,30.0,0.0,0.0,0.0
outer2,2,76,ba0f,30.0,60.0,60.000003814697266,165.12905883789062,105.12905502319336,120.0,-30.0,0.0,0.0,0.0
outer2,2,76,ba0f,30.0,90.0,57.7581901550293,0.0,-57.7581901550293,0.0,-150.0,0.0,1.0,1.0
outer2,2,76,ba0f,30.0,120.0,0.0,0.0,0.0,0.0,0.0,1.0,1.0,0.0
outer2,2,76,ba0f,30.0,150.0,60.000003814697266,60.000003814697266,0.0,0.0,0.0,0.0,0.0,0.0
outer2,2,76,ba0f,30.0,180.0,180.0,150.0,-30.0,-30.0,0.0,0.0,0.0,0.0
outer2,2,76,ba0f,30.0,210.0,151.04498291015625,151.04498291015625,0.0,0.0,0.0,0.0,0.0,0.0
outer2,2,76,ba0f,30.0,240.0,0.0,122.24180603027344,122.24180603027344,120.0,30.0,1.0,0.0,-1.0
outer2,2,76,ba0f,30.0,270.0,122.24180603027344,120.00000762939453,-2.2417984008789062,0.0,-30.0,0.0,0.0,0.0
outer2,2,76,ba0f,30.0,300.0,60.000003814697266,57.7581901550293,-2.2418136596679688,0.0,-30.0,0.0,0.0,0.0
outer2,2,76,ba0f,30.0,330.0,0.0,90.0,90.0,90.0,0.0,1.0,0.0,-1.0
outer2,2,76,ba0f,60.0,0.0,0.0,30.000001907348633,30.000001907348633,30.0,0.0,1.0,0.0,-1.0
outer2,2,76,ba0f,60.0,30.0,0.0,120.00000762939453,120.00000762939453,0.0,180.0,1.0,0.0,-1.0
outer2,2,76,ba0f,60.0,60.0,25.905075073242188,51.31781005859375,25.412734985351562,0.0,30.0,0.0,0.0,0.0
outer2,2,76,ba0f,60.0,90.0,29.999998092651367,0.0,-29.999998092651367,-30.0,0.0,0.0,1.0,1.0
outer2,2,76,ba0f,60.0,120.0,120.00000762939453,120.00000762939453,0.0,0.0,0.0,0.0,0.0,0.0
outer2,2,76,ba0f,60.0,150.0,128.6822052001953,154.09490966796875,25.412704467773438,0.0,30.0,0.0,0.0,0.0
outer2,2,76,ba0f,60.0,180.0,0.0,90.0,90.0,90.0,0.0,1.0,0.0,-1.0
outer2,2,76,ba0f,60.0,210.0,60.000003814697266,66.45188903808594,6.451885223388672,0.0,30.0,0.0,0.0,0.0
outer2,2,76,ba0f,60.0,240.0,0.0,0.0,0.0,0.0,0.0,1.0,1.0,0.0
outer2,2,76,ba0f,60.0,270.0,41.40962219238281,29.999998092651367,-11.409624099731445,0.0,-30.0,0.0,0.0,0.0
outer2,2,76,ba0f,60.0,300.0,60.000003814697266,51.31781005859375,-8.682193756103516,-60.0,60.0,0.0,0.0,0.0
outer2,2,76,ba0f,60.0,330.0,60.000003814697266,97.1807632446289,37.18075942993164,-60.0,120.0,0.0,0.0,0.0
outer2,2,76,ba0f,90.0,0.0,0.0,180.0,180.0,0.0,180.0,1.0,0.0,-1.0
outer2,2,76,ba0f,90.0,30.0,60.00000762939453,120.00000762939453,60.0,0.0,60.0,0.0,0.0,0.0
outer2,2,76,ba0f,90.0,60.0,0.0,180.0,180.0,0.0,180.0,1.0,0.0,-1.0
outer2,2,76,ba0f,90.0,90.0,180.0,0.0,-180.0,0.0,-180.0,0.0,1.0,1.0
outer2,2,76,ba0f,90.0,120.0,180.0,60.000003814697266,-119.99999618530273,0.0,-120.0,0.0,0.0,0.0
outer2,2,76,ba0f,90.0,150.0,0.0,0.0,0.0,0.0,0.0,1.0,1.0,0.0
outer2,2,76,ba0f,90.0,180.0,180.0,0.0,-180.0,0.0,-180.0,0.0,1.0,1.0
outer2,2,76,ba0f,90.0,210.0,120.00000762939453,60.000003814697266,-60.000003814697266,0.0,-60.0,0.0,0.0,0.0
outer2,2,76,ba0f,90.0,240.0,60.000003814697266,180.0,119.99999618530273,0.0,120.0,0.0,0.0,0.0
outer2,2,76,ba0f,90.0,270.0,180.0,180.0,0.0,0.0,0.0,0.0,0.0,0.0
outer2,2,76,ba0f,90.0,300.0,0.0,60.000003814697266,60.000003814697266,0.0,60.0,1.0,0.0,-1.0
outer2,2,76,ba0f,90.0,330.0,180.0,180.0,0.0,0.0,0.0,0.0,0.0,0.0
outer2,2,76,ba0f,120.0,0.0,0.0,29.99998664855957,29.99998664855957,30.0,0.0,1.0,0.0,-1.0
outer2,2,76,ba0f,120.0,30.0,0.0,0.0,0.0,0.0,0.0,1.0,1.0,0.0
outer2,2,76,ba0f,120.0,60.0,0.0,113.54811096191406,113.54811096191406,0.0,150.0,1.0,0.0,-1.0
outer2,2,76,ba0f,120.0,90.0,25.905075073242188,0.0,-25.905075073242188,0.0,-30.0,0.0,1.0,1.0
outer2,2,76,ba0f,120.0,120.0,120.00000762939453,113.54811096191406,-6.451896667480469,0.0,-30.0,0.0,0.0,0.0
outer2,2,76,ba0f,120.0,150.0,120.00000762939453,120.00000762939453,0.0,0.0,0.0,0.0,0.0,0.0
outer2,2,76,ba0f,120.0,180.0,0.0,60.000003814697266,60.000003814697266,60.0,0.0,1.0,0.0,-1.0
outer2,2,76,ba0f,120.0,210.0,0.0,60.000003814697266,60.000003814697266,60.0,0.0,1.0,0.0,-1.0
outer2,2,76,ba0f,120.0,240.0,0.0,60.000003814697266,60.000003814697266,60.0,0.0,1.0,0.0,-1.0
outer2,2,76,ba0f,120.0,270.0,138.59039306640625,41.40962219238281,-97.18077087402344,0.0,-120.0,0.0,0.0,0.0
outer2,2,76,ba0f,120.0,300.0,0.0,180.0,180.0,60.0,180.0,1.0,0.0,-1.0
outer2,2,76,ba0f,120.0,330.0,97.18075561523438,97.18075561523438,0.0,0.0,0.0,0.0,0.0,0.0
outer2,2,76,ba0f,150.0,0.0,60.000003814697266,29.99998664855957,-30.000017166137695,30.0,-180.0,0.0,0.0,0.0
outer2,2,76,ba0f,150.0,30.0,128.68218994140625,60.000003814697266,-68.68218612670898,-120.0,120.0,0.0,0.0,0.0
outer2,2,76,ba0f,150.0,60.0,60.000003814697266,165.12905883789062,105.12905502319336,120.0,-30.0,0.0,0.0,0.0
outer2,2,76,ba0f,150.0,90.0,0.0,60.000003814697266,60.000003814697266,0.0,180.0,1.0,0.0,-1.0
outer2,2,76,ba0f,150.0,120.0,0.0,60.000003814697266,60.000003814697266,0.0,180.0,1.0,0.0,-1.0
outer2,2,76,ba0f,150.0,150.0,0.0,60.000003814697266,60.000003814697266,0.0,180.0,1.0,0.0,-1.0
outer2,2,76,ba0f,150.0,180.0,90.0,90.0,0.0,0.0,0.0,0.0,0.0,0.0
outer2,2,76,ba0f,150.0,210.0,151.04498291015625,51.31782150268555,-99.7271614074707,-120.0,0.0,0.0,0.0,0.0
outer2,2,76,ba0f,150.0,240.0,151.04498291015625,122.24180603027344,-28.803176879882812,0.0,-90.0,0.0,0.0,0.0
outer2,2,76,ba0f,150.0,270.0,14.870942115783691,120.00000762939453,105.12906551361084,120.0,-30.0,0.0,0.0,0.0
outer2,2,76,ba0f,150.0,300.0,60.000003814697266,0.0,-60.000003814697266,0.0,-180.0,0.0,1.0,1.0
outer2,2,76,ba0f,150.0,330.0,0.0,0.0,0.0,0.0,0.0,1.0,1.0,0.0
outer2,2,76,bb7c,30.0,0.0,0.0,30.000001907348633,30.000001907348633,30.0,0.0,1.0,0.0,-1.0
outer2,2,76,bb7c,30.0,30.0,0.0,0.0,0.0,0.0,0.0,1.0,1.0,0.0
outer2,2,76,bb7c,30.0,60.0,0.0,0.0,0.0,0.0,0.0,1.0,1.0,0.0
outer2,2,76,bb7c,30.0,90.0,0.0,0.0,0.0,0.0,0.0,1.0,1.0,0.0
outer2,2,76,bb7c,30.0,120.0,0.0,0.0,0.0,0.0,0.0,1.0,1.0,0.0
outer2,2,76,bb7c,30.0,150.0,0.0,0.0,0.0,0.0,0.0,1.0,1.0,0.0
outer2,2,76,bb7c,30.0,180.0,0.0,90.0,90.0,30.0,180.0,1.0,0.0,-1.0
outer2,2,76,bb7c,30.0,210.0,0.0,0.0,0.0,0.0,0.0,1.0,1.0,0.0
outer2,2,76,bb7c,30.0,240.0,0.0,0.0,0.0,0.0,0.0,1.0,1.0,0.0
outer2,2,76,bb7c,30.0,270.0,0.0,0.0,0.0,0.0,0.0,1.0,1.0,0.0
outer2,2,76,bb7c,30.0,300.0,0.0,0.0,0.0,0.0,0.0,1.0,1.0,0.0
outer2,2,76,bb7c,30.0,330.0,0.0,90.0,90.0,90.0,0.0,1.0,0.0,-1.0
outer2,2,76,bb7c,60.0,0.0,0.0,0.0,0.0,0.0,0.0,1.0,1.0,0.0
outer2,2,76,bb7c,60.0,30.0,0.0,0.0,0.0,0.0,0.0,1.0,1.0,0.0
outer2,2,76,bb7c,60.0,60.0,0.0,0.0,0.0,0.0,0.0,1.0,1.0,0.0
outer2,2,76,bb7c,60.0,90.0,0.0,0.0,0.0,0.0,0.0,1.0,1.0,0.0
outer2,2,76,bb7c,60.0,120.0,0.0,0.0,0.0,0.0,0.0,1.0,1.0,0.0
outer2,2,76,bb7c,60.0,150.0,0.0,0.0,0.0,0.0,0.0,1.0,1.0,0.0
outer2,2,76,bb7c,60.0,180.0,0.0,120.00000762939453,120.00000762939453,0.0,180.0,1.0,0.0,-1.0
outer2,2,76,bb7c,60.0,210.0,25.905075073242188,82.81924438476562,56.91416931152344,60.0,30.0,0.0,0.0,0.0
outer2,2,76,bb7c,60.0,240.0,0.0,0.0,0.0,0.0,0.0,1.0,1.0,0.0
outer2,2,76,bb7c,60.0,270.0,0.0,120.00000762939453,120.00000762939453,0.0,180.0,1.0,0.0,-1.0
outer2,2,76,bb7c,60.0,300.0,0.0,0.0,0.0,0.0,0.0,1.0,1.0,0.0
outer2,2,76,bb7c,60.0,330.0,0.0,0.0,0.0,0.0,0.0,1.0,1.0,0.0
outer2,2,76,bb7c,90.0,0.0,0.0,180.0,180.0,0.0,180.0,1.0,0.0,-1.0
outer2,2,76,bb7c,90.0,30.0,180.0,0.0,-180.0,0.0,-180.0,0.0,1.0,1.0
outer2,2,76,bb7c,90.0,60.0,30.000001907348633,0.0,-30.000001907348633,-30.0,0.0,0.0,1.0,1.0
outer2,2,76,bb7c,90.0,90.0,0.0,180.0,180.0,0.0,180.0,1.0,0.0,-1.0
outer2,2,76,bb7c,90.0,120.0,0.0,0.0,0.0,0.0,0.0,1.0,1.0,0.0
outer2,2,76,bb7c,90.0,150.0,0.0,180.0,180.0,0.0,180.0,1.0,0.0,-1.0
outer2,2,76,bb7c,90.0,180.0,180.0,0.0,-180.0,0.0,-180.0,0.0,1.0,1.0
outer2,2,76,bb7c,90.0,210.0,180.0,0.0,-180.0,0.0,-180.0,0.0,1.0,1.0
outer2,2,76,bb7c,90.0,240.0,180.0,0.0,-180.0,0.0,-180.0,0.0,1.0,1.0
outer2,2,76,bb7c,90.0,270.0,0.0,0.0,0.0,0.0,0.0,1.0,1.0,0.0
outer2,2,76,bb7c,90.0,300.0,180.0,180.0,0.0,0.0,0.0,0.0,0.0,0.0
outer2,2,76,bb7c,90.0,330.0,180.0,180.0,0.0,0.0,0.0,0.0,0.0,0.0
outer2,2,76,bb7c,120.0,0.0,0.0,0.0,0.0,0.0,0.0,1.0,1.0,0.0
outer2,2,76,bb7c,120.0,30.0,0.0,0.0,0.0,0.0,0.0,1.0,1.0,0.0
outer2,2,76,bb7c,120.0,60.0,0.0,25.905075073242188,25.905075073242188,0.0,30.0,1.0,0.0,-1.0
outer2,2,76,bb7c,120.0,90.0,25.905075073242188,29.99998664855957,4.094911575317383,30.0,-30.0,0.0,0.0,0.0
outer2,2,76,bb7c,120.0,120.0,0.0,0.0,0.0,0.0,0.0,1.0,1.0,0.0
outer2,2,76,bb7c,120.0,150.0,0.0,0.0,0.0,0.0,0.0,1.0,1.0,0.0
outer2,2,76,bb7c,120.0,180.0,0.0,0.0,0.0,0.0,0.0,1.0,1.0,0.0
outer2,2,76,bb7c,120.0,210.0,0.0,0.0,0.0,0.0,0.0,1.0,1.0,0.0
outer2,2,76,bb7c,120.0,240.0,60.000003814697266,0.0,-60.000003814697266,-60.0,0.0,0.0,1.0,1.0
outer2,2,76,bb7c,120.0,270.0,120.00000762939453,180.0,59.99999237060547,60.0,0.0,0.0,0.0,0.0
outer2,2,76,bb7c,120.0,300.0,0.0,0.0,0.0,0.0,0.0,1.0,1.0,0.0
outer2,2,76,bb7c,120.0,330.0,0.0,0.0,0.0,0.0,0.0,1.0,1.0,0.0
outer2,2,76,bb7c,150.0,0.0,0.0,29.99998664855957,29.99998664855957,30.0,0.0,1.0,0.0,-1.0
outer2,2,76,bb7c,150.0,30.0,0.0,0.0,0.0,0.0,0.0,1.0,1.0,0.0
outer2,2,76,bb7c,150.0,60.0,0.0,0.0,0.0,0.0,0.0,1.0,1.0,0.0
outer2,2,76,bb7c,150.0,90.0,0.0,0.0,0.0,0.0,0.0,1.0,1.0,0.0
outer2,2,76,bb7c,150.0,120.0,0.0,0.0,0.0,0.0,0.0,1.0,1.0,0.0
outer2,2,76,bb7c,150.0,150.0,0.0,0.0,0.0,0.0,0.0,1.0,1.0,0.0
outer2,2,76,bb7c,150.0,180.0,0.0,90.0,90.0,30.0,180.0,1.0,0.0,-1.0
outer2,2,76,bb7c,150.0,210.0,0.0,0.0,0.0,0.0,0.0,1.0,1.0,0.0
outer2,2,76,bb7c,150.0,240.0,0.0,0.0,0.0,0.0,0.0,1.0,1.0,0.0
outer2,2,76,bb7c,150.0,270.0,0.0,0.0,0.0,0.0,0.0,1.0,1.0,0.0
outer2,2,76,bb7c,150.0,300.0,0.0,0.0,0.0,0.0,0.0,1.0,1.0,0.0
outer2,2,76,bb7c,150.0,330.0,0.0,0.0,0.0,0.0,0.0,1.0,1.0,0.0
outer3,3,70,b812,30.0,0.0,0.0,0.0,0.0,0.0,0.0,1.0,1.0,0.0
outer3,3,70,b812,30.0,30.0,0.0,0.0,0.0,0.0,0.0,1.0,1.0,0.0
outer3,3,70,b812,30.0,60.0,0.0,0.0,0.0,0.0,0.0,1.0,1.0,0.0
outer3,3,70,b812,30.0,90.0,0.0,0.0,0.0,0.0,0.0,1.0,1.0,0.0
outer3,3,70,b812,30.0,120.0,0.0,0.0,0.0,0.0,0.0,1.0,1.0,0.0
outer3,3,70,b812,30.0,150.0,0.0,0.0,0.0,0.0,0.0,1.0,1.0,0.0
outer3,3,70,b812,30.0,180.0,0.0,0.0,0.0,0.0,0.0,1.0,1.0,0.0
outer3,3,70,b812,30.0,210.0,0.0,0.0,0.0,0.0,0.0,1.0,1.0,0.0
outer3,3,70,b812,30.0,240.0,0.0,0.0,0.0,0.0,0.0,1.0,1.0,0.0
outer3,3,70,b812,30.0,270.0,0.0,0.0,0.0,0.0,0.0,1.0,1.0,0.0
outer3,3,70,b812,30.0,300.0,0.0,0.0,0.0,0.0,0.0,1.0,1.0,0.0
outer3,3,70,b812,30.0,330.0,0.0,0.0,0.0,0.0,0.0,1.0,1.0,0.0
outer3,3,70,b812,60.0,0.0,0.0,0.0,0.0,0.0,0.0,1.0,1.0,0.0
outer3,3,70,b812,60.0,30.0,0.0,0.0,0.0,0.0,0.0,1.0,1.0,0.0
outer3,3,70,b812,60.0,60.0,0.0,0.0,0.0,0.0,0.0,1.0,1.0,0.0
outer3,3,70,b812,60.0,90.0,0.0,0.0,0.0,0.0,0.0,1.0,1.0,0.0
outer3,3,70,b812,60.0,120.0,97.1807632446289,0.0,-97.1807632446289,0.0,-120.0,0.0,1.0,1.0
outer3,3,70,b812,60.0,150.0,0.0,0.0,0.0,0.0,0.0,1.0,1.0,0.0
outer3,3,70,b812,60.0,180.0,0.0,0.0,0.0,0.0,0.0,1.0,1.0,0.0
outer3,3,70,b812,60.0,210.0,0.0,0.0,0.0,0.0,0.0,1.0,1.0,0.0
outer3,3,70,b812,60.0,240.0,0.0,0.0,0.0,0.0,0.0,1.0,1.0,0.0
outer3,3,70,b812,60.0,270.0,0.0,0.0,0.0,0.0,0.0,1.0,1.0,0.0
outer3,3,70,b812,60.0,300.0,0.0,0.0,0.0,0.0,0.0,1.0,1.0,0.0
outer3,3,70,b812,60.0,330.0,0.0,0.0,0.0,0.0,0.0,1.0,1.0,0.0
outer3,3,70,b812,90.0,0.0,0.0,180.0,180.0,0.0,180.0,1.0,0.0,-1.0
outer3,3,70,b812,90.0,30.0,60.00000762939453,0.0,-60.00000762939453,0.0,-60.0,0.0,1.0,1.0
outer3,3,70,b812,90.0,60.0,0.0,0.0,0.0,0.0,0.0,1.0,1.0,0.0
outer3,3,70,b812,90.0,90.0,0.0,0.0,0.0,0.0,0.0,1.0,1.0,0.0
outer3,3,70,b812,90.0,120.0,180.0,0.0,-180.0,0.0,-180.0,0.0,1.0,1.0
outer3,3,70,b812,90.0,150.0,180.0,0.0,-180.0,0.0,-180.0,0.0,1.0,1.0
outer3,3,70,b812,90.0,180.0,180.0,0.0,-180.0,0.0,-180.0,0.0,1.0,1.0
outer3,3,70,b812,90.0,210.0,0.0,180.0,180.0,0.0,180.0,1.0,0.0,-1.0
outer3,3,70,b812,90.0,240.0,0.0,120.00000762939453,120.00000762939453,0.0,120.0,1.0,0.0,-1.0
outer3,3,70,b812,90.0,270.0,0.0,0.0,0.0,0.0,0.0,1.0,1.0,0.0
outer3,3,70,b812,90.0,300.0,0.0,180.0,180.0,0.0,180.0,1.0,0.0,-1.0
outer3,3,70,b812,90.0,330.0,0.0,180.0,180.0,0.0,180.0,1.0,0.0,-1.0
outer3,3,70,b812,120.0,0.0,0.0,0.0,0.0,0.0,0.0,1.0,1.0,0.0
outer3,3,70,b812,120.0,30.0,0.0,0.0,0.0,0.0,0.0,1.0,1.0,0.0
outer3,3,70,b812,120.0,60.0,0.0,0.0,0.0,0.0,0.0,1.0,1.0,0.0
outer3,3,70,b812,120.0,90.0,0.0,0.0,0.0,0.0,0.0,1.0,1.0,0.0
outer3,3,70,b812,120.0,120.0,0.0,0.0,0.0,0.0,0.0,1.0,1.0,0.0
outer3,3,70,b812,120.0,150.0,0.0,0.0,0.0,0.0,0.0,1.0,1.0,0.0
outer3,3,70,b812,120.0,180.0,0.0,0.0,0.0,0.0,0.0,1.0,1.0,0.0
outer3,3,70,b812,120.0,210.0,0.0,0.0,0.0,0.0,0.0,1.0,1.0,0.0
outer3,3,70,b812,120.0,240.0,0.0,0.0,0.0,0.0,0.0,1.0,1.0,0.0
outer3,3,70,b812,120.0,270.0,0.0,0.0,0.0,0.0,0.0,1.0,1.0,0.0
outer3,3,70,b812,120.0,300.0,0.0,0.0,0.0,0.0,0.0,1.0,1.0,0.0
outer3,3,70,b812,120.0,330.0,0.0,0.0,0.0,0.0,0.0,1.0,1.0,0.0
outer3,3,70,b812,150.0,0.0,0.0,0.0,0.0,0.0,0.0,1.0,1.0,0.0
outer3,3,70,b812,150.0,30.0,0.0,0.0,0.0,0.0,0.0,1.0,1.0,0.0
outer3,3,70,b812,150.0,60.0,0.0,0.0,0.0,0.0,0.0,1.0,1.0,0.0
outer3,3,70,b812,150.0,90.0,0.0,0.0,0.0,0.0,0.0,1.0,1.0,0.0
outer3,3,70,b812,150.0,120.0,0.0,0.0,0.0,0.0,0.0,1.0,1.0,0.0
outer3,3,70,b812,150.0,150.0,0.0,0.0,0.0,0.0,0.0,1.0,1.0,0.0
outer3,3,70,b812,150.0,180.0,0.0,0.0,0.0,0.0,0.0,1.0,1.0,0.0
outer3,3,70,b812,150.0,210.0,0.0,0.0,0.0,0.0,0.0,1.0,1.0,0.0
outer3,3,70,b812,150.0,240.0,0.0,0.0,0.0,0.0,0.0,1.0,1.0,0.0
outer3,3,70,b812,150.0,270.0,0.0,0.0,0.0,0.0,0.0,1.0,1.0,0.0
outer3,3,70,b812,150.0,300.0,0.0,0.0,0.0,0.0,0.0,1.0,1.0,0.0
outer3,3,70,b812,150.0,330.0,0.0,0.0,0.0,0.0,0.0,1.0,1.0,0.0
outer3,3,70,b943,30.0,0.0,0.0,60.000003814697266,60.000003814697266,0.0,180.0,1.0,0.0,-1.0
outer3,3,70,b943,30.0,30.0,0.0,0.0,0.0,0.0,0.0,1.0,1.0,0.0
outer3,3,70,b943,30.0,60.0,0.0,0.0,0.0,0.0,0.0,1.0,1.0,0.0
outer3,3,70,b943,30.0,90.0,0.0,0.0,0.0,0.0,0.0,1.0,1.0,0.0
outer3,3,70,b943,30.0,120.0,0.0,0.0,0.0,0.0,0.0,1.0,1.0,0.0
outer3,3,70,b943,30.0,150.0,0.0,0.0,0.0,0.0,0.0,1.0,1.0,0.0
outer3,3,70,b943,30.0,180.0,0.0,0.0,0.0,0.0,0.0,1.0,1.0,0.0
outer3,3,70,b943,30.0,210.0,0.0,51.31781005859375,51.31781005859375,0.0,120.0,1.0,0.0,-1.0
outer3,3,70,b943,30.0,240.0,0.0,0.0,0.0,0.0,0.0,1.0,1.0,0.0
outer3,3,70,b943,30.0,270.0,0.0,0.0,0.0,0.0,0.0,1.0,1.0,0.0
outer3,3,70,b943,30.0,300.0,0.0,0.0,0.0,0.0,0.0,1.0,1.0,0.0
outer3,3,70,b943,30.0,330.0,0.0,51.31781005859375,51.31781005859375,0.0,120.0,1.0,0.0,-1.0
outer3,3,70,b943,60.0,0.0,0.0,0.0,0.0,0.0,0.0,1.0,1.0,0.0
outer3,3,70,b943,60.0,30.0,0.0,0.0,0.0,0.0,0.0,1.0,1.0,0.0
outer3,3,70,b943,60.0,60.0,0.0,0.0,0.0,0.0,0.0,1.0,1.0,0.0
outer3,3,70,b943,60.0,90.0,0.0,0.0,0.0,0.0,0.0,1.0,1.0,0.0
outer3,3,70,b943,60.0,120.0,30.000001907348633,0.0,-30.000001907348633,-30.0,0.0,0.0,1.0,1.0
outer3,3,70,b943,60.0,150.0,0.0,0.0,0.0,0.0,0.0,1.0,1.0,0.0
outer3,3,70,b943,60.0,180.0,0.0,0.0,0.0,0.0,0.0,1.0,1.0,0.0
outer3,3,70,b943,60.0,210.0,0.0,0.0,0.0,0.0,0.0,1.0,1.0,0.0
outer3,3,70,b943,60.0,240.0,128.6822052001953,0.0,-128.6822052001953,-60.0,-120.0,0.0,1.0,1.0
outer3,3,70,b943,60.0,270.0,0.0,60.000003814697266,60.000003814697266,60.0,0.0,1.0,0.0,-1.0
outer3,3,70,b943,60.0,300.0,0.0,0.0,0.0,0.0,0.0,1.0,1.0,0.0
outer3,3,70,b943,60.0,330.0,0.0,82.81924438476562,82.81924438476562,60.0,60.0,1.0,0.0,-1.0
outer3,3,70,b943,90.0,0.0,0.0,180.0,180.0,0.0,180.0,1.0,0.0,-1.0
outer3,3,70,b943,90.0,30.0,180.0,0.0,-180.0,0.0,-180.0,0.0,1.0,1.0
outer3,3,70,b943,90.0,60.0,119.99999237060547,60.000003814697266,-59.9999885559082,0.0,-60.0,0.0,0.0,0.0
outer3,3,70,b943,90.0,90.0,180.0,180.0,0.0,0.0,0.0,0.0,0.0,0.0
outer3,3,70,b943,90.0,120.0,180.0,0.0,-180.0,0.0,-180.0,0.0,1.0,1.0
outer3,3,70,b943,90.0,150.0,180.0,180.0,0.0,0.0,0.0,0.0,0.0,0.0
outer3,3,70,b943,90.0,180.0,180.0,0.0,-180.0,0.0,-180.0,0.0,1.0,1.0
outer3,3,70,b943,90.0,210.0,0.0,180.0,180.0,0.0,180.0,1.0,0.0,-1.0
outer3,3,70,b943,90.0,240.0,60.000003814697266,120.00000762939453,60.000003814697266,0.0,60.0,0.0,0.0,0.0
outer3,3,70,b943,90.0,270.0,0.0,0.0,0.0,0.0,0.0,1.0,1.0,0.0
outer3,3,70,b943,90.0,300.0,0.0,180.0,180.0,0.0,180.0,1.0,0.0,-1.0
outer3,3,70,b943,90.0,330.0,0.0,0.0,0.0,0.0,0.0,1.0,1.0,0.0
outer3,3,70,b943,120.0,0.0,0.0,29.99998664855957,29.99998664855957,30.0,0.0,1.0,0.0,-1.0
outer3,3,70,b943,120.0,30.0,0.0,0.0,0.0,0.0,0.0,1.0,1.0,0.0
outer3,3,70,b943,120.0,60.0,0.0,0.0,0.0,0.0,0.0,1.0,1.0,0.0
outer3,3,70,b943,120.0,90.0,0.0,0.0,0.0,0.0,0.0,1.0,1.0,0.0
outer3,3,70,b943,120.0,120.0,0.0,0.0,0.0,0.0,0.0,1.0,1.0,0.0
outer3,3,70,b943,120.0,150.0,0.0,0.0,0.0,0.0,0.0,1.0,1.0,0.0
outer3,3,70,b943,120.0,180.0,0.0,29.99998664855957,29.99998664855957,30.0,0.0,1.0,0.0,-1.0
outer3,3,70,b943,120.0,210.0,0.0,66.45188903808594,66.45188903808594,60.0,30.0,1.0,0.0,-1.0
outer3,3,70,b943,120.0,240.0,0.0,0.0,0.0,0.0,0.0,1.0,1.0,0.0
outer3,3,70,b943,120.0,270.0,0.0,0.0,0.0,0.0,0.0,1.0,1.0,0.0
outer3,3,70,b943,120.0,300.0,0.0,0.0,0.0,0.0,0.0,1.0,1.0,0.0
outer3,3,70,b943,120.0,330.0,0.0,0.0,0.0,0.0,0.0,1.0,1.0,0.0
outer3,3,70,b943,150.0,0.0,0.0,0.0,0.0,0.0,0.0,1.0,1.0,0.0
outer3,3,70,b943,150.0,30.0,0.0,0.0,0.0,0.0,0.0,1.0,1.0,0.0
outer3,3,70,b943,150.0,60.0,0.0,0.0,0.0,0.0,0.0,1.0,1.0,0.0
outer3,3,70,b943,150.0,90.0,0.0,0.0,0.0,0.0,0.0,1.0,1.0,0.0
outer3,3,70,b943,150.0,120.0,0.0,0.0,0.0,0.0,0.0,1.0,1.0,0.0
outer3,3,70,b943,150.0,150.0,0.0,0.0,0.0,0.0,0.0,1.0,1.0,0.0
outer3,3,70,b943,150.0,180.0,0.0,120.00000762939453,120.00000762939453,120.0,0.0,1.0,0.0,-1.0
outer3,3,70,b943,150.0,210.0,0.0,0.0,0.0,0.0,0.0,1.0,1.0,0.0
outer3,3,70,b943,150.0,240.0,0.0,0.0,0.0,0.0,0.0,1.0,1.0,0.0
outer3,3,70,b943,150.0,270.0,0.0,0.0,0.0,0.0,0.0,1.0,1.0,0.0
outer3,3,70,b943,150.0,300.0,0.0,0.0,0.0,0.0,0.0,1.0,1.0,0.0
outer3,3,70,b943,150.0,330.0,0.0,0.0,0.0,0.0,0.0,1.0,1.0,0.0
outer3,3,70,b974,30.0,0.0,0.0,0.0,0.0,0.0,0.0,1.0,1.0,0.0
outer3,3,70,b974,30.0,30.0,0.0,0.0,0.0,0.0,0.0,1.0,1.0,0.0
outer3,3,70,b974,30.0,60.0,0.0,0.0,0.0,0.0,0.0,1.0,1.0,0.0
outer3,3,70,b974,30.0,90.0,0.0,0.0,0.0,0.0,0.0,1.0,1.0,0.0
outer3,3,70,b974,30.0,120.0,0.0,0.0,0.0,0.0,0.0,1.0,1.0,0.0
outer3,3,70,b974,30.0,150.0,0.0,0.0,0.0,0.0,0.0,1.0,1.0,0.0
outer3,3,70,b974,30.0,180.0,0.0,0.0,0.0,0.0,0.0,1.0,1.0,0.0
outer3,3,70,b974,30.0,210.0,0.0,0.0,0.0,0.0,0.0,1.0,1.0,0.0
outer3,3,70,b974,30.0,240.0,0.0,0.0,0.0,0.0,0.0,1.0,1.0,0.0
outer3,3,70,b974,30.0,270.0,0.0,0.0,0.0,0.0,0.0,1.0,1.0,0.0
outer3,3,70,b974,30.0,300.0,0.0,0.0,0.0,0.0,0.0,1.0,1.0,0.0
outer3,3,70,b974,30.0,330.0,0.0,0.0,0.0,0.0,0.0,1.0,1.0,0.0
outer3,3,70,b974,60.0,0.0,0.0,0.0,0.0,0.0,0.0,1.0,1.0,0.0
outer3,3,70,b974,60.0,30.0,0.0,82.81924438476562,82.81924438476562,60.0,60.0,1.0,0.0,-1.0
outer3,3,70,b974,60.0,60.0,0.0,0.0,0.0,0.0,0.0,1.0,1.0,0.0
outer3,3,70,b974,60.0,90.0,0.0,0.0,0.0,0.0,0.0,1.0,1.0,0.0
outer3,3,70,b974,60.0,120.0,0.0,0.0,0.0,0.0,0.0,1.0,1.0,0.0
outer3,3,70,b974,60.0,150.0,51.31781005859375,66.45188903808594,15.134078979492188,60.0,-30.0,0.0,0.0,0.0
outer3,3,70,b974,60.0,180.0,0.0,0.0,0.0,0.0,0.0,1.0,1.0,0.0
outer3,3,70,b974,60.0,210.0,0.0,0.0,0.0,0.0,0.0,1.0,1.0,0.0
outer3,3,70,b974,60.0,240.0,0.0,0.0,0.0,0.0,0.0,1.0,1.0,0.0
outer3,3,70,b974,60.0,270.0,0.0,0.0,0.0,0.0,0.0,1.0,1.0,0.0
outer3,3,70,b974,60.0,300.0,0.0,0.0,0.0,0.0,0.0,1.0,1.0,0.0
outer3,3,70,b974,60.0,330.0,0.0,0.0,0.0,0.0,0.0,1.0,1.0,0.0
outer3,3,70,b974,90.0,0.0,0.0,180.0,180.0,0.0,180.0,1.0,0.0,-1.0
outer3,3,70,b974,90.0,30.0,180.0,0.0,-180.0,0.0,-180.0,0.0,1.0,1.0
outer3,3,70,b974,90.0,60.0,180.0,180.0,0.0,0.0,0.0,0.0,0.0,0.0
outer3,3,70,b974,90.0,90.0,180.0,180.0,0.0,0.0,0.0,0.0,0.0,0.0
outer3,3,70,b974,90.0,120.0,0.0,0.0,0.0,0.0,0.0,1.0,1.0,0.0
outer3,3,70,b974,90.0,150.0,180.0,0.0,-180.0,0.0,-180.0,0.0,1.0,1.0
outer3,3,70,b974,90.0,180.0,180.0,0.0,-180.0,0.0,-180.0,0.0,1.0,1.0
outer3,3,70,b974,90.0,210.0,0.0,180.0,180.0,0.0,180.0,1.0,0.0,-1.0
outer3,3,70,b974,90.0,240.0,0.0,0.0,0.0,0.0,0.0,1.0,1.0,0.0
outer3,3,70,b974,90.0,270.0,0.0,0.0,0.0,0.0,0.0,1.0,1.0,0.0
outer3,3,70,b974,90.0,300.0,0.0,180.0,180.0,0.0,180.0,1.0,0.0,-1.0
outer3,3,70,b974,90.0,330.0,0.0,180.0,180.0,0.0,180.0,1.0,0.0,-1.0
outer3,3,70,b974,120.0,0.0,0.0,0.0,0.0,0.0,0.0,1.0,1.0,0.0
outer3,3,70,b974,120.0,30.0,0.0,0.0,0.0,0.0,0.0,1.0,1.0,0.0
outer3,3,70,b974,120.0,60.0,0.0,0.0,0.0,0.0,0.0,1.0,1.0,0.0
outer3,3,70,b974,120.0,90.0,0.0,0.0,0.0,0.0,0.0,1.0,1.0,0.0
outer3,3,70,b974,120.0,120.0,0.0,0.0,0.0,0.0,0.0,1.0,1.0,0.0
outer3,3,70,b974,120.0,150.0,82.81924438476562,25.905075073242188,-56.91416931152344,-60.0,-30.0,0.0,0.0,0.0
outer3,3,70,b974,120.0,180.0,0.0,0.0,0.0,0.0,0.0,1.0,1.0,0.0
outer3,3,70,b974,120.0,210.0,0.0,0.0,0.0,0.0,0.0,1.0,1.0,0.0
outer3,3,70,b974,120.0,240.0,0.0,0.0,0.0,0.0,0.0,1.0,1.0,0.0
outer3,3,70,b974,120.0,270.0,0.0,0.0,0.0,0.0,0.0,1.0,1.0,0.0
outer3,3,70,b974,120.0,300.0,0.0,0.0,0.0,0.0,0.0,1.0,1.0,0.0
outer3,3,70,b974,120.0,330.0,0.0,0.0,0.0,0.0,0.0,1.0,1.0,0.0
outer3,3,70,b974,150.0,0.0,0.0,0.0,0.0,0.0,0.0,1.0,1.0,0.0
outer3,3,70,b974,150.0,30.0,0.0,0.0,0.0,0.0,0.0,1.0,1.0,0.0
outer3,3,70,b974,150.0,60.0,0.0,0.0,0.0,0.0,0.0,1.0,1.0,0.0
outer3,3,70,b974,150.0,90.0,0.0,0.0,0.0,0.0,0.0,1.0,1.0,0.0
outer3,3,70,b974,150.0,120.0,0.0,0.0,0.0,0.0,0.0,1.0,1.0,0.0
outer3,3,70,b974,150.0,150.0,0.0,0.0,0.0,0.0,0.0,1.0,1.0,0.0
outer3,3,70,b974,150.0,180.0,0.0,0.0,0.0,0.0,0.0,1.0,1.0,0.0
outer3,3,70,b974,150.0,210.0,0.0,0.0,0.0,0.0,0.0,1.0,1.0,0.0
outer3,3,70,b974,150.0,240.0,0.0,0.0,0.0,0.0,0.0,1.0,1.0,0.0
outer3,3,70,b974,150.0,270.0,0.0,0.0,0.0,0.0,0.0,1.0,1.0,0.0
outer3,3,70,b974,150.0,300.0,0.0,0.0,0.0,0.0,0.0,1.0,1.0,0.0
outer3,3,70,b974,150.0,330.0,0.0,0.0,0.0,0.0,0.0,1.0,1.0,0.0
outer3,3,70,b97b,30.0,0.0,30.000001907348633,60.000003814697266,30.000001907348633,-30.0,180.0,0.0,0.0,0.0
outer3,3,70,b97b,30.0,30.0,14.870942115783691,14.870942115783691,0.0,0.0,0.0,0.0,0.0,0.0
outer3,3,70,b97b,30.0,60.0,0.0,0.0,0.0,0.0,0.0,1.0,1.0,0.0
outer3,3,70,b97b,30.0,90.0,0.0,0.0,0.0,0.0,0.0,1.0,1.0,0.0
outer3,3,70,b97b,30.0,120.0,0.0,0.0,0.0,0.0,0.0,1.0,1.0,0.0
outer3,3,70,b97b,30.0,150.0,0.0,128.68218994140625,128.68218994140625,120.0,60.0,1.0,0.0,-1.0
outer3,3,70,b97b,30.0,180.0,30.000001907348633,30.000001907348633,0.0,0.0,0.0,0.0,0.0,0.0
outer3,3,70,b97b,30.0,210.0,0.0,0.0,0.0,0.0,0.0,1.0,1.0,0.0
outer3,3,70,b97b,30.0,240.0,0.0,57.7581901550293,57.7581901550293,0.0,150.0,1.0,0.0,-1.0
outer3,3,70,b97b,30.0,270.0,0.0,122.24180603027344,122.24180603027344,120.0,30.0,1.0,0.0,-1.0
outer3,3,70,b97b,30.0,300.0,0.0,0.0,0.0,0.0,0.0,1.0,1.0,0.0
outer3,3,70,b97b,30.0,330.0,0.0,0.0,0.0,0.0,0.0,1.0,1.0,0.0
outer3,3,70,b97b,60.0,0.0,120.00000762939453,150.0,29.99999237060547,90.0,0.0,0.0,0.0,0.0
outer3,3,70,b97b,60.0,30.0,0.0,60.000003814697266,60.000003814697266,60.0,0.0,1.0,0.0,-1.0
outer3,3,70,b97b,60.0,60.0,0.0,0.0,0.0,0.0,0.0,1.0,1.0,0.0
outer3,3,70,b97b,60.0,90.0,0.0,0.0,0.0,0.0,0.0,1.0,1.0,0.0
outer3,3,70,b97b,60.0,120.0,30.000001907348633,0.0,-30.000001907348633,-30.0,0.0,0.0,1.0,1.0
outer3,3,70,b97b,60.0,150.0,0.0,0.0,0.0,0.0,0.0,1.0,1.0,0.0
outer3,3,70,b97b,60.0,180.0,0.0,0.0,0.0,0.0,0.0,1.0,1.0,0.0
outer3,3,70,b97b,60.0,210.0,0.0,0.0,0.0,0.0,0.0,1.0,1.0,0.0
outer3,3,70,b97b,60.0,240.0,128.6822052001953,0.0,-128.6822052001953,-60.0,-120.0,0.0,1.0,1.0
outer3,3,70,b97b,60.0,270.0,0.0,180.0,180.0,60.0,180.0,1.0,0.0,-1.0
outer3,3,70,b97b,60.0,300.0,0.0,0.0,0.0,0.0,0.0,1.0,1.0,0.0
outer3,3,70,b97b,60.0,330.0,0.0,82.81924438476562,82.81924438476562,60.0,60.0,1.0,0.0,-1.0
outer3,3,70,b97b,90.0,0.0,0.0,180.0,180.0,0.0,180.0,1.0,0.0,-1.0
outer3,3,70,b97b,90.0,30.0,0.0,0.0,0.0,0.0,0.0,1.0,1.0,0.0
outer3,3,70,b97b,90.0,60.0,0.0,180.0,180.0,0.0,180.0,1.0,0.0,-1.0
outer3,3,70,b97b,90.0,90.0,180.0,180.0,0.0,0.0,0.0,0.0,0.0,0.0
outer3,3,70,b97b,90.0,120.0,0.0,0.0,0.0,0.0,0.0,1.0,1.0,0.0
outer3,3,70,b97b,90.0,150.0,180.0,0.0,-180.0,0.0,-180.0,0.0,1.0,1.0
outer3,3,70,b97b,90.0,180.0,180.0,0.0,-180.0,0.0,-180.0,0.0,1.0,1.0
outer3,3,70,b97b,90.0,210.0,180.0,180.0,0.0,0.0,0.0,0.0,0.0,0.0
outer3,3,70,b97b,90.0,240.0,0.0,0.0,0.0,0.0,0.0,1.0,1.0,0.0
outer3,3,70,b97b,90.0,270.0,0.0,0.0,0.0,0.0,0.0,1.0,1.0,0.0
outer3,3,70,b97b,90.0,300.0,0.0,0.0,0.0,0.0,0.0,1.0,1.0,0.0
outer3,3,70,b97b,90.0,330.0,0.0,180.0,180.0,0.0,180.0,1.0,0.0,-1.0
outer3,3,70,b97b,120.0,0.0,0.0,150.0,150.0,90.0,180.0,1.0,0.0,-1.0
outer3,3,70,b97b,120.0,30.0,0.0,0.0,0.0,0.0,0.0,1.0,1.0,0.0
outer3,3,70,b97b,120.0,60.0,0.0,0.0,0.0,0.0,0.0,1.0,1.0,0.0
outer3,3,70,b97b,120.0,90.0,0.0,0.0,0.0,0.0,0.0,1.0,1.0,0.0
outer3,3,70,b97b,120.0,120.0,29.99998664855957,0.0,-29.99998664855957,-30.0,0.0,0.0,1.0,1.0
outer3,3,70,b97b,120.0,150.0,82.81924438476562,82.81924438476562,0.0,0.0,0.0,0.0,0.0,0.0
outer3,3,70,b97b,120.0,180.0,0.0,90.0,90.0,90.0,0.0,1.0,0.0,-1.0
outer3,3,70,b97b,120.0,210.0,0.0,66.45188903808594,66.45188903808594,60.0,30.0,1.0,0.0,-1.0
outer3,3,70,b97b,120.0,240.0,0.0,0.0,0.0,0.0,0.0,1.0,1.0,0.0
outer3,3,70,b97b,120.0,270.0,0.0,180.0,180.0,60.0,180.0,1.0,0.0,-1.0
outer3,3,70,b97b,120.0,300.0,29.99998664855957,0.0,-29.99998664855957,-30.0,0.0,0.0,1.0,1.0
outer3,3,70,b97b,120.0,330.0,0.0,0.0,0.0,0.0,0.0,1.0,1.0,0.0
outer3,3,70,b97b,150.0,0.0,29.99998664855957,0.0,-29.99998664855957,-30.0,0.0,0.0,1.0,1.0
outer3,3,70,b97b,150.0,30.0,0.0,0.0,0.0,0.0,0.0,1.0,1.0,0.0
outer3,3,70,b97b,150.0,60.0,0.0,0.0,0.0,0.0,0.0,1.0,1.0,0.0
outer3,3,70,b97b,150.0,90.0,0.0,0.0,0.0,0.0,0.0,1.0,1.0,0.0
outer3,3,70,b97b,150.0,120.0,0.0,0.0,0.0,0.0,0.0,1.0,1.0,0.0
outer3,3,70,b97b,150.0,150.0,128.68218994140625,0.0,-128.68218994140625,-120.0,-60.0,0.0,1.0,1.0
outer3,3,70,b97b,150.0,180.0,0.0,29.99998664855957,29.99998664855957,30.0,0.0,1.0,0.0,-1.0
outer3,3,70,b97b,150.0,210.0,0.0,0.0,0.0,0.0,0.0,1.0,1.0,0.0
outer3,3,70,b97b,150.0,240.0,0.0,0.0,0.0,0.0,0.0,1.0,1.0,0.0
outer3,3,70,b97b,150.0,270.0,0.0,180.0,180.0,120.0,180.0,1.0,0.0,-1.0
outer3,3,70,b97b,150.0,300.0,0.0,0.0,0.0,0.0,0.0,1.0,1.0,0.0
outer3,3,70,b97b,150.0,330.0,0.0,0.0,0.0,0.0,0.0,1.0,1.0,0.0
outer3,3,70,bc2c,30.0,0.0,30.000001907348633,30.000001907348633,0.0,0.0,0.0,0.0,0.0,0.0
outer3,3,70,bc2c,30.0,30.0,180.0,128.68218994140625,-51.31781005859375,0.0,-120.0,0.0,0.0,0.0
outer3,3,70,bc2c,30.0,60.0,0.0,60.000003814697266,60.000003814697266,0.0,180.0,1.0,0.0,-1.0
outer3,3,70,bc2c,30.0,90.0,60.000003814697266,86.67425537109375,26.674251556396484,30.0,-30.0,0.0,0.0,0.0
outer3,3,70,bc2c,30.0,120.0,115.6589126586914,86.67425537109375,-28.984657287597656,-30.0,0.0,0.0,0.0,0.0
outer3,3,70,bc2c,30.0,150.0,90.0,122.24180603027344,32.24180603027344,90.0,-150.0,0.0,0.0,0.0
outer3,3,70,bc2c,30.0,180.0,30.000001907348633,0.0,-30.000001907348633,-30.0,0.0,0.0,1.0,1.0
outer3,3,70,bc2c,30.0,210.0,60.000003814697266,151.04498291015625,91.04497909545898,120.0,-60.0,0.0,0.0,0.0
outer3,3,70,bc2c,30.0,240.0,120.00000762939453,120.00000762939453,0.0,0.0,0.0,0.0,0.0,0.0
outer3,3,70,bc2c,30.0,270.0,165.12905883789062,122.24180603027344,-42.88725280761719,0.0,-120.0,0.0,0.0,0.0
outer3,3,70,bc2c,30.0,300.0,64.34110260009766,0.0,-64.34110260009766,-60.0,-30.0,0.0,1.0,1.0
outer3,3,70,bc2c,30.0,330.0,90.0,14.870942115783691,-75.12905788421631,-90.0,30.0,0.0,0.0,0.0
outer3,3,70,bc2c,60.0,0.0,0.0,30.000001907348633,30.000001907348633,30.0,0.0,1.0,0.0,-1.0
outer3,3,70,bc2c,60.0,30.0,29.999998092651367,82.81924438476562,52.81924629211426,30.0,60.0,0.0,0.0,0.0
outer3,3,70,bc2c,60.0,60.0,0.0,0.0,0.0,0.0,0.0,1.0,1.0,0.0
outer3,3,70,bc2c,60.0,90.0,120.00000762939453,180.0,59.99999237060547,60.0,0.0,0.0,0.0,0.0
outer3,3,70,bc2c,60.0,120.0,41.40962219238281,0.0,-41.40962219238281,-30.0,-30.0,0.0,1.0,1.0
outer3,3,70,bc2c,60.0,150.0,51.31781005859375,0.0,-51.31781005859375,0.0,-60.0,0.0,1.0,1.0
outer3,3,70,bc2c,60.0,180.0,29.999998092651367,49.494651794433594,19.494653701782227,0.0,60.0,0.0,0.0,0.0
outer3,3,70,bc2c,60.0,210.0,120.00000762939453,51.31781005859375,-68.68219757080078,0.0,-120.0,0.0,0.0,0.0
outer3,3,70,bc2c,60.0,240.0,60.000003814697266,128.6822052001953,68.68220138549805,0.0,120.0,0.0,0.0,0.0
outer3,3,70,bc2c,60.0,270.0,180.0,93.32574462890625,-86.67425537109375,30.0,-150.0,0.0,0.0,0.0
outer3,3,70,bc2c,60.0,300.0,128.68218994140625,0.0,-128.68218994140625,-60.0,-120.0,0.0,1.0,1.0
outer3,3,70,bc2c,60.0,330.0,60.000003814697266,120.00000762939453,60.000003814697266,-60.0,180.0,0.0,0.0,0.0
outer3,3,70,bc2c,90.0,0.0,180.0,150.0,-30.0,30.0,0.0,0.0,0.0,0.0
outer3,3,70,bc2c,90.0,30.0,150.0,150.0,0.0,0.0,0.0,0.0,0.0,0.0
outer3,3,70,bc2c,90.0,60.0,150.0,180.0,30.0,0.0,30.0,0.0,0.0,0.0
outer3,3,70,bc2c,90.0,90.0,180.0,0.0,-180.0,0.0,-180.0,0.0,1.0,1.0
outer3,3,70,bc2c,90.0,120.0,150.0,150.0,0.0,0.0,0.0,0.0,0.0,0.0
outer3,3,70,bc2c,90.0,150.0,30.000001907348633,41.40962219238281,11.40962028503418,30.0,0.0,0.0,0.0,0.0
outer3,3,70,bc2c,90.0,180.0,0.0,30.000001907348633,30.000001907348633,30.0,0.0,1.0,0.0,-1.0
outer3,3,70,bc2c,90.0,210.0,30.000001907348633,30.000001907348633,0.0,0.0,0.0,0.0,0.0,0.0
outer3,3,70,bc2c,90.0,240.0,30.000001907348633,0.0,-30.000001907348633,0.0,-30.0,0.0,1.0,1.0
outer3,3,70,bc2c,90.0,270.0,0.0,180.0,180.0,0.0,180.0,1.0,0.0,-1.0
outer3,3,70,bc2c,90.0,300.0,0.0,0.0,0.0,0.0,0.0,1.0,1.0,0.0
outer3,3,70,bc2c,90.0,330.0,150.0,138.59039306640625,-11.40960693359375,30.0,0.0,0.0,0.0,0.0
outer3,3,70,bc2c,120.0,0.0,0.0,90.0,90.0,30.0,180.0,1.0,0.0,-1.0
outer3,3,70,bc2c,120.0,30.0,82.81924438476562,82.81924438476562,0.0,0.0,0.0,0.0,0.0,0.0
outer3,3,70,bc2c,120.0,60.0,0.0,0.0,0.0,0.0,0.0,1.0,1.0,0.0
outer3,3,70,bc2c,120.0,90.0,90.0,113.54811096191406,23.548110961914062,-30.0,-30.0,0.0,0.0,0.0
outer3,3,70,bc2c,120.0,120.0,113.54811096191406,97.18075561523438,-16.367355346679688,0.0,-30.0,0.0,0.0,0.0
outer3,3,70,bc2c,120.0,150.0,82.81924438476562,60.000003814697266,-22.81924057006836,0.0,-60.0,0.0,0.0,0.0
outer3,3,70,bc2c,120.0,180.0,0.0,90.0,90.0,90.0,0.0,1.0,0.0,-1.0
outer3,3,70,bc2c,120.0,210.0,180.0,82.81924438476562,-97.18075561523438,0.0,-120.0,0.0,0.0,0.0
outer3,3,70,bc2c,120.0,240.0,128.6822052001953,128.6822052001953,0.0,0.0,0.0,0.0,0.0,0.0
outer3,3,70,bc2c,120.0,270.0,180.0,180.0,0.0,0.0,0.0,0.0,0.0,0.0
outer3,3,70,bc2c,120.0,300.0,104.47750854492188,66.45188903808594,-38.02561950683594,0.0,-60.0,0.0,0.0,0.0
outer3,3,70,bc2c,120.0,330.0,180.0,120.00000762939453,-59.99999237060547,-60.0,0.0,0.0,0.0,0.0
outer3,3,70,bc2c,150.0,0.0,29.99998664855957,0.0,-29.99998664855957,-30.0,0.0,0.0,1.0,1.0
outer3,3,70,bc2c,150.0,30.0,14.870942115783691,165.12905883789062,150.25811672210693,120.0,120.0,0.0,0.0,0.0
outer3,3,70,bc2c,150.0,60.0,60.000003814697266,60.000003814697266,0.0,0.0,0.0,0.0,0.0,0.0
outer3,3,70,bc2c,150.0,90.0,165.12905883789062,165.12905883789062,0.0,0.0,0.0,0.0,0.0,0.0
outer3,3,70,bc2c,150.0,120.0,86.67424774169922,86.67425537109375,7.62939453125e-06,0.0,0.0,0.0,0.0,0.0
outer3,3,70,bc2c,150.0,150.0,75.52249145507812,90.0,14.477508544921875,30.0,-60.0,0.0,0.0,0.0
outer3,3,70,bc2c,150.0,180.0,59.999996185302734,29.99998664855957,-30.000009536743164,-30.0,0.0,0.0,0.0,0.0
outer3,3,70,bc2c,150.0,210.0,60.000003814697266,57.7581901550293,-2.2418136596679688,0.0,-30.0,0.0,0.0,0.0
outer3,3,70,bc2c,150.0,240.0,0.0,0.0,0.0,0.0,0.0,1.0,1.0,0.0
outer3,3,70,bc2c,150.0,270.0,165.12905883789062,120.00000762939453,-45.129051208496094,0.0,-150.0,0.0,0.0,0.0
outer3,3,70,bc2c,150.0,300.0,64.34109497070312,29.99998664855957,-34.341108322143555,0.0,-90.0,0.0,0.0,0.0
outer3,3,70,bc2c,150.0,330.0,104.47750854492188,0.0,-104.47750854492188,-60.0,-120.0,0.0,1.0,1.0
outer3,3,71,b812,30.0,0.0,0.0,0.0,0.0,0.0,0.0,1.0,1.0,0.0
outer3,3,71,b812,30.0,30.0,0.0,0.0,0.0,0.0,0.0,1.0,1.0,0.0
outer3,3,71,b812,30.0,60.0,0.0,0.0,0.0,0.0,0.0,1.0,1.0,0.0
outer3,3,71,b812,30.0,90.0,0.0,0.0,0.0,0.0,0.0,1.0,1.0,0.0
outer3,3,71,b812,30.0,120.0,0.0,0.0,0.0,0.0,0.0,1.0,1.0,0.0
outer3,3,71,b812,30.0,150.0,0.0,0.0,0.0,0.0,0.0,1.0,1.0,0.0
outer3,3,71,b812,30.0,180.0,0.0,0.0,0.0,0.0,0.0,1.0,1.0,0.0
outer3,3,71,b812,30.0,210.0,0.0,0.0,0.0,0.0,0.0,1.0,1.0,0.0
outer3,3,71,b812,30.0,240.0,0.0,0.0,0.0,0.0,0.0,1.0,1.0,0.0
outer3,3,71,b812,30.0,270.0,0.0,0.0,0.0,0.0,0.0,1.0,1.0,0.0
outer3,3,71,b812,30.0,300.0,0.0,0.0,0.0,0.0,0.0,1.0,1.0,0.0
outer3,3,71,b812,30.0,330.0,0.0,0.0,0.0,0.0,0.0,1.0,1.0,0.0
outer3,3,71,b812,60.0,0.0,0.0,0.0,0.0,0.0,0.0,1.0,1.0,0.0
outer3,3,71,b812,60.0,30.0,0.0,120.00000762939453,120.00000762939453,0.0,180.0,1.0,0.0,-1.0
outer3,3,71,b812,60.0,60.0,0.0,0.0,0.0,0.0,0.0,1.0,1.0,0.0
outer3,3,71,b812,60.0,90.0,0.0,0.0,0.0,0.0,0.0,1.0,1.0,0.0
outer3,3,71,b812,60.0,120.0,0.0,0.0,0.0,0.0,0.0,1.0,1.0,0.0
outer3,3,71,b812,60.0,150.0,0.0,0.0,0.0,0.0,0.0,1.0,1.0,0.0
outer3,3,71,b812,60.0,180.0,0.0,0.0,0.0,0.0,0.0,1.0,1.0,0.0
outer3,3,71,b812,60.0,210.0,0.0,82.81924438476562,82.81924438476562,60.0,60.0,1.0,0.0,-1.0
outer3,3,71,b812,60.0,240.0,0.0,0.0,0.0,0.0,0.0,1.0,1.0,0.0
outer3,3,71,b812,60.0,270.0,0.0,0.0,0.0,0.0,0.0,1.0,1.0,0.0
outer3,3,71,b812,60.0,300.0,0.0,0.0,0.0,0.0,0.0,1.0,1.0,0.0
outer3,3,71,b812,60.0,330.0,0.0,0.0,0.0,0.0,0.0,1.0,1.0,0.0
outer3,3,71,b812,90.0,0.0,0.0,180.0,180.0,0.0,180.0,1.0,0.0,-1.0
outer3,3,71,b812,90.0,30.0,60.00000762939453,0.0,-60.00000762939453,0.0,-60.0,0.0,1.0,1.0
outer3,3,71,b812,90.0,60.0,0.0,180.0,180.0,0.0,180.0,1.0,0.0,-1.0
outer3,3,71,b812,90.0,90.0,0.0,0.0,0.0,0.0,0.0,1.0,1.0,0.0
outer3,3,71,b812,90.0,120.0,180.0,0.0,-180.0,0.0,-180.0,0.0,1.0,1.0
outer3,3,71,b812,90.0,150.0,180.0,180.0,0.0,0.0,0.0,0.0,0.0,0.0
outer3,3,71,b812,90.0,180.0,180.0,0.0,-180.0,0.0,-180.0,0.0,1.0,1.0
outer3,3,71,b812,90.0,210.0,0.0,180.0,180.0,0.0,180.0,1.0,0.0,-1.0
outer3,3,71,b812,90.0,240.0,0.0,0.0,0.0,0.0,0.0,1.0,1.0,0.0
outer3,3,71,b812,90.0,270.0,0.0,0.0,0.0,0.0,0.0,1.0,1.0,0.0
outer3,3,71,b812,90.0,300.0,0.0,180.0,180.0,0.0,180.0,1.0,0.0,-1.0
outer3,3,71,b812,90.0,330.0,0.0,0.0,0.0,0.0,0.0,1.0,1.0,0.0
outer3,3,71,b812,120.0,0.0,0.0,0.0,0.0,0.0,0.0,1.0,1.0,0.0
outer3,3,71,b812,120.0,30.0,0.0,0.0,0.0,0.0,0.0,1.0,1.0,0.0
outer3,3,71,b812,120.0,60.0,0.0,0.0,0.0,0.0,0.0,1.0,1.0,0.0
outer3,3,71,b812,120.0,90.0,0.0,0.0,0.0,0.0,0.0,1.0,1.0,0.0
outer3,3,71,b812,120.0,120.0,0.0,0.0,0.0,0.0,0.0,1.0,1.0,0.0
outer3,3,71,b812,120.0,150.0,0.0,0.0,0.0,0.0,0.0,1.0,1.0,0.0
outer3,3,71,b812,120.0,180.0,0.0,0.0,0.0,0.0,0.0,1.0,1.0,0.0
outer3,3,71,b812,120.0,210.0,0.0,0.0,0.0,0.0,0.0,1.0,1.0,0.0
outer3,3,71,b812,120.0,240.0,0.0,0.0,0.0,0.0,0.0,1.0,1.0,0.0
outer3,3,71,b812,120.0,270.0,0.0,0.0,0.0,0.0,0.0,1.0,1.0,0.0
outer3,3,71,b812,120.0,300.0,0.0,0.0,0.0,0.0,0.0,1.0,1.0,0.0
outer3,3,71,b812,120.0,330.0,0.0,0.0,0.0,0.0,0.0,1.0,1.0,0.0
outer3,3,71,b812,150.0,0.0,0.0,0.0,0.0,0.0,0.0,1.0,1.0,0.0
outer3,3,71,b812,150.0,30.0,0.0,0.0,0.0,0.0,0.0,1.0,1.0,0.0
outer3,3,71,b812,150.0,60.0,0.0,0.0,0.0,0.0,0.0,1.0,1.0,0.0
outer3,3,71,b812,150.0,90.0,0.0,0.0,0.0,0.0,0.0,1.0,1.0,0.0
outer3,3,71,b812,150.0,120.0,0.0,0.0,0.0,0.0,0.0,1.0,1.0,0.0
outer3,3,71,b812,150.0,150.0,0.0,0.0,0.0,0.0,0.0,1.0,1.0,0.0
outer3,3,71,b812,150.0,180.0,0.0,0.0,0.0,0.0,0.0,1.0,1.0,0.0
outer3,3,71,b812,150.0,210.0,0.0,0.0,0.0,0.0,0.0,1.0,1.0,0.0
outer3,3,71,b812,150.0,240.0,0.0,0.0,0.0,0.0,0.0,1.0,1.0,0.0
outer3,3,71,b812,150.0,270.0,0.0,0.0,0.0,0.0,0.0,1.0,1.0,0.0
outer3,3,71,b812,150.0,300.0,0.0,0.0,0.0,0.0,0.0,1.0,1.0,0.0
outer3,3,71,b812,150.0,330.0,0.0,0.0,0.0,0.0,0.0,1.0,1.0,0.0
outer3,3,71,b943,30.0,0.0,0.0,0.0,0.0,0.0,0.0,1.0,1.0,0.0
outer3,3,71,b943,30.0,30.0,0.0,0.0,0.0,0.0,0.0,1.0,1.0,0.0
outer3,3,71,b943,30.0,60.0,0.0,0.0,0.0,0.0,0.0,1.0,1.0,0.0
outer3,3,71,b943,30.0,90.0,0.0,0.0,0.0,0.0,0.0,1.0,1.0,0.0
outer3,3,71,b943,30.0,120.0,0.0,0.0,0.0,0.0,0.0,1.0,1.0,0.0
outer3,3,71,b943,30.0,150.0,0.0,0.0,0.0,0.0,0.0,1.0,1.0,0.0
outer3,3,71,b943,30.0,180.0,0.0,0.0,0.0,0.0,0.0,1.0,1.0,0.0
outer3,3,71,b943,30.0,210.0,0.0,0.0,0.0,0.0,0.0,1.0,1.0,0.0
outer3,3,71,b943,30.0,240.0,0.0,0.0,0.0,0.0,0.0,1.0,1.0,0.0
outer3,3,71,b943,30.0,270.0,0.0,0.0,0.0,0.0,0.0,1.0,1.0,0.0
outer3,3,71,b943,30.0,300.0,0.0,0.0,0.0,0.0,0.0,1.0,1.0,0.0
outer3,3,71,b943,30.0,330.0,0.0,0.0,0.0,0.0,0.0,1.0,1.0,0.0
outer3,3,71,b943,60.0,0.0,0.0,0.0,0.0,0.0,0.0,1.0,1.0,0.0
outer3,3,71,b943,60.0,30.0,0.0,0.0,0.0,0.0,0.0,1.0,1.0,0.0
outer3,3,71,b943,60.0,60.0,128.68218994140625,0.0,-128.68218994140625,-60.0,-120.0,0.0,1.0,1.0
outer3,3,71,b943,60.0,90.0,0.0,0.0,0.0,0.0,0.0,1.0,1.0,0.0
outer3,3,71,b943,60.0,120.0,0.0,0.0,0.0,0.0,0.0,1.0,1.0,0.0
outer3,3,71,b943,60.0,150.0,0.0,0.0,0.0,0.0,0.0,1.0,1.0,0.0
outer3,3,71,b943,60.0,180.0,0.0,30.000001907348633,30.000001907348633,30.0,0.0,1.0,0.0,-1.0
outer3,3,71,b943,60.0,210.0,0.0,0.0,0.0,0.0,0.0,1.0,1.0,0.0
outer3,3,71,b943,60.0,240.0,97.1807632446289,0.0,-97.1807632446289,0.0,-120.0,0.0,1.0,1.0
outer3,3,71,b943,60.0,270.0,60.000003814697266,180.0,119.99999618530273,0.0,180.0,0.0,0.0,0.0
outer3,3,71,b943,60.0,300.0,0.0,0.0,0.0,0.0,0.0,1.0,1.0,0.0
outer3,3,71,b943,60.0,330.0,0.0,51.31782150268555,51.31782150268555,0.0,60.0,1.0,0.0,-1.0
outer3,3,71,b943,90.0,0.0,0.0,180.0,180.0,0.0,180.0,1.0,0.0,-1.0
outer3,3,71,b943,90.0,30.0,0.0,0.0,0.0,0.0,0.0,1.0,1.0,0.0
outer3,3,71,b943,90.0,60.0,180.0,119.99999237060547,-60.00000762939453,0.0,-60.0,0.0,0.0,0.0
outer3,3,71,b943,90.0,90.0,180.0,180.0,0.0,0.0,0.0,0.0,0.0,0.0
outer3,3,71,b943,90.0,120.0,120.00000762939453,0.0,-120.00000762939453,0.0,-120.0,0.0,1.0,1.0
outer3,3,71,b943,90.0,150.0,120.00000762939453,180.0,59.99999237060547,0.0,60.0,0.0,0.0,0.0
outer3,3,71,b943,90.0,180.0,180.0,0.0,-180.0,0.0,-180.0,0.0,1.0,1.0
outer3,3,71,b943,90.0,210.0,180.0,180.0,0.0,0.0,0.0,0.0,0.0,0.0
outer3,3,71,b943,90.0,240.0,0.0,60.000003814697266,60.000003814697266,0.0,60.0,1.0,0.0,-1.0
outer3,3,71,b943,90.0,270.0,0.0,0.0,0.0,0.0,0.0,1.0,1.0,0.0
outer3,3,71,b943,90.0,300.0,0.0,180.0,180.0,0.0,180.0,1.0,0.0,-1.0
outer3,3,71,b943,90.0,330.0,60.00000762939453,0.0,-60.00000762939453,0.0,-60.0,0.0,1.0,1.0
outer3,3,71,b943,120.0,0.0,0.0,29.99998664855957,29.99998664855957,30.0,0.0,1.0,0.0,-1.0
outer3,3,71,b943,120.0,30.0,0.0,0.0,0.0,0.0,0.0,1.0,1.0,0.0
outer3,3,71,b943,120.0,60.0,0.0,0.0,0.0,0.0,0.0,1.0,1.0,0.0
outer3,3,71,b943,120.0,90.0,0.0,0.0,0.0,0.0,0.0,1.0,1.0,0.0
outer3,3,71,b943,120.0,120.0,0.0,0.0,0.0,0.0,0.0,1.0,1.0,0.0
outer3,3,71,b943,120.0,150.0,0.0,0.0,0.0,0.0,0.0,1.0,1.0,0.0
outer3,3,71,b943,120.0,180.0,0.0,29.99998664855957,29.99998664855957,30.0,0.0,1.0,0.0,-1.0
outer3,3,71,b943,120.0,210.0,0.0,82.81924438476562,82.81924438476562,60.0,60.0,1.0,0.0,-1.0
outer3,3,71,b943,120.0,240.0,0.0,0.0,0.0,0.0,0.0,1.0,1.0,0.0
outer3,3,71,b943,120.0,270.0,0.0,0.0,0.0,0.0,0.0,1.0,1.0,0.0
outer3,3,71,b943,120.0,300.0,0.0,0.0,0.0,0.0,0.0,1.0,1.0,0.0
outer3,3,71,b943,120.0,330.0,0.0,0.0,0.0,0.0,0.0,1.0,1.0,0.0
outer3,3,71,b943,150.0,0.0,0.0,0.0,0.0,0.0,0.0,1.0,1.0,0.0
outer3,3,71,b943,150.0,30.0,0.0,0.0,0.0,0.0,0.0,1.0,1.0,0.0
outer3,3,71,b943,150.0,60.0,0.0,0.0,0.0,0.0,0.0,1.0,1.0,0.0
outer3,3,71,b943,150.0,90.0,0.0,0.0,0.0,0.0,0.0,1.0,1.0,0.0
outer3,3,71,b943,150.0,120.0,0.0,0.0,0.0,0.0,0.0,1.0,1.0,0.0
outer3,3,71,b943,150.0,150.0,0.0,0.0,0.0,0.0,0.0,1.0,1.0,0.0
outer3,3,71,b943,150.0,180.0,0.0,120.00000762939453,120.00000762939453,120.0,0.0,1.0,0.0,-1.0
outer3,3,71,b943,150.0,210.0,0.0,0.0,0.0,0.0,0.0,1.0,1.0,0.0
outer3,3,71,b943,150.0,240.0,0.0,0.0,0.0,0.0,0.0,1.0,1.0,0.0
outer3,3,71,b943,150.0,270.0,0.0,0.0,0.0,0.0,0.0,1.0,1.0,0.0
outer3,3,71,b943,150.0,300.0,0.0,0.0,0.0,0.0,0.0,1.0,1.0,0.0
outer3,3,71,b943,150.0,330.0,0.0,0.0,0.0,0.0,0.0,1.0,1.0,0.0
outer3,3,71,b974,30.0,0.0,0.0,0.0,0.0,0.0,0.0,1.0,1.0,0.0
outer3,3,71,b974,30.0,30.0,0.0,0.0,0.0,0.0,0.0,1.0,1.0,0.0
outer3,3,71,b974,30.0,60.0,0.0,0.0,0.0,0.0,0.0,1.0,1.0,0.0
outer3,3,71,b974,30.0,90.0,0.0,0.0,0.0,0.0,0.0,1.0,1.0,0.0
outer3,3,71,b974,30.0,120.0,0.0,0.0,0.0,0.0,0.0,1.0,1.0,0.0
outer3,3,71,b974,30.0,150.0,0.0,0.0,0.0,0.0,0.0,1.0,1.0,0.0
outer3,3,71,b974,30.0,180.0,0.0,0.0,0.0,0.0,0.0,1.0,1.0,0.0
outer3,3,71,b974,30.0,210.0,0.0,0.0,0.0,0.0,0.0,1.0,1.0,0.0
outer3,3,71,b974,30.0,240.0,0.0,0.0,0.0,0.0,0.0,1.0,1.0,0.0
outer3,3,71,b974,30.0,270.0,0.0,0.0,0.0,0.0,0.0,1.0,1.0,0.0
outer3,3,71,b974,30.0,300.0,0.0,0.0,0.0,0.0,0.0,1.0,1.0,0.0
outer3,3,71,b974,30.0,330.0,0.0,0.0,0.0,0.0,0.0,1.0,1.0,0.0
outer3,3,71,b974,60.0,0.0,0.0,0.0,0.0,0.0,0.0,1.0,1.0,0.0
outer3,3,71,b974,60.0,30.0,0.0,0.0,0.0,0.0,0.0,1.0,1.0,0.0
outer3,3,71,b974,60.0,60.0,0.0,0.0,0.0,0.0,0.0,1.0,1.0,0.0
outer3,3,71,b974,60.0,90.0,0.0,0.0,0.0,0.0,0.0,1.0,1.0,0.0
outer3,3,71,b974,60.0,120.0,0.0,0.0,0.0,0.0,0.0,1.0,1.0,0.0
outer3,3,71,b974,60.0,150.0,0.0,0.0,0.0,0.0,0.0,1.0,1.0,0.0
outer3,3,71,b974,60.0,180.0,0.0,0.0,0.0,0.0,0.0,1.0,1.0,0.0
outer3,3,71,b974,60.0,210.0,0.0,0.0,0.0,0.0,0.0,1.0,1.0,0.0
outer3,3,71,b974,60.0,240.0,0.0,0.0,0.0,0.0,0.0,1.0,1.0,0.0
outer3,3,71,b974,60.0,270.0,0.0,0.0,0.0,0.0,0.0,1.0,1.0,0.0
outer3,3,71,b974,60.0,300.0,0.0,0.0,0.0,0.0,0.0,1.0,1.0,0.0
outer3,3,71,b974,60.0,330.0,0.0,0.0,0.0,0.0,0.0,1.0,1.0,0.0
outer3,3,71,b974,90.0,0.0,180.0,180.0,0.0,0.0,0.0,0.0,0.0,0.0
outer3,3,71,b974,90.0,30.0,0.0,0.0,0.0,0.0,0.0,1.0,1.0,0.0
outer3,3,71,b974,90.0,60.0,180.0,0.0,-180.0,0.0,-180.0,0.0,1.0,1.0
outer3,3,71,b974,90.0,90.0,180.0,0.0,-180.0,0.0,-180.0,0.0,1.0,1.0
outer3,3,71,b974,90.0,120.0,180.0,0.0,-180.0,0.0,-180.0,0.0,1.0,1.0
outer3,3,71,b974,90.0,150.0,180.0,180.0,0.0,0.0,0.0,0.0,0.0,0.0
outer3,3,71,b974,90.0,180.0,0.0,0.0,0.0,0.0,0.0,1.0,1.0,0.0
outer3,3,71,b974,90.0,210.0,0.0,180.0,180.0,0.0,180.0,1.0,0.0,-1.0
outer3,3,71,b974,90.0,240.0,0.0,0.0,0.0,0.0,0.0,1.0,1.0,0.0
outer3,3,71,b974,90.0,270.0,0.0,0.0,0.0,0.0,0.0,1.0,1.0,0.0
outer3,3,71,b974,90.0,300.0,0.0,180.0,180.0,0.0,180.0,1.0,0.0,-1.0
outer3,3,71,b974,90.0,330.0,0.0,0.0,0.0,0.0,0.0,1.0,1.0,0.0
outer3,3,71,b974,120.0,0.0,0.0,0.0,0.0,0.0,0.0,1.0,1.0,0.0
outer3,3,71,b974,120.0,30.0,0.0,0.0,0.0,0.0,0.0,1.0,1.0,0.0
outer3,3,71,b974,120.0,60.0,0.0,0.0,0.0,0.0,0.0,1.0,1.0,0.0
outer3,3,71,b974,120.0,90.0,0.0,0.0,0.0,0.0,0.0,1.0,1.0,0.0
outer3,3,71,b974,120.0,120.0,0.0,0.0,0.0,0.0,0.0,1.0,1.0,0.0
outer3,3,71,b974,120.0,150.0,0.0,0.0,0.0,0.0,0.0,1.0,1.0,0.0
outer3,3,71,b974,120.0,180.0,0.0,0.0,0.0,0.0,0.0,1.0,1.0,0.0
outer3,3,71,b974,120.0,210.0,0.0,0.0,0.0,0.0,0.0,1.0,1.0,0.0
outer3,3,71,b974,120.0,240.0,0.0,0.0,0.0,0.0,0.0,1.0,1.0,0.0
outer3,3,71,b974,120.0,270.0,0.0,25.905075073242188,25.905075073242188,0.0,30.0,1.0,0.0,-1.0
outer3,3,71,b974,120.0,300.0,0.0,0.0,0.0,0.0,0.0,1.0,1.0,0.0
outer3,3,71,b974,120.0,330.0,0.0,0.0,0.0,0.0,0.0,1.0,1.0,0.0
outer3,3,71,b974,150.0,0.0,0.0,0.0,0.0,0.0,0.0,1.0,1.0,0.0
outer3,3,71,b974,150.0,30.0,0.0,0.0,0.0,0.0,0.0,1.0,1.0,0.0
outer3,3,71,b974,150.0,60.0,0.0,0.0,0.0,0.0,0.0,1.0,1.0,0.0
outer3,3,71,b974,150.0,90.0,0.0,0.0,0.0,0.0,0.0,1.0,1.0,0.0
outer3,3,71,b974,150.0,120.0,0.0,0.0,0.0,0.0,0.0,1.0,1.0,0.0
outer3,3,71,b974,150.0,150.0,0.0,0.0,0.0,0.0,0.0,1.0,1.0,0.0
outer3,3,71,b974,150.0,180.0,0.0,0.0,0.0,0.0,0.0,1.0,1.0,0.0
outer3,3,71,b974,150.0,210.0,0.0,0.0,0.0,0.0,0.0,1.0,1.0,0.0
outer3,3,71,b974,150.0,240.0,0.0,0.0,0.0,0.0,0.0,1.0,1.0,0.0
outer3,3,71,b974,150.0,270.0,0.0,0.0,0.0,0.0,0.0,1.0,1.0,0.0
outer3,3,71,b974,150.0,300.0,0.0,0.0,0.0,0.0,0.0,1.0,1.0,0.0
outer3,3,71,b974,150.0,330.0,0.0,0.0,0.0,0.0,0.0,1.0,1.0,0.0
outer3,3,71,b97b,30.0,0.0,90.0,60.000003814697266,-29.999996185302734,-30.0,0.0,0.0,0.0,0.0
outer3,3,71,b97b,30.0,30.0,14.870942115783691,28.95502281188965,14.084080696105957,0.0,30.0,0.0,0.0,0.0
outer3,3,71,b97b,30.0,60.0,0.0,0.0,0.0,0.0,0.0,1.0,1.0,0.0
outer3,3,71,b97b,30.0,90.0,0.0,0.0,0.0,0.0,0.0,1.0,1.0,0.0
outer3,3,71,b97b,30.0,120.0,0.0,0.0,0.0,0.0,0.0,1.0,1.0,0.0
outer3,3,71,b97b,30.0,150.0,0.0,120.00000762939453,120.00000762939453,120.0,0.0,1.0,0.0,-1.0
outer3,3,71,b97b,30.0,180.0,30.000001907348633,30.000001907348633,0.0,0.0,0.0,0.0,0.0,0.0
outer3,3,71,b97b,30.0,210.0,0.0,0.0,0.0,0.0,0.0,1.0,1.0,0.0
outer3,3,71,b97b,30.0,240.0,0.0,151.04498291015625,151.04498291015625,120.0,120.0,1.0,0.0,-1.0
outer3,3,71,b97b,30.0,270.0,0.0,180.0,180.0,120.0,180.0,1.0,0.0,-1.0
outer3,3,71,b97b,30.0,300.0,0.0,0.0,0.0,0.0,0.0,1.0,1.0,0.0
outer3,3,71,b97b,30.0,330.0,0.0,0.0,0.0,0.0,0.0,1.0,1.0,0.0
outer3,3,71,b97b,60.0,0.0,0.0,90.0,90.0,30.0,180.0,1.0,0.0,-1.0
outer3,3,71,b97b,60.0,30.0,0.0,0.0,0.0,0.0,0.0,1.0,1.0,0.0
outer3,3,71,b97b,60.0,60.0,60.000003814697266,0.0,-60.000003814697266,-60.0,0.0,0.0,1.0,1.0
outer3,3,71,b97b,60.0,90.0,0.0,0.0,0.0,0.0,0.0,1.0,1.0,0.0
outer3,3,71,b97b,60.0,120.0,0.0,0.0,0.0,0.0,0.0,1.0,1.0,0.0
outer3,3,71,b97b,60.0,150.0,0.0,0.0,0.0,0.0,0.0,1.0,1.0,0.0
outer3,3,71,b97b,60.0,180.0,0.0,0.0,0.0,0.0,0.0,1.0,1.0,0.0
outer3,3,71,b97b,60.0,210.0,0.0,0.0,0.0,0.0,0.0,1.0,1.0,0.0
outer3,3,71,b97b,60.0,240.0,128.6822052001953,51.31781005859375,-77.36439514160156,-60.0,-60.0,0.0,0.0,0.0
outer3,3,71,b97b,60.0,270.0,0.0,60.000003814697266,60.000003814697266,60.0,0.0,1.0,0.0,-1.0
outer3,3,71,b97b,60.0,300.0,120.00000762939453,0.0,-120.00000762939453,0.0,-180.0,0.0,1.0,1.0
outer3,3,71,b97b,60.0,330.0,0.0,0.0,0.0,0.0,0.0,1.0,1.0,0.0
outer3,3,71,b97b,90.0,0.0,180.0,0.0,-180.0,0.0,-180.0,0.0,1.0,1.0
outer3,3,71,b97b,90.0,30.0,0.0,180.0,180.0,0.0,180.0,1.0,0.0,-1.0
outer3,3,71,b97b,90.0,60.0,150.0,180.0,30.0,-30.0,0.0,0.0,0.0,0.0
outer3,3,71,b97b,90.0,90.0,180.0,180.0,0.0,0.0,0.0,0.0,0.0,0.0
outer3,3,71,b97b,90.0,120.0,60.000003814697266,180.0,119.99999618530273,0.0,120.0,0.0,0.0,0.0
outer3,3,71,b97b,90.0,150.0,180.0,180.0,0.0,0.0,0.0,0.0,0.0,0.0
outer3,3,71,b97b,90.0,180.0,0.0,180.0,180.0,0.0,180.0,1.0,0.0,-1.0
outer3,3,71,b97b,90.0,210.0,180.0,0.0,-180.0,0.0,-180.0,0.0,1.0,1.0
outer3,3,71,b97b,90.0,240.0,30.000001907348633,0.0,-30.000001907348633,-30.0,0.0,0.0,1.0,1.0
outer3,3,71,b97b,90.0,270.0,0.0,0.0,0.0,0.0,0.0,1.0,1.0,0.0
outer3,3,71,b97b,90.0,300.0,60.000003814697266,0.0,-60.000003814697266,0.0,-60.0,0.0,1.0,1.0
outer3,3,71,b97b,90.0,330.0,0.0,0.0,0.0,0.0,0.0,1.0,1.0,0.0
outer3,3,71,b97b,120.0,0.0,120.00000762939453,90.0,-30.00000762939453,30.0,0.0,0.0,0.0,0.0
outer3,3,71,b97b,120.0,30.0,0.0,0.0,0.0,0.0,0.0,1.0,1.0,0.0
outer3,3,71,b97b,120.0,60.0,0.0,0.0,0.0,0.0,0.0,1.0,1.0,0.0
outer3,3,71,b97b,120.0,90.0,0.0,0.0,0.0,0.0,0.0,1.0,1.0,0.0
outer3,3,71,b97b,120.0,120.0,0.0,0.0,0.0,0.0,0.0,1.0,1.0,0.0
outer3,3,71,b97b,120.0,150.0,0.0,82.81924438476562,82.81924438476562,60.0,60.0,1.0,0.0,-1.0
outer3,3,71,b97b,120.0,180.0,0.0,29.99998664855957,29.99998664855957,30.0,0.0,1.0,0.0,-1.0
outer3,3,71,b97b,120.0,210.0,82.81924438476562,82.81924438476562,0.0,0.0,0.0,0.0,0.0,0.0
outer3,3,71,b97b,120.0,240.0,0.0,0.0,0.0,0.0,0.0,1.0,1.0,0.0
outer3,3,71,b97b,120.0,270.0,0.0,120.00000762939453,120.00000762939453,0.0,180.0,1.0,0.0,-1.0
outer3,3,71,b97b,120.0,300.0,0.0,0.0,0.0,0.0,0.0,1.0,1.0,0.0
outer3,3,71,b97b,120.0,330.0,0.0,0.0,0.0,0.0,0.0,1.0,1.0,0.0
outer3,3,71,b97b,150.0,0.0,29.99998664855957,29.99998664855957,0.0,0.0,0.0,0.0,0.0,0.0
outer3,3,71,b97b,150.0,30.0,0.0,0.0,0.0,0.0,0.0,1.0,1.0,0.0
outer3,3,71,b97b,150.0,60.0,0.0,0.0,0.0,0.0,0.0,1.0,1.0,0.0
outer3,3,71,b97b,150.0,90.0,0.0,0.0,0.0,0.0,0.0,1.0,1.0,0.0
outer3,3,71,b97b,150.0,120.0,0.0,0.0,0.0,0.0,0.0,1.0,1.0,0.0
outer3,3,71,b97b,150.0,150.0,0.0,0.0,0.0,0.0,0.0,1.0,1.0,0.0
outer3,3,71,b97b,150.0,180.0,29.99998664855957,29.99998664855957,0.0,0.0,0.0,0.0,0.0,0.0
outer3,3,71,b97b,150.0,210.0,0.0,0.0,0.0,0.0,0.0,1.0,1.0,0.0
outer3,3,71,b97b,150.0,240.0,0.0,0.0,0.0,0.0,0.0,1.0,1.0,0.0
outer3,3,71,b97b,150.0,270.0,0.0,180.0,180.0,120.0,180.0,1.0,0.0,-1.0
outer3,3,71,b97b,150.0,300.0,0.0,51.31781005859375,51.31781005859375,0.0,120.0,1.0,0.0,-1.0
outer3,3,71,b97b,150.0,330.0,0.0,0.0,0.0,0.0,0.0,1.0,1.0,0.0
outer3,3,71,bc2c,30.0,0.0,30.000001907348633,30.000001907348633,0.0,0.0,0.0,0.0,0.0,0.0
outer3,3,71,bc2c,30.0,30.0,115.6589126586914,14.870942115783691,-100.78797054290771,-90.0,-60.0,0.0,0.0,0.0
outer3,3,71,bc2c,30.0,60.0,60.000003814697266,60.000003814697266,0.0,0.0,0.0,0.0,0.0,0.0
outer3,3,71,bc2c,30.0,90.0,57.7581901550293,165.12905883789062,107.37086868286133,120.0,0.0,0.0,0.0,0.0
outer3,3,71,bc2c,30.0,120.0,115.6589126586914,49.494651794433594,-66.16426086425781,-30.0,-90.0,0.0,0.0,0.0
outer3,3,71,bc2c,30.0,150.0,49.494651794433594,36.097782135009766,-13.396869659423828,0.0,-30.0,0.0,0.0,0.0
outer3,3,71,bc2c,30.0,180.0,30.000001907348633,60.000003814697266,30.000001907348633,-30.0,180.0,0.0,0.0,0.0
outer3,3,71,bc2c,30.0,210.0,60.000003814697266,60.000003814697266,0.0,0.0,0.0,0.0,0.0,0.0
outer3,3,71,bc2c,30.0,240.0,120.00000762939453,0.0,-120.00000762939453,-120.0,0.0,0.0,1.0,1.0
outer3,3,71,bc2c,30.0,270.0,165.12905883789062,0.0,-165.12905883789062,-120.0,-150.0,0.0,1.0,1.0
outer3,3,71,bc2c,30.0,300.0,104.47750854492188,122.24180603027344,17.764297485351562,60.0,-90.0,0.0,0.0,0.0
outer3,3,71,bc2c,30.0,330.0,150.0,93.32575988769531,-56.67424011230469,0.0,-150.0,0.0,0.0,0.0
outer3,3,71,bc2c,60.0,0.0,0.0,30.000001907348633,30.000001907348633,30.0,0.0,1.0,0.0,-1.0
outer3,3,71,bc2c,60.0,30.0,0.0,51.31782150268555,51.31782150268555,0.0,60.0,1.0,0.0,-1.0
outer3,3,71,bc2c,60.0,60.0,0.0,0.0,0.0,0.0,0.0,1.0,1.0,0.0
outer3,3,71,bc2c,60.0,90.0,120.00000762939453,36.097782135009766,-83.90222549438477,30.0,-150.0,0.0,0.0,0.0
outer3,3,71,bc2c,60.0,120.0,41.40962219238281,66.45188903808594,25.042266845703125,30.0,0.0,0.0,0.0,0.0
outer3,3,71,bc2c,60.0,150.0,51.31781005859375,60.000003814697266,8.682193756103516,60.0,-60.0,0.0,0.0,0.0
outer3,3,71,bc2c,60.0,180.0,60.000003814697266,90.0,29.999996185302734,30.0,0.0,0.0,0.0,0.0
outer3,3,71,bc2c,60.0,210.0,128.6822052001953,60.000003814697266,-68.68220138549805,0.0,-120.0,0.0,0.0,0.0
outer3,3,71,bc2c,60.0,240.0,180.0,60.000003814697266,-119.99999618530273,0.0,-180.0,0.0,0.0,0.0
outer3,3,71,bc2c,60.0,270.0,180.0,180.0,0.0,0.0,0.0,0.0,0.0,0.0
outer3,3,71,bc2c,60.0,300.0,128.68218994140625,97.18075561523438,-31.501434326171875,-60.0,0.0,0.0,0.0,0.0
outer3,3,71,bc2c,60.0,330.0,120.00000762939453,128.6822052001953,8.682197570800781,60.0,-60.0,0.0,0.0,0.0
outer3,3,71,bc2c,90.0,0.0,180.0,180.0,0.0,0.0,0.0,0.0,0.0,0.0
outer3,3,71,bc2c,90.0,30.0,150.0,180.0,30.0,0.0,30.0,0.0,0.0,0.0
outer3,3,71,bc2c,90.0,60.0,180.0,30.000001907348633,-149.99999809265137,0.0,-150.0,0.0,0.0,0.0
outer3,3,71,bc2c,90.0,90.0,180.0,0.0,-180.0,0.0,-180.0,0.0,1.0,1.0
outer3,3,71,bc2c,90.0,120.0,150.0,120.00000762939453,-29.99999237060547,0.0,-30.0,0.0,0.0,0.0
outer3,3,71,bc2c,90.0,150.0,30.000001907348633,120.00000762939453,90.0000057220459,0.0,90.0,0.0,0.0,0.0
outer3,3,71,bc2c,90.0,180.0,0.0,0.0,0.0,0.0,0.0,1.0,1.0,0.0
outer3,3,71,bc2c,90.0,210.0,30.000001907348633,30.000001907348633,0.0,0.0,0.0,0.0,0.0,0.0
outer3,3,71,bc2c,90.0,240.0,0.0,150.0,150.0,0.0,150.0,1.0,0.0,-1.0
outer3,3,71,bc2c,90.0,270.0,0.0,180.0,180.0,0.0,180.0,1.0,0.0,-1.0
outer3,3,71,bc2c,90.0,300.0,30.000001907348633,60.000003814697266,30.000001907348633,0.0,30.0,0.0,0.0,0.0
outer3,3,71,bc2c,90.0,330.0,150.0,150.0,0.0,0.0,0.0,0.0,0.0,0.0
outer3,3,71,bc2c,120.0,0.0,0.0,29.99998664855957,29.99998664855957,30.0,0.0,1.0,0.0,-1.0
outer3,3,71,bc2c,120.0,30.0,82.81924438476562,0.0,-82.81924438476562,-60.0,-60.0,0.0,1.0,1.0
outer3,3,71,bc2c,120.0,60.0,0.0,0.0,0.0,0.0,0.0,1.0,1.0,0.0
outer3,3,71,bc2c,120.0,90.0,120.00000762939453,120.00000762939453,0.0,0.0,0.0,0.0,0.0,0.0
outer3,3,71,bc2c,120.0,120.0,120.00000762939453,120.00000762939453,0.0,0.0,0.0,0.0,0.0,0.0
outer3,3,71,bc2c,120.0,150.0,60.000003814697266,0.0,-60.000003814697266,-60.0,0.0,0.0,1.0,1.0
outer3,3,71,bc2c,120.0,180.0,0.0,90.0,90.0,90.0,0.0,1.0,0.0,-1.0
outer3,3,71,bc2c,120.0,210.0,120.00000762939453,51.31781005859375,-68.68219757080078,0.0,-120.0,0.0,0.0,0.0
outer3,3,71,bc2c,120.0,240.0,128.6822052001953,0.0,-128.6822052001953,-60.0,-120.0,0.0,1.0,1.0
outer3,3,71,bc2c,120.0,270.0,180.0,180.0,0.0,0.0,0.0,0.0,0.0,0.0
outer3,3,71,bc2c,120.0,300.0,128.68218994140625,0.0,-128.68218994140625,-60.0,-120.0,0.0,1.0,1.0
outer3,3,71,bc2c,120.0,330.0,128.6822052001953,120.00000762939453,-8.682197570800781,-60.0,60.0,0.0,0.0,0.0
outer3,3,71,bc2c,150.0,0.0,29.99998664855957,29.99998664855957,0.0,0.0,0.0,0.0,0.0,0.0
outer3,3,71,bc2c,150.0,30.0,128.68218994140625,60.000003814697266,-68.68218612670898,-120.0,120.0,0.0,0.0,0.0
outer3,3,71,bc2c,150.0,60.0,60.000003814697266,14.870942115783691,-45.129061698913574,0.0,-150.0,0.0,0.0,0.0
outer3,3,71,bc2c,150.0,90.0,57.7581901550293,60.000003814697266,2.2418136596679688,0.0,30.0,0.0,0.0,0.0
outer3,3,71,bc2c,150.0,120.0,64.34109497070312,49.49464416503906,-14.846450805664062,0.0,-30.0,0.0,0.0,0.0
outer3,3,71,bc2c,150.0,150.0,49.49464416503906,29.99998664855957,-19.494657516479492,0.0,-60.0,0.0,0.0,0.0
outer3,3,71,bc2c,150.0,180.0,120.00000762939453,29.99998664855957,-90.00002098083496,-30.0,-180.0,0.0,0.0,0.0
outer3,3,71,bc2c,150.0,210.0,120.00000762939453,0.0,-120.00000762939453,-60.0,-180.0,0.0,1.0,1.0
outer3,3,71,bc2c,150.0,240.0,120.00000762939453,120.00000762939453,0.0,0.0,0.0,0.0,0.0,0.0
outer3,3,71,bc2c,150.0,270.0,180.0,120.00000762939453,-59.99999237060547,0.0,-180.0,0.0,0.0,0.0
outer3,3,71,bc2c,150.0,300.0,130.50535583496094,29.99998664855957,-100.50536918640137,-60.0,-120.0,0.0,0.0,0.0
outer3,3,71,bc2c,150.0,330.0,86.67424774169922,102.50391387939453,15.829666137695312,60.0,-90.0,0.0,0.0,0.0
outer3,3,72,b812,30.0,0.0,0.0,0.0,0.0,0.0,0.0,1.0,1.0,0.0
outer3,3,72,b812,30.0,30.0,0.0,0.0,0.0,0.0,0.0,1.0,1.0,0.0
outer3,3,72,b812,30.0,60.0,0.0,0.0,0.0,0.0,0.0,1.0,1.0,0.0
outer3,3,72,b812,30.0,90.0,0.0,0.0,0.0,0.0,0.0,1.0,1.0,0.0
outer3,3,72,b812,30.0,120.0,0.0,0.0,0.0,0.0,0.0,1.0,1.0,0.0
outer3,3,72,b812,30.0,150.0,0.0,0.0,0.0,0.0,0.0,1.0,1.0,0.0
outer3,3,72,b812,30.0,180.0,0.0,0.0,0.0,0.0,0.0,1.0,1.0,0.0
outer3,3,72,b812,30.0,210.0,0.0,0.0,0.0,0.0,0.0,1.0,1.0,0.0
outer3,3,72,b812,30.0,240.0,0.0,0.0,0.0,0.0,0.0,1.0,1.0,0.0
outer3,3,72,b812,30.0,270.0,0.0,0.0,0.0,0.0,0.0,1.0,1.0,0.0
outer3,3,72,b812,30.0,300.0,0.0,0.0,0.0,0.0,0.0,1.0,1.0,0.0
outer3,3,72,b812,30.0,330.0,0.0,0.0,0.0,0.0,0.0,1.0,1.0,0.0
outer3,3,72,b812,60.0,0.0,0.0,0.0,0.0,0.0,0.0,1.0,1.0,0.0
outer3,3,72,b812,60.0,30.0,0.0,0.0,0.0,0.0,0.0,1.0,1.0,0.0
outer3,3,72,b812,60.0,60.0,0.0,0.0,0.0,0.0,0.0,1.0,1.0,0.0
outer3,3,72,b812,60.0,90.0,0.0,0.0,0.0,0.0,0.0,1.0,1.0,0.0
outer3,3,72,b812,60.0,120.0,0.0,0.0,0.0,0.0,0.0,1.0,1.0,0.0
outer3,3,72,b812,60.0,150.0,0.0,0.0,0.0,0.0,0.0,1.0,1.0,0.0
outer3,3,72,b812,60.0,180.0,0.0,0.0,0.0,0.0,0.0,1.0,1.0,0.0
outer3,3,72,b812,60.0,210.0,0.0,82.81924438476562,82.81924438476562,60.0,60.0,1.0,0.0,-1.0
outer3,3,72,b812,60.0,240.0,0.0,0.0,0.0,0.0,0.0,1.0,1.0,0.0
outer3,3,72,b812,60.0,270.0,0.0,0.0,0.0,0.0,0.0,1.0,1.0,0.0
outer3,3,72,b812,60.0,300.0,0.0,0.0,0.0,0.0,0.0,1.0,1.0,0.0
outer3,3,72,b812,60.0,330.0,0.0,25.905075073242188,25.905075073242188,0.0,30.0,1.0,0.0,-1.0
outer3,3,72,b812,90.0,0.0,0.0,180.0,180.0,0.0,180.0,1.0,0.0,-1.0
outer3,3,72,b812,90.0,30.0,120.00000762939453,0.0,-120.00000762939453,0.0,-120.0,0.0,1.0,1.0
outer3,3,72,b812,90.0,60.0,0.0,180.0,180.0,0.0,180.0,1.0,0.0,-1.0
outer3,3,72,b812,90.0,90.0,0.0,180.0,180.0,0.0,180.0,1.0,0.0,-1.0
outer3,3,72,b812,90.0,120.0,0.0,0.0,0.0,0.0,0.0,1.0,1.0,0.0
outer3,3,72,b812,90.0,150.0,180.0,0.0,-180.0,0.0,-180.0,0.0,1.0,1.0
outer3,3,72,b812,90.0,180.0,180.0,0.0,-180.0,0.0,-180.0,0.0,1.0,1.0
outer3,3,72,b812,90.0,210.0,0.0,0.0,0.0,0.0,0.0,1.0,1.0,0.0
outer3,3,72,b812,90.0,240.0,0.0,0.0,0.0,0.0,0.0,1.0,1.0,0.0
outer3,3,72,b812,90.0,270.0,0.0,0.0,0.0,0.0,0.0,1.0,1.0,0.0
outer3,3,72,b812,90.0,300.0,0.0,0.0,0.0,0.0,0.0,1.0,1.0,0.0
outer3,3,72,b812,90.0,330.0,0.0,180.0,180.0,0.0,180.0,1.0,0.0,-1.0
outer3,3,72,b812,120.0,0.0,0.0,0.0,0.0,0.0,0.0,1.0,1.0,0.0
outer3,3,72,b812,120.0,30.0,0.0,0.0,0.0,0.0,0.0,1.0,1.0,0.0
outer3,3,72,b812,120.0,60.0,0.0,0.0,0.0,0.0,0.0,1.0,1.0,0.0
outer3,3,72,b812,120.0,90.0,0.0,0.0,0.0,0.0,0.0,1.0,1.0,0.0
outer3,3,72,b812,120.0,120.0,0.0,0.0,0.0,0.0,0.0,1.0,1.0,0.0
outer3,3,72,b812,120.0,150.0,0.0,0.0,0.0,0.0,0.0,1.0,1.0,0.0
outer3,3,72,b812,120.0,180.0,0.0,0.0,0.0,0.0,0.0,1.0,1.0,0.0
outer3,3,72,b812,120.0,210.0,0.0,25.905075073242188,25.905075073242188,0.0,30.0,1.0,0.0,-1.0
outer3,3,72,b812,120.0,240.0,0.0,0.0,0.0,0.0,0.0,1.0,1.0,0.0
outer3,3,72,b812,120.0,270.0,0.0,0.0,0.0,0.0,0.0,1.0,1.0,0.0
outer3,3,72,b812,120.0,300.0,0.0,0.0,0.0,0.0,0.0,1.0,1.0,0.0
outer3,3,72,b812,120.0,330.0,0.0,0.0,0.0,0.0,0.0,1.0,1.0,0.0
outer3,3,72,b812,150.0,0.0,0.0,0.0,0.0,0.0,0.0,1.0,1.0,0.0
outer3,3,72,b812,150.0,30.0,0.0,0.0,0.0,0.0,0.0,1.0,1.0,0.0
outer3,3,72,b812,150.0,60.0,0.0,0.0,0.0,0.0,0.0,1.0,1.0,0.0
outer3,3,72,b812,150.0,90.0,0.0,0.0,0.0,0.0,0.0,1.0,1.0,0.0
outer3,3,72,b812,150.0,120.0,0.0,0.0,0.0,0.0,0.0,1.0,1.0,0.0
outer3,3,72,b812,150.0,150.0,0.0,0.0,0.0,0.0,0.0,1.0,1.0,0.0
outer3,3,72,b812,150.0,180.0,0.0,0.0,0.0,0.0,0.0,1.0,1.0,0.0
outer3,3,72,b812,150.0,210.0,0.0,0.0,0.0,0.0,0.0,1.0,1.0,0.0
outer3,3,72,b812,150.0,240.0,0.0,0.0,0.0,0.0,0.0,1.0,1.0,0.0
outer3,3,72,b812,150.0,270.0,0.0,0.0,0.0,0.0,0.0,1.0,1.0,0.0
outer3,3,72,b812,150.0,300.0,0.0,0.0,0.0,0.0,0.0,1.0,1.0,0.0
outer3,3,72,b812,150.0,330.0,0.0,0.0,0.0,0.0,0.0,1.0,1.0,0.0
outer3,3,72,b943,30.0,0.0,0.0,0.0,0.0,0.0,0.0,1.0,1.0,0.0
outer3,3,72,b943,30.0,30.0,0.0,0.0,0.0,0.0,0.0,1.0,1.0,0.0
outer3,3,72,b943,30.0,60.0,0.0,0.0,0.0,0.0,0.0,1.0,1.0,0.0
outer3,3,72,b943,30.0,90.0,0.0,0.0,0.0,0.0,0.0,1.0,1.0,0.0
outer3,3,72,b943,30.0,120.0,0.0,0.0,0.0,0.0,0.0,1.0,1.0,0.0
outer3,3,72,b943,30.0,150.0,0.0,0.0,0.0,0.0,0.0,1.0,1.0,0.0
outer3,3,72,b943,30.0,180.0,0.0,0.0,0.0,0.0,0.0,1.0,1.0,0.0
outer3,3,72,b943,30.0,210.0,0.0,14.870942115783691,14.870942115783691,0.0,30.0,1.0,0.0,-1.0
outer3,3,72,b943,30.0,240.0,0.0,0.0,0.0,0.0,0.0,1.0,1.0,0.0
outer3,3,72,b943,30.0,270.0,0.0,0.0,0.0,0.0,0.0,1.0,1.0,0.0
outer3,3,72,b943,30.0,300.0,0.0,0.0,0.0,0.0,0.0,1.0,1.0,0.0
outer3,3,72,b943,30.0,330.0,0.0,0.0,0.0,0.0,0.0,1.0,1.0,0.0
outer3,3,72,b943,60.0,0.0,0.0,0.0,0.0,0.0,0.0,1.0,1.0,0.0
outer3,3,72,b943,60.0,30.0,0.0,0.0,0.0,0.0,0.0,1.0,1.0,0.0
outer3,3,72,b943,60.0,60.0,0.0,0.0,0.0,0.0,0.0,1.0,1.0,0.0
outer3,3,72,b943,60.0,90.0,0.0,0.0,0.0,0.0,0.0,1.0,1.0,0.0
outer3,3,72,b943,60.0,120.0,0.0,0.0,0.0,0.0,0.0,1.0,1.0,0.0
outer3,3,72,b943,60.0,150.0,0.0,0.0,0.0,0.0,0.0,1.0,1.0,0.0
outer3,3,72,b943,60.0,180.0,0.0,30.000001907348633,30.000001907348633,30.0,0.0,1.0,0.0,-1.0
outer3,3,72,b943,60.0,210.0,0.0,0.0,0.0,0.0,0.0,1.0,1.0,0.0
outer3,3,72,b943,60.0,240.0,97.1807632446289,0.0,-97.1807632446289,0.0,-120.0,0.0,1.0,1.0
outer3,3,72,b943,60.0,270.0,25.905075073242188,0.0,-25.905075073242188,0.0,-30.0,0.0,1.0,1.0
outer3,3,72,b943,60.0,300.0,0.0,0.0,0.0,0.0,0.0,1.0,1.0,0.0
outer3,3,72,b943,60.0,330.0,0.0,0.0,0.0,0.0,0.0,1.0,1.0,0.0
outer3,3,72,b943,90.0,0.0,0.0,180.0,180.0,0.0,180.0,1.0,0.0,-1.0
outer3,3,72,b943,90.0,30.0,180.0,0.0,-180.0,0.0,-180.0,0.0,1.0,1.0
outer3,3,72,b943,90.0,60.0,60.000003814697266,119.99999237060547,59.9999885559082,0.0,60.0,0.0,0.0,0.0
outer3,3,72,b943,90.0,90.0,180.0,0.0,-180.0,0.0,-180.0,0.0,1.0,1.0
outer3,3,72,b943,90.0,120.0,180.0,180.0,0.0,0.0,0.0,0.0,0.0,0.0
outer3,3,72,b943,90.0,150.0,60.000003814697266,180.0,119.99999618530273,0.0,120.0,0.0,0.0,0.0
outer3,3,72,b943,90.0,180.0,180.0,0.0,-180.0,0.0,-180.0,0.0,1.0,1.0
outer3,3,72,b943,90.0,210.0,0.0,0.0,0.0,0.0,0.0,1.0,1.0,0.0
outer3,3,72,b943,90.0,240.0,60.000003814697266,60.000003814697266,0.0,0.0,0.0,0.0,0.0,0.0
outer3,3,72,b943,90.0,270.0,0.0,0.0,0.0,0.0,0.0,1.0,1.0,0.0
outer3,3,72,b943,90.0,300.0,0.0,0.0,0.0,0.0,0.0,1.0,1.0,0.0
outer3,3,72,b943,90.0,330.0,60.00000762939453,0.0,-60.00000762939453,0.0,-60.0,0.0,1.0,1.0
outer3,3,72,b943,120.0,0.0,0.0,0.0,0.0,0.0,0.0,1.0,1.0,0.0
outer3,3,72,b943,120.0,30.0,0.0,0.0,0.0,0.0,0.0,1.0,1.0,0.0
outer3,3,72,b943,120.0,60.0,0.0,0.0,0.0,0.0,0.0,1.0,1.0,0.0
outer3,3,72,b943,120.0,90.0,0.0,0.0,0.0,0.0,0.0,1.0,1.0,0.0
outer3,3,72,b943,120.0,120.0,0.0,0.0,0.0,0.0,0.0,1.0,1.0,0.0
outer3,3,72,b943,120.0,150.0,0.0,0.0,0.0,0.0,0.0,1.0,1.0,0.0
outer3,3,72,b943,120.0,180.0,0.0,0.0,0.0,0.0,0.0,1.0,1.0,0.0
outer3,3,72,b943,120.0,210.0,29.99998664855957,60.000003814697266,30.000017166137695,30.0,0.0,0.0,0.0,0.0
outer3,3,72,b943,120.0,240.0,0.0,0.0,0.0,0.0,0.0,1.0,1.0,0.0
outer3,3,72,b943,120.0,270.0,0.0,0.0,0.0,0.0,0.0,1.0,1.0,0.0
outer3,3,72,b943,120.0,300.0,0.0,0.0,0.0,0.0,0.0,1.0,1.0,0.0
outer3,3,72,b943,120.0,330.0,0.0,0.0,0.0,0.0,0.0,1.0,1.0,0.0
outer3,3,72,b943,150.0,0.0,0.0,0.0,0.0,0.0,0.0,1.0,1.0,0.0
outer3,3,72,b943,150.0,30.0,0.0,0.0,0.0,0.0,0.0,1.0,1.0,0.0
outer3,3,72,b943,150.0,60.0,0.0,0.0,0.0,0.0,0.0,1.0,1.0,0.0
outer3,3,72,b943,150.0,90.0,0.0,0.0,0.0,0.0,0.0,1.0,1.0,0.0
outer3,3,72,b943,150.0,120.0,0.0,0.0,0.0,0.0,0.0,1.0,1.0,0.0
outer3,3,72,b943,150.0,150.0,0.0,0.0,0.0,0.0,0.0,1.0,1.0,0.0
outer3,3,72,b943,150.0,180.0,0.0,0.0,0.0,0.0,0.0,1.0,1.0,0.0
outer3,3,72,b943,150.0,210.0,0.0,0.0,0.0,0.0,0.0,1.0,1.0,0.0
outer3,3,72,b943,150.0,240.0,0.0,0.0,0.0,0.0,0.0,1.0,1.0,0.0
outer3,3,72,b943,150.0,270.0,0.0,0.0,0.0,0.0,0.0,1.0,1.0,0.0
outer3,3,72,b943,150.0,300.0,0.0,0.0,0.0,0.0,0.0,1.0,1.0,0.0
outer3,3,72,b943,150.0,330.0,0.0,0.0,0.0,0.0,0.0,1.0,1.0,0.0
outer3,3,72,b974,30.0,0.0,0.0,0.0,0.0,0.0,0.0,1.0,1.0,0.0
outer3,3,72,b974,30.0,30.0,0.0,0.0,0.0,0.0,0.0,1.0,1.0,0.0
outer3,3,72,b974,30.0,60.0,0.0,0.0,0.0,0.0,0.0,1.0,1.0,0.0
outer3,3,72,b974,30.0,90.0,0.0,0.0,0.0,0.0,0.0,1.0,1.0,0.0
outer3,3,72,b974,30.0,120.0,0.0,0.0,0.0,0.0,0.0,1.0,1.0,0.0
outer3,3,72,b974,30.0,150.0,0.0,0.0,0.0,0.0,0.0,1.0,1.0,0.0
outer3,3,72,b974,30.0,180.0,0.0,0.0,0.0,0.0,0.0,1.0,1.0,0.0
outer3,3,72,b974,30.0,210.0,0.0,0.0,0.0,0.0,0.0,1.0,1.0,0.0
outer3,3,72,b974,30.0,240.0,0.0,0.0,0.0,0.0,0.0,1.0,1.0,0.0
outer3,3,72,b974,30.0,270.0,0.0,0.0,0.0,0.0,0.0,1.0,1.0,0.0
outer3,3,72,b974,30.0,300.0,0.0,0.0,0.0,0.0,0.0,1.0,1.0,0.0
outer3,3,72,b974,30.0,330.0,0.0,0.0,0.0,0.0,0.0,1.0,1.0,0.0
outer3,3,72,b974,60.0,0.0,0.0,0.0,0.0,0.0,0.0,1.0,1.0,0.0
outer3,3,72,b974,60.0,30.0,0.0,0.0,0.0,0.0,0.0,1.0,1.0,0.0
outer3,3,72,b974,60.0,60.0,0.0,0.0,0.0,0.0,0.0,1.0,1.0,0.0
outer3,3,72,b974,60.0,90.0,0.0,0.0,0.0,0.0,0.0,1.0,1.0,0.0
outer3,3,72,b974,60.0,120.0,0.0,0.0,0.0,0.0,0.0,1.0,1.0,0.0
outer3,3,72,b974,60.0,150.0,0.0,51.31781005859375,51.31781005859375,0.0,60.0,1.0,0.0,-1.0
outer3,3,72,b974,60.0,180.0,0.0,0.0,0.0,0.0,0.0,1.0,1.0,0.0
outer3,3,72,b974,60.0,210.0,0.0,0.0,0.0,0.0,0.0,1.0,1.0,0.0
outer3,3,72,b974,60.0,240.0,0.0,0.0,0.0,0.0,0.0,1.0,1.0,0.0
outer3,3,72,b974,60.0,270.0,0.0,0.0,0.0,0.0,0.0,1.0,1.0,0.0
outer3,3,72,b974,60.0,300.0,0.0,0.0,0.0,0.0,0.0,1.0,1.0,0.0
outer3,3,72,b974,60.0,330.0,0.0,0.0,0.0,0.0,0.0,1.0,1.0,0.0
outer3,3,72,b974,90.0,0.0,180.0,180.0,0.0,0.0,0.0,0.0,0.0,0.0
outer3,3,72,b974,90.0,30.0,0.0,0.0,0.0,0.0,0.0,1.0,1.0,0.0
outer3,3,72,b974,90.0,60.0,0.0,0.0,0.0,0.0,0.0,1.0,1.0,0.0
outer3,3,72,b974,90.0,90.0,180.0,180.0,0.0,0.0,0.0,0.0,0.0,0.0
outer3,3,72,b974,90.0,120.0,0.0,180.0,180.0,0.0,180.0,1.0,0.0,-1.0
outer3,3,72,b974,90.0,150.0,180.0,0.0,-180.0,0.0,-180.0,0.0,1.0,1.0
outer3,3,72,b974,90.0,180.0,0.0,0.0,0.0,0.0,0.0,1.0,1.0,0.0
outer3,3,72,b974,90.0,210.0,0.0,0.0,0.0,0.0,0.0,1.0,1.0,0.0
outer3,3,72,b974,90.0,240.0,0.0,0.0,0.0,0.0,0.0,1.0,1.0,0.0
outer3,3,72,b974,90.0,270.0,0.0,0.0,0.0,0.0,0.0,1.0,1.0,0.0
outer3,3,72,b974,90.0,300.0,0.0,0.0,0.0,0.0,0.0,1.0,1.0,0.0
outer3,3,72,b974,90.0,330.0,0.0,0.0,0.0,0.0,0.0,1.0,1.0,0.0
outer3,3,72,b974,120.0,0.0,0.0,0.0,0.0,0.0,0.0,1.0,1.0,0.0
outer3,3,72,b974,120.0,30.0,0.0,0.0,0.0,0.0,0.0,1.0,1.0,0.0
outer3,3,72,b974,120.0,60.0,0.0,0.0,0.0,0.0,0.0,1.0,1.0,0.0
outer3,3,72,b974,120.0,90.0,0.0,0.0,0.0,0.0,0.0,1.0,1.0,0.0
outer3,3,72,b974,120.0,120.0,0.0,0.0,0.0,0.0,0.0,1.0,1.0,0.0
outer3,3,72,b974,120.0,150.0,0.0,0.0,0.0,0.0,0.0,1.0,1.0,0.0
outer3,3,72,b974,120.0,180.0,0.0,0.0,0.0,0.0,0.0,1.0,1.0,0.0
outer3,3,72,b974,120.0,210.0,0.0,0.0,0.0,0.0,0.0,1.0,1.0,0.0
outer3,3,72,b974,120.0,240.0,0.0,0.0,0.0,0.0,0.0,1.0,1.0,0.0
outer3,3,72,b974,120.0,270.0,0.0,60.000003814697266,60.000003814697266,60.0,0.0,1.0,0.0,-1.0
outer3,3,72,b974,120.0,300.0,0.0,0.0,0.0,0.0,0.0,1.0,1.0,0.0
outer3,3,72,b974,120.0,330.0,0.0,0.0,0.0,0.0,0.0,1.0,1.0,0.0
outer3,3,72,b974,150.0,0.0,0.0,0.0,0.0,0.0,0.0,1.0,1.0,0.0
outer3,3,72,b974,150.0,30.0,0.0,0.0,0.0,0.0,0.0,1.0,1.0,0.0
outer3,3,72,b974,150.0,60.0,0.0,0.0,0.0,0.0,0.0,1.0,1.0,0.0
outer3,3,72,b974,150.0,90.0,0.0,0.0,0.0,0.0,0.0,1.0,1.0,0.0
outer3,3,72,b974,150.0,120.0,0.0,0.0,0.0,0.0,0.0,1.0,1.0,0.0
outer3,3,72,b974,150.0,150.0,0.0,0.0,0.0,0.0,0.0,1.0,1.0,0.0
outer3,3,72,b974,150.0,180.0,0.0,0.0,0.0,0.0,0.0,1.0,1.0,0.0
outer3,3,72,b974,150.0,210.0,0.0,0.0,0.0,0.0,0.0,1.0,1.0,0.0
outer3,3,72,b974,150.0,240.0,0.0,0.0,0.0,0.0,0.0,1.0,1.0,0.0
outer3,3,72,b974,150.0,270.0,0.0,0.0,0.0,0.0,0.0,1.0,1.0,0.0
outer3,3,72,b974,150.0,300.0,0.0,0.0,0.0,0.0,0.0,1.0,1.0,0.0
outer3,3,72,b974,150.0,330.0,0.0,0.0,0.0,0.0,0.0,1.0,1.0,0.0
outer3,3,72,b97b,30.0,0.0,30.000001907348633,0.0,-30.000001907348633,-30.0,0.0,0.0,1.0,1.0
outer3,3,72,b97b,30.0,30.0,0.0,120.00000762939453,120.00000762939453,120.0,0.0,1.0,0.0,-1.0
outer3,3,72,b97b,30.0,60.0,0.0,0.0,0.0,0.0,0.0,1.0,1.0,0.0
outer3,3,72,b97b,30.0,90.0,0.0,0.0,0.0,0.0,0.0,1.0,1.0,0.0
outer3,3,72,b97b,30.0,120.0,0.0,0.0,0.0,0.0,0.0,1.0,1.0,0.0
outer3,3,72,b97b,30.0,150.0,60.000003814697266,14.870942115783691,-45.129061698913574,0.0,-150.0,0.0,0.0,0.0
outer3,3,72,b97b,30.0,180.0,30.000001907348633,30.000001907348633,0.0,0.0,0.0,0.0,0.0,0.0
outer3,3,72,b97b,30.0,210.0,0.0,0.0,0.0,0.0,0.0,1.0,1.0,0.0
outer3,3,72,b97b,30.0,240.0,0.0,151.04498291015625,151.04498291015625,120.0,120.0,1.0,0.0,-1.0
outer3,3,72,b97b,30.0,270.0,0.0,60.000003814697266,60.000003814697266,0.0,180.0,1.0,0.0,-1.0
outer3,3,72,b97b,30.0,300.0,0.0,0.0,0.0,0.0,0.0,1.0,1.0,0.0
outer3,3,72,b97b,30.0,330.0,0.0,0.0,0.0,0.0,0.0,1.0,1.0,0.0
outer3,3,72,b97b,60.0,0.0,120.00000762939453,150.0,29.99999237060547,90.0,0.0,0.0,0.0,0.0
outer3,3,72,b97b,60.0,30.0,0.0,0.0,0.0,0.0,0.0,1.0,1.0,0.0
outer3,3,72,b97b,60.0,60.0,0.0,0.0,0.0,0.0,0.0,1.0,1.0,0.0
outer3,3,72,b97b,60.0,90.0,0.0,0.0,0.0,0.0,0.0,1.0,1.0,0.0
outer3,3,72,b97b,60.0,120.0,0.0,0.0,0.0,0.0,0.0,1.0,1.0,0.0
outer3,3,72,b97b,60.0,150.0,0.0,51.31781005859375,51.31781005859375,0.0,60.0,1.0,0.0,-1.0
outer3,3,72,b97b,60.0,180.0,0.0,0.0,0.0,0.0,0.0,1.0,1.0,0.0
outer3,3,72,b97b,60.0,210.0,0.0,0.0,0.0,0.0,0.0,1.0,1.0,0.0
outer3,3,72,b97b,60.0,240.0,97.1807632446289,0.0,-97.1807632446289,0.0,-120.0,0.0,1.0,1.0
outer3,3,72,b97b,60.0,270.0,0.0,120.00000762939453,120.00000762939453,0.0,180.0,1.0,0.0,-1.0
outer3,3,72,b97b,60.0,300.0,0.0,0.0,0.0,0.0,0.0,1.0,1.0,0.0
outer3,3,72,b97b,60.0,330.0,0.0,0.0,0.0,0.0,0.0,1.0,1.0,0.0
outer3,3,72,b97b,90.0,0.0,0.0,0.0,0.0,0.0,0.0,1.0,1.0,0.0
outer3,3,72,b97b,90.0,30.0,0.0,0.0,0.0,0.0,0.0,1.0,1.0,0.0
outer3,3,72,b97b,90.0,60.0,0.0,180.0,180.0,0.0,180.0,1.0,0.0,-1.0
outer3,3,72,b97b,90.0,90.0,180.0,0.0,-180.0,0.0,-180.0,0.0,1.0,1.0
outer3,3,72,b97b,90.0,120.0,120.00000762939453,0.0,-120.00000762939453,0.0,-120.0,0.0,1.0,1.0
outer3,3,72,b97b,90.0,150.0,120.00000762939453,0.0,-120.00000762939453,0.0,-120.0,0.0,1.0,1.0
outer3,3,72,b97b,90.0,180.0,180.0,180.0,0.0,0.0,0.0,0.0,0.0,0.0
outer3,3,72,b97b,90.0,210.0,180.0,180.0,0.0,0.0,0.0,0.0,0.0,0.0
outer3,3,72,b97b,90.0,240.0,0.0,0.0,0.0,0.0,0.0,1.0,1.0,0.0
outer3,3,72,b97b,90.0,270.0,180.0,180.0,0.0,0.0,0.0,0.0,0.0,0.0
outer3,3,72,b97b,90.0,300.0,60.000003814697266,0.0,-60.000003814697266,0.0,-60.0,0.0,1.0,1.0
outer3,3,72,b97b,90.0,330.0,60.00000762939453,180.0,119.99999237060547,0.0,120.0,0.0,0.0,0.0
outer3,3,72,b97b,120.0,0.0,0.0,90.0,90.0,30.0,180.0,1.0,0.0,-1.0
outer3,3,72,b97b,120.0,30.0,0.0,0.0,0.0,0.0,0.0,1.0,1.0,0.0
outer3,3,72,b97b,120.0,60.0,0.0,0.0,0.0,0.0,0.0,1.0,1.0,0.0
outer3,3,72,b97b,120.0,90.0,0.0,0.0,0.0,0.0,0.0,1.0,1.0,0.0
outer3,3,72,b97b,120.0,120.0,0.0,0.0,0.0,0.0,0.0,1.0,1.0,0.0
outer3,3,72,b97b,120.0,150.0,0.0,82.81924438476562,82.81924438476562,60.0,60.0,1.0,0.0,-1.0
outer3,3,72,b97b,120.0,180.0,0.0,29.99998664855957,29.99998664855957,30.0,0.0,1.0,0.0,-1.0
outer3,3,72,b97b,120.0,210.0,29.99998664855957,0.0,-29.99998664855957,-30.0,0.0,0.0,1.0,1.0
outer3,3,72,b97b,120.0,240.0,0.0,0.0,0.0,0.0,0.0,1.0,1.0,0.0
outer3,3,72,b97b,120.0,270.0,0.0,180.0,180.0,60.0,180.0,1.0,0.0,-1.0
outer3,3,72,b97b,120.0,300.0,29.99998664855957,0.0,-29.99998664855957,-30.0,0.0,0.0,1.0,1.0
outer3,3,72,b97b,120.0,330.0,0.0,0.0,0.0,0.0,0.0,1.0,1.0,0.0
outer3,3,72,b97b,150.0,0.0,29.99998664855957,29.99998664855957,0.0,0.0,0.0,0.0,0.0,0.0
outer3,3,72,b97b,150.0,30.0,0.0,0.0,0.0,0.0,0.0,1.0,1.0,0.0
outer3,3,72,b97b,150.0,60.0,0.0,0.0,0.0,0.0,0.0,1.0,1.0,0.0
outer3,3,72,b97b,150.0,90.0,0.0,0.0,0.0,0.0,0.0,1.0,1.0,0.0
outer3,3,72,b97b,150.0,120.0,0.0,0.0,0.0,0.0,0.0,1.0,1.0,0.0
outer3,3,72,b97b,150.0,150.0,0.0,180.0,180.0,120.0,180.0,1.0,0.0,-1.0
outer3,3,72,b97b,150.0,180.0,0.0,29.99998664855957,29.99998664855957,30.0,0.0,1.0,0.0,-1.0
outer3,3,72,b97b,150.0,210.0,0.0,0.0,0.0,0.0,0.0,1.0,1.0,0.0
outer3,3,72,b97b,150.0,240.0,0.0,0.0,0.0,0.0,0.0,1.0,1.0,0.0
outer3,3,72,b97b,150.0,270.0,0.0,180.0,180.0,120.0,180.0,1.0,0.0,-1.0
outer3,3,72,b97b,150.0,300.0,0.0,0.0,0.0,0.0,0.0,1.0,1.0,0.0
outer3,3,72,b97b,150.0,330.0,0.0,0.0,0.0,0.0,0.0,1.0,1.0,0.0
outer3,3,72,bc2c,30.0,0.0,30.000001907348633,86.67425537109375,56.67425346374512,0.0,150.0,0.0,0.0,0.0
outer3,3,72,bc2c,30.0,30.0,90.0,57.7581901550293,-32.2418098449707,-90.0,150.0,0.0,0.0,0.0
outer3,3,72,bc2c,30.0,60.0,0.0,60.000003814697266,60.000003814697266,0.0,180.0,1.0,0.0,-1.0
outer3,3,72,bc2c,30.0,90.0,57.7581901550293,122.24180603027344,64.48361587524414,120.0,-120.0,0.0,0.0,0.0
outer3,3,72,bc2c,30.0,120.0,77.49609375,86.67425537109375,9.17816162109375,0.0,30.0,0.0,0.0,0.0
outer3,3,72,bc2c,30.0,150.0,36.097782135009766,93.32575225830078,57.227970123291016,60.0,0.0,0.0,0.0,0.0
outer3,3,72,bc2c,30.0,180.0,30.000001907348633,30.000001907348633,0.0,0.0,0.0,0.0,0.0,0.0
outer3,3,72,bc2c,30.0,210.0,49.494651794433594,165.12905883789062,115.63440704345703,90.0,90.0,0.0,0.0,0.0
outer3,3,72,bc2c,30.0,240.0,0.0,0.0,0.0,0.0,0.0,1.0,1.0,0.0
outer3,3,72,bc2c,30.0,270.0,165.12905883789062,14.870942115783691,-150.25811672210693,-120.0,-120.0,0.0,0.0,0.0
outer3,3,72,bc2c,30.0,300.0,60.000003814697266,36.097782135009766,-23.9022216796875,-30.0,30.0,0.0,0.0,0.0
outer3,3,72,bc2c,30.0,330.0,143.9022216796875,130.50535583496094,-13.396865844726562,0.0,-30.0,0.0,0.0,0.0
outer3,3,72,bc2c,60.0,0.0,0.0,90.0,90.0,30.0,180.0,1.0,0.0,-1.0
outer3,3,72,bc2c,60.0,30.0,66.45188903808594,77.49609375,11.044204711914062,-30.0,90.0,0.0,0.0,0.0
outer3,3,72,bc2c,60.0,60.0,25.905075073242188,25.905075073242188,0.0,0.0,0.0,0.0,0.0,0.0
outer3,3,72,bc2c,60.0,90.0,113.5481185913086,120.00000762939453,6.4518890380859375,0.0,30.0,0.0,0.0,0.0
outer3,3,72,bc2c,60.0,120.0,97.1807632446289,113.54812622070312,16.36736297607422,0.0,30.0,0.0,0.0,0.0
outer3,3,72,bc2c,60.0,150.0,82.81924438476562,90.0,7.180755615234375,30.0,-60.0,0.0,0.0,0.0
outer3,3,72,bc2c,60.0,180.0,120.00000762939453,30.000001907348633,-90.0000057220459,30.0,-180.0,0.0,0.0,0.0
outer3,3,72,bc2c,60.0,210.0,97.1807632446289,86.67425537109375,-10.506507873535156,30.0,30.0,0.0,0.0,0.0
outer3,3,72,bc2c,60.0,240.0,60.000003814697266,60.000003814697266,0.0,0.0,0.0,0.0,0.0,0.0
outer3,3,72,bc2c,60.0,270.0,150.0,90.0,-60.0,-60.0,0.0,0.0,0.0,0.0
outer3,3,72,bc2c,60.0,300.0,128.68218994140625,66.45188903808594,-62.23030090332031,0.0,-90.0,0.0,0.0,0.0
outer3,3,72,bc2c,60.0,330.0,120.00000762939453,60.000003814697266,-60.000003814697266,60.0,-180.0,0.0,0.0,0.0
outer3,3,72,bc2c,90.0,0.0,150.0,138.59039306640625,-11.40960693359375,0.0,-30.0,0.0,0.0,0.0
outer3,3,72,bc2c,90.0,30.0,150.0,150.0,0.0,30.0,30.0,0.0,0.0,0.0
outer3,3,72,bc2c,90.0,60.0,180.0,119.99999237060547,-60.00000762939453,0.0,-60.0,0.0,0.0,0.0
outer3,3,72,bc2c,90.0,90.0,180.0,0.0,-180.0,0.0,-180.0,0.0,1.0,1.0
outer3,3,72,bc2c,90.0,120.0,120.00000762939453,120.00000762939453,0.0,0.0,0.0,0.0,0.0,0.0
outer3,3,72,bc2c,90.0,150.0,30.000001907348633,41.40962219238281,11.40962028503418,30.0,0.0,0.0,0.0,0.0
outer3,3,72,bc2c,90.0,180.0,30.000001907348633,30.000001907348633,0.0,0.0,0.0,0.0,0.0,0.0
outer3,3,72,bc2c,90.0,210.0,30.000001907348633,0.0,-30.000001907348633,0.0,-30.0,0.0,1.0,1.0
outer3,3,72,bc2c,90.0,240.0,0.0,60.000003814697266,60.000003814697266,0.0,60.0,1.0,0.0,-1.0
outer3,3,72,bc2c,90.0,270.0,0.0,180.0,180.0,0.0,180.0,1.0,0.0,-1.0
outer3,3,72,bc2c,90.0,300.0,60.000003814697266,60.000003814697266,0.0,0.0,0.0,0.0,0.0,0.0
outer3,3,72,bc2c,90.0,330.0,150.0,138.59039306640625,-11.40960693359375,30.0,0.0,0.0,0.0,0.0
outer3,3,72,bc2c,120.0,0.0,0.0,90.0,90.0,30.0,180.0,1.0,0.0,-1.0
outer3,3,72,bc2c,120.0,30.0,82.81924438476562,51.31781005859375,-31.501434326171875,-60.0,0.0,0.0,0.0,0.0
outer3,3,72,bc2c,120.0,60.0,25.905075073242188,0.0,-25.905075073242188,0.0,-30.0,0.0,1.0,1.0
outer3,3,72,bc2c,120.0,90.0,120.00000762939453,25.905075073242188,-94.09493255615234,0.0,-150.0,0.0,0.0,0.0
outer3,3,72,bc2c,120.0,120.0,120.00000762939453,97.18075561523438,-22.819252014160156,0.0,-60.0,0.0,0.0,0.0
outer3,3,72,bc2c,120.0,150.0,82.81924438476562,120.00000762939453,37.180763244628906,-60.0,120.0,0.0,0.0,0.0
outer3,3,72,bc2c,120.0,180.0,0.0,90.0,90.0,90.0,0.0,1.0,0.0,-1.0
outer3,3,72,bc2c,120.0,210.0,180.0,130.50535583496094,-49.49464416503906,30.0,-60.0,0.0,0.0,0.0
outer3,3,72,bc2c,120.0,240.0,128.6822052001953,60.000003814697266,-68.68220138549805,0.0,-120.0,0.0,0.0,0.0
outer3,3,72,bc2c,120.0,270.0,180.0,180.0,0.0,0.0,0.0,0.0,0.0,0.0
outer3,3,72,bc2c,120.0,300.0,128.68218994140625,128.68218994140625,0.0,0.0,0.0,0.0,0.0,0.0
outer3,3,72,bc2c,120.0,330.0,120.00000762939453,90.0,-30.00000762939453,30.0,0.0,0.0,0.0,0.0
outer3,3,72,bc2c,150.0,0.0,29.99998664855957,0.0,-29.99998664855957,-30.0,0.0,0.0,1.0,1.0
outer3,3,72,bc2c,150.0,30.0,14.870942115783691,151.04498291015625,136.17404079437256,120.0,90.0,0.0,0.0,0.0
outer3,3,72,bc2c,150.0,60.0,0.0,60.000003814697266,60.000003814697266,0.0,180.0,1.0,0.0,-1.0
outer3,3,72,bc2c,150.0,90.0,57.7581901550293,122.24180603027344,64.48361587524414,120.0,-120.0,0.0,0.0,0.0
outer3,3,72,bc2c,150.0,120.0,90.0,49.49464416503906,-40.50535583496094,0.0,-120.0,0.0,0.0,0.0
outer3,3,72,bc2c,150.0,150.0,120.00000762939453,93.32574462890625,-26.67426300048828,30.0,-150.0,0.0,0.0,0.0
outer3,3,72,bc2c,150.0,180.0,90.0,29.99998664855957,-60.00001335144043,0.0,-180.0,0.0,0.0,0.0
outer3,3,72,bc2c,150.0,210.0,90.0,29.99998664855957,-60.00001335144043,0.0,-180.0,0.0,0.0,0.0
outer3,3,72,bc2c,150.0,240.0,0.0,14.870942115783691,14.870942115783691,0.0,30.0,1.0,0.0,-1.0
outer3,3,72,bc2c,150.0,270.0,165.12905883789062,0.0,-165.12905883789062,-120.0,-150.0,0.0,1.0,1.0
outer3,3,72,bc2c,150.0,300.0,130.50535583496094,36.09777069091797,-94.40758514404297,-60.0,-90.0,0.0,0.0,0.0
outer3,3,72,bc2c,150.0,330.0,115.6589126586914,36.0977783203125,-79.5611343383789,-30.0,-120.0,0.0,0.0,0.0
outer3,3,73,b812,30.0,0.0,0.0,0.0,0.0,0.0,0.0,1.0,1.0,0.0
outer3,3,73,b812,30.0,30.0,0.0,0.0,0.0,0.0,0.0,1.0,1.0,0.0
outer3,3,73,b812,30.0,60.0,0.0,0.0,0.0,0.0,0.0,1.0,1.0,0.0
outer3,3,73,b812,30.0,90.0,0.0,0.0,0.0,0.0,0.0,1.0,1.0,0.0
outer3,3,73,b812,30.0,120.0,0.0,0.0,0.0,0.0,0.0,1.0,1.0,0.0
outer3,3,73,b812,30.0,150.0,0.0,0.0,0.0,0.0,0.0,1.0,1.0,0.0
outer3,3,73,b812,30.0,180.0,0.0,0.0,0.0,0.0,0.0,1.0,1.0,0.0
outer3,3,73,b812,30.0,210.0,0.0,0.0,0.0,0.0,0.0,1.0,1.0,0.0
outer3,3,73,b812,30.0,240.0,0.0,0.0,0.0,0.0,0.0,1.0,1.0,0.0
outer3,3,73,b812,30.0,270.0,0.0,0.0,0.0,0.0,0.0,1.0,1.0,0.0
outer3,3,73,b812,30.0,300.0,0.0,0.0,0.0,0.0,0.0,1.0,1.0,0.0
outer3,3,73,b812,30.0,330.0,0.0,0.0,0.0,0.0,0.0,1.0,1.0,0.0
outer3,3,73,b812,60.0,0.0,0.0,0.0,0.0,0.0,0.0,1.0,1.0,0.0
outer3,3,73,b812,60.0,30.0,0.0,60.000003814697266,60.000003814697266,60.0,0.0,1.0,0.0,-1.0
outer3,3,73,b812,60.0,60.0,0.0,0.0,0.0,0.0,0.0,1.0,1.0,0.0
outer3,3,73,b812,60.0,90.0,0.0,0.0,0.0,0.0,0.0,1.0,1.0,0.0
outer3,3,73,b812,60.0,120.0,0.0,0.0,0.0,0.0,0.0,1.0,1.0,0.0
outer3,3,73,b812,60.0,150.0,25.905075073242188,0.0,-25.905075073242188,0.0,-30.0,0.0,1.0,1.0
outer3,3,73,b812,60.0,180.0,0.0,0.0,0.0,0.0,0.0,1.0,1.0,0.0
outer3,3,73,b812,60.0,210.0,0.0,82.81924438476562,82.81924438476562,60.0,60.0,1.0,0.0,-1.0
outer3,3,73,b812,60.0,240.0,0.0,0.0,0.0,0.0,0.0,1.0,1.0,0.0
outer3,3,73,b812,60.0,270.0,0.0,0.0,0.0,0.0,0.0,1.0,1.0,0.0
outer3,3,73,b812,60.0,300.0,0.0,0.0,0.0,0.0,0.0,1.0,1.0,0.0
outer3,3,73,b812,60.0,330.0,0.0,0.0,0.0,0.0,0.0,1.0,1.0,0.0
outer3,3,73,b812,90.0,0.0,0.0,180.0,180.0,0.0,180.0,1.0,0.0,-1.0
outer3,3,73,b812,90.0,30.0,180.0,0.0,-180.0,0.0,-180.0,0.0,1.0,1.0
outer3,3,73,b812,90.0,60.0,0.0,180.0,180.0,0.0,180.0,1.0,0.0,-1.0
outer3,3,73,b812,90.0,90.0,0.0,180.0,180.0,0.0,180.0,1.0,0.0,-1.0
outer3,3,73,b812,90.0,120.0,180.0,0.0,-180.0,0.0,-180.0,0.0,1.0,1.0
outer3,3,73,b812,90.0,150.0,0.0,0.0,0.0,0.0,0.0,1.0,1.0,0.0
outer3,3,73,b812,90.0,180.0,0.0,0.0,0.0,0.0,0.0,1.0,1.0,0.0
outer3,3,73,b812,90.0,210.0,0.0,0.0,0.0,0.0,0.0,1.0,1.0,0.0
outer3,3,73,b812,90.0,240.0,180.0,60.000003814697266,-119.99999618530273,0.0,-120.0,0.0,0.0,0.0
outer3,3,73,b812,90.0,270.0,0.0,0.0,0.0,0.0,0.0,1.0,1.0,0.0
outer3,3,73,b812,90.0,300.0,0.0,180.0,180.0,0.0,180.0,1.0,0.0,-1.0
outer3,3,73,b812,90.0,330.0,180.0,180.0,0.0,0.0,0.0,0.0,0.0,0.0
outer3,3,73,b812,120.0,0.0,0.0,0.0,0.0,0.0,0.0,1.0,1.0,0.0
outer3,3,73,b812,120.0,30.0,0.0,25.905075073242188,25.905075073242188,0.0,30.0,1.0,0.0,-1.0
outer3,3,73,b812,120.0,60.0,0.0,0.0,0.0,0.0,0.0,1.0,1.0,0.0
outer3,3,73,b812,120.0,90.0,0.0,0.0,0.0,0.0,0.0,1.0,1.0,0.0
outer3,3,73,b812,120.0,120.0,0.0,0.0,0.0,0.0,0.0,1.0,1.0,0.0
outer3,3,73,b812,120.0,150.0,0.0,0.0,0.0,0.0,0.0,1.0,1.0,0.0
outer3,3,73,b812,120.0,180.0,0.0,0.0,0.0,0.0,0.0,1.0,1.0,0.0
outer3,3,73,b812,120.0,210.0,0.0,82.81924438476562,82.81924438476562,60.0,60.0,1.0,0.0,-1.0
outer3,3,73,b812,120.0,240.0,0.0,0.0,0.0,0.0,0.0,1.0,1.0,0.0
outer3,3,73,b812,120.0,270.0,0.0,0.0,0.0,0.0,0.0,1.0,1.0,0.0
outer3,3,73,b812,120.0,300.0,0.0,0.0,0.0,0.0,0.0,1.0,1.0,0.0
outer3,3,73,b812,120.0,330.0,0.0,0.0,0.0,0.0,0.0,1.0,1.0,0.0
outer3,3,73,b812,150.0,0.0,0.0,0.0,0.0,0.0,0.0,1.0,1.0,0.0
outer3,3,73,b812,150.0,30.0,0.0,0.0,0.0,0.0,0.0,1.0,1.0,0.0
outer3,3,73,b812,150.0,60.0,0.0,0.0,0.0,0.0,0.0,1.0,1.0,0.0
outer3,3,73,b812,150.0,90.0,0.0,0.0,0.0,0.0,0.0,1.0,1.0,0.0
outer3,3,73,b812,150.0,120.0,0.0,0.0,0.0,0.0,0.0,1.0,1.0,0.0
outer3,3,73,b812,150.0,150.0,0.0,0.0,0.0,0.0,0.0,1.0,1.0,0.0
outer3,3,73,b812,150.0,180.0,0.0,0.0,0.0,0.0,0.0,1.0,1.0,0.0
outer3,3,73,b812,150.0,210.0,0.0,0.0,0.0,0.0,0.0,1.0,1.0,0.0
outer3,3,73,b812,150.0,240.0,0.0,0.0,0.0,0.0,0.0,1.0,1.0,0.0
outer3,3,73,b812,150.0,270.0,0.0,0.0,0.0,0.0,0.0,1.0,1.0,0.0
outer3,3,73,b812,150.0,300.0,0.0,0.0,0.0,0.0,0.0,1.0,1.0,0.0
outer3,3,73,b812,150.0,330.0,0.0,0.0,0.0,0.0,0.0,1.0,1.0,0.0
outer3,3,73,b943,30.0,0.0,0.0,0.0,0.0,0.0,0.0,1.0,1.0,0.0
outer3,3,73,b943,30.0,30.0,0.0,0.0,0.0,0.0,0.0,1.0,1.0,0.0
outer3,3,73,b943,30.0,60.0,0.0,0.0,0.0,0.0,0.0,1.0,1.0,0.0
outer3,3,73,b943,30.0,90.0,0.0,0.0,0.0,0.0,0.0,1.0,1.0,0.0
outer3,3,73,b943,30.0,120.0,0.0,0.0,0.0,0.0,0.0,1.0,1.0,0.0
outer3,3,73,b943,30.0,150.0,0.0,0.0,0.0,0.0,0.0,1.0,1.0,0.0
outer3,3,73,b943,30.0,180.0,0.0,0.0,0.0,0.0,0.0,1.0,1.0,0.0
outer3,3,73,b943,30.0,210.0,0.0,0.0,0.0,0.0,0.0,1.0,1.0,0.0
outer3,3,73,b943,30.0,240.0,0.0,0.0,0.0,0.0,0.0,1.0,1.0,0.0
outer3,3,73,b943,30.0,270.0,0.0,0.0,0.0,0.0,0.0,1.0,1.0,0.0
outer3,3,73,b943,30.0,300.0,0.0,0.0,0.0,0.0,0.0,1.0,1.0,0.0
outer3,3,73,b943,30.0,330.0,0.0,0.0,0.0,0.0,0.0,1.0,1.0,0.0
outer3,3,73,b943,60.0,0.0,0.0,0.0,0.0,0.0,0.0,1.0,1.0,0.0
outer3,3,73,b943,60.0,30.0,0.0,0.0,0.0,0.0,0.0,1.0,1.0,0.0
outer3,3,73,b943,60.0,60.0,97.18075561523438,0.0,-97.18075561523438,0.0,-120.0,0.0,1.0,1.0
outer3,3,73,b943,60.0,90.0,0.0,0.0,0.0,0.0,0.0,1.0,1.0,0.0
outer3,3,73,b943,60.0,120.0,0.0,0.0,0.0,0.0,0.0,1.0,1.0,0.0
outer3,3,73,b943,60.0,150.0,0.0,66.45188903808594,66.45188903808594,60.0,30.0,1.0,0.0,-1.0
outer3,3,73,b943,60.0,180.0,0.0,30.000001907348633,30.000001907348633,30.0,0.0,1.0,0.0,-1.0
outer3,3,73,b943,60.0,210.0,0.0,0.0,0.0,0.0,0.0,1.0,1.0,0.0
outer3,3,73,b943,60.0,240.0,0.0,0.0,0.0,0.0,0.0,1.0,1.0,0.0
outer3,3,73,b943,60.0,270.0,0.0,154.0949249267578,154.0949249267578,60.0,150.0,1.0,0.0,-1.0
outer3,3,73,b943,60.0,300.0,0.0,0.0,0.0,0.0,0.0,1.0,1.0,0.0
outer3,3,73,b943,60.0,330.0,0.0,0.0,0.0,0.0,0.0,1.0,1.0,0.0
outer3,3,73,b943,90.0,0.0,0.0,180.0,180.0,0.0,180.0,1.0,0.0,-1.0
outer3,3,73,b943,90.0,30.0,0.0,180.0,180.0,0.0,180.0,1.0,0.0,-1.0
outer3,3,73,b943,90.0,60.0,119.99999237060547,60.000003814697266,-59.9999885559082,0.0,-60.0,0.0,0.0,0.0
outer3,3,73,b943,90.0,90.0,180.0,0.0,-180.0,0.0,-180.0,0.0,1.0,1.0
outer3,3,73,b943,90.0,120.0,180.0,0.0,-180.0,0.0,-180.0,0.0,1.0,1.0
outer3,3,73,b943,90.0,150.0,120.00000762939453,180.0,59.99999237060547,0.0,60.0,0.0,0.0,0.0
outer3,3,73,b943,90.0,180.0,180.0,0.0,-180.0,0.0,-180.0,0.0,1.0,1.0
outer3,3,73,b943,90.0,210.0,180.0,0.0,-180.0,0.0,-180.0,0.0,1.0,1.0
outer3,3,73,b943,90.0,240.0,60.000003814697266,60.000003814697266,0.0,0.0,0.0,0.0,0.0,0.0
outer3,3,73,b943,90.0,270.0,180.0,180.0,0.0,0.0,0.0,0.0,0.0,0.0
outer3,3,73,b943,90.0,300.0,0.0,0.0,0.0,0.0,0.0,1.0,1.0,0.0
outer3,3,73,b943,90.0,330.0,60.00000762939453,0.0,-60.00000762939453,0.0,-60.0,0.0,1.0,1.0
outer3,3,73,b943,120.0,0.0,0.0,29.99998664855957,29.99998664855957,30.0,0.0,1.0,0.0,-1.0
outer3,3,73,b943,120.0,30.0,0.0,0.0,0.0,0.0,0.0,1.0,1.0,0.0
outer3,3,73,b943,120.0,60.0,0.0,0.0,0.0,0.0,0.0,1.0,1.0,0.0
outer3,3,73,b943,120.0,90.0,0.0,0.0,0.0,0.0,0.0,1.0,1.0,0.0
outer3,3,73,b943,120.0,120.0,29.99998664855957,0.0,-29.99998664855957,-30.0,0.0,0.0,1.0,1.0
outer3,3,73,b943,120.0,150.0,0.0,0.0,0.0,0.0,0.0,1.0,1.0,0.0
outer3,3,73,b943,120.0,180.0,0.0,29.99998664855957,29.99998664855957,30.0,0.0,1.0,0.0,-1.0
outer3,3,73,b943,120.0,210.0,0.0,0.0,0.0,0.0,0.0,1.0,1.0,0.0
outer3,3,73,b943,120.0,240.0,0.0,0.0,0.0,0.0,0.0,1.0,1.0,0.0
outer3,3,73,b943,120.0,270.0,0.0,0.0,0.0,0.0,0.0,1.0,1.0,0.0
outer3,3,73,b943,120.0,300.0,0.0,0.0,0.0,0.0,0.0,1.0,1.0,0.0
outer3,3,73,b943,120.0,330.0,0.0,0.0,0.0,0.0,0.0,1.0,1.0,0.0
outer3,3,73,b943,150.0,0.0,0.0,0.0,0.0,0.0,0.0,1.0,1.0,0.0
outer3,3,73,b943,150.0,30.0,0.0,0.0,0.0,0.0,0.0,1.0,1.0,0.0
outer3,3,73,b943,150.0,60.0,0.0,0.0,0.0,0.0,0.0,1.0,1.0,0.0
outer3,3,73,b943,150.0,90.0,0.0,0.0,0.0,0.0,0.0,1.0,1.0,0.0
outer3,3,73,b943,150.0,120.0,0.0,0.0,0.0,0.0,0.0,1.0,1.0,0.0
outer3,3,73,b943,150.0,150.0,0.0,0.0,0.0,0.0,0.0,1.0,1.0,0.0
outer3,3,73,b943,150.0,180.0,0.0,0.0,0.0,0.0,0.0,1.0,1.0,0.0
outer3,3,73,b943,150.0,210.0,0.0,0.0,0.0,0.0,0.0,1.0,1.0,0.0
outer3,3,73,b943,150.0,240.0,0.0,0.0,0.0,0.0,0.0,1.0,1.0,0.0
outer3,3,73,b943,150.0,270.0,0.0,0.0,0.0,0.0,0.0,1.0,1.0,0.0
outer3,3,73,b943,150.0,300.0,0.0,0.0,0.0,0.0,0.0,1.0,1.0,0.0
outer3,3,73,b943,150.0,330.0,0.0,0.0,0.0,0.0,0.0,1.0,1.0,0.0
outer3,3,73,b974,30.0,0.0,0.0,0.0,0.0,0.0,0.0,1.0,1.0,0.0
outer3,3,73,b974,30.0,30.0,0.0,0.0,0.0,0.0,0.0,1.0,1.0,0.0
outer3,3,73,b974,30.0,60.0,0.0,0.0,0.0,0.0,0.0,1.0,1.0,0.0
outer3,3,73,b974,30.0,90.0,0.0,0.0,0.0,0.0,0.0,1.0,1.0,0.0
outer3,3,73,b974,30.0,120.0,0.0,0.0,0.0,0.0,0.0,1.0,1.0,0.0
outer3,3,73,b974,30.0,150.0,0.0,0.0,0.0,0.0,0.0,1.0,1.0,0.0
outer3,3,73,b974,30.0,180.0,0.0,0.0,0.0,0.0,0.0,1.0,1.0,0.0
outer3,3,73,b974,30.0,210.0,0.0,0.0,0.0,0.0,0.0,1.0,1.0,0.0
outer3,3,73,b974,30.0,240.0,0.0,0.0,0.0,0.0,0.0,1.0,1.0,0.0
outer3,3,73,b974,30.0,270.0,0.0,0.0,0.0,0.0,0.0,1.0,1.0,0.0
outer3,3,73,b974,30.0,300.0,0.0,0.0,0.0,0.0,0.0,1.0,1.0,0.0
outer3,3,73,b974,30.0,330.0,0.0,0.0,0.0,0.0,0.0,1.0,1.0,0.0
outer3,3,73,b974,60.0,0.0,0.0,0.0,0.0,0.0,0.0,1.0,1.0,0.0
outer3,3,73,b974,60.0,30.0,0.0,0.0,0.0,0.0,0.0,1.0,1.0,0.0
outer3,3,73,b974,60.0,60.0,0.0,0.0,0.0,0.0,0.0,1.0,1.0,0.0
outer3,3,73,b974,60.0,90.0,0.0,0.0,0.0,0.0,0.0,1.0,1.0,0.0
outer3,3,73,b974,60.0,120.0,0.0,0.0,0.0,0.0,0.0,1.0,1.0,0.0
outer3,3,73,b974,60.0,150.0,82.81924438476562,0.0,-82.81924438476562,-60.0,-60.0,0.0,1.0,1.0
outer3,3,73,b974,60.0,180.0,0.0,0.0,0.0,0.0,0.0,1.0,1.0,0.0
outer3,3,73,b974,60.0,210.0,0.0,0.0,0.0,0.0,0.0,1.0,1.0,0.0
outer3,3,73,b974,60.0,240.0,0.0,0.0,0.0,0.0,0.0,1.0,1.0,0.0
outer3,3,73,b974,60.0,270.0,0.0,0.0,0.0,0.0,0.0,1.0,1.0,0.0
outer3,3,73,b974,60.0,300.0,0.0,0.0,0.0,0.0,0.0,1.0,1.0,0.0
outer3,3,73,b974,60.0,330.0,0.0,0.0,0.0,0.0,0.0,1.0,1.0,0.0
outer3,3,73,b974,90.0,0.0,180.0,180.0,0.0,0.0,0.0,0.0,0.0,0.0
outer3,3,73,b974,90.0,30.0,180.0,0.0,-180.0,0.0,-180.0,0.0,1.0,1.0
outer3,3,73,b974,90.0,60.0,0.0,0.0,0.0,0.0,0.0,1.0,1.0,0.0
outer3,3,73,b974,90.0,90.0,0.0,180.0,180.0,0.0,180.0,1.0,0.0,-1.0
outer3,3,73,b974,90.0,120.0,0.0,0.0,0.0,0.0,0.0,1.0,1.0,0.0
outer3,3,73,b974,90.0,150.0,0.0,180.0,180.0,0.0,180.0,1.0,0.0,-1.0
outer3,3,73,b974,90.0,180.0,0.0,0.0,0.0,0.0,0.0,1.0,1.0,0.0
outer3,3,73,b974,90.0,210.0,0.0,0.0,0.0,0.0,0.0,1.0,1.0,0.0
outer3,3,73,b974,90.0,240.0,180.0,0.0,-180.0,0.0,-180.0,0.0,1.0,1.0
outer3,3,73,b974,90.0,270.0,180.0,0.0,-180.0,0.0,-180.0,0.0,1.0,1.0
outer3,3,73,b974,90.0,300.0,180.0,180.0,0.0,0.0,0.0,0.0,0.0,0.0
outer3,3,73,b974,90.0,330.0,180.0,0.0,-180.0,0.0,-180.0,0.0,1.0,1.0
outer3,3,73,b974,120.0,0.0,0.0,0.0,0.0,0.0,0.0,1.0,1.0,0.0
outer3,3,73,b974,120.0,30.0,0.0,0.0,0.0,0.0,0.0,1.0,1.0,0.0
outer3,3,73,b974,120.0,60.0,0.0,0.0,0.0,0.0,0.0,1.0,1.0,0.0
outer3,3,73,b974,120.0,90.0,0.0,0.0,0.0,0.0,0.0,1.0,1.0,0.0
outer3,3,73,b974,120.0,120.0,0.0,0.0,0.0,0.0,0.0,1.0,1.0,0.0
outer3,3,73,b974,120.0,150.0,0.0,0.0,0.0,0.0,0.0,1.0,1.0,0.0
outer3,3,73,b974,120.0,180.0,0.0,0.0,0.0,0.0,0.0,1.0,1.0,0.0
outer3,3,73,b974,120.0,210.0,0.0,0.0,0.0,0.0,0.0,1.0,1.0,0.0
outer3,3,73,b974,120.0,240.0,0.0,0.0,0.0,0.0,0.0,1.0,1.0,0.0
outer3,3,73,b974,120.0,270.0,0.0,120.00000762939453,120.00000762939453,0.0,180.0,1.0,0.0,-1.0
outer3,3,73,b974,120.0,300.0,0.0,0.0,0.0,0.0,0.0,1.0,1.0,0.0
outer3,3,73,b974,120.0,330.0,0.0,0.0,0.0,0.0,0.0,1.0,1.0,0.0
outer3,3,73,b974,150.0,0.0,0.0,0.0,0.0,0.0,0.0,1.0,1.0,0.0
outer3,3,73,b974,150.0,30.0,0.0,0.0,0.0,0.0,0.0,1.0,1.0,0.0
outer3,3,73,b974,150.0,60.0,0.0,0.0,0.0,0.0,0.0,1.0,1.0,0.0
outer3,3,73,b974,150.0,90.0,0.0,0.0,0.0,0.0,0.0,1.0,1.0,0.0
outer3,3,73,b974,150.0,120.0,0.0,0.0,0.0,0.0,0.0,1.0,1.0,0.0
outer3,3,73,b974,150.0,150.0,0.0,0.0,0.0,0.0,0.0,1.0,1.0,0.0
outer3,3,73,b974,150.0,180.0,0.0,0.0,0.0,0.0,0.0,1.0,1.0,0.0
outer3,3,73,b974,150.0,210.0,0.0,0.0,0.0,0.0,0.0,1.0,1.0,0.0
outer3,3,73,b974,150.0,240.0,0.0,0.0,0.0,0.0,0.0,1.0,1.0,0.0
outer3,3,73,b974,150.0,270.0,0.0,0.0,0.0,0.0,0.0,1.0,1.0,0.0
outer3,3,73,b974,150.0,300.0,0.0,0.0,0.0,0.0,0.0,1.0,1.0,0.0
outer3,3,73,b974,150.0,330.0,0.0,0.0,0.0,0.0,0.0,1.0,1.0,0.0
outer3,3,73,b97b,30.0,0.0,30.000001907348633,60.000003814697266,30.000001907348633,-30.0,180.0,0.0,0.0,0.0
outer3,3,73,b97b,30.0,30.0,0.0,0.0,0.0,0.0,0.0,1.0,1.0,0.0
outer3,3,73,b97b,30.0,60.0,0.0,0.0,0.0,0.0,0.0,1.0,1.0,0.0
outer3,3,73,b97b,30.0,90.0,0.0,0.0,0.0,0.0,0.0,1.0,1.0,0.0
outer3,3,73,b97b,30.0,120.0,0.0,0.0,0.0,0.0,0.0,1.0,1.0,0.0
outer3,3,73,b97b,30.0,150.0,0.0,0.0,0.0,0.0,0.0,1.0,1.0,0.0
outer3,3,73,b97b,30.0,180.0,30.000001907348633,30.000001907348633,0.0,0.0,0.0,0.0,0.0,0.0
outer3,3,73,b97b,30.0,210.0,0.0,0.0,0.0,0.0,0.0,1.0,1.0,0.0
outer3,3,73,b97b,30.0,240.0,0.0,165.12905883789062,165.12905883789062,120.0,150.0,1.0,0.0,-1.0
outer3,3,73,b97b,30.0,270.0,0.0,180.0,180.0,120.0,180.0,1.0,0.0,-1.0
outer3,3,73,b97b,30.0,300.0,0.0,0.0,0.0,0.0,0.0,1.0,1.0,0.0
outer3,3,73,b97b,30.0,330.0,0.0,0.0,0.0,0.0,0.0,1.0,1.0,0.0
outer3,3,73,b97b,60.0,0.0,120.00000762939453,90.0,-30.00000762939453,30.0,0.0,0.0,0.0,0.0
outer3,3,73,b97b,60.0,30.0,0.0,25.905075073242188,25.905075073242188,0.0,30.0,1.0,0.0,-1.0
outer3,3,73,b97b,60.0,60.0,0.0,0.0,0.0,0.0,0.0,1.0,1.0,0.0
outer3,3,73,b97b,60.0,90.0,0.0,0.0,0.0,0.0,0.0,1.0,1.0,0.0
outer3,3,73,b97b,60.0,120.0,0.0,0.0,0.0,0.0,0.0,1.0,1.0,0.0
outer3,3,73,b97b,60.0,150.0,0.0,82.81924438476562,82.81924438476562,60.0,60.0,1.0,0.0,-1.0
outer3,3,73,b97b,60.0,180.0,0.0,30.000001907348633,30.000001907348633,30.0,0.0,1.0,0.0,-1.0
outer3,3,73,b97b,60.0,210.0,0.0,25.905075073242188,25.905075073242188,0.0,30.0,1.0,0.0,-1.0
outer3,3,73,b97b,60.0,240.0,0.0,97.1807632446289,97.1807632446289,0.0,120.0,1.0,0.0,-1.0
outer3,3,73,b97b,60.0,270.0,0.0,0.0,0.0,0.0,0.0,1.0,1.0,0.0
outer3,3,73,b97b,60.0,300.0,0.0,0.0,0.0,0.0,0.0,1.0,1.0,0.0
outer3,3,73,b97b,60.0,330.0,0.0,66.45188903808594,66.45188903808594,60.0,30.0,1.0,0.0,-1.0
outer3,3,73,b97b,90.0,0.0,180.0,0.0,-180.0,0.0,-180.0,0.0,1.0,1.0
outer3,3,73,b97b,90.0,30.0,180.0,180.0,0.0,0.0,0.0,0.0,0.0,0.0
outer3,3,73,b97b,90.0,60.0,0.0,180.0,180.0,0.0,180.0,1.0,0.0,-1.0
outer3,3,73,b97b,90.0,90.0,0.0,180.0,180.0,0.0,180.0,1.0,0.0,-1.0
outer3,3,73,b97b,90.0,120.0,0.0,180.0,180.0,0.0,180.0,1.0,0.0,-1.0
outer3,3,73,b97b,90.0,150.0,0.0,180.0,180.0,0.0,180.0,1.0,0.0,-1.0
outer3,3,73,b97b,90.0,180.0,0.0,0.0,0.0,0.0,0.0,1.0,1.0,0.0
outer3,3,73,b97b,90.0,210.0,0.0,0.0,0.0,0.0,0.0,1.0,1.0,0.0
outer3,3,73,b97b,90.0,240.0,0.0,0.0,0.0,0.0,0.0,1.0,1.0,0.0
outer3,3,73,b97b,90.0,270.0,180.0,0.0,-180.0,0.0,-180.0,0.0,1.0,1.0
outer3,3,73,b97b,90.0,300.0,0.0,0.0,0.0,0.0,0.0,1.0,1.0,0.0
outer3,3,73,b97b,90.0,330.0,60.00000762939453,0.0,-60.00000762939453,0.0,-60.0,0.0,1.0,1.0
outer3,3,73,b97b,120.0,0.0,120.00000762939453,150.0,29.99999237060547,90.0,0.0,0.0,0.0,0.0
outer3,3,73,b97b,120.0,30.0,0.0,0.0,0.0,0.0,0.0,1.0,1.0,0.0
outer3,3,73,b97b,120.0,60.0,0.0,0.0,0.0,0.0,0.0,1.0,1.0,0.0
outer3,3,73,b97b,120.0,90.0,0.0,0.0,0.0,0.0,0.0,1.0,1.0,0.0
outer3,3,73,b97b,120.0,120.0,29.99998664855957,0.0,-29.99998664855957,-30.0,0.0,0.0,1.0,1.0
outer3,3,73,b97b,120.0,150.0,0.0,82.81924438476562,82.81924438476562,60.0,60.0,1.0,0.0,-1.0
outer3,3,73,b97b,120.0,180.0,0.0,90.0,90.0,90.0,0.0,1.0,0.0,-1.0
outer3,3,73,b97b,120.0,210.0,0.0,30.000001907348633,30.000001907348633,30.0,0.0,1.0,0.0,-1.0
outer3,3,73,b97b,120.0,240.0,51.31781005859375,0.0,-51.31781005859375,0.0,-60.0,0.0,1.0,1.0
outer3,3,73,b97b,120.0,270.0,0.0,120.00000762939453,120.00000762939453,0.0,180.0,1.0,0.0,-1.0
outer3,3,73,b97b,120.0,300.0,0.0,0.0,0.0,0.0,0.0,1.0,1.0,0.0
outer3,3,73,b97b,120.0,330.0,0.0,25.90508270263672,25.90508270263672,0.0,30.0,1.0,0.0,-1.0
outer3,3,73,b97b,150.0,0.0,29.99998664855957,0.0,-29.99998664855957,-30.0,0.0,0.0,1.0,1.0
outer3,3,73,b97b,150.0,30.0,0.0,0.0,0.0,0.0,0.0,1.0,1.0,0.0
outer3,3,73,b97b,150.0,60.0,0.0,0.0,0.0,0.0,0.0,1.0,1.0,0.0
outer3,3,73,b97b,150.0,90.0,0.0,0.0,0.0,0.0,0.0,1.0,1.0,0.0
outer3,3,73,b97b,150.0,120.0,0.0,0.0,0.0,0.0,0.0,1.0,1.0,0.0
outer3,3,73,b97b,150.0,150.0,0.0,0.0,0.0,0.0,0.0,1.0,1.0,0.0
outer3,3,73,b97b,150.0,180.0,29.99998664855957,29.99998664855957,0.0,0.0,0.0,0.0,0.0,0.0
outer3,3,73,b97b,150.0,210.0,0.0,0.0,0.0,0.0,0.0,1.0,1.0,0.0
outer3,3,73,b97b,150.0,240.0,0.0,0.0,0.0,0.0,0.0,1.0,1.0,0.0
outer3,3,73,b97b,150.0,270.0,180.0,180.0,0.0,0.0,0.0,0.0,0.0,0.0
outer3,3,73,b97b,150.0,300.0,0.0,0.0,0.0,0.0,0.0,1.0,1.0,0.0
outer3,3,73,b97b,150.0,330.0,0.0,0.0,0.0,0.0,0.0,1.0,1.0,0.0
outer3,3,73,bc2c,30.0,0.0,30.000001907348633,30.000001907348633,0.0,0.0,0.0,0.0,0.0,0.0
outer3,3,73,bc2c,30.0,30.0,143.9022216796875,28.95502281188965,-114.94719886779785,-90.0,-90.0,0.0,0.0,0.0
outer3,3,73,bc2c,30.0,60.0,0.0,60.000003814697266,60.000003814697266,0.0,180.0,1.0,0.0,-1.0
outer3,3,73,bc2c,30.0,90.0,57.7581901550293,165.12905883789062,107.37086868286133,120.0,0.0,0.0,0.0,0.0
outer3,3,73,bc2c,30.0,120.0,86.67425537109375,49.494651794433594,-37.179603576660156,0.0,-90.0,0.0,0.0,0.0
outer3,3,73,bc2c,30.0,150.0,90.0,93.32575225830078,3.3257522583007812,0.0,30.0,0.0,0.0,0.0
outer3,3,73,bc2c,30.0,180.0,30.000001907348633,0.0,-30.000001907348633,-30.0,0.0,0.0,1.0,1.0
outer3,3,73,bc2c,30.0,210.0,60.000003814697266,60.000003814697266,0.0,0.0,0.0,0.0,0.0,0.0
outer3,3,73,bc2c,30.0,240.0,0.0,0.0,0.0,0.0,0.0,1.0,1.0,0.0
outer3,3,73,bc2c,30.0,270.0,165.12905883789062,120.00000762939453,-45.129051208496094,0.0,-150.0,0.0,0.0,0.0
outer3,3,73,bc2c,30.0,300.0,64.34110260009766,77.49608612060547,13.154983520507812,-30.0,90.0,0.0,0.0,0.0
outer3,3,73,bc2c,30.0,330.0,150.0,36.097782135009766,-113.90221786499023,-60.0,-150.0,0.0,0.0,0.0
outer3,3,73,bc2c,60.0,0.0,0.0,30.000001907348633,30.000001907348633,30.0,0.0,1.0,0.0,-1.0
outer3,3,73,bc2c,60.0,30.0,82.81924438476562,77.49609375,-5.323150634765625,-30.0,60.0,0.0,0.0,0.0
outer3,3,73,bc2c,60.0,60.0,0.0,0.0,0.0,0.0,0.0,1.0,1.0,0.0
outer3,3,73,bc2c,60.0,90.0,120.00000762939453,60.000003814697266,-60.000003814697266,60.0,-180.0,0.0,0.0,0.0
outer3,3,73,bc2c,60.0,120.0,97.1807632446289,113.54812622070312,16.36736297607422,0.0,30.0,0.0,0.0,0.0
outer3,3,73,bc2c,60.0,150.0,0.0,30.000001907348633,30.000001907348633,30.0,0.0,1.0,0.0,-1.0
outer3,3,73,bc2c,60.0,180.0,0.0,90.0,90.0,90.0,0.0,1.0,0.0,-1.0
outer3,3,73,bc2c,60.0,210.0,60.000003814697266,82.81924438476562,22.81924057006836,0.0,60.0,0.0,0.0,0.0
outer3,3,73,bc2c,60.0,240.0,60.000003814697266,60.000003814697266,0.0,0.0,0.0,0.0,0.0,0.0
outer3,3,73,bc2c,60.0,270.0,180.0,90.0,-90.0,-30.0,0.0,0.0,0.0,0.0
outer3,3,73,bc2c,60.0,300.0,128.68218994140625,25.905075073242188,-102.77711486816406,-60.0,-90.0,0.0,0.0,0.0
outer3,3,73,bc2c,60.0,330.0,180.0,51.31782150268555,-128.68217849731445,-60.0,-120.0,0.0,0.0,0.0
outer3,3,73,bc2c,90.0,0.0,180.0,180.0,0.0,0.0,0.0,0.0,0.0,0.0
outer3,3,73,bc2c,90.0,30.0,180.0,150.0,-30.0,0.0,-30.0,0.0,0.0,0.0
outer3,3,73,bc2c,90.0,60.0,119.99999237060547,119.99999237060547,0.0,0.0,0.0,0.0,0.0,0.0
outer3,3,73,bc2c,90.0,90.0,180.0,180.0,0.0,0.0,0.0,0.0,0.0,0.0
outer3,3,73,bc2c,90.0,120.0,180.0,180.0,0.0,0.0,0.0,0.0,0.0,0.0
outer3,3,73,bc2c,90.0,150.0,30.000001907348633,30.000001907348633,0.0,0.0,0.0,0.0,0.0,0.0
outer3,3,73,bc2c,90.0,180.0,0.0,0.0,0.0,0.0,0.0,1.0,1.0,0.0
outer3,3,73,bc2c,90.0,210.0,150.0,30.000001907348633,-119.99999809265137,0.0,-120.0,0.0,0.0,0.0
outer3,3,73,bc2c,90.0,240.0,60.000003814697266,30.000001907348633,-30.000001907348633,0.0,-30.0,0.0,0.0,0.0
outer3,3,73,bc2c,90.0,270.0,0.0,180.0,180.0,0.0,180.0,1.0,0.0,-1.0
outer3,3,73,bc2c,90.0,300.0,0.0,0.0,0.0,0.0,0.0,1.0,1.0,0.0
outer3,3,73,bc2c,90.0,330.0,150.0,150.0,0.0,0.0,0.0,0.0,0.0,0.0
outer3,3,73,bc2c,120.0,0.0,0.0,86.67425537109375,86.67425537109375,30.0,150.0,1.0,0.0,-1.0
outer3,3,73,bc2c,120.0,30.0,51.31781005859375,25.905075073242188,-25.412734985351562,0.0,-30.0,0.0,0.0,0.0
outer3,3,73,bc2c,120.0,60.0,0.0,0.0,0.0,0.0,0.0,1.0,1.0,0.0
outer3,3,73,bc2c,120.0,90.0,120.00000762939453,120.00000762939453,0.0,0.0,0.0,0.0,0.0,0.0
outer3,3,73,bc2c,120.0,120.0,120.00000762939453,120.00000762939453,0.0,0.0,0.0,0.0,0.0,0.0
outer3,3,73,bc2c,120.0,150.0,60.000003814697266,82.81924438476562,22.81924057006836,0.0,60.0,0.0,0.0,0.0
outer3,3,73,bc2c,120.0,180.0,0.0,90.0,90.0,90.0,0.0,1.0,0.0,-1.0
outer3,3,73,bc2c,120.0,210.0,180.0,90.0,-90.0,30.0,-180.0,0.0,0.0,0.0
outer3,3,73,bc2c,120.0,240.0,60.000003814697266,60.000003814697266,0.0,0.0,0.0,0.0,0.0,0.0
outer3,3,73,bc2c,120.0,270.0,180.0,180.0,0.0,0.0,0.0,0.0,0.0,0.0
outer3,3,73,bc2c,120.0,300.0,128.68218994140625,0.0,-128.68218994140625,-60.0,-120.0,0.0,1.0,1.0
outer3,3,73,bc2c,120.0,330.0,120.00000762939453,150.0,29.99999237060547,90.0,0.0,0.0,0.0,0.0
outer3,3,73,bc2c,150.0,0.0,29.99998664855957,29.99998664855957,0.0,0.0,0.0,0.0,0.0,0.0
outer3,3,73,bc2c,150.0,30.0,150.0,14.870942115783691,-135.1290578842163,-90.0,-150.0,0.0,0.0,0.0
outer3,3,73,bc2c,150.0,60.0,0.0,60.000003814697266,60.000003814697266,0.0,180.0,1.0,0.0,-1.0
outer3,3,73,bc2c,150.0,90.0,57.7581901550293,180.0,122.2418098449707,120.0,30.0,0.0,0.0,0.0
outer3,3,73,bc2c,150.0,120.0,75.52249145507812,64.34109497070312,-11.181396484375,-30.0,30.0,0.0,0.0,0.0
outer3,3,73,bc2c,150.0,150.0,36.09777069091797,122.24180603027344,86.14403533935547,90.0,0.0,0.0,0.0,0.0
outer3,3,73,bc2c,150.0,180.0,59.999996185302734,60.000003814697266,7.62939453125e-06,-60.0,180.0,0.0,0.0,0.0
outer3,3,73,bc2c,150.0,210.0,86.67425537109375,60.000003814697266,-26.674251556396484,-30.0,30.0,0.0,0.0,0.0
outer3,3,73,bc2c,150.0,240.0,120.00000762939453,0.0,-120.00000762939453,-120.0,0.0,0.0,1.0,1.0
outer3,3,73,bc2c,150.0,270.0,180.0,120.00000762939453,-59.99999237060547,0.0,-180.0,0.0,0.0,0.0
outer3,3,73,bc2c,150.0,300.0,77.49607849121094,64.34109497070312,-13.154983520507812,0.0,-30.0,0.0,0.0,0.0
outer3,3,73,bc2c,150.0,330.0,36.0977783203125,122.24180603027344,86.14402770996094,90.0,0.0,0.0,0.0,0.0
outer3,3,74,b812,30.0,0.0,0.0,0.0,0.0,0.0,0.0,1.0,1.0,0.0
outer3,3,74,b812,30.0,30.0,0.0,0.0,0.0,0.0,0.0,1.0,1.0,0.0
outer3,3,74,b812,30.0,60.0,0.0,0.0,0.0,0.0,0.0,1.0,1.0,0.0
outer3,3,74,b812,30.0,90.0,0.0,0.0,0.0,0.0,0.0,1.0,1.0,0.0
outer3,3,74,b812,30.0,120.0,0.0,0.0,0.0,0.0,0.0,1.0,1.0,0.0
outer3,3,74,b812,30.0,150.0,0.0,0.0,0.0,0.0,0.0,1.0,1.0,0.0
outer3,3,74,b812,30.0,180.0,0.0,0.0,0.0,0.0,0.0,1.0,1.0,0.0
outer3,3,74,b812,30.0,210.0,0.0,0.0,0.0,0.0,0.0,1.0,1.0,0.0
outer3,3,74,b812,30.0,240.0,0.0,0.0,0.0,0.0,0.0,1.0,1.0,0.0
outer3,3,74,b812,30.0,270.0,0.0,0.0,0.0,0.0,0.0,1.0,1.0,0.0
outer3,3,74,b812,30.0,300.0,0.0,0.0,0.0,0.0,0.0,1.0,1.0,0.0
outer3,3,74,b812,30.0,330.0,0.0,0.0,0.0,0.0,0.0,1.0,1.0,0.0
outer3,3,74,b812,60.0,0.0,0.0,0.0,0.0,0.0,0.0,1.0,1.0,0.0
outer3,3,74,b812,60.0,30.0,0.0,120.00000762939453,120.00000762939453,0.0,180.0,1.0,0.0,-1.0
outer3,3,74,b812,60.0,60.0,0.0,0.0,0.0,0.0,0.0,1.0,1.0,0.0
outer3,3,74,b812,60.0,90.0,0.0,0.0,0.0,0.0,0.0,1.0,1.0,0.0
outer3,3,74,b812,60.0,120.0,0.0,0.0,0.0,0.0,0.0,1.0,1.0,0.0
outer3,3,74,b812,60.0,150.0,0.0,0.0,0.0,0.0,0.0,1.0,1.0,0.0
outer3,3,74,b812,60.0,180.0,0.0,0.0,0.0,0.0,0.0,1.0,1.0,0.0
outer3,3,74,b812,60.0,210.0,0.0,0.0,0.0,0.0,0.0,1.0,1.0,0.0
outer3,3,74,b812,60.0,240.0,0.0,0.0,0.0,0.0,0.0,1.0,1.0,0.0
outer3,3,74,b812,60.0,270.0,0.0,0.0,0.0,0.0,0.0,1.0,1.0,0.0
outer3,3,74,b812,60.0,300.0,0.0,0.0,0.0,0.0,0.0,1.0,1.0,0.0
outer3,3,74,b812,60.0,330.0,0.0,0.0,0.0,0.0,0.0,1.0,1.0,0.0
outer3,3,74,b812,90.0,0.0,180.0,180.0,0.0,0.0,0.0,0.0,0.0,0.0
outer3,3,74,b812,90.0,30.0,180.0,180.0,0.0,0.0,0.0,0.0,0.0,0.0
outer3,3,74,b812,90.0,60.0,180.0,180.0,0.0,0.0,0.0,0.0,0.0,0.0
outer3,3,74,b812,90.0,90.0,0.0,180.0,180.0,0.0,180.0,1.0,0.0,-1.0
outer3,3,74,b812,90.0,120.0,120.00000762939453,0.0,-120.00000762939453,0.0,-120.0,0.0,1.0,1.0
outer3,3,74,b812,90.0,150.0,0.0,180.0,180.0,0.0,180.0,1.0,0.0,-1.0
outer3,3,74,b812,90.0,180.0,0.0,0.0,0.0,0.0,0.0,1.0,1.0,0.0
outer3,3,74,b812,90.0,210.0,0.0,0.0,0.0,0.0,0.0,1.0,1.0,0.0
outer3,3,74,b812,90.0,240.0,0.0,0.0,0.0,0.0,0.0,1.0,1.0,0.0
outer3,3,74,b812,90.0,270.0,0.0,0.0,0.0,0.0,0.0,1.0,1.0,0.0
outer3,3,74,b812,90.0,300.0,60.000003814697266,180.0,119.99999618530273,0.0,120.0,0.0,0.0,0.0
outer3,3,74,b812,90.0,330.0,180.0,0.0,-180.0,0.0,-180.0,0.0,1.0,1.0
outer3,3,74,b812,120.0,0.0,0.0,0.0,0.0,0.0,0.0,1.0,1.0,0.0
outer3,3,74,b812,120.0,30.0,0.0,0.0,0.0,0.0,0.0,1.0,1.0,0.0
outer3,3,74,b812,120.0,60.0,0.0,0.0,0.0,0.0,0.0,1.0,1.0,0.0
outer3,3,74,b812,120.0,90.0,0.0,0.0,0.0,0.0,0.0,1.0,1.0,0.0
outer3,3,74,b812,120.0,120.0,0.0,0.0,0.0,0.0,0.0,1.0,1.0,0.0
outer3,3,74,b812,120.0,150.0,0.0,0.0,0.0,0.0,0.0,1.0,1.0,0.0
outer3,3,74,b812,120.0,180.0,0.0,0.0,0.0,0.0,0.0,1.0,1.0,0.0
outer3,3,74,b812,120.0,210.0,0.0,82.81924438476562,82.81924438476562,60.0,60.0,1.0,0.0,-1.0
outer3,3,74,b812,120.0,240.0,0.0,0.0,0.0,0.0,0.0,1.0,1.0,0.0
outer3,3,74,b812,120.0,270.0,0.0,0.0,0.0,0.0,0.0,1.0,1.0,0.0
outer3,3,74,b812,120.0,300.0,0.0,0.0,0.0,0.0,0.0,1.0,1.0,0.0
outer3,3,74,b812,120.0,330.0,0.0,0.0,0.0,0.0,0.0,1.0,1.0,0.0
outer3,3,74,b812,150.0,0.0,0.0,0.0,0.0,0.0,0.0,1.0,1.0,0.0
outer3,3,74,b812,150.0,30.0,0.0,0.0,0.0,0.0,0.0,1.0,1.0,0.0
outer3,3,74,b812,150.0,60.0,0.0,0.0,0.0,0.0,0.0,1.0,1.0,0.0
outer3,3,74,b812,150.0,90.0,0.0,0.0,0.0,0.0,0.0,1.0,1.0,0.0
outer3,3,74,b812,150.0,120.0,0.0,0.0,0.0,0.0,0.0,1.0,1.0,0.0
outer3,3,74,b812,150.0,150.0,0.0,0.0,0.0,0.0,0.0,1.0,1.0,0.0
outer3,3,74,b812,150.0,180.0,0.0,0.0,0.0,0.0,0.0,1.0,1.0,0.0
outer3,3,74,b812,150.0,210.0,0.0,0.0,0.0,0.0,0.0,1.0,1.0,0.0
outer3,3,74,b812,150.0,240.0,0.0,0.0,0.0,0.0,0.0,1.0,1.0,0.0
outer3,3,74,b812,150.0,270.0,0.0,0.0,0.0,0.0,0.0,1.0,1.0,0.0
outer3,3,74,b812,150.0,300.0,0.0,0.0,0.0,0.0,0.0,1.0,1.0,0.0
outer3,3,74,b812,150.0,330.0,0.0,0.0,0.0,0.0,0.0,1.0,1.0,0.0
outer3,3,74,b943,30.0,0.0,0.0,0.0,0.0,0.0,0.0,1.0,1.0,0.0
outer3,3,74,b943,30.0,30.0,0.0,28.95502281188965,28.95502281188965,0.0,60.0,1.0,0.0,-1.0
outer3,3,74,b943,30.0,60.0,0.0,0.0,0.0,0.0,0.0,1.0,1.0,0.0
outer3,3,74,b943,30.0,90.0,0.0,0.0,0.0,0.0,0.0,1.0,1.0,0.0
outer3,3,74,b943,30.0,120.0,0.0,0.0,0.0,0.0,0.0,1.0,1.0,0.0
outer3,3,74,b943,30.0,150.0,0.0,0.0,0.0,0.0,0.0,1.0,1.0,0.0
outer3,3,74,b943,30.0,180.0,0.0,0.0,0.0,0.0,0.0,1.0,1.0,0.0
outer3,3,74,b943,30.0,210.0,0.0,0.0,0.0,0.0,0.0,1.0,1.0,0.0
outer3,3,74,b943,30.0,240.0,0.0,0.0,0.0,0.0,0.0,1.0,1.0,0.0
outer3,3,74,b943,30.0,270.0,0.0,0.0,0.0,0.0,0.0,1.0,1.0,0.0
outer3,3,74,b943,30.0,300.0,0.0,0.0,0.0,0.0,0.0,1.0,1.0,0.0
outer3,3,74,b943,30.0,330.0,0.0,0.0,0.0,0.0,0.0,1.0,1.0,0.0
outer3,3,74,b943,60.0,0.0,0.0,0.0,0.0,0.0,0.0,1.0,1.0,0.0
outer3,3,74,b943,60.0,30.0,0.0,0.0,0.0,0.0,0.0,1.0,1.0,0.0
outer3,3,74,b943,60.0,60.0,128.68218994140625,0.0,-128.68218994140625,-60.0,-120.0,0.0,1.0,1.0
outer3,3,74,b943,60.0,90.0,0.0,30.000001907348633,30.000001907348633,30.0,0.0,1.0,0.0,-1.0
outer3,3,74,b943,60.0,120.0,0.0,0.0,0.0,0.0,0.0,1.0,1.0,0.0
outer3,3,74,b943,60.0,150.0,0.0,0.0,0.0,0.0,0.0,1.0,1.0,0.0
outer3,3,74,b943,60.0,180.0,0.0,30.000001907348633,30.000001907348633,30.0,0.0,1.0,0.0,-1.0
outer3,3,74,b943,60.0,210.0,0.0,0.0,0.0,0.0,0.0,1.0,1.0,0.0
outer3,3,74,b943,60.0,240.0,97.1807632446289,0.0,-97.1807632446289,0.0,-120.0,0.0,1.0,1.0
outer3,3,74,b943,60.0,270.0,154.09490966796875,0.0,-154.09490966796875,-60.0,-150.0,0.0,1.0,1.0
outer3,3,74,b943,60.0,300.0,0.0,0.0,0.0,0.0,0.0,1.0,1.0,0.0
outer3,3,74,b943,60.0,330.0,0.0,25.90509033203125,25.90509033203125,0.0,30.0,1.0,0.0,-1.0
outer3,3,74,b943,90.0,0.0,180.0,0.0,-180.0,0.0,-180.0,0.0,1.0,1.0
outer3,3,74,b943,90.0,30.0,180.0,0.0,-180.0,0.0,-180.0,0.0,1.0,1.0
outer3,3,74,b943,90.0,60.0,60.000003814697266,60.000003814697266,0.0,0.0,0.0,0.0,0.0,0.0
outer3,3,74,b943,90.0,90.0,180.0,0.0,-180.0,0.0,-180.0,0.0,1.0,1.0
outer3,3,74,b943,90.0,120.0,180.0,0.0,-180.0,0.0,-180.0,0.0,1.0,1.0
outer3,3,74,b943,90.0,150.0,60.000003814697266,180.0,119.99999618530273,0.0,120.0,0.0,0.0,0.0
outer3,3,74,b943,90.0,180.0,0.0,180.0,180.0,0.0,180.0,1.0,0.0,-1.0
outer3,3,74,b943,90.0,210.0,0.0,180.0,180.0,0.0,180.0,1.0,0.0,-1.0
outer3,3,74,b943,90.0,240.0,60.000003814697266,120.00000762939453,60.000003814697266,0.0,60.0,0.0,0.0,0.0
outer3,3,74,b943,90.0,270.0,0.0,180.0,180.0,0.0,180.0,1.0,0.0,-1.0
outer3,3,74,b943,90.0,300.0,0.0,180.0,180.0,0.0,180.0,1.0,0.0,-1.0
outer3,3,74,b943,90.0,330.0,120.00000762939453,0.0,-120.00000762939453,0.0,-120.0,0.0,1.0,1.0
outer3,3,74,b943,120.0,0.0,0.0,0.0,0.0,0.0,0.0,1.0,1.0,0.0
outer3,3,74,b943,120.0,30.0,0.0,0.0,0.0,0.0,0.0,1.0,1.0,0.0
outer3,3,74,b943,120.0,60.0,25.905075073242188,0.0,-25.905075073242188,0.0,-30.0,0.0,1.0,1.0
outer3,3,74,b943,120.0,90.0,0.0,0.0,0.0,0.0,0.0,1.0,1.0,0.0
outer3,3,74,b943,120.0,120.0,0.0,0.0,0.0,0.0,0.0,1.0,1.0,0.0
outer3,3,74,b943,120.0,150.0,0.0,0.0,0.0,0.0,0.0,1.0,1.0,0.0
outer3,3,74,b943,120.0,180.0,0.0,0.0,0.0,0.0,0.0,1.0,1.0,0.0
outer3,3,74,b943,120.0,210.0,82.81924438476562,0.0,-82.81924438476562,-60.0,-60.0,0.0,1.0,1.0
outer3,3,74,b943,120.0,240.0,0.0,0.0,0.0,0.0,0.0,1.0,1.0,0.0
outer3,3,74,b943,120.0,270.0,0.0,0.0,0.0,0.0,0.0,1.0,1.0,0.0
outer3,3,74,b943,120.0,300.0,0.0,0.0,0.0,0.0,0.0,1.0,1.0,0.0
outer3,3,74,b943,120.0,330.0,0.0,0.0,0.0,0.0,0.0,1.0,1.0,0.0
outer3,3,74,b943,150.0,0.0,0.0,0.0,0.0,0.0,0.0,1.0,1.0,0.0
outer3,3,74,b943,150.0,30.0,0.0,0.0,0.0,0.0,0.0,1.0,1.0,0.0
outer3,3,74,b943,150.0,60.0,0.0,0.0,0.0,0.0,0.0,1.0,1.0,0.0
outer3,3,74,b943,150.0,90.0,0.0,0.0,0.0,0.0,0.0,1.0,1.0,0.0
outer3,3,74,b943,150.0,120.0,0.0,0.0,0.0,0.0,0.0,1.0,1.0,0.0
outer3,3,74,b943,150.0,150.0,0.0,0.0,0.0,0.0,0.0,1.0,1.0,0.0
outer3,3,74,b943,150.0,180.0,0.0,0.0,0.0,0.0,0.0,1.0,1.0,0.0
outer3,3,74,b943,150.0,210.0,0.0,0.0,0.0,0.0,0.0,1.0,1.0,0.0
outer3,3,74,b943,150.0,240.0,0.0,0.0,0.0,0.0,0.0,1.0,1.0,0.0
outer3,3,74,b943,150.0,270.0,0.0,0.0,0.0,0.0,0.0,1.0,1.0,0.0
outer3,3,74,b943,150.0,300.0,0.0,0.0,0.0,0.0,0.0,1.0,1.0,0.0
outer3,3,74,b943,150.0,330.0,0.0,0.0,0.0,0.0,0.0,1.0,1.0,0.0
outer3,3,74,b974,30.0,0.0,0.0,0.0,0.0,0.0,0.0,1.0,1.0,0.0
outer3,3,74,b974,30.0,30.0,0.0,0.0,0.0,0.0,0.0,1.0,1.0,0.0
outer3,3,74,b974,30.0,60.0,0.0,0.0,0.0,0.0,0.0,1.0,1.0,0.0
outer3,3,74,b974,30.0,90.0,0.0,0.0,0.0,0.0,0.0,1.0,1.0,0.0
outer3,3,74,b974,30.0,120.0,0.0,0.0,0.0,0.0,0.0,1.0,1.0,0.0
outer3,3,74,b974,30.0,150.0,0.0,0.0,0.0,0.0,0.0,1.0,1.0,0.0
outer3,3,74,b974,30.0,180.0,0.0,0.0,0.0,0.0,0.0,1.0,1.0,0.0
outer3,3,74,b974,30.0,210.0,0.0,0.0,0.0,0.0,0.0,1.0,1.0,0.0
outer3,3,74,b974,30.0,240.0,0.0,0.0,0.0,0.0,0.0,1.0,1.0,0.0
outer3,3,74,b974,30.0,270.0,0.0,0.0,0.0,0.0,0.0,1.0,1.0,0.0
outer3,3,74,b974,30.0,300.0,0.0,0.0,0.0,0.0,0.0,1.0,1.0,0.0
outer3,3,74,b974,30.0,330.0,0.0,0.0,0.0,0.0,0.0,1.0,1.0,0.0
outer3,3,74,b974,60.0,0.0,0.0,0.0,0.0,0.0,0.0,1.0,1.0,0.0
outer3,3,74,b974,60.0,30.0,0.0,0.0,0.0,0.0,0.0,1.0,1.0,0.0
outer3,3,74,b974,60.0,60.0,0.0,0.0,0.0,0.0,0.0,1.0,1.0,0.0
outer3,3,74,b974,60.0,90.0,0.0,0.0,0.0,0.0,0.0,1.0,1.0,0.0
outer3,3,74,b974,60.0,120.0,0.0,0.0,0.0,0.0,0.0,1.0,1.0,0.0
outer3,3,74,b974,60.0,150.0,0.0,25.905075073242188,25.905075073242188,0.0,30.0,1.0,0.0,-1.0
outer3,3,74,b974,60.0,180.0,0.0,0.0,0.0,0.0,0.0,1.0,1.0,0.0
outer3,3,74,b974,60.0,210.0,0.0,0.0,0.0,0.0,0.0,1.0,1.0,0.0
outer3,3,74,b974,60.0,240.0,0.0,0.0,0.0,0.0,0.0,1.0,1.0,0.0
outer3,3,74,b974,60.0,270.0,0.0,0.0,0.0,0.0,0.0,1.0,1.0,0.0
outer3,3,74,b974,60.0,300.0,0.0,0.0,0.0,0.0,0.0,1.0,1.0,0.0
outer3,3,74,b974,60.0,330.0,0.0,0.0,0.0,0.0,0.0,1.0,1.0,0.0
outer3,3,74,b974,90.0,0.0,180.0,180.0,0.0,0.0,0.0,0.0,0.0,0.0
outer3,3,74,b974,90.0,30.0,180.0,0.0,-180.0,0.0,-180.0,0.0,1.0,1.0
outer3,3,74,b974,90.0,60.0,180.0,0.0,-180.0,0.0,-180.0,0.0,1.0,1.0
outer3,3,74,b974,90.0,90.0,0.0,0.0,0.0,0.0,0.0,1.0,1.0,0.0
outer3,3,74,b974,90.0,120.0,180.0,0.0,-180.0,0.0,-180.0,0.0,1.0,1.0
outer3,3,74,b974,90.0,150.0,180.0,0.0,-180.0,0.0,-180.0,0.0,1.0,1.0
outer3,3,74,b974,90.0,180.0,0.0,0.0,0.0,0.0,0.0,1.0,1.0,0.0
outer3,3,74,b974,90.0,210.0,0.0,180.0,180.0,0.0,180.0,1.0,0.0,-1.0
outer3,3,74,b974,90.0,240.0,0.0,180.0,180.0,0.0,180.0,1.0,0.0,-1.0
outer3,3,74,b974,90.0,270.0,0.0,0.0,0.0,0.0,0.0,1.0,1.0,0.0
outer3,3,74,b974,90.0,300.0,0.0,180.0,180.0,0.0,180.0,1.0,0.0,-1.0
outer3,3,74,b974,90.0,330.0,0.0,180.0,180.0,0.0,180.0,1.0,0.0,-1.0
outer3,3,74,b974,120.0,0.0,0.0,0.0,0.0,0.0,0.0,1.0,1.0,0.0
outer3,3,74,b974,120.0,30.0,0.0,0.0,0.0,0.0,0.0,1.0,1.0,0.0
outer3,3,74,b974,120.0,60.0,0.0,0.0,0.0,0.0,0.0,1.0,1.0,0.0
outer3,3,74,b974,120.0,90.0,0.0,0.0,0.0,0.0,0.0,1.0,1.0,0.0
outer3,3,74,b974,120.0,120.0,0.0,0.0,0.0,0.0,0.0,1.0,1.0,0.0
outer3,3,74,b974,120.0,150.0,0.0,82.81924438476562,82.81924438476562,60.0,60.0,1.0,0.0,-1.0
outer3,3,74,b974,120.0,180.0,0.0,0.0,0.0,0.0,0.0,1.0,1.0,0.0
outer3,3,74,b974,120.0,210.0,0.0,0.0,0.0,0.0,0.0,1.0,1.0,0.0
outer3,3,74,b974,120.0,240.0,0.0,0.0,0.0,0.0,0.0,1.0,1.0,0.0
outer3,3,74,b974,120.0,270.0,0.0,60.000003814697266,60.000003814697266,60.0,0.0,1.0,0.0,-1.0
outer3,3,74,b974,120.0,300.0,0.0,0.0,0.0,0.0,0.0,1.0,1.0,0.0
outer3,3,74,b974,120.0,330.0,0.0,0.0,0.0,0.0,0.0,1.0,1.0,0.0
outer3,3,74,b974,150.0,0.0,0.0,0.0,0.0,0.0,0.0,1.0,1.0,0.0
outer3,3,74,b974,150.0,30.0,0.0,0.0,0.0,0.0,0.0,1.0,1.0,0.0
outer3,3,74,b974,150.0,60.0,0.0,0.0,0.0,0.0,0.0,1.0,1.0,0.0
outer3,3,74,b974,150.0,90.0,0.0,0.0,0.0,0.0,0.0,1.0,1.0,0.0
outer3,3,74,b974,150.0,120.0,0.0,0.0,0.0,0.0,0.0,1.0,1.0,0.0
outer3,3,74,b974,150.0,150.0,0.0,0.0,0.0,0.0,0.0,1.0,1.0,0.0
outer3,3,74,b974,150.0,180.0,0.0,0.0,0.0,0.0,0.0,1.0,1.0,0.0
outer3,3,74,b974,150.0,210.0,0.0,0.0,0.0,0.0,0.0,1.0,1.0,0.0
outer3,3,74,b974,150.0,240.0,0.0,0.0,0.0,0.0,0.0,1.0,1.0,0.0
outer3,3,74,b974,150.0,270.0,0.0,0.0,0.0,0.0,0.0,1.0,1.0,0.0
outer3,3,74,b974,150.0,300.0,0.0,0.0,0.0,0.0,0.0,1.0,1.0,0.0
outer3,3,74,b974,150.0,330.0,0.0,0.0,0.0,0.0,0.0,1.0,1.0,0.0
outer3,3,74,b97b,30.0,0.0,90.0,0.0,-90.0,-30.0,-180.0,0.0,1.0,1.0
outer3,3,74,b97b,30.0,30.0,14.870942115783691,0.0,-14.870942115783691,0.0,-30.0,0.0,1.0,1.0
outer3,3,74,b97b,30.0,60.0,0.0,0.0,0.0,0.0,0.0,1.0,1.0,0.0
outer3,3,74,b97b,30.0,90.0,0.0,0.0,0.0,0.0,0.0,1.0,1.0,0.0
outer3,3,74,b97b,30.0,120.0,0.0,0.0,0.0,0.0,0.0,1.0,1.0,0.0
outer3,3,74,b97b,30.0,150.0,60.000003814697266,0.0,-60.000003814697266,0.0,-180.0,0.0,1.0,1.0
outer3,3,74,b97b,30.0,180.0,30.000001907348633,0.0,-30.000001907348633,-30.0,0.0,0.0,1.0,1.0
outer3,3,74,b97b,30.0,210.0,0.0,0.0,0.0,0.0,0.0,1.0,1.0,0.0
outer3,3,74,b97b,30.0,240.0,0.0,57.7581901550293,57.7581901550293,0.0,150.0,1.0,0.0,-1.0
outer3,3,74,b97b,30.0,270.0,0.0,60.000003814697266,60.000003814697266,0.0,180.0,1.0,0.0,-1.0
outer3,3,74,b97b,30.0,300.0,0.0,0.0,0.0,0.0,0.0,1.0,1.0,0.0
outer3,3,74,b97b,30.0,330.0,0.0,0.0,0.0,0.0,0.0,1.0,1.0,0.0
outer3,3,74,b97b,60.0,0.0,120.00000762939453,150.0,29.99999237060547,90.0,0.0,0.0,0.0,0.0
outer3,3,74,b97b,60.0,30.0,0.0,0.0,0.0,0.0,0.0,1.0,1.0,0.0
outer3,3,74,b97b,60.0,60.0,0.0,0.0,0.0,0.0,0.0,1.0,1.0,0.0
outer3,3,74,b97b,60.0,90.0,0.0,0.0,0.0,0.0,0.0,1.0,1.0,0.0
outer3,3,74,b97b,60.0,120.0,0.0,0.0,0.0,0.0,0.0,1.0,1.0,0.0
outer3,3,74,b97b,60.0,150.0,0.0,66.45188903808594,66.45188903808594,60.0,30.0,1.0,0.0,-1.0
outer3,3,74,b97b,60.0,180.0,0.0,30.000001907348633,30.000001907348633,30.0,0.0,1.0,0.0,-1.0
outer3,3,74,b97b,60.0,210.0,0.0,0.0,0.0,0.0,0.0,1.0,1.0,0.0
outer3,3,74,b97b,60.0,240.0,97.1807632446289,128.6822052001953,31.501441955566406,60.0,0.0,0.0,0.0,0.0
outer3,3,74,b97b,60.0,270.0,113.5481185913086,0.0,-113.5481185913086,0.0,-150.0,0.0,1.0,1.0
outer3,3,74,b97b,60.0,300.0,120.00000762939453,0.0,-120.00000762939453,0.0,-180.0,0.0,1.0,1.0
outer3,3,74,b97b,60.0,330.0,0.0,0.0,0.0,0.0,0.0,1.0,1.0,0.0
outer3,3,74,b97b,90.0,0.0,180.0,0.0,-180.0,0.0,-180.0,0.0,1.0,1.0
outer3,3,74,b97b,90.0,30.0,0.0,0.0,0.0,0.0,0.0,1.0,1.0,0.0
outer3,3,74,b97b,90.0,60.0,0.0,0.0,0.0,0.0,0.0,1.0,1.0,0.0
outer3,3,74,b97b,90.0,90.0,0.0,0.0,0.0,0.0,0.0,1.0,1.0,0.0
outer3,3,74,b97b,90.0,120.0,60.000003814697266,0.0,-60.000003814697266,0.0,-60.0,0.0,1.0,1.0
outer3,3,74,b97b,90.0,150.0,60.000003814697266,0.0,-60.000003814697266,0.0,-60.0,0.0,1.0,1.0
outer3,3,74,b97b,90.0,180.0,0.0,180.0,180.0,0.0,180.0,1.0,0.0,-1.0
outer3,3,74,b97b,90.0,210.0,180.0,180.0,0.0,0.0,0.0,0.0,0.0,0.0
outer3,3,74,b97b,90.0,240.0,180.0,0.0,-180.0,0.0,-180.0,0.0,1.0,1.0
outer3,3,74,b97b,90.0,270.0,180.0,180.0,0.0,0.0,0.0,0.0,0.0,0.0
outer3,3,74,b97b,90.0,300.0,119.99999237060547,180.0,60.00000762939453,0.0,60.0,0.0,0.0,0.0
outer3,3,74,b97b,90.0,330.0,120.00000762939453,180.0,59.99999237060547,0.0,60.0,0.0,0.0,0.0
outer3,3,74,b97b,120.0,0.0,0.0,150.0,150.0,90.0,180.0,1.0,0.0,-1.0
outer3,3,74,b97b,120.0,30.0,120.00000762939453,0.0,-120.00000762939453,0.0,-180.0,0.0,1.0,1.0
outer3,3,74,b97b,120.0,60.0,25.905075073242188,0.0,-25.905075073242188,0.0,-30.0,0.0,1.0,1.0
outer3,3,74,b97b,120.0,90.0,25.905075073242188,0.0,-25.905075073242188,0.0,-30.0,0.0,1.0,1.0
outer3,3,74,b97b,120.0,120.0,0.0,0.0,0.0,0.0,0.0,1.0,1.0,0.0
outer3,3,74,b97b,120.0,150.0,0.0,82.81924438476562,82.81924438476562,60.0,60.0,1.0,0.0,-1.0
outer3,3,74,b97b,120.0,180.0,120.00000762939453,29.99998664855957,-90.00002098083496,30.0,-180.0,0.0,0.0,0.0
outer3,3,74,b97b,120.0,210.0,82.81924438476562,93.32575225830078,10.506507873535156,30.0,-30.0,0.0,0.0,0.0
outer3,3,74,b97b,120.0,240.0,0.0,0.0,0.0,0.0,0.0,1.0,1.0,0.0
outer3,3,74,b97b,120.0,270.0,120.00000762939453,180.0,59.99999237060547,60.0,0.0,0.0,0.0,0.0
outer3,3,74,b97b,120.0,300.0,0.0,0.0,0.0,0.0,0.0,1.0,1.0,0.0
outer3,3,74,b97b,120.0,330.0,0.0,0.0,0.0,0.0,0.0,1.0,1.0,0.0
outer3,3,74,b97b,150.0,0.0,29.99998664855957,0.0,-29.99998664855957,-30.0,0.0,0.0,1.0,1.0
outer3,3,74,b97b,150.0,30.0,0.0,0.0,0.0,0.0,0.0,1.0,1.0,0.0
outer3,3,74,b97b,150.0,60.0,0.0,0.0,0.0,0.0,0.0,1.0,1.0,0.0
outer3,3,74,b97b,150.0,90.0,0.0,0.0,0.0,0.0,0.0,1.0,1.0,0.0
outer3,3,74,b97b,150.0,120.0,0.0,0.0,0.0,0.0,0.0,1.0,1.0,0.0
outer3,3,74,b97b,150.0,150.0,0.0,122.24180603027344,122.24180603027344,120.0,30.0,1.0,0.0,-1.0
outer3,3,74,b97b,150.0,180.0,29.99998664855957,0.0,-29.99998664855957,-30.0,0.0,0.0,1.0,1.0
outer3,3,74,b97b,150.0,210.0,0.0,0.0,0.0,0.0,0.0,1.0,1.0,0.0
outer3,3,74,b97b,150.0,240.0,0.0,0.0,0.0,0.0,0.0,1.0,1.0,0.0
outer3,3,74,b97b,150.0,270.0,0.0,180.0,180.0,120.0,180.0,1.0,0.0,-1.0
outer3,3,74,b97b,150.0,300.0,0.0,0.0,0.0,0.0,0.0,1.0,1.0,0.0
outer3,3,74,b97b,150.0,330.0,0.0,0.0,0.0,0.0,0.0,1.0,1.0,0.0
outer3,3,74,bc2c,30.0,0.0,30.000001907348633,90.0,59.99999809265137,0.0,180.0,0.0,0.0,0.0
outer3,3,74,bc2c,30.0,30.0,138.59039306640625,102.50392150878906,-36.08647155761719,-30.0,-30.0,0.0,0.0,0.0
outer3,3,74,bc2c,30.0,60.0,60.000003814697266,60.000003814697266,0.0,0.0,0.0,0.0,0.0,0.0
outer3,3,74,bc2c,30.0,90.0,14.870942115783691,122.24180603027344,107.37086391448975,120.0,0.0,0.0,0.0,0.0
outer3,3,74,bc2c,30.0,120.0,90.0,64.34110260009766,-25.658897399902344,0.0,-90.0,0.0,0.0,0.0
outer3,3,74,bc2c,30.0,150.0,49.494651794433594,180.0,130.5053482055664,90.0,120.0,0.0,0.0,0.0
outer3,3,74,bc2c,30.0,180.0,60.000003814697266,60.000003814697266,0.0,-60.0,180.0,0.0,0.0,0.0
outer3,3,74,bc2c,30.0,210.0,60.000003814697266,57.7581901550293,-2.2418136596679688,0.0,-30.0,0.0,0.0,0.0
outer3,3,74,bc2c,30.0,240.0,0.0,0.0,0.0,0.0,0.0,1.0,1.0,0.0
outer3,3,74,bc2c,30.0,270.0,165.12905883789062,0.0,-165.12905883789062,-120.0,-150.0,0.0,1.0,1.0
outer3,3,74,bc2c,30.0,300.0,30.000001907348633,64.34110260009766,34.34110069274902,30.0,30.0,0.0,0.0,0.0
outer3,3,74,bc2c,30.0,330.0,93.32575988769531,60.000003814697266,-33.32575607299805,-90.0,150.0,0.0,0.0,0.0
outer3,3,74,bc2c,60.0,0.0,0.0,90.0,90.0,30.0,180.0,1.0,0.0,-1.0
outer3,3,74,bc2c,60.0,30.0,82.81924438476562,0.0,-82.81924438476562,-60.0,-60.0,0.0,1.0,1.0
outer3,3,74,bc2c,60.0,60.0,0.0,0.0,0.0,0.0,0.0,1.0,1.0,0.0
outer3,3,74,bc2c,60.0,90.0,113.5481185913086,120.00000762939453,6.4518890380859375,0.0,30.0,0.0,0.0,0.0
outer3,3,74,bc2c,60.0,120.0,120.00000762939453,25.905075073242188,-94.09493255615234,0.0,-150.0,0.0,0.0,0.0
outer3,3,74,bc2c,60.0,150.0,51.31781005859375,60.000003814697266,8.682193756103516,60.0,-60.0,0.0,0.0,0.0
outer3,3,74,bc2c,60.0,180.0,29.999998092651367,36.097782135009766,6.097784042358398,0.0,30.0,0.0,0.0,0.0
outer3,3,74,bc2c,60.0,210.0,60.000003814697266,60.000003814697266,0.0,0.0,0.0,0.0,0.0,0.0
outer3,3,74,bc2c,60.0,240.0,128.6822052001953,60.000003814697266,-68.68220138549805,0.0,-120.0,0.0,0.0,0.0
outer3,3,74,bc2c,60.0,270.0,113.5481185913086,86.67425537109375,-26.873863220214844,30.0,0.0,0.0,0.0,0.0
outer3,3,74,bc2c,60.0,300.0,104.47750854492188,128.68218994140625,24.204681396484375,0.0,30.0,0.0,0.0,0.0
outer3,3,74,bc2c,60.0,330.0,180.0,120.00000762939453,-59.99999237060547,-60.0,0.0,0.0,0.0,0.0
outer3,3,74,bc2c,90.0,0.0,180.0,180.0,0.0,0.0,0.0,0.0,0.0,0.0
outer3,3,74,bc2c,90.0,30.0,0.0,150.0,150.0,0.0,150.0,1.0,0.0,-1.0
outer3,3,74,bc2c,90.0,60.0,0.0,180.0,180.0,0.0,180.0,1.0,0.0,-1.0
outer3,3,74,bc2c,90.0,90.0,0.0,0.0,0.0,0.0,0.0,1.0,1.0,0.0
outer3,3,74,bc2c,90.0,120.0,120.00000762939453,150.0,29.99999237060547,0.0,30.0,0.0,0.0,0.0
outer3,3,74,bc2c,90.0,150.0,30.000001907348633,30.000001907348633,0.0,0.0,0.0,0.0,0.0,0.0
outer3,3,74,bc2c,90.0,180.0,0.0,0.0,0.0,0.0,0.0,1.0,1.0,0.0
outer3,3,74,bc2c,90.0,210.0,180.0,0.0,-180.0,0.0,-180.0,0.0,1.0,1.0
outer3,3,74,bc2c,90.0,240.0,0.0,150.0,150.0,0.0,150.0,1.0,0.0,-1.0
outer3,3,74,bc2c,90.0,270.0,180.0,180.0,0.0,0.0,0.0,0.0,0.0,0.0
outer3,3,74,bc2c,90.0,300.0,60.000003814697266,30.000001907348633,-30.000001907348633,0.0,-30.0,0.0,0.0,0.0
outer3,3,74,bc2c,90.0,330.0,150.0,120.00000762939453,-29.99999237060547,0.0,-30.0,0.0,0.0,0.0
outer3,3,74,bc2c,120.0,0.0,0.0,90.0,90.0,30.0,180.0,1.0,0.0,-1.0
outer3,3,74,bc2c,120.0,30.0,0.0,82.81924438476562,82.81924438476562,60.0,60.0,1.0,0.0,-1.0
outer3,3,74,bc2c,120.0,60.0,25.905075073242188,0.0,-25.905075073242188,0.0,-30.0,0.0,1.0,1.0
outer3,3,74,bc2c,120.0,90.0,90.0,113.54811096191406,23.548110961914062,-30.0,-30.0,0.0,0.0,0.0
outer3,3,74,bc2c,120.0,120.0,90.0,97.18075561523438,7.180755615234375,-30.0,30.0,0.0,0.0,0.0
outer3,3,74,bc2c,120.0,150.0,0.0,60.000003814697266,60.000003814697266,60.0,0.0,1.0,0.0,-1.0
outer3,3,74,bc2c,120.0,180.0,0.0,90.0,90.0,90.0,0.0,1.0,0.0,-1.0
outer3,3,74,bc2c,120.0,210.0,97.18075561523438,82.81924438476562,-14.36151123046875,60.0,-60.0,0.0,0.0,0.0
outer3,3,74,bc2c,120.0,240.0,97.18075561523438,60.000003814697266,-37.18075180053711,60.0,-120.0,0.0,0.0,0.0
outer3,3,74,bc2c,120.0,270.0,150.0,180.0,30.0,-30.0,0.0,0.0,0.0,0.0
outer3,3,74,bc2c,120.0,300.0,128.68218994140625,128.68218994140625,0.0,0.0,0.0,0.0,0.0,0.0
outer3,3,74,bc2c,120.0,330.0,120.00000762939453,120.00000762939453,0.0,0.0,0.0,0.0,0.0,0.0
outer3,3,74,bc2c,150.0,0.0,29.99998664855957,0.0,-29.99998664855957,-30.0,0.0,0.0,1.0,1.0
outer3,3,74,bc2c,150.0,30.0,122.24180603027344,165.12905883789062,42.88725280761719,0.0,120.0,0.0,0.0,0.0
outer3,3,74,bc2c,150.0,60.0,57.7581901550293,60.000003814697266,2.2418136596679688,0.0,30.0,0.0,0.0,0.0
outer3,3,74,bc2c,150.0,90.0,57.7581901550293,165.12905883789062,107.37086868286133,120.0,0.0,0.0,0.0,0.0
outer3,3,74,bc2c,150.0,120.0,90.0,41.40962219238281,-48.59037780761719,-60.0,0.0,0.0,0.0,0.0
outer3,3,74,bc2c,150.0,150.0,36.09777069091797,29.99998664855957,-6.097784042358398,0.0,-30.0,0.0,0.0,0.0
outer3,3,74,bc2c,150.0,180.0,29.99998664855957,0.0,-29.99998664855957,-30.0,0.0,0.0,1.0,1.0
outer3,3,74,bc2c,150.0,210.0,57.7581901550293,60.000003814697266,2.2418136596679688,0.0,30.0,0.0,0.0,0.0
outer3,3,74,bc2c,150.0,240.0,120.00000762939453,0.0,-120.00000762939453,-120.0,0.0,0.0,1.0,1.0
outer3,3,74,bc2c,150.0,270.0,180.0,122.24180603027344,-57.75819396972656,0.0,-150.0,0.0,0.0,0.0
outer3,3,74,bc2c,150.0,300.0,104.47750854492188,29.99998664855957,-74.4775218963623,-30.0,-120.0,0.0,0.0,0.0
outer3,3,74,bc2c,150.0,330.0,29.99998664855957,29.99998664855957,0.0,0.0,0.0,0.0,0.0,0.0
outer3,3,75,b812,30.0,0.0,0.0,0.0,0.0,0.0,0.0,1.0,1.0,0.0
outer3,3,75,b812,30.0,30.0,0.0,0.0,0.0,0.0,0.0,1.0,1.0,0.0
outer3,3,75,b812,30.0,60.0,0.0,0.0,0.0,0.0,0.0,1.0,1.0,0.0
outer3,3,75,b812,30.0,90.0,0.0,0.0,0.0,0.0,0.0,1.0,1.0,0.0
outer3,3,75,b812,30.0,120.0,0.0,0.0,0.0,0.0,0.0,1.0,1.0,0.0
outer3,3,75,b812,30.0,150.0,0.0,0.0,0.0,0.0,0.0,1.0,1.0,0.0
outer3,3,75,b812,30.0,180.0,0.0,0.0,0.0,0.0,0.0,1.0,1.0,0.0
outer3,3,75,b812,30.0,210.0,0.0,0.0,0.0,0.0,0.0,1.0,1.0,0.0
outer3,3,75,b812,30.0,240.0,0.0,0.0,0.0,0.0,0.0,1.0,1.0,0.0
outer3,3,75,b812,30.0,270.0,0.0,0.0,0.0,0.0,0.0,1.0,1.0,0.0
outer3,3,75,b812,30.0,300.0,0.0,0.0,0.0,0.0,0.0,1.0,1.0,0.0
outer3,3,75,b812,30.0,330.0,0.0,0.0,0.0,0.0,0.0,1.0,1.0,0.0
outer3,3,75,b812,60.0,0.0,0.0,0.0,0.0,0.0,0.0,1.0,1.0,0.0
outer3,3,75,b812,60.0,30.0,0.0,120.00000762939453,120.00000762939453,0.0,180.0,1.0,0.0,-1.0
outer3,3,75,b812,60.0,60.0,0.0,0.0,0.0,0.0,0.0,1.0,1.0,0.0
outer3,3,75,b812,60.0,90.0,0.0,0.0,0.0,0.0,0.0,1.0,1.0,0.0
outer3,3,75,b812,60.0,120.0,0.0,0.0,0.0,0.0,0.0,1.0,1.0,0.0
outer3,3,75,b812,60.0,150.0,0.0,0.0,0.0,0.0,0.0,1.0,1.0,0.0
outer3,3,75,b812,60.0,180.0,0.0,0.0,0.0,0.0,0.0,1.0,1.0,0.0
outer3,3,75,b812,60.0,210.0,0.0,82.81924438476562,82.81924438476562,60.0,60.0,1.0,0.0,-1.0
outer3,3,75,b812,60.0,240.0,0.0,0.0,0.0,0.0,0.0,1.0,1.0,0.0
outer3,3,75,b812,60.0,270.0,0.0,0.0,0.0,0.0,0.0,1.0,1.0,0.0
outer3,3,75,b812,60.0,300.0,0.0,0.0,0.0,0.0,0.0,1.0,1.0,0.0
outer3,3,75,b812,60.0,330.0,0.0,0.0,0.0,0.0,0.0,1.0,1.0,0.0
outer3,3,75,b812,90.0,0.0,0.0,180.0,180.0,0.0,180.0,1.0,0.0,-1.0
outer3,3,75,b812,90.0,30.0,120.00000762939453,180.0,59.99999237060547,0.0,60.0,0.0,0.0,0.0
outer3,3,75,b812,90.0,60.0,0.0,0.0,0.0,0.0,0.0,1.0,1.0,0.0
outer3,3,75,b812,90.0,90.0,0.0,180.0,180.0,0.0,180.0,1.0,0.0,-1.0
outer3,3,75,b812,90.0,120.0,180.0,180.0,0.0,0.0,0.0,0.0,0.0,0.0
outer3,3,75,b812,90.0,150.0,180.0,0.0,-180.0,0.0,-180.0,0.0,1.0,1.0
outer3,3,75,b812,90.0,180.0,180.0,0.0,-180.0,0.0,-180.0,0.0,1.0,1.0
outer3,3,75,b812,90.0,210.0,0.0,0.0,0.0,0.0,0.0,1.0,1.0,0.0
outer3,3,75,b812,90.0,240.0,0.0,180.0,180.0,0.0,180.0,1.0,0.0,-1.0
outer3,3,75,b812,90.0,270.0,0.0,0.0,0.0,0.0,0.0,1.0,1.0,0.0
outer3,3,75,b812,90.0,300.0,0.0,0.0,0.0,0.0,0.0,1.0,1.0,0.0
outer3,3,75,b812,90.0,330.0,0.0,180.0,180.0,0.0,180.0,1.0,0.0,-1.0
outer3,3,75,b812,120.0,0.0,0.0,0.0,0.0,0.0,0.0,1.0,1.0,0.0
outer3,3,75,b812,120.0,30.0,0.0,0.0,0.0,0.0,0.0,1.0,1.0,0.0
outer3,3,75,b812,120.0,60.0,0.0,0.0,0.0,0.0,0.0,1.0,1.0,0.0
outer3,3,75,b812,120.0,90.0,0.0,0.0,0.0,0.0,0.0,1.0,1.0,0.0
outer3,3,75,b812,120.0,120.0,0.0,0.0,0.0,0.0,0.0,1.0,1.0,0.0
outer3,3,75,b812,120.0,150.0,0.0,0.0,0.0,0.0,0.0,1.0,1.0,0.0
outer3,3,75,b812,120.0,180.0,0.0,0.0,0.0,0.0,0.0,1.0,1.0,0.0
outer3,3,75,b812,120.0,210.0,0.0,51.31781005859375,51.31781005859375,0.0,60.0,1.0,0.0,-1.0
outer3,3,75,b812,120.0,240.0,0.0,0.0,0.0,0.0,0.0,1.0,1.0,0.0
outer3,3,75,b812,120.0,270.0,0.0,0.0,0.0,0.0,0.0,1.0,1.0,0.0
outer3,3,75,b812,120.0,300.0,0.0,0.0,0.0,0.0,0.0,1.0,1.0,0.0
outer3,3,75,b812,120.0,330.0,0.0,0.0,0.0,0.0,0.0,1.0,1.0,0.0
outer3,3,75,b812,150.0,0.0,0.0,0.0,0.0,0.0,0.0,1.0,1.0,0.0
outer3,3,75,b812,150.0,30.0,0.0,0.0,0.0,0.0,0.0,1.0,1.0,0.0
outer3,3,75,b812,150.0,60.0,0.0,0.0,0.0,0.0,0.0,1.0,1.0,0.0
outer3,3,75,b812,150.0,90.0,0.0,0.0,0.0,0.0,0.0,1.0,1.0,0.0
outer3,3,75,b812,150.0,120.0,0.0,0.0,0.0,0.0,0.0,1.0,1.0,0.0
outer3,3,75,b812,150.0,150.0,0.0,0.0,0.0,0.0,0.0,1.0,1.0,0.0
outer3,3,75,b812,150.0,180.0,0.0,0.0,0.0,0.0,0.0,1.0,1.0,0.0
outer3,3,75,b812,150.0,210.0,0.0,0.0,0.0,0.0,0.0,1.0,1.0,0.0
outer3,3,75,b812,150.0,240.0,0.0,0.0,0.0,0.0,0.0,1.0,1.0,0.0
outer3,3,75,b812,150.0,270.0,0.0,0.0,0.0,0.0,0.0,1.0,1.0,0.0
outer3,3,75,b812,150.0,300.0,0.0,0.0,0.0,0.0,0.0,1.0,1.0,0.0
outer3,3,75,b812,150.0,330.0,0.0,0.0,0.0,0.0,0.0,1.0,1.0,0.0
outer3,3,75,b943,30.0,0.0,0.0,0.0,0.0,0.0,0.0,1.0,1.0,0.0
outer3,3,75,b943,30.0,30.0,0.0,14.870942115783691,14.870942115783691,0.0,30.0,1.0,0.0,-1.0
outer3,3,75,b943,30.0,60.0,0.0,0.0,0.0,0.0,0.0,1.0,1.0,0.0
outer3,3,75,b943,30.0,90.0,0.0,0.0,0.0,0.0,0.0,1.0,1.0,0.0
outer3,3,75,b943,30.0,120.0,0.0,0.0,0.0,0.0,0.0,1.0,1.0,0.0
outer3,3,75,b943,30.0,150.0,0.0,0.0,0.0,0.0,0.0,1.0,1.0,0.0
outer3,3,75,b943,30.0,180.0,0.0,0.0,0.0,0.0,0.0,1.0,1.0,0.0
outer3,3,75,b943,30.0,210.0,0.0,0.0,0.0,0.0,0.0,1.0,1.0,0.0
outer3,3,75,b943,30.0,240.0,0.0,0.0,0.0,0.0,0.0,1.0,1.0,0.0
outer3,3,75,b943,30.0,270.0,0.0,0.0,0.0,0.0,0.0,1.0,1.0,0.0
outer3,3,75,b943,30.0,300.0,0.0,0.0,0.0,0.0,0.0,1.0,1.0,0.0
outer3,3,75,b943,30.0,330.0,0.0,0.0,0.0,0.0,0.0,1.0,1.0,0.0
outer3,3,75,b943,60.0,0.0,0.0,0.0,0.0,0.0,0.0,1.0,1.0,0.0
outer3,3,75,b943,60.0,30.0,0.0,0.0,0.0,0.0,0.0,1.0,1.0,0.0
outer3,3,75,b943,60.0,60.0,0.0,0.0,0.0,0.0,0.0,1.0,1.0,0.0
outer3,3,75,b943,60.0,90.0,0.0,25.905075073242188,25.905075073242188,0.0,30.0,1.0,0.0,-1.0
outer3,3,75,b943,60.0,120.0,0.0,0.0,0.0,0.0,0.0,1.0,1.0,0.0
outer3,3,75,b943,60.0,150.0,0.0,0.0,0.0,0.0,0.0,1.0,1.0,0.0
outer3,3,75,b943,60.0,180.0,0.0,30.000001907348633,30.000001907348633,30.0,0.0,1.0,0.0,-1.0
outer3,3,75,b943,60.0,210.0,0.0,0.0,0.0,0.0,0.0,1.0,1.0,0.0
outer3,3,75,b943,60.0,240.0,51.31781005859375,97.1807632446289,45.862953186035156,0.0,60.0,0.0,0.0,0.0
outer3,3,75,b943,60.0,270.0,0.0,0.0,0.0,0.0,0.0,1.0,1.0,0.0
outer3,3,75,b943,60.0,300.0,0.0,0.0,0.0,0.0,0.0,1.0,1.0,0.0
outer3,3,75,b943,60.0,330.0,0.0,0.0,0.0,0.0,0.0,1.0,1.0,0.0
outer3,3,75,b943,90.0,0.0,0.0,180.0,180.0,0.0,180.0,1.0,0.0,-1.0
outer3,3,75,b943,90.0,30.0,0.0,0.0,0.0,0.0,0.0,1.0,1.0,0.0
outer3,3,75,b943,90.0,60.0,60.000003814697266,60.000003814697266,0.0,0.0,0.0,0.0,0.0,0.0
outer3,3,75,b943,90.0,90.0,0.0,0.0,0.0,0.0,0.0,1.0,1.0,0.0
outer3,3,75,b943,90.0,120.0,180.0,0.0,-180.0,0.0,-180.0,0.0,1.0,1.0
outer3,3,75,b943,90.0,150.0,60.000003814697266,0.0,-60.000003814697266,0.0,-60.0,0.0,1.0,1.0
outer3,3,75,b943,90.0,180.0,0.0,0.0,0.0,0.0,0.0,1.0,1.0,0.0
outer3,3,75,b943,90.0,210.0,0.0,0.0,0.0,0.0,0.0,1.0,1.0,0.0
outer3,3,75,b943,90.0,240.0,60.000003814697266,60.000003814697266,0.0,0.0,0.0,0.0,0.0,0.0
outer3,3,75,b943,90.0,270.0,180.0,180.0,0.0,0.0,0.0,0.0,0.0,0.0
outer3,3,75,b943,90.0,300.0,0.0,180.0,180.0,0.0,180.0,1.0,0.0,-1.0
outer3,3,75,b943,90.0,330.0,60.00000762939453,180.0,119.99999237060547,0.0,120.0,0.0,0.0,0.0
outer3,3,75,b943,120.0,0.0,0.0,0.0,0.0,0.0,0.0,1.0,1.0,0.0
outer3,3,75,b943,120.0,30.0,0.0,0.0,0.0,0.0,0.0,1.0,1.0,0.0
outer3,3,75,b943,120.0,60.0,0.0,0.0,0.0,0.0,0.0,1.0,1.0,0.0
outer3,3,75,b943,120.0,90.0,0.0,0.0,0.0,0.0,0.0,1.0,1.0,0.0
outer3,3,75,b943,120.0,120.0,0.0,0.0,0.0,0.0,0.0,1.0,1.0,0.0
outer3,3,75,b943,120.0,150.0,0.0,0.0,0.0,0.0,0.0,1.0,1.0,0.0
outer3,3,75,b943,120.0,180.0,0.0,0.0,0.0,0.0,0.0,1.0,1.0,0.0
outer3,3,75,b943,120.0,210.0,66.45188903808594,0.0,-66.45188903808594,-60.0,-30.0,0.0,1.0,1.0
outer3,3,75,b943,120.0,240.0,0.0,0.0,0.0,0.0,0.0,1.0,1.0,0.0
outer3,3,75,b943,120.0,270.0,0.0,0.0,0.0,0.0,0.0,1.0,1.0,0.0
outer3,3,75,b943,120.0,300.0,0.0,0.0,0.0,0.0,0.0,1.0,1.0,0.0
outer3,3,75,b943,120.0,330.0,0.0,0.0,0.0,0.0,0.0,1.0,1.0,0.0
outer3,3,75,b943,150.0,0.0,0.0,0.0,0.0,0.0,0.0,1.0,1.0,0.0
outer3,3,75,b943,150.0,30.0,0.0,0.0,0.0,0.0,0.0,1.0,1.0,0.0
outer3,3,75,b943,150.0,60.0,0.0,0.0,0.0,0.0,0.0,1.0,1.0,0.0
outer3,3,75,b943,150.0,90.0,0.0,0.0,0.0,0.0,0.0,1.0,1.0,0.0
outer3,3,75,b943,150.0,120.0,0.0,0.0,0.0,0.0,0.0,1.0,1.0,0.0
outer3,3,75,b943,150.0,150.0,0.0,0.0,0.0,0.0,0.0,1.0,1.0,0.0
outer3,3,75,b943,150.0,180.0,0.0,0.0,0.0,0.0,0.0,1.0,1.0,0.0
outer3,3,75,b943,150.0,210.0,0.0,0.0,0.0,0.0,0.0,1.0,1.0,0.0
outer3,3,75,b943,150.0,240.0,0.0,0.0,0.0,0.0,0.0,1.0,1.0,0.0
outer3,3,75,b943,150.0,270.0,0.0,0.0,0.0,0.0,0.0,1.0,1.0,0.0
outer3,3,75,b943,150.0,300.0,0.0,0.0,0.0,0.0,0.0,1.0,1.0,0.0
outer3,3,75,b943,150.0,330.0,0.0,0.0,0.0,0.0,0.0,1.0,1.0,0.0
outer3,3,75,b974,30.0,0.0,0.0,0.0,0.0,0.0,0.0,1.0,1.0,0.0
outer3,3,75,b974,30.0,30.0,0.0,0.0,0.0,0.0,0.0,1.0,1.0,0.0
outer3,3,75,b974,30.0,60.0,0.0,0.0,0.0,0.0,0.0,1.0,1.0,0.0
outer3,3,75,b974,30.0,90.0,0.0,0.0,0.0,0.0,0.0,1.0,1.0,0.0
outer3,3,75,b974,30.0,120.0,0.0,0.0,0.0,0.0,0.0,1.0,1.0,0.0
outer3,3,75,b974,30.0,150.0,0.0,0.0,0.0,0.0,0.0,1.0,1.0,0.0
outer3,3,75,b974,30.0,180.0,0.0,0.0,0.0,0.0,0.0,1.0,1.0,0.0
outer3,3,75,b974,30.0,210.0,0.0,0.0,0.0,0.0,0.0,1.0,1.0,0.0
outer3,3,75,b974,30.0,240.0,0.0,0.0,0.0,0.0,0.0,1.0,1.0,0.0
outer3,3,75,b974,30.0,270.0,0.0,0.0,0.0,0.0,0.0,1.0,1.0,0.0
outer3,3,75,b974,30.0,300.0,0.0,0.0,0.0,0.0,0.0,1.0,1.0,0.0
outer3,3,75,b974,30.0,330.0,0.0,0.0,0.0,0.0,0.0,1.0,1.0,0.0
outer3,3,75,b974,60.0,0.0,0.0,0.0,0.0,0.0,0.0,1.0,1.0,0.0
outer3,3,75,b974,60.0,30.0,0.0,25.905075073242188,25.905075073242188,0.0,30.0,1.0,0.0,-1.0
outer3,3,75,b974,60.0,60.0,0.0,0.0,0.0,0.0,0.0,1.0,1.0,0.0
outer3,3,75,b974,60.0,90.0,0.0,0.0,0.0,0.0,0.0,1.0,1.0,0.0
outer3,3,75,b974,60.0,120.0,0.0,0.0,0.0,0.0,0.0,1.0,1.0,0.0
outer3,3,75,b974,60.0,150.0,0.0,82.81924438476562,82.81924438476562,60.0,60.0,1.0,0.0,-1.0
outer3,3,75,b974,60.0,180.0,0.0,0.0,0.0,0.0,0.0,1.0,1.0,0.0
outer3,3,75,b974,60.0,210.0,0.0,0.0,0.0,0.0,0.0,1.0,1.0,0.0
outer3,3,75,b974,60.0,240.0,0.0,0.0,0.0,0.0,0.0,1.0,1.0,0.0
outer3,3,75,b974,60.0,270.0,0.0,0.0,0.0,0.0,0.0,1.0,1.0,0.0
outer3,3,75,b974,60.0,300.0,0.0,0.0,0.0,0.0,0.0,1.0,1.0,0.0
outer3,3,75,b974,60.0,330.0,0.0,0.0,0.0,0.0,0.0,1.0,1.0,0.0
outer3,3,75,b974,90.0,0.0,180.0,0.0,-180.0,0.0,-180.0,0.0,1.0,1.0
outer3,3,75,b974,90.0,30.0,0.0,180.0,180.0,0.0,180.0,1.0,0.0,-1.0
outer3,3,75,b974,90.0,60.0,180.0,0.0,-180.0,0.0,-180.0,0.0,1.0,1.0
outer3,3,75,b974,90.0,90.0,180.0,180.0,0.0,0.0,0.0,0.0,0.0,0.0
outer3,3,75,b974,90.0,120.0,0.0,180.0,180.0,0.0,180.0,1.0,0.0,-1.0
outer3,3,75,b974,90.0,150.0,0.0,0.0,0.0,0.0,0.0,1.0,1.0,0.0
outer3,3,75,b974,90.0,180.0,0.0,180.0,180.0,0.0,180.0,1.0,0.0,-1.0
outer3,3,75,b974,90.0,210.0,0.0,0.0,0.0,0.0,0.0,1.0,1.0,0.0
outer3,3,75,b974,90.0,240.0,0.0,0.0,0.0,0.0,0.0,1.0,1.0,0.0
outer3,3,75,b974,90.0,270.0,0.0,0.0,0.0,0.0,0.0,1.0,1.0,0.0
outer3,3,75,b974,90.0,300.0,0.0,0.0,0.0,0.0,0.0,1.0,1.0,0.0
outer3,3,75,b974,90.0,330.0,180.0,180.0,0.0,0.0,0.0,0.0,0.0,0.0
outer3,3,75,b974,120.0,0.0,0.0,0.0,0.0,0.0,0.0,1.0,1.0,0.0
outer3,3,75,b974,120.0,30.0,0.0,0.0,0.0,0.0,0.0,1.0,1.0,0.0
outer3,3,75,b974,120.0,60.0,0.0,0.0,0.0,0.0,0.0,1.0,1.0,0.0
outer3,3,75,b974,120.0,90.0,0.0,0.0,0.0,0.0,0.0,1.0,1.0,0.0
outer3,3,75,b974,120.0,120.0,0.0,0.0,0.0,0.0,0.0,1.0,1.0,0.0
outer3,3,75,b974,120.0,150.0,0.0,0.0,0.0,0.0,0.0,1.0,1.0,0.0
outer3,3,75,b974,120.0,180.0,0.0,0.0,0.0,0.0,0.0,1.0,1.0,0.0
outer3,3,75,b974,120.0,210.0,0.0,0.0,0.0,0.0,0.0,1.0,1.0,0.0
outer3,3,75,b974,120.0,240.0,0.0,0.0,0.0,0.0,0.0,1.0,1.0,0.0
outer3,3,75,b974,120.0,270.0,0.0,0.0,0.0,0.0,0.0,1.0,1.0,0.0
outer3,3,75,b974,120.0,300.0,0.0,0.0,0.0,0.0,0.0,1.0,1.0,0.0
outer3,3,75,b974,120.0,330.0,0.0,0.0,0.0,0.0,0.0,1.0,1.0,0.0
outer3,3,75,b974,150.0,0.0,0.0,0.0,0.0,0.0,0.0,1.0,1.0,0.0
outer3,3,75,b974,150.0,30.0,0.0,0.0,0.0,0.0,0.0,1.0,1.0,0.0
outer3,3,75,b974,150.0,60.0,0.0,0.0,0.0,0.0,0.0,1.0,1.0,0.0
outer3,3,75,b974,150.0,90.0,0.0,0.0,0.0,0.0,0.0,1.0,1.0,0.0
outer3,3,75,b974,150.0,120.0,0.0,0.0,0.0,0.0,0.0,1.0,1.0,0.0
outer3,3,75,b974,150.0,150.0,0.0,0.0,0.0,0.0,0.0,1.0,1.0,0.0
outer3,3,75,b974,150.0,180.0,0.0,0.0,0.0,0.0,0.0,1.0,1.0,0.0
outer3,3,75,b974,150.0,210.0,0.0,0.0,0.0,0.0,0.0,1.0,1.0,0.0
outer3,3,75,b974,150.0,240.0,0.0,0.0,0.0,0.0,0.0,1.0,1.0,0.0
outer3,3,75,b974,150.0,270.0,0.0,0.0,0.0,0.0,0.0,1.0,1.0,0.0
outer3,3,75,b974,150.0,300.0,0.0,0.0,0.0,0.0,0.0,1.0,1.0,0.0
outer3,3,75,b974,150.0,330.0,0.0,0.0,0.0,0.0,0.0,1.0,1.0,0.0
outer3,3,75,b97b,30.0,0.0,90.0,60.000003814697266,-29.999996185302734,-30.0,0.0,0.0,0.0,0.0
outer3,3,75,b97b,30.0,30.0,0.0,122.24180603027344,122.24180603027344,120.0,30.0,1.0,0.0,-1.0
outer3,3,75,b97b,30.0,60.0,0.0,0.0,0.0,0.0,0.0,1.0,1.0,0.0
outer3,3,75,b97b,30.0,90.0,0.0,0.0,0.0,0.0,0.0,1.0,1.0,0.0
outer3,3,75,b97b,30.0,120.0,0.0,0.0,0.0,0.0,0.0,1.0,1.0,0.0
outer3,3,75,b97b,30.0,150.0,60.000003814697266,122.24180603027344,62.24180221557617,120.0,-150.0,0.0,0.0,0.0
outer3,3,75,b97b,30.0,180.0,30.000001907348633,30.000001907348633,0.0,0.0,0.0,0.0,0.0,0.0
outer3,3,75,b97b,30.0,210.0,0.0,0.0,0.0,0.0,0.0,1.0,1.0,0.0
outer3,3,75,b97b,30.0,240.0,0.0,0.0,0.0,0.0,0.0,1.0,1.0,0.0
outer3,3,75,b97b,30.0,270.0,0.0,180.0,180.0,120.0,180.0,1.0,0.0,-1.0
outer3,3,75,b97b,30.0,300.0,0.0,0.0,0.0,0.0,0.0,1.0,1.0,0.0
outer3,3,75,b97b,30.0,330.0,0.0,0.0,0.0,0.0,0.0,1.0,1.0,0.0
outer3,3,75,b97b,60.0,0.0,120.00000762939453,90.0,-30.00000762939453,30.0,0.0,0.0,0.0,0.0
outer3,3,75,b97b,60.0,30.0,0.0,0.0,0.0,0.0,0.0,1.0,1.0,0.0
outer3,3,75,b97b,60.0,60.0,0.0,0.0,0.0,0.0,0.0,1.0,1.0,0.0
outer3,3,75,b97b,60.0,90.0,0.0,0.0,0.0,0.0,0.0,1.0,1.0,0.0
outer3,3,75,b97b,60.0,120.0,0.0,0.0,0.0,0.0,0.0,1.0,1.0,0.0
outer3,3,75,b97b,60.0,150.0,0.0,82.81924438476562,82.81924438476562,60.0,60.0,1.0,0.0,-1.0
outer3,3,75,b97b,60.0,180.0,0.0,0.0,0.0,0.0,0.0,1.0,1.0,0.0
outer3,3,75,b97b,60.0,210.0,0.0,120.00000762939453,120.00000762939453,0.0,180.0,1.0,0.0,-1.0
outer3,3,75,b97b,60.0,240.0,51.31781005859375,0.0,-51.31781005859375,0.0,-60.0,0.0,1.0,1.0
outer3,3,75,b97b,60.0,270.0,0.0,0.0,0.0,0.0,0.0,1.0,1.0,0.0
outer3,3,75,b97b,60.0,300.0,0.0,0.0,0.0,0.0,0.0,1.0,1.0,0.0
outer3,3,75,b97b,60.0,330.0,0.0,0.0,0.0,0.0,0.0,1.0,1.0,0.0
outer3,3,75,b97b,90.0,0.0,180.0,0.0,-180.0,0.0,-180.0,0.0,1.0,1.0
outer3,3,75,b97b,90.0,30.0,0.0,60.00000762939453,60.00000762939453,0.0,60.0,1.0,0.0,-1.0
outer3,3,75,b97b,90.0,60.0,180.0,180.0,0.0,0.0,0.0,0.0,0.0,0.0
outer3,3,75,b97b,90.0,90.0,180.0,180.0,0.0,0.0,0.0,0.0,0.0,0.0
outer3,3,75,b97b,90.0,120.0,120.00000762939453,180.0,59.99999237060547,0.0,60.0,0.0,0.0,0.0
outer3,3,75,b97b,90.0,150.0,120.00000762939453,0.0,-120.00000762939453,0.0,-120.0,0.0,1.0,1.0
outer3,3,75,b97b,90.0,180.0,0.0,180.0,180.0,0.0,180.0,1.0,0.0,-1.0
outer3,3,75,b97b,90.0,210.0,180.0,120.00000762939453,-59.99999237060547,0.0,-60.0,0.0,0.0,0.0
outer3,3,75,b97b,90.0,240.0,0.0,0.0,0.0,0.0,0.0,1.0,1.0,0.0
outer3,3,75,b97b,90.0,270.0,0.0,0.0,0.0,0.0,0.0,1.0,1.0,0.0
outer3,3,75,b97b,90.0,300.0,60.000003814697266,0.0,-60.000003814697266,0.0,-60.0,0.0,1.0,1.0
outer3,3,75,b97b,90.0,330.0,60.00000762939453,180.0,119.99999237060547,0.0,120.0,0.0,0.0,0.0
outer3,3,75,b97b,120.0,0.0,0.0,90.0,90.0,30.0,180.0,1.0,0.0,-1.0
outer3,3,75,b97b,120.0,30.0,0.0,0.0,0.0,0.0,0.0,1.0,1.0,0.0
outer3,3,75,b97b,120.0,60.0,0.0,0.0,0.0,0.0,0.0,1.0,1.0,0.0
outer3,3,75,b97b,120.0,90.0,0.0,0.0,0.0,0.0,0.0,1.0,1.0,0.0
outer3,3,75,b97b,120.0,120.0,0.0,0.0,0.0,0.0,0.0,1.0,1.0,0.0
outer3,3,75,b97b,120.0,150.0,0.0,82.81924438476562,82.81924438476562,60.0,60.0,1.0,0.0,-1.0
outer3,3,75,b97b,120.0,180.0,0.0,29.99998664855957,29.99998664855957,30.0,0.0,1.0,0.0,-1.0
outer3,3,75,b97b,120.0,210.0,66.45188903808594,0.0,-66.45188903808594,-60.0,-30.0,0.0,1.0,1.0
outer3,3,75,b97b,120.0,240.0,0.0,0.0,0.0,0.0,0.0,1.0,1.0,0.0
outer3,3,75,b97b,120.0,270.0,0.0,180.0,180.0,60.0,180.0,1.0,0.0,-1.0
outer3,3,75,b97b,120.0,300.0,0.0,0.0,0.0,0.0,0.0,1.0,1.0,0.0
outer3,3,75,b97b,120.0,330.0,0.0,0.0,0.0,0.0,0.0,1.0,1.0,0.0
outer3,3,75,b97b,150.0,0.0,29.99998664855957,29.99998664855957,0.0,0.0,0.0,0.0,0.0,0.0
outer3,3,75,b97b,150.0,30.0,0.0,0.0,0.0,0.0,0.0,1.0,1.0,0.0
outer3,3,75,b97b,150.0,60.0,0.0,0.0,0.0,0.0,0.0,1.0,1.0,0.0
outer3,3,75,b97b,150.0,90.0,0.0,0.0,0.0,0.0,0.0,1.0,1.0,0.0
outer3,3,75,b97b,150.0,120.0,0.0,0.0,0.0,0.0,0.0,1.0,1.0,0.0
outer3,3,75,b97b,150.0,150.0,0.0,0.0,0.0,0.0,0.0,1.0,1.0,0.0
outer3,3,75,b97b,150.0,180.0,29.99998664855957,29.99998664855957,0.0,0.0,0.0,0.0,0.0,0.0
outer3,3,75,b97b,150.0,210.0,0.0,0.0,0.0,0.0,0.0,1.0,1.0,0.0
outer3,3,75,b97b,150.0,240.0,0.0,0.0,0.0,0.0,0.0,1.0,1.0,0.0
outer3,3,75,b97b,150.0,270.0,0.0,180.0,180.0,120.0,180.0,1.0,0.0,-1.0
outer3,3,75,b97b,150.0,300.0,0.0,0.0,0.0,0.0,0.0,1.0,1.0,0.0
outer3,3,75,b97b,150.0,330.0,0.0,0.0,0.0,0.0,0.0,1.0,1.0,0.0
outer3,3,75,bc2c,30.0,0.0,60.000003814697266,30.000001907348633,-30.000001907348633,-30.0,0.0,0.0,0.0,0.0
outer3,3,75,bc2c,30.0,30.0,102.50392150878906,14.870942115783691,-87.63297939300537,-90.0,-30.0,0.0,0.0,0.0
outer3,3,75,bc2c,30.0,60.0,0.0,60.000003814697266,60.000003814697266,0.0,180.0,1.0,0.0,-1.0
outer3,3,75,bc2c,30.0,90.0,57.7581901550293,165.12905883789062,107.37086868286133,120.0,0.0,0.0,0.0,0.0
outer3,3,75,bc2c,30.0,120.0,115.6589126586914,90.0,-25.658912658691406,0.0,-60.0,0.0,0.0,0.0
outer3,3,75,bc2c,30.0,150.0,90.0,93.32575225830078,3.3257522583007812,60.0,-150.0,0.0,0.0,0.0
outer3,3,75,bc2c,30.0,180.0,60.000003814697266,30.000001907348633,-30.000001907348633,-30.0,0.0,0.0,0.0,0.0
outer3,3,75,bc2c,30.0,210.0,60.000003814697266,57.7581901550293,-2.2418136596679688,0.0,-30.0,0.0,0.0,0.0
outer3,3,75,bc2c,30.0,240.0,0.0,0.0,0.0,0.0,0.0,1.0,1.0,0.0
outer3,3,75,bc2c,30.0,270.0,165.12905883789062,122.24180603027344,-42.88725280761719,0.0,-120.0,0.0,0.0,0.0
outer3,3,75,bc2c,30.0,300.0,64.34110260009766,64.34110260009766,0.0,0.0,0.0,0.0,0.0,0.0
outer3,3,75,bc2c,30.0,330.0,86.67425537109375,93.32575988769531,6.6515045166015625,60.0,-120.0,0.0,0.0,0.0
outer3,3,75,bc2c,60.0,0.0,0.0,90.0,90.0,30.0,180.0,1.0,0.0,-1.0
outer3,3,75,bc2c,60.0,30.0,0.0,0.0,0.0,0.0,0.0,1.0,1.0,0.0
outer3,3,75,bc2c,60.0,60.0,25.905075073242188,0.0,-25.905075073242188,0.0,-30.0,0.0,1.0,1.0
outer3,3,75,bc2c,60.0,90.0,120.00000762939453,66.45188903808594,-53.548118591308594,60.0,-150.0,0.0,0.0,0.0
outer3,3,75,bc2c,60.0,120.0,25.905075073242188,138.59039306640625,112.68531799316406,30.0,120.0,0.0,0.0,0.0
outer3,3,75,bc2c,60.0,150.0,25.905075073242188,60.000003814697266,34.09492874145508,60.0,-30.0,0.0,0.0,0.0
outer3,3,75,bc2c,60.0,180.0,0.0,90.0,90.0,90.0,0.0,1.0,0.0,-1.0
outer3,3,75,bc2c,60.0,210.0,97.1807632446289,82.81924438476562,-14.361518859863281,60.0,-60.0,0.0,0.0,0.0
outer3,3,75,bc2c,60.0,240.0,60.000003814697266,60.000003814697266,0.0,0.0,0.0,0.0,0.0,0.0
outer3,3,75,bc2c,60.0,270.0,150.0,90.0,-60.0,-60.0,0.0,0.0,0.0,0.0
outer3,3,75,bc2c,60.0,300.0,128.68218994140625,128.68218994140625,0.0,0.0,0.0,0.0,0.0,0.0
outer3,3,75,bc2c,60.0,330.0,97.1807632446289,180.0,82.8192367553711,60.0,60.0,0.0,0.0,0.0
outer3,3,75,bc2c,90.0,0.0,180.0,30.000001907348633,-149.99999809265137,30.0,-180.0,0.0,0.0,0.0
outer3,3,75,bc2c,90.0,30.0,180.0,30.000001907348633,-149.99999809265137,0.0,-150.0,0.0,0.0,0.0
outer3,3,75,bc2c,90.0,60.0,180.0,60.000003814697266,-119.99999618530273,0.0,-120.0,0.0,0.0,0.0
outer3,3,75,bc2c,90.0,90.0,180.0,180.0,0.0,0.0,0.0,0.0,0.0,0.0
outer3,3,75,bc2c,90.0,120.0,120.00000762939453,180.0,59.99999237060547,0.0,60.0,0.0,0.0,0.0
outer3,3,75,bc2c,90.0,150.0,150.0,150.0,0.0,0.0,0.0,0.0,0.0,0.0
outer3,3,75,bc2c,90.0,180.0,0.0,150.0,150.0,30.0,180.0,1.0,0.0,-1.0
outer3,3,75,bc2c,90.0,210.0,150.0,150.0,0.0,0.0,0.0,0.0,0.0,0.0
outer3,3,75,bc2c,90.0,240.0,0.0,120.00000762939453,120.00000762939453,0.0,120.0,1.0,0.0,-1.0
outer3,3,75,bc2c,90.0,270.0,0.0,180.0,180.0,0.0,180.0,1.0,0.0,-1.0
outer3,3,75,bc2c,90.0,300.0,60.000003814697266,0.0,-60.000003814697266,0.0,-60.0,0.0,1.0,1.0
outer3,3,75,bc2c,90.0,330.0,150.0,30.00000762939453,-119.99999237060547,0.0,-120.0,0.0,0.0,0.0
outer3,3,75,bc2c,120.0,0.0,0.0,90.0,90.0,30.0,180.0,1.0,0.0,-1.0
outer3,3,75,bc2c,120.0,30.0,82.81924438476562,82.81924438476562,0.0,0.0,0.0,0.0,0.0,0.0
outer3,3,75,bc2c,120.0,60.0,0.0,0.0,0.0,0.0,0.0,1.0,1.0,0.0
outer3,3,75,bc2c,120.0,90.0,90.0,180.0,90.0,30.0,0.0,0.0,0.0,0.0
outer3,3,75,bc2c,120.0,120.0,120.00000762939453,113.54811096191406,-6.451896667480469,0.0,-30.0,0.0,0.0,0.0
outer3,3,75,bc2c,120.0,150.0,82.81924438476562,82.81924438476562,0.0,0.0,0.0,0.0,0.0,0.0
outer3,3,75,bc2c,120.0,180.0,0.0,90.0,90.0,90.0,0.0,1.0,0.0,-1.0
outer3,3,75,bc2c,120.0,210.0,120.00000762939453,60.000003814697266,-60.000003814697266,60.0,-180.0,0.0,0.0,0.0
outer3,3,75,bc2c,120.0,240.0,128.6822052001953,60.000003814697266,-68.68220138549805,0.0,-120.0,0.0,0.0,0.0
outer3,3,75,bc2c,120.0,270.0,180.0,180.0,0.0,0.0,0.0,0.0,0.0,0.0
outer3,3,75,bc2c,120.0,300.0,128.68218994140625,66.45188903808594,-62.23030090332031,0.0,-90.0,0.0,0.0,0.0
outer3,3,75,bc2c,120.0,330.0,97.18075561523438,120.00000762939453,22.819252014160156,0.0,60.0,0.0,0.0,0.0
outer3,3,75,bc2c,150.0,0.0,59.999996185302734,0.0,-59.999996185302734,-60.0,0.0,0.0,1.0,1.0
outer3,3,75,bc2c,150.0,30.0,115.65889739990234,41.40962219238281,-74.24927520751953,-90.0,0.0,0.0,0.0,0.0
outer3,3,75,bc2c,150.0,60.0,0.0,60.000003814697266,60.000003814697266,0.0,180.0,1.0,0.0,-1.0
outer3,3,75,bc2c,150.0,90.0,57.7581901550293,57.7581901550293,0.0,0.0,0.0,0.0,0.0,0.0
outer3,3,75,bc2c,150.0,120.0,90.0,64.34109497070312,-25.658905029296875,0.0,-90.0,0.0,0.0,0.0
outer3,3,75,bc2c,150.0,150.0,49.49464416503906,120.00000762939453,70.50536346435547,90.0,-60.0,0.0,0.0,0.0
outer3,3,75,bc2c,150.0,180.0,59.999996185302734,36.09777069091797,-23.902225494384766,-30.0,30.0,0.0,0.0,0.0
outer3,3,75,bc2c,150.0,210.0,115.6589126586914,28.95502281188965,-86.70388984680176,-60.0,-90.0,0.0,0.0,0.0
outer3,3,75,bc2c,150.0,240.0,120.00000762939453,120.00000762939453,0.0,0.0,0.0,0.0,0.0,0.0
outer3,3,75,bc2c,150.0,270.0,165.12905883789062,120.00000762939453,-45.129051208496094,0.0,-150.0,0.0,0.0,0.0
outer3,3,75,bc2c,150.0,300.0,130.50535583496094,36.09777069091797,-94.40758514404297,-60.0,-90.0,0.0,0.0,0.0
outer3,3,75,bc2c,150.0,330.0,49.49464416503906,90.0,40.50535583496094,0.0,120.0,0.0,0.0,0.0
outer3,3,76,b812,30.0,0.0,0.0,0.0,0.0,0.0,0.0,1.0,1.0,0.0
outer3,3,76,b812,30.0,30.0,0.0,0.0,0.0,0.0,0.0,1.0,1.0,0.0
outer3,3,76,b812,30.0,60.0,0.0,0.0,0.0,0.0,0.0,1.0,1.0,0.0
outer3,3,76,b812,30.0,90.0,0.0,0.0,0.0,0.0,0.0,1.0,1.0,0.0
outer3,3,76,b812,30.0,120.0,0.0,0.0,0.0,0.0,0.0,1.0,1.0,0.0
outer3,3,76,b812,30.0,150.0,0.0,0.0,0.0,0.0,0.0,1.0,1.0,0.0
outer3,3,76,b812,30.0,180.0,0.0,0.0,0.0,0.0,0.0,1.0,1.0,0.0
outer3,3,76,b812,30.0,210.0,0.0,0.0,0.0,0.0,0.0,1.0,1.0,0.0
outer3,3,76,b812,30.0,240.0,0.0,0.0,0.0,0.0,0.0,1.0,1.0,0.0
outer3,3,76,b812,30.0,270.0,0.0,0.0,0.0,0.0,0.0,1.0,1.0,0.0
outer3,3,76,b812,30.0,300.0,0.0,0.0,0.0,0.0,0.0,1.0,1.0,0.0
outer3,3,76,b812,30.0,330.0,0.0,0.0,0.0,0.0,0.0,1.0,1.0,0.0
outer3,3,76,b812,60.0,0.0,0.0,0.0,0.0,0.0,0.0,1.0,1.0,0.0
outer3,3,76,b812,60.0,30.0,0.0,0.0,0.0,0.0,0.0,1.0,1.0,0.0
outer3,3,76,b812,60.0,60.0,0.0,0.0,0.0,0.0,0.0,1.0,1.0,0.0
outer3,3,76,b812,60.0,90.0,0.0,0.0,0.0,0.0,0.0,1.0,1.0,0.0
outer3,3,76,b812,60.0,120.0,0.0,0.0,0.0,0.0,0.0,1.0,1.0,0.0
outer3,3,76,b812,60.0,150.0,0.0,0.0,0.0,0.0,0.0,1.0,1.0,0.0
outer3,3,76,b812,60.0,180.0,0.0,0.0,0.0,0.0,0.0,1.0,1.0,0.0
outer3,3,76,b812,60.0,210.0,0.0,0.0,0.0,0.0,0.0,1.0,1.0,0.0
outer3,3,76,b812,60.0,240.0,0.0,0.0,0.0,0.0,0.0,1.0,1.0,0.0
outer3,3,76,b812,60.0,270.0,0.0,0.0,0.0,0.0,0.0,1.0,1.0,0.0
outer3,3,76,b812,60.0,300.0,0.0,0.0,0.0,0.0,0.0,1.0,1.0,0.0
outer3,3,76,b812,60.0,330.0,0.0,0.0,0.0,0.0,0.0,1.0,1.0,0.0
outer3,3,76,b812,90.0,0.0,180.0,180.0,0.0,0.0,0.0,0.0,0.0,0.0
outer3,3,76,b812,90.0,30.0,180.0,180.0,0.0,0.0,0.0,0.0,0.0,0.0
outer3,3,76,b812,90.0,60.0,0.0,180.0,180.0,0.0,180.0,1.0,0.0,-1.0
outer3,3,76,b812,90.0,90.0,180.0,0.0,-180.0,0.0,-180.0,0.0,1.0,1.0
outer3,3,76,b812,90.0,120.0,180.0,0.0,-180.0,0.0,-180.0,0.0,1.0,1.0
outer3,3,76,b812,90.0,150.0,180.0,180.0,0.0,0.0,0.0,0.0,0.0,0.0
outer3,3,76,b812,90.0,180.0,0.0,0.0,0.0,0.0,0.0,1.0,1.0,0.0
outer3,3,76,b812,90.0,210.0,0.0,0.0,0.0,0.0,0.0,1.0,1.0,0.0
outer3,3,76,b812,90.0,240.0,0.0,0.0,0.0,0.0,0.0,1.0,1.0,0.0
outer3,3,76,b812,90.0,270.0,0.0,0.0,0.0,0.0,0.0,1.0,1.0,0.0
outer3,3,76,b812,90.0,300.0,0.0,0.0,0.0,0.0,0.0,1.0,1.0,0.0
outer3,3,76,b812,90.0,330.0,0.0,0.0,0.0,0.0,0.0,1.0,1.0,0.0
outer3,3,76,b812,120.0,0.0,0.0,0.0,0.0,0.0,0.0,1.0,1.0,0.0
outer3,3,76,b812,120.0,30.0,0.0,0.0,0.0,0.0,0.0,1.0,1.0,0.0
outer3,3,76,b812,120.0,60.0,0.0,0.0,0.0,0.0,0.0,1.0,1.0,0.0
outer3,3,76,b812,120.0,90.0,0.0,0.0,0.0,0.0,0.0,1.0,1.0,0.0
outer3,3,76,b812,120.0,120.0,0.0,0.0,0.0,0.0,0.0,1.0,1.0,0.0
outer3,3,76,b812,120.0,150.0,0.0,82.81924438476562,82.81924438476562,60.0,60.0,1.0,0.0,-1.0
outer3,3,76,b812,120.0,180.0,0.0,0.0,0.0,0.0,0.0,1.0,1.0,0.0
outer3,3,76,b812,120.0,210.0,0.0,0.0,0.0,0.0,0.0,1.0,1.0,0.0
outer3,3,76,b812,120.0,240.0,0.0,0.0,0.0,0.0,0.0,1.0,1.0,0.0
outer3,3,76,b812,120.0,270.0,0.0,0.0,0.0,0.0,0.0,1.0,1.0,0.0
outer3,3,76,b812,120.0,300.0,0.0,0.0,0.0,0.0,0.0,1.0,1.0,0.0
outer3,3,76,b812,120.0,330.0,0.0,0.0,0.0,0.0,0.0,1.0,1.0,0.0
outer3,3,76,b812,150.0,0.0,0.0,0.0,0.0,0.0,0.0,1.0,1.0,0.0
outer3,3,76,b812,150.0,30.0,0.0,0.0,0.0,0.0,0.0,1.0,1.0,0.0
outer3,3,76,b812,150.0,60.0,0.0,0.0,0.0,0.0,0.0,1.0,1.0,0.0
outer3,3,76,b812,150.0,90.0,0.0,0.0,0.0,0.0,0.0,1.0,1.0,0.0
outer3,3,76,b812,150.0,120.0,0.0,0.0,0.0,0.0,0.0,1.0,1.0,0.0
outer3,3,76,b812,150.0,150.0,0.0,0.0,0.0,0.0,0.0,1.0,1.0,0.0
outer3,3,76,b812,150.0,180.0,0.0,0.0,0.0,0.0,0.0,1.0,1.0,0.0
outer3,3,76,b812,150.0,210.0,0.0,0.0,0.0,0.0,0.0,1.0,1.0,0.0
outer3,3,76,b812,150.0,240.0,0.0,0.0,0.0,0.0,0.0,1.0,1.0,0.0
outer3,3,76,b812,150.0,270.0,0.0,0.0,0.0,0.0,0.0,1.0,1.0,0.0
outer3,3,76,b812,150.0,300.0,0.0,0.0,0.0,0.0,0.0,1.0,1.0,0.0
outer3,3,76,b812,150.0,330.0,0.0,0.0,0.0,0.0,0.0,1.0,1.0,0.0
outer3,3,76,b943,30.0,0.0,0.0,0.0,0.0,0.0,0.0,1.0,1.0,0.0
outer3,3,76,b943,30.0,30.0,0.0,0.0,0.0,0.0,0.0,1.0,1.0,0.0
outer3,3,76,b943,30.0,60.0,0.0,0.0,0.0,0.0,0.0,1.0,1.0,0.0
outer3,3,76,b943,30.0,90.0,0.0,0.0,0.0,0.0,0.0,1.0,1.0,0.0
outer3,3,76,b943,30.0,120.0,0.0,0.0,0.0,0.0,0.0,1.0,1.0,0.0
outer3,3,76,b943,30.0,150.0,0.0,0.0,0.0,0.0,0.0,1.0,1.0,0.0
outer3,3,76,b943,30.0,180.0,0.0,0.0,0.0,0.0,0.0,1.0,1.0,0.0
outer3,3,76,b943,30.0,210.0,0.0,0.0,0.0,0.0,0.0,1.0,1.0,0.0
outer3,3,76,b943,30.0,240.0,0.0,0.0,0.0,0.0,0.0,1.0,1.0,0.0
outer3,3,76,b943,30.0,270.0,0.0,0.0,0.0,0.0,0.0,1.0,1.0,0.0
outer3,3,76,b943,30.0,300.0,0.0,0.0,0.0,0.0,0.0,1.0,1.0,0.0
outer3,3,76,b943,30.0,330.0,0.0,0.0,0.0,0.0,0.0,1.0,1.0,0.0
outer3,3,76,b943,60.0,0.0,0.0,0.0,0.0,0.0,0.0,1.0,1.0,0.0
outer3,3,76,b943,60.0,30.0,0.0,0.0,0.0,0.0,0.0,1.0,1.0,0.0
outer3,3,76,b943,60.0,60.0,60.000003814697266,0.0,-60.000003814697266,-60.0,0.0,0.0,1.0,1.0
outer3,3,76,b943,60.0,90.0,0.0,0.0,0.0,0.0,0.0,1.0,1.0,0.0
outer3,3,76,b943,60.0,120.0,0.0,0.0,0.0,0.0,0.0,1.0,1.0,0.0
outer3,3,76,b943,60.0,150.0,0.0,0.0,0.0,0.0,0.0,1.0,1.0,0.0
outer3,3,76,b943,60.0,180.0,0.0,0.0,0.0,0.0,0.0,1.0,1.0,0.0
outer3,3,76,b943,60.0,210.0,0.0,0.0,0.0,0.0,0.0,1.0,1.0,0.0
outer3,3,76,b943,60.0,240.0,128.6822052001953,128.6822052001953,0.0,0.0,0.0,0.0,0.0,0.0
outer3,3,76,b943,60.0,270.0,0.0,120.00000762939453,120.00000762939453,0.0,180.0,1.0,0.0,-1.0
outer3,3,76,b943,60.0,300.0,0.0,0.0,0.0,0.0,0.0,1.0,1.0,0.0
outer3,3,76,b943,60.0,330.0,0.0,0.0,0.0,0.0,0.0,1.0,1.0,0.0
outer3,3,76,b943,90.0,0.0,180.0,180.0,0.0,0.0,0.0,0.0,0.0,0.0
outer3,3,76,b943,90.0,30.0,180.0,0.0,-180.0,0.0,-180.0,0.0,1.0,1.0
outer3,3,76,b943,90.0,60.0,60.000003814697266,60.000003814697266,0.0,0.0,0.0,0.0,0.0,0.0
outer3,3,76,b943,90.0,90.0,180.0,0.0,-180.0,0.0,-180.0,0.0,1.0,1.0
outer3,3,76,b943,90.0,120.0,180.0,0.0,-180.0,0.0,-180.0,0.0,1.0,1.0
outer3,3,76,b943,90.0,150.0,60.000003814697266,0.0,-60.000003814697266,0.0,-60.0,0.0,1.0,1.0
outer3,3,76,b943,90.0,180.0,0.0,0.0,0.0,0.0,0.0,1.0,1.0,0.0
outer3,3,76,b943,90.0,210.0,0.0,0.0,0.0,0.0,0.0,1.0,1.0,0.0
outer3,3,76,b943,90.0,240.0,60.000003814697266,120.00000762939453,60.000003814697266,0.0,60.0,0.0,0.0,0.0
outer3,3,76,b943,90.0,270.0,0.0,180.0,180.0,0.0,180.0,1.0,0.0,-1.0
outer3,3,76,b943,90.0,300.0,0.0,180.0,180.0,0.0,180.0,1.0,0.0,-1.0
outer3,3,76,b943,90.0,330.0,120.00000762939453,180.0,59.99999237060547,0.0,60.0,0.0,0.0,0.0
outer3,3,76,b943,120.0,0.0,0.0,0.0,0.0,0.0,0.0,1.0,1.0,0.0
outer3,3,76,b943,120.0,30.0,0.0,0.0,0.0,0.0,0.0,1.0,1.0,0.0
outer3,3,76,b943,120.0,60.0,0.0,0.0,0.0,0.0,0.0,1.0,1.0,0.0
outer3,3,76,b943,120.0,90.0,0.0,0.0,0.0,0.0,0.0,1.0,1.0,0.0
outer3,3,76,b943,120.0,120.0,29.99998664855957,0.0,-29.99998664855957,-30.0,0.0,0.0,1.0,1.0
outer3,3,76,b943,120.0,150.0,0.0,0.0,0.0,0.0,0.0,1.0,1.0,0.0
outer3,3,76,b943,120.0,180.0,0.0,0.0,0.0,0.0,0.0,1.0,1.0,0.0
outer3,3,76,b943,120.0,210.0,66.45188903808594,60.000003814697266,-6.451885223388672,0.0,-30.0,0.0,0.0,0.0
outer3,3,76,b943,120.0,240.0,0.0,0.0,0.0,0.0,0.0,1.0,1.0,0.0
outer3,3,76,b943,120.0,270.0,0.0,0.0,0.0,0.0,0.0,1.0,1.0,0.0
outer3,3,76,b943,120.0,300.0,29.99998664855957,0.0,-29.99998664855957,-30.0,0.0,0.0,1.0,1.0
outer3,3,76,b943,120.0,330.0,0.0,0.0,0.0,0.0,0.0,1.0,1.0,0.0
outer3,3,76,b943,150.0,0.0,0.0,0.0,0.0,0.0,0.0,1.0,1.0,0.0
outer3,3,76,b943,150.0,30.0,0.0,0.0,0.0,0.0,0.0,1.0,1.0,0.0
outer3,3,76,b943,150.0,60.0,0.0,0.0,0.0,0.0,0.0,1.0,1.0,0.0
outer3,3,76,b943,150.0,90.0,0.0,0.0,0.0,0.0,0.0,1.0,1.0,0.0
outer3,3,76,b943,150.0,120.0,0.0,0.0,0.0,0.0,0.0,1.0,1.0,0.0
outer3,3,76,b943,150.0,150.0,0.0,0.0,0.0,0.0,0.0,1.0,1.0,0.0
outer3,3,76,b943,150.0,180.0,0.0,120.00000762939453,120.00000762939453,120.0,0.0,1.0,0.0,-1.0
outer3,3,76,b943,150.0,210.0,0.0,0.0,0.0,0.0,0.0,1.0,1.0,0.0
outer3,3,76,b943,150.0,240.0,0.0,0.0,0.0,0.0,0.0,1.0,1.0,0.0
outer3,3,76,b943,150.0,270.0,0.0,0.0,0.0,0.0,0.0,1.0,1.0,0.0
outer3,3,76,b943,150.0,300.0,0.0,0.0,0.0,0.0,0.0,1.0,1.0,0.0
outer3,3,76,b943,150.0,330.0,0.0,0.0,0.0,0.0,0.0,1.0,1.0,0.0
outer3,3,76,b974,30.0,0.0,0.0,0.0,0.0,0.0,0.0,1.0,1.0,0.0
outer3,3,76,b974,30.0,30.0,0.0,0.0,0.0,0.0,0.0,1.0,1.0,0.0
outer3,3,76,b974,30.0,60.0,0.0,0.0,0.0,0.0,0.0,1.0,1.0,0.0
outer3,3,76,b974,30.0,90.0,0.0,0.0,0.0,0.0,0.0,1.0,1.0,0.0
outer3,3,76,b974,30.0,120.0,0.0,0.0,0.0,0.0,0.0,1.0,1.0,0.0
outer3,3,76,b974,30.0,150.0,0.0,0.0,0.0,0.0,0.0,1.0,1.0,0.0
outer3,3,76,b974,30.0,180.0,0.0,0.0,0.0,0.0,0.0,1.0,1.0,0.0
outer3,3,76,b974,30.0,210.0,0.0,0.0,0.0,0.0,0.0,1.0,1.0,0.0
outer3,3,76,b974,30.0,240.0,0.0,0.0,0.0,0.0,0.0,1.0,1.0,0.0
outer3,3,76,b974,30.0,270.0,0.0,0.0,0.0,0.0,0.0,1.0,1.0,0.0
outer3,3,76,b974,30.0,300.0,0.0,0.0,0.0,0.0,0.0,1.0,1.0,0.0
outer3,3,76,b974,30.0,330.0,0.0,0.0,0.0,0.0,0.0,1.0,1.0,0.0
outer3,3,76,b974,60.0,0.0,0.0,0.0,0.0,0.0,0.0,1.0,1.0,0.0
outer3,3,76,b974,60.0,30.0,0.0,0.0,0.0,0.0,0.0,1.0,1.0,0.0
outer3,3,76,b974,60.0,60.0,0.0,0.0,0.0,0.0,0.0,1.0,1.0,0.0
outer3,3,76,b974,60.0,90.0,0.0,0.0,0.0,0.0,0.0,1.0,1.0,0.0
outer3,3,76,b974,60.0,120.0,0.0,0.0,0.0,0.0,0.0,1.0,1.0,0.0
outer3,3,76,b974,60.0,150.0,25.905075073242188,82.81924438476562,56.91416931152344,60.0,30.0,0.0,0.0,0.0
outer3,3,76,b974,60.0,180.0,0.0,0.0,0.0,0.0,0.0,1.0,1.0,0.0
outer3,3,76,b974,60.0,210.0,0.0,0.0,0.0,0.0,0.0,1.0,1.0,0.0
outer3,3,76,b974,60.0,240.0,0.0,0.0,0.0,0.0,0.0,1.0,1.0,0.0
outer3,3,76,b974,60.0,270.0,0.0,0.0,0.0,0.0,0.0,1.0,1.0,0.0
outer3,3,76,b974,60.0,300.0,0.0,0.0,0.0,0.0,0.0,1.0,1.0,0.0
outer3,3,76,b974,60.0,330.0,0.0,0.0,0.0,0.0,0.0,1.0,1.0,0.0
outer3,3,76,b974,90.0,0.0,180.0,180.0,0.0,0.0,0.0,0.0,0.0,0.0
outer3,3,76,b974,90.0,30.0,180.0,0.0,-180.0,0.0,-180.0,0.0,1.0,1.0
outer3,3,76,b974,90.0,60.0,180.0,0.0,-180.0,0.0,-180.0,0.0,1.0,1.0
outer3,3,76,b974,90.0,90.0,180.0,0.0,-180.0,0.0,-180.0,0.0,1.0,1.0
outer3,3,76,b974,90.0,120.0,180.0,0.0,-180.0,0.0,-180.0,0.0,1.0,1.0
outer3,3,76,b974,90.0,150.0,180.0,180.0,0.0,0.0,0.0,0.0,0.0,0.0
outer3,3,76,b974,90.0,180.0,0.0,0.0,0.0,0.0,0.0,1.0,1.0,0.0
outer3,3,76,b974,90.0,210.0,0.0,0.0,0.0,0.0,0.0,1.0,1.0,0.0
outer3,3,76,b974,90.0,240.0,0.0,0.0,0.0,0.0,0.0,1.0,1.0,0.0
outer3,3,76,b974,90.0,270.0,0.0,0.0,0.0,0.0,0.0,1.0,1.0,0.0
outer3,3,76,b974,90.0,300.0,0.0,180.0,180.0,0.0,180.0,1.0,0.0,-1.0
outer3,3,76,b974,90.0,330.0,0.0,0.0,0.0,0.0,0.0,1.0,1.0,0.0
outer3,3,76,b974,120.0,0.0,0.0,0.0,0.0,0.0,0.0,1.0,1.0,0.0
outer3,3,76,b974,120.0,30.0,0.0,0.0,0.0,0.0,0.0,1.0,1.0,0.0
outer3,3,76,b974,120.0,60.0,0.0,0.0,0.0,0.0,0.0,1.0,1.0,0.0
outer3,3,76,b974,120.0,90.0,0.0,0.0,0.0,0.0,0.0,1.0,1.0,0.0
outer3,3,76,b974,120.0,120.0,0.0,0.0,0.0,0.0,0.0,1.0,1.0,0.0
outer3,3,76,b974,120.0,150.0,0.0,82.81924438476562,82.81924438476562,60.0,60.0,1.0,0.0,-1.0
outer3,3,76,b974,120.0,180.0,0.0,0.0,0.0,0.0,0.0,1.0,1.0,0.0
outer3,3,76,b974,120.0,210.0,0.0,0.0,0.0,0.0,0.0,1.0,1.0,0.0
outer3,3,76,b974,120.0,240.0,0.0,0.0,0.0,0.0,0.0,1.0,1.0,0.0
outer3,3,76,b974,120.0,270.0,0.0,180.0,180.0,60.0,180.0,1.0,0.0,-1.0
outer3,3,76,b974,120.0,300.0,0.0,0.0,0.0,0.0,0.0,1.0,1.0,0.0
outer3,3,76,b974,120.0,330.0,0.0,0.0,0.0,0.0,0.0,1.0,1.0,0.0
outer3,3,76,b974,150.0,0.0,0.0,60.000003814697266,60.000003814697266,0.0,180.0,1.0,0.0,-1.0
outer3,3,76,b974,150.0,30.0,0.0,0.0,0.0,0.0,0.0,1.0,1.0,0.0
outer3,3,76,b974,150.0,60.0,0.0,0.0,0.0,0.0,0.0,1.0,1.0,0.0
outer3,3,76,b974,150.0,90.0,0.0,0.0,0.0,0.0,0.0,1.0,1.0,0.0
outer3,3,76,b974,150.0,120.0,0.0,0.0,0.0,0.0,0.0,1.0,1.0,0.0
outer3,3,76,b974,150.0,150.0,0.0,0.0,0.0,0.0,0.0,1.0,1.0,0.0
outer3,3,76,b974,150.0,180.0,0.0,0.0,0.0,0.0,0.0,1.0,1.0,0.0
outer3,3,76,b974,150.0,210.0,0.0,0.0,0.0,0.0,0.0,1.0,1.0,0.0
outer3,3,76,b974,150.0,240.0,0.0,0.0,0.0,0.0,0.0,1.0,1.0,0.0
outer3,3,76,b974,150.0,270.0,0.0,0.0,0.0,0.0,0.0,1.0,1.0,0.0
outer3,3,76,b974,150.0,300.0,0.0,0.0,0.0,0.0,0.0,1.0,1.0,0.0
outer3,3,76,b974,150.0,330.0,0.0,0.0,0.0,0.0,0.0,1.0,1.0,0.0
outer3,3,76,b97b,30.0,0.0,30.000001907348633,60.000003814697266,30.000001907348633,-30.0,180.0,0.0,0.0,0.0
outer3,3,76,b97b,30.0,30.0,0.0,122.24180603027344,122.24180603027344,120.0,30.0,1.0,0.0,-1.0
outer3,3,76,b97b,30.0,60.0,0.0,0.0,0.0,0.0,0.0,1.0,1.0,0.0
outer3,3,76,b97b,30.0,90.0,0.0,0.0,0.0,0.0,0.0,1.0,1.0,0.0
outer3,3,76,b97b,30.0,120.0,0.0,0.0,0.0,0.0,0.0,1.0,1.0,0.0
outer3,3,76,b97b,30.0,150.0,0.0,122.24180603027344,122.24180603027344,120.0,30.0,1.0,0.0,-1.0
outer3,3,76,b97b,30.0,180.0,30.000001907348633,30.000001907348633,0.0,0.0,0.0,0.0,0.0,0.0
outer3,3,76,b97b,30.0,210.0,0.0,0.0,0.0,0.0,0.0,1.0,1.0,0.0
outer3,3,76,b97b,30.0,240.0,165.12905883789062,151.04498291015625,-14.084075927734375,0.0,-30.0,0.0,0.0,0.0
outer3,3,76,b97b,30.0,270.0,0.0,180.0,180.0,120.0,180.0,1.0,0.0,-1.0
outer3,3,76,b97b,30.0,300.0,0.0,0.0,0.0,0.0,0.0,1.0,1.0,0.0
outer3,3,76,b97b,30.0,330.0,0.0,0.0,0.0,0.0,0.0,1.0,1.0,0.0
outer3,3,76,b97b,60.0,0.0,0.0,90.0,90.0,30.0,180.0,1.0,0.0,-1.0
outer3,3,76,b97b,60.0,30.0,0.0,0.0,0.0,0.0,0.0,1.0,1.0,0.0
outer3,3,76,b97b,60.0,60.0,0.0,0.0,0.0,0.0,0.0,1.0,1.0,0.0
outer3,3,76,b97b,60.0,90.0,0.0,0.0,0.0,0.0,0.0,1.0,1.0,0.0
outer3,3,76,b97b,60.0,120.0,25.905075073242188,0.0,-25.905075073242188,0.0,-30.0,0.0,1.0,1.0
outer3,3,76,b97b,60.0,150.0,0.0,51.31781005859375,51.31781005859375,0.0,60.0,1.0,0.0,-1.0
outer3,3,76,b97b,60.0,180.0,0.0,0.0,0.0,0.0,0.0,1.0,1.0,0.0
outer3,3,76,b97b,60.0,210.0,0.0,0.0,0.0,0.0,0.0,1.0,1.0,0.0
outer3,3,76,b97b,60.0,240.0,128.6822052001953,97.1807632446289,-31.501441955566406,-60.0,0.0,0.0,0.0,0.0
outer3,3,76,b97b,60.0,270.0,90.0,0.0,-90.0,-30.0,-180.0,0.0,1.0,1.0
outer3,3,76,b97b,60.0,300.0,120.00000762939453,0.0,-120.00000762939453,0.0,-180.0,0.0,1.0,1.0
outer3,3,76,b97b,60.0,330.0,0.0,0.0,0.0,0.0,0.0,1.0,1.0,0.0
outer3,3,76,b97b,90.0,0.0,180.0,0.0,-180.0,0.0,-180.0,0.0,1.0,1.0
outer3,3,76,b97b,90.0,30.0,180.0,0.0,-180.0,0.0,-180.0,0.0,1.0,1.0
outer3,3,76,b97b,90.0,60.0,180.0,0.0,-180.0,0.0,-180.0,0.0,1.0,1.0
outer3,3,76,b97b,90.0,90.0,180.0,0.0,-180.0,0.0,-180.0,0.0,1.0,1.0
outer3,3,76,b97b,90.0,120.0,120.00000762939453,0.0,-120.00000762939453,0.0,-120.0,0.0,1.0,1.0
outer3,3,76,b97b,90.0,150.0,180.0,0.0,-180.0,0.0,-180.0,0.0,1.0,1.0
outer3,3,76,b97b,90.0,180.0,0.0,180.0,180.0,0.0,180.0,1.0,0.0,-1.0
outer3,3,76,b97b,90.0,210.0,0.0,180.0,180.0,0.0,180.0,1.0,0.0,-1.0
outer3,3,76,b97b,90.0,240.0,0.0,180.0,180.0,0.0,180.0,1.0,0.0,-1.0
outer3,3,76,b97b,90.0,270.0,0.0,180.0,180.0,0.0,180.0,1.0,0.0,-1.0
outer3,3,76,b97b,90.0,300.0,60.000003814697266,180.0,119.99999618530273,0.0,120.0,0.0,0.0,0.0
outer3,3,76,b97b,90.0,330.0,60.00000762939453,0.0,-60.00000762939453,0.0,-60.0,0.0,1.0,1.0
outer3,3,76,b97b,120.0,0.0,120.00000762939453,150.0,29.99999237060547,90.0,0.0,0.0,0.0,0.0
outer3,3,76,b97b,120.0,30.0,0.0,0.0,0.0,0.0,0.0,1.0,1.0,0.0
outer3,3,76,b97b,120.0,60.0,0.0,0.0,0.0,0.0,0.0,1.0,1.0,0.0
outer3,3,76,b97b,120.0,90.0,0.0,0.0,0.0,0.0,0.0,1.0,1.0,0.0
outer3,3,76,b97b,120.0,120.0,29.99998664855957,0.0,-29.99998664855957,-30.0,0.0,0.0,1.0,1.0
outer3,3,76,b97b,120.0,150.0,0.0,82.81924438476562,82.81924438476562,60.0,60.0,1.0,0.0,-1.0
outer3,3,76,b97b,120.0,180.0,0.0,29.99998664855957,29.99998664855957,30.0,0.0,1.0,0.0,-1.0
outer3,3,76,b97b,120.0,210.0,66.45188903808594,0.0,-66.45188903808594,-60.0,-30.0,0.0,1.0,1.0
outer3,3,76,b97b,120.0,240.0,0.0,0.0,0.0,0.0,0.0,1.0,1.0,0.0
outer3,3,76,b97b,120.0,270.0,120.00000762939453,180.0,59.99999237060547,60.0,0.0,0.0,0.0,0.0
outer3,3,76,b97b,120.0,300.0,29.99998664855957,0.0,-29.99998664855957,-30.0,0.0,0.0,1.0,1.0
outer3,3,76,b97b,120.0,330.0,0.0,0.0,0.0,0.0,0.0,1.0,1.0,0.0
outer3,3,76,b97b,150.0,0.0,29.99998664855957,0.0,-29.99998664855957,-30.0,0.0,0.0,1.0,1.0
outer3,3,76,b97b,150.0,30.0,128.68218994140625,0.0,-128.68218994140625,-120.0,-60.0,0.0,1.0,1.0
outer3,3,76,b97b,150.0,60.0,0.0,0.0,0.0,0.0,0.0,1.0,1.0,0.0
outer3,3,76,b97b,150.0,90.0,0.0,0.0,0.0,0.0,0.0,1.0,1.0,0.0
outer3,3,76,b97b,150.0,120.0,0.0,0.0,0.0,0.0,0.0,1.0,1.0,0.0
outer3,3,76,b97b,150.0,150.0,0.0,128.68218994140625,128.68218994140625,120.0,60.0,1.0,0.0,-1.0
outer3,3,76,b97b,150.0,180.0,29.99998664855957,29.99998664855957,0.0,0.0,0.0,0.0,0.0,0.0
outer3,3,76,b97b,150.0,210.0,0.0,0.0,0.0,0.0,0.0,1.0,1.0,0.0
outer3,3,76,b97b,150.0,240.0,0.0,0.0,0.0,0.0,0.0,1.0,1.0,0.0
outer3,3,76,b97b,150.0,270.0,60.000003814697266,180.0,119.99999618530273,120.0,0.0,0.0,0.0,0.0
outer3,3,76,b97b,150.0,300.0,0.0,0.0,0.0,0.0,0.0,1.0,1.0,0.0
outer3,3,76,b97b,150.0,330.0,0.0,0.0,0.0,0.0,0.0,1.0,1.0,0.0
outer3,3,76,bc2c,30.0,0.0,30.000001907348633,30.000001907348633,0.0,0.0,0.0,0.0,0.0,0.0
outer3,3,76,bc2c,30.0,30.0,102.50392150878906,128.68218994140625,26.178268432617188,30.0,0.0,0.0,0.0,0.0
outer3,3,76,bc2c,30.0,60.0,0.0,60.000003814697266,60.000003814697266,0.0,180.0,1.0,0.0,-1.0
outer3,3,76,bc2c,30.0,90.0,60.000003814697266,165.12905883789062,105.12905502319336,120.0,-30.0,0.0,0.0,0.0
outer3,3,76,bc2c,30.0,120.0,86.67425537109375,49.494651794433594,-37.179603576660156,0.0,-90.0,0.0,0.0,0.0
outer3,3,76,bc2c,30.0,150.0,86.67425537109375,102.50392150878906,15.829666137695312,60.0,-90.0,0.0,0.0,0.0
outer3,3,76,bc2c,30.0,180.0,30.000001907348633,60.000003814697266,30.000001907348633,-30.0,180.0,0.0,0.0,0.0
outer3,3,76,bc2c,30.0,210.0,90.0,0.0,-90.0,-30.0,-180.0,0.0,1.0,1.0
outer3,3,76,bc2c,30.0,240.0,120.00000762939453,120.00000762939453,0.0,0.0,0.0,0.0,0.0,0.0
outer3,3,76,bc2c,30.0,270.0,165.12905883789062,120.00000762939453,-45.129051208496094,0.0,-150.0,0.0,0.0,0.0
outer3,3,76,bc2c,30.0,300.0,64.34110260009766,36.097782135009766,-28.24332046508789,-30.0,0.0,0.0,0.0,0.0
outer3,3,76,bc2c,30.0,330.0,93.32575988769531,14.870942115783691,-78.45481777191162,-90.0,0.0,0.0,0.0,0.0
outer3,3,76,bc2c,60.0,0.0,0.0,90.0,90.0,30.0,180.0,1.0,0.0,-1.0
outer3,3,76,bc2c,60.0,30.0,0.0,93.32574462890625,93.32574462890625,90.0,30.0,1.0,0.0,-1.0
outer3,3,76,bc2c,60.0,60.0,0.0,0.0,0.0,0.0,0.0,1.0,1.0,0.0
outer3,3,76,bc2c,60.0,90.0,120.00000762939453,154.09490966796875,34.09490203857422,60.0,-30.0,0.0,0.0,0.0
outer3,3,76,bc2c,60.0,120.0,41.40962219238281,113.54812622070312,72.13850402832031,-30.0,120.0,0.0,0.0,0.0
outer3,3,76,bc2c,60.0,150.0,0.0,30.000001907348633,30.000001907348633,30.0,0.0,1.0,0.0,-1.0
outer3,3,76,bc2c,60.0,180.0,0.0,90.0,90.0,90.0,0.0,1.0,0.0,-1.0
outer3,3,76,bc2c,60.0,210.0,180.0,82.81924438476562,-97.18075561523438,0.0,-120.0,0.0,0.0,0.0
outer3,3,76,bc2c,60.0,240.0,60.000003814697266,60.000003814697266,0.0,0.0,0.0,0.0,0.0,0.0
outer3,3,76,bc2c,60.0,270.0,154.0949249267578,36.097782135009766,-117.99714279174805,-30.0,-120.0,0.0,0.0,0.0
outer3,3,76,bc2c,60.0,300.0,128.68218994140625,0.0,-128.68218994140625,-60.0,-120.0,0.0,1.0,1.0
outer3,3,76,bc2c,60.0,330.0,0.0,128.6822052001953,128.6822052001953,60.0,120.0,1.0,0.0,-1.0
outer3,3,76,bc2c,90.0,0.0,180.0,180.0,0.0,0.0,0.0,0.0,0.0,0.0
outer3,3,76,bc2c,90.0,30.0,180.0,150.0,-30.0,0.0,-30.0,0.0,0.0,0.0
outer3,3,76,bc2c,90.0,60.0,150.0,30.000001907348633,-119.99999809265137,0.0,-120.0,0.0,0.0,0.0
outer3,3,76,bc2c,90.0,90.0,180.0,0.0,-180.0,0.0,-180.0,0.0,1.0,1.0
outer3,3,76,bc2c,90.0,120.0,150.0,150.0,0.0,0.0,0.0,0.0,0.0,0.0
outer3,3,76,bc2c,90.0,150.0,30.000001907348633,30.000001907348633,0.0,0.0,0.0,0.0,0.0,0.0
outer3,3,76,bc2c,90.0,180.0,0.0,29.999998092651367,29.999998092651367,30.0,0.0,1.0,0.0,-1.0
outer3,3,76,bc2c,90.0,210.0,30.000001907348633,30.000001907348633,0.0,0.0,0.0,0.0,0.0,0.0
outer3,3,76,bc2c,90.0,240.0,30.000001907348633,150.0,119.99999809265137,0.0,120.0,0.0,0.0,0.0
outer3,3,76,bc2c,90.0,270.0,0.0,180.0,180.0,0.0,180.0,1.0,0.0,-1.0
outer3,3,76,bc2c,90.0,300.0,30.000001907348633,0.0,-30.000001907348633,0.0,-30.0,0.0,1.0,1.0
outer3,3,76,bc2c,90.0,330.0,150.0,138.59039306640625,-11.40960693359375,30.0,0.0,0.0,0.0,0.0
outer3,3,76,bc2c,120.0,0.0,0.0,86.67425537109375,86.67425537109375,30.0,150.0,1.0,0.0,-1.0
outer3,3,76,bc2c,120.0,30.0,82.81924438476562,51.31781005859375,-31.501434326171875,-60.0,0.0,0.0,0.0,0.0
outer3,3,76,bc2c,120.0,60.0,0.0,0.0,0.0,0.0,0.0,1.0,1.0,0.0
outer3,3,76,bc2c,120.0,90.0,120.00000762939453,90.0,-30.00000762939453,90.0,-180.0,0.0,0.0,0.0
outer3,3,76,bc2c,120.0,120.0,120.00000762939453,120.00000762939453,0.0,0.0,0.0,0.0,0.0,0.0
outer3,3,76,bc2c,120.0,150.0,82.81924438476562,102.50392150878906,19.684677124023438,30.0,0.0,0.0,0.0,0.0
outer3,3,76,bc2c,120.0,180.0,0.0,90.0,90.0,90.0,0.0,1.0,0.0,-1.0
outer3,3,76,bc2c,120.0,210.0,120.00000762939453,51.31781005859375,-68.68219757080078,0.0,-120.0,0.0,0.0,0.0
outer3,3,76,bc2c,120.0,240.0,97.18075561523438,60.000003814697266,-37.18075180053711,60.0,-120.0,0.0,0.0,0.0
outer3,3,76,bc2c,120.0,270.0,180.0,143.9022216796875,-36.0977783203125,30.0,-30.0,0.0,0.0,0.0
outer3,3,76,bc2c,120.0,300.0,128.68218994140625,25.905075073242188,-102.77711486816406,-60.0,-90.0,0.0,0.0,0.0
outer3,3,76,bc2c,120.0,330.0,180.0,90.0,-90.0,-30.0,0.0,0.0,0.0,0.0
outer3,3,76,bc2c,150.0,0.0,29.99998664855957,0.0,-29.99998664855957,-30.0,0.0,0.0,1.0,1.0
outer3,3,76,bc2c,150.0,30.0,93.32574462890625,120.00000762939453,26.67426300048828,30.0,-30.0,0.0,0.0,0.0
outer3,3,76,bc2c,150.0,60.0,60.000003814697266,60.000003814697266,0.0,0.0,0.0,0.0,0.0,0.0
outer3,3,76,bc2c,150.0,90.0,57.7581901550293,0.0,-57.7581901550293,0.0,-150.0,0.0,1.0,1.0
outer3,3,76,bc2c,150.0,120.0,49.49464416503906,90.0,40.50535583496094,0.0,120.0,0.0,0.0,0.0
outer3,3,76,bc2c,150.0,150.0,90.0,122.24180603027344,32.24180603027344,90.0,-150.0,0.0,0.0,0.0
outer3,3,76,bc2c,150.0,180.0,120.00000762939453,86.67424774169922,-33.32575988769531,-30.0,-30.0,0.0,0.0,0.0
outer3,3,76,bc2c,150.0,210.0,120.00000762939453,165.12905883789062,45.129051208496094,60.0,-30.0,0.0,0.0,0.0
outer3,3,76,bc2c,150.0,240.0,0.0,0.0,0.0,0.0,0.0,1.0,1.0,0.0
outer3,3,76,bc2c,150.0,270.0,165.12905883789062,0.0,-165.12905883789062,-120.0,-150.0,0.0,1.0,1.0
outer3,3,76,bc2c,150.0,300.0,93.32574462890625,29.99998664855957,-63.32575798034668,-60.0,-30.0,0.0,0.0,0.0
outer3,3,76,bc2c,150.0,330.0,150.0,36.0977783203125,-113.9022216796875,-60.0,-150.0,0.0,0.0,0.0
outer4,4,70,b7fd,30.0,0.0,60.000003814697266,30.000001907348633,-30.000001907348633,30.0,-180.0,0.0,0.0,0.0
outer4,4,70,b7fd,30.0,30.0,30.000001907348633,30.000001907348633,0.0,0.0,0.0,0.0,0.0,0.0
outer4,4,70,b7fd,30.0,60.0,122.24180603027344,165.12905883789062,42.88725280761719,0.0,120.0,0.0,0.0,0.0
outer4,4,70,b7fd,30.0,90.0,120.00000762939453,120.00000762939453,0.0,0.0,0.0,0.0,0.0,0.0
outer4,4,70,b7fd,30.0,120.0,102.50392150878906,0.0,-102.50392150878906,-90.0,-60.0,0.0,1.0,1.0
outer4,4,70,b7fd,30.0,150.0,30.000001907348633,143.9022216796875,113.90221977233887,60.0,150.0,0.0,0.0,0.0
outer4,4,70,b7fd,30.0,180.0,0.0,30.000001907348633,30.000001907348633,30.0,0.0,1.0,0.0,-1.0
outer4,4,70,b7fd,30.0,210.0,86.67425537109375,90.0,3.32574462890625,0.0,30.0,0.0,0.0,0.0
outer4,4,70,b7fd,30.0,240.0,151.04498291015625,151.04498291015625,0.0,0.0,0.0,0.0,0.0,0.0
outer4,4,70,b7fd,30.0,270.0,0.0,57.7581901550293,57.7581901550293,0.0,150.0,1.0,0.0,-1.0
outer4,4,70,b7fd,30.0,300.0,51.31781005859375,60.000003814697266,8.682193756103516,0.0,60.0,0.0,0.0,0.0
outer4,4,70,b7fd,30.0,330.0,36.097782135009766,93.32575988769531,57.22797775268555,60.0,0.0,0.0,0.0,0.0
outer4,4,70,b7fd,60.0,0.0,0.0,0.0,0.0,0.0,0.0,1.0,1.0,0.0
outer4,4,70,b7fd,60.0,30.0,0.0,113.5481185913086,113.5481185913086,0.0,150.0,1.0,0.0,-1.0
outer4,4,70,b7fd,60.0,60.0,130.50535583496094,128.68218994140625,-1.8231658935546875,-30.0,0.0,0.0,0.0,0.0
outer4,4,70,b7fd,60.0,90.0,0.0,0.0,0.0,0.0,0.0,1.0,1.0,0.0
outer4,4,70,b7fd,60.0,120.0,0.0,0.0,0.0,0.0,0.0,1.0,1.0,0.0
outer4,4,70,b7fd,60.0,150.0,82.81924438476562,128.6822052001953,45.86296081542969,0.0,60.0,0.0,0.0,0.0
outer4,4,70,b7fd,60.0,180.0,0.0,93.32574462890625,93.32574462890625,90.0,30.0,1.0,0.0,-1.0
outer4,4,70,b7fd,60.0,210.0,128.6822052001953,120.00000762939453,-8.682197570800781,-60.0,60.0,0.0,0.0,0.0
outer4,4,70,b7fd,60.0,240.0,154.09490966796875,0.0,-154.09490966796875,-60.0,-150.0,0.0,1.0,1.0
outer4,4,70,b7fd,60.0,270.0,120.00000762939453,120.00000762939453,0.0,0.0,0.0,0.0,0.0,0.0
outer4,4,70,b7fd,60.0,300.0,0.0,0.0,0.0,0.0,0.0,1.0,1.0,0.0
outer4,4,70,b7fd,60.0,330.0,82.81924438476562,60.000003814697266,-22.81924057006836,0.0,-60.0,0.0,0.0,0.0
outer4,4,70,b7fd,90.0,0.0,180.0,180.0,0.0,0.0,0.0,0.0,0.0,0.0
outer4,4,70,b7fd,90.0,30.0,120.00000762939453,120.00000762939453,0.0,0.0,0.0,0.0,0.0,0.0
outer4,4,70,b7fd,90.0,60.0,60.000003814697266,60.000003814697266,0.0,0.0,0.0,0.0,0.0,0.0
outer4,4,70,b7fd,90.0,90.0,180.0,180.0,0.0,0.0,0.0,0.0,0.0,0.0
outer4,4,70,b7fd,90.0,120.0,0.0,30.000001907348633,30.000001907348633,0.0,30.0,1.0,0.0,-1.0
outer4,4,70,b7fd,90.0,150.0,0.0,180.0,180.0,0.0,180.0,1.0,0.0,-1.0
outer4,4,70,b7fd,90.0,180.0,0.0,0.0,0.0,0.0,0.0,1.0,1.0,0.0
outer4,4,70,b7fd,90.0,210.0,60.000003814697266,90.0,29.999996185302734,0.0,30.0,0.0,0.0,0.0
outer4,4,70,b7fd,90.0,240.0,120.00000762939453,60.000003814697266,-60.000003814697266,0.0,-60.0,0.0,0.0,0.0
outer4,4,70,b7fd,90.0,270.0,0.0,0.0,0.0,0.0,0.0,1.0,1.0,0.0
outer4,4,70,b7fd,90.0,300.0,30.000001907348633,30.000001907348633,0.0,0.0,0.0,0.0,0.0,0.0
outer4,4,70,b7fd,90.0,330.0,180.0,120.00000762939453,-59.99999237060547,0.0,-60.0,0.0,0.0,0.0
outer4,4,70,b7fd,120.0,0.0,0.0,29.99998664855957,29.99998664855957,30.0,0.0,1.0,0.0,-1.0
outer4,4,70,b7fd,120.0,30.0,0.0,97.18075561523438,97.18075561523438,0.0,120.0,1.0,0.0,-1.0
outer4,4,70,b7fd,120.0,60.0,128.68218994140625,128.68218994140625,0.0,0.0,0.0,0.0,0.0,0.0
outer4,4,70,b7fd,120.0,90.0,0.0,120.00000762939453,120.00000762939453,0.0,180.0,1.0,0.0,-1.0
outer4,4,70,b7fd,120.0,120.0,25.905075073242188,0.0,-25.905075073242188,0.0,-30.0,0.0,1.0,1.0
outer4,4,70,b7fd,120.0,150.0,120.00000762939453,180.0,59.99999237060547,60.0,0.0,0.0,0.0,0.0
outer4,4,70,b7fd,120.0,180.0,0.0,0.0,0.0,0.0,0.0,1.0,1.0,0.0
outer4,4,70,b7fd,120.0,210.0,60.000003814697266,97.18075561523438,37.18075180053711,-60.0,120.0,0.0,0.0,0.0
outer4,4,70,b7fd,120.0,240.0,154.09490966796875,0.0,-154.09490966796875,-60.0,-150.0,0.0,1.0,1.0
outer4,4,70,b7fd,120.0,270.0,0.0,0.0,0.0,0.0,0.0,1.0,1.0,0.0
outer4,4,70,b7fd,120.0,300.0,29.99998664855957,0.0,-29.99998664855957,-30.0,0.0,0.0,1.0,1.0
outer4,4,70,b7fd,120.0,330.0,0.0,0.0,0.0,0.0,0.0,1.0,1.0,0.0
outer4,4,70,b7fd,150.0,0.0,29.99998664855957,29.99998664855957,0.0,0.0,0.0,0.0,0.0,0.0
outer4,4,70,b7fd,150.0,30.0,29.99998664855957,0.0,-29.99998664855957,-30.0,0.0,0.0,1.0,1.0
outer4,4,70,b7fd,150.0,60.0,120.00000762939453,151.04498291015625,31.04497528076172,0.0,120.0,0.0,0.0,0.0
outer4,4,70,b7fd,150.0,90.0,29.99998664855957,14.870942115783691,-15.129044532775879,-30.0,30.0,0.0,0.0,0.0
outer4,4,70,b7fd,150.0,120.0,0.0,0.0,0.0,0.0,0.0,1.0,1.0,0.0
outer4,4,70,b7fd,150.0,150.0,150.0,130.50535583496094,-19.494644165039062,0.0,-60.0,0.0,0.0,0.0
outer4,4,70,b7fd,150.0,180.0,29.99998664855957,90.0,60.00001335144043,0.0,180.0,0.0,0.0,0.0
outer4,4,70,b7fd,150.0,210.0,86.67425537109375,60.000003814697266,-26.674251556396484,-30.0,30.0,0.0,0.0,0.0
outer4,4,70,b7fd,150.0,240.0,60.000003814697266,128.68218994140625,68.68218612670898,120.0,-120.0,0.0,0.0,0.0
outer4,4,70,b7fd,150.0,270.0,0.0,60.000003814697266,60.000003814697266,0.0,180.0,1.0,0.0,-1.0
outer4,4,70,b7fd,150.0,300.0,57.7581901550293,60.000003814697266,2.2418136596679688,0.0,30.0,0.0,0.0,0.0
outer4,4,70,b7fd,150.0,330.0,143.9022216796875,102.50391387939453,-41.39830780029297,0.0,-90.0,0.0,0.0,0.0
outer4,4,70,b8ed,30.0,0.0,0.0,30.000001907348633,30.000001907348633,30.0,0.0,1.0,0.0,-1.0
outer4,4,70,b8ed,30.0,30.0,0.0,14.870942115783691,14.870942115783691,0.0,30.0,1.0,0.0,-1.0
outer4,4,70,b8ed,30.0,60.0,151.04498291015625,151.04498291015625,0.0,0.0,0.0,0.0,0.0,0.0
outer4,4,70,b8ed,30.0,90.0,0.0,0.0,0.0,0.0,0.0,1.0,1.0,0.0
outer4,4,70,b8ed,30.0,120.0,128.68218994140625,0.0,-128.68218994140625,-120.0,-60.0,0.0,1.0,1.0
outer4,4,70,b8ed,30.0,150.0,0.0,128.68218994140625,128.68218994140625,120.0,60.0,1.0,0.0,-1.0
outer4,4,70,b8ed,30.0,180.0,0.0,60.000003814697266,60.000003814697266,0.0,180.0,1.0,0.0,-1.0
outer4,4,70,b8ed,30.0,210.0,0.0,57.7581901550293,57.7581901550293,0.0,150.0,1.0,0.0,-1.0
outer4,4,70,b8ed,30.0,240.0,122.24180603027344,165.12905883789062,42.88725280761719,0.0,120.0,0.0,0.0,0.0
outer4,4,70,b8ed,30.0,270.0,0.0,0.0,0.0,0.0,0.0,1.0,1.0,0.0
outer4,4,70,b8ed,30.0,300.0,0.0,0.0,0.0,0.0,0.0,1.0,1.0,0.0
outer4,4,70,b8ed,30.0,330.0,122.24180603027344,128.68218994140625,6.4403839111328125,0.0,30.0,0.0,0.0,0.0
outer4,4,70,b8ed,60.0,0.0,30.000001907348633,0.0,-30.000001907348633,-30.0,0.0,0.0,1.0,1.0
outer4,4,70,b8ed,60.0,30.0,0.0,120.00000762939453,120.00000762939453,0.0,180.0,1.0,0.0,-1.0
outer4,4,70,b8ed,60.0,60.0,128.68218994140625,128.68218994140625,0.0,0.0,0.0,0.0,0.0,0.0
outer4,4,70,b8ed,60.0,90.0,0.0,60.000003814697266,60.000003814697266,60.0,0.0,1.0,0.0,-1.0
outer4,4,70,b8ed,60.0,120.0,0.0,60.000003814697266,60.000003814697266,60.0,0.0,1.0,0.0,-1.0
outer4,4,70,b8ed,60.0,150.0,25.905075073242188,97.1807632446289,71.27568817138672,0.0,90.0,0.0,0.0,0.0
outer4,4,70,b8ed,60.0,180.0,30.000001907348633,30.000001907348633,0.0,0.0,0.0,0.0,0.0,0.0
outer4,4,70,b8ed,60.0,210.0,120.00000762939453,60.000003814697266,-60.000003814697266,60.0,-180.0,0.0,0.0,0.0
outer4,4,70,b8ed,60.0,240.0,120.00000762939453,120.00000762939453,0.0,0.0,0.0,0.0,0.0,0.0
outer4,4,70,b8ed,60.0,270.0,120.00000762939453,113.54812622070312,-6.451881408691406,0.0,-30.0,0.0,0.0,0.0
outer4,4,70,b8ed,60.0,300.0,0.0,0.0,0.0,0.0,0.0,1.0,1.0,0.0
outer4,4,70,b8ed,60.0,330.0,82.81924438476562,128.6822052001953,45.86296081542969,0.0,60.0,0.0,0.0,0.0
outer4,4,70,b8ed,90.0,0.0,30.000001907348633,150.0,119.99999809265137,0.0,120.0,0.0,0.0,0.0
outer4,4,70,b8ed,90.0,30.0,180.0,180.0,0.0,0.0,0.0,0.0,0.0,0.0
outer4,4,70,b8ed,90.0,60.0,0.0,119.99999237060547,119.99999237060547,0.0,120.0,1.0,0.0,-1.0
outer4,4,70,b8ed,90.0,90.0,180.0,180.0,0.0,0.0,0.0,0.0,0.0,0.0
outer4,4,70,b8ed,90.0,120.0,0.0,0.0,0.0,0.0,0.0,1.0,1.0,0.0
outer4,4,70,b8ed,90.0,150.0,60.000003814697266,120.00000762939453,60.000003814697266,0.0,60.0,0.0,0.0,0.0
outer4,4,70,b8ed,90.0,180.0,150.0,150.0,0.0,0.0,0.0,0.0,0.0,0.0
outer4,4,70,b8ed,90.0,210.0,0.0,0.0,0.0,0.0,0.0,1.0,1.0,0.0
outer4,4,70,b8ed,90.0,240.0,120.00000762939453,120.00000762939453,0.0,0.0,0.0,0.0,0.0,0.0
outer4,4,70,b8ed,90.0,270.0,0.0,0.0,0.0,0.0,0.0,1.0,1.0,0.0
outer4,4,70,b8ed,90.0,300.0,0.0,0.0,0.0,0.0,0.0,1.0,1.0,0.0
outer4,4,70,b8ed,90.0,330.0,120.00000762939453,120.00000762939453,0.0,0.0,0.0,0.0,0.0,0.0
outer4,4,70,b8ed,120.0,0.0,29.99998664855957,0.0,-29.99998664855957,-30.0,0.0,0.0,1.0,1.0
outer4,4,70,b8ed,120.0,30.0,0.0,128.6822052001953,128.6822052001953,60.0,120.0,1.0,0.0,-1.0
outer4,4,70,b8ed,120.0,60.0,128.68218994140625,128.68218994140625,0.0,0.0,0.0,0.0,0.0,0.0
outer4,4,70,b8ed,120.0,90.0,0.0,60.000003814697266,60.000003814697266,60.0,0.0,1.0,0.0,-1.0
outer4,4,70,b8ed,120.0,120.0,128.6822052001953,128.6822052001953,0.0,0.0,0.0,0.0,0.0,0.0
outer4,4,70,b8ed,120.0,150.0,0.0,128.6822052001953,128.6822052001953,60.0,120.0,1.0,0.0,-1.0
outer4,4,70,b8ed,120.0,180.0,29.99998664855957,29.99998664855957,0.0,0.0,0.0,0.0,0.0,0.0
outer4,4,70,b8ed,120.0,210.0,120.00000762939453,82.81924438476562,-37.180763244628906,60.0,-120.0,0.0,0.0,0.0
outer4,4,70,b8ed,120.0,240.0,0.0,97.18075561523438,97.18075561523438,0.0,120.0,1.0,0.0,-1.0
outer4,4,70,b8ed,120.0,270.0,120.00000762939453,0.0,-120.00000762939453,0.0,-180.0,0.0,1.0,1.0
outer4,4,70,b8ed,120.0,300.0,0.0,0.0,0.0,0.0,0.0,1.0,1.0,0.0
outer4,4,70,b8ed,120.0,330.0,154.0949249267578,97.18075561523438,-56.91416931152344,-60.0,-30.0,0.0,0.0,0.0
outer4,4,70,b8ed,150.0,0.0,60.000003814697266,29.99998664855957,-30.000017166137695,30.0,-180.0,0.0,0.0,0.0
outer4,4,70,b8ed,150.0,30.0,60.000003814697266,60.000003814697266,0.0,0.0,0.0,0.0,0.0,0.0
outer4,4,70,b8ed,150.0,60.0,122.24180603027344,120.00000762939453,-2.2417984008789062,0.0,-30.0,0.0,0.0,0.0
outer4,4,70,b8ed,150.0,90.0,0.0,0.0,0.0,0.0,0.0,1.0,1.0,0.0
outer4,4,70,b8ed,150.0,120.0,0.0,0.0,0.0,0.0,0.0,1.0,1.0,0.0
outer4,4,70,b8ed,150.0,150.0,128.68218994140625,120.00000762939453,-8.682182312011719,0.0,-60.0,0.0,0.0,0.0
outer4,4,70,b8ed,150.0,180.0,0.0,29.99998664855957,29.99998664855957,30.0,0.0,1.0,0.0,-1.0
outer4,4,70,b8ed,150.0,210.0,0.0,0.0,0.0,0.0,0.0,1.0,1.0,0.0
outer4,4,70,b8ed,150.0,240.0,0.0,0.0,0.0,0.0,0.0,1.0,1.0,0.0
outer4,4,70,b8ed,150.0,270.0,0.0,60.000003814697266,60.000003814697266,0.0,180.0,1.0,0.0,-1.0
outer4,4,70,b8ed,150.0,300.0,0.0,0.0,0.0,0.0,0.0,1.0,1.0,0.0
outer4,4,70,b8ed,150.0,330.0,128.68218994140625,128.68218994140625,0.0,0.0,0.0,0.0,0.0,0.0
outer4,4,70,b979,30.0,0.0,60.000003814697266,60.000003814697266,0.0,0.0,0.0,0.0,0.0,0.0
outer4,4,70,b979,30.0,30.0,0.0,0.0,0.0,0.0,0.0,1.0,1.0,0.0
outer4,4,70,b979,30.0,60.0,122.24180603027344,128.68218994140625,6.4403839111328125,0.0,30.0,0.0,0.0,0.0
outer4,4,70,b979,30.0,90.0,60.000003814697266,90.0,29.999996185302734,30.0,0.0,0.0,0.0,0.0
outer4,4,70,b979,30.0,120.0,28.95502281188965,128.68218994140625,99.7271671295166,120.0,0.0,0.0,0.0,0.0
outer4,4,70,b979,30.0,150.0,60.000003814697266,122.24180603027344,62.24180221557617,120.0,-150.0,0.0,0.0,0.0
outer4,4,70,b979,30.0,180.0,0.0,0.0,0.0,0.0,0.0,1.0,1.0,0.0
outer4,4,70,b979,30.0,210.0,14.870942115783691,60.000003814697266,45.129061698913574,0.0,150.0,0.0,0.0,0.0
outer4,4,70,b979,30.0,240.0,165.12905883789062,165.12905883789062,0.0,0.0,0.0,0.0,0.0,0.0
outer4,4,70,b979,30.0,270.0,60.000003814697266,86.67425537109375,26.674251556396484,30.0,-30.0,0.0,0.0,0.0
outer4,4,70,b979,30.0,300.0,41.40962219238281,77.49608612060547,36.086463928222656,30.0,30.0,0.0,0.0,0.0
outer4,4,70,b979,30.0,330.0,14.870942115783691,128.68218994140625,113.81124782562256,120.0,30.0,0.0,0.0,0.0
outer4,4,70,b979,60.0,0.0,30.000001907348633,29.999998092651367,-3.814697265625e-06,0.0,0.0,0.0,0.0,0.0
outer4,4,70,b979,60.0,30.0,0.0,25.905075073242188,25.905075073242188,0.0,30.0,1.0,0.0,-1.0
outer4,4,70,b979,60.0,60.0,102.50391387939453,82.81924438476562,-19.684669494628906,-30.0,0.0,0.0,0.0,0.0
outer4,4,70,b979,60.0,90.0,154.09490966796875,60.000003814697266,-94.09490585327148,0.0,-150.0,0.0,0.0,0.0
outer4,4,70,b979,60.0,120.0,75.52249908447266,97.1807632446289,21.65826416015625,0.0,30.0,0.0,0.0,0.0
outer4,4,70,b979,60.0,150.0,104.47750854492188,180.0,75.52249145507812,0.0,90.0,0.0,0.0,0.0
outer4,4,70,b979,60.0,180.0,90.0,30.000001907348633,-59.99999809265137,0.0,-180.0,0.0,0.0,0.0
outer4,4,70,b979,60.0,210.0,60.000003814697266,97.1807632446289,37.18075942993164,-60.0,120.0,0.0,0.0,0.0
outer4,4,70,b979,60.0,240.0,120.00000762939453,150.0,29.99999237060547,90.0,0.0,0.0,0.0,0.0
outer4,4,70,b979,60.0,270.0,120.00000762939453,113.54812622070312,-6.451881408691406,0.0,-30.0,0.0,0.0,0.0
outer4,4,70,b979,60.0,300.0,115.65889739990234,97.18075561523438,-18.47814178466797,-90.0,30.0,0.0,0.0,0.0
outer4,4,70,b979,60.0,330.0,82.81924438476562,180.0,97.18075561523438,0.0,120.0,0.0,0.0,0.0
outer4,4,70,b979,90.0,0.0,41.40962219238281,150.0,108.59037780761719,-30.0,120.0,0.0,0.0,0.0
outer4,4,70,b979,90.0,30.0,29.999998092651367,30.000001907348633,3.814697265625e-06,-30.0,30.0,0.0,0.0,0.0
outer4,4,70,b979,90.0,60.0,90.0,0.0,-90.0,0.0,-90.0,0.0,1.0,1.0
outer4,4,70,b979,90.0,90.0,30.000001907348633,30.000001907348633,0.0,0.0,0.0,0.0,0.0,0.0
outer4,4,70,b979,90.0,120.0,90.0,60.000003814697266,-29.999996185302734,0.0,-30.0,0.0,0.0,0.0
outer4,4,70,b979,90.0,150.0,115.6589126586914,120.00000762939453,4.341094970703125,-30.0,0.0,0.0,0.0,0.0
outer4,4,70,b979,90.0,180.0,138.59039306640625,30.000001907348633,-108.59039115905762,-30.0,-120.0,0.0,0.0,0.0
outer4,4,70,b979,90.0,210.0,180.0,30.000001907348633,-149.99999809265137,0.0,-150.0,0.0,0.0,0.0
outer4,4,70,b979,90.0,240.0,180.0,60.000003814697266,-119.99999618530273,0.0,-120.0,0.0,0.0,0.0
outer4,4,70,b979,90.0,270.0,150.0,0.0,-150.0,0.0,-150.0,0.0,1.0,1.0
outer4,4,70,b979,90.0,300.0,90.0,60.000003814697266,-29.999996185302734,0.0,-30.0,0.0,0.0,0.0
outer4,4,70,b979,90.0,330.0,64.34110260009766,120.00000762939453,55.658905029296875,-30.0,60.0,0.0,0.0,0.0
outer4,4,70,b979,120.0,0.0,90.0,0.0,-90.0,-90.0,0.0,0.0,1.0,1.0
outer4,4,70,b979,120.0,30.0,0.0,97.18075561523438,97.18075561523438,0.0,120.0,1.0,0.0,-1.0
outer4,4,70,b979,120.0,60.0,66.45188903808594,66.45188903808594,0.0,0.0,0.0,0.0,0.0,0.0
outer4,4,70,b979,120.0,90.0,66.45188903808594,66.45188903808594,0.0,0.0,0.0,0.0,0.0,0.0
outer4,4,70,b979,120.0,120.0,82.81924438476562,128.6822052001953,45.86296081542969,0.0,60.0,0.0,0.0,0.0
outer4,4,70,b979,120.0,150.0,120.00000762939453,180.0,59.99999237060547,60.0,0.0,0.0,0.0,0.0
outer4,4,70,b979,120.0,180.0,90.0,120.00000762939453,30.00000762939453,-90.0,180.0,0.0,0.0,0.0
outer4,4,70,b979,120.0,210.0,0.0,97.18075561523438,97.18075561523438,0.0,120.0,1.0,0.0,-1.0
outer4,4,70,b979,120.0,240.0,75.52249145507812,75.52249145507812,0.0,0.0,0.0,0.0,0.0,0.0
outer4,4,70,b979,120.0,270.0,113.54811096191406,120.00000762939453,6.451896667480469,0.0,30.0,0.0,0.0,0.0
outer4,4,70,b979,120.0,300.0,29.99998664855957,90.0,60.00001335144043,0.0,180.0,0.0,0.0,0.0
outer4,4,70,b979,120.0,330.0,82.81924438476562,97.18075561523438,14.36151123046875,-60.0,60.0,0.0,0.0,0.0
outer4,4,70,b979,150.0,0.0,60.000003814697266,29.99998664855957,-30.000017166137695,30.0,-180.0,0.0,0.0,0.0
outer4,4,70,b979,150.0,30.0,0.0,14.870942115783691,14.870942115783691,0.0,30.0,1.0,0.0,-1.0
outer4,4,70,b979,150.0,60.0,120.00000762939453,90.0,-30.00000762939453,-30.0,0.0,0.0,0.0,0.0
outer4,4,70,b979,150.0,90.0,60.000003814697266,115.6589126586914,55.65890884399414,60.0,-30.0,0.0,0.0,0.0
outer4,4,70,b979,150.0,120.0,14.870942115783691,0.0,-14.870942115783691,0.0,-30.0,0.0,1.0,1.0
outer4,4,70,b979,150.0,150.0,122.24180603027344,120.00000762939453,-2.2417984008789062,0.0,-30.0,0.0,0.0,0.0
outer4,4,70,b979,150.0,180.0,120.00000762939453,14.870942115783691,-105.12906551361084,-120.0,30.0,0.0,0.0,0.0
outer4,4,70,b979,150.0,210.0,60.000003814697266,60.000003814697266,0.0,0.0,0.0,0.0,0.0,0.0
outer4,4,70,b979,150.0,240.0,57.7581901550293,93.32574462890625,35.56755447387695,90.0,-120.0,0.0,0.0,0.0
outer4,4,70,b979,150.0,270.0,60.000003814697266,90.0,29.999996185302734,30.0,0.0,0.0,0.0,0.0
outer4,4,70,b979,150.0,300.0,57.7581901550293,60.000003814697266,2.2418136596679688,0.0,30.0,0.0,0.0,0.0
outer4,4,70,b979,150.0,330.0,60.000003814697266,128.68218994140625,68.68218612670898,120.0,-120.0,0.0,0.0,0.0
outer4,4,70,baa9,30.0,0.0,0.0,0.0,0.0,0.0,0.0,1.0,1.0,0.0
outer4,4,70,baa9,30.0,30.0,0.0,0.0,0.0,0.0,0.0,1.0,1.0,0.0
outer4,4,70,baa9,30.0,60.0,0.0,0.0,0.0,0.0,0.0,1.0,1.0,0.0
outer4,4,70,baa9,30.0,90.0,0.0,0.0,0.0,0.0,0.0,1.0,1.0,0.0
outer4,4,70,baa9,30.0,120.0,0.0,0.0,0.0,0.0,0.0,1.0,1.0,0.0
outer4,4,70,baa9,30.0,150.0,0.0,0.0,0.0,0.0,0.0,1.0,1.0,0.0
outer4,4,70,baa9,30.0,180.0,0.0,0.0,0.0,0.0,0.0,1.0,1.0,0.0
outer4,4,70,baa9,30.0,210.0,0.0,0.0,0.0,0.0,0.0,1.0,1.0,0.0
outer4,4,70,baa9,30.0,240.0,0.0,0.0,0.0,0.0,0.0,1.0,1.0,0.0
outer4,4,70,baa9,30.0,270.0,0.0,0.0,0.0,0.0,0.0,1.0,1.0,0.0
outer4,4,70,baa9,30.0,300.0,0.0,0.0,0.0,0.0,0.0,1.0,1.0,0.0
outer4,4,70,baa9,30.0,330.0,0.0,0.0,0.0,0.0,0.0,1.0,1.0,0.0
outer4,4,70,baa9,60.0,0.0,0.0,0.0,0.0,0.0,0.0,1.0,1.0,0.0
outer4,4,70,baa9,60.0,30.0,0.0,0.0,0.0,0.0,0.0,1.0,1.0,0.0
outer4,4,70,baa9,60.0,60.0,0.0,0.0,0.0,0.0,0.0,1.0,1.0,0.0
outer4,4,70,baa9,60.0,90.0,0.0,0.0,0.0,0.0,0.0,1.0,1.0,0.0
outer4,4,70,baa9,60.0,120.0,0.0,0.0,0.0,0.0,0.0,1.0,1.0,0.0
outer4,4,70,baa9,60.0,150.0,0.0,0.0,0.0,0.0,0.0,1.0,1.0,0.0
outer4,4,70,baa9,60.0,180.0,0.0,0.0,0.0,0.0,0.0,1.0,1.0,0.0
outer4,4,70,baa9,60.0,210.0,82.81924438476562,0.0,-82.81924438476562,-60.0,-60.0,0.0,1.0,1.0
outer4,4,70,baa9,60.0,240.0,0.0,0.0,0.0,0.0,0.0,1.0,1.0,0.0
outer4,4,70,baa9,60.0,270.0,0.0,0.0,0.0,0.0,0.0,1.0,1.0,0.0
outer4,4,70,baa9,60.0,300.0,0.0,0.0,0.0,0.0,0.0,1.0,1.0,0.0
outer4,4,70,baa9,60.0,330.0,0.0,0.0,0.0,0.0,0.0,1.0,1.0,0.0
outer4,4,70,baa9,90.0,0.0,0.0,180.0,180.0,0.0,180.0,1.0,0.0,-1.0
outer4,4,70,baa9,90.0,30.0,0.0,0.0,0.0,0.0,0.0,1.0,1.0,0.0
outer4,4,70,baa9,90.0,60.0,0.0,0.0,0.0,0.0,0.0,1.0,1.0,0.0
outer4,4,70,baa9,90.0,90.0,0.0,0.0,0.0,0.0,0.0,1.0,1.0,0.0
outer4,4,70,baa9,90.0,120.0,0.0,0.0,0.0,0.0,0.0,1.0,1.0,0.0
outer4,4,70,baa9,90.0,150.0,0.0,0.0,0.0,0.0,0.0,1.0,1.0,0.0
outer4,4,70,baa9,90.0,180.0,0.0,0.0,0.0,0.0,0.0,1.0,1.0,0.0
outer4,4,70,baa9,90.0,210.0,0.0,0.0,0.0,0.0,0.0,1.0,1.0,0.0
outer4,4,70,baa9,90.0,240.0,0.0,0.0,0.0,0.0,0.0,1.0,1.0,0.0
outer4,4,70,baa9,90.0,270.0,0.0,0.0,0.0,0.0,0.0,1.0,1.0,0.0
outer4,4,70,baa9,90.0,300.0,0.0,0.0,0.0,0.0,0.0,1.0,1.0,0.0
outer4,4,70,baa9,90.0,330.0,0.0,0.0,0.0,0.0,0.0,1.0,1.0,0.0
outer4,4,70,baa9,120.0,0.0,0.0,0.0,0.0,0.0,0.0,1.0,1.0,0.0
outer4,4,70,baa9,120.0,30.0,0.0,0.0,0.0,0.0,0.0,1.0,1.0,0.0
outer4,4,70,baa9,120.0,60.0,0.0,0.0,0.0,0.0,0.0,1.0,1.0,0.0
outer4,4,70,baa9,120.0,90.0,0.0,0.0,0.0,0.0,0.0,1.0,1.0,0.0
outer4,4,70,baa9,120.0,120.0,0.0,0.0,0.0,0.0,0.0,1.0,1.0,0.0
outer4,4,70,baa9,120.0,150.0,0.0,0.0,0.0,0.0,0.0,1.0,1.0,0.0
outer4,4,70,baa9,120.0,180.0,0.0,0.0,0.0,0.0,0.0,1.0,1.0,0.0
outer4,4,70,baa9,120.0,210.0,0.0,0.0,0.0,0.0,0.0,1.0,1.0,0.0
outer4,4,70,baa9,120.0,240.0,0.0,0.0,0.0,0.0,0.0,1.0,1.0,0.0
outer4,4,70,baa9,120.0,270.0,0.0,0.0,0.0,0.0,0.0,1.0,1.0,0.0
outer4,4,70,baa9,120.0,300.0,0.0,0.0,0.0,0.0,0.0,1.0,1.0,0.0
outer4,4,70,baa9,120.0,330.0,0.0,0.0,0.0,0.0,0.0,1.0,1.0,0.0
outer4,4,70,baa9,150.0,0.0,0.0,0.0,0.0,0.0,0.0,1.0,1.0,0.0
outer4,4,70,baa9,150.0,30.0,0.0,0.0,0.0,0.0,0.0,1.0,1.0,0.0
outer4,4,70,baa9,150.0,60.0,0.0,0.0,0.0,0.0,0.0,1.0,1.0,0.0
outer4,4,70,baa9,150.0,90.0,0.0,0.0,0.0,0.0,0.0,1.0,1.0,0.0
outer4,4,70,baa9,150.0,120.0,0.0,0.0,0.0,0.0,0.0,1.0,1.0,0.0
outer4,4,70,baa9,150.0,150.0,0.0,0.0,0.0,0.0,0.0,1.0,1.0,0.0
outer4,4,70,baa9,150.0,180.0,0.0,0.0,0.0,0.0,0.0,1.0,1.0,0.0
outer4,4,70,baa9,150.0,210.0,0.0,0.0,0.0,0.0,0.0,1.0,1.0,0.0
outer4,4,70,baa9,150.0,240.0,0.0,0.0,0.0,0.0,0.0,1.0,1.0,0.0
outer4,4,70,baa9,150.0,270.0,0.0,0.0,0.0,0.0,0.0,1.0,1.0,0.0
outer4,4,70,baa9,150.0,300.0,0.0,0.0,0.0,0.0,0.0,1.0,1.0,0.0
outer4,4,70,baa9,150.0,330.0,0.0,0.0,0.0,0.0,0.0,1.0,1.0,0.0
outer4,4,70,bb26,30.0,0.0,90.0,150.0,60.0,60.0,0.0,0.0,0.0,0.0
outer4,4,70,bb26,30.0,30.0,0.0,30.000001907348633,30.000001907348633,30.0,0.0,1.0,0.0,-1.0
outer4,4,70,bb26,30.0,60.0,0.0,151.04498291015625,151.04498291015625,120.0,120.0,1.0,0.0,-1.0
outer4,4,70,bb26,30.0,90.0,180.0,150.0,-30.0,-30.0,0.0,0.0,0.0,0.0
outer4,4,70,bb26,30.0,120.0,122.24180603027344,90.0,-32.24180603027344,-90.0,150.0,0.0,0.0,0.0
outer4,4,70,bb26,30.0,150.0,60.000003814697266,165.12905883789062,105.12905502319336,120.0,-30.0,0.0,0.0,0.0
outer4,4,70,bb26,30.0,180.0,30.000001907348633,90.0,59.99999809265137,60.0,0.0,0.0,0.0,0.0
outer4,4,70,bb26,30.0,210.0,0.0,122.24180603027344,122.24180603027344,120.0,30.0,1.0,0.0,-1.0
outer4,4,70,bb26,30.0,240.0,60.000003814697266,0.0,-60.000003814697266,0.0,-180.0,0.0,1.0,1.0
outer4,4,70,bb26,30.0,270.0,60.000003814697266,0.0,-60.000003814697266,0.0,-180.0,0.0,1.0,1.0
outer4,4,70,bb26,30.0,300.0,77.49608612060547,0.0,-77.49608612060547,-30.0,-120.0,0.0,1.0,1.0
outer4,4,70,bb26,30.0,330.0,93.32575988769531,122.24180603027344,28.916046142578125,30.0,0.0,0.0,0.0,0.0
outer4,4,70,bb26,60.0,0.0,120.00000762939453,180.0,59.99999237060547,60.0,0.0,0.0,0.0,0.0
outer4,4,70,bb26,60.0,30.0,0.0,0.0,0.0,0.0,0.0,1.0,1.0,0.0
outer4,4,70,bb26,60.0,60.0,0.0,0.0,0.0,0.0,0.0,1.0,1.0,0.0
outer4,4,70,bb26,60.0,90.0,25.905075073242188,138.59039306640625,112.68531799316406,30.0,120.0,0.0,0.0,0.0
outer4,4,70,bb26,60.0,120.0,97.1807632446289,90.0,-7.180763244628906,30.0,-30.0,0.0,0.0,0.0
outer4,4,70,bb26,60.0,150.0,82.81924438476562,82.81924438476562,0.0,0.0,0.0,0.0,0.0,0.0
outer4,4,70,bb26,60.0,180.0,0.0,60.000003814697266,60.000003814697266,60.0,0.0,1.0,0.0,-1.0
outer4,4,70,bb26,60.0,210.0,60.000003814697266,60.000003814697266,0.0,0.0,0.0,0.0,0.0,0.0
outer4,4,70,bb26,60.0,240.0,120.00000762939453,0.0,-120.00000762939453,0.0,-180.0,0.0,1.0,1.0
outer4,4,70,bb26,60.0,270.0,25.905075073242188,25.905075073242188,0.0,0.0,0.0,0.0,0.0,0.0
outer4,4,70,bb26,60.0,300.0,128.68218994140625,0.0,-128.68218994140625,-60.0,-120.0,0.0,1.0,1.0
outer4,4,70,bb26,60.0,330.0,128.6822052001953,51.31782150268555,-77.36438369750977,-60.0,-60.0,0.0,0.0,0.0
outer4,4,70,bb26,90.0,0.0,0.0,30.00000762939453,30.00000762939453,0.0,30.0,1.0,0.0,-1.0
outer4,4,70,bb26,90.0,30.0,180.0,30.000001907348633,-149.99999809265137,0.0,-150.0,0.0,0.0,0.0
outer4,4,70,bb26,90.0,60.0,0.0,0.0,0.0,0.0,0.0,1.0,1.0,0.0
outer4,4,70,bb26,90.0,90.0,30.000001907348633,150.0,119.99999809265137,0.0,120.0,0.0,0.0,0.0
outer4,4,70,bb26,90.0,120.0,180.0,150.0,-30.0,0.0,-30.0,0.0,0.0,0.0
outer4,4,70,bb26,90.0,150.0,180.0,150.0,-30.0,0.0,-30.0,0.0,0.0,0.0
outer4,4,70,bb26,90.0,180.0,30.000001907348633,150.0,119.99999809265137,0.0,120.0,0.0,0.0,0.0
outer4,4,70,bb26,90.0,210.0,0.0,150.0,150.0,0.0,150.0,1.0,0.0,-1.0
outer4,4,70,bb26,90.0,240.0,180.0,0.0,-180.0,0.0,-180.0,0.0,1.0,1.0
outer4,4,70,bb26,90.0,270.0,150.0,30.000001907348633,-119.99999809265137,0.0,-120.0,0.0,0.0,0.0
outer4,4,70,bb26,90.0,300.0,0.0,30.000001907348633,30.000001907348633,0.0,30.0,1.0,0.0,-1.0
outer4,4,70,bb26,90.0,330.0,120.00000762939453,30.00000762939453,-90.0,0.0,-90.0,0.0,0.0,0.0
outer4,4,70,bb26,120.0,0.0,120.00000762939453,0.0,-120.00000762939453,0.0,-180.0,0.0,1.0,1.0
outer4,4,70,bb26,120.0,30.0,120.00000762939453,60.000003814697266,-60.000003814697266,60.0,-180.0,0.0,0.0,0.0
outer4,4,70,bb26,120.0,60.0,0.0,0.0,0.0,0.0,0.0,1.0,1.0,0.0
outer4,4,70,bb26,120.0,90.0,25.905075073242188,154.09490966796875,128.18983459472656,60.0,120.0,0.0,0.0,0.0
outer4,4,70,bb26,120.0,120.0,128.6822052001953,128.6822052001953,0.0,0.0,0.0,0.0,0.0,0.0
outer4,4,70,bb26,120.0,150.0,51.31781005859375,51.31781005859375,0.0,0.0,0.0,0.0,0.0,0.0
outer4,4,70,bb26,120.0,180.0,120.00000762939453,120.00000762939453,0.0,0.0,0.0,0.0,0.0,0.0
outer4,4,70,bb26,120.0,210.0,0.0,0.0,0.0,0.0,0.0,1.0,1.0,0.0
outer4,4,70,bb26,120.0,240.0,25.905075073242188,51.31781005859375,25.412734985351562,0.0,30.0,0.0,0.0,0.0
outer4,4,70,bb26,120.0,270.0,0.0,41.40962219238281,41.40962219238281,30.0,30.0,1.0,0.0,-1.0
outer4,4,70,bb26,120.0,300.0,128.68218994140625,60.000003814697266,-68.68218612670898,0.0,-120.0,0.0,0.0,0.0
outer4,4,70,bb26,120.0,330.0,82.81924438476562,82.81924438476562,0.0,0.0,0.0,0.0,0.0,0.0
outer4,4,70,bb26,150.0,0.0,29.99998664855957,29.99998664855957,0.0,0.0,0.0,0.0,0.0,0.0
outer4,4,70,bb26,150.0,30.0,36.09777069091797,14.870942115783691,-21.226828575134277,-30.0,0.0,0.0,0.0,0.0
outer4,4,70,bb26,150.0,60.0,90.0,151.04498291015625,61.04498291015625,30.0,120.0,0.0,0.0,0.0
outer4,4,70,bb26,150.0,90.0,180.0,180.0,0.0,0.0,0.0,0.0,0.0,0.0
outer4,4,70,bb26,150.0,120.0,128.68218994140625,57.7581901550293,-70.92399978637695,-120.0,90.0,0.0,0.0,0.0
outer4,4,70,bb26,150.0,150.0,122.24180603027344,93.32574462890625,-28.916061401367188,-30.0,0.0,0.0,0.0,0.0
outer4,4,70,bb26,150.0,180.0,29.99998664855957,90.0,60.00001335144043,0.0,180.0,0.0,0.0,0.0
outer4,4,70,bb26,150.0,210.0,151.04498291015625,57.7581901550293,-93.28679275512695,-120.0,30.0,0.0,0.0,0.0
outer4,4,70,bb26,150.0,240.0,57.7581901550293,60.000003814697266,2.2418136596679688,0.0,30.0,0.0,0.0,0.0
outer4,4,70,bb26,150.0,270.0,0.0,90.0,90.0,30.0,180.0,1.0,0.0,-1.0
outer4,4,70,bb26,150.0,300.0,151.04498291015625,0.0,-151.04498291015625,-120.0,-120.0,0.0,1.0,1.0
outer4,4,70,bb26,150.0,330.0,165.12905883789062,122.24180603027344,-42.88725280761719,0.0,-120.0,0.0,0.0,0.0
outer4,4,71,b7fd,30.0,0.0,30.000001907348633,30.000001907348633,0.0,0.0,0.0,0.0,0.0,0.0
outer4,4,71,b7fd,30.0,30.0,30.000001907348633,0.0,-30.000001907348633,-30.0,0.0,0.0,1.0,1.0
outer4,4,71,b7fd,30.0,60.0,122.24180603027344,165.12905883789062,42.88725280761719,0.0,120.0,0.0,0.0,0.0
outer4,4,71,b7fd,30.0,90.0,120.00000762939453,30.000001907348633,-90.0000057220459,-90.0,0.0,0.0,0.0,0.0
outer4,4,71,b7fd,30.0,120.0,36.097782135009766,30.000001907348633,-6.097780227661133,0.0,-30.0,0.0,0.0,0.0
outer4,4,71,b7fd,30.0,150.0,90.0,143.9022216796875,53.9022216796875,0.0,150.0,0.0,0.0,0.0
outer4,4,71,b7fd,30.0,180.0,0.0,30.000001907348633,30.000001907348633,30.0,0.0,1.0,0.0,-1.0
outer4,4,71,b7fd,30.0,210.0,36.097782135009766,0.0,-36.097782135009766,-30.0,-30.0,0.0,1.0,1.0
outer4,4,71,b7fd,30.0,240.0,165.12905883789062,151.04498291015625,-14.084075927734375,0.0,-30.0,0.0,0.0,0.0
outer4,4,71,b7fd,30.0,270.0,60.000003814697266,57.7581901550293,-2.2418136596679688,0.0,-30.0,0.0,0.0,0.0
outer4,4,71,b7fd,30.0,300.0,60.000003814697266,60.000003814697266,0.0,0.0,0.0,0.0,0.0,0.0
outer4,4,71,b7fd,30.0,330.0,102.50392150878906,102.50392150878906,0.0,0.0,0.0,0.0,0.0,0.0
outer4,4,71,b7fd,60.0,0.0,0.0,0.0,0.0,0.0,0.0,1.0,1.0,0.0
outer4,4,71,b7fd,60.0,30.0,49.494659423828125,25.905075073242188,-23.589584350585938,-30.0,-30.0,0.0,0.0,0.0
outer4,4,71,b7fd,60.0,60.0,128.68218994140625,130.50535583496094,1.8231658935546875,30.0,0.0,0.0,0.0,0.0
outer4,4,71,b7fd,60.0,90.0,0.0,0.0,0.0,0.0,0.0,1.0,1.0,0.0
outer4,4,71,b7fd,60.0,120.0,0.0,128.6822052001953,128.6822052001953,60.0,120.0,1.0,0.0,-1.0
outer4,4,71,b7fd,60.0,150.0,97.1807632446289,97.1807632446289,0.0,0.0,0.0,0.0,0.0,0.0
outer4,4,71,b7fd,60.0,180.0,0.0,143.9022216796875,143.9022216796875,90.0,150.0,1.0,0.0,-1.0
outer4,4,71,b7fd,60.0,210.0,154.0949249267578,180.0,25.905075073242188,0.0,30.0,0.0,0.0,0.0
outer4,4,71,b7fd,60.0,240.0,154.09490966796875,0.0,-154.09490966796875,-60.0,-150.0,0.0,1.0,1.0
outer4,4,71,b7fd,60.0,270.0,120.00000762939453,120.00000762939453,0.0,0.0,0.0,0.0,0.0,0.0
outer4,4,71,b7fd,60.0,300.0,0.0,0.0,0.0,0.0,0.0,1.0,1.0,0.0
outer4,4,71,b7fd,60.0,330.0,97.1807632446289,25.90509033203125,-71.27567291259766,0.0,-90.0,0.0,0.0,0.0
outer4,4,71,b7fd,90.0,0.0,150.0,180.0,30.0,0.0,30.0,0.0,0.0,0.0
outer4,4,71,b7fd,90.0,30.0,120.00000762939453,120.00000762939453,0.0,0.0,0.0,0.0,0.0,0.0
outer4,4,71,b7fd,90.0,60.0,30.000001907348633,30.000001907348633,0.0,0.0,0.0,0.0,0.0,0.0
outer4,4,71,b7fd,90.0,90.0,180.0,180.0,0.0,0.0,0.0,0.0,0.0,0.0
outer4,4,71,b7fd,90.0,120.0,30.000001907348633,120.00000762939453,90.0000057220459,0.0,90.0,0.0,0.0,0.0
outer4,4,71,b7fd,90.0,150.0,0.0,180.0,180.0,0.0,180.0,1.0,0.0,-1.0
outer4,4,71,b7fd,90.0,180.0,0.0,0.0,0.0,0.0,0.0,1.0,1.0,0.0
outer4,4,71,b7fd,90.0,210.0,60.000003814697266,60.000003814697266,0.0,0.0,0.0,0.0,0.0,0.0
outer4,4,71,b7fd,90.0,240.0,120.00000762939453,60.000003814697266,-60.000003814697266,0.0,-60.0,0.0,0.0,0.0
outer4,4,71,b7fd,90.0,270.0,0.0,0.0,0.0,0.0,0.0,1.0,1.0,0.0
outer4,4,71,b7fd,90.0,300.0,30.000001907348633,60.000003814697266,30.000001907348633,0.0,30.0,0.0,0.0,0.0
outer4,4,71,b7fd,90.0,330.0,180.0,0.0,-180.0,0.0,-180.0,0.0,1.0,1.0
outer4,4,71,b7fd,120.0,0.0,0.0,29.99998664855957,29.99998664855957,30.0,0.0,1.0,0.0,-1.0
outer4,4,71,b7fd,120.0,30.0,82.81924438476562,82.81924438476562,0.0,0.0,0.0,0.0,0.0,0.0
outer4,4,71,b7fd,120.0,60.0,104.47750854492188,154.0949249267578,49.61741638183594,0.0,60.0,0.0,0.0,0.0
outer4,4,71,b7fd,120.0,90.0,30.000001907348633,0.0,-30.000001907348633,-30.0,0.0,0.0,1.0,1.0
outer4,4,71,b7fd,120.0,120.0,25.905075073242188,128.6822052001953,102.77713012695312,60.0,90.0,0.0,0.0,0.0
outer4,4,71,b7fd,120.0,150.0,113.54811096191406,0.0,-113.54811096191406,0.0,-150.0,0.0,1.0,1.0
outer4,4,71,b7fd,120.0,180.0,60.000003814697266,0.0,-60.000003814697266,-60.0,0.0,0.0,1.0,1.0
outer4,4,71,b7fd,120.0,210.0,120.00000762939453,154.0949249267578,34.09491729736328,60.0,-30.0,0.0,0.0,0.0
outer4,4,71,b7fd,120.0,240.0,154.09490966796875,51.31781005859375,-102.777099609375,-60.0,-90.0,0.0,0.0,0.0
outer4,4,71,b7fd,120.0,270.0,120.00000762939453,0.0,-120.00000762939453,0.0,-180.0,0.0,1.0,1.0
outer4,4,71,b7fd,120.0,300.0,29.99998664855957,29.99998664855957,0.0,0.0,0.0,0.0,0.0,0.0
outer4,4,71,b7fd,120.0,330.0,120.00000762939453,0.0,-120.00000762939453,0.0,-180.0,0.0,1.0,1.0
outer4,4,71,b7fd,150.0,0.0,60.000003814697266,29.99998664855957,-30.000017166137695,30.0,-180.0,0.0,0.0,0.0
outer4,4,71,b7fd,150.0,30.0,29.99998664855957,0.0,-29.99998664855957,-30.0,0.0,0.0,1.0,1.0
outer4,4,71,b7fd,150.0,60.0,122.24180603027344,151.04498291015625,28.803176879882812,0.0,90.0,0.0,0.0,0.0
outer4,4,71,b7fd,150.0,90.0,180.0,150.0,-30.0,-30.0,0.0,0.0,0.0,0.0
outer4,4,71,b7fd,150.0,120.0,14.870942115783691,0.0,-14.870942115783691,0.0,-30.0,0.0,1.0,1.0
outer4,4,71,b7fd,150.0,150.0,93.32574462890625,130.50535583496094,37.17961120605469,0.0,90.0,0.0,0.0,0.0
outer4,4,71,b7fd,150.0,180.0,29.99998664855957,29.99998664855957,0.0,0.0,0.0,0.0,0.0,0.0
outer4,4,71,b7fd,150.0,210.0,36.09777069091797,60.000003814697266,23.902233123779297,-30.0,150.0,0.0,0.0,0.0
outer4,4,71,b7fd,150.0,240.0,165.12905883789062,165.12905883789062,0.0,0.0,0.0,0.0,0.0,0.0
outer4,4,71,b7fd,150.0,270.0,0.0,36.09777069091797,36.09777069091797,30.0,30.0,1.0,0.0,-1.0
outer4,4,71,b7fd,150.0,300.0,60.000003814697266,57.7581901550293,-2.2418136596679688,0.0,-30.0,0.0,0.0,0.0
outer4,4,71,b7fd,150.0,330.0,49.49464416503906,102.50391387939453,53.00926971435547,60.0,0.0,0.0,0.0,0.0
outer4,4,71,b8ed,30.0,0.0,0.0,30.000001907348633,30.000001907348633,30.0,0.0,1.0,0.0,-1.0
outer4,4,71,b8ed,30.0,30.0,60.000003814697266,0.0,-60.000003814697266,0.0,-180.0,0.0,1.0,1.0
outer4,4,71,b8ed,30.0,60.0,165.12905883789062,151.04498291015625,-14.084075927734375,0.0,-30.0,0.0,0.0,0.0
outer4,4,71,b8ed,30.0,90.0,0.0,30.000001907348633,30.000001907348633,30.0,0.0,1.0,0.0,-1.0
outer4,4,71,b8ed,30.0,120.0,120.00000762939453,0.0,-120.00000762939453,-120.0,0.0,0.0,1.0,1.0
outer4,4,71,b8ed,30.0,150.0,0.0,128.68218994140625,128.68218994140625,120.0,60.0,1.0,0.0,-1.0
outer4,4,71,b8ed,30.0,180.0,0.0,0.0,0.0,0.0,0.0,1.0,1.0,0.0
outer4,4,71,b8ed,30.0,210.0,0.0,0.0,0.0,0.0,0.0,1.0,1.0,0.0
outer4,4,71,b8ed,30.0,240.0,122.24180603027344,128.68218994140625,6.4403839111328125,0.0,30.0,0.0,0.0,0.0
outer4,4,71,b8ed,30.0,270.0,60.000003814697266,90.0,29.999996185302734,30.0,0.0,0.0,0.0,0.0
outer4,4,71,b8ed,30.0,300.0,0.0,0.0,0.0,0.0,0.0,1.0,1.0,0.0
outer4,4,71,b8ed,30.0,330.0,0.0,128.68218994140625,128.68218994140625,120.0,60.0,1.0,0.0,-1.0
outer4,4,71,b8ed,60.0,0.0,30.000001907348633,0.0,-30.000001907348633,-30.0,0.0,0.0,1.0,1.0
outer4,4,71,b8ed,60.0,30.0,90.0,0.0,-90.0,-90.0,0.0,0.0,1.0,1.0
outer4,4,71,b8ed,60.0,60.0,128.68218994140625,97.18075561523438,-31.501434326171875,-60.0,0.0,0.0,0.0,0.0
outer4,4,71,b8ed,60.0,90.0,0.0,0.0,0.0,0.0,0.0,1.0,1.0,0.0
outer4,4,71,b8ed,60.0,120.0,0.0,0.0,0.0,0.0,0.0,1.0,1.0,0.0
outer4,4,71,b8ed,60.0,150.0,128.6822052001953,82.81924438476562,-45.86296081542969,0.0,-60.0,0.0,0.0,0.0
outer4,4,71,b8ed,60.0,180.0,30.000001907348633,0.0,-30.000001907348633,-30.0,0.0,0.0,1.0,1.0
outer4,4,71,b8ed,60.0,210.0,120.00000762939453,0.0,-120.00000762939453,0.0,-180.0,0.0,1.0,1.0
outer4,4,71,b8ed,60.0,240.0,0.0,150.0,150.0,90.0,180.0,1.0,0.0,-1.0
outer4,4,71,b8ed,60.0,270.0,120.00000762939453,113.54812622070312,-6.451881408691406,0.0,-30.0,0.0,0.0,0.0
outer4,4,71,b8ed,60.0,300.0,0.0,0.0,0.0,0.0,0.0,1.0,1.0,0.0
outer4,4,71,b8ed,60.0,330.0,82.81924438476562,82.81924438476562,0.0,0.0,0.0,0.0,0.0,0.0
outer4,4,71,b8ed,90.0,0.0,150.0,30.000001907348633,-119.99999809265137,0.0,-120.0,0.0,0.0,0.0
outer4,4,71,b8ed,90.0,30.0,180.0,0.0,-180.0,0.0,-180.0,0.0,1.0,1.0
outer4,4,71,b8ed,90.0,60.0,0.0,60.000003814697266,60.000003814697266,0.0,60.0,1.0,0.0,-1.0
outer4,4,71,b8ed,90.0,90.0,180.0,180.0,0.0,0.0,0.0,0.0,0.0,0.0
outer4,4,71,b8ed,90.0,120.0,0.0,0.0,0.0,0.0,0.0,1.0,1.0,0.0
outer4,4,71,b8ed,90.0,150.0,60.000003814697266,120.00000762939453,60.000003814697266,0.0,60.0,0.0,0.0,0.0
outer4,4,71,b8ed,90.0,180.0,30.000001907348633,150.0,119.99999809265137,0.0,120.0,0.0,0.0,0.0
outer4,4,71,b8ed,90.0,210.0,0.0,180.0,180.0,0.0,180.0,1.0,0.0,-1.0
outer4,4,71,b8ed,90.0,240.0,120.00000762939453,120.00000762939453,0.0,0.0,0.0,0.0,0.0,0.0
outer4,4,71,b8ed,90.0,270.0,0.0,0.0,0.0,0.0,0.0,1.0,1.0,0.0
outer4,4,71,b8ed,90.0,300.0,180.0,0.0,-180.0,0.0,-180.0,0.0,1.0,1.0
outer4,4,71,b8ed,90.0,330.0,120.00000762939453,120.00000762939453,0.0,0.0,0.0,0.0,0.0,0.0
outer4,4,71,b8ed,120.0,0.0,29.99998664855957,0.0,-29.99998664855957,-30.0,0.0,0.0,1.0,1.0
outer4,4,71,b8ed,120.0,30.0,0.0,0.0,0.0,0.0,0.0,1.0,1.0,0.0
outer4,4,71,b8ed,120.0,60.0,128.68218994140625,128.68218994140625,0.0,0.0,0.0,0.0,0.0,0.0
outer4,4,71,b8ed,120.0,90.0,0.0,0.0,0.0,0.0,0.0,1.0,1.0,0.0
outer4,4,71,b8ed,120.0,120.0,128.6822052001953,97.18075561523438,-31.501449584960938,-60.0,0.0,0.0,0.0,0.0
outer4,4,71,b8ed,120.0,150.0,97.18075561523438,180.0,82.81924438476562,60.0,60.0,0.0,0.0,0.0
outer4,4,71,b8ed,120.0,180.0,29.99998664855957,0.0,-29.99998664855957,-30.0,0.0,0.0,1.0,1.0
outer4,4,71,b8ed,120.0,210.0,120.00000762939453,120.00000762939453,0.0,0.0,0.0,0.0,0.0,0.0
outer4,4,71,b8ed,120.0,240.0,0.0,97.18075561523438,97.18075561523438,0.0,120.0,1.0,0.0,-1.0
outer4,4,71,b8ed,120.0,270.0,0.0,0.0,0.0,0.0,0.0,1.0,1.0,0.0
outer4,4,71,b8ed,120.0,300.0,0.0,0.0,0.0,0.0,0.0,1.0,1.0,0.0
outer4,4,71,b8ed,120.0,330.0,25.905075073242188,0.0,-25.905075073242188,0.0,-30.0,0.0,1.0,1.0
outer4,4,71,b8ed,150.0,0.0,60.000003814697266,29.99998664855957,-30.000017166137695,30.0,-180.0,0.0,0.0,0.0
outer4,4,71,b8ed,150.0,30.0,60.000003814697266,14.870942115783691,-45.129061698913574,0.0,-150.0,0.0,0.0,0.0
outer4,4,71,b8ed,150.0,60.0,120.00000762939453,151.04498291015625,31.04497528076172,0.0,120.0,0.0,0.0,0.0
outer4,4,71,b8ed,150.0,90.0,0.0,29.99998664855957,29.99998664855957,30.0,0.0,1.0,0.0,-1.0
outer4,4,71,b8ed,150.0,120.0,0.0,0.0,0.0,0.0,0.0,1.0,1.0,0.0
outer4,4,71,b8ed,150.0,150.0,0.0,0.0,0.0,0.0,0.0,1.0,1.0,0.0
outer4,4,71,b8ed,150.0,180.0,0.0,29.99998664855957,29.99998664855957,30.0,0.0,1.0,0.0,-1.0
outer4,4,71,b8ed,150.0,210.0,0.0,0.0,0.0,0.0,0.0,1.0,1.0,0.0
outer4,4,71,b8ed,150.0,240.0,0.0,60.000003814697266,60.000003814697266,0.0,180.0,1.0,0.0,-1.0
outer4,4,71,b8ed,150.0,270.0,0.0,0.0,0.0,0.0,0.0,1.0,1.0,0.0
outer4,4,71,b8ed,150.0,300.0,0.0,0.0,0.0,0.0,0.0,1.0,1.0,0.0
outer4,4,71,b8ed,150.0,330.0,0.0,151.04498291015625,151.04498291015625,120.0,120.0,1.0,0.0,-1.0
outer4,4,71,b979,30.0,0.0,0.0,60.000003814697266,60.000003814697266,0.0,180.0,1.0,0.0,-1.0
outer4,4,71,b979,30.0,30.0,0.0,0.0,0.0,0.0,0.0,1.0,1.0,0.0
outer4,4,71,b979,30.0,60.0,122.24180603027344,122.24180603027344,0.0,0.0,0.0,0.0,0.0,0.0
outer4,4,71,b979,30.0,90.0,60.000003814697266,86.67425537109375,26.674251556396484,30.0,-30.0,0.0,0.0,0.0
outer4,4,71,b979,30.0,120.0,28.95502281188965,128.68218994140625,99.7271671295166,120.0,0.0,0.0,0.0,0.0
outer4,4,71,b979,30.0,150.0,0.0,122.24180603027344,122.24180603027344,120.0,30.0,1.0,0.0,-1.0
outer4,4,71,b979,30.0,180.0,0.0,0.0,0.0,0.0,0.0,1.0,1.0,0.0
outer4,4,71,b979,30.0,210.0,0.0,57.7581901550293,57.7581901550293,0.0,150.0,1.0,0.0,-1.0
outer4,4,71,b979,30.0,240.0,165.12905883789062,165.12905883789062,0.0,0.0,0.0,0.0,0.0,0.0
outer4,4,71,b979,30.0,270.0,60.000003814697266,165.12905883789062,105.12905502319336,120.0,-30.0,0.0,0.0,0.0
outer4,4,71,b979,30.0,300.0,51.31781005859375,151.04498291015625,99.7271728515625,120.0,0.0,0.0,0.0,0.0
outer4,4,71,b979,30.0,330.0,28.95502281188965,128.68218994140625,99.7271671295166,120.0,0.0,0.0,0.0,0.0
outer4,4,71,b979,60.0,0.0,30.000001907348633,29.999998092651367,-3.814697265625e-06,0.0,0.0,0.0,0.0,0.0
outer4,4,71,b979,60.0,30.0,86.67425537109375,64.34110260009766,-22.333152770996094,0.0,-90.0,0.0,0.0,0.0
outer4,4,71,b979,60.0,60.0,66.45188903808594,51.31781005859375,-15.134078979492188,-60.0,30.0,0.0,0.0,0.0
outer4,4,71,b979,60.0,90.0,138.59039306640625,66.45188903808594,-72.13850402832031,30.0,-120.0,0.0,0.0,0.0
outer4,4,71,b979,60.0,120.0,25.905075073242188,130.50535583496094,104.60028076171875,90.0,90.0,0.0,0.0,0.0
outer4,4,71,b979,60.0,150.0,97.1807632446289,51.31781005859375,-45.862953186035156,0.0,-60.0,0.0,0.0,0.0
outer4,4,71,b979,60.0,180.0,30.000001907348633,30.000001907348633,0.0,0.0,0.0,0.0,0.0,0.0
outer4,4,71,b979,60.0,210.0,120.00000762939453,113.54812622070312,-6.451881408691406,0.0,-30.0,0.0,0.0,0.0
outer4,4,71,b979,60.0,240.0,29.999998092651367,150.0,120.00000190734863,60.0,180.0,0.0,0.0,0.0
outer4,4,71,b979,60.0,270.0,86.67425537109375,113.54812622070312,26.873870849609375,-30.0,0.0,0.0,0.0,0.0
outer4,4,71,b979,60.0,300.0,51.31781005859375,130.50535583496094,79.18754577636719,90.0,60.0,0.0,0.0,0.0
outer4,4,71,b979,60.0,330.0,82.81924438476562,60.000003814697266,-22.81924057006836,0.0,-60.0,0.0,0.0,0.0
outer4,4,71,b979,90.0,0.0,138.59039306640625,119.99999237060547,-18.59040069580078,-30.0,-30.0,0.0,0.0,0.0
outer4,4,71,b979,90.0,30.0,30.000001907348633,150.0,119.99999809265137,-30.0,150.0,0.0,0.0,0.0
outer4,4,71,b979,90.0,60.0,90.0,60.000003814697266,-29.999996185302734,0.0,-30.0,0.0,0.0,0.0
outer4,4,71,b979,90.0,90.0,30.000001907348633,0.0,-30.000001907348633,0.0,-30.0,0.0,1.0,1.0
outer4,4,71,b979,90.0,120.0,30.000001907348633,120.00000762939453,90.0000057220459,0.0,90.0,0.0,0.0,0.0
outer4,4,71,b979,90.0,150.0,64.34109497070312,120.00000762939453,55.658912658691406,-30.0,60.0,0.0,0.0,0.0
outer4,4,71,b979,90.0,180.0,41.40962219238281,60.000003814697266,18.590381622314453,-30.0,30.0,0.0,0.0,0.0
outer4,4,71,b979,90.0,210.0,180.0,30.000001907348633,-149.99999809265137,0.0,-150.0,0.0,0.0,0.0
outer4,4,71,b979,90.0,240.0,90.0,60.000003814697266,-29.999996185302734,0.0,-30.0,0.0,0.0,0.0
outer4,4,71,b979,90.0,270.0,150.0,0.0,-150.0,0.0,-150.0,0.0,1.0,1.0
outer4,4,71,b979,90.0,300.0,150.0,60.000003814697266,-89.99999618530273,0.0,-90.0,0.0,0.0,0.0
outer4,4,71,b979,90.0,330.0,64.34110260009766,120.00000762939453,55.658905029296875,-30.0,60.0,0.0,0.0,0.0
outer4,4,71,b979,120.0,0.0,29.99998664855957,0.0,-29.99998664855957,-30.0,0.0,0.0,1.0,1.0
outer4,4,71,b979,120.0,30.0,154.0949249267578,51.31781005859375,-102.77711486816406,-60.0,-90.0,0.0,0.0,0.0
outer4,4,71,b979,120.0,60.0,64.34109497070312,29.99998664855957,-34.341108322143555,0.0,-90.0,0.0,0.0,0.0
outer4,4,71,b979,120.0,90.0,30.000001907348633,66.45188903808594,36.451887130737305,30.0,30.0,0.0,0.0,0.0
outer4,4,71,b979,120.0,120.0,115.6589126586914,115.6589126586914,0.0,0.0,0.0,0.0,0.0,0.0
outer4,4,71,b979,120.0,150.0,97.18075561523438,120.00000762939453,22.819252014160156,0.0,60.0,0.0,0.0,0.0
outer4,4,71,b979,120.0,180.0,36.09777069091797,0.0,-36.09777069091797,-30.0,-30.0,0.0,1.0,1.0
outer4,4,71,b979,120.0,210.0,180.0,51.31781005859375,-128.68218994140625,-60.0,-120.0,0.0,0.0,0.0
outer4,4,71,b979,120.0,240.0,66.45188903808594,128.68218994140625,62.23030090332031,0.0,90.0,0.0,0.0,0.0
outer4,4,71,b979,120.0,270.0,120.00000762939453,120.00000762939453,0.0,0.0,0.0,0.0,0.0,0.0
outer4,4,71,b979,120.0,300.0,36.09777069091797,90.0,53.90222930908203,0.0,150.0,0.0,0.0,0.0
outer4,4,71,b979,120.0,330.0,180.0,30.000001907348633,-149.99999809265137,-30.0,-180.0,0.0,0.0,0.0
outer4,4,71,b979,150.0,0.0,0.0,90.0,90.0,30.0,180.0,1.0,0.0,-1.0
outer4,4,71,b979,150.0,30.0,0.0,14.870942115783691,14.870942115783691,0.0,30.0,1.0,0.0,-1.0
outer4,4,71,b979,150.0,60.0,0.0,0.0,0.0,0.0,0.0,1.0,1.0,0.0
outer4,4,71,b979,150.0,90.0,60.000003814697266,143.9022216796875,83.90221786499023,90.0,-30.0,0.0,0.0,0.0
outer4,4,71,b979,150.0,120.0,14.870942115783691,0.0,-14.870942115783691,0.0,-30.0,0.0,1.0,1.0
outer4,4,71,b979,150.0,150.0,0.0,60.000003814697266,60.000003814697266,0.0,180.0,1.0,0.0,-1.0
outer4,4,71,b979,150.0,180.0,0.0,29.99998664855957,29.99998664855957,30.0,0.0,1.0,0.0,-1.0
outer4,4,71,b979,150.0,210.0,0.0,57.7581901550293,57.7581901550293,0.0,150.0,1.0,0.0,-1.0
outer4,4,71,b979,150.0,240.0,0.0,0.0,0.0,0.0,0.0,1.0,1.0,0.0
outer4,4,71,b979,150.0,270.0,60.000003814697266,90.0,29.999996185302734,30.0,0.0,0.0,0.0,0.0
outer4,4,71,b979,150.0,300.0,57.7581901550293,60.000003814697266,2.2418136596679688,0.0,30.0,0.0,0.0,0.0
outer4,4,71,b979,150.0,330.0,60.000003814697266,128.68218994140625,68.68218612670898,120.0,-120.0,0.0,0.0,0.0
outer4,4,71,baa9,30.0,0.0,0.0,0.0,0.0,0.0,0.0,1.0,1.0,0.0
outer4,4,71,baa9,30.0,30.0,0.0,0.0,0.0,0.0,0.0,1.0,1.0,0.0
outer4,4,71,baa9,30.0,60.0,0.0,0.0,0.0,0.0,0.0,1.0,1.0,0.0
outer4,4,71,baa9,30.0,90.0,0.0,0.0,0.0,0.0,0.0,1.0,1.0,0.0
outer4,4,71,baa9,30.0,120.0,0.0,0.0,0.0,0.0,0.0,1.0,1.0,0.0
outer4,4,71,baa9,30.0,150.0,0.0,0.0,0.0,0.0,0.0,1.0,1.0,0.0
outer4,4,71,baa9,30.0,180.0,0.0,0.0,0.0,0.0,0.0,1.0,1.0,0.0
outer4,4,71,baa9,30.0,210.0,0.0,0.0,0.0,0.0,0.0,1.0,1.0,0.0
outer4,4,71,baa9,30.0,240.0,0.0,0.0,0.0,0.0,0.0,1.0,1.0,0.0
outer4,4,71,baa9,30.0,270.0,0.0,0.0,0.0,0.0,0.0,1.0,1.0,0.0
outer4,4,71,baa9,30.0,300.0,0.0,0.0,0.0,0.0,0.0,1.0,1.0,0.0
outer4,4,71,baa9,30.0,330.0,0.0,0.0,0.0,0.0,0.0,1.0,1.0,0.0
outer4,4,71,baa9,60.0,0.0,0.0,0.0,0.0,0.0,0.0,1.0,1.0,0.0
outer4,4,71,baa9,60.0,30.0,0.0,0.0,0.0,0.0,0.0,1.0,1.0,0.0
outer4,4,71,baa9,60.0,60.0,0.0,0.0,0.0,0.0,0.0,1.0,1.0,0.0
outer4,4,71,baa9,60.0,90.0,0.0,0.0,0.0,0.0,0.0,1.0,1.0,0.0
outer4,4,71,baa9,60.0,120.0,0.0,0.0,0.0,0.0,0.0,1.0,1.0,0.0
outer4,4,71,baa9,60.0,150.0,0.0,0.0,0.0,0.0,0.0,1.0,1.0,0.0
outer4,4,71,baa9,60.0,180.0,0.0,0.0,0.0,0.0,0.0,1.0,1.0,0.0
outer4,4,71,baa9,60.0,210.0,0.0,0.0,0.0,0.0,0.0,1.0,1.0,0.0
outer4,4,71,baa9,60.0,240.0,0.0,0.0,0.0,0.0,0.0,1.0,1.0,0.0
outer4,4,71,baa9,60.0,270.0,0.0,0.0,0.0,0.0,0.0,1.0,1.0,0.0
outer4,4,71,baa9,60.0,300.0,0.0,0.0,0.0,0.0,0.0,1.0,1.0,0.0
outer4,4,71,baa9,60.0,330.0,0.0,0.0,0.0,0.0,0.0,1.0,1.0,0.0
outer4,4,71,baa9,90.0,0.0,0.0,180.0,180.0,0.0,180.0,1.0,0.0,-1.0
outer4,4,71,baa9,90.0,30.0,0.0,0.0,0.0,0.0,0.0,1.0,1.0,0.0
outer4,4,71,baa9,90.0,60.0,0.0,0.0,0.0,0.0,0.0,1.0,1.0,0.0
outer4,4,71,baa9,90.0,90.0,0.0,0.0,0.0,0.0,0.0,1.0,1.0,0.0
outer4,4,71,baa9,90.0,120.0,0.0,0.0,0.0,0.0,0.0,1.0,1.0,0.0
outer4,4,71,baa9,90.0,150.0,0.0,0.0,0.0,0.0,0.0,1.0,1.0,0.0
outer4,4,71,baa9,90.0,180.0,0.0,0.0,0.0,0.0,0.0,1.0,1.0,0.0
outer4,4,71,baa9,90.0,210.0,0.0,0.0,0.0,0.0,0.0,1.0,1.0,0.0
outer4,4,71,baa9,90.0,240.0,0.0,0.0,0.0,0.0,0.0,1.0,1.0,0.0
outer4,4,71,baa9,90.0,270.0,0.0,0.0,0.0,0.0,0.0,1.0,1.0,0.0
outer4,4,71,baa9,90.0,300.0,0.0,0.0,0.0,0.0,0.0,1.0,1.0,0.0
outer4,4,71,baa9,90.0,330.0,0.0,0.0,0.0,0.0,0.0,1.0,1.0,0.0
outer4,4,71,baa9,120.0,0.0,0.0,0.0,0.0,0.0,0.0,1.0,1.0,0.0
outer4,4,71,baa9,120.0,30.0,0.0,0.0,0.0,0.0,0.0,1.0,1.0,0.0
outer4,4,71,baa9,120.0,60.0,0.0,0.0,0.0,0.0,0.0,1.0,1.0,0.0
outer4,4,71,baa9,120.0,90.0,0.0,0.0,0.0,0.0,0.0,1.0,1.0,0.0
outer4,4,71,baa9,120.0,120.0,0.0,0.0,0.0,0.0,0.0,1.0,1.0,0.0
outer4,4,71,baa9,120.0,150.0,0.0,0.0,0.0,0.0,0.0,1.0,1.0,0.0
outer4,4,71,baa9,120.0,180.0,0.0,0.0,0.0,0.0,0.0,1.0,1.0,0.0
outer4,4,71,baa9,120.0,210.0,0.0,0.0,0.0,0.0,0.0,1.0,1.0,0.0
outer4,4,71,baa9,120.0,240.0,0.0,0.0,0.0,0.0,0.0,1.0,1.0,0.0
outer4,4,71,baa9,120.0,270.0,0.0,0.0,0.0,0.0,0.0,1.0,1.0,0.0
outer4,4,71,baa9,120.0,300.0,0.0,0.0,0.0,0.0,0.0,1.0,1.0,0.0
outer4,4,71,baa9,120.0,330.0,0.0,0.0,0.0,0.0,0.0,1.0,1.0,0.0
outer4,4,71,baa9,150.0,0.0,0.0,0.0,0.0,0.0,0.0,1.0,1.0,0.0
outer4,4,71,baa9,150.0,30.0,0.0,0.0,0.0,0.0,0.0,1.0,1.0,0.0
outer4,4,71,baa9,150.0,60.0,0.0,0.0,0.0,0.0,0.0,1.0,1.0,0.0
outer4,4,71,baa9,150.0,90.0,0.0,0.0,0.0,0.0,0.0,1.0,1.0,0.0
outer4,4,71,baa9,150.0,120.0,0.0,0.0,0.0,0.0,0.0,1.0,1.0,0.0
outer4,4,71,baa9,150.0,150.0,0.0,0.0,0.0,0.0,0.0,1.0,1.0,0.0
outer4,4,71,baa9,150.0,180.0,0.0,0.0,0.0,0.0,0.0,1.0,1.0,0.0
outer4,4,71,baa9,150.0,210.0,0.0,0.0,0.0,0.0,0.0,1.0,1.0,0.0
outer4,4,71,baa9,150.0,240.0,0.0,0.0,0.0,0.0,0.0,1.0,1.0,0.0
outer4,4,71,baa9,150.0,270.0,0.0,0.0,0.0,0.0,0.0,1.0,1.0,0.0
outer4,4,71,baa9,150.0,300.0,0.0,0.0,0.0,0.0,0.0,1.0,1.0,0.0
outer4,4,71,baa9,150.0,330.0,0.0,0.0,0.0,0.0,0.0,1.0,1.0,0.0
outer4,4,71,bb26,30.0,0.0,150.0,150.0,0.0,0.0,0.0,0.0,0.0,0.0
outer4,4,71,bb26,30.0,30.0,0.0,30.000001907348633,30.000001907348633,30.0,0.0,1.0,0.0,-1.0
outer4,4,71,bb26,30.0,60.0,0.0,151.04498291015625,151.04498291015625,120.0,120.0,1.0,0.0,-1.0
outer4,4,71,bb26,30.0,90.0,180.0,150.0,-30.0,-30.0,0.0,0.0,0.0,0.0
outer4,4,71,bb26,30.0,120.0,128.68218994140625,90.0,-38.68218994140625,-90.0,120.0,0.0,0.0,0.0
outer4,4,71,bb26,30.0,150.0,60.000003814697266,165.12905883789062,105.12905502319336,120.0,-30.0,0.0,0.0,0.0
outer4,4,71,bb26,30.0,180.0,30.000001907348633,90.0,59.99999809265137,60.0,0.0,0.0,0.0,0.0
outer4,4,71,bb26,30.0,210.0,28.95502281188965,51.31781005859375,22.3627872467041,0.0,60.0,0.0,0.0,0.0
outer4,4,71,bb26,30.0,240.0,60.000003814697266,14.870942115783691,-45.129061698913574,0.0,-150.0,0.0,0.0,0.0
outer4,4,71,bb26,30.0,270.0,0.0,0.0,0.0,0.0,0.0,1.0,1.0,0.0
outer4,4,71,bb26,30.0,300.0,151.04498291015625,0.0,-151.04498291015625,-120.0,-120.0,0.0,1.0,1.0
outer4,4,71,bb26,30.0,330.0,122.24180603027344,128.68218994140625,6.4403839111328125,0.0,30.0,0.0,0.0,0.0
outer4,4,71,bb26,60.0,0.0,120.00000762939453,180.0,59.99999237060547,60.0,0.0,0.0,0.0,0.0
outer4,4,71,bb26,60.0,30.0,130.50535583496094,97.1807632446289,-33.32459259033203,-90.0,0.0,0.0,0.0,0.0
outer4,4,71,bb26,60.0,60.0,25.905075073242188,0.0,-25.905075073242188,0.0,-30.0,0.0,1.0,1.0
outer4,4,71,bb26,60.0,90.0,60.000003814697266,138.59039306640625,78.59038925170898,-30.0,150.0,0.0,0.0,0.0
outer4,4,71,bb26,60.0,120.0,128.6822052001953,138.59039306640625,9.908187866210938,-30.0,30.0,0.0,0.0,0.0
outer4,4,71,bb26,60.0,150.0,30.000001907348633,120.00000762939453,90.0000057220459,-30.0,180.0,0.0,0.0,0.0
outer4,4,71,bb26,60.0,180.0,0.0,60.000003814697266,60.000003814697266,60.0,0.0,1.0,0.0,-1.0
outer4,4,71,bb26,60.0,210.0,113.5481185913086,82.81924438476562,-30.72887420654297,60.0,-90.0,0.0,0.0,0.0
outer4,4,71,bb26,60.0,240.0,150.0,0.0,-150.0,-30.0,-180.0,0.0,1.0,1.0
outer4,4,71,bb26,60.0,270.0,0.0,25.905075073242188,25.905075073242188,0.0,30.0,1.0,0.0,-1.0
outer4,4,71,bb26,60.0,300.0,104.47750854492188,0.0,-104.47750854492188,-60.0,-90.0,0.0,1.0,1.0
outer4,4,71,bb26,60.0,330.0,102.50391387939453,128.6822052001953,26.17829132080078,-30.0,60.0,0.0,0.0,0.0
outer4,4,71,bb26,90.0,0.0,0.0,180.0,180.0,0.0,180.0,1.0,0.0,-1.0
outer4,4,71,bb26,90.0,30.0,60.00000762939453,150.0,89.99999237060547,0.0,90.0,0.0,0.0,0.0
outer4,4,71,bb26,90.0,60.0,60.000003814697266,60.000003814697266,0.0,0.0,0.0,0.0,0.0,0.0
outer4,4,71,bb26,90.0,90.0,30.000001907348633,150.0,119.99999809265137,0.0,120.0,0.0,0.0,0.0
outer4,4,71,bb26,90.0,120.0,0.0,0.0,0.0,0.0,0.0,1.0,1.0,0.0
outer4,4,71,bb26,90.0,150.0,180.0,30.000001907348633,-149.99999809265137,0.0,-150.0,0.0,0.0,0.0
outer4,4,71,bb26,90.0,180.0,180.0,0.0,-180.0,0.0,-180.0,0.0,1.0,1.0
outer4,4,71,bb26,90.0,210.0,180.0,180.0,0.0,0.0,0.0,0.0,0.0,0.0
outer4,4,71,bb26,90.0,240.0,120.00000762939453,60.000003814697266,-60.000003814697266,0.0,-60.0,0.0,0.0,0.0
outer4,4,71,bb26,90.0,270.0,150.0,30.000001907348633,-119.99999809265137,0.0,-120.0,0.0,0.0,0.0
outer4,4,71,bb26,90.0,300.0,180.0,180.0,0.0,0.0,0.0,0.0,0.0,0.0
outer4,4,71,bb26,90.0,330.0,0.0,60.00000762939453,60.00000762939453,0.0,60.0,1.0,0.0,-1.0
outer4,4,71,bb26,120.0,0.0,120.00000762939453,120.00000762939453,0.0,0.0,0.0,0.0,0.0,0.0
outer4,4,71,bb26,120.0,30.0,102.50392150878906,120.00000762939453,17.49608612060547,-90.0,120.0,0.0,0.0,0.0
outer4,4,71,bb26,120.0,60.0,0.0,0.0,0.0,0.0,0.0,1.0,1.0,0.0
outer4,4,71,bb26,120.0,90.0,180.0,154.09490966796875,-25.90509033203125,0.0,-30.0,0.0,0.0,0.0
outer4,4,71,bb26,120.0,120.0,128.6822052001953,128.6822052001953,0.0,0.0,0.0,0.0,0.0,0.0
outer4,4,71,bb26,120.0,150.0,64.34109497070312,0.0,-64.34109497070312,-30.0,-90.0,0.0,1.0,1.0
outer4,4,71,bb26,120.0,180.0,0.0,120.00000762939453,120.00000762939453,0.0,180.0,1.0,0.0,-1.0
outer4,4,71,bb26,120.0,210.0,143.9022216796875,0.0,-143.9022216796875,-90.0,-150.0,0.0,1.0,1.0
outer4,4,71,bb26,120.0,240.0,25.905075073242188,51.31781005859375,25.412734985351562,0.0,30.0,0.0,0.0,0.0
outer4,4,71,bb26,120.0,270.0,113.54811096191406,64.34109497070312,-49.20701599121094,30.0,-90.0,0.0,0.0,0.0
outer4,4,71,bb26,120.0,300.0,154.0949249267578,30.000001907348633,-124.09492301940918,-30.0,-150.0,0.0,0.0,0.0
outer4,4,71,bb26,120.0,330.0,49.49464416503906,60.000003814697266,10.505359649658203,30.0,-60.0,0.0,0.0,0.0
outer4,4,71,bb26,150.0,0.0,90.0,29.99998664855957,-60.00001335144043,0.0,-180.0,0.0,0.0,0.0
outer4,4,71,bb26,150.0,30.0,0.0,0.0,0.0,0.0,0.0,1.0,1.0,0.0
outer4,4,71,bb26,150.0,60.0,0.0,151.04498291015625,151.04498291015625,120.0,120.0,1.0,0.0,-1.0
outer4,4,71,bb26,150.0,90.0,180.0,180.0,0.0,0.0,0.0,0.0,0.0,0.0
outer4,4,71,bb26,150.0,120.0,128.68218994140625,165.12905883789062,36.446868896484375,0.0,90.0,0.0,0.0,0.0
outer4,4,71,bb26,150.0,150.0,60.000003814697266,165.12905883789062,105.12905502319336,120.0,-30.0,0.0,0.0,0.0
outer4,4,71,bb26,150.0,180.0,29.99998664855957,29.99998664855957,0.0,0.0,0.0,0.0,0.0,0.0
outer4,4,71,bb26,150.0,210.0,128.68218994140625,57.7581901550293,-70.92399978637695,-120.0,90.0,0.0,0.0,0.0
outer4,4,71,bb26,150.0,240.0,60.000003814697266,90.0,29.999996185302734,90.0,-180.0,0.0,0.0,0.0
outer4,4,71,bb26,150.0,270.0,0.0,29.99998664855957,29.99998664855957,30.0,0.0,1.0,0.0,-1.0
outer4,4,71,bb26,150.0,300.0,151.04498291015625,0.0,-151.04498291015625,-120.0,-120.0,0.0,1.0,1.0
outer4,4,71,bb26,150.0,330.0,14.870942115783691,128.68218994140625,113.81124782562256,120.0,30.0,0.0,0.0,0.0
outer4,4,72,b7fd,30.0,0.0,0.0,90.0,90.0,30.0,180.0,1.0,0.0,-1.0
outer4,4,72,b7fd,30.0,30.0,14.870942115783691,150.0,135.1290578842163,90.0,150.0,0.0,0.0,0.0
outer4,4,72,b7fd,30.0,60.0,128.68218994140625,165.12905883789062,36.446868896484375,0.0,90.0,0.0,0.0,0.0
outer4,4,72,b7fd,30.0,90.0,30.000001907348633,128.68218994140625,98.68218803405762,90.0,60.0,0.0,0.0,0.0
outer4,4,72,b7fd,30.0,120.0,49.494651794433594,41.40962219238281,-8.085029602050781,-30.0,30.0,0.0,0.0,0.0
outer4,4,72,b7fd,30.0,150.0,90.0,143.9022216796875,53.9022216796875,0.0,150.0,0.0,0.0,0.0
outer4,4,72,b7fd,30.0,180.0,0.0,30.000001907348633,30.000001907348633,30.0,0.0,1.0,0.0,-1.0
outer4,4,72,b7fd,30.0,210.0,0.0,90.0,90.0,90.0,0.0,1.0,0.0,-1.0
outer4,4,72,b7fd,30.0,240.0,165.12905883789062,128.68218994140625,-36.446868896484375,0.0,-90.0,0.0,0.0,0.0
outer4,4,72,b7fd,30.0,270.0,60.000003814697266,150.0,89.99999618530273,90.0,0.0,0.0,0.0,0.0
outer4,4,72,b7fd,30.0,300.0,41.40962219238281,57.7581901550293,16.348567962646484,0.0,60.0,0.0,0.0,0.0
outer4,4,72,b7fd,30.0,330.0,102.50392150878906,93.32575988769531,-9.17816162109375,0.0,-30.0,0.0,0.0,0.0
outer4,4,72,b7fd,60.0,0.0,0.0,120.00000762939453,120.00000762939453,0.0,180.0,1.0,0.0,-1.0
outer4,4,72,b7fd,60.0,30.0,0.0,0.0,0.0,0.0,0.0,1.0,1.0,0.0
outer4,4,72,b7fd,60.0,60.0,130.50535583496094,154.0949249267578,23.589569091796875,-30.0,30.0,0.0,0.0,0.0
outer4,4,72,b7fd,60.0,90.0,0.0,0.0,0.0,0.0,0.0,1.0,1.0,0.0
outer4,4,72,b7fd,60.0,120.0,0.0,0.0,0.0,0.0,0.0,1.0,1.0,0.0
outer4,4,72,b7fd,60.0,150.0,51.31781005859375,180.0,128.68218994140625,60.0,120.0,0.0,0.0,0.0
outer4,4,72,b7fd,60.0,180.0,0.0,143.9022216796875,143.9022216796875,90.0,150.0,1.0,0.0,-1.0
outer4,4,72,b7fd,60.0,210.0,180.0,128.6822052001953,-51.31779479980469,0.0,-60.0,0.0,0.0,0.0
outer4,4,72,b7fd,60.0,240.0,97.1807632446289,0.0,-97.1807632446289,0.0,-120.0,0.0,1.0,1.0
outer4,4,72,b7fd,60.0,270.0,150.0,120.00000762939453,-29.99999237060547,-30.0,0.0,0.0,0.0,0.0
outer4,4,72,b7fd,60.0,300.0,0.0,0.0,0.0,0.0,0.0,1.0,1.0,0.0
outer4,4,72,b7fd,60.0,330.0,25.90509033203125,25.90509033203125,0.0,0.0,0.0,0.0,0.0,0.0
outer4,4,72,b7fd,90.0,0.0,180.0,180.0,0.0,0.0,0.0,0.0,0.0,0.0
outer4,4,72,b7fd,90.0,30.0,120.00000762939453,90.0,-30.00000762939453,0.0,-30.0,0.0,0.0,0.0
outer4,4,72,b7fd,90.0,60.0,60.000003814697266,0.0,-60.000003814697266,0.0,-60.0,0.0,1.0,1.0
outer4,4,72,b7fd,90.0,90.0,180.0,180.0,0.0,0.0,0.0,0.0,0.0,0.0
outer4,4,72,b7fd,90.0,120.0,0.0,0.0,0.0,0.0,0.0,1.0,1.0,0.0
outer4,4,72,b7fd,90.0,150.0,0.0,180.0,180.0,0.0,180.0,1.0,0.0,-1.0
outer4,4,72,b7fd,90.0,180.0,0.0,0.0,0.0,0.0,0.0,1.0,1.0,0.0
outer4,4,72,b7fd,90.0,210.0,60.000003814697266,90.0,29.999996185302734,0.0,30.0,0.0,0.0,0.0
outer4,4,72,b7fd,90.0,240.0,60.000003814697266,60.000003814697266,0.0,0.0,0.0,0.0,0.0,0.0
outer4,4,72,b7fd,90.0,270.0,0.0,0.0,0.0,0.0,0.0,1.0,1.0,0.0
outer4,4,72,b7fd,90.0,300.0,0.0,60.000003814697266,60.000003814697266,0.0,60.0,1.0,0.0,-1.0
outer4,4,72,b7fd,90.0,330.0,180.0,180.0,0.0,0.0,0.0,0.0,0.0,0.0
outer4,4,72,b7fd,120.0,0.0,0.0,29.99998664855957,29.99998664855957,30.0,0.0,1.0,0.0,-1.0
outer4,4,72,b7fd,120.0,30.0,0.0,0.0,0.0,0.0,0.0,1.0,1.0,0.0
outer4,4,72,b7fd,120.0,60.0,104.47750854492188,128.68218994140625,24.204681396484375,0.0,30.0,0.0,0.0,0.0
outer4,4,72,b7fd,120.0,90.0,90.0,120.00000762939453,30.00000762939453,-30.0,0.0,0.0,0.0,0.0
outer4,4,72,b7fd,120.0,120.0,0.0,128.6822052001953,128.6822052001953,60.0,120.0,1.0,0.0,-1.0
outer4,4,72,b7fd,120.0,150.0,0.0,51.31781005859375,51.31781005859375,0.0,60.0,1.0,0.0,-1.0
outer4,4,72,b7fd,120.0,180.0,60.000003814697266,30.000001907348633,-30.000001907348633,-30.0,0.0,0.0,0.0,0.0
outer4,4,72,b7fd,120.0,210.0,120.00000762939453,113.54811096191406,-6.451896667480469,0.0,-30.0,0.0,0.0,0.0
outer4,4,72,b7fd,120.0,240.0,180.0,60.000003814697266,-119.99999618530273,0.0,-180.0,0.0,0.0,0.0
outer4,4,72,b7fd,120.0,270.0,0.0,0.0,0.0,0.0,0.0,1.0,1.0,0.0
outer4,4,72,b7fd,120.0,300.0,29.99998664855957,29.99998664855957,0.0,0.0,0.0,0.0,0.0,0.0
outer4,4,72,b7fd,120.0,330.0,0.0,0.0,0.0,0.0,0.0,1.0,1.0,0.0
outer4,4,72,b7fd,150.0,0.0,60.000003814697266,29.99998664855957,-30.000017166137695,30.0,-180.0,0.0,0.0,0.0
outer4,4,72,b7fd,150.0,30.0,29.99998664855957,14.870942115783691,-15.129044532775879,-30.0,30.0,0.0,0.0,0.0
outer4,4,72,b7fd,150.0,60.0,120.00000762939453,151.04498291015625,31.04497528076172,0.0,120.0,0.0,0.0,0.0
outer4,4,72,b7fd,150.0,90.0,0.0,60.000003814697266,60.000003814697266,0.0,180.0,1.0,0.0,-1.0
outer4,4,72,b7fd,150.0,120.0,14.870942115783691,14.870942115783691,0.0,0.0,0.0,0.0,0.0,0.0
outer4,4,72,b7fd,150.0,150.0,102.50391387939453,49.49464416503906,-53.00926971435547,-60.0,0.0,0.0,0.0,0.0
outer4,4,72,b7fd,150.0,180.0,29.99998664855957,29.99998664855957,0.0,0.0,0.0,0.0,0.0,0.0
outer4,4,72,b7fd,150.0,210.0,57.7581901550293,86.67425537109375,28.916065216064453,30.0,0.0,0.0,0.0,0.0
outer4,4,72,b7fd,150.0,240.0,180.0,128.68218994140625,-51.31781005859375,0.0,-120.0,0.0,0.0,0.0
outer4,4,72,b7fd,150.0,270.0,0.0,60.000003814697266,60.000003814697266,0.0,180.0,1.0,0.0,-1.0
outer4,4,72,b7fd,150.0,300.0,60.000003814697266,60.000003814697266,0.0,0.0,0.0,0.0,0.0,0.0
outer4,4,72,b7fd,150.0,330.0,49.49464416503906,102.50391387939453,53.00926971435547,60.0,0.0,0.0,0.0,0.0
outer4,4,72,b8ed,30.0,0.0,0.0,30.000001907348633,30.000001907348633,30.0,0.0,1.0,0.0,-1.0
outer4,4,72,b8ed,30.0,30.0,165.12905883789062,128.68218994140625,-36.446868896484375,0.0,-90.0,0.0,0.0,0.0
outer4,4,72,b8ed,30.0,60.0,51.31781005859375,0.0,-51.31781005859375,0.0,-120.0,0.0,1.0,1.0
outer4,4,72,b8ed,30.0,90.0,30.000001907348633,120.00000762939453,90.0000057220459,90.0,0.0,0.0,0.0,0.0
outer4,4,72,b8ed,30.0,120.0,122.24180603027344,0.0,-122.24180603027344,-120.0,-30.0,0.0,1.0,1.0
outer4,4,72,b8ed,30.0,150.0,0.0,128.68218994140625,128.68218994140625,120.0,60.0,1.0,0.0,-1.0
outer4,4,72,b8ed,30.0,180.0,0.0,30.000001907348633,30.000001907348633,30.0,0.0,1.0,0.0,-1.0
outer4,4,72,b8ed,30.0,210.0,0.0,0.0,0.0,0.0,0.0,1.0,1.0,0.0
outer4,4,72,b8ed,30.0,240.0,122.24180603027344,102.50392150878906,-19.737884521484375,-30.0,30.0,0.0,0.0,0.0
outer4,4,72,b8ed,30.0,270.0,60.000003814697266,14.870942115783691,-45.129061698913574,0.0,-150.0,0.0,0.0,0.0
outer4,4,72,b8ed,30.0,300.0,14.870942115783691,0.0,-14.870942115783691,0.0,-30.0,0.0,1.0,1.0
outer4,4,72,b8ed,30.0,330.0,0.0,128.68218994140625,128.68218994140625,120.0,60.0,1.0,0.0,-1.0
outer4,4,72,b8ed,60.0,0.0,30.000001907348633,0.0,-30.000001907348633,-30.0,0.0,0.0,1.0,1.0
outer4,4,72,b8ed,60.0,30.0,0.0,0.0,0.0,0.0,0.0,1.0,1.0,0.0
outer4,4,72,b8ed,60.0,60.0,128.68218994140625,0.0,-128.68218994140625,-60.0,-120.0,0.0,1.0,1.0
outer4,4,72,b8ed,60.0,90.0,0.0,60.000003814697266,60.000003814697266,60.0,0.0,1.0,0.0,-1.0
outer4,4,72,b8ed,60.0,120.0,0.0,25.905075073242188,25.905075073242188,0.0,30.0,1.0,0.0,-1.0
outer4,4,72,b8ed,60.0,150.0,66.45188903808594,180.0,113.54811096191406,0.0,150.0,0.0,0.0,0.0
outer4,4,72,b8ed,60.0,180.0,30.000001907348633,0.0,-30.000001907348633,-30.0,0.0,0.0,1.0,1.0
outer4,4,72,b8ed,60.0,210.0,120.00000762939453,0.0,-120.00000762939453,0.0,-180.0,0.0,1.0,1.0
outer4,4,72,b8ed,60.0,240.0,113.54812622070312,154.0949249267578,40.54679870605469,60.0,0.0,0.0,0.0,0.0
outer4,4,72,b8ed,60.0,270.0,120.00000762939453,180.0,59.99999237060547,60.0,0.0,0.0,0.0,0.0
outer4,4,72,b8ed,60.0,300.0,30.000001907348633,0.0,-30.000001907348633,-30.0,0.0,0.0,1.0,1.0
outer4,4,72,b8ed,60.0,330.0,82.81924438476562,66.45188903808594,-16.367355346679688,0.0,-30.0,0.0,0.0,0.0
outer4,4,72,b8ed,90.0,0.0,0.0,150.0,150.0,0.0,150.0,1.0,0.0,-1.0
outer4,4,72,b8ed,90.0,30.0,0.0,0.0,0.0,0.0,0.0,1.0,1.0,0.0
outer4,4,72,b8ed,90.0,60.0,60.000003814697266,60.000003814697266,0.0,0.0,0.0,0.0,0.0,0.0
outer4,4,72,b8ed,90.0,90.0,180.0,0.0,-180.0,0.0,-180.0,0.0,1.0,1.0
outer4,4,72,b8ed,90.0,120.0,0.0,0.0,0.0,0.0,0.0,1.0,1.0,0.0
outer4,4,72,b8ed,90.0,150.0,60.000003814697266,120.00000762939453,60.000003814697266,0.0,60.0,0.0,0.0,0.0
outer4,4,72,b8ed,90.0,180.0,0.0,150.0,150.0,0.0,150.0,1.0,0.0,-1.0
outer4,4,72,b8ed,90.0,210.0,180.0,180.0,0.0,0.0,0.0,0.0,0.0,0.0
outer4,4,72,b8ed,90.0,240.0,120.00000762939453,120.00000762939453,0.0,0.0,0.0,0.0,0.0,0.0
outer4,4,72,b8ed,90.0,270.0,0.0,180.0,180.0,0.0,180.0,1.0,0.0,-1.0
outer4,4,72,b8ed,90.0,300.0,0.0,180.0,180.0,0.0,180.0,1.0,0.0,-1.0
outer4,4,72,b8ed,90.0,330.0,120.00000762939453,120.00000762939453,0.0,0.0,0.0,0.0,0.0,0.0
outer4,4,72,b8ed,120.0,0.0,29.99998664855957,0.0,-29.99998664855957,-30.0,0.0,0.0,1.0,1.0
outer4,4,72,b8ed,120.0,30.0,60.000003814697266,0.0,-60.000003814697266,-60.0,0.0,0.0,1.0,1.0
outer4,4,72,b8ed,120.0,60.0,128.68218994140625,51.31781005859375,-77.3643798828125,-60.0,-60.0,0.0,0.0,0.0
outer4,4,72,b8ed,120.0,90.0,60.000003814697266,180.0,119.99999618530273,0.0,180.0,0.0,0.0,0.0
outer4,4,72,b8ed,120.0,120.0,0.0,128.6822052001953,128.6822052001953,60.0,120.0,1.0,0.0,-1.0
outer4,4,72,b8ed,120.0,150.0,0.0,113.54811096191406,113.54811096191406,0.0,150.0,1.0,0.0,-1.0
outer4,4,72,b8ed,120.0,180.0,90.0,0.0,-90.0,-90.0,0.0,0.0,1.0,1.0
outer4,4,72,b8ed,120.0,210.0,120.00000762939453,120.00000762939453,0.0,0.0,0.0,0.0,0.0,0.0
outer4,4,72,b8ed,120.0,240.0,30.000001907348633,0.0,-30.000001907348633,-30.0,0.0,0.0,1.0,1.0
outer4,4,72,b8ed,120.0,270.0,0.0,0.0,0.0,0.0,0.0,1.0,1.0,0.0
outer4,4,72,b8ed,120.0,300.0,0.0,0.0,0.0,0.0,0.0,1.0,1.0,0.0
outer4,4,72,b8ed,120.0,330.0,36.0977783203125,0.0,-36.0977783203125,-30.0,-30.0,0.0,1.0,1.0
outer4,4,72,b8ed,150.0,0.0,0.0,29.99998664855957,29.99998664855957,30.0,0.0,1.0,0.0,-1.0
outer4,4,72,b8ed,150.0,30.0,60.000003814697266,0.0,-60.000003814697266,0.0,-180.0,0.0,1.0,1.0
outer4,4,72,b8ed,150.0,60.0,0.0,0.0,0.0,0.0,0.0,1.0,1.0,0.0
outer4,4,72,b8ed,150.0,90.0,29.99998664855957,29.99998664855957,0.0,0.0,0.0,0.0,0.0,0.0
outer4,4,72,b8ed,150.0,120.0,0.0,0.0,0.0,0.0,0.0,1.0,1.0,0.0
outer4,4,72,b8ed,150.0,150.0,0.0,0.0,0.0,0.0,0.0,1.0,1.0,0.0
outer4,4,72,b8ed,150.0,180.0,0.0,29.99998664855957,29.99998664855957,30.0,0.0,1.0,0.0,-1.0
outer4,4,72,b8ed,150.0,210.0,0.0,0.0,0.0,0.0,0.0,1.0,1.0,0.0
outer4,4,72,b8ed,150.0,240.0,0.0,57.7581901550293,57.7581901550293,0.0,150.0,1.0,0.0,-1.0
outer4,4,72,b8ed,150.0,270.0,0.0,0.0,0.0,0.0,0.0,1.0,1.0,0.0
outer4,4,72,b8ed,150.0,300.0,0.0,0.0,0.0,0.0,0.0,1.0,1.0,0.0
outer4,4,72,b8ed,150.0,330.0,0.0,151.04498291015625,151.04498291015625,120.0,120.0,1.0,0.0,-1.0
outer4,4,72,b979,30.0,0.0,60.000003814697266,60.000003814697266,0.0,0.0,0.0,0.0,0.0,0.0
outer4,4,72,b979,30.0,30.0,0.0,0.0,0.0,0.0,0.0,1.0,1.0,0.0
outer4,4,72,b979,30.0,60.0,122.24180603027344,93.32575225830078,-28.916053771972656,-30.0,0.0,0.0,0.0,0.0
outer4,4,72,b979,30.0,90.0,60.000003814697266,93.32575225830078,33.325748443603516,90.0,-150.0,0.0,0.0,0.0
outer4,4,72,b979,30.0,120.0,128.68218994140625,138.59039306640625,9.908203125,0.0,30.0,0.0,0.0,0.0
outer4,4,72,b979,30.0,150.0,0.0,151.04498291015625,151.04498291015625,120.0,120.0,1.0,0.0,-1.0
outer4,4,72,b979,30.0,180.0,0.0,90.0,90.0,90.0,0.0,1.0,0.0,-1.0
outer4,4,72,b979,30.0,210.0,0.0,60.000003814697266,60.000003814697266,0.0,180.0,1.0,0.0,-1.0
outer4,4,72,b979,30.0,240.0,51.31781005859375,150.0,98.68218994140625,90.0,60.0,0.0,0.0,0.0
outer4,4,72,b979,30.0,270.0,60.000003814697266,143.9022216796875,83.90221786499023,90.0,-30.0,0.0,0.0,0.0
outer4,4,72,b979,30.0,300.0,51.31781005859375,115.6589126586914,64.34110260009766,90.0,-30.0,0.0,0.0,0.0
outer4,4,72,b979,30.0,330.0,128.68218994140625,128.68218994140625,0.0,0.0,0.0,0.0,0.0,0.0
outer4,4,72,b979,60.0,0.0,93.32574462890625,0.0,-93.32574462890625,-90.0,-30.0,0.0,1.0,1.0
outer4,4,72,b979,60.0,30.0,49.494659423828125,120.00000762939453,70.5053482055664,-30.0,120.0,0.0,0.0,0.0
outer4,4,72,b979,60.0,60.0,102.50391387939453,29.999998092651367,-72.50391578674316,-60.0,-60.0,0.0,0.0,0.0
outer4,4,72,b979,60.0,90.0,41.40962219238281,82.81924438476562,41.40962219238281,30.0,30.0,0.0,0.0,0.0
outer4,4,72,b979,60.0,120.0,115.65889739990234,66.45188903808594,-49.207008361816406,-30.0,-60.0,0.0,0.0,0.0
outer4,4,72,b979,60.0,150.0,154.09490966796875,97.1807632446289,-56.914146423339844,-60.0,-30.0,0.0,0.0,0.0
outer4,4,72,b979,60.0,180.0,30.000001907348633,30.000001907348633,0.0,0.0,0.0,0.0,0.0,0.0
outer4,4,72,b979,60.0,210.0,60.000003814697266,180.0,119.99999618530273,0.0,180.0,0.0,0.0,0.0
outer4,4,72,b979,60.0,240.0,120.00000762939453,180.0,59.99999237060547,60.0,0.0,0.0,0.0,0.0
outer4,4,72,b979,60.0,270.0,120.00000762939453,113.54812622070312,-6.451881408691406,0.0,-30.0,0.0,0.0,0.0
outer4,4,72,b979,60.0,300.0,86.67425537109375,25.905075073242188,-60.76918029785156,-30.0,-120.0,0.0,0.0,0.0
outer4,4,72,b979,60.0,330.0,82.81924438476562,82.81924438476562,0.0,0.0,0.0,0.0,0.0,0.0
outer4,4,72,b979,90.0,0.0,150.0,150.0,0.0,0.0,0.0,0.0,0.0,0.0
outer4,4,72,b979,90.0,30.0,180.0,120.00000762939453,-59.99999237060547,0.0,-60.0,0.0,0.0,0.0
outer4,4,72,b979,90.0,60.0,90.0,60.000003814697266,-29.999996185302734,0.0,-30.0,0.0,0.0,0.0
outer4,4,72,b979,90.0,90.0,0.0,30.000001907348633,30.000001907348633,0.0,30.0,1.0,0.0,-1.0
outer4,4,72,b979,90.0,120.0,90.0,60.000003814697266,-29.999996185302734,0.0,-30.0,0.0,0.0,0.0
outer4,4,72,b979,90.0,150.0,60.000003814697266,60.000003814697266,0.0,0.0,0.0,0.0,0.0,0.0
outer4,4,72,b979,90.0,180.0,30.000001907348633,30.000001907348633,0.0,0.0,0.0,0.0,0.0,0.0
outer4,4,72,b979,90.0,210.0,0.0,60.000003814697266,60.000003814697266,0.0,60.0,1.0,0.0,-1.0
outer4,4,72,b979,90.0,240.0,90.0,120.00000762939453,30.00000762939453,0.0,30.0,0.0,0.0,0.0
outer4,4,72,b979,90.0,270.0,150.0,180.0,30.0,0.0,30.0,0.0,0.0,0.0
outer4,4,72,b979,90.0,300.0,90.0,180.0,90.0,0.0,90.0,0.0,0.0,0.0
outer4,4,72,b979,90.0,330.0,120.00000762939453,120.00000762939453,0.0,0.0,0.0,0.0,0.0,0.0
outer4,4,72,b979,120.0,0.0,36.0977783203125,0.0,-36.0977783203125,-30.0,-30.0,0.0,1.0,1.0
outer4,4,72,b979,120.0,30.0,66.45188903808594,0.0,-66.45188903808594,-60.0,-30.0,0.0,1.0,1.0
outer4,4,72,b979,120.0,60.0,64.34109497070312,104.47750854492188,40.13641357421875,30.0,0.0,0.0,0.0,0.0
outer4,4,72,b979,120.0,90.0,29.99998664855957,66.45188903808594,36.45190238952637,30.0,30.0,0.0,0.0,0.0
outer4,4,72,b979,120.0,120.0,115.6589126586914,82.81924438476562,-32.83966827392578,30.0,-60.0,0.0,0.0,0.0
outer4,4,72,b979,120.0,150.0,75.52249145507812,97.18075561523438,21.65826416015625,0.0,30.0,0.0,0.0,0.0
outer4,4,72,b979,120.0,180.0,36.09777069091797,120.00000762939453,83.90223693847656,-30.0,150.0,0.0,0.0,0.0
outer4,4,72,b979,120.0,210.0,113.54811096191406,97.18075561523438,-16.367355346679688,0.0,-30.0,0.0,0.0,0.0
outer4,4,72,b979,120.0,240.0,41.40962219238281,75.52249145507812,34.11286926269531,-30.0,60.0,0.0,0.0,0.0
outer4,4,72,b979,120.0,270.0,120.00000762939453,120.00000762939453,0.0,0.0,0.0,0.0,0.0,0.0
outer4,4,72,b979,120.0,300.0,77.49607849121094,77.49607849121094,0.0,0.0,0.0,0.0,0.0,0.0
outer4,4,72,b979,120.0,330.0,82.81924438476562,82.81924438476562,0.0,0.0,0.0,0.0,0.0,0.0
outer4,4,72,b979,150.0,0.0,60.000003814697266,29.99998664855957,-30.000017166137695,30.0,-180.0,0.0,0.0,0.0
outer4,4,72,b979,150.0,30.0,60.000003814697266,14.870942115783691,-45.129061698913574,0.0,-150.0,0.0,0.0,0.0
outer4,4,72,b979,150.0,60.0,120.00000762939453,36.09777069091797,-83.90223693847656,-90.0,30.0,0.0,0.0,0.0
outer4,4,72,b979,150.0,90.0,60.000003814697266,93.32574462890625,33.325740814208984,90.0,-150.0,0.0,0.0,0.0
outer4,4,72,b979,150.0,120.0,14.870942115783691,0.0,-14.870942115783691,0.0,-30.0,0.0,1.0,1.0
outer4,4,72,b979,150.0,150.0,0.0,0.0,0.0,0.0,0.0,1.0,1.0,0.0
outer4,4,72,b979,150.0,180.0,0.0,0.0,0.0,0.0,0.0,1.0,1.0,0.0
outer4,4,72,b979,150.0,210.0,0.0,57.7581901550293,57.7581901550293,0.0,150.0,1.0,0.0,-1.0
outer4,4,72,b979,150.0,240.0,0.0,41.40962219238281,41.40962219238281,0.0,90.0,1.0,0.0,-1.0
outer4,4,72,b979,150.0,270.0,60.000003814697266,90.0,29.999996185302734,30.0,0.0,0.0,0.0,0.0
outer4,4,72,b979,150.0,300.0,57.7581901550293,60.000003814697266,2.2418136596679688,0.0,30.0,0.0,0.0,0.0
outer4,4,72,b979,150.0,330.0,165.12905883789062,57.7581901550293,-107.37086868286133,-120.0,0.0,0.0,0.0,0.0
outer4,4,72,baa9,30.0,0.0,0.0,0.0,0.0,0.0,0.0,1.0,1.0,0.0
outer4,4,72,baa9,30.0,30.0,0.0,0.0,0.0,0.0,0.0,1.0,1.0,0.0
outer4,4,72,baa9,30.0,60.0,0.0,0.0,0.0,0.0,0.0,1.0,1.0,0.0
outer4,4,72,baa9,30.0,90.0,0.0,0.0,0.0,0.0,0.0,1.0,1.0,0.0
outer4,4,72,baa9,30.0,120.0,0.0,0.0,0.0,0.0,0.0,1.0,1.0,0.0
outer4,4,72,baa9,30.0,150.0,0.0,0.0,0.0,0.0,0.0,1.0,1.0,0.0
outer4,4,72,baa9,30.0,180.0,0.0,0.0,0.0,0.0,0.0,1.0,1.0,0.0
outer4,4,72,baa9,30.0,210.0,0.0,0.0,0.0,0.0,0.0,1.0,1.0,0.0
outer4,4,72,baa9,30.0,240.0,0.0,0.0,0.0,0.0,0.0,1.0,1.0,0.0
outer4,4,72,baa9,30.0,270.0,0.0,0.0,0.0,0.0,0.0,1.0,1.0,0.0
outer4,4,72,baa9,30.0,300.0,0.0,0.0,0.0,0.0,0.0,1.0,1.0,0.0
outer4,4,72,baa9,30.0,330.0,0.0,0.0,0.0,0.0,0.0,1.0,1.0,0.0
outer4,4,72,baa9,60.0,0.0,0.0,0.0,0.0,0.0,0.0,1.0,1.0,0.0
outer4,4,72,baa9,60.0,30.0,0.0,0.0,0.0,0.0,0.0,1.0,1.0,0.0
outer4,4,72,baa9,60.0,60.0,0.0,0.0,0.0,0.0,0.0,1.0,1.0,0.0
outer4,4,72,baa9,60.0,90.0,0.0,0.0,0.0,0.0,0.0,1.0,1.0,0.0
outer4,4,72,baa9,60.0,120.0,0.0,0.0,0.0,0.0,0.0,1.0,1.0,0.0
outer4,4,72,baa9,60.0,150.0,0.0,0.0,0.0,0.0,0.0,1.0,1.0,0.0
outer4,4,72,baa9,60.0,180.0,0.0,0.0,0.0,0.0,0.0,1.0,1.0,0.0
outer4,4,72,baa9,60.0,210.0,0.0,0.0,0.0,0.0,0.0,1.0,1.0,0.0
outer4,4,72,baa9,60.0,240.0,0.0,0.0,0.0,0.0,0.0,1.0,1.0,0.0
outer4,4,72,baa9,60.0,270.0,0.0,0.0,0.0,0.0,0.0,1.0,1.0,0.0
outer4,4,72,baa9,60.0,300.0,0.0,0.0,0.0,0.0,0.0,1.0,1.0,0.0
outer4,4,72,baa9,60.0,330.0,0.0,0.0,0.0,0.0,0.0,1.0,1.0,0.0
outer4,4,72,baa9,90.0,0.0,0.0,0.0,0.0,0.0,0.0,1.0,1.0,0.0
outer4,4,72,baa9,90.0,30.0,0.0,0.0,0.0,0.0,0.0,1.0,1.0,0.0
outer4,4,72,baa9,90.0,60.0,0.0,0.0,0.0,0.0,0.0,1.0,1.0,0.0
outer4,4,72,baa9,90.0,90.0,0.0,0.0,0.0,0.0,0.0,1.0,1.0,0.0
outer4,4,72,baa9,90.0,120.0,0.0,0.0,0.0,0.0,0.0,1.0,1.0,0.0
outer4,4,72,baa9,90.0,150.0,0.0,0.0,0.0,0.0,0.0,1.0,1.0,0.0
outer4,4,72,baa9,90.0,180.0,0.0,180.0,180.0,0.0,180.0,1.0,0.0,-1.0
outer4,4,72,baa9,90.0,210.0,0.0,0.0,0.0,0.0,0.0,1.0,1.0,0.0
outer4,4,72,baa9,90.0,240.0,0.0,0.0,0.0,0.0,0.0,1.0,1.0,0.0
outer4,4,72,baa9,90.0,270.0,0.0,0.0,0.0,0.0,0.0,1.0,1.0,0.0
outer4,4,72,baa9,90.0,300.0,0.0,0.0,0.0,0.0,0.0,1.0,1.0,0.0
outer4,4,72,baa9,90.0,330.0,0.0,0.0,0.0,0.0,0.0,1.0,1.0,0.0
outer4,4,72,baa9,120.0,0.0,0.0,0.0,0.0,0.0,0.0,1.0,1.0,0.0
outer4,4,72,baa9,120.0,30.0,0.0,0.0,0.0,0.0,0.0,1.0,1.0,0.0
outer4,4,72,baa9,120.0,60.0,0.0,0.0,0.0,0.0,0.0,1.0,1.0,0.0
outer4,4,72,baa9,120.0,90.0,0.0,0.0,0.0,0.0,0.0,1.0,1.0,0.0
outer4,4,72,baa9,120.0,120.0,0.0,0.0,0.0,0.0,0.0,1.0,1.0,0.0
outer4,4,72,baa9,120.0,150.0,0.0,0.0,0.0,0.0,0.0,1.0,1.0,0.0
outer4,4,72,baa9,120.0,180.0,0.0,0.0,0.0,0.0,0.0,1.0,1.0,0.0
outer4,4,72,baa9,120.0,210.0,0.0,0.0,0.0,0.0,0.0,1.0,1.0,0.0
outer4,4,72,baa9,120.0,240.0,0.0,0.0,0.0,0.0,0.0,1.0,1.0,0.0
outer4,4,72,baa9,120.0,270.0,0.0,0.0,0.0,0.0,0.0,1.0,1.0,0.0
outer4,4,72,baa9,120.0,300.0,0.0,0.0,0.0,0.0,0.0,1.0,1.0,0.0
outer4,4,72,baa9,120.0,330.0,0.0,0.0,0.0,0.0,0.0,1.0,1.0,0.0
outer4,4,72,baa9,150.0,0.0,0.0,0.0,0.0,0.0,0.0,1.0,1.0,0.0
outer4,4,72,baa9,150.0,30.0,0.0,0.0,0.0,0.0,0.0,1.0,1.0,0.0
outer4,4,72,baa9,150.0,60.0,0.0,0.0,0.0,0.0,0.0,1.0,1.0,0.0
outer4,4,72,baa9,150.0,90.0,0.0,0.0,0.0,0.0,0.0,1.0,1.0,0.0
outer4,4,72,baa9,150.0,120.0,0.0,0.0,0.0,0.0,0.0,1.0,1.0,0.0
outer4,4,72,baa9,150.0,150.0,0.0,0.0,0.0,0.0,0.0,1.0,1.0,0.0
outer4,4,72,baa9,150.0,180.0,0.0,0.0,0.0,0.0,0.0,1.0,1.0,0.0
outer4,4,72,baa9,150.0,210.0,0.0,0.0,0.0,0.0,0.0,1.0,1.0,0.0
outer4,4,72,baa9,150.0,240.0,0.0,0.0,0.0,0.0,0.0,1.0,1.0,0.0
outer4,4,72,baa9,150.0,270.0,0.0,0.0,0.0,0.0,0.0,1.0,1.0,0.0
outer4,4,72,baa9,150.0,300.0,0.0,0.0,0.0,0.0,0.0,1.0,1.0,0.0
outer4,4,72,baa9,150.0,330.0,0.0,0.0,0.0,0.0,0.0,1.0,1.0,0.0
outer4,4,72,bb26,30.0,0.0,90.0,150.0,60.0,60.0,0.0,0.0,0.0,0.0
outer4,4,72,bb26,30.0,30.0,57.7581901550293,30.000001907348633,-27.758188247680664,30.0,-150.0,0.0,0.0,0.0
outer4,4,72,bb26,30.0,60.0,0.0,151.04498291015625,151.04498291015625,120.0,120.0,1.0,0.0,-1.0
outer4,4,72,bb26,30.0,90.0,165.12905883789062,90.0,-75.12905883789062,-30.0,-150.0,0.0,0.0,0.0
outer4,4,72,bb26,30.0,120.0,128.68218994140625,138.59039306640625,9.908203125,0.0,30.0,0.0,0.0,0.0
outer4,4,72,bb26,30.0,150.0,30.000001907348633,143.9022216796875,113.90221977233887,60.0,150.0,0.0,0.0,0.0
outer4,4,72,bb26,30.0,180.0,30.000001907348633,90.0,59.99999809265137,60.0,0.0,0.0,0.0,0.0
outer4,4,72,bb26,30.0,210.0,0.0,102.50392150878906,102.50392150878906,90.0,60.0,1.0,0.0,-1.0
outer4,4,72,bb26,30.0,240.0,60.000003814697266,60.000003814697266,0.0,0.0,0.0,0.0,0.0,0.0
outer4,4,72,bb26,30.0,270.0,0.0,57.7581901550293,57.7581901550293,0.0,150.0,1.0,0.0,-1.0
outer4,4,72,bb26,30.0,300.0,0.0,0.0,0.0,0.0,0.0,1.0,1.0,0.0
outer4,4,72,bb26,30.0,330.0,93.32575988769531,93.32575988769531,0.0,0.0,0.0,0.0,0.0,0.0
outer4,4,72,bb26,60.0,0.0,120.00000762939453,180.0,59.99999237060547,60.0,0.0,0.0,0.0,0.0
outer4,4,72,bb26,60.0,30.0,25.905075073242188,120.00000762939453,94.09493255615234,0.0,150.0,0.0,0.0,0.0
outer4,4,72,bb26,60.0,60.0,0.0,0.0,0.0,0.0,0.0,1.0,1.0,0.0
outer4,4,72,bb26,60.0,90.0,60.000003814697266,41.40962219238281,-18.590381622314453,-30.0,30.0,0.0,0.0,0.0
outer4,4,72,bb26,60.0,120.0,29.999998092651367,90.0,60.00000190734863,0.0,90.0,0.0,0.0,0.0
outer4,4,72,bb26,60.0,150.0,60.000003814697266,51.31781005859375,-8.682193756103516,-60.0,60.0,0.0,0.0,0.0
outer4,4,72,bb26,60.0,180.0,0.0,60.000003814697266,60.000003814697266,60.0,0.0,1.0,0.0,-1.0
outer4,4,72,bb26,60.0,210.0,36.097782135009766,82.81924438476562,46.72146224975586,30.0,30.0,0.0,0.0,0.0
outer4,4,72,bb26,60.0,240.0,113.54812622070312,0.0,-113.54812622070312,0.0,-150.0,0.0,1.0,1.0
outer4,4,72,bb26,60.0,270.0,0.0,25.905075073242188,25.905075073242188,0.0,30.0,1.0,0.0,-1.0
outer4,4,72,bb26,60.0,300.0,128.68218994140625,0.0,-128.68218994140625,-60.0,-120.0,0.0,1.0,1.0
outer4,4,72,bb26,60.0,330.0,120.00000762939453,128.6822052001953,8.682197570800781,60.0,-60.0,0.0,0.0,0.0
outer4,4,72,bb26,90.0,0.0,180.0,0.0,-180.0,0.0,-180.0,0.0,1.0,1.0
outer4,4,72,bb26,90.0,30.0,150.0,30.000001907348633,-119.99999809265137,0.0,-120.0,0.0,0.0,0.0
outer4,4,72,bb26,90.0,60.0,180.0,60.000003814697266,-119.99999618530273,0.0,-120.0,0.0,0.0,0.0
outer4,4,72,bb26,90.0,90.0,30.000001907348633,30.000001907348633,0.0,0.0,0.0,0.0,0.0,0.0
outer4,4,72,bb26,90.0,120.0,0.0,0.0,0.0,0.0,0.0,1.0,1.0,0.0
outer4,4,72,bb26,90.0,150.0,120.00000762939453,150.0,29.99999237060547,0.0,30.0,0.0,0.0,0.0
outer4,4,72,bb26,90.0,180.0,0.0,180.0,180.0,0.0,180.0,1.0,0.0,-1.0
outer4,4,72,bb26,90.0,210.0,30.000001907348633,150.0,119.99999809265137,0.0,120.0,0.0,0.0,0.0
outer4,4,72,bb26,90.0,240.0,0.0,120.00000762939453,120.00000762939453,0.0,120.0,1.0,0.0,-1.0
outer4,4,72,bb26,90.0,270.0,150.0,150.0,0.0,0.0,0.0,0.0,0.0,0.0
outer4,4,72,bb26,90.0,300.0,30.000001907348633,0.0,-30.000001907348633,0.0,-30.0,0.0,1.0,1.0
outer4,4,72,bb26,90.0,330.0,120.00000762939453,30.00000762939453,-90.0,0.0,-90.0,0.0,0.0,0.0
outer4,4,72,bb26,120.0,0.0,120.00000762939453,0.0,-120.00000762939453,0.0,-180.0,0.0,1.0,1.0
outer4,4,72,bb26,120.0,30.0,82.81924438476562,97.18075561523438,14.36151123046875,-60.0,60.0,0.0,0.0,0.0
outer4,4,72,bb26,120.0,60.0,0.0,75.52249145507812,75.52249145507812,0.0,90.0,1.0,0.0,-1.0
outer4,4,72,bb26,120.0,90.0,180.0,41.40962219238281,-138.5903778076172,-30.0,-150.0,0.0,0.0,0.0
outer4,4,72,bb26,120.0,120.0,0.0,90.0,90.0,30.0,90.0,1.0,0.0,-1.0
outer4,4,72,bb26,120.0,150.0,29.99998664855957,60.000003814697266,30.000017166137695,30.0,0.0,0.0,0.0,0.0
outer4,4,72,bb26,120.0,180.0,120.00000762939453,120.00000762939453,0.0,0.0,0.0,0.0,0.0,0.0
outer4,4,72,bb26,120.0,210.0,0.0,51.31781005859375,51.31781005859375,0.0,60.0,1.0,0.0,-1.0
outer4,4,72,bb26,120.0,240.0,150.0,0.0,-150.0,-30.0,-180.0,0.0,1.0,1.0
outer4,4,72,bb26,120.0,270.0,120.00000762939453,25.905075073242188,-94.09493255615234,0.0,-150.0,0.0,0.0,0.0
outer4,4,72,bb26,120.0,300.0,128.68218994140625,128.68218994140625,0.0,0.0,0.0,0.0,0.0,0.0
outer4,4,72,bb26,120.0,330.0,115.6589126586914,128.6822052001953,13.023292541503906,-30.0,30.0,0.0,0.0,0.0
outer4,4,72,bb26,150.0,0.0,29.99998664855957,29.99998664855957,0.0,0.0,0.0,0.0,0.0,0.0
outer4,4,72,bb26,150.0,30.0,130.50535583496094,14.870942115783691,-115.63441371917725,-90.0,-90.0,0.0,0.0,0.0
outer4,4,72,bb26,150.0,60.0,151.04498291015625,151.04498291015625,0.0,0.0,0.0,0.0,0.0,0.0
outer4,4,72,bb26,150.0,90.0,180.0,120.00000762939453,-59.99999237060547,0.0,-180.0,0.0,0.0,0.0
outer4,4,72,bb26,150.0,120.0,128.68218994140625,102.50391387939453,-26.17827606201172,-30.0,0.0,0.0,0.0,0.0
outer4,4,72,bb26,150.0,150.0,0.0,49.49464416503906,49.49464416503906,30.0,60.0,1.0,0.0,-1.0
outer4,4,72,bb26,150.0,180.0,29.99998664855957,29.99998664855957,0.0,0.0,0.0,0.0,0.0,0.0
outer4,4,72,bb26,150.0,210.0,151.04498291015625,86.67425537109375,-64.3707275390625,-90.0,30.0,0.0,0.0,0.0
outer4,4,72,bb26,150.0,240.0,60.000003814697266,60.000003814697266,0.0,0.0,0.0,0.0,0.0,0.0
outer4,4,72,bb26,150.0,270.0,0.0,90.0,90.0,30.0,180.0,1.0,0.0,-1.0
outer4,4,72,bb26,150.0,300.0,151.04498291015625,0.0,-151.04498291015625,-120.0,-120.0,0.0,1.0,1.0
outer4,4,72,bb26,150.0,330.0,151.04498291015625,64.34109497070312,-86.70388793945312,-90.0,-30.0,0.0,0.0,0.0
outer4,4,73,b7fd,30.0,0.0,60.000003814697266,90.0,29.999996185302734,30.0,0.0,0.0,0.0,0.0
outer4,4,73,b7fd,30.0,30.0,0.0,60.000003814697266,60.000003814697266,0.0,180.0,1.0,0.0,-1.0
outer4,4,73,b7fd,30.0,60.0,128.68218994140625,138.59039306640625,9.908203125,0.0,30.0,0.0,0.0,0.0
outer4,4,73,b7fd,30.0,90.0,120.00000762939453,165.12905883789062,45.129051208496094,0.0,150.0,0.0,0.0,0.0
outer4,4,73,b7fd,30.0,120.0,36.097782135009766,28.95502281188965,-7.142759323120117,-30.0,30.0,0.0,0.0,0.0
outer4,4,73,b7fd,30.0,150.0,90.0,143.9022216796875,53.9022216796875,0.0,150.0,0.0,0.0,0.0
outer4,4,73,b7fd,30.0,180.0,0.0,30.000001907348633,30.000001907348633,30.0,0.0,1.0,0.0,-1.0
outer4,4,73,b7fd,30.0,210.0,36.097782135009766,0.0,-36.097782135009766,-30.0,-30.0,0.0,1.0,1.0
outer4,4,73,b7fd,30.0,240.0,151.04498291015625,122.24180603027344,-28.803176879882812,0.0,-90.0,0.0,0.0,0.0
outer4,4,73,b7fd,30.0,270.0,0.0,57.7581901550293,57.7581901550293,0.0,150.0,1.0,0.0,-1.0
outer4,4,73,b7fd,30.0,300.0,36.097782135009766,0.0,-36.097782135009766,-30.0,-30.0,0.0,1.0,1.0
outer4,4,73,b7fd,30.0,330.0,90.0,93.32575988769531,3.3257598876953125,0.0,30.0,0.0,0.0,0.0
outer4,4,73,b7fd,60.0,0.0,0.0,113.54812622070312,113.54812622070312,0.0,150.0,1.0,0.0,-1.0
outer4,4,73,b7fd,60.0,30.0,0.0,0.0,0.0,0.0,0.0,1.0,1.0,0.0
outer4,4,73,b7fd,60.0,60.0,128.68218994140625,128.68218994140625,0.0,0.0,0.0,0.0,0.0,0.0
outer4,4,73,b7fd,60.0,90.0,120.00000762939453,0.0,-120.00000762939453,0.0,-180.0,0.0,1.0,1.0
outer4,4,73,b7fd,60.0,120.0,113.5481185913086,0.0,-113.5481185913086,0.0,-150.0,0.0,1.0,1.0
outer4,4,73,b7fd,60.0,150.0,0.0,180.0,180.0,60.0,180.0,1.0,0.0,-1.0
outer4,4,73,b7fd,60.0,180.0,0.0,93.32574462890625,93.32574462890625,90.0,30.0,1.0,0.0,-1.0
outer4,4,73,b7fd,60.0,210.0,51.31781005859375,60.000003814697266,8.682193756103516,60.0,-60.0,0.0,0.0,0.0
outer4,4,73,b7fd,60.0,240.0,0.0,0.0,0.0,0.0,0.0,1.0,1.0,0.0
outer4,4,73,b7fd,60.0,270.0,150.0,120.00000762939453,-29.99999237060547,-30.0,0.0,0.0,0.0,0.0
outer4,4,73,b7fd,60.0,300.0,0.0,0.0,0.0,0.0,0.0,1.0,1.0,0.0
outer4,4,73,b7fd,60.0,330.0,0.0,0.0,0.0,0.0,0.0,1.0,1.0,0.0
outer4,4,73,b7fd,90.0,0.0,180.0,180.0,0.0,0.0,0.0,0.0,0.0,0.0
outer4,4,73,b7fd,90.0,30.0,120.00000762939453,120.00000762939453,0.0,0.0,0.0,0.0,0.0,0.0
outer4,4,73,b7fd,90.0,60.0,60.000003814697266,0.0,-60.000003814697266,0.0,-60.0,0.0,1.0,1.0
outer4,4,73,b7fd,90.0,90.0,180.0,180.0,0.0,0.0,0.0,0.0,0.0,0.0
outer4,4,73,b7fd,90.0,120.0,0.0,120.00000762939453,120.00000762939453,0.0,120.0,1.0,0.0,-1.0
outer4,4,73,b7fd,90.0,150.0,180.0,0.0,-180.0,0.0,-180.0,0.0,1.0,1.0
outer4,4,73,b7fd,90.0,180.0,0.0,0.0,0.0,0.0,0.0,1.0,1.0,0.0
outer4,4,73,b7fd,90.0,210.0,60.000003814697266,60.000003814697266,0.0,0.0,0.0,0.0,0.0,0.0
outer4,4,73,b7fd,90.0,240.0,60.000003814697266,0.0,-60.000003814697266,0.0,-60.0,0.0,1.0,1.0
outer4,4,73,b7fd,90.0,270.0,0.0,0.0,0.0,0.0,0.0,1.0,1.0,0.0
outer4,4,73,b7fd,90.0,300.0,0.0,60.000003814697266,60.000003814697266,0.0,60.0,1.0,0.0,-1.0
outer4,4,73,b7fd,90.0,330.0,180.0,180.0,0.0,0.0,0.0,0.0,0.0,0.0
outer4,4,73,b7fd,120.0,0.0,0.0,29.99998664855957,29.99998664855957,30.0,0.0,1.0,0.0,-1.0
outer4,4,73,b7fd,120.0,30.0,51.31781005859375,0.0,-51.31781005859375,0.0,-60.0,0.0,1.0,1.0
outer4,4,73,b7fd,120.0,60.0,128.68218994140625,128.68218994140625,0.0,0.0,0.0,0.0,0.0,0.0
outer4,4,73,b7fd,120.0,90.0,180.0,120.00000762939453,-59.99999237060547,-60.0,0.0,0.0,0.0,0.0
outer4,4,73,b7fd,120.0,120.0,0.0,97.18075561523438,97.18075561523438,0.0,120.0,1.0,0.0,-1.0
outer4,4,73,b7fd,120.0,150.0,180.0,0.0,-180.0,-60.0,-180.0,0.0,1.0,1.0
outer4,4,73,b7fd,120.0,180.0,60.000003814697266,0.0,-60.000003814697266,-60.0,0.0,0.0,1.0,1.0
outer4,4,73,b7fd,120.0,210.0,97.18075561523438,82.81924438476562,-14.36151123046875,60.0,-60.0,0.0,0.0,0.0
outer4,4,73,b7fd,120.0,240.0,154.09490966796875,25.905075073242188,-128.18983459472656,-60.0,-120.0,0.0,0.0,0.0
outer4,4,73,b7fd,120.0,270.0,0.0,0.0,0.0,0.0,0.0,1.0,1.0,0.0
outer4,4,73,b7fd,120.0,300.0,29.99998664855957,29.99998664855957,0.0,0.0,0.0,0.0,0.0,0.0
outer4,4,73,b7fd,120.0,330.0,0.0,0.0,0.0,0.0,0.0,1.0,1.0,0.0
outer4,4,73,b7fd,150.0,0.0,29.99998664855957,29.99998664855957,0.0,0.0,0.0,0.0,0.0,0.0
outer4,4,73,b7fd,150.0,30.0,36.09777069091797,36.09777069091797,0.0,0.0,0.0,0.0,0.0,0.0
outer4,4,73,b7fd,150.0,60.0,122.24180603027344,151.04498291015625,28.803176879882812,0.0,90.0,0.0,0.0,0.0
outer4,4,73,b7fd,150.0,90.0,90.0,150.0,60.0,0.0,180.0,0.0,0.0,0.0
outer4,4,73,b7fd,150.0,120.0,0.0,0.0,0.0,0.0,0.0,1.0,1.0,0.0
outer4,4,73,b7fd,150.0,150.0,93.32574462890625,102.50391387939453,9.178169250488281,0.0,30.0,0.0,0.0,0.0
outer4,4,73,b7fd,150.0,180.0,29.99998664855957,29.99998664855957,0.0,0.0,0.0,0.0,0.0,0.0
outer4,4,73,b7fd,150.0,210.0,29.99998664855957,86.67425537109375,56.67426872253418,0.0,150.0,0.0,0.0,0.0
outer4,4,73,b7fd,150.0,240.0,165.12905883789062,138.59039306640625,-26.538665771484375,0.0,-60.0,0.0,0.0,0.0
outer4,4,73,b7fd,150.0,270.0,0.0,60.000003814697266,60.000003814697266,0.0,180.0,1.0,0.0,-1.0
outer4,4,73,b7fd,150.0,300.0,60.000003814697266,14.870942115783691,-45.129061698913574,0.0,-150.0,0.0,0.0,0.0
outer4,4,73,b7fd,150.0,330.0,165.12905883789062,115.65889739990234,-49.47016143798828,-30.0,-60.0,0.0,0.0,0.0
outer4,4,73,b8ed,30.0,0.0,0.0,30.000001907348633,30.000001907348633,30.0,0.0,1.0,0.0,-1.0
outer4,4,73,b8ed,30.0,30.0,60.000003814697266,128.68218994140625,68.68218612670898,120.0,-120.0,0.0,0.0,0.0
outer4,4,73,b8ed,30.0,60.0,165.12905883789062,0.0,-165.12905883789062,-120.0,-150.0,0.0,1.0,1.0
outer4,4,73,b8ed,30.0,90.0,0.0,120.00000762939453,120.00000762939453,120.0,0.0,1.0,0.0,-1.0
outer4,4,73,b8ed,30.0,120.0,120.00000762939453,0.0,-120.00000762939453,-120.0,0.0,0.0,1.0,1.0
outer4,4,73,b8ed,30.0,150.0,0.0,120.00000762939453,120.00000762939453,120.0,0.0,1.0,0.0,-1.0
outer4,4,73,b8ed,30.0,180.0,0.0,0.0,0.0,0.0,0.0,1.0,1.0,0.0
outer4,4,73,b8ed,30.0,210.0,0.0,57.7581901550293,57.7581901550293,0.0,150.0,1.0,0.0,-1.0
outer4,4,73,b8ed,30.0,240.0,51.31781005859375,151.04498291015625,99.7271728515625,120.0,0.0,0.0,0.0,0.0
outer4,4,73,b8ed,30.0,270.0,180.0,14.870942115783691,-165.1290578842163,-120.0,-150.0,0.0,0.0,0.0
outer4,4,73,b8ed,30.0,300.0,0.0,0.0,0.0,0.0,0.0,1.0,1.0,0.0
outer4,4,73,b8ed,30.0,330.0,0.0,128.68218994140625,128.68218994140625,120.0,60.0,1.0,0.0,-1.0
outer4,4,73,b8ed,60.0,0.0,30.000001907348633,0.0,-30.000001907348633,-30.0,0.0,0.0,1.0,1.0
outer4,4,73,b8ed,60.0,30.0,0.0,0.0,0.0,0.0,0.0,1.0,1.0,0.0
outer4,4,73,b8ed,60.0,60.0,128.68218994140625,0.0,-128.68218994140625,-60.0,-120.0,0.0,1.0,1.0
outer4,4,73,b8ed,60.0,90.0,0.0,60.000003814697266,60.000003814697266,60.0,0.0,1.0,0.0,-1.0
outer4,4,73,b8ed,60.0,120.0,0.0,128.6822052001953,128.6822052001953,60.0,120.0,1.0,0.0,-1.0
outer4,4,73,b8ed,60.0,150.0,60.000003814697266,180.0,119.99999618530273,0.0,180.0,0.0,0.0,0.0
outer4,4,73,b8ed,60.0,180.0,30.000001907348633,0.0,-30.000001907348633,-30.0,0.0,0.0,1.0,1.0
outer4,4,73,b8ed,60.0,210.0,0.0,120.00000762939453,120.00000762939453,0.0,180.0,1.0,0.0,-1.0
outer4,4,73,b8ed,60.0,240.0,120.00000762939453,0.0,-120.00000762939453,0.0,-180.0,0.0,1.0,1.0
outer4,4,73,b8ed,60.0,270.0,120.00000762939453,113.54812622070312,-6.451881408691406,0.0,-30.0,0.0,0.0,0.0
outer4,4,73,b8ed,60.0,300.0,0.0,0.0,0.0,0.0,0.0,1.0,1.0,0.0
outer4,4,73,b8ed,60.0,330.0,25.90509033203125,0.0,-25.90509033203125,0.0,-30.0,0.0,1.0,1.0
outer4,4,73,b8ed,90.0,0.0,0.0,150.0,150.0,0.0,150.0,1.0,0.0,-1.0
outer4,4,73,b8ed,90.0,30.0,0.0,0.0,0.0,0.0,0.0,1.0,1.0,0.0
outer4,4,73,b8ed,90.0,60.0,60.000003814697266,60.000003814697266,0.0,0.0,0.0,0.0,0.0,0.0
outer4,4,73,b8ed,90.0,90.0,180.0,180.0,0.0,0.0,0.0,0.0,0.0,0.0
outer4,4,73,b8ed,90.0,120.0,0.0,0.0,0.0,0.0,0.0,1.0,1.0,0.0
outer4,4,73,b8ed,90.0,150.0,0.0,120.00000762939453,120.00000762939453,0.0,120.0,1.0,0.0,-1.0
outer4,4,73,b8ed,90.0,180.0,0.0,150.0,150.0,0.0,150.0,1.0,0.0,-1.0
outer4,4,73,b8ed,90.0,210.0,180.0,0.0,-180.0,0.0,-180.0,0.0,1.0,1.0
outer4,4,73,b8ed,90.0,240.0,120.00000762939453,120.00000762939453,0.0,0.0,0.0,0.0,0.0,0.0
outer4,4,73,b8ed,90.0,270.0,0.0,180.0,180.0,0.0,180.0,1.0,0.0,-1.0
outer4,4,73,b8ed,90.0,300.0,0.0,0.0,0.0,0.0,0.0,1.0,1.0,0.0
outer4,4,73,b8ed,90.0,330.0,180.0,120.00000762939453,-59.99999237060547,0.0,-60.0,0.0,0.0,0.0
outer4,4,73,b8ed,120.0,0.0,29.99998664855957,0.0,-29.99998664855957,-30.0,0.0,0.0,1.0,1.0
outer4,4,73,b8ed,120.0,30.0,0.0,0.0,0.0,0.0,0.0,1.0,1.0,0.0
outer4,4,73,b8ed,120.0,60.0,128.68218994140625,60.000003814697266,-68.68218612670898,0.0,-120.0,0.0,0.0,0.0
outer4,4,73,b8ed,120.0,90.0,0.0,180.0,180.0,60.0,180.0,1.0,0.0,-1.0
outer4,4,73,b8ed,120.0,120.0,128.6822052001953,97.18075561523438,-31.501449584960938,-60.0,0.0,0.0,0.0,0.0
outer4,4,73,b8ed,120.0,150.0,180.0,60.000003814697266,-119.99999618530273,0.0,-180.0,0.0,0.0,0.0
outer4,4,73,b8ed,120.0,180.0,29.99998664855957,0.0,-29.99998664855957,-30.0,0.0,0.0,1.0,1.0
outer4,4,73,b8ed,120.0,210.0,120.00000762939453,120.00000762939453,0.0,0.0,0.0,0.0,0.0,0.0
outer4,4,73,b8ed,120.0,240.0,0.0,0.0,0.0,0.0,0.0,1.0,1.0,0.0
outer4,4,73,b8ed,120.0,270.0,0.0,0.0,0.0,0.0,0.0,1.0,1.0,0.0
outer4,4,73,b8ed,120.0,300.0,0.0,0.0,0.0,0.0,0.0,1.0,1.0,0.0
outer4,4,73,b8ed,120.0,330.0,49.49464416503906,0.0,-49.49464416503906,-30.0,-60.0,0.0,1.0,1.0
outer4,4,73,b8ed,150.0,0.0,0.0,29.99998664855957,29.99998664855957,30.0,0.0,1.0,0.0,-1.0
outer4,4,73,b8ed,150.0,30.0,60.000003814697266,14.870942115783691,-45.129061698913574,0.0,-150.0,0.0,0.0,0.0
outer4,4,73,b8ed,150.0,60.0,0.0,0.0,0.0,0.0,0.0,1.0,1.0,0.0
outer4,4,73,b8ed,150.0,90.0,0.0,0.0,0.0,0.0,0.0,1.0,1.0,0.0
outer4,4,73,b8ed,150.0,120.0,0.0,0.0,0.0,0.0,0.0,1.0,1.0,0.0
outer4,4,73,b8ed,150.0,150.0,0.0,120.00000762939453,120.00000762939453,120.0,0.0,1.0,0.0,-1.0
outer4,4,73,b8ed,150.0,180.0,0.0,29.99998664855957,29.99998664855957,30.0,0.0,1.0,0.0,-1.0
outer4,4,73,b8ed,150.0,210.0,0.0,0.0,0.0,0.0,0.0,1.0,1.0,0.0
outer4,4,73,b8ed,150.0,240.0,0.0,57.7581901550293,57.7581901550293,0.0,150.0,1.0,0.0,-1.0
outer4,4,73,b8ed,150.0,270.0,0.0,0.0,0.0,0.0,0.0,1.0,1.0,0.0
outer4,4,73,b8ed,150.0,300.0,0.0,0.0,0.0,0.0,0.0,1.0,1.0,0.0
outer4,4,73,b8ed,150.0,330.0,0.0,151.04498291015625,151.04498291015625,120.0,120.0,1.0,0.0,-1.0
outer4,4,73,b979,30.0,0.0,60.000003814697266,60.000003814697266,0.0,0.0,0.0,0.0,0.0,0.0
outer4,4,73,b979,30.0,30.0,0.0,0.0,0.0,0.0,0.0,1.0,1.0,0.0
outer4,4,73,b979,30.0,60.0,122.24180603027344,122.24180603027344,0.0,0.0,0.0,0.0,0.0,0.0
outer4,4,73,b979,30.0,90.0,60.000003814697266,90.0,29.999996185302734,90.0,-180.0,0.0,0.0,0.0
outer4,4,73,b979,30.0,120.0,28.95502281188965,115.6589126586914,86.70388984680176,90.0,30.0,0.0,0.0,0.0
outer4,4,73,b979,30.0,150.0,0.0,122.24180603027344,122.24180603027344,120.0,30.0,1.0,0.0,-1.0
outer4,4,73,b979,30.0,180.0,0.0,0.0,0.0,0.0,0.0,1.0,1.0,0.0
outer4,4,73,b979,30.0,210.0,0.0,60.000003814697266,60.000003814697266,0.0,180.0,1.0,0.0,-1.0
outer4,4,73,b979,30.0,240.0,151.04498291015625,90.0,-61.04498291015625,-90.0,60.0,0.0,0.0,0.0
outer4,4,73,b979,30.0,270.0,60.000003814697266,165.12905883789062,105.12905502319336,120.0,-30.0,0.0,0.0,0.0
outer4,4,73,b979,30.0,300.0,41.40962219238281,115.6589126586914,74.2492904663086,90.0,0.0,0.0,0.0,0.0
outer4,4,73,b979,30.0,330.0,60.000003814697266,128.68218994140625,68.68218612670898,120.0,-120.0,0.0,0.0,0.0
outer4,4,73,b979,60.0,0.0,130.50535583496094,25.905075073242188,-104.60028076171875,-90.0,-90.0,0.0,0.0,0.0
outer4,4,73,b979,60.0,30.0,0.0,0.0,0.0,0.0,0.0,1.0,1.0,0.0
outer4,4,73,b979,60.0,60.0,102.50391387939453,0.0,-102.50391387939453,-90.0,-60.0,0.0,1.0,1.0
outer4,4,73,b979,60.0,90.0,60.000003814697266,60.000003814697266,0.0,0.0,0.0,0.0,0.0,0.0
outer4,4,73,b979,60.0,120.0,113.54812622070312,104.47750854492188,-9.07061767578125,60.0,-60.0,0.0,0.0,0.0
outer4,4,73,b979,60.0,150.0,180.0,154.09490966796875,-25.90509033203125,0.0,-30.0,0.0,0.0,0.0
outer4,4,73,b979,60.0,180.0,86.67425537109375,36.097782135009766,-50.576473236083984,0.0,-120.0,0.0,0.0,0.0
outer4,4,73,b979,60.0,210.0,97.1807632446289,51.31781005859375,-45.862953186035156,0.0,-60.0,0.0,0.0,0.0
outer4,4,73,b979,60.0,240.0,150.0,120.00000762939453,-29.99999237060547,-30.0,0.0,0.0,0.0,0.0
outer4,4,73,b979,60.0,270.0,120.00000762939453,113.54812622070312,-6.451881408691406,0.0,-30.0,0.0,0.0,0.0
outer4,4,73,b979,60.0,300.0,25.905075073242188,93.32574462890625,67.42066955566406,90.0,0.0,0.0,0.0,0.0
outer4,4,73,b979,60.0,330.0,82.81924438476562,82.81924438476562,0.0,0.0,0.0,0.0,0.0,0.0
outer4,4,73,b979,90.0,0.0,0.0,150.0,150.0,0.0,150.0,1.0,0.0,-1.0
outer4,4,73,b979,90.0,30.0,0.0,90.0,90.0,0.0,90.0,1.0,0.0,-1.0
outer4,4,73,b979,90.0,60.0,150.0,60.000003814697266,-89.99999618530273,0.0,-90.0,0.0,0.0,0.0
outer4,4,73,b979,90.0,90.0,0.0,0.0,0.0,0.0,0.0,1.0,1.0,0.0
outer4,4,73,b979,90.0,120.0,90.0,0.0,-90.0,0.0,-90.0,0.0,1.0,1.0
outer4,4,73,b979,90.0,150.0,150.0,120.00000762939453,-29.99999237060547,0.0,-30.0,0.0,0.0,0.0
outer4,4,73,b979,90.0,180.0,180.0,30.000001907348633,-149.99999809265137,0.0,-150.0,0.0,0.0,0.0
outer4,4,73,b979,90.0,210.0,180.0,90.0,-90.0,0.0,-90.0,0.0,0.0,0.0
outer4,4,73,b979,90.0,240.0,120.00000762939453,120.00000762939453,0.0,0.0,0.0,0.0,0.0,0.0
outer4,4,73,b979,90.0,270.0,150.0,180.0,30.0,0.0,30.0,0.0,0.0,0.0
outer4,4,73,b979,90.0,300.0,90.0,60.000003814697266,-29.999996185302734,0.0,-30.0,0.0,0.0,0.0
outer4,4,73,b979,90.0,330.0,30.00000762939453,120.00000762939453,90.0,0.0,90.0,0.0,0.0,0.0
outer4,4,73,b979,120.0,0.0,36.0977783203125,0.0,-36.0977783203125,-30.0,-30.0,0.0,1.0,1.0
outer4,4,73,b979,120.0,30.0,75.52249145507812,25.905075073242188,-49.61741638183594,0.0,-60.0,0.0,0.0,0.0
outer4,4,73,b979,120.0,60.0,49.49464416503906,104.47750854492188,54.98286437988281,30.0,30.0,0.0,0.0,0.0
outer4,4,73,b979,120.0,90.0,25.905075073242188,66.45188903808594,40.54681396484375,60.0,0.0,0.0,0.0,0.0
outer4,4,73,b979,120.0,120.0,115.6589126586914,128.6822052001953,13.023292541503906,30.0,0.0,0.0,0.0,0.0
outer4,4,73,b979,120.0,150.0,180.0,60.000003814697266,-119.99999618530273,0.0,-180.0,0.0,0.0,0.0
outer4,4,73,b979,120.0,180.0,36.09777069091797,120.00000762939453,83.90223693847656,-30.0,150.0,0.0,0.0,0.0
outer4,4,73,b979,120.0,210.0,51.31781005859375,75.52249145507812,24.204681396484375,0.0,30.0,0.0,0.0,0.0
outer4,4,73,b979,120.0,240.0,86.67425537109375,113.54811096191406,26.873855590820312,-30.0,0.0,0.0,0.0,0.0
outer4,4,73,b979,120.0,270.0,120.00000762939453,120.00000762939453,0.0,0.0,0.0,0.0,0.0,0.0
outer4,4,73,b979,120.0,300.0,90.0,128.68218994140625,38.68218994140625,30.0,-60.0,0.0,0.0,0.0
outer4,4,73,b979,120.0,330.0,82.81924438476562,82.81924438476562,0.0,0.0,0.0,0.0,0.0,0.0
outer4,4,73,b979,150.0,0.0,60.000003814697266,29.99998664855957,-30.000017166137695,30.0,-180.0,0.0,0.0,0.0
outer4,4,73,b979,150.0,30.0,0.0,14.870942115783691,14.870942115783691,0.0,30.0,1.0,0.0,-1.0
outer4,4,73,b979,150.0,60.0,120.00000762939453,14.870942115783691,-105.12906551361084,-120.0,30.0,0.0,0.0,0.0
outer4,4,73,b979,150.0,90.0,90.0,143.9022216796875,53.9022216796875,60.0,-30.0,0.0,0.0,0.0
outer4,4,73,b979,150.0,120.0,0.0,28.95502281188965,28.95502281188965,0.0,60.0,1.0,0.0,-1.0
outer4,4,73,b979,150.0,150.0,0.0,0.0,0.0,0.0,0.0,1.0,1.0,0.0
outer4,4,73,b979,150.0,180.0,0.0,29.99998664855957,29.99998664855957,30.0,0.0,1.0,0.0,-1.0
outer4,4,73,b979,150.0,210.0,0.0,57.7581901550293,57.7581901550293,0.0,150.0,1.0,0.0,-1.0
outer4,4,73,b979,150.0,240.0,0.0,0.0,0.0,0.0,0.0,1.0,1.0,0.0
outer4,4,73,b979,150.0,270.0,60.000003814697266,90.0,29.999996185302734,30.0,0.0,0.0,0.0,0.0
outer4,4,73,b979,150.0,300.0,60.000003814697266,57.7581901550293,-2.2418136596679688,0.0,-30.0,0.0,0.0,0.0
outer4,4,73,b979,150.0,330.0,60.000003814697266,165.12905883789062,105.12905502319336,120.0,-30.0,0.0,0.0,0.0
outer4,4,73,baa9,30.0,0.0,0.0,0.0,0.0,0.0,0.0,1.0,1.0,0.0
outer4,4,73,baa9,30.0,30.0,0.0,0.0,0.0,0.0,0.0,1.0,1.0,0.0
outer4,4,73,baa9,30.0,60.0,0.0,0.0,0.0,0.0,0.0,1.0,1.0,0.0
outer4,4,73,baa9,30.0,90.0,0.0,0.0,0.0,0.0,0.0,1.0,1.0,0.0
outer4,4,73,baa9,30.0,120.0,0.0,0.0,0.0,0.0,0.0,1.0,1.0,0.0
outer4,4,73,baa9,30.0,150.0,0.0,0.0,0.0,0.0,0.0,1.0,1.0,0.0
outer4,4,73,baa9,30.0,180.0,0.0,0.0,0.0,0.0,0.0,1.0,1.0,0.0
outer4,4,73,baa9,30.0,210.0,0.0,0.0,0.0,0.0,0.0,1.0,1.0,0.0
outer4,4,73,baa9,30.0,240.0,0.0,0.0,0.0,0.0,0.0,1.0,1.0,0.0
outer4,4,73,baa9,30.0,270.0,0.0,0.0,0.0,0.0,0.0,1.0,1.0,0.0
outer4,4,73,baa9,30.0,300.0,0.0,0.0,0.0,0.0,0.0,1.0,1.0,0.0
outer4,4,73,baa9,30.0,330.0,0.0,0.0,0.0,0.0,0.0,1.0,1.0,0.0
outer4,4,73,baa9,60.0,0.0,0.0,0.0,0.0,0.0,0.0,1.0,1.0,0.0
outer4,4,73,baa9,60.0,30.0,0.0,0.0,0.0,0.0,0.0,1.0,1.0,0.0
outer4,4,73,baa9,60.0,60.0,0.0,0.0,0.0,0.0,0.0,1.0,1.0,0.0
outer4,4,73,baa9,60.0,90.0,0.0,0.0,0.0,0.0,0.0,1.0,1.0,0.0
outer4,4,73,baa9,60.0,120.0,0.0,0.0,0.0,0.0,0.0,1.0,1.0,0.0
outer4,4,73,baa9,60.0,150.0,0.0,0.0,0.0,0.0,0.0,1.0,1.0,0.0
outer4,4,73,baa9,60.0,180.0,0.0,0.0,0.0,0.0,0.0,1.0,1.0,0.0
outer4,4,73,baa9,60.0,210.0,0.0,0.0,0.0,0.0,0.0,1.0,1.0,0.0
outer4,4,73,baa9,60.0,240.0,0.0,0.0,0.0,0.0,0.0,1.0,1.0,0.0
outer4,4,73,baa9,60.0,270.0,0.0,0.0,0.0,0.0,0.0,1.0,1.0,0.0
outer4,4,73,baa9,60.0,300.0,0.0,0.0,0.0,0.0,0.0,1.0,1.0,0.0
outer4,4,73,baa9,60.0,330.0,0.0,0.0,0.0,0.0,0.0,1.0,1.0,0.0
outer4,4,73,baa9,90.0,0.0,0.0,0.0,0.0,0.0,0.0,1.0,1.0,0.0
outer4,4,73,baa9,90.0,30.0,0.0,0.0,0.0,0.0,0.0,1.0,1.0,0.0
outer4,4,73,baa9,90.0,60.0,0.0,0.0,0.0,0.0,0.0,1.0,1.0,0.0
outer4,4,73,baa9,90.0,90.0,0.0,0.0,0.0,0.0,0.0,1.0,1.0,0.0
outer4,4,73,baa9,90.0,120.0,0.0,0.0,0.0,0.0,0.0,1.0,1.0,0.0
outer4,4,73,baa9,90.0,150.0,0.0,0.0,0.0,0.0,0.0,1.0,1.0,0.0
outer4,4,73,baa9,90.0,180.0,180.0,180.0,0.0,0.0,0.0,0.0,0.0,0.0
outer4,4,73,baa9,90.0,210.0,0.0,0.0,0.0,0.0,0.0,1.0,1.0,0.0
outer4,4,73,baa9,90.0,240.0,0.0,0.0,0.0,0.0,0.0,1.0,1.0,0.0
outer4,4,73,baa9,90.0,270.0,0.0,0.0,0.0,0.0,0.0,1.0,1.0,0.0
outer4,4,73,baa9,90.0,300.0,0.0,0.0,0.0,0.0,0.0,1.0,1.0,0.0
outer4,4,73,baa9,90.0,330.0,0.0,0.0,0.0,0.0,0.0,1.0,1.0,0.0
outer4,4,73,baa9,120.0,0.0,0.0,0.0,0.0,0.0,0.0,1.0,1.0,0.0
outer4,4,73,baa9,120.0,30.0,0.0,0.0,0.0,0.0,0.0,1.0,1.0,0.0
outer4,4,73,baa9,120.0,60.0,0.0,0.0,0.0,0.0,0.0,1.0,1.0,0.0
outer4,4,73,baa9,120.0,90.0,0.0,0.0,0.0,0.0,0.0,1.0,1.0,0.0
outer4,4,73,baa9,120.0,120.0,0.0,0.0,0.0,0.0,0.0,1.0,1.0,0.0
outer4,4,73,baa9,120.0,150.0,0.0,0.0,0.0,0.0,0.0,1.0,1.0,0.0
outer4,4,73,baa9,120.0,180.0,0.0,0.0,0.0,0.0,0.0,1.0,1.0,0.0
outer4,4,73,baa9,120.0,210.0,0.0,0.0,0.0,0.0,0.0,1.0,1.0,0.0
outer4,4,73,baa9,120.0,240.0,0.0,0.0,0.0,0.0,0.0,1.0,1.0,0.0
outer4,4,73,baa9,120.0,270.0,0.0,0.0,0.0,0.0,0.0,1.0,1.0,0.0
outer4,4,73,baa9,120.0,300.0,0.0,0.0,0.0,0.0,0.0,1.0,1.0,0.0
outer4,4,73,baa9,120.0,330.0,0.0,0.0,0.0,0.0,0.0,1.0,1.0,0.0
outer4,4,73,baa9,150.0,0.0,0.0,0.0,0.0,0.0,0.0,1.0,1.0,0.0
outer4,4,73,baa9,150.0,30.0,0.0,0.0,0.0,0.0,0.0,1.0,1.0,0.0
outer4,4,73,baa9,150.0,60.0,0.0,0.0,0.0,0.0,0.0,1.0,1.0,0.0
outer4,4,73,baa9,150.0,90.0,0.0,0.0,0.0,0.0,0.0,1.0,1.0,0.0
outer4,4,73,baa9,150.0,120.0,0.0,0.0,0.0,0.0,0.0,1.0,1.0,0.0
outer4,4,73,baa9,150.0,150.0,0.0,0.0,0.0,0.0,0.0,1.0,1.0,0.0
outer4,4,73,baa9,150.0,180.0,0.0,0.0,0.0,0.0,0.0,1.0,1.0,0.0
outer4,4,73,baa9,150.0,210.0,0.0,0.0,0.0,0.0,0.0,1.0,1.0,0.0
outer4,4,73,baa9,150.0,240.0,0.0,0.0,0.0,0.0,0.0,1.0,1.0,0.0
outer4,4,73,baa9,150.0,270.0,0.0,0.0,0.0,0.0,0.0,1.0,1.0,0.0
outer4,4,73,baa9,150.0,300.0,0.0,0.0,0.0,0.0,0.0,1.0,1.0,0.0
outer4,4,73,baa9,150.0,330.0,0.0,0.0,0.0,0.0,0.0,1.0,1.0,0.0
outer4,4,73,bb26,30.0,0.0,150.0,150.0,0.0,0.0,0.0,0.0,0.0,0.0
outer4,4,73,bb26,30.0,30.0,0.0,36.097782135009766,36.097782135009766,30.0,30.0,1.0,0.0,-1.0
outer4,4,73,bb26,30.0,60.0,151.04498291015625,151.04498291015625,0.0,0.0,0.0,0.0,0.0,0.0
outer4,4,73,bb26,30.0,90.0,180.0,165.12905883789062,-14.870941162109375,0.0,-30.0,0.0,0.0,0.0
outer4,4,73,bb26,30.0,120.0,128.68218994140625,138.59039306640625,9.908203125,0.0,30.0,0.0,0.0,0.0
outer4,4,73,bb26,30.0,150.0,0.0,143.9022216796875,143.9022216796875,90.0,150.0,1.0,0.0,-1.0
outer4,4,73,bb26,30.0,180.0,30.000001907348633,90.0,59.99999809265137,60.0,0.0,0.0,0.0,0.0
outer4,4,73,bb26,30.0,210.0,128.68218994140625,36.097782135009766,-92.58440780639648,-90.0,-30.0,0.0,0.0,0.0
outer4,4,73,bb26,30.0,240.0,60.000003814697266,60.000003814697266,0.0,0.0,0.0,0.0,0.0,0.0
outer4,4,73,bb26,30.0,270.0,60.000003814697266,57.7581901550293,-2.2418136596679688,0.0,-30.0,0.0,0.0,0.0
outer4,4,73,bb26,30.0,300.0,0.0,0.0,0.0,0.0,0.0,1.0,1.0,0.0
outer4,4,73,bb26,30.0,330.0,0.0,93.32575988769531,93.32575988769531,90.0,30.0,1.0,0.0,-1.0
outer4,4,73,bb26,60.0,0.0,180.0,180.0,0.0,0.0,0.0,0.0,0.0,0.0
outer4,4,73,bb26,60.0,30.0,130.50535583496094,82.81924438476562,-47.68611145019531,-30.0,-60.0,0.0,0.0,0.0
outer4,4,73,bb26,60.0,60.0,0.0,0.0,0.0,0.0,0.0,1.0,1.0,0.0
outer4,4,73,bb26,60.0,90.0,60.000003814697266,154.09490966796875,94.09490585327148,0.0,150.0,0.0,0.0,0.0
outer4,4,73,bb26,60.0,120.0,0.0,150.0,150.0,30.0,180.0,1.0,0.0,-1.0
outer4,4,73,bb26,60.0,150.0,0.0,82.81924438476562,82.81924438476562,60.0,60.0,1.0,0.0,-1.0
outer4,4,73,bb26,60.0,180.0,0.0,60.000003814697266,60.000003814697266,60.0,0.0,1.0,0.0,-1.0
outer4,4,73,bb26,60.0,210.0,0.0,60.000003814697266,60.000003814697266,60.0,0.0,1.0,0.0,-1.0
outer4,4,73,bb26,60.0,240.0,0.0,0.0,0.0,0.0,0.0,1.0,1.0,0.0
outer4,4,73,bb26,60.0,270.0,0.0,0.0,0.0,0.0,0.0,1.0,1.0,0.0
outer4,4,73,bb26,60.0,300.0,97.18075561523438,0.0,-97.18075561523438,0.0,-120.0,0.0,1.0,1.0
outer4,4,73,bb26,60.0,330.0,75.52249908447266,180.0,104.47750091552734,60.0,90.0,0.0,0.0,0.0
outer4,4,73,bb26,90.0,0.0,0.0,0.0,0.0,0.0,0.0,1.0,1.0,0.0
outer4,4,73,bb26,90.0,30.0,150.0,30.000001907348633,-119.99999809265137,0.0,-120.0,0.0,0.0,0.0
outer4,4,73,bb26,90.0,60.0,0.0,60.000003814697266,60.000003814697266,0.0,60.0,1.0,0.0,-1.0
outer4,4,73,bb26,90.0,90.0,30.000001907348633,30.000001907348633,0.0,0.0,0.0,0.0,0.0,0.0
outer4,4,73,bb26,90.0,120.0,0.0,0.0,0.0,0.0,0.0,1.0,1.0,0.0
outer4,4,73,bb26,90.0,150.0,90.0,150.0,60.0,0.0,60.0,0.0,0.0,0.0
outer4,4,73,bb26,90.0,180.0,30.000001907348633,180.0,149.99999809265137,0.0,150.0,0.0,0.0,0.0
outer4,4,73,bb26,90.0,210.0,0.0,180.0,180.0,0.0,180.0,1.0,0.0,-1.0
outer4,4,73,bb26,90.0,240.0,180.0,120.00000762939453,-59.99999237060547,0.0,-60.0,0.0,0.0,0.0
outer4,4,73,bb26,90.0,270.0,150.0,150.0,0.0,0.0,0.0,0.0,0.0,0.0
outer4,4,73,bb26,90.0,300.0,180.0,180.0,0.0,0.0,0.0,0.0,0.0,0.0
outer4,4,73,bb26,90.0,330.0,30.00000762939453,30.00000762939453,0.0,0.0,0.0,0.0,0.0,0.0
outer4,4,73,bb26,120.0,0.0,120.00000762939453,120.00000762939453,0.0,0.0,0.0,0.0,0.0,0.0
outer4,4,73,bb26,120.0,30.0,128.6822052001953,97.18075561523438,-31.501449584960938,-60.0,0.0,0.0,0.0,0.0
outer4,4,73,bb26,120.0,60.0,0.0,0.0,0.0,0.0,0.0,1.0,1.0,0.0
outer4,4,73,bb26,120.0,90.0,154.09490966796875,154.09490966796875,0.0,0.0,0.0,0.0,0.0,0.0
outer4,4,73,bb26,120.0,120.0,30.000001907348633,128.6822052001953,98.68220329284668,30.0,120.0,0.0,0.0,0.0
outer4,4,73,bb26,120.0,150.0,90.0,51.31781005859375,-38.68218994140625,-90.0,60.0,0.0,0.0,0.0
outer4,4,73,bb26,120.0,180.0,120.00000762939453,120.00000762939453,0.0,0.0,0.0,0.0,0.0,0.0
outer4,4,73,bb26,120.0,210.0,82.81924438476562,0.0,-82.81924438476562,-60.0,-60.0,0.0,1.0,1.0
outer4,4,73,bb26,120.0,240.0,82.81924438476562,51.31781005859375,-31.501434326171875,-60.0,0.0,0.0,0.0,0.0
outer4,4,73,bb26,120.0,270.0,25.905075073242188,41.40962219238281,15.504547119140625,30.0,0.0,0.0,0.0,0.0
outer4,4,73,bb26,120.0,300.0,128.68218994140625,128.68218994140625,0.0,0.0,0.0,0.0,0.0,0.0
outer4,4,73,bb26,120.0,330.0,86.67424774169922,120.00000762939453,33.32575988769531,-30.0,30.0,0.0,0.0,0.0
outer4,4,73,bb26,150.0,0.0,29.99998664855957,29.99998664855957,0.0,0.0,0.0,0.0,0.0,0.0
outer4,4,73,bb26,150.0,30.0,128.68218994140625,29.99998664855957,-98.68220329284668,-90.0,-60.0,0.0,0.0,0.0
outer4,4,73,bb26,150.0,60.0,151.04498291015625,151.04498291015625,0.0,0.0,0.0,0.0,0.0,0.0
outer4,4,73,bb26,150.0,90.0,180.0,180.0,0.0,0.0,0.0,0.0,0.0,0.0
outer4,4,73,bb26,150.0,120.0,128.68218994140625,128.68218994140625,0.0,0.0,0.0,0.0,0.0,0.0
outer4,4,73,bb26,150.0,150.0,0.0,49.49464416503906,49.49464416503906,30.0,60.0,1.0,0.0,-1.0
outer4,4,73,bb26,150.0,180.0,29.99998664855957,29.99998664855957,0.0,0.0,0.0,0.0,0.0,0.0
outer4,4,73,bb26,150.0,210.0,128.68218994140625,86.67425537109375,-42.0079345703125,-90.0,90.0,0.0,0.0,0.0
outer4,4,73,bb26,150.0,240.0,60.000003814697266,60.000003814697266,0.0,0.0,0.0,0.0,0.0,0.0
outer4,4,73,bb26,150.0,270.0,0.0,14.870942115783691,14.870942115783691,0.0,30.0,1.0,0.0,-1.0
outer4,4,73,bb26,150.0,300.0,151.04498291015625,0.0,-151.04498291015625,-120.0,-120.0,0.0,1.0,1.0
outer4,4,73,bb26,150.0,330.0,120.00000762939453,122.24180603027344,2.2417984008789062,0.0,30.0,0.0,0.0,0.0
outer4,4,74,b7fd,30.0,0.0,60.000003814697266,90.0,29.999996185302734,30.0,0.0,0.0,0.0,0.0
outer4,4,74,b7fd,30.0,30.0,30.000001907348633,30.000001907348633,0.0,0.0,0.0,0.0,0.0,0.0
outer4,4,74,b7fd,30.0,60.0,128.68218994140625,128.68218994140625,0.0,0.0,0.0,0.0,0.0,0.0
outer4,4,74,b7fd,30.0,90.0,120.00000762939453,36.097782135009766,-83.90222549438477,-90.0,30.0,0.0,0.0,0.0
outer4,4,74,b7fd,30.0,120.0,14.870942115783691,30.000001907348633,15.129059791564941,30.0,-30.0,0.0,0.0,0.0
outer4,4,74,b7fd,30.0,150.0,102.50392150878906,130.50535583496094,28.001434326171875,0.0,60.0,0.0,0.0,0.0
outer4,4,74,b7fd,30.0,180.0,0.0,30.000001907348633,30.000001907348633,30.0,0.0,1.0,0.0,-1.0
outer4,4,74,b7fd,30.0,210.0,30.000001907348633,0.0,-30.000001907348633,-30.0,0.0,0.0,1.0,1.0
outer4,4,74,b7fd,30.0,240.0,143.9022216796875,128.68218994140625,-15.22003173828125,30.0,-90.0,0.0,0.0,0.0
outer4,4,74,b7fd,30.0,270.0,57.7581901550293,90.0,32.2418098449707,30.0,30.0,0.0,0.0,0.0
outer4,4,74,b7fd,30.0,300.0,57.7581901550293,86.67425537109375,28.916065216064453,30.0,0.0,0.0,0.0,0.0
outer4,4,74,b7fd,30.0,330.0,93.32575988769531,93.32575988769531,0.0,0.0,0.0,0.0,0.0,0.0
outer4,4,74,b7fd,60.0,0.0,0.0,0.0,0.0,0.0,0.0,1.0,1.0,0.0
outer4,4,74,b7fd,60.0,30.0,0.0,0.0,0.0,0.0,0.0,1.0,1.0,0.0
outer4,4,74,b7fd,60.0,60.0,128.68218994140625,130.50535583496094,1.8231658935546875,30.0,0.0,0.0,0.0,0.0
outer4,4,74,b7fd,60.0,90.0,0.0,25.905075073242188,25.905075073242188,0.0,30.0,1.0,0.0,-1.0
outer4,4,74,b7fd,60.0,120.0,66.45188903808594,0.0,-66.45188903808594,-60.0,-30.0,0.0,1.0,1.0
outer4,4,74,b7fd,60.0,150.0,82.81924438476562,51.31781005859375,-31.501434326171875,-60.0,0.0,0.0,0.0,0.0
outer4,4,74,b7fd,60.0,180.0,0.0,93.32574462890625,93.32574462890625,90.0,30.0,1.0,0.0,-1.0
outer4,4,74,b7fd,60.0,210.0,180.0,120.00000762939453,-59.99999237060547,-60.0,0.0,0.0,0.0,0.0
outer4,4,74,b7fd,60.0,240.0,115.6589126586914,0.0,-115.6589126586914,-30.0,-120.0,0.0,1.0,1.0
outer4,4,74,b7fd,60.0,270.0,120.00000762939453,113.5481185913086,-6.4518890380859375,0.0,-30.0,0.0,0.0,0.0
outer4,4,74,b7fd,60.0,300.0,0.0,0.0,0.0,0.0,0.0,1.0,1.0,0.0
outer4,4,74,b7fd,60.0,330.0,0.0,66.45188903808594,66.45188903808594,60.0,30.0,1.0,0.0,-1.0
outer4,4,74,b7fd,90.0,0.0,150.0,150.0,0.0,0.0,0.0,0.0,0.0,0.0
outer4,4,74,b7fd,90.0,30.0,120.00000762939453,90.0,-30.00000762939453,0.0,-30.0,0.0,0.0,0.0
outer4,4,74,b7fd,90.0,60.0,60.000003814697266,119.99999237060547,59.9999885559082,0.0,60.0,0.0,0.0,0.0
outer4,4,74,b7fd,90.0,90.0,180.0,180.0,0.0,0.0,0.0,0.0,0.0,0.0
outer4,4,74,b7fd,90.0,120.0,0.0,0.0,0.0,0.0,0.0,1.0,1.0,0.0
outer4,4,74,b7fd,90.0,150.0,0.0,30.000001907348633,30.000001907348633,0.0,30.0,1.0,0.0,-1.0
outer4,4,74,b7fd,90.0,180.0,30.000001907348633,30.000001907348633,0.0,0.0,0.0,0.0,0.0,0.0
outer4,4,74,b7fd,90.0,210.0,60.000003814697266,60.000003814697266,0.0,0.0,0.0,0.0,0.0,0.0
outer4,4,74,b7fd,90.0,240.0,60.000003814697266,60.000003814697266,0.0,0.0,0.0,0.0,0.0,0.0
outer4,4,74,b7fd,90.0,270.0,0.0,0.0,0.0,0.0,0.0,1.0,1.0,0.0
outer4,4,74,b7fd,90.0,300.0,180.0,0.0,-180.0,0.0,-180.0,0.0,1.0,1.0
outer4,4,74,b7fd,90.0,330.0,180.0,30.000001907348633,-149.99999809265137,0.0,-150.0,0.0,0.0,0.0
outer4,4,74,b7fd,120.0,0.0,0.0,29.99998664855957,29.99998664855957,30.0,0.0,1.0,0.0,-1.0
outer4,4,74,b7fd,120.0,30.0,120.00000762939453,0.0,-120.00000762939453,0.0,-180.0,0.0,1.0,1.0
outer4,4,74,b7fd,120.0,60.0,128.68218994140625,128.68218994140625,0.0,0.0,0.0,0.0,0.0,0.0
outer4,4,74,b7fd,120.0,90.0,30.000001907348633,120.00000762939453,90.0000057220459,-30.0,180.0,0.0,0.0,0.0
outer4,4,74,b7fd,120.0,120.0,0.0,0.0,0.0,0.0,0.0,1.0,1.0,0.0
outer4,4,74,b7fd,120.0,150.0,154.09490966796875,60.000003814697266,-94.09490585327148,0.0,-150.0,0.0,0.0,0.0
outer4,4,74,b7fd,120.0,180.0,60.000003814697266,30.000001907348633,-30.000001907348633,-30.0,0.0,0.0,0.0,0.0
outer4,4,74,b7fd,120.0,210.0,120.00000762939453,128.6822052001953,8.682197570800781,60.0,-60.0,0.0,0.0,0.0
outer4,4,74,b7fd,120.0,240.0,120.00000762939453,60.000003814697266,-60.000003814697266,60.0,-180.0,0.0,0.0,0.0
outer4,4,74,b7fd,120.0,270.0,120.00000762939453,0.0,-120.00000762939453,0.0,-180.0,0.0,1.0,1.0
outer4,4,74,b7fd,120.0,300.0,29.99998664855957,29.99998664855957,0.0,0.0,0.0,0.0,0.0,0.0
outer4,4,74,b7fd,120.0,330.0,0.0,82.81924438476562,82.81924438476562,60.0,60.0,1.0,0.0,-1.0
outer4,4,74,b7fd,150.0,0.0,29.99998664855957,29.99998664855957,0.0,0.0,0.0,0.0,0.0,0.0
outer4,4,74,b7fd,150.0,30.0,29.99998664855957,0.0,-29.99998664855957,-30.0,0.0,0.0,1.0,1.0
outer4,4,74,b7fd,150.0,60.0,122.24180603027344,122.24180603027344,0.0,0.0,0.0,0.0,0.0,0.0
outer4,4,74,b7fd,150.0,90.0,0.0,150.0,150.0,90.0,180.0,1.0,0.0,-1.0
outer4,4,74,b7fd,150.0,120.0,36.09777069091797,14.870942115783691,-21.226828575134277,-30.0,0.0,0.0,0.0,0.0
outer4,4,74,b7fd,150.0,150.0,102.50391387939453,143.9022216796875,41.39830780029297,0.0,90.0,0.0,0.0,0.0
outer4,4,74,b7fd,150.0,180.0,29.99998664855957,90.0,60.00001335144043,0.0,180.0,0.0,0.0,0.0
outer4,4,74,b7fd,150.0,210.0,29.99998664855957,60.000003814697266,30.000017166137695,-30.0,180.0,0.0,0.0,0.0
outer4,4,74,b7fd,150.0,240.0,165.12905883789062,128.68218994140625,-36.446868896484375,0.0,-90.0,0.0,0.0,0.0
outer4,4,74,b7fd,150.0,270.0,0.0,29.99998664855957,29.99998664855957,30.0,0.0,1.0,0.0,-1.0
outer4,4,74,b7fd,150.0,300.0,60.000003814697266,60.000003814697266,0.0,0.0,0.0,0.0,0.0,0.0
outer4,4,74,b7fd,150.0,330.0,93.32574462890625,93.32574462890625,0.0,0.0,0.0,0.0,0.0,0.0
outer4,4,74,b8ed,30.0,0.0,0.0,30.000001907348633,30.000001907348633,30.0,0.0,1.0,0.0,-1.0
outer4,4,74,b8ed,30.0,30.0,60.000003814697266,0.0,-60.000003814697266,0.0,-180.0,0.0,1.0,1.0
outer4,4,74,b8ed,30.0,60.0,165.12905883789062,0.0,-165.12905883789062,-120.0,-150.0,0.0,1.0,1.0
outer4,4,74,b8ed,30.0,90.0,0.0,30.000001907348633,30.000001907348633,30.0,0.0,1.0,0.0,-1.0
outer4,4,74,b8ed,30.0,120.0,128.68218994140625,0.0,-128.68218994140625,-120.0,-60.0,0.0,1.0,1.0
outer4,4,74,b8ed,30.0,150.0,0.0,128.68218994140625,128.68218994140625,120.0,60.0,1.0,0.0,-1.0
outer4,4,74,b8ed,30.0,180.0,0.0,0.0,0.0,0.0,0.0,1.0,1.0,0.0
outer4,4,74,b8ed,30.0,210.0,0.0,0.0,0.0,0.0,0.0,1.0,1.0,0.0
outer4,4,74,b8ed,30.0,240.0,57.7581901550293,102.50392150878906,44.745731353759766,90.0,-90.0,0.0,0.0,0.0
outer4,4,74,b8ed,30.0,270.0,60.000003814697266,90.0,29.999996185302734,30.0,0.0,0.0,0.0,0.0
outer4,4,74,b8ed,30.0,300.0,0.0,0.0,0.0,0.0,0.0,1.0,1.0,0.0
outer4,4,74,b8ed,30.0,330.0,0.0,128.68218994140625,128.68218994140625,120.0,60.0,1.0,0.0,-1.0
outer4,4,74,b8ed,60.0,0.0,30.000001907348633,0.0,-30.000001907348633,-30.0,0.0,0.0,1.0,1.0
outer4,4,74,b8ed,60.0,30.0,0.0,0.0,0.0,0.0,0.0,1.0,1.0,0.0
outer4,4,74,b8ed,60.0,60.0,154.0949249267578,113.54812622070312,-40.54679870605469,-60.0,0.0,0.0,0.0,0.0
outer4,4,74,b8ed,60.0,90.0,0.0,180.0,180.0,60.0,180.0,1.0,0.0,-1.0
outer4,4,74,b8ed,60.0,120.0,60.000003814697266,0.0,-60.000003814697266,-60.0,0.0,0.0,1.0,1.0
outer4,4,74,b8ed,60.0,150.0,128.6822052001953,180.0,51.31779479980469,0.0,60.0,0.0,0.0,0.0
outer4,4,74,b8ed,60.0,180.0,30.000001907348633,0.0,-30.000001907348633,-30.0,0.0,0.0,1.0,1.0
outer4,4,74,b8ed,60.0,210.0,120.00000762939453,0.0,-120.00000762939453,0.0,-180.0,0.0,1.0,1.0
outer4,4,74,b8ed,60.0,240.0,0.0,25.905075073242188,25.905075073242188,0.0,30.0,1.0,0.0,-1.0
outer4,4,74,b8ed,60.0,270.0,120.00000762939453,113.54812622070312,-6.451881408691406,0.0,-30.0,0.0,0.0,0.0
outer4,4,74,b8ed,60.0,300.0,0.0,0.0,0.0,0.0,0.0,1.0,1.0,0.0
outer4,4,74,b8ed,60.0,330.0,25.90509033203125,66.45188903808594,40.54679870605469,60.0,0.0,0.0,0.0,0.0
outer4,4,74,b8ed,90.0,0.0,30.000001907348633,150.0,119.99999809265137,0.0,120.0,0.0,0.0,0.0
outer4,4,74,b8ed,90.0,30.0,0.0,180.0,180.0,0.0,180.0,1.0,0.0,-1.0
outer4,4,74,b8ed,90.0,60.0,30.000001907348633,119.99999237060547,89.99999046325684,0.0,90.0,0.0,0.0,0.0
outer4,4,74,b8ed,90.0,90.0,180.0,180.0,0.0,0.0,0.0,0.0,0.0,0.0
outer4,4,74,b8ed,90.0,120.0,0.0,0.0,0.0,0.0,0.0,1.0,1.0,0.0
outer4,4,74,b8ed,90.0,150.0,120.00000762939453,60.000003814697266,-60.000003814697266,0.0,-60.0,0.0,0.0,0.0
outer4,4,74,b8ed,90.0,180.0,180.0,150.0,-30.0,0.0,-30.0,0.0,0.0,0.0
outer4,4,74,b8ed,90.0,210.0,180.0,0.0,-180.0,0.0,-180.0,0.0,1.0,1.0
outer4,4,74,b8ed,90.0,240.0,120.00000762939453,60.000003814697266,-60.000003814697266,0.0,-60.0,0.0,0.0,0.0
outer4,4,74,b8ed,90.0,270.0,0.0,0.0,0.0,0.0,0.0,1.0,1.0,0.0
outer4,4,74,b8ed,90.0,300.0,180.0,0.0,-180.0,0.0,-180.0,0.0,1.0,1.0
outer4,4,74,b8ed,90.0,330.0,120.00000762939453,120.00000762939453,0.0,0.0,0.0,0.0,0.0,0.0
outer4,4,74,b8ed,120.0,0.0,29.99998664855957,0.0,-29.99998664855957,-30.0,0.0,0.0,1.0,1.0
outer4,4,74,b8ed,120.0,30.0,0.0,0.0,0.0,0.0,0.0,1.0,1.0,0.0
outer4,4,74,b8ed,120.0,60.0,128.68218994140625,128.68218994140625,0.0,0.0,0.0,0.0,0.0,0.0
outer4,4,74,b8ed,120.0,90.0,0.0,60.000003814697266,60.000003814697266,60.0,0.0,1.0,0.0,-1.0
outer4,4,74,b8ed,120.0,120.0,128.6822052001953,128.6822052001953,0.0,0.0,0.0,0.0,0.0,0.0
outer4,4,74,b8ed,120.0,150.0,0.0,0.0,0.0,0.0,0.0,1.0,1.0,0.0
outer4,4,74,b8ed,120.0,180.0,29.99998664855957,0.0,-29.99998664855957,-30.0,0.0,0.0,1.0,1.0
outer4,4,74,b8ed,120.0,210.0,120.00000762939453,120.00000762939453,0.0,0.0,0.0,0.0,0.0,0.0
outer4,4,74,b8ed,120.0,240.0,0.0,0.0,0.0,0.0,0.0,1.0,1.0,0.0
outer4,4,74,b8ed,120.0,270.0,0.0,0.0,0.0,0.0,0.0,1.0,1.0,0.0
outer4,4,74,b8ed,120.0,300.0,0.0,0.0,0.0,0.0,0.0,1.0,1.0,0.0
outer4,4,74,b8ed,120.0,330.0,0.0,0.0,0.0,0.0,0.0,1.0,1.0,0.0
outer4,4,74,b8ed,150.0,0.0,0.0,29.99998664855957,29.99998664855957,30.0,0.0,1.0,0.0,-1.0
outer4,4,74,b8ed,150.0,30.0,60.000003814697266,0.0,-60.000003814697266,0.0,-180.0,0.0,1.0,1.0
outer4,4,74,b8ed,150.0,60.0,0.0,151.04498291015625,151.04498291015625,120.0,120.0,1.0,0.0,-1.0
outer4,4,74,b8ed,150.0,90.0,0.0,29.99998664855957,29.99998664855957,30.0,0.0,1.0,0.0,-1.0
outer4,4,74,b8ed,150.0,120.0,0.0,0.0,0.0,0.0,0.0,1.0,1.0,0.0
outer4,4,74,b8ed,150.0,150.0,0.0,0.0,0.0,0.0,0.0,1.0,1.0,0.0
outer4,4,74,b8ed,150.0,180.0,0.0,29.99998664855957,29.99998664855957,30.0,0.0,1.0,0.0,-1.0
outer4,4,74,b8ed,150.0,210.0,0.0,0.0,0.0,0.0,0.0,1.0,1.0,0.0
outer4,4,74,b8ed,150.0,240.0,0.0,60.000003814697266,60.000003814697266,0.0,180.0,1.0,0.0,-1.0
outer4,4,74,b8ed,150.0,270.0,0.0,0.0,0.0,0.0,0.0,1.0,1.0,0.0
outer4,4,74,b8ed,150.0,300.0,0.0,0.0,0.0,0.0,0.0,1.0,1.0,0.0
outer4,4,74,b8ed,150.0,330.0,0.0,122.24180603027344,122.24180603027344,120.0,30.0,1.0,0.0,-1.0
outer4,4,74,b979,30.0,0.0,180.0,60.000003814697266,-119.99999618530273,-120.0,0.0,0.0,0.0,0.0
outer4,4,74,b979,30.0,30.0,0.0,0.0,0.0,0.0,0.0,1.0,1.0,0.0
outer4,4,74,b979,30.0,60.0,93.32575225830078,93.32575225830078,0.0,0.0,0.0,0.0,0.0,0.0
outer4,4,74,b979,30.0,90.0,60.000003814697266,90.0,29.999996185302734,90.0,-180.0,0.0,0.0,0.0
outer4,4,74,b979,30.0,120.0,28.95502281188965,28.95502281188965,0.0,0.0,0.0,0.0,0.0,0.0
outer4,4,74,b979,30.0,150.0,0.0,122.24180603027344,122.24180603027344,120.0,30.0,1.0,0.0,-1.0
outer4,4,74,b979,30.0,180.0,0.0,0.0,0.0,0.0,0.0,1.0,1.0,0.0
outer4,4,74,b979,30.0,210.0,0.0,60.000003814697266,60.000003814697266,0.0,180.0,1.0,0.0,-1.0
outer4,4,74,b979,30.0,240.0,57.7581901550293,143.9022216796875,86.1440315246582,90.0,0.0,0.0,0.0,0.0
outer4,4,74,b979,30.0,270.0,60.000003814697266,86.67425537109375,26.674251556396484,30.0,-30.0,0.0,0.0,0.0
outer4,4,74,b979,30.0,300.0,51.31781005859375,51.31781005859375,0.0,0.0,0.0,0.0,0.0,0.0
outer4,4,74,b979,30.0,330.0,128.68218994140625,128.68218994140625,0.0,0.0,0.0,0.0,0.0,0.0
outer4,4,74,b979,60.0,0.0,30.000001907348633,113.5481185913086,83.54811668395996,-30.0,150.0,0.0,0.0,0.0
outer4,4,74,b979,60.0,30.0,113.5481185913086,0.0,-113.5481185913086,0.0,-150.0,0.0,1.0,1.0
outer4,4,74,b979,60.0,60.0,82.81924438476562,66.45188903808594,-16.367355346679688,0.0,-30.0,0.0,0.0,0.0
outer4,4,74,b979,60.0,90.0,66.45188903808594,60.000003814697266,-6.451885223388672,0.0,-30.0,0.0,0.0,0.0
outer4,4,74,b979,60.0,120.0,143.9022216796875,97.1807632446289,-46.721458435058594,-90.0,-30.0,0.0,0.0,0.0
outer4,4,74,b979,60.0,150.0,128.6822052001953,82.81924438476562,-45.86296081542969,0.0,-60.0,0.0,0.0,0.0
outer4,4,74,b979,60.0,180.0,30.000001907348633,30.000001907348633,0.0,0.0,0.0,0.0,0.0,0.0
outer4,4,74,b979,60.0,210.0,180.0,82.81924438476562,-97.18075561523438,0.0,-120.0,0.0,0.0,0.0
outer4,4,74,b979,60.0,240.0,41.40962219238281,150.0,108.59037780761719,0.0,150.0,0.0,0.0,0.0
outer4,4,74,b979,60.0,270.0,90.0,113.54812622070312,23.548126220703125,-30.0,-30.0,0.0,0.0,0.0
outer4,4,74,b979,60.0,300.0,49.494659423828125,25.905075073242188,-23.589584350585938,-30.0,-30.0,0.0,0.0,0.0
outer4,4,74,b979,60.0,330.0,82.81924438476562,82.81924438476562,0.0,0.0,0.0,0.0,0.0,0.0
outer4,4,74,b979,90.0,0.0,30.000001907348633,150.0,119.99999809265137,0.0,120.0,0.0,0.0,0.0
outer4,4,74,b979,90.0,30.0,180.0,120.00000762939453,-59.99999237060547,0.0,-60.0,0.0,0.0,0.0
outer4,4,74,b979,90.0,60.0,60.000003814697266,180.0,119.99999618530273,0.0,120.0,0.0,0.0,0.0
outer4,4,74,b979,90.0,90.0,150.0,0.0,-150.0,0.0,-150.0,0.0,1.0,1.0
outer4,4,74,b979,90.0,120.0,90.0,180.0,90.0,0.0,90.0,0.0,0.0,0.0
outer4,4,74,b979,90.0,150.0,120.00000762939453,60.000003814697266,-60.000003814697266,0.0,-60.0,0.0,0.0,0.0
outer4,4,74,b979,90.0,180.0,150.0,30.000001907348633,-119.99999809265137,0.0,-120.0,0.0,0.0,0.0
outer4,4,74,b979,90.0,210.0,0.0,90.0,90.0,0.0,90.0,1.0,0.0,-1.0
outer4,4,74,b979,90.0,240.0,120.00000762939453,60.000003814697266,-60.000003814697266,0.0,-60.0,0.0,0.0,0.0
outer4,4,74,b979,90.0,270.0,30.000001907348633,180.0,149.99999809265137,0.0,150.0,0.0,0.0,0.0
outer4,4,74,b979,90.0,300.0,90.0,0.0,-90.0,0.0,-90.0,0.0,1.0,1.0
outer4,4,74,b979,90.0,330.0,60.00000762939453,120.00000762939453,60.0,0.0,60.0,0.0,0.0,0.0
outer4,4,74,b979,120.0,0.0,29.99998664855957,0.0,-29.99998664855957,-30.0,0.0,0.0,1.0,1.0
outer4,4,74,b979,120.0,30.0,120.00000762939453,0.0,-120.00000762939453,0.0,-180.0,0.0,1.0,1.0
outer4,4,74,b979,120.0,60.0,102.50392150878906,180.0,77.49607849121094,-30.0,120.0,0.0,0.0,0.0
outer4,4,74,b979,120.0,90.0,41.40962219238281,66.45188903808594,25.042266845703125,30.0,0.0,0.0,0.0,0.0
outer4,4,74,b979,120.0,120.0,90.0,64.34109497070312,-25.658905029296875,0.0,-30.0,0.0,0.0,0.0
outer4,4,74,b979,120.0,150.0,97.18075561523438,120.00000762939453,22.819252014160156,0.0,60.0,0.0,0.0,0.0
outer4,4,74,b979,120.0,180.0,29.99998664855957,120.00000762939453,90.00002098083496,-30.0,180.0,0.0,0.0,0.0
outer4,4,74,b979,120.0,210.0,0.0,60.000003814697266,60.000003814697266,60.0,0.0,1.0,0.0,-1.0
outer4,4,74,b979,120.0,240.0,86.67425537109375,120.00000762939453,33.32575225830078,-30.0,30.0,0.0,0.0,0.0
outer4,4,74,b979,120.0,270.0,120.00000762939453,120.00000762939453,0.0,0.0,0.0,0.0,0.0,0.0
outer4,4,74,b979,120.0,300.0,143.9022216796875,113.54811096191406,-30.354110717773438,-90.0,0.0,0.0,0.0,0.0
outer4,4,74,b979,120.0,330.0,82.81924438476562,82.81924438476562,0.0,0.0,0.0,0.0,0.0,0.0
outer4,4,74,b979,150.0,0.0,0.0,29.99998664855957,29.99998664855957,30.0,0.0,1.0,0.0,-1.0
outer4,4,74,b979,150.0,30.0,0.0,14.870942115783691,14.870942115783691,0.0,30.0,1.0,0.0,-1.0
outer4,4,74,b979,150.0,60.0,120.00000762939453,120.00000762939453,0.0,0.0,0.0,0.0,0.0,0.0
outer4,4,74,b979,150.0,90.0,60.000003814697266,90.0,29.999996185302734,30.0,0.0,0.0,0.0,0.0
outer4,4,74,b979,150.0,120.0,36.09777069091797,14.870942115783691,-21.226828575134277,-30.0,0.0,0.0,0.0,0.0
outer4,4,74,b979,150.0,150.0,14.870942115783691,0.0,-14.870942115783691,0.0,-30.0,0.0,1.0,1.0
outer4,4,74,b979,150.0,180.0,0.0,0.0,0.0,0.0,0.0,1.0,1.0,0.0
outer4,4,74,b979,150.0,210.0,0.0,57.7581901550293,57.7581901550293,0.0,150.0,1.0,0.0,-1.0
outer4,4,74,b979,150.0,240.0,60.000003814697266,128.68218994140625,68.68218612670898,120.0,-120.0,0.0,0.0,0.0
outer4,4,74,b979,150.0,270.0,60.000003814697266,90.0,29.999996185302734,30.0,0.0,0.0,0.0,0.0
outer4,4,74,b979,150.0,300.0,57.7581901550293,57.7581901550293,0.0,0.0,0.0,0.0,0.0,0.0
outer4,4,74,b979,150.0,330.0,165.12905883789062,128.68218994140625,-36.446868896484375,0.0,-90.0,0.0,0.0,0.0
outer4,4,74,baa9,30.0,0.0,0.0,0.0,0.0,0.0,0.0,1.0,1.0,0.0
outer4,4,74,baa9,30.0,30.0,0.0,0.0,0.0,0.0,0.0,1.0,1.0,0.0
outer4,4,74,baa9,30.0,60.0,0.0,0.0,0.0,0.0,0.0,1.0,1.0,0.0
outer4,4,74,baa9,30.0,90.0,0.0,0.0,0.0,0.0,0.0,1.0,1.0,0.0
outer4,4,74,baa9,30.0,120.0,0.0,0.0,0.0,0.0,0.0,1.0,1.0,0.0
outer4,4,74,baa9,30.0,150.0,0.0,0.0,0.0,0.0,0.0,1.0,1.0,0.0
outer4,4,74,baa9,30.0,180.0,0.0,0.0,0.0,0.0,0.0,1.0,1.0,0.0
outer4,4,74,baa9,30.0,210.0,0.0,0.0,0.0,0.0,0.0,1.0,1.0,0.0
outer4,4,74,baa9,30.0,240.0,0.0,0.0,0.0,0.0,0.0,1.0,1.0,0.0
outer4,4,74,baa9,30.0,270.0,0.0,0.0,0.0,0.0,0.0,1.0,1.0,0.0
outer4,4,74,baa9,30.0,300.0,0.0,0.0,0.0,0.0,0.0,1.0,1.0,0.0
outer4,4,74,baa9,30.0,330.0,0.0,0.0,0.0,0.0,0.0,1.0,1.0,0.0
outer4,4,74,baa9,60.0,0.0,0.0,0.0,0.0,0.0,0.0,1.0,1.0,0.0
outer4,4,74,baa9,60.0,30.0,0.0,0.0,0.0,0.0,0.0,1.0,1.0,0.0
outer4,4,74,baa9,60.0,60.0,0.0,0.0,0.0,0.0,0.0,1.0,1.0,0.0
outer4,4,74,baa9,60.0,90.0,0.0,0.0,0.0,0.0,0.0,1.0,1.0,0.0
outer4,4,74,baa9,60.0,120.0,0.0,0.0,0.0,0.0,0.0,1.0,1.0,0.0
outer4,4,74,baa9,60.0,150.0,0.0,0.0,0.0,0.0,0.0,1.0,1.0,0.0
outer4,4,74,baa9,60.0,180.0,0.0,0.0,0.0,0.0,0.0,1.0,1.0,0.0
outer4,4,74,baa9,60.0,210.0,25.905075073242188,0.0,-25.905075073242188,0.0,-30.0,0.0,1.0,1.0
outer4,4,74,baa9,60.0,240.0,0.0,0.0,0.0,0.0,0.0,1.0,1.0,0.0
outer4,4,74,baa9,60.0,270.0,0.0,0.0,0.0,0.0,0.0,1.0,1.0,0.0
outer4,4,74,baa9,60.0,300.0,0.0,0.0,0.0,0.0,0.0,1.0,1.0,0.0
outer4,4,74,baa9,60.0,330.0,0.0,0.0,0.0,0.0,0.0,1.0,1.0,0.0
outer4,4,74,baa9,90.0,0.0,0.0,180.0,180.0,0.0,180.0,1.0,0.0,-1.0
outer4,4,74,baa9,90.0,30.0,0.0,0.0,0.0,0.0,0.0,1.0,1.0,0.0
outer4,4,74,baa9,90.0,60.0,0.0,0.0,0.0,0.0,0.0,1.0,1.0,0.0
outer4,4,74,baa9,90.0,90.0,0.0,0.0,0.0,0.0,0.0,1.0,1.0,0.0
outer4,4,74,baa9,90.0,120.0,0.0,0.0,0.0,0.0,0.0,1.0,1.0,0.0
outer4,4,74,baa9,90.0,150.0,0.0,0.0,0.0,0.0,0.0,1.0,1.0,0.0
outer4,4,74,baa9,90.0,180.0,180.0,0.0,-180.0,0.0,-180.0,0.0,1.0,1.0
outer4,4,74,baa9,90.0,210.0,0.0,0.0,0.0,0.0,0.0,1.0,1.0,0.0
outer4,4,74,baa9,90.0,240.0,0.0,0.0,0.0,0.0,0.0,1.0,1.0,0.0
outer4,4,74,baa9,90.0,270.0,0.0,0.0,0.0,0.0,0.0,1.0,1.0,0.0
outer4,4,74,baa9,90.0,300.0,0.0,0.0,0.0,0.0,0.0,1.0,1.0,0.0
outer4,4,74,baa9,90.0,330.0,0.0,0.0,0.0,0.0,0.0,1.0,1.0,0.0
outer4,4,74,baa9,120.0,0.0,0.0,0.0,0.0,0.0,0.0,1.0,1.0,0.0
outer4,4,74,baa9,120.0,30.0,0.0,0.0,0.0,0.0,0.0,1.0,1.0,0.0
outer4,4,74,baa9,120.0,60.0,0.0,0.0,0.0,0.0,0.0,1.0,1.0,0.0
outer4,4,74,baa9,120.0,90.0,0.0,0.0,0.0,0.0,0.0,1.0,1.0,0.0
outer4,4,74,baa9,120.0,120.0,0.0,0.0,0.0,0.0,0.0,1.0,1.0,0.0
outer4,4,74,baa9,120.0,150.0,0.0,0.0,0.0,0.0,0.0,1.0,1.0,0.0
outer4,4,74,baa9,120.0,180.0,0.0,0.0,0.0,0.0,0.0,1.0,1.0,0.0
outer4,4,74,baa9,120.0,210.0,0.0,0.0,0.0,0.0,0.0,1.0,1.0,0.0
outer4,4,74,baa9,120.0,240.0,0.0,0.0,0.0,0.0,0.0,1.0,1.0,0.0
outer4,4,74,baa9,120.0,270.0,0.0,0.0,0.0,0.0,0.0,1.0,1.0,0.0
outer4,4,74,baa9,120.0,300.0,0.0,0.0,0.0,0.0,0.0,1.0,1.0,0.0
outer4,4,74,baa9,120.0,330.0,0.0,0.0,0.0,0.0,0.0,1.0,1.0,0.0
outer4,4,74,baa9,150.0,0.0,0.0,0.0,0.0,0.0,0.0,1.0,1.0,0.0
outer4,4,74,baa9,150.0,30.0,0.0,0.0,0.0,0.0,0.0,1.0,1.0,0.0
outer4,4,74,baa9,150.0,60.0,0.0,0.0,0.0,0.0,0.0,1.0,1.0,0.0
outer4,4,74,baa9,150.0,90.0,0.0,0.0,0.0,0.0,0.0,1.0,1.0,0.0
outer4,4,74,baa9,150.0,120.0,0.0,0.0,0.0,0.0,0.0,1.0,1.0,0.0
outer4,4,74,baa9,150.0,150.0,0.0,0.0,0.0,0.0,0.0,1.0,1.0,0.0
outer4,4,74,baa9,150.0,180.0,0.0,0.0,0.0,0.0,0.0,1.0,1.0,0.0
outer4,4,74,baa9,150.0,210.0,0.0,0.0,0.0,0.0,0.0,1.0,1.0,0.0
outer4,4,74,baa9,150.0,240.0,0.0,0.0,0.0,0.0,0.0,1.0,1.0,0.0
outer4,4,74,baa9,150.0,270.0,0.0,0.0,0.0,0.0,0.0,1.0,1.0,0.0
outer4,4,74,baa9,150.0,300.0,0.0,0.0,0.0,0.0,0.0,1.0,1.0,0.0
outer4,4,74,baa9,150.0,330.0,0.0,0.0,0.0,0.0,0.0,1.0,1.0,0.0
outer4,4,74,bb26,30.0,0.0,90.0,90.0,0.0,0.0,0.0,0.0,0.0,0.0
outer4,4,74,bb26,30.0,30.0,0.0,36.097782135009766,36.097782135009766,30.0,30.0,1.0,0.0,-1.0
outer4,4,74,bb26,30.0,60.0,0.0,151.04498291015625,151.04498291015625,120.0,120.0,1.0,0.0,-1.0
outer4,4,74,bb26,30.0,90.0,180.0,90.0,-90.0,-30.0,-180.0,0.0,0.0,0.0
outer4,4,74,bb26,30.0,120.0,128.68218994140625,90.0,-38.68218994140625,-90.0,120.0,0.0,0.0,0.0
outer4,4,74,bb26,30.0,150.0,151.04498291015625,165.12905883789062,14.084075927734375,0.0,30.0,0.0,0.0,0.0
outer4,4,74,bb26,30.0,180.0,90.0,90.0,0.0,0.0,0.0,0.0,0.0,0.0
outer4,4,74,bb26,30.0,210.0,128.68218994140625,14.870942115783691,-113.81124782562256,-120.0,-30.0,0.0,0.0,0.0
outer4,4,74,bb26,30.0,240.0,60.000003814697266,60.000003814697266,0.0,0.0,0.0,0.0,0.0,0.0
outer4,4,74,bb26,30.0,270.0,0.0,57.7581901550293,57.7581901550293,0.0,150.0,1.0,0.0,-1.0
outer4,4,74,bb26,30.0,300.0,151.04498291015625,0.0,-151.04498291015625,-120.0,-120.0,0.0,1.0,1.0
outer4,4,74,bb26,30.0,330.0,102.50392150878906,102.50392150878906,0.0,0.0,0.0,0.0,0.0,0.0
outer4,4,74,bb26,60.0,0.0,120.00000762939453,180.0,59.99999237060547,60.0,0.0,0.0,0.0,0.0
outer4,4,74,bb26,60.0,30.0,66.45188903808594,51.31782150268555,-15.13406753540039,-60.0,30.0,0.0,0.0,0.0
outer4,4,74,bb26,60.0,60.0,0.0,0.0,0.0,0.0,0.0,1.0,1.0,0.0
outer4,4,74,bb26,60.0,90.0,60.000003814697266,180.0,119.99999618530273,0.0,180.0,0.0,0.0,0.0
outer4,4,74,bb26,60.0,120.0,66.45188903808594,138.59039306640625,72.13850402832031,-30.0,120.0,0.0,0.0,0.0
outer4,4,74,bb26,60.0,150.0,0.0,51.31781005859375,51.31781005859375,0.0,60.0,1.0,0.0,-1.0
outer4,4,74,bb26,60.0,180.0,0.0,60.000003814697266,60.000003814697266,60.0,0.0,1.0,0.0,-1.0
outer4,4,74,bb26,60.0,210.0,90.0,97.1807632446289,7.180763244628906,-30.0,-60.0,0.0,0.0,0.0
outer4,4,74,bb26,60.0,240.0,25.905075073242188,25.905075073242188,0.0,0.0,0.0,0.0,0.0,0.0
outer4,4,74,bb26,60.0,270.0,0.0,41.40962219238281,41.40962219238281,30.0,30.0,1.0,0.0,-1.0
outer4,4,74,bb26,60.0,300.0,154.0949249267578,0.0,-154.0949249267578,-60.0,-150.0,0.0,1.0,1.0
outer4,4,74,bb26,60.0,330.0,102.50391387939453,128.6822052001953,26.17829132080078,-30.0,60.0,0.0,0.0,0.0
outer4,4,74,bb26,90.0,0.0,0.0,0.0,0.0,0.0,0.0,1.0,1.0,0.0
outer4,4,74,bb26,90.0,30.0,60.00000762939453,0.0,-60.00000762939453,0.0,-60.0,0.0,1.0,1.0
outer4,4,74,bb26,90.0,60.0,119.99999237060547,119.99999237060547,0.0,0.0,0.0,0.0,0.0,0.0
outer4,4,74,bb26,90.0,90.0,150.0,150.0,0.0,0.0,0.0,0.0,0.0,0.0
outer4,4,74,bb26,90.0,120.0,0.0,180.0,180.0,0.0,180.0,1.0,0.0,-1.0
outer4,4,74,bb26,90.0,150.0,180.0,180.0,0.0,0.0,0.0,0.0,0.0,0.0
outer4,4,74,bb26,90.0,180.0,180.0,180.0,0.0,0.0,0.0,0.0,0.0,0.0
outer4,4,74,bb26,90.0,210.0,120.00000762939453,180.0,59.99999237060547,0.0,60.0,0.0,0.0,0.0
outer4,4,74,bb26,90.0,240.0,90.0,60.000003814697266,-29.999996185302734,0.0,-30.0,0.0,0.0,0.0
outer4,4,74,bb26,90.0,270.0,30.000001907348633,30.000001907348633,0.0,0.0,0.0,0.0,0.0,0.0
outer4,4,74,bb26,90.0,300.0,0.0,0.0,0.0,0.0,0.0,1.0,1.0,0.0
outer4,4,74,bb26,90.0,330.0,30.00000762939453,30.00000762939453,0.0,0.0,0.0,0.0,0.0,0.0
outer4,4,74,bb26,120.0,0.0,120.00000762939453,120.00000762939453,0.0,0.0,0.0,0.0,0.0,0.0
outer4,4,74,bb26,120.0,30.0,93.32575225830078,104.47750854492188,11.151756286621094,-30.0,60.0,0.0,0.0,0.0
outer4,4,74,bb26,120.0,60.0,0.0,0.0,0.0,0.0,0.0,1.0,1.0,0.0
outer4,4,74,bb26,120.0,90.0,150.0,138.59039306640625,-11.40960693359375,0.0,-30.0,0.0,0.0,0.0
outer4,4,74,bb26,120.0,120.0,115.6589126586914,104.47750854492188,-11.181404113769531,30.0,-30.0,0.0,0.0,0.0
outer4,4,74,bb26,120.0,150.0,49.49464416503906,82.81924438476562,33.32460021972656,30.0,0.0,0.0,0.0,0.0
outer4,4,74,bb26,120.0,180.0,120.00000762939453,120.00000762939453,0.0,0.0,0.0,0.0,0.0,0.0
outer4,4,74,bb26,120.0,210.0,60.000003814697266,60.000003814697266,0.0,0.0,0.0,0.0,0.0,0.0
outer4,4,74,bb26,120.0,240.0,25.905075073242188,25.905075073242188,0.0,0.0,0.0,0.0,0.0,0.0
outer4,4,74,bb26,120.0,270.0,120.00000762939453,0.0,-120.00000762939453,0.0,-180.0,0.0,1.0,1.0
outer4,4,74,bb26,120.0,300.0,128.68218994140625,138.59039306640625,9.908203125,-30.0,30.0,0.0,0.0,0.0
outer4,4,74,bb26,120.0,330.0,82.81924438476562,60.000003814697266,-22.81924057006836,0.0,-60.0,0.0,0.0,0.0
outer4,4,74,bb26,150.0,0.0,29.99998664855957,29.99998664855957,0.0,0.0,0.0,0.0,0.0,0.0
outer4,4,74,bb26,150.0,30.0,29.99998664855957,0.0,-29.99998664855957,-30.0,0.0,0.0,1.0,1.0
outer4,4,74,bb26,150.0,60.0,0.0,151.04498291015625,151.04498291015625,120.0,120.0,1.0,0.0,-1.0
outer4,4,74,bb26,150.0,90.0,180.0,180.0,0.0,0.0,0.0,0.0,0.0,0.0
outer4,4,74,bb26,150.0,120.0,128.68218994140625,128.68218994140625,0.0,0.0,0.0,0.0,0.0,0.0
outer4,4,74,bb26,150.0,150.0,0.0,93.32574462890625,93.32574462890625,90.0,30.0,1.0,0.0,-1.0
outer4,4,74,bb26,150.0,180.0,29.99998664855957,29.99998664855957,0.0,0.0,0.0,0.0,0.0,0.0
outer4,4,74,bb26,150.0,210.0,151.04498291015625,0.0,-151.04498291015625,-120.0,-120.0,0.0,1.0,1.0
outer4,4,74,bb26,150.0,240.0,60.000003814697266,60.000003814697266,0.0,0.0,0.0,0.0,0.0,0.0
outer4,4,74,bb26,150.0,270.0,0.0,0.0,0.0,0.0,0.0,1.0,1.0,0.0
outer4,4,74,bb26,150.0,300.0,151.04498291015625,0.0,-151.04498291015625,-120.0,-120.0,0.0,1.0,1.0
outer4,4,74,bb26,150.0,330.0,128.68218994140625,122.24180603027344,-6.4403839111328125,0.0,-30.0,0.0,0.0,0.0
outer4,4,75,b7fd,30.0,0.0,60.000003814697266,90.0,29.999996185302734,30.0,0.0,0.0,0.0,0.0
outer4,4,75,b7fd,30.0,30.0,30.000001907348633,60.000003814697266,30.000001907348633,-30.0,180.0,0.0,0.0,0.0
outer4,4,75,b7fd,30.0,60.0,128.68218994140625,165.12905883789062,36.446868896484375,0.0,90.0,0.0,0.0,0.0
outer4,4,75,b7fd,30.0,90.0,86.67425537109375,0.0,-86.67425537109375,-30.0,-150.0,0.0,1.0,1.0
outer4,4,75,b7fd,30.0,120.0,36.097782135009766,0.0,-36.097782135009766,-30.0,-30.0,0.0,1.0,1.0
outer4,4,75,b7fd,30.0,150.0,150.0,93.32575225830078,-56.67424774169922,0.0,-150.0,0.0,0.0,0.0
outer4,4,75,b7fd,30.0,180.0,0.0,30.000001907348633,30.000001907348633,30.0,0.0,1.0,0.0,-1.0
outer4,4,75,b7fd,30.0,210.0,30.000001907348633,0.0,-30.000001907348633,-30.0,0.0,0.0,1.0,1.0
outer4,4,75,b7fd,30.0,240.0,151.04498291015625,165.12905883789062,14.084075927734375,0.0,30.0,0.0,0.0,0.0
outer4,4,75,b7fd,30.0,270.0,60.000003814697266,60.000003814697266,0.0,0.0,0.0,0.0,0.0,0.0
outer4,4,75,b7fd,30.0,300.0,57.7581901550293,57.7581901550293,0.0,0.0,0.0,0.0,0.0,0.0
outer4,4,75,b7fd,30.0,330.0,49.494659423828125,93.32575988769531,43.83110046386719,60.0,-30.0,0.0,0.0,0.0
outer4,4,75,b7fd,60.0,0.0,0.0,0.0,0.0,0.0,0.0,1.0,1.0,0.0
outer4,4,75,b7fd,60.0,30.0,0.0,128.6822052001953,128.6822052001953,60.0,120.0,1.0,0.0,-1.0
outer4,4,75,b7fd,60.0,60.0,128.68218994140625,154.0949249267578,25.412734985351562,0.0,30.0,0.0,0.0,0.0
outer4,4,75,b7fd,60.0,90.0,41.40962219238281,25.905075073242188,-15.504547119140625,-30.0,0.0,0.0,0.0,0.0
outer4,4,75,b7fd,60.0,120.0,51.31781005859375,0.0,-51.31781005859375,0.0,-60.0,0.0,1.0,1.0
outer4,4,75,b7fd,60.0,150.0,154.09490966796875,120.00000762939453,-34.09490203857422,-60.0,30.0,0.0,0.0,0.0
outer4,4,75,b7fd,60.0,180.0,0.0,93.32574462890625,93.32574462890625,90.0,30.0,1.0,0.0,-1.0
outer4,4,75,b7fd,60.0,210.0,180.0,128.6822052001953,-51.31779479980469,0.0,-60.0,0.0,0.0,0.0
outer4,4,75,b7fd,60.0,240.0,128.6822052001953,0.0,-128.6822052001953,-60.0,-120.0,0.0,1.0,1.0
outer4,4,75,b7fd,60.0,270.0,120.00000762939453,120.00000762939453,0.0,0.0,0.0,0.0,0.0,0.0
outer4,4,75,b7fd,60.0,300.0,0.0,0.0,0.0,0.0,0.0,1.0,1.0,0.0
outer4,4,75,b7fd,60.0,330.0,120.00000762939453,0.0,-120.00000762939453,0.0,-180.0,0.0,1.0,1.0
outer4,4,75,b7fd,90.0,0.0,180.0,0.0,-180.0,0.0,-180.0,0.0,1.0,1.0
outer4,4,75,b7fd,90.0,30.0,120.00000762939453,120.00000762939453,0.0,0.0,0.0,0.0,0.0,0.0
outer4,4,75,b7fd,90.0,60.0,60.000003814697266,60.000003814697266,0.0,0.0,0.0,0.0,0.0,0.0
outer4,4,75,b7fd,90.0,90.0,180.0,180.0,0.0,0.0,0.0,0.0,0.0,0.0
outer4,4,75,b7fd,90.0,120.0,30.000001907348633,0.0,-30.000001907348633,0.0,-30.0,0.0,1.0,1.0
outer4,4,75,b7fd,90.0,150.0,0.0,0.0,0.0,0.0,0.0,1.0,1.0,0.0
outer4,4,75,b7fd,90.0,180.0,0.0,180.0,180.0,0.0,180.0,1.0,0.0,-1.0
outer4,4,75,b7fd,90.0,210.0,60.000003814697266,0.0,-60.000003814697266,0.0,-60.0,0.0,1.0,1.0
outer4,4,75,b7fd,90.0,240.0,60.000003814697266,60.000003814697266,0.0,0.0,0.0,0.0,0.0,0.0
outer4,4,75,b7fd,90.0,270.0,0.0,0.0,0.0,0.0,0.0,1.0,1.0,0.0
outer4,4,75,b7fd,90.0,300.0,0.0,180.0,180.0,0.0,180.0,1.0,0.0,-1.0
outer4,4,75,b7fd,90.0,330.0,180.0,180.0,0.0,0.0,0.0,0.0,0.0,0.0
outer4,4,75,b7fd,120.0,0.0,0.0,29.99998664855957,29.99998664855957,30.0,0.0,1.0,0.0,-1.0
outer4,4,75,b7fd,120.0,30.0,128.6822052001953,82.81924438476562,-45.86296081542969,0.0,-60.0,0.0,0.0,0.0
outer4,4,75,b7fd,120.0,60.0,154.0949249267578,128.68218994140625,-25.412734985351562,0.0,-30.0,0.0,0.0,0.0
outer4,4,75,b7fd,120.0,90.0,0.0,120.00000762939453,120.00000762939453,0.0,180.0,1.0,0.0,-1.0
outer4,4,75,b7fd,120.0,120.0,0.0,0.0,0.0,0.0,0.0,1.0,1.0,0.0
outer4,4,75,b7fd,120.0,150.0,97.18075561523438,120.00000762939453,22.819252014160156,0.0,60.0,0.0,0.0,0.0
outer4,4,75,b7fd,120.0,180.0,0.0,30.000001907348633,30.000001907348633,30.0,0.0,1.0,0.0,-1.0
outer4,4,75,b7fd,120.0,210.0,120.00000762939453,82.81924438476562,-37.180763244628906,60.0,-120.0,0.0,0.0,0.0
outer4,4,75,b7fd,120.0,240.0,138.59039306640625,0.0,-138.59039306640625,-30.0,-150.0,0.0,1.0,1.0
outer4,4,75,b7fd,120.0,270.0,0.0,0.0,0.0,0.0,0.0,1.0,1.0,0.0
outer4,4,75,b7fd,120.0,300.0,29.99998664855957,29.99998664855957,0.0,0.0,0.0,0.0,0.0,0.0
outer4,4,75,b7fd,120.0,330.0,0.0,97.18075561523438,97.18075561523438,0.0,120.0,1.0,0.0,-1.0
outer4,4,75,b7fd,150.0,0.0,0.0,29.99998664855957,29.99998664855957,30.0,0.0,1.0,0.0,-1.0
outer4,4,75,b7fd,150.0,30.0,29.99998664855957,14.870942115783691,-15.129044532775879,-30.0,30.0,0.0,0.0,0.0
outer4,4,75,b7fd,150.0,60.0,122.24180603027344,151.04498291015625,28.803176879882812,0.0,90.0,0.0,0.0,0.0
outer4,4,75,b7fd,150.0,90.0,0.0,60.000003814697266,60.000003814697266,0.0,180.0,1.0,0.0,-1.0
outer4,4,75,b7fd,150.0,120.0,14.870942115783691,14.870942115783691,0.0,0.0,0.0,0.0,0.0,0.0
outer4,4,75,b7fd,150.0,150.0,90.0,102.50391387939453,12.503913879394531,0.0,60.0,0.0,0.0,0.0
outer4,4,75,b7fd,150.0,180.0,29.99998664855957,29.99998664855957,0.0,0.0,0.0,0.0,0.0,0.0
outer4,4,75,b7fd,150.0,210.0,90.0,60.000003814697266,-29.999996185302734,-30.0,0.0,0.0,0.0,0.0
outer4,4,75,b7fd,150.0,240.0,143.9022216796875,151.04498291015625,7.14276123046875,30.0,-30.0,0.0,0.0,0.0
outer4,4,75,b7fd,150.0,270.0,0.0,90.0,90.0,90.0,0.0,1.0,0.0,-1.0
outer4,4,75,b7fd,150.0,300.0,60.000003814697266,57.7581901550293,-2.2418136596679688,0.0,-30.0,0.0,0.0,0.0
outer4,4,75,b7fd,150.0,330.0,36.0977783203125,102.50391387939453,66.40613555908203,60.0,30.0,0.0,0.0,0.0
outer4,4,75,b8ed,30.0,0.0,0.0,0.0,0.0,0.0,0.0,1.0,1.0,0.0
outer4,4,75,b8ed,30.0,30.0,60.000003814697266,165.12905883789062,105.12905502319336,120.0,-30.0,0.0,0.0,0.0
outer4,4,75,b8ed,30.0,60.0,57.7581901550293,0.0,-57.7581901550293,0.0,-150.0,0.0,1.0,1.0
outer4,4,75,b8ed,30.0,90.0,0.0,30.000001907348633,30.000001907348633,30.0,0.0,1.0,0.0,-1.0
outer4,4,75,b8ed,30.0,120.0,120.00000762939453,0.0,-120.00000762939453,-120.0,0.0,0.0,1.0,1.0
outer4,4,75,b8ed,30.0,150.0,0.0,122.24180603027344,122.24180603027344,120.0,30.0,1.0,0.0,-1.0
outer4,4,75,b8ed,30.0,180.0,0.0,0.0,0.0,0.0,0.0,1.0,1.0,0.0
outer4,4,75,b8ed,30.0,210.0,0.0,51.31781005859375,51.31781005859375,0.0,120.0,1.0,0.0,-1.0
outer4,4,75,b8ed,30.0,240.0,151.04498291015625,102.50392150878906,-48.54106140136719,-30.0,-60.0,0.0,0.0,0.0
outer4,4,75,b8ed,30.0,270.0,90.0,57.7581901550293,-32.2418098449707,-30.0,-30.0,0.0,0.0,0.0
outer4,4,75,b8ed,30.0,300.0,0.0,0.0,0.0,0.0,0.0,1.0,1.0,0.0
outer4,4,75,b8ed,30.0,330.0,122.24180603027344,128.68218994140625,6.4403839111328125,0.0,30.0,0.0,0.0,0.0
outer4,4,75,b8ed,60.0,0.0,30.000001907348633,30.000001907348633,0.0,0.0,0.0,0.0,0.0,0.0
outer4,4,75,b8ed,60.0,30.0,0.0,180.0,180.0,60.0,180.0,1.0,0.0,-1.0
outer4,4,75,b8ed,60.0,60.0,128.68218994140625,154.0949249267578,25.412734985351562,0.0,30.0,0.0,0.0,0.0
outer4,4,75,b8ed,60.0,90.0,0.0,25.905075073242188,25.905075073242188,0.0,30.0,1.0,0.0,-1.0
outer4,4,75,b8ed,60.0,120.0,25.905075073242188,97.1807632446289,71.27568817138672,0.0,90.0,0.0,0.0,0.0
outer4,4,75,b8ed,60.0,150.0,128.6822052001953,82.81924438476562,-45.86296081542969,0.0,-60.0,0.0,0.0,0.0
outer4,4,75,b8ed,60.0,180.0,30.000001907348633,0.0,-30.000001907348633,-30.0,0.0,0.0,1.0,1.0
outer4,4,75,b8ed,60.0,210.0,120.00000762939453,60.000003814697266,-60.000003814697266,60.0,-180.0,0.0,0.0,0.0
outer4,4,75,b8ed,60.0,240.0,0.0,97.1807632446289,97.1807632446289,0.0,120.0,1.0,0.0,-1.0
outer4,4,75,b8ed,60.0,270.0,120.00000762939453,120.00000762939453,0.0,0.0,0.0,0.0,0.0,0.0
outer4,4,75,b8ed,60.0,300.0,0.0,0.0,0.0,0.0,0.0,1.0,1.0,0.0
outer4,4,75,b8ed,60.0,330.0,51.31782150268555,0.0,-51.31782150268555,0.0,-60.0,0.0,1.0,1.0
outer4,4,75,b8ed,90.0,0.0,0.0,30.000001907348633,30.000001907348633,0.0,30.0,1.0,0.0,-1.0
outer4,4,75,b8ed,90.0,30.0,0.0,0.0,0.0,0.0,0.0,1.0,1.0,0.0
outer4,4,75,b8ed,90.0,60.0,0.0,60.000003814697266,60.000003814697266,0.0,60.0,1.0,0.0,-1.0
outer4,4,75,b8ed,90.0,90.0,180.0,180.0,0.0,0.0,0.0,0.0,0.0,0.0
outer4,4,75,b8ed,90.0,120.0,0.0,0.0,0.0,0.0,0.0,1.0,1.0,0.0
outer4,4,75,b8ed,90.0,150.0,120.00000762939453,120.00000762939453,0.0,0.0,0.0,0.0,0.0,0.0
outer4,4,75,b8ed,90.0,180.0,180.0,150.0,-30.0,0.0,-30.0,0.0,0.0,0.0
outer4,4,75,b8ed,90.0,210.0,180.0,180.0,0.0,0.0,0.0,0.0,0.0,0.0
outer4,4,75,b8ed,90.0,240.0,120.00000762939453,120.00000762939453,0.0,0.0,0.0,0.0,0.0,0.0
outer4,4,75,b8ed,90.0,270.0,0.0,0.0,0.0,0.0,0.0,1.0,1.0,0.0
outer4,4,75,b8ed,90.0,300.0,0.0,180.0,180.0,0.0,180.0,1.0,0.0,-1.0
outer4,4,75,b8ed,90.0,330.0,60.00000762939453,120.00000762939453,60.0,0.0,60.0,0.0,0.0,0.0
outer4,4,75,b8ed,120.0,0.0,29.99998664855957,0.0,-29.99998664855957,-30.0,0.0,0.0,1.0,1.0
outer4,4,75,b8ed,120.0,30.0,90.0,120.00000762939453,30.00000762939453,-90.0,180.0,0.0,0.0,0.0
outer4,4,75,b8ed,120.0,60.0,60.000003814697266,60.000003814697266,0.0,0.0,0.0,0.0,0.0,0.0
outer4,4,75,b8ed,120.0,90.0,60.000003814697266,180.0,119.99999618530273,0.0,180.0,0.0,0.0,0.0
outer4,4,75,b8ed,120.0,120.0,128.6822052001953,60.000003814697266,-68.68220138549805,0.0,-120.0,0.0,0.0,0.0
outer4,4,75,b8ed,120.0,150.0,128.6822052001953,97.18075561523438,-31.501449584960938,-60.0,0.0,0.0,0.0,0.0
outer4,4,75,b8ed,120.0,180.0,29.99998664855957,0.0,-29.99998664855957,-30.0,0.0,0.0,1.0,1.0
outer4,4,75,b8ed,120.0,210.0,120.00000762939453,0.0,-120.00000762939453,0.0,-180.0,0.0,1.0,1.0
outer4,4,75,b8ed,120.0,240.0,30.000001907348633,120.00000762939453,90.0000057220459,-30.0,180.0,0.0,0.0,0.0
outer4,4,75,b8ed,120.0,270.0,0.0,0.0,0.0,0.0,0.0,1.0,1.0,0.0
outer4,4,75,b8ed,120.0,300.0,0.0,0.0,0.0,0.0,0.0,1.0,1.0,0.0
outer4,4,75,b8ed,120.0,330.0,49.49464416503906,60.000003814697266,10.505359649658203,30.0,-60.0,0.0,0.0,0.0
outer4,4,75,b8ed,150.0,0.0,120.00000762939453,29.99998664855957,-90.00002098083496,-90.0,0.0,0.0,0.0,0.0
outer4,4,75,b8ed,150.0,30.0,60.000003814697266,0.0,-60.000003814697266,0.0,-180.0,0.0,1.0,1.0
outer4,4,75,b8ed,150.0,60.0,120.00000762939453,151.04498291015625,31.04497528076172,0.0,120.0,0.0,0.0,0.0
outer4,4,75,b8ed,150.0,90.0,0.0,0.0,0.0,0.0,0.0,1.0,1.0,0.0
outer4,4,75,b8ed,150.0,120.0,0.0,0.0,0.0,0.0,0.0,1.0,1.0,0.0
outer4,4,75,b8ed,150.0,150.0,0.0,0.0,0.0,0.0,0.0,1.0,1.0,0.0
outer4,4,75,b8ed,150.0,180.0,0.0,29.99998664855957,29.99998664855957,30.0,0.0,1.0,0.0,-1.0
outer4,4,75,b8ed,150.0,210.0,0.0,0.0,0.0,0.0,0.0,1.0,1.0,0.0
outer4,4,75,b8ed,150.0,240.0,0.0,0.0,0.0,0.0,0.0,1.0,1.0,0.0
outer4,4,75,b8ed,150.0,270.0,60.000003814697266,0.0,-60.000003814697266,0.0,-180.0,0.0,1.0,1.0
outer4,4,75,b8ed,150.0,300.0,0.0,0.0,0.0,0.0,0.0,1.0,1.0,0.0
outer4,4,75,b8ed,150.0,330.0,120.00000762939453,151.04498291015625,31.04497528076172,0.0,120.0,0.0,0.0,0.0
outer4,4,75,b979,30.0,0.0,60.000003814697266,60.000003814697266,0.0,0.0,0.0,0.0,0.0,0.0
outer4,4,75,b979,30.0,30.0,0.0,0.0,0.0,0.0,0.0,1.0,1.0,0.0
outer4,4,75,b979,30.0,60.0,122.24180603027344,93.32575225830078,-28.916053771972656,-30.0,0.0,0.0,0.0,0.0
outer4,4,75,b979,30.0,90.0,60.000003814697266,36.097782135009766,-23.9022216796875,30.0,-150.0,0.0,0.0,0.0
outer4,4,75,b979,30.0,120.0,128.68218994140625,60.000003814697266,-68.68218612670898,-120.0,120.0,0.0,0.0,0.0
outer4,4,75,b979,30.0,150.0,0.0,122.24180603027344,122.24180603027344,120.0,30.0,1.0,0.0,-1.0
outer4,4,75,b979,30.0,180.0,0.0,90.0,90.0,90.0,0.0,1.0,0.0,-1.0
outer4,4,75,b979,30.0,210.0,0.0,57.7581901550293,57.7581901550293,0.0,150.0,1.0,0.0,-1.0
outer4,4,75,b979,30.0,240.0,165.12905883789062,143.9022216796875,-21.226837158203125,-30.0,0.0,0.0,0.0,0.0
outer4,4,75,b979,30.0,270.0,120.00000762939453,90.0,-30.00000762939453,-30.0,0.0,0.0,0.0,0.0
outer4,4,75,b979,30.0,300.0,151.04498291015625,51.31781005859375,-99.7271728515625,-120.0,0.0,0.0,0.0,0.0
outer4,4,75,b979,30.0,330.0,122.24180603027344,128.68218994140625,6.4403839111328125,0.0,30.0,0.0,0.0,0.0
outer4,4,75,b979,60.0,0.0,90.0,120.00000762939453,30.00000762939453,-90.0,180.0,0.0,0.0,0.0
outer4,4,75,b979,60.0,30.0,0.0,97.1807632446289,97.1807632446289,0.0,120.0,1.0,0.0,-1.0
outer4,4,75,b979,60.0,60.0,60.000003814697266,104.47750854492188,44.47750473022461,0.0,90.0,0.0,0.0,0.0
outer4,4,75,b979,60.0,90.0,25.905075073242188,66.45188903808594,40.54681396484375,60.0,0.0,0.0,0.0,0.0
outer4,4,75,b979,60.0,120.0,115.65889739990234,51.31781005859375,-64.3410873413086,-90.0,-30.0,0.0,0.0,0.0
outer4,4,75,b979,60.0,150.0,128.6822052001953,120.00000762939453,-8.682197570800781,-60.0,60.0,0.0,0.0,0.0
outer4,4,75,b979,60.0,180.0,36.097782135009766,60.000003814697266,23.9022216796875,30.0,-30.0,0.0,0.0,0.0
outer4,4,75,b979,60.0,210.0,120.00000762939453,113.5481185913086,-6.4518890380859375,0.0,-30.0,0.0,0.0,0.0
outer4,4,75,b979,60.0,240.0,29.999998092651367,154.0949249267578,124.09492683410645,30.0,150.0,0.0,0.0,0.0
outer4,4,75,b979,60.0,270.0,138.59039306640625,120.00000762939453,-18.59038543701172,-30.0,30.0,0.0,0.0,0.0
outer4,4,75,b979,60.0,300.0,115.65889739990234,0.0,-115.65889739990234,-90.0,-90.0,0.0,1.0,1.0
outer4,4,75,b979,60.0,330.0,82.81924438476562,97.1807632446289,14.361518859863281,-60.0,60.0,0.0,0.0,0.0
outer4,4,75,b979,90.0,0.0,0.0,150.0,150.0,0.0,150.0,1.0,0.0,-1.0
outer4,4,75,b979,90.0,30.0,0.0,30.000001907348633,30.000001907348633,0.0,30.0,1.0,0.0,-1.0
outer4,4,75,b979,90.0,60.0,90.0,60.000003814697266,-29.999996185302734,0.0,-30.0,0.0,0.0,0.0
outer4,4,75,b979,90.0,90.0,30.000001907348633,0.0,-30.000001907348633,0.0,-30.0,0.0,1.0,1.0
outer4,4,75,b979,90.0,120.0,90.0,120.00000762939453,30.00000762939453,0.0,30.0,0.0,0.0,0.0
outer4,4,75,b979,90.0,150.0,150.0,120.00000762939453,-29.99999237060547,0.0,-30.0,0.0,0.0,0.0
outer4,4,75,b979,90.0,180.0,180.0,30.000001907348633,-149.99999809265137,0.0,-150.0,0.0,0.0,0.0
outer4,4,75,b979,90.0,210.0,180.0,150.0,-30.0,0.0,-30.0,0.0,0.0,0.0
outer4,4,75,b979,90.0,240.0,90.0,120.00000762939453,30.00000762939453,0.0,30.0,0.0,0.0,0.0
outer4,4,75,b979,90.0,270.0,150.0,180.0,30.0,0.0,30.0,0.0,0.0,0.0
outer4,4,75,b979,90.0,300.0,90.0,60.000003814697266,-29.999996185302734,0.0,-30.0,0.0,0.0,0.0
outer4,4,75,b979,90.0,330.0,30.00000762939453,60.00000762939453,30.0,0.0,30.0,0.0,0.0,0.0
outer4,4,75,b979,120.0,0.0,90.0,0.0,-90.0,-90.0,0.0,0.0,1.0,1.0
outer4,4,75,b979,120.0,30.0,90.0,128.6822052001953,38.68220520019531,-30.0,120.0,0.0,0.0,0.0
outer4,4,75,b979,120.0,60.0,29.99998664855957,60.000003814697266,30.000017166137695,30.0,0.0,0.0,0.0,0.0
outer4,4,75,b979,120.0,90.0,41.40962219238281,30.000001907348633,-11.40962028503418,0.0,-30.0,0.0,0.0,0.0
outer4,4,75,b979,120.0,120.0,115.6589126586914,115.6589126586914,0.0,0.0,0.0,0.0,0.0,0.0
outer4,4,75,b979,120.0,150.0,97.18075561523438,75.52249145507812,-21.65826416015625,0.0,-30.0,0.0,0.0,0.0
outer4,4,75,b979,120.0,180.0,29.99998664855957,120.00000762939453,90.00002098083496,-30.0,180.0,0.0,0.0,0.0
outer4,4,75,b979,120.0,210.0,150.0,128.6822052001953,-21.317794799804688,-30.0,-60.0,0.0,0.0,0.0
outer4,4,75,b979,120.0,240.0,36.09777069091797,120.00000762939453,83.90223693847656,-30.0,150.0,0.0,0.0,0.0
outer4,4,75,b979,120.0,270.0,154.0949249267578,120.00000762939453,-34.09491729736328,-60.0,30.0,0.0,0.0,0.0
outer4,4,75,b979,120.0,300.0,143.9022216796875,113.54811096191406,-30.354110717773438,-90.0,0.0,0.0,0.0,0.0
outer4,4,75,b979,120.0,330.0,82.81924438476562,120.00000762939453,37.180763244628906,-60.0,120.0,0.0,0.0,0.0
outer4,4,75,b979,150.0,0.0,0.0,29.99998664855957,29.99998664855957,30.0,0.0,1.0,0.0,-1.0
outer4,4,75,b979,150.0,30.0,0.0,0.0,0.0,0.0,0.0,1.0,1.0,0.0
outer4,4,75,b979,150.0,60.0,14.870942115783691,14.870942115783691,0.0,0.0,0.0,0.0,0.0,0.0
outer4,4,75,b979,150.0,90.0,90.0,90.0,0.0,-60.0,180.0,0.0,0.0,0.0
outer4,4,75,b979,150.0,120.0,14.870942115783691,36.09777069091797,21.226828575134277,30.0,0.0,0.0,0.0,0.0
outer4,4,75,b979,150.0,150.0,0.0,0.0,0.0,0.0,0.0,1.0,1.0,0.0
outer4,4,75,b979,150.0,180.0,0.0,29.99998664855957,29.99998664855957,30.0,0.0,1.0,0.0,-1.0
outer4,4,75,b979,150.0,210.0,60.000003814697266,60.000003814697266,0.0,0.0,0.0,0.0,0.0,0.0
outer4,4,75,b979,150.0,240.0,0.0,120.00000762939453,120.00000762939453,120.0,0.0,1.0,0.0,-1.0
outer4,4,75,b979,150.0,270.0,60.000003814697266,90.0,29.999996185302734,30.0,0.0,0.0,0.0,0.0
outer4,4,75,b979,150.0,300.0,57.7581901550293,86.67425537109375,28.916065216064453,30.0,0.0,0.0,0.0,0.0
outer4,4,75,b979,150.0,330.0,60.000003814697266,128.68218994140625,68.68218612670898,120.0,-120.0,0.0,0.0,0.0
outer4,4,75,baa9,30.0,0.0,0.0,0.0,0.0,0.0,0.0,1.0,1.0,0.0
outer4,4,75,baa9,30.0,30.0,0.0,0.0,0.0,0.0,0.0,1.0,1.0,0.0
outer4,4,75,baa9,30.0,60.0,0.0,0.0,0.0,0.0,0.0,1.0,1.0,0.0
outer4,4,75,baa9,30.0,90.0,0.0,0.0,0.0,0.0,0.0,1.0,1.0,0.0
outer4,4,75,baa9,30.0,120.0,0.0,0.0,0.0,0.0,0.0,1.0,1.0,0.0
outer4,4,75,baa9,30.0,150.0,0.0,0.0,0.0,0.0,0.0,1.0,1.0,0.0
outer4,4,75,baa9,30.0,180.0,0.0,0.0,0.0,0.0,0.0,1.0,1.0,0.0
outer4,4,75,baa9,30.0,210.0,0.0,0.0,0.0,0.0,0.0,1.0,1.0,0.0
outer4,4,75,baa9,30.0,240.0,0.0,0.0,0.0,0.0,0.0,1.0,1.0,0.0
outer4,4,75,baa9,30.0,270.0,0.0,0.0,0.0,0.0,0.0,1.0,1.0,0.0
outer4,4,75,baa9,30.0,300.0,0.0,0.0,0.0,0.0,0.0,1.0,1.0,0.0
outer4,4,75,baa9,30.0,330.0,0.0,0.0,0.0,0.0,0.0,1.0,1.0,0.0
outer4,4,75,baa9,60.0,0.0,0.0,0.0,0.0,0.0,0.0,1.0,1.0,0.0
outer4,4,75,baa9,60.0,30.0,0.0,0.0,0.0,0.0,0.0,1.0,1.0,0.0
outer4,4,75,baa9,60.0,60.0,0.0,0.0,0.0,0.0,0.0,1.0,1.0,0.0
outer4,4,75,baa9,60.0,90.0,0.0,0.0,0.0,0.0,0.0,1.0,1.0,0.0
outer4,4,75,baa9,60.0,120.0,0.0,0.0,0.0,0.0,0.0,1.0,1.0,0.0
outer4,4,75,baa9,60.0,150.0,0.0,0.0,0.0,0.0,0.0,1.0,1.0,0.0
outer4,4,75,baa9,60.0,180.0,0.0,0.0,0.0,0.0,0.0,1.0,1.0,0.0
outer4,4,75,baa9,60.0,210.0,0.0,0.0,0.0,0.0,0.0,1.0,1.0,0.0
outer4,4,75,baa9,60.0,240.0,0.0,0.0,0.0,0.0,0.0,1.0,1.0,0.0
outer4,4,75,baa9,60.0,270.0,0.0,0.0,0.0,0.0,0.0,1.0,1.0,0.0
outer4,4,75,baa9,60.0,300.0,0.0,0.0,0.0,0.0,0.0,1.0,1.0,0.0
outer4,4,75,baa9,60.0,330.0,0.0,0.0,0.0,0.0,0.0,1.0,1.0,0.0
outer4,4,75,baa9,90.0,0.0,180.0,180.0,0.0,0.0,0.0,0.0,0.0,0.0
outer4,4,75,baa9,90.0,30.0,0.0,0.0,0.0,0.0,0.0,1.0,1.0,0.0
outer4,4,75,baa9,90.0,60.0,0.0,0.0,0.0,0.0,0.0,1.0,1.0,0.0
outer4,4,75,baa9,90.0,90.0,0.0,0.0,0.0,0.0,0.0,1.0,1.0,0.0
outer4,4,75,baa9,90.0,120.0,0.0,0.0,0.0,0.0,0.0,1.0,1.0,0.0
outer4,4,75,baa9,90.0,150.0,0.0,60.000003814697266,60.000003814697266,0.0,60.0,1.0,0.0,-1.0
outer4,4,75,baa9,90.0,180.0,0.0,0.0,0.0,0.0,0.0,1.0,1.0,0.0
outer4,4,75,baa9,90.0,210.0,0.0,0.0,0.0,0.0,0.0,1.0,1.0,0.0
outer4,4,75,baa9,90.0,240.0,0.0,0.0,0.0,0.0,0.0,1.0,1.0,0.0
outer4,4,75,baa9,90.0,270.0,0.0,0.0,0.0,0.0,0.0,1.0,1.0,0.0
outer4,4,75,baa9,90.0,300.0,0.0,0.0,0.0,0.0,0.0,1.0,1.0,0.0
outer4,4,75,baa9,90.0,330.0,180.0,120.00000762939453,-59.99999237060547,0.0,-60.0,0.0,0.0,0.0
outer4,4,75,baa9,120.0,0.0,0.0,0.0,0.0,0.0,0.0,1.0,1.0,0.0
outer4,4,75,baa9,120.0,30.0,0.0,0.0,0.0,0.0,0.0,1.0,1.0,0.0
outer4,4,75,baa9,120.0,60.0,0.0,0.0,0.0,0.0,0.0,1.0,1.0,0.0
outer4,4,75,baa9,120.0,90.0,0.0,0.0,0.0,0.0,0.0,1.0,1.0,0.0
outer4,4,75,baa9,120.0,120.0,0.0,0.0,0.0,0.0,0.0,1.0,1.0,0.0
outer4,4,75,baa9,120.0,150.0,0.0,0.0,0.0,0.0,0.0,1.0,1.0,0.0
outer4,4,75,baa9,120.0,180.0,0.0,0.0,0.0,0.0,0.0,1.0,1.0,0.0
outer4,4,75,baa9,120.0,210.0,0.0,0.0,0.0,0.0,0.0,1.0,1.0,0.0
outer4,4,75,baa9,120.0,240.0,0.0,0.0,0.0,0.0,0.0,1.0,1.0,0.0
outer4,4,75,baa9,120.0,270.0,0.0,0.0,0.0,0.0,0.0,1.0,1.0,0.0
outer4,4,75,baa9,120.0,300.0,0.0,0.0,0.0,0.0,0.0,1.0,1.0,0.0
outer4,4,75,baa9,120.0,330.0,0.0,0.0,0.0,0.0,0.0,1.0,1.0,0.0
outer4,4,75,baa9,150.0,0.0,0.0,0.0,0.0,0.0,0.0,1.0,1.0,0.0
outer4,4,75,baa9,150.0,30.0,0.0,0.0,0.0,0.0,0.0,1.0,1.0,0.0
outer4,4,75,baa9,150.0,60.0,0.0,0.0,0.0,0.0,0.0,1.0,1.0,0.0
outer4,4,75,baa9,150.0,90.0,0.0,0.0,0.0,0.0,0.0,1.0,1.0,0.0
outer4,4,75,baa9,150.0,120.0,0.0,0.0,0.0,0.0,0.0,1.0,1.0,0.0
outer4,4,75,baa9,150.0,150.0,0.0,0.0,0.0,0.0,0.0,1.0,1.0,0.0
outer4,4,75,baa9,150.0,180.0,0.0,0.0,0.0,0.0,0.0,1.0,1.0,0.0
outer4,4,75,baa9,150.0,210.0,0.0,0.0,0.0,0.0,0.0,1.0,1.0,0.0
outer4,4,75,baa9,150.0,240.0,0.0,0.0,0.0,0.0,0.0,1.0,1.0,0.0
outer4,4,75,baa9,150.0,270.0,0.0,0.0,0.0,0.0,0.0,1.0,1.0,0.0
outer4,4,75,baa9,150.0,300.0,0.0,0.0,0.0,0.0,0.0,1.0,1.0,0.0
outer4,4,75,baa9,150.0,330.0,0.0,0.0,0.0,0.0,0.0,1.0,1.0,0.0
outer4,4,75,bb26,30.0,0.0,150.0,150.0,0.0,0.0,0.0,0.0,0.0,0.0
outer4,4,75,bb26,30.0,30.0,41.40962219238281,0.0,-41.40962219238281,0.0,-90.0,0.0,1.0,1.0
outer4,4,75,bb26,30.0,60.0,0.0,151.04498291015625,151.04498291015625,120.0,120.0,1.0,0.0,-1.0
outer4,4,75,bb26,30.0,90.0,180.0,90.0,-90.0,-90.0,0.0,0.0,0.0,0.0
outer4,4,75,bb26,30.0,120.0,128.68218994140625,60.000003814697266,-68.68218612670898,-120.0,120.0,0.0,0.0,0.0
outer4,4,75,bb26,30.0,150.0,0.0,165.12905883789062,165.12905883789062,120.0,150.0,1.0,0.0,-1.0
outer4,4,75,bb26,30.0,180.0,30.000001907348633,90.0,59.99999809265137,60.0,0.0,0.0,0.0,0.0
outer4,4,75,bb26,30.0,210.0,28.95502281188965,28.95502281188965,0.0,0.0,0.0,0.0,0.0,0.0
outer4,4,75,bb26,30.0,240.0,60.000003814697266,0.0,-60.000003814697266,0.0,-180.0,0.0,1.0,1.0
outer4,4,75,bb26,30.0,270.0,14.870942115783691,0.0,-14.870942115783691,0.0,-30.0,0.0,1.0,1.0
outer4,4,75,bb26,30.0,300.0,151.04498291015625,0.0,-151.04498291015625,-120.0,-120.0,0.0,1.0,1.0
outer4,4,75,bb26,30.0,330.0,14.870942115783691,151.04498291015625,136.17404079437256,120.0,90.0,0.0,0.0,0.0
outer4,4,75,bb26,60.0,0.0,120.00000762939453,180.0,59.99999237060547,60.0,0.0,0.0,0.0,0.0
outer4,4,75,bb26,60.0,30.0,36.097782135009766,60.000003814697266,23.9022216796875,30.0,-30.0,0.0,0.0,0.0
outer4,4,75,bb26,60.0,60.0,0.0,0.0,0.0,0.0,0.0,1.0,1.0,0.0
outer4,4,75,bb26,60.0,90.0,41.40962219238281,150.0,108.59037780761719,0.0,150.0,0.0,0.0,0.0
outer4,4,75,bb26,60.0,120.0,29.999998092651367,41.40962219238281,11.409624099731445,0.0,30.0,0.0,0.0,0.0
outer4,4,75,bb26,60.0,150.0,49.494651794433594,82.81924438476562,33.32459259033203,30.0,0.0,0.0,0.0,0.0
outer4,4,75,bb26,60.0,180.0,0.0,60.000003814697266,60.000003814697266,60.0,0.0,1.0,0.0,-1.0
outer4,4,75,bb26,60.0,210.0,180.0,82.81924438476562,-97.18075561523438,0.0,-120.0,0.0,0.0,0.0
outer4,4,75,bb26,60.0,240.0,0.0,0.0,0.0,0.0,0.0,1.0,1.0,0.0
outer4,4,75,bb26,60.0,270.0,25.905075073242188,25.905075073242188,0.0,0.0,0.0,0.0,0.0,0.0
outer4,4,75,bb26,60.0,300.0,128.68218994140625,128.68218994140625,0.0,0.0,0.0,0.0,0.0,0.0
outer4,4,75,bb26,60.0,330.0,102.50391387939453,82.81924438476562,-19.684669494628906,-30.0,0.0,0.0,0.0,0.0
outer4,4,75,bb26,90.0,0.0,0.0,0.0,0.0,0.0,0.0,1.0,1.0,0.0
outer4,4,75,bb26,90.0,30.0,120.00000762939453,180.0,59.99999237060547,0.0,60.0,0.0,0.0,0.0
outer4,4,75,bb26,90.0,60.0,180.0,60.000003814697266,-119.99999618530273,0.0,-120.0,0.0,0.0,0.0
outer4,4,75,bb26,90.0,90.0,30.000001907348633,30.000001907348633,0.0,0.0,0.0,0.0,0.0,0.0
outer4,4,75,bb26,90.0,120.0,0.0,0.0,0.0,0.0,0.0,1.0,1.0,0.0
outer4,4,75,bb26,90.0,150.0,180.0,60.000003814697266,-119.99999618530273,0.0,-120.0,0.0,0.0,0.0
outer4,4,75,bb26,90.0,180.0,180.0,180.0,0.0,0.0,0.0,0.0,0.0,0.0
outer4,4,75,bb26,90.0,210.0,60.000003814697266,0.0,-60.000003814697266,0.0,-60.0,0.0,1.0,1.0
outer4,4,75,bb26,90.0,240.0,120.00000762939453,120.00000762939453,0.0,0.0,0.0,0.0,0.0,0.0
outer4,4,75,bb26,90.0,270.0,150.0,150.0,0.0,0.0,0.0,0.0,0.0,0.0
outer4,4,75,bb26,90.0,300.0,30.000001907348633,180.0,149.99999809265137,0.0,150.0,0.0,0.0,0.0
outer4,4,75,bb26,90.0,330.0,0.0,120.00000762939453,120.00000762939453,0.0,120.0,1.0,0.0,-1.0
outer4,4,75,bb26,120.0,0.0,120.00000762939453,0.0,-120.00000762939453,0.0,-180.0,0.0,1.0,1.0
outer4,4,75,bb26,120.0,30.0,25.905075073242188,51.31781005859375,25.412734985351562,0.0,30.0,0.0,0.0,0.0
outer4,4,75,bb26,120.0,60.0,0.0,0.0,0.0,0.0,0.0,1.0,1.0,0.0
outer4,4,75,bb26,120.0,90.0,66.45188903808594,138.59039306640625,72.13850402832031,-30.0,120.0,0.0,0.0,0.0
outer4,4,75,bb26,120.0,120.0,128.6822052001953,115.6589126586914,-13.023292541503906,-30.0,0.0,0.0,0.0,0.0
outer4,4,75,bb26,120.0,150.0,29.99998664855957,0.0,-29.99998664855957,-30.0,0.0,0.0,1.0,1.0
outer4,4,75,bb26,120.0,180.0,0.0,120.00000762939453,120.00000762939453,0.0,180.0,1.0,0.0,-1.0
outer4,4,75,bb26,120.0,210.0,150.0,0.0,-150.0,-90.0,-180.0,0.0,1.0,1.0
outer4,4,75,bb26,120.0,240.0,64.34109497070312,41.40962219238281,-22.931472778320312,0.0,-30.0,0.0,0.0,0.0
outer4,4,75,bb26,120.0,270.0,138.59039306640625,30.000001907348633,-108.59039115905762,0.0,-150.0,0.0,0.0,0.0
outer4,4,75,bb26,120.0,300.0,128.68218994140625,115.65889739990234,-13.023292541503906,-30.0,0.0,0.0,0.0,0.0
outer4,4,75,bb26,120.0,330.0,102.50392150878906,97.18075561523438,-5.3231658935546875,-90.0,60.0,0.0,0.0,0.0
outer4,4,75,bb26,150.0,0.0,90.0,29.99998664855957,-60.00001335144043,0.0,-180.0,0.0,0.0,0.0
outer4,4,75,bb26,150.0,30.0,122.24180603027344,0.0,-122.24180603027344,-120.0,-30.0,0.0,1.0,1.0
outer4,4,75,bb26,150.0,60.0,0.0,151.04498291015625,151.04498291015625,120.0,120.0,1.0,0.0,-1.0
outer4,4,75,bb26,150.0,90.0,165.12905883789062,180.0,14.870941162109375,0.0,30.0,0.0,0.0,0.0
outer4,4,75,bb26,150.0,120.0,128.68218994140625,128.68218994140625,0.0,0.0,0.0,0.0,0.0,0.0
outer4,4,75,bb26,150.0,150.0,0.0,93.32574462890625,93.32574462890625,90.0,30.0,1.0,0.0,-1.0
outer4,4,75,bb26,150.0,180.0,29.99998664855957,29.99998664855957,0.0,0.0,0.0,0.0,0.0,0.0
outer4,4,75,bb26,150.0,210.0,151.04498291015625,57.7581901550293,-93.28679275512695,-120.0,30.0,0.0,0.0,0.0
outer4,4,75,bb26,150.0,240.0,60.000003814697266,60.000003814697266,0.0,0.0,0.0,0.0,0.0,0.0
outer4,4,75,bb26,150.0,270.0,0.0,90.0,90.0,90.0,0.0,1.0,0.0,-1.0
outer4,4,75,bb26,150.0,300.0,151.04498291015625,0.0,-151.04498291015625,-120.0,-120.0,0.0,1.0,1.0
outer4,4,75,bb26,150.0,330.0,128.68218994140625,122.24180603027344,-6.4403839111328125,0.0,-30.0,0.0,0.0,0.0
outer4,4,76,b7fd,30.0,0.0,30.000001907348633,90.0,59.99999809265137,0.0,180.0,0.0,0.0,0.0
outer4,4,76,b7fd,30.0,30.0,30.000001907348633,0.0,-30.000001907348633,-30.0,0.0,0.0,1.0,1.0
outer4,4,76,b7fd,30.0,60.0,128.68218994140625,122.24180603027344,-6.4403839111328125,0.0,-30.0,0.0,0.0,0.0
outer4,4,76,b7fd,30.0,90.0,30.000001907348633,165.12905883789062,135.129056930542,90.0,150.0,0.0,0.0,0.0
outer4,4,76,b7fd,30.0,120.0,36.097782135009766,0.0,-36.097782135009766,-30.0,-30.0,0.0,1.0,1.0
outer4,4,76,b7fd,30.0,150.0,143.9022216796875,143.9022216796875,0.0,0.0,0.0,0.0,0.0,0.0
outer4,4,76,b7fd,30.0,180.0,30.000001907348633,90.0,59.99999809265137,60.0,0.0,0.0,0.0,0.0
outer4,4,76,b7fd,30.0,210.0,30.000001907348633,0.0,-30.000001907348633,-30.0,0.0,0.0,1.0,1.0
outer4,4,76,b7fd,30.0,240.0,151.04498291015625,165.12905883789062,14.084075927734375,0.0,30.0,0.0,0.0,0.0
outer4,4,76,b7fd,30.0,270.0,90.0,57.7581901550293,-32.2418098449707,-30.0,-30.0,0.0,0.0,0.0
outer4,4,76,b7fd,30.0,300.0,86.67425537109375,51.31781005859375,-35.3564453125,-30.0,-30.0,0.0,0.0,0.0
outer4,4,76,b7fd,30.0,330.0,102.50392150878906,93.32575988769531,-9.17816162109375,0.0,-30.0,0.0,0.0,0.0
outer4,4,76,b7fd,60.0,0.0,0.0,0.0,0.0,0.0,0.0,1.0,1.0,0.0
outer4,4,76,b7fd,60.0,30.0,90.0,0.0,-90.0,-90.0,0.0,0.0,1.0,1.0
outer4,4,76,b7fd,60.0,60.0,128.68218994140625,128.68218994140625,0.0,0.0,0.0,0.0,0.0,0.0
outer4,4,76,b7fd,60.0,90.0,0.0,25.905075073242188,25.905075073242188,0.0,30.0,1.0,0.0,-1.0
outer4,4,76,b7fd,60.0,120.0,0.0,0.0,0.0,0.0,0.0,1.0,1.0,0.0
outer4,4,76,b7fd,60.0,150.0,128.6822052001953,180.0,51.31779479980469,0.0,60.0,0.0,0.0,0.0
outer4,4,76,b7fd,60.0,180.0,0.0,93.32574462890625,93.32574462890625,90.0,30.0,1.0,0.0,-1.0
outer4,4,76,b7fd,60.0,210.0,154.09490966796875,60.000003814697266,-94.09490585327148,0.0,-150.0,0.0,0.0,0.0
outer4,4,76,b7fd,60.0,240.0,97.1807632446289,25.905075073242188,-71.27568817138672,0.0,-90.0,0.0,0.0,0.0
outer4,4,76,b7fd,60.0,270.0,120.00000762939453,120.00000762939453,0.0,0.0,0.0,0.0,0.0,0.0
outer4,4,76,b7fd,60.0,300.0,0.0,0.0,0.0,0.0,0.0,1.0,1.0,0.0
outer4,4,76,b7fd,60.0,330.0,0.0,0.0,0.0,0.0,0.0,1.0,1.0,0.0
outer4,4,76,b7fd,90.0,0.0,150.0,0.0,-150.0,-30.0,-180.0,0.0,1.0,1.0
outer4,4,76,b7fd,90.0,30.0,120.00000762939453,120.00000762939453,0.0,0.0,0.0,0.0,0.0,0.0
outer4,4,76,b7fd,90.0,60.0,60.000003814697266,30.000001907348633,-30.000001907348633,0.0,-30.0,0.0,0.0,0.0
outer4,4,76,b7fd,90.0,90.0,180.0,180.0,0.0,0.0,0.0,0.0,0.0,0.0
outer4,4,76,b7fd,90.0,120.0,0.0,0.0,0.0,0.0,0.0,1.0,1.0,0.0
outer4,4,76,b7fd,90.0,150.0,0.0,0.0,0.0,0.0,0.0,1.0,1.0,0.0
outer4,4,76,b7fd,90.0,180.0,29.999998092651367,180.0,150.00000190734863,-30.0,180.0,0.0,0.0,0.0
outer4,4,76,b7fd,90.0,210.0,64.34110260009766,60.000003814697266,-4.341098785400391,-30.0,0.0,0.0,0.0,0.0
outer4,4,76,b7fd,90.0,240.0,30.000001907348633,60.000003814697266,30.000001907348633,0.0,30.0,0.0,0.0,0.0
outer4,4,76,b7fd,90.0,270.0,0.0,0.0,0.0,0.0,0.0,1.0,1.0,0.0
outer4,4,76,b7fd,90.0,300.0,180.0,60.000003814697266,-119.99999618530273,0.0,-120.0,0.0,0.0,0.0
outer4,4,76,b7fd,90.0,330.0,180.0,180.0,0.0,0.0,0.0,0.0,0.0,0.0
outer4,4,76,b7fd,120.0,0.0,0.0,0.0,0.0,0.0,0.0,1.0,1.0,0.0
outer4,4,76,b7fd,120.0,30.0,120.00000762939453,0.0,-120.00000762939453,0.0,-180.0,0.0,1.0,1.0
outer4,4,76,b7fd,120.0,60.0,82.81924438476562,128.68218994140625,45.862945556640625,0.0,60.0,0.0,0.0,0.0
outer4,4,76,b7fd,120.0,90.0,30.000001907348633,150.0,119.99999809265137,0.0,180.0,0.0,0.0,0.0
outer4,4,76,b7fd,120.0,120.0,0.0,64.34109497070312,64.34109497070312,30.0,90.0,1.0,0.0,-1.0
outer4,4,76,b7fd,120.0,150.0,51.31781005859375,0.0,-51.31781005859375,0.0,-60.0,0.0,1.0,1.0
outer4,4,76,b7fd,120.0,180.0,0.0,0.0,0.0,0.0,0.0,1.0,1.0,0.0
outer4,4,76,b7fd,120.0,210.0,120.00000762939453,82.81924438476562,-37.180763244628906,60.0,-120.0,0.0,0.0,0.0
outer4,4,76,b7fd,120.0,240.0,128.6822052001953,0.0,-128.6822052001953,-60.0,-120.0,0.0,1.0,1.0
outer4,4,76,b7fd,120.0,270.0,0.0,30.000001907348633,30.000001907348633,30.0,0.0,1.0,0.0,-1.0
outer4,4,76,b7fd,120.0,300.0,29.99998664855957,0.0,-29.99998664855957,-30.0,0.0,0.0,1.0,1.0
outer4,4,76,b7fd,120.0,330.0,29.99998664855957,0.0,-29.99998664855957,-30.0,0.0,0.0,1.0,1.0
outer4,4,76,b7fd,150.0,0.0,0.0,29.99998664855957,29.99998664855957,30.0,0.0,1.0,0.0,-1.0
outer4,4,76,b7fd,150.0,30.0,29.99998664855957,29.99998664855957,0.0,0.0,0.0,0.0,0.0,0.0
outer4,4,76,b7fd,150.0,60.0,122.24180603027344,151.04498291015625,28.803176879882812,0.0,90.0,0.0,0.0,0.0
outer4,4,76,b7fd,150.0,90.0,0.0,150.0,150.0,90.0,180.0,1.0,0.0,-1.0
outer4,4,76,b7fd,150.0,120.0,14.870942115783691,14.870942115783691,0.0,0.0,0.0,0.0,0.0,0.0
outer4,4,76,b7fd,150.0,150.0,90.0,165.12905883789062,75.12905883789062,30.0,150.0,0.0,0.0,0.0
outer4,4,76,b7fd,150.0,180.0,29.99998664855957,29.99998664855957,0.0,0.0,0.0,0.0,0.0,0.0
outer4,4,76,b7fd,150.0,210.0,90.0,86.67425537109375,-3.32574462890625,0.0,-30.0,0.0,0.0,0.0
outer4,4,76,b7fd,150.0,240.0,165.12905883789062,151.04498291015625,-14.084075927734375,0.0,-30.0,0.0,0.0,0.0
outer4,4,76,b7fd,150.0,270.0,0.0,0.0,0.0,0.0,0.0,1.0,1.0,0.0
outer4,4,76,b7fd,150.0,300.0,14.870942115783691,60.000003814697266,45.129061698913574,0.0,150.0,0.0,0.0,0.0
outer4,4,76,b7fd,150.0,330.0,93.32574462890625,128.68218994140625,35.3564453125,30.0,30.0,0.0,0.0,0.0
outer4,4,76,b8ed,30.0,0.0,0.0,0.0,0.0,0.0,0.0,1.0,1.0,0.0
outer4,4,76,b8ed,30.0,30.0,60.000003814697266,60.000003814697266,0.0,0.0,0.0,0.0,0.0,0.0
outer4,4,76,b8ed,30.0,60.0,165.12905883789062,0.0,-165.12905883789062,-120.0,-150.0,0.0,1.0,1.0
outer4,4,76,b8ed,30.0,90.0,0.0,0.0,0.0,0.0,0.0,1.0,1.0,0.0
outer4,4,76,b8ed,30.0,120.0,151.04498291015625,0.0,-151.04498291015625,-120.0,-120.0,0.0,1.0,1.0
outer4,4,76,b8ed,30.0,150.0,0.0,128.68218994140625,128.68218994140625,120.0,60.0,1.0,0.0,-1.0
outer4,4,76,b8ed,30.0,180.0,0.0,0.0,0.0,0.0,0.0,1.0,1.0,0.0
outer4,4,76,b8ed,30.0,210.0,0.0,165.12905883789062,165.12905883789062,120.0,150.0,1.0,0.0,-1.0
outer4,4,76,b8ed,30.0,240.0,122.24180603027344,102.50392150878906,-19.737884521484375,-30.0,30.0,0.0,0.0,0.0
outer4,4,76,b8ed,30.0,270.0,90.0,57.7581901550293,-32.2418098449707,-30.0,-30.0,0.0,0.0,0.0
outer4,4,76,b8ed,30.0,300.0,0.0,0.0,0.0,0.0,0.0,1.0,1.0,0.0
outer4,4,76,b8ed,30.0,330.0,14.870942115783691,128.68218994140625,113.81124782562256,120.0,30.0,0.0,0.0,0.0
outer4,4,76,b8ed,60.0,0.0,30.000001907348633,0.0,-30.000001907348633,-30.0,0.0,0.0,1.0,1.0
outer4,4,76,b8ed,60.0,30.0,0.0,0.0,0.0,0.0,0.0,1.0,1.0,0.0
outer4,4,76,b8ed,60.0,60.0,128.68218994140625,0.0,-128.68218994140625,-60.0,-120.0,0.0,1.0,1.0
outer4,4,76,b8ed,60.0,90.0,0.0,60.000003814697266,60.000003814697266,60.0,0.0,1.0,0.0,-1.0
outer4,4,76,b8ed,60.0,120.0,97.1807632446289,0.0,-97.1807632446289,0.0,-120.0,0.0,1.0,1.0
outer4,4,76,b8ed,60.0,150.0,154.09490966796875,180.0,25.90509033203125,0.0,30.0,0.0,0.0,0.0
outer4,4,76,b8ed,60.0,180.0,30.000001907348633,0.0,-30.000001907348633,-30.0,0.0,0.0,1.0,1.0
outer4,4,76,b8ed,60.0,210.0,120.00000762939453,120.00000762939453,0.0,0.0,0.0,0.0,0.0,0.0
outer4,4,76,b8ed,60.0,240.0,51.31781005859375,113.54812622070312,62.230316162109375,0.0,90.0,0.0,0.0,0.0
outer4,4,76,b8ed,60.0,270.0,120.00000762939453,120.00000762939453,0.0,0.0,0.0,0.0,0.0,0.0
outer4,4,76,b8ed,60.0,300.0,0.0,0.0,0.0,0.0,0.0,1.0,1.0,0.0
outer4,4,76,b8ed,60.0,330.0,25.90509033203125,0.0,-25.90509033203125,0.0,-30.0,0.0,1.0,1.0
outer4,4,76,b8ed,90.0,0.0,180.0,150.0,-30.0,0.0,-30.0,0.0,0.0,0.0
outer4,4,76,b8ed,90.0,30.0,0.0,0.0,0.0,0.0,0.0,1.0,1.0,0.0
outer4,4,76,b8ed,90.0,60.0,60.000003814697266,60.000003814697266,0.0,0.0,0.0,0.0,0.0,0.0
outer4,4,76,b8ed,90.0,90.0,180.0,180.0,0.0,0.0,0.0,0.0,0.0,0.0
outer4,4,76,b8ed,90.0,120.0,0.0,0.0,0.0,0.0,0.0,1.0,1.0,0.0
outer4,4,76,b8ed,90.0,150.0,60.000003814697266,60.000003814697266,0.0,0.0,0.0,0.0,0.0,0.0
outer4,4,76,b8ed,90.0,180.0,0.0,150.0,150.0,0.0,150.0,1.0,0.0,-1.0
outer4,4,76,b8ed,90.0,210.0,0.0,180.0,180.0,0.0,180.0,1.0,0.0,-1.0
outer4,4,76,b8ed,90.0,240.0,120.00000762939453,120.00000762939453,0.0,0.0,0.0,0.0,0.0,0.0
outer4,4,76,b8ed,90.0,270.0,0.0,0.0,0.0,0.0,0.0,1.0,1.0,0.0
outer4,4,76,b8ed,90.0,300.0,0.0,0.0,0.0,0.0,0.0,1.0,1.0,0.0
outer4,4,76,b8ed,90.0,330.0,120.00000762939453,120.00000762939453,0.0,0.0,0.0,0.0,0.0,0.0
outer4,4,76,b8ed,120.0,0.0,29.99998664855957,0.0,-29.99998664855957,-30.0,0.0,0.0,1.0,1.0
outer4,4,76,b8ed,120.0,30.0,0.0,0.0,0.0,0.0,0.0,1.0,1.0,0.0
outer4,4,76,b8ed,120.0,60.0,60.000003814697266,128.68218994140625,68.68218612670898,0.0,120.0,0.0,0.0,0.0
outer4,4,76,b8ed,120.0,90.0,0.0,180.0,180.0,60.0,180.0,1.0,0.0,-1.0
outer4,4,76,b8ed,120.0,120.0,97.18075561523438,128.6822052001953,31.501449584960938,60.0,0.0,0.0,0.0,0.0
outer4,4,76,b8ed,120.0,150.0,180.0,180.0,0.0,0.0,0.0,0.0,0.0,0.0
outer4,4,76,b8ed,120.0,180.0,29.99998664855957,0.0,-29.99998664855957,-30.0,0.0,0.0,1.0,1.0
outer4,4,76,b8ed,120.0,210.0,120.00000762939453,120.00000762939453,0.0,0.0,0.0,0.0,0.0,0.0
outer4,4,76,b8ed,120.0,240.0,30.000001907348633,113.54811096191406,83.54810905456543,-30.0,150.0,0.0,0.0,0.0
outer4,4,76,b8ed,120.0,270.0,0.0,0.0,0.0,0.0,0.0,1.0,1.0,0.0
outer4,4,76,b8ed,120.0,300.0,0.0,0.0,0.0,0.0,0.0,1.0,1.0,0.0
outer4,4,76,b8ed,120.0,330.0,36.0977783203125,0.0,-36.0977783203125,-30.0,-30.0,0.0,1.0,1.0
outer4,4,76,b8ed,150.0,0.0,0.0,29.99998664855957,29.99998664855957,30.0,0.0,1.0,0.0,-1.0
outer4,4,76,b8ed,150.0,30.0,60.000003814697266,0.0,-60.000003814697266,0.0,-180.0,0.0,1.0,1.0
outer4,4,76,b8ed,150.0,60.0,165.12905883789062,151.04498291015625,-14.084075927734375,0.0,-30.0,0.0,0.0,0.0
outer4,4,76,b8ed,150.0,90.0,0.0,0.0,0.0,0.0,0.0,1.0,1.0,0.0
outer4,4,76,b8ed,150.0,120.0,0.0,0.0,0.0,0.0,0.0,1.0,1.0,0.0
outer4,4,76,b8ed,150.0,150.0,0.0,14.870942115783691,14.870942115783691,0.0,30.0,1.0,0.0,-1.0
outer4,4,76,b8ed,150.0,180.0,0.0,29.99998664855957,29.99998664855957,30.0,0.0,1.0,0.0,-1.0
outer4,4,76,b8ed,150.0,210.0,0.0,0.0,0.0,0.0,0.0,1.0,1.0,0.0
outer4,4,76,b8ed,150.0,240.0,0.0,60.000003814697266,60.000003814697266,0.0,180.0,1.0,0.0,-1.0
outer4,4,76,b8ed,150.0,270.0,0.0,0.0,0.0,0.0,0.0,1.0,1.0,0.0
outer4,4,76,b8ed,150.0,300.0,0.0,0.0,0.0,0.0,0.0,1.0,1.0,0.0
outer4,4,76,b8ed,150.0,330.0,0.0,151.04498291015625,151.04498291015625,120.0,120.0,1.0,0.0,-1.0
outer4,4,76,b979,30.0,0.0,0.0,60.000003814697266,60.000003814697266,0.0,180.0,1.0,0.0,-1.0
outer4,4,76,b979,30.0,30.0,0.0,0.0,0.0,0.0,0.0,1.0,1.0,0.0
outer4,4,76,b979,30.0,60.0,122.24180603027344,122.24180603027344,0.0,0.0,0.0,0.0,0.0,0.0
outer4,4,76,b979,30.0,90.0,60.000003814697266,90.0,29.999996185302734,90.0,-180.0,0.0,0.0,0.0
outer4,4,76,b979,30.0,120.0,128.68218994140625,49.494651794433594,-79.18753814697266,-90.0,0.0,0.0,0.0,0.0
outer4,4,76,b979,30.0,150.0,0.0,0.0,0.0,0.0,0.0,1.0,1.0,0.0
outer4,4,76,b979,30.0,180.0,0.0,0.0,0.0,0.0,0.0,1.0,1.0,0.0
outer4,4,76,b979,30.0,210.0,0.0,60.000003814697266,60.000003814697266,0.0,180.0,1.0,0.0,-1.0
outer4,4,76,b979,30.0,240.0,57.7581901550293,77.49609375,19.737903594970703,30.0,-30.0,0.0,0.0,0.0
outer4,4,76,b979,30.0,270.0,60.000003814697266,86.67425537109375,26.674251556396484,30.0,-30.0,0.0,0.0,0.0
outer4,4,76,b979,30.0,300.0,151.04498291015625,77.49608612060547,-73.54889678955078,-90.0,0.0,0.0,0.0,0.0
outer4,4,76,b979,30.0,330.0,122.24180603027344,128.68218994140625,6.4403839111328125,0.0,30.0,0.0,0.0,0.0
outer4,4,76,b979,60.0,0.0,30.000001907348633,51.31782150268555,21.317819595336914,-30.0,60.0,0.0,0.0,0.0
outer4,4,76,b979,60.0,30.0,60.000003814697266,75.52249908447266,15.52249526977539,-60.0,90.0,0.0,0.0,0.0
outer4,4,76,b979,60.0,60.0,66.45188903808594,82.81924438476562,16.367355346679688,0.0,30.0,0.0,0.0,0.0
outer4,4,76,b979,60.0,90.0,41.40962219238281,60.000003814697266,18.590381622314453,30.0,-30.0,0.0,0.0,0.0
outer4,4,76,b979,60.0,120.0,130.50535583496094,180.0,49.49464416503906,-30.0,60.0,0.0,0.0,0.0
outer4,4,76,b979,60.0,150.0,128.6822052001953,180.0,51.31779479980469,0.0,60.0,0.0,0.0,0.0
outer4,4,76,b979,60.0,180.0,30.000001907348633,90.0,59.99999809265137,0.0,180.0,0.0,0.0,0.0
outer4,4,76,b979,60.0,210.0,120.00000762939453,97.1807632446289,-22.819244384765625,0.0,-60.0,0.0,0.0,0.0
outer4,4,76,b979,60.0,240.0,60.000003814697266,113.54812622070312,53.54812240600586,-60.0,150.0,0.0,0.0,0.0
outer4,4,76,b979,60.0,270.0,154.0949249267578,113.54812622070312,-40.54679870605469,-60.0,0.0,0.0,0.0,0.0
outer4,4,76,b979,60.0,300.0,130.50535583496094,120.00000762939453,-10.505348205566406,-90.0,60.0,0.0,0.0,0.0
outer4,4,76,b979,60.0,330.0,82.81924438476562,82.81924438476562,0.0,0.0,0.0,0.0,0.0,0.0
outer4,4,76,b979,90.0,0.0,150.0,150.0,0.0,-30.0,-30.0,0.0,0.0,0.0
outer4,4,76,b979,90.0,30.0,150.0,90.0,-60.0,-30.0,-90.0,0.0,0.0,0.0
outer4,4,76,b979,90.0,60.0,90.0,119.99999237060547,29.99999237060547,0.0,30.0,0.0,0.0,0.0
outer4,4,76,b979,90.0,90.0,0.0,30.000001907348633,30.000001907348633,0.0,30.0,1.0,0.0,-1.0
outer4,4,76,b979,90.0,120.0,60.000003814697266,120.00000762939453,60.000003814697266,0.0,60.0,0.0,0.0,0.0
outer4,4,76,b979,90.0,150.0,41.40962219238281,120.00000762939453,78.59038543701172,-30.0,90.0,0.0,0.0,0.0
outer4,4,76,b979,90.0,180.0,30.000001907348633,30.000001907348633,0.0,-30.0,30.0,0.0,0.0,0.0
outer4,4,76,b979,90.0,210.0,30.000001907348633,30.000001907348633,0.0,-30.0,30.0,0.0,0.0,0.0
outer4,4,76,b979,90.0,240.0,120.00000762939453,120.00000762939453,0.0,0.0,0.0,0.0,0.0,0.0
outer4,4,76,b979,90.0,270.0,150.0,150.0,0.0,0.0,0.0,0.0,0.0,0.0
outer4,4,76,b979,90.0,300.0,120.00000762939453,60.000003814697266,-60.000003814697266,0.0,-60.0,0.0,0.0,0.0
outer4,4,76,b979,90.0,330.0,138.59039306640625,120.00000762939453,-18.59038543701172,-30.0,-30.0,0.0,0.0,0.0
outer4,4,76,b979,120.0,0.0,29.99998664855957,0.0,-29.99998664855957,-30.0,0.0,0.0,1.0,1.0
outer4,4,76,b979,120.0,30.0,0.0,0.0,0.0,0.0,0.0,1.0,1.0,0.0
outer4,4,76,b979,120.0,60.0,64.34109497070312,82.81924438476562,18.4781494140625,30.0,-30.0,0.0,0.0,0.0
outer4,4,76,b979,120.0,90.0,66.45188903808594,66.45188903808594,0.0,0.0,0.0,0.0,0.0,0.0
outer4,4,76,b979,120.0,120.0,51.31781005859375,90.0,38.68218994140625,30.0,30.0,0.0,0.0,0.0
outer4,4,76,b979,120.0,150.0,180.0,180.0,0.0,0.0,0.0,0.0,0.0,0.0
outer4,4,76,b979,120.0,180.0,29.99998664855957,120.00000762939453,90.00002098083496,-30.0,180.0,0.0,0.0,0.0
outer4,4,76,b979,120.0,210.0,120.00000762939453,97.18075561523438,-22.819252014160156,0.0,-60.0,0.0,0.0,0.0
outer4,4,76,b979,120.0,240.0,30.000001907348633,120.00000762939453,90.0000057220459,-30.0,180.0,0.0,0.0,0.0
outer4,4,76,b979,120.0,270.0,120.00000762939453,120.00000762939453,0.0,0.0,0.0,0.0,0.0,0.0
outer4,4,76,b979,120.0,300.0,104.47750854492188,120.00000762939453,15.522499084472656,-60.0,90.0,0.0,0.0,0.0
outer4,4,76,b979,120.0,330.0,82.81924438476562,82.81924438476562,0.0,0.0,0.0,0.0,0.0,0.0
outer4,4,76,b979,150.0,0.0,0.0,90.0,90.0,30.0,180.0,1.0,0.0,-1.0
outer4,4,76,b979,150.0,30.0,0.0,0.0,0.0,0.0,0.0,1.0,1.0,0.0
outer4,4,76,b979,150.0,60.0,0.0,14.870942115783691,14.870942115783691,0.0,30.0,1.0,0.0,-1.0
outer4,4,76,b979,150.0,90.0,90.0,64.3410873413086,-25.658912658691406,-30.0,30.0,0.0,0.0,0.0
outer4,4,76,b979,150.0,120.0,0.0,14.870942115783691,14.870942115783691,0.0,30.0,1.0,0.0,-1.0
outer4,4,76,b979,150.0,150.0,0.0,122.24180603027344,122.24180603027344,120.0,30.0,1.0,0.0,-1.0
outer4,4,76,b979,150.0,180.0,0.0,29.99998664855957,29.99998664855957,30.0,0.0,1.0,0.0,-1.0
outer4,4,76,b979,150.0,210.0,60.000003814697266,57.7581901550293,-2.2418136596679688,0.0,-30.0,0.0,0.0,0.0
outer4,4,76,b979,150.0,240.0,0.0,128.68218994140625,128.68218994140625,120.0,60.0,1.0,0.0,-1.0
outer4,4,76,b979,150.0,270.0,60.000003814697266,90.0,29.999996185302734,30.0,0.0,0.0,0.0,0.0
outer4,4,76,b979,150.0,300.0,57.7581901550293,57.7581901550293,0.0,0.0,0.0,0.0,0.0,0.0
outer4,4,76,b979,150.0,330.0,60.000003814697266,151.04498291015625,91.04497909545898,120.0,-60.0,0.0,0.0,0.0
outer4,4,76,baa9,30.0,0.0,0.0,0.0,0.0,0.0,0.0,1.0,1.0,0.0
outer4,4,76,baa9,30.0,30.0,0.0,0.0,0.0,0.0,0.0,1.0,1.0,0.0
outer4,4,76,baa9,30.0,60.0,0.0,0.0,0.0,0.0,0.0,1.0,1.0,0.0
outer4,4,76,baa9,30.0,90.0,0.0,0.0,0.0,0.0,0.0,1.0,1.0,0.0
outer4,4,76,baa9,30.0,120.0,0.0,0.0,0.0,0.0,0.0,1.0,1.0,0.0
outer4,4,76,baa9,30.0,150.0,0.0,0.0,0.0,0.0,0.0,1.0,1.0,0.0
outer4,4,76,baa9,30.0,180.0,0.0,0.0,0.0,0.0,0.0,1.0,1.0,0.0
outer4,4,76,baa9,30.0,210.0,0.0,0.0,0.0,0.0,0.0,1.0,1.0,0.0
outer4,4,76,baa9,30.0,240.0,0.0,0.0,0.0,0.0,0.0,1.0,1.0,0.0
outer4,4,76,baa9,30.0,270.0,0.0,0.0,0.0,0.0,0.0,1.0,1.0,0.0
outer4,4,76,baa9,30.0,300.0,0.0,0.0,0.0,0.0,0.0,1.0,1.0,0.0
outer4,4,76,baa9,30.0,330.0,0.0,0.0,0.0,0.0,0.0,1.0,1.0,0.0
outer4,4,76,baa9,60.0,0.0,0.0,0.0,0.0,0.0,0.0,1.0,1.0,0.0
outer4,4,76,baa9,60.0,30.0,0.0,0.0,0.0,0.0,0.0,1.0,1.0,0.0
outer4,4,76,baa9,60.0,60.0,0.0,0.0,0.0,0.0,0.0,1.0,1.0,0.0
outer4,4,76,baa9,60.0,90.0,0.0,0.0,0.0,0.0,0.0,1.0,1.0,0.0
outer4,4,76,baa9,60.0,120.0,0.0,0.0,0.0,0.0,0.0,1.0,1.0,0.0
outer4,4,76,baa9,60.0,150.0,0.0,0.0,0.0,0.0,0.0,1.0,1.0,0.0
outer4,4,76,baa9,60.0,180.0,0.0,0.0,0.0,0.0,0.0,1.0,1.0,0.0
outer4,4,76,baa9,60.0,210.0,0.0,0.0,0.0,0.0,0.0,1.0,1.0,0.0
outer4,4,76,baa9,60.0,240.0,0.0,0.0,0.0,0.0,0.0,1.0,1.0,0.0
outer4,4,76,baa9,60.0,270.0,0.0,0.0,0.0,0.0,0.0,1.0,1.0,0.0
outer4,4,76,baa9,60.0,300.0,0.0,0.0,0.0,0.0,0.0,1.0,1.0,0.0
outer4,4,76,baa9,60.0,330.0,0.0,0.0,0.0,0.0,0.0,1.0,1.0,0.0
outer4,4,76,baa9,90.0,0.0,0.0,0.0,0.0,0.0,0.0,1.0,1.0,0.0
outer4,4,76,baa9,90.0,30.0,0.0,0.0,0.0,0.0,0.0,1.0,1.0,0.0
outer4,4,76,baa9,90.0,60.0,0.0,0.0,0.0,0.0,0.0,1.0,1.0,0.0
outer4,4,76,baa9,90.0,90.0,0.0,0.0,0.0,0.0,0.0,1.0,1.0,0.0
outer4,4,76,baa9,90.0,120.0,0.0,0.0,0.0,0.0,0.0,1.0,1.0,0.0
outer4,4,76,baa9,90.0,150.0,0.0,0.0,0.0,0.0,0.0,1.0,1.0,0.0
outer4,4,76,baa9,90.0,180.0,180.0,180.0,0.0,0.0,0.0,0.0,0.0,0.0
outer4,4,76,baa9,90.0,210.0,0.0,0.0,0.0,0.0,0.0,1.0,1.0,0.0
outer4,4,76,baa9,90.0,240.0,0.0,0.0,0.0,0.0,0.0,1.0,1.0,0.0
outer4,4,76,baa9,90.0,270.0,0.0,0.0,0.0,0.0,0.0,1.0,1.0,0.0
outer4,4,76,baa9,90.0,300.0,0.0,0.0,0.0,0.0,0.0,1.0,1.0,0.0
outer4,4,76,baa9,90.0,330.0,0.0,0.0,0.0,0.0,0.0,1.0,1.0,0.0
outer4,4,76,baa9,120.0,0.0,0.0,0.0,0.0,0.0,0.0,1.0,1.0,0.0
outer4,4,76,baa9,120.0,30.0,0.0,0.0,0.0,0.0,0.0,1.0,1.0,0.0
outer4,4,76,baa9,120.0,60.0,0.0,0.0,0.0,0.0,0.0,1.0,1.0,0.0
outer4,4,76,baa9,120.0,90.0,0.0,0.0,0.0,0.0,0.0,1.0,1.0,0.0
outer4,4,76,baa9,120.0,120.0,0.0,0.0,0.0,0.0,0.0,1.0,1.0,0.0
outer4,4,76,baa9,120.0,150.0,0.0,0.0,0.0,0.0,0.0,1.0,1.0,0.0
outer4,4,76,baa9,120.0,180.0,0.0,0.0,0.0,0.0,0.0,1.0,1.0,0.0
outer4,4,76,baa9,120.0,210.0,0.0,0.0,0.0,0.0,0.0,1.0,1.0,0.0
outer4,4,76,baa9,120.0,240.0,0.0,0.0,0.0,0.0,0.0,1.0,1.0,0.0
outer4,4,76,baa9,120.0,270.0,0.0,0.0,0.0,0.0,0.0,1.0,1.0,0.0
outer4,4,76,baa9,120.0,300.0,0.0,0.0,0.0,0.0,0.0,1.0,1.0,0.0
outer4,4,76,baa9,120.0,330.0,0.0,0.0,0.0,0.0,0.0,1.0,1.0,0.0
outer4,4,76,baa9,150.0,0.0,0.0,0.0,0.0,0.0,0.0,1.0,1.0,0.0
outer4,4,76,baa9,150.0,30.0,0.0,0.0,0.0,0.0,0.0,1.0,1.0,0.0
outer4,4,76,baa9,150.0,60.0,0.0,0.0,0.0,0.0,0.0,1.0,1.0,0.0
outer4,4,76,baa9,150.0,90.0,0.0,0.0,0.0,0.0,0.0,1.0,1.0,0.0
outer4,4,76,baa9,150.0,120.0,0.0,0.0,0.0,0.0,0.0,1.0,1.0,0.0
outer4,4,76,baa9,150.0,150.0,0.0,0.0,0.0,0.0,0.0,1.0,1.0,0.0
outer4,4,76,baa9,150.0,180.0,0.0,0.0,0.0,0.0,0.0,1.0,1.0,0.0
outer4,4,76,baa9,150.0,210.0,0.0,0.0,0.0,0.0,0.0,1.0,1.0,0.0
outer4,4,76,baa9,150.0,240.0,0.0,0.0,0.0,0.0,0.0,1.0,1.0,0.0
outer4,4,76,baa9,150.0,270.0,0.0,0.0,0.0,0.0,0.0,1.0,1.0,0.0
outer4,4,76,baa9,150.0,300.0,0.0,0.0,0.0,0.0,0.0,1.0,1.0,0.0
outer4,4,76,baa9,150.0,330.0,0.0,0.0,0.0,0.0,0.0,1.0,1.0,0.0
outer4,4,76,bb26,30.0,0.0,150.0,150.0,0.0,0.0,0.0,0.0,0.0,0.0
outer4,4,76,bb26,30.0,30.0,14.870942115783691,0.0,-14.870942115783691,0.0,-30.0,0.0,1.0,1.0
outer4,4,76,bb26,30.0,60.0,0.0,151.04498291015625,151.04498291015625,120.0,120.0,1.0,0.0,-1.0
outer4,4,76,bb26,30.0,90.0,180.0,150.0,-30.0,-30.0,0.0,0.0,0.0,0.0
outer4,4,76,bb26,30.0,120.0,128.68218994140625,180.0,51.31781005859375,0.0,120.0,0.0,0.0,0.0
outer4,4,76,bb26,30.0,150.0,60.000003814697266,143.9022216796875,83.90221786499023,90.0,-30.0,0.0,0.0,0.0
outer4,4,76,bb26,30.0,180.0,30.000001907348633,90.0,59.99999809265137,60.0,0.0,0.0,0.0,0.0
outer4,4,76,bb26,30.0,210.0,128.68218994140625,14.870942115783691,-113.81124782562256,-120.0,-30.0,0.0,0.0,0.0
outer4,4,76,bb26,30.0,240.0,60.000003814697266,60.000003814697266,0.0,0.0,0.0,0.0,0.0,0.0
outer4,4,76,bb26,30.0,270.0,0.0,0.0,0.0,0.0,0.0,1.0,1.0,0.0
outer4,4,76,bb26,30.0,300.0,151.04498291015625,0.0,-151.04498291015625,-120.0,-120.0,0.0,1.0,1.0
outer4,4,76,bb26,30.0,330.0,0.0,122.24180603027344,122.24180603027344,120.0,30.0,1.0,0.0,-1.0
outer4,4,76,bb26,60.0,0.0,180.0,180.0,0.0,0.0,0.0,0.0,0.0,0.0
outer4,4,76,bb26,60.0,30.0,102.50391387939453,82.81924438476562,-19.684669494628906,-30.0,0.0,0.0,0.0,0.0
outer4,4,76,bb26,60.0,60.0,25.905075073242188,0.0,-25.905075073242188,0.0,-30.0,0.0,1.0,1.0
outer4,4,76,bb26,60.0,90.0,41.40962219238281,138.59039306640625,97.18077087402344,0.0,120.0,0.0,0.0,0.0
outer4,4,76,bb26,60.0,120.0,29.999998092651367,29.999998092651367,0.0,0.0,0.0,0.0,0.0,0.0
outer4,4,76,bb26,60.0,150.0,82.81924438476562,82.81924438476562,0.0,0.0,0.0,0.0,0.0,0.0
outer4,4,76,bb26,60.0,180.0,60.000003814697266,60.000003814697266,0.0,0.0,0.0,0.0,0.0,0.0
outer4,4,76,bb26,60.0,210.0,60.000003814697266,60.000003814697266,0.0,0.0,0.0,0.0,0.0,0.0
outer4,4,76,bb26,60.0,240.0,0.0,41.40962219238281,41.40962219238281,30.0,30.0,1.0,0.0,-1.0
outer4,4,76,bb26,60.0,270.0,0.0,29.999998092651367,29.999998092651367,30.0,0.0,1.0,0.0,-1.0
outer4,4,76,bb26,60.0,300.0,128.68218994140625,60.000003814697266,-68.68218612670898,0.0,-120.0,0.0,0.0,0.0
outer4,4,76,bb26,60.0,330.0,102.50391387939453,180.0,77.49608612060547,-30.0,120.0,0.0,0.0,0.0
outer4,4,76,bb26,90.0,0.0,180.0,150.0,-30.0,0.0,-30.0,0.0,0.0,0.0
outer4,4,76,bb26,90.0,30.0,150.0,180.0,30.0,0.0,30.0,0.0,0.0,0.0
outer4,4,76,bb26,90.0,60.0,180.0,180.0,0.0,0.0,0.0,0.0,0.0,0.0
outer4,4,76,bb26,90.0,90.0,150.0,150.0,0.0,0.0,0.0,0.0,0.0,0.0
outer4,4,76,bb26,90.0,120.0,30.000001907348633,0.0,-30.000001907348633,0.0,-30.0,0.0,1.0,1.0
outer4,4,76,bb26,90.0,150.0,60.000003814697266,30.000001907348633,-30.000001907348633,0.0,-30.0,0.0,0.0,0.0
outer4,4,76,bb26,90.0,180.0,0.0,30.000001907348633,30.000001907348633,0.0,30.0,1.0,0.0,-1.0
outer4,4,76,bb26,90.0,210.0,90.0,0.0,-90.0,0.0,-90.0,0.0,1.0,1.0
outer4,4,76,bb26,90.0,240.0,0.0,0.0,0.0,0.0,0.0,1.0,1.0,0.0
outer4,4,76,bb26,90.0,270.0,30.000001907348633,30.000001907348633,0.0,0.0,0.0,0.0,0.0,0.0
outer4,4,76,bb26,90.0,300.0,30.000001907348633,0.0,-30.000001907348633,0.0,-30.0,0.0,1.0,1.0
outer4,4,76,bb26,90.0,330.0,120.00000762939453,120.00000762939453,0.0,0.0,0.0,0.0,0.0,0.0
outer4,4,76,bb26,120.0,0.0,120.00000762939453,120.00000762939453,0.0,0.0,0.0,0.0,0.0,0.0
outer4,4,76,bb26,120.0,30.0,25.905075073242188,82.81924438476562,56.91416931152344,60.0,30.0,0.0,0.0,0.0
outer4,4,76,bb26,120.0,60.0,0.0,0.0,0.0,0.0,0.0,1.0,1.0,0.0
outer4,4,76,bb26,120.0,90.0,0.0,138.59039306640625,138.59039306640625,30.0,150.0,1.0,0.0,-1.0
outer4,4,76,bb26,120.0,120.0,0.0,90.0,90.0,30.0,90.0,1.0,0.0,-1.0
outer4,4,76,bb26,120.0,150.0,93.32575225830078,51.31781005859375,-42.00794219970703,-90.0,30.0,0.0,0.0,0.0
outer4,4,76,bb26,120.0,180.0,0.0,120.00000762939453,120.00000762939453,0.0,180.0,1.0,0.0,-1.0
outer4,4,76,bb26,120.0,210.0,115.6589126586914,0.0,-115.6589126586914,-90.0,-90.0,0.0,1.0,1.0
outer4,4,76,bb26,120.0,240.0,30.000001907348633,0.0,-30.000001907348633,-30.0,0.0,0.0,1.0,1.0
outer4,4,76,bb26,120.0,270.0,150.0,41.40962219238281,-108.59037780761719,0.0,-150.0,0.0,0.0,0.0
outer4,4,76,bb26,120.0,300.0,154.0949249267578,115.65889739990234,-38.43602752685547,-30.0,-30.0,0.0,0.0,0.0
outer4,4,76,bb26,120.0,330.0,75.5224838256836,0.0,-75.5224838256836,0.0,-90.0,0.0,1.0,1.0
outer4,4,76,bb26,150.0,0.0,29.99998664855957,29.99998664855957,0.0,0.0,0.0,0.0,0.0,0.0
outer4,4,76,bb26,150.0,30.0,0.0,14.870942115783691,14.870942115783691,0.0,30.0,1.0,0.0,-1.0
outer4,4,76,bb26,150.0,60.0,0.0,151.04498291015625,151.04498291015625,120.0,120.0,1.0,0.0,-1.0
outer4,4,76,bb26,150.0,90.0,180.0,180.0,0.0,0.0,0.0,0.0,0.0,0.0
outer4,4,76,bb26,150.0,120.0,128.68218994140625,128.68218994140625,0.0,0.0,0.0,0.0,0.0,0.0
outer4,4,76,bb26,150.0,150.0,0.0,36.09777069091797,36.09777069091797,30.0,30.0,1.0,0.0,-1.0
outer4,4,76,bb26,150.0,180.0,29.99998664855957,29.99998664855957,0.0,0.0,0.0,0.0,0.0,0.0
outer4,4,76,bb26,150.0,210.0,151.04498291015625,86.67425537109375,-64.3707275390625,-90.0,30.0,0.0,0.0,0.0
outer4,4,76,bb26,150.0,240.0,60.000003814697266,14.870942115783691,-45.129061698913574,0.0,-150.0,0.0,0.0,0.0
outer4,4,76,bb26,150.0,270.0,0.0,29.99998664855957,29.99998664855957,30.0,0.0,1.0,0.0,-1.0
outer4,4,76,bb26,150.0,300.0,151.04498291015625,0.0,-151.04498291015625,-120.0,-120.0,0.0,1.0,1.0
outer4,4,76,bb26,150.0,330.0,0.0,128.68218994140625,128.68218994140625,120.0,60.0,1.0,0.0,-1.0
