arm,arm_display,true_index,pred_index,theta_true_deg,phi_true_deg,theta_pred_deg,phi_pred_deg,count,true_direction_total,row_rate
frequency,Frequency MLP,0,0,30.0,0.0,30.0,0.0,96,140,0.6857142857142857
frequency,Frequency MLP,0,1,30.0,0.0,30.0,30.0,0,140,0.0
frequency,Frequency MLP,0,2,30.0,0.0,30.0,60.0,0,140,0.0
frequency,Frequency MLP,0,3,30.0,0.0,30.0,90.0,0,140,0.0
frequency,Frequency MLP,0,4,30.0,0.0,30.0,120.0,0,140,0.0
frequency,Frequency MLP,0,5,30.0,0.0,30.0,150.0,0,140,0.0
frequency,Frequency MLP,0,6,30.0,0.0,30.0,180.0,13,140,0.09285714285714286
frequency,Frequency MLP,0,7,30.0,0.0,30.0,210.0,0,140,0.0
frequency,Frequency MLP,0,8,30.0,0.0,30.0,240.0,0,140,0.0
frequency,Frequency MLP,0,9,30.0,0.0,30.0,270.0,0,140,0.0
frequency,Frequency MLP,0,10,30.0,0.0,30.0,300.0,0,140,0.0
frequency,Frequency MLP,0,11,30.0,0.0,30.0,330.0,1,140,0.007142857142857143
frequency,Frequency MLP,0,12,30.0,0.0,60.0,0.0,7,140,0.05
frequency,Frequency MLP,0,13,30.0,0.0,60.0,30.0,1,140,0.007142857142857143
frequency,Frequency MLP,0,14,30.0,0.0,60.0,60.0,0,140,0.0
frequency,Frequency MLP,0,15,30.0,0.0,60.0,90.0,0,140,0.0
frequency,Frequency MLP,0,16,30.0,0.0,60.0,120.0,1,140,0.007142857142857143
frequency,Frequency MLP,0,17,30.0,0.0,60.0,150.0,0,140,0.0
frequency,Frequency MLP,0,18,30.0,0.0,60.0,180.0,12,140,0.08571428571428572
frequency,Frequency MLP,0,19,30.0,0.0,60.0,210.0,0,140,0.0
frequency,Frequency MLP,0,20,30.0,0.0,60.0,240.0,0,140,0.0
frequency,Frequency MLP,0,21,30.0,0.0,60.0,270.0,0,140,0.0
frequency,Frequency MLP,0,22,30.0,0.0,60.0,300.0,0,140,0.0
frequency,Frequency MLP,0,23,30.0,0.0,60.0,330.0,0,140,0.0
frequency,Frequency MLP,0,24,30.0,0.0,90.0,0.0,0,140,0.0
frequency,Frequency MLP,0,25,30.0,0.0,90.0,30.0,0,140,0.0
frequency,Frequency MLP,0,26,30.0,0.0,90.0,60.0,0,140,0.0
frequency,Frequency MLP,0,27,30.0,0.0,90.0,90.0,0,140,0.0
frequency,Frequency MLP,0,28,30.0,0.0,90.0,120.0,0,140,0.0
frequency,Frequency MLP,0,29,30.0,0.0,90.0,150.0,0,140,0.0
frequency,Frequency MLP,0,30,30.0,0.0,90.0,180.0,0,140,0.0
frequency,Frequency MLP,0,31,30.0,0.0,90.0,210.0,0,140,0.0
frequency,Frequency MLP,0,32,30.0,0.0,90.0,240.0,0,140,0.0
frequency,Frequency MLP,0,33,30.0,0.0,90.0,270.0,0,140,0.0
frequency,Frequency MLP,0,34,30.0,0.0,90.0,300.0,0,140,0.0
frequency,Frequency MLP,0,35,30.0,0.0,90.0,330.0,0,140,0.0
frequency,Frequency MLP,0,36,30.0,0.0,120.0,0.0,0,140,0.0
frequency,Frequency MLP,0,37,30.0,0.0,120.0,30.0,0,140,0.0
frequency,Frequency MLP,0,38,30.0,0.0,120.0,60.0,0,140,0.0
frequency,Frequency MLP,0,39,30.0,0.0,120.0,90.0,0,140,0.0
frequency,Frequency MLP,0,40,30.0,0.0,120.0,120.0,0,140,0.0
frequency,Frequency MLP,0,41,30.0,0.0,120.0,150.0,0,140,0.0
frequency,Frequency MLP,0,42,30.0,0.0,120.0,180.0,7,140,0.05
frequency,Frequency MLP,0,43,30.0,0.0,120.0,210.0,0,140,0.0
frequency,Frequency MLP,0,44,30.0,0.0,120.0,240.0,0,140,0.0
frequency,Frequency MLP,0,45,30.0,0.0,120.0,270.0,0,140,0.0
frequency,Frequency MLP,0,46,30.0,0.0,120.0,300.0,0,140,0.0
frequency,Frequency MLP,0,47,30.0,0.0,120.0,330.0,0,140,0.0
frequency,Frequency MLP,0,48,30.0,0.0,150.0,0.0,0,140,0.0
frequency,Frequency MLP,0,49,30.0,0.0,150.0,30.0,0,140,0.0
frequency,Frequency MLP,0,50,30.0,0.0,150.0,60.0,0,140,0.0
frequency,Frequency MLP,0,51,30.0,0.0,150.0,90.0,0,140,0.0
frequency,Frequency MLP,0,52,30.0,0.0,150.0,120.0,0,140,0.0
frequency,Frequency MLP,0,53,30.0,0.0,150.0,150.0,0,140,0.0
frequency,Frequency MLP,0,54,30.0,0.0,150.0,180.0,2,140,0.014285714285714285
frequency,Frequency MLP,0,55,30.0,0.0,150.0,210.0,0,140,0.0
frequency,Frequency MLP,0,56,30.0,0.0,150.0,240.0,0,140,0.0
frequency,Frequency MLP,0,57,30.0,0.0,150.0,270.0,0,140,0.0
frequency,Frequency MLP,0,58,30.0,0.0,150.0,300.0,0,140,0.0
frequency,Frequency MLP,0,59,30.0,0.0,150.0,330.0,0,140,0.0
frequency,Frequency MLP,1,0,30.0,30.0,30.0,0.0,5,140,0.03571428571428571
frequency,Frequency MLP,1,1,30.0,30.0,30.0,30.0,103,140,0.7357142857142858
frequency,Frequency MLP,1,2,30.0,30.0,30.0,60.0,0,140,0.0
frequency,Frequency MLP,1,3,30.0,30.0,30.0,90.0,1,140,0.007142857142857143
frequency,Frequency MLP,1,4,30.0,30.0,30.0,120.0,2,140,0.014285714285714285
frequency,Frequency MLP,1,5,30.0,30.0,30.0,150.0,0,140,0.0
frequency,Frequency MLP,1,6,30.0,30.0,30.0,180.0,0,140,0.0
frequency,Frequency MLP,1,7,30.0,30.0,30.0,210.0,9,140,0.06428571428571428
frequency,Frequency MLP,1,8,30.0,30.0,30.0,240.0,0,140,0.0
frequency,Frequency MLP,1,9,30.0,30.0,30.0,270.0,0,140,0.0
frequency,Frequency MLP,1,10,30.0,30.0,30.0,300.0,0,140,0.0
frequency,Frequency MLP,1,11,30.0,30.0,30.0,330.0,0,140,0.0
frequency,Frequency MLP,1,12,30.0,30.0,60.0,0.0,0,140,0.0
frequency,Frequency MLP,1,13,30.0,30.0,60.0,30.0,3,140,0.02142857142857143
frequency,Frequency MLP,1,14,30.0,30.0,60.0,60.0,1,140,0.007142857142857143
frequency,Frequency MLP,1,15,30.0,30.0,60.0,90.0,0,140,0.0
frequency,Frequency MLP,1,16,30.0,30.0,60.0,120.0,0,140,0.0
frequency,Frequency MLP,1,17,30.0,30.0,60.0,150.0,0,140,0.0
frequency,Frequency MLP,1,18,30.0,30.0,60.0,180.0,0,140,0.0
frequency,Frequency MLP,1,19,30.0,30.0,60.0,210.0,1,140,0.007142857142857143
frequency,Frequency MLP,1,20,30.0,30.0,60.0,240.0,1,140,0.007142857142857143
frequency,Frequency MLP,1,21,30.0,30.0,60.0,270.0,0,140,0.0
frequency,Frequency MLP,1,22,30.0,30.0,60.0,300.0,1,140,0.007142857142857143
frequency,Frequency MLP,1,23,30.0,30.0,60.0,330.0,0,140,0.0
frequency,Frequency MLP,1,24,30.0,30.0,90.0,0.0,0,140,0.0
frequency,Frequency MLP,1,25,30.0,30.0,90.0,30.0,0,140,0.0
frequency,Frequency MLP,1,26,30.0,30.0,90.0,60.0,0,140,0.0
frequency,Frequency MLP,1,27,30.0,30.0,90.0,90.0,0,140,0.0
frequency,Frequency MLP,1,28,30.0,30.0,90.0,120.0,0,140,0.0
frequency,Frequency MLP,1,29,30.0,30.0,90.0,150.0,0,140,0.0
frequency,Frequency MLP,1,30,30.0,30.0,90.0,180.0,0,140,0.0
frequency,Frequency MLP,1,31,30.0,30.0,90.0,210.0,0,140,0.0
frequency,Frequency MLP,1,32,30.0,30.0,90.0,240.0,0,140,0.0
frequency,Frequency MLP,1,33,30.0,30.0,90.0,270.0,0,140,0.0
frequency,Frequency MLP,1,34,30.0,30.0,90.0,300.0,0,140,0.0
frequency,Frequency MLP,1,35,30.0,30.0,90.0,330.0,0,140,0.0
frequency,Frequency MLP,1,36,30.0,30.0,120.0,0.0,0,140,0.0
frequency,Frequency MLP,1,37,30.0,30.0,120.0,30.0,3,140,0.02142857142857143
frequency,Frequency MLP,1,38,30.0,30.0,120.0,60.0,0,140,0.0
frequency,Frequency MLP,1,39,30.0,30.0,120.0,90.0,0,140,0.0
frequency,Frequency MLP,1,40,30.0,30.0,120.0,120.0,0,140,0.0
frequency,Frequency MLP,1,41,30.0,30.0,120.0,150.0,0,140,0.0
frequency,Frequency MLP,1,42,30.0,30.0,120.0,180.0,0,140,0.0
frequency,Frequency MLP,1,43,30.0,30.0,120.0,210.0,0,140,0.0
frequency,Frequency MLP,1,44,30.0,30.0,120.0,240.0,0,140,0.0
frequency,Frequency MLP,1,45,30.0,30.0,120.0,270.0,0,140,0.0
frequency,Frequency MLP,1,46,30.0,30.0,120.0,300.0,0,140,0.0
frequency,Frequency MLP,1,47,30.0,30.0,120.0,330.0,0,140,0.0
frequency,Frequency MLP,1,48,30.0,30.0,150.0,0.0,0,140,0.0
frequency,Frequency MLP,1,49,30.0,30.0,150.0,30.0,2,140,0.014285714285714285
frequency,Frequency MLP,1,50,30.0,30.0,150.0,60.0,0,140,0.0
frequency,Frequency MLP,1,51,30.0,30.0,150.0,90.0,0,140,0.0
frequency,Frequency MLP,1,52,30.0,30.0,150.0,120.0,0,140,0.0
frequency,Frequency MLP,1,53,30.0,30.0,150.0,150.0,2,140,0.014285714285714285
frequency,Frequency MLP,1,54,30.0,30.0,150.0,180.0,0,140,0.0
frequency,Frequency MLP,1,55,30.0,30.0,150.0,210.0,0,140,0.0
frequency,Frequency MLP,1,56,30.0,30.0,150.0,240.0,0,140,0.0
frequency,Frequency MLP,1,57,30.0,30.0,150.0,270.0,0,140,0.0
frequency,Frequency MLP,1,58,30.0,30.0,150.0,300.0,0,140,0.0
frequency,Frequency MLP,1,59,30.0,30.0,150.0,330.0,6,140,0.04285714285714286
frequency,Frequency MLP,2,0,30.0,60.0,30.0,0.0,0,140,0.0
frequency,Frequency MLP,2,1,30.0,60.0,30.0,30.0,0,140,0.0
frequency,Frequency MLP,2,2,30.0,60.0,30.0,60.0,103,140,0.7357142857142858
frequency,Frequency MLP,2,3,30.0,60.0,30.0,90.0,1,140,0.007142857142857143
frequency,Frequency MLP,2,4,30.0,60.0,30.0,120.0,0,140,0.0
frequency,Frequency MLP,2,5,30.0,60.0,30.0,150.0,0,140,0.0
frequency,Frequency MLP,2,6,30.0,60.0,30.0,180.0,0,140,0.0
frequency,Frequency MLP,2,7,30.0,60.0,30.0,210.0,0,140,0.0
frequency,Frequency MLP,2,8,30.0,60.0,30.0,240.0,1,140,0.007142857142857143
frequency,Frequency MLP,2,9,30.0,60.0,30.0,270.0,4,140,0.02857142857142857
frequency,Frequency MLP,2,10,30.0,60.0,30.0,300.0,1,140,0.007142857142857143
frequency,Frequency MLP,2,11,30.0,60.0,30.0,330.0,0,140,0.0
frequency,Frequency MLP,2,12,30.0,60.0,60.0,0.0,0,140,0.0
frequency,Frequency MLP,2,13,30.0,60.0,60.0,30.0,0,140,0.0
frequency,Frequency MLP,2,14,30.0,60.0,60.0,60.0,0,140,0.0
frequency,Frequency MLP,2,15,30.0,60.0,60.0,90.0,0,140,0.0
frequency,Frequency MLP,2,16,30.0,60.0,60.0,120.0,0,140,0.0
frequency,Frequency MLP,2,17,30.0,60.0,60.0,150.0,0,140,0.0
frequency,Frequency MLP,2,18,30.0,60.0,60.0,180.0,0,140,0.0
frequency,Frequency MLP,2,19,30.0,60.0,60.0,210.0,0,140,0.0
frequency,Frequency MLP,2,20,30.0,60.0,60.0,240.0,0,140,0.0
frequency,Frequency MLP,2,21,30.0,60.0,60.0,270.0,0,140,0.0
frequency,Frequency MLP,2,22,30.0,60.0,60.0,300.0,0,140,0.0
frequency,Frequency MLP,2,23,30.0,60.0,60.0,330.0,0,140,0.0
frequency,Frequency MLP,2,24,30.0,60.0,90.0,0.0,0,140,0.0
frequency,Frequency MLP,2,25,30.0,60.0,90.0,30.0,0,140,0.0
frequency,Frequency MLP,2,26,30.0,60.0,90.0,60.0,0,140,0.0
frequency,Frequency MLP,2,27,30.0,60.0,90.0,90.0,0,140,0.0
frequency,Frequency MLP,2,28,30.0,60.0,90.0,120.0,0,140,0.0
frequency,Frequency MLP,2,29,30.0,60.0,90.0,150.0,0,140,0.0
frequency,Frequency MLP,2,30,30.0,60.0,90.0,180.0,0,140,0.0
frequency,Frequency MLP,2,31,30.0,60.0,90.0,210.0,0,140,0.0
frequency,Frequency MLP,2,32,30.0,60.0,90.0,240.0,0,140,0.0
frequency,Frequency MLP,2,33,30.0,60.0,90.0,270.0,0,140,0.0
frequency,Frequency MLP,2,34,30.0,60.0,90.0,300.0,0,140,0.0
frequency,Frequency MLP,2,35,30.0,60.0,90.0,330.0,0,140,0.0
frequency,Frequency MLP,2,36,30.0,60.0,120.0,0.0,0,140,0.0
frequency,Frequency MLP,2,37,30.0,60.0,120.0,30.0,0,140,0.0
frequency,Frequency MLP,2,38,30.0,60.0,120.0,60.0,0,140,0.0
frequency,Frequency MLP,2,39,30.0,60.0,120.0,90.0,0,140,0.0
frequency,Frequency MLP,2,40,30.0,60.0,120.0,120.0,0,140,0.0
frequency,Frequency MLP,2,41,30.0,60.0,120.0,150.0,0,140,0.0
frequency,Frequency MLP,2,42,30.0,60.0,120.0,180.0,0,140,0.0
frequency,Frequency MLP,2,43,30.0,60.0,120.0,210.0,0,140,0.0
frequency,Frequency MLP,2,44,30.0,60.0,120.0,240.0,0,140,0.0
frequency,Frequency MLP,2,45,30.0,60.0,120.0,270.0,0,140,0.0
frequency,Frequency MLP,2,46,30.0,60.0,120.0,300.0,0,140,0.0
frequency,Frequency MLP,2,47,30.0,60.0,120.0,330.0,0,140,0.0
frequency,Frequency MLP,2,48,30.0,60.0,150.0,0.0,0,140,0.0
frequency,Frequency MLP,2,49,30.0,60.0,150.0,30.0,0,140,0.0
frequency,Frequency MLP,2,50,30.0,60.0,150.0,60.0,0,140,0.0
frequency,Frequency MLP,2,51,30.0,60.0,150.0,90.0,8,140,0.05714285714285714
frequency,Frequency MLP,2,52,30.0,60.0,150.0,120.0,9,140,0.06428571428571428
frequency,Frequency MLP,2,53,30.0,60.0,150.0,150.0,0,140,0.0
frequency,Frequency MLP,2,54,30.0,60.0,150.0,180.0,0,140,0.0
frequency,Frequency MLP,2,55,30.0,60.0,150.0,210.0,0,140,0.0
frequency,Frequency MLP,2,56,30.0,60.0,150.0,240.0,0,140,0.0
frequency,Frequency MLP,2,57,30.0,60.0,150.0,270.0,2,140,0.014285714285714285
frequency,Frequency MLP,2,58,30.0,60.0,150.0,300.0,11,140,0.07857142857142857
frequency,Frequency MLP,2,59,30.0,60.0,150.0,330.0,0,140,0.0
frequency,Frequency MLP,3,0,30.0,90.0,30.0,0.0,0,140,0.0
frequency,Frequency MLP,3,1,30.0,90.0,30.0,30.0,0,140,0.0
frequency,Frequency MLP,3,2,30.0,90.0,30.0,60.0,0,140,0.0
frequency,Frequency MLP,3,3,30.0,90.0,30.0,90.0,91,140,0.65
frequency,Frequency MLP,3,4,30.0,90.0,30.0,120.0,0,140,0.0
frequency,Frequency MLP,3,5,30.0,90.0,30.0,150.0,0,140,0.0
frequency,Frequency MLP,3,6,30.0,90.0,30.0,180.0,0,140,0.0
frequency,Frequency MLP,3,7,30.0,90.0,30.0,210.0,0,140,0.0
frequency,Frequency MLP,3,8,30.0,90.0,30.0,240.0,1,140,0.007142857142857143
frequency,Frequency MLP,3,9,30.0,90.0,30.0,270.0,13,140,0.09285714285714286
frequency,Frequency MLP,3,10,30.0,90.0,30.0,300.0,2,140,0.014285714285714285
frequency,Frequency MLP,3,11,30.0,90.0,30.0,330.0,0,140,0.0
frequency,Frequency MLP,3,12,30.0,90.0,60.0,0.0,0,140,0.0
frequency,Frequency MLP,3,13,30.0,90.0,60.0,30.0,0,140,0.0
frequency,Frequency MLP,3,14,30.0,90.0,60.0,60.0,0,140,0.0
frequency,Frequency MLP,3,15,30.0,90.0,60.0,90.0,1,140,0.007142857142857143
frequency,Frequency MLP,3,16,30.0,90.0,60.0,120.0,0,140,0.0
frequency,Frequency MLP,3,17,30.0,90.0,60.0,150.0,0,140,0.0
frequency,Frequency MLP,3,18,30.0,90.0,60.0,180.0,0,140,0.0
frequency,Frequency MLP,3,19,30.0,90.0,60.0,210.0,0,140,0.0
frequency,Frequency MLP,3,20,30.0,90.0,60.0,240.0,0,140,0.0
frequency,Frequency MLP,3,21,30.0,90.0,60.0,270.0,4,140,0.02857142857142857
frequency,Frequency MLP,3,22,30.0,90.0,60.0,300.0,0,140,0.0
frequency,Frequency MLP,3,23,30.0,90.0,60.0,330.0,0,140,0.0
frequency,Frequency MLP,3,24,30.0,90.0,90.0,0.0,0,140,0.0
frequency,Frequency MLP,3,25,30.0,90.0,90.0,30.0,0,140,0.0
frequency,Frequency MLP,3,26,30.0,90.0,90.0,60.0,0,140,0.0
frequency,Frequency MLP,3,27,30.0,90.0,90.0,90.0,0,140,0.0
frequency,Frequency MLP,3,28,30.0,90.0,90.0,120.0,0,140,0.0
frequency,Frequency MLP,3,29,30.0,90.0,90.0,150.0,0,140,0.0
frequency,Frequency MLP,3,30,30.0,90.0,90.0,180.0,0,140,0.0
frequency,Frequency MLP,3,31,30.0,90.0,90.0,210.0,0,140,0.0
frequency,Frequency MLP,3,32,30.0,90.0,90.0,240.0,0,140,0.0
frequency,Frequency MLP,3,33,30.0,90.0,90.0,270.0,0,140,0.0
frequency,Frequency MLP,3,34,30.0,90.0,90.0,300.0,0,140,0.0
frequency,Frequency MLP,3,35,30.0,90.0,90.0,330.0,0,140,0.0
frequency,Frequency MLP,3,36,30.0,90.0,120.0,0.0,0,140,0.0
frequency,Frequency MLP,3,37,30.0,90.0,120.0,30.0,0,140,0.0
frequency,Frequency MLP,3,38,30.0,90.0,120.0,60.0,0,140,0.0
frequency,Frequency MLP,3,39,30.0,90.0,120.0,90.0,0,140,0.0
frequency,Frequency MLP,3,40,30.0,90.0,120.0,120.0,0,140,0.0
frequency,Frequency MLP,3,41,30.0,90.0,120.0,150.0,0,140,0.0
frequency,Frequency MLP,3,42,30.0,90.0,120.0,180.0,0,140,0.0
frequency,Frequency MLP,3,43,30.0,90.0,120.0,210.0,0,140,0.0
frequency,Frequency MLP,3,44,30.0,90.0,120.0,240.0,0,140,0.0
frequency,Frequency MLP,3,45,30.0,90.0,120.0,270.0,0,140,0.0
frequency,Frequency MLP,3,46,30.0,90.0,120.0,300.0,0,140,0.0
frequency,Frequency MLP,3,47,30.0,90.0,120.0,330.0,0,140,0.0
frequency,Frequency MLP,3,48,30.0,90.0,150.0,0.0,0,140,0.0
frequency,Frequency MLP,3,49,30.0,90.0,150.0,30.0,0,140,0.0
frequency,Frequency MLP,3,50,30.0,90.0,150.0,60.0,0,140,0.0
frequency,Frequency MLP,3,51,30.0,90.0,150.0,90.0,10,140,0.07142857142857142
frequency,Frequency MLP,3,52,30.0,90.0,150.0,120.0,0,140,0.0
frequency,Frequency MLP,3,53,30.0,90.0,150.0,150.0,0,140,0.0
frequency,Frequency MLP,3,54,30.0,90.0,150.0,180.0,0,140,0.0
frequency,Frequency MLP,3,55,30.0,90.0,150.0,210.0,0,140,0.0
frequency,Frequency MLP,3,56,30.0,90.0,150.0,240.0,0,140,0.0
frequency,Frequency MLP,3,57,30.0,90.0,150.0,270.0,18,140,0.12857142857142856
frequency,Frequency MLP,3,58,30.0,90.0,150.0,300.0,0,140,0.0
frequency,Frequency MLP,3,59,30.0,90.0,150.0,330.0,0,140,0.0
frequency,Frequency MLP,4,0,30.0,120.0,30.0,0.0,0,140,0.0
frequency,Frequency MLP,4,1,30.0,120.0,30.0,30.0,0,140,0.0
frequency,Frequency MLP,4,2,30.0,120.0,30.0,60.0,5,140,0.03571428571428571
frequency,Frequency MLP,4,3,30.0,120.0,30.0,90.0,6,140,0.04285714285714286
frequency,Frequency MLP,4,4,30.0,120.0,30.0,120.0,92,140,0.6571428571428571
frequency,Frequency MLP,4,5,30.0,120.0,30.0,150.0,0,140,0.0
frequency,Frequency MLP,4,6,30.0,120.0,30.0,180.0,0,140,0.0
frequency,Frequency MLP,4,7,30.0,120.0,30.0,210.0,0,140,0.0
frequency,Frequency MLP,4,8,30.0,120.0,30.0,240.0,1,140,0.007142857142857143
frequency,Frequency MLP,4,9,30.0,120.0,30.0,270.0,0,140,0.0
frequency,Frequency MLP,4,10,30.0,120.0,30.0,300.0,0,140,0.0
frequency,Frequency MLP,4,11,30.0,120.0,30.0,330.0,0,140,0.0
frequency,Frequency MLP,4,12,30.0,120.0,60.0,0.0,1,140,0.007142857142857143
frequency,Frequency MLP,4,13,30.0,120.0,60.0,30.0,0,140,0.0
frequency,Frequency MLP,4,14,30.0,120.0,60.0,60.0,0,140,0.0
frequency,Frequency MLP,4,15,30.0,120.0,60.0,90.0,2,140,0.014285714285714285
frequency,Frequency MLP,4,16,30.0,120.0,60.0,120.0,0,140,0.0
frequency,Frequency MLP,4,17,30.0,120.0,60.0,150.0,0,140,0.0
frequency,Frequency MLP,4,18,30.0,120.0,60.0,180.0,0,140,0.0
frequency,Frequency MLP,4,19,30.0,120.0,60.0,210.0,0,140,0.0
frequency,Frequency MLP,4,20,30.0,120.0,60.0,240.0,0,140,0.0
frequency,Frequency MLP,4,21,30.0,120.0,60.0,270.0,0,140,0.0
frequency,Frequency MLP,4,22,30.0,120.0,60.0,300.0,0,140,0.0
frequency,Frequency MLP,4,23,30.0,120.0,60.0,330.0,5,140,0.03571428571428571
frequency,Frequency MLP,4,24,30.0,120.0,90.0,0.0,0,140,0.0
frequency,Frequency MLP,4,25,30.0,120.0,90.0,30.0,0,140,0.0
frequency,Frequency MLP,4,26,30.0,120.0,90.0,60.0,0,140,0.0
frequency,Frequency MLP,4,27,30.0,120.0,90.0,90.0,0,140,0.0
frequency,Frequency MLP,4,28,30.0,120.0,90.0,120.0,0,140,0.0
frequency,Frequency MLP,4,29,30.0,120.0,90.0,150.0,0,140,0.0
frequency,Frequency MLP,4,30,30.0,120.0,90.0,180.0,0,140,0.0
frequency,Frequency MLP,4,31,30.0,120.0,90.0,210.0,0,140,0.0
frequency,Frequency MLP,4,32,30.0,120.0,90.0,240.0,0,140,0.0
frequency,Frequency MLP,4,33,30.0,120.0,90.0,270.0,0,140,0.0
frequency,Frequency MLP,4,34,30.0,120.0,90.0,300.0,0,140,0.0
frequency,Frequency MLP,4,35,30.0,120.0,90.0,330.0,1,140,0.007142857142857143
frequency,Frequency MLP,4,36,30.0,120.0,120.0,0.0,0,140,0.0
frequency,Frequency MLP,4,37,30.0,120.0,120.0,30.0,0,140,0.0
frequency,Frequency MLP,4,38,30.0,120.0,120.0,60.0,0,140,0.0
frequency,Frequency MLP,4,39,30.0,120.0,120.0,90.0,0,140,0.0
frequency,Frequency MLP,4,40,30.0,120.0,120.0,120.0,0,140,0.0
frequency,Frequency MLP,4,41,30.0,120.0,120.0,150.0,0,140,0.0
frequency,Frequency MLP,4,42,30.0,120.0,120.0,180.0,0,140,0.0
frequency,Frequency MLP,4,43,30.0,120.0,120.0,210.0,0,140,0.0
frequency,Frequency MLP,4,44,30.0,120.0,120.0,240.0,0,140,0.0
frequency,Frequency MLP,4,45,30.0,120.0,120.0,270.0,0,140,0.0
frequency,Frequency MLP,4,46,30.0,120.0,120.0,300.0,0,140,0.0
frequency,Frequency MLP,4,47,30.0,120.0,120.0,330.0,0,140,0.0
frequency,Frequency MLP,4,48,30.0,120.0,150.0,0.0,0,140,0.0
frequency,Frequency MLP,4,49,30.0,120.0,150.0,30.0,0,140,0.0
frequency,Frequency MLP,4,50,30.0,120.0,150.0,60.0,16,140,0.11428571428571428
frequency,Frequency MLP,4,51,30.0,120.0,150.0,90.0,0,140,0.0
frequency,Frequency MLP,4,52,30.0,120.0,150.0,120.0,3,140,0.02142857142857143
frequency,Frequency MLP,4,53,30.0,120.0,150.0,150.0,0,140,0.0
frequency,Frequency MLP,4,54,30.0,120.0,150.0,180.0,0,140,0.0
frequency,Frequency MLP,4,55,30.0,120.0,150.0,210.0,0,140,0.0
frequency,Frequency MLP,4,56,30.0,120.0,150.0,240.0,7,140,0.05
frequency,Frequency MLP,4,57,30.0,120.0,150.0,270.0,1,140,0.007142857142857143
frequency,Frequency MLP,4,58,30.0,120.0,150.0,300.0,0,140,0.0
frequency,Frequency MLP,4,59,30.0,120.0,150.0,330.0,0,140,0.0
frequency,Frequency MLP,5,0,30.0,150.0,30.0,0.0,2,140,0.014285714285714285
frequency,Frequency MLP,5,1,30.0,150.0,30.0,30.0,0,140,0.0
frequency,Frequency MLP,5,2,30.0,150.0,30.0,60.0,0,140,0.0
frequency,Frequency MLP,5,3,30.0,150.0,30.0,90.0,0,140,0.0
frequency,Frequency MLP,5,4,30.0,150.0,30.0,120.0,0,140,0.0
frequency,Frequency MLP,5,5,30.0,150.0,30.0,150.0,104,140,0.7428571428571429
frequency,Frequency MLP,5,6,30.0,150.0,30.0,180.0,3,140,0.02142857142857143
frequency,Frequency MLP,5,7,30.0,150.0,30.0,210.0,0,140,0.0
frequency,Frequency MLP,5,8,30.0,150.0,30.0,240.0,0,140,0.0
frequency,Frequency MLP,5,9,30.0,150.0,30.0,270.0,0,140,0.0
frequency,Frequency MLP,5,10,30.0,150.0,30.0,300.0,0,140,0.0
frequency,Frequency MLP,5,11,30.0,150.0,30.0,330.0,6,140,0.04285714285714286
frequency,Frequency MLP,5,12,30.0,150.0,60.0,0.0,1,140,0.007142857142857143
frequency,Frequency MLP,5,13,30.0,150.0,60.0,30.0,0,140,0.0
frequency,Frequency MLP,5,14,30.0,150.0,60.0,60.0,0,140,0.0
frequency,Frequency MLP,5,15,30.0,150.0,60.0,90.0,0,140,0.0
frequency,Frequency MLP,5,16,30.0,150.0,60.0,120.0,0,140,0.0
frequency,Frequency MLP,5,17,30.0,150.0,60.0,150.0,1,140,0.007142857142857143
frequency,Frequency MLP,5,18,30.0,150.0,60.0,180.0,2,140,0.014285714285714285
frequency,Frequency MLP,5,19,30.0,150.0,60.0,210.0,0,140,0.0
frequency,Frequency MLP,5,20,30.0,150.0,60.0,240.0,0,140,0.0
frequency,Frequency MLP,5,21,30.0,150.0,60.0,270.0,0,140,0.0
frequency,Frequency MLP,5,22,30.0,150.0,60.0,300.0,0,140,0.0
frequency,Frequency MLP,5,23,30.0,150.0,60.0,330.0,2,140,0.014285714285714285
frequency,Frequency MLP,5,24,30.0,150.0,90.0,0.0,0,140,0.0
frequency,Frequency MLP,5,25,30.0,150.0,90.0,30.0,0,140,0.0
frequency,Frequency MLP,5,26,30.0,150.0,90.0,60.0,0,140,0.0
frequency,Frequency MLP,5,27,30.0,150.0,90.0,90.0,0,140,0.0
frequency,Frequency MLP,5,28,30.0,150.0,90.0,120.0,0,140,0.0
frequency,Frequency MLP,5,29,30.0,150.0,90.0,150.0,0,140,0.0
frequency,Frequency MLP,5,30,30.0,150.0,90.0,180.0,0,140,0.0
frequency,Frequency MLP,5,31,30.0,150.0,90.0,210.0,0,140,0.0
frequency,Frequency MLP,5,32,30.0,150.0,90.0,240.0,0,140,0.0
frequency,Frequency MLP,5,33,30.0,150.0,90.0,270.0,0,140,0.0
frequency,Frequency MLP,5,34,30.0,150.0,90.0,300.0,0,140,0.0
frequency,Frequency MLP,5,35,30.0,150.0,90.0,330.0,0,140,0.0
frequency,Frequency MLP,5,36,30.0,150.0,120.0,0.0,3,140,0.02142857142857143
frequency,Frequency MLP,5,37,30.0,150.0,120.0,30.0,1,140,0.007142857142857143
frequency,Frequency MLP,5,38,30.0,150.0,120.0,60.0,0,140,0.0
frequency,Frequency MLP,5,39,30.0,150.0,120.0,90.0,0,140,0.0
frequency,Frequency MLP,5,40,30.0,150.0,120.0,120.0,1,140,0.007142857142857143
frequency,Frequency MLP,5,41,30.0,150.0,120.0,150.0,1,140,0.007142857142857143
frequency,Frequency MLP,5,42,30.0,150.0,120.0,180.0,3,140,0.02142857142857143
frequency,Frequency MLP,5,43,30.0,150.0,120.0,210.0,0,140,0.0
frequency,Frequency MLP,5,44,30.0,150.0,120.0,240.0,0,140,0.0
frequency,Frequency MLP,5,45,30.0,150.0,120.0,270.0,0,140,0.0
frequency,Frequency MLP,5,46,30.0,150.0,120.0,300.0,0,140,0.0
frequency,Frequency MLP,5,47,30.0,150.0,120.0,330.0,1,140,0.007142857142857143
frequency,Frequency MLP,5,48,30.0,150.0,150.0,0.0,0,140,0.0
frequency,Frequency MLP,5,49,30.0,150.0,150.0,30.0,7,140,0.05
frequency,Frequency MLP,5,50,30.0,150.0,150.0,60.0,0,140,0.0
frequency,Frequency MLP,5,51,30.0,150.0,150.0,90.0,0,140,0.0
frequency,Frequency MLP,5,52,30.0,150.0,150.0,120.0,0,140,0.0
frequency,Frequency MLP,5,53,30.0,150.0,150.0,150.0,0,140,0.0
frequency,Frequency MLP,5,54,30.0,150.0,150.0,180.0,1,140,0.007142857142857143
frequency,Frequency MLP,5,55,30.0,150.0,150.0,210.0,1,140,0.007142857142857143
frequency,Frequency MLP,5,56,30.0,150.0,150.0,240.0,0,140,0.0
frequency,Frequency MLP,5,57,30.0,150.0,150.0,270.0,0,140,0.0
frequency,Frequency MLP,5,58,30.0,150.0,150.0,300.0,0,140,0.0
frequency,Frequency MLP,5,59,30.0,150.0,150.0,330.0,0,140,0.0
frequency,Frequency MLP,6,0,30.0,180.0,30.0,0.0,1,140,0.007142857142857143
frequency,Frequency MLP,6,1,30.0,180.0,30.0,30.0,0,140,0.0
frequency,Frequency MLP,6,2,30.0,180.0,30.0,60.0,0,140,0.0
frequency,Frequency MLP,6,3,30.0,180.0,30.0,90.0,0,140,0.0
frequency,Frequency MLP,6,4,30.0,180.0,30.0,120.0,0,140,0.0
frequency,Frequency MLP,6,5,30.0,180.0,30.0,150.0,1,140,0.007142857142857143
frequency,Frequency MLP,6,6,30.0,180.0,30.0,180.0,107,140,0.7642857142857142
frequency,Frequency MLP,6,7,30.0,180.0,30.0,210.0,1,140,0.007142857142857143
frequency,Frequency MLP,6,8,30.0,180.0,30.0,240.0,0,140,0.0
frequency,Frequency MLP,6,9,30.0,180.0,30.0,270.0,0,140,0.0
frequency,Frequency MLP,6,10,30.0,180.0,30.0,300.0,0,140,0.0
frequency,Frequency MLP,6,11,30.0,180.0,30.0,330.0,0,140,0.0
frequency,Frequency MLP,6,12,30.0,180.0,60.0,0.0,3,140,0.02142857142857143
frequency,Frequency MLP,6,13,30.0,180.0,60.0,30.0,1,140,0.007142857142857143
frequency,Frequency MLP,6,14,30.0,180.0,60.0,60.0,0,140,0.0
frequency,Frequency MLP,6,15,30.0,180.0,60.0,90.0,0,140,0.0
frequency,Frequency MLP,6,16,30.0,180.0,60.0,120.0,0,140,0.0
frequency,Frequency MLP,6,17,30.0,180.0,60.0,150.0,0,140,0.0
frequency,Frequency MLP,6,18,30.0,180.0,60.0,180.0,9,140,0.06428571428571428
frequency,Frequency MLP,6,19,30.0,180.0,60.0,210.0,0,140,0.0
frequency,Frequency MLP,6,20,30.0,180.0,60.0,240.0,0,140,0.0
frequency,Frequency MLP,6,21,30.0,180.0,60.0,270.0,0,140,0.0
frequency,Frequency MLP,6,22,30.0,180.0,60.0,300.0,0,140,0.0
frequency,Frequency MLP,6,23,30.0,180.0,60.0,330.0,0,140,0.0
frequency,Frequency MLP,6,24,30.0,180.0,90.0,0.0,0,140,0.0
frequency,Frequency MLP,6,25,30.0,180.0,90.0,30.0,0,140,0.0
frequency,Frequency MLP,6,26,30.0,180.0,90.0,60.0,0,140,0.0
frequency,Frequency MLP,6,27,30.0,180.0,90.0,90.0,0,140,0.0
frequency,Frequency MLP,6,28,30.0,180.0,90.0,120.0,0,140,0.0
frequency,Frequency MLP,6,29,30.0,180.0,90.0,150.0,0,140,0.0
frequency,Frequency MLP,6,30,30.0,180.0,90.0,180.0,1,140,0.007142857142857143
frequency,Frequency MLP,6,31,30.0,180.0,90.0,210.0,0,140,0.0
frequency,Frequency MLP,6,32,30.0,180.0,90.0,240.0,0,140,0.0
frequency,Frequency MLP,6,33,30.0,180.0,90.0,270.0,0,140,0.0
frequency,Frequency MLP,6,34,30.0,180.0,90.0,300.0,0,140,0.0
frequency,Frequency MLP,6,35,30.0,180.0,90.0,330.0,0,140,0.0
frequency,Frequency MLP,6,36,30.0,180.0,120.0,0.0,5,140,0.03571428571428571
frequency,Frequency MLP,6,37,30.0,180.0,120.0,30.0,0,140,0.0
frequency,Frequency MLP,6,38,30.0,180.0,120.0,60.0,0,140,0.0
frequency,Frequency MLP,6,39,30.0,180.0,120.0,90.0,0,140,0.0
frequency,Frequency MLP,6,40,30.0,180.0,120.0,120.0,0,140,0.0
frequency,Frequency MLP,6,41,30.0,180.0,120.0,150.0,0,140,0.0
frequency,Frequency MLP,6,42,30.0,180.0,120.0,180.0,8,140,0.05714285714285714
frequency,Frequency MLP,6,43,30.0,180.0,120.0,210.0,0,140,0.0
frequency,Frequency MLP,6,44,30.0,180.0,120.0,240.0,0,140,0.0
frequency,Frequency MLP,6,45,30.0,180.0,120.0,270.0,0,140,0.0
frequency,Frequency MLP,6,46,30.0,180.0,120.0,300.0,0,140,0.0
frequency,Frequency MLP,6,47,30.0,180.0,120.0,330.0,0,140,0.0
frequency,Frequency MLP,6,48,30.0,180.0,150.0,0.0,0,140,0.0
frequency,Frequency MLP,6,49,30.0,180.0,150.0,30.0,0,140,0.0
frequency,Frequency MLP,6,50,30.0,180.0,150.0,60.0,0,140,0.0
frequency,Frequency MLP,6,51,30.0,180.0,150.0,90.0,0,140,0.0
frequency,Frequency MLP,6,52,30.0,180.0,150.0,120.0,0,140,0.0
frequency,Frequency MLP,6,53,30.0,180.0,150.0,150.0,0,140,0.0
frequency,Frequency MLP,6,54,30.0,180.0,150.0,180.0,3,140,0.02142857142857143
frequency,Frequency MLP,6,55,30.0,180.0,150.0,210.0,0,140,0.0
frequency,Frequency MLP,6,56,30.0,180.0,150.0,240.0,0,140,0.0
frequency,Frequency MLP,6,57,30.0,180.0,150.0,270.0,0,140,0.0
frequency,Frequency MLP,6,58,30.0,180.0,150.0,300.0,0,140,0.0
frequency,Frequency MLP,6,59,30.0,180.0,150.0,330.0,0,140,0.0
frequency,Frequency MLP,7,0,30.0,210.0,30.0,0.0,3,140,0.02142857142857143
frequency,Frequency MLP,7,1,30.0,210.0,30.0,30.0,8,140,0.05714285714285714
frequency,Frequency MLP,7,2,30.0,210.0,30.0,60.0,4,140,0.02857142857142857
frequency,Frequency MLP,7,3,30.0,210.0,30.0,90.0,0,140,0.0
frequency,Frequency MLP,7,4,30.0,210.0,30.0,120.0,1,140,0.007142857142857143
frequency,Frequency MLP,7,5,30.0,210.0,30.0,150.0,2,140,0.014285714285714285
frequency,Frequency MLP,7,6,30.0,210.0,30.0,180.0,3,140,0.02142857142857143
frequency,Frequency MLP,7,7,30.0,210.0,30.0,210.0,98,140,0.7
frequency,Frequency MLP,7,8,30.0,210.0,30.0,240.0,0,140,0.0
frequency,Frequency MLP,7,9,30.0,210.0,30.0,270.0,0,140,0.0
frequency,Frequency MLP,7,10,30.0,210.0,30.0,300.0,0,140,0.0
frequency,Frequency MLP,7,11,30.0,210.0,30.0,330.0,2,140,0.014285714285714285
frequency,Frequency MLP,7,12,30.0,210.0,60.0,0.0,0,140,0.0
frequency,Frequency MLP,7,13,30.0,210.0,60.0,30.0,0,140,0.0
frequency,Frequency MLP,7,14,30.0,210.0,60.0,60.0,0,140,0.0
frequency,Frequency MLP,7,15,30.0,210.0,60.0,90.0,0,140,0.0
frequency,Frequency MLP,7,16,30.0,210.0,60.0,120.0,0,140,0.0
frequency,Frequency MLP,7,17,30.0,210.0,60.0,150.0,0,140,0.0
frequency,Frequency MLP,7,18,30.0,210.0,60.0,180.0,1,140,0.007142857142857143
frequency,Frequency MLP,7,19,30.0,210.0,60.0,210.0,0,140,0.0
frequency,Frequency MLP,7,20,30.0,210.0,60.0,240.0,0,140,0.0
frequency,Frequency MLP,7,21,30.0,210.0,60.0,270.0,0,140,0.0
frequency,Frequency MLP,7,22,30.0,210.0,60.0,300.0,0,140,0.0
frequency,Frequency MLP,7,23,30.0,210.0,60.0,330.0,0,140,0.0
frequency,Frequency MLP,7,24,30.0,210.0,90.0,0.0,0,140,0.0
frequency,Frequency MLP,7,25,30.0,210.0,90.0,30.0,0,140,0.0
frequency,Frequency MLP,7,26,30.0,210.0,90.0,60.0,0,140,0.0
frequency,Frequency MLP,7,27,30.0,210.0,90.0,90.0,0,140,0.0
frequency,Frequency MLP,7,28,30.0,210.0,90.0,120.0,0,140,0.0
frequency,Frequency MLP,7,29,30.0,210.0,90.0,150.0,0,140,0.0
frequency,Frequency MLP,7,30,30.0,210.0,90.0,180.0,0,140,0.0
frequency,Frequency MLP,7,31,30.0,210.0,90.0,210.0,0,140,0.0
frequency,Frequency MLP,7,32,30.0,210.0,90.0,240.0,0,140,0.0
frequency,Frequency MLP,7,33,30.0,210.0,90.0,270.0,0,140,0.0
frequency,Frequency MLP,7,34,30.0,210.0,90.0,300.0,0,140,0.0
frequency,Frequency MLP,7,35,30.0,210.0,90.0,330.0,0,140,0.0
frequency,Frequency MLP,7,36,30.0,210.0,120.0,0.0,0,140,0.0
frequency,Frequency MLP,7,37,30.0,210.0,120.0,30.0,0,140,0.0
frequency,Frequency MLP,7,38,30.0,210.0,120.0,60.0,0,140,0.0
frequency,Frequency MLP,7,39,30.0,210.0,120.0,90.0,0,140,0.0
frequency,Frequency MLP,7,40,30.0,210.0,120.0,120.0,0,140,0.0
frequency,Frequency MLP,7,41,30.0,210.0,120.0,150.0,0,140,0.0
frequency,Frequency MLP,7,42,30.0,210.0,120.0,180.0,1,140,0.007142857142857143
frequency,Frequency MLP,7,43,30.0,210.0,120.0,210.0,0,140,0.0
frequency,Frequency MLP,7,44,30.0,210.0,120.0,240.0,0,140,0.0
frequency,Frequency MLP,7,45,30.0,210.0,120.0,270.0,0,140,0.0
frequency,Frequency MLP,7,46,30.0,210.0,120.0,300.0,0,140,0.0
frequency,Frequency MLP,7,47,30.0,210.0,120.0,330.0,0,140,0.0
frequency,Frequency MLP,7,48,30.0,210.0,150.0,0.0,0,140,0.0
frequency,Frequency MLP,7,49,30.0,210.0,150.0,30.0,1,140,0.007142857142857143
frequency,Frequency MLP,7,50,30.0,210.0,150.0,60.0,0,140,0.0
frequency,Frequency MLP,7,51,30.0,210.0,150.0,90.0,0,140,0.0
frequency,Frequency MLP,7,52,30.0,210.0,150.0,120.0,0,140,0.0
frequency,Frequency MLP,7,53,30.0,210.0,150.0,150.0,7,140,0.05
frequency,Frequency MLP,7,54,30.0,210.0,150.0,180.0,0,140,0.0
frequency,Frequency MLP,7,55,30.0,210.0,150.0,210.0,0,140,0.0
frequency,Frequency MLP,7,56,30.0,210.0,150.0,240.0,0,140,0.0
frequency,Frequency MLP,7,57,30.0,210.0,150.0,270.0,0,140,0.0
frequency,Frequency MLP,7,58,30.0,210.0,150.0,300.0,0,140,0.0
frequency,Frequency MLP,7,59,30.0,210.0,150.0,330.0,9,140,0.06428571428571428
frequency,Frequency MLP,8,0,30.0,240.0,30.0,0.0,0,140,0.0
frequency,Frequency MLP,8,1,30.0,240.0,30.0,30.0,0,140,0.0
frequency,Frequency MLP,8,2,30.0,240.0,30.0,60.0,15,140,0.10714285714285714
frequency,Frequency MLP,8,3,30.0,240.0,30.0,90.0,1,140,0.007142857142857143
frequency,Frequency MLP,8,4,30.0,240.0,30.0,120.0,0,140,0.0
frequency,Frequency MLP,8,5,30.0,240.0,30.0,150.0,1,140,0.007142857142857143
frequency,Frequency MLP,8,6,30.0,240.0,30.0,180.0,0,140,0.0
frequency,Frequency MLP,8,7,30.0,240.0,30.0,210.0,0,140,0.0
frequency,Frequency MLP,8,8,30.0,240.0,30.0,240.0,94,140,0.6714285714285714
frequency,Frequency MLP,8,9,30.0,240.0,30.0,270.0,4,140,0.02857142857142857
frequency,Frequency MLP,8,10,30.0,240.0,30.0,300.0,0,140,0.0
frequency,Frequency MLP,8,11,30.0,240.0,30.0,330.0,0,140,0.0
frequency,Frequency MLP,8,12,30.0,240.0,60.0,0.0,0,140,0.0
frequency,Frequency MLP,8,13,30.0,240.0,60.0,30.0,0,140,0.0
frequency,Frequency MLP,8,14,30.0,240.0,60.0,60.0,0,140,0.0
frequency,Frequency MLP,8,15,30.0,240.0,60.0,90.0,0,140,0.0
frequency,Frequency MLP,8,16,30.0,240.0,60.0,120.0,0,140,0.0
frequency,Frequency MLP,8,17,30.0,240.0,60.0,150.0,0,140,0.0
frequency,Frequency MLP,8,18,30.0,240.0,60.0,180.0,0,140,0.0
frequency,Frequency MLP,8,19,30.0,240.0,60.0,210.0,0,140,0.0
frequency,Frequency MLP,8,20,30.0,240.0,60.0,240.0,0,140,0.0
frequency,Frequency MLP,8,21,30.0,240.0,60.0,270.0,0,140,0.0
frequency,Frequency MLP,8,22,30.0,240.0,60.0,300.0,0,140,0.0
frequency,Frequency MLP,8,23,30.0,240.0,60.0,330.0,0,140,0.0
frequency,Frequency MLP,8,24,30.0,240.0,90.0,0.0,0,140,0.0
frequency,Frequency MLP,8,25,30.0,240.0,90.0,30.0,0,140,0.0
frequency,Frequency MLP,8,26,30.0,240.0,90.0,60.0,0,140,0.0
frequency,Frequency MLP,8,27,30.0,240.0,90.0,90.0,0,140,0.0
frequency,Frequency MLP,8,28,30.0,240.0,90.0,120.0,0,140,0.0
frequency,Frequency MLP,8,29,30.0,240.0,90.0,150.0,0,140,0.0
frequency,Frequency MLP,8,30,30.0,240.0,90.0,180.0,0,140,0.0
frequency,Frequency MLP,8,31,30.0,240.0,90.0,210.0,0,140,0.0
frequency,Frequency MLP,8,32,30.0,240.0,90.0,240.0,0,140,0.0
frequency,Frequency MLP,8,33,30.0,240.0,90.0,270.0,0,140,0.0
frequency,Frequency MLP,8,34,30.0,240.0,90.0,300.0,0,140,0.0
frequency,Frequency MLP,8,35,30.0,240.0,90.0,330.0,0,140,0.0
frequency,Frequency MLP,8,36,30.0,240.0,120.0,0.0,0,140,0.0
frequency,Frequency MLP,8,37,30.0,240.0,120.0,30.0,0,140,0.0
frequency,Frequency MLP,8,38,30.0,240.0,120.0,60.0,0,140,0.0
frequency,Frequency MLP,8,39,30.0,240.0,120.0,90.0,1,140,0.007142857142857143
frequency,Frequency MLP,8,40,30.0,240.0,120.0,120.0,0,140,0.0
frequency,Frequency MLP,8,41,30.0,240.0,120.0,150.0,0,140,0.0
frequency,Frequency MLP,8,42,30.0,240.0,120.0,180.0,0,140,0.0
frequency,Frequency MLP,8,43,30.0,240.0,120.0,210.0,0,140,0.0
frequency,Frequency MLP,8,44,30.0,240.0,120.0,240.0,0,140,0.0
frequency,Frequency MLP,8,45,30.0,240.0,120.0,270.0,0,140,0.0
frequency,Frequency MLP,8,46,30.0,240.0,120.0,300.0,0,140,0.0
frequency,Frequency MLP,8,47,30.0,240.0,120.0,330.0,0,140,0.0
frequency,Frequency MLP,8,48,30.0,240.0,150.0,0.0,0,140,0.0
frequency,Frequency MLP,8,49,30.0,240.0,150.0,30.0,0,140,0.0
frequency,Frequency MLP,8,50,30.0,240.0,150.0,60.0,0,140,0.0
frequency,Frequency MLP,8,51,30.0,240.0,150.0,90.0,4,140,0.02857142857142857
frequency,Frequency MLP,8,52,30.0,240.0,150.0,120.0,9,140,0.06428571428571428
frequency,Frequency MLP,8,53,30.0,240.0,150.0,150.0,0,140,0.0
frequency,Frequency MLP,8,54,30.0,240.0,150.0,180.0,0,140,0.0
frequency,Frequency MLP,8,55,30.0,240.0,150.0,210.0,1,140,0.007142857142857143
frequency,Frequency MLP,8,56,30.0,240.0,150.0,240.0,4,140,0.02857142857142857
frequency,Frequency MLP,8,57,30.0,240.0,150.0,270.0,6,140,0.04285714285714286
frequency,Frequency MLP,8,58,30.0,240.0,150.0,300.0,0,140,0.0
frequency,Frequency MLP,8,59,30.0,240.0,150.0,330.0,0,140,0.0
frequency,Frequency MLP,9,0,30.0,270.0,30.0,0.0,0,140,0.0
frequency,Frequency MLP,9,1,30.0,270.0,30.0,30.0,0,140,0.0
frequency,Frequency MLP,9,2,30.0,270.0,30.0,60.0,0,140,0.0
frequency,Frequency MLP,9,3,30.0,270.0,30.0,90.0,14,140,0.1
frequency,Frequency MLP,9,4,30.0,270.0,30.0,120.0,1,140,0.007142857142857143
frequency,Frequency MLP,9,5,30.0,270.0,30.0,150.0,0,140,0.0
frequency,Frequency MLP,9,6,30.0,270.0,30.0,180.0,0,140,0.0
frequency,Frequency MLP,9,7,30.0,270.0,30.0,210.0,0,140,0.0
frequency,Frequency MLP,9,8,30.0,270.0,30.0,240.0,0,140,0.0
frequency,Frequency MLP,9,9,30.0,270.0,30.0,270.0,105,140,0.75
frequency,Frequency MLP,9,10,30.0,270.0,30.0,300.0,3,140,0.02142857142857143
frequency,Frequency MLP,9,11,30.0,270.0,30.0,330.0,0,140,0.0
frequency,Frequency MLP,9,12,30.0,270.0,60.0,0.0,0,140,0.0
frequency,Frequency MLP,9,13,30.0,270.0,60.0,30.0,0,140,0.0
frequency,Frequency MLP,9,14,30.0,270.0,60.0,60.0,0,140,0.0
frequency,Frequency MLP,9,15,30.0,270.0,60.0,90.0,0,140,0.0
frequency,Frequency MLP,9,16,30.0,270.0,60.0,120.0,0,140,0.0
frequency,Frequency MLP,9,17,30.0,270.0,60.0,150.0,0,140,0.0
frequency,Frequency MLP,9,18,30.0,270.0,60.0,180.0,0,140,0.0
frequency,Frequency MLP,9,19,30.0,270.0,60.0,210.0,0,140,0.0
frequency,Frequency MLP,9,20,30.0,270.0,60.0,240.0,0,140,0.0
frequency,Frequency MLP,9,21,30.0,270.0,60.0,270.0,0,140,0.0
frequency,Frequency MLP,9,22,30.0,270.0,60.0,300.0,0,140,0.0
frequency,Frequency MLP,9,23,30.0,270.0,60.0,330.0,0,140,0.0
frequency,Frequency MLP,9,24,30.0,270.0,90.0,0.0,0,140,0.0
frequency,Frequency MLP,9,25,30.0,270.0,90.0,30.0,0,140,0.0
frequency,Frequency MLP,9,26,30.0,270.0,90.0,60.0,0,140,0.0
frequency,Frequency MLP,9,27,30.0,270.0,90.0,90.0,0,140,0.0
frequency,Frequency MLP,9,28,30.0,270.0,90.0,120.0,0,140,0.0
frequency,Frequency MLP,9,29,30.0,270.0,90.0,150.0,0,140,0.0
frequency,Frequency MLP,9,30,30.0,270.0,90.0,180.0,0,140,0.0
frequency,Frequency MLP,9,31,30.0,270.0,90.0,210.0,0,140,0.0
frequency,Frequency MLP,9,32,30.0,270.0,90.0,240.0,0,140,0.0
frequency,Frequency MLP,9,33,30.0,270.0,90.0,270.0,0,140,0.0
frequency,Frequency MLP,9,34,30.0,270.0,90.0,300.0,0,140,0.0
frequency,Frequency MLP,9,35,30.0,270.0,90.0,330.0,0,140,0.0
frequency,Frequency MLP,9,36,30.0,270.0,120.0,0.0,0,140,0.0
frequency,Frequency MLP,9,37,30.0,270.0,120.0,30.0,0,140,0.0
frequency,Frequency MLP,9,38,30.0,270.0,120.0,60.0,0,140,0.0
frequency,Frequency MLP,9,39,30.0,270.0,120.0,90.0,0,140,0.0
frequency,Frequency MLP,9,40,30.0,270.0,120.0,120.0,0,140,0.0
frequency,Frequency MLP,9,41,30.0,270.0,120.0,150.0,0,140,0.0
frequency,Frequency MLP,9,42,30.0,270.0,120.0,180.0,0,140,0.0
frequency,Frequency MLP,9,43,30.0,270.0,120.0,210.0,0,140,0.0
frequency,Frequency MLP,9,44,30.0,270.0,120.0,240.0,0,140,0.0
frequency,Frequency MLP,9,45,30.0,270.0,120.0,270.0,0,140,0.0
frequency,Frequency MLP,9,46,30.0,270.0,120.0,300.0,0,140,0.0
frequency,Frequency MLP,9,47,30.0,270.0,120.0,330.0,0,140,0.0
frequency,Frequency MLP,9,48,30.0,270.0,150.0,0.0,0,140,0.0
frequency,Frequency MLP,9,49,30.0,270.0,150.0,30.0,0,140,0.0
frequency,Frequency MLP,9,50,30.0,270.0,150.0,60.0,6,140,0.04285714285714286
frequency,Frequency MLP,9,51,30.0,270.0,150.0,90.0,1,140,0.007142857142857143
frequency,Frequency MLP,9,52,30.0,270.0,150.0,120.0,0,140,0.0
frequency,Frequency MLP,9,53,30.0,270.0,150.0,150.0,0,140,0.0
frequency,Frequency MLP,9,54,30.0,270.0,150.0,180.0,0,140,0.0
frequency,Frequency MLP,9,55,30.0,270.0,150.0,210.0,0,140,0.0
frequency,Frequency MLP,9,56,30.0,270.0,150.0,240.0,3,140,0.02142857142857143
frequency,Frequency MLP,9,57,30.0,270.0,150.0,270.0,7,140,0.05
frequency,Frequency MLP,9,58,30.0,270.0,150.0,300.0,0,140,0.0
frequency,Frequency MLP,9,59,30.0,270.0,150.0,330.0,0,140,0.0
frequency,Frequency MLP,10,0,30.0,300.0,30.0,0.0,0,140,0.0
frequency,Frequency MLP,10,1,30.0,300.0,30.0,30.0,3,140,0.02142857142857143
frequency,Frequency MLP,10,2,30.0,300.0,30.0,60.0,9,140,0.06428571428571428
frequency,Frequency MLP,10,3,30.0,300.0,30.0,90.0,3,140,0.02142857142857143
frequency,Frequency MLP,10,4,30.0,300.0,30.0,120.0,7,140,0.05
frequency,Frequency MLP,10,5,30.0,300.0,30.0,150.0,0,140,0.0
frequency,Frequency MLP,10,6,30.0,300.0,30.0,180.0,0,140,0.0
frequency,Frequency MLP,10,7,30.0,300.0,30.0,210.0,0,140,0.0
frequency,Frequency MLP,10,8,30.0,300.0,30.0,240.0,1,140,0.007142857142857143
frequency,Frequency MLP,10,9,30.0,300.0,30.0,270.0,1,140,0.007142857142857143
frequency,Frequency MLP,10,10,30.0,300.0,30.0,300.0,103,140,0.7357142857142858
frequency,Frequency MLP,10,11,30.0,300.0,30.0,330.0,0,140,0.0
frequency,Frequency MLP,10,12,30.0,300.0,60.0,0.0,0,140,0.0
frequency,Frequency MLP,10,13,30.0,300.0,60.0,30.0,0,140,0.0
frequency,Frequency MLP,10,14,30.0,300.0,60.0,60.0,0,140,0.0
frequency,Frequency MLP,10,15,30.0,300.0,60.0,90.0,0,140,0.0
frequency,Frequency MLP,10,16,30.0,300.0,60.0,120.0,0,140,0.0
frequency,Frequency MLP,10,17,30.0,300.0,60.0,150.0,0,140,0.0
frequency,Frequency MLP,10,18,30.0,300.0,60.0,180.0,0,140,0.0
frequency,Frequency MLP,10,19,30.0,300.0,60.0,210.0,0,140,0.0
frequency,Frequency MLP,10,20,30.0,300.0,60.0,240.0,0,140,0.0
frequency,Frequency MLP,10,21,30.0,300.0,60.0,270.0,0,140,0.0
frequency,Frequency MLP,10,22,30.0,300.0,60.0,300.0,0,140,0.0
frequency,Frequency MLP,10,23,30.0,300.0,60.0,330.0,0,140,0.0
frequency,Frequency MLP,10,24,30.0,300.0,90.0,0.0,0,140,0.0
frequency,Frequency MLP,10,25,30.0,300.0,90.0,30.0,1,140,0.007142857142857143
frequency,Frequency MLP,10,26,30.0,300.0,90.0,60.0,0,140,0.0
frequency,Frequency MLP,10,27,30.0,300.0,90.0,90.0,0,140,0.0
frequency,Frequency MLP,10,28,30.0,300.0,90.0,120.0,0,140,0.0
frequency,Frequency MLP,10,29,30.0,300.0,90.0,150.0,0,140,0.0
frequency,Frequency MLP,10,30,30.0,300.0,90.0,180.0,0,140,0.0
frequency,Frequency MLP,10,31,30.0,300.0,90.0,210.0,0,140,0.0
frequency,Frequency MLP,10,32,30.0,300.0,90.0,240.0,0,140,0.0
frequency,Frequency MLP,10,33,30.0,300.0,90.0,270.0,0,140,0.0
frequency,Frequency MLP,10,34,30.0,300.0,90.0,300.0,2,140,0.014285714285714285
frequency,Frequency MLP,10,35,30.0,300.0,90.0,330.0,3,140,0.02142857142857143
frequency,Frequency MLP,10,36,30.0,300.0,120.0,0.0,0,140,0.0
frequency,Frequency MLP,10,37,30.0,300.0,120.0,30.0,0,140,0.0
frequency,Frequency MLP,10,38,30.0,300.0,120.0,60.0,1,140,0.007142857142857143
frequency,Frequency MLP,10,39,30.0,300.0,120.0,90.0,0,140,0.0
frequency,Frequency MLP,10,40,30.0,300.0,120.0,120.0,0,140,0.0
frequency,Frequency MLP,10,41,30.0,300.0,120.0,150.0,0,140,0.0
frequency,Frequency MLP,10,42,30.0,300.0,120.0,180.0,0,140,0.0
frequency,Frequency MLP,10,43,30.0,300.0,120.0,210.0,0,140,0.0
frequency,Frequency MLP,10,44,30.0,300.0,120.0,240.0,0,140,0.0
frequency,Frequency MLP,10,45,30.0,300.0,120.0,270.0,0,140,0.0
frequency,Frequency MLP,10,46,30.0,300.0,120.0,300.0,0,140,0.0
frequency,Frequency MLP,10,47,30.0,300.0,120.0,330.0,0,140,0.0
frequency,Frequency MLP,10,48,30.0,300.0,150.0,0.0,0,140,0.0
frequency,Frequency MLP,10,49,30.0,300.0,150.0,30.0,0,140,0.0
frequency,Frequency MLP,10,50,30.0,300.0,150.0,60.0,2,140,0.014285714285714285
frequency,Frequency MLP,10,51,30.0,300.0,150.0,90.0,0,140,0.0
frequency,Frequency MLP,10,52,30.0,300.0,150.0,120.0,0,140,0.0
frequency,Frequency MLP,10,53,30.0,300.0,150.0,150.0,0,140,0.0
frequency,Frequency MLP,10,54,30.0,300.0,150.0,180.0,0,140,0.0
frequency,Frequency MLP,10,55,30.0,300.0,150.0,210.0,0,140,0.0
frequency,Frequency MLP,10,56,30.0,300.0,150.0,240.0,1,140,0.007142857142857143
frequency,Frequency MLP,10,57,30.0,300.0,150.0,270.0,0,140,0.0
frequency,Frequency MLP,10,58,30.0,300.0,150.0,300.0,3,140,0.02142857142857143
frequency,Frequency MLP,10,59,30.0,300.0,150.0,330.0,0,140,0.0
frequency,Frequency MLP,11,0,30.0,330.0,30.0,0.0,1,140,0.007142857142857143
frequency,Frequency MLP,11,1,30.0,330.0,30.0,30.0,2,140,0.014285714285714285
frequency,Frequency MLP,11,2,30.0,330.0,30.0,60.0,0,140,0.0
frequency,Frequency MLP,11,3,30.0,330.0,30.0,90.0,0,140,0.0
frequency,Frequency MLP,11,4,30.0,330.0,30.0,120.0,0,140,0.0
frequency,Frequency MLP,11,5,30.0,330.0,30.0,150.0,1,140,0.007142857142857143
frequency,Frequency MLP,11,6,30.0,330.0,30.0,180.0,0,140,0.0
frequency,Frequency MLP,11,7,30.0,330.0,30.0,210.0,0,140,0.0
frequency,Frequency MLP,11,8,30.0,330.0,30.0,240.0,0,140,0.0
frequency,Frequency MLP,11,9,30.0,330.0,30.0,270.0,0,140,0.0
frequency,Frequency MLP,11,10,30.0,330.0,30.0,300.0,0,140,0.0
frequency,Frequency MLP,11,11,30.0,330.0,30.0,330.0,103,140,0.7357142857142858
frequency,Frequency MLP,11,12,30.0,330.0,60.0,0.0,0,140,0.0
frequency,Frequency MLP,11,13,30.0,330.0,60.0,30.0,0,140,0.0
frequency,Frequency MLP,11,14,30.0,330.0,60.0,60.0,0,140,0.0
frequency,Frequency MLP,11,15,30.0,330.0,60.0,90.0,0,140,0.0
frequency,Frequency MLP,11,16,30.0,330.0,60.0,120.0,0,140,0.0
frequency,Frequency MLP,11,17,30.0,330.0,60.0,150.0,0,140,0.0
frequency,Frequency MLP,11,18,30.0,330.0,60.0,180.0,0,140,0.0
frequency,Frequency MLP,11,19,30.0,330.0,60.0,210.0,0,140,0.0
frequency,Frequency MLP,11,20,30.0,330.0,60.0,240.0,0,140,0.0
frequency,Frequency MLP,11,21,30.0,330.0,60.0,270.0,0,140,0.0
frequency,Frequency MLP,11,22,30.0,330.0,60.0,300.0,0,140,0.0
frequency,Frequency MLP,11,23,30.0,330.0,60.0,330.0,0,140,0.0
frequency,Frequency MLP,11,24,30.0,330.0,90.0,0.0,0,140,0.0
frequency,Frequency MLP,11,25,30.0,330.0,90.0,30.0,0,140,0.0
frequency,Frequency MLP,11,26,30.0,330.0,90.0,60.0,0,140,0.0
frequency,Frequency MLP,11,27,30.0,330.0,90.0,90.0,0,140,0.0
frequency,Frequency MLP,11,28,30.0,330.0,90.0,120.0,0,140,0.0
frequency,Frequency MLP,11,29,30.0,330.0,90.0,150.0,0,140,0.0
frequency,Frequency MLP,11,30,30.0,330.0,90.0,180.0,0,140,0.0
frequency,Frequency MLP,11,31,30.0,330.0,90.0,210.0,0,140,0.0
frequency,Frequency MLP,11,32,30.0,330.0,90.0,240.0,0,140,0.0
frequency,Frequency MLP,11,33,30.0,330.0,90.0,270.0,0,140,0.0
frequency,Frequency MLP,11,34,30.0,330.0,90.0,300.0,0,140,0.0
frequency,Frequency MLP,11,35,30.0,330.0,90.0,330.0,0,140,0.0
frequency,Frequency MLP,11,36,30.0,330.0,120.0,0.0,6,140,0.04285714285714286
frequency,Frequency MLP,11,37,30.0,330.0,120.0,30.0,5,140,0.03571428571428571
frequency,Frequency MLP,11,38,30.0,330.0,120.0,60.0,0,140,0.0
frequency,Frequency MLP,11,39,30.0,330.0,120.0,90.0,0,140,0.0
frequency,Frequency MLP,11,40,30.0,330.0,120.0,120.0,1,140,0.007142857142857143
frequency,Frequency MLP,11,41,30.0,330.0,120.0,150.0,1,140,0.007142857142857143
frequency,Frequency MLP,11,42,30.0,330.0,120.0,180.0,3,140,0.02142857142857143
frequency,Frequency MLP,11,43,30.0,330.0,120.0,210.0,0,140,0.0
frequency,Frequency MLP,11,44,30.0,330.0,120.0,240.0,0,140,0.0
frequency,Frequency MLP,11,45,30.0,330.0,120.0,270.0,0,140,0.0
frequency,Frequency MLP,11,46,30.0,330.0,120.0,300.0,0,140,0.0
frequency,Frequency MLP,11,47,30.0,330.0,120.0,330.0,1,140,0.007142857142857143
frequency,Frequency MLP,11,48,30.0,330.0,150.0,0.0,6,140,0.04285714285714286
frequency,Frequency MLP,11,49,30.0,330.0,150.0,30.0,9,140,0.06428571428571428
frequency,Frequency MLP,11,50,30.0,330.0,150.0,60.0,0,140,0.0
frequency,Frequency MLP,11,51,30.0,330.0,150.0,90.0,0,140,0.0
frequency,Frequency MLP,11,52,30.0,330.0,150.0,120.0,0,140,0.0
frequency,Frequency MLP,11,53,30.0,330.0,150.0,150.0,0,140,0.0
frequency,Frequency MLP,11,54,30.0,330.0,150.0,180.0,1,140,0.007142857142857143
frequency,Frequency MLP,11,55,30.0,330.0,150.0,210.0,0,140,0.0
frequency,Frequency MLP,11,56,30.0,330.0,150.0,240.0,0,140,0.0
frequency,Frequency MLP,11,57,30.0,330.0,150.0,270.0,0,140,0.0
frequency,Frequency MLP,11,58,30.0,330.0,150.0,300.0,0,140,0.0
frequency,Frequency MLP,11,59,30.0,330.0,150.0,330.0,0,140,0.0
frequency,Frequency MLP,12,0,60.0,0.0,30.0,0.0,20,140,0.14285714285714285
frequency,Frequency MLP,12,1,60.0,0.0,30.0,30.0,0,140,0.0
frequency,Frequency MLP,12,2,60.0,0.0,30.0,60.0,0,140,0.0
frequency,Frequency MLP,12,3,60.0,0.0,30.0,90.0,0,140,0.0
frequency,Frequency MLP,12,4,60.0,0.0,30.0,120.0,0,140,0.0
frequency,Frequency MLP,12,5,60.0,0.0,30.0,150.0,0,140,0.0
frequency,Frequency MLP,12,6,60.0,0.0,30.0,180.0,2,140,0.014285714285714285
frequency,Frequency MLP,12,7,60.0,0.0,30.0,210.0,0,140,0.0
frequency,Frequency MLP,12,8,60.0,0.0,30.0,240.0,0,140,0.0
frequency,Frequency MLP,12,9,60.0,0.0,30.0,270.0,0,140,0.0
frequency,Frequency MLP,12,10,60.0,0.0,30.0,300.0,0,140,0.0
frequency,Frequency MLP,12,11,60.0,0.0,30.0,330.0,1,140,0.007142857142857143
frequency,Frequency MLP,12,12,60.0,0.0,60.0,0.0,95,140,0.6785714285714286
frequency,Frequency MLP,12,13,60.0,0.0,60.0,30.0,2,140,0.014285714285714285
frequency,Frequency MLP,12,14,60.0,0.0,60.0,60.0,0,140,0.0
frequency,Frequency MLP,12,15,60.0,0.0,60.0,90.0,0,140,0.0
frequency,Frequency MLP,12,16,60.0,0.0,60.0,120.0,0,140,0.0
frequency,Frequency MLP,12,17,60.0,0.0,60.0,150.0,0,140,0.0
frequency,Frequency MLP,12,18,60.0,0.0,60.0,180.0,7,140,0.05
frequency,Frequency MLP,12,19,60.0,0.0,60.0,210.0,0,140,0.0
frequency,Frequency MLP,12,20,60.0,0.0,60.0,240.0,0,140,0.0
frequency,Frequency MLP,12,21,60.0,0.0,60.0,270.0,0,140,0.0
frequency,Frequency MLP,12,22,60.0,0.0,60.0,300.0,0,140,0.0
frequency,Frequency MLP,12,23,60.0,0.0,60.0,330.0,0,140,0.0
frequency,Frequency MLP,12,24,60.0,0.0,90.0,0.0,0,140,0.0
frequency,Frequency MLP,12,25,60.0,0.0,90.0,30.0,0,140,0.0
frequency,Frequency MLP,12,26,60.0,0.0,90.0,60.0,0,140,0.0
frequency,Frequency MLP,12,27,60.0,0.0,90.0,90.0,0,140,0.0
frequency,Frequency MLP,12,28,60.0,0.0,90.0,120.0,0,140,0.0
frequency,Frequency MLP,12,29,60.0,0.0,90.0,150.0,0,140,0.0
frequency,Frequency MLP,12,30,60.0,0.0,90.0,180.0,0,140,0.0
frequency,Frequency MLP,12,31,60.0,0.0,90.0,210.0,0,140,0.0
frequency,Frequency MLP,12,32,60.0,0.0,90.0,240.0,0,140,0.0
frequency,Frequency MLP,12,33,60.0,0.0,90.0,270.0,0,140,0.0
frequency,Frequency MLP,12,34,60.0,0.0,90.0,300.0,0,140,0.0
frequency,Frequency MLP,12,35,60.0,0.0,90.0,330.0,0,140,0.0
frequency,Frequency MLP,12,36,60.0,0.0,120.0,0.0,0,140,0.0
frequency,Frequency MLP,12,37,60.0,0.0,120.0,30.0,0,140,0.0
frequency,Frequency MLP,12,38,60.0,0.0,120.0,60.0,0,140,0.0
frequency,Frequency MLP,12,39,60.0,0.0,120.0,90.0,0,140,0.0
frequency,Frequency MLP,12,40,60.0,0.0,120.0,120.0,0,140,0.0
frequency,Frequency MLP,12,41,60.0,0.0,120.0,150.0,0,140,0.0
frequency,Frequency MLP,12,42,60.0,0.0,120.0,180.0,9,140,0.06428571428571428
frequency,Frequency MLP,12,43,60.0,0.0,120.0,210.0,0,140,0.0
frequency,Frequency MLP,12,44,60.0,0.0,120.0,240.0,0,140,0.0
frequency,Frequency MLP,12,45,60.0,0.0,120.0,270.0,0,140,0.0
frequency,Frequency MLP,12,46,60.0,0.0,120.0,300.0,0,140,0.0
frequency,Frequency MLP,12,47,60.0,0.0,120.0,330.0,0,140,0.0
frequency,Frequency MLP,12,48,60.0,0.0,150.0,0.0,4,140,0.02857142857142857
frequency,Frequency MLP,12,49,60.0,0.0,150.0,30.0,0,140,0.0
frequency,Frequency MLP,12,50,60.0,0.0,150.0,60.0,0,140,0.0
frequency,Frequency MLP,12,51,60.0,0.0,150.0,90.0,0,140,0.0
frequency,Frequency MLP,12,52,60.0,0.0,150.0,120.0,0,140,0.0
frequency,Frequency MLP,12,53,60.0,0.0,150.0,150.0,0,140,0.0
frequency,Frequency MLP,12,54,60.0,0.0,150.0,180.0,0,140,0.0
frequency,Frequency MLP,12,55,60.0,0.0,150.0,210.0,0,140,0.0
frequency,Frequency MLP,12,56,60.0,0.0,150.0,240.0,0,140,0.0
frequency,Frequency MLP,12,57,60.0,0.0,150.0,270.0,0,140,0.0
frequency,Frequency MLP,12,58,60.0,0.0,150.0,300.0,0,140,0.0
frequency,Frequency MLP,12,59,60.0,0.0,150.0,330.0,0,140,0.0
frequency,Frequency MLP,13,0,60.0,30.0,30.0,0.0,0,140,0.0
frequency,Frequency MLP,13,1,60.0,30.0,30.0,30.0,0,140,0.0
frequency,Frequency MLP,13,2,60.0,30.0,30.0,60.0,0,140,0.0
frequency,Frequency MLP,13,3,60.0,30.0,30.0,90.0,0,140,0.0
frequency,Frequency MLP,13,4,60.0,30.0,30.0,120.0,0,140,0.0
frequency,Frequency MLP,13,5,60.0,30.0,30.0,150.0,0,140,0.0
frequency,Frequency MLP,13,6,60.0,30.0,30.0,180.0,0,140,0.0
frequency,Frequency MLP,13,7,60.0,30.0,30.0,210.0,0,140,0.0
frequency,Frequency MLP,13,8,60.0,30.0,30.0,240.0,0,140,0.0
frequency,Frequency MLP,13,9,60.0,30.0,30.0,270.0,0,140,0.0
frequency,Frequency MLP,13,10,60.0,30.0,30.0,300.0,0,140,0.0
frequency,Frequency MLP,13,11,60.0,30.0,30.0,330.0,0,140,0.0
frequency,Frequency MLP,13,12,60.0,30.0,60.0,0.0,4,140,0.02857142857142857
frequency,Frequency MLP,13,13,60.0,30.0,60.0,30.0,108,140,0.7714285714285715
frequency,Frequency MLP,13,14,60.0,30.0,60.0,60.0,2,140,0.014285714285714285
frequency,Frequency MLP,13,15,60.0,30.0,60.0,90.0,0,140,0.0
frequency,Frequency MLP,13,16,60.0,30.0,60.0,120.0,1,140,0.007142857142857143
frequency,Frequency MLP,13,17,60.0,30.0,60.0,150.0,1,140,0.007142857142857143
frequency,Frequency MLP,13,18,60.0,30.0,60.0,180.0,0,140,0.0
frequency,Frequency MLP,13,19,60.0,30.0,60.0,210.0,7,140,0.05
frequency,Frequency MLP,13,20,60.0,30.0,60.0,240.0,0,140,0.0
frequency,Frequency MLP,13,21,60.0,30.0,60.0,270.0,0,140,0.0
frequency,Frequency MLP,13,22,60.0,30.0,60.0,300.0,0,140,0.0
frequency,Frequency MLP,13,23,60.0,30.0,60.0,330.0,0,140,0.0
frequency,Frequency MLP,13,24,60.0,30.0,90.0,0.0,0,140,0.0
frequency,Frequency MLP,13,25,60.0,30.0,90.0,30.0,0,140,0.0
frequency,Frequency MLP,13,26,60.0,30.0,90.0,60.0,0,140,0.0
frequency,Frequency MLP,13,27,60.0,30.0,90.0,90.0,0,140,0.0
frequency,Frequency MLP,13,28,60.0,30.0,90.0,120.0,0,140,0.0
frequency,Frequency MLP,13,29,60.0,30.0,90.0,150.0,0,140,0.0
frequency,Frequency MLP,13,30,60.0,30.0,90.0,180.0,0,140,0.0
frequency,Frequency MLP,13,31,60.0,30.0,90.0,210.0,0,140,0.0
frequency,Frequency MLP,13,32,60.0,30.0,90.0,240.0,0,140,0.0
frequency,Frequency MLP,13,33,60.0,30.0,90.0,270.0,0,140,0.0
frequency,Frequency MLP,13,34,60.0,30.0,90.0,300.0,0,140,0.0
frequency,Frequency MLP,13,35,60.0,30.0,90.0,330.0,0,140,0.0
frequency,Frequency MLP,13,36,60.0,30.0,120.0,0.0,0,140,0.0
frequency,Frequency MLP,13,37,60.0,30.0,120.0,30.0,3,140,0.02142857142857143
frequency,Frequency MLP,13,38,60.0,30.0,120.0,60.0,0,140,0.0
frequency,Frequency MLP,13,39,60.0,30.0,120.0,90.0,0,140,0.0
frequency,Frequency MLP,13,40,60.0,30.0,120.0,120.0,0,140,0.0
frequency,Frequency MLP,13,41,60.0,30.0,120.0,150.0,0,140,0.0
frequency,Frequency MLP,13,42,60.0,30.0,120.0,180.0,0,140,0.0
frequency,Frequency MLP,13,43,60.0,30.0,120.0,210.0,0,140,0.0
frequency,Frequency MLP,13,44,60.0,30.0,120.0,240.0,0,140,0.0
frequency,Frequency MLP,13,45,60.0,30.0,120.0,270.0,0,140,0.0
frequency,Frequency MLP,13,46,60.0,30.0,120.0,300.0,0,140,0.0
frequency,Frequency MLP,13,47,60.0,30.0,120.0,330.0,12,140,0.08571428571428572
frequency,Frequency MLP,13,48,60.0,30.0,150.0,0.0,0,140,0.0
frequency,Frequency MLP,13,49,60.0,30.0,150.0,30.0,0,140,0.0
frequency,Frequency MLP,13,50,60.0,30.0,150.0,60.0,0,140,0.0
frequency,Frequency MLP,13,51,60.0,30.0,150.0,90.0,0,140,0.0
frequency,Frequency MLP,13,52,60.0,30.0,150.0,120.0,0,140,0.0
frequency,Frequency MLP,13,53,60.0,30.0,150.0,150.0,2,140,0.014285714285714285
frequency,Frequency MLP,13,54,60.0,30.0,150.0,180.0,0,140,0.0
frequency,Frequency MLP,13,55,60.0,30.0,150.0,210.0,0,140,0.0
frequency,Frequency MLP,13,56,60.0,30.0,150.0,240.0,0,140,0.0
frequency,Frequency MLP,13,57,60.0,30.0,150.0,270.0,0,140,0.0
frequency,Frequency MLP,13,58,60.0,30.0,150.0,300.0,0,140,0.0
frequency,Frequency MLP,13,59,60.0,30.0,150.0,330.0,0,140,0.0
frequency,Frequency MLP,14,0,60.0,60.0,30.0,0.0,0,140,0.0
frequency,Frequency MLP,14,1,60.0,60.0,30.0,30.0,0,140,0.0
frequency,Frequency MLP,14,2,60.0,60.0,30.0,60.0,7,140,0.05
frequency,Frequency MLP,14,3,60.0,60.0,30.0,90.0,1,140,0.007142857142857143
frequency,Frequency MLP,14,4,60.0,60.0,30.0,120.0,0,140,0.0
frequency,Frequency MLP,14,5,60.0,60.0,30.0,150.0,0,140,0.0
frequency,Frequency MLP,14,6,60.0,60.0,30.0,180.0,0,140,0.0
frequency,Frequency MLP,14,7,60.0,60.0,30.0,210.0,0,140,0.0
frequency,Frequency MLP,14,8,60.0,60.0,30.0,240.0,0,140,0.0
frequency,Frequency MLP,14,9,60.0,60.0,30.0,270.0,0,140,0.0
frequency,Frequency MLP,14,10,60.0,60.0,30.0,300.0,0,140,0.0
frequency,Frequency MLP,14,11,60.0,60.0,30.0,330.0,0,140,0.0
frequency,Frequency MLP,14,12,60.0,60.0,60.0,0.0,0,140,0.0
frequency,Frequency MLP,14,13,60.0,60.0,60.0,30.0,0,140,0.0
frequency,Frequency MLP,14,14,60.0,60.0,60.0,60.0,99,140,0.7071428571428572
frequency,Frequency MLP,14,15,60.0,60.0,60.0,90.0,3,140,0.02142857142857143
frequency,Frequency MLP,14,16,60.0,60.0,60.0,120.0,6,140,0.04285714285714286
frequency,Frequency MLP,14,17,60.0,60.0,60.0,150.0,0,140,0.0
frequency,Frequency MLP,14,18,60.0,60.0,60.0,180.0,0,140,0.0
frequency,Frequency MLP,14,19,60.0,60.0,60.0,210.0,0,140,0.0
frequency,Frequency MLP,14,20,60.0,60.0,60.0,240.0,2,140,0.014285714285714285
frequency,Frequency MLP,14,21,60.0,60.0,60.0,270.0,0,140,0.0
frequency,Frequency MLP,14,22,60.0,60.0,60.0,300.0,2,140,0.014285714285714285
frequency,Frequency MLP,14,23,60.0,60.0,60.0,330.0,0,140,0.0
frequency,Frequency MLP,14,24,60.0,60.0,90.0,0.0,0,140,0.0
frequency,Frequency MLP,14,25,60.0,60.0,90.0,30.0,0,140,0.0
frequency,Frequency MLP,14,26,60.0,60.0,90.0,60.0,0,140,0.0
frequency,Frequency MLP,14,27,60.0,60.0,90.0,90.0,0,140,0.0
frequency,Frequency MLP,14,28,60.0,60.0,90.0,120.0,1,140,0.007142857142857143
frequency,Frequency MLP,14,29,60.0,60.0,90.0,150.0,0,140,0.0
frequency,Frequency MLP,14,30,60.0,60.0,90.0,180.0,0,140,0.0
frequency,Frequency MLP,14,31,60.0,60.0,90.0,210.0,0,140,0.0
frequency,Frequency MLP,14,32,60.0,60.0,90.0,240.0,0,140,0.0
frequency,Frequency MLP,14,33,60.0,60.0,90.0,270.0,0,140,0.0
frequency,Frequency MLP,14,34,60.0,60.0,90.0,300.0,0,140,0.0
frequency,Frequency MLP,14,35,60.0,60.0,90.0,330.0,0,140,0.0
frequency,Frequency MLP,14,36,60.0,60.0,120.0,0.0,0,140,0.0
frequency,Frequency MLP,14,37,60.0,60.0,120.0,30.0,0,140,0.0
frequency,Frequency MLP,14,38,60.0,60.0,120.0,60.0,0,140,0.0
frequency,Frequency MLP,14,39,60.0,60.0,120.0,90.0,2,140,0.014285714285714285
frequency,Frequency MLP,14,40,60.0,60.0,120.0,120.0,1,140,0.007142857142857143
frequency,Frequency MLP,14,41,60.0,60.0,120.0,150.0,0,140,0.0
frequency,Frequency MLP,14,42,60.0,60.0,120.0,180.0,0,140,0.0
frequency,Frequency MLP,14,43,60.0,60.0,120.0,210.0,0,140,0.0
frequency,Frequency MLP,14,44,60.0,60.0,120.0,240.0,0,140,0.0
frequency,Frequency MLP,14,45,60.0,60.0,120.0,270.0,0,140,0.0
frequency,Frequency MLP,14,46,60.0,60.0,120.0,300.0,11,140,0.07857142857142857
frequency,Frequency MLP,14,47,60.0,60.0,120.0,330.0,0,140,0.0
frequency,Frequency MLP,14,48,60.0,60.0,150.0,0.0,0,140,0.0
frequency,Frequency MLP,14,49,60.0,60.0,150.0,30.0,0,140,0.0
frequency,Frequency MLP,14,50,60.0,60.0,150.0,60.0,0,140,0.0
frequency,Frequency MLP,14,51,60.0,60.0,150.0,90.0,1,140,0.007142857142857143
frequency,Frequency MLP,14,52,60.0,60.0,150.0,120.0,2,140,0.014285714285714285
frequency,Frequency MLP,14,53,60.0,60.0,150.0,150.0,0,140,0.0
frequency,Frequency MLP,14,54,60.0,60.0,150.0,180.0,0,140,0.0
frequency,Frequency MLP,14,55,60.0,60.0,150.0,210.0,0,140,0.0
frequency,Frequency MLP,14,56,60.0,60.0,150.0,240.0,0,140,0.0
frequency,Frequency MLP,14,57,60.0,60.0,150.0,270.0,0,140,0.0
frequency,Frequency MLP,14,58,60.0,60.0,150.0,300.0,2,140,0.014285714285714285
frequency,Frequency MLP,14,59,60.0,60.0,150.0,330.0,0,140,0.0
frequency,Frequency MLP,15,0,60.0,90.0,30.0,0.0,0,140,0.0
frequency,Frequency MLP,15,1,60.0,90.0,30.0,30.0,0,140,0.0
frequency,Frequency MLP,15,2,60.0,90.0,30.0,60.0,0,140,0.0
frequency,Frequency MLP,15,3,60.0,90.0,30.0,90.0,2,140,0.014285714285714285
frequency,Frequency MLP,15,4,60.0,90.0,30.0,120.0,0,140,0.0
frequency,Frequency MLP,15,5,60.0,90.0,30.0,150.0,0,140,0.0
frequency,Frequency MLP,15,6,60.0,90.0,30.0,180.0,0,140,0.0
frequency,Frequency MLP,15,7,60.0,90.0,30.0,210.0,0,140,0.0
frequency,Frequency MLP,15,8,60.0,90.0,30.0,240.0,0,140,0.0
frequency,Frequency MLP,15,9,60.0,90.0,30.0,270.0,0,140,0.0
frequency,Frequency MLP,15,10,60.0,90.0,30.0,300.0,0,140,0.0
frequency,Frequency MLP,15,11,60.0,90.0,30.0,330.0,0,140,0.0
frequency,Frequency MLP,15,12,60.0,90.0,60.0,0.0,0,140,0.0
frequency,Frequency MLP,15,13,60.0,90.0,60.0,30.0,0,140,0.0
frequency,Frequency MLP,15,14,60.0,90.0,60.0,60.0,0,140,0.0
frequency,Frequency MLP,15,15,60.0,90.0,60.0,90.0,101,140,0.7214285714285714
frequency,Frequency MLP,15,16,60.0,90.0,60.0,120.0,0,140,0.0
frequency,Frequency MLP,15,17,60.0,90.0,60.0,150.0,0,140,0.0
frequency,Frequency MLP,15,18,60.0,90.0,60.0,180.0,0,140,0.0
frequency,Frequency MLP,15,19,60.0,90.0,60.0,210.0,0,140,0.0
frequency,Frequency MLP,15,20,60.0,90.0,60.0,240.0,0,140,0.0
frequency,Frequency MLP,15,21,60.0,90.0,60.0,270.0,7,140,0.05
frequency,Frequency MLP,15,22,60.0,90.0,60.0,300.0,1,140,0.007142857142857143
frequency,Frequency MLP,15,23,60.0,90.0,60.0,330.0,0,140,0.0
frequency,Frequency MLP,15,24,60.0,90.0,90.0,0.0,0,140,0.0
frequency,Frequency MLP,15,25,60.0,90.0,90.0,30.0,0,140,0.0
frequency,Frequency MLP,15,26,60.0,90.0,90.0,60.0,0,140,0.0
frequency,Frequency MLP,15,27,60.0,90.0,90.0,90.0,2,140,0.014285714285714285
frequency,Frequency MLP,15,28,60.0,90.0,90.0,120.0,3,140,0.02142857142857143
frequency,Frequency MLP,15,29,60.0,90.0,90.0,150.0,0,140,0.0
frequency,Frequency MLP,15,30,60.0,90.0,90.0,180.0,0,140,0.0
frequency,Frequency MLP,15,31,60.0,90.0,90.0,210.0,0,140,0.0
frequency,Frequency MLP,15,32,60.0,90.0,90.0,240.0,1,140,0.007142857142857143
frequency,Frequency MLP,15,33,60.0,90.0,90.0,270.0,2,140,0.014285714285714285
frequency,Frequency MLP,15,34,60.0,90.0,90.0,300.0,0,140,0.0
frequency,Frequency MLP,15,35,60.0,90.0,90.0,330.0,0,140,0.0
frequency,Frequency MLP,15,36,60.0,90.0,120.0,0.0,0,140,0.0
frequency,Frequency MLP,15,37,60.0,90.0,120.0,30.0,0,140,0.0
frequency,Frequency MLP,15,38,60.0,90.0,120.0,60.0,0,140,0.0
frequency,Frequency MLP,15,39,60.0,90.0,120.0,90.0,4,140,0.02857142857142857
frequency,Frequency MLP,15,40,60.0,90.0,120.0,120.0,4,140,0.02857142857142857
frequency,Frequency MLP,15,41,60.0,90.0,120.0,150.0,0,140,0.0
frequency,Frequency MLP,15,42,60.0,90.0,120.0,180.0,0,140,0.0
frequency,Frequency MLP,15,43,60.0,90.0,120.0,210.0,0,140,0.0
frequency,Frequency MLP,15,44,60.0,90.0,120.0,240.0,1,140,0.007142857142857143
frequency,Frequency MLP,15,45,60.0,90.0,120.0,270.0,7,140,0.05
frequency,Frequency MLP,15,46,60.0,90.0,120.0,300.0,0,140,0.0
frequency,Frequency MLP,15,47,60.0,90.0,120.0,330.0,0,140,0.0
frequency,Frequency MLP,15,48,60.0,90.0,150.0,0.0,0,140,0.0
frequency,Frequency MLP,15,49,60.0,90.0,150.0,30.0,0,140,0.0
frequency,Frequency MLP,15,50,60.0,90.0,150.0,60.0,0,140,0.0
frequency,Frequency MLP,15,51,60.0,90.0,150.0,90.0,0,140,0.0
frequency,Frequency MLP,15,52,60.0,90.0,150.0,120.0,0,140,0.0
frequency,Frequency MLP,15,53,60.0,90.0,150.0,150.0,0,140,0.0
frequency,Frequency MLP,15,54,60.0,90.0,150.0,180.0,0,140,0.0
frequency,Frequency MLP,15,55,60.0,90.0,150.0,210.0,0,140,0.0
frequency,Frequency MLP,15,56,60.0,90.0,150.0,240.0,0,140,0.0
frequency,Frequency MLP,15,57,60.0,90.0,150.0,270.0,5,140,0.03571428571428571
frequency,Frequency MLP,15,58,60.0,90.0,150.0,300.0,0,140,0.0
frequency,Frequency MLP,15,59,60.0,90.0,150.0,330.0,0,140,0.0
frequency,Frequency MLP,16,0,60.0,120.0,30.0,0.0,0,140,0.0
frequency,Frequency MLP,16,1,60.0,120.0,30.0,30.0,0,140,0.0
frequency,Frequency MLP,16,2,60.0,120.0,30.0,60.0,0,140,0.0
frequency,Frequency MLP,16,3,60.0,120.0,30.0,90.0,0,140,0.0
frequency,Frequency MLP,16,4,60.0,120.0,30.0,120.0,1,140,0.007142857142857143
frequency,Frequency MLP,16,5,60.0,120.0,30.0,150.0,0,140,0.0
frequency,Frequency MLP,16,6,60.0,120.0,30.0,180.0,0,140,0.0
frequency,Frequency MLP,16,7,60.0,120.0,30.0,210.0,0,140,0.0
frequency,Frequency MLP,16,8,60.0,120.0,30.0,240.0,2,140,0.014285714285714285
frequency,Frequency MLP,16,9,60.0,120.0,30.0,270.0,0,140,0.0
frequency,Frequency MLP,16,10,60.0,120.0,30.0,300.0,0,140,0.0
frequency,Frequency MLP,16,11,60.0,120.0,30.0,330.0,0,140,0.0
frequency,Frequency MLP,16,12,60.0,120.0,60.0,0.0,0,140,0.0
frequency,Frequency MLP,16,13,60.0,120.0,60.0,30.0,0,140,0.0
frequency,Frequency MLP,16,14,60.0,120.0,60.0,60.0,1,140,0.007142857142857143
frequency,Frequency MLP,16,15,60.0,120.0,60.0,90.0,0,140,0.0
frequency,Frequency MLP,16,16,60.0,120.0,60.0,120.0,88,140,0.6285714285714286
frequency,Frequency MLP,16,17,60.0,120.0,60.0,150.0,2,140,0.014285714285714285
frequency,Frequency MLP,16,18,60.0,120.0,60.0,180.0,0,140,0.0
frequency,Frequency MLP,16,19,60.0,120.0,60.0,210.0,2,140,0.014285714285714285
frequency,Frequency MLP,16,20,60.0,120.0,60.0,240.0,4,140,0.02857142857142857
frequency,Frequency MLP,16,21,60.0,120.0,60.0,270.0,2,140,0.014285714285714285
frequency,Frequency MLP,16,22,60.0,120.0,60.0,300.0,5,140,0.03571428571428571
frequency,Frequency MLP,16,23,60.0,120.0,60.0,330.0,5,140,0.03571428571428571
frequency,Frequency MLP,16,24,60.0,120.0,90.0,0.0,0,140,0.0
frequency,Frequency MLP,16,25,60.0,120.0,90.0,30.0,1,140,0.007142857142857143
frequency,Frequency MLP,16,26,60.0,120.0,90.0,60.0,0,140,0.0
frequency,Frequency MLP,16,27,60.0,120.0,90.0,90.0,0,140,0.0
frequency,Frequency MLP,16,28,60.0,120.0,90.0,120.0,1,140,0.007142857142857143
frequency,Frequency MLP,16,29,60.0,120.0,90.0,150.0,2,140,0.014285714285714285
frequency,Frequency MLP,16,30,60.0,120.0,90.0,180.0,0,140,0.0
frequency,Frequency MLP,16,31,60.0,120.0,90.0,210.0,0,140,0.0
frequency,Frequency MLP,16,32,60.0,120.0,90.0,240.0,1,140,0.007142857142857143
frequency,Frequency MLP,16,33,60.0,120.0,90.0,270.0,0,140,0.0
frequency,Frequency MLP,16,34,60.0,120.0,90.0,300.0,0,140,0.0
frequency,Frequency MLP,16,35,60.0,120.0,90.0,330.0,0,140,0.0
frequency,Frequency MLP,16,36,60.0,120.0,120.0,0.0,0,140,0.0
frequency,Frequency MLP,16,37,60.0,120.0,120.0,30.0,0,140,0.0
frequency,Frequency MLP,16,38,60.0,120.0,120.0,60.0,0,140,0.0
frequency,Frequency MLP,16,39,60.0,120.0,120.0,90.0,2,140,0.014285714285714285
frequency,Frequency MLP,16,40,60.0,120.0,120.0,120.0,4,140,0.02857142857142857
frequency,Frequency MLP,16,41,60.0,120.0,120.0,150.0,1,140,0.007142857142857143
frequency,Frequency MLP,16,42,60.0,120.0,120.0,180.0,0,140,0.0
frequency,Frequency MLP,16,43,60.0,120.0,120.0,210.0,0,140,0.0
frequency,Frequency MLP,16,44,60.0,120.0,120.0,240.0,6,140,0.04285714285714286
frequency,Frequency MLP,16,45,60.0,120.0,120.0,270.0,0,140,0.0
frequency,Frequency MLP,16,46,60.0,120.0,120.0,300.0,0,140,0.0
frequency,Frequency MLP,16,47,60.0,120.0,120.0,330.0,0,140,0.0
frequency,Frequency MLP,16,48,60.0,120.0,150.0,0.0,0,140,0.0
frequency,Frequency MLP,16,49,60.0,120.0,150.0,30.0,0,140,0.0
frequency,Frequency MLP,16,50,60.0,120.0,150.0,60.0,1,140,0.007142857142857143
frequency,Frequency MLP,16,51,60.0,120.0,150.0,90.0,4,140,0.02857142857142857
frequency,Frequency MLP,16,52,60.0,120.0,150.0,120.0,0,140,0.0
frequency,Frequency MLP,16,53,60.0,120.0,150.0,150.0,0,140,0.0
frequency,Frequency MLP,16,54,60.0,120.0,150.0,180.0,0,140,0.0
frequency,Frequency MLP,16,55,60.0,120.0,150.0,210.0,1,140,0.007142857142857143
frequency,Frequency MLP,16,56,60.0,120.0,150.0,240.0,3,140,0.02142857142857143
frequency,Frequency MLP,16,57,60.0,120.0,150.0,270.0,0,140,0.0
frequency,Frequency MLP,16,58,60.0,120.0,150.0,300.0,0,140,0.0
frequency,Frequency MLP,16,59,60.0,120.0,150.0,330.0,1,140,0.007142857142857143
frequency,Frequency MLP,17,0,60.0,150.0,30.0,0.0,0,140,0.0
frequency,Frequency MLP,17,1,60.0,150.0,30.0,30.0,0,140,0.0
frequency,Frequency MLP,17,2,60.0,150.0,30.0,60.0,0,140,0.0
frequency,Frequency MLP,17,3,60.0,150.0,30.0,90.0,0,140,0.0
frequency,Frequency MLP,17,4,60.0,150.0,30.0,120.0,0,140,0.0
frequency,Frequency MLP,17,5,60.0,150.0,30.0,150.0,1,140,0.007142857142857143
frequency,Frequency MLP,17,6,60.0,150.0,30.0,180.0,0,140,0.0
frequency,Frequency MLP,17,7,60.0,150.0,30.0,210.0,0,140,0.0
frequency,Frequency MLP,17,8,60.0,150.0,30.0,240.0,0,140,0.0
frequency,Frequency MLP,17,9,60.0,150.0,30.0,270.0,0,140,0.0
frequency,Frequency MLP,17,10,60.0,150.0,30.0,300.0,0,140,0.0
frequency,Frequency MLP,17,11,60.0,150.0,30.0,330.0,0,140,0.0
frequency,Frequency MLP,17,12,60.0,150.0,60.0,0.0,1,140,0.007142857142857143
frequency,Frequency MLP,17,13,60.0,150.0,60.0,30.0,1,140,0.007142857142857143
frequency,Frequency MLP,17,14,60.0,150.0,60.0,60.0,0,140,0.0
frequency,Frequency MLP,17,15,60.0,150.0,60.0,90.0,0,140,0.0
frequency,Frequency MLP,17,16,60.0,150.0,60.0,120.0,1,140,0.007142857142857143
frequency,Frequency MLP,17,17,60.0,150.0,60.0,150.0,100,140,0.7142857142857143
frequency,Frequency MLP,17,18,60.0,150.0,60.0,180.0,0,140,0.0
frequency,Frequency MLP,17,19,60.0,150.0,60.0,210.0,4,140,0.02857142857142857
frequency,Frequency MLP,17,20,60.0,150.0,60.0,240.0,0,140,0.0
frequency,Frequency MLP,17,21,60.0,150.0,60.0,270.0,0,140,0.0
frequency,Frequency MLP,17,22,60.0,150.0,60.0,300.0,1,140,0.007142857142857143
frequency,Frequency MLP,17,23,60.0,150.0,60.0,330.0,5,140,0.03571428571428571
frequency,Frequency MLP,17,24,60.0,150.0,90.0,0.0,0,140,0.0
frequency,Frequency MLP,17,25,60.0,150.0,90.0,30.0,0,140,0.0
frequency,Frequency MLP,17,26,60.0,150.0,90.0,60.0,0,140,0.0
frequency,Frequency MLP,17,27,60.0,150.0,90.0,90.0,0,140,0.0
frequency,Frequency MLP,17,28,60.0,150.0,90.0,120.0,0,140,0.0
frequency,Frequency MLP,17,29,60.0,150.0,90.0,150.0,0,140,0.0
frequency,Frequency MLP,17,30,60.0,150.0,90.0,180.0,0,140,0.0
frequency,Frequency MLP,17,31,60.0,150.0,90.0,210.0,0,140,0.0
frequency,Frequency MLP,17,32,60.0,150.0,90.0,240.0,0,140,0.0
frequency,Frequency MLP,17,33,60.0,150.0,90.0,270.0,0,140,0.0
frequency,Frequency MLP,17,34,60.0,150.0,90.0,300.0,0,140,0.0
frequency,Frequency MLP,17,35,60.0,150.0,90.0,330.0,0,140,0.0
frequency,Frequency MLP,17,36,60.0,150.0,120.0,0.0,0,140,0.0
frequency,Frequency MLP,17,37,60.0,150.0,120.0,30.0,4,140,0.02857142857142857
frequency,Frequency MLP,17,38,60.0,150.0,120.0,60.0,0,140,0.0
frequency,Frequency MLP,17,39,60.0,150.0,120.0,90.0,0,140,0.0
frequency,Frequency MLP,17,40,60.0,150.0,120.0,120.0,0,140,0.0
frequency,Frequency MLP,17,41,60.0,150.0,120.0,150.0,3,140,0.02142857142857143
frequency,Frequency MLP,17,42,60.0,150.0,120.0,180.0,1,140,0.007142857142857143
frequency,Frequency MLP,17,43,60.0,150.0,120.0,210.0,9,140,0.06428571428571428
frequency,Frequency MLP,17,44,60.0,150.0,120.0,240.0,0,140,0.0
frequency,Frequency MLP,17,45,60.0,150.0,120.0,270.0,0,140,0.0
frequency,Frequency MLP,17,46,60.0,150.0,120.0,300.0,0,140,0.0
frequency,Frequency MLP,17,47,60.0,150.0,120.0,330.0,6,140,0.04285714285714286
frequency,Frequency MLP,17,48,60.0,150.0,150.0,0.0,0,140,0.0
frequency,Frequency MLP,17,49,60.0,150.0,150.0,30.0,0,140,0.0
frequency,Frequency MLP,17,50,60.0,150.0,150.0,60.0,0,140,0.0
frequency,Frequency MLP,17,51,60.0,150.0,150.0,90.0,0,140,0.0
frequency,Frequency MLP,17,52,60.0,150.0,150.0,120.0,0,140,0.0
frequency,Frequency MLP,17,53,60.0,150.0,150.0,150.0,2,140,0.014285714285714285
frequency,Frequency MLP,17,54,60.0,150.0,150.0,180.0,0,140,0.0
frequency,Frequency MLP,17,55,60.0,150.0,150.0,210.0,1,140,0.007142857142857143
frequency,Frequency MLP,17,56,60.0,150.0,150.0,240.0,0,140,0.0
frequency,Frequency MLP,17,57,60.0,150.0,150.0,270.0,0,140,0.0
frequency,Frequency MLP,17,58,60.0,150.0,150.0,300.0,0,140,0.0
frequency,Frequency MLP,17,59,60.0,150.0,150.0,330.0,0,140,0.0
frequency,Frequency MLP,18,0,60.0,180.0,30.0,0.0,3,140,0.02142857142857143
frequency,Frequency MLP,18,1,60.0,180.0,30.0,30.0,0,140,0.0
frequency,Frequency MLP,18,2,60.0,180.0,30.0,60.0,0,140,0.0
frequency,Frequency MLP,18,3,60.0,180.0,30.0,90.0,0,140,0.0
frequency,Frequency MLP,18,4,60.0,180.0,30.0,120.0,0,140,0.0
frequency,Frequency MLP,18,5,60.0,180.0,30.0,150.0,0,140,0.0
frequency,Frequency MLP,18,6,60.0,180.0,30.0,180.0,16,140,0.11428571428571428
frequency,Frequency MLP,18,7,60.0,180.0,30.0,210.0,1,140,0.007142857142857143
frequency,Frequency MLP,18,8,60.0,180.0,30.0,240.0,0,140,0.0
frequency,Frequency MLP,18,9,60.0,180.0,30.0,270.0,0,140,0.0
frequency,Frequency MLP,18,10,60.0,180.0,30.0,300.0,0,140,0.0
frequency,Frequency MLP,18,11,60.0,180.0,30.0,330.0,0,140,0.0
frequency,Frequency MLP,18,12,60.0,180.0,60.0,0.0,8,140,0.05714285714285714
frequency,Frequency MLP,18,13,60.0,180.0,60.0,30.0,0,140,0.0
frequency,Frequency MLP,18,14,60.0,180.0,60.0,60.0,0,140,0.0
frequency,Frequency MLP,18,15,60.0,180.0,60.0,90.0,0,140,0.0
frequency,Frequency MLP,18,16,60.0,180.0,60.0,120.0,0,140,0.0
frequency,Frequency MLP,18,17,60.0,180.0,60.0,150.0,0,140,0.0
frequency,Frequency MLP,18,18,60.0,180.0,60.0,180.0,95,140,0.6785714285714286
frequency,Frequency MLP,18,19,60.0,180.0,60.0,210.0,0,140,0.0
frequency,Frequency MLP,18,20,60.0,180.0,60.0,240.0,0,140,0.0
frequency,Frequency MLP,18,21,60.0,180.0,60.0,270.0,0,140,0.0
frequency,Frequency MLP,18,22,60.0,180.0,60.0,300.0,0,140,0.0
frequency,Frequency MLP,18,23,60.0,180.0,60.0,330.0,0,140,0.0
frequency,Frequency MLP,18,24,60.0,180.0,90.0,0.0,0,140,0.0
frequency,Frequency MLP,18,25,60.0,180.0,90.0,30.0,0,140,0.0
frequency,Frequency MLP,18,26,60.0,180.0,90.0,60.0,0,140,0.0
frequency,Frequency MLP,18,27,60.0,180.0,90.0,90.0,0,140,0.0
frequency,Frequency MLP,18,28,60.0,180.0,90.0,120.0,0,140,0.0
frequency,Frequency MLP,18,29,60.0,180.0,90.0,150.0,0,140,0.0
frequency,Frequency MLP,18,30,60.0,180.0,90.0,180.0,0,140,0.0
frequency,Frequency MLP,18,31,60.0,180.0,90.0,210.0,0,140,0.0
frequency,Frequency MLP,18,32,60.0,180.0,90.0,240.0,0,140,0.0
frequency,Frequency MLP,18,33,60.0,180.0,90.0,270.0,0,140,0.0
frequency,Frequency MLP,18,34,60.0,180.0,90.0,300.0,0,140,0.0
frequency,Frequency MLP,18,35,60.0,180.0,90.0,330.0,0,140,0.0
frequency,Frequency MLP,18,36,60.0,180.0,120.0,0.0,1,140,0.007142857142857143
frequency,Frequency MLP,18,37,60.0,180.0,120.0,30.0,0,140,0.0
frequency,Frequency MLP,18,38,60.0,180.0,120.0,60.0,0,140,0.0
frequency,Frequency MLP,18,39,60.0,180.0,120.0,90.0,0,140,0.0
frequency,Frequency MLP,18,40,60.0,180.0,120.0,120.0,0,140,0.0
frequency,Frequency MLP,18,41,60.0,180.0,120.0,150.0,1,140,0.007142857142857143
frequency,Frequency MLP,18,42,60.0,180.0,120.0,180.0,13,140,0.09285714285714286
frequency,Frequency MLP,18,43,60.0,180.0,120.0,210.0,0,140,0.0
frequency,Frequency MLP,18,44,60.0,180.0,120.0,240.0,0,140,0.0
frequency,Frequency MLP,18,45,60.0,180.0,120.0,270.0,0,140,0.0
frequency,Frequency MLP,18,46,60.0,180.0,120.0,300.0,0,140,0.0
frequency,Frequency MLP,18,47,60.0,180.0,120.0,330.0,0,140,0.0
frequency,Frequency MLP,18,48,60.0,180.0,150.0,0.0,0,140,0.0
frequency,Frequency MLP,18,49,60.0,180.0,150.0,30.0,0,140,0.0
frequency,Frequency MLP,18,50,60.0,180.0,150.0,60.0,0,140,0.0
frequency,Frequency MLP,18,51,60.0,180.0,150.0,90.0,0,140,0.0
frequency,Frequency MLP,18,52,60.0,180.0,150.0,120.0,0,140,0.0
frequency,Frequency MLP,18,53,60.0,180.0,150.0,150.0,0,140,0.0
frequency,Frequency MLP,18,54,60.0,180.0,150.0,180.0,2,140,0.014285714285714285
frequency,Frequency MLP,18,55,60.0,180.0,150.0,210.0,0,140,0.0
frequency,Frequency MLP,18,56,60.0,180.0,150.0,240.0,0,140,0.0
frequency,Frequency MLP,18,57,60.0,180.0,150.0,270.0,0,140,0.0
frequency,Frequency MLP,18,58,60.0,180.0,150.0,300.0,0,140,0.0
frequency,Frequency MLP,18,59,60.0,180.0,150.0,330.0,0,140,0.0
frequency,Frequency MLP,19,0,60.0,210.0,30.0,0.0,0,140,0.0
frequency,Frequency MLP,19,1,60.0,210.0,30.0,30.0,0,140,0.0
frequency,Frequency MLP,19,2,60.0,210.0,30.0,60.0,0,140,0.0
frequency,Frequency MLP,19,3,60.0,210.0,30.0,90.0,0,140,0.0
frequency,Frequency MLP,19,4,60.0,210.0,30.0,120.0,0,140,0.0
frequency,Frequency MLP,19,5,60.0,210.0,30.0,150.0,0,140,0.0
frequency,Frequency MLP,19,6,60.0,210.0,30.0,180.0,0,140,0.0
frequency,Frequency MLP,19,7,60.0,210.0,30.0,210.0,0,140,0.0
frequency,Frequency MLP,19,8,60.0,210.0,30.0,240.0,0,140,0.0
frequency,Frequency MLP,19,9,60.0,210.0,30.0,270.0,0,140,0.0
frequency,Frequency MLP,19,10,60.0,210.0,30.0,300.0,0,140,0.0
frequency,Frequency MLP,19,11,60.0,210.0,30.0,330.0,0,140,0.0
frequency,Frequency MLP,19,12,60.0,210.0,60.0,0.0,1,140,0.007142857142857143
frequency,Frequency MLP,19,13,60.0,210.0,60.0,30.0,15,140,0.10714285714285714
frequency,Frequency MLP,19,14,60.0,210.0,60.0,60.0,0,140,0.0
frequency,Frequency MLP,19,15,60.0,210.0,60.0,90.0,0,140,0.0
frequency,Frequency MLP,19,16,60.0,210.0,60.0,120.0,1,140,0.007142857142857143
frequency,Frequency MLP,19,17,60.0,210.0,60.0,150.0,12,140,0.08571428571428572
frequency,Frequency MLP,19,18,60.0,210.0,60.0,180.0,1,140,0.007142857142857143
frequency,Frequency MLP,19,19,60.0,210.0,60.0,210.0,81,140,0.5785714285714286
frequency,Frequency MLP,19,20,60.0,210.0,60.0,240.0,0,140,0.0
frequency,Frequency MLP,19,21,60.0,210.0,60.0,270.0,0,140,0.0
frequency,Frequency MLP,19,22,60.0,210.0,60.0,300.0,0,140,0.0
frequency,Frequency MLP,19,23,60.0,210.0,60.0,330.0,3,140,0.02142857142857143
frequency,Frequency MLP,19,24,60.0,210.0,90.0,0.0,0,140,0.0
frequency,Frequency MLP,19,25,60.0,210.0,90.0,30.0,0,140,0.0
frequency,Frequency MLP,19,26,60.0,210.0,90.0,60.0,0,140,0.0
frequency,Frequency MLP,19,27,60.0,210.0,90.0,90.0,0,140,0.0
frequency,Frequency MLP,19,28,60.0,210.0,90.0,120.0,0,140,0.0
frequency,Frequency MLP,19,29,60.0,210.0,90.0,150.0,0,140,0.0
frequency,Frequency MLP,19,30,60.0,210.0,90.0,180.0,0,140,0.0
frequency,Frequency MLP,19,31,60.0,210.0,90.0,210.0,0,140,0.0
frequency,Frequency MLP,19,32,60.0,210.0,90.0,240.0,0,140,0.0
frequency,Frequency MLP,19,33,60.0,210.0,90.0,270.0,0,140,0.0
frequency,Frequency MLP,19,34,60.0,210.0,90.0,300.0,0,140,0.0
frequency,Frequency MLP,19,35,60.0,210.0,90.0,330.0,0,140,0.0
frequency,Frequency MLP,19,36,60.0,210.0,120.0,0.0,0,140,0.0
frequency,Frequency MLP,19,37,60.0,210.0,120.0,30.0,2,140,0.014285714285714285
frequency,Frequency MLP,19,38,60.0,210.0,120.0,60.0,0,140,0.0
frequency,Frequency MLP,19,39,60.0,210.0,120.0,90.0,0,140,0.0
frequency,Frequency MLP,19,40,60.0,210.0,120.0,120.0,0,140,0.0
frequency,Frequency MLP,19,41,60.0,210.0,120.0,150.0,9,140,0.06428571428571428
frequency,Frequency MLP,19,42,60.0,210.0,120.0,180.0,1,140,0.007142857142857143
frequency,Frequency MLP,19,43,60.0,210.0,120.0,210.0,9,140,0.06428571428571428
frequency,Frequency MLP,19,44,60.0,210.0,120.0,240.0,0,140,0.0
frequency,Frequency MLP,19,45,60.0,210.0,120.0,270.0,0,140,0.0
frequency,Frequency MLP,19,46,60.0,210.0,120.0,300.0,0,140,0.0
frequency,Frequency MLP,19,47,60.0,210.0,120.0,330.0,5,140,0.03571428571428571
frequency,Frequency MLP,19,48,60.0,210.0,150.0,0.0,0,140,0.0
frequency,Frequency MLP,19,49,60.0,210.0,150.0,30.0,0,140,0.0
frequency,Frequency MLP,19,50,60.0,210.0,150.0,60.0,0,140,0.0
frequency,Frequency MLP,19,51,60.0,210.0,150.0,90.0,0,140,0.0
frequency,Frequency MLP,19,52,60.0,210.0,150.0,120.0,0,140,0.0
frequency,Frequency MLP,19,53,60.0,210.0,150.0,150.0,0,140,0.0
frequency,Frequency MLP,19,54,60.0,210.0,150.0,180.0,0,140,0.0
frequency,Frequency MLP,19,55,60.0,210.0,150.0,210.0,0,140,0.0
frequency,Frequency MLP,19,56,60.0,210.0,150.0,240.0,0,140,0.0
frequency,Frequency MLP,19,57,60.0,210.0,150.0,270.0,0,140,0.0
frequency,Frequency MLP,19,58,60.0,210.0,150.0,300.0,0,140,0.0
frequency,Frequency MLP,19,59,60.0,210.0,150.0,330.0,0,140,0.0
frequency,Frequency MLP,20,0,60.0,240.0,30.0,0.0,0,140,0.0
frequency,Frequency MLP,20,1,60.0,240.0,30.0,30.0,0,140,0.0
frequency,Frequency MLP,20,2,60.0,240.0,30.0,60.0,1,140,0.007142857142857143
frequency,Frequency MLP,20,3,60.0,240.0,30.0,90.0,1,140,0.007142857142857143
frequency,Frequency MLP,20,4,60.0,240.0,30.0,120.0,0,140,0.0
frequency,Frequency MLP,20,5,60.0,240.0,30.0,150.0,0,140,0.0
frequency,Frequency MLP,20,6,60.0,240.0,30.0,180.0,0,140,0.0
frequency,Frequency MLP,20,7,60.0,240.0,30.0,210.0,0,140,0.0
frequency,Frequency MLP,20,8,60.0,240.0,30.0,240.0,1,140,0.007142857142857143
frequency,Frequency MLP,20,9,60.0,240.0,30.0,270.0,3,140,0.02142857142857143
frequency,Frequency MLP,20,10,60.0,240.0,30.0,300.0,1,140,0.007142857142857143
frequency,Frequency MLP,20,11,60.0,240.0,30.0,330.0,0,140,0.0
frequency,Frequency MLP,20,12,60.0,240.0,60.0,0.0,0,140,0.0
frequency,Frequency MLP,20,13,60.0,240.0,60.0,30.0,2,140,0.014285714285714285
frequency,Frequency MLP,20,14,60.0,240.0,60.0,60.0,3,140,0.02142857142857143
frequency,Frequency MLP,20,15,60.0,240.0,60.0,90.0,5,140,0.03571428571428571
frequency,Frequency MLP,20,16,60.0,240.0,60.0,120.0,1,140,0.007142857142857143
frequency,Frequency MLP,20,17,60.0,240.0,60.0,150.0,0,140,0.0
frequency,Frequency MLP,20,18,60.0,240.0,60.0,180.0,0,140,0.0
frequency,Frequency MLP,20,19,60.0,240.0,60.0,210.0,3,140,0.02142857142857143
frequency,Frequency MLP,20,20,60.0,240.0,60.0,240.0,85,140,0.6071428571428571
frequency,Frequency MLP,20,21,60.0,240.0,60.0,270.0,2,140,0.014285714285714285
frequency,Frequency MLP,20,22,60.0,240.0,60.0,300.0,0,140,0.0
frequency,Frequency MLP,20,23,60.0,240.0,60.0,330.0,0,140,0.0
frequency,Frequency MLP,20,24,60.0,240.0,90.0,0.0,0,140,0.0
frequency,Frequency MLP,20,25,60.0,240.0,90.0,30.0,1,140,0.007142857142857143
frequency,Frequency MLP,20,26,60.0,240.0,90.0,60.0,1,140,0.007142857142857143
frequency,Frequency MLP,20,27,60.0,240.0,90.0,90.0,0,140,0.0
frequency,Frequency MLP,20,28,60.0,240.0,90.0,120.0,0,140,0.0
frequency,Frequency MLP,20,29,60.0,240.0,90.0,150.0,0,140,0.0
frequency,Frequency MLP,20,30,60.0,240.0,90.0,180.0,0,140,0.0
frequency,Frequency MLP,20,31,60.0,240.0,90.0,210.0,0,140,0.0
frequency,Frequency MLP,20,32,60.0,240.0,90.0,240.0,3,140,0.02142857142857143
frequency,Frequency MLP,20,33,60.0,240.0,90.0,270.0,0,140,0.0
frequency,Frequency MLP,20,34,60.0,240.0,90.0,300.0,1,140,0.007142857142857143
frequency,Frequency MLP,20,35,60.0,240.0,90.0,330.0,0,140,0.0
frequency,Frequency MLP,20,36,60.0,240.0,120.0,0.0,0,140,0.0
frequency,Frequency MLP,20,37,60.0,240.0,120.0,30.0,1,140,0.007142857142857143
frequency,Frequency MLP,20,38,60.0,240.0,120.0,60.0,0,140,0.0
frequency,Frequency MLP,20,39,60.0,240.0,120.0,90.0,0,140,0.0
frequency,Frequency MLP,20,40,60.0,240.0,120.0,120.0,17,140,0.12142857142857143
frequency,Frequency MLP,20,41,60.0,240.0,120.0,150.0,0,140,0.0
frequency,Frequency MLP,20,42,60.0,240.0,120.0,180.0,0,140,0.0
frequency,Frequency MLP,20,43,60.0,240.0,120.0,210.0,1,140,0.007142857142857143
frequency,Frequency MLP,20,44,60.0,240.0,120.0,240.0,7,140,0.05
frequency,Frequency MLP,20,45,60.0,240.0,120.0,270.0,0,140,0.0
frequency,Frequency MLP,20,46,60.0,240.0,120.0,300.0,0,140,0.0
frequency,Frequency MLP,20,47,60.0,240.0,120.0,330.0,0,140,0.0
frequency,Frequency MLP,20,48,60.0,240.0,150.0,0.0,0,140,0.0
frequency,Frequency MLP,20,49,60.0,240.0,150.0,30.0,0,140,0.0
frequency,Frequency MLP,20,50,60.0,240.0,150.0,60.0,0,140,0.0
frequency,Frequency MLP,20,51,60.0,240.0,150.0,90.0,0,140,0.0
frequency,Frequency MLP,20,52,60.0,240.0,150.0,120.0,0,140,0.0
frequency,Frequency MLP,20,53,60.0,240.0,150.0,150.0,0,140,0.0
frequency,Frequency MLP,20,54,60.0,240.0,150.0,180.0,0,140,0.0
frequency,Frequency MLP,20,55,60.0,240.0,150.0,210.0,0,140,0.0
frequency,Frequency MLP,20,56,60.0,240.0,150.0,240.0,0,140,0.0
frequency,Frequency MLP,20,57,60.0,240.0,150.0,270.0,0,140,0.0
frequency,Frequency MLP,20,58,60.0,240.0,150.0,300.0,0,140,0.0
frequency,Frequency MLP,20,59,60.0,240.0,150.0,330.0,0,140,0.0
frequency,Frequency MLP,21,0,60.0,270.0,30.0,0.0,0,140,0.0
frequency,Frequency MLP,21,1,60.0,270.0,30.0,30.0,0,140,0.0
frequency,Frequency MLP,21,2,60.0,270.0,30.0,60.0,0,140,0.0
frequency,Frequency MLP,21,3,60.0,270.0,30.0,90.0,3,140,0.02142857142857143
frequency,Frequency MLP,21,4,60.0,270.0,30.0,120.0,0,140,0.0
frequency,Frequency MLP,21,5,60.0,270.0,30.0,150.0,0,140,0.0
frequency,Frequency MLP,21,6,60.0,270.0,30.0,180.0,0,140,0.0
frequency,Frequency MLP,21,7,60.0,270.0,30.0,210.0,0,140,0.0
frequency,Frequency MLP,21,8,60.0,270.0,30.0,240.0,0,140,0.0
frequency,Frequency MLP,21,9,60.0,270.0,30.0,270.0,3,140,0.02142857142857143
frequency,Frequency MLP,21,10,60.0,270.0,30.0,300.0,0,140,0.0
frequency,Frequency MLP,21,11,60.0,270.0,30.0,330.0,0,140,0.0
frequency,Frequency MLP,21,12,60.0,270.0,60.0,0.0,0,140,0.0
frequency,Frequency MLP,21,13,60.0,270.0,60.0,30.0,0,140,0.0
frequency,Frequency MLP,21,14,60.0,270.0,60.0,60.0,2,140,0.014285714285714285
frequency,Frequency MLP,21,15,60.0,270.0,60.0,90.0,11,140,0.07857142857142857
frequency,Frequency MLP,21,16,60.0,270.0,60.0,120.0,0,140,0.0
frequency,Frequency MLP,21,17,60.0,270.0,60.0,150.0,0,140,0.0
frequency,Frequency MLP,21,18,60.0,270.0,60.0,180.0,0,140,0.0
frequency,Frequency MLP,21,19,60.0,270.0,60.0,210.0,0,140,0.0
frequency,Frequency MLP,21,20,60.0,270.0,60.0,240.0,2,140,0.014285714285714285
frequency,Frequency MLP,21,21,60.0,270.0,60.0,270.0,94,140,0.6714285714285714
frequency,Frequency MLP,21,22,60.0,270.0,60.0,300.0,0,140,0.0
frequency,Frequency MLP,21,23,60.0,270.0,60.0,330.0,0,140,0.0
frequency,Frequency MLP,21,24,60.0,270.0,90.0,0.0,0,140,0.0
frequency,Frequency MLP,21,25,60.0,270.0,90.0,30.0,0,140,0.0
frequency,Frequency MLP,21,26,60.0,270.0,90.0,60.0,0,140,0.0
frequency,Frequency MLP,21,27,60.0,270.0,90.0,90.0,1,140,0.007142857142857143
frequency,Frequency MLP,21,28,60.0,270.0,90.0,120.0,0,140,0.0
frequency,Frequency MLP,21,29,60.0,270.0,90.0,150.0,0,140,0.0
frequency,Frequency MLP,21,30,60.0,270.0,90.0,180.0,0,140,0.0
frequency,Frequency MLP,21,31,60.0,270.0,90.0,210.0,0,140,0.0
frequency,Frequency MLP,21,32,60.0,270.0,90.0,240.0,2,140,0.014285714285714285
frequency,Frequency MLP,21,33,60.0,270.0,90.0,270.0,8,140,0.05714285714285714
frequency,Frequency MLP,21,34,60.0,270.0,90.0,300.0,3,140,0.02142857142857143
frequency,Frequency MLP,21,35,60.0,270.0,90.0,330.0,0,140,0.0
frequency,Frequency MLP,21,36,60.0,270.0,120.0,0.0,0,140,0.0
frequency,Frequency MLP,21,37,60.0,270.0,120.0,30.0,0,140,0.0
frequency,Frequency MLP,21,38,60.0,270.0,120.0,60.0,0,140,0.0
frequency,Frequency MLP,21,39,60.0,270.0,120.0,90.0,7,140,0.05
frequency,Frequency MLP,21,40,60.0,270.0,120.0,120.0,0,140,0.0
frequency,Frequency MLP,21,41,60.0,270.0,120.0,150.0,0,140,0.0
frequency,Frequency MLP,21,42,60.0,270.0,120.0,180.0,0,140,0.0
frequency,Frequency MLP,21,43,60.0,270.0,120.0,210.0,0,140,0.0
frequency,Frequency MLP,21,44,60.0,270.0,120.0,240.0,0,140,0.0
frequency,Frequency MLP,21,45,60.0,270.0,120.0,270.0,4,140,0.02857142857142857
frequency,Frequency MLP,21,46,60.0,270.0,120.0,300.0,0,140,0.0
frequency,Frequency MLP,21,47,60.0,270.0,120.0,330.0,0,140,0.0
frequency,Frequency MLP,21,48,60.0,270.0,150.0,0.0,0,140,0.0
frequency,Frequency MLP,21,49,60.0,270.0,150.0,30.0,0,140,0.0
frequency,Frequency MLP,21,50,60.0,270.0,150.0,60.0,0,140,0.0
frequency,Frequency MLP,21,51,60.0,270.0,150.0,90.0,0,140,0.0
frequency,Frequency MLP,21,52,60.0,270.0,150.0,120.0,0,140,0.0
frequency,Frequency MLP,21,53,60.0,270.0,150.0,150.0,0,140,0.0
frequency,Frequency MLP,21,54,60.0,270.0,150.0,180.0,0,140,0.0
frequency,Frequency MLP,21,55,60.0,270.0,150.0,210.0,0,140,0.0
frequency,Frequency MLP,21,56,60.0,270.0,150.0,240.0,0,140,0.0
frequency,Frequency MLP,21,57,60.0,270.0,150.0,270.0,0,140,0.0
frequency,Frequency MLP,21,58,60.0,270.0,150.0,300.0,0,140,0.0
frequency,Frequency MLP,21,59,60.0,270.0,150.0,330.0,0,140,0.0
frequency,Frequency MLP,22,0,60.0,300.0,30.0,0.0,0,140,0.0
frequency,Frequency MLP,22,1,60.0,300.0,30.0,30.0,0,140,0.0
frequency,Frequency MLP,22,2,60.0,300.0,30.0,60.0,0,140,0.0
frequency,Frequency MLP,22,3,60.0,300.0,30.0,90.0,1,140,0.007142857142857143
frequency,Frequency MLP,22,4,60.0,300.0,30.0,120.0,1,140,0.007142857142857143
frequency,Frequency MLP,22,5,60.0,300.0,30.0,150.0,0,140,0.0
frequency,Frequency MLP,22,6,60.0,300.0,30.0,180.0,0,140,0.0
frequency,Frequency MLP,22,7,60.0,300.0,30.0,210.0,0,140,0.0
frequency,Frequency MLP,22,8,60.0,300.0,30.0,240.0,0,140,0.0
frequency,Frequency MLP,22,9,60.0,300.0,30.0,270.0,0,140,0.0
frequency,Frequency MLP,22,10,60.0,300.0,30.0,300.0,4,140,0.02857142857142857
frequency,Frequency MLP,22,11,60.0,300.0,30.0,330.0,0,140,0.0
frequency,Frequency MLP,22,12,60.0,300.0,60.0,0.0,0,140,0.0
frequency,Frequency MLP,22,13,60.0,300.0,60.0,30.0,0,140,0.0
frequency,Frequency MLP,22,14,60.0,300.0,60.0,60.0,3,140,0.02142857142857143
frequency,Frequency MLP,22,15,60.0,300.0,60.0,90.0,1,140,0.007142857142857143
frequency,Frequency MLP,22,16,60.0,300.0,60.0,120.0,5,140,0.03571428571428571
frequency,Frequency MLP,22,17,60.0,300.0,60.0,150.0,0,140,0.0
frequency,Frequency MLP,22,18,60.0,300.0,60.0,180.0,0,140,0.0
frequency,Frequency MLP,22,19,60.0,300.0,60.0,210.0,0,140,0.0
frequency,Frequency MLP,22,20,60.0,300.0,60.0,240.0,1,140,0.007142857142857143
frequency,Frequency MLP,22,21,60.0,300.0,60.0,270.0,2,140,0.014285714285714285
frequency,Frequency MLP,22,22,60.0,300.0,60.0,300.0,95,140,0.6785714285714286
frequency,Frequency MLP,22,23,60.0,300.0,60.0,330.0,1,140,0.007142857142857143
frequency,Frequency MLP,22,24,60.0,300.0,90.0,0.0,0,140,0.0
frequency,Frequency MLP,22,25,60.0,300.0,90.0,30.0,0,140,0.0
frequency,Frequency MLP,22,26,60.0,300.0,90.0,60.0,0,140,0.0
frequency,Frequency MLP,22,27,60.0,300.0,90.0,90.0,0,140,0.0
frequency,Frequency MLP,22,28,60.0,300.0,90.0,120.0,0,140,0.0
frequency,Frequency MLP,22,29,60.0,300.0,90.0,150.0,0,140,0.0
frequency,Frequency MLP,22,30,60.0,300.0,90.0,180.0,0,140,0.0
frequency,Frequency MLP,22,31,60.0,300.0,90.0,210.0,0,140,0.0
frequency,Frequency MLP,22,32,60.0,300.0,90.0,240.0,0,140,0.0
frequency,Frequency MLP,22,33,60.0,300.0,90.0,270.0,0,140,0.0
frequency,Frequency MLP,22,34,60.0,300.0,90.0,300.0,0,140,0.0
frequency,Frequency MLP,22,35,60.0,300.0,90.0,330.0,0,140,0.0
frequency,Frequency MLP,22,36,60.0,300.0,120.0,0.0,0,140,0.0
frequency,Frequency MLP,22,37,60.0,300.0,120.0,30.0,0,140,0.0
frequency,Frequency MLP,22,38,60.0,300.0,120.0,60.0,16,140,0.11428571428571428
frequency,Frequency MLP,22,39,60.0,300.0,120.0,90.0,0,140,0.0
frequency,Frequency MLP,22,40,60.0,300.0,120.0,120.0,0,140,0.0
frequency,Frequency MLP,22,41,60.0,300.0,120.0,150.0,0,140,0.0
frequency,Frequency MLP,22,42,60.0,300.0,120.0,180.0,0,140,0.0
frequency,Frequency MLP,22,43,60.0,300.0,120.0,210.0,0,140,0.0
frequency,Frequency MLP,22,44,60.0,300.0,120.0,240.0,1,140,0.007142857142857143
frequency,Frequency MLP,22,45,60.0,300.0,120.0,270.0,0,140,0.0
frequency,Frequency MLP,22,46,60.0,300.0,120.0,300.0,0,140,0.0
frequency,Frequency MLP,22,47,60.0,300.0,120.0,330.0,0,140,0.0
frequency,Frequency MLP,22,48,60.0,300.0,150.0,0.0,0,140,0.0
frequency,Frequency MLP,22,49,60.0,300.0,150.0,30.0,0,140,0.0
frequency,Frequency MLP,22,50,60.0,300.0,150.0,60.0,5,140,0.03571428571428571
frequency,Frequency MLP,22,51,60.0,300.0,150.0,90.0,4,140,0.02857142857142857
frequency,Frequency MLP,22,52,60.0,300.0,150.0,120.0,0,140,0.0
frequency,Frequency MLP,22,53,60.0,300.0,150.0,150.0,0,140,0.0
frequency,Frequency MLP,22,54,60.0,300.0,150.0,180.0,0,140,0.0
frequency,Frequency MLP,22,55,60.0,300.0,150.0,210.0,0,140,0.0
frequency,Frequency MLP,22,56,60.0,300.0,150.0,240.0,0,140,0.0
frequency,Frequency MLP,22,57,60.0,300.0,150.0,270.0,0,140,0.0
frequency,Frequency MLP,22,58,60.0,300.0,150.0,300.0,0,140,0.0
frequency,Frequency MLP,22,59,60.0,300.0,150.0,330.0,0,140,0.0
frequency,Frequency MLP,23,0,60.0,330.0,30.0,0.0,0,140,0.0
frequency,Frequency MLP,23,1,60.0,330.0,30.0,30.0,0,140,0.0
frequency,Frequency MLP,23,2,60.0,330.0,30.0,60.0,0,140,0.0
frequency,Frequency MLP,23,3,60.0,330.0,30.0,90.0,0,140,0.0
frequency,Frequency MLP,23,4,60.0,330.0,30.0,120.0,0,140,0.0
frequency,Frequency MLP,23,5,60.0,330.0,30.0,150.0,0,140,0.0
frequency,Frequency MLP,23,6,60.0,330.0,30.0,180.0,0,140,0.0
frequency,Frequency MLP,23,7,60.0,330.0,30.0,210.0,0,140,0.0
frequency,Frequency MLP,23,8,60.0,330.0,30.0,240.0,0,140,0.0
frequency,Frequency MLP,23,9,60.0,330.0,30.0,270.0,0,140,0.0
frequency,Frequency MLP,23,10,60.0,330.0,30.0,300.0,0,140,0.0
frequency,Frequency MLP,23,11,60.0,330.0,30.0,330.0,3,140,0.02142857142857143
frequency,Frequency MLP,23,12,60.0,330.0,60.0,0.0,3,140,0.02142857142857143
frequency,Frequency MLP,23,13,60.0,330.0,60.0,30.0,1,140,0.007142857142857143
frequency,Frequency MLP,23,14,60.0,330.0,60.0,60.0,0,140,0.0
frequency,Frequency MLP,23,15,60.0,330.0,60.0,90.0,0,140,0.0
frequency,Frequency MLP,23,16,60.0,330.0,60.0,120.0,0,140,0.0
frequency,Frequency MLP,23,17,60.0,330.0,60.0,150.0,2,140,0.014285714285714285
frequency,Frequency MLP,23,18,60.0,330.0,60.0,180.0,0,140,0.0
frequency,Frequency MLP,23,19,60.0,330.0,60.0,210.0,0,140,0.0
frequency,Frequency MLP,23,20,60.0,330.0,60.0,240.0,0,140,0.0
frequency,Frequency MLP,23,21,60.0,330.0,60.0,270.0,0,140,0.0
frequency,Frequency MLP,23,22,60.0,330.0,60.0,300.0,0,140,0.0
frequency,Frequency MLP,23,23,60.0,330.0,60.0,330.0,100,140,0.7142857142857143
frequency,Frequency MLP,23,24,60.0,330.0,90.0,0.0,0,140,0.0
frequency,Frequency MLP,23,25,60.0,330.0,90.0,30.0,0,140,0.0
frequency,Frequency MLP,23,26,60.0,330.0,90.0,60.0,0,140,0.0
frequency,Frequency MLP,23,27,60.0,330.0,90.0,90.0,0,140,0.0
frequency,Frequency MLP,23,28,60.0,330.0,90.0,120.0,0,140,0.0
frequency,Frequency MLP,23,29,60.0,330.0,90.0,150.0,0,140,0.0
frequency,Frequency MLP,23,30,60.0,330.0,90.0,180.0,0,140,0.0
frequency,Frequency MLP,23,31,60.0,330.0,90.0,210.0,0,140,0.0
frequency,Frequency MLP,23,32,60.0,330.0,90.0,240.0,0,140,0.0
frequency,Frequency MLP,23,33,60.0,330.0,90.0,270.0,0,140,0.0
frequency,Frequency MLP,23,34,60.0,330.0,90.0,300.0,0,140,0.0
frequency,Frequency MLP,23,35,60.0,330.0,90.0,330.0,0,140,0.0
frequency,Frequency MLP,23,36,60.0,330.0,120.0,0.0,0,140,0.0
frequency,Frequency MLP,23,37,60.0,330.0,120.0,30.0,18,140,0.12857142857142856
frequency,Frequency MLP,23,38,60.0,330.0,120.0,60.0,0,140,0.0
frequency,Frequency MLP,23,39,60.0,330.0,120.0,90.0,0,140,0.0
frequency,Frequency MLP,23,40,60.0,330.0,120.0,120.0,0,140,0.0
frequency,Frequency MLP,23,41,60.0,330.0,120.0,150.0,5,140,0.03571428571428571
frequency,Frequency MLP,23,42,60.0,330.0,120.0,180.0,0,140,0.0
frequency,Frequency MLP,23,43,60.0,330.0,120.0,210.0,2,140,0.014285714285714285
frequency,Frequency MLP,23,44,60.0,330.0,120.0,240.0,1,140,0.007142857142857143
frequency,Frequency MLP,23,45,60.0,330.0,120.0,270.0,0,140,0.0
frequency,Frequency MLP,23,46,60.0,330.0,120.0,300.0,0,140,0.0
frequency,Frequency MLP,23,47,60.0,330.0,120.0,330.0,4,140,0.02857142857142857
frequency,Frequency MLP,23,48,60.0,330.0,150.0,0.0,0,140,0.0
frequency,Frequency MLP,23,49,60.0,330.0,150.0,30.0,1,140,0.007142857142857143
frequency,Frequency MLP,23,50,60.0,330.0,150.0,60.0,0,140,0.0
frequency,Frequency MLP,23,51,60.0,330.0,150.0,90.0,0,140,0.0
frequency,Frequency MLP,23,52,60.0,330.0,150.0,120.0,0,140,0.0
frequency,Frequency MLP,23,53,60.0,330.0,150.0,150.0,0,140,0.0
frequency,Frequency MLP,23,54,60.0,330.0,150.0,180.0,0,140,0.0
frequency,Frequency MLP,23,55,60.0,330.0,150.0,210.0,0,140,0.0
frequency,Frequency MLP,23,56,60.0,330.0,150.0,240.0,0,140,0.0
frequency,Frequency MLP,23,57,60.0,330.0,150.0,270.0,0,140,0.0
frequency,Frequency MLP,23,58,60.0,330.0,150.0,300.0,0,140,0.0
frequency,Frequency MLP,23,59,60.0,330.0,150.0,330.0,0,140,0.0
frequency,Frequency MLP,24,0,90.0,0.0,30.0,0.0,0,140,0.0
frequency,Frequency MLP,24,1,90.0,0.0,30.0,30.0,0,140,0.0
frequency,Frequency MLP,24,2,90.0,0.0,30.0,60.0,0,140,0.0
frequency,Frequency MLP,24,3,90.0,0.0,30.0,90.0,0,140,0.0
frequency,Frequency MLP,24,4,90.0,0.0,30.0,120.0,0,140,0.0
frequency,Frequency MLP,24,5,90.0,0.0,30.0,150.0,0,140,0.0
frequency,Frequency MLP,24,6,90.0,0.0,30.0,180.0,0,140,0.0
frequency,Frequency MLP,24,7,90.0,0.0,30.0,210.0,1,140,0.007142857142857143
frequency,Frequency MLP,24,8,90.0,0.0,30.0,240.0,0,140,0.0
frequency,Frequency MLP,24,9,90.0,0.0,30.0,270.0,0,140,0.0
frequency,Frequency MLP,24,10,90.0,0.0,30.0,300.0,0,140,0.0
frequency,Frequency MLP,24,11,90.0,0.0,30.0,330.0,0,140,0.0
frequency,Frequency MLP,24,12,90.0,0.0,60.0,0.0,0,140,0.0
frequency,Frequency MLP,24,13,90.0,0.0,60.0,30.0,0,140,0.0
frequency,Frequency MLP,24,14,90.0,0.0,60.0,60.0,0,140,0.0
frequency,Frequency MLP,24,15,90.0,0.0,60.0,90.0,0,140,0.0
frequency,Frequency MLP,24,16,90.0,0.0,60.0,120.0,2,140,0.014285714285714285
frequency,Frequency MLP,24,17,90.0,0.0,60.0,150.0,1,140,0.007142857142857143
frequency,Frequency MLP,24,18,90.0,0.0,60.0,180.0,0,140,0.0
frequency,Frequency MLP,24,19,90.0,0.0,60.0,210.0,0,140,0.0
frequency,Frequency MLP,24,20,90.0,0.0,60.0,240.0,0,140,0.0
frequency,Frequency MLP,24,21,90.0,0.0,60.0,270.0,0,140,0.0
frequency,Frequency MLP,24,22,90.0,0.0,60.0,300.0,3,140,0.02142857142857143
frequency,Frequency MLP,24,23,90.0,0.0,60.0,330.0,0,140,0.0
frequency,Frequency MLP,24,24,90.0,0.0,90.0,0.0,66,140,0.4714285714285714
frequency,Frequency MLP,24,25,90.0,0.0,90.0,30.0,3,140,0.02142857142857143
frequency,Frequency MLP,24,26,90.0,0.0,90.0,60.0,0,140,0.0
frequency,Frequency MLP,24,27,90.0,0.0,90.0,90.0,0,140,0.0
frequency,Frequency MLP,24,28,90.0,0.0,90.0,120.0,0,140,0.0
frequency,Frequency MLP,24,29,90.0,0.0,90.0,150.0,3,140,0.02142857142857143
frequency,Frequency MLP,24,30,90.0,0.0,90.0,180.0,56,140,0.4
frequency,Frequency MLP,24,31,90.0,0.0,90.0,210.0,4,140,0.02857142857142857
frequency,Frequency MLP,24,32,90.0,0.0,90.0,240.0,1,140,0.007142857142857143
frequency,Frequency MLP,24,33,90.0,0.0,90.0,270.0,0,140,0.0
frequency,Frequency MLP,24,34,90.0,0.0,90.0,300.0,0,140,0.0
frequency,Frequency MLP,24,35,90.0,0.0,90.0,330.0,0,140,0.0
frequency,Frequency MLP,24,36,90.0,0.0,120.0,0.0,0,140,0.0
frequency,Frequency MLP,24,37,90.0,0.0,120.0,30.0,0,140,0.0
frequency,Frequency MLP,24,38,90.0,0.0,120.0,60.0,0,140,0.0
frequency,Frequency MLP,24,39,90.0,0.0,120.0,90.0,0,140,0.0
frequency,Frequency MLP,24,40,90.0,0.0,120.0,120.0,0,140,0.0
frequency,Frequency MLP,24,41,90.0,0.0,120.0,150.0,0,140,0.0
frequency,Frequency MLP,24,42,90.0,0.0,120.0,180.0,0,140,0.0
frequency,Frequency MLP,24,43,90.0,0.0,120.0,210.0,0,140,0.0
frequency,Frequency MLP,24,44,90.0,0.0,120.0,240.0,0,140,0.0
frequency,Frequency MLP,24,45,90.0,0.0,120.0,270.0,0,140,0.0
frequency,Frequency MLP,24,46,90.0,0.0,120.0,300.0,0,140,0.0
frequency,Frequency MLP,24,47,90.0,0.0,120.0,330.0,0,140,0.0
frequency,Frequency MLP,24,48,90.0,0.0,150.0,0.0,0,140,0.0
frequency,Frequency MLP,24,49,90.0,0.0,150.0,30.0,0,140,0.0
frequency,Frequency MLP,24,50,90.0,0.0,150.0,60.0,0,140,0.0
frequency,Frequency MLP,24,51,90.0,0.0,150.0,90.0,0,140,0.0
frequency,Frequency MLP,24,52,90.0,0.0,150.0,120.0,0,140,0.0
frequency,Frequency MLP,24,53,90.0,0.0,150.0,150.0,0,140,0.0
frequency,Frequency MLP,24,54,90.0,0.0,150.0,180.0,0,140,0.0
frequency,Frequency MLP,24,55,90.0,0.0,150.0,210.0,0,140,0.0
frequency,Frequency MLP,24,56,90.0,0.0,150.0,240.0,0,140,0.0
frequency,Frequency MLP,24,57,90.0,0.0,150.0,270.0,0,140,0.0
frequency,Frequency MLP,24,58,90.0,0.0,150.0,300.0,0,140,0.0
frequency,Frequency MLP,24,59,90.0,0.0,150.0,330.0,0,140,0.0
frequency,Frequency MLP,25,0,90.0,30.0,30.0,0.0,0,140,0.0
frequency,Frequency MLP,25,1,90.0,30.0,30.0,30.0,0,140,0.0
frequency,Frequency MLP,25,2,90.0,30.0,30.0,60.0,0,140,0.0
frequency,Frequency MLP,25,3,90.0,30.0,30.0,90.0,0,140,0.0
frequency,Frequency MLP,25,4,90.0,30.0,30.0,120.0,0,140,0.0
frequency,Frequency MLP,25,5,90.0,30.0,30.0,150.0,0,140,0.0
frequency,Frequency MLP,25,6,90.0,30.0,30.0,180.0,0,140,0.0
frequency,Frequency MLP,25,7,90.0,30.0,30.0,210.0,1,140,0.007142857142857143
frequency,Frequency MLP,25,8,90.0,30.0,30.0,240.0,0,140,0.0
frequency,Frequency MLP,25,9,90.0,30.0,30.0,270.0,0,140,0.0
frequency,Frequency MLP,25,10,90.0,30.0,30.0,300.0,0,140,0.0
frequency,Frequency MLP,25,11,90.0,30.0,30.0,330.0,0,140,0.0
frequency,Frequency MLP,25,12,90.0,30.0,60.0,0.0,0,140,0.0
frequency,Frequency MLP,25,13,90.0,30.0,60.0,30.0,0,140,0.0
frequency,Frequency MLP,25,14,90.0,30.0,60.0,60.0,0,140,0.0
frequency,Frequency MLP,25,15,90.0,30.0,60.0,90.0,0,140,0.0
frequency,Frequency MLP,25,16,90.0,30.0,60.0,120.0,2,140,0.014285714285714285
frequency,Frequency MLP,25,17,90.0,30.0,60.0,150.0,0,140,0.0
frequency,Frequency MLP,25,18,90.0,30.0,60.0,180.0,0,140,0.0
frequency,Frequency MLP,25,19,90.0,30.0,60.0,210.0,0,140,0.0
frequency,Frequency MLP,25,20,90.0,30.0,60.0,240.0,3,140,0.02142857142857143
frequency,Frequency MLP,25,21,90.0,30.0,60.0,270.0,0,140,0.0
frequency,Frequency MLP,25,22,90.0,30.0,60.0,300.0,0,140,0.0
frequency,Frequency MLP,25,23,90.0,30.0,60.0,330.0,0,140,0.0
frequency,Frequency MLP,25,24,90.0,30.0,90.0,0.0,1,140,0.007142857142857143
frequency,Frequency MLP,25,25,90.0,30.0,90.0,30.0,62,140,0.44285714285714284
frequency,Frequency MLP,25,26,90.0,30.0,90.0,60.0,3,140,0.02142857142857143
frequency,Frequency MLP,25,27,90.0,30.0,90.0,90.0,0,140,0.0
frequency,Frequency MLP,25,28,90.0,30.0,90.0,120.0,0,140,0.0
frequency,Frequency MLP,25,29,90.0,30.0,90.0,150.0,13,140,0.09285714285714286
frequency,Frequency MLP,25,30,90.0,30.0,90.0,180.0,2,140,0.014285714285714285
frequency,Frequency MLP,25,31,90.0,30.0,90.0,210.0,37,140,0.2642857142857143
frequency,Frequency MLP,25,32,90.0,30.0,90.0,240.0,1,140,0.007142857142857143
frequency,Frequency MLP,25,33,90.0,30.0,90.0,270.0,0,140,0.0
frequency,Frequency MLP,25,34,90.0,30.0,90.0,300.0,1,140,0.007142857142857143
frequency,Frequency MLP,25,35,90.0,30.0,90.0,330.0,12,140,0.08571428571428572
frequency,Frequency MLP,25,36,90.0,30.0,120.0,0.0,0,140,0.0
frequency,Frequency MLP,25,37,90.0,30.0,120.0,30.0,0,140,0.0
frequency,Frequency MLP,25,38,90.0,30.0,120.0,60.0,0,140,0.0
frequency,Frequency MLP,25,39,90.0,30.0,120.0,90.0,0,140,0.0
frequency,Frequency MLP,25,40,90.0,30.0,120.0,120.0,0,140,0.0
frequency,Frequency MLP,25,41,90.0,30.0,120.0,150.0,0,140,0.0
frequency,Frequency MLP,25,42,90.0,30.0,120.0,180.0,0,140,0.0
frequency,Frequency MLP,25,43,90.0,30.0,120.0,210.0,0,140,0.0
frequency,Frequency MLP,25,44,90.0,30.0,120.0,240.0,2,140,0.014285714285714285
frequency,Frequency MLP,25,45,90.0,30.0,120.0,270.0,0,140,0.0
frequency,Frequency MLP,25,46,90.0,30.0,120.0,300.0,0,140,0.0
frequency,Frequency MLP,25,47,90.0,30.0,120.0,330.0,0,140,0.0
frequency,Frequency MLP,25,48,90.0,30.0,150.0,0.0,0,140,0.0
frequency,Frequency MLP,25,49,90.0,30.0,150.0,30.0,0,140,0.0
frequency,Frequency MLP,25,50,90.0,30.0,150.0,60.0,0,140,0.0
frequency,Frequency MLP,25,51,90.0,30.0,150.0,90.0,0,140,0.0
frequency,Frequency MLP,25,52,90.0,30.0,150.0,120.0,0,140,0.0
frequency,Frequency MLP,25,53,90.0,30.0,150.0,150.0,0,140,0.0
frequency,Frequency MLP,25,54,90.0,30.0,150.0,180.0,0,140,0.0
frequency,Frequency MLP,25,55,90.0,30.0,150.0,210.0,0,140,0.0
frequency,Frequency MLP,25,56,90.0,30.0,150.0,240.0,0,140,0.0
frequency,Frequency MLP,25,57,90.0,30.0,150.0,270.0,0,140,0.0
frequency,Frequency MLP,25,58,90.0,30.0,150.0,300.0,0,140,0.0
frequency,Frequency MLP,25,59,90.0,30.0,150.0,330.0,0,140,0.0
frequency,Frequency MLP,26,0,90.0,60.0,30.0,0.0,0,140,0.0
frequency,Frequency MLP,26,1,90.0,60.0,30.0,30.0,0,140,0.0
frequency,Frequency MLP,26,2,90.0,60.0,30.0,60.0,0,140,0.0
frequency,Frequency MLP,26,3,90.0,60.0,30.0,90.0,0,140,0.0
frequency,Frequency MLP,26,4,90.0,60.0,30.0,120.0,0,140,0.0
frequency,Frequency MLP,26,5,90.0,60.0,30.0,150.0,0,140,0.0
frequency,Frequency MLP,26,6,90.0,60.0,30.0,180.0,0,140,0.0
frequency,Frequency MLP,26,7,90.0,60.0,30.0,210.0,0,140,0.0
frequency,Frequency MLP,26,8,90.0,60.0,30.0,240.0,0,140,0.0
frequency,Frequency MLP,26,9,90.0,60.0,30.0,270.0,0,140,0.0
frequency,Frequency MLP,26,10,90.0,60.0,30.0,300.0,0,140,0.0
frequency,Frequency MLP,26,11,90.0,60.0,30.0,330.0,0,140,0.0
frequency,Frequency MLP,26,12,90.0,60.0,60.0,0.0,0,140,0.0
frequency,Frequency MLP,26,13,90.0,60.0,60.0,30.0,0,140,0.0
frequency,Frequency MLP,26,14,90.0,60.0,60.0,60.0,0,140,0.0
frequency,Frequency MLP,26,15,90.0,60.0,60.0,90.0,1,140,0.007142857142857143
frequency,Frequency MLP,26,16,90.0,60.0,60.0,120.0,0,140,0.0
frequency,Frequency MLP,26,17,90.0,60.0,60.0,150.0,0,140,0.0
frequency,Frequency MLP,26,18,90.0,60.0,60.0,180.0,0,140,0.0
frequency,Frequency MLP,26,19,90.0,60.0,60.0,210.0,0,140,0.0
frequency,Frequency MLP,26,20,90.0,60.0,60.0,240.0,0,140,0.0
frequency,Frequency MLP,26,21,90.0,60.0,60.0,270.0,5,140,0.03571428571428571
frequency,Frequency MLP,26,22,90.0,60.0,60.0,300.0,0,140,0.0
frequency,Frequency MLP,26,23,90.0,60.0,60.0,330.0,0,140,0.0
frequency,Frequency MLP,26,24,90.0,60.0,90.0,0.0,0,140,0.0
frequency,Frequency MLP,26,25,90.0,60.0,90.0,30.0,0,140,0.0
frequency,Frequency MLP,26,26,90.0,60.0,90.0,60.0,44,140,0.3142857142857143
frequency,Frequency MLP,26,27,90.0,60.0,90.0,90.0,2,140,0.014285714285714285
frequency,Frequency MLP,26,28,90.0,60.0,90.0,120.0,31,140,0.22142857142857142
frequency,Frequency MLP,26,29,90.0,60.0,90.0,150.0,3,140,0.02142857142857143
frequency,Frequency MLP,26,30,90.0,60.0,90.0,180.0,0,140,0.0
frequency,Frequency MLP,26,31,90.0,60.0,90.0,210.0,0,140,0.0
frequency,Frequency MLP,26,32,90.0,60.0,90.0,240.0,37,140,0.2642857142857143
frequency,Frequency MLP,26,33,90.0,60.0,90.0,270.0,1,140,0.007142857142857143
frequency,Frequency MLP,26,34,90.0,60.0,90.0,300.0,8,140,0.05714285714285714
frequency,Frequency MLP,26,35,90.0,60.0,90.0,330.0,1,140,0.007142857142857143
frequency,Frequency MLP,26,36,90.0,60.0,120.0,0.0,0,140,0.0
frequency,Frequency MLP,26,37,90.0,60.0,120.0,30.0,0,140,0.0
frequency,Frequency MLP,26,38,90.0,60.0,120.0,60.0,0,140,0.0
frequency,Frequency MLP,26,39,90.0,60.0,120.0,90.0,0,140,0.0
frequency,Frequency MLP,26,40,90.0,60.0,120.0,120.0,0,140,0.0
frequency,Frequency MLP,26,41,90.0,60.0,120.0,150.0,0,140,0.0
frequency,Frequency MLP,26,42,90.0,60.0,120.0,180.0,0,140,0.0
frequency,Frequency MLP,26,43,90.0,60.0,120.0,210.0,0,140,0.0
frequency,Frequency MLP,26,44,90.0,60.0,120.0,240.0,0,140,0.0
frequency,Frequency MLP,26,45,90.0,60.0,120.0,270.0,7,140,0.05
frequency,Frequency MLP,26,46,90.0,60.0,120.0,300.0,0,140,0.0
frequency,Frequency MLP,26,47,90.0,60.0,120.0,330.0,0,140,0.0
frequency,Frequency MLP,26,48,90.0,60.0,150.0,0.0,0,140,0.0
frequency,Frequency MLP,26,49,90.0,60.0,150.0,30.0,0,140,0.0
frequency,Frequency MLP,26,50,90.0,60.0,150.0,60.0,0,140,0.0
frequency,Frequency MLP,26,51,90.0,60.0,150.0,90.0,0,140,0.0
frequency,Frequency MLP,26,52,90.0,60.0,150.0,120.0,0,140,0.0
frequency,Frequency MLP,26,53,90.0,60.0,150.0,150.0,0,140,0.0
frequency,Frequency MLP,26,54,90.0,60.0,150.0,180.0,0,140,0.0
frequency,Frequency MLP,26,55,90.0,60.0,150.0,210.0,0,140,0.0
frequency,Frequency MLP,26,56,90.0,60.0,150.0,240.0,0,140,0.0
frequency,Frequency MLP,26,57,90.0,60.0,150.0,270.0,0,140,0.0
frequency,Frequency MLP,26,58,90.0,60.0,150.0,300.0,0,140,0.0
frequency,Frequency MLP,26,59,90.0,60.0,150.0,330.0,0,140,0.0
frequency,Frequency MLP,27,0,90.0,90.0,30.0,0.0,0,140,0.0
frequency,Frequency MLP,27,1,90.0,90.0,30.0,30.0,0,140,0.0
frequency,Frequency MLP,27,2,90.0,90.0,30.0,60.0,0,140,0.0
frequency,Frequency MLP,27,3,90.0,90.0,30.0,90.0,0,140,0.0
frequency,Frequency MLP,27,4,90.0,90.0,30.0,120.0,0,140,0.0
frequency,Frequency MLP,27,5,90.0,90.0,30.0,150.0,0,140,0.0
frequency,Frequency MLP,27,6,90.0,90.0,30.0,180.0,0,140,0.0
frequency,Frequency MLP,27,7,90.0,90.0,30.0,210.0,0,140,0.0
frequency,Frequency MLP,27,8,90.0,90.0,30.0,240.0,0,140,0.0
frequency,Frequency MLP,27,9,90.0,90.0,30.0,270.0,0,140,0.0
frequency,Frequency MLP,27,10,90.0,90.0,30.0,300.0,0,140,0.0
frequency,Frequency MLP,27,11,90.0,90.0,30.0,330.0,0,140,0.0
frequency,Frequency MLP,27,12,90.0,90.0,60.0,0.0,0,140,0.0
frequency,Frequency MLP,27,13,90.0,90.0,60.0,30.0,0,140,0.0
frequency,Frequency MLP,27,14,90.0,90.0,60.0,60.0,0,140,0.0
frequency,Frequency MLP,27,15,90.0,90.0,60.0,90.0,0,140,0.0
frequency,Frequency MLP,27,16,90.0,90.0,60.0,120.0,0,140,0.0
frequency,Frequency MLP,27,17,90.0,90.0,60.0,150.0,0,140,0.0
frequency,Frequency MLP,27,18,90.0,90.0,60.0,180.0,0,140,0.0
frequency,Frequency MLP,27,19,90.0,90.0,60.0,210.0,0,140,0.0
frequency,Frequency MLP,27,20,90.0,90.0,60.0,240.0,0,140,0.0
frequency,Frequency MLP,27,21,90.0,90.0,60.0,270.0,0,140,0.0
frequency,Frequency MLP,27,22,90.0,90.0,60.0,300.0,0,140,0.0
frequency,Frequency MLP,27,23,90.0,90.0,60.0,330.0,0,140,0.0
frequency,Frequency MLP,27,24,90.0,90.0,90.0,0.0,0,140,0.0
frequency,Frequency MLP,27,25,90.0,90.0,90.0,30.0,0,140,0.0
frequency,Frequency MLP,27,26,90.0,90.0,90.0,60.0,3,140,0.02142857142857143
frequency,Frequency MLP,27,27,90.0,90.0,90.0,90.0,61,140,0.4357142857142857
frequency,Frequency MLP,27,28,90.0,90.0,90.0,120.0,6,140,0.04285714285714286
frequency,Frequency MLP,27,29,90.0,90.0,90.0,150.0,1,140,0.007142857142857143
frequency,Frequency MLP,27,30,90.0,90.0,90.0,180.0,0,140,0.0
frequency,Frequency MLP,27,31,90.0,90.0,90.0,210.0,0,140,0.0
frequency,Frequency MLP,27,32,90.0,90.0,90.0,240.0,0,140,0.0
frequency,Frequency MLP,27,33,90.0,90.0,90.0,270.0,68,140,0.4857142857142857
frequency,Frequency MLP,27,34,90.0,90.0,90.0,300.0,1,140,0.007142857142857143
frequency,Frequency MLP,27,35,90.0,90.0,90.0,330.0,0,140,0.0
frequency,Frequency MLP,27,36,90.0,90.0,120.0,0.0,0,140,0.0
frequency,Frequency MLP,27,37,90.0,90.0,120.0,30.0,0,140,0.0
frequency,Frequency MLP,27,38,90.0,90.0,120.0,60.0,0,140,0.0
frequency,Frequency MLP,27,39,90.0,90.0,120.0,90.0,0,140,0.0
frequency,Frequency MLP,27,40,90.0,90.0,120.0,120.0,0,140,0.0
frequency,Frequency MLP,27,41,90.0,90.0,120.0,150.0,0,140,0.0
frequency,Frequency MLP,27,42,90.0,90.0,120.0,180.0,0,140,0.0
frequency,Frequency MLP,27,43,90.0,90.0,120.0,210.0,0,140,0.0
frequency,Frequency MLP,27,44,90.0,90.0,120.0,240.0,0,140,0.0
frequency,Frequency MLP,27,45,90.0,90.0,120.0,270.0,0,140,0.0
frequency,Frequency MLP,27,46,90.0,90.0,120.0,300.0,0,140,0.0
frequency,Frequency MLP,27,47,90.0,90.0,120.0,330.0,0,140,0.0
frequency,Frequency MLP,27,48,90.0,90.0,150.0,0.0,0,140,0.0
frequency,Frequency MLP,27,49,90.0,90.0,150.0,30.0,0,140,0.0
frequency,Frequency MLP,27,50,90.0,90.0,150.0,60.0,0,140,0.0
frequency,Frequency MLP,27,51,90.0,90.0,150.0,90.0,0,140,0.0
frequency,Frequency MLP,27,52,90.0,90.0,150.0,120.0,0,140,0.0
frequency,Frequency MLP,27,53,90.0,90.0,150.0,150.0,0,140,0.0
frequency,Frequency MLP,27,54,90.0,90.0,150.0,180.0,0,140,0.0
frequency,Frequency MLP,27,55,90.0,90.0,150.0,210.0,0,140,0.0
frequency,Frequency MLP,27,56,90.0,90.0,150.0,240.0,0,140,0.0
frequency,Frequency MLP,27,57,90.0,90.0,150.0,270.0,0,140,0.0
frequency,Frequency MLP,27,58,90.0,90.0,150.0,300.0,0,140,0.0
frequency,Frequency MLP,27,59,90.0,90.0,150.0,330.0,0,140,0.0
frequency,Frequency MLP,28,0,90.0,120.0,30.0,0.0,0,140,0.0
frequency,Frequency MLP,28,1,90.0,120.0,30.0,30.0,0,140,0.0
frequency,Frequency MLP,28,2,90.0,120.0,30.0,60.0,0,140,0.0
frequency,Frequency MLP,28,3,90.0,120.0,30.0,90.0,0,140,0.0
frequency,Frequency MLP,28,4,90.0,120.0,30.0,120.0,0,140,0.0
frequency,Frequency MLP,28,5,90.0,120.0,30.0,150.0,0,140,0.0
frequency,Frequency MLP,28,6,90.0,120.0,30.0,180.0,0,140,0.0
frequency,Frequency MLP,28,7,90.0,120.0,30.0,210.0,0,140,0.0
frequency,Frequency MLP,28,8,90.0,120.0,30.0,240.0,0,140,0.0
frequency,Frequency MLP,28,9,90.0,120.0,30.0,270.0,0,140,0.0
frequency,Frequency MLP,28,10,90.0,120.0,30.0,300.0,0,140,0.0
frequency,Frequency MLP,28,11,90.0,120.0,30.0,330.0,0,140,0.0
frequency,Frequency MLP,28,12,90.0,120.0,60.0,0.0,0,140,0.0
frequency,Frequency MLP,28,13,90.0,120.0,60.0,30.0,0,140,0.0
frequency,Frequency MLP,28,14,90.0,120.0,60.0,60.0,0,140,0.0
frequency,Frequency MLP,28,15,90.0,120.0,60.0,90.0,2,140,0.014285714285714285
frequency,Frequency MLP,28,16,90.0,120.0,60.0,120.0,1,140,0.007142857142857143
frequency,Frequency MLP,28,17,90.0,120.0,60.0,150.0,0,140,0.0
frequency,Frequency MLP,28,18,90.0,120.0,60.0,180.0,0,140,0.0
frequency,Frequency MLP,28,19,90.0,120.0,60.0,210.0,0,140,0.0
frequency,Frequency MLP,28,20,90.0,120.0,60.0,240.0,0,140,0.0
frequency,Frequency MLP,28,21,90.0,120.0,60.0,270.0,1,140,0.007142857142857143
frequency,Frequency MLP,28,22,90.0,120.0,60.0,300.0,1,140,0.007142857142857143
frequency,Frequency MLP,28,23,90.0,120.0,60.0,330.0,0,140,0.0
frequency,Frequency MLP,28,24,90.0,120.0,90.0,0.0,0,140,0.0
frequency,Frequency MLP,28,25,90.0,120.0,90.0,30.0,0,140,0.0
frequency,Frequency MLP,28,26,90.0,120.0,90.0,60.0,18,140,0.12857142857142856
frequency,Frequency MLP,28,27,90.0,120.0,90.0,90.0,2,140,0.014285714285714285
frequency,Frequency MLP,28,28,90.0,120.0,90.0,120.0,54,140,0.38571428571428573
frequency,Frequency MLP,28,29,90.0,120.0,90.0,150.0,3,140,0.02142857142857143
frequency,Frequency MLP,28,30,90.0,120.0,90.0,180.0,0,140,0.0
frequency,Frequency MLP,28,31,90.0,120.0,90.0,210.0,0,140,0.0
frequency,Frequency MLP,28,32,90.0,120.0,90.0,240.0,21,140,0.15
frequency,Frequency MLP,28,33,90.0,120.0,90.0,270.0,4,140,0.02857142857142857
frequency,Frequency MLP,28,34,90.0,120.0,90.0,300.0,24,140,0.17142857142857143
frequency,Frequency MLP,28,35,90.0,120.0,90.0,330.0,0,140,0.0
frequency,Frequency MLP,28,36,90.0,120.0,120.0,0.0,0,140,0.0
frequency,Frequency MLP,28,37,90.0,120.0,120.0,30.0,0,140,0.0
frequency,Frequency MLP,28,38,90.0,120.0,120.0,60.0,0,140,0.0
frequency,Frequency MLP,28,39,90.0,120.0,120.0,90.0,0,140,0.0
frequency,Frequency MLP,28,40,90.0,120.0,120.0,120.0,1,140,0.007142857142857143
frequency,Frequency MLP,28,41,90.0,120.0,120.0,150.0,0,140,0.0
frequency,Frequency MLP,28,42,90.0,120.0,120.0,180.0,0,140,0.0
frequency,Frequency MLP,28,43,90.0,120.0,120.0,210.0,0,140,0.0
frequency,Frequency MLP,28,44,90.0,120.0,120.0,240.0,0,140,0.0
frequency,Frequency MLP,28,45,90.0,120.0,120.0,270.0,7,140,0.05
frequency,Frequency MLP,28,46,90.0,120.0,120.0,300.0,1,140,0.007142857142857143
frequency,Frequency MLP,28,47,90.0,120.0,120.0,330.0,0,140,0.0
frequency,Frequency MLP,28,48,90.0,120.0,150.0,0.0,0,140,0.0
frequency,Frequency MLP,28,49,90.0,120.0,150.0,30.0,0,140,0.0
frequency,Frequency MLP,28,50,90.0,120.0,150.0,60.0,0,140,0.0
frequency,Frequency MLP,28,51,90.0,120.0,150.0,90.0,0,140,0.0
frequency,Frequency MLP,28,52,90.0,120.0,150.0,120.0,0,140,0.0
frequency,Frequency MLP,28,53,90.0,120.0,150.0,150.0,0,140,0.0
frequency,Frequency MLP,28,54,90.0,120.0,150.0,180.0,0,140,0.0
frequency,Frequency MLP,28,55,90.0,120.0,150.0,210.0,0,140,0.0
frequency,Frequency MLP,28,56,90.0,120.0,150.0,240.0,0,140,0.0
frequency,Frequency MLP,28,57,90.0,120.0,150.0,270.0,0,140,0.0
frequency,Frequency MLP,28,58,90.0,120.0,150.0,300.0,0,140,0.0
frequency,Frequency MLP,28,59,90.0,120.0,150.0,330.0,0,140,0.0
frequency,Frequency MLP,29,0,90.0,150.0,30.0,0.0,0,140,0.0
frequency,Frequency MLP,29,1,90.0,150.0,30.0,30.0,0,140,0.0
frequency,Frequency MLP,29,2,90.0,150.0,30.0,60.0,0,140,0.0
frequency,Frequency MLP,29,3,90.0,150.0,30.0,90.0,0,140,0.0
frequency,Frequency MLP,29,4,90.0,150.0,30.0,120.0,0,140,0.0
frequency,Frequency MLP,29,5,90.0,150.0,30.0,150.0,0,140,0.0
frequency,Frequency MLP,29,6,90.0,150.0,30.0,180.0,0,140,0.0
frequency,Frequency MLP,29,7,90.0,150.0,30.0,210.0,1,140,0.007142857142857143
frequency,Frequency MLP,29,8,90.0,150.0,30.0,240.0,0,140,0.0
frequency,Frequency MLP,29,9,90.0,150.0,30.0,270.0,0,140,0.0
frequency,Frequency MLP,29,10,90.0,150.0,30.0,300.0,0,140,0.0
frequency,Frequency MLP,29,11,90.0,150.0,30.0,330.0,0,140,0.0
frequency,Frequency MLP,29,12,90.0,150.0,60.0,0.0,0,140,0.0
frequency,Frequency MLP,29,13,90.0,150.0,60.0,30.0,0,140,0.0
frequency,Frequency MLP,29,14,90.0,150.0,60.0,60.0,0,140,0.0
frequency,Frequency MLP,29,15,90.0,150.0,60.0,90.0,0,140,0.0
frequency,Frequency MLP,29,16,90.0,150.0,60.0,120.0,0,140,0.0
frequency,Frequency MLP,29,17,90.0,150.0,60.0,150.0,0,140,0.0
frequency,Frequency MLP,29,18,90.0,150.0,60.0,180.0,0,140,0.0
frequency,Frequency MLP,29,19,90.0,150.0,60.0,210.0,0,140,0.0
frequency,Frequency MLP,29,20,90.0,150.0,60.0,240.0,4,140,0.02857142857142857
frequency,Frequency MLP,29,21,90.0,150.0,60.0,270.0,0,140,0.0
frequency,Frequency MLP,29,22,90.0,150.0,60.0,300.0,0,140,0.0
frequency,Frequency MLP,29,23,90.0,150.0,60.0,330.0,0,140,0.0
frequency,Frequency MLP,29,24,90.0,150.0,90.0,0.0,5,140,0.03571428571428571
frequency,Frequency MLP,29,25,90.0,150.0,90.0,30.0,21,140,0.15
frequency,Frequency MLP,29,26,90.0,150.0,90.0,60.0,0,140,0.0
frequency,Frequency MLP,29,27,90.0,150.0,90.0,90.0,0,140,0.0
frequency,Frequency MLP,29,28,90.0,150.0,90.0,120.0,0,140,0.0
frequency,Frequency MLP,29,29,90.0,150.0,90.0,150.0,42,140,0.3
frequency,Frequency MLP,29,30,90.0,150.0,90.0,180.0,5,140,0.03571428571428571
frequency,Frequency MLP,29,31,90.0,150.0,90.0,210.0,24,140,0.17142857142857143
frequency,Frequency MLP,29,32,90.0,150.0,90.0,240.0,0,140,0.0
frequency,Frequency MLP,29,33,90.0,150.0,90.0,270.0,0,140,0.0
frequency,Frequency MLP,29,34,90.0,150.0,90.0,300.0,0,140,0.0
frequency,Frequency MLP,29,35,90.0,150.0,90.0,330.0,35,140,0.25
frequency,Frequency MLP,29,36,90.0,150.0,120.0,0.0,0,140,0.0
frequency,Frequency MLP,29,37,90.0,150.0,120.0,30.0,0,140,0.0
frequency,Frequency MLP,29,38,90.0,150.0,120.0,60.0,0,140,0.0
frequency,Frequency MLP,29,39,90.0,150.0,120.0,90.0,0,140,0.0
frequency,Frequency MLP,29,40,90.0,150.0,120.0,120.0,0,140,0.0
frequency,Frequency MLP,29,41,90.0,150.0,120.0,150.0,0,140,0.0
frequency,Frequency MLP,29,42,90.0,150.0,120.0,180.0,0,140,0.0
frequency,Frequency MLP,29,43,90.0,150.0,120.0,210.0,0,140,0.0
frequency,Frequency MLP,29,44,90.0,150.0,120.0,240.0,2,140,0.014285714285714285
frequency,Frequency MLP,29,45,90.0,150.0,120.0,270.0,1,140,0.007142857142857143
frequency,Frequency MLP,29,46,90.0,150.0,120.0,300.0,0,140,0.0
frequency,Frequency MLP,29,47,90.0,150.0,120.0,330.0,0,140,0.0
frequency,Frequency MLP,29,48,90.0,150.0,150.0,0.0,0,140,0.0
frequency,Frequency MLP,29,49,90.0,150.0,150.0,30.0,0,140,0.0
frequency,Frequency MLP,29,50,90.0,150.0,150.0,60.0,0,140,0.0
frequency,Frequency MLP,29,51,90.0,150.0,150.0,90.0,0,140,0.0
frequency,Frequency MLP,29,52,90.0,150.0,150.0,120.0,0,140,0.0
frequency,Frequency MLP,29,53,90.0,150.0,150.0,150.0,0,140,0.0
frequency,Frequency MLP,29,54,90.0,150.0,150.0,180.0,0,140,0.0
frequency,Frequency MLP,29,55,90.0,150.0,150.0,210.0,0,140,0.0
frequency,Frequency MLP,29,56,90.0,150.0,150.0,240.0,0,140,0.0
frequency,Frequency MLP,29,57,90.0,150.0,150.0,270.0,0,140,0.0
frequency,Frequency MLP,29,58,90.0,150.0,150.0,300.0,0,140,0.0
frequency,Frequency MLP,29,59,90.0,150.0,150.0,330.0,0,140,0.0
frequency,Frequency MLP,30,0,90.0,180.0,30.0,0.0,0,140,0.0
frequency,Frequency MLP,30,1,90.0,180.0,30.0,30.0,0,140,0.0
frequency,Frequency MLP,30,2,90.0,180.0,30.0,60.0,0,140,0.0
frequency,Frequency MLP,30,3,90.0,180.0,30.0,90.0,0,140,0.0
frequency,Frequency MLP,30,4,90.0,180.0,30.0,120.0,0,140,0.0
frequency,Frequency MLP,30,5,90.0,180.0,30.0,150.0,0,140,0.0
frequency,Frequency MLP,30,6,90.0,180.0,30.0,180.0,0,140,0.0
frequency,Frequency MLP,30,7,90.0,180.0,30.0,210.0,1,140,0.007142857142857143
frequency,Frequency MLP,30,8,90.0,180.0,30.0,240.0,0,140,0.0
frequency,Frequency MLP,30,9,90.0,180.0,30.0,270.0,0,140,0.0
frequency,Frequency MLP,30,10,90.0,180.0,30.0,300.0,0,140,0.0
frequency,Frequency MLP,30,11,90.0,180.0,30.0,330.0,0,140,0.0
frequency,Frequency MLP,30,12,90.0,180.0,60.0,0.0,0,140,0.0
frequency,Frequency MLP,30,13,90.0,180.0,60.0,30.0,0,140,0.0
frequency,Frequency MLP,30,14,90.0,180.0,60.0,60.0,0,140,0.0
frequency,Frequency MLP,30,15,90.0,180.0,60.0,90.0,0,140,0.0
frequency,Frequency MLP,30,16,90.0,180.0,60.0,120.0,2,140,0.014285714285714285
frequency,Frequency MLP,30,17,90.0,180.0,60.0,150.0,0,140,0.0
frequency,Frequency MLP,30,18,90.0,180.0,60.0,180.0,0,140,0.0
frequency,Frequency MLP,30,19,90.0,180.0,60.0,210.0,1,140,0.007142857142857143
frequency,Frequency MLP,30,20,90.0,180.0,60.0,240.0,0,140,0.0
frequency,Frequency MLP,30,21,90.0,180.0,60.0,270.0,0,140,0.0
frequency,Frequency MLP,30,22,90.0,180.0,60.0,300.0,2,140,0.014285714285714285
frequency,Frequency MLP,30,23,90.0,180.0,60.0,330.0,0,140,0.0
frequency,Frequency MLP,30,24,90.0,180.0,90.0,0.0,63,140,0.45
frequency,Frequency MLP,30,25,90.0,180.0,90.0,30.0,3,140,0.02142857142857143
frequency,Frequency MLP,30,26,90.0,180.0,90.0,60.0,0,140,0.0
frequency,Frequency MLP,30,27,90.0,180.0,90.0,90.0,0,140,0.0
frequency,Frequency MLP,30,28,90.0,180.0,90.0,120.0,0,140,0.0
frequency,Frequency MLP,30,29,90.0,180.0,90.0,150.0,2,140,0.014285714285714285
frequency,Frequency MLP,30,30,90.0,180.0,90.0,180.0,58,140,0.4142857142857143
frequency,Frequency MLP,30,31,90.0,180.0,90.0,210.0,4,140,0.02857142857142857
frequency,Frequency MLP,30,32,90.0,180.0,90.0,240.0,1,140,0.007142857142857143
frequency,Frequency MLP,30,33,90.0,180.0,90.0,270.0,0,140,0.0
frequency,Frequency MLP,30,34,90.0,180.0,90.0,300.0,1,140,0.007142857142857143
frequency,Frequency MLP,30,35,90.0,180.0,90.0,330.0,2,140,0.014285714285714285
frequency,Frequency MLP,30,36,90.0,180.0,120.0,0.0,0,140,0.0
frequency,Frequency MLP,30,37,90.0,180.0,120.0,30.0,0,140,0.0
frequency,Frequency MLP,30,38,90.0,180.0,120.0,60.0,0,140,0.0
frequency,Frequency MLP,30,39,90.0,180.0,120.0,90.0,0,140,0.0
frequency,Frequency MLP,30,40,90.0,180.0,120.0,120.0,0,140,0.0
frequency,Frequency MLP,30,41,90.0,180.0,120.0,150.0,0,140,0.0
frequency,Frequency MLP,30,42,90.0,180.0,120.0,180.0,0,140,0.0
frequency,Frequency MLP,30,43,90.0,180.0,120.0,210.0,0,140,0.0
frequency,Frequency MLP,30,44,90.0,180.0,120.0,240.0,0,140,0.0
frequency,Frequency MLP,30,45,90.0,180.0,120.0,270.0,0,140,0.0
frequency,Frequency MLP,30,46,90.0,180.0,120.0,300.0,0,140,0.0
frequency,Frequency MLP,30,47,90.0,180.0,120.0,330.0,0,140,0.0
frequency,Frequency MLP,30,48,90.0,180.0,150.0,0.0,0,140,0.0
frequency,Frequency MLP,30,49,90.0,180.0,150.0,30.0,0,140,0.0
frequency,Frequency MLP,30,50,90.0,180.0,150.0,60.0,0,140,0.0
frequency,Frequency MLP,30,51,90.0,180.0,150.0,90.0,0,140,0.0
frequency,Frequency MLP,30,52,90.0,180.0,150.0,120.0,0,140,0.0
frequency,Frequency MLP,30,53,90.0,180.0,150.0,150.0,0,140,0.0
frequency,Frequency MLP,30,54,90.0,180.0,150.0,180.0,0,140,0.0
frequency,Frequency MLP,30,55,90.0,180.0,150.0,210.0,0,140,0.0
frequency,Frequency MLP,30,56,90.0,180.0,150.0,240.0,0,140,0.0
frequency,Frequency MLP,30,57,90.0,180.0,150.0,270.0,0,140,0.0
frequency,Frequency MLP,30,58,90.0,180.0,150.0,300.0,0,140,0.0
frequency,Frequency MLP,30,59,90.0,180.0,150.0,330.0,0,140,0.0
frequency,Frequency MLP,31,0,90.0,210.0,30.0,0.0,0,140,0.0
frequency,Frequency MLP,31,1,90.0,210.0,30.0,30.0,0,140,0.0
frequency,Frequency MLP,31,2,90.0,210.0,30.0,60.0,0,140,0.0
frequency,Frequency MLP,31,3,90.0,210.0,30.0,90.0,0,140,0.0
frequency,Frequency MLP,31,4,90.0,210.0,30.0,120.0,0,140,0.0
frequency,Frequency MLP,31,5,90.0,210.0,30.0,150.0,0,140,0.0
frequency,Frequency MLP,31,6,90.0,210.0,30.0,180.0,0,140,0.0
frequency,Frequency MLP,31,7,90.0,210.0,30.0,210.0,1,140,0.007142857142857143
frequency,Frequency MLP,31,8,90.0,210.0,30.0,240.0,0,140,0.0
frequency,Frequency MLP,31,9,90.0,210.0,30.0,270.0,0,140,0.0
frequency,Frequency MLP,31,10,90.0,210.0,30.0,300.0,0,140,0.0
frequency,Frequency MLP,31,11,90.0,210.0,30.0,330.0,0,140,0.0
frequency,Frequency MLP,31,12,90.0,210.0,60.0,0.0,0,140,0.0
frequency,Frequency MLP,31,13,90.0,210.0,60.0,30.0,0,140,0.0
frequency,Frequency MLP,31,14,90.0,210.0,60.0,60.0,0,140,0.0
frequency,Frequency MLP,31,15,90.0,210.0,60.0,90.0,0,140,0.0
frequency,Frequency MLP,31,16,90.0,210.0,60.0,120.0,2,140,0.014285714285714285
frequency,Frequency MLP,31,17,90.0,210.0,60.0,150.0,0,140,0.0
frequency,Frequency MLP,31,18,90.0,210.0,60.0,180.0,0,140,0.0
frequency,Frequency MLP,31,19,90.0,210.0,60.0,210.0,0,140,0.0
frequency,Frequency MLP,31,20,90.0,210.0,60.0,240.0,4,140,0.02857142857142857
frequency,Frequency MLP,31,21,90.0,210.0,60.0,270.0,0,140,0.0
frequency,Frequency MLP,31,22,90.0,210.0,60.0,300.0,0,140,0.0
frequency,Frequency MLP,31,23,90.0,210.0,60.0,330.0,0,140,0.0
frequency,Frequency MLP,31,24,90.0,210.0,90.0,0.0,2,140,0.014285714285714285
frequency,Frequency MLP,31,25,90.0,210.0,90.0,30.0,33,140,0.2357142857142857
frequency,Frequency MLP,31,26,90.0,210.0,90.0,60.0,2,140,0.014285714285714285
frequency,Frequency MLP,31,27,90.0,210.0,90.0,90.0,0,140,0.0
frequency,Frequency MLP,31,28,90.0,210.0,90.0,120.0,0,140,0.0
frequency,Frequency MLP,31,29,90.0,210.0,90.0,150.0,7,140,0.05
frequency,Frequency MLP,31,30,90.0,210.0,90.0,180.0,2,140,0.014285714285714285
frequency,Frequency MLP,31,31,90.0,210.0,90.0,210.0,71,140,0.5071428571428571
frequency,Frequency MLP,31,32,90.0,210.0,90.0,240.0,0,140,0.0
frequency,Frequency MLP,31,33,90.0,210.0,90.0,270.0,0,140,0.0
frequency,Frequency MLP,31,34,90.0,210.0,90.0,300.0,0,140,0.0
frequency,Frequency MLP,31,35,90.0,210.0,90.0,330.0,15,140,0.10714285714285714
frequency,Frequency MLP,31,36,90.0,210.0,120.0,0.0,0,140,0.0
frequency,Frequency MLP,31,37,90.0,210.0,120.0,30.0,0,140,0.0
frequency,Frequency MLP,31,38,90.0,210.0,120.0,60.0,0,140,0.0
frequency,Frequency MLP,31,39,90.0,210.0,120.0,90.0,0,140,0.0
frequency,Frequency MLP,31,40,90.0,210.0,120.0,120.0,0,140,0.0
frequency,Frequency MLP,31,41,90.0,210.0,120.0,150.0,0,140,0.0
frequency,Frequency MLP,31,42,90.0,210.0,120.0,180.0,0,140,0.0
frequency,Frequency MLP,31,43,90.0,210.0,120.0,210.0,0,140,0.0
frequency,Frequency MLP,31,44,90.0,210.0,120.0,240.0,1,140,0.007142857142857143
frequency,Frequency MLP,31,45,90.0,210.0,120.0,270.0,0,140,0.0
frequency,Frequency MLP,31,46,90.0,210.0,120.0,300.0,0,140,0.0
frequency,Frequency MLP,31,47,90.0,210.0,120.0,330.0,0,140,0.0
frequency,Frequency MLP,31,48,90.0,210.0,150.0,0.0,0,140,0.0
frequency,Frequency MLP,31,49,90.0,210.0,150.0,30.0,0,140,0.0
frequency,Frequency MLP,31,50,90.0,210.0,150.0,60.0,0,140,0.0
frequency,Frequency MLP,31,51,90.0,210.0,150.0,90.0,0,140,0.0
frequency,Frequency MLP,31,52,90.0,210.0,150.0,120.0,0,140,0.0
frequency,Frequency MLP,31,53,90.0,210.0,150.0,150.0,0,140,0.0
frequency,Frequency MLP,31,54,90.0,210.0,150.0,180.0,0,140,0.0
frequency,Frequency MLP,31,55,90.0,210.0,150.0,210.0,0,140,0.0
frequency,Frequency MLP,31,56,90.0,210.0,150.0,240.0,0,140,0.0
frequency,Frequency MLP,31,57,90.0,210.0,150.0,270.0,0,140,0.0
frequency,Frequency MLP,31,58,90.0,210.0,150.0,300.0,0,140,0.0
frequency,Frequency MLP,31,59,90.0,210.0,150.0,330.0,0,140,0.0
frequency,Frequency MLP,32,0,90.0,240.0,30.0,0.0,0,140,0.0
frequency,Frequency MLP,32,1,90.0,240.0,30.0,30.0,0,140,0.0
frequency,Frequency MLP,32,2,90.0,240.0,30.0,60.0,0,140,0.0
frequency,Frequency MLP,32,3,90.0,240.0,30.0,90.0,0,140,0.0
frequency,Frequency MLP,32,4,90.0,240.0,30.0,120.0,0,140,0.0
frequency,Frequency MLP,32,5,90.0,240.0,30.0,150.0,0,140,0.0
frequency,Frequency MLP,32,6,90.0,240.0,30.0,180.0,0,140,0.0
frequency,Frequency MLP,32,7,90.0,240.0,30.0,210.0,0,140,0.0
frequency,Frequency MLP,32,8,90.0,240.0,30.0,240.0,0,140,0.0
frequency,Frequency MLP,32,9,90.0,240.0,30.0,270.0,0,140,0.0
frequency,Frequency MLP,32,10,90.0,240.0,30.0,300.0,0,140,0.0
frequency,Frequency MLP,32,11,90.0,240.0,30.0,330.0,0,140,0.0
frequency,Frequency MLP,32,12,90.0,240.0,60.0,0.0,0,140,0.0
frequency,Frequency MLP,32,13,90.0,240.0,60.0,30.0,0,140,0.0
frequency,Frequency MLP,32,14,90.0,240.0,60.0,60.0,0,140,0.0
frequency,Frequency MLP,32,15,90.0,240.0,60.0,90.0,1,140,0.007142857142857143
frequency,Frequency MLP,32,16,90.0,240.0,60.0,120.0,0,140,0.0
frequency,Frequency MLP,32,17,90.0,240.0,60.0,150.0,0,140,0.0
frequency,Frequency MLP,32,18,90.0,240.0,60.0,180.0,0,140,0.0
frequency,Frequency MLP,32,19,90.0,240.0,60.0,210.0,0,140,0.0
frequency,Frequency MLP,32,20,90.0,240.0,60.0,240.0,0,140,0.0
frequency,Frequency MLP,32,21,90.0,240.0,60.0,270.0,6,140,0.04285714285714286
frequency,Frequency MLP,32,22,90.0,240.0,60.0,300.0,0,140,0.0
frequency,Frequency MLP,32,23,90.0,240.0,60.0,330.0,0,140,0.0
frequency,Frequency MLP,32,24,90.0,240.0,90.0,0.0,0,140,0.0
frequency,Frequency MLP,32,25,90.0,240.0,90.0,30.0,0,140,0.0
frequency,Frequency MLP,32,26,90.0,240.0,90.0,60.0,13,140,0.09285714285714286
frequency,Frequency MLP,32,27,90.0,240.0,90.0,90.0,1,140,0.007142857142857143
frequency,Frequency MLP,32,28,90.0,240.0,90.0,120.0,22,140,0.15714285714285714
frequency,Frequency MLP,32,29,90.0,240.0,90.0,150.0,3,140,0.02142857142857143
frequency,Frequency MLP,32,30,90.0,240.0,90.0,180.0,0,140,0.0
frequency,Frequency MLP,32,31,90.0,240.0,90.0,210.0,1,140,0.007142857142857143
frequency,Frequency MLP,32,32,90.0,240.0,90.0,240.0,69,140,0.4928571428571429
frequency,Frequency MLP,32,33,90.0,240.0,90.0,270.0,1,140,0.007142857142857143
frequency,Frequency MLP,32,34,90.0,240.0,90.0,300.0,16,140,0.11428571428571428
frequency,Frequency MLP,32,35,90.0,240.0,90.0,330.0,1,140,0.007142857142857143
frequency,Frequency MLP,32,36,90.0,240.0,120.0,0.0,0,140,0.0
frequency,Frequency MLP,32,37,90.0,240.0,120.0,30.0,0,140,0.0
frequency,Frequency MLP,32,38,90.0,240.0,120.0,60.0,0,140,0.0
frequency,Frequency MLP,32,39,90.0,240.0,120.0,90.0,0,140,0.0
frequency,Frequency MLP,32,40,90.0,240.0,120.0,120.0,0,140,0.0
frequency,Frequency MLP,32,41,90.0,240.0,120.0,150.0,0,140,0.0
frequency,Frequency MLP,32,42,90.0,240.0,120.0,180.0,0,140,0.0
frequency,Frequency MLP,32,43,90.0,240.0,120.0,210.0,0,140,0.0
frequency,Frequency MLP,32,44,90.0,240.0,120.0,240.0,0,140,0.0
frequency,Frequency MLP,32,45,90.0,240.0,120.0,270.0,6,140,0.04285714285714286
frequency,Frequency MLP,32,46,90.0,240.0,120.0,300.0,0,140,0.0
frequency,Frequency MLP,32,47,90.0,240.0,120.0,330.0,0,140,0.0
frequency,Frequency MLP,32,48,90.0,240.0,150.0,0.0,0,140,0.0
frequency,Frequency MLP,32,49,90.0,240.0,150.0,30.0,0,140,0.0
frequency,Frequency MLP,32,50,90.0,240.0,150.0,60.0,0,140,0.0
frequency,Frequency MLP,32,51,90.0,240.0,150.0,90.0,0,140,0.0
frequency,Frequency MLP,32,52,90.0,240.0,150.0,120.0,0,140,0.0
frequency,Frequency MLP,32,53,90.0,240.0,150.0,150.0,0,140,0.0
frequency,Frequency MLP,32,54,90.0,240.0,150.0,180.0,0,140,0.0
frequency,Frequency MLP,32,55,90.0,240.0,150.0,210.0,0,140,0.0
frequency,Frequency MLP,32,56,90.0,240.0,150.0,240.0,0,140,0.0
frequency,Frequency MLP,32,57,90.0,240.0,150.0,270.0,0,140,0.0
frequency,Frequency MLP,32,58,90.0,240.0,150.0,300.0,0,140,0.0
frequency,Frequency MLP,32,59,90.0,240.0,150.0,330.0,0,140,0.0
frequency,Frequency MLP,33,0,90.0,270.0,30.0,0.0,0,140,0.0
frequency,Frequency MLP,33,1,90.0,270.0,30.0,30.0,0,140,0.0
frequency,Frequency MLP,33,2,90.0,270.0,30.0,60.0,0,140,0.0
frequency,Frequency MLP,33,3,90.0,270.0,30.0,90.0,0,140,0.0
frequency,Frequency MLP,33,4,90.0,270.0,30.0,120.0,0,140,0.0
frequency,Frequency MLP,33,5,90.0,270.0,30.0,150.0,0,140,0.0
frequency,Frequency MLP,33,6,90.0,270.0,30.0,180.0,0,140,0.0
frequency,Frequency MLP,33,7,90.0,270.0,30.0,210.0,0,140,0.0
frequency,Frequency MLP,33,8,90.0,270.0,30.0,240.0,0,140,0.0
frequency,Frequency MLP,33,9,90.0,270.0,30.0,270.0,0,140,0.0
frequency,Frequency MLP,33,10,90.0,270.0,30.0,300.0,0,140,0.0
frequency,Frequency MLP,33,11,90.0,270.0,30.0,330.0,0,140,0.0
frequency,Frequency MLP,33,12,90.0,270.0,60.0,0.0,0,140,0.0
frequency,Frequency MLP,33,13,90.0,270.0,60.0,30.0,0,140,0.0
frequency,Frequency MLP,33,14,90.0,270.0,60.0,60.0,0,140,0.0
frequency,Frequency MLP,33,15,90.0,270.0,60.0,90.0,0,140,0.0
frequency,Frequency MLP,33,16,90.0,270.0,60.0,120.0,0,140,0.0
frequency,Frequency MLP,33,17,90.0,270.0,60.0,150.0,0,140,0.0
frequency,Frequency MLP,33,18,90.0,270.0,60.0,180.0,0,140,0.0
frequency,Frequency MLP,33,19,90.0,270.0,60.0,210.0,0,140,0.0
frequency,Frequency MLP,33,20,90.0,270.0,60.0,240.0,0,140,0.0
frequency,Frequency MLP,33,21,90.0,270.0,60.0,270.0,0,140,0.0
frequency,Frequency MLP,33,22,90.0,270.0,60.0,300.0,0,140,0.0
frequency,Frequency MLP,33,23,90.0,270.0,60.0,330.0,0,140,0.0
frequency,Frequency MLP,33,24,90.0,270.0,90.0,0.0,0,140,0.0
frequency,Frequency MLP,33,25,90.0,270.0,90.0,30.0,0,140,0.0
frequency,Frequency MLP,33,26,90.0,270.0,90.0,60.0,3,140,0.02142857142857143
frequency,Frequency MLP,33,27,90.0,270.0,90.0,90.0,30,140,0.21428571428571427
frequency,Frequency MLP,33,28,90.0,270.0,90.0,120.0,7,140,0.05
frequency,Frequency MLP,33,29,90.0,270.0,90.0,150.0,0,140,0.0
frequency,Frequency MLP,33,30,90.0,270.0,90.0,180.0,0,140,0.0
frequency,Frequency MLP,33,31,90.0,270.0,90.0,210.0,0,140,0.0
frequency,Frequency MLP,33,32,90.0,270.0,90.0,240.0,0,140,0.0
frequency,Frequency MLP,33,33,90.0,270.0,90.0,270.0,98,140,0.7
frequency,Frequency MLP,33,34,90.0,270.0,90.0,300.0,2,140,0.014285714285714285
frequency,Frequency MLP,33,35,90.0,270.0,90.0,330.0,0,140,0.0
frequency,Frequency MLP,33,36,90.0,270.0,120.0,0.0,0,140,0.0
frequency,Frequency MLP,33,37,90.0,270.0,120.0,30.0,0,140,0.0
frequency,Frequency MLP,33,38,90.0,270.0,120.0,60.0,0,140,0.0
frequency,Frequency MLP,33,39,90.0,270.0,120.0,90.0,0,140,0.0
frequency,Frequency MLP,33,40,90.0,270.0,120.0,120.0,0,140,0.0
frequency,Frequency MLP,33,41,90.0,270.0,120.0,150.0,0,140,0.0
frequency,Frequency MLP,33,42,90.0,270.0,120.0,180.0,0,140,0.0
frequency,Frequency MLP,33,43,90.0,270.0,120.0,210.0,0,140,0.0
frequency,Frequency MLP,33,44,90.0,270.0,120.0,240.0,0,140,0.0
frequency,Frequency MLP,33,45,90.0,270.0,120.0,270.0,0,140,0.0
frequency,Frequency MLP,33,46,90.0,270.0,120.0,300.0,0,140,0.0
frequency,Frequency MLP,33,47,90.0,270.0,120.0,330.0,0,140,0.0
frequency,Frequency MLP,33,48,90.0,270.0,150.0,0.0,0,140,0.0
frequency,Frequency MLP,33,49,90.0,270.0,150.0,30.0,0,140,0.0
frequency,Frequency MLP,33,50,90.0,270.0,150.0,60.0,0,140,0.0
frequency,Frequency MLP,33,51,90.0,270.0,150.0,90.0,0,140,0.0
frequency,Frequency MLP,33,52,90.0,270.0,150.0,120.0,0,140,0.0
frequency,Frequency MLP,33,53,90.0,270.0,150.0,150.0,0,140,0.0
frequency,Frequency MLP,33,54,90.0,270.0,150.0,180.0,0,140,0.0
frequency,Frequency MLP,33,55,90.0,270.0,150.0,210.0,0,140,0.0
frequency,Frequency MLP,33,56,90.0,270.0,150.0,240.0,0,140,0.0
frequency,Frequency MLP,33,57,90.0,270.0,150.0,270.0,0,140,0.0
frequency,Frequency MLP,33,58,90.0,270.0,150.0,300.0,0,140,0.0
frequency,Frequency MLP,33,59,90.0,270.0,150.0,330.0,0,140,0.0
frequency,Frequency MLP,34,0,90.0,300.0,30.0,0.0,0,140,0.0
frequency,Frequency MLP,34,1,90.0,300.0,30.0,30.0,0,140,0.0
frequency,Frequency MLP,34,2,90.0,300.0,30.0,60.0,0,140,0.0
frequency,Frequency MLP,34,3,90.0,300.0,30.0,90.0,0,140,0.0
frequency,Frequency MLP,34,4,90.0,300.0,30.0,120.0,0,140,0.0
frequency,Frequency MLP,34,5,90.0,300.0,30.0,150.0,0,140,0.0
frequency,Frequency MLP,34,6,90.0,300.0,30.0,180.0,0,140,0.0
frequency,Frequency MLP,34,7,90.0,300.0,30.0,210.0,0,140,0.0
frequency,Frequency MLP,34,8,90.0,300.0,30.0,240.0,0,140,0.0
frequency,Frequency MLP,34,9,90.0,300.0,30.0,270.0,0,140,0.0
frequency,Frequency MLP,34,10,90.0,300.0,30.0,300.0,0,140,0.0
frequency,Frequency MLP,34,11,90.0,300.0,30.0,330.0,0,140,0.0
frequency,Frequency MLP,34,12,90.0,300.0,60.0,0.0,0,140,0.0
frequency,Frequency MLP,34,13,90.0,300.0,60.0,30.0,0,140,0.0
frequency,Frequency MLP,34,14,90.0,300.0,60.0,60.0,0,140,0.0
frequency,Frequency MLP,34,15,90.0,300.0,60.0,90.0,4,140,0.02857142857142857
frequency,Frequency MLP,34,16,90.0,300.0,60.0,120.0,1,140,0.007142857142857143
frequency,Frequency MLP,34,17,90.0,300.0,60.0,150.0,0,140,0.0
frequency,Frequency MLP,34,18,90.0,300.0,60.0,180.0,0,140,0.0
frequency,Frequency MLP,34,19,90.0,300.0,60.0,210.0,0,140,0.0
frequency,Frequency MLP,34,20,90.0,300.0,60.0,240.0,1,140,0.007142857142857143
frequency,Frequency MLP,34,21,90.0,300.0,60.0,270.0,4,140,0.02857142857142857
frequency,Frequency MLP,34,22,90.0,300.0,60.0,300.0,0,140,0.0
frequency,Frequency MLP,34,23,90.0,300.0,60.0,330.0,0,140,0.0
frequency,Frequency MLP,34,24,90.0,300.0,90.0,0.0,0,140,0.0
frequency,Frequency MLP,34,25,90.0,300.0,90.0,30.0,0,140,0.0
frequency,Frequency MLP,34,26,90.0,300.0,90.0,60.0,3,140,0.02142857142857143
frequency,Frequency MLP,34,27,90.0,300.0,90.0,90.0,3,140,0.02142857142857143
frequency,Frequency MLP,34,28,90.0,300.0,90.0,120.0,20,140,0.14285714285714285
frequency,Frequency MLP,34,29,90.0,300.0,90.0,150.0,4,140,0.02857142857142857
frequency,Frequency MLP,34,30,90.0,300.0,90.0,180.0,0,140,0.0
frequency,Frequency MLP,34,31,90.0,300.0,90.0,210.0,0,140,0.0
frequency,Frequency MLP,34,32,90.0,300.0,90.0,240.0,30,140,0.21428571428571427
frequency,Frequency MLP,34,33,90.0,300.0,90.0,270.0,2,140,0.014285714285714285
frequency,Frequency MLP,34,34,90.0,300.0,90.0,300.0,62,140,0.44285714285714284
frequency,Frequency MLP,34,35,90.0,300.0,90.0,330.0,0,140,0.0
frequency,Frequency MLP,34,36,90.0,300.0,120.0,0.0,0,140,0.0
frequency,Frequency MLP,34,37,90.0,300.0,120.0,30.0,0,140,0.0
frequency,Frequency MLP,34,38,90.0,300.0,120.0,60.0,0,140,0.0
frequency,Frequency MLP,34,39,90.0,300.0,120.0,90.0,0,140,0.0
frequency,Frequency MLP,34,40,90.0,300.0,120.0,120.0,0,140,0.0
frequency,Frequency MLP,34,41,90.0,300.0,120.0,150.0,0,140,0.0
frequency,Frequency MLP,34,42,90.0,300.0,120.0,180.0,0,140,0.0
frequency,Frequency MLP,34,43,90.0,300.0,120.0,210.0,0,140,0.0
frequency,Frequency MLP,34,44,90.0,300.0,120.0,240.0,0,140,0.0
frequency,Frequency MLP,34,45,90.0,300.0,120.0,270.0,6,140,0.04285714285714286
frequency,Frequency MLP,34,46,90.0,300.0,120.0,300.0,0,140,0.0
frequency,Frequency MLP,34,47,90.0,300.0,120.0,330.0,0,140,0.0
frequency,Frequency MLP,34,48,90.0,300.0,150.0,0.0,0,140,0.0
frequency,Frequency MLP,34,49,90.0,300.0,150.0,30.0,0,140,0.0
frequency,Frequency MLP,34,50,90.0,300.0,150.0,60.0,0,140,0.0
frequency,Frequency MLP,34,51,90.0,300.0,150.0,90.0,0,140,0.0
frequency,Frequency MLP,34,52,90.0,300.0,150.0,120.0,0,140,0.0
frequency,Frequency MLP,34,53,90.0,300.0,150.0,150.0,0,140,0.0
frequency,Frequency MLP,34,54,90.0,300.0,150.0,180.0,0,140,0.0
frequency,Frequency MLP,34,55,90.0,300.0,150.0,210.0,0,140,0.0
frequency,Frequency MLP,34,56,90.0,300.0,150.0,240.0,0,140,0.0
frequency,Frequency MLP,34,57,90.0,300.0,150.0,270.0,0,140,0.0
frequency,Frequency MLP,34,58,90.0,300.0,150.0,300.0,0,140,0.0
frequency,Frequency MLP,34,59,90.0,300.0,150.0,330.0,0,140,0.0
frequency,Frequency MLP,35,0,90.0,330.0,30.0,0.0,0,140,0.0
frequency,Frequency MLP,35,1,90.0,330.0,30.0,30.0,0,140,0.0
frequency,Frequency MLP,35,2,90.0,330.0,30.0,60.0,0,140,0.0
frequency,Frequency MLP,35,3,90.0,330.0,30.0,90.0,0,140,0.0
frequency,Frequency MLP,35,4,90.0,330.0,30.0,120.0,0,140,0.0
frequency,Frequency MLP,35,5,90.0,330.0,30.0,150.0,0,140,0.0
frequency,Frequency MLP,35,6,90.0,330.0,30.0,180.0,0,140,0.0
frequency,Frequency MLP,35,7,90.0,330.0,30.0,210.0,0,140,0.0
frequency,Frequency MLP,35,8,90.0,330.0,30.0,240.0,0,140,0.0
frequency,Frequency MLP,35,9,90.0,330.0,30.0,270.0,0,140,0.0
frequency,Frequency MLP,35,10,90.0,330.0,30.0,300.0,0,140,0.0
frequency,Frequency MLP,35,11,90.0,330.0,30.0,330.0,0,140,0.0
frequency,Frequency MLP,35,12,90.0,330.0,60.0,0.0,0,140,0.0
frequency,Frequency MLP,35,13,90.0,330.0,60.0,30.0,0,140,0.0
frequency,Frequency MLP,35,14,90.0,330.0,60.0,60.0,0,140,0.0
frequency,Frequency MLP,35,15,90.0,330.0,60.0,90.0,0,140,0.0
frequency,Frequency MLP,35,16,90.0,330.0,60.0,120.0,0,140,0.0
frequency,Frequency MLP,35,17,90.0,330.0,60.0,150.0,0,140,0.0
frequency,Frequency MLP,35,18,90.0,330.0,60.0,180.0,0,140,0.0
frequency,Frequency MLP,35,19,90.0,330.0,60.0,210.0,0,140,0.0
frequency,Frequency MLP,35,20,90.0,330.0,60.0,240.0,5,140,0.03571428571428571
frequency,Frequency MLP,35,21,90.0,330.0,60.0,270.0,0,140,0.0
frequency,Frequency MLP,35,22,90.0,330.0,60.0,300.0,0,140,0.0
frequency,Frequency MLP,35,23,90.0,330.0,60.0,330.0,0,140,0.0
frequency,Frequency MLP,35,24,90.0,330.0,90.0,0.0,5,140,0.03571428571428571
frequency,Frequency MLP,35,25,90.0,330.0,90.0,30.0,16,140,0.11428571428571428
frequency,Frequency MLP,35,26,90.0,330.0,90.0,60.0,0,140,0.0
frequency,Frequency MLP,35,27,90.0,330.0,90.0,90.0,0,140,0.0
frequency,Frequency MLP,35,28,90.0,330.0,90.0,120.0,0,140,0.0
frequency,Frequency MLP,35,29,90.0,330.0,90.0,150.0,48,140,0.34285714285714286
frequency,Frequency MLP,35,30,90.0,330.0,90.0,180.0,9,140,0.06428571428571428
frequency,Frequency MLP,35,31,90.0,330.0,90.0,210.0,24,140,0.17142857142857143
frequency,Frequency MLP,35,32,90.0,330.0,90.0,240.0,0,140,0.0
frequency,Frequency MLP,35,33,90.0,330.0,90.0,270.0,0,140,0.0
frequency,Frequency MLP,35,34,90.0,330.0,90.0,300.0,0,140,0.0
frequency,Frequency MLP,35,35,90.0,330.0,90.0,330.0,31,140,0.22142857142857142
frequency,Frequency MLP,35,36,90.0,330.0,120.0,0.0,0,140,0.0
frequency,Frequency MLP,35,37,90.0,330.0,120.0,30.0,0,140,0.0
frequency,Frequency MLP,35,38,90.0,330.0,120.0,60.0,0,140,0.0
frequency,Frequency MLP,35,39,90.0,330.0,120.0,90.0,0,140,0.0
frequency,Frequency MLP,35,40,90.0,330.0,120.0,120.0,0,140,0.0
frequency,Frequency MLP,35,41,90.0,330.0,120.0,150.0,0,140,0.0
frequency,Frequency MLP,35,42,90.0,330.0,120.0,180.0,0,140,0.0
frequency,Frequency MLP,35,43,90.0,330.0,120.0,210.0,0,140,0.0
frequency,Frequency MLP,35,44,90.0,330.0,120.0,240.0,2,140,0.014285714285714285
frequency,Frequency MLP,35,45,90.0,330.0,120.0,270.0,0,140,0.0
frequency,Frequency MLP,35,46,90.0,330.0,120.0,300.0,0,140,0.0
frequency,Frequency MLP,35,47,90.0,330.0,120.0,330.0,0,140,0.0
frequency,Frequency MLP,35,48,90.0,330.0,150.0,0.0,0,140,0.0
frequency,Frequency MLP,35,49,90.0,330.0,150.0,30.0,0,140,0.0
frequency,Frequency MLP,35,50,90.0,330.0,150.0,60.0,0,140,0.0
frequency,Frequency MLP,35,51,90.0,330.0,150.0,90.0,0,140,0.0
frequency,Frequency MLP,35,52,90.0,330.0,150.0,120.0,0,140,0.0
frequency,Frequency MLP,35,53,90.0,330.0,150.0,150.0,0,140,0.0
frequency,Frequency MLP,35,54,90.0,330.0,150.0,180.0,0,140,0.0
frequency,Frequency MLP,35,55,90.0,330.0,150.0,210.0,0,140,0.0
frequency,Frequency MLP,35,56,90.0,330.0,150.0,240.0,0,140,0.0
frequency,Frequency MLP,35,57,90.0,330.0,150.0,270.0,0,140,0.0
frequency,Frequency MLP,35,58,90.0,330.0,150.0,300.0,0,140,0.0
frequency,Frequency MLP,35,59,90.0,330.0,150.0,330.0,0,140,0.0
frequency,Frequency MLP,36,0,120.0,0.0,30.0,0.0,5,140,0.03571428571428571
frequency,Frequency MLP,36,1,120.0,0.0,30.0,30.0,0,140,0.0
frequency,Frequency MLP,36,2,120.0,0.0,30.0,60.0,0,140,0.0
frequency,Frequency MLP,36,3,120.0,0.0,30.0,90.0,0,140,0.0
frequency,Frequency MLP,36,4,120.0,0.0,30.0,120.0,0,140,0.0
frequency,Frequency MLP,36,5,120.0,0.0,30.0,150.0,0,140,0.0
frequency,Frequency MLP,36,6,120.0,0.0,30.0,180.0,4,140,0.02857142857142857
frequency,Frequency MLP,36,7,120.0,0.0,30.0,210.0,0,140,0.0
frequency,Frequency MLP,36,8,120.0,0.0,30.0,240.0,0,140,0.0
frequency,Frequency MLP,36,9,120.0,0.0,30.0,270.0,0,140,0.0
frequency,Frequency MLP,36,10,120.0,0.0,30.0,300.0,0,140,0.0
frequency,Frequency MLP,36,11,120.0,0.0,30.0,330.0,0,140,0.0
frequency,Frequency MLP,36,12,120.0,0.0,60.0,0.0,0,140,0.0
frequency,Frequency MLP,36,13,120.0,0.0,60.0,30.0,0,140,0.0
frequency,Frequency MLP,36,14,120.0,0.0,60.0,60.0,0,140,0.0
frequency,Frequency MLP,36,15,120.0,0.0,60.0,90.0,0,140,0.0
frequency,Frequency MLP,36,16,120.0,0.0,60.0,120.0,0,140,0.0
frequency,Frequency MLP,36,17,120.0,0.0,60.0,150.0,1,140,0.007142857142857143
frequency,Frequency MLP,36,18,120.0,0.0,60.0,180.0,1,140,0.007142857142857143
frequency,Frequency MLP,36,19,120.0,0.0,60.0,210.0,0,140,0.0
frequency,Frequency MLP,36,20,120.0,0.0,60.0,240.0,0,140,0.0
frequency,Frequency MLP,36,21,120.0,0.0,60.0,270.0,0,140,0.0
frequency,Frequency MLP,36,22,120.0,0.0,60.0,300.0,0,140,0.0
frequency,Frequency MLP,36,23,120.0,0.0,60.0,330.0,0,140,0.0
frequency,Frequency MLP,36,24,120.0,0.0,90.0,0.0,0,140,0.0
frequency,Frequency MLP,36,25,120.0,0.0,90.0,30.0,0,140,0.0
frequency,Frequency MLP,36,26,120.0,0.0,90.0,60.0,0,140,0.0
frequency,Frequency MLP,36,27,120.0,0.0,90.0,90.0,0,140,0.0
frequency,Frequency MLP,36,28,120.0,0.0,90.0,120.0,0,140,0.0
frequency,Frequency MLP,36,29,120.0,0.0,90.0,150.0,0,140,0.0
frequency,Frequency MLP,36,30,120.0,0.0,90.0,180.0,0,140,0.0
frequency,Frequency MLP,36,31,120.0,0.0,90.0,210.0,0,140,0.0
frequency,Frequency MLP,36,32,120.0,0.0,90.0,240.0,0,140,0.0
frequency,Frequency MLP,36,33,120.0,0.0,90.0,270.0,0,140,0.0
frequency,Frequency MLP,36,34,120.0,0.0,90.0,300.0,0,140,0.0
frequency,Frequency MLP,36,35,120.0,0.0,90.0,330.0,0,140,0.0
frequency,Frequency MLP,36,36,120.0,0.0,120.0,0.0,101,140,0.7214285714285714
frequency,Frequency MLP,36,37,120.0,0.0,120.0,30.0,0,140,0.0
frequency,Frequency MLP,36,38,120.0,0.0,120.0,60.0,0,140,0.0
frequency,Frequency MLP,36,39,120.0,0.0,120.0,90.0,0,140,0.0
frequency,Frequency MLP,36,40,120.0,0.0,120.0,120.0,0,140,0.0
frequency,Frequency MLP,36,41,120.0,0.0,120.0,150.0,0,140,0.0
frequency,Frequency MLP,36,42,120.0,0.0,120.0,180.0,14,140,0.1
frequency,Frequency MLP,36,43,120.0,0.0,120.0,210.0,0,140,0.0
frequency,Frequency MLP,36,44,120.0,0.0,120.0,240.0,0,140,0.0
frequency,Frequency MLP,36,45,120.0,0.0,120.0,270.0,0,140,0.0
frequency,Frequency MLP,36,46,120.0,0.0,120.0,300.0,0,140,0.0
frequency,Frequency MLP,36,47,120.0,0.0,120.0,330.0,0,140,0.0
frequency,Frequency MLP,36,48,120.0,0.0,150.0,0.0,12,140,0.08571428571428572
frequency,Frequency MLP,36,49,120.0,0.0,150.0,30.0,0,140,0.0
frequency,Frequency MLP,36,50,120.0,0.0,150.0,60.0,0,140,0.0
frequency,Frequency MLP,36,51,120.0,0.0,150.0,90.0,0,140,0.0
frequency,Frequency MLP,36,52,120.0,0.0,150.0,120.0,0,140,0.0
frequency,Frequency MLP,36,53,120.0,0.0,150.0,150.0,0,140,0.0
frequency,Frequency MLP,36,54,120.0,0.0,150.0,180.0,2,140,0.014285714285714285
frequency,Frequency MLP,36,55,120.0,0.0,150.0,210.0,0,140,0.0
frequency,Frequency MLP,36,56,120.0,0.0,150.0,240.0,0,140,0.0
frequency,Frequency MLP,36,57,120.0,0.0,150.0,270.0,0,140,0.0
frequency,Frequency MLP,36,58,120.0,0.0,150.0,300.0,0,140,0.0
frequency,Frequency MLP,36,59,120.0,0.0,150.0,330.0,0,140,0.0
frequency,Frequency MLP,37,0,120.0,30.0,30.0,0.0,0,140,0.0
frequency,Frequency MLP,37,1,120.0,30.0,30.0,30.0,1,140,0.007142857142857143
frequency,Frequency MLP,37,2,120.0,30.0,30.0,60.0,1,140,0.007142857142857143
frequency,Frequency MLP,37,3,120.0,30.0,30.0,90.0,0,140,0.0
frequency,Frequency MLP,37,4,120.0,30.0,30.0,120.0,0,140,0.0
frequency,Frequency MLP,37,5,120.0,30.0,30.0,150.0,0,140,0.0
frequency,Frequency MLP,37,6,120.0,30.0,30.0,180.0,0,140,0.0
frequency,Frequency MLP,37,7,120.0,30.0,30.0,210.0,0,140,0.0
frequency,Frequency MLP,37,8,120.0,30.0,30.0,240.0,0,140,0.0
frequency,Frequency MLP,37,9,120.0,30.0,30.0,270.0,0,140,0.0
frequency,Frequency MLP,37,10,120.0,30.0,30.0,300.0,0,140,0.0
frequency,Frequency MLP,37,11,120.0,30.0,30.0,330.0,1,140,0.007142857142857143
frequency,Frequency MLP,37,12,120.0,30.0,60.0,0.0,1,140,0.007142857142857143
frequency,Frequency MLP,37,13,120.0,30.0,60.0,30.0,1,140,0.007142857142857143
frequency,Frequency MLP,37,14,120.0,30.0,60.0,60.0,1,140,0.007142857142857143
frequency,Frequency MLP,37,15,120.0,30.0,60.0,90.0,0,140,0.0
frequency,Frequency MLP,37,16,120.0,30.0,60.0,120.0,0,140,0.0
frequency,Frequency MLP,37,17,120.0,30.0,60.0,150.0,1,140,0.007142857142857143
frequency,Frequency MLP,37,18,120.0,30.0,60.0,180.0,1,140,0.007142857142857143
frequency,Frequency MLP,37,19,120.0,30.0,60.0,210.0,0,140,0.0
frequency,Frequency MLP,37,20,120.0,30.0,60.0,240.0,0,140,0.0
frequency,Frequency MLP,37,21,120.0,30.0,60.0,270.0,0,140,0.0
frequency,Frequency MLP,37,22,120.0,30.0,60.0,300.0,0,140,0.0
frequency,Frequency MLP,37,23,120.0,30.0,60.0,330.0,8,140,0.05714285714285714
frequency,Frequency MLP,37,24,120.0,30.0,90.0,0.0,0,140,0.0
frequency,Frequency MLP,37,25,120.0,30.0,90.0,30.0,0,140,0.0
frequency,Frequency MLP,37,26,120.0,30.0,90.0,60.0,0,140,0.0
frequency,Frequency MLP,37,27,120.0,30.0,90.0,90.0,0,140,0.0
frequency,Frequency MLP,37,28,120.0,30.0,90.0,120.0,0,140,0.0
frequency,Frequency MLP,37,29,120.0,30.0,90.0,150.0,0,140,0.0
frequency,Frequency MLP,37,30,120.0,30.0,90.0,180.0,0,140,0.0
frequency,Frequency MLP,37,31,120.0,30.0,90.0,210.0,0,140,0.0
frequency,Frequency MLP,37,32,120.0,30.0,90.0,240.0,0,140,0.0
frequency,Frequency MLP,37,33,120.0,30.0,90.0,270.0,0,140,0.0
frequency,Frequency MLP,37,34,120.0,30.0,90.0,300.0,0,140,0.0
frequency,Frequency MLP,37,35,120.0,30.0,90.0,330.0,0,140,0.0
frequency,Frequency MLP,37,36,120.0,30.0,120.0,0.0,2,140,0.014285714285714285
frequency,Frequency MLP,37,37,120.0,30.0,120.0,30.0,111,140,0.7928571428571428
frequency,Frequency MLP,37,38,120.0,30.0,120.0,60.0,3,140,0.02142857142857143
frequency,Frequency MLP,37,39,120.0,30.0,120.0,90.0,0,140,0.0
frequency,Frequency MLP,37,40,120.0,30.0,120.0,120.0,0,140,0.0
frequency,Frequency MLP,37,41,120.0,30.0,120.0,150.0,0,140,0.0
frequency,Frequency MLP,37,42,120.0,30.0,120.0,180.0,0,140,0.0
frequency,Frequency MLP,37,43,120.0,30.0,120.0,210.0,2,140,0.014285714285714285
frequency,Frequency MLP,37,44,120.0,30.0,120.0,240.0,0,140,0.0
frequency,Frequency MLP,37,45,120.0,30.0,120.0,270.0,0,140,0.0
frequency,Frequency MLP,37,46,120.0,30.0,120.0,300.0,0,140,0.0
frequency,Frequency MLP,37,47,120.0,30.0,120.0,330.0,4,140,0.02857142857142857
frequency,Frequency MLP,37,48,120.0,30.0,150.0,0.0,0,140,0.0
frequency,Frequency MLP,37,49,120.0,30.0,150.0,30.0,1,140,0.007142857142857143
frequency,Frequency MLP,37,50,120.0,30.0,150.0,60.0,1,140,0.007142857142857143
frequency,Frequency MLP,37,51,120.0,30.0,150.0,90.0,0,140,0.0
frequency,Frequency MLP,37,52,120.0,30.0,150.0,120.0,0,140,0.0
frequency,Frequency MLP,37,53,120.0,30.0,150.0,150.0,0,140,0.0
frequency,Frequency MLP,37,54,120.0,30.0,150.0,180.0,0,140,0.0
frequency,Frequency MLP,37,55,120.0,30.0,150.0,210.0,0,140,0.0
frequency,Frequency MLP,37,56,120.0,30.0,150.0,240.0,0,140,0.0
frequency,Frequency MLP,37,57,120.0,30.0,150.0,270.0,0,140,0.0
frequency,Frequency MLP,37,58,120.0,30.0,150.0,300.0,0,140,0.0
frequency,Frequency MLP,37,59,120.0,30.0,150.0,330.0,0,140,0.0
frequency,Frequency MLP,38,0,120.0,60.0,30.0,0.0,0,140,0.0
frequency,Frequency MLP,38,1,120.0,60.0,30.0,30.0,0,140,0.0
frequency,Frequency MLP,38,2,120.0,60.0,30.0,60.0,0,140,0.0
frequency,Frequency MLP,38,3,120.0,60.0,30.0,90.0,0,140,0.0
frequency,Frequency MLP,38,4,120.0,60.0,30.0,120.0,0,140,0.0
frequency,Frequency MLP,38,5,120.0,60.0,30.0,150.0,0,140,0.0
frequency,Frequency MLP,38,6,120.0,60.0,30.0,180.0,0,140,0.0
frequency,Frequency MLP,38,7,120.0,60.0,30.0,210.0,0,140,0.0
frequency,Frequency MLP,38,8,120.0,60.0,30.0,240.0,0,140,0.0
frequency,Frequency MLP,38,9,120.0,60.0,30.0,270.0,0,140,0.0
frequency,Frequency MLP,38,10,120.0,60.0,30.0,300.0,0,140,0.0
frequency,Frequency MLP,38,11,120.0,60.0,30.0,330.0,0,140,0.0
frequency,Frequency MLP,38,12,120.0,60.0,60.0,0.0,0,140,0.0
frequency,Frequency MLP,38,13,120.0,60.0,60.0,30.0,0,140,0.0
frequency,Frequency MLP,38,14,120.0,60.0,60.0,60.0,1,140,0.007142857142857143
frequency,Frequency MLP,38,15,120.0,60.0,60.0,90.0,0,140,0.0
frequency,Frequency MLP,38,16,120.0,60.0,60.0,120.0,0,140,0.0
frequency,Frequency MLP,38,17,120.0,60.0,60.0,150.0,0,140,0.0
frequency,Frequency MLP,38,18,120.0,60.0,60.0,180.0,0,140,0.0
frequency,Frequency MLP,38,19,120.0,60.0,60.0,210.0,0,140,0.0
frequency,Frequency MLP,38,20,120.0,60.0,60.0,240.0,0,140,0.0
frequency,Frequency MLP,38,21,120.0,60.0,60.0,270.0,0,140,0.0
frequency,Frequency MLP,38,22,120.0,60.0,60.0,300.0,11,140,0.07857142857142857
frequency,Frequency MLP,38,23,120.0,60.0,60.0,330.0,0,140,0.0
frequency,Frequency MLP,38,24,120.0,60.0,90.0,0.0,0,140,0.0
frequency,Frequency MLP,38,25,120.0,60.0,90.0,30.0,0,140,0.0
frequency,Frequency MLP,38,26,120.0,60.0,90.0,60.0,0,140,0.0
frequency,Frequency MLP,38,27,120.0,60.0,90.0,90.0,0,140,0.0
frequency,Frequency MLP,38,28,120.0,60.0,90.0,120.0,0,140,0.0
frequency,Frequency MLP,38,29,120.0,60.0,90.0,150.0,0,140,0.0
frequency,Frequency MLP,38,30,120.0,60.0,90.0,180.0,0,140,0.0
frequency,Frequency MLP,38,31,120.0,60.0,90.0,210.0,0,140,0.0
frequency,Frequency MLP,38,32,120.0,60.0,90.0,240.0,0,140,0.0
frequency,Frequency MLP,38,33,120.0,60.0,90.0,270.0,0,140,0.0
frequency,Frequency MLP,38,34,120.0,60.0,90.0,300.0,0,140,0.0
frequency,Frequency MLP,38,35,120.0,60.0,90.0,330.0,0,140,0.0
frequency,Frequency MLP,38,36,120.0,60.0,120.0,0.0,0,140,0.0
frequency,Frequency MLP,38,37,120.0,60.0,120.0,30.0,0,140,0.0
frequency,Frequency MLP,38,38,120.0,60.0,120.0,60.0,108,140,0.7714285714285715
frequency,Frequency MLP,38,39,120.0,60.0,120.0,90.0,2,140,0.014285714285714285
frequency,Frequency MLP,38,40,120.0,60.0,120.0,120.0,1,140,0.007142857142857143
frequency,Frequency MLP,38,41,120.0,60.0,120.0,150.0,0,140,0.0
frequency,Frequency MLP,38,42,120.0,60.0,120.0,180.0,0,140,0.0
frequency,Frequency MLP,38,43,120.0,60.0,120.0,210.0,1,140,0.007142857142857143
frequency,Frequency MLP,38,44,120.0,60.0,120.0,240.0,0,140,0.0
frequency,Frequency MLP,38,45,120.0,60.0,120.0,270.0,0,140,0.0
frequency,Frequency MLP,38,46,120.0,60.0,120.0,300.0,1,140,0.007142857142857143
frequency,Frequency MLP,38,47,120.0,60.0,120.0,330.0,0,140,0.0
frequency,Frequency MLP,38,48,120.0,60.0,150.0,0.0,0,140,0.0
frequency,Frequency MLP,38,49,120.0,60.0,150.0,30.0,0,140,0.0
frequency,Frequency MLP,38,50,120.0,60.0,150.0,60.0,8,140,0.05714285714285714
frequency,Frequency MLP,38,51,120.0,60.0,150.0,90.0,5,140,0.03571428571428571
frequency,Frequency MLP,38,52,120.0,60.0,150.0,120.0,0,140,0.0
frequency,Frequency MLP,38,53,120.0,60.0,150.0,150.0,0,140,0.0
frequency,Frequency MLP,38,54,120.0,60.0,150.0,180.0,0,140,0.0
frequency,Frequency MLP,38,55,120.0,60.0,150.0,210.0,1,140,0.007142857142857143
frequency,Frequency MLP,38,56,120.0,60.0,150.0,240.0,0,140,0.0
frequency,Frequency MLP,38,57,120.0,60.0,150.0,270.0,0,140,0.0
frequency,Frequency MLP,38,58,120.0,60.0,150.0,300.0,0,140,0.0
frequency,Frequency MLP,38,59,120.0,60.0,150.0,330.0,1,140,0.007142857142857143
frequency,Frequency MLP,39,0,120.0,90.0,30.0,0.0,0,140,0.0
frequency,Frequency MLP,39,1,120.0,90.0,30.0,30.0,0,140,0.0
frequency,Frequency MLP,39,2,120.0,90.0,30.0,60.0,0,140,0.0
frequency,Frequency MLP,39,3,120.0,90.0,30.0,90.0,0,140,0.0
frequency,Frequency MLP,39,4,120.0,90.0,30.0,120.0,0,140,0.0
frequency,Frequency MLP,39,5,120.0,90.0,30.0,150.0,0,140,0.0
frequency,Frequency MLP,39,6,120.0,90.0,30.0,180.0,0,140,0.0
frequency,Frequency MLP,39,7,120.0,90.0,30.0,210.0,0,140,0.0
frequency,Frequency MLP,39,8,120.0,90.0,30.0,240.0,0,140,0.0
frequency,Frequency MLP,39,9,120.0,90.0,30.0,270.0,2,140,0.014285714285714285
frequency,Frequency MLP,39,10,120.0,90.0,30.0,300.0,0,140,0.0
frequency,Frequency MLP,39,11,120.0,90.0,30.0,330.0,0,140,0.0
frequency,Frequency MLP,39,12,120.0,90.0,60.0,0.0,0,140,0.0
frequency,Frequency MLP,39,13,120.0,90.0,60.0,30.0,0,140,0.0
frequency,Frequency MLP,39,14,120.0,90.0,60.0,60.0,0,140,0.0
frequency,Frequency MLP,39,15,120.0,90.0,60.0,90.0,7,140,0.05
frequency,Frequency MLP,39,16,120.0,90.0,60.0,120.0,0,140,0.0
frequency,Frequency MLP,39,17,120.0,90.0,60.0,150.0,0,140,0.0
frequency,Frequency MLP,39,18,120.0,90.0,60.0,180.0,0,140,0.0
frequency,Frequency MLP,39,19,120.0,90.0,60.0,210.0,0,140,0.0
frequency,Frequency MLP,39,20,120.0,90.0,60.0,240.0,3,140,0.02142857142857143
frequency,Frequency MLP,39,21,120.0,90.0,60.0,270.0,11,140,0.07857142857142857
frequency,Frequency MLP,39,22,120.0,90.0,60.0,300.0,0,140,0.0
frequency,Frequency MLP,39,23,120.0,90.0,60.0,330.0,0,140,0.0
frequency,Frequency MLP,39,24,120.0,90.0,90.0,0.0,0,140,0.0
frequency,Frequency MLP,39,25,120.0,90.0,90.0,30.0,0,140,0.0
frequency,Frequency MLP,39,26,120.0,90.0,90.0,60.0,1,140,0.007142857142857143
frequency,Frequency MLP,39,27,120.0,90.0,90.0,90.0,5,140,0.03571428571428571
frequency,Frequency MLP,39,28,120.0,90.0,90.0,120.0,2,140,0.014285714285714285
frequency,Frequency MLP,39,29,120.0,90.0,90.0,150.0,0,140,0.0
frequency,Frequency MLP,39,30,120.0,90.0,90.0,180.0,0,140,0.0
frequency,Frequency MLP,39,31,120.0,90.0,90.0,210.0,0,140,0.0
frequency,Frequency MLP,39,32,120.0,90.0,90.0,240.0,2,140,0.014285714285714285
frequency,Frequency MLP,39,33,120.0,90.0,90.0,270.0,0,140,0.0
frequency,Frequency MLP,39,34,120.0,90.0,90.0,300.0,0,140,0.0
frequency,Frequency MLP,39,35,120.0,90.0,90.0,330.0,1,140,0.007142857142857143
frequency,Frequency MLP,39,36,120.0,90.0,120.0,0.0,0,140,0.0
frequency,Frequency MLP,39,37,120.0,90.0,120.0,30.0,0,140,0.0
frequency,Frequency MLP,39,38,120.0,90.0,120.0,60.0,1,140,0.007142857142857143
frequency,Frequency MLP,39,39,120.0,90.0,120.0,90.0,92,140,0.6571428571428571
frequency,Frequency MLP,39,40,120.0,90.0,120.0,120.0,0,140,0.0
frequency,Frequency MLP,39,41,120.0,90.0,120.0,150.0,0,140,0.0
frequency,Frequency MLP,39,42,120.0,90.0,120.0,180.0,0,140,0.0
frequency,Frequency MLP,39,43,120.0,90.0,120.0,210.0,0,140,0.0
frequency,Frequency MLP,39,44,120.0,90.0,120.0,240.0,1,140,0.007142857142857143
frequency,Frequency MLP,39,45,120.0,90.0,120.0,270.0,6,140,0.04285714285714286
frequency,Frequency MLP,39,46,120.0,90.0,120.0,300.0,0,140,0.0
frequency,Frequency MLP,39,47,120.0,90.0,120.0,330.0,0,140,0.0
frequency,Frequency MLP,39,48,120.0,90.0,150.0,0.0,0,140,0.0
frequency,Frequency MLP,39,49,120.0,90.0,150.0,30.0,0,140,0.0
frequency,Frequency MLP,39,50,120.0,90.0,150.0,60.0,0,140,0.0
frequency,Frequency MLP,39,51,120.0,90.0,150.0,90.0,6,140,0.04285714285714286
frequency,Frequency MLP,39,52,120.0,90.0,150.0,120.0,0,140,0.0
frequency,Frequency MLP,39,53,120.0,90.0,150.0,150.0,0,140,0.0
frequency,Frequency MLP,39,54,120.0,90.0,150.0,180.0,0,140,0.0
frequency,Frequency MLP,39,55,120.0,90.0,150.0,210.0,0,140,0.0
frequency,Frequency MLP,39,56,120.0,90.0,150.0,240.0,0,140,0.0
frequency,Frequency MLP,39,57,120.0,90.0,150.0,270.0,0,140,0.0
frequency,Frequency MLP,39,58,120.0,90.0,150.0,300.0,0,140,0.0
frequency,Frequency MLP,39,59,120.0,90.0,150.0,330.0,0,140,0.0
frequency,Frequency MLP,40,0,120.0,120.0,30.0,0.0,0,140,0.0
frequency,Frequency MLP,40,1,120.0,120.0,30.0,30.0,0,140,0.0
frequency,Frequency MLP,40,2,120.0,120.0,30.0,60.0,1,140,0.007142857142857143
frequency,Frequency MLP,40,3,120.0,120.0,30.0,90.0,3,140,0.02142857142857143
frequency,Frequency MLP,40,4,120.0,120.0,30.0,120.0,0,140,0.0
frequency,Frequency MLP,40,5,120.0,120.0,30.0,150.0,0,140,0.0
frequency,Frequency MLP,40,6,120.0,120.0,30.0,180.0,0,140,0.0
frequency,Frequency MLP,40,7,120.0,120.0,30.0,210.0,0,140,0.0
frequency,Frequency MLP,40,8,120.0,120.0,30.0,240.0,1,140,0.007142857142857143
frequency,Frequency MLP,40,9,120.0,120.0,30.0,270.0,0,140,0.0
frequency,Frequency MLP,40,10,120.0,120.0,30.0,300.0,0,140,0.0
frequency,Frequency MLP,40,11,120.0,120.0,30.0,330.0,0,140,0.0
frequency,Frequency MLP,40,12,120.0,120.0,60.0,0.0,0,140,0.0
frequency,Frequency MLP,40,13,120.0,120.0,60.0,30.0,0,140,0.0
frequency,Frequency MLP,40,14,120.0,120.0,60.0,60.0,3,140,0.02142857142857143
frequency,Frequency MLP,40,15,120.0,120.0,60.0,90.0,3,140,0.02142857142857143
frequency,Frequency MLP,40,16,120.0,120.0,60.0,120.0,0,140,0.0
frequency,Frequency MLP,40,17,120.0,120.0,60.0,150.0,0,140,0.0
frequency,Frequency MLP,40,18,120.0,120.0,60.0,180.0,0,140,0.0
frequency,Frequency MLP,40,19,120.0,120.0,60.0,210.0,0,140,0.0
frequency,Frequency MLP,40,20,120.0,120.0,60.0,240.0,20,140,0.14285714285714285
frequency,Frequency MLP,40,21,120.0,120.0,60.0,270.0,0,140,0.0
frequency,Frequency MLP,40,22,120.0,120.0,60.0,300.0,0,140,0.0
frequency,Frequency MLP,40,23,120.0,120.0,60.0,330.0,0,140,0.0
frequency,Frequency MLP,40,24,120.0,120.0,90.0,0.0,0,140,0.0
frequency,Frequency MLP,40,25,120.0,120.0,90.0,30.0,0,140,0.0
frequency,Frequency MLP,40,26,120.0,120.0,90.0,60.0,0,140,0.0
frequency,Frequency MLP,40,27,120.0,120.0,90.0,90.0,0,140,0.0
frequency,Frequency MLP,40,28,120.0,120.0,90.0,120.0,0,140,0.0
frequency,Frequency MLP,40,29,120.0,120.0,90.0,150.0,0,140,0.0
frequency,Frequency MLP,40,30,120.0,120.0,90.0,180.0,0,140,0.0
frequency,Frequency MLP,40,31,120.0,120.0,90.0,210.0,0,140,0.0
frequency,Frequency MLP,40,32,120.0,120.0,90.0,240.0,5,140,0.03571428571428571
frequency,Frequency MLP,40,33,120.0,120.0,90.0,270.0,0,140,0.0
frequency,Frequency MLP,40,34,120.0,120.0,90.0,300.0,1,140,0.007142857142857143
frequency,Frequency MLP,40,35,120.0,120.0,90.0,330.0,0,140,0.0
frequency,Frequency MLP,40,36,120.0,120.0,120.0,0.0,0,140,0.0
frequency,Frequency MLP,40,37,120.0,120.0,120.0,30.0,1,140,0.007142857142857143
frequency,Frequency MLP,40,38,120.0,120.0,120.0,60.0,0,140,0.0
frequency,Frequency MLP,40,39,120.0,120.0,120.0,90.0,5,140,0.03571428571428571
frequency,Frequency MLP,40,40,120.0,120.0,120.0,120.0,80,140,0.5714285714285714
frequency,Frequency MLP,40,41,120.0,120.0,120.0,150.0,0,140,0.0
frequency,Frequency MLP,40,42,120.0,120.0,120.0,180.0,0,140,0.0
frequency,Frequency MLP,40,43,120.0,120.0,120.0,210.0,0,140,0.0
frequency,Frequency MLP,40,44,120.0,120.0,120.0,240.0,4,140,0.02857142857142857
frequency,Frequency MLP,40,45,120.0,120.0,120.0,270.0,6,140,0.04285714285714286
frequency,Frequency MLP,40,46,120.0,120.0,120.0,300.0,4,140,0.02857142857142857
frequency,Frequency MLP,40,47,120.0,120.0,120.0,330.0,1,140,0.007142857142857143
frequency,Frequency MLP,40,48,120.0,120.0,150.0,0.0,0,140,0.0
frequency,Frequency MLP,40,49,120.0,120.0,150.0,30.0,0,140,0.0
frequency,Frequency MLP,40,50,120.0,120.0,150.0,60.0,0,140,0.0
frequency,Frequency MLP,40,51,120.0,120.0,150.0,90.0,0,140,0.0
frequency,Frequency MLP,40,52,120.0,120.0,150.0,120.0,2,140,0.014285714285714285
frequency,Frequency MLP,40,53,120.0,120.0,150.0,150.0,0,140,0.0
frequency,Frequency MLP,40,54,120.0,120.0,150.0,180.0,0,140,0.0
frequency,Frequency MLP,40,55,120.0,120.0,150.0,210.0,0,140,0.0
frequency,Frequency MLP,40,56,120.0,120.0,150.0,240.0,0,140,0.0
frequency,Frequency MLP,40,57,120.0,120.0,150.0,270.0,0,140,0.0
frequency,Frequency MLP,40,58,120.0,120.0,150.0,300.0,0,140,0.0
frequency,Frequency MLP,40,59,120.0,120.0,150.0,330.0,0,140,0.0
frequency,Frequency MLP,41,0,120.0,150.0,30.0,0.0,0,140,0.0
frequency,Frequency MLP,41,1,120.0,150.0,30.0,30.0,0,140,0.0
frequency,Frequency MLP,41,2,120.0,150.0,30.0,60.0,0,140,0.0
frequency,Frequency MLP,41,3,120.0,150.0,30.0,90.0,0,140,0.0
frequency,Frequency MLP,41,4,120.0,150.0,30.0,120.0,0,140,0.0
frequency,Frequency MLP,41,5,120.0,150.0,30.0,150.0,1,140,0.007142857142857143
frequency,Frequency MLP,41,6,120.0,150.0,30.0,180.0,0,140,0.0
frequency,Frequency MLP,41,7,120.0,150.0,30.0,210.0,0,140,0.0
frequency,Frequency MLP,41,8,120.0,150.0,30.0,240.0,0,140,0.0
frequency,Frequency MLP,41,9,120.0,150.0,30.0,270.0,0,140,0.0
frequency,Frequency MLP,41,10,120.0,150.0,30.0,300.0,0,140,0.0
frequency,Frequency MLP,41,11,120.0,150.0,30.0,330.0,0,140,0.0
frequency,Frequency MLP,41,12,120.0,150.0,60.0,0.0,0,140,0.0
frequency,Frequency MLP,41,13,120.0,150.0,60.0,30.0,5,140,0.03571428571428571
frequency,Frequency MLP,41,14,120.0,150.0,60.0,60.0,0,140,0.0
frequency,Frequency MLP,41,15,120.0,150.0,60.0,90.0,0,140,0.0
frequency,Frequency MLP,41,16,120.0,150.0,60.0,120.0,0,140,0.0
frequency,Frequency MLP,41,17,120.0,150.0,60.0,150.0,7,140,0.05
frequency,Frequency MLP,41,18,120.0,150.0,60.0,180.0,0,140,0.0
frequency,Frequency MLP,41,19,120.0,150.0,60.0,210.0,1,140,0.007142857142857143
frequency,Frequency MLP,41,20,120.0,150.0,60.0,240.0,0,140,0.0
frequency,Frequency MLP,41,21,120.0,150.0,60.0,270.0,0,140,0.0
frequency,Frequency MLP,41,22,120.0,150.0,60.0,300.0,1,140,0.007142857142857143
frequency,Frequency MLP,41,23,120.0,150.0,60.0,330.0,5,140,0.03571428571428571
frequency,Frequency MLP,41,24,120.0,150.0,90.0,0.0,1,140,0.007142857142857143
frequency,Frequency MLP,41,25,120.0,150.0,90.0,30.0,0,140,0.0
frequency,Frequency MLP,41,26,120.0,150.0,90.0,60.0,0,140,0.0
frequency,Frequency MLP,41,27,120.0,150.0,90.0,90.0,0,140,0.0
frequency,Frequency MLP,41,28,120.0,150.0,90.0,120.0,0,140,0.0
frequency,Frequency MLP,41,29,120.0,150.0,90.0,150.0,0,140,0.0
frequency,Frequency MLP,41,30,120.0,150.0,90.0,180.0,0,140,0.0
frequency,Frequency MLP,41,31,120.0,150.0,90.0,210.0,0,140,0.0
frequency,Frequency MLP,41,32,120.0,150.0,90.0,240.0,0,140,0.0
frequency,Frequency MLP,41,33,120.0,150.0,90.0,270.0,0,140,0.0
frequency,Frequency MLP,41,34,120.0,150.0,90.0,300.0,0,140,0.0
frequency,Frequency MLP,41,35,120.0,150.0,90.0,330.0,0,140,0.0
frequency,Frequency MLP,41,36,120.0,150.0,120.0,0.0,0,140,0.0
frequency,Frequency MLP,41,37,120.0,150.0,120.0,30.0,0,140,0.0
frequency,Frequency MLP,41,38,120.0,150.0,120.0,60.0,0,140,0.0
frequency,Frequency MLP,41,39,120.0,150.0,120.0,90.0,0,140,0.0
frequency,Frequency MLP,41,40,120.0,150.0,120.0,120.0,0,140,0.0
frequency,Frequency MLP,41,41,120.0,150.0,120.0,150.0,100,140,0.7142857142857143
frequency,Frequency MLP,41,42,120.0,150.0,120.0,180.0,3,140,0.02142857142857143
frequency,Frequency MLP,41,43,120.0,150.0,120.0,210.0,4,140,0.02857142857142857
frequency,Frequency MLP,41,44,120.0,150.0,120.0,240.0,1,140,0.007142857142857143
frequency,Frequency MLP,41,45,120.0,150.0,120.0,270.0,0,140,0.0
frequency,Frequency MLP,41,46,120.0,150.0,120.0,300.0,0,140,0.0
frequency,Frequency MLP,41,47,120.0,150.0,120.0,330.0,9,140,0.06428571428571428
frequency,Frequency MLP,41,48,120.0,150.0,150.0,0.0,0,140,0.0
frequency,Frequency MLP,41,49,120.0,150.0,150.0,30.0,0,140,0.0
frequency,Frequency MLP,41,50,120.0,150.0,150.0,60.0,0,140,0.0
frequency,Frequency MLP,41,51,120.0,150.0,150.0,90.0,0,140,0.0
frequency,Frequency MLP,41,52,120.0,150.0,150.0,120.0,0,140,0.0
frequency,Frequency MLP,41,53,120.0,150.0,150.0,150.0,2,140,0.014285714285714285
frequency,Frequency MLP,41,54,120.0,150.0,150.0,180.0,0,140,0.0
frequency,Frequency MLP,41,55,120.0,150.0,150.0,210.0,0,140,0.0
frequency,Frequency MLP,41,56,120.0,150.0,150.0,240.0,0,140,0.0
frequency,Frequency MLP,41,57,120.0,150.0,150.0,270.0,0,140,0.0
frequency,Frequency MLP,41,58,120.0,150.0,150.0,300.0,0,140,0.0
frequency,Frequency MLP,41,59,120.0,150.0,150.0,330.0,0,140,0.0
frequency,Frequency MLP,42,0,120.0,180.0,30.0,0.0,0,140,0.0
frequency,Frequency MLP,42,1,120.0,180.0,30.0,30.0,0,140,0.0
frequency,Frequency MLP,42,2,120.0,180.0,30.0,60.0,0,140,0.0
frequency,Frequency MLP,42,3,120.0,180.0,30.0,90.0,0,140,0.0
frequency,Frequency MLP,42,4,120.0,180.0,30.0,120.0,0,140,0.0
frequency,Frequency MLP,42,5,120.0,180.0,30.0,150.0,0,140,0.0
frequency,Frequency MLP,42,6,120.0,180.0,30.0,180.0,0,140,0.0
frequency,Frequency MLP,42,7,120.0,180.0,30.0,210.0,0,140,0.0
frequency,Frequency MLP,42,8,120.0,180.0,30.0,240.0,0,140,0.0
frequency,Frequency MLP,42,9,120.0,180.0,30.0,270.0,0,140,0.0
frequency,Frequency MLP,42,10,120.0,180.0,30.0,300.0,0,140,0.0
frequency,Frequency MLP,42,11,120.0,180.0,30.0,330.0,0,140,0.0
frequency,Frequency MLP,42,12,120.0,180.0,60.0,0.0,2,140,0.014285714285714285
frequency,Frequency MLP,42,13,120.0,180.0,60.0,30.0,0,140,0.0
frequency,Frequency MLP,42,14,120.0,180.0,60.0,60.0,0,140,0.0
frequency,Frequency MLP,42,15,120.0,180.0,60.0,90.0,0,140,0.0
frequency,Frequency MLP,42,16,120.0,180.0,60.0,120.0,0,140,0.0
frequency,Frequency MLP,42,17,120.0,180.0,60.0,150.0,0,140,0.0
frequency,Frequency MLP,42,18,120.0,180.0,60.0,180.0,9,140,0.06428571428571428
frequency,Frequency MLP,42,19,120.0,180.0,60.0,210.0,0,140,0.0
frequency,Frequency MLP,42,20,120.0,180.0,60.0,240.0,0,140,0.0
frequency,Frequency MLP,42,21,120.0,180.0,60.0,270.0,0,140,0.0
frequency,Frequency MLP,42,22,120.0,180.0,60.0,300.0,0,140,0.0
frequency,Frequency MLP,42,23,120.0,180.0,60.0,330.0,0,140,0.0
frequency,Frequency MLP,42,24,120.0,180.0,90.0,0.0,0,140,0.0
frequency,Frequency MLP,42,25,120.0,180.0,90.0,30.0,0,140,0.0
frequency,Frequency MLP,42,26,120.0,180.0,90.0,60.0,0,140,0.0
frequency,Frequency MLP,42,27,120.0,180.0,90.0,90.0,0,140,0.0
frequency,Frequency MLP,42,28,120.0,180.0,90.0,120.0,0,140,0.0
frequency,Frequency MLP,42,29,120.0,180.0,90.0,150.0,0,140,0.0
frequency,Frequency MLP,42,30,120.0,180.0,90.0,180.0,0,140,0.0
frequency,Frequency MLP,42,31,120.0,180.0,90.0,210.0,0,140,0.0
frequency,Frequency MLP,42,32,120.0,180.0,90.0,240.0,0,140,0.0
frequency,Frequency MLP,42,33,120.0,180.0,90.0,270.0,0,140,0.0
frequency,Frequency MLP,42,34,120.0,180.0,90.0,300.0,0,140,0.0
frequency,Frequency MLP,42,35,120.0,180.0,90.0,330.0,0,140,0.0
frequency,Frequency MLP,42,36,120.0,180.0,120.0,0.0,7,140,0.05
frequency,Frequency MLP,42,37,120.0,180.0,120.0,30.0,0,140,0.0
frequency,Frequency MLP,42,38,120.0,180.0,120.0,60.0,0,140,0.0
frequency,Frequency MLP,42,39,120.0,180.0,120.0,90.0,0,140,0.0
frequency,Frequency MLP,42,40,120.0,180.0,120.0,120.0,0,140,0.0
frequency,Frequency MLP,42,41,120.0,180.0,120.0,150.0,0,140,0.0
frequency,Frequency MLP,42,42,120.0,180.0,120.0,180.0,97,140,0.6928571428571428
frequency,Frequency MLP,42,43,120.0,180.0,120.0,210.0,0,140,0.0
frequency,Frequency MLP,42,44,120.0,180.0,120.0,240.0,1,140,0.007142857142857143
frequency,Frequency MLP,42,45,120.0,180.0,120.0,270.0,0,140,0.0
frequency,Frequency MLP,42,46,120.0,180.0,120.0,300.0,0,140,0.0
frequency,Frequency MLP,42,47,120.0,180.0,120.0,330.0,0,140,0.0
frequency,Frequency MLP,42,48,120.0,180.0,150.0,0.0,0,140,0.0
frequency,Frequency MLP,42,49,120.0,180.0,150.0,30.0,0,140,0.0
frequency,Frequency MLP,42,50,120.0,180.0,150.0,60.0,0,140,0.0
frequency,Frequency MLP,42,51,120.0,180.0,150.0,90.0,0,140,0.0
frequency,Frequency MLP,42,52,120.0,180.0,150.0,120.0,0,140,0.0
frequency,Frequency MLP,42,53,120.0,180.0,150.0,150.0,0,140,0.0
frequency,Frequency MLP,42,54,120.0,180.0,150.0,180.0,22,140,0.15714285714285714
frequency,Frequency MLP,42,55,120.0,180.0,150.0,210.0,2,140,0.014285714285714285
frequency,Frequency MLP,42,56,120.0,180.0,150.0,240.0,0,140,0.0
frequency,Frequency MLP,42,57,120.0,180.0,150.0,270.0,0,140,0.0
frequency,Frequency MLP,42,58,120.0,180.0,150.0,300.0,0,140,0.0
frequency,Frequency MLP,42,59,120.0,180.0,150.0,330.0,0,140,0.0
frequency,Frequency MLP,43,0,120.0,210.0,30.0,0.0,0,140,0.0
frequency,Frequency MLP,43,1,120.0,210.0,30.0,30.0,0,140,0.0
frequency,Frequency MLP,43,2,120.0,210.0,30.0,60.0,0,140,0.0
frequency,Frequency MLP,43,3,120.0,210.0,30.0,90.0,0,140,0.0
frequency,Frequency MLP,43,4,120.0,210.0,30.0,120.0,0,140,0.0
frequency,Frequency MLP,43,5,120.0,210.0,30.0,150.0,1,140,0.007142857142857143
frequency,Frequency MLP,43,6,120.0,210.0,30.0,180.0,2,140,0.014285714285714285
frequency,Frequency MLP,43,7,120.0,210.0,30.0,210.0,2,140,0.014285714285714285
frequency,Frequency MLP,43,8,120.0,210.0,30.0,240.0,0,140,0.0
frequency,Frequency MLP,43,9,120.0,210.0,30.0,270.0,0,140,0.0
frequency,Frequency MLP,43,10,120.0,210.0,30.0,300.0,0,140,0.0
frequency,Frequency MLP,43,11,120.0,210.0,30.0,330.0,0,140,0.0
frequency,Frequency MLP,43,12,120.0,210.0,60.0,0.0,0,140,0.0
frequency,Frequency MLP,43,13,120.0,210.0,60.0,30.0,3,140,0.02142857142857143
frequency,Frequency MLP,43,14,120.0,210.0,60.0,60.0,0,140,0.0
frequency,Frequency MLP,43,15,120.0,210.0,60.0,90.0,0,140,0.0
frequency,Frequency MLP,43,16,120.0,210.0,60.0,120.0,0,140,0.0
frequency,Frequency MLP,43,17,120.0,210.0,60.0,150.0,11,140,0.07857142857142857
frequency,Frequency MLP,43,18,120.0,210.0,60.0,180.0,4,140,0.02857142857142857
frequency,Frequency MLP,43,19,120.0,210.0,60.0,210.0,7,140,0.05
frequency,Frequency MLP,43,20,120.0,210.0,60.0,240.0,0,140,0.0
frequency,Frequency MLP,43,21,120.0,210.0,60.0,270.0,0,140,0.0
frequency,Frequency MLP,43,22,120.0,210.0,60.0,300.0,0,140,0.0
frequency,Frequency MLP,43,23,120.0,210.0,60.0,330.0,2,140,0.014285714285714285
frequency,Frequency MLP,43,24,120.0,210.0,90.0,0.0,0,140,0.0
frequency,Frequency MLP,43,25,120.0,210.0,90.0,30.0,0,140,0.0
frequency,Frequency MLP,43,26,120.0,210.0,90.0,60.0,0,140,0.0
frequency,Frequency MLP,43,27,120.0,210.0,90.0,90.0,0,140,0.0
frequency,Frequency MLP,43,28,120.0,210.0,90.0,120.0,0,140,0.0
frequency,Frequency MLP,43,29,120.0,210.0,90.0,150.0,0,140,0.0
frequency,Frequency MLP,43,30,120.0,210.0,90.0,180.0,0,140,0.0
frequency,Frequency MLP,43,31,120.0,210.0,90.0,210.0,0,140,0.0
frequency,Frequency MLP,43,32,120.0,210.0,90.0,240.0,0,140,0.0
frequency,Frequency MLP,43,33,120.0,210.0,90.0,270.0,0,140,0.0
frequency,Frequency MLP,43,34,120.0,210.0,90.0,300.0,0,140,0.0
frequency,Frequency MLP,43,35,120.0,210.0,90.0,330.0,0,140,0.0
frequency,Frequency MLP,43,36,120.0,210.0,120.0,0.0,0,140,0.0
frequency,Frequency MLP,43,37,120.0,210.0,120.0,30.0,21,140,0.15
frequency,Frequency MLP,43,38,120.0,210.0,120.0,60.0,1,140,0.007142857142857143
frequency,Frequency MLP,43,39,120.0,210.0,120.0,90.0,0,140,0.0
frequency,Frequency MLP,43,40,120.0,210.0,120.0,120.0,0,140,0.0
frequency,Frequency MLP,43,41,120.0,210.0,120.0,150.0,5,140,0.03571428571428571
frequency,Frequency MLP,43,42,120.0,210.0,120.0,180.0,6,140,0.04285714285714286
frequency,Frequency MLP,43,43,120.0,210.0,120.0,210.0,74,140,0.5285714285714286
frequency,Frequency MLP,43,44,120.0,210.0,120.0,240.0,0,140,0.0
frequency,Frequency MLP,43,45,120.0,210.0,120.0,270.0,0,140,0.0
frequency,Frequency MLP,43,46,120.0,210.0,120.0,300.0,0,140,0.0
frequency,Frequency MLP,43,47,120.0,210.0,120.0,330.0,1,140,0.007142857142857143
frequency,Frequency MLP,43,48,120.0,210.0,150.0,0.0,0,140,0.0
frequency,Frequency MLP,43,49,120.0,210.0,150.0,30.0,0,140,0.0
frequency,Frequency MLP,43,50,120.0,210.0,150.0,60.0,0,140,0.0
frequency,Frequency MLP,43,51,120.0,210.0,150.0,90.0,0,140,0.0
frequency,Frequency MLP,43,52,120.0,210.0,150.0,120.0,0,140,0.0
frequency,Frequency MLP,43,53,120.0,210.0,150.0,150.0,0,140,0.0
frequency,Frequency MLP,43,54,120.0,210.0,150.0,180.0,0,140,0.0
frequency,Frequency MLP,43,55,120.0,210.0,150.0,210.0,0,140,0.0
frequency,Frequency MLP,43,56,120.0,210.0,150.0,240.0,0,140,0.0
frequency,Frequency MLP,43,57,120.0,210.0,150.0,270.0,0,140,0.0
frequency,Frequency MLP,43,58,120.0,210.0,150.0,300.0,0,140,0.0
frequency,Frequency MLP,43,59,120.0,210.0,150.0,330.0,0,140,0.0
frequency,Frequency MLP,44,0,120.0,240.0,30.0,0.0,0,140,0.0
frequency,Frequency MLP,44,1,120.0,240.0,30.0,30.0,0,140,0.0
frequency,Frequency MLP,44,2,120.0,240.0,30.0,60.0,0,140,0.0
frequency,Frequency MLP,44,3,120.0,240.0,30.0,90.0,0,140,0.0
frequency,Frequency MLP,44,4,120.0,240.0,30.0,120.0,0,140,0.0
frequency,Frequency MLP,44,5,120.0,240.0,30.0,150.0,0,140,0.0
frequency,Frequency MLP,44,6,120.0,240.0,30.0,180.0,0,140,0.0
frequency,Frequency MLP,44,7,120.0,240.0,30.0,210.0,0,140,0.0
frequency,Frequency MLP,44,8,120.0,240.0,30.0,240.0,0,140,0.0
frequency,Frequency MLP,44,9,120.0,240.0,30.0,270.0,1,140,0.007142857142857143
frequency,Frequency MLP,44,10,120.0,240.0,30.0,300.0,0,140,0.0
frequency,Frequency MLP,44,11,120.0,240.0,30.0,330.0,0,140,0.0
frequency,Frequency MLP,44,12,120.0,240.0,60.0,0.0,0,140,0.0
frequency,Frequency MLP,44,13,120.0,240.0,60.0,30.0,0,140,0.0
frequency,Frequency MLP,44,14,120.0,240.0,60.0,60.0,1,140,0.007142857142857143
frequency,Frequency MLP,44,15,120.0,240.0,60.0,90.0,0,140,0.0
frequency,Frequency MLP,44,16,120.0,240.0,60.0,120.0,11,140,0.07857142857142857
frequency,Frequency MLP,44,17,120.0,240.0,60.0,150.0,1,140,0.007142857142857143
frequency,Frequency MLP,44,18,120.0,240.0,60.0,180.0,0,140,0.0
frequency,Frequency MLP,44,19,120.0,240.0,60.0,210.0,1,140,0.007142857142857143
frequency,Frequency MLP,44,20,120.0,240.0,60.0,240.0,5,140,0.03571428571428571
frequency,Frequency MLP,44,21,120.0,240.0,60.0,270.0,1,140,0.007142857142857143
frequency,Frequency MLP,44,22,120.0,240.0,60.0,300.0,0,140,0.0
frequency,Frequency MLP,44,23,120.0,240.0,60.0,330.0,0,140,0.0
frequency,Frequency MLP,44,24,120.0,240.0,90.0,0.0,0,140,0.0
frequency,Frequency MLP,44,25,120.0,240.0,90.0,30.0,0,140,0.0
frequency,Frequency MLP,44,26,120.0,240.0,90.0,60.0,0,140,0.0
frequency,Frequency MLP,44,27,120.0,240.0,90.0,90.0,0,140,0.0
frequency,Frequency MLP,44,28,120.0,240.0,90.0,120.0,0,140,0.0
frequency,Frequency MLP,44,29,120.0,240.0,90.0,150.0,2,140,0.014285714285714285
frequency,Frequency MLP,44,30,120.0,240.0,90.0,180.0,0,140,0.0
frequency,Frequency MLP,44,31,120.0,240.0,90.0,210.0,1,140,0.007142857142857143
frequency,Frequency MLP,44,32,120.0,240.0,90.0,240.0,5,140,0.03571428571428571
frequency,Frequency MLP,44,33,120.0,240.0,90.0,270.0,1,140,0.007142857142857143
frequency,Frequency MLP,44,34,120.0,240.0,90.0,300.0,0,140,0.0
frequency,Frequency MLP,44,35,120.0,240.0,90.0,330.0,1,140,0.007142857142857143
frequency,Frequency MLP,44,36,120.0,240.0,120.0,0.0,0,140,0.0
frequency,Frequency MLP,44,37,120.0,240.0,120.0,30.0,0,140,0.0
frequency,Frequency MLP,44,38,120.0,240.0,120.0,60.0,0,140,0.0
frequency,Frequency MLP,44,39,120.0,240.0,120.0,90.0,4,140,0.02857142857142857
frequency,Frequency MLP,44,40,120.0,240.0,120.0,120.0,6,140,0.04285714285714286
frequency,Frequency MLP,44,41,120.0,240.0,120.0,150.0,1,140,0.007142857142857143
frequency,Frequency MLP,44,42,120.0,240.0,120.0,180.0,0,140,0.0
frequency,Frequency MLP,44,43,120.0,240.0,120.0,210.0,1,140,0.007142857142857143
frequency,Frequency MLP,44,44,120.0,240.0,120.0,240.0,79,140,0.5642857142857143
frequency,Frequency MLP,44,45,120.0,240.0,120.0,270.0,7,140,0.05
frequency,Frequency MLP,44,46,120.0,240.0,120.0,300.0,1,140,0.007142857142857143
frequency,Frequency MLP,44,47,120.0,240.0,120.0,330.0,0,140,0.0
frequency,Frequency MLP,44,48,120.0,240.0,150.0,0.0,0,140,0.0
frequency,Frequency MLP,44,49,120.0,240.0,150.0,30.0,0,140,0.0
frequency,Frequency MLP,44,50,120.0,240.0,150.0,60.0,1,140,0.007142857142857143
frequency,Frequency MLP,44,51,120.0,240.0,150.0,90.0,2,140,0.014285714285714285
frequency,Frequency MLP,44,52,120.0,240.0,150.0,120.0,0,140,0.0
frequency,Frequency MLP,44,53,120.0,240.0,150.0,150.0,0,140,0.0
frequency,Frequency MLP,44,54,120.0,240.0,150.0,180.0,0,140,0.0
frequency,Frequency MLP,44,55,120.0,240.0,150.0,210.0,1,140,0.007142857142857143
frequency,Frequency MLP,44,56,120.0,240.0,150.0,240.0,2,140,0.014285714285714285
frequency,Frequency MLP,44,57,120.0,240.0,150.0,270.0,4,140,0.02857142857142857
frequency,Frequency MLP,44,58,120.0,240.0,150.0,300.0,0,140,0.0
frequency,Frequency MLP,44,59,120.0,240.0,150.0,330.0,0,140,0.0
frequency,Frequency MLP,45,0,120.0,270.0,30.0,0.0,0,140,0.0
frequency,Frequency MLP,45,1,120.0,270.0,30.0,30.0,0,140,0.0
frequency,Frequency MLP,45,2,120.0,270.0,30.0,60.0,0,140,0.0
frequency,Frequency MLP,45,3,120.0,270.0,30.0,90.0,2,140,0.014285714285714285
frequency,Frequency MLP,45,4,120.0,270.0,30.0,120.0,0,140,0.0
frequency,Frequency MLP,45,5,120.0,270.0,30.0,150.0,0,140,0.0
frequency,Frequency MLP,45,6,120.0,270.0,30.0,180.0,0,140,0.0
frequency,Frequency MLP,45,7,120.0,270.0,30.0,210.0,0,140,0.0
frequency,Frequency MLP,45,8,120.0,270.0,30.0,240.0,0,140,0.0
frequency,Frequency MLP,45,9,120.0,270.0,30.0,270.0,0,140,0.0
frequency,Frequency MLP,45,10,120.0,270.0,30.0,300.0,0,140,0.0
frequency,Frequency MLP,45,11,120.0,270.0,30.0,330.0,0,140,0.0
frequency,Frequency MLP,45,12,120.0,270.0,60.0,0.0,0,140,0.0
frequency,Frequency MLP,45,13,120.0,270.0,60.0,30.0,0,140,0.0
frequency,Frequency MLP,45,14,120.0,270.0,60.0,60.0,0,140,0.0
frequency,Frequency MLP,45,15,120.0,270.0,60.0,90.0,7,140,0.05
frequency,Frequency MLP,45,16,120.0,270.0,60.0,120.0,0,140,0.0
frequency,Frequency MLP,45,17,120.0,270.0,60.0,150.0,0,140,0.0
frequency,Frequency MLP,45,18,120.0,270.0,60.0,180.0,0,140,0.0
frequency,Frequency MLP,45,19,120.0,270.0,60.0,210.0,0,140,0.0
frequency,Frequency MLP,45,20,120.0,270.0,60.0,240.0,0,140,0.0
frequency,Frequency MLP,45,21,120.0,270.0,60.0,270.0,4,140,0.02857142857142857
frequency,Frequency MLP,45,22,120.0,270.0,60.0,300.0,1,140,0.007142857142857143
frequency,Frequency MLP,45,23,120.0,270.0,60.0,330.0,0,140,0.0
frequency,Frequency MLP,45,24,120.0,270.0,90.0,0.0,0,140,0.0
frequency,Frequency MLP,45,25,120.0,270.0,90.0,30.0,0,140,0.0
frequency,Frequency MLP,45,26,120.0,270.0,90.0,60.0,0,140,0.0
frequency,Frequency MLP,45,27,120.0,270.0,90.0,90.0,1,140,0.007142857142857143
frequency,Frequency MLP,45,28,120.0,270.0,90.0,120.0,1,140,0.007142857142857143
frequency,Frequency MLP,45,29,120.0,270.0,90.0,150.0,0,140,0.0
frequency,Frequency MLP,45,30,120.0,270.0,90.0,180.0,0,140,0.0
frequency,Frequency MLP,45,31,120.0,270.0,90.0,210.0,0,140,0.0
frequency,Frequency MLP,45,32,120.0,270.0,90.0,240.0,0,140,0.0
frequency,Frequency MLP,45,33,120.0,270.0,90.0,270.0,9,140,0.06428571428571428
frequency,Frequency MLP,45,34,120.0,270.0,90.0,300.0,2,140,0.014285714285714285
frequency,Frequency MLP,45,35,120.0,270.0,90.0,330.0,0,140,0.0
frequency,Frequency MLP,45,36,120.0,270.0,120.0,0.0,0,140,0.0
frequency,Frequency MLP,45,37,120.0,270.0,120.0,30.0,0,140,0.0
frequency,Frequency MLP,45,38,120.0,270.0,120.0,60.0,0,140,0.0
frequency,Frequency MLP,45,39,120.0,270.0,120.0,90.0,13,140,0.09285714285714286
frequency,Frequency MLP,45,40,120.0,270.0,120.0,120.0,0,140,0.0
frequency,Frequency MLP,45,41,120.0,270.0,120.0,150.0,0,140,0.0
frequency,Frequency MLP,45,42,120.0,270.0,120.0,180.0,0,140,0.0
frequency,Frequency MLP,45,43,120.0,270.0,120.0,210.0,0,140,0.0
frequency,Frequency MLP,45,44,120.0,270.0,120.0,240.0,0,140,0.0
frequency,Frequency MLP,45,45,120.0,270.0,120.0,270.0,88,140,0.6285714285714286
frequency,Frequency MLP,45,46,120.0,270.0,120.0,300.0,0,140,0.0
frequency,Frequency MLP,45,47,120.0,270.0,120.0,330.0,0,140,0.0
frequency,Frequency MLP,45,48,120.0,270.0,150.0,0.0,0,140,0.0
frequency,Frequency MLP,45,49,120.0,270.0,150.0,30.0,0,140,0.0
frequency,Frequency MLP,45,50,120.0,270.0,150.0,60.0,0,140,0.0
frequency,Frequency MLP,45,51,120.0,270.0,150.0,90.0,1,140,0.007142857142857143
frequency,Frequency MLP,45,52,120.0,270.0,150.0,120.0,0,140,0.0
frequency,Frequency MLP,45,53,120.0,270.0,150.0,150.0,0,140,0.0
frequency,Frequency MLP,45,54,120.0,270.0,150.0,180.0,0,140,0.0
frequency,Frequency MLP,45,55,120.0,270.0,150.0,210.0,0,140,0.0
frequency,Frequency MLP,45,56,120.0,270.0,150.0,240.0,2,140,0.014285714285714285
frequency,Frequency MLP,45,57,120.0,270.0,150.0,270.0,9,140,0.06428571428571428
frequency,Frequency MLP,45,58,120.0,270.0,150.0,300.0,0,140,0.0
frequency,Frequency MLP,45,59,120.0,270.0,150.0,330.0,0,140,0.0
frequency,Frequency MLP,46,0,120.0,300.0,30.0,0.0,0,140,0.0
frequency,Frequency MLP,46,1,120.0,300.0,30.0,30.0,0,140,0.0
frequency,Frequency MLP,46,2,120.0,300.0,30.0,60.0,4,140,0.02857142857142857
frequency,Frequency MLP,46,3,120.0,300.0,30.0,90.0,0,140,0.0
frequency,Frequency MLP,46,4,120.0,300.0,30.0,120.0,0,140,0.0
frequency,Frequency MLP,46,5,120.0,300.0,30.0,150.0,0,140,0.0
frequency,Frequency MLP,46,6,120.0,300.0,30.0,180.0,0,140,0.0
frequency,Frequency MLP,46,7,120.0,300.0,30.0,210.0,0,140,0.0
frequency,Frequency MLP,46,8,120.0,300.0,30.0,240.0,0,140,0.0
frequency,Frequency MLP,46,9,120.0,300.0,30.0,270.0,0,140,0.0
frequency,Frequency MLP,46,10,120.0,300.0,30.0,300.0,0,140,0.0
frequency,Frequency MLP,46,11,120.0,300.0,30.0,330.0,0,140,0.0
frequency,Frequency MLP,46,12,120.0,300.0,60.0,0.0,0,140,0.0
frequency,Frequency MLP,46,13,120.0,300.0,60.0,30.0,0,140,0.0
frequency,Frequency MLP,46,14,120.0,300.0,60.0,60.0,20,140,0.14285714285714285
frequency,Frequency MLP,46,15,120.0,300.0,60.0,90.0,2,140,0.014285714285714285
frequency,Frequency MLP,46,16,120.0,300.0,60.0,120.0,0,140,0.0
frequency,Frequency MLP,46,17,120.0,300.0,60.0,150.0,0,140,0.0
frequency,Frequency MLP,46,18,120.0,300.0,60.0,180.0,0,140,0.0
frequency,Frequency MLP,46,19,120.0,300.0,60.0,210.0,0,140,0.0
frequency,Frequency MLP,46,20,120.0,300.0,60.0,240.0,0,140,0.0
frequency,Frequency MLP,46,21,120.0,300.0,60.0,270.0,0,140,0.0
frequency,Frequency MLP,46,22,120.0,300.0,60.0,300.0,0,140,0.0
frequency,Frequency MLP,46,23,120.0,300.0,60.0,330.0,0,140,0.0
frequency,Frequency MLP,46,24,120.0,300.0,90.0,0.0,0,140,0.0
frequency,Frequency MLP,46,25,120.0,300.0,90.0,30.0,0,140,0.0
frequency,Frequency MLP,46,26,120.0,300.0,90.0,60.0,0,140,0.0
frequency,Frequency MLP,46,27,120.0,300.0,90.0,90.0,0,140,0.0
frequency,Frequency MLP,46,28,120.0,300.0,90.0,120.0,0,140,0.0
frequency,Frequency MLP,46,29,120.0,300.0,90.0,150.0,0,140,0.0
frequency,Frequency MLP,46,30,120.0,300.0,90.0,180.0,0,140,0.0
frequency,Frequency MLP,46,31,120.0,300.0,90.0,210.0,0,140,0.0
frequency,Frequency MLP,46,32,120.0,300.0,90.0,240.0,0,140,0.0
frequency,Frequency MLP,46,33,120.0,300.0,90.0,270.0,0,140,0.0
frequency,Frequency MLP,46,34,120.0,300.0,90.0,300.0,0,140,0.0
frequency,Frequency MLP,46,35,120.0,300.0,90.0,330.0,0,140,0.0
frequency,Frequency MLP,46,36,120.0,300.0,120.0,0.0,0,140,0.0
frequency,Frequency MLP,46,37,120.0,300.0,120.0,30.0,0,140,0.0
frequency,Frequency MLP,46,38,120.0,300.0,120.0,60.0,1,140,0.007142857142857143
frequency,Frequency MLP,46,39,120.0,300.0,120.0,90.0,1,140,0.007142857142857143
frequency,Frequency MLP,46,40,120.0,300.0,120.0,120.0,0,140,0.0
frequency,Frequency MLP,46,41,120.0,300.0,120.0,150.0,0,140,0.0
frequency,Frequency MLP,46,42,120.0,300.0,120.0,180.0,0,140,0.0
frequency,Frequency MLP,46,43,120.0,300.0,120.0,210.0,0,140,0.0
frequency,Frequency MLP,46,44,120.0,300.0,120.0,240.0,1,140,0.007142857142857143
frequency,Frequency MLP,46,45,120.0,300.0,120.0,270.0,3,140,0.02142857142857143
frequency,Frequency MLP,46,46,120.0,300.0,120.0,300.0,92,140,0.6571428571428571
frequency,Frequency MLP,46,47,120.0,300.0,120.0,330.0,2,140,0.014285714285714285
frequency,Frequency MLP,46,48,120.0,300.0,150.0,0.0,0,140,0.0
frequency,Frequency MLP,46,49,120.0,300.0,150.0,30.0,0,140,0.0
frequency,Frequency MLP,46,50,120.0,300.0,150.0,60.0,0,140,0.0
frequency,Frequency MLP,46,51,120.0,300.0,150.0,90.0,1,140,0.007142857142857143
frequency,Frequency MLP,46,52,120.0,300.0,150.0,120.0,0,140,0.0
frequency,Frequency MLP,46,53,120.0,300.0,150.0,150.0,0,140,0.0
frequency,Frequency MLP,46,54,120.0,300.0,150.0,180.0,0,140,0.0
frequency,Frequency MLP,46,55,120.0,300.0,150.0,210.0,0,140,0.0
frequency,Frequency MLP,46,56,120.0,300.0,150.0,240.0,0,140,0.0
frequency,Frequency MLP,46,57,120.0,300.0,150.0,270.0,0,140,0.0
frequency,Frequency MLP,46,58,120.0,300.0,150.0,300.0,11,140,0.07857142857142857
frequency,Frequency MLP,46,59,120.0,300.0,150.0,330.0,2,140,0.014285714285714285
frequency,Frequency MLP,47,0,120.0,330.0,30.0,0.0,0,140,0.0
frequency,Frequency MLP,47,1,120.0,330.0,30.0,30.0,0,140,0.0
frequency,Frequency MLP,47,2,120.0,330.0,30.0,60.0,0,140,0.0
frequency,Frequency MLP,47,3,120.0,330.0,30.0,90.0,0,140,0.0
frequency,Frequency MLP,47,4,120.0,330.0,30.0,120.0,0,140,0.0
frequency,Frequency MLP,47,5,120.0,330.0,30.0,150.0,0,140,0.0
frequency,Frequency MLP,47,6,120.0,330.0,30.0,180.0,0,140,0.0
frequency,Frequency MLP,47,7,120.0,330.0,30.0,210.0,0,140,0.0
frequency,Frequency MLP,47,8,120.0,330.0,30.0,240.0,0,140,0.0
frequency,Frequency MLP,47,9,120.0,330.0,30.0,270.0,0,140,0.0
frequency,Frequency MLP,47,10,120.0,330.0,30.0,300.0,0,140,0.0
frequency,Frequency MLP,47,11,120.0,330.0,30.0,330.0,0,140,0.0
frequency,Frequency MLP,47,12,120.0,330.0,60.0,0.0,0,140,0.0
frequency,Frequency MLP,47,13,120.0,330.0,60.0,30.0,12,140,0.08571428571428572
frequency,Frequency MLP,47,14,120.0,330.0,60.0,60.0,0,140,0.0
frequency,Frequency MLP,47,15,120.0,330.0,60.0,90.0,0,140,0.0
frequency,Frequency MLP,47,16,120.0,330.0,60.0,120.0,0,140,0.0
frequency,Frequency MLP,47,17,120.0,330.0,60.0,150.0,4,140,0.02857142857142857
frequency,Frequency MLP,47,18,120.0,330.0,60.0,180.0,1,140,0.007142857142857143
frequency,Frequency MLP,47,19,120.0,330.0,60.0,210.0,1,140,0.007142857142857143
frequency,Frequency MLP,47,20,120.0,330.0,60.0,240.0,0,140,0.0
frequency,Frequency MLP,47,21,120.0,330.0,60.0,270.0,0,140,0.0
frequency,Frequency MLP,47,22,120.0,330.0,60.0,300.0,0,140,0.0
frequency,Frequency MLP,47,23,120.0,330.0,60.0,330.0,8,140,0.05714285714285714
frequency,Frequency MLP,47,24,120.0,330.0,90.0,0.0,0,140,0.0
frequency,Frequency MLP,47,25,120.0,330.0,90.0,30.0,0,140,0.0
frequency,Frequency MLP,47,26,120.0,330.0,90.0,60.0,0,140,0.0
frequency,Frequency MLP,47,27,120.0,330.0,90.0,90.0,0,140,0.0
frequency,Frequency MLP,47,28,120.0,330.0,90.0,120.0,0,140,0.0
frequency,Frequency MLP,47,29,120.0,330.0,90.0,150.0,0,140,0.0
frequency,Frequency MLP,47,30,120.0,330.0,90.0,180.0,0,140,0.0
frequency,Frequency MLP,47,31,120.0,330.0,90.0,210.0,0,140,0.0
frequency,Frequency MLP,47,32,120.0,330.0,90.0,240.0,0,140,0.0
frequency,Frequency MLP,47,33,120.0,330.0,90.0,270.0,0,140,0.0
frequency,Frequency MLP,47,34,120.0,330.0,90.0,300.0,0,140,0.0
frequency,Frequency MLP,47,35,120.0,330.0,90.0,330.0,0,140,0.0
frequency,Frequency MLP,47,36,120.0,330.0,120.0,0.0,4,140,0.02857142857142857
frequency,Frequency MLP,47,37,120.0,330.0,120.0,30.0,0,140,0.0
frequency,Frequency MLP,47,38,120.0,330.0,120.0,60.0,0,140,0.0
frequency,Frequency MLP,47,39,120.0,330.0,120.0,90.0,0,140,0.0
frequency,Frequency MLP,47,40,120.0,330.0,120.0,120.0,0,140,0.0
frequency,Frequency MLP,47,41,120.0,330.0,120.0,150.0,3,140,0.02142857142857143
frequency,Frequency MLP,47,42,120.0,330.0,120.0,180.0,0,140,0.0
frequency,Frequency MLP,47,43,120.0,330.0,120.0,210.0,2,140,0.014285714285714285
frequency,Frequency MLP,47,44,120.0,330.0,120.0,240.0,1,140,0.007142857142857143
frequency,Frequency MLP,47,45,120.0,330.0,120.0,270.0,0,140,0.0
frequency,Frequency MLP,47,46,120.0,330.0,120.0,300.0,0,140,0.0
frequency,Frequency MLP,47,47,120.0,330.0,120.0,330.0,103,140,0.7357142857142858
frequency,Frequency MLP,47,48,120.0,330.0,150.0,0.0,0,140,0.0
frequency,Frequency MLP,47,49,120.0,330.0,150.0,30.0,0,140,0.0
frequency,Frequency MLP,47,50,120.0,330.0,150.0,60.0,0,140,0.0
frequency,Frequency MLP,47,51,120.0,330.0,150.0,90.0,0,140,0.0
frequency,Frequency MLP,47,52,120.0,330.0,150.0,120.0,0,140,0.0
frequency,Frequency MLP,47,53,120.0,330.0,150.0,150.0,0,140,0.0
frequency,Frequency MLP,47,54,120.0,330.0,150.0,180.0,0,140,0.0
frequency,Frequency MLP,47,55,120.0,330.0,150.0,210.0,0,140,0.0
frequency,Frequency MLP,47,56,120.0,330.0,150.0,240.0,0,140,0.0
frequency,Frequency MLP,47,57,120.0,330.0,150.0,270.0,0,140,0.0
frequency,Frequency MLP,47,58,120.0,330.0,150.0,300.0,0,140,0.0
frequency,Frequency MLP,47,59,120.0,330.0,150.0,330.0,1,140,0.007142857142857143
frequency,Frequency MLP,48,0,150.0,0.0,30.0,0.0,6,140,0.04285714285714286
frequency,Frequency MLP,48,1,150.0,0.0,30.0,30.0,0,140,0.0
frequency,Frequency MLP,48,2,150.0,0.0,30.0,60.0,0,140,0.0
frequency,Frequency MLP,48,3,150.0,0.0,30.0,90.0,0,140,0.0
frequency,Frequency MLP,48,4,150.0,0.0,30.0,120.0,0,140,0.0
frequency,Frequency MLP,48,5,150.0,0.0,30.0,150.0,0,140,0.0
frequency,Frequency MLP,48,6,150.0,0.0,30.0,180.0,0,140,0.0
frequency,Frequency MLP,48,7,150.0,0.0,30.0,210.0,0,140,0.0
frequency,Frequency MLP,48,8,150.0,0.0,30.0,240.0,0,140,0.0
frequency,Frequency MLP,48,9,150.0,0.0,30.0,270.0,0,140,0.0
frequency,Frequency MLP,48,10,150.0,0.0,30.0,300.0,0,140,0.0
frequency,Frequency MLP,48,11,150.0,0.0,30.0,330.0,0,140,0.0
frequency,Frequency MLP,48,12,150.0,0.0,60.0,0.0,0,140,0.0
frequency,Frequency MLP,48,13,150.0,0.0,60.0,30.0,0,140,0.0
frequency,Frequency MLP,48,14,150.0,0.0,60.0,60.0,0,140,0.0
frequency,Frequency MLP,48,15,150.0,0.0,60.0,90.0,0,140,0.0
frequency,Frequency MLP,48,16,150.0,0.0,60.0,120.0,0,140,0.0
frequency,Frequency MLP,48,17,150.0,0.0,60.0,150.0,0,140,0.0
frequency,Frequency MLP,48,18,150.0,0.0,60.0,180.0,4,140,0.02857142857142857
frequency,Frequency MLP,48,19,150.0,0.0,60.0,210.0,0,140,0.0
frequency,Frequency MLP,48,20,150.0,0.0,60.0,240.0,0,140,0.0
frequency,Frequency MLP,48,21,150.0,0.0,60.0,270.0,0,140,0.0
frequency,Frequency MLP,48,22,150.0,0.0,60.0,300.0,0,140,0.0
frequency,Frequency MLP,48,23,150.0,0.0,60.0,330.0,0,140,0.0
frequency,Frequency MLP,48,24,150.0,0.0,90.0,0.0,0,140,0.0
frequency,Frequency MLP,48,25,150.0,0.0,90.0,30.0,0,140,0.0
frequency,Frequency MLP,48,26,150.0,0.0,90.0,60.0,0,140,0.0
frequency,Frequency MLP,48,27,150.0,0.0,90.0,90.0,0,140,0.0
frequency,Frequency MLP,48,28,150.0,0.0,90.0,120.0,0,140,0.0
frequency,Frequency MLP,48,29,150.0,0.0,90.0,150.0,0,140,0.0
frequency,Frequency MLP,48,30,150.0,0.0,90.0,180.0,0,140,0.0
frequency,Frequency MLP,48,31,150.0,0.0,90.0,210.0,0,140,0.0
frequency,Frequency MLP,48,32,150.0,0.0,90.0,240.0,0,140,0.0
frequency,Frequency MLP,48,33,150.0,0.0,90.0,270.0,0,140,0.0
frequency,Frequency MLP,48,34,150.0,0.0,90.0,300.0,0,140,0.0
frequency,Frequency MLP,48,35,150.0,0.0,90.0,330.0,0,140,0.0
frequency,Frequency MLP,48,36,150.0,0.0,120.0,0.0,18,140,0.12857142857142856
frequency,Frequency MLP,48,37,150.0,0.0,120.0,30.0,2,140,0.014285714285714285
frequency,Frequency MLP,48,38,150.0,0.0,120.0,60.0,0,140,0.0
frequency,Frequency MLP,48,39,150.0,0.0,120.0,90.0,0,140,0.0
frequency,Frequency MLP,48,40,150.0,0.0,120.0,120.0,0,140,0.0
frequency,Frequency MLP,48,41,150.0,0.0,120.0,150.0,0,140,0.0
frequency,Frequency MLP,48,42,150.0,0.0,120.0,180.0,13,140,0.09285714285714286
frequency,Frequency MLP,48,43,150.0,0.0,120.0,210.0,0,140,0.0
frequency,Frequency MLP,48,44,150.0,0.0,120.0,240.0,0,140,0.0
frequency,Frequency MLP,48,45,150.0,0.0,120.0,270.0,0,140,0.0
frequency,Frequency MLP,48,46,150.0,0.0,120.0,300.0,0,140,0.0
frequency,Frequency MLP,48,47,150.0,0.0,120.0,330.0,1,140,0.007142857142857143
frequency,Frequency MLP,48,48,150.0,0.0,150.0,0.0,90,140,0.6428571428571429
frequency,Frequency MLP,48,49,150.0,0.0,150.0,30.0,0,140,0.0
frequency,Frequency MLP,48,50,150.0,0.0,150.0,60.0,0,140,0.0
frequency,Frequency MLP,48,51,150.0,0.0,150.0,90.0,0,140,0.0
frequency,Frequency MLP,48,52,150.0,0.0,150.0,120.0,0,140,0.0
frequency,Frequency MLP,48,53,150.0,0.0,150.0,150.0,0,140,0.0
frequency,Frequency MLP,48,54,150.0,0.0,150.0,180.0,6,140,0.04285714285714286
frequency,Frequency MLP,48,55,150.0,0.0,150.0,210.0,0,140,0.0
frequency,Frequency MLP,48,56,150.0,0.0,150.0,240.0,0,140,0.0
frequency,Frequency MLP,48,57,150.0,0.0,150.0,270.0,0,140,0.0
frequency,Frequency MLP,48,58,150.0,0.0,150.0,300.0,0,140,0.0
frequency,Frequency MLP,48,59,150.0,0.0,150.0,330.0,0,140,0.0
frequency,Frequency MLP,49,0,150.0,30.0,30.0,0.0,0,140,0.0
frequency,Frequency MLP,49,1,150.0,30.0,30.0,30.0,2,140,0.014285714285714285
frequency,Frequency MLP,49,2,150.0,30.0,30.0,60.0,0,140,0.0
frequency,Frequency MLP,49,3,150.0,30.0,30.0,90.0,0,140,0.0
frequency,Frequency MLP,49,4,150.0,30.0,30.0,120.0,0,140,0.0
frequency,Frequency MLP,49,5,150.0,30.0,30.0,150.0,2,140,0.014285714285714285
frequency,Frequency MLP,49,6,150.0,30.0,30.0,180.0,1,140,0.007142857142857143
frequency,Frequency MLP,49,7,150.0,30.0,30.0,210.0,1,140,0.007142857142857143
frequency,Frequency MLP,49,8,150.0,30.0,30.0,240.0,0,140,0.0
frequency,Frequency MLP,49,9,150.0,30.0,30.0,270.0,0,140,0.0
frequency,Frequency MLP,49,10,150.0,30.0,30.0,300.0,0,140,0.0
frequency,Frequency MLP,49,11,150.0,30.0,30.0,330.0,4,140,0.02857142857142857
frequency,Frequency MLP,49,12,150.0,30.0,60.0,0.0,0,140,0.0
frequency,Frequency MLP,49,13,150.0,30.0,60.0,30.0,1,140,0.007142857142857143
frequency,Frequency MLP,49,14,150.0,30.0,60.0,60.0,0,140,0.0
frequency,Frequency MLP,49,15,150.0,30.0,60.0,90.0,0,140,0.0
frequency,Frequency MLP,49,16,150.0,30.0,60.0,120.0,0,140,0.0
frequency,Frequency MLP,49,17,150.0,30.0,60.0,150.0,0,140,0.0
frequency,Frequency MLP,49,18,150.0,30.0,60.0,180.0,0,140,0.0
frequency,Frequency MLP,49,19,150.0,30.0,60.0,210.0,0,140,0.0
frequency,Frequency MLP,49,20,150.0,30.0,60.0,240.0,0,140,0.0
frequency,Frequency MLP,49,21,150.0,30.0,60.0,270.0,0,140,0.0
frequency,Frequency MLP,49,22,150.0,30.0,60.0,300.0,0,140,0.0
frequency,Frequency MLP,49,23,150.0,30.0,60.0,330.0,1,140,0.007142857142857143
frequency,Frequency MLP,49,24,150.0,30.0,90.0,0.0,0,140,0.0
frequency,Frequency MLP,49,25,150.0,30.0,90.0,30.0,0,140,0.0
frequency,Frequency MLP,49,26,150.0,30.0,90.0,60.0,0,140,0.0
frequency,Frequency MLP,49,27,150.0,30.0,90.0,90.0,0,140,0.0
frequency,Frequency MLP,49,28,150.0,30.0,90.0,120.0,0,140,0.0
frequency,Frequency MLP,49,29,150.0,30.0,90.0,150.0,0,140,0.0
frequency,Frequency MLP,49,30,150.0,30.0,90.0,180.0,0,140,0.0
frequency,Frequency MLP,49,31,150.0,30.0,90.0,210.0,0,140,0.0
frequency,Frequency MLP,49,32,150.0,30.0,90.0,240.0,0,140,0.0
frequency,Frequency MLP,49,33,150.0,30.0,90.0,270.0,0,140,0.0
frequency,Frequency MLP,49,34,150.0,30.0,90.0,300.0,0,140,0.0
frequency,Frequency MLP,49,35,150.0,30.0,90.0,330.0,0,140,0.0
frequency,Frequency MLP,49,36,150.0,30.0,120.0,0.0,3,140,0.02142857142857143
frequency,Frequency MLP,49,37,150.0,30.0,120.0,30.0,7,140,0.05
frequency,Frequency MLP,49,38,150.0,30.0,120.0,60.0,0,140,0.0
frequency,Frequency MLP,49,39,150.0,30.0,120.0,90.0,0,140,0.0
frequency,Frequency MLP,49,40,150.0,30.0,120.0,120.0,1,140,0.007142857142857143
frequency,Frequency MLP,49,41,150.0,30.0,120.0,150.0,0,140,0.0
frequency,Frequency MLP,49,42,150.0,30.0,120.0,180.0,0,140,0.0
frequency,Frequency MLP,49,43,150.0,30.0,120.0,210.0,0,140,0.0
frequency,Frequency MLP,49,44,150.0,30.0,120.0,240.0,0,140,0.0
frequency,Frequency MLP,49,45,150.0,30.0,120.0,270.0,0,140,0.0
frequency,Frequency MLP,49,46,150.0,30.0,120.0,300.0,0,140,0.0
frequency,Frequency MLP,49,47,150.0,30.0,120.0,330.0,0,140,0.0
frequency,Frequency MLP,49,48,150.0,30.0,150.0,0.0,2,140,0.014285714285714285
frequency,Frequency MLP,49,49,150.0,30.0,150.0,30.0,101,140,0.7214285714285714
frequency,Frequency MLP,49,50,150.0,30.0,150.0,60.0,1,140,0.007142857142857143
frequency,Frequency MLP,49,51,150.0,30.0,150.0,90.0,0,140,0.0
frequency,Frequency MLP,49,52,150.0,30.0,150.0,120.0,0,140,0.0
frequency,Frequency MLP,49,53,150.0,30.0,150.0,150.0,0,140,0.0
frequency,Frequency MLP,49,54,150.0,30.0,150.0,180.0,0,140,0.0
frequency,Frequency MLP,49,55,150.0,30.0,150.0,210.0,13,140,0.09285714285714286
frequency,Frequency MLP,49,56,150.0,30.0,150.0,240.0,0,140,0.0
frequency,Frequency MLP,49,57,150.0,30.0,150.0,270.0,0,140,0.0
frequency,Frequency MLP,49,58,150.0,30.0,150.0,300.0,0,140,0.0
frequency,Frequency MLP,49,59,150.0,30.0,150.0,330.0,0,140,0.0
frequency,Frequency MLP,50,0,150.0,60.0,30.0,0.0,0,140,0.0
frequency,Frequency MLP,50,1,150.0,60.0,30.0,30.0,2,140,0.014285714285714285
frequency,Frequency MLP,50,2,150.0,60.0,30.0,60.0,9,140,0.06428571428571428
frequency,Frequency MLP,50,3,150.0,60.0,30.0,90.0,3,140,0.02142857142857143
frequency,Frequency MLP,50,4,150.0,60.0,30.0,120.0,1,140,0.007142857142857143
frequency,Frequency MLP,50,5,150.0,60.0,30.0,150.0,0,140,0.0
frequency,Frequency MLP,50,6,150.0,60.0,30.0,180.0,0,140,0.0
frequency,Frequency MLP,50,7,150.0,60.0,30.0,210.0,0,140,0.0
frequency,Frequency MLP,50,8,150.0,60.0,30.0,240.0,0,140,0.0
frequency,Frequency MLP,50,9,150.0,60.0,30.0,270.0,0,140,0.0
frequency,Frequency MLP,50,10,150.0,60.0,30.0,300.0,12,140,0.08571428571428572
frequency,Frequency MLP,50,11,150.0,60.0,30.0,330.0,0,140,0.0
frequency,Frequency MLP,50,12,150.0,60.0,60.0,0.0,0,140,0.0
frequency,Frequency MLP,50,13,150.0,60.0,60.0,30.0,0,140,0.0
frequency,Frequency MLP,50,14,150.0,60.0,60.0,60.0,0,140,0.0
frequency,Frequency MLP,50,15,150.0,60.0,60.0,90.0,0,140,0.0
frequency,Frequency MLP,50,16,150.0,60.0,60.0,120.0,0,140,0.0
frequency,Frequency MLP,50,17,150.0,60.0,60.0,150.0,0,140,0.0
frequency,Frequency MLP,50,18,150.0,60.0,60.0,180.0,0,140,0.0
frequency,Frequency MLP,50,19,150.0,60.0,60.0,210.0,0,140,0.0
frequency,Frequency MLP,50,20,150.0,60.0,60.0,240.0,0,140,0.0
frequency,Frequency MLP,50,21,150.0,60.0,60.0,270.0,0,140,0.0
frequency,Frequency MLP,50,22,150.0,60.0,60.0,300.0,0,140,0.0
frequency,Frequency MLP,50,23,150.0,60.0,60.0,330.0,0,140,0.0
frequency,Frequency MLP,50,24,150.0,60.0,90.0,0.0,0,140,0.0
frequency,Frequency MLP,50,25,150.0,60.0,90.0,30.0,0,140,0.0
frequency,Frequency MLP,50,26,150.0,60.0,90.0,60.0,0,140,0.0
frequency,Frequency MLP,50,27,150.0,60.0,90.0,90.0,0,140,0.0
frequency,Frequency MLP,50,28,150.0,60.0,90.0,120.0,0,140,0.0
frequency,Frequency MLP,50,29,150.0,60.0,90.0,150.0,0,140,0.0
frequency,Frequency MLP,50,30,150.0,60.0,90.0,180.0,0,140,0.0
frequency,Frequency MLP,50,31,150.0,60.0,90.0,210.0,0,140,0.0
frequency,Frequency MLP,50,32,150.0,60.0,90.0,240.0,0,140,0.0
frequency,Frequency MLP,50,33,150.0,60.0,90.0,270.0,0,140,0.0
frequency,Frequency MLP,50,34,150.0,60.0,90.0,300.0,0,140,0.0
frequency,Frequency MLP,50,35,150.0,60.0,90.0,330.0,0,140,0.0
frequency,Frequency MLP,50,36,150.0,60.0,120.0,0.0,0,140,0.0
frequency,Frequency MLP,50,37,150.0,60.0,120.0,30.0,0,140,0.0
frequency,Frequency MLP,50,38,150.0,60.0,120.0,60.0,0,140,0.0
frequency,Frequency MLP,50,39,150.0,60.0,120.0,90.0,0,140,0.0
frequency,Frequency MLP,50,40,150.0,60.0,120.0,120.0,0,140,0.0
frequency,Frequency MLP,50,41,150.0,60.0,120.0,150.0,0,140,0.0
frequency,Frequency MLP,50,42,150.0,60.0,120.0,180.0,0,140,0.0
frequency,Frequency MLP,50,43,150.0,60.0,120.0,210.0,0,140,0.0
frequency,Frequency MLP,50,44,150.0,60.0,120.0,240.0,0,140,0.0
frequency,Frequency MLP,50,45,150.0,60.0,120.0,270.0,0,140,0.0
frequency,Frequency MLP,50,46,150.0,60.0,120.0,300.0,0,140,0.0
frequency,Frequency MLP,50,47,150.0,60.0,120.0,330.0,0,140,0.0
frequency,Frequency MLP,50,48,150.0,60.0,150.0,0.0,0,140,0.0
frequency,Frequency MLP,50,49,150.0,60.0,150.0,30.0,0,140,0.0
frequency,Frequency MLP,50,50,150.0,60.0,150.0,60.0,107,140,0.7642857142857142
frequency,Frequency MLP,50,51,150.0,60.0,150.0,90.0,0,140,0.0
frequency,Frequency MLP,50,52,150.0,60.0,150.0,120.0,2,140,0.014285714285714285
frequency,Frequency MLP,50,53,150.0,60.0,150.0,150.0,0,140,0.0
frequency,Frequency MLP,50,54,150.0,60.0,150.0,180.0,0,140,0.0
frequency,Frequency MLP,50,55,150.0,60.0,150.0,210.0,0,140,0.0
frequency,Frequency MLP,50,56,150.0,60.0,150.0,240.0,2,140,0.014285714285714285
frequency,Frequency MLP,50,57,150.0,60.0,150.0,270.0,2,140,0.014285714285714285
frequency,Frequency MLP,50,58,150.0,60.0,150.0,300.0,0,140,0.0
frequency,Frequency MLP,50,59,150.0,60.0,150.0,330.0,0,140,0.0
frequency,Frequency MLP,51,0,150.0,90.0,30.0,0.0,0,140,0.0
frequency,Frequency MLP,51,1,150.0,90.0,30.0,30.0,0,140,0.0
frequency,Frequency MLP,51,2,150.0,90.0,30.0,60.0,0,140,0.0
frequency,Frequency MLP,51,3,150.0,90.0,30.0,90.0,4,140,0.02857142857142857
frequency,Frequency MLP,51,4,150.0,90.0,30.0,120.0,0,140,0.0
frequency,Frequency MLP,51,5,150.0,90.0,30.0,150.0,0,140,0.0
frequency,Frequency MLP,51,6,150.0,90.0,30.0,180.0,0,140,0.0
frequency,Frequency MLP,51,7,150.0,90.0,30.0,210.0,0,140,0.0
frequency,Frequency MLP,51,8,150.0,90.0,30.0,240.0,2,140,0.014285714285714285
frequency,Frequency MLP,51,9,150.0,90.0,30.0,270.0,14,140,0.1
frequency,Frequency MLP,51,10,150.0,90.0,30.0,300.0,0,140,0.0
frequency,Frequency MLP,51,11,150.0,90.0,30.0,330.0,0,140,0.0
frequency,Frequency MLP,51,12,150.0,90.0,60.0,0.0,0,140,0.0
frequency,Frequency MLP,51,13,150.0,90.0,60.0,30.0,0,140,0.0
frequency,Frequency MLP,51,14,150.0,90.0,60.0,60.0,0,140,0.0
frequency,Frequency MLP,51,15,150.0,90.0,60.0,90.0,0,140,0.0
frequency,Frequency MLP,51,16,150.0,90.0,60.0,120.0,0,140,0.0
frequency,Frequency MLP,51,17,150.0,90.0,60.0,150.0,0,140,0.0
frequency,Frequency MLP,51,18,150.0,90.0,60.0,180.0,0,140,0.0
frequency,Frequency MLP,51,19,150.0,90.0,60.0,210.0,0,140,0.0
frequency,Frequency MLP,51,20,150.0,90.0,60.0,240.0,0,140,0.0
frequency,Frequency MLP,51,21,150.0,90.0,60.0,270.0,0,140,0.0
frequency,Frequency MLP,51,22,150.0,90.0,60.0,300.0,0,140,0.0
frequency,Frequency MLP,51,23,150.0,90.0,60.0,330.0,0,140,0.0
frequency,Frequency MLP,51,24,150.0,90.0,90.0,0.0,0,140,0.0
frequency,Frequency MLP,51,25,150.0,90.0,90.0,30.0,0,140,0.0
frequency,Frequency MLP,51,26,150.0,90.0,90.0,60.0,0,140,0.0
frequency,Frequency MLP,51,27,150.0,90.0,90.0,90.0,0,140,0.0
frequency,Frequency MLP,51,28,150.0,90.0,90.0,120.0,0,140,0.0
frequency,Frequency MLP,51,29,150.0,90.0,90.0,150.0,0,140,0.0
frequency,Frequency MLP,51,30,150.0,90.0,90.0,180.0,0,140,0.0
frequency,Frequency MLP,51,31,150.0,90.0,90.0,210.0,0,140,0.0
frequency,Frequency MLP,51,32,150.0,90.0,90.0,240.0,0,140,0.0
frequency,Frequency MLP,51,33,150.0,90.0,90.0,270.0,0,140,0.0
frequency,Frequency MLP,51,34,150.0,90.0,90.0,300.0,0,140,0.0
frequency,Frequency MLP,51,35,150.0,90.0,90.0,330.0,0,140,0.0
frequency,Frequency MLP,51,36,150.0,90.0,120.0,0.0,0,140,0.0
frequency,Frequency MLP,51,37,150.0,90.0,120.0,30.0,0,140,0.0
frequency,Frequency MLP,51,38,150.0,90.0,120.0,60.0,0,140,0.0
frequency,Frequency MLP,51,39,150.0,90.0,120.0,90.0,0,140,0.0
frequency,Frequency MLP,51,40,150.0,90.0,120.0,120.0,0,140,0.0
frequency,Frequency MLP,51,41,150.0,90.0,120.0,150.0,0,140,0.0
frequency,Frequency MLP,51,42,150.0,90.0,120.0,180.0,0,140,0.0
frequency,Frequency MLP,51,43,150.0,90.0,120.0,210.0,0,140,0.0
frequency,Frequency MLP,51,44,150.0,90.0,120.0,240.0,0,140,0.0
frequency,Frequency MLP,51,45,150.0,90.0,120.0,270.0,4,140,0.02857142857142857
frequency,Frequency MLP,51,46,150.0,90.0,120.0,300.0,0,140,0.0
frequency,Frequency MLP,51,47,150.0,90.0,120.0,330.0,0,140,0.0
frequency,Frequency MLP,51,48,150.0,90.0,150.0,0.0,0,140,0.0
frequency,Frequency MLP,51,49,150.0,90.0,150.0,30.0,0,140,0.0
frequency,Frequency MLP,51,50,150.0,90.0,150.0,60.0,0,140,0.0
frequency,Frequency MLP,51,51,150.0,90.0,150.0,90.0,104,140,0.7428571428571429
frequency,Frequency MLP,51,52,150.0,90.0,150.0,120.0,0,140,0.0
frequency,Frequency MLP,51,53,150.0,90.0,150.0,150.0,0,140,0.0
frequency,Frequency MLP,51,54,150.0,90.0,150.0,180.0,0,140,0.0
frequency,Frequency MLP,51,55,150.0,90.0,150.0,210.0,0,140,0.0
frequency,Frequency MLP,51,56,150.0,90.0,150.0,240.0,2,140,0.014285714285714285
frequency,Frequency MLP,51,57,150.0,90.0,150.0,270.0,10,140,0.07142857142857142
frequency,Frequency MLP,51,58,150.0,90.0,150.0,300.0,0,140,0.0
frequency,Frequency MLP,51,59,150.0,90.0,150.0,330.0,0,140,0.0
frequency,Frequency MLP,52,0,150.0,120.0,30.0,0.0,0,140,0.0
frequency,Frequency MLP,52,1,150.0,120.0,30.0,30.0,0,140,0.0
frequency,Frequency MLP,52,2,150.0,120.0,30.0,60.0,14,140,0.1
frequency,Frequency MLP,52,3,150.0,120.0,30.0,90.0,0,140,0.0
frequency,Frequency MLP,52,4,150.0,120.0,30.0,120.0,0,140,0.0
frequency,Frequency MLP,52,5,150.0,120.0,30.0,150.0,0,140,0.0
frequency,Frequency MLP,52,6,150.0,120.0,30.0,180.0,0,140,0.0
frequency,Frequency MLP,52,7,150.0,120.0,30.0,210.0,0,140,0.0
frequency,Frequency MLP,52,8,150.0,120.0,30.0,240.0,8,140,0.05714285714285714
frequency,Frequency MLP,52,9,150.0,120.0,30.0,270.0,0,140,0.0
frequency,Frequency MLP,52,10,150.0,120.0,30.0,300.0,0,140,0.0
frequency,Frequency MLP,52,11,150.0,120.0,30.0,330.0,0,140,0.0
frequency,Frequency MLP,52,12,150.0,120.0,60.0,0.0,0,140,0.0
frequency,Frequency MLP,52,13,150.0,120.0,60.0,30.0,0,140,0.0
frequency,Frequency MLP,52,14,150.0,120.0,60.0,60.0,0,140,0.0
frequency,Frequency MLP,52,15,150.0,120.0,60.0,90.0,0,140,0.0
frequency,Frequency MLP,52,16,150.0,120.0,60.0,120.0,0,140,0.0
frequency,Frequency MLP,52,17,150.0,120.0,60.0,150.0,0,140,0.0
frequency,Frequency MLP,52,18,150.0,120.0,60.0,180.0,0,140,0.0
frequency,Frequency MLP,52,19,150.0,120.0,60.0,210.0,0,140,0.0
frequency,Frequency MLP,52,20,150.0,120.0,60.0,240.0,0,140,0.0
frequency,Frequency MLP,52,21,150.0,120.0,60.0,270.0,0,140,0.0
frequency,Frequency MLP,52,22,150.0,120.0,60.0,300.0,0,140,0.0
frequency,Frequency MLP,52,23,150.0,120.0,60.0,330.0,0,140,0.0
frequency,Frequency MLP,52,24,150.0,120.0,90.0,0.0,0,140,0.0
frequency,Frequency MLP,52,25,150.0,120.0,90.0,30.0,0,140,0.0
frequency,Frequency MLP,52,26,150.0,120.0,90.0,60.0,0,140,0.0
frequency,Frequency MLP,52,27,150.0,120.0,90.0,90.0,0,140,0.0
frequency,Frequency MLP,52,28,150.0,120.0,90.0,120.0,0,140,0.0
frequency,Frequency MLP,52,29,150.0,120.0,90.0,150.0,0,140,0.0
frequency,Frequency MLP,52,30,150.0,120.0,90.0,180.0,0,140,0.0
frequency,Frequency MLP,52,31,150.0,120.0,90.0,210.0,0,140,0.0
frequency,Frequency MLP,52,32,150.0,120.0,90.0,240.0,0,140,0.0
frequency,Frequency MLP,52,33,150.0,120.0,90.0,270.0,0,140,0.0
frequency,Frequency MLP,52,34,150.0,120.0,90.0,300.0,1,140,0.007142857142857143
frequency,Frequency MLP,52,35,150.0,120.0,90.0,330.0,0,140,0.0
frequency,Frequency MLP,52,36,150.0,120.0,120.0,0.0,0,140,0.0
frequency,Frequency MLP,52,37,150.0,120.0,120.0,30.0,0,140,0.0
frequency,Frequency MLP,52,38,150.0,120.0,120.0,60.0,0,140,0.0
frequency,Frequency MLP,52,39,150.0,120.0,120.0,90.0,0,140,0.0
frequency,Frequency MLP,52,40,150.0,120.0,120.0,120.0,0,140,0.0
frequency,Frequency MLP,52,41,150.0,120.0,120.0,150.0,0,140,0.0
frequency,Frequency MLP,52,42,150.0,120.0,120.0,180.0,0,140,0.0
frequency,Frequency MLP,52,43,150.0,120.0,120.0,210.0,0,140,0.0
frequency,Frequency MLP,52,44,150.0,120.0,120.0,240.0,0,140,0.0
frequency,Frequency MLP,52,45,150.0,120.0,120.0,270.0,2,140,0.014285714285714285
frequency,Frequency MLP,52,46,150.0,120.0,120.0,300.0,1,140,0.007142857142857143
frequency,Frequency MLP,52,47,150.0,120.0,120.0,330.0,3,140,0.02142857142857143
frequency,Frequency MLP,52,48,150.0,120.0,150.0,0.0,0,140,0.0
frequency,Frequency MLP,52,49,150.0,120.0,150.0,30.0,0,140,0.0
frequency,Frequency MLP,52,50,150.0,120.0,150.0,60.0,0,140,0.0
frequency,Frequency MLP,52,51,150.0,120.0,150.0,90.0,3,140,0.02142857142857143
frequency,Frequency MLP,52,52,150.0,120.0,150.0,120.0,108,140,0.7714285714285715
frequency,Frequency MLP,52,53,150.0,120.0,150.0,150.0,0,140,0.0
frequency,Frequency MLP,52,54,150.0,120.0,150.0,180.0,0,140,0.0
frequency,Frequency MLP,52,55,150.0,120.0,150.0,210.0,0,140,0.0
frequency,Frequency MLP,52,56,150.0,120.0,150.0,240.0,0,140,0.0
frequency,Frequency MLP,52,57,150.0,120.0,150.0,270.0,0,140,0.0
frequency,Frequency MLP,52,58,150.0,120.0,150.0,300.0,0,140,0.0
frequency,Frequency MLP,52,59,150.0,120.0,150.0,330.0,0,140,0.0
frequency,Frequency MLP,53,0,150.0,150.0,30.0,0.0,0,140,0.0
frequency,Frequency MLP,53,1,150.0,150.0,30.0,30.0,4,140,0.02857142857142857
frequency,Frequency MLP,53,2,150.0,150.0,30.0,60.0,0,140,0.0
frequency,Frequency MLP,53,3,150.0,150.0,30.0,90.0,0,140,0.0
frequency,Frequency MLP,53,4,150.0,150.0,30.0,120.0,0,140,0.0
frequency,Frequency MLP,53,5,150.0,150.0,30.0,150.0,3,140,0.02142857142857143
frequency,Frequency MLP,53,6,150.0,150.0,30.0,180.0,5,140,0.03571428571428571
frequency,Frequency MLP,53,7,150.0,150.0,30.0,210.0,2,140,0.014285714285714285
frequency,Frequency MLP,53,8,150.0,150.0,30.0,240.0,0,140,0.0
frequency,Frequency MLP,53,9,150.0,150.0,30.0,270.0,0,140,0.0
frequency,Frequency MLP,53,10,150.0,150.0,30.0,300.0,0,140,0.0
frequency,Frequency MLP,53,11,150.0,150.0,30.0,330.0,0,140,0.0
frequency,Frequency MLP,53,12,150.0,150.0,60.0,0.0,0,140,0.0
frequency,Frequency MLP,53,13,150.0,150.0,60.0,30.0,0,140,0.0
frequency,Frequency MLP,53,14,150.0,150.0,60.0,60.0,0,140,0.0
frequency,Frequency MLP,53,15,150.0,150.0,60.0,90.0,0,140,0.0
frequency,Frequency MLP,53,16,150.0,150.0,60.0,120.0,0,140,0.0
frequency,Frequency MLP,53,17,150.0,150.0,60.0,150.0,3,140,0.02142857142857143
frequency,Frequency MLP,53,18,150.0,150.0,60.0,180.0,0,140,0.0
frequency,Frequency MLP,53,19,150.0,150.0,60.0,210.0,0,140,0.0
frequency,Frequency MLP,53,20,150.0,150.0,60.0,240.0,0,140,0.0
frequency,Frequency MLP,53,21,150.0,150.0,60.0,270.0,0,140,0.0
frequency,Frequency MLP,53,22,150.0,150.0,60.0,300.0,0,140,0.0
frequency,Frequency MLP,53,23,150.0,150.0,60.0,330.0,1,140,0.007142857142857143
frequency,Frequency MLP,53,24,150.0,150.0,90.0,0.0,0,140,0.0
frequency,Frequency MLP,53,25,150.0,150.0,90.0,30.0,0,140,0.0
frequency,Frequency MLP,53,26,150.0,150.0,90.0,60.0,0,140,0.0
frequency,Frequency MLP,53,27,150.0,150.0,90.0,90.0,0,140,0.0
frequency,Frequency MLP,53,28,150.0,150.0,90.0,120.0,0,140,0.0
frequency,Frequency MLP,53,29,150.0,150.0,90.0,150.0,0,140,0.0
frequency,Frequency MLP,53,30,150.0,150.0,90.0,180.0,0,140,0.0
frequency,Frequency MLP,53,31,150.0,150.0,90.0,210.0,0,140,0.0
frequency,Frequency MLP,53,32,150.0,150.0,90.0,240.0,0,140,0.0
frequency,Frequency MLP,53,33,150.0,150.0,90.0,270.0,0,140,0.0
frequency,Frequency MLP,53,34,150.0,150.0,90.0,300.0,0,140,0.0
frequency,Frequency MLP,53,35,150.0,150.0,90.0,330.0,0,140,0.0
frequency,Frequency MLP,53,36,150.0,150.0,120.0,0.0,0,140,0.0
frequency,Frequency MLP,53,37,150.0,150.0,120.0,30.0,0,140,0.0
frequency,Frequency MLP,53,38,150.0,150.0,120.0,60.0,0,140,0.0
frequency,Frequency MLP,53,39,150.0,150.0,120.0,90.0,0,140,0.0
frequency,Frequency MLP,53,40,150.0,150.0,120.0,120.0,0,140,0.0
frequency,Frequency MLP,53,41,150.0,150.0,120.0,150.0,5,140,0.03571428571428571
frequency,Frequency MLP,53,42,150.0,150.0,120.0,180.0,0,140,0.0
frequency,Frequency MLP,53,43,150.0,150.0,120.0,210.0,1,140,0.007142857142857143
frequency,Frequency MLP,53,44,150.0,150.0,120.0,240.0,0,140,0.0
frequency,Frequency MLP,53,45,150.0,150.0,120.0,270.0,0,140,0.0
frequency,Frequency MLP,53,46,150.0,150.0,120.0,300.0,0,140,0.0
frequency,Frequency MLP,53,47,150.0,150.0,120.0,330.0,1,140,0.007142857142857143
frequency,Frequency MLP,53,48,150.0,150.0,150.0,0.0,2,140,0.014285714285714285
frequency,Frequency MLP,53,49,150.0,150.0,150.0,30.0,2,140,0.014285714285714285
frequency,Frequency MLP,53,50,150.0,150.0,150.0,60.0,0,140,0.0
frequency,Frequency MLP,53,51,150.0,150.0,150.0,90.0,0,140,0.0
frequency,Frequency MLP,53,52,150.0,150.0,150.0,120.0,0,140,0.0
frequency,Frequency MLP,53,53,150.0,150.0,150.0,150.0,105,140,0.75
frequency,Frequency MLP,53,54,150.0,150.0,150.0,180.0,0,140,0.0
frequency,Frequency MLP,53,55,150.0,150.0,150.0,210.0,0,140,0.0
frequency,Frequency MLP,53,56,150.0,150.0,150.0,240.0,0,140,0.0
frequency,Frequency MLP,53,57,150.0,150.0,150.0,270.0,0,140,0.0
frequency,Frequency MLP,53,58,150.0,150.0,150.0,300.0,0,140,0.0
frequency,Frequency MLP,53,59,150.0,150.0,150.0,330.0,6,140,0.04285714285714286
frequency,Frequency MLP,54,0,150.0,180.0,30.0,0.0,0,140,0.0
frequency,Frequency MLP,54,1,150.0,180.0,30.0,30.0,0,140,0.0
frequency,Frequency MLP,54,2,150.0,180.0,30.0,60.0,0,140,0.0
frequency,Frequency MLP,54,3,150.0,180.0,30.0,90.0,0,140,0.0
frequency,Frequency MLP,54,4,150.0,180.0,30.0,120.0,0,140,0.0
frequency,Frequency MLP,54,5,150.0,180.0,30.0,150.0,0,140,0.0
frequency,Frequency MLP,54,6,150.0,180.0,30.0,180.0,2,140,0.014285714285714285
frequency,Frequency MLP,54,7,150.0,180.0,30.0,210.0,0,140,0.0
frequency,Frequency MLP,54,8,150.0,180.0,30.0,240.0,0,140,0.0
frequency,Frequency MLP,54,9,150.0,180.0,30.0,270.0,0,140,0.0
frequency,Frequency MLP,54,10,150.0,180.0,30.0,300.0,0,140,0.0
frequency,Frequency MLP,54,11,150.0,180.0,30.0,330.0,0,140,0.0
frequency,Frequency MLP,54,12,150.0,180.0,60.0,0.0,4,140,0.02857142857142857
frequency,Frequency MLP,54,13,150.0,180.0,60.0,30.0,0,140,0.0
frequency,Frequency MLP,54,14,150.0,180.0,60.0,60.0,0,140,0.0
frequency,Frequency MLP,54,15,150.0,180.0,60.0,90.0,0,140,0.0
frequency,Frequency MLP,54,16,150.0,180.0,60.0,120.0,0,140,0.0
frequency,Frequency MLP,54,17,150.0,180.0,60.0,150.0,0,140,0.0
frequency,Frequency MLP,54,18,150.0,180.0,60.0,180.0,4,140,0.02857142857142857
frequency,Frequency MLP,54,19,150.0,180.0,60.0,210.0,0,140,0.0
frequency,Frequency MLP,54,20,150.0,180.0,60.0,240.0,0,140,0.0
frequency,Frequency MLP,54,21,150.0,180.0,60.0,270.0,0,140,0.0
frequency,Frequency MLP,54,22,150.0,180.0,60.0,300.0,0,140,0.0
frequency,Frequency MLP,54,23,150.0,180.0,60.0,330.0,0,140,0.0
frequency,Frequency MLP,54,24,150.0,180.0,90.0,0.0,2,140,0.014285714285714285
frequency,Frequency MLP,54,25,150.0,180.0,90.0,30.0,0,140,0.0
frequency,Frequency MLP,54,26,150.0,180.0,90.0,60.0,0,140,0.0
frequency,Frequency MLP,54,27,150.0,180.0,90.0,90.0,0,140,0.0
frequency,Frequency MLP,54,28,150.0,180.0,90.0,120.0,0,140,0.0
frequency,Frequency MLP,54,29,150.0,180.0,90.0,150.0,0,140,0.0
frequency,Frequency MLP,54,30,150.0,180.0,90.0,180.0,0,140,0.0
frequency,Frequency MLP,54,31,150.0,180.0,90.0,210.0,0,140,0.0
frequency,Frequency MLP,54,32,150.0,180.0,90.0,240.0,0,140,0.0
frequency,Frequency MLP,54,33,150.0,180.0,90.0,270.0,0,140,0.0
frequency,Frequency MLP,54,34,150.0,180.0,90.0,300.0,0,140,0.0
frequency,Frequency MLP,54,35,150.0,180.0,90.0,330.0,0,140,0.0
frequency,Frequency MLP,54,36,150.0,180.0,120.0,0.0,4,140,0.02857142857142857
frequency,Frequency MLP,54,37,150.0,180.0,120.0,30.0,2,140,0.014285714285714285
frequency,Frequency MLP,54,38,150.0,180.0,120.0,60.0,0,140,0.0
frequency,Frequency MLP,54,39,150.0,180.0,120.0,90.0,0,140,0.0
frequency,Frequency MLP,54,40,150.0,180.0,120.0,120.0,0,140,0.0
frequency,Frequency MLP,54,41,150.0,180.0,120.0,150.0,0,140,0.0
frequency,Frequency MLP,54,42,150.0,180.0,120.0,180.0,24,140,0.17142857142857143
frequency,Frequency MLP,54,43,150.0,180.0,120.0,210.0,0,140,0.0
frequency,Frequency MLP,54,44,150.0,180.0,120.0,240.0,0,140,0.0
frequency,Frequency MLP,54,45,150.0,180.0,120.0,270.0,0,140,0.0
frequency,Frequency MLP,54,46,150.0,180.0,120.0,300.0,0,140,0.0
frequency,Frequency MLP,54,47,150.0,180.0,120.0,330.0,0,140,0.0
frequency,Frequency MLP,54,48,150.0,180.0,150.0,0.0,2,140,0.014285714285714285
frequency,Frequency MLP,54,49,150.0,180.0,150.0,30.0,0,140,0.0
frequency,Frequency MLP,54,50,150.0,180.0,150.0,60.0,0,140,0.0
frequency,Frequency MLP,54,51,150.0,180.0,150.0,90.0,0,140,0.0
frequency,Frequency MLP,54,52,150.0,180.0,150.0,120.0,0,140,0.0
frequency,Frequency MLP,54,53,150.0,180.0,150.0,150.0,0,140,0.0
frequency,Frequency MLP,54,54,150.0,180.0,150.0,180.0,96,140,0.6857142857142857
frequency,Frequency MLP,54,55,150.0,180.0,150.0,210.0,0,140,0.0
frequency,Frequency MLP,54,56,150.0,180.0,150.0,240.0,0,140,0.0
frequency,Frequency MLP,54,57,150.0,180.0,150.0,270.0,0,140,0.0
frequency,Frequency MLP,54,58,150.0,180.0,150.0,300.0,0,140,0.0
frequency,Frequency MLP,54,59,150.0,180.0,150.0,330.0,0,140,0.0
frequency,Frequency MLP,55,0,150.0,210.0,30.0,0.0,1,140,0.007142857142857143
frequency,Frequency MLP,55,1,150.0,210.0,30.0,30.0,0,140,0.0
frequency,Frequency MLP,55,2,150.0,210.0,30.0,60.0,0,140,0.0
frequency,Frequency MLP,55,3,150.0,210.0,30.0,90.0,0,140,0.0
frequency,Frequency MLP,55,4,150.0,210.0,30.0,120.0,0,140,0.0
frequency,Frequency MLP,55,5,150.0,210.0,30.0,150.0,3,140,0.02142857142857143
frequency,Frequency MLP,55,6,150.0,210.0,30.0,180.0,1,140,0.007142857142857143
frequency,Frequency MLP,55,7,150.0,210.0,30.0,210.0,1,140,0.007142857142857143
frequency,Frequency MLP,55,8,150.0,210.0,30.0,240.0,0,140,0.0
frequency,Frequency MLP,55,9,150.0,210.0,30.0,270.0,0,140,0.0
frequency,Frequency MLP,55,10,150.0,210.0,30.0,300.0,0,140,0.0
frequency,Frequency MLP,55,11,150.0,210.0,30.0,330.0,7,140,0.05
frequency,Frequency MLP,55,12,150.0,210.0,60.0,0.0,1,140,0.007142857142857143
frequency,Frequency MLP,55,13,150.0,210.0,60.0,30.0,0,140,0.0
frequency,Frequency MLP,55,14,150.0,210.0,60.0,60.0,0,140,0.0
frequency,Frequency MLP,55,15,150.0,210.0,60.0,90.0,0,140,0.0
frequency,Frequency MLP,55,16,150.0,210.0,60.0,120.0,0,140,0.0
frequency,Frequency MLP,55,17,150.0,210.0,60.0,150.0,0,140,0.0
frequency,Frequency MLP,55,18,150.0,210.0,60.0,180.0,0,140,0.0
frequency,Frequency MLP,55,19,150.0,210.0,60.0,210.0,0,140,0.0
frequency,Frequency MLP,55,20,150.0,210.0,60.0,240.0,0,140,0.0
frequency,Frequency MLP,55,21,150.0,210.0,60.0,270.0,0,140,0.0
frequency,Frequency MLP,55,22,150.0,210.0,60.0,300.0,0,140,0.0
frequency,Frequency MLP,55,23,150.0,210.0,60.0,330.0,0,140,0.0
frequency,Frequency MLP,55,24,150.0,210.0,90.0,0.0,0,140,0.0
frequency,Frequency MLP,55,25,150.0,210.0,90.0,30.0,0,140,0.0
frequency,Frequency MLP,55,26,150.0,210.0,90.0,60.0,0,140,0.0
frequency,Frequency MLP,55,27,150.0,210.0,90.0,90.0,0,140,0.0
frequency,Frequency MLP,55,28,150.0,210.0,90.0,120.0,0,140,0.0
frequency,Frequency MLP,55,29,150.0,210.0,90.0,150.0,0,140,0.0
frequency,Frequency MLP,55,30,150.0,210.0,90.0,180.0,0,140,0.0
frequency,Frequency MLP,55,31,150.0,210.0,90.0,210.0,0,140,0.0
frequency,Frequency MLP,55,32,150.0,210.0,90.0,240.0,0,140,0.0
frequency,Frequency MLP,55,33,150.0,210.0,90.0,270.0,0,140,0.0
frequency,Frequency MLP,55,34,150.0,210.0,90.0,300.0,0,140,0.0
frequency,Frequency MLP,55,35,150.0,210.0,90.0,330.0,0,140,0.0
frequency,Frequency MLP,55,36,150.0,210.0,120.0,0.0,1,140,0.007142857142857143
frequency,Frequency MLP,55,37,150.0,210.0,120.0,30.0,2,140,0.014285714285714285
frequency,Frequency MLP,55,38,150.0,210.0,120.0,60.0,0,140,0.0
frequency,Frequency MLP,55,39,150.0,210.0,120.0,90.0,0,140,0.0
frequency,Frequency MLP,55,40,150.0,210.0,120.0,120.0,1,140,0.007142857142857143
frequency,Frequency MLP,55,41,150.0,210.0,120.0,150.0,0,140,0.0
frequency,Frequency MLP,55,42,150.0,210.0,120.0,180.0,0,140,0.0
frequency,Frequency MLP,55,43,150.0,210.0,120.0,210.0,2,140,0.014285714285714285
frequency,Frequency MLP,55,44,150.0,210.0,120.0,240.0,0,140,0.0
frequency,Frequency MLP,55,45,150.0,210.0,120.0,270.0,0,140,0.0
frequency,Frequency MLP,55,46,150.0,210.0,120.0,300.0,0,140,0.0
frequency,Frequency MLP,55,47,150.0,210.0,120.0,330.0,1,140,0.007142857142857143
frequency,Frequency MLP,55,48,150.0,210.0,150.0,0.0,1,140,0.007142857142857143
frequency,Frequency MLP,55,49,150.0,210.0,150.0,30.0,8,140,0.05714285714285714
frequency,Frequency MLP,55,50,150.0,210.0,150.0,60.0,0,140,0.0
frequency,Frequency MLP,55,51,150.0,210.0,150.0,90.0,0,140,0.0
frequency,Frequency MLP,55,52,150.0,210.0,150.0,120.0,0,140,0.0
frequency,Frequency MLP,55,53,150.0,210.0,150.0,150.0,1,140,0.007142857142857143
frequency,Frequency MLP,55,54,150.0,210.0,150.0,180.0,5,140,0.03571428571428571
frequency,Frequency MLP,55,55,150.0,210.0,150.0,210.0,103,140,0.7357142857142858
frequency,Frequency MLP,55,56,150.0,210.0,150.0,240.0,0,140,0.0
frequency,Frequency MLP,55,57,150.0,210.0,150.0,270.0,0,140,0.0
frequency,Frequency MLP,55,58,150.0,210.0,150.0,300.0,0,140,0.0
frequency,Frequency MLP,55,59,150.0,210.0,150.0,330.0,1,140,0.007142857142857143
frequency,Frequency MLP,56,0,150.0,240.0,30.0,0.0,0,140,0.0
frequency,Frequency MLP,56,1,150.0,240.0,30.0,30.0,0,140,0.0
frequency,Frequency MLP,56,2,150.0,240.0,30.0,60.0,3,140,0.02142857142857143
frequency,Frequency MLP,56,3,150.0,240.0,30.0,90.0,3,140,0.02142857142857143
frequency,Frequency MLP,56,4,150.0,240.0,30.0,120.0,5,140,0.03571428571428571
frequency,Frequency MLP,56,5,150.0,240.0,30.0,150.0,0,140,0.0
frequency,Frequency MLP,56,6,150.0,240.0,30.0,180.0,0,140,0.0
frequency,Frequency MLP,56,7,150.0,240.0,30.0,210.0,0,140,0.0
frequency,Frequency MLP,56,8,150.0,240.0,30.0,240.0,6,140,0.04285714285714286
frequency,Frequency MLP,56,9,150.0,240.0,30.0,270.0,2,140,0.014285714285714285
frequency,Frequency MLP,56,10,150.0,240.0,30.0,300.0,0,140,0.0
frequency,Frequency MLP,56,11,150.0,240.0,30.0,330.0,0,140,0.0
frequency,Frequency MLP,56,12,150.0,240.0,60.0,0.0,0,140,0.0
frequency,Frequency MLP,56,13,150.0,240.0,60.0,30.0,0,140,0.0
frequency,Frequency MLP,56,14,150.0,240.0,60.0,60.0,0,140,0.0
frequency,Frequency MLP,56,15,150.0,240.0,60.0,90.0,0,140,0.0
frequency,Frequency MLP,56,16,150.0,240.0,60.0,120.0,0,140,0.0
frequency,Frequency MLP,56,17,150.0,240.0,60.0,150.0,0,140,0.0
frequency,Frequency MLP,56,18,150.0,240.0,60.0,180.0,0,140,0.0
frequency,Frequency MLP,56,19,150.0,240.0,60.0,210.0,0,140,0.0
frequency,Frequency MLP,56,20,150.0,240.0,60.0,240.0,0,140,0.0
frequency,Frequency MLP,56,21,150.0,240.0,60.0,270.0,0,140,0.0
frequency,Frequency MLP,56,22,150.0,240.0,60.0,300.0,0,140,0.0
frequency,Frequency MLP,56,23,150.0,240.0,60.0,330.0,0,140,0.0
frequency,Frequency MLP,56,24,150.0,240.0,90.0,0.0,0,140,0.0
frequency,Frequency MLP,56,25,150.0,240.0,90.0,30.0,0,140,0.0
frequency,Frequency MLP,56,26,150.0,240.0,90.0,60.0,0,140,0.0
frequency,Frequency MLP,56,27,150.0,240.0,90.0,90.0,0,140,0.0
frequency,Frequency MLP,56,28,150.0,240.0,90.0,120.0,0,140,0.0
frequency,Frequency MLP,56,29,150.0,240.0,90.0,150.0,0,140,0.0
frequency,Frequency MLP,56,30,150.0,240.0,90.0,180.0,0,140,0.0
frequency,Frequency MLP,56,31,150.0,240.0,90.0,210.0,0,140,0.0
frequency,Frequency MLP,56,32,150.0,240.0,90.0,240.0,0,140,0.0
frequency,Frequency MLP,56,33,150.0,240.0,90.0,270.0,0,140,0.0
frequency,Frequency MLP,56,34,150.0,240.0,90.0,300.0,0,140,0.0
frequency,Frequency MLP,56,35,150.0,240.0,90.0,330.0,0,140,0.0
frequency,Frequency MLP,56,36,150.0,240.0,120.0,0.0,0,140,0.0
frequency,Frequency MLP,56,37,150.0,240.0,120.0,30.0,0,140,0.0
frequency,Frequency MLP,56,38,150.0,240.0,120.0,60.0,1,140,0.007142857142857143
frequency,Frequency MLP,56,39,150.0,240.0,120.0,90.0,0,140,0.0
frequency,Frequency MLP,56,40,150.0,240.0,120.0,120.0,0,140,0.0
frequency,Frequency MLP,56,41,150.0,240.0,120.0,150.0,0,140,0.0
frequency,Frequency MLP,56,42,150.0,240.0,120.0,180.0,0,140,0.0
frequency,Frequency MLP,56,43,150.0,240.0,120.0,210.0,0,140,0.0
frequency,Frequency MLP,56,44,150.0,240.0,120.0,240.0,0,140,0.0
frequency,Frequency MLP,56,45,150.0,240.0,120.0,270.0,0,140,0.0
frequency,Frequency MLP,56,46,150.0,240.0,120.0,300.0,0,140,0.0
frequency,Frequency MLP,56,47,150.0,240.0,120.0,330.0,0,140,0.0
frequency,Frequency MLP,56,48,150.0,240.0,150.0,0.0,0,140,0.0
frequency,Frequency MLP,56,49,150.0,240.0,150.0,30.0,0,140,0.0
frequency,Frequency MLP,56,50,150.0,240.0,150.0,60.0,11,140,0.07857142857142857
frequency,Frequency MLP,56,51,150.0,240.0,150.0,90.0,0,140,0.0
frequency,Frequency MLP,56,52,150.0,240.0,150.0,120.0,1,140,0.007142857142857143
frequency,Frequency MLP,56,53,150.0,240.0,150.0,150.0,0,140,0.0
frequency,Frequency MLP,56,54,150.0,240.0,150.0,180.0,0,140,0.0
frequency,Frequency MLP,56,55,150.0,240.0,150.0,210.0,1,140,0.007142857142857143
frequency,Frequency MLP,56,56,150.0,240.0,150.0,240.0,103,140,0.7357142857142858
frequency,Frequency MLP,56,57,150.0,240.0,150.0,270.0,3,140,0.02142857142857143
frequency,Frequency MLP,56,58,150.0,240.0,150.0,300.0,1,140,0.007142857142857143
frequency,Frequency MLP,56,59,150.0,240.0,150.0,330.0,0,140,0.0
frequency,Frequency MLP,57,0,150.0,270.0,30.0,0.0,0,140,0.0
frequency,Frequency MLP,57,1,150.0,270.0,30.0,30.0,0,140,0.0
frequency,Frequency MLP,57,2,150.0,270.0,30.0,60.0,2,140,0.014285714285714285
frequency,Frequency MLP,57,3,150.0,270.0,30.0,90.0,5,140,0.03571428571428571
frequency,Frequency MLP,57,4,150.0,270.0,30.0,120.0,0,140,0.0
frequency,Frequency MLP,57,5,150.0,270.0,30.0,150.0,0,140,0.0
frequency,Frequency MLP,57,6,150.0,270.0,30.0,180.0,0,140,0.0
frequency,Frequency MLP,57,7,150.0,270.0,30.0,210.0,0,140,0.0
frequency,Frequency MLP,57,8,150.0,270.0,30.0,240.0,1,140,0.007142857142857143
frequency,Frequency MLP,57,9,150.0,270.0,30.0,270.0,2,140,0.014285714285714285
frequency,Frequency MLP,57,10,150.0,270.0,30.0,300.0,0,140,0.0
frequency,Frequency MLP,57,11,150.0,270.0,30.0,330.0,0,140,0.0
frequency,Frequency MLP,57,12,150.0,270.0,60.0,0.0,0,140,0.0
frequency,Frequency MLP,57,13,150.0,270.0,60.0,30.0,0,140,0.0
frequency,Frequency MLP,57,14,150.0,270.0,60.0,60.0,0,140,0.0
frequency,Frequency MLP,57,15,150.0,270.0,60.0,90.0,0,140,0.0
frequency,Frequency MLP,57,16,150.0,270.0,60.0,120.0,0,140,0.0
frequency,Frequency MLP,57,17,150.0,270.0,60.0,150.0,0,140,0.0
frequency,Frequency MLP,57,18,150.0,270.0,60.0,180.0,0,140,0.0
frequency,Frequency MLP,57,19,150.0,270.0,60.0,210.0,0,140,0.0
frequency,Frequency MLP,57,20,150.0,270.0,60.0,240.0,0,140,0.0
frequency,Frequency MLP,57,21,150.0,270.0,60.0,270.0,0,140,0.0
frequency,Frequency MLP,57,22,150.0,270.0,60.0,300.0,0,140,0.0
frequency,Frequency MLP,57,23,150.0,270.0,60.0,330.0,0,140,0.0
frequency,Frequency MLP,57,24,150.0,270.0,90.0,0.0,0,140,0.0
frequency,Frequency MLP,57,25,150.0,270.0,90.0,30.0,0,140,0.0
frequency,Frequency MLP,57,26,150.0,270.0,90.0,60.0,0,140,0.0
frequency,Frequency MLP,57,27,150.0,270.0,90.0,90.0,0,140,0.0
frequency,Frequency MLP,57,28,150.0,270.0,90.0,120.0,0,140,0.0
frequency,Frequency MLP,57,29,150.0,270.0,90.0,150.0,0,140,0.0
frequency,Frequency MLP,57,30,150.0,270.0,90.0,180.0,0,140,0.0
frequency,Frequency MLP,57,31,150.0,270.0,90.0,210.0,0,140,0.0
frequency,Frequency MLP,57,32,150.0,270.0,90.0,240.0,0,140,0.0
frequency,Frequency MLP,57,33,150.0,270.0,90.0,270.0,0,140,0.0
frequency,Frequency MLP,57,34,150.0,270.0,90.0,300.0,0,140,0.0
frequency,Frequency MLP,57,35,150.0,270.0,90.0,330.0,0,140,0.0
frequency,Frequency MLP,57,36,150.0,270.0,120.0,0.0,0,140,0.0
frequency,Frequency MLP,57,37,150.0,270.0,120.0,30.0,0,140,0.0
frequency,Frequency MLP,57,38,150.0,270.0,120.0,60.0,0,140,0.0
frequency,Frequency MLP,57,39,150.0,270.0,120.0,90.0,1,140,0.007142857142857143
frequency,Frequency MLP,57,40,150.0,270.0,120.0,120.0,0,140,0.0
frequency,Frequency MLP,57,41,150.0,270.0,120.0,150.0,0,140,0.0
frequency,Frequency MLP,57,42,150.0,270.0,120.0,180.0,0,140,0.0
frequency,Frequency MLP,57,43,150.0,270.0,120.0,210.0,0,140,0.0
frequency,Frequency MLP,57,44,150.0,270.0,120.0,240.0,0,140,0.0
frequency,Frequency MLP,57,45,150.0,270.0,120.0,270.0,0,140,0.0
frequency,Frequency MLP,57,46,150.0,270.0,120.0,300.0,0,140,0.0
frequency,Frequency MLP,57,47,150.0,270.0,120.0,330.0,0,140,0.0
frequency,Frequency MLP,57,48,150.0,270.0,150.0,0.0,0,140,0.0
frequency,Frequency MLP,57,49,150.0,270.0,150.0,30.0,0,140,0.0
frequency,Frequency MLP,57,50,150.0,270.0,150.0,60.0,1,140,0.007142857142857143
frequency,Frequency MLP,57,51,150.0,270.0,150.0,90.0,8,140,0.05714285714285714
frequency,Frequency MLP,57,52,150.0,270.0,150.0,120.0,0,140,0.0
frequency,Frequency MLP,57,53,150.0,270.0,150.0,150.0,0,140,0.0
frequency,Frequency MLP,57,54,150.0,270.0,150.0,180.0,0,140,0.0
frequency,Frequency MLP,57,55,150.0,270.0,150.0,210.0,0,140,0.0
frequency,Frequency MLP,57,56,150.0,270.0,150.0,240.0,3,140,0.02142857142857143
frequency,Frequency MLP,57,57,150.0,270.0,150.0,270.0,117,140,0.8357142857142857
frequency,Frequency MLP,57,58,150.0,270.0,150.0,300.0,0,140,0.0
frequency,Frequency MLP,57,59,150.0,270.0,150.0,330.0,0,140,0.0
frequency,Frequency MLP,58,0,150.0,300.0,30.0,0.0,0,140,0.0
frequency,Frequency MLP,58,1,150.0,300.0,30.0,30.0,1,140,0.007142857142857143
frequency,Frequency MLP,58,2,150.0,300.0,30.0,60.0,5,140,0.03571428571428571
frequency,Frequency MLP,58,3,150.0,300.0,30.0,90.0,0,140,0.0
frequency,Frequency MLP,58,4,150.0,300.0,30.0,120.0,0,140,0.0
frequency,Frequency MLP,58,5,150.0,300.0,30.0,150.0,1,140,0.007142857142857143
frequency,Frequency MLP,58,6,150.0,300.0,30.0,180.0,0,140,0.0
frequency,Frequency MLP,58,7,150.0,300.0,30.0,210.0,0,140,0.0
frequency,Frequency MLP,58,8,150.0,300.0,30.0,240.0,0,140,0.0
frequency,Frequency MLP,58,9,150.0,300.0,30.0,270.0,2,140,0.014285714285714285
frequency,Frequency MLP,58,10,150.0,300.0,30.0,300.0,0,140,0.0
frequency,Frequency MLP,58,11,150.0,300.0,30.0,330.0,0,140,0.0
frequency,Frequency MLP,58,12,150.0,300.0,60.0,0.0,0,140,0.0
frequency,Frequency MLP,58,13,150.0,300.0,60.0,30.0,0,140,0.0
frequency,Frequency MLP,58,14,150.0,300.0,60.0,60.0,3,140,0.02142857142857143
frequency,Frequency MLP,58,15,150.0,300.0,60.0,90.0,0,140,0.0
frequency,Frequency MLP,58,16,150.0,300.0,60.0,120.0,0,140,0.0
frequency,Frequency MLP,58,17,150.0,300.0,60.0,150.0,0,140,0.0
frequency,Frequency MLP,58,18,150.0,300.0,60.0,180.0,0,140,0.0
frequency,Frequency MLP,58,19,150.0,300.0,60.0,210.0,0,140,0.0
frequency,Frequency MLP,58,20,150.0,300.0,60.0,240.0,0,140,0.0
frequency,Frequency MLP,58,21,150.0,300.0,60.0,270.0,0,140,0.0
frequency,Frequency MLP,58,22,150.0,300.0,60.0,300.0,1,140,0.007142857142857143
frequency,Frequency MLP,58,23,150.0,300.0,60.0,330.0,0,140,0.0
frequency,Frequency MLP,58,24,150.0,300.0,90.0,0.0,0,140,0.0
frequency,Frequency MLP,58,25,150.0,300.0,90.0,30.0,0,140,0.0
frequency,Frequency MLP,58,26,150.0,300.0,90.0,60.0,0,140,0.0
frequency,Frequency MLP,58,27,150.0,300.0,90.0,90.0,0,140,0.0
frequency,Frequency MLP,58,28,150.0,300.0,90.0,120.0,0,140,0.0
frequency,Frequency MLP,58,29,150.0,300.0,90.0,150.0,0,140,0.0
frequency,Frequency MLP,58,30,150.0,300.0,90.0,180.0,0,140,0.0
frequency,Frequency MLP,58,31,150.0,300.0,90.0,210.0,0,140,0.0
frequency,Frequency MLP,58,32,150.0,300.0,90.0,240.0,0,140,0.0
frequency,Frequency MLP,58,33,150.0,300.0,90.0,270.0,0,140,0.0
frequency,Frequency MLP,58,34,150.0,300.0,90.0,300.0,0,140,0.0
frequency,Frequency MLP,58,35,150.0,300.0,90.0,330.0,0,140,0.0
frequency,Frequency MLP,58,36,150.0,300.0,120.0,0.0,0,140,0.0
frequency,Frequency MLP,58,37,150.0,300.0,120.0,30.0,0,140,0.0
frequency,Frequency MLP,58,38,150.0,300.0,120.0,60.0,1,140,0.007142857142857143
frequency,Frequency MLP,58,39,150.0,300.0,120.0,90.0,0,140,0.0
frequency,Frequency MLP,58,40,150.0,300.0,120.0,120.0,0,140,0.0
frequency,Frequency MLP,58,41,150.0,300.0,120.0,150.0,0,140,0.0
frequency,Frequency MLP,58,42,150.0,300.0,120.0,180.0,0,140,0.0
frequency,Frequency MLP,58,43,150.0,300.0,120.0,210.0,0,140,0.0
frequency,Frequency MLP,58,44,150.0,300.0,120.0,240.0,0,140,0.0
frequency,Frequency MLP,58,45,150.0,300.0,120.0,270.0,0,140,0.0
frequency,Frequency MLP,58,46,150.0,300.0,120.0,300.0,0,140,0.0
frequency,Frequency MLP,58,47,150.0,300.0,120.0,330.0,1,140,0.007142857142857143
frequency,Frequency MLP,58,48,150.0,300.0,150.0,0.0,0,140,0.0
frequency,Frequency MLP,58,49,150.0,300.0,150.0,30.0,0,140,0.0
frequency,Frequency MLP,58,50,150.0,300.0,150.0,60.0,1,140,0.007142857142857143
frequency,Frequency MLP,58,51,150.0,300.0,150.0,90.0,4,140,0.02857142857142857
frequency,Frequency MLP,58,52,150.0,300.0,150.0,120.0,14,140,0.1
frequency,Frequency MLP,58,53,150.0,300.0,150.0,150.0,0,140,0.0
frequency,Frequency MLP,58,54,150.0,300.0,150.0,180.0,0,140,0.0
frequency,Frequency MLP,58,55,150.0,300.0,150.0,210.0,0,140,0.0
frequency,Frequency MLP,58,56,150.0,300.0,150.0,240.0,0,140,0.0
frequency,Frequency MLP,58,57,150.0,300.0,150.0,270.0,3,140,0.02142857142857143
frequency,Frequency MLP,58,58,150.0,300.0,150.0,300.0,103,140,0.7357142857142858
frequency,Frequency MLP,58,59,150.0,300.0,150.0,330.0,0,140,0.0
frequency,Frequency MLP,59,0,150.0,330.0,30.0,0.0,6,140,0.04285714285714286
frequency,Frequency MLP,59,1,150.0,330.0,30.0,30.0,7,140,0.05
frequency,Frequency MLP,59,2,150.0,330.0,30.0,60.0,0,140,0.0
frequency,Frequency MLP,59,3,150.0,330.0,30.0,90.0,0,140,0.0
frequency,Frequency MLP,59,4,150.0,330.0,30.0,120.0,0,140,0.0
frequency,Frequency MLP,59,5,150.0,330.0,30.0,150.0,0,140,0.0
frequency,Frequency MLP,59,6,150.0,330.0,30.0,180.0,3,140,0.02142857142857143
frequency,Frequency MLP,59,7,150.0,330.0,30.0,210.0,1,140,0.007142857142857143
frequency,Frequency MLP,59,8,150.0,330.0,30.0,240.0,0,140,0.0
frequency,Frequency MLP,59,9,150.0,330.0,30.0,270.0,0,140,0.0
frequency,Frequency MLP,59,10,150.0,330.0,30.0,300.0,0,140,0.0
frequency,Frequency MLP,59,11,150.0,330.0,30.0,330.0,0,140,0.0
frequency,Frequency MLP,59,12,150.0,330.0,60.0,0.0,4,140,0.02857142857142857
frequency,Frequency MLP,59,13,150.0,330.0,60.0,30.0,2,140,0.014285714285714285
frequency,Frequency MLP,59,14,150.0,330.0,60.0,60.0,0,140,0.0
frequency,Frequency MLP,59,15,150.0,330.0,60.0,90.0,0,140,0.0
frequency,Frequency MLP,59,16,150.0,330.0,60.0,120.0,0,140,0.0
frequency,Frequency MLP,59,17,150.0,330.0,60.0,150.0,3,140,0.02142857142857143
frequency,Frequency MLP,59,18,150.0,330.0,60.0,180.0,1,140,0.007142857142857143
frequency,Frequency MLP,59,19,150.0,330.0,60.0,210.0,1,140,0.007142857142857143
frequency,Frequency MLP,59,20,150.0,330.0,60.0,240.0,0,140,0.0
frequency,Frequency MLP,59,21,150.0,330.0,60.0,270.0,0,140,0.0
frequency,Frequency MLP,59,22,150.0,330.0,60.0,300.0,0,140,0.0
frequency,Frequency MLP,59,23,150.0,330.0,60.0,330.0,1,140,0.007142857142857143
frequency,Frequency MLP,59,24,150.0,330.0,90.0,0.0,0,140,0.0
frequency,Frequency MLP,59,25,150.0,330.0,90.0,30.0,0,140,0.0
frequency,Frequency MLP,59,26,150.0,330.0,90.0,60.0,0,140,0.0
frequency,Frequency MLP,59,27,150.0,330.0,90.0,90.0,0,140,0.0
frequency,Frequency MLP,59,28,150.0,330.0,90.0,120.0,0,140,0.0
frequency,Frequency MLP,59,29,150.0,330.0,90.0,150.0,0,140,0.0
frequency,Frequency MLP,59,30,150.0,330.0,90.0,180.0,0,140,0.0
frequency,Frequency MLP,59,31,150.0,330.0,90.0,210.0,0,140,0.0
frequency,Frequency MLP,59,32,150.0,330.0,90.0,240.0,0,140,0.0
frequency,Frequency MLP,59,33,150.0,330.0,90.0,270.0,0,140,0.0
frequency,Frequency MLP,59,34,150.0,330.0,90.0,300.0,0,140,0.0
frequency,Frequency MLP,59,35,150.0,330.0,90.0,330.0,0,140,0.0
frequency,Frequency MLP,59,36,150.0,330.0,120.0,0.0,0,140,0.0
frequency,Frequency MLP,59,37,150.0,330.0,120.0,30.0,1,140,0.007142857142857143
frequency,Frequency MLP,59,38,150.0,330.0,120.0,60.0,0,140,0.0
frequency,Frequency MLP,59,39,150.0,330.0,120.0,90.0,0,140,0.0
frequency,Frequency MLP,59,40,150.0,330.0,120.0,120.0,0,140,0.0
frequency,Frequency MLP,59,41,150.0,330.0,120.0,150.0,1,140,0.007142857142857143
frequency,Frequency MLP,59,42,150.0,330.0,120.0,180.0,0,140,0.0
frequency,Frequency MLP,59,43,150.0,330.0,120.0,210.0,0,140,0.0
frequency,Frequency MLP,59,44,150.0,330.0,120.0,240.0,0,140,0.0
frequency,Frequency MLP,59,45,150.0,330.0,120.0,270.0,0,140,0.0
frequency,Frequency MLP,59,46,150.0,330.0,120.0,300.0,0,140,0.0
frequency,Frequency MLP,59,47,150.0,330.0,120.0,330.0,1,140,0.007142857142857143
frequency,Frequency MLP,59,48,150.0,330.0,150.0,0.0,2,140,0.014285714285714285
frequency,Frequency MLP,59,49,150.0,330.0,150.0,30.0,2,140,0.014285714285714285
frequency,Frequency MLP,59,50,150.0,330.0,150.0,60.0,0,140,0.0
frequency,Frequency MLP,59,51,150.0,330.0,150.0,90.0,0,140,0.0
frequency,Frequency MLP,59,52,150.0,330.0,150.0,120.0,0,140,0.0
frequency,Frequency MLP,59,53,150.0,330.0,150.0,150.0,4,140,0.02857142857142857
frequency,Frequency MLP,59,54,150.0,330.0,150.0,180.0,0,140,0.0
frequency,Frequency MLP,59,55,150.0,330.0,150.0,210.0,0,140,0.0
frequency,Frequency MLP,59,56,150.0,330.0,150.0,240.0,0,140,0.0
frequency,Frequency MLP,59,57,150.0,330.0,150.0,270.0,0,140,0.0
frequency,Frequency MLP,59,58,150.0,330.0,150.0,300.0,0,140,0.0
frequency,Frequency MLP,59,59,150.0,330.0,150.0,330.0,100,140,0.7142857142857143
rect_ifft,Rect-IFFT MLP,0,0,30.0,0.0,30.0,0.0,94,140,0.6714285714285714
rect_ifft,Rect-IFFT MLP,0,1,30.0,0.0,30.0,30.0,0,140,0.0
rect_ifft,Rect-IFFT MLP,0,2,30.0,0.0,30.0,60.0,0,140,0.0
rect_ifft,Rect-IFFT MLP,0,3,30.0,0.0,30.0,90.0,0,140,0.0
rect_ifft,Rect-IFFT MLP,0,4,30.0,0.0,30.0,120.0,0,140,0.0
rect_ifft,Rect-IFFT MLP,0,5,30.0,0.0,30.0,150.0,0,140,0.0
rect_ifft,Rect-IFFT MLP,0,6,30.0,0.0,30.0,180.0,11,140,0.07857142857142857
rect_ifft,Rect-IFFT MLP,0,7,30.0,0.0,30.0,210.0,0,140,0.0
rect_ifft,Rect-IFFT MLP,0,8,30.0,0.0,30.0,240.0,0,140,0.0
rect_ifft,Rect-IFFT MLP,0,9,30.0,0.0,30.0,270.0,0,140,0.0
rect_ifft,Rect-IFFT MLP,0,10,30.0,0.0,30.0,300.0,0,140,0.0
rect_ifft,Rect-IFFT MLP,0,11,30.0,0.0,30.0,330.0,0,140,0.0
rect_ifft,Rect-IFFT MLP,0,12,30.0,0.0,60.0,0.0,13,140,0.09285714285714286
rect_ifft,Rect-IFFT MLP,0,13,30.0,0.0,60.0,30.0,0,140,0.0
rect_ifft,Rect-IFFT MLP,0,14,30.0,0.0,60.0,60.0,0,140,0.0
rect_ifft,Rect-IFFT MLP,0,15,30.0,0.0,60.0,90.0,0,140,0.0
rect_ifft,Rect-IFFT MLP,0,16,30.0,0.0,60.0,120.0,0,140,0.0
rect_ifft,Rect-IFFT MLP,0,17,30.0,0.0,60.0,150.0,0,140,0.0
rect_ifft,Rect-IFFT MLP,0,18,30.0,0.0,60.0,180.0,8,140,0.05714285714285714
rect_ifft,Rect-IFFT MLP,0,19,30.0,0.0,60.0,210.0,0,140,0.0
rect_ifft,Rect-IFFT MLP,0,20,30.0,0.0,60.0,240.0,0,140,0.0
rect_ifft,Rect-IFFT MLP,0,21,30.0,0.0,60.0,270.0,0,140,0.0
rect_ifft,Rect-IFFT MLP,0,22,30.0,0.0,60.0,300.0,0,140,0.0
rect_ifft,Rect-IFFT MLP,0,23,30.0,0.0,60.0,330.0,0,140,0.0
rect_ifft,Rect-IFFT MLP,0,24,30.0,0.0,90.0,0.0,1,140,0.007142857142857143
rect_ifft,Rect-IFFT MLP,0,25,30.0,0.0,90.0,30.0,0,140,0.0
rect_ifft,Rect-IFFT MLP,0,26,30.0,0.0,90.0,60.0,0,140,0.0
rect_ifft,Rect-IFFT MLP,0,27,30.0,0.0,90.0,90.0,0,140,0.0
rect_ifft,Rect-IFFT MLP,0,28,30.0,0.0,90.0,120.0,0,140,0.0
rect_ifft,Rect-IFFT MLP,0,29,30.0,0.0,90.0,150.0,0,140,0.0
rect_ifft,Rect-IFFT MLP,0,30,30.0,0.0,90.0,180.0,0,140,0.0
rect_ifft,Rect-IFFT MLP,0,31,30.0,0.0,90.0,210.0,0,140,0.0
rect_ifft,Rect-IFFT MLP,0,32,30.0,0.0,90.0,240.0,0,140,0.0
rect_ifft,Rect-IFFT MLP,0,33,30.0,0.0,90.0,270.0,0,140,0.0
rect_ifft,Rect-IFFT MLP,0,34,30.0,0.0,90.0,300.0,0,140,0.0
rect_ifft,Rect-IFFT MLP,0,35,30.0,0.0,90.0,330.0,0,140,0.0
rect_ifft,Rect-IFFT MLP,0,36,30.0,0.0,120.0,0.0,2,140,0.014285714285714285
rect_ifft,Rect-IFFT MLP,0,37,30.0,0.0,120.0,30.0,0,140,0.0
rect_ifft,Rect-IFFT MLP,0,38,30.0,0.0,120.0,60.0,0,140,0.0
rect_ifft,Rect-IFFT MLP,0,39,30.0,0.0,120.0,90.0,0,140,0.0
rect_ifft,Rect-IFFT MLP,0,40,30.0,0.0,120.0,120.0,0,140,0.0
rect_ifft,Rect-IFFT MLP,0,41,30.0,0.0,120.0,150.0,0,140,0.0
rect_ifft,Rect-IFFT MLP,0,42,30.0,0.0,120.0,180.0,7,140,0.05
rect_ifft,Rect-IFFT MLP,0,43,30.0,0.0,120.0,210.0,0,140,0.0
rect_ifft,Rect-IFFT MLP,0,44,30.0,0.0,120.0,240.0,0,140,0.0
rect_ifft,Rect-IFFT MLP,0,45,30.0,0.0,120.0,270.0,0,140,0.0
rect_ifft,Rect-IFFT MLP,0,46,30.0,0.0,120.0,300.0,0,140,0.0
rect_ifft,Rect-IFFT MLP,0,47,30.0,0.0,120.0,330.0,0,140,0.0
rect_ifft,Rect-IFFT MLP,0,48,30.0,0.0,150.0,0.0,1,140,0.007142857142857143
rect_ifft,Rect-IFFT MLP,0,49,30.0,0.0,150.0,30.0,0,140,0.0
rect_ifft,Rect-IFFT MLP,0,50,30.0,0.0,150.0,60.0,0,140,0.0
rect_ifft,Rect-IFFT MLP,0,51,30.0,0.0,150.0,90.0,0,140,0.0
rect_ifft,Rect-IFFT MLP,0,52,30.0,0.0,150.0,120.0,0,140,0.0
rect_ifft,Rect-IFFT MLP,0,53,30.0,0.0,150.0,150.0,0,140,0.0
rect_ifft,Rect-IFFT MLP,0,54,30.0,0.0,150.0,180.0,3,140,0.02142857142857143
rect_ifft,Rect-IFFT MLP,0,55,30.0,0.0,150.0,210.0,0,140,0.0
rect_ifft,Rect-IFFT MLP,0,56,30.0,0.0,150.0,240.0,0,140,0.0
rect_ifft,Rect-IFFT MLP,0,57,30.0,0.0,150.0,270.0,0,140,0.0
rect_ifft,Rect-IFFT MLP,0,58,30.0,0.0,150.0,300.0,0,140,0.0
rect_ifft,Rect-IFFT MLP,0,59,30.0,0.0,150.0,330.0,0,140,0.0
rect_ifft,Rect-IFFT MLP,1,0,30.0,30.0,30.0,0.0,4,140,0.02857142857142857
rect_ifft,Rect-IFFT MLP,1,1,30.0,30.0,30.0,30.0,107,140,0.7642857142857142
rect_ifft,Rect-IFFT MLP,1,2,30.0,30.0,30.0,60.0,1,140,0.007142857142857143
rect_ifft,Rect-IFFT MLP,1,3,30.0,30.0,30.0,90.0,0,140,0.0
rect_ifft,Rect-IFFT MLP,1,4,30.0,30.0,30.0,120.0,1,140,0.007142857142857143
rect_ifft,Rect-IFFT MLP,1,5,30.0,30.0,30.0,150.0,0,140,0.0
rect_ifft,Rect-IFFT MLP,1,6,30.0,30.0,30.0,180.0,1,140,0.007142857142857143
rect_ifft,Rect-IFFT MLP,1,7,30.0,30.0,30.0,210.0,6,140,0.04285714285714286
rect_ifft,Rect-IFFT MLP,1,8,30.0,30.0,30.0,240.0,0,140,0.0
rect_ifft,Rect-IFFT MLP,1,9,30.0,30.0,30.0,270.0,0,140,0.0
rect_ifft,Rect-IFFT MLP,1,10,30.0,30.0,30.0,300.0,0,140,0.0
rect_ifft,Rect-IFFT MLP,1,11,30.0,30.0,30.0,330.0,0,140,0.0
rect_ifft,Rect-IFFT MLP,1,12,30.0,30.0,60.0,0.0,0,140,0.0
rect_ifft,Rect-IFFT MLP,1,13,30.0,30.0,60.0,30.0,5,140,0.03571428571428571
rect_ifft,Rect-IFFT MLP,1,14,30.0,30.0,60.0,60.0,0,140,0.0
rect_ifft,Rect-IFFT MLP,1,15,30.0,30.0,60.0,90.0,0,140,0.0
rect_ifft,Rect-IFFT MLP,1,16,30.0,30.0,60.0,120.0,0,140,0.0
rect_ifft,Rect-IFFT MLP,1,17,30.0,30.0,60.0,150.0,0,140,0.0
rect_ifft,Rect-IFFT MLP,1,18,30.0,30.0,60.0,180.0,0,140,0.0
rect_ifft,Rect-IFFT MLP,1,19,30.0,30.0,60.0,210.0,0,140,0.0
rect_ifft,Rect-IFFT MLP,1,20,30.0,30.0,60.0,240.0,0,140,0.0
rect_ifft,Rect-IFFT MLP,1,21,30.0,30.0,60.0,270.0,0,140,0.0
rect_ifft,Rect-IFFT MLP,1,22,30.0,30.0,60.0,300.0,0,140,0.0
rect_ifft,Rect-IFFT MLP,1,23,30.0,30.0,60.0,330.0,0,140,0.0
rect_ifft,Rect-IFFT MLP,1,24,30.0,30.0,90.0,0.0,0,140,0.0
rect_ifft,Rect-IFFT MLP,1,25,30.0,30.0,90.0,30.0,0,140,0.0
rect_ifft,Rect-IFFT MLP,1,26,30.0,30.0,90.0,60.0,0,140,0.0
rect_ifft,Rect-IFFT MLP,1,27,30.0,30.0,90.0,90.0,0,140,0.0
rect_ifft,Rect-IFFT MLP,1,28,30.0,30.0,90.0,120.0,0,140,0.0
rect_ifft,Rect-IFFT MLP,1,29,30.0,30.0,90.0,150.0,0,140,0.0
rect_ifft,Rect-IFFT MLP,1,30,30.0,30.0,90.0,180.0,0,140,0.0
rect_ifft,Rect-IFFT MLP,1,31,30.0,30.0,90.0,210.0,0,140,0.0
rect_ifft,Rect-IFFT MLP,1,32,30.0,30.0,90.0,240.0,0,140,0.0
rect_ifft,Rect-IFFT MLP,1,33,30.0,30.0,90.0,270.0,0,140,0.0
rect_ifft,Rect-IFFT MLP,1,34,30.0,30.0,90.0,300.0,0,140,0.0
rect_ifft,Rect-IFFT MLP,1,35,30.0,30.0,90.0,330.0,0,140,0.0
rect_ifft,Rect-IFFT MLP,1,36,30.0,30.0,120.0,0.0,0,140,0.0
rect_ifft,Rect-IFFT MLP,1,37,30.0,30.0,120.0,30.0,1,140,0.007142857142857143
rect_ifft,Rect-IFFT MLP,1,38,30.0,30.0,120.0,60.0,0,140,0.0
rect_ifft,Rect-IFFT MLP,1,39,30.0,30.0,120.0,90.0,0,140,0.0
rect_ifft,Rect-IFFT MLP,1,40,30.0,30.0,120.0,120.0,0,140,0.0
rect_ifft,Rect-IFFT MLP,1,41,30.0,30.0,120.0,150.0,0,140,0.0
rect_ifft,Rect-IFFT MLP,1,42,30.0,30.0,120.0,180.0,1,140,0.007142857142857143
rect_ifft,Rect-IFFT MLP,1,43,30.0,30.0,120.0,210.0,0,140,0.0
rect_ifft,Rect-IFFT MLP,1,44,30.0,30.0,120.0,240.0,0,140,0.0
rect_ifft,Rect-IFFT MLP,1,45,30.0,30.0,120.0,270.0,0,140,0.0
rect_ifft,Rect-IFFT MLP,1,46,30.0,30.0,120.0,300.0,1,140,0.007142857142857143
rect_ifft,Rect-IFFT MLP,1,47,30.0,30.0,120.0,330.0,2,140,0.014285714285714285
rect_ifft,Rect-IFFT MLP,1,48,30.0,30.0,150.0,0.0,0,140,0.0
rect_ifft,Rect-IFFT MLP,1,49,30.0,30.0,150.0,30.0,0,140,0.0
rect_ifft,Rect-IFFT MLP,1,50,30.0,30.0,150.0,60.0,0,140,0.0
rect_ifft,Rect-IFFT MLP,1,51,30.0,30.0,150.0,90.0,0,140,0.0
rect_ifft,Rect-IFFT MLP,1,52,30.0,30.0,150.0,120.0,0,140,0.0
rect_ifft,Rect-IFFT MLP,1,53,30.0,30.0,150.0,150.0,7,140,0.05
rect_ifft,Rect-IFFT MLP,1,54,30.0,30.0,150.0,180.0,1,140,0.007142857142857143
rect_ifft,Rect-IFFT MLP,1,55,30.0,30.0,150.0,210.0,1,140,0.007142857142857143
rect_ifft,Rect-IFFT MLP,1,56,30.0,30.0,150.0,240.0,0,140,0.0
rect_ifft,Rect-IFFT MLP,1,57,30.0,30.0,150.0,270.0,0,140,0.0
rect_ifft,Rect-IFFT MLP,1,58,30.0,30.0,150.0,300.0,1,140,0.007142857142857143
rect_ifft,Rect-IFFT MLP,1,59,30.0,30.0,150.0,330.0,0,140,0.0
rect_ifft,Rect-IFFT MLP,2,0,30.0,60.0,30.0,0.0,0,140,0.0
rect_ifft,Rect-IFFT MLP,2,1,30.0,60.0,30.0,30.0,0,140,0.0
rect_ifft,Rect-IFFT MLP,2,2,30.0,60.0,30.0,60.0,102,140,0.7285714285714285
rect_ifft,Rect-IFFT MLP,2,3,30.0,60.0,30.0,90.0,3,140,0.02142857142857143
rect_ifft,Rect-IFFT MLP,2,4,30.0,60.0,30.0,120.0,0,140,0.0
rect_ifft,Rect-IFFT MLP,2,5,30.0,60.0,30.0,150.0,0,140,0.0
rect_ifft,Rect-IFFT MLP,2,6,30.0,60.0,30.0,180.0,0,140,0.0
rect_ifft,Rect-IFFT MLP,2,7,30.0,60.0,30.0,210.0,0,140,0.0
rect_ifft,Rect-IFFT MLP,2,8,30.0,60.0,30.0,240.0,3,140,0.02142857142857143
rect_ifft,Rect-IFFT MLP,2,9,30.0,60.0,30.0,270.0,4,140,0.02857142857142857
rect_ifft,Rect-IFFT MLP,2,10,30.0,60.0,30.0,300.0,2,140,0.014285714285714285
rect_ifft,Rect-IFFT MLP,2,11,30.0,60.0,30.0,330.0,0,140,0.0
rect_ifft,Rect-IFFT MLP,2,12,30.0,60.0,60.0,0.0,0,140,0.0
rect_ifft,Rect-IFFT MLP,2,13,30.0,60.0,60.0,30.0,0,140,0.0
rect_ifft,Rect-IFFT MLP,2,14,30.0,60.0,60.0,60.0,0,140,0.0
rect_ifft,Rect-IFFT MLP,2,15,30.0,60.0,60.0,90.0,0,140,0.0
rect_ifft,Rect-IFFT MLP,2,16,30.0,60.0,60.0,120.0,0,140,0.0
rect_ifft,Rect-IFFT MLP,2,17,30.0,60.0,60.0,150.0,0,140,0.0
rect_ifft,Rect-IFFT MLP,2,18,30.0,60.0,60.0,180.0,0,140,0.0
rect_ifft,Rect-IFFT MLP,2,19,30.0,60.0,60.0,210.0,0,140,0.0
rect_ifft,Rect-IFFT MLP,2,20,30.0,60.0,60.0,240.0,0,140,0.0
rect_ifft,Rect-IFFT MLP,2,21,30.0,60.0,60.0,270.0,0,140,0.0
rect_ifft,Rect-IFFT MLP,2,22,30.0,60.0,60.0,300.0,0,140,0.0
rect_ifft,Rect-IFFT MLP,2,23,30.0,60.0,60.0,330.0,0,140,0.0
rect_ifft,Rect-IFFT MLP,2,24,30.0,60.0,90.0,0.0,0,140,0.0
rect_ifft,Rect-IFFT MLP,2,25,30.0,60.0,90.0,30.0,0,140,0.0
rect_ifft,Rect-IFFT MLP,2,26,30.0,60.0,90.0,60.0,0,140,0.0
rect_ifft,Rect-IFFT MLP,2,27,30.0,60.0,90.0,90.0,0,140,0.0
rect_ifft,Rect-IFFT MLP,2,28,30.0,60.0,90.0,120.0,0,140,0.0
rect_ifft,Rect-IFFT MLP,2,29,30.0,60.0,90.0,150.0,0,140,0.0
rect_ifft,Rect-IFFT MLP,2,30,30.0,60.0,90.0,180.0,0,140,0.0
rect_ifft,Rect-IFFT MLP,2,31,30.0,60.0,90.0,210.0,0,140,0.0
rect_ifft,Rect-IFFT MLP,2,32,30.0,60.0,90.0,240.0,0,140,0.0
rect_ifft,Rect-IFFT MLP,2,33,30.0,60.0,90.0,270.0,0,140,0.0
rect_ifft,Rect-IFFT MLP,2,34,30.0,60.0,90.0,300.0,0,140,0.0
rect_ifft,Rect-IFFT MLP,2,35,30.0,60.0,90.0,330.0,0,140,0.0
rect_ifft,Rect-IFFT MLP,2,36,30.0,60.0,120.0,0.0,0,140,0.0
rect_ifft,Rect-IFFT MLP,2,37,30.0,60.0,120.0,30.0,0,140,0.0
rect_ifft,Rect-IFFT MLP,2,38,30.0,60.0,120.0,60.0,0,140,0.0
rect_ifft,Rect-IFFT MLP,2,39,30.0,60.0,120.0,90.0,1,140,0.007142857142857143
rect_ifft,Rect-IFFT MLP,2,40,30.0,60.0,120.0,120.0,0,140,0.0
rect_ifft,Rect-IFFT MLP,2,41,30.0,60.0,120.0,150.0,0,140,0.0
rect_ifft,Rect-IFFT MLP,2,42,30.0,60.0,120.0,180.0,0,140,0.0
rect_ifft,Rect-IFFT MLP,2,43,30.0,60.0,120.0,210.0,0,140,0.0
rect_ifft,Rect-IFFT MLP,2,44,30.0,60.0,120.0,240.0,0,140,0.0
rect_ifft,Rect-IFFT MLP,2,45,30.0,60.0,120.0,270.0,0,140,0.0
rect_ifft,Rect-IFFT MLP,2,46,30.0,60.0,120.0,300.0,0,140,0.0
rect_ifft,Rect-IFFT MLP,2,47,30.0,60.0,120.0,330.0,0,140,0.0
rect_ifft,Rect-IFFT MLP,2,48,30.0,60.0,150.0,0.0,1,140,0.007142857142857143
rect_ifft,Rect-IFFT MLP,2,49,30.0,60.0,150.0,30.0,0,140,0.0
rect_ifft,Rect-IFFT MLP,2,50,30.0,60.0,150.0,60.0,0,140,0.0
rect_ifft,Rect-IFFT MLP,2,51,30.0,60.0,150.0,90.0,9,140,0.06428571428571428
rect_ifft,Rect-IFFT MLP,2,52,30.0,60.0,150.0,120.0,5,140,0.03571428571428571
rect_ifft,Rect-IFFT MLP,2,53,30.0,60.0,150.0,150.0,0,140,0.0
rect_ifft,Rect-IFFT MLP,2,54,30.0,60.0,150.0,180.0,0,140,0.0
rect_ifft,Rect-IFFT MLP,2,55,30.0,60.0,150.0,210.0,0,140,0.0
rect_ifft,Rect-IFFT MLP,2,56,30.0,60.0,150.0,240.0,0,140,0.0
rect_ifft,Rect-IFFT MLP,2,57,30.0,60.0,150.0,270.0,6,140,0.04285714285714286
rect_ifft,Rect-IFFT MLP,2,58,30.0,60.0,150.0,300.0,4,140,0.02857142857142857
rect_ifft,Rect-IFFT MLP,2,59,30.0,60.0,150.0,330.0,0,140,0.0
rect_ifft,Rect-IFFT MLP,3,0,30.0,90.0,30.0,0.0,0,140,0.0
rect_ifft,Rect-IFFT MLP,3,1,30.0,90.0,30.0,30.0,0,140,0.0
rect_ifft,Rect-IFFT MLP,3,2,30.0,90.0,30.0,60.0,0,140,0.0
rect_ifft,Rect-IFFT MLP,3,3,30.0,90.0,30.0,90.0,90,140,0.6428571428571429
rect_ifft,Rect-IFFT MLP,3,4,30.0,90.0,30.0,120.0,1,140,0.007142857142857143
rect_ifft,Rect-IFFT MLP,3,5,30.0,90.0,30.0,150.0,0,140,0.0
rect_ifft,Rect-IFFT MLP,3,6,30.0,90.0,30.0,180.0,0,140,0.0
rect_ifft,Rect-IFFT MLP,3,7,30.0,90.0,30.0,210.0,0,140,0.0
rect_ifft,Rect-IFFT MLP,3,8,30.0,90.0,30.0,240.0,8,140,0.05714285714285714
rect_ifft,Rect-IFFT MLP,3,9,30.0,90.0,30.0,270.0,9,140,0.06428571428571428
rect_ifft,Rect-IFFT MLP,3,10,30.0,90.0,30.0,300.0,1,140,0.007142857142857143
rect_ifft,Rect-IFFT MLP,3,11,30.0,90.0,30.0,330.0,0,140,0.0
rect_ifft,Rect-IFFT MLP,3,12,30.0,90.0,60.0,0.0,0,140,0.0
rect_ifft,Rect-IFFT MLP,3,13,30.0,90.0,60.0,30.0,0,140,0.0
rect_ifft,Rect-IFFT MLP,3,14,30.0,90.0,60.0,60.0,0,140,0.0
rect_ifft,Rect-IFFT MLP,3,15,30.0,90.0,60.0,90.0,3,140,0.02142857142857143
rect_ifft,Rect-IFFT MLP,3,16,30.0,90.0,60.0,120.0,0,140,0.0
rect_ifft,Rect-IFFT MLP,3,17,30.0,90.0,60.0,150.0,0,140,0.0
rect_ifft,Rect-IFFT MLP,3,18,30.0,90.0,60.0,180.0,0,140,0.0
rect_ifft,Rect-IFFT MLP,3,19,30.0,90.0,60.0,210.0,0,140,0.0
rect_ifft,Rect-IFFT MLP,3,20,30.0,90.0,60.0,240.0,0,140,0.0
rect_ifft,Rect-IFFT MLP,3,21,30.0,90.0,60.0,270.0,0,140,0.0
rect_ifft,Rect-IFFT MLP,3,22,30.0,90.0,60.0,300.0,1,140,0.007142857142857143
rect_ifft,Rect-IFFT MLP,3,23,30.0,90.0,60.0,330.0,0,140,0.0
rect_ifft,Rect-IFFT MLP,3,24,30.0,90.0,90.0,0.0,0,140,0.0
rect_ifft,Rect-IFFT MLP,3,25,30.0,90.0,90.0,30.0,0,140,0.0
rect_ifft,Rect-IFFT MLP,3,26,30.0,90.0,90.0,60.0,0,140,0.0
rect_ifft,Rect-IFFT MLP,3,27,30.0,90.0,90.0,90.0,0,140,0.0
rect_ifft,Rect-IFFT MLP,3,28,30.0,90.0,90.0,120.0,0,140,0.0
rect_ifft,Rect-IFFT MLP,3,29,30.0,90.0,90.0,150.0,0,140,0.0
rect_ifft,Rect-IFFT MLP,3,30,30.0,90.0,90.0,180.0,0,140,0.0
rect_ifft,Rect-IFFT MLP,3,31,30.0,90.0,90.0,210.0,0,140,0.0
rect_ifft,Rect-IFFT MLP,3,32,30.0,90.0,90.0,240.0,0,140,0.0
rect_ifft,Rect-IFFT MLP,3,33,30.0,90.0,90.0,270.0,0,140,0.0
rect_ifft,Rect-IFFT MLP,3,34,30.0,90.0,90.0,300.0,0,140,0.0
rect_ifft,Rect-IFFT MLP,3,35,30.0,90.0,90.0,330.0,0,140,0.0
rect_ifft,Rect-IFFT MLP,3,36,30.0,90.0,120.0,0.0,0,140,0.0
rect_ifft,Rect-IFFT MLP,3,37,30.0,90.0,120.0,30.0,0,140,0.0
rect_ifft,Rect-IFFT MLP,3,38,30.0,90.0,120.0,60.0,0,140,0.0
rect_ifft,Rect-IFFT MLP,3,39,30.0,90.0,120.0,90.0,0,140,0.0
rect_ifft,Rect-IFFT MLP,3,40,30.0,90.0,120.0,120.0,0,140,0.0
rect_ifft,Rect-IFFT MLP,3,41,30.0,90.0,120.0,150.0,0,140,0.0
rect_ifft,Rect-IFFT MLP,3,42,30.0,90.0,120.0,180.0,0,140,0.0
rect_ifft,Rect-IFFT MLP,3,43,30.0,90.0,120.0,210.0,0,140,0.0
rect_ifft,Rect-IFFT MLP,3,44,30.0,90.0,120.0,240.0,0,140,0.0
rect_ifft,Rect-IFFT MLP,3,45,30.0,90.0,120.0,270.0,0,140,0.0
rect_ifft,Rect-IFFT MLP,3,46,30.0,90.0,120.0,300.0,0,140,0.0
rect_ifft,Rect-IFFT MLP,3,47,30.0,90.0,120.0,330.0,0,140,0.0
rect_ifft,Rect-IFFT MLP,3,48,30.0,90.0,150.0,0.0,0,140,0.0
rect_ifft,Rect-IFFT MLP,3,49,30.0,90.0,150.0,30.0,0,140,0.0
rect_ifft,Rect-IFFT MLP,3,50,30.0,90.0,150.0,60.0,0,140,0.0
rect_ifft,Rect-IFFT MLP,3,51,30.0,90.0,150.0,90.0,5,140,0.03571428571428571
rect_ifft,Rect-IFFT MLP,3,52,30.0,90.0,150.0,120.0,0,140,0.0
rect_ifft,Rect-IFFT MLP,3,53,30.0,90.0,150.0,150.0,0,140,0.0
rect_ifft,Rect-IFFT MLP,3,54,30.0,90.0,150.0,180.0,0,140,0.0
rect_ifft,Rect-IFFT MLP,3,55,30.0,90.0,150.0,210.0,0,140,0.0
rect_ifft,Rect-IFFT MLP,3,56,30.0,90.0,150.0,240.0,1,140,0.007142857142857143
rect_ifft,Rect-IFFT MLP,3,57,30.0,90.0,150.0,270.0,20,140,0.14285714285714285
rect_ifft,Rect-IFFT MLP,3,58,30.0,90.0,150.0,300.0,1,140,0.007142857142857143
rect_ifft,Rect-IFFT MLP,3,59,30.0,90.0,150.0,330.0,0,140,0.0
rect_ifft,Rect-IFFT MLP,4,0,30.0,120.0,30.0,0.0,0,140,0.0
rect_ifft,Rect-IFFT MLP,4,1,30.0,120.0,30.0,30.0,0,140,0.0
rect_ifft,Rect-IFFT MLP,4,2,30.0,120.0,30.0,60.0,5,140,0.03571428571428571
rect_ifft,Rect-IFFT MLP,4,3,30.0,120.0,30.0,90.0,1,140,0.007142857142857143
rect_ifft,Rect-IFFT MLP,4,4,30.0,120.0,30.0,120.0,89,140,0.6357142857142857
rect_ifft,Rect-IFFT MLP,4,5,30.0,120.0,30.0,150.0,0,140,0.0
rect_ifft,Rect-IFFT MLP,4,6,30.0,120.0,30.0,180.0,0,140,0.0
rect_ifft,Rect-IFFT MLP,4,7,30.0,120.0,30.0,210.0,0,140,0.0
rect_ifft,Rect-IFFT MLP,4,8,30.0,120.0,30.0,240.0,0,140,0.0
rect_ifft,Rect-IFFT MLP,4,9,30.0,120.0,30.0,270.0,0,140,0.0
rect_ifft,Rect-IFFT MLP,4,10,30.0,120.0,30.0,300.0,2,140,0.014285714285714285
rect_ifft,Rect-IFFT MLP,4,11,30.0,120.0,30.0,330.0,0,140,0.0
rect_ifft,Rect-IFFT MLP,4,12,30.0,120.0,60.0,0.0,0,140,0.0
rect_ifft,Rect-IFFT MLP,4,13,30.0,120.0,60.0,30.0,0,140,0.0
rect_ifft,Rect-IFFT MLP,4,14,30.0,120.0,60.0,60.0,1,140,0.007142857142857143
rect_ifft,Rect-IFFT MLP,4,15,30.0,120.0,60.0,90.0,4,140,0.02857142857142857
rect_ifft,Rect-IFFT MLP,4,16,30.0,120.0,60.0,120.0,0,140,0.0
rect_ifft,Rect-IFFT MLP,4,17,30.0,120.0,60.0,150.0,0,140,0.0
rect_ifft,Rect-IFFT MLP,4,18,30.0,120.0,60.0,180.0,0,140,0.0
rect_ifft,Rect-IFFT MLP,4,19,30.0,120.0,60.0,210.0,0,140,0.0
rect_ifft,Rect-IFFT MLP,4,20,30.0,120.0,60.0,240.0,1,140,0.007142857142857143
rect_ifft,Rect-IFFT MLP,4,21,30.0,120.0,60.0,270.0,0,140,0.0
rect_ifft,Rect-IFFT MLP,4,22,30.0,120.0,60.0,300.0,1,140,0.007142857142857143
rect_ifft,Rect-IFFT MLP,4,23,30.0,120.0,60.0,330.0,2,140,0.014285714285714285
rect_ifft,Rect-IFFT MLP,4,24,30.0,120.0,90.0,0.0,0,140,0.0
rect_ifft,Rect-IFFT MLP,4,25,30.0,120.0,90.0,30.0,0,140,0.0
rect_ifft,Rect-IFFT MLP,4,26,30.0,120.0,90.0,60.0,0,140,0.0
rect_ifft,Rect-IFFT MLP,4,27,30.0,120.0,90.0,90.0,0,140,0.0
rect_ifft,Rect-IFFT MLP,4,28,30.0,120.0,90.0,120.0,0,140,0.0
rect_ifft,Rect-IFFT MLP,4,29,30.0,120.0,90.0,150.0,0,140,0.0
rect_ifft,Rect-IFFT MLP,4,30,30.0,120.0,90.0,180.0,0,140,0.0
rect_ifft,Rect-IFFT MLP,4,31,30.0,120.0,90.0,210.0,0,140,0.0
rect_ifft,Rect-IFFT MLP,4,32,30.0,120.0,90.0,240.0,0,140,0.0
rect_ifft,Rect-IFFT MLP,4,33,30.0,120.0,90.0,270.0,0,140,0.0
rect_ifft,Rect-IFFT MLP,4,34,30.0,120.0,90.0,300.0,0,140,0.0
rect_ifft,Rect-IFFT MLP,4,35,30.0,120.0,90.0,330.0,3,140,0.02142857142857143
rect_ifft,Rect-IFFT MLP,4,36,30.0,120.0,120.0,0.0,0,140,0.0
rect_ifft,Rect-IFFT MLP,4,37,30.0,120.0,120.0,30.0,0,140,0.0
rect_ifft,Rect-IFFT MLP,4,38,30.0,120.0,120.0,60.0,1,140,0.007142857142857143
rect_ifft,Rect-IFFT MLP,4,39,30.0,120.0,120.0,90.0,0,140,0.0
rect_ifft,Rect-IFFT MLP,4,40,30.0,120.0,120.0,120.0,0,140,0.0
rect_ifft,Rect-IFFT MLP,4,41,30.0,120.0,120.0,150.0,0,140,0.0
rect_ifft,Rect-IFFT MLP,4,42,30.0,120.0,120.0,180.0,0,140,0.0
rect_ifft,Rect-IFFT MLP,4,43,30.0,120.0,120.0,210.0,0,140,0.0
rect_ifft,Rect-IFFT MLP,4,44,30.0,120.0,120.0,240.0,0,140,0.0
rect_ifft,Rect-IFFT MLP,4,45,30.0,120.0,120.0,270.0,0,140,0.0
rect_ifft,Rect-IFFT MLP,4,46,30.0,120.0,120.0,300.0,0,140,0.0
rect_ifft,Rect-IFFT MLP,4,47,30.0,120.0,120.0,330.0,0,140,0.0
rect_ifft,Rect-IFFT MLP,4,48,30.0,120.0,150.0,0.0,0,140,0.0
rect_ifft,Rect-IFFT MLP,4,49,30.0,120.0,150.0,30.0,0,140,0.0
rect_ifft,Rect-IFFT MLP,4,50,30.0,120.0,150.0,60.0,15,140,0.10714285714285714
rect_ifft,Rect-IFFT MLP,4,51,30.0,120.0,150.0,90.0,1,140,0.007142857142857143
rect_ifft,Rect-IFFT MLP,4,52,30.0,120.0,150.0,120.0,3,140,0.02142857142857143
rect_ifft,Rect-IFFT MLP,4,53,30.0,120.0,150.0,150.0,1,140,0.007142857142857143
rect_ifft,Rect-IFFT MLP,4,54,30.0,120.0,150.0,180.0,0,140,0.0
rect_ifft,Rect-IFFT MLP,4,55,30.0,120.0,150.0,210.0,0,140,0.0
rect_ifft,Rect-IFFT MLP,4,56,30.0,120.0,150.0,240.0,8,140,0.05714285714285714
rect_ifft,Rect-IFFT MLP,4,57,30.0,120.0,150.0,270.0,1,140,0.007142857142857143
rect_ifft,Rect-IFFT MLP,4,58,30.0,120.0,150.0,300.0,1,140,0.007142857142857143
rect_ifft,Rect-IFFT MLP,4,59,30.0,120.0,150.0,330.0,0,140,0.0
rect_ifft,Rect-IFFT MLP,5,0,30.0,150.0,30.0,0.0,0,140,0.0
rect_ifft,Rect-IFFT MLP,5,1,30.0,150.0,30.0,30.0,0,140,0.0
rect_ifft,Rect-IFFT MLP,5,2,30.0,150.0,30.0,60.0,0,140,0.0
rect_ifft,Rect-IFFT MLP,5,3,30.0,150.0,30.0,90.0,0,140,0.0
rect_ifft,Rect-IFFT MLP,5,4,30.0,150.0,30.0,120.0,0,140,0.0
rect_ifft,Rect-IFFT MLP,5,5,30.0,150.0,30.0,150.0,100,140,0.7142857142857143
rect_ifft,Rect-IFFT MLP,5,6,30.0,150.0,30.0,180.0,2,140,0.014285714285714285
rect_ifft,Rect-IFFT MLP,5,7,30.0,150.0,30.0,210.0,0,140,0.0
rect_ifft,Rect-IFFT MLP,5,8,30.0,150.0,30.0,240.0,0,140,0.0
rect_ifft,Rect-IFFT MLP,5,9,30.0,150.0,30.0,270.0,0,140,0.0
rect_ifft,Rect-IFFT MLP,5,10,30.0,150.0,30.0,300.0,0,140,0.0
rect_ifft,Rect-IFFT MLP,5,11,30.0,150.0,30.0,330.0,15,140,0.10714285714285714
rect_ifft,Rect-IFFT MLP,5,12,30.0,150.0,60.0,0.0,1,140,0.007142857142857143
rect_ifft,Rect-IFFT MLP,5,13,30.0,150.0,60.0,30.0,0,140,0.0
rect_ifft,Rect-IFFT MLP,5,14,30.0,150.0,60.0,60.0,0,140,0.0
rect_ifft,Rect-IFFT MLP,5,15,30.0,150.0,60.0,90.0,0,140,0.0
rect_ifft,Rect-IFFT MLP,5,16,30.0,150.0,60.0,120.0,0,140,0.0
rect_ifft,Rect-IFFT MLP,5,17,30.0,150.0,60.0,150.0,2,140,0.014285714285714285
rect_ifft,Rect-IFFT MLP,5,18,30.0,150.0,60.0,180.0,1,140,0.007142857142857143
rect_ifft,Rect-IFFT MLP,5,19,30.0,150.0,60.0,210.0,2,140,0.014285714285714285
rect_ifft,Rect-IFFT MLP,5,20,30.0,150.0,60.0,240.0,0,140,0.0
rect_ifft,Rect-IFFT MLP,5,21,30.0,150.0,60.0,270.0,0,140,0.0
rect_ifft,Rect-IFFT MLP,5,22,30.0,150.0,60.0,300.0,0,140,0.0
rect_ifft,Rect-IFFT MLP,5,23,30.0,150.0,60.0,330.0,2,140,0.014285714285714285
rect_ifft,Rect-IFFT MLP,5,24,30.0,150.0,90.0,0.0,0,140,0.0
rect_ifft,Rect-IFFT MLP,5,25,30.0,150.0,90.0,30.0,0,140,0.0
rect_ifft,Rect-IFFT MLP,5,26,30.0,150.0,90.0,60.0,0,140,0.0
rect_ifft,Rect-IFFT MLP,5,27,30.0,150.0,90.0,90.0,0,140,0.0
rect_ifft,Rect-IFFT MLP,5,28,30.0,150.0,90.0,120.0,0,140,0.0
rect_ifft,Rect-IFFT MLP,5,29,30.0,150.0,90.0,150.0,0,140,0.0
rect_ifft,Rect-IFFT MLP,5,30,30.0,150.0,90.0,180.0,0,140,0.0
rect_ifft,Rect-IFFT MLP,5,31,30.0,150.0,90.0,210.0,0,140,0.0
rect_ifft,Rect-IFFT MLP,5,32,30.0,150.0,90.0,240.0,0,140,0.0
rect_ifft,Rect-IFFT MLP,5,33,30.0,150.0,90.0,270.0,0,140,0.0
rect_ifft,Rect-IFFT MLP,5,34,30.0,150.0,90.0,300.0,0,140,0.0
rect_ifft,Rect-IFFT MLP,5,35,30.0,150.0,90.0,330.0,0,140,0.0
rect_ifft,Rect-IFFT MLP,5,36,30.0,150.0,120.0,0.0,1,140,0.007142857142857143
rect_ifft,Rect-IFFT MLP,5,37,30.0,150.0,120.0,30.0,0,140,0.0
rect_ifft,Rect-IFFT MLP,5,38,30.0,150.0,120.0,60.0,0,140,0.0
rect_ifft,Rect-IFFT MLP,5,39,30.0,150.0,120.0,90.0,0,140,0.0
rect_ifft,Rect-IFFT MLP,5,40,30.0,150.0,120.0,120.0,0,140,0.0
rect_ifft,Rect-IFFT MLP,5,41,30.0,150.0,120.0,150.0,4,140,0.02857142857142857
rect_ifft,Rect-IFFT MLP,5,42,30.0,150.0,120.0,180.0,0,140,0.0
rect_ifft,Rect-IFFT MLP,5,43,30.0,150.0,120.0,210.0,1,140,0.007142857142857143
rect_ifft,Rect-IFFT MLP,5,44,30.0,150.0,120.0,240.0,0,140,0.0
rect_ifft,Rect-IFFT MLP,5,45,30.0,150.0,120.0,270.0,0,140,0.0
rect_ifft,Rect-IFFT MLP,5,46,30.0,150.0,120.0,300.0,0,140,0.0
rect_ifft,Rect-IFFT MLP,5,47,30.0,150.0,120.0,330.0,1,140,0.007142857142857143
rect_ifft,Rect-IFFT MLP,5,48,30.0,150.0,150.0,0.0,0,140,0.0
rect_ifft,Rect-IFFT MLP,5,49,30.0,150.0,150.0,30.0,2,140,0.014285714285714285
rect_ifft,Rect-IFFT MLP,5,50,30.0,150.0,150.0,60.0,0,140,0.0
rect_ifft,Rect-IFFT MLP,5,51,30.0,150.0,150.0,90.0,0,140,0.0
rect_ifft,Rect-IFFT MLP,5,52,30.0,150.0,150.0,120.0,0,140,0.0
rect_ifft,Rect-IFFT MLP,5,53,30.0,150.0,150.0,150.0,0,140,0.0
rect_ifft,Rect-IFFT MLP,5,54,30.0,150.0,150.0,180.0,1,140,0.007142857142857143
rect_ifft,Rect-IFFT MLP,5,55,30.0,150.0,150.0,210.0,5,140,0.03571428571428571
rect_ifft,Rect-IFFT MLP,5,56,30.0,150.0,150.0,240.0,0,140,0.0
rect_ifft,Rect-IFFT MLP,5,57,30.0,150.0,150.0,270.0,0,140,0.0
rect_ifft,Rect-IFFT MLP,5,58,30.0,150.0,150.0,300.0,0,140,0.0
rect_ifft,Rect-IFFT MLP,5,59,30.0,150.0,150.0,330.0,0,140,0.0
rect_ifft,Rect-IFFT MLP,6,0,30.0,180.0,30.0,0.0,0,140,0.0
rect_ifft,Rect-IFFT MLP,6,1,30.0,180.0,30.0,30.0,0,140,0.0
rect_ifft,Rect-IFFT MLP,6,2,30.0,180.0,30.0,60.0,0,140,0.0
rect_ifft,Rect-IFFT MLP,6,3,30.0,180.0,30.0,90.0,0,140,0.0
rect_ifft,Rect-IFFT MLP,6,4,30.0,180.0,30.0,120.0,0,140,0.0
rect_ifft,Rect-IFFT MLP,6,5,30.0,180.0,30.0,150.0,0,140,0.0
rect_ifft,Rect-IFFT MLP,6,6,30.0,180.0,30.0,180.0,105,140,0.75
rect_ifft,Rect-IFFT MLP,6,7,30.0,180.0,30.0,210.0,2,140,0.014285714285714285
rect_ifft,Rect-IFFT MLP,6,8,30.0,180.0,30.0,240.0,0,140,0.0
rect_ifft,Rect-IFFT MLP,6,9,30.0,180.0,30.0,270.0,0,140,0.0
rect_ifft,Rect-IFFT MLP,6,10,30.0,180.0,30.0,300.0,0,140,0.0
rect_ifft,Rect-IFFT MLP,6,11,30.0,180.0,30.0,330.0,0,140,0.0
rect_ifft,Rect-IFFT MLP,6,12,30.0,180.0,60.0,0.0,0,140,0.0
rect_ifft,Rect-IFFT MLP,6,13,30.0,180.0,60.0,30.0,0,140,0.0
rect_ifft,Rect-IFFT MLP,6,14,30.0,180.0,60.0,60.0,0,140,0.0
rect_ifft,Rect-IFFT MLP,6,15,30.0,180.0,60.0,90.0,0,140,0.0
rect_ifft,Rect-IFFT MLP,6,16,30.0,180.0,60.0,120.0,0,140,0.0
rect_ifft,Rect-IFFT MLP,6,17,30.0,180.0,60.0,150.0,0,140,0.0
rect_ifft,Rect-IFFT MLP,6,18,30.0,180.0,60.0,180.0,20,140,0.14285714285714285
rect_ifft,Rect-IFFT MLP,6,19,30.0,180.0,60.0,210.0,0,140,0.0
rect_ifft,Rect-IFFT MLP,6,20,30.0,180.0,60.0,240.0,0,140,0.0
rect_ifft,Rect-IFFT MLP,6,21,30.0,180.0,60.0,270.0,0,140,0.0
rect_ifft,Rect-IFFT MLP,6,22,30.0,180.0,60.0,300.0,0,140,0.0
rect_ifft,Rect-IFFT MLP,6,23,30.0,180.0,60.0,330.0,0,140,0.0
rect_ifft,Rect-IFFT MLP,6,24,30.0,180.0,90.0,0.0,0,140,0.0
rect_ifft,Rect-IFFT MLP,6,25,30.0,180.0,90.0,30.0,0,140,0.0
rect_ifft,Rect-IFFT MLP,6,26,30.0,180.0,90.0,60.0,0,140,0.0
rect_ifft,Rect-IFFT MLP,6,27,30.0,180.0,90.0,90.0,0,140,0.0
rect_ifft,Rect-IFFT MLP,6,28,30.0,180.0,90.0,120.0,0,140,0.0
rect_ifft,Rect-IFFT MLP,6,29,30.0,180.0,90.0,150.0,0,140,0.0
rect_ifft,Rect-IFFT MLP,6,30,30.0,180.0,90.0,180.0,2,140,0.014285714285714285
rect_ifft,Rect-IFFT MLP,6,31,30.0,180.0,90.0,210.0,0,140,0.0
rect_ifft,Rect-IFFT MLP,6,32,30.0,180.0,90.0,240.0,0,140,0.0
rect_ifft,Rect-IFFT MLP,6,33,30.0,180.0,90.0,270.0,0,140,0.0
rect_ifft,Rect-IFFT MLP,6,34,30.0,180.0,90.0,300.0,0,140,0.0
rect_ifft,Rect-IFFT MLP,6,35,30.0,180.0,90.0,330.0,0,140,0.0
rect_ifft,Rect-IFFT MLP,6,36,30.0,180.0,120.0,0.0,0,140,0.0
rect_ifft,Rect-IFFT MLP,6,37,30.0,180.0,120.0,30.0,0,140,0.0
rect_ifft,Rect-IFFT MLP,6,38,30.0,180.0,120.0,60.0,0,140,0.0
rect_ifft,Rect-IFFT MLP,6,39,30.0,180.0,120.0,90.0,0,140,0.0
rect_ifft,Rect-IFFT MLP,6,40,30.0,180.0,120.0,120.0,0,140,0.0
rect_ifft,Rect-IFFT MLP,6,41,30.0,180.0,120.0,150.0,0,140,0.0
rect_ifft,Rect-IFFT MLP,6,42,30.0,180.0,120.0,180.0,3,140,0.02142857142857143
rect_ifft,Rect-IFFT MLP,6,43,30.0,180.0,120.0,210.0,0,140,0.0
rect_ifft,Rect-IFFT MLP,6,44,30.0,180.0,120.0,240.0,0,140,0.0
rect_ifft,Rect-IFFT MLP,6,45,30.0,180.0,120.0,270.0,0,140,0.0
rect_ifft,Rect-IFFT MLP,6,46,30.0,180.0,120.0,300.0,0,140,0.0
rect_ifft,Rect-IFFT MLP,6,47,30.0,180.0,120.0,330.0,0,140,0.0
rect_ifft,Rect-IFFT MLP,6,48,30.0,180.0,150.0,0.0,3,140,0.02142857142857143
rect_ifft,Rect-IFFT MLP,6,49,30.0,180.0,150.0,30.0,0,140,0.0
rect_ifft,Rect-IFFT MLP,6,50,30.0,180.0,150.0,60.0,0,140,0.0
rect_ifft,Rect-IFFT MLP,6,51,30.0,180.0,150.0,90.0,0,140,0.0
rect_ifft,Rect-IFFT MLP,6,52,30.0,180.0,150.0,120.0,0,140,0.0
rect_ifft,Rect-IFFT MLP,6,53,30.0,180.0,150.0,150.0,0,140,0.0
rect_ifft,Rect-IFFT MLP,6,54,30.0,180.0,150.0,180.0,5,140,0.03571428571428571
rect_ifft,Rect-IFFT MLP,6,55,30.0,180.0,150.0,210.0,0,140,0.0
rect_ifft,Rect-IFFT MLP,6,56,30.0,180.0,150.0,240.0,0,140,0.0
rect_ifft,Rect-IFFT MLP,6,57,30.0,180.0,150.0,270.0,0,140,0.0
rect_ifft,Rect-IFFT MLP,6,58,30.0,180.0,150.0,300.0,0,140,0.0
rect_ifft,Rect-IFFT MLP,6,59,30.0,180.0,150.0,330.0,0,140,0.0
rect_ifft,Rect-IFFT MLP,7,0,30.0,210.0,30.0,0.0,1,140,0.007142857142857143
rect_ifft,Rect-IFFT MLP,7,1,30.0,210.0,30.0,30.0,9,140,0.06428571428571428
rect_ifft,Rect-IFFT MLP,7,2,30.0,210.0,30.0,60.0,0,140,0.0
rect_ifft,Rect-IFFT MLP,7,3,30.0,210.0,30.0,90.0,1,140,0.007142857142857143
rect_ifft,Rect-IFFT MLP,7,4,30.0,210.0,30.0,120.0,0,140,0.0
rect_ifft,Rect-IFFT MLP,7,5,30.0,210.0,30.0,150.0,2,140,0.014285714285714285
rect_ifft,Rect-IFFT MLP,7,6,30.0,210.0,30.0,180.0,0,140,0.0
rect_ifft,Rect-IFFT MLP,7,7,30.0,210.0,30.0,210.0,105,140,0.75
rect_ifft,Rect-IFFT MLP,7,8,30.0,210.0,30.0,240.0,1,140,0.007142857142857143
rect_ifft,Rect-IFFT MLP,7,9,30.0,210.0,30.0,270.0,0,140,0.0
rect_ifft,Rect-IFFT MLP,7,10,30.0,210.0,30.0,300.0,0,140,0.0
rect_ifft,Rect-IFFT MLP,7,11,30.0,210.0,30.0,330.0,0,140,0.0
rect_ifft,Rect-IFFT MLP,7,12,30.0,210.0,60.0,0.0,1,140,0.007142857142857143
rect_ifft,Rect-IFFT MLP,7,13,30.0,210.0,60.0,30.0,1,140,0.007142857142857143
rect_ifft,Rect-IFFT MLP,7,14,30.0,210.0,60.0,60.0,0,140,0.0
rect_ifft,Rect-IFFT MLP,7,15,30.0,210.0,60.0,90.0,0,140,0.0
rect_ifft,Rect-IFFT MLP,7,16,30.0,210.0,60.0,120.0,0,140,0.0
rect_ifft,Rect-IFFT MLP,7,17,30.0,210.0,60.0,150.0,0,140,0.0
rect_ifft,Rect-IFFT MLP,7,18,30.0,210.0,60.0,180.0,2,140,0.014285714285714285
rect_ifft,Rect-IFFT MLP,7,19,30.0,210.0,60.0,210.0,3,140,0.02142857142857143
rect_ifft,Rect-IFFT MLP,7,20,30.0,210.0,60.0,240.0,0,140,0.0
rect_ifft,Rect-IFFT MLP,7,21,30.0,210.0,60.0,270.0,1,140,0.007142857142857143
rect_ifft,Rect-IFFT MLP,7,22,30.0,210.0,60.0,300.0,0,140,0.0
rect_ifft,Rect-IFFT MLP,7,23,30.0,210.0,60.0,330.0,0,140,0.0
rect_ifft,Rect-IFFT MLP,7,24,30.0,210.0,90.0,0.0,0,140,0.0
rect_ifft,Rect-IFFT MLP,7,25,30.0,210.0,90.0,30.0,0,140,0.0
rect_ifft,Rect-IFFT MLP,7,26,30.0,210.0,90.0,60.0,0,140,0.0
rect_ifft,Rect-IFFT MLP,7,27,30.0,210.0,90.0,90.0,0,140,0.0
rect_ifft,Rect-IFFT MLP,7,28,30.0,210.0,90.0,120.0,0,140,0.0
rect_ifft,Rect-IFFT MLP,7,29,30.0,210.0,90.0,150.0,0,140,0.0
rect_ifft,Rect-IFFT MLP,7,30,30.0,210.0,90.0,180.0,0,140,0.0
rect_ifft,Rect-IFFT MLP,7,31,30.0,210.0,90.0,210.0,0,140,0.0
rect_ifft,Rect-IFFT MLP,7,32,30.0,210.0,90.0,240.0,0,140,0.0
rect_ifft,Rect-IFFT MLP,7,33,30.0,210.0,90.0,270.0,0,140,0.0
rect_ifft,Rect-IFFT MLP,7,34,30.0,210.0,90.0,300.0,0,140,0.0
rect_ifft,Rect-IFFT MLP,7,35,30.0,210.0,90.0,330.0,0,140,0.0
rect_ifft,Rect-IFFT MLP,7,36,30.0,210.0,120.0,0.0,0,140,0.0
rect_ifft,Rect-IFFT MLP,7,37,30.0,210.0,120.0,30.0,0,140,0.0
rect_ifft,Rect-IFFT MLP,7,38,30.0,210.0,120.0,60.0,0,140,0.0
rect_ifft,Rect-IFFT MLP,7,39,30.0,210.0,120.0,90.0,0,140,0.0
rect_ifft,Rect-IFFT MLP,7,40,30.0,210.0,120.0,120.0,0,140,0.0
rect_ifft,Rect-IFFT MLP,7,41,30.0,210.0,120.0,150.0,0,140,0.0
rect_ifft,Rect-IFFT MLP,7,42,30.0,210.0,120.0,180.0,0,140,0.0
rect_ifft,Rect-IFFT MLP,7,43,30.0,210.0,120.0,210.0,0,140,0.0
rect_ifft,Rect-IFFT MLP,7,44,30.0,210.0,120.0,240.0,0,140,0.0
rect_ifft,Rect-IFFT MLP,7,45,30.0,210.0,120.0,270.0,0,140,0.0
rect_ifft,Rect-IFFT MLP,7,46,30.0,210.0,120.0,300.0,0,140,0.0
rect_ifft,Rect-IFFT MLP,7,47,30.0,210.0,120.0,330.0,0,140,0.0
rect_ifft,Rect-IFFT MLP,7,48,30.0,210.0,150.0,0.0,0,140,0.0
rect_ifft,Rect-IFFT MLP,7,49,30.0,210.0,150.0,30.0,0,140,0.0
rect_ifft,Rect-IFFT MLP,7,50,30.0,210.0,150.0,60.0,0,140,0.0
rect_ifft,Rect-IFFT MLP,7,51,30.0,210.0,150.0,90.0,0,140,0.0
rect_ifft,Rect-IFFT MLP,7,52,30.0,210.0,150.0,120.0,0,140,0.0
rect_ifft,Rect-IFFT MLP,7,53,30.0,210.0,150.0,150.0,5,140,0.03571428571428571
rect_ifft,Rect-IFFT MLP,7,54,30.0,210.0,150.0,180.0,1,140,0.007142857142857143
rect_ifft,Rect-IFFT MLP,7,55,30.0,210.0,150.0,210.0,0,140,0.0
rect_ifft,Rect-IFFT MLP,7,56,30.0,210.0,150.0,240.0,1,140,0.007142857142857143
rect_ifft,Rect-IFFT MLP,7,57,30.0,210.0,150.0,270.0,0,140,0.0
rect_ifft,Rect-IFFT MLP,7,58,30.0,210.0,150.0,300.0,0,140,0.0
rect_ifft,Rect-IFFT MLP,7,59,30.0,210.0,150.0,330.0,6,140,0.04285714285714286
rect_ifft,Rect-IFFT MLP,8,0,30.0,240.0,30.0,0.0,0,140,0.0
rect_ifft,Rect-IFFT MLP,8,1,30.0,240.0,30.0,30.0,0,140,0.0
rect_ifft,Rect-IFFT MLP,8,2,30.0,240.0,30.0,60.0,13,140,0.09285714285714286
rect_ifft,Rect-IFFT MLP,8,3,30.0,240.0,30.0,90.0,5,140,0.03571428571428571
rect_ifft,Rect-IFFT MLP,8,4,30.0,240.0,30.0,120.0,2,140,0.014285714285714285
rect_ifft,Rect-IFFT MLP,8,5,30.0,240.0,30.0,150.0,0,140,0.0
rect_ifft,Rect-IFFT MLP,8,6,30.0,240.0,30.0,180.0,0,140,0.0
rect_ifft,Rect-IFFT MLP,8,7,30.0,240.0,30.0,210.0,0,140,0.0
rect_ifft,Rect-IFFT MLP,8,8,30.0,240.0,30.0,240.0,95,140,0.6785714285714286
rect_ifft,Rect-IFFT MLP,8,9,30.0,240.0,30.0,270.0,0,140,0.0
rect_ifft,Rect-IFFT MLP,8,10,30.0,240.0,30.0,300.0,1,140,0.007142857142857143
rect_ifft,Rect-IFFT MLP,8,11,30.0,240.0,30.0,330.0,0,140,0.0
rect_ifft,Rect-IFFT MLP,8,12,30.0,240.0,60.0,0.0,0,140,0.0
rect_ifft,Rect-IFFT MLP,8,13,30.0,240.0,60.0,30.0,0,140,0.0
rect_ifft,Rect-IFFT MLP,8,14,30.0,240.0,60.0,60.0,0,140,0.0
rect_ifft,Rect-IFFT MLP,8,15,30.0,240.0,60.0,90.0,0,140,0.0
rect_ifft,Rect-IFFT MLP,8,16,30.0,240.0,60.0,120.0,0,140,0.0
rect_ifft,Rect-IFFT MLP,8,17,30.0,240.0,60.0,150.0,0,140,0.0
rect_ifft,Rect-IFFT MLP,8,18,30.0,240.0,60.0,180.0,0,140,0.0
rect_ifft,Rect-IFFT MLP,8,19,30.0,240.0,60.0,210.0,0,140,0.0
rect_ifft,Rect-IFFT MLP,8,20,30.0,240.0,60.0,240.0,0,140,0.0
rect_ifft,Rect-IFFT MLP,8,21,30.0,240.0,60.0,270.0,0,140,0.0
rect_ifft,Rect-IFFT MLP,8,22,30.0,240.0,60.0,300.0,0,140,0.0
rect_ifft,Rect-IFFT MLP,8,23,30.0,240.0,60.0,330.0,0,140,0.0
rect_ifft,Rect-IFFT MLP,8,24,30.0,240.0,90.0,0.0,0,140,0.0
rect_ifft,Rect-IFFT MLP,8,25,30.0,240.0,90.0,30.0,0,140,0.0
rect_ifft,Rect-IFFT MLP,8,26,30.0,240.0,90.0,60.0,0,140,0.0
rect_ifft,Rect-IFFT MLP,8,27,30.0,240.0,90.0,90.0,0,140,0.0
rect_ifft,Rect-IFFT MLP,8,28,30.0,240.0,90.0,120.0,0,140,0.0
rect_ifft,Rect-IFFT MLP,8,29,30.0,240.0,90.0,150.0,0,140,0.0
rect_ifft,Rect-IFFT MLP,8,30,30.0,240.0,90.0,180.0,0,140,0.0
rect_ifft,Rect-IFFT MLP,8,31,30.0,240.0,90.0,210.0,0,140,0.0
rect_ifft,Rect-IFFT MLP,8,32,30.0,240.0,90.0,240.0,0,140,0.0
rect_ifft,Rect-IFFT MLP,8,33,30.0,240.0,90.0,270.0,0,140,0.0
rect_ifft,Rect-IFFT MLP,8,34,30.0,240.0,90.0,300.0,0,140,0.0
rect_ifft,Rect-IFFT MLP,8,35,30.0,240.0,90.0,330.0,0,140,0.0
rect_ifft,Rect-IFFT MLP,8,36,30.0,240.0,120.0,0.0,0,140,0.0
rect_ifft,Rect-IFFT MLP,8,37,30.0,240.0,120.0,30.0,0,140,0.0
rect_ifft,Rect-IFFT MLP,8,38,30.0,240.0,120.0,60.0,0,140,0.0
rect_ifft,Rect-IFFT MLP,8,39,30.0,240.0,120.0,90.0,1,140,0.007142857142857143
rect_ifft,Rect-IFFT MLP,8,40,30.0,240.0,120.0,120.0,0,140,0.0
rect_ifft,Rect-IFFT MLP,8,41,30.0,240.0,120.0,150.0,0,140,0.0
rect_ifft,Rect-IFFT MLP,8,42,30.0,240.0,120.0,180.0,0,140,0.0
rect_ifft,Rect-IFFT MLP,8,43,30.0,240.0,120.0,210.0,0,140,0.0
rect_ifft,Rect-IFFT MLP,8,44,30.0,240.0,120.0,240.0,0,140,0.0
rect_ifft,Rect-IFFT MLP,8,45,30.0,240.0,120.0,270.0,0,140,0.0
rect_ifft,Rect-IFFT MLP,8,46,30.0,240.0,120.0,300.0,0,140,0.0
rect_ifft,Rect-IFFT MLP,8,47,30.0,240.0,120.0,330.0,0,140,0.0
rect_ifft,Rect-IFFT MLP,8,48,30.0,240.0,150.0,0.0,0,140,0.0
rect_ifft,Rect-IFFT MLP,8,49,30.0,240.0,150.0,30.0,0,140,0.0
rect_ifft,Rect-IFFT MLP,8,50,30.0,240.0,150.0,60.0,1,140,0.007142857142857143
rect_ifft,Rect-IFFT MLP,8,51,30.0,240.0,150.0,90.0,7,140,0.05
rect_ifft,Rect-IFFT MLP,8,52,30.0,240.0,150.0,120.0,8,140,0.05714285714285714
rect_ifft,Rect-IFFT MLP,8,53,30.0,240.0,150.0,150.0,0,140,0.0
rect_ifft,Rect-IFFT MLP,8,54,30.0,240.0,150.0,180.0,0,140,0.0
rect_ifft,Rect-IFFT MLP,8,55,30.0,240.0,150.0,210.0,0,140,0.0
rect_ifft,Rect-IFFT MLP,8,56,30.0,240.0,150.0,240.0,3,140,0.02142857142857143
rect_ifft,Rect-IFFT MLP,8,57,30.0,240.0,150.0,270.0,4,140,0.02857142857142857
rect_ifft,Rect-IFFT MLP,8,58,30.0,240.0,150.0,300.0,0,140,0.0
rect_ifft,Rect-IFFT MLP,8,59,30.0,240.0,150.0,330.0,0,140,0.0
rect_ifft,Rect-IFFT MLP,9,0,30.0,270.0,30.0,0.0,0,140,0.0
rect_ifft,Rect-IFFT MLP,9,1,30.0,270.0,30.0,30.0,0,140,0.0
rect_ifft,Rect-IFFT MLP,9,2,30.0,270.0,30.0,60.0,0,140,0.0
rect_ifft,Rect-IFFT MLP,9,3,30.0,270.0,30.0,90.0,14,140,0.1
rect_ifft,Rect-IFFT MLP,9,4,30.0,270.0,30.0,120.0,1,140,0.007142857142857143
rect_ifft,Rect-IFFT MLP,9,5,30.0,270.0,30.0,150.0,0,140,0.0
rect_ifft,Rect-IFFT MLP,9,6,30.0,270.0,30.0,180.0,0,140,0.0
rect_ifft,Rect-IFFT MLP,9,7,30.0,270.0,30.0,210.0,0,140,0.0
rect_ifft,Rect-IFFT MLP,9,8,30.0,270.0,30.0,240.0,1,140,0.007142857142857143
rect_ifft,Rect-IFFT MLP,9,9,30.0,270.0,30.0,270.0,101,140,0.7214285714285714
rect_ifft,Rect-IFFT MLP,9,10,30.0,270.0,30.0,300.0,0,140,0.0
rect_ifft,Rect-IFFT MLP,9,11,30.0,270.0,30.0,330.0,0,140,0.0
rect_ifft,Rect-IFFT MLP,9,12,30.0,270.0,60.0,0.0,0,140,0.0
rect_ifft,Rect-IFFT MLP,9,13,30.0,270.0,60.0,30.0,0,140,0.0
rect_ifft,Rect-IFFT MLP,9,14,30.0,270.0,60.0,60.0,0,140,0.0
rect_ifft,Rect-IFFT MLP,9,15,30.0,270.0,60.0,90.0,3,140,0.02142857142857143
rect_ifft,Rect-IFFT MLP,9,16,30.0,270.0,60.0,120.0,0,140,0.0
rect_ifft,Rect-IFFT MLP,9,17,30.0,270.0,60.0,150.0,0,140,0.0
rect_ifft,Rect-IFFT MLP,9,18,30.0,270.0,60.0,180.0,0,140,0.0
rect_ifft,Rect-IFFT MLP,9,19,30.0,270.0,60.0,210.0,0,140,0.0
rect_ifft,Rect-IFFT MLP,9,20,30.0,270.0,60.0,240.0,0,140,0.0
rect_ifft,Rect-IFFT MLP,9,21,30.0,270.0,60.0,270.0,0,140,0.0
rect_ifft,Rect-IFFT MLP,9,22,30.0,270.0,60.0,300.0,0,140,0.0
rect_ifft,Rect-IFFT MLP,9,23,30.0,270.0,60.0,330.0,0,140,0.0
rect_ifft,Rect-IFFT MLP,9,24,30.0,270.0,90.0,0.0,0,140,0.0
rect_ifft,Rect-IFFT MLP,9,25,30.0,270.0,90.0,30.0,0,140,0.0
rect_ifft,Rect-IFFT MLP,9,26,30.0,270.0,90.0,60.0,0,140,0.0
rect_ifft,Rect-IFFT MLP,9,27,30.0,270.0,90.0,90.0,1,140,0.007142857142857143
rect_ifft,Rect-IFFT MLP,9,28,30.0,270.0,90.0,120.0,0,140,0.0
rect_ifft,Rect-IFFT MLP,9,29,30.0,270.0,90.0,150.0,0,140,0.0
rect_ifft,Rect-IFFT MLP,9,30,30.0,270.0,90.0,180.0,0,140,0.0
rect_ifft,Rect-IFFT MLP,9,31,30.0,270.0,90.0,210.0,0,140,0.0
rect_ifft,Rect-IFFT MLP,9,32,30.0,270.0,90.0,240.0,0,140,0.0
rect_ifft,Rect-IFFT MLP,9,33,30.0,270.0,90.0,270.0,0,140,0.0
rect_ifft,Rect-IFFT MLP,9,34,30.0,270.0,90.0,300.0,0,140,0.0
rect_ifft,Rect-IFFT MLP,9,35,30.0,270.0,90.0,330.0,0,140,0.0
rect_ifft,Rect-IFFT MLP,9,36,30.0,270.0,120.0,0.0,0,140,0.0
rect_ifft,Rect-IFFT MLP,9,37,30.0,270.0,120.0,30.0,0,140,0.0
rect_ifft,Rect-IFFT MLP,9,38,30.0,270.0,120.0,60.0,0,140,0.0
rect_ifft,Rect-IFFT MLP,9,39,30.0,270.0,120.0,90.0,0,140,0.0
rect_ifft,Rect-IFFT MLP,9,40,30.0,270.0,120.0,120.0,0,140,0.0
rect_ifft,Rect-IFFT MLP,9,41,30.0,270.0,120.0,150.0,0,140,0.0
rect_ifft,Rect-IFFT MLP,9,42,30.0,270.0,120.0,180.0,0,140,0.0
rect_ifft,Rect-IFFT MLP,9,43,30.0,270.0,120.0,210.0,0,140,0.0
rect_ifft,Rect-IFFT MLP,9,44,30.0,270.0,120.0,240.0,0,140,0.0
rect_ifft,Rect-IFFT MLP,9,45,30.0,270.0,120.0,270.0,0,140,0.0
rect_ifft,Rect-IFFT MLP,9,46,30.0,270.0,120.0,300.0,0,140,0.0
rect_ifft,Rect-IFFT MLP,9,47,30.0,270.0,120.0,330.0,0,140,0.0
rect_ifft,Rect-IFFT MLP,9,48,30.0,270.0,150.0,0.0,0,140,0.0
rect_ifft,Rect-IFFT MLP,9,49,30.0,270.0,150.0,30.0,0,140,0.0
rect_ifft,Rect-IFFT MLP,9,50,30.0,270.0,150.0,60.0,7,140,0.05
rect_ifft,Rect-IFFT MLP,9,51,30.0,270.0,150.0,90.0,1,140,0.007142857142857143
rect_ifft,Rect-IFFT MLP,9,52,30.0,270.0,150.0,120.0,0,140,0.0
rect_ifft,Rect-IFFT MLP,9,53,30.0,270.0,150.0,150.0,0,140,0.0
rect_ifft,Rect-IFFT MLP,9,54,30.0,270.0,150.0,180.0,0,140,0.0
rect_ifft,Rect-IFFT MLP,9,55,30.0,270.0,150.0,210.0,0,140,0.0
rect_ifft,Rect-IFFT MLP,9,56,30.0,270.0,150.0,240.0,4,140,0.02857142857142857
rect_ifft,Rect-IFFT MLP,9,57,30.0,270.0,150.0,270.0,7,140,0.05
rect_ifft,Rect-IFFT MLP,9,58,30.0,270.0,150.0,300.0,0,140,0.0
rect_ifft,Rect-IFFT MLP,9,59,30.0,270.0,150.0,330.0,0,140,0.0
rect_ifft,Rect-IFFT MLP,10,0,30.0,300.0,30.0,0.0,0,140,0.0
rect_ifft,Rect-IFFT MLP,10,1,30.0,300.0,30.0,30.0,3,140,0.02142857142857143
rect_ifft,Rect-IFFT MLP,10,2,30.0,300.0,30.0,60.0,4,140,0.02857142857142857
rect_ifft,Rect-IFFT MLP,10,3,30.0,300.0,30.0,90.0,2,140,0.014285714285714285
rect_ifft,Rect-IFFT MLP,10,4,30.0,300.0,30.0,120.0,8,140,0.05714285714285714
rect_ifft,Rect-IFFT MLP,10,5,30.0,300.0,30.0,150.0,0,140,0.0
rect_ifft,Rect-IFFT MLP,10,6,30.0,300.0,30.0,180.0,0,140,0.0
rect_ifft,Rect-IFFT MLP,10,7,30.0,300.0,30.0,210.0,0,140,0.0
rect_ifft,Rect-IFFT MLP,10,8,30.0,300.0,30.0,240.0,0,140,0.0
rect_ifft,Rect-IFFT MLP,10,9,30.0,300.0,30.0,270.0,2,140,0.014285714285714285
rect_ifft,Rect-IFFT MLP,10,10,30.0,300.0,30.0,300.0,101,140,0.7214285714285714
rect_ifft,Rect-IFFT MLP,10,11,30.0,300.0,30.0,330.0,0,140,0.0
rect_ifft,Rect-IFFT MLP,10,12,30.0,300.0,60.0,0.0,0,140,0.0
rect_ifft,Rect-IFFT MLP,10,13,30.0,300.0,60.0,30.0,0,140,0.0
rect_ifft,Rect-IFFT MLP,10,14,30.0,300.0,60.0,60.0,1,140,0.007142857142857143
rect_ifft,Rect-IFFT MLP,10,15,30.0,300.0,60.0,90.0,1,140,0.007142857142857143
rect_ifft,Rect-IFFT MLP,10,16,30.0,300.0,60.0,120.0,0,140,0.0
rect_ifft,Rect-IFFT MLP,10,17,30.0,300.0,60.0,150.0,0,140,0.0
rect_ifft,Rect-IFFT MLP,10,18,30.0,300.0,60.0,180.0,0,140,0.0
rect_ifft,Rect-IFFT MLP,10,19,30.0,300.0,60.0,210.0,0,140,0.0
rect_ifft,Rect-IFFT MLP,10,20,30.0,300.0,60.0,240.0,0,140,0.0
rect_ifft,Rect-IFFT MLP,10,21,30.0,300.0,60.0,270.0,0,140,0.0
rect_ifft,Rect-IFFT MLP,10,22,30.0,300.0,60.0,300.0,1,140,0.007142857142857143
rect_ifft,Rect-IFFT MLP,10,23,30.0,300.0,60.0,330.0,1,140,0.007142857142857143
rect_ifft,Rect-IFFT MLP,10,24,30.0,300.0,90.0,0.0,0,140,0.0
rect_ifft,Rect-IFFT MLP,10,25,30.0,300.0,90.0,30.0,0,140,0.0
rect_ifft,Rect-IFFT MLP,10,26,30.0,300.0,90.0,60.0,1,140,0.007142857142857143
rect_ifft,Rect-IFFT MLP,10,27,30.0,300.0,90.0,90.0,0,140,0.0
rect_ifft,Rect-IFFT MLP,10,28,30.0,300.0,90.0,120.0,0,140,0.0
rect_ifft,Rect-IFFT MLP,10,29,30.0,300.0,90.0,150.0,0,140,0.0
rect_ifft,Rect-IFFT MLP,10,30,30.0,300.0,90.0,180.0,0,140,0.0
rect_ifft,Rect-IFFT MLP,10,31,30.0,300.0,90.0,210.0,0,140,0.0
rect_ifft,Rect-IFFT MLP,10,32,30.0,300.0,90.0,240.0,0,140,0.0
rect_ifft,Rect-IFFT MLP,10,33,30.0,300.0,90.0,270.0,0,140,0.0
rect_ifft,Rect-IFFT MLP,10,34,30.0,300.0,90.0,300.0,1,140,0.007142857142857143
rect_ifft,Rect-IFFT MLP,10,35,30.0,300.0,90.0,330.0,4,140,0.02857142857142857
rect_ifft,Rect-IFFT MLP,10,36,30.0,300.0,120.0,0.0,0,140,0.0
rect_ifft,Rect-IFFT MLP,10,37,30.0,300.0,120.0,30.0,0,140,0.0
rect_ifft,Rect-IFFT MLP,10,38,30.0,300.0,120.0,60.0,0,140,0.0
rect_ifft,Rect-IFFT MLP,10,39,30.0,300.0,120.0,90.0,0,140,0.0
rect_ifft,Rect-IFFT MLP,10,40,30.0,300.0,120.0,120.0,0,140,0.0
rect_ifft,Rect-IFFT MLP,10,41,30.0,300.0,120.0,150.0,0,140,0.0
rect_ifft,Rect-IFFT MLP,10,42,30.0,300.0,120.0,180.0,0,140,0.0
rect_ifft,Rect-IFFT MLP,10,43,30.0,300.0,120.0,210.0,0,140,0.0
rect_ifft,Rect-IFFT MLP,10,44,30.0,300.0,120.0,240.0,0,140,0.0
rect_ifft,Rect-IFFT MLP,10,45,30.0,300.0,120.0,270.0,0,140,0.0
rect_ifft,Rect-IFFT MLP,10,46,30.0,300.0,120.0,300.0,0,140,0.0
rect_ifft,Rect-IFFT MLP,10,47,30.0,300.0,120.0,330.0,0,140,0.0
rect_ifft,Rect-IFFT MLP,10,48,30.0,300.0,150.0,0.0,0,140,0.0
rect_ifft,Rect-IFFT MLP,10,49,30.0,300.0,150.0,30.0,0,140,0.0
rect_ifft,Rect-IFFT MLP,10,50,30.0,300.0,150.0,60.0,9,140,0.06428571428571428
rect_ifft,Rect-IFFT MLP,10,51,30.0,300.0,150.0,90.0,0,140,0.0
rect_ifft,Rect-IFFT MLP,10,52,30.0,300.0,150.0,120.0,0,140,0.0
rect_ifft,Rect-IFFT MLP,10,53,30.0,300.0,150.0,150.0,0,140,0.0
rect_ifft,Rect-IFFT MLP,10,54,30.0,300.0,150.0,180.0,0,140,0.0
rect_ifft,Rect-IFFT MLP,10,55,30.0,300.0,150.0,210.0,0,140,0.0
rect_ifft,Rect-IFFT MLP,10,56,30.0,300.0,150.0,240.0,0,140,0.0
rect_ifft,Rect-IFFT MLP,10,57,30.0,300.0,150.0,270.0,1,140,0.007142857142857143
rect_ifft,Rect-IFFT MLP,10,58,30.0,300.0,150.0,300.0,0,140,0.0
rect_ifft,Rect-IFFT MLP,10,59,30.0,300.0,150.0,330.0,0,140,0.0
rect_ifft,Rect-IFFT MLP,11,0,30.0,330.0,30.0,0.0,3,140,0.02142857142857143
rect_ifft,Rect-IFFT MLP,11,1,30.0,330.0,30.0,30.0,1,140,0.007142857142857143
rect_ifft,Rect-IFFT MLP,11,2,30.0,330.0,30.0,60.0,0,140,0.0
rect_ifft,Rect-IFFT MLP,11,3,30.0,330.0,30.0,90.0,0,140,0.0
rect_ifft,Rect-IFFT MLP,11,4,30.0,330.0,30.0,120.0,0,140,0.0
rect_ifft,Rect-IFFT MLP,11,5,30.0,330.0,30.0,150.0,1,140,0.007142857142857143
rect_ifft,Rect-IFFT MLP,11,6,30.0,330.0,30.0,180.0,0,140,0.0
rect_ifft,Rect-IFFT MLP,11,7,30.0,330.0,30.0,210.0,1,140,0.007142857142857143
rect_ifft,Rect-IFFT MLP,11,8,30.0,330.0,30.0,240.0,0,140,0.0
rect_ifft,Rect-IFFT MLP,11,9,30.0,330.0,30.0,270.0,0,140,0.0
rect_ifft,Rect-IFFT MLP,11,10,30.0,330.0,30.0,300.0,1,140,0.007142857142857143
rect_ifft,Rect-IFFT MLP,11,11,30.0,330.0,30.0,330.0,101,140,0.7214285714285714
rect_ifft,Rect-IFFT MLP,11,12,30.0,330.0,60.0,0.0,1,140,0.007142857142857143
rect_ifft,Rect-IFFT MLP,11,13,30.0,330.0,60.0,30.0,1,140,0.007142857142857143
rect_ifft,Rect-IFFT MLP,11,14,30.0,330.0,60.0,60.0,0,140,0.0
rect_ifft,Rect-IFFT MLP,11,15,30.0,330.0,60.0,90.0,0,140,0.0
rect_ifft,Rect-IFFT MLP,11,16,30.0,330.0,60.0,120.0,0,140,0.0
rect_ifft,Rect-IFFT MLP,11,17,30.0,330.0,60.0,150.0,0,140,0.0
rect_ifft,Rect-IFFT MLP,11,18,30.0,330.0,60.0,180.0,1,140,0.007142857142857143
rect_ifft,Rect-IFFT MLP,11,19,30.0,330.0,60.0,210.0,0,140,0.0
rect_ifft,Rect-IFFT MLP,11,20,30.0,330.0,60.0,240.0,0,140,0.0
rect_ifft,Rect-IFFT MLP,11,21,30.0,330.0,60.0,270.0,0,140,0.0
rect_ifft,Rect-IFFT MLP,11,22,30.0,330.0,60.0,300.0,0,140,0.0
rect_ifft,Rect-IFFT MLP,11,23,30.0,330.0,60.0,330.0,0,140,0.0
rect_ifft,Rect-IFFT MLP,11,24,30.0,330.0,90.0,0.0,0,140,0.0
rect_ifft,Rect-IFFT MLP,11,25,30.0,330.0,90.0,30.0,0,140,0.0
rect_ifft,Rect-IFFT MLP,11,26,30.0,330.0,90.0,60.0,0,140,0.0
rect_ifft,Rect-IFFT MLP,11,27,30.0,330.0,90.0,90.0,0,140,0.0
rect_ifft,Rect-IFFT MLP,11,28,30.0,330.0,90.0,120.0,0,140,0.0
rect_ifft,Rect-IFFT MLP,11,29,30.0,330.0,90.0,150.0,0,140,0.0
rect_ifft,Rect-IFFT MLP,11,30,30.0,330.0,90.0,180.0,0,140,0.0
rect_ifft,Rect-IFFT MLP,11,31,30.0,330.0,90.0,210.0,0,140,0.0
rect_ifft,Rect-IFFT MLP,11,32,30.0,330.0,90.0,240.0,0,140,0.0
rect_ifft,Rect-IFFT MLP,11,33,30.0,330.0,90.0,270.0,0,140,0.0
rect_ifft,Rect-IFFT MLP,11,34,30.0,330.0,90.0,300.0,0,140,0.0
rect_ifft,Rect-IFFT MLP,11,35,30.0,330.0,90.0,330.0,0,140,0.0
rect_ifft,Rect-IFFT MLP,11,36,30.0,330.0,120.0,0.0,5,140,0.03571428571428571
rect_ifft,Rect-IFFT MLP,11,37,30.0,330.0,120.0,30.0,4,140,0.02857142857142857
rect_ifft,Rect-IFFT MLP,11,38,30.0,330.0,120.0,60.0,0,140,0.0
rect_ifft,Rect-IFFT MLP,11,39,30.0,330.0,120.0,90.0,0,140,0.0
rect_ifft,Rect-IFFT MLP,11,40,30.0,330.0,120.0,120.0,0,140,0.0
rect_ifft,Rect-IFFT MLP,11,41,30.0,330.0,120.0,150.0,2,140,0.014285714285714285
rect_ifft,Rect-IFFT MLP,11,42,30.0,330.0,120.0,180.0,1,140,0.007142857142857143
rect_ifft,Rect-IFFT MLP,11,43,30.0,330.0,120.0,210.0,0,140,0.0
rect_ifft,Rect-IFFT MLP,11,44,30.0,330.0,120.0,240.0,0,140,0.0
rect_ifft,Rect-IFFT MLP,11,45,30.0,330.0,120.0,270.0,0,140,0.0
rect_ifft,Rect-IFFT MLP,11,46,30.0,330.0,120.0,300.0,0,140,0.0
rect_ifft,Rect-IFFT MLP,11,47,30.0,330.0,120.0,330.0,2,140,0.014285714285714285
rect_ifft,Rect-IFFT MLP,11,48,30.0,330.0,150.0,0.0,6,140,0.04285714285714286
rect_ifft,Rect-IFFT MLP,11,49,30.0,330.0,150.0,30.0,7,140,0.05
rect_ifft,Rect-IFFT MLP,11,50,30.0,330.0,150.0,60.0,0,140,0.0
rect_ifft,Rect-IFFT MLP,11,51,30.0,330.0,150.0,90.0,0,140,0.0
rect_ifft,Rect-IFFT MLP,11,52,30.0,330.0,150.0,120.0,0,140,0.0
rect_ifft,Rect-IFFT MLP,11,53,30.0,330.0,150.0,150.0,0,140,0.0
rect_ifft,Rect-IFFT MLP,11,54,30.0,330.0,150.0,180.0,0,140,0.0
rect_ifft,Rect-IFFT MLP,11,55,30.0,330.0,150.0,210.0,1,140,0.007142857142857143
rect_ifft,Rect-IFFT MLP,11,56,30.0,330.0,150.0,240.0,1,140,0.007142857142857143
rect_ifft,Rect-IFFT MLP,11,57,30.0,330.0,150.0,270.0,0,140,0.0
rect_ifft,Rect-IFFT MLP,11,58,30.0,330.0,150.0,300.0,0,140,0.0
rect_ifft,Rect-IFFT MLP,11,59,30.0,330.0,150.0,330.0,0,140,0.0
rect_ifft,Rect-IFFT MLP,12,0,60.0,0.0,30.0,0.0,20,140,0.14285714285714285
rect_ifft,Rect-IFFT MLP,12,1,60.0,0.0,30.0,30.0,0,140,0.0
rect_ifft,Rect-IFFT MLP,12,2,60.0,0.0,30.0,60.0,0,140,0.0
rect_ifft,Rect-IFFT MLP,12,3,60.0,0.0,30.0,90.0,0,140,0.0
rect_ifft,Rect-IFFT MLP,12,4,60.0,0.0,30.0,120.0,0,140,0.0
rect_ifft,Rect-IFFT MLP,12,5,60.0,0.0,30.0,150.0,0,140,0.0
rect_ifft,Rect-IFFT MLP,12,6,60.0,0.0,30.0,180.0,0,140,0.0
rect_ifft,Rect-IFFT MLP,12,7,60.0,0.0,30.0,210.0,0,140,0.0
rect_ifft,Rect-IFFT MLP,12,8,60.0,0.0,30.0,240.0,0,140,0.0
rect_ifft,Rect-IFFT MLP,12,9,60.0,0.0,30.0,270.0,0,140,0.0
rect_ifft,Rect-IFFT MLP,12,10,60.0,0.0,30.0,300.0,0,140,0.0
rect_ifft,Rect-IFFT MLP,12,11,60.0,0.0,30.0,330.0,0,140,0.0
rect_ifft,Rect-IFFT MLP,12,12,60.0,0.0,60.0,0.0,98,140,0.7
rect_ifft,Rect-IFFT MLP,12,13,60.0,0.0,60.0,30.0,0,140,0.0
rect_ifft,Rect-IFFT MLP,12,14,60.0,0.0,60.0,60.0,0,140,0.0
rect_ifft,Rect-IFFT MLP,12,15,60.0,0.0,60.0,90.0,0,140,0.0
rect_ifft,Rect-IFFT MLP,12,16,60.0,0.0,60.0,120.0,0,140,0.0
rect_ifft,Rect-IFFT MLP,12,17,60.0,0.0,60.0,150.0,0,140,0.0
rect_ifft,Rect-IFFT MLP,12,18,60.0,0.0,60.0,180.0,11,140,0.07857142857142857
rect_ifft,Rect-IFFT MLP,12,19,60.0,0.0,60.0,210.0,0,140,0.0
rect_ifft,Rect-IFFT MLP,12,20,60.0,0.0,60.0,240.0,0,140,0.0
rect_ifft,Rect-IFFT MLP,12,21,60.0,0.0,60.0,270.0,0,140,0.0
rect_ifft,Rect-IFFT MLP,12,22,60.0,0.0,60.0,300.0,0,140,0.0
rect_ifft,Rect-IFFT MLP,12,23,60.0,0.0,60.0,330.0,0,140,0.0
rect_ifft,Rect-IFFT MLP,12,24,60.0,0.0,90.0,0.0,0,140,0.0
rect_ifft,Rect-IFFT MLP,12,25,60.0,0.0,90.0,30.0,0,140,0.0
rect_ifft,Rect-IFFT MLP,12,26,60.0,0.0,90.0,60.0,0,140,0.0
rect_ifft,Rect-IFFT MLP,12,27,60.0,0.0,90.0,90.0,0,140,0.0
rect_ifft,Rect-IFFT MLP,12,28,60.0,0.0,90.0,120.0,0,140,0.0
rect_ifft,Rect-IFFT MLP,12,29,60.0,0.0,90.0,150.0,0,140,0.0
rect_ifft,Rect-IFFT MLP,12,30,60.0,0.0,90.0,180.0,0,140,0.0
rect_ifft,Rect-IFFT MLP,12,31,60.0,0.0,90.0,210.0,0,140,0.0
rect_ifft,Rect-IFFT MLP,12,32,60.0,0.0,90.0,240.0,0,140,0.0
rect_ifft,Rect-IFFT MLP,12,33,60.0,0.0,90.0,270.0,0,140,0.0
rect_ifft,Rect-IFFT MLP,12,34,60.0,0.0,90.0,300.0,0,140,0.0
rect_ifft,Rect-IFFT MLP,12,35,60.0,0.0,90.0,330.0,0,140,0.0
rect_ifft,Rect-IFFT MLP,12,36,60.0,0.0,120.0,0.0,0,140,0.0
rect_ifft,Rect-IFFT MLP,12,37,60.0,0.0,120.0,30.0,0,140,0.0
rect_ifft,Rect-IFFT MLP,12,38,60.0,0.0,120.0,60.0,0,140,0.0
rect_ifft,Rect-IFFT MLP,12,39,60.0,0.0,120.0,90.0,0,140,0.0
rect_ifft,Rect-IFFT MLP,12,40,60.0,0.0,120.0,120.0,0,140,0.0
rect_ifft,Rect-IFFT MLP,12,41,60.0,0.0,120.0,150.0,0,140,0.0
rect_ifft,Rect-IFFT MLP,12,42,60.0,0.0,120.0,180.0,8,140,0.05714285714285714
rect_ifft,Rect-IFFT MLP,12,43,60.0,0.0,120.0,210.0,0,140,0.0
rect_ifft,Rect-IFFT MLP,12,44,60.0,0.0,120.0,240.0,0,140,0.0
rect_ifft,Rect-IFFT MLP,12,45,60.0,0.0,120.0,270.0,0,140,0.0
rect_ifft,Rect-IFFT MLP,12,46,60.0,0.0,120.0,300.0,0,140,0.0
rect_ifft,Rect-IFFT MLP,12,47,60.0,0.0,120.0,330.0,0,140,0.0
rect_ifft,Rect-IFFT MLP,12,48,60.0,0.0,150.0,0.0,1,140,0.007142857142857143
rect_ifft,Rect-IFFT MLP,12,49,60.0,0.0,150.0,30.0,0,140,0.0
rect_ifft,Rect-IFFT MLP,12,50,60.0,0.0,150.0,60.0,0,140,0.0
rect_ifft,Rect-IFFT MLP,12,51,60.0,0.0,150.0,90.0,0,140,0.0
rect_ifft,Rect-IFFT MLP,12,52,60.0,0.0,150.0,120.0,1,140,0.007142857142857143
rect_ifft,Rect-IFFT MLP,12,53,60.0,0.0,150.0,150.0,0,140,0.0
rect_ifft,Rect-IFFT MLP,12,54,60.0,0.0,150.0,180.0,0,140,0.0
rect_ifft,Rect-IFFT MLP,12,55,60.0,0.0,150.0,210.0,0,140,0.0
rect_ifft,Rect-IFFT MLP,12,56,60.0,0.0,150.0,240.0,0,140,0.0
rect_ifft,Rect-IFFT MLP,12,57,60.0,0.0,150.0,270.0,0,140,0.0
rect_ifft,Rect-IFFT MLP,12,58,60.0,0.0,150.0,300.0,0,140,0.0
rect_ifft,Rect-IFFT MLP,12,59,60.0,0.0,150.0,330.0,1,140,0.007142857142857143
rect_ifft,Rect-IFFT MLP,13,0,60.0,30.0,30.0,0.0,0,140,0.0
rect_ifft,Rect-IFFT MLP,13,1,60.0,30.0,30.0,30.0,0,140,0.0
rect_ifft,Rect-IFFT MLP,13,2,60.0,30.0,30.0,60.0,1,140,0.007142857142857143
rect_ifft,Rect-IFFT MLP,13,3,60.0,30.0,30.0,90.0,0,140,0.0
rect_ifft,Rect-IFFT MLP,13,4,60.0,30.0,30.0,120.0,0,140,0.0
rect_ifft,Rect-IFFT MLP,13,5,60.0,30.0,30.0,150.0,0,140,0.0
rect_ifft,Rect-IFFT MLP,13,6,60.0,30.0,30.0,180.0,0,140,0.0
rect_ifft,Rect-IFFT MLP,13,7,60.0,30.0,30.0,210.0,0,140,0.0
rect_ifft,Rect-IFFT MLP,13,8,60.0,30.0,30.0,240.0,1,140,0.007142857142857143
rect_ifft,Rect-IFFT MLP,13,9,60.0,30.0,30.0,270.0,0,140,0.0
rect_ifft,Rect-IFFT MLP,13,10,60.0,30.0,30.0,300.0,0,140,0.0
rect_ifft,Rect-IFFT MLP,13,11,60.0,30.0,30.0,330.0,2,140,0.014285714285714285
rect_ifft,Rect-IFFT MLP,13,12,60.0,30.0,60.0,0.0,2,140,0.014285714285714285
rect_ifft,Rect-IFFT MLP,13,13,60.0,30.0,60.0,30.0,109,140,0.7785714285714286
rect_ifft,Rect-IFFT MLP,13,14,60.0,30.0,60.0,60.0,1,140,0.007142857142857143
rect_ifft,Rect-IFFT MLP,13,15,60.0,30.0,60.0,90.0,0,140,0.0
rect_ifft,Rect-IFFT MLP,13,16,60.0,30.0,60.0,120.0,0,140,0.0
rect_ifft,Rect-IFFT MLP,13,17,60.0,30.0,60.0,150.0,0,140,0.0
rect_ifft,Rect-IFFT MLP,13,18,60.0,30.0,60.0,180.0,1,140,0.007142857142857143
rect_ifft,Rect-IFFT MLP,13,19,60.0,30.0,60.0,210.0,1,140,0.007142857142857143
rect_ifft,Rect-IFFT MLP,13,20,60.0,30.0,60.0,240.0,0,140,0.0
rect_ifft,Rect-IFFT MLP,13,21,60.0,30.0,60.0,270.0,0,140,0.0
rect_ifft,Rect-IFFT MLP,13,22,60.0,30.0,60.0,300.0,0,140,0.0
rect_ifft,Rect-IFFT MLP,13,23,60.0,30.0,60.0,330.0,1,140,0.007142857142857143
rect_ifft,Rect-IFFT MLP,13,24,60.0,30.0,90.0,0.0,0,140,0.0
rect_ifft,Rect-IFFT MLP,13,25,60.0,30.0,90.0,30.0,1,140,0.007142857142857143
rect_ifft,Rect-IFFT MLP,13,26,60.0,30.0,90.0,60.0,0,140,0.0
rect_ifft,Rect-IFFT MLP,13,27,60.0,30.0,90.0,90.0,0,140,0.0
rect_ifft,Rect-IFFT MLP,13,28,60.0,30.0,90.0,120.0,0,140,0.0
rect_ifft,Rect-IFFT MLP,13,29,60.0,30.0,90.0,150.0,0,140,0.0
rect_ifft,Rect-IFFT MLP,13,30,60.0,30.0,90.0,180.0,0,140,0.0
rect_ifft,Rect-IFFT MLP,13,31,60.0,30.0,90.0,210.0,0,140,0.0
rect_ifft,Rect-IFFT MLP,13,32,60.0,30.0,90.0,240.0,0,140,0.0
rect_ifft,Rect-IFFT MLP,13,33,60.0,30.0,90.0,270.0,0,140,0.0
rect_ifft,Rect-IFFT MLP,13,34,60.0,30.0,90.0,300.0,0,140,0.0
rect_ifft,Rect-IFFT MLP,13,35,60.0,30.0,90.0,330.0,0,140,0.0
rect_ifft,Rect-IFFT MLP,13,36,60.0,30.0,120.0,0.0,2,140,0.014285714285714285
rect_ifft,Rect-IFFT MLP,13,37,60.0,30.0,120.0,30.0,3,140,0.02142857142857143
rect_ifft,Rect-IFFT MLP,13,38,60.0,30.0,120.0,60.0,1,140,0.007142857142857143
rect_ifft,Rect-IFFT MLP,13,39,60.0,30.0,120.0,90.0,0,140,0.0
rect_ifft,Rect-IFFT MLP,13,40,60.0,30.0,120.0,120.0,0,140,0.0
rect_ifft,Rect-IFFT MLP,13,41,60.0,30.0,120.0,150.0,0,140,0.0
rect_ifft,Rect-IFFT MLP,13,42,60.0,30.0,120.0,180.0,0,140,0.0
rect_ifft,Rect-IFFT MLP,13,43,60.0,30.0,120.0,210.0,0,140,0.0
rect_ifft,Rect-IFFT MLP,13,44,60.0,30.0,120.0,240.0,0,140,0.0
rect_ifft,Rect-IFFT MLP,13,45,60.0,30.0,120.0,270.0,0,140,0.0
rect_ifft,Rect-IFFT MLP,13,46,60.0,30.0,120.0,300.0,0,140,0.0
rect_ifft,Rect-IFFT MLP,13,47,60.0,30.0,120.0,330.0,9,140,0.06428571428571428
rect_ifft,Rect-IFFT MLP,13,48,60.0,30.0,150.0,0.0,0,140,0.0
rect_ifft,Rect-IFFT MLP,13,49,60.0,30.0,150.0,30.0,2,140,0.014285714285714285
rect_ifft,Rect-IFFT MLP,13,50,60.0,30.0,150.0,60.0,0,140,0.0
rect_ifft,Rect-IFFT MLP,13,51,60.0,30.0,150.0,90.0,0,140,0.0
rect_ifft,Rect-IFFT MLP,13,52,60.0,30.0,150.0,120.0,0,140,0.0
rect_ifft,Rect-IFFT MLP,13,53,60.0,30.0,150.0,150.0,2,140,0.014285714285714285
rect_ifft,Rect-IFFT MLP,13,54,60.0,30.0,150.0,180.0,0,140,0.0
rect_ifft,Rect-IFFT MLP,13,55,60.0,30.0,150.0,210.0,0,140,0.0
rect_ifft,Rect-IFFT MLP,13,56,60.0,30.0,150.0,240.0,0,140,0.0
rect_ifft,Rect-IFFT MLP,13,57,60.0,30.0,150.0,270.0,0,140,0.0
rect_ifft,Rect-IFFT MLP,13,58,60.0,30.0,150.0,300.0,0,140,0.0
rect_ifft,Rect-IFFT MLP,13,59,60.0,30.0,150.0,330.0,1,140,0.007142857142857143
rect_ifft,Rect-IFFT MLP,14,0,60.0,60.0,30.0,0.0,0,140,0.0
rect_ifft,Rect-IFFT MLP,14,1,60.0,60.0,30.0,30.0,0,140,0.0
rect_ifft,Rect-IFFT MLP,14,2,60.0,60.0,30.0,60.0,3,140,0.02142857142857143
rect_ifft,Rect-IFFT MLP,14,3,60.0,60.0,30.0,90.0,3,140,0.02142857142857143
rect_ifft,Rect-IFFT MLP,14,4,60.0,60.0,30.0,120.0,0,140,0.0
rect_ifft,Rect-IFFT MLP,14,5,60.0,60.0,30.0,150.0,0,140,0.0
rect_ifft,Rect-IFFT MLP,14,6,60.0,60.0,30.0,180.0,0,140,0.0
rect_ifft,Rect-IFFT MLP,14,7,60.0,60.0,30.0,210.0,0,140,0.0
rect_ifft,Rect-IFFT MLP,14,8,60.0,60.0,30.0,240.0,0,140,0.0
rect_ifft,Rect-IFFT MLP,14,9,60.0,60.0,30.0,270.0,1,140,0.007142857142857143
rect_ifft,Rect-IFFT MLP,14,10,60.0,60.0,30.0,300.0,0,140,0.0
rect_ifft,Rect-IFFT MLP,14,11,60.0,60.0,30.0,330.0,0,140,0.0
rect_ifft,Rect-IFFT MLP,14,12,60.0,60.0,60.0,0.0,0,140,0.0
rect_ifft,Rect-IFFT MLP,14,13,60.0,60.0,60.0,30.0,2,140,0.014285714285714285
rect_ifft,Rect-IFFT MLP,14,14,60.0,60.0,60.0,60.0,95,140,0.6785714285714286
rect_ifft,Rect-IFFT MLP,14,15,60.0,60.0,60.0,90.0,5,140,0.03571428571428571
rect_ifft,Rect-IFFT MLP,14,16,60.0,60.0,60.0,120.0,2,140,0.014285714285714285
rect_ifft,Rect-IFFT MLP,14,17,60.0,60.0,60.0,150.0,0,140,0.0
rect_ifft,Rect-IFFT MLP,14,18,60.0,60.0,60.0,180.0,0,140,0.0
rect_ifft,Rect-IFFT MLP,14,19,60.0,60.0,60.0,210.0,0,140,0.0
rect_ifft,Rect-IFFT MLP,14,20,60.0,60.0,60.0,240.0,0,140,0.0
rect_ifft,Rect-IFFT MLP,14,21,60.0,60.0,60.0,270.0,0,140,0.0
rect_ifft,Rect-IFFT MLP,14,22,60.0,60.0,60.0,300.0,2,140,0.014285714285714285
rect_ifft,Rect-IFFT MLP,14,23,60.0,60.0,60.0,330.0,1,140,0.007142857142857143
rect_ifft,Rect-IFFT MLP,14,24,60.0,60.0,90.0,0.0,0,140,0.0
rect_ifft,Rect-IFFT MLP,14,25,60.0,60.0,90.0,30.0,0,140,0.0
rect_ifft,Rect-IFFT MLP,14,26,60.0,60.0,90.0,60.0,0,140,0.0
rect_ifft,Rect-IFFT MLP,14,27,60.0,60.0,90.0,90.0,0,140,0.0
rect_ifft,Rect-IFFT MLP,14,28,60.0,60.0,90.0,120.0,0,140,0.0
rect_ifft,Rect-IFFT MLP,14,29,60.0,60.0,90.0,150.0,0,140,0.0
rect_ifft,Rect-IFFT MLP,14,30,60.0,60.0,90.0,180.0,0,140,0.0
rect_ifft,Rect-IFFT MLP,14,31,60.0,60.0,90.0,210.0,0,140,0.0
rect_ifft,Rect-IFFT MLP,14,32,60.0,60.0,90.0,240.0,0,140,0.0
rect_ifft,Rect-IFFT MLP,14,33,60.0,60.0,90.0,270.0,0,140,0.0
rect_ifft,Rect-IFFT MLP,14,34,60.0,60.0,90.0,300.0,0,140,0.0
rect_ifft,Rect-IFFT MLP,14,35,60.0,60.0,90.0,330.0,0,140,0.0
rect_ifft,Rect-IFFT MLP,14,36,60.0,60.0,120.0,0.0,0,140,0.0
rect_ifft,Rect-IFFT MLP,14,37,60.0,60.0,120.0,30.0,0,140,0.0
rect_ifft,Rect-IFFT MLP,14,38,60.0,60.0,120.0,60.0,3,140,0.02142857142857143
rect_ifft,Rect-IFFT MLP,14,39,60.0,60.0,120.0,90.0,3,140,0.02142857142857143
rect_ifft,Rect-IFFT MLP,14,40,60.0,60.0,120.0,120.0,1,140,0.007142857142857143
rect_ifft,Rect-IFFT MLP,14,41,60.0,60.0,120.0,150.0,0,140,0.0
rect_ifft,Rect-IFFT MLP,14,42,60.0,60.0,120.0,180.0,0,140,0.0
rect_ifft,Rect-IFFT MLP,14,43,60.0,60.0,120.0,210.0,0,140,0.0
rect_ifft,Rect-IFFT MLP,14,44,60.0,60.0,120.0,240.0,0,140,0.0
rect_ifft,Rect-IFFT MLP,14,45,60.0,60.0,120.0,270.0,1,140,0.007142857142857143
rect_ifft,Rect-IFFT MLP,14,46,60.0,60.0,120.0,300.0,13,140,0.09285714285714286
rect_ifft,Rect-IFFT MLP,14,47,60.0,60.0,120.0,330.0,0,140,0.0
rect_ifft,Rect-IFFT MLP,14,48,60.0,60.0,150.0,0.0,0,140,0.0
rect_ifft,Rect-IFFT MLP,14,49,60.0,60.0,150.0,30.0,0,140,0.0
rect_ifft,Rect-IFFT MLP,14,50,60.0,60.0,150.0,60.0,0,140,0.0
rect_ifft,Rect-IFFT MLP,14,51,60.0,60.0,150.0,90.0,0,140,0.0
rect_ifft,Rect-IFFT MLP,14,52,60.0,60.0,150.0,120.0,3,140,0.02142857142857143
rect_ifft,Rect-IFFT MLP,14,53,60.0,60.0,150.0,150.0,0,140,0.0
rect_ifft,Rect-IFFT MLP,14,54,60.0,60.0,150.0,180.0,0,140,0.0
rect_ifft,Rect-IFFT MLP,14,55,60.0,60.0,150.0,210.0,0,140,0.0
rect_ifft,Rect-IFFT MLP,14,56,60.0,60.0,150.0,240.0,0,140,0.0
rect_ifft,Rect-IFFT MLP,14,57,60.0,60.0,150.0,270.0,0,140,0.0
rect_ifft,Rect-IFFT MLP,14,58,60.0,60.0,150.0,300.0,2,140,0.014285714285714285
rect_ifft,Rect-IFFT MLP,14,59,60.0,60.0,150.0,330.0,0,140,0.0
rect_ifft,Rect-IFFT MLP,15,0,60.0,90.0,30.0,0.0,0,140,0.0
rect_ifft,Rect-IFFT MLP,15,1,60.0,90.0,30.0,30.0,0,140,0.0
rect_ifft,Rect-IFFT MLP,15,2,60.0,90.0,30.0,60.0,0,140,0.0
rect_ifft,Rect-IFFT MLP,15,3,60.0,90.0,30.0,90.0,0,140,0.0
rect_ifft,Rect-IFFT MLP,15,4,60.0,90.0,30.0,120.0,0,140,0.0
rect_ifft,Rect-IFFT MLP,15,5,60.0,90.0,30.0,150.0,0,140,0.0
rect_ifft,Rect-IFFT MLP,15,6,60.0,90.0,30.0,180.0,0,140,0.0
rect_ifft,Rect-IFFT MLP,15,7,60.0,90.0,30.0,210.0,0,140,0.0
rect_ifft,Rect-IFFT MLP,15,8,60.0,90.0,30.0,240.0,0,140,0.0
rect_ifft,Rect-IFFT MLP,15,9,60.0,90.0,30.0,270.0,0,140,0.0
rect_ifft,Rect-IFFT MLP,15,10,60.0,90.0,30.0,300.0,0,140,0.0
rect_ifft,Rect-IFFT MLP,15,11,60.0,90.0,30.0,330.0,0,140,0.0
rect_ifft,Rect-IFFT MLP,15,12,60.0,90.0,60.0,0.0,0,140,0.0
rect_ifft,Rect-IFFT MLP,15,13,60.0,90.0,60.0,30.0,0,140,0.0
rect_ifft,Rect-IFFT MLP,15,14,60.0,90.0,60.0,60.0,1,140,0.007142857142857143
rect_ifft,Rect-IFFT MLP,15,15,60.0,90.0,60.0,90.0,97,140,0.6928571428571428
rect_ifft,Rect-IFFT MLP,15,16,60.0,90.0,60.0,120.0,3,140,0.02142857142857143
rect_ifft,Rect-IFFT MLP,15,17,60.0,90.0,60.0,150.0,0,140,0.0
rect_ifft,Rect-IFFT MLP,15,18,60.0,90.0,60.0,180.0,0,140,0.0
rect_ifft,Rect-IFFT MLP,15,19,60.0,90.0,60.0,210.0,0,140,0.0
rect_ifft,Rect-IFFT MLP,15,20,60.0,90.0,60.0,240.0,2,140,0.014285714285714285
rect_ifft,Rect-IFFT MLP,15,21,60.0,90.0,60.0,270.0,6,140,0.04285714285714286
rect_ifft,Rect-IFFT MLP,15,22,60.0,90.0,60.0,300.0,0,140,0.0
rect_ifft,Rect-IFFT MLP,15,23,60.0,90.0,60.0,330.0,0,140,0.0
rect_ifft,Rect-IFFT MLP,15,24,60.0,90.0,90.0,0.0,0,140,0.0
rect_ifft,Rect-IFFT MLP,15,25,60.0,90.0,90.0,30.0,0,140,0.0
rect_ifft,Rect-IFFT MLP,15,26,60.0,90.0,90.0,60.0,1,140,0.007142857142857143
rect_ifft,Rect-IFFT MLP,15,27,60.0,90.0,90.0,90.0,3,140,0.02142857142857143
rect_ifft,Rect-IFFT MLP,15,28,60.0,90.0,90.0,120.0,5,140,0.03571428571428571
rect_ifft,Rect-IFFT MLP,15,29,60.0,90.0,90.0,150.0,0,140,0.0
rect_ifft,Rect-IFFT MLP,15,30,60.0,90.0,90.0,180.0,0,140,0.0
rect_ifft,Rect-IFFT MLP,15,31,60.0,90.0,90.0,210.0,0,140,0.0
rect_ifft,Rect-IFFT MLP,15,32,60.0,90.0,90.0,240.0,1,140,0.007142857142857143
rect_ifft,Rect-IFFT MLP,15,33,60.0,90.0,90.0,270.0,1,140,0.007142857142857143
rect_ifft,Rect-IFFT MLP,15,34,60.0,90.0,90.0,300.0,0,140,0.0
rect_ifft,Rect-IFFT MLP,15,35,60.0,90.0,90.0,330.0,0,140,0.0
rect_ifft,Rect-IFFT MLP,15,36,60.0,90.0,120.0,0.0,0,140,0.0
rect_ifft,Rect-IFFT MLP,15,37,60.0,90.0,120.0,30.0,0,140,0.0
rect_ifft,Rect-IFFT MLP,15,38,60.0,90.0,120.0,60.0,1,140,0.007142857142857143
rect_ifft,Rect-IFFT MLP,15,39,60.0,90.0,120.0,90.0,8,140,0.05714285714285714
rect_ifft,Rect-IFFT MLP,15,40,60.0,90.0,120.0,120.0,0,140,0.0
rect_ifft,Rect-IFFT MLP,15,41,60.0,90.0,120.0,150.0,0,140,0.0
rect_ifft,Rect-IFFT MLP,15,42,60.0,90.0,120.0,180.0,0,140,0.0
rect_ifft,Rect-IFFT MLP,15,43,60.0,90.0,120.0,210.0,0,140,0.0
rect_ifft,Rect-IFFT MLP,15,44,60.0,90.0,120.0,240.0,1,140,0.007142857142857143
rect_ifft,Rect-IFFT MLP,15,45,60.0,90.0,120.0,270.0,8,140,0.05714285714285714
rect_ifft,Rect-IFFT MLP,15,46,60.0,90.0,120.0,300.0,0,140,0.0
rect_ifft,Rect-IFFT MLP,15,47,60.0,90.0,120.0,330.0,0,140,0.0
rect_ifft,Rect-IFFT MLP,15,48,60.0,90.0,150.0,0.0,0,140,0.0
rect_ifft,Rect-IFFT MLP,15,49,60.0,90.0,150.0,30.0,0,140,0.0
rect_ifft,Rect-IFFT MLP,15,50,60.0,90.0,150.0,60.0,0,140,0.0
rect_ifft,Rect-IFFT MLP,15,51,60.0,90.0,150.0,90.0,0,140,0.0
rect_ifft,Rect-IFFT MLP,15,52,60.0,90.0,150.0,120.0,0,140,0.0
rect_ifft,Rect-IFFT MLP,15,53,60.0,90.0,150.0,150.0,0,140,0.0
rect_ifft,Rect-IFFT MLP,15,54,60.0,90.0,150.0,180.0,0,140,0.0
rect_ifft,Rect-IFFT MLP,15,55,60.0,90.0,150.0,210.0,0,140,0.0
rect_ifft,Rect-IFFT MLP,15,56,60.0,90.0,150.0,240.0,0,140,0.0
rect_ifft,Rect-IFFT MLP,15,57,60.0,90.0,150.0,270.0,2,140,0.014285714285714285
rect_ifft,Rect-IFFT MLP,15,58,60.0,90.0,150.0,300.0,0,140,0.0
rect_ifft,Rect-IFFT MLP,15,59,60.0,90.0,150.0,330.0,0,140,0.0
rect_ifft,Rect-IFFT MLP,16,0,60.0,120.0,30.0,0.0,0,140,0.0
rect_ifft,Rect-IFFT MLP,16,1,60.0,120.0,30.0,30.0,0,140,0.0
rect_ifft,Rect-IFFT MLP,16,2,60.0,120.0,30.0,60.0,0,140,0.0
rect_ifft,Rect-IFFT MLP,16,3,60.0,120.0,30.0,90.0,0,140,0.0
rect_ifft,Rect-IFFT MLP,16,4,60.0,120.0,30.0,120.0,2,140,0.014285714285714285
rect_ifft,Rect-IFFT MLP,16,5,60.0,120.0,30.0,150.0,0,140,0.0
rect_ifft,Rect-IFFT MLP,16,6,60.0,120.0,30.0,180.0,0,140,0.0
rect_ifft,Rect-IFFT MLP,16,7,60.0,120.0,30.0,210.0,0,140,0.0
rect_ifft,Rect-IFFT MLP,16,8,60.0,120.0,30.0,240.0,0,140,0.0
rect_ifft,Rect-IFFT MLP,16,9,60.0,120.0,30.0,270.0,0,140,0.0
rect_ifft,Rect-IFFT MLP,16,10,60.0,120.0,30.0,300.0,0,140,0.0
rect_ifft,Rect-IFFT MLP,16,11,60.0,120.0,30.0,330.0,0,140,0.0
rect_ifft,Rect-IFFT MLP,16,12,60.0,120.0,60.0,0.0,0,140,0.0
rect_ifft,Rect-IFFT MLP,16,13,60.0,120.0,60.0,30.0,0,140,0.0
rect_ifft,Rect-IFFT MLP,16,14,60.0,120.0,60.0,60.0,0,140,0.0
rect_ifft,Rect-IFFT MLP,16,15,60.0,120.0,60.0,90.0,2,140,0.014285714285714285
rect_ifft,Rect-IFFT MLP,16,16,60.0,120.0,60.0,120.0,88,140,0.6285714285714286
rect_ifft,Rect-IFFT MLP,16,17,60.0,120.0,60.0,150.0,2,140,0.014285714285714285
rect_ifft,Rect-IFFT MLP,16,18,60.0,120.0,60.0,180.0,1,140,0.007142857142857143
rect_ifft,Rect-IFFT MLP,16,19,60.0,120.0,60.0,210.0,1,140,0.007142857142857143
rect_ifft,Rect-IFFT MLP,16,20,60.0,120.0,60.0,240.0,5,140,0.03571428571428571
rect_ifft,Rect-IFFT MLP,16,21,60.0,120.0,60.0,270.0,4,140,0.02857142857142857
rect_ifft,Rect-IFFT MLP,16,22,60.0,120.0,60.0,300.0,5,140,0.03571428571428571
rect_ifft,Rect-IFFT MLP,16,23,60.0,120.0,60.0,330.0,1,140,0.007142857142857143
rect_ifft,Rect-IFFT MLP,16,24,60.0,120.0,90.0,0.0,0,140,0.0
rect_ifft,Rect-IFFT MLP,16,25,60.0,120.0,90.0,30.0,0,140,0.0
rect_ifft,Rect-IFFT MLP,16,26,60.0,120.0,90.0,60.0,0,140,0.0
rect_ifft,Rect-IFFT MLP,16,27,60.0,120.0,90.0,90.0,0,140,0.0
rect_ifft,Rect-IFFT MLP,16,28,60.0,120.0,90.0,120.0,3,140,0.02142857142857143
rect_ifft,Rect-IFFT MLP,16,29,60.0,120.0,90.0,150.0,3,140,0.02142857142857143
rect_ifft,Rect-IFFT MLP,16,30,60.0,120.0,90.0,180.0,0,140,0.0
rect_ifft,Rect-IFFT MLP,16,31,60.0,120.0,90.0,210.0,0,140,0.0
rect_ifft,Rect-IFFT MLP,16,32,60.0,120.0,90.0,240.0,0,140,0.0
rect_ifft,Rect-IFFT MLP,16,33,60.0,120.0,90.0,270.0,0,140,0.0
rect_ifft,Rect-IFFT MLP,16,34,60.0,120.0,90.0,300.0,0,140,0.0
rect_ifft,Rect-IFFT MLP,16,35,60.0,120.0,90.0,330.0,0,140,0.0
rect_ifft,Rect-IFFT MLP,16,36,60.0,120.0,120.0,0.0,0,140,0.0
rect_ifft,Rect-IFFT MLP,16,37,60.0,120.0,120.0,30.0,0,140,0.0
rect_ifft,Rect-IFFT MLP,16,38,60.0,120.0,120.0,60.0,0,140,0.0
rect_ifft,Rect-IFFT MLP,16,39,60.0,120.0,120.0,90.0,5,140,0.03571428571428571
rect_ifft,Rect-IFFT MLP,16,40,60.0,120.0,120.0,120.0,1,140,0.007142857142857143
rect_ifft,Rect-IFFT MLP,16,41,60.0,120.0,120.0,150.0,0,140,0.0
rect_ifft,Rect-IFFT MLP,16,42,60.0,120.0,120.0,180.0,0,140,0.0
rect_ifft,Rect-IFFT MLP,16,43,60.0,120.0,120.0,210.0,0,140,0.0
rect_ifft,Rect-IFFT MLP,16,44,60.0,120.0,120.0,240.0,6,140,0.04285714285714286
rect_ifft,Rect-IFFT MLP,16,45,60.0,120.0,120.0,270.0,0,140,0.0
rect_ifft,Rect-IFFT MLP,16,46,60.0,120.0,120.0,300.0,0,140,0.0
rect_ifft,Rect-IFFT MLP,16,47,60.0,120.0,120.0,330.0,0,140,0.0
rect_ifft,Rect-IFFT MLP,16,48,60.0,120.0,150.0,0.0,0,140,0.0
rect_ifft,Rect-IFFT MLP,16,49,60.0,120.0,150.0,30.0,1,140,0.007142857142857143
rect_ifft,Rect-IFFT MLP,16,50,60.0,120.0,150.0,60.0,0,140,0.0
rect_ifft,Rect-IFFT MLP,16,51,60.0,120.0,150.0,90.0,4,140,0.02857142857142857
rect_ifft,Rect-IFFT MLP,16,52,60.0,120.0,150.0,120.0,0,140,0.0
rect_ifft,Rect-IFFT MLP,16,53,60.0,120.0,150.0,150.0,0,140,0.0
rect_ifft,Rect-IFFT MLP,16,54,60.0,120.0,150.0,180.0,0,140,0.0
rect_ifft,Rect-IFFT MLP,16,55,60.0,120.0,150.0,210.0,1,140,0.007142857142857143
rect_ifft,Rect-IFFT MLP,16,56,60.0,120.0,150.0,240.0,4,140,0.02857142857142857
rect_ifft,Rect-IFFT MLP,16,57,60.0,120.0,150.0,270.0,0,140,0.0
rect_ifft,Rect-IFFT MLP,16,58,60.0,120.0,150.0,300.0,0,140,0.0
rect_ifft,Rect-IFFT MLP,16,59,60.0,120.0,150.0,330.0,1,140,0.007142857142857143
rect_ifft,Rect-IFFT MLP,17,0,60.0,150.0,30.0,0.0,0,140,0.0
rect_ifft,Rect-IFFT MLP,17,1,60.0,150.0,30.0,30.0,0,140,0.0
rect_ifft,Rect-IFFT MLP,17,2,60.0,150.0,30.0,60.0,0,140,0.0
rect_ifft,Rect-IFFT MLP,17,3,60.0,150.0,30.0,90.0,0,140,0.0
rect_ifft,Rect-IFFT MLP,17,4,60.0,150.0,30.0,120.0,0,140,0.0
rect_ifft,Rect-IFFT MLP,17,5,60.0,150.0,30.0,150.0,1,140,0.007142857142857143
rect_ifft,Rect-IFFT MLP,17,6,60.0,150.0,30.0,180.0,0,140,0.0
rect_ifft,Rect-IFFT MLP,17,7,60.0,150.0,30.0,210.0,1,140,0.007142857142857143
rect_ifft,Rect-IFFT MLP,17,8,60.0,150.0,30.0,240.0,0,140,0.0
rect_ifft,Rect-IFFT MLP,17,9,60.0,150.0,30.0,270.0,0,140,0.0
rect_ifft,Rect-IFFT MLP,17,10,60.0,150.0,30.0,300.0,0,140,0.0
rect_ifft,Rect-IFFT MLP,17,11,60.0,150.0,30.0,330.0,0,140,0.0
rect_ifft,Rect-IFFT MLP,17,12,60.0,150.0,60.0,0.0,0,140,0.0
rect_ifft,Rect-IFFT MLP,17,13,60.0,150.0,60.0,30.0,2,140,0.014285714285714285
rect_ifft,Rect-IFFT MLP,17,14,60.0,150.0,60.0,60.0,0,140,0.0
rect_ifft,Rect-IFFT MLP,17,15,60.0,150.0,60.0,90.0,0,140,0.0
rect_ifft,Rect-IFFT MLP,17,16,60.0,150.0,60.0,120.0,0,140,0.0
rect_ifft,Rect-IFFT MLP,17,17,60.0,150.0,60.0,150.0,91,140,0.65
rect_ifft,Rect-IFFT MLP,17,18,60.0,150.0,60.0,180.0,4,140,0.02857142857142857
rect_ifft,Rect-IFFT MLP,17,19,60.0,150.0,60.0,210.0,6,140,0.04285714285714286
rect_ifft,Rect-IFFT MLP,17,20,60.0,150.0,60.0,240.0,0,140,0.0
rect_ifft,Rect-IFFT MLP,17,21,60.0,150.0,60.0,270.0,0,140,0.0
rect_ifft,Rect-IFFT MLP,17,22,60.0,150.0,60.0,300.0,0,140,0.0
rect_ifft,Rect-IFFT MLP,17,23,60.0,150.0,60.0,330.0,5,140,0.03571428571428571
rect_ifft,Rect-IFFT MLP,17,24,60.0,150.0,90.0,0.0,0,140,0.0
rect_ifft,Rect-IFFT MLP,17,25,60.0,150.0,90.0,30.0,0,140,0.0
rect_ifft,Rect-IFFT MLP,17,26,60.0,150.0,90.0,60.0,0,140,0.0
rect_ifft,Rect-IFFT MLP,17,27,60.0,150.0,90.0,90.0,0,140,0.0
rect_ifft,Rect-IFFT MLP,17,28,60.0,150.0,90.0,120.0,0,140,0.0
rect_ifft,Rect-IFFT MLP,17,29,60.0,150.0,90.0,150.0,0,140,0.0
rect_ifft,Rect-IFFT MLP,17,30,60.0,150.0,90.0,180.0,0,140,0.0
rect_ifft,Rect-IFFT MLP,17,31,60.0,150.0,90.0,210.0,0,140,0.0
rect_ifft,Rect-IFFT MLP,17,32,60.0,150.0,90.0,240.0,0,140,0.0
rect_ifft,Rect-IFFT MLP,17,33,60.0,150.0,90.0,270.0,0,140,0.0
rect_ifft,Rect-IFFT MLP,17,34,60.0,150.0,90.0,300.0,0,140,0.0
rect_ifft,Rect-IFFT MLP,17,35,60.0,150.0,90.0,330.0,0,140,0.0
rect_ifft,Rect-IFFT MLP,17,36,60.0,150.0,120.0,0.0,3,140,0.02142857142857143
rect_ifft,Rect-IFFT MLP,17,37,60.0,150.0,120.0,30.0,9,140,0.06428571428571428
rect_ifft,Rect-IFFT MLP,17,38,60.0,150.0,120.0,60.0,0,140,0.0
rect_ifft,Rect-IFFT MLP,17,39,60.0,150.0,120.0,90.0,0,140,0.0
rect_ifft,Rect-IFFT MLP,17,40,60.0,150.0,120.0,120.0,0,140,0.0
rect_ifft,Rect-IFFT MLP,17,41,60.0,150.0,120.0,150.0,3,140,0.02142857142857143
rect_ifft,Rect-IFFT MLP,17,42,60.0,150.0,120.0,180.0,1,140,0.007142857142857143
rect_ifft,Rect-IFFT MLP,17,43,60.0,150.0,120.0,210.0,10,140,0.07142857142857142
rect_ifft,Rect-IFFT MLP,17,44,60.0,150.0,120.0,240.0,1,140,0.007142857142857143
rect_ifft,Rect-IFFT MLP,17,45,60.0,150.0,120.0,270.0,0,140,0.0
rect_ifft,Rect-IFFT MLP,17,46,60.0,150.0,120.0,300.0,0,140,0.0
rect_ifft,Rect-IFFT MLP,17,47,60.0,150.0,120.0,330.0,3,140,0.02142857142857143
rect_ifft,Rect-IFFT MLP,17,48,60.0,150.0,150.0,0.0,0,140,0.0
rect_ifft,Rect-IFFT MLP,17,49,60.0,150.0,150.0,30.0,0,140,0.0
rect_ifft,Rect-IFFT MLP,17,50,60.0,150.0,150.0,60.0,0,140,0.0
rect_ifft,Rect-IFFT MLP,17,51,60.0,150.0,150.0,90.0,0,140,0.0
rect_ifft,Rect-IFFT MLP,17,52,60.0,150.0,150.0,120.0,0,140,0.0
rect_ifft,Rect-IFFT MLP,17,53,60.0,150.0,150.0,150.0,0,140,0.0
rect_ifft,Rect-IFFT MLP,17,54,60.0,150.0,150.0,180.0,0,140,0.0
rect_ifft,Rect-IFFT MLP,17,55,60.0,150.0,150.0,210.0,0,140,0.0
rect_ifft,Rect-IFFT MLP,17,56,60.0,150.0,150.0,240.0,0,140,0.0
rect_ifft,Rect-IFFT MLP,17,57,60.0,150.0,150.0,270.0,0,140,0.0
rect_ifft,Rect-IFFT MLP,17,58,60.0,150.0,150.0,300.0,0,140,0.0
rect_ifft,Rect-IFFT MLP,17,59,60.0,150.0,150.0,330.0,0,140,0.0
rect_ifft,Rect-IFFT MLP,18,0,60.0,180.0,30.0,0.0,2,140,0.014285714285714285
rect_ifft,Rect-IFFT MLP,18,1,60.0,180.0,30.0,30.0,1,140,0.007142857142857143
rect_ifft,Rect-IFFT MLP,18,2,60.0,180.0,30.0,60.0,0,140,0.0
rect_ifft,Rect-IFFT MLP,18,3,60.0,180.0,30.0,90.0,0,140,0.0
rect_ifft,Rect-IFFT MLP,18,4,60.0,180.0,30.0,120.0,0,140,0.0
rect_ifft,Rect-IFFT MLP,18,5,60.0,180.0,30.0,150.0,0,140,0.0
rect_ifft,Rect-IFFT MLP,18,6,60.0,180.0,30.0,180.0,14,140,0.1
rect_ifft,Rect-IFFT MLP,18,7,60.0,180.0,30.0,210.0,1,140,0.007142857142857143
rect_ifft,Rect-IFFT MLP,18,8,60.0,180.0,30.0,240.0,0,140,0.0
rect_ifft,Rect-IFFT MLP,18,9,60.0,180.0,30.0,270.0,0,140,0.0
rect_ifft,Rect-IFFT MLP,18,10,60.0,180.0,30.0,300.0,0,140,0.0
rect_ifft,Rect-IFFT MLP,18,11,60.0,180.0,30.0,330.0,0,140,0.0
rect_ifft,Rect-IFFT MLP,18,12,60.0,180.0,60.0,0.0,3,140,0.02142857142857143
rect_ifft,Rect-IFFT MLP,18,13,60.0,180.0,60.0,30.0,0,140,0.0
rect_ifft,Rect-IFFT MLP,18,14,60.0,180.0,60.0,60.0,0,140,0.0
rect_ifft,Rect-IFFT MLP,18,15,60.0,180.0,60.0,90.0,0,140,0.0
rect_ifft,Rect-IFFT MLP,18,16,60.0,180.0,60.0,120.0,0,140,0.0
rect_ifft,Rect-IFFT MLP,18,17,60.0,180.0,60.0,150.0,0,140,0.0
rect_ifft,Rect-IFFT MLP,18,18,60.0,180.0,60.0,180.0,104,140,0.7428571428571429
rect_ifft,Rect-IFFT MLP,18,19,60.0,180.0,60.0,210.0,0,140,0.0
rect_ifft,Rect-IFFT MLP,18,20,60.0,180.0,60.0,240.0,0,140,0.0
rect_ifft,Rect-IFFT MLP,18,21,60.0,180.0,60.0,270.0,0,140,0.0
rect_ifft,Rect-IFFT MLP,18,22,60.0,180.0,60.0,300.0,0,140,0.0
rect_ifft,Rect-IFFT MLP,18,23,60.0,180.0,60.0,330.0,0,140,0.0
rect_ifft,Rect-IFFT MLP,18,24,60.0,180.0,90.0,0.0,0,140,0.0
rect_ifft,Rect-IFFT MLP,18,25,60.0,180.0,90.0,30.0,0,140,0.0
rect_ifft,Rect-IFFT MLP,18,26,60.0,180.0,90.0,60.0,0,140,0.0
rect_ifft,Rect-IFFT MLP,18,27,60.0,180.0,90.0,90.0,0,140,0.0
rect_ifft,Rect-IFFT MLP,18,28,60.0,180.0,90.0,120.0,0,140,0.0
rect_ifft,Rect-IFFT MLP,18,29,60.0,180.0,90.0,150.0,0,140,0.0
rect_ifft,Rect-IFFT MLP,18,30,60.0,180.0,90.0,180.0,2,140,0.014285714285714285
rect_ifft,Rect-IFFT MLP,18,31,60.0,180.0,90.0,210.0,0,140,0.0
rect_ifft,Rect-IFFT MLP,18,32,60.0,180.0,90.0,240.0,0,140,0.0
rect_ifft,Rect-IFFT MLP,18,33,60.0,180.0,90.0,270.0,0,140,0.0
rect_ifft,Rect-IFFT MLP,18,34,60.0,180.0,90.0,300.0,0,140,0.0
rect_ifft,Rect-IFFT MLP,18,35,60.0,180.0,90.0,330.0,0,140,0.0
rect_ifft,Rect-IFFT MLP,18,36,60.0,180.0,120.0,0.0,0,140,0.0
rect_ifft,Rect-IFFT MLP,18,37,60.0,180.0,120.0,30.0,0,140,0.0
rect_ifft,Rect-IFFT MLP,18,38,60.0,180.0,120.0,60.0,0,140,0.0
rect_ifft,Rect-IFFT MLP,18,39,60.0,180.0,120.0,90.0,0,140,0.0
rect_ifft,Rect-IFFT MLP,18,40,60.0,180.0,120.0,120.0,0,140,0.0
rect_ifft,Rect-IFFT MLP,18,41,60.0,180.0,120.0,150.0,0,140,0.0
rect_ifft,Rect-IFFT MLP,18,42,60.0,180.0,120.0,180.0,9,140,0.06428571428571428
rect_ifft,Rect-IFFT MLP,18,43,60.0,180.0,120.0,210.0,0,140,0.0
rect_ifft,Rect-IFFT MLP,18,44,60.0,180.0,120.0,240.0,0,140,0.0
rect_ifft,Rect-IFFT MLP,18,45,60.0,180.0,120.0,270.0,0,140,0.0
rect_ifft,Rect-IFFT MLP,18,46,60.0,180.0,120.0,300.0,0,140,0.0
rect_ifft,Rect-IFFT MLP,18,47,60.0,180.0,120.0,330.0,0,140,0.0
rect_ifft,Rect-IFFT MLP,18,48,60.0,180.0,150.0,0.0,0,140,0.0
rect_ifft,Rect-IFFT MLP,18,49,60.0,180.0,150.0,30.0,0,140,0.0
rect_ifft,Rect-IFFT MLP,18,50,60.0,180.0,150.0,60.0,0,140,0.0
rect_ifft,Rect-IFFT MLP,18,51,60.0,180.0,150.0,90.0,0,140,0.0
rect_ifft,Rect-IFFT MLP,18,52,60.0,180.0,150.0,120.0,0,140,0.0
rect_ifft,Rect-IFFT MLP,18,53,60.0,180.0,150.0,150.0,0,140,0.0
rect_ifft,Rect-IFFT MLP,18,54,60.0,180.0,150.0,180.0,4,140,0.02857142857142857
rect_ifft,Rect-IFFT MLP,18,55,60.0,180.0,150.0,210.0,0,140,0.0
rect_ifft,Rect-IFFT MLP,18,56,60.0,180.0,150.0,240.0,0,140,0.0
rect_ifft,Rect-IFFT MLP,18,57,60.0,180.0,150.0,270.0,0,140,0.0
rect_ifft,Rect-IFFT MLP,18,58,60.0,180.0,150.0,300.0,0,140,0.0
rect_ifft,Rect-IFFT MLP,18,59,60.0,180.0,150.0,330.0,0,140,0.0
rect_ifft,Rect-IFFT MLP,19,0,60.0,210.0,30.0,0.0,0,140,0.0
rect_ifft,Rect-IFFT MLP,19,1,60.0,210.0,30.0,30.0,1,140,0.007142857142857143
rect_ifft,Rect-IFFT MLP,19,2,60.0,210.0,30.0,60.0,0,140,0.0
rect_ifft,Rect-IFFT MLP,19,3,60.0,210.0,30.0,90.0,0,140,0.0
rect_ifft,Rect-IFFT MLP,19,4,60.0,210.0,30.0,120.0,0,140,0.0
rect_ifft,Rect-IFFT MLP,19,5,60.0,210.0,30.0,150.0,0,140,0.0
rect_ifft,Rect-IFFT MLP,19,6,60.0,210.0,30.0,180.0,1,140,0.007142857142857143
rect_ifft,Rect-IFFT MLP,19,7,60.0,210.0,30.0,210.0,0,140,0.0
rect_ifft,Rect-IFFT MLP,19,8,60.0,210.0,30.0,240.0,0,140,0.0
rect_ifft,Rect-IFFT MLP,19,9,60.0,210.0,30.0,270.0,0,140,0.0
rect_ifft,Rect-IFFT MLP,19,10,60.0,210.0,30.0,300.0,0,140,0.0
rect_ifft,Rect-IFFT MLP,19,11,60.0,210.0,30.0,330.0,0,140,0.0
rect_ifft,Rect-IFFT MLP,19,12,60.0,210.0,60.0,0.0,0,140,0.0
rect_ifft,Rect-IFFT MLP,19,13,60.0,210.0,60.0,30.0,22,140,0.15714285714285714
rect_ifft,Rect-IFFT MLP,19,14,60.0,210.0,60.0,60.0,1,140,0.007142857142857143
rect_ifft,Rect-IFFT MLP,19,15,60.0,210.0,60.0,90.0,0,140,0.0
rect_ifft,Rect-IFFT MLP,19,16,60.0,210.0,60.0,120.0,0,140,0.0
rect_ifft,Rect-IFFT MLP,19,17,60.0,210.0,60.0,150.0,7,140,0.05
rect_ifft,Rect-IFFT MLP,19,18,60.0,210.0,60.0,180.0,4,140,0.02857142857142857
rect_ifft,Rect-IFFT MLP,19,19,60.0,210.0,60.0,210.0,67,140,0.4785714285714286
rect_ifft,Rect-IFFT MLP,19,20,60.0,210.0,60.0,240.0,0,140,0.0
rect_ifft,Rect-IFFT MLP,19,21,60.0,210.0,60.0,270.0,0,140,0.0
rect_ifft,Rect-IFFT MLP,19,22,60.0,210.0,60.0,300.0,0,140,0.0
rect_ifft,Rect-IFFT MLP,19,23,60.0,210.0,60.0,330.0,4,140,0.02857142857142857
rect_ifft,Rect-IFFT MLP,19,24,60.0,210.0,90.0,0.0,0,140,0.0
rect_ifft,Rect-IFFT MLP,19,25,60.0,210.0,90.0,30.0,0,140,0.0
rect_ifft,Rect-IFFT MLP,19,26,60.0,210.0,90.0,60.0,0,140,0.0
rect_ifft,Rect-IFFT MLP,19,27,60.0,210.0,90.0,90.0,0,140,0.0
rect_ifft,Rect-IFFT MLP,19,28,60.0,210.0,90.0,120.0,0,140,0.0
rect_ifft,Rect-IFFT MLP,19,29,60.0,210.0,90.0,150.0,0,140,0.0
rect_ifft,Rect-IFFT MLP,19,30,60.0,210.0,90.0,180.0,0,140,0.0
rect_ifft,Rect-IFFT MLP,19,31,60.0,210.0,90.0,210.0,0,140,0.0
rect_ifft,Rect-IFFT MLP,19,32,60.0,210.0,90.0,240.0,0,140,0.0
rect_ifft,Rect-IFFT MLP,19,33,60.0,210.0,90.0,270.0,0,140,0.0
rect_ifft,Rect-IFFT MLP,19,34,60.0,210.0,90.0,300.0,0,140,0.0
rect_ifft,Rect-IFFT MLP,19,35,60.0,210.0,90.0,330.0,0,140,0.0
rect_ifft,Rect-IFFT MLP,19,36,60.0,210.0,120.0,0.0,1,140,0.007142857142857143
rect_ifft,Rect-IFFT MLP,19,37,60.0,210.0,120.0,30.0,6,140,0.04285714285714286
rect_ifft,Rect-IFFT MLP,19,38,60.0,210.0,120.0,60.0,1,140,0.007142857142857143
rect_ifft,Rect-IFFT MLP,19,39,60.0,210.0,120.0,90.0,0,140,0.0
rect_ifft,Rect-IFFT MLP,19,40,60.0,210.0,120.0,120.0,0,140,0.0
rect_ifft,Rect-IFFT MLP,19,41,60.0,210.0,120.0,150.0,11,140,0.07857142857142857
rect_ifft,Rect-IFFT MLP,19,42,60.0,210.0,120.0,180.0,1,140,0.007142857142857143
rect_ifft,Rect-IFFT MLP,19,43,60.0,210.0,120.0,210.0,9,140,0.06428571428571428
rect_ifft,Rect-IFFT MLP,19,44,60.0,210.0,120.0,240.0,0,140,0.0
rect_ifft,Rect-IFFT MLP,19,45,60.0,210.0,120.0,270.0,0,140,0.0
rect_ifft,Rect-IFFT MLP,19,46,60.0,210.0,120.0,300.0,0,140,0.0
rect_ifft,Rect-IFFT MLP,19,47,60.0,210.0,120.0,330.0,4,140,0.02857142857142857
rect_ifft,Rect-IFFT MLP,19,48,60.0,210.0,150.0,0.0,0,140,0.0
rect_ifft,Rect-IFFT MLP,19,49,60.0,210.0,150.0,30.0,0,140,0.0
rect_ifft,Rect-IFFT MLP,19,50,60.0,210.0,150.0,60.0,0,140,0.0
rect_ifft,Rect-IFFT MLP,19,51,60.0,210.0,150.0,90.0,0,140,0.0
rect_ifft,Rect-IFFT MLP,19,52,60.0,210.0,150.0,120.0,0,140,0.0
rect_ifft,Rect-IFFT MLP,19,53,60.0,210.0,150.0,150.0,0,140,0.0
rect_ifft,Rect-IFFT MLP,19,54,60.0,210.0,150.0,180.0,0,140,0.0
rect_ifft,Rect-IFFT MLP,19,55,60.0,210.0,150.0,210.0,0,140,0.0
rect_ifft,Rect-IFFT MLP,19,56,60.0,210.0,150.0,240.0,0,140,0.0
rect_ifft,Rect-IFFT MLP,19,57,60.0,210.0,150.0,270.0,0,140,0.0
rect_ifft,Rect-IFFT MLP,19,58,60.0,210.0,150.0,300.0,0,140,0.0
rect_ifft,Rect-IFFT MLP,19,59,60.0,210.0,150.0,330.0,0,140,0.0
rect_ifft,Rect-IFFT MLP,20,0,60.0,240.0,30.0,0.0,0,140,0.0
rect_ifft,Rect-IFFT MLP,20,1,60.0,240.0,30.0,30.0,0,140,0.0
rect_ifft,Rect-IFFT MLP,20,2,60.0,240.0,30.0,60.0,0,140,0.0
rect_ifft,Rect-IFFT MLP,20,3,60.0,240.0,30.0,90.0,2,140,0.014285714285714285
rect_ifft,Rect-IFFT MLP,20,4,60.0,240.0,30.0,120.0,0,140,0.0
rect_ifft,Rect-IFFT MLP,20,5,60.0,240.0,30.0,150.0,0,140,0.0
rect_ifft,Rect-IFFT MLP,20,6,60.0,240.0,30.0,180.0,0,140,0.0
rect_ifft,Rect-IFFT MLP,20,7,60.0,240.0,30.0,210.0,0,140,0.0
rect_ifft,Rect-IFFT MLP,20,8,60.0,240.0,30.0,240.0,0,140,0.0
rect_ifft,Rect-IFFT MLP,20,9,60.0,240.0,30.0,270.0,2,140,0.014285714285714285
rect_ifft,Rect-IFFT MLP,20,10,60.0,240.0,30.0,300.0,0,140,0.0
rect_ifft,Rect-IFFT MLP,20,11,60.0,240.0,30.0,330.0,0,140,0.0
rect_ifft,Rect-IFFT MLP,20,12,60.0,240.0,60.0,0.0,0,140,0.0
rect_ifft,Rect-IFFT MLP,20,13,60.0,240.0,60.0,30.0,2,140,0.014285714285714285
rect_ifft,Rect-IFFT MLP,20,14,60.0,240.0,60.0,60.0,5,140,0.03571428571428571
rect_ifft,Rect-IFFT MLP,20,15,60.0,240.0,60.0,90.0,5,140,0.03571428571428571
rect_ifft,Rect-IFFT MLP,20,16,60.0,240.0,60.0,120.0,8,140,0.05714285714285714
rect_ifft,Rect-IFFT MLP,20,17,60.0,240.0,60.0,150.0,0,140,0.0
rect_ifft,Rect-IFFT MLP,20,18,60.0,240.0,60.0,180.0,0,140,0.0
rect_ifft,Rect-IFFT MLP,20,19,60.0,240.0,60.0,210.0,2,140,0.014285714285714285
rect_ifft,Rect-IFFT MLP,20,20,60.0,240.0,60.0,240.0,72,140,0.5142857142857142
rect_ifft,Rect-IFFT MLP,20,21,60.0,240.0,60.0,270.0,5,140,0.03571428571428571
rect_ifft,Rect-IFFT MLP,20,22,60.0,240.0,60.0,300.0,3,140,0.02142857142857143
rect_ifft,Rect-IFFT MLP,20,23,60.0,240.0,60.0,330.0,0,140,0.0
rect_ifft,Rect-IFFT MLP,20,24,60.0,240.0,90.0,0.0,0,140,0.0
rect_ifft,Rect-IFFT MLP,20,25,60.0,240.0,90.0,30.0,1,140,0.007142857142857143
rect_ifft,Rect-IFFT MLP,20,26,60.0,240.0,90.0,60.0,2,140,0.014285714285714285
rect_ifft,Rect-IFFT MLP,20,27,60.0,240.0,90.0,90.0,0,140,0.0
rect_ifft,Rect-IFFT MLP,20,28,60.0,240.0,90.0,120.0,1,140,0.007142857142857143
rect_ifft,Rect-IFFT MLP,20,29,60.0,240.0,90.0,150.0,0,140,0.0
rect_ifft,Rect-IFFT MLP,20,30,60.0,240.0,90.0,180.0,0,140,0.0
rect_ifft,Rect-IFFT MLP,20,31,60.0,240.0,90.0,210.0,1,140,0.007142857142857143
rect_ifft,Rect-IFFT MLP,20,32,60.0,240.0,90.0,240.0,2,140,0.014285714285714285
rect_ifft,Rect-IFFT MLP,20,33,60.0,240.0,90.0,270.0,2,140,0.014285714285714285
rect_ifft,Rect-IFFT MLP,20,34,60.0,240.0,90.0,300.0,0,140,0.0
rect_ifft,Rect-IFFT MLP,20,35,60.0,240.0,90.0,330.0,1,140,0.007142857142857143
rect_ifft,Rect-IFFT MLP,20,36,60.0,240.0,120.0,0.0,0,140,0.0
rect_ifft,Rect-IFFT MLP,20,37,60.0,240.0,120.0,30.0,0,140,0.0
rect_ifft,Rect-IFFT MLP,20,38,60.0,240.0,120.0,60.0,1,140,0.007142857142857143
rect_ifft,Rect-IFFT MLP,20,39,60.0,240.0,120.0,90.0,2,140,0.014285714285714285
rect_ifft,Rect-IFFT MLP,20,40,60.0,240.0,120.0,120.0,12,140,0.08571428571428572
rect_ifft,Rect-IFFT MLP,20,41,60.0,240.0,120.0,150.0,0,140,0.0
rect_ifft,Rect-IFFT MLP,20,42,60.0,240.0,120.0,180.0,0,140,0.0
rect_ifft,Rect-IFFT MLP,20,43,60.0,240.0,120.0,210.0,0,140,0.0
rect_ifft,Rect-IFFT MLP,20,44,60.0,240.0,120.0,240.0,9,140,0.06428571428571428
rect_ifft,Rect-IFFT MLP,20,45,60.0,240.0,120.0,270.0,0,140,0.0
rect_ifft,Rect-IFFT MLP,20,46,60.0,240.0,120.0,300.0,0,140,0.0
rect_ifft,Rect-IFFT MLP,20,47,60.0,240.0,120.0,330.0,0,140,0.0
rect_ifft,Rect-IFFT MLP,20,48,60.0,240.0,150.0,0.0,0,140,0.0
rect_ifft,Rect-IFFT MLP,20,49,60.0,240.0,150.0,30.0,0,140,0.0
rect_ifft,Rect-IFFT MLP,20,50,60.0,240.0,150.0,60.0,0,140,0.0
rect_ifft,Rect-IFFT MLP,20,51,60.0,240.0,150.0,90.0,0,140,0.0
rect_ifft,Rect-IFFT MLP,20,52,60.0,240.0,150.0,120.0,0,140,0.0
rect_ifft,Rect-IFFT MLP,20,53,60.0,240.0,150.0,150.0,0,140,0.0
rect_ifft,Rect-IFFT MLP,20,54,60.0,240.0,150.0,180.0,0,140,0.0
rect_ifft,Rect-IFFT MLP,20,55,60.0,240.0,150.0,210.0,0,140,0.0
rect_ifft,Rect-IFFT MLP,20,56,60.0,240.0,150.0,240.0,0,140,0.0
rect_ifft,Rect-IFFT MLP,20,57,60.0,240.0,150.0,270.0,0,140,0.0
rect_ifft,Rect-IFFT MLP,20,58,60.0,240.0,150.0,300.0,0,140,0.0
rect_ifft,Rect-IFFT MLP,20,59,60.0,240.0,150.0,330.0,0,140,0.0
rect_ifft,Rect-IFFT MLP,21,0,60.0,270.0,30.0,0.0,0,140,0.0
rect_ifft,Rect-IFFT MLP,21,1,60.0,270.0,30.0,30.0,0,140,0.0
rect_ifft,Rect-IFFT MLP,21,2,60.0,270.0,30.0,60.0,1,140,0.007142857142857143
rect_ifft,Rect-IFFT MLP,21,3,60.0,270.0,30.0,90.0,2,140,0.014285714285714285
rect_ifft,Rect-IFFT MLP,21,4,60.0,270.0,30.0,120.0,0,140,0.0
rect_ifft,Rect-IFFT MLP,21,5,60.0,270.0,30.0,150.0,0,140,0.0
rect_ifft,Rect-IFFT MLP,21,6,60.0,270.0,30.0,180.0,0,140,0.0
rect_ifft,Rect-IFFT MLP,21,7,60.0,270.0,30.0,210.0,0,140,0.0
rect_ifft,Rect-IFFT MLP,21,8,60.0,270.0,30.0,240.0,0,140,0.0
rect_ifft,Rect-IFFT MLP,21,9,60.0,270.0,30.0,270.0,1,140,0.007142857142857143
rect_ifft,Rect-IFFT MLP,21,10,60.0,270.0,30.0,300.0,0,140,0.0
rect_ifft,Rect-IFFT MLP,21,11,60.0,270.0,30.0,330.0,0,140,0.0
rect_ifft,Rect-IFFT MLP,21,12,60.0,270.0,60.0,0.0,0,140,0.0
rect_ifft,Rect-IFFT MLP,21,13,60.0,270.0,60.0,30.0,0,140,0.0
rect_ifft,Rect-IFFT MLP,21,14,60.0,270.0,60.0,60.0,0,140,0.0
rect_ifft,Rect-IFFT MLP,21,15,60.0,270.0,60.0,90.0,16,140,0.11428571428571428
rect_ifft,Rect-IFFT MLP,21,16,60.0,270.0,60.0,120.0,2,140,0.014285714285714285
rect_ifft,Rect-IFFT MLP,21,17,60.0,270.0,60.0,150.0,0,140,0.0
rect_ifft,Rect-IFFT MLP,21,18,60.0,270.0,60.0,180.0,0,140,0.0
rect_ifft,Rect-IFFT MLP,21,19,60.0,270.0,60.0,210.0,0,140,0.0
rect_ifft,Rect-IFFT MLP,21,20,60.0,270.0,60.0,240.0,3,140,0.02142857142857143
rect_ifft,Rect-IFFT MLP,21,21,60.0,270.0,60.0,270.0,88,140,0.6285714285714286
rect_ifft,Rect-IFFT MLP,21,22,60.0,270.0,60.0,300.0,0,140,0.0
rect_ifft,Rect-IFFT MLP,21,23,60.0,270.0,60.0,330.0,0,140,0.0
rect_ifft,Rect-IFFT MLP,21,24,60.0,270.0,90.0,0.0,0,140,0.0
rect_ifft,Rect-IFFT MLP,21,25,60.0,270.0,90.0,30.0,0,140,0.0
rect_ifft,Rect-IFFT MLP,21,26,60.0,270.0,90.0,60.0,1,140,0.007142857142857143
rect_ifft,Rect-IFFT MLP,21,27,60.0,270.0,90.0,90.0,3,140,0.02142857142857143
rect_ifft,Rect-IFFT MLP,21,28,60.0,270.0,90.0,120.0,0,140,0.0
rect_ifft,Rect-IFFT MLP,21,29,60.0,270.0,90.0,150.0,0,140,0.0
rect_ifft,Rect-IFFT MLP,21,30,60.0,270.0,90.0,180.0,0,140,0.0
rect_ifft,Rect-IFFT MLP,21,31,60.0,270.0,90.0,210.0,0,140,0.0
rect_ifft,Rect-IFFT MLP,21,32,60.0,270.0,90.0,240.0,1,140,0.007142857142857143
rect_ifft,Rect-IFFT MLP,21,33,60.0,270.0,90.0,270.0,8,140,0.05714285714285714
rect_ifft,Rect-IFFT MLP,21,34,60.0,270.0,90.0,300.0,2,140,0.014285714285714285
rect_ifft,Rect-IFFT MLP,21,35,60.0,270.0,90.0,330.0,0,140,0.0
rect_ifft,Rect-IFFT MLP,21,36,60.0,270.0,120.0,0.0,0,140,0.0
rect_ifft,Rect-IFFT MLP,21,37,60.0,270.0,120.0,30.0,0,140,0.0
rect_ifft,Rect-IFFT MLP,21,38,60.0,270.0,120.0,60.0,2,140,0.014285714285714285
rect_ifft,Rect-IFFT MLP,21,39,60.0,270.0,120.0,90.0,4,140,0.02857142857142857
rect_ifft,Rect-IFFT MLP,21,40,60.0,270.0,120.0,120.0,1,140,0.007142857142857143
rect_ifft,Rect-IFFT MLP,21,41,60.0,270.0,120.0,150.0,0,140,0.0
rect_ifft,Rect-IFFT MLP,21,42,60.0,270.0,120.0,180.0,0,140,0.0
rect_ifft,Rect-IFFT MLP,21,43,60.0,270.0,120.0,210.0,0,140,0.0
rect_ifft,Rect-IFFT MLP,21,44,60.0,270.0,120.0,240.0,0,140,0.0
rect_ifft,Rect-IFFT MLP,21,45,60.0,270.0,120.0,270.0,3,140,0.02142857142857143
rect_ifft,Rect-IFFT MLP,21,46,60.0,270.0,120.0,300.0,0,140,0.0
rect_ifft,Rect-IFFT MLP,21,47,60.0,270.0,120.0,330.0,0,140,0.0
rect_ifft,Rect-IFFT MLP,21,48,60.0,270.0,150.0,0.0,0,140,0.0
rect_ifft,Rect-IFFT MLP,21,49,60.0,270.0,150.0,30.0,0,140,0.0
rect_ifft,Rect-IFFT MLP,21,50,60.0,270.0,150.0,60.0,0,140,0.0
rect_ifft,Rect-IFFT MLP,21,51,60.0,270.0,150.0,90.0,2,140,0.014285714285714285
rect_ifft,Rect-IFFT MLP,21,52,60.0,270.0,150.0,120.0,0,140,0.0
rect_ifft,Rect-IFFT MLP,21,53,60.0,270.0,150.0,150.0,0,140,0.0
rect_ifft,Rect-IFFT MLP,21,54,60.0,270.0,150.0,180.0,0,140,0.0
rect_ifft,Rect-IFFT MLP,21,55,60.0,270.0,150.0,210.0,0,140,0.0
rect_ifft,Rect-IFFT MLP,21,56,60.0,270.0,150.0,240.0,0,140,0.0
rect_ifft,Rect-IFFT MLP,21,57,60.0,270.0,150.0,270.0,0,140,0.0
rect_ifft,Rect-IFFT MLP,21,58,60.0,270.0,150.0,300.0,0,140,0.0
rect_ifft,Rect-IFFT MLP,21,59,60.0,270.0,150.0,330.0,0,140,0.0
rect_ifft,Rect-IFFT MLP,22,0,60.0,300.0,30.0,0.0,1,140,0.007142857142857143
rect_ifft,Rect-IFFT MLP,22,1,60.0,300.0,30.0,30.0,0,140,0.0
rect_ifft,Rect-IFFT MLP,22,2,60.0,300.0,30.0,60.0,0,140,0.0
rect_ifft,Rect-IFFT MLP,22,3,60.0,300.0,30.0,90.0,0,140,0.0
rect_ifft,Rect-IFFT MLP,22,4,60.0,300.0,30.0,120.0,0,140,0.0
rect_ifft,Rect-IFFT MLP,22,5,60.0,300.0,30.0,150.0,1,140,0.007142857142857143
rect_ifft,Rect-IFFT MLP,22,6,60.0,300.0,30.0,180.0,0,140,0.0
rect_ifft,Rect-IFFT MLP,22,7,60.0,300.0,30.0,210.0,0,140,0.0
rect_ifft,Rect-IFFT MLP,22,8,60.0,300.0,30.0,240.0,0,140,0.0
rect_ifft,Rect-IFFT MLP,22,9,60.0,300.0,30.0,270.0,0,140,0.0
rect_ifft,Rect-IFFT MLP,22,10,60.0,300.0,30.0,300.0,1,140,0.007142857142857143
rect_ifft,Rect-IFFT MLP,22,11,60.0,300.0,30.0,330.0,0,140,0.0
rect_ifft,Rect-IFFT MLP,22,12,60.0,300.0,60.0,0.0,0,140,0.0
rect_ifft,Rect-IFFT MLP,22,13,60.0,300.0,60.0,30.0,0,140,0.0
rect_ifft,Rect-IFFT MLP,22,14,60.0,300.0,60.0,60.0,3,140,0.02142857142857143
rect_ifft,Rect-IFFT MLP,22,15,60.0,300.0,60.0,90.0,2,140,0.014285714285714285
rect_ifft,Rect-IFFT MLP,22,16,60.0,300.0,60.0,120.0,3,140,0.02142857142857143
rect_ifft,Rect-IFFT MLP,22,17,60.0,300.0,60.0,150.0,0,140,0.0
rect_ifft,Rect-IFFT MLP,22,18,60.0,300.0,60.0,180.0,0,140,0.0
rect_ifft,Rect-IFFT MLP,22,19,60.0,300.0,60.0,210.0,0,140,0.0
rect_ifft,Rect-IFFT MLP,22,20,60.0,300.0,60.0,240.0,1,140,0.007142857142857143
rect_ifft,Rect-IFFT MLP,22,21,60.0,300.0,60.0,270.0,1,140,0.007142857142857143
rect_ifft,Rect-IFFT MLP,22,22,60.0,300.0,60.0,300.0,99,140,0.7071428571428572
rect_ifft,Rect-IFFT MLP,22,23,60.0,300.0,60.0,330.0,1,140,0.007142857142857143
rect_ifft,Rect-IFFT MLP,22,24,60.0,300.0,90.0,0.0,0,140,0.0
rect_ifft,Rect-IFFT MLP,22,25,60.0,300.0,90.0,30.0,0,140,0.0
rect_ifft,Rect-IFFT MLP,22,26,60.0,300.0,90.0,60.0,0,140,0.0
rect_ifft,Rect-IFFT MLP,22,27,60.0,300.0,90.0,90.0,0,140,0.0
rect_ifft,Rect-IFFT MLP,22,28,60.0,300.0,90.0,120.0,0,140,0.0
rect_ifft,Rect-IFFT MLP,22,29,60.0,300.0,90.0,150.0,0,140,0.0
rect_ifft,Rect-IFFT MLP,22,30,60.0,300.0,90.0,180.0,0,140,0.0
rect_ifft,Rect-IFFT MLP,22,31,60.0,300.0,90.0,210.0,0,140,0.0
rect_ifft,Rect-IFFT MLP,22,32,60.0,300.0,90.0,240.0,0,140,0.0
rect_ifft,Rect-IFFT MLP,22,33,60.0,300.0,90.0,270.0,0,140,0.0
rect_ifft,Rect-IFFT MLP,22,34,60.0,300.0,90.0,300.0,0,140,0.0
rect_ifft,Rect-IFFT MLP,22,35,60.0,300.0,90.0,330.0,0,140,0.0
rect_ifft,Rect-IFFT MLP,22,36,60.0,300.0,120.0,0.0,0,140,0.0
rect_ifft,Rect-IFFT MLP,22,37,60.0,300.0,120.0,30.0,2,140,0.014285714285714285
rect_ifft,Rect-IFFT MLP,22,38,60.0,300.0,120.0,60.0,11,140,0.07857142857142857
rect_ifft,Rect-IFFT MLP,22,39,60.0,300.0,120.0,90.0,1,140,0.007142857142857143
rect_ifft,Rect-IFFT MLP,22,40,60.0,300.0,120.0,120.0,0,140,0.0
rect_ifft,Rect-IFFT MLP,22,41,60.0,300.0,120.0,150.0,0,140,0.0
rect_ifft,Rect-IFFT MLP,22,42,60.0,300.0,120.0,180.0,0,140,0.0
rect_ifft,Rect-IFFT MLP,22,43,60.0,300.0,120.0,210.0,0,140,0.0
rect_ifft,Rect-IFFT MLP,22,44,60.0,300.0,120.0,240.0,0,140,0.0
rect_ifft,Rect-IFFT MLP,22,45,60.0,300.0,120.0,270.0,1,140,0.007142857142857143
rect_ifft,Rect-IFFT MLP,22,46,60.0,300.0,120.0,300.0,2,140,0.014285714285714285
rect_ifft,Rect-IFFT MLP,22,47,60.0,300.0,120.0,330.0,0,140,0.0
rect_ifft,Rect-IFFT MLP,22,48,60.0,300.0,150.0,0.0,0,140,0.0
rect_ifft,Rect-IFFT MLP,22,49,60.0,300.0,150.0,30.0,2,140,0.014285714285714285
rect_ifft,Rect-IFFT MLP,22,50,60.0,300.0,150.0,60.0,2,140,0.014285714285714285
rect_ifft,Rect-IFFT MLP,22,51,60.0,300.0,150.0,90.0,4,140,0.02857142857142857
rect_ifft,Rect-IFFT MLP,22,52,60.0,300.0,150.0,120.0,0,140,0.0
rect_ifft,Rect-IFFT MLP,22,53,60.0,300.0,150.0,150.0,0,140,0.0
rect_ifft,Rect-IFFT MLP,22,54,60.0,300.0,150.0,180.0,0,140,0.0
rect_ifft,Rect-IFFT MLP,22,55,60.0,300.0,150.0,210.0,0,140,0.0
rect_ifft,Rect-IFFT MLP,22,56,60.0,300.0,150.0,240.0,0,140,0.0
rect_ifft,Rect-IFFT MLP,22,57,60.0,300.0,150.0,270.0,2,140,0.014285714285714285
rect_ifft,Rect-IFFT MLP,22,58,60.0,300.0,150.0,300.0,0,140,0.0
rect_ifft,Rect-IFFT MLP,22,59,60.0,300.0,150.0,330.0,0,140,0.0
rect_ifft,Rect-IFFT MLP,23,0,60.0,330.0,30.0,0.0,0,140,0.0
rect_ifft,Rect-IFFT MLP,23,1,60.0,330.0,30.0,30.0,0,140,0.0
rect_ifft,Rect-IFFT MLP,23,2,60.0,330.0,30.0,60.0,0,140,0.0
rect_ifft,Rect-IFFT MLP,23,3,60.0,330.0,30.0,90.0,0,140,0.0
rect_ifft,Rect-IFFT MLP,23,4,60.0,330.0,30.0,120.0,0,140,0.0
rect_ifft,Rect-IFFT MLP,23,5,60.0,330.0,30.0,150.0,0,140,0.0
rect_ifft,Rect-IFFT MLP,23,6,60.0,330.0,30.0,180.0,0,140,0.0
rect_ifft,Rect-IFFT MLP,23,7,60.0,330.0,30.0,210.0,0,140,0.0
rect_ifft,Rect-IFFT MLP,23,8,60.0,330.0,30.0,240.0,0,140,0.0
rect_ifft,Rect-IFFT MLP,23,9,60.0,330.0,30.0,270.0,0,140,0.0
rect_ifft,Rect-IFFT MLP,23,10,60.0,330.0,30.0,300.0,0,140,0.0
rect_ifft,Rect-IFFT MLP,23,11,60.0,330.0,30.0,330.0,0,140,0.0
rect_ifft,Rect-IFFT MLP,23,12,60.0,330.0,60.0,0.0,4,140,0.02857142857142857
rect_ifft,Rect-IFFT MLP,23,13,60.0,330.0,60.0,30.0,1,140,0.007142857142857143
rect_ifft,Rect-IFFT MLP,23,14,60.0,330.0,60.0,60.0,0,140,0.0
rect_ifft,Rect-IFFT MLP,23,15,60.0,330.0,60.0,90.0,0,140,0.0
rect_ifft,Rect-IFFT MLP,23,16,60.0,330.0,60.0,120.0,0,140,0.0
rect_ifft,Rect-IFFT MLP,23,17,60.0,330.0,60.0,150.0,6,140,0.04285714285714286
rect_ifft,Rect-IFFT MLP,23,18,60.0,330.0,60.0,180.0,0,140,0.0
rect_ifft,Rect-IFFT MLP,23,19,60.0,330.0,60.0,210.0,3,140,0.02142857142857143
rect_ifft,Rect-IFFT MLP,23,20,60.0,330.0,60.0,240.0,1,140,0.007142857142857143
rect_ifft,Rect-IFFT MLP,23,21,60.0,330.0,60.0,270.0,0,140,0.0
rect_ifft,Rect-IFFT MLP,23,22,60.0,330.0,60.0,300.0,0,140,0.0
rect_ifft,Rect-IFFT MLP,23,23,60.0,330.0,60.0,330.0,93,140,0.6642857142857143
rect_ifft,Rect-IFFT MLP,23,24,60.0,330.0,90.0,0.0,0,140,0.0
rect_ifft,Rect-IFFT MLP,23,25,60.0,330.0,90.0,30.0,0,140,0.0
rect_ifft,Rect-IFFT MLP,23,26,60.0,330.0,90.0,60.0,0,140,0.0
rect_ifft,Rect-IFFT MLP,23,27,60.0,330.0,90.0,90.0,0,140,0.0
rect_ifft,Rect-IFFT MLP,23,28,60.0,330.0,90.0,120.0,0,140,0.0
rect_ifft,Rect-IFFT MLP,23,29,60.0,330.0,90.0,150.0,0,140,0.0
rect_ifft,Rect-IFFT MLP,23,30,60.0,330.0,90.0,180.0,0,140,0.0
rect_ifft,Rect-IFFT MLP,23,31,60.0,330.0,90.0,210.0,0,140,0.0
rect_ifft,Rect-IFFT MLP,23,32,60.0,330.0,90.0,240.0,0,140,0.0
rect_ifft,Rect-IFFT MLP,23,33,60.0,330.0,90.0,270.0,0,140,0.0
rect_ifft,Rect-IFFT MLP,23,34,60.0,330.0,90.0,300.0,0,140,0.0
rect_ifft,Rect-IFFT MLP,23,35,60.0,330.0,90.0,330.0,0,140,0.0
rect_ifft,Rect-IFFT MLP,23,36,60.0,330.0,120.0,0.0,0,140,0.0
rect_ifft,Rect-IFFT MLP,23,37,60.0,330.0,120.0,30.0,17,140,0.12142857142857143
rect_ifft,Rect-IFFT MLP,23,38,60.0,330.0,120.0,60.0,0,140,0.0
rect_ifft,Rect-IFFT MLP,23,39,60.0,330.0,120.0,90.0,0,140,0.0
rect_ifft,Rect-IFFT MLP,23,40,60.0,330.0,120.0,120.0,0,140,0.0
rect_ifft,Rect-IFFT MLP,23,41,60.0,330.0,120.0,150.0,3,140,0.02142857142857143
rect_ifft,Rect-IFFT MLP,23,42,60.0,330.0,120.0,180.0,1,140,0.007142857142857143
rect_ifft,Rect-IFFT MLP,23,43,60.0,330.0,120.0,210.0,3,140,0.02142857142857143
rect_ifft,Rect-IFFT MLP,23,44,60.0,330.0,120.0,240.0,0,140,0.0
rect_ifft,Rect-IFFT MLP,23,45,60.0,330.0,120.0,270.0,0,140,0.0
rect_ifft,Rect-IFFT MLP,23,46,60.0,330.0,120.0,300.0,0,140,0.0
rect_ifft,Rect-IFFT MLP,23,47,60.0,330.0,120.0,330.0,4,140,0.02857142857142857
rect_ifft,Rect-IFFT MLP,23,48,60.0,330.0,150.0,0.0,0,140,0.0
rect_ifft,Rect-IFFT MLP,23,49,60.0,330.0,150.0,30.0,4,140,0.02857142857142857
rect_ifft,Rect-IFFT MLP,23,50,60.0,330.0,150.0,60.0,0,140,0.0
rect_ifft,Rect-IFFT MLP,23,51,60.0,330.0,150.0,90.0,0,140,0.0
rect_ifft,Rect-IFFT MLP,23,52,60.0,330.0,150.0,120.0,0,140,0.0
rect_ifft,Rect-IFFT MLP,23,53,60.0,330.0,150.0,150.0,0,140,0.0
rect_ifft,Rect-IFFT MLP,23,54,60.0,330.0,150.0,180.0,0,140,0.0
rect_ifft,Rect-IFFT MLP,23,55,60.0,330.0,150.0,210.0,0,140,0.0
rect_ifft,Rect-IFFT MLP,23,56,60.0,330.0,150.0,240.0,0,140,0.0
rect_ifft,Rect-IFFT MLP,23,57,60.0,330.0,150.0,270.0,0,140,0.0
rect_ifft,Rect-IFFT MLP,23,58,60.0,330.0,150.0,300.0,0,140,0.0
rect_ifft,Rect-IFFT MLP,23,59,60.0,330.0,150.0,330.0,0,140,0.0
rect_ifft,Rect-IFFT MLP,24,0,90.0,0.0,30.0,0.0,0,140,0.0
rect_ifft,Rect-IFFT MLP,24,1,90.0,0.0,30.0,30.0,0,140,0.0
rect_ifft,Rect-IFFT MLP,24,2,90.0,0.0,30.0,60.0,0,140,0.0
rect_ifft,Rect-IFFT MLP,24,3,90.0,0.0,30.0,90.0,0,140,0.0
rect_ifft,Rect-IFFT MLP,24,4,90.0,0.0,30.0,120.0,0,140,0.0
rect_ifft,Rect-IFFT MLP,24,5,90.0,0.0,30.0,150.0,0,140,0.0
rect_ifft,Rect-IFFT MLP,24,6,90.0,0.0,30.0,180.0,0,140,0.0
rect_ifft,Rect-IFFT MLP,24,7,90.0,0.0,30.0,210.0,0,140,0.0
rect_ifft,Rect-IFFT MLP,24,8,90.0,0.0,30.0,240.0,0,140,0.0
rect_ifft,Rect-IFFT MLP,24,9,90.0,0.0,30.0,270.0,0,140,0.0
rect_ifft,Rect-IFFT MLP,24,10,90.0,0.0,30.0,300.0,0,140,0.0
rect_ifft,Rect-IFFT MLP,24,11,90.0,0.0,30.0,330.0,0,140,0.0
rect_ifft,Rect-IFFT MLP,24,12,90.0,0.0,60.0,0.0,0,140,0.0
rect_ifft,Rect-IFFT MLP,24,13,90.0,0.0,60.0,30.0,1,140,0.007142857142857143
rect_ifft,Rect-IFFT MLP,24,14,90.0,0.0,60.0,60.0,0,140,0.0
rect_ifft,Rect-IFFT MLP,24,15,90.0,0.0,60.0,90.0,0,140,0.0
rect_ifft,Rect-IFFT MLP,24,16,90.0,0.0,60.0,120.0,0,140,0.0
rect_ifft,Rect-IFFT MLP,24,17,90.0,0.0,60.0,150.0,0,140,0.0
rect_ifft,Rect-IFFT MLP,24,18,90.0,0.0,60.0,180.0,1,140,0.007142857142857143
rect_ifft,Rect-IFFT MLP,24,19,90.0,0.0,60.0,210.0,0,140,0.0
rect_ifft,Rect-IFFT MLP,24,20,90.0,0.0,60.0,240.0,1,140,0.007142857142857143
rect_ifft,Rect-IFFT MLP,24,21,90.0,0.0,60.0,270.0,0,140,0.0
rect_ifft,Rect-IFFT MLP,24,22,90.0,0.0,60.0,300.0,0,140,0.0
rect_ifft,Rect-IFFT MLP,24,23,90.0,0.0,60.0,330.0,0,140,0.0
rect_ifft,Rect-IFFT MLP,24,24,90.0,0.0,90.0,0.0,70,140,0.5
rect_ifft,Rect-IFFT MLP,24,25,90.0,0.0,90.0,30.0,3,140,0.02142857142857143
rect_ifft,Rect-IFFT MLP,24,26,90.0,0.0,90.0,60.0,0,140,0.0
rect_ifft,Rect-IFFT MLP,24,27,90.0,0.0,90.0,90.0,0,140,0.0
rect_ifft,Rect-IFFT MLP,24,28,90.0,0.0,90.0,120.0,0,140,0.0
rect_ifft,Rect-IFFT MLP,24,29,90.0,0.0,90.0,150.0,3,140,0.02142857142857143
rect_ifft,Rect-IFFT MLP,24,30,90.0,0.0,90.0,180.0,51,140,0.36428571428571427
rect_ifft,Rect-IFFT MLP,24,31,90.0,0.0,90.0,210.0,2,140,0.014285714285714285
rect_ifft,Rect-IFFT MLP,24,32,90.0,0.0,90.0,240.0,4,140,0.02857142857142857
rect_ifft,Rect-IFFT MLP,24,33,90.0,0.0,90.0,270.0,0,140,0.0
rect_ifft,Rect-IFFT MLP,24,34,90.0,0.0,90.0,300.0,0,140,0.0
rect_ifft,Rect-IFFT MLP,24,35,90.0,0.0,90.0,330.0,0,140,0.0
rect_ifft,Rect-IFFT MLP,24,36,90.0,0.0,120.0,0.0,0,140,0.0
rect_ifft,Rect-IFFT MLP,24,37,90.0,0.0,120.0,30.0,0,140,0.0
rect_ifft,Rect-IFFT MLP,24,38,90.0,0.0,120.0,60.0,0,140,0.0
rect_ifft,Rect-IFFT MLP,24,39,90.0,0.0,120.0,90.0,0,140,0.0
rect_ifft,Rect-IFFT MLP,24,40,90.0,0.0,120.0,120.0,1,140,0.007142857142857143
rect_ifft,Rect-IFFT MLP,24,41,90.0,0.0,120.0,150.0,0,140,0.0
rect_ifft,Rect-IFFT MLP,24,42,90.0,0.0,120.0,180.0,2,140,0.014285714285714285
rect_ifft,Rect-IFFT MLP,24,43,90.0,0.0,120.0,210.0,1,140,0.007142857142857143
rect_ifft,Rect-IFFT MLP,24,44,90.0,0.0,120.0,240.0,0,140,0.0
rect_ifft,Rect-IFFT MLP,24,45,90.0,0.0,120.0,270.0,0,140,0.0
rect_ifft,Rect-IFFT MLP,24,46,90.0,0.0,120.0,300.0,0,140,0.0
rect_ifft,Rect-IFFT MLP,24,47,90.0,0.0,120.0,330.0,0,140,0.0
rect_ifft,Rect-IFFT MLP,24,48,90.0,0.0,150.0,0.0,0,140,0.0
rect_ifft,Rect-IFFT MLP,24,49,90.0,0.0,150.0,30.0,0,140,0.0
rect_ifft,Rect-IFFT MLP,24,50,90.0,0.0,150.0,60.0,0,140,0.0
rect_ifft,Rect-IFFT MLP,24,51,90.0,0.0,150.0,90.0,0,140,0.0
rect_ifft,Rect-IFFT MLP,24,52,90.0,0.0,150.0,120.0,0,140,0.0
rect_ifft,Rect-IFFT MLP,24,53,90.0,0.0,150.0,150.0,0,140,0.0
rect_ifft,Rect-IFFT MLP,24,54,90.0,0.0,150.0,180.0,0,140,0.0
rect_ifft,Rect-IFFT MLP,24,55,90.0,0.0,150.0,210.0,0,140,0.0
rect_ifft,Rect-IFFT MLP,24,56,90.0,0.0,150.0,240.0,0,140,0.0
rect_ifft,Rect-IFFT MLP,24,57,90.0,0.0,150.0,270.0,0,140,0.0
rect_ifft,Rect-IFFT MLP,24,58,90.0,0.0,150.0,300.0,0,140,0.0
rect_ifft,Rect-IFFT MLP,24,59,90.0,0.0,150.0,330.0,0,140,0.0
rect_ifft,Rect-IFFT MLP,25,0,90.0,30.0,30.0,0.0,0,140,0.0
rect_ifft,Rect-IFFT MLP,25,1,90.0,30.0,30.0,30.0,0,140,0.0
rect_ifft,Rect-IFFT MLP,25,2,90.0,30.0,30.0,60.0,0,140,0.0
rect_ifft,Rect-IFFT MLP,25,3,90.0,30.0,30.0,90.0,0,140,0.0
rect_ifft,Rect-IFFT MLP,25,4,90.0,30.0,30.0,120.0,0,140,0.0
rect_ifft,Rect-IFFT MLP,25,5,90.0,30.0,30.0,150.0,0,140,0.0
rect_ifft,Rect-IFFT MLP,25,6,90.0,30.0,30.0,180.0,0,140,0.0
rect_ifft,Rect-IFFT MLP,25,7,90.0,30.0,30.0,210.0,0,140,0.0
rect_ifft,Rect-IFFT MLP,25,8,90.0,30.0,30.0,240.0,0,140,0.0
rect_ifft,Rect-IFFT MLP,25,9,90.0,30.0,30.0,270.0,0,140,0.0
rect_ifft,Rect-IFFT MLP,25,10,90.0,30.0,30.0,300.0,0,140,0.0
rect_ifft,Rect-IFFT MLP,25,11,90.0,30.0,30.0,330.0,0,140,0.0
rect_ifft,Rect-IFFT MLP,25,12,90.0,30.0,60.0,0.0,0,140,0.0
rect_ifft,Rect-IFFT MLP,25,13,90.0,30.0,60.0,30.0,1,140,0.007142857142857143
rect_ifft,Rect-IFFT MLP,25,14,90.0,30.0,60.0,60.0,0,140,0.0
rect_ifft,Rect-IFFT MLP,25,15,90.0,30.0,60.0,90.0,0,140,0.0
rect_ifft,Rect-IFFT MLP,25,16,90.0,30.0,60.0,120.0,1,140,0.007142857142857143
rect_ifft,Rect-IFFT MLP,25,17,90.0,30.0,60.0,150.0,0,140,0.0
rect_ifft,Rect-IFFT MLP,25,18,90.0,30.0,60.0,180.0,0,140,0.0
rect_ifft,Rect-IFFT MLP,25,19,90.0,30.0,60.0,210.0,0,140,0.0
rect_ifft,Rect-IFFT MLP,25,20,90.0,30.0,60.0,240.0,3,140,0.02142857142857143
rect_ifft,Rect-IFFT MLP,25,21,90.0,30.0,60.0,270.0,1,140,0.007142857142857143
rect_ifft,Rect-IFFT MLP,25,22,90.0,30.0,60.0,300.0,0,140,0.0
rect_ifft,Rect-IFFT MLP,25,23,90.0,30.0,60.0,330.0,0,140,0.0
rect_ifft,Rect-IFFT MLP,25,24,90.0,30.0,90.0,0.0,0,140,0.0
rect_ifft,Rect-IFFT MLP,25,25,90.0,30.0,90.0,30.0,61,140,0.4357142857142857
rect_ifft,Rect-IFFT MLP,25,26,90.0,30.0,90.0,60.0,0,140,0.0
rect_ifft,Rect-IFFT MLP,25,27,90.0,30.0,90.0,90.0,0,140,0.0
rect_ifft,Rect-IFFT MLP,25,28,90.0,30.0,90.0,120.0,2,140,0.014285714285714285
rect_ifft,Rect-IFFT MLP,25,29,90.0,30.0,90.0,150.0,14,140,0.1
rect_ifft,Rect-IFFT MLP,25,30,90.0,30.0,90.0,180.0,3,140,0.02142857142857143
rect_ifft,Rect-IFFT MLP,25,31,90.0,30.0,90.0,210.0,33,140,0.2357142857142857
rect_ifft,Rect-IFFT MLP,25,32,90.0,30.0,90.0,240.0,3,140,0.02142857142857143
rect_ifft,Rect-IFFT MLP,25,33,90.0,30.0,90.0,270.0,0,140,0.0
rect_ifft,Rect-IFFT MLP,25,34,90.0,30.0,90.0,300.0,0,140,0.0
rect_ifft,Rect-IFFT MLP,25,35,90.0,30.0,90.0,330.0,14,140,0.1
rect_ifft,Rect-IFFT MLP,25,36,90.0,30.0,120.0,0.0,0,140,0.0
rect_ifft,Rect-IFFT MLP,25,37,90.0,30.0,120.0,30.0,1,140,0.007142857142857143
rect_ifft,Rect-IFFT MLP,25,38,90.0,30.0,120.0,60.0,0,140,0.0
rect_ifft,Rect-IFFT MLP,25,39,90.0,30.0,120.0,90.0,0,140,0.0
rect_ifft,Rect-IFFT MLP,25,40,90.0,30.0,120.0,120.0,1,140,0.007142857142857143
rect_ifft,Rect-IFFT MLP,25,41,90.0,30.0,120.0,150.0,0,140,0.0
rect_ifft,Rect-IFFT MLP,25,42,90.0,30.0,120.0,180.0,0,140,0.0
rect_ifft,Rect-IFFT MLP,25,43,90.0,30.0,120.0,210.0,1,140,0.007142857142857143
rect_ifft,Rect-IFFT MLP,25,44,90.0,30.0,120.0,240.0,1,140,0.007142857142857143
rect_ifft,Rect-IFFT MLP,25,45,90.0,30.0,120.0,270.0,0,140,0.0
rect_ifft,Rect-IFFT MLP,25,46,90.0,30.0,120.0,300.0,0,140,0.0
rect_ifft,Rect-IFFT MLP,25,47,90.0,30.0,120.0,330.0,0,140,0.0
rect_ifft,Rect-IFFT MLP,25,48,90.0,30.0,150.0,0.0,0,140,0.0
rect_ifft,Rect-IFFT MLP,25,49,90.0,30.0,150.0,30.0,0,140,0.0
rect_ifft,Rect-IFFT MLP,25,50,90.0,30.0,150.0,60.0,0,140,0.0
rect_ifft,Rect-IFFT MLP,25,51,90.0,30.0,150.0,90.0,0,140,0.0
rect_ifft,Rect-IFFT MLP,25,52,90.0,30.0,150.0,120.0,0,140,0.0
rect_ifft,Rect-IFFT MLP,25,53,90.0,30.0,150.0,150.0,0,140,0.0
rect_ifft,Rect-IFFT MLP,25,54,90.0,30.0,150.0,180.0,0,140,0.0
rect_ifft,Rect-IFFT MLP,25,55,90.0,30.0,150.0,210.0,0,140,0.0
rect_ifft,Rect-IFFT MLP,25,56,90.0,30.0,150.0,240.0,0,140,0.0
rect_ifft,Rect-IFFT MLP,25,57,90.0,30.0,150.0,270.0,0,140,0.0
rect_ifft,Rect-IFFT MLP,25,58,90.0,30.0,150.0,300.0,0,140,0.0
rect_ifft,Rect-IFFT MLP,25,59,90.0,30.0,150.0,330.0,0,140,0.0
rect_ifft,Rect-IFFT MLP,26,0,90.0,60.0,30.0,0.0,0,140,0.0
rect_ifft,Rect-IFFT MLP,26,1,90.0,60.0,30.0,30.0,0,140,0.0
rect_ifft,Rect-IFFT MLP,26,2,90.0,60.0,30.0,60.0,0,140,0.0
rect_ifft,Rect-IFFT MLP,26,3,90.0,60.0,30.0,90.0,0,140,0.0
rect_ifft,Rect-IFFT MLP,26,4,90.0,60.0,30.0,120.0,0,140,0.0
rect_ifft,Rect-IFFT MLP,26,5,90.0,60.0,30.0,150.0,0,140,0.0
rect_ifft,Rect-IFFT MLP,26,6,90.0,60.0,30.0,180.0,0,140,0.0
rect_ifft,Rect-IFFT MLP,26,7,90.0,60.0,30.0,210.0,0,140,0.0
rect_ifft,Rect-IFFT MLP,26,8,90.0,60.0,30.0,240.0,0,140,0.0
rect_ifft,Rect-IFFT MLP,26,9,90.0,60.0,30.0,270.0,0,140,0.0
rect_ifft,Rect-IFFT MLP,26,10,90.0,60.0,30.0,300.0,0,140,0.0
rect_ifft,Rect-IFFT MLP,26,11,90.0,60.0,30.0,330.0,0,140,0.0
rect_ifft,Rect-IFFT MLP,26,12,90.0,60.0,60.0,0.0,0,140,0.0
rect_ifft,Rect-IFFT MLP,26,13,90.0,60.0,60.0,30.0,0,140,0.0
rect_ifft,Rect-IFFT MLP,26,14,90.0,60.0,60.0,60.0,0,140,0.0
rect_ifft,Rect-IFFT MLP,26,15,90.0,60.0,60.0,90.0,2,140,0.014285714285714285
rect_ifft,Rect-IFFT MLP,26,16,90.0,60.0,60.0,120.0,1,140,0.007142857142857143
rect_ifft,Rect-IFFT MLP,26,17,90.0,60.0,60.0,150.0,0,140,0.0
rect_ifft,Rect-IFFT MLP,26,18,90.0,60.0,60.0,180.0,0,140,0.0
rect_ifft,Rect-IFFT MLP,26,19,90.0,60.0,60.0,210.0,0,140,0.0
rect_ifft,Rect-IFFT MLP,26,20,90.0,60.0,60.0,240.0,0,140,0.0
rect_ifft,Rect-IFFT MLP,26,21,90.0,60.0,60.0,270.0,1,140,0.007142857142857143
rect_ifft,Rect-IFFT MLP,26,22,90.0,60.0,60.0,300.0,0,140,0.0
rect_ifft,Rect-IFFT MLP,26,23,90.0,60.0,60.0,330.0,0,140,0.0
rect_ifft,Rect-IFFT MLP,26,24,90.0,60.0,90.0,0.0,0,140,0.0
rect_ifft,Rect-IFFT MLP,26,25,90.0,60.0,90.0,30.0,3,140,0.02142857142857143
rect_ifft,Rect-IFFT MLP,26,26,90.0,60.0,90.0,60.0,55,140,0.39285714285714285
rect_ifft,Rect-IFFT MLP,26,27,90.0,60.0,90.0,90.0,3,140,0.02142857142857143
rect_ifft,Rect-IFFT MLP,26,28,90.0,60.0,90.0,120.0,30,140,0.21428571428571427
rect_ifft,Rect-IFFT MLP,26,29,90.0,60.0,90.0,150.0,2,140,0.014285714285714285
rect_ifft,Rect-IFFT MLP,26,30,90.0,60.0,90.0,180.0,0,140,0.0
rect_ifft,Rect-IFFT MLP,26,31,90.0,60.0,90.0,210.0,1,140,0.007142857142857143
rect_ifft,Rect-IFFT MLP,26,32,90.0,60.0,90.0,240.0,17,140,0.12142857142857143
rect_ifft,Rect-IFFT MLP,26,33,90.0,60.0,90.0,270.0,5,140,0.03571428571428571
rect_ifft,Rect-IFFT MLP,26,34,90.0,60.0,90.0,300.0,9,140,0.06428571428571428
rect_ifft,Rect-IFFT MLP,26,35,90.0,60.0,90.0,330.0,3,140,0.02142857142857143
rect_ifft,Rect-IFFT MLP,26,36,90.0,60.0,120.0,0.0,0,140,0.0
rect_ifft,Rect-IFFT MLP,26,37,90.0,60.0,120.0,30.0,0,140,0.0
rect_ifft,Rect-IFFT MLP,26,38,90.0,60.0,120.0,60.0,1,140,0.007142857142857143
rect_ifft,Rect-IFFT MLP,26,39,90.0,60.0,120.0,90.0,1,140,0.007142857142857143
rect_ifft,Rect-IFFT MLP,26,40,90.0,60.0,120.0,120.0,0,140,0.0
rect_ifft,Rect-IFFT MLP,26,41,90.0,60.0,120.0,150.0,0,140,0.0
rect_ifft,Rect-IFFT MLP,26,42,90.0,60.0,120.0,180.0,0,140,0.0
rect_ifft,Rect-IFFT MLP,26,43,90.0,60.0,120.0,210.0,0,140,0.0
rect_ifft,Rect-IFFT MLP,26,44,90.0,60.0,120.0,240.0,2,140,0.014285714285714285
rect_ifft,Rect-IFFT MLP,26,45,90.0,60.0,120.0,270.0,4,140,0.02857142857142857
rect_ifft,Rect-IFFT MLP,26,46,90.0,60.0,120.0,300.0,0,140,0.0
rect_ifft,Rect-IFFT MLP,26,47,90.0,60.0,120.0,330.0,0,140,0.0
rect_ifft,Rect-IFFT MLP,26,48,90.0,60.0,150.0,0.0,0,140,0.0
rect_ifft,Rect-IFFT MLP,26,49,90.0,60.0,150.0,30.0,0,140,0.0
rect_ifft,Rect-IFFT MLP,26,50,90.0,60.0,150.0,60.0,0,140,0.0
rect_ifft,Rect-IFFT MLP,26,51,90.0,60.0,150.0,90.0,0,140,0.0
rect_ifft,Rect-IFFT MLP,26,52,90.0,60.0,150.0,120.0,0,140,0.0
rect_ifft,Rect-IFFT MLP,26,53,90.0,60.0,150.0,150.0,0,140,0.0
rect_ifft,Rect-IFFT MLP,26,54,90.0,60.0,150.0,180.0,0,140,0.0
rect_ifft,Rect-IFFT MLP,26,55,90.0,60.0,150.0,210.0,0,140,0.0
rect_ifft,Rect-IFFT MLP,26,56,90.0,60.0,150.0,240.0,0,140,0.0
rect_ifft,Rect-IFFT MLP,26,57,90.0,60.0,150.0,270.0,0,140,0.0
rect_ifft,Rect-IFFT MLP,26,58,90.0,60.0,150.0,300.0,0,140,0.0
rect_ifft,Rect-IFFT MLP,26,59,90.0,60.0,150.0,330.0,0,140,0.0
rect_ifft,Rect-IFFT MLP,27,0,90.0,90.0,30.0,0.0,0,140,0.0
rect_ifft,Rect-IFFT MLP,27,1,90.0,90.0,30.0,30.0,0,140,0.0
rect_ifft,Rect-IFFT MLP,27,2,90.0,90.0,30.0,60.0,0,140,0.0
rect_ifft,Rect-IFFT MLP,27,3,90.0,90.0,30.0,90.0,0,140,0.0
rect_ifft,Rect-IFFT MLP,27,4,90.0,90.0,30.0,120.0,0,140,0.0
rect_ifft,Rect-IFFT MLP,27,5,90.0,90.0,30.0,150.0,0,140,0.0
rect_ifft,Rect-IFFT MLP,27,6,90.0,90.0,30.0,180.0,0,140,0.0
rect_ifft,Rect-IFFT MLP,27,7,90.0,90.0,30.0,210.0,0,140,0.0
rect_ifft,Rect-IFFT MLP,27,8,90.0,90.0,30.0,240.0,0,140,0.0
rect_ifft,Rect-IFFT MLP,27,9,90.0,90.0,30.0,270.0,0,140,0.0
rect_ifft,Rect-IFFT MLP,27,10,90.0,90.0,30.0,300.0,0,140,0.0
rect_ifft,Rect-IFFT MLP,27,11,90.0,90.0,30.0,330.0,0,140,0.0
rect_ifft,Rect-IFFT MLP,27,12,90.0,90.0,60.0,0.0,0,140,0.0
rect_ifft,Rect-IFFT MLP,27,13,90.0,90.0,60.0,30.0,0,140,0.0
rect_ifft,Rect-IFFT MLP,27,14,90.0,90.0,60.0,60.0,0,140,0.0
rect_ifft,Rect-IFFT MLP,27,15,90.0,90.0,60.0,90.0,0,140,0.0
rect_ifft,Rect-IFFT MLP,27,16,90.0,90.0,60.0,120.0,0,140,0.0
rect_ifft,Rect-IFFT MLP,27,17,90.0,90.0,60.0,150.0,0,140,0.0
rect_ifft,Rect-IFFT MLP,27,18,90.0,90.0,60.0,180.0,0,140,0.0
rect_ifft,Rect-IFFT MLP,27,19,90.0,90.0,60.0,210.0,0,140,0.0
rect_ifft,Rect-IFFT MLP,27,20,90.0,90.0,60.0,240.0,0,140,0.0
rect_ifft,Rect-IFFT MLP,27,21,90.0,90.0,60.0,270.0,0,140,0.0
rect_ifft,Rect-IFFT MLP,27,22,90.0,90.0,60.0,300.0,0,140,0.0
rect_ifft,Rect-IFFT MLP,27,23,90.0,90.0,60.0,330.0,0,140,0.0
rect_ifft,Rect-IFFT MLP,27,24,90.0,90.0,90.0,0.0,0,140,0.0
rect_ifft,Rect-IFFT MLP,27,25,90.0,90.0,90.0,30.0,0,140,0.0
rect_ifft,Rect-IFFT MLP,27,26,90.0,90.0,90.0,60.0,5,140,0.03571428571428571
rect_ifft,Rect-IFFT MLP,27,27,90.0,90.0,90.0,90.0,64,140,0.45714285714285713
rect_ifft,Rect-IFFT MLP,27,28,90.0,90.0,90.0,120.0,3,140,0.02142857142857143
rect_ifft,Rect-IFFT MLP,27,29,90.0,90.0,90.0,150.0,0,140,0.0
rect_ifft,Rect-IFFT MLP,27,30,90.0,90.0,90.0,180.0,0,140,0.0
rect_ifft,Rect-IFFT MLP,27,31,90.0,90.0,90.0,210.0,0,140,0.0
rect_ifft,Rect-IFFT MLP,27,32,90.0,90.0,90.0,240.0,1,140,0.007142857142857143
rect_ifft,Rect-IFFT MLP,27,33,90.0,90.0,90.0,270.0,65,140,0.4642857142857143
rect_ifft,Rect-IFFT MLP,27,34,90.0,90.0,90.0,300.0,2,140,0.014285714285714285
rect_ifft,Rect-IFFT MLP,27,35,90.0,90.0,90.0,330.0,0,140,0.0
rect_ifft,Rect-IFFT MLP,27,36,90.0,90.0,120.0,0.0,0,140,0.0
rect_ifft,Rect-IFFT MLP,27,37,90.0,90.0,120.0,30.0,0,140,0.0
rect_ifft,Rect-IFFT MLP,27,38,90.0,90.0,120.0,60.0,0,140,0.0
rect_ifft,Rect-IFFT MLP,27,39,90.0,90.0,120.0,90.0,0,140,0.0
rect_ifft,Rect-IFFT MLP,27,40,90.0,90.0,120.0,120.0,0,140,0.0
rect_ifft,Rect-IFFT MLP,27,41,90.0,90.0,120.0,150.0,0,140,0.0
rect_ifft,Rect-IFFT MLP,27,42,90.0,90.0,120.0,180.0,0,140,0.0
rect_ifft,Rect-IFFT MLP,27,43,90.0,90.0,120.0,210.0,0,140,0.0
rect_ifft,Rect-IFFT MLP,27,44,90.0,90.0,120.0,240.0,0,140,0.0
rect_ifft,Rect-IFFT MLP,27,45,90.0,90.0,120.0,270.0,0,140,0.0
rect_ifft,Rect-IFFT MLP,27,46,90.0,90.0,120.0,300.0,0,140,0.0
rect_ifft,Rect-IFFT MLP,27,47,90.0,90.0,120.0,330.0,0,140,0.0
rect_ifft,Rect-IFFT MLP,27,48,90.0,90.0,150.0,0.0,0,140,0.0
rect_ifft,Rect-IFFT MLP,27,49,90.0,90.0,150.0,30.0,0,140,0.0
rect_ifft,Rect-IFFT MLP,27,50,90.0,90.0,150.0,60.0,0,140,0.0
rect_ifft,Rect-IFFT MLP,27,51,90.0,90.0,150.0,90.0,0,140,0.0
rect_ifft,Rect-IFFT MLP,27,52,90.0,90.0,150.0,120.0,0,140,0.0
rect_ifft,Rect-IFFT MLP,27,53,90.0,90.0,150.0,150.0,0,140,0.0
rect_ifft,Rect-IFFT MLP,27,54,90.0,90.0,150.0,180.0,0,140,0.0
rect_ifft,Rect-IFFT MLP,27,55,90.0,90.0,150.0,210.0,0,140,0.0
rect_ifft,Rect-IFFT MLP,27,56,90.0,90.0,150.0,240.0,0,140,0.0
rect_ifft,Rect-IFFT MLP,27,57,90.0,90.0,150.0,270.0,0,140,0.0
rect_ifft,Rect-IFFT MLP,27,58,90.0,90.0,150.0,300.0,0,140,0.0
rect_ifft,Rect-IFFT MLP,27,59,90.0,90.0,150.0,330.0,0,140,0.0
rect_ifft,Rect-IFFT MLP,28,0,90.0,120.0,30.0,0.0,0,140,0.0
rect_ifft,Rect-IFFT MLP,28,1,90.0,120.0,30.0,30.0,0,140,0.0
rect_ifft,Rect-IFFT MLP,28,2,90.0,120.0,30.0,60.0,0,140,0.0
rect_ifft,Rect-IFFT MLP,28,3,90.0,120.0,30.0,90.0,0,140,0.0
rect_ifft,Rect-IFFT MLP,28,4,90.0,120.0,30.0,120.0,0,140,0.0
rect_ifft,Rect-IFFT MLP,28,5,90.0,120.0,30.0,150.0,0,140,0.0
rect_ifft,Rect-IFFT MLP,28,6,90.0,120.0,30.0,180.0,0,140,0.0
rect_ifft,Rect-IFFT MLP,28,7,90.0,120.0,30.0,210.0,0,140,0.0
rect_ifft,Rect-IFFT MLP,28,8,90.0,120.0,30.0,240.0,0,140,0.0
rect_ifft,Rect-IFFT MLP,28,9,90.0,120.0,30.0,270.0,0,140,0.0
rect_ifft,Rect-IFFT MLP,28,10,90.0,120.0,30.0,300.0,0,140,0.0
rect_ifft,Rect-IFFT MLP,28,11,90.0,120.0,30.0,330.0,0,140,0.0
rect_ifft,Rect-IFFT MLP,28,12,90.0,120.0,60.0,0.0,0,140,0.0
rect_ifft,Rect-IFFT MLP,28,13,90.0,120.0,60.0,30.0,0,140,0.0
rect_ifft,Rect-IFFT MLP,28,14,90.0,120.0,60.0,60.0,0,140,0.0
rect_ifft,Rect-IFFT MLP,28,15,90.0,120.0,60.0,90.0,0,140,0.0
rect_ifft,Rect-IFFT MLP,28,16,90.0,120.0,60.0,120.0,1,140,0.007142857142857143
rect_ifft,Rect-IFFT MLP,28,17,90.0,120.0,60.0,150.0,0,140,0.0
rect_ifft,Rect-IFFT MLP,28,18,90.0,120.0,60.0,180.0,0,140,0.0
rect_ifft,Rect-IFFT MLP,28,19,90.0,120.0,60.0,210.0,0,140,0.0
rect_ifft,Rect-IFFT MLP,28,20,90.0,120.0,60.0,240.0,0,140,0.0
rect_ifft,Rect-IFFT MLP,28,21,90.0,120.0,60.0,270.0,0,140,0.0
rect_ifft,Rect-IFFT MLP,28,22,90.0,120.0,60.0,300.0,0,140,0.0
rect_ifft,Rect-IFFT MLP,28,23,90.0,120.0,60.0,330.0,0,140,0.0
rect_ifft,Rect-IFFT MLP,28,24,90.0,120.0,90.0,0.0,0,140,0.0
rect_ifft,Rect-IFFT MLP,28,25,90.0,120.0,90.0,30.0,3,140,0.02142857142857143
rect_ifft,Rect-IFFT MLP,28,26,90.0,120.0,90.0,60.0,13,140,0.09285714285714286
rect_ifft,Rect-IFFT MLP,28,27,90.0,120.0,90.0,90.0,5,140,0.03571428571428571
rect_ifft,Rect-IFFT MLP,28,28,90.0,120.0,90.0,120.0,63,140,0.45
rect_ifft,Rect-IFFT MLP,28,29,90.0,120.0,90.0,150.0,2,140,0.014285714285714285
rect_ifft,Rect-IFFT MLP,28,30,90.0,120.0,90.0,180.0,1,140,0.007142857142857143
rect_ifft,Rect-IFFT MLP,28,31,90.0,120.0,90.0,210.0,2,140,0.014285714285714285
rect_ifft,Rect-IFFT MLP,28,32,90.0,120.0,90.0,240.0,16,140,0.11428571428571428
rect_ifft,Rect-IFFT MLP,28,33,90.0,120.0,90.0,270.0,6,140,0.04285714285714286
rect_ifft,Rect-IFFT MLP,28,34,90.0,120.0,90.0,300.0,21,140,0.15
rect_ifft,Rect-IFFT MLP,28,35,90.0,120.0,90.0,330.0,0,140,0.0
rect_ifft,Rect-IFFT MLP,28,36,90.0,120.0,120.0,0.0,0,140,0.0
rect_ifft,Rect-IFFT MLP,28,37,90.0,120.0,120.0,30.0,0,140,0.0
rect_ifft,Rect-IFFT MLP,28,38,90.0,120.0,120.0,60.0,0,140,0.0
rect_ifft,Rect-IFFT MLP,28,39,90.0,120.0,120.0,90.0,1,140,0.007142857142857143
rect_ifft,Rect-IFFT MLP,28,40,90.0,120.0,120.0,120.0,0,140,0.0
rect_ifft,Rect-IFFT MLP,28,41,90.0,120.0,120.0,150.0,0,140,0.0
rect_ifft,Rect-IFFT MLP,28,42,90.0,120.0,120.0,180.0,0,140,0.0
rect_ifft,Rect-IFFT MLP,28,43,90.0,120.0,120.0,210.0,0,140,0.0
rect_ifft,Rect-IFFT MLP,28,44,90.0,120.0,120.0,240.0,0,140,0.0
rect_ifft,Rect-IFFT MLP,28,45,90.0,120.0,120.0,270.0,6,140,0.04285714285714286
rect_ifft,Rect-IFFT MLP,28,46,90.0,120.0,120.0,300.0,0,140,0.0
rect_ifft,Rect-IFFT MLP,28,47,90.0,120.0,120.0,330.0,0,140,0.0
rect_ifft,Rect-IFFT MLP,28,48,90.0,120.0,150.0,0.0,0,140,0.0
rect_ifft,Rect-IFFT MLP,28,49,90.0,120.0,150.0,30.0,0,140,0.0
rect_ifft,Rect-IFFT MLP,28,50,90.0,120.0,150.0,60.0,0,140,0.0
rect_ifft,Rect-IFFT MLP,28,51,90.0,120.0,150.0,90.0,0,140,0.0
rect_ifft,Rect-IFFT MLP,28,52,90.0,120.0,150.0,120.0,0,140,0.0
rect_ifft,Rect-IFFT MLP,28,53,90.0,120.0,150.0,150.0,0,140,0.0
rect_ifft,Rect-IFFT MLP,28,54,90.0,120.0,150.0,180.0,0,140,0.0
rect_ifft,Rect-IFFT MLP,28,55,90.0,120.0,150.0,210.0,0,140,0.0
rect_ifft,Rect-IFFT MLP,28,56,90.0,120.0,150.0,240.0,0,140,0.0
rect_ifft,Rect-IFFT MLP,28,57,90.0,120.0,150.0,270.0,0,140,0.0
rect_ifft,Rect-IFFT MLP,28,58,90.0,120.0,150.0,300.0,0,140,0.0
rect_ifft,Rect-IFFT MLP,28,59,90.0,120.0,150.0,330.0,0,140,0.0
rect_ifft,Rect-IFFT MLP,29,0,90.0,150.0,30.0,0.0,0,140,0.0
rect_ifft,Rect-IFFT MLP,29,1,90.0,150.0,30.0,30.0,0,140,0.0
rect_ifft,Rect-IFFT MLP,29,2,90.0,150.0,30.0,60.0,0,140,0.0
rect_ifft,Rect-IFFT MLP,29,3,90.0,150.0,30.0,90.0,0,140,0.0
rect_ifft,Rect-IFFT MLP,29,4,90.0,150.0,30.0,120.0,0,140,0.0
rect_ifft,Rect-IFFT MLP,29,5,90.0,150.0,30.0,150.0,0,140,0.0
rect_ifft,Rect-IFFT MLP,29,6,90.0,150.0,30.0,180.0,0,140,0.0
rect_ifft,Rect-IFFT MLP,29,7,90.0,150.0,30.0,210.0,0,140,0.0
rect_ifft,Rect-IFFT MLP,29,8,90.0,150.0,30.0,240.0,0,140,0.0
rect_ifft,Rect-IFFT MLP,29,9,90.0,150.0,30.0,270.0,0,140,0.0
rect_ifft,Rect-IFFT MLP,29,10,90.0,150.0,30.0,300.0,0,140,0.0
rect_ifft,Rect-IFFT MLP,29,11,90.0,150.0,30.0,330.0,0,140,0.0
rect_ifft,Rect-IFFT MLP,29,12,90.0,150.0,60.0,0.0,0,140,0.0
rect_ifft,Rect-IFFT MLP,29,13,90.0,150.0,60.0,30.0,1,140,0.007142857142857143
rect_ifft,Rect-IFFT MLP,29,14,90.0,150.0,60.0,60.0,0,140,0.0
rect_ifft,Rect-IFFT MLP,29,15,90.0,150.0,60.0,90.0,0,140,0.0
rect_ifft,Rect-IFFT MLP,29,16,90.0,150.0,60.0,120.0,0,140,0.0
rect_ifft,Rect-IFFT MLP,29,17,90.0,150.0,60.0,150.0,0,140,0.0
rect_ifft,Rect-IFFT MLP,29,18,90.0,150.0,60.0,180.0,0,140,0.0
rect_ifft,Rect-IFFT MLP,29,19,90.0,150.0,60.0,210.0,0,140,0.0
rect_ifft,Rect-IFFT MLP,29,20,90.0,150.0,60.0,240.0,1,140,0.007142857142857143
rect_ifft,Rect-IFFT MLP,29,21,90.0,150.0,60.0,270.0,1,140,0.007142857142857143
rect_ifft,Rect-IFFT MLP,29,22,90.0,150.0,60.0,300.0,0,140,0.0
rect_ifft,Rect-IFFT MLP,29,23,90.0,150.0,60.0,330.0,0,140,0.0
rect_ifft,Rect-IFFT MLP,29,24,90.0,150.0,90.0,0.0,5,140,0.03571428571428571
rect_ifft,Rect-IFFT MLP,29,25,90.0,150.0,90.0,30.0,19,140,0.1357142857142857
rect_ifft,Rect-IFFT MLP,29,26,90.0,150.0,90.0,60.0,0,140,0.0
rect_ifft,Rect-IFFT MLP,29,27,90.0,150.0,90.0,90.0,0,140,0.0
rect_ifft,Rect-IFFT MLP,29,28,90.0,150.0,90.0,120.0,0,140,0.0
rect_ifft,Rect-IFFT MLP,29,29,90.0,150.0,90.0,150.0,45,140,0.32142857142857145
rect_ifft,Rect-IFFT MLP,29,30,90.0,150.0,90.0,180.0,9,140,0.06428571428571428
rect_ifft,Rect-IFFT MLP,29,31,90.0,150.0,90.0,210.0,13,140,0.09285714285714286
rect_ifft,Rect-IFFT MLP,29,32,90.0,150.0,90.0,240.0,1,140,0.007142857142857143
rect_ifft,Rect-IFFT MLP,29,33,90.0,150.0,90.0,270.0,0,140,0.0
rect_ifft,Rect-IFFT MLP,29,34,90.0,150.0,90.0,300.0,0,140,0.0
rect_ifft,Rect-IFFT MLP,29,35,90.0,150.0,90.0,330.0,38,140,0.2714285714285714
rect_ifft,Rect-IFFT MLP,29,36,90.0,150.0,120.0,0.0,0,140,0.0
rect_ifft,Rect-IFFT MLP,29,37,90.0,150.0,120.0,30.0,0,140,0.0
rect_ifft,Rect-IFFT MLP,29,38,90.0,150.0,120.0,60.0,0,140,0.0
rect_ifft,Rect-IFFT MLP,29,39,90.0,150.0,120.0,90.0,0,140,0.0
rect_ifft,Rect-IFFT MLP,29,40,90.0,150.0,120.0,120.0,0,140,0.0
rect_ifft,Rect-IFFT MLP,29,41,90.0,150.0,120.0,150.0,0,140,0.0
rect_ifft,Rect-IFFT MLP,29,42,90.0,150.0,120.0,180.0,1,140,0.007142857142857143
rect_ifft,Rect-IFFT MLP,29,43,90.0,150.0,120.0,210.0,1,140,0.007142857142857143
rect_ifft,Rect-IFFT MLP,29,44,90.0,150.0,120.0,240.0,4,140,0.02857142857142857
rect_ifft,Rect-IFFT MLP,29,45,90.0,150.0,120.0,270.0,1,140,0.007142857142857143
rect_ifft,Rect-IFFT MLP,29,46,90.0,150.0,120.0,300.0,0,140,0.0
rect_ifft,Rect-IFFT MLP,29,47,90.0,150.0,120.0,330.0,0,140,0.0
rect_ifft,Rect-IFFT MLP,29,48,90.0,150.0,150.0,0.0,0,140,0.0
rect_ifft,Rect-IFFT MLP,29,49,90.0,150.0,150.0,30.0,0,140,0.0
rect_ifft,Rect-IFFT MLP,29,50,90.0,150.0,150.0,60.0,0,140,0.0
rect_ifft,Rect-IFFT MLP,29,51,90.0,150.0,150.0,90.0,0,140,0.0
rect_ifft,Rect-IFFT MLP,29,52,90.0,150.0,150.0,120.0,0,140,0.0
rect_ifft,Rect-IFFT MLP,29,53,90.0,150.0,150.0,150.0,0,140,0.0
rect_ifft,Rect-IFFT MLP,29,54,90.0,150.0,150.0,180.0,0,140,0.0
rect_ifft,Rect-IFFT MLP,29,55,90.0,150.0,150.0,210.0,0,140,0.0
rect_ifft,Rect-IFFT MLP,29,56,90.0,150.0,150.0,240.0,0,140,0.0
rect_ifft,Rect-IFFT MLP,29,57,90.0,150.0,150.0,270.0,0,140,0.0
rect_ifft,Rect-IFFT MLP,29,58,90.0,150.0,150.0,300.0,0,140,0.0
rect_ifft,Rect-IFFT MLP,29,59,90.0,150.0,150.0,330.0,0,140,0.0
rect_ifft,Rect-IFFT MLP,30,0,90.0,180.0,30.0,0.0,0,140,0.0
rect_ifft,Rect-IFFT MLP,30,1,90.0,180.0,30.0,30.0,0,140,0.0
rect_ifft,Rect-IFFT MLP,30,2,90.0,180.0,30.0,60.0,0,140,0.0
rect_ifft,Rect-IFFT MLP,30,3,90.0,180.0,30.0,90.0,0,140,0.0
rect_ifft,Rect-IFFT MLP,30,4,90.0,180.0,30.0,120.0,0,140,0.0
rect_ifft,Rect-IFFT MLP,30,5,90.0,180.0,30.0,150.0,0,140,0.0
rect_ifft,Rect-IFFT MLP,30,6,90.0,180.0,30.0,180.0,0,140,0.0
rect_ifft,Rect-IFFT MLP,30,7,90.0,180.0,30.0,210.0,0,140,0.0
rect_ifft,Rect-IFFT MLP,30,8,90.0,180.0,30.0,240.0,0,140,0.0
rect_ifft,Rect-IFFT MLP,30,9,90.0,180.0,30.0,270.0,0,140,0.0
rect_ifft,Rect-IFFT MLP,30,10,90.0,180.0,30.0,300.0,0,140,0.0
rect_ifft,Rect-IFFT MLP,30,11,90.0,180.0,30.0,330.0,0,140,0.0
rect_ifft,Rect-IFFT MLP,30,12,90.0,180.0,60.0,0.0,0,140,0.0
rect_ifft,Rect-IFFT MLP,30,13,90.0,180.0,60.0,30.0,1,140,0.007142857142857143
rect_ifft,Rect-IFFT MLP,30,14,90.0,180.0,60.0,60.0,0,140,0.0
rect_ifft,Rect-IFFT MLP,30,15,90.0,180.0,60.0,90.0,0,140,0.0
rect_ifft,Rect-IFFT MLP,30,16,90.0,180.0,60.0,120.0,0,140,0.0
rect_ifft,Rect-IFFT MLP,30,17,90.0,180.0,60.0,150.0,0,140,0.0
rect_ifft,Rect-IFFT MLP,30,18,90.0,180.0,60.0,180.0,1,140,0.007142857142857143
rect_ifft,Rect-IFFT MLP,30,19,90.0,180.0,60.0,210.0,0,140,0.0
rect_ifft,Rect-IFFT MLP,30,20,90.0,180.0,60.0,240.0,1,140,0.007142857142857143
rect_ifft,Rect-IFFT MLP,30,21,90.0,180.0,60.0,270.0,0,140,0.0
rect_ifft,Rect-IFFT MLP,30,22,90.0,180.0,60.0,300.0,0,140,0.0
rect_ifft,Rect-IFFT MLP,30,23,90.0,180.0,60.0,330.0,0,140,0.0
rect_ifft,Rect-IFFT MLP,30,24,90.0,180.0,90.0,0.0,58,140,0.4142857142857143
rect_ifft,Rect-IFFT MLP,30,25,90.0,180.0,90.0,30.0,2,140,0.014285714285714285
rect_ifft,Rect-IFFT MLP,30,26,90.0,180.0,90.0,60.0,0,140,0.0
rect_ifft,Rect-IFFT MLP,30,27,90.0,180.0,90.0,90.0,0,140,0.0
rect_ifft,Rect-IFFT MLP,30,28,90.0,180.0,90.0,120.0,0,140,0.0
rect_ifft,Rect-IFFT MLP,30,29,90.0,180.0,90.0,150.0,2,140,0.014285714285714285
rect_ifft,Rect-IFFT MLP,30,30,90.0,180.0,90.0,180.0,61,140,0.4357142857142857
rect_ifft,Rect-IFFT MLP,30,31,90.0,180.0,90.0,210.0,4,140,0.02857142857142857
rect_ifft,Rect-IFFT MLP,30,32,90.0,180.0,90.0,240.0,3,140,0.02142857142857143
rect_ifft,Rect-IFFT MLP,30,33,90.0,180.0,90.0,270.0,0,140,0.0
rect_ifft,Rect-IFFT MLP,30,34,90.0,180.0,90.0,300.0,0,140,0.0
rect_ifft,Rect-IFFT MLP,30,35,90.0,180.0,90.0,330.0,2,140,0.014285714285714285
rect_ifft,Rect-IFFT MLP,30,36,90.0,180.0,120.0,0.0,0,140,0.0
rect_ifft,Rect-IFFT MLP,30,37,90.0,180.0,120.0,30.0,0,140,0.0
rect_ifft,Rect-IFFT MLP,30,38,90.0,180.0,120.0,60.0,0,140,0.0
rect_ifft,Rect-IFFT MLP,30,39,90.0,180.0,120.0,90.0,0,140,0.0
rect_ifft,Rect-IFFT MLP,30,40,90.0,180.0,120.0,120.0,1,140,0.007142857142857143
rect_ifft,Rect-IFFT MLP,30,41,90.0,180.0,120.0,150.0,0,140,0.0
rect_ifft,Rect-IFFT MLP,30,42,90.0,180.0,120.0,180.0,2,140,0.014285714285714285
rect_ifft,Rect-IFFT MLP,30,43,90.0,180.0,120.0,210.0,1,140,0.007142857142857143
rect_ifft,Rect-IFFT MLP,30,44,90.0,180.0,120.0,240.0,1,140,0.007142857142857143
rect_ifft,Rect-IFFT MLP,30,45,90.0,180.0,120.0,270.0,0,140,0.0
rect_ifft,Rect-IFFT MLP,30,46,90.0,180.0,120.0,300.0,0,140,0.0
rect_ifft,Rect-IFFT MLP,30,47,90.0,180.0,120.0,330.0,0,140,0.0
rect_ifft,Rect-IFFT MLP,30,48,90.0,180.0,150.0,0.0,0,140,0.0
rect_ifft,Rect-IFFT MLP,30,49,90.0,180.0,150.0,30.0,0,140,0.0
rect_ifft,Rect-IFFT MLP,30,50,90.0,180.0,150.0,60.0,0,140,0.0
rect_ifft,Rect-IFFT MLP,30,51,90.0,180.0,150.0,90.0,0,140,0.0
rect_ifft,Rect-IFFT MLP,30,52,90.0,180.0,150.0,120.0,0,140,0.0
rect_ifft,Rect-IFFT MLP,30,53,90.0,180.0,150.0,150.0,0,140,0.0
rect_ifft,Rect-IFFT MLP,30,54,90.0,180.0,150.0,180.0,0,140,0.0
rect_ifft,Rect-IFFT MLP,30,55,90.0,180.0,150.0,210.0,0,140,0.0
rect_ifft,Rect-IFFT MLP,30,56,90.0,180.0,150.0,240.0,0,140,0.0
rect_ifft,Rect-IFFT MLP,30,57,90.0,180.0,150.0,270.0,0,140,0.0
rect_ifft,Rect-IFFT MLP,30,58,90.0,180.0,150.0,300.0,0,140,0.0
rect_ifft,Rect-IFFT MLP,30,59,90.0,180.0,150.0,330.0,0,140,0.0
rect_ifft,Rect-IFFT MLP,31,0,90.0,210.0,30.0,0.0,0,140,0.0
rect_ifft,Rect-IFFT MLP,31,1,90.0,210.0,30.0,30.0,0,140,0.0
rect_ifft,Rect-IFFT MLP,31,2,90.0,210.0,30.0,60.0,0,140,0.0
rect_ifft,Rect-IFFT MLP,31,3,90.0,210.0,30.0,90.0,0,140,0.0
rect_ifft,Rect-IFFT MLP,31,4,90.0,210.0,30.0,120.0,0,140,0.0
rect_ifft,Rect-IFFT MLP,31,5,90.0,210.0,30.0,150.0,0,140,0.0
rect_ifft,Rect-IFFT MLP,31,6,90.0,210.0,30.0,180.0,0,140,0.0
rect_ifft,Rect-IFFT MLP,31,7,90.0,210.0,30.0,210.0,0,140,0.0
rect_ifft,Rect-IFFT MLP,31,8,90.0,210.0,30.0,240.0,0,140,0.0
rect_ifft,Rect-IFFT MLP,31,9,90.0,210.0,30.0,270.0,0,140,0.0
rect_ifft,Rect-IFFT MLP,31,10,90.0,210.0,30.0,300.0,0,140,0.0
rect_ifft,Rect-IFFT MLP,31,11,90.0,210.0,30.0,330.0,0,140,0.0
rect_ifft,Rect-IFFT MLP,31,12,90.0,210.0,60.0,0.0,0,140,0.0
rect_ifft,Rect-IFFT MLP,31,13,90.0,210.0,60.0,30.0,0,140,0.0
rect_ifft,Rect-IFFT MLP,31,14,90.0,210.0,60.0,60.0,0,140,0.0
rect_ifft,Rect-IFFT MLP,31,15,90.0,210.0,60.0,90.0,0,140,0.0
rect_ifft,Rect-IFFT MLP,31,16,90.0,210.0,60.0,120.0,1,140,0.007142857142857143
rect_ifft,Rect-IFFT MLP,31,17,90.0,210.0,60.0,150.0,1,140,0.007142857142857143
rect_ifft,Rect-IFFT MLP,31,18,90.0,210.0,60.0,180.0,0,140,0.0
rect_ifft,Rect-IFFT MLP,31,19,90.0,210.0,60.0,210.0,0,140,0.0
rect_ifft,Rect-IFFT MLP,31,20,90.0,210.0,60.0,240.0,2,140,0.014285714285714285
rect_ifft,Rect-IFFT MLP,31,21,90.0,210.0,60.0,270.0,2,140,0.014285714285714285
rect_ifft,Rect-IFFT MLP,31,22,90.0,210.0,60.0,300.0,0,140,0.0
rect_ifft,Rect-IFFT MLP,31,23,90.0,210.0,60.0,330.0,0,140,0.0
rect_ifft,Rect-IFFT MLP,31,24,90.0,210.0,90.0,0.0,2,140,0.014285714285714285
rect_ifft,Rect-IFFT MLP,31,25,90.0,210.0,90.0,30.0,34,140,0.24285714285714285
rect_ifft,Rect-IFFT MLP,31,26,90.0,210.0,90.0,60.0,0,140,0.0
rect_ifft,Rect-IFFT MLP,31,27,90.0,210.0,90.0,90.0,0,140,0.0
rect_ifft,Rect-IFFT MLP,31,28,90.0,210.0,90.0,120.0,0,140,0.0
rect_ifft,Rect-IFFT MLP,31,29,90.0,210.0,90.0,150.0,8,140,0.05714285714285714
rect_ifft,Rect-IFFT MLP,31,30,90.0,210.0,90.0,180.0,5,140,0.03571428571428571
rect_ifft,Rect-IFFT MLP,31,31,90.0,210.0,90.0,210.0,70,140,0.5
rect_ifft,Rect-IFFT MLP,31,32,90.0,210.0,90.0,240.0,1,140,0.007142857142857143
rect_ifft,Rect-IFFT MLP,31,33,90.0,210.0,90.0,270.0,0,140,0.0
rect_ifft,Rect-IFFT MLP,31,34,90.0,210.0,90.0,300.0,1,140,0.007142857142857143
rect_ifft,Rect-IFFT MLP,31,35,90.0,210.0,90.0,330.0,10,140,0.07142857142857142
rect_ifft,Rect-IFFT MLP,31,36,90.0,210.0,120.0,0.0,0,140,0.0
rect_ifft,Rect-IFFT MLP,31,37,90.0,210.0,120.0,30.0,0,140,0.0
rect_ifft,Rect-IFFT MLP,31,38,90.0,210.0,120.0,60.0,0,140,0.0
rect_ifft,Rect-IFFT MLP,31,39,90.0,210.0,120.0,90.0,0,140,0.0
rect_ifft,Rect-IFFT MLP,31,40,90.0,210.0,120.0,120.0,1,140,0.007142857142857143
rect_ifft,Rect-IFFT MLP,31,41,90.0,210.0,120.0,150.0,0,140,0.0
rect_ifft,Rect-IFFT MLP,31,42,90.0,210.0,120.0,180.0,0,140,0.0
rect_ifft,Rect-IFFT MLP,31,43,90.0,210.0,120.0,210.0,1,140,0.007142857142857143
rect_ifft,Rect-IFFT MLP,31,44,90.0,210.0,120.0,240.0,1,140,0.007142857142857143
rect_ifft,Rect-IFFT MLP,31,45,90.0,210.0,120.0,270.0,0,140,0.0
rect_ifft,Rect-IFFT MLP,31,46,90.0,210.0,120.0,300.0,0,140,0.0
rect_ifft,Rect-IFFT MLP,31,47,90.0,210.0,120.0,330.0,0,140,0.0
rect_ifft,Rect-IFFT MLP,31,48,90.0,210.0,150.0,0.0,0,140,0.0
rect_ifft,Rect-IFFT MLP,31,49,90.0,210.0,150.0,30.0,0,140,0.0
rect_ifft,Rect-IFFT MLP,31,50,90.0,210.0,150.0,60.0,0,140,0.0
rect_ifft,Rect-IFFT MLP,31,51,90.0,210.0,150.0,90.0,0,140,0.0
rect_ifft,Rect-IFFT MLP,31,52,90.0,210.0,150.0,120.0,0,140,0.0
rect_ifft,Rect-IFFT MLP,31,53,90.0,210.0,150.0,150.0,0,140,0.0
rect_ifft,Rect-IFFT MLP,31,54,90.0,210.0,150.0,180.0,0,140,0.0
rect_ifft,Rect-IFFT MLP,31,55,90.0,210.0,150.0,210.0,0,140,0.0
rect_ifft,Rect-IFFT MLP,31,56,90.0,210.0,150.0,240.0,0,140,0.0
rect_ifft,Rect-IFFT MLP,31,57,90.0,210.0,150.0,270.0,0,140,0.0
rect_ifft,Rect-IFFT MLP,31,58,90.0,210.0,150.0,300.0,0,140,0.0
rect_ifft,Rect-IFFT MLP,31,59,90.0,210.0,150.0,330.0,0,140,0.0
rect_ifft,Rect-IFFT MLP,32,0,90.0,240.0,30.0,0.0,0,140,0.0
rect_ifft,Rect-IFFT MLP,32,1,90.0,240.0,30.0,30.0,0,140,0.0
rect_ifft,Rect-IFFT MLP,32,2,90.0,240.0,30.0,60.0,0,140,0.0
rect_ifft,Rect-IFFT MLP,32,3,90.0,240.0,30.0,90.0,0,140,0.0
rect_ifft,Rect-IFFT MLP,32,4,90.0,240.0,30.0,120.0,0,140,0.0
rect_ifft,Rect-IFFT MLP,32,5,90.0,240.0,30.0,150.0,0,140,0.0
rect_ifft,Rect-IFFT MLP,32,6,90.0,240.0,30.0,180.0,0,140,0.0
rect_ifft,Rect-IFFT MLP,32,7,90.0,240.0,30.0,210.0,0,140,0.0
rect_ifft,Rect-IFFT MLP,32,8,90.0,240.0,30.0,240.0,0,140,0.0
rect_ifft,Rect-IFFT MLP,32,9,90.0,240.0,30.0,270.0,0,140,0.0
rect_ifft,Rect-IFFT MLP,32,10,90.0,240.0,30.0,300.0,0,140,0.0
rect_ifft,Rect-IFFT MLP,32,11,90.0,240.0,30.0,330.0,0,140,0.0
rect_ifft,Rect-IFFT MLP,32,12,90.0,240.0,60.0,0.0,0,140,0.0
rect_ifft,Rect-IFFT MLP,32,13,90.0,240.0,60.0,30.0,0,140,0.0
rect_ifft,Rect-IFFT MLP,32,14,90.0,240.0,60.0,60.0,0,140,0.0
rect_ifft,Rect-IFFT MLP,32,15,90.0,240.0,60.0,90.0,2,140,0.014285714285714285
rect_ifft,Rect-IFFT MLP,32,16,90.0,240.0,60.0,120.0,0,140,0.0
rect_ifft,Rect-IFFT MLP,32,17,90.0,240.0,60.0,150.0,0,140,0.0
rect_ifft,Rect-IFFT MLP,32,18,90.0,240.0,60.0,180.0,0,140,0.0
rect_ifft,Rect-IFFT MLP,32,19,90.0,240.0,60.0,210.0,0,140,0.0
rect_ifft,Rect-IFFT MLP,32,20,90.0,240.0,60.0,240.0,0,140,0.0
rect_ifft,Rect-IFFT MLP,32,21,90.0,240.0,60.0,270.0,0,140,0.0
rect_ifft,Rect-IFFT MLP,32,22,90.0,240.0,60.0,300.0,0,140,0.0
rect_ifft,Rect-IFFT MLP,32,23,90.0,240.0,60.0,330.0,0,140,0.0
rect_ifft,Rect-IFFT MLP,32,24,90.0,240.0,90.0,0.0,0,140,0.0
rect_ifft,Rect-IFFT MLP,32,25,90.0,240.0,90.0,30.0,0,140,0.0
rect_ifft,Rect-IFFT MLP,32,26,90.0,240.0,90.0,60.0,14,140,0.1
rect_ifft,Rect-IFFT MLP,32,27,90.0,240.0,90.0,90.0,2,140,0.014285714285714285
rect_ifft,Rect-IFFT MLP,32,28,90.0,240.0,90.0,120.0,27,140,0.19285714285714287
rect_ifft,Rect-IFFT MLP,32,29,90.0,240.0,90.0,150.0,2,140,0.014285714285714285
rect_ifft,Rect-IFFT MLP,32,30,90.0,240.0,90.0,180.0,0,140,0.0
rect_ifft,Rect-IFFT MLP,32,31,90.0,240.0,90.0,210.0,0,140,0.0
rect_ifft,Rect-IFFT MLP,32,32,90.0,240.0,90.0,240.0,56,140,0.4
rect_ifft,Rect-IFFT MLP,32,33,90.0,240.0,90.0,270.0,5,140,0.03571428571428571
rect_ifft,Rect-IFFT MLP,32,34,90.0,240.0,90.0,300.0,24,140,0.17142857142857143
rect_ifft,Rect-IFFT MLP,32,35,90.0,240.0,90.0,330.0,2,140,0.014285714285714285
rect_ifft,Rect-IFFT MLP,32,36,90.0,240.0,120.0,0.0,0,140,0.0
rect_ifft,Rect-IFFT MLP,32,37,90.0,240.0,120.0,30.0,0,140,0.0
rect_ifft,Rect-IFFT MLP,32,38,90.0,240.0,120.0,60.0,0,140,0.0
rect_ifft,Rect-IFFT MLP,32,39,90.0,240.0,120.0,90.0,0,140,0.0
rect_ifft,Rect-IFFT MLP,32,40,90.0,240.0,120.0,120.0,0,140,0.0
rect_ifft,Rect-IFFT MLP,32,41,90.0,240.0,120.0,150.0,0,140,0.0
rect_ifft,Rect-IFFT MLP,32,42,90.0,240.0,120.0,180.0,0,140,0.0
rect_ifft,Rect-IFFT MLP,32,43,90.0,240.0,120.0,210.0,0,140,0.0
rect_ifft,Rect-IFFT MLP,32,44,90.0,240.0,120.0,240.0,1,140,0.007142857142857143
rect_ifft,Rect-IFFT MLP,32,45,90.0,240.0,120.0,270.0,5,140,0.03571428571428571
rect_ifft,Rect-IFFT MLP,32,46,90.0,240.0,120.0,300.0,0,140,0.0
rect_ifft,Rect-IFFT MLP,32,47,90.0,240.0,120.0,330.0,0,140,0.0
rect_ifft,Rect-IFFT MLP,32,48,90.0,240.0,150.0,0.0,0,140,0.0
rect_ifft,Rect-IFFT MLP,32,49,90.0,240.0,150.0,30.0,0,140,0.0
rect_ifft,Rect-IFFT MLP,32,50,90.0,240.0,150.0,60.0,0,140,0.0
rect_ifft,Rect-IFFT MLP,32,51,90.0,240.0,150.0,90.0,0,140,0.0
rect_ifft,Rect-IFFT MLP,32,52,90.0,240.0,150.0,120.0,0,140,0.0
rect_ifft,Rect-IFFT MLP,32,53,90.0,240.0,150.0,150.0,0,140,0.0
rect_ifft,Rect-IFFT MLP,32,54,90.0,240.0,150.0,180.0,0,140,0.0
rect_ifft,Rect-IFFT MLP,32,55,90.0,240.0,150.0,210.0,0,140,0.0
rect_ifft,Rect-IFFT MLP,32,56,90.0,240.0,150.0,240.0,0,140,0.0
rect_ifft,Rect-IFFT MLP,32,57,90.0,240.0,150.0,270.0,0,140,0.0
rect_ifft,Rect-IFFT MLP,32,58,90.0,240.0,150.0,300.0,0,140,0.0
rect_ifft,Rect-IFFT MLP,32,59,90.0,240.0,150.0,330.0,0,140,0.0
rect_ifft,Rect-IFFT MLP,33,0,90.0,270.0,30.0,0.0,0,140,0.0
rect_ifft,Rect-IFFT MLP,33,1,90.0,270.0,30.0,30.0,0,140,0.0
rect_ifft,Rect-IFFT MLP,33,2,90.0,270.0,30.0,60.0,0,140,0.0
rect_ifft,Rect-IFFT MLP,33,3,90.0,270.0,30.0,90.0,0,140,0.0
rect_ifft,Rect-IFFT MLP,33,4,90.0,270.0,30.0,120.0,0,140,0.0
rect_ifft,Rect-IFFT MLP,33,5,90.0,270.0,30.0,150.0,0,140,0.0
rect_ifft,Rect-IFFT MLP,33,6,90.0,270.0,30.0,180.0,0,140,0.0
rect_ifft,Rect-IFFT MLP,33,7,90.0,270.0,30.0,210.0,0,140,0.0
rect_ifft,Rect-IFFT MLP,33,8,90.0,270.0,30.0,240.0,0,140,0.0
rect_ifft,Rect-IFFT MLP,33,9,90.0,270.0,30.0,270.0,0,140,0.0
rect_ifft,Rect-IFFT MLP,33,10,90.0,270.0,30.0,300.0,0,140,0.0
rect_ifft,Rect-IFFT MLP,33,11,90.0,270.0,30.0,330.0,0,140,0.0
rect_ifft,Rect-IFFT MLP,33,12,90.0,270.0,60.0,0.0,0,140,0.0
rect_ifft,Rect-IFFT MLP,33,13,90.0,270.0,60.0,30.0,0,140,0.0
rect_ifft,Rect-IFFT MLP,33,14,90.0,270.0,60.0,60.0,0,140,0.0
rect_ifft,Rect-IFFT MLP,33,15,90.0,270.0,60.0,90.0,0,140,0.0
rect_ifft,Rect-IFFT MLP,33,16,90.0,270.0,60.0,120.0,0,140,0.0
rect_ifft,Rect-IFFT MLP,33,17,90.0,270.0,60.0,150.0,0,140,0.0
rect_ifft,Rect-IFFT MLP,33,18,90.0,270.0,60.0,180.0,0,140,0.0
rect_ifft,Rect-IFFT MLP,33,19,90.0,270.0,60.0,210.0,0,140,0.0
rect_ifft,Rect-IFFT MLP,33,20,90.0,270.0,60.0,240.0,0,140,0.0
rect_ifft,Rect-IFFT MLP,33,21,90.0,270.0,60.0,270.0,0,140,0.0
rect_ifft,Rect-IFFT MLP,33,22,90.0,270.0,60.0,300.0,0,140,0.0
rect_ifft,Rect-IFFT MLP,33,23,90.0,270.0,60.0,330.0,0,140,0.0
rect_ifft,Rect-IFFT MLP,33,24,90.0,270.0,90.0,0.0,0,140,0.0
rect_ifft,Rect-IFFT MLP,33,25,90.0,270.0,90.0,30.0,0,140,0.0
rect_ifft,Rect-IFFT MLP,33,26,90.0,270.0,90.0,60.0,5,140,0.03571428571428571
rect_ifft,Rect-IFFT MLP,33,27,90.0,270.0,90.0,90.0,30,140,0.21428571428571427
rect_ifft,Rect-IFFT MLP,33,28,90.0,270.0,90.0,120.0,6,140,0.04285714285714286
rect_ifft,Rect-IFFT MLP,33,29,90.0,270.0,90.0,150.0,0,140,0.0
rect_ifft,Rect-IFFT MLP,33,30,90.0,270.0,90.0,180.0,0,140,0.0
rect_ifft,Rect-IFFT MLP,33,31,90.0,270.0,90.0,210.0,0,140,0.0
rect_ifft,Rect-IFFT MLP,33,32,90.0,270.0,90.0,240.0,1,140,0.007142857142857143
rect_ifft,Rect-IFFT MLP,33,33,90.0,270.0,90.0,270.0,96,140,0.6857142857142857
rect_ifft,Rect-IFFT MLP,33,34,90.0,270.0,90.0,300.0,2,140,0.014285714285714285
rect_ifft,Rect-IFFT MLP,33,35,90.0,270.0,90.0,330.0,0,140,0.0
rect_ifft,Rect-IFFT MLP,33,36,90.0,270.0,120.0,0.0,0,140,0.0
rect_ifft,Rect-IFFT MLP,33,37,90.0,270.0,120.0,30.0,0,140,0.0
rect_ifft,Rect-IFFT MLP,33,38,90.0,270.0,120.0,60.0,0,140,0.0
rect_ifft,Rect-IFFT MLP,33,39,90.0,270.0,120.0,90.0,0,140,0.0
rect_ifft,Rect-IFFT MLP,33,40,90.0,270.0,120.0,120.0,0,140,0.0
rect_ifft,Rect-IFFT MLP,33,41,90.0,270.0,120.0,150.0,0,140,0.0
rect_ifft,Rect-IFFT MLP,33,42,90.0,270.0,120.0,180.0,0,140,0.0
rect_ifft,Rect-IFFT MLP,33,43,90.0,270.0,120.0,210.0,0,140,0.0
rect_ifft,Rect-IFFT MLP,33,44,90.0,270.0,120.0,240.0,0,140,0.0
rect_ifft,Rect-IFFT MLP,33,45,90.0,270.0,120.0,270.0,0,140,0.0
rect_ifft,Rect-IFFT MLP,33,46,90.0,270.0,120.0,300.0,0,140,0.0
rect_ifft,Rect-IFFT MLP,33,47,90.0,270.0,120.0,330.0,0,140,0.0
rect_ifft,Rect-IFFT MLP,33,48,90.0,270.0,150.0,0.0,0,140,0.0
rect_ifft,Rect-IFFT MLP,33,49,90.0,270.0,150.0,30.0,0,140,0.0
rect_ifft,Rect-IFFT MLP,33,50,90.0,270.0,150.0,60.0,0,140,0.0
rect_ifft,Rect-IFFT MLP,33,51,90.0,270.0,150.0,90.0,0,140,0.0
rect_ifft,Rect-IFFT MLP,33,52,90.0,270.0,150.0,120.0,0,140,0.0
rect_ifft,Rect-IFFT MLP,33,53,90.0,270.0,150.0,150.0,0,140,0.0
rect_ifft,Rect-IFFT MLP,33,54,90.0,270.0,150.0,180.0,0,140,0.0
rect_ifft,Rect-IFFT MLP,33,55,90.0,270.0,150.0,210.0,0,140,0.0
rect_ifft,Rect-IFFT MLP,33,56,90.0,270.0,150.0,240.0,0,140,0.0
rect_ifft,Rect-IFFT MLP,33,57,90.0,270.0,150.0,270.0,0,140,0.0
rect_ifft,Rect-IFFT MLP,33,58,90.0,270.0,150.0,300.0,0,140,0.0
rect_ifft,Rect-IFFT MLP,33,59,90.0,270.0,150.0,330.0,0,140,0.0
rect_ifft,Rect-IFFT MLP,34,0,90.0,300.0,30.0,0.0,0,140,0.0
rect_ifft,Rect-IFFT MLP,34,1,90.0,300.0,30.0,30.0,0,140,0.0
rect_ifft,Rect-IFFT MLP,34,2,90.0,300.0,30.0,60.0,0,140,0.0
rect_ifft,Rect-IFFT MLP,34,3,90.0,300.0,30.0,90.0,0,140,0.0
rect_ifft,Rect-IFFT MLP,34,4,90.0,300.0,30.0,120.0,0,140,0.0
rect_ifft,Rect-IFFT MLP,34,5,90.0,300.0,30.0,150.0,0,140,0.0
rect_ifft,Rect-IFFT MLP,34,6,90.0,300.0,30.0,180.0,0,140,0.0
rect_ifft,Rect-IFFT MLP,34,7,90.0,300.0,30.0,210.0,0,140,0.0
rect_ifft,Rect-IFFT MLP,34,8,90.0,300.0,30.0,240.0,0,140,0.0
rect_ifft,Rect-IFFT MLP,34,9,90.0,300.0,30.0,270.0,0,140,0.0
rect_ifft,Rect-IFFT MLP,34,10,90.0,300.0,30.0,300.0,0,140,0.0
rect_ifft,Rect-IFFT MLP,34,11,90.0,300.0,30.0,330.0,0,140,0.0
rect_ifft,Rect-IFFT MLP,34,12,90.0,300.0,60.0,0.0,0,140,0.0
rect_ifft,Rect-IFFT MLP,34,13,90.0,300.0,60.0,30.0,0,140,0.0
rect_ifft,Rect-IFFT MLP,34,14,90.0,300.0,60.0,60.0,0,140,0.0
rect_ifft,Rect-IFFT MLP,34,15,90.0,300.0,60.0,90.0,3,140,0.02142857142857143
rect_ifft,Rect-IFFT MLP,34,16,90.0,300.0,60.0,120.0,1,140,0.007142857142857143
rect_ifft,Rect-IFFT MLP,34,17,90.0,300.0,60.0,150.0,0,140,0.0
rect_ifft,Rect-IFFT MLP,34,18,90.0,300.0,60.0,180.0,0,140,0.0
rect_ifft,Rect-IFFT MLP,34,19,90.0,300.0,60.0,210.0,0,140,0.0
rect_ifft,Rect-IFFT MLP,34,20,90.0,300.0,60.0,240.0,0,140,0.0
rect_ifft,Rect-IFFT MLP,34,21,90.0,300.0,60.0,270.0,1,140,0.007142857142857143
rect_ifft,Rect-IFFT MLP,34,22,90.0,300.0,60.0,300.0,0,140,0.0
rect_ifft,Rect-IFFT MLP,34,23,90.0,300.0,60.0,330.0,0,140,0.0
rect_ifft,Rect-IFFT MLP,34,24,90.0,300.0,90.0,0.0,0,140,0.0
rect_ifft,Rect-IFFT MLP,34,25,90.0,300.0,90.0,30.0,3,140,0.02142857142857143
rect_ifft,Rect-IFFT MLP,34,26,90.0,300.0,90.0,60.0,2,140,0.014285714285714285
rect_ifft,Rect-IFFT MLP,34,27,90.0,300.0,90.0,90.0,1,140,0.007142857142857143
rect_ifft,Rect-IFFT MLP,34,28,90.0,300.0,90.0,120.0,26,140,0.18571428571428572
rect_ifft,Rect-IFFT MLP,34,29,90.0,300.0,90.0,150.0,1,140,0.007142857142857143
rect_ifft,Rect-IFFT MLP,34,30,90.0,300.0,90.0,180.0,1,140,0.007142857142857143
rect_ifft,Rect-IFFT MLP,34,31,90.0,300.0,90.0,210.0,2,140,0.014285714285714285
rect_ifft,Rect-IFFT MLP,34,32,90.0,300.0,90.0,240.0,20,140,0.14285714285714285
rect_ifft,Rect-IFFT MLP,34,33,90.0,300.0,90.0,270.0,6,140,0.04285714285714286
rect_ifft,Rect-IFFT MLP,34,34,90.0,300.0,90.0,300.0,65,140,0.4642857142857143
rect_ifft,Rect-IFFT MLP,34,35,90.0,300.0,90.0,330.0,1,140,0.007142857142857143
rect_ifft,Rect-IFFT MLP,34,36,90.0,300.0,120.0,0.0,0,140,0.0
rect_ifft,Rect-IFFT MLP,34,37,90.0,300.0,120.0,30.0,0,140,0.0
rect_ifft,Rect-IFFT MLP,34,38,90.0,300.0,120.0,60.0,0,140,0.0
rect_ifft,Rect-IFFT MLP,34,39,90.0,300.0,120.0,90.0,1,140,0.007142857142857143
rect_ifft,Rect-IFFT MLP,34,40,90.0,300.0,120.0,120.0,1,140,0.007142857142857143
rect_ifft,Rect-IFFT MLP,34,41,90.0,300.0,120.0,150.0,0,140,0.0
rect_ifft,Rect-IFFT MLP,34,42,90.0,300.0,120.0,180.0,0,140,0.0
rect_ifft,Rect-IFFT MLP,34,43,90.0,300.0,120.0,210.0,0,140,0.0
rect_ifft,Rect-IFFT MLP,34,44,90.0,300.0,120.0,240.0,0,140,0.0
rect_ifft,Rect-IFFT MLP,34,45,90.0,300.0,120.0,270.0,5,140,0.03571428571428571
rect_ifft,Rect-IFFT MLP,34,46,90.0,300.0,120.0,300.0,0,140,0.0
rect_ifft,Rect-IFFT MLP,34,47,90.0,300.0,120.0,330.0,0,140,0.0
rect_ifft,Rect-IFFT MLP,34,48,90.0,300.0,150.0,0.0,0,140,0.0
rect_ifft,Rect-IFFT MLP,34,49,90.0,300.0,150.0,30.0,0,140,0.0
rect_ifft,Rect-IFFT MLP,34,50,90.0,300.0,150.0,60.0,0,140,0.0
rect_ifft,Rect-IFFT MLP,34,51,90.0,300.0,150.0,90.0,0,140,0.0
rect_ifft,Rect-IFFT MLP,34,52,90.0,300.0,150.0,120.0,0,140,0.0
rect_ifft,Rect-IFFT MLP,34,53,90.0,300.0,150.0,150.0,0,140,0.0
rect_ifft,Rect-IFFT MLP,34,54,90.0,300.0,150.0,180.0,0,140,0.0
rect_ifft,Rect-IFFT MLP,34,55,90.0,300.0,150.0,210.0,0,140,0.0
rect_ifft,Rect-IFFT MLP,34,56,90.0,300.0,150.0,240.0,0,140,0.0
rect_ifft,Rect-IFFT MLP,34,57,90.0,300.0,150.0,270.0,0,140,0.0
rect_ifft,Rect-IFFT MLP,34,58,90.0,300.0,150.0,300.0,0,140,0.0
rect_ifft,Rect-IFFT MLP,34,59,90.0,300.0,150.0,330.0,0,140,0.0
rect_ifft,Rect-IFFT MLP,35,0,90.0,330.0,30.0,0.0,0,140,0.0
rect_ifft,Rect-IFFT MLP,35,1,90.0,330.0,30.0,30.0,0,140,0.0
rect_ifft,Rect-IFFT MLP,35,2,90.0,330.0,30.0,60.0,0,140,0.0
rect_ifft,Rect-IFFT MLP,35,3,90.0,330.0,30.0,90.0,0,140,0.0
rect_ifft,Rect-IFFT MLP,35,4,90.0,330.0,30.0,120.0,0,140,0.0
rect_ifft,Rect-IFFT MLP,35,5,90.0,330.0,30.0,150.0,0,140,0.0
rect_ifft,Rect-IFFT MLP,35,6,90.0,330.0,30.0,180.0,0,140,0.0
rect_ifft,Rect-IFFT MLP,35,7,90.0,330.0,30.0,210.0,0,140,0.0
rect_ifft,Rect-IFFT MLP,35,8,90.0,330.0,30.0,240.0,0,140,0.0
rect_ifft,Rect-IFFT MLP,35,9,90.0,330.0,30.0,270.0,0,140,0.0
rect_ifft,Rect-IFFT MLP,35,10,90.0,330.0,30.0,300.0,0,140,0.0
rect_ifft,Rect-IFFT MLP,35,11,90.0,330.0,30.0,330.0,0,140,0.0
rect_ifft,Rect-IFFT MLP,35,12,90.0,330.0,60.0,0.0,0,140,0.0
rect_ifft,Rect-IFFT MLP,35,13,90.0,330.0,60.0,30.0,1,140,0.007142857142857143
rect_ifft,Rect-IFFT MLP,35,14,90.0,330.0,60.0,60.0,0,140,0.0
rect_ifft,Rect-IFFT MLP,35,15,90.0,330.0,60.0,90.0,0,140,0.0
rect_ifft,Rect-IFFT MLP,35,16,90.0,330.0,60.0,120.0,0,140,0.0
rect_ifft,Rect-IFFT MLP,35,17,90.0,330.0,60.0,150.0,0,140,0.0
rect_ifft,Rect-IFFT MLP,35,18,90.0,330.0,60.0,180.0,0,140,0.0
rect_ifft,Rect-IFFT MLP,35,19,90.0,330.0,60.0,210.0,0,140,0.0
rect_ifft,Rect-IFFT MLP,35,20,90.0,330.0,60.0,240.0,2,140,0.014285714285714285
rect_ifft,Rect-IFFT MLP,35,21,90.0,330.0,60.0,270.0,1,140,0.007142857142857143
rect_ifft,Rect-IFFT MLP,35,22,90.0,330.0,60.0,300.0,0,140,0.0
rect_ifft,Rect-IFFT MLP,35,23,90.0,330.0,60.0,330.0,0,140,0.0
rect_ifft,Rect-IFFT MLP,35,24,90.0,330.0,90.0,0.0,7,140,0.05
rect_ifft,Rect-IFFT MLP,35,25,90.0,330.0,90.0,30.0,15,140,0.10714285714285714
rect_ifft,Rect-IFFT MLP,35,26,90.0,330.0,90.0,60.0,0,140,0.0
rect_ifft,Rect-IFFT MLP,35,27,90.0,330.0,90.0,90.0,0,140,0.0
rect_ifft,Rect-IFFT MLP,35,28,90.0,330.0,90.0,120.0,0,140,0.0
rect_ifft,Rect-IFFT MLP,35,29,90.0,330.0,90.0,150.0,42,140,0.3
rect_ifft,Rect-IFFT MLP,35,30,90.0,330.0,90.0,180.0,9,140,0.06428571428571428
rect_ifft,Rect-IFFT MLP,35,31,90.0,330.0,90.0,210.0,15,140,0.10714285714285714
rect_ifft,Rect-IFFT MLP,35,32,90.0,330.0,90.0,240.0,0,140,0.0
rect_ifft,Rect-IFFT MLP,35,33,90.0,330.0,90.0,270.0,0,140,0.0
rect_ifft,Rect-IFFT MLP,35,34,90.0,330.0,90.0,300.0,0,140,0.0
rect_ifft,Rect-IFFT MLP,35,35,90.0,330.0,90.0,330.0,42,140,0.3
rect_ifft,Rect-IFFT MLP,35,36,90.0,330.0,120.0,0.0,0,140,0.0
rect_ifft,Rect-IFFT MLP,35,37,90.0,330.0,120.0,30.0,1,140,0.007142857142857143
rect_ifft,Rect-IFFT MLP,35,38,90.0,330.0,120.0,60.0,0,140,0.0
rect_ifft,Rect-IFFT MLP,35,39,90.0,330.0,120.0,90.0,0,140,0.0
rect_ifft,Rect-IFFT MLP,35,40,90.0,330.0,120.0,120.0,0,140,0.0
rect_ifft,Rect-IFFT MLP,35,41,90.0,330.0,120.0,150.0,0,140,0.0
rect_ifft,Rect-IFFT MLP,35,42,90.0,330.0,120.0,180.0,1,140,0.007142857142857143
rect_ifft,Rect-IFFT MLP,35,43,90.0,330.0,120.0,210.0,0,140,0.0
rect_ifft,Rect-IFFT MLP,35,44,90.0,330.0,120.0,240.0,4,140,0.02857142857142857
rect_ifft,Rect-IFFT MLP,35,45,90.0,330.0,120.0,270.0,0,140,0.0
rect_ifft,Rect-IFFT MLP,35,46,90.0,330.0,120.0,300.0,0,140,0.0
rect_ifft,Rect-IFFT MLP,35,47,90.0,330.0,120.0,330.0,0,140,0.0
rect_ifft,Rect-IFFT MLP,35,48,90.0,330.0,150.0,0.0,0,140,0.0
rect_ifft,Rect-IFFT MLP,35,49,90.0,330.0,150.0,30.0,0,140,0.0
rect_ifft,Rect-IFFT MLP,35,50,90.0,330.0,150.0,60.0,0,140,0.0
rect_ifft,Rect-IFFT MLP,35,51,90.0,330.0,150.0,90.0,0,140,0.0
rect_ifft,Rect-IFFT MLP,35,52,90.0,330.0,150.0,120.0,0,140,0.0
rect_ifft,Rect-IFFT MLP,35,53,90.0,330.0,150.0,150.0,0,140,0.0
rect_ifft,Rect-IFFT MLP,35,54,90.0,330.0,150.0,180.0,0,140,0.0
rect_ifft,Rect-IFFT MLP,35,55,90.0,330.0,150.0,210.0,0,140,0.0
rect_ifft,Rect-IFFT MLP,35,56,90.0,330.0,150.0,240.0,0,140,0.0
rect_ifft,Rect-IFFT MLP,35,57,90.0,330.0,150.0,270.0,0,140,0.0
rect_ifft,Rect-IFFT MLP,35,58,90.0,330.0,150.0,300.0,0,140,0.0
rect_ifft,Rect-IFFT MLP,35,59,90.0,330.0,150.0,330.0,0,140,0.0
rect_ifft,Rect-IFFT MLP,36,0,120.0,0.0,30.0,0.0,2,140,0.014285714285714285
rect_ifft,Rect-IFFT MLP,36,1,120.0,0.0,30.0,30.0,0,140,0.0
rect_ifft,Rect-IFFT MLP,36,2,120.0,0.0,30.0,60.0,0,140,0.0
rect_ifft,Rect-IFFT MLP,36,3,120.0,0.0,30.0,90.0,0,140,0.0
rect_ifft,Rect-IFFT MLP,36,4,120.0,0.0,30.0,120.0,0,140,0.0
rect_ifft,Rect-IFFT MLP,36,5,120.0,0.0,30.0,150.0,0,140,0.0
rect_ifft,Rect-IFFT MLP,36,6,120.0,0.0,30.0,180.0,0,140,0.0
rect_ifft,Rect-IFFT MLP,36,7,120.0,0.0,30.0,210.0,0,140,0.0
rect_ifft,Rect-IFFT MLP,36,8,120.0,0.0,30.0,240.0,0,140,0.0
rect_ifft,Rect-IFFT MLP,36,9,120.0,0.0,30.0,270.0,0,140,0.0
rect_ifft,Rect-IFFT MLP,36,10,120.0,0.0,30.0,300.0,0,140,0.0
rect_ifft,Rect-IFFT MLP,36,11,120.0,0.0,30.0,330.0,0,140,0.0
rect_ifft,Rect-IFFT MLP,36,12,120.0,0.0,60.0,0.0,0,140,0.0
rect_ifft,Rect-IFFT MLP,36,13,120.0,0.0,60.0,30.0,0,140,0.0
rect_ifft,Rect-IFFT MLP,36,14,120.0,0.0,60.0,60.0,0,140,0.0
rect_ifft,Rect-IFFT MLP,36,15,120.0,0.0,60.0,90.0,0,140,0.0
rect_ifft,Rect-IFFT MLP,36,16,120.0,0.0,60.0,120.0,0,140,0.0
rect_ifft,Rect-IFFT MLP,36,17,120.0,0.0,60.0,150.0,0,140,0.0
rect_ifft,Rect-IFFT MLP,36,18,120.0,0.0,60.0,180.0,1,140,0.007142857142857143
rect_ifft,Rect-IFFT MLP,36,19,120.0,0.0,60.0,210.0,0,140,0.0
rect_ifft,Rect-IFFT MLP,36,20,120.0,0.0,60.0,240.0,0,140,0.0
rect_ifft,Rect-IFFT MLP,36,21,120.0,0.0,60.0,270.0,0,140,0.0
rect_ifft,Rect-IFFT MLP,36,22,120.0,0.0,60.0,300.0,0,140,0.0
rect_ifft,Rect-IFFT MLP,36,23,120.0,0.0,60.0,330.0,0,140,0.0
rect_ifft,Rect-IFFT MLP,36,24,120.0,0.0,90.0,0.0,0,140,0.0
rect_ifft,Rect-IFFT MLP,36,25,120.0,0.0,90.0,30.0,0,140,0.0
rect_ifft,Rect-IFFT MLP,36,26,120.0,0.0,90.0,60.0,0,140,0.0
rect_ifft,Rect-IFFT MLP,36,27,120.0,0.0,90.0,90.0,0,140,0.0
rect_ifft,Rect-IFFT MLP,36,28,120.0,0.0,90.0,120.0,0,140,0.0
rect_ifft,Rect-IFFT MLP,36,29,120.0,0.0,90.0,150.0,0,140,0.0
rect_ifft,Rect-IFFT MLP,36,30,120.0,0.0,90.0,180.0,0,140,0.0
rect_ifft,Rect-IFFT MLP,36,31,120.0,0.0,90.0,210.0,0,140,0.0
rect_ifft,Rect-IFFT MLP,36,32,120.0,0.0,90.0,240.0,0,140,0.0
rect_ifft,Rect-IFFT MLP,36,33,120.0,0.0,90.0,270.0,0,140,0.0
rect_ifft,Rect-IFFT MLP,36,34,120.0,0.0,90.0,300.0,0,140,0.0
rect_ifft,Rect-IFFT MLP,36,35,120.0,0.0,90.0,330.0,0,140,0.0
rect_ifft,Rect-IFFT MLP,36,36,120.0,0.0,120.0,0.0,99,140,0.7071428571428572
rect_ifft,Rect-IFFT MLP,36,37,120.0,0.0,120.0,30.0,0,140,0.0
rect_ifft,Rect-IFFT MLP,36,38,120.0,0.0,120.0,60.0,0,140,0.0
rect_ifft,Rect-IFFT MLP,36,39,120.0,0.0,120.0,90.0,0,140,0.0
rect_ifft,Rect-IFFT MLP,36,40,120.0,0.0,120.0,120.0,0,140,0.0
rect_ifft,Rect-IFFT MLP,36,41,120.0,0.0,120.0,150.0,0,140,0.0
rect_ifft,Rect-IFFT MLP,36,42,120.0,0.0,120.0,180.0,17,140,0.12142857142857143
rect_ifft,Rect-IFFT MLP,36,43,120.0,0.0,120.0,210.0,0,140,0.0
rect_ifft,Rect-IFFT MLP,36,44,120.0,0.0,120.0,240.0,0,140,0.0
rect_ifft,Rect-IFFT MLP,36,45,120.0,0.0,120.0,270.0,0,140,0.0
rect_ifft,Rect-IFFT MLP,36,46,120.0,0.0,120.0,300.0,0,140,0.0
rect_ifft,Rect-IFFT MLP,36,47,120.0,0.0,120.0,330.0,0,140,0.0
rect_ifft,Rect-IFFT MLP,36,48,120.0,0.0,150.0,0.0,19,140,0.1357142857142857
rect_ifft,Rect-IFFT MLP,36,49,120.0,0.0,150.0,30.0,0,140,0.0
rect_ifft,Rect-IFFT MLP,36,50,120.0,0.0,150.0,60.0,0,140,0.0
rect_ifft,Rect-IFFT MLP,36,51,120.0,0.0,150.0,90.0,0,140,0.0
rect_ifft,Rect-IFFT MLP,36,52,120.0,0.0,150.0,120.0,0,140,0.0
rect_ifft,Rect-IFFT MLP,36,53,120.0,0.0,150.0,150.0,0,140,0.0
rect_ifft,Rect-IFFT MLP,36,54,120.0,0.0,150.0,180.0,0,140,0.0
rect_ifft,Rect-IFFT MLP,36,55,120.0,0.0,150.0,210.0,0,140,0.0
rect_ifft,Rect-IFFT MLP,36,56,120.0,0.0,150.0,240.0,0,140,0.0
rect_ifft,Rect-IFFT MLP,36,57,120.0,0.0,150.0,270.0,0,140,0.0
rect_ifft,Rect-IFFT MLP,36,58,120.0,0.0,150.0,300.0,0,140,0.0
rect_ifft,Rect-IFFT MLP,36,59,120.0,0.0,150.0,330.0,2,140,0.014285714285714285
rect_ifft,Rect-IFFT MLP,37,0,120.0,30.0,30.0,0.0,1,140,0.007142857142857143
rect_ifft,Rect-IFFT MLP,37,1,120.0,30.0,30.0,30.0,2,140,0.014285714285714285
rect_ifft,Rect-IFFT MLP,37,2,120.0,30.0,30.0,60.0,0,140,0.0
rect_ifft,Rect-IFFT MLP,37,3,120.0,30.0,30.0,90.0,0,140,0.0
rect_ifft,Rect-IFFT MLP,37,4,120.0,30.0,30.0,120.0,0,140,0.0
rect_ifft,Rect-IFFT MLP,37,5,120.0,30.0,30.0,150.0,0,140,0.0
rect_ifft,Rect-IFFT MLP,37,6,120.0,30.0,30.0,180.0,0,140,0.0
rect_ifft,Rect-IFFT MLP,37,7,120.0,30.0,30.0,210.0,0,140,0.0
rect_ifft,Rect-IFFT MLP,37,8,120.0,30.0,30.0,240.0,0,140,0.0
rect_ifft,Rect-IFFT MLP,37,9,120.0,30.0,30.0,270.0,0,140,0.0
rect_ifft,Rect-IFFT MLP,37,10,120.0,30.0,30.0,300.0,0,140,0.0
rect_ifft,Rect-IFFT MLP,37,11,120.0,30.0,30.0,330.0,1,140,0.007142857142857143
rect_ifft,Rect-IFFT MLP,37,12,120.0,30.0,60.0,0.0,0,140,0.0
rect_ifft,Rect-IFFT MLP,37,13,120.0,30.0,60.0,30.0,2,140,0.014285714285714285
rect_ifft,Rect-IFFT MLP,37,14,120.0,30.0,60.0,60.0,1,140,0.007142857142857143
rect_ifft,Rect-IFFT MLP,37,15,120.0,30.0,60.0,90.0,0,140,0.0
rect_ifft,Rect-IFFT MLP,37,16,120.0,30.0,60.0,120.0,0,140,0.0
rect_ifft,Rect-IFFT MLP,37,17,120.0,30.0,60.0,150.0,2,140,0.014285714285714285
rect_ifft,Rect-IFFT MLP,37,18,120.0,30.0,60.0,180.0,0,140,0.0
rect_ifft,Rect-IFFT MLP,37,19,120.0,30.0,60.0,210.0,0,140,0.0
rect_ifft,Rect-IFFT MLP,37,20,120.0,30.0,60.0,240.0,1,140,0.007142857142857143
rect_ifft,Rect-IFFT MLP,37,21,120.0,30.0,60.0,270.0,0,140,0.0
rect_ifft,Rect-IFFT MLP,37,22,120.0,30.0,60.0,300.0,0,140,0.0
rect_ifft,Rect-IFFT MLP,37,23,120.0,30.0,60.0,330.0,13,140,0.09285714285714286
rect_ifft,Rect-IFFT MLP,37,24,120.0,30.0,90.0,0.0,0,140,0.0
rect_ifft,Rect-IFFT MLP,37,25,120.0,30.0,90.0,30.0,0,140,0.0
rect_ifft,Rect-IFFT MLP,37,26,120.0,30.0,90.0,60.0,0,140,0.0
rect_ifft,Rect-IFFT MLP,37,27,120.0,30.0,90.0,90.0,0,140,0.0
rect_ifft,Rect-IFFT MLP,37,28,120.0,30.0,90.0,120.0,0,140,0.0
rect_ifft,Rect-IFFT MLP,37,29,120.0,30.0,90.0,150.0,0,140,0.0
rect_ifft,Rect-IFFT MLP,37,30,120.0,30.0,90.0,180.0,0,140,0.0
rect_ifft,Rect-IFFT MLP,37,31,120.0,30.0,90.0,210.0,0,140,0.0
rect_ifft,Rect-IFFT MLP,37,32,120.0,30.0,90.0,240.0,0,140,0.0
rect_ifft,Rect-IFFT MLP,37,33,120.0,30.0,90.0,270.0,0,140,0.0
rect_ifft,Rect-IFFT MLP,37,34,120.0,30.0,90.0,300.0,0,140,0.0
rect_ifft,Rect-IFFT MLP,37,35,120.0,30.0,90.0,330.0,0,140,0.0
rect_ifft,Rect-IFFT MLP,37,36,120.0,30.0,120.0,0.0,2,140,0.014285714285714285
rect_ifft,Rect-IFFT MLP,37,37,120.0,30.0,120.0,30.0,104,140,0.7428571428571429
rect_ifft,Rect-IFFT MLP,37,38,120.0,30.0,120.0,60.0,0,140,0.0
rect_ifft,Rect-IFFT MLP,37,39,120.0,30.0,120.0,90.0,0,140,0.0
rect_ifft,Rect-IFFT MLP,37,40,120.0,30.0,120.0,120.0,1,140,0.007142857142857143
rect_ifft,Rect-IFFT MLP,37,41,120.0,30.0,120.0,150.0,0,140,0.0
rect_ifft,Rect-IFFT MLP,37,42,120.0,30.0,120.0,180.0,0,140,0.0
rect_ifft,Rect-IFFT MLP,37,43,120.0,30.0,120.0,210.0,8,140,0.05714285714285714
rect_ifft,Rect-IFFT MLP,37,44,120.0,30.0,120.0,240.0,0,140,0.0
rect_ifft,Rect-IFFT MLP,37,45,120.0,30.0,120.0,270.0,0,140,0.0
rect_ifft,Rect-IFFT MLP,37,46,120.0,30.0,120.0,300.0,0,140,0.0
rect_ifft,Rect-IFFT MLP,37,47,120.0,30.0,120.0,330.0,2,140,0.014285714285714285
rect_ifft,Rect-IFFT MLP,37,48,120.0,30.0,150.0,0.0,0,140,0.0
rect_ifft,Rect-IFFT MLP,37,49,120.0,30.0,150.0,30.0,0,140,0.0
rect_ifft,Rect-IFFT MLP,37,50,120.0,30.0,150.0,60.0,0,140,0.0
rect_ifft,Rect-IFFT MLP,37,51,120.0,30.0,150.0,90.0,0,140,0.0
rect_ifft,Rect-IFFT MLP,37,52,120.0,30.0,150.0,120.0,0,140,0.0
rect_ifft,Rect-IFFT MLP,37,53,120.0,30.0,150.0,150.0,0,140,0.0
rect_ifft,Rect-IFFT MLP,37,54,120.0,30.0,150.0,180.0,0,140,0.0
rect_ifft,Rect-IFFT MLP,37,55,120.0,30.0,150.0,210.0,0,140,0.0
rect_ifft,Rect-IFFT MLP,37,56,120.0,30.0,150.0,240.0,0,140,0.0
rect_ifft,Rect-IFFT MLP,37,57,120.0,30.0,150.0,270.0,0,140,0.0
rect_ifft,Rect-IFFT MLP,37,58,120.0,30.0,150.0,300.0,0,140,0.0
rect_ifft,Rect-IFFT MLP,37,59,120.0,30.0,150.0,330.0,0,140,0.0
rect_ifft,Rect-IFFT MLP,38,0,120.0,60.0,30.0,0.0,1,140,0.007142857142857143
rect_ifft,Rect-IFFT MLP,38,1,120.0,60.0,30.0,30.0,0,140,0.0
rect_ifft,Rect-IFFT MLP,38,2,120.0,60.0,30.0,60.0,0,140,0.0
rect_ifft,Rect-IFFT MLP,38,3,120.0,60.0,30.0,90.0,1,140,0.007142857142857143
rect_ifft,Rect-IFFT MLP,38,4,120.0,60.0,30.0,120.0,0,140,0.0
rect_ifft,Rect-IFFT MLP,38,5,120.0,60.0,30.0,150.0,0,140,0.0
rect_ifft,Rect-IFFT MLP,38,6,120.0,60.0,30.0,180.0,0,140,0.0
rect_ifft,Rect-IFFT MLP,38,7,120.0,60.0,30.0,210.0,0,140,0.0
rect_ifft,Rect-IFFT MLP,38,8,120.0,60.0,30.0,240.0,0,140,0.0
rect_ifft,Rect-IFFT MLP,38,9,120.0,60.0,30.0,270.0,0,140,0.0
rect_ifft,Rect-IFFT MLP,38,10,120.0,60.0,30.0,300.0,0,140,0.0
rect_ifft,Rect-IFFT MLP,38,11,120.0,60.0,30.0,330.0,0,140,0.0
rect_ifft,Rect-IFFT MLP,38,12,120.0,60.0,60.0,0.0,0,140,0.0
rect_ifft,Rect-IFFT MLP,38,13,120.0,60.0,60.0,30.0,1,140,0.007142857142857143
rect_ifft,Rect-IFFT MLP,38,14,120.0,60.0,60.0,60.0,4,140,0.02857142857142857
rect_ifft,Rect-IFFT MLP,38,15,120.0,60.0,60.0,90.0,0,140,0.0
rect_ifft,Rect-IFFT MLP,38,16,120.0,60.0,60.0,120.0,1,140,0.007142857142857143
rect_ifft,Rect-IFFT MLP,38,17,120.0,60.0,60.0,150.0,2,140,0.014285714285714285
rect_ifft,Rect-IFFT MLP,38,18,120.0,60.0,60.0,180.0,0,140,0.0
rect_ifft,Rect-IFFT MLP,38,19,120.0,60.0,60.0,210.0,0,140,0.0
rect_ifft,Rect-IFFT MLP,38,20,120.0,60.0,60.0,240.0,0,140,0.0
rect_ifft,Rect-IFFT MLP,38,21,120.0,60.0,60.0,270.0,2,140,0.014285714285714285
rect_ifft,Rect-IFFT MLP,38,22,120.0,60.0,60.0,300.0,8,140,0.05714285714285714
rect_ifft,Rect-IFFT MLP,38,23,120.0,60.0,60.0,330.0,0,140,0.0
rect_ifft,Rect-IFFT MLP,38,24,120.0,60.0,90.0,0.0,0,140,0.0
rect_ifft,Rect-IFFT MLP,38,25,120.0,60.0,90.0,30.0,0,140,0.0
rect_ifft,Rect-IFFT MLP,38,26,120.0,60.0,90.0,60.0,0,140,0.0
rect_ifft,Rect-IFFT MLP,38,27,120.0,60.0,90.0,90.0,0,140,0.0
rect_ifft,Rect-IFFT MLP,38,28,120.0,60.0,90.0,120.0,0,140,0.0
rect_ifft,Rect-IFFT MLP,38,29,120.0,60.0,90.0,150.0,0,140,0.0
rect_ifft,Rect-IFFT MLP,38,30,120.0,60.0,90.0,180.0,0,140,0.0
rect_ifft,Rect-IFFT MLP,38,31,120.0,60.0,90.0,210.0,0,140,0.0
rect_ifft,Rect-IFFT MLP,38,32,120.0,60.0,90.0,240.0,0,140,0.0
rect_ifft,Rect-IFFT MLP,38,33,120.0,60.0,90.0,270.0,0,140,0.0
rect_ifft,Rect-IFFT MLP,38,34,120.0,60.0,90.0,300.0,0,140,0.0
rect_ifft,Rect-IFFT MLP,38,35,120.0,60.0,90.0,330.0,0,140,0.0
rect_ifft,Rect-IFFT MLP,38,36,120.0,60.0,120.0,0.0,0,140,0.0
rect_ifft,Rect-IFFT MLP,38,37,120.0,60.0,120.0,30.0,1,140,0.007142857142857143
rect_ifft,Rect-IFFT MLP,38,38,120.0,60.0,120.0,60.0,100,140,0.7142857142857143
rect_ifft,Rect-IFFT MLP,38,39,120.0,60.0,120.0,90.0,5,140,0.03571428571428571
rect_ifft,Rect-IFFT MLP,38,40,120.0,60.0,120.0,120.0,0,140,0.0
rect_ifft,Rect-IFFT MLP,38,41,120.0,60.0,120.0,150.0,0,140,0.0
rect_ifft,Rect-IFFT MLP,38,42,120.0,60.0,120.0,180.0,0,140,0.0
rect_ifft,Rect-IFFT MLP,38,43,120.0,60.0,120.0,210.0,1,140,0.007142857142857143
rect_ifft,Rect-IFFT MLP,38,44,120.0,60.0,120.0,240.0,0,140,0.0
rect_ifft,Rect-IFFT MLP,38,45,120.0,60.0,120.0,270.0,0,140,0.0
rect_ifft,Rect-IFFT MLP,38,46,120.0,60.0,120.0,300.0,1,140,0.007142857142857143
rect_ifft,Rect-IFFT MLP,38,47,120.0,60.0,120.0,330.0,0,140,0.0
rect_ifft,Rect-IFFT MLP,38,48,120.0,60.0,150.0,0.0,1,140,0.007142857142857143
rect_ifft,Rect-IFFT MLP,38,49,120.0,60.0,150.0,30.0,0,140,0.0
rect_ifft,Rect-IFFT MLP,38,50,120.0,60.0,150.0,60.0,4,140,0.02857142857142857
rect_ifft,Rect-IFFT MLP,38,51,120.0,60.0,150.0,90.0,4,140,0.02857142857142857
rect_ifft,Rect-IFFT MLP,38,52,120.0,60.0,150.0,120.0,0,140,0.0
rect_ifft,Rect-IFFT MLP,38,53,120.0,60.0,150.0,150.0,3,140,0.02142857142857143
rect_ifft,Rect-IFFT MLP,38,54,120.0,60.0,150.0,180.0,0,140,0.0
rect_ifft,Rect-IFFT MLP,38,55,120.0,60.0,150.0,210.0,0,140,0.0
rect_ifft,Rect-IFFT MLP,38,56,120.0,60.0,150.0,240.0,0,140,0.0
rect_ifft,Rect-IFFT MLP,38,57,120.0,60.0,150.0,270.0,0,140,0.0
rect_ifft,Rect-IFFT MLP,38,58,120.0,60.0,150.0,300.0,0,140,0.0
rect_ifft,Rect-IFFT MLP,38,59,120.0,60.0,150.0,330.0,0,140,0.0
rect_ifft,Rect-IFFT MLP,39,0,120.0,90.0,30.0,0.0,0,140,0.0
rect_ifft,Rect-IFFT MLP,39,1,120.0,90.0,30.0,30.0,0,140,0.0
rect_ifft,Rect-IFFT MLP,39,2,120.0,90.0,30.0,60.0,0,140,0.0
rect_ifft,Rect-IFFT MLP,39,3,120.0,90.0,30.0,90.0,0,140,0.0
rect_ifft,Rect-IFFT MLP,39,4,120.0,90.0,30.0,120.0,0,140,0.0
rect_ifft,Rect-IFFT MLP,39,5,120.0,90.0,30.0,150.0,0,140,0.0
rect_ifft,Rect-IFFT MLP,39,6,120.0,90.0,30.0,180.0,0,140,0.0
rect_ifft,Rect-IFFT MLP,39,7,120.0,90.0,30.0,210.0,0,140,0.0
rect_ifft,Rect-IFFT MLP,39,8,120.0,90.0,30.0,240.0,0,140,0.0
rect_ifft,Rect-IFFT MLP,39,9,120.0,90.0,30.0,270.0,2,140,0.014285714285714285
rect_ifft,Rect-IFFT MLP,39,10,120.0,90.0,30.0,300.0,0,140,0.0
rect_ifft,Rect-IFFT MLP,39,11,120.0,90.0,30.0,330.0,0,140,0.0
rect_ifft,Rect-IFFT MLP,39,12,120.0,90.0,60.0,0.0,0,140,0.0
rect_ifft,Rect-IFFT MLP,39,13,120.0,90.0,60.0,30.0,0,140,0.0
rect_ifft,Rect-IFFT MLP,39,14,120.0,90.0,60.0,60.0,3,140,0.02142857142857143
rect_ifft,Rect-IFFT MLP,39,15,120.0,90.0,60.0,90.0,4,140,0.02857142857142857
rect_ifft,Rect-IFFT MLP,39,16,120.0,90.0,60.0,120.0,0,140,0.0
rect_ifft,Rect-IFFT MLP,39,17,120.0,90.0,60.0,150.0,0,140,0.0
rect_ifft,Rect-IFFT MLP,39,18,120.0,90.0,60.0,180.0,0,140,0.0
rect_ifft,Rect-IFFT MLP,39,19,120.0,90.0,60.0,210.0,0,140,0.0
rect_ifft,Rect-IFFT MLP,39,20,120.0,90.0,60.0,240.0,1,140,0.007142857142857143
rect_ifft,Rect-IFFT MLP,39,21,120.0,90.0,60.0,270.0,12,140,0.08571428571428572
rect_ifft,Rect-IFFT MLP,39,22,120.0,90.0,60.0,300.0,0,140,0.0
rect_ifft,Rect-IFFT MLP,39,23,120.0,90.0,60.0,330.0,0,140,0.0
rect_ifft,Rect-IFFT MLP,39,24,120.0,90.0,90.0,0.0,0,140,0.0
rect_ifft,Rect-IFFT MLP,39,25,120.0,90.0,90.0,30.0,0,140,0.0
rect_ifft,Rect-IFFT MLP,39,26,120.0,90.0,90.0,60.0,2,140,0.014285714285714285
rect_ifft,Rect-IFFT MLP,39,27,120.0,90.0,90.0,90.0,7,140,0.05
rect_ifft,Rect-IFFT MLP,39,28,120.0,90.0,90.0,120.0,0,140,0.0
rect_ifft,Rect-IFFT MLP,39,29,120.0,90.0,90.0,150.0,0,140,0.0
rect_ifft,Rect-IFFT MLP,39,30,120.0,90.0,90.0,180.0,0,140,0.0
rect_ifft,Rect-IFFT MLP,39,31,120.0,90.0,90.0,210.0,0,140,0.0
rect_ifft,Rect-IFFT MLP,39,32,120.0,90.0,90.0,240.0,0,140,0.0
rect_ifft,Rect-IFFT MLP,39,33,120.0,90.0,90.0,270.0,2,140,0.014285714285714285
rect_ifft,Rect-IFFT MLP,39,34,120.0,90.0,90.0,300.0,0,140,0.0
rect_ifft,Rect-IFFT MLP,39,35,120.0,90.0,90.0,330.0,0,140,0.0
rect_ifft,Rect-IFFT MLP,39,36,120.0,90.0,120.0,0.0,0,140,0.0
rect_ifft,Rect-IFFT MLP,39,37,120.0,90.0,120.0,30.0,0,140,0.0
rect_ifft,Rect-IFFT MLP,39,38,120.0,90.0,120.0,60.0,2,140,0.014285714285714285
rect_ifft,Rect-IFFT MLP,39,39,120.0,90.0,120.0,90.0,91,140,0.65
rect_ifft,Rect-IFFT MLP,39,40,120.0,90.0,120.0,120.0,3,140,0.02142857142857143
rect_ifft,Rect-IFFT MLP,39,41,120.0,90.0,120.0,150.0,0,140,0.0
rect_ifft,Rect-IFFT MLP,39,42,120.0,90.0,120.0,180.0,0,140,0.0
rect_ifft,Rect-IFFT MLP,39,43,120.0,90.0,120.0,210.0,0,140,0.0
rect_ifft,Rect-IFFT MLP,39,44,120.0,90.0,120.0,240.0,0,140,0.0
rect_ifft,Rect-IFFT MLP,39,45,120.0,90.0,120.0,270.0,4,140,0.02857142857142857
rect_ifft,Rect-IFFT MLP,39,46,120.0,90.0,120.0,300.0,0,140,0.0
rect_ifft,Rect-IFFT MLP,39,47,120.0,90.0,120.0,330.0,0,140,0.0
rect_ifft,Rect-IFFT MLP,39,48,120.0,90.0,150.0,0.0,0,140,0.0
rect_ifft,Rect-IFFT MLP,39,49,120.0,90.0,150.0,30.0,0,140,0.0
rect_ifft,Rect-IFFT MLP,39,50,120.0,90.0,150.0,60.0,0,140,0.0
rect_ifft,Rect-IFFT MLP,39,51,120.0,90.0,150.0,90.0,3,140,0.02142857142857143
rect_ifft,Rect-IFFT MLP,39,52,120.0,90.0,150.0,120.0,0,140,0.0
rect_ifft,Rect-IFFT MLP,39,53,120.0,90.0,150.0,150.0,0,140,0.0
rect_ifft,Rect-IFFT MLP,39,54,120.0,90.0,150.0,180.0,0,140,0.0
rect_ifft,Rect-IFFT MLP,39,55,120.0,90.0,150.0,210.0,0,140,0.0
rect_ifft,Rect-IFFT MLP,39,56,120.0,90.0,150.0,240.0,0,140,0.0
rect_ifft,Rect-IFFT MLP,39,57,120.0,90.0,150.0,270.0,4,140,0.02857142857142857
rect_ifft,Rect-IFFT MLP,39,58,120.0,90.0,150.0,300.0,0,140,0.0
rect_ifft,Rect-IFFT MLP,39,59,120.0,90.0,150.0,330.0,0,140,0.0
rect_ifft,Rect-IFFT MLP,40,0,120.0,120.0,30.0,0.0,0,140,0.0
rect_ifft,Rect-IFFT MLP,40,1,120.0,120.0,30.0,30.0,0,140,0.0
rect_ifft,Rect-IFFT MLP,40,2,120.0,120.0,30.0,60.0,1,140,0.007142857142857143
rect_ifft,Rect-IFFT MLP,40,3,120.0,120.0,30.0,90.0,5,140,0.03571428571428571
rect_ifft,Rect-IFFT MLP,40,4,120.0,120.0,30.0,120.0,0,140,0.0
rect_ifft,Rect-IFFT MLP,40,5,120.0,120.0,30.0,150.0,0,140,0.0
rect_ifft,Rect-IFFT MLP,40,6,120.0,120.0,30.0,180.0,0,140,0.0
rect_ifft,Rect-IFFT MLP,40,7,120.0,120.0,30.0,210.0,0,140,0.0
rect_ifft,Rect-IFFT MLP,40,8,120.0,120.0,30.0,240.0,2,140,0.014285714285714285
rect_ifft,Rect-IFFT MLP,40,9,120.0,120.0,30.0,270.0,0,140,0.0
rect_ifft,Rect-IFFT MLP,40,10,120.0,120.0,30.0,300.0,0,140,0.0
rect_ifft,Rect-IFFT MLP,40,11,120.0,120.0,30.0,330.0,0,140,0.0
rect_ifft,Rect-IFFT MLP,40,12,120.0,120.0,60.0,0.0,0,140,0.0
rect_ifft,Rect-IFFT MLP,40,13,120.0,120.0,60.0,30.0,0,140,0.0
rect_ifft,Rect-IFFT MLP,40,14,120.0,120.0,60.0,60.0,1,140,0.007142857142857143
rect_ifft,Rect-IFFT MLP,40,15,120.0,120.0,60.0,90.0,1,140,0.007142857142857143
rect_ifft,Rect-IFFT MLP,40,16,120.0,120.0,60.0,120.0,1,140,0.007142857142857143
rect_ifft,Rect-IFFT MLP,40,17,120.0,120.0,60.0,150.0,0,140,0.0
rect_ifft,Rect-IFFT MLP,40,18,120.0,120.0,60.0,180.0,0,140,0.0
rect_ifft,Rect-IFFT MLP,40,19,120.0,120.0,60.0,210.0,0,140,0.0
rect_ifft,Rect-IFFT MLP,40,20,120.0,120.0,60.0,240.0,14,140,0.1
rect_ifft,Rect-IFFT MLP,40,21,120.0,120.0,60.0,270.0,0,140,0.0
rect_ifft,Rect-IFFT MLP,40,22,120.0,120.0,60.0,300.0,0,140,0.0
rect_ifft,Rect-IFFT MLP,40,23,120.0,120.0,60.0,330.0,0,140,0.0
rect_ifft,Rect-IFFT MLP,40,24,120.0,120.0,90.0,0.0,0,140,0.0
rect_ifft,Rect-IFFT MLP,40,25,120.0,120.0,90.0,30.0,1,140,0.007142857142857143
rect_ifft,Rect-IFFT MLP,40,26,120.0,120.0,90.0,60.0,0,140,0.0
rect_ifft,Rect-IFFT MLP,40,27,120.0,120.0,90.0,90.0,0,140,0.0
rect_ifft,Rect-IFFT MLP,40,28,120.0,120.0,90.0,120.0,1,140,0.007142857142857143
rect_ifft,Rect-IFFT MLP,40,29,120.0,120.0,90.0,150.0,0,140,0.0
rect_ifft,Rect-IFFT MLP,40,30,120.0,120.0,90.0,180.0,0,140,0.0
rect_ifft,Rect-IFFT MLP,40,31,120.0,120.0,90.0,210.0,1,140,0.007142857142857143
rect_ifft,Rect-IFFT MLP,40,32,120.0,120.0,90.0,240.0,5,140,0.03571428571428571
rect_ifft,Rect-IFFT MLP,40,33,120.0,120.0,90.0,270.0,0,140,0.0
rect_ifft,Rect-IFFT MLP,40,34,120.0,120.0,90.0,300.0,0,140,0.0
rect_ifft,Rect-IFFT MLP,40,35,120.0,120.0,90.0,330.0,0,140,0.0
rect_ifft,Rect-IFFT MLP,40,36,120.0,120.0,120.0,0.0,0,140,0.0
rect_ifft,Rect-IFFT MLP,40,37,120.0,120.0,120.0,30.0,0,140,0.0
rect_ifft,Rect-IFFT MLP,40,38,120.0,120.0,120.0,60.0,0,140,0.0
rect_ifft,Rect-IFFT MLP,40,39,120.0,120.0,120.0,90.0,2,140,0.014285714285714285
rect_ifft,Rect-IFFT MLP,40,40,120.0,120.0,120.0,120.0,85,140,0.6071428571428571
rect_ifft,Rect-IFFT MLP,40,41,120.0,120.0,120.0,150.0,0,140,0.0
rect_ifft,Rect-IFFT MLP,40,42,120.0,120.0,120.0,180.0,1,140,0.007142857142857143
rect_ifft,Rect-IFFT MLP,40,43,120.0,120.0,120.0,210.0,0,140,0.0
rect_ifft,Rect-IFFT MLP,40,44,120.0,120.0,120.0,240.0,1,140,0.007142857142857143
rect_ifft,Rect-IFFT MLP,40,45,120.0,120.0,120.0,270.0,2,140,0.014285714285714285
rect_ifft,Rect-IFFT MLP,40,46,120.0,120.0,120.0,300.0,11,140,0.07857142857142857
rect_ifft,Rect-IFFT MLP,40,47,120.0,120.0,120.0,330.0,0,140,0.0
rect_ifft,Rect-IFFT MLP,40,48,120.0,120.0,150.0,0.0,0,140,0.0
rect_ifft,Rect-IFFT MLP,40,49,120.0,120.0,150.0,30.0,0,140,0.0
rect_ifft,Rect-IFFT MLP,40,50,120.0,120.0,150.0,60.0,0,140,0.0
rect_ifft,Rect-IFFT MLP,40,51,120.0,120.0,150.0,90.0,0,140,0.0
rect_ifft,Rect-IFFT MLP,40,52,120.0,120.0,150.0,120.0,5,140,0.03571428571428571
rect_ifft,Rect-IFFT MLP,40,53,120.0,120.0,150.0,150.0,0,140,0.0
rect_ifft,Rect-IFFT MLP,40,54,120.0,120.0,150.0,180.0,0,140,0.0
rect_ifft,Rect-IFFT MLP,40,55,120.0,120.0,150.0,210.0,0,140,0.0
rect_ifft,Rect-IFFT MLP,40,56,120.0,120.0,150.0,240.0,0,140,0.0
rect_ifft,Rect-IFFT MLP,40,57,120.0,120.0,150.0,270.0,0,140,0.0
rect_ifft,Rect-IFFT MLP,40,58,120.0,120.0,150.0,300.0,0,140,0.0
rect_ifft,Rect-IFFT MLP,40,59,120.0,120.0,150.0,330.0,0,140,0.0
rect_ifft,Rect-IFFT MLP,41,0,120.0,150.0,30.0,0.0,0,140,0.0
rect_ifft,Rect-IFFT MLP,41,1,120.0,150.0,30.0,30.0,0,140,0.0
rect_ifft,Rect-IFFT MLP,41,2,120.0,150.0,30.0,60.0,0,140,0.0
rect_ifft,Rect-IFFT MLP,41,3,120.0,150.0,30.0,90.0,0,140,0.0
rect_ifft,Rect-IFFT MLP,41,4,120.0,150.0,30.0,120.0,0,140,0.0
rect_ifft,Rect-IFFT MLP,41,5,120.0,150.0,30.0,150.0,1,140,0.007142857142857143
rect_ifft,Rect-IFFT MLP,41,6,120.0,150.0,30.0,180.0,1,140,0.007142857142857143
rect_ifft,Rect-IFFT MLP,41,7,120.0,150.0,30.0,210.0,0,140,0.0
rect_ifft,Rect-IFFT MLP,41,8,120.0,150.0,30.0,240.0,0,140,0.0
rect_ifft,Rect-IFFT MLP,41,9,120.0,150.0,30.0,270.0,0,140,0.0
rect_ifft,Rect-IFFT MLP,41,10,120.0,150.0,30.0,300.0,0,140,0.0
rect_ifft,Rect-IFFT MLP,41,11,120.0,150.0,30.0,330.0,0,140,0.0
rect_ifft,Rect-IFFT MLP,41,12,120.0,150.0,60.0,0.0,0,140,0.0
rect_ifft,Rect-IFFT MLP,41,13,120.0,150.0,60.0,30.0,6,140,0.04285714285714286
rect_ifft,Rect-IFFT MLP,41,14,120.0,150.0,60.0,60.0,0,140,0.0
rect_ifft,Rect-IFFT MLP,41,15,120.0,150.0,60.0,90.0,0,140,0.0
rect_ifft,Rect-IFFT MLP,41,16,120.0,150.0,60.0,120.0,0,140,0.0
rect_ifft,Rect-IFFT MLP,41,17,120.0,150.0,60.0,150.0,4,140,0.02857142857142857
rect_ifft,Rect-IFFT MLP,41,18,120.0,150.0,60.0,180.0,0,140,0.0
rect_ifft,Rect-IFFT MLP,41,19,120.0,150.0,60.0,210.0,6,140,0.04285714285714286
rect_ifft,Rect-IFFT MLP,41,20,120.0,150.0,60.0,240.0,0,140,0.0
rect_ifft,Rect-IFFT MLP,41,21,120.0,150.0,60.0,270.0,0,140,0.0
rect_ifft,Rect-IFFT MLP,41,22,120.0,150.0,60.0,300.0,1,140,0.007142857142857143
rect_ifft,Rect-IFFT MLP,41,23,120.0,150.0,60.0,330.0,5,140,0.03571428571428571
rect_ifft,Rect-IFFT MLP,41,24,120.0,150.0,90.0,0.0,0,140,0.0
rect_ifft,Rect-IFFT MLP,41,25,120.0,150.0,90.0,30.0,0,140,0.0
rect_ifft,Rect-IFFT MLP,41,26,120.0,150.0,90.0,60.0,0,140,0.0
rect_ifft,Rect-IFFT MLP,41,27,120.0,150.0,90.0,90.0,0,140,0.0
rect_ifft,Rect-IFFT MLP,41,28,120.0,150.0,90.0,120.0,0,140,0.0
rect_ifft,Rect-IFFT MLP,41,29,120.0,150.0,90.0,150.0,0,140,0.0
rect_ifft,Rect-IFFT MLP,41,30,120.0,150.0,90.0,180.0,0,140,0.0
rect_ifft,Rect-IFFT MLP,41,31,120.0,150.0,90.0,210.0,0,140,0.0
rect_ifft,Rect-IFFT MLP,41,32,120.0,150.0,90.0,240.0,0,140,0.0
rect_ifft,Rect-IFFT MLP,41,33,120.0,150.0,90.0,270.0,0,140,0.0
rect_ifft,Rect-IFFT MLP,41,34,120.0,150.0,90.0,300.0,0,140,0.0
rect_ifft,Rect-IFFT MLP,41,35,120.0,150.0,90.0,330.0,0,140,0.0
rect_ifft,Rect-IFFT MLP,41,36,120.0,150.0,120.0,0.0,1,140,0.007142857142857143
rect_ifft,Rect-IFFT MLP,41,37,120.0,150.0,120.0,30.0,6,140,0.04285714285714286
rect_ifft,Rect-IFFT MLP,41,38,120.0,150.0,120.0,60.0,0,140,0.0
rect_ifft,Rect-IFFT MLP,41,39,120.0,150.0,120.0,90.0,1,140,0.007142857142857143
rect_ifft,Rect-IFFT MLP,41,40,120.0,150.0,120.0,120.0,0,140,0.0
rect_ifft,Rect-IFFT MLP,41,41,120.0,150.0,120.0,150.0,91,140,0.65
rect_ifft,Rect-IFFT MLP,41,42,120.0,150.0,120.0,180.0,0,140,0.0
rect_ifft,Rect-IFFT MLP,41,43,120.0,150.0,120.0,210.0,2,140,0.014285714285714285
rect_ifft,Rect-IFFT MLP,41,44,120.0,150.0,120.0,240.0,1,140,0.007142857142857143
rect_ifft,Rect-IFFT MLP,41,45,120.0,150.0,120.0,270.0,0,140,0.0
rect_ifft,Rect-IFFT MLP,41,46,120.0,150.0,120.0,300.0,0,140,0.0
rect_ifft,Rect-IFFT MLP,41,47,120.0,150.0,120.0,330.0,10,140,0.07142857142857142
rect_ifft,Rect-IFFT MLP,41,48,120.0,150.0,150.0,0.0,0,140,0.0
rect_ifft,Rect-IFFT MLP,41,49,120.0,150.0,150.0,30.0,0,140,0.0
rect_ifft,Rect-IFFT MLP,41,50,120.0,150.0,150.0,60.0,0,140,0.0
rect_ifft,Rect-IFFT MLP,41,51,120.0,150.0,150.0,90.0,0,140,0.0
rect_ifft,Rect-IFFT MLP,41,52,120.0,150.0,150.0,120.0,0,140,0.0
rect_ifft,Rect-IFFT MLP,41,53,120.0,150.0,150.0,150.0,2,140,0.014285714285714285
rect_ifft,Rect-IFFT MLP,41,54,120.0,150.0,150.0,180.0,0,140,0.0
rect_ifft,Rect-IFFT MLP,41,55,120.0,150.0,150.0,210.0,1,140,0.007142857142857143
rect_ifft,Rect-IFFT MLP,41,56,120.0,150.0,150.0,240.0,1,140,0.007142857142857143
rect_ifft,Rect-IFFT MLP,41,57,120.0,150.0,150.0,270.0,0,140,0.0
rect_ifft,Rect-IFFT MLP,41,58,120.0,150.0,150.0,300.0,0,140,0.0
rect_ifft,Rect-IFFT MLP,41,59,120.0,150.0,150.0,330.0,0,140,0.0
rect_ifft,Rect-IFFT MLP,42,0,120.0,180.0,30.0,0.0,0,140,0.0
rect_ifft,Rect-IFFT MLP,42,1,120.0,180.0,30.0,30.0,0,140,0.0
rect_ifft,Rect-IFFT MLP,42,2,120.0,180.0,30.0,60.0,0,140,0.0
rect_ifft,Rect-IFFT MLP,42,3,120.0,180.0,30.0,90.0,0,140,0.0
rect_ifft,Rect-IFFT MLP,42,4,120.0,180.0,30.0,120.0,0,140,0.0
rect_ifft,Rect-IFFT MLP,42,5,120.0,180.0,30.0,150.0,0,140,0.0
rect_ifft,Rect-IFFT MLP,42,6,120.0,180.0,30.0,180.0,5,140,0.03571428571428571
rect_ifft,Rect-IFFT MLP,42,7,120.0,180.0,30.0,210.0,0,140,0.0
rect_ifft,Rect-IFFT MLP,42,8,120.0,180.0,30.0,240.0,0,140,0.0
rect_ifft,Rect-IFFT MLP,42,9,120.0,180.0,30.0,270.0,0,140,0.0
rect_ifft,Rect-IFFT MLP,42,10,120.0,180.0,30.0,300.0,0,140,0.0
rect_ifft,Rect-IFFT MLP,42,11,120.0,180.0,30.0,330.0,0,140,0.0
rect_ifft,Rect-IFFT MLP,42,12,120.0,180.0,60.0,0.0,0,140,0.0
rect_ifft,Rect-IFFT MLP,42,13,120.0,180.0,60.0,30.0,0,140,0.0
rect_ifft,Rect-IFFT MLP,42,14,120.0,180.0,60.0,60.0,0,140,0.0
rect_ifft,Rect-IFFT MLP,42,15,120.0,180.0,60.0,90.0,0,140,0.0
rect_ifft,Rect-IFFT MLP,42,16,120.0,180.0,60.0,120.0,0,140,0.0
rect_ifft,Rect-IFFT MLP,42,17,120.0,180.0,60.0,150.0,0,140,0.0
rect_ifft,Rect-IFFT MLP,42,18,120.0,180.0,60.0,180.0,7,140,0.05
rect_ifft,Rect-IFFT MLP,42,19,120.0,180.0,60.0,210.0,0,140,0.0
rect_ifft,Rect-IFFT MLP,42,20,120.0,180.0,60.0,240.0,0,140,0.0
rect_ifft,Rect-IFFT MLP,42,21,120.0,180.0,60.0,270.0,0,140,0.0
rect_ifft,Rect-IFFT MLP,42,22,120.0,180.0,60.0,300.0,0,140,0.0
rect_ifft,Rect-IFFT MLP,42,23,120.0,180.0,60.0,330.0,0,140,0.0
rect_ifft,Rect-IFFT MLP,42,24,120.0,180.0,90.0,0.0,0,140,0.0
rect_ifft,Rect-IFFT MLP,42,25,120.0,180.0,90.0,30.0,0,140,0.0
rect_ifft,Rect-IFFT MLP,42,26,120.0,180.0,90.0,60.0,0,140,0.0
rect_ifft,Rect-IFFT MLP,42,27,120.0,180.0,90.0,90.0,0,140,0.0
rect_ifft,Rect-IFFT MLP,42,28,120.0,180.0,90.0,120.0,0,140,0.0
rect_ifft,Rect-IFFT MLP,42,29,120.0,180.0,90.0,150.0,0,140,0.0
rect_ifft,Rect-IFFT MLP,42,30,120.0,180.0,90.0,180.0,0,140,0.0
rect_ifft,Rect-IFFT MLP,42,31,120.0,180.0,90.0,210.0,0,140,0.0
rect_ifft,Rect-IFFT MLP,42,32,120.0,180.0,90.0,240.0,0,140,0.0
rect_ifft,Rect-IFFT MLP,42,33,120.0,180.0,90.0,270.0,0,140,0.0
rect_ifft,Rect-IFFT MLP,42,34,120.0,180.0,90.0,300.0,0,140,0.0
rect_ifft,Rect-IFFT MLP,42,35,120.0,180.0,90.0,330.0,0,140,0.0
rect_ifft,Rect-IFFT MLP,42,36,120.0,180.0,120.0,0.0,6,140,0.04285714285714286
rect_ifft,Rect-IFFT MLP,42,37,120.0,180.0,120.0,30.0,0,140,0.0
rect_ifft,Rect-IFFT MLP,42,38,120.0,180.0,120.0,60.0,0,140,0.0
rect_ifft,Rect-IFFT MLP,42,39,120.0,180.0,120.0,90.0,0,140,0.0
rect_ifft,Rect-IFFT MLP,42,40,120.0,180.0,120.0,120.0,0,140,0.0
rect_ifft,Rect-IFFT MLP,42,41,120.0,180.0,120.0,150.0,0,140,0.0
rect_ifft,Rect-IFFT MLP,42,42,120.0,180.0,120.0,180.0,104,140,0.7428571428571429
rect_ifft,Rect-IFFT MLP,42,43,120.0,180.0,120.0,210.0,0,140,0.0
rect_ifft,Rect-IFFT MLP,42,44,120.0,180.0,120.0,240.0,0,140,0.0
rect_ifft,Rect-IFFT MLP,42,45,120.0,180.0,120.0,270.0,0,140,0.0
rect_ifft,Rect-IFFT MLP,42,46,120.0,180.0,120.0,300.0,0,140,0.0
rect_ifft,Rect-IFFT MLP,42,47,120.0,180.0,120.0,330.0,0,140,0.0
rect_ifft,Rect-IFFT MLP,42,48,120.0,180.0,150.0,0.0,0,140,0.0
rect_ifft,Rect-IFFT MLP,42,49,120.0,180.0,150.0,30.0,0,140,0.0
rect_ifft,Rect-IFFT MLP,42,50,120.0,180.0,150.0,60.0,0,140,0.0
rect_ifft,Rect-IFFT MLP,42,51,120.0,180.0,150.0,90.0,0,140,0.0
rect_ifft,Rect-IFFT MLP,42,52,120.0,180.0,150.0,120.0,0,140,0.0
rect_ifft,Rect-IFFT MLP,42,53,120.0,180.0,150.0,150.0,0,140,0.0
rect_ifft,Rect-IFFT MLP,42,54,120.0,180.0,150.0,180.0,15,140,0.10714285714285714
rect_ifft,Rect-IFFT MLP,42,55,120.0,180.0,150.0,210.0,3,140,0.02142857142857143
rect_ifft,Rect-IFFT MLP,42,56,120.0,180.0,150.0,240.0,0,140,0.0
rect_ifft,Rect-IFFT MLP,42,57,120.0,180.0,150.0,270.0,0,140,0.0
rect_ifft,Rect-IFFT MLP,42,58,120.0,180.0,150.0,300.0,0,140,0.0
rect_ifft,Rect-IFFT MLP,42,59,120.0,180.0,150.0,330.0,0,140,0.0
rect_ifft,Rect-IFFT MLP,43,0,120.0,210.0,30.0,0.0,1,140,0.007142857142857143
rect_ifft,Rect-IFFT MLP,43,1,120.0,210.0,30.0,30.0,2,140,0.014285714285714285
rect_ifft,Rect-IFFT MLP,43,2,120.0,210.0,30.0,60.0,0,140,0.0
rect_ifft,Rect-IFFT MLP,43,3,120.0,210.0,30.0,90.0,0,140,0.0
rect_ifft,Rect-IFFT MLP,43,4,120.0,210.0,30.0,120.0,1,140,0.007142857142857143
rect_ifft,Rect-IFFT MLP,43,5,120.0,210.0,30.0,150.0,0,140,0.0
rect_ifft,Rect-IFFT MLP,43,6,120.0,210.0,30.0,180.0,0,140,0.0
rect_ifft,Rect-IFFT MLP,43,7,120.0,210.0,30.0,210.0,0,140,0.0
rect_ifft,Rect-IFFT MLP,43,8,120.0,210.0,30.0,240.0,0,140,0.0
rect_ifft,Rect-IFFT MLP,43,9,120.0,210.0,30.0,270.0,0,140,0.0
rect_ifft,Rect-IFFT MLP,43,10,120.0,210.0,30.0,300.0,0,140,0.0
rect_ifft,Rect-IFFT MLP,43,11,120.0,210.0,30.0,330.0,0,140,0.0
rect_ifft,Rect-IFFT MLP,43,12,120.0,210.0,60.0,0.0,0,140,0.0
rect_ifft,Rect-IFFT MLP,43,13,120.0,210.0,60.0,30.0,5,140,0.03571428571428571
rect_ifft,Rect-IFFT MLP,43,14,120.0,210.0,60.0,60.0,0,140,0.0
rect_ifft,Rect-IFFT MLP,43,15,120.0,210.0,60.0,90.0,0,140,0.0
rect_ifft,Rect-IFFT MLP,43,16,120.0,210.0,60.0,120.0,0,140,0.0
rect_ifft,Rect-IFFT MLP,43,17,120.0,210.0,60.0,150.0,11,140,0.07857142857142857
rect_ifft,Rect-IFFT MLP,43,18,120.0,210.0,60.0,180.0,5,140,0.03571428571428571
rect_ifft,Rect-IFFT MLP,43,19,120.0,210.0,60.0,210.0,4,140,0.02857142857142857
rect_ifft,Rect-IFFT MLP,43,20,120.0,210.0,60.0,240.0,0,140,0.0
rect_ifft,Rect-IFFT MLP,43,21,120.0,210.0,60.0,270.0,0,140,0.0
rect_ifft,Rect-IFFT MLP,43,22,120.0,210.0,60.0,300.0,0,140,0.0
rect_ifft,Rect-IFFT MLP,43,23,120.0,210.0,60.0,330.0,1,140,0.007142857142857143
rect_ifft,Rect-IFFT MLP,43,24,120.0,210.0,90.0,0.0,0,140,0.0
rect_ifft,Rect-IFFT MLP,43,25,120.0,210.0,90.0,30.0,0,140,0.0
rect_ifft,Rect-IFFT MLP,43,26,120.0,210.0,90.0,60.0,0,140,0.0
rect_ifft,Rect-IFFT MLP,43,27,120.0,210.0,90.0,90.0,0,140,0.0
rect_ifft,Rect-IFFT MLP,43,28,120.0,210.0,90.0,120.0,0,140,0.0
rect_ifft,Rect-IFFT MLP,43,29,120.0,210.0,90.0,150.0,0,140,0.0
rect_ifft,Rect-IFFT MLP,43,30,120.0,210.0,90.0,180.0,0,140,0.0
rect_ifft,Rect-IFFT MLP,43,31,120.0,210.0,90.0,210.0,0,140,0.0
rect_ifft,Rect-IFFT MLP,43,32,120.0,210.0,90.0,240.0,0,140,0.0
rect_ifft,Rect-IFFT MLP,43,33,120.0,210.0,90.0,270.0,0,140,0.0
rect_ifft,Rect-IFFT MLP,43,34,120.0,210.0,90.0,300.0,0,140,0.0
rect_ifft,Rect-IFFT MLP,43,35,120.0,210.0,90.0,330.0,0,140,0.0
rect_ifft,Rect-IFFT MLP,43,36,120.0,210.0,120.0,0.0,2,140,0.014285714285714285
rect_ifft,Rect-IFFT MLP,43,37,120.0,210.0,120.0,30.0,26,140,0.18571428571428572
rect_ifft,Rect-IFFT MLP,43,38,120.0,210.0,120.0,60.0,1,140,0.007142857142857143
rect_ifft,Rect-IFFT MLP,43,39,120.0,210.0,120.0,90.0,0,140,0.0
rect_ifft,Rect-IFFT MLP,43,40,120.0,210.0,120.0,120.0,0,140,0.0
rect_ifft,Rect-IFFT MLP,43,41,120.0,210.0,120.0,150.0,3,140,0.02142857142857143
rect_ifft,Rect-IFFT MLP,43,42,120.0,210.0,120.0,180.0,6,140,0.04285714285714286
rect_ifft,Rect-IFFT MLP,43,43,120.0,210.0,120.0,210.0,68,140,0.4857142857142857
rect_ifft,Rect-IFFT MLP,43,44,120.0,210.0,120.0,240.0,0,140,0.0
rect_ifft,Rect-IFFT MLP,43,45,120.0,210.0,120.0,270.0,0,140,0.0
rect_ifft,Rect-IFFT MLP,43,46,120.0,210.0,120.0,300.0,0,140,0.0
rect_ifft,Rect-IFFT MLP,43,47,120.0,210.0,120.0,330.0,2,140,0.014285714285714285
rect_ifft,Rect-IFFT MLP,43,48,120.0,210.0,150.0,0.0,0,140,0.0
rect_ifft,Rect-IFFT MLP,43,49,120.0,210.0,150.0,30.0,0,140,0.0
rect_ifft,Rect-IFFT MLP,43,50,120.0,210.0,150.0,60.0,0,140,0.0
rect_ifft,Rect-IFFT MLP,43,51,120.0,210.0,150.0,90.0,0,140,0.0
rect_ifft,Rect-IFFT MLP,43,52,120.0,210.0,150.0,120.0,0,140,0.0
rect_ifft,Rect-IFFT MLP,43,53,120.0,210.0,150.0,150.0,0,140,0.0
rect_ifft,Rect-IFFT MLP,43,54,120.0,210.0,150.0,180.0,0,140,0.0
rect_ifft,Rect-IFFT MLP,43,55,120.0,210.0,150.0,210.0,2,140,0.014285714285714285
rect_ifft,Rect-IFFT MLP,43,56,120.0,210.0,150.0,240.0,0,140,0.0
rect_ifft,Rect-IFFT MLP,43,57,120.0,210.0,150.0,270.0,0,140,0.0
rect_ifft,Rect-IFFT MLP,43,58,120.0,210.0,150.0,300.0,0,140,0.0
rect_ifft,Rect-IFFT MLP,43,59,120.0,210.0,150.0,330.0,0,140,0.0
rect_ifft,Rect-IFFT MLP,44,0,120.0,240.0,30.0,0.0,0,140,0.0
rect_ifft,Rect-IFFT MLP,44,1,120.0,240.0,30.0,30.0,0,140,0.0
rect_ifft,Rect-IFFT MLP,44,2,120.0,240.0,30.0,60.0,0,140,0.0
rect_ifft,Rect-IFFT MLP,44,3,120.0,240.0,30.0,90.0,0,140,0.0
rect_ifft,Rect-IFFT MLP,44,4,120.0,240.0,30.0,120.0,0,140,0.0
rect_ifft,Rect-IFFT MLP,44,5,120.0,240.0,30.0,150.0,0,140,0.0
rect_ifft,Rect-IFFT MLP,44,6,120.0,240.0,30.0,180.0,0,140,0.0
rect_ifft,Rect-IFFT MLP,44,7,120.0,240.0,30.0,210.0,0,140,0.0
rect_ifft,Rect-IFFT MLP,44,8,120.0,240.0,30.0,240.0,0,140,0.0
rect_ifft,Rect-IFFT MLP,44,9,120.0,240.0,30.0,270.0,1,140,0.007142857142857143
rect_ifft,Rect-IFFT MLP,44,10,120.0,240.0,30.0,300.0,0,140,0.0
rect_ifft,Rect-IFFT MLP,44,11,120.0,240.0,30.0,330.0,0,140,0.0
rect_ifft,Rect-IFFT MLP,44,12,120.0,240.0,60.0,0.0,0,140,0.0
rect_ifft,Rect-IFFT MLP,44,13,120.0,240.0,60.0,30.0,0,140,0.0
rect_ifft,Rect-IFFT MLP,44,14,120.0,240.0,60.0,60.0,2,140,0.014285714285714285
rect_ifft,Rect-IFFT MLP,44,15,120.0,240.0,60.0,90.0,4,140,0.02857142857142857
rect_ifft,Rect-IFFT MLP,44,16,120.0,240.0,60.0,120.0,10,140,0.07142857142857142
rect_ifft,Rect-IFFT MLP,44,17,120.0,240.0,60.0,150.0,0,140,0.0
rect_ifft,Rect-IFFT MLP,44,18,120.0,240.0,60.0,180.0,0,140,0.0
rect_ifft,Rect-IFFT MLP,44,19,120.0,240.0,60.0,210.0,2,140,0.014285714285714285
rect_ifft,Rect-IFFT MLP,44,20,120.0,240.0,60.0,240.0,3,140,0.02142857142857143
rect_ifft,Rect-IFFT MLP,44,21,120.0,240.0,60.0,270.0,0,140,0.0
rect_ifft,Rect-IFFT MLP,44,22,120.0,240.0,60.0,300.0,1,140,0.007142857142857143
rect_ifft,Rect-IFFT MLP,44,23,120.0,240.0,60.0,330.0,0,140,0.0
rect_ifft,Rect-IFFT MLP,44,24,120.0,240.0,90.0,0.0,0,140,0.0
rect_ifft,Rect-IFFT MLP,44,25,120.0,240.0,90.0,30.0,0,140,0.0
rect_ifft,Rect-IFFT MLP,44,26,120.0,240.0,90.0,60.0,1,140,0.007142857142857143
rect_ifft,Rect-IFFT MLP,44,27,120.0,240.0,90.0,90.0,1,140,0.007142857142857143
rect_ifft,Rect-IFFT MLP,44,28,120.0,240.0,90.0,120.0,0,140,0.0
rect_ifft,Rect-IFFT MLP,44,29,120.0,240.0,90.0,150.0,0,140,0.0
rect_ifft,Rect-IFFT MLP,44,30,120.0,240.0,90.0,180.0,0,140,0.0
rect_ifft,Rect-IFFT MLP,44,31,120.0,240.0,90.0,210.0,1,140,0.007142857142857143
rect_ifft,Rect-IFFT MLP,44,32,120.0,240.0,90.0,240.0,5,140,0.03571428571428571
rect_ifft,Rect-IFFT MLP,44,33,120.0,240.0,90.0,270.0,0,140,0.0
rect_ifft,Rect-IFFT MLP,44,34,120.0,240.0,90.0,300.0,1,140,0.007142857142857143
rect_ifft,Rect-IFFT MLP,44,35,120.0,240.0,90.0,330.0,0,140,0.0
rect_ifft,Rect-IFFT MLP,44,36,120.0,240.0,120.0,0.0,0,140,0.0
rect_ifft,Rect-IFFT MLP,44,37,120.0,240.0,120.0,30.0,0,140,0.0
rect_ifft,Rect-IFFT MLP,44,38,120.0,240.0,120.0,60.0,2,140,0.014285714285714285
rect_ifft,Rect-IFFT MLP,44,39,120.0,240.0,120.0,90.0,4,140,0.02857142857142857
rect_ifft,Rect-IFFT MLP,44,40,120.0,240.0,120.0,120.0,3,140,0.02142857142857143
rect_ifft,Rect-IFFT MLP,44,41,120.0,240.0,120.0,150.0,1,140,0.007142857142857143
rect_ifft,Rect-IFFT MLP,44,42,120.0,240.0,120.0,180.0,0,140,0.0
rect_ifft,Rect-IFFT MLP,44,43,120.0,240.0,120.0,210.0,2,140,0.014285714285714285
rect_ifft,Rect-IFFT MLP,44,44,120.0,240.0,120.0,240.0,77,140,0.55
rect_ifft,Rect-IFFT MLP,44,45,120.0,240.0,120.0,270.0,6,140,0.04285714285714286
rect_ifft,Rect-IFFT MLP,44,46,120.0,240.0,120.0,300.0,1,140,0.007142857142857143
rect_ifft,Rect-IFFT MLP,44,47,120.0,240.0,120.0,330.0,1,140,0.007142857142857143
rect_ifft,Rect-IFFT MLP,44,48,120.0,240.0,150.0,0.0,0,140,0.0
rect_ifft,Rect-IFFT MLP,44,49,120.0,240.0,150.0,30.0,2,140,0.014285714285714285
rect_ifft,Rect-IFFT MLP,44,50,120.0,240.0,150.0,60.0,0,140,0.0
rect_ifft,Rect-IFFT MLP,44,51,120.0,240.0,150.0,90.0,3,140,0.02142857142857143
rect_ifft,Rect-IFFT MLP,44,52,120.0,240.0,150.0,120.0,0,140,0.0
rect_ifft,Rect-IFFT MLP,44,53,120.0,240.0,150.0,150.0,0,140,0.0
rect_ifft,Rect-IFFT MLP,44,54,120.0,240.0,150.0,180.0,0,140,0.0
rect_ifft,Rect-IFFT MLP,44,55,120.0,240.0,150.0,210.0,1,140,0.007142857142857143
rect_ifft,Rect-IFFT MLP,44,56,120.0,240.0,150.0,240.0,1,140,0.007142857142857143
rect_ifft,Rect-IFFT MLP,44,57,120.0,240.0,150.0,270.0,4,140,0.02857142857142857
rect_ifft,Rect-IFFT MLP,44,58,120.0,240.0,150.0,300.0,0,140,0.0
rect_ifft,Rect-IFFT MLP,44,59,120.0,240.0,150.0,330.0,0,140,0.0
rect_ifft,Rect-IFFT MLP,45,0,120.0,270.0,30.0,0.0,0,140,0.0
rect_ifft,Rect-IFFT MLP,45,1,120.0,270.0,30.0,30.0,0,140,0.0
rect_ifft,Rect-IFFT MLP,45,2,120.0,270.0,30.0,60.0,0,140,0.0
rect_ifft,Rect-IFFT MLP,45,3,120.0,270.0,30.0,90.0,1,140,0.007142857142857143
rect_ifft,Rect-IFFT MLP,45,4,120.0,270.0,30.0,120.0,0,140,0.0
rect_ifft,Rect-IFFT MLP,45,5,120.0,270.0,30.0,150.0,0,140,0.0
rect_ifft,Rect-IFFT MLP,45,6,120.0,270.0,30.0,180.0,0,140,0.0
rect_ifft,Rect-IFFT MLP,45,7,120.0,270.0,30.0,210.0,0,140,0.0
rect_ifft,Rect-IFFT MLP,45,8,120.0,270.0,30.0,240.0,0,140,0.0
rect_ifft,Rect-IFFT MLP,45,9,120.0,270.0,30.0,270.0,0,140,0.0
rect_ifft,Rect-IFFT MLP,45,10,120.0,270.0,30.0,300.0,0,140,0.0
rect_ifft,Rect-IFFT MLP,45,11,120.0,270.0,30.0,330.0,0,140,0.0
rect_ifft,Rect-IFFT MLP,45,12,120.0,270.0,60.0,0.0,0,140,0.0
rect_ifft,Rect-IFFT MLP,45,13,120.0,270.0,60.0,30.0,0,140,0.0
rect_ifft,Rect-IFFT MLP,45,14,120.0,270.0,60.0,60.0,1,140,0.007142857142857143
rect_ifft,Rect-IFFT MLP,45,15,120.0,270.0,60.0,90.0,8,140,0.05714285714285714
rect_ifft,Rect-IFFT MLP,45,16,120.0,270.0,60.0,120.0,0,140,0.0
rect_ifft,Rect-IFFT MLP,45,17,120.0,270.0,60.0,150.0,0,140,0.0
rect_ifft,Rect-IFFT MLP,45,18,120.0,270.0,60.0,180.0,0,140,0.0
rect_ifft,Rect-IFFT MLP,45,19,120.0,270.0,60.0,210.0,0,140,0.0
rect_ifft,Rect-IFFT MLP,45,20,120.0,270.0,60.0,240.0,0,140,0.0
rect_ifft,Rect-IFFT MLP,45,21,120.0,270.0,60.0,270.0,1,140,0.007142857142857143
rect_ifft,Rect-IFFT MLP,45,22,120.0,270.0,60.0,300.0,0,140,0.0
rect_ifft,Rect-IFFT MLP,45,23,120.0,270.0,60.0,330.0,0,140,0.0
rect_ifft,Rect-IFFT MLP,45,24,120.0,270.0,90.0,0.0,0,140,0.0
rect_ifft,Rect-IFFT MLP,45,25,120.0,270.0,90.0,30.0,0,140,0.0
rect_ifft,Rect-IFFT MLP,45,26,120.0,270.0,90.0,60.0,2,140,0.014285714285714285
rect_ifft,Rect-IFFT MLP,45,27,120.0,270.0,90.0,90.0,1,140,0.007142857142857143
rect_ifft,Rect-IFFT MLP,45,28,120.0,270.0,90.0,120.0,1,140,0.007142857142857143
rect_ifft,Rect-IFFT MLP,45,29,120.0,270.0,90.0,150.0,0,140,0.0
rect_ifft,Rect-IFFT MLP,45,30,120.0,270.0,90.0,180.0,0,140,0.0
rect_ifft,Rect-IFFT MLP,45,31,120.0,270.0,90.0,210.0,0,140,0.0
rect_ifft,Rect-IFFT MLP,45,32,120.0,270.0,90.0,240.0,0,140,0.0
rect_ifft,Rect-IFFT MLP,45,33,120.0,270.0,90.0,270.0,5,140,0.03571428571428571
rect_ifft,Rect-IFFT MLP,45,34,120.0,270.0,90.0,300.0,3,140,0.02142857142857143
rect_ifft,Rect-IFFT MLP,45,35,120.0,270.0,90.0,330.0,0,140,0.0
rect_ifft,Rect-IFFT MLP,45,36,120.0,270.0,120.0,0.0,0,140,0.0
rect_ifft,Rect-IFFT MLP,45,37,120.0,270.0,120.0,30.0,0,140,0.0
rect_ifft,Rect-IFFT MLP,45,38,120.0,270.0,120.0,60.0,1,140,0.007142857142857143
rect_ifft,Rect-IFFT MLP,45,39,120.0,270.0,120.0,90.0,17,140,0.12142857142857143
rect_ifft,Rect-IFFT MLP,45,40,120.0,270.0,120.0,120.0,1,140,0.007142857142857143
rect_ifft,Rect-IFFT MLP,45,41,120.0,270.0,120.0,150.0,0,140,0.0
rect_ifft,Rect-IFFT MLP,45,42,120.0,270.0,120.0,180.0,0,140,0.0
rect_ifft,Rect-IFFT MLP,45,43,120.0,270.0,120.0,210.0,0,140,0.0
rect_ifft,Rect-IFFT MLP,45,44,120.0,270.0,120.0,240.0,0,140,0.0
rect_ifft,Rect-IFFT MLP,45,45,120.0,270.0,120.0,270.0,95,140,0.6785714285714286
rect_ifft,Rect-IFFT MLP,45,46,120.0,270.0,120.0,300.0,2,140,0.014285714285714285
rect_ifft,Rect-IFFT MLP,45,47,120.0,270.0,120.0,330.0,0,140,0.0
rect_ifft,Rect-IFFT MLP,45,48,120.0,270.0,150.0,0.0,0,140,0.0
rect_ifft,Rect-IFFT MLP,45,49,120.0,270.0,150.0,30.0,0,140,0.0
rect_ifft,Rect-IFFT MLP,45,50,120.0,270.0,150.0,60.0,0,140,0.0
rect_ifft,Rect-IFFT MLP,45,51,120.0,270.0,150.0,90.0,0,140,0.0
rect_ifft,Rect-IFFT MLP,45,52,120.0,270.0,150.0,120.0,0,140,0.0
rect_ifft,Rect-IFFT MLP,45,53,120.0,270.0,150.0,150.0,0,140,0.0
rect_ifft,Rect-IFFT MLP,45,54,120.0,270.0,150.0,180.0,0,140,0.0
rect_ifft,Rect-IFFT MLP,45,55,120.0,270.0,150.0,210.0,0,140,0.0
rect_ifft,Rect-IFFT MLP,45,56,120.0,270.0,150.0,240.0,0,140,0.0
rect_ifft,Rect-IFFT MLP,45,57,120.0,270.0,150.0,270.0,1,140,0.007142857142857143
rect_ifft,Rect-IFFT MLP,45,58,120.0,270.0,150.0,300.0,0,140,0.0
rect_ifft,Rect-IFFT MLP,45,59,120.0,270.0,150.0,330.0,0,140,0.0
rect_ifft,Rect-IFFT MLP,46,0,120.0,300.0,30.0,0.0,0,140,0.0
rect_ifft,Rect-IFFT MLP,46,1,120.0,300.0,30.0,30.0,0,140,0.0
rect_ifft,Rect-IFFT MLP,46,2,120.0,300.0,30.0,60.0,2,140,0.014285714285714285
rect_ifft,Rect-IFFT MLP,46,3,120.0,300.0,30.0,90.0,4,140,0.02857142857142857
rect_ifft,Rect-IFFT MLP,46,4,120.0,300.0,30.0,120.0,0,140,0.0
rect_ifft,Rect-IFFT MLP,46,5,120.0,300.0,30.0,150.0,2,140,0.014285714285714285
rect_ifft,Rect-IFFT MLP,46,6,120.0,300.0,30.0,180.0,0,140,0.0
rect_ifft,Rect-IFFT MLP,46,7,120.0,300.0,30.0,210.0,0,140,0.0
rect_ifft,Rect-IFFT MLP,46,8,120.0,300.0,30.0,240.0,0,140,0.0
rect_ifft,Rect-IFFT MLP,46,9,120.0,300.0,30.0,270.0,1,140,0.007142857142857143
rect_ifft,Rect-IFFT MLP,46,10,120.0,300.0,30.0,300.0,0,140,0.0
rect_ifft,Rect-IFFT MLP,46,11,120.0,300.0,30.0,330.0,0,140,0.0
rect_ifft,Rect-IFFT MLP,46,12,120.0,300.0,60.0,0.0,0,140,0.0
rect_ifft,Rect-IFFT MLP,46,13,120.0,300.0,60.0,30.0,2,140,0.014285714285714285
rect_ifft,Rect-IFFT MLP,46,14,120.0,300.0,60.0,60.0,17,140,0.12142857142857143
rect_ifft,Rect-IFFT MLP,46,15,120.0,300.0,60.0,90.0,3,140,0.02142857142857143
rect_ifft,Rect-IFFT MLP,46,16,120.0,300.0,60.0,120.0,0,140,0.0
rect_ifft,Rect-IFFT MLP,46,17,120.0,300.0,60.0,150.0,0,140,0.0
rect_ifft,Rect-IFFT MLP,46,18,120.0,300.0,60.0,180.0,0,140,0.0
rect_ifft,Rect-IFFT MLP,46,19,120.0,300.0,60.0,210.0,0,140,0.0
rect_ifft,Rect-IFFT MLP,46,20,120.0,300.0,60.0,240.0,0,140,0.0
rect_ifft,Rect-IFFT MLP,46,21,120.0,300.0,60.0,270.0,0,140,0.0
rect_ifft,Rect-IFFT MLP,46,22,120.0,300.0,60.0,300.0,1,140,0.007142857142857143
rect_ifft,Rect-IFFT MLP,46,23,120.0,300.0,60.0,330.0,0,140,0.0
rect_ifft,Rect-IFFT MLP,46,24,120.0,300.0,90.0,0.0,0,140,0.0
rect_ifft,Rect-IFFT MLP,46,25,120.0,300.0,90.0,30.0,0,140,0.0
rect_ifft,Rect-IFFT MLP,46,26,120.0,300.0,90.0,60.0,0,140,0.0
rect_ifft,Rect-IFFT MLP,46,27,120.0,300.0,90.0,90.0,0,140,0.0
rect_ifft,Rect-IFFT MLP,46,28,120.0,300.0,90.0,120.0,0,140,0.0
rect_ifft,Rect-IFFT MLP,46,29,120.0,300.0,90.0,150.0,0,140,0.0
rect_ifft,Rect-IFFT MLP,46,30,120.0,300.0,90.0,180.0,0,140,0.0
rect_ifft,Rect-IFFT MLP,46,31,120.0,300.0,90.0,210.0,0,140,0.0
rect_ifft,Rect-IFFT MLP,46,32,120.0,300.0,90.0,240.0,0,140,0.0
rect_ifft,Rect-IFFT MLP,46,33,120.0,300.0,90.0,270.0,0,140,0.0
rect_ifft,Rect-IFFT MLP,46,34,120.0,300.0,90.0,300.0,0,140,0.0
rect_ifft,Rect-IFFT MLP,46,35,120.0,300.0,90.0,330.0,0,140,0.0
rect_ifft,Rect-IFFT MLP,46,36,120.0,300.0,120.0,0.0,0,140,0.0
rect_ifft,Rect-IFFT MLP,46,37,120.0,300.0,120.0,30.0,0,140,0.0
rect_ifft,Rect-IFFT MLP,46,38,120.0,300.0,120.0,60.0,1,140,0.007142857142857143
rect_ifft,Rect-IFFT MLP,46,39,120.0,300.0,120.0,90.0,1,140,0.007142857142857143
rect_ifft,Rect-IFFT MLP,46,40,120.0,300.0,120.0,120.0,1,140,0.007142857142857143
rect_ifft,Rect-IFFT MLP,46,41,120.0,300.0,120.0,150.0,0,140,0.0
rect_ifft,Rect-IFFT MLP,46,42,120.0,300.0,120.0,180.0,0,140,0.0
rect_ifft,Rect-IFFT MLP,46,43,120.0,300.0,120.0,210.0,0,140,0.0
rect_ifft,Rect-IFFT MLP,46,44,120.0,300.0,120.0,240.0,0,140,0.0
rect_ifft,Rect-IFFT MLP,46,45,120.0,300.0,120.0,270.0,1,140,0.007142857142857143
rect_ifft,Rect-IFFT MLP,46,46,120.0,300.0,120.0,300.0,89,140,0.6357142857142857
rect_ifft,Rect-IFFT MLP,46,47,120.0,300.0,120.0,330.0,0,140,0.0
rect_ifft,Rect-IFFT MLP,46,48,120.0,300.0,150.0,0.0,0,140,0.0
rect_ifft,Rect-IFFT MLP,46,49,120.0,300.0,150.0,30.0,0,140,0.0
rect_ifft,Rect-IFFT MLP,46,50,120.0,300.0,150.0,60.0,1,140,0.007142857142857143
rect_ifft,Rect-IFFT MLP,46,51,120.0,300.0,150.0,90.0,0,140,0.0
rect_ifft,Rect-IFFT MLP,46,52,120.0,300.0,150.0,120.0,1,140,0.007142857142857143
rect_ifft,Rect-IFFT MLP,46,53,120.0,300.0,150.0,150.0,0,140,0.0
rect_ifft,Rect-IFFT MLP,46,54,120.0,300.0,150.0,180.0,0,140,0.0
rect_ifft,Rect-IFFT MLP,46,55,120.0,300.0,150.0,210.0,0,140,0.0
rect_ifft,Rect-IFFT MLP,46,56,120.0,300.0,150.0,240.0,0,140,0.0
rect_ifft,Rect-IFFT MLP,46,57,120.0,300.0,150.0,270.0,0,140,0.0
rect_ifft,Rect-IFFT MLP,46,58,120.0,300.0,150.0,300.0,12,140,0.08571428571428572
rect_ifft,Rect-IFFT MLP,46,59,120.0,300.0,150.0,330.0,1,140,0.007142857142857143
rect_ifft,Rect-IFFT MLP,47,0,120.0,330.0,30.0,0.0,0,140,0.0
rect_ifft,Rect-IFFT MLP,47,1,120.0,330.0,30.0,30.0,1,140,0.007142857142857143
rect_ifft,Rect-IFFT MLP,47,2,120.0,330.0,30.0,60.0,1,140,0.007142857142857143
rect_ifft,Rect-IFFT MLP,47,3,120.0,330.0,30.0,90.0,0,140,0.0
rect_ifft,Rect-IFFT MLP,47,4,120.0,330.0,30.0,120.0,0,140,0.0
rect_ifft,Rect-IFFT MLP,47,5,120.0,330.0,30.0,150.0,0,140,0.0
rect_ifft,Rect-IFFT MLP,47,6,120.0,330.0,30.0,180.0,0,140,0.0
rect_ifft,Rect-IFFT MLP,47,7,120.0,330.0,30.0,210.0,0,140,0.0
rect_ifft,Rect-IFFT MLP,47,8,120.0,330.0,30.0,240.0,0,140,0.0
rect_ifft,Rect-IFFT MLP,47,9,120.0,330.0,30.0,270.0,0,140,0.0
rect_ifft,Rect-IFFT MLP,47,10,120.0,330.0,30.0,300.0,0,140,0.0
rect_ifft,Rect-IFFT MLP,47,11,120.0,330.0,30.0,330.0,0,140,0.0
rect_ifft,Rect-IFFT MLP,47,12,120.0,330.0,60.0,0.0,0,140,0.0
rect_ifft,Rect-IFFT MLP,47,13,120.0,330.0,60.0,30.0,14,140,0.1
rect_ifft,Rect-IFFT MLP,47,14,120.0,330.0,60.0,60.0,0,140,0.0
rect_ifft,Rect-IFFT MLP,47,15,120.0,330.0,60.0,90.0,0,140,0.0
rect_ifft,Rect-IFFT MLP,47,16,120.0,330.0,60.0,120.0,1,140,0.007142857142857143
rect_ifft,Rect-IFFT MLP,47,17,120.0,330.0,60.0,150.0,3,140,0.02142857142857143
rect_ifft,Rect-IFFT MLP,47,18,120.0,330.0,60.0,180.0,0,140,0.0
rect_ifft,Rect-IFFT MLP,47,19,120.0,330.0,60.0,210.0,1,140,0.007142857142857143
rect_ifft,Rect-IFFT MLP,47,20,120.0,330.0,60.0,240.0,0,140,0.0
rect_ifft,Rect-IFFT MLP,47,21,120.0,330.0,60.0,270.0,0,140,0.0
rect_ifft,Rect-IFFT MLP,47,22,120.0,330.0,60.0,300.0,0,140,0.0
rect_ifft,Rect-IFFT MLP,47,23,120.0,330.0,60.0,330.0,3,140,0.02142857142857143
rect_ifft,Rect-IFFT MLP,47,24,120.0,330.0,90.0,0.0,0,140,0.0
rect_ifft,Rect-IFFT MLP,47,25,120.0,330.0,90.0,30.0,0,140,0.0
rect_ifft,Rect-IFFT MLP,47,26,120.0,330.0,90.0,60.0,0,140,0.0
rect_ifft,Rect-IFFT MLP,47,27,120.0,330.0,90.0,90.0,0,140,0.0
rect_ifft,Rect-IFFT MLP,47,28,120.0,330.0,90.0,120.0,0,140,0.0
rect_ifft,Rect-IFFT MLP,47,29,120.0,330.0,90.0,150.0,0,140,0.0
rect_ifft,Rect-IFFT MLP,47,30,120.0,330.0,90.0,180.0,0,140,0.0
rect_ifft,Rect-IFFT MLP,47,31,120.0,330.0,90.0,210.0,0,140,0.0
rect_ifft,Rect-IFFT MLP,47,32,120.0,330.0,90.0,240.0,0,140,0.0
rect_ifft,Rect-IFFT MLP,47,33,120.0,330.0,90.0,270.0,0,140,0.0
rect_ifft,Rect-IFFT MLP,47,34,120.0,330.0,90.0,300.0,0,140,0.0
rect_ifft,Rect-IFFT MLP,47,35,120.0,330.0,90.0,330.0,0,140,0.0
rect_ifft,Rect-IFFT MLP,47,36,120.0,330.0,120.0,0.0,0,140,0.0
rect_ifft,Rect-IFFT MLP,47,37,120.0,330.0,120.0,30.0,0,140,0.0
rect_ifft,Rect-IFFT MLP,47,38,120.0,330.0,120.0,60.0,1,140,0.007142857142857143
rect_ifft,Rect-IFFT MLP,47,39,120.0,330.0,120.0,90.0,0,140,0.0
rect_ifft,Rect-IFFT MLP,47,40,120.0,330.0,120.0,120.0,0,140,0.0
rect_ifft,Rect-IFFT MLP,47,41,120.0,330.0,120.0,150.0,4,140,0.02857142857142857
rect_ifft,Rect-IFFT MLP,47,42,120.0,330.0,120.0,180.0,0,140,0.0
rect_ifft,Rect-IFFT MLP,47,43,120.0,330.0,120.0,210.0,4,140,0.02857142857142857
rect_ifft,Rect-IFFT MLP,47,44,120.0,330.0,120.0,240.0,0,140,0.0
rect_ifft,Rect-IFFT MLP,47,45,120.0,330.0,120.0,270.0,0,140,0.0
rect_ifft,Rect-IFFT MLP,47,46,120.0,330.0,120.0,300.0,1,140,0.007142857142857143
rect_ifft,Rect-IFFT MLP,47,47,120.0,330.0,120.0,330.0,99,140,0.7071428571428572
rect_ifft,Rect-IFFT MLP,47,48,120.0,330.0,150.0,0.0,2,140,0.014285714285714285
rect_ifft,Rect-IFFT MLP,47,49,120.0,330.0,150.0,30.0,3,140,0.02142857142857143
rect_ifft,Rect-IFFT MLP,47,50,120.0,330.0,150.0,60.0,0,140,0.0
rect_ifft,Rect-IFFT MLP,47,51,120.0,330.0,150.0,90.0,0,140,0.0
rect_ifft,Rect-IFFT MLP,47,52,120.0,330.0,150.0,120.0,0,140,0.0
rect_ifft,Rect-IFFT MLP,47,53,120.0,330.0,150.0,150.0,0,140,0.0
rect_ifft,Rect-IFFT MLP,47,54,120.0,330.0,150.0,180.0,1,140,0.007142857142857143
rect_ifft,Rect-IFFT MLP,47,55,120.0,330.0,150.0,210.0,0,140,0.0
rect_ifft,Rect-IFFT MLP,47,56,120.0,330.0,150.0,240.0,0,140,0.0
rect_ifft,Rect-IFFT MLP,47,57,120.0,330.0,150.0,270.0,0,140,0.0
rect_ifft,Rect-IFFT MLP,47,58,120.0,330.0,150.0,300.0,0,140,0.0
rect_ifft,Rect-IFFT MLP,47,59,120.0,330.0,150.0,330.0,1,140,0.007142857142857143
rect_ifft,Rect-IFFT MLP,48,0,150.0,0.0,30.0,0.0,1,140,0.007142857142857143
rect_ifft,Rect-IFFT MLP,48,1,150.0,0.0,30.0,30.0,0,140,0.0
rect_ifft,Rect-IFFT MLP,48,2,150.0,0.0,30.0,60.0,0,140,0.0
rect_ifft,Rect-IFFT MLP,48,3,150.0,0.0,30.0,90.0,0,140,0.0
rect_ifft,Rect-IFFT MLP,48,4,150.0,0.0,30.0,120.0,0,140,0.0
rect_ifft,Rect-IFFT MLP,48,5,150.0,0.0,30.0,150.0,0,140,0.0
rect_ifft,Rect-IFFT MLP,48,6,150.0,0.0,30.0,180.0,2,140,0.014285714285714285
rect_ifft,Rect-IFFT MLP,48,7,150.0,0.0,30.0,210.0,1,140,0.007142857142857143
rect_ifft,Rect-IFFT MLP,48,8,150.0,0.0,30.0,240.0,0,140,0.0
rect_ifft,Rect-IFFT MLP,48,9,150.0,0.0,30.0,270.0,0,140,0.0
rect_ifft,Rect-IFFT MLP,48,10,150.0,0.0,30.0,300.0,0,140,0.0
rect_ifft,Rect-IFFT MLP,48,11,150.0,0.0,30.0,330.0,0,140,0.0
rect_ifft,Rect-IFFT MLP,48,12,150.0,0.0,60.0,0.0,0,140,0.0
rect_ifft,Rect-IFFT MLP,48,13,150.0,0.0,60.0,30.0,0,140,0.0
rect_ifft,Rect-IFFT MLP,48,14,150.0,0.0,60.0,60.0,0,140,0.0
rect_ifft,Rect-IFFT MLP,48,15,150.0,0.0,60.0,90.0,0,140,0.0
rect_ifft,Rect-IFFT MLP,48,16,150.0,0.0,60.0,120.0,0,140,0.0
rect_ifft,Rect-IFFT MLP,48,17,150.0,0.0,60.0,150.0,0,140,0.0
rect_ifft,Rect-IFFT MLP,48,18,150.0,0.0,60.0,180.0,1,140,0.007142857142857143
rect_ifft,Rect-IFFT MLP,48,19,150.0,0.0,60.0,210.0,0,140,0.0
rect_ifft,Rect-IFFT MLP,48,20,150.0,0.0,60.0,240.0,0,140,0.0
rect_ifft,Rect-IFFT MLP,48,21,150.0,0.0,60.0,270.0,0,140,0.0
rect_ifft,Rect-IFFT MLP,48,22,150.0,0.0,60.0,300.0,0,140,0.0
rect_ifft,Rect-IFFT MLP,48,23,150.0,0.0,60.0,330.0,0,140,0.0
rect_ifft,Rect-IFFT MLP,48,24,150.0,0.0,90.0,0.0,1,140,0.007142857142857143
rect_ifft,Rect-IFFT MLP,48,25,150.0,0.0,90.0,30.0,0,140,0.0
rect_ifft,Rect-IFFT MLP,48,26,150.0,0.0,90.0,60.0,0,140,0.0
rect_ifft,Rect-IFFT MLP,48,27,150.0,0.0,90.0,90.0,0,140,0.0
rect_ifft,Rect-IFFT MLP,48,28,150.0,0.0,90.0,120.0,0,140,0.0
rect_ifft,Rect-IFFT MLP,48,29,150.0,0.0,90.0,150.0,0,140,0.0
rect_ifft,Rect-IFFT MLP,48,30,150.0,0.0,90.0,180.0,0,140,0.0
rect_ifft,Rect-IFFT MLP,48,31,150.0,0.0,90.0,210.0,0,140,0.0
rect_ifft,Rect-IFFT MLP,48,32,150.0,0.0,90.0,240.0,0,140,0.0
rect_ifft,Rect-IFFT MLP,48,33,150.0,0.0,90.0,270.0,0,140,0.0
rect_ifft,Rect-IFFT MLP,48,34,150.0,0.0,90.0,300.0,0,140,0.0
rect_ifft,Rect-IFFT MLP,48,35,150.0,0.0,90.0,330.0,0,140,0.0
rect_ifft,Rect-IFFT MLP,48,36,150.0,0.0,120.0,0.0,21,140,0.15
rect_ifft,Rect-IFFT MLP,48,37,150.0,0.0,120.0,30.0,0,140,0.0
rect_ifft,Rect-IFFT MLP,48,38,150.0,0.0,120.0,60.0,0,140,0.0
rect_ifft,Rect-IFFT MLP,48,39,150.0,0.0,120.0,90.0,0,140,0.0
rect_ifft,Rect-IFFT MLP,48,40,150.0,0.0,120.0,120.0,0,140,0.0
rect_ifft,Rect-IFFT MLP,48,41,150.0,0.0,120.0,150.0,0,140,0.0
rect_ifft,Rect-IFFT MLP,48,42,150.0,0.0,120.0,180.0,8,140,0.05714285714285714
rect_ifft,Rect-IFFT MLP,48,43,150.0,0.0,120.0,210.0,0,140,0.0
rect_ifft,Rect-IFFT MLP,48,44,150.0,0.0,120.0,240.0,0,140,0.0
rect_ifft,Rect-IFFT MLP,48,45,150.0,0.0,120.0,270.0,0,140,0.0
rect_ifft,Rect-IFFT MLP,48,46,150.0,0.0,120.0,300.0,0,140,0.0
rect_ifft,Rect-IFFT MLP,48,47,150.0,0.0,120.0,330.0,0,140,0.0
rect_ifft,Rect-IFFT MLP,48,48,150.0,0.0,150.0,0.0,94,140,0.6714285714285714
rect_ifft,Rect-IFFT MLP,48,49,150.0,0.0,150.0,30.0,0,140,0.0
rect_ifft,Rect-IFFT MLP,48,50,150.0,0.0,150.0,60.0,0,140,0.0
rect_ifft,Rect-IFFT MLP,48,51,150.0,0.0,150.0,90.0,0,140,0.0
rect_ifft,Rect-IFFT MLP,48,52,150.0,0.0,150.0,120.0,0,140,0.0
rect_ifft,Rect-IFFT MLP,48,53,150.0,0.0,150.0,150.0,0,140,0.0
rect_ifft,Rect-IFFT MLP,48,54,150.0,0.0,150.0,180.0,11,140,0.07857142857142857
rect_ifft,Rect-IFFT MLP,48,55,150.0,0.0,150.0,210.0,0,140,0.0
rect_ifft,Rect-IFFT MLP,48,56,150.0,0.0,150.0,240.0,0,140,0.0
rect_ifft,Rect-IFFT MLP,48,57,150.0,0.0,150.0,270.0,0,140,0.0
rect_ifft,Rect-IFFT MLP,48,58,150.0,0.0,150.0,300.0,0,140,0.0
rect_ifft,Rect-IFFT MLP,48,59,150.0,0.0,150.0,330.0,0,140,0.0
rect_ifft,Rect-IFFT MLP,49,0,150.0,30.0,30.0,0.0,2,140,0.014285714285714285
rect_ifft,Rect-IFFT MLP,49,1,150.0,30.0,30.0,30.0,0,140,0.0
rect_ifft,Rect-IFFT MLP,49,2,150.0,30.0,30.0,60.0,0,140,0.0
rect_ifft,Rect-IFFT MLP,49,3,150.0,30.0,30.0,90.0,0,140,0.0
rect_ifft,Rect-IFFT MLP,49,4,150.0,30.0,30.0,120.0,0,140,0.0
rect_ifft,Rect-IFFT MLP,49,5,150.0,30.0,30.0,150.0,3,140,0.02142857142857143
rect_ifft,Rect-IFFT MLP,49,6,150.0,30.0,30.0,180.0,0,140,0.0
rect_ifft,Rect-IFFT MLP,49,7,150.0,30.0,30.0,210.0,0,140,0.0
rect_ifft,Rect-IFFT MLP,49,8,150.0,30.0,30.0,240.0,0,140,0.0
rect_ifft,Rect-IFFT MLP,49,9,150.0,30.0,30.0,270.0,0,140,0.0
rect_ifft,Rect-IFFT MLP,49,10,150.0,30.0,30.0,300.0,0,140,0.0
rect_ifft,Rect-IFFT MLP,49,11,150.0,30.0,30.0,330.0,7,140,0.05
rect_ifft,Rect-IFFT MLP,49,12,150.0,30.0,60.0,0.0,1,140,0.007142857142857143
rect_ifft,Rect-IFFT MLP,49,13,150.0,30.0,60.0,30.0,0,140,0.0
rect_ifft,Rect-IFFT MLP,49,14,150.0,30.0,60.0,60.0,0,140,0.0
rect_ifft,Rect-IFFT MLP,49,15,150.0,30.0,60.0,90.0,0,140,0.0
rect_ifft,Rect-IFFT MLP,49,16,150.0,30.0,60.0,120.0,0,140,0.0
rect_ifft,Rect-IFFT MLP,49,17,150.0,30.0,60.0,150.0,1,140,0.007142857142857143
rect_ifft,Rect-IFFT MLP,49,18,150.0,30.0,60.0,180.0,0,140,0.0
rect_ifft,Rect-IFFT MLP,49,19,150.0,30.0,60.0,210.0,1,140,0.007142857142857143
rect_ifft,Rect-IFFT MLP,49,20,150.0,30.0,60.0,240.0,0,140,0.0
rect_ifft,Rect-IFFT MLP,49,21,150.0,30.0,60.0,270.0,0,140,0.0
rect_ifft,Rect-IFFT MLP,49,22,150.0,30.0,60.0,300.0,1,140,0.007142857142857143
rect_ifft,Rect-IFFT MLP,49,23,150.0,30.0,60.0,330.0,0,140,0.0
rect_ifft,Rect-IFFT MLP,49,24,150.0,30.0,90.0,0.0,0,140,0.0
rect_ifft,Rect-IFFT MLP,49,25,150.0,30.0,90.0,30.0,0,140,0.0
rect_ifft,Rect-IFFT MLP,49,26,150.0,30.0,90.0,60.0,0,140,0.0
rect_ifft,Rect-IFFT MLP,49,27,150.0,30.0,90.0,90.0,0,140,0.0
rect_ifft,Rect-IFFT MLP,49,28,150.0,30.0,90.0,120.0,0,140,0.0
rect_ifft,Rect-IFFT MLP,49,29,150.0,30.0,90.0,150.0,0,140,0.0
rect_ifft,Rect-IFFT MLP,49,30,150.0,30.0,90.0,180.0,0,140,0.0
rect_ifft,Rect-IFFT MLP,49,31,150.0,30.0,90.0,210.0,0,140,0.0
rect_ifft,Rect-IFFT MLP,49,32,150.0,30.0,90.0,240.0,0,140,0.0
rect_ifft,Rect-IFFT MLP,49,33,150.0,30.0,90.0,270.0,0,140,0.0
rect_ifft,Rect-IFFT MLP,49,34,150.0,30.0,90.0,300.0,0,140,0.0
rect_ifft,Rect-IFFT MLP,49,35,150.0,30.0,90.0,330.0,0,140,0.0
rect_ifft,Rect-IFFT MLP,49,36,150.0,30.0,120.0,0.0,2,140,0.014285714285714285
rect_ifft,Rect-IFFT MLP,49,37,150.0,30.0,120.0,30.0,7,140,0.05
rect_ifft,Rect-IFFT MLP,49,38,150.0,30.0,120.0,60.0,0,140,0.0
rect_ifft,Rect-IFFT MLP,49,39,150.0,30.0,120.0,90.0,0,140,0.0
rect_ifft,Rect-IFFT MLP,49,40,150.0,30.0,120.0,120.0,0,140,0.0
rect_ifft,Rect-IFFT MLP,49,41,150.0,30.0,120.0,150.0,0,140,0.0
rect_ifft,Rect-IFFT MLP,49,42,150.0,30.0,120.0,180.0,0,140,0.0
rect_ifft,Rect-IFFT MLP,49,43,150.0,30.0,120.0,210.0,0,140,0.0
rect_ifft,Rect-IFFT MLP,49,44,150.0,30.0,120.0,240.0,0,140,0.0
rect_ifft,Rect-IFFT MLP,49,45,150.0,30.0,120.0,270.0,0,140,0.0
rect_ifft,Rect-IFFT MLP,49,46,150.0,30.0,120.0,300.0,0,140,0.0
rect_ifft,Rect-IFFT MLP,49,47,150.0,30.0,120.0,330.0,0,140,0.0
rect_ifft,Rect-IFFT MLP,49,48,150.0,30.0,150.0,0.0,2,140,0.014285714285714285
rect_ifft,Rect-IFFT MLP,49,49,150.0,30.0,150.0,30.0,105,140,0.75
rect_ifft,Rect-IFFT MLP,49,50,150.0,30.0,150.0,60.0,0,140,0.0
rect_ifft,Rect-IFFT MLP,49,51,150.0,30.0,150.0,90.0,0,140,0.0
rect_ifft,Rect-IFFT MLP,49,52,150.0,30.0,150.0,120.0,0,140,0.0
rect_ifft,Rect-IFFT MLP,49,53,150.0,30.0,150.0,150.0,0,140,0.0
rect_ifft,Rect-IFFT MLP,49,54,150.0,30.0,150.0,180.0,0,140,0.0
rect_ifft,Rect-IFFT MLP,49,55,150.0,30.0,150.0,210.0,8,140,0.05714285714285714
rect_ifft,Rect-IFFT MLP,49,56,150.0,30.0,150.0,240.0,0,140,0.0
rect_ifft,Rect-IFFT MLP,49,57,150.0,30.0,150.0,270.0,0,140,0.0
rect_ifft,Rect-IFFT MLP,49,58,150.0,30.0,150.0,300.0,0,140,0.0
rect_ifft,Rect-IFFT MLP,49,59,150.0,30.0,150.0,330.0,0,140,0.0
rect_ifft,Rect-IFFT MLP,50,0,150.0,60.0,30.0,0.0,0,140,0.0
rect_ifft,Rect-IFFT MLP,50,1,150.0,60.0,30.0,30.0,0,140,0.0
rect_ifft,Rect-IFFT MLP,50,2,150.0,60.0,30.0,60.0,8,140,0.05714285714285714
rect_ifft,Rect-IFFT MLP,50,3,150.0,60.0,30.0,90.0,6,140,0.04285714285714286
rect_ifft,Rect-IFFT MLP,50,4,150.0,60.0,30.0,120.0,2,140,0.014285714285714285
rect_ifft,Rect-IFFT MLP,50,5,150.0,60.0,30.0,150.0,0,140,0.0
rect_ifft,Rect-IFFT MLP,50,6,150.0,60.0,30.0,180.0,0,140,0.0
rect_ifft,Rect-IFFT MLP,50,7,150.0,60.0,30.0,210.0,0,140,0.0
rect_ifft,Rect-IFFT MLP,50,8,150.0,60.0,30.0,240.0,0,140,0.0
rect_ifft,Rect-IFFT MLP,50,9,150.0,60.0,30.0,270.0,3,140,0.02142857142857143
rect_ifft,Rect-IFFT MLP,50,10,150.0,60.0,30.0,300.0,9,140,0.06428571428571428
rect_ifft,Rect-IFFT MLP,50,11,150.0,60.0,30.0,330.0,0,140,0.0
rect_ifft,Rect-IFFT MLP,50,12,150.0,60.0,60.0,0.0,0,140,0.0
rect_ifft,Rect-IFFT MLP,50,13,150.0,60.0,60.0,30.0,0,140,0.0
rect_ifft,Rect-IFFT MLP,50,14,150.0,60.0,60.0,60.0,1,140,0.007142857142857143
rect_ifft,Rect-IFFT MLP,50,15,150.0,60.0,60.0,90.0,0,140,0.0
rect_ifft,Rect-IFFT MLP,50,16,150.0,60.0,60.0,120.0,0,140,0.0
rect_ifft,Rect-IFFT MLP,50,17,150.0,60.0,60.0,150.0,0,140,0.0
rect_ifft,Rect-IFFT MLP,50,18,150.0,60.0,60.0,180.0,0,140,0.0
rect_ifft,Rect-IFFT MLP,50,19,150.0,60.0,60.0,210.0,0,140,0.0
rect_ifft,Rect-IFFT MLP,50,20,150.0,60.0,60.0,240.0,0,140,0.0
rect_ifft,Rect-IFFT MLP,50,21,150.0,60.0,60.0,270.0,0,140,0.0
rect_ifft,Rect-IFFT MLP,50,22,150.0,60.0,60.0,300.0,0,140,0.0
rect_ifft,Rect-IFFT MLP,50,23,150.0,60.0,60.0,330.0,0,140,0.0
rect_ifft,Rect-IFFT MLP,50,24,150.0,60.0,90.0,0.0,0,140,0.0
rect_ifft,Rect-IFFT MLP,50,25,150.0,60.0,90.0,30.0,0,140,0.0
rect_ifft,Rect-IFFT MLP,50,26,150.0,60.0,90.0,60.0,0,140,0.0
rect_ifft,Rect-IFFT MLP,50,27,150.0,60.0,90.0,90.0,0,140,0.0
rect_ifft,Rect-IFFT MLP,50,28,150.0,60.0,90.0,120.0,0,140,0.0
rect_ifft,Rect-IFFT MLP,50,29,150.0,60.0,90.0,150.0,0,140,0.0
rect_ifft,Rect-IFFT MLP,50,30,150.0,60.0,90.0,180.0,0,140,0.0
rect_ifft,Rect-IFFT MLP,50,31,150.0,60.0,90.0,210.0,0,140,0.0
rect_ifft,Rect-IFFT MLP,50,32,150.0,60.0,90.0,240.0,0,140,0.0
rect_ifft,Rect-IFFT MLP,50,33,150.0,60.0,90.0,270.0,0,140,0.0
rect_ifft,Rect-IFFT MLP,50,34,150.0,60.0,90.0,300.0,0,140,0.0
rect_ifft,Rect-IFFT MLP,50,35,150.0,60.0,90.0,330.0,0,140,0.0
rect_ifft,Rect-IFFT MLP,50,36,150.0,60.0,120.0,0.0,0,140,0.0
rect_ifft,Rect-IFFT MLP,50,37,150.0,60.0,120.0,30.0,0,140,0.0
rect_ifft,Rect-IFFT MLP,50,38,150.0,60.0,120.0,60.0,0,140,0.0
rect_ifft,Rect-IFFT MLP,50,39,150.0,60.0,120.0,90.0,0,140,0.0
rect_ifft,Rect-IFFT MLP,50,40,150.0,60.0,120.0,120.0,0,140,0.0
rect_ifft,Rect-IFFT MLP,50,41,150.0,60.0,120.0,150.0,0,140,0.0
rect_ifft,Rect-IFFT MLP,50,42,150.0,60.0,120.0,180.0,0,140,0.0
rect_ifft,Rect-IFFT MLP,50,43,150.0,60.0,120.0,210.0,0,140,0.0
rect_ifft,Rect-IFFT MLP,50,44,150.0,60.0,120.0,240.0,0,140,0.0
rect_ifft,Rect-IFFT MLP,50,45,150.0,60.0,120.0,270.0,0,140,0.0
rect_ifft,Rect-IFFT MLP,50,46,150.0,60.0,120.0,300.0,0,140,0.0
rect_ifft,Rect-IFFT MLP,50,47,150.0,60.0,120.0,330.0,0,140,0.0
rect_ifft,Rect-IFFT MLP,50,48,150.0,60.0,150.0,0.0,0,140,0.0
rect_ifft,Rect-IFFT MLP,50,49,150.0,60.0,150.0,30.0,0,140,0.0
rect_ifft,Rect-IFFT MLP,50,50,150.0,60.0,150.0,60.0,103,140,0.7357142857142858
rect_ifft,Rect-IFFT MLP,50,51,150.0,60.0,150.0,90.0,1,140,0.007142857142857143
rect_ifft,Rect-IFFT MLP,50,52,150.0,60.0,150.0,120.0,1,140,0.007142857142857143
rect_ifft,Rect-IFFT MLP,50,53,150.0,60.0,150.0,150.0,0,140,0.0
rect_ifft,Rect-IFFT MLP,50,54,150.0,60.0,150.0,180.0,0,140,0.0
rect_ifft,Rect-IFFT MLP,50,55,150.0,60.0,150.0,210.0,0,140,0.0
rect_ifft,Rect-IFFT MLP,50,56,150.0,60.0,150.0,240.0,5,140,0.03571428571428571
rect_ifft,Rect-IFFT MLP,50,57,150.0,60.0,150.0,270.0,1,140,0.007142857142857143
rect_ifft,Rect-IFFT MLP,50,58,150.0,60.0,150.0,300.0,0,140,0.0
rect_ifft,Rect-IFFT MLP,50,59,150.0,60.0,150.0,330.0,0,140,0.0
rect_ifft,Rect-IFFT MLP,51,0,150.0,90.0,30.0,0.0,0,140,0.0
rect_ifft,Rect-IFFT MLP,51,1,150.0,90.0,30.0,30.0,0,140,0.0
rect_ifft,Rect-IFFT MLP,51,2,150.0,90.0,30.0,60.0,0,140,0.0
rect_ifft,Rect-IFFT MLP,51,3,150.0,90.0,30.0,90.0,2,140,0.014285714285714285
rect_ifft,Rect-IFFT MLP,51,4,150.0,90.0,30.0,120.0,0,140,0.0
rect_ifft,Rect-IFFT MLP,51,5,150.0,90.0,30.0,150.0,0,140,0.0
rect_ifft,Rect-IFFT MLP,51,6,150.0,90.0,30.0,180.0,0,140,0.0
rect_ifft,Rect-IFFT MLP,51,7,150.0,90.0,30.0,210.0,0,140,0.0
rect_ifft,Rect-IFFT MLP,51,8,150.0,90.0,30.0,240.0,2,140,0.014285714285714285
rect_ifft,Rect-IFFT MLP,51,9,150.0,90.0,30.0,270.0,16,140,0.11428571428571428
rect_ifft,Rect-IFFT MLP,51,10,150.0,90.0,30.0,300.0,0,140,0.0
rect_ifft,Rect-IFFT MLP,51,11,150.0,90.0,30.0,330.0,0,140,0.0
rect_ifft,Rect-IFFT MLP,51,12,150.0,90.0,60.0,0.0,0,140,0.0
rect_ifft,Rect-IFFT MLP,51,13,150.0,90.0,60.0,30.0,0,140,0.0
rect_ifft,Rect-IFFT MLP,51,14,150.0,90.0,60.0,60.0,0,140,0.0
rect_ifft,Rect-IFFT MLP,51,15,150.0,90.0,60.0,90.0,3,140,0.02142857142857143
rect_ifft,Rect-IFFT MLP,51,16,150.0,90.0,60.0,120.0,0,140,0.0
rect_ifft,Rect-IFFT MLP,51,17,150.0,90.0,60.0,150.0,0,140,0.0
rect_ifft,Rect-IFFT MLP,51,18,150.0,90.0,60.0,180.0,0,140,0.0
rect_ifft,Rect-IFFT MLP,51,19,150.0,90.0,60.0,210.0,0,140,0.0
rect_ifft,Rect-IFFT MLP,51,20,150.0,90.0,60.0,240.0,0,140,0.0
rect_ifft,Rect-IFFT MLP,51,21,150.0,90.0,60.0,270.0,0,140,0.0
rect_ifft,Rect-IFFT MLP,51,22,150.0,90.0,60.0,300.0,0,140,0.0
rect_ifft,Rect-IFFT MLP,51,23,150.0,90.0,60.0,330.0,0,140,0.0
rect_ifft,Rect-IFFT MLP,51,24,150.0,90.0,90.0,0.0,0,140,0.0
rect_ifft,Rect-IFFT MLP,51,25,150.0,90.0,90.0,30.0,0,140,0.0
rect_ifft,Rect-IFFT MLP,51,26,150.0,90.0,90.0,60.0,0,140,0.0
rect_ifft,Rect-IFFT MLP,51,27,150.0,90.0,90.0,90.0,0,140,0.0
rect_ifft,Rect-IFFT MLP,51,28,150.0,90.0,90.0,120.0,0,140,0.0
rect_ifft,Rect-IFFT MLP,51,29,150.0,90.0,90.0,150.0,0,140,0.0
rect_ifft,Rect-IFFT MLP,51,30,150.0,90.0,90.0,180.0,0,140,0.0
rect_ifft,Rect-IFFT MLP,51,31,150.0,90.0,90.0,210.0,0,140,0.0
rect_ifft,Rect-IFFT MLP,51,32,150.0,90.0,90.0,240.0,0,140,0.0
rect_ifft,Rect-IFFT MLP,51,33,150.0,90.0,90.0,270.0,0,140,0.0
rect_ifft,Rect-IFFT MLP,51,34,150.0,90.0,90.0,300.0,0,140,0.0
rect_ifft,Rect-IFFT MLP,51,35,150.0,90.0,90.0,330.0,0,140,0.0
rect_ifft,Rect-IFFT MLP,51,36,150.0,90.0,120.0,0.0,0,140,0.0
rect_ifft,Rect-IFFT MLP,51,37,150.0,90.0,120.0,30.0,0,140,0.0
rect_ifft,Rect-IFFT MLP,51,38,150.0,90.0,120.0,60.0,0,140,0.0
rect_ifft,Rect-IFFT MLP,51,39,150.0,90.0,120.0,90.0,2,140,0.014285714285714285
rect_ifft,Rect-IFFT MLP,51,40,150.0,90.0,120.0,120.0,0,140,0.0
rect_ifft,Rect-IFFT MLP,51,41,150.0,90.0,120.0,150.0,0,140,0.0
rect_ifft,Rect-IFFT MLP,51,42,150.0,90.0,120.0,180.0,0,140,0.0
rect_ifft,Rect-IFFT MLP,51,43,150.0,90.0,120.0,210.0,0,140,0.0
rect_ifft,Rect-IFFT MLP,51,44,150.0,90.0,120.0,240.0,0,140,0.0
rect_ifft,Rect-IFFT MLP,51,45,150.0,90.0,120.0,270.0,1,140,0.007142857142857143
rect_ifft,Rect-IFFT MLP,51,46,150.0,90.0,120.0,300.0,0,140,0.0
rect_ifft,Rect-IFFT MLP,51,47,150.0,90.0,120.0,330.0,0,140,0.0
rect_ifft,Rect-IFFT MLP,51,48,150.0,90.0,150.0,0.0,0,140,0.0
rect_ifft,Rect-IFFT MLP,51,49,150.0,90.0,150.0,30.0,0,140,0.0
rect_ifft,Rect-IFFT MLP,51,50,150.0,90.0,150.0,60.0,1,140,0.007142857142857143
rect_ifft,Rect-IFFT MLP,51,51,150.0,90.0,150.0,90.0,97,140,0.6928571428571428
rect_ifft,Rect-IFFT MLP,51,52,150.0,90.0,150.0,120.0,0,140,0.0
rect_ifft,Rect-IFFT MLP,51,53,150.0,90.0,150.0,150.0,0,140,0.0
rect_ifft,Rect-IFFT MLP,51,54,150.0,90.0,150.0,180.0,0,140,0.0
rect_ifft,Rect-IFFT MLP,51,55,150.0,90.0,150.0,210.0,0,140,0.0
rect_ifft,Rect-IFFT MLP,51,56,150.0,90.0,150.0,240.0,5,140,0.03571428571428571
rect_ifft,Rect-IFFT MLP,51,57,150.0,90.0,150.0,270.0,9,140,0.06428571428571428
rect_ifft,Rect-IFFT MLP,51,58,150.0,90.0,150.0,300.0,2,140,0.014285714285714285
rect_ifft,Rect-IFFT MLP,51,59,150.0,90.0,150.0,330.0,0,140,0.0
rect_ifft,Rect-IFFT MLP,52,0,150.0,120.0,30.0,0.0,0,140,0.0
rect_ifft,Rect-IFFT MLP,52,1,150.0,120.0,30.0,30.0,0,140,0.0
rect_ifft,Rect-IFFT MLP,52,2,150.0,120.0,30.0,60.0,15,140,0.10714285714285714
rect_ifft,Rect-IFFT MLP,52,3,150.0,120.0,30.0,90.0,0,140,0.0
rect_ifft,Rect-IFFT MLP,52,4,150.0,120.0,30.0,120.0,0,140,0.0
rect_ifft,Rect-IFFT MLP,52,5,150.0,120.0,30.0,150.0,0,140,0.0
rect_ifft,Rect-IFFT MLP,52,6,150.0,120.0,30.0,180.0,0,140,0.0
rect_ifft,Rect-IFFT MLP,52,7,150.0,120.0,30.0,210.0,0,140,0.0
rect_ifft,Rect-IFFT MLP,52,8,150.0,120.0,30.0,240.0,7,140,0.05
rect_ifft,Rect-IFFT MLP,52,9,150.0,120.0,30.0,270.0,0,140,0.0
rect_ifft,Rect-IFFT MLP,52,10,150.0,120.0,30.0,300.0,0,140,0.0
rect_ifft,Rect-IFFT MLP,52,11,150.0,120.0,30.0,330.0,0,140,0.0
rect_ifft,Rect-IFFT MLP,52,12,150.0,120.0,60.0,0.0,0,140,0.0
rect_ifft,Rect-IFFT MLP,52,13,150.0,120.0,60.0,30.0,0,140,0.0
rect_ifft,Rect-IFFT MLP,52,14,150.0,120.0,60.0,60.0,0,140,0.0
rect_ifft,Rect-IFFT MLP,52,15,150.0,120.0,60.0,90.0,0,140,0.0
rect_ifft,Rect-IFFT MLP,52,16,150.0,120.0,60.0,120.0,0,140,0.0
rect_ifft,Rect-IFFT MLP,52,17,150.0,120.0,60.0,150.0,0,140,0.0
rect_ifft,Rect-IFFT MLP,52,18,150.0,120.0,60.0,180.0,0,140,0.0
rect_ifft,Rect-IFFT MLP,52,19,150.0,120.0,60.0,210.0,0,140,0.0
rect_ifft,Rect-IFFT MLP,52,20,150.0,120.0,60.0,240.0,0,140,0.0
rect_ifft,Rect-IFFT MLP,52,21,150.0,120.0,60.0,270.0,0,140,0.0
rect_ifft,Rect-IFFT MLP,52,22,150.0,120.0,60.0,300.0,0,140,0.0
rect_ifft,Rect-IFFT MLP,52,23,150.0,120.0,60.0,330.0,0,140,0.0
rect_ifft,Rect-IFFT MLP,52,24,150.0,120.0,90.0,0.0,0,140,0.0
rect_ifft,Rect-IFFT MLP,52,25,150.0,120.0,90.0,30.0,1,140,0.007142857142857143
rect_ifft,Rect-IFFT MLP,52,26,150.0,120.0,90.0,60.0,1,140,0.007142857142857143
rect_ifft,Rect-IFFT MLP,52,27,150.0,120.0,90.0,90.0,0,140,0.0
rect_ifft,Rect-IFFT MLP,52,28,150.0,120.0,90.0,120.0,0,140,0.0
rect_ifft,Rect-IFFT MLP,52,29,150.0,120.0,90.0,150.0,0,140,0.0
rect_ifft,Rect-IFFT MLP,52,30,150.0,120.0,90.0,180.0,0,140,0.0
rect_ifft,Rect-IFFT MLP,52,31,150.0,120.0,90.0,210.0,0,140,0.0
rect_ifft,Rect-IFFT MLP,52,32,150.0,120.0,90.0,240.0,0,140,0.0
rect_ifft,Rect-IFFT MLP,52,33,150.0,120.0,90.0,270.0,0,140,0.0
rect_ifft,Rect-IFFT MLP,52,34,150.0,120.0,90.0,300.0,0,140,0.0
rect_ifft,Rect-IFFT MLP,52,35,150.0,120.0,90.0,330.0,0,140,0.0
rect_ifft,Rect-IFFT MLP,52,36,150.0,120.0,120.0,0.0,0,140,0.0
rect_ifft,Rect-IFFT MLP,52,37,150.0,120.0,120.0,30.0,0,140,0.0
rect_ifft,Rect-IFFT MLP,52,38,150.0,120.0,120.0,60.0,1,140,0.007142857142857143
rect_ifft,Rect-IFFT MLP,52,39,150.0,120.0,120.0,90.0,2,140,0.014285714285714285
rect_ifft,Rect-IFFT MLP,52,40,150.0,120.0,120.0,120.0,0,140,0.0
rect_ifft,Rect-IFFT MLP,52,41,150.0,120.0,120.0,150.0,0,140,0.0
rect_ifft,Rect-IFFT MLP,52,42,150.0,120.0,120.0,180.0,0,140,0.0
rect_ifft,Rect-IFFT MLP,52,43,150.0,120.0,120.0,210.0,1,140,0.007142857142857143
rect_ifft,Rect-IFFT MLP,52,44,150.0,120.0,120.0,240.0,0,140,0.0
rect_ifft,Rect-IFFT MLP,52,45,150.0,120.0,120.0,270.0,1,140,0.007142857142857143
rect_ifft,Rect-IFFT MLP,52,46,150.0,120.0,120.0,300.0,2,140,0.014285714285714285
rect_ifft,Rect-IFFT MLP,52,47,150.0,120.0,120.0,330.0,0,140,0.0
rect_ifft,Rect-IFFT MLP,52,48,150.0,120.0,150.0,0.0,0,140,0.0
rect_ifft,Rect-IFFT MLP,52,49,150.0,120.0,150.0,30.0,0,140,0.0
rect_ifft,Rect-IFFT MLP,52,50,150.0,120.0,150.0,60.0,0,140,0.0
rect_ifft,Rect-IFFT MLP,52,51,150.0,120.0,150.0,90.0,8,140,0.05714285714285714
rect_ifft,Rect-IFFT MLP,52,52,150.0,120.0,150.0,120.0,100,140,0.7142857142857143
rect_ifft,Rect-IFFT MLP,52,53,150.0,120.0,150.0,150.0,0,140,0.0
rect_ifft,Rect-IFFT MLP,52,54,150.0,120.0,150.0,180.0,0,140,0.0
rect_ifft,Rect-IFFT MLP,52,55,150.0,120.0,150.0,210.0,0,140,0.0
rect_ifft,Rect-IFFT MLP,52,56,150.0,120.0,150.0,240.0,0,140,0.0
rect_ifft,Rect-IFFT MLP,52,57,150.0,120.0,150.0,270.0,0,140,0.0
rect_ifft,Rect-IFFT MLP,52,58,150.0,120.0,150.0,300.0,1,140,0.007142857142857143
rect_ifft,Rect-IFFT MLP,52,59,150.0,120.0,150.0,330.0,0,140,0.0
rect_ifft,Rect-IFFT MLP,53,0,150.0,150.0,30.0,0.0,1,140,0.007142857142857143
rect_ifft,Rect-IFFT MLP,53,1,150.0,150.0,30.0,30.0,6,140,0.04285714285714286
rect_ifft,Rect-IFFT MLP,53,2,150.0,150.0,30.0,60.0,0,140,0.0
rect_ifft,Rect-IFFT MLP,53,3,150.0,150.0,30.0,90.0,0,140,0.0
rect_ifft,Rect-IFFT MLP,53,4,150.0,150.0,30.0,120.0,0,140,0.0
rect_ifft,Rect-IFFT MLP,53,5,150.0,150.0,30.0,150.0,0,140,0.0
rect_ifft,Rect-IFFT MLP,53,6,150.0,150.0,30.0,180.0,3,140,0.02142857142857143
rect_ifft,Rect-IFFT MLP,53,7,150.0,150.0,30.0,210.0,3,140,0.02142857142857143
rect_ifft,Rect-IFFT MLP,53,8,150.0,150.0,30.0,240.0,0,140,0.0
rect_ifft,Rect-IFFT MLP,53,9,150.0,150.0,30.0,270.0,0,140,0.0
rect_ifft,Rect-IFFT MLP,53,10,150.0,150.0,30.0,300.0,0,140,0.0
rect_ifft,Rect-IFFT MLP,53,11,150.0,150.0,30.0,330.0,0,140,0.0
rect_ifft,Rect-IFFT MLP,53,12,150.0,150.0,60.0,0.0,0,140,0.0
rect_ifft,Rect-IFFT MLP,53,13,150.0,150.0,60.0,30.0,0,140,0.0
rect_ifft,Rect-IFFT MLP,53,14,150.0,150.0,60.0,60.0,0,140,0.0
rect_ifft,Rect-IFFT MLP,53,15,150.0,150.0,60.0,90.0,0,140,0.0
rect_ifft,Rect-IFFT MLP,53,16,150.0,150.0,60.0,120.0,0,140,0.0
rect_ifft,Rect-IFFT MLP,53,17,150.0,150.0,60.0,150.0,2,140,0.014285714285714285
rect_ifft,Rect-IFFT MLP,53,18,150.0,150.0,60.0,180.0,2,140,0.014285714285714285
rect_ifft,Rect-IFFT MLP,53,19,150.0,150.0,60.0,210.0,2,140,0.014285714285714285
rect_ifft,Rect-IFFT MLP,53,20,150.0,150.0,60.0,240.0,0,140,0.0
rect_ifft,Rect-IFFT MLP,53,21,150.0,150.0,60.0,270.0,0,140,0.0
rect_ifft,Rect-IFFT MLP,53,22,150.0,150.0,60.0,300.0,0,140,0.0
rect_ifft,Rect-IFFT MLP,53,23,150.0,150.0,60.0,330.0,1,140,0.007142857142857143
rect_ifft,Rect-IFFT MLP,53,24,150.0,150.0,90.0,0.0,0,140,0.0
rect_ifft,Rect-IFFT MLP,53,25,150.0,150.0,90.0,30.0,0,140,0.0
rect_ifft,Rect-IFFT MLP,53,26,150.0,150.0,90.0,60.0,0,140,0.0
rect_ifft,Rect-IFFT MLP,53,27,150.0,150.0,90.0,90.0,0,140,0.0
rect_ifft,Rect-IFFT MLP,53,28,150.0,150.0,90.0,120.0,0,140,0.0
rect_ifft,Rect-IFFT MLP,53,29,150.0,150.0,90.0,150.0,0,140,0.0
rect_ifft,Rect-IFFT MLP,53,30,150.0,150.0,90.0,180.0,0,140,0.0
rect_ifft,Rect-IFFT MLP,53,31,150.0,150.0,90.0,210.0,1,140,0.007142857142857143
rect_ifft,Rect-IFFT MLP,53,32,150.0,150.0,90.0,240.0,0,140,0.0
rect_ifft,Rect-IFFT MLP,53,33,150.0,150.0,90.0,270.0,0,140,0.0
rect_ifft,Rect-IFFT MLP,53,34,150.0,150.0,90.0,300.0,0,140,0.0
rect_ifft,Rect-IFFT MLP,53,35,150.0,150.0,90.0,330.0,1,140,0.007142857142857143
rect_ifft,Rect-IFFT MLP,53,36,150.0,150.0,120.0,0.0,0,140,0.0
rect_ifft,Rect-IFFT MLP,53,37,150.0,150.0,120.0,30.0,0,140,0.0
rect_ifft,Rect-IFFT MLP,53,38,150.0,150.0,120.0,60.0,0,140,0.0
rect_ifft,Rect-IFFT MLP,53,39,150.0,150.0,120.0,90.0,0,140,0.0
rect_ifft,Rect-IFFT MLP,53,40,150.0,150.0,120.0,120.0,0,140,0.0
rect_ifft,Rect-IFFT MLP,53,41,150.0,150.0,120.0,150.0,0,140,0.0
rect_ifft,Rect-IFFT MLP,53,42,150.0,150.0,120.0,180.0,2,140,0.014285714285714285
rect_ifft,Rect-IFFT MLP,53,43,150.0,150.0,120.0,210.0,2,140,0.014285714285714285
rect_ifft,Rect-IFFT MLP,53,44,150.0,150.0,120.0,240.0,0,140,0.0
rect_ifft,Rect-IFFT MLP,53,45,150.0,150.0,120.0,270.0,0,140,0.0
rect_ifft,Rect-IFFT MLP,53,46,150.0,150.0,120.0,300.0,0,140,0.0
rect_ifft,Rect-IFFT MLP,53,47,150.0,150.0,120.0,330.0,1,140,0.007142857142857143
rect_ifft,Rect-IFFT MLP,53,48,150.0,150.0,150.0,0.0,0,140,0.0
rect_ifft,Rect-IFFT MLP,53,49,150.0,150.0,150.0,30.0,0,140,0.0
rect_ifft,Rect-IFFT MLP,53,50,150.0,150.0,150.0,60.0,0,140,0.0
rect_ifft,Rect-IFFT MLP,53,51,150.0,150.0,150.0,90.0,0,140,0.0
rect_ifft,Rect-IFFT MLP,53,52,150.0,150.0,150.0,120.0,0,140,0.0
rect_ifft,Rect-IFFT MLP,53,53,150.0,150.0,150.0,150.0,108,140,0.7714285714285715
rect_ifft,Rect-IFFT MLP,53,54,150.0,150.0,150.0,180.0,3,140,0.02142857142857143
rect_ifft,Rect-IFFT MLP,53,55,150.0,150.0,150.0,210.0,0,140,0.0
rect_ifft,Rect-IFFT MLP,53,56,150.0,150.0,150.0,240.0,0,140,0.0
rect_ifft,Rect-IFFT MLP,53,57,150.0,150.0,150.0,270.0,0,140,0.0
rect_ifft,Rect-IFFT MLP,53,58,150.0,150.0,150.0,300.0,1,140,0.007142857142857143
rect_ifft,Rect-IFFT MLP,53,59,150.0,150.0,150.0,330.0,1,140,0.007142857142857143
rect_ifft,Rect-IFFT MLP,54,0,150.0,180.0,30.0,0.0,0,140,0.0
rect_ifft,Rect-IFFT MLP,54,1,150.0,180.0,30.0,30.0,0,140,0.0
rect_ifft,Rect-IFFT MLP,54,2,150.0,180.0,30.0,60.0,0,140,0.0
rect_ifft,Rect-IFFT MLP,54,3,150.0,180.0,30.0,90.0,0,140,0.0
rect_ifft,Rect-IFFT MLP,54,4,150.0,180.0,30.0,120.0,0,140,0.0
rect_ifft,Rect-IFFT MLP,54,5,150.0,180.0,30.0,150.0,0,140,0.0
rect_ifft,Rect-IFFT MLP,54,6,150.0,180.0,30.0,180.0,3,140,0.02142857142857143
rect_ifft,Rect-IFFT MLP,54,7,150.0,180.0,30.0,210.0,1,140,0.007142857142857143
rect_ifft,Rect-IFFT MLP,54,8,150.0,180.0,30.0,240.0,0,140,0.0
rect_ifft,Rect-IFFT MLP,54,9,150.0,180.0,30.0,270.0,0,140,0.0
rect_ifft,Rect-IFFT MLP,54,10,150.0,180.0,30.0,300.0,0,140,0.0
rect_ifft,Rect-IFFT MLP,54,11,150.0,180.0,30.0,330.0,0,140,0.0
rect_ifft,Rect-IFFT MLP,54,12,150.0,180.0,60.0,0.0,1,140,0.007142857142857143
rect_ifft,Rect-IFFT MLP,54,13,150.0,180.0,60.0,30.0,0,140,0.0
rect_ifft,Rect-IFFT MLP,54,14,150.0,180.0,60.0,60.0,0,140,0.0
rect_ifft,Rect-IFFT MLP,54,15,150.0,180.0,60.0,90.0,0,140,0.0
rect_ifft,Rect-IFFT MLP,54,16,150.0,180.0,60.0,120.0,0,140,0.0
rect_ifft,Rect-IFFT MLP,54,17,150.0,180.0,60.0,150.0,0,140,0.0
rect_ifft,Rect-IFFT MLP,54,18,150.0,180.0,60.0,180.0,3,140,0.02142857142857143
rect_ifft,Rect-IFFT MLP,54,19,150.0,180.0,60.0,210.0,0,140,0.0
rect_ifft,Rect-IFFT MLP,54,20,150.0,180.0,60.0,240.0,0,140,0.0
rect_ifft,Rect-IFFT MLP,54,21,150.0,180.0,60.0,270.0,0,140,0.0
rect_ifft,Rect-IFFT MLP,54,22,150.0,180.0,60.0,300.0,0,140,0.0
rect_ifft,Rect-IFFT MLP,54,23,150.0,180.0,60.0,330.0,0,140,0.0
rect_ifft,Rect-IFFT MLP,54,24,150.0,180.0,90.0,0.0,2,140,0.014285714285714285
rect_ifft,Rect-IFFT MLP,54,25,150.0,180.0,90.0,30.0,0,140,0.0
rect_ifft,Rect-IFFT MLP,54,26,150.0,180.0,90.0,60.0,0,140,0.0
rect_ifft,Rect-IFFT MLP,54,27,150.0,180.0,90.0,90.0,0,140,0.0
rect_ifft,Rect-IFFT MLP,54,28,150.0,180.0,90.0,120.0,0,140,0.0
rect_ifft,Rect-IFFT MLP,54,29,150.0,180.0,90.0,150.0,0,140,0.0
rect_ifft,Rect-IFFT MLP,54,30,150.0,180.0,90.0,180.0,3,140,0.02142857142857143
rect_ifft,Rect-IFFT MLP,54,31,150.0,180.0,90.0,210.0,0,140,0.0
rect_ifft,Rect-IFFT MLP,54,32,150.0,180.0,90.0,240.0,0,140,0.0
rect_ifft,Rect-IFFT MLP,54,33,150.0,180.0,90.0,270.0,0,140,0.0
rect_ifft,Rect-IFFT MLP,54,34,150.0,180.0,90.0,300.0,0,140,0.0
rect_ifft,Rect-IFFT MLP,54,35,150.0,180.0,90.0,330.0,0,140,0.0
rect_ifft,Rect-IFFT MLP,54,36,150.0,180.0,120.0,0.0,3,140,0.02142857142857143
rect_ifft,Rect-IFFT MLP,54,37,150.0,180.0,120.0,30.0,0,140,0.0
rect_ifft,Rect-IFFT MLP,54,38,150.0,180.0,120.0,60.0,0,140,0.0
rect_ifft,Rect-IFFT MLP,54,39,150.0,180.0,120.0,90.0,0,140,0.0
rect_ifft,Rect-IFFT MLP,54,40,150.0,180.0,120.0,120.0,0,140,0.0
rect_ifft,Rect-IFFT MLP,54,41,150.0,180.0,120.0,150.0,0,140,0.0
rect_ifft,Rect-IFFT MLP,54,42,150.0,180.0,120.0,180.0,23,140,0.16428571428571428
rect_ifft,Rect-IFFT MLP,54,43,150.0,180.0,120.0,210.0,0,140,0.0
rect_ifft,Rect-IFFT MLP,54,44,150.0,180.0,120.0,240.0,0,140,0.0
rect_ifft,Rect-IFFT MLP,54,45,150.0,180.0,120.0,270.0,0,140,0.0
rect_ifft,Rect-IFFT MLP,54,46,150.0,180.0,120.0,300.0,0,140,0.0
rect_ifft,Rect-IFFT MLP,54,47,150.0,180.0,120.0,330.0,2,140,0.014285714285714285
rect_ifft,Rect-IFFT MLP,54,48,150.0,180.0,150.0,0.0,0,140,0.0
rect_ifft,Rect-IFFT MLP,54,49,150.0,180.0,150.0,30.0,0,140,0.0
rect_ifft,Rect-IFFT MLP,54,50,150.0,180.0,150.0,60.0,0,140,0.0
rect_ifft,Rect-IFFT MLP,54,51,150.0,180.0,150.0,90.0,0,140,0.0
rect_ifft,Rect-IFFT MLP,54,52,150.0,180.0,150.0,120.0,0,140,0.0
rect_ifft,Rect-IFFT MLP,54,53,150.0,180.0,150.0,150.0,0,140,0.0
rect_ifft,Rect-IFFT MLP,54,54,150.0,180.0,150.0,180.0,99,140,0.7071428571428572
rect_ifft,Rect-IFFT MLP,54,55,150.0,180.0,150.0,210.0,0,140,0.0
rect_ifft,Rect-IFFT MLP,54,56,150.0,180.0,150.0,240.0,0,140,0.0
rect_ifft,Rect-IFFT MLP,54,57,150.0,180.0,150.0,270.0,0,140,0.0
rect_ifft,Rect-IFFT MLP,54,58,150.0,180.0,150.0,300.0,0,140,0.0
rect_ifft,Rect-IFFT MLP,54,59,150.0,180.0,150.0,330.0,0,140,0.0
rect_ifft,Rect-IFFT MLP,55,0,150.0,210.0,30.0,0.0,0,140,0.0
rect_ifft,Rect-IFFT MLP,55,1,150.0,210.0,30.0,30.0,0,140,0.0
rect_ifft,Rect-IFFT MLP,55,2,150.0,210.0,30.0,60.0,0,140,0.0
rect_ifft,Rect-IFFT MLP,55,3,150.0,210.0,30.0,90.0,0,140,0.0
rect_ifft,Rect-IFFT MLP,55,4,150.0,210.0,30.0,120.0,0,140,0.0
rect_ifft,Rect-IFFT MLP,55,5,150.0,210.0,30.0,150.0,4,140,0.02857142857142857
rect_ifft,Rect-IFFT MLP,55,6,150.0,210.0,30.0,180.0,0,140,0.0
rect_ifft,Rect-IFFT MLP,55,7,150.0,210.0,30.0,210.0,1,140,0.007142857142857143
rect_ifft,Rect-IFFT MLP,55,8,150.0,210.0,30.0,240.0,1,140,0.007142857142857143
rect_ifft,Rect-IFFT MLP,55,9,150.0,210.0,30.0,270.0,0,140,0.0
rect_ifft,Rect-IFFT MLP,55,10,150.0,210.0,30.0,300.0,0,140,0.0
rect_ifft,Rect-IFFT MLP,55,11,150.0,210.0,30.0,330.0,10,140,0.07142857142857142
rect_ifft,Rect-IFFT MLP,55,12,150.0,210.0,60.0,0.0,0,140,0.0
rect_ifft,Rect-IFFT MLP,55,13,150.0,210.0,60.0,30.0,0,140,0.0
rect_ifft,Rect-IFFT MLP,55,14,150.0,210.0,60.0,60.0,0,140,0.0
rect_ifft,Rect-IFFT MLP,55,15,150.0,210.0,60.0,90.0,0,140,0.0
rect_ifft,Rect-IFFT MLP,55,16,150.0,210.0,60.0,120.0,0,140,0.0
rect_ifft,Rect-IFFT MLP,55,17,150.0,210.0,60.0,150.0,0,140,0.0
rect_ifft,Rect-IFFT MLP,55,18,150.0,210.0,60.0,180.0,0,140,0.0
rect_ifft,Rect-IFFT MLP,55,19,150.0,210.0,60.0,210.0,0,140,0.0
rect_ifft,Rect-IFFT MLP,55,20,150.0,210.0,60.0,240.0,0,140,0.0
rect_ifft,Rect-IFFT MLP,55,21,150.0,210.0,60.0,270.0,0,140,0.0
rect_ifft,Rect-IFFT MLP,55,22,150.0,210.0,60.0,300.0,0,140,0.0
rect_ifft,Rect-IFFT MLP,55,23,150.0,210.0,60.0,330.0,0,140,0.0
rect_ifft,Rect-IFFT MLP,55,24,150.0,210.0,90.0,0.0,1,140,0.007142857142857143
rect_ifft,Rect-IFFT MLP,55,25,150.0,210.0,90.0,30.0,2,140,0.014285714285714285
rect_ifft,Rect-IFFT MLP,55,26,150.0,210.0,90.0,60.0,0,140,0.0
rect_ifft,Rect-IFFT MLP,55,27,150.0,210.0,90.0,90.0,0,140,0.0
rect_ifft,Rect-IFFT MLP,55,28,150.0,210.0,90.0,120.0,0,140,0.0
rect_ifft,Rect-IFFT MLP,55,29,150.0,210.0,90.0,150.0,0,140,0.0
rect_ifft,Rect-IFFT MLP,55,30,150.0,210.0,90.0,180.0,0,140,0.0
rect_ifft,Rect-IFFT MLP,55,31,150.0,210.0,90.0,210.0,0,140,0.0
rect_ifft,Rect-IFFT MLP,55,32,150.0,210.0,90.0,240.0,0,140,0.0
rect_ifft,Rect-IFFT MLP,55,33,150.0,210.0,90.0,270.0,0,140,0.0
rect_ifft,Rect-IFFT MLP,55,34,150.0,210.0,90.0,300.0,0,140,0.0
rect_ifft,Rect-IFFT MLP,55,35,150.0,210.0,90.0,330.0,0,140,0.0
rect_ifft,Rect-IFFT MLP,55,36,150.0,210.0,120.0,0.0,2,140,0.014285714285714285
rect_ifft,Rect-IFFT MLP,55,37,150.0,210.0,120.0,30.0,3,140,0.02142857142857143
rect_ifft,Rect-IFFT MLP,55,38,150.0,210.0,120.0,60.0,0,140,0.0
rect_ifft,Rect-IFFT MLP,55,39,150.0,210.0,120.0,90.0,0,140,0.0
rect_ifft,Rect-IFFT MLP,55,40,150.0,210.0,120.0,120.0,0,140,0.0
rect_ifft,Rect-IFFT MLP,55,41,150.0,210.0,120.0,150.0,0,140,0.0
rect_ifft,Rect-IFFT MLP,55,42,150.0,210.0,120.0,180.0,1,140,0.007142857142857143
rect_ifft,Rect-IFFT MLP,55,43,150.0,210.0,120.0,210.0,2,140,0.014285714285714285
rect_ifft,Rect-IFFT MLP,55,44,150.0,210.0,120.0,240.0,0,140,0.0
rect_ifft,Rect-IFFT MLP,55,45,150.0,210.0,120.0,270.0,0,140,0.0
rect_ifft,Rect-IFFT MLP,55,46,150.0,210.0,120.0,300.0,0,140,0.0
rect_ifft,Rect-IFFT MLP,55,47,150.0,210.0,120.0,330.0,0,140,0.0
rect_ifft,Rect-IFFT MLP,55,48,150.0,210.0,150.0,0.0,2,140,0.014285714285714285
rect_ifft,Rect-IFFT MLP,55,49,150.0,210.0,150.0,30.0,6,140,0.04285714285714286
rect_ifft,Rect-IFFT MLP,55,50,150.0,210.0,150.0,60.0,0,140,0.0
rect_ifft,Rect-IFFT MLP,55,51,150.0,210.0,150.0,90.0,0,140,0.0
rect_ifft,Rect-IFFT MLP,55,52,150.0,210.0,150.0,120.0,0,140,0.0
rect_ifft,Rect-IFFT MLP,55,53,150.0,210.0,150.0,150.0,0,140,0.0
rect_ifft,Rect-IFFT MLP,55,54,150.0,210.0,150.0,180.0,2,140,0.014285714285714285
rect_ifft,Rect-IFFT MLP,55,55,150.0,210.0,150.0,210.0,103,140,0.7357142857142858
rect_ifft,Rect-IFFT MLP,55,56,150.0,210.0,150.0,240.0,0,140,0.0
rect_ifft,Rect-IFFT MLP,55,57,150.0,210.0,150.0,270.0,0,140,0.0
rect_ifft,Rect-IFFT MLP,55,58,150.0,210.0,150.0,300.0,0,140,0.0
rect_ifft,Rect-IFFT MLP,55,59,150.0,210.0,150.0,330.0,0,140,0.0
rect_ifft,Rect-IFFT MLP,56,0,150.0,240.0,30.0,0.0,0,140,0.0
rect_ifft,Rect-IFFT MLP,56,1,150.0,240.0,30.0,30.0,0,140,0.0
rect_ifft,Rect-IFFT MLP,56,2,150.0,240.0,30.0,60.0,2,140,0.014285714285714285
rect_ifft,Rect-IFFT MLP,56,3,150.0,240.0,30.0,90.0,6,140,0.04285714285714286
rect_ifft,Rect-IFFT MLP,56,4,150.0,240.0,30.0,120.0,4,140,0.02857142857142857
rect_ifft,Rect-IFFT MLP,56,5,150.0,240.0,30.0,150.0,0,140,0.0
rect_ifft,Rect-IFFT MLP,56,6,150.0,240.0,30.0,180.0,0,140,0.0
rect_ifft,Rect-IFFT MLP,56,7,150.0,240.0,30.0,210.0,0,140,0.0
rect_ifft,Rect-IFFT MLP,56,8,150.0,240.0,30.0,240.0,4,140,0.02857142857142857
rect_ifft,Rect-IFFT MLP,56,9,150.0,240.0,30.0,270.0,4,140,0.02857142857142857
rect_ifft,Rect-IFFT MLP,56,10,150.0,240.0,30.0,300.0,0,140,0.0
rect_ifft,Rect-IFFT MLP,56,11,150.0,240.0,30.0,330.0,0,140,0.0
rect_ifft,Rect-IFFT MLP,56,12,150.0,240.0,60.0,0.0,0,140,0.0
rect_ifft,Rect-IFFT MLP,56,13,150.0,240.0,60.0,30.0,0,140,0.0
rect_ifft,Rect-IFFT MLP,56,14,150.0,240.0,60.0,60.0,0,140,0.0
rect_ifft,Rect-IFFT MLP,56,15,150.0,240.0,60.0,90.0,1,140,0.007142857142857143
rect_ifft,Rect-IFFT MLP,56,16,150.0,240.0,60.0,120.0,0,140,0.0
rect_ifft,Rect-IFFT MLP,56,17,150.0,240.0,60.0,150.0,0,140,0.0
rect_ifft,Rect-IFFT MLP,56,18,150.0,240.0,60.0,180.0,0,140,0.0
rect_ifft,Rect-IFFT MLP,56,19,150.0,240.0,60.0,210.0,0,140,0.0
rect_ifft,Rect-IFFT MLP,56,20,150.0,240.0,60.0,240.0,0,140,0.0
rect_ifft,Rect-IFFT MLP,56,21,150.0,240.0,60.0,270.0,0,140,0.0
rect_ifft,Rect-IFFT MLP,56,22,150.0,240.0,60.0,300.0,0,140,0.0
rect_ifft,Rect-IFFT MLP,56,23,150.0,240.0,60.0,330.0,0,140,0.0
rect_ifft,Rect-IFFT MLP,56,24,150.0,240.0,90.0,0.0,0,140,0.0
rect_ifft,Rect-IFFT MLP,56,25,150.0,240.0,90.0,30.0,0,140,0.0
rect_ifft,Rect-IFFT MLP,56,26,150.0,240.0,90.0,60.0,0,140,0.0
rect_ifft,Rect-IFFT MLP,56,27,150.0,240.0,90.0,90.0,0,140,0.0
rect_ifft,Rect-IFFT MLP,56,28,150.0,240.0,90.0,120.0,0,140,0.0
rect_ifft,Rect-IFFT MLP,56,29,150.0,240.0,90.0,150.0,0,140,0.0
rect_ifft,Rect-IFFT MLP,56,30,150.0,240.0,90.0,180.0,0,140,0.0
rect_ifft,Rect-IFFT MLP,56,31,150.0,240.0,90.0,210.0,0,140,0.0
rect_ifft,Rect-IFFT MLP,56,32,150.0,240.0,90.0,240.0,0,140,0.0
rect_ifft,Rect-IFFT MLP,56,33,150.0,240.0,90.0,270.0,0,140,0.0
rect_ifft,Rect-IFFT MLP,56,34,150.0,240.0,90.0,300.0,0,140,0.0
rect_ifft,Rect-IFFT MLP,56,35,150.0,240.0,90.0,330.0,0,140,0.0
rect_ifft,Rect-IFFT MLP,56,36,150.0,240.0,120.0,0.0,0,140,0.0
rect_ifft,Rect-IFFT MLP,56,37,150.0,240.0,120.0,30.0,0,140,0.0
rect_ifft,Rect-IFFT MLP,56,38,150.0,240.0,120.0,60.0,0,140,0.0
rect_ifft,Rect-IFFT MLP,56,39,150.0,240.0,120.0,90.0,0,140,0.0
rect_ifft,Rect-IFFT MLP,56,40,150.0,240.0,120.0,120.0,0,140,0.0
rect_ifft,Rect-IFFT MLP,56,41,150.0,240.0,120.0,150.0,0,140,0.0
rect_ifft,Rect-IFFT MLP,56,42,150.0,240.0,120.0,180.0,0,140,0.0
rect_ifft,Rect-IFFT MLP,56,43,150.0,240.0,120.0,210.0,0,140,0.0
rect_ifft,Rect-IFFT MLP,56,44,150.0,240.0,120.0,240.0,0,140,0.0
rect_ifft,Rect-IFFT MLP,56,45,150.0,240.0,120.0,270.0,0,140,0.0
rect_ifft,Rect-IFFT MLP,56,46,150.0,240.0,120.0,300.0,0,140,0.0
rect_ifft,Rect-IFFT MLP,56,47,150.0,240.0,120.0,330.0,0,140,0.0
rect_ifft,Rect-IFFT MLP,56,48,150.0,240.0,150.0,0.0,0,140,0.0
rect_ifft,Rect-IFFT MLP,56,49,150.0,240.0,150.0,30.0,0,140,0.0
rect_ifft,Rect-IFFT MLP,56,50,150.0,240.0,150.0,60.0,8,140,0.05714285714285714
rect_ifft,Rect-IFFT MLP,56,51,150.0,240.0,150.0,90.0,2,140,0.014285714285714285
rect_ifft,Rect-IFFT MLP,56,52,150.0,240.0,150.0,120.0,0,140,0.0
rect_ifft,Rect-IFFT MLP,56,53,150.0,240.0,150.0,150.0,0,140,0.0
rect_ifft,Rect-IFFT MLP,56,54,150.0,240.0,150.0,180.0,0,140,0.0
rect_ifft,Rect-IFFT MLP,56,55,150.0,240.0,150.0,210.0,0,140,0.0
rect_ifft,Rect-IFFT MLP,56,56,150.0,240.0,150.0,240.0,106,140,0.7571428571428571
rect_ifft,Rect-IFFT MLP,56,57,150.0,240.0,150.0,270.0,3,140,0.02142857142857143
rect_ifft,Rect-IFFT MLP,56,58,150.0,240.0,150.0,300.0,0,140,0.0
rect_ifft,Rect-IFFT MLP,56,59,150.0,240.0,150.0,330.0,0,140,0.0
rect_ifft,Rect-IFFT MLP,57,0,150.0,270.0,30.0,0.0,0,140,0.0
rect_ifft,Rect-IFFT MLP,57,1,150.0,270.0,30.0,30.0,0,140,0.0
rect_ifft,Rect-IFFT MLP,57,2,150.0,270.0,30.0,60.0,4,140,0.02857142857142857
rect_ifft,Rect-IFFT MLP,57,3,150.0,270.0,30.0,90.0,4,140,0.02857142857142857
rect_ifft,Rect-IFFT MLP,57,4,150.0,270.0,30.0,120.0,0,140,0.0
rect_ifft,Rect-IFFT MLP,57,5,150.0,270.0,30.0,150.0,0,140,0.0
rect_ifft,Rect-IFFT MLP,57,6,150.0,270.0,30.0,180.0,0,140,0.0
rect_ifft,Rect-IFFT MLP,57,7,150.0,270.0,30.0,210.0,0,140,0.0
rect_ifft,Rect-IFFT MLP,57,8,150.0,270.0,30.0,240.0,1,140,0.007142857142857143
rect_ifft,Rect-IFFT MLP,57,9,150.0,270.0,30.0,270.0,0,140,0.0
rect_ifft,Rect-IFFT MLP,57,10,150.0,270.0,30.0,300.0,0,140,0.0
rect_ifft,Rect-IFFT MLP,57,11,150.0,270.0,30.0,330.0,0,140,0.0
rect_ifft,Rect-IFFT MLP,57,12,150.0,270.0,60.0,0.0,0,140,0.0
rect_ifft,Rect-IFFT MLP,57,13,150.0,270.0,60.0,30.0,0,140,0.0
rect_ifft,Rect-IFFT MLP,57,14,150.0,270.0,60.0,60.0,0,140,0.0
rect_ifft,Rect-IFFT MLP,57,15,150.0,270.0,60.0,90.0,0,140,0.0
rect_ifft,Rect-IFFT MLP,57,16,150.0,270.0,60.0,120.0,0,140,0.0
rect_ifft,Rect-IFFT MLP,57,17,150.0,270.0,60.0,150.0,0,140,0.0
rect_ifft,Rect-IFFT MLP,57,18,150.0,270.0,60.0,180.0,0,140,0.0
rect_ifft,Rect-IFFT MLP,57,19,150.0,270.0,60.0,210.0,0,140,0.0
rect_ifft,Rect-IFFT MLP,57,20,150.0,270.0,60.0,240.0,0,140,0.0
rect_ifft,Rect-IFFT MLP,57,21,150.0,270.0,60.0,270.0,0,140,0.0
rect_ifft,Rect-IFFT MLP,57,22,150.0,270.0,60.0,300.0,0,140,0.0
rect_ifft,Rect-IFFT MLP,57,23,150.0,270.0,60.0,330.0,0,140,0.0
rect_ifft,Rect-IFFT MLP,57,24,150.0,270.0,90.0,0.0,0,140,0.0
rect_ifft,Rect-IFFT MLP,57,25,150.0,270.0,90.0,30.0,0,140,0.0
rect_ifft,Rect-IFFT MLP,57,26,150.0,270.0,90.0,60.0,0,140,0.0
rect_ifft,Rect-IFFT MLP,57,27,150.0,270.0,90.0,90.0,0,140,0.0
rect_ifft,Rect-IFFT MLP,57,28,150.0,270.0,90.0,120.0,0,140,0.0
rect_ifft,Rect-IFFT MLP,57,29,150.0,270.0,90.0,150.0,0,140,0.0
rect_ifft,Rect-IFFT MLP,57,30,150.0,270.0,90.0,180.0,0,140,0.0
rect_ifft,Rect-IFFT MLP,57,31,150.0,270.0,90.0,210.0,0,140,0.0
rect_ifft,Rect-IFFT MLP,57,32,150.0,270.0,90.0,240.0,0,140,0.0
rect_ifft,Rect-IFFT MLP,57,33,150.0,270.0,90.0,270.0,0,140,0.0
rect_ifft,Rect-IFFT MLP,57,34,150.0,270.0,90.0,300.0,0,140,0.0
rect_ifft,Rect-IFFT MLP,57,35,150.0,270.0,90.0,330.0,0,140,0.0
rect_ifft,Rect-IFFT MLP,57,36,150.0,270.0,120.0,0.0,0,140,0.0
rect_ifft,Rect-IFFT MLP,57,37,150.0,270.0,120.0,30.0,0,140,0.0
rect_ifft,Rect-IFFT MLP,57,38,150.0,270.0,120.0,60.0,0,140,0.0
rect_ifft,Rect-IFFT MLP,57,39,150.0,270.0,120.0,90.0,0,140,0.0
rect_ifft,Rect-IFFT MLP,57,40,150.0,270.0,120.0,120.0,0,140,0.0
rect_ifft,Rect-IFFT MLP,57,41,150.0,270.0,120.0,150.0,0,140,0.0
rect_ifft,Rect-IFFT MLP,57,42,150.0,270.0,120.0,180.0,0,140,0.0
rect_ifft,Rect-IFFT MLP,57,43,150.0,270.0,120.0,210.0,0,140,0.0
rect_ifft,Rect-IFFT MLP,57,44,150.0,270.0,120.0,240.0,0,140,0.0
rect_ifft,Rect-IFFT MLP,57,45,150.0,270.0,120.0,270.0,0,140,0.0
rect_ifft,Rect-IFFT MLP,57,46,150.0,270.0,120.0,300.0,0,140,0.0
rect_ifft,Rect-IFFT MLP,57,47,150.0,270.0,120.0,330.0,0,140,0.0
rect_ifft,Rect-IFFT MLP,57,48,150.0,270.0,150.0,0.0,0,140,0.0
rect_ifft,Rect-IFFT MLP,57,49,150.0,270.0,150.0,30.0,0,140,0.0
rect_ifft,Rect-IFFT MLP,57,50,150.0,270.0,150.0,60.0,0,140,0.0
rect_ifft,Rect-IFFT MLP,57,51,150.0,270.0,150.0,90.0,9,140,0.06428571428571428
rect_ifft,Rect-IFFT MLP,57,52,150.0,270.0,150.0,120.0,0,140,0.0
rect_ifft,Rect-IFFT MLP,57,53,150.0,270.0,150.0,150.0,0,140,0.0
rect_ifft,Rect-IFFT MLP,57,54,150.0,270.0,150.0,180.0,0,140,0.0
rect_ifft,Rect-IFFT MLP,57,55,150.0,270.0,150.0,210.0,0,140,0.0
rect_ifft,Rect-IFFT MLP,57,56,150.0,270.0,150.0,240.0,5,140,0.03571428571428571
rect_ifft,Rect-IFFT MLP,57,57,150.0,270.0,150.0,270.0,117,140,0.8357142857142857
rect_ifft,Rect-IFFT MLP,57,58,150.0,270.0,150.0,300.0,0,140,0.0
rect_ifft,Rect-IFFT MLP,57,59,150.0,270.0,150.0,330.0,0,140,0.0
rect_ifft,Rect-IFFT MLP,58,0,150.0,300.0,30.0,0.0,0,140,0.0
rect_ifft,Rect-IFFT MLP,58,1,150.0,300.0,30.0,30.0,0,140,0.0
rect_ifft,Rect-IFFT MLP,58,2,150.0,300.0,30.0,60.0,9,140,0.06428571428571428
rect_ifft,Rect-IFFT MLP,58,3,150.0,300.0,30.0,90.0,0,140,0.0
rect_ifft,Rect-IFFT MLP,58,4,150.0,300.0,30.0,120.0,0,140,0.0
rect_ifft,Rect-IFFT MLP,58,5,150.0,300.0,30.0,150.0,0,140,0.0
rect_ifft,Rect-IFFT MLP,58,6,150.0,300.0,30.0,180.0,0,140,0.0
rect_ifft,Rect-IFFT MLP,58,7,150.0,300.0,30.0,210.0,0,140,0.0
rect_ifft,Rect-IFFT MLP,58,8,150.0,300.0,30.0,240.0,0,140,0.0
rect_ifft,Rect-IFFT MLP,58,9,150.0,300.0,30.0,270.0,3,140,0.02142857142857143
rect_ifft,Rect-IFFT MLP,58,10,150.0,300.0,30.0,300.0,2,140,0.014285714285714285
rect_ifft,Rect-IFFT MLP,58,11,150.0,300.0,30.0,330.0,0,140,0.0
rect_ifft,Rect-IFFT MLP,58,12,150.0,300.0,60.0,0.0,0,140,0.0
rect_ifft,Rect-IFFT MLP,58,13,150.0,300.0,60.0,30.0,0,140,0.0
rect_ifft,Rect-IFFT MLP,58,14,150.0,300.0,60.0,60.0,3,140,0.02142857142857143
rect_ifft,Rect-IFFT MLP,58,15,150.0,300.0,60.0,90.0,0,140,0.0
rect_ifft,Rect-IFFT MLP,58,16,150.0,300.0,60.0,120.0,0,140,0.0
rect_ifft,Rect-IFFT MLP,58,17,150.0,300.0,60.0,150.0,0,140,0.0
rect_ifft,Rect-IFFT MLP,58,18,150.0,300.0,60.0,180.0,0,140,0.0
rect_ifft,Rect-IFFT MLP,58,19,150.0,300.0,60.0,210.0,0,140,0.0
rect_ifft,Rect-IFFT MLP,58,20,150.0,300.0,60.0,240.0,0,140,0.0
rect_ifft,Rect-IFFT MLP,58,21,150.0,300.0,60.0,270.0,0,140,0.0
rect_ifft,Rect-IFFT MLP,58,22,150.0,300.0,60.0,300.0,0,140,0.0
rect_ifft,Rect-IFFT MLP,58,23,150.0,300.0,60.0,330.0,1,140,0.007142857142857143
rect_ifft,Rect-IFFT MLP,58,24,150.0,300.0,90.0,0.0,0,140,0.0
rect_ifft,Rect-IFFT MLP,58,25,150.0,300.0,90.0,30.0,0,140,0.0
rect_ifft,Rect-IFFT MLP,58,26,150.0,300.0,90.0,60.0,1,140,0.007142857142857143
rect_ifft,Rect-IFFT MLP,58,27,150.0,300.0,90.0,90.0,0,140,0.0
rect_ifft,Rect-IFFT MLP,58,28,150.0,300.0,90.0,120.0,0,140,0.0
rect_ifft,Rect-IFFT MLP,58,29,150.0,300.0,90.0,150.0,0,140,0.0
rect_ifft,Rect-IFFT MLP,58,30,150.0,300.0,90.0,180.0,0,140,0.0
rect_ifft,Rect-IFFT MLP,58,31,150.0,300.0,90.0,210.0,0,140,0.0
rect_ifft,Rect-IFFT MLP,58,32,150.0,300.0,90.0,240.0,0,140,0.0
rect_ifft,Rect-IFFT MLP,58,33,150.0,300.0,90.0,270.0,0,140,0.0
rect_ifft,Rect-IFFT MLP,58,34,150.0,300.0,90.0,300.0,0,140,0.0
rect_ifft,Rect-IFFT MLP,58,35,150.0,300.0,90.0,330.0,0,140,0.0
rect_ifft,Rect-IFFT MLP,58,36,150.0,300.0,120.0,0.0,0,140,0.0
rect_ifft,Rect-IFFT MLP,58,37,150.0,300.0,120.0,30.0,1,140,0.007142857142857143
rect_ifft,Rect-IFFT MLP,58,38,150.0,300.0,120.0,60.0,1,140,0.007142857142857143
rect_ifft,Rect-IFFT MLP,58,39,150.0,300.0,120.0,90.0,0,140,0.0
rect_ifft,Rect-IFFT MLP,58,40,150.0,300.0,120.0,120.0,0,140,0.0
rect_ifft,Rect-IFFT MLP,58,41,150.0,300.0,120.0,150.0,0,140,0.0
rect_ifft,Rect-IFFT MLP,58,42,150.0,300.0,120.0,180.0,0,140,0.0
rect_ifft,Rect-IFFT MLP,58,43,150.0,300.0,120.0,210.0,0,140,0.0
rect_ifft,Rect-IFFT MLP,58,44,150.0,300.0,120.0,240.0,0,140,0.0
rect_ifft,Rect-IFFT MLP,58,45,150.0,300.0,120.0,270.0,0,140,0.0
rect_ifft,Rect-IFFT MLP,58,46,150.0,300.0,120.0,300.0,0,140,0.0
rect_ifft,Rect-IFFT MLP,58,47,150.0,300.0,120.0,330.0,0,140,0.0
rect_ifft,Rect-IFFT MLP,58,48,150.0,300.0,150.0,0.0,0,140,0.0
rect_ifft,Rect-IFFT MLP,58,49,150.0,300.0,150.0,30.0,0,140,0.0
rect_ifft,Rect-IFFT MLP,58,50,150.0,300.0,150.0,60.0,0,140,0.0
rect_ifft,Rect-IFFT MLP,58,51,150.0,300.0,150.0,90.0,8,140,0.05714285714285714
rect_ifft,Rect-IFFT MLP,58,52,150.0,300.0,150.0,120.0,11,140,0.07857142857142857
rect_ifft,Rect-IFFT MLP,58,53,150.0,300.0,150.0,150.0,0,140,0.0
rect_ifft,Rect-IFFT MLP,58,54,150.0,300.0,150.0,180.0,0,140,0.0
rect_ifft,Rect-IFFT MLP,58,55,150.0,300.0,150.0,210.0,0,140,0.0
rect_ifft,Rect-IFFT MLP,58,56,150.0,300.0,150.0,240.0,0,140,0.0
rect_ifft,Rect-IFFT MLP,58,57,150.0,300.0,150.0,270.0,2,140,0.014285714285714285
rect_ifft,Rect-IFFT MLP,58,58,150.0,300.0,150.0,300.0,97,140,0.6928571428571428
rect_ifft,Rect-IFFT MLP,58,59,150.0,300.0,150.0,330.0,1,140,0.007142857142857143
rect_ifft,Rect-IFFT MLP,59,0,150.0,330.0,30.0,0.0,0,140,0.0
rect_ifft,Rect-IFFT MLP,59,1,150.0,330.0,30.0,30.0,9,140,0.06428571428571428
rect_ifft,Rect-IFFT MLP,59,2,150.0,330.0,30.0,60.0,0,140,0.0
rect_ifft,Rect-IFFT MLP,59,3,150.0,330.0,30.0,90.0,0,140,0.0
rect_ifft,Rect-IFFT MLP,59,4,150.0,330.0,30.0,120.0,0,140,0.0
rect_ifft,Rect-IFFT MLP,59,5,150.0,330.0,30.0,150.0,0,140,0.0
rect_ifft,Rect-IFFT MLP,59,6,150.0,330.0,30.0,180.0,4,140,0.02857142857142857
rect_ifft,Rect-IFFT MLP,59,7,150.0,330.0,30.0,210.0,2,140,0.014285714285714285
rect_ifft,Rect-IFFT MLP,59,8,150.0,330.0,30.0,240.0,0,140,0.0
rect_ifft,Rect-IFFT MLP,59,9,150.0,330.0,30.0,270.0,0,140,0.0
rect_ifft,Rect-IFFT MLP,59,10,150.0,330.0,30.0,300.0,0,140,0.0
rect_ifft,Rect-IFFT MLP,59,11,150.0,330.0,30.0,330.0,2,140,0.014285714285714285
rect_ifft,Rect-IFFT MLP,59,12,150.0,330.0,60.0,0.0,2,140,0.014285714285714285
rect_ifft,Rect-IFFT MLP,59,13,150.0,330.0,60.0,30.0,0,140,0.0
rect_ifft,Rect-IFFT MLP,59,14,150.0,330.0,60.0,60.0,0,140,0.0
rect_ifft,Rect-IFFT MLP,59,15,150.0,330.0,60.0,90.0,0,140,0.0
rect_ifft,Rect-IFFT MLP,59,16,150.0,330.0,60.0,120.0,0,140,0.0
rect_ifft,Rect-IFFT MLP,59,17,150.0,330.0,60.0,150.0,1,140,0.007142857142857143
rect_ifft,Rect-IFFT MLP,59,18,150.0,330.0,60.0,180.0,1,140,0.007142857142857143
rect_ifft,Rect-IFFT MLP,59,19,150.0,330.0,60.0,210.0,0,140,0.0
rect_ifft,Rect-IFFT MLP,59,20,150.0,330.0,60.0,240.0,0,140,0.0
rect_ifft,Rect-IFFT MLP,59,21,150.0,330.0,60.0,270.0,0,140,0.0
rect_ifft,Rect-IFFT MLP,59,22,150.0,330.0,60.0,300.0,0,140,0.0
rect_ifft,Rect-IFFT MLP,59,23,150.0,330.0,60.0,330.0,0,140,0.0
rect_ifft,Rect-IFFT MLP,59,24,150.0,330.0,90.0,0.0,0,140,0.0
rect_ifft,Rect-IFFT MLP,59,25,150.0,330.0,90.0,30.0,0,140,0.0
rect_ifft,Rect-IFFT MLP,59,26,150.0,330.0,90.0,60.0,0,140,0.0
rect_ifft,Rect-IFFT MLP,59,27,150.0,330.0,90.0,90.0,0,140,0.0
rect_ifft,Rect-IFFT MLP,59,28,150.0,330.0,90.0,120.0,0,140,0.0
rect_ifft,Rect-IFFT MLP,59,29,150.0,330.0,90.0,150.0,0,140,0.0
rect_ifft,Rect-IFFT MLP,59,30,150.0,330.0,90.0,180.0,1,140,0.007142857142857143
rect_ifft,Rect-IFFT MLP,59,31,150.0,330.0,90.0,210.0,1,140,0.007142857142857143
rect_ifft,Rect-IFFT MLP,59,32,150.0,330.0,90.0,240.0,0,140,0.0
rect_ifft,Rect-IFFT MLP,59,33,150.0,330.0,90.0,270.0,0,140,0.0
rect_ifft,Rect-IFFT MLP,59,34,150.0,330.0,90.0,300.0,0,140,0.0
rect_ifft,Rect-IFFT MLP,59,35,150.0,330.0,90.0,330.0,0,140,0.0
rect_ifft,Rect-IFFT MLP,59,36,150.0,330.0,120.0,0.0,2,140,0.014285714285714285
rect_ifft,Rect-IFFT MLP,59,37,150.0,330.0,120.0,30.0,3,140,0.02142857142857143
rect_ifft,Rect-IFFT MLP,59,38,150.0,330.0,120.0,60.0,0,140,0.0
rect_ifft,Rect-IFFT MLP,59,39,150.0,330.0,120.0,90.0,0,140,0.0
rect_ifft,Rect-IFFT MLP,59,40,150.0,330.0,120.0,120.0,0,140,0.0
rect_ifft,Rect-IFFT MLP,59,41,150.0,330.0,120.0,150.0,0,140,0.0
rect_ifft,Rect-IFFT MLP,59,42,150.0,330.0,120.0,180.0,1,140,0.007142857142857143
rect_ifft,Rect-IFFT MLP,59,43,150.0,330.0,120.0,210.0,0,140,0.0
rect_ifft,Rect-IFFT MLP,59,44,150.0,330.0,120.0,240.0,0,140,0.0
rect_ifft,Rect-IFFT MLP,59,45,150.0,330.0,120.0,270.0,0,140,0.0
rect_ifft,Rect-IFFT MLP,59,46,150.0,330.0,120.0,300.0,0,140,0.0
rect_ifft,Rect-IFFT MLP,59,47,150.0,330.0,120.0,330.0,1,140,0.007142857142857143
rect_ifft,Rect-IFFT MLP,59,48,150.0,330.0,150.0,0.0,1,140,0.007142857142857143
rect_ifft,Rect-IFFT MLP,59,49,150.0,330.0,150.0,30.0,0,140,0.0
rect_ifft,Rect-IFFT MLP,59,50,150.0,330.0,150.0,60.0,0,140,0.0
rect_ifft,Rect-IFFT MLP,59,51,150.0,330.0,150.0,90.0,0,140,0.0
rect_ifft,Rect-IFFT MLP,59,52,150.0,330.0,150.0,120.0,0,140,0.0
rect_ifft,Rect-IFFT MLP,59,53,150.0,330.0,150.0,150.0,5,140,0.03571428571428571
rect_ifft,Rect-IFFT MLP,59,54,150.0,330.0,150.0,180.0,0,140,0.0
rect_ifft,Rect-IFFT MLP,59,55,150.0,330.0,150.0,210.0,0,140,0.0
rect_ifft,Rect-IFFT MLP,59,56,150.0,330.0,150.0,240.0,0,140,0.0
rect_ifft,Rect-IFFT MLP,59,57,150.0,330.0,150.0,270.0,0,140,0.0
rect_ifft,Rect-IFFT MLP,59,58,150.0,330.0,150.0,300.0,3,140,0.02142857142857143
rect_ifft,Rect-IFFT MLP,59,59,150.0,330.0,150.0,330.0,101,140,0.7214285714285714
hann_ifft,Hann-IFFT MLP,0,0,30.0,0.0,30.0,0.0,79,140,0.5642857142857143
hann_ifft,Hann-IFFT MLP,0,1,30.0,0.0,30.0,30.0,0,140,0.0
hann_ifft,Hann-IFFT MLP,0,2,30.0,0.0,30.0,60.0,0,140,0.0
hann_ifft,Hann-IFFT MLP,0,3,30.0,0.0,30.0,90.0,0,140,0.0
hann_ifft,Hann-IFFT MLP,0,4,30.0,0.0,30.0,120.0,0,140,0.0
hann_ifft,Hann-IFFT MLP,0,5,30.0,0.0,30.0,150.0,0,140,0.0
hann_ifft,Hann-IFFT MLP,0,6,30.0,0.0,30.0,180.0,19,140,0.1357142857142857
hann_ifft,Hann-IFFT MLP,0,7,30.0,0.0,30.0,210.0,0,140,0.0
hann_ifft,Hann-IFFT MLP,0,8,30.0,0.0,30.0,240.0,0,140,0.0
hann_ifft,Hann-IFFT MLP,0,9,30.0,0.0,30.0,270.0,0,140,0.0
hann_ifft,Hann-IFFT MLP,0,10,30.0,0.0,30.0,300.0,0,140,0.0
hann_ifft,Hann-IFFT MLP,0,11,30.0,0.0,30.0,330.0,0,140,0.0
hann_ifft,Hann-IFFT MLP,0,12,30.0,0.0,60.0,0.0,26,140,0.18571428571428572
hann_ifft,Hann-IFFT MLP,0,13,30.0,0.0,60.0,30.0,0,140,0.0
hann_ifft,Hann-IFFT MLP,0,14,30.0,0.0,60.0,60.0,0,140,0.0
hann_ifft,Hann-IFFT MLP,0,15,30.0,0.0,60.0,90.0,0,140,0.0
hann_ifft,Hann-IFFT MLP,0,16,30.0,0.0,60.0,120.0,0,140,0.0
hann_ifft,Hann-IFFT MLP,0,17,30.0,0.0,60.0,150.0,1,140,0.007142857142857143
hann_ifft,Hann-IFFT MLP,0,18,30.0,0.0,60.0,180.0,8,140,0.05714285714285714
hann_ifft,Hann-IFFT MLP,0,19,30.0,0.0,60.0,210.0,0,140,0.0
hann_ifft,Hann-IFFT MLP,0,20,30.0,0.0,60.0,240.0,0,140,0.0
hann_ifft,Hann-IFFT MLP,0,21,30.0,0.0,60.0,270.0,0,140,0.0
hann_ifft,Hann-IFFT MLP,0,22,30.0,0.0,60.0,300.0,0,140,0.0
hann_ifft,Hann-IFFT MLP,0,23,30.0,0.0,60.0,330.0,0,140,0.0
hann_ifft,Hann-IFFT MLP,0,24,30.0,0.0,90.0,0.0,0,140,0.0
hann_ifft,Hann-IFFT MLP,0,25,30.0,0.0,90.0,30.0,0,140,0.0
hann_ifft,Hann-IFFT MLP,0,26,30.0,0.0,90.0,60.0,0,140,0.0
hann_ifft,Hann-IFFT MLP,0,27,30.0,0.0,90.0,90.0,0,140,0.0
hann_ifft,Hann-IFFT MLP,0,28,30.0,0.0,90.0,120.0,0,140,0.0
hann_ifft,Hann-IFFT MLP,0,29,30.0,0.0,90.0,150.0,0,140,0.0
hann_ifft,Hann-IFFT MLP,0,30,30.0,0.0,90.0,180.0,0,140,0.0
hann_ifft,Hann-IFFT MLP,0,31,30.0,0.0,90.0,210.0,0,140,0.0
hann_ifft,Hann-IFFT MLP,0,32,30.0,0.0,90.0,240.0,0,140,0.0
hann_ifft,Hann-IFFT MLP,0,33,30.0,0.0,90.0,270.0,0,140,0.0
hann_ifft,Hann-IFFT MLP,0,34,30.0,0.0,90.0,300.0,0,140,0.0
hann_ifft,Hann-IFFT MLP,0,35,30.0,0.0,90.0,330.0,0,140,0.0
hann_ifft,Hann-IFFT MLP,0,36,30.0,0.0,120.0,0.0,1,140,0.007142857142857143
hann_ifft,Hann-IFFT MLP,0,37,30.0,0.0,120.0,30.0,0,140,0.0
hann_ifft,Hann-IFFT MLP,0,38,30.0,0.0,120.0,60.0,0,140,0.0
hann_ifft,Hann-IFFT MLP,0,39,30.0,0.0,120.0,90.0,0,140,0.0
hann_ifft,Hann-IFFT MLP,0,40,30.0,0.0,120.0,120.0,0,140,0.0
hann_ifft,Hann-IFFT MLP,0,41,30.0,0.0,120.0,150.0,0,140,0.0
hann_ifft,Hann-IFFT MLP,0,42,30.0,0.0,120.0,180.0,6,140,0.04285714285714286
hann_ifft,Hann-IFFT MLP,0,43,30.0,0.0,120.0,210.0,0,140,0.0
hann_ifft,Hann-IFFT MLP,0,44,30.0,0.0,120.0,240.0,0,140,0.0
hann_ifft,Hann-IFFT MLP,0,45,30.0,0.0,120.0,270.0,0,140,0.0
hann_ifft,Hann-IFFT MLP,0,46,30.0,0.0,120.0,300.0,0,140,0.0
hann_ifft,Hann-IFFT MLP,0,47,30.0,0.0,120.0,330.0,0,140,0.0
hann_ifft,Hann-IFFT MLP,0,48,30.0,0.0,150.0,0.0,0,140,0.0
hann_ifft,Hann-IFFT MLP,0,49,30.0,0.0,150.0,30.0,0,140,0.0
hann_ifft,Hann-IFFT MLP,0,50,30.0,0.0,150.0,60.0,0,140,0.0
hann_ifft,Hann-IFFT MLP,0,51,30.0,0.0,150.0,90.0,0,140,0.0
hann_ifft,Hann-IFFT MLP,0,52,30.0,0.0,150.0,120.0,0,140,0.0
hann_ifft,Hann-IFFT MLP,0,53,30.0,0.0,150.0,150.0,0,140,0.0
hann_ifft,Hann-IFFT MLP,0,54,30.0,0.0,150.0,180.0,0,140,0.0
hann_ifft,Hann-IFFT MLP,0,55,30.0,0.0,150.0,210.0,0,140,0.0
hann_ifft,Hann-IFFT MLP,0,56,30.0,0.0,150.0,240.0,0,140,0.0
hann_ifft,Hann-IFFT MLP,0,57,30.0,0.0,150.0,270.0,0,140,0.0
hann_ifft,Hann-IFFT MLP,0,58,30.0,0.0,150.0,300.0,0,140,0.0
hann_ifft,Hann-IFFT MLP,0,59,30.0,0.0,150.0,330.0,0,140,0.0
hann_ifft,Hann-IFFT MLP,1,0,30.0,30.0,30.0,0.0,7,140,0.05
hann_ifft,Hann-IFFT MLP,1,1,30.0,30.0,30.0,30.0,100,140,0.7142857142857143
hann_ifft,Hann-IFFT MLP,1,2,30.0,30.0,30.0,60.0,0,140,0.0
hann_ifft,Hann-IFFT MLP,1,3,30.0,30.0,30.0,90.0,0,140,0.0
hann_ifft,Hann-IFFT MLP,1,4,30.0,30.0,30.0,120.0,0,140,0.0
hann_ifft,Hann-IFFT MLP,1,5,30.0,30.0,30.0,150.0,0,140,0.0
hann_ifft,Hann-IFFT MLP,1,6,30.0,30.0,30.0,180.0,1,140,0.007142857142857143
hann_ifft,Hann-IFFT MLP,1,7,30.0,30.0,30.0,210.0,7,140,0.05
hann_ifft,Hann-IFFT MLP,1,8,30.0,30.0,30.0,240.0,0,140,0.0
hann_ifft,Hann-IFFT MLP,1,9,30.0,30.0,30.0,270.0,0,140,0.0
hann_ifft,Hann-IFFT MLP,1,10,30.0,30.0,30.0,300.0,0,140,0.0
hann_ifft,Hann-IFFT MLP,1,11,30.0,30.0,30.0,330.0,3,140,0.02142857142857143
hann_ifft,Hann-IFFT MLP,1,12,30.0,30.0,60.0,0.0,1,140,0.007142857142857143
hann_ifft,Hann-IFFT MLP,1,13,30.0,30.0,60.0,30.0,5,140,0.03571428571428571
hann_ifft,Hann-IFFT MLP,1,14,30.0,30.0,60.0,60.0,1,140,0.007142857142857143
hann_ifft,Hann-IFFT MLP,1,15,30.0,30.0,60.0,90.0,0,140,0.0
hann_ifft,Hann-IFFT MLP,1,16,30.0,30.0,60.0,120.0,0,140,0.0
hann_ifft,Hann-IFFT MLP,1,17,30.0,30.0,60.0,150.0,0,140,0.0
hann_ifft,Hann-IFFT MLP,1,18,30.0,30.0,60.0,180.0,0,140,0.0
hann_ifft,Hann-IFFT MLP,1,19,30.0,30.0,60.0,210.0,0,140,0.0
hann_ifft,Hann-IFFT MLP,1,20,30.0,30.0,60.0,240.0,0,140,0.0
hann_ifft,Hann-IFFT MLP,1,21,30.0,30.0,60.0,270.0,0,140,0.0
hann_ifft,Hann-IFFT MLP,1,22,30.0,30.0,60.0,300.0,0,140,0.0
hann_ifft,Hann-IFFT MLP,1,23,30.0,30.0,60.0,330.0,0,140,0.0
hann_ifft,Hann-IFFT MLP,1,24,30.0,30.0,90.0,0.0,0,140,0.0
hann_ifft,Hann-IFFT MLP,1,25,30.0,30.0,90.0,30.0,0,140,0.0
hann_ifft,Hann-IFFT MLP,1,26,30.0,30.0,90.0,60.0,0,140,0.0
hann_ifft,Hann-IFFT MLP,1,27,30.0,30.0,90.0,90.0,0,140,0.0
hann_ifft,Hann-IFFT MLP,1,28,30.0,30.0,90.0,120.0,0,140,0.0
hann_ifft,Hann-IFFT MLP,1,29,30.0,30.0,90.0,150.0,0,140,0.0
hann_ifft,Hann-IFFT MLP,1,30,30.0,30.0,90.0,180.0,0,140,0.0
hann_ifft,Hann-IFFT MLP,1,31,30.0,30.0,90.0,210.0,0,140,0.0
hann_ifft,Hann-IFFT MLP,1,32,30.0,30.0,90.0,240.0,0,140,0.0
hann_ifft,Hann-IFFT MLP,1,33,30.0,30.0,90.0,270.0,0,140,0.0
hann_ifft,Hann-IFFT MLP,1,34,30.0,30.0,90.0,300.0,0,140,0.0
hann_ifft,Hann-IFFT MLP,1,35,30.0,30.0,90.0,330.0,0,140,0.0
hann_ifft,Hann-IFFT MLP,1,36,30.0,30.0,120.0,0.0,0,140,0.0
hann_ifft,Hann-IFFT MLP,1,37,30.0,30.0,120.0,30.0,0,140,0.0
hann_ifft,Hann-IFFT MLP,1,38,30.0,30.0,120.0,60.0,0,140,0.0
hann_ifft,Hann-IFFT MLP,1,39,30.0,30.0,120.0,90.0,0,140,0.0
hann_ifft,Hann-IFFT MLP,1,40,30.0,30.0,120.0,120.0,0,140,0.0
hann_ifft,Hann-IFFT MLP,1,41,30.0,30.0,120.0,150.0,0,140,0.0
hann_ifft,Hann-IFFT MLP,1,42,30.0,30.0,120.0,180.0,0,140,0.0
hann_ifft,Hann-IFFT MLP,1,43,30.0,30.0,120.0,210.0,1,140,0.007142857142857143
hann_ifft,Hann-IFFT MLP,1,44,30.0,30.0,120.0,240.0,0,140,0.0
hann_ifft,Hann-IFFT MLP,1,45,30.0,30.0,120.0,270.0,0,140,0.0
hann_ifft,Hann-IFFT MLP,1,46,30.0,30.0,120.0,300.0,0,140,0.0
hann_ifft,Hann-IFFT MLP,1,47,30.0,30.0,120.0,330.0,1,140,0.007142857142857143
hann_ifft,Hann-IFFT MLP,1,48,30.0,30.0,150.0,0.0,2,140,0.014285714285714285
hann_ifft,Hann-IFFT MLP,1,49,30.0,30.0,150.0,30.0,1,140,0.007142857142857143
hann_ifft,Hann-IFFT MLP,1,50,30.0,30.0,150.0,60.0,0,140,0.0
hann_ifft,Hann-IFFT MLP,1,51,30.0,30.0,150.0,90.0,0,140,0.0
hann_ifft,Hann-IFFT MLP,1,52,30.0,30.0,150.0,120.0,0,140,0.0
hann_ifft,Hann-IFFT MLP,1,53,30.0,30.0,150.0,150.0,0,140,0.0
hann_ifft,Hann-IFFT MLP,1,54,30.0,30.0,150.0,180.0,2,140,0.014285714285714285
hann_ifft,Hann-IFFT MLP,1,55,30.0,30.0,150.0,210.0,0,140,0.0
hann_ifft,Hann-IFFT MLP,1,56,30.0,30.0,150.0,240.0,0,140,0.0
hann_ifft,Hann-IFFT MLP,1,57,30.0,30.0,150.0,270.0,0,140,0.0
hann_ifft,Hann-IFFT MLP,1,58,30.0,30.0,150.0,300.0,0,140,0.0
hann_ifft,Hann-IFFT MLP,1,59,30.0,30.0,150.0,330.0,8,140,0.05714285714285714
hann_ifft,Hann-IFFT MLP,2,0,30.0,60.0,30.0,0.0,0,140,0.0
hann_ifft,Hann-IFFT MLP,2,1,30.0,60.0,30.0,30.0,0,140,0.0
hann_ifft,Hann-IFFT MLP,2,2,30.0,60.0,30.0,60.0,94,140,0.6714285714285714
hann_ifft,Hann-IFFT MLP,2,3,30.0,60.0,30.0,90.0,0,140,0.0
hann_ifft,Hann-IFFT MLP,2,4,30.0,60.0,30.0,120.0,0,140,0.0
hann_ifft,Hann-IFFT MLP,2,5,30.0,60.0,30.0,150.0,0,140,0.0
hann_ifft,Hann-IFFT MLP,2,6,30.0,60.0,30.0,180.0,0,140,0.0
hann_ifft,Hann-IFFT MLP,2,7,30.0,60.0,30.0,210.0,0,140,0.0
hann_ifft,Hann-IFFT MLP,2,8,30.0,60.0,30.0,240.0,7,140,0.05
hann_ifft,Hann-IFFT MLP,2,9,30.0,60.0,30.0,270.0,1,140,0.007142857142857143
hann_ifft,Hann-IFFT MLP,2,10,30.0,60.0,30.0,300.0,0,140,0.0
hann_ifft,Hann-IFFT MLP,2,11,30.0,60.0,30.0,330.0,0,140,0.0
hann_ifft,Hann-IFFT MLP,2,12,30.0,60.0,60.0,0.0,0,140,0.0
hann_ifft,Hann-IFFT MLP,2,13,30.0,60.0,60.0,30.0,0,140,0.0
hann_ifft,Hann-IFFT MLP,2,14,30.0,60.0,60.0,60.0,0,140,0.0
hann_ifft,Hann-IFFT MLP,2,15,30.0,60.0,60.0,90.0,0,140,0.0
hann_ifft,Hann-IFFT MLP,2,16,30.0,60.0,60.0,120.0,0,140,0.0
hann_ifft,Hann-IFFT MLP,2,17,30.0,60.0,60.0,150.0,0,140,0.0
hann_ifft,Hann-IFFT MLP,2,18,30.0,60.0,60.0,180.0,0,140,0.0
hann_ifft,Hann-IFFT MLP,2,19,30.0,60.0,60.0,210.0,0,140,0.0
hann_ifft,Hann-IFFT MLP,2,20,30.0,60.0,60.0,240.0,0,140,0.0
hann_ifft,Hann-IFFT MLP,2,21,30.0,60.0,60.0,270.0,0,140,0.0
hann_ifft,Hann-IFFT MLP,2,22,30.0,60.0,60.0,300.0,0,140,0.0
hann_ifft,Hann-IFFT MLP,2,23,30.0,60.0,60.0,330.0,0,140,0.0
hann_ifft,Hann-IFFT MLP,2,24,30.0,60.0,90.0,0.0,0,140,0.0
hann_ifft,Hann-IFFT MLP,2,25,30.0,60.0,90.0,30.0,0,140,0.0
hann_ifft,Hann-IFFT MLP,2,26,30.0,60.0,90.0,60.0,0,140,0.0
hann_ifft,Hann-IFFT MLP,2,27,30.0,60.0,90.0,90.0,0,140,0.0
hann_ifft,Hann-IFFT MLP,2,28,30.0,60.0,90.0,120.0,0,140,0.0
hann_ifft,Hann-IFFT MLP,2,29,30.0,60.0,90.0,150.0,0,140,0.0
hann_ifft,Hann-IFFT MLP,2,30,30.0,60.0,90.0,180.0,0,140,0.0
hann_ifft,Hann-IFFT MLP,2,31,30.0,60.0,90.0,210.0,0,140,0.0
hann_ifft,Hann-IFFT MLP,2,32,30.0,60.0,90.0,240.0,0,140,0.0
hann_ifft,Hann-IFFT MLP,2,33,30.0,60.0,90.0,270.0,0,140,0.0
hann_ifft,Hann-IFFT MLP,2,34,30.0,60.0,90.0,300.0,0,140,0.0
hann_ifft,Hann-IFFT MLP,2,35,30.0,60.0,90.0,330.0,0,140,0.0
hann_ifft,Hann-IFFT MLP,2,36,30.0,60.0,120.0,0.0,0,140,0.0
hann_ifft,Hann-IFFT MLP,2,37,30.0,60.0,120.0,30.0,0,140,0.0
hann_ifft,Hann-IFFT MLP,2,38,30.0,60.0,120.0,60.0,0,140,0.0
hann_ifft,Hann-IFFT MLP,2,39,30.0,60.0,120.0,90.0,3,140,0.02142857142857143
hann_ifft,Hann-IFFT MLP,2,40,30.0,60.0,120.0,120.0,0,140,0.0
hann_ifft,Hann-IFFT MLP,2,41,30.0,60.0,120.0,150.0,0,140,0.0
hann_ifft,Hann-IFFT MLP,2,42,30.0,60.0,120.0,180.0,0,140,0.0
hann_ifft,Hann-IFFT MLP,2,43,30.0,60.0,120.0,210.0,0,140,0.0
hann_ifft,Hann-IFFT MLP,2,44,30.0,60.0,120.0,240.0,0,140,0.0
hann_ifft,Hann-IFFT MLP,2,45,30.0,60.0,120.0,270.0,0,140,0.0
hann_ifft,Hann-IFFT MLP,2,46,30.0,60.0,120.0,300.0,0,140,0.0
hann_ifft,Hann-IFFT MLP,2,47,30.0,60.0,120.0,330.0,0,140,0.0
hann_ifft,Hann-IFFT MLP,2,48,30.0,60.0,150.0,0.0,0,140,0.0
hann_ifft,Hann-IFFT MLP,2,49,30.0,60.0,150.0,30.0,0,140,0.0
hann_ifft,Hann-IFFT MLP,2,50,30.0,60.0,150.0,60.0,0,140,0.0
hann_ifft,Hann-IFFT MLP,2,51,30.0,60.0,150.0,90.0,5,140,0.03571428571428571
hann_ifft,Hann-IFFT MLP,2,52,30.0,60.0,150.0,120.0,13,140,0.09285714285714286
hann_ifft,Hann-IFFT MLP,2,53,30.0,60.0,150.0,150.0,0,140,0.0
hann_ifft,Hann-IFFT MLP,2,54,30.0,60.0,150.0,180.0,0,140,0.0
hann_ifft,Hann-IFFT MLP,2,55,30.0,60.0,150.0,210.0,0,140,0.0
hann_ifft,Hann-IFFT MLP,2,56,30.0,60.0,150.0,240.0,0,140,0.0
hann_ifft,Hann-IFFT MLP,2,57,30.0,60.0,150.0,270.0,6,140,0.04285714285714286
hann_ifft,Hann-IFFT MLP,2,58,30.0,60.0,150.0,300.0,10,140,0.07142857142857142
hann_ifft,Hann-IFFT MLP,2,59,30.0,60.0,150.0,330.0,1,140,0.007142857142857143
hann_ifft,Hann-IFFT MLP,3,0,30.0,90.0,30.0,0.0,0,140,0.0
hann_ifft,Hann-IFFT MLP,3,1,30.0,90.0,30.0,30.0,0,140,0.0
hann_ifft,Hann-IFFT MLP,3,2,30.0,90.0,30.0,60.0,0,140,0.0
hann_ifft,Hann-IFFT MLP,3,3,30.0,90.0,30.0,90.0,90,140,0.6428571428571429
hann_ifft,Hann-IFFT MLP,3,4,30.0,90.0,30.0,120.0,0,140,0.0
hann_ifft,Hann-IFFT MLP,3,5,30.0,90.0,30.0,150.0,0,140,0.0
hann_ifft,Hann-IFFT MLP,3,6,30.0,90.0,30.0,180.0,0,140,0.0
hann_ifft,Hann-IFFT MLP,3,7,30.0,90.0,30.0,210.0,0,140,0.0
hann_ifft,Hann-IFFT MLP,3,8,30.0,90.0,30.0,240.0,0,140,0.0
hann_ifft,Hann-IFFT MLP,3,9,30.0,90.0,30.0,270.0,9,140,0.06428571428571428
hann_ifft,Hann-IFFT MLP,3,10,30.0,90.0,30.0,300.0,0,140,0.0
hann_ifft,Hann-IFFT MLP,3,11,30.0,90.0,30.0,330.0,0,140,0.0
hann_ifft,Hann-IFFT MLP,3,12,30.0,90.0,60.0,0.0,0,140,0.0
hann_ifft,Hann-IFFT MLP,3,13,30.0,90.0,60.0,30.0,0,140,0.0
hann_ifft,Hann-IFFT MLP,3,14,30.0,90.0,60.0,60.0,1,140,0.007142857142857143
hann_ifft,Hann-IFFT MLP,3,15,30.0,90.0,60.0,90.0,7,140,0.05
hann_ifft,Hann-IFFT MLP,3,16,30.0,90.0,60.0,120.0,1,140,0.007142857142857143
hann_ifft,Hann-IFFT MLP,3,17,30.0,90.0,60.0,150.0,0,140,0.0
hann_ifft,Hann-IFFT MLP,3,18,30.0,90.0,60.0,180.0,0,140,0.0
hann_ifft,Hann-IFFT MLP,3,19,30.0,90.0,60.0,210.0,0,140,0.0
hann_ifft,Hann-IFFT MLP,3,20,30.0,90.0,60.0,240.0,1,140,0.007142857142857143
hann_ifft,Hann-IFFT MLP,3,21,30.0,90.0,60.0,270.0,2,140,0.014285714285714285
hann_ifft,Hann-IFFT MLP,3,22,30.0,90.0,60.0,300.0,1,140,0.007142857142857143
hann_ifft,Hann-IFFT MLP,3,23,30.0,90.0,60.0,330.0,0,140,0.0
hann_ifft,Hann-IFFT MLP,3,24,30.0,90.0,90.0,0.0,0,140,0.0
hann_ifft,Hann-IFFT MLP,3,25,30.0,90.0,90.0,30.0,0,140,0.0
hann_ifft,Hann-IFFT MLP,3,26,30.0,90.0,90.0,60.0,0,140,0.0
hann_ifft,Hann-IFFT MLP,3,27,30.0,90.0,90.0,90.0,0,140,0.0
hann_ifft,Hann-IFFT MLP,3,28,30.0,90.0,90.0,120.0,0,140,0.0
hann_ifft,Hann-IFFT MLP,3,29,30.0,90.0,90.0,150.0,0,140,0.0
hann_ifft,Hann-IFFT MLP,3,30,30.0,90.0,90.0,180.0,0,140,0.0
hann_ifft,Hann-IFFT MLP,3,31,30.0,90.0,90.0,210.0,0,140,0.0
hann_ifft,Hann-IFFT MLP,3,32,30.0,90.0,90.0,240.0,0,140,0.0
hann_ifft,Hann-IFFT MLP,3,33,30.0,90.0,90.0,270.0,0,140,0.0
hann_ifft,Hann-IFFT MLP,3,34,30.0,90.0,90.0,300.0,0,140,0.0
hann_ifft,Hann-IFFT MLP,3,35,30.0,90.0,90.0,330.0,0,140,0.0
hann_ifft,Hann-IFFT MLP,3,36,30.0,90.0,120.0,0.0,0,140,0.0
hann_ifft,Hann-IFFT MLP,3,37,30.0,90.0,120.0,30.0,0,140,0.0
hann_ifft,Hann-IFFT MLP,3,38,30.0,90.0,120.0,60.0,0,140,0.0
hann_ifft,Hann-IFFT MLP,3,39,30.0,90.0,120.0,90.0,6,140,0.04285714285714286
hann_ifft,Hann-IFFT MLP,3,40,30.0,90.0,120.0,120.0,1,140,0.007142857142857143
hann_ifft,Hann-IFFT MLP,3,41,30.0,90.0,120.0,150.0,0,140,0.0
hann_ifft,Hann-IFFT MLP,3,42,30.0,90.0,120.0,180.0,0,140,0.0
hann_ifft,Hann-IFFT MLP,3,43,30.0,90.0,120.0,210.0,0,140,0.0
hann_ifft,Hann-IFFT MLP,3,44,30.0,90.0,120.0,240.0,0,140,0.0
hann_ifft,Hann-IFFT MLP,3,45,30.0,90.0,120.0,270.0,3,140,0.02142857142857143
hann_ifft,Hann-IFFT MLP,3,46,30.0,90.0,120.0,300.0,0,140,0.0
hann_ifft,Hann-IFFT MLP,3,47,30.0,90.0,120.0,330.0,0,140,0.0
hann_ifft,Hann-IFFT MLP,3,48,30.0,90.0,150.0,0.0,0,140,0.0
hann_ifft,Hann-IFFT MLP,3,49,30.0,90.0,150.0,30.0,0,140,0.0
hann_ifft,Hann-IFFT MLP,3,50,30.0,90.0,150.0,60.0,2,140,0.014285714285714285
hann_ifft,Hann-IFFT MLP,3,51,30.0,90.0,150.0,90.0,7,140,0.05
hann_ifft,Hann-IFFT MLP,3,52,30.0,90.0,150.0,120.0,0,140,0.0
hann_ifft,Hann-IFFT MLP,3,53,30.0,90.0,150.0,150.0,1,140,0.007142857142857143
hann_ifft,Hann-IFFT MLP,3,54,30.0,90.0,150.0,180.0,0,140,0.0
hann_ifft,Hann-IFFT MLP,3,55,30.0,90.0,150.0,210.0,0,140,0.0
hann_ifft,Hann-IFFT MLP,3,56,30.0,90.0,150.0,240.0,7,140,0.05
hann_ifft,Hann-IFFT MLP,3,57,30.0,90.0,150.0,270.0,1,140,0.007142857142857143
hann_ifft,Hann-IFFT MLP,3,58,30.0,90.0,150.0,300.0,0,140,0.0
hann_ifft,Hann-IFFT MLP,3,59,30.0,90.0,150.0,330.0,0,140,0.0
hann_ifft,Hann-IFFT MLP,4,0,30.0,120.0,30.0,0.0,0,140,0.0
hann_ifft,Hann-IFFT MLP,4,1,30.0,120.0,30.0,30.0,2,140,0.014285714285714285
hann_ifft,Hann-IFFT MLP,4,2,30.0,120.0,30.0,60.0,2,140,0.014285714285714285
hann_ifft,Hann-IFFT MLP,4,3,30.0,120.0,30.0,90.0,0,140,0.0
hann_ifft,Hann-IFFT MLP,4,4,30.0,120.0,30.0,120.0,92,140,0.6571428571428571
hann_ifft,Hann-IFFT MLP,4,5,30.0,120.0,30.0,150.0,0,140,0.0
hann_ifft,Hann-IFFT MLP,4,6,30.0,120.0,30.0,180.0,0,140,0.0
hann_ifft,Hann-IFFT MLP,4,7,30.0,120.0,30.0,210.0,0,140,0.0
hann_ifft,Hann-IFFT MLP,4,8,30.0,120.0,30.0,240.0,1,140,0.007142857142857143
hann_ifft,Hann-IFFT MLP,4,9,30.0,120.0,30.0,270.0,4,140,0.02857142857142857
hann_ifft,Hann-IFFT MLP,4,10,30.0,120.0,30.0,300.0,12,140,0.08571428571428572
hann_ifft,Hann-IFFT MLP,4,11,30.0,120.0,30.0,330.0,0,140,0.0
hann_ifft,Hann-IFFT MLP,4,12,30.0,120.0,60.0,0.0,0,140,0.0
hann_ifft,Hann-IFFT MLP,4,13,30.0,120.0,60.0,30.0,1,140,0.007142857142857143
hann_ifft,Hann-IFFT MLP,4,14,30.0,120.0,60.0,60.0,4,140,0.02857142857142857
hann_ifft,Hann-IFFT MLP,4,15,30.0,120.0,60.0,90.0,0,140,0.0
hann_ifft,Hann-IFFT MLP,4,16,30.0,120.0,60.0,120.0,2,140,0.014285714285714285
hann_ifft,Hann-IFFT MLP,4,17,30.0,120.0,60.0,150.0,0,140,0.0
hann_ifft,Hann-IFFT MLP,4,18,30.0,120.0,60.0,180.0,0,140,0.0
hann_ifft,Hann-IFFT MLP,4,19,30.0,120.0,60.0,210.0,0,140,0.0
hann_ifft,Hann-IFFT MLP,4,20,30.0,120.0,60.0,240.0,0,140,0.0
hann_ifft,Hann-IFFT MLP,4,21,30.0,120.0,60.0,270.0,0,140,0.0
hann_ifft,Hann-IFFT MLP,4,22,30.0,120.0,60.0,300.0,3,140,0.02142857142857143
hann_ifft,Hann-IFFT MLP,4,23,30.0,120.0,60.0,330.0,2,140,0.014285714285714285
hann_ifft,Hann-IFFT MLP,4,24,30.0,120.0,90.0,0.0,0,140,0.0
hann_ifft,Hann-IFFT MLP,4,25,30.0,120.0,90.0,30.0,1,140,0.007142857142857143
hann_ifft,Hann-IFFT MLP,4,26,30.0,120.0,90.0,60.0,0,140,0.0
hann_ifft,Hann-IFFT MLP,4,27,30.0,120.0,90.0,90.0,0,140,0.0
hann_ifft,Hann-IFFT MLP,4,28,30.0,120.0,90.0,120.0,0,140,0.0
hann_ifft,Hann-IFFT MLP,4,29,30.0,120.0,90.0,150.0,0,140,0.0
hann_ifft,Hann-IFFT MLP,4,30,30.0,120.0,90.0,180.0,0,140,0.0
hann_ifft,Hann-IFFT MLP,4,31,30.0,120.0,90.0,210.0,0,140,0.0
hann_ifft,Hann-IFFT MLP,4,32,30.0,120.0,90.0,240.0,0,140,0.0
hann_ifft,Hann-IFFT MLP,4,33,30.0,120.0,90.0,270.0,0,140,0.0
hann_ifft,Hann-IFFT MLP,4,34,30.0,120.0,90.0,300.0,0,140,0.0
hann_ifft,Hann-IFFT MLP,4,35,30.0,120.0,90.0,330.0,0,140,0.0
hann_ifft,Hann-IFFT MLP,4,36,30.0,120.0,120.0,0.0,0,140,0.0
hann_ifft,Hann-IFFT MLP,4,37,30.0,120.0,120.0,30.0,1,140,0.007142857142857143
hann_ifft,Hann-IFFT MLP,4,38,30.0,120.0,120.0,60.0,0,140,0.0
hann_ifft,Hann-IFFT MLP,4,39,30.0,120.0,120.0,90.0,0,140,0.0
hann_ifft,Hann-IFFT MLP,4,40,30.0,120.0,120.0,120.0,0,140,0.0
hann_ifft,Hann-IFFT MLP,4,41,30.0,120.0,120.0,150.0,0,140,0.0
hann_ifft,Hann-IFFT MLP,4,42,30.0,120.0,120.0,180.0,0,140,0.0
hann_ifft,Hann-IFFT MLP,4,43,30.0,120.0,120.0,210.0,0,140,0.0
hann_ifft,Hann-IFFT MLP,4,44,30.0,120.0,120.0,240.0,0,140,0.0
hann_ifft,Hann-IFFT MLP,4,45,30.0,120.0,120.0,270.0,0,140,0.0
hann_ifft,Hann-IFFT MLP,4,46,30.0,120.0,120.0,300.0,0,140,0.0
hann_ifft,Hann-IFFT MLP,4,47,30.0,120.0,120.0,330.0,0,140,0.0
hann_ifft,Hann-IFFT MLP,4,48,30.0,120.0,150.0,0.0,0,140,0.0
hann_ifft,Hann-IFFT MLP,4,49,30.0,120.0,150.0,30.0,1,140,0.007142857142857143
hann_ifft,Hann-IFFT MLP,4,50,30.0,120.0,150.0,60.0,4,140,0.02857142857142857
hann_ifft,Hann-IFFT MLP,4,51,30.0,120.0,150.0,90.0,0,140,0.0
hann_ifft,Hann-IFFT MLP,4,52,30.0,120.0,150.0,120.0,0,140,0.0
hann_ifft,Hann-IFFT MLP,4,53,30.0,120.0,150.0,150.0,0,140,0.0
hann_ifft,Hann-IFFT MLP,4,54,30.0,120.0,150.0,180.0,0,140,0.0
hann_ifft,Hann-IFFT MLP,4,55,30.0,120.0,150.0,210.0,2,140,0.014285714285714285
hann_ifft,Hann-IFFT MLP,4,56,30.0,120.0,150.0,240.0,2,140,0.014285714285714285
hann_ifft,Hann-IFFT MLP,4,57,30.0,120.0,150.0,270.0,0,140,0.0
hann_ifft,Hann-IFFT MLP,4,58,30.0,120.0,150.0,300.0,4,140,0.02857142857142857
hann_ifft,Hann-IFFT MLP,4,59,30.0,120.0,150.0,330.0,0,140,0.0
hann_ifft,Hann-IFFT MLP,5,0,30.0,150.0,30.0,0.0,0,140,0.0
hann_ifft,Hann-IFFT MLP,5,1,30.0,150.0,30.0,30.0,0,140,0.0
hann_ifft,Hann-IFFT MLP,5,2,30.0,150.0,30.0,60.0,0,140,0.0
hann_ifft,Hann-IFFT MLP,5,3,30.0,150.0,30.0,90.0,0,140,0.0
hann_ifft,Hann-IFFT MLP,5,4,30.0,150.0,30.0,120.0,0,140,0.0
hann_ifft,Hann-IFFT MLP,5,5,30.0,150.0,30.0,150.0,84,140,0.6
hann_ifft,Hann-IFFT MLP,5,6,30.0,150.0,30.0,180.0,1,140,0.007142857142857143
hann_ifft,Hann-IFFT MLP,5,7,30.0,150.0,30.0,210.0,1,140,0.007142857142857143
hann_ifft,Hann-IFFT MLP,5,8,30.0,150.0,30.0,240.0,0,140,0.0
hann_ifft,Hann-IFFT MLP,5,9,30.0,150.0,30.0,270.0,0,140,0.0
hann_ifft,Hann-IFFT MLP,5,10,30.0,150.0,30.0,300.0,0,140,0.0
hann_ifft,Hann-IFFT MLP,5,11,30.0,150.0,30.0,330.0,10,140,0.07142857142857142
hann_ifft,Hann-IFFT MLP,5,12,30.0,150.0,60.0,0.0,0,140,0.0
hann_ifft,Hann-IFFT MLP,5,13,30.0,150.0,60.0,30.0,0,140,0.0
hann_ifft,Hann-IFFT MLP,5,14,30.0,150.0,60.0,60.0,0,140,0.0
hann_ifft,Hann-IFFT MLP,5,15,30.0,150.0,60.0,90.0,0,140,0.0
hann_ifft,Hann-IFFT MLP,5,16,30.0,150.0,60.0,120.0,0,140,0.0
hann_ifft,Hann-IFFT MLP,5,17,30.0,150.0,60.0,150.0,0,140,0.0
hann_ifft,Hann-IFFT MLP,5,18,30.0,150.0,60.0,180.0,1,140,0.007142857142857143
hann_ifft,Hann-IFFT MLP,5,19,30.0,150.0,60.0,210.0,0,140,0.0
hann_ifft,Hann-IFFT MLP,5,20,30.0,150.0,60.0,240.0,0,140,0.0
hann_ifft,Hann-IFFT MLP,5,21,30.0,150.0,60.0,270.0,0,140,0.0
hann_ifft,Hann-IFFT MLP,5,22,30.0,150.0,60.0,300.0,0,140,0.0
hann_ifft,Hann-IFFT MLP,5,23,30.0,150.0,60.0,330.0,0,140,0.0
hann_ifft,Hann-IFFT MLP,5,24,30.0,150.0,90.0,0.0,0,140,0.0
hann_ifft,Hann-IFFT MLP,5,25,30.0,150.0,90.0,30.0,0,140,0.0
hann_ifft,Hann-IFFT MLP,5,26,30.0,150.0,90.0,60.0,0,140,0.0
hann_ifft,Hann-IFFT MLP,5,27,30.0,150.0,90.0,90.0,0,140,0.0
hann_ifft,Hann-IFFT MLP,5,28,30.0,150.0,90.0,120.0,0,140,0.0
hann_ifft,Hann-IFFT MLP,5,29,30.0,150.0,90.0,150.0,0,140,0.0
hann_ifft,Hann-IFFT MLP,5,30,30.0,150.0,90.0,180.0,0,140,0.0
hann_ifft,Hann-IFFT MLP,5,31,30.0,150.0,90.0,210.0,0,140,0.0
hann_ifft,Hann-IFFT MLP,5,32,30.0,150.0,90.0,240.0,0,140,0.0
hann_ifft,Hann-IFFT MLP,5,33,30.0,150.0,90.0,270.0,0,140,0.0
hann_ifft,Hann-IFFT MLP,5,34,30.0,150.0,90.0,300.0,0,140,0.0
hann_ifft,Hann-IFFT MLP,5,35,30.0,150.0,90.0,330.0,0,140,0.0
hann_ifft,Hann-IFFT MLP,5,36,30.0,150.0,120.0,0.0,8,140,0.05714285714285714
hann_ifft,Hann-IFFT MLP,5,37,30.0,150.0,120.0,30.0,1,140,0.007142857142857143
hann_ifft,Hann-IFFT MLP,5,38,30.0,150.0,120.0,60.0,0,140,0.0
hann_ifft,Hann-IFFT MLP,5,39,30.0,150.0,120.0,90.0,0,140,0.0
hann_ifft,Hann-IFFT MLP,5,40,30.0,150.0,120.0,120.0,0,140,0.0
hann_ifft,Hann-IFFT MLP,5,41,30.0,150.0,120.0,150.0,0,140,0.0
hann_ifft,Hann-IFFT MLP,5,42,30.0,150.0,120.0,180.0,4,140,0.02857142857142857
hann_ifft,Hann-IFFT MLP,5,43,30.0,150.0,120.0,210.0,1,140,0.007142857142857143
hann_ifft,Hann-IFFT MLP,5,44,30.0,150.0,120.0,240.0,0,140,0.0
hann_ifft,Hann-IFFT MLP,5,45,30.0,150.0,120.0,270.0,0,140,0.0
hann_ifft,Hann-IFFT MLP,5,46,30.0,150.0,120.0,300.0,0,140,0.0
hann_ifft,Hann-IFFT MLP,5,47,30.0,150.0,120.0,330.0,0,140,0.0
hann_ifft,Hann-IFFT MLP,5,48,30.0,150.0,150.0,0.0,4,140,0.02857142857142857
hann_ifft,Hann-IFFT MLP,5,49,30.0,150.0,150.0,30.0,4,140,0.02857142857142857
hann_ifft,Hann-IFFT MLP,5,50,30.0,150.0,150.0,60.0,0,140,0.0
hann_ifft,Hann-IFFT MLP,5,51,30.0,150.0,150.0,90.0,0,140,0.0
hann_ifft,Hann-IFFT MLP,5,52,30.0,150.0,150.0,120.0,0,140,0.0
hann_ifft,Hann-IFFT MLP,5,53,30.0,150.0,150.0,150.0,2,140,0.014285714285714285
hann_ifft,Hann-IFFT MLP,5,54,30.0,150.0,150.0,180.0,11,140,0.07857142857142857
hann_ifft,Hann-IFFT MLP,5,55,30.0,150.0,150.0,210.0,6,140,0.04285714285714286
hann_ifft,Hann-IFFT MLP,5,56,30.0,150.0,150.0,240.0,1,140,0.007142857142857143
hann_ifft,Hann-IFFT MLP,5,57,30.0,150.0,150.0,270.0,0,140,0.0
hann_ifft,Hann-IFFT MLP,5,58,30.0,150.0,150.0,300.0,0,140,0.0
hann_ifft,Hann-IFFT MLP,5,59,30.0,150.0,150.0,330.0,1,140,0.007142857142857143
hann_ifft,Hann-IFFT MLP,6,0,30.0,180.0,30.0,0.0,4,140,0.02857142857142857
hann_ifft,Hann-IFFT MLP,6,1,30.0,180.0,30.0,30.0,0,140,0.0
hann_ifft,Hann-IFFT MLP,6,2,30.0,180.0,30.0,60.0,0,140,0.0
hann_ifft,Hann-IFFT MLP,6,3,30.0,180.0,30.0,90.0,0,140,0.0
hann_ifft,Hann-IFFT MLP,6,4,30.0,180.0,30.0,120.0,0,140,0.0
hann_ifft,Hann-IFFT MLP,6,5,30.0,180.0,30.0,150.0,0,140,0.0
hann_ifft,Hann-IFFT MLP,6,6,30.0,180.0,30.0,180.0,93,140,0.6642857142857143
hann_ifft,Hann-IFFT MLP,6,7,30.0,180.0,30.0,210.0,0,140,0.0
hann_ifft,Hann-IFFT MLP,6,8,30.0,180.0,30.0,240.0,0,140,0.0
hann_ifft,Hann-IFFT MLP,6,9,30.0,180.0,30.0,270.0,0,140,0.0
hann_ifft,Hann-IFFT MLP,6,10,30.0,180.0,30.0,300.0,0,140,0.0
hann_ifft,Hann-IFFT MLP,6,11,30.0,180.0,30.0,330.0,0,140,0.0
hann_ifft,Hann-IFFT MLP,6,12,30.0,180.0,60.0,0.0,7,140,0.05
hann_ifft,Hann-IFFT MLP,6,13,30.0,180.0,60.0,30.0,0,140,0.0
hann_ifft,Hann-IFFT MLP,6,14,30.0,180.0,60.0,60.0,0,140,0.0
hann_ifft,Hann-IFFT MLP,6,15,30.0,180.0,60.0,90.0,0,140,0.0
hann_ifft,Hann-IFFT MLP,6,16,30.0,180.0,60.0,120.0,0,140,0.0
hann_ifft,Hann-IFFT MLP,6,17,30.0,180.0,60.0,150.0,0,140,0.0
hann_ifft,Hann-IFFT MLP,6,18,30.0,180.0,60.0,180.0,17,140,0.12142857142857143
hann_ifft,Hann-IFFT MLP,6,19,30.0,180.0,60.0,210.0,0,140,0.0
hann_ifft,Hann-IFFT MLP,6,20,30.0,180.0,60.0,240.0,0,140,0.0
hann_ifft,Hann-IFFT MLP,6,21,30.0,180.0,60.0,270.0,0,140,0.0
hann_ifft,Hann-IFFT MLP,6,22,30.0,180.0,60.0,300.0,0,140,0.0
hann_ifft,Hann-IFFT MLP,6,23,30.0,180.0,60.0,330.0,0,140,0.0
hann_ifft,Hann-IFFT MLP,6,24,30.0,180.0,90.0,0.0,0,140,0.0
hann_ifft,Hann-IFFT MLP,6,25,30.0,180.0,90.0,30.0,0,140,0.0
hann_ifft,Hann-IFFT MLP,6,26,30.0,180.0,90.0,60.0,0,140,0.0
hann_ifft,Hann-IFFT MLP,6,27,30.0,180.0,90.0,90.0,0,140,0.0
hann_ifft,Hann-IFFT MLP,6,28,30.0,180.0,90.0,120.0,0,140,0.0
hann_ifft,Hann-IFFT MLP,6,29,30.0,180.0,90.0,150.0,0,140,0.0
hann_ifft,Hann-IFFT MLP,6,30,30.0,180.0,90.0,180.0,0,140,0.0
hann_ifft,Hann-IFFT MLP,6,31,30.0,180.0,90.0,210.0,0,140,0.0
hann_ifft,Hann-IFFT MLP,6,32,30.0,180.0,90.0,240.0,0,140,0.0
hann_ifft,Hann-IFFT MLP,6,33,30.0,180.0,90.0,270.0,0,140,0.0
hann_ifft,Hann-IFFT MLP,6,34,30.0,180.0,90.0,300.0,0,140,0.0
hann_ifft,Hann-IFFT MLP,6,35,30.0,180.0,90.0,330.0,0,140,0.0
hann_ifft,Hann-IFFT MLP,6,36,30.0,180.0,120.0,0.0,6,140,0.04285714285714286
hann_ifft,Hann-IFFT MLP,6,37,30.0,180.0,120.0,30.0,0,140,0.0
hann_ifft,Hann-IFFT MLP,6,38,30.0,180.0,120.0,60.0,0,140,0.0
hann_ifft,Hann-IFFT MLP,6,39,30.0,180.0,120.0,90.0,0,140,0.0
hann_ifft,Hann-IFFT MLP,6,40,30.0,180.0,120.0,120.0,0,140,0.0
hann_ifft,Hann-IFFT MLP,6,41,30.0,180.0,120.0,150.0,0,140,0.0
hann_ifft,Hann-IFFT MLP,6,42,30.0,180.0,120.0,180.0,11,140,0.07857142857142857
hann_ifft,Hann-IFFT MLP,6,43,30.0,180.0,120.0,210.0,1,140,0.007142857142857143
hann_ifft,Hann-IFFT MLP,6,44,30.0,180.0,120.0,240.0,0,140,0.0
hann_ifft,Hann-IFFT MLP,6,45,30.0,180.0,120.0,270.0,0,140,0.0
hann_ifft,Hann-IFFT MLP,6,46,30.0,180.0,120.0,300.0,0,140,0.0
hann_ifft,Hann-IFFT MLP,6,47,30.0,180.0,120.0,330.0,0,140,0.0
hann_ifft,Hann-IFFT MLP,6,48,30.0,180.0,150.0,0.0,0,140,0.0
hann_ifft,Hann-IFFT MLP,6,49,30.0,180.0,150.0,30.0,0,140,0.0
hann_ifft,Hann-IFFT MLP,6,50,30.0,180.0,150.0,60.0,0,140,0.0
hann_ifft,Hann-IFFT MLP,6,51,30.0,180.0,150.0,90.0,0,140,0.0
hann_ifft,Hann-IFFT MLP,6,52,30.0,180.0,150.0,120.0,0,140,0.0
hann_ifft,Hann-IFFT MLP,6,53,30.0,180.0,150.0,150.0,0,140,0.0
hann_ifft,Hann-IFFT MLP,6,54,30.0,180.0,150.0,180.0,1,140,0.007142857142857143
hann_ifft,Hann-IFFT MLP,6,55,30.0,180.0,150.0,210.0,0,140,0.0
hann_ifft,Hann-IFFT MLP,6,56,30.0,180.0,150.0,240.0,0,140,0.0
hann_ifft,Hann-IFFT MLP,6,57,30.0,180.0,150.0,270.0,0,140,0.0
hann_ifft,Hann-IFFT MLP,6,58,30.0,180.0,150.0,300.0,0,140,0.0
hann_ifft,Hann-IFFT MLP,6,59,30.0,180.0,150.0,330.0,0,140,0.0
hann_ifft,Hann-IFFT MLP,7,0,30.0,210.0,30.0,0.0,4,140,0.02857142857142857
hann_ifft,Hann-IFFT MLP,7,1,30.0,210.0,30.0,30.0,10,140,0.07142857142857142
hann_ifft,Hann-IFFT MLP,7,2,30.0,210.0,30.0,60.0,2,140,0.014285714285714285
hann_ifft,Hann-IFFT MLP,7,3,30.0,210.0,30.0,90.0,0,140,0.0
hann_ifft,Hann-IFFT MLP,7,4,30.0,210.0,30.0,120.0,0,140,0.0
hann_ifft,Hann-IFFT MLP,7,5,30.0,210.0,30.0,150.0,2,140,0.014285714285714285
hann_ifft,Hann-IFFT MLP,7,6,30.0,210.0,30.0,180.0,4,140,0.02857142857142857
hann_ifft,Hann-IFFT MLP,7,7,30.0,210.0,30.0,210.0,89,140,0.6357142857142857
hann_ifft,Hann-IFFT MLP,7,8,30.0,210.0,30.0,240.0,0,140,0.0
hann_ifft,Hann-IFFT MLP,7,9,30.0,210.0,30.0,270.0,0,140,0.0
hann_ifft,Hann-IFFT MLP,7,10,30.0,210.0,30.0,300.0,0,140,0.0
hann_ifft,Hann-IFFT MLP,7,11,30.0,210.0,30.0,330.0,4,140,0.02857142857142857
hann_ifft,Hann-IFFT MLP,7,12,30.0,210.0,60.0,0.0,0,140,0.0
hann_ifft,Hann-IFFT MLP,7,13,30.0,210.0,60.0,30.0,1,140,0.007142857142857143
hann_ifft,Hann-IFFT MLP,7,14,30.0,210.0,60.0,60.0,0,140,0.0
hann_ifft,Hann-IFFT MLP,7,15,30.0,210.0,60.0,90.0,0,140,0.0
hann_ifft,Hann-IFFT MLP,7,16,30.0,210.0,60.0,120.0,0,140,0.0
hann_ifft,Hann-IFFT MLP,7,17,30.0,210.0,60.0,150.0,0,140,0.0
hann_ifft,Hann-IFFT MLP,7,18,30.0,210.0,60.0,180.0,1,140,0.007142857142857143
hann_ifft,Hann-IFFT MLP,7,19,30.0,210.0,60.0,210.0,0,140,0.0
hann_ifft,Hann-IFFT MLP,7,20,30.0,210.0,60.0,240.0,0,140,0.0
hann_ifft,Hann-IFFT MLP,7,21,30.0,210.0,60.0,270.0,0,140,0.0
hann_ifft,Hann-IFFT MLP,7,22,30.0,210.0,60.0,300.0,0,140,0.0
hann_ifft,Hann-IFFT MLP,7,23,30.0,210.0,60.0,330.0,0,140,0.0
hann_ifft,Hann-IFFT MLP,7,24,30.0,210.0,90.0,0.0,0,140,0.0
hann_ifft,Hann-IFFT MLP,7,25,30.0,210.0,90.0,30.0,0,140,0.0
hann_ifft,Hann-IFFT MLP,7,26,30.0,210.0,90.0,60.0,0,140,0.0
hann_ifft,Hann-IFFT MLP,7,27,30.0,210.0,90.0,90.0,0,140,0.0
hann_ifft,Hann-IFFT MLP,7,28,30.0,210.0,90.0,120.0,0,140,0.0
hann_ifft,Hann-IFFT MLP,7,29,30.0,210.0,90.0,150.0,0,140,0.0
hann_ifft,Hann-IFFT MLP,7,30,30.0,210.0,90.0,180.0,0,140,0.0
hann_ifft,Hann-IFFT MLP,7,31,30.0,210.0,90.0,210.0,0,140,0.0
hann_ifft,Hann-IFFT MLP,7,32,30.0,210.0,90.0,240.0,0,140,0.0
hann_ifft,Hann-IFFT MLP,7,33,30.0,210.0,90.0,270.0,0,140,0.0
hann_ifft,Hann-IFFT MLP,7,34,30.0,210.0,90.0,300.0,0,140,0.0
hann_ifft,Hann-IFFT MLP,7,35,30.0,210.0,90.0,330.0,0,140,0.0
hann_ifft,Hann-IFFT MLP,7,36,30.0,210.0,120.0,0.0,0,140,0.0
hann_ifft,Hann-IFFT MLP,7,37,30.0,210.0,120.0,30.0,0,140,0.0
hann_ifft,Hann-IFFT MLP,7,38,30.0,210.0,120.0,60.0,0,140,0.0
hann_ifft,Hann-IFFT MLP,7,39,30.0,210.0,120.0,90.0,0,140,0.0
hann_ifft,Hann-IFFT MLP,7,40,30.0,210.0,120.0,120.0,0,140,0.0
hann_ifft,Hann-IFFT MLP,7,41,30.0,210.0,120.0,150.0,1,140,0.007142857142857143
hann_ifft,Hann-IFFT MLP,7,42,30.0,210.0,120.0,180.0,0,140,0.0
hann_ifft,Hann-IFFT MLP,7,43,30.0,210.0,120.0,210.0,1,140,0.007142857142857143
hann_ifft,Hann-IFFT MLP,7,44,30.0,210.0,120.0,240.0,0,140,0.0
hann_ifft,Hann-IFFT MLP,7,45,30.0,210.0,120.0,270.0,0,140,0.0
hann_ifft,Hann-IFFT MLP,7,46,30.0,210.0,120.0,300.0,0,140,0.0
hann_ifft,Hann-IFFT MLP,7,47,30.0,210.0,120.0,330.0,0,140,0.0
hann_ifft,Hann-IFFT MLP,7,48,30.0,210.0,150.0,0.0,2,140,0.014285714285714285
hann_ifft,Hann-IFFT MLP,7,49,30.0,210.0,150.0,30.0,0,140,0.0
hann_ifft,Hann-IFFT MLP,7,50,30.0,210.0,150.0,60.0,0,140,0.0
hann_ifft,Hann-IFFT MLP,7,51,30.0,210.0,150.0,90.0,0,140,0.0
hann_ifft,Hann-IFFT MLP,7,52,30.0,210.0,150.0,120.0,0,140,0.0
hann_ifft,Hann-IFFT MLP,7,53,30.0,210.0,150.0,150.0,7,140,0.05
hann_ifft,Hann-IFFT MLP,7,54,30.0,210.0,150.0,180.0,2,140,0.014285714285714285
hann_ifft,Hann-IFFT MLP,7,55,30.0,210.0,150.0,210.0,0,140,0.0
hann_ifft,Hann-IFFT MLP,7,56,30.0,210.0,150.0,240.0,0,140,0.0
hann_ifft,Hann-IFFT MLP,7,57,30.0,210.0,150.0,270.0,0,140,0.0
hann_ifft,Hann-IFFT MLP,7,58,30.0,210.0,150.0,300.0,0,140,0.0
hann_ifft,Hann-IFFT MLP,7,59,30.0,210.0,150.0,330.0,10,140,0.07142857142857142
hann_ifft,Hann-IFFT MLP,8,0,30.0,240.0,30.0,0.0,0,140,0.0
hann_ifft,Hann-IFFT MLP,8,1,30.0,240.0,30.0,30.0,0,140,0.0
hann_ifft,Hann-IFFT MLP,8,2,30.0,240.0,30.0,60.0,7,140,0.05
hann_ifft,Hann-IFFT MLP,8,3,30.0,240.0,30.0,90.0,4,140,0.02857142857142857
hann_ifft,Hann-IFFT MLP,8,4,30.0,240.0,30.0,120.0,0,140,0.0
hann_ifft,Hann-IFFT MLP,8,5,30.0,240.0,30.0,150.0,0,140,0.0
hann_ifft,Hann-IFFT MLP,8,6,30.0,240.0,30.0,180.0,0,140,0.0
hann_ifft,Hann-IFFT MLP,8,7,30.0,240.0,30.0,210.0,0,140,0.0
hann_ifft,Hann-IFFT MLP,8,8,30.0,240.0,30.0,240.0,89,140,0.6357142857142857
hann_ifft,Hann-IFFT MLP,8,9,30.0,240.0,30.0,270.0,1,140,0.007142857142857143
hann_ifft,Hann-IFFT MLP,8,10,30.0,240.0,30.0,300.0,1,140,0.007142857142857143
hann_ifft,Hann-IFFT MLP,8,11,30.0,240.0,30.0,330.0,0,140,0.0
hann_ifft,Hann-IFFT MLP,8,12,30.0,240.0,60.0,0.0,0,140,0.0
hann_ifft,Hann-IFFT MLP,8,13,30.0,240.0,60.0,30.0,0,140,0.0
hann_ifft,Hann-IFFT MLP,8,14,30.0,240.0,60.0,60.0,1,140,0.007142857142857143
hann_ifft,Hann-IFFT MLP,8,15,30.0,240.0,60.0,90.0,0,140,0.0
hann_ifft,Hann-IFFT MLP,8,16,30.0,240.0,60.0,120.0,1,140,0.007142857142857143
hann_ifft,Hann-IFFT MLP,8,17,30.0,240.0,60.0,150.0,0,140,0.0
hann_ifft,Hann-IFFT MLP,8,18,30.0,240.0,60.0,180.0,0,140,0.0
hann_ifft,Hann-IFFT MLP,8,19,30.0,240.0,60.0,210.0,0,140,0.0
hann_ifft,Hann-IFFT MLP,8,20,30.0,240.0,60.0,240.0,0,140,0.0
hann_ifft,Hann-IFFT MLP,8,21,30.0,240.0,60.0,270.0,0,140,0.0
hann_ifft,Hann-IFFT MLP,8,22,30.0,240.0,60.0,300.0,0,140,0.0
hann_ifft,Hann-IFFT MLP,8,23,30.0,240.0,60.0,330.0,0,140,0.0
hann_ifft,Hann-IFFT MLP,8,24,30.0,240.0,90.0,0.0,0,140,0.0
hann_ifft,Hann-IFFT MLP,8,25,30.0,240.0,90.0,30.0,0,140,0.0
hann_ifft,Hann-IFFT MLP,8,26,30.0,240.0,90.0,60.0,0,140,0.0
hann_ifft,Hann-IFFT MLP,8,27,30.0,240.0,90.0,90.0,0,140,0.0
hann_ifft,Hann-IFFT MLP,8,28,30.0,240.0,90.0,120.0,0,140,0.0
hann_ifft,Hann-IFFT MLP,8,29,30.0,240.0,90.0,150.0,0,140,0.0
hann_ifft,Hann-IFFT MLP,8,30,30.0,240.0,90.0,180.0,0,140,0.0
hann_ifft,Hann-IFFT MLP,8,31,30.0,240.0,90.0,210.0,0,140,0.0
hann_ifft,Hann-IFFT MLP,8,32,30.0,240.0,90.0,240.0,0,140,0.0
hann_ifft,Hann-IFFT MLP,8,33,30.0,240.0,90.0,270.0,0,140,0.0
hann_ifft,Hann-IFFT MLP,8,34,30.0,240.0,90.0,300.0,0,140,0.0
hann_ifft,Hann-IFFT MLP,8,35,30.0,240.0,90.0,330.0,0,140,0.0
hann_ifft,Hann-IFFT MLP,8,36,30.0,240.0,120.0,0.0,0,140,0.0
hann_ifft,Hann-IFFT MLP,8,37,30.0,240.0,120.0,30.0,0,140,0.0
hann_ifft,Hann-IFFT MLP,8,38,30.0,240.0,120.0,60.0,1,140,0.007142857142857143
hann_ifft,Hann-IFFT MLP,8,39,30.0,240.0,120.0,90.0,2,140,0.014285714285714285
hann_ifft,Hann-IFFT MLP,8,40,30.0,240.0,120.0,120.0,0,140,0.0
hann_ifft,Hann-IFFT MLP,8,41,30.0,240.0,120.0,150.0,0,140,0.0
hann_ifft,Hann-IFFT MLP,8,42,30.0,240.0,120.0,180.0,0,140,0.0
hann_ifft,Hann-IFFT MLP,8,43,30.0,240.0,120.0,210.0,0,140,0.0
hann_ifft,Hann-IFFT MLP,8,44,30.0,240.0,120.0,240.0,0,140,0.0
hann_ifft,Hann-IFFT MLP,8,45,30.0,240.0,120.0,270.0,0,140,0.0
hann_ifft,Hann-IFFT MLP,8,46,30.0,240.0,120.0,300.0,5,140,0.03571428571428571
hann_ifft,Hann-IFFT MLP,8,47,30.0,240.0,120.0,330.0,0,140,0.0
hann_ifft,Hann-IFFT MLP,8,48,30.0,240.0,150.0,0.0,0,140,0.0
hann_ifft,Hann-IFFT MLP,8,49,30.0,240.0,150.0,30.0,0,140,0.0
hann_ifft,Hann-IFFT MLP,8,50,30.0,240.0,150.0,60.0,0,140,0.0
hann_ifft,Hann-IFFT MLP,8,51,30.0,240.0,150.0,90.0,6,140,0.04285714285714286
hann_ifft,Hann-IFFT MLP,8,52,30.0,240.0,150.0,120.0,9,140,0.06428571428571428
hann_ifft,Hann-IFFT MLP,8,53,30.0,240.0,150.0,150.0,0,140,0.0
hann_ifft,Hann-IFFT MLP,8,54,30.0,240.0,150.0,180.0,0,140,0.0
hann_ifft,Hann-IFFT MLP,8,55,30.0,240.0,150.0,210.0,0,140,0.0
hann_ifft,Hann-IFFT MLP,8,56,30.0,240.0,150.0,240.0,3,140,0.02142857142857143
hann_ifft,Hann-IFFT MLP,8,57,30.0,240.0,150.0,270.0,3,140,0.02142857142857143
hann_ifft,Hann-IFFT MLP,8,58,30.0,240.0,150.0,300.0,7,140,0.05
hann_ifft,Hann-IFFT MLP,8,59,30.0,240.0,150.0,330.0,0,140,0.0
hann_ifft,Hann-IFFT MLP,9,0,30.0,270.0,30.0,0.0,0,140,0.0
hann_ifft,Hann-IFFT MLP,9,1,30.0,270.0,30.0,30.0,0,140,0.0
hann_ifft,Hann-IFFT MLP,9,2,30.0,270.0,30.0,60.0,4,140,0.02857142857142857
hann_ifft,Hann-IFFT MLP,9,3,30.0,270.0,30.0,90.0,4,140,0.02857142857142857
hann_ifft,Hann-IFFT MLP,9,4,30.0,270.0,30.0,120.0,5,140,0.03571428571428571
hann_ifft,Hann-IFFT MLP,9,5,30.0,270.0,30.0,150.0,0,140,0.0
hann_ifft,Hann-IFFT MLP,9,6,30.0,270.0,30.0,180.0,0,140,0.0
hann_ifft,Hann-IFFT MLP,9,7,30.0,270.0,30.0,210.0,0,140,0.0
hann_ifft,Hann-IFFT MLP,9,8,30.0,270.0,30.0,240.0,2,140,0.014285714285714285
hann_ifft,Hann-IFFT MLP,9,9,30.0,270.0,30.0,270.0,97,140,0.6928571428571428
hann_ifft,Hann-IFFT MLP,9,10,30.0,270.0,30.0,300.0,1,140,0.007142857142857143
hann_ifft,Hann-IFFT MLP,9,11,30.0,270.0,30.0,330.0,0,140,0.0
hann_ifft,Hann-IFFT MLP,9,12,30.0,270.0,60.0,0.0,0,140,0.0
hann_ifft,Hann-IFFT MLP,9,13,30.0,270.0,60.0,30.0,0,140,0.0
hann_ifft,Hann-IFFT MLP,9,14,30.0,270.0,60.0,60.0,3,140,0.02142857142857143
hann_ifft,Hann-IFFT MLP,9,15,30.0,270.0,60.0,90.0,4,140,0.02857142857142857
hann_ifft,Hann-IFFT MLP,9,16,30.0,270.0,60.0,120.0,0,140,0.0
hann_ifft,Hann-IFFT MLP,9,17,30.0,270.0,60.0,150.0,0,140,0.0
hann_ifft,Hann-IFFT MLP,9,18,30.0,270.0,60.0,180.0,0,140,0.0
hann_ifft,Hann-IFFT MLP,9,19,30.0,270.0,60.0,210.0,0,140,0.0
hann_ifft,Hann-IFFT MLP,9,20,30.0,270.0,60.0,240.0,0,140,0.0
hann_ifft,Hann-IFFT MLP,9,21,30.0,270.0,60.0,270.0,0,140,0.0
hann_ifft,Hann-IFFT MLP,9,22,30.0,270.0,60.0,300.0,0,140,0.0
hann_ifft,Hann-IFFT MLP,9,23,30.0,270.0,60.0,330.0,0,140,0.0
hann_ifft,Hann-IFFT MLP,9,24,30.0,270.0,90.0,0.0,0,140,0.0
hann_ifft,Hann-IFFT MLP,9,25,30.0,270.0,90.0,30.0,0,140,0.0
hann_ifft,Hann-IFFT MLP,9,26,30.0,270.0,90.0,60.0,0,140,0.0
hann_ifft,Hann-IFFT MLP,9,27,30.0,270.0,90.0,90.0,0,140,0.0
hann_ifft,Hann-IFFT MLP,9,28,30.0,270.0,90.0,120.0,0,140,0.0
hann_ifft,Hann-IFFT MLP,9,29,30.0,270.0,90.0,150.0,0,140,0.0
hann_ifft,Hann-IFFT MLP,9,30,30.0,270.0,90.0,180.0,0,140,0.0
hann_ifft,Hann-IFFT MLP,9,31,30.0,270.0,90.0,210.0,0,140,0.0
hann_ifft,Hann-IFFT MLP,9,32,30.0,270.0,90.0,240.0,0,140,0.0
hann_ifft,Hann-IFFT MLP,9,33,30.0,270.0,90.0,270.0,0,140,0.0
hann_ifft,Hann-IFFT MLP,9,34,30.0,270.0,90.0,300.0,0,140,0.0
hann_ifft,Hann-IFFT MLP,9,35,30.0,270.0,90.0,330.0,0,140,0.0
hann_ifft,Hann-IFFT MLP,9,36,30.0,270.0,120.0,0.0,0,140,0.0
hann_ifft,Hann-IFFT MLP,9,37,30.0,270.0,120.0,30.0,0,140,0.0
hann_ifft,Hann-IFFT MLP,9,38,30.0,270.0,120.0,60.0,1,140,0.007142857142857143
hann_ifft,Hann-IFFT MLP,9,39,30.0,270.0,120.0,90.0,1,140,0.007142857142857143
hann_ifft,Hann-IFFT MLP,9,40,30.0,270.0,120.0,120.0,0,140,0.0
hann_ifft,Hann-IFFT MLP,9,41,30.0,270.0,120.0,150.0,0,140,0.0
hann_ifft,Hann-IFFT MLP,9,42,30.0,270.0,120.0,180.0,0,140,0.0
hann_ifft,Hann-IFFT MLP,9,43,30.0,270.0,120.0,210.0,0,140,0.0
hann_ifft,Hann-IFFT MLP,9,44,30.0,270.0,120.0,240.0,0,140,0.0
hann_ifft,Hann-IFFT MLP,9,45,30.0,270.0,120.0,270.0,0,140,0.0
hann_ifft,Hann-IFFT MLP,9,46,30.0,270.0,120.0,300.0,0,140,0.0
hann_ifft,Hann-IFFT MLP,9,47,30.0,270.0,120.0,330.0,0,140,0.0
hann_ifft,Hann-IFFT MLP,9,48,30.0,270.0,150.0,0.0,0,140,0.0
hann_ifft,Hann-IFFT MLP,9,49,30.0,270.0,150.0,30.0,0,140,0.0
hann_ifft,Hann-IFFT MLP,9,50,30.0,270.0,150.0,60.0,2,140,0.014285714285714285
hann_ifft,Hann-IFFT MLP,9,51,30.0,270.0,150.0,90.0,4,140,0.02857142857142857
hann_ifft,Hann-IFFT MLP,9,52,30.0,270.0,150.0,120.0,0,140,0.0
hann_ifft,Hann-IFFT MLP,9,53,30.0,270.0,150.0,150.0,0,140,0.0
hann_ifft,Hann-IFFT MLP,9,54,30.0,270.0,150.0,180.0,0,140,0.0
hann_ifft,Hann-IFFT MLP,9,55,30.0,270.0,150.0,210.0,0,140,0.0
hann_ifft,Hann-IFFT MLP,9,56,30.0,270.0,150.0,240.0,3,140,0.02142857142857143
hann_ifft,Hann-IFFT MLP,9,57,30.0,270.0,150.0,270.0,9,140,0.06428571428571428
hann_ifft,Hann-IFFT MLP,9,58,30.0,270.0,150.0,300.0,0,140,0.0
hann_ifft,Hann-IFFT MLP,9,59,30.0,270.0,150.0,330.0,0,140,0.0
hann_ifft,Hann-IFFT MLP,10,0,30.0,300.0,30.0,0.0,0,140,0.0
hann_ifft,Hann-IFFT MLP,10,1,30.0,300.0,30.0,30.0,0,140,0.0
hann_ifft,Hann-IFFT MLP,10,2,30.0,300.0,30.0,60.0,3,140,0.02142857142857143
hann_ifft,Hann-IFFT MLP,10,3,30.0,300.0,30.0,90.0,3,140,0.02142857142857143
hann_ifft,Hann-IFFT MLP,10,4,30.0,300.0,30.0,120.0,2,140,0.014285714285714285
hann_ifft,Hann-IFFT MLP,10,5,30.0,300.0,30.0,150.0,0,140,0.0
hann_ifft,Hann-IFFT MLP,10,6,30.0,300.0,30.0,180.0,0,140,0.0
hann_ifft,Hann-IFFT MLP,10,7,30.0,300.0,30.0,210.0,0,140,0.0
hann_ifft,Hann-IFFT MLP,10,8,30.0,300.0,30.0,240.0,0,140,0.0
hann_ifft,Hann-IFFT MLP,10,9,30.0,300.0,30.0,270.0,3,140,0.02142857142857143
hann_ifft,Hann-IFFT MLP,10,10,30.0,300.0,30.0,300.0,109,140,0.7785714285714286
hann_ifft,Hann-IFFT MLP,10,11,30.0,300.0,30.0,330.0,0,140,0.0
hann_ifft,Hann-IFFT MLP,10,12,30.0,300.0,60.0,0.0,0,140,0.0
hann_ifft,Hann-IFFT MLP,10,13,30.0,300.0,60.0,30.0,0,140,0.0
hann_ifft,Hann-IFFT MLP,10,14,30.0,300.0,60.0,60.0,3,140,0.02142857142857143
hann_ifft,Hann-IFFT MLP,10,15,30.0,300.0,60.0,90.0,1,140,0.007142857142857143
hann_ifft,Hann-IFFT MLP,10,16,30.0,300.0,60.0,120.0,0,140,0.0
hann_ifft,Hann-IFFT MLP,10,17,30.0,300.0,60.0,150.0,0,140,0.0
hann_ifft,Hann-IFFT MLP,10,18,30.0,300.0,60.0,180.0,0,140,0.0
hann_ifft,Hann-IFFT MLP,10,19,30.0,300.0,60.0,210.0,0,140,0.0
hann_ifft,Hann-IFFT MLP,10,20,30.0,300.0,60.0,240.0,0,140,0.0
hann_ifft,Hann-IFFT MLP,10,21,30.0,300.0,60.0,270.0,0,140,0.0
hann_ifft,Hann-IFFT MLP,10,22,30.0,300.0,60.0,300.0,0,140,0.0
hann_ifft,Hann-IFFT MLP,10,23,30.0,300.0,60.0,330.0,2,140,0.014285714285714285
hann_ifft,Hann-IFFT MLP,10,24,30.0,300.0,90.0,0.0,0,140,0.0
hann_ifft,Hann-IFFT MLP,10,25,30.0,300.0,90.0,30.0,0,140,0.0
hann_ifft,Hann-IFFT MLP,10,26,30.0,300.0,90.0,60.0,0,140,0.0
hann_ifft,Hann-IFFT MLP,10,27,30.0,300.0,90.0,90.0,0,140,0.0
hann_ifft,Hann-IFFT MLP,10,28,30.0,300.0,90.0,120.0,0,140,0.0
hann_ifft,Hann-IFFT MLP,10,29,30.0,300.0,90.0,150.0,0,140,0.0
hann_ifft,Hann-IFFT MLP,10,30,30.0,300.0,90.0,180.0,0,140,0.0
hann_ifft,Hann-IFFT MLP,10,31,30.0,300.0,90.0,210.0,0,140,0.0
hann_ifft,Hann-IFFT MLP,10,32,30.0,300.0,90.0,240.0,0,140,0.0
hann_ifft,Hann-IFFT MLP,10,33,30.0,300.0,90.0,270.0,1,140,0.007142857142857143
hann_ifft,Hann-IFFT MLP,10,34,30.0,300.0,90.0,300.0,0,140,0.0
hann_ifft,Hann-IFFT MLP,10,35,30.0,300.0,90.0,330.0,1,140,0.007142857142857143
hann_ifft,Hann-IFFT MLP,10,36,30.0,300.0,120.0,0.0,0,140,0.0
hann_ifft,Hann-IFFT MLP,10,37,30.0,300.0,120.0,30.0,2,140,0.014285714285714285
hann_ifft,Hann-IFFT MLP,10,38,30.0,300.0,120.0,60.0,0,140,0.0
hann_ifft,Hann-IFFT MLP,10,39,30.0,300.0,120.0,90.0,0,140,0.0
hann_ifft,Hann-IFFT MLP,10,40,30.0,300.0,120.0,120.0,0,140,0.0
hann_ifft,Hann-IFFT MLP,10,41,30.0,300.0,120.0,150.0,0,140,0.0
hann_ifft,Hann-IFFT MLP,10,42,30.0,300.0,120.0,180.0,0,140,0.0
hann_ifft,Hann-IFFT MLP,10,43,30.0,300.0,120.0,210.0,0,140,0.0
hann_ifft,Hann-IFFT MLP,10,44,30.0,300.0,120.0,240.0,0,140,0.0
hann_ifft,Hann-IFFT MLP,10,45,30.0,300.0,120.0,270.0,0,140,0.0
hann_ifft,Hann-IFFT MLP,10,46,30.0,300.0,120.0,300.0,0,140,0.0
hann_ifft,Hann-IFFT MLP,10,47,30.0,300.0,120.0,330.0,0,140,0.0
hann_ifft,Hann-IFFT MLP,10,48,30.0,300.0,150.0,0.0,0,140,0.0
hann_ifft,Hann-IFFT MLP,10,49,30.0,300.0,150.0,30.0,0,140,0.0
hann_ifft,Hann-IFFT MLP,10,50,30.0,300.0,150.0,60.0,7,140,0.05
hann_ifft,Hann-IFFT MLP,10,51,30.0,300.0,150.0,90.0,1,140,0.007142857142857143
hann_ifft,Hann-IFFT MLP,10,52,30.0,300.0,150.0,120.0,0,140,0.0
hann_ifft,Hann-IFFT MLP,10,53,30.0,300.0,150.0,150.0,0,140,0.0
hann_ifft,Hann-IFFT MLP,10,54,30.0,300.0,150.0,180.0,0,140,0.0
hann_ifft,Hann-IFFT MLP,10,55,30.0,300.0,150.0,210.0,0,140,0.0
hann_ifft,Hann-IFFT MLP,10,56,30.0,300.0,150.0,240.0,0,140,0.0
hann_ifft,Hann-IFFT MLP,10,57,30.0,300.0,150.0,270.0,0,140,0.0
hann_ifft,Hann-IFFT MLP,10,58,30.0,300.0,150.0,300.0,1,140,0.007142857142857143
hann_ifft,Hann-IFFT MLP,10,59,30.0,300.0,150.0,330.0,1,140,0.007142857142857143
hann_ifft,Hann-IFFT MLP,11,0,30.0,330.0,30.0,0.0,2,140,0.014285714285714285
hann_ifft,Hann-IFFT MLP,11,1,30.0,330.0,30.0,30.0,0,140,0.0
hann_ifft,Hann-IFFT MLP,11,2,30.0,330.0,30.0,60.0,0,140,0.0
hann_ifft,Hann-IFFT MLP,11,3,30.0,330.0,30.0,90.0,0,140,0.0
hann_ifft,Hann-IFFT MLP,11,4,30.0,330.0,30.0,120.0,0,140,0.0
hann_ifft,Hann-IFFT MLP,11,5,30.0,330.0,30.0,150.0,1,140,0.007142857142857143
hann_ifft,Hann-IFFT MLP,11,6,30.0,330.0,30.0,180.0,0,140,0.0
hann_ifft,Hann-IFFT MLP,11,7,30.0,330.0,30.0,210.0,1,140,0.007142857142857143
hann_ifft,Hann-IFFT MLP,11,8,30.0,330.0,30.0,240.0,0,140,0.0
hann_ifft,Hann-IFFT MLP,11,9,30.0,330.0,30.0,270.0,0,140,0.0
hann_ifft,Hann-IFFT MLP,11,10,30.0,330.0,30.0,300.0,0,140,0.0
hann_ifft,Hann-IFFT MLP,11,11,30.0,330.0,30.0,330.0,95,140,0.6785714285714286
hann_ifft,Hann-IFFT MLP,11,12,30.0,330.0,60.0,0.0,1,140,0.007142857142857143
hann_ifft,Hann-IFFT MLP,11,13,30.0,330.0,60.0,30.0,0,140,0.0
hann_ifft,Hann-IFFT MLP,11,14,30.0,330.0,60.0,60.0,0,140,0.0
hann_ifft,Hann-IFFT MLP,11,15,30.0,330.0,60.0,90.0,0,140,0.0
hann_ifft,Hann-IFFT MLP,11,16,30.0,330.0,60.0,120.0,0,140,0.0
hann_ifft,Hann-IFFT MLP,11,17,30.0,330.0,60.0,150.0,0,140,0.0
hann_ifft,Hann-IFFT MLP,11,18,30.0,330.0,60.0,180.0,0,140,0.0
hann_ifft,Hann-IFFT MLP,11,19,30.0,330.0,60.0,210.0,0,140,0.0
hann_ifft,Hann-IFFT MLP,11,20,30.0,330.0,60.0,240.0,0,140,0.0
hann_ifft,Hann-IFFT MLP,11,21,30.0,330.0,60.0,270.0,0,140,0.0
hann_ifft,Hann-IFFT MLP,11,22,30.0,330.0,60.0,300.0,0,140,0.0
hann_ifft,Hann-IFFT MLP,11,23,30.0,330.0,60.0,330.0,0,140,0.0
hann_ifft,Hann-IFFT MLP,11,24,30.0,330.0,90.0,0.0,0,140,0.0
hann_ifft,Hann-IFFT MLP,11,25,30.0,330.0,90.0,30.0,0,140,0.0
hann_ifft,Hann-IFFT MLP,11,26,30.0,330.0,90.0,60.0,0,140,0.0
hann_ifft,Hann-IFFT MLP,11,27,30.0,330.0,90.0,90.0,0,140,0.0
hann_ifft,Hann-IFFT MLP,11,28,30.0,330.0,90.0,120.0,0,140,0.0
hann_ifft,Hann-IFFT MLP,11,29,30.0,330.0,90.0,150.0,0,140,0.0
hann_ifft,Hann-IFFT MLP,11,30,30.0,330.0,90.0,180.0,0,140,0.0
hann_ifft,Hann-IFFT MLP,11,31,30.0,330.0,90.0,210.0,0,140,0.0
hann_ifft,Hann-IFFT MLP,11,32,30.0,330.0,90.0,240.0,0,140,0.0
hann_ifft,Hann-IFFT MLP,11,33,30.0,330.0,90.0,270.0,0,140,0.0
hann_ifft,Hann-IFFT MLP,11,34,30.0,330.0,90.0,300.0,0,140,0.0
hann_ifft,Hann-IFFT MLP,11,35,30.0,330.0,90.0,330.0,0,140,0.0
hann_ifft,Hann-IFFT MLP,11,36,30.0,330.0,120.0,0.0,10,140,0.07142857142857142
hann_ifft,Hann-IFFT MLP,11,37,30.0,330.0,120.0,30.0,2,140,0.014285714285714285
hann_ifft,Hann-IFFT MLP,11,38,30.0,330.0,120.0,60.0,0,140,0.0
hann_ifft,Hann-IFFT MLP,11,39,30.0,330.0,120.0,90.0,0,140,0.0
hann_ifft,Hann-IFFT MLP,11,40,30.0,330.0,120.0,120.0,0,140,0.0
hann_ifft,Hann-IFFT MLP,11,41,30.0,330.0,120.0,150.0,0,140,0.0
hann_ifft,Hann-IFFT MLP,11,42,30.0,330.0,120.0,180.0,0,140,0.0
hann_ifft,Hann-IFFT MLP,11,43,30.0,330.0,120.0,210.0,1,140,0.007142857142857143
hann_ifft,Hann-IFFT MLP,11,44,30.0,330.0,120.0,240.0,0,140,0.0
hann_ifft,Hann-IFFT MLP,11,45,30.0,330.0,120.0,270.0,0,140,0.0
hann_ifft,Hann-IFFT MLP,11,46,30.0,330.0,120.0,300.0,0,140,0.0
hann_ifft,Hann-IFFT MLP,11,47,30.0,330.0,120.0,330.0,2,140,0.014285714285714285
hann_ifft,Hann-IFFT MLP,11,48,30.0,330.0,150.0,0.0,2,140,0.014285714285714285
hann_ifft,Hann-IFFT MLP,11,49,30.0,330.0,150.0,30.0,17,140,0.12142857142857143
hann_ifft,Hann-IFFT MLP,11,50,30.0,330.0,150.0,60.0,0,140,0.0
hann_ifft,Hann-IFFT MLP,11,51,30.0,330.0,150.0,90.0,0,140,0.0
hann_ifft,Hann-IFFT MLP,11,52,30.0,330.0,150.0,120.0,0,140,0.0
hann_ifft,Hann-IFFT MLP,11,53,30.0,330.0,150.0,150.0,0,140,0.0
hann_ifft,Hann-IFFT MLP,11,54,30.0,330.0,150.0,180.0,0,140,0.0
hann_ifft,Hann-IFFT MLP,11,55,30.0,330.0,150.0,210.0,6,140,0.04285714285714286
hann_ifft,Hann-IFFT MLP,11,56,30.0,330.0,150.0,240.0,0,140,0.0
hann_ifft,Hann-IFFT MLP,11,57,30.0,330.0,150.0,270.0,0,140,0.0
hann_ifft,Hann-IFFT MLP,11,58,30.0,330.0,150.0,300.0,0,140,0.0
hann_ifft,Hann-IFFT MLP,11,59,30.0,330.0,150.0,330.0,0,140,0.0
hann_ifft,Hann-IFFT MLP,12,0,60.0,0.0,30.0,0.0,32,140,0.22857142857142856
hann_ifft,Hann-IFFT MLP,12,1,60.0,0.0,30.0,30.0,0,140,0.0
hann_ifft,Hann-IFFT MLP,12,2,60.0,0.0,30.0,60.0,0,140,0.0
hann_ifft,Hann-IFFT MLP,12,3,60.0,0.0,30.0,90.0,0,140,0.0
hann_ifft,Hann-IFFT MLP,12,4,60.0,0.0,30.0,120.0,0,140,0.0
hann_ifft,Hann-IFFT MLP,12,5,60.0,0.0,30.0,150.0,0,140,0.0
hann_ifft,Hann-IFFT MLP,12,6,60.0,0.0,30.0,180.0,16,140,0.11428571428571428
hann_ifft,Hann-IFFT MLP,12,7,60.0,0.0,30.0,210.0,0,140,0.0
hann_ifft,Hann-IFFT MLP,12,8,60.0,0.0,30.0,240.0,0,140,0.0
hann_ifft,Hann-IFFT MLP,12,9,60.0,0.0,30.0,270.0,0,140,0.0
hann_ifft,Hann-IFFT MLP,12,10,60.0,0.0,30.0,300.0,0,140,0.0
hann_ifft,Hann-IFFT MLP,12,11,60.0,0.0,30.0,330.0,0,140,0.0
hann_ifft,Hann-IFFT MLP,12,12,60.0,0.0,60.0,0.0,73,140,0.5214285714285715
hann_ifft,Hann-IFFT MLP,12,13,60.0,0.0,60.0,30.0,1,140,0.007142857142857143
hann_ifft,Hann-IFFT MLP,12,14,60.0,0.0,60.0,60.0,0,140,0.0
hann_ifft,Hann-IFFT MLP,12,15,60.0,0.0,60.0,90.0,0,140,0.0
hann_ifft,Hann-IFFT MLP,12,16,60.0,0.0,60.0,120.0,0,140,0.0
hann_ifft,Hann-IFFT MLP,12,17,60.0,0.0,60.0,150.0,1,140,0.007142857142857143
hann_ifft,Hann-IFFT MLP,12,18,60.0,0.0,60.0,180.0,2,140,0.014285714285714285
hann_ifft,Hann-IFFT MLP,12,19,60.0,0.0,60.0,210.0,1,140,0.007142857142857143
hann_ifft,Hann-IFFT MLP,12,20,60.0,0.0,60.0,240.0,0,140,0.0
hann_ifft,Hann-IFFT MLP,12,21,60.0,0.0,60.0,270.0,0,140,0.0
hann_ifft,Hann-IFFT MLP,12,22,60.0,0.0,60.0,300.0,1,140,0.007142857142857143
hann_ifft,Hann-IFFT MLP,12,23,60.0,0.0,60.0,330.0,0,140,0.0
hann_ifft,Hann-IFFT MLP,12,24,60.0,0.0,90.0,0.0,2,140,0.014285714285714285
hann_ifft,Hann-IFFT MLP,12,25,60.0,0.0,90.0,30.0,0,140,0.0
hann_ifft,Hann-IFFT MLP,12,26,60.0,0.0,90.0,60.0,0,140,0.0
hann_ifft,Hann-IFFT MLP,12,27,60.0,0.0,90.0,90.0,0,140,0.0
hann_ifft,Hann-IFFT MLP,12,28,60.0,0.0,90.0,120.0,0,140,0.0
hann_ifft,Hann-IFFT MLP,12,29,60.0,0.0,90.0,150.0,0,140,0.0
hann_ifft,Hann-IFFT MLP,12,30,60.0,0.0,90.0,180.0,0,140,0.0
hann_ifft,Hann-IFFT MLP,12,31,60.0,0.0,90.0,210.0,0,140,0.0
hann_ifft,Hann-IFFT MLP,12,32,60.0,0.0,90.0,240.0,0,140,0.0
hann_ifft,Hann-IFFT MLP,12,33,60.0,0.0,90.0,270.0,0,140,0.0
hann_ifft,Hann-IFFT MLP,12,34,60.0,0.0,90.0,300.0,0,140,0.0
hann_ifft,Hann-IFFT MLP,12,35,60.0,0.0,90.0,330.0,0,140,0.0
hann_ifft,Hann-IFFT MLP,12,36,60.0,0.0,120.0,0.0,0,140,0.0
hann_ifft,Hann-IFFT MLP,12,37,60.0,0.0,120.0,30.0,0,140,0.0
hann_ifft,Hann-IFFT MLP,12,38,60.0,0.0,120.0,60.0,0,140,0.0
hann_ifft,Hann-IFFT MLP,12,39,60.0,0.0,120.0,90.0,0,140,0.0
hann_ifft,Hann-IFFT MLP,12,40,60.0,0.0,120.0,120.0,0,140,0.0
hann_ifft,Hann-IFFT MLP,12,41,60.0,0.0,120.0,150.0,0,140,0.0
hann_ifft,Hann-IFFT MLP,12,42,60.0,0.0,120.0,180.0,7,140,0.05
hann_ifft,Hann-IFFT MLP,12,43,60.0,0.0,120.0,210.0,0,140,0.0
hann_ifft,Hann-IFFT MLP,12,44,60.0,0.0,120.0,240.0,0,140,0.0
hann_ifft,Hann-IFFT MLP,12,45,60.0,0.0,120.0,270.0,0,140,0.0
hann_ifft,Hann-IFFT MLP,12,46,60.0,0.0,120.0,300.0,0,140,0.0
hann_ifft,Hann-IFFT MLP,12,47,60.0,0.0,120.0,330.0,0,140,0.0
hann_ifft,Hann-IFFT MLP,12,48,60.0,0.0,150.0,0.0,0,140,0.0
hann_ifft,Hann-IFFT MLP,12,49,60.0,0.0,150.0,30.0,0,140,0.0
hann_ifft,Hann-IFFT MLP,12,50,60.0,0.0,150.0,60.0,0,140,0.0
hann_ifft,Hann-IFFT MLP,12,51,60.0,0.0,150.0,90.0,0,140,0.0
hann_ifft,Hann-IFFT MLP,12,52,60.0,0.0,150.0,120.0,0,140,0.0
hann_ifft,Hann-IFFT MLP,12,53,60.0,0.0,150.0,150.0,0,140,0.0
hann_ifft,Hann-IFFT MLP,12,54,60.0,0.0,150.0,180.0,4,140,0.02857142857142857
hann_ifft,Hann-IFFT MLP,12,55,60.0,0.0,150.0,210.0,0,140,0.0
hann_ifft,Hann-IFFT MLP,12,56,60.0,0.0,150.0,240.0,0,140,0.0
hann_ifft,Hann-IFFT MLP,12,57,60.0,0.0,150.0,270.0,0,140,0.0
hann_ifft,Hann-IFFT MLP,12,58,60.0,0.0,150.0,300.0,0,140,0.0
hann_ifft,Hann-IFFT MLP,12,59,60.0,0.0,150.0,330.0,0,140,0.0
hann_ifft,Hann-IFFT MLP,13,0,60.0,30.0,30.0,0.0,0,140,0.0
hann_ifft,Hann-IFFT MLP,13,1,60.0,30.0,30.0,30.0,0,140,0.0
hann_ifft,Hann-IFFT MLP,13,2,60.0,30.0,30.0,60.0,0,140,0.0
hann_ifft,Hann-IFFT MLP,13,3,60.0,30.0,30.0,90.0,0,140,0.0
hann_ifft,Hann-IFFT MLP,13,4,60.0,30.0,30.0,120.0,0,140,0.0
hann_ifft,Hann-IFFT MLP,13,5,60.0,30.0,30.0,150.0,2,140,0.014285714285714285
hann_ifft,Hann-IFFT MLP,13,6,60.0,30.0,30.0,180.0,0,140,0.0
hann_ifft,Hann-IFFT MLP,13,7,60.0,30.0,30.0,210.0,0,140,0.0
hann_ifft,Hann-IFFT MLP,13,8,60.0,30.0,30.0,240.0,0,140,0.0
hann_ifft,Hann-IFFT MLP,13,9,60.0,30.0,30.0,270.0,0,140,0.0
hann_ifft,Hann-IFFT MLP,13,10,60.0,30.0,30.0,300.0,0,140,0.0
hann_ifft,Hann-IFFT MLP,13,11,60.0,30.0,30.0,330.0,0,140,0.0
hann_ifft,Hann-IFFT MLP,13,12,60.0,30.0,60.0,0.0,6,140,0.04285714285714286
hann_ifft,Hann-IFFT MLP,13,13,60.0,30.0,60.0,30.0,83,140,0.5928571428571429
hann_ifft,Hann-IFFT MLP,13,14,60.0,30.0,60.0,60.0,0,140,0.0
hann_ifft,Hann-IFFT MLP,13,15,60.0,30.0,60.0,90.0,0,140,0.0
hann_ifft,Hann-IFFT MLP,13,16,60.0,30.0,60.0,120.0,1,140,0.007142857142857143
hann_ifft,Hann-IFFT MLP,13,17,60.0,30.0,60.0,150.0,3,140,0.02142857142857143
hann_ifft,Hann-IFFT MLP,13,18,60.0,30.0,60.0,180.0,1,140,0.007142857142857143
hann_ifft,Hann-IFFT MLP,13,19,60.0,30.0,60.0,210.0,15,140,0.10714285714285714
hann_ifft,Hann-IFFT MLP,13,20,60.0,30.0,60.0,240.0,0,140,0.0
hann_ifft,Hann-IFFT MLP,13,21,60.0,30.0,60.0,270.0,0,140,0.0
hann_ifft,Hann-IFFT MLP,13,22,60.0,30.0,60.0,300.0,0,140,0.0
hann_ifft,Hann-IFFT MLP,13,23,60.0,30.0,60.0,330.0,4,140,0.02857142857142857
hann_ifft,Hann-IFFT MLP,13,24,60.0,30.0,90.0,0.0,0,140,0.0
hann_ifft,Hann-IFFT MLP,13,25,60.0,30.0,90.0,30.0,0,140,0.0
hann_ifft,Hann-IFFT MLP,13,26,60.0,30.0,90.0,60.0,0,140,0.0
hann_ifft,Hann-IFFT MLP,13,27,60.0,30.0,90.0,90.0,0,140,0.0
hann_ifft,Hann-IFFT MLP,13,28,60.0,30.0,90.0,120.0,0,140,0.0
hann_ifft,Hann-IFFT MLP,13,29,60.0,30.0,90.0,150.0,0,140,0.0
hann_ifft,Hann-IFFT MLP,13,30,60.0,30.0,90.0,180.0,0,140,0.0
hann_ifft,Hann-IFFT MLP,13,31,60.0,30.0,90.0,210.0,0,140,0.0
hann_ifft,Hann-IFFT MLP,13,32,60.0,30.0,90.0,240.0,0,140,0.0
hann_ifft,Hann-IFFT MLP,13,33,60.0,30.0,90.0,270.0,0,140,0.0
hann_ifft,Hann-IFFT MLP,13,34,60.0,30.0,90.0,300.0,0,140,0.0
hann_ifft,Hann-IFFT MLP,13,35,60.0,30.0,90.0,330.0,1,140,0.007142857142857143
hann_ifft,Hann-IFFT MLP,13,36,60.0,30.0,120.0,0.0,3,140,0.02142857142857143
hann_ifft,Hann-IFFT MLP,13,37,60.0,30.0,120.0,30.0,3,140,0.02142857142857143
hann_ifft,Hann-IFFT MLP,13,38,60.0,30.0,120.0,60.0,0,140,0.0
hann_ifft,Hann-IFFT MLP,13,39,60.0,30.0,120.0,90.0,0,140,0.0
hann_ifft,Hann-IFFT MLP,13,40,60.0,30.0,120.0,120.0,0,140,0.0
hann_ifft,Hann-IFFT MLP,13,41,60.0,30.0,120.0,150.0,1,140,0.007142857142857143
hann_ifft,Hann-IFFT MLP,13,42,60.0,30.0,120.0,180.0,0,140,0.0
hann_ifft,Hann-IFFT MLP,13,43,60.0,30.0,120.0,210.0,1,140,0.007142857142857143
hann_ifft,Hann-IFFT MLP,13,44,60.0,30.0,120.0,240.0,0,140,0.0
hann_ifft,Hann-IFFT MLP,13,45,60.0,30.0,120.0,270.0,0,140,0.0
hann_ifft,Hann-IFFT MLP,13,46,60.0,30.0,120.0,300.0,0,140,0.0
hann_ifft,Hann-IFFT MLP,13,47,60.0,30.0,120.0,330.0,14,140,0.1
hann_ifft,Hann-IFFT MLP,13,48,60.0,30.0,150.0,0.0,1,140,0.007142857142857143
hann_ifft,Hann-IFFT MLP,13,49,60.0,30.0,150.0,30.0,1,140,0.007142857142857143
hann_ifft,Hann-IFFT MLP,13,50,60.0,30.0,150.0,60.0,0,140,0.0
hann_ifft,Hann-IFFT MLP,13,51,60.0,30.0,150.0,90.0,0,140,0.0
hann_ifft,Hann-IFFT MLP,13,52,60.0,30.0,150.0,120.0,0,140,0.0
hann_ifft,Hann-IFFT MLP,13,53,60.0,30.0,150.0,150.0,0,140,0.0
hann_ifft,Hann-IFFT MLP,13,54,60.0,30.0,150.0,180.0,0,140,0.0
hann_ifft,Hann-IFFT MLP,13,55,60.0,30.0,150.0,210.0,0,140,0.0
hann_ifft,Hann-IFFT MLP,13,56,60.0,30.0,150.0,240.0,0,140,0.0
hann_ifft,Hann-IFFT MLP,13,57,60.0,30.0,150.0,270.0,0,140,0.0
hann_ifft,Hann-IFFT MLP,13,58,60.0,30.0,150.0,300.0,0,140,0.0
hann_ifft,Hann-IFFT MLP,13,59,60.0,30.0,150.0,330.0,0,140,0.0
hann_ifft,Hann-IFFT MLP,14,0,60.0,60.0,30.0,0.0,0,140,0.0
hann_ifft,Hann-IFFT MLP,14,1,60.0,60.0,30.0,30.0,0,140,0.0
hann_ifft,Hann-IFFT MLP,14,2,60.0,60.0,30.0,60.0,0,140,0.0
hann_ifft,Hann-IFFT MLP,14,3,60.0,60.0,30.0,90.0,0,140,0.0
hann_ifft,Hann-IFFT MLP,14,4,60.0,60.0,30.0,120.0,0,140,0.0
hann_ifft,Hann-IFFT MLP,14,5,60.0,60.0,30.0,150.0,0,140,0.0
hann_ifft,Hann-IFFT MLP,14,6,60.0,60.0,30.0,180.0,0,140,0.0
hann_ifft,Hann-IFFT MLP,14,7,60.0,60.0,30.0,210.0,0,140,0.0
hann_ifft,Hann-IFFT MLP,14,8,60.0,60.0,30.0,240.0,0,140,0.0
hann_ifft,Hann-IFFT MLP,14,9,60.0,60.0,30.0,270.0,0,140,0.0
hann_ifft,Hann-IFFT MLP,14,10,60.0,60.0,30.0,300.0,0,140,0.0
hann_ifft,Hann-IFFT MLP,14,11,60.0,60.0,30.0,330.0,0,140,0.0
hann_ifft,Hann-IFFT MLP,14,12,60.0,60.0,60.0,0.0,0,140,0.0
hann_ifft,Hann-IFFT MLP,14,13,60.0,60.0,60.0,30.0,0,140,0.0
hann_ifft,Hann-IFFT MLP,14,14,60.0,60.0,60.0,60.0,96,140,0.6857142857142857
hann_ifft,Hann-IFFT MLP,14,15,60.0,60.0,60.0,90.0,7,140,0.05
hann_ifft,Hann-IFFT MLP,14,16,60.0,60.0,60.0,120.0,5,140,0.03571428571428571
hann_ifft,Hann-IFFT MLP,14,17,60.0,60.0,60.0,150.0,0,140,0.0
hann_ifft,Hann-IFFT MLP,14,18,60.0,60.0,60.0,180.0,0,140,0.0
hann_ifft,Hann-IFFT MLP,14,19,60.0,60.0,60.0,210.0,0,140,0.0
hann_ifft,Hann-IFFT MLP,14,20,60.0,60.0,60.0,240.0,4,140,0.02857142857142857
hann_ifft,Hann-IFFT MLP,14,21,60.0,60.0,60.0,270.0,1,140,0.007142857142857143
hann_ifft,Hann-IFFT MLP,14,22,60.0,60.0,60.0,300.0,2,140,0.014285714285714285
hann_ifft,Hann-IFFT MLP,14,23,60.0,60.0,60.0,330.0,0,140,0.0
hann_ifft,Hann-IFFT MLP,14,24,60.0,60.0,90.0,0.0,0,140,0.0
hann_ifft,Hann-IFFT MLP,14,25,60.0,60.0,90.0,30.0,0,140,0.0
hann_ifft,Hann-IFFT MLP,14,26,60.0,60.0,90.0,60.0,1,140,0.007142857142857143
hann_ifft,Hann-IFFT MLP,14,27,60.0,60.0,90.0,90.0,0,140,0.0
hann_ifft,Hann-IFFT MLP,14,28,60.0,60.0,90.0,120.0,0,140,0.0
hann_ifft,Hann-IFFT MLP,14,29,60.0,60.0,90.0,150.0,0,140,0.0
hann_ifft,Hann-IFFT MLP,14,30,60.0,60.0,90.0,180.0,0,140,0.0
hann_ifft,Hann-IFFT MLP,14,31,60.0,60.0,90.0,210.0,0,140,0.0
hann_ifft,Hann-IFFT MLP,14,32,60.0,60.0,90.0,240.0,0,140,0.0
hann_ifft,Hann-IFFT MLP,14,33,60.0,60.0,90.0,270.0,0,140,0.0
hann_ifft,Hann-IFFT MLP,14,34,60.0,60.0,90.0,300.0,0,140,0.0
hann_ifft,Hann-IFFT MLP,14,35,60.0,60.0,90.0,330.0,0,140,0.0
hann_ifft,Hann-IFFT MLP,14,36,60.0,60.0,120.0,0.0,0,140,0.0
hann_ifft,Hann-IFFT MLP,14,37,60.0,60.0,120.0,30.0,0,140,0.0
hann_ifft,Hann-IFFT MLP,14,38,60.0,60.0,120.0,60.0,1,140,0.007142857142857143
hann_ifft,Hann-IFFT MLP,14,39,60.0,60.0,120.0,90.0,2,140,0.014285714285714285
hann_ifft,Hann-IFFT MLP,14,40,60.0,60.0,120.0,120.0,2,140,0.014285714285714285
hann_ifft,Hann-IFFT MLP,14,41,60.0,60.0,120.0,150.0,1,140,0.007142857142857143
hann_ifft,Hann-IFFT MLP,14,42,60.0,60.0,120.0,180.0,0,140,0.0
hann_ifft,Hann-IFFT MLP,14,43,60.0,60.0,120.0,210.0,0,140,0.0
hann_ifft,Hann-IFFT MLP,14,44,60.0,60.0,120.0,240.0,3,140,0.02142857142857143
hann_ifft,Hann-IFFT MLP,14,45,60.0,60.0,120.0,270.0,6,140,0.04285714285714286
hann_ifft,Hann-IFFT MLP,14,46,60.0,60.0,120.0,300.0,7,140,0.05
hann_ifft,Hann-IFFT MLP,14,47,60.0,60.0,120.0,330.0,0,140,0.0
hann_ifft,Hann-IFFT MLP,14,48,60.0,60.0,150.0,0.0,0,140,0.0
hann_ifft,Hann-IFFT MLP,14,49,60.0,60.0,150.0,30.0,0,140,0.0
hann_ifft,Hann-IFFT MLP,14,50,60.0,60.0,150.0,60.0,0,140,0.0
hann_ifft,Hann-IFFT MLP,14,51,60.0,60.0,150.0,90.0,0,140,0.0
hann_ifft,Hann-IFFT MLP,14,52,60.0,60.0,150.0,120.0,0,140,0.0
hann_ifft,Hann-IFFT MLP,14,53,60.0,60.0,150.0,150.0,0,140,0.0
hann_ifft,Hann-IFFT MLP,14,54,60.0,60.0,150.0,180.0,0,140,0.0
hann_ifft,Hann-IFFT MLP,14,55,60.0,60.0,150.0,210.0,0,140,0.0
hann_ifft,Hann-IFFT MLP,14,56,60.0,60.0,150.0,240.0,0,140,0.0
hann_ifft,Hann-IFFT MLP,14,57,60.0,60.0,150.0,270.0,0,140,0.0
hann_ifft,Hann-IFFT MLP,14,58,60.0,60.0,150.0,300.0,2,140,0.014285714285714285
hann_ifft,Hann-IFFT MLP,14,59,60.0,60.0,150.0,330.0,0,140,0.0
hann_ifft,Hann-IFFT MLP,15,0,60.0,90.0,30.0,0.0,0,140,0.0
hann_ifft,Hann-IFFT MLP,15,1,60.0,90.0,30.0,30.0,0,140,0.0
hann_ifft,Hann-IFFT MLP,15,2,60.0,90.0,30.0,60.0,0,140,0.0
hann_ifft,Hann-IFFT MLP,15,3,60.0,90.0,30.0,90.0,1,140,0.007142857142857143
hann_ifft,Hann-IFFT MLP,15,4,60.0,90.0,30.0,120.0,1,140,0.007142857142857143
hann_ifft,Hann-IFFT MLP,15,5,60.0,90.0,30.0,150.0,0,140,0.0
hann_ifft,Hann-IFFT MLP,15,6,60.0,90.0,30.0,180.0,0,140,0.0
hann_ifft,Hann-IFFT MLP,15,7,60.0,90.0,30.0,210.0,0,140,0.0
hann_ifft,Hann-IFFT MLP,15,8,60.0,90.0,30.0,240.0,0,140,0.0
hann_ifft,Hann-IFFT MLP,15,9,60.0,90.0,30.0,270.0,0,140,0.0
hann_ifft,Hann-IFFT MLP,15,10,60.0,90.0,30.0,300.0,0,140,0.0
hann_ifft,Hann-IFFT MLP,15,11,60.0,90.0,30.0,330.0,0,140,0.0
hann_ifft,Hann-IFFT MLP,15,12,60.0,90.0,60.0,0.0,0,140,0.0
hann_ifft,Hann-IFFT MLP,15,13,60.0,90.0,60.0,30.0,0,140,0.0
hann_ifft,Hann-IFFT MLP,15,14,60.0,90.0,60.0,60.0,1,140,0.007142857142857143
hann_ifft,Hann-IFFT MLP,15,15,60.0,90.0,60.0,90.0,90,140,0.6428571428571429
hann_ifft,Hann-IFFT MLP,15,16,60.0,90.0,60.0,120.0,4,140,0.02857142857142857
hann_ifft,Hann-IFFT MLP,15,17,60.0,90.0,60.0,150.0,0,140,0.0
hann_ifft,Hann-IFFT MLP,15,18,60.0,90.0,60.0,180.0,0,140,0.0
hann_ifft,Hann-IFFT MLP,15,19,60.0,90.0,60.0,210.0,0,140,0.0
hann_ifft,Hann-IFFT MLP,15,20,60.0,90.0,60.0,240.0,1,140,0.007142857142857143
hann_ifft,Hann-IFFT MLP,15,21,60.0,90.0,60.0,270.0,3,140,0.02142857142857143
hann_ifft,Hann-IFFT MLP,15,22,60.0,90.0,60.0,300.0,0,140,0.0
hann_ifft,Hann-IFFT MLP,15,23,60.0,90.0,60.0,330.0,0,140,0.0
hann_ifft,Hann-IFFT MLP,15,24,60.0,90.0,90.0,0.0,0,140,0.0
hann_ifft,Hann-IFFT MLP,15,25,60.0,90.0,90.0,30.0,0,140,0.0
hann_ifft,Hann-IFFT MLP,15,26,60.0,90.0,90.0,60.0,0,140,0.0
hann_ifft,Hann-IFFT MLP,15,27,60.0,90.0,90.0,90.0,2,140,0.014285714285714285
hann_ifft,Hann-IFFT MLP,15,28,60.0,90.0,90.0,120.0,1,140,0.007142857142857143
hann_ifft,Hann-IFFT MLP,15,29,60.0,90.0,90.0,150.0,0,140,0.0
hann_ifft,Hann-IFFT MLP,15,30,60.0,90.0,90.0,180.0,0,140,0.0
hann_ifft,Hann-IFFT MLP,15,31,60.0,90.0,90.0,210.0,0,140,0.0
hann_ifft,Hann-IFFT MLP,15,32,60.0,90.0,90.0,240.0,0,140,0.0
hann_ifft,Hann-IFFT MLP,15,33,60.0,90.0,90.0,270.0,1,140,0.007142857142857143
hann_ifft,Hann-IFFT MLP,15,34,60.0,90.0,90.0,300.0,3,140,0.02142857142857143
hann_ifft,Hann-IFFT MLP,15,35,60.0,90.0,90.0,330.0,0,140,0.0
hann_ifft,Hann-IFFT MLP,15,36,60.0,90.0,120.0,0.0,0,140,0.0
hann_ifft,Hann-IFFT MLP,15,37,60.0,90.0,120.0,30.0,0,140,0.0
hann_ifft,Hann-IFFT MLP,15,38,60.0,90.0,120.0,60.0,2,140,0.014285714285714285
hann_ifft,Hann-IFFT MLP,15,39,60.0,90.0,120.0,90.0,12,140,0.08571428571428572
hann_ifft,Hann-IFFT MLP,15,40,60.0,90.0,120.0,120.0,1,140,0.007142857142857143
hann_ifft,Hann-IFFT MLP,15,41,60.0,90.0,120.0,150.0,1,140,0.007142857142857143
hann_ifft,Hann-IFFT MLP,15,42,60.0,90.0,120.0,180.0,0,140,0.0
hann_ifft,Hann-IFFT MLP,15,43,60.0,90.0,120.0,210.0,0,140,0.0
hann_ifft,Hann-IFFT MLP,15,44,60.0,90.0,120.0,240.0,2,140,0.014285714285714285
hann_ifft,Hann-IFFT MLP,15,45,60.0,90.0,120.0,270.0,14,140,0.1
hann_ifft,Hann-IFFT MLP,15,46,60.0,90.0,120.0,300.0,0,140,0.0
hann_ifft,Hann-IFFT MLP,15,47,60.0,90.0,120.0,330.0,0,140,0.0
hann_ifft,Hann-IFFT MLP,15,48,60.0,90.0,150.0,0.0,0,140,0.0
hann_ifft,Hann-IFFT MLP,15,49,60.0,90.0,150.0,30.0,0,140,0.0
hann_ifft,Hann-IFFT MLP,15,50,60.0,90.0,150.0,60.0,0,140,0.0
hann_ifft,Hann-IFFT MLP,15,51,60.0,90.0,150.0,90.0,0,140,0.0
hann_ifft,Hann-IFFT MLP,15,52,60.0,90.0,150.0,120.0,0,140,0.0
hann_ifft,Hann-IFFT MLP,15,53,60.0,90.0,150.0,150.0,0,140,0.0
hann_ifft,Hann-IFFT MLP,15,54,60.0,90.0,150.0,180.0,0,140,0.0
hann_ifft,Hann-IFFT MLP,15,55,60.0,90.0,150.0,210.0,0,140,0.0
hann_ifft,Hann-IFFT MLP,15,56,60.0,90.0,150.0,240.0,0,140,0.0
hann_ifft,Hann-IFFT MLP,15,57,60.0,90.0,150.0,270.0,0,140,0.0
hann_ifft,Hann-IFFT MLP,15,58,60.0,90.0,150.0,300.0,0,140,0.0
hann_ifft,Hann-IFFT MLP,15,59,60.0,90.0,150.0,330.0,0,140,0.0
hann_ifft,Hann-IFFT MLP,16,0,60.0,120.0,30.0,0.0,0,140,0.0
hann_ifft,Hann-IFFT MLP,16,1,60.0,120.0,30.0,30.0,0,140,0.0
hann_ifft,Hann-IFFT MLP,16,2,60.0,120.0,30.0,60.0,0,140,0.0
hann_ifft,Hann-IFFT MLP,16,3,60.0,120.0,30.0,90.0,0,140,0.0
hann_ifft,Hann-IFFT MLP,16,4,60.0,120.0,30.0,120.0,0,140,0.0
hann_ifft,Hann-IFFT MLP,16,5,60.0,120.0,30.0,150.0,0,140,0.0
hann_ifft,Hann-IFFT MLP,16,6,60.0,120.0,30.0,180.0,0,140,0.0
hann_ifft,Hann-IFFT MLP,16,7,60.0,120.0,30.0,210.0,0,140,0.0
hann_ifft,Hann-IFFT MLP,16,8,60.0,120.0,30.0,240.0,0,140,0.0
hann_ifft,Hann-IFFT MLP,16,9,60.0,120.0,30.0,270.0,0,140,0.0
hann_ifft,Hann-IFFT MLP,16,10,60.0,120.0,30.0,300.0,0,140,0.0
hann_ifft,Hann-IFFT MLP,16,11,60.0,120.0,30.0,330.0,0,140,0.0
hann_ifft,Hann-IFFT MLP,16,12,60.0,120.0,60.0,0.0,0,140,0.0
hann_ifft,Hann-IFFT MLP,16,13,60.0,120.0,60.0,30.0,0,140,0.0
hann_ifft,Hann-IFFT MLP,16,14,60.0,120.0,60.0,60.0,1,140,0.007142857142857143
hann_ifft,Hann-IFFT MLP,16,15,60.0,120.0,60.0,90.0,1,140,0.007142857142857143
hann_ifft,Hann-IFFT MLP,16,16,60.0,120.0,60.0,120.0,87,140,0.6214285714285714
hann_ifft,Hann-IFFT MLP,16,17,60.0,120.0,60.0,150.0,1,140,0.007142857142857143
hann_ifft,Hann-IFFT MLP,16,18,60.0,120.0,60.0,180.0,0,140,0.0
hann_ifft,Hann-IFFT MLP,16,19,60.0,120.0,60.0,210.0,0,140,0.0
hann_ifft,Hann-IFFT MLP,16,20,60.0,120.0,60.0,240.0,5,140,0.03571428571428571
hann_ifft,Hann-IFFT MLP,16,21,60.0,120.0,60.0,270.0,3,140,0.02142857142857143
hann_ifft,Hann-IFFT MLP,16,22,60.0,120.0,60.0,300.0,5,140,0.03571428571428571
hann_ifft,Hann-IFFT MLP,16,23,60.0,120.0,60.0,330.0,3,140,0.02142857142857143
hann_ifft,Hann-IFFT MLP,16,24,60.0,120.0,90.0,0.0,0,140,0.0
hann_ifft,Hann-IFFT MLP,16,25,60.0,120.0,90.0,30.0,1,140,0.007142857142857143
hann_ifft,Hann-IFFT MLP,16,26,60.0,120.0,90.0,60.0,0,140,0.0
hann_ifft,Hann-IFFT MLP,16,27,60.0,120.0,90.0,90.0,0,140,0.0
hann_ifft,Hann-IFFT MLP,16,28,60.0,120.0,90.0,120.0,1,140,0.007142857142857143
hann_ifft,Hann-IFFT MLP,16,29,60.0,120.0,90.0,150.0,1,140,0.007142857142857143
hann_ifft,Hann-IFFT MLP,16,30,60.0,120.0,90.0,180.0,0,140,0.0
hann_ifft,Hann-IFFT MLP,16,31,60.0,120.0,90.0,210.0,1,140,0.007142857142857143
hann_ifft,Hann-IFFT MLP,16,32,60.0,120.0,90.0,240.0,0,140,0.0
hann_ifft,Hann-IFFT MLP,16,33,60.0,120.0,90.0,270.0,1,140,0.007142857142857143
hann_ifft,Hann-IFFT MLP,16,34,60.0,120.0,90.0,300.0,1,140,0.007142857142857143
hann_ifft,Hann-IFFT MLP,16,35,60.0,120.0,90.0,330.0,2,140,0.014285714285714285
hann_ifft,Hann-IFFT MLP,16,36,60.0,120.0,120.0,0.0,0,140,0.0
hann_ifft,Hann-IFFT MLP,16,37,60.0,120.0,120.0,30.0,0,140,0.0
hann_ifft,Hann-IFFT MLP,16,38,60.0,120.0,120.0,60.0,1,140,0.007142857142857143
hann_ifft,Hann-IFFT MLP,16,39,60.0,120.0,120.0,90.0,2,140,0.014285714285714285
hann_ifft,Hann-IFFT MLP,16,40,60.0,120.0,120.0,120.0,3,140,0.02142857142857143
hann_ifft,Hann-IFFT MLP,16,41,60.0,120.0,120.0,150.0,2,140,0.014285714285714285
hann_ifft,Hann-IFFT MLP,16,42,60.0,120.0,120.0,180.0,0,140,0.0
hann_ifft,Hann-IFFT MLP,16,43,60.0,120.0,120.0,210.0,1,140,0.007142857142857143
hann_ifft,Hann-IFFT MLP,16,44,60.0,120.0,120.0,240.0,14,140,0.1
hann_ifft,Hann-IFFT MLP,16,45,60.0,120.0,120.0,270.0,1,140,0.007142857142857143
hann_ifft,Hann-IFFT MLP,16,46,60.0,120.0,120.0,300.0,1,140,0.007142857142857143
hann_ifft,Hann-IFFT MLP,16,47,60.0,120.0,120.0,330.0,0,140,0.0
hann_ifft,Hann-IFFT MLP,16,48,60.0,120.0,150.0,0.0,0,140,0.0
hann_ifft,Hann-IFFT MLP,16,49,60.0,120.0,150.0,30.0,0,140,0.0
hann_ifft,Hann-IFFT MLP,16,50,60.0,120.0,150.0,60.0,0,140,0.0
hann_ifft,Hann-IFFT MLP,16,51,60.0,120.0,150.0,90.0,0,140,0.0
hann_ifft,Hann-IFFT MLP,16,52,60.0,120.0,150.0,120.0,0,140,0.0
hann_ifft,Hann-IFFT MLP,16,53,60.0,120.0,150.0,150.0,0,140,0.0
hann_ifft,Hann-IFFT MLP,16,54,60.0,120.0,150.0,180.0,0,140,0.0
hann_ifft,Hann-IFFT MLP,16,55,60.0,120.0,150.0,210.0,0,140,0.0
hann_ifft,Hann-IFFT MLP,16,56,60.0,120.0,150.0,240.0,1,140,0.007142857142857143
hann_ifft,Hann-IFFT MLP,16,57,60.0,120.0,150.0,270.0,0,140,0.0
hann_ifft,Hann-IFFT MLP,16,58,60.0,120.0,150.0,300.0,0,140,0.0
hann_ifft,Hann-IFFT MLP,16,59,60.0,120.0,150.0,330.0,0,140,0.0
hann_ifft,Hann-IFFT MLP,17,0,60.0,150.0,30.0,0.0,0,140,0.0
hann_ifft,Hann-IFFT MLP,17,1,60.0,150.0,30.0,30.0,0,140,0.0
hann_ifft,Hann-IFFT MLP,17,2,60.0,150.0,30.0,60.0,0,140,0.0
hann_ifft,Hann-IFFT MLP,17,3,60.0,150.0,30.0,90.0,0,140,0.0
hann_ifft,Hann-IFFT MLP,17,4,60.0,150.0,30.0,120.0,0,140,0.0
hann_ifft,Hann-IFFT MLP,17,5,60.0,150.0,30.0,150.0,2,140,0.014285714285714285
hann_ifft,Hann-IFFT MLP,17,6,60.0,150.0,30.0,180.0,0,140,0.0
hann_ifft,Hann-IFFT MLP,17,7,60.0,150.0,30.0,210.0,0,140,0.0
hann_ifft,Hann-IFFT MLP,17,8,60.0,150.0,30.0,240.0,0,140,0.0
hann_ifft,Hann-IFFT MLP,17,9,60.0,150.0,30.0,270.0,0,140,0.0
hann_ifft,Hann-IFFT MLP,17,10,60.0,150.0,30.0,300.0,0,140,0.0
hann_ifft,Hann-IFFT MLP,17,11,60.0,150.0,30.0,330.0,0,140,0.0
hann_ifft,Hann-IFFT MLP,17,12,60.0,150.0,60.0,0.0,0,140,0.0
hann_ifft,Hann-IFFT MLP,17,13,60.0,150.0,60.0,30.0,4,140,0.02857142857142857
hann_ifft,Hann-IFFT MLP,17,14,60.0,150.0,60.0,60.0,0,140,0.0
hann_ifft,Hann-IFFT MLP,17,15,60.0,150.0,60.0,90.0,0,140,0.0
hann_ifft,Hann-IFFT MLP,17,16,60.0,150.0,60.0,120.0,0,140,0.0
hann_ifft,Hann-IFFT MLP,17,17,60.0,150.0,60.0,150.0,72,140,0.5142857142857142
hann_ifft,Hann-IFFT MLP,17,18,60.0,150.0,60.0,180.0,2,140,0.014285714285714285
hann_ifft,Hann-IFFT MLP,17,19,60.0,150.0,60.0,210.0,9,140,0.06428571428571428
hann_ifft,Hann-IFFT MLP,17,20,60.0,150.0,60.0,240.0,0,140,0.0
hann_ifft,Hann-IFFT MLP,17,21,60.0,150.0,60.0,270.0,0,140,0.0
hann_ifft,Hann-IFFT MLP,17,22,60.0,150.0,60.0,300.0,0,140,0.0
hann_ifft,Hann-IFFT MLP,17,23,60.0,150.0,60.0,330.0,8,140,0.05714285714285714
hann_ifft,Hann-IFFT MLP,17,24,60.0,150.0,90.0,0.0,0,140,0.0
hann_ifft,Hann-IFFT MLP,17,25,60.0,150.0,90.0,30.0,0,140,0.0
hann_ifft,Hann-IFFT MLP,17,26,60.0,150.0,90.0,60.0,0,140,0.0
hann_ifft,Hann-IFFT MLP,17,27,60.0,150.0,90.0,90.0,0,140,0.0
hann_ifft,Hann-IFFT MLP,17,28,60.0,150.0,90.0,120.0,0,140,0.0
hann_ifft,Hann-IFFT MLP,17,29,60.0,150.0,90.0,150.0,0,140,0.0
hann_ifft,Hann-IFFT MLP,17,30,60.0,150.0,90.0,180.0,0,140,0.0
hann_ifft,Hann-IFFT MLP,17,31,60.0,150.0,90.0,210.0,0,140,0.0
hann_ifft,Hann-IFFT MLP,17,32,60.0,150.0,90.0,240.0,0,140,0.0
hann_ifft,Hann-IFFT MLP,17,33,60.0,150.0,90.0,270.0,0,140,0.0
hann_ifft,Hann-IFFT MLP,17,34,60.0,150.0,90.0,300.0,0,140,0.0
hann_ifft,Hann-IFFT MLP,17,35,60.0,150.0,90.0,330.0,0,140,0.0
hann_ifft,Hann-IFFT MLP,17,36,60.0,150.0,120.0,0.0,1,140,0.007142857142857143
hann_ifft,Hann-IFFT MLP,17,37,60.0,150.0,120.0,30.0,4,140,0.02857142857142857
hann_ifft,Hann-IFFT MLP,17,38,60.0,150.0,120.0,60.0,0,140,0.0
hann_ifft,Hann-IFFT MLP,17,39,60.0,150.0,120.0,90.0,0,140,0.0
hann_ifft,Hann-IFFT MLP,17,40,60.0,150.0,120.0,120.0,0,140,0.0
hann_ifft,Hann-IFFT MLP,17,41,60.0,150.0,120.0,150.0,7,140,0.05
hann_ifft,Hann-IFFT MLP,17,42,60.0,150.0,120.0,180.0,3,140,0.02142857142857143
hann_ifft,Hann-IFFT MLP,17,43,60.0,150.0,120.0,210.0,14,140,0.1
hann_ifft,Hann-IFFT MLP,17,44,60.0,150.0,120.0,240.0,0,140,0.0
hann_ifft,Hann-IFFT MLP,17,45,60.0,150.0,120.0,270.0,0,140,0.0
hann_ifft,Hann-IFFT MLP,17,46,60.0,150.0,120.0,300.0,1,140,0.007142857142857143
hann_ifft,Hann-IFFT MLP,17,47,60.0,150.0,120.0,330.0,11,140,0.07857142857142857
hann_ifft,Hann-IFFT MLP,17,48,60.0,150.0,150.0,0.0,0,140,0.0
hann_ifft,Hann-IFFT MLP,17,49,60.0,150.0,150.0,30.0,0,140,0.0
hann_ifft,Hann-IFFT MLP,17,50,60.0,150.0,150.0,60.0,0,140,0.0
hann_ifft,Hann-IFFT MLP,17,51,60.0,150.0,150.0,90.0,0,140,0.0
hann_ifft,Hann-IFFT MLP,17,52,60.0,150.0,150.0,120.0,0,140,0.0
hann_ifft,Hann-IFFT MLP,17,53,60.0,150.0,150.0,150.0,1,140,0.007142857142857143
hann_ifft,Hann-IFFT MLP,17,54,60.0,150.0,150.0,180.0,0,140,0.0
hann_ifft,Hann-IFFT MLP,17,55,60.0,150.0,150.0,210.0,1,140,0.007142857142857143
hann_ifft,Hann-IFFT MLP,17,56,60.0,150.0,150.0,240.0,0,140,0.0
hann_ifft,Hann-IFFT MLP,17,57,60.0,150.0,150.0,270.0,0,140,0.0
hann_ifft,Hann-IFFT MLP,17,58,60.0,150.0,150.0,300.0,0,140,0.0
hann_ifft,Hann-IFFT MLP,17,59,60.0,150.0,150.0,330.0,0,140,0.0
hann_ifft,Hann-IFFT MLP,18,0,60.0,180.0,30.0,0.0,1,140,0.007142857142857143
hann_ifft,Hann-IFFT MLP,18,1,60.0,180.0,30.0,30.0,0,140,0.0
hann_ifft,Hann-IFFT MLP,18,2,60.0,180.0,30.0,60.0,0,140,0.0
hann_ifft,Hann-IFFT MLP,18,3,60.0,180.0,30.0,90.0,0,140,0.0
hann_ifft,Hann-IFFT MLP,18,4,60.0,180.0,30.0,120.0,0,140,0.0
hann_ifft,Hann-IFFT MLP,18,5,60.0,180.0,30.0,150.0,0,140,0.0
hann_ifft,Hann-IFFT MLP,18,6,60.0,180.0,30.0,180.0,25,140,0.17857142857142858
hann_ifft,Hann-IFFT MLP,18,7,60.0,180.0,30.0,210.0,2,140,0.014285714285714285
hann_ifft,Hann-IFFT MLP,18,8,60.0,180.0,30.0,240.0,1,140,0.007142857142857143
hann_ifft,Hann-IFFT MLP,18,9,60.0,180.0,30.0,270.0,0,140,0.0
hann_ifft,Hann-IFFT MLP,18,10,60.0,180.0,30.0,300.0,0,140,0.0
hann_ifft,Hann-IFFT MLP,18,11,60.0,180.0,30.0,330.0,0,140,0.0
hann_ifft,Hann-IFFT MLP,18,12,60.0,180.0,60.0,0.0,4,140,0.02857142857142857
hann_ifft,Hann-IFFT MLP,18,13,60.0,180.0,60.0,30.0,0,140,0.0
hann_ifft,Hann-IFFT MLP,18,14,60.0,180.0,60.0,60.0,0,140,0.0
hann_ifft,Hann-IFFT MLP,18,15,60.0,180.0,60.0,90.0,0,140,0.0
hann_ifft,Hann-IFFT MLP,18,16,60.0,180.0,60.0,120.0,0,140,0.0
hann_ifft,Hann-IFFT MLP,18,17,60.0,180.0,60.0,150.0,0,140,0.0
hann_ifft,Hann-IFFT MLP,18,18,60.0,180.0,60.0,180.0,71,140,0.5071428571428571
hann_ifft,Hann-IFFT MLP,18,19,60.0,180.0,60.0,210.0,0,140,0.0
hann_ifft,Hann-IFFT MLP,18,20,60.0,180.0,60.0,240.0,0,140,0.0
hann_ifft,Hann-IFFT MLP,18,21,60.0,180.0,60.0,270.0,0,140,0.0
hann_ifft,Hann-IFFT MLP,18,22,60.0,180.0,60.0,300.0,0,140,0.0
hann_ifft,Hann-IFFT MLP,18,23,60.0,180.0,60.0,330.0,0,140,0.0
hann_ifft,Hann-IFFT MLP,18,24,60.0,180.0,90.0,0.0,0,140,0.0
hann_ifft,Hann-IFFT MLP,18,25,60.0,180.0,90.0,30.0,0,140,0.0
hann_ifft,Hann-IFFT MLP,18,26,60.0,180.0,90.0,60.0,0,140,0.0
hann_ifft,Hann-IFFT MLP,18,27,60.0,180.0,90.0,90.0,0,140,0.0
hann_ifft,Hann-IFFT MLP,18,28,60.0,180.0,90.0,120.0,0,140,0.0
hann_ifft,Hann-IFFT MLP,18,29,60.0,180.0,90.0,150.0,0,140,0.0
hann_ifft,Hann-IFFT MLP,18,30,60.0,180.0,90.0,180.0,0,140,0.0
hann_ifft,Hann-IFFT MLP,18,31,60.0,180.0,90.0,210.0,0,140,0.0
hann_ifft,Hann-IFFT MLP,18,32,60.0,180.0,90.0,240.0,0,140,0.0
hann_ifft,Hann-IFFT MLP,18,33,60.0,180.0,90.0,270.0,0,140,0.0
hann_ifft,Hann-IFFT MLP,18,34,60.0,180.0,90.0,300.0,0,140,0.0
hann_ifft,Hann-IFFT MLP,18,35,60.0,180.0,90.0,330.0,0,140,0.0
hann_ifft,Hann-IFFT MLP,18,36,60.0,180.0,120.0,0.0,0,140,0.0
hann_ifft,Hann-IFFT MLP,18,37,60.0,180.0,120.0,30.0,0,140,0.0
hann_ifft,Hann-IFFT MLP,18,38,60.0,180.0,120.0,60.0,0,140,0.0
hann_ifft,Hann-IFFT MLP,18,39,60.0,180.0,120.0,90.0,0,140,0.0
hann_ifft,Hann-IFFT MLP,18,40,60.0,180.0,120.0,120.0,0,140,0.0
hann_ifft,Hann-IFFT MLP,18,41,60.0,180.0,120.0,150.0,0,140,0.0
hann_ifft,Hann-IFFT MLP,18,42,60.0,180.0,120.0,180.0,20,140,0.14285714285714285
hann_ifft,Hann-IFFT MLP,18,43,60.0,180.0,120.0,210.0,0,140,0.0
hann_ifft,Hann-IFFT MLP,18,44,60.0,180.0,120.0,240.0,0,140,0.0
hann_ifft,Hann-IFFT MLP,18,45,60.0,180.0,120.0,270.0,0,140,0.0
hann_ifft,Hann-IFFT MLP,18,46,60.0,180.0,120.0,300.0,0,140,0.0
hann_ifft,Hann-IFFT MLP,18,47,60.0,180.0,120.0,330.0,0,140,0.0
hann_ifft,Hann-IFFT MLP,18,48,60.0,180.0,150.0,0.0,0,140,0.0
hann_ifft,Hann-IFFT MLP,18,49,60.0,180.0,150.0,30.0,2,140,0.014285714285714285
hann_ifft,Hann-IFFT MLP,18,50,60.0,180.0,150.0,60.0,0,140,0.0
hann_ifft,Hann-IFFT MLP,18,51,60.0,180.0,150.0,90.0,0,140,0.0
hann_ifft,Hann-IFFT MLP,18,52,60.0,180.0,150.0,120.0,0,140,0.0
hann_ifft,Hann-IFFT MLP,18,53,60.0,180.0,150.0,150.0,1,140,0.007142857142857143
hann_ifft,Hann-IFFT MLP,18,54,60.0,180.0,150.0,180.0,9,140,0.06428571428571428
hann_ifft,Hann-IFFT MLP,18,55,60.0,180.0,150.0,210.0,4,140,0.02857142857142857
hann_ifft,Hann-IFFT MLP,18,56,60.0,180.0,150.0,240.0,0,140,0.0
hann_ifft,Hann-IFFT MLP,18,57,60.0,180.0,150.0,270.0,0,140,0.0
hann_ifft,Hann-IFFT MLP,18,58,60.0,180.0,150.0,300.0,0,140,0.0
hann_ifft,Hann-IFFT MLP,18,59,60.0,180.0,150.0,330.0,0,140,0.0
hann_ifft,Hann-IFFT MLP,19,0,60.0,210.0,30.0,0.0,1,140,0.007142857142857143
hann_ifft,Hann-IFFT MLP,19,1,60.0,210.0,30.0,30.0,0,140,0.0
hann_ifft,Hann-IFFT MLP,19,2,60.0,210.0,30.0,60.0,0,140,0.0
hann_ifft,Hann-IFFT MLP,19,3,60.0,210.0,30.0,90.0,0,140,0.0
hann_ifft,Hann-IFFT MLP,19,4,60.0,210.0,30.0,120.0,0,140,0.0
hann_ifft,Hann-IFFT MLP,19,5,60.0,210.0,30.0,150.0,0,140,0.0
hann_ifft,Hann-IFFT MLP,19,6,60.0,210.0,30.0,180.0,0,140,0.0
hann_ifft,Hann-IFFT MLP,19,7,60.0,210.0,30.0,210.0,0,140,0.0
hann_ifft,Hann-IFFT MLP,19,8,60.0,210.0,30.0,240.0,0,140,0.0
hann_ifft,Hann-IFFT MLP,19,9,60.0,210.0,30.0,270.0,0,140,0.0
hann_ifft,Hann-IFFT MLP,19,10,60.0,210.0,30.0,300.0,0,140,0.0
hann_ifft,Hann-IFFT MLP,19,11,60.0,210.0,30.0,330.0,0,140,0.0
hann_ifft,Hann-IFFT MLP,19,12,60.0,210.0,60.0,0.0,1,140,0.007142857142857143
hann_ifft,Hann-IFFT MLP,19,13,60.0,210.0,60.0,30.0,15,140,0.10714285714285714
hann_ifft,Hann-IFFT MLP,19,14,60.0,210.0,60.0,60.0,1,140,0.007142857142857143
hann_ifft,Hann-IFFT MLP,19,15,60.0,210.0,60.0,90.0,0,140,0.0
hann_ifft,Hann-IFFT MLP,19,16,60.0,210.0,60.0,120.0,0,140,0.0
hann_ifft,Hann-IFFT MLP,19,17,60.0,210.0,60.0,150.0,4,140,0.02857142857142857
hann_ifft,Hann-IFFT MLP,19,18,60.0,210.0,60.0,180.0,1,140,0.007142857142857143
hann_ifft,Hann-IFFT MLP,19,19,60.0,210.0,60.0,210.0,58,140,0.4142857142857143
hann_ifft,Hann-IFFT MLP,19,20,60.0,210.0,60.0,240.0,0,140,0.0
hann_ifft,Hann-IFFT MLP,19,21,60.0,210.0,60.0,270.0,0,140,0.0
hann_ifft,Hann-IFFT MLP,19,22,60.0,210.0,60.0,300.0,0,140,0.0
hann_ifft,Hann-IFFT MLP,19,23,60.0,210.0,60.0,330.0,3,140,0.02142857142857143
hann_ifft,Hann-IFFT MLP,19,24,60.0,210.0,90.0,0.0,0,140,0.0
hann_ifft,Hann-IFFT MLP,19,25,60.0,210.0,90.0,30.0,0,140,0.0
hann_ifft,Hann-IFFT MLP,19,26,60.0,210.0,90.0,60.0,0,140,0.0
hann_ifft,Hann-IFFT MLP,19,27,60.0,210.0,90.0,90.0,0,140,0.0
hann_ifft,Hann-IFFT MLP,19,28,60.0,210.0,90.0,120.0,0,140,0.0
hann_ifft,Hann-IFFT MLP,19,29,60.0,210.0,90.0,150.0,0,140,0.0
hann_ifft,Hann-IFFT MLP,19,30,60.0,210.0,90.0,180.0,0,140,0.0
hann_ifft,Hann-IFFT MLP,19,31,60.0,210.0,90.0,210.0,0,140,0.0
hann_ifft,Hann-IFFT MLP,19,32,60.0,210.0,90.0,240.0,0,140,0.0
hann_ifft,Hann-IFFT MLP,19,33,60.0,210.0,90.0,270.0,0,140,0.0
hann_ifft,Hann-IFFT MLP,19,34,60.0,210.0,90.0,300.0,0,140,0.0
hann_ifft,Hann-IFFT MLP,19,35,60.0,210.0,90.0,330.0,0,140,0.0
hann_ifft,Hann-IFFT MLP,19,36,60.0,210.0,120.0,0.0,0,140,0.0
hann_ifft,Hann-IFFT MLP,19,37,60.0,210.0,120.0,30.0,5,140,0.03571428571428571
hann_ifft,Hann-IFFT MLP,19,38,60.0,210.0,120.0,60.0,0,140,0.0
hann_ifft,Hann-IFFT MLP,19,39,60.0,210.0,120.0,90.0,0,140,0.0
hann_ifft,Hann-IFFT MLP,19,40,60.0,210.0,120.0,120.0,0,140,0.0
hann_ifft,Hann-IFFT MLP,19,41,60.0,210.0,120.0,150.0,26,140,0.18571428571428572
hann_ifft,Hann-IFFT MLP,19,42,60.0,210.0,120.0,180.0,3,140,0.02142857142857143
hann_ifft,Hann-IFFT MLP,19,43,60.0,210.0,120.0,210.0,18,140,0.12857142857142856
hann_ifft,Hann-IFFT MLP,19,44,60.0,210.0,120.0,240.0,0,140,0.0
hann_ifft,Hann-IFFT MLP,19,45,60.0,210.0,120.0,270.0,0,140,0.0
hann_ifft,Hann-IFFT MLP,19,46,60.0,210.0,120.0,300.0,0,140,0.0
hann_ifft,Hann-IFFT MLP,19,47,60.0,210.0,120.0,330.0,3,140,0.02142857142857143
hann_ifft,Hann-IFFT MLP,19,48,60.0,210.0,150.0,0.0,0,140,0.0
hann_ifft,Hann-IFFT MLP,19,49,60.0,210.0,150.0,30.0,0,140,0.0
hann_ifft,Hann-IFFT MLP,19,50,60.0,210.0,150.0,60.0,0,140,0.0
hann_ifft,Hann-IFFT MLP,19,51,60.0,210.0,150.0,90.0,0,140,0.0
hann_ifft,Hann-IFFT MLP,19,52,60.0,210.0,150.0,120.0,0,140,0.0
hann_ifft,Hann-IFFT MLP,19,53,60.0,210.0,150.0,150.0,0,140,0.0
hann_ifft,Hann-IFFT MLP,19,54,60.0,210.0,150.0,180.0,0,140,0.0
hann_ifft,Hann-IFFT MLP,19,55,60.0,210.0,150.0,210.0,1,140,0.007142857142857143
hann_ifft,Hann-IFFT MLP,19,56,60.0,210.0,150.0,240.0,0,140,0.0
hann_ifft,Hann-IFFT MLP,19,57,60.0,210.0,150.0,270.0,0,140,0.0
hann_ifft,Hann-IFFT MLP,19,58,60.0,210.0,150.0,300.0,0,140,0.0
hann_ifft,Hann-IFFT MLP,19,59,60.0,210.0,150.0,330.0,0,140,0.0
hann_ifft,Hann-IFFT MLP,20,0,60.0,240.0,30.0,0.0,0,140,0.0
hann_ifft,Hann-IFFT MLP,20,1,60.0,240.0,30.0,30.0,0,140,0.0
hann_ifft,Hann-IFFT MLP,20,2,60.0,240.0,30.0,60.0,0,140,0.0
hann_ifft,Hann-IFFT MLP,20,3,60.0,240.0,30.0,90.0,0,140,0.0
hann_ifft,Hann-IFFT MLP,20,4,60.0,240.0,30.0,120.0,0,140,0.0
hann_ifft,Hann-IFFT MLP,20,5,60.0,240.0,30.0,150.0,0,140,0.0
hann_ifft,Hann-IFFT MLP,20,6,60.0,240.0,30.0,180.0,0,140,0.0
hann_ifft,Hann-IFFT MLP,20,7,60.0,240.0,30.0,210.0,0,140,0.0
hann_ifft,Hann-IFFT MLP,20,8,60.0,240.0,30.0,240.0,1,140,0.007142857142857143
hann_ifft,Hann-IFFT MLP,20,9,60.0,240.0,30.0,270.0,0,140,0.0
hann_ifft,Hann-IFFT MLP,20,10,60.0,240.0,30.0,300.0,0,140,0.0
hann_ifft,Hann-IFFT MLP,20,11,60.0,240.0,30.0,330.0,0,140,0.0
hann_ifft,Hann-IFFT MLP,20,12,60.0,240.0,60.0,0.0,0,140,0.0
hann_ifft,Hann-IFFT MLP,20,13,60.0,240.0,60.0,30.0,2,140,0.014285714285714285
hann_ifft,Hann-IFFT MLP,20,14,60.0,240.0,60.0,60.0,2,140,0.014285714285714285
hann_ifft,Hann-IFFT MLP,20,15,60.0,240.0,60.0,90.0,4,140,0.02857142857142857
hann_ifft,Hann-IFFT MLP,20,16,60.0,240.0,60.0,120.0,9,140,0.06428571428571428
hann_ifft,Hann-IFFT MLP,20,17,60.0,240.0,60.0,150.0,0,140,0.0
hann_ifft,Hann-IFFT MLP,20,18,60.0,240.0,60.0,180.0,0,140,0.0
hann_ifft,Hann-IFFT MLP,20,19,60.0,240.0,60.0,210.0,5,140,0.03571428571428571
hann_ifft,Hann-IFFT MLP,20,20,60.0,240.0,60.0,240.0,88,140,0.6285714285714286
hann_ifft,Hann-IFFT MLP,20,21,60.0,240.0,60.0,270.0,3,140,0.02142857142857143
hann_ifft,Hann-IFFT MLP,20,22,60.0,240.0,60.0,300.0,1,140,0.007142857142857143
hann_ifft,Hann-IFFT MLP,20,23,60.0,240.0,60.0,330.0,0,140,0.0
hann_ifft,Hann-IFFT MLP,20,24,60.0,240.0,90.0,0.0,0,140,0.0
hann_ifft,Hann-IFFT MLP,20,25,60.0,240.0,90.0,30.0,0,140,0.0
hann_ifft,Hann-IFFT MLP,20,26,60.0,240.0,90.0,60.0,1,140,0.007142857142857143
hann_ifft,Hann-IFFT MLP,20,27,60.0,240.0,90.0,90.0,0,140,0.0
hann_ifft,Hann-IFFT MLP,20,28,60.0,240.0,90.0,120.0,0,140,0.0
hann_ifft,Hann-IFFT MLP,20,29,60.0,240.0,90.0,150.0,0,140,0.0
hann_ifft,Hann-IFFT MLP,20,30,60.0,240.0,90.0,180.0,0,140,0.0
hann_ifft,Hann-IFFT MLP,20,31,60.0,240.0,90.0,210.0,1,140,0.007142857142857143
hann_ifft,Hann-IFFT MLP,20,32,60.0,240.0,90.0,240.0,0,140,0.0
hann_ifft,Hann-IFFT MLP,20,33,60.0,240.0,90.0,270.0,0,140,0.0
hann_ifft,Hann-IFFT MLP,20,34,60.0,240.0,90.0,300.0,0,140,0.0
hann_ifft,Hann-IFFT MLP,20,35,60.0,240.0,90.0,330.0,0,140,0.0
hann_ifft,Hann-IFFT MLP,20,36,60.0,240.0,120.0,0.0,0,140,0.0
hann_ifft,Hann-IFFT MLP,20,37,60.0,240.0,120.0,30.0,2,140,0.014285714285714285
hann_ifft,Hann-IFFT MLP,20,38,60.0,240.0,120.0,60.0,1,140,0.007142857142857143
hann_ifft,Hann-IFFT MLP,20,39,60.0,240.0,120.0,90.0,2,140,0.014285714285714285
hann_ifft,Hann-IFFT MLP,20,40,60.0,240.0,120.0,120.0,7,140,0.05
hann_ifft,Hann-IFFT MLP,20,41,60.0,240.0,120.0,150.0,0,140,0.0
hann_ifft,Hann-IFFT MLP,20,42,60.0,240.0,120.0,180.0,0,140,0.0
hann_ifft,Hann-IFFT MLP,20,43,60.0,240.0,120.0,210.0,0,140,0.0
hann_ifft,Hann-IFFT MLP,20,44,60.0,240.0,120.0,240.0,6,140,0.04285714285714286
hann_ifft,Hann-IFFT MLP,20,45,60.0,240.0,120.0,270.0,0,140,0.0
hann_ifft,Hann-IFFT MLP,20,46,60.0,240.0,120.0,300.0,0,140,0.0
hann_ifft,Hann-IFFT MLP,20,47,60.0,240.0,120.0,330.0,0,140,0.0
hann_ifft,Hann-IFFT MLP,20,48,60.0,240.0,150.0,0.0,0,140,0.0
hann_ifft,Hann-IFFT MLP,20,49,60.0,240.0,150.0,30.0,0,140,0.0
hann_ifft,Hann-IFFT MLP,20,50,60.0,240.0,150.0,60.0,3,140,0.02142857142857143
hann_ifft,Hann-IFFT MLP,20,51,60.0,240.0,150.0,90.0,0,140,0.0
hann_ifft,Hann-IFFT MLP,20,52,60.0,240.0,150.0,120.0,0,140,0.0
hann_ifft,Hann-IFFT MLP,20,53,60.0,240.0,150.0,150.0,0,140,0.0
hann_ifft,Hann-IFFT MLP,20,54,60.0,240.0,150.0,180.0,0,140,0.0
hann_ifft,Hann-IFFT MLP,20,55,60.0,240.0,150.0,210.0,0,140,0.0
hann_ifft,Hann-IFFT MLP,20,56,60.0,240.0,150.0,240.0,2,140,0.014285714285714285
hann_ifft,Hann-IFFT MLP,20,57,60.0,240.0,150.0,270.0,0,140,0.0
hann_ifft,Hann-IFFT MLP,20,58,60.0,240.0,150.0,300.0,0,140,0.0
hann_ifft,Hann-IFFT MLP,20,59,60.0,240.0,150.0,330.0,0,140,0.0
hann_ifft,Hann-IFFT MLP,21,0,60.0,270.0,30.0,0.0,0,140,0.0
hann_ifft,Hann-IFFT MLP,21,1,60.0,270.0,30.0,30.0,0,140,0.0
hann_ifft,Hann-IFFT MLP,21,2,60.0,270.0,30.0,60.0,1,140,0.007142857142857143
hann_ifft,Hann-IFFT MLP,21,3,60.0,270.0,30.0,90.0,3,140,0.02142857142857143
hann_ifft,Hann-IFFT MLP,21,4,60.0,270.0,30.0,120.0,0,140,0.0
hann_ifft,Hann-IFFT MLP,21,5,60.0,270.0,30.0,150.0,0,140,0.0
hann_ifft,Hann-IFFT MLP,21,6,60.0,270.0,30.0,180.0,0,140,0.0
hann_ifft,Hann-IFFT MLP,21,7,60.0,270.0,30.0,210.0,0,140,0.0
hann_ifft,Hann-IFFT MLP,21,8,60.0,270.0,30.0,240.0,1,140,0.007142857142857143
hann_ifft,Hann-IFFT MLP,21,9,60.0,270.0,30.0,270.0,0,140,0.0
hann_ifft,Hann-IFFT MLP,21,10,60.0,270.0,30.0,300.0,0,140,0.0
hann_ifft,Hann-IFFT MLP,21,11,60.0,270.0,30.0,330.0,0,140,0.0
hann_ifft,Hann-IFFT MLP,21,12,60.0,270.0,60.0,0.0,0,140,0.0
hann_ifft,Hann-IFFT MLP,21,13,60.0,270.0,60.0,30.0,0,140,0.0
hann_ifft,Hann-IFFT MLP,21,14,60.0,270.0,60.0,60.0,10,140,0.07142857142857142
hann_ifft,Hann-IFFT MLP,21,15,60.0,270.0,60.0,90.0,14,140,0.1
hann_ifft,Hann-IFFT MLP,21,16,60.0,270.0,60.0,120.0,1,140,0.007142857142857143
hann_ifft,Hann-IFFT MLP,21,17,60.0,270.0,60.0,150.0,0,140,0.0
hann_ifft,Hann-IFFT MLP,21,18,60.0,270.0,60.0,180.0,0,140,0.0
hann_ifft,Hann-IFFT MLP,21,19,60.0,270.0,60.0,210.0,0,140,0.0
hann_ifft,Hann-IFFT MLP,21,20,60.0,270.0,60.0,240.0,3,140,0.02142857142857143
hann_ifft,Hann-IFFT MLP,21,21,60.0,270.0,60.0,270.0,82,140,0.5857142857142857
hann_ifft,Hann-IFFT MLP,21,22,60.0,270.0,60.0,300.0,1,140,0.007142857142857143
hann_ifft,Hann-IFFT MLP,21,23,60.0,270.0,60.0,330.0,0,140,0.0
hann_ifft,Hann-IFFT MLP,21,24,60.0,270.0,90.0,0.0,0,140,0.0
hann_ifft,Hann-IFFT MLP,21,25,60.0,270.0,90.0,30.0,0,140,0.0
hann_ifft,Hann-IFFT MLP,21,26,60.0,270.0,90.0,60.0,0,140,0.0
hann_ifft,Hann-IFFT MLP,21,27,60.0,270.0,90.0,90.0,2,140,0.014285714285714285
hann_ifft,Hann-IFFT MLP,21,28,60.0,270.0,90.0,120.0,0,140,0.0
hann_ifft,Hann-IFFT MLP,21,29,60.0,270.0,90.0,150.0,0,140,0.0
hann_ifft,Hann-IFFT MLP,21,30,60.0,270.0,90.0,180.0,0,140,0.0
hann_ifft,Hann-IFFT MLP,21,31,60.0,270.0,90.0,210.0,0,140,0.0
hann_ifft,Hann-IFFT MLP,21,32,60.0,270.0,90.0,240.0,1,140,0.007142857142857143
hann_ifft,Hann-IFFT MLP,21,33,60.0,270.0,90.0,270.0,6,140,0.04285714285714286
hann_ifft,Hann-IFFT MLP,21,34,60.0,270.0,90.0,300.0,0,140,0.0
hann_ifft,Hann-IFFT MLP,21,35,60.0,270.0,90.0,330.0,0,140,0.0
hann_ifft,Hann-IFFT MLP,21,36,60.0,270.0,120.0,0.0,0,140,0.0
hann_ifft,Hann-IFFT MLP,21,37,60.0,270.0,120.0,30.0,0,140,0.0
hann_ifft,Hann-IFFT MLP,21,38,60.0,270.0,120.0,60.0,1,140,0.007142857142857143
hann_ifft,Hann-IFFT MLP,21,39,60.0,270.0,120.0,90.0,11,140,0.07857142857142857
hann_ifft,Hann-IFFT MLP,21,40,60.0,270.0,120.0,120.0,0,140,0.0
hann_ifft,Hann-IFFT MLP,21,41,60.0,270.0,120.0,150.0,0,140,0.0
hann_ifft,Hann-IFFT MLP,21,42,60.0,270.0,120.0,180.0,0,140,0.0
hann_ifft,Hann-IFFT MLP,21,43,60.0,270.0,120.0,210.0,0,140,0.0
hann_ifft,Hann-IFFT MLP,21,44,60.0,270.0,120.0,240.0,0,140,0.0
hann_ifft,Hann-IFFT MLP,21,45,60.0,270.0,120.0,270.0,2,140,0.014285714285714285
hann_ifft,Hann-IFFT MLP,21,46,60.0,270.0,120.0,300.0,0,140,0.0
hann_ifft,Hann-IFFT MLP,21,47,60.0,270.0,120.0,330.0,0,140,0.0
hann_ifft,Hann-IFFT MLP,21,48,60.0,270.0,150.0,0.0,0,140,0.0
hann_ifft,Hann-IFFT MLP,21,49,60.0,270.0,150.0,30.0,0,140,0.0
hann_ifft,Hann-IFFT MLP,21,50,60.0,270.0,150.0,60.0,0,140,0.0
hann_ifft,Hann-IFFT MLP,21,51,60.0,270.0,150.0,90.0,0,140,0.0
hann_ifft,Hann-IFFT MLP,21,52,60.0,270.0,150.0,120.0,0,140,0.0
hann_ifft,Hann-IFFT MLP,21,53,60.0,270.0,150.0,150.0,0,140,0.0
hann_ifft,Hann-IFFT MLP,21,54,60.0,270.0,150.0,180.0,0,140,0.0
hann_ifft,Hann-IFFT MLP,21,55,60.0,270.0,150.0,210.0,0,140,0.0
hann_ifft,Hann-IFFT MLP,21,56,60.0,270.0,150.0,240.0,1,140,0.007142857142857143
hann_ifft,Hann-IFFT MLP,21,57,60.0,270.0,150.0,270.0,0,140,0.0
hann_ifft,Hann-IFFT MLP,21,58,60.0,270.0,150.0,300.0,0,140,0.0
hann_ifft,Hann-IFFT MLP,21,59,60.0,270.0,150.0,330.0,0,140,0.0
hann_ifft,Hann-IFFT MLP,22,0,60.0,300.0,30.0,0.0,0,140,0.0
hann_ifft,Hann-IFFT MLP,22,1,60.0,300.0,30.0,30.0,0,140,0.0
hann_ifft,Hann-IFFT MLP,22,2,60.0,300.0,30.0,60.0,0,140,0.0
hann_ifft,Hann-IFFT MLP,22,3,60.0,300.0,30.0,90.0,0,140,0.0
hann_ifft,Hann-IFFT MLP,22,4,60.0,300.0,30.0,120.0,0,140,0.0
hann_ifft,Hann-IFFT MLP,22,5,60.0,300.0,30.0,150.0,0,140,0.0
hann_ifft,Hann-IFFT MLP,22,6,60.0,300.0,30.0,180.0,0,140,0.0
hann_ifft,Hann-IFFT MLP,22,7,60.0,300.0,30.0,210.0,0,140,0.0
hann_ifft,Hann-IFFT MLP,22,8,60.0,300.0,30.0,240.0,0,140,0.0
hann_ifft,Hann-IFFT MLP,22,9,60.0,300.0,30.0,270.0,0,140,0.0
hann_ifft,Hann-IFFT MLP,22,10,60.0,300.0,30.0,300.0,0,140,0.0
hann_ifft,Hann-IFFT MLP,22,11,60.0,300.0,30.0,330.0,0,140,0.0
hann_ifft,Hann-IFFT MLP,22,12,60.0,300.0,60.0,0.0,0,140,0.0
hann_ifft,Hann-IFFT MLP,22,13,60.0,300.0,60.0,30.0,0,140,0.0
hann_ifft,Hann-IFFT MLP,22,14,60.0,300.0,60.0,60.0,6,140,0.04285714285714286
hann_ifft,Hann-IFFT MLP,22,15,60.0,300.0,60.0,90.0,1,140,0.007142857142857143
hann_ifft,Hann-IFFT MLP,22,16,60.0,300.0,60.0,120.0,3,140,0.02142857142857143
hann_ifft,Hann-IFFT MLP,22,17,60.0,300.0,60.0,150.0,0,140,0.0
hann_ifft,Hann-IFFT MLP,22,18,60.0,300.0,60.0,180.0,0,140,0.0
hann_ifft,Hann-IFFT MLP,22,19,60.0,300.0,60.0,210.0,0,140,0.0
hann_ifft,Hann-IFFT MLP,22,20,60.0,300.0,60.0,240.0,2,140,0.014285714285714285
hann_ifft,Hann-IFFT MLP,22,21,60.0,300.0,60.0,270.0,5,140,0.03571428571428571
hann_ifft,Hann-IFFT MLP,22,22,60.0,300.0,60.0,300.0,104,140,0.7428571428571429
hann_ifft,Hann-IFFT MLP,22,23,60.0,300.0,60.0,330.0,1,140,0.007142857142857143
hann_ifft,Hann-IFFT MLP,22,24,60.0,300.0,90.0,0.0,0,140,0.0
hann_ifft,Hann-IFFT MLP,22,25,60.0,300.0,90.0,30.0,0,140,0.0
hann_ifft,Hann-IFFT MLP,22,26,60.0,300.0,90.0,60.0,0,140,0.0
hann_ifft,Hann-IFFT MLP,22,27,60.0,300.0,90.0,90.0,0,140,0.0
hann_ifft,Hann-IFFT MLP,22,28,60.0,300.0,90.0,120.0,0,140,0.0
hann_ifft,Hann-IFFT MLP,22,29,60.0,300.0,90.0,150.0,0,140,0.0
hann_ifft,Hann-IFFT MLP,22,30,60.0,300.0,90.0,180.0,0,140,0.0
hann_ifft,Hann-IFFT MLP,22,31,60.0,300.0,90.0,210.0,0,140,0.0
hann_ifft,Hann-IFFT MLP,22,32,60.0,300.0,90.0,240.0,0,140,0.0
hann_ifft,Hann-IFFT MLP,22,33,60.0,300.0,90.0,270.0,0,140,0.0
hann_ifft,Hann-IFFT MLP,22,34,60.0,300.0,90.0,300.0,0,140,0.0
hann_ifft,Hann-IFFT MLP,22,35,60.0,300.0,90.0,330.0,0,140,0.0
hann_ifft,Hann-IFFT MLP,22,36,60.0,300.0,120.0,0.0,0,140,0.0
hann_ifft,Hann-IFFT MLP,22,37,60.0,300.0,120.0,30.0,0,140,0.0
hann_ifft,Hann-IFFT MLP,22,38,60.0,300.0,120.0,60.0,7,140,0.05
hann_ifft,Hann-IFFT MLP,22,39,60.0,300.0,120.0,90.0,1,140,0.007142857142857143
hann_ifft,Hann-IFFT MLP,22,40,60.0,300.0,120.0,120.0,3,140,0.02142857142857143
hann_ifft,Hann-IFFT MLP,22,41,60.0,300.0,120.0,150.0,0,140,0.0
hann_ifft,Hann-IFFT MLP,22,42,60.0,300.0,120.0,180.0,0,140,0.0
hann_ifft,Hann-IFFT MLP,22,43,60.0,300.0,120.0,210.0,0,140,0.0
hann_ifft,Hann-IFFT MLP,22,44,60.0,300.0,120.0,240.0,2,140,0.014285714285714285
hann_ifft,Hann-IFFT MLP,22,45,60.0,300.0,120.0,270.0,0,140,0.0
hann_ifft,Hann-IFFT MLP,22,46,60.0,300.0,120.0,300.0,1,140,0.007142857142857143
hann_ifft,Hann-IFFT MLP,22,47,60.0,300.0,120.0,330.0,1,140,0.007142857142857143
hann_ifft,Hann-IFFT MLP,22,48,60.0,300.0,150.0,0.0,0,140,0.0
hann_ifft,Hann-IFFT MLP,22,49,60.0,300.0,150.0,30.0,0,140,0.0
hann_ifft,Hann-IFFT MLP,22,50,60.0,300.0,150.0,60.0,1,140,0.007142857142857143
hann_ifft,Hann-IFFT MLP,22,51,60.0,300.0,150.0,90.0,1,140,0.007142857142857143
hann_ifft,Hann-IFFT MLP,22,52,60.0,300.0,150.0,120.0,0,140,0.0
hann_ifft,Hann-IFFT MLP,22,53,60.0,300.0,150.0,150.0,0,140,0.0
hann_ifft,Hann-IFFT MLP,22,54,60.0,300.0,150.0,180.0,0,140,0.0
hann_ifft,Hann-IFFT MLP,22,55,60.0,300.0,150.0,210.0,0,140,0.0
hann_ifft,Hann-IFFT MLP,22,56,60.0,300.0,150.0,240.0,0,140,0.0
hann_ifft,Hann-IFFT MLP,22,57,60.0,300.0,150.0,270.0,0,140,0.0
hann_ifft,Hann-IFFT MLP,22,58,60.0,300.0,150.0,300.0,0,140,0.0
hann_ifft,Hann-IFFT MLP,22,59,60.0,300.0,150.0,330.0,1,140,0.007142857142857143
hann_ifft,Hann-IFFT MLP,23,0,60.0,330.0,30.0,0.0,0,140,0.0
hann_ifft,Hann-IFFT MLP,23,1,60.0,330.0,30.0,30.0,0,140,0.0
hann_ifft,Hann-IFFT MLP,23,2,60.0,330.0,30.0,60.0,0,140,0.0
hann_ifft,Hann-IFFT MLP,23,3,60.0,330.0,30.0,90.0,0,140,0.0
hann_ifft,Hann-IFFT MLP,23,4,60.0,330.0,30.0,120.0,0,140,0.0
hann_ifft,Hann-IFFT MLP,23,5,60.0,330.0,30.0,150.0,0,140,0.0
hann_ifft,Hann-IFFT MLP,23,6,60.0,330.0,30.0,180.0,0,140,0.0
hann_ifft,Hann-IFFT MLP,23,7,60.0,330.0,30.0,210.0,0,140,0.0
hann_ifft,Hann-IFFT MLP,23,8,60.0,330.0,30.0,240.0,0,140,0.0
hann_ifft,Hann-IFFT MLP,23,9,60.0,330.0,30.0,270.0,0,140,0.0
hann_ifft,Hann-IFFT MLP,23,10,60.0,330.0,30.0,300.0,0,140,0.0
hann_ifft,Hann-IFFT MLP,23,11,60.0,330.0,30.0,330.0,0,140,0.0
hann_ifft,Hann-IFFT MLP,23,12,60.0,330.0,60.0,0.0,4,140,0.02857142857142857
hann_ifft,Hann-IFFT MLP,23,13,60.0,330.0,60.0,30.0,5,140,0.03571428571428571
hann_ifft,Hann-IFFT MLP,23,14,60.0,330.0,60.0,60.0,0,140,0.0
hann_ifft,Hann-IFFT MLP,23,15,60.0,330.0,60.0,90.0,0,140,0.0
hann_ifft,Hann-IFFT MLP,23,16,60.0,330.0,60.0,120.0,0,140,0.0
hann_ifft,Hann-IFFT MLP,23,17,60.0,330.0,60.0,150.0,8,140,0.05714285714285714
hann_ifft,Hann-IFFT MLP,23,18,60.0,330.0,60.0,180.0,0,140,0.0
hann_ifft,Hann-IFFT MLP,23,19,60.0,330.0,60.0,210.0,2,140,0.014285714285714285
hann_ifft,Hann-IFFT MLP,23,20,60.0,330.0,60.0,240.0,0,140,0.0
hann_ifft,Hann-IFFT MLP,23,21,60.0,330.0,60.0,270.0,0,140,0.0
hann_ifft,Hann-IFFT MLP,23,22,60.0,330.0,60.0,300.0,2,140,0.014285714285714285
hann_ifft,Hann-IFFT MLP,23,23,60.0,330.0,60.0,330.0,83,140,0.5928571428571429
hann_ifft,Hann-IFFT MLP,23,24,60.0,330.0,90.0,0.0,0,140,0.0
hann_ifft,Hann-IFFT MLP,23,25,60.0,330.0,90.0,30.0,0,140,0.0
hann_ifft,Hann-IFFT MLP,23,26,60.0,330.0,90.0,60.0,0,140,0.0
hann_ifft,Hann-IFFT MLP,23,27,60.0,330.0,90.0,90.0,0,140,0.0
hann_ifft,Hann-IFFT MLP,23,28,60.0,330.0,90.0,120.0,0,140,0.0
hann_ifft,Hann-IFFT MLP,23,29,60.0,330.0,90.0,150.0,0,140,0.0
hann_ifft,Hann-IFFT MLP,23,30,60.0,330.0,90.0,180.0,0,140,0.0
hann_ifft,Hann-IFFT MLP,23,31,60.0,330.0,90.0,210.0,0,140,0.0
hann_ifft,Hann-IFFT MLP,23,32,60.0,330.0,90.0,240.0,0,140,0.0
hann_ifft,Hann-IFFT MLP,23,33,60.0,330.0,90.0,270.0,0,140,0.0
hann_ifft,Hann-IFFT MLP,23,34,60.0,330.0,90.0,300.0,0,140,0.0
hann_ifft,Hann-IFFT MLP,23,35,60.0,330.0,90.0,330.0,0,140,0.0
hann_ifft,Hann-IFFT MLP,23,36,60.0,330.0,120.0,0.0,4,140,0.02857142857142857
hann_ifft,Hann-IFFT MLP,23,37,60.0,330.0,120.0,30.0,11,140,0.07857142857142857
hann_ifft,Hann-IFFT MLP,23,38,60.0,330.0,120.0,60.0,0,140,0.0
hann_ifft,Hann-IFFT MLP,23,39,60.0,330.0,120.0,90.0,0,140,0.0
hann_ifft,Hann-IFFT MLP,23,40,60.0,330.0,120.0,120.0,0,140,0.0
hann_ifft,Hann-IFFT MLP,23,41,60.0,330.0,120.0,150.0,7,140,0.05
hann_ifft,Hann-IFFT MLP,23,42,60.0,330.0,120.0,180.0,0,140,0.0
hann_ifft,Hann-IFFT MLP,23,43,60.0,330.0,120.0,210.0,9,140,0.06428571428571428
hann_ifft,Hann-IFFT MLP,23,44,60.0,330.0,120.0,240.0,0,140,0.0
hann_ifft,Hann-IFFT MLP,23,45,60.0,330.0,120.0,270.0,0,140,0.0
hann_ifft,Hann-IFFT MLP,23,46,60.0,330.0,120.0,300.0,0,140,0.0
hann_ifft,Hann-IFFT MLP,23,47,60.0,330.0,120.0,330.0,4,140,0.02857142857142857
hann_ifft,Hann-IFFT MLP,23,48,60.0,330.0,150.0,0.0,0,140,0.0
hann_ifft,Hann-IFFT MLP,23,49,60.0,330.0,150.0,30.0,0,140,0.0
hann_ifft,Hann-IFFT MLP,23,50,60.0,330.0,150.0,60.0,0,140,0.0
hann_ifft,Hann-IFFT MLP,23,51,60.0,330.0,150.0,90.0,0,140,0.0
hann_ifft,Hann-IFFT MLP,23,52,60.0,330.0,150.0,120.0,0,140,0.0
hann_ifft,Hann-IFFT MLP,23,53,60.0,330.0,150.0,150.0,0,140,0.0
hann_ifft,Hann-IFFT MLP,23,54,60.0,330.0,150.0,180.0,0,140,0.0
hann_ifft,Hann-IFFT MLP,23,55,60.0,330.0,150.0,210.0,1,140,0.007142857142857143
hann_ifft,Hann-IFFT MLP,23,56,60.0,330.0,150.0,240.0,0,140,0.0
hann_ifft,Hann-IFFT MLP,23,57,60.0,330.0,150.0,270.0,0,140,0.0
hann_ifft,Hann-IFFT MLP,23,58,60.0,330.0,150.0,300.0,0,140,0.0
hann_ifft,Hann-IFFT MLP,23,59,60.0,330.0,150.0,330.0,0,140,0.0
hann_ifft,Hann-IFFT MLP,24,0,90.0,0.0,30.0,0.0,0,140,0.0
hann_ifft,Hann-IFFT MLP,24,1,90.0,0.0,30.0,30.0,0,140,0.0
hann_ifft,Hann-IFFT MLP,24,2,90.0,0.0,30.0,60.0,0,140,0.0
hann_ifft,Hann-IFFT MLP,24,3,90.0,0.0,30.0,90.0,0,140,0.0
hann_ifft,Hann-IFFT MLP,24,4,90.0,0.0,30.0,120.0,0,140,0.0
hann_ifft,Hann-IFFT MLP,24,5,90.0,0.0,30.0,150.0,0,140,0.0
hann_ifft,Hann-IFFT MLP,24,6,90.0,0.0,30.0,180.0,0,140,0.0
hann_ifft,Hann-IFFT MLP,24,7,90.0,0.0,30.0,210.0,0,140,0.0
hann_ifft,Hann-IFFT MLP,24,8,90.0,0.0,30.0,240.0,0,140,0.0
hann_ifft,Hann-IFFT MLP,24,9,90.0,0.0,30.0,270.0,0,140,0.0
hann_ifft,Hann-IFFT MLP,24,10,90.0,0.0,30.0,300.0,0,140,0.0
hann_ifft,Hann-IFFT MLP,24,11,90.0,0.0,30.0,330.0,0,140,0.0
hann_ifft,Hann-IFFT MLP,24,12,90.0,0.0,60.0,0.0,0,140,0.0
hann_ifft,Hann-IFFT MLP,24,13,90.0,0.0,60.0,30.0,0,140,0.0
hann_ifft,Hann-IFFT MLP,24,14,90.0,0.0,60.0,60.0,0,140,0.0
hann_ifft,Hann-IFFT MLP,24,15,90.0,0.0,60.0,90.0,0,140,0.0
hann_ifft,Hann-IFFT MLP,24,16,90.0,0.0,60.0,120.0,1,140,0.007142857142857143
hann_ifft,Hann-IFFT MLP,24,17,90.0,0.0,60.0,150.0,0,140,0.0
hann_ifft,Hann-IFFT MLP,24,18,90.0,0.0,60.0,180.0,0,140,0.0
hann_ifft,Hann-IFFT MLP,24,19,90.0,0.0,60.0,210.0,0,140,0.0
hann_ifft,Hann-IFFT MLP,24,20,90.0,0.0,60.0,240.0,0,140,0.0
hann_ifft,Hann-IFFT MLP,24,21,90.0,0.0,60.0,270.0,1,140,0.007142857142857143
hann_ifft,Hann-IFFT MLP,24,22,90.0,0.0,60.0,300.0,1,140,0.007142857142857143
hann_ifft,Hann-IFFT MLP,24,23,90.0,0.0,60.0,330.0,0,140,0.0
hann_ifft,Hann-IFFT MLP,24,24,90.0,0.0,90.0,0.0,44,140,0.3142857142857143
hann_ifft,Hann-IFFT MLP,24,25,90.0,0.0,90.0,30.0,2,140,0.014285714285714285
hann_ifft,Hann-IFFT MLP,24,26,90.0,0.0,90.0,60.0,0,140,0.0
hann_ifft,Hann-IFFT MLP,24,27,90.0,0.0,90.0,90.0,0,140,0.0
hann_ifft,Hann-IFFT MLP,24,28,90.0,0.0,90.0,120.0,0,140,0.0
hann_ifft,Hann-IFFT MLP,24,29,90.0,0.0,90.0,150.0,1,140,0.007142857142857143
hann_ifft,Hann-IFFT MLP,24,30,90.0,0.0,90.0,180.0,64,140,0.45714285714285713
hann_ifft,Hann-IFFT MLP,24,31,90.0,0.0,90.0,210.0,13,140,0.09285714285714286
hann_ifft,Hann-IFFT MLP,24,32,90.0,0.0,90.0,240.0,1,140,0.007142857142857143
hann_ifft,Hann-IFFT MLP,24,33,90.0,0.0,90.0,270.0,0,140,0.0
hann_ifft,Hann-IFFT MLP,24,34,90.0,0.0,90.0,300.0,0,140,0.0
hann_ifft,Hann-IFFT MLP,24,35,90.0,0.0,90.0,330.0,5,140,0.03571428571428571
hann_ifft,Hann-IFFT MLP,24,36,90.0,0.0,120.0,0.0,1,140,0.007142857142857143
hann_ifft,Hann-IFFT MLP,24,37,90.0,0.0,120.0,30.0,0,140,0.0
hann_ifft,Hann-IFFT MLP,24,38,90.0,0.0,120.0,60.0,0,140,0.0
hann_ifft,Hann-IFFT MLP,24,39,90.0,0.0,120.0,90.0,0,140,0.0
hann_ifft,Hann-IFFT MLP,24,40,90.0,0.0,120.0,120.0,0,140,0.0
hann_ifft,Hann-IFFT MLP,24,41,90.0,0.0,120.0,150.0,0,140,0.0
hann_ifft,Hann-IFFT MLP,24,42,90.0,0.0,120.0,180.0,1,140,0.007142857142857143
hann_ifft,Hann-IFFT MLP,24,43,90.0,0.0,120.0,210.0,1,140,0.007142857142857143
hann_ifft,Hann-IFFT MLP,24,44,90.0,0.0,120.0,240.0,2,140,0.014285714285714285
hann_ifft,Hann-IFFT MLP,24,45,90.0,0.0,120.0,270.0,0,140,0.0
hann_ifft,Hann-IFFT MLP,24,46,90.0,0.0,120.0,300.0,0,140,0.0
hann_ifft,Hann-IFFT MLP,24,47,90.0,0.0,120.0,330.0,0,140,0.0
hann_ifft,Hann-IFFT MLP,24,48,90.0,0.0,150.0,0.0,0,140,0.0
hann_ifft,Hann-IFFT MLP,24,49,90.0,0.0,150.0,30.0,0,140,0.0
hann_ifft,Hann-IFFT MLP,24,50,90.0,0.0,150.0,60.0,0,140,0.0
hann_ifft,Hann-IFFT MLP,24,51,90.0,0.0,150.0,90.0,0,140,0.0
hann_ifft,Hann-IFFT MLP,24,52,90.0,0.0,150.0,120.0,0,140,0.0
hann_ifft,Hann-IFFT MLP,24,53,90.0,0.0,150.0,150.0,0,140,0.0
hann_ifft,Hann-IFFT MLP,24,54,90.0,0.0,150.0,180.0,0,140,0.0
hann_ifft,Hann-IFFT MLP,24,55,90.0,0.0,150.0,210.0,0,140,0.0
hann_ifft,Hann-IFFT MLP,24,56,90.0,0.0,150.0,240.0,0,140,0.0
hann_ifft,Hann-IFFT MLP,24,57,90.0,0.0,150.0,270.0,1,140,0.007142857142857143
hann_ifft,Hann-IFFT MLP,24,58,90.0,0.0,150.0,300.0,1,140,0.007142857142857143
hann_ifft,Hann-IFFT MLP,24,59,90.0,0.0,150.0,330.0,0,140,0.0
hann_ifft,Hann-IFFT MLP,25,0,90.0,30.0,30.0,0.0,0,140,0.0
hann_ifft,Hann-IFFT MLP,25,1,90.0,30.0,30.0,30.0,0,140,0.0
hann_ifft,Hann-IFFT MLP,25,2,90.0,30.0,30.0,60.0,0,140,0.0
hann_ifft,Hann-IFFT MLP,25,3,90.0,30.0,30.0,90.0,0,140,0.0
hann_ifft,Hann-IFFT MLP,25,4,90.0,30.0,30.0,120.0,0,140,0.0
hann_ifft,Hann-IFFT MLP,25,5,90.0,30.0,30.0,150.0,0,140,0.0
hann_ifft,Hann-IFFT MLP,25,6,90.0,30.0,30.0,180.0,0,140,0.0
hann_ifft,Hann-IFFT MLP,25,7,90.0,30.0,30.0,210.0,0,140,0.0
hann_ifft,Hann-IFFT MLP,25,8,90.0,30.0,30.0,240.0,0,140,0.0
hann_ifft,Hann-IFFT MLP,25,9,90.0,30.0,30.0,270.0,0,140,0.0
hann_ifft,Hann-IFFT MLP,25,10,90.0,30.0,30.0,300.0,0,140,0.0
hann_ifft,Hann-IFFT MLP,25,11,90.0,30.0,30.0,330.0,0,140,0.0
hann_ifft,Hann-IFFT MLP,25,12,90.0,30.0,60.0,0.0,0,140,0.0
hann_ifft,Hann-IFFT MLP,25,13,90.0,30.0,60.0,30.0,0,140,0.0
hann_ifft,Hann-IFFT MLP,25,14,90.0,30.0,60.0,60.0,0,140,0.0
hann_ifft,Hann-IFFT MLP,25,15,90.0,30.0,60.0,90.0,0,140,0.0
hann_ifft,Hann-IFFT MLP,25,16,90.0,30.0,60.0,120.0,0,140,0.0
hann_ifft,Hann-IFFT MLP,25,17,90.0,30.0,60.0,150.0,0,140,0.0
hann_ifft,Hann-IFFT MLP,25,18,90.0,30.0,60.0,180.0,0,140,0.0
hann_ifft,Hann-IFFT MLP,25,19,90.0,30.0,60.0,210.0,0,140,0.0
hann_ifft,Hann-IFFT MLP,25,20,90.0,30.0,60.0,240.0,1,140,0.007142857142857143
hann_ifft,Hann-IFFT MLP,25,21,90.0,30.0,60.0,270.0,2,140,0.014285714285714285
hann_ifft,Hann-IFFT MLP,25,22,90.0,30.0,60.0,300.0,0,140,0.0
hann_ifft,Hann-IFFT MLP,25,23,90.0,30.0,60.0,330.0,0,140,0.0
hann_ifft,Hann-IFFT MLP,25,24,90.0,30.0,90.0,0.0,7,140,0.05
hann_ifft,Hann-IFFT MLP,25,25,90.0,30.0,90.0,30.0,51,140,0.36428571428571427
hann_ifft,Hann-IFFT MLP,25,26,90.0,30.0,90.0,60.0,2,140,0.014285714285714285
hann_ifft,Hann-IFFT MLP,25,27,90.0,30.0,90.0,90.0,0,140,0.0
hann_ifft,Hann-IFFT MLP,25,28,90.0,30.0,90.0,120.0,4,140,0.02857142857142857
hann_ifft,Hann-IFFT MLP,25,29,90.0,30.0,90.0,150.0,15,140,0.10714285714285714
hann_ifft,Hann-IFFT MLP,25,30,90.0,30.0,90.0,180.0,5,140,0.03571428571428571
hann_ifft,Hann-IFFT MLP,25,31,90.0,30.0,90.0,210.0,39,140,0.2785714285714286
hann_ifft,Hann-IFFT MLP,25,32,90.0,30.0,90.0,240.0,2,140,0.014285714285714285
hann_ifft,Hann-IFFT MLP,25,33,90.0,30.0,90.0,270.0,0,140,0.0
hann_ifft,Hann-IFFT MLP,25,34,90.0,30.0,90.0,300.0,1,140,0.007142857142857143
hann_ifft,Hann-IFFT MLP,25,35,90.0,30.0,90.0,330.0,6,140,0.04285714285714286
hann_ifft,Hann-IFFT MLP,25,36,90.0,30.0,120.0,0.0,0,140,0.0
hann_ifft,Hann-IFFT MLP,25,37,90.0,30.0,120.0,30.0,0,140,0.0
hann_ifft,Hann-IFFT MLP,25,38,90.0,30.0,120.0,60.0,0,140,0.0
hann_ifft,Hann-IFFT MLP,25,39,90.0,30.0,120.0,90.0,0,140,0.0
hann_ifft,Hann-IFFT MLP,25,40,90.0,30.0,120.0,120.0,0,140,0.0
hann_ifft,Hann-IFFT MLP,25,41,90.0,30.0,120.0,150.0,0,140,0.0
hann_ifft,Hann-IFFT MLP,25,42,90.0,30.0,120.0,180.0,0,140,0.0
hann_ifft,Hann-IFFT MLP,25,43,90.0,30.0,120.0,210.0,1,140,0.007142857142857143
hann_ifft,Hann-IFFT MLP,25,44,90.0,30.0,120.0,240.0,1,140,0.007142857142857143
hann_ifft,Hann-IFFT MLP,25,45,90.0,30.0,120.0,270.0,2,140,0.014285714285714285
hann_ifft,Hann-IFFT MLP,25,46,90.0,30.0,120.0,300.0,0,140,0.0
hann_ifft,Hann-IFFT MLP,25,47,90.0,30.0,120.0,330.0,0,140,0.0
hann_ifft,Hann-IFFT MLP,25,48,90.0,30.0,150.0,0.0,0,140,0.0
hann_ifft,Hann-IFFT MLP,25,49,90.0,30.0,150.0,30.0,0,140,0.0
hann_ifft,Hann-IFFT MLP,25,50,90.0,30.0,150.0,60.0,0,140,0.0
hann_ifft,Hann-IFFT MLP,25,51,90.0,30.0,150.0,90.0,0,140,0.0
hann_ifft,Hann-IFFT MLP,25,52,90.0,30.0,150.0,120.0,0,140,0.0
hann_ifft,Hann-IFFT MLP,25,53,90.0,30.0,150.0,150.0,0,140,0.0
hann_ifft,Hann-IFFT MLP,25,54,90.0,30.0,150.0,180.0,0,140,0.0
hann_ifft,Hann-IFFT MLP,25,55,90.0,30.0,150.0,210.0,0,140,0.0
hann_ifft,Hann-IFFT MLP,25,56,90.0,30.0,150.0,240.0,0,140,0.0
hann_ifft,Hann-IFFT MLP,25,57,90.0,30.0,150.0,270.0,0,140,0.0
hann_ifft,Hann-IFFT MLP,25,58,90.0,30.0,150.0,300.0,1,140,0.007142857142857143
hann_ifft,Hann-IFFT MLP,25,59,90.0,30.0,150.0,330.0,0,140,0.0
hann_ifft,Hann-IFFT MLP,26,0,90.0,60.0,30.0,0.0,0,140,0.0
hann_ifft,Hann-IFFT MLP,26,1,90.0,60.0,30.0,30.0,0,140,0.0
hann_ifft,Hann-IFFT MLP,26,2,90.0,60.0,30.0,60.0,0,140,0.0
hann_ifft,Hann-IFFT MLP,26,3,90.0,60.0,30.0,90.0,0,140,0.0
hann_ifft,Hann-IFFT MLP,26,4,90.0,60.0,30.0,120.0,0,140,0.0
hann_ifft,Hann-IFFT MLP,26,5,90.0,60.0,30.0,150.0,0,140,0.0
hann_ifft,Hann-IFFT MLP,26,6,90.0,60.0,30.0,180.0,0,140,0.0
hann_ifft,Hann-IFFT MLP,26,7,90.0,60.0,30.0,210.0,0,140,0.0
hann_ifft,Hann-IFFT MLP,26,8,90.0,60.0,30.0,240.0,0,140,0.0
hann_ifft,Hann-IFFT MLP,26,9,90.0,60.0,30.0,270.0,0,140,0.0
hann_ifft,Hann-IFFT MLP,26,10,90.0,60.0,30.0,300.0,0,140,0.0
hann_ifft,Hann-IFFT MLP,26,11,90.0,60.0,30.0,330.0,0,140,0.0
hann_ifft,Hann-IFFT MLP,26,12,90.0,60.0,60.0,0.0,0,140,0.0
hann_ifft,Hann-IFFT MLP,26,13,90.0,60.0,60.0,30.0,0,140,0.0
hann_ifft,Hann-IFFT MLP,26,14,90.0,60.0,60.0,60.0,0,140,0.0
hann_ifft,Hann-IFFT MLP,26,15,90.0,60.0,60.0,90.0,1,140,0.007142857142857143
hann_ifft,Hann-IFFT MLP,26,16,90.0,60.0,60.0,120.0,0,140,0.0
hann_ifft,Hann-IFFT MLP,26,17,90.0,60.0,60.0,150.0,0,140,0.0
hann_ifft,Hann-IFFT MLP,26,18,90.0,60.0,60.0,180.0,0,140,0.0
hann_ifft,Hann-IFFT MLP,26,19,90.0,60.0,60.0,210.0,0,140,0.0
hann_ifft,Hann-IFFT MLP,26,20,90.0,60.0,60.0,240.0,0,140,0.0
hann_ifft,Hann-IFFT MLP,26,21,90.0,60.0,60.0,270.0,0,140,0.0
hann_ifft,Hann-IFFT MLP,26,22,90.0,60.0,60.0,300.0,0,140,0.0
hann_ifft,Hann-IFFT MLP,26,23,90.0,60.0,60.0,330.0,0,140,0.0
hann_ifft,Hann-IFFT MLP,26,24,90.0,60.0,90.0,0.0,0,140,0.0
hann_ifft,Hann-IFFT MLP,26,25,90.0,60.0,90.0,30.0,0,140,0.0
hann_ifft,Hann-IFFT MLP,26,26,90.0,60.0,90.0,60.0,51,140,0.36428571428571427
hann_ifft,Hann-IFFT MLP,26,27,90.0,60.0,90.0,90.0,5,140,0.03571428571428571
hann_ifft,Hann-IFFT MLP,26,28,90.0,60.0,90.0,120.0,22,140,0.15714285714285714
hann_ifft,Hann-IFFT MLP,26,29,90.0,60.0,90.0,150.0,0,140,0.0
hann_ifft,Hann-IFFT MLP,26,30,90.0,60.0,90.0,180.0,0,140,0.0
hann_ifft,Hann-IFFT MLP,26,31,90.0,60.0,90.0,210.0,0,140,0.0
hann_ifft,Hann-IFFT MLP,26,32,90.0,60.0,90.0,240.0,30,140,0.21428571428571427
hann_ifft,Hann-IFFT MLP,26,33,90.0,60.0,90.0,270.0,3,140,0.02142857142857143
hann_ifft,Hann-IFFT MLP,26,34,90.0,60.0,90.0,300.0,21,140,0.15
hann_ifft,Hann-IFFT MLP,26,35,90.0,60.0,90.0,330.0,0,140,0.0
hann_ifft,Hann-IFFT MLP,26,36,90.0,60.0,120.0,0.0,0,140,0.0
hann_ifft,Hann-IFFT MLP,26,37,90.0,60.0,120.0,30.0,0,140,0.0
hann_ifft,Hann-IFFT MLP,26,38,90.0,60.0,120.0,60.0,0,140,0.0
hann_ifft,Hann-IFFT MLP,26,39,90.0,60.0,120.0,90.0,2,140,0.014285714285714285
hann_ifft,Hann-IFFT MLP,26,40,90.0,60.0,120.0,120.0,0,140,0.0
hann_ifft,Hann-IFFT MLP,26,41,90.0,60.0,120.0,150.0,0,140,0.0
hann_ifft,Hann-IFFT MLP,26,42,90.0,60.0,120.0,180.0,0,140,0.0
hann_ifft,Hann-IFFT MLP,26,43,90.0,60.0,120.0,210.0,0,140,0.0
hann_ifft,Hann-IFFT MLP,26,44,90.0,60.0,120.0,240.0,0,140,0.0
hann_ifft,Hann-IFFT MLP,26,45,90.0,60.0,120.0,270.0,5,140,0.03571428571428571
hann_ifft,Hann-IFFT MLP,26,46,90.0,60.0,120.0,300.0,0,140,0.0
hann_ifft,Hann-IFFT MLP,26,47,90.0,60.0,120.0,330.0,0,140,0.0
hann_ifft,Hann-IFFT MLP,26,48,90.0,60.0,150.0,0.0,0,140,0.0
hann_ifft,Hann-IFFT MLP,26,49,90.0,60.0,150.0,30.0,0,140,0.0
hann_ifft,Hann-IFFT MLP,26,50,90.0,60.0,150.0,60.0,0,140,0.0
hann_ifft,Hann-IFFT MLP,26,51,90.0,60.0,150.0,90.0,0,140,0.0
hann_ifft,Hann-IFFT MLP,26,52,90.0,60.0,150.0,120.0,0,140,0.0
hann_ifft,Hann-IFFT MLP,26,53,90.0,60.0,150.0,150.0,0,140,0.0
hann_ifft,Hann-IFFT MLP,26,54,90.0,60.0,150.0,180.0,0,140,0.0
hann_ifft,Hann-IFFT MLP,26,55,90.0,60.0,150.0,210.0,0,140,0.0
hann_ifft,Hann-IFFT MLP,26,56,90.0,60.0,150.0,240.0,0,140,0.0
hann_ifft,Hann-IFFT MLP,26,57,90.0,60.0,150.0,270.0,0,140,0.0
hann_ifft,Hann-IFFT MLP,26,58,90.0,60.0,150.0,300.0,0,140,0.0
hann_ifft,Hann-IFFT MLP,26,59,90.0,60.0,150.0,330.0,0,140,0.0
hann_ifft,Hann-IFFT MLP,27,0,90.0,90.0,30.0,0.0,0,140,0.0
hann_ifft,Hann-IFFT MLP,27,1,90.0,90.0,30.0,30.0,0,140,0.0
hann_ifft,Hann-IFFT MLP,27,2,90.0,90.0,30.0,60.0,0,140,0.0
hann_ifft,Hann-IFFT MLP,27,3,90.0,90.0,30.0,90.0,0,140,0.0
hann_ifft,Hann-IFFT MLP,27,4,90.0,90.0,30.0,120.0,0,140,0.0
hann_ifft,Hann-IFFT MLP,27,5,90.0,90.0,30.0,150.0,0,140,0.0
hann_ifft,Hann-IFFT MLP,27,6,90.0,90.0,30.0,180.0,0,140,0.0
hann_ifft,Hann-IFFT MLP,27,7,90.0,90.0,30.0,210.0,0,140,0.0
hann_ifft,Hann-IFFT MLP,27,8,90.0,90.0,30.0,240.0,0,140,0.0
hann_ifft,Hann-IFFT MLP,27,9,90.0,90.0,30.0,270.0,0,140,0.0
hann_ifft,Hann-IFFT MLP,27,10,90.0,90.0,30.0,300.0,0,140,0.0
hann_ifft,Hann-IFFT MLP,27,11,90.0,90.0,30.0,330.0,0,140,0.0
hann_ifft,Hann-IFFT MLP,27,12,90.0,90.0,60.0,0.0,0,140,0.0
hann_ifft,Hann-IFFT MLP,27,13,90.0,90.0,60.0,30.0,0,140,0.0
hann_ifft,Hann-IFFT MLP,27,14,90.0,90.0,60.0,60.0,0,140,0.0
hann_ifft,Hann-IFFT MLP,27,15,90.0,90.0,60.0,90.0,1,140,0.007142857142857143
hann_ifft,Hann-IFFT MLP,27,16,90.0,90.0,60.0,120.0,0,140,0.0
hann_ifft,Hann-IFFT MLP,27,17,90.0,90.0,60.0,150.0,0,140,0.0
hann_ifft,Hann-IFFT MLP,27,18,90.0,90.0,60.0,180.0,0,140,0.0
hann_ifft,Hann-IFFT MLP,27,19,90.0,90.0,60.0,210.0,0,140,0.0
hann_ifft,Hann-IFFT MLP,27,20,90.0,90.0,60.0,240.0,0,140,0.0
hann_ifft,Hann-IFFT MLP,27,21,90.0,90.0,60.0,270.0,0,140,0.0
hann_ifft,Hann-IFFT MLP,27,22,90.0,90.0,60.0,300.0,0,140,0.0
hann_ifft,Hann-IFFT MLP,27,23,90.0,90.0,60.0,330.0,0,140,0.0
hann_ifft,Hann-IFFT MLP,27,24,90.0,90.0,90.0,0.0,0,140,0.0
hann_ifft,Hann-IFFT MLP,27,25,90.0,90.0,90.0,30.0,0,140,0.0
hann_ifft,Hann-IFFT MLP,27,26,90.0,90.0,90.0,60.0,2,140,0.014285714285714285
hann_ifft,Hann-IFFT MLP,27,27,90.0,90.0,90.0,90.0,66,140,0.4714285714285714
hann_ifft,Hann-IFFT MLP,27,28,90.0,90.0,90.0,120.0,4,140,0.02857142857142857
hann_ifft,Hann-IFFT MLP,27,29,90.0,90.0,90.0,150.0,0,140,0.0
hann_ifft,Hann-IFFT MLP,27,30,90.0,90.0,90.0,180.0,0,140,0.0
hann_ifft,Hann-IFFT MLP,27,31,90.0,90.0,90.0,210.0,0,140,0.0
hann_ifft,Hann-IFFT MLP,27,32,90.0,90.0,90.0,240.0,2,140,0.014285714285714285
hann_ifft,Hann-IFFT MLP,27,33,90.0,90.0,90.0,270.0,55,140,0.39285714285714285
hann_ifft,Hann-IFFT MLP,27,34,90.0,90.0,90.0,300.0,2,140,0.014285714285714285
hann_ifft,Hann-IFFT MLP,27,35,90.0,90.0,90.0,330.0,0,140,0.0
hann_ifft,Hann-IFFT MLP,27,36,90.0,90.0,120.0,0.0,0,140,0.0
hann_ifft,Hann-IFFT MLP,27,37,90.0,90.0,120.0,30.0,0,140,0.0
hann_ifft,Hann-IFFT MLP,27,38,90.0,90.0,120.0,60.0,0,140,0.0
hann_ifft,Hann-IFFT MLP,27,39,90.0,90.0,120.0,90.0,4,140,0.02857142857142857
hann_ifft,Hann-IFFT MLP,27,40,90.0,90.0,120.0,120.0,0,140,0.0
hann_ifft,Hann-IFFT MLP,27,41,90.0,90.0,120.0,150.0,0,140,0.0
hann_ifft,Hann-IFFT MLP,27,42,90.0,90.0,120.0,180.0,0,140,0.0
hann_ifft,Hann-IFFT MLP,27,43,90.0,90.0,120.0,210.0,0,140,0.0
hann_ifft,Hann-IFFT MLP,27,44,90.0,90.0,120.0,240.0,0,140,0.0
hann_ifft,Hann-IFFT MLP,27,45,90.0,90.0,120.0,270.0,4,140,0.02857142857142857
hann_ifft,Hann-IFFT MLP,27,46,90.0,90.0,120.0,300.0,0,140,0.0
hann_ifft,Hann-IFFT MLP,27,47,90.0,90.0,120.0,330.0,0,140,0.0
hann_ifft,Hann-IFFT MLP,27,48,90.0,90.0,150.0,0.0,0,140,0.0
hann_ifft,Hann-IFFT MLP,27,49,90.0,90.0,150.0,30.0,0,140,0.0
hann_ifft,Hann-IFFT MLP,27,50,90.0,90.0,150.0,60.0,0,140,0.0
hann_ifft,Hann-IFFT MLP,27,51,90.0,90.0,150.0,90.0,0,140,0.0
hann_ifft,Hann-IFFT MLP,27,52,90.0,90.0,150.0,120.0,0,140,0.0
hann_ifft,Hann-IFFT MLP,27,53,90.0,90.0,150.0,150.0,0,140,0.0
hann_ifft,Hann-IFFT MLP,27,54,90.0,90.0,150.0,180.0,0,140,0.0
hann_ifft,Hann-IFFT MLP,27,55,90.0,90.0,150.0,210.0,0,140,0.0
hann_ifft,Hann-IFFT MLP,27,56,90.0,90.0,150.0,240.0,0,140,0.0
hann_ifft,Hann-IFFT MLP,27,57,90.0,90.0,150.0,270.0,0,140,0.0
hann_ifft,Hann-IFFT MLP,27,58,90.0,90.0,150.0,300.0,0,140,0.0
hann_ifft,Hann-IFFT MLP,27,59,90.0,90.0,150.0,330.0,0,140,0.0
hann_ifft,Hann-IFFT MLP,28,0,90.0,120.0,30.0,0.0,0,140,0.0
hann_ifft,Hann-IFFT MLP,28,1,90.0,120.0,30.0,30.0,0,140,0.0
hann_ifft,Hann-IFFT MLP,28,2,90.0,120.0,30.0,60.0,0,140,0.0
hann_ifft,Hann-IFFT MLP,28,3,90.0,120.0,30.0,90.0,0,140,0.0
hann_ifft,Hann-IFFT MLP,28,4,90.0,120.0,30.0,120.0,0,140,0.0
hann_ifft,Hann-IFFT MLP,28,5,90.0,120.0,30.0,150.0,0,140,0.0
hann_ifft,Hann-IFFT MLP,28,6,90.0,120.0,30.0,180.0,0,140,0.0
hann_ifft,Hann-IFFT MLP,28,7,90.0,120.0,30.0,210.0,0,140,0.0
hann_ifft,Hann-IFFT MLP,28,8,90.0,120.0,30.0,240.0,0,140,0.0
hann_ifft,Hann-IFFT MLP,28,9,90.0,120.0,30.0,270.0,0,140,0.0
hann_ifft,Hann-IFFT MLP,28,10,90.0,120.0,30.0,300.0,0,140,0.0
hann_ifft,Hann-IFFT MLP,28,11,90.0,120.0,30.0,330.0,0,140,0.0
hann_ifft,Hann-IFFT MLP,28,12,90.0,120.0,60.0,0.0,0,140,0.0
hann_ifft,Hann-IFFT MLP,28,13,90.0,120.0,60.0,30.0,0,140,0.0
hann_ifft,Hann-IFFT MLP,28,14,90.0,120.0,60.0,60.0,0,140,0.0
hann_ifft,Hann-IFFT MLP,28,15,90.0,120.0,60.0,90.0,0,140,0.0
hann_ifft,Hann-IFFT MLP,28,16,90.0,120.0,60.0,120.0,0,140,0.0
hann_ifft,Hann-IFFT MLP,28,17,90.0,120.0,60.0,150.0,0,140,0.0
hann_ifft,Hann-IFFT MLP,28,18,90.0,120.0,60.0,180.0,0,140,0.0
hann_ifft,Hann-IFFT MLP,28,19,90.0,120.0,60.0,210.0,0,140,0.0
hann_ifft,Hann-IFFT MLP,28,20,90.0,120.0,60.0,240.0,0,140,0.0
hann_ifft,Hann-IFFT MLP,28,21,90.0,120.0,60.0,270.0,0,140,0.0
hann_ifft,Hann-IFFT MLP,28,22,90.0,120.0,60.0,300.0,0,140,0.0
hann_ifft,Hann-IFFT MLP,28,23,90.0,120.0,60.0,330.0,0,140,0.0
hann_ifft,Hann-IFFT MLP,28,24,90.0,120.0,90.0,0.0,0,140,0.0
hann_ifft,Hann-IFFT MLP,28,25,90.0,120.0,90.0,30.0,0,140,0.0
hann_ifft,Hann-IFFT MLP,28,26,90.0,120.0,90.0,60.0,6,140,0.04285714285714286
hann_ifft,Hann-IFFT MLP,28,27,90.0,120.0,90.0,90.0,1,140,0.007142857142857143
hann_ifft,Hann-IFFT MLP,28,28,90.0,120.0,90.0,120.0,69,140,0.4928571428571429
hann_ifft,Hann-IFFT MLP,28,29,90.0,120.0,90.0,150.0,0,140,0.0
hann_ifft,Hann-IFFT MLP,28,30,90.0,120.0,90.0,180.0,0,140,0.0
hann_ifft,Hann-IFFT MLP,28,31,90.0,120.0,90.0,210.0,0,140,0.0
hann_ifft,Hann-IFFT MLP,28,32,90.0,120.0,90.0,240.0,20,140,0.14285714285714285
hann_ifft,Hann-IFFT MLP,28,33,90.0,120.0,90.0,270.0,4,140,0.02857142857142857
hann_ifft,Hann-IFFT MLP,28,34,90.0,120.0,90.0,300.0,33,140,0.2357142857142857
hann_ifft,Hann-IFFT MLP,28,35,90.0,120.0,90.0,330.0,0,140,0.0
hann_ifft,Hann-IFFT MLP,28,36,90.0,120.0,120.0,0.0,0,140,0.0
hann_ifft,Hann-IFFT MLP,28,37,90.0,120.0,120.0,30.0,0,140,0.0
hann_ifft,Hann-IFFT MLP,28,38,90.0,120.0,120.0,60.0,0,140,0.0
hann_ifft,Hann-IFFT MLP,28,39,90.0,120.0,120.0,90.0,0,140,0.0
hann_ifft,Hann-IFFT MLP,28,40,90.0,120.0,120.0,120.0,0,140,0.0
hann_ifft,Hann-IFFT MLP,28,41,90.0,120.0,120.0,150.0,0,140,0.0
hann_ifft,Hann-IFFT MLP,28,42,90.0,120.0,120.0,180.0,0,140,0.0
hann_ifft,Hann-IFFT MLP,28,43,90.0,120.0,120.0,210.0,0,140,0.0
hann_ifft,Hann-IFFT MLP,28,44,90.0,120.0,120.0,240.0,0,140,0.0
hann_ifft,Hann-IFFT MLP,28,45,90.0,120.0,120.0,270.0,7,140,0.05
hann_ifft,Hann-IFFT MLP,28,46,90.0,120.0,120.0,300.0,0,140,0.0
hann_ifft,Hann-IFFT MLP,28,47,90.0,120.0,120.0,330.0,0,140,0.0
hann_ifft,Hann-IFFT MLP,28,48,90.0,120.0,150.0,0.0,0,140,0.0
hann_ifft,Hann-IFFT MLP,28,49,90.0,120.0,150.0,30.0,0,140,0.0
hann_ifft,Hann-IFFT MLP,28,50,90.0,120.0,150.0,60.0,0,140,0.0
hann_ifft,Hann-IFFT MLP,28,51,90.0,120.0,150.0,90.0,0,140,0.0
hann_ifft,Hann-IFFT MLP,28,52,90.0,120.0,150.0,120.0,0,140,0.0
hann_ifft,Hann-IFFT MLP,28,53,90.0,120.0,150.0,150.0,0,140,0.0
hann_ifft,Hann-IFFT MLP,28,54,90.0,120.0,150.0,180.0,0,140,0.0
hann_ifft,Hann-IFFT MLP,28,55,90.0,120.0,150.0,210.0,0,140,0.0
hann_ifft,Hann-IFFT MLP,28,56,90.0,120.0,150.0,240.0,0,140,0.0
hann_ifft,Hann-IFFT MLP,28,57,90.0,120.0,150.0,270.0,0,140,0.0
hann_ifft,Hann-IFFT MLP,28,58,90.0,120.0,150.0,300.0,0,140,0.0
hann_ifft,Hann-IFFT MLP,28,59,90.0,120.0,150.0,330.0,0,140,0.0
hann_ifft,Hann-IFFT MLP,29,0,90.0,150.0,30.0,0.0,0,140,0.0
hann_ifft,Hann-IFFT MLP,29,1,90.0,150.0,30.0,30.0,0,140,0.0
hann_ifft,Hann-IFFT MLP,29,2,90.0,150.0,30.0,60.0,0,140,0.0
hann_ifft,Hann-IFFT MLP,29,3,90.0,150.0,30.0,90.0,0,140,0.0
hann_ifft,Hann-IFFT MLP,29,4,90.0,150.0,30.0,120.0,0,140,0.0
hann_ifft,Hann-IFFT MLP,29,5,90.0,150.0,30.0,150.0,0,140,0.0
hann_ifft,Hann-IFFT MLP,29,6,90.0,150.0,30.0,180.0,0,140,0.0
hann_ifft,Hann-IFFT MLP,29,7,90.0,150.0,30.0,210.0,0,140,0.0
hann_ifft,Hann-IFFT MLP,29,8,90.0,150.0,30.0,240.0,0,140,0.0
hann_ifft,Hann-IFFT MLP,29,9,90.0,150.0,30.0,270.0,0,140,0.0
hann_ifft,Hann-IFFT MLP,29,10,90.0,150.0,30.0,300.0,0,140,0.0
hann_ifft,Hann-IFFT MLP,29,11,90.0,150.0,30.0,330.0,0,140,0.0
hann_ifft,Hann-IFFT MLP,29,12,90.0,150.0,60.0,0.0,0,140,0.0
hann_ifft,Hann-IFFT MLP,29,13,90.0,150.0,60.0,30.0,0,140,0.0
hann_ifft,Hann-IFFT MLP,29,14,90.0,150.0,60.0,60.0,0,140,0.0
hann_ifft,Hann-IFFT MLP,29,15,90.0,150.0,60.0,90.0,0,140,0.0
hann_ifft,Hann-IFFT MLP,29,16,90.0,150.0,60.0,120.0,0,140,0.0
hann_ifft,Hann-IFFT MLP,29,17,90.0,150.0,60.0,150.0,0,140,0.0
hann_ifft,Hann-IFFT MLP,29,18,90.0,150.0,60.0,180.0,0,140,0.0
hann_ifft,Hann-IFFT MLP,29,19,90.0,150.0,60.0,210.0,0,140,0.0
hann_ifft,Hann-IFFT MLP,29,20,90.0,150.0,60.0,240.0,1,140,0.007142857142857143
hann_ifft,Hann-IFFT MLP,29,21,90.0,150.0,60.0,270.0,0,140,0.0
hann_ifft,Hann-IFFT MLP,29,22,90.0,150.0,60.0,300.0,0,140,0.0
hann_ifft,Hann-IFFT MLP,29,23,90.0,150.0,60.0,330.0,0,140,0.0
hann_ifft,Hann-IFFT MLP,29,24,90.0,150.0,90.0,0.0,5,140,0.03571428571428571
hann_ifft,Hann-IFFT MLP,29,25,90.0,150.0,90.0,30.0,17,140,0.12142857142857143
hann_ifft,Hann-IFFT MLP,29,26,90.0,150.0,90.0,60.0,0,140,0.0
hann_ifft,Hann-IFFT MLP,29,27,90.0,150.0,90.0,90.0,0,140,0.0
hann_ifft,Hann-IFFT MLP,29,28,90.0,150.0,90.0,120.0,1,140,0.007142857142857143
hann_ifft,Hann-IFFT MLP,29,29,90.0,150.0,90.0,150.0,42,140,0.3
hann_ifft,Hann-IFFT MLP,29,30,90.0,150.0,90.0,180.0,9,140,0.06428571428571428
hann_ifft,Hann-IFFT MLP,29,31,90.0,150.0,90.0,210.0,16,140,0.11428571428571428
hann_ifft,Hann-IFFT MLP,29,32,90.0,150.0,90.0,240.0,0,140,0.0
hann_ifft,Hann-IFFT MLP,29,33,90.0,150.0,90.0,270.0,0,140,0.0
hann_ifft,Hann-IFFT MLP,29,34,90.0,150.0,90.0,300.0,0,140,0.0
hann_ifft,Hann-IFFT MLP,29,35,90.0,150.0,90.0,330.0,41,140,0.29285714285714287
hann_ifft,Hann-IFFT MLP,29,36,90.0,150.0,120.0,0.0,0,140,0.0
hann_ifft,Hann-IFFT MLP,29,37,90.0,150.0,120.0,30.0,0,140,0.0
hann_ifft,Hann-IFFT MLP,29,38,90.0,150.0,120.0,60.0,0,140,0.0
hann_ifft,Hann-IFFT MLP,29,39,90.0,150.0,120.0,90.0,0,140,0.0
hann_ifft,Hann-IFFT MLP,29,40,90.0,150.0,120.0,120.0,0,140,0.0
hann_ifft,Hann-IFFT MLP,29,41,90.0,150.0,120.0,150.0,0,140,0.0
hann_ifft,Hann-IFFT MLP,29,42,90.0,150.0,120.0,180.0,2,140,0.014285714285714285
hann_ifft,Hann-IFFT MLP,29,43,90.0,150.0,120.0,210.0,0,140,0.0
hann_ifft,Hann-IFFT MLP,29,44,90.0,150.0,120.0,240.0,0,140,0.0
hann_ifft,Hann-IFFT MLP,29,45,90.0,150.0,120.0,270.0,3,140,0.02142857142857143
hann_ifft,Hann-IFFT MLP,29,46,90.0,150.0,120.0,300.0,0,140,0.0
hann_ifft,Hann-IFFT MLP,29,47,90.0,150.0,120.0,330.0,0,140,0.0
hann_ifft,Hann-IFFT MLP,29,48,90.0,150.0,150.0,0.0,0,140,0.0
hann_ifft,Hann-IFFT MLP,29,49,90.0,150.0,150.0,30.0,0,140,0.0
hann_ifft,Hann-IFFT MLP,29,50,90.0,150.0,150.0,60.0,0,140,0.0
hann_ifft,Hann-IFFT MLP,29,51,90.0,150.0,150.0,90.0,0,140,0.0
hann_ifft,Hann-IFFT MLP,29,52,90.0,150.0,150.0,120.0,0,140,0.0
hann_ifft,Hann-IFFT MLP,29,53,90.0,150.0,150.0,150.0,0,140,0.0
hann_ifft,Hann-IFFT MLP,29,54,90.0,150.0,150.0,180.0,0,140,0.0
hann_ifft,Hann-IFFT MLP,29,55,90.0,150.0,150.0,210.0,0,140,0.0
hann_ifft,Hann-IFFT MLP,29,56,90.0,150.0,150.0,240.0,1,140,0.007142857142857143
hann_ifft,Hann-IFFT MLP,29,57,90.0,150.0,150.0,270.0,2,140,0.014285714285714285
hann_ifft,Hann-IFFT MLP,29,58,90.0,150.0,150.0,300.0,0,140,0.0
hann_ifft,Hann-IFFT MLP,29,59,90.0,150.0,150.0,330.0,0,140,0.0
hann_ifft,Hann-IFFT MLP,30,0,90.0,180.0,30.0,0.0,0,140,0.0
hann_ifft,Hann-IFFT MLP,30,1,90.0,180.0,30.0,30.0,0,140,0.0
hann_ifft,Hann-IFFT MLP,30,2,90.0,180.0,30.0,60.0,0,140,0.0
hann_ifft,Hann-IFFT MLP,30,3,90.0,180.0,30.0,90.0,0,140,0.0
hann_ifft,Hann-IFFT MLP,30,4,90.0,180.0,30.0,120.0,0,140,0.0
hann_ifft,Hann-IFFT MLP,30,5,90.0,180.0,30.0,150.0,0,140,0.0
hann_ifft,Hann-IFFT MLP,30,6,90.0,180.0,30.0,180.0,0,140,0.0
hann_ifft,Hann-IFFT MLP,30,7,90.0,180.0,30.0,210.0,0,140,0.0
hann_ifft,Hann-IFFT MLP,30,8,90.0,180.0,30.0,240.0,0,140,0.0
hann_ifft,Hann-IFFT MLP,30,9,90.0,180.0,30.0,270.0,0,140,0.0
hann_ifft,Hann-IFFT MLP,30,10,90.0,180.0,30.0,300.0,0,140,0.0
hann_ifft,Hann-IFFT MLP,30,11,90.0,180.0,30.0,330.0,0,140,0.0
hann_ifft,Hann-IFFT MLP,30,12,90.0,180.0,60.0,0.0,0,140,0.0
hann_ifft,Hann-IFFT MLP,30,13,90.0,180.0,60.0,30.0,0,140,0.0
hann_ifft,Hann-IFFT MLP,30,14,90.0,180.0,60.0,60.0,0,140,0.0
hann_ifft,Hann-IFFT MLP,30,15,90.0,180.0,60.0,90.0,0,140,0.0
hann_ifft,Hann-IFFT MLP,30,16,90.0,180.0,60.0,120.0,0,140,0.0
hann_ifft,Hann-IFFT MLP,30,17,90.0,180.0,60.0,150.0,0,140,0.0
hann_ifft,Hann-IFFT MLP,30,18,90.0,180.0,60.0,180.0,1,140,0.007142857142857143
hann_ifft,Hann-IFFT MLP,30,19,90.0,180.0,60.0,210.0,0,140,0.0
hann_ifft,Hann-IFFT MLP,30,20,90.0,180.0,60.0,240.0,0,140,0.0
hann_ifft,Hann-IFFT MLP,30,21,90.0,180.0,60.0,270.0,1,140,0.007142857142857143
hann_ifft,Hann-IFFT MLP,30,22,90.0,180.0,60.0,300.0,1,140,0.007142857142857143
hann_ifft,Hann-IFFT MLP,30,23,90.0,180.0,60.0,330.0,0,140,0.0
hann_ifft,Hann-IFFT MLP,30,24,90.0,180.0,90.0,0.0,41,140,0.29285714285714287
hann_ifft,Hann-IFFT MLP,30,25,90.0,180.0,90.0,30.0,7,140,0.05
hann_ifft,Hann-IFFT MLP,30,26,90.0,180.0,90.0,60.0,0,140,0.0
hann_ifft,Hann-IFFT MLP,30,27,90.0,180.0,90.0,90.0,0,140,0.0
hann_ifft,Hann-IFFT MLP,30,28,90.0,180.0,90.0,120.0,0,140,0.0
hann_ifft,Hann-IFFT MLP,30,29,90.0,180.0,90.0,150.0,1,140,0.007142857142857143
hann_ifft,Hann-IFFT MLP,30,30,90.0,180.0,90.0,180.0,67,140,0.4785714285714286
hann_ifft,Hann-IFFT MLP,30,31,90.0,180.0,90.0,210.0,8,140,0.05714285714285714
hann_ifft,Hann-IFFT MLP,30,32,90.0,180.0,90.0,240.0,1,140,0.007142857142857143
hann_ifft,Hann-IFFT MLP,30,33,90.0,180.0,90.0,270.0,0,140,0.0
hann_ifft,Hann-IFFT MLP,30,34,90.0,180.0,90.0,300.0,0,140,0.0
hann_ifft,Hann-IFFT MLP,30,35,90.0,180.0,90.0,330.0,4,140,0.02857142857142857
hann_ifft,Hann-IFFT MLP,30,36,90.0,180.0,120.0,0.0,1,140,0.007142857142857143
hann_ifft,Hann-IFFT MLP,30,37,90.0,180.0,120.0,30.0,0,140,0.0
hann_ifft,Hann-IFFT MLP,30,38,90.0,180.0,120.0,60.0,0,140,0.0
hann_ifft,Hann-IFFT MLP,30,39,90.0,180.0,120.0,90.0,0,140,0.0
hann_ifft,Hann-IFFT MLP,30,40,90.0,180.0,120.0,120.0,1,140,0.007142857142857143
hann_ifft,Hann-IFFT MLP,30,41,90.0,180.0,120.0,150.0,0,140,0.0
hann_ifft,Hann-IFFT MLP,30,42,90.0,180.0,120.0,180.0,2,140,0.014285714285714285
hann_ifft,Hann-IFFT MLP,30,43,90.0,180.0,120.0,210.0,0,140,0.0
hann_ifft,Hann-IFFT MLP,30,44,90.0,180.0,120.0,240.0,1,140,0.007142857142857143
hann_ifft,Hann-IFFT MLP,30,45,90.0,180.0,120.0,270.0,0,140,0.0
hann_ifft,Hann-IFFT MLP,30,46,90.0,180.0,120.0,300.0,0,140,0.0
hann_ifft,Hann-IFFT MLP,30,47,90.0,180.0,120.0,330.0,0,140,0.0
hann_ifft,Hann-IFFT MLP,30,48,90.0,180.0,150.0,0.0,0,140,0.0
hann_ifft,Hann-IFFT MLP,30,49,90.0,180.0,150.0,30.0,0,140,0.0
hann_ifft,Hann-IFFT MLP,30,50,90.0,180.0,150.0,60.0,0,140,0.0
hann_ifft,Hann-IFFT MLP,30,51,90.0,180.0,150.0,90.0,0,140,0.0
hann_ifft,Hann-IFFT MLP,30,52,90.0,180.0,150.0,120.0,0,140,0.0
hann_ifft,Hann-IFFT MLP,30,53,90.0,180.0,150.0,150.0,0,140,0.0
hann_ifft,Hann-IFFT MLP,30,54,90.0,180.0,150.0,180.0,0,140,0.0
hann_ifft,Hann-IFFT MLP,30,55,90.0,180.0,150.0,210.0,0,140,0.0
hann_ifft,Hann-IFFT MLP,30,56,90.0,180.0,150.0,240.0,1,140,0.007142857142857143
hann_ifft,Hann-IFFT MLP,30,57,90.0,180.0,150.0,270.0,1,140,0.007142857142857143
hann_ifft,Hann-IFFT MLP,30,58,90.0,180.0,150.0,300.0,1,140,0.007142857142857143
hann_ifft,Hann-IFFT MLP,30,59,90.0,180.0,150.0,330.0,0,140,0.0
hann_ifft,Hann-IFFT MLP,31,0,90.0,210.0,30.0,0.0,0,140,0.0
hann_ifft,Hann-IFFT MLP,31,1,90.0,210.0,30.0,30.0,0,140,0.0
hann_ifft,Hann-IFFT MLP,31,2,90.0,210.0,30.0,60.0,0,140,0.0
hann_ifft,Hann-IFFT MLP,31,3,90.0,210.0,30.0,90.0,0,140,0.0
hann_ifft,Hann-IFFT MLP,31,4,90.0,210.0,30.0,120.0,0,140,0.0
hann_ifft,Hann-IFFT MLP,31,5,90.0,210.0,30.0,150.0,0,140,0.0
hann_ifft,Hann-IFFT MLP,31,6,90.0,210.0,30.0,180.0,0,140,0.0
hann_ifft,Hann-IFFT MLP,31,7,90.0,210.0,30.0,210.0,0,140,0.0
hann_ifft,Hann-IFFT MLP,31,8,90.0,210.0,30.0,240.0,0,140,0.0
hann_ifft,Hann-IFFT MLP,31,9,90.0,210.0,30.0,270.0,0,140,0.0
hann_ifft,Hann-IFFT MLP,31,10,90.0,210.0,30.0,300.0,0,140,0.0
hann_ifft,Hann-IFFT MLP,31,11,90.0,210.0,30.0,330.0,0,140,0.0
hann_ifft,Hann-IFFT MLP,31,12,90.0,210.0,60.0,0.0,0,140,0.0
hann_ifft,Hann-IFFT MLP,31,13,90.0,210.0,60.0,30.0,0,140,0.0
hann_ifft,Hann-IFFT MLP,31,14,90.0,210.0,60.0,60.0,0,140,0.0
hann_ifft,Hann-IFFT MLP,31,15,90.0,210.0,60.0,90.0,0,140,0.0
hann_ifft,Hann-IFFT MLP,31,16,90.0,210.0,60.0,120.0,0,140,0.0
hann_ifft,Hann-IFFT MLP,31,17,90.0,210.0,60.0,150.0,0,140,0.0
hann_ifft,Hann-IFFT MLP,31,18,90.0,210.0,60.0,180.0,0,140,0.0
hann_ifft,Hann-IFFT MLP,31,19,90.0,210.0,60.0,210.0,0,140,0.0
hann_ifft,Hann-IFFT MLP,31,20,90.0,210.0,60.0,240.0,0,140,0.0
hann_ifft,Hann-IFFT MLP,31,21,90.0,210.0,60.0,270.0,2,140,0.014285714285714285
hann_ifft,Hann-IFFT MLP,31,22,90.0,210.0,60.0,300.0,0,140,0.0
hann_ifft,Hann-IFFT MLP,31,23,90.0,210.0,60.0,330.0,0,140,0.0
hann_ifft,Hann-IFFT MLP,31,24,90.0,210.0,90.0,0.0,5,140,0.03571428571428571
hann_ifft,Hann-IFFT MLP,31,25,90.0,210.0,90.0,30.0,33,140,0.2357142857142857
hann_ifft,Hann-IFFT MLP,31,26,90.0,210.0,90.0,60.0,1,140,0.007142857142857143
hann_ifft,Hann-IFFT MLP,31,27,90.0,210.0,90.0,90.0,0,140,0.0
hann_ifft,Hann-IFFT MLP,31,28,90.0,210.0,90.0,120.0,3,140,0.02142857142857143
hann_ifft,Hann-IFFT MLP,31,29,90.0,210.0,90.0,150.0,9,140,0.06428571428571428
hann_ifft,Hann-IFFT MLP,31,30,90.0,210.0,90.0,180.0,4,140,0.02857142857142857
hann_ifft,Hann-IFFT MLP,31,31,90.0,210.0,90.0,210.0,62,140,0.44285714285714284
hann_ifft,Hann-IFFT MLP,31,32,90.0,210.0,90.0,240.0,3,140,0.02142857142857143
hann_ifft,Hann-IFFT MLP,31,33,90.0,210.0,90.0,270.0,0,140,0.0
hann_ifft,Hann-IFFT MLP,31,34,90.0,210.0,90.0,300.0,1,140,0.007142857142857143
hann_ifft,Hann-IFFT MLP,31,35,90.0,210.0,90.0,330.0,12,140,0.08571428571428572
hann_ifft,Hann-IFFT MLP,31,36,90.0,210.0,120.0,0.0,0,140,0.0
hann_ifft,Hann-IFFT MLP,31,37,90.0,210.0,120.0,30.0,0,140,0.0
hann_ifft,Hann-IFFT MLP,31,38,90.0,210.0,120.0,60.0,0,140,0.0
hann_ifft,Hann-IFFT MLP,31,39,90.0,210.0,120.0,90.0,0,140,0.0
hann_ifft,Hann-IFFT MLP,31,40,90.0,210.0,120.0,120.0,0,140,0.0
hann_ifft,Hann-IFFT MLP,31,41,90.0,210.0,120.0,150.0,0,140,0.0
hann_ifft,Hann-IFFT MLP,31,42,90.0,210.0,120.0,180.0,0,140,0.0
hann_ifft,Hann-IFFT MLP,31,43,90.0,210.0,120.0,210.0,0,140,0.0
hann_ifft,Hann-IFFT MLP,31,44,90.0,210.0,120.0,240.0,0,140,0.0
hann_ifft,Hann-IFFT MLP,31,45,90.0,210.0,120.0,270.0,4,140,0.02857142857142857
hann_ifft,Hann-IFFT MLP,31,46,90.0,210.0,120.0,300.0,0,140,0.0
hann_ifft,Hann-IFFT MLP,31,47,90.0,210.0,120.0,330.0,0,140,0.0
hann_ifft,Hann-IFFT MLP,31,48,90.0,210.0,150.0,0.0,0,140,0.0
hann_ifft,Hann-IFFT MLP,31,49,90.0,210.0,150.0,30.0,0,140,0.0
hann_ifft,Hann-IFFT MLP,31,50,90.0,210.0,150.0,60.0,0,140,0.0
hann_ifft,Hann-IFFT MLP,31,51,90.0,210.0,150.0,90.0,0,140,0.0
hann_ifft,Hann-IFFT MLP,31,52,90.0,210.0,150.0,120.0,0,140,0.0
hann_ifft,Hann-IFFT MLP,31,53,90.0,210.0,150.0,150.0,0,140,0.0
hann_ifft,Hann-IFFT MLP,31,54,90.0,210.0,150.0,180.0,0,140,0.0
hann_ifft,Hann-IFFT MLP,31,55,90.0,210.0,150.0,210.0,0,140,0.0
hann_ifft,Hann-IFFT MLP,31,56,90.0,210.0,150.0,240.0,0,140,0.0
hann_ifft,Hann-IFFT MLP,31,57,90.0,210.0,150.0,270.0,0,140,0.0
hann_ifft,Hann-IFFT MLP,31,58,90.0,210.0,150.0,300.0,1,140,0.007142857142857143
hann_ifft,Hann-IFFT MLP,31,59,90.0,210.0,150.0,330.0,0,140,0.0
hann_ifft,Hann-IFFT MLP,32,0,90.0,240.0,30.0,0.0,0,140,0.0
hann_ifft,Hann-IFFT MLP,32,1,90.0,240.0,30.0,30.0,0,140,0.0
hann_ifft,Hann-IFFT MLP,32,2,90.0,240.0,30.0,60.0,0,140,0.0
hann_ifft,Hann-IFFT MLP,32,3,90.0,240.0,30.0,90.0,0,140,0.0
hann_ifft,Hann-IFFT MLP,32,4,90.0,240.0,30.0,120.0,0,140,0.0
hann_ifft,Hann-IFFT MLP,32,5,90.0,240.0,30.0,150.0,0,140,0.0
hann_ifft,Hann-IFFT MLP,32,6,90.0,240.0,30.0,180.0,0,140,0.0
hann_ifft,Hann-IFFT MLP,32,7,90.0,240.0,30.0,210.0,0,140,0.0
hann_ifft,Hann-IFFT MLP,32,8,90.0,240.0,30.0,240.0,0,140,0.0
hann_ifft,Hann-IFFT MLP,32,9,90.0,240.0,30.0,270.0,0,140,0.0
hann_ifft,Hann-IFFT MLP,32,10,90.0,240.0,30.0,300.0,0,140,0.0
hann_ifft,Hann-IFFT MLP,32,11,90.0,240.0,30.0,330.0,0,140,0.0
hann_ifft,Hann-IFFT MLP,32,12,90.0,240.0,60.0,0.0,0,140,0.0
hann_ifft,Hann-IFFT MLP,32,13,90.0,240.0,60.0,30.0,0,140,0.0
hann_ifft,Hann-IFFT MLP,32,14,90.0,240.0,60.0,60.0,0,140,0.0
hann_ifft,Hann-IFFT MLP,32,15,90.0,240.0,60.0,90.0,1,140,0.007142857142857143
hann_ifft,Hann-IFFT MLP,32,16,90.0,240.0,60.0,120.0,0,140,0.0
hann_ifft,Hann-IFFT MLP,32,17,90.0,240.0,60.0,150.0,0,140,0.0
hann_ifft,Hann-IFFT MLP,32,18,90.0,240.0,60.0,180.0,0,140,0.0
hann_ifft,Hann-IFFT MLP,32,19,90.0,240.0,60.0,210.0,0,140,0.0
hann_ifft,Hann-IFFT MLP,32,20,90.0,240.0,60.0,240.0,0,140,0.0
hann_ifft,Hann-IFFT MLP,32,21,90.0,240.0,60.0,270.0,0,140,0.0
hann_ifft,Hann-IFFT MLP,32,22,90.0,240.0,60.0,300.0,0,140,0.0
hann_ifft,Hann-IFFT MLP,32,23,90.0,240.0,60.0,330.0,0,140,0.0
hann_ifft,Hann-IFFT MLP,32,24,90.0,240.0,90.0,0.0,0,140,0.0
hann_ifft,Hann-IFFT MLP,32,25,90.0,240.0,90.0,30.0,0,140,0.0
hann_ifft,Hann-IFFT MLP,32,26,90.0,240.0,90.0,60.0,19,140,0.1357142857142857
hann_ifft,Hann-IFFT MLP,32,27,90.0,240.0,90.0,90.0,4,140,0.02857142857142857
hann_ifft,Hann-IFFT MLP,32,28,90.0,240.0,90.0,120.0,20,140,0.14285714285714285
hann_ifft,Hann-IFFT MLP,32,29,90.0,240.0,90.0,150.0,0,140,0.0
hann_ifft,Hann-IFFT MLP,32,30,90.0,240.0,90.0,180.0,0,140,0.0
hann_ifft,Hann-IFFT MLP,32,31,90.0,240.0,90.0,210.0,0,140,0.0
hann_ifft,Hann-IFFT MLP,32,32,90.0,240.0,90.0,240.0,51,140,0.36428571428571427
hann_ifft,Hann-IFFT MLP,32,33,90.0,240.0,90.0,270.0,4,140,0.02857142857142857
hann_ifft,Hann-IFFT MLP,32,34,90.0,240.0,90.0,300.0,35,140,0.25
hann_ifft,Hann-IFFT MLP,32,35,90.0,240.0,90.0,330.0,0,140,0.0
hann_ifft,Hann-IFFT MLP,32,36,90.0,240.0,120.0,0.0,0,140,0.0
hann_ifft,Hann-IFFT MLP,32,37,90.0,240.0,120.0,30.0,0,140,0.0
hann_ifft,Hann-IFFT MLP,32,38,90.0,240.0,120.0,60.0,0,140,0.0
hann_ifft,Hann-IFFT MLP,32,39,90.0,240.0,120.0,90.0,3,140,0.02142857142857143
hann_ifft,Hann-IFFT MLP,32,40,90.0,240.0,120.0,120.0,0,140,0.0
hann_ifft,Hann-IFFT MLP,32,41,90.0,240.0,120.0,150.0,0,140,0.0
hann_ifft,Hann-IFFT MLP,32,42,90.0,240.0,120.0,180.0,0,140,0.0
hann_ifft,Hann-IFFT MLP,32,43,90.0,240.0,120.0,210.0,0,140,0.0
hann_ifft,Hann-IFFT MLP,32,44,90.0,240.0,120.0,240.0,0,140,0.0
hann_ifft,Hann-IFFT MLP,32,45,90.0,240.0,120.0,270.0,3,140,0.02142857142857143
hann_ifft,Hann-IFFT MLP,32,46,90.0,240.0,120.0,300.0,0,140,0.0
hann_ifft,Hann-IFFT MLP,32,47,90.0,240.0,120.0,330.0,0,140,0.0
hann_ifft,Hann-IFFT MLP,32,48,90.0,240.0,150.0,0.0,0,140,0.0
hann_ifft,Hann-IFFT MLP,32,49,90.0,240.0,150.0,30.0,0,140,0.0
hann_ifft,Hann-IFFT MLP,32,50,90.0,240.0,150.0,60.0,0,140,0.0
hann_ifft,Hann-IFFT MLP,32,51,90.0,240.0,150.0,90.0,0,140,0.0
hann_ifft,Hann-IFFT MLP,32,52,90.0,240.0,150.0,120.0,0,140,0.0
hann_ifft,Hann-IFFT MLP,32,53,90.0,240.0,150.0,150.0,0,140,0.0
hann_ifft,Hann-IFFT MLP,32,54,90.0,240.0,150.0,180.0,0,140,0.0
hann_ifft,Hann-IFFT MLP,32,55,90.0,240.0,150.0,210.0,0,140,0.0
hann_ifft,Hann-IFFT MLP,32,56,90.0,240.0,150.0,240.0,0,140,0.0
hann_ifft,Hann-IFFT MLP,32,57,90.0,240.0,150.0,270.0,0,140,0.0
hann_ifft,Hann-IFFT MLP,32,58,90.0,240.0,150.0,300.0,0,140,0.0
hann_ifft,Hann-IFFT MLP,32,59,90.0,240.0,150.0,330.0,0,140,0.0
hann_ifft,Hann-IFFT MLP,33,0,90.0,270.0,30.0,0.0,0,140,0.0
hann_ifft,Hann-IFFT MLP,33,1,90.0,270.0,30.0,30.0,0,140,0.0
hann_ifft,Hann-IFFT MLP,33,2,90.0,270.0,30.0,60.0,0,140,0.0
hann_ifft,Hann-IFFT MLP,33,3,90.0,270.0,30.0,90.0,0,140,0.0
hann_ifft,Hann-IFFT MLP,33,4,90.0,270.0,30.0,120.0,0,140,0.0
hann_ifft,Hann-IFFT MLP,33,5,90.0,270.0,30.0,150.0,0,140,0.0
hann_ifft,Hann-IFFT MLP,33,6,90.0,270.0,30.0,180.0,0,140,0.0
hann_ifft,Hann-IFFT MLP,33,7,90.0,270.0,30.0,210.0,0,140,0.0
hann_ifft,Hann-IFFT MLP,33,8,90.0,270.0,30.0,240.0,0,140,0.0
hann_ifft,Hann-IFFT MLP,33,9,90.0,270.0,30.0,270.0,0,140,0.0
hann_ifft,Hann-IFFT MLP,33,10,90.0,270.0,30.0,300.0,0,140,0.0
hann_ifft,Hann-IFFT MLP,33,11,90.0,270.0,30.0,330.0,0,140,0.0
hann_ifft,Hann-IFFT MLP,33,12,90.0,270.0,60.0,0.0,0,140,0.0
hann_ifft,Hann-IFFT MLP,33,13,90.0,270.0,60.0,30.0,0,140,0.0
hann_ifft,Hann-IFFT MLP,33,14,90.0,270.0,60.0,60.0,0,140,0.0
hann_ifft,Hann-IFFT MLP,33,15,90.0,270.0,60.0,90.0,0,140,0.0
hann_ifft,Hann-IFFT MLP,33,16,90.0,270.0,60.0,120.0,0,140,0.0
hann_ifft,Hann-IFFT MLP,33,17,90.0,270.0,60.0,150.0,0,140,0.0
hann_ifft,Hann-IFFT MLP,33,18,90.0,270.0,60.0,180.0,0,140,0.0
hann_ifft,Hann-IFFT MLP,33,19,90.0,270.0,60.0,210.0,0,140,0.0
hann_ifft,Hann-IFFT MLP,33,20,90.0,270.0,60.0,240.0,0,140,0.0
hann_ifft,Hann-IFFT MLP,33,21,90.0,270.0,60.0,270.0,0,140,0.0
hann_ifft,Hann-IFFT MLP,33,22,90.0,270.0,60.0,300.0,0,140,0.0
hann_ifft,Hann-IFFT MLP,33,23,90.0,270.0,60.0,330.0,0,140,0.0
hann_ifft,Hann-IFFT MLP,33,24,90.0,270.0,90.0,0.0,0,140,0.0
hann_ifft,Hann-IFFT MLP,33,25,90.0,270.0,90.0,30.0,0,140,0.0
hann_ifft,Hann-IFFT MLP,33,26,90.0,270.0,90.0,60.0,0,140,0.0
hann_ifft,Hann-IFFT MLP,33,27,90.0,270.0,90.0,90.0,48,140,0.34285714285714286
hann_ifft,Hann-IFFT MLP,33,28,90.0,270.0,90.0,120.0,4,140,0.02857142857142857
hann_ifft,Hann-IFFT MLP,33,29,90.0,270.0,90.0,150.0,0,140,0.0
hann_ifft,Hann-IFFT MLP,33,30,90.0,270.0,90.0,180.0,0,140,0.0
hann_ifft,Hann-IFFT MLP,33,31,90.0,270.0,90.0,210.0,0,140,0.0
hann_ifft,Hann-IFFT MLP,33,32,90.0,270.0,90.0,240.0,2,140,0.014285714285714285
hann_ifft,Hann-IFFT MLP,33,33,90.0,270.0,90.0,270.0,78,140,0.5571428571428572
hann_ifft,Hann-IFFT MLP,33,34,90.0,270.0,90.0,300.0,2,140,0.014285714285714285
hann_ifft,Hann-IFFT MLP,33,35,90.0,270.0,90.0,330.0,0,140,0.0
hann_ifft,Hann-IFFT MLP,33,36,90.0,270.0,120.0,0.0,0,140,0.0
hann_ifft,Hann-IFFT MLP,33,37,90.0,270.0,120.0,30.0,0,140,0.0
hann_ifft,Hann-IFFT MLP,33,38,90.0,270.0,120.0,60.0,0,140,0.0
hann_ifft,Hann-IFFT MLP,33,39,90.0,270.0,120.0,90.0,3,140,0.02142857142857143
hann_ifft,Hann-IFFT MLP,33,40,90.0,270.0,120.0,120.0,0,140,0.0
hann_ifft,Hann-IFFT MLP,33,41,90.0,270.0,120.0,150.0,0,140,0.0
hann_ifft,Hann-IFFT MLP,33,42,90.0,270.0,120.0,180.0,0,140,0.0
hann_ifft,Hann-IFFT MLP,33,43,90.0,270.0,120.0,210.0,0,140,0.0
hann_ifft,Hann-IFFT MLP,33,44,90.0,270.0,120.0,240.0,0,140,0.0
hann_ifft,Hann-IFFT MLP,33,45,90.0,270.0,120.0,270.0,3,140,0.02142857142857143
hann_ifft,Hann-IFFT MLP,33,46,90.0,270.0,120.0,300.0,0,140,0.0
hann_ifft,Hann-IFFT MLP,33,47,90.0,270.0,120.0,330.0,0,140,0.0
hann_ifft,Hann-IFFT MLP,33,48,90.0,270.0,150.0,0.0,0,140,0.0
hann_ifft,Hann-IFFT MLP,33,49,90.0,270.0,150.0,30.0,0,140,0.0
hann_ifft,Hann-IFFT MLP,33,50,90.0,270.0,150.0,60.0,0,140,0.0
hann_ifft,Hann-IFFT MLP,33,51,90.0,270.0,150.0,90.0,0,140,0.0
hann_ifft,Hann-IFFT MLP,33,52,90.0,270.0,150.0,120.0,0,140,0.0
hann_ifft,Hann-IFFT MLP,33,53,90.0,270.0,150.0,150.0,0,140,0.0
hann_ifft,Hann-IFFT MLP,33,54,90.0,270.0,150.0,180.0,0,140,0.0
hann_ifft,Hann-IFFT MLP,33,55,90.0,270.0,150.0,210.0,0,140,0.0
hann_ifft,Hann-IFFT MLP,33,56,90.0,270.0,150.0,240.0,0,140,0.0
hann_ifft,Hann-IFFT MLP,33,57,90.0,270.0,150.0,270.0,0,140,0.0
hann_ifft,Hann-IFFT MLP,33,58,90.0,270.0,150.0,300.0,0,140,0.0
hann_ifft,Hann-IFFT MLP,33,59,90.0,270.0,150.0,330.0,0,140,0.0
hann_ifft,Hann-IFFT MLP,34,0,90.0,300.0,30.0,0.0,0,140,0.0
hann_ifft,Hann-IFFT MLP,34,1,90.0,300.0,30.0,30.0,0,140,0.0
hann_ifft,Hann-IFFT MLP,34,2,90.0,300.0,30.0,60.0,0,140,0.0
hann_ifft,Hann-IFFT MLP,34,3,90.0,300.0,30.0,90.0,0,140,0.0
hann_ifft,Hann-IFFT MLP,34,4,90.0,300.0,30.0,120.0,0,140,0.0
hann_ifft,Hann-IFFT MLP,34,5,90.0,300.0,30.0,150.0,0,140,0.0
hann_ifft,Hann-IFFT MLP,34,6,90.0,300.0,30.0,180.0,0,140,0.0
hann_ifft,Hann-IFFT MLP,34,7,90.0,300.0,30.0,210.0,0,140,0.0
hann_ifft,Hann-IFFT MLP,34,8,90.0,300.0,30.0,240.0,0,140,0.0
hann_ifft,Hann-IFFT MLP,34,9,90.0,300.0,30.0,270.0,0,140,0.0
hann_ifft,Hann-IFFT MLP,34,10,90.0,300.0,30.0,300.0,0,140,0.0
hann_ifft,Hann-IFFT MLP,34,11,90.0,300.0,30.0,330.0,0,140,0.0
hann_ifft,Hann-IFFT MLP,34,12,90.0,300.0,60.0,0.0,0,140,0.0
hann_ifft,Hann-IFFT MLP,34,13,90.0,300.0,60.0,30.0,0,140,0.0
hann_ifft,Hann-IFFT MLP,34,14,90.0,300.0,60.0,60.0,0,140,0.0
hann_ifft,Hann-IFFT MLP,34,15,90.0,300.0,60.0,90.0,0,140,0.0
hann_ifft,Hann-IFFT MLP,34,16,90.0,300.0,60.0,120.0,0,140,0.0
hann_ifft,Hann-IFFT MLP,34,17,90.0,300.0,60.0,150.0,0,140,0.0
hann_ifft,Hann-IFFT MLP,34,18,90.0,300.0,60.0,180.0,0,140,0.0
hann_ifft,Hann-IFFT MLP,34,19,90.0,300.0,60.0,210.0,0,140,0.0
hann_ifft,Hann-IFFT MLP,34,20,90.0,300.0,60.0,240.0,0,140,0.0
hann_ifft,Hann-IFFT MLP,34,21,90.0,300.0,60.0,270.0,0,140,0.0
hann_ifft,Hann-IFFT MLP,34,22,90.0,300.0,60.0,300.0,0,140,0.0
hann_ifft,Hann-IFFT MLP,34,23,90.0,300.0,60.0,330.0,0,140,0.0
hann_ifft,Hann-IFFT MLP,34,24,90.0,300.0,90.0,0.0,0,140,0.0
hann_ifft,Hann-IFFT MLP,34,25,90.0,300.0,90.0,30.0,0,140,0.0
hann_ifft,Hann-IFFT MLP,34,26,90.0,300.0,90.0,60.0,4,140,0.02857142857142857
hann_ifft,Hann-IFFT MLP,34,27,90.0,300.0,90.0,90.0,0,140,0.0
hann_ifft,Hann-IFFT MLP,34,28,90.0,300.0,90.0,120.0,36,140,0.2571428571428571
hann_ifft,Hann-IFFT MLP,34,29,90.0,300.0,90.0,150.0,0,140,0.0
hann_ifft,Hann-IFFT MLP,34,30,90.0,300.0,90.0,180.0,0,140,0.0
hann_ifft,Hann-IFFT MLP,34,31,90.0,300.0,90.0,210.0,0,140,0.0
hann_ifft,Hann-IFFT MLP,34,32,90.0,300.0,90.0,240.0,23,140,0.16428571428571428
hann_ifft,Hann-IFFT MLP,34,33,90.0,300.0,90.0,270.0,4,140,0.02857142857142857
hann_ifft,Hann-IFFT MLP,34,34,90.0,300.0,90.0,300.0,66,140,0.4714285714285714
hann_ifft,Hann-IFFT MLP,34,35,90.0,300.0,90.0,330.0,0,140,0.0
hann_ifft,Hann-IFFT MLP,34,36,90.0,300.0,120.0,0.0,0,140,0.0
hann_ifft,Hann-IFFT MLP,34,37,90.0,300.0,120.0,30.0,0,140,0.0
hann_ifft,Hann-IFFT MLP,34,38,90.0,300.0,120.0,60.0,0,140,0.0
hann_ifft,Hann-IFFT MLP,34,39,90.0,300.0,120.0,90.0,0,140,0.0
hann_ifft,Hann-IFFT MLP,34,40,90.0,300.0,120.0,120.0,0,140,0.0
hann_ifft,Hann-IFFT MLP,34,41,90.0,300.0,120.0,150.0,0,140,0.0
hann_ifft,Hann-IFFT MLP,34,42,90.0,300.0,120.0,180.0,0,140,0.0
hann_ifft,Hann-IFFT MLP,34,43,90.0,300.0,120.0,210.0,0,140,0.0
hann_ifft,Hann-IFFT MLP,34,44,90.0,300.0,120.0,240.0,0,140,0.0
hann_ifft,Hann-IFFT MLP,34,45,90.0,300.0,120.0,270.0,7,140,0.05
hann_ifft,Hann-IFFT MLP,34,46,90.0,300.0,120.0,300.0,0,140,0.0
hann_ifft,Hann-IFFT MLP,34,47,90.0,300.0,120.0,330.0,0,140,0.0
hann_ifft,Hann-IFFT MLP,34,48,90.0,300.0,150.0,0.0,0,140,0.0
hann_ifft,Hann-IFFT MLP,34,49,90.0,300.0,150.0,30.0,0,140,0.0
hann_ifft,Hann-IFFT MLP,34,50,90.0,300.0,150.0,60.0,0,140,0.0
hann_ifft,Hann-IFFT MLP,34,51,90.0,300.0,150.0,90.0,0,140,0.0
hann_ifft,Hann-IFFT MLP,34,52,90.0,300.0,150.0,120.0,0,140,0.0
hann_ifft,Hann-IFFT MLP,34,53,90.0,300.0,150.0,150.0,0,140,0.0
hann_ifft,Hann-IFFT MLP,34,54,90.0,300.0,150.0,180.0,0,140,0.0
hann_ifft,Hann-IFFT MLP,34,55,90.0,300.0,150.0,210.0,0,140,0.0
hann_ifft,Hann-IFFT MLP,34,56,90.0,300.0,150.0,240.0,0,140,0.0
hann_ifft,Hann-IFFT MLP,34,57,90.0,300.0,150.0,270.0,0,140,0.0
hann_ifft,Hann-IFFT MLP,34,58,90.0,300.0,150.0,300.0,0,140,0.0
hann_ifft,Hann-IFFT MLP,34,59,90.0,300.0,150.0,330.0,0,140,0.0
hann_ifft,Hann-IFFT MLP,35,0,90.0,330.0,30.0,0.0,0,140,0.0
hann_ifft,Hann-IFFT MLP,35,1,90.0,330.0,30.0,30.0,0,140,0.0
hann_ifft,Hann-IFFT MLP,35,2,90.0,330.0,30.0,60.0,0,140,0.0
hann_ifft,Hann-IFFT MLP,35,3,90.0,330.0,30.0,90.0,0,140,0.0
hann_ifft,Hann-IFFT MLP,35,4,90.0,330.0,30.0,120.0,0,140,0.0
hann_ifft,Hann-IFFT MLP,35,5,90.0,330.0,30.0,150.0,0,140,0.0
hann_ifft,Hann-IFFT MLP,35,6,90.0,330.0,30.0,180.0,0,140,0.0
hann_ifft,Hann-IFFT MLP,35,7,90.0,330.0,30.0,210.0,0,140,0.0
hann_ifft,Hann-IFFT MLP,35,8,90.0,330.0,30.0,240.0,0,140,0.0
hann_ifft,Hann-IFFT MLP,35,9,90.0,330.0,30.0,270.0,0,140,0.0
hann_ifft,Hann-IFFT MLP,35,10,90.0,330.0,30.0,300.0,0,140,0.0
hann_ifft,Hann-IFFT MLP,35,11,90.0,330.0,30.0,330.0,0,140,0.0
hann_ifft,Hann-IFFT MLP,35,12,90.0,330.0,60.0,0.0,0,140,0.0
hann_ifft,Hann-IFFT MLP,35,13,90.0,330.0,60.0,30.0,0,140,0.0
hann_ifft,Hann-IFFT MLP,35,14,90.0,330.0,60.0,60.0,0,140,0.0
hann_ifft,Hann-IFFT MLP,35,15,90.0,330.0,60.0,90.0,0,140,0.0
hann_ifft,Hann-IFFT MLP,35,16,90.0,330.0,60.0,120.0,0,140,0.0
hann_ifft,Hann-IFFT MLP,35,17,90.0,330.0,60.0,150.0,0,140,0.0
hann_ifft,Hann-IFFT MLP,35,18,90.0,330.0,60.0,180.0,1,140,0.007142857142857143
hann_ifft,Hann-IFFT MLP,35,19,90.0,330.0,60.0,210.0,0,140,0.0
hann_ifft,Hann-IFFT MLP,35,20,90.0,330.0,60.0,240.0,1,140,0.007142857142857143
hann_ifft,Hann-IFFT MLP,35,21,90.0,330.0,60.0,270.0,1,140,0.007142857142857143
hann_ifft,Hann-IFFT MLP,35,22,90.0,330.0,60.0,300.0,0,140,0.0
hann_ifft,Hann-IFFT MLP,35,23,90.0,330.0,60.0,330.0,0,140,0.0
hann_ifft,Hann-IFFT MLP,35,24,90.0,330.0,90.0,0.0,6,140,0.04285714285714286
hann_ifft,Hann-IFFT MLP,35,25,90.0,330.0,90.0,30.0,7,140,0.05
hann_ifft,Hann-IFFT MLP,35,26,90.0,330.0,90.0,60.0,0,140,0.0
hann_ifft,Hann-IFFT MLP,35,27,90.0,330.0,90.0,90.0,0,140,0.0
hann_ifft,Hann-IFFT MLP,35,28,90.0,330.0,90.0,120.0,0,140,0.0
hann_ifft,Hann-IFFT MLP,35,29,90.0,330.0,90.0,150.0,39,140,0.2785714285714286
hann_ifft,Hann-IFFT MLP,35,30,90.0,330.0,90.0,180.0,4,140,0.02857142857142857
hann_ifft,Hann-IFFT MLP,35,31,90.0,330.0,90.0,210.0,31,140,0.22142857142857142
hann_ifft,Hann-IFFT MLP,35,32,90.0,330.0,90.0,240.0,0,140,0.0
hann_ifft,Hann-IFFT MLP,35,33,90.0,330.0,90.0,270.0,0,140,0.0
hann_ifft,Hann-IFFT MLP,35,34,90.0,330.0,90.0,300.0,1,140,0.007142857142857143
hann_ifft,Hann-IFFT MLP,35,35,90.0,330.0,90.0,330.0,42,140,0.3
hann_ifft,Hann-IFFT MLP,35,36,90.0,330.0,120.0,0.0,0,140,0.0
hann_ifft,Hann-IFFT MLP,35,37,90.0,330.0,120.0,30.0,0,140,0.0
hann_ifft,Hann-IFFT MLP,35,38,90.0,330.0,120.0,60.0,0,140,0.0
hann_ifft,Hann-IFFT MLP,35,39,90.0,330.0,120.0,90.0,0,140,0.0
hann_ifft,Hann-IFFT MLP,35,40,90.0,330.0,120.0,120.0,0,140,0.0
hann_ifft,Hann-IFFT MLP,35,41,90.0,330.0,120.0,150.0,0,140,0.0
hann_ifft,Hann-IFFT MLP,35,42,90.0,330.0,120.0,180.0,2,140,0.014285714285714285
hann_ifft,Hann-IFFT MLP,35,43,90.0,330.0,120.0,210.0,0,140,0.0
hann_ifft,Hann-IFFT MLP,35,44,90.0,330.0,120.0,240.0,0,140,0.0
hann_ifft,Hann-IFFT MLP,35,45,90.0,330.0,120.0,270.0,3,140,0.02142857142857143
hann_ifft,Hann-IFFT MLP,35,46,90.0,330.0,120.0,300.0,0,140,0.0
hann_ifft,Hann-IFFT MLP,35,47,90.0,330.0,120.0,330.0,0,140,0.0
hann_ifft,Hann-IFFT MLP,35,48,90.0,330.0,150.0,0.0,0,140,0.0
hann_ifft,Hann-IFFT MLP,35,49,90.0,330.0,150.0,30.0,0,140,0.0
hann_ifft,Hann-IFFT MLP,35,50,90.0,330.0,150.0,60.0,0,140,0.0
hann_ifft,Hann-IFFT MLP,35,51,90.0,330.0,150.0,90.0,0,140,0.0
hann_ifft,Hann-IFFT MLP,35,52,90.0,330.0,150.0,120.0,0,140,0.0
hann_ifft,Hann-IFFT MLP,35,53,90.0,330.0,150.0,150.0,0,140,0.0
hann_ifft,Hann-IFFT MLP,35,54,90.0,330.0,150.0,180.0,0,140,0.0
hann_ifft,Hann-IFFT MLP,35,55,90.0,330.0,150.0,210.0,0,140,0.0
hann_ifft,Hann-IFFT MLP,35,56,90.0,330.0,150.0,240.0,1,140,0.007142857142857143
hann_ifft,Hann-IFFT MLP,35,57,90.0,330.0,150.0,270.0,1,140,0.007142857142857143
hann_ifft,Hann-IFFT MLP,35,58,90.0,330.0,150.0,300.0,0,140,0.0
hann_ifft,Hann-IFFT MLP,35,59,90.0,330.0,150.0,330.0,0,140,0.0
hann_ifft,Hann-IFFT MLP,36,0,120.0,0.0,30.0,0.0,0,140,0.0
hann_ifft,Hann-IFFT MLP,36,1,120.0,0.0,30.0,30.0,0,140,0.0
hann_ifft,Hann-IFFT MLP,36,2,120.0,0.0,30.0,60.0,0,140,0.0
hann_ifft,Hann-IFFT MLP,36,3,120.0,0.0,30.0,90.0,0,140,0.0
hann_ifft,Hann-IFFT MLP,36,4,120.0,0.0,30.0,120.0,0,140,0.0
hann_ifft,Hann-IFFT MLP,36,5,120.0,0.0,30.0,150.0,1,140,0.007142857142857143
hann_ifft,Hann-IFFT MLP,36,6,120.0,0.0,30.0,180.0,6,140,0.04285714285714286
hann_ifft,Hann-IFFT MLP,36,7,120.0,0.0,30.0,210.0,0,140,0.0
hann_ifft,Hann-IFFT MLP,36,8,120.0,0.0,30.0,240.0,0,140,0.0
hann_ifft,Hann-IFFT MLP,36,9,120.0,0.0,30.0,270.0,0,140,0.0
hann_ifft,Hann-IFFT MLP,36,10,120.0,0.0,30.0,300.0,0,140,0.0
hann_ifft,Hann-IFFT MLP,36,11,120.0,0.0,30.0,330.0,0,140,0.0
hann_ifft,Hann-IFFT MLP,36,12,120.0,0.0,60.0,0.0,0,140,0.0
hann_ifft,Hann-IFFT MLP,36,13,120.0,0.0,60.0,30.0,0,140,0.0
hann_ifft,Hann-IFFT MLP,36,14,120.0,0.0,60.0,60.0,0,140,0.0
hann_ifft,Hann-IFFT MLP,36,15,120.0,0.0,60.0,90.0,0,140,0.0
hann_ifft,Hann-IFFT MLP,36,16,120.0,0.0,60.0,120.0,0,140,0.0
hann_ifft,Hann-IFFT MLP,36,17,120.0,0.0,60.0,150.0,0,140,0.0
hann_ifft,Hann-IFFT MLP,36,18,120.0,0.0,60.0,180.0,0,140,0.0
hann_ifft,Hann-IFFT MLP,36,19,120.0,0.0,60.0,210.0,0,140,0.0
hann_ifft,Hann-IFFT MLP,36,20,120.0,0.0,60.0,240.0,0,140,0.0
hann_ifft,Hann-IFFT MLP,36,21,120.0,0.0,60.0,270.0,0,140,0.0
hann_ifft,Hann-IFFT MLP,36,22,120.0,0.0,60.0,300.0,0,140,0.0
hann_ifft,Hann-IFFT MLP,36,23,120.0,0.0,60.0,330.0,0,140,0.0
hann_ifft,Hann-IFFT MLP,36,24,120.0,0.0,90.0,0.0,0,140,0.0
hann_ifft,Hann-IFFT MLP,36,25,120.0,0.0,90.0,30.0,0,140,0.0
hann_ifft,Hann-IFFT MLP,36,26,120.0,0.0,90.0,60.0,0,140,0.0
hann_ifft,Hann-IFFT MLP,36,27,120.0,0.0,90.0,90.0,0,140,0.0
hann_ifft,Hann-IFFT MLP,36,28,120.0,0.0,90.0,120.0,0,140,0.0
hann_ifft,Hann-IFFT MLP,36,29,120.0,0.0,90.0,150.0,0,140,0.0
hann_ifft,Hann-IFFT MLP,36,30,120.0,0.0,90.0,180.0,0,140,0.0
hann_ifft,Hann-IFFT MLP,36,31,120.0,0.0,90.0,210.0,0,140,0.0
hann_ifft,Hann-IFFT MLP,36,32,120.0,0.0,90.0,240.0,0,140,0.0
hann_ifft,Hann-IFFT MLP,36,33,120.0,0.0,90.0,270.0,0,140,0.0
hann_ifft,Hann-IFFT MLP,36,34,120.0,0.0,90.0,300.0,0,140,0.0
hann_ifft,Hann-IFFT MLP,36,35,120.0,0.0,90.0,330.0,0,140,0.0
hann_ifft,Hann-IFFT MLP,36,36,120.0,0.0,120.0,0.0,83,140,0.5928571428571429
hann_ifft,Hann-IFFT MLP,36,37,120.0,0.0,120.0,30.0,0,140,0.0
hann_ifft,Hann-IFFT MLP,36,38,120.0,0.0,120.0,60.0,0,140,0.0
hann_ifft,Hann-IFFT MLP,36,39,120.0,0.0,120.0,90.0,0,140,0.0
hann_ifft,Hann-IFFT MLP,36,40,120.0,0.0,120.0,120.0,0,140,0.0
hann_ifft,Hann-IFFT MLP,36,41,120.0,0.0,120.0,150.0,0,140,0.0
hann_ifft,Hann-IFFT MLP,36,42,120.0,0.0,120.0,180.0,8,140,0.05714285714285714
hann_ifft,Hann-IFFT MLP,36,43,120.0,0.0,120.0,210.0,0,140,0.0
hann_ifft,Hann-IFFT MLP,36,44,120.0,0.0,120.0,240.0,0,140,0.0
hann_ifft,Hann-IFFT MLP,36,45,120.0,0.0,120.0,270.0,0,140,0.0
hann_ifft,Hann-IFFT MLP,36,46,120.0,0.0,120.0,300.0,0,140,0.0
hann_ifft,Hann-IFFT MLP,36,47,120.0,0.0,120.0,330.0,0,140,0.0
hann_ifft,Hann-IFFT MLP,36,48,120.0,0.0,150.0,0.0,33,140,0.2357142857142857
hann_ifft,Hann-IFFT MLP,36,49,120.0,0.0,150.0,30.0,0,140,0.0
hann_ifft,Hann-IFFT MLP,36,50,120.0,0.0,150.0,60.0,0,140,0.0
hann_ifft,Hann-IFFT MLP,36,51,120.0,0.0,150.0,90.0,0,140,0.0
hann_ifft,Hann-IFFT MLP,36,52,120.0,0.0,150.0,120.0,0,140,0.0
hann_ifft,Hann-IFFT MLP,36,53,120.0,0.0,150.0,150.0,0,140,0.0
hann_ifft,Hann-IFFT MLP,36,54,120.0,0.0,150.0,180.0,7,140,0.05
hann_ifft,Hann-IFFT MLP,36,55,120.0,0.0,150.0,210.0,2,140,0.014285714285714285
hann_ifft,Hann-IFFT MLP,36,56,120.0,0.0,150.0,240.0,0,140,0.0
hann_ifft,Hann-IFFT MLP,36,57,120.0,0.0,150.0,270.0,0,140,0.0
hann_ifft,Hann-IFFT MLP,36,58,120.0,0.0,150.0,300.0,0,140,0.0
hann_ifft,Hann-IFFT MLP,36,59,120.0,0.0,150.0,330.0,0,140,0.0
hann_ifft,Hann-IFFT MLP,37,0,120.0,30.0,30.0,0.0,0,140,0.0
hann_ifft,Hann-IFFT MLP,37,1,120.0,30.0,30.0,30.0,0,140,0.0
hann_ifft,Hann-IFFT MLP,37,2,120.0,30.0,30.0,60.0,0,140,0.0
hann_ifft,Hann-IFFT MLP,37,3,120.0,30.0,30.0,90.0,0,140,0.0
hann_ifft,Hann-IFFT MLP,37,4,120.0,30.0,30.0,120.0,0,140,0.0
hann_ifft,Hann-IFFT MLP,37,5,120.0,30.0,30.0,150.0,0,140,0.0
hann_ifft,Hann-IFFT MLP,37,6,120.0,30.0,30.0,180.0,0,140,0.0
hann_ifft,Hann-IFFT MLP,37,7,120.0,30.0,30.0,210.0,0,140,0.0
hann_ifft,Hann-IFFT MLP,37,8,120.0,30.0,30.0,240.0,0,140,0.0
hann_ifft,Hann-IFFT MLP,37,9,120.0,30.0,30.0,270.0,0,140,0.0
hann_ifft,Hann-IFFT MLP,37,10,120.0,30.0,30.0,300.0,0,140,0.0
hann_ifft,Hann-IFFT MLP,37,11,120.0,30.0,30.0,330.0,0,140,0.0
hann_ifft,Hann-IFFT MLP,37,12,120.0,30.0,60.0,0.0,0,140,0.0
hann_ifft,Hann-IFFT MLP,37,13,120.0,30.0,60.0,30.0,3,140,0.02142857142857143
hann_ifft,Hann-IFFT MLP,37,14,120.0,30.0,60.0,60.0,0,140,0.0
hann_ifft,Hann-IFFT MLP,37,15,120.0,30.0,60.0,90.0,0,140,0.0
hann_ifft,Hann-IFFT MLP,37,16,120.0,30.0,60.0,120.0,0,140,0.0
hann_ifft,Hann-IFFT MLP,37,17,120.0,30.0,60.0,150.0,2,140,0.014285714285714285
hann_ifft,Hann-IFFT MLP,37,18,120.0,30.0,60.0,180.0,0,140,0.0
hann_ifft,Hann-IFFT MLP,37,19,120.0,30.0,60.0,210.0,0,140,0.0
hann_ifft,Hann-IFFT MLP,37,20,120.0,30.0,60.0,240.0,0,140,0.0
hann_ifft,Hann-IFFT MLP,37,21,120.0,30.0,60.0,270.0,0,140,0.0
hann_ifft,Hann-IFFT MLP,37,22,120.0,30.0,60.0,300.0,1,140,0.007142857142857143
hann_ifft,Hann-IFFT MLP,37,23,120.0,30.0,60.0,330.0,13,140,0.09285714285714286
hann_ifft,Hann-IFFT MLP,37,24,120.0,30.0,90.0,0.0,0,140,0.0
hann_ifft,Hann-IFFT MLP,37,25,120.0,30.0,90.0,30.0,0,140,0.0
hann_ifft,Hann-IFFT MLP,37,26,120.0,30.0,90.0,60.0,0,140,0.0
hann_ifft,Hann-IFFT MLP,37,27,120.0,30.0,90.0,90.0,0,140,0.0
hann_ifft,Hann-IFFT MLP,37,28,120.0,30.0,90.0,120.0,0,140,0.0
hann_ifft,Hann-IFFT MLP,37,29,120.0,30.0,90.0,150.0,0,140,0.0
hann_ifft,Hann-IFFT MLP,37,30,120.0,30.0,90.0,180.0,0,140,0.0
hann_ifft,Hann-IFFT MLP,37,31,120.0,30.0,90.0,210.0,0,140,0.0
hann_ifft,Hann-IFFT MLP,37,32,120.0,30.0,90.0,240.0,0,140,0.0
hann_ifft,Hann-IFFT MLP,37,33,120.0,30.0,90.0,270.0,0,140,0.0
hann_ifft,Hann-IFFT MLP,37,34,120.0,30.0,90.0,300.0,0,140,0.0
hann_ifft,Hann-IFFT MLP,37,35,120.0,30.0,90.0,330.0,0,140,0.0
hann_ifft,Hann-IFFT MLP,37,36,120.0,30.0,120.0,0.0,5,140,0.03571428571428571
hann_ifft,Hann-IFFT MLP,37,37,120.0,30.0,120.0,30.0,98,140,0.7
hann_ifft,Hann-IFFT MLP,37,38,120.0,30.0,120.0,60.0,1,140,0.007142857142857143
hann_ifft,Hann-IFFT MLP,37,39,120.0,30.0,120.0,90.0,0,140,0.0
hann_ifft,Hann-IFFT MLP,37,40,120.0,30.0,120.0,120.0,0,140,0.0
hann_ifft,Hann-IFFT MLP,37,41,120.0,30.0,120.0,150.0,4,140,0.02857142857142857
hann_ifft,Hann-IFFT MLP,37,42,120.0,30.0,120.0,180.0,0,140,0.0
hann_ifft,Hann-IFFT MLP,37,43,120.0,30.0,120.0,210.0,7,140,0.05
hann_ifft,Hann-IFFT MLP,37,44,120.0,30.0,120.0,240.0,0,140,0.0
hann_ifft,Hann-IFFT MLP,37,45,120.0,30.0,120.0,270.0,0,140,0.0
hann_ifft,Hann-IFFT MLP,37,46,120.0,30.0,120.0,300.0,0,140,0.0
hann_ifft,Hann-IFFT MLP,37,47,120.0,30.0,120.0,330.0,5,140,0.03571428571428571
hann_ifft,Hann-IFFT MLP,37,48,120.0,30.0,150.0,0.0,0,140,0.0
hann_ifft,Hann-IFFT MLP,37,49,120.0,30.0,150.0,30.0,0,140,0.0
hann_ifft,Hann-IFFT MLP,37,50,120.0,30.0,150.0,60.0,0,140,0.0
hann_ifft,Hann-IFFT MLP,37,51,120.0,30.0,150.0,90.0,0,140,0.0
hann_ifft,Hann-IFFT MLP,37,52,120.0,30.0,150.0,120.0,0,140,0.0
hann_ifft,Hann-IFFT MLP,37,53,120.0,30.0,150.0,150.0,0,140,0.0
hann_ifft,Hann-IFFT MLP,37,54,120.0,30.0,150.0,180.0,0,140,0.0
hann_ifft,Hann-IFFT MLP,37,55,120.0,30.0,150.0,210.0,1,140,0.007142857142857143
hann_ifft,Hann-IFFT MLP,37,56,120.0,30.0,150.0,240.0,0,140,0.0
hann_ifft,Hann-IFFT MLP,37,57,120.0,30.0,150.0,270.0,0,140,0.0
hann_ifft,Hann-IFFT MLP,37,58,120.0,30.0,150.0,300.0,0,140,0.0
hann_ifft,Hann-IFFT MLP,37,59,120.0,30.0,150.0,330.0,0,140,0.0
hann_ifft,Hann-IFFT MLP,38,0,120.0,60.0,30.0,0.0,0,140,0.0
hann_ifft,Hann-IFFT MLP,38,1,120.0,60.0,30.0,30.0,0,140,0.0
hann_ifft,Hann-IFFT MLP,38,2,120.0,60.0,30.0,60.0,0,140,0.0
hann_ifft,Hann-IFFT MLP,38,3,120.0,60.0,30.0,90.0,0,140,0.0
hann_ifft,Hann-IFFT MLP,38,4,120.0,60.0,30.0,120.0,0,140,0.0
hann_ifft,Hann-IFFT MLP,38,5,120.0,60.0,30.0,150.0,0,140,0.0
hann_ifft,Hann-IFFT MLP,38,6,120.0,60.0,30.0,180.0,0,140,0.0
hann_ifft,Hann-IFFT MLP,38,7,120.0,60.0,30.0,210.0,0,140,0.0
hann_ifft,Hann-IFFT MLP,38,8,120.0,60.0,30.0,240.0,0,140,0.0
hann_ifft,Hann-IFFT MLP,38,9,120.0,60.0,30.0,270.0,0,140,0.0
hann_ifft,Hann-IFFT MLP,38,10,120.0,60.0,30.0,300.0,0,140,0.0
hann_ifft,Hann-IFFT MLP,38,11,120.0,60.0,30.0,330.0,0,140,0.0
hann_ifft,Hann-IFFT MLP,38,12,120.0,60.0,60.0,0.0,0,140,0.0
hann_ifft,Hann-IFFT MLP,38,13,120.0,60.0,60.0,30.0,1,140,0.007142857142857143
hann_ifft,Hann-IFFT MLP,38,14,120.0,60.0,60.0,60.0,3,140,0.02142857142857143
hann_ifft,Hann-IFFT MLP,38,15,120.0,60.0,60.0,90.0,0,140,0.0
hann_ifft,Hann-IFFT MLP,38,16,120.0,60.0,60.0,120.0,3,140,0.02142857142857143
hann_ifft,Hann-IFFT MLP,38,17,120.0,60.0,60.0,150.0,0,140,0.0
hann_ifft,Hann-IFFT MLP,38,18,120.0,60.0,60.0,180.0,0,140,0.0
hann_ifft,Hann-IFFT MLP,38,19,120.0,60.0,60.0,210.0,0,140,0.0
hann_ifft,Hann-IFFT MLP,38,20,120.0,60.0,60.0,240.0,1,140,0.007142857142857143
hann_ifft,Hann-IFFT MLP,38,21,120.0,60.0,60.0,270.0,5,140,0.03571428571428571
hann_ifft,Hann-IFFT MLP,38,22,120.0,60.0,60.0,300.0,10,140,0.07142857142857142
hann_ifft,Hann-IFFT MLP,38,23,120.0,60.0,60.0,330.0,2,140,0.014285714285714285
hann_ifft,Hann-IFFT MLP,38,24,120.0,60.0,90.0,0.0,0,140,0.0
hann_ifft,Hann-IFFT MLP,38,25,120.0,60.0,90.0,30.0,0,140,0.0
hann_ifft,Hann-IFFT MLP,38,26,120.0,60.0,90.0,60.0,0,140,0.0
hann_ifft,Hann-IFFT MLP,38,27,120.0,60.0,90.0,90.0,0,140,0.0
hann_ifft,Hann-IFFT MLP,38,28,120.0,60.0,90.0,120.0,0,140,0.0
hann_ifft,Hann-IFFT MLP,38,29,120.0,60.0,90.0,150.0,0,140,0.0
hann_ifft,Hann-IFFT MLP,38,30,120.0,60.0,90.0,180.0,0,140,0.0
hann_ifft,Hann-IFFT MLP,38,31,120.0,60.0,90.0,210.0,0,140,0.0
hann_ifft,Hann-IFFT MLP,38,32,120.0,60.0,90.0,240.0,0,140,0.0
hann_ifft,Hann-IFFT MLP,38,33,120.0,60.0,90.0,270.0,0,140,0.0
hann_ifft,Hann-IFFT MLP,38,34,120.0,60.0,90.0,300.0,0,140,0.0
hann_ifft,Hann-IFFT MLP,38,35,120.0,60.0,90.0,330.0,0,140,0.0
hann_ifft,Hann-IFFT MLP,38,36,120.0,60.0,120.0,0.0,0,140,0.0
hann_ifft,Hann-IFFT MLP,38,37,120.0,60.0,120.0,30.0,0,140,0.0
hann_ifft,Hann-IFFT MLP,38,38,120.0,60.0,120.0,60.0,104,140,0.7428571428571429
hann_ifft,Hann-IFFT MLP,38,39,120.0,60.0,120.0,90.0,3,140,0.02142857142857143
hann_ifft,Hann-IFFT MLP,38,40,120.0,60.0,120.0,120.0,1,140,0.007142857142857143
hann_ifft,Hann-IFFT MLP,38,41,120.0,60.0,120.0,150.0,1,140,0.007142857142857143
hann_ifft,Hann-IFFT MLP,38,42,120.0,60.0,120.0,180.0,0,140,0.0
hann_ifft,Hann-IFFT MLP,38,43,120.0,60.0,120.0,210.0,3,140,0.02142857142857143
hann_ifft,Hann-IFFT MLP,38,44,120.0,60.0,120.0,240.0,1,140,0.007142857142857143
hann_ifft,Hann-IFFT MLP,38,45,120.0,60.0,120.0,270.0,0,140,0.0
hann_ifft,Hann-IFFT MLP,38,46,120.0,60.0,120.0,300.0,0,140,0.0
hann_ifft,Hann-IFFT MLP,38,47,120.0,60.0,120.0,330.0,0,140,0.0
hann_ifft,Hann-IFFT MLP,38,48,120.0,60.0,150.0,0.0,0,140,0.0
hann_ifft,Hann-IFFT MLP,38,49,120.0,60.0,150.0,30.0,0,140,0.0
hann_ifft,Hann-IFFT MLP,38,50,120.0,60.0,150.0,60.0,1,140,0.007142857142857143
hann_ifft,Hann-IFFT MLP,38,51,120.0,60.0,150.0,90.0,0,140,0.0
hann_ifft,Hann-IFFT MLP,38,52,120.0,60.0,150.0,120.0,0,140,0.0
hann_ifft,Hann-IFFT MLP,38,53,120.0,60.0,150.0,150.0,0,140,0.0
hann_ifft,Hann-IFFT MLP,38,54,120.0,60.0,150.0,180.0,0,140,0.0
hann_ifft,Hann-IFFT MLP,38,55,120.0,60.0,150.0,210.0,0,140,0.0
hann_ifft,Hann-IFFT MLP,38,56,120.0,60.0,150.0,240.0,1,140,0.007142857142857143
hann_ifft,Hann-IFFT MLP,38,57,120.0,60.0,150.0,270.0,0,140,0.0
hann_ifft,Hann-IFFT MLP,38,58,120.0,60.0,150.0,300.0,0,140,0.0
hann_ifft,Hann-IFFT MLP,38,59,120.0,60.0,150.0,330.0,0,140,0.0
hann_ifft,Hann-IFFT MLP,39,0,120.0,90.0,30.0,0.0,0,140,0.0
hann_ifft,Hann-IFFT MLP,39,1,120.0,90.0,30.0,30.0,0,140,0.0
hann_ifft,Hann-IFFT MLP,39,2,120.0,90.0,30.0,60.0,0,140,0.0
hann_ifft,Hann-IFFT MLP,39,3,120.0,90.0,30.0,90.0,1,140,0.007142857142857143
hann_ifft,Hann-IFFT MLP,39,4,120.0,90.0,30.0,120.0,0,140,0.0
hann_ifft,Hann-IFFT MLP,39,5,120.0,90.0,30.0,150.0,0,140,0.0
hann_ifft,Hann-IFFT MLP,39,6,120.0,90.0,30.0,180.0,0,140,0.0
hann_ifft,Hann-IFFT MLP,39,7,120.0,90.0,30.0,210.0,0,140,0.0
hann_ifft,Hann-IFFT MLP,39,8,120.0,90.0,30.0,240.0,0,140,0.0
hann_ifft,Hann-IFFT MLP,39,9,120.0,90.0,30.0,270.0,0,140,0.0
hann_ifft,Hann-IFFT MLP,39,10,120.0,90.0,30.0,300.0,0,140,0.0
hann_ifft,Hann-IFFT MLP,39,11,120.0,90.0,30.0,330.0,0,140,0.0
hann_ifft,Hann-IFFT MLP,39,12,120.0,90.0,60.0,0.0,0,140,0.0
hann_ifft,Hann-IFFT MLP,39,13,120.0,90.0,60.0,30.0,0,140,0.0
hann_ifft,Hann-IFFT MLP,39,14,120.0,90.0,60.0,60.0,6,140,0.04285714285714286
hann_ifft,Hann-IFFT MLP,39,15,120.0,90.0,60.0,90.0,7,140,0.05
hann_ifft,Hann-IFFT MLP,39,16,120.0,90.0,60.0,120.0,0,140,0.0
hann_ifft,Hann-IFFT MLP,39,17,120.0,90.0,60.0,150.0,0,140,0.0
hann_ifft,Hann-IFFT MLP,39,18,120.0,90.0,60.0,180.0,0,140,0.0
hann_ifft,Hann-IFFT MLP,39,19,120.0,90.0,60.0,210.0,0,140,0.0
hann_ifft,Hann-IFFT MLP,39,20,120.0,90.0,60.0,240.0,3,140,0.02142857142857143
hann_ifft,Hann-IFFT MLP,39,21,120.0,90.0,60.0,270.0,13,140,0.09285714285714286
hann_ifft,Hann-IFFT MLP,39,22,120.0,90.0,60.0,300.0,0,140,0.0
hann_ifft,Hann-IFFT MLP,39,23,120.0,90.0,60.0,330.0,0,140,0.0
hann_ifft,Hann-IFFT MLP,39,24,120.0,90.0,90.0,0.0,0,140,0.0
hann_ifft,Hann-IFFT MLP,39,25,120.0,90.0,90.0,30.0,0,140,0.0
hann_ifft,Hann-IFFT MLP,39,26,120.0,90.0,90.0,60.0,1,140,0.007142857142857143
hann_ifft,Hann-IFFT MLP,39,27,120.0,90.0,90.0,90.0,3,140,0.02142857142857143
hann_ifft,Hann-IFFT MLP,39,28,120.0,90.0,90.0,120.0,0,140,0.0
hann_ifft,Hann-IFFT MLP,39,29,120.0,90.0,90.0,150.0,0,140,0.0
hann_ifft,Hann-IFFT MLP,39,30,120.0,90.0,90.0,180.0,0,140,0.0
hann_ifft,Hann-IFFT MLP,39,31,120.0,90.0,90.0,210.0,0,140,0.0
hann_ifft,Hann-IFFT MLP,39,32,120.0,90.0,90.0,240.0,3,140,0.02142857142857143
hann_ifft,Hann-IFFT MLP,39,33,120.0,90.0,90.0,270.0,3,140,0.02142857142857143
hann_ifft,Hann-IFFT MLP,39,34,120.0,90.0,90.0,300.0,0,140,0.0
hann_ifft,Hann-IFFT MLP,39,35,120.0,90.0,90.0,330.0,0,140,0.0
hann_ifft,Hann-IFFT MLP,39,36,120.0,90.0,120.0,0.0,0,140,0.0
hann_ifft,Hann-IFFT MLP,39,37,120.0,90.0,120.0,30.0,0,140,0.0
hann_ifft,Hann-IFFT MLP,39,38,120.0,90.0,120.0,60.0,0,140,0.0
hann_ifft,Hann-IFFT MLP,39,39,120.0,90.0,120.0,90.0,89,140,0.6357142857142857
hann_ifft,Hann-IFFT MLP,39,40,120.0,90.0,120.0,120.0,1,140,0.007142857142857143
hann_ifft,Hann-IFFT MLP,39,41,120.0,90.0,120.0,150.0,0,140,0.0
hann_ifft,Hann-IFFT MLP,39,42,120.0,90.0,120.0,180.0,0,140,0.0
hann_ifft,Hann-IFFT MLP,39,43,120.0,90.0,120.0,210.0,0,140,0.0
hann_ifft,Hann-IFFT MLP,39,44,120.0,90.0,120.0,240.0,2,140,0.014285714285714285
hann_ifft,Hann-IFFT MLP,39,45,120.0,90.0,120.0,270.0,7,140,0.05
hann_ifft,Hann-IFFT MLP,39,46,120.0,90.0,120.0,300.0,0,140,0.0
hann_ifft,Hann-IFFT MLP,39,47,120.0,90.0,120.0,330.0,0,140,0.0
hann_ifft,Hann-IFFT MLP,39,48,120.0,90.0,150.0,0.0,0,140,0.0
hann_ifft,Hann-IFFT MLP,39,49,120.0,90.0,150.0,30.0,0,140,0.0
hann_ifft,Hann-IFFT MLP,39,50,120.0,90.0,150.0,60.0,0,140,0.0
hann_ifft,Hann-IFFT MLP,39,51,120.0,90.0,150.0,90.0,1,140,0.007142857142857143
hann_ifft,Hann-IFFT MLP,39,52,120.0,90.0,150.0,120.0,0,140,0.0
hann_ifft,Hann-IFFT MLP,39,53,120.0,90.0,150.0,150.0,0,140,0.0
hann_ifft,Hann-IFFT MLP,39,54,120.0,90.0,150.0,180.0,0,140,0.0
hann_ifft,Hann-IFFT MLP,39,55,120.0,90.0,150.0,210.0,0,140,0.0
hann_ifft,Hann-IFFT MLP,39,56,120.0,90.0,150.0,240.0,0,140,0.0
hann_ifft,Hann-IFFT MLP,39,57,120.0,90.0,150.0,270.0,0,140,0.0
hann_ifft,Hann-IFFT MLP,39,58,120.0,90.0,150.0,300.0,0,140,0.0
hann_ifft,Hann-IFFT MLP,39,59,120.0,90.0,150.0,330.0,0,140,0.0
hann_ifft,Hann-IFFT MLP,40,0,120.0,120.0,30.0,0.0,0,140,0.0
hann_ifft,Hann-IFFT MLP,40,1,120.0,120.0,30.0,30.0,0,140,0.0
hann_ifft,Hann-IFFT MLP,40,2,120.0,120.0,30.0,60.0,0,140,0.0
hann_ifft,Hann-IFFT MLP,40,3,120.0,120.0,30.0,90.0,0,140,0.0
hann_ifft,Hann-IFFT MLP,40,4,120.0,120.0,30.0,120.0,0,140,0.0
hann_ifft,Hann-IFFT MLP,40,5,120.0,120.0,30.0,150.0,0,140,0.0
hann_ifft,Hann-IFFT MLP,40,6,120.0,120.0,30.0,180.0,0,140,0.0
hann_ifft,Hann-IFFT MLP,40,7,120.0,120.0,30.0,210.0,0,140,0.0
hann_ifft,Hann-IFFT MLP,40,8,120.0,120.0,30.0,240.0,0,140,0.0
hann_ifft,Hann-IFFT MLP,40,9,120.0,120.0,30.0,270.0,0,140,0.0
hann_ifft,Hann-IFFT MLP,40,10,120.0,120.0,30.0,300.0,0,140,0.0
hann_ifft,Hann-IFFT MLP,40,11,120.0,120.0,30.0,330.0,0,140,0.0
hann_ifft,Hann-IFFT MLP,40,12,120.0,120.0,60.0,0.0,0,140,0.0
hann_ifft,Hann-IFFT MLP,40,13,120.0,120.0,60.0,30.0,0,140,0.0
hann_ifft,Hann-IFFT MLP,40,14,120.0,120.0,60.0,60.0,1,140,0.007142857142857143
hann_ifft,Hann-IFFT MLP,40,15,120.0,120.0,60.0,90.0,5,140,0.03571428571428571
hann_ifft,Hann-IFFT MLP,40,16,120.0,120.0,60.0,120.0,3,140,0.02142857142857143
hann_ifft,Hann-IFFT MLP,40,17,120.0,120.0,60.0,150.0,0,140,0.0
hann_ifft,Hann-IFFT MLP,40,18,120.0,120.0,60.0,180.0,0,140,0.0
hann_ifft,Hann-IFFT MLP,40,19,120.0,120.0,60.0,210.0,1,140,0.007142857142857143
hann_ifft,Hann-IFFT MLP,40,20,120.0,120.0,60.0,240.0,18,140,0.12857142857142856
hann_ifft,Hann-IFFT MLP,40,21,120.0,120.0,60.0,270.0,0,140,0.0
hann_ifft,Hann-IFFT MLP,40,22,120.0,120.0,60.0,300.0,0,140,0.0
hann_ifft,Hann-IFFT MLP,40,23,120.0,120.0,60.0,330.0,0,140,0.0
hann_ifft,Hann-IFFT MLP,40,24,120.0,120.0,90.0,0.0,0,140,0.0
hann_ifft,Hann-IFFT MLP,40,25,120.0,120.0,90.0,30.0,0,140,0.0
hann_ifft,Hann-IFFT MLP,40,26,120.0,120.0,90.0,60.0,1,140,0.007142857142857143
hann_ifft,Hann-IFFT MLP,40,27,120.0,120.0,90.0,90.0,0,140,0.0
hann_ifft,Hann-IFFT MLP,40,28,120.0,120.0,90.0,120.0,0,140,0.0
hann_ifft,Hann-IFFT MLP,40,29,120.0,120.0,90.0,150.0,0,140,0.0
hann_ifft,Hann-IFFT MLP,40,30,120.0,120.0,90.0,180.0,0,140,0.0
hann_ifft,Hann-IFFT MLP,40,31,120.0,120.0,90.0,210.0,3,140,0.02142857142857143
hann_ifft,Hann-IFFT MLP,40,32,120.0,120.0,90.0,240.0,3,140,0.02142857142857143
hann_ifft,Hann-IFFT MLP,40,33,120.0,120.0,90.0,270.0,0,140,0.0
hann_ifft,Hann-IFFT MLP,40,34,120.0,120.0,90.0,300.0,0,140,0.0
hann_ifft,Hann-IFFT MLP,40,35,120.0,120.0,90.0,330.0,0,140,0.0
hann_ifft,Hann-IFFT MLP,40,36,120.0,120.0,120.0,0.0,0,140,0.0
hann_ifft,Hann-IFFT MLP,40,37,120.0,120.0,120.0,30.0,0,140,0.0
hann_ifft,Hann-IFFT MLP,40,38,120.0,120.0,120.0,60.0,0,140,0.0
hann_ifft,Hann-IFFT MLP,40,39,120.0,120.0,120.0,90.0,1,140,0.007142857142857143
hann_ifft,Hann-IFFT MLP,40,40,120.0,120.0,120.0,120.0,83,140,0.5928571428571429
hann_ifft,Hann-IFFT MLP,40,41,120.0,120.0,120.0,150.0,0,140,0.0
hann_ifft,Hann-IFFT MLP,40,42,120.0,120.0,120.0,180.0,0,140,0.0
hann_ifft,Hann-IFFT MLP,40,43,120.0,120.0,120.0,210.0,0,140,0.0
hann_ifft,Hann-IFFT MLP,40,44,120.0,120.0,120.0,240.0,8,140,0.05714285714285714
hann_ifft,Hann-IFFT MLP,40,45,120.0,120.0,120.0,270.0,2,140,0.014285714285714285
hann_ifft,Hann-IFFT MLP,40,46,120.0,120.0,120.0,300.0,8,140,0.05714285714285714
hann_ifft,Hann-IFFT MLP,40,47,120.0,120.0,120.0,330.0,1,140,0.007142857142857143
hann_ifft,Hann-IFFT MLP,40,48,120.0,120.0,150.0,0.0,0,140,0.0
hann_ifft,Hann-IFFT MLP,40,49,120.0,120.0,150.0,30.0,0,140,0.0
hann_ifft,Hann-IFFT MLP,40,50,120.0,120.0,150.0,60.0,0,140,0.0
hann_ifft,Hann-IFFT MLP,40,51,120.0,120.0,150.0,90.0,0,140,0.0
hann_ifft,Hann-IFFT MLP,40,52,120.0,120.0,150.0,120.0,0,140,0.0
hann_ifft,Hann-IFFT MLP,40,53,120.0,120.0,150.0,150.0,0,140,0.0
hann_ifft,Hann-IFFT MLP,40,54,120.0,120.0,150.0,180.0,0,140,0.0
hann_ifft,Hann-IFFT MLP,40,55,120.0,120.0,150.0,210.0,1,140,0.007142857142857143
hann_ifft,Hann-IFFT MLP,40,56,120.0,120.0,150.0,240.0,1,140,0.007142857142857143
hann_ifft,Hann-IFFT MLP,40,57,120.0,120.0,150.0,270.0,0,140,0.0
hann_ifft,Hann-IFFT MLP,40,58,120.0,120.0,150.0,300.0,0,140,0.0
hann_ifft,Hann-IFFT MLP,40,59,120.0,120.0,150.0,330.0,0,140,0.0
hann_ifft,Hann-IFFT MLP,41,0,120.0,150.0,30.0,0.0,0,140,0.0
hann_ifft,Hann-IFFT MLP,41,1,120.0,150.0,30.0,30.0,0,140,0.0
hann_ifft,Hann-IFFT MLP,41,2,120.0,150.0,30.0,60.0,0,140,0.0
hann_ifft,Hann-IFFT MLP,41,3,120.0,150.0,30.0,90.0,0,140,0.0
hann_ifft,Hann-IFFT MLP,41,4,120.0,150.0,30.0,120.0,0,140,0.0
hann_ifft,Hann-IFFT MLP,41,5,120.0,150.0,30.0,150.0,0,140,0.0
hann_ifft,Hann-IFFT MLP,41,6,120.0,150.0,30.0,180.0,0,140,0.0
hann_ifft,Hann-IFFT MLP,41,7,120.0,150.0,30.0,210.0,1,140,0.007142857142857143
hann_ifft,Hann-IFFT MLP,41,8,120.0,150.0,30.0,240.0,0,140,0.0
hann_ifft,Hann-IFFT MLP,41,9,120.0,150.0,30.0,270.0,0,140,0.0
hann_ifft,Hann-IFFT MLP,41,10,120.0,150.0,30.0,300.0,0,140,0.0
hann_ifft,Hann-IFFT MLP,41,11,120.0,150.0,30.0,330.0,0,140,0.0
hann_ifft,Hann-IFFT MLP,41,12,120.0,150.0,60.0,0.0,0,140,0.0
hann_ifft,Hann-IFFT MLP,41,13,120.0,150.0,60.0,30.0,5,140,0.03571428571428571
hann_ifft,Hann-IFFT MLP,41,14,120.0,150.0,60.0,60.0,0,140,0.0
hann_ifft,Hann-IFFT MLP,41,15,120.0,150.0,60.0,90.0,0,140,0.0
hann_ifft,Hann-IFFT MLP,41,16,120.0,150.0,60.0,120.0,0,140,0.0
hann_ifft,Hann-IFFT MLP,41,17,120.0,150.0,60.0,150.0,9,140,0.06428571428571428
hann_ifft,Hann-IFFT MLP,41,18,120.0,150.0,60.0,180.0,0,140,0.0
hann_ifft,Hann-IFFT MLP,41,19,120.0,150.0,60.0,210.0,15,140,0.10714285714285714
hann_ifft,Hann-IFFT MLP,41,20,120.0,150.0,60.0,240.0,0,140,0.0
hann_ifft,Hann-IFFT MLP,41,21,120.0,150.0,60.0,270.0,0,140,0.0
hann_ifft,Hann-IFFT MLP,41,22,120.0,150.0,60.0,300.0,0,140,0.0
hann_ifft,Hann-IFFT MLP,41,23,120.0,150.0,60.0,330.0,6,140,0.04285714285714286
hann_ifft,Hann-IFFT MLP,41,24,120.0,150.0,90.0,0.0,0,140,0.0
hann_ifft,Hann-IFFT MLP,41,25,120.0,150.0,90.0,30.0,0,140,0.0
hann_ifft,Hann-IFFT MLP,41,26,120.0,150.0,90.0,60.0,0,140,0.0
hann_ifft,Hann-IFFT MLP,41,27,120.0,150.0,90.0,90.0,0,140,0.0
hann_ifft,Hann-IFFT MLP,41,28,120.0,150.0,90.0,120.0,0,140,0.0
hann_ifft,Hann-IFFT MLP,41,29,120.0,150.0,90.0,150.0,0,140,0.0
hann_ifft,Hann-IFFT MLP,41,30,120.0,150.0,90.0,180.0,0,140,0.0
hann_ifft,Hann-IFFT MLP,41,31,120.0,150.0,90.0,210.0,0,140,0.0
hann_ifft,Hann-IFFT MLP,41,32,120.0,150.0,90.0,240.0,0,140,0.0
hann_ifft,Hann-IFFT MLP,41,33,120.0,150.0,90.0,270.0,0,140,0.0
hann_ifft,Hann-IFFT MLP,41,34,120.0,150.0,90.0,300.0,0,140,0.0
hann_ifft,Hann-IFFT MLP,41,35,120.0,150.0,90.0,330.0,0,140,0.0
hann_ifft,Hann-IFFT MLP,41,36,120.0,150.0,120.0,0.0,3,140,0.02142857142857143
hann_ifft,Hann-IFFT MLP,41,37,120.0,150.0,120.0,30.0,4,140,0.02857142857142857
hann_ifft,Hann-IFFT MLP,41,38,120.0,150.0,120.0,60.0,1,140,0.007142857142857143
hann_ifft,Hann-IFFT MLP,41,39,120.0,150.0,120.0,90.0,0,140,0.0
hann_ifft,Hann-IFFT MLP,41,40,120.0,150.0,120.0,120.0,0,140,0.0
hann_ifft,Hann-IFFT MLP,41,41,120.0,150.0,120.0,150.0,77,140,0.55
hann_ifft,Hann-IFFT MLP,41,42,120.0,150.0,120.0,180.0,1,140,0.007142857142857143
hann_ifft,Hann-IFFT MLP,41,43,120.0,150.0,120.0,210.0,9,140,0.06428571428571428
hann_ifft,Hann-IFFT MLP,41,44,120.0,150.0,120.0,240.0,1,140,0.007142857142857143
hann_ifft,Hann-IFFT MLP,41,45,120.0,150.0,120.0,270.0,0,140,0.0
hann_ifft,Hann-IFFT MLP,41,46,120.0,150.0,120.0,300.0,0,140,0.0
hann_ifft,Hann-IFFT MLP,41,47,120.0,150.0,120.0,330.0,7,140,0.05
hann_ifft,Hann-IFFT MLP,41,48,120.0,150.0,150.0,0.0,0,140,0.0
hann_ifft,Hann-IFFT MLP,41,49,120.0,150.0,150.0,30.0,0,140,0.0
hann_ifft,Hann-IFFT MLP,41,50,120.0,150.0,150.0,60.0,0,140,0.0
hann_ifft,Hann-IFFT MLP,41,51,120.0,150.0,150.0,90.0,0,140,0.0
hann_ifft,Hann-IFFT MLP,41,52,120.0,150.0,150.0,120.0,0,140,0.0
hann_ifft,Hann-IFFT MLP,41,53,120.0,150.0,150.0,150.0,0,140,0.0
hann_ifft,Hann-IFFT MLP,41,54,120.0,150.0,150.0,180.0,0,140,0.0
hann_ifft,Hann-IFFT MLP,41,55,120.0,150.0,150.0,210.0,1,140,0.007142857142857143
hann_ifft,Hann-IFFT MLP,41,56,120.0,150.0,150.0,240.0,0,140,0.0
hann_ifft,Hann-IFFT MLP,41,57,120.0,150.0,150.0,270.0,0,140,0.0
hann_ifft,Hann-IFFT MLP,41,58,120.0,150.0,150.0,300.0,0,140,0.0
hann_ifft,Hann-IFFT MLP,41,59,120.0,150.0,150.0,330.0,0,140,0.0
hann_ifft,Hann-IFFT MLP,42,0,120.0,180.0,30.0,0.0,0,140,0.0
hann_ifft,Hann-IFFT MLP,42,1,120.0,180.0,30.0,30.0,0,140,0.0
hann_ifft,Hann-IFFT MLP,42,2,120.0,180.0,30.0,60.0,0,140,0.0
hann_ifft,Hann-IFFT MLP,42,3,120.0,180.0,30.0,90.0,0,140,0.0
hann_ifft,Hann-IFFT MLP,42,4,120.0,180.0,30.0,120.0,0,140,0.0
hann_ifft,Hann-IFFT MLP,42,5,120.0,180.0,30.0,150.0,0,140,0.0
hann_ifft,Hann-IFFT MLP,42,6,120.0,180.0,30.0,180.0,18,140,0.12857142857142856
hann_ifft,Hann-IFFT MLP,42,7,120.0,180.0,30.0,210.0,0,140,0.0
hann_ifft,Hann-IFFT MLP,42,8,120.0,180.0,30.0,240.0,0,140,0.0
hann_ifft,Hann-IFFT MLP,42,9,120.0,180.0,30.0,270.0,0,140,0.0
hann_ifft,Hann-IFFT MLP,42,10,120.0,180.0,30.0,300.0,0,140,0.0
hann_ifft,Hann-IFFT MLP,42,11,120.0,180.0,30.0,330.0,0,140,0.0
hann_ifft,Hann-IFFT MLP,42,12,120.0,180.0,60.0,0.0,0,140,0.0
hann_ifft,Hann-IFFT MLP,42,13,120.0,180.0,60.0,30.0,0,140,0.0
hann_ifft,Hann-IFFT MLP,42,14,120.0,180.0,60.0,60.0,0,140,0.0
hann_ifft,Hann-IFFT MLP,42,15,120.0,180.0,60.0,90.0,0,140,0.0
hann_ifft,Hann-IFFT MLP,42,16,120.0,180.0,60.0,120.0,0,140,0.0
hann_ifft,Hann-IFFT MLP,42,17,120.0,180.0,60.0,150.0,0,140,0.0
hann_ifft,Hann-IFFT MLP,42,18,120.0,180.0,60.0,180.0,8,140,0.05714285714285714
hann_ifft,Hann-IFFT MLP,42,19,120.0,180.0,60.0,210.0,0,140,0.0
hann_ifft,Hann-IFFT MLP,42,20,120.0,180.0,60.0,240.0,0,140,0.0
hann_ifft,Hann-IFFT MLP,42,21,120.0,180.0,60.0,270.0,0,140,0.0
hann_ifft,Hann-IFFT MLP,42,22,120.0,180.0,60.0,300.0,0,140,0.0
hann_ifft,Hann-IFFT MLP,42,23,120.0,180.0,60.0,330.0,0,140,0.0
hann_ifft,Hann-IFFT MLP,42,24,120.0,180.0,90.0,0.0,0,140,0.0
hann_ifft,Hann-IFFT MLP,42,25,120.0,180.0,90.0,30.0,0,140,0.0
hann_ifft,Hann-IFFT MLP,42,26,120.0,180.0,90.0,60.0,0,140,0.0
hann_ifft,Hann-IFFT MLP,42,27,120.0,180.0,90.0,90.0,0,140,0.0
hann_ifft,Hann-IFFT MLP,42,28,120.0,180.0,90.0,120.0,0,140,0.0
hann_ifft,Hann-IFFT MLP,42,29,120.0,180.0,90.0,150.0,0,140,0.0
hann_ifft,Hann-IFFT MLP,42,30,120.0,180.0,90.0,180.0,3,140,0.02142857142857143
hann_ifft,Hann-IFFT MLP,42,31,120.0,180.0,90.0,210.0,0,140,0.0
hann_ifft,Hann-IFFT MLP,42,32,120.0,180.0,90.0,240.0,0,140,0.0
hann_ifft,Hann-IFFT MLP,42,33,120.0,180.0,90.0,270.0,0,140,0.0
hann_ifft,Hann-IFFT MLP,42,34,120.0,180.0,90.0,300.0,0,140,0.0
hann_ifft,Hann-IFFT MLP,42,35,120.0,180.0,90.0,330.0,0,140,0.0
hann_ifft,Hann-IFFT MLP,42,36,120.0,180.0,120.0,0.0,14,140,0.1
hann_ifft,Hann-IFFT MLP,42,37,120.0,180.0,120.0,30.0,0,140,0.0
hann_ifft,Hann-IFFT MLP,42,38,120.0,180.0,120.0,60.0,0,140,0.0
hann_ifft,Hann-IFFT MLP,42,39,120.0,180.0,120.0,90.0,0,140,0.0
hann_ifft,Hann-IFFT MLP,42,40,120.0,180.0,120.0,120.0,0,140,0.0
hann_ifft,Hann-IFFT MLP,42,41,120.0,180.0,120.0,150.0,0,140,0.0
hann_ifft,Hann-IFFT MLP,42,42,120.0,180.0,120.0,180.0,82,140,0.5857142857142857
hann_ifft,Hann-IFFT MLP,42,43,120.0,180.0,120.0,210.0,0,140,0.0
hann_ifft,Hann-IFFT MLP,42,44,120.0,180.0,120.0,240.0,0,140,0.0
hann_ifft,Hann-IFFT MLP,42,45,120.0,180.0,120.0,270.0,0,140,0.0
hann_ifft,Hann-IFFT MLP,42,46,120.0,180.0,120.0,300.0,0,140,0.0
hann_ifft,Hann-IFFT MLP,42,47,120.0,180.0,120.0,330.0,0,140,0.0
hann_ifft,Hann-IFFT MLP,42,48,120.0,180.0,150.0,0.0,0,140,0.0
hann_ifft,Hann-IFFT MLP,42,49,120.0,180.0,150.0,30.0,0,140,0.0
hann_ifft,Hann-IFFT MLP,42,50,120.0,180.0,150.0,60.0,0,140,0.0
hann_ifft,Hann-IFFT MLP,42,51,120.0,180.0,150.0,90.0,0,140,0.0
hann_ifft,Hann-IFFT MLP,42,52,120.0,180.0,150.0,120.0,0,140,0.0
hann_ifft,Hann-IFFT MLP,42,53,120.0,180.0,150.0,150.0,0,140,0.0
hann_ifft,Hann-IFFT MLP,42,54,120.0,180.0,150.0,180.0,15,140,0.10714285714285714
hann_ifft,Hann-IFFT MLP,42,55,120.0,180.0,150.0,210.0,0,140,0.0
hann_ifft,Hann-IFFT MLP,42,56,120.0,180.0,150.0,240.0,0,140,0.0
hann_ifft,Hann-IFFT MLP,42,57,120.0,180.0,150.0,270.0,0,140,0.0
hann_ifft,Hann-IFFT MLP,42,58,120.0,180.0,150.0,300.0,0,140,0.0
hann_ifft,Hann-IFFT MLP,42,59,120.0,180.0,150.0,330.0,0,140,0.0
hann_ifft,Hann-IFFT MLP,43,0,120.0,210.0,30.0,0.0,0,140,0.0
hann_ifft,Hann-IFFT MLP,43,1,120.0,210.0,30.0,30.0,0,140,0.0
hann_ifft,Hann-IFFT MLP,43,2,120.0,210.0,30.0,60.0,0,140,0.0
hann_ifft,Hann-IFFT MLP,43,3,120.0,210.0,30.0,90.0,0,140,0.0
hann_ifft,Hann-IFFT MLP,43,4,120.0,210.0,30.0,120.0,0,140,0.0
hann_ifft,Hann-IFFT MLP,43,5,120.0,210.0,30.0,150.0,0,140,0.0
hann_ifft,Hann-IFFT MLP,43,6,120.0,210.0,30.0,180.0,1,140,0.007142857142857143
hann_ifft,Hann-IFFT MLP,43,7,120.0,210.0,30.0,210.0,1,140,0.007142857142857143
hann_ifft,Hann-IFFT MLP,43,8,120.0,210.0,30.0,240.0,0,140,0.0
hann_ifft,Hann-IFFT MLP,43,9,120.0,210.0,30.0,270.0,0,140,0.0
hann_ifft,Hann-IFFT MLP,43,10,120.0,210.0,30.0,300.0,0,140,0.0
hann_ifft,Hann-IFFT MLP,43,11,120.0,210.0,30.0,330.0,1,140,0.007142857142857143
hann_ifft,Hann-IFFT MLP,43,12,120.0,210.0,60.0,0.0,1,140,0.007142857142857143
hann_ifft,Hann-IFFT MLP,43,13,120.0,210.0,60.0,30.0,2,140,0.014285714285714285
hann_ifft,Hann-IFFT MLP,43,14,120.0,210.0,60.0,60.0,0,140,0.0
hann_ifft,Hann-IFFT MLP,43,15,120.0,210.0,60.0,90.0,0,140,0.0
hann_ifft,Hann-IFFT MLP,43,16,120.0,210.0,60.0,120.0,0,140,0.0
hann_ifft,Hann-IFFT MLP,43,17,120.0,210.0,60.0,150.0,21,140,0.15
hann_ifft,Hann-IFFT MLP,43,18,120.0,210.0,60.0,180.0,4,140,0.02857142857142857
hann_ifft,Hann-IFFT MLP,43,19,120.0,210.0,60.0,210.0,14,140,0.1
hann_ifft,Hann-IFFT MLP,43,20,120.0,210.0,60.0,240.0,0,140,0.0
hann_ifft,Hann-IFFT MLP,43,21,120.0,210.0,60.0,270.0,0,140,0.0
hann_ifft,Hann-IFFT MLP,43,22,120.0,210.0,60.0,300.0,0,140,0.0
hann_ifft,Hann-IFFT MLP,43,23,120.0,210.0,60.0,330.0,3,140,0.02142857142857143
hann_ifft,Hann-IFFT MLP,43,24,120.0,210.0,90.0,0.0,0,140,0.0
hann_ifft,Hann-IFFT MLP,43,25,120.0,210.0,90.0,30.0,0,140,0.0
hann_ifft,Hann-IFFT MLP,43,26,120.0,210.0,90.0,60.0,0,140,0.0
hann_ifft,Hann-IFFT MLP,43,27,120.0,210.0,90.0,90.0,0,140,0.0
hann_ifft,Hann-IFFT MLP,43,28,120.0,210.0,90.0,120.0,0,140,0.0
hann_ifft,Hann-IFFT MLP,43,29,120.0,210.0,90.0,150.0,0,140,0.0
hann_ifft,Hann-IFFT MLP,43,30,120.0,210.0,90.0,180.0,0,140,0.0
hann_ifft,Hann-IFFT MLP,43,31,120.0,210.0,90.0,210.0,1,140,0.007142857142857143
hann_ifft,Hann-IFFT MLP,43,32,120.0,210.0,90.0,240.0,0,140,0.0
hann_ifft,Hann-IFFT MLP,43,33,120.0,210.0,90.0,270.0,0,140,0.0
hann_ifft,Hann-IFFT MLP,43,34,120.0,210.0,90.0,300.0,0,140,0.0
hann_ifft,Hann-IFFT MLP,43,35,120.0,210.0,90.0,330.0,0,140,0.0
hann_ifft,Hann-IFFT MLP,43,36,120.0,210.0,120.0,0.0,1,140,0.007142857142857143
hann_ifft,Hann-IFFT MLP,43,37,120.0,210.0,120.0,30.0,15,140,0.10714285714285714
hann_ifft,Hann-IFFT MLP,43,38,120.0,210.0,120.0,60.0,0,140,0.0
hann_ifft,Hann-IFFT MLP,43,39,120.0,210.0,120.0,90.0,0,140,0.0
hann_ifft,Hann-IFFT MLP,43,40,120.0,210.0,120.0,120.0,0,140,0.0
hann_ifft,Hann-IFFT MLP,43,41,120.0,210.0,120.0,150.0,6,140,0.04285714285714286
hann_ifft,Hann-IFFT MLP,43,42,120.0,210.0,120.0,180.0,3,140,0.02142857142857143
hann_ifft,Hann-IFFT MLP,43,43,120.0,210.0,120.0,210.0,58,140,0.4142857142857143
hann_ifft,Hann-IFFT MLP,43,44,120.0,210.0,120.0,240.0,0,140,0.0
hann_ifft,Hann-IFFT MLP,43,45,120.0,210.0,120.0,270.0,0,140,0.0
hann_ifft,Hann-IFFT MLP,43,46,120.0,210.0,120.0,300.0,2,140,0.014285714285714285
hann_ifft,Hann-IFFT MLP,43,47,120.0,210.0,120.0,330.0,5,140,0.03571428571428571
hann_ifft,Hann-IFFT MLP,43,48,120.0,210.0,150.0,0.0,0,140,0.0
hann_ifft,Hann-IFFT MLP,43,49,120.0,210.0,150.0,30.0,0,140,0.0
hann_ifft,Hann-IFFT MLP,43,50,120.0,210.0,150.0,60.0,0,140,0.0
hann_ifft,Hann-IFFT MLP,43,51,120.0,210.0,150.0,90.0,0,140,0.0
hann_ifft,Hann-IFFT MLP,43,52,120.0,210.0,150.0,120.0,0,140,0.0
hann_ifft,Hann-IFFT MLP,43,53,120.0,210.0,150.0,150.0,0,140,0.0
hann_ifft,Hann-IFFT MLP,43,54,120.0,210.0,150.0,180.0,0,140,0.0
hann_ifft,Hann-IFFT MLP,43,55,120.0,210.0,150.0,210.0,1,140,0.007142857142857143
hann_ifft,Hann-IFFT MLP,43,56,120.0,210.0,150.0,240.0,0,140,0.0
hann_ifft,Hann-IFFT MLP,43,57,120.0,210.0,150.0,270.0,0,140,0.0
hann_ifft,Hann-IFFT MLP,43,58,120.0,210.0,150.0,300.0,0,140,0.0
hann_ifft,Hann-IFFT MLP,43,59,120.0,210.0,150.0,330.0,0,140,0.0
hann_ifft,Hann-IFFT MLP,44,0,120.0,240.0,30.0,0.0,0,140,0.0
hann_ifft,Hann-IFFT MLP,44,1,120.0,240.0,30.0,30.0,0,140,0.0
hann_ifft,Hann-IFFT MLP,44,2,120.0,240.0,30.0,60.0,0,140,0.0
hann_ifft,Hann-IFFT MLP,44,3,120.0,240.0,30.0,90.0,0,140,0.0
hann_ifft,Hann-IFFT MLP,44,4,120.0,240.0,30.0,120.0,0,140,0.0
hann_ifft,Hann-IFFT MLP,44,5,120.0,240.0,30.0,150.0,0,140,0.0
hann_ifft,Hann-IFFT MLP,44,6,120.0,240.0,30.0,180.0,0,140,0.0
hann_ifft,Hann-IFFT MLP,44,7,120.0,240.0,30.0,210.0,0,140,0.0
hann_ifft,Hann-IFFT MLP,44,8,120.0,240.0,30.0,240.0,0,140,0.0
hann_ifft,Hann-IFFT MLP,44,9,120.0,240.0,30.0,270.0,0,140,0.0
hann_ifft,Hann-IFFT MLP,44,10,120.0,240.0,30.0,300.0,0,140,0.0
hann_ifft,Hann-IFFT MLP,44,11,120.0,240.0,30.0,330.0,0,140,0.0
hann_ifft,Hann-IFFT MLP,44,12,120.0,240.0,60.0,0.0,1,140,0.007142857142857143
hann_ifft,Hann-IFFT MLP,44,13,120.0,240.0,60.0,30.0,0,140,0.0
hann_ifft,Hann-IFFT MLP,44,14,120.0,240.0,60.0,60.0,0,140,0.0
hann_ifft,Hann-IFFT MLP,44,15,120.0,240.0,60.0,90.0,2,140,0.014285714285714285
hann_ifft,Hann-IFFT MLP,44,16,120.0,240.0,60.0,120.0,5,140,0.03571428571428571
hann_ifft,Hann-IFFT MLP,44,17,120.0,240.0,60.0,150.0,0,140,0.0
hann_ifft,Hann-IFFT MLP,44,18,120.0,240.0,60.0,180.0,0,140,0.0
hann_ifft,Hann-IFFT MLP,44,19,120.0,240.0,60.0,210.0,0,140,0.0
hann_ifft,Hann-IFFT MLP,44,20,120.0,240.0,60.0,240.0,9,140,0.06428571428571428
hann_ifft,Hann-IFFT MLP,44,21,120.0,240.0,60.0,270.0,2,140,0.014285714285714285
hann_ifft,Hann-IFFT MLP,44,22,120.0,240.0,60.0,300.0,0,140,0.0
hann_ifft,Hann-IFFT MLP,44,23,120.0,240.0,60.0,330.0,0,140,0.0
hann_ifft,Hann-IFFT MLP,44,24,120.0,240.0,90.0,0.0,0,140,0.0
hann_ifft,Hann-IFFT MLP,44,25,120.0,240.0,90.0,30.0,0,140,0.0
hann_ifft,Hann-IFFT MLP,44,26,120.0,240.0,90.0,60.0,0,140,0.0
hann_ifft,Hann-IFFT MLP,44,27,120.0,240.0,90.0,90.0,0,140,0.0
hann_ifft,Hann-IFFT MLP,44,28,120.0,240.0,90.0,120.0,0,140,0.0
hann_ifft,Hann-IFFT MLP,44,29,120.0,240.0,90.0,150.0,0,140,0.0
hann_ifft,Hann-IFFT MLP,44,30,120.0,240.0,90.0,180.0,0,140,0.0
hann_ifft,Hann-IFFT MLP,44,31,120.0,240.0,90.0,210.0,0,140,0.0
hann_ifft,Hann-IFFT MLP,44,32,120.0,240.0,90.0,240.0,0,140,0.0
hann_ifft,Hann-IFFT MLP,44,33,120.0,240.0,90.0,270.0,1,140,0.007142857142857143
hann_ifft,Hann-IFFT MLP,44,34,120.0,240.0,90.0,300.0,0,140,0.0
hann_ifft,Hann-IFFT MLP,44,35,120.0,240.0,90.0,330.0,0,140,0.0
hann_ifft,Hann-IFFT MLP,44,36,120.0,240.0,120.0,0.0,0,140,0.0
hann_ifft,Hann-IFFT MLP,44,37,120.0,240.0,120.0,30.0,0,140,0.0
hann_ifft,Hann-IFFT MLP,44,38,120.0,240.0,120.0,60.0,5,140,0.03571428571428571
hann_ifft,Hann-IFFT MLP,44,39,120.0,240.0,120.0,90.0,4,140,0.02857142857142857
hann_ifft,Hann-IFFT MLP,44,40,120.0,240.0,120.0,120.0,6,140,0.04285714285714286
hann_ifft,Hann-IFFT MLP,44,41,120.0,240.0,120.0,150.0,2,140,0.014285714285714285
hann_ifft,Hann-IFFT MLP,44,42,120.0,240.0,120.0,180.0,0,140,0.0
hann_ifft,Hann-IFFT MLP,44,43,120.0,240.0,120.0,210.0,1,140,0.007142857142857143
hann_ifft,Hann-IFFT MLP,44,44,120.0,240.0,120.0,240.0,94,140,0.6714285714285714
hann_ifft,Hann-IFFT MLP,44,45,120.0,240.0,120.0,270.0,2,140,0.014285714285714285
hann_ifft,Hann-IFFT MLP,44,46,120.0,240.0,120.0,300.0,5,140,0.03571428571428571
hann_ifft,Hann-IFFT MLP,44,47,120.0,240.0,120.0,330.0,0,140,0.0
hann_ifft,Hann-IFFT MLP,44,48,120.0,240.0,150.0,0.0,0,140,0.0
hann_ifft,Hann-IFFT MLP,44,49,120.0,240.0,150.0,30.0,0,140,0.0
hann_ifft,Hann-IFFT MLP,44,50,120.0,240.0,150.0,60.0,0,140,0.0
hann_ifft,Hann-IFFT MLP,44,51,120.0,240.0,150.0,90.0,0,140,0.0
hann_ifft,Hann-IFFT MLP,44,52,120.0,240.0,150.0,120.0,0,140,0.0
hann_ifft,Hann-IFFT MLP,44,53,120.0,240.0,150.0,150.0,0,140,0.0
hann_ifft,Hann-IFFT MLP,44,54,120.0,240.0,150.0,180.0,0,140,0.0
hann_ifft,Hann-IFFT MLP,44,55,120.0,240.0,150.0,210.0,0,140,0.0
hann_ifft,Hann-IFFT MLP,44,56,120.0,240.0,150.0,240.0,0,140,0.0
hann_ifft,Hann-IFFT MLP,44,57,120.0,240.0,150.0,270.0,1,140,0.007142857142857143
hann_ifft,Hann-IFFT MLP,44,58,120.0,240.0,150.0,300.0,0,140,0.0
hann_ifft,Hann-IFFT MLP,44,59,120.0,240.0,150.0,330.0,0,140,0.0
hann_ifft,Hann-IFFT MLP,45,0,120.0,270.0,30.0,0.0,0,140,0.0
hann_ifft,Hann-IFFT MLP,45,1,120.0,270.0,30.0,30.0,0,140,0.0
hann_ifft,Hann-IFFT MLP,45,2,120.0,270.0,30.0,60.0,1,140,0.007142857142857143
hann_ifft,Hann-IFFT MLP,45,3,120.0,270.0,30.0,90.0,0,140,0.0
hann_ifft,Hann-IFFT MLP,45,4,120.0,270.0,30.0,120.0,0,140,0.0
hann_ifft,Hann-IFFT MLP,45,5,120.0,270.0,30.0,150.0,0,140,0.0
hann_ifft,Hann-IFFT MLP,45,6,120.0,270.0,30.0,180.0,0,140,0.0
hann_ifft,Hann-IFFT MLP,45,7,120.0,270.0,30.0,210.0,0,140,0.0
hann_ifft,Hann-IFFT MLP,45,8,120.0,270.0,30.0,240.0,0,140,0.0
hann_ifft,Hann-IFFT MLP,45,9,120.0,270.0,30.0,270.0,0,140,0.0
hann_ifft,Hann-IFFT MLP,45,10,120.0,270.0,30.0,300.0,0,140,0.0
hann_ifft,Hann-IFFT MLP,45,11,120.0,270.0,30.0,330.0,0,140,0.0
hann_ifft,Hann-IFFT MLP,45,12,120.0,270.0,60.0,0.0,0,140,0.0
hann_ifft,Hann-IFFT MLP,45,13,120.0,270.0,60.0,30.0,0,140,0.0
hann_ifft,Hann-IFFT MLP,45,14,120.0,270.0,60.0,60.0,0,140,0.0
hann_ifft,Hann-IFFT MLP,45,15,120.0,270.0,60.0,90.0,14,140,0.1
hann_ifft,Hann-IFFT MLP,45,16,120.0,270.0,60.0,120.0,0,140,0.0
hann_ifft,Hann-IFFT MLP,45,17,120.0,270.0,60.0,150.0,0,140,0.0
hann_ifft,Hann-IFFT MLP,45,18,120.0,270.0,60.0,180.0,0,140,0.0
hann_ifft,Hann-IFFT MLP,45,19,120.0,270.0,60.0,210.0,0,140,0.0
hann_ifft,Hann-IFFT MLP,45,20,120.0,270.0,60.0,240.0,0,140,0.0
hann_ifft,Hann-IFFT MLP,45,21,120.0,270.0,60.0,270.0,6,140,0.04285714285714286
hann_ifft,Hann-IFFT MLP,45,22,120.0,270.0,60.0,300.0,0,140,0.0
hann_ifft,Hann-IFFT MLP,45,23,120.0,270.0,60.0,330.0,0,140,0.0
hann_ifft,Hann-IFFT MLP,45,24,120.0,270.0,90.0,0.0,0,140,0.0
hann_ifft,Hann-IFFT MLP,45,25,120.0,270.0,90.0,30.0,0,140,0.0
hann_ifft,Hann-IFFT MLP,45,26,120.0,270.0,90.0,60.0,0,140,0.0
hann_ifft,Hann-IFFT MLP,45,27,120.0,270.0,90.0,90.0,0,140,0.0
hann_ifft,Hann-IFFT MLP,45,28,120.0,270.0,90.0,120.0,0,140,0.0
hann_ifft,Hann-IFFT MLP,45,29,120.0,270.0,90.0,150.0,0,140,0.0
hann_ifft,Hann-IFFT MLP,45,30,120.0,270.0,90.0,180.0,0,140,0.0
hann_ifft,Hann-IFFT MLP,45,31,120.0,270.0,90.0,210.0,0,140,0.0
hann_ifft,Hann-IFFT MLP,45,32,120.0,270.0,90.0,240.0,3,140,0.02142857142857143
hann_ifft,Hann-IFFT MLP,45,33,120.0,270.0,90.0,270.0,5,140,0.03571428571428571
hann_ifft,Hann-IFFT MLP,45,34,120.0,270.0,90.0,300.0,2,140,0.014285714285714285
hann_ifft,Hann-IFFT MLP,45,35,120.0,270.0,90.0,330.0,1,140,0.007142857142857143
hann_ifft,Hann-IFFT MLP,45,36,120.0,270.0,120.0,0.0,0,140,0.0
hann_ifft,Hann-IFFT MLP,45,37,120.0,270.0,120.0,30.0,0,140,0.0
hann_ifft,Hann-IFFT MLP,45,38,120.0,270.0,120.0,60.0,0,140,0.0
hann_ifft,Hann-IFFT MLP,45,39,120.0,270.0,120.0,90.0,17,140,0.12142857142857143
hann_ifft,Hann-IFFT MLP,45,40,120.0,270.0,120.0,120.0,0,140,0.0
hann_ifft,Hann-IFFT MLP,45,41,120.0,270.0,120.0,150.0,0,140,0.0
hann_ifft,Hann-IFFT MLP,45,42,120.0,270.0,120.0,180.0,0,140,0.0
hann_ifft,Hann-IFFT MLP,45,43,120.0,270.0,120.0,210.0,0,140,0.0
hann_ifft,Hann-IFFT MLP,45,44,120.0,270.0,120.0,240.0,1,140,0.007142857142857143
hann_ifft,Hann-IFFT MLP,45,45,120.0,270.0,120.0,270.0,89,140,0.6357142857142857
hann_ifft,Hann-IFFT MLP,45,46,120.0,270.0,120.0,300.0,1,140,0.007142857142857143
hann_ifft,Hann-IFFT MLP,45,47,120.0,270.0,120.0,330.0,0,140,0.0
hann_ifft,Hann-IFFT MLP,45,48,120.0,270.0,150.0,0.0,0,140,0.0
hann_ifft,Hann-IFFT MLP,45,49,120.0,270.0,150.0,30.0,0,140,0.0
hann_ifft,Hann-IFFT MLP,45,50,120.0,270.0,150.0,60.0,0,140,0.0
hann_ifft,Hann-IFFT MLP,45,51,120.0,270.0,150.0,90.0,0,140,0.0
hann_ifft,Hann-IFFT MLP,45,52,120.0,270.0,150.0,120.0,0,140,0.0
hann_ifft,Hann-IFFT MLP,45,53,120.0,270.0,150.0,150.0,0,140,0.0
hann_ifft,Hann-IFFT MLP,45,54,120.0,270.0,150.0,180.0,0,140,0.0
hann_ifft,Hann-IFFT MLP,45,55,120.0,270.0,150.0,210.0,0,140,0.0
hann_ifft,Hann-IFFT MLP,45,56,120.0,270.0,150.0,240.0,0,140,0.0
hann_ifft,Hann-IFFT MLP,45,57,120.0,270.0,150.0,270.0,0,140,0.0
hann_ifft,Hann-IFFT MLP,45,58,120.0,270.0,150.0,300.0,0,140,0.0
hann_ifft,Hann-IFFT MLP,45,59,120.0,270.0,150.0,330.0,0,140,0.0
hann_ifft,Hann-IFFT MLP,46,0,120.0,300.0,30.0,0.0,0,140,0.0
hann_ifft,Hann-IFFT MLP,46,1,120.0,300.0,30.0,30.0,0,140,0.0
hann_ifft,Hann-IFFT MLP,46,2,120.0,300.0,30.0,60.0,0,140,0.0
hann_ifft,Hann-IFFT MLP,46,3,120.0,300.0,30.0,90.0,0,140,0.0
hann_ifft,Hann-IFFT MLP,46,4,120.0,300.0,30.0,120.0,0,140,0.0
hann_ifft,Hann-IFFT MLP,46,5,120.0,300.0,30.0,150.0,0,140,0.0
hann_ifft,Hann-IFFT MLP,46,6,120.0,300.0,30.0,180.0,0,140,0.0
hann_ifft,Hann-IFFT MLP,46,7,120.0,300.0,30.0,210.0,0,140,0.0
hann_ifft,Hann-IFFT MLP,46,8,120.0,300.0,30.0,240.0,0,140,0.0
hann_ifft,Hann-IFFT MLP,46,9,120.0,300.0,30.0,270.0,0,140,0.0
hann_ifft,Hann-IFFT MLP,46,10,120.0,300.0,30.0,300.0,0,140,0.0
hann_ifft,Hann-IFFT MLP,46,11,120.0,300.0,30.0,330.0,0,140,0.0
hann_ifft,Hann-IFFT MLP,46,12,120.0,300.0,60.0,0.0,0,140,0.0
hann_ifft,Hann-IFFT MLP,46,13,120.0,300.0,60.0,30.0,0,140,0.0
hann_ifft,Hann-IFFT MLP,46,14,120.0,300.0,60.0,60.0,12,140,0.08571428571428572
hann_ifft,Hann-IFFT MLP,46,15,120.0,300.0,60.0,90.0,0,140,0.0
hann_ifft,Hann-IFFT MLP,46,16,120.0,300.0,60.0,120.0,7,140,0.05
hann_ifft,Hann-IFFT MLP,46,17,120.0,300.0,60.0,150.0,0,140,0.0
hann_ifft,Hann-IFFT MLP,46,18,120.0,300.0,60.0,180.0,0,140,0.0
hann_ifft,Hann-IFFT MLP,46,19,120.0,300.0,60.0,210.0,0,140,0.0
hann_ifft,Hann-IFFT MLP,46,20,120.0,300.0,60.0,240.0,0,140,0.0
hann_ifft,Hann-IFFT MLP,46,21,120.0,300.0,60.0,270.0,1,140,0.007142857142857143
hann_ifft,Hann-IFFT MLP,46,22,120.0,300.0,60.0,300.0,2,140,0.014285714285714285
hann_ifft,Hann-IFFT MLP,46,23,120.0,300.0,60.0,330.0,2,140,0.014285714285714285
hann_ifft,Hann-IFFT MLP,46,24,120.0,300.0,90.0,0.0,0,140,0.0
hann_ifft,Hann-IFFT MLP,46,25,120.0,300.0,90.0,30.0,0,140,0.0
hann_ifft,Hann-IFFT MLP,46,26,120.0,300.0,90.0,60.0,2,140,0.014285714285714285
hann_ifft,Hann-IFFT MLP,46,27,120.0,300.0,90.0,90.0,1,140,0.007142857142857143
hann_ifft,Hann-IFFT MLP,46,28,120.0,300.0,90.0,120.0,0,140,0.0
hann_ifft,Hann-IFFT MLP,46,29,120.0,300.0,90.0,150.0,0,140,0.0
hann_ifft,Hann-IFFT MLP,46,30,120.0,300.0,90.0,180.0,0,140,0.0
hann_ifft,Hann-IFFT MLP,46,31,120.0,300.0,90.0,210.0,0,140,0.0
hann_ifft,Hann-IFFT MLP,46,32,120.0,300.0,90.0,240.0,0,140,0.0
hann_ifft,Hann-IFFT MLP,46,33,120.0,300.0,90.0,270.0,0,140,0.0
hann_ifft,Hann-IFFT MLP,46,34,120.0,300.0,90.0,300.0,1,140,0.007142857142857143
hann_ifft,Hann-IFFT MLP,46,35,120.0,300.0,90.0,330.0,0,140,0.0
hann_ifft,Hann-IFFT MLP,46,36,120.0,300.0,120.0,0.0,0,140,0.0
hann_ifft,Hann-IFFT MLP,46,37,120.0,300.0,120.0,30.0,0,140,0.0
hann_ifft,Hann-IFFT MLP,46,38,120.0,300.0,120.0,60.0,1,140,0.007142857142857143
hann_ifft,Hann-IFFT MLP,46,39,120.0,300.0,120.0,90.0,3,140,0.02142857142857143
hann_ifft,Hann-IFFT MLP,46,40,120.0,300.0,120.0,120.0,2,140,0.014285714285714285
hann_ifft,Hann-IFFT MLP,46,41,120.0,300.0,120.0,150.0,0,140,0.0
hann_ifft,Hann-IFFT MLP,46,42,120.0,300.0,120.0,180.0,0,140,0.0
hann_ifft,Hann-IFFT MLP,46,43,120.0,300.0,120.0,210.0,0,140,0.0
hann_ifft,Hann-IFFT MLP,46,44,120.0,300.0,120.0,240.0,1,140,0.007142857142857143
hann_ifft,Hann-IFFT MLP,46,45,120.0,300.0,120.0,270.0,5,140,0.03571428571428571
hann_ifft,Hann-IFFT MLP,46,46,120.0,300.0,120.0,300.0,91,140,0.65
hann_ifft,Hann-IFFT MLP,46,47,120.0,300.0,120.0,330.0,1,140,0.007142857142857143
hann_ifft,Hann-IFFT MLP,46,48,120.0,300.0,150.0,0.0,0,140,0.0
hann_ifft,Hann-IFFT MLP,46,49,120.0,300.0,150.0,30.0,0,140,0.0
hann_ifft,Hann-IFFT MLP,46,50,120.0,300.0,150.0,60.0,1,140,0.007142857142857143
hann_ifft,Hann-IFFT MLP,46,51,120.0,300.0,150.0,90.0,0,140,0.0
hann_ifft,Hann-IFFT MLP,46,52,120.0,300.0,150.0,120.0,2,140,0.014285714285714285
hann_ifft,Hann-IFFT MLP,46,53,120.0,300.0,150.0,150.0,0,140,0.0
hann_ifft,Hann-IFFT MLP,46,54,120.0,300.0,150.0,180.0,0,140,0.0
hann_ifft,Hann-IFFT MLP,46,55,120.0,300.0,150.0,210.0,0,140,0.0
hann_ifft,Hann-IFFT MLP,46,56,120.0,300.0,150.0,240.0,0,140,0.0
hann_ifft,Hann-IFFT MLP,46,57,120.0,300.0,150.0,270.0,0,140,0.0
hann_ifft,Hann-IFFT MLP,46,58,120.0,300.0,150.0,300.0,5,140,0.03571428571428571
hann_ifft,Hann-IFFT MLP,46,59,120.0,300.0,150.0,330.0,0,140,0.0
hann_ifft,Hann-IFFT MLP,47,0,120.0,330.0,30.0,0.0,0,140,0.0
hann_ifft,Hann-IFFT MLP,47,1,120.0,330.0,30.0,30.0,0,140,0.0
hann_ifft,Hann-IFFT MLP,47,2,120.0,330.0,30.0,60.0,0,140,0.0
hann_ifft,Hann-IFFT MLP,47,3,120.0,330.0,30.0,90.0,0,140,0.0
hann_ifft,Hann-IFFT MLP,47,4,120.0,330.0,30.0,120.0,0,140,0.0
hann_ifft,Hann-IFFT MLP,47,5,120.0,330.0,30.0,150.0,1,140,0.007142857142857143
hann_ifft,Hann-IFFT MLP,47,6,120.0,330.0,30.0,180.0,1,140,0.007142857142857143
hann_ifft,Hann-IFFT MLP,47,7,120.0,330.0,30.0,210.0,0,140,0.0
hann_ifft,Hann-IFFT MLP,47,8,120.0,330.0,30.0,240.0,0,140,0.0
hann_ifft,Hann-IFFT MLP,47,9,120.0,330.0,30.0,270.0,0,140,0.0
hann_ifft,Hann-IFFT MLP,47,10,120.0,330.0,30.0,300.0,0,140,0.0
hann_ifft,Hann-IFFT MLP,47,11,120.0,330.0,30.0,330.0,0,140,0.0
hann_ifft,Hann-IFFT MLP,47,12,120.0,330.0,60.0,0.0,0,140,0.0
hann_ifft,Hann-IFFT MLP,47,13,120.0,330.0,60.0,30.0,15,140,0.10714285714285714
hann_ifft,Hann-IFFT MLP,47,14,120.0,330.0,60.0,60.0,0,140,0.0
hann_ifft,Hann-IFFT MLP,47,15,120.0,330.0,60.0,90.0,0,140,0.0
hann_ifft,Hann-IFFT MLP,47,16,120.0,330.0,60.0,120.0,0,140,0.0
hann_ifft,Hann-IFFT MLP,47,17,120.0,330.0,60.0,150.0,0,140,0.0
hann_ifft,Hann-IFFT MLP,47,18,120.0,330.0,60.0,180.0,0,140,0.0
hann_ifft,Hann-IFFT MLP,47,19,120.0,330.0,60.0,210.0,1,140,0.007142857142857143
hann_ifft,Hann-IFFT MLP,47,20,120.0,330.0,60.0,240.0,0,140,0.0
hann_ifft,Hann-IFFT MLP,47,21,120.0,330.0,60.0,270.0,0,140,0.0
hann_ifft,Hann-IFFT MLP,47,22,120.0,330.0,60.0,300.0,0,140,0.0
hann_ifft,Hann-IFFT MLP,47,23,120.0,330.0,60.0,330.0,3,140,0.02142857142857143
hann_ifft,Hann-IFFT MLP,47,24,120.0,330.0,90.0,0.0,0,140,0.0
hann_ifft,Hann-IFFT MLP,47,25,120.0,330.0,90.0,30.0,0,140,0.0
hann_ifft,Hann-IFFT MLP,47,26,120.0,330.0,90.0,60.0,0,140,0.0
hann_ifft,Hann-IFFT MLP,47,27,120.0,330.0,90.0,90.0,0,140,0.0
hann_ifft,Hann-IFFT MLP,47,28,120.0,330.0,90.0,120.0,0,140,0.0
hann_ifft,Hann-IFFT MLP,47,29,120.0,330.0,90.0,150.0,0,140,0.0
hann_ifft,Hann-IFFT MLP,47,30,120.0,330.0,90.0,180.0,0,140,0.0
hann_ifft,Hann-IFFT MLP,47,31,120.0,330.0,90.0,210.0,0,140,0.0
hann_ifft,Hann-IFFT MLP,47,32,120.0,330.0,90.0,240.0,0,140,0.0
hann_ifft,Hann-IFFT MLP,47,33,120.0,330.0,90.0,270.0,0,140,0.0
hann_ifft,Hann-IFFT MLP,47,34,120.0,330.0,90.0,300.0,0,140,0.0
hann_ifft,Hann-IFFT MLP,47,35,120.0,330.0,90.0,330.0,1,140,0.007142857142857143
hann_ifft,Hann-IFFT MLP,47,36,120.0,330.0,120.0,0.0,3,140,0.02142857142857143
hann_ifft,Hann-IFFT MLP,47,37,120.0,330.0,120.0,30.0,2,140,0.014285714285714285
hann_ifft,Hann-IFFT MLP,47,38,120.0,330.0,120.0,60.0,0,140,0.0
hann_ifft,Hann-IFFT MLP,47,39,120.0,330.0,120.0,90.0,0,140,0.0
hann_ifft,Hann-IFFT MLP,47,40,120.0,330.0,120.0,120.0,0,140,0.0
hann_ifft,Hann-IFFT MLP,47,41,120.0,330.0,120.0,150.0,7,140,0.05
hann_ifft,Hann-IFFT MLP,47,42,120.0,330.0,120.0,180.0,0,140,0.0
hann_ifft,Hann-IFFT MLP,47,43,120.0,330.0,120.0,210.0,10,140,0.07142857142857142
hann_ifft,Hann-IFFT MLP,47,44,120.0,330.0,120.0,240.0,0,140,0.0
hann_ifft,Hann-IFFT MLP,47,45,120.0,330.0,120.0,270.0,0,140,0.0
hann_ifft,Hann-IFFT MLP,47,46,120.0,330.0,120.0,300.0,0,140,0.0
hann_ifft,Hann-IFFT MLP,47,47,120.0,330.0,120.0,330.0,94,140,0.6714285714285714
hann_ifft,Hann-IFFT MLP,47,48,120.0,330.0,150.0,0.0,0,140,0.0
hann_ifft,Hann-IFFT MLP,47,49,120.0,330.0,150.0,30.0,0,140,0.0
hann_ifft,Hann-IFFT MLP,47,50,120.0,330.0,150.0,60.0,0,140,0.0
hann_ifft,Hann-IFFT MLP,47,51,120.0,330.0,150.0,90.0,0,140,0.0
hann_ifft,Hann-IFFT MLP,47,52,120.0,330.0,150.0,120.0,0,140,0.0
hann_ifft,Hann-IFFT MLP,47,53,120.0,330.0,150.0,150.0,2,140,0.014285714285714285
hann_ifft,Hann-IFFT MLP,47,54,120.0,330.0,150.0,180.0,0,140,0.0
hann_ifft,Hann-IFFT MLP,47,55,120.0,330.0,150.0,210.0,0,140,0.0
hann_ifft,Hann-IFFT MLP,47,56,120.0,330.0,150.0,240.0,0,140,0.0
hann_ifft,Hann-IFFT MLP,47,57,120.0,330.0,150.0,270.0,0,140,0.0
hann_ifft,Hann-IFFT MLP,47,58,120.0,330.0,150.0,300.0,0,140,0.0
hann_ifft,Hann-IFFT MLP,47,59,120.0,330.0,150.0,330.0,0,140,0.0
hann_ifft,Hann-IFFT MLP,48,0,150.0,0.0,30.0,0.0,0,140,0.0
hann_ifft,Hann-IFFT MLP,48,1,150.0,0.0,30.0,30.0,0,140,0.0
hann_ifft,Hann-IFFT MLP,48,2,150.0,0.0,30.0,60.0,0,140,0.0
hann_ifft,Hann-IFFT MLP,48,3,150.0,0.0,30.0,90.0,0,140,0.0
hann_ifft,Hann-IFFT MLP,48,4,150.0,0.0,30.0,120.0,0,140,0.0
hann_ifft,Hann-IFFT MLP,48,5,150.0,0.0,30.0,150.0,0,140,0.0
hann_ifft,Hann-IFFT MLP,48,6,150.0,0.0,30.0,180.0,4,140,0.02857142857142857
hann_ifft,Hann-IFFT MLP,48,7,150.0,0.0,30.0,210.0,0,140,0.0
hann_ifft,Hann-IFFT MLP,48,8,150.0,0.0,30.0,240.0,0,140,0.0
hann_ifft,Hann-IFFT MLP,48,9,150.0,0.0,30.0,270.0,0,140,0.0
hann_ifft,Hann-IFFT MLP,48,10,150.0,0.0,30.0,300.0,0,140,0.0
hann_ifft,Hann-IFFT MLP,48,11,150.0,0.0,30.0,330.0,0,140,0.0
hann_ifft,Hann-IFFT MLP,48,12,150.0,0.0,60.0,0.0,0,140,0.0
hann_ifft,Hann-IFFT MLP,48,13,150.0,0.0,60.0,30.0,0,140,0.0
hann_ifft,Hann-IFFT MLP,48,14,150.0,0.0,60.0,60.0,0,140,0.0
hann_ifft,Hann-IFFT MLP,48,15,150.0,0.0,60.0,90.0,0,140,0.0
hann_ifft,Hann-IFFT MLP,48,16,150.0,0.0,60.0,120.0,0,140,0.0
hann_ifft,Hann-IFFT MLP,48,17,150.0,0.0,60.0,150.0,0,140,0.0
hann_ifft,Hann-IFFT MLP,48,18,150.0,0.0,60.0,180.0,0,140,0.0
hann_ifft,Hann-IFFT MLP,48,19,150.0,0.0,60.0,210.0,0,140,0.0
hann_ifft,Hann-IFFT MLP,48,20,150.0,0.0,60.0,240.0,0,140,0.0
hann_ifft,Hann-IFFT MLP,48,21,150.0,0.0,60.0,270.0,0,140,0.0
hann_ifft,Hann-IFFT MLP,48,22,150.0,0.0,60.0,300.0,0,140,0.0
hann_ifft,Hann-IFFT MLP,48,23,150.0,0.0,60.0,330.0,0,140,0.0
hann_ifft,Hann-IFFT MLP,48,24,150.0,0.0,90.0,0.0,0,140,0.0
hann_ifft,Hann-IFFT MLP,48,25,150.0,0.0,90.0,30.0,0,140,0.0
hann_ifft,Hann-IFFT MLP,48,26,150.0,0.0,90.0,60.0,0,140,0.0
hann_ifft,Hann-IFFT MLP,48,27,150.0,0.0,90.0,90.0,0,140,0.0
hann_ifft,Hann-IFFT MLP,48,28,150.0,0.0,90.0,120.0,0,140,0.0
hann_ifft,Hann-IFFT MLP,48,29,150.0,0.0,90.0,150.0,0,140,0.0
hann_ifft,Hann-IFFT MLP,48,30,150.0,0.0,90.0,180.0,0,140,0.0
hann_ifft,Hann-IFFT MLP,48,31,150.0,0.0,90.0,210.0,0,140,0.0
hann_ifft,Hann-IFFT MLP,48,32,150.0,0.0,90.0,240.0,0,140,0.0
hann_ifft,Hann-IFFT MLP,48,33,150.0,0.0,90.0,270.0,0,140,0.0
hann_ifft,Hann-IFFT MLP,48,34,150.0,0.0,90.0,300.0,0,140,0.0
hann_ifft,Hann-IFFT MLP,48,35,150.0,0.0,90.0,330.0,0,140,0.0
hann_ifft,Hann-IFFT MLP,48,36,150.0,0.0,120.0,0.0,42,140,0.3
hann_ifft,Hann-IFFT MLP,48,37,150.0,0.0,120.0,30.0,0,140,0.0
hann_ifft,Hann-IFFT MLP,48,38,150.0,0.0,120.0,60.0,0,140,0.0
hann_ifft,Hann-IFFT MLP,48,39,150.0,0.0,120.0,90.0,0,140,0.0
hann_ifft,Hann-IFFT MLP,48,40,150.0,0.0,120.0,120.0,0,140,0.0
hann_ifft,Hann-IFFT MLP,48,41,150.0,0.0,120.0,150.0,0,140,0.0
hann_ifft,Hann-IFFT MLP,48,42,150.0,0.0,120.0,180.0,8,140,0.05714285714285714
hann_ifft,Hann-IFFT MLP,48,43,150.0,0.0,120.0,210.0,0,140,0.0
hann_ifft,Hann-IFFT MLP,48,44,150.0,0.0,120.0,240.0,0,140,0.0
hann_ifft,Hann-IFFT MLP,48,45,150.0,0.0,120.0,270.0,0,140,0.0
hann_ifft,Hann-IFFT MLP,48,46,150.0,0.0,120.0,300.0,0,140,0.0
hann_ifft,Hann-IFFT MLP,48,47,150.0,0.0,120.0,330.0,0,140,0.0
hann_ifft,Hann-IFFT MLP,48,48,150.0,0.0,150.0,0.0,85,140,0.6071428571428571
hann_ifft,Hann-IFFT MLP,48,49,150.0,0.0,150.0,30.0,0,140,0.0
hann_ifft,Hann-IFFT MLP,48,50,150.0,0.0,150.0,60.0,0,140,0.0
hann_ifft,Hann-IFFT MLP,48,51,150.0,0.0,150.0,90.0,0,140,0.0
hann_ifft,Hann-IFFT MLP,48,52,150.0,0.0,150.0,120.0,0,140,0.0
hann_ifft,Hann-IFFT MLP,48,53,150.0,0.0,150.0,150.0,0,140,0.0
hann_ifft,Hann-IFFT MLP,48,54,150.0,0.0,150.0,180.0,1,140,0.007142857142857143
hann_ifft,Hann-IFFT MLP,48,55,150.0,0.0,150.0,210.0,0,140,0.0
hann_ifft,Hann-IFFT MLP,48,56,150.0,0.0,150.0,240.0,0,140,0.0
hann_ifft,Hann-IFFT MLP,48,57,150.0,0.0,150.0,270.0,0,140,0.0
hann_ifft,Hann-IFFT MLP,48,58,150.0,0.0,150.0,300.0,0,140,0.0
hann_ifft,Hann-IFFT MLP,48,59,150.0,0.0,150.0,330.0,0,140,0.0
hann_ifft,Hann-IFFT MLP,49,0,150.0,30.0,30.0,0.0,1,140,0.007142857142857143
hann_ifft,Hann-IFFT MLP,49,1,150.0,30.0,30.0,30.0,1,140,0.007142857142857143
hann_ifft,Hann-IFFT MLP,49,2,150.0,30.0,30.0,60.0,0,140,0.0
hann_ifft,Hann-IFFT MLP,49,3,150.0,30.0,30.0,90.0,0,140,0.0
hann_ifft,Hann-IFFT MLP,49,4,150.0,30.0,30.0,120.0,0,140,0.0
hann_ifft,Hann-IFFT MLP,49,5,150.0,30.0,30.0,150.0,3,140,0.02142857142857143
hann_ifft,Hann-IFFT MLP,49,6,150.0,30.0,30.0,180.0,2,140,0.014285714285714285
hann_ifft,Hann-IFFT MLP,49,7,150.0,30.0,30.0,210.0,0,140,0.0
hann_ifft,Hann-IFFT MLP,49,8,150.0,30.0,30.0,240.0,1,140,0.007142857142857143
hann_ifft,Hann-IFFT MLP,49,9,150.0,30.0,30.0,270.0,0,140,0.0
hann_ifft,Hann-IFFT MLP,49,10,150.0,30.0,30.0,300.0,0,140,0.0
hann_ifft,Hann-IFFT MLP,49,11,150.0,30.0,30.0,330.0,3,140,0.02142857142857143
hann_ifft,Hann-IFFT MLP,49,12,150.0,30.0,60.0,0.0,0,140,0.0
hann_ifft,Hann-IFFT MLP,49,13,150.0,30.0,60.0,30.0,0,140,0.0
hann_ifft,Hann-IFFT MLP,49,14,150.0,30.0,60.0,60.0,0,140,0.0
hann_ifft,Hann-IFFT MLP,49,15,150.0,30.0,60.0,90.0,0,140,0.0
hann_ifft,Hann-IFFT MLP,49,16,150.0,30.0,60.0,120.0,0,140,0.0
hann_ifft,Hann-IFFT MLP,49,17,150.0,30.0,60.0,150.0,0,140,0.0
hann_ifft,Hann-IFFT MLP,49,18,150.0,30.0,60.0,180.0,0,140,0.0
hann_ifft,Hann-IFFT MLP,49,19,150.0,30.0,60.0,210.0,0,140,0.0
hann_ifft,Hann-IFFT MLP,49,20,150.0,30.0,60.0,240.0,0,140,0.0
hann_ifft,Hann-IFFT MLP,49,21,150.0,30.0,60.0,270.0,0,140,0.0
hann_ifft,Hann-IFFT MLP,49,22,150.0,30.0,60.0,300.0,0,140,0.0
hann_ifft,Hann-IFFT MLP,49,23,150.0,30.0,60.0,330.0,0,140,0.0
hann_ifft,Hann-IFFT MLP,49,24,150.0,30.0,90.0,0.0,0,140,0.0
hann_ifft,Hann-IFFT MLP,49,25,150.0,30.0,90.0,30.0,0,140,0.0
hann_ifft,Hann-IFFT MLP,49,26,150.0,30.0,90.0,60.0,0,140,0.0
hann_ifft,Hann-IFFT MLP,49,27,150.0,30.0,90.0,90.0,0,140,0.0
hann_ifft,Hann-IFFT MLP,49,28,150.0,30.0,90.0,120.0,0,140,0.0
hann_ifft,Hann-IFFT MLP,49,29,150.0,30.0,90.0,150.0,0,140,0.0
hann_ifft,Hann-IFFT MLP,49,30,150.0,30.0,90.0,180.0,0,140,0.0
hann_ifft,Hann-IFFT MLP,49,31,150.0,30.0,90.0,210.0,0,140,0.0
hann_ifft,Hann-IFFT MLP,49,32,150.0,30.0,90.0,240.0,0,140,0.0
hann_ifft,Hann-IFFT MLP,49,33,150.0,30.0,90.0,270.0,0,140,0.0
hann_ifft,Hann-IFFT MLP,49,34,150.0,30.0,90.0,300.0,0,140,0.0
hann_ifft,Hann-IFFT MLP,49,35,150.0,30.0,90.0,330.0,0,140,0.0
hann_ifft,Hann-IFFT MLP,49,36,150.0,30.0,120.0,0.0,1,140,0.007142857142857143
hann_ifft,Hann-IFFT MLP,49,37,150.0,30.0,120.0,30.0,2,140,0.014285714285714285
hann_ifft,Hann-IFFT MLP,49,38,150.0,30.0,120.0,60.0,0,140,0.0
hann_ifft,Hann-IFFT MLP,49,39,150.0,30.0,120.0,90.0,0,140,0.0
hann_ifft,Hann-IFFT MLP,49,40,150.0,30.0,120.0,120.0,0,140,0.0
hann_ifft,Hann-IFFT MLP,49,41,150.0,30.0,120.0,150.0,0,140,0.0
hann_ifft,Hann-IFFT MLP,49,42,150.0,30.0,120.0,180.0,0,140,0.0
hann_ifft,Hann-IFFT MLP,49,43,150.0,30.0,120.0,210.0,0,140,0.0
hann_ifft,Hann-IFFT MLP,49,44,150.0,30.0,120.0,240.0,0,140,0.0
hann_ifft,Hann-IFFT MLP,49,45,150.0,30.0,120.0,270.0,0,140,0.0
hann_ifft,Hann-IFFT MLP,49,46,150.0,30.0,120.0,300.0,0,140,0.0
hann_ifft,Hann-IFFT MLP,49,47,150.0,30.0,120.0,330.0,0,140,0.0
hann_ifft,Hann-IFFT MLP,49,48,150.0,30.0,150.0,0.0,12,140,0.08571428571428572
hann_ifft,Hann-IFFT MLP,49,49,150.0,30.0,150.0,30.0,107,140,0.7642857142857142
hann_ifft,Hann-IFFT MLP,49,50,150.0,30.0,150.0,60.0,1,140,0.007142857142857143
hann_ifft,Hann-IFFT MLP,49,51,150.0,30.0,150.0,90.0,0,140,0.0
hann_ifft,Hann-IFFT MLP,49,52,150.0,30.0,150.0,120.0,0,140,0.0
hann_ifft,Hann-IFFT MLP,49,53,150.0,30.0,150.0,150.0,0,140,0.0
hann_ifft,Hann-IFFT MLP,49,54,150.0,30.0,150.0,180.0,1,140,0.007142857142857143
hann_ifft,Hann-IFFT MLP,49,55,150.0,30.0,150.0,210.0,4,140,0.02857142857142857
hann_ifft,Hann-IFFT MLP,49,56,150.0,30.0,150.0,240.0,0,140,0.0
hann_ifft,Hann-IFFT MLP,49,57,150.0,30.0,150.0,270.0,0,140,0.0
hann_ifft,Hann-IFFT MLP,49,58,150.0,30.0,150.0,300.0,1,140,0.007142857142857143
hann_ifft,Hann-IFFT MLP,49,59,150.0,30.0,150.0,330.0,0,140,0.0
hann_ifft,Hann-IFFT MLP,50,0,150.0,60.0,30.0,0.0,0,140,0.0
hann_ifft,Hann-IFFT MLP,50,1,150.0,60.0,30.0,30.0,0,140,0.0
hann_ifft,Hann-IFFT MLP,50,2,150.0,60.0,30.0,60.0,3,140,0.02142857142857143
hann_ifft,Hann-IFFT MLP,50,3,150.0,60.0,30.0,90.0,1,140,0.007142857142857143
hann_ifft,Hann-IFFT MLP,50,4,150.0,60.0,30.0,120.0,8,140,0.05714285714285714
hann_ifft,Hann-IFFT MLP,50,5,150.0,60.0,30.0,150.0,1,140,0.007142857142857143
hann_ifft,Hann-IFFT MLP,50,6,150.0,60.0,30.0,180.0,0,140,0.0
hann_ifft,Hann-IFFT MLP,50,7,150.0,60.0,30.0,210.0,0,140,0.0
hann_ifft,Hann-IFFT MLP,50,8,150.0,60.0,30.0,240.0,0,140,0.0
hann_ifft,Hann-IFFT MLP,50,9,150.0,60.0,30.0,270.0,3,140,0.02142857142857143
hann_ifft,Hann-IFFT MLP,50,10,150.0,60.0,30.0,300.0,19,140,0.1357142857142857
hann_ifft,Hann-IFFT MLP,50,11,150.0,60.0,30.0,330.0,0,140,0.0
hann_ifft,Hann-IFFT MLP,50,12,150.0,60.0,60.0,0.0,0,140,0.0
hann_ifft,Hann-IFFT MLP,50,13,150.0,60.0,60.0,30.0,0,140,0.0
hann_ifft,Hann-IFFT MLP,50,14,150.0,60.0,60.0,60.0,1,140,0.007142857142857143
hann_ifft,Hann-IFFT MLP,50,15,150.0,60.0,60.0,90.0,0,140,0.0
hann_ifft,Hann-IFFT MLP,50,16,150.0,60.0,60.0,120.0,0,140,0.0
hann_ifft,Hann-IFFT MLP,50,17,150.0,60.0,60.0,150.0,0,140,0.0
hann_ifft,Hann-IFFT MLP,50,18,150.0,60.0,60.0,180.0,0,140,0.0
hann_ifft,Hann-IFFT MLP,50,19,150.0,60.0,60.0,210.0,0,140,0.0
hann_ifft,Hann-IFFT MLP,50,20,150.0,60.0,60.0,240.0,0,140,0.0
hann_ifft,Hann-IFFT MLP,50,21,150.0,60.0,60.0,270.0,0,140,0.0
hann_ifft,Hann-IFFT MLP,50,22,150.0,60.0,60.0,300.0,0,140,0.0
hann_ifft,Hann-IFFT MLP,50,23,150.0,60.0,60.0,330.0,0,140,0.0
hann_ifft,Hann-IFFT MLP,50,24,150.0,60.0,90.0,0.0,0,140,0.0
hann_ifft,Hann-IFFT MLP,50,25,150.0,60.0,90.0,30.0,0,140,0.0
hann_ifft,Hann-IFFT MLP,50,26,150.0,60.0,90.0,60.0,0,140,0.0
hann_ifft,Hann-IFFT MLP,50,27,150.0,60.0,90.0,90.0,0,140,0.0
hann_ifft,Hann-IFFT MLP,50,28,150.0,60.0,90.0,120.0,0,140,0.0
hann_ifft,Hann-IFFT MLP,50,29,150.0,60.0,90.0,150.0,0,140,0.0
hann_ifft,Hann-IFFT MLP,50,30,150.0,60.0,90.0,180.0,0,140,0.0
hann_ifft,Hann-IFFT MLP,50,31,150.0,60.0,90.0,210.0,0,140,0.0
hann_ifft,Hann-IFFT MLP,50,32,150.0,60.0,90.0,240.0,0,140,0.0
hann_ifft,Hann-IFFT MLP,50,33,150.0,60.0,90.0,270.0,0,140,0.0
hann_ifft,Hann-IFFT MLP,50,34,150.0,60.0,90.0,300.0,0,140,0.0
hann_ifft,Hann-IFFT MLP,50,35,150.0,60.0,90.0,330.0,0,140,0.0
hann_ifft,Hann-IFFT MLP,50,36,150.0,60.0,120.0,0.0,0,140,0.0
hann_ifft,Hann-IFFT MLP,50,37,150.0,60.0,120.0,30.0,1,140,0.007142857142857143
hann_ifft,Hann-IFFT MLP,50,38,150.0,60.0,120.0,60.0,0,140,0.0
hann_ifft,Hann-IFFT MLP,50,39,150.0,60.0,120.0,90.0,0,140,0.0
hann_ifft,Hann-IFFT MLP,50,40,150.0,60.0,120.0,120.0,0,140,0.0
hann_ifft,Hann-IFFT MLP,50,41,150.0,60.0,120.0,150.0,0,140,0.0
hann_ifft,Hann-IFFT MLP,50,42,150.0,60.0,120.0,180.0,0,140,0.0
hann_ifft,Hann-IFFT MLP,50,43,150.0,60.0,120.0,210.0,0,140,0.0
hann_ifft,Hann-IFFT MLP,50,44,150.0,60.0,120.0,240.0,0,140,0.0
hann_ifft,Hann-IFFT MLP,50,45,150.0,60.0,120.0,270.0,0,140,0.0
hann_ifft,Hann-IFFT MLP,50,46,150.0,60.0,120.0,300.0,0,140,0.0
hann_ifft,Hann-IFFT MLP,50,47,150.0,60.0,120.0,330.0,0,140,0.0
hann_ifft,Hann-IFFT MLP,50,48,150.0,60.0,150.0,0.0,0,140,0.0
hann_ifft,Hann-IFFT MLP,50,49,150.0,60.0,150.0,30.0,1,140,0.007142857142857143
hann_ifft,Hann-IFFT MLP,50,50,150.0,60.0,150.0,60.0,89,140,0.6357142857142857
hann_ifft,Hann-IFFT MLP,50,51,150.0,60.0,150.0,90.0,3,140,0.02142857142857143
hann_ifft,Hann-IFFT MLP,50,52,150.0,60.0,150.0,120.0,0,140,0.0
hann_ifft,Hann-IFFT MLP,50,53,150.0,60.0,150.0,150.0,0,140,0.0
hann_ifft,Hann-IFFT MLP,50,54,150.0,60.0,150.0,180.0,0,140,0.0
hann_ifft,Hann-IFFT MLP,50,55,150.0,60.0,150.0,210.0,0,140,0.0
hann_ifft,Hann-IFFT MLP,50,56,150.0,60.0,150.0,240.0,9,140,0.06428571428571428
hann_ifft,Hann-IFFT MLP,50,57,150.0,60.0,150.0,270.0,0,140,0.0
hann_ifft,Hann-IFFT MLP,50,58,150.0,60.0,150.0,300.0,1,140,0.007142857142857143
hann_ifft,Hann-IFFT MLP,50,59,150.0,60.0,150.0,330.0,0,140,0.0
hann_ifft,Hann-IFFT MLP,51,0,150.0,90.0,30.0,0.0,0,140,0.0
hann_ifft,Hann-IFFT MLP,51,1,150.0,90.0,30.0,30.0,0,140,0.0
hann_ifft,Hann-IFFT MLP,51,2,150.0,90.0,30.0,60.0,1,140,0.007142857142857143
hann_ifft,Hann-IFFT MLP,51,3,150.0,90.0,30.0,90.0,6,140,0.04285714285714286
hann_ifft,Hann-IFFT MLP,51,4,150.0,90.0,30.0,120.0,0,140,0.0
hann_ifft,Hann-IFFT MLP,51,5,150.0,90.0,30.0,150.0,0,140,0.0
hann_ifft,Hann-IFFT MLP,51,6,150.0,90.0,30.0,180.0,0,140,0.0
hann_ifft,Hann-IFFT MLP,51,7,150.0,90.0,30.0,210.0,0,140,0.0
hann_ifft,Hann-IFFT MLP,51,8,150.0,90.0,30.0,240.0,2,140,0.014285714285714285
hann_ifft,Hann-IFFT MLP,51,9,150.0,90.0,30.0,270.0,12,140,0.08571428571428572
hann_ifft,Hann-IFFT MLP,51,10,150.0,90.0,30.0,300.0,0,140,0.0
hann_ifft,Hann-IFFT MLP,51,11,150.0,90.0,30.0,330.0,0,140,0.0
hann_ifft,Hann-IFFT MLP,51,12,150.0,90.0,60.0,0.0,0,140,0.0
hann_ifft,Hann-IFFT MLP,51,13,150.0,90.0,60.0,30.0,0,140,0.0
hann_ifft,Hann-IFFT MLP,51,14,150.0,90.0,60.0,60.0,1,140,0.007142857142857143
hann_ifft,Hann-IFFT MLP,51,15,150.0,90.0,60.0,90.0,0,140,0.0
hann_ifft,Hann-IFFT MLP,51,16,150.0,90.0,60.0,120.0,0,140,0.0
hann_ifft,Hann-IFFT MLP,51,17,150.0,90.0,60.0,150.0,0,140,0.0
hann_ifft,Hann-IFFT MLP,51,18,150.0,90.0,60.0,180.0,0,140,0.0
hann_ifft,Hann-IFFT MLP,51,19,150.0,90.0,60.0,210.0,0,140,0.0
hann_ifft,Hann-IFFT MLP,51,20,150.0,90.0,60.0,240.0,2,140,0.014285714285714285
hann_ifft,Hann-IFFT MLP,51,21,150.0,90.0,60.0,270.0,5,140,0.03571428571428571
hann_ifft,Hann-IFFT MLP,51,22,150.0,90.0,60.0,300.0,0,140,0.0
hann_ifft,Hann-IFFT MLP,51,23,150.0,90.0,60.0,330.0,0,140,0.0
hann_ifft,Hann-IFFT MLP,51,24,150.0,90.0,90.0,0.0,0,140,0.0
hann_ifft,Hann-IFFT MLP,51,25,150.0,90.0,90.0,30.0,0,140,0.0
hann_ifft,Hann-IFFT MLP,51,26,150.0,90.0,90.0,60.0,1,140,0.007142857142857143
hann_ifft,Hann-IFFT MLP,51,27,150.0,90.0,90.0,90.0,0,140,0.0
hann_ifft,Hann-IFFT MLP,51,28,150.0,90.0,90.0,120.0,0,140,0.0
hann_ifft,Hann-IFFT MLP,51,29,150.0,90.0,90.0,150.0,0,140,0.0
hann_ifft,Hann-IFFT MLP,51,30,150.0,90.0,90.0,180.0,0,140,0.0
hann_ifft,Hann-IFFT MLP,51,31,150.0,90.0,90.0,210.0,0,140,0.0
hann_ifft,Hann-IFFT MLP,51,32,150.0,90.0,90.0,240.0,1,140,0.007142857142857143
hann_ifft,Hann-IFFT MLP,51,33,150.0,90.0,90.0,270.0,0,140,0.0
hann_ifft,Hann-IFFT MLP,51,34,150.0,90.0,90.0,300.0,0,140,0.0
hann_ifft,Hann-IFFT MLP,51,35,150.0,90.0,90.0,330.0,0,140,0.0
hann_ifft,Hann-IFFT MLP,51,36,150.0,90.0,120.0,0.0,0,140,0.0
hann_ifft,Hann-IFFT MLP,51,37,150.0,90.0,120.0,30.0,0,140,0.0
hann_ifft,Hann-IFFT MLP,51,38,150.0,90.0,120.0,60.0,0,140,0.0
hann_ifft,Hann-IFFT MLP,51,39,150.0,90.0,120.0,90.0,3,140,0.02142857142857143
hann_ifft,Hann-IFFT MLP,51,40,150.0,90.0,120.0,120.0,0,140,0.0
hann_ifft,Hann-IFFT MLP,51,41,150.0,90.0,120.0,150.0,0,140,0.0
hann_ifft,Hann-IFFT MLP,51,42,150.0,90.0,120.0,180.0,0,140,0.0
hann_ifft,Hann-IFFT MLP,51,43,150.0,90.0,120.0,210.0,0,140,0.0
hann_ifft,Hann-IFFT MLP,51,44,150.0,90.0,120.0,240.0,0,140,0.0
hann_ifft,Hann-IFFT MLP,51,45,150.0,90.0,120.0,270.0,2,140,0.014285714285714285
hann_ifft,Hann-IFFT MLP,51,46,150.0,90.0,120.0,300.0,0,140,0.0
hann_ifft,Hann-IFFT MLP,51,47,150.0,90.0,120.0,330.0,0,140,0.0
hann_ifft,Hann-IFFT MLP,51,48,150.0,90.0,150.0,0.0,0,140,0.0
hann_ifft,Hann-IFFT MLP,51,49,150.0,90.0,150.0,30.0,0,140,0.0
hann_ifft,Hann-IFFT MLP,51,50,150.0,90.0,150.0,60.0,0,140,0.0
hann_ifft,Hann-IFFT MLP,51,51,150.0,90.0,150.0,90.0,88,140,0.6285714285714286
hann_ifft,Hann-IFFT MLP,51,52,150.0,90.0,150.0,120.0,1,140,0.007142857142857143
hann_ifft,Hann-IFFT MLP,51,53,150.0,90.0,150.0,150.0,0,140,0.0
hann_ifft,Hann-IFFT MLP,51,54,150.0,90.0,150.0,180.0,0,140,0.0
hann_ifft,Hann-IFFT MLP,51,55,150.0,90.0,150.0,210.0,0,140,0.0
hann_ifft,Hann-IFFT MLP,51,56,150.0,90.0,150.0,240.0,2,140,0.014285714285714285
hann_ifft,Hann-IFFT MLP,51,57,150.0,90.0,150.0,270.0,12,140,0.08571428571428572
hann_ifft,Hann-IFFT MLP,51,58,150.0,90.0,150.0,300.0,1,140,0.007142857142857143
hann_ifft,Hann-IFFT MLP,51,59,150.0,90.0,150.0,330.0,0,140,0.0
hann_ifft,Hann-IFFT MLP,52,0,150.0,120.0,30.0,0.0,0,140,0.0
hann_ifft,Hann-IFFT MLP,52,1,150.0,120.0,30.0,30.0,0,140,0.0
hann_ifft,Hann-IFFT MLP,52,2,150.0,120.0,30.0,60.0,11,140,0.07857142857142857
hann_ifft,Hann-IFFT MLP,52,3,150.0,120.0,30.0,90.0,0,140,0.0
hann_ifft,Hann-IFFT MLP,52,4,150.0,120.0,30.0,120.0,0,140,0.0
hann_ifft,Hann-IFFT MLP,52,5,150.0,120.0,30.0,150.0,0,140,0.0
hann_ifft,Hann-IFFT MLP,52,6,150.0,120.0,30.0,180.0,0,140,0.0
hann_ifft,Hann-IFFT MLP,52,7,150.0,120.0,30.0,210.0,0,140,0.0
hann_ifft,Hann-IFFT MLP,52,8,150.0,120.0,30.0,240.0,0,140,0.0
hann_ifft,Hann-IFFT MLP,52,9,150.0,120.0,30.0,270.0,1,140,0.007142857142857143
hann_ifft,Hann-IFFT MLP,52,10,150.0,120.0,30.0,300.0,0,140,0.0
hann_ifft,Hann-IFFT MLP,52,11,150.0,120.0,30.0,330.0,0,140,0.0
hann_ifft,Hann-IFFT MLP,52,12,150.0,120.0,60.0,0.0,0,140,0.0
hann_ifft,Hann-IFFT MLP,52,13,150.0,120.0,60.0,30.0,0,140,0.0
hann_ifft,Hann-IFFT MLP,52,14,150.0,120.0,60.0,60.0,1,140,0.007142857142857143
hann_ifft,Hann-IFFT MLP,52,15,150.0,120.0,60.0,90.0,0,140,0.0
hann_ifft,Hann-IFFT MLP,52,16,150.0,120.0,60.0,120.0,0,140,0.0
hann_ifft,Hann-IFFT MLP,52,17,150.0,120.0,60.0,150.0,0,140,0.0
hann_ifft,Hann-IFFT MLP,52,18,150.0,120.0,60.0,180.0,0,140,0.0
hann_ifft,Hann-IFFT MLP,52,19,150.0,120.0,60.0,210.0,0,140,0.0
hann_ifft,Hann-IFFT MLP,52,20,150.0,120.0,60.0,240.0,0,140,0.0
hann_ifft,Hann-IFFT MLP,52,21,150.0,120.0,60.0,270.0,0,140,0.0
hann_ifft,Hann-IFFT MLP,52,22,150.0,120.0,60.0,300.0,0,140,0.0
hann_ifft,Hann-IFFT MLP,52,23,150.0,120.0,60.0,330.0,0,140,0.0
hann_ifft,Hann-IFFT MLP,52,24,150.0,120.0,90.0,0.0,0,140,0.0
hann_ifft,Hann-IFFT MLP,52,25,150.0,120.0,90.0,30.0,0,140,0.0
hann_ifft,Hann-IFFT MLP,52,26,150.0,120.0,90.0,60.0,0,140,0.0
hann_ifft,Hann-IFFT MLP,52,27,150.0,120.0,90.0,90.0,0,140,0.0
hann_ifft,Hann-IFFT MLP,52,28,150.0,120.0,90.0,120.0,0,140,0.0
hann_ifft,Hann-IFFT MLP,52,29,150.0,120.0,90.0,150.0,0,140,0.0
hann_ifft,Hann-IFFT MLP,52,30,150.0,120.0,90.0,180.0,0,140,0.0
hann_ifft,Hann-IFFT MLP,52,31,150.0,120.0,90.0,210.0,0,140,0.0
hann_ifft,Hann-IFFT MLP,52,32,150.0,120.0,90.0,240.0,0,140,0.0
hann_ifft,Hann-IFFT MLP,52,33,150.0,120.0,90.0,270.0,0,140,0.0
hann_ifft,Hann-IFFT MLP,52,34,150.0,120.0,90.0,300.0,0,140,0.0
hann_ifft,Hann-IFFT MLP,52,35,150.0,120.0,90.0,330.0,0,140,0.0
hann_ifft,Hann-IFFT MLP,52,36,150.0,120.0,120.0,0.0,0,140,0.0
hann_ifft,Hann-IFFT MLP,52,37,150.0,120.0,120.0,30.0,2,140,0.014285714285714285
hann_ifft,Hann-IFFT MLP,52,38,150.0,120.0,120.0,60.0,2,140,0.014285714285714285
hann_ifft,Hann-IFFT MLP,52,39,150.0,120.0,120.0,90.0,1,140,0.007142857142857143
hann_ifft,Hann-IFFT MLP,52,40,150.0,120.0,120.0,120.0,0,140,0.0
hann_ifft,Hann-IFFT MLP,52,41,150.0,120.0,120.0,150.0,0,140,0.0
hann_ifft,Hann-IFFT MLP,52,42,150.0,120.0,120.0,180.0,0,140,0.0
hann_ifft,Hann-IFFT MLP,52,43,150.0,120.0,120.0,210.0,0,140,0.0
hann_ifft,Hann-IFFT MLP,52,44,150.0,120.0,120.0,240.0,0,140,0.0
hann_ifft,Hann-IFFT MLP,52,45,150.0,120.0,120.0,270.0,0,140,0.0
hann_ifft,Hann-IFFT MLP,52,46,150.0,120.0,120.0,300.0,2,140,0.014285714285714285
hann_ifft,Hann-IFFT MLP,52,47,150.0,120.0,120.0,330.0,1,140,0.007142857142857143
hann_ifft,Hann-IFFT MLP,52,48,150.0,120.0,150.0,0.0,0,140,0.0
hann_ifft,Hann-IFFT MLP,52,49,150.0,120.0,150.0,30.0,1,140,0.007142857142857143
hann_ifft,Hann-IFFT MLP,52,50,150.0,120.0,150.0,60.0,1,140,0.007142857142857143
hann_ifft,Hann-IFFT MLP,52,51,150.0,120.0,150.0,90.0,6,140,0.04285714285714286
hann_ifft,Hann-IFFT MLP,52,52,150.0,120.0,150.0,120.0,99,140,0.7071428571428572
hann_ifft,Hann-IFFT MLP,52,53,150.0,120.0,150.0,150.0,0,140,0.0
hann_ifft,Hann-IFFT MLP,52,54,150.0,120.0,150.0,180.0,0,140,0.0
hann_ifft,Hann-IFFT MLP,52,55,150.0,120.0,150.0,210.0,0,140,0.0
hann_ifft,Hann-IFFT MLP,52,56,150.0,120.0,150.0,240.0,4,140,0.02857142857142857
hann_ifft,Hann-IFFT MLP,52,57,150.0,120.0,150.0,270.0,2,140,0.014285714285714285
hann_ifft,Hann-IFFT MLP,52,58,150.0,120.0,150.0,300.0,6,140,0.04285714285714286
hann_ifft,Hann-IFFT MLP,52,59,150.0,120.0,150.0,330.0,0,140,0.0
hann_ifft,Hann-IFFT MLP,53,0,150.0,150.0,30.0,0.0,2,140,0.014285714285714285
hann_ifft,Hann-IFFT MLP,53,1,150.0,150.0,30.0,30.0,3,140,0.02142857142857143
hann_ifft,Hann-IFFT MLP,53,2,150.0,150.0,30.0,60.0,0,140,0.0
hann_ifft,Hann-IFFT MLP,53,3,150.0,150.0,30.0,90.0,0,140,0.0
hann_ifft,Hann-IFFT MLP,53,4,150.0,150.0,30.0,120.0,0,140,0.0
hann_ifft,Hann-IFFT MLP,53,5,150.0,150.0,30.0,150.0,6,140,0.04285714285714286
hann_ifft,Hann-IFFT MLP,53,6,150.0,150.0,30.0,180.0,4,140,0.02857142857142857
hann_ifft,Hann-IFFT MLP,53,7,150.0,150.0,30.0,210.0,2,140,0.014285714285714285
hann_ifft,Hann-IFFT MLP,53,8,150.0,150.0,30.0,240.0,0,140,0.0
hann_ifft,Hann-IFFT MLP,53,9,150.0,150.0,30.0,270.0,0,140,0.0
hann_ifft,Hann-IFFT MLP,53,10,150.0,150.0,30.0,300.0,0,140,0.0
hann_ifft,Hann-IFFT MLP,53,11,150.0,150.0,30.0,330.0,1,140,0.007142857142857143
hann_ifft,Hann-IFFT MLP,53,12,150.0,150.0,60.0,0.0,1,140,0.007142857142857143
hann_ifft,Hann-IFFT MLP,53,13,150.0,150.0,60.0,30.0,2,140,0.014285714285714285
hann_ifft,Hann-IFFT MLP,53,14,150.0,150.0,60.0,60.0,0,140,0.0
hann_ifft,Hann-IFFT MLP,53,15,150.0,150.0,60.0,90.0,0,140,0.0
hann_ifft,Hann-IFFT MLP,53,16,150.0,150.0,60.0,120.0,0,140,0.0
hann_ifft,Hann-IFFT MLP,53,17,150.0,150.0,60.0,150.0,1,140,0.007142857142857143
hann_ifft,Hann-IFFT MLP,53,18,150.0,150.0,60.0,180.0,4,140,0.02857142857142857
hann_ifft,Hann-IFFT MLP,53,19,150.0,150.0,60.0,210.0,2,140,0.014285714285714285
hann_ifft,Hann-IFFT MLP,53,20,150.0,150.0,60.0,240.0,0,140,0.0
hann_ifft,Hann-IFFT MLP,53,21,150.0,150.0,60.0,270.0,0,140,0.0
hann_ifft,Hann-IFFT MLP,53,22,150.0,150.0,60.0,300.0,0,140,0.0
hann_ifft,Hann-IFFT MLP,53,23,150.0,150.0,60.0,330.0,0,140,0.0
hann_ifft,Hann-IFFT MLP,53,24,150.0,150.0,90.0,0.0,0,140,0.0
hann_ifft,Hann-IFFT MLP,53,25,150.0,150.0,90.0,30.0,0,140,0.0
hann_ifft,Hann-IFFT MLP,53,26,150.0,150.0,90.0,60.0,0,140,0.0
hann_ifft,Hann-IFFT MLP,53,27,150.0,150.0,90.0,90.0,0,140,0.0
hann_ifft,Hann-IFFT MLP,53,28,150.0,150.0,90.0,120.0,0,140,0.0
hann_ifft,Hann-IFFT MLP,53,29,150.0,150.0,90.0,150.0,0,140,0.0
hann_ifft,Hann-IFFT MLP,53,30,150.0,150.0,90.0,180.0,0,140,0.0
hann_ifft,Hann-IFFT MLP,53,31,150.0,150.0,90.0,210.0,0,140,0.0
hann_ifft,Hann-IFFT MLP,53,32,150.0,150.0,90.0,240.0,0,140,0.0
hann_ifft,Hann-IFFT MLP,53,33,150.0,150.0,90.0,270.0,0,140,0.0
hann_ifft,Hann-IFFT MLP,53,34,150.0,150.0,90.0,300.0,0,140,0.0
hann_ifft,Hann-IFFT MLP,53,35,150.0,150.0,90.0,330.0,0,140,0.0
hann_ifft,Hann-IFFT MLP,53,36,150.0,150.0,120.0,0.0,0,140,0.0
hann_ifft,Hann-IFFT MLP,53,37,150.0,150.0,120.0,30.0,0,140,0.0
hann_ifft,Hann-IFFT MLP,53,38,150.0,150.0,120.0,60.0,0,140,0.0
hann_ifft,Hann-IFFT MLP,53,39,150.0,150.0,120.0,90.0,0,140,0.0
hann_ifft,Hann-IFFT MLP,53,40,150.0,150.0,120.0,120.0,0,140,0.0
hann_ifft,Hann-IFFT MLP,53,41,150.0,150.0,120.0,150.0,2,140,0.014285714285714285
hann_ifft,Hann-IFFT MLP,53,42,150.0,150.0,120.0,180.0,1,140,0.007142857142857143
hann_ifft,Hann-IFFT MLP,53,43,150.0,150.0,120.0,210.0,3,140,0.02142857142857143
hann_ifft,Hann-IFFT MLP,53,44,150.0,150.0,120.0,240.0,0,140,0.0
hann_ifft,Hann-IFFT MLP,53,45,150.0,150.0,120.0,270.0,0,140,0.0
hann_ifft,Hann-IFFT MLP,53,46,150.0,150.0,120.0,300.0,0,140,0.0
hann_ifft,Hann-IFFT MLP,53,47,150.0,150.0,120.0,330.0,0,140,0.0
hann_ifft,Hann-IFFT MLP,53,48,150.0,150.0,150.0,0.0,0,140,0.0
hann_ifft,Hann-IFFT MLP,53,49,150.0,150.0,150.0,30.0,0,140,0.0
hann_ifft,Hann-IFFT MLP,53,50,150.0,150.0,150.0,60.0,0,140,0.0
hann_ifft,Hann-IFFT MLP,53,51,150.0,150.0,150.0,90.0,0,140,0.0
hann_ifft,Hann-IFFT MLP,53,52,150.0,150.0,150.0,120.0,0,140,0.0
hann_ifft,Hann-IFFT MLP,53,53,150.0,150.0,150.0,150.0,96,140,0.6857142857142857
hann_ifft,Hann-IFFT MLP,53,54,150.0,150.0,150.0,180.0,1,140,0.007142857142857143
hann_ifft,Hann-IFFT MLP,53,55,150.0,150.0,150.0,210.0,0,140,0.0
hann_ifft,Hann-IFFT MLP,53,56,150.0,150.0,150.0,240.0,0,140,0.0
hann_ifft,Hann-IFFT MLP,53,57,150.0,150.0,150.0,270.0,0,140,0.0
hann_ifft,Hann-IFFT MLP,53,58,150.0,150.0,150.0,300.0,0,140,0.0
hann_ifft,Hann-IFFT MLP,53,59,150.0,150.0,150.0,330.0,9,140,0.06428571428571428
hann_ifft,Hann-IFFT MLP,54,0,150.0,180.0,30.0,0.0,0,140,0.0
hann_ifft,Hann-IFFT MLP,54,1,150.0,180.0,30.0,30.0,0,140,0.0
hann_ifft,Hann-IFFT MLP,54,2,150.0,180.0,30.0,60.0,0,140,0.0
hann_ifft,Hann-IFFT MLP,54,3,150.0,180.0,30.0,90.0,0,140,0.0
hann_ifft,Hann-IFFT MLP,54,4,150.0,180.0,30.0,120.0,0,140,0.0
hann_ifft,Hann-IFFT MLP,54,5,150.0,180.0,30.0,150.0,0,140,0.0
hann_ifft,Hann-IFFT MLP,54,6,150.0,180.0,30.0,180.0,9,140,0.06428571428571428
hann_ifft,Hann-IFFT MLP,54,7,150.0,180.0,30.0,210.0,0,140,0.0
hann_ifft,Hann-IFFT MLP,54,8,150.0,180.0,30.0,240.0,0,140,0.0
hann_ifft,Hann-IFFT MLP,54,9,150.0,180.0,30.0,270.0,0,140,0.0
hann_ifft,Hann-IFFT MLP,54,10,150.0,180.0,30.0,300.0,0,140,0.0
hann_ifft,Hann-IFFT MLP,54,11,150.0,180.0,30.0,330.0,0,140,0.0
hann_ifft,Hann-IFFT MLP,54,12,150.0,180.0,60.0,0.0,2,140,0.014285714285714285
hann_ifft,Hann-IFFT MLP,54,13,150.0,180.0,60.0,30.0,0,140,0.0
hann_ifft,Hann-IFFT MLP,54,14,150.0,180.0,60.0,60.0,0,140,0.0
hann_ifft,Hann-IFFT MLP,54,15,150.0,180.0,60.0,90.0,0,140,0.0
hann_ifft,Hann-IFFT MLP,54,16,150.0,180.0,60.0,120.0,0,140,0.0
hann_ifft,Hann-IFFT MLP,54,17,150.0,180.0,60.0,150.0,0,140,0.0
hann_ifft,Hann-IFFT MLP,54,18,150.0,180.0,60.0,180.0,1,140,0.007142857142857143
hann_ifft,Hann-IFFT MLP,54,19,150.0,180.0,60.0,210.0,0,140,0.0
hann_ifft,Hann-IFFT MLP,54,20,150.0,180.0,60.0,240.0,0,140,0.0
hann_ifft,Hann-IFFT MLP,54,21,150.0,180.0,60.0,270.0,0,140,0.0
hann_ifft,Hann-IFFT MLP,54,22,150.0,180.0,60.0,300.0,0,140,0.0
hann_ifft,Hann-IFFT MLP,54,23,150.0,180.0,60.0,330.0,0,140,0.0
hann_ifft,Hann-IFFT MLP,54,24,150.0,180.0,90.0,0.0,0,140,0.0
hann_ifft,Hann-IFFT MLP,54,25,150.0,180.0,90.0,30.0,0,140,0.0
hann_ifft,Hann-IFFT MLP,54,26,150.0,180.0,90.0,60.0,0,140,0.0
hann_ifft,Hann-IFFT MLP,54,27,150.0,180.0,90.0,90.0,0,140,0.0
hann_ifft,Hann-IFFT MLP,54,28,150.0,180.0,90.0,120.0,0,140,0.0
hann_ifft,Hann-IFFT MLP,54,29,150.0,180.0,90.0,150.0,0,140,0.0
hann_ifft,Hann-IFFT MLP,54,30,150.0,180.0,90.0,180.0,0,140,0.0
hann_ifft,Hann-IFFT MLP,54,31,150.0,180.0,90.0,210.0,0,140,0.0
hann_ifft,Hann-IFFT MLP,54,32,150.0,180.0,90.0,240.0,0,140,0.0
hann_ifft,Hann-IFFT MLP,54,33,150.0,180.0,90.0,270.0,0,140,0.0
hann_ifft,Hann-IFFT MLP,54,34,150.0,180.0,90.0,300.0,0,140,0.0
hann_ifft,Hann-IFFT MLP,54,35,150.0,180.0,90.0,330.0,0,140,0.0
hann_ifft,Hann-IFFT MLP,54,36,150.0,180.0,120.0,0.0,14,140,0.1
hann_ifft,Hann-IFFT MLP,54,37,150.0,180.0,120.0,30.0,1,140,0.007142857142857143
hann_ifft,Hann-IFFT MLP,54,38,150.0,180.0,120.0,60.0,0,140,0.0
hann_ifft,Hann-IFFT MLP,54,39,150.0,180.0,120.0,90.0,0,140,0.0
hann_ifft,Hann-IFFT MLP,54,40,150.0,180.0,120.0,120.0,0,140,0.0
hann_ifft,Hann-IFFT MLP,54,41,150.0,180.0,120.0,150.0,1,140,0.007142857142857143
hann_ifft,Hann-IFFT MLP,54,42,150.0,180.0,120.0,180.0,33,140,0.2357142857142857
hann_ifft,Hann-IFFT MLP,54,43,150.0,180.0,120.0,210.0,0,140,0.0
hann_ifft,Hann-IFFT MLP,54,44,150.0,180.0,120.0,240.0,0,140,0.0
hann_ifft,Hann-IFFT MLP,54,45,150.0,180.0,120.0,270.0,0,140,0.0
hann_ifft,Hann-IFFT MLP,54,46,150.0,180.0,120.0,300.0,0,140,0.0
hann_ifft,Hann-IFFT MLP,54,47,150.0,180.0,120.0,330.0,0,140,0.0
hann_ifft,Hann-IFFT MLP,54,48,150.0,180.0,150.0,0.0,5,140,0.03571428571428571
hann_ifft,Hann-IFFT MLP,54,49,150.0,180.0,150.0,30.0,0,140,0.0
hann_ifft,Hann-IFFT MLP,54,50,150.0,180.0,150.0,60.0,0,140,0.0
hann_ifft,Hann-IFFT MLP,54,51,150.0,180.0,150.0,90.0,0,140,0.0
hann_ifft,Hann-IFFT MLP,54,52,150.0,180.0,150.0,120.0,0,140,0.0
hann_ifft,Hann-IFFT MLP,54,53,150.0,180.0,150.0,150.0,0,140,0.0
hann_ifft,Hann-IFFT MLP,54,54,150.0,180.0,150.0,180.0,73,140,0.5214285714285715
hann_ifft,Hann-IFFT MLP,54,55,150.0,180.0,150.0,210.0,1,140,0.007142857142857143
hann_ifft,Hann-IFFT MLP,54,56,150.0,180.0,150.0,240.0,0,140,0.0
hann_ifft,Hann-IFFT MLP,54,57,150.0,180.0,150.0,270.0,0,140,0.0
hann_ifft,Hann-IFFT MLP,54,58,150.0,180.0,150.0,300.0,0,140,0.0
hann_ifft,Hann-IFFT MLP,54,59,150.0,180.0,150.0,330.0,0,140,0.0
hann_ifft,Hann-IFFT MLP,55,0,150.0,210.0,30.0,0.0,1,140,0.007142857142857143
hann_ifft,Hann-IFFT MLP,55,1,150.0,210.0,30.0,30.0,0,140,0.0
hann_ifft,Hann-IFFT MLP,55,2,150.0,210.0,30.0,60.0,0,140,0.0
hann_ifft,Hann-IFFT MLP,55,3,150.0,210.0,30.0,90.0,0,140,0.0
hann_ifft,Hann-IFFT MLP,55,4,150.0,210.0,30.0,120.0,0,140,0.0
hann_ifft,Hann-IFFT MLP,55,5,150.0,210.0,30.0,150.0,11,140,0.07857142857142857
hann_ifft,Hann-IFFT MLP,55,6,150.0,210.0,30.0,180.0,1,140,0.007142857142857143
hann_ifft,Hann-IFFT MLP,55,7,150.0,210.0,30.0,210.0,1,140,0.007142857142857143
hann_ifft,Hann-IFFT MLP,55,8,150.0,210.0,30.0,240.0,0,140,0.0
hann_ifft,Hann-IFFT MLP,55,9,150.0,210.0,30.0,270.0,0,140,0.0
hann_ifft,Hann-IFFT MLP,55,10,150.0,210.0,30.0,300.0,0,140,0.0
hann_ifft,Hann-IFFT MLP,55,11,150.0,210.0,30.0,330.0,4,140,0.02857142857142857
hann_ifft,Hann-IFFT MLP,55,12,150.0,210.0,60.0,0.0,0,140,0.0
hann_ifft,Hann-IFFT MLP,55,13,150.0,210.0,60.0,30.0,0,140,0.0
hann_ifft,Hann-IFFT MLP,55,14,150.0,210.0,60.0,60.0,0,140,0.0
hann_ifft,Hann-IFFT MLP,55,15,150.0,210.0,60.0,90.0,0,140,0.0
hann_ifft,Hann-IFFT MLP,55,16,150.0,210.0,60.0,120.0,0,140,0.0
hann_ifft,Hann-IFFT MLP,55,17,150.0,210.0,60.0,150.0,0,140,0.0
hann_ifft,Hann-IFFT MLP,55,18,150.0,210.0,60.0,180.0,0,140,0.0
hann_ifft,Hann-IFFT MLP,55,19,150.0,210.0,60.0,210.0,0,140,0.0
hann_ifft,Hann-IFFT MLP,55,20,150.0,210.0,60.0,240.0,0,140,0.0
hann_ifft,Hann-IFFT MLP,55,21,150.0,210.0,60.0,270.0,0,140,0.0
hann_ifft,Hann-IFFT MLP,55,22,150.0,210.0,60.0,300.0,0,140,0.0
hann_ifft,Hann-IFFT MLP,55,23,150.0,210.0,60.0,330.0,2,140,0.014285714285714285
hann_ifft,Hann-IFFT MLP,55,24,150.0,210.0,90.0,0.0,0,140,0.0
hann_ifft,Hann-IFFT MLP,55,25,150.0,210.0,90.0,30.0,0,140,0.0
hann_ifft,Hann-IFFT MLP,55,26,150.0,210.0,90.0,60.0,0,140,0.0
hann_ifft,Hann-IFFT MLP,55,27,150.0,210.0,90.0,90.0,0,140,0.0
hann_ifft,Hann-IFFT MLP,55,28,150.0,210.0,90.0,120.0,0,140,0.0
hann_ifft,Hann-IFFT MLP,55,29,150.0,210.0,90.0,150.0,0,140,0.0
hann_ifft,Hann-IFFT MLP,55,30,150.0,210.0,90.0,180.0,0,140,0.0
hann_ifft,Hann-IFFT MLP,55,31,150.0,210.0,90.0,210.0,0,140,0.0
hann_ifft,Hann-IFFT MLP,55,32,150.0,210.0,90.0,240.0,0,140,0.0
hann_ifft,Hann-IFFT MLP,55,33,150.0,210.0,90.0,270.0,0,140,0.0
hann_ifft,Hann-IFFT MLP,55,34,150.0,210.0,90.0,300.0,0,140,0.0
hann_ifft,Hann-IFFT MLP,55,35,150.0,210.0,90.0,330.0,0,140,0.0
hann_ifft,Hann-IFFT MLP,55,36,150.0,210.0,120.0,0.0,6,140,0.04285714285714286
hann_ifft,Hann-IFFT MLP,55,37,150.0,210.0,120.0,30.0,0,140,0.0
hann_ifft,Hann-IFFT MLP,55,38,150.0,210.0,120.0,60.0,0,140,0.0
hann_ifft,Hann-IFFT MLP,55,39,150.0,210.0,120.0,90.0,0,140,0.0
hann_ifft,Hann-IFFT MLP,55,40,150.0,210.0,120.0,120.0,0,140,0.0
hann_ifft,Hann-IFFT MLP,55,41,150.0,210.0,120.0,150.0,0,140,0.0
hann_ifft,Hann-IFFT MLP,55,42,150.0,210.0,120.0,180.0,0,140,0.0
hann_ifft,Hann-IFFT MLP,55,43,150.0,210.0,120.0,210.0,1,140,0.007142857142857143
hann_ifft,Hann-IFFT MLP,55,44,150.0,210.0,120.0,240.0,0,140,0.0
hann_ifft,Hann-IFFT MLP,55,45,150.0,210.0,120.0,270.0,0,140,0.0
hann_ifft,Hann-IFFT MLP,55,46,150.0,210.0,120.0,300.0,0,140,0.0
hann_ifft,Hann-IFFT MLP,55,47,150.0,210.0,120.0,330.0,0,140,0.0
hann_ifft,Hann-IFFT MLP,55,48,150.0,210.0,150.0,0.0,9,140,0.06428571428571428
hann_ifft,Hann-IFFT MLP,55,49,150.0,210.0,150.0,30.0,17,140,0.12142857142857143
hann_ifft,Hann-IFFT MLP,55,50,150.0,210.0,150.0,60.0,0,140,0.0
hann_ifft,Hann-IFFT MLP,55,51,150.0,210.0,150.0,90.0,0,140,0.0
hann_ifft,Hann-IFFT MLP,55,52,150.0,210.0,150.0,120.0,0,140,0.0
hann_ifft,Hann-IFFT MLP,55,53,150.0,210.0,150.0,150.0,1,140,0.007142857142857143
hann_ifft,Hann-IFFT MLP,55,54,150.0,210.0,150.0,180.0,1,140,0.007142857142857143
hann_ifft,Hann-IFFT MLP,55,55,150.0,210.0,150.0,210.0,84,140,0.6
hann_ifft,Hann-IFFT MLP,55,56,150.0,210.0,150.0,240.0,0,140,0.0
hann_ifft,Hann-IFFT MLP,55,57,150.0,210.0,150.0,270.0,0,140,0.0
hann_ifft,Hann-IFFT MLP,55,58,150.0,210.0,150.0,300.0,0,140,0.0
hann_ifft,Hann-IFFT MLP,55,59,150.0,210.0,150.0,330.0,1,140,0.007142857142857143
hann_ifft,Hann-IFFT MLP,56,0,150.0,240.0,30.0,0.0,0,140,0.0
hann_ifft,Hann-IFFT MLP,56,1,150.0,240.0,30.0,30.0,0,140,0.0
hann_ifft,Hann-IFFT MLP,56,2,150.0,240.0,30.0,60.0,0,140,0.0
hann_ifft,Hann-IFFT MLP,56,3,150.0,240.0,30.0,90.0,1,140,0.007142857142857143
hann_ifft,Hann-IFFT MLP,56,4,150.0,240.0,30.0,120.0,4,140,0.02857142857142857
hann_ifft,Hann-IFFT MLP,56,5,150.0,240.0,30.0,150.0,0,140,0.0
hann_ifft,Hann-IFFT MLP,56,6,150.0,240.0,30.0,180.0,0,140,0.0
hann_ifft,Hann-IFFT MLP,56,7,150.0,240.0,30.0,210.0,0,140,0.0
hann_ifft,Hann-IFFT MLP,56,8,150.0,240.0,30.0,240.0,8,140,0.05714285714285714
hann_ifft,Hann-IFFT MLP,56,9,150.0,240.0,30.0,270.0,1,140,0.007142857142857143
hann_ifft,Hann-IFFT MLP,56,10,150.0,240.0,30.0,300.0,15,140,0.10714285714285714
hann_ifft,Hann-IFFT MLP,56,11,150.0,240.0,30.0,330.0,1,140,0.007142857142857143
hann_ifft,Hann-IFFT MLP,56,12,150.0,240.0,60.0,0.0,0,140,0.0
hann_ifft,Hann-IFFT MLP,56,13,150.0,240.0,60.0,30.0,0,140,0.0
hann_ifft,Hann-IFFT MLP,56,14,150.0,240.0,60.0,60.0,0,140,0.0
hann_ifft,Hann-IFFT MLP,56,15,150.0,240.0,60.0,90.0,0,140,0.0
hann_ifft,Hann-IFFT MLP,56,16,150.0,240.0,60.0,120.0,0,140,0.0
hann_ifft,Hann-IFFT MLP,56,17,150.0,240.0,60.0,150.0,0,140,0.0
hann_ifft,Hann-IFFT MLP,56,18,150.0,240.0,60.0,180.0,0,140,0.0
hann_ifft,Hann-IFFT MLP,56,19,150.0,240.0,60.0,210.0,0,140,0.0
hann_ifft,Hann-IFFT MLP,56,20,150.0,240.0,60.0,240.0,1,140,0.007142857142857143
hann_ifft,Hann-IFFT MLP,56,21,150.0,240.0,60.0,270.0,1,140,0.007142857142857143
hann_ifft,Hann-IFFT MLP,56,22,150.0,240.0,60.0,300.0,0,140,0.0
hann_ifft,Hann-IFFT MLP,56,23,150.0,240.0,60.0,330.0,0,140,0.0
hann_ifft,Hann-IFFT MLP,56,24,150.0,240.0,90.0,0.0,0,140,0.0
hann_ifft,Hann-IFFT MLP,56,25,150.0,240.0,90.0,30.0,0,140,0.0
hann_ifft,Hann-IFFT MLP,56,26,150.0,240.0,90.0,60.0,0,140,0.0
hann_ifft,Hann-IFFT MLP,56,27,150.0,240.0,90.0,90.0,0,140,0.0
hann_ifft,Hann-IFFT MLP,56,28,150.0,240.0,90.0,120.0,0,140,0.0
hann_ifft,Hann-IFFT MLP,56,29,150.0,240.0,90.0,150.0,0,140,0.0
hann_ifft,Hann-IFFT MLP,56,30,150.0,240.0,90.0,180.0,0,140,0.0
hann_ifft,Hann-IFFT MLP,56,31,150.0,240.0,90.0,210.0,0,140,0.0
hann_ifft,Hann-IFFT MLP,56,32,150.0,240.0,90.0,240.0,0,140,0.0
hann_ifft,Hann-IFFT MLP,56,33,150.0,240.0,90.0,270.0,0,140,0.0
hann_ifft,Hann-IFFT MLP,56,34,150.0,240.0,90.0,300.0,0,140,0.0
hann_ifft,Hann-IFFT MLP,56,35,150.0,240.0,90.0,330.0,0,140,0.0
hann_ifft,Hann-IFFT MLP,56,36,150.0,240.0,120.0,0.0,0,140,0.0
hann_ifft,Hann-IFFT MLP,56,37,150.0,240.0,120.0,30.0,0,140,0.0
hann_ifft,Hann-IFFT MLP,56,38,150.0,240.0,120.0,60.0,0,140,0.0
hann_ifft,Hann-IFFT MLP,56,39,150.0,240.0,120.0,90.0,0,140,0.0
hann_ifft,Hann-IFFT MLP,56,40,150.0,240.0,120.0,120.0,0,140,0.0
hann_ifft,Hann-IFFT MLP,56,41,150.0,240.0,120.0,150.0,0,140,0.0
hann_ifft,Hann-IFFT MLP,56,42,150.0,240.0,120.0,180.0,0,140,0.0
hann_ifft,Hann-IFFT MLP,56,43,150.0,240.0,120.0,210.0,0,140,0.0
hann_ifft,Hann-IFFT MLP,56,44,150.0,240.0,120.0,240.0,0,140,0.0
hann_ifft,Hann-IFFT MLP,56,45,150.0,240.0,120.0,270.0,0,140,0.0
hann_ifft,Hann-IFFT MLP,56,46,150.0,240.0,120.0,300.0,0,140,0.0
hann_ifft,Hann-IFFT MLP,56,47,150.0,240.0,120.0,330.0,0,140,0.0
hann_ifft,Hann-IFFT MLP,56,48,150.0,240.0,150.0,0.0,0,140,0.0
hann_ifft,Hann-IFFT MLP,56,49,150.0,240.0,150.0,30.0,0,140,0.0
hann_ifft,Hann-IFFT MLP,56,50,150.0,240.0,150.0,60.0,10,140,0.07142857142857142
hann_ifft,Hann-IFFT MLP,56,51,150.0,240.0,150.0,90.0,4,140,0.02857142857142857
hann_ifft,Hann-IFFT MLP,56,52,150.0,240.0,150.0,120.0,2,140,0.014285714285714285
hann_ifft,Hann-IFFT MLP,56,53,150.0,240.0,150.0,150.0,0,140,0.0
hann_ifft,Hann-IFFT MLP,56,54,150.0,240.0,150.0,180.0,0,140,0.0
hann_ifft,Hann-IFFT MLP,56,55,150.0,240.0,150.0,210.0,0,140,0.0
hann_ifft,Hann-IFFT MLP,56,56,150.0,240.0,150.0,240.0,88,140,0.6285714285714286
hann_ifft,Hann-IFFT MLP,56,57,150.0,240.0,150.0,270.0,3,140,0.02142857142857143
hann_ifft,Hann-IFFT MLP,56,58,150.0,240.0,150.0,300.0,0,140,0.0
hann_ifft,Hann-IFFT MLP,56,59,150.0,240.0,150.0,330.0,1,140,0.007142857142857143
hann_ifft,Hann-IFFT MLP,57,0,150.0,270.0,30.0,0.0,0,140,0.0
hann_ifft,Hann-IFFT MLP,57,1,150.0,270.0,30.0,30.0,0,140,0.0
hann_ifft,Hann-IFFT MLP,57,2,150.0,270.0,30.0,60.0,0,140,0.0
hann_ifft,Hann-IFFT MLP,57,3,150.0,270.0,30.0,90.0,8,140,0.05714285714285714
hann_ifft,Hann-IFFT MLP,57,4,150.0,270.0,30.0,120.0,0,140,0.0
hann_ifft,Hann-IFFT MLP,57,5,150.0,270.0,30.0,150.0,0,140,0.0
hann_ifft,Hann-IFFT MLP,57,6,150.0,270.0,30.0,180.0,0,140,0.0
hann_ifft,Hann-IFFT MLP,57,7,150.0,270.0,30.0,210.0,0,140,0.0
hann_ifft,Hann-IFFT MLP,57,8,150.0,270.0,30.0,240.0,1,140,0.007142857142857143
hann_ifft,Hann-IFFT MLP,57,9,150.0,270.0,30.0,270.0,14,140,0.1
hann_ifft,Hann-IFFT MLP,57,10,150.0,270.0,30.0,300.0,0,140,0.0
hann_ifft,Hann-IFFT MLP,57,11,150.0,270.0,30.0,330.0,0,140,0.0
hann_ifft,Hann-IFFT MLP,57,12,150.0,270.0,60.0,0.0,0,140,0.0
hann_ifft,Hann-IFFT MLP,57,13,150.0,270.0,60.0,30.0,0,140,0.0
hann_ifft,Hann-IFFT MLP,57,14,150.0,270.0,60.0,60.0,0,140,0.0
hann_ifft,Hann-IFFT MLP,57,15,150.0,270.0,60.0,90.0,0,140,0.0
hann_ifft,Hann-IFFT MLP,57,16,150.0,270.0,60.0,120.0,0,140,0.0
hann_ifft,Hann-IFFT MLP,57,17,150.0,270.0,60.0,150.0,0,140,0.0
hann_ifft,Hann-IFFT MLP,57,18,150.0,270.0,60.0,180.0,0,140,0.0
hann_ifft,Hann-IFFT MLP,57,19,150.0,270.0,60.0,210.0,0,140,0.0
hann_ifft,Hann-IFFT MLP,57,20,150.0,270.0,60.0,240.0,0,140,0.0
hann_ifft,Hann-IFFT MLP,57,21,150.0,270.0,60.0,270.0,2,140,0.014285714285714285
hann_ifft,Hann-IFFT MLP,57,22,150.0,270.0,60.0,300.0,0,140,0.0
hann_ifft,Hann-IFFT MLP,57,23,150.0,270.0,60.0,330.0,0,140,0.0
hann_ifft,Hann-IFFT MLP,57,24,150.0,270.0,90.0,0.0,0,140,0.0
hann_ifft,Hann-IFFT MLP,57,25,150.0,270.0,90.0,30.0,0,140,0.0
hann_ifft,Hann-IFFT MLP,57,26,150.0,270.0,90.0,60.0,0,140,0.0
hann_ifft,Hann-IFFT MLP,57,27,150.0,270.0,90.0,90.0,0,140,0.0
hann_ifft,Hann-IFFT MLP,57,28,150.0,270.0,90.0,120.0,0,140,0.0
hann_ifft,Hann-IFFT MLP,57,29,150.0,270.0,90.0,150.0,0,140,0.0
hann_ifft,Hann-IFFT MLP,57,30,150.0,270.0,90.0,180.0,0,140,0.0
hann_ifft,Hann-IFFT MLP,57,31,150.0,270.0,90.0,210.0,0,140,0.0
hann_ifft,Hann-IFFT MLP,57,32,150.0,270.0,90.0,240.0,0,140,0.0
hann_ifft,Hann-IFFT MLP,57,33,150.0,270.0,90.0,270.0,0,140,0.0
hann_ifft,Hann-IFFT MLP,57,34,150.0,270.0,90.0,300.0,0,140,0.0
hann_ifft,Hann-IFFT MLP,57,35,150.0,270.0,90.0,330.0,0,140,0.0
hann_ifft,Hann-IFFT MLP,57,36,150.0,270.0,120.0,0.0,0,140,0.0
hann_ifft,Hann-IFFT MLP,57,37,150.0,270.0,120.0,30.0,0,140,0.0
hann_ifft,Hann-IFFT MLP,57,38,150.0,270.0,120.0,60.0,0,140,0.0
hann_ifft,Hann-IFFT MLP,57,39,150.0,270.0,120.0,90.0,9,140,0.06428571428571428
hann_ifft,Hann-IFFT MLP,57,40,150.0,270.0,120.0,120.0,0,140,0.0
hann_ifft,Hann-IFFT MLP,57,41,150.0,270.0,120.0,150.0,0,140,0.0
hann_ifft,Hann-IFFT MLP,57,42,150.0,270.0,120.0,180.0,0,140,0.0
hann_ifft,Hann-IFFT MLP,57,43,150.0,270.0,120.0,210.0,0,140,0.0
hann_ifft,Hann-IFFT MLP,57,44,150.0,270.0,120.0,240.0,1,140,0.007142857142857143
hann_ifft,Hann-IFFT MLP,57,45,150.0,270.0,120.0,270.0,4,140,0.02857142857142857
hann_ifft,Hann-IFFT MLP,57,46,150.0,270.0,120.0,300.0,0,140,0.0
hann_ifft,Hann-IFFT MLP,57,47,150.0,270.0,120.0,330.0,0,140,0.0
hann_ifft,Hann-IFFT MLP,57,48,150.0,270.0,150.0,0.0,0,140,0.0
hann_ifft,Hann-IFFT MLP,57,49,150.0,270.0,150.0,30.0,0,140,0.0
hann_ifft,Hann-IFFT MLP,57,50,150.0,270.0,150.0,60.0,0,140,0.0
hann_ifft,Hann-IFFT MLP,57,51,150.0,270.0,150.0,90.0,6,140,0.04285714285714286
hann_ifft,Hann-IFFT MLP,57,52,150.0,270.0,150.0,120.0,0,140,0.0
hann_ifft,Hann-IFFT MLP,57,53,150.0,270.0,150.0,150.0,0,140,0.0
hann_ifft,Hann-IFFT MLP,57,54,150.0,270.0,150.0,180.0,0,140,0.0
hann_ifft,Hann-IFFT MLP,57,55,150.0,270.0,150.0,210.0,0,140,0.0
hann_ifft,Hann-IFFT MLP,57,56,150.0,270.0,150.0,240.0,1,140,0.007142857142857143
hann_ifft,Hann-IFFT MLP,57,57,150.0,270.0,150.0,270.0,94,140,0.6714285714285714
hann_ifft,Hann-IFFT MLP,57,58,150.0,270.0,150.0,300.0,0,140,0.0
hann_ifft,Hann-IFFT MLP,57,59,150.0,270.0,150.0,330.0,0,140,0.0
hann_ifft,Hann-IFFT MLP,58,0,150.0,300.0,30.0,0.0,0,140,0.0
hann_ifft,Hann-IFFT MLP,58,1,150.0,300.0,30.0,30.0,0,140,0.0
hann_ifft,Hann-IFFT MLP,58,2,150.0,300.0,30.0,60.0,1,140,0.007142857142857143
hann_ifft,Hann-IFFT MLP,58,3,150.0,300.0,30.0,90.0,0,140,0.0
hann_ifft,Hann-IFFT MLP,58,4,150.0,300.0,30.0,120.0,0,140,0.0
hann_ifft,Hann-IFFT MLP,58,5,150.0,300.0,30.0,150.0,0,140,0.0
hann_ifft,Hann-IFFT MLP,58,6,150.0,300.0,30.0,180.0,0,140,0.0
hann_ifft,Hann-IFFT MLP,58,7,150.0,300.0,30.0,210.0,0,140,0.0
hann_ifft,Hann-IFFT MLP,58,8,150.0,300.0,30.0,240.0,0,140,0.0
hann_ifft,Hann-IFFT MLP,58,9,150.0,300.0,30.0,270.0,0,140,0.0
hann_ifft,Hann-IFFT MLP,58,10,150.0,300.0,30.0,300.0,0,140,0.0
hann_ifft,Hann-IFFT MLP,58,11,150.0,300.0,30.0,330.0,0,140,0.0
hann_ifft,Hann-IFFT MLP,58,12,150.0,300.0,60.0,0.0,0,140,0.0
hann_ifft,Hann-IFFT MLP,58,13,150.0,300.0,60.0,30.0,0,140,0.0
hann_ifft,Hann-IFFT MLP,58,14,150.0,300.0,60.0,60.0,0,140,0.0
hann_ifft,Hann-IFFT MLP,58,15,150.0,300.0,60.0,90.0,0,140,0.0
hann_ifft,Hann-IFFT MLP,58,16,150.0,300.0,60.0,120.0,0,140,0.0
hann_ifft,Hann-IFFT MLP,58,17,150.0,300.0,60.0,150.0,0,140,0.0
hann_ifft,Hann-IFFT MLP,58,18,150.0,300.0,60.0,180.0,0,140,0.0
hann_ifft,Hann-IFFT MLP,58,19,150.0,300.0,60.0,210.0,0,140,0.0
hann_ifft,Hann-IFFT MLP,58,20,150.0,300.0,60.0,240.0,0,140,0.0
hann_ifft,Hann-IFFT MLP,58,21,150.0,300.0,60.0,270.0,0,140,0.0
hann_ifft,Hann-IFFT MLP,58,22,150.0,300.0,60.0,300.0,0,140,0.0
hann_ifft,Hann-IFFT MLP,58,23,150.0,300.0,60.0,330.0,0,140,0.0
hann_ifft,Hann-IFFT MLP,58,24,150.0,300.0,90.0,0.0,0,140,0.0
hann_ifft,Hann-IFFT MLP,58,25,150.0,300.0,90.0,30.0,0,140,0.0
hann_ifft,Hann-IFFT MLP,58,26,150.0,300.0,90.0,60.0,0,140,0.0
hann_ifft,Hann-IFFT MLP,58,27,150.0,300.0,90.0,90.0,0,140,0.0
hann_ifft,Hann-IFFT MLP,58,28,150.0,300.0,90.0,120.0,0,140,0.0
hann_ifft,Hann-IFFT MLP,58,29,150.0,300.0,90.0,150.0,0,140,0.0
hann_ifft,Hann-IFFT MLP,58,30,150.0,300.0,90.0,180.0,0,140,0.0
hann_ifft,Hann-IFFT MLP,58,31,150.0,300.0,90.0,210.0,0,140,0.0
hann_ifft,Hann-IFFT MLP,58,32,150.0,300.0,90.0,240.0,0,140,0.0
hann_ifft,Hann-IFFT MLP,58,33,150.0,300.0,90.0,270.0,0,140,0.0
hann_ifft,Hann-IFFT MLP,58,34,150.0,300.0,90.0,300.0,0,140,0.0
hann_ifft,Hann-IFFT MLP,58,35,150.0,300.0,90.0,330.0,0,140,0.0
hann_ifft,Hann-IFFT MLP,58,36,150.0,300.0,120.0,0.0,0,140,0.0
hann_ifft,Hann-IFFT MLP,58,37,150.0,300.0,120.0,30.0,1,140,0.007142857142857143
hann_ifft,Hann-IFFT MLP,58,38,150.0,300.0,120.0,60.0,0,140,0.0
hann_ifft,Hann-IFFT MLP,58,39,150.0,300.0,120.0,90.0,1,140,0.007142857142857143
hann_ifft,Hann-IFFT MLP,58,40,150.0,300.0,120.0,120.0,0,140,0.0
hann_ifft,Hann-IFFT MLP,58,41,150.0,300.0,120.0,150.0,0,140,0.0
hann_ifft,Hann-IFFT MLP,58,42,150.0,300.0,120.0,180.0,0,140,0.0
hann_ifft,Hann-IFFT MLP,58,43,150.0,300.0,120.0,210.0,0,140,0.0
hann_ifft,Hann-IFFT MLP,58,44,150.0,300.0,120.0,240.0,0,140,0.0
hann_ifft,Hann-IFFT MLP,58,45,150.0,300.0,120.0,270.0,1,140,0.007142857142857143
hann_ifft,Hann-IFFT MLP,58,46,150.0,300.0,120.0,300.0,4,140,0.02857142857142857
hann_ifft,Hann-IFFT MLP,58,47,150.0,300.0,120.0,330.0,1,140,0.007142857142857143
hann_ifft,Hann-IFFT MLP,58,48,150.0,300.0,150.0,0.0,0,140,0.0
hann_ifft,Hann-IFFT MLP,58,49,150.0,300.0,150.0,30.0,0,140,0.0
hann_ifft,Hann-IFFT MLP,58,50,150.0,300.0,150.0,60.0,1,140,0.007142857142857143
hann_ifft,Hann-IFFT MLP,58,51,150.0,300.0,150.0,90.0,5,140,0.03571428571428571
hann_ifft,Hann-IFFT MLP,58,52,150.0,300.0,150.0,120.0,7,140,0.05
hann_ifft,Hann-IFFT MLP,58,53,150.0,300.0,150.0,150.0,0,140,0.0
hann_ifft,Hann-IFFT MLP,58,54,150.0,300.0,150.0,180.0,0,140,0.0
hann_ifft,Hann-IFFT MLP,58,55,150.0,300.0,150.0,210.0,0,140,0.0
hann_ifft,Hann-IFFT MLP,58,56,150.0,300.0,150.0,240.0,1,140,0.007142857142857143
hann_ifft,Hann-IFFT MLP,58,57,150.0,300.0,150.0,270.0,2,140,0.014285714285714285
hann_ifft,Hann-IFFT MLP,58,58,150.0,300.0,150.0,300.0,114,140,0.8142857142857143
hann_ifft,Hann-IFFT MLP,58,59,150.0,300.0,150.0,330.0,1,140,0.007142857142857143
hann_ifft,Hann-IFFT MLP,59,0,150.0,330.0,30.0,0.0,6,140,0.04285714285714286
hann_ifft,Hann-IFFT MLP,59,1,150.0,330.0,30.0,30.0,10,140,0.07142857142857142
hann_ifft,Hann-IFFT MLP,59,2,150.0,330.0,30.0,60.0,0,140,0.0
hann_ifft,Hann-IFFT MLP,59,3,150.0,330.0,30.0,90.0,0,140,0.0
hann_ifft,Hann-IFFT MLP,59,4,150.0,330.0,30.0,120.0,0,140,0.0
hann_ifft,Hann-IFFT MLP,59,5,150.0,330.0,30.0,150.0,0,140,0.0
hann_ifft,Hann-IFFT MLP,59,6,150.0,330.0,30.0,180.0,1,140,0.007142857142857143
hann_ifft,Hann-IFFT MLP,59,7,150.0,330.0,30.0,210.0,11,140,0.07857142857142857
hann_ifft,Hann-IFFT MLP,59,8,150.0,330.0,30.0,240.0,0,140,0.0
hann_ifft,Hann-IFFT MLP,59,9,150.0,330.0,30.0,270.0,0,140,0.0
hann_ifft,Hann-IFFT MLP,59,10,150.0,330.0,30.0,300.0,0,140,0.0
hann_ifft,Hann-IFFT MLP,59,11,150.0,330.0,30.0,330.0,0,140,0.0
hann_ifft,Hann-IFFT MLP,59,12,150.0,330.0,60.0,0.0,1,140,0.007142857142857143
hann_ifft,Hann-IFFT MLP,59,13,150.0,330.0,60.0,30.0,5,140,0.03571428571428571
hann_ifft,Hann-IFFT MLP,59,14,150.0,330.0,60.0,60.0,1,140,0.007142857142857143
hann_ifft,Hann-IFFT MLP,59,15,150.0,330.0,60.0,90.0,0,140,0.0
hann_ifft,Hann-IFFT MLP,59,16,150.0,330.0,60.0,120.0,0,140,0.0
hann_ifft,Hann-IFFT MLP,59,17,150.0,330.0,60.0,150.0,0,140,0.0
hann_ifft,Hann-IFFT MLP,59,18,150.0,330.0,60.0,180.0,0,140,0.0
hann_ifft,Hann-IFFT MLP,59,19,150.0,330.0,60.0,210.0,0,140,0.0
hann_ifft,Hann-IFFT MLP,59,20,150.0,330.0,60.0,240.0,0,140,0.0
hann_ifft,Hann-IFFT MLP,59,21,150.0,330.0,60.0,270.0,0,140,0.0
hann_ifft,Hann-IFFT MLP,59,22,150.0,330.0,60.0,300.0,0,140,0.0
hann_ifft,Hann-IFFT MLP,59,23,150.0,330.0,60.0,330.0,0,140,0.0
hann_ifft,Hann-IFFT MLP,59,24,150.0,330.0,90.0,0.0,0,140,0.0
hann_ifft,Hann-IFFT MLP,59,25,150.0,330.0,90.0,30.0,0,140,0.0
hann_ifft,Hann-IFFT MLP,59,26,150.0,330.0,90.0,60.0,0,140,0.0
hann_ifft,Hann-IFFT MLP,59,27,150.0,330.0,90.0,90.0,0,140,0.0
hann_ifft,Hann-IFFT MLP,59,28,150.0,330.0,90.0,120.0,0,140,0.0
hann_ifft,Hann-IFFT MLP,59,29,150.0,330.0,90.0,150.0,0,140,0.0
hann_ifft,Hann-IFFT MLP,59,30,150.0,330.0,90.0,180.0,0,140,0.0
hann_ifft,Hann-IFFT MLP,59,31,150.0,330.0,90.0,210.0,0,140,0.0
hann_ifft,Hann-IFFT MLP,59,32,150.0,330.0,90.0,240.0,0,140,0.0
hann_ifft,Hann-IFFT MLP,59,33,150.0,330.0,90.0,270.0,0,140,0.0
hann_ifft,Hann-IFFT MLP,59,34,150.0,330.0,90.0,300.0,0,140,0.0
hann_ifft,Hann-IFFT MLP,59,35,150.0,330.0,90.0,330.0,0,140,0.0
hann_ifft,Hann-IFFT MLP,59,36,150.0,330.0,120.0,0.0,2,140,0.014285714285714285
hann_ifft,Hann-IFFT MLP,59,37,150.0,330.0,120.0,30.0,0,140,0.0
hann_ifft,Hann-IFFT MLP,59,38,150.0,330.0,120.0,60.0,0,140,0.0
hann_ifft,Hann-IFFT MLP,59,39,150.0,330.0,120.0,90.0,0,140,0.0
hann_ifft,Hann-IFFT MLP,59,40,150.0,330.0,120.0,120.0,0,140,0.0
hann_ifft,Hann-IFFT MLP,59,41,150.0,330.0,120.0,150.0,1,140,0.007142857142857143
hann_ifft,Hann-IFFT MLP,59,42,150.0,330.0,120.0,180.0,0,140,0.0
hann_ifft,Hann-IFFT MLP,59,43,150.0,330.0,120.0,210.0,0,140,0.0
hann_ifft,Hann-IFFT MLP,59,44,150.0,330.0,120.0,240.0,1,140,0.007142857142857143
hann_ifft,Hann-IFFT MLP,59,45,150.0,330.0,120.0,270.0,0,140,0.0
hann_ifft,Hann-IFFT MLP,59,46,150.0,330.0,120.0,300.0,0,140,0.0
hann_ifft,Hann-IFFT MLP,59,47,150.0,330.0,120.0,330.0,1,140,0.007142857142857143
hann_ifft,Hann-IFFT MLP,59,48,150.0,330.0,150.0,0.0,0,140,0.0
hann_ifft,Hann-IFFT MLP,59,49,150.0,330.0,150.0,30.0,0,140,0.0
hann_ifft,Hann-IFFT MLP,59,50,150.0,330.0,150.0,60.0,0,140,0.0
hann_ifft,Hann-IFFT MLP,59,51,150.0,330.0,150.0,90.0,0,140,0.0
hann_ifft,Hann-IFFT MLP,59,52,150.0,330.0,150.0,120.0,0,140,0.0
hann_ifft,Hann-IFFT MLP,59,53,150.0,330.0,150.0,150.0,0,140,0.0
hann_ifft,Hann-IFFT MLP,59,54,150.0,330.0,150.0,180.0,1,140,0.007142857142857143
hann_ifft,Hann-IFFT MLP,59,55,150.0,330.0,150.0,210.0,0,140,0.0
hann_ifft,Hann-IFFT MLP,59,56,150.0,330.0,150.0,240.0,0,140,0.0
hann_ifft,Hann-IFFT MLP,59,57,150.0,330.0,150.0,270.0,0,140,0.0
hann_ifft,Hann-IFFT MLP,59,58,150.0,330.0,150.0,300.0,0,140,0.0
hann_ifft,Hann-IFFT MLP,59,59,150.0,330.0,150.0,330.0,99,140,0.7071428571428572
strong_1nn,Deterministic 6ch 1-NN,0,0,30.0,0.0,30.0,0.0,14,20,0.7
strong_1nn,Deterministic 6ch 1-NN,0,1,30.0,0.0,30.0,30.0,1,20,0.05
strong_1nn,Deterministic 6ch 1-NN,0,2,30.0,0.0,30.0,60.0,0,20,0.0
strong_1nn,Deterministic 6ch 1-NN,0,3,30.0,0.0,30.0,90.0,0,20,0.0
strong_1nn,Deterministic 6ch 1-NN,0,4,30.0,0.0,30.0,120.0,0,20,0.0
strong_1nn,Deterministic 6ch 1-NN,0,5,30.0,0.0,30.0,150.0,0,20,0.0
strong_1nn,Deterministic 6ch 1-NN,0,6,30.0,0.0,30.0,180.0,4,20,0.2
strong_1nn,Deterministic 6ch 1-NN,0,7,30.0,0.0,30.0,210.0,0,20,0.0
strong_1nn,Deterministic 6ch 1-NN,0,8,30.0,0.0,30.0,240.0,0,20,0.0
strong_1nn,Deterministic 6ch 1-NN,0,9,30.0,0.0,30.0,270.0,0,20,0.0
strong_1nn,Deterministic 6ch 1-NN,0,10,30.0,0.0,30.0,300.0,0,20,0.0
strong_1nn,Deterministic 6ch 1-NN,0,11,30.0,0.0,30.0,330.0,0,20,0.0
strong_1nn,Deterministic 6ch 1-NN,0,12,30.0,0.0,60.0,0.0,0,20,0.0
strong_1nn,Deterministic 6ch 1-NN,0,13,30.0,0.0,60.0,30.0,0,20,0.0
strong_1nn,Deterministic 6ch 1-NN,0,14,30.0,0.0,60.0,60.0,0,20,0.0
strong_1nn,Deterministic 6ch 1-NN,0,15,30.0,0.0,60.0,90.0,0,20,0.0
strong_1nn,Deterministic 6ch 1-NN,0,16,30.0,0.0,60.0,120.0,0,20,0.0
strong_1nn,Deterministic 6ch 1-NN,0,17,30.0,0.0,60.0,150.0,0,20,0.0
strong_1nn,Deterministic 6ch 1-NN,0,18,30.0,0.0,60.0,180.0,0,20,0.0
strong_1nn,Deterministic 6ch 1-NN,0,19,30.0,0.0,60.0,210.0,0,20,0.0
strong_1nn,Deterministic 6ch 1-NN,0,20,30.0,0.0,60.0,240.0,0,20,0.0
strong_1nn,Deterministic 6ch 1-NN,0,21,30.0,0.0,60.0,270.0,0,20,0.0
strong_1nn,Deterministic 6ch 1-NN,0,22,30.0,0.0,60.0,300.0,0,20,0.0
strong_1nn,Deterministic 6ch 1-NN,0,23,30.0,0.0,60.0,330.0,0,20,0.0
strong_1nn,Deterministic 6ch 1-NN,0,24,30.0,0.0,90.0,0.0,0,20,0.0
strong_1nn,Deterministic 6ch 1-NN,0,25,30.0,0.0,90.0,30.0,0,20,0.0
strong_1nn,Deterministic 6ch 1-NN,0,26,30.0,0.0,90.0,60.0,0,20,0.0
strong_1nn,Deterministic 6ch 1-NN,0,27,30.0,0.0,90.0,90.0,0,20,0.0
strong_1nn,Deterministic 6ch 1-NN,0,28,30.0,0.0,90.0,120.0,0,20,0.0
strong_1nn,Deterministic 6ch 1-NN,0,29,30.0,0.0,90.0,150.0,0,20,0.0
strong_1nn,Deterministic 6ch 1-NN,0,30,30.0,0.0,90.0,180.0,0,20,0.0
strong_1nn,Deterministic 6ch 1-NN,0,31,30.0,0.0,90.0,210.0,0,20,0.0
strong_1nn,Deterministic 6ch 1-NN,0,32,30.0,0.0,90.0,240.0,0,20,0.0
strong_1nn,Deterministic 6ch 1-NN,0,33,30.0,0.0,90.0,270.0,0,20,0.0
strong_1nn,Deterministic 6ch 1-NN,0,34,30.0,0.0,90.0,300.0,0,20,0.0
strong_1nn,Deterministic 6ch 1-NN,0,35,30.0,0.0,90.0,330.0,0,20,0.0
strong_1nn,Deterministic 6ch 1-NN,0,36,30.0,0.0,120.0,0.0,1,20,0.05
strong_1nn,Deterministic 6ch 1-NN,0,37,30.0,0.0,120.0,30.0,0,20,0.0
strong_1nn,Deterministic 6ch 1-NN,0,38,30.0,0.0,120.0,60.0,0,20,0.0
strong_1nn,Deterministic 6ch 1-NN,0,39,30.0,0.0,120.0,90.0,0,20,0.0
strong_1nn,Deterministic 6ch 1-NN,0,40,30.0,0.0,120.0,120.0,0,20,0.0
strong_1nn,Deterministic 6ch 1-NN,0,41,30.0,0.0,120.0,150.0,0,20,0.0
strong_1nn,Deterministic 6ch 1-NN,0,42,30.0,0.0,120.0,180.0,0,20,0.0
strong_1nn,Deterministic 6ch 1-NN,0,43,30.0,0.0,120.0,210.0,0,20,0.0
strong_1nn,Deterministic 6ch 1-NN,0,44,30.0,0.0,120.0,240.0,0,20,0.0
strong_1nn,Deterministic 6ch 1-NN,0,45,30.0,0.0,120.0,270.0,0,20,0.0
strong_1nn,Deterministic 6ch 1-NN,0,46,30.0,0.0,120.0,300.0,0,20,0.0
strong_1nn,Deterministic 6ch 1-NN,0,47,30.0,0.0,120.0,330.0,0,20,0.0
strong_1nn,Deterministic 6ch 1-NN,0,48,30.0,0.0,150.0,0.0,0,20,0.0
strong_1nn,Deterministic 6ch 1-NN,0,49,30.0,0.0,150.0,30.0,0,20,0.0
strong_1nn,Deterministic 6ch 1-NN,0,50,30.0,0.0,150.0,60.0,0,20,0.0
strong_1nn,Deterministic 6ch 1-NN,0,51,30.0,0.0,150.0,90.0,0,20,0.0
strong_1nn,Deterministic 6ch 1-NN,0,52,30.0,0.0,150.0,120.0,0,20,0.0
strong_1nn,Deterministic 6ch 1-NN,0,53,30.0,0.0,150.0,150.0,0,20,0.0
strong_1nn,Deterministic 6ch 1-NN,0,54,30.0,0.0,150.0,180.0,0,20,0.0
strong_1nn,Deterministic 6ch 1-NN,0,55,30.0,0.0,150.0,210.0,0,20,0.0
strong_1nn,Deterministic 6ch 1-NN,0,56,30.0,0.0,150.0,240.0,0,20,0.0
strong_1nn,Deterministic 6ch 1-NN,0,57,30.0,0.0,150.0,270.0,0,20,0.0
strong_1nn,Deterministic 6ch 1-NN,0,58,30.0,0.0,150.0,300.0,0,20,0.0
strong_1nn,Deterministic 6ch 1-NN,0,59,30.0,0.0,150.0,330.0,0,20,0.0
strong_1nn,Deterministic 6ch 1-NN,1,0,30.0,30.0,30.0,0.0,0,20,0.0
strong_1nn,Deterministic 6ch 1-NN,1,1,30.0,30.0,30.0,30.0,17,20,0.85
strong_1nn,Deterministic 6ch 1-NN,1,2,30.0,30.0,30.0,60.0,0,20,0.0
strong_1nn,Deterministic 6ch 1-NN,1,3,30.0,30.0,30.0,90.0,0,20,0.0
strong_1nn,Deterministic 6ch 1-NN,1,4,30.0,30.0,30.0,120.0,0,20,0.0
strong_1nn,Deterministic 6ch 1-NN,1,5,30.0,30.0,30.0,150.0,0,20,0.0
strong_1nn,Deterministic 6ch 1-NN,1,6,30.0,30.0,30.0,180.0,0,20,0.0
strong_1nn,Deterministic 6ch 1-NN,1,7,30.0,30.0,30.0,210.0,2,20,0.1
strong_1nn,Deterministic 6ch 1-NN,1,8,30.0,30.0,30.0,240.0,0,20,0.0
strong_1nn,Deterministic 6ch 1-NN,1,9,30.0,30.0,30.0,270.0,0,20,0.0
strong_1nn,Deterministic 6ch 1-NN,1,10,30.0,30.0,30.0,300.0,0,20,0.0
strong_1nn,Deterministic 6ch 1-NN,1,11,30.0,30.0,30.0,330.0,0,20,0.0
strong_1nn,Deterministic 6ch 1-NN,1,12,30.0,30.0,60.0,0.0,0,20,0.0
strong_1nn,Deterministic 6ch 1-NN,1,13,30.0,30.0,60.0,30.0,0,20,0.0
strong_1nn,Deterministic 6ch 1-NN,1,14,30.0,30.0,60.0,60.0,0,20,0.0
strong_1nn,Deterministic 6ch 1-NN,1,15,30.0,30.0,60.0,90.0,0,20,0.0
strong_1nn,Deterministic 6ch 1-NN,1,16,30.0,30.0,60.0,120.0,0,20,0.0
strong_1nn,Deterministic 6ch 1-NN,1,17,30.0,30.0,60.0,150.0,0,20,0.0
strong_1nn,Deterministic 6ch 1-NN,1,18,30.0,30.0,60.0,180.0,0,20,0.0
strong_1nn,Deterministic 6ch 1-NN,1,19,30.0,30.0,60.0,210.0,0,20,0.0
strong_1nn,Deterministic 6ch 1-NN,1,20,30.0,30.0,60.0,240.0,0,20,0.0
strong_1nn,Deterministic 6ch 1-NN,1,21,30.0,30.0,60.0,270.0,0,20,0.0
strong_1nn,Deterministic 6ch 1-NN,1,22,30.0,30.0,60.0,300.0,0,20,0.0
strong_1nn,Deterministic 6ch 1-NN,1,23,30.0,30.0,60.0,330.0,0,20,0.0
strong_1nn,Deterministic 6ch 1-NN,1,24,30.0,30.0,90.0,0.0,0,20,0.0
strong_1nn,Deterministic 6ch 1-NN,1,25,30.0,30.0,90.0,30.0,0,20,0.0
strong_1nn,Deterministic 6ch 1-NN,1,26,30.0,30.0,90.0,60.0,0,20,0.0
strong_1nn,Deterministic 6ch 1-NN,1,27,30.0,30.0,90.0,90.0,0,20,0.0
strong_1nn,Deterministic 6ch 1-NN,1,28,30.0,30.0,90.0,120.0,0,20,0.0
strong_1nn,Deterministic 6ch 1-NN,1,29,30.0,30.0,90.0,150.0,0,20,0.0
strong_1nn,Deterministic 6ch 1-NN,1,30,30.0,30.0,90.0,180.0,0,20,0.0
strong_1nn,Deterministic 6ch 1-NN,1,31,30.0,30.0,90.0,210.0,0,20,0.0
strong_1nn,Deterministic 6ch 1-NN,1,32,30.0,30.0,90.0,240.0,0,20,0.0
strong_1nn,Deterministic 6ch 1-NN,1,33,30.0,30.0,90.0,270.0,0,20,0.0
strong_1nn,Deterministic 6ch 1-NN,1,34,30.0,30.0,90.0,300.0,0,20,0.0
strong_1nn,Deterministic 6ch 1-NN,1,35,30.0,30.0,90.0,330.0,0,20,0.0
strong_1nn,Deterministic 6ch 1-NN,1,36,30.0,30.0,120.0,0.0,0,20,0.0
strong_1nn,Deterministic 6ch 1-NN,1,37,30.0,30.0,120.0,30.0,0,20,0.0
strong_1nn,Deterministic 6ch 1-NN,1,38,30.0,30.0,120.0,60.0,0,20,0.0
strong_1nn,Deterministic 6ch 1-NN,1,39,30.0,30.0,120.0,90.0,0,20,0.0
strong_1nn,Deterministic 6ch 1-NN,1,40,30.0,30.0,120.0,120.0,0,20,0.0
strong_1nn,Deterministic 6ch 1-NN,1,41,30.0,30.0,120.0,150.0,0,20,0.0
strong_1nn,Deterministic 6ch 1-NN,1,42,30.0,30.0,120.0,180.0,0,20,0.0
strong_1nn,Deterministic 6ch 1-NN,1,43,30.0,30.0,120.0,210.0,0,20,0.0
strong_1nn,Deterministic 6ch 1-NN,1,44,30.0,30.0,120.0,240.0,0,20,0.0
strong_1nn,Deterministic 6ch 1-NN,1,45,30.0,30.0,120.0,270.0,0,20,0.0
strong_1nn,Deterministic 6ch 1-NN,1,46,30.0,30.0,120.0,300.0,0,20,0.0
strong_1nn,Deterministic 6ch 1-NN,1,47,30.0,30.0,120.0,330.0,0,20,0.0
strong_1nn,Deterministic 6ch 1-NN,1,48,30.0,30.0,150.0,0.0,0,20,0.0
strong_1nn,Deterministic 6ch 1-NN,1,49,30.0,30.0,150.0,30.0,0,20,0.0
strong_1nn,Deterministic 6ch 1-NN,1,50,30.0,30.0,150.0,60.0,0,20,0.0
strong_1nn,Deterministic 6ch 1-NN,1,51,30.0,30.0,150.0,90.0,0,20,0.0
strong_1nn,Deterministic 6ch 1-NN,1,52,30.0,30.0,150.0,120.0,0,20,0.0
strong_1nn,Deterministic 6ch 1-NN,1,53,30.0,30.0,150.0,150.0,0,20,0.0
strong_1nn,Deterministic 6ch 1-NN,1,54,30.0,30.0,150.0,180.0,0,20,0.0
strong_1nn,Deterministic 6ch 1-NN,1,55,30.0,30.0,150.0,210.0,0,20,0.0
strong_1nn,Deterministic 6ch 1-NN,1,56,30.0,30.0,150.0,240.0,0,20,0.0
strong_1nn,Deterministic 6ch 1-NN,1,57,30.0,30.0,150.0,270.0,0,20,0.0
strong_1nn,Deterministic 6ch 1-NN,1,58,30.0,30.0,150.0,300.0,0,20,0.0
strong_1nn,Deterministic 6ch 1-NN,1,59,30.0,30.0,150.0,330.0,1,20,0.05
strong_1nn,Deterministic 6ch 1-NN,2,0,30.0,60.0,30.0,0.0,0,20,0.0
strong_1nn,Deterministic 6ch 1-NN,2,1,30.0,60.0,30.0,30.0,0,20,0.0
strong_1nn,Deterministic 6ch 1-NN,2,2,30.0,60.0,30.0,60.0,15,20,0.75
strong_1nn,Deterministic 6ch 1-NN,2,3,30.0,60.0,30.0,90.0,0,20,0.0
strong_1nn,Deterministic 6ch 1-NN,2,4,30.0,60.0,30.0,120.0,0,20,0.0
strong_1nn,Deterministic 6ch 1-NN,2,5,30.0,60.0,30.0,150.0,0,20,0.0
strong_1nn,Deterministic 6ch 1-NN,2,6,30.0,60.0,30.0,180.0,0,20,0.0
strong_1nn,Deterministic 6ch 1-NN,2,7,30.0,60.0,30.0,210.0,0,20,0.0
strong_1nn,Deterministic 6ch 1-NN,2,8,30.0,60.0,30.0,240.0,3,20,0.15
strong_1nn,Deterministic 6ch 1-NN,2,9,30.0,60.0,30.0,270.0,0,20,0.0
strong_1nn,Deterministic 6ch 1-NN,2,10,30.0,60.0,30.0,300.0,0,20,0.0
strong_1nn,Deterministic 6ch 1-NN,2,11,30.0,60.0,30.0,330.0,0,20,0.0
strong_1nn,Deterministic 6ch 1-NN,2,12,30.0,60.0,60.0,0.0,0,20,0.0
strong_1nn,Deterministic 6ch 1-NN,2,13,30.0,60.0,60.0,30.0,0,20,0.0
strong_1nn,Deterministic 6ch 1-NN,2,14,30.0,60.0,60.0,60.0,0,20,0.0
strong_1nn,Deterministic 6ch 1-NN,2,15,30.0,60.0,60.0,90.0,0,20,0.0
strong_1nn,Deterministic 6ch 1-NN,2,16,30.0,60.0,60.0,120.0,0,20,0.0
strong_1nn,Deterministic 6ch 1-NN,2,17,30.0,60.0,60.0,150.0,0,20,0.0
strong_1nn,Deterministic 6ch 1-NN,2,18,30.0,60.0,60.0,180.0,0,20,0.0
strong_1nn,Deterministic 6ch 1-NN,2,19,30.0,60.0,60.0,210.0,0,20,0.0
strong_1nn,Deterministic 6ch 1-NN,2,20,30.0,60.0,60.0,240.0,0,20,0.0
strong_1nn,Deterministic 6ch 1-NN,2,21,30.0,60.0,60.0,270.0,0,20,0.0
strong_1nn,Deterministic 6ch 1-NN,2,22,30.0,60.0,60.0,300.0,0,20,0.0
strong_1nn,Deterministic 6ch 1-NN,2,23,30.0,60.0,60.0,330.0,0,20,0.0
strong_1nn,Deterministic 6ch 1-NN,2,24,30.0,60.0,90.0,0.0,0,20,0.0
strong_1nn,Deterministic 6ch 1-NN,2,25,30.0,60.0,90.0,30.0,0,20,0.0
strong_1nn,Deterministic 6ch 1-NN,2,26,30.0,60.0,90.0,60.0,0,20,0.0
strong_1nn,Deterministic 6ch 1-NN,2,27,30.0,60.0,90.0,90.0,0,20,0.0
strong_1nn,Deterministic 6ch 1-NN,2,28,30.0,60.0,90.0,120.0,0,20,0.0
strong_1nn,Deterministic 6ch 1-NN,2,29,30.0,60.0,90.0,150.0,0,20,0.0
strong_1nn,Deterministic 6ch 1-NN,2,30,30.0,60.0,90.0,180.0,0,20,0.0
strong_1nn,Deterministic 6ch 1-NN,2,31,30.0,60.0,90.0,210.0,0,20,0.0
strong_1nn,Deterministic 6ch 1-NN,2,32,30.0,60.0,90.0,240.0,0,20,0.0
strong_1nn,Deterministic 6ch 1-NN,2,33,30.0,60.0,90.0,270.0,0,20,0.0
strong_1nn,Deterministic 6ch 1-NN,2,34,30.0,60.0,90.0,300.0,0,20,0.0
strong_1nn,Deterministic 6ch 1-NN,2,35,30.0,60.0,90.0,330.0,0,20,0.0
strong_1nn,Deterministic 6ch 1-NN,2,36,30.0,60.0,120.0,0.0,0,20,0.0
strong_1nn,Deterministic 6ch 1-NN,2,37,30.0,60.0,120.0,30.0,0,20,0.0
strong_1nn,Deterministic 6ch 1-NN,2,38,30.0,60.0,120.0,60.0,0,20,0.0
strong_1nn,Deterministic 6ch 1-NN,2,39,30.0,60.0,120.0,90.0,0,20,0.0
strong_1nn,Deterministic 6ch 1-NN,2,40,30.0,60.0,120.0,120.0,0,20,0.0
strong_1nn,Deterministic 6ch 1-NN,2,41,30.0,60.0,120.0,150.0,0,20,0.0
strong_1nn,Deterministic 6ch 1-NN,2,42,30.0,60.0,120.0,180.0,0,20,0.0
strong_1nn,Deterministic 6ch 1-NN,2,43,30.0,60.0,120.0,210.0,0,20,0.0
strong_1nn,Deterministic 6ch 1-NN,2,44,30.0,60.0,120.0,240.0,0,20,0.0
strong_1nn,Deterministic 6ch 1-NN,2,45,30.0,60.0,120.0,270.0,0,20,0.0
strong_1nn,Deterministic 6ch 1-NN,2,46,30.0,60.0,120.0,300.0,0,20,0.0
strong_1nn,Deterministic 6ch 1-NN,2,47,30.0,60.0,120.0,330.0,0,20,0.0
strong_1nn,Deterministic 6ch 1-NN,2,48,30.0,60.0,150.0,0.0,0,20,0.0
strong_1nn,Deterministic 6ch 1-NN,2,49,30.0,60.0,150.0,30.0,0,20,0.0
strong_1nn,Deterministic 6ch 1-NN,2,50,30.0,60.0,150.0,60.0,0,20,0.0
strong_1nn,Deterministic 6ch 1-NN,2,51,30.0,60.0,150.0,90.0,0,20,0.0
strong_1nn,Deterministic 6ch 1-NN,2,52,30.0,60.0,150.0,120.0,0,20,0.0
strong_1nn,Deterministic 6ch 1-NN,2,53,30.0,60.0,150.0,150.0,0,20,0.0
strong_1nn,Deterministic 6ch 1-NN,2,54,30.0,60.0,150.0,180.0,0,20,0.0
strong_1nn,Deterministic 6ch 1-NN,2,55,30.0,60.0,150.0,210.0,0,20,0.0
strong_1nn,Deterministic 6ch 1-NN,2,56,30.0,60.0,150.0,240.0,0,20,0.0
strong_1nn,Deterministic 6ch 1-NN,2,57,30.0,60.0,150.0,270.0,0,20,0.0
strong_1nn,Deterministic 6ch 1-NN,2,58,30.0,60.0,150.0,300.0,2,20,0.1
strong_1nn,Deterministic 6ch 1-NN,2,59,30.0,60.0,150.0,330.0,0,20,0.0
strong_1nn,Deterministic 6ch 1-NN,3,0,30.0,90.0,30.0,0.0,0,20,0.0
strong_1nn,Deterministic 6ch 1-NN,3,1,30.0,90.0,30.0,30.0,0,20,0.0
strong_1nn,Deterministic 6ch 1-NN,3,2,30.0,90.0,30.0,60.0,0,20,0.0
strong_1nn,Deterministic 6ch 1-NN,3,3,30.0,90.0,30.0,90.0,14,20,0.7
strong_1nn,Deterministic 6ch 1-NN,3,4,30.0,90.0,30.0,120.0,0,20,0.0
strong_1nn,Deterministic 6ch 1-NN,3,5,30.0,90.0,30.0,150.0,0,20,0.0
strong_1nn,Deterministic 6ch 1-NN,3,6,30.0,90.0,30.0,180.0,0,20,0.0
strong_1nn,Deterministic 6ch 1-NN,3,7,30.0,90.0,30.0,210.0,0,20,0.0
strong_1nn,Deterministic 6ch 1-NN,3,8,30.0,90.0,30.0,240.0,0,20,0.0
strong_1nn,Deterministic 6ch 1-NN,3,9,30.0,90.0,30.0,270.0,3,20,0.15
strong_1nn,Deterministic 6ch 1-NN,3,10,30.0,90.0,30.0,300.0,0,20,0.0
strong_1nn,Deterministic 6ch 1-NN,3,11,30.0,90.0,30.0,330.0,0,20,0.0
strong_1nn,Deterministic 6ch 1-NN,3,12,30.0,90.0,60.0,0.0,0,20,0.0
strong_1nn,Deterministic 6ch 1-NN,3,13,30.0,90.0,60.0,30.0,0,20,0.0
strong_1nn,Deterministic 6ch 1-NN,3,14,30.0,90.0,60.0,60.0,0,20,0.0
strong_1nn,Deterministic 6ch 1-NN,3,15,30.0,90.0,60.0,90.0,0,20,0.0
strong_1nn,Deterministic 6ch 1-NN,3,16,30.0,90.0,60.0,120.0,0,20,0.0
strong_1nn,Deterministic 6ch 1-NN,3,17,30.0,90.0,60.0,150.0,0,20,0.0
strong_1nn,Deterministic 6ch 1-NN,3,18,30.0,90.0,60.0,180.0,0,20,0.0
strong_1nn,Deterministic 6ch 1-NN,3,19,30.0,90.0,60.0,210.0,0,20,0.0
strong_1nn,Deterministic 6ch 1-NN,3,20,30.0,90.0,60.0,240.0,0,20,0.0
strong_1nn,Deterministic 6ch 1-NN,3,21,30.0,90.0,60.0,270.0,0,20,0.0
strong_1nn,Deterministic 6ch 1-NN,3,22,30.0,90.0,60.0,300.0,0,20,0.0
strong_1nn,Deterministic 6ch 1-NN,3,23,30.0,90.0,60.0,330.0,0,20,0.0
strong_1nn,Deterministic 6ch 1-NN,3,24,30.0,90.0,90.0,0.0,0,20,0.0
strong_1nn,Deterministic 6ch 1-NN,3,25,30.0,90.0,90.0,30.0,0,20,0.0
strong_1nn,Deterministic 6ch 1-NN,3,26,30.0,90.0,90.0,60.0,0,20,0.0
strong_1nn,Deterministic 6ch 1-NN,3,27,30.0,90.0,90.0,90.0,0,20,0.0
strong_1nn,Deterministic 6ch 1-NN,3,28,30.0,90.0,90.0,120.0,1,20,0.05
strong_1nn,Deterministic 6ch 1-NN,3,29,30.0,90.0,90.0,150.0,0,20,0.0
strong_1nn,Deterministic 6ch 1-NN,3,30,30.0,90.0,90.0,180.0,0,20,0.0
strong_1nn,Deterministic 6ch 1-NN,3,31,30.0,90.0,90.0,210.0,0,20,0.0
strong_1nn,Deterministic 6ch 1-NN,3,32,30.0,90.0,90.0,240.0,0,20,0.0
strong_1nn,Deterministic 6ch 1-NN,3,33,30.0,90.0,90.0,270.0,0,20,0.0
strong_1nn,Deterministic 6ch 1-NN,3,34,30.0,90.0,90.0,300.0,1,20,0.05
strong_1nn,Deterministic 6ch 1-NN,3,35,30.0,90.0,90.0,330.0,0,20,0.0
strong_1nn,Deterministic 6ch 1-NN,3,36,30.0,90.0,120.0,0.0,0,20,0.0
strong_1nn,Deterministic 6ch 1-NN,3,37,30.0,90.0,120.0,30.0,0,20,0.0
strong_1nn,Deterministic 6ch 1-NN,3,38,30.0,90.0,120.0,60.0,0,20,0.0
strong_1nn,Deterministic 6ch 1-NN,3,39,30.0,90.0,120.0,90.0,0,20,0.0
strong_1nn,Deterministic 6ch 1-NN,3,40,30.0,90.0,120.0,120.0,0,20,0.0
strong_1nn,Deterministic 6ch 1-NN,3,41,30.0,90.0,120.0,150.0,0,20,0.0
strong_1nn,Deterministic 6ch 1-NN,3,42,30.0,90.0,120.0,180.0,0,20,0.0
strong_1nn,Deterministic 6ch 1-NN,3,43,30.0,90.0,120.0,210.0,0,20,0.0
strong_1nn,Deterministic 6ch 1-NN,3,44,30.0,90.0,120.0,240.0,0,20,0.0
strong_1nn,Deterministic 6ch 1-NN,3,45,30.0,90.0,120.0,270.0,0,20,0.0
strong_1nn,Deterministic 6ch 1-NN,3,46,30.0,90.0,120.0,300.0,0,20,0.0
strong_1nn,Deterministic 6ch 1-NN,3,47,30.0,90.0,120.0,330.0,0,20,0.0
strong_1nn,Deterministic 6ch 1-NN,3,48,30.0,90.0,150.0,0.0,0,20,0.0
strong_1nn,Deterministic 6ch 1-NN,3,49,30.0,90.0,150.0,30.0,0,20,0.0
strong_1nn,Deterministic 6ch 1-NN,3,50,30.0,90.0,150.0,60.0,0,20,0.0
strong_1nn,Deterministic 6ch 1-NN,3,51,30.0,90.0,150.0,90.0,1,20,0.05
strong_1nn,Deterministic 6ch 1-NN,3,52,30.0,90.0,150.0,120.0,0,20,0.0
strong_1nn,Deterministic 6ch 1-NN,3,53,30.0,90.0,150.0,150.0,0,20,0.0
strong_1nn,Deterministic 6ch 1-NN,3,54,30.0,90.0,150.0,180.0,0,20,0.0
strong_1nn,Deterministic 6ch 1-NN,3,55,30.0,90.0,150.0,210.0,0,20,0.0
strong_1nn,Deterministic 6ch 1-NN,3,56,30.0,90.0,150.0,240.0,0,20,0.0
strong_1nn,Deterministic 6ch 1-NN,3,57,30.0,90.0,150.0,270.0,0,20,0.0
strong_1nn,Deterministic 6ch 1-NN,3,58,30.0,90.0,150.0,300.0,0,20,0.0
strong_1nn,Deterministic 6ch 1-NN,3,59,30.0,90.0,150.0,330.0,0,20,0.0
strong_1nn,Deterministic 6ch 1-NN,4,0,30.0,120.0,30.0,0.0,0,20,0.0
strong_1nn,Deterministic 6ch 1-NN,4,1,30.0,120.0,30.0,30.0,0,20,0.0
strong_1nn,Deterministic 6ch 1-NN,4,2,30.0,120.0,30.0,60.0,0,20,0.0
strong_1nn,Deterministic 6ch 1-NN,4,3,30.0,120.0,30.0,90.0,0,20,0.0
strong_1nn,Deterministic 6ch 1-NN,4,4,30.0,120.0,30.0,120.0,15,20,0.75
strong_1nn,Deterministic 6ch 1-NN,4,5,30.0,120.0,30.0,150.0,0,20,0.0
strong_1nn,Deterministic 6ch 1-NN,4,6,30.0,120.0,30.0,180.0,0,20,0.0
strong_1nn,Deterministic 6ch 1-NN,4,7,30.0,120.0,30.0,210.0,0,20,0.0
strong_1nn,Deterministic 6ch 1-NN,4,8,30.0,120.0,30.0,240.0,0,20,0.0
strong_1nn,Deterministic 6ch 1-NN,4,9,30.0,120.0,30.0,270.0,0,20,0.0
strong_1nn,Deterministic 6ch 1-NN,4,10,30.0,120.0,30.0,300.0,3,20,0.15
strong_1nn,Deterministic 6ch 1-NN,4,11,30.0,120.0,30.0,330.0,0,20,0.0
strong_1nn,Deterministic 6ch 1-NN,4,12,30.0,120.0,60.0,0.0,0,20,0.0
strong_1nn,Deterministic 6ch 1-NN,4,13,30.0,120.0,60.0,30.0,0,20,0.0
strong_1nn,Deterministic 6ch 1-NN,4,14,30.0,120.0,60.0,60.0,0,20,0.0
strong_1nn,Deterministic 6ch 1-NN,4,15,30.0,120.0,60.0,90.0,0,20,0.0
strong_1nn,Deterministic 6ch 1-NN,4,16,30.0,120.0,60.0,120.0,0,20,0.0
strong_1nn,Deterministic 6ch 1-NN,4,17,30.0,120.0,60.0,150.0,0,20,0.0
strong_1nn,Deterministic 6ch 1-NN,4,18,30.0,120.0,60.0,180.0,0,20,0.0
strong_1nn,Deterministic 6ch 1-NN,4,19,30.0,120.0,60.0,210.0,0,20,0.0
strong_1nn,Deterministic 6ch 1-NN,4,20,30.0,120.0,60.0,240.0,0,20,0.0
strong_1nn,Deterministic 6ch 1-NN,4,21,30.0,120.0,60.0,270.0,0,20,0.0
strong_1nn,Deterministic 6ch 1-NN,4,22,30.0,120.0,60.0,300.0,0,20,0.0
strong_1nn,Deterministic 6ch 1-NN,4,23,30.0,120.0,60.0,330.0,0,20,0.0
strong_1nn,Deterministic 6ch 1-NN,4,24,30.0,120.0,90.0,0.0,0,20,0.0
strong_1nn,Deterministic 6ch 1-NN,4,25,30.0,120.0,90.0,30.0,0,20,0.0
strong_1nn,Deterministic 6ch 1-NN,4,26,30.0,120.0,90.0,60.0,0,20,0.0
strong_1nn,Deterministic 6ch 1-NN,4,27,30.0,120.0,90.0,90.0,0,20,0.0
strong_1nn,Deterministic 6ch 1-NN,4,28,30.0,120.0,90.0,120.0,0,20,0.0
strong_1nn,Deterministic 6ch 1-NN,4,29,30.0,120.0,90.0,150.0,0,20,0.0
strong_1nn,Deterministic 6ch 1-NN,4,30,30.0,120.0,90.0,180.0,0,20,0.0
strong_1nn,Deterministic 6ch 1-NN,4,31,30.0,120.0,90.0,210.0,0,20,0.0
strong_1nn,Deterministic 6ch 1-NN,4,32,30.0,120.0,90.0,240.0,0,20,0.0
strong_1nn,Deterministic 6ch 1-NN,4,33,30.0,120.0,90.0,270.0,0,20,0.0
strong_1nn,Deterministic 6ch 1-NN,4,34,30.0,120.0,90.0,300.0,0,20,0.0
strong_1nn,Deterministic 6ch 1-NN,4,35,30.0,120.0,90.0,330.0,0,20,0.0
strong_1nn,Deterministic 6ch 1-NN,4,36,30.0,120.0,120.0,0.0,0,20,0.0
strong_1nn,Deterministic 6ch 1-NN,4,37,30.0,120.0,120.0,30.0,0,20,0.0
strong_1nn,Deterministic 6ch 1-NN,4,38,30.0,120.0,120.0,60.0,0,20,0.0
strong_1nn,Deterministic 6ch 1-NN,4,39,30.0,120.0,120.0,90.0,0,20,0.0
strong_1nn,Deterministic 6ch 1-NN,4,40,30.0,120.0,120.0,120.0,0,20,0.0
strong_1nn,Deterministic 6ch 1-NN,4,41,30.0,120.0,120.0,150.0,0,20,0.0
strong_1nn,Deterministic 6ch 1-NN,4,42,30.0,120.0,120.0,180.0,0,20,0.0
strong_1nn,Deterministic 6ch 1-NN,4,43,30.0,120.0,120.0,210.0,0,20,0.0
strong_1nn,Deterministic 6ch 1-NN,4,44,30.0,120.0,120.0,240.0,0,20,0.0
strong_1nn,Deterministic 6ch 1-NN,4,45,30.0,120.0,120.0,270.0,0,20,0.0
strong_1nn,Deterministic 6ch 1-NN,4,46,30.0,120.0,120.0,300.0,0,20,0.0
strong_1nn,Deterministic 6ch 1-NN,4,47,30.0,120.0,120.0,330.0,0,20,0.0
strong_1nn,Deterministic 6ch 1-NN,4,48,30.0,120.0,150.0,0.0,0,20,0.0
strong_1nn,Deterministic 6ch 1-NN,4,49,30.0,120.0,150.0,30.0,0,20,0.0
strong_1nn,Deterministic 6ch 1-NN,4,50,30.0,120.0,150.0,60.0,2,20,0.1
strong_1nn,Deterministic 6ch 1-NN,4,51,30.0,120.0,150.0,90.0,0,20,0.0
strong_1nn,Deterministic 6ch 1-NN,4,52,30.0,120.0,150.0,120.0,0,20,0.0
strong_1nn,Deterministic 6ch 1-NN,4,53,30.0,120.0,150.0,150.0,0,20,0.0
strong_1nn,Deterministic 6ch 1-NN,4,54,30.0,120.0,150.0,180.0,0,20,0.0
strong_1nn,Deterministic 6ch 1-NN,4,55,30.0,120.0,150.0,210.0,0,20,0.0
strong_1nn,Deterministic 6ch 1-NN,4,56,30.0,120.0,150.0,240.0,0,20,0.0
strong_1nn,Deterministic 6ch 1-NN,4,57,30.0,120.0,150.0,270.0,0,20,0.0
strong_1nn,Deterministic 6ch 1-NN,4,58,30.0,120.0,150.0,300.0,0,20,0.0
strong_1nn,Deterministic 6ch 1-NN,4,59,30.0,120.0,150.0,330.0,0,20,0.0
strong_1nn,Deterministic 6ch 1-NN,5,0,30.0,150.0,30.0,0.0,0,20,0.0
strong_1nn,Deterministic 6ch 1-NN,5,1,30.0,150.0,30.0,30.0,0,20,0.0
strong_1nn,Deterministic 6ch 1-NN,5,2,30.0,150.0,30.0,60.0,0,20,0.0
strong_1nn,Deterministic 6ch 1-NN,5,3,30.0,150.0,30.0,90.0,0,20,0.0
strong_1nn,Deterministic 6ch 1-NN,5,4,30.0,150.0,30.0,120.0,0,20,0.0
strong_1nn,Deterministic 6ch 1-NN,5,5,30.0,150.0,30.0,150.0,17,20,0.85
strong_1nn,Deterministic 6ch 1-NN,5,6,30.0,150.0,30.0,180.0,0,20,0.0
strong_1nn,Deterministic 6ch 1-NN,5,7,30.0,150.0,30.0,210.0,0,20,0.0
strong_1nn,Deterministic 6ch 1-NN,5,8,30.0,150.0,30.0,240.0,0,20,0.0
strong_1nn,Deterministic 6ch 1-NN,5,9,30.0,150.0,30.0,270.0,0,20,0.0
strong_1nn,Deterministic 6ch 1-NN,5,10,30.0,150.0,30.0,300.0,0,20,0.0
strong_1nn,Deterministic 6ch 1-NN,5,11,30.0,150.0,30.0,330.0,2,20,0.1
strong_1nn,Deterministic 6ch 1-NN,5,12,30.0,150.0,60.0,0.0,0,20,0.0
strong_1nn,Deterministic 6ch 1-NN,5,13,30.0,150.0,60.0,30.0,0,20,0.0
strong_1nn,Deterministic 6ch 1-NN,5,14,30.0,150.0,60.0,60.0,0,20,0.0
strong_1nn,Deterministic 6ch 1-NN,5,15,30.0,150.0,60.0,90.0,0,20,0.0
strong_1nn,Deterministic 6ch 1-NN,5,16,30.0,150.0,60.0,120.0,0,20,0.0
strong_1nn,Deterministic 6ch 1-NN,5,17,30.0,150.0,60.0,150.0,0,20,0.0
strong_1nn,Deterministic 6ch 1-NN,5,18,30.0,150.0,60.0,180.0,0,20,0.0
strong_1nn,Deterministic 6ch 1-NN,5,19,30.0,150.0,60.0,210.0,0,20,0.0
strong_1nn,Deterministic 6ch 1-NN,5,20,30.0,150.0,60.0,240.0,0,20,0.0
strong_1nn,Deterministic 6ch 1-NN,5,21,30.0,150.0,60.0,270.0,0,20,0.0
strong_1nn,Deterministic 6ch 1-NN,5,22,30.0,150.0,60.0,300.0,0,20,0.0
strong_1nn,Deterministic 6ch 1-NN,5,23,30.0,150.0,60.0,330.0,0,20,0.0
strong_1nn,Deterministic 6ch 1-NN,5,24,30.0,150.0,90.0,0.0,0,20,0.0
strong_1nn,Deterministic 6ch 1-NN,5,25,30.0,150.0,90.0,30.0,0,20,0.0
strong_1nn,Deterministic 6ch 1-NN,5,26,30.0,150.0,90.0,60.0,0,20,0.0
strong_1nn,Deterministic 6ch 1-NN,5,27,30.0,150.0,90.0,90.0,0,20,0.0
strong_1nn,Deterministic 6ch 1-NN,5,28,30.0,150.0,90.0,120.0,0,20,0.0
strong_1nn,Deterministic 6ch 1-NN,5,29,30.0,150.0,90.0,150.0,0,20,0.0
strong_1nn,Deterministic 6ch 1-NN,5,30,30.0,150.0,90.0,180.0,0,20,0.0
strong_1nn,Deterministic 6ch 1-NN,5,31,30.0,150.0,90.0,210.0,0,20,0.0
strong_1nn,Deterministic 6ch 1-NN,5,32,30.0,150.0,90.0,240.0,0,20,0.0
strong_1nn,Deterministic 6ch 1-NN,5,33,30.0,150.0,90.0,270.0,0,20,0.0
strong_1nn,Deterministic 6ch 1-NN,5,34,30.0,150.0,90.0,300.0,0,20,0.0
strong_1nn,Deterministic 6ch 1-NN,5,35,30.0,150.0,90.0,330.0,0,20,0.0
strong_1nn,Deterministic 6ch 1-NN,5,36,30.0,150.0,120.0,0.0,0,20,0.0
strong_1nn,Deterministic 6ch 1-NN,5,37,30.0,150.0,120.0,30.0,0,20,0.0
strong_1nn,Deterministic 6ch 1-NN,5,38,30.0,150.0,120.0,60.0,0,20,0.0
strong_1nn,Deterministic 6ch 1-NN,5,39,30.0,150.0,120.0,90.0,0,20,0.0
strong_1nn,Deterministic 6ch 1-NN,5,40,30.0,150.0,120.0,120.0,0,20,0.0
strong_1nn,Deterministic 6ch 1-NN,5,41,30.0,150.0,120.0,150.0,0,20,0.0
strong_1nn,Deterministic 6ch 1-NN,5,42,30.0,150.0,120.0,180.0,0,20,0.0
strong_1nn,Deterministic 6ch 1-NN,5,43,30.0,150.0,120.0,210.0,0,20,0.0
strong_1nn,Deterministic 6ch 1-NN,5,44,30.0,150.0,120.0,240.0,0,20,0.0
strong_1nn,Deterministic 6ch 1-NN,5,45,30.0,150.0,120.0,270.0,0,20,0.0
strong_1nn,Deterministic 6ch 1-NN,5,46,30.0,150.0,120.0,300.0,0,20,0.0
strong_1nn,Deterministic 6ch 1-NN,5,47,30.0,150.0,120.0,330.0,0,20,0.0
strong_1nn,Deterministic 6ch 1-NN,5,48,30.0,150.0,150.0,0.0,0,20,0.0
strong_1nn,Deterministic 6ch 1-NN,5,49,30.0,150.0,150.0,30.0,1,20,0.05
strong_1nn,Deterministic 6ch 1-NN,5,50,30.0,150.0,150.0,60.0,0,20,0.0
strong_1nn,Deterministic 6ch 1-NN,5,51,30.0,150.0,150.0,90.0,0,20,0.0
strong_1nn,Deterministic 6ch 1-NN,5,52,30.0,150.0,150.0,120.0,0,20,0.0
strong_1nn,Deterministic 6ch 1-NN,5,53,30.0,150.0,150.0,150.0,0,20,0.0
strong_1nn,Deterministic 6ch 1-NN,5,54,30.0,150.0,150.0,180.0,0,20,0.0
strong_1nn,Deterministic 6ch 1-NN,5,55,30.0,150.0,150.0,210.0,0,20,0.0
strong_1nn,Deterministic 6ch 1-NN,5,56,30.0,150.0,150.0,240.0,0,20,0.0
strong_1nn,Deterministic 6ch 1-NN,5,57,30.0,150.0,150.0,270.0,0,20,0.0
strong_1nn,Deterministic 6ch 1-NN,5,58,30.0,150.0,150.0,300.0,0,20,0.0
strong_1nn,Deterministic 6ch 1-NN,5,59,30.0,150.0,150.0,330.0,0,20,0.0
strong_1nn,Deterministic 6ch 1-NN,6,0,30.0,180.0,30.0,0.0,0,20,0.0
strong_1nn,Deterministic 6ch 1-NN,6,1,30.0,180.0,30.0,30.0,0,20,0.0
strong_1nn,Deterministic 6ch 1-NN,6,2,30.0,180.0,30.0,60.0,0,20,0.0
strong_1nn,Deterministic 6ch 1-NN,6,3,30.0,180.0,30.0,90.0,0,20,0.0
strong_1nn,Deterministic 6ch 1-NN,6,4,30.0,180.0,30.0,120.0,0,20,0.0
strong_1nn,Deterministic 6ch 1-NN,6,5,30.0,180.0,30.0,150.0,0,20,0.0
strong_1nn,Deterministic 6ch 1-NN,6,6,30.0,180.0,30.0,180.0,15,20,0.75
strong_1nn,Deterministic 6ch 1-NN,6,7,30.0,180.0,30.0,210.0,0,20,0.0
strong_1nn,Deterministic 6ch 1-NN,6,8,30.0,180.0,30.0,240.0,0,20,0.0
strong_1nn,Deterministic 6ch 1-NN,6,9,30.0,180.0,30.0,270.0,0,20,0.0
strong_1nn,Deterministic 6ch 1-NN,6,10,30.0,180.0,30.0,300.0,0,20,0.0
strong_1nn,Deterministic 6ch 1-NN,6,11,30.0,180.0,30.0,330.0,0,20,0.0
strong_1nn,Deterministic 6ch 1-NN,6,12,30.0,180.0,60.0,0.0,1,20,0.05
strong_1nn,Deterministic 6ch 1-NN,6,13,30.0,180.0,60.0,30.0,0,20,0.0
strong_1nn,Deterministic 6ch 1-NN,6,14,30.0,180.0,60.0,60.0,0,20,0.0
strong_1nn,Deterministic 6ch 1-NN,6,15,30.0,180.0,60.0,90.0,0,20,0.0
strong_1nn,Deterministic 6ch 1-NN,6,16,30.0,180.0,60.0,120.0,0,20,0.0
strong_1nn,Deterministic 6ch 1-NN,6,17,30.0,180.0,60.0,150.0,0,20,0.0
strong_1nn,Deterministic 6ch 1-NN,6,18,30.0,180.0,60.0,180.0,2,20,0.1
strong_1nn,Deterministic 6ch 1-NN,6,19,30.0,180.0,60.0,210.0,0,20,0.0
strong_1nn,Deterministic 6ch 1-NN,6,20,30.0,180.0,60.0,240.0,0,20,0.0
strong_1nn,Deterministic 6ch 1-NN,6,21,30.0,180.0,60.0,270.0,0,20,0.0
strong_1nn,Deterministic 6ch 1-NN,6,22,30.0,180.0,60.0,300.0,0,20,0.0
strong_1nn,Deterministic 6ch 1-NN,6,23,30.0,180.0,60.0,330.0,0,20,0.0
strong_1nn,Deterministic 6ch 1-NN,6,24,30.0,180.0,90.0,0.0,0,20,0.0
strong_1nn,Deterministic 6ch 1-NN,6,25,30.0,180.0,90.0,30.0,0,20,0.0
strong_1nn,Deterministic 6ch 1-NN,6,26,30.0,180.0,90.0,60.0,0,20,0.0
strong_1nn,Deterministic 6ch 1-NN,6,27,30.0,180.0,90.0,90.0,0,20,0.0
strong_1nn,Deterministic 6ch 1-NN,6,28,30.0,180.0,90.0,120.0,0,20,0.0
strong_1nn,Deterministic 6ch 1-NN,6,29,30.0,180.0,90.0,150.0,0,20,0.0
strong_1nn,Deterministic 6ch 1-NN,6,30,30.0,180.0,90.0,180.0,0,20,0.0
strong_1nn,Deterministic 6ch 1-NN,6,31,30.0,180.0,90.0,210.0,0,20,0.0
strong_1nn,Deterministic 6ch 1-NN,6,32,30.0,180.0,90.0,240.0,0,20,0.0
strong_1nn,Deterministic 6ch 1-NN,6,33,30.0,180.0,90.0,270.0,0,20,0.0
strong_1nn,Deterministic 6ch 1-NN,6,34,30.0,180.0,90.0,300.0,0,20,0.0
strong_1nn,Deterministic 6ch 1-NN,6,35,30.0,180.0,90.0,330.0,0,20,0.0
strong_1nn,Deterministic 6ch 1-NN,6,36,30.0,180.0,120.0,0.0,1,20,0.05
strong_1nn,Deterministic 6ch 1-NN,6,37,30.0,180.0,120.0,30.0,0,20,0.0
strong_1nn,Deterministic 6ch 1-NN,6,38,30.0,180.0,120.0,60.0,0,20,0.0
strong_1nn,Deterministic 6ch 1-NN,6,39,30.0,180.0,120.0,90.0,0,20,0.0
strong_1nn,Deterministic 6ch 1-NN,6,40,30.0,180.0,120.0,120.0,0,20,0.0
strong_1nn,Deterministic 6ch 1-NN,6,41,30.0,180.0,120.0,150.0,0,20,0.0
strong_1nn,Deterministic 6ch 1-NN,6,42,30.0,180.0,120.0,180.0,0,20,0.0
strong_1nn,Deterministic 6ch 1-NN,6,43,30.0,180.0,120.0,210.0,0,20,0.0
strong_1nn,Deterministic 6ch 1-NN,6,44,30.0,180.0,120.0,240.0,0,20,0.0
strong_1nn,Deterministic 6ch 1-NN,6,45,30.0,180.0,120.0,270.0,0,20,0.0
strong_1nn,Deterministic 6ch 1-NN,6,46,30.0,180.0,120.0,300.0,0,20,0.0
strong_1nn,Deterministic 6ch 1-NN,6,47,30.0,180.0,120.0,330.0,0,20,0.0
strong_1nn,Deterministic 6ch 1-NN,6,48,30.0,180.0,150.0,0.0,0,20,0.0
strong_1nn,Deterministic 6ch 1-NN,6,49,30.0,180.0,150.0,30.0,0,20,0.0
strong_1nn,Deterministic 6ch 1-NN,6,50,30.0,180.0,150.0,60.0,0,20,0.0
strong_1nn,Deterministic 6ch 1-NN,6,51,30.0,180.0,150.0,90.0,0,20,0.0
strong_1nn,Deterministic 6ch 1-NN,6,52,30.0,180.0,150.0,120.0,0,20,0.0
strong_1nn,Deterministic 6ch 1-NN,6,53,30.0,180.0,150.0,150.0,0,20,0.0
strong_1nn,Deterministic 6ch 1-NN,6,54,30.0,180.0,150.0,180.0,0,20,0.0
strong_1nn,Deterministic 6ch 1-NN,6,55,30.0,180.0,150.0,210.0,0,20,0.0
strong_1nn,Deterministic 6ch 1-NN,6,56,30.0,180.0,150.0,240.0,0,20,0.0
strong_1nn,Deterministic 6ch 1-NN,6,57,30.0,180.0,150.0,270.0,0,20,0.0
strong_1nn,Deterministic 6ch 1-NN,6,58,30.0,180.0,150.0,300.0,0,20,0.0
strong_1nn,Deterministic 6ch 1-NN,6,59,30.0,180.0,150.0,330.0,1,20,0.05
strong_1nn,Deterministic 6ch 1-NN,7,0,30.0,210.0,30.0,0.0,0,20,0.0
strong_1nn,Deterministic 6ch 1-NN,7,1,30.0,210.0,30.0,30.0,3,20,0.15
strong_1nn,Deterministic 6ch 1-NN,7,2,30.0,210.0,30.0,60.0,0,20,0.0
strong_1nn,Deterministic 6ch 1-NN,7,3,30.0,210.0,30.0,90.0,0,20,0.0
strong_1nn,Deterministic 6ch 1-NN,7,4,30.0,210.0,30.0,120.0,0,20,0.0
strong_1nn,Deterministic 6ch 1-NN,7,5,30.0,210.0,30.0,150.0,0,20,0.0
strong_1nn,Deterministic 6ch 1-NN,7,6,30.0,210.0,30.0,180.0,0,20,0.0
strong_1nn,Deterministic 6ch 1-NN,7,7,30.0,210.0,30.0,210.0,15,20,0.75
strong_1nn,Deterministic 6ch 1-NN,7,8,30.0,210.0,30.0,240.0,0,20,0.0
strong_1nn,Deterministic 6ch 1-NN,7,9,30.0,210.0,30.0,270.0,0,20,0.0
strong_1nn,Deterministic 6ch 1-NN,7,10,30.0,210.0,30.0,300.0,0,20,0.0
strong_1nn,Deterministic 6ch 1-NN,7,11,30.0,210.0,30.0,330.0,0,20,0.0
strong_1nn,Deterministic 6ch 1-NN,7,12,30.0,210.0,60.0,0.0,0,20,0.0
strong_1nn,Deterministic 6ch 1-NN,7,13,30.0,210.0,60.0,30.0,0,20,0.0
strong_1nn,Deterministic 6ch 1-NN,7,14,30.0,210.0,60.0,60.0,0,20,0.0
strong_1nn,Deterministic 6ch 1-NN,7,15,30.0,210.0,60.0,90.0,0,20,0.0
strong_1nn,Deterministic 6ch 1-NN,7,16,30.0,210.0,60.0,120.0,0,20,0.0
strong_1nn,Deterministic 6ch 1-NN,7,17,30.0,210.0,60.0,150.0,0,20,0.0
strong_1nn,Deterministic 6ch 1-NN,7,18,30.0,210.0,60.0,180.0,0,20,0.0
strong_1nn,Deterministic 6ch 1-NN,7,19,30.0,210.0,60.0,210.0,0,20,0.0
strong_1nn,Deterministic 6ch 1-NN,7,20,30.0,210.0,60.0,240.0,0,20,0.0
strong_1nn,Deterministic 6ch 1-NN,7,21,30.0,210.0,60.0,270.0,0,20,0.0
strong_1nn,Deterministic 6ch 1-NN,7,22,30.0,210.0,60.0,300.0,0,20,0.0
strong_1nn,Deterministic 6ch 1-NN,7,23,30.0,210.0,60.0,330.0,0,20,0.0
strong_1nn,Deterministic 6ch 1-NN,7,24,30.0,210.0,90.0,0.0,0,20,0.0
strong_1nn,Deterministic 6ch 1-NN,7,25,30.0,210.0,90.0,30.0,0,20,0.0
strong_1nn,Deterministic 6ch 1-NN,7,26,30.0,210.0,90.0,60.0,0,20,0.0
strong_1nn,Deterministic 6ch 1-NN,7,27,30.0,210.0,90.0,90.0,0,20,0.0
strong_1nn,Deterministic 6ch 1-NN,7,28,30.0,210.0,90.0,120.0,0,20,0.0
strong_1nn,Deterministic 6ch 1-NN,7,29,30.0,210.0,90.0,150.0,0,20,0.0
strong_1nn,Deterministic 6ch 1-NN,7,30,30.0,210.0,90.0,180.0,0,20,0.0
strong_1nn,Deterministic 6ch 1-NN,7,31,30.0,210.0,90.0,210.0,0,20,0.0
strong_1nn,Deterministic 6ch 1-NN,7,32,30.0,210.0,90.0,240.0,0,20,0.0
strong_1nn,Deterministic 6ch 1-NN,7,33,30.0,210.0,90.0,270.0,0,20,0.0
strong_1nn,Deterministic 6ch 1-NN,7,34,30.0,210.0,90.0,300.0,0,20,0.0
strong_1nn,Deterministic 6ch 1-NN,7,35,30.0,210.0,90.0,330.0,0,20,0.0
strong_1nn,Deterministic 6ch 1-NN,7,36,30.0,210.0,120.0,0.0,0,20,0.0
strong_1nn,Deterministic 6ch 1-NN,7,37,30.0,210.0,120.0,30.0,0,20,0.0
strong_1nn,Deterministic 6ch 1-NN,7,38,30.0,210.0,120.0,60.0,0,20,0.0
strong_1nn,Deterministic 6ch 1-NN,7,39,30.0,210.0,120.0,90.0,0,20,0.0
strong_1nn,Deterministic 6ch 1-NN,7,40,30.0,210.0,120.0,120.0,0,20,0.0
strong_1nn,Deterministic 6ch 1-NN,7,41,30.0,210.0,120.0,150.0,0,20,0.0
strong_1nn,Deterministic 6ch 1-NN,7,42,30.0,210.0,120.0,180.0,0,20,0.0
strong_1nn,Deterministic 6ch 1-NN,7,43,30.0,210.0,120.0,210.0,0,20,0.0
strong_1nn,Deterministic 6ch 1-NN,7,44,30.0,210.0,120.0,240.0,0,20,0.0
strong_1nn,Deterministic 6ch 1-NN,7,45,30.0,210.0,120.0,270.0,0,20,0.0
strong_1nn,Deterministic 6ch 1-NN,7,46,30.0,210.0,120.0,300.0,0,20,0.0
strong_1nn,Deterministic 6ch 1-NN,7,47,30.0,210.0,120.0,330.0,0,20,0.0
strong_1nn,Deterministic 6ch 1-NN,7,48,30.0,210.0,150.0,0.0,0,20,0.0
strong_1nn,Deterministic 6ch 1-NN,7,49,30.0,210.0,150.0,30.0,0,20,0.0
strong_1nn,Deterministic 6ch 1-NN,7,50,30.0,210.0,150.0,60.0,0,20,0.0
strong_1nn,Deterministic 6ch 1-NN,7,51,30.0,210.0,150.0,90.0,0,20,0.0
strong_1nn,Deterministic 6ch 1-NN,7,52,30.0,210.0,150.0,120.0,0,20,0.0
strong_1nn,Deterministic 6ch 1-NN,7,53,30.0,210.0,150.0,150.0,0,20,0.0
strong_1nn,Deterministic 6ch 1-NN,7,54,30.0,210.0,150.0,180.0,0,20,0.0
strong_1nn,Deterministic 6ch 1-NN,7,55,30.0,210.0,150.0,210.0,0,20,0.0
strong_1nn,Deterministic 6ch 1-NN,7,56,30.0,210.0,150.0,240.0,0,20,0.0
strong_1nn,Deterministic 6ch 1-NN,7,57,30.0,210.0,150.0,270.0,0,20,0.0
strong_1nn,Deterministic 6ch 1-NN,7,58,30.0,210.0,150.0,300.0,0,20,0.0
strong_1nn,Deterministic 6ch 1-NN,7,59,30.0,210.0,150.0,330.0,2,20,0.1
strong_1nn,Deterministic 6ch 1-NN,8,0,30.0,240.0,30.0,0.0,0,20,0.0
strong_1nn,Deterministic 6ch 1-NN,8,1,30.0,240.0,30.0,30.0,0,20,0.0
strong_1nn,Deterministic 6ch 1-NN,8,2,30.0,240.0,30.0,60.0,1,20,0.05
strong_1nn,Deterministic 6ch 1-NN,8,3,30.0,240.0,30.0,90.0,0,20,0.0
strong_1nn,Deterministic 6ch 1-NN,8,4,30.0,240.0,30.0,120.0,0,20,0.0
strong_1nn,Deterministic 6ch 1-NN,8,5,30.0,240.0,30.0,150.0,0,20,0.0
strong_1nn,Deterministic 6ch 1-NN,8,6,30.0,240.0,30.0,180.0,0,20,0.0
strong_1nn,Deterministic 6ch 1-NN,8,7,30.0,240.0,30.0,210.0,0,20,0.0
strong_1nn,Deterministic 6ch 1-NN,8,8,30.0,240.0,30.0,240.0,14,20,0.7
strong_1nn,Deterministic 6ch 1-NN,8,9,30.0,240.0,30.0,270.0,0,20,0.0
strong_1nn,Deterministic 6ch 1-NN,8,10,30.0,240.0,30.0,300.0,0,20,0.0
strong_1nn,Deterministic 6ch 1-NN,8,11,30.0,240.0,30.0,330.0,0,20,0.0
strong_1nn,Deterministic 6ch 1-NN,8,12,30.0,240.0,60.0,0.0,0,20,0.0
strong_1nn,Deterministic 6ch 1-NN,8,13,30.0,240.0,60.0,30.0,0,20,0.0
strong_1nn,Deterministic 6ch 1-NN,8,14,30.0,240.0,60.0,60.0,2,20,0.1
strong_1nn,Deterministic 6ch 1-NN,8,15,30.0,240.0,60.0,90.0,0,20,0.0
strong_1nn,Deterministic 6ch 1-NN,8,16,30.0,240.0,60.0,120.0,0,20,0.0
strong_1nn,Deterministic 6ch 1-NN,8,17,30.0,240.0,60.0,150.0,0,20,0.0
strong_1nn,Deterministic 6ch 1-NN,8,18,30.0,240.0,60.0,180.0,0,20,0.0
strong_1nn,Deterministic 6ch 1-NN,8,19,30.0,240.0,60.0,210.0,0,20,0.0
strong_1nn,Deterministic 6ch 1-NN,8,20,30.0,240.0,60.0,240.0,0,20,0.0
strong_1nn,Deterministic 6ch 1-NN,8,21,30.0,240.0,60.0,270.0,0,20,0.0
strong_1nn,Deterministic 6ch 1-NN,8,22,30.0,240.0,60.0,300.0,0,20,0.0
strong_1nn,Deterministic 6ch 1-NN,8,23,30.0,240.0,60.0,330.0,0,20,0.0
strong_1nn,Deterministic 6ch 1-NN,8,24,30.0,240.0,90.0,0.0,0,20,0.0
strong_1nn,Deterministic 6ch 1-NN,8,25,30.0,240.0,90.0,30.0,0,20,0.0
strong_1nn,Deterministic 6ch 1-NN,8,26,30.0,240.0,90.0,60.0,0,20,0.0
strong_1nn,Deterministic 6ch 1-NN,8,27,30.0,240.0,90.0,90.0,0,20,0.0
strong_1nn,Deterministic 6ch 1-NN,8,28,30.0,240.0,90.0,120.0,0,20,0.0
strong_1nn,Deterministic 6ch 1-NN,8,29,30.0,240.0,90.0,150.0,0,20,0.0
strong_1nn,Deterministic 6ch 1-NN,8,30,30.0,240.0,90.0,180.0,0,20,0.0
strong_1nn,Deterministic 6ch 1-NN,8,31,30.0,240.0,90.0,210.0,0,20,0.0
strong_1nn,Deterministic 6ch 1-NN,8,32,30.0,240.0,90.0,240.0,0,20,0.0
strong_1nn,Deterministic 6ch 1-NN,8,33,30.0,240.0,90.0,270.0,0,20,0.0
strong_1nn,Deterministic 6ch 1-NN,8,34,30.0,240.0,90.0,300.0,0,20,0.0
strong_1nn,Deterministic 6ch 1-NN,8,35,30.0,240.0,90.0,330.0,0,20,0.0
strong_1nn,Deterministic 6ch 1-NN,8,36,30.0,240.0,120.0,0.0,0,20,0.0
strong_1nn,Deterministic 6ch 1-NN,8,37,30.0,240.0,120.0,30.0,0,20,0.0
strong_1nn,Deterministic 6ch 1-NN,8,38,30.0,240.0,120.0,60.0,0,20,0.0
strong_1nn,Deterministic 6ch 1-NN,8,39,30.0,240.0,120.0,90.0,0,20,0.0
strong_1nn,Deterministic 6ch 1-NN,8,40,30.0,240.0,120.0,120.0,0,20,0.0
strong_1nn,Deterministic 6ch 1-NN,8,41,30.0,240.0,120.0,150.0,0,20,0.0
strong_1nn,Deterministic 6ch 1-NN,8,42,30.0,240.0,120.0,180.0,0,20,0.0
strong_1nn,Deterministic 6ch 1-NN,8,43,30.0,240.0,120.0,210.0,0,20,0.0
strong_1nn,Deterministic 6ch 1-NN,8,44,30.0,240.0,120.0,240.0,0,20,0.0
strong_1nn,Deterministic 6ch 1-NN,8,45,30.0,240.0,120.0,270.0,0,20,0.0
strong_1nn,Deterministic 6ch 1-NN,8,46,30.0,240.0,120.0,300.0,0,20,0.0
strong_1nn,Deterministic 6ch 1-NN,8,47,30.0,240.0,120.0,330.0,0,20,0.0
strong_1nn,Deterministic 6ch 1-NN,8,48,30.0,240.0,150.0,0.0,0,20,0.0
strong_1nn,Deterministic 6ch 1-NN,8,49,30.0,240.0,150.0,30.0,0,20,0.0
strong_1nn,Deterministic 6ch 1-NN,8,50,30.0,240.0,150.0,60.0,0,20,0.0
strong_1nn,Deterministic 6ch 1-NN,8,51,30.0,240.0,150.0,90.0,0,20,0.0
strong_1nn,Deterministic 6ch 1-NN,8,52,30.0,240.0,150.0,120.0,2,20,0.1
strong_1nn,Deterministic 6ch 1-NN,8,53,30.0,240.0,150.0,150.0,0,20,0.0
strong_1nn,Deterministic 6ch 1-NN,8,54,30.0,240.0,150.0,180.0,0,20,0.0
strong_1nn,Deterministic 6ch 1-NN,8,55,30.0,240.0,150.0,210.0,0,20,0.0
strong_1nn,Deterministic 6ch 1-NN,8,56,30.0,240.0,150.0,240.0,0,20,0.0
strong_1nn,Deterministic 6ch 1-NN,8,57,30.0,240.0,150.0,270.0,0,20,0.0
strong_1nn,Deterministic 6ch 1-NN,8,58,30.0,240.0,150.0,300.0,1,20,0.05
strong_1nn,Deterministic 6ch 1-NN,8,59,30.0,240.0,150.0,330.0,0,20,0.0
strong_1nn,Deterministic 6ch 1-NN,9,0,30.0,270.0,30.0,0.0,0,20,0.0
strong_1nn,Deterministic 6ch 1-NN,9,1,30.0,270.0,30.0,30.0,0,20,0.0
strong_1nn,Deterministic 6ch 1-NN,9,2,30.0,270.0,30.0,60.0,0,20,0.0
strong_1nn,Deterministic 6ch 1-NN,9,3,30.0,270.0,30.0,90.0,1,20,0.05
strong_1nn,Deterministic 6ch 1-NN,9,4,30.0,270.0,30.0,120.0,0,20,0.0
strong_1nn,Deterministic 6ch 1-NN,9,5,30.0,270.0,30.0,150.0,0,20,0.0
strong_1nn,Deterministic 6ch 1-NN,9,6,30.0,270.0,30.0,180.0,0,20,0.0
strong_1nn,Deterministic 6ch 1-NN,9,7,30.0,270.0,30.0,210.0,0,20,0.0
strong_1nn,Deterministic 6ch 1-NN,9,8,30.0,270.0,30.0,240.0,0,20,0.0
strong_1nn,Deterministic 6ch 1-NN,9,9,30.0,270.0,30.0,270.0,14,20,0.7
strong_1nn,Deterministic 6ch 1-NN,9,10,30.0,270.0,30.0,300.0,2,20,0.1
strong_1nn,Deterministic 6ch 1-NN,9,11,30.0,270.0,30.0,330.0,0,20,0.0
strong_1nn,Deterministic 6ch 1-NN,9,12,30.0,270.0,60.0,0.0,0,20,0.0
strong_1nn,Deterministic 6ch 1-NN,9,13,30.0,270.0,60.0,30.0,0,20,0.0
strong_1nn,Deterministic 6ch 1-NN,9,14,30.0,270.0,60.0,60.0,0,20,0.0
strong_1nn,Deterministic 6ch 1-NN,9,15,30.0,270.0,60.0,90.0,0,20,0.0
strong_1nn,Deterministic 6ch 1-NN,9,16,30.0,270.0,60.0,120.0,0,20,0.0
strong_1nn,Deterministic 6ch 1-NN,9,17,30.0,270.0,60.0,150.0,0,20,0.0
strong_1nn,Deterministic 6ch 1-NN,9,18,30.0,270.0,60.0,180.0,0,20,0.0
strong_1nn,Deterministic 6ch 1-NN,9,19,30.0,270.0,60.0,210.0,0,20,0.0
strong_1nn,Deterministic 6ch 1-NN,9,20,30.0,270.0,60.0,240.0,0,20,0.0
strong_1nn,Deterministic 6ch 1-NN,9,21,30.0,270.0,60.0,270.0,0,20,0.0
strong_1nn,Deterministic 6ch 1-NN,9,22,30.0,270.0,60.0,300.0,0,20,0.0
strong_1nn,Deterministic 6ch 1-NN,9,23,30.0,270.0,60.0,330.0,0,20,0.0
strong_1nn,Deterministic 6ch 1-NN,9,24,30.0,270.0,90.0,0.0,0,20,0.0
strong_1nn,Deterministic 6ch 1-NN,9,25,30.0,270.0,90.0,30.0,0,20,0.0
strong_1nn,Deterministic 6ch 1-NN,9,26,30.0,270.0,90.0,60.0,0,20,0.0
strong_1nn,Deterministic 6ch 1-NN,9,27,30.0,270.0,90.0,90.0,0,20,0.0
strong_1nn,Deterministic 6ch 1-NN,9,28,30.0,270.0,90.0,120.0,0,20,0.0
strong_1nn,Deterministic 6ch 1-NN,9,29,30.0,270.0,90.0,150.0,0,20,0.0
strong_1nn,Deterministic 6ch 1-NN,9,30,30.0,270.0,90.0,180.0,0,20,0.0
strong_1nn,Deterministic 6ch 1-NN,9,31,30.0,270.0,90.0,210.0,0,20,0.0
strong_1nn,Deterministic 6ch 1-NN,9,32,30.0,270.0,90.0,240.0,0,20,0.0
strong_1nn,Deterministic 6ch 1-NN,9,33,30.0,270.0,90.0,270.0,0,20,0.0
strong_1nn,Deterministic 6ch 1-NN,9,34,30.0,270.0,90.0,300.0,0,20,0.0
strong_1nn,Deterministic 6ch 1-NN,9,35,30.0,270.0,90.0,330.0,0,20,0.0
strong_1nn,Deterministic 6ch 1-NN,9,36,30.0,270.0,120.0,0.0,0,20,0.0
strong_1nn,Deterministic 6ch 1-NN,9,37,30.0,270.0,120.0,30.0,0,20,0.0
strong_1nn,Deterministic 6ch 1-NN,9,38,30.0,270.0,120.0,60.0,1,20,0.05
strong_1nn,Deterministic 6ch 1-NN,9,39,30.0,270.0,120.0,90.0,0,20,0.0
strong_1nn,Deterministic 6ch 1-NN,9,40,30.0,270.0,120.0,120.0,0,20,0.0
strong_1nn,Deterministic 6ch 1-NN,9,41,30.0,270.0,120.0,150.0,0,20,0.0
strong_1nn,Deterministic 6ch 1-NN,9,42,30.0,270.0,120.0,180.0,0,20,0.0
strong_1nn,Deterministic 6ch 1-NN,9,43,30.0,270.0,120.0,210.0,0,20,0.0
strong_1nn,Deterministic 6ch 1-NN,9,44,30.0,270.0,120.0,240.0,0,20,0.0
strong_1nn,Deterministic 6ch 1-NN,9,45,30.0,270.0,120.0,270.0,0,20,0.0
strong_1nn,Deterministic 6ch 1-NN,9,46,30.0,270.0,120.0,300.0,0,20,0.0
strong_1nn,Deterministic 6ch 1-NN,9,47,30.0,270.0,120.0,330.0,0,20,0.0
strong_1nn,Deterministic 6ch 1-NN,9,48,30.0,270.0,150.0,0.0,0,20,0.0
strong_1nn,Deterministic 6ch 1-NN,9,49,30.0,270.0,150.0,30.0,0,20,0.0
strong_1nn,Deterministic 6ch 1-NN,9,50,30.0,270.0,150.0,60.0,1,20,0.05
strong_1nn,Deterministic 6ch 1-NN,9,51,30.0,270.0,150.0,90.0,0,20,0.0
strong_1nn,Deterministic 6ch 1-NN,9,52,30.0,270.0,150.0,120.0,0,20,0.0
strong_1nn,Deterministic 6ch 1-NN,9,53,30.0,270.0,150.0,150.0,0,20,0.0
strong_1nn,Deterministic 6ch 1-NN,9,54,30.0,270.0,150.0,180.0,0,20,0.0
strong_1nn,Deterministic 6ch 1-NN,9,55,30.0,270.0,150.0,210.0,0,20,0.0
strong_1nn,Deterministic 6ch 1-NN,9,56,30.0,270.0,150.0,240.0,0,20,0.0
strong_1nn,Deterministic 6ch 1-NN,9,57,30.0,270.0,150.0,270.0,1,20,0.05
strong_1nn,Deterministic 6ch 1-NN,9,58,30.0,270.0,150.0,300.0,0,20,0.0
strong_1nn,Deterministic 6ch 1-NN,9,59,30.0,270.0,150.0,330.0,0,20,0.0
strong_1nn,Deterministic 6ch 1-NN,10,0,30.0,300.0,30.0,0.0,0,20,0.0
strong_1nn,Deterministic 6ch 1-NN,10,1,30.0,300.0,30.0,30.0,0,20,0.0
strong_1nn,Deterministic 6ch 1-NN,10,2,30.0,300.0,30.0,60.0,0,20,0.0
strong_1nn,Deterministic 6ch 1-NN,10,3,30.0,300.0,30.0,90.0,0,20,0.0
strong_1nn,Deterministic 6ch 1-NN,10,4,30.0,300.0,30.0,120.0,0,20,0.0
strong_1nn,Deterministic 6ch 1-NN,10,5,30.0,300.0,30.0,150.0,0,20,0.0
strong_1nn,Deterministic 6ch 1-NN,10,6,30.0,300.0,30.0,180.0,0,20,0.0
strong_1nn,Deterministic 6ch 1-NN,10,7,30.0,300.0,30.0,210.0,0,20,0.0
strong_1nn,Deterministic 6ch 1-NN,10,8,30.0,300.0,30.0,240.0,0,20,0.0
strong_1nn,Deterministic 6ch 1-NN,10,9,30.0,300.0,30.0,270.0,0,20,0.0
strong_1nn,Deterministic 6ch 1-NN,10,10,30.0,300.0,30.0,300.0,19,20,0.95
strong_1nn,Deterministic 6ch 1-NN,10,11,30.0,300.0,30.0,330.0,0,20,0.0
strong_1nn,Deterministic 6ch 1-NN,10,12,30.0,300.0,60.0,0.0,0,20,0.0
strong_1nn,Deterministic 6ch 1-NN,10,13,30.0,300.0,60.0,30.0,0,20,0.0
strong_1nn,Deterministic 6ch 1-NN,10,14,30.0,300.0,60.0,60.0,0,20,0.0
strong_1nn,Deterministic 6ch 1-NN,10,15,30.0,300.0,60.0,90.0,0,20,0.0
strong_1nn,Deterministic 6ch 1-NN,10,16,30.0,300.0,60.0,120.0,0,20,0.0
strong_1nn,Deterministic 6ch 1-NN,10,17,30.0,300.0,60.0,150.0,0,20,0.0
strong_1nn,Deterministic 6ch 1-NN,10,18,30.0,300.0,60.0,180.0,0,20,0.0
strong_1nn,Deterministic 6ch 1-NN,10,19,30.0,300.0,60.0,210.0,0,20,0.0
strong_1nn,Deterministic 6ch 1-NN,10,20,30.0,300.0,60.0,240.0,0,20,0.0
strong_1nn,Deterministic 6ch 1-NN,10,21,30.0,300.0,60.0,270.0,0,20,0.0
strong_1nn,Deterministic 6ch 1-NN,10,22,30.0,300.0,60.0,300.0,0,20,0.0
strong_1nn,Deterministic 6ch 1-NN,10,23,30.0,300.0,60.0,330.0,0,20,0.0
strong_1nn,Deterministic 6ch 1-NN,10,24,30.0,300.0,90.0,0.0,0,20,0.0
strong_1nn,Deterministic 6ch 1-NN,10,25,30.0,300.0,90.0,30.0,0,20,0.0
strong_1nn,Deterministic 6ch 1-NN,10,26,30.0,300.0,90.0,60.0,0,20,0.0
strong_1nn,Deterministic 6ch 1-NN,10,27,30.0,300.0,90.0,90.0,0,20,0.0
strong_1nn,Deterministic 6ch 1-NN,10,28,30.0,300.0,90.0,120.0,0,20,0.0
strong_1nn,Deterministic 6ch 1-NN,10,29,30.0,300.0,90.0,150.0,0,20,0.0
strong_1nn,Deterministic 6ch 1-NN,10,30,30.0,300.0,90.0,180.0,0,20,0.0
strong_1nn,Deterministic 6ch 1-NN,10,31,30.0,300.0,90.0,210.0,0,20,0.0
strong_1nn,Deterministic 6ch 1-NN,10,32,30.0,300.0,90.0,240.0,0,20,0.0
strong_1nn,Deterministic 6ch 1-NN,10,33,30.0,300.0,90.0,270.0,0,20,0.0
strong_1nn,Deterministic 6ch 1-NN,10,34,30.0,300.0,90.0,300.0,0,20,0.0
strong_1nn,Deterministic 6ch 1-NN,10,35,30.0,300.0,90.0,330.0,0,20,0.0
strong_1nn,Deterministic 6ch 1-NN,10,36,30.0,300.0,120.0,0.0,0,20,0.0
strong_1nn,Deterministic 6ch 1-NN,10,37,30.0,300.0,120.0,30.0,0,20,0.0
strong_1nn,Deterministic 6ch 1-NN,10,38,30.0,300.0,120.0,60.0,0,20,0.0
strong_1nn,Deterministic 6ch 1-NN,10,39,30.0,300.0,120.0,90.0,0,20,0.0
strong_1nn,Deterministic 6ch 1-NN,10,40,30.0,300.0,120.0,120.0,0,20,0.0
strong_1nn,Deterministic 6ch 1-NN,10,41,30.0,300.0,120.0,150.0,0,20,0.0
strong_1nn,Deterministic 6ch 1-NN,10,42,30.0,300.0,120.0,180.0,0,20,0.0
strong_1nn,Deterministic 6ch 1-NN,10,43,30.0,300.0,120.0,210.0,0,20,0.0
strong_1nn,Deterministic 6ch 1-NN,10,44,30.0,300.0,120.0,240.0,0,20,0.0
strong_1nn,Deterministic 6ch 1-NN,10,45,30.0,300.0,120.0,270.0,0,20,0.0
strong_1nn,Deterministic 6ch 1-NN,10,46,30.0,300.0,120.0,300.0,0,20,0.0
strong_1nn,Deterministic 6ch 1-NN,10,47,30.0,300.0,120.0,330.0,0,20,0.0
strong_1nn,Deterministic 6ch 1-NN,10,48,30.0,300.0,150.0,0.0,0,20,0.0
strong_1nn,Deterministic 6ch 1-NN,10,49,30.0,300.0,150.0,30.0,0,20,0.0
strong_1nn,Deterministic 6ch 1-NN,10,50,30.0,300.0,150.0,60.0,1,20,0.05
strong_1nn,Deterministic 6ch 1-NN,10,51,30.0,300.0,150.0,90.0,0,20,0.0
strong_1nn,Deterministic 6ch 1-NN,10,52,30.0,300.0,150.0,120.0,0,20,0.0
strong_1nn,Deterministic 6ch 1-NN,10,53,30.0,300.0,150.0,150.0,0,20,0.0
strong_1nn,Deterministic 6ch 1-NN,10,54,30.0,300.0,150.0,180.0,0,20,0.0
strong_1nn,Deterministic 6ch 1-NN,10,55,30.0,300.0,150.0,210.0,0,20,0.0
strong_1nn,Deterministic 6ch 1-NN,10,56,30.0,300.0,150.0,240.0,0,20,0.0
strong_1nn,Deterministic 6ch 1-NN,10,57,30.0,300.0,150.0,270.0,0,20,0.0
strong_1nn,Deterministic 6ch 1-NN,10,58,30.0,300.0,150.0,300.0,0,20,0.0
strong_1nn,Deterministic 6ch 1-NN,10,59,30.0,300.0,150.0,330.0,0,20,0.0
strong_1nn,Deterministic 6ch 1-NN,11,0,30.0,330.0,30.0,0.0,0,20,0.0
strong_1nn,Deterministic 6ch 1-NN,11,1,30.0,330.0,30.0,30.0,0,20,0.0
strong_1nn,Deterministic 6ch 1-NN,11,2,30.0,330.0,30.0,60.0,0,20,0.0
strong_1nn,Deterministic 6ch 1-NN,11,3,30.0,330.0,30.0,90.0,0,20,0.0
strong_1nn,Deterministic 6ch 1-NN,11,4,30.0,330.0,30.0,120.0,0,20,0.0
strong_1nn,Deterministic 6ch 1-NN,11,5,30.0,330.0,30.0,150.0,1,20,0.05
strong_1nn,Deterministic 6ch 1-NN,11,6,30.0,330.0,30.0,180.0,0,20,0.0
strong_1nn,Deterministic 6ch 1-NN,11,7,30.0,330.0,30.0,210.0,0,20,0.0
strong_1nn,Deterministic 6ch 1-NN,11,8,30.0,330.0,30.0,240.0,0,20,0.0
strong_1nn,Deterministic 6ch 1-NN,11,9,30.0,330.0,30.0,270.0,0,20,0.0
strong_1nn,Deterministic 6ch 1-NN,11,10,30.0,330.0,30.0,300.0,0,20,0.0
strong_1nn,Deterministic 6ch 1-NN,11,11,30.0,330.0,30.0,330.0,18,20,0.9
strong_1nn,Deterministic 6ch 1-NN,11,12,30.0,330.0,60.0,0.0,0,20,0.0
strong_1nn,Deterministic 6ch 1-NN,11,13,30.0,330.0,60.0,30.0,0,20,0.0
strong_1nn,Deterministic 6ch 1-NN,11,14,30.0,330.0,60.0,60.0,0,20,0.0
strong_1nn,Deterministic 6ch 1-NN,11,15,30.0,330.0,60.0,90.0,0,20,0.0
strong_1nn,Deterministic 6ch 1-NN,11,16,30.0,330.0,60.0,120.0,0,20,0.0
strong_1nn,Deterministic 6ch 1-NN,11,17,30.0,330.0,60.0,150.0,0,20,0.0
strong_1nn,Deterministic 6ch 1-NN,11,18,30.0,330.0,60.0,180.0,0,20,0.0
strong_1nn,Deterministic 6ch 1-NN,11,19,30.0,330.0,60.0,210.0,0,20,0.0
strong_1nn,Deterministic 6ch 1-NN,11,20,30.0,330.0,60.0,240.0,0,20,0.0
strong_1nn,Deterministic 6ch 1-NN,11,21,30.0,330.0,60.0,270.0,0,20,0.0
strong_1nn,Deterministic 6ch 1-NN,11,22,30.0,330.0,60.0,300.0,0,20,0.0
strong_1nn,Deterministic 6ch 1-NN,11,23,30.0,330.0,60.0,330.0,0,20,0.0
strong_1nn,Deterministic 6ch 1-NN,11,24,30.0,330.0,90.0,0.0,0,20,0.0
strong_1nn,Deterministic 6ch 1-NN,11,25,30.0,330.0,90.0,30.0,0,20,0.0
strong_1nn,Deterministic 6ch 1-NN,11,26,30.0,330.0,90.0,60.0,0,20,0.0
strong_1nn,Deterministic 6ch 1-NN,11,27,30.0,330.0,90.0,90.0,0,20,0.0
strong_1nn,Deterministic 6ch 1-NN,11,28,30.0,330.0,90.0,120.0,0,20,0.0
strong_1nn,Deterministic 6ch 1-NN,11,29,30.0,330.0,90.0,150.0,0,20,0.0
strong_1nn,Deterministic 6ch 1-NN,11,30,30.0,330.0,90.0,180.0,0,20,0.0
strong_1nn,Deterministic 6ch 1-NN,11,31,30.0,330.0,90.0,210.0,0,20,0.0
strong_1nn,Deterministic 6ch 1-NN,11,32,30.0,330.0,90.0,240.0,0,20,0.0
strong_1nn,Deterministic 6ch 1-NN,11,33,30.0,330.0,90.0,270.0,0,20,0.0
strong_1nn,Deterministic 6ch 1-NN,11,34,30.0,330.0,90.0,300.0,0,20,0.0
strong_1nn,Deterministic 6ch 1-NN,11,35,30.0,330.0,90.0,330.0,0,20,0.0
strong_1nn,Deterministic 6ch 1-NN,11,36,30.0,330.0,120.0,0.0,0,20,0.0
strong_1nn,Deterministic 6ch 1-NN,11,37,30.0,330.0,120.0,30.0,0,20,0.0
strong_1nn,Deterministic 6ch 1-NN,11,38,30.0,330.0,120.0,60.0,0,20,0.0
strong_1nn,Deterministic 6ch 1-NN,11,39,30.0,330.0,120.0,90.0,0,20,0.0
strong_1nn,Deterministic 6ch 1-NN,11,40,30.0,330.0,120.0,120.0,0,20,0.0
strong_1nn,Deterministic 6ch 1-NN,11,41,30.0,330.0,120.0,150.0,0,20,0.0
strong_1nn,Deterministic 6ch 1-NN,11,42,30.0,330.0,120.0,180.0,0,20,0.0
strong_1nn,Deterministic 6ch 1-NN,11,43,30.0,330.0,120.0,210.0,0,20,0.0
strong_1nn,Deterministic 6ch 1-NN,11,44,30.0,330.0,120.0,240.0,0,20,0.0
strong_1nn,Deterministic 6ch 1-NN,11,45,30.0,330.0,120.0,270.0,0,20,0.0
strong_1nn,Deterministic 6ch 1-NN,11,46,30.0,330.0,120.0,300.0,0,20,0.0
strong_1nn,Deterministic 6ch 1-NN,11,47,30.0,330.0,120.0,330.0,0,20,0.0
strong_1nn,Deterministic 6ch 1-NN,11,48,30.0,330.0,150.0,0.0,0,20,0.0
strong_1nn,Deterministic 6ch 1-NN,11,49,30.0,330.0,150.0,30.0,1,20,0.05
strong_1nn,Deterministic 6ch 1-NN,11,50,30.0,330.0,150.0,60.0,0,20,0.0
strong_1nn,Deterministic 6ch 1-NN,11,51,30.0,330.0,150.0,90.0,0,20,0.0
strong_1nn,Deterministic 6ch 1-NN,11,52,30.0,330.0,150.0,120.0,0,20,0.0
strong_1nn,Deterministic 6ch 1-NN,11,53,30.0,330.0,150.0,150.0,0,20,0.0
strong_1nn,Deterministic 6ch 1-NN,11,54,30.0,330.0,150.0,180.0,0,20,0.0
strong_1nn,Deterministic 6ch 1-NN,11,55,30.0,330.0,150.0,210.0,0,20,0.0
strong_1nn,Deterministic 6ch 1-NN,11,56,30.0,330.0,150.0,240.0,0,20,0.0
strong_1nn,Deterministic 6ch 1-NN,11,57,30.0,330.0,150.0,270.0,0,20,0.0
strong_1nn,Deterministic 6ch 1-NN,11,58,30.0,330.0,150.0,300.0,0,20,0.0
strong_1nn,Deterministic 6ch 1-NN,11,59,30.0,330.0,150.0,330.0,0,20,0.0
strong_1nn,Deterministic 6ch 1-NN,12,0,60.0,0.0,30.0,0.0,2,20,0.1
strong_1nn,Deterministic 6ch 1-NN,12,1,60.0,0.0,30.0,30.0,0,20,0.0
strong_1nn,Deterministic 6ch 1-NN,12,2,60.0,0.0,30.0,60.0,0,20,0.0
strong_1nn,Deterministic 6ch 1-NN,12,3,60.0,0.0,30.0,90.0,0,20,0.0
strong_1nn,Deterministic 6ch 1-NN,12,4,60.0,0.0,30.0,120.0,0,20,0.0
strong_1nn,Deterministic 6ch 1-NN,12,5,60.0,0.0,30.0,150.0,0,20,0.0
strong_1nn,Deterministic 6ch 1-NN,12,6,60.0,0.0,30.0,180.0,2,20,0.1
strong_1nn,Deterministic 6ch 1-NN,12,7,60.0,0.0,30.0,210.0,0,20,0.0
strong_1nn,Deterministic 6ch 1-NN,12,8,60.0,0.0,30.0,240.0,0,20,0.0
strong_1nn,Deterministic 6ch 1-NN,12,9,60.0,0.0,30.0,270.0,0,20,0.0
strong_1nn,Deterministic 6ch 1-NN,12,10,60.0,0.0,30.0,300.0,0,20,0.0
strong_1nn,Deterministic 6ch 1-NN,12,11,60.0,0.0,30.0,330.0,0,20,0.0
strong_1nn,Deterministic 6ch 1-NN,12,12,60.0,0.0,60.0,0.0,14,20,0.7
strong_1nn,Deterministic 6ch 1-NN,12,13,60.0,0.0,60.0,30.0,0,20,0.0
strong_1nn,Deterministic 6ch 1-NN,12,14,60.0,0.0,60.0,60.0,0,20,0.0
strong_1nn,Deterministic 6ch 1-NN,12,15,60.0,0.0,60.0,90.0,0,20,0.0
strong_1nn,Deterministic 6ch 1-NN,12,16,60.0,0.0,60.0,120.0,0,20,0.0
strong_1nn,Deterministic 6ch 1-NN,12,17,60.0,0.0,60.0,150.0,0,20,0.0
strong_1nn,Deterministic 6ch 1-NN,12,18,60.0,0.0,60.0,180.0,2,20,0.1
strong_1nn,Deterministic 6ch 1-NN,12,19,60.0,0.0,60.0,210.0,0,20,0.0
strong_1nn,Deterministic 6ch 1-NN,12,20,60.0,0.0,60.0,240.0,0,20,0.0
strong_1nn,Deterministic 6ch 1-NN,12,21,60.0,0.0,60.0,270.0,0,20,0.0
strong_1nn,Deterministic 6ch 1-NN,12,22,60.0,0.0,60.0,300.0,0,20,0.0
strong_1nn,Deterministic 6ch 1-NN,12,23,60.0,0.0,60.0,330.0,0,20,0.0
strong_1nn,Deterministic 6ch 1-NN,12,24,60.0,0.0,90.0,0.0,0,20,0.0
strong_1nn,Deterministic 6ch 1-NN,12,25,60.0,0.0,90.0,30.0,0,20,0.0
strong_1nn,Deterministic 6ch 1-NN,12,26,60.0,0.0,90.0,60.0,0,20,0.0
strong_1nn,Deterministic 6ch 1-NN,12,27,60.0,0.0,90.0,90.0,0,20,0.0
strong_1nn,Deterministic 6ch 1-NN,12,28,60.0,0.0,90.0,120.0,0,20,0.0
strong_1nn,Deterministic 6ch 1-NN,12,29,60.0,0.0,90.0,150.0,0,20,0.0
strong_1nn,Deterministic 6ch 1-NN,12,30,60.0,0.0,90.0,180.0,0,20,0.0
strong_1nn,Deterministic 6ch 1-NN,12,31,60.0,0.0,90.0,210.0,0,20,0.0
strong_1nn,Deterministic 6ch 1-NN,12,32,60.0,0.0,90.0,240.0,0,20,0.0
strong_1nn,Deterministic 6ch 1-NN,12,33,60.0,0.0,90.0,270.0,0,20,0.0
strong_1nn,Deterministic 6ch 1-NN,12,34,60.0,0.0,90.0,300.0,0,20,0.0
strong_1nn,Deterministic 6ch 1-NN,12,35,60.0,0.0,90.0,330.0,0,20,0.0
strong_1nn,Deterministic 6ch 1-NN,12,36,60.0,0.0,120.0,0.0,0,20,0.0
strong_1nn,Deterministic 6ch 1-NN,12,37,60.0,0.0,120.0,30.0,0,20,0.0
strong_1nn,Deterministic 6ch 1-NN,12,38,60.0,0.0,120.0,60.0,0,20,0.0
strong_1nn,Deterministic 6ch 1-NN,12,39,60.0,0.0,120.0,90.0,0,20,0.0
strong_1nn,Deterministic 6ch 1-NN,12,40,60.0,0.0,120.0,120.0,0,20,0.0
strong_1nn,Deterministic 6ch 1-NN,12,41,60.0,0.0,120.0,150.0,0,20,0.0
strong_1nn,Deterministic 6ch 1-NN,12,42,60.0,0.0,120.0,180.0,0,20,0.0
strong_1nn,Deterministic 6ch 1-NN,12,43,60.0,0.0,120.0,210.0,0,20,0.0
strong_1nn,Deterministic 6ch 1-NN,12,44,60.0,0.0,120.0,240.0,0,20,0.0
strong_1nn,Deterministic 6ch 1-NN,12,45,60.0,0.0,120.0,270.0,0,20,0.0
strong_1nn,Deterministic 6ch 1-NN,12,46,60.0,0.0,120.0,300.0,0,20,0.0
strong_1nn,Deterministic 6ch 1-NN,12,47,60.0,0.0,120.0,330.0,0,20,0.0
strong_1nn,Deterministic 6ch 1-NN,12,48,60.0,0.0,150.0,0.0,0,20,0.0
strong_1nn,Deterministic 6ch 1-NN,12,49,60.0,0.0,150.0,30.0,0,20,0.0
strong_1nn,Deterministic 6ch 1-NN,12,50,60.0,0.0,150.0,60.0,0,20,0.0
strong_1nn,Deterministic 6ch 1-NN,12,51,60.0,0.0,150.0,90.0,0,20,0.0
strong_1nn,Deterministic 6ch 1-NN,12,52,60.0,0.0,150.0,120.0,0,20,0.0
strong_1nn,Deterministic 6ch 1-NN,12,53,60.0,0.0,150.0,150.0,0,20,0.0
strong_1nn,Deterministic 6ch 1-NN,12,54,60.0,0.0,150.0,180.0,0,20,0.0
strong_1nn,Deterministic 6ch 1-NN,12,55,60.0,0.0,150.0,210.0,0,20,0.0
strong_1nn,Deterministic 6ch 1-NN,12,56,60.0,0.0,150.0,240.0,0,20,0.0
strong_1nn,Deterministic 6ch 1-NN,12,57,60.0,0.0,150.0,270.0,0,20,0.0
strong_1nn,Deterministic 6ch 1-NN,12,58,60.0,0.0,150.0,300.0,0,20,0.0
strong_1nn,Deterministic 6ch 1-NN,12,59,60.0,0.0,150.0,330.0,0,20,0.0
strong_1nn,Deterministic 6ch 1-NN,13,0,60.0,30.0,30.0,0.0,0,20,0.0
strong_1nn,Deterministic 6ch 1-NN,13,1,60.0,30.0,30.0,30.0,0,20,0.0
strong_1nn,Deterministic 6ch 1-NN,13,2,60.0,30.0,30.0,60.0,0,20,0.0
strong_1nn,Deterministic 6ch 1-NN,13,3,60.0,30.0,30.0,90.0,0,20,0.0
strong_1nn,Deterministic 6ch 1-NN,13,4,60.0,30.0,30.0,120.0,0,20,0.0
strong_1nn,Deterministic 6ch 1-NN,13,5,60.0,30.0,30.0,150.0,0,20,0.0
strong_1nn,Deterministic 6ch 1-NN,13,6,60.0,30.0,30.0,180.0,0,20,0.0
strong_1nn,Deterministic 6ch 1-NN,13,7,60.0,30.0,30.0,210.0,0,20,0.0
strong_1nn,Deterministic 6ch 1-NN,13,8,60.0,30.0,30.0,240.0,0,20,0.0
strong_1nn,Deterministic 6ch 1-NN,13,9,60.0,30.0,30.0,270.0,0,20,0.0
strong_1nn,Deterministic 6ch 1-NN,13,10,60.0,30.0,30.0,300.0,0,20,0.0
strong_1nn,Deterministic 6ch 1-NN,13,11,60.0,30.0,30.0,330.0,0,20,0.0
strong_1nn,Deterministic 6ch 1-NN,13,12,60.0,30.0,60.0,0.0,0,20,0.0
strong_1nn,Deterministic 6ch 1-NN,13,13,60.0,30.0,60.0,30.0,16,20,0.8
strong_1nn,Deterministic 6ch 1-NN,13,14,60.0,30.0,60.0,60.0,0,20,0.0
strong_1nn,Deterministic 6ch 1-NN,13,15,60.0,30.0,60.0,90.0,0,20,0.0
strong_1nn,Deterministic 6ch 1-NN,13,16,60.0,30.0,60.0,120.0,0,20,0.0
strong_1nn,Deterministic 6ch 1-NN,13,17,60.0,30.0,60.0,150.0,0,20,0.0
strong_1nn,Deterministic 6ch 1-NN,13,18,60.0,30.0,60.0,180.0,0,20,0.0
strong_1nn,Deterministic 6ch 1-NN,13,19,60.0,30.0,60.0,210.0,1,20,0.05
strong_1nn,Deterministic 6ch 1-NN,13,20,60.0,30.0,60.0,240.0,0,20,0.0
strong_1nn,Deterministic 6ch 1-NN,13,21,60.0,30.0,60.0,270.0,0,20,0.0
strong_1nn,Deterministic 6ch 1-NN,13,22,60.0,30.0,60.0,300.0,0,20,0.0
strong_1nn,Deterministic 6ch 1-NN,13,23,60.0,30.0,60.0,330.0,0,20,0.0
strong_1nn,Deterministic 6ch 1-NN,13,24,60.0,30.0,90.0,0.0,0,20,0.0
strong_1nn,Deterministic 6ch 1-NN,13,25,60.0,30.0,90.0,30.0,0,20,0.0
strong_1nn,Deterministic 6ch 1-NN,13,26,60.0,30.0,90.0,60.0,0,20,0.0
strong_1nn,Deterministic 6ch 1-NN,13,27,60.0,30.0,90.0,90.0,0,20,0.0
strong_1nn,Deterministic 6ch 1-NN,13,28,60.0,30.0,90.0,120.0,0,20,0.0
strong_1nn,Deterministic 6ch 1-NN,13,29,60.0,30.0,90.0,150.0,0,20,0.0
strong_1nn,Deterministic 6ch 1-NN,13,30,60.0,30.0,90.0,180.0,0,20,0.0
strong_1nn,Deterministic 6ch 1-NN,13,31,60.0,30.0,90.0,210.0,0,20,0.0
strong_1nn,Deterministic 6ch 1-NN,13,32,60.0,30.0,90.0,240.0,0,20,0.0
strong_1nn,Deterministic 6ch 1-NN,13,33,60.0,30.0,90.0,270.0,0,20,0.0
strong_1nn,Deterministic 6ch 1-NN,13,34,60.0,30.0,90.0,300.0,0,20,0.0
strong_1nn,Deterministic 6ch 1-NN,13,35,60.0,30.0,90.0,330.0,0,20,0.0
strong_1nn,Deterministic 6ch 1-NN,13,36,60.0,30.0,120.0,0.0,0,20,0.0
strong_1nn,Deterministic 6ch 1-NN,13,37,60.0,30.0,120.0,30.0,0,20,0.0
strong_1nn,Deterministic 6ch 1-NN,13,38,60.0,30.0,120.0,60.0,0,20,0.0
strong_1nn,Deterministic 6ch 1-NN,13,39,60.0,30.0,120.0,90.0,0,20,0.0
strong_1nn,Deterministic 6ch 1-NN,13,40,60.0,30.0,120.0,120.0,0,20,0.0
strong_1nn,Deterministic 6ch 1-NN,13,41,60.0,30.0,120.0,150.0,1,20,0.05
strong_1nn,Deterministic 6ch 1-NN,13,42,60.0,30.0,120.0,180.0,0,20,0.0
strong_1nn,Deterministic 6ch 1-NN,13,43,60.0,30.0,120.0,210.0,0,20,0.0
strong_1nn,Deterministic 6ch 1-NN,13,44,60.0,30.0,120.0,240.0,0,20,0.0
strong_1nn,Deterministic 6ch 1-NN,13,45,60.0,30.0,120.0,270.0,0,20,0.0
strong_1nn,Deterministic 6ch 1-NN,13,46,60.0,30.0,120.0,300.0,0,20,0.0
strong_1nn,Deterministic 6ch 1-NN,13,47,60.0,30.0,120.0,330.0,2,20,0.1
strong_1nn,Deterministic 6ch 1-NN,13,48,60.0,30.0,150.0,0.0,0,20,0.0
strong_1nn,Deterministic 6ch 1-NN,13,49,60.0,30.0,150.0,30.0,0,20,0.0
strong_1nn,Deterministic 6ch 1-NN,13,50,60.0,30.0,150.0,60.0,0,20,0.0
strong_1nn,Deterministic 6ch 1-NN,13,51,60.0,30.0,150.0,90.0,0,20,0.0
strong_1nn,Deterministic 6ch 1-NN,13,52,60.0,30.0,150.0,120.0,0,20,0.0
strong_1nn,Deterministic 6ch 1-NN,13,53,60.0,30.0,150.0,150.0,0,20,0.0
strong_1nn,Deterministic 6ch 1-NN,13,54,60.0,30.0,150.0,180.0,0,20,0.0
strong_1nn,Deterministic 6ch 1-NN,13,55,60.0,30.0,150.0,210.0,0,20,0.0
strong_1nn,Deterministic 6ch 1-NN,13,56,60.0,30.0,150.0,240.0,0,20,0.0
strong_1nn,Deterministic 6ch 1-NN,13,57,60.0,30.0,150.0,270.0,0,20,0.0
strong_1nn,Deterministic 6ch 1-NN,13,58,60.0,30.0,150.0,300.0,0,20,0.0
strong_1nn,Deterministic 6ch 1-NN,13,59,60.0,30.0,150.0,330.0,0,20,0.0
strong_1nn,Deterministic 6ch 1-NN,14,0,60.0,60.0,30.0,0.0,0,20,0.0
strong_1nn,Deterministic 6ch 1-NN,14,1,60.0,60.0,30.0,30.0,0,20,0.0
strong_1nn,Deterministic 6ch 1-NN,14,2,60.0,60.0,30.0,60.0,0,20,0.0
strong_1nn,Deterministic 6ch 1-NN,14,3,60.0,60.0,30.0,90.0,0,20,0.0
strong_1nn,Deterministic 6ch 1-NN,14,4,60.0,60.0,30.0,120.0,0,20,0.0
strong_1nn,Deterministic 6ch 1-NN,14,5,60.0,60.0,30.0,150.0,0,20,0.0
strong_1nn,Deterministic 6ch 1-NN,14,6,60.0,60.0,30.0,180.0,0,20,0.0
strong_1nn,Deterministic 6ch 1-NN,14,7,60.0,60.0,30.0,210.0,0,20,0.0
strong_1nn,Deterministic 6ch 1-NN,14,8,60.0,60.0,30.0,240.0,1,20,0.05
strong_1nn,Deterministic 6ch 1-NN,14,9,60.0,60.0,30.0,270.0,0,20,0.0
strong_1nn,Deterministic 6ch 1-NN,14,10,60.0,60.0,30.0,300.0,0,20,0.0
strong_1nn,Deterministic 6ch 1-NN,14,11,60.0,60.0,30.0,330.0,0,20,0.0
strong_1nn,Deterministic 6ch 1-NN,14,12,60.0,60.0,60.0,0.0,0,20,0.0
strong_1nn,Deterministic 6ch 1-NN,14,13,60.0,60.0,60.0,30.0,0,20,0.0
strong_1nn,Deterministic 6ch 1-NN,14,14,60.0,60.0,60.0,60.0,15,20,0.75
strong_1nn,Deterministic 6ch 1-NN,14,15,60.0,60.0,60.0,90.0,0,20,0.0
strong_1nn,Deterministic 6ch 1-NN,14,16,60.0,60.0,60.0,120.0,0,20,0.0
strong_1nn,Deterministic 6ch 1-NN,14,17,60.0,60.0,60.0,150.0,0,20,0.0
strong_1nn,Deterministic 6ch 1-NN,14,18,60.0,60.0,60.0,180.0,0,20,0.0
strong_1nn,Deterministic 6ch 1-NN,14,19,60.0,60.0,60.0,210.0,0,20,0.0
strong_1nn,Deterministic 6ch 1-NN,14,20,60.0,60.0,60.0,240.0,0,20,0.0
strong_1nn,Deterministic 6ch 1-NN,14,21,60.0,60.0,60.0,270.0,0,20,0.0
strong_1nn,Deterministic 6ch 1-NN,14,22,60.0,60.0,60.0,300.0,0,20,0.0
strong_1nn,Deterministic 6ch 1-NN,14,23,60.0,60.0,60.0,330.0,0,20,0.0
strong_1nn,Deterministic 6ch 1-NN,14,24,60.0,60.0,90.0,0.0,0,20,0.0
strong_1nn,Deterministic 6ch 1-NN,14,25,60.0,60.0,90.0,30.0,0,20,0.0
strong_1nn,Deterministic 6ch 1-NN,14,26,60.0,60.0,90.0,60.0,0,20,0.0
strong_1nn,Deterministic 6ch 1-NN,14,27,60.0,60.0,90.0,90.0,0,20,0.0
strong_1nn,Deterministic 6ch 1-NN,14,28,60.0,60.0,90.0,120.0,0,20,0.0
strong_1nn,Deterministic 6ch 1-NN,14,29,60.0,60.0,90.0,150.0,0,20,0.0
strong_1nn,Deterministic 6ch 1-NN,14,30,60.0,60.0,90.0,180.0,0,20,0.0
strong_1nn,Deterministic 6ch 1-NN,14,31,60.0,60.0,90.0,210.0,0,20,0.0
strong_1nn,Deterministic 6ch 1-NN,14,32,60.0,60.0,90.0,240.0,0,20,0.0
strong_1nn,Deterministic 6ch 1-NN,14,33,60.0,60.0,90.0,270.0,0,20,0.0
strong_1nn,Deterministic 6ch 1-NN,14,34,60.0,60.0,90.0,300.0,0,20,0.0
strong_1nn,Deterministic 6ch 1-NN,14,35,60.0,60.0,90.0,330.0,0,20,0.0
strong_1nn,Deterministic 6ch 1-NN,14,36,60.0,60.0,120.0,0.0,0,20,0.0
strong_1nn,Deterministic 6ch 1-NN,14,37,60.0,60.0,120.0,30.0,0,20,0.0
strong_1nn,Deterministic 6ch 1-NN,14,38,60.0,60.0,120.0,60.0,0,20,0.0
strong_1nn,Deterministic 6ch 1-NN,14,39,60.0,60.0,120.0,90.0,0,20,0.0
strong_1nn,Deterministic 6ch 1-NN,14,40,60.0,60.0,120.0,120.0,0,20,0.0
strong_1nn,Deterministic 6ch 1-NN,14,41,60.0,60.0,120.0,150.0,0,20,0.0
strong_1nn,Deterministic 6ch 1-NN,14,42,60.0,60.0,120.0,180.0,0,20,0.0
strong_1nn,Deterministic 6ch 1-NN,14,43,60.0,60.0,120.0,210.0,0,20,0.0
strong_1nn,Deterministic 6ch 1-NN,14,44,60.0,60.0,120.0,240.0,0,20,0.0
strong_1nn,Deterministic 6ch 1-NN,14,45,60.0,60.0,120.0,270.0,0,20,0.0
strong_1nn,Deterministic 6ch 1-NN,14,46,60.0,60.0,120.0,300.0,4,20,0.2
strong_1nn,Deterministic 6ch 1-NN,14,47,60.0,60.0,120.0,330.0,0,20,0.0
strong_1nn,Deterministic 6ch 1-NN,14,48,60.0,60.0,150.0,0.0,0,20,0.0
strong_1nn,Deterministic 6ch 1-NN,14,49,60.0,60.0,150.0,30.0,0,20,0.0
strong_1nn,Deterministic 6ch 1-NN,14,50,60.0,60.0,150.0,60.0,0,20,0.0
strong_1nn,Deterministic 6ch 1-NN,14,51,60.0,60.0,150.0,90.0,0,20,0.0
strong_1nn,Deterministic 6ch 1-NN,14,52,60.0,60.0,150.0,120.0,0,20,0.0
strong_1nn,Deterministic 6ch 1-NN,14,53,60.0,60.0,150.0,150.0,0,20,0.0
strong_1nn,Deterministic 6ch 1-NN,14,54,60.0,60.0,150.0,180.0,0,20,0.0
strong_1nn,Deterministic 6ch 1-NN,14,55,60.0,60.0,150.0,210.0,0,20,0.0
strong_1nn,Deterministic 6ch 1-NN,14,56,60.0,60.0,150.0,240.0,0,20,0.0
strong_1nn,Deterministic 6ch 1-NN,14,57,60.0,60.0,150.0,270.0,0,20,0.0
strong_1nn,Deterministic 6ch 1-NN,14,58,60.0,60.0,150.0,300.0,0,20,0.0
strong_1nn,Deterministic 6ch 1-NN,14,59,60.0,60.0,150.0,330.0,0,20,0.0
strong_1nn,Deterministic 6ch 1-NN,15,0,60.0,90.0,30.0,0.0,0,20,0.0
strong_1nn,Deterministic 6ch 1-NN,15,1,60.0,90.0,30.0,30.0,0,20,0.0
strong_1nn,Deterministic 6ch 1-NN,15,2,60.0,90.0,30.0,60.0,0,20,0.0
strong_1nn,Deterministic 6ch 1-NN,15,3,60.0,90.0,30.0,90.0,0,20,0.0
strong_1nn,Deterministic 6ch 1-NN,15,4,60.0,90.0,30.0,120.0,0,20,0.0
strong_1nn,Deterministic 6ch 1-NN,15,5,60.0,90.0,30.0,150.0,0,20,0.0
strong_1nn,Deterministic 6ch 1-NN,15,6,60.0,90.0,30.0,180.0,0,20,0.0
strong_1nn,Deterministic 6ch 1-NN,15,7,60.0,90.0,30.0,210.0,0,20,0.0
strong_1nn,Deterministic 6ch 1-NN,15,8,60.0,90.0,30.0,240.0,0,20,0.0
strong_1nn,Deterministic 6ch 1-NN,15,9,60.0,90.0,30.0,270.0,0,20,0.0
strong_1nn,Deterministic 6ch 1-NN,15,10,60.0,90.0,30.0,300.0,0,20,0.0
strong_1nn,Deterministic 6ch 1-NN,15,11,60.0,90.0,30.0,330.0,0,20,0.0
strong_1nn,Deterministic 6ch 1-NN,15,12,60.0,90.0,60.0,0.0,0,20,0.0
strong_1nn,Deterministic 6ch 1-NN,15,13,60.0,90.0,60.0,30.0,0,20,0.0
strong_1nn,Deterministic 6ch 1-NN,15,14,60.0,90.0,60.0,60.0,0,20,0.0
strong_1nn,Deterministic 6ch 1-NN,15,15,60.0,90.0,60.0,90.0,18,20,0.9
strong_1nn,Deterministic 6ch 1-NN,15,16,60.0,90.0,60.0,120.0,0,20,0.0
strong_1nn,Deterministic 6ch 1-NN,15,17,60.0,90.0,60.0,150.0,0,20,0.0
strong_1nn,Deterministic 6ch 1-NN,15,18,60.0,90.0,60.0,180.0,0,20,0.0
strong_1nn,Deterministic 6ch 1-NN,15,19,60.0,90.0,60.0,210.0,0,20,0.0
strong_1nn,Deterministic 6ch 1-NN,15,20,60.0,90.0,60.0,240.0,0,20,0.0
strong_1nn,Deterministic 6ch 1-NN,15,21,60.0,90.0,60.0,270.0,0,20,0.0
strong_1nn,Deterministic 6ch 1-NN,15,22,60.0,90.0,60.0,300.0,0,20,0.0
strong_1nn,Deterministic 6ch 1-NN,15,23,60.0,90.0,60.0,330.0,0,20,0.0
strong_1nn,Deterministic 6ch 1-NN,15,24,60.0,90.0,90.0,0.0,1,20,0.05
strong_1nn,Deterministic 6ch 1-NN,15,25,60.0,90.0,90.0,30.0,0,20,0.0
strong_1nn,Deterministic 6ch 1-NN,15,26,60.0,90.0,90.0,60.0,0,20,0.0
strong_1nn,Deterministic 6ch 1-NN,15,27,60.0,90.0,90.0,90.0,0,20,0.0
strong_1nn,Deterministic 6ch 1-NN,15,28,60.0,90.0,90.0,120.0,0,20,0.0
strong_1nn,Deterministic 6ch 1-NN,15,29,60.0,90.0,90.0,150.0,0,20,0.0
strong_1nn,Deterministic 6ch 1-NN,15,30,60.0,90.0,90.0,180.0,0,20,0.0
strong_1nn,Deterministic 6ch 1-NN,15,31,60.0,90.0,90.0,210.0,0,20,0.0
strong_1nn,Deterministic 6ch 1-NN,15,32,60.0,90.0,90.0,240.0,0,20,0.0
strong_1nn,Deterministic 6ch 1-NN,15,33,60.0,90.0,90.0,270.0,0,20,0.0
strong_1nn,Deterministic 6ch 1-NN,15,34,60.0,90.0,90.0,300.0,0,20,0.0
strong_1nn,Deterministic 6ch 1-NN,15,35,60.0,90.0,90.0,330.0,0,20,0.0
strong_1nn,Deterministic 6ch 1-NN,15,36,60.0,90.0,120.0,0.0,0,20,0.0
strong_1nn,Deterministic 6ch 1-NN,15,37,60.0,90.0,120.0,30.0,0,20,0.0
strong_1nn,Deterministic 6ch 1-NN,15,38,60.0,90.0,120.0,60.0,0,20,0.0
strong_1nn,Deterministic 6ch 1-NN,15,39,60.0,90.0,120.0,90.0,0,20,0.0
strong_1nn,Deterministic 6ch 1-NN,15,40,60.0,90.0,120.0,120.0,0,20,0.0
strong_1nn,Deterministic 6ch 1-NN,15,41,60.0,90.0,120.0,150.0,0,20,0.0
strong_1nn,Deterministic 6ch 1-NN,15,42,60.0,90.0,120.0,180.0,0,20,0.0
strong_1nn,Deterministic 6ch 1-NN,15,43,60.0,90.0,120.0,210.0,0,20,0.0
strong_1nn,Deterministic 6ch 1-NN,15,44,60.0,90.0,120.0,240.0,0,20,0.0
strong_1nn,Deterministic 6ch 1-NN,15,45,60.0,90.0,120.0,270.0,0,20,0.0
strong_1nn,Deterministic 6ch 1-NN,15,46,60.0,90.0,120.0,300.0,0,20,0.0
strong_1nn,Deterministic 6ch 1-NN,15,47,60.0,90.0,120.0,330.0,0,20,0.0
strong_1nn,Deterministic 6ch 1-NN,15,48,60.0,90.0,150.0,0.0,0,20,0.0
strong_1nn,Deterministic 6ch 1-NN,15,49,60.0,90.0,150.0,30.0,0,20,0.0
strong_1nn,Deterministic 6ch 1-NN,15,50,60.0,90.0,150.0,60.0,0,20,0.0
strong_1nn,Deterministic 6ch 1-NN,15,51,60.0,90.0,150.0,90.0,1,20,0.05
strong_1nn,Deterministic 6ch 1-NN,15,52,60.0,90.0,150.0,120.0,0,20,0.0
strong_1nn,Deterministic 6ch 1-NN,15,53,60.0,90.0,150.0,150.0,0,20,0.0
strong_1nn,Deterministic 6ch 1-NN,15,54,60.0,90.0,150.0,180.0,0,20,0.0
strong_1nn,Deterministic 6ch 1-NN,15,55,60.0,90.0,150.0,210.0,0,20,0.0
strong_1nn,Deterministic 6ch 1-NN,15,56,60.0,90.0,150.0,240.0,0,20,0.0
strong_1nn,Deterministic 6ch 1-NN,15,57,60.0,90.0,150.0,270.0,0,20,0.0
strong_1nn,Deterministic 6ch 1-NN,15,58,60.0,90.0,150.0,300.0,0,20,0.0
strong_1nn,Deterministic 6ch 1-NN,15,59,60.0,90.0,150.0,330.0,0,20,0.0
strong_1nn,Deterministic 6ch 1-NN,16,0,60.0,120.0,30.0,0.0,0,20,0.0
strong_1nn,Deterministic 6ch 1-NN,16,1,60.0,120.0,30.0,30.0,0,20,0.0
strong_1nn,Deterministic 6ch 1-NN,16,2,60.0,120.0,30.0,60.0,0,20,0.0
strong_1nn,Deterministic 6ch 1-NN,16,3,60.0,120.0,30.0,90.0,0,20,0.0
strong_1nn,Deterministic 6ch 1-NN,16,4,60.0,120.0,30.0,120.0,0,20,0.0
strong_1nn,Deterministic 6ch 1-NN,16,5,60.0,120.0,30.0,150.0,0,20,0.0
strong_1nn,Deterministic 6ch 1-NN,16,6,60.0,120.0,30.0,180.0,0,20,0.0
strong_1nn,Deterministic 6ch 1-NN,16,7,60.0,120.0,30.0,210.0,0,20,0.0
strong_1nn,Deterministic 6ch 1-NN,16,8,60.0,120.0,30.0,240.0,0,20,0.0
strong_1nn,Deterministic 6ch 1-NN,16,9,60.0,120.0,30.0,270.0,0,20,0.0
strong_1nn,Deterministic 6ch 1-NN,16,10,60.0,120.0,30.0,300.0,0,20,0.0
strong_1nn,Deterministic 6ch 1-NN,16,11,60.0,120.0,30.0,330.0,0,20,0.0
strong_1nn,Deterministic 6ch 1-NN,16,12,60.0,120.0,60.0,0.0,0,20,0.0
strong_1nn,Deterministic 6ch 1-NN,16,13,60.0,120.0,60.0,30.0,0,20,0.0
strong_1nn,Deterministic 6ch 1-NN,16,14,60.0,120.0,60.0,60.0,0,20,0.0
strong_1nn,Deterministic 6ch 1-NN,16,15,60.0,120.0,60.0,90.0,0,20,0.0
strong_1nn,Deterministic 6ch 1-NN,16,16,60.0,120.0,60.0,120.0,15,20,0.75
strong_1nn,Deterministic 6ch 1-NN,16,17,60.0,120.0,60.0,150.0,0,20,0.0
strong_1nn,Deterministic 6ch 1-NN,16,18,60.0,120.0,60.0,180.0,0,20,0.0
strong_1nn,Deterministic 6ch 1-NN,16,19,60.0,120.0,60.0,210.0,0,20,0.0
strong_1nn,Deterministic 6ch 1-NN,16,20,60.0,120.0,60.0,240.0,0,20,0.0
strong_1nn,Deterministic 6ch 1-NN,16,21,60.0,120.0,60.0,270.0,0,20,0.0
strong_1nn,Deterministic 6ch 1-NN,16,22,60.0,120.0,60.0,300.0,1,20,0.05
strong_1nn,Deterministic 6ch 1-NN,16,23,60.0,120.0,60.0,330.0,0,20,0.0
strong_1nn,Deterministic 6ch 1-NN,16,24,60.0,120.0,90.0,0.0,0,20,0.0
strong_1nn,Deterministic 6ch 1-NN,16,25,60.0,120.0,90.0,30.0,0,20,0.0
strong_1nn,Deterministic 6ch 1-NN,16,26,60.0,120.0,90.0,60.0,0,20,0.0
strong_1nn,Deterministic 6ch 1-NN,16,27,60.0,120.0,90.0,90.0,0,20,0.0
strong_1nn,Deterministic 6ch 1-NN,16,28,60.0,120.0,90.0,120.0,0,20,0.0
strong_1nn,Deterministic 6ch 1-NN,16,29,60.0,120.0,90.0,150.0,0,20,0.0
strong_1nn,Deterministic 6ch 1-NN,16,30,60.0,120.0,90.0,180.0,0,20,0.0
strong_1nn,Deterministic 6ch 1-NN,16,31,60.0,120.0,90.0,210.0,0,20,0.0
strong_1nn,Deterministic 6ch 1-NN,16,32,60.0,120.0,90.0,240.0,0,20,0.0
strong_1nn,Deterministic 6ch 1-NN,16,33,60.0,120.0,90.0,270.0,0,20,0.0
strong_1nn,Deterministic 6ch 1-NN,16,34,60.0,120.0,90.0,300.0,0,20,0.0
strong_1nn,Deterministic 6ch 1-NN,16,35,60.0,120.0,90.0,330.0,0,20,0.0
strong_1nn,Deterministic 6ch 1-NN,16,36,60.0,120.0,120.0,0.0,0,20,0.0
strong_1nn,Deterministic 6ch 1-NN,16,37,60.0,120.0,120.0,30.0,0,20,0.0
strong_1nn,Deterministic 6ch 1-NN,16,38,60.0,120.0,120.0,60.0,2,20,0.1
strong_1nn,Deterministic 6ch 1-NN,16,39,60.0,120.0,120.0,90.0,0,20,0.0
strong_1nn,Deterministic 6ch 1-NN,16,40,60.0,120.0,120.0,120.0,0,20,0.0
strong_1nn,Deterministic 6ch 1-NN,16,41,60.0,120.0,120.0,150.0,0,20,0.0
strong_1nn,Deterministic 6ch 1-NN,16,42,60.0,120.0,120.0,180.0,0,20,0.0
strong_1nn,Deterministic 6ch 1-NN,16,43,60.0,120.0,120.0,210.0,0,20,0.0
strong_1nn,Deterministic 6ch 1-NN,16,44,60.0,120.0,120.0,240.0,1,20,0.05
strong_1nn,Deterministic 6ch 1-NN,16,45,60.0,120.0,120.0,270.0,0,20,0.0
strong_1nn,Deterministic 6ch 1-NN,16,46,60.0,120.0,120.0,300.0,0,20,0.0
strong_1nn,Deterministic 6ch 1-NN,16,47,60.0,120.0,120.0,330.0,0,20,0.0
strong_1nn,Deterministic 6ch 1-NN,16,48,60.0,120.0,150.0,0.0,0,20,0.0
strong_1nn,Deterministic 6ch 1-NN,16,49,60.0,120.0,150.0,30.0,0,20,0.0
strong_1nn,Deterministic 6ch 1-NN,16,50,60.0,120.0,150.0,60.0,0,20,0.0
strong_1nn,Deterministic 6ch 1-NN,16,51,60.0,120.0,150.0,90.0,0,20,0.0
strong_1nn,Deterministic 6ch 1-NN,16,52,60.0,120.0,150.0,120.0,0,20,0.0
strong_1nn,Deterministic 6ch 1-NN,16,53,60.0,120.0,150.0,150.0,0,20,0.0
strong_1nn,Deterministic 6ch 1-NN,16,54,60.0,120.0,150.0,180.0,0,20,0.0
strong_1nn,Deterministic 6ch 1-NN,16,55,60.0,120.0,150.0,210.0,0,20,0.0
strong_1nn,Deterministic 6ch 1-NN,16,56,60.0,120.0,150.0,240.0,1,20,0.05
strong_1nn,Deterministic 6ch 1-NN,16,57,60.0,120.0,150.0,270.0,0,20,0.0
strong_1nn,Deterministic 6ch 1-NN,16,58,60.0,120.0,150.0,300.0,0,20,0.0
strong_1nn,Deterministic 6ch 1-NN,16,59,60.0,120.0,150.0,330.0,0,20,0.0
strong_1nn,Deterministic 6ch 1-NN,17,0,60.0,150.0,30.0,0.0,0,20,0.0
strong_1nn,Deterministic 6ch 1-NN,17,1,60.0,150.0,30.0,30.0,0,20,0.0
strong_1nn,Deterministic 6ch 1-NN,17,2,60.0,150.0,30.0,60.0,0,20,0.0
strong_1nn,Deterministic 6ch 1-NN,17,3,60.0,150.0,30.0,90.0,0,20,0.0
strong_1nn,Deterministic 6ch 1-NN,17,4,60.0,150.0,30.0,120.0,0,20,0.0
strong_1nn,Deterministic 6ch 1-NN,17,5,60.0,150.0,30.0,150.0,0,20,0.0
strong_1nn,Deterministic 6ch 1-NN,17,6,60.0,150.0,30.0,180.0,0,20,0.0
strong_1nn,Deterministic 6ch 1-NN,17,7,60.0,150.0,30.0,210.0,0,20,0.0
strong_1nn,Deterministic 6ch 1-NN,17,8,60.0,150.0,30.0,240.0,0,20,0.0
strong_1nn,Deterministic 6ch 1-NN,17,9,60.0,150.0,30.0,270.0,0,20,0.0
strong_1nn,Deterministic 6ch 1-NN,17,10,60.0,150.0,30.0,300.0,0,20,0.0
strong_1nn,Deterministic 6ch 1-NN,17,11,60.0,150.0,30.0,330.0,0,20,0.0
strong_1nn,Deterministic 6ch 1-NN,17,12,60.0,150.0,60.0,0.0,0,20,0.0
strong_1nn,Deterministic 6ch 1-NN,17,13,60.0,150.0,60.0,30.0,0,20,0.0
strong_1nn,Deterministic 6ch 1-NN,17,14,60.0,150.0,60.0,60.0,0,20,0.0
strong_1nn,Deterministic 6ch 1-NN,17,15,60.0,150.0,60.0,90.0,0,20,0.0
strong_1nn,Deterministic 6ch 1-NN,17,16,60.0,150.0,60.0,120.0,0,20,0.0
strong_1nn,Deterministic 6ch 1-NN,17,17,60.0,150.0,60.0,150.0,15,20,0.75
strong_1nn,Deterministic 6ch 1-NN,17,18,60.0,150.0,60.0,180.0,0,20,0.0
strong_1nn,Deterministic 6ch 1-NN,17,19,60.0,150.0,60.0,210.0,0,20,0.0
strong_1nn,Deterministic 6ch 1-NN,17,20,60.0,150.0,60.0,240.0,0,20,0.0
strong_1nn,Deterministic 6ch 1-NN,17,21,60.0,150.0,60.0,270.0,0,20,0.0
strong_1nn,Deterministic 6ch 1-NN,17,22,60.0,150.0,60.0,300.0,0,20,0.0
strong_1nn,Deterministic 6ch 1-NN,17,23,60.0,150.0,60.0,330.0,2,20,0.1
strong_1nn,Deterministic 6ch 1-NN,17,24,60.0,150.0,90.0,0.0,0,20,0.0
strong_1nn,Deterministic 6ch 1-NN,17,25,60.0,150.0,90.0,30.0,0,20,0.0
strong_1nn,Deterministic 6ch 1-NN,17,26,60.0,150.0,90.0,60.0,0,20,0.0
strong_1nn,Deterministic 6ch 1-NN,17,27,60.0,150.0,90.0,90.0,0,20,0.0
strong_1nn,Deterministic 6ch 1-NN,17,28,60.0,150.0,90.0,120.0,0,20,0.0
strong_1nn,Deterministic 6ch 1-NN,17,29,60.0,150.0,90.0,150.0,0,20,0.0
strong_1nn,Deterministic 6ch 1-NN,17,30,60.0,150.0,90.0,180.0,0,20,0.0
strong_1nn,Deterministic 6ch 1-NN,17,31,60.0,150.0,90.0,210.0,0,20,0.0
strong_1nn,Deterministic 6ch 1-NN,17,32,60.0,150.0,90.0,240.0,0,20,0.0
strong_1nn,Deterministic 6ch 1-NN,17,33,60.0,150.0,90.0,270.0,0,20,0.0
strong_1nn,Deterministic 6ch 1-NN,17,34,60.0,150.0,90.0,300.0,0,20,0.0
strong_1nn,Deterministic 6ch 1-NN,17,35,60.0,150.0,90.0,330.0,0,20,0.0
strong_1nn,Deterministic 6ch 1-NN,17,36,60.0,150.0,120.0,0.0,0,20,0.0
strong_1nn,Deterministic 6ch 1-NN,17,37,60.0,150.0,120.0,30.0,0,20,0.0
strong_1nn,Deterministic 6ch 1-NN,17,38,60.0,150.0,120.0,60.0,0,20,0.0
strong_1nn,Deterministic 6ch 1-NN,17,39,60.0,150.0,120.0,90.0,0,20,0.0
strong_1nn,Deterministic 6ch 1-NN,17,40,60.0,150.0,120.0,120.0,0,20,0.0
strong_1nn,Deterministic 6ch 1-NN,17,41,60.0,150.0,120.0,150.0,0,20,0.0
strong_1nn,Deterministic 6ch 1-NN,17,42,60.0,150.0,120.0,180.0,0,20,0.0
strong_1nn,Deterministic 6ch 1-NN,17,43,60.0,150.0,120.0,210.0,3,20,0.15
strong_1nn,Deterministic 6ch 1-NN,17,44,60.0,150.0,120.0,240.0,0,20,0.0
strong_1nn,Deterministic 6ch 1-NN,17,45,60.0,150.0,120.0,270.0,0,20,0.0
strong_1nn,Deterministic 6ch 1-NN,17,46,60.0,150.0,120.0,300.0,0,20,0.0
strong_1nn,Deterministic 6ch 1-NN,17,47,60.0,150.0,120.0,330.0,0,20,0.0
strong_1nn,Deterministic 6ch 1-NN,17,48,60.0,150.0,150.0,0.0,0,20,0.0
strong_1nn,Deterministic 6ch 1-NN,17,49,60.0,150.0,150.0,30.0,0,20,0.0
strong_1nn,Deterministic 6ch 1-NN,17,50,60.0,150.0,150.0,60.0,0,20,0.0
strong_1nn,Deterministic 6ch 1-NN,17,51,60.0,150.0,150.0,90.0,0,20,0.0
strong_1nn,Deterministic 6ch 1-NN,17,52,60.0,150.0,150.0,120.0,0,20,0.0
strong_1nn,Deterministic 6ch 1-NN,17,53,60.0,150.0,150.0,150.0,0,20,0.0
strong_1nn,Deterministic 6ch 1-NN,17,54,60.0,150.0,150.0,180.0,0,20,0.0
strong_1nn,Deterministic 6ch 1-NN,17,55,60.0,150.0,150.0,210.0,0,20,0.0
strong_1nn,Deterministic 6ch 1-NN,17,56,60.0,150.0,150.0,240.0,0,20,0.0
strong_1nn,Deterministic 6ch 1-NN,17,57,60.0,150.0,150.0,270.0,0,20,0.0
strong_1nn,Deterministic 6ch 1-NN,17,58,60.0,150.0,150.0,300.0,0,20,0.0
strong_1nn,Deterministic 6ch 1-NN,17,59,60.0,150.0,150.0,330.0,0,20,0.0
strong_1nn,Deterministic 6ch 1-NN,18,0,60.0,180.0,30.0,0.0,1,20,0.05
strong_1nn,Deterministic 6ch 1-NN,18,1,60.0,180.0,30.0,30.0,0,20,0.0
strong_1nn,Deterministic 6ch 1-NN,18,2,60.0,180.0,30.0,60.0,0,20,0.0
strong_1nn,Deterministic 6ch 1-NN,18,3,60.0,180.0,30.0,90.0,0,20,0.0
strong_1nn,Deterministic 6ch 1-NN,18,4,60.0,180.0,30.0,120.0,0,20,0.0
strong_1nn,Deterministic 6ch 1-NN,18,5,60.0,180.0,30.0,150.0,0,20,0.0
strong_1nn,Deterministic 6ch 1-NN,18,6,60.0,180.0,30.0,180.0,0,20,0.0
strong_1nn,Deterministic 6ch 1-NN,18,7,60.0,180.0,30.0,210.0,1,20,0.05
strong_1nn,Deterministic 6ch 1-NN,18,8,60.0,180.0,30.0,240.0,0,20,0.0
strong_1nn,Deterministic 6ch 1-NN,18,9,60.0,180.0,30.0,270.0,0,20,0.0
strong_1nn,Deterministic 6ch 1-NN,18,10,60.0,180.0,30.0,300.0,0,20,0.0
strong_1nn,Deterministic 6ch 1-NN,18,11,60.0,180.0,30.0,330.0,0,20,0.0
strong_1nn,Deterministic 6ch 1-NN,18,12,60.0,180.0,60.0,0.0,2,20,0.1
strong_1nn,Deterministic 6ch 1-NN,18,13,60.0,180.0,60.0,30.0,0,20,0.0
strong_1nn,Deterministic 6ch 1-NN,18,14,60.0,180.0,60.0,60.0,0,20,0.0
strong_1nn,Deterministic 6ch 1-NN,18,15,60.0,180.0,60.0,90.0,0,20,0.0
strong_1nn,Deterministic 6ch 1-NN,18,16,60.0,180.0,60.0,120.0,0,20,0.0
strong_1nn,Deterministic 6ch 1-NN,18,17,60.0,180.0,60.0,150.0,0,20,0.0
strong_1nn,Deterministic 6ch 1-NN,18,18,60.0,180.0,60.0,180.0,15,20,0.75
strong_1nn,Deterministic 6ch 1-NN,18,19,60.0,180.0,60.0,210.0,0,20,0.0
strong_1nn,Deterministic 6ch 1-NN,18,20,60.0,180.0,60.0,240.0,0,20,0.0
strong_1nn,Deterministic 6ch 1-NN,18,21,60.0,180.0,60.0,270.0,0,20,0.0
strong_1nn,Deterministic 6ch 1-NN,18,22,60.0,180.0,60.0,300.0,0,20,0.0
strong_1nn,Deterministic 6ch 1-NN,18,23,60.0,180.0,60.0,330.0,0,20,0.0
strong_1nn,Deterministic 6ch 1-NN,18,24,60.0,180.0,90.0,0.0,0,20,0.0
strong_1nn,Deterministic 6ch 1-NN,18,25,60.0,180.0,90.0,30.0,0,20,0.0
strong_1nn,Deterministic 6ch 1-NN,18,26,60.0,180.0,90.0,60.0,0,20,0.0
strong_1nn,Deterministic 6ch 1-NN,18,27,60.0,180.0,90.0,90.0,0,20,0.0
strong_1nn,Deterministic 6ch 1-NN,18,28,60.0,180.0,90.0,120.0,0,20,0.0
strong_1nn,Deterministic 6ch 1-NN,18,29,60.0,180.0,90.0,150.0,0,20,0.0
strong_1nn,Deterministic 6ch 1-NN,18,30,60.0,180.0,90.0,180.0,0,20,0.0
strong_1nn,Deterministic 6ch 1-NN,18,31,60.0,180.0,90.0,210.0,0,20,0.0
strong_1nn,Deterministic 6ch 1-NN,18,32,60.0,180.0,90.0,240.0,0,20,0.0
strong_1nn,Deterministic 6ch 1-NN,18,33,60.0,180.0,90.0,270.0,0,20,0.0
strong_1nn,Deterministic 6ch 1-NN,18,34,60.0,180.0,90.0,300.0,0,20,0.0
strong_1nn,Deterministic 6ch 1-NN,18,35,60.0,180.0,90.0,330.0,0,20,0.0
strong_1nn,Deterministic 6ch 1-NN,18,36,60.0,180.0,120.0,0.0,1,20,0.05
strong_1nn,Deterministic 6ch 1-NN,18,37,60.0,180.0,120.0,30.0,0,20,0.0
strong_1nn,Deterministic 6ch 1-NN,18,38,60.0,180.0,120.0,60.0,0,20,0.0
strong_1nn,Deterministic 6ch 1-NN,18,39,60.0,180.0,120.0,90.0,0,20,0.0
strong_1nn,Deterministic 6ch 1-NN,18,40,60.0,180.0,120.0,120.0,0,20,0.0
strong_1nn,Deterministic 6ch 1-NN,18,41,60.0,180.0,120.0,150.0,0,20,0.0
strong_1nn,Deterministic 6ch 1-NN,18,42,60.0,180.0,120.0,180.0,0,20,0.0
strong_1nn,Deterministic 6ch 1-NN,18,43,60.0,180.0,120.0,210.0,0,20,0.0
strong_1nn,Deterministic 6ch 1-NN,18,44,60.0,180.0,120.0,240.0,0,20,0.0
strong_1nn,Deterministic 6ch 1-NN,18,45,60.0,180.0,120.0,270.0,0,20,0.0
strong_1nn,Deterministic 6ch 1-NN,18,46,60.0,180.0,120.0,300.0,0,20,0.0
strong_1nn,Deterministic 6ch 1-NN,18,47,60.0,180.0,120.0,330.0,0,20,0.0
strong_1nn,Deterministic 6ch 1-NN,18,48,60.0,180.0,150.0,0.0,0,20,0.0
strong_1nn,Deterministic 6ch 1-NN,18,49,60.0,180.0,150.0,30.0,0,20,0.0
strong_1nn,Deterministic 6ch 1-NN,18,50,60.0,180.0,150.0,60.0,0,20,0.0
strong_1nn,Deterministic 6ch 1-NN,18,51,60.0,180.0,150.0,90.0,0,20,0.0
strong_1nn,Deterministic 6ch 1-NN,18,52,60.0,180.0,150.0,120.0,0,20,0.0
strong_1nn,Deterministic 6ch 1-NN,18,53,60.0,180.0,150.0,150.0,0,20,0.0
strong_1nn,Deterministic 6ch 1-NN,18,54,60.0,180.0,150.0,180.0,0,20,0.0
strong_1nn,Deterministic 6ch 1-NN,18,55,60.0,180.0,150.0,210.0,0,20,0.0
strong_1nn,Deterministic 6ch 1-NN,18,56,60.0,180.0,150.0,240.0,0,20,0.0
strong_1nn,Deterministic 6ch 1-NN,18,57,60.0,180.0,150.0,270.0,0,20,0.0
strong_1nn,Deterministic 6ch 1-NN,18,58,60.0,180.0,150.0,300.0,0,20,0.0
strong_1nn,Deterministic 6ch 1-NN,18,59,60.0,180.0,150.0,330.0,0,20,0.0
strong_1nn,Deterministic 6ch 1-NN,19,0,60.0,210.0,30.0,0.0,0,20,0.0
strong_1nn,Deterministic 6ch 1-NN,19,1,60.0,210.0,30.0,30.0,0,20,0.0
strong_1nn,Deterministic 6ch 1-NN,19,2,60.0,210.0,30.0,60.0,0,20,0.0
strong_1nn,Deterministic 6ch 1-NN,19,3,60.0,210.0,30.0,90.0,0,20,0.0
strong_1nn,Deterministic 6ch 1-NN,19,4,60.0,210.0,30.0,120.0,0,20,0.0
strong_1nn,Deterministic 6ch 1-NN,19,5,60.0,210.0,30.0,150.0,0,20,0.0
strong_1nn,Deterministic 6ch 1-NN,19,6,60.0,210.0,30.0,180.0,0,20,0.0
strong_1nn,Deterministic 6ch 1-NN,19,7,60.0,210.0,30.0,210.0,0,20,0.0
strong_1nn,Deterministic 6ch 1-NN,19,8,60.0,210.0,30.0,240.0,0,20,0.0
strong_1nn,Deterministic 6ch 1-NN,19,9,60.0,210.0,30.0,270.0,0,20,0.0
strong_1nn,Deterministic 6ch 1-NN,19,10,60.0,210.0,30.0,300.0,0,20,0.0
strong_1nn,Deterministic 6ch 1-NN,19,11,60.0,210.0,30.0,330.0,0,20,0.0
strong_1nn,Deterministic 6ch 1-NN,19,12,60.0,210.0,60.0,0.0,0,20,0.0
strong_1nn,Deterministic 6ch 1-NN,19,13,60.0,210.0,60.0,30.0,0,20,0.0
strong_1nn,Deterministic 6ch 1-NN,19,14,60.0,210.0,60.0,60.0,0,20,0.0
strong_1nn,Deterministic 6ch 1-NN,19,15,60.0,210.0,60.0,90.0,0,20,0.0
strong_1nn,Deterministic 6ch 1-NN,19,16,60.0,210.0,60.0,120.0,0,20,0.0
strong_1nn,Deterministic 6ch 1-NN,19,17,60.0,210.0,60.0,150.0,0,20,0.0
strong_1nn,Deterministic 6ch 1-NN,19,18,60.0,210.0,60.0,180.0,0,20,0.0
strong_1nn,Deterministic 6ch 1-NN,19,19,60.0,210.0,60.0,210.0,13,20,0.65
strong_1nn,Deterministic 6ch 1-NN,19,20,60.0,210.0,60.0,240.0,0,20,0.0
strong_1nn,Deterministic 6ch 1-NN,19,21,60.0,210.0,60.0,270.0,0,20,0.0
strong_1nn,Deterministic 6ch 1-NN,19,22,60.0,210.0,60.0,300.0,0,20,0.0
strong_1nn,Deterministic 6ch 1-NN,19,23,60.0,210.0,60.0,330.0,0,20,0.0
strong_1nn,Deterministic 6ch 1-NN,19,24,60.0,210.0,90.0,0.0,0,20,0.0
strong_1nn,Deterministic 6ch 1-NN,19,25,60.0,210.0,90.0,30.0,0,20,0.0
strong_1nn,Deterministic 6ch 1-NN,19,26,60.0,210.0,90.0,60.0,0,20,0.0
strong_1nn,Deterministic 6ch 1-NN,19,27,60.0,210.0,90.0,90.0,0,20,0.0
strong_1nn,Deterministic 6ch 1-NN,19,28,60.0,210.0,90.0,120.0,0,20,0.0
strong_1nn,Deterministic 6ch 1-NN,19,29,60.0,210.0,90.0,150.0,0,20,0.0
strong_1nn,Deterministic 6ch 1-NN,19,30,60.0,210.0,90.0,180.0,0,20,0.0
strong_1nn,Deterministic 6ch 1-NN,19,31,60.0,210.0,90.0,210.0,0,20,0.0
strong_1nn,Deterministic 6ch 1-NN,19,32,60.0,210.0,90.0,240.0,0,20,0.0
strong_1nn,Deterministic 6ch 1-NN,19,33,60.0,210.0,90.0,270.0,0,20,0.0
strong_1nn,Deterministic 6ch 1-NN,19,34,60.0,210.0,90.0,300.0,0,20,0.0
strong_1nn,Deterministic 6ch 1-NN,19,35,60.0,210.0,90.0,330.0,0,20,0.0
strong_1nn,Deterministic 6ch 1-NN,19,36,60.0,210.0,120.0,0.0,0,20,0.0
strong_1nn,Deterministic 6ch 1-NN,19,37,60.0,210.0,120.0,30.0,0,20,0.0
strong_1nn,Deterministic 6ch 1-NN,19,38,60.0,210.0,120.0,60.0,0,20,0.0
strong_1nn,Deterministic 6ch 1-NN,19,39,60.0,210.0,120.0,90.0,0,20,0.0
strong_1nn,Deterministic 6ch 1-NN,19,40,60.0,210.0,120.0,120.0,0,20,0.0
strong_1nn,Deterministic 6ch 1-NN,19,41,60.0,210.0,120.0,150.0,4,20,0.2
strong_1nn,Deterministic 6ch 1-NN,19,42,60.0,210.0,120.0,180.0,0,20,0.0
strong_1nn,Deterministic 6ch 1-NN,19,43,60.0,210.0,120.0,210.0,0,20,0.0
strong_1nn,Deterministic 6ch 1-NN,19,44,60.0,210.0,120.0,240.0,0,20,0.0
strong_1nn,Deterministic 6ch 1-NN,19,45,60.0,210.0,120.0,270.0,0,20,0.0
strong_1nn,Deterministic 6ch 1-NN,19,46,60.0,210.0,120.0,300.0,0,20,0.0
strong_1nn,Deterministic 6ch 1-NN,19,47,60.0,210.0,120.0,330.0,3,20,0.15
strong_1nn,Deterministic 6ch 1-NN,19,48,60.0,210.0,150.0,0.0,0,20,0.0
strong_1nn,Deterministic 6ch 1-NN,19,49,60.0,210.0,150.0,30.0,0,20,0.0
strong_1nn,Deterministic 6ch 1-NN,19,50,60.0,210.0,150.0,60.0,0,20,0.0
strong_1nn,Deterministic 6ch 1-NN,19,51,60.0,210.0,150.0,90.0,0,20,0.0
strong_1nn,Deterministic 6ch 1-NN,19,52,60.0,210.0,150.0,120.0,0,20,0.0
strong_1nn,Deterministic 6ch 1-NN,19,53,60.0,210.0,150.0,150.0,0,20,0.0
strong_1nn,Deterministic 6ch 1-NN,19,54,60.0,210.0,150.0,180.0,0,20,0.0
strong_1nn,Deterministic 6ch 1-NN,19,55,60.0,210.0,150.0,210.0,0,20,0.0
strong_1nn,Deterministic 6ch 1-NN,19,56,60.0,210.0,150.0,240.0,0,20,0.0
strong_1nn,Deterministic 6ch 1-NN,19,57,60.0,210.0,150.0,270.0,0,20,0.0
strong_1nn,Deterministic 6ch 1-NN,19,58,60.0,210.0,150.0,300.0,0,20,0.0
strong_1nn,Deterministic 6ch 1-NN,19,59,60.0,210.0,150.0,330.0,0,20,0.0
strong_1nn,Deterministic 6ch 1-NN,20,0,60.0,240.0,30.0,0.0,0,20,0.0
strong_1nn,Deterministic 6ch 1-NN,20,1,60.0,240.0,30.0,30.0,0,20,0.0
strong_1nn,Deterministic 6ch 1-NN,20,2,60.0,240.0,30.0,60.0,0,20,0.0
strong_1nn,Deterministic 6ch 1-NN,20,3,60.0,240.0,30.0,90.0,0,20,0.0
strong_1nn,Deterministic 6ch 1-NN,20,4,60.0,240.0,30.0,120.0,0,20,0.0
strong_1nn,Deterministic 6ch 1-NN,20,5,60.0,240.0,30.0,150.0,0,20,0.0
strong_1nn,Deterministic 6ch 1-NN,20,6,60.0,240.0,30.0,180.0,0,20,0.0
strong_1nn,Deterministic 6ch 1-NN,20,7,60.0,240.0,30.0,210.0,0,20,0.0
strong_1nn,Deterministic 6ch 1-NN,20,8,60.0,240.0,30.0,240.0,0,20,0.0
strong_1nn,Deterministic 6ch 1-NN,20,9,60.0,240.0,30.0,270.0,0,20,0.0
strong_1nn,Deterministic 6ch 1-NN,20,10,60.0,240.0,30.0,300.0,0,20,0.0
strong_1nn,Deterministic 6ch 1-NN,20,11,60.0,240.0,30.0,330.0,0,20,0.0
strong_1nn,Deterministic 6ch 1-NN,20,12,60.0,240.0,60.0,0.0,0,20,0.0
strong_1nn,Deterministic 6ch 1-NN,20,13,60.0,240.0,60.0,30.0,0,20,0.0
strong_1nn,Deterministic 6ch 1-NN,20,14,60.0,240.0,60.0,60.0,1,20,0.05
strong_1nn,Deterministic 6ch 1-NN,20,15,60.0,240.0,60.0,90.0,0,20,0.0
strong_1nn,Deterministic 6ch 1-NN,20,16,60.0,240.0,60.0,120.0,0,20,0.0
strong_1nn,Deterministic 6ch 1-NN,20,17,60.0,240.0,60.0,150.0,0,20,0.0
strong_1nn,Deterministic 6ch 1-NN,20,18,60.0,240.0,60.0,180.0,0,20,0.0
strong_1nn,Deterministic 6ch 1-NN,20,19,60.0,240.0,60.0,210.0,0,20,0.0
strong_1nn,Deterministic 6ch 1-NN,20,20,60.0,240.0,60.0,240.0,15,20,0.75
strong_1nn,Deterministic 6ch 1-NN,20,21,60.0,240.0,60.0,270.0,0,20,0.0
strong_1nn,Deterministic 6ch 1-NN,20,22,60.0,240.0,60.0,300.0,0,20,0.0
strong_1nn,Deterministic 6ch 1-NN,20,23,60.0,240.0,60.0,330.0,0,20,0.0
strong_1nn,Deterministic 6ch 1-NN,20,24,60.0,240.0,90.0,0.0,0,20,0.0
strong_1nn,Deterministic 6ch 1-NN,20,25,60.0,240.0,90.0,30.0,0,20,0.0
strong_1nn,Deterministic 6ch 1-NN,20,26,60.0,240.0,90.0,60.0,0,20,0.0
strong_1nn,Deterministic 6ch 1-NN,20,27,60.0,240.0,90.0,90.0,0,20,0.0
strong_1nn,Deterministic 6ch 1-NN,20,28,60.0,240.0,90.0,120.0,0,20,0.0
strong_1nn,Deterministic 6ch 1-NN,20,29,60.0,240.0,90.0,150.0,1,20,0.05
strong_1nn,Deterministic 6ch 1-NN,20,30,60.0,240.0,90.0,180.0,0,20,0.0
strong_1nn,Deterministic 6ch 1-NN,20,31,60.0,240.0,90.0,210.0,0,20,0.0
strong_1nn,Deterministic 6ch 1-NN,20,32,60.0,240.0,90.0,240.0,0,20,0.0
strong_1nn,Deterministic 6ch 1-NN,20,33,60.0,240.0,90.0,270.0,0,20,0.0
strong_1nn,Deterministic 6ch 1-NN,20,34,60.0,240.0,90.0,300.0,0,20,0.0
strong_1nn,Deterministic 6ch 1-NN,20,35,60.0,240.0,90.0,330.0,0,20,0.0
strong_1nn,Deterministic 6ch 1-NN,20,36,60.0,240.0,120.0,0.0,0,20,0.0
strong_1nn,Deterministic 6ch 1-NN,20,37,60.0,240.0,120.0,30.0,0,20,0.0
strong_1nn,Deterministic 6ch 1-NN,20,38,60.0,240.0,120.0,60.0,0,20,0.0
strong_1nn,Deterministic 6ch 1-NN,20,39,60.0,240.0,120.0,90.0,0,20,0.0
strong_1nn,Deterministic 6ch 1-NN,20,40,60.0,240.0,120.0,120.0,3,20,0.15
strong_1nn,Deterministic 6ch 1-NN,20,41,60.0,240.0,120.0,150.0,0,20,0.0
strong_1nn,Deterministic 6ch 1-NN,20,42,60.0,240.0,120.0,180.0,0,20,0.0
strong_1nn,Deterministic 6ch 1-NN,20,43,60.0,240.0,120.0,210.0,0,20,0.0
strong_1nn,Deterministic 6ch 1-NN,20,44,60.0,240.0,120.0,240.0,0,20,0.0
strong_1nn,Deterministic 6ch 1-NN,20,45,60.0,240.0,120.0,270.0,0,20,0.0
strong_1nn,Deterministic 6ch 1-NN,20,46,60.0,240.0,120.0,300.0,0,20,0.0
strong_1nn,Deterministic 6ch 1-NN,20,47,60.0,240.0,120.0,330.0,0,20,0.0
strong_1nn,Deterministic 6ch 1-NN,20,48,60.0,240.0,150.0,0.0,0,20,0.0
strong_1nn,Deterministic 6ch 1-NN,20,49,60.0,240.0,150.0,30.0,0,20,0.0
strong_1nn,Deterministic 6ch 1-NN,20,50,60.0,240.0,150.0,60.0,0,20,0.0
strong_1nn,Deterministic 6ch 1-NN,20,51,60.0,240.0,150.0,90.0,0,20,0.0
strong_1nn,Deterministic 6ch 1-NN,20,52,60.0,240.0,150.0,120.0,0,20,0.0
strong_1nn,Deterministic 6ch 1-NN,20,53,60.0,240.0,150.0,150.0,0,20,0.0
strong_1nn,Deterministic 6ch 1-NN,20,54,60.0,240.0,150.0,180.0,0,20,0.0
strong_1nn,Deterministic 6ch 1-NN,20,55,60.0,240.0,150.0,210.0,0,20,0.0
strong_1nn,Deterministic 6ch 1-NN,20,56,60.0,240.0,150.0,240.0,0,20,0.0
strong_1nn,Deterministic 6ch 1-NN,20,57,60.0,240.0,150.0,270.0,0,20,0.0
strong_1nn,Deterministic 6ch 1-NN,20,58,60.0,240.0,150.0,300.0,0,20,0.0
strong_1nn,Deterministic 6ch 1-NN,20,59,60.0,240.0,150.0,330.0,0,20,0.0
strong_1nn,Deterministic 6ch 1-NN,21,0,60.0,270.0,30.0,0.0,0,20,0.0
strong_1nn,Deterministic 6ch 1-NN,21,1,60.0,270.0,30.0,30.0,0,20,0.0
strong_1nn,Deterministic 6ch 1-NN,21,2,60.0,270.0,30.0,60.0,0,20,0.0
strong_1nn,Deterministic 6ch 1-NN,21,3,60.0,270.0,30.0,90.0,0,20,0.0
strong_1nn,Deterministic 6ch 1-NN,21,4,60.0,270.0,30.0,120.0,0,20,0.0
strong_1nn,Deterministic 6ch 1-NN,21,5,60.0,270.0,30.0,150.0,0,20,0.0
strong_1nn,Deterministic 6ch 1-NN,21,6,60.0,270.0,30.0,180.0,0,20,0.0
strong_1nn,Deterministic 6ch 1-NN,21,7,60.0,270.0,30.0,210.0,0,20,0.0
strong_1nn,Deterministic 6ch 1-NN,21,8,60.0,270.0,30.0,240.0,0,20,0.0
strong_1nn,Deterministic 6ch 1-NN,21,9,60.0,270.0,30.0,270.0,0,20,0.0
strong_1nn,Deterministic 6ch 1-NN,21,10,60.0,270.0,30.0,300.0,0,20,0.0
strong_1nn,Deterministic 6ch 1-NN,21,11,60.0,270.0,30.0,330.0,0,20,0.0
strong_1nn,Deterministic 6ch 1-NN,21,12,60.0,270.0,60.0,0.0,0,20,0.0
strong_1nn,Deterministic 6ch 1-NN,21,13,60.0,270.0,60.0,30.0,0,20,0.0
strong_1nn,Deterministic 6ch 1-NN,21,14,60.0,270.0,60.0,60.0,0,20,0.0
strong_1nn,Deterministic 6ch 1-NN,21,15,60.0,270.0,60.0,90.0,2,20,0.1
strong_1nn,Deterministic 6ch 1-NN,21,16,60.0,270.0,60.0,120.0,0,20,0.0
strong_1nn,Deterministic 6ch 1-NN,21,17,60.0,270.0,60.0,150.0,0,20,0.0
strong_1nn,Deterministic 6ch 1-NN,21,18,60.0,270.0,60.0,180.0,0,20,0.0
strong_1nn,Deterministic 6ch 1-NN,21,19,60.0,270.0,60.0,210.0,0,20,0.0
strong_1nn,Deterministic 6ch 1-NN,21,20,60.0,270.0,60.0,240.0,0,20,0.0
strong_1nn,Deterministic 6ch 1-NN,21,21,60.0,270.0,60.0,270.0,16,20,0.8
strong_1nn,Deterministic 6ch 1-NN,21,22,60.0,270.0,60.0,300.0,0,20,0.0
strong_1nn,Deterministic 6ch 1-NN,21,23,60.0,270.0,60.0,330.0,0,20,0.0
strong_1nn,Deterministic 6ch 1-NN,21,24,60.0,270.0,90.0,0.0,0,20,0.0
strong_1nn,Deterministic 6ch 1-NN,21,25,60.0,270.0,90.0,30.0,1,20,0.05
strong_1nn,Deterministic 6ch 1-NN,21,26,60.0,270.0,90.0,60.0,0,20,0.0
strong_1nn,Deterministic 6ch 1-NN,21,27,60.0,270.0,90.0,90.0,1,20,0.05
strong_1nn,Deterministic 6ch 1-NN,21,28,60.0,270.0,90.0,120.0,0,20,0.0
strong_1nn,Deterministic 6ch 1-NN,21,29,60.0,270.0,90.0,150.0,0,20,0.0
strong_1nn,Deterministic 6ch 1-NN,21,30,60.0,270.0,90.0,180.0,0,20,0.0
strong_1nn,Deterministic 6ch 1-NN,21,31,60.0,270.0,90.0,210.0,0,20,0.0
strong_1nn,Deterministic 6ch 1-NN,21,32,60.0,270.0,90.0,240.0,0,20,0.0
strong_1nn,Deterministic 6ch 1-NN,21,33,60.0,270.0,90.0,270.0,0,20,0.0
strong_1nn,Deterministic 6ch 1-NN,21,34,60.0,270.0,90.0,300.0,0,20,0.0
strong_1nn,Deterministic 6ch 1-NN,21,35,60.0,270.0,90.0,330.0,0,20,0.0
strong_1nn,Deterministic 6ch 1-NN,21,36,60.0,270.0,120.0,0.0,0,20,0.0
strong_1nn,Deterministic 6ch 1-NN,21,37,60.0,270.0,120.0,30.0,0,20,0.0
strong_1nn,Deterministic 6ch 1-NN,21,38,60.0,270.0,120.0,60.0,0,20,0.0
strong_1nn,Deterministic 6ch 1-NN,21,39,60.0,270.0,120.0,90.0,0,20,0.0
strong_1nn,Deterministic 6ch 1-NN,21,40,60.0,270.0,120.0,120.0,0,20,0.0
strong_1nn,Deterministic 6ch 1-NN,21,41,60.0,270.0,120.0,150.0,0,20,0.0
strong_1nn,Deterministic 6ch 1-NN,21,42,60.0,270.0,120.0,180.0,0,20,0.0
strong_1nn,Deterministic 6ch 1-NN,21,43,60.0,270.0,120.0,210.0,0,20,0.0
strong_1nn,Deterministic 6ch 1-NN,21,44,60.0,270.0,120.0,240.0,0,20,0.0
strong_1nn,Deterministic 6ch 1-NN,21,45,60.0,270.0,120.0,270.0,0,20,0.0
strong_1nn,Deterministic 6ch 1-NN,21,46,60.0,270.0,120.0,300.0,0,20,0.0
strong_1nn,Deterministic 6ch 1-NN,21,47,60.0,270.0,120.0,330.0,0,20,0.0
strong_1nn,Deterministic 6ch 1-NN,21,48,60.0,270.0,150.0,0.0,0,20,0.0
strong_1nn,Deterministic 6ch 1-NN,21,49,60.0,270.0,150.0,30.0,0,20,0.0
strong_1nn,Deterministic 6ch 1-NN,21,50,60.0,270.0,150.0,60.0,0,20,0.0
strong_1nn,Deterministic 6ch 1-NN,21,51,60.0,270.0,150.0,90.0,0,20,0.0
strong_1nn,Deterministic 6ch 1-NN,21,52,60.0,270.0,150.0,120.0,0,20,0.0
strong_1nn,Deterministic 6ch 1-NN,21,53,60.0,270.0,150.0,150.0,0,20,0.0
strong_1nn,Deterministic 6ch 1-NN,21,54,60.0,270.0,150.0,180.0,0,20,0.0
strong_1nn,Deterministic 6ch 1-NN,21,55,60.0,270.0,150.0,210.0,0,20,0.0
strong_1nn,Deterministic 6ch 1-NN,21,56,60.0,270.0,150.0,240.0,0,20,0.0
strong_1nn,Deterministic 6ch 1-NN,21,57,60.0,270.0,150.0,270.0,0,20,0.0
strong_1nn,Deterministic 6ch 1-NN,21,58,60.0,270.0,150.0,300.0,0,20,0.0
strong_1nn,Deterministic 6ch 1-NN,21,59,60.0,270.0,150.0,330.0,0,20,0.0
strong_1nn,Deterministic 6ch 1-NN,22,0,60.0,300.0,30.0,0.0,0,20,0.0
strong_1nn,Deterministic 6ch 1-NN,22,1,60.0,300.0,30.0,30.0,0,20,0.0
strong_1nn,Deterministic 6ch 1-NN,22,2,60.0,300.0,30.0,60.0,0,20,0.0
strong_1nn,Deterministic 6ch 1-NN,22,3,60.0,300.0,30.0,90.0,0,20,0.0
strong_1nn,Deterministic 6ch 1-NN,22,4,60.0,300.0,30.0,120.0,1,20,0.05
strong_1nn,Deterministic 6ch 1-NN,22,5,60.0,300.0,30.0,150.0,0,20,0.0
strong_1nn,Deterministic 6ch 1-NN,22,6,60.0,300.0,30.0,180.0,0,20,0.0
strong_1nn,Deterministic 6ch 1-NN,22,7,60.0,300.0,30.0,210.0,0,20,0.0
strong_1nn,Deterministic 6ch 1-NN,22,8,60.0,300.0,30.0,240.0,0,20,0.0
strong_1nn,Deterministic 6ch 1-NN,22,9,60.0,300.0,30.0,270.0,0,20,0.0
strong_1nn,Deterministic 6ch 1-NN,22,10,60.0,300.0,30.0,300.0,0,20,0.0
strong_1nn,Deterministic 6ch 1-NN,22,11,60.0,300.0,30.0,330.0,0,20,0.0
strong_1nn,Deterministic 6ch 1-NN,22,12,60.0,300.0,60.0,0.0,0,20,0.0
strong_1nn,Deterministic 6ch 1-NN,22,13,60.0,300.0,60.0,30.0,0,20,0.0
strong_1nn,Deterministic 6ch 1-NN,22,14,60.0,300.0,60.0,60.0,0,20,0.0
strong_1nn,Deterministic 6ch 1-NN,22,15,60.0,300.0,60.0,90.0,0,20,0.0
strong_1nn,Deterministic 6ch 1-NN,22,16,60.0,300.0,60.0,120.0,0,20,0.0
strong_1nn,Deterministic 6ch 1-NN,22,17,60.0,300.0,60.0,150.0,0,20,0.0
strong_1nn,Deterministic 6ch 1-NN,22,18,60.0,300.0,60.0,180.0,0,20,0.0
strong_1nn,Deterministic 6ch 1-NN,22,19,60.0,300.0,60.0,210.0,0,20,0.0
strong_1nn,Deterministic 6ch 1-NN,22,20,60.0,300.0,60.0,240.0,0,20,0.0
strong_1nn,Deterministic 6ch 1-NN,22,21,60.0,300.0,60.0,270.0,0,20,0.0
strong_1nn,Deterministic 6ch 1-NN,22,22,60.0,300.0,60.0,300.0,16,20,0.8
strong_1nn,Deterministic 6ch 1-NN,22,23,60.0,300.0,60.0,330.0,0,20,0.0
strong_1nn,Deterministic 6ch 1-NN,22,24,60.0,300.0,90.0,0.0,0,20,0.0
strong_1nn,Deterministic 6ch 1-NN,22,25,60.0,300.0,90.0,30.0,0,20,0.0
strong_1nn,Deterministic 6ch 1-NN,22,26,60.0,300.0,90.0,60.0,0,20,0.0
strong_1nn,Deterministic 6ch 1-NN,22,27,60.0,300.0,90.0,90.0,0,20,0.0
strong_1nn,Deterministic 6ch 1-NN,22,28,60.0,300.0,90.0,120.0,0,20,0.0
strong_1nn,Deterministic 6ch 1-NN,22,29,60.0,300.0,90.0,150.0,0,20,0.0
strong_1nn,Deterministic 6ch 1-NN,22,30,60.0,300.0,90.0,180.0,0,20,0.0
strong_1nn,Deterministic 6ch 1-NN,22,31,60.0,300.0,90.0,210.0,0,20,0.0
strong_1nn,Deterministic 6ch 1-NN,22,32,60.0,300.0,90.0,240.0,0,20,0.0
strong_1nn,Deterministic 6ch 1-NN,22,33,60.0,300.0,90.0,270.0,0,20,0.0
strong_1nn,Deterministic 6ch 1-NN,22,34,60.0,300.0,90.0,300.0,0,20,0.0
strong_1nn,Deterministic 6ch 1-NN,22,35,60.0,300.0,90.0,330.0,0,20,0.0
strong_1nn,Deterministic 6ch 1-NN,22,36,60.0,300.0,120.0,0.0,0,20,0.0
strong_1nn,Deterministic 6ch 1-NN,22,37,60.0,300.0,120.0,30.0,0,20,0.0
strong_1nn,Deterministic 6ch 1-NN,22,38,60.0,300.0,120.0,60.0,3,20,0.15
strong_1nn,Deterministic 6ch 1-NN,22,39,60.0,300.0,120.0,90.0,0,20,0.0
strong_1nn,Deterministic 6ch 1-NN,22,40,60.0,300.0,120.0,120.0,0,20,0.0
strong_1nn,Deterministic 6ch 1-NN,22,41,60.0,300.0,120.0,150.0,0,20,0.0
strong_1nn,Deterministic 6ch 1-NN,22,42,60.0,300.0,120.0,180.0,0,20,0.0
strong_1nn,Deterministic 6ch 1-NN,22,43,60.0,300.0,120.0,210.0,0,20,0.0
strong_1nn,Deterministic 6ch 1-NN,22,44,60.0,300.0,120.0,240.0,0,20,0.0
strong_1nn,Deterministic 6ch 1-NN,22,45,60.0,300.0,120.0,270.0,0,20,0.0
strong_1nn,Deterministic 6ch 1-NN,22,46,60.0,300.0,120.0,300.0,0,20,0.0
strong_1nn,Deterministic 6ch 1-NN,22,47,60.0,300.0,120.0,330.0,0,20,0.0
strong_1nn,Deterministic 6ch 1-NN,22,48,60.0,300.0,150.0,0.0,0,20,0.0
strong_1nn,Deterministic 6ch 1-NN,22,49,60.0,300.0,150.0,30.0,0,20,0.0
strong_1nn,Deterministic 6ch 1-NN,22,50,60.0,300.0,150.0,60.0,0,20,0.0
strong_1nn,Deterministic 6ch 1-NN,22,51,60.0,300.0,150.0,90.0,0,20,0.0
strong_1nn,Deterministic 6ch 1-NN,22,52,60.0,300.0,150.0,120.0,0,20,0.0
strong_1nn,Deterministic 6ch 1-NN,22,53,60.0,300.0,150.0,150.0,0,20,0.0
strong_1nn,Deterministic 6ch 1-NN,22,54,60.0,300.0,150.0,180.0,0,20,0.0
strong_1nn,Deterministic 6ch 1-NN,22,55,60.0,300.0,150.0,210.0,0,20,0.0
strong_1nn,Deterministic 6ch 1-NN,22,56,60.0,300.0,150.0,240.0,0,20,0.0
strong_1nn,Deterministic 6ch 1-NN,22,57,60.0,300.0,150.0,270.0,0,20,0.0
strong_1nn,Deterministic 6ch 1-NN,22,58,60.0,300.0,150.0,300.0,0,20,0.0
strong_1nn,Deterministic 6ch 1-NN,22,59,60.0,300.0,150.0,330.0,0,20,0.0
strong_1nn,Deterministic 6ch 1-NN,23,0,60.0,330.0,30.0,0.0,0,20,0.0
strong_1nn,Deterministic 6ch 1-NN,23,1,60.0,330.0,30.0,30.0,0,20,0.0
strong_1nn,Deterministic 6ch 1-NN,23,2,60.0,330.0,30.0,60.0,0,20,0.0
strong_1nn,Deterministic 6ch 1-NN,23,3,60.0,330.0,30.0,90.0,0,20,0.0
strong_1nn,Deterministic 6ch 1-NN,23,4,60.0,330.0,30.0,120.0,0,20,0.0
strong_1nn,Deterministic 6ch 1-NN,23,5,60.0,330.0,30.0,150.0,0,20,0.0
strong_1nn,Deterministic 6ch 1-NN,23,6,60.0,330.0,30.0,180.0,0,20,0.0
strong_1nn,Deterministic 6ch 1-NN,23,7,60.0,330.0,30.0,210.0,0,20,0.0
strong_1nn,Deterministic 6ch 1-NN,23,8,60.0,330.0,30.0,240.0,0,20,0.0
strong_1nn,Deterministic 6ch 1-NN,23,9,60.0,330.0,30.0,270.0,0,20,0.0
strong_1nn,Deterministic 6ch 1-NN,23,10,60.0,330.0,30.0,300.0,0,20,0.0
strong_1nn,Deterministic 6ch 1-NN,23,11,60.0,330.0,30.0,330.0,0,20,0.0
strong_1nn,Deterministic 6ch 1-NN,23,12,60.0,330.0,60.0,0.0,0,20,0.0
strong_1nn,Deterministic 6ch 1-NN,23,13,60.0,330.0,60.0,30.0,0,20,0.0
strong_1nn,Deterministic 6ch 1-NN,23,14,60.0,330.0,60.0,60.0,0,20,0.0
strong_1nn,Deterministic 6ch 1-NN,23,15,60.0,330.0,60.0,90.0,0,20,0.0
strong_1nn,Deterministic 6ch 1-NN,23,16,60.0,330.0,60.0,120.0,0,20,0.0
strong_1nn,Deterministic 6ch 1-NN,23,17,60.0,330.0,60.0,150.0,0,20,0.0
strong_1nn,Deterministic 6ch 1-NN,23,18,60.0,330.0,60.0,180.0,0,20,0.0
strong_1nn,Deterministic 6ch 1-NN,23,19,60.0,330.0,60.0,210.0,0,20,0.0
strong_1nn,Deterministic 6ch 1-NN,23,20,60.0,330.0,60.0,240.0,0,20,0.0
strong_1nn,Deterministic 6ch 1-NN,23,21,60.0,330.0,60.0,270.0,0,20,0.0
strong_1nn,Deterministic 6ch 1-NN,23,22,60.0,330.0,60.0,300.0,0,20,0.0
strong_1nn,Deterministic 6ch 1-NN,23,23,60.0,330.0,60.0,330.0,17,20,0.85
strong_1nn,Deterministic 6ch 1-NN,23,24,60.0,330.0,90.0,0.0,0,20,0.0
strong_1nn,Deterministic 6ch 1-NN,23,25,60.0,330.0,90.0,30.0,0,20,0.0
strong_1nn,Deterministic 6ch 1-NN,23,26,60.0,330.0,90.0,60.0,0,20,0.0
strong_1nn,Deterministic 6ch 1-NN,23,27,60.0,330.0,90.0,90.0,0,20,0.0
strong_1nn,Deterministic 6ch 1-NN,23,28,60.0,330.0,90.0,120.0,0,20,0.0
strong_1nn,Deterministic 6ch 1-NN,23,29,60.0,330.0,90.0,150.0,0,20,0.0
strong_1nn,Deterministic 6ch 1-NN,23,30,60.0,330.0,90.0,180.0,0,20,0.0
strong_1nn,Deterministic 6ch 1-NN,23,31,60.0,330.0,90.0,210.0,0,20,0.0
strong_1nn,Deterministic 6ch 1-NN,23,32,60.0,330.0,90.0,240.0,0,20,0.0
strong_1nn,Deterministic 6ch 1-NN,23,33,60.0,330.0,90.0,270.0,0,20,0.0
strong_1nn,Deterministic 6ch 1-NN,23,34,60.0,330.0,90.0,300.0,0,20,0.0
strong_1nn,Deterministic 6ch 1-NN,23,35,60.0,330.0,90.0,330.0,0,20,0.0
strong_1nn,Deterministic 6ch 1-NN,23,36,60.0,330.0,120.0,0.0,0,20,0.0
strong_1nn,Deterministic 6ch 1-NN,23,37,60.0,330.0,120.0,30.0,2,20,0.1
strong_1nn,Deterministic 6ch 1-NN,23,38,60.0,330.0,120.0,60.0,0,20,0.0
strong_1nn,Deterministic 6ch 1-NN,23,39,60.0,330.0,120.0,90.0,0,20,0.0
strong_1nn,Deterministic 6ch 1-NN,23,40,60.0,330.0,120.0,120.0,0,20,0.0
strong_1nn,Deterministic 6ch 1-NN,23,41,60.0,330.0,120.0,150.0,0,20,0.0
strong_1nn,Deterministic 6ch 1-NN,23,42,60.0,330.0,120.0,180.0,0,20,0.0
strong_1nn,Deterministic 6ch 1-NN,23,43,60.0,330.0,120.0,210.0,1,20,0.05
strong_1nn,Deterministic 6ch 1-NN,23,44,60.0,330.0,120.0,240.0,0,20,0.0
strong_1nn,Deterministic 6ch 1-NN,23,45,60.0,330.0,120.0,270.0,0,20,0.0
strong_1nn,Deterministic 6ch 1-NN,23,46,60.0,330.0,120.0,300.0,0,20,0.0
strong_1nn,Deterministic 6ch 1-NN,23,47,60.0,330.0,120.0,330.0,0,20,0.0
strong_1nn,Deterministic 6ch 1-NN,23,48,60.0,330.0,150.0,0.0,0,20,0.0
strong_1nn,Deterministic 6ch 1-NN,23,49,60.0,330.0,150.0,30.0,0,20,0.0
strong_1nn,Deterministic 6ch 1-NN,23,50,60.0,330.0,150.0,60.0,0,20,0.0
strong_1nn,Deterministic 6ch 1-NN,23,51,60.0,330.0,150.0,90.0,0,20,0.0
strong_1nn,Deterministic 6ch 1-NN,23,52,60.0,330.0,150.0,120.0,0,20,0.0
strong_1nn,Deterministic 6ch 1-NN,23,53,60.0,330.0,150.0,150.0,0,20,0.0
strong_1nn,Deterministic 6ch 1-NN,23,54,60.0,330.0,150.0,180.0,0,20,0.0
strong_1nn,Deterministic 6ch 1-NN,23,55,60.0,330.0,150.0,210.0,0,20,0.0
strong_1nn,Deterministic 6ch 1-NN,23,56,60.0,330.0,150.0,240.0,0,20,0.0
strong_1nn,Deterministic 6ch 1-NN,23,57,60.0,330.0,150.0,270.0,0,20,0.0
strong_1nn,Deterministic 6ch 1-NN,23,58,60.0,330.0,150.0,300.0,0,20,0.0
strong_1nn,Deterministic 6ch 1-NN,23,59,60.0,330.0,150.0,330.0,0,20,0.0
strong_1nn,Deterministic 6ch 1-NN,24,0,90.0,0.0,30.0,0.0,0,20,0.0
strong_1nn,Deterministic 6ch 1-NN,24,1,90.0,0.0,30.0,30.0,0,20,0.0
strong_1nn,Deterministic 6ch 1-NN,24,2,90.0,0.0,30.0,60.0,0,20,0.0
strong_1nn,Deterministic 6ch 1-NN,24,3,90.0,0.0,30.0,90.0,0,20,0.0
strong_1nn,Deterministic 6ch 1-NN,24,4,90.0,0.0,30.0,120.0,0,20,0.0
strong_1nn,Deterministic 6ch 1-NN,24,5,90.0,0.0,30.0,150.0,0,20,0.0
strong_1nn,Deterministic 6ch 1-NN,24,6,90.0,0.0,30.0,180.0,0,20,0.0
strong_1nn,Deterministic 6ch 1-NN,24,7,90.0,0.0,30.0,210.0,0,20,0.0
strong_1nn,Deterministic 6ch 1-NN,24,8,90.0,0.0,30.0,240.0,0,20,0.0
strong_1nn,Deterministic 6ch 1-NN,24,9,90.0,0.0,30.0,270.0,1,20,0.05
strong_1nn,Deterministic 6ch 1-NN,24,10,90.0,0.0,30.0,300.0,0,20,0.0
strong_1nn,Deterministic 6ch 1-NN,24,11,90.0,0.0,30.0,330.0,0,20,0.0
strong_1nn,Deterministic 6ch 1-NN,24,12,90.0,0.0,60.0,0.0,0,20,0.0
strong_1nn,Deterministic 6ch 1-NN,24,13,90.0,0.0,60.0,30.0,0,20,0.0
strong_1nn,Deterministic 6ch 1-NN,24,14,90.0,0.0,60.0,60.0,0,20,0.0
strong_1nn,Deterministic 6ch 1-NN,24,15,90.0,0.0,60.0,90.0,0,20,0.0
strong_1nn,Deterministic 6ch 1-NN,24,16,90.0,0.0,60.0,120.0,0,20,0.0
strong_1nn,Deterministic 6ch 1-NN,24,17,90.0,0.0,60.0,150.0,0,20,0.0
strong_1nn,Deterministic 6ch 1-NN,24,18,90.0,0.0,60.0,180.0,0,20,0.0
strong_1nn,Deterministic 6ch 1-NN,24,19,90.0,0.0,60.0,210.0,0,20,0.0
strong_1nn,Deterministic 6ch 1-NN,24,20,90.0,0.0,60.0,240.0,0,20,0.0
strong_1nn,Deterministic 6ch 1-NN,24,21,90.0,0.0,60.0,270.0,1,20,0.05
strong_1nn,Deterministic 6ch 1-NN,24,22,90.0,0.0,60.0,300.0,0,20,0.0
strong_1nn,Deterministic 6ch 1-NN,24,23,90.0,0.0,60.0,330.0,0,20,0.0
strong_1nn,Deterministic 6ch 1-NN,24,24,90.0,0.0,90.0,0.0,9,20,0.45
strong_1nn,Deterministic 6ch 1-NN,24,25,90.0,0.0,90.0,30.0,1,20,0.05
strong_1nn,Deterministic 6ch 1-NN,24,26,90.0,0.0,90.0,60.0,0,20,0.0
strong_1nn,Deterministic 6ch 1-NN,24,27,90.0,0.0,90.0,90.0,0,20,0.0
strong_1nn,Deterministic 6ch 1-NN,24,28,90.0,0.0,90.0,120.0,0,20,0.0
strong_1nn,Deterministic 6ch 1-NN,24,29,90.0,0.0,90.0,150.0,2,20,0.1
strong_1nn,Deterministic 6ch 1-NN,24,30,90.0,0.0,90.0,180.0,2,20,0.1
strong_1nn,Deterministic 6ch 1-NN,24,31,90.0,0.0,90.0,210.0,0,20,0.0
strong_1nn,Deterministic 6ch 1-NN,24,32,90.0,0.0,90.0,240.0,0,20,0.0
strong_1nn,Deterministic 6ch 1-NN,24,33,90.0,0.0,90.0,270.0,0,20,0.0
strong_1nn,Deterministic 6ch 1-NN,24,34,90.0,0.0,90.0,300.0,0,20,0.0
strong_1nn,Deterministic 6ch 1-NN,24,35,90.0,0.0,90.0,330.0,3,20,0.15
strong_1nn,Deterministic 6ch 1-NN,24,36,90.0,0.0,120.0,0.0,0,20,0.0
strong_1nn,Deterministic 6ch 1-NN,24,37,90.0,0.0,120.0,30.0,0,20,0.0
strong_1nn,Deterministic 6ch 1-NN,24,38,90.0,0.0,120.0,60.0,0,20,0.0
strong_1nn,Deterministic 6ch 1-NN,24,39,90.0,0.0,120.0,90.0,0,20,0.0
strong_1nn,Deterministic 6ch 1-NN,24,40,90.0,0.0,120.0,120.0,0,20,0.0
strong_1nn,Deterministic 6ch 1-NN,24,41,90.0,0.0,120.0,150.0,0,20,0.0
strong_1nn,Deterministic 6ch 1-NN,24,42,90.0,0.0,120.0,180.0,0,20,0.0
strong_1nn,Deterministic 6ch 1-NN,24,43,90.0,0.0,120.0,210.0,0,20,0.0
strong_1nn,Deterministic 6ch 1-NN,24,44,90.0,0.0,120.0,240.0,1,20,0.05
strong_1nn,Deterministic 6ch 1-NN,24,45,90.0,0.0,120.0,270.0,0,20,0.0
strong_1nn,Deterministic 6ch 1-NN,24,46,90.0,0.0,120.0,300.0,0,20,0.0
strong_1nn,Deterministic 6ch 1-NN,24,47,90.0,0.0,120.0,330.0,0,20,0.0
strong_1nn,Deterministic 6ch 1-NN,24,48,90.0,0.0,150.0,0.0,0,20,0.0
strong_1nn,Deterministic 6ch 1-NN,24,49,90.0,0.0,150.0,30.0,0,20,0.0
strong_1nn,Deterministic 6ch 1-NN,24,50,90.0,0.0,150.0,60.0,0,20,0.0
strong_1nn,Deterministic 6ch 1-NN,24,51,90.0,0.0,150.0,90.0,0,20,0.0
strong_1nn,Deterministic 6ch 1-NN,24,52,90.0,0.0,150.0,120.0,0,20,0.0
strong_1nn,Deterministic 6ch 1-NN,24,53,90.0,0.0,150.0,150.0,0,20,0.0
strong_1nn,Deterministic 6ch 1-NN,24,54,90.0,0.0,150.0,180.0,0,20,0.0
strong_1nn,Deterministic 6ch 1-NN,24,55,90.0,0.0,150.0,210.0,0,20,0.0
strong_1nn,Deterministic 6ch 1-NN,24,56,90.0,0.0,150.0,240.0,0,20,0.0
strong_1nn,Deterministic 6ch 1-NN,24,57,90.0,0.0,150.0,270.0,0,20,0.0
strong_1nn,Deterministic 6ch 1-NN,24,58,90.0,0.0,150.0,300.0,0,20,0.0
strong_1nn,Deterministic 6ch 1-NN,24,59,90.0,0.0,150.0,330.0,0,20,0.0
strong_1nn,Deterministic 6ch 1-NN,25,0,90.0,30.0,30.0,0.0,0,20,0.0
strong_1nn,Deterministic 6ch 1-NN,25,1,90.0,30.0,30.0,30.0,0,20,0.0
strong_1nn,Deterministic 6ch 1-NN,25,2,90.0,30.0,30.0,60.0,0,20,0.0
strong_1nn,Deterministic 6ch 1-NN,25,3,90.0,30.0,30.0,90.0,0,20,0.0
strong_1nn,Deterministic 6ch 1-NN,25,4,90.0,30.0,30.0,120.0,0,20,0.0
strong_1nn,Deterministic 6ch 1-NN,25,5,90.0,30.0,30.0,150.0,0,20,0.0
strong_1nn,Deterministic 6ch 1-NN,25,6,90.0,30.0,30.0,180.0,0,20,0.0
strong_1nn,Deterministic 6ch 1-NN,25,7,90.0,30.0,30.0,210.0,0,20,0.0
strong_1nn,Deterministic 6ch 1-NN,25,8,90.0,30.0,30.0,240.0,0,20,0.0
strong_1nn,Deterministic 6ch 1-NN,25,9,90.0,30.0,30.0,270.0,0,20,0.0
strong_1nn,Deterministic 6ch 1-NN,25,10,90.0,30.0,30.0,300.0,0,20,0.0
strong_1nn,Deterministic 6ch 1-NN,25,11,90.0,30.0,30.0,330.0,0,20,0.0
strong_1nn,Deterministic 6ch 1-NN,25,12,90.0,30.0,60.0,0.0,0,20,0.0
strong_1nn,Deterministic 6ch 1-NN,25,13,90.0,30.0,60.0,30.0,0,20,0.0
strong_1nn,Deterministic 6ch 1-NN,25,14,90.0,30.0,60.0,60.0,0,20,0.0
strong_1nn,Deterministic 6ch 1-NN,25,15,90.0,30.0,60.0,90.0,0,20,0.0
strong_1nn,Deterministic 6ch 1-NN,25,16,90.0,30.0,60.0,120.0,2,20,0.1
strong_1nn,Deterministic 6ch 1-NN,25,17,90.0,30.0,60.0,150.0,0,20,0.0
strong_1nn,Deterministic 6ch 1-NN,25,18,90.0,30.0,60.0,180.0,0,20,0.0
strong_1nn,Deterministic 6ch 1-NN,25,19,90.0,30.0,60.0,210.0,0,20,0.0
strong_1nn,Deterministic 6ch 1-NN,25,20,90.0,30.0,60.0,240.0,0,20,0.0
strong_1nn,Deterministic 6ch 1-NN,25,21,90.0,30.0,60.0,270.0,1,20,0.05
strong_1nn,Deterministic 6ch 1-NN,25,22,90.0,30.0,60.0,300.0,0,20,0.0
strong_1nn,Deterministic 6ch 1-NN,25,23,90.0,30.0,60.0,330.0,0,20,0.0
strong_1nn,Deterministic 6ch 1-NN,25,24,90.0,30.0,90.0,0.0,1,20,0.05
strong_1nn,Deterministic 6ch 1-NN,25,25,90.0,30.0,90.0,30.0,7,20,0.35
strong_1nn,Deterministic 6ch 1-NN,25,26,90.0,30.0,90.0,60.0,5,20,0.25
strong_1nn,Deterministic 6ch 1-NN,25,27,90.0,30.0,90.0,90.0,0,20,0.0
strong_1nn,Deterministic 6ch 1-NN,25,28,90.0,30.0,90.0,120.0,0,20,0.0
strong_1nn,Deterministic 6ch 1-NN,25,29,90.0,30.0,90.0,150.0,1,20,0.05
strong_1nn,Deterministic 6ch 1-NN,25,30,90.0,30.0,90.0,180.0,2,20,0.1
strong_1nn,Deterministic 6ch 1-NN,25,31,90.0,30.0,90.0,210.0,0,20,0.0
strong_1nn,Deterministic 6ch 1-NN,25,32,90.0,30.0,90.0,240.0,0,20,0.0
strong_1nn,Deterministic 6ch 1-NN,25,33,90.0,30.0,90.0,270.0,0,20,0.0
strong_1nn,Deterministic 6ch 1-NN,25,34,90.0,30.0,90.0,300.0,0,20,0.0
strong_1nn,Deterministic 6ch 1-NN,25,35,90.0,30.0,90.0,330.0,0,20,0.0
strong_1nn,Deterministic 6ch 1-NN,25,36,90.0,30.0,120.0,0.0,0,20,0.0
strong_1nn,Deterministic 6ch 1-NN,25,37,90.0,30.0,120.0,30.0,0,20,0.0
strong_1nn,Deterministic 6ch 1-NN,25,38,90.0,30.0,120.0,60.0,0,20,0.0
strong_1nn,Deterministic 6ch 1-NN,25,39,90.0,30.0,120.0,90.0,0,20,0.0
strong_1nn,Deterministic 6ch 1-NN,25,40,90.0,30.0,120.0,120.0,0,20,0.0
strong_1nn,Deterministic 6ch 1-NN,25,41,90.0,30.0,120.0,150.0,0,20,0.0
strong_1nn,Deterministic 6ch 1-NN,25,42,90.0,30.0,120.0,180.0,0,20,0.0
strong_1nn,Deterministic 6ch 1-NN,25,43,90.0,30.0,120.0,210.0,0,20,0.0
strong_1nn,Deterministic 6ch 1-NN,25,44,90.0,30.0,120.0,240.0,0,20,0.0
strong_1nn,Deterministic 6ch 1-NN,25,45,90.0,30.0,120.0,270.0,1,20,0.05
strong_1nn,Deterministic 6ch 1-NN,25,46,90.0,30.0,120.0,300.0,0,20,0.0
strong_1nn,Deterministic 6ch 1-NN,25,47,90.0,30.0,120.0,330.0,0,20,0.0
strong_1nn,Deterministic 6ch 1-NN,25,48,90.0,30.0,150.0,0.0,0,20,0.0
strong_1nn,Deterministic 6ch 1-NN,25,49,90.0,30.0,150.0,30.0,0,20,0.0
strong_1nn,Deterministic 6ch 1-NN,25,50,90.0,30.0,150.0,60.0,0,20,0.0
strong_1nn,Deterministic 6ch 1-NN,25,51,90.0,30.0,150.0,90.0,0,20,0.0
strong_1nn,Deterministic 6ch 1-NN,25,52,90.0,30.0,150.0,120.0,0,20,0.0
strong_1nn,Deterministic 6ch 1-NN,25,53,90.0,30.0,150.0,150.0,0,20,0.0
strong_1nn,Deterministic 6ch 1-NN,25,54,90.0,30.0,150.0,180.0,0,20,0.0
strong_1nn,Deterministic 6ch 1-NN,25,55,90.0,30.0,150.0,210.0,0,20,0.0
strong_1nn,Deterministic 6ch 1-NN,25,56,90.0,30.0,150.0,240.0,0,20,0.0
strong_1nn,Deterministic 6ch 1-NN,25,57,90.0,30.0,150.0,270.0,0,20,0.0
strong_1nn,Deterministic 6ch 1-NN,25,58,90.0,30.0,150.0,300.0,0,20,0.0
strong_1nn,Deterministic 6ch 1-NN,25,59,90.0,30.0,150.0,330.0,0,20,0.0
strong_1nn,Deterministic 6ch 1-NN,26,0,90.0,60.0,30.0,0.0,0,20,0.0
strong_1nn,Deterministic 6ch 1-NN,26,1,90.0,60.0,30.0,30.0,0,20,0.0
strong_1nn,Deterministic 6ch 1-NN,26,2,90.0,60.0,30.0,60.0,0,20,0.0
strong_1nn,Deterministic 6ch 1-NN,26,3,90.0,60.0,30.0,90.0,0,20,0.0
strong_1nn,Deterministic 6ch 1-NN,26,4,90.0,60.0,30.0,120.0,0,20,0.0
strong_1nn,Deterministic 6ch 1-NN,26,5,90.0,60.0,30.0,150.0,0,20,0.0
strong_1nn,Deterministic 6ch 1-NN,26,6,90.0,60.0,30.0,180.0,0,20,0.0
strong_1nn,Deterministic 6ch 1-NN,26,7,90.0,60.0,30.0,210.0,0,20,0.0
strong_1nn,Deterministic 6ch 1-NN,26,8,90.0,60.0,30.0,240.0,0,20,0.0
strong_1nn,Deterministic 6ch 1-NN,26,9,90.0,60.0,30.0,270.0,0,20,0.0
strong_1nn,Deterministic 6ch 1-NN,26,10,90.0,60.0,30.0,300.0,0,20,0.0
strong_1nn,Deterministic 6ch 1-NN,26,11,90.0,60.0,30.0,330.0,0,20,0.0
strong_1nn,Deterministic 6ch 1-NN,26,12,90.0,60.0,60.0,0.0,0,20,0.0
strong_1nn,Deterministic 6ch 1-NN,26,13,90.0,60.0,60.0,30.0,0,20,0.0
strong_1nn,Deterministic 6ch 1-NN,26,14,90.0,60.0,60.0,60.0,0,20,0.0
strong_1nn,Deterministic 6ch 1-NN,26,15,90.0,60.0,60.0,90.0,0,20,0.0
strong_1nn,Deterministic 6ch 1-NN,26,16,90.0,60.0,60.0,120.0,0,20,0.0
strong_1nn,Deterministic 6ch 1-NN,26,17,90.0,60.0,60.0,150.0,0,20,0.0
strong_1nn,Deterministic 6ch 1-NN,26,18,90.0,60.0,60.0,180.0,0,20,0.0
strong_1nn,Deterministic 6ch 1-NN,26,19,90.0,60.0,60.0,210.0,0,20,0.0
strong_1nn,Deterministic 6ch 1-NN,26,20,90.0,60.0,60.0,240.0,0,20,0.0
strong_1nn,Deterministic 6ch 1-NN,26,21,90.0,60.0,60.0,270.0,2,20,0.1
strong_1nn,Deterministic 6ch 1-NN,26,22,90.0,60.0,60.0,300.0,0,20,0.0
strong_1nn,Deterministic 6ch 1-NN,26,23,90.0,60.0,60.0,330.0,0,20,0.0
strong_1nn,Deterministic 6ch 1-NN,26,24,90.0,60.0,90.0,0.0,2,20,0.1
strong_1nn,Deterministic 6ch 1-NN,26,25,90.0,60.0,90.0,30.0,1,20,0.05
strong_1nn,Deterministic 6ch 1-NN,26,26,90.0,60.0,90.0,60.0,8,20,0.4
strong_1nn,Deterministic 6ch 1-NN,26,27,90.0,60.0,90.0,90.0,1,20,0.05
strong_1nn,Deterministic 6ch 1-NN,26,28,90.0,60.0,90.0,120.0,1,20,0.05
strong_1nn,Deterministic 6ch 1-NN,26,29,90.0,60.0,90.0,150.0,0,20,0.0
strong_1nn,Deterministic 6ch 1-NN,26,30,90.0,60.0,90.0,180.0,0,20,0.0
strong_1nn,Deterministic 6ch 1-NN,26,31,90.0,60.0,90.0,210.0,0,20,0.0
strong_1nn,Deterministic 6ch 1-NN,26,32,90.0,60.0,90.0,240.0,0,20,0.0
strong_1nn,Deterministic 6ch 1-NN,26,33,90.0,60.0,90.0,270.0,0,20,0.0
strong_1nn,Deterministic 6ch 1-NN,26,34,90.0,60.0,90.0,300.0,1,20,0.05
strong_1nn,Deterministic 6ch 1-NN,26,35,90.0,60.0,90.0,330.0,0,20,0.0
strong_1nn,Deterministic 6ch 1-NN,26,36,90.0,60.0,120.0,0.0,0,20,0.0
strong_1nn,Deterministic 6ch 1-NN,26,37,90.0,60.0,120.0,30.0,0,20,0.0
strong_1nn,Deterministic 6ch 1-NN,26,38,90.0,60.0,120.0,60.0,0,20,0.0
strong_1nn,Deterministic 6ch 1-NN,26,39,90.0,60.0,120.0,90.0,2,20,0.1
strong_1nn,Deterministic 6ch 1-NN,26,40,90.0,60.0,120.0,120.0,0,20,0.0
strong_1nn,Deterministic 6ch 1-NN,26,41,90.0,60.0,120.0,150.0,0,20,0.0
strong_1nn,Deterministic 6ch 1-NN,26,42,90.0,60.0,120.0,180.0,0,20,0.0
strong_1nn,Deterministic 6ch 1-NN,26,43,90.0,60.0,120.0,210.0,0,20,0.0
strong_1nn,Deterministic 6ch 1-NN,26,44,90.0,60.0,120.0,240.0,0,20,0.0
strong_1nn,Deterministic 6ch 1-NN,26,45,90.0,60.0,120.0,270.0,2,20,0.1
strong_1nn,Deterministic 6ch 1-NN,26,46,90.0,60.0,120.0,300.0,0,20,0.0
strong_1nn,Deterministic 6ch 1-NN,26,47,90.0,60.0,120.0,330.0,0,20,0.0
strong_1nn,Deterministic 6ch 1-NN,26,48,90.0,60.0,150.0,0.0,0,20,0.0
strong_1nn,Deterministic 6ch 1-NN,26,49,90.0,60.0,150.0,30.0,0,20,0.0
strong_1nn,Deterministic 6ch 1-NN,26,50,90.0,60.0,150.0,60.0,0,20,0.0
strong_1nn,Deterministic 6ch 1-NN,26,51,90.0,60.0,150.0,90.0,0,20,0.0
strong_1nn,Deterministic 6ch 1-NN,26,52,90.0,60.0,150.0,120.0,0,20,0.0
strong_1nn,Deterministic 6ch 1-NN,26,53,90.0,60.0,150.0,150.0,0,20,0.0
strong_1nn,Deterministic 6ch 1-NN,26,54,90.0,60.0,150.0,180.0,0,20,0.0
strong_1nn,Deterministic 6ch 1-NN,26,55,90.0,60.0,150.0,210.0,0,20,0.0
strong_1nn,Deterministic 6ch 1-NN,26,56,90.0,60.0,150.0,240.0,0,20,0.0
strong_1nn,Deterministic 6ch 1-NN,26,57,90.0,60.0,150.0,270.0,0,20,0.0
strong_1nn,Deterministic 6ch 1-NN,26,58,90.0,60.0,150.0,300.0,0,20,0.0
strong_1nn,Deterministic 6ch 1-NN,26,59,90.0,60.0,150.0,330.0,0,20,0.0
strong_1nn,Deterministic 6ch 1-NN,27,0,90.0,90.0,30.0,0.0,0,20,0.0
strong_1nn,Deterministic 6ch 1-NN,27,1,90.0,90.0,30.0,30.0,0,20,0.0
strong_1nn,Deterministic 6ch 1-NN,27,2,90.0,90.0,30.0,60.0,0,20,0.0
strong_1nn,Deterministic 6ch 1-NN,27,3,90.0,90.0,30.0,90.0,0,20,0.0
strong_1nn,Deterministic 6ch 1-NN,27,4,90.0,90.0,30.0,120.0,0,20,0.0
strong_1nn,Deterministic 6ch 1-NN,27,5,90.0,90.0,30.0,150.0,0,20,0.0
strong_1nn,Deterministic 6ch 1-NN,27,6,90.0,90.0,30.0,180.0,0,20,0.0
strong_1nn,Deterministic 6ch 1-NN,27,7,90.0,90.0,30.0,210.0,0,20,0.0
strong_1nn,Deterministic 6ch 1-NN,27,8,90.0,90.0,30.0,240.0,0,20,0.0
strong_1nn,Deterministic 6ch 1-NN,27,9,90.0,90.0,30.0,270.0,0,20,0.0
strong_1nn,Deterministic 6ch 1-NN,27,10,90.0,90.0,30.0,300.0,0,20,0.0
strong_1nn,Deterministic 6ch 1-NN,27,11,90.0,90.0,30.0,330.0,0,20,0.0
strong_1nn,Deterministic 6ch 1-NN,27,12,90.0,90.0,60.0,0.0,0,20,0.0
strong_1nn,Deterministic 6ch 1-NN,27,13,90.0,90.0,60.0,30.0,0,20,0.0
strong_1nn,Deterministic 6ch 1-NN,27,14,90.0,90.0,60.0,60.0,0,20,0.0
strong_1nn,Deterministic 6ch 1-NN,27,15,90.0,90.0,60.0,90.0,0,20,0.0
strong_1nn,Deterministic 6ch 1-NN,27,16,90.0,90.0,60.0,120.0,0,20,0.0
strong_1nn,Deterministic 6ch 1-NN,27,17,90.0,90.0,60.0,150.0,0,20,0.0
strong_1nn,Deterministic 6ch 1-NN,27,18,90.0,90.0,60.0,180.0,0,20,0.0
strong_1nn,Deterministic 6ch 1-NN,27,19,90.0,90.0,60.0,210.0,0,20,0.0
strong_1nn,Deterministic 6ch 1-NN,27,20,90.0,90.0,60.0,240.0,0,20,0.0
strong_1nn,Deterministic 6ch 1-NN,27,21,90.0,90.0,60.0,270.0,2,20,0.1
strong_1nn,Deterministic 6ch 1-NN,27,22,90.0,90.0,60.0,300.0,0,20,0.0
strong_1nn,Deterministic 6ch 1-NN,27,23,90.0,90.0,60.0,330.0,0,20,0.0
strong_1nn,Deterministic 6ch 1-NN,27,24,90.0,90.0,90.0,0.0,0,20,0.0
strong_1nn,Deterministic 6ch 1-NN,27,25,90.0,90.0,90.0,30.0,1,20,0.05
strong_1nn,Deterministic 6ch 1-NN,27,26,90.0,90.0,90.0,60.0,0,20,0.0
strong_1nn,Deterministic 6ch 1-NN,27,27,90.0,90.0,90.0,90.0,13,20,0.65
strong_1nn,Deterministic 6ch 1-NN,27,28,90.0,90.0,90.0,120.0,1,20,0.05
strong_1nn,Deterministic 6ch 1-NN,27,29,90.0,90.0,90.0,150.0,0,20,0.0
strong_1nn,Deterministic 6ch 1-NN,27,30,90.0,90.0,90.0,180.0,0,20,0.0
strong_1nn,Deterministic 6ch 1-NN,27,31,90.0,90.0,90.0,210.0,0,20,0.0
strong_1nn,Deterministic 6ch 1-NN,27,32,90.0,90.0,90.0,240.0,1,20,0.05
strong_1nn,Deterministic 6ch 1-NN,27,33,90.0,90.0,90.0,270.0,1,20,0.05
strong_1nn,Deterministic 6ch 1-NN,27,34,90.0,90.0,90.0,300.0,0,20,0.0
strong_1nn,Deterministic 6ch 1-NN,27,35,90.0,90.0,90.0,330.0,0,20,0.0
strong_1nn,Deterministic 6ch 1-NN,27,36,90.0,90.0,120.0,0.0,0,20,0.0
strong_1nn,Deterministic 6ch 1-NN,27,37,90.0,90.0,120.0,30.0,0,20,0.0
strong_1nn,Deterministic 6ch 1-NN,27,38,90.0,90.0,120.0,60.0,0,20,0.0
strong_1nn,Deterministic 6ch 1-NN,27,39,90.0,90.0,120.0,90.0,1,20,0.05
strong_1nn,Deterministic 6ch 1-NN,27,40,90.0,90.0,120.0,120.0,0,20,0.0
strong_1nn,Deterministic 6ch 1-NN,27,41,90.0,90.0,120.0,150.0,0,20,0.0
strong_1nn,Deterministic 6ch 1-NN,27,42,90.0,90.0,120.0,180.0,0,20,0.0
strong_1nn,Deterministic 6ch 1-NN,27,43,90.0,90.0,120.0,210.0,0,20,0.0
strong_1nn,Deterministic 6ch 1-NN,27,44,90.0,90.0,120.0,240.0,0,20,0.0
strong_1nn,Deterministic 6ch 1-NN,27,45,90.0,90.0,120.0,270.0,0,20,0.0
strong_1nn,Deterministic 6ch 1-NN,27,46,90.0,90.0,120.0,300.0,0,20,0.0
strong_1nn,Deterministic 6ch 1-NN,27,47,90.0,90.0,120.0,330.0,0,20,0.0
strong_1nn,Deterministic 6ch 1-NN,27,48,90.0,90.0,150.0,0.0,0,20,0.0
strong_1nn,Deterministic 6ch 1-NN,27,49,90.0,90.0,150.0,30.0,0,20,0.0
strong_1nn,Deterministic 6ch 1-NN,27,50,90.0,90.0,150.0,60.0,0,20,0.0
strong_1nn,Deterministic 6ch 1-NN,27,51,90.0,90.0,150.0,90.0,0,20,0.0
strong_1nn,Deterministic 6ch 1-NN,27,52,90.0,90.0,150.0,120.0,0,20,0.0
strong_1nn,Deterministic 6ch 1-NN,27,53,90.0,90.0,150.0,150.0,0,20,0.0
strong_1nn,Deterministic 6ch 1-NN,27,54,90.0,90.0,150.0,180.0,0,20,0.0
strong_1nn,Deterministic 6ch 1-NN,27,55,90.0,90.0,150.0,210.0,0,20,0.0
strong_1nn,Deterministic 6ch 1-NN,27,56,90.0,90.0,150.0,240.0,0,20,0.0
strong_1nn,Deterministic 6ch 1-NN,27,57,90.0,90.0,150.0,270.0,0,20,0.0
strong_1nn,Deterministic 6ch 1-NN,27,58,90.0,90.0,150.0,300.0,0,20,0.0
strong_1nn,Deterministic 6ch 1-NN,27,59,90.0,90.0,150.0,330.0,0,20,0.0
strong_1nn,Deterministic 6ch 1-NN,28,0,90.0,120.0,30.0,0.0,0,20,0.0
strong_1nn,Deterministic 6ch 1-NN,28,1,90.0,120.0,30.0,30.0,0,20,0.0
strong_1nn,Deterministic 6ch 1-NN,28,2,90.0,120.0,30.0,60.0,0,20,0.0
strong_1nn,Deterministic 6ch 1-NN,28,3,90.0,120.0,30.0,90.0,0,20,0.0
strong_1nn,Deterministic 6ch 1-NN,28,4,90.0,120.0,30.0,120.0,0,20,0.0
strong_1nn,Deterministic 6ch 1-NN,28,5,90.0,120.0,30.0,150.0,0,20,0.0
strong_1nn,Deterministic 6ch 1-NN,28,6,90.0,120.0,30.0,180.0,0,20,0.0
strong_1nn,Deterministic 6ch 1-NN,28,7,90.0,120.0,30.0,210.0,0,20,0.0
strong_1nn,Deterministic 6ch 1-NN,28,8,90.0,120.0,30.0,240.0,0,20,0.0
strong_1nn,Deterministic 6ch 1-NN,28,9,90.0,120.0,30.0,270.0,0,20,0.0
strong_1nn,Deterministic 6ch 1-NN,28,10,90.0,120.0,30.0,300.0,0,20,0.0
strong_1nn,Deterministic 6ch 1-NN,28,11,90.0,120.0,30.0,330.0,0,20,0.0
strong_1nn,Deterministic 6ch 1-NN,28,12,90.0,120.0,60.0,0.0,0,20,0.0
strong_1nn,Deterministic 6ch 1-NN,28,13,90.0,120.0,60.0,30.0,0,20,0.0
strong_1nn,Deterministic 6ch 1-NN,28,14,90.0,120.0,60.0,60.0,0,20,0.0
strong_1nn,Deterministic 6ch 1-NN,28,15,90.0,120.0,60.0,90.0,3,20,0.15
strong_1nn,Deterministic 6ch 1-NN,28,16,90.0,120.0,60.0,120.0,0,20,0.0
strong_1nn,Deterministic 6ch 1-NN,28,17,90.0,120.0,60.0,150.0,0,20,0.0
strong_1nn,Deterministic 6ch 1-NN,28,18,90.0,120.0,60.0,180.0,0,20,0.0
strong_1nn,Deterministic 6ch 1-NN,28,19,90.0,120.0,60.0,210.0,0,20,0.0
strong_1nn,Deterministic 6ch 1-NN,28,20,90.0,120.0,60.0,240.0,0,20,0.0
strong_1nn,Deterministic 6ch 1-NN,28,21,90.0,120.0,60.0,270.0,2,20,0.1
strong_1nn,Deterministic 6ch 1-NN,28,22,90.0,120.0,60.0,300.0,0,20,0.0
strong_1nn,Deterministic 6ch 1-NN,28,23,90.0,120.0,60.0,330.0,0,20,0.0
strong_1nn,Deterministic 6ch 1-NN,28,24,90.0,120.0,90.0,0.0,0,20,0.0
strong_1nn,Deterministic 6ch 1-NN,28,25,90.0,120.0,90.0,30.0,3,20,0.15
strong_1nn,Deterministic 6ch 1-NN,28,26,90.0,120.0,90.0,60.0,2,20,0.1
strong_1nn,Deterministic 6ch 1-NN,28,27,90.0,120.0,90.0,90.0,0,20,0.0
strong_1nn,Deterministic 6ch 1-NN,28,28,90.0,120.0,90.0,120.0,8,20,0.4
strong_1nn,Deterministic 6ch 1-NN,28,29,90.0,120.0,90.0,150.0,1,20,0.05
strong_1nn,Deterministic 6ch 1-NN,28,30,90.0,120.0,90.0,180.0,0,20,0.0
strong_1nn,Deterministic 6ch 1-NN,28,31,90.0,120.0,90.0,210.0,0,20,0.0
strong_1nn,Deterministic 6ch 1-NN,28,32,90.0,120.0,90.0,240.0,0,20,0.0
strong_1nn,Deterministic 6ch 1-NN,28,33,90.0,120.0,90.0,270.0,0,20,0.0
strong_1nn,Deterministic 6ch 1-NN,28,34,90.0,120.0,90.0,300.0,0,20,0.0
strong_1nn,Deterministic 6ch 1-NN,28,35,90.0,120.0,90.0,330.0,0,20,0.0
strong_1nn,Deterministic 6ch 1-NN,28,36,90.0,120.0,120.0,0.0,0,20,0.0
strong_1nn,Deterministic 6ch 1-NN,28,37,90.0,120.0,120.0,30.0,0,20,0.0
strong_1nn,Deterministic 6ch 1-NN,28,38,90.0,120.0,120.0,60.0,0,20,0.0
strong_1nn,Deterministic 6ch 1-NN,28,39,90.0,120.0,120.0,90.0,1,20,0.05
strong_1nn,Deterministic 6ch 1-NN,28,40,90.0,120.0,120.0,120.0,0,20,0.0
strong_1nn,Deterministic 6ch 1-NN,28,41,90.0,120.0,120.0,150.0,0,20,0.0
strong_1nn,Deterministic 6ch 1-NN,28,42,90.0,120.0,120.0,180.0,0,20,0.0
strong_1nn,Deterministic 6ch 1-NN,28,43,90.0,120.0,120.0,210.0,0,20,0.0
strong_1nn,Deterministic 6ch 1-NN,28,44,90.0,120.0,120.0,240.0,0,20,0.0
strong_1nn,Deterministic 6ch 1-NN,28,45,90.0,120.0,120.0,270.0,0,20,0.0
strong_1nn,Deterministic 6ch 1-NN,28,46,90.0,120.0,120.0,300.0,0,20,0.0
strong_1nn,Deterministic 6ch 1-NN,28,47,90.0,120.0,120.0,330.0,0,20,0.0
strong_1nn,Deterministic 6ch 1-NN,28,48,90.0,120.0,150.0,0.0,0,20,0.0
strong_1nn,Deterministic 6ch 1-NN,28,49,90.0,120.0,150.0,30.0,0,20,0.0
strong_1nn,Deterministic 6ch 1-NN,28,50,90.0,120.0,150.0,60.0,0,20,0.0
strong_1nn,Deterministic 6ch 1-NN,28,51,90.0,120.0,150.0,90.0,0,20,0.0
strong_1nn,Deterministic 6ch 1-NN,28,52,90.0,120.0,150.0,120.0,0,20,0.0
strong_1nn,Deterministic 6ch 1-NN,28,53,90.0,120.0,150.0,150.0,0,20,0.0
strong_1nn,Deterministic 6ch 1-NN,28,54,90.0,120.0,150.0,180.0,0,20,0.0
strong_1nn,Deterministic 6ch 1-NN,28,55,90.0,120.0,150.0,210.0,0,20,0.0
strong_1nn,Deterministic 6ch 1-NN,28,56,90.0,120.0,150.0,240.0,0,20,0.0
strong_1nn,Deterministic 6ch 1-NN,28,57,90.0,120.0,150.0,270.0,0,20,0.0
strong_1nn,Deterministic 6ch 1-NN,28,58,90.0,120.0,150.0,300.0,0,20,0.0
strong_1nn,Deterministic 6ch 1-NN,28,59,90.0,120.0,150.0,330.0,0,20,0.0
strong_1nn,Deterministic 6ch 1-NN,29,0,90.0,150.0,30.0,0.0,0,20,0.0
strong_1nn,Deterministic 6ch 1-NN,29,1,90.0,150.0,30.0,30.0,0,20,0.0
strong_1nn,Deterministic 6ch 1-NN,29,2,90.0,150.0,30.0,60.0,0,20,0.0
strong_1nn,Deterministic 6ch 1-NN,29,3,90.0,150.0,30.0,90.0,0,20,0.0
strong_1nn,Deterministic 6ch 1-NN,29,4,90.0,150.0,30.0,120.0,0,20,0.0
strong_1nn,Deterministic 6ch 1-NN,29,5,90.0,150.0,30.0,150.0,0,20,0.0
strong_1nn,Deterministic 6ch 1-NN,29,6,90.0,150.0,30.0,180.0,0,20,0.0
strong_1nn,Deterministic 6ch 1-NN,29,7,90.0,150.0,30.0,210.0,0,20,0.0
strong_1nn,Deterministic 6ch 1-NN,29,8,90.0,150.0,30.0,240.0,0,20,0.0
strong_1nn,Deterministic 6ch 1-NN,29,9,90.0,150.0,30.0,270.0,0,20,0.0
strong_1nn,Deterministic 6ch 1-NN,29,10,90.0,150.0,30.0,300.0,0,20,0.0
strong_1nn,Deterministic 6ch 1-NN,29,11,90.0,150.0,30.0,330.0,0,20,0.0
strong_1nn,Deterministic 6ch 1-NN,29,12,90.0,150.0,60.0,0.0,0,20,0.0
strong_1nn,Deterministic 6ch 1-NN,29,13,90.0,150.0,60.0,30.0,0,20,0.0
strong_1nn,Deterministic 6ch 1-NN,29,14,90.0,150.0,60.0,60.0,0,20,0.0
strong_1nn,Deterministic 6ch 1-NN,29,15,90.0,150.0,60.0,90.0,0,20,0.0
strong_1nn,Deterministic 6ch 1-NN,29,16,90.0,150.0,60.0,120.0,1,20,0.05
strong_1nn,Deterministic 6ch 1-NN,29,17,90.0,150.0,60.0,150.0,0,20,0.0
strong_1nn,Deterministic 6ch 1-NN,29,18,90.0,150.0,60.0,180.0,0,20,0.0
strong_1nn,Deterministic 6ch 1-NN,29,19,90.0,150.0,60.0,210.0,0,20,0.0
strong_1nn,Deterministic 6ch 1-NN,29,20,90.0,150.0,60.0,240.0,0,20,0.0
strong_1nn,Deterministic 6ch 1-NN,29,21,90.0,150.0,60.0,270.0,0,20,0.0
strong_1nn,Deterministic 6ch 1-NN,29,22,90.0,150.0,60.0,300.0,0,20,0.0
strong_1nn,Deterministic 6ch 1-NN,29,23,90.0,150.0,60.0,330.0,0,20,0.0
strong_1nn,Deterministic 6ch 1-NN,29,24,90.0,150.0,90.0,0.0,1,20,0.05
strong_1nn,Deterministic 6ch 1-NN,29,25,90.0,150.0,90.0,30.0,2,20,0.1
strong_1nn,Deterministic 6ch 1-NN,29,26,90.0,150.0,90.0,60.0,0,20,0.0
strong_1nn,Deterministic 6ch 1-NN,29,27,90.0,150.0,90.0,90.0,0,20,0.0
strong_1nn,Deterministic 6ch 1-NN,29,28,90.0,150.0,90.0,120.0,1,20,0.05
strong_1nn,Deterministic 6ch 1-NN,29,29,90.0,150.0,90.0,150.0,8,20,0.4
strong_1nn,Deterministic 6ch 1-NN,29,30,90.0,150.0,90.0,180.0,1,20,0.05
strong_1nn,Deterministic 6ch 1-NN,29,31,90.0,150.0,90.0,210.0,0,20,0.0
strong_1nn,Deterministic 6ch 1-NN,29,32,90.0,150.0,90.0,240.0,1,20,0.05
strong_1nn,Deterministic 6ch 1-NN,29,33,90.0,150.0,90.0,270.0,0,20,0.0
strong_1nn,Deterministic 6ch 1-NN,29,34,90.0,150.0,90.0,300.0,1,20,0.05
strong_1nn,Deterministic 6ch 1-NN,29,35,90.0,150.0,90.0,330.0,2,20,0.1
strong_1nn,Deterministic 6ch 1-NN,29,36,90.0,150.0,120.0,0.0,0,20,0.0
strong_1nn,Deterministic 6ch 1-NN,29,37,90.0,150.0,120.0,30.0,0,20,0.0
strong_1nn,Deterministic 6ch 1-NN,29,38,90.0,150.0,120.0,60.0,1,20,0.05
strong_1nn,Deterministic 6ch 1-NN,29,39,90.0,150.0,120.0,90.0,0,20,0.0
strong_1nn,Deterministic 6ch 1-NN,29,40,90.0,150.0,120.0,120.0,1,20,0.05
strong_1nn,Deterministic 6ch 1-NN,29,41,90.0,150.0,120.0,150.0,0,20,0.0
strong_1nn,Deterministic 6ch 1-NN,29,42,90.0,150.0,120.0,180.0,0,20,0.0
strong_1nn,Deterministic 6ch 1-NN,29,43,90.0,150.0,120.0,210.0,0,20,0.0
strong_1nn,Deterministic 6ch 1-NN,29,44,90.0,150.0,120.0,240.0,0,20,0.0
strong_1nn,Deterministic 6ch 1-NN,29,45,90.0,150.0,120.0,270.0,0,20,0.0
strong_1nn,Deterministic 6ch 1-NN,29,46,90.0,150.0,120.0,300.0,0,20,0.0
strong_1nn,Deterministic 6ch 1-NN,29,47,90.0,150.0,120.0,330.0,0,20,0.0
strong_1nn,Deterministic 6ch 1-NN,29,48,90.0,150.0,150.0,0.0,0,20,0.0
strong_1nn,Deterministic 6ch 1-NN,29,49,90.0,150.0,150.0,30.0,0,20,0.0
strong_1nn,Deterministic 6ch 1-NN,29,50,90.0,150.0,150.0,60.0,0,20,0.0
strong_1nn,Deterministic 6ch 1-NN,29,51,90.0,150.0,150.0,90.0,0,20,0.0
strong_1nn,Deterministic 6ch 1-NN,29,52,90.0,150.0,150.0,120.0,0,20,0.0
strong_1nn,Deterministic 6ch 1-NN,29,53,90.0,150.0,150.0,150.0,0,20,0.0
strong_1nn,Deterministic 6ch 1-NN,29,54,90.0,150.0,150.0,180.0,0,20,0.0
strong_1nn,Deterministic 6ch 1-NN,29,55,90.0,150.0,150.0,210.0,0,20,0.0
strong_1nn,Deterministic 6ch 1-NN,29,56,90.0,150.0,150.0,240.0,0,20,0.0
strong_1nn,Deterministic 6ch 1-NN,29,57,90.0,150.0,150.0,270.0,0,20,0.0
strong_1nn,Deterministic 6ch 1-NN,29,58,90.0,150.0,150.0,300.0,0,20,0.0
strong_1nn,Deterministic 6ch 1-NN,29,59,90.0,150.0,150.0,330.0,0,20,0.0
strong_1nn,Deterministic 6ch 1-NN,30,0,90.0,180.0,30.0,0.0,0,20,0.0
strong_1nn,Deterministic 6ch 1-NN,30,1,90.0,180.0,30.0,30.0,0,20,0.0
strong_1nn,Deterministic 6ch 1-NN,30,2,90.0,180.0,30.0,60.0,0,20,0.0
strong_1nn,Deterministic 6ch 1-NN,30,3,90.0,180.0,30.0,90.0,0,20,0.0
strong_1nn,Deterministic 6ch 1-NN,30,4,90.0,180.0,30.0,120.0,0,20,0.0
strong_1nn,Deterministic 6ch 1-NN,30,5,90.0,180.0,30.0,150.0,0,20,0.0
strong_1nn,Deterministic 6ch 1-NN,30,6,90.0,180.0,30.0,180.0,0,20,0.0
strong_1nn,Deterministic 6ch 1-NN,30,7,90.0,180.0,30.0,210.0,0,20,0.0
strong_1nn,Deterministic 6ch 1-NN,30,8,90.0,180.0,30.0,240.0,0,20,0.0
strong_1nn,Deterministic 6ch 1-NN,30,9,90.0,180.0,30.0,270.0,0,20,0.0
strong_1nn,Deterministic 6ch 1-NN,30,10,90.0,180.0,30.0,300.0,0,20,0.0
strong_1nn,Deterministic 6ch 1-NN,30,11,90.0,180.0,30.0,330.0,0,20,0.0
strong_1nn,Deterministic 6ch 1-NN,30,12,90.0,180.0,60.0,0.0,0,20,0.0
strong_1nn,Deterministic 6ch 1-NN,30,13,90.0,180.0,60.0,30.0,0,20,0.0
strong_1nn,Deterministic 6ch 1-NN,30,14,90.0,180.0,60.0,60.0,0,20,0.0
strong_1nn,Deterministic 6ch 1-NN,30,15,90.0,180.0,60.0,90.0,0,20,0.0
strong_1nn,Deterministic 6ch 1-NN,30,16,90.0,180.0,60.0,120.0,0,20,0.0
strong_1nn,Deterministic 6ch 1-NN,30,17,90.0,180.0,60.0,150.0,0,20,0.0
strong_1nn,Deterministic 6ch 1-NN,30,18,90.0,180.0,60.0,180.0,0,20,0.0
strong_1nn,Deterministic 6ch 1-NN,30,19,90.0,180.0,60.0,210.0,0,20,0.0
strong_1nn,Deterministic 6ch 1-NN,30,20,90.0,180.0,60.0,240.0,0,20,0.0
strong_1nn,Deterministic 6ch 1-NN,30,21,90.0,180.0,60.0,270.0,0,20,0.0
strong_1nn,Deterministic 6ch 1-NN,30,22,90.0,180.0,60.0,300.0,0,20,0.0
strong_1nn,Deterministic 6ch 1-NN,30,23,90.0,180.0,60.0,330.0,0,20,0.0
strong_1nn,Deterministic 6ch 1-NN,30,24,90.0,180.0,90.0,0.0,2,20,0.1
strong_1nn,Deterministic 6ch 1-NN,30,25,90.0,180.0,90.0,30.0,3,20,0.15
strong_1nn,Deterministic 6ch 1-NN,30,26,90.0,180.0,90.0,60.0,0,20,0.0
strong_1nn,Deterministic 6ch 1-NN,30,27,90.0,180.0,90.0,90.0,0,20,0.0
strong_1nn,Deterministic 6ch 1-NN,30,28,90.0,180.0,90.0,120.0,0,20,0.0
strong_1nn,Deterministic 6ch 1-NN,30,29,90.0,180.0,90.0,150.0,1,20,0.05
strong_1nn,Deterministic 6ch 1-NN,30,30,90.0,180.0,90.0,180.0,4,20,0.2
strong_1nn,Deterministic 6ch 1-NN,30,31,90.0,180.0,90.0,210.0,5,20,0.25
strong_1nn,Deterministic 6ch 1-NN,30,32,90.0,180.0,90.0,240.0,0,20,0.0
strong_1nn,Deterministic 6ch 1-NN,30,33,90.0,180.0,90.0,270.0,0,20,0.0
strong_1nn,Deterministic 6ch 1-NN,30,34,90.0,180.0,90.0,300.0,1,20,0.05
strong_1nn,Deterministic 6ch 1-NN,30,35,90.0,180.0,90.0,330.0,2,20,0.1
strong_1nn,Deterministic 6ch 1-NN,30,36,90.0,180.0,120.0,0.0,0,20,0.0
strong_1nn,Deterministic 6ch 1-NN,30,37,90.0,180.0,120.0,30.0,0,20,0.0
strong_1nn,Deterministic 6ch 1-NN,30,38,90.0,180.0,120.0,60.0,0,20,0.0
strong_1nn,Deterministic 6ch 1-NN,30,39,90.0,180.0,120.0,90.0,0,20,0.0
strong_1nn,Deterministic 6ch 1-NN,30,40,90.0,180.0,120.0,120.0,1,20,0.05
strong_1nn,Deterministic 6ch 1-NN,30,41,90.0,180.0,120.0,150.0,0,20,0.0
strong_1nn,Deterministic 6ch 1-NN,30,42,90.0,180.0,120.0,180.0,0,20,0.0
strong_1nn,Deterministic 6ch 1-NN,30,43,90.0,180.0,120.0,210.0,0,20,0.0
strong_1nn,Deterministic 6ch 1-NN,30,44,90.0,180.0,120.0,240.0,0,20,0.0
strong_1nn,Deterministic 6ch 1-NN,30,45,90.0,180.0,120.0,270.0,1,20,0.05
strong_1nn,Deterministic 6ch 1-NN,30,46,90.0,180.0,120.0,300.0,0,20,0.0
strong_1nn,Deterministic 6ch 1-NN,30,47,90.0,180.0,120.0,330.0,0,20,0.0
strong_1nn,Deterministic 6ch 1-NN,30,48,90.0,180.0,150.0,0.0,0,20,0.0
strong_1nn,Deterministic 6ch 1-NN,30,49,90.0,180.0,150.0,30.0,0,20,0.0
strong_1nn,Deterministic 6ch 1-NN,30,50,90.0,180.0,150.0,60.0,0,20,0.0
strong_1nn,Deterministic 6ch 1-NN,30,51,90.0,180.0,150.0,90.0,0,20,0.0
strong_1nn,Deterministic 6ch 1-NN,30,52,90.0,180.0,150.0,120.0,0,20,0.0
strong_1nn,Deterministic 6ch 1-NN,30,53,90.0,180.0,150.0,150.0,0,20,0.0
strong_1nn,Deterministic 6ch 1-NN,30,54,90.0,180.0,150.0,180.0,0,20,0.0
strong_1nn,Deterministic 6ch 1-NN,30,55,90.0,180.0,150.0,210.0,0,20,0.0
strong_1nn,Deterministic 6ch 1-NN,30,56,90.0,180.0,150.0,240.0,0,20,0.0
strong_1nn,Deterministic 6ch 1-NN,30,57,90.0,180.0,150.0,270.0,0,20,0.0
strong_1nn,Deterministic 6ch 1-NN,30,58,90.0,180.0,150.0,300.0,0,20,0.0
strong_1nn,Deterministic 6ch 1-NN,30,59,90.0,180.0,150.0,330.0,0,20,0.0
strong_1nn,Deterministic 6ch 1-NN,31,0,90.0,210.0,30.0,0.0,0,20,0.0
strong_1nn,Deterministic 6ch 1-NN,31,1,90.0,210.0,30.0,30.0,0,20,0.0
strong_1nn,Deterministic 6ch 1-NN,31,2,90.0,210.0,30.0,60.0,0,20,0.0
strong_1nn,Deterministic 6ch 1-NN,31,3,90.0,210.0,30.0,90.0,0,20,0.0
strong_1nn,Deterministic 6ch 1-NN,31,4,90.0,210.0,30.0,120.0,0,20,0.0
strong_1nn,Deterministic 6ch 1-NN,31,5,90.0,210.0,30.0,150.0,0,20,0.0
strong_1nn,Deterministic 6ch 1-NN,31,6,90.0,210.0,30.0,180.0,0,20,0.0
strong_1nn,Deterministic 6ch 1-NN,31,7,90.0,210.0,30.0,210.0,0,20,0.0
strong_1nn,Deterministic 6ch 1-NN,31,8,90.0,210.0,30.0,240.0,0,20,0.0
strong_1nn,Deterministic 6ch 1-NN,31,9,90.0,210.0,30.0,270.0,0,20,0.0
strong_1nn,Deterministic 6ch 1-NN,31,10,90.0,210.0,30.0,300.0,0,20,0.0
strong_1nn,Deterministic 6ch 1-NN,31,11,90.0,210.0,30.0,330.0,0,20,0.0
strong_1nn,Deterministic 6ch 1-NN,31,12,90.0,210.0,60.0,0.0,0,20,0.0
strong_1nn,Deterministic 6ch 1-NN,31,13,90.0,210.0,60.0,30.0,0,20,0.0
strong_1nn,Deterministic 6ch 1-NN,31,14,90.0,210.0,60.0,60.0,0,20,0.0
strong_1nn,Deterministic 6ch 1-NN,31,15,90.0,210.0,60.0,90.0,0,20,0.0
strong_1nn,Deterministic 6ch 1-NN,31,16,90.0,210.0,60.0,120.0,0,20,0.0
strong_1nn,Deterministic 6ch 1-NN,31,17,90.0,210.0,60.0,150.0,0,20,0.0
strong_1nn,Deterministic 6ch 1-NN,31,18,90.0,210.0,60.0,180.0,0,20,0.0
strong_1nn,Deterministic 6ch 1-NN,31,19,90.0,210.0,60.0,210.0,0,20,0.0
strong_1nn,Deterministic 6ch 1-NN,31,20,90.0,210.0,60.0,240.0,2,20,0.1
strong_1nn,Deterministic 6ch 1-NN,31,21,90.0,210.0,60.0,270.0,0,20,0.0
strong_1nn,Deterministic 6ch 1-NN,31,22,90.0,210.0,60.0,300.0,0,20,0.0
strong_1nn,Deterministic 6ch 1-NN,31,23,90.0,210.0,60.0,330.0,0,20,0.0
strong_1nn,Deterministic 6ch 1-NN,31,24,90.0,210.0,90.0,0.0,0,20,0.0
strong_1nn,Deterministic 6ch 1-NN,31,25,90.0,210.0,90.0,30.0,1,20,0.05
strong_1nn,Deterministic 6ch 1-NN,31,26,90.0,210.0,90.0,60.0,1,20,0.05
strong_1nn,Deterministic 6ch 1-NN,31,27,90.0,210.0,90.0,90.0,0,20,0.0
strong_1nn,Deterministic 6ch 1-NN,31,28,90.0,210.0,90.0,120.0,1,20,0.05
strong_1nn,Deterministic 6ch 1-NN,31,29,90.0,210.0,90.0,150.0,2,20,0.1
strong_1nn,Deterministic 6ch 1-NN,31,30,90.0,210.0,90.0,180.0,1,20,0.05
strong_1nn,Deterministic 6ch 1-NN,31,31,90.0,210.0,90.0,210.0,7,20,0.35
strong_1nn,Deterministic 6ch 1-NN,31,32,90.0,210.0,90.0,240.0,2,20,0.1
strong_1nn,Deterministic 6ch 1-NN,31,33,90.0,210.0,90.0,270.0,0,20,0.0
strong_1nn,Deterministic 6ch 1-NN,31,34,90.0,210.0,90.0,300.0,0,20,0.0
strong_1nn,Deterministic 6ch 1-NN,31,35,90.0,210.0,90.0,330.0,2,20,0.1
strong_1nn,Deterministic 6ch 1-NN,31,36,90.0,210.0,120.0,0.0,0,20,0.0
strong_1nn,Deterministic 6ch 1-NN,31,37,90.0,210.0,120.0,30.0,0,20,0.0
strong_1nn,Deterministic 6ch 1-NN,31,38,90.0,210.0,120.0,60.0,0,20,0.0
strong_1nn,Deterministic 6ch 1-NN,31,39,90.0,210.0,120.0,90.0,0,20,0.0
strong_1nn,Deterministic 6ch 1-NN,31,40,90.0,210.0,120.0,120.0,1,20,0.05
strong_1nn,Deterministic 6ch 1-NN,31,41,90.0,210.0,120.0,150.0,0,20,0.0
strong_1nn,Deterministic 6ch 1-NN,31,42,90.0,210.0,120.0,180.0,0,20,0.0
strong_1nn,Deterministic 6ch 1-NN,31,43,90.0,210.0,120.0,210.0,0,20,0.0
strong_1nn,Deterministic 6ch 1-NN,31,44,90.0,210.0,120.0,240.0,0,20,0.0
strong_1nn,Deterministic 6ch 1-NN,31,45,90.0,210.0,120.0,270.0,0,20,0.0
strong_1nn,Deterministic 6ch 1-NN,31,46,90.0,210.0,120.0,300.0,0,20,0.0
strong_1nn,Deterministic 6ch 1-NN,31,47,90.0,210.0,120.0,330.0,0,20,0.0
strong_1nn,Deterministic 6ch 1-NN,31,48,90.0,210.0,150.0,0.0,0,20,0.0
strong_1nn,Deterministic 6ch 1-NN,31,49,90.0,210.0,150.0,30.0,0,20,0.0
strong_1nn,Deterministic 6ch 1-NN,31,50,90.0,210.0,150.0,60.0,0,20,0.0
strong_1nn,Deterministic 6ch 1-NN,31,51,90.0,210.0,150.0,90.0,0,20,0.0
strong_1nn,Deterministic 6ch 1-NN,31,52,90.0,210.0,150.0,120.0,0,20,0.0
strong_1nn,Deterministic 6ch 1-NN,31,53,90.0,210.0,150.0,150.0,0,20,0.0
strong_1nn,Deterministic 6ch 1-NN,31,54,90.0,210.0,150.0,180.0,0,20,0.0
strong_1nn,Deterministic 6ch 1-NN,31,55,90.0,210.0,150.0,210.0,0,20,0.0
strong_1nn,Deterministic 6ch 1-NN,31,56,90.0,210.0,150.0,240.0,0,20,0.0
strong_1nn,Deterministic 6ch 1-NN,31,57,90.0,210.0,150.0,270.0,0,20,0.0
strong_1nn,Deterministic 6ch 1-NN,31,58,90.0,210.0,150.0,300.0,0,20,0.0
strong_1nn,Deterministic 6ch 1-NN,31,59,90.0,210.0,150.0,330.0,0,20,0.0
strong_1nn,Deterministic 6ch 1-NN,32,0,90.0,240.0,30.0,0.0,0,20,0.0
strong_1nn,Deterministic 6ch 1-NN,32,1,90.0,240.0,30.0,30.0,0,20,0.0
strong_1nn,Deterministic 6ch 1-NN,32,2,90.0,240.0,30.0,60.0,0,20,0.0
strong_1nn,Deterministic 6ch 1-NN,32,3,90.0,240.0,30.0,90.0,0,20,0.0
strong_1nn,Deterministic 6ch 1-NN,32,4,90.0,240.0,30.0,120.0,0,20,0.0
strong_1nn,Deterministic 6ch 1-NN,32,5,90.0,240.0,30.0,150.0,0,20,0.0
strong_1nn,Deterministic 6ch 1-NN,32,6,90.0,240.0,30.0,180.0,0,20,0.0
strong_1nn,Deterministic 6ch 1-NN,32,7,90.0,240.0,30.0,210.0,0,20,0.0
strong_1nn,Deterministic 6ch 1-NN,32,8,90.0,240.0,30.0,240.0,0,20,0.0
strong_1nn,Deterministic 6ch 1-NN,32,9,90.0,240.0,30.0,270.0,0,20,0.0
strong_1nn,Deterministic 6ch 1-NN,32,10,90.0,240.0,30.0,300.0,0,20,0.0
strong_1nn,Deterministic 6ch 1-NN,32,11,90.0,240.0,30.0,330.0,0,20,0.0
strong_1nn,Deterministic 6ch 1-NN,32,12,90.0,240.0,60.0,0.0,0,20,0.0
strong_1nn,Deterministic 6ch 1-NN,32,13,90.0,240.0,60.0,30.0,0,20,0.0
strong_1nn,Deterministic 6ch 1-NN,32,14,90.0,240.0,60.0,60.0,0,20,0.0
strong_1nn,Deterministic 6ch 1-NN,32,15,90.0,240.0,60.0,90.0,0,20,0.0
strong_1nn,Deterministic 6ch 1-NN,32,16,90.0,240.0,60.0,120.0,0,20,0.0
strong_1nn,Deterministic 6ch 1-NN,32,17,90.0,240.0,60.0,150.0,0,20,0.0
strong_1nn,Deterministic 6ch 1-NN,32,18,90.0,240.0,60.0,180.0,0,20,0.0
strong_1nn,Deterministic 6ch 1-NN,32,19,90.0,240.0,60.0,210.0,0,20,0.0
strong_1nn,Deterministic 6ch 1-NN,32,20,90.0,240.0,60.0,240.0,0,20,0.0
strong_1nn,Deterministic 6ch 1-NN,32,21,90.0,240.0,60.0,270.0,2,20,0.1
strong_1nn,Deterministic 6ch 1-NN,32,22,90.0,240.0,60.0,300.0,0,20,0.0
strong_1nn,Deterministic 6ch 1-NN,32,23,90.0,240.0,60.0,330.0,0,20,0.0
strong_1nn,Deterministic 6ch 1-NN,32,24,90.0,240.0,90.0,0.0,0,20,0.0
strong_1nn,Deterministic 6ch 1-NN,32,25,90.0,240.0,90.0,30.0,0,20,0.0
strong_1nn,Deterministic 6ch 1-NN,32,26,90.0,240.0,90.0,60.0,0,20,0.0
strong_1nn,Deterministic 6ch 1-NN,32,27,90.0,240.0,90.0,90.0,1,20,0.05
strong_1nn,Deterministic 6ch 1-NN,32,28,90.0,240.0,90.0,120.0,2,20,0.1
strong_1nn,Deterministic 6ch 1-NN,32,29,90.0,240.0,90.0,150.0,0,20,0.0
strong_1nn,Deterministic 6ch 1-NN,32,30,90.0,240.0,90.0,180.0,0,20,0.0
strong_1nn,Deterministic 6ch 1-NN,32,31,90.0,240.0,90.0,210.0,1,20,0.05
strong_1nn,Deterministic 6ch 1-NN,32,32,90.0,240.0,90.0,240.0,8,20,0.4
strong_1nn,Deterministic 6ch 1-NN,32,33,90.0,240.0,90.0,270.0,1,20,0.05
strong_1nn,Deterministic 6ch 1-NN,32,34,90.0,240.0,90.0,300.0,2,20,0.1
strong_1nn,Deterministic 6ch 1-NN,32,35,90.0,240.0,90.0,330.0,0,20,0.0
strong_1nn,Deterministic 6ch 1-NN,32,36,90.0,240.0,120.0,0.0,0,20,0.0
strong_1nn,Deterministic 6ch 1-NN,32,37,90.0,240.0,120.0,30.0,0,20,0.0
strong_1nn,Deterministic 6ch 1-NN,32,38,90.0,240.0,120.0,60.0,0,20,0.0
strong_1nn,Deterministic 6ch 1-NN,32,39,90.0,240.0,120.0,90.0,3,20,0.15
strong_1nn,Deterministic 6ch 1-NN,32,40,90.0,240.0,120.0,120.0,0,20,0.0
strong_1nn,Deterministic 6ch 1-NN,32,41,90.0,240.0,120.0,150.0,0,20,0.0
strong_1nn,Deterministic 6ch 1-NN,32,42,90.0,240.0,120.0,180.0,0,20,0.0
strong_1nn,Deterministic 6ch 1-NN,32,43,90.0,240.0,120.0,210.0,0,20,0.0
strong_1nn,Deterministic 6ch 1-NN,32,44,90.0,240.0,120.0,240.0,0,20,0.0
strong_1nn,Deterministic 6ch 1-NN,32,45,90.0,240.0,120.0,270.0,0,20,0.0
strong_1nn,Deterministic 6ch 1-NN,32,46,90.0,240.0,120.0,300.0,0,20,0.0
strong_1nn,Deterministic 6ch 1-NN,32,47,90.0,240.0,120.0,330.0,0,20,0.0
strong_1nn,Deterministic 6ch 1-NN,32,48,90.0,240.0,150.0,0.0,0,20,0.0
strong_1nn,Deterministic 6ch 1-NN,32,49,90.0,240.0,150.0,30.0,0,20,0.0
strong_1nn,Deterministic 6ch 1-NN,32,50,90.0,240.0,150.0,60.0,0,20,0.0
strong_1nn,Deterministic 6ch 1-NN,32,51,90.0,240.0,150.0,90.0,0,20,0.0
strong_1nn,Deterministic 6ch 1-NN,32,52,90.0,240.0,150.0,120.0,0,20,0.0
strong_1nn,Deterministic 6ch 1-NN,32,53,90.0,240.0,150.0,150.0,0,20,0.0
strong_1nn,Deterministic 6ch 1-NN,32,54,90.0,240.0,150.0,180.0,0,20,0.0
strong_1nn,Deterministic 6ch 1-NN,32,55,90.0,240.0,150.0,210.0,0,20,0.0
strong_1nn,Deterministic 6ch 1-NN,32,56,90.0,240.0,150.0,240.0,0,20,0.0
strong_1nn,Deterministic 6ch 1-NN,32,57,90.0,240.0,150.0,270.0,0,20,0.0
strong_1nn,Deterministic 6ch 1-NN,32,58,90.0,240.0,150.0,300.0,0,20,0.0
strong_1nn,Deterministic 6ch 1-NN,32,59,90.0,240.0,150.0,330.0,0,20,0.0
strong_1nn,Deterministic 6ch 1-NN,33,0,90.0,270.0,30.0,0.0,0,20,0.0
strong_1nn,Deterministic 6ch 1-NN,33,1,90.0,270.0,30.0,30.0,0,20,0.0
strong_1nn,Deterministic 6ch 1-NN,33,2,90.0,270.0,30.0,60.0,0,20,0.0
strong_1nn,Deterministic 6ch 1-NN,33,3,90.0,270.0,30.0,90.0,0,20,0.0
strong_1nn,Deterministic 6ch 1-NN,33,4,90.0,270.0,30.0,120.0,0,20,0.0
strong_1nn,Deterministic 6ch 1-NN,33,5,90.0,270.0,30.0,150.0,0,20,0.0
strong_1nn,Deterministic 6ch 1-NN,33,6,90.0,270.0,30.0,180.0,0,20,0.0
strong_1nn,Deterministic 6ch 1-NN,33,7,90.0,270.0,30.0,210.0,0,20,0.0
strong_1nn,Deterministic 6ch 1-NN,33,8,90.0,270.0,30.0,240.0,0,20,0.0
strong_1nn,Deterministic 6ch 1-NN,33,9,90.0,270.0,30.0,270.0,0,20,0.0
strong_1nn,Deterministic 6ch 1-NN,33,10,90.0,270.0,30.0,300.0,0,20,0.0
strong_1nn,Deterministic 6ch 1-NN,33,11,90.0,270.0,30.0,330.0,0,20,0.0
strong_1nn,Deterministic 6ch 1-NN,33,12,90.0,270.0,60.0,0.0,0,20,0.0
strong_1nn,Deterministic 6ch 1-NN,33,13,90.0,270.0,60.0,30.0,0,20,0.0
strong_1nn,Deterministic 6ch 1-NN,33,14,90.0,270.0,60.0,60.0,0,20,0.0
strong_1nn,Deterministic 6ch 1-NN,33,15,90.0,270.0,60.0,90.0,0,20,0.0
strong_1nn,Deterministic 6ch 1-NN,33,16,90.0,270.0,60.0,120.0,0,20,0.0
strong_1nn,Deterministic 6ch 1-NN,33,17,90.0,270.0,60.0,150.0,0,20,0.0
strong_1nn,Deterministic 6ch 1-NN,33,18,90.0,270.0,60.0,180.0,0,20,0.0
strong_1nn,Deterministic 6ch 1-NN,33,19,90.0,270.0,60.0,210.0,0,20,0.0
strong_1nn,Deterministic 6ch 1-NN,33,20,90.0,270.0,60.0,240.0,0,20,0.0
strong_1nn,Deterministic 6ch 1-NN,33,21,90.0,270.0,60.0,270.0,0,20,0.0
strong_1nn,Deterministic 6ch 1-NN,33,22,90.0,270.0,60.0,300.0,0,20,0.0
strong_1nn,Deterministic 6ch 1-NN,33,23,90.0,270.0,60.0,330.0,0,20,0.0
strong_1nn,Deterministic 6ch 1-NN,33,24,90.0,270.0,90.0,0.0,0,20,0.0
strong_1nn,Deterministic 6ch 1-NN,33,25,90.0,270.0,90.0,30.0,0,20,0.0
strong_1nn,Deterministic 6ch 1-NN,33,26,90.0,270.0,90.0,60.0,0,20,0.0
strong_1nn,Deterministic 6ch 1-NN,33,27,90.0,270.0,90.0,90.0,1,20,0.05
strong_1nn,Deterministic 6ch 1-NN,33,28,90.0,270.0,90.0,120.0,1,20,0.05
strong_1nn,Deterministic 6ch 1-NN,33,29,90.0,270.0,90.0,150.0,0,20,0.0
strong_1nn,Deterministic 6ch 1-NN,33,30,90.0,270.0,90.0,180.0,0,20,0.0
strong_1nn,Deterministic 6ch 1-NN,33,31,90.0,270.0,90.0,210.0,0,20,0.0
strong_1nn,Deterministic 6ch 1-NN,33,32,90.0,270.0,90.0,240.0,0,20,0.0
strong_1nn,Deterministic 6ch 1-NN,33,33,90.0,270.0,90.0,270.0,12,20,0.6
strong_1nn,Deterministic 6ch 1-NN,33,34,90.0,270.0,90.0,300.0,4,20,0.2
strong_1nn,Deterministic 6ch 1-NN,33,35,90.0,270.0,90.0,330.0,0,20,0.0
strong_1nn,Deterministic 6ch 1-NN,33,36,90.0,270.0,120.0,0.0,0,20,0.0
strong_1nn,Deterministic 6ch 1-NN,33,37,90.0,270.0,120.0,30.0,0,20,0.0
strong_1nn,Deterministic 6ch 1-NN,33,38,90.0,270.0,120.0,60.0,0,20,0.0
strong_1nn,Deterministic 6ch 1-NN,33,39,90.0,270.0,120.0,90.0,0,20,0.0
strong_1nn,Deterministic 6ch 1-NN,33,40,90.0,270.0,120.0,120.0,0,20,0.0
strong_1nn,Deterministic 6ch 1-NN,33,41,90.0,270.0,120.0,150.0,0,20,0.0
strong_1nn,Deterministic 6ch 1-NN,33,42,90.0,270.0,120.0,180.0,0,20,0.0
strong_1nn,Deterministic 6ch 1-NN,33,43,90.0,270.0,120.0,210.0,0,20,0.0
strong_1nn,Deterministic 6ch 1-NN,33,44,90.0,270.0,120.0,240.0,0,20,0.0
strong_1nn,Deterministic 6ch 1-NN,33,45,90.0,270.0,120.0,270.0,2,20,0.1
strong_1nn,Deterministic 6ch 1-NN,33,46,90.0,270.0,120.0,300.0,0,20,0.0
strong_1nn,Deterministic 6ch 1-NN,33,47,90.0,270.0,120.0,330.0,0,20,0.0
strong_1nn,Deterministic 6ch 1-NN,33,48,90.0,270.0,150.0,0.0,0,20,0.0
strong_1nn,Deterministic 6ch 1-NN,33,49,90.0,270.0,150.0,30.0,0,20,0.0
strong_1nn,Deterministic 6ch 1-NN,33,50,90.0,270.0,150.0,60.0,0,20,0.0
strong_1nn,Deterministic 6ch 1-NN,33,51,90.0,270.0,150.0,90.0,0,20,0.0
strong_1nn,Deterministic 6ch 1-NN,33,52,90.0,270.0,150.0,120.0,0,20,0.0
strong_1nn,Deterministic 6ch 1-NN,33,53,90.0,270.0,150.0,150.0,0,20,0.0
strong_1nn,Deterministic 6ch 1-NN,33,54,90.0,270.0,150.0,180.0,0,20,0.0
strong_1nn,Deterministic 6ch 1-NN,33,55,90.0,270.0,150.0,210.0,0,20,0.0
strong_1nn,Deterministic 6ch 1-NN,33,56,90.0,270.0,150.0,240.0,0,20,0.0
strong_1nn,Deterministic 6ch 1-NN,33,57,90.0,270.0,150.0,270.0,0,20,0.0
strong_1nn,Deterministic 6ch 1-NN,33,58,90.0,270.0,150.0,300.0,0,20,0.0
strong_1nn,Deterministic 6ch 1-NN,33,59,90.0,270.0,150.0,330.0,0,20,0.0
strong_1nn,Deterministic 6ch 1-NN,34,0,90.0,300.0,30.0,0.0,0,20,0.0
strong_1nn,Deterministic 6ch 1-NN,34,1,90.0,300.0,30.0,30.0,0,20,0.0
strong_1nn,Deterministic 6ch 1-NN,34,2,90.0,300.0,30.0,60.0,0,20,0.0
strong_1nn,Deterministic 6ch 1-NN,34,3,90.0,300.0,30.0,90.0,0,20,0.0
strong_1nn,Deterministic 6ch 1-NN,34,4,90.0,300.0,30.0,120.0,0,20,0.0
strong_1nn,Deterministic 6ch 1-NN,34,5,90.0,300.0,30.0,150.0,0,20,0.0
strong_1nn,Deterministic 6ch 1-NN,34,6,90.0,300.0,30.0,180.0,0,20,0.0
strong_1nn,Deterministic 6ch 1-NN,34,7,90.0,300.0,30.0,210.0,0,20,0.0
strong_1nn,Deterministic 6ch 1-NN,34,8,90.0,300.0,30.0,240.0,0,20,0.0
strong_1nn,Deterministic 6ch 1-NN,34,9,90.0,300.0,30.0,270.0,0,20,0.0
strong_1nn,Deterministic 6ch 1-NN,34,10,90.0,300.0,30.0,300.0,0,20,0.0
strong_1nn,Deterministic 6ch 1-NN,34,11,90.0,300.0,30.0,330.0,0,20,0.0
strong_1nn,Deterministic 6ch 1-NN,34,12,90.0,300.0,60.0,0.0,0,20,0.0
strong_1nn,Deterministic 6ch 1-NN,34,13,90.0,300.0,60.0,30.0,0,20,0.0
strong_1nn,Deterministic 6ch 1-NN,34,14,90.0,300.0,60.0,60.0,0,20,0.0
strong_1nn,Deterministic 6ch 1-NN,34,15,90.0,300.0,60.0,90.0,0,20,0.0
strong_1nn,Deterministic 6ch 1-NN,34,16,90.0,300.0,60.0,120.0,0,20,0.0
strong_1nn,Deterministic 6ch 1-NN,34,17,90.0,300.0,60.0,150.0,0,20,0.0
strong_1nn,Deterministic 6ch 1-NN,34,18,90.0,300.0,60.0,180.0,0,20,0.0
strong_1nn,Deterministic 6ch 1-NN,34,19,90.0,300.0,60.0,210.0,0,20,0.0
strong_1nn,Deterministic 6ch 1-NN,34,20,90.0,300.0,60.0,240.0,0,20,0.0
strong_1nn,Deterministic 6ch 1-NN,34,21,90.0,300.0,60.0,270.0,1,20,0.05
strong_1nn,Deterministic 6ch 1-NN,34,22,90.0,300.0,60.0,300.0,0,20,0.0
strong_1nn,Deterministic 6ch 1-NN,34,23,90.0,300.0,60.0,330.0,0,20,0.0
strong_1nn,Deterministic 6ch 1-NN,34,24,90.0,300.0,90.0,0.0,0,20,0.0
strong_1nn,Deterministic 6ch 1-NN,34,25,90.0,300.0,90.0,30.0,0,20,0.0
strong_1nn,Deterministic 6ch 1-NN,34,26,90.0,300.0,90.0,60.0,1,20,0.05
strong_1nn,Deterministic 6ch 1-NN,34,27,90.0,300.0,90.0,90.0,0,20,0.0
strong_1nn,Deterministic 6ch 1-NN,34,28,90.0,300.0,90.0,120.0,0,20,0.0
strong_1nn,Deterministic 6ch 1-NN,34,29,90.0,300.0,90.0,150.0,0,20,0.0
strong_1nn,Deterministic 6ch 1-NN,34,30,90.0,300.0,90.0,180.0,1,20,0.05
strong_1nn,Deterministic 6ch 1-NN,34,31,90.0,300.0,90.0,210.0,1,20,0.05
strong_1nn,Deterministic 6ch 1-NN,34,32,90.0,300.0,90.0,240.0,0,20,0.0
strong_1nn,Deterministic 6ch 1-NN,34,33,90.0,300.0,90.0,270.0,2,20,0.1
strong_1nn,Deterministic 6ch 1-NN,34,34,90.0,300.0,90.0,300.0,9,20,0.45
strong_1nn,Deterministic 6ch 1-NN,34,35,90.0,300.0,90.0,330.0,3,20,0.15
strong_1nn,Deterministic 6ch 1-NN,34,36,90.0,300.0,120.0,0.0,0,20,0.0
strong_1nn,Deterministic 6ch 1-NN,34,37,90.0,300.0,120.0,30.0,0,20,0.0
strong_1nn,Deterministic 6ch 1-NN,34,38,90.0,300.0,120.0,60.0,0,20,0.0
strong_1nn,Deterministic 6ch 1-NN,34,39,90.0,300.0,120.0,90.0,1,20,0.05
strong_1nn,Deterministic 6ch 1-NN,34,40,90.0,300.0,120.0,120.0,0,20,0.0
strong_1nn,Deterministic 6ch 1-NN,34,41,90.0,300.0,120.0,150.0,0,20,0.0
strong_1nn,Deterministic 6ch 1-NN,34,42,90.0,300.0,120.0,180.0,0,20,0.0
strong_1nn,Deterministic 6ch 1-NN,34,43,90.0,300.0,120.0,210.0,0,20,0.0
strong_1nn,Deterministic 6ch 1-NN,34,44,90.0,300.0,120.0,240.0,0,20,0.0
strong_1nn,Deterministic 6ch 1-NN,34,45,90.0,300.0,120.0,270.0,0,20,0.0
strong_1nn,Deterministic 6ch 1-NN,34,46,90.0,300.0,120.0,300.0,1,20,0.05
strong_1nn,Deterministic 6ch 1-NN,34,47,90.0,300.0,120.0,330.0,0,20,0.0
strong_1nn,Deterministic 6ch 1-NN,34,48,90.0,300.0,150.0,0.0,0,20,0.0
strong_1nn,Deterministic 6ch 1-NN,34,49,90.0,300.0,150.0,30.0,0,20,0.0
strong_1nn,Deterministic 6ch 1-NN,34,50,90.0,300.0,150.0,60.0,0,20,0.0
strong_1nn,Deterministic 6ch 1-NN,34,51,90.0,300.0,150.0,90.0,0,20,0.0
strong_1nn,Deterministic 6ch 1-NN,34,52,90.0,300.0,150.0,120.0,0,20,0.0
strong_1nn,Deterministic 6ch 1-NN,34,53,90.0,300.0,150.0,150.0,0,20,0.0
strong_1nn,Deterministic 6ch 1-NN,34,54,90.0,300.0,150.0,180.0,0,20,0.0
strong_1nn,Deterministic 6ch 1-NN,34,55,90.0,300.0,150.0,210.0,0,20,0.0
strong_1nn,Deterministic 6ch 1-NN,34,56,90.0,300.0,150.0,240.0,0,20,0.0
strong_1nn,Deterministic 6ch 1-NN,34,57,90.0,300.0,150.0,270.0,0,20,0.0
strong_1nn,Deterministic 6ch 1-NN,34,58,90.0,300.0,150.0,300.0,0,20,0.0
strong_1nn,Deterministic 6ch 1-NN,34,59,90.0,300.0,150.0,330.0,0,20,0.0
strong_1nn,Deterministic 6ch 1-NN,35,0,90.0,330.0,30.0,0.0,0,20,0.0
strong_1nn,Deterministic 6ch 1-NN,35,1,90.0,330.0,30.0,30.0,0,20,0.0
strong_1nn,Deterministic 6ch 1-NN,35,2,90.0,330.0,30.0,60.0,0,20,0.0
strong_1nn,Deterministic 6ch 1-NN,35,3,90.0,330.0,30.0,90.0,0,20,0.0
strong_1nn,Deterministic 6ch 1-NN,35,4,90.0,330.0,30.0,120.0,0,20,0.0
strong_1nn,Deterministic 6ch 1-NN,35,5,90.0,330.0,30.0,150.0,0,20,0.0
strong_1nn,Deterministic 6ch 1-NN,35,6,90.0,330.0,30.0,180.0,0,20,0.0
strong_1nn,Deterministic 6ch 1-NN,35,7,90.0,330.0,30.0,210.0,0,20,0.0
strong_1nn,Deterministic 6ch 1-NN,35,8,90.0,330.0,30.0,240.0,0,20,0.0
strong_1nn,Deterministic 6ch 1-NN,35,9,90.0,330.0,30.0,270.0,0,20,0.0
strong_1nn,Deterministic 6ch 1-NN,35,10,90.0,330.0,30.0,300.0,0,20,0.0
strong_1nn,Deterministic 6ch 1-NN,35,11,90.0,330.0,30.0,330.0,0,20,0.0
strong_1nn,Deterministic 6ch 1-NN,35,12,90.0,330.0,60.0,0.0,0,20,0.0
strong_1nn,Deterministic 6ch 1-NN,35,13,90.0,330.0,60.0,30.0,0,20,0.0
strong_1nn,Deterministic 6ch 1-NN,35,14,90.0,330.0,60.0,60.0,0,20,0.0
strong_1nn,Deterministic 6ch 1-NN,35,15,90.0,330.0,60.0,90.0,0,20,0.0
strong_1nn,Deterministic 6ch 1-NN,35,16,90.0,330.0,60.0,120.0,0,20,0.0
strong_1nn,Deterministic 6ch 1-NN,35,17,90.0,330.0,60.0,150.0,0,20,0.0
strong_1nn,Deterministic 6ch 1-NN,35,18,90.0,330.0,60.0,180.0,0,20,0.0
strong_1nn,Deterministic 6ch 1-NN,35,19,90.0,330.0,60.0,210.0,0,20,0.0
strong_1nn,Deterministic 6ch 1-NN,35,20,90.0,330.0,60.0,240.0,0,20,0.0
strong_1nn,Deterministic 6ch 1-NN,35,21,90.0,330.0,60.0,270.0,2,20,0.1
strong_1nn,Deterministic 6ch 1-NN,35,22,90.0,330.0,60.0,300.0,0,20,0.0
strong_1nn,Deterministic 6ch 1-NN,35,23,90.0,330.0,60.0,330.0,0,20,0.0
strong_1nn,Deterministic 6ch 1-NN,35,24,90.0,330.0,90.0,0.0,3,20,0.15
strong_1nn,Deterministic 6ch 1-NN,35,25,90.0,330.0,90.0,30.0,1,20,0.05
strong_1nn,Deterministic 6ch 1-NN,35,26,90.0,330.0,90.0,60.0,0,20,0.0
strong_1nn,Deterministic 6ch 1-NN,35,27,90.0,330.0,90.0,90.0,0,20,0.0
strong_1nn,Deterministic 6ch 1-NN,35,28,90.0,330.0,90.0,120.0,0,20,0.0
strong_1nn,Deterministic 6ch 1-NN,35,29,90.0,330.0,90.0,150.0,1,20,0.05
strong_1nn,Deterministic 6ch 1-NN,35,30,90.0,330.0,90.0,180.0,1,20,0.05
strong_1nn,Deterministic 6ch 1-NN,35,31,90.0,330.0,90.0,210.0,2,20,0.1
strong_1nn,Deterministic 6ch 1-NN,35,32,90.0,330.0,90.0,240.0,0,20,0.0
strong_1nn,Deterministic 6ch 1-NN,35,33,90.0,330.0,90.0,270.0,0,20,0.0
strong_1nn,Deterministic 6ch 1-NN,35,34,90.0,330.0,90.0,300.0,4,20,0.2
strong_1nn,Deterministic 6ch 1-NN,35,35,90.0,330.0,90.0,330.0,6,20,0.3
strong_1nn,Deterministic 6ch 1-NN,35,36,90.0,330.0,120.0,0.0,0,20,0.0
strong_1nn,Deterministic 6ch 1-NN,35,37,90.0,330.0,120.0,30.0,0,20,0.0
strong_1nn,Deterministic 6ch 1-NN,35,38,90.0,330.0,120.0,60.0,0,20,0.0
strong_1nn,Deterministic 6ch 1-NN,35,39,90.0,330.0,120.0,90.0,0,20,0.0
strong_1nn,Deterministic 6ch 1-NN,35,40,90.0,330.0,120.0,120.0,0,20,0.0
strong_1nn,Deterministic 6ch 1-NN,35,41,90.0,330.0,120.0,150.0,0,20,0.0
strong_1nn,Deterministic 6ch 1-NN,35,42,90.0,330.0,120.0,180.0,0,20,0.0
strong_1nn,Deterministic 6ch 1-NN,35,43,90.0,330.0,120.0,210.0,0,20,0.0
strong_1nn,Deterministic 6ch 1-NN,35,44,90.0,330.0,120.0,240.0,0,20,0.0
strong_1nn,Deterministic 6ch 1-NN,35,45,90.0,330.0,120.0,270.0,0,20,0.0
strong_1nn,Deterministic 6ch 1-NN,35,46,90.0,330.0,120.0,300.0,0,20,0.0
strong_1nn,Deterministic 6ch 1-NN,35,47,90.0,330.0,120.0,330.0,0,20,0.0
strong_1nn,Deterministic 6ch 1-NN,35,48,90.0,330.0,150.0,0.0,0,20,0.0
strong_1nn,Deterministic 6ch 1-NN,35,49,90.0,330.0,150.0,30.0,0,20,0.0
strong_1nn,Deterministic 6ch 1-NN,35,50,90.0,330.0,150.0,60.0,0,20,0.0
strong_1nn,Deterministic 6ch 1-NN,35,51,90.0,330.0,150.0,90.0,0,20,0.0
strong_1nn,Deterministic 6ch 1-NN,35,52,90.0,330.0,150.0,120.0,0,20,0.0
strong_1nn,Deterministic 6ch 1-NN,35,53,90.0,330.0,150.0,150.0,0,20,0.0
strong_1nn,Deterministic 6ch 1-NN,35,54,90.0,330.0,150.0,180.0,0,20,0.0
strong_1nn,Deterministic 6ch 1-NN,35,55,90.0,330.0,150.0,210.0,0,20,0.0
strong_1nn,Deterministic 6ch 1-NN,35,56,90.0,330.0,150.0,240.0,0,20,0.0
strong_1nn,Deterministic 6ch 1-NN,35,57,90.0,330.0,150.0,270.0,0,20,0.0
strong_1nn,Deterministic 6ch 1-NN,35,58,90.0,330.0,150.0,300.0,0,20,0.0
strong_1nn,Deterministic 6ch 1-NN,35,59,90.0,330.0,150.0,330.0,0,20,0.0
strong_1nn,Deterministic 6ch 1-NN,36,0,120.0,0.0,30.0,0.0,0,20,0.0
strong_1nn,Deterministic 6ch 1-NN,36,1,120.0,0.0,30.0,30.0,0,20,0.0
strong_1nn,Deterministic 6ch 1-NN,36,2,120.0,0.0,30.0,60.0,0,20,0.0
strong_1nn,Deterministic 6ch 1-NN,36,3,120.0,0.0,30.0,90.0,0,20,0.0
strong_1nn,Deterministic 6ch 1-NN,36,4,120.0,0.0,30.0,120.0,0,20,0.0
strong_1nn,Deterministic 6ch 1-NN,36,5,120.0,0.0,30.0,150.0,0,20,0.0
strong_1nn,Deterministic 6ch 1-NN,36,6,120.0,0.0,30.0,180.0,0,20,0.0
strong_1nn,Deterministic 6ch 1-NN,36,7,120.0,0.0,30.0,210.0,0,20,0.0
strong_1nn,Deterministic 6ch 1-NN,36,8,120.0,0.0,30.0,240.0,0,20,0.0
strong_1nn,Deterministic 6ch 1-NN,36,9,120.0,0.0,30.0,270.0,0,20,0.0
strong_1nn,Deterministic 6ch 1-NN,36,10,120.0,0.0,30.0,300.0,0,20,0.0
strong_1nn,Deterministic 6ch 1-NN,36,11,120.0,0.0,30.0,330.0,0,20,0.0
strong_1nn,Deterministic 6ch 1-NN,36,12,120.0,0.0,60.0,0.0,1,20,0.05
strong_1nn,Deterministic 6ch 1-NN,36,13,120.0,0.0,60.0,30.0,0,20,0.0
strong_1nn,Deterministic 6ch 1-NN,36,14,120.0,0.0,60.0,60.0,0,20,0.0
strong_1nn,Deterministic 6ch 1-NN,36,15,120.0,0.0,60.0,90.0,0,20,0.0
strong_1nn,Deterministic 6ch 1-NN,36,16,120.0,0.0,60.0,120.0,0,20,0.0
strong_1nn,Deterministic 6ch 1-NN,36,17,120.0,0.0,60.0,150.0,0,20,0.0
strong_1nn,Deterministic 6ch 1-NN,36,18,120.0,0.0,60.0,180.0,0,20,0.0
strong_1nn,Deterministic 6ch 1-NN,36,19,120.0,0.0,60.0,210.0,0,20,0.0
strong_1nn,Deterministic 6ch 1-NN,36,20,120.0,0.0,60.0,240.0,0,20,0.0
strong_1nn,Deterministic 6ch 1-NN,36,21,120.0,0.0,60.0,270.0,0,20,0.0
strong_1nn,Deterministic 6ch 1-NN,36,22,120.0,0.0,60.0,300.0,0,20,0.0
strong_1nn,Deterministic 6ch 1-NN,36,23,120.0,0.0,60.0,330.0,0,20,0.0
strong_1nn,Deterministic 6ch 1-NN,36,24,120.0,0.0,90.0,0.0,0,20,0.0
strong_1nn,Deterministic 6ch 1-NN,36,25,120.0,0.0,90.0,30.0,0,20,0.0
strong_1nn,Deterministic 6ch 1-NN,36,26,120.0,0.0,90.0,60.0,0,20,0.0
strong_1nn,Deterministic 6ch 1-NN,36,27,120.0,0.0,90.0,90.0,0,20,0.0
strong_1nn,Deterministic 6ch 1-NN,36,28,120.0,0.0,90.0,120.0,0,20,0.0
strong_1nn,Deterministic 6ch 1-NN,36,29,120.0,0.0,90.0,150.0,0,20,0.0
strong_1nn,Deterministic 6ch 1-NN,36,30,120.0,0.0,90.0,180.0,0,20,0.0
strong_1nn,Deterministic 6ch 1-NN,36,31,120.0,0.0,90.0,210.0,0,20,0.0
strong_1nn,Deterministic 6ch 1-NN,36,32,120.0,0.0,90.0,240.0,0,20,0.0
strong_1nn,Deterministic 6ch 1-NN,36,33,120.0,0.0,90.0,270.0,0,20,0.0
strong_1nn,Deterministic 6ch 1-NN,36,34,120.0,0.0,90.0,300.0,0,20,0.0
strong_1nn,Deterministic 6ch 1-NN,36,35,120.0,0.0,90.0,330.0,0,20,0.0
strong_1nn,Deterministic 6ch 1-NN,36,36,120.0,0.0,120.0,0.0,16,20,0.8
strong_1nn,Deterministic 6ch 1-NN,36,37,120.0,0.0,120.0,30.0,0,20,0.0
strong_1nn,Deterministic 6ch 1-NN,36,38,120.0,0.0,120.0,60.0,0,20,0.0
strong_1nn,Deterministic 6ch 1-NN,36,39,120.0,0.0,120.0,90.0,0,20,0.0
strong_1nn,Deterministic 6ch 1-NN,36,40,120.0,0.0,120.0,120.0,0,20,0.0
strong_1nn,Deterministic 6ch 1-NN,36,41,120.0,0.0,120.0,150.0,0,20,0.0
strong_1nn,Deterministic 6ch 1-NN,36,42,120.0,0.0,120.0,180.0,1,20,0.05
strong_1nn,Deterministic 6ch 1-NN,36,43,120.0,0.0,120.0,210.0,0,20,0.0
strong_1nn,Deterministic 6ch 1-NN,36,44,120.0,0.0,120.0,240.0,0,20,0.0
strong_1nn,Deterministic 6ch 1-NN,36,45,120.0,0.0,120.0,270.0,0,20,0.0
strong_1nn,Deterministic 6ch 1-NN,36,46,120.0,0.0,120.0,300.0,0,20,0.0
strong_1nn,Deterministic 6ch 1-NN,36,47,120.0,0.0,120.0,330.0,0,20,0.0
strong_1nn,Deterministic 6ch 1-NN,36,48,120.0,0.0,150.0,0.0,2,20,0.1
strong_1nn,Deterministic 6ch 1-NN,36,49,120.0,0.0,150.0,30.0,0,20,0.0
strong_1nn,Deterministic 6ch 1-NN,36,50,120.0,0.0,150.0,60.0,0,20,0.0
strong_1nn,Deterministic 6ch 1-NN,36,51,120.0,0.0,150.0,90.0,0,20,0.0
strong_1nn,Deterministic 6ch 1-NN,36,52,120.0,0.0,150.0,120.0,0,20,0.0
strong_1nn,Deterministic 6ch 1-NN,36,53,120.0,0.0,150.0,150.0,0,20,0.0
strong_1nn,Deterministic 6ch 1-NN,36,54,120.0,0.0,150.0,180.0,0,20,0.0
strong_1nn,Deterministic 6ch 1-NN,36,55,120.0,0.0,150.0,210.0,0,20,0.0
strong_1nn,Deterministic 6ch 1-NN,36,56,120.0,0.0,150.0,240.0,0,20,0.0
strong_1nn,Deterministic 6ch 1-NN,36,57,120.0,0.0,150.0,270.0,0,20,0.0
strong_1nn,Deterministic 6ch 1-NN,36,58,120.0,0.0,150.0,300.0,0,20,0.0
strong_1nn,Deterministic 6ch 1-NN,36,59,120.0,0.0,150.0,330.0,0,20,0.0
strong_1nn,Deterministic 6ch 1-NN,37,0,120.0,30.0,30.0,0.0,0,20,0.0
strong_1nn,Deterministic 6ch 1-NN,37,1,120.0,30.0,30.0,30.0,0,20,0.0
strong_1nn,Deterministic 6ch 1-NN,37,2,120.0,30.0,30.0,60.0,0,20,0.0
strong_1nn,Deterministic 6ch 1-NN,37,3,120.0,30.0,30.0,90.0,0,20,0.0
strong_1nn,Deterministic 6ch 1-NN,37,4,120.0,30.0,30.0,120.0,0,20,0.0
strong_1nn,Deterministic 6ch 1-NN,37,5,120.0,30.0,30.0,150.0,0,20,0.0
strong_1nn,Deterministic 6ch 1-NN,37,6,120.0,30.0,30.0,180.0,0,20,0.0
strong_1nn,Deterministic 6ch 1-NN,37,7,120.0,30.0,30.0,210.0,0,20,0.0
strong_1nn,Deterministic 6ch 1-NN,37,8,120.0,30.0,30.0,240.0,0,20,0.0
strong_1nn,Deterministic 6ch 1-NN,37,9,120.0,30.0,30.0,270.0,0,20,0.0
strong_1nn,Deterministic 6ch 1-NN,37,10,120.0,30.0,30.0,300.0,0,20,0.0
strong_1nn,Deterministic 6ch 1-NN,37,11,120.0,30.0,30.0,330.0,0,20,0.0
strong_1nn,Deterministic 6ch 1-NN,37,12,120.0,30.0,60.0,0.0,0,20,0.0
strong_1nn,Deterministic 6ch 1-NN,37,13,120.0,30.0,60.0,30.0,0,20,0.0
strong_1nn,Deterministic 6ch 1-NN,37,14,120.0,30.0,60.0,60.0,0,20,0.0
strong_1nn,Deterministic 6ch 1-NN,37,15,120.0,30.0,60.0,90.0,0,20,0.0
strong_1nn,Deterministic 6ch 1-NN,37,16,120.0,30.0,60.0,120.0,0,20,0.0
strong_1nn,Deterministic 6ch 1-NN,37,17,120.0,30.0,60.0,150.0,1,20,0.05
strong_1nn,Deterministic 6ch 1-NN,37,18,120.0,30.0,60.0,180.0,0,20,0.0
strong_1nn,Deterministic 6ch 1-NN,37,19,120.0,30.0,60.0,210.0,0,20,0.0
strong_1nn,Deterministic 6ch 1-NN,37,20,120.0,30.0,60.0,240.0,0,20,0.0
strong_1nn,Deterministic 6ch 1-NN,37,21,120.0,30.0,60.0,270.0,0,20,0.0
strong_1nn,Deterministic 6ch 1-NN,37,22,120.0,30.0,60.0,300.0,0,20,0.0
strong_1nn,Deterministic 6ch 1-NN,37,23,120.0,30.0,60.0,330.0,2,20,0.1
strong_1nn,Deterministic 6ch 1-NN,37,24,120.0,30.0,90.0,0.0,0,20,0.0
strong_1nn,Deterministic 6ch 1-NN,37,25,120.0,30.0,90.0,30.0,0,20,0.0
strong_1nn,Deterministic 6ch 1-NN,37,26,120.0,30.0,90.0,60.0,0,20,0.0
strong_1nn,Deterministic 6ch 1-NN,37,27,120.0,30.0,90.0,90.0,0,20,0.0
strong_1nn,Deterministic 6ch 1-NN,37,28,120.0,30.0,90.0,120.0,0,20,0.0
strong_1nn,Deterministic 6ch 1-NN,37,29,120.0,30.0,90.0,150.0,0,20,0.0
strong_1nn,Deterministic 6ch 1-NN,37,30,120.0,30.0,90.0,180.0,0,20,0.0
strong_1nn,Deterministic 6ch 1-NN,37,31,120.0,30.0,90.0,210.0,0,20,0.0
strong_1nn,Deterministic 6ch 1-NN,37,32,120.0,30.0,90.0,240.0,0,20,0.0
strong_1nn,Deterministic 6ch 1-NN,37,33,120.0,30.0,90.0,270.0,0,20,0.0
strong_1nn,Deterministic 6ch 1-NN,37,34,120.0,30.0,90.0,300.0,0,20,0.0
strong_1nn,Deterministic 6ch 1-NN,37,35,120.0,30.0,90.0,330.0,0,20,0.0
strong_1nn,Deterministic 6ch 1-NN,37,36,120.0,30.0,120.0,0.0,0,20,0.0
strong_1nn,Deterministic 6ch 1-NN,37,37,120.0,30.0,120.0,30.0,15,20,0.75
strong_1nn,Deterministic 6ch 1-NN,37,38,120.0,30.0,120.0,60.0,0,20,0.0
strong_1nn,Deterministic 6ch 1-NN,37,39,120.0,30.0,120.0,90.0,0,20,0.0
strong_1nn,Deterministic 6ch 1-NN,37,40,120.0,30.0,120.0,120.0,0,20,0.0
strong_1nn,Deterministic 6ch 1-NN,37,41,120.0,30.0,120.0,150.0,0,20,0.0
strong_1nn,Deterministic 6ch 1-NN,37,42,120.0,30.0,120.0,180.0,0,20,0.0
strong_1nn,Deterministic 6ch 1-NN,37,43,120.0,30.0,120.0,210.0,2,20,0.1
strong_1nn,Deterministic 6ch 1-NN,37,44,120.0,30.0,120.0,240.0,0,20,0.0
strong_1nn,Deterministic 6ch 1-NN,37,45,120.0,30.0,120.0,270.0,0,20,0.0
strong_1nn,Deterministic 6ch 1-NN,37,46,120.0,30.0,120.0,300.0,0,20,0.0
strong_1nn,Deterministic 6ch 1-NN,37,47,120.0,30.0,120.0,330.0,0,20,0.0
strong_1nn,Deterministic 6ch 1-NN,37,48,120.0,30.0,150.0,0.0,0,20,0.0
strong_1nn,Deterministic 6ch 1-NN,37,49,120.0,30.0,150.0,30.0,0,20,0.0
strong_1nn,Deterministic 6ch 1-NN,37,50,120.0,30.0,150.0,60.0,0,20,0.0
strong_1nn,Deterministic 6ch 1-NN,37,51,120.0,30.0,150.0,90.0,0,20,0.0
strong_1nn,Deterministic 6ch 1-NN,37,52,120.0,30.0,150.0,120.0,0,20,0.0
strong_1nn,Deterministic 6ch 1-NN,37,53,120.0,30.0,150.0,150.0,0,20,0.0
strong_1nn,Deterministic 6ch 1-NN,37,54,120.0,30.0,150.0,180.0,0,20,0.0
strong_1nn,Deterministic 6ch 1-NN,37,55,120.0,30.0,150.0,210.0,0,20,0.0
strong_1nn,Deterministic 6ch 1-NN,37,56,120.0,30.0,150.0,240.0,0,20,0.0
strong_1nn,Deterministic 6ch 1-NN,37,57,120.0,30.0,150.0,270.0,0,20,0.0
strong_1nn,Deterministic 6ch 1-NN,37,58,120.0,30.0,150.0,300.0,0,20,0.0
strong_1nn,Deterministic 6ch 1-NN,37,59,120.0,30.0,150.0,330.0,0,20,0.0
strong_1nn,Deterministic 6ch 1-NN,38,0,120.0,60.0,30.0,0.0,0,20,0.0
strong_1nn,Deterministic 6ch 1-NN,38,1,120.0,60.0,30.0,30.0,0,20,0.0
strong_1nn,Deterministic 6ch 1-NN,38,2,120.0,60.0,30.0,60.0,0,20,0.0
strong_1nn,Deterministic 6ch 1-NN,38,3,120.0,60.0,30.0,90.0,0,20,0.0
strong_1nn,Deterministic 6ch 1-NN,38,4,120.0,60.0,30.0,120.0,0,20,0.0
strong_1nn,Deterministic 6ch 1-NN,38,5,120.0,60.0,30.0,150.0,0,20,0.0
strong_1nn,Deterministic 6ch 1-NN,38,6,120.0,60.0,30.0,180.0,0,20,0.0
strong_1nn,Deterministic 6ch 1-NN,38,7,120.0,60.0,30.0,210.0,0,20,0.0
strong_1nn,Deterministic 6ch 1-NN,38,8,120.0,60.0,30.0,240.0,0,20,0.0
strong_1nn,Deterministic 6ch 1-NN,38,9,120.0,60.0,30.0,270.0,0,20,0.0
strong_1nn,Deterministic 6ch 1-NN,38,10,120.0,60.0,30.0,300.0,1,20,0.05
strong_1nn,Deterministic 6ch 1-NN,38,11,120.0,60.0,30.0,330.0,0,20,0.0
strong_1nn,Deterministic 6ch 1-NN,38,12,120.0,60.0,60.0,0.0,0,20,0.0
strong_1nn,Deterministic 6ch 1-NN,38,13,120.0,60.0,60.0,30.0,0,20,0.0
strong_1nn,Deterministic 6ch 1-NN,38,14,120.0,60.0,60.0,60.0,0,20,0.0
strong_1nn,Deterministic 6ch 1-NN,38,15,120.0,60.0,60.0,90.0,0,20,0.0
strong_1nn,Deterministic 6ch 1-NN,38,16,120.0,60.0,60.0,120.0,0,20,0.0
strong_1nn,Deterministic 6ch 1-NN,38,17,120.0,60.0,60.0,150.0,0,20,0.0
strong_1nn,Deterministic 6ch 1-NN,38,18,120.0,60.0,60.0,180.0,0,20,0.0
strong_1nn,Deterministic 6ch 1-NN,38,19,120.0,60.0,60.0,210.0,0,20,0.0
strong_1nn,Deterministic 6ch 1-NN,38,20,120.0,60.0,60.0,240.0,0,20,0.0
strong_1nn,Deterministic 6ch 1-NN,38,21,120.0,60.0,60.0,270.0,0,20,0.0
strong_1nn,Deterministic 6ch 1-NN,38,22,120.0,60.0,60.0,300.0,4,20,0.2
strong_1nn,Deterministic 6ch 1-NN,38,23,120.0,60.0,60.0,330.0,0,20,0.0
strong_1nn,Deterministic 6ch 1-NN,38,24,120.0,60.0,90.0,0.0,0,20,0.0
strong_1nn,Deterministic 6ch 1-NN,38,25,120.0,60.0,90.0,30.0,0,20,0.0
strong_1nn,Deterministic 6ch 1-NN,38,26,120.0,60.0,90.0,60.0,0,20,0.0
strong_1nn,Deterministic 6ch 1-NN,38,27,120.0,60.0,90.0,90.0,0,20,0.0
strong_1nn,Deterministic 6ch 1-NN,38,28,120.0,60.0,90.0,120.0,0,20,0.0
strong_1nn,Deterministic 6ch 1-NN,38,29,120.0,60.0,90.0,150.0,0,20,0.0
strong_1nn,Deterministic 6ch 1-NN,38,30,120.0,60.0,90.0,180.0,0,20,0.0
strong_1nn,Deterministic 6ch 1-NN,38,31,120.0,60.0,90.0,210.0,0,20,0.0
strong_1nn,Deterministic 6ch 1-NN,38,32,120.0,60.0,90.0,240.0,0,20,0.0
strong_1nn,Deterministic 6ch 1-NN,38,33,120.0,60.0,90.0,270.0,0,20,0.0
strong_1nn,Deterministic 6ch 1-NN,38,34,120.0,60.0,90.0,300.0,0,20,0.0
strong_1nn,Deterministic 6ch 1-NN,38,35,120.0,60.0,90.0,330.0,0,20,0.0
strong_1nn,Deterministic 6ch 1-NN,38,36,120.0,60.0,120.0,0.0,0,20,0.0
strong_1nn,Deterministic 6ch 1-NN,38,37,120.0,60.0,120.0,30.0,0,20,0.0
strong_1nn,Deterministic 6ch 1-NN,38,38,120.0,60.0,120.0,60.0,15,20,0.75
strong_1nn,Deterministic 6ch 1-NN,38,39,120.0,60.0,120.0,90.0,0,20,0.0
strong_1nn,Deterministic 6ch 1-NN,38,40,120.0,60.0,120.0,120.0,0,20,0.0
strong_1nn,Deterministic 6ch 1-NN,38,41,120.0,60.0,120.0,150.0,0,20,0.0
strong_1nn,Deterministic 6ch 1-NN,38,42,120.0,60.0,120.0,180.0,0,20,0.0
strong_1nn,Deterministic 6ch 1-NN,38,43,120.0,60.0,120.0,210.0,0,20,0.0
strong_1nn,Deterministic 6ch 1-NN,38,44,120.0,60.0,120.0,240.0,0,20,0.0
strong_1nn,Deterministic 6ch 1-NN,38,45,120.0,60.0,120.0,270.0,0,20,0.0
strong_1nn,Deterministic 6ch 1-NN,38,46,120.0,60.0,120.0,300.0,0,20,0.0
strong_1nn,Deterministic 6ch 1-NN,38,47,120.0,60.0,120.0,330.0,0,20,0.0
strong_1nn,Deterministic 6ch 1-NN,38,48,120.0,60.0,150.0,0.0,0,20,0.0
strong_1nn,Deterministic 6ch 1-NN,38,49,120.0,60.0,150.0,30.0,0,20,0.0
strong_1nn,Deterministic 6ch 1-NN,38,50,120.0,60.0,150.0,60.0,0,20,0.0
strong_1nn,Deterministic 6ch 1-NN,38,51,120.0,60.0,150.0,90.0,0,20,0.0
strong_1nn,Deterministic 6ch 1-NN,38,52,120.0,60.0,150.0,120.0,0,20,0.0
strong_1nn,Deterministic 6ch 1-NN,38,53,120.0,60.0,150.0,150.0,0,20,0.0
strong_1nn,Deterministic 6ch 1-NN,38,54,120.0,60.0,150.0,180.0,0,20,0.0
strong_1nn,Deterministic 6ch 1-NN,38,55,120.0,60.0,150.0,210.0,0,20,0.0
strong_1nn,Deterministic 6ch 1-NN,38,56,120.0,60.0,150.0,240.0,0,20,0.0
strong_1nn,Deterministic 6ch 1-NN,38,57,120.0,60.0,150.0,270.0,0,20,0.0
strong_1nn,Deterministic 6ch 1-NN,38,58,120.0,60.0,150.0,300.0,0,20,0.0
strong_1nn,Deterministic 6ch 1-NN,38,59,120.0,60.0,150.0,330.0,0,20,0.0
strong_1nn,Deterministic 6ch 1-NN,39,0,120.0,90.0,30.0,0.0,0,20,0.0
strong_1nn,Deterministic 6ch 1-NN,39,1,120.0,90.0,30.0,30.0,0,20,0.0
strong_1nn,Deterministic 6ch 1-NN,39,2,120.0,90.0,30.0,60.0,0,20,0.0
strong_1nn,Deterministic 6ch 1-NN,39,3,120.0,90.0,30.0,90.0,0,20,0.0
strong_1nn,Deterministic 6ch 1-NN,39,4,120.0,90.0,30.0,120.0,0,20,0.0
strong_1nn,Deterministic 6ch 1-NN,39,5,120.0,90.0,30.0,150.0,0,20,0.0
strong_1nn,Deterministic 6ch 1-NN,39,6,120.0,90.0,30.0,180.0,0,20,0.0
strong_1nn,Deterministic 6ch 1-NN,39,7,120.0,90.0,30.0,210.0,0,20,0.0
strong_1nn,Deterministic 6ch 1-NN,39,8,120.0,90.0,30.0,240.0,0,20,0.0
strong_1nn,Deterministic 6ch 1-NN,39,9,120.0,90.0,30.0,270.0,0,20,0.0
strong_1nn,Deterministic 6ch 1-NN,39,10,120.0,90.0,30.0,300.0,0,20,0.0
strong_1nn,Deterministic 6ch 1-NN,39,11,120.0,90.0,30.0,330.0,0,20,0.0
strong_1nn,Deterministic 6ch 1-NN,39,12,120.0,90.0,60.0,0.0,0,20,0.0
strong_1nn,Deterministic 6ch 1-NN,39,13,120.0,90.0,60.0,30.0,0,20,0.0
strong_1nn,Deterministic 6ch 1-NN,39,14,120.0,90.0,60.0,60.0,0,20,0.0
strong_1nn,Deterministic 6ch 1-NN,39,15,120.0,90.0,60.0,90.0,1,20,0.05
strong_1nn,Deterministic 6ch 1-NN,39,16,120.0,90.0,60.0,120.0,0,20,0.0
strong_1nn,Deterministic 6ch 1-NN,39,17,120.0,90.0,60.0,150.0,0,20,0.0
strong_1nn,Deterministic 6ch 1-NN,39,18,120.0,90.0,60.0,180.0,0,20,0.0
strong_1nn,Deterministic 6ch 1-NN,39,19,120.0,90.0,60.0,210.0,0,20,0.0
strong_1nn,Deterministic 6ch 1-NN,39,20,120.0,90.0,60.0,240.0,0,20,0.0
strong_1nn,Deterministic 6ch 1-NN,39,21,120.0,90.0,60.0,270.0,0,20,0.0
strong_1nn,Deterministic 6ch 1-NN,39,22,120.0,90.0,60.0,300.0,0,20,0.0
strong_1nn,Deterministic 6ch 1-NN,39,23,120.0,90.0,60.0,330.0,0,20,0.0
strong_1nn,Deterministic 6ch 1-NN,39,24,120.0,90.0,90.0,0.0,0,20,0.0
strong_1nn,Deterministic 6ch 1-NN,39,25,120.0,90.0,90.0,30.0,0,20,0.0
strong_1nn,Deterministic 6ch 1-NN,39,26,120.0,90.0,90.0,60.0,2,20,0.1
strong_1nn,Deterministic 6ch 1-NN,39,27,120.0,90.0,90.0,90.0,0,20,0.0
strong_1nn,Deterministic 6ch 1-NN,39,28,120.0,90.0,90.0,120.0,0,20,0.0
strong_1nn,Deterministic 6ch 1-NN,39,29,120.0,90.0,90.0,150.0,0,20,0.0
strong_1nn,Deterministic 6ch 1-NN,39,30,120.0,90.0,90.0,180.0,0,20,0.0
strong_1nn,Deterministic 6ch 1-NN,39,31,120.0,90.0,90.0,210.0,0,20,0.0
strong_1nn,Deterministic 6ch 1-NN,39,32,120.0,90.0,90.0,240.0,0,20,0.0
strong_1nn,Deterministic 6ch 1-NN,39,33,120.0,90.0,90.0,270.0,0,20,0.0
strong_1nn,Deterministic 6ch 1-NN,39,34,120.0,90.0,90.0,300.0,0,20,0.0
strong_1nn,Deterministic 6ch 1-NN,39,35,120.0,90.0,90.0,330.0,0,20,0.0
strong_1nn,Deterministic 6ch 1-NN,39,36,120.0,90.0,120.0,0.0,0,20,0.0
strong_1nn,Deterministic 6ch 1-NN,39,37,120.0,90.0,120.0,30.0,0,20,0.0
strong_1nn,Deterministic 6ch 1-NN,39,38,120.0,90.0,120.0,60.0,0,20,0.0
strong_1nn,Deterministic 6ch 1-NN,39,39,120.0,90.0,120.0,90.0,17,20,0.85
strong_1nn,Deterministic 6ch 1-NN,39,40,120.0,90.0,120.0,120.0,0,20,0.0
strong_1nn,Deterministic 6ch 1-NN,39,41,120.0,90.0,120.0,150.0,0,20,0.0
strong_1nn,Deterministic 6ch 1-NN,39,42,120.0,90.0,120.0,180.0,0,20,0.0
strong_1nn,Deterministic 6ch 1-NN,39,43,120.0,90.0,120.0,210.0,0,20,0.0
strong_1nn,Deterministic 6ch 1-NN,39,44,120.0,90.0,120.0,240.0,0,20,0.0
strong_1nn,Deterministic 6ch 1-NN,39,45,120.0,90.0,120.0,270.0,0,20,0.0
strong_1nn,Deterministic 6ch 1-NN,39,46,120.0,90.0,120.0,300.0,0,20,0.0
strong_1nn,Deterministic 6ch 1-NN,39,47,120.0,90.0,120.0,330.0,0,20,0.0
strong_1nn,Deterministic 6ch 1-NN,39,48,120.0,90.0,150.0,0.0,0,20,0.0
strong_1nn,Deterministic 6ch 1-NN,39,49,120.0,90.0,150.0,30.0,0,20,0.0
strong_1nn,Deterministic 6ch 1-NN,39,50,120.0,90.0,150.0,60.0,0,20,0.0
strong_1nn,Deterministic 6ch 1-NN,39,51,120.0,90.0,150.0,90.0,0,20,0.0
strong_1nn,Deterministic 6ch 1-NN,39,52,120.0,90.0,150.0,120.0,0,20,0.0
strong_1nn,Deterministic 6ch 1-NN,39,53,120.0,90.0,150.0,150.0,0,20,0.0
strong_1nn,Deterministic 6ch 1-NN,39,54,120.0,90.0,150.0,180.0,0,20,0.0
strong_1nn,Deterministic 6ch 1-NN,39,55,120.0,90.0,150.0,210.0,0,20,0.0
strong_1nn,Deterministic 6ch 1-NN,39,56,120.0,90.0,150.0,240.0,0,20,0.0
strong_1nn,Deterministic 6ch 1-NN,39,57,120.0,90.0,150.0,270.0,0,20,0.0
strong_1nn,Deterministic 6ch 1-NN,39,58,120.0,90.0,150.0,300.0,0,20,0.0
strong_1nn,Deterministic 6ch 1-NN,39,59,120.0,90.0,150.0,330.0,0,20,0.0
strong_1nn,Deterministic 6ch 1-NN,40,0,120.0,120.0,30.0,0.0,0,20,0.0
strong_1nn,Deterministic 6ch 1-NN,40,1,120.0,120.0,30.0,30.0,0,20,0.0
strong_1nn,Deterministic 6ch 1-NN,40,2,120.0,120.0,30.0,60.0,0,20,0.0
strong_1nn,Deterministic 6ch 1-NN,40,3,120.0,120.0,30.0,90.0,0,20,0.0
strong_1nn,Deterministic 6ch 1-NN,40,4,120.0,120.0,30.0,120.0,0,20,0.0
strong_1nn,Deterministic 6ch 1-NN,40,5,120.0,120.0,30.0,150.0,0,20,0.0
strong_1nn,Deterministic 6ch 1-NN,40,6,120.0,120.0,30.0,180.0,0,20,0.0
strong_1nn,Deterministic 6ch 1-NN,40,7,120.0,120.0,30.0,210.0,0,20,0.0
strong_1nn,Deterministic 6ch 1-NN,40,8,120.0,120.0,30.0,240.0,0,20,0.0
strong_1nn,Deterministic 6ch 1-NN,40,9,120.0,120.0,30.0,270.0,0,20,0.0
strong_1nn,Deterministic 6ch 1-NN,40,10,120.0,120.0,30.0,300.0,0,20,0.0
strong_1nn,Deterministic 6ch 1-NN,40,11,120.0,120.0,30.0,330.0,0,20,0.0
strong_1nn,Deterministic 6ch 1-NN,40,12,120.0,120.0,60.0,0.0,0,20,0.0
strong_1nn,Deterministic 6ch 1-NN,40,13,120.0,120.0,60.0,30.0,0,20,0.0
strong_1nn,Deterministic 6ch 1-NN,40,14,120.0,120.0,60.0,60.0,1,20,0.05
strong_1nn,Deterministic 6ch 1-NN,40,15,120.0,120.0,60.0,90.0,0,20,0.0
strong_1nn,Deterministic 6ch 1-NN,40,16,120.0,120.0,60.0,120.0,0,20,0.0
strong_1nn,Deterministic 6ch 1-NN,40,17,120.0,120.0,60.0,150.0,0,20,0.0
strong_1nn,Deterministic 6ch 1-NN,40,18,120.0,120.0,60.0,180.0,0,20,0.0
strong_1nn,Deterministic 6ch 1-NN,40,19,120.0,120.0,60.0,210.0,0,20,0.0
strong_1nn,Deterministic 6ch 1-NN,40,20,120.0,120.0,60.0,240.0,2,20,0.1
strong_1nn,Deterministic 6ch 1-NN,40,21,120.0,120.0,60.0,270.0,0,20,0.0
strong_1nn,Deterministic 6ch 1-NN,40,22,120.0,120.0,60.0,300.0,0,20,0.0
strong_1nn,Deterministic 6ch 1-NN,40,23,120.0,120.0,60.0,330.0,0,20,0.0
strong_1nn,Deterministic 6ch 1-NN,40,24,120.0,120.0,90.0,0.0,0,20,0.0
strong_1nn,Deterministic 6ch 1-NN,40,25,120.0,120.0,90.0,30.0,0,20,0.0
strong_1nn,Deterministic 6ch 1-NN,40,26,120.0,120.0,90.0,60.0,0,20,0.0
strong_1nn,Deterministic 6ch 1-NN,40,27,120.0,120.0,90.0,90.0,0,20,0.0
strong_1nn,Deterministic 6ch 1-NN,40,28,120.0,120.0,90.0,120.0,0,20,0.0
strong_1nn,Deterministic 6ch 1-NN,40,29,120.0,120.0,90.0,150.0,0,20,0.0
strong_1nn,Deterministic 6ch 1-NN,40,30,120.0,120.0,90.0,180.0,0,20,0.0
strong_1nn,Deterministic 6ch 1-NN,40,31,120.0,120.0,90.0,210.0,1,20,0.05
strong_1nn,Deterministic 6ch 1-NN,40,32,120.0,120.0,90.0,240.0,0,20,0.0
strong_1nn,Deterministic 6ch 1-NN,40,33,120.0,120.0,90.0,270.0,0,20,0.0
strong_1nn,Deterministic 6ch 1-NN,40,34,120.0,120.0,90.0,300.0,0,20,0.0
strong_1nn,Deterministic 6ch 1-NN,40,35,120.0,120.0,90.0,330.0,0,20,0.0
strong_1nn,Deterministic 6ch 1-NN,40,36,120.0,120.0,120.0,0.0,0,20,0.0
strong_1nn,Deterministic 6ch 1-NN,40,37,120.0,120.0,120.0,30.0,0,20,0.0
strong_1nn,Deterministic 6ch 1-NN,40,38,120.0,120.0,120.0,60.0,0,20,0.0
strong_1nn,Deterministic 6ch 1-NN,40,39,120.0,120.0,120.0,90.0,0,20,0.0
strong_1nn,Deterministic 6ch 1-NN,40,40,120.0,120.0,120.0,120.0,13,20,0.65
strong_1nn,Deterministic 6ch 1-NN,40,41,120.0,120.0,120.0,150.0,0,20,0.0
strong_1nn,Deterministic 6ch 1-NN,40,42,120.0,120.0,120.0,180.0,0,20,0.0
strong_1nn,Deterministic 6ch 1-NN,40,43,120.0,120.0,120.0,210.0,0,20,0.0
strong_1nn,Deterministic 6ch 1-NN,40,44,120.0,120.0,120.0,240.0,0,20,0.0
strong_1nn,Deterministic 6ch 1-NN,40,45,120.0,120.0,120.0,270.0,0,20,0.0
strong_1nn,Deterministic 6ch 1-NN,40,46,120.0,120.0,120.0,300.0,2,20,0.1
strong_1nn,Deterministic 6ch 1-NN,40,47,120.0,120.0,120.0,330.0,0,20,0.0
strong_1nn,Deterministic 6ch 1-NN,40,48,120.0,120.0,150.0,0.0,0,20,0.0
strong_1nn,Deterministic 6ch 1-NN,40,49,120.0,120.0,150.0,30.0,0,20,0.0
strong_1nn,Deterministic 6ch 1-NN,40,50,120.0,120.0,150.0,60.0,0,20,0.0
strong_1nn,Deterministic 6ch 1-NN,40,51,120.0,120.0,150.0,90.0,0,20,0.0
strong_1nn,Deterministic 6ch 1-NN,40,52,120.0,120.0,150.0,120.0,0,20,0.0
strong_1nn,Deterministic 6ch 1-NN,40,53,120.0,120.0,150.0,150.0,0,20,0.0
strong_1nn,Deterministic 6ch 1-NN,40,54,120.0,120.0,150.0,180.0,0,20,0.0
strong_1nn,Deterministic 6ch 1-NN,40,55,120.0,120.0,150.0,210.0,0,20,0.0
strong_1nn,Deterministic 6ch 1-NN,40,56,120.0,120.0,150.0,240.0,0,20,0.0
strong_1nn,Deterministic 6ch 1-NN,40,57,120.0,120.0,150.0,270.0,0,20,0.0
strong_1nn,Deterministic 6ch 1-NN,40,58,120.0,120.0,150.0,300.0,1,20,0.05
strong_1nn,Deterministic 6ch 1-NN,40,59,120.0,120.0,150.0,330.0,0,20,0.0
strong_1nn,Deterministic 6ch 1-NN,41,0,120.0,150.0,30.0,0.0,0,20,0.0
strong_1nn,Deterministic 6ch 1-NN,41,1,120.0,150.0,30.0,30.0,0,20,0.0
strong_1nn,Deterministic 6ch 1-NN,41,2,120.0,150.0,30.0,60.0,0,20,0.0
strong_1nn,Deterministic 6ch 1-NN,41,3,120.0,150.0,30.0,90.0,0,20,0.0
strong_1nn,Deterministic 6ch 1-NN,41,4,120.0,150.0,30.0,120.0,0,20,0.0
strong_1nn,Deterministic 6ch 1-NN,41,5,120.0,150.0,30.0,150.0,0,20,0.0
strong_1nn,Deterministic 6ch 1-NN,41,6,120.0,150.0,30.0,180.0,0,20,0.0
strong_1nn,Deterministic 6ch 1-NN,41,7,120.0,150.0,30.0,210.0,0,20,0.0
strong_1nn,Deterministic 6ch 1-NN,41,8,120.0,150.0,30.0,240.0,0,20,0.0
strong_1nn,Deterministic 6ch 1-NN,41,9,120.0,150.0,30.0,270.0,0,20,0.0
strong_1nn,Deterministic 6ch 1-NN,41,10,120.0,150.0,30.0,300.0,0,20,0.0
strong_1nn,Deterministic 6ch 1-NN,41,11,120.0,150.0,30.0,330.0,0,20,0.0
strong_1nn,Deterministic 6ch 1-NN,41,12,120.0,150.0,60.0,0.0,0,20,0.0
strong_1nn,Deterministic 6ch 1-NN,41,13,120.0,150.0,60.0,30.0,0,20,0.0
strong_1nn,Deterministic 6ch 1-NN,41,14,120.0,150.0,60.0,60.0,0,20,0.0
strong_1nn,Deterministic 6ch 1-NN,41,15,120.0,150.0,60.0,90.0,0,20,0.0
strong_1nn,Deterministic 6ch 1-NN,41,16,120.0,150.0,60.0,120.0,0,20,0.0
strong_1nn,Deterministic 6ch 1-NN,41,17,120.0,150.0,60.0,150.0,0,20,0.0
strong_1nn,Deterministic 6ch 1-NN,41,18,120.0,150.0,60.0,180.0,0,20,0.0
strong_1nn,Deterministic 6ch 1-NN,41,19,120.0,150.0,60.0,210.0,2,20,0.1
strong_1nn,Deterministic 6ch 1-NN,41,20,120.0,150.0,60.0,240.0,0,20,0.0
strong_1nn,Deterministic 6ch 1-NN,41,21,120.0,150.0,60.0,270.0,0,20,0.0
strong_1nn,Deterministic 6ch 1-NN,41,22,120.0,150.0,60.0,300.0,0,20,0.0
strong_1nn,Deterministic 6ch 1-NN,41,23,120.0,150.0,60.0,330.0,0,20,0.0
strong_1nn,Deterministic 6ch 1-NN,41,24,120.0,150.0,90.0,0.0,0,20,0.0
strong_1nn,Deterministic 6ch 1-NN,41,25,120.0,150.0,90.0,30.0,0,20,0.0
strong_1nn,Deterministic 6ch 1-NN,41,26,120.0,150.0,90.0,60.0,0,20,0.0
strong_1nn,Deterministic 6ch 1-NN,41,27,120.0,150.0,90.0,90.0,0,20,0.0
strong_1nn,Deterministic 6ch 1-NN,41,28,120.0,150.0,90.0,120.0,0,20,0.0
strong_1nn,Deterministic 6ch 1-NN,41,29,120.0,150.0,90.0,150.0,0,20,0.0
strong_1nn,Deterministic 6ch 1-NN,41,30,120.0,150.0,90.0,180.0,0,20,0.0
strong_1nn,Deterministic 6ch 1-NN,41,31,120.0,150.0,90.0,210.0,0,20,0.0
strong_1nn,Deterministic 6ch 1-NN,41,32,120.0,150.0,90.0,240.0,0,20,0.0
strong_1nn,Deterministic 6ch 1-NN,41,33,120.0,150.0,90.0,270.0,0,20,0.0
strong_1nn,Deterministic 6ch 1-NN,41,34,120.0,150.0,90.0,300.0,0,20,0.0
strong_1nn,Deterministic 6ch 1-NN,41,35,120.0,150.0,90.0,330.0,0,20,0.0
strong_1nn,Deterministic 6ch 1-NN,41,36,120.0,150.0,120.0,0.0,0,20,0.0
strong_1nn,Deterministic 6ch 1-NN,41,37,120.0,150.0,120.0,30.0,0,20,0.0
strong_1nn,Deterministic 6ch 1-NN,41,38,120.0,150.0,120.0,60.0,0,20,0.0
strong_1nn,Deterministic 6ch 1-NN,41,39,120.0,150.0,120.0,90.0,0,20,0.0
strong_1nn,Deterministic 6ch 1-NN,41,40,120.0,150.0,120.0,120.0,0,20,0.0
strong_1nn,Deterministic 6ch 1-NN,41,41,120.0,150.0,120.0,150.0,16,20,0.8
strong_1nn,Deterministic 6ch 1-NN,41,42,120.0,150.0,120.0,180.0,0,20,0.0
strong_1nn,Deterministic 6ch 1-NN,41,43,120.0,150.0,120.0,210.0,0,20,0.0
strong_1nn,Deterministic 6ch 1-NN,41,44,120.0,150.0,120.0,240.0,0,20,0.0
strong_1nn,Deterministic 6ch 1-NN,41,45,120.0,150.0,120.0,270.0,0,20,0.0
strong_1nn,Deterministic 6ch 1-NN,41,46,120.0,150.0,120.0,300.0,0,20,0.0
strong_1nn,Deterministic 6ch 1-NN,41,47,120.0,150.0,120.0,330.0,2,20,0.1
strong_1nn,Deterministic 6ch 1-NN,41,48,120.0,150.0,150.0,0.0,0,20,0.0
strong_1nn,Deterministic 6ch 1-NN,41,49,120.0,150.0,150.0,30.0,0,20,0.0
strong_1nn,Deterministic 6ch 1-NN,41,50,120.0,150.0,150.0,60.0,0,20,0.0
strong_1nn,Deterministic 6ch 1-NN,41,51,120.0,150.0,150.0,90.0,0,20,0.0
strong_1nn,Deterministic 6ch 1-NN,41,52,120.0,150.0,150.0,120.0,0,20,0.0
strong_1nn,Deterministic 6ch 1-NN,41,53,120.0,150.0,150.0,150.0,0,20,0.0
strong_1nn,Deterministic 6ch 1-NN,41,54,120.0,150.0,150.0,180.0,0,20,0.0
strong_1nn,Deterministic 6ch 1-NN,41,55,120.0,150.0,150.0,210.0,0,20,0.0
strong_1nn,Deterministic 6ch 1-NN,41,56,120.0,150.0,150.0,240.0,0,20,0.0
strong_1nn,Deterministic 6ch 1-NN,41,57,120.0,150.0,150.0,270.0,0,20,0.0
strong_1nn,Deterministic 6ch 1-NN,41,58,120.0,150.0,150.0,300.0,0,20,0.0
strong_1nn,Deterministic 6ch 1-NN,41,59,120.0,150.0,150.0,330.0,0,20,0.0
strong_1nn,Deterministic 6ch 1-NN,42,0,120.0,180.0,30.0,0.0,0,20,0.0
strong_1nn,Deterministic 6ch 1-NN,42,1,120.0,180.0,30.0,30.0,0,20,0.0
strong_1nn,Deterministic 6ch 1-NN,42,2,120.0,180.0,30.0,60.0,0,20,0.0
strong_1nn,Deterministic 6ch 1-NN,42,3,120.0,180.0,30.0,90.0,0,20,0.0
strong_1nn,Deterministic 6ch 1-NN,42,4,120.0,180.0,30.0,120.0,0,20,0.0
strong_1nn,Deterministic 6ch 1-NN,42,5,120.0,180.0,30.0,150.0,0,20,0.0
strong_1nn,Deterministic 6ch 1-NN,42,6,120.0,180.0,30.0,180.0,0,20,0.0
strong_1nn,Deterministic 6ch 1-NN,42,7,120.0,180.0,30.0,210.0,0,20,0.0
strong_1nn,Deterministic 6ch 1-NN,42,8,120.0,180.0,30.0,240.0,0,20,0.0
strong_1nn,Deterministic 6ch 1-NN,42,9,120.0,180.0,30.0,270.0,0,20,0.0
strong_1nn,Deterministic 6ch 1-NN,42,10,120.0,180.0,30.0,300.0,0,20,0.0
strong_1nn,Deterministic 6ch 1-NN,42,11,120.0,180.0,30.0,330.0,0,20,0.0
strong_1nn,Deterministic 6ch 1-NN,42,12,120.0,180.0,60.0,0.0,1,20,0.05
strong_1nn,Deterministic 6ch 1-NN,42,13,120.0,180.0,60.0,30.0,0,20,0.0
strong_1nn,Deterministic 6ch 1-NN,42,14,120.0,180.0,60.0,60.0,0,20,0.0
strong_1nn,Deterministic 6ch 1-NN,42,15,120.0,180.0,60.0,90.0,0,20,0.0
strong_1nn,Deterministic 6ch 1-NN,42,16,120.0,180.0,60.0,120.0,0,20,0.0
strong_1nn,Deterministic 6ch 1-NN,42,17,120.0,180.0,60.0,150.0,0,20,0.0
strong_1nn,Deterministic 6ch 1-NN,42,18,120.0,180.0,60.0,180.0,0,20,0.0
strong_1nn,Deterministic 6ch 1-NN,42,19,120.0,180.0,60.0,210.0,0,20,0.0
strong_1nn,Deterministic 6ch 1-NN,42,20,120.0,180.0,60.0,240.0,0,20,0.0
strong_1nn,Deterministic 6ch 1-NN,42,21,120.0,180.0,60.0,270.0,0,20,0.0
strong_1nn,Deterministic 6ch 1-NN,42,22,120.0,180.0,60.0,300.0,0,20,0.0
strong_1nn,Deterministic 6ch 1-NN,42,23,120.0,180.0,60.0,330.0,0,20,0.0
strong_1nn,Deterministic 6ch 1-NN,42,24,120.0,180.0,90.0,0.0,0,20,0.0
strong_1nn,Deterministic 6ch 1-NN,42,25,120.0,180.0,90.0,30.0,0,20,0.0
strong_1nn,Deterministic 6ch 1-NN,42,26,120.0,180.0,90.0,60.0,0,20,0.0
strong_1nn,Deterministic 6ch 1-NN,42,27,120.0,180.0,90.0,90.0,0,20,0.0
strong_1nn,Deterministic 6ch 1-NN,42,28,120.0,180.0,90.0,120.0,0,20,0.0
strong_1nn,Deterministic 6ch 1-NN,42,29,120.0,180.0,90.0,150.0,0,20,0.0
strong_1nn,Deterministic 6ch 1-NN,42,30,120.0,180.0,90.0,180.0,0,20,0.0
strong_1nn,Deterministic 6ch 1-NN,42,31,120.0,180.0,90.0,210.0,0,20,0.0
strong_1nn,Deterministic 6ch 1-NN,42,32,120.0,180.0,90.0,240.0,0,20,0.0
strong_1nn,Deterministic 6ch 1-NN,42,33,120.0,180.0,90.0,270.0,0,20,0.0
strong_1nn,Deterministic 6ch 1-NN,42,34,120.0,180.0,90.0,300.0,0,20,0.0
strong_1nn,Deterministic 6ch 1-NN,42,35,120.0,180.0,90.0,330.0,0,20,0.0
strong_1nn,Deterministic 6ch 1-NN,42,36,120.0,180.0,120.0,0.0,0,20,0.0
strong_1nn,Deterministic 6ch 1-NN,42,37,120.0,180.0,120.0,30.0,0,20,0.0
strong_1nn,Deterministic 6ch 1-NN,42,38,120.0,180.0,120.0,60.0,0,20,0.0
strong_1nn,Deterministic 6ch 1-NN,42,39,120.0,180.0,120.0,90.0,0,20,0.0
strong_1nn,Deterministic 6ch 1-NN,42,40,120.0,180.0,120.0,120.0,0,20,0.0
strong_1nn,Deterministic 6ch 1-NN,42,41,120.0,180.0,120.0,150.0,0,20,0.0
strong_1nn,Deterministic 6ch 1-NN,42,42,120.0,180.0,120.0,180.0,17,20,0.85
strong_1nn,Deterministic 6ch 1-NN,42,43,120.0,180.0,120.0,210.0,0,20,0.0
strong_1nn,Deterministic 6ch 1-NN,42,44,120.0,180.0,120.0,240.0,0,20,0.0
strong_1nn,Deterministic 6ch 1-NN,42,45,120.0,180.0,120.0,270.0,0,20,0.0
strong_1nn,Deterministic 6ch 1-NN,42,46,120.0,180.0,120.0,300.0,0,20,0.0
strong_1nn,Deterministic 6ch 1-NN,42,47,120.0,180.0,120.0,330.0,0,20,0.0
strong_1nn,Deterministic 6ch 1-NN,42,48,120.0,180.0,150.0,0.0,1,20,0.05
strong_1nn,Deterministic 6ch 1-NN,42,49,120.0,180.0,150.0,30.0,0,20,0.0
strong_1nn,Deterministic 6ch 1-NN,42,50,120.0,180.0,150.0,60.0,0,20,0.0
strong_1nn,Deterministic 6ch 1-NN,42,51,120.0,180.0,150.0,90.0,0,20,0.0
strong_1nn,Deterministic 6ch 1-NN,42,52,120.0,180.0,150.0,120.0,0,20,0.0
strong_1nn,Deterministic 6ch 1-NN,42,53,120.0,180.0,150.0,150.0,0,20,0.0
strong_1nn,Deterministic 6ch 1-NN,42,54,120.0,180.0,150.0,180.0,0,20,0.0
strong_1nn,Deterministic 6ch 1-NN,42,55,120.0,180.0,150.0,210.0,1,20,0.05
strong_1nn,Deterministic 6ch 1-NN,42,56,120.0,180.0,150.0,240.0,0,20,0.0
strong_1nn,Deterministic 6ch 1-NN,42,57,120.0,180.0,150.0,270.0,0,20,0.0
strong_1nn,Deterministic 6ch 1-NN,42,58,120.0,180.0,150.0,300.0,0,20,0.0
strong_1nn,Deterministic 6ch 1-NN,42,59,120.0,180.0,150.0,330.0,0,20,0.0
strong_1nn,Deterministic 6ch 1-NN,43,0,120.0,210.0,30.0,0.0,0,20,0.0
strong_1nn,Deterministic 6ch 1-NN,43,1,120.0,210.0,30.0,30.0,0,20,0.0
strong_1nn,Deterministic 6ch 1-NN,43,2,120.0,210.0,30.0,60.0,0,20,0.0
strong_1nn,Deterministic 6ch 1-NN,43,3,120.0,210.0,30.0,90.0,0,20,0.0
strong_1nn,Deterministic 6ch 1-NN,43,4,120.0,210.0,30.0,120.0,0,20,0.0
strong_1nn,Deterministic 6ch 1-NN,43,5,120.0,210.0,30.0,150.0,0,20,0.0
strong_1nn,Deterministic 6ch 1-NN,43,6,120.0,210.0,30.0,180.0,0,20,0.0
strong_1nn,Deterministic 6ch 1-NN,43,7,120.0,210.0,30.0,210.0,0,20,0.0
strong_1nn,Deterministic 6ch 1-NN,43,8,120.0,210.0,30.0,240.0,0,20,0.0
strong_1nn,Deterministic 6ch 1-NN,43,9,120.0,210.0,30.0,270.0,0,20,0.0
strong_1nn,Deterministic 6ch 1-NN,43,10,120.0,210.0,30.0,300.0,0,20,0.0
strong_1nn,Deterministic 6ch 1-NN,43,11,120.0,210.0,30.0,330.0,0,20,0.0
strong_1nn,Deterministic 6ch 1-NN,43,12,120.0,210.0,60.0,0.0,0,20,0.0
strong_1nn,Deterministic 6ch 1-NN,43,13,120.0,210.0,60.0,30.0,0,20,0.0
strong_1nn,Deterministic 6ch 1-NN,43,14,120.0,210.0,60.0,60.0,0,20,0.0
strong_1nn,Deterministic 6ch 1-NN,43,15,120.0,210.0,60.0,90.0,0,20,0.0
strong_1nn,Deterministic 6ch 1-NN,43,16,120.0,210.0,60.0,120.0,0,20,0.0
strong_1nn,Deterministic 6ch 1-NN,43,17,120.0,210.0,60.0,150.0,5,20,0.25
strong_1nn,Deterministic 6ch 1-NN,43,18,120.0,210.0,60.0,180.0,0,20,0.0
strong_1nn,Deterministic 6ch 1-NN,43,19,120.0,210.0,60.0,210.0,0,20,0.0
strong_1nn,Deterministic 6ch 1-NN,43,20,120.0,210.0,60.0,240.0,0,20,0.0
strong_1nn,Deterministic 6ch 1-NN,43,21,120.0,210.0,60.0,270.0,0,20,0.0
strong_1nn,Deterministic 6ch 1-NN,43,22,120.0,210.0,60.0,300.0,0,20,0.0
strong_1nn,Deterministic 6ch 1-NN,43,23,120.0,210.0,60.0,330.0,2,20,0.1
strong_1nn,Deterministic 6ch 1-NN,43,24,120.0,210.0,90.0,0.0,0,20,0.0
strong_1nn,Deterministic 6ch 1-NN,43,25,120.0,210.0,90.0,30.0,0,20,0.0
strong_1nn,Deterministic 6ch 1-NN,43,26,120.0,210.0,90.0,60.0,0,20,0.0
strong_1nn,Deterministic 6ch 1-NN,43,27,120.0,210.0,90.0,90.0,0,20,0.0
strong_1nn,Deterministic 6ch 1-NN,43,28,120.0,210.0,90.0,120.0,0,20,0.0
strong_1nn,Deterministic 6ch 1-NN,43,29,120.0,210.0,90.0,150.0,0,20,0.0
strong_1nn,Deterministic 6ch 1-NN,43,30,120.0,210.0,90.0,180.0,0,20,0.0
strong_1nn,Deterministic 6ch 1-NN,43,31,120.0,210.0,90.0,210.0,0,20,0.0
strong_1nn,Deterministic 6ch 1-NN,43,32,120.0,210.0,90.0,240.0,0,20,0.0
strong_1nn,Deterministic 6ch 1-NN,43,33,120.0,210.0,90.0,270.0,0,20,0.0
strong_1nn,Deterministic 6ch 1-NN,43,34,120.0,210.0,90.0,300.0,0,20,0.0
strong_1nn,Deterministic 6ch 1-NN,43,35,120.0,210.0,90.0,330.0,0,20,0.0
strong_1nn,Deterministic 6ch 1-NN,43,36,120.0,210.0,120.0,0.0,0,20,0.0
strong_1nn,Deterministic 6ch 1-NN,43,37,120.0,210.0,120.0,30.0,1,20,0.05
strong_1nn,Deterministic 6ch 1-NN,43,38,120.0,210.0,120.0,60.0,0,20,0.0
strong_1nn,Deterministic 6ch 1-NN,43,39,120.0,210.0,120.0,90.0,0,20,0.0
strong_1nn,Deterministic 6ch 1-NN,43,40,120.0,210.0,120.0,120.0,0,20,0.0
strong_1nn,Deterministic 6ch 1-NN,43,41,120.0,210.0,120.0,150.0,0,20,0.0
strong_1nn,Deterministic 6ch 1-NN,43,42,120.0,210.0,120.0,180.0,0,20,0.0
strong_1nn,Deterministic 6ch 1-NN,43,43,120.0,210.0,120.0,210.0,12,20,0.6
strong_1nn,Deterministic 6ch 1-NN,43,44,120.0,210.0,120.0,240.0,0,20,0.0
strong_1nn,Deterministic 6ch 1-NN,43,45,120.0,210.0,120.0,270.0,0,20,0.0
strong_1nn,Deterministic 6ch 1-NN,43,46,120.0,210.0,120.0,300.0,0,20,0.0
strong_1nn,Deterministic 6ch 1-NN,43,47,120.0,210.0,120.0,330.0,0,20,0.0
strong_1nn,Deterministic 6ch 1-NN,43,48,120.0,210.0,150.0,0.0,0,20,0.0
strong_1nn,Deterministic 6ch 1-NN,43,49,120.0,210.0,150.0,30.0,0,20,0.0
strong_1nn,Deterministic 6ch 1-NN,43,50,120.0,210.0,150.0,60.0,0,20,0.0
strong_1nn,Deterministic 6ch 1-NN,43,51,120.0,210.0,150.0,90.0,0,20,0.0
strong_1nn,Deterministic 6ch 1-NN,43,52,120.0,210.0,150.0,120.0,0,20,0.0
strong_1nn,Deterministic 6ch 1-NN,43,53,120.0,210.0,150.0,150.0,0,20,0.0
strong_1nn,Deterministic 6ch 1-NN,43,54,120.0,210.0,150.0,180.0,0,20,0.0
strong_1nn,Deterministic 6ch 1-NN,43,55,120.0,210.0,150.0,210.0,0,20,0.0
strong_1nn,Deterministic 6ch 1-NN,43,56,120.0,210.0,150.0,240.0,0,20,0.0
strong_1nn,Deterministic 6ch 1-NN,43,57,120.0,210.0,150.0,270.0,0,20,0.0
strong_1nn,Deterministic 6ch 1-NN,43,58,120.0,210.0,150.0,300.0,0,20,0.0
strong_1nn,Deterministic 6ch 1-NN,43,59,120.0,210.0,150.0,330.0,0,20,0.0
strong_1nn,Deterministic 6ch 1-NN,44,0,120.0,240.0,30.0,0.0,0,20,0.0
strong_1nn,Deterministic 6ch 1-NN,44,1,120.0,240.0,30.0,30.0,0,20,0.0
strong_1nn,Deterministic 6ch 1-NN,44,2,120.0,240.0,30.0,60.0,0,20,0.0
strong_1nn,Deterministic 6ch 1-NN,44,3,120.0,240.0,30.0,90.0,0,20,0.0
strong_1nn,Deterministic 6ch 1-NN,44,4,120.0,240.0,30.0,120.0,0,20,0.0
strong_1nn,Deterministic 6ch 1-NN,44,5,120.0,240.0,30.0,150.0,0,20,0.0
strong_1nn,Deterministic 6ch 1-NN,44,6,120.0,240.0,30.0,180.0,0,20,0.0
strong_1nn,Deterministic 6ch 1-NN,44,7,120.0,240.0,30.0,210.0,0,20,0.0
strong_1nn,Deterministic 6ch 1-NN,44,8,120.0,240.0,30.0,240.0,0,20,0.0
strong_1nn,Deterministic 6ch 1-NN,44,9,120.0,240.0,30.0,270.0,0,20,0.0
strong_1nn,Deterministic 6ch 1-NN,44,10,120.0,240.0,30.0,300.0,0,20,0.0
strong_1nn,Deterministic 6ch 1-NN,44,11,120.0,240.0,30.0,330.0,0,20,0.0
strong_1nn,Deterministic 6ch 1-NN,44,12,120.0,240.0,60.0,0.0,0,20,0.0
strong_1nn,Deterministic 6ch 1-NN,44,13,120.0,240.0,60.0,30.0,0,20,0.0
strong_1nn,Deterministic 6ch 1-NN,44,14,120.0,240.0,60.0,60.0,0,20,0.0
strong_1nn,Deterministic 6ch 1-NN,44,15,120.0,240.0,60.0,90.0,0,20,0.0
strong_1nn,Deterministic 6ch 1-NN,44,16,120.0,240.0,60.0,120.0,3,20,0.15
strong_1nn,Deterministic 6ch 1-NN,44,17,120.0,240.0,60.0,150.0,0,20,0.0
strong_1nn,Deterministic 6ch 1-NN,44,18,120.0,240.0,60.0,180.0,0,20,0.0
strong_1nn,Deterministic 6ch 1-NN,44,19,120.0,240.0,60.0,210.0,0,20,0.0
strong_1nn,Deterministic 6ch 1-NN,44,20,120.0,240.0,60.0,240.0,0,20,0.0
strong_1nn,Deterministic 6ch 1-NN,44,21,120.0,240.0,60.0,270.0,0,20,0.0
strong_1nn,Deterministic 6ch 1-NN,44,22,120.0,240.0,60.0,300.0,1,20,0.05
strong_1nn,Deterministic 6ch 1-NN,44,23,120.0,240.0,60.0,330.0,0,20,0.0
strong_1nn,Deterministic 6ch 1-NN,44,24,120.0,240.0,90.0,0.0,0,20,0.0
strong_1nn,Deterministic 6ch 1-NN,44,25,120.0,240.0,90.0,30.0,0,20,0.0
strong_1nn,Deterministic 6ch 1-NN,44,26,120.0,240.0,90.0,60.0,0,20,0.0
strong_1nn,Deterministic 6ch 1-NN,44,27,120.0,240.0,90.0,90.0,0,20,0.0
strong_1nn,Deterministic 6ch 1-NN,44,28,120.0,240.0,90.0,120.0,0,20,0.0
strong_1nn,Deterministic 6ch 1-NN,44,29,120.0,240.0,90.0,150.0,0,20,0.0
strong_1nn,Deterministic 6ch 1-NN,44,30,120.0,240.0,90.0,180.0,0,20,0.0
strong_1nn,Deterministic 6ch 1-NN,44,31,120.0,240.0,90.0,210.0,0,20,0.0
strong_1nn,Deterministic 6ch 1-NN,44,32,120.0,240.0,90.0,240.0,0,20,0.0
strong_1nn,Deterministic 6ch 1-NN,44,33,120.0,240.0,90.0,270.0,0,20,0.0
strong_1nn,Deterministic 6ch 1-NN,44,34,120.0,240.0,90.0,300.0,0,20,0.0
strong_1nn,Deterministic 6ch 1-NN,44,35,120.0,240.0,90.0,330.0,0,20,0.0
strong_1nn,Deterministic 6ch 1-NN,44,36,120.0,240.0,120.0,0.0,0,20,0.0
strong_1nn,Deterministic 6ch 1-NN,44,37,120.0,240.0,120.0,30.0,0,20,0.0
strong_1nn,Deterministic 6ch 1-NN,44,38,120.0,240.0,120.0,60.0,1,20,0.05
strong_1nn,Deterministic 6ch 1-NN,44,39,120.0,240.0,120.0,90.0,0,20,0.0
strong_1nn,Deterministic 6ch 1-NN,44,40,120.0,240.0,120.0,120.0,0,20,0.0
strong_1nn,Deterministic 6ch 1-NN,44,41,120.0,240.0,120.0,150.0,0,20,0.0
strong_1nn,Deterministic 6ch 1-NN,44,42,120.0,240.0,120.0,180.0,0,20,0.0
strong_1nn,Deterministic 6ch 1-NN,44,43,120.0,240.0,120.0,210.0,0,20,0.0
strong_1nn,Deterministic 6ch 1-NN,44,44,120.0,240.0,120.0,240.0,15,20,0.75
strong_1nn,Deterministic 6ch 1-NN,44,45,120.0,240.0,120.0,270.0,0,20,0.0
strong_1nn,Deterministic 6ch 1-NN,44,46,120.0,240.0,120.0,300.0,0,20,0.0
strong_1nn,Deterministic 6ch 1-NN,44,47,120.0,240.0,120.0,330.0,0,20,0.0
strong_1nn,Deterministic 6ch 1-NN,44,48,120.0,240.0,150.0,0.0,0,20,0.0
strong_1nn,Deterministic 6ch 1-NN,44,49,120.0,240.0,150.0,30.0,0,20,0.0
strong_1nn,Deterministic 6ch 1-NN,44,50,120.0,240.0,150.0,60.0,0,20,0.0
strong_1nn,Deterministic 6ch 1-NN,44,51,120.0,240.0,150.0,90.0,0,20,0.0
strong_1nn,Deterministic 6ch 1-NN,44,52,120.0,240.0,150.0,120.0,0,20,0.0
strong_1nn,Deterministic 6ch 1-NN,44,53,120.0,240.0,150.0,150.0,0,20,0.0
strong_1nn,Deterministic 6ch 1-NN,44,54,120.0,240.0,150.0,180.0,0,20,0.0
strong_1nn,Deterministic 6ch 1-NN,44,55,120.0,240.0,150.0,210.0,0,20,0.0
strong_1nn,Deterministic 6ch 1-NN,44,56,120.0,240.0,150.0,240.0,0,20,0.0
strong_1nn,Deterministic 6ch 1-NN,44,57,120.0,240.0,150.0,270.0,0,20,0.0
strong_1nn,Deterministic 6ch 1-NN,44,58,120.0,240.0,150.0,300.0,0,20,0.0
strong_1nn,Deterministic 6ch 1-NN,44,59,120.0,240.0,150.0,330.0,0,20,0.0
strong_1nn,Deterministic 6ch 1-NN,45,0,120.0,270.0,30.0,0.0,0,20,0.0
strong_1nn,Deterministic 6ch 1-NN,45,1,120.0,270.0,30.0,30.0,0,20,0.0
strong_1nn,Deterministic 6ch 1-NN,45,2,120.0,270.0,30.0,60.0,0,20,0.0
strong_1nn,Deterministic 6ch 1-NN,45,3,120.0,270.0,30.0,90.0,0,20,0.0
strong_1nn,Deterministic 6ch 1-NN,45,4,120.0,270.0,30.0,120.0,0,20,0.0
strong_1nn,Deterministic 6ch 1-NN,45,5,120.0,270.0,30.0,150.0,0,20,0.0
strong_1nn,Deterministic 6ch 1-NN,45,6,120.0,270.0,30.0,180.0,0,20,0.0
strong_1nn,Deterministic 6ch 1-NN,45,7,120.0,270.0,30.0,210.0,0,20,0.0
strong_1nn,Deterministic 6ch 1-NN,45,8,120.0,270.0,30.0,240.0,0,20,0.0
strong_1nn,Deterministic 6ch 1-NN,45,9,120.0,270.0,30.0,270.0,0,20,0.0
strong_1nn,Deterministic 6ch 1-NN,45,10,120.0,270.0,30.0,300.0,0,20,0.0
strong_1nn,Deterministic 6ch 1-NN,45,11,120.0,270.0,30.0,330.0,0,20,0.0
strong_1nn,Deterministic 6ch 1-NN,45,12,120.0,270.0,60.0,0.0,0,20,0.0
strong_1nn,Deterministic 6ch 1-NN,45,13,120.0,270.0,60.0,30.0,0,20,0.0
strong_1nn,Deterministic 6ch 1-NN,45,14,120.0,270.0,60.0,60.0,0,20,0.0
strong_1nn,Deterministic 6ch 1-NN,45,15,120.0,270.0,60.0,90.0,0,20,0.0
strong_1nn,Deterministic 6ch 1-NN,45,16,120.0,270.0,60.0,120.0,0,20,0.0
strong_1nn,Deterministic 6ch 1-NN,45,17,120.0,270.0,60.0,150.0,0,20,0.0
strong_1nn,Deterministic 6ch 1-NN,45,18,120.0,270.0,60.0,180.0,0,20,0.0
strong_1nn,Deterministic 6ch 1-NN,45,19,120.0,270.0,60.0,210.0,0,20,0.0
strong_1nn,Deterministic 6ch 1-NN,45,20,120.0,270.0,60.0,240.0,0,20,0.0
strong_1nn,Deterministic 6ch 1-NN,45,21,120.0,270.0,60.0,270.0,0,20,0.0
strong_1nn,Deterministic 6ch 1-NN,45,22,120.0,270.0,60.0,300.0,0,20,0.0
strong_1nn,Deterministic 6ch 1-NN,45,23,120.0,270.0,60.0,330.0,0,20,0.0
strong_1nn,Deterministic 6ch 1-NN,45,24,120.0,270.0,90.0,0.0,0,20,0.0
strong_1nn,Deterministic 6ch 1-NN,45,25,120.0,270.0,90.0,30.0,0,20,0.0
strong_1nn,Deterministic 6ch 1-NN,45,26,120.0,270.0,90.0,60.0,0,20,0.0
strong_1nn,Deterministic 6ch 1-NN,45,27,120.0,270.0,90.0,90.0,0,20,0.0
strong_1nn,Deterministic 6ch 1-NN,45,28,120.0,270.0,90.0,120.0,0,20,0.0
strong_1nn,Deterministic 6ch 1-NN,45,29,120.0,270.0,90.0,150.0,0,20,0.0
strong_1nn,Deterministic 6ch 1-NN,45,30,120.0,270.0,90.0,180.0,0,20,0.0
strong_1nn,Deterministic 6ch 1-NN,45,31,120.0,270.0,90.0,210.0,1,20,0.05
strong_1nn,Deterministic 6ch 1-NN,45,32,120.0,270.0,90.0,240.0,0,20,0.0
strong_1nn,Deterministic 6ch 1-NN,45,33,120.0,270.0,90.0,270.0,0,20,0.0
strong_1nn,Deterministic 6ch 1-NN,45,34,120.0,270.0,90.0,300.0,2,20,0.1
strong_1nn,Deterministic 6ch 1-NN,45,35,120.0,270.0,90.0,330.0,0,20,0.0
strong_1nn,Deterministic 6ch 1-NN,45,36,120.0,270.0,120.0,0.0,0,20,0.0
strong_1nn,Deterministic 6ch 1-NN,45,37,120.0,270.0,120.0,30.0,0,20,0.0
strong_1nn,Deterministic 6ch 1-NN,45,38,120.0,270.0,120.0,60.0,0,20,0.0
strong_1nn,Deterministic 6ch 1-NN,45,39,120.0,270.0,120.0,90.0,1,20,0.05
strong_1nn,Deterministic 6ch 1-NN,45,40,120.0,270.0,120.0,120.0,0,20,0.0
strong_1nn,Deterministic 6ch 1-NN,45,41,120.0,270.0,120.0,150.0,0,20,0.0
strong_1nn,Deterministic 6ch 1-NN,45,42,120.0,270.0,120.0,180.0,0,20,0.0
strong_1nn,Deterministic 6ch 1-NN,45,43,120.0,270.0,120.0,210.0,0,20,0.0
strong_1nn,Deterministic 6ch 1-NN,45,44,120.0,270.0,120.0,240.0,0,20,0.0
strong_1nn,Deterministic 6ch 1-NN,45,45,120.0,270.0,120.0,270.0,16,20,0.8
strong_1nn,Deterministic 6ch 1-NN,45,46,120.0,270.0,120.0,300.0,0,20,0.0
strong_1nn,Deterministic 6ch 1-NN,45,47,120.0,270.0,120.0,330.0,0,20,0.0
strong_1nn,Deterministic 6ch 1-NN,45,48,120.0,270.0,150.0,0.0,0,20,0.0
strong_1nn,Deterministic 6ch 1-NN,45,49,120.0,270.0,150.0,30.0,0,20,0.0
strong_1nn,Deterministic 6ch 1-NN,45,50,120.0,270.0,150.0,60.0,0,20,0.0
strong_1nn,Deterministic 6ch 1-NN,45,51,120.0,270.0,150.0,90.0,0,20,0.0
strong_1nn,Deterministic 6ch 1-NN,45,52,120.0,270.0,150.0,120.0,0,20,0.0
strong_1nn,Deterministic 6ch 1-NN,45,53,120.0,270.0,150.0,150.0,0,20,0.0
strong_1nn,Deterministic 6ch 1-NN,45,54,120.0,270.0,150.0,180.0,0,20,0.0
strong_1nn,Deterministic 6ch 1-NN,45,55,120.0,270.0,150.0,210.0,0,20,0.0
strong_1nn,Deterministic 6ch 1-NN,45,56,120.0,270.0,150.0,240.0,0,20,0.0
strong_1nn,Deterministic 6ch 1-NN,45,57,120.0,270.0,150.0,270.0,0,20,0.0
strong_1nn,Deterministic 6ch 1-NN,45,58,120.0,270.0,150.0,300.0,0,20,0.0
strong_1nn,Deterministic 6ch 1-NN,45,59,120.0,270.0,150.0,330.0,0,20,0.0
strong_1nn,Deterministic 6ch 1-NN,46,0,120.0,300.0,30.0,0.0,0,20,0.0
strong_1nn,Deterministic 6ch 1-NN,46,1,120.0,300.0,30.0,30.0,0,20,0.0
strong_1nn,Deterministic 6ch 1-NN,46,2,120.0,300.0,30.0,60.0,0,20,0.0
strong_1nn,Deterministic 6ch 1-NN,46,3,120.0,300.0,30.0,90.0,0,20,0.0
strong_1nn,Deterministic 6ch 1-NN,46,4,120.0,300.0,30.0,120.0,0,20,0.0
strong_1nn,Deterministic 6ch 1-NN,46,5,120.0,300.0,30.0,150.0,0,20,0.0
strong_1nn,Deterministic 6ch 1-NN,46,6,120.0,300.0,30.0,180.0,0,20,0.0
strong_1nn,Deterministic 6ch 1-NN,46,7,120.0,300.0,30.0,210.0,0,20,0.0
strong_1nn,Deterministic 6ch 1-NN,46,8,120.0,300.0,30.0,240.0,0,20,0.0
strong_1nn,Deterministic 6ch 1-NN,46,9,120.0,300.0,30.0,270.0,0,20,0.0
strong_1nn,Deterministic 6ch 1-NN,46,10,120.0,300.0,30.0,300.0,0,20,0.0
strong_1nn,Deterministic 6ch 1-NN,46,11,120.0,300.0,30.0,330.0,0,20,0.0
strong_1nn,Deterministic 6ch 1-NN,46,12,120.0,300.0,60.0,0.0,0,20,0.0
strong_1nn,Deterministic 6ch 1-NN,46,13,120.0,300.0,60.0,30.0,0,20,0.0
strong_1nn,Deterministic 6ch 1-NN,46,14,120.0,300.0,60.0,60.0,2,20,0.1
strong_1nn,Deterministic 6ch 1-NN,46,15,120.0,300.0,60.0,90.0,0,20,0.0
strong_1nn,Deterministic 6ch 1-NN,46,16,120.0,300.0,60.0,120.0,0,20,0.0
strong_1nn,Deterministic 6ch 1-NN,46,17,120.0,300.0,60.0,150.0,0,20,0.0
strong_1nn,Deterministic 6ch 1-NN,46,18,120.0,300.0,60.0,180.0,0,20,0.0
strong_1nn,Deterministic 6ch 1-NN,46,19,120.0,300.0,60.0,210.0,0,20,0.0
strong_1nn,Deterministic 6ch 1-NN,46,20,120.0,300.0,60.0,240.0,0,20,0.0
strong_1nn,Deterministic 6ch 1-NN,46,21,120.0,300.0,60.0,270.0,0,20,0.0
strong_1nn,Deterministic 6ch 1-NN,46,22,120.0,300.0,60.0,300.0,0,20,0.0
strong_1nn,Deterministic 6ch 1-NN,46,23,120.0,300.0,60.0,330.0,0,20,0.0
strong_1nn,Deterministic 6ch 1-NN,46,24,120.0,300.0,90.0,0.0,0,20,0.0
strong_1nn,Deterministic 6ch 1-NN,46,25,120.0,300.0,90.0,30.0,0,20,0.0
strong_1nn,Deterministic 6ch 1-NN,46,26,120.0,300.0,90.0,60.0,0,20,0.0
strong_1nn,Deterministic 6ch 1-NN,46,27,120.0,300.0,90.0,90.0,0,20,0.0
strong_1nn,Deterministic 6ch 1-NN,46,28,120.0,300.0,90.0,120.0,0,20,0.0
strong_1nn,Deterministic 6ch 1-NN,46,29,120.0,300.0,90.0,150.0,0,20,0.0
strong_1nn,Deterministic 6ch 1-NN,46,30,120.0,300.0,90.0,180.0,0,20,0.0
strong_1nn,Deterministic 6ch 1-NN,46,31,120.0,300.0,90.0,210.0,0,20,0.0
strong_1nn,Deterministic 6ch 1-NN,46,32,120.0,300.0,90.0,240.0,0,20,0.0
strong_1nn,Deterministic 6ch 1-NN,46,33,120.0,300.0,90.0,270.0,0,20,0.0
strong_1nn,Deterministic 6ch 1-NN,46,34,120.0,300.0,90.0,300.0,0,20,0.0
strong_1nn,Deterministic 6ch 1-NN,46,35,120.0,300.0,90.0,330.0,0,20,0.0
strong_1nn,Deterministic 6ch 1-NN,46,36,120.0,300.0,120.0,0.0,0,20,0.0
strong_1nn,Deterministic 6ch 1-NN,46,37,120.0,300.0,120.0,30.0,0,20,0.0
strong_1nn,Deterministic 6ch 1-NN,46,38,120.0,300.0,120.0,60.0,0,20,0.0
strong_1nn,Deterministic 6ch 1-NN,46,39,120.0,300.0,120.0,90.0,0,20,0.0
strong_1nn,Deterministic 6ch 1-NN,46,40,120.0,300.0,120.0,120.0,1,20,0.05
strong_1nn,Deterministic 6ch 1-NN,46,41,120.0,300.0,120.0,150.0,0,20,0.0
strong_1nn,Deterministic 6ch 1-NN,46,42,120.0,300.0,120.0,180.0,0,20,0.0
strong_1nn,Deterministic 6ch 1-NN,46,43,120.0,300.0,120.0,210.0,0,20,0.0
strong_1nn,Deterministic 6ch 1-NN,46,44,120.0,300.0,120.0,240.0,0,20,0.0
strong_1nn,Deterministic 6ch 1-NN,46,45,120.0,300.0,120.0,270.0,0,20,0.0
strong_1nn,Deterministic 6ch 1-NN,46,46,120.0,300.0,120.0,300.0,17,20,0.85
strong_1nn,Deterministic 6ch 1-NN,46,47,120.0,300.0,120.0,330.0,0,20,0.0
strong_1nn,Deterministic 6ch 1-NN,46,48,120.0,300.0,150.0,0.0,0,20,0.0
strong_1nn,Deterministic 6ch 1-NN,46,49,120.0,300.0,150.0,30.0,0,20,0.0
strong_1nn,Deterministic 6ch 1-NN,46,50,120.0,300.0,150.0,60.0,0,20,0.0
strong_1nn,Deterministic 6ch 1-NN,46,51,120.0,300.0,150.0,90.0,0,20,0.0
strong_1nn,Deterministic 6ch 1-NN,46,52,120.0,300.0,150.0,120.0,0,20,0.0
strong_1nn,Deterministic 6ch 1-NN,46,53,120.0,300.0,150.0,150.0,0,20,0.0
strong_1nn,Deterministic 6ch 1-NN,46,54,120.0,300.0,150.0,180.0,0,20,0.0
strong_1nn,Deterministic 6ch 1-NN,46,55,120.0,300.0,150.0,210.0,0,20,0.0
strong_1nn,Deterministic 6ch 1-NN,46,56,120.0,300.0,150.0,240.0,0,20,0.0
strong_1nn,Deterministic 6ch 1-NN,46,57,120.0,300.0,150.0,270.0,0,20,0.0
strong_1nn,Deterministic 6ch 1-NN,46,58,120.0,300.0,150.0,300.0,0,20,0.0
strong_1nn,Deterministic 6ch 1-NN,46,59,120.0,300.0,150.0,330.0,0,20,0.0
strong_1nn,Deterministic 6ch 1-NN,47,0,120.0,330.0,30.0,0.0,0,20,0.0
strong_1nn,Deterministic 6ch 1-NN,47,1,120.0,330.0,30.0,30.0,0,20,0.0
strong_1nn,Deterministic 6ch 1-NN,47,2,120.0,330.0,30.0,60.0,0,20,0.0
strong_1nn,Deterministic 6ch 1-NN,47,3,120.0,330.0,30.0,90.0,0,20,0.0
strong_1nn,Deterministic 6ch 1-NN,47,4,120.0,330.0,30.0,120.0,0,20,0.0
strong_1nn,Deterministic 6ch 1-NN,47,5,120.0,330.0,30.0,150.0,0,20,0.0
strong_1nn,Deterministic 6ch 1-NN,47,6,120.0,330.0,30.0,180.0,0,20,0.0
strong_1nn,Deterministic 6ch 1-NN,47,7,120.0,330.0,30.0,210.0,0,20,0.0
strong_1nn,Deterministic 6ch 1-NN,47,8,120.0,330.0,30.0,240.0,0,20,0.0
strong_1nn,Deterministic 6ch 1-NN,47,9,120.0,330.0,30.0,270.0,0,20,0.0
strong_1nn,Deterministic 6ch 1-NN,47,10,120.0,330.0,30.0,300.0,0,20,0.0
strong_1nn,Deterministic 6ch 1-NN,47,11,120.0,330.0,30.0,330.0,0,20,0.0
strong_1nn,Deterministic 6ch 1-NN,47,12,120.0,330.0,60.0,0.0,0,20,0.0
strong_1nn,Deterministic 6ch 1-NN,47,13,120.0,330.0,60.0,30.0,1,20,0.05
strong_1nn,Deterministic 6ch 1-NN,47,14,120.0,330.0,60.0,60.0,0,20,0.0
strong_1nn,Deterministic 6ch 1-NN,47,15,120.0,330.0,60.0,90.0,0,20,0.0
strong_1nn,Deterministic 6ch 1-NN,47,16,120.0,330.0,60.0,120.0,0,20,0.0
strong_1nn,Deterministic 6ch 1-NN,47,17,120.0,330.0,60.0,150.0,0,20,0.0
strong_1nn,Deterministic 6ch 1-NN,47,18,120.0,330.0,60.0,180.0,0,20,0.0
strong_1nn,Deterministic 6ch 1-NN,47,19,120.0,330.0,60.0,210.0,0,20,0.0
strong_1nn,Deterministic 6ch 1-NN,47,20,120.0,330.0,60.0,240.0,0,20,0.0
strong_1nn,Deterministic 6ch 1-NN,47,21,120.0,330.0,60.0,270.0,0,20,0.0
strong_1nn,Deterministic 6ch 1-NN,47,22,120.0,330.0,60.0,300.0,0,20,0.0
strong_1nn,Deterministic 6ch 1-NN,47,23,120.0,330.0,60.0,330.0,0,20,0.0
strong_1nn,Deterministic 6ch 1-NN,47,24,120.0,330.0,90.0,0.0,0,20,0.0
strong_1nn,Deterministic 6ch 1-NN,47,25,120.0,330.0,90.0,30.0,0,20,0.0
strong_1nn,Deterministic 6ch 1-NN,47,26,120.0,330.0,90.0,60.0,0,20,0.0
strong_1nn,Deterministic 6ch 1-NN,47,27,120.0,330.0,90.0,90.0,0,20,0.0
strong_1nn,Deterministic 6ch 1-NN,47,28,120.0,330.0,90.0,120.0,0,20,0.0
strong_1nn,Deterministic 6ch 1-NN,47,29,120.0,330.0,90.0,150.0,0,20,0.0
strong_1nn,Deterministic 6ch 1-NN,47,30,120.0,330.0,90.0,180.0,0,20,0.0
strong_1nn,Deterministic 6ch 1-NN,47,31,120.0,330.0,90.0,210.0,0,20,0.0
strong_1nn,Deterministic 6ch 1-NN,47,32,120.0,330.0,90.0,240.0,0,20,0.0
strong_1nn,Deterministic 6ch 1-NN,47,33,120.0,330.0,90.0,270.0,0,20,0.0
strong_1nn,Deterministic 6ch 1-NN,47,34,120.0,330.0,90.0,300.0,0,20,0.0
strong_1nn,Deterministic 6ch 1-NN,47,35,120.0,330.0,90.0,330.0,0,20,0.0
strong_1nn,Deterministic 6ch 1-NN,47,36,120.0,330.0,120.0,0.0,0,20,0.0
strong_1nn,Deterministic 6ch 1-NN,47,37,120.0,330.0,120.0,30.0,0,20,0.0
strong_1nn,Deterministic 6ch 1-NN,47,38,120.0,330.0,120.0,60.0,0,20,0.0
strong_1nn,Deterministic 6ch 1-NN,47,39,120.0,330.0,120.0,90.0,0,20,0.0
strong_1nn,Deterministic 6ch 1-NN,47,40,120.0,330.0,120.0,120.0,0,20,0.0
strong_1nn,Deterministic 6ch 1-NN,47,41,120.0,330.0,120.0,150.0,0,20,0.0
strong_1nn,Deterministic 6ch 1-NN,47,42,120.0,330.0,120.0,180.0,0,20,0.0
strong_1nn,Deterministic 6ch 1-NN,47,43,120.0,330.0,120.0,210.0,0,20,0.0
strong_1nn,Deterministic 6ch 1-NN,47,44,120.0,330.0,120.0,240.0,0,20,0.0
strong_1nn,Deterministic 6ch 1-NN,47,45,120.0,330.0,120.0,270.0,0,20,0.0
strong_1nn,Deterministic 6ch 1-NN,47,46,120.0,330.0,120.0,300.0,0,20,0.0
strong_1nn,Deterministic 6ch 1-NN,47,47,120.0,330.0,120.0,330.0,19,20,0.95
strong_1nn,Deterministic 6ch 1-NN,47,48,120.0,330.0,150.0,0.0,0,20,0.0
strong_1nn,Deterministic 6ch 1-NN,47,49,120.0,330.0,150.0,30.0,0,20,0.0
strong_1nn,Deterministic 6ch 1-NN,47,50,120.0,330.0,150.0,60.0,0,20,0.0
strong_1nn,Deterministic 6ch 1-NN,47,51,120.0,330.0,150.0,90.0,0,20,0.0
strong_1nn,Deterministic 6ch 1-NN,47,52,120.0,330.0,150.0,120.0,0,20,0.0
strong_1nn,Deterministic 6ch 1-NN,47,53,120.0,330.0,150.0,150.0,0,20,0.0
strong_1nn,Deterministic 6ch 1-NN,47,54,120.0,330.0,150.0,180.0,0,20,0.0
strong_1nn,Deterministic 6ch 1-NN,47,55,120.0,330.0,150.0,210.0,0,20,0.0
strong_1nn,Deterministic 6ch 1-NN,47,56,120.0,330.0,150.0,240.0,0,20,0.0
strong_1nn,Deterministic 6ch 1-NN,47,57,120.0,330.0,150.0,270.0,0,20,0.0
strong_1nn,Deterministic 6ch 1-NN,47,58,120.0,330.0,150.0,300.0,0,20,0.0
strong_1nn,Deterministic 6ch 1-NN,47,59,120.0,330.0,150.0,330.0,0,20,0.0
strong_1nn,Deterministic 6ch 1-NN,48,0,150.0,0.0,30.0,0.0,0,20,0.0
strong_1nn,Deterministic 6ch 1-NN,48,1,150.0,0.0,30.0,30.0,0,20,0.0
strong_1nn,Deterministic 6ch 1-NN,48,2,150.0,0.0,30.0,60.0,0,20,0.0
strong_1nn,Deterministic 6ch 1-NN,48,3,150.0,0.0,30.0,90.0,0,20,0.0
strong_1nn,Deterministic 6ch 1-NN,48,4,150.0,0.0,30.0,120.0,0,20,0.0
strong_1nn,Deterministic 6ch 1-NN,48,5,150.0,0.0,30.0,150.0,0,20,0.0
strong_1nn,Deterministic 6ch 1-NN,48,6,150.0,0.0,30.0,180.0,0,20,0.0
strong_1nn,Deterministic 6ch 1-NN,48,7,150.0,0.0,30.0,210.0,0,20,0.0
strong_1nn,Deterministic 6ch 1-NN,48,8,150.0,0.0,30.0,240.0,0,20,0.0
strong_1nn,Deterministic 6ch 1-NN,48,9,150.0,0.0,30.0,270.0,0,20,0.0
strong_1nn,Deterministic 6ch 1-NN,48,10,150.0,0.0,30.0,300.0,0,20,0.0
strong_1nn,Deterministic 6ch 1-NN,48,11,150.0,0.0,30.0,330.0,0,20,0.0
strong_1nn,Deterministic 6ch 1-NN,48,12,150.0,0.0,60.0,0.0,1,20,0.05
strong_1nn,Deterministic 6ch 1-NN,48,13,150.0,0.0,60.0,30.0,0,20,0.0
strong_1nn,Deterministic 6ch 1-NN,48,14,150.0,0.0,60.0,60.0,0,20,0.0
strong_1nn,Deterministic 6ch 1-NN,48,15,150.0,0.0,60.0,90.0,0,20,0.0
strong_1nn,Deterministic 6ch 1-NN,48,16,150.0,0.0,60.0,120.0,0,20,0.0
strong_1nn,Deterministic 6ch 1-NN,48,17,150.0,0.0,60.0,150.0,0,20,0.0
strong_1nn,Deterministic 6ch 1-NN,48,18,150.0,0.0,60.0,180.0,0,20,0.0
strong_1nn,Deterministic 6ch 1-NN,48,19,150.0,0.0,60.0,210.0,0,20,0.0
strong_1nn,Deterministic 6ch 1-NN,48,20,150.0,0.0,60.0,240.0,0,20,0.0
strong_1nn,Deterministic 6ch 1-NN,48,21,150.0,0.0,60.0,270.0,0,20,0.0
strong_1nn,Deterministic 6ch 1-NN,48,22,150.0,0.0,60.0,300.0,0,20,0.0
strong_1nn,Deterministic 6ch 1-NN,48,23,150.0,0.0,60.0,330.0,0,20,0.0
strong_1nn,Deterministic 6ch 1-NN,48,24,150.0,0.0,90.0,0.0,0,20,0.0
strong_1nn,Deterministic 6ch 1-NN,48,25,150.0,0.0,90.0,30.0,0,20,0.0
strong_1nn,Deterministic 6ch 1-NN,48,26,150.0,0.0,90.0,60.0,0,20,0.0
strong_1nn,Deterministic 6ch 1-NN,48,27,150.0,0.0,90.0,90.0,0,20,0.0
strong_1nn,Deterministic 6ch 1-NN,48,28,150.0,0.0,90.0,120.0,0,20,0.0
strong_1nn,Deterministic 6ch 1-NN,48,29,150.0,0.0,90.0,150.0,0,20,0.0
strong_1nn,Deterministic 6ch 1-NN,48,30,150.0,0.0,90.0,180.0,0,20,0.0
strong_1nn,Deterministic 6ch 1-NN,48,31,150.0,0.0,90.0,210.0,0,20,0.0
strong_1nn,Deterministic 6ch 1-NN,48,32,150.0,0.0,90.0,240.0,0,20,0.0
strong_1nn,Deterministic 6ch 1-NN,48,33,150.0,0.0,90.0,270.0,0,20,0.0
strong_1nn,Deterministic 6ch 1-NN,48,34,150.0,0.0,90.0,300.0,0,20,0.0
strong_1nn,Deterministic 6ch 1-NN,48,35,150.0,0.0,90.0,330.0,0,20,0.0
strong_1nn,Deterministic 6ch 1-NN,48,36,150.0,0.0,120.0,0.0,1,20,0.05
strong_1nn,Deterministic 6ch 1-NN,48,37,150.0,0.0,120.0,30.0,0,20,0.0
strong_1nn,Deterministic 6ch 1-NN,48,38,150.0,0.0,120.0,60.0,0,20,0.0
strong_1nn,Deterministic 6ch 1-NN,48,39,150.0,0.0,120.0,90.0,0,20,0.0
strong_1nn,Deterministic 6ch 1-NN,48,40,150.0,0.0,120.0,120.0,0,20,0.0
strong_1nn,Deterministic 6ch 1-NN,48,41,150.0,0.0,120.0,150.0,0,20,0.0
strong_1nn,Deterministic 6ch 1-NN,48,42,150.0,0.0,120.0,180.0,0,20,0.0
strong_1nn,Deterministic 6ch 1-NN,48,43,150.0,0.0,120.0,210.0,0,20,0.0
strong_1nn,Deterministic 6ch 1-NN,48,44,150.0,0.0,120.0,240.0,0,20,0.0
strong_1nn,Deterministic 6ch 1-NN,48,45,150.0,0.0,120.0,270.0,0,20,0.0
strong_1nn,Deterministic 6ch 1-NN,48,46,150.0,0.0,120.0,300.0,0,20,0.0
strong_1nn,Deterministic 6ch 1-NN,48,47,150.0,0.0,120.0,330.0,0,20,0.0
strong_1nn,Deterministic 6ch 1-NN,48,48,150.0,0.0,150.0,0.0,15,20,0.75
strong_1nn,Deterministic 6ch 1-NN,48,49,150.0,0.0,150.0,30.0,1,20,0.05
strong_1nn,Deterministic 6ch 1-NN,48,50,150.0,0.0,150.0,60.0,0,20,0.0
strong_1nn,Deterministic 6ch 1-NN,48,51,150.0,0.0,150.0,90.0,0,20,0.0
strong_1nn,Deterministic 6ch 1-NN,48,52,150.0,0.0,150.0,120.0,0,20,0.0
strong_1nn,Deterministic 6ch 1-NN,48,53,150.0,0.0,150.0,150.0,0,20,0.0
strong_1nn,Deterministic 6ch 1-NN,48,54,150.0,0.0,150.0,180.0,2,20,0.1
strong_1nn,Deterministic 6ch 1-NN,48,55,150.0,0.0,150.0,210.0,0,20,0.0
strong_1nn,Deterministic 6ch 1-NN,48,56,150.0,0.0,150.0,240.0,0,20,0.0
strong_1nn,Deterministic 6ch 1-NN,48,57,150.0,0.0,150.0,270.0,0,20,0.0
strong_1nn,Deterministic 6ch 1-NN,48,58,150.0,0.0,150.0,300.0,0,20,0.0
strong_1nn,Deterministic 6ch 1-NN,48,59,150.0,0.0,150.0,330.0,0,20,0.0
strong_1nn,Deterministic 6ch 1-NN,49,0,150.0,30.0,30.0,0.0,0,20,0.0
strong_1nn,Deterministic 6ch 1-NN,49,1,150.0,30.0,30.0,30.0,0,20,0.0
strong_1nn,Deterministic 6ch 1-NN,49,2,150.0,30.0,30.0,60.0,0,20,0.0
strong_1nn,Deterministic 6ch 1-NN,49,3,150.0,30.0,30.0,90.0,0,20,0.0
strong_1nn,Deterministic 6ch 1-NN,49,4,150.0,30.0,30.0,120.0,0,20,0.0
strong_1nn,Deterministic 6ch 1-NN,49,5,150.0,30.0,30.0,150.0,1,20,0.05
strong_1nn,Deterministic 6ch 1-NN,49,6,150.0,30.0,30.0,180.0,0,20,0.0
strong_1nn,Deterministic 6ch 1-NN,49,7,150.0,30.0,30.0,210.0,0,20,0.0
strong_1nn,Deterministic 6ch 1-NN,49,8,150.0,30.0,30.0,240.0,0,20,0.0
strong_1nn,Deterministic 6ch 1-NN,49,9,150.0,30.0,30.0,270.0,0,20,0.0
strong_1nn,Deterministic 6ch 1-NN,49,10,150.0,30.0,30.0,300.0,0,20,0.0
strong_1nn,Deterministic 6ch 1-NN,49,11,150.0,30.0,30.0,330.0,0,20,0.0
strong_1nn,Deterministic 6ch 1-NN,49,12,150.0,30.0,60.0,0.0,0,20,0.0
strong_1nn,Deterministic 6ch 1-NN,49,13,150.0,30.0,60.0,30.0,0,20,0.0
strong_1nn,Deterministic 6ch 1-NN,49,14,150.0,30.0,60.0,60.0,0,20,0.0
strong_1nn,Deterministic 6ch 1-NN,49,15,150.0,30.0,60.0,90.0,0,20,0.0
strong_1nn,Deterministic 6ch 1-NN,49,16,150.0,30.0,60.0,120.0,0,20,0.0
strong_1nn,Deterministic 6ch 1-NN,49,17,150.0,30.0,60.0,150.0,0,20,0.0
strong_1nn,Deterministic 6ch 1-NN,49,18,150.0,30.0,60.0,180.0,0,20,0.0
strong_1nn,Deterministic 6ch 1-NN,49,19,150.0,30.0,60.0,210.0,0,20,0.0
strong_1nn,Deterministic 6ch 1-NN,49,20,150.0,30.0,60.0,240.0,0,20,0.0
strong_1nn,Deterministic 6ch 1-NN,49,21,150.0,30.0,60.0,270.0,0,20,0.0
strong_1nn,Deterministic 6ch 1-NN,49,22,150.0,30.0,60.0,300.0,0,20,0.0
strong_1nn,Deterministic 6ch 1-NN,49,23,150.0,30.0,60.0,330.0,0,20,0.0
strong_1nn,Deterministic 6ch 1-NN,49,24,150.0,30.0,90.0,0.0,0,20,0.0
strong_1nn,Deterministic 6ch 1-NN,49,25,150.0,30.0,90.0,30.0,0,20,0.0
strong_1nn,Deterministic 6ch 1-NN,49,26,150.0,30.0,90.0,60.0,0,20,0.0
strong_1nn,Deterministic 6ch 1-NN,49,27,150.0,30.0,90.0,90.0,0,20,0.0
strong_1nn,Deterministic 6ch 1-NN,49,28,150.0,30.0,90.0,120.0,0,20,0.0
strong_1nn,Deterministic 6ch 1-NN,49,29,150.0,30.0,90.0,150.0,0,20,0.0
strong_1nn,Deterministic 6ch 1-NN,49,30,150.0,30.0,90.0,180.0,0,20,0.0
strong_1nn,Deterministic 6ch 1-NN,49,31,150.0,30.0,90.0,210.0,0,20,0.0
strong_1nn,Deterministic 6ch 1-NN,49,32,150.0,30.0,90.0,240.0,0,20,0.0
strong_1nn,Deterministic 6ch 1-NN,49,33,150.0,30.0,90.0,270.0,0,20,0.0
strong_1nn,Deterministic 6ch 1-NN,49,34,150.0,30.0,90.0,300.0,0,20,0.0
strong_1nn,Deterministic 6ch 1-NN,49,35,150.0,30.0,90.0,330.0,0,20,0.0
strong_1nn,Deterministic 6ch 1-NN,49,36,150.0,30.0,120.0,0.0,0,20,0.0
strong_1nn,Deterministic 6ch 1-NN,49,37,150.0,30.0,120.0,30.0,0,20,0.0
strong_1nn,Deterministic 6ch 1-NN,49,38,150.0,30.0,120.0,60.0,0,20,0.0
strong_1nn,Deterministic 6ch 1-NN,49,39,150.0,30.0,120.0,90.0,0,20,0.0
strong_1nn,Deterministic 6ch 1-NN,49,40,150.0,30.0,120.0,120.0,0,20,0.0
strong_1nn,Deterministic 6ch 1-NN,49,41,150.0,30.0,120.0,150.0,0,20,0.0
strong_1nn,Deterministic 6ch 1-NN,49,42,150.0,30.0,120.0,180.0,0,20,0.0
strong_1nn,Deterministic 6ch 1-NN,49,43,150.0,30.0,120.0,210.0,0,20,0.0
strong_1nn,Deterministic 6ch 1-NN,49,44,150.0,30.0,120.0,240.0,0,20,0.0
strong_1nn,Deterministic 6ch 1-NN,49,45,150.0,30.0,120.0,270.0,0,20,0.0
strong_1nn,Deterministic 6ch 1-NN,49,46,150.0,30.0,120.0,300.0,0,20,0.0
strong_1nn,Deterministic 6ch 1-NN,49,47,150.0,30.0,120.0,330.0,0,20,0.0
strong_1nn,Deterministic 6ch 1-NN,49,48,150.0,30.0,150.0,0.0,0,20,0.0
strong_1nn,Deterministic 6ch 1-NN,49,49,150.0,30.0,150.0,30.0,17,20,0.85
strong_1nn,Deterministic 6ch 1-NN,49,50,150.0,30.0,150.0,60.0,0,20,0.0
strong_1nn,Deterministic 6ch 1-NN,49,51,150.0,30.0,150.0,90.0,0,20,0.0
strong_1nn,Deterministic 6ch 1-NN,49,52,150.0,30.0,150.0,120.0,0,20,0.0
strong_1nn,Deterministic 6ch 1-NN,49,53,150.0,30.0,150.0,150.0,0,20,0.0
strong_1nn,Deterministic 6ch 1-NN,49,54,150.0,30.0,150.0,180.0,0,20,0.0
strong_1nn,Deterministic 6ch 1-NN,49,55,150.0,30.0,150.0,210.0,2,20,0.1
strong_1nn,Deterministic 6ch 1-NN,49,56,150.0,30.0,150.0,240.0,0,20,0.0
strong_1nn,Deterministic 6ch 1-NN,49,57,150.0,30.0,150.0,270.0,0,20,0.0
strong_1nn,Deterministic 6ch 1-NN,49,58,150.0,30.0,150.0,300.0,0,20,0.0
strong_1nn,Deterministic 6ch 1-NN,49,59,150.0,30.0,150.0,330.0,0,20,0.0
strong_1nn,Deterministic 6ch 1-NN,50,0,150.0,60.0,30.0,0.0,0,20,0.0
strong_1nn,Deterministic 6ch 1-NN,50,1,150.0,60.0,30.0,30.0,0,20,0.0
strong_1nn,Deterministic 6ch 1-NN,50,2,150.0,60.0,30.0,60.0,0,20,0.0
strong_1nn,Deterministic 6ch 1-NN,50,3,150.0,60.0,30.0,90.0,0,20,0.0
strong_1nn,Deterministic 6ch 1-NN,50,4,150.0,60.0,30.0,120.0,0,20,0.0
strong_1nn,Deterministic 6ch 1-NN,50,5,150.0,60.0,30.0,150.0,0,20,0.0
strong_1nn,Deterministic 6ch 1-NN,50,6,150.0,60.0,30.0,180.0,0,20,0.0
strong_1nn,Deterministic 6ch 1-NN,50,7,150.0,60.0,30.0,210.0,0,20,0.0
strong_1nn,Deterministic 6ch 1-NN,50,8,150.0,60.0,30.0,240.0,0,20,0.0
strong_1nn,Deterministic 6ch 1-NN,50,9,150.0,60.0,30.0,270.0,1,20,0.05
strong_1nn,Deterministic 6ch 1-NN,50,10,150.0,60.0,30.0,300.0,3,20,0.15
strong_1nn,Deterministic 6ch 1-NN,50,11,150.0,60.0,30.0,330.0,0,20,0.0
strong_1nn,Deterministic 6ch 1-NN,50,12,150.0,60.0,60.0,0.0,0,20,0.0
strong_1nn,Deterministic 6ch 1-NN,50,13,150.0,60.0,60.0,30.0,0,20,0.0
strong_1nn,Deterministic 6ch 1-NN,50,14,150.0,60.0,60.0,60.0,0,20,0.0
strong_1nn,Deterministic 6ch 1-NN,50,15,150.0,60.0,60.0,90.0,0,20,0.0
strong_1nn,Deterministic 6ch 1-NN,50,16,150.0,60.0,60.0,120.0,0,20,0.0
strong_1nn,Deterministic 6ch 1-NN,50,17,150.0,60.0,60.0,150.0,0,20,0.0
strong_1nn,Deterministic 6ch 1-NN,50,18,150.0,60.0,60.0,180.0,0,20,0.0
strong_1nn,Deterministic 6ch 1-NN,50,19,150.0,60.0,60.0,210.0,0,20,0.0
strong_1nn,Deterministic 6ch 1-NN,50,20,150.0,60.0,60.0,240.0,0,20,0.0
strong_1nn,Deterministic 6ch 1-NN,50,21,150.0,60.0,60.0,270.0,0,20,0.0
strong_1nn,Deterministic 6ch 1-NN,50,22,150.0,60.0,60.0,300.0,0,20,0.0
strong_1nn,Deterministic 6ch 1-NN,50,23,150.0,60.0,60.0,330.0,0,20,0.0
strong_1nn,Deterministic 6ch 1-NN,50,24,150.0,60.0,90.0,0.0,0,20,0.0
strong_1nn,Deterministic 6ch 1-NN,50,25,150.0,60.0,90.0,30.0,0,20,0.0
strong_1nn,Deterministic 6ch 1-NN,50,26,150.0,60.0,90.0,60.0,0,20,0.0
strong_1nn,Deterministic 6ch 1-NN,50,27,150.0,60.0,90.0,90.0,0,20,0.0
strong_1nn,Deterministic 6ch 1-NN,50,28,150.0,60.0,90.0,120.0,0,20,0.0
strong_1nn,Deterministic 6ch 1-NN,50,29,150.0,60.0,90.0,150.0,0,20,0.0
strong_1nn,Deterministic 6ch 1-NN,50,30,150.0,60.0,90.0,180.0,0,20,0.0
strong_1nn,Deterministic 6ch 1-NN,50,31,150.0,60.0,90.0,210.0,0,20,0.0
strong_1nn,Deterministic 6ch 1-NN,50,32,150.0,60.0,90.0,240.0,0,20,0.0
strong_1nn,Deterministic 6ch 1-NN,50,33,150.0,60.0,90.0,270.0,0,20,0.0
strong_1nn,Deterministic 6ch 1-NN,50,34,150.0,60.0,90.0,300.0,0,20,0.0
strong_1nn,Deterministic 6ch 1-NN,50,35,150.0,60.0,90.0,330.0,0,20,0.0
strong_1nn,Deterministic 6ch 1-NN,50,36,150.0,60.0,120.0,0.0,0,20,0.0
strong_1nn,Deterministic 6ch 1-NN,50,37,150.0,60.0,120.0,30.0,0,20,0.0
strong_1nn,Deterministic 6ch 1-NN,50,38,150.0,60.0,120.0,60.0,0,20,0.0
strong_1nn,Deterministic 6ch 1-NN,50,39,150.0,60.0,120.0,90.0,0,20,0.0
strong_1nn,Deterministic 6ch 1-NN,50,40,150.0,60.0,120.0,120.0,0,20,0.0
strong_1nn,Deterministic 6ch 1-NN,50,41,150.0,60.0,120.0,150.0,0,20,0.0
strong_1nn,Deterministic 6ch 1-NN,50,42,150.0,60.0,120.0,180.0,0,20,0.0
strong_1nn,Deterministic 6ch 1-NN,50,43,150.0,60.0,120.0,210.0,0,20,0.0
strong_1nn,Deterministic 6ch 1-NN,50,44,150.0,60.0,120.0,240.0,0,20,0.0
strong_1nn,Deterministic 6ch 1-NN,50,45,150.0,60.0,120.0,270.0,0,20,0.0
strong_1nn,Deterministic 6ch 1-NN,50,46,150.0,60.0,120.0,300.0,0,20,0.0
strong_1nn,Deterministic 6ch 1-NN,50,47,150.0,60.0,120.0,330.0,0,20,0.0
strong_1nn,Deterministic 6ch 1-NN,50,48,150.0,60.0,150.0,0.0,0,20,0.0
strong_1nn,Deterministic 6ch 1-NN,50,49,150.0,60.0,150.0,30.0,0,20,0.0
strong_1nn,Deterministic 6ch 1-NN,50,50,150.0,60.0,150.0,60.0,15,20,0.75
strong_1nn,Deterministic 6ch 1-NN,50,51,150.0,60.0,150.0,90.0,0,20,0.0
strong_1nn,Deterministic 6ch 1-NN,50,52,150.0,60.0,150.0,120.0,0,20,0.0
strong_1nn,Deterministic 6ch 1-NN,50,53,150.0,60.0,150.0,150.0,0,20,0.0
strong_1nn,Deterministic 6ch 1-NN,50,54,150.0,60.0,150.0,180.0,0,20,0.0
strong_1nn,Deterministic 6ch 1-NN,50,55,150.0,60.0,150.0,210.0,0,20,0.0
strong_1nn,Deterministic 6ch 1-NN,50,56,150.0,60.0,150.0,240.0,1,20,0.05
strong_1nn,Deterministic 6ch 1-NN,50,57,150.0,60.0,150.0,270.0,0,20,0.0
strong_1nn,Deterministic 6ch 1-NN,50,58,150.0,60.0,150.0,300.0,0,20,0.0
strong_1nn,Deterministic 6ch 1-NN,50,59,150.0,60.0,150.0,330.0,0,20,0.0
strong_1nn,Deterministic 6ch 1-NN,51,0,150.0,90.0,30.0,0.0,0,20,0.0
strong_1nn,Deterministic 6ch 1-NN,51,1,150.0,90.0,30.0,30.0,0,20,0.0
strong_1nn,Deterministic 6ch 1-NN,51,2,150.0,90.0,30.0,60.0,0,20,0.0
strong_1nn,Deterministic 6ch 1-NN,51,3,150.0,90.0,30.0,90.0,1,20,0.05
strong_1nn,Deterministic 6ch 1-NN,51,4,150.0,90.0,30.0,120.0,0,20,0.0
strong_1nn,Deterministic 6ch 1-NN,51,5,150.0,90.0,30.0,150.0,0,20,0.0
strong_1nn,Deterministic 6ch 1-NN,51,6,150.0,90.0,30.0,180.0,0,20,0.0
strong_1nn,Deterministic 6ch 1-NN,51,7,150.0,90.0,30.0,210.0,0,20,0.0
strong_1nn,Deterministic 6ch 1-NN,51,8,150.0,90.0,30.0,240.0,0,20,0.0
strong_1nn,Deterministic 6ch 1-NN,51,9,150.0,90.0,30.0,270.0,0,20,0.0
strong_1nn,Deterministic 6ch 1-NN,51,10,150.0,90.0,30.0,300.0,0,20,0.0
strong_1nn,Deterministic 6ch 1-NN,51,11,150.0,90.0,30.0,330.0,0,20,0.0
strong_1nn,Deterministic 6ch 1-NN,51,12,150.0,90.0,60.0,0.0,0,20,0.0
strong_1nn,Deterministic 6ch 1-NN,51,13,150.0,90.0,60.0,30.0,0,20,0.0
strong_1nn,Deterministic 6ch 1-NN,51,14,150.0,90.0,60.0,60.0,0,20,0.0
strong_1nn,Deterministic 6ch 1-NN,51,15,150.0,90.0,60.0,90.0,0,20,0.0
strong_1nn,Deterministic 6ch 1-NN,51,16,150.0,90.0,60.0,120.0,0,20,0.0
strong_1nn,Deterministic 6ch 1-NN,51,17,150.0,90.0,60.0,150.0,0,20,0.0
strong_1nn,Deterministic 6ch 1-NN,51,18,150.0,90.0,60.0,180.0,0,20,0.0
strong_1nn,Deterministic 6ch 1-NN,51,19,150.0,90.0,60.0,210.0,0,20,0.0
strong_1nn,Deterministic 6ch 1-NN,51,20,150.0,90.0,60.0,240.0,0,20,0.0
strong_1nn,Deterministic 6ch 1-NN,51,21,150.0,90.0,60.0,270.0,0,20,0.0
strong_1nn,Deterministic 6ch 1-NN,51,22,150.0,90.0,60.0,300.0,0,20,0.0
strong_1nn,Deterministic 6ch 1-NN,51,23,150.0,90.0,60.0,330.0,0,20,0.0
strong_1nn,Deterministic 6ch 1-NN,51,24,150.0,90.0,90.0,0.0,0,20,0.0
strong_1nn,Deterministic 6ch 1-NN,51,25,150.0,90.0,90.0,30.0,0,20,0.0
strong_1nn,Deterministic 6ch 1-NN,51,26,150.0,90.0,90.0,60.0,1,20,0.05
strong_1nn,Deterministic 6ch 1-NN,51,27,150.0,90.0,90.0,90.0,1,20,0.05
strong_1nn,Deterministic 6ch 1-NN,51,28,150.0,90.0,90.0,120.0,0,20,0.0
strong_1nn,Deterministic 6ch 1-NN,51,29,150.0,90.0,90.0,150.0,0,20,0.0
strong_1nn,Deterministic 6ch 1-NN,51,30,150.0,90.0,90.0,180.0,0,20,0.0
strong_1nn,Deterministic 6ch 1-NN,51,31,150.0,90.0,90.0,210.0,0,20,0.0
strong_1nn,Deterministic 6ch 1-NN,51,32,150.0,90.0,90.0,240.0,0,20,0.0
strong_1nn,Deterministic 6ch 1-NN,51,33,150.0,90.0,90.0,270.0,0,20,0.0
strong_1nn,Deterministic 6ch 1-NN,51,34,150.0,90.0,90.0,300.0,0,20,0.0
strong_1nn,Deterministic 6ch 1-NN,51,35,150.0,90.0,90.0,330.0,0,20,0.0
strong_1nn,Deterministic 6ch 1-NN,51,36,150.0,90.0,120.0,0.0,0,20,0.0
strong_1nn,Deterministic 6ch 1-NN,51,37,150.0,90.0,120.0,30.0,0,20,0.0
strong_1nn,Deterministic 6ch 1-NN,51,38,150.0,90.0,120.0,60.0,0,20,0.0
strong_1nn,Deterministic 6ch 1-NN,51,39,150.0,90.0,120.0,90.0,0,20,0.0
strong_1nn,Deterministic 6ch 1-NN,51,40,150.0,90.0,120.0,120.0,0,20,0.0
strong_1nn,Deterministic 6ch 1-NN,51,41,150.0,90.0,120.0,150.0,0,20,0.0
strong_1nn,Deterministic 6ch 1-NN,51,42,150.0,90.0,120.0,180.0,0,20,0.0
strong_1nn,Deterministic 6ch 1-NN,51,43,150.0,90.0,120.0,210.0,0,20,0.0
strong_1nn,Deterministic 6ch 1-NN,51,44,150.0,90.0,120.0,240.0,0,20,0.0
strong_1nn,Deterministic 6ch 1-NN,51,45,150.0,90.0,120.0,270.0,2,20,0.1
strong_1nn,Deterministic 6ch 1-NN,51,46,150.0,90.0,120.0,300.0,0,20,0.0
strong_1nn,Deterministic 6ch 1-NN,51,47,150.0,90.0,120.0,330.0,0,20,0.0
strong_1nn,Deterministic 6ch 1-NN,51,48,150.0,90.0,150.0,0.0,0,20,0.0
strong_1nn,Deterministic 6ch 1-NN,51,49,150.0,90.0,150.0,30.0,0,20,0.0
strong_1nn,Deterministic 6ch 1-NN,51,50,150.0,90.0,150.0,60.0,0,20,0.0
strong_1nn,Deterministic 6ch 1-NN,51,51,150.0,90.0,150.0,90.0,14,20,0.7
strong_1nn,Deterministic 6ch 1-NN,51,52,150.0,90.0,150.0,120.0,0,20,0.0
strong_1nn,Deterministic 6ch 1-NN,51,53,150.0,90.0,150.0,150.0,0,20,0.0
strong_1nn,Deterministic 6ch 1-NN,51,54,150.0,90.0,150.0,180.0,0,20,0.0
strong_1nn,Deterministic 6ch 1-NN,51,55,150.0,90.0,150.0,210.0,0,20,0.0
strong_1nn,Deterministic 6ch 1-NN,51,56,150.0,90.0,150.0,240.0,0,20,0.0
strong_1nn,Deterministic 6ch 1-NN,51,57,150.0,90.0,150.0,270.0,1,20,0.05
strong_1nn,Deterministic 6ch 1-NN,51,58,150.0,90.0,150.0,300.0,0,20,0.0
strong_1nn,Deterministic 6ch 1-NN,51,59,150.0,90.0,150.0,330.0,0,20,0.0
strong_1nn,Deterministic 6ch 1-NN,52,0,150.0,120.0,30.0,0.0,0,20,0.0
strong_1nn,Deterministic 6ch 1-NN,52,1,150.0,120.0,30.0,30.0,0,20,0.0
strong_1nn,Deterministic 6ch 1-NN,52,2,150.0,120.0,30.0,60.0,1,20,0.05
strong_1nn,Deterministic 6ch 1-NN,52,3,150.0,120.0,30.0,90.0,0,20,0.0
strong_1nn,Deterministic 6ch 1-NN,52,4,150.0,120.0,30.0,120.0,0,20,0.0
strong_1nn,Deterministic 6ch 1-NN,52,5,150.0,120.0,30.0,150.0,0,20,0.0
strong_1nn,Deterministic 6ch 1-NN,52,6,150.0,120.0,30.0,180.0,0,20,0.0
strong_1nn,Deterministic 6ch 1-NN,52,7,150.0,120.0,30.0,210.0,0,20,0.0
strong_1nn,Deterministic 6ch 1-NN,52,8,150.0,120.0,30.0,240.0,1,20,0.05
strong_1nn,Deterministic 6ch 1-NN,52,9,150.0,120.0,30.0,270.0,0,20,0.0
strong_1nn,Deterministic 6ch 1-NN,52,10,150.0,120.0,30.0,300.0,0,20,0.0
strong_1nn,Deterministic 6ch 1-NN,52,11,150.0,120.0,30.0,330.0,0,20,0.0
strong_1nn,Deterministic 6ch 1-NN,52,12,150.0,120.0,60.0,0.0,0,20,0.0
strong_1nn,Deterministic 6ch 1-NN,52,13,150.0,120.0,60.0,30.0,0,20,0.0
strong_1nn,Deterministic 6ch 1-NN,52,14,150.0,120.0,60.0,60.0,0,20,0.0
strong_1nn,Deterministic 6ch 1-NN,52,15,150.0,120.0,60.0,90.0,0,20,0.0
strong_1nn,Deterministic 6ch 1-NN,52,16,150.0,120.0,60.0,120.0,0,20,0.0
strong_1nn,Deterministic 6ch 1-NN,52,17,150.0,120.0,60.0,150.0,0,20,0.0
strong_1nn,Deterministic 6ch 1-NN,52,18,150.0,120.0,60.0,180.0,0,20,0.0
strong_1nn,Deterministic 6ch 1-NN,52,19,150.0,120.0,60.0,210.0,0,20,0.0
strong_1nn,Deterministic 6ch 1-NN,52,20,150.0,120.0,60.0,240.0,0,20,0.0
strong_1nn,Deterministic 6ch 1-NN,52,21,150.0,120.0,60.0,270.0,0,20,0.0
strong_1nn,Deterministic 6ch 1-NN,52,22,150.0,120.0,60.0,300.0,0,20,0.0
strong_1nn,Deterministic 6ch 1-NN,52,23,150.0,120.0,60.0,330.0,0,20,0.0
strong_1nn,Deterministic 6ch 1-NN,52,24,150.0,120.0,90.0,0.0,0,20,0.0
strong_1nn,Deterministic 6ch 1-NN,52,25,150.0,120.0,90.0,30.0,0,20,0.0
strong_1nn,Deterministic 6ch 1-NN,52,26,150.0,120.0,90.0,60.0,0,20,0.0
strong_1nn,Deterministic 6ch 1-NN,52,27,150.0,120.0,90.0,90.0,0,20,0.0
strong_1nn,Deterministic 6ch 1-NN,52,28,150.0,120.0,90.0,120.0,0,20,0.0
strong_1nn,Deterministic 6ch 1-NN,52,29,150.0,120.0,90.0,150.0,0,20,0.0
strong_1nn,Deterministic 6ch 1-NN,52,30,150.0,120.0,90.0,180.0,0,20,0.0
strong_1nn,Deterministic 6ch 1-NN,52,31,150.0,120.0,90.0,210.0,0,20,0.0
strong_1nn,Deterministic 6ch 1-NN,52,32,150.0,120.0,90.0,240.0,0,20,0.0
strong_1nn,Deterministic 6ch 1-NN,52,33,150.0,120.0,90.0,270.0,0,20,0.0
strong_1nn,Deterministic 6ch 1-NN,52,34,150.0,120.0,90.0,300.0,0,20,0.0
strong_1nn,Deterministic 6ch 1-NN,52,35,150.0,120.0,90.0,330.0,0,20,0.0
strong_1nn,Deterministic 6ch 1-NN,52,36,150.0,120.0,120.0,0.0,0,20,0.0
strong_1nn,Deterministic 6ch 1-NN,52,37,150.0,120.0,120.0,30.0,0,20,0.0
strong_1nn,Deterministic 6ch 1-NN,52,38,150.0,120.0,120.0,60.0,0,20,0.0
strong_1nn,Deterministic 6ch 1-NN,52,39,150.0,120.0,120.0,90.0,0,20,0.0
strong_1nn,Deterministic 6ch 1-NN,52,40,150.0,120.0,120.0,120.0,0,20,0.0
strong_1nn,Deterministic 6ch 1-NN,52,41,150.0,120.0,120.0,150.0,0,20,0.0
strong_1nn,Deterministic 6ch 1-NN,52,42,150.0,120.0,120.0,180.0,0,20,0.0
strong_1nn,Deterministic 6ch 1-NN,52,43,150.0,120.0,120.0,210.0,0,20,0.0
strong_1nn,Deterministic 6ch 1-NN,52,44,150.0,120.0,120.0,240.0,0,20,0.0
strong_1nn,Deterministic 6ch 1-NN,52,45,150.0,120.0,120.0,270.0,0,20,0.0
strong_1nn,Deterministic 6ch 1-NN,52,46,150.0,120.0,120.0,300.0,0,20,0.0
strong_1nn,Deterministic 6ch 1-NN,52,47,150.0,120.0,120.0,330.0,0,20,0.0
strong_1nn,Deterministic 6ch 1-NN,52,48,150.0,120.0,150.0,0.0,0,20,0.0
strong_1nn,Deterministic 6ch 1-NN,52,49,150.0,120.0,150.0,30.0,0,20,0.0
strong_1nn,Deterministic 6ch 1-NN,52,50,150.0,120.0,150.0,60.0,0,20,0.0
strong_1nn,Deterministic 6ch 1-NN,52,51,150.0,120.0,150.0,90.0,0,20,0.0
strong_1nn,Deterministic 6ch 1-NN,52,52,150.0,120.0,150.0,120.0,15,20,0.75
strong_1nn,Deterministic 6ch 1-NN,52,53,150.0,120.0,150.0,150.0,0,20,0.0
strong_1nn,Deterministic 6ch 1-NN,52,54,150.0,120.0,150.0,180.0,0,20,0.0
strong_1nn,Deterministic 6ch 1-NN,52,55,150.0,120.0,150.0,210.0,0,20,0.0
strong_1nn,Deterministic 6ch 1-NN,52,56,150.0,120.0,150.0,240.0,0,20,0.0
strong_1nn,Deterministic 6ch 1-NN,52,57,150.0,120.0,150.0,270.0,0,20,0.0
strong_1nn,Deterministic 6ch 1-NN,52,58,150.0,120.0,150.0,300.0,3,20,0.15
strong_1nn,Deterministic 6ch 1-NN,52,59,150.0,120.0,150.0,330.0,0,20,0.0
strong_1nn,Deterministic 6ch 1-NN,53,0,150.0,150.0,30.0,0.0,0,20,0.0
strong_1nn,Deterministic 6ch 1-NN,53,1,150.0,150.0,30.0,30.0,1,20,0.05
strong_1nn,Deterministic 6ch 1-NN,53,2,150.0,150.0,30.0,60.0,0,20,0.0
strong_1nn,Deterministic 6ch 1-NN,53,3,150.0,150.0,30.0,90.0,0,20,0.0
strong_1nn,Deterministic 6ch 1-NN,53,4,150.0,150.0,30.0,120.0,0,20,0.0
strong_1nn,Deterministic 6ch 1-NN,53,5,150.0,150.0,30.0,150.0,0,20,0.0
strong_1nn,Deterministic 6ch 1-NN,53,6,150.0,150.0,30.0,180.0,0,20,0.0
strong_1nn,Deterministic 6ch 1-NN,53,7,150.0,150.0,30.0,210.0,1,20,0.05
strong_1nn,Deterministic 6ch 1-NN,53,8,150.0,150.0,30.0,240.0,0,20,0.0
strong_1nn,Deterministic 6ch 1-NN,53,9,150.0,150.0,30.0,270.0,0,20,0.0
strong_1nn,Deterministic 6ch 1-NN,53,10,150.0,150.0,30.0,300.0,0,20,0.0
strong_1nn,Deterministic 6ch 1-NN,53,11,150.0,150.0,30.0,330.0,0,20,0.0
strong_1nn,Deterministic 6ch 1-NN,53,12,150.0,150.0,60.0,0.0,0,20,0.0
strong_1nn,Deterministic 6ch 1-NN,53,13,150.0,150.0,60.0,30.0,0,20,0.0
strong_1nn,Deterministic 6ch 1-NN,53,14,150.0,150.0,60.0,60.0,0,20,0.0
strong_1nn,Deterministic 6ch 1-NN,53,15,150.0,150.0,60.0,90.0,0,20,0.0
strong_1nn,Deterministic 6ch 1-NN,53,16,150.0,150.0,60.0,120.0,0,20,0.0
strong_1nn,Deterministic 6ch 1-NN,53,17,150.0,150.0,60.0,150.0,0,20,0.0
strong_1nn,Deterministic 6ch 1-NN,53,18,150.0,150.0,60.0,180.0,0,20,0.0
strong_1nn,Deterministic 6ch 1-NN,53,19,150.0,150.0,60.0,210.0,0,20,0.0
strong_1nn,Deterministic 6ch 1-NN,53,20,150.0,150.0,60.0,240.0,0,20,0.0
strong_1nn,Deterministic 6ch 1-NN,53,21,150.0,150.0,60.0,270.0,0,20,0.0
strong_1nn,Deterministic 6ch 1-NN,53,22,150.0,150.0,60.0,300.0,0,20,0.0
strong_1nn,Deterministic 6ch 1-NN,53,23,150.0,150.0,60.0,330.0,0,20,0.0
strong_1nn,Deterministic 6ch 1-NN,53,24,150.0,150.0,90.0,0.0,0,20,0.0
strong_1nn,Deterministic 6ch 1-NN,53,25,150.0,150.0,90.0,30.0,0,20,0.0
strong_1nn,Deterministic 6ch 1-NN,53,26,150.0,150.0,90.0,60.0,0,20,0.0
strong_1nn,Deterministic 6ch 1-NN,53,27,150.0,150.0,90.0,90.0,0,20,0.0
strong_1nn,Deterministic 6ch 1-NN,53,28,150.0,150.0,90.0,120.0,0,20,0.0
strong_1nn,Deterministic 6ch 1-NN,53,29,150.0,150.0,90.0,150.0,0,20,0.0
strong_1nn,Deterministic 6ch 1-NN,53,30,150.0,150.0,90.0,180.0,0,20,0.0
strong_1nn,Deterministic 6ch 1-NN,53,31,150.0,150.0,90.0,210.0,0,20,0.0
strong_1nn,Deterministic 6ch 1-NN,53,32,150.0,150.0,90.0,240.0,0,20,0.0
strong_1nn,Deterministic 6ch 1-NN,53,33,150.0,150.0,90.0,270.0,0,20,0.0
strong_1nn,Deterministic 6ch 1-NN,53,34,150.0,150.0,90.0,300.0,0,20,0.0
strong_1nn,Deterministic 6ch 1-NN,53,35,150.0,150.0,90.0,330.0,0,20,0.0
strong_1nn,Deterministic 6ch 1-NN,53,36,150.0,150.0,120.0,0.0,0,20,0.0
strong_1nn,Deterministic 6ch 1-NN,53,37,150.0,150.0,120.0,30.0,0,20,0.0
strong_1nn,Deterministic 6ch 1-NN,53,38,150.0,150.0,120.0,60.0,0,20,0.0
strong_1nn,Deterministic 6ch 1-NN,53,39,150.0,150.0,120.0,90.0,0,20,0.0
strong_1nn,Deterministic 6ch 1-NN,53,40,150.0,150.0,120.0,120.0,0,20,0.0
strong_1nn,Deterministic 6ch 1-NN,53,41,150.0,150.0,120.0,150.0,0,20,0.0
strong_1nn,Deterministic 6ch 1-NN,53,42,150.0,150.0,120.0,180.0,0,20,0.0
strong_1nn,Deterministic 6ch 1-NN,53,43,150.0,150.0,120.0,210.0,0,20,0.0
strong_1nn,Deterministic 6ch 1-NN,53,44,150.0,150.0,120.0,240.0,0,20,0.0
strong_1nn,Deterministic 6ch 1-NN,53,45,150.0,150.0,120.0,270.0,0,20,0.0
strong_1nn,Deterministic 6ch 1-NN,53,46,150.0,150.0,120.0,300.0,0,20,0.0
strong_1nn,Deterministic 6ch 1-NN,53,47,150.0,150.0,120.0,330.0,0,20,0.0
strong_1nn,Deterministic 6ch 1-NN,53,48,150.0,150.0,150.0,0.0,0,20,0.0
strong_1nn,Deterministic 6ch 1-NN,53,49,150.0,150.0,150.0,30.0,0,20,0.0
strong_1nn,Deterministic 6ch 1-NN,53,50,150.0,150.0,150.0,60.0,0,20,0.0
strong_1nn,Deterministic 6ch 1-NN,53,51,150.0,150.0,150.0,90.0,0,20,0.0
strong_1nn,Deterministic 6ch 1-NN,53,52,150.0,150.0,150.0,120.0,0,20,0.0
strong_1nn,Deterministic 6ch 1-NN,53,53,150.0,150.0,150.0,150.0,17,20,0.85
strong_1nn,Deterministic 6ch 1-NN,53,54,150.0,150.0,150.0,180.0,0,20,0.0
strong_1nn,Deterministic 6ch 1-NN,53,55,150.0,150.0,150.0,210.0,0,20,0.0
strong_1nn,Deterministic 6ch 1-NN,53,56,150.0,150.0,150.0,240.0,0,20,0.0
strong_1nn,Deterministic 6ch 1-NN,53,57,150.0,150.0,150.0,270.0,0,20,0.0
strong_1nn,Deterministic 6ch 1-NN,53,58,150.0,150.0,150.0,300.0,0,20,0.0
strong_1nn,Deterministic 6ch 1-NN,53,59,150.0,150.0,150.0,330.0,1,20,0.05
strong_1nn,Deterministic 6ch 1-NN,54,0,150.0,180.0,30.0,0.0,1,20,0.05
strong_1nn,Deterministic 6ch 1-NN,54,1,150.0,180.0,30.0,30.0,0,20,0.0
strong_1nn,Deterministic 6ch 1-NN,54,2,150.0,180.0,30.0,60.0,0,20,0.0
strong_1nn,Deterministic 6ch 1-NN,54,3,150.0,180.0,30.0,90.0,0,20,0.0
strong_1nn,Deterministic 6ch 1-NN,54,4,150.0,180.0,30.0,120.0,0,20,0.0
strong_1nn,Deterministic 6ch 1-NN,54,5,150.0,180.0,30.0,150.0,0,20,0.0
strong_1nn,Deterministic 6ch 1-NN,54,6,150.0,180.0,30.0,180.0,0,20,0.0
strong_1nn,Deterministic 6ch 1-NN,54,7,150.0,180.0,30.0,210.0,0,20,0.0
strong_1nn,Deterministic 6ch 1-NN,54,8,150.0,180.0,30.0,240.0,0,20,0.0
strong_1nn,Deterministic 6ch 1-NN,54,9,150.0,180.0,30.0,270.0,0,20,0.0
strong_1nn,Deterministic 6ch 1-NN,54,10,150.0,180.0,30.0,300.0,0,20,0.0
strong_1nn,Deterministic 6ch 1-NN,54,11,150.0,180.0,30.0,330.0,0,20,0.0
strong_1nn,Deterministic 6ch 1-NN,54,12,150.0,180.0,60.0,0.0,0,20,0.0
strong_1nn,Deterministic 6ch 1-NN,54,13,150.0,180.0,60.0,30.0,0,20,0.0
strong_1nn,Deterministic 6ch 1-NN,54,14,150.0,180.0,60.0,60.0,0,20,0.0
strong_1nn,Deterministic 6ch 1-NN,54,15,150.0,180.0,60.0,90.0,0,20,0.0
strong_1nn,Deterministic 6ch 1-NN,54,16,150.0,180.0,60.0,120.0,0,20,0.0
strong_1nn,Deterministic 6ch 1-NN,54,17,150.0,180.0,60.0,150.0,0,20,0.0
strong_1nn,Deterministic 6ch 1-NN,54,18,150.0,180.0,60.0,180.0,0,20,0.0
strong_1nn,Deterministic 6ch 1-NN,54,19,150.0,180.0,60.0,210.0,0,20,0.0
strong_1nn,Deterministic 6ch 1-NN,54,20,150.0,180.0,60.0,240.0,0,20,0.0
strong_1nn,Deterministic 6ch 1-NN,54,21,150.0,180.0,60.0,270.0,0,20,0.0
strong_1nn,Deterministic 6ch 1-NN,54,22,150.0,180.0,60.0,300.0,0,20,0.0
strong_1nn,Deterministic 6ch 1-NN,54,23,150.0,180.0,60.0,330.0,0,20,0.0
strong_1nn,Deterministic 6ch 1-NN,54,24,150.0,180.0,90.0,0.0,0,20,0.0
strong_1nn,Deterministic 6ch 1-NN,54,25,150.0,180.0,90.0,30.0,0,20,0.0
strong_1nn,Deterministic 6ch 1-NN,54,26,150.0,180.0,90.0,60.0,0,20,0.0
strong_1nn,Deterministic 6ch 1-NN,54,27,150.0,180.0,90.0,90.0,0,20,0.0
strong_1nn,Deterministic 6ch 1-NN,54,28,150.0,180.0,90.0,120.0,0,20,0.0
strong_1nn,Deterministic 6ch 1-NN,54,29,150.0,180.0,90.0,150.0,0,20,0.0
strong_1nn,Deterministic 6ch 1-NN,54,30,150.0,180.0,90.0,180.0,0,20,0.0
strong_1nn,Deterministic 6ch 1-NN,54,31,150.0,180.0,90.0,210.0,0,20,0.0
strong_1nn,Deterministic 6ch 1-NN,54,32,150.0,180.0,90.0,240.0,0,20,0.0
strong_1nn,Deterministic 6ch 1-NN,54,33,150.0,180.0,90.0,270.0,0,20,0.0
strong_1nn,Deterministic 6ch 1-NN,54,34,150.0,180.0,90.0,300.0,0,20,0.0
strong_1nn,Deterministic 6ch 1-NN,54,35,150.0,180.0,90.0,330.0,0,20,0.0
strong_1nn,Deterministic 6ch 1-NN,54,36,150.0,180.0,120.0,0.0,1,20,0.05
strong_1nn,Deterministic 6ch 1-NN,54,37,150.0,180.0,120.0,30.0,0,20,0.0
strong_1nn,Deterministic 6ch 1-NN,54,38,150.0,180.0,120.0,60.0,0,20,0.0
strong_1nn,Deterministic 6ch 1-NN,54,39,150.0,180.0,120.0,90.0,0,20,0.0
strong_1nn,Deterministic 6ch 1-NN,54,40,150.0,180.0,120.0,120.0,0,20,0.0
strong_1nn,Deterministic 6ch 1-NN,54,41,150.0,180.0,120.0,150.0,0,20,0.0
strong_1nn,Deterministic 6ch 1-NN,54,42,150.0,180.0,120.0,180.0,3,20,0.15
strong_1nn,Deterministic 6ch 1-NN,54,43,150.0,180.0,120.0,210.0,0,20,0.0
strong_1nn,Deterministic 6ch 1-NN,54,44,150.0,180.0,120.0,240.0,0,20,0.0
strong_1nn,Deterministic 6ch 1-NN,54,45,150.0,180.0,120.0,270.0,0,20,0.0
strong_1nn,Deterministic 6ch 1-NN,54,46,150.0,180.0,120.0,300.0,0,20,0.0
strong_1nn,Deterministic 6ch 1-NN,54,47,150.0,180.0,120.0,330.0,0,20,0.0
strong_1nn,Deterministic 6ch 1-NN,54,48,150.0,180.0,150.0,0.0,0,20,0.0
strong_1nn,Deterministic 6ch 1-NN,54,49,150.0,180.0,150.0,30.0,0,20,0.0
strong_1nn,Deterministic 6ch 1-NN,54,50,150.0,180.0,150.0,60.0,0,20,0.0
strong_1nn,Deterministic 6ch 1-NN,54,51,150.0,180.0,150.0,90.0,0,20,0.0
strong_1nn,Deterministic 6ch 1-NN,54,52,150.0,180.0,150.0,120.0,0,20,0.0
strong_1nn,Deterministic 6ch 1-NN,54,53,150.0,180.0,150.0,150.0,0,20,0.0
strong_1nn,Deterministic 6ch 1-NN,54,54,150.0,180.0,150.0,180.0,15,20,0.75
strong_1nn,Deterministic 6ch 1-NN,54,55,150.0,180.0,150.0,210.0,0,20,0.0
strong_1nn,Deterministic 6ch 1-NN,54,56,150.0,180.0,150.0,240.0,0,20,0.0
strong_1nn,Deterministic 6ch 1-NN,54,57,150.0,180.0,150.0,270.0,0,20,0.0
strong_1nn,Deterministic 6ch 1-NN,54,58,150.0,180.0,150.0,300.0,0,20,0.0
strong_1nn,Deterministic 6ch 1-NN,54,59,150.0,180.0,150.0,330.0,0,20,0.0
strong_1nn,Deterministic 6ch 1-NN,55,0,150.0,210.0,30.0,0.0,0,20,0.0
strong_1nn,Deterministic 6ch 1-NN,55,1,150.0,210.0,30.0,30.0,0,20,0.0
strong_1nn,Deterministic 6ch 1-NN,55,2,150.0,210.0,30.0,60.0,0,20,0.0
strong_1nn,Deterministic 6ch 1-NN,55,3,150.0,210.0,30.0,90.0,0,20,0.0
strong_1nn,Deterministic 6ch 1-NN,55,4,150.0,210.0,30.0,120.0,0,20,0.0
strong_1nn,Deterministic 6ch 1-NN,55,5,150.0,210.0,30.0,150.0,0,20,0.0
strong_1nn,Deterministic 6ch 1-NN,55,6,150.0,210.0,30.0,180.0,0,20,0.0
strong_1nn,Deterministic 6ch 1-NN,55,7,150.0,210.0,30.0,210.0,0,20,0.0
strong_1nn,Deterministic 6ch 1-NN,55,8,150.0,210.0,30.0,240.0,0,20,0.0
strong_1nn,Deterministic 6ch 1-NN,55,9,150.0,210.0,30.0,270.0,0,20,0.0
strong_1nn,Deterministic 6ch 1-NN,55,10,150.0,210.0,30.0,300.0,0,20,0.0
strong_1nn,Deterministic 6ch 1-NN,55,11,150.0,210.0,30.0,330.0,2,20,0.1
strong_1nn,Deterministic 6ch 1-NN,55,12,150.0,210.0,60.0,0.0,0,20,0.0
strong_1nn,Deterministic 6ch 1-NN,55,13,150.0,210.0,60.0,30.0,0,20,0.0
strong_1nn,Deterministic 6ch 1-NN,55,14,150.0,210.0,60.0,60.0,0,20,0.0
strong_1nn,Deterministic 6ch 1-NN,55,15,150.0,210.0,60.0,90.0,0,20,0.0
strong_1nn,Deterministic 6ch 1-NN,55,16,150.0,210.0,60.0,120.0,0,20,0.0
strong_1nn,Deterministic 6ch 1-NN,55,17,150.0,210.0,60.0,150.0,0,20,0.0
strong_1nn,Deterministic 6ch 1-NN,55,18,150.0,210.0,60.0,180.0,0,20,0.0
strong_1nn,Deterministic 6ch 1-NN,55,19,150.0,210.0,60.0,210.0,0,20,0.0
strong_1nn,Deterministic 6ch 1-NN,55,20,150.0,210.0,60.0,240.0,0,20,0.0
strong_1nn,Deterministic 6ch 1-NN,55,21,150.0,210.0,60.0,270.0,0,20,0.0
strong_1nn,Deterministic 6ch 1-NN,55,22,150.0,210.0,60.0,300.0,0,20,0.0
strong_1nn,Deterministic 6ch 1-NN,55,23,150.0,210.0,60.0,330.0,0,20,0.0
strong_1nn,Deterministic 6ch 1-NN,55,24,150.0,210.0,90.0,0.0,0,20,0.0
strong_1nn,Deterministic 6ch 1-NN,55,25,150.0,210.0,90.0,30.0,0,20,0.0
strong_1nn,Deterministic 6ch 1-NN,55,26,150.0,210.0,90.0,60.0,0,20,0.0
strong_1nn,Deterministic 6ch 1-NN,55,27,150.0,210.0,90.0,90.0,0,20,0.0
strong_1nn,Deterministic 6ch 1-NN,55,28,150.0,210.0,90.0,120.0,0,20,0.0
strong_1nn,Deterministic 6ch 1-NN,55,29,150.0,210.0,90.0,150.0,0,20,0.0
strong_1nn,Deterministic 6ch 1-NN,55,30,150.0,210.0,90.0,180.0,0,20,0.0
strong_1nn,Deterministic 6ch 1-NN,55,31,150.0,210.0,90.0,210.0,0,20,0.0
strong_1nn,Deterministic 6ch 1-NN,55,32,150.0,210.0,90.0,240.0,0,20,0.0
strong_1nn,Deterministic 6ch 1-NN,55,33,150.0,210.0,90.0,270.0,0,20,0.0
strong_1nn,Deterministic 6ch 1-NN,55,34,150.0,210.0,90.0,300.0,0,20,0.0
strong_1nn,Deterministic 6ch 1-NN,55,35,150.0,210.0,90.0,330.0,0,20,0.0
strong_1nn,Deterministic 6ch 1-NN,55,36,150.0,210.0,120.0,0.0,0,20,0.0
strong_1nn,Deterministic 6ch 1-NN,55,37,150.0,210.0,120.0,30.0,0,20,0.0
strong_1nn,Deterministic 6ch 1-NN,55,38,150.0,210.0,120.0,60.0,0,20,0.0
strong_1nn,Deterministic 6ch 1-NN,55,39,150.0,210.0,120.0,90.0,0,20,0.0
strong_1nn,Deterministic 6ch 1-NN,55,40,150.0,210.0,120.0,120.0,0,20,0.0
strong_1nn,Deterministic 6ch 1-NN,55,41,150.0,210.0,120.0,150.0,0,20,0.0
strong_1nn,Deterministic 6ch 1-NN,55,42,150.0,210.0,120.0,180.0,0,20,0.0
strong_1nn,Deterministic 6ch 1-NN,55,43,150.0,210.0,120.0,210.0,0,20,0.0
strong_1nn,Deterministic 6ch 1-NN,55,44,150.0,210.0,120.0,240.0,0,20,0.0
strong_1nn,Deterministic 6ch 1-NN,55,45,150.0,210.0,120.0,270.0,0,20,0.0
strong_1nn,Deterministic 6ch 1-NN,55,46,150.0,210.0,120.0,300.0,0,20,0.0
strong_1nn,Deterministic 6ch 1-NN,55,47,150.0,210.0,120.0,330.0,0,20,0.0
strong_1nn,Deterministic 6ch 1-NN,55,48,150.0,210.0,150.0,0.0,0,20,0.0
strong_1nn,Deterministic 6ch 1-NN,55,49,150.0,210.0,150.0,30.0,3,20,0.15
strong_1nn,Deterministic 6ch 1-NN,55,50,150.0,210.0,150.0,60.0,0,20,0.0
strong_1nn,Deterministic 6ch 1-NN,55,51,150.0,210.0,150.0,90.0,0,20,0.0
strong_1nn,Deterministic 6ch 1-NN,55,52,150.0,210.0,150.0,120.0,0,20,0.0
strong_1nn,Deterministic 6ch 1-NN,55,53,150.0,210.0,150.0,150.0,0,20,0.0
strong_1nn,Deterministic 6ch 1-NN,55,54,150.0,210.0,150.0,180.0,0,20,0.0
strong_1nn,Deterministic 6ch 1-NN,55,55,150.0,210.0,150.0,210.0,15,20,0.75
strong_1nn,Deterministic 6ch 1-NN,55,56,150.0,210.0,150.0,240.0,0,20,0.0
strong_1nn,Deterministic 6ch 1-NN,55,57,150.0,210.0,150.0,270.0,0,20,0.0
strong_1nn,Deterministic 6ch 1-NN,55,58,150.0,210.0,150.0,300.0,0,20,0.0
strong_1nn,Deterministic 6ch 1-NN,55,59,150.0,210.0,150.0,330.0,0,20,0.0
strong_1nn,Deterministic 6ch 1-NN,56,0,150.0,240.0,30.0,0.0,0,20,0.0
strong_1nn,Deterministic 6ch 1-NN,56,1,150.0,240.0,30.0,30.0,0,20,0.0
strong_1nn,Deterministic 6ch 1-NN,56,2,150.0,240.0,30.0,60.0,0,20,0.0
strong_1nn,Deterministic 6ch 1-NN,56,3,150.0,240.0,30.0,90.0,0,20,0.0
strong_1nn,Deterministic 6ch 1-NN,56,4,150.0,240.0,30.0,120.0,1,20,0.05
strong_1nn,Deterministic 6ch 1-NN,56,5,150.0,240.0,30.0,150.0,0,20,0.0
strong_1nn,Deterministic 6ch 1-NN,56,6,150.0,240.0,30.0,180.0,0,20,0.0
strong_1nn,Deterministic 6ch 1-NN,56,7,150.0,240.0,30.0,210.0,0,20,0.0
strong_1nn,Deterministic 6ch 1-NN,56,8,150.0,240.0,30.0,240.0,0,20,0.0
strong_1nn,Deterministic 6ch 1-NN,56,9,150.0,240.0,30.0,270.0,0,20,0.0
strong_1nn,Deterministic 6ch 1-NN,56,10,150.0,240.0,30.0,300.0,4,20,0.2
strong_1nn,Deterministic 6ch 1-NN,56,11,150.0,240.0,30.0,330.0,0,20,0.0
strong_1nn,Deterministic 6ch 1-NN,56,12,150.0,240.0,60.0,0.0,0,20,0.0
strong_1nn,Deterministic 6ch 1-NN,56,13,150.0,240.0,60.0,30.0,0,20,0.0
strong_1nn,Deterministic 6ch 1-NN,56,14,150.0,240.0,60.0,60.0,0,20,0.0
strong_1nn,Deterministic 6ch 1-NN,56,15,150.0,240.0,60.0,90.0,0,20,0.0
strong_1nn,Deterministic 6ch 1-NN,56,16,150.0,240.0,60.0,120.0,0,20,0.0
strong_1nn,Deterministic 6ch 1-NN,56,17,150.0,240.0,60.0,150.0,0,20,0.0
strong_1nn,Deterministic 6ch 1-NN,56,18,150.0,240.0,60.0,180.0,0,20,0.0
strong_1nn,Deterministic 6ch 1-NN,56,19,150.0,240.0,60.0,210.0,0,20,0.0
strong_1nn,Deterministic 6ch 1-NN,56,20,150.0,240.0,60.0,240.0,0,20,0.0
strong_1nn,Deterministic 6ch 1-NN,56,21,150.0,240.0,60.0,270.0,0,20,0.0
strong_1nn,Deterministic 6ch 1-NN,56,22,150.0,240.0,60.0,300.0,0,20,0.0
strong_1nn,Deterministic 6ch 1-NN,56,23,150.0,240.0,60.0,330.0,0,20,0.0
strong_1nn,Deterministic 6ch 1-NN,56,24,150.0,240.0,90.0,0.0,0,20,0.0
strong_1nn,Deterministic 6ch 1-NN,56,25,150.0,240.0,90.0,30.0,0,20,0.0
strong_1nn,Deterministic 6ch 1-NN,56,26,150.0,240.0,90.0,60.0,0,20,0.0
strong_1nn,Deterministic 6ch 1-NN,56,27,150.0,240.0,90.0,90.0,0,20,0.0
strong_1nn,Deterministic 6ch 1-NN,56,28,150.0,240.0,90.0,120.0,0,20,0.0
strong_1nn,Deterministic 6ch 1-NN,56,29,150.0,240.0,90.0,150.0,0,20,0.0
strong_1nn,Deterministic 6ch 1-NN,56,30,150.0,240.0,90.0,180.0,0,20,0.0
strong_1nn,Deterministic 6ch 1-NN,56,31,150.0,240.0,90.0,210.0,0,20,0.0
strong_1nn,Deterministic 6ch 1-NN,56,32,150.0,240.0,90.0,240.0,0,20,0.0
strong_1nn,Deterministic 6ch 1-NN,56,33,150.0,240.0,90.0,270.0,0,20,0.0
strong_1nn,Deterministic 6ch 1-NN,56,34,150.0,240.0,90.0,300.0,0,20,0.0
strong_1nn,Deterministic 6ch 1-NN,56,35,150.0,240.0,90.0,330.0,0,20,0.0
strong_1nn,Deterministic 6ch 1-NN,56,36,150.0,240.0,120.0,0.0,0,20,0.0
strong_1nn,Deterministic 6ch 1-NN,56,37,150.0,240.0,120.0,30.0,0,20,0.0
strong_1nn,Deterministic 6ch 1-NN,56,38,150.0,240.0,120.0,60.0,2,20,0.1
strong_1nn,Deterministic 6ch 1-NN,56,39,150.0,240.0,120.0,90.0,0,20,0.0
strong_1nn,Deterministic 6ch 1-NN,56,40,150.0,240.0,120.0,120.0,0,20,0.0
strong_1nn,Deterministic 6ch 1-NN,56,41,150.0,240.0,120.0,150.0,0,20,0.0
strong_1nn,Deterministic 6ch 1-NN,56,42,150.0,240.0,120.0,180.0,0,20,0.0
strong_1nn,Deterministic 6ch 1-NN,56,43,150.0,240.0,120.0,210.0,0,20,0.0
strong_1nn,Deterministic 6ch 1-NN,56,44,150.0,240.0,120.0,240.0,0,20,0.0
strong_1nn,Deterministic 6ch 1-NN,56,45,150.0,240.0,120.0,270.0,0,20,0.0
strong_1nn,Deterministic 6ch 1-NN,56,46,150.0,240.0,120.0,300.0,0,20,0.0
strong_1nn,Deterministic 6ch 1-NN,56,47,150.0,240.0,120.0,330.0,0,20,0.0
strong_1nn,Deterministic 6ch 1-NN,56,48,150.0,240.0,150.0,0.0,0,20,0.0
strong_1nn,Deterministic 6ch 1-NN,56,49,150.0,240.0,150.0,30.0,0,20,0.0
strong_1nn,Deterministic 6ch 1-NN,56,50,150.0,240.0,150.0,60.0,0,20,0.0
strong_1nn,Deterministic 6ch 1-NN,56,51,150.0,240.0,150.0,90.0,0,20,0.0
strong_1nn,Deterministic 6ch 1-NN,56,52,150.0,240.0,150.0,120.0,0,20,0.0
strong_1nn,Deterministic 6ch 1-NN,56,53,150.0,240.0,150.0,150.0,0,20,0.0
strong_1nn,Deterministic 6ch 1-NN,56,54,150.0,240.0,150.0,180.0,0,20,0.0
strong_1nn,Deterministic 6ch 1-NN,56,55,150.0,240.0,150.0,210.0,0,20,0.0
strong_1nn,Deterministic 6ch 1-NN,56,56,150.0,240.0,150.0,240.0,13,20,0.65
strong_1nn,Deterministic 6ch 1-NN,56,57,150.0,240.0,150.0,270.0,0,20,0.0
strong_1nn,Deterministic 6ch 1-NN,56,58,150.0,240.0,150.0,300.0,0,20,0.0
strong_1nn,Deterministic 6ch 1-NN,56,59,150.0,240.0,150.0,330.0,0,20,0.0
strong_1nn,Deterministic 6ch 1-NN,57,0,150.0,270.0,30.0,0.0,0,20,0.0
strong_1nn,Deterministic 6ch 1-NN,57,1,150.0,270.0,30.0,30.0,0,20,0.0
strong_1nn,Deterministic 6ch 1-NN,57,2,150.0,270.0,30.0,60.0,0,20,0.0
strong_1nn,Deterministic 6ch 1-NN,57,3,150.0,270.0,30.0,90.0,1,20,0.05
strong_1nn,Deterministic 6ch 1-NN,57,4,150.0,270.0,30.0,120.0,0,20,0.0
strong_1nn,Deterministic 6ch 1-NN,57,5,150.0,270.0,30.0,150.0,0,20,0.0
strong_1nn,Deterministic 6ch 1-NN,57,6,150.0,270.0,30.0,180.0,0,20,0.0
strong_1nn,Deterministic 6ch 1-NN,57,7,150.0,270.0,30.0,210.0,0,20,0.0
strong_1nn,Deterministic 6ch 1-NN,57,8,150.0,270.0,30.0,240.0,0,20,0.0
strong_1nn,Deterministic 6ch 1-NN,57,9,150.0,270.0,30.0,270.0,0,20,0.0
strong_1nn,Deterministic 6ch 1-NN,57,10,150.0,270.0,30.0,300.0,0,20,0.0
strong_1nn,Deterministic 6ch 1-NN,57,11,150.0,270.0,30.0,330.0,0,20,0.0
strong_1nn,Deterministic 6ch 1-NN,57,12,150.0,270.0,60.0,0.0,0,20,0.0
strong_1nn,Deterministic 6ch 1-NN,57,13,150.0,270.0,60.0,30.0,0,20,0.0
strong_1nn,Deterministic 6ch 1-NN,57,14,150.0,270.0,60.0,60.0,1,20,0.05
strong_1nn,Deterministic 6ch 1-NN,57,15,150.0,270.0,60.0,90.0,0,20,0.0
strong_1nn,Deterministic 6ch 1-NN,57,16,150.0,270.0,60.0,120.0,0,20,0.0
strong_1nn,Deterministic 6ch 1-NN,57,17,150.0,270.0,60.0,150.0,0,20,0.0
strong_1nn,Deterministic 6ch 1-NN,57,18,150.0,270.0,60.0,180.0,0,20,0.0
strong_1nn,Deterministic 6ch 1-NN,57,19,150.0,270.0,60.0,210.0,0,20,0.0
strong_1nn,Deterministic 6ch 1-NN,57,20,150.0,270.0,60.0,240.0,0,20,0.0
strong_1nn,Deterministic 6ch 1-NN,57,21,150.0,270.0,60.0,270.0,0,20,0.0
strong_1nn,Deterministic 6ch 1-NN,57,22,150.0,270.0,60.0,300.0,0,20,0.0
strong_1nn,Deterministic 6ch 1-NN,57,23,150.0,270.0,60.0,330.0,0,20,0.0
strong_1nn,Deterministic 6ch 1-NN,57,24,150.0,270.0,90.0,0.0,0,20,0.0
strong_1nn,Deterministic 6ch 1-NN,57,25,150.0,270.0,90.0,30.0,0,20,0.0
strong_1nn,Deterministic 6ch 1-NN,57,26,150.0,270.0,90.0,60.0,0,20,0.0
strong_1nn,Deterministic 6ch 1-NN,57,27,150.0,270.0,90.0,90.0,0,20,0.0
strong_1nn,Deterministic 6ch 1-NN,57,28,150.0,270.0,90.0,120.0,0,20,0.0
strong_1nn,Deterministic 6ch 1-NN,57,29,150.0,270.0,90.0,150.0,0,20,0.0
strong_1nn,Deterministic 6ch 1-NN,57,30,150.0,270.0,90.0,180.0,0,20,0.0
strong_1nn,Deterministic 6ch 1-NN,57,31,150.0,270.0,90.0,210.0,0,20,0.0
strong_1nn,Deterministic 6ch 1-NN,57,32,150.0,270.0,90.0,240.0,0,20,0.0
strong_1nn,Deterministic 6ch 1-NN,57,33,150.0,270.0,90.0,270.0,0,20,0.0
strong_1nn,Deterministic 6ch 1-NN,57,34,150.0,270.0,90.0,300.0,0,20,0.0
strong_1nn,Deterministic 6ch 1-NN,57,35,150.0,270.0,90.0,330.0,0,20,0.0
strong_1nn,Deterministic 6ch 1-NN,57,36,150.0,270.0,120.0,0.0,0,20,0.0
strong_1nn,Deterministic 6ch 1-NN,57,37,150.0,270.0,120.0,30.0,0,20,0.0
strong_1nn,Deterministic 6ch 1-NN,57,38,150.0,270.0,120.0,60.0,0,20,0.0
strong_1nn,Deterministic 6ch 1-NN,57,39,150.0,270.0,120.0,90.0,0,20,0.0
strong_1nn,Deterministic 6ch 1-NN,57,40,150.0,270.0,120.0,120.0,0,20,0.0
strong_1nn,Deterministic 6ch 1-NN,57,41,150.0,270.0,120.0,150.0,0,20,0.0
strong_1nn,Deterministic 6ch 1-NN,57,42,150.0,270.0,120.0,180.0,0,20,0.0
strong_1nn,Deterministic 6ch 1-NN,57,43,150.0,270.0,120.0,210.0,0,20,0.0
strong_1nn,Deterministic 6ch 1-NN,57,44,150.0,270.0,120.0,240.0,0,20,0.0
strong_1nn,Deterministic 6ch 1-NN,57,45,150.0,270.0,120.0,270.0,0,20,0.0
strong_1nn,Deterministic 6ch 1-NN,57,46,150.0,270.0,120.0,300.0,0,20,0.0
strong_1nn,Deterministic 6ch 1-NN,57,47,150.0,270.0,120.0,330.0,0,20,0.0
strong_1nn,Deterministic 6ch 1-NN,57,48,150.0,270.0,150.0,0.0,0,20,0.0
strong_1nn,Deterministic 6ch 1-NN,57,49,150.0,270.0,150.0,30.0,0,20,0.0
strong_1nn,Deterministic 6ch 1-NN,57,50,150.0,270.0,150.0,60.0,0,20,0.0
strong_1nn,Deterministic 6ch 1-NN,57,51,150.0,270.0,150.0,90.0,1,20,0.05
strong_1nn,Deterministic 6ch 1-NN,57,52,150.0,270.0,150.0,120.0,0,20,0.0
strong_1nn,Deterministic 6ch 1-NN,57,53,150.0,270.0,150.0,150.0,0,20,0.0
strong_1nn,Deterministic 6ch 1-NN,57,54,150.0,270.0,150.0,180.0,0,20,0.0
strong_1nn,Deterministic 6ch 1-NN,57,55,150.0,270.0,150.0,210.0,0,20,0.0
strong_1nn,Deterministic 6ch 1-NN,57,56,150.0,270.0,150.0,240.0,0,20,0.0
strong_1nn,Deterministic 6ch 1-NN,57,57,150.0,270.0,150.0,270.0,17,20,0.85
strong_1nn,Deterministic 6ch 1-NN,57,58,150.0,270.0,150.0,300.0,0,20,0.0
strong_1nn,Deterministic 6ch 1-NN,57,59,150.0,270.0,150.0,330.0,0,20,0.0
strong_1nn,Deterministic 6ch 1-NN,58,0,150.0,300.0,30.0,0.0,0,20,0.0
strong_1nn,Deterministic 6ch 1-NN,58,1,150.0,300.0,30.0,30.0,0,20,0.0
strong_1nn,Deterministic 6ch 1-NN,58,2,150.0,300.0,30.0,60.0,1,20,0.05
strong_1nn,Deterministic 6ch 1-NN,58,3,150.0,300.0,30.0,90.0,0,20,0.0
strong_1nn,Deterministic 6ch 1-NN,58,4,150.0,300.0,30.0,120.0,0,20,0.0
strong_1nn,Deterministic 6ch 1-NN,58,5,150.0,300.0,30.0,150.0,0,20,0.0
strong_1nn,Deterministic 6ch 1-NN,58,6,150.0,300.0,30.0,180.0,0,20,0.0
strong_1nn,Deterministic 6ch 1-NN,58,7,150.0,300.0,30.0,210.0,0,20,0.0
strong_1nn,Deterministic 6ch 1-NN,58,8,150.0,300.0,30.0,240.0,0,20,0.0
strong_1nn,Deterministic 6ch 1-NN,58,9,150.0,300.0,30.0,270.0,0,20,0.0
strong_1nn,Deterministic 6ch 1-NN,58,10,150.0,300.0,30.0,300.0,0,20,0.0
strong_1nn,Deterministic 6ch 1-NN,58,11,150.0,300.0,30.0,330.0,0,20,0.0
strong_1nn,Deterministic 6ch 1-NN,58,12,150.0,300.0,60.0,0.0,0,20,0.0
strong_1nn,Deterministic 6ch 1-NN,58,13,150.0,300.0,60.0,30.0,0,20,0.0
strong_1nn,Deterministic 6ch 1-NN,58,14,150.0,300.0,60.0,60.0,0,20,0.0
strong_1nn,Deterministic 6ch 1-NN,58,15,150.0,300.0,60.0,90.0,0,20,0.0
strong_1nn,Deterministic 6ch 1-NN,58,16,150.0,300.0,60.0,120.0,0,20,0.0
strong_1nn,Deterministic 6ch 1-NN,58,17,150.0,300.0,60.0,150.0,0,20,0.0
strong_1nn,Deterministic 6ch 1-NN,58,18,150.0,300.0,60.0,180.0,0,20,0.0
strong_1nn,Deterministic 6ch 1-NN,58,19,150.0,300.0,60.0,210.0,0,20,0.0
strong_1nn,Deterministic 6ch 1-NN,58,20,150.0,300.0,60.0,240.0,0,20,0.0
strong_1nn,Deterministic 6ch 1-NN,58,21,150.0,300.0,60.0,270.0,0,20,0.0
strong_1nn,Deterministic 6ch 1-NN,58,22,150.0,300.0,60.0,300.0,0,20,0.0
strong_1nn,Deterministic 6ch 1-NN,58,23,150.0,300.0,60.0,330.0,0,20,0.0
strong_1nn,Deterministic 6ch 1-NN,58,24,150.0,300.0,90.0,0.0,0,20,0.0
strong_1nn,Deterministic 6ch 1-NN,58,25,150.0,300.0,90.0,30.0,0,20,0.0
strong_1nn,Deterministic 6ch 1-NN,58,26,150.0,300.0,90.0,60.0,0,20,0.0
strong_1nn,Deterministic 6ch 1-NN,58,27,150.0,300.0,90.0,90.0,0,20,0.0
strong_1nn,Deterministic 6ch 1-NN,58,28,150.0,300.0,90.0,120.0,0,20,0.0
strong_1nn,Deterministic 6ch 1-NN,58,29,150.0,300.0,90.0,150.0,0,20,0.0
strong_1nn,Deterministic 6ch 1-NN,58,30,150.0,300.0,90.0,180.0,0,20,0.0
strong_1nn,Deterministic 6ch 1-NN,58,31,150.0,300.0,90.0,210.0,0,20,0.0
strong_1nn,Deterministic 6ch 1-NN,58,32,150.0,300.0,90.0,240.0,0,20,0.0
strong_1nn,Deterministic 6ch 1-NN,58,33,150.0,300.0,90.0,270.0,0,20,0.0
strong_1nn,Deterministic 6ch 1-NN,58,34,150.0,300.0,90.0,300.0,0,20,0.0
strong_1nn,Deterministic 6ch 1-NN,58,35,150.0,300.0,90.0,330.0,0,20,0.0
strong_1nn,Deterministic 6ch 1-NN,58,36,150.0,300.0,120.0,0.0,0,20,0.0
strong_1nn,Deterministic 6ch 1-NN,58,37,150.0,300.0,120.0,30.0,0,20,0.0
strong_1nn,Deterministic 6ch 1-NN,58,38,150.0,300.0,120.0,60.0,0,20,0.0
strong_1nn,Deterministic 6ch 1-NN,58,39,150.0,300.0,120.0,90.0,0,20,0.0
strong_1nn,Deterministic 6ch 1-NN,58,40,150.0,300.0,120.0,120.0,0,20,0.0
strong_1nn,Deterministic 6ch 1-NN,58,41,150.0,300.0,120.0,150.0,0,20,0.0
strong_1nn,Deterministic 6ch 1-NN,58,42,150.0,300.0,120.0,180.0,0,20,0.0
strong_1nn,Deterministic 6ch 1-NN,58,43,150.0,300.0,120.0,210.0,0,20,0.0
strong_1nn,Deterministic 6ch 1-NN,58,44,150.0,300.0,120.0,240.0,0,20,0.0
strong_1nn,Deterministic 6ch 1-NN,58,45,150.0,300.0,120.0,270.0,0,20,0.0
strong_1nn,Deterministic 6ch 1-NN,58,46,150.0,300.0,120.0,300.0,1,20,0.05
strong_1nn,Deterministic 6ch 1-NN,58,47,150.0,300.0,120.0,330.0,0,20,0.0
strong_1nn,Deterministic 6ch 1-NN,58,48,150.0,300.0,150.0,0.0,0,20,0.0
strong_1nn,Deterministic 6ch 1-NN,58,49,150.0,300.0,150.0,30.0,0,20,0.0
strong_1nn,Deterministic 6ch 1-NN,58,50,150.0,300.0,150.0,60.0,0,20,0.0
strong_1nn,Deterministic 6ch 1-NN,58,51,150.0,300.0,150.0,90.0,0,20,0.0
strong_1nn,Deterministic 6ch 1-NN,58,52,150.0,300.0,150.0,120.0,0,20,0.0
strong_1nn,Deterministic 6ch 1-NN,58,53,150.0,300.0,150.0,150.0,0,20,0.0
strong_1nn,Deterministic 6ch 1-NN,58,54,150.0,300.0,150.0,180.0,0,20,0.0
strong_1nn,Deterministic 6ch 1-NN,58,55,150.0,300.0,150.0,210.0,0,20,0.0
strong_1nn,Deterministic 6ch 1-NN,58,56,150.0,300.0,150.0,240.0,0,20,0.0
strong_1nn,Deterministic 6ch 1-NN,58,57,150.0,300.0,150.0,270.0,0,20,0.0
strong_1nn,Deterministic 6ch 1-NN,58,58,150.0,300.0,150.0,300.0,18,20,0.9
strong_1nn,Deterministic 6ch 1-NN,58,59,150.0,300.0,150.0,330.0,0,20,0.0
strong_1nn,Deterministic 6ch 1-NN,59,0,150.0,330.0,30.0,0.0,0,20,0.0
strong_1nn,Deterministic 6ch 1-NN,59,1,150.0,330.0,30.0,30.0,2,20,0.1
strong_1nn,Deterministic 6ch 1-NN,59,2,150.0,330.0,30.0,60.0,0,20,0.0
strong_1nn,Deterministic 6ch 1-NN,59,3,150.0,330.0,30.0,90.0,0,20,0.0
strong_1nn,Deterministic 6ch 1-NN,59,4,150.0,330.0,30.0,120.0,0,20,0.0
strong_1nn,Deterministic 6ch 1-NN,59,5,150.0,330.0,30.0,150.0,0,20,0.0
strong_1nn,Deterministic 6ch 1-NN,59,6,150.0,330.0,30.0,180.0,0,20,0.0
strong_1nn,Deterministic 6ch 1-NN,59,7,150.0,330.0,30.0,210.0,1,20,0.05
strong_1nn,Deterministic 6ch 1-NN,59,8,150.0,330.0,30.0,240.0,0,20,0.0
strong_1nn,Deterministic 6ch 1-NN,59,9,150.0,330.0,30.0,270.0,0,20,0.0
strong_1nn,Deterministic 6ch 1-NN,59,10,150.0,330.0,30.0,300.0,0,20,0.0
strong_1nn,Deterministic 6ch 1-NN,59,11,150.0,330.0,30.0,330.0,0,20,0.0
strong_1nn,Deterministic 6ch 1-NN,59,12,150.0,330.0,60.0,0.0,0,20,0.0
strong_1nn,Deterministic 6ch 1-NN,59,13,150.0,330.0,60.0,30.0,0,20,0.0
strong_1nn,Deterministic 6ch 1-NN,59,14,150.0,330.0,60.0,60.0,0,20,0.0
strong_1nn,Deterministic 6ch 1-NN,59,15,150.0,330.0,60.0,90.0,0,20,0.0
strong_1nn,Deterministic 6ch 1-NN,59,16,150.0,330.0,60.0,120.0,0,20,0.0
strong_1nn,Deterministic 6ch 1-NN,59,17,150.0,330.0,60.0,150.0,0,20,0.0
strong_1nn,Deterministic 6ch 1-NN,59,18,150.0,330.0,60.0,180.0,0,20,0.0
strong_1nn,Deterministic 6ch 1-NN,59,19,150.0,330.0,60.0,210.0,0,20,0.0
strong_1nn,Deterministic 6ch 1-NN,59,20,150.0,330.0,60.0,240.0,0,20,0.0
strong_1nn,Deterministic 6ch 1-NN,59,21,150.0,330.0,60.0,270.0,0,20,0.0
strong_1nn,Deterministic 6ch 1-NN,59,22,150.0,330.0,60.0,300.0,0,20,0.0
strong_1nn,Deterministic 6ch 1-NN,59,23,150.0,330.0,60.0,330.0,0,20,0.0
strong_1nn,Deterministic 6ch 1-NN,59,24,150.0,330.0,90.0,0.0,0,20,0.0
strong_1nn,Deterministic 6ch 1-NN,59,25,150.0,330.0,90.0,30.0,0,20,0.0
strong_1nn,Deterministic 6ch 1-NN,59,26,150.0,330.0,90.0,60.0,0,20,0.0
strong_1nn,Deterministic 6ch 1-NN,59,27,150.0,330.0,90.0,90.0,0,20,0.0
strong_1nn,Deterministic 6ch 1-NN,59,28,150.0,330.0,90.0,120.0,0,20,0.0
strong_1nn,Deterministic 6ch 1-NN,59,29,150.0,330.0,90.0,150.0,0,20,0.0
strong_1nn,Deterministic 6ch 1-NN,59,30,150.0,330.0,90.0,180.0,0,20,0.0
strong_1nn,Deterministic 6ch 1-NN,59,31,150.0,330.0,90.0,210.0,0,20,0.0
strong_1nn,Deterministic 6ch 1-NN,59,32,150.0,330.0,90.0,240.0,0,20,0.0
strong_1nn,Deterministic 6ch 1-NN,59,33,150.0,330.0,90.0,270.0,0,20,0.0
strong_1nn,Deterministic 6ch 1-NN,59,34,150.0,330.0,90.0,300.0,0,20,0.0
strong_1nn,Deterministic 6ch 1-NN,59,35,150.0,330.0,90.0,330.0,0,20,0.0
strong_1nn,Deterministic 6ch 1-NN,59,36,150.0,330.0,120.0,0.0,0,20,0.0
strong_1nn,Deterministic 6ch 1-NN,59,37,150.0,330.0,120.0,30.0,0,20,0.0
strong_1nn,Deterministic 6ch 1-NN,59,38,150.0,330.0,120.0,60.0,0,20,0.0
strong_1nn,Deterministic 6ch 1-NN,59,39,150.0,330.0,120.0,90.0,0,20,0.0
strong_1nn,Deterministic 6ch 1-NN,59,40,150.0,330.0,120.0,120.0,0,20,0.0
strong_1nn,Deterministic 6ch 1-NN,59,41,150.0,330.0,120.0,150.0,0,20,0.0
strong_1nn,Deterministic 6ch 1-NN,59,42,150.0,330.0,120.0,180.0,0,20,0.0
strong_1nn,Deterministic 6ch 1-NN,59,43,150.0,330.0,120.0,210.0,0,20,0.0
strong_1nn,Deterministic 6ch 1-NN,59,44,150.0,330.0,120.0,240.0,0,20,0.0
strong_1nn,Deterministic 6ch 1-NN,59,45,150.0,330.0,120.0,270.0,0,20,0.0
strong_1nn,Deterministic 6ch 1-NN,59,46,150.0,330.0,120.0,300.0,0,20,0.0
strong_1nn,Deterministic 6ch 1-NN,59,47,150.0,330.0,120.0,330.0,0,20,0.0
strong_1nn,Deterministic 6ch 1-NN,59,48,150.0,330.0,150.0,0.0,0,20,0.0
strong_1nn,Deterministic 6ch 1-NN,59,49,150.0,330.0,150.0,30.0,0,20,0.0
strong_1nn,Deterministic 6ch 1-NN,59,50,150.0,330.0,150.0,60.0,0,20,0.0
strong_1nn,Deterministic 6ch 1-NN,59,51,150.0,330.0,150.0,90.0,0,20,0.0
strong_1nn,Deterministic 6ch 1-NN,59,52,150.0,330.0,150.0,120.0,0,20,0.0
strong_1nn,Deterministic 6ch 1-NN,59,53,150.0,330.0,150.0,150.0,1,20,0.05
strong_1nn,Deterministic 6ch 1-NN,59,54,150.0,330.0,150.0,180.0,0,20,0.0
strong_1nn,Deterministic 6ch 1-NN,59,55,150.0,330.0,150.0,210.0,0,20,0.0
strong_1nn,Deterministic 6ch 1-NN,59,56,150.0,330.0,150.0,240.0,0,20,0.0
strong_1nn,Deterministic 6ch 1-NN,59,57,150.0,330.0,150.0,270.0,0,20,0.0
strong_1nn,Deterministic 6ch 1-NN,59,58,150.0,330.0,150.0,300.0,0,20,0.0
strong_1nn,Deterministic 6ch 1-NN,59,59,150.0,330.0,150.0,330.0,16,20,0.8
