pair,method_a,method_b,metric,direction_index,theta_true_deg,phi_true_deg,object_count,delta_b_minus_a,object_bootstrap_ci95_low,object_bootstrap_ci95_high,objects_positive,objects_negative,objects_zero,multiplicity_note
rect_ifft_minus_frequency,frequency,rect_ifft,gce_deg,0,30.0,0.0,20,0.7966799804142543,-4.7142853464399055,6.307645321573528,4,4,12,descriptive direction-wise interval; no multiplicity adjustment
rect_ifft_minus_frequency,frequency,rect_ifft,gce_deg,1,30.0,30.0,20,0.7264327594212127,-6.147535846914565,8.601920813832965,4,5,11,descriptive direction-wise interval; no multiplicity adjustment
rect_ifft_minus_frequency,frequency,rect_ifft,gce_deg,2,30.0,60.0,20,-2.615842533111573,-20.072715806961064,12.780742486545027,3,4,13,descriptive direction-wise interval; no multiplicity adjustment
rect_ifft_minus_frequency,frequency,rect_ifft,gce_deg,3,30.0,90.0,20,-0.011768524987357054,-4.589650876181467,5.915879972662246,3,6,11,descriptive direction-wise interval; no multiplicity adjustment
rect_ifft_minus_frequency,frequency,rect_ifft,gce_deg,4,30.0,120.0,20,5.190450634275163,-0.7087138009071359,13.88914214253426,4,4,12,descriptive direction-wise interval; no multiplicity adjustment
rect_ifft_minus_frequency,frequency,rect_ifft,gce_deg,5,30.0,150.0,20,-1.1221486159733367,-6.217744725602015,3.9076546893801005,6,6,8,descriptive direction-wise interval; no multiplicity adjustment
rect_ifft_minus_frequency,frequency,rect_ifft,gce_deg,6,30.0,180.0,20,-3.190530136653355,-11.679493147986275,2.9981565475463867,4,4,12,descriptive direction-wise interval; no multiplicity adjustment
rect_ifft_minus_frequency,frequency,rect_ifft,gce_deg,7,30.0,210.0,20,-5.686380195617676,-12.923533059188296,0.06227035556520997,3,6,11,descriptive direction-wise interval; no multiplicity adjustment
rect_ifft_minus_frequency,frequency,rect_ifft,gce_deg,8,30.0,240.0,20,1.2810483796255938,-5.511452272960118,8.46826047897339,4,3,13,descriptive direction-wise interval; no multiplicity adjustment
rect_ifft_minus_frequency,frequency,rect_ifft,gce_deg,9,30.0,270.0,20,4.625921344757079,-3.290324715205602,13.811868701662338,5,2,13,descriptive direction-wise interval; no multiplicity adjustment
rect_ifft_minus_frequency,frequency,rect_ifft,gce_deg,10,30.0,300.0,20,3.8644609519413535,-2.7065196209294458,12.916687995706283,5,4,11,descriptive direction-wise interval; no multiplicity adjustment
rect_ifft_minus_frequency,frequency,rect_ifft,gce_deg,11,30.0,330.0,20,-2.0082292761121487,-9.291968850237984,4.019934770039148,4,3,13,descriptive direction-wise interval; no multiplicity adjustment
rect_ifft_minus_frequency,frequency,rect_ifft,gce_deg,12,60.0,0.0,20,-0.10054858071463375,-5.074430997031074,6.5390479769025545,2,5,13,descriptive direction-wise interval; no multiplicity adjustment
rect_ifft_minus_frequency,frequency,rect_ifft,gce_deg,13,60.0,30.0,20,-2.2884956496102453,-13.296943093708585,6.013510913167684,6,6,8,descriptive direction-wise interval; no multiplicity adjustment
rect_ifft_minus_frequency,frequency,rect_ifft,gce_deg,14,60.0,60.0,20,2.6820687157767162,-3.752989200523921,9.05959280422756,9,4,7,descriptive direction-wise interval; no multiplicity adjustment
rect_ifft_minus_frequency,frequency,rect_ifft,gce_deg,15,60.0,90.0,20,-1.3425599098205567,-7.831701719079699,4.5335827428953985,4,6,10,descriptive direction-wise interval; no multiplicity adjustment
rect_ifft_minus_frequency,frequency,rect_ifft,gce_deg,16,60.0,120.0,20,-2.0450373377118796,-12.195301253795625,6.2145954036712645,7,6,7,descriptive direction-wise interval; no multiplicity adjustment
rect_ifft_minus_frequency,frequency,rect_ifft,gce_deg,17,60.0,150.0,20,4.074418694632394,-7.562930839061737,18.3858874137061,5,8,7,descriptive direction-wise interval; no multiplicity adjustment
rect_ifft_minus_frequency,frequency,rect_ifft,gce_deg,18,60.0,180.0,20,-6.498412105015348,-15.857143783569336,-0.04751071929931694,2,6,12,descriptive direction-wise interval; no multiplicity adjustment
rect_ifft_minus_frequency,frequency,rect_ifft,gce_deg,19,60.0,210.0,20,13.385917036873954,0.6359257888793948,28.842693523679454,7,6,7,descriptive direction-wise interval; no multiplicity adjustment
rect_ifft_minus_frequency,frequency,rect_ifft,gce_deg,20,60.0,240.0,20,8.120638738359723,-1.4087529236929752,18.03950976984842,8,6,6,descriptive direction-wise interval; no multiplicity adjustment
rect_ifft_minus_frequency,frequency,rect_ifft,gce_deg,21,60.0,270.0,20,7.718823242187502,-0.8288501480647477,21.270402582713537,5,4,11,descriptive direction-wise interval; no multiplicity adjustment
rect_ifft_minus_frequency,frequency,rect_ifft,gce_deg,22,60.0,300.0,20,-3.0938389233180454,-7.81971372434071,1.531295938491828,3,6,11,descriptive direction-wise interval; no multiplicity adjustment
rect_ifft_minus_frequency,frequency,rect_ifft,gce_deg,23,60.0,330.0,20,5.899728625161308,-1.531162670680454,14.708795147963937,5,3,12,descriptive direction-wise interval; no multiplicity adjustment
rect_ifft_minus_frequency,frequency,rect_ifft,gce_deg,24,90.0,0.0,20,-4.694804545811245,-24.86866945675441,15.662338284083777,8,8,4,descriptive direction-wise interval; no multiplicity adjustment
rect_ifft_minus_frequency,frequency,rect_ifft,gce_deg,25,90.0,30.0,20,0.05048937116350736,-15.428571442195343,16.550489480836053,9,9,2,descriptive direction-wise interval; no multiplicity adjustment
rect_ifft_minus_frequency,frequency,rect_ifft,gce_deg,26,90.0,60.0,20,-21.949802902766635,-42.41945046084268,1.1318494759287163,5,15,0,descriptive direction-wise interval; no multiplicity adjustment
rect_ifft_minus_frequency,frequency,rect_ifft,gce_deg,27,90.0,90.0,20,-2.3571428980146125,-36.42857144219535,29.14285707473755,8,7,5,descriptive direction-wise interval; no multiplicity adjustment
rect_ifft_minus_frequency,frequency,rect_ifft,gce_deg,28,90.0,120.0,20,-8.704217570168632,-19.795783208778925,2.5201368607793553,5,10,5,descriptive direction-wise interval; no multiplicity adjustment
rect_ifft_minus_frequency,frequency,rect_ifft,gce_deg,29,90.0,150.0,20,0.1538999557495128,-17.480319647789,17.970622187682565,9,9,2,descriptive direction-wise interval; no multiplicity adjustment
rect_ifft_minus_frequency,frequency,rect_ifft,gce_deg,30,90.0,180.0,20,-7.519481754302978,-27.202759660993298,11.937984398773743,8,10,2,descriptive direction-wise interval; no multiplicity adjustment
rect_ifft_minus_frequency,frequency,rect_ifft,gce_deg,31,90.0,210.0,20,-2.641399751390727,-19.356153238160267,14.357142871107374,9,7,4,descriptive direction-wise interval; no multiplicity adjustment
rect_ifft_minus_frequency,frequency,rect_ifft,gce_deg,32,90.0,240.0,20,9.8480222429548,-0.8571427481515069,19.8590385058948,12,6,2,descriptive direction-wise interval; no multiplicity adjustment
rect_ifft_minus_frequency,frequency,rect_ifft,gce_deg,33,90.0,270.0,20,1.285714299338204,-23.14285711560931,29.57142858505249,4,6,10,descriptive direction-wise interval; no multiplicity adjustment
rect_ifft_minus_frequency,frequency,rect_ifft,gce_deg,34,90.0,300.0,20,1.7858599662780783,-15.867065965107509,20.172966817447133,9,10,1,descriptive direction-wise interval; no multiplicity adjustment
rect_ifft_minus_frequency,frequency,rect_ifft,gce_deg,35,90.0,330.0,20,-13.70275971548898,-31.457465962001258,3.623862598964172,7,11,2,descriptive direction-wise interval; no multiplicity adjustment
rect_ifft_minus_frequency,frequency,rect_ifft,gce_deg,36,120.0,0.0,20,-4.013567311423166,-12.810096400124687,1.9285710198538637,3,4,13,descriptive direction-wise interval; no multiplicity adjustment
rect_ifft_minus_frequency,frequency,rect_ifft,gce_deg,37,120.0,30.0,20,8.395717797960552,-1.6763607665470672,19.231361749853406,7,4,9,descriptive direction-wise interval; no multiplicity adjustment
rect_ifft_minus_frequency,frequency,rect_ifft,gce_deg,38,120.0,60.0,20,4.599331964765276,1.2659220014299661,8.485977934428625,10,2,8,descriptive direction-wise interval; no multiplicity adjustment
rect_ifft_minus_frequency,frequency,rect_ifft,gce_deg,39,120.0,90.0,20,-1.1643660817827486,-7.795700136252811,4.441519276074001,6,5,9,descriptive direction-wise interval; no multiplicity adjustment
rect_ifft_minus_frequency,frequency,rect_ifft,gce_deg,40,120.0,120.0,20,-4.747723906380789,-14.93316133873803,2.9658420692171377,6,4,10,descriptive direction-wise interval; no multiplicity adjustment
rect_ifft_minus_frequency,frequency,rect_ifft,gce_deg,41,120.0,150.0,20,7.992493792942594,-3.5899976961953257,21.337530225345066,6,4,10,descriptive direction-wise interval; no multiplicity adjustment
rect_ifft_minus_frequency,frequency,rect_ifft,gce_deg,42,120.0,180.0,20,-2.6801425797598712,-16.869699125971113,10.543555847236087,7,5,8,descriptive direction-wise interval; no multiplicity adjustment
rect_ifft_minus_frequency,frequency,rect_ifft,gce_deg,43,120.0,210.0,20,7.784405354091101,-3.006073262691497,18.752331031731206,8,7,5,descriptive direction-wise interval; no multiplicity adjustment
rect_ifft_minus_frequency,frequency,rect_ifft,gce_deg,44,120.0,240.0,20,5.225457423073906,-1.1467085507937813,12.544048285143715,8,5,7,descriptive direction-wise interval; no multiplicity adjustment
rect_ifft_minus_frequency,frequency,rect_ifft,gce_deg,45,120.0,270.0,20,3.5210313796997057,-6.666123243400031,15.800672583580026,5,5,10,descriptive direction-wise interval; no multiplicity adjustment
rect_ifft_minus_frequency,frequency,rect_ifft,gce_deg,46,120.0,300.0,20,5.517983450208391,-1.5651122740336836,12.975373217718941,8,3,9,descriptive direction-wise interval; no multiplicity adjustment
rect_ifft_minus_frequency,frequency,rect_ifft,gce_deg,47,120.0,330.0,20,3.198580796377999,-4.309213925089155,11.964285373006547,6,4,10,descriptive direction-wise interval; no multiplicity adjustment
rect_ifft_minus_frequency,frequency,rect_ifft,gce_deg,48,150.0,0.0,20,-4.522602312905447,-9.796126721927099,-0.020501311506530163,3,10,7,descriptive direction-wise interval; no multiplicity adjustment
rect_ifft_minus_frequency,frequency,rect_ifft,gce_deg,49,150.0,30.0,20,0.5580167702266146,-3.2794437905720306,4.365334108897619,4,2,14,descriptive direction-wise interval; no multiplicity adjustment
rect_ifft_minus_frequency,frequency,rect_ifft,gce_deg,50,150.0,60.0,20,2.652385405131748,-9.756027569089621,14.372528467178364,5,1,14,descriptive direction-wise interval; no multiplicity adjustment
rect_ifft_minus_frequency,frequency,rect_ifft,gce_deg,51,150.0,90.0,20,3.026156050818306,-5.520959692682539,12.214285475867133,5,3,12,descriptive direction-wise interval; no multiplicity adjustment
rect_ifft_minus_frequency,frequency,rect_ifft,gce_deg,52,150.0,120.0,20,0.6203476565224794,-1.6155479839869897,2.7799877030508857,3,2,15,descriptive direction-wise interval; no multiplicity adjustment
rect_ifft_minus_frequency,frequency,rect_ifft,gce_deg,53,150.0,150.0,20,0.31791872978210484,-11.830106510094234,10.821858306612297,7,2,11,descriptive direction-wise interval; no multiplicity adjustment
rect_ifft_minus_frequency,frequency,rect_ifft,gce_deg,54,150.0,180.0,20,-2.555415657588414,-8.285390020098005,2.389182734830039,3,5,12,descriptive direction-wise interval; no multiplicity adjustment
rect_ifft_minus_frequency,frequency,rect_ifft,gce_deg,55,150.0,210.0,20,3.6589438779013497,-4.285714326586041,10.627631921257295,5,2,13,descriptive direction-wise interval; no multiplicity adjustment
rect_ifft_minus_frequency,frequency,rect_ifft,gce_deg,56,150.0,240.0,20,0.4507185322897769,-7.990729100363597,8.934078106369311,4,5,11,descriptive direction-wise interval; no multiplicity adjustment
rect_ifft_minus_frequency,frequency,rect_ifft,gce_deg,57,150.0,270.0,20,-1.0554157120840888,-4.401154020854404,1.3214275223868235,2,3,15,descriptive direction-wise interval; no multiplicity adjustment
rect_ifft_minus_frequency,frequency,rect_ifft,gce_deg,58,150.0,300.0,20,5.703312982831682,-1.7385493142264234,14.806083747318814,3,4,13,descriptive direction-wise interval; no multiplicity adjustment
rect_ifft_minus_frequency,frequency,rect_ifft,gce_deg,59,150.0,330.0,20,-2.9446408271789566,-13.893294067893713,8.12824941447803,4,6,10,descriptive direction-wise interval; no multiplicity adjustment
rect_ifft_minus_frequency,frequency,rect_ifft,top1,0,30.0,0.0,20,-0.014285714285714282,-0.05,0.014285714285714294,1,2,17,descriptive direction-wise interval; no multiplicity adjustment
rect_ifft_minus_frequency,frequency,rect_ifft,top1,1,30.0,30.0,20,0.02857142857142857,-0.021428571428571425,0.07142857142857144,5,1,14,descriptive direction-wise interval; no multiplicity adjustment
rect_ifft_minus_frequency,frequency,rect_ifft,top1,2,30.0,60.0,20,-0.00714285714285714,-0.10714285714285712,0.10714285714285714,1,3,16,descriptive direction-wise interval; no multiplicity adjustment
rect_ifft_minus_frequency,frequency,rect_ifft,top1,3,30.0,90.0,20,-0.00714285714285714,-0.02857142857142857,0.014285714285714294,1,2,17,descriptive direction-wise interval; no multiplicity adjustment
rect_ifft_minus_frequency,frequency,rect_ifft,top1,4,30.0,120.0,20,-0.021428571428571425,-0.08571428571428572,0.03571428571428572,2,3,15,descriptive direction-wise interval; no multiplicity adjustment
rect_ifft_minus_frequency,frequency,rect_ifft,top1,5,30.0,150.0,20,-0.02857142857142857,-0.08571428571428572,0.02857142857142857,4,5,11,descriptive direction-wise interval; no multiplicity adjustment
rect_ifft_minus_frequency,frequency,rect_ifft,top1,6,30.0,180.0,20,-0.014285714285714285,-0.1,0.07142857142857142,2,3,15,descriptive direction-wise interval; no multiplicity adjustment
rect_ifft_minus_frequency,frequency,rect_ifft,top1,7,30.0,210.0,20,0.05,-0.02142857142857143,0.12142857142857141,6,1,13,descriptive direction-wise interval; no multiplicity adjustment
rect_ifft_minus_frequency,frequency,rect_ifft,top1,8,30.0,240.0,20,0.007142857142857143,-0.04285714285714285,0.05,3,2,15,descriptive direction-wise interval; no multiplicity adjustment
rect_ifft_minus_frequency,frequency,rect_ifft,top1,9,30.0,270.0,20,-0.02857142857142857,-0.12142857142857141,0.05714285714285714,1,3,16,descriptive direction-wise interval; no multiplicity adjustment
rect_ifft_minus_frequency,frequency,rect_ifft,top1,10,30.0,300.0,20,-0.01428571428571429,-0.05714285714285715,0.02857142857142857,1,3,16,descriptive direction-wise interval; no multiplicity adjustment
rect_ifft_minus_frequency,frequency,rect_ifft,top1,11,30.0,330.0,20,-0.014285714285714287,-0.08571428571428572,0.05714285714285714,2,3,15,descriptive direction-wise interval; no multiplicity adjustment
rect_ifft_minus_frequency,frequency,rect_ifft,top1,12,60.0,0.0,20,0.02142857142857143,-0.05000000000000001,0.1,3,2,15,descriptive direction-wise interval; no multiplicity adjustment
rect_ifft_minus_frequency,frequency,rect_ifft,top1,13,60.0,30.0,20,0.007142857142857145,-0.07142857142857144,0.1,4,5,11,descriptive direction-wise interval; no multiplicity adjustment
rect_ifft_minus_frequency,frequency,rect_ifft,top1,14,60.0,60.0,20,-0.02857142857142858,-0.10714285714285716,0.05714285714285715,3,8,9,descriptive direction-wise interval; no multiplicity adjustment
rect_ifft_minus_frequency,frequency,rect_ifft,top1,15,60.0,90.0,20,-0.02857142857142857,-0.10714285714285714,0.03571428571428571,2,3,15,descriptive direction-wise interval; no multiplicity adjustment
rect_ifft_minus_frequency,frequency,rect_ifft,top1,16,60.0,120.0,20,-5.551115123125783e-18,-0.09285714285714285,0.1,3,4,13,descriptive direction-wise interval; no multiplicity adjustment
rect_ifft_minus_frequency,frequency,rect_ifft,top1,17,60.0,150.0,20,-0.06428571428571428,-0.20714285714285716,0.06428571428571431,5,6,9,descriptive direction-wise interval; no multiplicity adjustment
rect_ifft_minus_frequency,frequency,rect_ifft,top1,18,60.0,180.0,20,0.06428571428571428,0.01428571428571428,0.1357142857142857,5,0,15,descriptive direction-wise interval; no multiplicity adjustment
rect_ifft_minus_frequency,frequency,rect_ifft,top1,19,60.0,210.0,20,-0.1,-0.20714285714285713,-0.014285714285714285,2,6,12,descriptive direction-wise interval; no multiplicity adjustment
rect_ifft_minus_frequency,frequency,rect_ifft,top1,20,60.0,240.0,20,-0.09285714285714286,-0.17857142857142855,-0.014285714285714285,3,8,9,descriptive direction-wise interval; no multiplicity adjustment
rect_ifft_minus_frequency,frequency,rect_ifft,top1,21,60.0,270.0,20,-0.04285714285714286,-0.1285714285714286,0.01428571428571429,1,2,17,descriptive direction-wise interval; no multiplicity adjustment
rect_ifft_minus_frequency,frequency,rect_ifft,top1,22,60.0,300.0,20,0.02857142857142857,-0.007142857142857148,0.07142857142857142,4,1,15,descriptive direction-wise interval; no multiplicity adjustment
rect_ifft_minus_frequency,frequency,rect_ifft,top1,23,60.0,330.0,20,-0.05,-0.10714285714285714,8.326672684688674e-18,2,6,12,descriptive direction-wise interval; no multiplicity adjustment
rect_ifft_minus_frequency,frequency,rect_ifft,top1,24,90.0,0.0,20,0.028571428571428574,-0.06428571428571431,0.12857142857142856,8,7,5,descriptive direction-wise interval; no multiplicity adjustment
rect_ifft_minus_frequency,frequency,rect_ifft,top1,25,90.0,30.0,20,-0.00714285714285714,-0.1,0.07857142857142858,7,6,7,descriptive direction-wise interval; no multiplicity adjustment
rect_ifft_minus_frequency,frequency,rect_ifft,top1,26,90.0,60.0,20,0.07857142857142854,-0.05714285714285714,0.2,10,4,6,descriptive direction-wise interval; no multiplicity adjustment
rect_ifft_minus_frequency,frequency,rect_ifft,top1,27,90.0,90.0,20,0.021428571428571432,-0.1571428571428571,0.20714285714285716,7,6,7,descriptive direction-wise interval; no multiplicity adjustment
rect_ifft_minus_frequency,frequency,rect_ifft,top1,28,90.0,120.0,20,0.0642857142857143,8.326672684688674e-18,0.12857142857142856,8,2,10,descriptive direction-wise interval; no multiplicity adjustment
rect_ifft_minus_frequency,frequency,rect_ifft,top1,29,90.0,150.0,20,0.02142857142857143,-0.07142857142857142,0.1142857142857143,7,6,7,descriptive direction-wise interval; no multiplicity adjustment
rect_ifft_minus_frequency,frequency,rect_ifft,top1,30,90.0,180.0,20,0.021428571428571436,-0.07142857142857142,0.12142857142857144,7,7,6,descriptive direction-wise interval; no multiplicity adjustment
rect_ifft_minus_frequency,frequency,rect_ifft,top1,31,90.0,210.0,20,-0.007142857142857143,-0.1,0.09285714285714285,6,7,7,descriptive direction-wise interval; no multiplicity adjustment
rect_ifft_minus_frequency,frequency,rect_ifft,top1,32,90.0,240.0,20,-0.09285714285714286,-0.1785714285714286,-0.007142857142857143,2,9,9,descriptive direction-wise interval; no multiplicity adjustment
rect_ifft_minus_frequency,frequency,rect_ifft,top1,33,90.0,270.0,20,-0.014285714285714287,-0.17142857142857143,0.12142857142857141,5,4,11,descriptive direction-wise interval; no multiplicity adjustment
rect_ifft_minus_frequency,frequency,rect_ifft,top1,34,90.0,300.0,20,0.021428571428571425,-0.09999999999999999,0.15,7,7,6,descriptive direction-wise interval; no multiplicity adjustment
rect_ifft_minus_frequency,frequency,rect_ifft,top1,35,90.0,330.0,20,0.07857142857142857,-0.007142857142857143,0.17142857142857143,9,5,6,descriptive direction-wise interval; no multiplicity adjustment
rect_ifft_minus_frequency,frequency,rect_ifft,top1,36,120.0,0.0,20,-0.014285714285714285,-0.05,0.01428571428571429,1,2,17,descriptive direction-wise interval; no multiplicity adjustment
rect_ifft_minus_frequency,frequency,rect_ifft,top1,37,120.0,30.0,20,-0.049999999999999996,-0.14285714285714285,0.035714285714285726,3,6,11,descriptive direction-wise interval; no multiplicity adjustment
rect_ifft_minus_frequency,frequency,rect_ifft,top1,38,120.0,60.0,20,-0.05714285714285714,-0.10714285714285712,-0.01428571428571428,1,7,12,descriptive direction-wise interval; no multiplicity adjustment
rect_ifft_minus_frequency,frequency,rect_ifft,top1,39,120.0,90.0,20,-0.007142857142857145,-0.05714285714285715,0.04285714285714286,3,4,13,descriptive direction-wise interval; no multiplicity adjustment
rect_ifft_minus_frequency,frequency,rect_ifft,top1,40,120.0,120.0,20,0.03571428571428571,-0.028571428571428574,0.11428571428571428,3,2,15,descriptive direction-wise interval; no multiplicity adjustment
rect_ifft_minus_frequency,frequency,rect_ifft,top1,41,120.0,150.0,20,-0.06428571428571428,-0.17142857142857143,0.028571428571428574,2,5,13,descriptive direction-wise interval; no multiplicity adjustment
rect_ifft_minus_frequency,frequency,rect_ifft,top1,42,120.0,180.0,20,0.050000000000000024,-0.0857142857142857,0.2,6,4,10,descriptive direction-wise interval; no multiplicity adjustment
rect_ifft_minus_frequency,frequency,rect_ifft,top1,43,120.0,210.0,20,-0.04285714285714285,-0.14285714285714285,0.05,3,5,12,descriptive direction-wise interval; no multiplicity adjustment
rect_ifft_minus_frequency,frequency,rect_ifft,top1,44,120.0,240.0,20,-0.014285714285714287,-0.10714285714285714,0.07857142857142856,3,4,13,descriptive direction-wise interval; no multiplicity adjustment
rect_ifft_minus_frequency,frequency,rect_ifft,top1,45,120.0,270.0,20,0.05,-0.0714285714285714,0.1714285714285714,5,3,12,descriptive direction-wise interval; no multiplicity adjustment
rect_ifft_minus_frequency,frequency,rect_ifft,top1,46,120.0,300.0,20,-0.02142857142857143,-0.08571428571428572,0.04999999999999999,2,5,13,descriptive direction-wise interval; no multiplicity adjustment
rect_ifft_minus_frequency,frequency,rect_ifft,top1,47,120.0,330.0,20,-0.028571428571428564,-0.1357142857142857,0.07142857142857145,3,5,12,descriptive direction-wise interval; no multiplicity adjustment
rect_ifft_minus_frequency,frequency,rect_ifft,top1,48,150.0,0.0,20,0.02857142857142858,-0.0357142857142857,0.0785714285714286,8,2,10,descriptive direction-wise interval; no multiplicity adjustment
rect_ifft_minus_frequency,frequency,rect_ifft,top1,49,150.0,30.0,20,0.02857142857142857,-0.014285714285714285,0.08571428571428572,2,1,17,descriptive direction-wise interval; no multiplicity adjustment
rect_ifft_minus_frequency,frequency,rect_ifft,top1,50,150.0,60.0,20,-0.02857142857142857,-0.12142857142857141,0.05714285714285714,1,3,16,descriptive direction-wise interval; no multiplicity adjustment
rect_ifft_minus_frequency,frequency,rect_ifft,top1,51,150.0,90.0,20,-0.05,-0.10714285714285714,-0.007142857142857143,0,4,16,descriptive direction-wise interval; no multiplicity adjustment
rect_ifft_minus_frequency,frequency,rect_ifft,top1,52,150.0,120.0,20,-0.05714285714285714,-0.1357142857142857,0.0,0,3,17,descriptive direction-wise interval; no multiplicity adjustment
rect_ifft_minus_frequency,frequency,rect_ifft,top1,53,150.0,150.0,20,0.02142857142857143,-0.08571428571428572,0.15,2,3,15,descriptive direction-wise interval; no multiplicity adjustment
rect_ifft_minus_frequency,frequency,rect_ifft,top1,54,150.0,180.0,20,0.021428571428571432,-0.02142857142857143,0.07857142857142858,3,2,15,descriptive direction-wise interval; no multiplicity adjustment
rect_ifft_minus_frequency,frequency,rect_ifft,top1,55,150.0,210.0,20,0.0,-0.05714285714285714,0.07142857142857142,1,2,17,descriptive direction-wise interval; no multiplicity adjustment
rect_ifft_minus_frequency,frequency,rect_ifft,top1,56,150.0,240.0,20,0.02142857142857143,-0.021428571428571432,0.07857142857142857,3,2,15,descriptive direction-wise interval; no multiplicity adjustment
rect_ifft_minus_frequency,frequency,rect_ifft,top1,57,150.0,270.0,20,2.7755575615628915e-18,-0.02142857142857143,0.021428571428571436,1,1,18,descriptive direction-wise interval; no multiplicity adjustment
rect_ifft_minus_frequency,frequency,rect_ifft,top1,58,150.0,300.0,20,-0.04285714285714286,-0.10714285714285714,0.0,0,3,17,descriptive direction-wise interval; no multiplicity adjustment
rect_ifft_minus_frequency,frequency,rect_ifft,top1,59,150.0,330.0,20,0.007142857142857148,-0.07857142857142856,0.10714285714285714,3,3,14,descriptive direction-wise interval; no multiplicity adjustment
rect_ifft_minus_frequency,frequency,rect_ifft,tail_gt90,0,30.0,0.0,20,0.014285714285714285,-0.02857142857142857,0.05714285714285714,3,1,16,descriptive direction-wise interval; no multiplicity adjustment
rect_ifft_minus_frequency,frequency,rect_ifft,tail_gt90,1,30.0,30.0,20,0.02857142857142857,-0.03571428571428571,0.11428571428571428,3,2,15,descriptive direction-wise interval; no multiplicity adjustment
rect_ifft_minus_frequency,frequency,rect_ifft,tail_gt90,2,30.0,60.0,20,-0.02857142857142858,-0.14285714285714285,0.07142857142857142,1,3,16,descriptive direction-wise interval; no multiplicity adjustment
rect_ifft_minus_frequency,frequency,rect_ifft,tail_gt90,3,30.0,90.0,20,-0.007142857142857145,-0.04285714285714286,0.03571428571428571,1,3,16,descriptive direction-wise interval; no multiplicity adjustment
rect_ifft_minus_frequency,frequency,rect_ifft,tail_gt90,4,30.0,120.0,20,0.04285714285714285,-0.0071428571428571504,0.11428571428571428,3,1,16,descriptive direction-wise interval; no multiplicity adjustment
rect_ifft_minus_frequency,frequency,rect_ifft,tail_gt90,5,30.0,150.0,20,-0.05,-0.10714285714285714,-0.007142857142857143,0,4,16,descriptive direction-wise interval; no multiplicity adjustment
rect_ifft_minus_frequency,frequency,rect_ifft,tail_gt90,6,30.0,180.0,20,-2.7755575615628915e-18,-0.03571428571428571,0.02857142857142857,2,1,17,descriptive direction-wise interval; no multiplicity adjustment
rect_ifft_minus_frequency,frequency,rect_ifft,tail_gt90,7,30.0,210.0,20,-0.03571428571428571,-0.09285714285714285,0.0071428571428571504,1,3,16,descriptive direction-wise interval; no multiplicity adjustment
rect_ifft_minus_frequency,frequency,rect_ifft,tail_gt90,8,30.0,240.0,20,-0.00714285714285714,-0.05,0.03571428571428571,3,3,14,descriptive direction-wise interval; no multiplicity adjustment
rect_ifft_minus_frequency,frequency,rect_ifft,tail_gt90,9,30.0,270.0,20,0.02142857142857143,-0.014285714285714285,0.07142857142857142,2,1,17,descriptive direction-wise interval; no multiplicity adjustment
rect_ifft_minus_frequency,frequency,rect_ifft,tail_gt90,10,30.0,300.0,20,0.02857142857142857,-0.02857142857142857,0.10714285714285714,3,3,14,descriptive direction-wise interval; no multiplicity adjustment
rect_ifft_minus_frequency,frequency,rect_ifft,tail_gt90,11,30.0,330.0,20,-0.03571428571428571,-0.1,0.014285714285714285,2,3,15,descriptive direction-wise interval; no multiplicity adjustment
rect_ifft_minus_frequency,frequency,rect_ifft,tail_gt90,12,60.0,0.0,20,0.03571428571428571,0.0,0.09285714285714286,2,0,18,descriptive direction-wise interval; no multiplicity adjustment
rect_ifft_minus_frequency,frequency,rect_ifft,tail_gt90,13,60.0,30.0,20,-0.03571428571428571,-0.11428571428571428,0.014285714285714285,1,2,17,descriptive direction-wise interval; no multiplicity adjustment
rect_ifft_minus_frequency,frequency,rect_ifft,tail_gt90,14,60.0,60.0,20,0.007142857142857143,-0.02857142857142857,0.05,2,2,16,descriptive direction-wise interval; no multiplicity adjustment
rect_ifft_minus_frequency,frequency,rect_ifft,tail_gt90,15,60.0,90.0,20,-0.02142857142857143,-0.05714285714285715,0.01428571428571428,1,3,16,descriptive direction-wise interval; no multiplicity adjustment
rect_ifft_minus_frequency,frequency,rect_ifft,tail_gt90,16,60.0,120.0,20,-0.007142857142857145,-0.07857142857142857,0.05714285714285714,5,4,11,descriptive direction-wise interval; no multiplicity adjustment
rect_ifft_minus_frequency,frequency,rect_ifft,tail_gt90,17,60.0,150.0,20,0.02857142857142857,-0.03571428571428571,0.10714285714285714,2,3,15,descriptive direction-wise interval; no multiplicity adjustment
rect_ifft_minus_frequency,frequency,rect_ifft,tail_gt90,18,60.0,180.0,20,-0.04285714285714285,-0.1214285714285714,0.0,0,2,18,descriptive direction-wise interval; no multiplicity adjustment
rect_ifft_minus_frequency,frequency,rect_ifft,tail_gt90,19,60.0,210.0,20,0.09285714285714286,-0.014285714285714294,0.2214285714285714,5,3,12,descriptive direction-wise interval; no multiplicity adjustment
rect_ifft_minus_frequency,frequency,rect_ifft,tail_gt90,20,60.0,240.0,20,0.05714285714285714,-0.021428571428571432,0.13571428571428573,6,2,12,descriptive direction-wise interval; no multiplicity adjustment
rect_ifft_minus_frequency,frequency,rect_ifft,tail_gt90,21,60.0,270.0,20,0.07142857142857142,0.0,0.1857142857142857,5,1,14,descriptive direction-wise interval; no multiplicity adjustment
rect_ifft_minus_frequency,frequency,rect_ifft,tail_gt90,22,60.0,300.0,20,-0.014285714285714287,-0.04285714285714286,0.014285714285714282,1,3,16,descriptive direction-wise interval; no multiplicity adjustment
rect_ifft_minus_frequency,frequency,rect_ifft,tail_gt90,23,60.0,330.0,20,0.06428571428571428,0.007142857142857143,0.13571428571428573,5,1,14,descriptive direction-wise interval; no multiplicity adjustment
rect_ifft_minus_frequency,frequency,rect_ifft,tail_gt90,24,90.0,0.0,20,-0.01428571428571428,-0.14285714285714285,0.11428571428571428,8,8,4,descriptive direction-wise interval; no multiplicity adjustment
rect_ifft_minus_frequency,frequency,rect_ifft,tail_gt90,25,90.0,30.0,20,2.7755575615628915e-18,-0.1,0.10714285714285714,8,8,4,descriptive direction-wise interval; no multiplicity adjustment
rect_ifft_minus_frequency,frequency,rect_ifft,tail_gt90,26,90.0,60.0,20,-0.13571428571428573,-0.27142857142857146,0.01428571428571428,4,13,3,descriptive direction-wise interval; no multiplicity adjustment
rect_ifft_minus_frequency,frequency,rect_ifft,tail_gt90,27,90.0,90.0,20,-0.007142857142857123,-0.19999999999999998,0.1642857142857143,8,7,5,descriptive direction-wise interval; no multiplicity adjustment
rect_ifft_minus_frequency,frequency,rect_ifft,tail_gt90,28,90.0,120.0,20,-0.07142857142857142,-0.14999999999999997,0.0,3,8,9,descriptive direction-wise interval; no multiplicity adjustment
rect_ifft_minus_frequency,frequency,rect_ifft,tail_gt90,29,90.0,150.0,20,0.02142857142857143,-0.1,0.14285714285714285,8,7,5,descriptive direction-wise interval; no multiplicity adjustment
rect_ifft_minus_frequency,frequency,rect_ifft,tail_gt90,30,90.0,180.0,20,-0.05714285714285714,-0.17857142857142858,0.0642857142857143,8,10,2,descriptive direction-wise interval; no multiplicity adjustment
rect_ifft_minus_frequency,frequency,rect_ifft,tail_gt90,31,90.0,210.0,20,-0.04285714285714285,-0.15714285714285714,0.07142857142857142,6,8,6,descriptive direction-wise interval; no multiplicity adjustment
rect_ifft_minus_frequency,frequency,rect_ifft,tail_gt90,32,90.0,240.0,20,0.05714285714285714,-0.02142857142857143,0.13571428571428573,10,6,4,descriptive direction-wise interval; no multiplicity adjustment
rect_ifft_minus_frequency,frequency,rect_ifft,tail_gt90,33,90.0,270.0,20,0.007142857142857143,-0.12857142857142856,0.16428571428571428,4,6,10,descriptive direction-wise interval; no multiplicity adjustment
rect_ifft_minus_frequency,frequency,rect_ifft,tail_gt90,34,90.0,300.0,20,0.014285714285714285,-0.10714285714285714,0.12857142857142856,7,5,8,descriptive direction-wise interval; no multiplicity adjustment
rect_ifft_minus_frequency,frequency,rect_ifft,tail_gt90,35,90.0,330.0,20,-0.1,-0.22142857142857145,0.02142857142857143,6,10,4,descriptive direction-wise interval; no multiplicity adjustment
rect_ifft_minus_frequency,frequency,rect_ifft,tail_gt90,36,120.0,0.0,20,-0.014285714285714285,-0.07857142857142857,0.02857142857142857,2,1,17,descriptive direction-wise interval; no multiplicity adjustment
rect_ifft_minus_frequency,frequency,rect_ifft,tail_gt90,37,120.0,30.0,20,0.05,-0.014285714285714285,0.11428571428571428,5,1,14,descriptive direction-wise interval; no multiplicity adjustment
rect_ifft_minus_frequency,frequency,rect_ifft,tail_gt90,38,120.0,60.0,20,0.021428571428571425,-0.01428571428571429,0.05714285714285714,3,1,16,descriptive direction-wise interval; no multiplicity adjustment
rect_ifft_minus_frequency,frequency,rect_ifft,tail_gt90,39,120.0,90.0,20,-0.03571428571428571,-0.10000000000000002,0.02142857142857143,2,3,15,descriptive direction-wise interval; no multiplicity adjustment
rect_ifft_minus_frequency,frequency,rect_ifft,tail_gt90,40,120.0,120.0,20,-0.03571428571428571,-0.13571428571428568,0.05714285714285714,2,4,14,descriptive direction-wise interval; no multiplicity adjustment
rect_ifft_minus_frequency,frequency,rect_ifft,tail_gt90,41,120.0,150.0,20,0.06428571428571428,0.0,0.14999999999999997,3,0,17,descriptive direction-wise interval; no multiplicity adjustment
rect_ifft_minus_frequency,frequency,rect_ifft,tail_gt90,42,120.0,180.0,20,-0.02142857142857143,-0.11428571428571428,0.07142857142857142,2,3,15,descriptive direction-wise interval; no multiplicity adjustment
rect_ifft_minus_frequency,frequency,rect_ifft,tail_gt90,43,120.0,210.0,20,0.07142857142857142,-0.02857142857142857,0.17142857142857143,6,3,11,descriptive direction-wise interval; no multiplicity adjustment
rect_ifft_minus_frequency,frequency,rect_ifft,tail_gt90,44,120.0,240.0,20,0.028571428571428564,-0.02142857142857143,0.08571428571428572,3,2,15,descriptive direction-wise interval; no multiplicity adjustment
rect_ifft_minus_frequency,frequency,rect_ifft,tail_gt90,45,120.0,270.0,20,0.0642857142857143,-0.0071428571428571366,0.15714285714285714,5,2,13,descriptive direction-wise interval; no multiplicity adjustment
rect_ifft_minus_frequency,frequency,rect_ifft,tail_gt90,46,120.0,300.0,20,0.04285714285714286,-0.01428571428571429,0.10714285714285714,4,1,15,descriptive direction-wise interval; no multiplicity adjustment
rect_ifft_minus_frequency,frequency,rect_ifft,tail_gt90,47,120.0,330.0,20,0.02857142857142857,-0.007142857142857143,0.07142857142857142,3,1,16,descriptive direction-wise interval; no multiplicity adjustment
rect_ifft_minus_frequency,frequency,rect_ifft,tail_gt90,48,150.0,0.0,20,-0.03571428571428571,-0.08571428571428572,0.0,0,3,17,descriptive direction-wise interval; no multiplicity adjustment
rect_ifft_minus_frequency,frequency,rect_ifft,tail_gt90,49,150.0,30.0,20,0.03571428571428571,-0.00714285714285714,0.08571428571428572,4,1,15,descriptive direction-wise interval; no multiplicity adjustment
rect_ifft_minus_frequency,frequency,rect_ifft,tail_gt90,50,150.0,60.0,20,0.00714285714285714,-0.09285714285714286,0.1,2,1,17,descriptive direction-wise interval; no multiplicity adjustment
rect_ifft_minus_frequency,frequency,rect_ifft,tail_gt90,51,150.0,90.0,20,0.0,-0.06428571428571428,0.0642857142857143,2,2,16,descriptive direction-wise interval; no multiplicity adjustment
rect_ifft_minus_frequency,frequency,rect_ifft,tail_gt90,52,150.0,120.0,20,-0.007142857142857143,-0.02142857142857143,0.0,0,1,19,descriptive direction-wise interval; no multiplicity adjustment
rect_ifft_minus_frequency,frequency,rect_ifft,tail_gt90,53,150.0,150.0,20,0.028571428571428574,-0.049999999999999996,0.10714285714285714,6,2,12,descriptive direction-wise interval; no multiplicity adjustment
rect_ifft_minus_frequency,frequency,rect_ifft,tail_gt90,54,150.0,180.0,20,-0.007142857142857143,-0.07857142857142857,0.05,2,1,17,descriptive direction-wise interval; no multiplicity adjustment
rect_ifft_minus_frequency,frequency,rect_ifft,tail_gt90,55,150.0,210.0,20,0.03571428571428571,-0.049999999999999996,0.12142857142857141,4,2,14,descriptive direction-wise interval; no multiplicity adjustment
rect_ifft_minus_frequency,frequency,rect_ifft,tail_gt90,56,150.0,240.0,20,0.01428571428571428,-0.05714285714285715,0.08571428571428572,2,2,16,descriptive direction-wise interval; no multiplicity adjustment
rect_ifft_minus_frequency,frequency,rect_ifft,tail_gt90,57,150.0,270.0,20,-0.007142857142857143,-0.04285714285714286,0.02142857142857143,1,1,18,descriptive direction-wise interval; no multiplicity adjustment
rect_ifft_minus_frequency,frequency,rect_ifft,tail_gt90,58,150.0,300.0,20,0.05,-0.014285714285714285,0.12142857142857144,4,1,15,descriptive direction-wise interval; no multiplicity adjustment
rect_ifft_minus_frequency,frequency,rect_ifft,tail_gt90,59,150.0,330.0,20,-0.03571428571428572,-0.12142857142857141,0.05714285714285713,1,4,15,descriptive direction-wise interval; no multiplicity adjustment
rect_ifft_minus_frequency,frequency,rect_ifft,tail_ge150,0,30.0,0.0,20,0.007142857142857143,-0.049999999999999996,0.05714285714285714,3,1,16,descriptive direction-wise interval; no multiplicity adjustment
rect_ifft_minus_frequency,frequency,rect_ifft,tail_ge150,1,30.0,30.0,20,0.05,-0.007142857142857143,0.15,3,1,16,descriptive direction-wise interval; no multiplicity adjustment
rect_ifft_minus_frequency,frequency,rect_ifft,tail_ge150,2,30.0,60.0,20,-0.021428571428571436,-0.13571428571428573,0.07857142857142856,1,2,17,descriptive direction-wise interval; no multiplicity adjustment
rect_ifft_minus_frequency,frequency,rect_ifft,tail_ge150,3,30.0,90.0,20,0.028571428571428574,-0.01428571428571428,0.07857142857142858,3,1,16,descriptive direction-wise interval; no multiplicity adjustment
rect_ifft_minus_frequency,frequency,rect_ifft,tail_ge150,4,30.0,120.0,20,0.014285714285714285,0.0,0.03571428571428571,2,0,18,descriptive direction-wise interval; no multiplicity adjustment
rect_ifft_minus_frequency,frequency,rect_ifft,tail_ge150,5,30.0,150.0,20,-0.03571428571428572,-0.1285714285714286,0.02142857142857143,1,1,18,descriptive direction-wise interval; no multiplicity adjustment
rect_ifft_minus_frequency,frequency,rect_ifft,tail_ge150,6,30.0,180.0,20,-0.014285714285714285,-0.04285714285714286,0.0,0,1,19,descriptive direction-wise interval; no multiplicity adjustment
rect_ifft_minus_frequency,frequency,rect_ifft,tail_ge150,7,30.0,210.0,20,-0.02857142857142857,-0.06428571428571428,0.0,0,3,17,descriptive direction-wise interval; no multiplicity adjustment
rect_ifft_minus_frequency,frequency,rect_ifft,tail_ge150,8,30.0,240.0,20,0.021428571428571425,-0.021428571428571432,0.07857142857142856,3,2,15,descriptive direction-wise interval; no multiplicity adjustment
rect_ifft_minus_frequency,frequency,rect_ifft,tail_ge150,9,30.0,270.0,20,0.007142857142857143,0.0,0.02142857142857143,1,0,19,descriptive direction-wise interval; no multiplicity adjustment
rect_ifft_minus_frequency,frequency,rect_ifft,tail_ge150,10,30.0,300.0,20,0.05,0.0,0.12142857142857141,3,0,17,descriptive direction-wise interval; no multiplicity adjustment
rect_ifft_minus_frequency,frequency,rect_ifft,tail_ge150,11,30.0,330.0,20,0.007142857142857143,-0.014285714285714285,0.02857142857142857,2,1,17,descriptive direction-wise interval; no multiplicity adjustment
rect_ifft_minus_frequency,frequency,rect_ifft,tail_ge150,12,60.0,0.0,20,-0.007142857142857143,-0.02142857142857143,0.0,0,1,19,descriptive direction-wise interval; no multiplicity adjustment
rect_ifft_minus_frequency,frequency,rect_ifft,tail_ge150,13,60.0,30.0,20,0.0,0.0,0.0,0,0,20,descriptive direction-wise interval; no multiplicity adjustment
rect_ifft_minus_frequency,frequency,rect_ifft,tail_ge150,14,60.0,60.0,20,0.007142857142857143,0.0,0.02142857142857143,1,0,19,descriptive direction-wise interval; no multiplicity adjustment
rect_ifft_minus_frequency,frequency,rect_ifft,tail_ge150,15,60.0,90.0,20,-0.021428571428571425,-0.05714285714285714,0.01428571428571429,1,3,16,descriptive direction-wise interval; no multiplicity adjustment
rect_ifft_minus_frequency,frequency,rect_ifft,tail_ge150,16,60.0,120.0,20,0.0,0.0,0.0,0,0,20,descriptive direction-wise interval; no multiplicity adjustment
rect_ifft_minus_frequency,frequency,rect_ifft,tail_ge150,17,60.0,150.0,20,0.0,-0.07142857142857142,0.05,4,1,15,descriptive direction-wise interval; no multiplicity adjustment
rect_ifft_minus_frequency,frequency,rect_ifft,tail_ge150,18,60.0,180.0,20,-0.007142857142857143,-0.02142857142857143,0.0,0,1,19,descriptive direction-wise interval; no multiplicity adjustment
rect_ifft_minus_frequency,frequency,rect_ifft,tail_ge150,19,60.0,210.0,20,0.04285714285714286,-0.007142857142857143,0.12857142857142856,3,1,16,descriptive direction-wise interval; no multiplicity adjustment
rect_ifft_minus_frequency,frequency,rect_ifft,tail_ge150,20,60.0,240.0,20,0.02142857142857143,-0.014285714285714285,0.05714285714285714,3,1,16,descriptive direction-wise interval; no multiplicity adjustment
rect_ifft_minus_frequency,frequency,rect_ifft,tail_ge150,21,60.0,270.0,20,0.02857142857142857,-0.007142857142857143,0.07142857142857142,4,1,15,descriptive direction-wise interval; no multiplicity adjustment
rect_ifft_minus_frequency,frequency,rect_ifft,tail_ge150,22,60.0,300.0,20,0.007142857142857143,0.0,0.02142857142857143,1,0,19,descriptive direction-wise interval; no multiplicity adjustment
rect_ifft_minus_frequency,frequency,rect_ifft,tail_ge150,23,60.0,330.0,20,-0.007142857142857143,-0.05,0.02857142857142857,2,2,16,descriptive direction-wise interval; no multiplicity adjustment
rect_ifft_minus_frequency,frequency,rect_ifft,tail_ge150,24,90.0,0.0,20,-0.02857142857142857,-0.15,0.09285714285714286,8,8,4,descriptive direction-wise interval; no multiplicity adjustment
rect_ifft_minus_frequency,frequency,rect_ifft,tail_ge150,25,90.0,30.0,20,2.7755575615628915e-18,-0.09999999999999999,0.1,6,6,8,descriptive direction-wise interval; no multiplicity adjustment
rect_ifft_minus_frequency,frequency,rect_ifft,tail_ge150,26,90.0,60.0,20,-0.09285714285714283,-0.22857142857142856,0.05,5,11,4,descriptive direction-wise interval; no multiplicity adjustment
rect_ifft_minus_frequency,frequency,rect_ifft,tail_ge150,27,90.0,90.0,20,-0.007142857142857123,-0.19999999999999998,0.17142857142857143,8,7,5,descriptive direction-wise interval; no multiplicity adjustment
rect_ifft_minus_frequency,frequency,rect_ifft,tail_ge150,28,90.0,120.0,20,-0.02142857142857143,-0.10714285714285714,0.07142857142857142,3,6,11,descriptive direction-wise interval; no multiplicity adjustment
rect_ifft_minus_frequency,frequency,rect_ifft,tail_ge150,29,90.0,150.0,20,0.02142857142857141,-0.07857142857142858,0.12857142857142856,6,6,8,descriptive direction-wise interval; no multiplicity adjustment
rect_ifft_minus_frequency,frequency,rect_ifft,tail_ge150,30,90.0,180.0,20,-0.04285714285714286,-0.15714285714285714,0.07142857142857142,8,9,3,descriptive direction-wise interval; no multiplicity adjustment
rect_ifft_minus_frequency,frequency,rect_ifft,tail_ge150,31,90.0,210.0,20,-0.007142857142857143,-0.09999999999999999,0.08571428571428572,6,6,8,descriptive direction-wise interval; no multiplicity adjustment
rect_ifft_minus_frequency,frequency,rect_ifft,tail_ge150,32,90.0,240.0,20,0.014285714285714285,-0.04285714285714286,0.07142857142857142,5,4,11,descriptive direction-wise interval; no multiplicity adjustment
rect_ifft_minus_frequency,frequency,rect_ifft,tail_ge150,33,90.0,270.0,20,0.007142857142857143,-0.12857142857142856,0.16428571428571428,4,6,10,descriptive direction-wise interval; no multiplicity adjustment
rect_ifft_minus_frequency,frequency,rect_ifft,tail_ge150,34,90.0,300.0,20,0.014285714285714285,-0.10714285714285716,0.13571428571428573,5,5,10,descriptive direction-wise interval; no multiplicity adjustment
rect_ifft_minus_frequency,frequency,rect_ifft,tail_ge150,35,90.0,330.0,20,-0.04285714285714286,-0.15,0.07142857142857141,6,8,6,descriptive direction-wise interval; no multiplicity adjustment
rect_ifft_minus_frequency,frequency,rect_ifft,tail_ge150,36,120.0,0.0,20,-0.03571428571428571,-0.1,0.0,0,2,18,descriptive direction-wise interval; no multiplicity adjustment
rect_ifft_minus_frequency,frequency,rect_ifft,tail_ge150,37,120.0,30.0,20,0.0,-0.02142857142857143,0.02142857142857143,1,1,18,descriptive direction-wise interval; no multiplicity adjustment
rect_ifft_minus_frequency,frequency,rect_ifft,tail_ge150,38,120.0,60.0,20,0.014285714285714285,0.0,0.03571428571428571,2,0,18,descriptive direction-wise interval; no multiplicity adjustment
rect_ifft_minus_frequency,frequency,rect_ifft,tail_ge150,39,120.0,90.0,20,0.007142857142857143,-0.014285714285714294,0.02857142857142858,2,1,17,descriptive direction-wise interval; no multiplicity adjustment
rect_ifft_minus_frequency,frequency,rect_ifft,tail_ge150,40,120.0,120.0,20,-0.007142857142857143,-0.02142857142857143,0.0,0,1,19,descriptive direction-wise interval; no multiplicity adjustment
rect_ifft_minus_frequency,frequency,rect_ifft,tail_ge150,41,120.0,150.0,20,0.0,-0.07142857142857142,0.05714285714285714,2,1,17,descriptive direction-wise interval; no multiplicity adjustment
rect_ifft_minus_frequency,frequency,rect_ifft,tail_ge150,42,120.0,180.0,20,-0.014285714285714285,-0.03571428571428571,0.0,0,2,18,descriptive direction-wise interval; no multiplicity adjustment
rect_ifft_minus_frequency,frequency,rect_ifft,tail_ge150,43,120.0,210.0,20,0.02857142857142857,0.0,0.06428571428571428,3,0,17,descriptive direction-wise interval; no multiplicity adjustment
rect_ifft_minus_frequency,frequency,rect_ifft,tail_ge150,44,120.0,240.0,20,0.04285714285714285,-0.007142857142857143,0.11428571428571428,4,1,15,descriptive direction-wise interval; no multiplicity adjustment
rect_ifft_minus_frequency,frequency,rect_ifft,tail_ge150,45,120.0,270.0,20,0.007142857142857143,-0.04285714285714285,0.05,3,2,15,descriptive direction-wise interval; no multiplicity adjustment
rect_ifft_minus_frequency,frequency,rect_ifft,tail_ge150,46,120.0,300.0,20,0.007142857142857143,-0.02857142857142857,0.05,2,2,16,descriptive direction-wise interval; no multiplicity adjustment
rect_ifft_minus_frequency,frequency,rect_ifft,tail_ge150,47,120.0,330.0,20,-0.007142857142857143,-0.02857142857142857,0.014285714285714285,1,2,17,descriptive direction-wise interval; no multiplicity adjustment
rect_ifft_minus_frequency,frequency,rect_ifft,tail_ge150,48,150.0,0.0,20,0.0,-0.02142857142857143,0.02142857142857143,1,1,18,descriptive direction-wise interval; no multiplicity adjustment
rect_ifft_minus_frequency,frequency,rect_ifft,tail_ge150,49,150.0,30.0,20,0.0,-0.02142857142857143,0.02142857142857143,1,1,18,descriptive direction-wise interval; no multiplicity adjustment
rect_ifft_minus_frequency,frequency,rect_ifft,tail_ge150,50,150.0,60.0,20,-2.7755575615628915e-18,-0.05714285714285715,0.05,2,1,17,descriptive direction-wise interval; no multiplicity adjustment
rect_ifft_minus_frequency,frequency,rect_ifft,tail_ge150,51,150.0,90.0,20,0.014285714285714294,-0.04999999999999999,0.07857142857142858,3,1,16,descriptive direction-wise interval; no multiplicity adjustment
rect_ifft_minus_frequency,frequency,rect_ifft,tail_ge150,52,150.0,120.0,20,-0.007142857142857145,-0.021428571428571436,0.0,0,1,19,descriptive direction-wise interval; no multiplicity adjustment
rect_ifft_minus_frequency,frequency,rect_ifft,tail_ge150,53,150.0,150.0,20,0.02142857142857143,0.0,0.05714285714285714,2,0,18,descriptive direction-wise interval; no multiplicity adjustment
rect_ifft_minus_frequency,frequency,rect_ifft,tail_ge150,54,150.0,180.0,20,-0.02142857142857143,-0.06428571428571428,0.0,0,1,19,descriptive direction-wise interval; no multiplicity adjustment
rect_ifft_minus_frequency,frequency,rect_ifft,tail_ge150,55,150.0,210.0,20,0.01428571428571429,-0.03571428571428571,0.07142857142857144,2,1,17,descriptive direction-wise interval; no multiplicity adjustment
rect_ifft_minus_frequency,frequency,rect_ifft,tail_ge150,56,150.0,240.0,20,0.007142857142857145,-0.04285714285714286,0.0642857142857143,2,2,16,descriptive direction-wise interval; no multiplicity adjustment
rect_ifft_minus_frequency,frequency,rect_ifft,tail_ge150,57,150.0,270.0,20,0.007142857142857143,0.0,0.02142857142857143,1,0,19,descriptive direction-wise interval; no multiplicity adjustment
rect_ifft_minus_frequency,frequency,rect_ifft,tail_ge150,58,150.0,300.0,20,0.02142857142857143,-0.014285714285714285,0.07142857142857144,2,1,17,descriptive direction-wise interval; no multiplicity adjustment
rect_ifft_minus_frequency,frequency,rect_ifft,tail_ge150,59,150.0,330.0,20,0.0,-0.04285714285714286,0.04285714285714286,2,2,16,descriptive direction-wise interval; no multiplicity adjustment
rect_ifft_minus_frequency,frequency,rect_ifft,near_or_exact_antipodal_ge165,0,30.0,0.0,20,0.007142857142857143,0.0,0.02142857142857143,1,0,19,descriptive direction-wise interval; no multiplicity adjustment
rect_ifft_minus_frequency,frequency,rect_ifft,near_or_exact_antipodal_ge165,1,30.0,30.0,20,0.014285714285714285,0.0,0.03571428571428571,2,0,18,descriptive direction-wise interval; no multiplicity adjustment
rect_ifft_minus_frequency,frequency,rect_ifft,near_or_exact_antipodal_ge165,2,30.0,60.0,20,0.02857142857142857,0.0,0.08571428571428572,1,0,19,descriptive direction-wise interval; no multiplicity adjustment
rect_ifft_minus_frequency,frequency,rect_ifft,near_or_exact_antipodal_ge165,3,30.0,90.0,20,0.028571428571428574,-0.007142857142857143,0.07857142857142858,3,1,16,descriptive direction-wise interval; no multiplicity adjustment
rect_ifft_minus_frequency,frequency,rect_ifft,near_or_exact_antipodal_ge165,4,30.0,120.0,20,0.007142857142857143,0.0,0.02142857142857143,1,0,19,descriptive direction-wise interval; no multiplicity adjustment
rect_ifft_minus_frequency,frequency,rect_ifft,near_or_exact_antipodal_ge165,5,30.0,150.0,20,0.0,0.0,0.0,0,0,20,descriptive direction-wise interval; no multiplicity adjustment
rect_ifft_minus_frequency,frequency,rect_ifft,near_or_exact_antipodal_ge165,6,30.0,180.0,20,0.02142857142857143,0.0,0.05714285714285714,2,0,18,descriptive direction-wise interval; no multiplicity adjustment
rect_ifft_minus_frequency,frequency,rect_ifft,near_or_exact_antipodal_ge165,7,30.0,210.0,20,-0.007142857142857143,-0.02142857142857143,0.0,0,1,19,descriptive direction-wise interval; no multiplicity adjustment
rect_ifft_minus_frequency,frequency,rect_ifft,near_or_exact_antipodal_ge165,8,30.0,240.0,20,0.02857142857142857,-0.007142857142857143,0.07142857142857142,3,1,16,descriptive direction-wise interval; no multiplicity adjustment
rect_ifft_minus_frequency,frequency,rect_ifft,near_or_exact_antipodal_ge165,9,30.0,270.0,20,0.007142857142857143,0.0,0.02142857142857143,1,0,19,descriptive direction-wise interval; no multiplicity adjustment
rect_ifft_minus_frequency,frequency,rect_ifft,near_or_exact_antipodal_ge165,10,30.0,300.0,20,0.0,0.0,0.0,0,0,20,descriptive direction-wise interval; no multiplicity adjustment
rect_ifft_minus_frequency,frequency,rect_ifft,near_or_exact_antipodal_ge165,11,30.0,330.0,20,-0.007142857142857143,-0.02142857142857143,0.0,0,1,19,descriptive direction-wise interval; no multiplicity adjustment
rect_ifft_minus_frequency,frequency,rect_ifft,near_or_exact_antipodal_ge165,12,60.0,0.0,20,-0.007142857142857143,-0.02142857142857143,0.0,0,1,19,descriptive direction-wise interval; no multiplicity adjustment
rect_ifft_minus_frequency,frequency,rect_ifft,near_or_exact_antipodal_ge165,13,60.0,30.0,20,0.0,0.0,0.0,0,0,20,descriptive direction-wise interval; no multiplicity adjustment
rect_ifft_minus_frequency,frequency,rect_ifft,near_or_exact_antipodal_ge165,14,60.0,60.0,20,0.0,0.0,0.0,0,0,20,descriptive direction-wise interval; no multiplicity adjustment
rect_ifft_minus_frequency,frequency,rect_ifft,near_or_exact_antipodal_ge165,15,60.0,90.0,20,0.00714285714285714,-0.05,0.07857142857142857,1,2,17,descriptive direction-wise interval; no multiplicity adjustment
rect_ifft_minus_frequency,frequency,rect_ifft,near_or_exact_antipodal_ge165,16,60.0,120.0,20,0.0,0.0,0.0,0,0,20,descriptive direction-wise interval; no multiplicity adjustment
rect_ifft_minus_frequency,frequency,rect_ifft,near_or_exact_antipodal_ge165,17,60.0,150.0,20,-0.02142857142857143,-0.09999999999999998,0.02857142857142857,2,1,17,descriptive direction-wise interval; no multiplicity adjustment
rect_ifft_minus_frequency,frequency,rect_ifft,near_or_exact_antipodal_ge165,18,60.0,180.0,20,-0.007142857142857143,-0.02142857142857143,0.0,0,1,19,descriptive direction-wise interval; no multiplicity adjustment
rect_ifft_minus_frequency,frequency,rect_ifft,near_or_exact_antipodal_ge165,19,60.0,210.0,20,0.02857142857142857,-0.007142857142857143,0.07857142857142857,3,1,16,descriptive direction-wise interval; no multiplicity adjustment
rect_ifft_minus_frequency,frequency,rect_ifft,near_or_exact_antipodal_ge165,20,60.0,240.0,20,0.007142857142857143,0.0,0.02142857142857143,1,0,19,descriptive direction-wise interval; no multiplicity adjustment
rect_ifft_minus_frequency,frequency,rect_ifft,near_or_exact_antipodal_ge165,21,60.0,270.0,20,-0.02142857142857143,-0.06428571428571428,0.0,0,1,19,descriptive direction-wise interval; no multiplicity adjustment
rect_ifft_minus_frequency,frequency,rect_ifft,near_or_exact_antipodal_ge165,22,60.0,300.0,20,0.0,0.0,0.0,0,0,20,descriptive direction-wise interval; no multiplicity adjustment
rect_ifft_minus_frequency,frequency,rect_ifft,near_or_exact_antipodal_ge165,23,60.0,330.0,20,-0.014285714285714285,-0.05,0.014285714285714285,1,2,17,descriptive direction-wise interval; no multiplicity adjustment
rect_ifft_minus_frequency,frequency,rect_ifft,near_or_exact_antipodal_ge165,24,90.0,0.0,20,-0.03571428571428571,-0.13571428571428573,0.0642857142857143,6,9,5,descriptive direction-wise interval; no multiplicity adjustment
rect_ifft_minus_frequency,frequency,rect_ifft,near_or_exact_antipodal_ge165,25,90.0,30.0,20,-0.02857142857142857,-0.1,0.04285714285714286,6,7,7,descriptive direction-wise interval; no multiplicity adjustment
rect_ifft_minus_frequency,frequency,rect_ifft,near_or_exact_antipodal_ge165,26,90.0,60.0,20,-0.14285714285714282,-0.2785714285714286,0.007142857142857143,2,11,7,descriptive direction-wise interval; no multiplicity adjustment
rect_ifft_minus_frequency,frequency,rect_ifft,near_or_exact_antipodal_ge165,27,90.0,90.0,20,-0.0214285714285714,-0.20714285714285716,0.15000000000000002,6,7,7,descriptive direction-wise interval; no multiplicity adjustment
rect_ifft_minus_frequency,frequency,rect_ifft,near_or_exact_antipodal_ge165,28,90.0,120.0,20,-0.02142857142857143,-0.11428571428571428,0.07142857142857144,3,5,12,descriptive direction-wise interval; no multiplicity adjustment
rect_ifft_minus_frequency,frequency,rect_ifft,near_or_exact_antipodal_ge165,29,90.0,150.0,20,0.021428571428571415,-0.07857142857142858,0.12142857142857144,6,5,9,descriptive direction-wise interval; no multiplicity adjustment
rect_ifft_minus_frequency,frequency,rect_ifft,near_or_exact_antipodal_ge165,30,90.0,180.0,20,-0.03571428571428571,-0.1357142857142857,0.0642857142857143,7,10,3,descriptive direction-wise interval; no multiplicity adjustment
rect_ifft_minus_frequency,frequency,rect_ifft,near_or_exact_antipodal_ge165,31,90.0,210.0,20,0.007142857142857143,-0.09285714285714285,0.11428571428571428,6,6,8,descriptive direction-wise interval; no multiplicity adjustment
rect_ifft_minus_frequency,frequency,rect_ifft,near_or_exact_antipodal_ge165,32,90.0,240.0,20,0.007142857142857143,-0.049999999999999996,0.05714285714285714,5,4,11,descriptive direction-wise interval; no multiplicity adjustment
rect_ifft_minus_frequency,frequency,rect_ifft,near_or_exact_antipodal_ge165,33,90.0,270.0,20,2.7755575615628915e-18,-0.1357142857142857,0.16428571428571426,4,6,10,descriptive direction-wise interval; no multiplicity adjustment
rect_ifft_minus_frequency,frequency,rect_ifft,near_or_exact_antipodal_ge165,34,90.0,300.0,20,0.04285714285714285,-0.05714285714285714,0.15,6,6,8,descriptive direction-wise interval; no multiplicity adjustment
rect_ifft_minus_frequency,frequency,rect_ifft,near_or_exact_antipodal_ge165,35,90.0,330.0,20,-0.04285714285714286,-0.14285714285714285,0.04999999999999999,6,7,7,descriptive direction-wise interval; no multiplicity adjustment
rect_ifft_minus_frequency,frequency,rect_ifft,near_or_exact_antipodal_ge165,36,120.0,0.0,20,0.0,0.0,0.0,0,0,20,descriptive direction-wise interval; no multiplicity adjustment
rect_ifft_minus_frequency,frequency,rect_ifft,near_or_exact_antipodal_ge165,37,120.0,30.0,20,0.0,0.0,0.0,0,0,20,descriptive direction-wise interval; no multiplicity adjustment
rect_ifft_minus_frequency,frequency,rect_ifft,near_or_exact_antipodal_ge165,38,120.0,60.0,20,0.0,0.0,0.0,0,0,20,descriptive direction-wise interval; no multiplicity adjustment
rect_ifft_minus_frequency,frequency,rect_ifft,near_or_exact_antipodal_ge165,39,120.0,90.0,20,0.007142857142857143,-0.014285714285714294,0.02857142857142858,2,1,17,descriptive direction-wise interval; no multiplicity adjustment
rect_ifft_minus_frequency,frequency,rect_ifft,near_or_exact_antipodal_ge165,40,120.0,120.0,20,0.0,0.0,0.0,0,0,20,descriptive direction-wise interval; no multiplicity adjustment
rect_ifft_minus_frequency,frequency,rect_ifft,near_or_exact_antipodal_ge165,41,120.0,150.0,20,-2.7755575615628915e-18,-0.05714285714285715,0.05,2,1,17,descriptive direction-wise interval; no multiplicity adjustment
rect_ifft_minus_frequency,frequency,rect_ifft,near_or_exact_antipodal_ge165,42,120.0,180.0,20,-0.014285714285714285,-0.03571428571428571,0.0,0,2,18,descriptive direction-wise interval; no multiplicity adjustment
rect_ifft_minus_frequency,frequency,rect_ifft,near_or_exact_antipodal_ge165,43,120.0,210.0,20,0.014285714285714285,0.0,0.03571428571428571,2,0,18,descriptive direction-wise interval; no multiplicity adjustment
rect_ifft_minus_frequency,frequency,rect_ifft,near_or_exact_antipodal_ge165,44,120.0,240.0,20,0.007142857142857143,-0.014285714285714285,0.02857142857142857,2,1,17,descriptive direction-wise interval; no multiplicity adjustment
rect_ifft_minus_frequency,frequency,rect_ifft,near_or_exact_antipodal_ge165,45,120.0,270.0,20,0.007142857142857143,-0.02142857142857143,0.04285714285714286,1,1,18,descriptive direction-wise interval; no multiplicity adjustment
rect_ifft_minus_frequency,frequency,rect_ifft,near_or_exact_antipodal_ge165,46,120.0,300.0,20,0.0,0.0,0.0,0,0,20,descriptive direction-wise interval; no multiplicity adjustment
rect_ifft_minus_frequency,frequency,rect_ifft,near_or_exact_antipodal_ge165,47,120.0,330.0,20,-0.007142857142857143,-0.02857142857142857,0.014285714285714285,1,2,17,descriptive direction-wise interval; no multiplicity adjustment
rect_ifft_minus_frequency,frequency,rect_ifft,near_or_exact_antipodal_ge165,48,150.0,0.0,20,0.02142857142857143,0.0,0.05714285714285714,2,0,18,descriptive direction-wise interval; no multiplicity adjustment
rect_ifft_minus_frequency,frequency,rect_ifft,near_or_exact_antipodal_ge165,49,150.0,30.0,20,-0.014285714285714285,-0.04285714285714286,0.0,0,1,19,descriptive direction-wise interval; no multiplicity adjustment
rect_ifft_minus_frequency,frequency,rect_ifft,near_or_exact_antipodal_ge165,50,150.0,60.0,20,0.02142857142857143,0.0,0.05714285714285714,2,0,18,descriptive direction-wise interval; no multiplicity adjustment
rect_ifft_minus_frequency,frequency,rect_ifft,near_or_exact_antipodal_ge165,51,150.0,90.0,20,0.014285714285714294,-0.04999999999999999,0.07857142857142858,3,1,16,descriptive direction-wise interval; no multiplicity adjustment
rect_ifft_minus_frequency,frequency,rect_ifft,near_or_exact_antipodal_ge165,52,150.0,120.0,20,0.0,0.0,0.0,0,0,20,descriptive direction-wise interval; no multiplicity adjustment
rect_ifft_minus_frequency,frequency,rect_ifft,near_or_exact_antipodal_ge165,53,150.0,150.0,20,0.007142857142857143,0.0,0.02142857142857143,1,0,19,descriptive direction-wise interval; no multiplicity adjustment
rect_ifft_minus_frequency,frequency,rect_ifft,near_or_exact_antipodal_ge165,54,150.0,180.0,20,0.0,0.0,0.0,0,0,20,descriptive direction-wise interval; no multiplicity adjustment
rect_ifft_minus_frequency,frequency,rect_ifft,near_or_exact_antipodal_ge165,55,150.0,210.0,20,-0.007142857142857143,-0.02142857142857143,0.0,0,1,19,descriptive direction-wise interval; no multiplicity adjustment
rect_ifft_minus_frequency,frequency,rect_ifft,near_or_exact_antipodal_ge165,56,150.0,240.0,20,0.014285714285714285,0.0,0.03571428571428571,2,0,18,descriptive direction-wise interval; no multiplicity adjustment
rect_ifft_minus_frequency,frequency,rect_ifft,near_or_exact_antipodal_ge165,57,150.0,270.0,20,0.007142857142857143,0.0,0.02142857142857143,1,0,19,descriptive direction-wise interval; no multiplicity adjustment
rect_ifft_minus_frequency,frequency,rect_ifft,near_or_exact_antipodal_ge165,58,150.0,300.0,20,-0.007142857142857143,-0.02142857142857143,0.0,0,1,19,descriptive direction-wise interval; no multiplicity adjustment
rect_ifft_minus_frequency,frequency,rect_ifft,near_or_exact_antipodal_ge165,59,150.0,330.0,20,0.007142857142857143,-0.014285714285714285,0.02857142857142857,2,1,17,descriptive direction-wise interval; no multiplicity adjustment
rect_ifft_minus_frequency,frequency,rect_ifft,exact_antipodal_180,0,30.0,0.0,20,0.007142857142857143,0.0,0.02142857142857143,1,0,19,descriptive direction-wise interval; no multiplicity adjustment
rect_ifft_minus_frequency,frequency,rect_ifft,exact_antipodal_180,1,30.0,30.0,20,0.007142857142857143,0.0,0.02142857142857143,1,0,19,descriptive direction-wise interval; no multiplicity adjustment
rect_ifft_minus_frequency,frequency,rect_ifft,exact_antipodal_180,2,30.0,60.0,20,0.0,0.0,0.0,0,0,20,descriptive direction-wise interval; no multiplicity adjustment
rect_ifft_minus_frequency,frequency,rect_ifft,exact_antipodal_180,3,30.0,90.0,20,0.014285714285714287,-0.014285714285714285,0.05,2,1,17,descriptive direction-wise interval; no multiplicity adjustment
rect_ifft_minus_frequency,frequency,rect_ifft,exact_antipodal_180,4,30.0,120.0,20,0.007142857142857143,0.0,0.02142857142857143,1,0,19,descriptive direction-wise interval; no multiplicity adjustment
rect_ifft_minus_frequency,frequency,rect_ifft,exact_antipodal_180,5,30.0,150.0,20,0.0,0.0,0.0,0,0,20,descriptive direction-wise interval; no multiplicity adjustment
rect_ifft_minus_frequency,frequency,rect_ifft,exact_antipodal_180,6,30.0,180.0,20,0.02142857142857143,0.0,0.05714285714285714,2,0,18,descriptive direction-wise interval; no multiplicity adjustment
rect_ifft_minus_frequency,frequency,rect_ifft,exact_antipodal_180,7,30.0,210.0,20,-0.007142857142857143,-0.02142857142857143,0.0,0,1,19,descriptive direction-wise interval; no multiplicity adjustment
rect_ifft_minus_frequency,frequency,rect_ifft,exact_antipodal_180,8,30.0,240.0,20,0.007142857142857143,0.0,0.02142857142857143,1,0,19,descriptive direction-wise interval; no multiplicity adjustment
rect_ifft_minus_frequency,frequency,rect_ifft,exact_antipodal_180,9,30.0,270.0,20,0.0,-0.02142857142857143,0.02142857142857143,1,1,18,descriptive direction-wise interval; no multiplicity adjustment
rect_ifft_minus_frequency,frequency,rect_ifft,exact_antipodal_180,10,30.0,300.0,20,0.0,0.0,0.0,0,0,20,descriptive direction-wise interval; no multiplicity adjustment
rect_ifft_minus_frequency,frequency,rect_ifft,exact_antipodal_180,11,30.0,330.0,20,0.0,0.0,0.0,0,0,20,descriptive direction-wise interval; no multiplicity adjustment
rect_ifft_minus_frequency,frequency,rect_ifft,exact_antipodal_180,12,60.0,0.0,20,-0.007142857142857143,-0.02142857142857143,0.0,0,1,19,descriptive direction-wise interval; no multiplicity adjustment
rect_ifft_minus_frequency,frequency,rect_ifft,exact_antipodal_180,13,60.0,30.0,20,0.0,0.0,0.0,0,0,20,descriptive direction-wise interval; no multiplicity adjustment
rect_ifft_minus_frequency,frequency,rect_ifft,exact_antipodal_180,14,60.0,60.0,20,0.0,0.0,0.0,0,0,20,descriptive direction-wise interval; no multiplicity adjustment
rect_ifft_minus_frequency,frequency,rect_ifft,exact_antipodal_180,15,60.0,90.0,20,0.00714285714285714,-0.05,0.07857142857142857,1,2,17,descriptive direction-wise interval; no multiplicity adjustment
rect_ifft_minus_frequency,frequency,rect_ifft,exact_antipodal_180,16,60.0,120.0,20,0.0,0.0,0.0,0,0,20,descriptive direction-wise interval; no multiplicity adjustment
rect_ifft_minus_frequency,frequency,rect_ifft,exact_antipodal_180,17,60.0,150.0,20,-0.02142857142857143,-0.10714285714285712,0.02857142857142857,2,1,17,descriptive direction-wise interval; no multiplicity adjustment
rect_ifft_minus_frequency,frequency,rect_ifft,exact_antipodal_180,18,60.0,180.0,20,-0.007142857142857143,-0.02142857142857143,0.0,0,1,19,descriptive direction-wise interval; no multiplicity adjustment
rect_ifft_minus_frequency,frequency,rect_ifft,exact_antipodal_180,19,60.0,210.0,20,0.02857142857142857,-0.007142857142857143,0.07857142857142857,3,1,16,descriptive direction-wise interval; no multiplicity adjustment
rect_ifft_minus_frequency,frequency,rect_ifft,exact_antipodal_180,20,60.0,240.0,20,0.007142857142857143,0.0,0.02142857142857143,1,0,19,descriptive direction-wise interval; no multiplicity adjustment
rect_ifft_minus_frequency,frequency,rect_ifft,exact_antipodal_180,21,60.0,270.0,20,-0.02142857142857143,-0.06428571428571428,0.0,0,1,19,descriptive direction-wise interval; no multiplicity adjustment
rect_ifft_minus_frequency,frequency,rect_ifft,exact_antipodal_180,22,60.0,300.0,20,0.0,0.0,0.0,0,0,20,descriptive direction-wise interval; no multiplicity adjustment
rect_ifft_minus_frequency,frequency,rect_ifft,exact_antipodal_180,23,60.0,330.0,20,-0.014285714285714285,-0.05,0.014285714285714285,1,2,17,descriptive direction-wise interval; no multiplicity adjustment
rect_ifft_minus_frequency,frequency,rect_ifft,exact_antipodal_180,24,90.0,0.0,20,-0.03571428571428571,-0.13571428571428573,0.07142857142857142,6,9,5,descriptive direction-wise interval; no multiplicity adjustment
rect_ifft_minus_frequency,frequency,rect_ifft,exact_antipodal_180,25,90.0,30.0,20,-0.02857142857142857,-0.1,0.04285714285714286,6,7,7,descriptive direction-wise interval; no multiplicity adjustment
rect_ifft_minus_frequency,frequency,rect_ifft,exact_antipodal_180,26,90.0,60.0,20,-0.14285714285714282,-0.2785714285714286,2.2204460492503132e-17,2,11,7,descriptive direction-wise interval; no multiplicity adjustment
rect_ifft_minus_frequency,frequency,rect_ifft,exact_antipodal_180,27,90.0,90.0,20,-0.0214285714285714,-0.20714285714285716,0.15000000000000002,6,7,7,descriptive direction-wise interval; no multiplicity adjustment
rect_ifft_minus_frequency,frequency,rect_ifft,exact_antipodal_180,28,90.0,120.0,20,-0.02142857142857143,-0.11428571428571428,0.07142857142857142,3,5,12,descriptive direction-wise interval; no multiplicity adjustment
rect_ifft_minus_frequency,frequency,rect_ifft,exact_antipodal_180,29,90.0,150.0,20,0.021428571428571415,-0.07857142857142858,0.12857142857142853,6,5,9,descriptive direction-wise interval; no multiplicity adjustment
rect_ifft_minus_frequency,frequency,rect_ifft,exact_antipodal_180,30,90.0,180.0,20,-0.03571428571428571,-0.13571428571428573,0.06428571428571431,7,10,3,descriptive direction-wise interval; no multiplicity adjustment
rect_ifft_minus_frequency,frequency,rect_ifft,exact_antipodal_180,31,90.0,210.0,20,0.007142857142857143,-0.09285714285714285,0.11428571428571428,6,6,8,descriptive direction-wise interval; no multiplicity adjustment
rect_ifft_minus_frequency,frequency,rect_ifft,exact_antipodal_180,32,90.0,240.0,20,0.007142857142857143,-0.049999999999999996,0.05714285714285714,5,4,11,descriptive direction-wise interval; no multiplicity adjustment
rect_ifft_minus_frequency,frequency,rect_ifft,exact_antipodal_180,33,90.0,270.0,20,2.7755575615628915e-18,-0.1357142857142857,0.15714285714285717,4,6,10,descriptive direction-wise interval; no multiplicity adjustment
rect_ifft_minus_frequency,frequency,rect_ifft,exact_antipodal_180,34,90.0,300.0,20,0.04285714285714285,-0.05714285714285714,0.15,6,6,8,descriptive direction-wise interval; no multiplicity adjustment
rect_ifft_minus_frequency,frequency,rect_ifft,exact_antipodal_180,35,90.0,330.0,20,-0.04285714285714286,-0.14285714285714285,0.04999999999999999,6,7,7,descriptive direction-wise interval; no multiplicity adjustment
rect_ifft_minus_frequency,frequency,rect_ifft,exact_antipodal_180,36,120.0,0.0,20,0.0,0.0,0.0,0,0,20,descriptive direction-wise interval; no multiplicity adjustment
rect_ifft_minus_frequency,frequency,rect_ifft,exact_antipodal_180,37,120.0,30.0,20,0.0,0.0,0.0,0,0,20,descriptive direction-wise interval; no multiplicity adjustment
rect_ifft_minus_frequency,frequency,rect_ifft,exact_antipodal_180,38,120.0,60.0,20,0.0,0.0,0.0,0,0,20,descriptive direction-wise interval; no multiplicity adjustment
rect_ifft_minus_frequency,frequency,rect_ifft,exact_antipodal_180,39,120.0,90.0,20,0.007142857142857143,-0.014285714285714294,0.02857142857142858,2,1,17,descriptive direction-wise interval; no multiplicity adjustment
rect_ifft_minus_frequency,frequency,rect_ifft,exact_antipodal_180,40,120.0,120.0,20,0.0,0.0,0.0,0,0,20,descriptive direction-wise interval; no multiplicity adjustment
rect_ifft_minus_frequency,frequency,rect_ifft,exact_antipodal_180,41,120.0,150.0,20,-2.7755575615628915e-18,-0.05714285714285715,0.05,2,1,17,descriptive direction-wise interval; no multiplicity adjustment
rect_ifft_minus_frequency,frequency,rect_ifft,exact_antipodal_180,42,120.0,180.0,20,-0.014285714285714285,-0.03571428571428571,0.0,0,2,18,descriptive direction-wise interval; no multiplicity adjustment
rect_ifft_minus_frequency,frequency,rect_ifft,exact_antipodal_180,43,120.0,210.0,20,0.014285714285714285,0.0,0.03571428571428571,2,0,18,descriptive direction-wise interval; no multiplicity adjustment
rect_ifft_minus_frequency,frequency,rect_ifft,exact_antipodal_180,44,120.0,240.0,20,0.007142857142857143,-0.014285714285714285,0.02857142857142857,2,1,17,descriptive direction-wise interval; no multiplicity adjustment
rect_ifft_minus_frequency,frequency,rect_ifft,exact_antipodal_180,45,120.0,270.0,20,0.007142857142857143,-0.02142857142857143,0.04285714285714286,1,1,18,descriptive direction-wise interval; no multiplicity adjustment
rect_ifft_minus_frequency,frequency,rect_ifft,exact_antipodal_180,46,120.0,300.0,20,0.0,0.0,0.0,0,0,20,descriptive direction-wise interval; no multiplicity adjustment
rect_ifft_minus_frequency,frequency,rect_ifft,exact_antipodal_180,47,120.0,330.0,20,-0.007142857142857143,-0.02857142857142857,0.014285714285714285,1,2,17,descriptive direction-wise interval; no multiplicity adjustment
rect_ifft_minus_frequency,frequency,rect_ifft,exact_antipodal_180,48,150.0,0.0,20,0.014285714285714285,0.0,0.03571428571428571,2,0,18,descriptive direction-wise interval; no multiplicity adjustment
rect_ifft_minus_frequency,frequency,rect_ifft,exact_antipodal_180,49,150.0,30.0,20,-0.007142857142857143,-0.02142857142857143,0.0,0,1,19,descriptive direction-wise interval; no multiplicity adjustment
rect_ifft_minus_frequency,frequency,rect_ifft,exact_antipodal_180,50,150.0,60.0,20,0.0,0.0,0.0,0,0,20,descriptive direction-wise interval; no multiplicity adjustment
rect_ifft_minus_frequency,frequency,rect_ifft,exact_antipodal_180,51,150.0,90.0,20,0.014285714285714285,-0.03571428571428571,0.07142857142857142,2,1,17,descriptive direction-wise interval; no multiplicity adjustment
rect_ifft_minus_frequency,frequency,rect_ifft,exact_antipodal_180,52,150.0,120.0,20,0.0,0.0,0.0,0,0,20,descriptive direction-wise interval; no multiplicity adjustment
rect_ifft_minus_frequency,frequency,rect_ifft,exact_antipodal_180,53,150.0,150.0,20,0.0,0.0,0.0,0,0,20,descriptive direction-wise interval; no multiplicity adjustment
rect_ifft_minus_frequency,frequency,rect_ifft,exact_antipodal_180,54,150.0,180.0,20,0.0,0.0,0.0,0,0,20,descriptive direction-wise interval; no multiplicity adjustment
rect_ifft_minus_frequency,frequency,rect_ifft,exact_antipodal_180,55,150.0,210.0,20,0.0,0.0,0.0,0,0,20,descriptive direction-wise interval; no multiplicity adjustment
rect_ifft_minus_frequency,frequency,rect_ifft,exact_antipodal_180,56,150.0,240.0,20,-0.007142857142857143,-0.02142857142857143,0.0,0,1,19,descriptive direction-wise interval; no multiplicity adjustment
rect_ifft_minus_frequency,frequency,rect_ifft,exact_antipodal_180,57,150.0,270.0,20,-0.007142857142857145,-0.04285714285714286,0.02142857142857143,1,1,18,descriptive direction-wise interval; no multiplicity adjustment
rect_ifft_minus_frequency,frequency,rect_ifft,exact_antipodal_180,58,150.0,300.0,20,0.0,0.0,0.0,0,0,20,descriptive direction-wise interval; no multiplicity adjustment
rect_ifft_minus_frequency,frequency,rect_ifft,exact_antipodal_180,59,150.0,330.0,20,0.0,0.0,0.0,0,0,20,descriptive direction-wise interval; no multiplicity adjustment
hann_ifft_minus_rect_ifft,rect_ifft,hann_ifft,gce_deg,0,30.0,0.0,20,-0.02375500542777047,-10.071428189958846,8.547673307486942,8,3,9,descriptive direction-wise interval; no multiplicity adjustment
hann_ifft_minus_rect_ifft,rect_ifft,hann_ifft,gce_deg,1,30.0,30.0,20,0.6320911952427452,-9.607175096103123,10.15171958378383,7,2,11,descriptive direction-wise interval; no multiplicity adjustment
hann_ifft_minus_rect_ifft,rect_ifft,hann_ifft,gce_deg,2,30.0,60.0,20,11.162834991727555,-5.670861666032249,29.575883908271795,6,2,12,descriptive direction-wise interval; no multiplicity adjustment
hann_ifft_minus_rect_ifft,rect_ifft,hann_ifft,gce_deg,3,30.0,90.0,20,-6.9549140180860265,-28.622752598183496,11.957475281613217,5,5,10,descriptive direction-wise interval; no multiplicity adjustment
hann_ifft_minus_rect_ifft,rect_ifft,hann_ifft,gce_deg,4,30.0,120.0,20,-9.179039757592339,-25.820648900781357,4.174392012187414,4,5,11,descriptive direction-wise interval; no multiplicity adjustment
hann_ifft_minus_rect_ifft,rect_ifft,hann_ifft,gce_deg,5,30.0,150.0,20,22.584580537251064,6.660672229187829,41.53138838495527,7,3,10,descriptive direction-wise interval; no multiplicity adjustment
hann_ifft_minus_rect_ifft,rect_ifft,hann_ifft,gce_deg,6,30.0,180.0,20,9.454170281546455,-8.11725887877601,27.02375537327357,8,4,8,descriptive direction-wise interval; no multiplicity adjustment
hann_ifft_minus_rect_ifft,rect_ifft,hann_ifft,gce_deg,7,30.0,210.0,20,11.924263334274292,3.176319291421345,22.13279514857701,8,2,10,descriptive direction-wise interval; no multiplicity adjustment
hann_ifft_minus_rect_ifft,rect_ifft,hann_ifft,gce_deg,8,30.0,240.0,20,7.520317711148943,-1.537191739933832,18.564525776931227,7,4,9,descriptive direction-wise interval; no multiplicity adjustment
hann_ifft_minus_rect_ifft,rect_ifft,hann_ifft,gce_deg,9,30.0,270.0,20,1.7703233037676143,-15.785306220906119,21.75893584728242,4,4,12,descriptive direction-wise interval; no multiplicity adjustment
hann_ifft_minus_rect_ifft,rect_ifft,hann_ifft,gce_deg,10,30.0,300.0,20,-2.7187886169978546,-17.18874777793884,10.786723184585574,3,5,12,descriptive direction-wise interval; no multiplicity adjustment
hann_ifft_minus_rect_ifft,rect_ifft,hann_ifft,gce_deg,11,30.0,330.0,20,8.341767610822405,-3.3418246575764234,21.368367954492566,8,2,10,descriptive direction-wise interval; no multiplicity adjustment
hann_ifft_minus_rect_ifft,rect_ifft,hann_ifft,gce_deg,12,60.0,0.0,20,8.503485652378625,-4.308119427476609,20.525343051297323,8,3,9,descriptive direction-wise interval; no multiplicity adjustment
hann_ifft_minus_rect_ifft,rect_ifft,hann_ifft,gce_deg,13,60.0,30.0,20,18.634964765821184,8.18631048134395,31.351075454098837,14,0,6,descriptive direction-wise interval; no multiplicity adjustment
hann_ifft_minus_rect_ifft,rect_ifft,hann_ifft,gce_deg,14,60.0,60.0,20,4.6337577547345825,-10.70694216319493,21.662030363082888,8,7,5,descriptive direction-wise interval; no multiplicity adjustment
hann_ifft_minus_rect_ifft,rect_ifft,hann_ifft,gce_deg,15,60.0,90.0,20,7.4886095864432205,-1.3036691171782335,19.078098503180914,6,4,10,descriptive direction-wise interval; no multiplicity adjustment
hann_ifft_minus_rect_ifft,rect_ifft,hann_ifft,gce_deg,16,60.0,120.0,20,7.096612712315151,-1.9012804841995246,20.022962523528513,6,6,8,descriptive direction-wise interval; no multiplicity adjustment
hann_ifft_minus_rect_ifft,rect_ifft,hann_ifft,gce_deg,17,60.0,150.0,20,14.797938714708602,6.953871195997512,23.469251852376125,12,3,5,descriptive direction-wise interval; no multiplicity adjustment
hann_ifft_minus_rect_ifft,rect_ifft,hann_ifft,gce_deg,18,60.0,180.0,20,15.452510138920374,4.254232157298497,29.071083920001985,10,3,7,descriptive direction-wise interval; no multiplicity adjustment
hann_ifft_minus_rect_ifft,rect_ifft,hann_ifft,gce_deg,19,60.0,210.0,20,2.0971111842564163,-7.942408853939604,11.42133150645665,10,6,4,descriptive direction-wise interval; no multiplicity adjustment
hann_ifft_minus_rect_ifft,rect_ifft,hann_ifft,gce_deg,20,60.0,240.0,20,-8.506655216217041,-24.379056609698708,6.292339180537639,6,8,6,descriptive direction-wise interval; no multiplicity adjustment
hann_ifft_minus_rect_ifft,rect_ifft,hann_ifft,gce_deg,21,60.0,270.0,20,8.269016116006032,-5.360894577162608,25.95710534163884,7,4,9,descriptive direction-wise interval; no multiplicity adjustment
hann_ifft_minus_rect_ifft,rect_ifft,hann_ifft,gce_deg,22,60.0,300.0,20,-5.700982270921981,-23.52961792707443,11.076202746800023,4,6,10,descriptive direction-wise interval; no multiplicity adjustment
hann_ifft_minus_rect_ifft,rect_ifft,hann_ifft,gce_deg,23,60.0,330.0,20,8.226845005580358,-1.0697029576982768,18.32991840907506,11,3,6,descriptive direction-wise interval; no multiplicity adjustment
hann_ifft_minus_rect_ifft,rect_ifft,hann_ifft,gce_deg,24,90.0,0.0,20,25.529378073556074,-2.0100682289259773,52.714285240513924,11,7,2,descriptive direction-wise interval; no multiplicity adjustment
hann_ifft_minus_rect_ifft,rect_ifft,hann_ifft,gce_deg,25,90.0,30.0,20,9.498541927337648,-12.432945088659013,32.142857184410104,9,8,3,descriptive direction-wise interval; no multiplicity adjustment
hann_ifft_minus_rect_ifft,rect_ifft,hann_ifft,gce_deg,26,90.0,60.0,20,14.111848367963518,-7.735371040276121,35.96820969206947,9,8,3,descriptive direction-wise interval; no multiplicity adjustment
hann_ifft_minus_rect_ifft,rect_ifft,hann_ifft,gce_deg,27,90.0,90.0,20,-6.857142843518938,-36.42857138769967,24.42857140132359,6,11,3,descriptive direction-wise interval; no multiplicity adjustment
hann_ifft_minus_rect_ifft,rect_ifft,hann_ifft,gce_deg,28,90.0,120.0,20,9.265576866694861,-16.66299499852317,31.765576950822563,14,4,2,descriptive direction-wise interval; no multiplicity adjustment
hann_ifft_minus_rect_ifft,rect_ifft,hann_ifft,gce_deg,29,90.0,150.0,20,2.4001681600298186,-18.77564571244376,23.280405667509363,12,8,0,descriptive direction-wise interval; no multiplicity adjustment
hann_ifft_minus_rect_ifft,rect_ifft,hann_ifft,gce_deg,30,90.0,180.0,20,-11.847730050768169,-36.85714282989501,13.099667046410698,8,9,3,descriptive direction-wise interval; no multiplicity adjustment
hann_ifft_minus_rect_ifft,rect_ifft,hann_ifft,gce_deg,31,90.0,210.0,20,6.919960212707521,-10.285713329996382,23.75470658949443,9,7,4,descriptive direction-wise interval; no multiplicity adjustment
hann_ifft_minus_rect_ifft,rect_ifft,hann_ifft,gce_deg,32,90.0,240.0,20,5.6740109034946995,-13.264628699166432,25.521085168974746,8,10,2,descriptive direction-wise interval; no multiplicity adjustment
hann_ifft_minus_rect_ifft,rect_ifft,hann_ifft,gce_deg,33,90.0,270.0,20,19.71428576878139,-10.499999931880405,49.2857142993382,9,6,5,descriptive direction-wise interval; no multiplicity adjustment
hann_ifft_minus_rect_ifft,rect_ifft,hann_ifft,gce_deg,34,90.0,300.0,20,3.19320023400443,-21.021612856728687,28.662994250229428,9,9,2,descriptive direction-wise interval; no multiplicity adjustment
hann_ifft_minus_rect_ifft,rect_ifft,hann_ifft,gce_deg,35,90.0,330.0,20,1.478888661520822,-15.225260157244547,18.866235370635987,8,11,1,descriptive direction-wise interval; no multiplicity adjustment
hann_ifft_minus_rect_ifft,rect_ifft,hann_ifft,gce_deg,36,120.0,0.0,20,5.393249429975238,-7.63811425617763,19.314010683809016,8,3,9,descriptive direction-wise interval; no multiplicity adjustment
hann_ifft_minus_rect_ifft,rect_ifft,hann_ifft,gce_deg,37,120.0,30.0,20,0.7776805605207169,-8.71893199988774,12.093852569716322,6,6,8,descriptive direction-wise interval; no multiplicity adjustment
hann_ifft_minus_rect_ifft,rect_ifft,hann_ifft,gce_deg,38,120.0,60.0,20,5.154211030687604,-2.2972063926288055,14.099470393657695,7,6,7,descriptive direction-wise interval; no multiplicity adjustment
hann_ifft_minus_rect_ifft,rect_ifft,hann_ifft,gce_deg,39,120.0,90.0,20,8.038450132097518,-5.39040286711284,22.472684163025466,7,4,9,descriptive direction-wise interval; no multiplicity adjustment
hann_ifft_minus_rect_ifft,rect_ifft,hann_ifft,gce_deg,40,120.0,120.0,20,2.973725046430315,-3.8236912577492848,10.888648397922516,5,6,9,descriptive direction-wise interval; no multiplicity adjustment
hann_ifft_minus_rect_ifft,rect_ifft,hann_ifft,gce_deg,41,120.0,150.0,20,5.853587995256697,-3.0177963835852486,15.592144680023198,11,5,4,descriptive direction-wise interval; no multiplicity adjustment
hann_ifft_minus_rect_ifft,rect_ifft,hann_ifft,gce_deg,42,120.0,180.0,20,15.512191132136754,3.000000775882176,29.57142862762724,10,3,7,descriptive direction-wise interval; no multiplicity adjustment
hann_ifft_minus_rect_ifft,rect_ifft,hann_ifft,gce_deg,43,120.0,210.0,20,-0.29143524169921803,-12.59124821969441,10.587846508707328,8,9,3,descriptive direction-wise interval; no multiplicity adjustment
hann_ifft_minus_rect_ifft,rect_ifft,hann_ifft,gce_deg,44,120.0,240.0,20,-9.874780682155066,-25.8538504413196,3.959479011467529,3,9,8,descriptive direction-wise interval; no multiplicity adjustment
hann_ifft_minus_rect_ifft,rect_ifft,hann_ifft,gce_deg,45,120.0,270.0,20,3.886430481501988,-10.640243699891224,21.824824120317185,4,8,8,descriptive direction-wise interval; no multiplicity adjustment
hann_ifft_minus_rect_ifft,rect_ifft,hann_ifft,gce_deg,46,120.0,300.0,20,-1.7235352652413518,-15.981943580082486,14.50112912382399,4,6,10,descriptive direction-wise interval; no multiplicity adjustment
hann_ifft_minus_rect_ifft,rect_ifft,hann_ifft,gce_deg,47,120.0,330.0,20,2.5651275089808876,-5.22337664433888,11.243112470081874,7,5,8,descriptive direction-wise interval; no multiplicity adjustment
hann_ifft_minus_rect_ifft,rect_ifft,hann_ifft,gce_deg,48,150.0,0.0,20,-0.7509241512843549,-7.285717013222831,5.677646869250706,4,6,10,descriptive direction-wise interval; no multiplicity adjustment
hann_ifft_minus_rect_ifft,rect_ifft,hann_ifft,gce_deg,49,150.0,30.0,20,-4.817306593486242,-14.176526693446293,4.214345513582232,4,5,11,descriptive direction-wise interval; no multiplicity adjustment
hann_ifft_minus_rect_ifft,rect_ifft,hann_ifft,gce_deg,50,150.0,60.0,20,10.680282163619996,-0.8181923033509924,23.67914651853698,7,2,11,descriptive direction-wise interval; no multiplicity adjustment
hann_ifft_minus_rect_ifft,rect_ifft,hann_ifft,gce_deg,51,150.0,90.0,20,7.0881375857761935,-1.327984456845691,16.21227267980576,7,2,11,descriptive direction-wise interval; no multiplicity adjustment
hann_ifft_minus_rect_ifft,rect_ifft,hann_ifft,gce_deg,52,150.0,120.0,20,-5.219890975952149,-17.81074840000698,4.022252900259835,1,6,13,descriptive direction-wise interval; no multiplicity adjustment
hann_ifft_minus_rect_ifft,rect_ifft,hann_ifft,gce_deg,53,150.0,150.0,20,8.124946417127337,-3.192314449548721,19.320621786287855,8,2,10,descriptive direction-wise interval; no multiplicity adjustment
hann_ifft_minus_rect_ifft,rect_ifft,hann_ifft,gce_deg,54,150.0,180.0,20,12.15751847539629,1.9550532243932983,23.431338262557983,12,2,6,descriptive direction-wise interval; no multiplicity adjustment
hann_ifft_minus_rect_ifft,rect_ifft,hann_ifft,gce_deg,55,150.0,210.0,20,8.609248672212875,-7.756115009614397,25.535613243920466,6,3,11,descriptive direction-wise interval; no multiplicity adjustment
hann_ifft_minus_rect_ifft,rect_ifft,hann_ifft,gce_deg,56,150.0,240.0,20,10.11026954650879,-1.0409774790491328,23.086221630913897,6,5,9,descriptive direction-wise interval; no multiplicity adjustment
hann_ifft_minus_rect_ifft,rect_ifft,hann_ifft,gce_deg,57,150.0,270.0,20,18.90069863455636,-0.9607549425533781,40.67915400096349,7,1,12,descriptive direction-wise interval; no multiplicity adjustment
hann_ifft_minus_rect_ifft,rect_ifft,hann_ifft,gce_deg,58,150.0,300.0,20,-18.114519323621476,-37.43604302525521,-2.576444534403931,3,6,11,descriptive direction-wise interval; no multiplicity adjustment
hann_ifft_minus_rect_ifft,rect_ifft,hann_ifft,gce_deg,59,150.0,330.0,20,8.031586265563968,-0.7903220285688107,20.79807120731899,5,3,12,descriptive direction-wise interval; no multiplicity adjustment
hann_ifft_minus_rect_ifft,rect_ifft,hann_ifft,top1,0,30.0,0.0,20,-0.10714285714285714,-0.24285714285714283,-5.551115123125783e-18,1,6,13,descriptive direction-wise interval; no multiplicity adjustment
hann_ifft_minus_rect_ifft,rect_ifft,hann_ifft,top1,1,30.0,30.0,20,-0.05,-0.12142857142857141,0.014285714285714282,3,5,12,descriptive direction-wise interval; no multiplicity adjustment
hann_ifft_minus_rect_ifft,rect_ifft,hann_ifft,top1,2,30.0,60.0,20,-0.05714285714285714,-0.19285714285714284,0.07142857142857142,1,3,16,descriptive direction-wise interval; no multiplicity adjustment
hann_ifft_minus_rect_ifft,rect_ifft,hann_ifft,top1,3,30.0,90.0,20,2.7755575615628915e-18,-0.08571428571428572,0.07857142857142857,4,3,13,descriptive direction-wise interval; no multiplicity adjustment
hann_ifft_minus_rect_ifft,rect_ifft,hann_ifft,top1,4,30.0,120.0,20,0.02142857142857142,-0.1142857142857143,0.16428571428571428,2,2,16,descriptive direction-wise interval; no multiplicity adjustment
hann_ifft_minus_rect_ifft,rect_ifft,hann_ifft,top1,5,30.0,150.0,20,-0.11428571428571428,-0.25,0.0,2,5,13,descriptive direction-wise interval; no multiplicity adjustment
hann_ifft_minus_rect_ifft,rect_ifft,hann_ifft,top1,6,30.0,180.0,20,-0.08571428571428567,-0.2571428571428572,0.07857142857142856,4,7,9,descriptive direction-wise interval; no multiplicity adjustment
hann_ifft_minus_rect_ifft,rect_ifft,hann_ifft,top1,7,30.0,210.0,20,-0.1142857142857143,-0.24999999999999994,0.014285714285714285,2,6,12,descriptive direction-wise interval; no multiplicity adjustment
hann_ifft_minus_rect_ifft,rect_ifft,hann_ifft,top1,8,30.0,240.0,20,-0.04285714285714286,-0.1357142857142857,0.02857142857142858,3,5,12,descriptive direction-wise interval; no multiplicity adjustment
hann_ifft_minus_rect_ifft,rect_ifft,hann_ifft,top1,9,30.0,270.0,20,-0.028571428571428564,-0.15714285714285714,0.07142857142857142,2,2,16,descriptive direction-wise interval; no multiplicity adjustment
hann_ifft_minus_rect_ifft,rect_ifft,hann_ifft,top1,10,30.0,300.0,20,0.05714285714285714,-0.0714285714285714,0.19285714285714287,5,2,13,descriptive direction-wise interval; no multiplicity adjustment
hann_ifft_minus_rect_ifft,rect_ifft,hann_ifft,top1,11,30.0,330.0,20,-0.04285714285714285,-0.12142857142857144,0.03571428571428571,1,5,14,descriptive direction-wise interval; no multiplicity adjustment
hann_ifft_minus_rect_ifft,rect_ifft,hann_ifft,top1,12,60.0,0.0,20,-0.17857142857142855,-0.37142857142857144,0.00714285714285714,2,7,11,descriptive direction-wise interval; no multiplicity adjustment
hann_ifft_minus_rect_ifft,rect_ifft,hann_ifft,top1,13,60.0,30.0,20,-0.18571428571428567,-0.2928571428571428,-0.09999999999999998,0,12,8,descriptive direction-wise interval; no multiplicity adjustment
hann_ifft_minus_rect_ifft,rect_ifft,hann_ifft,top1,14,60.0,60.0,20,0.007142857142857148,-0.1214285714285714,0.12857142857142861,7,7,6,descriptive direction-wise interval; no multiplicity adjustment
hann_ifft_minus_rect_ifft,rect_ifft,hann_ifft,top1,15,60.0,90.0,20,-0.049999999999999996,-0.15000000000000002,0.02142857142857143,2,3,15,descriptive direction-wise interval; no multiplicity adjustment
hann_ifft_minus_rect_ifft,rect_ifft,hann_ifft,top1,16,60.0,120.0,20,-0.00714285714285714,-0.1214285714285714,0.07857142857142856,5,3,12,descriptive direction-wise interval; no multiplicity adjustment
hann_ifft_minus_rect_ifft,rect_ifft,hann_ifft,top1,17,60.0,150.0,20,-0.1357142857142857,-0.2357142857142857,-0.05,2,11,7,descriptive direction-wise interval; no multiplicity adjustment
hann_ifft_minus_rect_ifft,rect_ifft,hann_ifft,top1,18,60.0,180.0,20,-0.23571428571428577,-0.4142857142857143,-0.05000000000000001,1,11,8,descriptive direction-wise interval; no multiplicity adjustment
hann_ifft_minus_rect_ifft,rect_ifft,hann_ifft,top1,19,60.0,210.0,20,-0.06428571428571428,-0.15,0.02142857142857143,3,7,10,descriptive direction-wise interval; no multiplicity adjustment
hann_ifft_minus_rect_ifft,rect_ifft,hann_ifft,top1,20,60.0,240.0,20,0.11428571428571428,0.014285714285714271,0.2285714285714285,8,2,10,descriptive direction-wise interval; no multiplicity adjustment
hann_ifft_minus_rect_ifft,rect_ifft,hann_ifft,top1,21,60.0,270.0,20,-0.04285714285714286,-0.11428571428571428,0.014285714285714287,2,4,14,descriptive direction-wise interval; no multiplicity adjustment
hann_ifft_minus_rect_ifft,rect_ifft,hann_ifft,top1,22,60.0,300.0,20,0.03571428571428572,-0.07142857142857142,0.15,6,4,10,descriptive direction-wise interval; no multiplicity adjustment
hann_ifft_minus_rect_ifft,rect_ifft,hann_ifft,top1,23,60.0,330.0,20,-0.07142857142857142,-0.1642857142857143,0.02142857142857142,2,8,10,descriptive direction-wise interval; no multiplicity adjustment
hann_ifft_minus_rect_ifft,rect_ifft,hann_ifft,top1,24,90.0,0.0,20,-0.18571428571428567,-0.3214285714285715,-0.03571428571428573,3,12,5,descriptive direction-wise interval; no multiplicity adjustment
hann_ifft_minus_rect_ifft,rect_ifft,hann_ifft,top1,25,90.0,30.0,20,-0.07142857142857142,-0.20714285714285713,0.06428571428571428,4,9,7,descriptive direction-wise interval; no multiplicity adjustment
hann_ifft_minus_rect_ifft,rect_ifft,hann_ifft,top1,26,90.0,60.0,20,-0.02857142857142856,-0.1571428571428571,0.1,5,7,8,descriptive direction-wise interval; no multiplicity adjustment
hann_ifft_minus_rect_ifft,rect_ifft,hann_ifft,top1,27,90.0,90.0,20,0.01428571428571428,-0.17142857142857143,0.1857142857142857,10,6,4,descriptive direction-wise interval; no multiplicity adjustment
hann_ifft_minus_rect_ifft,rect_ifft,hann_ifft,top1,28,90.0,120.0,20,0.04285714285714286,-0.11428571428571428,0.20714285714285713,7,7,6,descriptive direction-wise interval; no multiplicity adjustment
hann_ifft_minus_rect_ifft,rect_ifft,hann_ifft,top1,29,90.0,150.0,20,-0.021428571428571425,-0.15714285714285714,0.10714285714285716,8,8,4,descriptive direction-wise interval; no multiplicity adjustment
hann_ifft_minus_rect_ifft,rect_ifft,hann_ifft,top1,30,90.0,180.0,20,0.04285714285714286,-0.09285714285714286,0.17857142857142858,7,8,5,descriptive direction-wise interval; no multiplicity adjustment
hann_ifft_minus_rect_ifft,rect_ifft,hann_ifft,top1,31,90.0,210.0,20,-0.05714285714285714,-0.14285714285714285,0.03571428571428571,4,8,8,descriptive direction-wise interval; no multiplicity adjustment
hann_ifft_minus_rect_ifft,rect_ifft,hann_ifft,top1,32,90.0,240.0,20,-0.03571428571428571,-0.12857142857142856,0.05714285714285714,5,7,8,descriptive direction-wise interval; no multiplicity adjustment
hann_ifft_minus_rect_ifft,rect_ifft,hann_ifft,top1,33,90.0,270.0,20,-0.12857142857142856,-0.30714285714285705,0.049999999999999996,4,9,7,descriptive direction-wise interval; no multiplicity adjustment
hann_ifft_minus_rect_ifft,rect_ifft,hann_ifft,top1,34,90.0,300.0,20,0.00714285714285714,-0.15714285714285714,0.16428571428571428,9,7,4,descriptive direction-wise interval; no multiplicity adjustment
hann_ifft_minus_rect_ifft,rect_ifft,hann_ifft,top1,35,90.0,330.0,20,-2.7755575615628915e-18,-0.09999999999999998,0.1,6,6,8,descriptive direction-wise interval; no multiplicity adjustment
hann_ifft_minus_rect_ifft,rect_ifft,hann_ifft,top1,36,120.0,0.0,20,-0.11428571428571428,-0.34285714285714286,0.12142857142857141,3,7,10,descriptive direction-wise interval; no multiplicity adjustment
hann_ifft_minus_rect_ifft,rect_ifft,hann_ifft,top1,37,120.0,30.0,20,-0.04285714285714287,-0.14285714285714285,0.03571428571428572,4,5,11,descriptive direction-wise interval; no multiplicity adjustment
hann_ifft_minus_rect_ifft,rect_ifft,hann_ifft,top1,38,120.0,60.0,20,0.02857142857142857,-0.04285714285714284,0.1,5,4,11,descriptive direction-wise interval; no multiplicity adjustment
hann_ifft_minus_rect_ifft,rect_ifft,hann_ifft,top1,39,120.0,90.0,20,-0.014285714285714287,-0.08571428571428572,0.04285714285714286,4,3,13,descriptive direction-wise interval; no multiplicity adjustment
hann_ifft_minus_rect_ifft,rect_ifft,hann_ifft,top1,40,120.0,120.0,20,-0.01428571428571429,-0.08571428571428572,0.05714285714285715,2,4,14,descriptive direction-wise interval; no multiplicity adjustment
hann_ifft_minus_rect_ifft,rect_ifft,hann_ifft,top1,41,120.0,150.0,20,-0.1,-0.21428571428571427,-1.3877787807814457e-17,3,10,7,descriptive direction-wise interval; no multiplicity adjustment
hann_ifft_minus_rect_ifft,rect_ifft,hann_ifft,top1,42,120.0,180.0,20,-0.15714285714285717,-0.3357142857142857,0.01428571428571428,4,9,7,descriptive direction-wise interval; no multiplicity adjustment
hann_ifft_minus_rect_ifft,rect_ifft,hann_ifft,top1,43,120.0,210.0,20,-0.07142857142857142,-0.19285714285714287,0.04285714285714287,6,7,7,descriptive direction-wise interval; no multiplicity adjustment
hann_ifft_minus_rect_ifft,rect_ifft,hann_ifft,top1,44,120.0,240.0,20,0.12142857142857141,0.05,0.20714285714285713,9,1,10,descriptive direction-wise interval; no multiplicity adjustment
hann_ifft_minus_rect_ifft,rect_ifft,hann_ifft,top1,45,120.0,270.0,20,-0.04285714285714286,-0.15714285714285717,0.042857142857142864,5,3,12,descriptive direction-wise interval; no multiplicity adjustment
hann_ifft_minus_rect_ifft,rect_ifft,hann_ifft,top1,46,120.0,300.0,20,0.014285714285714287,-0.07142857142857142,0.09285714285714286,4,2,14,descriptive direction-wise interval; no multiplicity adjustment
hann_ifft_minus_rect_ifft,rect_ifft,hann_ifft,top1,47,120.0,330.0,20,-0.03571428571428573,-0.13571428571428573,0.06428571428571428,3,6,11,descriptive direction-wise interval; no multiplicity adjustment
hann_ifft_minus_rect_ifft,rect_ifft,hann_ifft,top1,48,150.0,0.0,20,-0.06428571428571428,-0.22142857142857145,0.08571428571428572,2,5,13,descriptive direction-wise interval; no multiplicity adjustment
hann_ifft_minus_rect_ifft,rect_ifft,hann_ifft,top1,49,150.0,30.0,20,0.01428571428571428,-0.09285714285714285,0.11428571428571428,5,3,12,descriptive direction-wise interval; no multiplicity adjustment
hann_ifft_minus_rect_ifft,rect_ifft,hann_ifft,top1,50,150.0,60.0,20,-0.1,-0.19285714285714284,-0.02142857142857143,1,6,13,descriptive direction-wise interval; no multiplicity adjustment
hann_ifft_minus_rect_ifft,rect_ifft,hann_ifft,top1,51,150.0,90.0,20,-0.0642857142857143,-0.14285714285714285,0.0,1,4,15,descriptive direction-wise interval; no multiplicity adjustment
hann_ifft_minus_rect_ifft,rect_ifft,hann_ifft,top1,52,150.0,120.0,20,-0.00714285714285714,-0.09285714285714285,0.05714285714285714,3,1,16,descriptive direction-wise interval; no multiplicity adjustment
hann_ifft_minus_rect_ifft,rect_ifft,hann_ifft,top1,53,150.0,150.0,20,-0.08571428571428572,-0.2357142857142857,0.05,2,6,12,descriptive direction-wise interval; no multiplicity adjustment
hann_ifft_minus_rect_ifft,rect_ifft,hann_ifft,top1,54,150.0,180.0,20,-0.18571428571428572,-0.33571428571428574,-0.05714285714285714,2,9,9,descriptive direction-wise interval; no multiplicity adjustment
hann_ifft_minus_rect_ifft,rect_ifft,hann_ifft,top1,55,150.0,210.0,20,-0.1357142857142857,-0.2785714285714285,-0.02142857142857143,2,5,13,descriptive direction-wise interval; no multiplicity adjustment
hann_ifft_minus_rect_ifft,rect_ifft,hann_ifft,top1,56,150.0,240.0,20,-0.1285714285714286,-0.24999999999999994,-0.02142857142857143,2,6,12,descriptive direction-wise interval; no multiplicity adjustment
hann_ifft_minus_rect_ifft,rect_ifft,hann_ifft,top1,57,150.0,270.0,20,-0.1642857142857143,-0.32142857142857145,-0.028571428571428574,1,6,13,descriptive direction-wise interval; no multiplicity adjustment
hann_ifft_minus_rect_ifft,rect_ifft,hann_ifft,top1,58,150.0,300.0,20,0.12142857142857144,-5.551115123125783e-18,0.2714285714285714,4,2,14,descriptive direction-wise interval; no multiplicity adjustment
hann_ifft_minus_rect_ifft,rect_ifft,hann_ifft,top1,59,150.0,330.0,20,-0.014285714285714282,-0.1,0.05,3,2,15,descriptive direction-wise interval; no multiplicity adjustment
hann_ifft_minus_rect_ifft,rect_ifft,hann_ifft,tail_gt90,0,30.0,0.0,20,-0.03571428571428571,-0.10714285714285714,0.02857142857142857,1,3,16,descriptive direction-wise interval; no multiplicity adjustment
hann_ifft_minus_rect_ifft,rect_ifft,hann_ifft,tail_gt90,1,30.0,30.0,20,0.007142857142857143,-0.07857142857142857,0.08571428571428572,4,2,14,descriptive direction-wise interval; no multiplicity adjustment
hann_ifft_minus_rect_ifft,rect_ifft,hann_ifft,tail_gt90,2,30.0,60.0,20,0.08571428571428572,-0.02142857142857143,0.21428571428571433,4,1,15,descriptive direction-wise interval; no multiplicity adjustment
hann_ifft_minus_rect_ifft,rect_ifft,hann_ifft,tail_gt90,3,30.0,90.0,20,-0.035714285714285726,-0.18571428571428572,0.11428571428571428,4,4,12,descriptive direction-wise interval; no multiplicity adjustment
hann_ifft_minus_rect_ifft,rect_ifft,hann_ifft,tail_gt90,4,30.0,120.0,20,-0.14285714285714285,-0.2785714285714286,-0.02857142857142857,1,6,13,descriptive direction-wise interval; no multiplicity adjustment
hann_ifft_minus_rect_ifft,rect_ifft,hann_ifft,tail_gt90,5,30.0,150.0,20,0.22857142857142856,0.07142857142857142,0.4,6,1,13,descriptive direction-wise interval; no multiplicity adjustment
hann_ifft_minus_rect_ifft,rect_ifft,hann_ifft,tail_gt90,6,30.0,180.0,20,8.326672684688674e-18,-0.10714285714285712,0.12142857142857144,1,2,17,descriptive direction-wise interval; no multiplicity adjustment
hann_ifft_minus_rect_ifft,rect_ifft,hann_ifft,tail_gt90,7,30.0,210.0,20,0.06428571428571428,0.0,0.14285714285714285,4,1,15,descriptive direction-wise interval; no multiplicity adjustment
hann_ifft_minus_rect_ifft,rect_ifft,hann_ifft,tail_gt90,8,30.0,240.0,20,0.08571428571428572,0.021428571428571425,0.16428571428571428,7,1,12,descriptive direction-wise interval; no multiplicity adjustment
hann_ifft_minus_rect_ifft,rect_ifft,hann_ifft,tail_gt90,9,30.0,270.0,20,0.0,-0.1,0.10714285714285714,3,3,14,descriptive direction-wise interval; no multiplicity adjustment
hann_ifft_minus_rect_ifft,rect_ifft,hann_ifft,tail_gt90,10,30.0,300.0,20,0.00714285714285714,-0.07857142857142857,0.08571428571428572,2,1,17,descriptive direction-wise interval; no multiplicity adjustment
hann_ifft_minus_rect_ifft,rect_ifft,hann_ifft,tail_gt90,11,30.0,330.0,20,0.07857142857142857,-0.014285714285714287,0.18571428571428572,4,2,14,descriptive direction-wise interval; no multiplicity adjustment
hann_ifft_minus_rect_ifft,rect_ifft,hann_ifft,tail_gt90,12,60.0,0.0,20,-0.04285714285714286,-0.14285714285714288,0.02857142857142857,1,2,17,descriptive direction-wise interval; no multiplicity adjustment
hann_ifft_minus_rect_ifft,rect_ifft,hann_ifft,tail_gt90,13,60.0,30.0,20,0.12142857142857141,0.03571428571428571,0.22857142857142856,7,1,12,descriptive direction-wise interval; no multiplicity adjustment
hann_ifft_minus_rect_ifft,rect_ifft,hann_ifft,tail_gt90,14,60.0,60.0,20,0.03571428571428571,-0.07857142857142858,0.16428571428571428,4,3,13,descriptive direction-wise interval; no multiplicity adjustment
hann_ifft_minus_rect_ifft,rect_ifft,hann_ifft,tail_gt90,15,60.0,90.0,20,0.021428571428571425,-0.07142857142857142,0.1357142857142857,3,3,14,descriptive direction-wise interval; no multiplicity adjustment
hann_ifft_minus_rect_ifft,rect_ifft,hann_ifft,tail_gt90,16,60.0,120.0,20,0.04285714285714286,-0.028749999999999023,0.15,4,2,14,descriptive direction-wise interval; no multiplicity adjustment
hann_ifft_minus_rect_ifft,rect_ifft,hann_ifft,tail_gt90,17,60.0,150.0,20,0.05,-0.014285714285714282,0.12142857142857141,5,1,14,descriptive direction-wise interval; no multiplicity adjustment
hann_ifft_minus_rect_ifft,rect_ifft,hann_ifft,tail_gt90,18,60.0,180.0,20,0.05714285714285715,-0.02142857142857143,0.17857142857142858,2,2,16,descriptive direction-wise interval; no multiplicity adjustment
hann_ifft_minus_rect_ifft,rect_ifft,hann_ifft,tail_gt90,19,60.0,210.0,20,-0.07857142857142857,-0.17857142857142855,-0.007142857142857131,1,5,14,descriptive direction-wise interval; no multiplicity adjustment
hann_ifft_minus_rect_ifft,rect_ifft,hann_ifft,tail_gt90,20,60.0,240.0,20,-0.04285714285714286,-0.17857142857142855,0.07857142857142857,5,6,9,descriptive direction-wise interval; no multiplicity adjustment
hann_ifft_minus_rect_ifft,rect_ifft,hann_ifft,tail_gt90,21,60.0,270.0,20,0.06428571428571428,-0.05714285714285714,0.19999999999999996,6,1,13,descriptive direction-wise interval; no multiplicity adjustment
hann_ifft_minus_rect_ifft,rect_ifft,hann_ifft,tail_gt90,22,60.0,300.0,20,-0.05714285714285714,-0.20714285714285713,0.07857142857142856,5,4,11,descriptive direction-wise interval; no multiplicity adjustment
hann_ifft_minus_rect_ifft,rect_ifft,hann_ifft,tail_gt90,23,60.0,330.0,20,0.05,-0.021428571428571425,0.13571428571428573,4,2,14,descriptive direction-wise interval; no multiplicity adjustment
hann_ifft_minus_rect_ifft,rect_ifft,hann_ifft,tail_gt90,24,90.0,0.0,20,0.12857142857142856,-0.04285714285714286,0.29999999999999993,10,7,3,descriptive direction-wise interval; no multiplicity adjustment
hann_ifft_minus_rect_ifft,rect_ifft,hann_ifft,tail_gt90,25,90.0,30.0,20,0.06428571428571428,-0.07857142857142857,0.21428571428571425,8,6,6,descriptive direction-wise interval; no multiplicity adjustment
hann_ifft_minus_rect_ifft,rect_ifft,hann_ifft,tail_gt90,26,90.0,60.0,20,0.14285714285714285,-0.0071428571428571366,0.2857142857142857,12,5,3,descriptive direction-wise interval; no multiplicity adjustment
hann_ifft_minus_rect_ifft,rect_ifft,hann_ifft,tail_gt90,27,90.0,90.0,20,-0.03571428571428573,-0.2,0.13571428571428573,6,11,3,descriptive direction-wise interval; no multiplicity adjustment
hann_ifft_minus_rect_ifft,rect_ifft,hann_ifft,tail_gt90,28,90.0,120.0,20,0.10714285714285712,-0.06428571428571427,0.2571428571428571,12,3,5,descriptive direction-wise interval; no multiplicity adjustment
hann_ifft_minus_rect_ifft,rect_ifft,hann_ifft,tail_gt90,29,90.0,150.0,20,0.02142857142857143,-0.1142857142857143,0.15714285714285714,10,9,1,descriptive direction-wise interval; no multiplicity adjustment
hann_ifft_minus_rect_ifft,rect_ifft,hann_ifft,tail_gt90,30,90.0,180.0,20,-0.05714285714285714,-0.20714285714285716,0.09285714285714286,8,8,4,descriptive direction-wise interval; no multiplicity adjustment
hann_ifft_minus_rect_ifft,rect_ifft,hann_ifft,tail_gt90,31,90.0,210.0,20,0.03571428571428571,-0.07142857142857142,0.14285714285714285,8,5,7,descriptive direction-wise interval; no multiplicity adjustment
hann_ifft_minus_rect_ifft,rect_ifft,hann_ifft,tail_gt90,32,90.0,240.0,20,0.014285714285714277,-0.12857142857142856,0.16428571428571428,8,8,4,descriptive direction-wise interval; no multiplicity adjustment
hann_ifft_minus_rect_ifft,rect_ifft,hann_ifft,tail_gt90,33,90.0,270.0,20,0.1,-0.07142857142857144,0.27142857142857146,9,6,5,descriptive direction-wise interval; no multiplicity adjustment
hann_ifft_minus_rect_ifft,rect_ifft,hann_ifft,tail_gt90,34,90.0,300.0,20,0.02142857142857142,-0.12142857142857144,0.17142857142857143,9,8,3,descriptive direction-wise interval; no multiplicity adjustment
hann_ifft_minus_rect_ifft,rect_ifft,hann_ifft,tail_gt90,35,90.0,330.0,20,0.07142857142857144,-0.04285714285714285,0.18571428571428567,9,6,5,descriptive direction-wise interval; no multiplicity adjustment
hann_ifft_minus_rect_ifft,rect_ifft,hann_ifft,tail_gt90,36,120.0,0.0,20,-0.02142857142857143,-0.07142857142857142,0.014285714285714285,1,2,17,descriptive direction-wise interval; no multiplicity adjustment
hann_ifft_minus_rect_ifft,rect_ifft,hann_ifft,tail_gt90,37,120.0,30.0,20,0.007142857142857143,-0.07142857142857142,0.09285714285714286,3,3,14,descriptive direction-wise interval; no multiplicity adjustment
hann_ifft_minus_rect_ifft,rect_ifft,hann_ifft,tail_gt90,38,120.0,60.0,20,0.04285714285714286,-0.014285714285714285,0.10714285714285714,4,2,14,descriptive direction-wise interval; no multiplicity adjustment
hann_ifft_minus_rect_ifft,rect_ifft,hann_ifft,tail_gt90,39,120.0,90.0,20,0.07142857142857142,-0.03571428571428571,0.18571428571428567,5,1,14,descriptive direction-wise interval; no multiplicity adjustment
hann_ifft_minus_rect_ifft,rect_ifft,hann_ifft,tail_gt90,40,120.0,120.0,20,5.551115123125783e-18,-0.11428571428571428,0.0857142857142857,4,1,15,descriptive direction-wise interval; no multiplicity adjustment
hann_ifft_minus_rect_ifft,rect_ifft,hann_ifft,tail_gt90,41,120.0,150.0,20,-0.02857142857142857,-0.08571428571428573,0.02857142857142857,2,5,13,descriptive direction-wise interval; no multiplicity adjustment
hann_ifft_minus_rect_ifft,rect_ifft,hann_ifft,tail_gt90,42,120.0,180.0,20,0.05714285714285714,-0.02142857142857143,0.16428571428571428,3,2,15,descriptive direction-wise interval; no multiplicity adjustment
hann_ifft_minus_rect_ifft,rect_ifft,hann_ifft,tail_gt90,43,120.0,210.0,20,-0.08571428571428572,-0.19285714285714287,-0.007142857142857143,1,4,15,descriptive direction-wise interval; no multiplicity adjustment
hann_ifft_minus_rect_ifft,rect_ifft,hann_ifft,tail_gt90,44,120.0,240.0,20,-0.03571428571428571,-0.19285714285714284,0.11428571428571428,3,5,12,descriptive direction-wise interval; no multiplicity adjustment
hann_ifft_minus_rect_ifft,rect_ifft,hann_ifft,tail_gt90,45,120.0,270.0,20,-0.007142857142857143,-0.12142857142857144,0.10714285714285716,4,5,11,descriptive direction-wise interval; no multiplicity adjustment
hann_ifft_minus_rect_ifft,rect_ifft,hann_ifft,tail_gt90,46,120.0,300.0,20,-0.04285714285714286,-0.15714285714285714,0.06428571428571428,2,3,15,descriptive direction-wise interval; no multiplicity adjustment
hann_ifft_minus_rect_ifft,rect_ifft,hann_ifft,tail_gt90,47,120.0,330.0,20,0.03571428571428571,-0.02142857142857143,0.09999999999999999,4,1,15,descriptive direction-wise interval; no multiplicity adjustment
hann_ifft_minus_rect_ifft,rect_ifft,hann_ifft,tail_gt90,48,150.0,0.0,20,-0.007142857142857143,-0.02857142857142857,0.014285714285714285,1,2,17,descriptive direction-wise interval; no multiplicity adjustment
hann_ifft_minus_rect_ifft,rect_ifft,hann_ifft,tail_gt90,49,150.0,30.0,20,-0.03571428571428571,-0.1,0.021428571428571425,1,4,15,descriptive direction-wise interval; no multiplicity adjustment
hann_ifft_minus_rect_ifft,rect_ifft,hann_ifft,tail_gt90,50,150.0,60.0,20,0.05,-0.03571428571428571,0.15,5,2,13,descriptive direction-wise interval; no multiplicity adjustment
hann_ifft_minus_rect_ifft,rect_ifft,hann_ifft,tail_gt90,51,150.0,90.0,20,0.07142857142857142,-0.007142857142857145,0.15714285714285714,5,1,14,descriptive direction-wise interval; no multiplicity adjustment
hann_ifft_minus_rect_ifft,rect_ifft,hann_ifft,tail_gt90,52,150.0,120.0,20,-0.0642857142857143,-0.17142857142857143,0.0,0,3,17,descriptive direction-wise interval; no multiplicity adjustment
hann_ifft_minus_rect_ifft,rect_ifft,hann_ifft,tail_gt90,53,150.0,150.0,20,0.05714285714285714,-0.01428571428571429,0.12857142857142856,6,2,12,descriptive direction-wise interval; no multiplicity adjustment
hann_ifft_minus_rect_ifft,rect_ifft,hann_ifft,tail_gt90,54,150.0,180.0,20,0.028571428571428574,-0.04285714285714286,0.11428571428571428,3,3,14,descriptive direction-wise interval; no multiplicity adjustment
hann_ifft_minus_rect_ifft,rect_ifft,hann_ifft,tail_gt90,55,150.0,210.0,20,0.007142857142857145,-0.14285714285714285,0.15714285714285714,2,3,15,descriptive direction-wise interval; no multiplicity adjustment
hann_ifft_minus_rect_ifft,rect_ifft,hann_ifft,tail_gt90,56,150.0,240.0,20,0.07142857142857144,-0.014285714285714285,0.17142857142857143,5,2,13,descriptive direction-wise interval; no multiplicity adjustment
hann_ifft_minus_rect_ifft,rect_ifft,hann_ifft,tail_gt90,57,150.0,270.0,20,0.1,-0.014285714285714285,0.24285714285714283,3,1,16,descriptive direction-wise interval; no multiplicity adjustment
hann_ifft_minus_rect_ifft,rect_ifft,hann_ifft,tail_gt90,58,150.0,300.0,20,-0.1285714285714286,-0.27142857142857146,-0.014285714285714285,1,4,15,descriptive direction-wise interval; no multiplicity adjustment
hann_ifft_minus_rect_ifft,rect_ifft,hann_ifft,tail_gt90,59,150.0,330.0,20,0.08571428571428572,0.0,0.18571428571428572,4,1,15,descriptive direction-wise interval; no multiplicity adjustment
hann_ifft_minus_rect_ifft,rect_ifft,hann_ifft,tail_ge150,0,30.0,0.0,20,-0.02857142857142857,-0.09285714285714285,0.02857142857142857,1,3,16,descriptive direction-wise interval; no multiplicity adjustment
hann_ifft_minus_rect_ifft,rect_ifft,hann_ifft,tail_ge150,1,30.0,30.0,20,-0.04285714285714286,-0.13571428571428573,0.014285714285714285,1,2,17,descriptive direction-wise interval; no multiplicity adjustment
hann_ifft_minus_rect_ifft,rect_ifft,hann_ifft,tail_ge150,2,30.0,60.0,20,0.04285714285714285,-0.07857142857142857,0.17142857142857143,4,2,14,descriptive direction-wise interval; no multiplicity adjustment
hann_ifft_minus_rect_ifft,rect_ifft,hann_ifft,tail_ge150,3,30.0,90.0,20,-0.0785714285714286,-0.2357142857142857,0.05714285714285714,2,4,14,descriptive direction-wise interval; no multiplicity adjustment
hann_ifft_minus_rect_ifft,rect_ifft,hann_ifft,tail_ge150,4,30.0,120.0,20,-0.02857142857142857,-0.11428571428571428,0.02857142857142857,2,2,16,descriptive direction-wise interval; no multiplicity adjustment
hann_ifft_minus_rect_ifft,rect_ifft,hann_ifft,tail_ge150,5,30.0,150.0,20,0.04285714285714285,-0.007142857142857143,0.1,4,1,15,descriptive direction-wise interval; no multiplicity adjustment
hann_ifft_minus_rect_ifft,rect_ifft,hann_ifft,tail_ge150,6,30.0,180.0,20,0.021428571428571425,-0.04285714285714286,0.10714285714285712,1,1,18,descriptive direction-wise interval; no multiplicity adjustment
hann_ifft_minus_rect_ifft,rect_ifft,hann_ifft,tail_ge150,7,30.0,210.0,20,0.04285714285714286,0.007142857142857143,0.08571428571428572,4,0,16,descriptive direction-wise interval; no multiplicity adjustment
hann_ifft_minus_rect_ifft,rect_ifft,hann_ifft,tail_ge150,8,30.0,240.0,20,0.0,-0.05714285714285714,0.06428571428571428,3,4,13,descriptive direction-wise interval; no multiplicity adjustment
hann_ifft_minus_rect_ifft,rect_ifft,hann_ifft,tail_ge150,9,30.0,270.0,20,-0.007142857142857145,-0.13571428571428573,0.1,3,2,15,descriptive direction-wise interval; no multiplicity adjustment
hann_ifft_minus_rect_ifft,rect_ifft,hann_ifft,tail_ge150,10,30.0,300.0,20,-0.007142857142857143,-0.08571428571428572,0.06428571428571428,2,2,16,descriptive direction-wise interval; no multiplicity adjustment
hann_ifft_minus_rect_ifft,rect_ifft,hann_ifft,tail_ge150,11,30.0,330.0,20,0.021428571428571425,-0.02857142857142857,0.09285714285714285,2,1,17,descriptive direction-wise interval; no multiplicity adjustment
hann_ifft_minus_rect_ifft,rect_ifft,hann_ifft,tail_ge150,12,60.0,0.0,20,0.02142857142857143,-0.08571428571428569,0.12857142857142856,2,1,17,descriptive direction-wise interval; no multiplicity adjustment
hann_ifft_minus_rect_ifft,rect_ifft,hann_ifft,tail_ge150,13,60.0,30.0,20,0.007142857142857143,0.0,0.02142857142857143,1,0,19,descriptive direction-wise interval; no multiplicity adjustment
hann_ifft_minus_rect_ifft,rect_ifft,hann_ifft,tail_ge150,14,60.0,60.0,20,0.05714285714285714,0.0,0.1571428571428571,2,0,18,descriptive direction-wise interval; no multiplicity adjustment
hann_ifft_minus_rect_ifft,rect_ifft,hann_ifft,tail_ge150,15,60.0,90.0,20,0.03571428571428571,-0.007142857142857143,0.09285714285714285,3,1,16,descriptive direction-wise interval; no multiplicity adjustment
hann_ifft_minus_rect_ifft,rect_ifft,hann_ifft,tail_ge150,16,60.0,120.0,20,0.02142857142857143,0.0,0.04285714285714286,3,0,17,descriptive direction-wise interval; no multiplicity adjustment
hann_ifft_minus_rect_ifft,rect_ifft,hann_ifft,tail_ge150,17,60.0,150.0,20,0.04999999999999999,0.007142857142857143,0.10714285714285714,4,0,16,descriptive direction-wise interval; no multiplicity adjustment
hann_ifft_minus_rect_ifft,rect_ifft,hann_ifft,tail_ge150,18,60.0,180.0,20,0.0,0.0,0.0,0,0,20,descriptive direction-wise interval; no multiplicity adjustment
hann_ifft_minus_rect_ifft,rect_ifft,hann_ifft,tail_ge150,19,60.0,210.0,20,-0.02142857142857143,-0.09285714285714286,0.03571428571428571,2,3,15,descriptive direction-wise interval; no multiplicity adjustment
hann_ifft_minus_rect_ifft,rect_ifft,hann_ifft,tail_ge150,20,60.0,240.0,20,0.02857142857142857,-0.04285714285714285,0.10714285714285714,3,3,14,descriptive direction-wise interval; no multiplicity adjustment
hann_ifft_minus_rect_ifft,rect_ifft,hann_ifft,tail_ge150,21,60.0,270.0,20,0.01428571428571429,-0.09999999999999998,0.1357142857142857,5,3,12,descriptive direction-wise interval; no multiplicity adjustment
hann_ifft_minus_rect_ifft,rect_ifft,hann_ifft,tail_ge150,22,60.0,300.0,20,0.02142857142857143,-0.02142857142857143,0.08571428571428572,1,1,18,descriptive direction-wise interval; no multiplicity adjustment
hann_ifft_minus_rect_ifft,rect_ifft,hann_ifft,tail_ge150,23,60.0,330.0,20,0.02142857142857143,-0.02857142857142857,0.08571428571428572,3,3,14,descriptive direction-wise interval; no multiplicity adjustment
hann_ifft_minus_rect_ifft,rect_ifft,hann_ifft,tail_ge150,24,90.0,0.0,20,0.14285714285714285,-0.02142857142857142,0.3071428571428571,10,7,3,descriptive direction-wise interval; no multiplicity adjustment
hann_ifft_minus_rect_ifft,rect_ifft,hann_ifft,tail_ge150,25,90.0,30.0,20,0.04999999999999999,-0.0642857142857143,0.17142857142857143,6,4,10,descriptive direction-wise interval; no multiplicity adjustment
hann_ifft_minus_rect_ifft,rect_ifft,hann_ifft,tail_ge150,26,90.0,60.0,20,0.05714285714285715,-0.07857142857142854,0.18571428571428572,8,6,6,descriptive direction-wise interval; no multiplicity adjustment
hann_ifft_minus_rect_ifft,rect_ifft,hann_ifft,tail_ge150,27,90.0,90.0,20,-0.03571428571428573,-0.2,0.14285714285714282,6,11,3,descriptive direction-wise interval; no multiplicity adjustment
hann_ifft_minus_rect_ifft,rect_ifft,hann_ifft,tail_ge150,28,90.0,120.0,20,0.07142857142857142,-0.07142857142857142,0.20714285714285713,11,4,5,descriptive direction-wise interval; no multiplicity adjustment
hann_ifft_minus_rect_ifft,rect_ifft,hann_ifft,tail_ge150,29,90.0,150.0,20,0.02142857142857143,-0.1,0.14285714285714285,8,7,5,descriptive direction-wise interval; no multiplicity adjustment
hann_ifft_minus_rect_ifft,rect_ifft,hann_ifft,tail_ge150,30,90.0,180.0,20,-0.06428571428571431,-0.20714285714285716,0.0857142857142857,7,8,5,descriptive direction-wise interval; no multiplicity adjustment
hann_ifft_minus_rect_ifft,rect_ifft,hann_ifft,tail_ge150,31,90.0,210.0,20,0.021428571428571415,-0.10714285714285712,0.14285714285714285,8,5,7,descriptive direction-wise interval; no multiplicity adjustment
hann_ifft_minus_rect_ifft,rect_ifft,hann_ifft,tail_ge150,32,90.0,240.0,20,0.05,-0.05714285714285714,0.1714285714285714,5,4,11,descriptive direction-wise interval; no multiplicity adjustment
hann_ifft_minus_rect_ifft,rect_ifft,hann_ifft,tail_ge150,33,90.0,270.0,20,0.1,-0.07142857142857144,0.26428571428571435,9,6,5,descriptive direction-wise interval; no multiplicity adjustment
hann_ifft_minus_rect_ifft,rect_ifft,hann_ifft,tail_ge150,34,90.0,300.0,20,0.042857142857142844,-0.11428571428571428,0.19285714285714287,8,6,6,descriptive direction-wise interval; no multiplicity adjustment
hann_ifft_minus_rect_ifft,rect_ifft,hann_ifft,tail_ge150,35,90.0,330.0,20,-0.05714285714285713,-0.20714285714285707,0.09285714285714286,6,10,4,descriptive direction-wise interval; no multiplicity adjustment
hann_ifft_minus_rect_ifft,rect_ifft,hann_ifft,tail_ge150,36,120.0,0.0,20,0.03571428571428571,0.0,0.1,2,0,18,descriptive direction-wise interval; no multiplicity adjustment
hann_ifft_minus_rect_ifft,rect_ifft,hann_ifft,tail_ge150,37,120.0,30.0,20,-0.007142857142857143,-0.02142857142857143,0.0,0,1,19,descriptive direction-wise interval; no multiplicity adjustment
hann_ifft_minus_rect_ifft,rect_ifft,hann_ifft,tail_ge150,38,120.0,60.0,20,0.02857142857142857,0.0,0.07857142857142856,2,0,18,descriptive direction-wise interval; no multiplicity adjustment
hann_ifft_minus_rect_ifft,rect_ifft,hann_ifft,tail_ge150,39,120.0,90.0,20,0.014285714285714282,-0.07142857142857142,0.1,3,2,15,descriptive direction-wise interval; no multiplicity adjustment
hann_ifft_minus_rect_ifft,rect_ifft,hann_ifft,tail_ge150,40,120.0,120.0,20,0.0,0.0,0.0,0,0,20,descriptive direction-wise interval; no multiplicity adjustment
hann_ifft_minus_rect_ifft,rect_ifft,hann_ifft,tail_ge150,41,120.0,150.0,20,0.0,-0.02142857142857143,0.02142857142857143,1,1,18,descriptive direction-wise interval; no multiplicity adjustment
hann_ifft_minus_rect_ifft,rect_ifft,hann_ifft,tail_ge150,42,120.0,180.0,20,0.0,0.0,0.0,0,0,20,descriptive direction-wise interval; no multiplicity adjustment
hann_ifft_minus_rect_ifft,rect_ifft,hann_ifft,tail_ge150,43,120.0,210.0,20,-0.02857142857142857,-0.08571428571428572,0.02142857142857143,2,3,15,descriptive direction-wise interval; no multiplicity adjustment
hann_ifft_minus_rect_ifft,rect_ifft,hann_ifft,tail_ge150,44,120.0,240.0,20,-0.03571428571428571,-0.10714285714285714,0.014285714285714285,2,4,14,descriptive direction-wise interval; no multiplicity adjustment
hann_ifft_minus_rect_ifft,rect_ifft,hann_ifft,tail_ge150,45,120.0,270.0,20,0.021428571428571425,-0.03571428571428572,0.10714285714285714,2,3,15,descriptive direction-wise interval; no multiplicity adjustment
hann_ifft_minus_rect_ifft,rect_ifft,hann_ifft,tail_ge150,46,120.0,300.0,20,0.028571428571428574,-0.04285714285714286,0.1285714285714286,1,1,18,descriptive direction-wise interval; no multiplicity adjustment
hann_ifft_minus_rect_ifft,rect_ifft,hann_ifft,tail_ge150,47,120.0,330.0,20,-0.02142857142857143,-0.04285714285714286,0.0,0,3,17,descriptive direction-wise interval; no multiplicity adjustment
hann_ifft_minus_rect_ifft,rect_ifft,hann_ifft,tail_ge150,48,150.0,0.0,20,0.0,-0.02142857142857143,0.02142857142857143,1,1,18,descriptive direction-wise interval; no multiplicity adjustment
hann_ifft_minus_rect_ifft,rect_ifft,hann_ifft,tail_ge150,49,150.0,30.0,20,0.014285714285714285,-0.014285714285714285,0.05,2,1,17,descriptive direction-wise interval; no multiplicity adjustment
hann_ifft_minus_rect_ifft,rect_ifft,hann_ifft,tail_ge150,50,150.0,60.0,20,0.07142857142857142,-0.08571428571428572,0.22142857142857145,5,1,14,descriptive direction-wise interval; no multiplicity adjustment
hann_ifft_minus_rect_ifft,rect_ifft,hann_ifft,tail_ge150,51,150.0,90.0,20,0.0071428571428571366,-0.05000000000000001,0.07142857142857142,2,3,15,descriptive direction-wise interval; no multiplicity adjustment
hann_ifft_minus_rect_ifft,rect_ifft,hann_ifft,tail_ge150,52,150.0,120.0,20,-0.04285714285714286,-0.1357142857142857,0.014285714285714285,1,2,17,descriptive direction-wise interval; no multiplicity adjustment
hann_ifft_minus_rect_ifft,rect_ifft,hann_ifft,tail_ge150,53,150.0,150.0,20,-0.014285714285714287,-0.06428571428571428,0.02142857142857143,2,2,16,descriptive direction-wise interval; no multiplicity adjustment
hann_ifft_minus_rect_ifft,rect_ifft,hann_ifft,tail_ge150,54,150.0,180.0,20,0.007142857142857143,0.0,0.02142857142857143,1,0,19,descriptive direction-wise interval; no multiplicity adjustment
hann_ifft_minus_rect_ifft,rect_ifft,hann_ifft,tail_ge150,55,150.0,210.0,20,-0.03571428571428572,-0.1142857142857143,0.014285714285714285,1,2,17,descriptive direction-wise interval; no multiplicity adjustment
hann_ifft_minus_rect_ifft,rect_ifft,hann_ifft,tail_ge150,56,150.0,240.0,20,-0.05,-0.14285714285714285,0.014285714285714285,1,3,16,descriptive direction-wise interval; no multiplicity adjustment
hann_ifft_minus_rect_ifft,rect_ifft,hann_ifft,tail_ge150,57,150.0,270.0,20,0.0,-0.14285714285714285,0.1285714285714286,2,1,17,descriptive direction-wise interval; no multiplicity adjustment
hann_ifft_minus_rect_ifft,rect_ifft,hann_ifft,tail_ge150,58,150.0,300.0,20,-0.05714285714285714,-0.16428571428571428,0.007142857142857143,1,3,16,descriptive direction-wise interval; no multiplicity adjustment
hann_ifft_minus_rect_ifft,rect_ifft,hann_ifft,tail_ge150,59,150.0,330.0,20,0.03571428571428571,-0.04285714285714286,0.14285714285714285,2,3,15,descriptive direction-wise interval; no multiplicity adjustment
hann_ifft_minus_rect_ifft,rect_ifft,hann_ifft,near_or_exact_antipodal_ge165,0,30.0,0.0,20,-0.02142857142857143,-0.05714285714285714,0.0,0,2,18,descriptive direction-wise interval; no multiplicity adjustment
hann_ifft_minus_rect_ifft,rect_ifft,hann_ifft,near_or_exact_antipodal_ge165,1,30.0,30.0,20,0.0,-0.02142857142857143,0.02142857142857143,1,1,18,descriptive direction-wise interval; no multiplicity adjustment
hann_ifft_minus_rect_ifft,rect_ifft,hann_ifft,near_or_exact_antipodal_ge165,2,30.0,60.0,20,0.0,-0.08571428571428572,0.08571428571428572,2,2,16,descriptive direction-wise interval; no multiplicity adjustment
hann_ifft_minus_rect_ifft,rect_ifft,hann_ifft,near_or_exact_antipodal_ge165,3,30.0,90.0,20,-0.1,-0.27142857142857146,0.049999999999999996,2,4,14,descriptive direction-wise interval; no multiplicity adjustment
hann_ifft_minus_rect_ifft,rect_ifft,hann_ifft,near_or_exact_antipodal_ge165,4,30.0,120.0,20,0.014285714285714285,0.0,0.03571428571428571,2,0,18,descriptive direction-wise interval; no multiplicity adjustment
hann_ifft_minus_rect_ifft,rect_ifft,hann_ifft,near_or_exact_antipodal_ge165,5,30.0,150.0,20,0.03571428571428571,0.0,0.1,2,0,18,descriptive direction-wise interval; no multiplicity adjustment
hann_ifft_minus_rect_ifft,rect_ifft,hann_ifft,near_or_exact_antipodal_ge165,6,30.0,180.0,20,-0.02142857142857143,-0.05714285714285714,0.0,0,2,18,descriptive direction-wise interval; no multiplicity adjustment
hann_ifft_minus_rect_ifft,rect_ifft,hann_ifft,near_or_exact_antipodal_ge165,7,30.0,210.0,20,0.014285714285714285,0.0,0.03571428571428571,2,0,18,descriptive direction-wise interval; no multiplicity adjustment
hann_ifft_minus_rect_ifft,rect_ifft,hann_ifft,near_or_exact_antipodal_ge165,8,30.0,240.0,20,-0.014285714285714285,-0.04285714285714286,0.014285714285714285,1,3,16,descriptive direction-wise interval; no multiplicity adjustment
hann_ifft_minus_rect_ifft,rect_ifft,hann_ifft,near_or_exact_antipodal_ge165,9,30.0,270.0,20,-0.01428571428571429,-0.14285714285714285,0.09285714285714285,2,2,16,descriptive direction-wise interval; no multiplicity adjustment
hann_ifft_minus_rect_ifft,rect_ifft,hann_ifft,near_or_exact_antipodal_ge165,10,30.0,300.0,20,0.007142857142857143,0.0,0.02142857142857143,1,0,19,descriptive direction-wise interval; no multiplicity adjustment
hann_ifft_minus_rect_ifft,rect_ifft,hann_ifft,near_or_exact_antipodal_ge165,11,30.0,330.0,20,0.0,0.0,0.0,0,0,20,descriptive direction-wise interval; no multiplicity adjustment
hann_ifft_minus_rect_ifft,rect_ifft,hann_ifft,near_or_exact_antipodal_ge165,12,60.0,0.0,20,-0.00714285714285714,-0.12857142857142856,0.10714285714285714,1,1,18,descriptive direction-wise interval; no multiplicity adjustment
hann_ifft_minus_rect_ifft,rect_ifft,hann_ifft,near_or_exact_antipodal_ge165,13,60.0,30.0,20,0.007142857142857143,0.0,0.02142857142857143,1,0,19,descriptive direction-wise interval; no multiplicity adjustment
hann_ifft_minus_rect_ifft,rect_ifft,hann_ifft,near_or_exact_antipodal_ge165,14,60.0,60.0,20,0.02142857142857143,0.0,0.06428571428571428,1,0,19,descriptive direction-wise interval; no multiplicity adjustment
hann_ifft_minus_rect_ifft,rect_ifft,hann_ifft,near_or_exact_antipodal_ge165,15,60.0,90.0,20,0.04285714285714285,0.014285714285714285,0.07857142857142857,5,0,15,descriptive direction-wise interval; no multiplicity adjustment
hann_ifft_minus_rect_ifft,rect_ifft,hann_ifft,near_or_exact_antipodal_ge165,16,60.0,120.0,20,0.007142857142857143,0.0,0.02142857142857143,1,0,19,descriptive direction-wise interval; no multiplicity adjustment
hann_ifft_minus_rect_ifft,rect_ifft,hann_ifft,near_or_exact_antipodal_ge165,17,60.0,150.0,20,0.05714285714285714,0.0,0.1357142857142857,4,1,15,descriptive direction-wise interval; no multiplicity adjustment
hann_ifft_minus_rect_ifft,rect_ifft,hann_ifft,near_or_exact_antipodal_ge165,18,60.0,180.0,20,0.0,0.0,0.0,0,0,20,descriptive direction-wise interval; no multiplicity adjustment
hann_ifft_minus_rect_ifft,rect_ifft,hann_ifft,near_or_exact_antipodal_ge165,19,60.0,210.0,20,-0.007142857142857143,-0.05,0.04285714285714285,2,3,15,descriptive direction-wise interval; no multiplicity adjustment
hann_ifft_minus_rect_ifft,rect_ifft,hann_ifft,near_or_exact_antipodal_ge165,20,60.0,240.0,20,0.0,-0.02142857142857143,0.02142857142857143,1,1,18,descriptive direction-wise interval; no multiplicity adjustment
hann_ifft_minus_rect_ifft,rect_ifft,hann_ifft,near_or_exact_antipodal_ge165,21,60.0,270.0,20,0.049999999999999996,-0.02142857142857143,0.14999999999999997,4,1,15,descriptive direction-wise interval; no multiplicity adjustment
hann_ifft_minus_rect_ifft,rect_ifft,hann_ifft,near_or_exact_antipodal_ge165,22,60.0,300.0,20,0.02142857142857143,0.0,0.06428571428571428,1,0,19,descriptive direction-wise interval; no multiplicity adjustment
hann_ifft_minus_rect_ifft,rect_ifft,hann_ifft,near_or_exact_antipodal_ge165,23,60.0,330.0,20,0.02857142857142857,-0.02142857142857143,0.08571428571428572,3,2,15,descriptive direction-wise interval; no multiplicity adjustment
hann_ifft_minus_rect_ifft,rect_ifft,hann_ifft,near_or_exact_antipodal_ge165,24,90.0,0.0,20,0.09285714285714286,-0.05714285714285714,0.25,8,7,5,descriptive direction-wise interval; no multiplicity adjustment
hann_ifft_minus_rect_ifft,rect_ifft,hann_ifft,near_or_exact_antipodal_ge165,25,90.0,30.0,20,0.04285714285714286,-0.07142857142857142,0.16428571428571428,7,4,9,descriptive direction-wise interval; no multiplicity adjustment
hann_ifft_minus_rect_ifft,rect_ifft,hann_ifft,near_or_exact_antipodal_ge165,26,90.0,60.0,20,0.09285714285714286,-0.02857142857142857,0.21428571428571427,8,4,8,descriptive direction-wise interval; no multiplicity adjustment
hann_ifft_minus_rect_ifft,rect_ifft,hann_ifft,near_or_exact_antipodal_ge165,27,90.0,90.0,20,-0.07142857142857144,-0.23571428571428568,0.09285714285714287,5,10,5,descriptive direction-wise interval; no multiplicity adjustment
hann_ifft_minus_rect_ifft,rect_ifft,hann_ifft,near_or_exact_antipodal_ge165,28,90.0,120.0,20,0.08571428571428572,-0.07142857142857142,0.24285714285714288,10,4,6,descriptive direction-wise interval; no multiplicity adjustment
hann_ifft_minus_rect_ifft,rect_ifft,hann_ifft,near_or_exact_antipodal_ge165,29,90.0,150.0,20,0.02142857142857142,-0.09999999999999999,0.14285714285714285,8,7,5,descriptive direction-wise interval; no multiplicity adjustment
hann_ifft_minus_rect_ifft,rect_ifft,hann_ifft,near_or_exact_antipodal_ge165,30,90.0,180.0,20,-0.12142857142857141,-0.24285714285714288,0.007142857142857129,5,10,5,descriptive direction-wise interval; no multiplicity adjustment
hann_ifft_minus_rect_ifft,rect_ifft,hann_ifft,near_or_exact_antipodal_ge165,31,90.0,210.0,20,-0.007142857142857143,-0.12857142857142856,0.10714285714285714,7,6,7,descriptive direction-wise interval; no multiplicity adjustment
hann_ifft_minus_rect_ifft,rect_ifft,hann_ifft,near_or_exact_antipodal_ge165,32,90.0,240.0,20,0.03571428571428571,-0.06428571428571428,0.14999999999999997,4,3,13,descriptive direction-wise interval; no multiplicity adjustment
hann_ifft_minus_rect_ifft,rect_ifft,hann_ifft,near_or_exact_antipodal_ge165,33,90.0,270.0,20,0.12857142857142856,-0.04285714285714286,0.2928571428571428,10,4,6,descriptive direction-wise interval; no multiplicity adjustment
hann_ifft_minus_rect_ifft,rect_ifft,hann_ifft,near_or_exact_antipodal_ge165,34,90.0,300.0,20,0.07142857142857142,-0.07857142857142856,0.21428571428571427,9,5,6,descriptive direction-wise interval; no multiplicity adjustment
hann_ifft_minus_rect_ifft,rect_ifft,hann_ifft,near_or_exact_antipodal_ge165,35,90.0,330.0,20,-0.02142857142857142,-0.15714285714285708,0.11428571428571428,6,9,5,descriptive direction-wise interval; no multiplicity adjustment
hann_ifft_minus_rect_ifft,rect_ifft,hann_ifft,near_or_exact_antipodal_ge165,36,120.0,0.0,20,-0.007142857142857143,-0.02142857142857143,0.0,0,1,19,descriptive direction-wise interval; no multiplicity adjustment
hann_ifft_minus_rect_ifft,rect_ifft,hann_ifft,near_or_exact_antipodal_ge165,37,120.0,30.0,20,0.0,0.0,0.0,0,0,20,descriptive direction-wise interval; no multiplicity adjustment
hann_ifft_minus_rect_ifft,rect_ifft,hann_ifft,near_or_exact_antipodal_ge165,38,120.0,60.0,20,0.007142857142857143,0.0,0.02142857142857143,1,0,19,descriptive direction-wise interval; no multiplicity adjustment
hann_ifft_minus_rect_ifft,rect_ifft,hann_ifft,near_or_exact_antipodal_ge165,39,120.0,90.0,20,0.007142857142857143,-0.07142857142857142,0.09285714285714285,3,3,14,descriptive direction-wise interval; no multiplicity adjustment
hann_ifft_minus_rect_ifft,rect_ifft,hann_ifft,near_or_exact_antipodal_ge165,40,120.0,120.0,20,0.0,0.0,0.0,0,0,20,descriptive direction-wise interval; no multiplicity adjustment
hann_ifft_minus_rect_ifft,rect_ifft,hann_ifft,near_or_exact_antipodal_ge165,41,120.0,150.0,20,0.007142857142857143,0.0,0.02142857142857143,1,0,19,descriptive direction-wise interval; no multiplicity adjustment
hann_ifft_minus_rect_ifft,rect_ifft,hann_ifft,near_or_exact_antipodal_ge165,42,120.0,180.0,20,0.0,0.0,0.0,0,0,20,descriptive direction-wise interval; no multiplicity adjustment
hann_ifft_minus_rect_ifft,rect_ifft,hann_ifft,near_or_exact_antipodal_ge165,43,120.0,210.0,20,-0.02142857142857143,-0.07142857142857142,0.014285714285714285,1,2,17,descriptive direction-wise interval; no multiplicity adjustment
hann_ifft_minus_rect_ifft,rect_ifft,hann_ifft,near_or_exact_antipodal_ge165,44,120.0,240.0,20,-0.014285714285714285,-0.03571428571428571,0.0,0,2,18,descriptive direction-wise interval; no multiplicity adjustment
hann_ifft_minus_rect_ifft,rect_ifft,hann_ifft,near_or_exact_antipodal_ge165,45,120.0,270.0,20,0.04285714285714286,0.0,0.12142857142857141,2,0,18,descriptive direction-wise interval; no multiplicity adjustment
hann_ifft_minus_rect_ifft,rect_ifft,hann_ifft,near_or_exact_antipodal_ge165,46,120.0,300.0,20,0.05,0.0,0.15,1,0,19,descriptive direction-wise interval; no multiplicity adjustment
hann_ifft_minus_rect_ifft,rect_ifft,hann_ifft,near_or_exact_antipodal_ge165,47,120.0,330.0,20,-0.02142857142857143,-0.05714285714285714,0.0,0,2,18,descriptive direction-wise interval; no multiplicity adjustment
hann_ifft_minus_rect_ifft,rect_ifft,hann_ifft,near_or_exact_antipodal_ge165,48,150.0,0.0,20,0.007142857142857143,-0.02142857142857143,0.04285714285714286,1,1,18,descriptive direction-wise interval; no multiplicity adjustment
hann_ifft_minus_rect_ifft,rect_ifft,hann_ifft,near_or_exact_antipodal_ge165,49,150.0,30.0,20,0.02142857142857143,0.0,0.05714285714285714,2,0,18,descriptive direction-wise interval; no multiplicity adjustment
hann_ifft_minus_rect_ifft,rect_ifft,hann_ifft,near_or_exact_antipodal_ge165,50,150.0,60.0,20,0.0,-0.02142857142857143,0.02142857142857143,1,1,18,descriptive direction-wise interval; no multiplicity adjustment
hann_ifft_minus_rect_ifft,rect_ifft,hann_ifft,near_or_exact_antipodal_ge165,51,150.0,90.0,20,-0.028571428571428574,-0.08571428571428572,0.02142857142857143,1,4,15,descriptive direction-wise interval; no multiplicity adjustment
hann_ifft_minus_rect_ifft,rect_ifft,hann_ifft,near_or_exact_antipodal_ge165,52,150.0,120.0,20,0.007142857142857143,0.0,0.02142857142857143,1,0,19,descriptive direction-wise interval; no multiplicity adjustment
hann_ifft_minus_rect_ifft,rect_ifft,hann_ifft,near_or_exact_antipodal_ge165,53,150.0,150.0,20,0.014285714285714285,-0.014285714285714285,0.04285714285714286,3,1,16,descriptive direction-wise interval; no multiplicity adjustment
hann_ifft_minus_rect_ifft,rect_ifft,hann_ifft,near_or_exact_antipodal_ge165,54,150.0,180.0,20,0.0,0.0,0.0,0,0,20,descriptive direction-wise interval; no multiplicity adjustment
hann_ifft_minus_rect_ifft,rect_ifft,hann_ifft,near_or_exact_antipodal_ge165,55,150.0,210.0,20,0.007142857142857143,0.0,0.02142857142857143,1,0,19,descriptive direction-wise interval; no multiplicity adjustment
hann_ifft_minus_rect_ifft,rect_ifft,hann_ifft,near_or_exact_antipodal_ge165,56,150.0,240.0,20,-0.049999999999999996,-0.12142857142857141,0.0,0,3,17,descriptive direction-wise interval; no multiplicity adjustment
hann_ifft_minus_rect_ifft,rect_ifft,hann_ifft,near_or_exact_antipodal_ge165,57,150.0,270.0,20,0.0,-0.14285714285714285,0.1285714285714286,2,1,17,descriptive direction-wise interval; no multiplicity adjustment
hann_ifft_minus_rect_ifft,rect_ifft,hann_ifft,near_or_exact_antipodal_ge165,58,150.0,300.0,20,0.0,0.0,0.0,0,0,20,descriptive direction-wise interval; no multiplicity adjustment
hann_ifft_minus_rect_ifft,rect_ifft,hann_ifft,near_or_exact_antipodal_ge165,59,150.0,330.0,20,-0.02142857142857143,-0.04285714285714286,0.0,0,3,17,descriptive direction-wise interval; no multiplicity adjustment
hann_ifft_minus_rect_ifft,rect_ifft,hann_ifft,exact_antipodal_180,0,30.0,0.0,20,-0.02142857142857143,-0.05714285714285714,0.0,0,2,18,descriptive direction-wise interval; no multiplicity adjustment
hann_ifft_minus_rect_ifft,rect_ifft,hann_ifft,exact_antipodal_180,1,30.0,30.0,20,-0.007142857142857143,-0.02142857142857143,0.0,0,1,19,descriptive direction-wise interval; no multiplicity adjustment
hann_ifft_minus_rect_ifft,rect_ifft,hann_ifft,exact_antipodal_180,2,30.0,60.0,20,0.0,0.0,0.0,0,0,20,descriptive direction-wise interval; no multiplicity adjustment
hann_ifft_minus_rect_ifft,rect_ifft,hann_ifft,exact_antipodal_180,3,30.0,90.0,20,-0.13571428571428573,-0.2857142857142857,0.0,0,3,17,descriptive direction-wise interval; no multiplicity adjustment
hann_ifft_minus_rect_ifft,rect_ifft,hann_ifft,exact_antipodal_180,4,30.0,120.0,20,0.02142857142857143,0.0,0.05714285714285714,2,0,18,descriptive direction-wise interval; no multiplicity adjustment
hann_ifft_minus_rect_ifft,rect_ifft,hann_ifft,exact_antipodal_180,5,30.0,150.0,20,0.007142857142857143,0.0,0.02142857142857143,1,0,19,descriptive direction-wise interval; no multiplicity adjustment
hann_ifft_minus_rect_ifft,rect_ifft,hann_ifft,exact_antipodal_180,6,30.0,180.0,20,-0.02142857142857143,-0.05714285714285714,0.0,0,2,18,descriptive direction-wise interval; no multiplicity adjustment
hann_ifft_minus_rect_ifft,rect_ifft,hann_ifft,exact_antipodal_180,7,30.0,210.0,20,0.0,0.0,0.0,0,0,20,descriptive direction-wise interval; no multiplicity adjustment
hann_ifft_minus_rect_ifft,rect_ifft,hann_ifft,exact_antipodal_180,8,30.0,240.0,20,-0.007142857142857143,-0.02142857142857143,0.0,0,1,19,descriptive direction-wise interval; no multiplicity adjustment
hann_ifft_minus_rect_ifft,rect_ifft,hann_ifft,exact_antipodal_180,9,30.0,270.0,20,0.02142857142857143,-0.02142857142857143,0.08571428571428572,1,1,18,descriptive direction-wise interval; no multiplicity adjustment
hann_ifft_minus_rect_ifft,rect_ifft,hann_ifft,exact_antipodal_180,10,30.0,300.0,20,0.0,0.0,0.0,0,0,20,descriptive direction-wise interval; no multiplicity adjustment
hann_ifft_minus_rect_ifft,rect_ifft,hann_ifft,exact_antipodal_180,11,30.0,330.0,20,0.0,0.0,0.0,0,0,20,descriptive direction-wise interval; no multiplicity adjustment
hann_ifft_minus_rect_ifft,rect_ifft,hann_ifft,exact_antipodal_180,12,60.0,0.0,20,-0.00714285714285714,-0.12857142857142856,0.10714285714285714,1,1,18,descriptive direction-wise interval; no multiplicity adjustment
hann_ifft_minus_rect_ifft,rect_ifft,hann_ifft,exact_antipodal_180,13,60.0,30.0,20,0.007142857142857143,0.0,0.02142857142857143,1,0,19,descriptive direction-wise interval; no multiplicity adjustment
hann_ifft_minus_rect_ifft,rect_ifft,hann_ifft,exact_antipodal_180,14,60.0,60.0,20,0.02142857142857143,0.0,0.06428571428571428,1,0,19,descriptive direction-wise interval; no multiplicity adjustment
hann_ifft_minus_rect_ifft,rect_ifft,hann_ifft,exact_antipodal_180,15,60.0,90.0,20,0.04285714285714285,0.014285714285714285,0.07857142857142857,5,0,15,descriptive direction-wise interval; no multiplicity adjustment
hann_ifft_minus_rect_ifft,rect_ifft,hann_ifft,exact_antipodal_180,16,60.0,120.0,20,0.007142857142857143,0.0,0.02142857142857143,1,0,19,descriptive direction-wise interval; no multiplicity adjustment
hann_ifft_minus_rect_ifft,rect_ifft,hann_ifft,exact_antipodal_180,17,60.0,150.0,20,0.05714285714285714,0.0,0.1357142857142857,4,1,15,descriptive direction-wise interval; no multiplicity adjustment
hann_ifft_minus_rect_ifft,rect_ifft,hann_ifft,exact_antipodal_180,18,60.0,180.0,20,0.0,0.0,0.0,0,0,20,descriptive direction-wise interval; no multiplicity adjustment
hann_ifft_minus_rect_ifft,rect_ifft,hann_ifft,exact_antipodal_180,19,60.0,210.0,20,-0.007142857142857143,-0.05,0.04285714285714285,2,3,15,descriptive direction-wise interval; no multiplicity adjustment
hann_ifft_minus_rect_ifft,rect_ifft,hann_ifft,exact_antipodal_180,20,60.0,240.0,20,0.0,-0.02142857142857143,0.02142857142857143,1,1,18,descriptive direction-wise interval; no multiplicity adjustment
hann_ifft_minus_rect_ifft,rect_ifft,hann_ifft,exact_antipodal_180,21,60.0,270.0,20,0.049999999999999996,-0.02142857142857143,0.14999999999999997,4,1,15,descriptive direction-wise interval; no multiplicity adjustment
hann_ifft_minus_rect_ifft,rect_ifft,hann_ifft,exact_antipodal_180,22,60.0,300.0,20,0.02142857142857143,0.0,0.06428571428571428,1,0,19,descriptive direction-wise interval; no multiplicity adjustment
hann_ifft_minus_rect_ifft,rect_ifft,hann_ifft,exact_antipodal_180,23,60.0,330.0,20,0.02857142857142857,-0.02142857142857143,0.08571428571428572,3,2,15,descriptive direction-wise interval; no multiplicity adjustment
hann_ifft_minus_rect_ifft,rect_ifft,hann_ifft,exact_antipodal_180,24,90.0,0.0,20,0.09285714285714286,-0.05714285714285716,0.25,8,7,5,descriptive direction-wise interval; no multiplicity adjustment
hann_ifft_minus_rect_ifft,rect_ifft,hann_ifft,exact_antipodal_180,25,90.0,30.0,20,0.04285714285714286,-0.07142857142857144,0.16428571428571428,7,4,9,descriptive direction-wise interval; no multiplicity adjustment
hann_ifft_minus_rect_ifft,rect_ifft,hann_ifft,exact_antipodal_180,26,90.0,60.0,20,0.09285714285714286,-0.02857142857142857,0.21428571428571427,8,4,8,descriptive direction-wise interval; no multiplicity adjustment
hann_ifft_minus_rect_ifft,rect_ifft,hann_ifft,exact_antipodal_180,27,90.0,90.0,20,-0.07142857142857144,-0.23571428571428568,0.09999999999999998,5,10,5,descriptive direction-wise interval; no multiplicity adjustment
hann_ifft_minus_rect_ifft,rect_ifft,hann_ifft,exact_antipodal_180,28,90.0,120.0,20,0.08571428571428572,-0.07142857142857142,0.24285714285714288,10,4,6,descriptive direction-wise interval; no multiplicity adjustment
hann_ifft_minus_rect_ifft,rect_ifft,hann_ifft,exact_antipodal_180,29,90.0,150.0,20,0.02142857142857142,-0.1,0.14285714285714285,8,7,5,descriptive direction-wise interval; no multiplicity adjustment
hann_ifft_minus_rect_ifft,rect_ifft,hann_ifft,exact_antipodal_180,30,90.0,180.0,20,-0.12142857142857141,-0.24285714285714283,0.007142857142857134,5,10,5,descriptive direction-wise interval; no multiplicity adjustment
hann_ifft_minus_rect_ifft,rect_ifft,hann_ifft,exact_antipodal_180,31,90.0,210.0,20,-0.007142857142857143,-0.12857142857142856,0.10714285714285714,7,6,7,descriptive direction-wise interval; no multiplicity adjustment
hann_ifft_minus_rect_ifft,rect_ifft,hann_ifft,exact_antipodal_180,32,90.0,240.0,20,0.03571428571428571,-0.06428571428571428,0.14999999999999997,4,3,13,descriptive direction-wise interval; no multiplicity adjustment
hann_ifft_minus_rect_ifft,rect_ifft,hann_ifft,exact_antipodal_180,33,90.0,270.0,20,0.12857142857142856,-0.042857142857142864,0.2857142857142857,10,4,6,descriptive direction-wise interval; no multiplicity adjustment
hann_ifft_minus_rect_ifft,rect_ifft,hann_ifft,exact_antipodal_180,34,90.0,300.0,20,0.07142857142857142,-0.07857142857142856,0.21428571428571433,9,5,6,descriptive direction-wise interval; no multiplicity adjustment
hann_ifft_minus_rect_ifft,rect_ifft,hann_ifft,exact_antipodal_180,35,90.0,330.0,20,-0.02142857142857142,-0.15000000000000002,0.11428571428571428,6,9,5,descriptive direction-wise interval; no multiplicity adjustment
hann_ifft_minus_rect_ifft,rect_ifft,hann_ifft,exact_antipodal_180,36,120.0,0.0,20,-0.007142857142857143,-0.02142857142857143,0.0,0,1,19,descriptive direction-wise interval; no multiplicity adjustment
hann_ifft_minus_rect_ifft,rect_ifft,hann_ifft,exact_antipodal_180,37,120.0,30.0,20,0.0,0.0,0.0,0,0,20,descriptive direction-wise interval; no multiplicity adjustment
hann_ifft_minus_rect_ifft,rect_ifft,hann_ifft,exact_antipodal_180,38,120.0,60.0,20,0.007142857142857143,0.0,0.02142857142857143,1,0,19,descriptive direction-wise interval; no multiplicity adjustment
hann_ifft_minus_rect_ifft,rect_ifft,hann_ifft,exact_antipodal_180,39,120.0,90.0,20,0.007142857142857143,-0.07142857142857142,0.09285714285714285,3,3,14,descriptive direction-wise interval; no multiplicity adjustment
hann_ifft_minus_rect_ifft,rect_ifft,hann_ifft,exact_antipodal_180,40,120.0,120.0,20,0.0,0.0,0.0,0,0,20,descriptive direction-wise interval; no multiplicity adjustment
hann_ifft_minus_rect_ifft,rect_ifft,hann_ifft,exact_antipodal_180,41,120.0,150.0,20,0.007142857142857143,0.0,0.02142857142857143,1,0,19,descriptive direction-wise interval; no multiplicity adjustment
hann_ifft_minus_rect_ifft,rect_ifft,hann_ifft,exact_antipodal_180,42,120.0,180.0,20,0.0,0.0,0.0,0,0,20,descriptive direction-wise interval; no multiplicity adjustment
hann_ifft_minus_rect_ifft,rect_ifft,hann_ifft,exact_antipodal_180,43,120.0,210.0,20,-0.02142857142857143,-0.07142857142857142,0.014285714285714285,1,2,17,descriptive direction-wise interval; no multiplicity adjustment
hann_ifft_minus_rect_ifft,rect_ifft,hann_ifft,exact_antipodal_180,44,120.0,240.0,20,-0.014285714285714285,-0.03571428571428571,0.0,0,2,18,descriptive direction-wise interval; no multiplicity adjustment
hann_ifft_minus_rect_ifft,rect_ifft,hann_ifft,exact_antipodal_180,45,120.0,270.0,20,0.04285714285714286,0.0,0.12142857142857141,2,0,18,descriptive direction-wise interval; no multiplicity adjustment
hann_ifft_minus_rect_ifft,rect_ifft,hann_ifft,exact_antipodal_180,46,120.0,300.0,20,0.05,0.0,0.15,1,0,19,descriptive direction-wise interval; no multiplicity adjustment
hann_ifft_minus_rect_ifft,rect_ifft,hann_ifft,exact_antipodal_180,47,120.0,330.0,20,-0.02142857142857143,-0.05714285714285714,0.0,0,2,18,descriptive direction-wise interval; no multiplicity adjustment
hann_ifft_minus_rect_ifft,rect_ifft,hann_ifft,exact_antipodal_180,48,150.0,0.0,20,0.014285714285714285,-0.02142857142857143,0.06428571428571428,1,1,18,descriptive direction-wise interval; no multiplicity adjustment
hann_ifft_minus_rect_ifft,rect_ifft,hann_ifft,exact_antipodal_180,49,150.0,30.0,20,0.0,0.0,0.0,0,0,20,descriptive direction-wise interval; no multiplicity adjustment
hann_ifft_minus_rect_ifft,rect_ifft,hann_ifft,exact_antipodal_180,50,150.0,60.0,20,0.0,0.0,0.0,0,0,20,descriptive direction-wise interval; no multiplicity adjustment
hann_ifft_minus_rect_ifft,rect_ifft,hann_ifft,exact_antipodal_180,51,150.0,90.0,20,-0.02857142857142857,-0.07857142857142858,0.007142857142857143,1,3,16,descriptive direction-wise interval; no multiplicity adjustment
hann_ifft_minus_rect_ifft,rect_ifft,hann_ifft,exact_antipodal_180,52,150.0,120.0,20,0.0,0.0,0.0,0,0,20,descriptive direction-wise interval; no multiplicity adjustment
hann_ifft_minus_rect_ifft,rect_ifft,hann_ifft,exact_antipodal_180,53,150.0,150.0,20,0.007142857142857143,0.0,0.02142857142857143,1,0,19,descriptive direction-wise interval; no multiplicity adjustment
hann_ifft_minus_rect_ifft,rect_ifft,hann_ifft,exact_antipodal_180,54,150.0,180.0,20,0.0,0.0,0.0,0,0,20,descriptive direction-wise interval; no multiplicity adjustment
hann_ifft_minus_rect_ifft,rect_ifft,hann_ifft,exact_antipodal_180,55,150.0,210.0,20,0.0,0.0,0.0,0,0,20,descriptive direction-wise interval; no multiplicity adjustment
hann_ifft_minus_rect_ifft,rect_ifft,hann_ifft,exact_antipodal_180,56,150.0,240.0,20,-0.014285714285714285,-0.03571428571428571,0.0,0,2,18,descriptive direction-wise interval; no multiplicity adjustment
hann_ifft_minus_rect_ifft,rect_ifft,hann_ifft,exact_antipodal_180,57,150.0,270.0,20,0.02857142857142857,-0.05714285714285714,0.13571428571428573,2,1,17,descriptive direction-wise interval; no multiplicity adjustment
hann_ifft_minus_rect_ifft,rect_ifft,hann_ifft,exact_antipodal_180,58,150.0,300.0,20,0.0,0.0,0.0,0,0,20,descriptive direction-wise interval; no multiplicity adjustment
hann_ifft_minus_rect_ifft,rect_ifft,hann_ifft,exact_antipodal_180,59,150.0,330.0,20,0.0,0.0,0.0,0,0,20,descriptive direction-wise interval; no multiplicity adjustment
hann_ifft_minus_frequency,frequency,hann_ifft,gce_deg,0,30.0,0.0,20,0.7729249749864845,-10.263710757664274,9.214286136627198,9,2,9,descriptive direction-wise interval; no multiplicity adjustment
hann_ifft_minus_frequency,frequency,hann_ifft,gce_deg,1,30.0,30.0,20,1.3585239546639574,-4.120898275034768,8.532528899056572,4,6,10,descriptive direction-wise interval; no multiplicity adjustment
hann_ifft_minus_frequency,frequency,hann_ifft,gce_deg,2,30.0,60.0,20,8.546992458615984,1.4911133084978365,17.081221348217557,6,1,13,descriptive direction-wise interval; no multiplicity adjustment
hann_ifft_minus_frequency,frequency,hann_ifft,gce_deg,3,30.0,90.0,20,-6.966682543073384,-26.906261685235158,9.542265154634208,5,5,10,descriptive direction-wise interval; no multiplicity adjustment
hann_ifft_minus_frequency,frequency,hann_ifft,gce_deg,4,30.0,120.0,20,-3.9885891233171735,-14.724251879623958,5.824085390227183,3,7,10,descriptive direction-wise interval; no multiplicity adjustment
hann_ifft_minus_frequency,frequency,hann_ifft,gce_deg,5,30.0,150.0,20,21.46243192127773,5.385684099708285,40.04927424243519,10,2,8,descriptive direction-wise interval; no multiplicity adjustment
hann_ifft_minus_frequency,frequency,hann_ifft,gce_deg,6,30.0,180.0,20,6.263640144893101,-8.225322976452967,20.084146766322,8,3,9,descriptive direction-wise interval; no multiplicity adjustment
hann_ifft_minus_frequency,frequency,hann_ifft,gce_deg,7,30.0,210.0,20,6.237883138656617,-4.524663033485412,16.656969886677608,8,3,9,descriptive direction-wise interval; no multiplicity adjustment
hann_ifft_minus_frequency,frequency,hann_ifft,gce_deg,8,30.0,240.0,20,8.801366090774538,-0.7903057696138107,19.029447227035256,8,3,9,descriptive direction-wise interval; no multiplicity adjustment
hann_ifft_minus_frequency,frequency,hann_ifft,gce_deg,9,30.0,270.0,20,6.396244648524691,-11.048160248994828,25.634621331351166,4,4,12,descriptive direction-wise interval; no multiplicity adjustment
hann_ifft_minus_frequency,frequency,hann_ifft,gce_deg,10,30.0,300.0,20,1.1456723349435003,-8.933077516555786,12.106696753501899,4,4,12,descriptive direction-wise interval; no multiplicity adjustment
hann_ifft_minus_frequency,frequency,hann_ifft,gce_deg,11,30.0,330.0,20,6.333538334710257,-2.399996254614421,14.609117873907088,8,1,11,descriptive direction-wise interval; no multiplicity adjustment
hann_ifft_minus_frequency,frequency,hann_ifft,gce_deg,12,60.0,0.0,20,8.40293707166399,-5.008352129459383,21.563101133959638,8,4,8,descriptive direction-wise interval; no multiplicity adjustment
hann_ifft_minus_frequency,frequency,hann_ifft,gce_deg,13,60.0,30.0,20,16.346469116210937,8.207924819673813,24.802029480252955,13,1,6,descriptive direction-wise interval; no multiplicity adjustment
hann_ifft_minus_frequency,frequency,hann_ifft,gce_deg,14,60.0,60.0,20,7.3158264705113,-6.3193969328062884,24.47819811684745,7,6,7,descriptive direction-wise interval; no multiplicity adjustment
hann_ifft_minus_frequency,frequency,hann_ifft,gce_deg,15,60.0,90.0,20,6.146049676622665,-1.7477327295712055,15.07020880086082,6,4,10,descriptive direction-wise interval; no multiplicity adjustment
hann_ifft_minus_frequency,frequency,hann_ifft,gce_deg,16,60.0,120.0,20,5.051575374603271,-1.566607505934579,13.458248349939076,7,5,8,descriptive direction-wise interval; no multiplicity adjustment
hann_ifft_minus_frequency,frequency,hann_ifft,gce_deg,17,60.0,150.0,20,18.872357409340996,2.5578951454162615,38.38069204262324,11,3,6,descriptive direction-wise interval; no multiplicity adjustment
hann_ifft_minus_frequency,frequency,hann_ifft,gce_deg,18,60.0,180.0,20,8.95409803390503,-2.6489966549192165,22.349228368486678,9,5,6,descriptive direction-wise interval; no multiplicity adjustment
hann_ifft_minus_frequency,frequency,hann_ifft,gce_deg,19,60.0,210.0,20,15.483028221130372,3.717944675854275,27.848100811413353,12,4,4,descriptive direction-wise interval; no multiplicity adjustment
hann_ifft_minus_frequency,frequency,hann_ifft,gce_deg,20,60.0,240.0,20,-0.3860164778573174,-20.754673790591102,19.354468360287807,7,7,6,descriptive direction-wise interval; no multiplicity adjustment
hann_ifft_minus_frequency,frequency,hann_ifft,gce_deg,21,60.0,270.0,20,15.987839358193536,-1.7865673770223325,36.47434737614225,9,2,9,descriptive direction-wise interval; no multiplicity adjustment
hann_ifft_minus_frequency,frequency,hann_ifft,gce_deg,22,60.0,300.0,20,-8.794821194240026,-27.36341413770403,8.037159020560129,5,5,10,descriptive direction-wise interval; no multiplicity adjustment
hann_ifft_minus_frequency,frequency,hann_ifft,gce_deg,23,60.0,330.0,20,14.126573630741666,2.9851680782863084,27.083286996909546,11,3,6,descriptive direction-wise interval; no multiplicity adjustment
hann_ifft_minus_frequency,frequency,hann_ifft,gce_deg,24,90.0,0.0,20,20.834573527744837,1.9439904199327729,39.26557753426688,12,6,2,descriptive direction-wise interval; no multiplicity adjustment
hann_ifft_minus_frequency,frequency,hann_ifft,gce_deg,25,90.0,30.0,20,9.549031298501157,-19.07310889550617,37.71428529705321,10,8,2,descriptive direction-wise interval; no multiplicity adjustment
hann_ifft_minus_frequency,frequency,hann_ifft,gce_deg,26,90.0,60.0,20,-7.8379545348031145,-26.939588580131527,11.26443602289477,8,10,2,descriptive direction-wise interval; no multiplicity adjustment
hann_ifft_minus_frequency,frequency,hann_ifft,gce_deg,27,90.0,90.0,20,-9.21428574153355,-34.71428566013064,19.071428503308972,7,13,0,descriptive direction-wise interval; no multiplicity adjustment
hann_ifft_minus_frequency,frequency,hann_ifft,gce_deg,28,90.0,120.0,20,0.5613592965262292,-22.714286614145546,21.134071477140775,11,7,2,descriptive direction-wise interval; no multiplicity adjustment
hann_ifft_minus_frequency,frequency,hann_ifft,gce_deg,29,90.0,150.0,20,2.5540681157793306,-18.711507867404393,22.13928982939039,12,7,1,descriptive direction-wise interval; no multiplicity adjustment
hann_ifft_minus_frequency,frequency,hann_ifft,gce_deg,30,90.0,180.0,20,-19.367211805071154,-38.83620399747576,2.144433206830752,6,12,2,descriptive direction-wise interval; no multiplicity adjustment
hann_ifft_minus_frequency,frequency,hann_ifft,gce_deg,31,90.0,210.0,20,4.278560461316789,-10.08573612485613,19.914264367989134,10,8,2,descriptive direction-wise interval; no multiplicity adjustment
hann_ifft_minus_frequency,frequency,hann_ifft,gce_deg,32,90.0,240.0,20,15.522033146449498,-3.437692574432917,35.44148382527487,11,8,1,descriptive direction-wise interval; no multiplicity adjustment
hann_ifft_minus_frequency,frequency,hann_ifft,gce_deg,33,90.0,270.0,20,21.000000068119597,-4.499999959128247,46.2857143674578,10,4,6,descriptive direction-wise interval; no multiplicity adjustment
hann_ifft_minus_frequency,frequency,hann_ifft,gce_deg,34,90.0,300.0,20,4.979060200282507,-13.694825241225107,24.47905936547688,9,7,4,descriptive direction-wise interval; no multiplicity adjustment
hann_ifft_minus_frequency,frequency,hann_ifft,gce_deg,35,90.0,330.0,20,-12.223871053968159,-33.193664919989445,9.388816524914331,6,14,0,descriptive direction-wise interval; no multiplicity adjustment
hann_ifft_minus_frequency,frequency,hann_ifft,gce_deg,36,120.0,0.0,20,1.379682118552071,-17.78571728604181,18.689312987327575,7,5,8,descriptive direction-wise interval; no multiplicity adjustment
hann_ifft_minus_frequency,frequency,hann_ifft,gce_deg,37,120.0,30.0,20,9.17339835848127,0.704910663196019,18.845316332067764,7,4,9,descriptive direction-wise interval; no multiplicity adjustment
hann_ifft_minus_frequency,frequency,hann_ifft,gce_deg,38,120.0,60.0,20,9.753542995452879,1.2054047911507744,21.022438939639507,6,3,11,descriptive direction-wise interval; no multiplicity adjustment
hann_ifft_minus_frequency,frequency,hann_ifft,gce_deg,39,120.0,90.0,20,6.874084050314768,-7.361048093863895,21.874085630689347,6,3,11,descriptive direction-wise interval; no multiplicity adjustment
hann_ifft_minus_frequency,frequency,hann_ifft,gce_deg,40,120.0,120.0,20,-1.7739988599504737,-10.12733691079276,6.149707965169634,3,6,11,descriptive direction-wise interval; no multiplicity adjustment
hann_ifft_minus_frequency,frequency,hann_ifft,gce_deg,41,120.0,150.0,20,13.84608178819929,0.29161134174892034,29.124549217224125,11,5,4,descriptive direction-wise interval; no multiplicity adjustment
hann_ifft_minus_frequency,frequency,hann_ifft,gce_deg,42,120.0,180.0,20,12.832048552376884,-1.9285718941688552,30.22618895053864,10,4,6,descriptive direction-wise interval; no multiplicity adjustment
hann_ifft_minus_frequency,frequency,hann_ifft,gce_deg,43,120.0,210.0,20,7.492970112391879,-4.916993891852242,19.361943904672366,10,6,4,descriptive direction-wise interval; no multiplicity adjustment
hann_ifft_minus_frequency,frequency,hann_ifft,gce_deg,44,120.0,240.0,20,-4.64932325908116,-19.248809482370106,7.9993392808096795,6,7,7,descriptive direction-wise interval; no multiplicity adjustment
hann_ifft_minus_frequency,frequency,hann_ifft,gce_deg,45,120.0,270.0,20,7.407461861201694,-5.0370011561257515,22.17918468509402,5,7,8,descriptive direction-wise interval; no multiplicity adjustment
hann_ifft_minus_frequency,frequency,hann_ifft,gce_deg,46,120.0,300.0,20,3.794448184967038,-10.236206465789254,17.552336039883752,6,4,10,descriptive direction-wise interval; no multiplicity adjustment
hann_ifft_minus_frequency,frequency,hann_ifft,gce_deg,47,120.0,330.0,20,5.763708305358886,-0.9046823872838705,13.862973674365453,7,6,7,descriptive direction-wise interval; no multiplicity adjustment
hann_ifft_minus_frequency,frequency,hann_ifft,gce_deg,48,150.0,0.0,20,-5.2735264641898025,-12.428576116902486,1.6672366292136034,4,10,6,descriptive direction-wise interval; no multiplicity adjustment
hann_ifft_minus_frequency,frequency,hann_ifft,gce_deg,49,150.0,30.0,20,-4.2592898232596275,-14.181110771894458,5.639570883342198,3,6,11,descriptive direction-wise interval; no multiplicity adjustment
hann_ifft_minus_frequency,frequency,hann_ifft,gce_deg,50,150.0,60.0,20,13.332667568751742,-0.009526111398425055,28.418523983614783,7,2,11,descriptive direction-wise interval; no multiplicity adjustment
hann_ifft_minus_frequency,frequency,hann_ifft,gce_deg,51,150.0,90.0,20,10.1142936365945,0.8571425025803712,22.65992541313171,6,2,12,descriptive direction-wise interval; no multiplicity adjustment
hann_ifft_minus_frequency,frequency,hann_ifft,gce_deg,52,150.0,120.0,20,-4.599543319429669,-18.036292839050294,5.8115934644426614,3,4,13,descriptive direction-wise interval; no multiplicity adjustment
hann_ifft_minus_frequency,frequency,hann_ifft,gce_deg,53,150.0,150.0,20,8.44286514690944,-0.7999978332860118,18.971611138241634,7,3,10,descriptive direction-wise interval; no multiplicity adjustment
hann_ifft_minus_frequency,frequency,hann_ifft,gce_deg,54,150.0,180.0,20,9.602102817807879,-2.087900964873177,21.21064416102001,11,4,5,descriptive direction-wise interval; no multiplicity adjustment
hann_ifft_minus_frequency,frequency,hann_ifft,gce_deg,55,150.0,210.0,20,12.268192550114225,-0.9470407441684188,28.08197578702654,7,2,11,descriptive direction-wise interval; no multiplicity adjustment
hann_ifft_minus_frequency,frequency,hann_ifft,gce_deg,56,150.0,240.0,20,10.560988078798568,-5.688751500674653,26.35788866809437,7,4,9,descriptive direction-wise interval; no multiplicity adjustment
hann_ifft_minus_frequency,frequency,hann_ifft,gce_deg,57,150.0,270.0,20,17.845282922472272,-1.6627799189090704,39.5921186711107,8,1,11,descriptive direction-wise interval; no multiplicity adjustment
hann_ifft_minus_frequency,frequency,hann_ifft,gce_deg,58,150.0,300.0,20,-12.411206340789793,-27.32253423145839,-0.1769756521497449,3,5,12,descriptive direction-wise interval; no multiplicity adjustment
hann_ifft_minus_frequency,frequency,hann_ifft,gce_deg,59,150.0,330.0,20,5.086945438385009,-5.721053831917897,17.277244690486363,5,3,12,descriptive direction-wise interval; no multiplicity adjustment
hann_ifft_minus_frequency,frequency,hann_ifft,top1,0,30.0,0.0,20,-0.12142857142857141,-0.24285714285714288,-0.02857142857142858,0,7,13,descriptive direction-wise interval; no multiplicity adjustment
hann_ifft_minus_frequency,frequency,hann_ifft,top1,1,30.0,30.0,20,-0.02142857142857143,-0.10714285714285714,0.05714285714285713,4,5,11,descriptive direction-wise interval; no multiplicity adjustment
hann_ifft_minus_frequency,frequency,hann_ifft,top1,2,30.0,60.0,20,-0.06428571428571428,-0.15,5.551115123125783e-18,1,4,15,descriptive direction-wise interval; no multiplicity adjustment
hann_ifft_minus_frequency,frequency,hann_ifft,top1,3,30.0,90.0,20,-0.0071428571428571366,-0.09285714285714283,0.07142857142857142,3,4,13,descriptive direction-wise interval; no multiplicity adjustment
hann_ifft_minus_frequency,frequency,hann_ifft,top1,4,30.0,120.0,20,0.0,-0.09285714285714286,0.09285714285714286,3,2,15,descriptive direction-wise interval; no multiplicity adjustment
hann_ifft_minus_frequency,frequency,hann_ifft,top1,5,30.0,150.0,20,-0.14285714285714285,-0.2642857142857143,-0.04285714285714286,1,8,11,descriptive direction-wise interval; no multiplicity adjustment
hann_ifft_minus_frequency,frequency,hann_ifft,top1,6,30.0,180.0,20,-0.09999999999999998,-0.2714285714285714,0.05714285714285714,3,6,11,descriptive direction-wise interval; no multiplicity adjustment
hann_ifft_minus_frequency,frequency,hann_ifft,top1,7,30.0,210.0,20,-0.06428571428571428,-0.17142857142857143,0.035714285714285726,4,5,11,descriptive direction-wise interval; no multiplicity adjustment
hann_ifft_minus_frequency,frequency,hann_ifft,top1,8,30.0,240.0,20,-0.03571428571428571,-0.10714285714285716,0.03571428571428571,3,6,11,descriptive direction-wise interval; no multiplicity adjustment
hann_ifft_minus_frequency,frequency,hann_ifft,top1,9,30.0,270.0,20,-0.05714285714285714,-0.2,0.07142857142857142,2,3,15,descriptive direction-wise interval; no multiplicity adjustment
hann_ifft_minus_frequency,frequency,hann_ifft,top1,10,30.0,300.0,20,0.04285714285714286,-0.05714285714285714,0.15714285714285714,4,2,14,descriptive direction-wise interval; no multiplicity adjustment
hann_ifft_minus_frequency,frequency,hann_ifft,top1,11,30.0,330.0,20,-0.05714285714285714,-0.09285714285714287,-0.021428571428571432,0,7,13,descriptive direction-wise interval; no multiplicity adjustment
hann_ifft_minus_frequency,frequency,hann_ifft,top1,12,60.0,0.0,20,-0.1571428571428571,-0.3285714285714286,0.021428571428571415,3,7,10,descriptive direction-wise interval; no multiplicity adjustment
hann_ifft_minus_frequency,frequency,hann_ifft,top1,13,60.0,30.0,20,-0.17857142857142855,-0.27142857142857135,-0.09285714285714285,1,11,8,descriptive direction-wise interval; no multiplicity adjustment
hann_ifft_minus_frequency,frequency,hann_ifft,top1,14,60.0,60.0,20,-0.021428571428571415,-0.14285714285714288,0.09999999999999999,5,6,9,descriptive direction-wise interval; no multiplicity adjustment
hann_ifft_minus_frequency,frequency,hann_ifft,top1,15,60.0,90.0,20,-0.07857142857142857,-0.17857142857142855,0.007142857142857143,1,4,15,descriptive direction-wise interval; no multiplicity adjustment
hann_ifft_minus_frequency,frequency,hann_ifft,top1,16,60.0,120.0,20,-0.00714285714285714,-0.07142857142857142,0.05,4,4,12,descriptive direction-wise interval; no multiplicity adjustment
hann_ifft_minus_frequency,frequency,hann_ifft,top1,17,60.0,150.0,20,-0.19999999999999998,-0.3571428571428571,-0.06428571428571428,2,9,9,descriptive direction-wise interval; no multiplicity adjustment
hann_ifft_minus_frequency,frequency,hann_ifft,top1,18,60.0,180.0,20,-0.17142857142857143,-0.35,0.014285714285714263,2,10,8,descriptive direction-wise interval; no multiplicity adjustment
hann_ifft_minus_frequency,frequency,hann_ifft,top1,19,60.0,210.0,20,-0.16428571428571428,-0.26428571428571423,-0.07142857142857142,2,10,8,descriptive direction-wise interval; no multiplicity adjustment
hann_ifft_minus_frequency,frequency,hann_ifft,top1,20,60.0,240.0,20,0.021428571428571436,-0.1142857142857143,0.16428571428571428,6,4,10,descriptive direction-wise interval; no multiplicity adjustment
hann_ifft_minus_frequency,frequency,hann_ifft,top1,21,60.0,270.0,20,-0.08571428571428572,-0.18571428571428572,-0.007142857142857134,2,5,13,descriptive direction-wise interval; no multiplicity adjustment
hann_ifft_minus_frequency,frequency,hann_ifft,top1,22,60.0,300.0,20,0.06428571428571428,-0.04285714285714286,0.18571428571428567,6,4,10,descriptive direction-wise interval; no multiplicity adjustment
hann_ifft_minus_frequency,frequency,hann_ifft,top1,23,60.0,330.0,20,-0.1214285714285714,-0.20714285714285716,-0.03571428571428571,2,10,8,descriptive direction-wise interval; no multiplicity adjustment
hann_ifft_minus_frequency,frequency,hann_ifft,top1,24,90.0,0.0,20,-0.1571428571428571,-0.27142857142857146,-0.03571428571428574,4,12,4,descriptive direction-wise interval; no multiplicity adjustment
hann_ifft_minus_frequency,frequency,hann_ifft,top1,25,90.0,30.0,20,-0.07857142857142858,-0.24285714285714283,0.08571428571428572,4,10,6,descriptive direction-wise interval; no multiplicity adjustment
hann_ifft_minus_frequency,frequency,hann_ifft,top1,26,90.0,60.0,20,0.05,-0.03571428571428573,0.14285714285714285,6,4,10,descriptive direction-wise interval; no multiplicity adjustment
hann_ifft_minus_frequency,frequency,hann_ifft,top1,27,90.0,90.0,20,0.03571428571428572,-0.11428571428571428,0.16428571428571428,13,6,1,descriptive direction-wise interval; no multiplicity adjustment
hann_ifft_minus_frequency,frequency,hann_ifft,top1,28,90.0,120.0,20,0.10714285714285714,-0.04285714285714285,0.2642857142857143,8,6,6,descriptive direction-wise interval; no multiplicity adjustment
hann_ifft_minus_frequency,frequency,hann_ifft,top1,29,90.0,150.0,20,2.7755575615628915e-18,-0.12142857142857141,0.12142857142857141,6,7,7,descriptive direction-wise interval; no multiplicity adjustment
hann_ifft_minus_frequency,frequency,hann_ifft,top1,30,90.0,180.0,20,0.06428571428571428,-0.04285714285714286,0.1642857142857143,10,5,5,descriptive direction-wise interval; no multiplicity adjustment
hann_ifft_minus_frequency,frequency,hann_ifft,top1,31,90.0,210.0,20,-0.06428571428571428,-0.16428571428571428,0.02857142857142857,5,7,8,descriptive direction-wise interval; no multiplicity adjustment
hann_ifft_minus_frequency,frequency,hann_ifft,top1,32,90.0,240.0,20,-0.12857142857142856,-0.2571428571428572,-0.007142857142857143,4,10,6,descriptive direction-wise interval; no multiplicity adjustment
hann_ifft_minus_frequency,frequency,hann_ifft,top1,33,90.0,270.0,20,-0.14285714285714285,-0.3,0.014285714285714266,3,10,7,descriptive direction-wise interval; no multiplicity adjustment
hann_ifft_minus_frequency,frequency,hann_ifft,top1,34,90.0,300.0,20,0.02857142857142858,-0.12142857142857141,0.1857142857142857,7,7,6,descriptive direction-wise interval; no multiplicity adjustment
hann_ifft_minus_frequency,frequency,hann_ifft,top1,35,90.0,330.0,20,0.07857142857142857,-0.05714285714285715,0.2214285714285714,9,5,6,descriptive direction-wise interval; no multiplicity adjustment
hann_ifft_minus_frequency,frequency,hann_ifft,top1,36,120.0,0.0,20,-0.12857142857142856,-0.3571428571428571,0.10714285714285716,3,8,9,descriptive direction-wise interval; no multiplicity adjustment
hann_ifft_minus_frequency,frequency,hann_ifft,top1,37,120.0,30.0,20,-0.09285714285714286,-0.1857142857142857,-0.007142857142857154,1,6,13,descriptive direction-wise interval; no multiplicity adjustment
hann_ifft_minus_frequency,frequency,hann_ifft,top1,38,120.0,60.0,20,-0.02857142857142857,-0.07857142857142858,0.014285714285714294,2,4,14,descriptive direction-wise interval; no multiplicity adjustment
hann_ifft_minus_frequency,frequency,hann_ifft,top1,39,120.0,90.0,20,-0.02142857142857143,-0.05714285714285715,0.014285714285714282,1,3,16,descriptive direction-wise interval; no multiplicity adjustment
hann_ifft_minus_frequency,frequency,hann_ifft,top1,40,120.0,120.0,20,0.02142857142857143,-0.014285714285714285,0.06428571428571428,2,1,17,descriptive direction-wise interval; no multiplicity adjustment
hann_ifft_minus_frequency,frequency,hann_ifft,top1,41,120.0,150.0,20,-0.16428571428571428,-0.3,-0.049999999999999996,3,10,7,descriptive direction-wise interval; no multiplicity adjustment
hann_ifft_minus_frequency,frequency,hann_ifft,top1,42,120.0,180.0,20,-0.10714285714285716,-0.2857142857142857,0.05714285714285714,6,8,6,descriptive direction-wise interval; no multiplicity adjustment
hann_ifft_minus_frequency,frequency,hann_ifft,top1,43,120.0,210.0,20,-0.11428571428571428,-0.24285714285714283,0.014285714285714285,5,10,5,descriptive direction-wise interval; no multiplicity adjustment
hann_ifft_minus_frequency,frequency,hann_ifft,top1,44,120.0,240.0,20,0.10714285714285714,-5.551115123125783e-18,0.22857142857142856,7,4,9,descriptive direction-wise interval; no multiplicity adjustment
hann_ifft_minus_frequency,frequency,hann_ifft,top1,45,120.0,270.0,20,0.0071428571428571504,-0.14999999999999997,0.16428571428571428,5,4,11,descriptive direction-wise interval; no multiplicity adjustment
hann_ifft_minus_frequency,frequency,hann_ifft,top1,46,120.0,300.0,20,-0.007142857142857143,-0.06428571428571431,0.05,3,3,14,descriptive direction-wise interval; no multiplicity adjustment
hann_ifft_minus_frequency,frequency,hann_ifft,top1,47,120.0,330.0,20,-0.06428571428571428,-0.13571428571428573,2.7755575615628915e-18,3,7,10,descriptive direction-wise interval; no multiplicity adjustment
hann_ifft_minus_frequency,frequency,hann_ifft,top1,48,150.0,0.0,20,-0.03571428571428571,-0.16428571428571428,0.07857142857142858,6,5,9,descriptive direction-wise interval; no multiplicity adjustment
hann_ifft_minus_frequency,frequency,hann_ifft,top1,49,150.0,30.0,20,0.04285714285714286,-0.05,0.14285714285714285,5,4,11,descriptive direction-wise interval; no multiplicity adjustment
hann_ifft_minus_frequency,frequency,hann_ifft,top1,50,150.0,60.0,20,-0.12857142857142856,-0.2571428571428571,-0.02142857142857143,1,5,14,descriptive direction-wise interval; no multiplicity adjustment
hann_ifft_minus_frequency,frequency,hann_ifft,top1,51,150.0,90.0,20,-0.1142857142857143,-0.25,-0.007142857142857148,1,5,14,descriptive direction-wise interval; no multiplicity adjustment
hann_ifft_minus_frequency,frequency,hann_ifft,top1,52,150.0,120.0,20,-0.06428571428571431,-0.17142857142857143,0.014285714285714285,1,3,16,descriptive direction-wise interval; no multiplicity adjustment
hann_ifft_minus_frequency,frequency,hann_ifft,top1,53,150.0,150.0,20,-0.06428571428571431,-0.15714285714285717,0.014285714285714285,3,5,12,descriptive direction-wise interval; no multiplicity adjustment
hann_ifft_minus_frequency,frequency,hann_ifft,top1,54,150.0,180.0,20,-0.16428571428571426,-0.3071428571428571,-0.04285714285714286,3,10,7,descriptive direction-wise interval; no multiplicity adjustment
hann_ifft_minus_frequency,frequency,hann_ifft,top1,55,150.0,210.0,20,-0.1357142857142857,-0.2785714285714286,-0.014285714285714285,2,5,13,descriptive direction-wise interval; no multiplicity adjustment
hann_ifft_minus_frequency,frequency,hann_ifft,top1,56,150.0,240.0,20,-0.10714285714285712,-0.23571428571428568,0.01428571428571429,2,6,12,descriptive direction-wise interval; no multiplicity adjustment
hann_ifft_minus_frequency,frequency,hann_ifft,top1,57,150.0,270.0,20,-0.1642857142857143,-0.3214285714285714,-0.028571428571428574,1,6,13,descriptive direction-wise interval; no multiplicity adjustment
hann_ifft_minus_frequency,frequency,hann_ifft,top1,58,150.0,300.0,20,0.07857142857142857,-0.021428571428571436,0.20714285714285716,3,2,15,descriptive direction-wise interval; no multiplicity adjustment
hann_ifft_minus_frequency,frequency,hann_ifft,top1,59,150.0,330.0,20,-0.0071428571428571366,-0.07857142857142856,0.04285714285714286,3,1,16,descriptive direction-wise interval; no multiplicity adjustment
hann_ifft_minus_frequency,frequency,hann_ifft,tail_gt90,0,30.0,0.0,20,-0.02142857142857143,-0.12857142857142856,0.06428571428571428,1,1,18,descriptive direction-wise interval; no multiplicity adjustment
hann_ifft_minus_frequency,frequency,hann_ifft,tail_gt90,1,30.0,30.0,20,0.03571428571428571,-0.02857142857142857,0.11428571428571428,3,2,15,descriptive direction-wise interval; no multiplicity adjustment
hann_ifft_minus_frequency,frequency,hann_ifft,tail_gt90,2,30.0,60.0,20,0.05714285714285714,0.007142857142857143,0.12857142857142856,4,0,16,descriptive direction-wise interval; no multiplicity adjustment
hann_ifft_minus_frequency,frequency,hann_ifft,tail_gt90,3,30.0,90.0,20,-0.042857142857142864,-0.18571428571428572,0.09999999999999998,4,6,10,descriptive direction-wise interval; no multiplicity adjustment
hann_ifft_minus_frequency,frequency,hann_ifft,tail_gt90,4,30.0,120.0,20,-0.1,-0.20714285714285713,-0.014285714285714285,1,5,14,descriptive direction-wise interval; no multiplicity adjustment
hann_ifft_minus_frequency,frequency,hann_ifft,tail_gt90,5,30.0,150.0,20,0.17857142857142855,0.04285714285714285,0.33571428571428574,6,3,11,descriptive direction-wise interval; no multiplicity adjustment
hann_ifft_minus_frequency,frequency,hann_ifft,tail_gt90,6,30.0,180.0,20,0.0,-0.08571428571428572,0.08571428571428572,1,1,18,descriptive direction-wise interval; no multiplicity adjustment
hann_ifft_minus_frequency,frequency,hann_ifft,tail_gt90,7,30.0,210.0,20,0.02857142857142857,-0.05714285714285714,0.11428571428571428,5,2,13,descriptive direction-wise interval; no multiplicity adjustment
hann_ifft_minus_frequency,frequency,hann_ifft,tail_gt90,8,30.0,240.0,20,0.07857142857142858,0.007142857142857145,0.15000000000000005,7,1,12,descriptive direction-wise interval; no multiplicity adjustment
hann_ifft_minus_frequency,frequency,hann_ifft,tail_gt90,9,30.0,270.0,20,0.02142857142857143,-0.0642857142857143,0.12142857142857144,2,3,15,descriptive direction-wise interval; no multiplicity adjustment
hann_ifft_minus_frequency,frequency,hann_ifft,tail_gt90,10,30.0,300.0,20,0.03571428571428572,-0.02142857142857143,0.10714285714285714,3,2,15,descriptive direction-wise interval; no multiplicity adjustment
hann_ifft_minus_frequency,frequency,hann_ifft,tail_gt90,11,30.0,330.0,20,0.04285714285714285,-0.049999999999999996,0.13571428571428573,4,1,15,descriptive direction-wise interval; no multiplicity adjustment
hann_ifft_minus_frequency,frequency,hann_ifft,tail_gt90,12,60.0,0.0,20,-0.0071428571428571504,-0.1142857142857143,0.07142857142857142,3,1,16,descriptive direction-wise interval; no multiplicity adjustment
hann_ifft_minus_frequency,frequency,hann_ifft,tail_gt90,13,60.0,30.0,20,0.0857142857142857,0.02857142857142857,0.14999999999999997,8,1,11,descriptive direction-wise interval; no multiplicity adjustment
hann_ifft_minus_frequency,frequency,hann_ifft,tail_gt90,14,60.0,60.0,20,0.04285714285714285,-0.06428571428571428,0.16428571428571428,4,4,12,descriptive direction-wise interval; no multiplicity adjustment
hann_ifft_minus_frequency,frequency,hann_ifft,tail_gt90,15,60.0,90.0,20,-5.551115123125783e-18,-0.08571428571428572,0.09285714285714285,3,3,14,descriptive direction-wise interval; no multiplicity adjustment
hann_ifft_minus_frequency,frequency,hann_ifft,tail_gt90,16,60.0,120.0,20,0.03571428571428571,-0.03571428571428573,0.10714285714285714,5,2,13,descriptive direction-wise interval; no multiplicity adjustment
hann_ifft_minus_frequency,frequency,hann_ifft,tail_gt90,17,60.0,150.0,20,0.07857142857142856,-0.021428571428571432,0.2,5,3,12,descriptive direction-wise interval; no multiplicity adjustment
hann_ifft_minus_frequency,frequency,hann_ifft,tail_gt90,18,60.0,180.0,20,0.014285714285714285,-0.11428571428571428,0.15714285714285714,2,2,16,descriptive direction-wise interval; no multiplicity adjustment
hann_ifft_minus_frequency,frequency,hann_ifft,tail_gt90,19,60.0,210.0,20,0.01428571428571428,-0.1,0.1357142857142857,5,5,10,descriptive direction-wise interval; no multiplicity adjustment
hann_ifft_minus_frequency,frequency,hann_ifft,tail_gt90,20,60.0,240.0,20,0.014285714285714296,-0.14285714285714285,0.17142857142857143,6,5,9,descriptive direction-wise interval; no multiplicity adjustment
hann_ifft_minus_frequency,frequency,hann_ifft,tail_gt90,21,60.0,270.0,20,0.1357142857142857,-0.01428571428571428,0.29285714285714287,7,1,12,descriptive direction-wise interval; no multiplicity adjustment
hann_ifft_minus_frequency,frequency,hann_ifft,tail_gt90,22,60.0,300.0,20,-0.07142857142857144,-0.2285714285714286,0.07142857142857142,5,5,10,descriptive direction-wise interval; no multiplicity adjustment
hann_ifft_minus_frequency,frequency,hann_ifft,tail_gt90,23,60.0,330.0,20,0.11428571428571428,0.03571428571428572,0.2,8,1,11,descriptive direction-wise interval; no multiplicity adjustment
hann_ifft_minus_frequency,frequency,hann_ifft,tail_gt90,24,90.0,0.0,20,0.1142857142857143,0.007142857142857148,0.22142857142857145,11,5,4,descriptive direction-wise interval; no multiplicity adjustment
hann_ifft_minus_frequency,frequency,hann_ifft,tail_gt90,25,90.0,30.0,20,0.06428571428571428,-0.1071428571428571,0.22857142857142856,9,6,5,descriptive direction-wise interval; no multiplicity adjustment
hann_ifft_minus_frequency,frequency,hann_ifft,tail_gt90,26,90.0,60.0,20,0.00714285714285714,-0.14285714285714285,0.16428571428571426,9,7,4,descriptive direction-wise interval; no multiplicity adjustment
hann_ifft_minus_frequency,frequency,hann_ifft,tail_gt90,27,90.0,90.0,20,-0.04285714285714286,-0.19285714285714284,0.11428571428571428,7,12,1,descriptive direction-wise interval; no multiplicity adjustment
hann_ifft_minus_frequency,frequency,hann_ifft,tail_gt90,28,90.0,120.0,20,0.03571428571428571,-0.13571428571428568,0.18571428571428572,11,6,3,descriptive direction-wise interval; no multiplicity adjustment
hann_ifft_minus_frequency,frequency,hann_ifft,tail_gt90,29,90.0,150.0,20,0.04285714285714285,-0.1,0.18571428571428572,8,7,5,descriptive direction-wise interval; no multiplicity adjustment
hann_ifft_minus_frequency,frequency,hann_ifft,tail_gt90,30,90.0,180.0,20,-0.11428571428571428,-0.2285714285714286,0.02857142857142857,3,13,4,descriptive direction-wise interval; no multiplicity adjustment
hann_ifft_minus_frequency,frequency,hann_ifft,tail_gt90,31,90.0,210.0,20,-0.00714285714285714,-0.09285714285714286,0.08571428571428572,6,9,5,descriptive direction-wise interval; no multiplicity adjustment
hann_ifft_minus_frequency,frequency,hann_ifft,tail_gt90,32,90.0,240.0,20,0.07142857142857142,-0.06428571428571428,0.20714285714285713,10,8,2,descriptive direction-wise interval; no multiplicity adjustment
hann_ifft_minus_frequency,frequency,hann_ifft,tail_gt90,33,90.0,270.0,20,0.10714285714285714,-0.03571428571428572,0.25,10,4,6,descriptive direction-wise interval; no multiplicity adjustment
hann_ifft_minus_frequency,frequency,hann_ifft,tail_gt90,34,90.0,300.0,20,0.035714285714285705,-0.10714285714285712,0.17142857142857143,8,5,7,descriptive direction-wise interval; no multiplicity adjustment
hann_ifft_minus_frequency,frequency,hann_ifft,tail_gt90,35,90.0,330.0,20,-0.028571428571428588,-0.15714285714285717,0.09999999999999998,6,7,7,descriptive direction-wise interval; no multiplicity adjustment
hann_ifft_minus_frequency,frequency,hann_ifft,tail_gt90,36,120.0,0.0,20,-0.03571428571428571,-0.11428571428571428,0.02857142857142857,1,2,17,descriptive direction-wise interval; no multiplicity adjustment
hann_ifft_minus_frequency,frequency,hann_ifft,tail_gt90,37,120.0,30.0,20,0.05714285714285714,-0.007142857142857143,0.1357142857142857,5,2,13,descriptive direction-wise interval; no multiplicity adjustment
hann_ifft_minus_frequency,frequency,hann_ifft,tail_gt90,38,120.0,60.0,20,0.06428571428571428,-0.007142857142857145,0.15,3,1,16,descriptive direction-wise interval; no multiplicity adjustment
hann_ifft_minus_frequency,frequency,hann_ifft,tail_gt90,39,120.0,90.0,20,0.03571428571428571,-0.07857142857142858,0.16428571428571428,4,4,12,descriptive direction-wise interval; no multiplicity adjustment
hann_ifft_minus_frequency,frequency,hann_ifft,tail_gt90,40,120.0,120.0,20,-0.03571428571428571,-0.14285714285714285,0.0642857142857143,2,4,14,descriptive direction-wise interval; no multiplicity adjustment
hann_ifft_minus_frequency,frequency,hann_ifft,tail_gt90,41,120.0,150.0,20,0.03571428571428571,-0.028571428571428574,0.12142857142857144,3,3,14,descriptive direction-wise interval; no multiplicity adjustment
hann_ifft_minus_frequency,frequency,hann_ifft,tail_gt90,42,120.0,180.0,20,0.03571428571428571,-0.09285714285714285,0.19285714285714287,2,4,14,descriptive direction-wise interval; no multiplicity adjustment
hann_ifft_minus_frequency,frequency,hann_ifft,tail_gt90,43,120.0,210.0,20,-0.014285714285714287,-0.10714285714285714,0.07142857142857142,5,5,10,descriptive direction-wise interval; no multiplicity adjustment
hann_ifft_minus_frequency,frequency,hann_ifft,tail_gt90,44,120.0,240.0,20,-0.0071428571428571504,-0.17857142857142858,0.14285714285714285,5,4,11,descriptive direction-wise interval; no multiplicity adjustment
hann_ifft_minus_frequency,frequency,hann_ifft,tail_gt90,45,120.0,270.0,20,0.05714285714285714,-0.02142857142857143,0.15,4,2,14,descriptive direction-wise interval; no multiplicity adjustment
hann_ifft_minus_frequency,frequency,hann_ifft,tail_gt90,46,120.0,300.0,20,-5.551115123125783e-18,-0.12142857142857141,0.10714285714285714,4,2,14,descriptive direction-wise interval; no multiplicity adjustment
hann_ifft_minus_frequency,frequency,hann_ifft,tail_gt90,47,120.0,330.0,20,0.06428571428571428,0.0,0.1357142857142857,4,1,15,descriptive direction-wise interval; no multiplicity adjustment
hann_ifft_minus_frequency,frequency,hann_ifft,tail_gt90,48,150.0,0.0,20,-0.04285714285714285,-0.10714285714285714,0.0,0,3,17,descriptive direction-wise interval; no multiplicity adjustment
hann_ifft_minus_frequency,frequency,hann_ifft,tail_gt90,49,150.0,30.0,20,0.0,-0.04285714285714286,0.04285714285714286,2,2,16,descriptive direction-wise interval; no multiplicity adjustment
hann_ifft_minus_frequency,frequency,hann_ifft,tail_gt90,50,150.0,60.0,20,0.05714285714285714,-0.04285714285714286,0.17142857142857143,4,2,14,descriptive direction-wise interval; no multiplicity adjustment
hann_ifft_minus_frequency,frequency,hann_ifft,tail_gt90,51,150.0,90.0,20,0.07142857142857142,0.007142857142857143,0.1571428571428571,4,0,16,descriptive direction-wise interval; no multiplicity adjustment
hann_ifft_minus_frequency,frequency,hann_ifft,tail_gt90,52,150.0,120.0,20,-0.07142857142857142,-0.17857142857142858,-0.007142857142857143,0,4,16,descriptive direction-wise interval; no multiplicity adjustment
hann_ifft_minus_frequency,frequency,hann_ifft,tail_gt90,53,150.0,150.0,20,0.08571428571428572,-0.007142857142857143,0.19285714285714284,6,2,12,descriptive direction-wise interval; no multiplicity adjustment
hann_ifft_minus_frequency,frequency,hann_ifft,tail_gt90,54,150.0,180.0,20,0.021428571428571425,-0.07142857142857142,0.13571428571428573,2,3,15,descriptive direction-wise interval; no multiplicity adjustment
hann_ifft_minus_frequency,frequency,hann_ifft,tail_gt90,55,150.0,210.0,20,0.04285714285714285,-0.07857142857142857,0.1857142857142857,4,2,14,descriptive direction-wise interval; no multiplicity adjustment
hann_ifft_minus_frequency,frequency,hann_ifft,tail_gt90,56,150.0,240.0,20,0.0857142857142857,-0.04285714285714286,0.21428571428571427,5,1,14,descriptive direction-wise interval; no multiplicity adjustment
hann_ifft_minus_frequency,frequency,hann_ifft,tail_gt90,57,150.0,270.0,20,0.09285714285714286,-0.014285714285714285,0.2357142857142857,3,1,16,descriptive direction-wise interval; no multiplicity adjustment
hann_ifft_minus_frequency,frequency,hann_ifft,tail_gt90,58,150.0,300.0,20,-0.07857142857142857,-0.17857142857142855,0.0,1,4,15,descriptive direction-wise interval; no multiplicity adjustment
hann_ifft_minus_frequency,frequency,hann_ifft,tail_gt90,59,150.0,330.0,20,0.05,-0.03571428571428571,0.14999999999999997,4,1,15,descriptive direction-wise interval; no multiplicity adjustment
hann_ifft_minus_frequency,frequency,hann_ifft,tail_ge150,0,30.0,0.0,20,-0.02142857142857143,-0.12857142857142856,0.06428571428571428,1,1,18,descriptive direction-wise interval; no multiplicity adjustment
hann_ifft_minus_frequency,frequency,hann_ifft,tail_ge150,1,30.0,30.0,20,0.007142857142857143,0.0,0.02142857142857143,1,0,19,descriptive direction-wise interval; no multiplicity adjustment
hann_ifft_minus_frequency,frequency,hann_ifft,tail_ge150,2,30.0,60.0,20,0.021428571428571422,-0.07857142857142858,0.11428571428571428,4,1,15,descriptive direction-wise interval; no multiplicity adjustment
hann_ifft_minus_frequency,frequency,hann_ifft,tail_ge150,3,30.0,90.0,20,-0.05,-0.1928571428571429,0.07142857142857142,2,3,15,descriptive direction-wise interval; no multiplicity adjustment
hann_ifft_minus_frequency,frequency,hann_ifft,tail_ge150,4,30.0,120.0,20,-0.014285714285714287,-0.1,0.05,2,1,17,descriptive direction-wise interval; no multiplicity adjustment
hann_ifft_minus_frequency,frequency,hann_ifft,tail_ge150,5,30.0,150.0,20,0.007142857142857143,-0.07857142857142857,0.09285714285714285,3,2,15,descriptive direction-wise interval; no multiplicity adjustment
hann_ifft_minus_frequency,frequency,hann_ifft,tail_ge150,6,30.0,180.0,20,0.007142857142857143,-0.04285714285714286,0.06428571428571428,1,1,18,descriptive direction-wise interval; no multiplicity adjustment
hann_ifft_minus_frequency,frequency,hann_ifft,tail_ge150,7,30.0,210.0,20,0.014285714285714287,-0.02142857142857143,0.05714285714285714,3,2,15,descriptive direction-wise interval; no multiplicity adjustment
hann_ifft_minus_frequency,frequency,hann_ifft,tail_ge150,8,30.0,240.0,20,0.02142857142857143,-0.05714285714285714,0.09999999999999999,4,2,14,descriptive direction-wise interval; no multiplicity adjustment
hann_ifft_minus_frequency,frequency,hann_ifft,tail_ge150,9,30.0,270.0,20,0.0,-0.1285714285714286,0.1,3,1,16,descriptive direction-wise interval; no multiplicity adjustment
hann_ifft_minus_frequency,frequency,hann_ifft,tail_ge150,10,30.0,300.0,20,0.04285714285714285,0.0,0.10714285714285714,3,0,17,descriptive direction-wise interval; no multiplicity adjustment
hann_ifft_minus_frequency,frequency,hann_ifft,tail_ge150,11,30.0,330.0,20,0.02857142857142857,-0.02857142857142857,0.11428571428571428,2,2,16,descriptive direction-wise interval; no multiplicity adjustment
hann_ifft_minus_frequency,frequency,hann_ifft,tail_ge150,12,60.0,0.0,20,0.01428571428571429,-0.08571428571428569,0.10714285714285714,2,1,17,descriptive direction-wise interval; no multiplicity adjustment
hann_ifft_minus_frequency,frequency,hann_ifft,tail_ge150,13,60.0,30.0,20,0.007142857142857143,0.0,0.02142857142857143,1,0,19,descriptive direction-wise interval; no multiplicity adjustment
hann_ifft_minus_frequency,frequency,hann_ifft,tail_ge150,14,60.0,60.0,20,0.06428571428571428,0.0,0.16428571428571428,3,0,17,descriptive direction-wise interval; no multiplicity adjustment
hann_ifft_minus_frequency,frequency,hann_ifft,tail_ge150,15,60.0,90.0,20,0.014285714285714285,-0.03571428571428571,0.06428571428571428,4,2,14,descriptive direction-wise interval; no multiplicity adjustment
hann_ifft_minus_frequency,frequency,hann_ifft,tail_ge150,16,60.0,120.0,20,0.02142857142857143,0.0,0.04285714285714286,3,0,17,descriptive direction-wise interval; no multiplicity adjustment
hann_ifft_minus_frequency,frequency,hann_ifft,tail_ge150,17,60.0,150.0,20,0.04999999999999999,-0.02857142857142857,0.1357142857142857,5,1,14,descriptive direction-wise interval; no multiplicity adjustment
hann_ifft_minus_frequency,frequency,hann_ifft,tail_ge150,18,60.0,180.0,20,-0.007142857142857143,-0.02142857142857143,0.0,0,1,19,descriptive direction-wise interval; no multiplicity adjustment
hann_ifft_minus_frequency,frequency,hann_ifft,tail_ge150,19,60.0,210.0,20,0.021428571428571425,-0.02142857142857143,0.06428571428571428,4,1,15,descriptive direction-wise interval; no multiplicity adjustment
hann_ifft_minus_frequency,frequency,hann_ifft,tail_ge150,20,60.0,240.0,20,0.05,-0.014285714285714285,0.14285714285714285,3,2,15,descriptive direction-wise interval; no multiplicity adjustment
hann_ifft_minus_frequency,frequency,hann_ifft,tail_ge150,21,60.0,270.0,20,0.04285714285714285,-0.07142857142857142,0.16428571428571428,5,2,13,descriptive direction-wise interval; no multiplicity adjustment
hann_ifft_minus_frequency,frequency,hann_ifft,tail_ge150,22,60.0,300.0,20,0.02857142857142857,0.0,0.08571428571428572,1,0,19,descriptive direction-wise interval; no multiplicity adjustment
hann_ifft_minus_frequency,frequency,hann_ifft,tail_ge150,23,60.0,330.0,20,0.014285714285714282,-0.049999999999999996,0.07142857142857142,3,1,16,descriptive direction-wise interval; no multiplicity adjustment
hann_ifft_minus_frequency,frequency,hann_ifft,tail_ge150,24,90.0,0.0,20,0.11428571428571428,0.014285714285714285,0.21428571428571427,11,4,5,descriptive direction-wise interval; no multiplicity adjustment
hann_ifft_minus_frequency,frequency,hann_ifft,tail_ge150,25,90.0,30.0,20,0.05000000000000001,-0.11428571428571425,0.21428571428571427,7,4,9,descriptive direction-wise interval; no multiplicity adjustment
hann_ifft_minus_frequency,frequency,hann_ifft,tail_ge150,26,90.0,60.0,20,-0.03571428571428571,-0.18571428571428572,0.1,9,7,4,descriptive direction-wise interval; no multiplicity adjustment
hann_ifft_minus_frequency,frequency,hann_ifft,tail_ge150,27,90.0,90.0,20,-0.04285714285714286,-0.18571428571428572,0.1142857142857143,7,12,1,descriptive direction-wise interval; no multiplicity adjustment
hann_ifft_minus_frequency,frequency,hann_ifft,tail_ge150,28,90.0,120.0,20,0.049999999999999996,-0.07857142857142857,0.17857142857142855,9,6,5,descriptive direction-wise interval; no multiplicity adjustment
hann_ifft_minus_frequency,frequency,hann_ifft,tail_ge150,29,90.0,150.0,20,0.04285714285714285,-0.09999999999999999,0.1857142857142857,8,5,7,descriptive direction-wise interval; no multiplicity adjustment
hann_ifft_minus_frequency,frequency,hann_ifft,tail_ge150,30,90.0,180.0,20,-0.10714285714285714,-0.22142857142857147,0.03571428571428571,3,12,5,descriptive direction-wise interval; no multiplicity adjustment
hann_ifft_minus_frequency,frequency,hann_ifft,tail_ge150,31,90.0,210.0,20,0.014285714285714285,-0.07857142857142856,0.10732142857143899,7,8,5,descriptive direction-wise interval; no multiplicity adjustment
hann_ifft_minus_frequency,frequency,hann_ifft,tail_ge150,32,90.0,240.0,20,0.06428571428571428,-0.02857142857142857,0.16428571428571428,8,5,7,descriptive direction-wise interval; no multiplicity adjustment
hann_ifft_minus_frequency,frequency,hann_ifft,tail_ge150,33,90.0,270.0,20,0.10714285714285714,-0.03571428571428572,0.25,10,4,6,descriptive direction-wise interval; no multiplicity adjustment
hann_ifft_minus_frequency,frequency,hann_ifft,tail_ge150,34,90.0,300.0,20,0.05714285714285713,-0.07857142857142856,0.19285714285714284,9,6,5,descriptive direction-wise interval; no multiplicity adjustment
hann_ifft_minus_frequency,frequency,hann_ifft,tail_ge150,35,90.0,330.0,20,-0.1,-0.2357142857142857,0.035714285714285705,5,12,3,descriptive direction-wise interval; no multiplicity adjustment
hann_ifft_minus_frequency,frequency,hann_ifft,tail_ge150,36,120.0,0.0,20,0.0,-0.08571428571428572,0.08571428571428572,1,1,18,descriptive direction-wise interval; no multiplicity adjustment
hann_ifft_minus_frequency,frequency,hann_ifft,tail_ge150,37,120.0,30.0,20,-0.007142857142857143,-0.02142857142857143,0.0,0,1,19,descriptive direction-wise interval; no multiplicity adjustment
hann_ifft_minus_frequency,frequency,hann_ifft,tail_ge150,38,120.0,60.0,20,0.04285714285714286,0.0,0.10714285714285714,3,0,17,descriptive direction-wise interval; no multiplicity adjustment
hann_ifft_minus_frequency,frequency,hann_ifft,tail_ge150,39,120.0,90.0,20,0.02142857142857143,-0.07142857142857142,0.11428571428571428,5,2,13,descriptive direction-wise interval; no multiplicity adjustment
hann_ifft_minus_frequency,frequency,hann_ifft,tail_ge150,40,120.0,120.0,20,-0.007142857142857143,-0.02142857142857143,0.0,0,1,19,descriptive direction-wise interval; no multiplicity adjustment
hann_ifft_minus_frequency,frequency,hann_ifft,tail_ge150,41,120.0,150.0,20,0.0,-0.07142857142857142,0.05714285714285714,3,1,16,descriptive direction-wise interval; no multiplicity adjustment
hann_ifft_minus_frequency,frequency,hann_ifft,tail_ge150,42,120.0,180.0,20,-0.014285714285714285,-0.03571428571428571,0.0,0,2,18,descriptive direction-wise interval; no multiplicity adjustment
hann_ifft_minus_frequency,frequency,hann_ifft,tail_ge150,43,120.0,210.0,20,0.0,-0.05714285714285714,0.04285714285714285,3,1,16,descriptive direction-wise interval; no multiplicity adjustment
hann_ifft_minus_frequency,frequency,hann_ifft,tail_ge150,44,120.0,240.0,20,0.007142857142857143,-0.014285714285714285,0.02857142857142857,2,1,17,descriptive direction-wise interval; no multiplicity adjustment
hann_ifft_minus_frequency,frequency,hann_ifft,tail_ge150,45,120.0,270.0,20,0.028571428571428564,-0.02142857142857143,0.08571428571428572,3,2,15,descriptive direction-wise interval; no multiplicity adjustment
hann_ifft_minus_frequency,frequency,hann_ifft,tail_ge150,46,120.0,300.0,20,0.03571428571428572,-0.02857142857142857,0.14285714285714285,1,2,17,descriptive direction-wise interval; no multiplicity adjustment
hann_ifft_minus_frequency,frequency,hann_ifft,tail_ge150,47,120.0,330.0,20,-0.02857142857142857,-0.06428571428571428,0.0,0,3,17,descriptive direction-wise interval; no multiplicity adjustment
hann_ifft_minus_frequency,frequency,hann_ifft,tail_ge150,48,150.0,0.0,20,0.0,0.0,0.0,0,0,20,descriptive direction-wise interval; no multiplicity adjustment
hann_ifft_minus_frequency,frequency,hann_ifft,tail_ge150,49,150.0,30.0,20,0.014285714285714285,-0.03571428571428571,0.07142857142857142,2,1,17,descriptive direction-wise interval; no multiplicity adjustment
hann_ifft_minus_frequency,frequency,hann_ifft,tail_ge150,50,150.0,60.0,20,0.0714285714285714,-0.08571428571428572,0.22142857142857136,5,1,14,descriptive direction-wise interval; no multiplicity adjustment
hann_ifft_minus_frequency,frequency,hann_ifft,tail_ge150,51,150.0,90.0,20,0.02142857142857143,-0.02857142857142857,0.09285714285714285,2,2,16,descriptive direction-wise interval; no multiplicity adjustment
hann_ifft_minus_frequency,frequency,hann_ifft,tail_ge150,52,150.0,120.0,20,-0.05,-0.15714285714285714,0.014285714285714285,1,2,17,descriptive direction-wise interval; no multiplicity adjustment
hann_ifft_minus_frequency,frequency,hann_ifft,tail_ge150,53,150.0,150.0,20,0.007142857142857143,-0.014285714285714285,0.02857142857142857,2,1,17,descriptive direction-wise interval; no multiplicity adjustment
hann_ifft_minus_frequency,frequency,hann_ifft,tail_ge150,54,150.0,180.0,20,-0.014285714285714285,-0.04285714285714286,0.0,0,1,19,descriptive direction-wise interval; no multiplicity adjustment
hann_ifft_minus_frequency,frequency,hann_ifft,tail_ge150,55,150.0,210.0,20,-0.02142857142857143,-0.06428571428571428,0.014285714285714285,1,2,17,descriptive direction-wise interval; no multiplicity adjustment
hann_ifft_minus_frequency,frequency,hann_ifft,tail_ge150,56,150.0,240.0,20,-0.04285714285714285,-0.11428571428571428,0.02142857142857143,1,4,15,descriptive direction-wise interval; no multiplicity adjustment
hann_ifft_minus_frequency,frequency,hann_ifft,tail_ge150,57,150.0,270.0,20,0.00714285714285714,-0.14285714285714285,0.15714285714285714,2,1,17,descriptive direction-wise interval; no multiplicity adjustment
hann_ifft_minus_frequency,frequency,hann_ifft,tail_ge150,58,150.0,300.0,20,-0.03571428571428571,-0.1,0.007321428571438965,1,3,16,descriptive direction-wise interval; no multiplicity adjustment
hann_ifft_minus_frequency,frequency,hann_ifft,tail_ge150,59,150.0,330.0,20,0.03571428571428571,-0.05,0.14285714285714285,2,2,16,descriptive direction-wise interval; no multiplicity adjustment
hann_ifft_minus_frequency,frequency,hann_ifft,near_or_exact_antipodal_ge165,0,30.0,0.0,20,-0.014285714285714285,-0.04285714285714286,0.0,0,1,19,descriptive direction-wise interval; no multiplicity adjustment
hann_ifft_minus_frequency,frequency,hann_ifft,near_or_exact_antipodal_ge165,1,30.0,30.0,20,0.014285714285714285,0.0,0.03571428571428571,2,0,18,descriptive direction-wise interval; no multiplicity adjustment
hann_ifft_minus_frequency,frequency,hann_ifft,near_or_exact_antipodal_ge165,2,30.0,60.0,20,0.02857142857142857,-0.02857142857142857,0.1,2,1,17,descriptive direction-wise interval; no multiplicity adjustment
hann_ifft_minus_frequency,frequency,hann_ifft,near_or_exact_antipodal_ge165,3,30.0,90.0,20,-0.07142857142857142,-0.21428571428571427,0.05714285714285714,2,4,14,descriptive direction-wise interval; no multiplicity adjustment
hann_ifft_minus_frequency,frequency,hann_ifft,near_or_exact_antipodal_ge165,4,30.0,120.0,20,0.02142857142857143,0.0,0.05714285714285714,2,0,18,descriptive direction-wise interval; no multiplicity adjustment
hann_ifft_minus_frequency,frequency,hann_ifft,near_or_exact_antipodal_ge165,5,30.0,150.0,20,0.03571428571428571,0.0,0.1,2,0,18,descriptive direction-wise interval; no multiplicity adjustment
hann_ifft_minus_frequency,frequency,hann_ifft,near_or_exact_antipodal_ge165,6,30.0,180.0,20,0.0,0.0,0.0,0,0,20,descriptive direction-wise interval; no multiplicity adjustment
hann_ifft_minus_frequency,frequency,hann_ifft,near_or_exact_antipodal_ge165,7,30.0,210.0,20,0.007142857142857143,-0.014285714285714285,0.02857142857142857,2,1,17,descriptive direction-wise interval; no multiplicity adjustment
hann_ifft_minus_frequency,frequency,hann_ifft,near_or_exact_antipodal_ge165,8,30.0,240.0,20,0.014285714285714285,-0.02857142857142857,0.05714285714285714,3,1,16,descriptive direction-wise interval; no multiplicity adjustment
hann_ifft_minus_frequency,frequency,hann_ifft,near_or_exact_antipodal_ge165,9,30.0,270.0,20,-0.007142857142857145,-0.13571428571428573,0.1,2,1,17,descriptive direction-wise interval; no multiplicity adjustment
hann_ifft_minus_frequency,frequency,hann_ifft,near_or_exact_antipodal_ge165,10,30.0,300.0,20,0.007142857142857143,0.0,0.02142857142857143,1,0,19,descriptive direction-wise interval; no multiplicity adjustment
hann_ifft_minus_frequency,frequency,hann_ifft,near_or_exact_antipodal_ge165,11,30.0,330.0,20,-0.007142857142857143,-0.02142857142857143,0.0,0,1,19,descriptive direction-wise interval; no multiplicity adjustment
hann_ifft_minus_frequency,frequency,hann_ifft,near_or_exact_antipodal_ge165,12,60.0,0.0,20,-0.014285714285714285,-0.12857142857142856,0.08571428571428572,1,1,18,descriptive direction-wise interval; no multiplicity adjustment
hann_ifft_minus_frequency,frequency,hann_ifft,near_or_exact_antipodal_ge165,13,60.0,30.0,20,0.007142857142857143,0.0,0.02142857142857143,1,0,19,descriptive direction-wise interval; no multiplicity adjustment
hann_ifft_minus_frequency,frequency,hann_ifft,near_or_exact_antipodal_ge165,14,60.0,60.0,20,0.02142857142857143,0.0,0.06428571428571428,1,0,19,descriptive direction-wise interval; no multiplicity adjustment
hann_ifft_minus_frequency,frequency,hann_ifft,near_or_exact_antipodal_ge165,15,60.0,90.0,20,0.05,-0.0071428571428571504,0.15,3,1,16,descriptive direction-wise interval; no multiplicity adjustment
hann_ifft_minus_frequency,frequency,hann_ifft,near_or_exact_antipodal_ge165,16,60.0,120.0,20,0.007142857142857143,0.0,0.02142857142857143,1,0,19,descriptive direction-wise interval; no multiplicity adjustment
hann_ifft_minus_frequency,frequency,hann_ifft,near_or_exact_antipodal_ge165,17,60.0,150.0,20,0.03571428571428571,-0.05714285714285714,0.12857142857142856,4,1,15,descriptive direction-wise interval; no multiplicity adjustment
hann_ifft_minus_frequency,frequency,hann_ifft,near_or_exact_antipodal_ge165,18,60.0,180.0,20,-0.007142857142857143,-0.02142857142857143,0.0,0,1,19,descriptive direction-wise interval; no multiplicity adjustment
hann_ifft_minus_frequency,frequency,hann_ifft,near_or_exact_antipodal_ge165,19,60.0,210.0,20,0.021428571428571425,-0.02142857142857143,0.06428571428571428,4,1,15,descriptive direction-wise interval; no multiplicity adjustment
hann_ifft_minus_frequency,frequency,hann_ifft,near_or_exact_antipodal_ge165,20,60.0,240.0,20,0.007142857142857143,0.0,0.02142857142857143,1,0,19,descriptive direction-wise interval; no multiplicity adjustment
hann_ifft_minus_frequency,frequency,hann_ifft,near_or_exact_antipodal_ge165,21,60.0,270.0,20,0.02857142857142857,-0.08571428571428569,0.14285714285714285,4,1,15,descriptive direction-wise interval; no multiplicity adjustment
hann_ifft_minus_frequency,frequency,hann_ifft,near_or_exact_antipodal_ge165,22,60.0,300.0,20,0.02142857142857143,0.0,0.06428571428571428,1,0,19,descriptive direction-wise interval; no multiplicity adjustment
hann_ifft_minus_frequency,frequency,hann_ifft,near_or_exact_antipodal_ge165,23,60.0,330.0,20,0.014285714285714282,-0.049999999999999996,0.07142857142857142,3,1,16,descriptive direction-wise interval; no multiplicity adjustment
hann_ifft_minus_frequency,frequency,hann_ifft,near_or_exact_antipodal_ge165,24,90.0,0.0,20,0.05714285714285714,-0.05714285714285714,0.17142857142857143,9,6,5,descriptive direction-wise interval; no multiplicity adjustment
hann_ifft_minus_frequency,frequency,hann_ifft,near_or_exact_antipodal_ge165,25,90.0,30.0,20,0.014285714285714301,-0.14285714285714285,0.17142857142857143,6,5,9,descriptive direction-wise interval; no multiplicity adjustment
hann_ifft_minus_frequency,frequency,hann_ifft,near_or_exact_antipodal_ge165,26,90.0,60.0,20,-0.05,-0.1928571428571429,0.0857142857142857,8,7,5,descriptive direction-wise interval; no multiplicity adjustment
hann_ifft_minus_frequency,frequency,hann_ifft,near_or_exact_antipodal_ge165,27,90.0,90.0,20,-0.09285714285714286,-0.24285714285714288,0.07142857142857142,6,12,2,descriptive direction-wise interval; no multiplicity adjustment
hann_ifft_minus_frequency,frequency,hann_ifft,near_or_exact_antipodal_ge165,28,90.0,120.0,20,0.06428571428571428,-0.09285714285714285,0.22857142857142856,9,6,5,descriptive direction-wise interval; no multiplicity adjustment
hann_ifft_minus_frequency,frequency,hann_ifft,near_or_exact_antipodal_ge165,29,90.0,150.0,20,0.04285714285714285,-0.09285714285714286,0.17857142857142858,8,5,7,descriptive direction-wise interval; no multiplicity adjustment
hann_ifft_minus_frequency,frequency,hann_ifft,near_or_exact_antipodal_ge165,30,90.0,180.0,20,-0.1571428571428571,-0.26428571428571435,-0.05714285714285714,3,13,4,descriptive direction-wise interval; no multiplicity adjustment
hann_ifft_minus_frequency,frequency,hann_ifft,near_or_exact_antipodal_ge165,31,90.0,210.0,20,0.0,-0.07857142857142857,0.08571428571428572,4,7,9,descriptive direction-wise interval; no multiplicity adjustment
hann_ifft_minus_frequency,frequency,hann_ifft,near_or_exact_antipodal_ge165,32,90.0,240.0,20,0.04285714285714286,-0.04285714285714286,0.1357142857142857,7,5,8,descriptive direction-wise interval; no multiplicity adjustment
hann_ifft_minus_frequency,frequency,hann_ifft,near_or_exact_antipodal_ge165,33,90.0,270.0,20,0.12857142857142856,-1.1102230246251566e-17,0.2571428571428571,11,2,7,descriptive direction-wise interval; no multiplicity adjustment
hann_ifft_minus_frequency,frequency,hann_ifft,near_or_exact_antipodal_ge165,34,90.0,300.0,20,0.11428571428571425,0.007142857142857143,0.22857142857142856,9,3,8,descriptive direction-wise interval; no multiplicity adjustment
hann_ifft_minus_frequency,frequency,hann_ifft,near_or_exact_antipodal_ge165,35,90.0,330.0,20,-0.06428571428571431,-0.20714285714285713,0.07857142857142857,5,10,5,descriptive direction-wise interval; no multiplicity adjustment
hann_ifft_minus_frequency,frequency,hann_ifft,near_or_exact_antipodal_ge165,36,120.0,0.0,20,-0.007142857142857143,-0.02142857142857143,0.0,0,1,19,descriptive direction-wise interval; no multiplicity adjustment
hann_ifft_minus_frequency,frequency,hann_ifft,near_or_exact_antipodal_ge165,37,120.0,30.0,20,0.0,0.0,0.0,0,0,20,descriptive direction-wise interval; no multiplicity adjustment
hann_ifft_minus_frequency,frequency,hann_ifft,near_or_exact_antipodal_ge165,38,120.0,60.0,20,0.007142857142857143,0.0,0.02142857142857143,1,0,19,descriptive direction-wise interval; no multiplicity adjustment
hann_ifft_minus_frequency,frequency,hann_ifft,near_or_exact_antipodal_ge165,39,120.0,90.0,20,0.014285714285714287,-0.07857142857142857,0.10714285714285714,3,2,15,descriptive direction-wise interval; no multiplicity adjustment
hann_ifft_minus_frequency,frequency,hann_ifft,near_or_exact_antipodal_ge165,40,120.0,120.0,20,0.0,0.0,0.0,0,0,20,descriptive direction-wise interval; no multiplicity adjustment
hann_ifft_minus_frequency,frequency,hann_ifft,near_or_exact_antipodal_ge165,41,120.0,150.0,20,0.00714285714285714,-0.05000000000000001,0.05714285714285714,3,1,16,descriptive direction-wise interval; no multiplicity adjustment
hann_ifft_minus_frequency,frequency,hann_ifft,near_or_exact_antipodal_ge165,42,120.0,180.0,20,-0.014285714285714285,-0.03571428571428571,0.0,0,2,18,descriptive direction-wise interval; no multiplicity adjustment
hann_ifft_minus_frequency,frequency,hann_ifft,near_or_exact_antipodal_ge165,43,120.0,210.0,20,-0.007142857142857143,-0.05714285714285714,0.02857142857142857,2,1,17,descriptive direction-wise interval; no multiplicity adjustment
hann_ifft_minus_frequency,frequency,hann_ifft,near_or_exact_antipodal_ge165,44,120.0,240.0,20,-0.007142857142857143,-0.02142857142857143,0.0,0,1,19,descriptive direction-wise interval; no multiplicity adjustment
hann_ifft_minus_frequency,frequency,hann_ifft,near_or_exact_antipodal_ge165,45,120.0,270.0,20,0.049999999999999996,0.0,0.12142857142857141,3,0,17,descriptive direction-wise interval; no multiplicity adjustment
hann_ifft_minus_frequency,frequency,hann_ifft,near_or_exact_antipodal_ge165,46,120.0,300.0,20,0.05,0.0,0.15,1,0,19,descriptive direction-wise interval; no multiplicity adjustment
hann_ifft_minus_frequency,frequency,hann_ifft,near_or_exact_antipodal_ge165,47,120.0,330.0,20,-0.02857142857142857,-0.06428571428571428,0.0,0,3,17,descriptive direction-wise interval; no multiplicity adjustment
hann_ifft_minus_frequency,frequency,hann_ifft,near_or_exact_antipodal_ge165,48,150.0,0.0,20,0.02857142857142857,0.0,0.08571428571428572,1,0,19,descriptive direction-wise interval; no multiplicity adjustment
hann_ifft_minus_frequency,frequency,hann_ifft,near_or_exact_antipodal_ge165,49,150.0,30.0,20,0.007142857142857143,-0.03571428571428571,0.05,2,1,17,descriptive direction-wise interval; no multiplicity adjustment
hann_ifft_minus_frequency,frequency,hann_ifft,near_or_exact_antipodal_ge165,50,150.0,60.0,20,0.02142857142857143,0.0,0.06428571428571428,1,0,19,descriptive direction-wise interval; no multiplicity adjustment
hann_ifft_minus_frequency,frequency,hann_ifft,near_or_exact_antipodal_ge165,51,150.0,90.0,20,-0.014285714285714285,-0.03571428571428571,0.0,0,2,18,descriptive direction-wise interval; no multiplicity adjustment
hann_ifft_minus_frequency,frequency,hann_ifft,near_or_exact_antipodal_ge165,52,150.0,120.0,20,0.007142857142857143,0.0,0.02142857142857143,1,0,19,descriptive direction-wise interval; no multiplicity adjustment
hann_ifft_minus_frequency,frequency,hann_ifft,near_or_exact_antipodal_ge165,53,150.0,150.0,20,0.02142857142857143,0.0,0.04285714285714286,3,0,17,descriptive direction-wise interval; no multiplicity adjustment
hann_ifft_minus_frequency,frequency,hann_ifft,near_or_exact_antipodal_ge165,54,150.0,180.0,20,0.0,0.0,0.0,0,0,20,descriptive direction-wise interval; no multiplicity adjustment
hann_ifft_minus_frequency,frequency,hann_ifft,near_or_exact_antipodal_ge165,55,150.0,210.0,20,0.0,-0.02142857142857143,0.02142857142857143,1,1,18,descriptive direction-wise interval; no multiplicity adjustment
hann_ifft_minus_frequency,frequency,hann_ifft,near_or_exact_antipodal_ge165,56,150.0,240.0,20,-0.03571428571428571,-0.1,0.0,0,2,18,descriptive direction-wise interval; no multiplicity adjustment
hann_ifft_minus_frequency,frequency,hann_ifft,near_or_exact_antipodal_ge165,57,150.0,270.0,20,0.00714285714285714,-0.14285714285714285,0.15714285714285714,2,1,17,descriptive direction-wise interval; no multiplicity adjustment
hann_ifft_minus_frequency,frequency,hann_ifft,near_or_exact_antipodal_ge165,58,150.0,300.0,20,-0.007142857142857143,-0.02142857142857143,0.0,0,1,19,descriptive direction-wise interval; no multiplicity adjustment
hann_ifft_minus_frequency,frequency,hann_ifft,near_or_exact_antipodal_ge165,59,150.0,330.0,20,-0.014285714285714285,-0.04285714285714286,0.0,0,1,19,descriptive direction-wise interval; no multiplicity adjustment
hann_ifft_minus_frequency,frequency,hann_ifft,exact_antipodal_180,0,30.0,0.0,20,-0.014285714285714285,-0.04285714285714286,0.0,0,1,19,descriptive direction-wise interval; no multiplicity adjustment
hann_ifft_minus_frequency,frequency,hann_ifft,exact_antipodal_180,1,30.0,30.0,20,0.0,0.0,0.0,0,0,20,descriptive direction-wise interval; no multiplicity adjustment
hann_ifft_minus_frequency,frequency,hann_ifft,exact_antipodal_180,2,30.0,60.0,20,0.0,0.0,0.0,0,0,20,descriptive direction-wise interval; no multiplicity adjustment
hann_ifft_minus_frequency,frequency,hann_ifft,exact_antipodal_180,3,30.0,90.0,20,-0.12142857142857141,-0.2571428571428571,-0.007142857142857143,0,4,16,descriptive direction-wise interval; no multiplicity adjustment
hann_ifft_minus_frequency,frequency,hann_ifft,exact_antipodal_180,4,30.0,120.0,20,0.02857142857142857,0.0,0.07857142857142856,2,0,18,descriptive direction-wise interval; no multiplicity adjustment
hann_ifft_minus_frequency,frequency,hann_ifft,exact_antipodal_180,5,30.0,150.0,20,0.007142857142857143,0.0,0.02142857142857143,1,0,19,descriptive direction-wise interval; no multiplicity adjustment
hann_ifft_minus_frequency,frequency,hann_ifft,exact_antipodal_180,6,30.0,180.0,20,0.0,0.0,0.0,0,0,20,descriptive direction-wise interval; no multiplicity adjustment
hann_ifft_minus_frequency,frequency,hann_ifft,exact_antipodal_180,7,30.0,210.0,20,-0.007142857142857143,-0.02142857142857143,0.0,0,1,19,descriptive direction-wise interval; no multiplicity adjustment
hann_ifft_minus_frequency,frequency,hann_ifft,exact_antipodal_180,8,30.0,240.0,20,0.0,0.0,0.0,0,0,20,descriptive direction-wise interval; no multiplicity adjustment
hann_ifft_minus_frequency,frequency,hann_ifft,exact_antipodal_180,9,30.0,270.0,20,0.02142857142857143,-0.02142857142857143,0.08571428571428572,1,1,18,descriptive direction-wise interval; no multiplicity adjustment
hann_ifft_minus_frequency,frequency,hann_ifft,exact_antipodal_180,10,30.0,300.0,20,0.0,0.0,0.0,0,0,20,descriptive direction-wise interval; no multiplicity adjustment
hann_ifft_minus_frequency,frequency,hann_ifft,exact_antipodal_180,11,30.0,330.0,20,0.0,0.0,0.0,0,0,20,descriptive direction-wise interval; no multiplicity adjustment
hann_ifft_minus_frequency,frequency,hann_ifft,exact_antipodal_180,12,60.0,0.0,20,-0.014285714285714285,-0.12857142857142856,0.08571428571428572,1,1,18,descriptive direction-wise interval; no multiplicity adjustment
hann_ifft_minus_frequency,frequency,hann_ifft,exact_antipodal_180,13,60.0,30.0,20,0.007142857142857143,0.0,0.02142857142857143,1,0,19,descriptive direction-wise interval; no multiplicity adjustment
hann_ifft_minus_frequency,frequency,hann_ifft,exact_antipodal_180,14,60.0,60.0,20,0.02142857142857143,0.0,0.06428571428571428,1,0,19,descriptive direction-wise interval; no multiplicity adjustment
hann_ifft_minus_frequency,frequency,hann_ifft,exact_antipodal_180,15,60.0,90.0,20,0.05,-0.0071428571428571504,0.14285714285714285,3,1,16,descriptive direction-wise interval; no multiplicity adjustment
hann_ifft_minus_frequency,frequency,hann_ifft,exact_antipodal_180,16,60.0,120.0,20,0.007142857142857143,0.0,0.02142857142857143,1,0,19,descriptive direction-wise interval; no multiplicity adjustment
hann_ifft_minus_frequency,frequency,hann_ifft,exact_antipodal_180,17,60.0,150.0,20,0.03571428571428571,-0.05714285714285714,0.12857142857142856,4,1,15,descriptive direction-wise interval; no multiplicity adjustment
hann_ifft_minus_frequency,frequency,hann_ifft,exact_antipodal_180,18,60.0,180.0,20,-0.007142857142857143,-0.02142857142857143,0.0,0,1,19,descriptive direction-wise interval; no multiplicity adjustment
hann_ifft_minus_frequency,frequency,hann_ifft,exact_antipodal_180,19,60.0,210.0,20,0.021428571428571425,-0.02142857142857143,0.06428571428571428,4,1,15,descriptive direction-wise interval; no multiplicity adjustment
hann_ifft_minus_frequency,frequency,hann_ifft,exact_antipodal_180,20,60.0,240.0,20,0.007142857142857143,0.0,0.02142857142857143,1,0,19,descriptive direction-wise interval; no multiplicity adjustment
hann_ifft_minus_frequency,frequency,hann_ifft,exact_antipodal_180,21,60.0,270.0,20,0.02857142857142857,-0.08571428571428569,0.14999999999999997,4,1,15,descriptive direction-wise interval; no multiplicity adjustment
hann_ifft_minus_frequency,frequency,hann_ifft,exact_antipodal_180,22,60.0,300.0,20,0.02142857142857143,0.0,0.06428571428571428,1,0,19,descriptive direction-wise interval; no multiplicity adjustment
hann_ifft_minus_frequency,frequency,hann_ifft,exact_antipodal_180,23,60.0,330.0,20,0.014285714285714282,-0.049999999999999996,0.07142857142857142,3,1,16,descriptive direction-wise interval; no multiplicity adjustment
hann_ifft_minus_frequency,frequency,hann_ifft,exact_antipodal_180,24,90.0,0.0,20,0.05714285714285714,-0.05714285714285714,0.17142857142857143,9,6,5,descriptive direction-wise interval; no multiplicity adjustment
hann_ifft_minus_frequency,frequency,hann_ifft,exact_antipodal_180,25,90.0,30.0,20,0.014285714285714301,-0.14285714285714282,0.17142857142857143,6,5,9,descriptive direction-wise interval; no multiplicity adjustment
hann_ifft_minus_frequency,frequency,hann_ifft,exact_antipodal_180,26,90.0,60.0,20,-0.05,-0.19285714285714287,0.0857142857142857,8,7,5,descriptive direction-wise interval; no multiplicity adjustment
hann_ifft_minus_frequency,frequency,hann_ifft,exact_antipodal_180,27,90.0,90.0,20,-0.09285714285714286,-0.25,0.07142857142857142,6,12,2,descriptive direction-wise interval; no multiplicity adjustment
hann_ifft_minus_frequency,frequency,hann_ifft,exact_antipodal_180,28,90.0,120.0,20,0.06428571428571428,-0.09285714285714285,0.22857142857142856,9,6,5,descriptive direction-wise interval; no multiplicity adjustment
hann_ifft_minus_frequency,frequency,hann_ifft,exact_antipodal_180,29,90.0,150.0,20,0.04285714285714285,-0.09285714285714285,0.17857142857142858,8,5,7,descriptive direction-wise interval; no multiplicity adjustment
hann_ifft_minus_frequency,frequency,hann_ifft,exact_antipodal_180,30,90.0,180.0,20,-0.1571428571428571,-0.26428571428571435,-0.05714285714285714,3,13,4,descriptive direction-wise interval; no multiplicity adjustment
hann_ifft_minus_frequency,frequency,hann_ifft,exact_antipodal_180,31,90.0,210.0,20,0.0,-0.07857142857142857,0.08571428571428572,4,7,9,descriptive direction-wise interval; no multiplicity adjustment
hann_ifft_minus_frequency,frequency,hann_ifft,exact_antipodal_180,32,90.0,240.0,20,0.04285714285714286,-0.04285714285714286,0.13571428571428573,7,5,8,descriptive direction-wise interval; no multiplicity adjustment
hann_ifft_minus_frequency,frequency,hann_ifft,exact_antipodal_180,33,90.0,270.0,20,0.12857142857142856,0.0,0.2571428571428571,11,2,7,descriptive direction-wise interval; no multiplicity adjustment
hann_ifft_minus_frequency,frequency,hann_ifft,exact_antipodal_180,34,90.0,300.0,20,0.11428571428571425,0.007142857142857143,0.22857142857142856,9,3,8,descriptive direction-wise interval; no multiplicity adjustment
hann_ifft_minus_frequency,frequency,hann_ifft,exact_antipodal_180,35,90.0,330.0,20,-0.06428571428571431,-0.20714285714285713,0.07857142857142857,5,10,5,descriptive direction-wise interval; no multiplicity adjustment
hann_ifft_minus_frequency,frequency,hann_ifft,exact_antipodal_180,36,120.0,0.0,20,-0.007142857142857143,-0.02142857142857143,0.0,0,1,19,descriptive direction-wise interval; no multiplicity adjustment
hann_ifft_minus_frequency,frequency,hann_ifft,exact_antipodal_180,37,120.0,30.0,20,0.0,0.0,0.0,0,0,20,descriptive direction-wise interval; no multiplicity adjustment
hann_ifft_minus_frequency,frequency,hann_ifft,exact_antipodal_180,38,120.0,60.0,20,0.007142857142857143,0.0,0.02142857142857143,1,0,19,descriptive direction-wise interval; no multiplicity adjustment
hann_ifft_minus_frequency,frequency,hann_ifft,exact_antipodal_180,39,120.0,90.0,20,0.014285714285714287,-0.07857142857142857,0.11428571428571428,3,2,15,descriptive direction-wise interval; no multiplicity adjustment
hann_ifft_minus_frequency,frequency,hann_ifft,exact_antipodal_180,40,120.0,120.0,20,0.0,0.0,0.0,0,0,20,descriptive direction-wise interval; no multiplicity adjustment
hann_ifft_minus_frequency,frequency,hann_ifft,exact_antipodal_180,41,120.0,150.0,20,0.00714285714285714,-0.05000000000000001,0.05714285714285714,3,1,16,descriptive direction-wise interval; no multiplicity adjustment
hann_ifft_minus_frequency,frequency,hann_ifft,exact_antipodal_180,42,120.0,180.0,20,-0.014285714285714285,-0.03571428571428571,0.0,0,2,18,descriptive direction-wise interval; no multiplicity adjustment
hann_ifft_minus_frequency,frequency,hann_ifft,exact_antipodal_180,43,120.0,210.0,20,-0.007142857142857143,-0.05714285714285714,0.02857142857142857,2,1,17,descriptive direction-wise interval; no multiplicity adjustment
hann_ifft_minus_frequency,frequency,hann_ifft,exact_antipodal_180,44,120.0,240.0,20,-0.007142857142857143,-0.02142857142857143,0.0,0,1,19,descriptive direction-wise interval; no multiplicity adjustment
hann_ifft_minus_frequency,frequency,hann_ifft,exact_antipodal_180,45,120.0,270.0,20,0.049999999999999996,0.0,0.12142857142857141,3,0,17,descriptive direction-wise interval; no multiplicity adjustment
hann_ifft_minus_frequency,frequency,hann_ifft,exact_antipodal_180,46,120.0,300.0,20,0.05,0.0,0.15,1,0,19,descriptive direction-wise interval; no multiplicity adjustment
hann_ifft_minus_frequency,frequency,hann_ifft,exact_antipodal_180,47,120.0,330.0,20,-0.02857142857142857,-0.06428571428571428,0.0,0,3,17,descriptive direction-wise interval; no multiplicity adjustment
hann_ifft_minus_frequency,frequency,hann_ifft,exact_antipodal_180,48,150.0,0.0,20,0.02857142857142857,0.0,0.08571428571428572,1,0,19,descriptive direction-wise interval; no multiplicity adjustment
hann_ifft_minus_frequency,frequency,hann_ifft,exact_antipodal_180,49,150.0,30.0,20,-0.007142857142857143,-0.02142857142857143,0.0,0,1,19,descriptive direction-wise interval; no multiplicity adjustment
hann_ifft_minus_frequency,frequency,hann_ifft,exact_antipodal_180,50,150.0,60.0,20,0.0,0.0,0.0,0,0,20,descriptive direction-wise interval; no multiplicity adjustment
hann_ifft_minus_frequency,frequency,hann_ifft,exact_antipodal_180,51,150.0,90.0,20,-0.014285714285714285,-0.03571428571428571,0.0,0,2,18,descriptive direction-wise interval; no multiplicity adjustment
hann_ifft_minus_frequency,frequency,hann_ifft,exact_antipodal_180,52,150.0,120.0,20,0.0,0.0,0.0,0,0,20,descriptive direction-wise interval; no multiplicity adjustment
hann_ifft_minus_frequency,frequency,hann_ifft,exact_antipodal_180,53,150.0,150.0,20,0.007142857142857143,0.0,0.02142857142857143,1,0,19,descriptive direction-wise interval; no multiplicity adjustment
hann_ifft_minus_frequency,frequency,hann_ifft,exact_antipodal_180,54,150.0,180.0,20,0.0,0.0,0.0,0,0,20,descriptive direction-wise interval; no multiplicity adjustment
hann_ifft_minus_frequency,frequency,hann_ifft,exact_antipodal_180,55,150.0,210.0,20,0.0,0.0,0.0,0,0,20,descriptive direction-wise interval; no multiplicity adjustment
hann_ifft_minus_frequency,frequency,hann_ifft,exact_antipodal_180,56,150.0,240.0,20,-0.02142857142857143,-0.05714285714285714,0.0,0,2,18,descriptive direction-wise interval; no multiplicity adjustment
hann_ifft_minus_frequency,frequency,hann_ifft,exact_antipodal_180,57,150.0,270.0,20,0.021428571428571425,-0.1,0.15714285714285714,2,1,17,descriptive direction-wise interval; no multiplicity adjustment
hann_ifft_minus_frequency,frequency,hann_ifft,exact_antipodal_180,58,150.0,300.0,20,0.0,0.0,0.0,0,0,20,descriptive direction-wise interval; no multiplicity adjustment
hann_ifft_minus_frequency,frequency,hann_ifft,exact_antipodal_180,59,150.0,330.0,20,0.0,0.0,0.0,0,0,20,descriptive direction-wise interval; no multiplicity adjustment
strong_1nn_minus_frequency,frequency,strong_1nn,gce_deg,0,30.0,0.0,20,-8.531201926981804,-17.38549030861059,-1.1374227649836002,1,7,12,descriptive direction-wise interval; no multiplicity adjustment
strong_1nn_minus_frequency,frequency,strong_1nn,gce_deg,1,30.0,30.0,20,-6.69035690349435,-20.26029932158334,7.935610607118837,1,8,11,descriptive direction-wise interval; no multiplicity adjustment
strong_1nn_minus_frequency,frequency,strong_1nn,gce_deg,2,30.0,60.0,20,-7.931563894411241,-22.84218425001732,4.47735622397869,2,5,13,descriptive direction-wise interval; no multiplicity adjustment
strong_1nn_minus_frequency,frequency,strong_1nn,gce_deg,3,30.0,90.0,20,-17.309104987553187,-37.283015594839554,-4.454731040813622,1,9,10,descriptive direction-wise interval; no multiplicity adjustment
strong_1nn_minus_frequency,frequency,strong_1nn,gce_deg,4,30.0,120.0,20,-11.170348579698143,-29.55333652615179,2.7875579697745185,1,8,11,descriptive direction-wise interval; no multiplicity adjustment
strong_1nn_minus_frequency,frequency,strong_1nn,gce_deg,5,30.0,150.0,20,-10.538843771050532,-26.314031930405587,4.600466749324373,1,8,11,descriptive direction-wise interval; no multiplicity adjustment
strong_1nn_minus_frequency,frequency,strong_1nn,gce_deg,6,30.0,180.0,20,4.6391942967698325,-5.034792757374902,17.987168281762838,3,5,12,descriptive direction-wise interval; no multiplicity adjustment
strong_1nn_minus_frequency,frequency,strong_1nn,gce_deg,7,30.0,210.0,20,-2.3274966233148744,-12.945252802712576,7.904774969222339,4,5,11,descriptive direction-wise interval; no multiplicity adjustment
strong_1nn_minus_frequency,frequency,strong_1nn,gce_deg,8,30.0,240.0,20,0.9802668356088133,-23.39762110848243,23.56386195303208,5,4,11,descriptive direction-wise interval; no multiplicity adjustment
strong_1nn_minus_frequency,frequency,strong_1nn,gce_deg,9,30.0,270.0,20,2.2252946394930126,-9.304205936258208,16.31278805630658,2,5,13,descriptive direction-wise interval; no multiplicity adjustment
strong_1nn_minus_frequency,frequency,strong_1nn,gce_deg,10,30.0,300.0,20,-10.64411242655503,-28.57940183707646,11.394165286502217,1,7,12,descriptive direction-wise interval; no multiplicity adjustment
strong_1nn_minus_frequency,frequency,strong_1nn,gce_deg,11,30.0,330.0,20,-19.691488124720635,-41.15520292690822,-1.1692596743636656,1,5,14,descriptive direction-wise interval; no multiplicity adjustment
strong_1nn_minus_frequency,frequency,strong_1nn,gce_deg,12,60.0,0.0,20,-2.3422001702444923,-19.742898532322478,16.987443658624393,3,8,9,descriptive direction-wise interval; no multiplicity adjustment
strong_1nn_minus_frequency,frequency,strong_1nn,gce_deg,13,60.0,30.0,20,2.1233522094892336,-16.290063830344042,21.74398903816473,4,9,7,descriptive direction-wise interval; no multiplicity adjustment
strong_1nn_minus_frequency,frequency,strong_1nn,gce_deg,14,60.0,60.0,20,6.515052447689899,-8.453713372963717,25.620338031702563,4,6,10,descriptive direction-wise interval; no multiplicity adjustment
strong_1nn_minus_frequency,frequency,strong_1nn,gce_deg,15,60.0,90.0,20,-21.759070859636577,-43.101376574380055,-4.477958488464354,1,7,12,descriptive direction-wise interval; no multiplicity adjustment
strong_1nn_minus_frequency,frequency,strong_1nn,gce_deg,16,60.0,120.0,20,-7.612529081120519,-25.859830999620815,9.23459209621008,3,8,9,descriptive direction-wise interval; no multiplicity adjustment
strong_1nn_minus_frequency,frequency,strong_1nn,gce_deg,17,60.0,150.0,20,-4.537907584464665,-26.72484032774656,13.299875171658957,5,5,10,descriptive direction-wise interval; no multiplicity adjustment
strong_1nn_minus_frequency,frequency,strong_1nn,gce_deg,18,60.0,180.0,20,6.215247534913295,-9.214286712237769,23.954876833872753,4,5,11,descriptive direction-wise interval; no multiplicity adjustment
strong_1nn_minus_frequency,frequency,strong_1nn,gce_deg,19,60.0,210.0,20,-1.8307371389152152,-19.37418006780601,14.439266299741181,6,5,9,descriptive direction-wise interval; no multiplicity adjustment
strong_1nn_minus_frequency,frequency,strong_1nn,gce_deg,20,60.0,240.0,20,-6.033965320479306,-30.620587785354633,19.47169352783667,5,8,7,descriptive direction-wise interval; no multiplicity adjustment
strong_1nn_minus_frequency,frequency,strong_1nn,gce_deg,21,60.0,270.0,20,-3.6881589948743128,-31.819471630676443,21.84880439983568,4,7,9,descriptive direction-wise interval; no multiplicity adjustment
strong_1nn_minus_frequency,frequency,strong_1nn,gce_deg,22,60.0,300.0,20,-10.488155302212355,-29.661650040875394,5.263088639483794,3,5,12,descriptive direction-wise interval; no multiplicity adjustment
strong_1nn_minus_frequency,frequency,strong_1nn,gce_deg,23,60.0,330.0,20,-10.670575923249151,-31.25774638829691,8.448709563130398,3,7,10,descriptive direction-wise interval; no multiplicity adjustment
strong_1nn_minus_frequency,frequency,strong_1nn,gce_deg,24,90.0,0.0,20,-32.064129235875974,-63.21749259299942,2.4048630117054985,4,15,1,descriptive direction-wise interval; no multiplicity adjustment
strong_1nn_minus_frequency,frequency,strong_1nn,gce_deg,25,90.0,30.0,20,-25.09805345357221,-51.685029296875,2.7774058467461957,5,13,2,descriptive direction-wise interval; no multiplicity adjustment
strong_1nn_minus_frequency,frequency,strong_1nn,gce_deg,26,90.0,60.0,20,-34.10163649681575,-56.14915540939546,-11.447692653956501,3,16,1,descriptive direction-wise interval; no multiplicity adjustment
strong_1nn_minus_frequency,frequency,strong_1nn,gce_deg,27,90.0,90.0,20,-53.35714300700596,-89.99999999999999,-16.071428871154787,4,15,1,descriptive direction-wise interval; no multiplicity adjustment
strong_1nn_minus_frequency,frequency,strong_1nn,gce_deg,28,90.0,120.0,20,-29.87005655574859,-58.30687306363615,-0.8571444354738496,7,12,1,descriptive direction-wise interval; no multiplicity adjustment
strong_1nn_minus_frequency,frequency,strong_1nn,gce_deg,29,90.0,150.0,20,-23.796049739429534,-54.65676486975585,7.562582848957032,7,12,1,descriptive direction-wise interval; no multiplicity adjustment
strong_1nn_minus_frequency,frequency,strong_1nn,gce_deg,30,90.0,180.0,20,-14.038308015078787,-50.38815078803472,21.217273596145816,9,11,0,descriptive direction-wise interval; no multiplicity adjustment
strong_1nn_minus_frequency,frequency,strong_1nn,gce_deg,31,90.0,210.0,20,-14.052239644323683,-39.0091228274621,13.355774858201674,4,13,3,descriptive direction-wise interval; no multiplicity adjustment
strong_1nn_minus_frequency,frequency,strong_1nn,gce_deg,32,90.0,240.0,20,2.390189665454081,-18.784768760412092,23.939306163504114,8,9,3,descriptive direction-wise interval; no multiplicity adjustment
strong_1nn_minus_frequency,frequency,strong_1nn,gce_deg,33,90.0,270.0,20,-24.21428574153356,-51.00000005449568,3.857142857142854,4,9,7,descriptive direction-wise interval; no multiplicity adjustment
strong_1nn_minus_frequency,frequency,strong_1nn,gce_deg,34,90.0,300.0,20,-23.019992801121308,-47.03495594078592,3.983808870925817,4,14,2,descriptive direction-wise interval; no multiplicity adjustment
strong_1nn_minus_frequency,frequency,strong_1nn,gce_deg,35,90.0,330.0,20,-55.92303593677377,-83.99723234674383,-26.340989145617257,3,17,0,descriptive direction-wise interval; no multiplicity adjustment
strong_1nn_minus_frequency,frequency,strong_1nn,gce_deg,36,120.0,0.0,20,-13.743534687587191,-29.844214167935508,-0.8571412338529283,2,6,12,descriptive direction-wise interval; no multiplicity adjustment
strong_1nn_minus_frequency,frequency,strong_1nn,gce_deg,37,120.0,30.0,20,11.966327267363644,-4.019756862095417,30.358771867620092,5,6,9,descriptive direction-wise interval; no multiplicity adjustment
strong_1nn_minus_frequency,frequency,strong_1nn,gce_deg,38,120.0,60.0,20,15.398383512012666,0.23943425119314163,33.87499805444801,5,4,11,descriptive direction-wise interval; no multiplicity adjustment
strong_1nn_minus_frequency,frequency,strong_1nn,gce_deg,39,120.0,90.0,20,-27.636226839474876,-52.81020165177533,-6.684350851946027,1,7,12,descriptive direction-wise interval; no multiplicity adjustment
strong_1nn_minus_frequency,frequency,strong_1nn,gce_deg,40,120.0,120.0,20,-6.214720983116058,-26.150738569086364,10.345376587040242,5,5,10,descriptive direction-wise interval; no multiplicity adjustment
strong_1nn_minus_frequency,frequency,strong_1nn,gce_deg,41,120.0,150.0,20,-7.7711084259590235,-28.85959621544401,10.092007624356896,2,9,9,descriptive direction-wise interval; no multiplicity adjustment
strong_1nn_minus_frequency,frequency,strong_1nn,gce_deg,42,120.0,180.0,20,-2.720204844585865,-19.223696616036555,15.565074789931595,3,9,8,descriptive direction-wise interval; no multiplicity adjustment
strong_1nn_minus_frequency,frequency,strong_1nn,gce_deg,43,120.0,210.0,20,-3.327596164589077,-26.54578423568746,19.392320090189127,7,8,5,descriptive direction-wise interval; no multiplicity adjustment
strong_1nn_minus_frequency,frequency,strong_1nn,gce_deg,44,120.0,240.0,20,-3.4440366064089063,-16.774095525604682,11.865841708332146,3,10,7,descriptive direction-wise interval; no multiplicity adjustment
strong_1nn_minus_frequency,frequency,strong_1nn,gce_deg,45,120.0,270.0,20,-18.785247954987007,-41.90316072264081,0.6245778614829711,2,9,9,descriptive direction-wise interval; no multiplicity adjustment
strong_1nn_minus_frequency,frequency,strong_1nn,gce_deg,46,120.0,300.0,20,-11.733901068297646,-28.1493321961534,1.3822882250234696,2,7,11,descriptive direction-wise interval; no multiplicity adjustment
strong_1nn_minus_frequency,frequency,strong_1nn,gce_deg,47,120.0,330.0,20,-19.00269793932839,-36.23330426072793,-2.949827474595924,1,9,10,descriptive direction-wise interval; no multiplicity adjustment
strong_1nn_minus_frequency,frequency,strong_1nn,gce_deg,48,150.0,0.0,20,-12.244260977678039,-23.99999962023326,-2.417093570915795,2,11,7,descriptive direction-wise interval; no multiplicity adjustment
strong_1nn_minus_frequency,frequency,strong_1nn,gce_deg,49,150.0,30.0,20,-6.459886240620145,-21.141756977353776,9.085439992968057,1,6,13,descriptive direction-wise interval; no multiplicity adjustment
strong_1nn_minus_frequency,frequency,strong_1nn,gce_deg,50,150.0,60.0,20,5.871359712733325,-16.633533571794544,29.11139741080006,4,2,14,descriptive direction-wise interval; no multiplicity adjustment
strong_1nn_minus_frequency,frequency,strong_1nn,gce_deg,51,150.0,90.0,20,-7.2527636468798375,-24.178566375878123,7.5160127094813785,3,4,13,descriptive direction-wise interval; no multiplicity adjustment
strong_1nn_minus_frequency,frequency,strong_1nn,gce_deg,52,150.0,120.0,20,-3.4271748318782556,-23.060207722945822,11.614362240021503,3,5,12,descriptive direction-wise interval; no multiplicity adjustment
strong_1nn_minus_frequency,frequency,strong_1nn,gce_deg,53,150.0,150.0,20,-5.302213190021654,-24.159286557650805,15.39907478997884,2,6,12,descriptive direction-wise interval; no multiplicity adjustment
strong_1nn_minus_frequency,frequency,strong_1nn,gce_deg,54,150.0,180.0,20,-2.095344379970004,-15.286037635803217,15.000001417909347,3,7,10,descriptive direction-wise interval; no multiplicity adjustment
strong_1nn_minus_frequency,frequency,strong_1nn,gce_deg,55,150.0,210.0,20,1.5649852078270061,-7.28391025571773,12.133388152797394,2,5,13,descriptive direction-wise interval; no multiplicity adjustment
strong_1nn_minus_frequency,frequency,strong_1nn,gce_deg,56,150.0,240.0,20,16.254026246099563,-8.196964818198154,41.44710924649494,6,4,10,descriptive direction-wise interval; no multiplicity adjustment
strong_1nn_minus_frequency,frequency,strong_1nn,gce_deg,57,150.0,270.0,20,3.01746104864601,-10.854073698947674,20.00790213255409,2,4,14,descriptive direction-wise interval; no multiplicity adjustment
strong_1nn_minus_frequency,frequency,strong_1nn,gce_deg,58,150.0,300.0,20,-12.84418940169628,-32.35064855303083,7.2394749617529355,1,5,14,descriptive direction-wise interval; no multiplicity adjustment
strong_1nn_minus_frequency,frequency,strong_1nn,gce_deg,59,150.0,330.0,20,-6.368984508330543,-19.901195815292297,4.104007325661337,2,6,12,descriptive direction-wise interval; no multiplicity adjustment
strong_1nn_minus_frequency,frequency,strong_1nn,top1,0,30.0,0.0,20,0.01428571428571429,-0.05,0.10714285714285714,2,3,15,descriptive direction-wise interval; no multiplicity adjustment
strong_1nn_minus_frequency,frequency,strong_1nn,top1,1,30.0,30.0,20,0.11428571428571428,-0.0357142857142857,0.27142857142857146,6,1,13,descriptive direction-wise interval; no multiplicity adjustment
strong_1nn_minus_frequency,frequency,strong_1nn,top1,2,30.0,60.0,20,0.014285714285714285,-0.09285714285714286,0.12857142857142856,2,2,16,descriptive direction-wise interval; no multiplicity adjustment
strong_1nn_minus_frequency,frequency,strong_1nn,top1,3,30.0,90.0,20,0.05000000000000001,-0.028571428571428564,0.1642857142857143,4,3,13,descriptive direction-wise interval; no multiplicity adjustment
strong_1nn_minus_frequency,frequency,strong_1nn,top1,4,30.0,120.0,20,0.09285714285714286,-0.05714285714285714,0.25,4,1,15,descriptive direction-wise interval; no multiplicity adjustment
strong_1nn_minus_frequency,frequency,strong_1nn,top1,5,30.0,150.0,20,0.10714285714285714,0.01428571428571429,0.2357142857142857,6,1,13,descriptive direction-wise interval; no multiplicity adjustment
strong_1nn_minus_frequency,frequency,strong_1nn,top1,6,30.0,180.0,20,-0.01428571428571428,-0.13571428571428573,0.07142857142857144,3,1,16,descriptive direction-wise interval; no multiplicity adjustment
strong_1nn_minus_frequency,frequency,strong_1nn,top1,7,30.0,210.0,20,0.05,-0.04999999999999999,0.15,4,1,15,descriptive direction-wise interval; no multiplicity adjustment
strong_1nn_minus_frequency,frequency,strong_1nn,top1,8,30.0,240.0,20,0.02857142857142858,-0.15,0.21428571428571427,3,3,14,descriptive direction-wise interval; no multiplicity adjustment
strong_1nn_minus_frequency,frequency,strong_1nn,top1,9,30.0,270.0,20,-0.049999999999999996,-0.2,0.10714285714285714,1,3,16,descriptive direction-wise interval; no multiplicity adjustment
strong_1nn_minus_frequency,frequency,strong_1nn,top1,10,30.0,300.0,20,0.21428571428571433,0.0,0.42142857142857143,7,1,12,descriptive direction-wise interval; no multiplicity adjustment
strong_1nn_minus_frequency,frequency,strong_1nn,top1,11,30.0,330.0,20,0.16428571428571428,0.0071428571428571504,0.35,4,2,14,descriptive direction-wise interval; no multiplicity adjustment
strong_1nn_minus_frequency,frequency,strong_1nn,top1,12,60.0,0.0,20,0.02142857142857144,-0.1642857142857143,0.21428571428571427,5,3,12,descriptive direction-wise interval; no multiplicity adjustment
strong_1nn_minus_frequency,frequency,strong_1nn,top1,13,60.0,30.0,20,0.028571428571428564,-0.18571428571428567,0.22857142857142856,9,4,7,descriptive direction-wise interval; no multiplicity adjustment
strong_1nn_minus_frequency,frequency,strong_1nn,top1,14,60.0,60.0,20,0.04285714285714286,-0.10714285714285716,0.1857142857142857,5,2,13,descriptive direction-wise interval; no multiplicity adjustment
strong_1nn_minus_frequency,frequency,strong_1nn,top1,15,60.0,90.0,20,0.17857142857142858,0.04285714285714286,0.35,6,0,14,descriptive direction-wise interval; no multiplicity adjustment
strong_1nn_minus_frequency,frequency,strong_1nn,top1,16,60.0,120.0,20,0.12142857142857144,-0.01428571428571428,0.27142857142857146,6,1,13,descriptive direction-wise interval; no multiplicity adjustment
strong_1nn_minus_frequency,frequency,strong_1nn,top1,17,60.0,150.0,20,0.03571428571428572,-0.13571428571428568,0.20714285714285716,5,3,12,descriptive direction-wise interval; no multiplicity adjustment
strong_1nn_minus_frequency,frequency,strong_1nn,top1,18,60.0,180.0,20,0.07142857142857142,-0.07142857142857144,0.2357142857142857,4,3,13,descriptive direction-wise interval; no multiplicity adjustment
strong_1nn_minus_frequency,frequency,strong_1nn,top1,19,60.0,210.0,20,0.07142857142857144,-0.04285714285714286,0.21428571428571427,4,4,12,descriptive direction-wise interval; no multiplicity adjustment
strong_1nn_minus_frequency,frequency,strong_1nn,top1,20,60.0,240.0,20,0.14285714285714285,-0.05714285714285714,0.34285714285714286,8,3,9,descriptive direction-wise interval; no multiplicity adjustment
strong_1nn_minus_frequency,frequency,strong_1nn,top1,21,60.0,270.0,20,0.12857142857142856,-0.028571428571428574,0.3,7,2,11,descriptive direction-wise interval; no multiplicity adjustment
strong_1nn_minus_frequency,frequency,strong_1nn,top1,22,60.0,300.0,20,0.12142857142857141,0.014285714285714285,0.2571428571428572,4,1,15,descriptive direction-wise interval; no multiplicity adjustment
strong_1nn_minus_frequency,frequency,strong_1nn,top1,23,60.0,330.0,20,0.13571428571428573,-0.06428571428571431,0.34285714285714286,7,3,10,descriptive direction-wise interval; no multiplicity adjustment
strong_1nn_minus_frequency,frequency,strong_1nn,top1,24,90.0,0.0,20,-0.021428571428571415,-0.20714285714285713,0.1714285714285714,8,9,3,descriptive direction-wise interval; no multiplicity adjustment
strong_1nn_minus_frequency,frequency,strong_1nn,top1,25,90.0,30.0,20,-0.09285714285714286,-0.30000000000000004,0.12142857142857144,5,9,6,descriptive direction-wise interval; no multiplicity adjustment
strong_1nn_minus_frequency,frequency,strong_1nn,top1,26,90.0,60.0,20,0.0857142857142857,-0.07857142857142856,0.24999999999999994,7,4,9,descriptive direction-wise interval; no multiplicity adjustment
strong_1nn_minus_frequency,frequency,strong_1nn,top1,27,90.0,90.0,20,0.21428571428571433,-0.014285714285714249,0.43571428571428567,12,5,3,descriptive direction-wise interval; no multiplicity adjustment
strong_1nn_minus_frequency,frequency,strong_1nn,top1,28,90.0,120.0,20,0.01428571428571429,-0.23571428571428568,0.26428571428571435,7,6,7,descriptive direction-wise interval; no multiplicity adjustment
strong_1nn_minus_frequency,frequency,strong_1nn,top1,29,90.0,150.0,20,0.10000000000000002,-0.049999999999999996,0.2642857142857143,7,6,7,descriptive direction-wise interval; no multiplicity adjustment
strong_1nn_minus_frequency,frequency,strong_1nn,top1,30,90.0,180.0,20,-0.21428571428571427,-0.4071428571428572,0.007142857142857187,4,14,2,descriptive direction-wise interval; no multiplicity adjustment
strong_1nn_minus_frequency,frequency,strong_1nn,top1,31,90.0,210.0,20,-0.15714285714285714,-0.3714285714285714,0.07857142857142858,4,11,5,descriptive direction-wise interval; no multiplicity adjustment
strong_1nn_minus_frequency,frequency,strong_1nn,top1,32,90.0,240.0,20,-0.09285714285714285,-0.2642857142857143,0.07142857142857144,5,6,9,descriptive direction-wise interval; no multiplicity adjustment
strong_1nn_minus_frequency,frequency,strong_1nn,top1,33,90.0,270.0,20,-0.1,-0.3071428571428571,0.09999999999999998,5,6,9,descriptive direction-wise interval; no multiplicity adjustment
strong_1nn_minus_frequency,frequency,strong_1nn,top1,34,90.0,300.0,20,0.007142857142857162,-0.23571428571428568,0.25000000000000006,7,8,5,descriptive direction-wise interval; no multiplicity adjustment
strong_1nn_minus_frequency,frequency,strong_1nn,top1,35,90.0,330.0,20,0.07857142857142858,-0.13571428571428573,0.30714285714285716,6,8,6,descriptive direction-wise interval; no multiplicity adjustment
strong_1nn_minus_frequency,frequency,strong_1nn,top1,36,120.0,0.0,20,0.07857142857142856,-0.09285714285714286,0.25,4,1,15,descriptive direction-wise interval; no multiplicity adjustment
strong_1nn_minus_frequency,frequency,strong_1nn,top1,37,120.0,30.0,20,-0.04285714285714285,-0.21428571428571427,0.10714285714285716,6,4,10,descriptive direction-wise interval; no multiplicity adjustment
strong_1nn_minus_frequency,frequency,strong_1nn,top1,38,120.0,60.0,20,-0.021428571428571425,-0.14285714285714285,0.05714285714285716,4,2,14,descriptive direction-wise interval; no multiplicity adjustment
strong_1nn_minus_frequency,frequency,strong_1nn,top1,39,120.0,90.0,20,0.19285714285714287,0.04285714285714286,0.37142857142857144,5,1,14,descriptive direction-wise interval; no multiplicity adjustment
strong_1nn_minus_frequency,frequency,strong_1nn,top1,40,120.0,120.0,20,0.07857142857142858,-0.04285714285714285,0.22857142857142856,3,2,15,descriptive direction-wise interval; no multiplicity adjustment
strong_1nn_minus_frequency,frequency,strong_1nn,top1,41,120.0,150.0,20,0.08571428571428572,-0.10714285714285714,0.27142857142857146,7,2,11,descriptive direction-wise interval; no multiplicity adjustment
strong_1nn_minus_frequency,frequency,strong_1nn,top1,42,120.0,180.0,20,0.15714285714285714,-0.021428571428571443,0.33571428571428574,9,1,10,descriptive direction-wise interval; no multiplicity adjustment
strong_1nn_minus_frequency,frequency,strong_1nn,top1,43,120.0,210.0,20,0.07142857142857142,-0.12857142857142856,0.2785714285714286,7,7,6,descriptive direction-wise interval; no multiplicity adjustment
strong_1nn_minus_frequency,frequency,strong_1nn,top1,44,120.0,240.0,20,0.18571428571428572,0.021428571428571443,0.35,8,1,11,descriptive direction-wise interval; no multiplicity adjustment
strong_1nn_minus_frequency,frequency,strong_1nn,top1,45,120.0,270.0,20,0.17142857142857143,0.02857142857142858,0.33571428571428574,7,1,12,descriptive direction-wise interval; no multiplicity adjustment
strong_1nn_minus_frequency,frequency,strong_1nn,top1,46,120.0,300.0,20,0.19285714285714287,0.05714285714285714,0.3642857142857143,6,0,14,descriptive direction-wise interval; no multiplicity adjustment
strong_1nn_minus_frequency,frequency,strong_1nn,top1,47,120.0,330.0,20,0.21428571428571433,0.050000000000000024,0.3857142857142858,9,1,10,descriptive direction-wise interval; no multiplicity adjustment
strong_1nn_minus_frequency,frequency,strong_1nn,top1,48,150.0,0.0,20,0.10714285714285716,-0.014285714285714268,0.24285714285714288,8,3,9,descriptive direction-wise interval; no multiplicity adjustment
strong_1nn_minus_frequency,frequency,strong_1nn,top1,49,150.0,30.0,20,0.1285714285714286,0.007142857142857145,0.27142857142857146,4,0,16,descriptive direction-wise interval; no multiplicity adjustment
strong_1nn_minus_frequency,frequency,strong_1nn,top1,50,150.0,60.0,20,-0.014285714285714285,-0.14999999999999997,0.1285714285714286,1,2,17,descriptive direction-wise interval; no multiplicity adjustment
strong_1nn_minus_frequency,frequency,strong_1nn,top1,51,150.0,90.0,20,-0.04285714285714286,-0.19285714285714287,0.09285714285714286,1,2,17,descriptive direction-wise interval; no multiplicity adjustment
strong_1nn_minus_frequency,frequency,strong_1nn,top1,52,150.0,120.0,20,-0.02142857142857142,-0.17857142857142855,0.1285714285714286,3,2,15,descriptive direction-wise interval; no multiplicity adjustment
strong_1nn_minus_frequency,frequency,strong_1nn,top1,53,150.0,150.0,20,0.1,-0.07142857142857142,0.2857142857142857,5,2,13,descriptive direction-wise interval; no multiplicity adjustment
strong_1nn_minus_frequency,frequency,strong_1nn,top1,54,150.0,180.0,20,0.06428571428571431,-0.0071428571428571366,0.15714285714285714,5,2,13,descriptive direction-wise interval; no multiplicity adjustment
strong_1nn_minus_frequency,frequency,strong_1nn,top1,55,150.0,210.0,20,0.01428571428571429,-0.03571428571428571,0.07142857142857144,2,1,17,descriptive direction-wise interval; no multiplicity adjustment
strong_1nn_minus_frequency,frequency,strong_1nn,top1,56,150.0,240.0,20,-0.0857142857142857,-0.27142857142857146,0.09285714285714286,3,4,13,descriptive direction-wise interval; no multiplicity adjustment
strong_1nn_minus_frequency,frequency,strong_1nn,top1,57,150.0,270.0,20,0.01428571428571428,-0.13571428571428573,0.16428571428571428,3,2,15,descriptive direction-wise interval; no multiplicity adjustment
strong_1nn_minus_frequency,frequency,strong_1nn,top1,58,150.0,300.0,20,0.1642857142857143,0.0,0.3571428571428572,4,2,14,descriptive direction-wise interval; no multiplicity adjustment
strong_1nn_minus_frequency,frequency,strong_1nn,top1,59,150.0,330.0,20,0.08571428571428572,0.007142857142857145,0.2,4,0,16,descriptive direction-wise interval; no multiplicity adjustment
strong_1nn_minus_frequency,frequency,strong_1nn,tail_gt90,0,30.0,0.0,20,-0.06428571428571428,-0.17142857142857143,0.0,0,2,18,descriptive direction-wise interval; no multiplicity adjustment
strong_1nn_minus_frequency,frequency,strong_1nn,tail_gt90,1,30.0,30.0,20,-0.02142857142857143,-0.14285714285714285,0.09285714285714286,1,3,16,descriptive direction-wise interval; no multiplicity adjustment
strong_1nn_minus_frequency,frequency,strong_1nn,tail_gt90,2,30.0,60.0,20,-0.11428571428571428,-0.24285714285714288,-0.014285714285714285,0,4,16,descriptive direction-wise interval; no multiplicity adjustment
strong_1nn_minus_frequency,frequency,strong_1nn,tail_gt90,3,30.0,90.0,20,-0.1,-0.23571428571428568,0.0,1,6,13,descriptive direction-wise interval; no multiplicity adjustment
strong_1nn_minus_frequency,frequency,strong_1nn,tail_gt90,4,30.0,120.0,20,-0.1,-0.22142857142857145,-0.007142857142857143,0,4,16,descriptive direction-wise interval; no multiplicity adjustment
strong_1nn_minus_frequency,frequency,strong_1nn,tail_gt90,5,30.0,150.0,20,-0.07857142857142857,-0.21428571428571427,0.03571428571428571,1,5,14,descriptive direction-wise interval; no multiplicity adjustment
strong_1nn_minus_frequency,frequency,strong_1nn,tail_gt90,6,30.0,180.0,20,0.04285714285714286,-0.04285714285714286,0.16428571428571428,2,1,17,descriptive direction-wise interval; no multiplicity adjustment
strong_1nn_minus_frequency,frequency,strong_1nn,tail_gt90,7,30.0,210.0,20,-0.028571428571428564,-0.14285714285714285,0.07142857142857142,2,3,15,descriptive direction-wise interval; no multiplicity adjustment
strong_1nn_minus_frequency,frequency,strong_1nn,tail_gt90,8,30.0,240.0,20,-0.02857142857142857,-0.17857142857142855,0.10714285714285716,3,3,14,descriptive direction-wise interval; no multiplicity adjustment
strong_1nn_minus_frequency,frequency,strong_1nn,tail_gt90,9,30.0,270.0,20,0.02857142857142857,-0.04285714285714286,0.14285714285714285,1,3,16,descriptive direction-wise interval; no multiplicity adjustment
strong_1nn_minus_frequency,frequency,strong_1nn,tail_gt90,10,30.0,300.0,20,0.0,-0.09285714285714285,0.1285714285714286,1,4,15,descriptive direction-wise interval; no multiplicity adjustment
strong_1nn_minus_frequency,frequency,strong_1nn,tail_gt90,11,30.0,330.0,20,-0.17857142857142855,-0.3571428571428571,-0.021428571428571425,1,5,14,descriptive direction-wise interval; no multiplicity adjustment
strong_1nn_minus_frequency,frequency,strong_1nn,tail_gt90,12,60.0,0.0,20,-0.014285714285714285,-0.16428571428571428,0.13571428571428573,1,2,17,descriptive direction-wise interval; no multiplicity adjustment
strong_1nn_minus_frequency,frequency,strong_1nn,tail_gt90,13,60.0,30.0,20,0.02857142857142857,-0.05714285714285714,0.13571428571428573,2,2,16,descriptive direction-wise interval; no multiplicity adjustment
strong_1nn_minus_frequency,frequency,strong_1nn,tail_gt90,14,60.0,60.0,20,0.05714285714285715,-0.06428571428571428,0.2214285714285714,2,4,14,descriptive direction-wise interval; no multiplicity adjustment
strong_1nn_minus_frequency,frequency,strong_1nn,tail_gt90,15,60.0,90.0,20,-0.17142857142857143,-0.32857142857142857,-0.04285714285714286,0,5,15,descriptive direction-wise interval; no multiplicity adjustment
strong_1nn_minus_frequency,frequency,strong_1nn,tail_gt90,16,60.0,120.0,20,-0.08571428571428572,-0.24285714285714288,0.0642857142857143,2,5,13,descriptive direction-wise interval; no multiplicity adjustment
strong_1nn_minus_frequency,frequency,strong_1nn,tail_gt90,17,60.0,150.0,20,-0.03571428571428571,-0.15714285714285714,0.05714285714285715,1,2,17,descriptive direction-wise interval; no multiplicity adjustment
strong_1nn_minus_frequency,frequency,strong_1nn,tail_gt90,18,60.0,180.0,20,0.08571428571428572,-0.021428571428571425,0.2285714285714286,3,1,16,descriptive direction-wise interval; no multiplicity adjustment
strong_1nn_minus_frequency,frequency,strong_1nn,tail_gt90,19,60.0,210.0,20,-0.03571428571428571,-0.20714285714285713,0.14285714285714288,2,5,13,descriptive direction-wise interval; no multiplicity adjustment
strong_1nn_minus_frequency,frequency,strong_1nn,tail_gt90,20,60.0,240.0,20,-0.021428571428571422,-0.2214285714285714,0.18571428571428572,4,7,9,descriptive direction-wise interval; no multiplicity adjustment
strong_1nn_minus_frequency,frequency,strong_1nn,tail_gt90,21,60.0,270.0,20,0.05,-0.17142857142857143,0.27142857142857146,4,3,13,descriptive direction-wise interval; no multiplicity adjustment
strong_1nn_minus_frequency,frequency,strong_1nn,tail_gt90,22,60.0,300.0,20,-0.09285714285714285,-0.22857142857142856,0.02857142857142857,1,5,14,descriptive direction-wise interval; no multiplicity adjustment
strong_1nn_minus_frequency,frequency,strong_1nn,tail_gt90,23,60.0,330.0,20,-0.02857142857142857,-0.10714285714285714,0.042857142857142864,1,3,16,descriptive direction-wise interval; no multiplicity adjustment
strong_1nn_minus_frequency,frequency,strong_1nn,tail_gt90,24,90.0,0.0,20,-0.23571428571428568,-0.4357142857142858,-0.014285714285714258,5,14,1,descriptive direction-wise interval; no multiplicity adjustment
strong_1nn_minus_frequency,frequency,strong_1nn,tail_gt90,25,90.0,30.0,20,-0.17142857142857135,-0.3928571428571428,0.057142857142857176,5,12,3,descriptive direction-wise interval; no multiplicity adjustment
strong_1nn_minus_frequency,frequency,strong_1nn,tail_gt90,26,90.0,60.0,20,-0.16428571428571428,-0.3571428571428571,0.042857142857142885,4,11,5,descriptive direction-wise interval; no multiplicity adjustment
strong_1nn_minus_frequency,frequency,strong_1nn,tail_gt90,27,90.0,90.0,20,-0.2928571428571428,-0.5071428571428572,-0.06428571428571425,3,15,2,descriptive direction-wise interval; no multiplicity adjustment
strong_1nn_minus_frequency,frequency,strong_1nn,tail_gt90,28,90.0,120.0,20,-0.3214285714285714,-0.5285714285714286,-0.09999999999999998,2,14,4,descriptive direction-wise interval; no multiplicity adjustment
strong_1nn_minus_frequency,frequency,strong_1nn,tail_gt90,29,90.0,150.0,20,-0.14285714285714288,-0.38571428571428573,0.11428571428571428,6,13,1,descriptive direction-wise interval; no multiplicity adjustment
strong_1nn_minus_frequency,frequency,strong_1nn,tail_gt90,30,90.0,180.0,20,-0.10714285714285714,-0.3571428571428571,0.14285714285714293,8,12,0,descriptive direction-wise interval; no multiplicity adjustment
strong_1nn_minus_frequency,frequency,strong_1nn,tail_gt90,31,90.0,210.0,20,-0.17142857142857143,-0.36428571428571427,0.03571428571428572,3,11,6,descriptive direction-wise interval; no multiplicity adjustment
strong_1nn_minus_frequency,frequency,strong_1nn,tail_gt90,32,90.0,240.0,20,0.03571428571428572,-0.14285714285714285,0.22857142857142856,6,9,5,descriptive direction-wise interval; no multiplicity adjustment
strong_1nn_minus_frequency,frequency,strong_1nn,tail_gt90,33,90.0,270.0,20,-0.18571428571428567,-0.35714285714285715,1.1102230246251566e-17,2,10,8,descriptive direction-wise interval; no multiplicity adjustment
strong_1nn_minus_frequency,frequency,strong_1nn,tail_gt90,34,90.0,300.0,20,-0.09999999999999995,-0.3071428571428571,0.13571428571428573,3,12,5,descriptive direction-wise interval; no multiplicity adjustment
strong_1nn_minus_frequency,frequency,strong_1nn,tail_gt90,35,90.0,330.0,20,-0.37857142857142856,-0.5785714285714285,-0.16428571428571428,4,15,1,descriptive direction-wise interval; no multiplicity adjustment
strong_1nn_minus_frequency,frequency,strong_1nn,tail_gt90,36,120.0,0.0,20,-0.09285714285714286,-0.21428571428571427,0.0,0,3,17,descriptive direction-wise interval; no multiplicity adjustment
strong_1nn_minus_frequency,frequency,strong_1nn,tail_gt90,37,120.0,30.0,20,0.10714285714285716,-0.007142857142857143,0.24285714285714288,3,1,16,descriptive direction-wise interval; no multiplicity adjustment
strong_1nn_minus_frequency,frequency,strong_1nn,tail_gt90,38,120.0,60.0,20,0.15714285714285714,0.014285714285714285,0.32857142857142857,4,1,15,descriptive direction-wise interval; no multiplicity adjustment
strong_1nn_minus_frequency,frequency,strong_1nn,tail_gt90,39,120.0,90.0,20,-0.18571428571428572,-0.3571428571428571,-0.04285714285714286,0,5,15,descriptive direction-wise interval; no multiplicity adjustment
strong_1nn_minus_frequency,frequency,strong_1nn,tail_gt90,40,120.0,120.0,20,-0.12857142857142856,-0.3071428571428571,0.02857142857142858,4,4,12,descriptive direction-wise interval; no multiplicity adjustment
strong_1nn_minus_frequency,frequency,strong_1nn,tail_gt90,41,120.0,150.0,20,-0.05,-0.14285714285714285,0.0,0,2,18,descriptive direction-wise interval; no multiplicity adjustment
strong_1nn_minus_frequency,frequency,strong_1nn,tail_gt90,42,120.0,180.0,20,-0.014285714285714277,-0.11428571428571428,0.10714285714285716,1,3,16,descriptive direction-wise interval; no multiplicity adjustment
strong_1nn_minus_frequency,frequency,strong_1nn,tail_gt90,43,120.0,210.0,20,-0.07142857142857141,-0.24999999999999994,0.10714285714285714,3,7,10,descriptive direction-wise interval; no multiplicity adjustment
strong_1nn_minus_frequency,frequency,strong_1nn,tail_gt90,44,120.0,240.0,20,0.02857142857142858,-0.13571428571428573,0.1928571428571429,3,3,14,descriptive direction-wise interval; no multiplicity adjustment
strong_1nn_minus_frequency,frequency,strong_1nn,tail_gt90,45,120.0,270.0,20,-0.12142857142857141,-0.2857142857142857,0.03571428571428573,1,6,13,descriptive direction-wise interval; no multiplicity adjustment
strong_1nn_minus_frequency,frequency,strong_1nn,tail_gt90,46,120.0,300.0,20,-0.05,-0.1714285714285714,0.04285714285714286,2,3,15,descriptive direction-wise interval; no multiplicity adjustment
strong_1nn_minus_frequency,frequency,strong_1nn,tail_gt90,47,120.0,330.0,20,-0.07857142857142857,-0.17142857142857143,-0.007142857142857143,0,4,16,descriptive direction-wise interval; no multiplicity adjustment
strong_1nn_minus_frequency,frequency,strong_1nn,tail_gt90,48,150.0,0.0,20,-0.07142857142857142,-0.1571428571428571,-0.007142857142857143,0,4,16,descriptive direction-wise interval; no multiplicity adjustment
strong_1nn_minus_frequency,frequency,strong_1nn,tail_gt90,49,150.0,30.0,20,-0.02857142857142857,-0.14285714285714285,0.09285714285714287,1,3,16,descriptive direction-wise interval; no multiplicity adjustment
strong_1nn_minus_frequency,frequency,strong_1nn,tail_gt90,50,150.0,60.0,20,0.007142857142857145,-0.14285714285714285,0.15714285714285714,2,2,16,descriptive direction-wise interval; no multiplicity adjustment
strong_1nn_minus_frequency,frequency,strong_1nn,tail_gt90,51,150.0,90.0,20,-0.09285714285714285,-0.22142857142857145,0.0,0,3,17,descriptive direction-wise interval; no multiplicity adjustment
strong_1nn_minus_frequency,frequency,strong_1nn,tail_gt90,52,150.0,120.0,20,-0.06428571428571428,-0.17142857142857143,0.0,0,3,17,descriptive direction-wise interval; no multiplicity adjustment
strong_1nn_minus_frequency,frequency,strong_1nn,tail_gt90,53,150.0,150.0,20,-0.007142857142857134,-0.1357142857142857,0.13571428571428573,2,4,14,descriptive direction-wise interval; no multiplicity adjustment
strong_1nn_minus_frequency,frequency,strong_1nn,tail_gt90,54,150.0,180.0,20,-0.007142857142857143,-0.12142857142857141,0.1285714285714286,1,3,16,descriptive direction-wise interval; no multiplicity adjustment
strong_1nn_minus_frequency,frequency,strong_1nn,tail_gt90,55,150.0,210.0,20,5.551115123125783e-18,-0.1,0.10714285714285714,2,2,16,descriptive direction-wise interval; no multiplicity adjustment
strong_1nn_minus_frequency,frequency,strong_1nn,tail_gt90,56,150.0,240.0,20,0.11428571428571428,-0.07142857142857142,0.3,4,1,15,descriptive direction-wise interval; no multiplicity adjustment
strong_1nn_minus_frequency,frequency,strong_1nn,tail_gt90,57,150.0,270.0,20,0.02857142857142857,0.0,0.08571428571428572,1,0,19,descriptive direction-wise interval; no multiplicity adjustment
strong_1nn_minus_frequency,frequency,strong_1nn,tail_gt90,58,150.0,300.0,20,-0.03571428571428571,-0.15714285714285714,0.09285714285714286,1,3,16,descriptive direction-wise interval; no multiplicity adjustment
strong_1nn_minus_frequency,frequency,strong_1nn,tail_gt90,59,150.0,330.0,20,-0.049999999999999996,-0.15714285714285714,0.03571428571428571,2,3,15,descriptive direction-wise interval; no multiplicity adjustment
strong_1nn_minus_frequency,frequency,strong_1nn,tail_ge150,0,30.0,0.0,20,-0.06428571428571428,-0.17142857142857143,0.0,0,2,18,descriptive direction-wise interval; no multiplicity adjustment
strong_1nn_minus_frequency,frequency,strong_1nn,tail_ge150,1,30.0,30.0,20,-0.014285714285714285,-0.03571428571428571,0.0,0,2,18,descriptive direction-wise interval; no multiplicity adjustment
strong_1nn_minus_frequency,frequency,strong_1nn,tail_ge150,2,30.0,60.0,20,0.007142857142857145,-0.10714285714285714,0.14285714285714285,1,2,17,descriptive direction-wise interval; no multiplicity adjustment
strong_1nn_minus_frequency,frequency,strong_1nn,tail_ge150,3,30.0,90.0,20,-0.12857142857142856,-0.27142857142857146,-0.007142857142857143,0,4,16,descriptive direction-wise interval; no multiplicity adjustment
strong_1nn_minus_frequency,frequency,strong_1nn,tail_ge150,4,30.0,120.0,20,-0.05714285714285714,-0.16428571428571428,0.0,0,2,18,descriptive direction-wise interval; no multiplicity adjustment
strong_1nn_minus_frequency,frequency,strong_1nn,tail_ge150,5,30.0,150.0,20,-0.00714285714285714,-0.15714285714285714,0.14285714285714285,1,2,17,descriptive direction-wise interval; no multiplicity adjustment
strong_1nn_minus_frequency,frequency,strong_1nn,tail_ge150,6,30.0,180.0,20,0.0642857142857143,-0.04285714285714286,0.2,2,1,17,descriptive direction-wise interval; no multiplicity adjustment
strong_1nn_minus_frequency,frequency,strong_1nn,tail_ge150,7,30.0,210.0,20,0.02857142857142857,-0.014285714285714285,0.09285714285714286,2,1,17,descriptive direction-wise interval; no multiplicity adjustment
strong_1nn_minus_frequency,frequency,strong_1nn,tail_ge150,8,30.0,240.0,20,0.0071428571428571504,-0.16428571428571428,0.18571428571428572,2,3,15,descriptive direction-wise interval; no multiplicity adjustment
strong_1nn_minus_frequency,frequency,strong_1nn,tail_ge150,9,30.0,270.0,20,0.0,-0.15,0.15,1,1,18,descriptive direction-wise interval; no multiplicity adjustment
strong_1nn_minus_frequency,frequency,strong_1nn,tail_ge150,10,30.0,300.0,20,0.03571428571428571,-0.04285714285714286,0.15,1,1,18,descriptive direction-wise interval; no multiplicity adjustment
strong_1nn_minus_frequency,frequency,strong_1nn,tail_ge150,11,30.0,330.0,20,-0.014285714285714285,-0.03571428571428571,0.0,0,2,18,descriptive direction-wise interval; no multiplicity adjustment
strong_1nn_minus_frequency,frequency,strong_1nn,tail_ge150,12,60.0,0.0,20,-0.06428571428571428,-0.17142857142857143,0.0,0,2,18,descriptive direction-wise interval; no multiplicity adjustment
strong_1nn_minus_frequency,frequency,strong_1nn,tail_ge150,13,60.0,30.0,20,0.0,0.0,0.0,0,0,20,descriptive direction-wise interval; no multiplicity adjustment
strong_1nn_minus_frequency,frequency,strong_1nn,tail_ge150,14,60.0,60.0,20,0.0,0.0,0.0,0,0,20,descriptive direction-wise interval; no multiplicity adjustment
strong_1nn_minus_frequency,frequency,strong_1nn,tail_ge150,15,60.0,90.0,20,-0.10714285714285714,-0.22142857142857145,-0.014285714285714285,0,4,16,descriptive direction-wise interval; no multiplicity adjustment
strong_1nn_minus_frequency,frequency,strong_1nn,tail_ge150,16,60.0,120.0,20,0.0,0.0,0.0,0,0,20,descriptive direction-wise interval; no multiplicity adjustment
strong_1nn_minus_frequency,frequency,strong_1nn,tail_ge150,17,60.0,150.0,20,-0.04285714285714286,-0.12857142857142856,0.0,0,1,19,descriptive direction-wise interval; no multiplicity adjustment
strong_1nn_minus_frequency,frequency,strong_1nn,tail_ge150,18,60.0,180.0,20,0.04285714285714286,-0.02142857142857143,0.15,1,1,18,descriptive direction-wise interval; no multiplicity adjustment
strong_1nn_minus_frequency,frequency,strong_1nn,tail_ge150,19,60.0,210.0,20,-0.014285714285714285,-0.04285714285714286,0.0,0,1,19,descriptive direction-wise interval; no multiplicity adjustment
strong_1nn_minus_frequency,frequency,strong_1nn,tail_ge150,20,60.0,240.0,20,-0.014285714285714285,-0.03571428571428571,0.0,0,2,18,descriptive direction-wise interval; no multiplicity adjustment
strong_1nn_minus_frequency,frequency,strong_1nn,tail_ge150,21,60.0,270.0,20,-0.00714285714285714,-0.1357142857142857,0.13571428571428573,1,2,17,descriptive direction-wise interval; no multiplicity adjustment
strong_1nn_minus_frequency,frequency,strong_1nn,tail_ge150,22,60.0,300.0,20,0.0,0.0,0.0,0,0,20,descriptive direction-wise interval; no multiplicity adjustment
strong_1nn_minus_frequency,frequency,strong_1nn,tail_ge150,23,60.0,330.0,20,-0.03571428571428571,-0.1,0.0,0,2,18,descriptive direction-wise interval; no multiplicity adjustment
strong_1nn_minus_frequency,frequency,strong_1nn,tail_ge150,24,90.0,0.0,20,-0.25000000000000006,-0.45,-0.028571428571428546,4,14,2,descriptive direction-wise interval; no multiplicity adjustment
strong_1nn_minus_frequency,frequency,strong_1nn,tail_ge150,25,90.0,30.0,20,-0.18571428571428567,-0.37857142857142856,0.03571428571428572,2,12,6,descriptive direction-wise interval; no multiplicity adjustment
strong_1nn_minus_frequency,frequency,strong_1nn,tail_ge150,26,90.0,60.0,20,-0.27142857142857146,-0.4,-0.15714285714285708,0,13,7,descriptive direction-wise interval; no multiplicity adjustment
strong_1nn_minus_frequency,frequency,strong_1nn,tail_ge150,27,90.0,90.0,20,-0.2928571428571428,-0.5071428571428572,-0.06428571428571425,3,15,2,descriptive direction-wise interval; no multiplicity adjustment
strong_1nn_minus_frequency,frequency,strong_1nn,tail_ge150,28,90.0,120.0,20,-0.21428571428571425,-0.34285714285714286,-0.1,0,11,9,descriptive direction-wise interval; no multiplicity adjustment
strong_1nn_minus_frequency,frequency,strong_1nn,tail_ge150,29,90.0,150.0,20,-0.08571428571428567,-0.3142857142857143,0.15714285714285717,4,9,7,descriptive direction-wise interval; no multiplicity adjustment
strong_1nn_minus_frequency,frequency,strong_1nn,tail_ge150,30,90.0,180.0,20,-0.13571428571428568,-0.3642857142857142,0.09285714285714287,7,12,1,descriptive direction-wise interval; no multiplicity adjustment
strong_1nn_minus_frequency,frequency,strong_1nn,tail_ge150,31,90.0,210.0,20,-0.1642857142857142,-0.32857142857142857,0.007142857142857154,2,10,8,descriptive direction-wise interval; no multiplicity adjustment
strong_1nn_minus_frequency,frequency,strong_1nn,tail_ge150,32,90.0,240.0,20,-0.049999999999999975,-0.14999999999999997,0.08571428571428572,1,10,9,descriptive direction-wise interval; no multiplicity adjustment
strong_1nn_minus_frequency,frequency,strong_1nn,tail_ge150,33,90.0,270.0,20,-0.18571428571428567,-0.35714285714285715,0.0,2,10,8,descriptive direction-wise interval; no multiplicity adjustment
strong_1nn_minus_frequency,frequency,strong_1nn,tail_ge150,34,90.0,300.0,20,-0.19999999999999998,-0.30714285714285716,-0.1,0,11,9,descriptive direction-wise interval; no multiplicity adjustment
strong_1nn_minus_frequency,frequency,strong_1nn,tail_ge150,35,90.0,330.0,20,-0.3071428571428571,-0.4928571428571429,-0.08571428571428572,2,16,2,descriptive direction-wise interval; no multiplicity adjustment
strong_1nn_minus_frequency,frequency,strong_1nn,tail_ge150,36,120.0,0.0,20,-0.04285714285714286,-0.11428571428571428,0.0,0,2,18,descriptive direction-wise interval; no multiplicity adjustment
strong_1nn_minus_frequency,frequency,strong_1nn,tail_ge150,37,120.0,30.0,20,-0.007142857142857143,-0.02142857142857143,0.0,0,1,19,descriptive direction-wise interval; no multiplicity adjustment
strong_1nn_minus_frequency,frequency,strong_1nn,tail_ge150,38,120.0,60.0,20,0.0,0.0,0.0,0,0,20,descriptive direction-wise interval; no multiplicity adjustment
strong_1nn_minus_frequency,frequency,strong_1nn,tail_ge150,39,120.0,90.0,20,-0.11428571428571428,-0.24285714285714283,0.0,0,3,17,descriptive direction-wise interval; no multiplicity adjustment
strong_1nn_minus_frequency,frequency,strong_1nn,tail_ge150,40,120.0,120.0,20,-0.007142857142857143,-0.02142857142857143,0.0,0,1,19,descriptive direction-wise interval; no multiplicity adjustment
strong_1nn_minus_frequency,frequency,strong_1nn,tail_ge150,41,120.0,150.0,20,-0.04285714285714286,-0.12857142857142856,0.0,0,1,19,descriptive direction-wise interval; no multiplicity adjustment
strong_1nn_minus_frequency,frequency,strong_1nn,tail_ge150,42,120.0,180.0,20,0.03571428571428572,-0.02142857142857143,0.1285714285714286,1,1,18,descriptive direction-wise interval; no multiplicity adjustment
strong_1nn_minus_frequency,frequency,strong_1nn,tail_ge150,43,120.0,210.0,20,-0.02142857142857143,-0.06428571428571428,0.0,0,1,19,descriptive direction-wise interval; no multiplicity adjustment
strong_1nn_minus_frequency,frequency,strong_1nn,tail_ge150,44,120.0,240.0,20,-0.007142857142857143,-0.02142857142857143,0.0,0,1,19,descriptive direction-wise interval; no multiplicity adjustment
strong_1nn_minus_frequency,frequency,strong_1nn,tail_ge150,45,120.0,270.0,20,-0.07142857142857142,-0.18571428571428572,0.0,0,3,17,descriptive direction-wise interval; no multiplicity adjustment
strong_1nn_minus_frequency,frequency,strong_1nn,tail_ge150,46,120.0,300.0,20,-0.014285714285714285,-0.03571428571428571,0.0,0,2,18,descriptive direction-wise interval; no multiplicity adjustment
strong_1nn_minus_frequency,frequency,strong_1nn,tail_ge150,47,120.0,330.0,20,-0.03571428571428571,-0.08571428571428572,0.0,0,3,17,descriptive direction-wise interval; no multiplicity adjustment
strong_1nn_minus_frequency,frequency,strong_1nn,tail_ge150,48,150.0,0.0,20,-0.02857142857142857,-0.08571428571428572,0.0,0,1,19,descriptive direction-wise interval; no multiplicity adjustment
strong_1nn_minus_frequency,frequency,strong_1nn,tail_ge150,49,150.0,30.0,20,0.02142857142857143,-0.08571428571428572,0.15,1,1,18,descriptive direction-wise interval; no multiplicity adjustment
strong_1nn_minus_frequency,frequency,strong_1nn,tail_ge150,50,150.0,60.0,20,0.11428571428571428,-0.08571428571428572,0.3142857142857143,4,1,15,descriptive direction-wise interval; no multiplicity adjustment
strong_1nn_minus_frequency,frequency,strong_1nn,tail_ge150,51,150.0,90.0,20,-0.11428571428571428,-0.22857142857142856,-0.014285714285714285,0,4,16,descriptive direction-wise interval; no multiplicity adjustment
strong_1nn_minus_frequency,frequency,strong_1nn,tail_ge150,52,150.0,120.0,20,-0.00714285714285714,-0.15714285714285714,0.14285714285714285,1,2,17,descriptive direction-wise interval; no multiplicity adjustment
strong_1nn_minus_frequency,frequency,strong_1nn,tail_ge150,53,150.0,150.0,20,0.01428571428571429,-0.08571428571428572,0.14285714285714285,1,2,17,descriptive direction-wise interval; no multiplicity adjustment
strong_1nn_minus_frequency,frequency,strong_1nn,tail_ge150,54,150.0,180.0,20,0.02142857142857143,-0.08571428571428572,0.15,1,1,18,descriptive direction-wise interval; no multiplicity adjustment
strong_1nn_minus_frequency,frequency,strong_1nn,tail_ge150,55,150.0,210.0,20,0.04285714285714286,-0.02857142857142857,0.13571428571428573,2,1,17,descriptive direction-wise interval; no multiplicity adjustment
strong_1nn_minus_frequency,frequency,strong_1nn,tail_ge150,56,150.0,240.0,20,-0.02857142857142857,-0.17142857142857143,0.12142857142857144,1,4,15,descriptive direction-wise interval; no multiplicity adjustment
strong_1nn_minus_frequency,frequency,strong_1nn,tail_ge150,57,150.0,270.0,20,0.0,-0.15,0.15,1,1,18,descriptive direction-wise interval; no multiplicity adjustment
strong_1nn_minus_frequency,frequency,strong_1nn,tail_ge150,58,150.0,300.0,20,0.0071428571428571504,-0.08571428571428572,0.12142857142857144,1,2,17,descriptive direction-wise interval; no multiplicity adjustment
strong_1nn_minus_frequency,frequency,strong_1nn,tail_ge150,59,150.0,330.0,20,0.0,-0.06428571428571428,0.07857142857142857,1,2,17,descriptive direction-wise interval; no multiplicity adjustment
strong_1nn_minus_frequency,frequency,strong_1nn,near_or_exact_antipodal_ge165,0,30.0,0.0,20,-0.014285714285714285,-0.04285714285714286,0.0,0,1,19,descriptive direction-wise interval; no multiplicity adjustment
strong_1nn_minus_frequency,frequency,strong_1nn,near_or_exact_antipodal_ge165,1,30.0,30.0,20,0.0,0.0,0.0,0,0,20,descriptive direction-wise interval; no multiplicity adjustment
strong_1nn_minus_frequency,frequency,strong_1nn,near_or_exact_antipodal_ge165,2,30.0,60.0,20,-0.014285714285714285,-0.04285714285714286,0.0,0,1,19,descriptive direction-wise interval; no multiplicity adjustment
strong_1nn_minus_frequency,frequency,strong_1nn,near_or_exact_antipodal_ge165,3,30.0,90.0,20,-0.12857142857142856,-0.27142857142857146,-0.007142857142857143,0,4,16,descriptive direction-wise interval; no multiplicity adjustment
strong_1nn_minus_frequency,frequency,strong_1nn,near_or_exact_antipodal_ge165,4,30.0,120.0,20,-0.007142857142857143,-0.02142857142857143,0.0,0,1,19,descriptive direction-wise interval; no multiplicity adjustment
strong_1nn_minus_frequency,frequency,strong_1nn,near_or_exact_antipodal_ge165,5,30.0,150.0,20,0.0,0.0,0.0,0,0,20,descriptive direction-wise interval; no multiplicity adjustment
strong_1nn_minus_frequency,frequency,strong_1nn,near_or_exact_antipodal_ge165,6,30.0,180.0,20,0.05,0.0,0.15,1,0,19,descriptive direction-wise interval; no multiplicity adjustment
strong_1nn_minus_frequency,frequency,strong_1nn,near_or_exact_antipodal_ge165,7,30.0,210.0,20,-0.007142857142857143,-0.02142857142857143,0.0,0,1,19,descriptive direction-wise interval; no multiplicity adjustment
strong_1nn_minus_frequency,frequency,strong_1nn,near_or_exact_antipodal_ge165,8,30.0,240.0,20,-0.02857142857142857,-0.06428571428571428,0.0,0,3,17,descriptive direction-wise interval; no multiplicity adjustment
strong_1nn_minus_frequency,frequency,strong_1nn,near_or_exact_antipodal_ge165,9,30.0,270.0,20,0.0,-0.15,0.15,1,1,18,descriptive direction-wise interval; no multiplicity adjustment
strong_1nn_minus_frequency,frequency,strong_1nn,near_or_exact_antipodal_ge165,10,30.0,300.0,20,0.0,0.0,0.0,0,0,20,descriptive direction-wise interval; no multiplicity adjustment
strong_1nn_minus_frequency,frequency,strong_1nn,near_or_exact_antipodal_ge165,11,30.0,330.0,20,-0.007142857142857143,-0.02142857142857143,0.0,0,1,19,descriptive direction-wise interval; no multiplicity adjustment
strong_1nn_minus_frequency,frequency,strong_1nn,near_or_exact_antipodal_ge165,12,60.0,0.0,20,-0.06428571428571428,-0.17142857142857143,0.0,0,2,18,descriptive direction-wise interval; no multiplicity adjustment
strong_1nn_minus_frequency,frequency,strong_1nn,near_or_exact_antipodal_ge165,13,60.0,30.0,20,0.0,0.0,0.0,0,0,20,descriptive direction-wise interval; no multiplicity adjustment
strong_1nn_minus_frequency,frequency,strong_1nn,near_or_exact_antipodal_ge165,14,60.0,60.0,20,0.0,0.0,0.0,0,0,20,descriptive direction-wise interval; no multiplicity adjustment
strong_1nn_minus_frequency,frequency,strong_1nn,near_or_exact_antipodal_ge165,15,60.0,90.0,20,-0.05,-0.12857142857142856,0.0,0,3,17,descriptive direction-wise interval; no multiplicity adjustment
strong_1nn_minus_frequency,frequency,strong_1nn,near_or_exact_antipodal_ge165,16,60.0,120.0,20,0.0,0.0,0.0,0,0,20,descriptive direction-wise interval; no multiplicity adjustment
strong_1nn_minus_frequency,frequency,strong_1nn,near_or_exact_antipodal_ge165,17,60.0,150.0,20,-0.04285714285714286,-0.12857142857142856,0.0,0,1,19,descriptive direction-wise interval; no multiplicity adjustment
strong_1nn_minus_frequency,frequency,strong_1nn,near_or_exact_antipodal_ge165,18,60.0,180.0,20,0.04285714285714286,-0.02142857142857143,0.15,1,1,18,descriptive direction-wise interval; no multiplicity adjustment
strong_1nn_minus_frequency,frequency,strong_1nn,near_or_exact_antipodal_ge165,19,60.0,210.0,20,-0.014285714285714285,-0.04285714285714286,0.0,0,1,19,descriptive direction-wise interval; no multiplicity adjustment
strong_1nn_minus_frequency,frequency,strong_1nn,near_or_exact_antipodal_ge165,20,60.0,240.0,20,0.0,0.0,0.0,0,0,20,descriptive direction-wise interval; no multiplicity adjustment
strong_1nn_minus_frequency,frequency,strong_1nn,near_or_exact_antipodal_ge165,21,60.0,270.0,20,-0.05,-0.14285714285714285,0.0,0,2,18,descriptive direction-wise interval; no multiplicity adjustment
strong_1nn_minus_frequency,frequency,strong_1nn,near_or_exact_antipodal_ge165,22,60.0,300.0,20,0.0,0.0,0.0,0,0,20,descriptive direction-wise interval; no multiplicity adjustment
strong_1nn_minus_frequency,frequency,strong_1nn,near_or_exact_antipodal_ge165,23,60.0,330.0,20,-0.03571428571428571,-0.1,0.0,0,2,18,descriptive direction-wise interval; no multiplicity adjustment
strong_1nn_minus_frequency,frequency,strong_1nn,near_or_exact_antipodal_ge165,24,90.0,0.0,20,-0.29999999999999993,-0.47142857142857153,-0.09999999999999995,2,16,2,descriptive direction-wise interval; no multiplicity adjustment
strong_1nn_minus_frequency,frequency,strong_1nn,near_or_exact_antipodal_ge165,25,90.0,30.0,20,-0.2642857142857143,-0.38571428571428573,-0.14999999999999997,0,12,8,descriptive direction-wise interval; no multiplicity adjustment
strong_1nn_minus_frequency,frequency,strong_1nn,near_or_exact_antipodal_ge165,26,90.0,60.0,20,-0.2642857142857143,-0.39285714285714285,-0.14285714285714285,0,12,8,descriptive direction-wise interval; no multiplicity adjustment
strong_1nn_minus_frequency,frequency,strong_1nn,near_or_exact_antipodal_ge165,27,90.0,90.0,20,-0.4357142857142858,-0.6071428571428571,-0.2642857142857143,1,16,3,descriptive direction-wise interval; no multiplicity adjustment
strong_1nn_minus_frequency,frequency,strong_1nn,near_or_exact_antipodal_ge165,28,90.0,120.0,20,-0.1714285714285714,-0.2785714285714286,-0.07857142857142856,0,10,10,descriptive direction-wise interval; no multiplicity adjustment
strong_1nn_minus_frequency,frequency,strong_1nn,near_or_exact_antipodal_ge165,29,90.0,150.0,20,-0.14999999999999997,-0.32857142857142857,0.04285714285714284,2,9,9,descriptive direction-wise interval; no multiplicity adjustment
strong_1nn_minus_frequency,frequency,strong_1nn,near_or_exact_antipodal_ge165,30,90.0,180.0,20,-0.35000000000000003,-0.5214285714285715,-0.1642857142857143,2,16,2,descriptive direction-wise interval; no multiplicity adjustment
strong_1nn_minus_frequency,frequency,strong_1nn,near_or_exact_antipodal_ge165,31,90.0,210.0,20,-0.18571428571428567,-0.32142857142857145,-0.05714285714285714,1,10,9,descriptive direction-wise interval; no multiplicity adjustment
strong_1nn_minus_frequency,frequency,strong_1nn,near_or_exact_antipodal_ge165,32,90.0,240.0,20,-0.09285714285714283,-0.15,-0.04285714285714286,0,9,11,descriptive direction-wise interval; no multiplicity adjustment
strong_1nn_minus_frequency,frequency,strong_1nn,near_or_exact_antipodal_ge165,33,90.0,270.0,20,-0.16428571428571423,-0.2785714285714286,-0.049999999999999996,1,10,9,descriptive direction-wise interval; no multiplicity adjustment
strong_1nn_minus_frequency,frequency,strong_1nn,near_or_exact_antipodal_ge165,34,90.0,300.0,20,-0.14285714285714285,-0.22857142857142856,-0.07142857142857142,0,10,10,descriptive direction-wise interval; no multiplicity adjustment
strong_1nn_minus_frequency,frequency,strong_1nn,near_or_exact_antipodal_ge165,35,90.0,330.0,20,-0.2928571428571428,-0.4642857142857143,-0.09999999999999999,1,15,4,descriptive direction-wise interval; no multiplicity adjustment
strong_1nn_minus_frequency,frequency,strong_1nn,near_or_exact_antipodal_ge165,36,120.0,0.0,20,-0.007142857142857143,-0.02142857142857143,0.0,0,1,19,descriptive direction-wise interval; no multiplicity adjustment
strong_1nn_minus_frequency,frequency,strong_1nn,near_or_exact_antipodal_ge165,37,120.0,30.0,20,0.0,0.0,0.0,0,0,20,descriptive direction-wise interval; no multiplicity adjustment
strong_1nn_minus_frequency,frequency,strong_1nn,near_or_exact_antipodal_ge165,38,120.0,60.0,20,0.0,0.0,0.0,0,0,20,descriptive direction-wise interval; no multiplicity adjustment
strong_1nn_minus_frequency,frequency,strong_1nn,near_or_exact_antipodal_ge165,39,120.0,90.0,20,-0.07857142857142857,-0.17857142857142855,0.0,0,3,17,descriptive direction-wise interval; no multiplicity adjustment
strong_1nn_minus_frequency,frequency,strong_1nn,near_or_exact_antipodal_ge165,40,120.0,120.0,20,0.0,0.0,0.0,0,0,20,descriptive direction-wise interval; no multiplicity adjustment
strong_1nn_minus_frequency,frequency,strong_1nn,near_or_exact_antipodal_ge165,41,120.0,150.0,20,-0.03571428571428571,-0.10714285714285714,0.0,0,1,19,descriptive direction-wise interval; no multiplicity adjustment
strong_1nn_minus_frequency,frequency,strong_1nn,near_or_exact_antipodal_ge165,42,120.0,180.0,20,0.03571428571428572,-0.02142857142857143,0.1285714285714286,1,1,18,descriptive direction-wise interval; no multiplicity adjustment
strong_1nn_minus_frequency,frequency,strong_1nn,near_or_exact_antipodal_ge165,43,120.0,210.0,20,-0.02142857142857143,-0.06428571428571428,0.0,0,1,19,descriptive direction-wise interval; no multiplicity adjustment
strong_1nn_minus_frequency,frequency,strong_1nn,near_or_exact_antipodal_ge165,44,120.0,240.0,20,-0.007142857142857143,-0.02142857142857143,0.0,0,1,19,descriptive direction-wise interval; no multiplicity adjustment
strong_1nn_minus_frequency,frequency,strong_1nn,near_or_exact_antipodal_ge165,45,120.0,270.0,20,-0.05,-0.14285714285714285,0.0,0,2,18,descriptive direction-wise interval; no multiplicity adjustment
strong_1nn_minus_frequency,frequency,strong_1nn,near_or_exact_antipodal_ge165,46,120.0,300.0,20,0.0,0.0,0.0,0,0,20,descriptive direction-wise interval; no multiplicity adjustment
strong_1nn_minus_frequency,frequency,strong_1nn,near_or_exact_antipodal_ge165,47,120.0,330.0,20,-0.02857142857142857,-0.06428571428571428,0.0,0,3,17,descriptive direction-wise interval; no multiplicity adjustment
strong_1nn_minus_frequency,frequency,strong_1nn,near_or_exact_antipodal_ge165,48,150.0,0.0,20,0.0,0.0,0.0,0,0,20,descriptive direction-wise interval; no multiplicity adjustment
strong_1nn_minus_frequency,frequency,strong_1nn,near_or_exact_antipodal_ge165,49,150.0,30.0,20,-0.014285714285714285,-0.04285714285714286,0.0,0,1,19,descriptive direction-wise interval; no multiplicity adjustment
strong_1nn_minus_frequency,frequency,strong_1nn,near_or_exact_antipodal_ge165,50,150.0,60.0,20,0.05,0.0,0.15,1,0,19,descriptive direction-wise interval; no multiplicity adjustment
strong_1nn_minus_frequency,frequency,strong_1nn,near_or_exact_antipodal_ge165,51,150.0,90.0,20,-0.11428571428571428,-0.22857142857142856,-0.02857142857142857,0,4,16,descriptive direction-wise interval; no multiplicity adjustment
strong_1nn_minus_frequency,frequency,strong_1nn,near_or_exact_antipodal_ge165,52,150.0,120.0,20,0.0,0.0,0.0,0,0,20,descriptive direction-wise interval; no multiplicity adjustment
strong_1nn_minus_frequency,frequency,strong_1nn,near_or_exact_antipodal_ge165,53,150.0,150.0,20,0.0,0.0,0.0,0,0,20,descriptive direction-wise interval; no multiplicity adjustment
strong_1nn_minus_frequency,frequency,strong_1nn,near_or_exact_antipodal_ge165,54,150.0,180.0,20,0.05,0.0,0.15,1,0,19,descriptive direction-wise interval; no multiplicity adjustment
strong_1nn_minus_frequency,frequency,strong_1nn,near_or_exact_antipodal_ge165,55,150.0,210.0,20,-0.007142857142857143,-0.02142857142857143,0.0,0,1,19,descriptive direction-wise interval; no multiplicity adjustment
strong_1nn_minus_frequency,frequency,strong_1nn,near_or_exact_antipodal_ge165,56,150.0,240.0,20,-0.04285714285714286,-0.12142857142857141,0.0,0,2,18,descriptive direction-wise interval; no multiplicity adjustment
strong_1nn_minus_frequency,frequency,strong_1nn,near_or_exact_antipodal_ge165,57,150.0,270.0,20,0.0,-0.15,0.15,1,1,18,descriptive direction-wise interval; no multiplicity adjustment
strong_1nn_minus_frequency,frequency,strong_1nn,near_or_exact_antipodal_ge165,58,150.0,300.0,20,-0.007142857142857143,-0.02142857142857143,0.0,0,1,19,descriptive direction-wise interval; no multiplicity adjustment
strong_1nn_minus_frequency,frequency,strong_1nn,near_or_exact_antipodal_ge165,59,150.0,330.0,20,-0.02142857142857143,-0.06428571428571428,0.0,0,1,19,descriptive direction-wise interval; no multiplicity adjustment
strong_1nn_minus_frequency,frequency,strong_1nn,exact_antipodal_180,0,30.0,0.0,20,-0.014285714285714285,-0.04285714285714286,0.0,0,1,19,descriptive direction-wise interval; no multiplicity adjustment
strong_1nn_minus_frequency,frequency,strong_1nn,exact_antipodal_180,1,30.0,30.0,20,0.0,0.0,0.0,0,0,20,descriptive direction-wise interval; no multiplicity adjustment
strong_1nn_minus_frequency,frequency,strong_1nn,exact_antipodal_180,2,30.0,60.0,20,0.0,0.0,0.0,0,0,20,descriptive direction-wise interval; no multiplicity adjustment
strong_1nn_minus_frequency,frequency,strong_1nn,exact_antipodal_180,3,30.0,90.0,20,-0.12857142857142856,-0.27142857142857146,-0.007142857142857143,0,4,16,descriptive direction-wise interval; no multiplicity adjustment
strong_1nn_minus_frequency,frequency,strong_1nn,exact_antipodal_180,4,30.0,120.0,20,0.0,0.0,0.0,0,0,20,descriptive direction-wise interval; no multiplicity adjustment
strong_1nn_minus_frequency,frequency,strong_1nn,exact_antipodal_180,5,30.0,150.0,20,0.0,0.0,0.0,0,0,20,descriptive direction-wise interval; no multiplicity adjustment
strong_1nn_minus_frequency,frequency,strong_1nn,exact_antipodal_180,6,30.0,180.0,20,0.0,0.0,0.0,0,0,20,descriptive direction-wise interval; no multiplicity adjustment
strong_1nn_minus_frequency,frequency,strong_1nn,exact_antipodal_180,7,30.0,210.0,20,-0.007142857142857143,-0.02142857142857143,0.0,0,1,19,descriptive direction-wise interval; no multiplicity adjustment
strong_1nn_minus_frequency,frequency,strong_1nn,exact_antipodal_180,8,30.0,240.0,20,0.0,0.0,0.0,0,0,20,descriptive direction-wise interval; no multiplicity adjustment
strong_1nn_minus_frequency,frequency,strong_1nn,exact_antipodal_180,9,30.0,270.0,20,-0.007142857142857143,-0.02142857142857143,0.0,0,1,19,descriptive direction-wise interval; no multiplicity adjustment
strong_1nn_minus_frequency,frequency,strong_1nn,exact_antipodal_180,10,30.0,300.0,20,0.0,0.0,0.0,0,0,20,descriptive direction-wise interval; no multiplicity adjustment
strong_1nn_minus_frequency,frequency,strong_1nn,exact_antipodal_180,11,30.0,330.0,20,0.0,0.0,0.0,0,0,20,descriptive direction-wise interval; no multiplicity adjustment
strong_1nn_minus_frequency,frequency,strong_1nn,exact_antipodal_180,12,60.0,0.0,20,-0.06428571428571428,-0.17142857142857143,0.0,0,2,18,descriptive direction-wise interval; no multiplicity adjustment
strong_1nn_minus_frequency,frequency,strong_1nn,exact_antipodal_180,13,60.0,30.0,20,0.0,0.0,0.0,0,0,20,descriptive direction-wise interval; no multiplicity adjustment
strong_1nn_minus_frequency,frequency,strong_1nn,exact_antipodal_180,14,60.0,60.0,20,0.0,0.0,0.0,0,0,20,descriptive direction-wise interval; no multiplicity adjustment
strong_1nn_minus_frequency,frequency,strong_1nn,exact_antipodal_180,15,60.0,90.0,20,-0.05,-0.12857142857142856,0.0,0,3,17,descriptive direction-wise interval; no multiplicity adjustment
strong_1nn_minus_frequency,frequency,strong_1nn,exact_antipodal_180,16,60.0,120.0,20,0.0,0.0,0.0,0,0,20,descriptive direction-wise interval; no multiplicity adjustment
strong_1nn_minus_frequency,frequency,strong_1nn,exact_antipodal_180,17,60.0,150.0,20,-0.04285714285714286,-0.12857142857142856,0.0,0,1,19,descriptive direction-wise interval; no multiplicity adjustment
strong_1nn_minus_frequency,frequency,strong_1nn,exact_antipodal_180,18,60.0,180.0,20,0.04285714285714286,-0.02142857142857143,0.15,1,1,18,descriptive direction-wise interval; no multiplicity adjustment
strong_1nn_minus_frequency,frequency,strong_1nn,exact_antipodal_180,19,60.0,210.0,20,-0.014285714285714285,-0.04285714285714286,0.0,0,1,19,descriptive direction-wise interval; no multiplicity adjustment
strong_1nn_minus_frequency,frequency,strong_1nn,exact_antipodal_180,20,60.0,240.0,20,0.0,0.0,0.0,0,0,20,descriptive direction-wise interval; no multiplicity adjustment
strong_1nn_minus_frequency,frequency,strong_1nn,exact_antipodal_180,21,60.0,270.0,20,-0.05,-0.14285714285714285,0.0,0,2,18,descriptive direction-wise interval; no multiplicity adjustment
strong_1nn_minus_frequency,frequency,strong_1nn,exact_antipodal_180,22,60.0,300.0,20,0.0,0.0,0.0,0,0,20,descriptive direction-wise interval; no multiplicity adjustment
strong_1nn_minus_frequency,frequency,strong_1nn,exact_antipodal_180,23,60.0,330.0,20,-0.03571428571428571,-0.1,0.0,0,2,18,descriptive direction-wise interval; no multiplicity adjustment
strong_1nn_minus_frequency,frequency,strong_1nn,exact_antipodal_180,24,90.0,0.0,20,-0.29999999999999993,-0.47142857142857153,-0.09999999999999995,2,16,2,descriptive direction-wise interval; no multiplicity adjustment
strong_1nn_minus_frequency,frequency,strong_1nn,exact_antipodal_180,25,90.0,30.0,20,-0.2642857142857143,-0.3928571428571428,-0.14999999999999997,0,12,8,descriptive direction-wise interval; no multiplicity adjustment
strong_1nn_minus_frequency,frequency,strong_1nn,exact_antipodal_180,26,90.0,60.0,20,-0.2642857142857143,-0.3928571428571429,-0.14285714285714285,0,12,8,descriptive direction-wise interval; no multiplicity adjustment
strong_1nn_minus_frequency,frequency,strong_1nn,exact_antipodal_180,27,90.0,90.0,20,-0.4357142857142858,-0.6071428571428571,-0.2642857142857143,1,16,3,descriptive direction-wise interval; no multiplicity adjustment
strong_1nn_minus_frequency,frequency,strong_1nn,exact_antipodal_180,28,90.0,120.0,20,-0.1714285714285714,-0.2785714285714286,-0.07857142857142856,0,10,10,descriptive direction-wise interval; no multiplicity adjustment
strong_1nn_minus_frequency,frequency,strong_1nn,exact_antipodal_180,29,90.0,150.0,20,-0.14999999999999997,-0.32857142857142857,0.03571428571428573,2,9,9,descriptive direction-wise interval; no multiplicity adjustment
strong_1nn_minus_frequency,frequency,strong_1nn,exact_antipodal_180,30,90.0,180.0,20,-0.35000000000000003,-0.5214285714285714,-0.17142857142857137,2,16,2,descriptive direction-wise interval; no multiplicity adjustment
strong_1nn_minus_frequency,frequency,strong_1nn,exact_antipodal_180,31,90.0,210.0,20,-0.18571428571428567,-0.32142857142857145,-0.05714285714285714,1,10,9,descriptive direction-wise interval; no multiplicity adjustment
strong_1nn_minus_frequency,frequency,strong_1nn,exact_antipodal_180,32,90.0,240.0,20,-0.09285714285714283,-0.14999999999999997,-0.04285714285714286,0,9,11,descriptive direction-wise interval; no multiplicity adjustment
strong_1nn_minus_frequency,frequency,strong_1nn,exact_antipodal_180,33,90.0,270.0,20,-0.16428571428571423,-0.2785714285714286,-0.04999999999999999,1,10,9,descriptive direction-wise interval; no multiplicity adjustment
strong_1nn_minus_frequency,frequency,strong_1nn,exact_antipodal_180,34,90.0,300.0,20,-0.14285714285714285,-0.22857142857142856,-0.07142857142857142,0,10,10,descriptive direction-wise interval; no multiplicity adjustment
strong_1nn_minus_frequency,frequency,strong_1nn,exact_antipodal_180,35,90.0,330.0,20,-0.2928571428571428,-0.46428571428571425,-0.09999999999999999,1,15,4,descriptive direction-wise interval; no multiplicity adjustment
strong_1nn_minus_frequency,frequency,strong_1nn,exact_antipodal_180,36,120.0,0.0,20,-0.007142857142857143,-0.02142857142857143,0.0,0,1,19,descriptive direction-wise interval; no multiplicity adjustment
strong_1nn_minus_frequency,frequency,strong_1nn,exact_antipodal_180,37,120.0,30.0,20,0.0,0.0,0.0,0,0,20,descriptive direction-wise interval; no multiplicity adjustment
strong_1nn_minus_frequency,frequency,strong_1nn,exact_antipodal_180,38,120.0,60.0,20,0.0,0.0,0.0,0,0,20,descriptive direction-wise interval; no multiplicity adjustment
strong_1nn_minus_frequency,frequency,strong_1nn,exact_antipodal_180,39,120.0,90.0,20,-0.07857142857142857,-0.17857142857142855,0.0,0,3,17,descriptive direction-wise interval; no multiplicity adjustment
strong_1nn_minus_frequency,frequency,strong_1nn,exact_antipodal_180,40,120.0,120.0,20,0.0,0.0,0.0,0,0,20,descriptive direction-wise interval; no multiplicity adjustment
strong_1nn_minus_frequency,frequency,strong_1nn,exact_antipodal_180,41,120.0,150.0,20,-0.03571428571428571,-0.10714285714285714,0.0,0,1,19,descriptive direction-wise interval; no multiplicity adjustment
strong_1nn_minus_frequency,frequency,strong_1nn,exact_antipodal_180,42,120.0,180.0,20,0.03571428571428572,-0.02142857142857143,0.1285714285714286,1,1,18,descriptive direction-wise interval; no multiplicity adjustment
strong_1nn_minus_frequency,frequency,strong_1nn,exact_antipodal_180,43,120.0,210.0,20,-0.02142857142857143,-0.06428571428571428,0.0,0,1,19,descriptive direction-wise interval; no multiplicity adjustment
strong_1nn_minus_frequency,frequency,strong_1nn,exact_antipodal_180,44,120.0,240.0,20,-0.007142857142857143,-0.02142857142857143,0.0,0,1,19,descriptive direction-wise interval; no multiplicity adjustment
strong_1nn_minus_frequency,frequency,strong_1nn,exact_antipodal_180,45,120.0,270.0,20,-0.05,-0.14285714285714285,0.0,0,2,18,descriptive direction-wise interval; no multiplicity adjustment
strong_1nn_minus_frequency,frequency,strong_1nn,exact_antipodal_180,46,120.0,300.0,20,0.0,0.0,0.0,0,0,20,descriptive direction-wise interval; no multiplicity adjustment
strong_1nn_minus_frequency,frequency,strong_1nn,exact_antipodal_180,47,120.0,330.0,20,-0.02857142857142857,-0.06428571428571428,0.0,0,3,17,descriptive direction-wise interval; no multiplicity adjustment
strong_1nn_minus_frequency,frequency,strong_1nn,exact_antipodal_180,48,150.0,0.0,20,0.0,0.0,0.0,0,0,20,descriptive direction-wise interval; no multiplicity adjustment
strong_1nn_minus_frequency,frequency,strong_1nn,exact_antipodal_180,49,150.0,30.0,20,-0.007142857142857143,-0.02142857142857143,0.0,0,1,19,descriptive direction-wise interval; no multiplicity adjustment
strong_1nn_minus_frequency,frequency,strong_1nn,exact_antipodal_180,50,150.0,60.0,20,0.0,0.0,0.0,0,0,20,descriptive direction-wise interval; no multiplicity adjustment
strong_1nn_minus_frequency,frequency,strong_1nn,exact_antipodal_180,51,150.0,90.0,20,-0.09999999999999998,-0.21428571428571427,-0.014285714285714285,0,4,16,descriptive direction-wise interval; no multiplicity adjustment
strong_1nn_minus_frequency,frequency,strong_1nn,exact_antipodal_180,52,150.0,120.0,20,0.0,0.0,0.0,0,0,20,descriptive direction-wise interval; no multiplicity adjustment
strong_1nn_minus_frequency,frequency,strong_1nn,exact_antipodal_180,53,150.0,150.0,20,0.0,0.0,0.0,0,0,20,descriptive direction-wise interval; no multiplicity adjustment
strong_1nn_minus_frequency,frequency,strong_1nn,exact_antipodal_180,54,150.0,180.0,20,0.05,0.0,0.15,1,0,19,descriptive direction-wise interval; no multiplicity adjustment
strong_1nn_minus_frequency,frequency,strong_1nn,exact_antipodal_180,55,150.0,210.0,20,0.0,0.0,0.0,0,0,20,descriptive direction-wise interval; no multiplicity adjustment
strong_1nn_minus_frequency,frequency,strong_1nn,exact_antipodal_180,56,150.0,240.0,20,-0.02142857142857143,-0.05714285714285714,0.0,0,2,18,descriptive direction-wise interval; no multiplicity adjustment
strong_1nn_minus_frequency,frequency,strong_1nn,exact_antipodal_180,57,150.0,270.0,20,0.014285714285714285,-0.10714285714285714,0.15,1,1,18,descriptive direction-wise interval; no multiplicity adjustment
strong_1nn_minus_frequency,frequency,strong_1nn,exact_antipodal_180,58,150.0,300.0,20,0.0,0.0,0.0,0,0,20,descriptive direction-wise interval; no multiplicity adjustment
strong_1nn_minus_frequency,frequency,strong_1nn,exact_antipodal_180,59,150.0,330.0,20,0.0,0.0,0.0,0,0,20,descriptive direction-wise interval; no multiplicity adjustment
strong_1nn_minus_rect_ifft,rect_ifft,strong_1nn,gce_deg,0,30.0,0.0,20,-9.32788190739606,-18.970738617012586,-1.2857146399361752,1,6,13,descriptive direction-wise interval; no multiplicity adjustment
strong_1nn_minus_rect_ifft,rect_ifft,strong_1nn,gce_deg,1,30.0,30.0,20,-7.416789662915562,-26.58317552975246,11.457410548181764,1,6,13,descriptive direction-wise interval; no multiplicity adjustment
strong_1nn_minus_rect_ifft,rect_ifft,strong_1nn,gce_deg,2,30.0,60.0,20,-5.31572136129967,-28.29181889815995,16.565748906226045,4,3,13,descriptive direction-wise interval; no multiplicity adjustment
strong_1nn_minus_rect_ifft,rect_ifft,strong_1nn,gce_deg,3,30.0,90.0,20,-17.29733646256583,-38.42213365331768,-2.801360099184136,1,8,11,descriptive direction-wise interval; no multiplicity adjustment
strong_1nn_minus_rect_ifft,rect_ifft,strong_1nn,gce_deg,4,30.0,120.0,20,-16.360799213973305,-38.06868953504926,1.2840214508402457,3,6,11,descriptive direction-wise interval; no multiplicity adjustment
strong_1nn_minus_rect_ifft,rect_ifft,strong_1nn,gce_deg,5,30.0,150.0,20,-9.416695155077194,-24.842661294502914,6.56908849000459,1,10,9,descriptive direction-wise interval; no multiplicity adjustment
strong_1nn_minus_rect_ifft,rect_ifft,strong_1nn,gce_deg,6,30.0,180.0,20,7.829724433423188,-3.423041030338834,23.37004809856635,4,3,13,descriptive direction-wise interval; no multiplicity adjustment
strong_1nn_minus_rect_ifft,rect_ifft,strong_1nn,gce_deg,7,30.0,210.0,20,3.358883572302801,-4.936183250633179,14.27099533216664,3,4,13,descriptive direction-wise interval; no multiplicity adjustment
strong_1nn_minus_rect_ifft,rect_ifft,strong_1nn,gce_deg,8,30.0,240.0,20,-0.3007815440167807,-26.816214463335907,24.375294689292634,5,4,11,descriptive direction-wise interval; no multiplicity adjustment
strong_1nn_minus_rect_ifft,rect_ifft,strong_1nn,gce_deg,9,30.0,270.0,20,-2.4006267052640657,-13.332032119615965,10.903523552871631,1,6,13,descriptive direction-wise interval; no multiplicity adjustment
strong_1nn_minus_rect_ifft,rect_ifft,strong_1nn,gce_deg,10,30.0,300.0,20,-14.508573378496383,-33.5101610834258,7.340322759998232,1,8,11,descriptive direction-wise interval; no multiplicity adjustment
strong_1nn_minus_rect_ifft,rect_ifft,strong_1nn,gce_deg,11,30.0,330.0,20,-17.683258848608485,-36.94495249441692,-1.6097329243440464,1,6,13,descriptive direction-wise interval; no multiplicity adjustment
strong_1nn_minus_rect_ifft,rect_ifft,strong_1nn,gce_deg,12,60.0,0.0,20,-2.241651589529858,-21.626160063062397,18.642856720515656,3,7,10,descriptive direction-wise interval; no multiplicity adjustment
strong_1nn_minus_rect_ifft,rect_ifft,strong_1nn,gce_deg,13,60.0,30.0,20,4.411847859099482,-14.889945197923446,25.979301905481655,4,7,9,descriptive direction-wise interval; no multiplicity adjustment
strong_1nn_minus_rect_ifft,rect_ifft,strong_1nn,gce_deg,14,60.0,60.0,20,3.8329837319131834,-9.785982447088713,21.105216474748794,3,11,6,descriptive direction-wise interval; no multiplicity adjustment
strong_1nn_minus_rect_ifft,rect_ifft,strong_1nn,gce_deg,15,60.0,90.0,20,-20.416510949816022,-42.489429296766005,-3.7942142312867193,1,7,12,descriptive direction-wise interval; no multiplicity adjustment
strong_1nn_minus_rect_ifft,rect_ifft,strong_1nn,gce_deg,16,60.0,120.0,20,-5.567491743408638,-23.791171767081604,11.528656562045015,5,7,8,descriptive direction-wise interval; no multiplicity adjustment
strong_1nn_minus_rect_ifft,rect_ifft,strong_1nn,gce_deg,17,60.0,150.0,20,-8.612326279097058,-29.10094664322372,10.200541964525105,4,7,9,descriptive direction-wise interval; no multiplicity adjustment
strong_1nn_minus_rect_ifft,rect_ifft,strong_1nn,gce_deg,18,60.0,180.0,20,12.713659639928641,-6.357768740765065,34.92857057128633,4,4,12,descriptive direction-wise interval; no multiplicity adjustment
strong_1nn_minus_rect_ifft,rect_ifft,strong_1nn,gce_deg,19,60.0,210.0,20,-15.216654175789168,-34.84949219157546,2.1400611360978536,5,8,7,descriptive direction-wise interval; no multiplicity adjustment
strong_1nn_minus_rect_ifft,rect_ifft,strong_1nn,gce_deg,20,60.0,240.0,20,-14.15460405883903,-36.280456504140574,8.821608588241487,5,9,6,descriptive direction-wise interval; no multiplicity adjustment
strong_1nn_minus_rect_ifft,rect_ifft,strong_1nn,gce_deg,21,60.0,270.0,20,-11.406982237061815,-35.94888728550502,10.85884645469794,3,8,9,descriptive direction-wise interval; no multiplicity adjustment
strong_1nn_minus_rect_ifft,rect_ifft,strong_1nn,gce_deg,22,60.0,300.0,20,-7.394316378894311,-23.36396323968873,6.531816587974151,4,4,12,descriptive direction-wise interval; no multiplicity adjustment
strong_1nn_minus_rect_ifft,rect_ifft,strong_1nn,gce_deg,23,60.0,330.0,20,-16.57030454841046,-35.5888882702668,2.0113267439464657,2,7,11,descriptive direction-wise interval; no multiplicity adjustment
strong_1nn_minus_rect_ifft,rect_ifft,strong_1nn,gce_deg,24,90.0,0.0,20,-27.36932469006473,-56.78571443557738,3.8887880380423927,4,16,0,descriptive direction-wise interval; no multiplicity adjustment
strong_1nn_minus_rect_ifft,rect_ifft,strong_1nn,gce_deg,25,90.0,30.0,20,-25.14854282473572,-46.85750661149524,-4.296792070369874,4,15,1,descriptive direction-wise interval; no multiplicity adjustment
strong_1nn_minus_rect_ifft,rect_ifft,strong_1nn,gce_deg,26,90.0,60.0,20,-12.15183359404912,-34.2059580326015,8.452832221028988,8,9,3,descriptive direction-wise interval; no multiplicity adjustment
strong_1nn_minus_rect_ifft,rect_ifft,strong_1nn,gce_deg,27,90.0,90.0,20,-51.00000010899133,-85.5000001362392,-16.07142872129168,4,13,3,descriptive direction-wise interval; no multiplicity adjustment
strong_1nn_minus_rect_ifft,rect_ifft,strong_1nn,gce_deg,28,90.0,120.0,20,-21.16583898557996,-51.71530575892447,10.503454605537708,7,12,1,descriptive direction-wise interval; no multiplicity adjustment
strong_1nn_minus_rect_ifft,rect_ifft,strong_1nn,gce_deg,29,90.0,150.0,20,-23.94994969517905,-56.72533461632421,11.386148311990448,5,14,1,descriptive direction-wise interval; no multiplicity adjustment
strong_1nn_minus_rect_ifft,rect_ifft,strong_1nn,gce_deg,30,90.0,180.0,20,-6.518826260775805,-37.930122151907966,25.195528819499955,10,10,0,descriptive direction-wise interval; no multiplicity adjustment
strong_1nn_minus_rect_ifft,rect_ifft,strong_1nn,gce_deg,31,90.0,210.0,20,-11.410839892932955,-28.5950862426767,5.1816414171979455,6,9,5,descriptive direction-wise interval; no multiplicity adjustment
strong_1nn_minus_rect_ifft,rect_ifft,strong_1nn,gce_deg,32,90.0,240.0,20,-7.45783257750072,-30.42857394634004,16.840949927360167,6,13,1,descriptive direction-wise interval; no multiplicity adjustment
strong_1nn_minus_rect_ifft,rect_ifft,strong_1nn,gce_deg,33,90.0,270.0,20,-25.50000004087175,-58.071428653172084,8.571428557804651,4,10,6,descriptive direction-wise interval; no multiplicity adjustment
strong_1nn_minus_rect_ifft,rect_ifft,strong_1nn,gce_deg,34,90.0,300.0,20,-24.80585276739939,-53.939588751111714,4.0445202037596095,4,13,3,descriptive direction-wise interval; no multiplicity adjustment
strong_1nn_minus_rect_ifft,rect_ifft,strong_1nn,gce_deg,35,90.0,330.0,20,-42.2202762212848,-71.78893550458692,-10.751284621520663,4,16,0,descriptive direction-wise interval; no multiplicity adjustment
strong_1nn_minus_rect_ifft,rect_ifft,strong_1nn,gce_deg,36,120.0,0.0,20,-9.729967376164023,-20.142857207570753,-0.7299675532749689,2,7,11,descriptive direction-wise interval; no multiplicity adjustment
strong_1nn_minus_rect_ifft,rect_ifft,strong_1nn,gce_deg,37,120.0,30.0,20,3.5706094694030917,-15.262672228616058,23.585459971072634,5,5,10,descriptive direction-wise interval; no multiplicity adjustment
strong_1nn_minus_rect_ifft,rect_ifft,strong_1nn,gce_deg,38,120.0,60.0,20,10.79905154724739,-2.8163953064702056,28.069040698083906,5,7,8,descriptive direction-wise interval; no multiplicity adjustment
strong_1nn_minus_rect_ifft,rect_ifft,strong_1nn,gce_deg,39,120.0,90.0,20,-26.471860757692127,-49.33329227359669,-7.9092023610359234,0,11,9,descriptive direction-wise interval; no multiplicity adjustment
strong_1nn_minus_rect_ifft,rect_ifft,strong_1nn,gce_deg,40,120.0,120.0,20,-1.4669970767352674,-19.367043971678807,14.101427971088631,5,6,9,descriptive direction-wise interval; no multiplicity adjustment
strong_1nn_minus_rect_ifft,rect_ifft,strong_1nn,gce_deg,41,120.0,150.0,20,-15.76360221890162,-33.74467299046861,1.3914828923071023,1,10,9,descriptive direction-wise interval; no multiplicity adjustment
strong_1nn_minus_rect_ifft,rect_ifft,strong_1nn,gce_deg,42,120.0,180.0,20,-0.04006226482599366,-14.008696121710438,19.674222093879795,2,7,11,descriptive direction-wise interval; no multiplicity adjustment
strong_1nn_minus_rect_ifft,rect_ifft,strong_1nn,gce_deg,43,120.0,210.0,20,-11.112001518680179,-37.022249014246626,13.41532442899557,7,8,5,descriptive direction-wise interval; no multiplicity adjustment
strong_1nn_minus_rect_ifft,rect_ifft,strong_1nn,gce_deg,44,120.0,240.0,20,-8.669494029482811,-23.384358263641705,6.098737927173005,3,9,8,descriptive direction-wise interval; no multiplicity adjustment
strong_1nn_minus_rect_ifft,rect_ifft,strong_1nn,gce_deg,45,120.0,270.0,20,-22.306279334686707,-47.45478237408654,1.2363778426019694,2,9,9,descriptive direction-wise interval; no multiplicity adjustment
strong_1nn_minus_rect_ifft,rect_ifft,strong_1nn,gce_deg,46,120.0,300.0,20,-17.251884518506035,-37.528203406510706,0.09954557292225892,1,9,10,descriptive direction-wise interval; no multiplicity adjustment
strong_1nn_minus_rect_ifft,rect_ifft,strong_1nn,gce_deg,47,120.0,330.0,20,-22.20127873570639,-40.284090124675814,-7.318684719913388,0,8,12,descriptive direction-wise interval; no multiplicity adjustment
strong_1nn_minus_rect_ifft,rect_ifft,strong_1nn,gce_deg,48,150.0,0.0,20,-7.721658664772592,-19.399308805126207,1.6062221254621243,3,5,12,descriptive direction-wise interval; no multiplicity adjustment
strong_1nn_minus_rect_ifft,rect_ifft,strong_1nn,gce_deg,49,150.0,30.0,20,-7.017903010846759,-24.0273586000715,11.35529365777497,1,6,13,descriptive direction-wise interval; no multiplicity adjustment
strong_1nn_minus_rect_ifft,rect_ifft,strong_1nn,gce_deg,50,150.0,60.0,20,3.2189743076015764,-22.415624101164003,27.571879114781407,4,3,13,descriptive direction-wise interval; no multiplicity adjustment
strong_1nn_minus_rect_ifft,rect_ifft,strong_1nn,gce_deg,51,150.0,90.0,20,-10.278919697698143,-30.748153258260277,5.140764999389653,4,4,12,descriptive direction-wise interval; no multiplicity adjustment
strong_1nn_minus_rect_ifft,rect_ifft,strong_1nn,gce_deg,52,150.0,120.0,20,-4.047522488400736,-22.5912401499568,9.711621140282094,3,5,12,descriptive direction-wise interval; no multiplicity adjustment
strong_1nn_minus_rect_ifft,rect_ifft,strong_1nn,gce_deg,53,150.0,150.0,20,-5.620131919803758,-27.273512881142757,17.74038411308637,2,6,12,descriptive direction-wise interval; no multiplicity adjustment
strong_1nn_minus_rect_ifft,rect_ifft,strong_1nn,gce_deg,54,150.0,180.0,20,0.46007127761841105,-9.595344272000444,14.73767775126866,4,4,12,descriptive direction-wise interval; no multiplicity adjustment
strong_1nn_minus_rect_ifft,rect_ifft,strong_1nn,gce_deg,55,150.0,210.0,20,-2.0939586700743438,-17.000412120141046,16.17281010320421,2,5,13,descriptive direction-wise interval; no multiplicity adjustment
strong_1nn_minus_rect_ifft,rect_ifft,strong_1nn,gce_deg,56,150.0,240.0,20,15.80330771380979,-3.269277216610545,38.01043322889362,6,3,11,descriptive direction-wise interval; no multiplicity adjustment
strong_1nn_minus_rect_ifft,rect_ifft,strong_1nn,gce_deg,57,150.0,270.0,20,4.072876760730099,-10.902867615341387,23.978641027152918,2,4,14,descriptive direction-wise interval; no multiplicity adjustment
strong_1nn_minus_rect_ifft,rect_ifft,strong_1nn,gce_deg,58,150.0,300.0,20,-18.547502384527963,-39.954299051421025,0.6526105478800215,1,6,13,descriptive direction-wise interval; no multiplicity adjustment
strong_1nn_minus_rect_ifft,rect_ifft,strong_1nn,gce_deg,59,150.0,330.0,20,-3.424343681151588,-17.275165271759032,9.061994899103576,2,6,12,descriptive direction-wise interval; no multiplicity adjustment
strong_1nn_minus_rect_ifft,rect_ifft,strong_1nn,top1,0,30.0,0.0,20,0.02857142857142857,-0.05,0.15,1,2,17,descriptive direction-wise interval; no multiplicity adjustment
strong_1nn_minus_rect_ifft,rect_ifft,strong_1nn,top1,1,30.0,30.0,20,0.08571428571428572,-0.07142857142857142,0.25,4,2,14,descriptive direction-wise interval; no multiplicity adjustment
strong_1nn_minus_rect_ifft,rect_ifft,strong_1nn,top1,2,30.0,60.0,20,0.021428571428571425,-0.15,0.20714285714285713,2,2,16,descriptive direction-wise interval; no multiplicity adjustment
strong_1nn_minus_rect_ifft,rect_ifft,strong_1nn,top1,3,30.0,90.0,20,0.05714285714285715,-0.007142857142857143,0.1642857142857143,3,1,16,descriptive direction-wise interval; no multiplicity adjustment
strong_1nn_minus_rect_ifft,rect_ifft,strong_1nn,top1,4,30.0,120.0,20,0.11428571428571428,-0.08571428571428572,0.3142857142857143,4,1,15,descriptive direction-wise interval; no multiplicity adjustment
strong_1nn_minus_rect_ifft,rect_ifft,strong_1nn,top1,5,30.0,150.0,20,0.1357142857142857,0.02857142857142858,0.2642857142857143,8,1,11,descriptive direction-wise interval; no multiplicity adjustment
strong_1nn_minus_rect_ifft,rect_ifft,strong_1nn,top1,6,30.0,180.0,20,5.551115123125783e-18,-0.14285714285714285,0.15,2,2,16,descriptive direction-wise interval; no multiplicity adjustment
strong_1nn_minus_rect_ifft,rect_ifft,strong_1nn,top1,7,30.0,210.0,20,5.551115123125783e-18,-0.05,0.05714285714285715,2,3,15,descriptive direction-wise interval; no multiplicity adjustment
strong_1nn_minus_rect_ifft,rect_ifft,strong_1nn,top1,8,30.0,240.0,20,0.02142857142857143,-0.17142857142857143,0.21428571428571427,3,3,14,descriptive direction-wise interval; no multiplicity adjustment
strong_1nn_minus_rect_ifft,rect_ifft,strong_1nn,top1,9,30.0,270.0,20,-0.021428571428571425,-0.08571428571428572,0.04285714285714286,1,3,16,descriptive direction-wise interval; no multiplicity adjustment
strong_1nn_minus_rect_ifft,rect_ifft,strong_1nn,top1,10,30.0,300.0,20,0.22857142857142856,0.028571428571428574,0.4357142857142858,8,1,11,descriptive direction-wise interval; no multiplicity adjustment
strong_1nn_minus_rect_ifft,rect_ifft,strong_1nn,top1,11,30.0,330.0,20,0.17857142857142855,0.04285714285714286,0.33571428571428574,5,0,15,descriptive direction-wise interval; no multiplicity adjustment
strong_1nn_minus_rect_ifft,rect_ifft,strong_1nn,top1,12,60.0,0.0,20,0.0,-0.2357142857142857,0.2285714285714286,4,3,13,descriptive direction-wise interval; no multiplicity adjustment
strong_1nn_minus_rect_ifft,rect_ifft,strong_1nn,top1,13,60.0,30.0,20,0.021428571428571446,-0.2,0.22857142857142856,7,4,9,descriptive direction-wise interval; no multiplicity adjustment
strong_1nn_minus_rect_ifft,rect_ifft,strong_1nn,top1,14,60.0,60.0,20,0.07142857142857144,-0.05714285714285713,0.17857142857142858,9,2,9,descriptive direction-wise interval; no multiplicity adjustment
strong_1nn_minus_rect_ifft,rect_ifft,strong_1nn,top1,15,60.0,90.0,20,0.20714285714285713,0.05714285714285714,0.38571428571428573,6,0,14,descriptive direction-wise interval; no multiplicity adjustment
strong_1nn_minus_rect_ifft,rect_ifft,strong_1nn,top1,16,60.0,120.0,20,0.12142857142857144,-0.014285714285714268,0.27142857142857146,7,1,12,descriptive direction-wise interval; no multiplicity adjustment
strong_1nn_minus_rect_ifft,rect_ifft,strong_1nn,top1,17,60.0,150.0,20,0.10000000000000002,-0.10714285714285714,0.30714285714285716,6,4,10,descriptive direction-wise interval; no multiplicity adjustment
strong_1nn_minus_rect_ifft,rect_ifft,strong_1nn,top1,18,60.0,180.0,20,0.007142857142857154,-0.16428571428571428,0.19285714285714287,3,4,13,descriptive direction-wise interval; no multiplicity adjustment
strong_1nn_minus_rect_ifft,rect_ifft,strong_1nn,top1,19,60.0,210.0,20,0.17142857142857143,0.021428571428571425,0.34285714285714286,6,4,10,descriptive direction-wise interval; no multiplicity adjustment
strong_1nn_minus_rect_ifft,rect_ifft,strong_1nn,top1,20,60.0,240.0,20,0.2357142857142857,0.042857142857142864,0.42857142857142855,9,2,9,descriptive direction-wise interval; no multiplicity adjustment
strong_1nn_minus_rect_ifft,rect_ifft,strong_1nn,top1,21,60.0,270.0,20,0.17142857142857143,0.03571428571428572,0.32857142857142857,7,1,12,descriptive direction-wise interval; no multiplicity adjustment
strong_1nn_minus_rect_ifft,rect_ifft,strong_1nn,top1,22,60.0,300.0,20,0.09285714285714286,-0.00714285714285714,0.22142857142857145,4,1,15,descriptive direction-wise interval; no multiplicity adjustment
strong_1nn_minus_rect_ifft,rect_ifft,strong_1nn,top1,23,60.0,330.0,20,0.18571428571428572,-0.02142857142857143,0.3928571428571429,6,1,13,descriptive direction-wise interval; no multiplicity adjustment
strong_1nn_minus_rect_ifft,rect_ifft,strong_1nn,top1,24,90.0,0.0,20,-0.049999999999999996,-0.23571428571428568,0.13571428571428573,9,8,3,descriptive direction-wise interval; no multiplicity adjustment
strong_1nn_minus_rect_ifft,rect_ifft,strong_1nn,top1,25,90.0,30.0,20,-0.0857142857142857,-0.2928571428571428,0.12142857142857144,6,7,7,descriptive direction-wise interval; no multiplicity adjustment
strong_1nn_minus_rect_ifft,rect_ifft,strong_1nn,top1,26,90.0,60.0,20,0.007142857142857143,-0.17142857142857143,0.18571428571428578,5,7,8,descriptive direction-wise interval; no multiplicity adjustment
strong_1nn_minus_rect_ifft,rect_ifft,strong_1nn,top1,27,90.0,90.0,20,0.19285714285714287,-0.03571428571428572,0.4214285714285714,10,5,5,descriptive direction-wise interval; no multiplicity adjustment
strong_1nn_minus_rect_ifft,rect_ifft,strong_1nn,top1,28,90.0,120.0,20,-0.05000000000000001,-0.3142857142857142,0.21428571428571427,7,8,5,descriptive direction-wise interval; no multiplicity adjustment
strong_1nn_minus_rect_ifft,rect_ifft,strong_1nn,top1,29,90.0,150.0,20,0.0785714285714286,-0.11428571428571424,0.2785714285714286,7,7,6,descriptive direction-wise interval; no multiplicity adjustment
strong_1nn_minus_rect_ifft,rect_ifft,strong_1nn,top1,30,90.0,180.0,20,-0.23571428571428568,-0.42142857142857143,-0.04285714285714285,4,13,3,descriptive direction-wise interval; no multiplicity adjustment
strong_1nn_minus_rect_ifft,rect_ifft,strong_1nn,top1,31,90.0,210.0,20,-0.14999999999999997,-0.32857142857142857,0.05,2,10,8,descriptive direction-wise interval; no multiplicity adjustment
strong_1nn_minus_rect_ifft,rect_ifft,strong_1nn,top1,32,90.0,240.0,20,2.2204460492503132e-17,-0.1571428571428571,0.15000000000000005,7,5,8,descriptive direction-wise interval; no multiplicity adjustment
strong_1nn_minus_rect_ifft,rect_ifft,strong_1nn,top1,33,90.0,270.0,20,-0.0857142857142857,-0.3214285714285714,0.14285714285714288,6,6,8,descriptive direction-wise interval; no multiplicity adjustment
strong_1nn_minus_rect_ifft,rect_ifft,strong_1nn,top1,34,90.0,300.0,20,-0.014285714285714271,-0.24285714285714283,0.22857142857142856,6,9,5,descriptive direction-wise interval; no multiplicity adjustment
strong_1nn_minus_rect_ifft,rect_ifft,strong_1nn,top1,35,90.0,330.0,20,1.9428902930940238e-17,-0.21428571428571427,0.22857142857142856,6,9,5,descriptive direction-wise interval; no multiplicity adjustment
strong_1nn_minus_rect_ifft,rect_ifft,strong_1nn,top1,36,120.0,0.0,20,0.09285714285714286,-0.07857142857142858,0.27142857142857146,5,1,14,descriptive direction-wise interval; no multiplicity adjustment
strong_1nn_minus_rect_ifft,rect_ifft,strong_1nn,top1,37,120.0,30.0,20,0.0071428571428571504,-0.19285714285714287,0.20714285714285716,5,4,11,descriptive direction-wise interval; no multiplicity adjustment
strong_1nn_minus_rect_ifft,rect_ifft,strong_1nn,top1,38,120.0,60.0,20,0.03571428571428571,-0.1,0.13571428571428573,7,1,12,descriptive direction-wise interval; no multiplicity adjustment
strong_1nn_minus_rect_ifft,rect_ifft,strong_1nn,top1,39,120.0,90.0,20,0.2,0.05714285714285714,0.3642857142857143,8,1,11,descriptive direction-wise interval; no multiplicity adjustment
strong_1nn_minus_rect_ifft,rect_ifft,strong_1nn,top1,40,120.0,120.0,20,0.04285714285714286,-0.08571428571428572,0.18571428571428572,4,3,13,descriptive direction-wise interval; no multiplicity adjustment
strong_1nn_minus_rect_ifft,rect_ifft,strong_1nn,top1,41,120.0,150.0,20,0.15000000000000002,-0.04285714285714285,0.34285714285714286,7,2,11,descriptive direction-wise interval; no multiplicity adjustment
strong_1nn_minus_rect_ifft,rect_ifft,strong_1nn,top1,42,120.0,180.0,20,0.10714285714285714,-0.05714285714285714,0.2857142857142857,6,2,12,descriptive direction-wise interval; no multiplicity adjustment
strong_1nn_minus_rect_ifft,rect_ifft,strong_1nn,top1,43,120.0,210.0,20,0.1142857142857143,-0.11428571428571425,0.34285714285714286,7,7,6,descriptive direction-wise interval; no multiplicity adjustment
strong_1nn_minus_rect_ifft,rect_ifft,strong_1nn,top1,44,120.0,240.0,20,0.2,0.05714285714285715,0.36428571428571427,7,1,12,descriptive direction-wise interval; no multiplicity adjustment
strong_1nn_minus_rect_ifft,rect_ifft,strong_1nn,top1,45,120.0,270.0,20,0.12142857142857144,-0.04285714285714286,0.3,7,2,11,descriptive direction-wise interval; no multiplicity adjustment
strong_1nn_minus_rect_ifft,rect_ifft,strong_1nn,top1,46,120.0,300.0,20,0.21428571428571427,0.04285714285714286,0.40714285714285714,7,1,12,descriptive direction-wise interval; no multiplicity adjustment
strong_1nn_minus_rect_ifft,rect_ifft,strong_1nn,top1,47,120.0,330.0,20,0.24285714285714283,0.08571428571428572,0.42142857142857143,7,0,13,descriptive direction-wise interval; no multiplicity adjustment
strong_1nn_minus_rect_ifft,rect_ifft,strong_1nn,top1,48,150.0,0.0,20,0.07857142857142858,-0.06428571428571428,0.24285714285714288,3,2,15,descriptive direction-wise interval; no multiplicity adjustment
strong_1nn_minus_rect_ifft,rect_ifft,strong_1nn,top1,49,150.0,30.0,20,0.1,0.007142857142857145,0.22857142857142856,4,0,16,descriptive direction-wise interval; no multiplicity adjustment
strong_1nn_minus_rect_ifft,rect_ifft,strong_1nn,top1,50,150.0,60.0,20,0.014285714285714287,-0.11428571428571425,0.15714285714285714,2,3,15,descriptive direction-wise interval; no multiplicity adjustment
strong_1nn_minus_rect_ifft,rect_ifft,strong_1nn,top1,51,150.0,90.0,20,0.0071428571428571504,-0.10714285714285712,0.13571428571428573,2,2,16,descriptive direction-wise interval; no multiplicity adjustment
strong_1nn_minus_rect_ifft,rect_ifft,strong_1nn,top1,52,150.0,120.0,20,0.03571428571428572,-0.10714285714285714,0.19285714285714287,3,2,15,descriptive direction-wise interval; no multiplicity adjustment
strong_1nn_minus_rect_ifft,rect_ifft,strong_1nn,top1,53,150.0,150.0,20,0.07857142857142857,-0.09999999999999999,0.26428571428571435,5,2,13,descriptive direction-wise interval; no multiplicity adjustment
strong_1nn_minus_rect_ifft,rect_ifft,strong_1nn,top1,54,150.0,180.0,20,0.042857142857142864,-0.007142857142857143,0.12857142857142856,3,1,16,descriptive direction-wise interval; no multiplicity adjustment
strong_1nn_minus_rect_ifft,rect_ifft,strong_1nn,top1,55,150.0,210.0,20,0.01428571428571429,-0.06428571428571428,0.08571428571428572,2,1,17,descriptive direction-wise interval; no multiplicity adjustment
strong_1nn_minus_rect_ifft,rect_ifft,strong_1nn,top1,56,150.0,240.0,20,-0.10714285714285716,-0.2785714285714286,0.035714285714285726,2,4,14,descriptive direction-wise interval; no multiplicity adjustment
strong_1nn_minus_rect_ifft,rect_ifft,strong_1nn,top1,57,150.0,270.0,20,0.01428571428571428,-0.13571428571428573,0.15714285714285717,3,2,15,descriptive direction-wise interval; no multiplicity adjustment
strong_1nn_minus_rect_ifft,rect_ifft,strong_1nn,top1,58,150.0,300.0,20,0.20714285714285716,0.03571428571428571,0.4,5,2,13,descriptive direction-wise interval; no multiplicity adjustment
strong_1nn_minus_rect_ifft,rect_ifft,strong_1nn,top1,59,150.0,330.0,20,0.07857142857142858,0.007142857142857145,0.17857142857142858,4,0,16,descriptive direction-wise interval; no multiplicity adjustment
strong_1nn_minus_rect_ifft,rect_ifft,strong_1nn,tail_gt90,0,30.0,0.0,20,-0.07857142857142857,-0.16428571428571428,-0.007142857142857143,0,4,16,descriptive direction-wise interval; no multiplicity adjustment
strong_1nn_minus_rect_ifft,rect_ifft,strong_1nn,tail_gt90,1,30.0,30.0,20,-0.049999999999999996,-0.20714285714285716,0.1,1,3,16,descriptive direction-wise interval; no multiplicity adjustment
strong_1nn_minus_rect_ifft,rect_ifft,strong_1nn,tail_gt90,2,30.0,60.0,20,-0.08571428571428572,-0.24285714285714288,0.06428571428571431,1,4,15,descriptive direction-wise interval; no multiplicity adjustment
strong_1nn_minus_rect_ifft,rect_ifft,strong_1nn,tail_gt90,3,30.0,90.0,20,-0.09285714285714285,-0.21428571428571427,-0.007142857142857143,0,4,16,descriptive direction-wise interval; no multiplicity adjustment
strong_1nn_minus_rect_ifft,rect_ifft,strong_1nn,tail_gt90,4,30.0,120.0,20,-0.14285714285714285,-0.29285714285714287,-0.021428571428571422,1,5,14,descriptive direction-wise interval; no multiplicity adjustment
strong_1nn_minus_rect_ifft,rect_ifft,strong_1nn,tail_gt90,5,30.0,150.0,20,-0.02857142857142857,-0.17142857142857143,0.10714285714285716,1,2,17,descriptive direction-wise interval; no multiplicity adjustment
strong_1nn_minus_rect_ifft,rect_ifft,strong_1nn,tail_gt90,6,30.0,180.0,20,0.04285714285714286,-0.02857142857142857,0.15714285714285714,2,2,16,descriptive direction-wise interval; no multiplicity adjustment
strong_1nn_minus_rect_ifft,rect_ifft,strong_1nn,tail_gt90,7,30.0,210.0,20,0.007142857142857148,-0.07857142857142856,0.1142857142857143,1,2,17,descriptive direction-wise interval; no multiplicity adjustment
strong_1nn_minus_rect_ifft,rect_ifft,strong_1nn,tail_gt90,8,30.0,240.0,20,-0.02142857142857142,-0.1857142857142857,0.13571428571428573,3,4,13,descriptive direction-wise interval; no multiplicity adjustment
strong_1nn_minus_rect_ifft,rect_ifft,strong_1nn,tail_gt90,9,30.0,270.0,20,0.0071428571428571504,-0.08571428571428572,0.12142857142857144,1,2,17,descriptive direction-wise interval; no multiplicity adjustment
strong_1nn_minus_rect_ifft,rect_ifft,strong_1nn,tail_gt90,10,30.0,300.0,20,-0.02857142857142857,-0.12857142857142856,0.09285714285714287,1,5,14,descriptive direction-wise interval; no multiplicity adjustment
strong_1nn_minus_rect_ifft,rect_ifft,strong_1nn,tail_gt90,11,30.0,330.0,20,-0.14285714285714285,-0.2928571428571428,-0.01428571428571428,1,6,13,descriptive direction-wise interval; no multiplicity adjustment
strong_1nn_minus_rect_ifft,rect_ifft,strong_1nn,tail_gt90,12,60.0,0.0,20,-0.05,-0.20714285714285713,0.1,1,3,16,descriptive direction-wise interval; no multiplicity adjustment
strong_1nn_minus_rect_ifft,rect_ifft,strong_1nn,tail_gt90,13,60.0,30.0,20,0.0642857142857143,-0.05,0.21428571428571433,2,2,16,descriptive direction-wise interval; no multiplicity adjustment
strong_1nn_minus_rect_ifft,rect_ifft,strong_1nn,tail_gt90,14,60.0,60.0,20,0.05,-0.07857142857142856,0.20714285714285716,2,2,16,descriptive direction-wise interval; no multiplicity adjustment
strong_1nn_minus_rect_ifft,rect_ifft,strong_1nn,tail_gt90,15,60.0,90.0,20,-0.15,-0.3,-0.02857142857142857,0,5,15,descriptive direction-wise interval; no multiplicity adjustment
strong_1nn_minus_rect_ifft,rect_ifft,strong_1nn,tail_gt90,16,60.0,120.0,20,-0.07857142857142857,-0.22857142857142856,0.07142857142857144,2,7,11,descriptive direction-wise interval; no multiplicity adjustment
strong_1nn_minus_rect_ifft,rect_ifft,strong_1nn,tail_gt90,17,60.0,150.0,20,-0.0642857142857143,-0.2,0.05714285714285714,2,3,15,descriptive direction-wise interval; no multiplicity adjustment
strong_1nn_minus_rect_ifft,rect_ifft,strong_1nn,tail_gt90,18,60.0,180.0,20,0.1285714285714286,-0.007142857142857143,0.2857142857142857,3,1,16,descriptive direction-wise interval; no multiplicity adjustment
strong_1nn_minus_rect_ifft,rect_ifft,strong_1nn,tail_gt90,19,60.0,210.0,20,-0.12857142857142856,-0.2928571428571428,0.028571428571428588,2,5,13,descriptive direction-wise interval; no multiplicity adjustment
strong_1nn_minus_rect_ifft,rect_ifft,strong_1nn,tail_gt90,20,60.0,240.0,20,-0.07857142857142856,-0.26428571428571423,0.11428571428571428,4,7,9,descriptive direction-wise interval; no multiplicity adjustment
strong_1nn_minus_rect_ifft,rect_ifft,strong_1nn,tail_gt90,21,60.0,270.0,20,-0.021428571428571425,-0.21428571428571427,0.17142857142857143,3,5,12,descriptive direction-wise interval; no multiplicity adjustment
strong_1nn_minus_rect_ifft,rect_ifft,strong_1nn,tail_gt90,22,60.0,300.0,20,-0.07857142857142856,-0.21428571428571427,0.05,1,4,15,descriptive direction-wise interval; no multiplicity adjustment
strong_1nn_minus_rect_ifft,rect_ifft,strong_1nn,tail_gt90,23,60.0,330.0,20,-0.09285714285714286,-0.2214285714285714,0.01428571428571429,1,5,14,descriptive direction-wise interval; no multiplicity adjustment
strong_1nn_minus_rect_ifft,rect_ifft,strong_1nn,tail_gt90,24,90.0,0.0,20,-0.2214285714285714,-0.42857142857142855,-0.007142857142857134,4,15,1,descriptive direction-wise interval; no multiplicity adjustment
strong_1nn_minus_rect_ifft,rect_ifft,strong_1nn,tail_gt90,25,90.0,30.0,20,-0.17142857142857143,-0.3571428571428571,0.02142857142857143,5,12,3,descriptive direction-wise interval; no multiplicity adjustment
strong_1nn_minus_rect_ifft,rect_ifft,strong_1nn,tail_gt90,26,90.0,60.0,20,-0.02857142857142857,-0.19285714285714284,0.1285714285714286,5,7,8,descriptive direction-wise interval; no multiplicity adjustment
strong_1nn_minus_rect_ifft,rect_ifft,strong_1nn,tail_gt90,27,90.0,90.0,20,-0.2857142857142857,-0.48571428571428565,-0.07857142857142856,3,12,5,descriptive direction-wise interval; no multiplicity adjustment
strong_1nn_minus_rect_ifft,rect_ifft,strong_1nn,tail_gt90,28,90.0,120.0,20,-0.25,-0.45000000000000007,-0.0357142857142857,2,13,5,descriptive direction-wise interval; no multiplicity adjustment
strong_1nn_minus_rect_ifft,rect_ifft,strong_1nn,tail_gt90,29,90.0,150.0,20,-0.16428571428571426,-0.40714285714285714,0.09285714285714286,6,13,1,descriptive direction-wise interval; no multiplicity adjustment
strong_1nn_minus_rect_ifft,rect_ifft,strong_1nn,tail_gt90,30,90.0,180.0,20,-0.049999999999999975,-0.2714285714285714,0.17857142857142855,7,10,3,descriptive direction-wise interval; no multiplicity adjustment
strong_1nn_minus_rect_ifft,rect_ifft,strong_1nn,tail_gt90,31,90.0,210.0,20,-0.12857142857142853,-0.2857142857142857,0.02142857142857144,4,9,7,descriptive direction-wise interval; no multiplicity adjustment
strong_1nn_minus_rect_ifft,rect_ifft,strong_1nn,tail_gt90,32,90.0,240.0,20,-0.02142857142857142,-0.2214285714285714,0.19285714285714287,5,11,4,descriptive direction-wise interval; no multiplicity adjustment
strong_1nn_minus_rect_ifft,rect_ifft,strong_1nn,tail_gt90,33,90.0,270.0,20,-0.19285714285714287,-0.3928571428571429,0.021428571428571443,2,11,7,descriptive direction-wise interval; no multiplicity adjustment
strong_1nn_minus_rect_ifft,rect_ifft,strong_1nn,tail_gt90,34,90.0,300.0,20,-0.11428571428571425,-0.3214285714285714,0.10714285714285716,3,12,5,descriptive direction-wise interval; no multiplicity adjustment
strong_1nn_minus_rect_ifft,rect_ifft,strong_1nn,tail_gt90,35,90.0,330.0,20,-0.2785714285714286,-0.5071428571428571,-0.02857142857142856,4,15,1,descriptive direction-wise interval; no multiplicity adjustment
strong_1nn_minus_rect_ifft,rect_ifft,strong_1nn,tail_gt90,36,120.0,0.0,20,-0.07857142857142857,-0.2,0.0,0,3,17,descriptive direction-wise interval; no multiplicity adjustment
strong_1nn_minus_rect_ifft,rect_ifft,strong_1nn,tail_gt90,37,120.0,30.0,20,0.05714285714285715,-0.07142857142857142,0.20714285714285716,3,3,14,descriptive direction-wise interval; no multiplicity adjustment
strong_1nn_minus_rect_ifft,rect_ifft,strong_1nn,tail_gt90,38,120.0,60.0,20,0.13571428571428573,0.014285714285714285,0.2857142857142857,5,2,13,descriptive direction-wise interval; no multiplicity adjustment
strong_1nn_minus_rect_ifft,rect_ifft,strong_1nn,tail_gt90,39,120.0,90.0,20,-0.15,-0.2928571428571428,-0.03571428571428571,0,5,15,descriptive direction-wise interval; no multiplicity adjustment
strong_1nn_minus_rect_ifft,rect_ifft,strong_1nn,tail_gt90,40,120.0,120.0,20,-0.09285714285714285,-0.2642857142857143,0.05714285714285714,3,4,13,descriptive direction-wise interval; no multiplicity adjustment
strong_1nn_minus_rect_ifft,rect_ifft,strong_1nn,tail_gt90,41,120.0,150.0,20,-0.11428571428571428,-0.2357142857142857,-0.007142857142857143,0,4,16,descriptive direction-wise interval; no multiplicity adjustment
strong_1nn_minus_rect_ifft,rect_ifft,strong_1nn,tail_gt90,42,120.0,180.0,20,0.0071428571428571504,-0.08571428571428572,0.12142857142857144,1,2,17,descriptive direction-wise interval; no multiplicity adjustment
strong_1nn_minus_rect_ifft,rect_ifft,strong_1nn,tail_gt90,43,120.0,210.0,20,-0.14285714285714285,-0.33571428571428574,0.05000000000000001,2,6,12,descriptive direction-wise interval; no multiplicity adjustment
strong_1nn_minus_rect_ifft,rect_ifft,strong_1nn,tail_gt90,44,120.0,240.0,20,5.551115123125783e-18,-0.1571428571428571,0.1642857142857143,3,5,12,descriptive direction-wise interval; no multiplicity adjustment
strong_1nn_minus_rect_ifft,rect_ifft,strong_1nn,tail_gt90,45,120.0,270.0,20,-0.18571428571428572,-0.37142857142857144,0.00714285714285714,1,9,10,descriptive direction-wise interval; no multiplicity adjustment
strong_1nn_minus_rect_ifft,rect_ifft,strong_1nn,tail_gt90,46,120.0,300.0,20,-0.09285714285714286,-0.24285714285714283,0.03571428571428571,1,4,15,descriptive direction-wise interval; no multiplicity adjustment
strong_1nn_minus_rect_ifft,rect_ifft,strong_1nn,tail_gt90,47,120.0,330.0,20,-0.10714285714285714,-0.22142857142857145,-0.02142857142857143,0,6,14,descriptive direction-wise interval; no multiplicity adjustment
strong_1nn_minus_rect_ifft,rect_ifft,strong_1nn,tail_gt90,48,150.0,0.0,20,-0.03571428571428571,-0.08571428571428572,0.0,0,3,17,descriptive direction-wise interval; no multiplicity adjustment
strong_1nn_minus_rect_ifft,rect_ifft,strong_1nn,tail_gt90,49,150.0,30.0,20,-0.06428571428571428,-0.22142857142857145,0.1,1,4,15,descriptive direction-wise interval; no multiplicity adjustment
strong_1nn_minus_rect_ifft,rect_ifft,strong_1nn,tail_gt90,50,150.0,60.0,20,5.551115123125783e-18,-0.1857142857142857,0.17857142857142858,3,3,14,descriptive direction-wise interval; no multiplicity adjustment
strong_1nn_minus_rect_ifft,rect_ifft,strong_1nn,tail_gt90,51,150.0,90.0,20,-0.09285714285714285,-0.22142857142857145,5.551115123125783e-18,1,4,15,descriptive direction-wise interval; no multiplicity adjustment
strong_1nn_minus_rect_ifft,rect_ifft,strong_1nn,tail_gt90,52,150.0,120.0,20,-0.05714285714285714,-0.16428571428571428,0.0,0,2,18,descriptive direction-wise interval; no multiplicity adjustment
strong_1nn_minus_rect_ifft,rect_ifft,strong_1nn,tail_gt90,53,150.0,150.0,20,-0.03571428571428571,-0.20714285714285716,0.14285714285714288,2,6,12,descriptive direction-wise interval; no multiplicity adjustment
strong_1nn_minus_rect_ifft,rect_ifft,strong_1nn,tail_gt90,54,150.0,180.0,20,2.7755575615628915e-18,-0.06428571428571428,0.09285714285714286,1,4,15,descriptive direction-wise interval; no multiplicity adjustment
strong_1nn_minus_rect_ifft,rect_ifft,strong_1nn,tail_gt90,55,150.0,210.0,20,-0.03571428571428571,-0.1857142857142857,0.1142857142857143,1,3,16,descriptive direction-wise interval; no multiplicity adjustment
strong_1nn_minus_rect_ifft,rect_ifft,strong_1nn,tail_gt90,56,150.0,240.0,20,0.09999999999999999,-0.035714285714285705,0.2571428571428572,5,1,14,descriptive direction-wise interval; no multiplicity adjustment
strong_1nn_minus_rect_ifft,rect_ifft,strong_1nn,tail_gt90,57,150.0,270.0,20,0.03571428571428572,-0.02142857142857143,0.1285714285714286,1,1,18,descriptive direction-wise interval; no multiplicity adjustment
strong_1nn_minus_rect_ifft,rect_ifft,strong_1nn,tail_gt90,58,150.0,300.0,20,-0.08571428571428572,-0.22857142857142856,0.021428571428571443,1,3,16,descriptive direction-wise interval; no multiplicity adjustment
strong_1nn_minus_rect_ifft,rect_ifft,strong_1nn,tail_gt90,59,150.0,330.0,20,-0.014285714285714285,-0.12142857142857144,0.09285714285714286,2,3,15,descriptive direction-wise interval; no multiplicity adjustment
strong_1nn_minus_rect_ifft,rect_ifft,strong_1nn,tail_ge150,0,30.0,0.0,20,-0.07142857142857142,-0.14999999999999997,-0.007142857142857143,0,4,16,descriptive direction-wise interval; no multiplicity adjustment
strong_1nn_minus_rect_ifft,rect_ifft,strong_1nn,tail_ge150,1,30.0,30.0,20,-0.06428571428571428,-0.17142857142857143,0.0,0,3,17,descriptive direction-wise interval; no multiplicity adjustment
strong_1nn_minus_rect_ifft,rect_ifft,strong_1nn,tail_ge150,2,30.0,60.0,20,0.02857142857142857,-0.12142857142857141,0.19285714285714287,2,2,16,descriptive direction-wise interval; no multiplicity adjustment
strong_1nn_minus_rect_ifft,rect_ifft,strong_1nn,tail_ge150,3,30.0,90.0,20,-0.15714285714285714,-0.3142857142857143,-0.007142857142857143,0,4,16,descriptive direction-wise interval; no multiplicity adjustment
strong_1nn_minus_rect_ifft,rect_ifft,strong_1nn,tail_ge150,4,30.0,120.0,20,-0.07142857142857142,-0.18571428571428572,0.0,0,3,17,descriptive direction-wise interval; no multiplicity adjustment
strong_1nn_minus_rect_ifft,rect_ifft,strong_1nn,tail_ge150,5,30.0,150.0,20,0.02857142857142858,-0.02857142857142857,0.12142857142857144,1,2,17,descriptive direction-wise interval; no multiplicity adjustment
strong_1nn_minus_rect_ifft,rect_ifft,strong_1nn,tail_ge150,6,30.0,180.0,20,0.07857142857142857,-0.014285714285714285,0.20714285714285713,2,1,17,descriptive direction-wise interval; no multiplicity adjustment
strong_1nn_minus_rect_ifft,rect_ifft,strong_1nn,tail_ge150,7,30.0,210.0,20,0.05714285714285714,0.0,0.15714285714285717,2,0,18,descriptive direction-wise interval; no multiplicity adjustment
strong_1nn_minus_rect_ifft,rect_ifft,strong_1nn,tail_ge150,8,30.0,240.0,20,-0.014285714285714273,-0.17142857142857143,0.15000000000000002,2,4,14,descriptive direction-wise interval; no multiplicity adjustment
strong_1nn_minus_rect_ifft,rect_ifft,strong_1nn,tail_ge150,9,30.0,270.0,20,-0.00714285714285714,-0.15714285714285714,0.14285714285714285,1,2,17,descriptive direction-wise interval; no multiplicity adjustment
strong_1nn_minus_rect_ifft,rect_ifft,strong_1nn,tail_ge150,10,30.0,300.0,20,-0.014285714285714285,-0.12142857142857141,0.12142857142857144,1,4,15,descriptive direction-wise interval; no multiplicity adjustment
strong_1nn_minus_rect_ifft,rect_ifft,strong_1nn,tail_ge150,11,30.0,330.0,20,-0.02142857142857143,-0.05714285714285714,0.0,0,2,18,descriptive direction-wise interval; no multiplicity adjustment
strong_1nn_minus_rect_ifft,rect_ifft,strong_1nn,tail_ge150,12,60.0,0.0,20,-0.05714285714285714,-0.1571428571428571,0.0,0,2,18,descriptive direction-wise interval; no multiplicity adjustment
strong_1nn_minus_rect_ifft,rect_ifft,strong_1nn,tail_ge150,13,60.0,30.0,20,0.0,0.0,0.0,0,0,20,descriptive direction-wise interval; no multiplicity adjustment
strong_1nn_minus_rect_ifft,rect_ifft,strong_1nn,tail_ge150,14,60.0,60.0,20,-0.007142857142857143,-0.02142857142857143,0.0,0,1,19,descriptive direction-wise interval; no multiplicity adjustment
strong_1nn_minus_rect_ifft,rect_ifft,strong_1nn,tail_ge150,15,60.0,90.0,20,-0.08571428571428572,-0.20714285714285713,0.0,0,3,17,descriptive direction-wise interval; no multiplicity adjustment
strong_1nn_minus_rect_ifft,rect_ifft,strong_1nn,tail_ge150,16,60.0,120.0,20,0.0,0.0,0.0,0,0,20,descriptive direction-wise interval; no multiplicity adjustment
strong_1nn_minus_rect_ifft,rect_ifft,strong_1nn,tail_ge150,17,60.0,150.0,20,-0.04285714285714285,-0.07857142857142857,-0.014285714285714285,0,5,15,descriptive direction-wise interval; no multiplicity adjustment
strong_1nn_minus_rect_ifft,rect_ifft,strong_1nn,tail_ge150,18,60.0,180.0,20,0.05,0.0,0.15,1,0,19,descriptive direction-wise interval; no multiplicity adjustment
strong_1nn_minus_rect_ifft,rect_ifft,strong_1nn,tail_ge150,19,60.0,210.0,20,-0.05714285714285714,-0.1357142857142857,-0.007142857142857143,0,4,16,descriptive direction-wise interval; no multiplicity adjustment
strong_1nn_minus_rect_ifft,rect_ifft,strong_1nn,tail_ge150,20,60.0,240.0,20,-0.03571428571428571,-0.07142857142857142,-0.007142857142857143,0,4,16,descriptive direction-wise interval; no multiplicity adjustment
strong_1nn_minus_rect_ifft,rect_ifft,strong_1nn,tail_ge150,21,60.0,270.0,20,-0.03571428571428571,-0.1571428571428571,0.09285714285714289,1,5,14,descriptive direction-wise interval; no multiplicity adjustment
strong_1nn_minus_rect_ifft,rect_ifft,strong_1nn,tail_ge150,22,60.0,300.0,20,-0.007142857142857143,-0.02142857142857143,0.0,0,1,19,descriptive direction-wise interval; no multiplicity adjustment
strong_1nn_minus_rect_ifft,rect_ifft,strong_1nn,tail_ge150,23,60.0,330.0,20,-0.02857142857142857,-0.06428571428571428,0.0,0,3,17,descriptive direction-wise interval; no multiplicity adjustment
strong_1nn_minus_rect_ifft,rect_ifft,strong_1nn,tail_ge150,24,90.0,0.0,20,-0.22142857142857136,-0.42857142857142855,-0.007142857142857129,4,16,0,descriptive direction-wise interval; no multiplicity adjustment
strong_1nn_minus_rect_ifft,rect_ifft,strong_1nn,tail_ge150,25,90.0,30.0,20,-0.18571428571428567,-0.35,5.551115123125783e-18,2,13,5,descriptive direction-wise interval; no multiplicity adjustment
strong_1nn_minus_rect_ifft,rect_ifft,strong_1nn,tail_ge150,26,90.0,60.0,20,-0.17857142857142855,-0.2857142857142857,-0.08571428571428572,0,11,9,descriptive direction-wise interval; no multiplicity adjustment
strong_1nn_minus_rect_ifft,rect_ifft,strong_1nn,tail_ge150,27,90.0,90.0,20,-0.2857142857142857,-0.48571428571428565,-0.07857142857142856,3,12,5,descriptive direction-wise interval; no multiplicity adjustment
strong_1nn_minus_rect_ifft,rect_ifft,strong_1nn,tail_ge150,28,90.0,120.0,20,-0.19285714285714284,-0.3142857142857143,-0.08571428571428572,0,9,11,descriptive direction-wise interval; no multiplicity adjustment
strong_1nn_minus_rect_ifft,rect_ifft,strong_1nn,tail_ge150,29,90.0,150.0,20,-0.10714285714285714,-0.35,0.15714285714285717,4,11,5,descriptive direction-wise interval; no multiplicity adjustment
strong_1nn_minus_rect_ifft,rect_ifft,strong_1nn,tail_ge150,30,90.0,180.0,20,-0.09285714285714283,-0.30714285714285716,0.13571428571428573,6,11,3,descriptive direction-wise interval; no multiplicity adjustment
strong_1nn_minus_rect_ifft,rect_ifft,strong_1nn,tail_ge150,31,90.0,210.0,20,-0.15714285714285714,-0.2857142857142857,-0.03553571428570386,2,10,8,descriptive direction-wise interval; no multiplicity adjustment
strong_1nn_minus_rect_ifft,rect_ifft,strong_1nn,tail_ge150,32,90.0,240.0,20,-0.06428571428571425,-0.14999999999999997,0.04285714285714286,1,10,9,descriptive direction-wise interval; no multiplicity adjustment
strong_1nn_minus_rect_ifft,rect_ifft,strong_1nn,tail_ge150,33,90.0,270.0,20,-0.19285714285714287,-0.3928571428571429,0.021428571428571443,2,11,7,descriptive direction-wise interval; no multiplicity adjustment
strong_1nn_minus_rect_ifft,rect_ifft,strong_1nn,tail_ge150,34,90.0,300.0,20,-0.21428571428571427,-0.3285714285714286,-0.10714285714285714,0,11,9,descriptive direction-wise interval; no multiplicity adjustment
strong_1nn_minus_rect_ifft,rect_ifft,strong_1nn,tail_ge150,35,90.0,330.0,20,-0.2642857142857143,-0.4714285714285714,-0.028571428571428546,2,15,3,descriptive direction-wise interval; no multiplicity adjustment
strong_1nn_minus_rect_ifft,rect_ifft,strong_1nn,tail_ge150,36,120.0,0.0,20,-0.007142857142857143,-0.02142857142857143,0.0,0,1,19,descriptive direction-wise interval; no multiplicity adjustment
strong_1nn_minus_rect_ifft,rect_ifft,strong_1nn,tail_ge150,37,120.0,30.0,20,-0.007142857142857143,-0.02142857142857143,0.0,0,1,19,descriptive direction-wise interval; no multiplicity adjustment
strong_1nn_minus_rect_ifft,rect_ifft,strong_1nn,tail_ge150,38,120.0,60.0,20,-0.014285714285714285,-0.03571428571428571,0.0,0,2,18,descriptive direction-wise interval; no multiplicity adjustment
strong_1nn_minus_rect_ifft,rect_ifft,strong_1nn,tail_ge150,39,120.0,90.0,20,-0.12142857142857141,-0.2571428571428571,-0.007142857142857143,0,4,16,descriptive direction-wise interval; no multiplicity adjustment
strong_1nn_minus_rect_ifft,rect_ifft,strong_1nn,tail_ge150,40,120.0,120.0,20,0.0,0.0,0.0,0,0,20,descriptive direction-wise interval; no multiplicity adjustment
strong_1nn_minus_rect_ifft,rect_ifft,strong_1nn,tail_ge150,41,120.0,150.0,20,-0.04285714285714286,-0.08571428571428572,0.0,0,3,17,descriptive direction-wise interval; no multiplicity adjustment
strong_1nn_minus_rect_ifft,rect_ifft,strong_1nn,tail_ge150,42,120.0,180.0,20,0.05,0.0,0.15,1,0,19,descriptive direction-wise interval; no multiplicity adjustment
strong_1nn_minus_rect_ifft,rect_ifft,strong_1nn,tail_ge150,43,120.0,210.0,20,-0.05,-0.10714285714285714,-0.007142857142857143,0,4,16,descriptive direction-wise interval; no multiplicity adjustment
strong_1nn_minus_rect_ifft,rect_ifft,strong_1nn,tail_ge150,44,120.0,240.0,20,-0.04999999999999999,-0.11428571428571428,-0.007142857142857143,0,4,16,descriptive direction-wise interval; no multiplicity adjustment
strong_1nn_minus_rect_ifft,rect_ifft,strong_1nn,tail_ge150,45,120.0,270.0,20,-0.07857142857142857,-0.19285714285714287,-0.007142857142857143,0,4,16,descriptive direction-wise interval; no multiplicity adjustment
strong_1nn_minus_rect_ifft,rect_ifft,strong_1nn,tail_ge150,46,120.0,300.0,20,-0.02142857142857143,-0.05714285714285714,0.0,0,2,18,descriptive direction-wise interval; no multiplicity adjustment
strong_1nn_minus_rect_ifft,rect_ifft,strong_1nn,tail_ge150,47,120.0,330.0,20,-0.02857142857142857,-0.06428571428571428,0.0,0,3,17,descriptive direction-wise interval; no multiplicity adjustment
strong_1nn_minus_rect_ifft,rect_ifft,strong_1nn,tail_ge150,48,150.0,0.0,20,-0.02857142857142857,-0.07857142857142856,0.0,0,2,18,descriptive direction-wise interval; no multiplicity adjustment
strong_1nn_minus_rect_ifft,rect_ifft,strong_1nn,tail_ge150,49,150.0,30.0,20,0.02142857142857143,-0.06428571428571428,0.14285714285714285,1,2,17,descriptive direction-wise interval; no multiplicity adjustment
strong_1nn_minus_rect_ifft,rect_ifft,strong_1nn,tail_ge150,50,150.0,60.0,20,0.1142857142857143,-0.08571428571428572,0.32142857142857145,4,3,13,descriptive direction-wise interval; no multiplicity adjustment
strong_1nn_minus_rect_ifft,rect_ifft,strong_1nn,tail_ge150,51,150.0,90.0,20,-0.12857142857142856,-0.2642857142857143,-0.02142857142857143,0,5,15,descriptive direction-wise interval; no multiplicity adjustment
strong_1nn_minus_rect_ifft,rect_ifft,strong_1nn,tail_ge150,52,150.0,120.0,20,5.551115123125783e-18,-0.12857142857142856,0.14285714285714285,1,2,17,descriptive direction-wise interval; no multiplicity adjustment
strong_1nn_minus_rect_ifft,rect_ifft,strong_1nn,tail_ge150,53,150.0,150.0,20,-0.00714285714285714,-0.12142857142857141,0.1285714285714286,1,3,16,descriptive direction-wise interval; no multiplicity adjustment
strong_1nn_minus_rect_ifft,rect_ifft,strong_1nn,tail_ge150,54,150.0,180.0,20,0.04285714285714286,-0.02142857142857143,0.15,1,1,18,descriptive direction-wise interval; no multiplicity adjustment
strong_1nn_minus_rect_ifft,rect_ifft,strong_1nn,tail_ge150,55,150.0,210.0,20,0.02857142857142857,-0.09285714285714286,0.16428571428571428,2,1,17,descriptive direction-wise interval; no multiplicity adjustment
strong_1nn_minus_rect_ifft,rect_ifft,strong_1nn,tail_ge150,56,150.0,240.0,20,-0.03571428571428571,-0.17142857142857143,0.11428571428571428,1,3,16,descriptive direction-wise interval; no multiplicity adjustment
strong_1nn_minus_rect_ifft,rect_ifft,strong_1nn,tail_ge150,57,150.0,270.0,20,-0.00714285714285714,-0.15714285714285714,0.14285714285714285,1,2,17,descriptive direction-wise interval; no multiplicity adjustment
strong_1nn_minus_rect_ifft,rect_ifft,strong_1nn,tail_ge150,58,150.0,300.0,20,-0.014285714285714282,-0.15714285714285714,0.12142857142857144,1,2,17,descriptive direction-wise interval; no multiplicity adjustment
strong_1nn_minus_rect_ifft,rect_ifft,strong_1nn,tail_ge150,59,150.0,330.0,20,1.1102230246251566e-17,-0.07857142857142856,0.10714285714285716,1,4,15,descriptive direction-wise interval; no multiplicity adjustment
strong_1nn_minus_rect_ifft,rect_ifft,strong_1nn,near_or_exact_antipodal_ge165,0,30.0,0.0,20,-0.02142857142857143,-0.05714285714285714,0.0,0,2,18,descriptive direction-wise interval; no multiplicity adjustment
strong_1nn_minus_rect_ifft,rect_ifft,strong_1nn,near_or_exact_antipodal_ge165,1,30.0,30.0,20,-0.014285714285714285,-0.03571428571428571,0.0,0,2,18,descriptive direction-wise interval; no multiplicity adjustment
strong_1nn_minus_rect_ifft,rect_ifft,strong_1nn,near_or_exact_antipodal_ge165,2,30.0,60.0,20,-0.04285714285714286,-0.11428571428571428,0.0,0,2,18,descriptive direction-wise interval; no multiplicity adjustment
strong_1nn_minus_rect_ifft,rect_ifft,strong_1nn,near_or_exact_antipodal_ge165,3,30.0,90.0,20,-0.15714285714285714,-0.3142857142857143,-0.007142857142857143,0,4,16,descriptive direction-wise interval; no multiplicity adjustment
strong_1nn_minus_rect_ifft,rect_ifft,strong_1nn,near_or_exact_antipodal_ge165,4,30.0,120.0,20,-0.014285714285714285,-0.04285714285714286,0.0,0,1,19,descriptive direction-wise interval; no multiplicity adjustment
strong_1nn_minus_rect_ifft,rect_ifft,strong_1nn,near_or_exact_antipodal_ge165,5,30.0,150.0,20,0.0,0.0,0.0,0,0,20,descriptive direction-wise interval; no multiplicity adjustment
strong_1nn_minus_rect_ifft,rect_ifft,strong_1nn,near_or_exact_antipodal_ge165,6,30.0,180.0,20,0.02857142857142857,-0.05,0.14285714285714285,1,2,17,descriptive direction-wise interval; no multiplicity adjustment
strong_1nn_minus_rect_ifft,rect_ifft,strong_1nn,near_or_exact_antipodal_ge165,7,30.0,210.0,20,0.0,0.0,0.0,0,0,20,descriptive direction-wise interval; no multiplicity adjustment
strong_1nn_minus_rect_ifft,rect_ifft,strong_1nn,near_or_exact_antipodal_ge165,8,30.0,240.0,20,-0.05714285714285713,-0.11428571428571428,-0.014285714285714285,0,5,15,descriptive direction-wise interval; no multiplicity adjustment
strong_1nn_minus_rect_ifft,rect_ifft,strong_1nn,near_or_exact_antipodal_ge165,9,30.0,270.0,20,-0.00714285714285714,-0.15714285714285714,0.14285714285714285,1,2,17,descriptive direction-wise interval; no multiplicity adjustment
strong_1nn_minus_rect_ifft,rect_ifft,strong_1nn,near_or_exact_antipodal_ge165,10,30.0,300.0,20,0.0,0.0,0.0,0,0,20,descriptive direction-wise interval; no multiplicity adjustment
strong_1nn_minus_rect_ifft,rect_ifft,strong_1nn,near_or_exact_antipodal_ge165,11,30.0,330.0,20,0.0,0.0,0.0,0,0,20,descriptive direction-wise interval; no multiplicity adjustment
strong_1nn_minus_rect_ifft,rect_ifft,strong_1nn,near_or_exact_antipodal_ge165,12,60.0,0.0,20,-0.05714285714285714,-0.1571428571428571,0.0,0,2,18,descriptive direction-wise interval; no multiplicity adjustment
strong_1nn_minus_rect_ifft,rect_ifft,strong_1nn,near_or_exact_antipodal_ge165,13,60.0,30.0,20,0.0,0.0,0.0,0,0,20,descriptive direction-wise interval; no multiplicity adjustment
strong_1nn_minus_rect_ifft,rect_ifft,strong_1nn,near_or_exact_antipodal_ge165,14,60.0,60.0,20,0.0,0.0,0.0,0,0,20,descriptive direction-wise interval; no multiplicity adjustment
strong_1nn_minus_rect_ifft,rect_ifft,strong_1nn,near_or_exact_antipodal_ge165,15,60.0,90.0,20,-0.05714285714285714,-0.15,0.0,0,2,18,descriptive direction-wise interval; no multiplicity adjustment
strong_1nn_minus_rect_ifft,rect_ifft,strong_1nn,near_or_exact_antipodal_ge165,16,60.0,120.0,20,0.0,0.0,0.0,0,0,20,descriptive direction-wise interval; no multiplicity adjustment
strong_1nn_minus_rect_ifft,rect_ifft,strong_1nn,near_or_exact_antipodal_ge165,17,60.0,150.0,20,-0.02142857142857143,-0.04285714285714286,0.0,0,3,17,descriptive direction-wise interval; no multiplicity adjustment
strong_1nn_minus_rect_ifft,rect_ifft,strong_1nn,near_or_exact_antipodal_ge165,18,60.0,180.0,20,0.05,0.0,0.15,1,0,19,descriptive direction-wise interval; no multiplicity adjustment
strong_1nn_minus_rect_ifft,rect_ifft,strong_1nn,near_or_exact_antipodal_ge165,19,60.0,210.0,20,-0.04285714285714285,-0.09285714285714285,-0.007142857142857143,0,4,16,descriptive direction-wise interval; no multiplicity adjustment
strong_1nn_minus_rect_ifft,rect_ifft,strong_1nn,near_or_exact_antipodal_ge165,20,60.0,240.0,20,-0.007142857142857143,-0.02142857142857143,0.0,0,1,19,descriptive direction-wise interval; no multiplicity adjustment
strong_1nn_minus_rect_ifft,rect_ifft,strong_1nn,near_or_exact_antipodal_ge165,21,60.0,270.0,20,-0.02857142857142857,-0.07857142857142856,0.0,0,2,18,descriptive direction-wise interval; no multiplicity adjustment
strong_1nn_minus_rect_ifft,rect_ifft,strong_1nn,near_or_exact_antipodal_ge165,22,60.0,300.0,20,0.0,0.0,0.0,0,0,20,descriptive direction-wise interval; no multiplicity adjustment
strong_1nn_minus_rect_ifft,rect_ifft,strong_1nn,near_or_exact_antipodal_ge165,23,60.0,330.0,20,-0.02142857142857143,-0.05714285714285714,0.0,0,2,18,descriptive direction-wise interval; no multiplicity adjustment
strong_1nn_minus_rect_ifft,rect_ifft,strong_1nn,near_or_exact_antipodal_ge165,24,90.0,0.0,20,-0.2642857142857143,-0.42857142857142855,-0.07857142857142856,2,16,2,descriptive direction-wise interval; no multiplicity adjustment
strong_1nn_minus_rect_ifft,rect_ifft,strong_1nn,near_or_exact_antipodal_ge165,25,90.0,30.0,20,-0.2357142857142857,-0.3285714285714286,-0.14285714285714285,0,14,6,descriptive direction-wise interval; no multiplicity adjustment
strong_1nn_minus_rect_ifft,rect_ifft,strong_1nn,near_or_exact_antipodal_ge165,26,90.0,60.0,20,-0.12142857142857141,-0.21428571428571427,-0.04285714285714286,0,7,13,descriptive direction-wise interval; no multiplicity adjustment
strong_1nn_minus_rect_ifft,rect_ifft,strong_1nn,near_or_exact_antipodal_ge165,27,90.0,90.0,20,-0.4142857142857143,-0.5857142857142856,-0.24285714285714283,1,13,6,descriptive direction-wise interval; no multiplicity adjustment
strong_1nn_minus_rect_ifft,rect_ifft,strong_1nn,near_or_exact_antipodal_ge165,28,90.0,120.0,20,-0.14999999999999997,-0.26428571428571435,-0.05714285714285714,0,8,12,descriptive direction-wise interval; no multiplicity adjustment
strong_1nn_minus_rect_ifft,rect_ifft,strong_1nn,near_or_exact_antipodal_ge165,29,90.0,150.0,20,-0.17142857142857143,-0.3642857142857142,0.04285714285714286,2,11,7,descriptive direction-wise interval; no multiplicity adjustment
strong_1nn_minus_rect_ifft,rect_ifft,strong_1nn,near_or_exact_antipodal_ge165,30,90.0,180.0,20,-0.31428571428571433,-0.4499999999999999,-0.17857142857142855,2,15,3,descriptive direction-wise interval; no multiplicity adjustment
strong_1nn_minus_rect_ifft,rect_ifft,strong_1nn,near_or_exact_antipodal_ge165,31,90.0,210.0,20,-0.19285714285714287,-0.3142857142857142,-0.07857142857142857,1,11,8,descriptive direction-wise interval; no multiplicity adjustment
strong_1nn_minus_rect_ifft,rect_ifft,strong_1nn,near_or_exact_antipodal_ge165,32,90.0,240.0,20,-0.09999999999999998,-0.1571428571428571,-0.049999999999999996,0,10,10,descriptive direction-wise interval; no multiplicity adjustment
strong_1nn_minus_rect_ifft,rect_ifft,strong_1nn,near_or_exact_antipodal_ge165,33,90.0,270.0,20,-0.16428571428571426,-0.32142857142857145,2.2204460492503132e-17,1,10,9,descriptive direction-wise interval; no multiplicity adjustment
strong_1nn_minus_rect_ifft,rect_ifft,strong_1nn,near_or_exact_antipodal_ge165,34,90.0,300.0,20,-0.1857142857142857,-0.3,-0.0857142857142857,0,10,10,descriptive direction-wise interval; no multiplicity adjustment
strong_1nn_minus_rect_ifft,rect_ifft,strong_1nn,near_or_exact_antipodal_ge165,35,90.0,330.0,20,-0.25,-0.4071428571428572,-0.0714285714285714,1,14,5,descriptive direction-wise interval; no multiplicity adjustment
strong_1nn_minus_rect_ifft,rect_ifft,strong_1nn,near_or_exact_antipodal_ge165,36,120.0,0.0,20,-0.007142857142857143,-0.02142857142857143,0.0,0,1,19,descriptive direction-wise interval; no multiplicity adjustment
strong_1nn_minus_rect_ifft,rect_ifft,strong_1nn,near_or_exact_antipodal_ge165,37,120.0,30.0,20,0.0,0.0,0.0,0,0,20,descriptive direction-wise interval; no multiplicity adjustment
strong_1nn_minus_rect_ifft,rect_ifft,strong_1nn,near_or_exact_antipodal_ge165,38,120.0,60.0,20,0.0,0.0,0.0,0,0,20,descriptive direction-wise interval; no multiplicity adjustment
strong_1nn_minus_rect_ifft,rect_ifft,strong_1nn,near_or_exact_antipodal_ge165,39,120.0,90.0,20,-0.08571428571428572,-0.18571428571428572,-0.007142857142857143,0,4,16,descriptive direction-wise interval; no multiplicity adjustment
strong_1nn_minus_rect_ifft,rect_ifft,strong_1nn,near_or_exact_antipodal_ge165,40,120.0,120.0,20,0.0,0.0,0.0,0,0,20,descriptive direction-wise interval; no multiplicity adjustment
strong_1nn_minus_rect_ifft,rect_ifft,strong_1nn,near_or_exact_antipodal_ge165,41,120.0,150.0,20,-0.03571428571428571,-0.07857142857142857,0.0,0,3,17,descriptive direction-wise interval; no multiplicity adjustment
strong_1nn_minus_rect_ifft,rect_ifft,strong_1nn,near_or_exact_antipodal_ge165,42,120.0,180.0,20,0.05,0.0,0.15,1,0,19,descriptive direction-wise interval; no multiplicity adjustment
strong_1nn_minus_rect_ifft,rect_ifft,strong_1nn,near_or_exact_antipodal_ge165,43,120.0,210.0,20,-0.03571428571428571,-0.08571428571428572,0.0,0,3,17,descriptive direction-wise interval; no multiplicity adjustment
strong_1nn_minus_rect_ifft,rect_ifft,strong_1nn,near_or_exact_antipodal_ge165,44,120.0,240.0,20,-0.014285714285714285,-0.03571428571428571,0.0,0,2,18,descriptive direction-wise interval; no multiplicity adjustment
strong_1nn_minus_rect_ifft,rect_ifft,strong_1nn,near_or_exact_antipodal_ge165,45,120.0,270.0,20,-0.05714285714285714,-0.1571428571428571,0.0,0,2,18,descriptive direction-wise interval; no multiplicity adjustment
strong_1nn_minus_rect_ifft,rect_ifft,strong_1nn,near_or_exact_antipodal_ge165,46,120.0,300.0,20,0.0,0.0,0.0,0,0,20,descriptive direction-wise interval; no multiplicity adjustment
strong_1nn_minus_rect_ifft,rect_ifft,strong_1nn,near_or_exact_antipodal_ge165,47,120.0,330.0,20,-0.02142857142857143,-0.05714285714285714,0.0,0,2,18,descriptive direction-wise interval; no multiplicity adjustment
strong_1nn_minus_rect_ifft,rect_ifft,strong_1nn,near_or_exact_antipodal_ge165,48,150.0,0.0,20,-0.02142857142857143,-0.05714285714285714,0.0,0,2,18,descriptive direction-wise interval; no multiplicity adjustment
strong_1nn_minus_rect_ifft,rect_ifft,strong_1nn,near_or_exact_antipodal_ge165,49,150.0,30.0,20,0.0,0.0,0.0,0,0,20,descriptive direction-wise interval; no multiplicity adjustment
strong_1nn_minus_rect_ifft,rect_ifft,strong_1nn,near_or_exact_antipodal_ge165,50,150.0,60.0,20,0.02857142857142857,-0.05,0.14285714285714285,1,2,17,descriptive direction-wise interval; no multiplicity adjustment
strong_1nn_minus_rect_ifft,rect_ifft,strong_1nn,near_or_exact_antipodal_ge165,51,150.0,90.0,20,-0.12857142857142856,-0.2642857142857143,-0.02142857142857143,0,5,15,descriptive direction-wise interval; no multiplicity adjustment
strong_1nn_minus_rect_ifft,rect_ifft,strong_1nn,near_or_exact_antipodal_ge165,52,150.0,120.0,20,0.0,0.0,0.0,0,0,20,descriptive direction-wise interval; no multiplicity adjustment
strong_1nn_minus_rect_ifft,rect_ifft,strong_1nn,near_or_exact_antipodal_ge165,53,150.0,150.0,20,-0.007142857142857143,-0.02142857142857143,0.0,0,1,19,descriptive direction-wise interval; no multiplicity adjustment
strong_1nn_minus_rect_ifft,rect_ifft,strong_1nn,near_or_exact_antipodal_ge165,54,150.0,180.0,20,0.05,0.0,0.15,1,0,19,descriptive direction-wise interval; no multiplicity adjustment
strong_1nn_minus_rect_ifft,rect_ifft,strong_1nn,near_or_exact_antipodal_ge165,55,150.0,210.0,20,0.0,0.0,0.0,0,0,20,descriptive direction-wise interval; no multiplicity adjustment
strong_1nn_minus_rect_ifft,rect_ifft,strong_1nn,near_or_exact_antipodal_ge165,56,150.0,240.0,20,-0.05714285714285714,-0.14285714285714285,0.0,0,3,17,descriptive direction-wise interval; no multiplicity adjustment
strong_1nn_minus_rect_ifft,rect_ifft,strong_1nn,near_or_exact_antipodal_ge165,57,150.0,270.0,20,-0.00714285714285714,-0.15714285714285714,0.14285714285714285,1,2,17,descriptive direction-wise interval; no multiplicity adjustment
strong_1nn_minus_rect_ifft,rect_ifft,strong_1nn,near_or_exact_antipodal_ge165,58,150.0,300.0,20,0.0,0.0,0.0,0,0,20,descriptive direction-wise interval; no multiplicity adjustment
strong_1nn_minus_rect_ifft,rect_ifft,strong_1nn,near_or_exact_antipodal_ge165,59,150.0,330.0,20,-0.02857142857142857,-0.06428571428571428,0.0,0,3,17,descriptive direction-wise interval; no multiplicity adjustment
strong_1nn_minus_rect_ifft,rect_ifft,strong_1nn,exact_antipodal_180,0,30.0,0.0,20,-0.02142857142857143,-0.05714285714285714,0.0,0,2,18,descriptive direction-wise interval; no multiplicity adjustment
strong_1nn_minus_rect_ifft,rect_ifft,strong_1nn,exact_antipodal_180,1,30.0,30.0,20,-0.007142857142857143,-0.02142857142857143,0.0,0,1,19,descriptive direction-wise interval; no multiplicity adjustment
strong_1nn_minus_rect_ifft,rect_ifft,strong_1nn,exact_antipodal_180,2,30.0,60.0,20,0.0,0.0,0.0,0,0,20,descriptive direction-wise interval; no multiplicity adjustment
strong_1nn_minus_rect_ifft,rect_ifft,strong_1nn,exact_antipodal_180,3,30.0,90.0,20,-0.14285714285714285,-0.3,0.0,0,3,17,descriptive direction-wise interval; no multiplicity adjustment
strong_1nn_minus_rect_ifft,rect_ifft,strong_1nn,exact_antipodal_180,4,30.0,120.0,20,-0.007142857142857143,-0.02142857142857143,0.0,0,1,19,descriptive direction-wise interval; no multiplicity adjustment
strong_1nn_minus_rect_ifft,rect_ifft,strong_1nn,exact_antipodal_180,5,30.0,150.0,20,0.0,0.0,0.0,0,0,20,descriptive direction-wise interval; no multiplicity adjustment
strong_1nn_minus_rect_ifft,rect_ifft,strong_1nn,exact_antipodal_180,6,30.0,180.0,20,-0.02142857142857143,-0.05714285714285714,0.0,0,2,18,descriptive direction-wise interval; no multiplicity adjustment
strong_1nn_minus_rect_ifft,rect_ifft,strong_1nn,exact_antipodal_180,7,30.0,210.0,20,0.0,0.0,0.0,0,0,20,descriptive direction-wise interval; no multiplicity adjustment
strong_1nn_minus_rect_ifft,rect_ifft,strong_1nn,exact_antipodal_180,8,30.0,240.0,20,-0.007142857142857143,-0.02142857142857143,0.0,0,1,19,descriptive direction-wise interval; no multiplicity adjustment
strong_1nn_minus_rect_ifft,rect_ifft,strong_1nn,exact_antipodal_180,9,30.0,270.0,20,-0.007142857142857143,-0.02142857142857143,0.0,0,1,19,descriptive direction-wise interval; no multiplicity adjustment
strong_1nn_minus_rect_ifft,rect_ifft,strong_1nn,exact_antipodal_180,10,30.0,300.0,20,0.0,0.0,0.0,0,0,20,descriptive direction-wise interval; no multiplicity adjustment
strong_1nn_minus_rect_ifft,rect_ifft,strong_1nn,exact_antipodal_180,11,30.0,330.0,20,0.0,0.0,0.0,0,0,20,descriptive direction-wise interval; no multiplicity adjustment
strong_1nn_minus_rect_ifft,rect_ifft,strong_1nn,exact_antipodal_180,12,60.0,0.0,20,-0.05714285714285714,-0.1571428571428571,0.0,0,2,18,descriptive direction-wise interval; no multiplicity adjustment
strong_1nn_minus_rect_ifft,rect_ifft,strong_1nn,exact_antipodal_180,13,60.0,30.0,20,0.0,0.0,0.0,0,0,20,descriptive direction-wise interval; no multiplicity adjustment
strong_1nn_minus_rect_ifft,rect_ifft,strong_1nn,exact_antipodal_180,14,60.0,60.0,20,0.0,0.0,0.0,0,0,20,descriptive direction-wise interval; no multiplicity adjustment
strong_1nn_minus_rect_ifft,rect_ifft,strong_1nn,exact_antipodal_180,15,60.0,90.0,20,-0.05714285714285714,-0.15,0.0,0,2,18,descriptive direction-wise interval; no multiplicity adjustment
strong_1nn_minus_rect_ifft,rect_ifft,strong_1nn,exact_antipodal_180,16,60.0,120.0,20,0.0,0.0,0.0,0,0,20,descriptive direction-wise interval; no multiplicity adjustment
strong_1nn_minus_rect_ifft,rect_ifft,strong_1nn,exact_antipodal_180,17,60.0,150.0,20,-0.02142857142857143,-0.04285714285714286,0.0,0,3,17,descriptive direction-wise interval; no multiplicity adjustment
strong_1nn_minus_rect_ifft,rect_ifft,strong_1nn,exact_antipodal_180,18,60.0,180.0,20,0.05,0.0,0.15,1,0,19,descriptive direction-wise interval; no multiplicity adjustment
strong_1nn_minus_rect_ifft,rect_ifft,strong_1nn,exact_antipodal_180,19,60.0,210.0,20,-0.04285714285714285,-0.09285714285714285,-0.007142857142857143,0,4,16,descriptive direction-wise interval; no multiplicity adjustment
strong_1nn_minus_rect_ifft,rect_ifft,strong_1nn,exact_antipodal_180,20,60.0,240.0,20,-0.007142857142857143,-0.02142857142857143,0.0,0,1,19,descriptive direction-wise interval; no multiplicity adjustment
strong_1nn_minus_rect_ifft,rect_ifft,strong_1nn,exact_antipodal_180,21,60.0,270.0,20,-0.02857142857142857,-0.07857142857142856,0.0,0,2,18,descriptive direction-wise interval; no multiplicity adjustment
strong_1nn_minus_rect_ifft,rect_ifft,strong_1nn,exact_antipodal_180,22,60.0,300.0,20,0.0,0.0,0.0,0,0,20,descriptive direction-wise interval; no multiplicity adjustment
strong_1nn_minus_rect_ifft,rect_ifft,strong_1nn,exact_antipodal_180,23,60.0,330.0,20,-0.02142857142857143,-0.05714285714285714,0.0,0,2,18,descriptive direction-wise interval; no multiplicity adjustment
strong_1nn_minus_rect_ifft,rect_ifft,strong_1nn,exact_antipodal_180,24,90.0,0.0,20,-0.2642857142857143,-0.42857142857142855,-0.0857142857142857,2,16,2,descriptive direction-wise interval; no multiplicity adjustment
strong_1nn_minus_rect_ifft,rect_ifft,strong_1nn,exact_antipodal_180,25,90.0,30.0,20,-0.2357142857142857,-0.3357142857142857,-0.14285714285714285,0,14,6,descriptive direction-wise interval; no multiplicity adjustment
strong_1nn_minus_rect_ifft,rect_ifft,strong_1nn,exact_antipodal_180,26,90.0,60.0,20,-0.12142857142857141,-0.21428571428571427,-0.04285714285714286,0,7,13,descriptive direction-wise interval; no multiplicity adjustment
strong_1nn_minus_rect_ifft,rect_ifft,strong_1nn,exact_antipodal_180,27,90.0,90.0,20,-0.4142857142857143,-0.5857142857142857,-0.24285714285714283,1,13,6,descriptive direction-wise interval; no multiplicity adjustment
strong_1nn_minus_rect_ifft,rect_ifft,strong_1nn,exact_antipodal_180,28,90.0,120.0,20,-0.14999999999999997,-0.2642857142857143,-0.05714285714285714,0,8,12,descriptive direction-wise interval; no multiplicity adjustment
strong_1nn_minus_rect_ifft,rect_ifft,strong_1nn,exact_antipodal_180,29,90.0,150.0,20,-0.17142857142857143,-0.3642857142857142,0.04285714285714286,2,11,7,descriptive direction-wise interval; no multiplicity adjustment
strong_1nn_minus_rect_ifft,rect_ifft,strong_1nn,exact_antipodal_180,30,90.0,180.0,20,-0.31428571428571433,-0.4499999999999999,-0.17857142857142855,2,15,3,descriptive direction-wise interval; no multiplicity adjustment
strong_1nn_minus_rect_ifft,rect_ifft,strong_1nn,exact_antipodal_180,31,90.0,210.0,20,-0.19285714285714287,-0.3142857142857142,-0.07857142857142856,1,11,8,descriptive direction-wise interval; no multiplicity adjustment
strong_1nn_minus_rect_ifft,rect_ifft,strong_1nn,exact_antipodal_180,32,90.0,240.0,20,-0.09999999999999998,-0.1571428571428571,-0.049999999999999996,0,10,10,descriptive direction-wise interval; no multiplicity adjustment
strong_1nn_minus_rect_ifft,rect_ifft,strong_1nn,exact_antipodal_180,33,90.0,270.0,20,-0.16428571428571426,-0.32142857142857145,0.0,1,10,9,descriptive direction-wise interval; no multiplicity adjustment
strong_1nn_minus_rect_ifft,rect_ifft,strong_1nn,exact_antipodal_180,34,90.0,300.0,20,-0.1857142857142857,-0.3001785714285705,-0.0857142857142857,0,10,10,descriptive direction-wise interval; no multiplicity adjustment
strong_1nn_minus_rect_ifft,rect_ifft,strong_1nn,exact_antipodal_180,35,90.0,330.0,20,-0.25,-0.41428571428571426,-0.06428571428571428,1,14,5,descriptive direction-wise interval; no multiplicity adjustment
strong_1nn_minus_rect_ifft,rect_ifft,strong_1nn,exact_antipodal_180,36,120.0,0.0,20,-0.007142857142857143,-0.02142857142857143,0.0,0,1,19,descriptive direction-wise interval; no multiplicity adjustment
strong_1nn_minus_rect_ifft,rect_ifft,strong_1nn,exact_antipodal_180,37,120.0,30.0,20,0.0,0.0,0.0,0,0,20,descriptive direction-wise interval; no multiplicity adjustment
strong_1nn_minus_rect_ifft,rect_ifft,strong_1nn,exact_antipodal_180,38,120.0,60.0,20,0.0,0.0,0.0,0,0,20,descriptive direction-wise interval; no multiplicity adjustment
strong_1nn_minus_rect_ifft,rect_ifft,strong_1nn,exact_antipodal_180,39,120.0,90.0,20,-0.08571428571428572,-0.18571428571428572,-0.007142857142857143,0,4,16,descriptive direction-wise interval; no multiplicity adjustment
strong_1nn_minus_rect_ifft,rect_ifft,strong_1nn,exact_antipodal_180,40,120.0,120.0,20,0.0,0.0,0.0,0,0,20,descriptive direction-wise interval; no multiplicity adjustment
strong_1nn_minus_rect_ifft,rect_ifft,strong_1nn,exact_antipodal_180,41,120.0,150.0,20,-0.03571428571428571,-0.07857142857142857,0.0,0,3,17,descriptive direction-wise interval; no multiplicity adjustment
strong_1nn_minus_rect_ifft,rect_ifft,strong_1nn,exact_antipodal_180,42,120.0,180.0,20,0.05,0.0,0.15,1,0,19,descriptive direction-wise interval; no multiplicity adjustment
strong_1nn_minus_rect_ifft,rect_ifft,strong_1nn,exact_antipodal_180,43,120.0,210.0,20,-0.03571428571428571,-0.08571428571428572,0.0,0,3,17,descriptive direction-wise interval; no multiplicity adjustment
strong_1nn_minus_rect_ifft,rect_ifft,strong_1nn,exact_antipodal_180,44,120.0,240.0,20,-0.014285714285714285,-0.03571428571428571,0.0,0,2,18,descriptive direction-wise interval; no multiplicity adjustment
strong_1nn_minus_rect_ifft,rect_ifft,strong_1nn,exact_antipodal_180,45,120.0,270.0,20,-0.05714285714285714,-0.1571428571428571,0.0,0,2,18,descriptive direction-wise interval; no multiplicity adjustment
strong_1nn_minus_rect_ifft,rect_ifft,strong_1nn,exact_antipodal_180,46,120.0,300.0,20,0.0,0.0,0.0,0,0,20,descriptive direction-wise interval; no multiplicity adjustment
strong_1nn_minus_rect_ifft,rect_ifft,strong_1nn,exact_antipodal_180,47,120.0,330.0,20,-0.02142857142857143,-0.05714285714285714,0.0,0,2,18,descriptive direction-wise interval; no multiplicity adjustment
strong_1nn_minus_rect_ifft,rect_ifft,strong_1nn,exact_antipodal_180,48,150.0,0.0,20,-0.014285714285714285,-0.03571428571428571,0.0,0,2,18,descriptive direction-wise interval; no multiplicity adjustment
strong_1nn_minus_rect_ifft,rect_ifft,strong_1nn,exact_antipodal_180,49,150.0,30.0,20,0.0,0.0,0.0,0,0,20,descriptive direction-wise interval; no multiplicity adjustment
strong_1nn_minus_rect_ifft,rect_ifft,strong_1nn,exact_antipodal_180,50,150.0,60.0,20,0.0,0.0,0.0,0,0,20,descriptive direction-wise interval; no multiplicity adjustment
strong_1nn_minus_rect_ifft,rect_ifft,strong_1nn,exact_antipodal_180,51,150.0,90.0,20,-0.11428571428571428,-0.24285714285714283,-0.007142857142857143,0,4,16,descriptive direction-wise interval; no multiplicity adjustment
strong_1nn_minus_rect_ifft,rect_ifft,strong_1nn,exact_antipodal_180,52,150.0,120.0,20,0.0,0.0,0.0,0,0,20,descriptive direction-wise interval; no multiplicity adjustment
strong_1nn_minus_rect_ifft,rect_ifft,strong_1nn,exact_antipodal_180,53,150.0,150.0,20,0.0,0.0,0.0,0,0,20,descriptive direction-wise interval; no multiplicity adjustment
strong_1nn_minus_rect_ifft,rect_ifft,strong_1nn,exact_antipodal_180,54,150.0,180.0,20,0.05,0.0,0.15,1,0,19,descriptive direction-wise interval; no multiplicity adjustment
strong_1nn_minus_rect_ifft,rect_ifft,strong_1nn,exact_antipodal_180,55,150.0,210.0,20,0.0,0.0,0.0,0,0,20,descriptive direction-wise interval; no multiplicity adjustment
strong_1nn_minus_rect_ifft,rect_ifft,strong_1nn,exact_antipodal_180,56,150.0,240.0,20,-0.014285714285714285,-0.03571428571428571,0.0,0,2,18,descriptive direction-wise interval; no multiplicity adjustment
strong_1nn_minus_rect_ifft,rect_ifft,strong_1nn,exact_antipodal_180,57,150.0,270.0,20,0.021428571428571432,-0.06428571428571428,0.14285714285714285,1,2,17,descriptive direction-wise interval; no multiplicity adjustment
strong_1nn_minus_rect_ifft,rect_ifft,strong_1nn,exact_antipodal_180,58,150.0,300.0,20,0.0,0.0,0.0,0,0,20,descriptive direction-wise interval; no multiplicity adjustment
strong_1nn_minus_rect_ifft,rect_ifft,strong_1nn,exact_antipodal_180,59,150.0,330.0,20,0.0,0.0,0.0,0,0,20,descriptive direction-wise interval; no multiplicity adjustment
strong_1nn_minus_hann_ifft,hann_ifft,strong_1nn,gce_deg,0,30.0,0.0,20,-9.304126901968289,-20.018412452766977,-0.17968143122757685,2,9,9,descriptive direction-wise interval; no multiplicity adjustment
strong_1nn_minus_hann_ifft,hann_ifft,strong_1nn,gce_deg,1,30.0,30.0,20,-8.04888085815831,-21.40248022062438,6.9153319415657775,1,8,11,descriptive direction-wise interval; no multiplicity adjustment
strong_1nn_minus_hann_ifft,hann_ifft,strong_1nn,gce_deg,2,30.0,60.0,20,-16.478556353027223,-32.89227550701745,-3.850720090872391,1,7,12,descriptive direction-wise interval; no multiplicity adjustment
strong_1nn_minus_hann_ifft,hann_ifft,strong_1nn,gce_deg,3,30.0,90.0,20,-10.342422444479809,-23.127087860612594,2.3062047206428313,1,9,10,descriptive direction-wise interval; no multiplicity adjustment
strong_1nn_minus_hann_ifft,hann_ifft,strong_1nn,gce_deg,4,30.0,120.0,20,-7.181759456380968,-17.417642862895985,0.24496073335692242,2,6,12,descriptive direction-wise interval; no multiplicity adjustment
strong_1nn_minus_hann_ifft,hann_ifft,strong_1nn,gce_deg,5,30.0,150.0,20,-32.001275692328264,-52.96014044489337,-13.693620412446476,0,11,9,descriptive direction-wise interval; no multiplicity adjustment
strong_1nn_minus_hann_ifft,hann_ifft,strong_1nn,gce_deg,6,30.0,180.0,20,-1.6244458481232684,-21.261796733311247,21.34078633274681,2,9,9,descriptive direction-wise interval; no multiplicity adjustment
strong_1nn_minus_hann_ifft,hann_ifft,strong_1nn,gce_deg,7,30.0,210.0,20,-8.56537976197149,-24.310760798873133,5.293505801032824,3,7,10,descriptive direction-wise interval; no multiplicity adjustment
strong_1nn_minus_hann_ifft,hann_ifft,strong_1nn,gce_deg,8,30.0,240.0,20,-7.821099255165724,-31.475446487269657,12.402978123761402,4,7,9,descriptive direction-wise interval; no multiplicity adjustment
strong_1nn_minus_hann_ifft,hann_ifft,strong_1nn,gce_deg,9,30.0,270.0,20,-4.170950009031681,-23.436888065223076,12.645950157158074,3,5,12,descriptive direction-wise interval; no multiplicity adjustment
strong_1nn_minus_hann_ifft,hann_ifft,strong_1nn,gce_deg,10,30.0,300.0,20,-11.789784761498527,-31.179997096742902,9.00058569669251,1,6,13,descriptive direction-wise interval; no multiplicity adjustment
strong_1nn_minus_hann_ifft,hann_ifft,strong_1nn,gce_deg,11,30.0,330.0,20,-26.025026459430894,-49.095537316207,-6.384116487921231,1,8,11,descriptive direction-wise interval; no multiplicity adjustment
strong_1nn_minus_hann_ifft,hann_ifft,strong_1nn,gce_deg,12,60.0,0.0,20,-10.745137241908484,-27.887994012492044,5.709682424068448,2,10,8,descriptive direction-wise interval; no multiplicity adjustment
strong_1nn_minus_hann_ifft,hann_ifft,strong_1nn,gce_deg,13,60.0,30.0,20,-14.223116906721703,-33.3839701492891,5.85186208463809,4,11,5,descriptive direction-wise interval; no multiplicity adjustment
strong_1nn_minus_hann_ifft,hann_ifft,strong_1nn,gce_deg,14,60.0,60.0,20,-0.8007740228214008,-14.179742295974778,13.049066348676691,3,8,9,descriptive direction-wise interval; no multiplicity adjustment
strong_1nn_minus_hann_ifft,hann_ifft,strong_1nn,gce_deg,15,60.0,90.0,20,-27.905120536259243,-52.577293969222474,-7.516051265171595,1,8,11,descriptive direction-wise interval; no multiplicity adjustment
strong_1nn_minus_hann_ifft,hann_ifft,strong_1nn,gce_deg,16,60.0,120.0,20,-12.664104455723788,-34.60991566365088,6.883206128341833,4,5,11,descriptive direction-wise interval; no multiplicity adjustment
strong_1nn_minus_hann_ifft,hann_ifft,strong_1nn,gce_deg,17,60.0,150.0,20,-23.410264993805658,-45.08031394774412,-3.9906166714358235,4,10,6,descriptive direction-wise interval; no multiplicity adjustment
strong_1nn_minus_hann_ifft,hann_ifft,strong_1nn,gce_deg,18,60.0,180.0,20,-2.7388504989917335,-23.817386115278516,19.65727059748843,4,10,6,descriptive direction-wise interval; no multiplicity adjustment
strong_1nn_minus_hann_ifft,hann_ifft,strong_1nn,gce_deg,19,60.0,210.0,20,-17.31376536004558,-33.84704200724511,-2.7139217922045553,7,9,4,descriptive direction-wise interval; no multiplicity adjustment
strong_1nn_minus_hann_ifft,hann_ifft,strong_1nn,gce_deg,20,60.0,240.0,20,-5.6479488426219895,-21.692090062876595,11.830641373925639,3,10,7,descriptive direction-wise interval; no multiplicity adjustment
strong_1nn_minus_hann_ifft,hann_ifft,strong_1nn,gce_deg,21,60.0,270.0,20,-19.675998353067847,-39.08762103860818,-1.9220901243582023,2,8,10,descriptive direction-wise interval; no multiplicity adjustment
strong_1nn_minus_hann_ifft,hann_ifft,strong_1nn,gce_deg,22,60.0,300.0,20,-1.6933341079723305,-18.561735938387212,15.47007828230895,3,5,12,descriptive direction-wise interval; no multiplicity adjustment
strong_1nn_minus_hann_ifft,hann_ifft,strong_1nn,gce_deg,23,60.0,330.0,20,-24.797149553990817,-42.495331145850216,-6.90263406036208,1,14,5,descriptive direction-wise interval; no multiplicity adjustment
strong_1nn_minus_hann_ifft,hann_ifft,strong_1nn,gce_deg,24,90.0,0.0,20,-52.898702763620804,-91.20982424879307,-10.849843900335204,5,15,0,descriptive direction-wise interval; no multiplicity adjustment
strong_1nn_minus_hann_ifft,hann_ifft,strong_1nn,gce_deg,25,90.0,30.0,20,-34.647084752073376,-64.28571559020452,-5.504157753105698,6,13,1,descriptive direction-wise interval; no multiplicity adjustment
strong_1nn_minus_hann_ifft,hann_ifft,strong_1nn,gce_deg,26,90.0,60.0,20,-26.26368196201264,-50.858089683124305,-2.037433060985448,5,13,2,descriptive direction-wise interval; no multiplicity adjustment
strong_1nn_minus_hann_ifft,hann_ifft,strong_1nn,gce_deg,27,90.0,90.0,20,-44.14285726547242,-80.7857143677984,-3.642857347215943,4,16,0,descriptive direction-wise interval; no multiplicity adjustment
strong_1nn_minus_hann_ifft,hann_ifft,strong_1nn,gce_deg,28,90.0,120.0,20,-30.431415852274817,-55.644753728321916,-2.9275537337180677,5,14,1,descriptive direction-wise interval; no multiplicity adjustment
strong_1nn_minus_hann_ifft,hann_ifft,strong_1nn,gce_deg,29,90.0,150.0,20,-26.35011785520886,-57.09404319378538,5.851804863997561,7,13,0,descriptive direction-wise interval; no multiplicity adjustment
strong_1nn_minus_hann_ifft,hann_ifft,strong_1nn,gce_deg,30,90.0,180.0,20,5.328903789992369,-23.599667639260254,35.574197408943895,9,10,1,descriptive direction-wise interval; no multiplicity adjustment
strong_1nn_minus_hann_ifft,hann_ifft,strong_1nn,gce_deg,31,90.0,210.0,20,-18.330800105640474,-40.888302617718786,6.025466730701047,6,12,2,descriptive direction-wise interval; no multiplicity adjustment
strong_1nn_minus_hann_ifft,hann_ifft,strong_1nn,gce_deg,32,90.0,240.0,20,-13.13184348099542,-39.98081218964743,14.94242750501754,7,11,2,descriptive direction-wise interval; no multiplicity adjustment
strong_1nn_minus_hann_ifft,hann_ifft,strong_1nn,gce_deg,33,90.0,270.0,20,-45.21428580965314,-67.71428585052489,-24.00000009536743,1,13,6,descriptive direction-wise interval; no multiplicity adjustment
strong_1nn_minus_hann_ifft,hann_ifft,strong_1nn,gce_deg,34,90.0,300.0,20,-27.99905300140382,-52.07427169479734,-1.4247820202276478,3,15,2,descriptive direction-wise interval; no multiplicity adjustment
strong_1nn_minus_hann_ifft,hann_ifft,strong_1nn,gce_deg,35,90.0,330.0,20,-43.69916488280562,-69.00961638753424,-15.398368395396663,3,17,0,descriptive direction-wise interval; no multiplicity adjustment
strong_1nn_minus_hann_ifft,hann_ifft,strong_1nn,gce_deg,36,120.0,0.0,20,-15.123216806139263,-31.405073964255198,-1.4999968017850562,2,9,9,descriptive direction-wise interval; no multiplicity adjustment
strong_1nn_minus_hann_ifft,hann_ifft,strong_1nn,gce_deg,37,120.0,30.0,20,2.792928908882376,-16.366182127118375,22.79422862434725,5,6,9,descriptive direction-wise interval; no multiplicity adjustment
strong_1nn_minus_hann_ifft,hann_ifft,strong_1nn,gce_deg,38,120.0,60.0,20,5.644840516559784,-7.039380541439914,20.929891271214757,4,4,12,descriptive direction-wise interval; no multiplicity adjustment
strong_1nn_minus_hann_ifft,hann_ifft,strong_1nn,gce_deg,39,120.0,90.0,20,-34.510310889789636,-60.07428662803913,-12.560190937759804,0,9,11,descriptive direction-wise interval; no multiplicity adjustment
strong_1nn_minus_hann_ifft,hann_ifft,strong_1nn,gce_deg,40,120.0,120.0,20,-4.440722123165584,-20.56061483035487,7.234429686345865,6,3,11,descriptive direction-wise interval; no multiplicity adjustment
strong_1nn_minus_hann_ifft,hann_ifft,strong_1nn,gce_deg,41,120.0,150.0,20,-21.617190214158317,-41.64889537470681,-2.4558931588497668,4,12,4,descriptive direction-wise interval; no multiplicity adjustment
strong_1nn_minus_hann_ifft,hann_ifft,strong_1nn,gce_deg,42,120.0,180.0,20,-15.55225339696275,-34.01390484979436,5.7857153235162935,1,12,7,descriptive direction-wise interval; no multiplicity adjustment
strong_1nn_minus_hann_ifft,hann_ifft,strong_1nn,gce_deg,43,120.0,210.0,20,-10.82056627698096,-35.778356536630454,12.525591346944948,8,9,3,descriptive direction-wise interval; no multiplicity adjustment
strong_1nn_minus_hann_ifft,hann_ifft,strong_1nn,gce_deg,44,120.0,240.0,20,1.2052866526722537,-13.642586455862531,17.702682219716355,5,6,9,descriptive direction-wise interval; no multiplicity adjustment
strong_1nn_minus_hann_ifft,hann_ifft,strong_1nn,gce_deg,45,120.0,270.0,20,-26.1927098161887,-56.01826790931468,0.5185703524157647,3,7,10,descriptive direction-wise interval; no multiplicity adjustment
strong_1nn_minus_hann_ifft,hann_ifft,strong_1nn,gce_deg,46,120.0,300.0,20,-15.528349253264684,-34.60883866676282,1.128988541358194,2,7,11,descriptive direction-wise interval; no multiplicity adjustment
strong_1nn_minus_hann_ifft,hann_ifft,strong_1nn,gce_deg,47,120.0,330.0,20,-24.76640624468728,-41.04518643814895,-10.67400277028483,1,11,8,descriptive direction-wise interval; no multiplicity adjustment
strong_1nn_minus_hann_ifft,hann_ifft,strong_1nn,gce_deg,48,150.0,0.0,20,-6.970734513488236,-16.07174915581095,1.1721226794368058,4,6,10,descriptive direction-wise interval; no multiplicity adjustment
strong_1nn_minus_hann_ifft,hann_ifft,strong_1nn,gce_deg,49,150.0,30.0,20,-2.200596417360518,-19.87895458476884,17.83642856495249,2,6,12,descriptive direction-wise interval; no multiplicity adjustment
strong_1nn_minus_hann_ifft,hann_ifft,strong_1nn,gce_deg,50,150.0,60.0,20,-7.461307856018419,-30.443293213600477,16.442036276382982,3,6,11,descriptive direction-wise interval; no multiplicity adjustment
strong_1nn_minus_hann_ifft,hann_ifft,strong_1nn,gce_deg,51,150.0,90.0,20,-17.367057283474338,-32.77228415651877,-5.051116784640717,1,8,11,descriptive direction-wise interval; no multiplicity adjustment
strong_1nn_minus_hann_ifft,hann_ifft,strong_1nn,gce_deg,52,150.0,120.0,20,1.1723684875514138,-5.706770358625908,8.357179091939715,3,5,12,descriptive direction-wise interval; no multiplicity adjustment
strong_1nn_minus_hann_ifft,hann_ifft,strong_1nn,gce_deg,53,150.0,150.0,20,-13.745078336931092,-33.75233628765182,5.959224677330245,2,7,11,descriptive direction-wise interval; no multiplicity adjustment
strong_1nn_minus_hann_ifft,hann_ifft,strong_1nn,gce_deg,54,150.0,180.0,20,-11.697447197777882,-23.57142635583877,0.857143060479848,1,12,7,descriptive direction-wise interval; no multiplicity adjustment
strong_1nn_minus_hann_ifft,hann_ifft,strong_1nn,gce_deg,55,150.0,210.0,20,-10.703207342287218,-27.534814115593985,2.4011053909542732,3,6,11,descriptive direction-wise interval; no multiplicity adjustment
strong_1nn_minus_hann_ifft,hann_ifft,strong_1nn,gce_deg,56,150.0,240.0,20,5.693038167300999,-8.271507714553483,20.3109670893039,6,4,10,descriptive direction-wise interval; no multiplicity adjustment
strong_1nn_minus_hann_ifft,hann_ifft,strong_1nn,gce_deg,57,150.0,270.0,20,-14.827821873826267,-38.67581585694784,5.251974800876964,2,7,11,descriptive direction-wise interval; no multiplicity adjustment
strong_1nn_minus_hann_ifft,hann_ifft,strong_1nn,gce_deg,58,150.0,300.0,20,-0.4329830609064853,-15.212133197443825,18.610839943540483,2,5,13,descriptive direction-wise interval; no multiplicity adjustment
strong_1nn_minus_hann_ifft,hann_ifft,strong_1nn,gce_deg,59,150.0,330.0,20,-11.455929946715553,-33.55445238639176,7.987655643577301,2,4,14,descriptive direction-wise interval; no multiplicity adjustment
strong_1nn_minus_hann_ifft,hann_ifft,strong_1nn,top1,0,30.0,0.0,20,0.13571428571428573,0.021428571428571436,0.2785714285714286,5,0,15,descriptive direction-wise interval; no multiplicity adjustment
strong_1nn_minus_hann_ifft,hann_ifft,strong_1nn,top1,1,30.0,30.0,20,0.13571428571428573,-0.014285714285714277,0.3,6,3,11,descriptive direction-wise interval; no multiplicity adjustment
strong_1nn_minus_hann_ifft,hann_ifft,strong_1nn,top1,2,30.0,60.0,20,0.07857142857142856,0.0,0.19285714285714284,3,0,17,descriptive direction-wise interval; no multiplicity adjustment
strong_1nn_minus_hann_ifft,hann_ifft,strong_1nn,top1,3,30.0,90.0,20,0.05714285714285714,-0.05,0.17857142857142858,4,3,13,descriptive direction-wise interval; no multiplicity adjustment
strong_1nn_minus_hann_ifft,hann_ifft,strong_1nn,top1,4,30.0,120.0,20,0.09285714285714286,-0.007142857142857143,0.22142857142857145,3,1,16,descriptive direction-wise interval; no multiplicity adjustment
strong_1nn_minus_hann_ifft,hann_ifft,strong_1nn,top1,5,30.0,150.0,20,0.25000000000000006,0.09285714285714286,0.43571428571428567,8,0,12,descriptive direction-wise interval; no multiplicity adjustment
strong_1nn_minus_hann_ifft,hann_ifft,strong_1nn,top1,6,30.0,180.0,20,0.08571428571428572,-0.05714285714285714,0.24285714285714288,6,2,12,descriptive direction-wise interval; no multiplicity adjustment
strong_1nn_minus_hann_ifft,hann_ifft,strong_1nn,top1,7,30.0,210.0,20,0.1142857142857143,-0.04285714285714286,0.2857142857142857,5,3,12,descriptive direction-wise interval; no multiplicity adjustment
strong_1nn_minus_hann_ifft,hann_ifft,strong_1nn,top1,8,30.0,240.0,20,0.06428571428571428,-0.08571428571428572,0.23571428571428568,5,4,11,descriptive direction-wise interval; no multiplicity adjustment
strong_1nn_minus_hann_ifft,hann_ifft,strong_1nn,top1,9,30.0,270.0,20,0.0071428571428571504,-0.12857142857142856,0.15,2,3,15,descriptive direction-wise interval; no multiplicity adjustment
strong_1nn_minus_hann_ifft,hann_ifft,strong_1nn,top1,10,30.0,300.0,20,0.17142857142857143,-0.007142857142857129,0.35714285714285715,6,1,13,descriptive direction-wise interval; no multiplicity adjustment
strong_1nn_minus_hann_ifft,hann_ifft,strong_1nn,top1,11,30.0,330.0,20,0.22142857142857145,0.0642857142857143,0.41428571428571426,7,0,13,descriptive direction-wise interval; no multiplicity adjustment
strong_1nn_minus_hann_ifft,hann_ifft,strong_1nn,top1,12,60.0,0.0,20,0.17857142857142855,1.1102230246251566e-17,0.3642857142857143,6,1,13,descriptive direction-wise interval; no multiplicity adjustment
strong_1nn_minus_hann_ifft,hann_ifft,strong_1nn,top1,13,60.0,30.0,20,0.20714285714285716,-0.01428571428571428,0.4142857142857143,11,4,5,descriptive direction-wise interval; no multiplicity adjustment
strong_1nn_minus_hann_ifft,hann_ifft,strong_1nn,top1,14,60.0,60.0,20,0.06428571428571428,-0.06428571428571428,0.20714285714285713,6,3,11,descriptive direction-wise interval; no multiplicity adjustment
strong_1nn_minus_hann_ifft,hann_ifft,strong_1nn,top1,15,60.0,90.0,20,0.2571428571428572,0.1,0.4357142857142858,7,0,13,descriptive direction-wise interval; no multiplicity adjustment
strong_1nn_minus_hann_ifft,hann_ifft,strong_1nn,top1,16,60.0,120.0,20,0.1285714285714286,-0.021428571428571425,0.3071428571428571,4,2,14,descriptive direction-wise interval; no multiplicity adjustment
strong_1nn_minus_hann_ifft,hann_ifft,strong_1nn,top1,17,60.0,150.0,20,0.23571428571428568,0.04285714285714286,0.4428571428571428,9,3,8,descriptive direction-wise interval; no multiplicity adjustment
strong_1nn_minus_hann_ifft,hann_ifft,strong_1nn,top1,18,60.0,180.0,20,0.24285714285714288,0.07857142857142858,0.4214285714285714,9,1,10,descriptive direction-wise interval; no multiplicity adjustment
strong_1nn_minus_hann_ifft,hann_ifft,strong_1nn,top1,19,60.0,210.0,20,0.23571428571428568,0.1,0.3857142857142856,9,1,10,descriptive direction-wise interval; no multiplicity adjustment
strong_1nn_minus_hann_ifft,hann_ifft,strong_1nn,top1,20,60.0,240.0,20,0.12142857142857144,-0.03571428571428571,0.27142857142857146,8,2,10,descriptive direction-wise interval; no multiplicity adjustment
strong_1nn_minus_hann_ifft,hann_ifft,strong_1nn,top1,21,60.0,270.0,20,0.21428571428571427,0.07142857142857142,0.37857142857142856,6,0,14,descriptive direction-wise interval; no multiplicity adjustment
strong_1nn_minus_hann_ifft,hann_ifft,strong_1nn,top1,22,60.0,300.0,20,0.05714285714285714,-0.07857142857142857,0.2,4,3,13,descriptive direction-wise interval; no multiplicity adjustment
strong_1nn_minus_hann_ifft,hann_ifft,strong_1nn,top1,23,60.0,330.0,20,0.2571428571428571,0.05714285714285716,0.4428571428571429,12,1,7,descriptive direction-wise interval; no multiplicity adjustment
strong_1nn_minus_hann_ifft,hann_ifft,strong_1nn,top1,24,90.0,0.0,20,0.13571428571428573,-0.09285714285714283,0.3571428571428572,9,6,5,descriptive direction-wise interval; no multiplicity adjustment
strong_1nn_minus_hann_ifft,hann_ifft,strong_1nn,top1,25,90.0,30.0,20,-0.014285714285714258,-0.2642857142857143,0.24285714285714283,6,9,5,descriptive direction-wise interval; no multiplicity adjustment
strong_1nn_minus_hann_ifft,hann_ifft,strong_1nn,top1,26,90.0,60.0,20,0.035714285714285726,-0.16428571428571426,0.2285714285714286,6,6,8,descriptive direction-wise interval; no multiplicity adjustment
strong_1nn_minus_hann_ifft,hann_ifft,strong_1nn,top1,27,90.0,90.0,20,0.17857142857142855,-0.08571428571428566,0.42142857142857143,13,6,1,descriptive direction-wise interval; no multiplicity adjustment
strong_1nn_minus_hann_ifft,hann_ifft,strong_1nn,top1,28,90.0,120.0,20,-0.09285714285714283,-0.3071428571428571,0.11428571428571428,7,7,6,descriptive direction-wise interval; no multiplicity adjustment
strong_1nn_minus_hann_ifft,hann_ifft,strong_1nn,top1,29,90.0,150.0,20,0.10000000000000005,-0.1214285714285714,0.3285714285714286,8,8,4,descriptive direction-wise interval; no multiplicity adjustment
strong_1nn_minus_hann_ifft,hann_ifft,strong_1nn,top1,30,90.0,180.0,20,-0.2785714285714286,-0.45714285714285713,-0.08571428571428572,3,13,4,descriptive direction-wise interval; no multiplicity adjustment
strong_1nn_minus_hann_ifft,hann_ifft,strong_1nn,top1,31,90.0,210.0,20,-0.09285714285714286,-0.3,0.13571428571428573,5,11,4,descriptive direction-wise interval; no multiplicity adjustment
strong_1nn_minus_hann_ifft,hann_ifft,strong_1nn,top1,32,90.0,240.0,20,0.03571428571428572,-0.12142857142857137,0.19285714285714287,6,7,7,descriptive direction-wise interval; no multiplicity adjustment
strong_1nn_minus_hann_ifft,hann_ifft,strong_1nn,top1,33,90.0,270.0,20,0.042857142857142864,-0.12857142857142853,0.20714285714285716,7,4,9,descriptive direction-wise interval; no multiplicity adjustment
strong_1nn_minus_hann_ifft,hann_ifft,strong_1nn,top1,34,90.0,300.0,20,-0.02142857142857143,-0.2,0.1642857142857143,7,10,3,descriptive direction-wise interval; no multiplicity adjustment
strong_1nn_minus_hann_ifft,hann_ifft,strong_1nn,top1,35,90.0,330.0,20,5.551115123125783e-18,-0.21428571428571427,0.22857142857142856,6,8,6,descriptive direction-wise interval; no multiplicity adjustment
strong_1nn_minus_hann_ifft,hann_ifft,strong_1nn,top1,36,120.0,0.0,20,0.20714285714285713,0.05,0.3785714285714286,7,1,12,descriptive direction-wise interval; no multiplicity adjustment
strong_1nn_minus_hann_ifft,hann_ifft,strong_1nn,top1,37,120.0,30.0,20,0.05000000000000001,-0.14285714285714285,0.24285714285714288,6,4,10,descriptive direction-wise interval; no multiplicity adjustment
strong_1nn_minus_hann_ifft,hann_ifft,strong_1nn,top1,38,120.0,60.0,20,0.007142857142857145,-0.10714285714285714,0.1,3,1,16,descriptive direction-wise interval; no multiplicity adjustment
strong_1nn_minus_hann_ifft,hann_ifft,strong_1nn,top1,39,120.0,90.0,20,0.21428571428571427,0.05,0.4,6,2,12,descriptive direction-wise interval; no multiplicity adjustment
strong_1nn_minus_hann_ifft,hann_ifft,strong_1nn,top1,40,120.0,120.0,20,0.05714285714285714,-0.04285714285714286,0.18571428571428572,2,1,17,descriptive direction-wise interval; no multiplicity adjustment
strong_1nn_minus_hann_ifft,hann_ifft,strong_1nn,top1,41,120.0,150.0,20,0.25,0.04285714285714287,0.45,12,3,5,descriptive direction-wise interval; no multiplicity adjustment
strong_1nn_minus_hann_ifft,hann_ifft,strong_1nn,top1,42,120.0,180.0,20,0.2642857142857143,0.1,0.45,10,2,8,descriptive direction-wise interval; no multiplicity adjustment
strong_1nn_minus_hann_ifft,hann_ifft,strong_1nn,top1,43,120.0,210.0,20,0.18571428571428572,-0.03571428571428571,0.4071428571428572,9,5,6,descriptive direction-wise interval; no multiplicity adjustment
strong_1nn_minus_hann_ifft,hann_ifft,strong_1nn,top1,44,120.0,240.0,20,0.07857142857142856,-0.05,0.21428571428571425,6,3,11,descriptive direction-wise interval; no multiplicity adjustment
strong_1nn_minus_hann_ifft,hann_ifft,strong_1nn,top1,45,120.0,270.0,20,0.16428571428571428,-0.049999999999999975,0.37857142857142856,6,2,12,descriptive direction-wise interval; no multiplicity adjustment
strong_1nn_minus_hann_ifft,hann_ifft,strong_1nn,top1,46,120.0,300.0,20,0.2,0.04285714285714286,0.3785714285714286,6,1,13,descriptive direction-wise interval; no multiplicity adjustment
strong_1nn_minus_hann_ifft,hann_ifft,strong_1nn,top1,47,120.0,330.0,20,0.2785714285714286,0.12857142857142856,0.45,11,1,8,descriptive direction-wise interval; no multiplicity adjustment
strong_1nn_minus_hann_ifft,hann_ifft,strong_1nn,top1,48,150.0,0.0,20,0.14285714285714285,-0.02857142857142856,0.32857142857142857,5,1,14,descriptive direction-wise interval; no multiplicity adjustment
strong_1nn_minus_hann_ifft,hann_ifft,strong_1nn,top1,49,150.0,30.0,20,0.08571428571428572,-0.0573214285714276,0.24285714285714288,5,3,12,descriptive direction-wise interval; no multiplicity adjustment
strong_1nn_minus_hann_ifft,hann_ifft,strong_1nn,top1,50,150.0,60.0,20,0.11428571428571428,0.014285714285714285,0.24285714285714288,4,1,15,descriptive direction-wise interval; no multiplicity adjustment
strong_1nn_minus_hann_ifft,hann_ifft,strong_1nn,top1,51,150.0,90.0,20,0.07142857142857144,-0.007142857142857143,0.19285714285714287,3,1,16,descriptive direction-wise interval; no multiplicity adjustment
strong_1nn_minus_hann_ifft,hann_ifft,strong_1nn,top1,52,150.0,120.0,20,0.04285714285714286,-0.04999999999999999,0.15,3,2,15,descriptive direction-wise interval; no multiplicity adjustment
strong_1nn_minus_hann_ifft,hann_ifft,strong_1nn,top1,53,150.0,150.0,20,0.1642857142857143,5.551115123125783e-18,0.35,6,2,12,descriptive direction-wise interval; no multiplicity adjustment
strong_1nn_minus_hann_ifft,hann_ifft,strong_1nn,top1,54,150.0,180.0,20,0.2285714285714286,0.08571428571428572,0.3928571428571429,8,1,11,descriptive direction-wise interval; no multiplicity adjustment
strong_1nn_minus_hann_ifft,hann_ifft,strong_1nn,top1,55,150.0,210.0,20,0.15,0.007142857142857143,0.32142857142857145,4,2,14,descriptive direction-wise interval; no multiplicity adjustment
strong_1nn_minus_hann_ifft,hann_ifft,strong_1nn,top1,56,150.0,240.0,20,0.02142857142857143,-0.1,0.15,3,3,14,descriptive direction-wise interval; no multiplicity adjustment
strong_1nn_minus_hann_ifft,hann_ifft,strong_1nn,top1,57,150.0,270.0,20,0.17857142857142858,0.021428571428571443,0.36428571428571427,6,2,12,descriptive direction-wise interval; no multiplicity adjustment
strong_1nn_minus_hann_ifft,hann_ifft,strong_1nn,top1,58,150.0,300.0,20,0.08571428571428572,-0.11428571428571428,0.28571428571428575,5,2,13,descriptive direction-wise interval; no multiplicity adjustment
strong_1nn_minus_hann_ifft,hann_ifft,strong_1nn,top1,59,150.0,330.0,20,0.09285714285714286,-0.014285714285714285,0.25,2,1,17,descriptive direction-wise interval; no multiplicity adjustment
strong_1nn_minus_hann_ifft,hann_ifft,strong_1nn,tail_gt90,0,30.0,0.0,20,-0.04285714285714286,-0.12857142857142856,0.0,0,1,19,descriptive direction-wise interval; no multiplicity adjustment
strong_1nn_minus_hann_ifft,hann_ifft,strong_1nn,tail_gt90,1,30.0,30.0,20,-0.05714285714285714,-0.17142857142857143,0.07857142857142857,1,5,14,descriptive direction-wise interval; no multiplicity adjustment
strong_1nn_minus_hann_ifft,hann_ifft,strong_1nn,tail_gt90,2,30.0,60.0,20,-0.17142857142857143,-0.34285714285714286,-0.02857142857142857,0,5,15,descriptive direction-wise interval; no multiplicity adjustment
strong_1nn_minus_hann_ifft,hann_ifft,strong_1nn,tail_gt90,3,30.0,90.0,20,-0.05714285714285713,-0.19285714285714284,0.07857142857142858,2,6,12,descriptive direction-wise interval; no multiplicity adjustment
strong_1nn_minus_hann_ifft,hann_ifft,strong_1nn,tail_gt90,4,30.0,120.0,20,0.0,-0.08571428571428572,0.08571428571428572,2,2,16,descriptive direction-wise interval; no multiplicity adjustment
strong_1nn_minus_hann_ifft,hann_ifft,strong_1nn,tail_gt90,5,30.0,150.0,20,-0.2571428571428571,-0.4428571428571428,-0.09285714285714286,0,6,14,descriptive direction-wise interval; no multiplicity adjustment
strong_1nn_minus_hann_ifft,hann_ifft,strong_1nn,tail_gt90,6,30.0,180.0,20,0.04285714285714286,-0.10714285714285714,0.2,2,1,17,descriptive direction-wise interval; no multiplicity adjustment
strong_1nn_minus_hann_ifft,hann_ifft,strong_1nn,tail_gt90,7,30.0,210.0,20,-0.05714285714285714,-0.16428571428571428,0.03571428571428571,1,4,15,descriptive direction-wise interval; no multiplicity adjustment
strong_1nn_minus_hann_ifft,hann_ifft,strong_1nn,tail_gt90,8,30.0,240.0,20,-0.10714285714285714,-0.24285714285714288,0.007142857142857148,1,6,13,descriptive direction-wise interval; no multiplicity adjustment
strong_1nn_minus_hann_ifft,hann_ifft,strong_1nn,tail_gt90,9,30.0,270.0,20,0.007142857142857143,-0.09285714285714286,0.10714285714285714,2,2,16,descriptive direction-wise interval; no multiplicity adjustment
strong_1nn_minus_hann_ifft,hann_ifft,strong_1nn,tail_gt90,10,30.0,300.0,20,-0.03571428571428571,-0.15,0.09285714285714286,1,4,15,descriptive direction-wise interval; no multiplicity adjustment
strong_1nn_minus_hann_ifft,hann_ifft,strong_1nn,tail_gt90,11,30.0,330.0,20,-0.22142857142857145,-0.4,-0.05,0,5,15,descriptive direction-wise interval; no multiplicity adjustment
strong_1nn_minus_hann_ifft,hann_ifft,strong_1nn,tail_gt90,12,60.0,0.0,20,-0.007142857142857143,-0.10714285714285712,0.12142857142857144,1,4,15,descriptive direction-wise interval; no multiplicity adjustment
strong_1nn_minus_hann_ifft,hann_ifft,strong_1nn,tail_gt90,13,60.0,30.0,20,-0.05714285714285713,-0.15,0.050000000000000024,2,7,11,descriptive direction-wise interval; no multiplicity adjustment
strong_1nn_minus_hann_ifft,hann_ifft,strong_1nn,tail_gt90,14,60.0,60.0,20,0.01428571428571429,-0.07857142857142856,0.10714285714285716,3,3,14,descriptive direction-wise interval; no multiplicity adjustment
strong_1nn_minus_hann_ifft,hann_ifft,strong_1nn,tail_gt90,15,60.0,90.0,20,-0.1714285714285714,-0.3142857142857143,-0.05,0,6,14,descriptive direction-wise interval; no multiplicity adjustment
strong_1nn_minus_hann_ifft,hann_ifft,strong_1nn,tail_gt90,16,60.0,120.0,20,-0.12142857142857144,-0.29285714285714287,0.03571428571428573,2,6,12,descriptive direction-wise interval; no multiplicity adjustment
strong_1nn_minus_hann_ifft,hann_ifft,strong_1nn,tail_gt90,17,60.0,150.0,20,-0.11428571428571428,-0.24999999999999994,2.7755575615628915e-18,2,5,13,descriptive direction-wise interval; no multiplicity adjustment
strong_1nn_minus_hann_ifft,hann_ifft,strong_1nn,tail_gt90,18,60.0,180.0,20,0.07142857142857142,-0.12857142857142856,0.27142857142857146,3,2,15,descriptive direction-wise interval; no multiplicity adjustment
strong_1nn_minus_hann_ifft,hann_ifft,strong_1nn,tail_gt90,19,60.0,210.0,20,-0.049999999999999996,-0.18571428571428572,0.07857142857142858,3,5,12,descriptive direction-wise interval; no multiplicity adjustment
strong_1nn_minus_hann_ifft,hann_ifft,strong_1nn,tail_gt90,20,60.0,240.0,20,-0.03571428571428571,-0.15714285714285714,0.09285714285714289,2,6,12,descriptive direction-wise interval; no multiplicity adjustment
strong_1nn_minus_hann_ifft,hann_ifft,strong_1nn,tail_gt90,21,60.0,270.0,20,-0.08571428571428572,-0.22857142857142856,0.04285714285714286,1,5,14,descriptive direction-wise interval; no multiplicity adjustment
strong_1nn_minus_hann_ifft,hann_ifft,strong_1nn,tail_gt90,22,60.0,300.0,20,-0.02142857142857142,-0.17857142857142855,0.13571428571428576,3,5,12,descriptive direction-wise interval; no multiplicity adjustment
strong_1nn_minus_hann_ifft,hann_ifft,strong_1nn,tail_gt90,23,60.0,330.0,20,-0.14285714285714285,-0.2571428571428571,-0.049999999999999996,0,7,13,descriptive direction-wise interval; no multiplicity adjustment
strong_1nn_minus_hann_ifft,hann_ifft,strong_1nn,tail_gt90,24,90.0,0.0,20,-0.35,-0.5857142857142857,-0.07857142857142858,5,15,0,descriptive direction-wise interval; no multiplicity adjustment
strong_1nn_minus_hann_ifft,hann_ifft,strong_1nn,tail_gt90,25,90.0,30.0,20,-0.2357142857142857,-0.43571428571428567,-0.02142857142857142,5,14,1,descriptive direction-wise interval; no multiplicity adjustment
strong_1nn_minus_hann_ifft,hann_ifft,strong_1nn,tail_gt90,26,90.0,60.0,20,-0.1714285714285714,-0.3499999999999999,0.02142857142857143,3,12,5,descriptive direction-wise interval; no multiplicity adjustment
strong_1nn_minus_hann_ifft,hann_ifft,strong_1nn,tail_gt90,27,90.0,90.0,20,-0.24999999999999994,-0.4642857142857143,1.1102230246251566e-17,4,15,1,descriptive direction-wise interval; no multiplicity adjustment
strong_1nn_minus_hann_ifft,hann_ifft,strong_1nn,tail_gt90,28,90.0,120.0,20,-0.3571428571428571,-0.5428571428571429,-0.14285714285714285,2,17,1,descriptive direction-wise interval; no multiplicity adjustment
strong_1nn_minus_hann_ifft,hann_ifft,strong_1nn,tail_gt90,29,90.0,150.0,20,-0.18571428571428567,-0.39285714285714285,0.02857142857142858,6,13,1,descriptive direction-wise interval; no multiplicity adjustment
strong_1nn_minus_hann_ifft,hann_ifft,strong_1nn,tail_gt90,30,90.0,180.0,20,0.007142857142857159,-0.19999999999999996,0.22142857142857147,7,11,2,descriptive direction-wise interval; no multiplicity adjustment
strong_1nn_minus_hann_ifft,hann_ifft,strong_1nn,tail_gt90,31,90.0,210.0,20,-0.16428571428571426,-0.34285714285714286,0.02857142857142859,4,12,4,descriptive direction-wise interval; no multiplicity adjustment
strong_1nn_minus_hann_ifft,hann_ifft,strong_1nn,tail_gt90,32,90.0,240.0,20,-0.0357142857142857,-0.2571428571428571,0.20714285714285716,6,11,3,descriptive direction-wise interval; no multiplicity adjustment
strong_1nn_minus_hann_ifft,hann_ifft,strong_1nn,tail_gt90,33,90.0,270.0,20,-0.2928571428571428,-0.43571428571428567,-0.1571428571428571,1,13,6,descriptive direction-wise interval; no multiplicity adjustment
strong_1nn_minus_hann_ifft,hann_ifft,strong_1nn,tail_gt90,34,90.0,300.0,20,-0.13571428571428568,-0.32857142857142857,0.08571428571428573,3,15,2,descriptive direction-wise interval; no multiplicity adjustment
strong_1nn_minus_hann_ifft,hann_ifft,strong_1nn,tail_gt90,35,90.0,330.0,20,-0.35,-0.5428571428571429,-0.1357142857142857,4,15,1,descriptive direction-wise interval; no multiplicity adjustment
strong_1nn_minus_hann_ifft,hann_ifft,strong_1nn,tail_gt90,36,120.0,0.0,20,-0.05714285714285714,-0.18571428571428572,0.04285714285714286,1,2,17,descriptive direction-wise interval; no multiplicity adjustment
strong_1nn_minus_hann_ifft,hann_ifft,strong_1nn,tail_gt90,37,120.0,30.0,20,0.05000000000000001,-0.07142857142857142,0.19285714285714287,3,3,14,descriptive direction-wise interval; no multiplicity adjustment
strong_1nn_minus_hann_ifft,hann_ifft,strong_1nn,tail_gt90,38,120.0,60.0,20,0.09285714285714286,-0.03571428571428571,0.2357142857142857,4,1,15,descriptive direction-wise interval; no multiplicity adjustment
strong_1nn_minus_hann_ifft,hann_ifft,strong_1nn,tail_gt90,39,120.0,90.0,20,-0.2214285714285714,-0.3857142857142857,-0.07857142857142857,0,7,13,descriptive direction-wise interval; no multiplicity adjustment
strong_1nn_minus_hann_ifft,hann_ifft,strong_1nn,tail_gt90,40,120.0,120.0,20,-0.09285714285714285,-0.2571428571428571,0.042857142857142864,3,4,13,descriptive direction-wise interval; no multiplicity adjustment
strong_1nn_minus_hann_ifft,hann_ifft,strong_1nn,tail_gt90,41,120.0,150.0,20,-0.08571428571428572,-0.19999999999999998,0.0071428571428571504,2,4,14,descriptive direction-wise interval; no multiplicity adjustment
strong_1nn_minus_hann_ifft,hann_ifft,strong_1nn,tail_gt90,42,120.0,180.0,20,-0.05,-0.21428571428571427,0.1,1,3,16,descriptive direction-wise interval; no multiplicity adjustment
strong_1nn_minus_hann_ifft,hann_ifft,strong_1nn,tail_gt90,43,120.0,210.0,20,-0.05714285714285713,-0.25,0.13571428571428573,3,6,11,descriptive direction-wise interval; no multiplicity adjustment
strong_1nn_minus_hann_ifft,hann_ifft,strong_1nn,tail_gt90,44,120.0,240.0,20,0.03571428571428571,-0.09999999999999998,0.1857142857142857,4,4,12,descriptive direction-wise interval; no multiplicity adjustment
strong_1nn_minus_hann_ifft,hann_ifft,strong_1nn,tail_gt90,45,120.0,270.0,20,-0.17857142857142858,-0.37857142857142856,0.014285714285714301,1,6,13,descriptive direction-wise interval; no multiplicity adjustment
strong_1nn_minus_hann_ifft,hann_ifft,strong_1nn,tail_gt90,46,120.0,300.0,20,-0.049999999999999996,-0.19285714285714287,0.07857142857142858,2,4,14,descriptive direction-wise interval; no multiplicity adjustment
strong_1nn_minus_hann_ifft,hann_ifft,strong_1nn,tail_gt90,47,120.0,330.0,20,-0.14285714285714285,-0.26428571428571423,-0.04285714285714286,0,7,13,descriptive direction-wise interval; no multiplicity adjustment
strong_1nn_minus_hann_ifft,hann_ifft,strong_1nn,tail_gt90,48,150.0,0.0,20,-0.02857142857142857,-0.08571428571428572,0.0,0,1,19,descriptive direction-wise interval; no multiplicity adjustment
strong_1nn_minus_hann_ifft,hann_ifft,strong_1nn,tail_gt90,49,150.0,30.0,20,-0.02857142857142857,-0.15714285714285714,0.11428571428571428,1,3,16,descriptive direction-wise interval; no multiplicity adjustment
strong_1nn_minus_hann_ifft,hann_ifft,strong_1nn,tail_gt90,50,150.0,60.0,20,-0.05,-0.24285714285714288,0.14285714285714285,2,5,13,descriptive direction-wise interval; no multiplicity adjustment
strong_1nn_minus_hann_ifft,hann_ifft,strong_1nn,tail_gt90,51,150.0,90.0,20,-0.16428571428571428,-0.3,-0.05,0,6,14,descriptive direction-wise interval; no multiplicity adjustment
strong_1nn_minus_hann_ifft,hann_ifft,strong_1nn,tail_gt90,52,150.0,120.0,20,0.007142857142857145,0.0,0.021428571428571436,1,0,19,descriptive direction-wise interval; no multiplicity adjustment
strong_1nn_minus_hann_ifft,hann_ifft,strong_1nn,tail_gt90,53,150.0,150.0,20,-0.09285714285714285,-0.25,0.06428571428571428,2,5,13,descriptive direction-wise interval; no multiplicity adjustment
strong_1nn_minus_hann_ifft,hann_ifft,strong_1nn,tail_gt90,54,150.0,180.0,20,-0.028571428571428564,-0.08571428571428572,0.01428571428571429,1,2,17,descriptive direction-wise interval; no multiplicity adjustment
strong_1nn_minus_hann_ifft,hann_ifft,strong_1nn,tail_gt90,55,150.0,210.0,20,-0.04285714285714285,-0.15714285714285714,0.02857142857142858,2,2,16,descriptive direction-wise interval; no multiplicity adjustment
strong_1nn_minus_hann_ifft,hann_ifft,strong_1nn,tail_gt90,56,150.0,240.0,20,0.028571428571428574,-0.04285714285714286,0.10714285714285716,3,2,15,descriptive direction-wise interval; no multiplicity adjustment
strong_1nn_minus_hann_ifft,hann_ifft,strong_1nn,tail_gt90,57,150.0,270.0,20,-0.06428571428571428,-0.21428571428571427,0.04285714285714286,2,2,16,descriptive direction-wise interval; no multiplicity adjustment
strong_1nn_minus_hann_ifft,hann_ifft,strong_1nn,tail_gt90,58,150.0,300.0,20,0.04285714285714286,-0.02142857142857143,0.15,1,1,18,descriptive direction-wise interval; no multiplicity adjustment
strong_1nn_minus_hann_ifft,hann_ifft,strong_1nn,tail_gt90,59,150.0,330.0,20,-0.1,-0.27142857142857146,0.05714285714285714,1,3,16,descriptive direction-wise interval; no multiplicity adjustment
strong_1nn_minus_hann_ifft,hann_ifft,strong_1nn,tail_ge150,0,30.0,0.0,20,-0.04285714285714286,-0.12857142857142856,0.0,0,1,19,descriptive direction-wise interval; no multiplicity adjustment
strong_1nn_minus_hann_ifft,hann_ifft,strong_1nn,tail_ge150,1,30.0,30.0,20,-0.02142857142857143,-0.04285714285714286,0.0,0,3,17,descriptive direction-wise interval; no multiplicity adjustment
strong_1nn_minus_hann_ifft,hann_ifft,strong_1nn,tail_ge150,2,30.0,60.0,20,-0.014285714285714282,-0.07142857142857142,0.05,1,3,16,descriptive direction-wise interval; no multiplicity adjustment
strong_1nn_minus_hann_ifft,hann_ifft,strong_1nn,tail_ge150,3,30.0,90.0,20,-0.07857142857142857,-0.16428571428571428,-0.007142857142857143,0,4,16,descriptive direction-wise interval; no multiplicity adjustment
strong_1nn_minus_hann_ifft,hann_ifft,strong_1nn,tail_ge150,4,30.0,120.0,20,-0.04285714285714286,-0.09999999999999999,0.0,0,3,17,descriptive direction-wise interval; no multiplicity adjustment
strong_1nn_minus_hann_ifft,hann_ifft,strong_1nn,tail_ge150,5,30.0,150.0,20,-0.014285714285714282,-0.07857142857142856,0.05000000000000001,1,3,16,descriptive direction-wise interval; no multiplicity adjustment
strong_1nn_minus_hann_ifft,hann_ifft,strong_1nn,tail_ge150,6,30.0,180.0,20,0.05714285714285714,-0.08571428571428572,0.20714285714285716,2,1,17,descriptive direction-wise interval; no multiplicity adjustment
strong_1nn_minus_hann_ifft,hann_ifft,strong_1nn,tail_ge150,7,30.0,210.0,20,0.014285714285714285,-0.05,0.1,1,2,17,descriptive direction-wise interval; no multiplicity adjustment
strong_1nn_minus_hann_ifft,hann_ifft,strong_1nn,tail_ge150,8,30.0,240.0,20,-0.01428571428571428,-0.12142857142857141,0.10000000000000002,2,4,14,descriptive direction-wise interval; no multiplicity adjustment
strong_1nn_minus_hann_ifft,hann_ifft,strong_1nn,tail_ge150,9,30.0,270.0,20,0.0,-0.08571428571428572,0.1,1,2,17,descriptive direction-wise interval; no multiplicity adjustment
strong_1nn_minus_hann_ifft,hann_ifft,strong_1nn,tail_ge150,10,30.0,300.0,20,-0.007142857142857134,-0.10714285714285712,0.10714285714285716,1,3,16,descriptive direction-wise interval; no multiplicity adjustment
strong_1nn_minus_hann_ifft,hann_ifft,strong_1nn,tail_ge150,11,30.0,330.0,20,-0.04285714285714286,-0.12142857142857141,0.0,0,2,18,descriptive direction-wise interval; no multiplicity adjustment
strong_1nn_minus_hann_ifft,hann_ifft,strong_1nn,tail_ge150,12,60.0,0.0,20,-0.07857142857142857,-0.2,0.0,0,3,17,descriptive direction-wise interval; no multiplicity adjustment
strong_1nn_minus_hann_ifft,hann_ifft,strong_1nn,tail_ge150,13,60.0,30.0,20,-0.007142857142857143,-0.02142857142857143,0.0,0,1,19,descriptive direction-wise interval; no multiplicity adjustment
strong_1nn_minus_hann_ifft,hann_ifft,strong_1nn,tail_ge150,14,60.0,60.0,20,-0.06428571428571428,-0.16428571428571428,0.0,0,3,17,descriptive direction-wise interval; no multiplicity adjustment
strong_1nn_minus_hann_ifft,hann_ifft,strong_1nn,tail_ge150,15,60.0,90.0,20,-0.12142857142857141,-0.25,-0.02857142857142857,0,5,15,descriptive direction-wise interval; no multiplicity adjustment
strong_1nn_minus_hann_ifft,hann_ifft,strong_1nn,tail_ge150,16,60.0,120.0,20,-0.02142857142857143,-0.04285714285714286,0.0,0,3,17,descriptive direction-wise interval; no multiplicity adjustment
strong_1nn_minus_hann_ifft,hann_ifft,strong_1nn,tail_ge150,17,60.0,150.0,20,-0.09285714285714285,-0.17142857142857143,-0.02857142857142857,0,6,14,descriptive direction-wise interval; no multiplicity adjustment
strong_1nn_minus_hann_ifft,hann_ifft,strong_1nn,tail_ge150,18,60.0,180.0,20,0.05,0.0,0.15,1,0,19,descriptive direction-wise interval; no multiplicity adjustment
strong_1nn_minus_hann_ifft,hann_ifft,strong_1nn,tail_ge150,19,60.0,210.0,20,-0.03571428571428571,-0.07142857142857142,-0.007142857142857143,0,4,16,descriptive direction-wise interval; no multiplicity adjustment
strong_1nn_minus_hann_ifft,hann_ifft,strong_1nn,tail_ge150,20,60.0,240.0,20,-0.06428571428571428,-0.15,0.0,0,3,17,descriptive direction-wise interval; no multiplicity adjustment
strong_1nn_minus_hann_ifft,hann_ifft,strong_1nn,tail_ge150,21,60.0,270.0,20,-0.05,-0.17857142857142855,0.09285714285714289,1,7,12,descriptive direction-wise interval; no multiplicity adjustment
strong_1nn_minus_hann_ifft,hann_ifft,strong_1nn,tail_ge150,22,60.0,300.0,20,-0.02857142857142857,-0.08571428571428572,0.0,0,1,19,descriptive direction-wise interval; no multiplicity adjustment
strong_1nn_minus_hann_ifft,hann_ifft,strong_1nn,tail_ge150,23,60.0,330.0,20,-0.05,-0.10714285714285714,-0.007142857142857143,0,4,16,descriptive direction-wise interval; no multiplicity adjustment
strong_1nn_minus_hann_ifft,hann_ifft,strong_1nn,tail_ge150,24,90.0,0.0,20,-0.36428571428571427,-0.5928571428571429,-0.1071428571428571,4,15,1,descriptive direction-wise interval; no multiplicity adjustment
strong_1nn_minus_hann_ifft,hann_ifft,strong_1nn,tail_ge150,25,90.0,30.0,20,-0.23571428571428568,-0.4214285714285714,-0.028571428571428564,2,14,4,descriptive direction-wise interval; no multiplicity adjustment
strong_1nn_minus_hann_ifft,hann_ifft,strong_1nn,tail_ge150,26,90.0,60.0,20,-0.2357142857142857,-0.3430357142857134,-0.1357142857142857,0,12,8,descriptive direction-wise interval; no multiplicity adjustment
strong_1nn_minus_hann_ifft,hann_ifft,strong_1nn,tail_ge150,27,90.0,90.0,20,-0.24999999999999994,-0.46428571428571425,-0.007142857142857106,4,15,1,descriptive direction-wise interval; no multiplicity adjustment
strong_1nn_minus_hann_ifft,hann_ifft,strong_1nn,tail_ge150,28,90.0,120.0,20,-0.26428571428571423,-0.38571428571428573,-0.1571428571428571,0,14,6,descriptive direction-wise interval; no multiplicity adjustment
strong_1nn_minus_hann_ifft,hann_ifft,strong_1nn,tail_ge150,29,90.0,150.0,20,-0.12857142857142853,-0.3214285714285714,0.08571428571428573,4,13,3,descriptive direction-wise interval; no multiplicity adjustment
strong_1nn_minus_hann_ifft,hann_ifft,strong_1nn,tail_ge150,30,90.0,180.0,20,-0.028571428571428546,-0.2571428571428571,0.20714285714285716,7,11,2,descriptive direction-wise interval; no multiplicity adjustment
strong_1nn_minus_hann_ifft,hann_ifft,strong_1nn,tail_ge150,31,90.0,210.0,20,-0.1785714285714285,-0.34285714285714286,0.007142857142857143,2,14,4,descriptive direction-wise interval; no multiplicity adjustment
strong_1nn_minus_hann_ifft,hann_ifft,strong_1nn,tail_ge150,32,90.0,240.0,20,-0.11428571428571425,-0.25,0.03571428571428572,1,9,10,descriptive direction-wise interval; no multiplicity adjustment
strong_1nn_minus_hann_ifft,hann_ifft,strong_1nn,tail_ge150,33,90.0,270.0,20,-0.2928571428571428,-0.43571428571428567,-0.1571428571428571,1,13,6,descriptive direction-wise interval; no multiplicity adjustment
strong_1nn_minus_hann_ifft,hann_ifft,strong_1nn,tail_ge150,34,90.0,300.0,20,-0.2571428571428572,-0.3642857142857142,-0.16428571428571426,0,15,5,descriptive direction-wise interval; no multiplicity adjustment
strong_1nn_minus_hann_ifft,hann_ifft,strong_1nn,tail_ge150,35,90.0,330.0,20,-0.20714285714285713,-0.39285714285714285,1.1102230246251566e-17,2,13,5,descriptive direction-wise interval; no multiplicity adjustment
strong_1nn_minus_hann_ifft,hann_ifft,strong_1nn,tail_ge150,36,120.0,0.0,20,-0.04285714285714286,-0.11428571428571428,0.0,0,2,18,descriptive direction-wise interval; no multiplicity adjustment
strong_1nn_minus_hann_ifft,hann_ifft,strong_1nn,tail_ge150,37,120.0,30.0,20,0.0,0.0,0.0,0,0,20,descriptive direction-wise interval; no multiplicity adjustment
strong_1nn_minus_hann_ifft,hann_ifft,strong_1nn,tail_ge150,38,120.0,60.0,20,-0.04285714285714286,-0.10714285714285714,0.0,0,3,17,descriptive direction-wise interval; no multiplicity adjustment
strong_1nn_minus_hann_ifft,hann_ifft,strong_1nn,tail_ge150,39,120.0,90.0,20,-0.1357142857142857,-0.2571428571428572,-0.04285714285714285,0,7,13,descriptive direction-wise interval; no multiplicity adjustment
strong_1nn_minus_hann_ifft,hann_ifft,strong_1nn,tail_ge150,40,120.0,120.0,20,0.0,0.0,0.0,0,0,20,descriptive direction-wise interval; no multiplicity adjustment
strong_1nn_minus_hann_ifft,hann_ifft,strong_1nn,tail_ge150,41,120.0,150.0,20,-0.04285714285714285,-0.08571428571428572,-0.007142857142857143,0,4,16,descriptive direction-wise interval; no multiplicity adjustment
strong_1nn_minus_hann_ifft,hann_ifft,strong_1nn,tail_ge150,42,120.0,180.0,20,0.05,0.0,0.15,1,0,19,descriptive direction-wise interval; no multiplicity adjustment
strong_1nn_minus_hann_ifft,hann_ifft,strong_1nn,tail_ge150,43,120.0,210.0,20,-0.02142857142857143,-0.04285714285714286,0.0,0,3,17,descriptive direction-wise interval; no multiplicity adjustment
strong_1nn_minus_hann_ifft,hann_ifft,strong_1nn,tail_ge150,44,120.0,240.0,20,-0.014285714285714285,-0.03571428571428571,0.0,0,2,18,descriptive direction-wise interval; no multiplicity adjustment
strong_1nn_minus_hann_ifft,hann_ifft,strong_1nn,tail_ge150,45,120.0,270.0,20,-0.1,-0.21428571428571427,-0.007142857142857143,0,4,16,descriptive direction-wise interval; no multiplicity adjustment
strong_1nn_minus_hann_ifft,hann_ifft,strong_1nn,tail_ge150,46,120.0,300.0,20,-0.05,-0.15,0.0,0,1,19,descriptive direction-wise interval; no multiplicity adjustment
strong_1nn_minus_hann_ifft,hann_ifft,strong_1nn,tail_ge150,47,120.0,330.0,20,-0.007142857142857143,-0.02142857142857143,0.0,0,1,19,descriptive direction-wise interval; no multiplicity adjustment
strong_1nn_minus_hann_ifft,hann_ifft,strong_1nn,tail_ge150,48,150.0,0.0,20,-0.02857142857142857,-0.08571428571428572,0.0,0,1,19,descriptive direction-wise interval; no multiplicity adjustment
strong_1nn_minus_hann_ifft,hann_ifft,strong_1nn,tail_ge150,49,150.0,30.0,20,0.007142857142857143,-0.08571428571428572,0.13571428571428573,1,3,16,descriptive direction-wise interval; no multiplicity adjustment
strong_1nn_minus_hann_ifft,hann_ifft,strong_1nn,tail_ge150,50,150.0,60.0,20,0.04285714285714286,-0.10714285714285712,0.21428571428571427,3,3,14,descriptive direction-wise interval; no multiplicity adjustment
strong_1nn_minus_hann_ifft,hann_ifft,strong_1nn,tail_ge150,51,150.0,90.0,20,-0.1357142857142857,-0.2571428571428571,-0.04285714285714286,0,5,15,descriptive direction-wise interval; no multiplicity adjustment
strong_1nn_minus_hann_ifft,hann_ifft,strong_1nn,tail_ge150,52,150.0,120.0,20,0.04285714285714286,0.0,0.1285714285714286,1,0,19,descriptive direction-wise interval; no multiplicity adjustment
strong_1nn_minus_hann_ifft,hann_ifft,strong_1nn,tail_ge150,53,150.0,150.0,20,0.007142857142857148,-0.07142857142857142,0.12142857142857144,1,3,16,descriptive direction-wise interval; no multiplicity adjustment
strong_1nn_minus_hann_ifft,hann_ifft,strong_1nn,tail_ge150,54,150.0,180.0,20,0.03571428571428571,-0.04285714285714286,0.15,1,1,18,descriptive direction-wise interval; no multiplicity adjustment
strong_1nn_minus_hann_ifft,hann_ifft,strong_1nn,tail_ge150,55,150.0,210.0,20,0.0642857142857143,-0.014285714285714285,0.18571428571428572,2,1,17,descriptive direction-wise interval; no multiplicity adjustment
strong_1nn_minus_hann_ifft,hann_ifft,strong_1nn,tail_ge150,56,150.0,240.0,20,0.014285714285714285,-0.07857142857142856,0.13571428571428573,1,2,17,descriptive direction-wise interval; no multiplicity adjustment
strong_1nn_minus_hann_ifft,hann_ifft,strong_1nn,tail_ge150,57,150.0,270.0,20,-0.00714285714285714,-0.15,0.1285714285714286,1,1,18,descriptive direction-wise interval; no multiplicity adjustment
strong_1nn_minus_hann_ifft,hann_ifft,strong_1nn,tail_ge150,58,150.0,300.0,20,0.04285714285714286,-0.02142857142857143,0.15,1,1,18,descriptive direction-wise interval; no multiplicity adjustment
strong_1nn_minus_hann_ifft,hann_ifft,strong_1nn,tail_ge150,59,150.0,330.0,20,-0.03571428571428572,-0.17142857142857143,0.11428571428571428,1,3,16,descriptive direction-wise interval; no multiplicity adjustment
strong_1nn_minus_hann_ifft,hann_ifft,strong_1nn,near_or_exact_antipodal_ge165,0,30.0,0.0,20,0.0,0.0,0.0,0,0,20,descriptive direction-wise interval; no multiplicity adjustment
strong_1nn_minus_hann_ifft,hann_ifft,strong_1nn,near_or_exact_antipodal_ge165,1,30.0,30.0,20,-0.014285714285714285,-0.03571428571428571,0.0,0,2,18,descriptive direction-wise interval; no multiplicity adjustment
strong_1nn_minus_hann_ifft,hann_ifft,strong_1nn,near_or_exact_antipodal_ge165,2,30.0,60.0,20,-0.04285714285714286,-0.11428571428571428,0.0,0,2,18,descriptive direction-wise interval; no multiplicity adjustment
strong_1nn_minus_hann_ifft,hann_ifft,strong_1nn,near_or_exact_antipodal_ge165,3,30.0,90.0,20,-0.05714285714285714,-0.12857142857142856,-0.007142857142857143,0,4,16,descriptive direction-wise interval; no multiplicity adjustment
strong_1nn_minus_hann_ifft,hann_ifft,strong_1nn,near_or_exact_antipodal_ge165,4,30.0,120.0,20,-0.02857142857142857,-0.07857142857142856,0.0,0,2,18,descriptive direction-wise interval; no multiplicity adjustment
strong_1nn_minus_hann_ifft,hann_ifft,strong_1nn,near_or_exact_antipodal_ge165,5,30.0,150.0,20,-0.03571428571428571,-0.1,0.0,0,2,18,descriptive direction-wise interval; no multiplicity adjustment
strong_1nn_minus_hann_ifft,hann_ifft,strong_1nn,near_or_exact_antipodal_ge165,6,30.0,180.0,20,0.05,0.0,0.15,1,0,19,descriptive direction-wise interval; no multiplicity adjustment
strong_1nn_minus_hann_ifft,hann_ifft,strong_1nn,near_or_exact_antipodal_ge165,7,30.0,210.0,20,-0.014285714285714285,-0.03571428571428571,0.0,0,2,18,descriptive direction-wise interval; no multiplicity adjustment
strong_1nn_minus_hann_ifft,hann_ifft,strong_1nn,near_or_exact_antipodal_ge165,8,30.0,240.0,20,-0.04285714285714285,-0.08571428571428572,-0.007142857142857143,0,4,16,descriptive direction-wise interval; no multiplicity adjustment
strong_1nn_minus_hann_ifft,hann_ifft,strong_1nn,near_or_exact_antipodal_ge165,9,30.0,270.0,20,0.007142857142857145,-0.08571428571428572,0.10714285714285714,1,1,18,descriptive direction-wise interval; no multiplicity adjustment
strong_1nn_minus_hann_ifft,hann_ifft,strong_1nn,near_or_exact_antipodal_ge165,10,30.0,300.0,20,-0.007142857142857143,-0.02142857142857143,0.0,0,1,19,descriptive direction-wise interval; no multiplicity adjustment
strong_1nn_minus_hann_ifft,hann_ifft,strong_1nn,near_or_exact_antipodal_ge165,11,30.0,330.0,20,0.0,0.0,0.0,0,0,20,descriptive direction-wise interval; no multiplicity adjustment
strong_1nn_minus_hann_ifft,hann_ifft,strong_1nn,near_or_exact_antipodal_ge165,12,60.0,0.0,20,-0.05,-0.15,0.0,0,1,19,descriptive direction-wise interval; no multiplicity adjustment
strong_1nn_minus_hann_ifft,hann_ifft,strong_1nn,near_or_exact_antipodal_ge165,13,60.0,30.0,20,-0.007142857142857143,-0.02142857142857143,0.0,0,1,19,descriptive direction-wise interval; no multiplicity adjustment
strong_1nn_minus_hann_ifft,hann_ifft,strong_1nn,near_or_exact_antipodal_ge165,14,60.0,60.0,20,-0.02142857142857143,-0.06428571428571428,0.0,0,1,19,descriptive direction-wise interval; no multiplicity adjustment
strong_1nn_minus_hann_ifft,hann_ifft,strong_1nn,near_or_exact_antipodal_ge165,15,60.0,90.0,20,-0.1,-0.22142857142857145,-0.014285714285714285,0,5,15,descriptive direction-wise interval; no multiplicity adjustment
strong_1nn_minus_hann_ifft,hann_ifft,strong_1nn,near_or_exact_antipodal_ge165,16,60.0,120.0,20,-0.007142857142857143,-0.02142857142857143,0.0,0,1,19,descriptive direction-wise interval; no multiplicity adjustment
strong_1nn_minus_hann_ifft,hann_ifft,strong_1nn,near_or_exact_antipodal_ge165,17,60.0,150.0,20,-0.07857142857142856,-0.1571428571428571,-0.014285714285714285,0,5,15,descriptive direction-wise interval; no multiplicity adjustment
strong_1nn_minus_hann_ifft,hann_ifft,strong_1nn,near_or_exact_antipodal_ge165,18,60.0,180.0,20,0.05,0.0,0.15,1,0,19,descriptive direction-wise interval; no multiplicity adjustment
strong_1nn_minus_hann_ifft,hann_ifft,strong_1nn,near_or_exact_antipodal_ge165,19,60.0,210.0,20,-0.03571428571428571,-0.07142857142857142,-0.007142857142857143,0,4,16,descriptive direction-wise interval; no multiplicity adjustment
strong_1nn_minus_hann_ifft,hann_ifft,strong_1nn,near_or_exact_antipodal_ge165,20,60.0,240.0,20,-0.007142857142857143,-0.02142857142857143,0.0,0,1,19,descriptive direction-wise interval; no multiplicity adjustment
strong_1nn_minus_hann_ifft,hann_ifft,strong_1nn,near_or_exact_antipodal_ge165,21,60.0,270.0,20,-0.07857142857142856,-0.17142857142857143,-0.014285714285714285,0,6,14,descriptive direction-wise interval; no multiplicity adjustment
strong_1nn_minus_hann_ifft,hann_ifft,strong_1nn,near_or_exact_antipodal_ge165,22,60.0,300.0,20,-0.02142857142857143,-0.06428571428571428,0.0,0,1,19,descriptive direction-wise interval; no multiplicity adjustment
strong_1nn_minus_hann_ifft,hann_ifft,strong_1nn,near_or_exact_antipodal_ge165,23,60.0,330.0,20,-0.05,-0.10714285714285714,-0.007142857142857143,0,4,16,descriptive direction-wise interval; no multiplicity adjustment
strong_1nn_minus_hann_ifft,hann_ifft,strong_1nn,near_or_exact_antipodal_ge165,24,90.0,0.0,20,-0.35714285714285715,-0.5571428571428572,-0.13571428571428568,2,15,3,descriptive direction-wise interval; no multiplicity adjustment
strong_1nn_minus_hann_ifft,hann_ifft,strong_1nn,near_or_exact_antipodal_ge165,25,90.0,30.0,20,-0.2785714285714286,-0.3928571428571429,-0.1714285714285714,0,14,6,descriptive direction-wise interval; no multiplicity adjustment
strong_1nn_minus_hann_ifft,hann_ifft,strong_1nn,near_or_exact_antipodal_ge165,26,90.0,60.0,20,-0.21428571428571427,-0.3285714285714285,-0.11428571428571428,0,11,9,descriptive direction-wise interval; no multiplicity adjustment
strong_1nn_minus_hann_ifft,hann_ifft,strong_1nn,near_or_exact_antipodal_ge165,27,90.0,90.0,20,-0.3428571428571428,-0.4999999999999999,-0.17142857142857143,1,15,4,descriptive direction-wise interval; no multiplicity adjustment
strong_1nn_minus_hann_ifft,hann_ifft,strong_1nn,near_or_exact_antipodal_ge165,28,90.0,120.0,20,-0.23571428571428568,-0.35,-0.1357142857142857,0,14,6,descriptive direction-wise interval; no multiplicity adjustment
strong_1nn_minus_hann_ifft,hann_ifft,strong_1nn,near_or_exact_antipodal_ge165,29,90.0,150.0,20,-0.19285714285714284,-0.3571428571428571,0.0,2,14,4,descriptive direction-wise interval; no multiplicity adjustment
strong_1nn_minus_hann_ifft,hann_ifft,strong_1nn,near_or_exact_antipodal_ge165,30,90.0,180.0,20,-0.19285714285714284,-0.35,-0.014285714285714273,2,13,5,descriptive direction-wise interval; no multiplicity adjustment
strong_1nn_minus_hann_ifft,hann_ifft,strong_1nn,near_or_exact_antipodal_ge165,31,90.0,210.0,20,-0.18571428571428564,-0.3142857142857142,-0.06428571428571428,1,10,9,descriptive direction-wise interval; no multiplicity adjustment
strong_1nn_minus_hann_ifft,hann_ifft,strong_1nn,near_or_exact_antipodal_ge165,32,90.0,240.0,20,-0.1357142857142857,-0.24285714285714283,-0.04999999999999999,0,8,12,descriptive direction-wise interval; no multiplicity adjustment
strong_1nn_minus_hann_ifft,hann_ifft,strong_1nn,near_or_exact_antipodal_ge165,33,90.0,270.0,20,-0.2928571428571428,-0.42142857142857143,-0.1714285714285714,0,13,7,descriptive direction-wise interval; no multiplicity adjustment
strong_1nn_minus_hann_ifft,hann_ifft,strong_1nn,near_or_exact_antipodal_ge165,34,90.0,300.0,20,-0.2571428571428572,-0.3571428571428572,-0.16428571428571423,0,15,5,descriptive direction-wise interval; no multiplicity adjustment
strong_1nn_minus_hann_ifft,hann_ifft,strong_1nn,near_or_exact_antipodal_ge165,35,90.0,330.0,20,-0.22857142857142856,-0.3785714285714285,-0.07142857142857142,1,12,7,descriptive direction-wise interval; no multiplicity adjustment
strong_1nn_minus_hann_ifft,hann_ifft,strong_1nn,near_or_exact_antipodal_ge165,36,120.0,0.0,20,0.0,0.0,0.0,0,0,20,descriptive direction-wise interval; no multiplicity adjustment
strong_1nn_minus_hann_ifft,hann_ifft,strong_1nn,near_or_exact_antipodal_ge165,37,120.0,30.0,20,0.0,0.0,0.0,0,0,20,descriptive direction-wise interval; no multiplicity adjustment
strong_1nn_minus_hann_ifft,hann_ifft,strong_1nn,near_or_exact_antipodal_ge165,38,120.0,60.0,20,-0.007142857142857143,-0.02142857142857143,0.0,0,1,19,descriptive direction-wise interval; no multiplicity adjustment
strong_1nn_minus_hann_ifft,hann_ifft,strong_1nn,near_or_exact_antipodal_ge165,39,120.0,90.0,20,-0.09285714285714285,-0.21428571428571427,-0.007142857142857143,0,4,16,descriptive direction-wise interval; no multiplicity adjustment
strong_1nn_minus_hann_ifft,hann_ifft,strong_1nn,near_or_exact_antipodal_ge165,40,120.0,120.0,20,0.0,0.0,0.0,0,0,20,descriptive direction-wise interval; no multiplicity adjustment
strong_1nn_minus_hann_ifft,hann_ifft,strong_1nn,near_or_exact_antipodal_ge165,41,120.0,150.0,20,-0.04285714285714285,-0.08571428571428572,-0.007142857142857143,0,4,16,descriptive direction-wise interval; no multiplicity adjustment
strong_1nn_minus_hann_ifft,hann_ifft,strong_1nn,near_or_exact_antipodal_ge165,42,120.0,180.0,20,0.05,0.0,0.15,1,0,19,descriptive direction-wise interval; no multiplicity adjustment
strong_1nn_minus_hann_ifft,hann_ifft,strong_1nn,near_or_exact_antipodal_ge165,43,120.0,210.0,20,-0.014285714285714285,-0.03571428571428571,0.0,0,2,18,descriptive direction-wise interval; no multiplicity adjustment
strong_1nn_minus_hann_ifft,hann_ifft,strong_1nn,near_or_exact_antipodal_ge165,44,120.0,240.0,20,0.0,0.0,0.0,0,0,20,descriptive direction-wise interval; no multiplicity adjustment
strong_1nn_minus_hann_ifft,hann_ifft,strong_1nn,near_or_exact_antipodal_ge165,45,120.0,270.0,20,-0.1,-0.21428571428571427,-0.007142857142857143,0,4,16,descriptive direction-wise interval; no multiplicity adjustment
strong_1nn_minus_hann_ifft,hann_ifft,strong_1nn,near_or_exact_antipodal_ge165,46,120.0,300.0,20,-0.05,-0.15,0.0,0,1,19,descriptive direction-wise interval; no multiplicity adjustment
strong_1nn_minus_hann_ifft,hann_ifft,strong_1nn,near_or_exact_antipodal_ge165,47,120.0,330.0,20,0.0,0.0,0.0,0,0,20,descriptive direction-wise interval; no multiplicity adjustment
strong_1nn_minus_hann_ifft,hann_ifft,strong_1nn,near_or_exact_antipodal_ge165,48,150.0,0.0,20,-0.02857142857142857,-0.08571428571428572,0.0,0,1,19,descriptive direction-wise interval; no multiplicity adjustment
strong_1nn_minus_hann_ifft,hann_ifft,strong_1nn,near_or_exact_antipodal_ge165,49,150.0,30.0,20,-0.02142857142857143,-0.05714285714285714,0.0,0,2,18,descriptive direction-wise interval; no multiplicity adjustment
strong_1nn_minus_hann_ifft,hann_ifft,strong_1nn,near_or_exact_antipodal_ge165,50,150.0,60.0,20,0.02857142857142857,-0.06428571428571428,0.15,1,1,18,descriptive direction-wise interval; no multiplicity adjustment
strong_1nn_minus_hann_ifft,hann_ifft,strong_1nn,near_or_exact_antipodal_ge165,51,150.0,90.0,20,-0.09999999999999999,-0.20714285714285713,-0.014285714285714285,0,4,16,descriptive direction-wise interval; no multiplicity adjustment
strong_1nn_minus_hann_ifft,hann_ifft,strong_1nn,near_or_exact_antipodal_ge165,52,150.0,120.0,20,-0.007142857142857143,-0.02142857142857143,0.0,0,1,19,descriptive direction-wise interval; no multiplicity adjustment
strong_1nn_minus_hann_ifft,hann_ifft,strong_1nn,near_or_exact_antipodal_ge165,53,150.0,150.0,20,-0.02142857142857143,-0.04285714285714286,0.0,0,3,17,descriptive direction-wise interval; no multiplicity adjustment
strong_1nn_minus_hann_ifft,hann_ifft,strong_1nn,near_or_exact_antipodal_ge165,54,150.0,180.0,20,0.05,0.0,0.15,1,0,19,descriptive direction-wise interval; no multiplicity adjustment
strong_1nn_minus_hann_ifft,hann_ifft,strong_1nn,near_or_exact_antipodal_ge165,55,150.0,210.0,20,-0.007142857142857143,-0.02142857142857143,0.0,0,1,19,descriptive direction-wise interval; no multiplicity adjustment
strong_1nn_minus_hann_ifft,hann_ifft,strong_1nn,near_or_exact_antipodal_ge165,56,150.0,240.0,20,-0.007142857142857143,-0.02142857142857143,0.0,0,1,19,descriptive direction-wise interval; no multiplicity adjustment
strong_1nn_minus_hann_ifft,hann_ifft,strong_1nn,near_or_exact_antipodal_ge165,57,150.0,270.0,20,-0.00714285714285714,-0.15,0.1285714285714286,1,1,18,descriptive direction-wise interval; no multiplicity adjustment
strong_1nn_minus_hann_ifft,hann_ifft,strong_1nn,near_or_exact_antipodal_ge165,58,150.0,300.0,20,0.0,0.0,0.0,0,0,20,descriptive direction-wise interval; no multiplicity adjustment
strong_1nn_minus_hann_ifft,hann_ifft,strong_1nn,near_or_exact_antipodal_ge165,59,150.0,330.0,20,-0.007142857142857143,-0.02142857142857143,0.0,0,1,19,descriptive direction-wise interval; no multiplicity adjustment
strong_1nn_minus_hann_ifft,hann_ifft,strong_1nn,exact_antipodal_180,0,30.0,0.0,20,0.0,0.0,0.0,0,0,20,descriptive direction-wise interval; no multiplicity adjustment
strong_1nn_minus_hann_ifft,hann_ifft,strong_1nn,exact_antipodal_180,1,30.0,30.0,20,0.0,0.0,0.0,0,0,20,descriptive direction-wise interval; no multiplicity adjustment
strong_1nn_minus_hann_ifft,hann_ifft,strong_1nn,exact_antipodal_180,2,30.0,60.0,20,0.0,0.0,0.0,0,0,20,descriptive direction-wise interval; no multiplicity adjustment
strong_1nn_minus_hann_ifft,hann_ifft,strong_1nn,exact_antipodal_180,3,30.0,90.0,20,-0.007142857142857143,-0.02142857142857143,0.0,0,1,19,descriptive direction-wise interval; no multiplicity adjustment
strong_1nn_minus_hann_ifft,hann_ifft,strong_1nn,exact_antipodal_180,4,30.0,120.0,20,-0.02857142857142857,-0.07857142857142856,0.0,0,2,18,descriptive direction-wise interval; no multiplicity adjustment
strong_1nn_minus_hann_ifft,hann_ifft,strong_1nn,exact_antipodal_180,5,30.0,150.0,20,-0.007142857142857143,-0.02142857142857143,0.0,0,1,19,descriptive direction-wise interval; no multiplicity adjustment
strong_1nn_minus_hann_ifft,hann_ifft,strong_1nn,exact_antipodal_180,6,30.0,180.0,20,0.0,0.0,0.0,0,0,20,descriptive direction-wise interval; no multiplicity adjustment
strong_1nn_minus_hann_ifft,hann_ifft,strong_1nn,exact_antipodal_180,7,30.0,210.0,20,0.0,0.0,0.0,0,0,20,descriptive direction-wise interval; no multiplicity adjustment
strong_1nn_minus_hann_ifft,hann_ifft,strong_1nn,exact_antipodal_180,8,30.0,240.0,20,0.0,0.0,0.0,0,0,20,descriptive direction-wise interval; no multiplicity adjustment
strong_1nn_minus_hann_ifft,hann_ifft,strong_1nn,exact_antipodal_180,9,30.0,270.0,20,-0.02857142857142857,-0.08571428571428572,0.0,0,1,19,descriptive direction-wise interval; no multiplicity adjustment
strong_1nn_minus_hann_ifft,hann_ifft,strong_1nn,exact_antipodal_180,10,30.0,300.0,20,0.0,0.0,0.0,0,0,20,descriptive direction-wise interval; no multiplicity adjustment
strong_1nn_minus_hann_ifft,hann_ifft,strong_1nn,exact_antipodal_180,11,30.0,330.0,20,0.0,0.0,0.0,0,0,20,descriptive direction-wise interval; no multiplicity adjustment
strong_1nn_minus_hann_ifft,hann_ifft,strong_1nn,exact_antipodal_180,12,60.0,0.0,20,-0.05,-0.15,0.0,0,1,19,descriptive direction-wise interval; no multiplicity adjustment
strong_1nn_minus_hann_ifft,hann_ifft,strong_1nn,exact_antipodal_180,13,60.0,30.0,20,-0.007142857142857143,-0.02142857142857143,0.0,0,1,19,descriptive direction-wise interval; no multiplicity adjustment
strong_1nn_minus_hann_ifft,hann_ifft,strong_1nn,exact_antipodal_180,14,60.0,60.0,20,-0.02142857142857143,-0.06428571428571428,0.0,0,1,19,descriptive direction-wise interval; no multiplicity adjustment
strong_1nn_minus_hann_ifft,hann_ifft,strong_1nn,exact_antipodal_180,15,60.0,90.0,20,-0.1,-0.22142857142857145,-0.014285714285714285,0,5,15,descriptive direction-wise interval; no multiplicity adjustment
strong_1nn_minus_hann_ifft,hann_ifft,strong_1nn,exact_antipodal_180,16,60.0,120.0,20,-0.007142857142857143,-0.02142857142857143,0.0,0,1,19,descriptive direction-wise interval; no multiplicity adjustment
strong_1nn_minus_hann_ifft,hann_ifft,strong_1nn,exact_antipodal_180,17,60.0,150.0,20,-0.07857142857142856,-0.1571428571428571,-0.014285714285714285,0,5,15,descriptive direction-wise interval; no multiplicity adjustment
strong_1nn_minus_hann_ifft,hann_ifft,strong_1nn,exact_antipodal_180,18,60.0,180.0,20,0.05,0.0,0.15,1,0,19,descriptive direction-wise interval; no multiplicity adjustment
strong_1nn_minus_hann_ifft,hann_ifft,strong_1nn,exact_antipodal_180,19,60.0,210.0,20,-0.03571428571428571,-0.07142857142857142,-0.007142857142857143,0,4,16,descriptive direction-wise interval; no multiplicity adjustment
strong_1nn_minus_hann_ifft,hann_ifft,strong_1nn,exact_antipodal_180,20,60.0,240.0,20,-0.007142857142857143,-0.02142857142857143,0.0,0,1,19,descriptive direction-wise interval; no multiplicity adjustment
strong_1nn_minus_hann_ifft,hann_ifft,strong_1nn,exact_antipodal_180,21,60.0,270.0,20,-0.07857142857142856,-0.17142857142857143,-0.014285714285714285,0,6,14,descriptive direction-wise interval; no multiplicity adjustment
strong_1nn_minus_hann_ifft,hann_ifft,strong_1nn,exact_antipodal_180,22,60.0,300.0,20,-0.02142857142857143,-0.06428571428571428,0.0,0,1,19,descriptive direction-wise interval; no multiplicity adjustment
strong_1nn_minus_hann_ifft,hann_ifft,strong_1nn,exact_antipodal_180,23,60.0,330.0,20,-0.05,-0.10714285714285714,-0.007142857142857143,0,4,16,descriptive direction-wise interval; no multiplicity adjustment
strong_1nn_minus_hann_ifft,hann_ifft,strong_1nn,exact_antipodal_180,24,90.0,0.0,20,-0.35714285714285715,-0.5571428571428572,-0.13571428571428568,2,15,3,descriptive direction-wise interval; no multiplicity adjustment
strong_1nn_minus_hann_ifft,hann_ifft,strong_1nn,exact_antipodal_180,25,90.0,30.0,20,-0.2785714285714286,-0.3928571428571429,-0.1714285714285714,0,14,6,descriptive direction-wise interval; no multiplicity adjustment
strong_1nn_minus_hann_ifft,hann_ifft,strong_1nn,exact_antipodal_180,26,90.0,60.0,20,-0.21428571428571427,-0.3285714285714285,-0.11428571428571428,0,11,9,descriptive direction-wise interval; no multiplicity adjustment
strong_1nn_minus_hann_ifft,hann_ifft,strong_1nn,exact_antipodal_180,27,90.0,90.0,20,-0.3428571428571428,-0.4999999999999999,-0.1714285714285714,1,15,4,descriptive direction-wise interval; no multiplicity adjustment
strong_1nn_minus_hann_ifft,hann_ifft,strong_1nn,exact_antipodal_180,28,90.0,120.0,20,-0.23571428571428568,-0.35,-0.13571428571428573,0,14,6,descriptive direction-wise interval; no multiplicity adjustment
strong_1nn_minus_hann_ifft,hann_ifft,strong_1nn,exact_antipodal_180,29,90.0,150.0,20,-0.19285714285714284,-0.3571428571428571,0.0,2,14,4,descriptive direction-wise interval; no multiplicity adjustment
strong_1nn_minus_hann_ifft,hann_ifft,strong_1nn,exact_antipodal_180,30,90.0,180.0,20,-0.19285714285714284,-0.35,-0.01428571428571428,2,13,5,descriptive direction-wise interval; no multiplicity adjustment
strong_1nn_minus_hann_ifft,hann_ifft,strong_1nn,exact_antipodal_180,31,90.0,210.0,20,-0.18571428571428564,-0.3142857142857143,-0.06428571428571427,1,10,9,descriptive direction-wise interval; no multiplicity adjustment
strong_1nn_minus_hann_ifft,hann_ifft,strong_1nn,exact_antipodal_180,32,90.0,240.0,20,-0.1357142857142857,-0.24285714285714283,-0.049999999999999996,0,8,12,descriptive direction-wise interval; no multiplicity adjustment
strong_1nn_minus_hann_ifft,hann_ifft,strong_1nn,exact_antipodal_180,33,90.0,270.0,20,-0.2928571428571428,-0.42142857142857143,-0.17142857142857143,0,13,7,descriptive direction-wise interval; no multiplicity adjustment
strong_1nn_minus_hann_ifft,hann_ifft,strong_1nn,exact_antipodal_180,34,90.0,300.0,20,-0.2571428571428572,-0.3571428571428572,-0.16428571428571423,0,15,5,descriptive direction-wise interval; no multiplicity adjustment
strong_1nn_minus_hann_ifft,hann_ifft,strong_1nn,exact_antipodal_180,35,90.0,330.0,20,-0.22857142857142856,-0.37142857142857144,-0.07142857142857142,1,12,7,descriptive direction-wise interval; no multiplicity adjustment
strong_1nn_minus_hann_ifft,hann_ifft,strong_1nn,exact_antipodal_180,36,120.0,0.0,20,0.0,0.0,0.0,0,0,20,descriptive direction-wise interval; no multiplicity adjustment
strong_1nn_minus_hann_ifft,hann_ifft,strong_1nn,exact_antipodal_180,37,120.0,30.0,20,0.0,0.0,0.0,0,0,20,descriptive direction-wise interval; no multiplicity adjustment
strong_1nn_minus_hann_ifft,hann_ifft,strong_1nn,exact_antipodal_180,38,120.0,60.0,20,-0.007142857142857143,-0.02142857142857143,0.0,0,1,19,descriptive direction-wise interval; no multiplicity adjustment
strong_1nn_minus_hann_ifft,hann_ifft,strong_1nn,exact_antipodal_180,39,120.0,90.0,20,-0.09285714285714285,-0.21428571428571427,-0.007142857142857143,0,4,16,descriptive direction-wise interval; no multiplicity adjustment
strong_1nn_minus_hann_ifft,hann_ifft,strong_1nn,exact_antipodal_180,40,120.0,120.0,20,0.0,0.0,0.0,0,0,20,descriptive direction-wise interval; no multiplicity adjustment
strong_1nn_minus_hann_ifft,hann_ifft,strong_1nn,exact_antipodal_180,41,120.0,150.0,20,-0.04285714285714285,-0.08571428571428572,-0.007142857142857143,0,4,16,descriptive direction-wise interval; no multiplicity adjustment
strong_1nn_minus_hann_ifft,hann_ifft,strong_1nn,exact_antipodal_180,42,120.0,180.0,20,0.05,0.0,0.15,1,0,19,descriptive direction-wise interval; no multiplicity adjustment
strong_1nn_minus_hann_ifft,hann_ifft,strong_1nn,exact_antipodal_180,43,120.0,210.0,20,-0.014285714285714285,-0.03571428571428571,0.0,0,2,18,descriptive direction-wise interval; no multiplicity adjustment
strong_1nn_minus_hann_ifft,hann_ifft,strong_1nn,exact_antipodal_180,44,120.0,240.0,20,0.0,0.0,0.0,0,0,20,descriptive direction-wise interval; no multiplicity adjustment
strong_1nn_minus_hann_ifft,hann_ifft,strong_1nn,exact_antipodal_180,45,120.0,270.0,20,-0.1,-0.21428571428571427,-0.007142857142857143,0,4,16,descriptive direction-wise interval; no multiplicity adjustment
strong_1nn_minus_hann_ifft,hann_ifft,strong_1nn,exact_antipodal_180,46,120.0,300.0,20,-0.05,-0.15,0.0,0,1,19,descriptive direction-wise interval; no multiplicity adjustment
strong_1nn_minus_hann_ifft,hann_ifft,strong_1nn,exact_antipodal_180,47,120.0,330.0,20,0.0,0.0,0.0,0,0,20,descriptive direction-wise interval; no multiplicity adjustment
strong_1nn_minus_hann_ifft,hann_ifft,strong_1nn,exact_antipodal_180,48,150.0,0.0,20,-0.02857142857142857,-0.08571428571428572,0.0,0,1,19,descriptive direction-wise interval; no multiplicity adjustment
strong_1nn_minus_hann_ifft,hann_ifft,strong_1nn,exact_antipodal_180,49,150.0,30.0,20,0.0,0.0,0.0,0,0,20,descriptive direction-wise interval; no multiplicity adjustment
strong_1nn_minus_hann_ifft,hann_ifft,strong_1nn,exact_antipodal_180,50,150.0,60.0,20,0.0,0.0,0.0,0,0,20,descriptive direction-wise interval; no multiplicity adjustment
strong_1nn_minus_hann_ifft,hann_ifft,strong_1nn,exact_antipodal_180,51,150.0,90.0,20,-0.0857142857142857,-0.19285714285714284,-0.007142857142857143,0,4,16,descriptive direction-wise interval; no multiplicity adjustment
strong_1nn_minus_hann_ifft,hann_ifft,strong_1nn,exact_antipodal_180,52,150.0,120.0,20,0.0,0.0,0.0,0,0,20,descriptive direction-wise interval; no multiplicity adjustment
strong_1nn_minus_hann_ifft,hann_ifft,strong_1nn,exact_antipodal_180,53,150.0,150.0,20,-0.007142857142857143,-0.02142857142857143,0.0,0,1,19,descriptive direction-wise interval; no multiplicity adjustment
strong_1nn_minus_hann_ifft,hann_ifft,strong_1nn,exact_antipodal_180,54,150.0,180.0,20,0.05,0.0,0.15,1,0,19,descriptive direction-wise interval; no multiplicity adjustment
strong_1nn_minus_hann_ifft,hann_ifft,strong_1nn,exact_antipodal_180,55,150.0,210.0,20,0.0,0.0,0.0,0,0,20,descriptive direction-wise interval; no multiplicity adjustment
strong_1nn_minus_hann_ifft,hann_ifft,strong_1nn,exact_antipodal_180,56,150.0,240.0,20,0.0,0.0,0.0,0,0,20,descriptive direction-wise interval; no multiplicity adjustment
strong_1nn_minus_hann_ifft,hann_ifft,strong_1nn,exact_antipodal_180,57,150.0,270.0,20,-0.00714285714285714,-0.15,0.1285714285714286,1,1,18,descriptive direction-wise interval; no multiplicity adjustment
strong_1nn_minus_hann_ifft,hann_ifft,strong_1nn,exact_antipodal_180,58,150.0,300.0,20,0.0,0.0,0.0,0,0,20,descriptive direction-wise interval; no multiplicity adjustment
strong_1nn_minus_hann_ifft,hann_ifft,strong_1nn,exact_antipodal_180,59,150.0,330.0,20,0.0,0.0,0.0,0,0,20,descriptive direction-wise interval; no multiplicity adjustment
